problem,instance,seed,k,prefix,size,f_S,penalty_S,dual_S,bound_S
directed_cut,email-Eu-core,0,1,0,0,0,0,333,333
directed_cut,email-Eu-core,0,1,1,1,333,211,224,768
directed_cut,email-Eu-core,0,20,0,0,0,0,3273,3273
directed_cut,email-Eu-core,0,20,1,1,333,211,3039,3583
directed_cut,email-Eu-core,0,20,2,2,557,331,2905,3793
directed_cut,email-Eu-core,0,20,3,3,775,487,2775,4037
directed_cut,email-Eu-core,0,20,4,4,974,655,2666,4295
directed_cut,email-Eu-core,0,20,5,5,1169,808,2565,4542
directed_cut,email-Eu-core,0,20,6,6,1352,986,2468,4806
directed_cut,email-Eu-core,0,20,7,7,1522,1046,2394,4962
directed_cut,email-Eu-core,0,20,8,8,1675,1169,2333,5177
directed_cut,email-Eu-core,0,20,9,9,1826,1319,2255,5400
directed_cut,email-Eu-core,0,20,10,10,1971,1430,2178,5579
directed_cut,email-Eu-core,0,20,11,11,2112,1572,2115,5799
directed_cut,email-Eu-core,0,20,12,12,2238,1689,2059,5986
directed_cut,email-Eu-core,0,20,13,13,2359,1776,2027,6162
directed_cut,email-Eu-core,0,20,14,14,2474,1823,1991,6288
directed_cut,email-Eu-core,0,20,15,15,2587,1961,1951,6499
directed_cut,email-Eu-core,0,20,16,16,2699,2046,1912,6657
directed_cut,email-Eu-core,0,20,17,17,2804,2172,1868,6844
directed_cut,email-Eu-core,0,20,18,18,2906,2264,1838,7008
directed_cut,email-Eu-core,0,20,19,19,3007,2357,1796,7160
directed_cut,email-Eu-core,0,20,20,20,3105,2465,1757,7327
directed_cut,email-Eu-core,0,40,0,0,0,0,5346,5346
directed_cut,email-Eu-core,0,40,1,1,333,211,5065,5609
directed_cut,email-Eu-core,0,40,2,2,557,331,4885,5773
directed_cut,email-Eu-core,0,40,3,3,775,487,4713,5975
directed_cut,email-Eu-core,0,40,4,4,974,655,4556,6185
directed_cut,email-Eu-core,0,40,5,5,1169,808,4417,6394
directed_cut,email-Eu-core,0,40,6,6,1352,986,4281,6619
directed_cut,email-Eu-core,0,40,7,7,1522,1046,4165,6733
directed_cut,email-Eu-core,0,40,8,8,1675,1169,4064,6908
directed_cut,email-Eu-core,0,40,9,9,1826,1319,3950,7095
directed_cut,email-Eu-core,0,40,10,10,1971,1430,3836,7237
directed_cut,email-Eu-core,0,40,11,11,2112,1572,3740,7424
directed_cut,email-Eu-core,0,40,12,12,2238,1689,3651,7578
directed_cut,email-Eu-core,0,40,13,13,2359,1776,3587,7722
directed_cut,email-Eu-core,0,40,14,14,2474,1823,3525,7822
directed_cut,email-Eu-core,0,40,15,15,2587,1961,3447,7995
directed_cut,email-Eu-core,0,40,16,16,2699,2046,3380,8125
directed_cut,email-Eu-core,0,40,17,17,2804,2172,3311,8287
directed_cut,email-Eu-core,0,40,18,18,2906,2264,3249,8419
directed_cut,email-Eu-core,0,40,19,19,3007,2357,3183,8547
directed_cut,email-Eu-core,0,40,20,20,3105,2465,3113,8683
directed_cut,email-Eu-core,0,40,21,21,3201,2600,3043,8844
directed_cut,email-Eu-core,0,40,22,22,3296,2698,2985,8979
directed_cut,email-Eu-core,0,40,23,23,3390,2806,2921,9117
directed_cut,email-Eu-core,0,40,24,24,3482,2815,2879,9176
directed_cut,email-Eu-core,0,40,25,25,3572,2925,2822,9319
directed_cut,email-Eu-core,0,40,26,26,3661,3014,2767,9442
directed_cut,email-Eu-core,0,40,27,27,3747,3128,2712,9587
directed_cut,email-Eu-core,0,40,28,28,3829,3224,2666,9719
directed_cut,email-Eu-core,0,40,29,29,3911,3330,2611,9852
directed_cut,email-Eu-core,0,40,30,30,3992,3433,2556,9981
directed_cut,email-Eu-core,0,40,31,31,4072,3512,2506,10090
directed_cut,email-Eu-core,0,40,32,32,4151,3541,2469,10161
directed_cut,email-Eu-core,0,40,33,33,4228,3602,2423,10253
directed_cut,email-Eu-core,0,40,34,34,4303,3662,2380,10345
directed_cut,email-Eu-core,0,40,35,35,4378,3771,2333,10482
directed_cut,email-Eu-core,0,40,36,36,4451,3852,2289,10592
directed_cut,email-Eu-core,0,40,37,37,4524,3947,2239,10710
directed_cut,email-Eu-core,0,40,38,38,4594,4032,2202,10828
directed_cut,email-Eu-core,0,40,39,39,4664,4147,2160,10971
directed_cut,email-Eu-core,0,40,40,40,4733,4229,2119,11081
directed_cut,email-Eu-core,0,60,0,0,0,0,6813,6813
directed_cut,email-Eu-core,0,60,1,1,333,211,6501,7045
directed_cut,email-Eu-core,0,60,2,2,557,331,6297,7185
directed_cut,email-Eu-core,0,60,3,3,775,487,6099,7361
directed_cut,email-Eu-core,0,60,4,4,974,655,5914,7543
directed_cut,email-Eu-core,0,60,5,5,1169,808,5743,7720
directed_cut,email-Eu-core,0,60,6,6,1352,986,5580,7918
directed_cut,email-Eu-core,0,60,7,7,1522,1046,5443,8011
directed_cut,email-Eu-core,0,60,8,8,1675,1169,5316,8160
directed_cut,email-Eu-core,0,60,9,9,1826,1319,5174,8319
directed_cut,email-Eu-core,0,60,10,10,1971,1430,5040,8441
directed_cut,email-Eu-core,0,60,11,11,2112,1572,4917,8601
directed_cut,email-Eu-core,0,60,12,12,2238,1689,4808,8735
directed_cut,email-Eu-core,0,60,13,13,2359,1776,4715,8850
directed_cut,email-Eu-core,0,60,14,14,2474,1823,4637,8934
directed_cut,email-Eu-core,0,60,15,15,2587,1961,4535,9083
directed_cut,email-Eu-core,0,60,16,16,2699,2046,4449,9194
directed_cut,email-Eu-core,0,60,17,17,2804,2172,4359,9335
directed_cut,email-Eu-core,0,60,18,18,2906,2264,4282,9452
directed_cut,email-Eu-core,0,60,19,19,3007,2357,4201,9565
directed_cut,email-Eu-core,0,60,20,20,3105,2465,4115,9685
directed_cut,email-Eu-core,0,60,21,21,3201,2600,4025,9826
directed_cut,email-Eu-core,0,60,22,22,3296,2698,3951,9945
directed_cut,email-Eu-core,0,60,23,23,3390,2806,3871,10067
directed_cut,email-Eu-core,0,60,24,24,3482,2815,3813,10110
directed_cut,email-Eu-core,0,60,25,25,3572,2925,3746,10243
directed_cut,email-Eu-core,0,60,26,26,3661,3014,3677,10352
directed_cut,email-Eu-core,0,60,27,27,3747,3128,3606,10481
directed_cut,email-Eu-core,0,60,28,28,3829,3224,3542,10595
directed_cut,email-Eu-core,0,60,29,29,3911,3330,3476,10717
directed_cut,email-Eu-core,0,60,30,30,3992,3433,3405,10830
directed_cut,email-Eu-core,0,60,31,31,4072,3512,3345,10929
directed_cut,email-Eu-core,0,60,32,32,4151,3541,3295,10987
directed_cut,email-Eu-core,0,60,33,33,4228,3602,3237,11067
directed_cut,email-Eu-core,0,60,34,34,4303,3662,3180,11145
directed_cut,email-Eu-core,0,60,35,35,4378,3771,3121,11270
directed_cut,email-Eu-core,0,60,36,36,4451,3852,3059,11362
directed_cut,email-Eu-core,0,60,37,37,4524,3947,2998,11469
directed_cut,email-Eu-core,0,60,38,38,4594,4032,2946,11572
directed_cut,email-Eu-core,0,60,39,39,4664,4147,2892,11703
directed_cut,email-Eu-core,0,60,40,40,4733,4229,2839,11801
directed_cut,email-Eu-core,0,60,41,41,4801,4270,2796,11867
directed_cut,email-Eu-core,0,60,42,42,4867,4309,2751,11927
directed_cut,email-Eu-core,0,60,43,43,4931,4382,2702,12015
directed_cut,email-Eu-core,0,60,44,44,4993,4458,2651,12102
directed_cut,email-Eu-core,0,60,45,45,5053,4511,2606,12170
directed_cut,email-Eu-core,0,60,46,46,5113,4602,2555,12270
directed_cut,email-Eu-core,0,60,47,47,5173,4673,2508,12354
directed_cut,email-Eu-core,0,60,48,48,5231,4775,2456,12462
directed_cut,email-Eu-core,0,60,49,49,5289,4829,2411,12529
directed_cut,email-Eu-core,0,60,50,50,5346,4883,2365,12594
directed_cut,email-Eu-core,0,60,51,51,5402,4911,2328,12641
directed_cut,email-Eu-core,0,60,52,52,5457,4959,2293,12709
directed_cut,email-Eu-core,0,60,53,53,5511,5011,2253,12775
directed_cut,email-Eu-core,0,60,54,54,5564,5072,2217,12853
directed_cut,email-Eu-core,0,60,55,55,5616,5115,2183,12914
directed_cut,email-Eu-core,0,60,56,56,5667,5189,2143,12999
directed_cut,email-Eu-core,0,60,57,57,5716,5237,2108,13061
directed_cut,email-Eu-core,0,60,58,58,5764,5356,2062,13182
directed_cut,email-Eu-core,0,60,59,59,5812,5431,2023,13266
directed_cut,email-Eu-core,0,60,60,60,5857,5506,1990,13353
directed_cut,email-Eu-core,0,80,0,0,0,0,7880,7880
directed_cut,email-Eu-core,0,80,1,1,333,211,7541,8085
directed_cut,email-Eu-core,0,80,2,2,557,331,7321,8209
directed_cut,email-Eu-core,0,80,3,3,775,487,7106,8368
directed_cut,email-Eu-core,0,80,4,4,974,655,6903,8532
directed_cut,email-Eu-core,0,80,5,5,1169,808,6717,8694
directed_cut,email-Eu-core,0,80,6,6,1352,986,6535,8873
directed_cut,email-Eu-core,0,80,7,7,1522,1046,6386,8954
directed_cut,email-Eu-core,0,80,8,8,1675,1169,6246,9090
directed_cut,email-Eu-core,0,80,9,9,1826,1319,6087,9232
directed_cut,email-Eu-core,0,80,10,10,1971,1430,5942,9343
directed_cut,email-Eu-core,0,80,11,11,2112,1572,5802,9486
directed_cut,email-Eu-core,0,80,12,12,2238,1689,5680,9607
directed_cut,email-Eu-core,0,80,13,13,2359,1776,5578,9713
directed_cut,email-Eu-core,0,80,14,14,2474,1823,5487,9784
directed_cut,email-Eu-core,0,80,15,15,2587,1961,5375,9923
directed_cut,email-Eu-core,0,80,16,16,2699,2046,5279,10024
directed_cut,email-Eu-core,0,80,17,17,2804,2172,5178,10154
directed_cut,email-Eu-core,0,80,18,18,2906,2264,5085,10255
directed_cut,email-Eu-core,0,80,19,19,3007,2357,4995,10359
directed_cut,email-Eu-core,0,80,20,20,3105,2465,4894,10464
directed_cut,email-Eu-core,0,80,21,21,3201,2600,4794,10595
directed_cut,email-Eu-core,0,80,22,22,3296,2698,4708,10702
directed_cut,email-Eu-core,0,80,23,23,3390,2806,4617,10813
directed_cut,email-Eu-core,0,80,24,24,3482,2815,4550,10847
directed_cut,email-Eu-core,0,80,25,25,3572,2925,4472,10969
directed_cut,email-Eu-core,0,80,26,26,3661,3014,4390,11065
directed_cut,email-Eu-core,0,80,27,27,3747,3128,4307,11182
directed_cut,email-Eu-core,0,80,28,28,3829,3224,4230,11283
directed_cut,email-Eu-core,0,80,29,29,3911,3330,4153,11394
directed_cut,email-Eu-core,0,80,30,30,3992,3433,4072,11497
directed_cut,email-Eu-core,0,80,31,31,4072,3512,4002,11586
directed_cut,email-Eu-core,0,80,32,32,4151,3541,3942,11634
directed_cut,email-Eu-core,0,80,33,33,4228,3602,3873,11703
directed_cut,email-Eu-core,0,80,34,34,4303,3662,3808,11773
directed_cut,email-Eu-core,0,80,35,35,4378,3771,3736,11885
directed_cut,email-Eu-core,0,80,36,36,4451,3852,3667,11970
directed_cut,email-Eu-core,0,80,37,37,4524,3947,3600,12071
directed_cut,email-Eu-core,0,80,38,38,4594,4032,3539,12165
directed_cut,email-Eu-core,0,80,39,39,4664,4147,3476,12287
directed_cut,email-Eu-core,0,80,40,40,4733,4229,3414,12376
directed_cut,email-Eu-core,0,80,41,41,4801,4270,3366,12437
directed_cut,email-Eu-core,0,80,42,42,4867,4309,3314,12490
directed_cut,email-Eu-core,0,80,43,43,4931,4382,3259,12572
directed_cut,email-Eu-core,0,80,44,44,4993,4458,3201,12652
directed_cut,email-Eu-core,0,80,45,45,5053,4511,3151,12715
directed_cut,email-Eu-core,0,80,46,46,5113,4602,3092,12807
directed_cut,email-Eu-core,0,80,47,47,5173,4673,3037,12883
directed_cut,email-Eu-core,0,80,48,48,5231,4775,2980,12986
directed_cut,email-Eu-core,0,80,49,49,5289,4829,2930,13048
directed_cut,email-Eu-core,0,80,50,50,5346,4883,2880,13109
directed_cut,email-Eu-core,0,80,51,51,5402,4911,2834,13147
directed_cut,email-Eu-core,0,80,52,52,5457,4959,2796,13212
directed_cut,email-Eu-core,0,80,53,53,5511,5011,2746,13268
directed_cut,email-Eu-core,0,80,54,54,5564,5072,2705,13341
directed_cut,email-Eu-core,0,80,55,55,5616,5115,2665,13396
directed_cut,email-Eu-core,0,80,56,56,5667,5189,2614,13470
directed_cut,email-Eu-core,0,80,57,57,5716,5237,2574,13527
directed_cut,email-Eu-core,0,80,58,58,5764,5356,2515,13635
directed_cut,email-Eu-core,0,80,59,59,5812,5431,2466,13709
directed_cut,email-Eu-core,0,80,60,60,5857,5506,2428,13791
directed_cut,email-Eu-core,0,80,61,61,5901,5582,2389,13872
directed_cut,email-Eu-core,0,80,62,62,5945,5632,2351,13928
directed_cut,email-Eu-core,0,80,63,63,5989,5685,2315,13989
directed_cut,email-Eu-core,0,80,64,64,6032,5780,2264,14076
directed_cut,email-Eu-core,0,80,65,65,6073,5827,2230,14130
directed_cut,email-Eu-core,0,80,66,66,6113,5927,2194,14234
directed_cut,email-Eu-core,0,80,67,67,6152,5966,2167,14285
directed_cut,email-Eu-core,0,80,68,68,6190,6020,2131,14341
directed_cut,email-Eu-core,0,80,69,69,6228,6092,2099,14419
directed_cut,email-Eu-core,0,80,70,70,6266,6164,2068,14498
directed_cut,email-Eu-core,0,80,71,71,6302,6237,2032,14571
directed_cut,email-Eu-core,0,80,72,72,6338,6285,2001,14624
directed_cut,email-Eu-core,0,80,73,73,6374,6324,1972,14670
directed_cut,email-Eu-core,0,80,74,74,6409,6352,1945,14706
directed_cut,email-Eu-core,0,80,75,75,6443,6405,1916,14764
directed_cut,email-Eu-core,0,80,76,76,6477,6472,1888,14837
directed_cut,email-Eu-core,0,80,77,77,6510,6534,1857,14901
directed_cut,email-Eu-core,0,80,78,78,6542,6561,1833,14936
directed_cut,email-Eu-core,0,80,79,79,6574,6620,1805,14999
directed_cut,email-Eu-core,0,80,80,80,6606,6663,1782,15051
directed_cut,email-Eu-core,0,100,0,0,0,0,8790,8790
directed_cut,email-Eu-core,0,100,1,1,333,211,8431,8975
directed_cut,email-Eu-core,0,100,2,2,557,331,8191,9079
directed_cut,email-Eu-core,0,100,3,3,775,487,7957,9219
directed_cut,email-Eu-core,0,100,4,4,974,655,7741,9370
directed_cut,email-Eu-core,0,100,5,5,1169,808,7540,9517
directed_cut,email-Eu-core,0,100,6,6,1352,986,7344,9682
directed_cut,email-Eu-core,0,100,7,7,1522,1046,7187,9755
directed_cut,email-Eu-core,0,100,8,8,1675,1169,7038,9882
directed_cut,email-Eu-core,0,100,9,9,1826,1319,6866,10011
directed_cut,email-Eu-core,0,100,10,10,1971,1430,6705,10106
directed_cut,email-Eu-core,0,100,11,11,2112,1572,6553,10237
directed_cut,email-Eu-core,0,100,12,12,2238,1689,6417,10344
directed_cut,email-Eu-core,0,100,13,13,2359,1776,6309,10444
directed_cut,email-Eu-core,0,100,14,14,2474,1823,6212,10509
directed_cut,email-Eu-core,0,100,15,15,2587,1961,6093,10641
directed_cut,email-Eu-core,0,100,16,16,2699,2046,5992,10737
directed_cut,email-Eu-core,0,100,17,17,2804,2172,5876,10852
directed_cut,email-Eu-core,0,100,18,18,2906,2264,5774,10944
directed_cut,email-Eu-core,0,100,19,19,3007,2357,5677,11041
directed_cut,email-Eu-core,0,100,20,20,3105,2465,5568,11138
directed_cut,email-Eu-core,0,100,21,21,3201,2600,5456,11257
directed_cut,email-Eu-core,0,100,22,22,3296,2698,5363,11357
directed_cut,email-Eu-core,0,100,23,23,3390,2806,5259,11455
directed_cut,email-Eu-core,0,100,24,24,3482,2815,5185,11482
directed_cut,email-Eu-core,0,100,25,25,3572,2925,5096,11593
directed_cut,email-Eu-core,0,100,26,26,3661,3014,5005,11680
directed_cut,email-Eu-core,0,100,27,27,3747,3128,4911,11786
directed_cut,email-Eu-core,0,100,28,28,3829,3224,4824,11877
directed_cut,email-Eu-core,0,100,29,29,3911,3330,4735,11976
directed_cut,email-Eu-core,0,100,30,30,3992,3433,4638,12063
directed_cut,email-Eu-core,0,100,31,31,4072,3512,4563,12147
directed_cut,email-Eu-core,0,100,32,32,4151,3541,4497,12189
directed_cut,email-Eu-core,0,100,33,33,4228,3602,4422,12252
directed_cut,email-Eu-core,0,100,34,34,4303,3662,4351,12316
directed_cut,email-Eu-core,0,100,35,35,4378,3771,4275,12424
directed_cut,email-Eu-core,0,100,36,36,4451,3852,4199,12502
directed_cut,email-Eu-core,0,100,37,37,4524,3947,4126,12597
directed_cut,email-Eu-core,0,100,38,38,4594,4032,4057,12683
directed_cut,email-Eu-core,0,100,39,39,4664,4147,3986,12797
directed_cut,email-Eu-core,0,100,40,40,4733,4229,3916,12878
directed_cut,email-Eu-core,0,100,41,41,4801,4270,3864,12935
directed_cut,email-Eu-core,0,100,42,42,4867,4309,3802,12978
directed_cut,email-Eu-core,0,100,43,43,4931,4382,3742,13055
directed_cut,email-Eu-core,0,100,44,44,4993,4458,3679,13130
directed_cut,email-Eu-core,0,100,45,45,5053,4511,3626,13190
directed_cut,email-Eu-core,0,100,46,46,5113,4602,3559,13274
directed_cut,email-Eu-core,0,100,47,47,5173,4673,3500,13346
directed_cut,email-Eu-core,0,100,48,48,5231,4775,3435,13441
directed_cut,email-Eu-core,0,100,49,49,5289,4829,3380,13498
directed_cut,email-Eu-core,0,100,50,50,5346,4883,3325,13554
directed_cut,email-Eu-core,0,100,51,51,5402,4911,3275,13588
directed_cut,email-Eu-core,0,100,52,52,5457,4959,3235,13651
directed_cut,email-Eu-core,0,100,53,53,5511,5011,3178,13700
directed_cut,email-Eu-core,0,100,54,54,5564,5072,3134,13770
directed_cut,email-Eu-core,0,100,55,55,5616,5115,3092,13823
directed_cut,email-Eu-core,0,100,56,56,5667,5189,3035,13891
directed_cut,email-Eu-core,0,100,57,57,5716,5237,2990,13943
directed_cut,email-Eu-core,0,100,58,58,5764,5356,2924,14044
directed_cut,email-Eu-core,0,100,59,59,5812,5431,2865,14108
directed_cut,email-Eu-core,0,100,60,60,5857,5506,2821,14184
directed_cut,email-Eu-core,0,100,61,61,5901,5582,2775,14258
directed_cut,email-Eu-core,0,100,62,62,5945,5632,2728,14305
directed_cut,email-Eu-core,0,100,63,63,5989,5685,2687,14361
directed_cut,email-Eu-core,0,100,64,64,6032,5780,2630,14442
directed_cut,email-Eu-core,0,100,65,65,6073,5827,2592,14492
directed_cut,email-Eu-core,0,100,66,66,6113,5927,2548,14588
directed_cut,email-Eu-core,0,100,67,67,6152,5966,2516,14634
directed_cut,email-Eu-core,0,100,68,68,6190,6020,2476,14686
directed_cut,email-Eu-core,0,100,69,69,6228,6092,2443,14763
directed_cut,email-Eu-core,0,100,70,70,6266,6164,2405,14835
directed_cut,email-Eu-core,0,100,71,71,6302,6237,2364,14903
directed_cut,email-Eu-core,0,100,72,72,6338,6285,2332,14955
directed_cut,email-Eu-core,0,100,73,73,6374,6324,2299,14997
directed_cut,email-Eu-core,0,100,74,74,6409,6352,2268,15029
directed_cut,email-Eu-core,0,100,75,75,6443,6405,2236,15084
directed_cut,email-Eu-core,0,100,76,76,6477,6472,2202,15151
directed_cut,email-Eu-core,0,100,77,77,6510,6534,2168,15212
directed_cut,email-Eu-core,0,100,78,78,6542,6561,2142,15245
directed_cut,email-Eu-core,0,100,79,79,6574,6620,2109,15303
directed_cut,email-Eu-core,0,100,80,80,6606,6663,2080,15349
directed_cut,email-Eu-core,0,100,81,81,6637,6703,2058,15398
directed_cut,email-Eu-core,0,100,82,82,6668,6753,2029,15450
directed_cut,email-Eu-core,0,100,83,83,6698,6795,2003,15496
directed_cut,email-Eu-core,0,100,84,84,6728,6828,1976,15532
directed_cut,email-Eu-core,0,100,85,85,6757,6871,1951,15579
directed_cut,email-Eu-core,0,100,86,86,6785,6902,1930,15617
directed_cut,email-Eu-core,0,100,87,87,6813,6941,1906,15660
directed_cut,email-Eu-core,0,100,88,88,6841,7026,1876,15743
directed_cut,email-Eu-core,0,100,89,89,6869,7054,1841,15764
directed_cut,email-Eu-core,0,100,90,90,6896,7080,1814,15790
directed_cut,email-Eu-core,0,100,91,91,6923,7108,1790,15821
directed_cut,email-Eu-core,0,100,92,92,6949,7175,1762,15886
directed_cut,email-Eu-core,0,100,93,93,6975,7177,1742,15894
directed_cut,email-Eu-core,0,100,94,94,7000,7198,1724,15922
directed_cut,email-Eu-core,0,100,95,95,7025,7247,1697,15969
directed_cut,email-Eu-core,0,100,96,96,7050,7285,1669,16004
directed_cut,email-Eu-core,0,100,97,97,7075,7321,1646,16042
directed_cut,email-Eu-core,0,100,98,98,7099,7378,1615,16092
directed_cut,email-Eu-core,0,100,99,99,7123,7392,1599,16114
directed_cut,email-Eu-core,0,100,100,100,7147,7431,1572,16150
directed_cut,email-Eu-core,0,120,0,0,0,0,9614,9614
directed_cut,email-Eu-core,0,120,1,1,333,211,9239,9783
directed_cut,email-Eu-core,0,120,2,2,557,331,8986,9874
directed_cut,email-Eu-core,0,120,3,3,775,487,8737,9999
directed_cut,email-Eu-core,0,120,4,4,974,655,8500,10129
directed_cut,email-Eu-core,0,120,5,5,1169,808,8283,10260
directed_cut,email-Eu-core,0,120,6,6,1352,986,8069,10407
directed_cut,email-Eu-core,0,120,7,7,1522,1046,7902,10470
directed_cut,email-Eu-core,0,120,8,8,1675,1169,7743,10587
directed_cut,email-Eu-core,0,120,9,9,1826,1319,7557,10702
directed_cut,email-Eu-core,0,120,10,10,1971,1430,7387,10788
directed_cut,email-Eu-core,0,120,11,11,2112,1572,7221,10905
directed_cut,email-Eu-core,0,120,12,12,2238,1689,7075,11002
directed_cut,email-Eu-core,0,120,13,13,2359,1776,6962,11097
directed_cut,email-Eu-core,0,120,14,14,2474,1823,6859,11156
directed_cut,email-Eu-core,0,120,15,15,2587,1961,6733,11281
directed_cut,email-Eu-core,0,120,16,16,2699,2046,6623,11368
directed_cut,email-Eu-core,0,120,17,17,2804,2172,6496,11472
directed_cut,email-Eu-core,0,120,18,18,2906,2264,6389,11559
directed_cut,email-Eu-core,0,120,19,19,3007,2357,6289,11653
directed_cut,email-Eu-core,0,120,20,20,3105,2465,6169,11739
directed_cut,email-Eu-core,0,120,21,21,3201,2600,6045,11846
directed_cut,email-Eu-core,0,120,22,22,3296,2698,5942,11936
directed_cut,email-Eu-core,0,120,23,23,3390,2806,5825,12021
directed_cut,email-Eu-core,0,120,24,24,3482,2815,5746,12043
directed_cut,email-Eu-core,0,120,25,25,3572,2925,5652,12149
directed_cut,email-Eu-core,0,120,26,26,3661,3014,5557,12232
directed_cut,email-Eu-core,0,120,27,27,3747,3128,5452,12327
directed_cut,email-Eu-core,0,120,28,28,3829,3224,5355,12408
directed_cut,email-Eu-core,0,120,29,29,3911,3330,5255,12496
directed_cut,email-Eu-core,0,120,30,30,3992,3433,5150,12575
directed_cut,email-Eu-core,0,120,31,31,4072,3512,5067,12651
directed_cut,email-Eu-core,0,120,32,32,4151,3541,4997,12689
directed_cut,email-Eu-core,0,120,33,33,4228,3602,4919,12749
directed_cut,email-Eu-core,0,120,34,34,4303,3662,4845,12810
directed_cut,email-Eu-core,0,120,35,35,4378,3771,4765,12914
directed_cut,email-Eu-core,0,120,36,36,4451,3852,4682,12985
directed_cut,email-Eu-core,0,120,37,37,4524,3947,4603,13074
directed_cut,email-Eu-core,0,120,38,38,4594,4032,4525,13151
directed_cut,email-Eu-core,0,120,39,39,4664,4147,4445,13256
directed_cut,email-Eu-core,0,120,40,40,4733,4229,4368,13330
directed_cut,email-Eu-core,0,120,41,41,4801,4270,4311,13382
directed_cut,email-Eu-core,0,120,42,42,4867,4309,4249,13425
directed_cut,email-Eu-core,0,120,43,43,4931,4382,4182,13495
directed_cut,email-Eu-core,0,120,44,44,4993,4458,4113,13564
directed_cut,email-Eu-core,0,120,45,45,5053,4511,4053,13617
directed_cut,email-Eu-core,0,120,46,46,5113,4602,3984,13699
directed_cut,email-Eu-core,0,120,47,47,5173,4673,3918,13764
directed_cut,email-Eu-core,0,120,48,48,5231,4775,3848,13854
directed_cut,email-Eu-core,0,120,49,49,5289,4829,3790,13908
directed_cut,email-Eu-core,0,120,50,50,5346,4883,3730,13959
directed_cut,email-Eu-core,0,120,51,51,5402,4911,3675,13988
directed_cut,email-Eu-core,0,120,52,52,5457,4959,3633,14049
directed_cut,email-Eu-core,0,120,53,53,5511,5011,3570,14092
directed_cut,email-Eu-core,0,120,54,54,5564,5072,3524,14160
directed_cut,email-Eu-core,0,120,55,55,5616,5115,3477,14208
directed_cut,email-Eu-core,0,120,56,56,5667,5189,3415,14271
directed_cut,email-Eu-core,0,120,57,57,5716,5237,3363,14316
directed_cut,email-Eu-core,0,120,58,58,5764,5356,3285,14405
directed_cut,email-Eu-core,0,120,59,59,5812,5431,3221,14464
directed_cut,email-Eu-core,0,120,60,60,5857,5506,3176,14539
directed_cut,email-Eu-core,0,120,61,61,5901,5582,3125,14608
directed_cut,email-Eu-core,0,120,62,62,5945,5632,3076,14653
directed_cut,email-Eu-core,0,120,63,63,5989,5685,3033,14707
directed_cut,email-Eu-core,0,120,64,64,6032,5780,2967,14779
directed_cut,email-Eu-core,0,120,65,65,6073,5827,2925,14825
directed_cut,email-Eu-core,0,120,66,66,6113,5927,2875,14915
directed_cut,email-Eu-core,0,120,67,67,6152,5966,2834,14952
directed_cut,email-Eu-core,0,120,68,68,6190,6020,2786,14996
directed_cut,email-Eu-core,0,120,69,69,6228,6092,2752,15072
directed_cut,email-Eu-core,0,120,70,70,6266,6164,2711,15141
directed_cut,email-Eu-core,0,120,71,71,6302,6237,2665,15204
directed_cut,email-Eu-core,0,120,72,72,6338,6285,2628,15251
directed_cut,email-Eu-core,0,120,73,73,6374,6324,2593,15291
directed_cut,email-Eu-core,0,120,74,74,6409,6352,2557,15318
directed_cut,email-Eu-core,0,120,75,75,6443,6405,2522,15370
directed_cut,email-Eu-core,0,120,76,76,6477,6472,2484,15433
directed_cut,email-Eu-core,0,120,77,77,6510,6534,2448,15492
directed_cut,email-Eu-core,0,120,78,78,6542,6561,2421,15524
directed_cut,email-Eu-core,0,120,79,79,6574,6620,2380,15574
directed_cut,email-Eu-core,0,120,80,80,6606,6663,2348,15617
directed_cut,email-Eu-core,0,120,81,81,6637,6703,2323,15663
directed_cut,email-Eu-core,0,120,82,82,6668,6753,2291,15712
directed_cut,email-Eu-core,0,120,83,83,6698,6795,2263,15756
directed_cut,email-Eu-core,0,120,84,84,6728,6828,2230,15786
directed_cut,email-Eu-core,0,120,85,85,6757,6871,2204,15832
directed_cut,email-Eu-core,0,120,86,86,6785,6902,2182,15869
directed_cut,email-Eu-core,0,120,87,87,6813,6941,2156,15910
directed_cut,email-Eu-core,0,120,88,88,6841,7026,2120,15987
directed_cut,email-Eu-core,0,120,89,89,6869,7054,2078,16001
directed_cut,email-Eu-core,0,120,90,90,6896,7080,2048,16024
directed_cut,email-Eu-core,0,120,91,91,6923,7108,2018,16049
directed_cut,email-Eu-core,0,120,92,92,6949,7175,1988,16112
directed_cut,email-Eu-core,0,120,93,93,6975,7177,1966,16118
directed_cut,email-Eu-core,0,120,94,94,7000,7198,1948,16146
directed_cut,email-Eu-core,0,120,95,95,7025,7247,1919,16191
directed_cut,email-Eu-core,0,120,96,96,7050,7285,1889,16224
directed_cut,email-Eu-core,0,120,97,97,7075,7321,1866,16262
directed_cut,email-Eu-core,0,120,98,98,7099,7378,1835,16312
directed_cut,email-Eu-core,0,120,99,99,7123,7392,1818,16333
directed_cut,email-Eu-core,0,120,100,100,7147,7431,1787,16365
directed_cut,email-Eu-core,0,120,101,101,7169,7476,1773,16418
directed_cut,email-Eu-core,0,120,102,102,7191,7511,1746,16448
directed_cut,email-Eu-core,0,120,103,103,7213,7527,1726,16466
directed_cut,email-Eu-core,0,120,104,104,7234,7613,1707,16554
directed_cut,email-Eu-core,0,120,105,105,7255,7623,1689,16567
directed_cut,email-Eu-core,0,120,106,106,7276,7658,1664,16598
directed_cut,email-Eu-core,0,120,107,107,7297,7694,1642,16633
directed_cut,email-Eu-core,0,120,108,108,7317,7754,1620,16691
directed_cut,email-Eu-core,0,120,109,109,7337,7800,1603,16740
directed_cut,email-Eu-core,0,120,110,110,7357,7828,1583,16768
directed_cut,email-Eu-core,0,120,111,111,7377,7833,1569,16779
directed_cut,email-Eu-core,0,120,112,112,7396,7877,1524,16797
directed_cut,email-Eu-core,0,120,113,113,7415,7951,1495,16861
directed_cut,email-Eu-core,0,120,114,114,7434,7973,1484,16891
directed_cut,email-Eu-core,0,120,115,115,7453,8008,1470,16931
directed_cut,email-Eu-core,0,120,116,116,7471,8053,1447,16971
directed_cut,email-Eu-core,0,120,117,117,7489,8180,1422,17091
directed_cut,email-Eu-core,0,120,118,118,7507,8224,1403,17134
directed_cut,email-Eu-core,0,120,119,119,7525,8265,1380,17170
directed_cut,email-Eu-core,0,120,120,120,7543,8283,1365,17191
directed_cut,email-Eu-core,0,140,0,0,0,0,10373,10373
directed_cut,email-Eu-core,0,140,1,1,333,211,9981,10525
directed_cut,email-Eu-core,0,140,2,2,557,331,9710,10598
directed_cut,email-Eu-core,0,140,3,3,775,487,9446,10708
directed_cut,email-Eu-core,0,140,4,4,974,655,9191,10820
directed_cut,email-Eu-core,0,140,5,5,1169,808,8961,10938
directed_cut,email-Eu-core,0,140,6,6,1352,986,8735,11073
directed_cut,email-Eu-core,0,140,7,7,1522,1046,8561,11129
directed_cut,email-Eu-core,0,140,8,8,1675,1169,8392,11236
directed_cut,email-Eu-core,0,140,9,9,1826,1319,8194,11339
directed_cut,email-Eu-core,0,140,10,10,1971,1430,8006,11407
directed_cut,email-Eu-core,0,140,11,11,2112,1572,7823,11507
directed_cut,email-Eu-core,0,140,12,12,2238,1689,7667,11594
directed_cut,email-Eu-core,0,140,13,13,2359,1776,7549,11684
directed_cut,email-Eu-core,0,140,14,14,2474,1823,7438,11735
directed_cut,email-Eu-core,0,140,15,15,2587,1961,7304,11852
directed_cut,email-Eu-core,0,140,16,16,2699,2046,7192,11937
directed_cut,email-Eu-core,0,140,17,17,2804,2172,7052,12028
directed_cut,email-Eu-core,0,140,18,18,2906,2264,6944,12114
directed_cut,email-Eu-core,0,140,19,19,3007,2357,6833,12197
directed_cut,email-Eu-core,0,140,20,20,3105,2465,6704,12274
directed_cut,email-Eu-core,0,140,21,21,3201,2600,6579,12380
directed_cut,email-Eu-core,0,140,22,22,3296,2698,6467,12461
directed_cut,email-Eu-core,0,140,23,23,3390,2806,6338,12534
directed_cut,email-Eu-core,0,140,24,24,3482,2815,6259,12556
directed_cut,email-Eu-core,0,140,25,25,3572,2925,6161,12658
directed_cut,email-Eu-core,0,140,26,26,3661,3014,6055,12730
directed_cut,email-Eu-core,0,140,27,27,3747,3128,5945,12820
directed_cut,email-Eu-core,0,140,28,28,3829,3224,5846,12899
directed_cut,email-Eu-core,0,140,29,29,3911,3330,5742,12983
directed_cut,email-Eu-core,0,140,30,30,3992,3433,5622,13047
directed_cut,email-Eu-core,0,140,31,31,4072,3512,5537,13121
directed_cut,email-Eu-core,0,140,32,32,4151,3541,5463,13155
directed_cut,email-Eu-core,0,140,33,33,4228,3602,5381,13211
directed_cut,email-Eu-core,0,140,34,34,4303,3662,5301,13266
directed_cut,email-Eu-core,0,140,35,35,4378,3771,5216,13365
directed_cut,email-Eu-core,0,140,36,36,4451,3852,5125,13428
directed_cut,email-Eu-core,0,140,37,37,4524,3947,5043,13514
directed_cut,email-Eu-core,0,140,38,38,4594,4032,4960,13586
directed_cut,email-Eu-core,0,140,39,39,4664,4147,4873,13684
directed_cut,email-Eu-core,0,140,40,40,4733,4229,4788,13750
directed_cut,email-Eu-core,0,140,41,41,4801,4270,4728,13799
directed_cut,email-Eu-core,0,140,42,42,4867,4309,4665,13841
directed_cut,email-Eu-core,0,140,43,43,4931,4382,4592,13905
directed_cut,email-Eu-core,0,140,44,44,4993,4458,4521,13972
directed_cut,email-Eu-core,0,140,45,45,5053,4511,4456,14020
directed_cut,email-Eu-core,0,140,46,46,5113,4602,4382,14097
directed_cut,email-Eu-core,0,140,47,47,5173,4673,4308,14154
directed_cut,email-Eu-core,0,140,48,48,5231,4775,4233,14239
directed_cut,email-Eu-core,0,140,49,49,5289,4829,4169,14287
directed_cut,email-Eu-core,0,140,50,50,5346,4883,4102,14331
directed_cut,email-Eu-core,0,140,51,51,5402,4911,4046,14359
directed_cut,email-Eu-core,0,140,52,52,5457,4959,4001,14417
directed_cut,email-Eu-core,0,140,53,53,5511,5011,3928,14450
directed_cut,email-Eu-core,0,140,54,54,5564,5072,3882,14518
directed_cut,email-Eu-core,0,140,55,55,5616,5115,3829,14560
directed_cut,email-Eu-core,0,140,56,56,5667,5189,3761,14617
directed_cut,email-Eu-core,0,140,57,57,5716,5237,3706,14659
directed_cut,email-Eu-core,0,140,58,58,5764,5356,3620,14740
directed_cut,email-Eu-core,0,140,59,59,5812,5431,3552,14795
directed_cut,email-Eu-core,0,140,60,60,5857,5506,3504,14867
directed_cut,email-Eu-core,0,140,61,61,5901,5582,3445,14928
directed_cut,email-Eu-core,0,140,62,62,5945,5632,3391,14968
directed_cut,email-Eu-core,0,140,63,63,5989,5685,3346,15020
directed_cut,email-Eu-core,0,140,64,64,6032,5780,3276,15088
directed_cut,email-Eu-core,0,140,65,65,6073,5827,3230,15130
directed_cut,email-Eu-core,0,140,66,66,6113,5927,3168,15208
directed_cut,email-Eu-core,0,140,67,67,6152,5966,3126,15244
directed_cut,email-Eu-core,0,140,68,68,6190,6020,3073,15283
directed_cut,email-Eu-core,0,140,69,69,6228,6092,3040,15360
directed_cut,email-Eu-core,0,140,70,70,6266,6164,2989,15419
directed_cut,email-Eu-core,0,140,71,71,6302,6237,2930,15469
directed_cut,email-Eu-core,0,140,72,72,6338,6285,2892,15515
directed_cut,email-Eu-core,0,140,73,73,6374,6324,2856,15554
directed_cut,email-Eu-core,0,140,74,74,6409,6352,2817,15578
directed_cut,email-Eu-core,0,140,75,75,6443,6405,2782,15630
directed_cut,email-Eu-core,0,140,76,76,6477,6472,2739,15688
directed_cut,email-Eu-core,0,140,77,77,6510,6534,2697,15741
directed_cut,email-Eu-core,0,140,78,78,6542,6561,2667,15770
directed_cut,email-Eu-core,0,140,79,79,6574,6620,2624,15818
directed_cut,email-Eu-core,0,140,80,80,6606,6663,2587,15856
directed_cut,email-Eu-core,0,140,81,81,6637,6703,2556,15896
directed_cut,email-Eu-core,0,140,82,82,6668,6753,2523,15944
directed_cut,email-Eu-core,0,140,83,83,6698,6795,2494,15987
directed_cut,email-Eu-core,0,140,84,84,6728,6828,2457,16013
directed_cut,email-Eu-core,0,140,85,85,6757,6871,2431,16059
directed_cut,email-Eu-core,0,140,86,86,6785,6902,2406,16093
directed_cut,email-Eu-core,0,140,87,87,6813,6941,2380,16134
directed_cut,email-Eu-core,0,140,88,88,6841,7026,2340,16207
directed_cut,email-Eu-core,0,140,89,89,6869,7054,2298,16221
directed_cut,email-Eu-core,0,140,90,90,6896,7080,2268,16244
directed_cut,email-Eu-core,0,140,91,91,6923,7108,2238,16269
directed_cut,email-Eu-core,0,140,92,92,6949,7175,2206,16330
directed_cut,email-Eu-core,0,140,93,93,6975,7177,2182,16334
directed_cut,email-Eu-core,0,140,94,94,7000,7198,2165,16363
directed_cut,email-Eu-core,0,140,95,95,7025,7247,2134,16406
directed_cut,email-Eu-core,0,140,96,96,7050,7285,2097,16432
directed_cut,email-Eu-core,0,140,97,97,7075,7321,2070,16466
directed_cut,email-Eu-core,0,140,98,98,7099,7378,2033,16510
directed_cut,email-Eu-core,0,140,99,99,7123,7392,2015,16530
directed_cut,email-Eu-core,0,140,100,100,7147,7431,1978,16556
directed_cut,email-Eu-core,0,140,101,101,7169,7476,1966,16611
directed_cut,email-Eu-core,0,140,102,102,7191,7511,1936,16638
directed_cut,email-Eu-core,0,140,103,103,7213,7527,1913,16653
directed_cut,email-Eu-core,0,140,104,104,7234,7613,1889,16736
directed_cut,email-Eu-core,0,140,105,105,7255,7623,1869,16747
directed_cut,email-Eu-core,0,140,106,106,7276,7658,1844,16778
directed_cut,email-Eu-core,0,140,107,107,7297,7694,1822,16813
directed_cut,email-Eu-core,0,140,108,108,7317,7754,1800,16871
directed_cut,email-Eu-core,0,140,109,109,7337,7800,1782,16919
directed_cut,email-Eu-core,0,140,110,110,7357,7828,1760,16945
directed_cut,email-Eu-core,0,140,111,111,7377,7833,1746,16956
directed_cut,email-Eu-core,0,140,112,112,7396,7877,1696,16969
directed_cut,email-Eu-core,0,140,113,113,7415,7951,1662,17028
directed_cut,email-Eu-core,0,140,114,114,7434,7973,1651,17058
directed_cut,email-Eu-core,0,140,115,115,7453,8008,1637,17098
directed_cut,email-Eu-core,0,140,116,116,7471,8053,1607,17131
directed_cut,email-Eu-core,0,140,117,117,7489,8180,1578,17247
directed_cut,email-Eu-core,0,140,118,118,7507,8224,1556,17287
directed_cut,email-Eu-core,0,140,119,119,7525,8265,1526,17316
directed_cut,email-Eu-core,0,140,120,120,7543,8283,1507,17333
directed_cut,email-Eu-core,0,140,121,121,7560,8315,1475,17350
directed_cut,email-Eu-core,0,140,122,122,7577,8382,1457,17416
directed_cut,email-Eu-core,0,140,123,123,7594,8441,1433,17468
directed_cut,email-Eu-core,0,140,124,124,7611,8472,1413,17496
directed_cut,email-Eu-core,0,140,125,125,7628,8487,1378,17493
directed_cut,email-Eu-core,0,140,126,126,7645,8521,1361,17527
directed_cut,email-Eu-core,0,140,127,127,7662,8538,1340,17540
directed_cut,email-Eu-core,0,140,128,128,7678,8563,1320,17561
directed_cut,email-Eu-core,0,140,129,129,7694,8601,1283,17578
directed_cut,email-Eu-core,0,140,130,130,7710,8631,1261,17602
directed_cut,email-Eu-core,0,140,131,131,7726,8653,1246,17625
directed_cut,email-Eu-core,0,140,132,132,7742,8691,1225,17658
directed_cut,email-Eu-core,0,140,133,133,7758,8696,1213,17667
directed_cut,email-Eu-core,0,140,134,134,7773,8720,1198,17691
directed_cut,email-Eu-core,0,140,135,135,7788,8771,1175,17734
directed_cut,email-Eu-core,0,140,136,136,7803,8810,1155,17768
directed_cut,email-Eu-core,0,140,137,137,7818,8820,1143,17781
directed_cut,email-Eu-core,0,140,138,138,7832,8833,1125,17790
directed_cut,email-Eu-core,0,140,139,139,7846,8893,1103,17842
directed_cut,email-Eu-core,0,140,140,140,7860,8919,1080,17859
directed_cut,email-Eu-core,0,160,0,0,0,0,11068,11068
directed_cut,email-Eu-core,0,160,1,1,333,211,10662,11206
directed_cut,email-Eu-core,0,160,2,2,557,331,10384,11272
directed_cut,email-Eu-core,0,160,3,3,775,487,10105,11367
directed_cut,email-Eu-core,0,160,4,4,974,655,9839,11468
directed_cut,email-Eu-core,0,160,5,5,1169,808,9595,11572
directed_cut,email-Eu-core,0,160,6,6,1352,986,9350,11688
directed_cut,email-Eu-core,0,160,7,7,1522,1046,9169,11737
directed_cut,email-Eu-core,0,160,8,8,1675,1169,8993,11837
directed_cut,email-Eu-core,0,160,9,9,1826,1319,8783,11928
directed_cut,email-Eu-core,0,160,10,10,1971,1430,8589,11990
directed_cut,email-Eu-core,0,160,11,11,2112,1572,8395,12079
directed_cut,email-Eu-core,0,160,12,12,2238,1689,8227,12154
directed_cut,email-Eu-core,0,160,13,13,2359,1776,8104,12239
directed_cut,email-Eu-core,0,160,14,14,2474,1823,7989,12286
directed_cut,email-Eu-core,0,160,15,15,2587,1961,7847,12395
directed_cut,email-Eu-core,0,160,16,16,2699,2046,7720,12465
directed_cut,email-Eu-core,0,160,17,17,2804,2172,7577,12553
directed_cut,email-Eu-core,0,160,18,18,2906,2264,7462,12632
directed_cut,email-Eu-core,0,160,19,19,3007,2357,7342,12706
directed_cut,email-Eu-core,0,160,20,20,3105,2465,7204,12774
directed_cut,email-Eu-core,0,160,21,21,3201,2600,7070,12871
directed_cut,email-Eu-core,0,160,22,22,3296,2698,6956,12950
directed_cut,email-Eu-core,0,160,23,23,3390,2806,6821,13017
directed_cut,email-Eu-core,0,160,24,24,3482,2815,6741,13038
directed_cut,email-Eu-core,0,160,25,25,3572,2925,6638,13135
directed_cut,email-Eu-core,0,160,26,26,3661,3014,6526,13201
directed_cut,email-Eu-core,0,160,27,27,3747,3128,6405,13280
directed_cut,email-Eu-core,0,160,28,28,3829,3224,6302,13355
directed_cut,email-Eu-core,0,160,29,29,3911,3330,6194,13435
directed_cut,email-Eu-core,0,160,30,30,3992,3433,6067,13492
directed_cut,email-Eu-core,0,160,31,31,4072,3512,5981,13565
directed_cut,email-Eu-core,0,160,32,32,4151,3541,5901,13593
directed_cut,email-Eu-core,0,160,33,33,4228,3602,5813,13643
directed_cut,email-Eu-core,0,160,34,34,4303,3662,5731,13696
directed_cut,email-Eu-core,0,160,35,35,4378,3771,5639,13788
directed_cut,email-Eu-core,0,160,36,36,4451,3852,5540,13843
directed_cut,email-Eu-core,0,160,37,37,4524,3947,5454,13925
directed_cut,email-Eu-core,0,160,38,38,4594,4032,5367,13993
directed_cut,email-Eu-core,0,160,39,39,4664,4147,5275,14086
directed_cut,email-Eu-core,0,160,40,40,4733,4229,5184,14146
directed_cut,email-Eu-core,0,160,41,41,4801,4270,5121,14192
directed_cut,email-Eu-core,0,160,42,42,4867,4309,5059,14235
directed_cut,email-Eu-core,0,160,43,43,4931,4382,4974,14287
directed_cut,email-Eu-core,0,160,44,44,4993,4458,4895,14346
directed_cut,email-Eu-core,0,160,45,45,5053,4511,4829,14393
directed_cut,email-Eu-core,0,160,46,46,5113,4602,4751,14466
directed_cut,email-Eu-core,0,160,47,47,5173,4673,4675,14521
directed_cut,email-Eu-core,0,160,48,48,5231,4775,4586,14592
directed_cut,email-Eu-core,0,160,49,49,5289,4829,4518,14636
directed_cut,email-Eu-core,0,160,50,50,5346,4883,4447,14676
directed_cut,email-Eu-core,0,160,51,51,5402,4911,4391,14704
directed_cut,email-Eu-core,0,160,52,52,5457,4959,4341,14757
directed_cut,email-Eu-core,0,160,53,53,5511,5011,4262,14784
directed_cut,email-Eu-core,0,160,54,54,5564,5072,4213,14849
directed_cut,email-Eu-core,0,160,55,55,5616,5115,4160,14891
directed_cut,email-Eu-core,0,160,56,56,5667,5189,4087,14943
directed_cut,email-Eu-core,0,160,57,57,5716,5237,4027,14980
directed_cut,email-Eu-core,0,160,58,58,5764,5356,3937,15057
directed_cut,email-Eu-core,0,160,59,59,5812,5431,3864,15107
directed_cut,email-Eu-core,0,160,60,60,5857,5506,3810,15173
directed_cut,email-Eu-core,0,160,61,61,5901,5582,3738,15221
directed_cut,email-Eu-core,0,160,62,62,5945,5632,3682,15259
directed_cut,email-Eu-core,0,160,63,63,5989,5685,3633,15307
directed_cut,email-Eu-core,0,160,64,64,6032,5780,3559,15371
directed_cut,email-Eu-core,0,160,65,65,6073,5827,3505,15405
directed_cut,email-Eu-core,0,160,66,66,6113,5927,3437,15477
directed_cut,email-Eu-core,0,160,67,67,6152,5966,3395,15513
directed_cut,email-Eu-core,0,160,68,68,6190,6020,3337,15547
directed_cut,email-Eu-core,0,160,69,69,6228,6092,3300,15620
directed_cut,email-Eu-core,0,160,70,70,6266,6164,3245,15675
directed_cut,email-Eu-core,0,160,71,71,6302,6237,3178,15717
directed_cut,email-Eu-core,0,160,72,72,6338,6285,3140,15763
directed_cut,email-Eu-core,0,160,73,73,6374,6324,3102,15800
directed_cut,email-Eu-core,0,160,74,74,6409,6352,3062,15823
directed_cut,email-Eu-core,0,160,75,75,6443,6405,3022,15870
directed_cut,email-Eu-core,0,160,76,76,6477,6472,2971,15920
directed_cut,email-Eu-core,0,160,77,77,6510,6534,2923,15967
directed_cut,email-Eu-core,0,160,78,78,6542,6561,2892,15995
directed_cut,email-Eu-core,0,160,79,79,6574,6620,2846,16040
directed_cut,email-Eu-core,0,160,80,80,6606,6663,2807,16076
directed_cut,email-Eu-core,0,160,81,81,6637,6703,2776,16116
directed_cut,email-Eu-core,0,160,82,82,6668,6753,2743,16164
directed_cut,email-Eu-core,0,160,83,83,6698,6795,2714,16207
directed_cut,email-Eu-core,0,160,84,84,6728,6828,2672,16228
directed_cut,email-Eu-core,0,160,85,85,6757,6871,2646,16274
directed_cut,email-Eu-core,0,160,86,86,6785,6902,2619,16306
directed_cut,email-Eu-core,0,160,87,87,6813,6941,2593,16347
directed_cut,email-Eu-core,0,160,88,88,6841,7026,2547,16414
directed_cut,email-Eu-core,0,160,89,89,6869,7054,2504,16427
directed_cut,email-Eu-core,0,160,90,90,6896,7080,2472,16448
directed_cut,email-Eu-core,0,160,91,91,6923,7108,2440,16471
directed_cut,email-Eu-core,0,160,92,92,6949,7175,2401,16525
directed_cut,email-Eu-core,0,160,93,93,6975,7177,2375,16527
directed_cut,email-Eu-core,0,160,94,94,7000,7198,2358,16556
directed_cut,email-Eu-core,0,160,95,95,7025,7247,2326,16598
directed_cut,email-Eu-core,0,160,96,96,7050,7285,2282,16617
directed_cut,email-Eu-core,0,160,97,97,7075,7321,2252,16648
directed_cut,email-Eu-core,0,160,98,98,7099,7378,2213,16690
directed_cut,email-Eu-core,0,160,99,99,7123,7392,2195,16710
directed_cut,email-Eu-core,0,160,100,100,7147,7431,2158,16736
directed_cut,email-Eu-core,0,160,101,101,7169,7476,2146,16791
directed_cut,email-Eu-core,0,160,102,102,7191,7511,2116,16818
directed_cut,email-Eu-core,0,160,103,103,7213,7527,2092,16832
directed_cut,email-Eu-core,0,160,104,104,7234,7613,2066,16913
directed_cut,email-Eu-core,0,160,105,105,7255,7623,2043,16921
directed_cut,email-Eu-core,0,160,106,106,7276,7658,2015,16949
directed_cut,email-Eu-core,0,160,107,107,7297,7694,1989,16980
directed_cut,email-Eu-core,0,160,108,108,7317,7754,1963,17034
directed_cut,email-Eu-core,0,160,109,109,7337,7800,1942,17079
directed_cut,email-Eu-core,0,160,110,110,7357,7828,1920,17105
directed_cut,email-Eu-core,0,160,111,111,7377,7833,1906,17116
directed_cut,email-Eu-core,0,160,112,112,7396,7877,1853,17126
directed_cut,email-Eu-core,0,160,113,113,7415,7951,1814,17180
directed_cut,email-Eu-core,0,160,114,114,7434,7973,1804,17211
directed_cut,email-Eu-core,0,160,115,115,7453,8008,1789,17250
directed_cut,email-Eu-core,0,160,116,116,7471,8053,1749,17273
directed_cut,email-Eu-core,0,160,117,117,7489,8180,1718,17387
directed_cut,email-Eu-core,0,160,118,118,7507,8224,1696,17427
directed_cut,email-Eu-core,0,160,119,119,7525,8265,1663,17453
directed_cut,email-Eu-core,0,160,120,120,7543,8283,1643,17469
directed_cut,email-Eu-core,0,160,121,121,7560,8315,1604,17479
directed_cut,email-Eu-core,0,160,122,122,7577,8382,1581,17540
directed_cut,email-Eu-core,0,160,123,123,7594,8441,1553,17588
directed_cut,email-Eu-core,0,160,124,124,7611,8472,1533,17616
directed_cut,email-Eu-core,0,160,125,125,7628,8487,1497,17612
directed_cut,email-Eu-core,0,160,126,126,7645,8521,1481,17647
directed_cut,email-Eu-core,0,160,127,127,7662,8538,1457,17657
directed_cut,email-Eu-core,0,160,128,128,7678,8563,1438,17679
directed_cut,email-Eu-core,0,160,129,129,7694,8601,1394,17689
directed_cut,email-Eu-core,0,160,130,130,7710,8631,1367,17708
directed_cut,email-Eu-core,0,160,131,131,7726,8653,1352,17731
directed_cut,email-Eu-core,0,160,132,132,7742,8691,1330,17763
directed_cut,email-Eu-core,0,160,133,133,7758,8696,1319,17773
directed_cut,email-Eu-core,0,160,134,134,7773,8720,1299,17792
directed_cut,email-Eu-core,0,160,135,135,7788,8771,1275,17834
directed_cut,email-Eu-core,0,160,136,136,7803,8810,1254,17867
directed_cut,email-Eu-core,0,160,137,137,7818,8820,1241,17879
directed_cut,email-Eu-core,0,160,138,138,7832,8833,1221,17886
directed_cut,email-Eu-core,0,160,139,139,7846,8893,1190,17929
directed_cut,email-Eu-core,0,160,140,140,7860,8919,1164,17943
directed_cut,email-Eu-core,0,160,141,141,7874,8925,1151,17950
directed_cut,email-Eu-core,0,160,142,142,7887,8943,1139,17969
directed_cut,email-Eu-core,0,160,143,143,7900,8978,1124,18002
directed_cut,email-Eu-core,0,160,144,144,7913,9003,1108,18024
directed_cut,email-Eu-core,0,160,145,145,7926,9031,1088,18045
directed_cut,email-Eu-core,0,160,146,146,7939,9040,1073,18052
directed_cut,email-Eu-core,0,160,147,147,7951,9077,1054,18082
directed_cut,email-Eu-core,0,160,148,148,7963,9110,1031,18104
directed_cut,email-Eu-core,0,160,149,149,7975,9129,1005,18109
directed_cut,email-Eu-core,0,160,150,150,7987,9147,992,18126
directed_cut,email-Eu-core,0,160,151,151,7999,9153,975,18127
directed_cut,email-Eu-core,0,160,152,152,8011,9172,957,18140
directed_cut,email-Eu-core,0,160,153,153,8022,9194,941,18157
directed_cut,email-Eu-core,0,160,154,154,8033,9246,927,18206
directed_cut,email-Eu-core,0,160,155,155,8044,9292,915,18251
directed_cut,email-Eu-core,0,160,156,156,8054,9323,894,18271
directed_cut,email-Eu-core,0,160,157,157,8064,9338,882,18284
directed_cut,email-Eu-core,0,160,158,158,8074,9380,860,18314
directed_cut,email-Eu-core,0,160,159,159,8084,9417,852,18353
directed_cut,email-Eu-core,0,160,160,160,8094,9444,818,18356
directed_cut,email-Eu-core,0,180,0,0,0,0,11717,11717
directed_cut,email-Eu-core,0,180,1,1,333,211,11299,11843
directed_cut,email-Eu-core,0,180,2,2,557,331,11010,11898
directed_cut,email-Eu-core,0,180,3,3,775,487,10720,11982
directed_cut,email-Eu-core,0,180,4,4,974,655,10446,12075
directed_cut,email-Eu-core,0,180,5,5,1169,808,10189,12166
directed_cut,email-Eu-core,0,180,6,6,1352,986,9929,12267
directed_cut,email-Eu-core,0,180,7,7,1522,1046,9744,12312
directed_cut,email-Eu-core,0,180,8,8,1675,1169,9562,12406
directed_cut,email-Eu-core,0,180,9,9,1826,1319,9338,12483
directed_cut,email-Eu-core,0,180,10,10,1971,1430,9139,12540
directed_cut,email-Eu-core,0,180,11,11,2112,1572,8934,12618
directed_cut,email-Eu-core,0,180,12,12,2238,1689,8760,12687
directed_cut,email-Eu-core,0,180,13,13,2359,1776,8630,12765
directed_cut,email-Eu-core,0,180,14,14,2474,1823,8513,12810
directed_cut,email-Eu-core,0,180,15,15,2587,1961,8358,12906
directed_cut,email-Eu-core,0,180,16,16,2699,2046,8226,12971
directed_cut,email-Eu-core,0,180,17,17,2804,2172,8070,13046
directed_cut,email-Eu-core,0,180,18,18,2906,2264,7950,13120
directed_cut,email-Eu-core,0,180,19,19,3007,2357,7824,13188
directed_cut,email-Eu-core,0,180,20,20,3105,2465,7677,13247
directed_cut,email-Eu-core,0,180,21,21,3201,2600,7536,13337
directed_cut,email-Eu-core,0,180,22,22,3296,2698,7411,13405
directed_cut,email-Eu-core,0,180,23,23,3390,2806,7270,13466
directed_cut,email-Eu-core,0,180,24,24,3482,2815,7187,13484
directed_cut,email-Eu-core,0,180,25,25,3572,2925,7080,13577
directed_cut,email-Eu-core,0,180,26,26,3661,3014,6966,13641
directed_cut,email-Eu-core,0,180,27,27,3747,3128,6840,13715
directed_cut,email-Eu-core,0,180,28,28,3829,3224,6735,13788
directed_cut,email-Eu-core,0,180,29,29,3911,3330,6621,13862
directed_cut,email-Eu-core,0,180,30,30,3992,3433,6485,13910
directed_cut,email-Eu-core,0,180,31,31,4072,3512,6396,13980
directed_cut,email-Eu-core,0,180,32,32,4151,3541,6314,14006
directed_cut,email-Eu-core,0,180,33,33,4228,3602,6224,14054
directed_cut,email-Eu-core,0,180,34,34,4303,3662,6141,14106
directed_cut,email-Eu-core,0,180,35,35,4378,3771,6038,14187
directed_cut,email-Eu-core,0,180,36,36,4451,3852,5934,14237
directed_cut,email-Eu-core,0,180,37,37,4524,3947,5841,14312
directed_cut,email-Eu-core,0,180,38,38,4594,4032,5749,14375
directed_cut,email-Eu-core,0,180,39,39,4664,4147,5645,14456
directed_cut,email-Eu-core,0,180,40,40,4733,4229,5550,14512
directed_cut,email-Eu-core,0,180,41,41,4801,4270,5482,14553
directed_cut,email-Eu-core,0,180,42,42,4867,4309,5419,14595
directed_cut,email-Eu-core,0,180,43,43,4931,4382,5328,14641
directed_cut,email-Eu-core,0,180,44,44,4993,4458,5246,14697
directed_cut,email-Eu-core,0,180,45,45,5053,4511,5179,14743
directed_cut,email-Eu-core,0,180,46,46,5113,4602,5095,14810
directed_cut,email-Eu-core,0,180,47,47,5173,4673,5013,14859
directed_cut,email-Eu-core,0,180,48,48,5231,4775,4915,14921
directed_cut,email-Eu-core,0,180,49,49,5289,4829,4844,14962
directed_cut,email-Eu-core,0,180,50,50,5346,4883,4765,14994
directed_cut,email-Eu-core,0,180,51,51,5402,4911,4709,15022
directed_cut,email-Eu-core,0,180,52,52,5457,4959,4657,15073
directed_cut,email-Eu-core,0,180,53,53,5511,5011,4573,15095
directed_cut,email-Eu-core,0,180,54,54,5564,5072,4522,15158
directed_cut,email-Eu-core,0,180,55,55,5616,5115,4470,15201
directed_cut,email-Eu-core,0,180,56,56,5667,5189,4394,15250
directed_cut,email-Eu-core,0,180,57,57,5716,5237,4328,15281
directed_cut,email-Eu-core,0,180,58,58,5764,5356,4230,15350
directed_cut,email-Eu-core,0,180,59,59,5812,5431,4152,15395
directed_cut,email-Eu-core,0,180,60,60,5857,5506,4087,15450
directed_cut,email-Eu-core,0,180,61,61,5901,5582,4008,15491
directed_cut,email-Eu-core,0,180,62,62,5945,5632,3949,15526
directed_cut,email-Eu-core,0,180,63,63,5989,5685,3900,15574
directed_cut,email-Eu-core,0,180,64,64,6032,5780,3819,15631
directed_cut,email-Eu-core,0,180,65,65,6073,5827,3763,15663
directed_cut,email-Eu-core,0,180,66,66,6113,5927,3689,15729
directed_cut,email-Eu-core,0,180,67,67,6152,5966,3646,15764
directed_cut,email-Eu-core,0,180,68,68,6190,6020,3583,15793
directed_cut,email-Eu-core,0,180,69,69,6228,6092,3542,15862
directed_cut,email-Eu-core,0,180,70,70,6266,6164,3485,15915
directed_cut,email-Eu-core,0,180,71,71,6302,6237,3416,15955
directed_cut,email-Eu-core,0,180,72,72,6338,6285,3375,15998
directed_cut,email-Eu-core,0,180,73,73,6374,6324,3332,16030
directed_cut,email-Eu-core,0,180,74,74,6409,6352,3290,16051
directed_cut,email-Eu-core,0,180,75,75,6443,6405,3242,16090
directed_cut,email-Eu-core,0,180,76,76,6477,6472,3191,16140
directed_cut,email-Eu-core,0,180,77,77,6510,6534,3139,16183
directed_cut,email-Eu-core,0,180,78,78,6542,6561,3107,16210
directed_cut,email-Eu-core,0,180,79,79,6574,6620,3057,16251
directed_cut,email-Eu-core,0,180,80,80,6606,6663,3014,16283
directed_cut,email-Eu-core,0,180,81,81,6637,6703,2981,16321
directed_cut,email-Eu-core,0,180,82,82,6668,6753,2946,16367
directed_cut,email-Eu-core,0,180,83,83,6698,6795,2914,16407
directed_cut,email-Eu-core,0,180,84,84,6728,6828,2872,16428
directed_cut,email-Eu-core,0,180,85,85,6757,6871,2846,16474
directed_cut,email-Eu-core,0,180,86,86,6785,6902,2818,16505
directed_cut,email-Eu-core,0,180,87,87,6813,6941,2792,16546
directed_cut,email-Eu-core,0,180,88,88,6841,7026,2740,16607
directed_cut,email-Eu-core,0,180,89,89,6869,7054,2695,16618
directed_cut,email-Eu-core,0,180,90,90,6896,7080,2657,16633
directed_cut,email-Eu-core,0,180,91,91,6923,7108,2623,16654
directed_cut,email-Eu-core,0,180,92,92,6949,7175,2581,16705
directed_cut,email-Eu-core,0,180,93,93,6975,7177,2555,16707
directed_cut,email-Eu-core,0,180,94,94,7000,7198,2538,16736
directed_cut,email-Eu-core,0,180,95,95,7025,7247,2506,16778
directed_cut,email-Eu-core,0,180,96,96,7050,7285,2457,16792
directed_cut,email-Eu-core,0,180,97,97,7075,7321,2425,16821
directed_cut,email-Eu-core,0,180,98,98,7099,7378,2383,16860
directed_cut,email-Eu-core,0,180,99,99,7123,7392,2365,16880
directed_cut,email-Eu-core,0,180,100,100,7147,7431,2322,16900
directed_cut,email-Eu-core,0,180,101,101,7169,7476,2311,16956
directed_cut,email-Eu-core,0,180,102,102,7191,7511,2278,16980
directed_cut,email-Eu-core,0,180,103,103,7213,7527,2252,16992
directed_cut,email-Eu-core,0,180,104,104,7234,7613,2226,17073
directed_cut,email-Eu-core,0,180,105,105,7255,7623,2203,17081
directed_cut,email-Eu-core,0,180,106,106,7276,7658,2172,17106
directed_cut,email-Eu-core,0,180,107,107,7297,7694,2142,17133
directed_cut,email-Eu-core,0,180,108,108,7317,7754,2112,17183
directed_cut,email-Eu-core,0,180,109,109,7337,7800,2087,17224
directed_cut,email-Eu-core,0,180,110,110,7357,7828,2061,17246
directed_cut,email-Eu-core,0,180,111,111,7377,7833,2046,17256
directed_cut,email-Eu-core,0,180,112,112,7396,7877,1993,17266
directed_cut,email-Eu-core,0,180,113,113,7415,7951,1951,17317
directed_cut,email-Eu-core,0,180,114,114,7434,7973,1941,17348
directed_cut,email-Eu-core,0,180,115,115,7453,8008,1921,17382
directed_cut,email-Eu-core,0,180,116,116,7471,8053,1875,17399
directed_cut,email-Eu-core,0,180,117,117,7489,8180,1841,17510
directed_cut,email-Eu-core,0,180,118,118,7507,8224,1817,17548
directed_cut,email-Eu-core,0,180,119,119,7525,8265,1783,17573
directed_cut,email-Eu-core,0,180,120,120,7543,8283,1763,17589
directed_cut,email-Eu-core,0,180,121,121,7560,8315,1721,17596
directed_cut,email-Eu-core,0,180,122,122,7577,8382,1690,17649
directed_cut,email-Eu-core,0,180,123,123,7594,8441,1657,17692
directed_cut,email-Eu-core,0,180,124,124,7611,8472,1636,17719
directed_cut,email-Eu-core,0,180,125,125,7628,8487,1597,17712
directed_cut,email-Eu-core,0,180,126,126,7645,8521,1582,17748
directed_cut,email-Eu-core,0,180,127,127,7662,8538,1557,17757
directed_cut,email-Eu-core,0,180,128,128,7678,8563,1538,17779
directed_cut,email-Eu-core,0,180,129,129,7694,8601,1492,17787
directed_cut,email-Eu-core,0,180,130,130,7710,8631,1459,17800
directed_cut,email-Eu-core,0,180,131,131,7726,8653,1445,17824
directed_cut,email-Eu-core,0,180,132,132,7742,8691,1420,17853
directed_cut,email-Eu-core,0,180,133,133,7758,8696,1410,17864
directed_cut,email-Eu-core,0,180,134,134,7773,8720,1386,17879
directed_cut,email-Eu-core,0,180,135,135,7788,8771,1355,17914
directed_cut,email-Eu-core,0,180,136,136,7803,8810,1334,17947
directed_cut,email-Eu-core,0,180,137,137,7818,8820,1321,17959
directed_cut,email-Eu-core,0,180,138,138,7832,8833,1301,17966
directed_cut,email-Eu-core,0,180,139,139,7846,8893,1270,18009
directed_cut,email-Eu-core,0,180,140,140,7860,8919,1241,18020
directed_cut,email-Eu-core,0,180,141,141,7874,8925,1226,18025
directed_cut,email-Eu-core,0,180,142,142,7887,8943,1215,18045
directed_cut,email-Eu-core,0,180,143,143,7900,8978,1195,18073
directed_cut,email-Eu-core,0,180,144,144,7913,9003,1179,18095
directed_cut,email-Eu-core,0,180,145,145,7926,9031,1158,18115
directed_cut,email-Eu-core,0,180,146,146,7939,9040,1137,18116
directed_cut,email-Eu-core,0,180,147,147,7951,9077,1117,18145
directed_cut,email-Eu-core,0,180,148,148,7963,9110,1091,18164
directed_cut,email-Eu-core,0,180,149,149,7975,9129,1065,18169
directed_cut,email-Eu-core,0,180,150,150,7987,9147,1052,18186
directed_cut,email-Eu-core,0,180,151,151,7999,9153,1035,18187
directed_cut,email-Eu-core,0,180,152,152,8011,9172,1017,18200
directed_cut,email-Eu-core,0,180,153,153,8022,9194,1001,18217
directed_cut,email-Eu-core,0,180,154,154,8033,9246,987,18266
directed_cut,email-Eu-core,0,180,155,155,8044,9292,975,18311
directed_cut,email-Eu-core,0,180,156,156,8054,9323,954,18331
directed_cut,email-Eu-core,0,180,157,157,8064,9338,941,18343
directed_cut,email-Eu-core,0,180,158,158,8074,9380,913,18367
directed_cut,email-Eu-core,0,180,159,159,8084,9417,902,18403
directed_cut,email-Eu-core,0,180,160,160,8094,9444,863,18401
directed_cut,email-Eu-core,0,180,161,161,8104,9450,857,18411
directed_cut,email-Eu-core,0,180,162,162,8114,9453,847,18414
directed_cut,email-Eu-core,0,180,163,163,8124,9461,833,18418
directed_cut,email-Eu-core,0,180,164,164,8134,9470,812,18416
directed_cut,email-Eu-core,0,180,165,165,8143,9511,799,18453
directed_cut,email-Eu-core,0,180,166,166,8152,9531,781,18464
directed_cut,email-Eu-core,0,180,167,167,8161,9568,764,18493
directed_cut,email-Eu-core,0,180,168,168,8170,9583,749,18502
directed_cut,email-Eu-core,0,180,169,169,8179,9602,728,18509
directed_cut,email-Eu-core,0,180,170,170,8188,9630,725,18543
directed_cut,email-Eu-core,0,180,171,171,8197,9653,709,18559
directed_cut,email-Eu-core,0,180,172,172,8206,9661,700,18567
directed_cut,email-Eu-core,0,180,173,173,8214,9689,679,18582
directed_cut,email-Eu-core,0,180,174,174,8222,9708,670,18600
directed_cut,email-Eu-core,0,180,175,175,8230,9726,648,18604
directed_cut,email-Eu-core,0,180,176,176,8238,9757,644,18639
directed_cut,email-Eu-core,0,180,177,177,8246,9765,632,18643
directed_cut,email-Eu-core,0,180,178,178,8254,9797,596,18647
directed_cut,email-Eu-core,0,180,179,179,8262,9800,591,18653
directed_cut,email-Eu-core,0,180,180,180,8270,9815,578,18663
directed_cut,email-Eu-core,0,200,0,0,0,0,12322,12322
directed_cut,email-Eu-core,0,200,1,1,333,211,11891,12435
directed_cut,email-Eu-core,0,200,2,2,557,331,11592,12480
directed_cut,email-Eu-core,0,200,3,3,775,487,11294,12556
directed_cut,email-Eu-core,0,200,4,4,974,655,11013,12642
directed_cut,email-Eu-core,0,200,5,5,1169,808,10742,12719
directed_cut,email-Eu-core,0,200,6,6,1352,986,10471,12809
directed_cut,email-Eu-core,0,200,7,7,1522,1046,10282,12850
directed_cut,email-Eu-core,0,200,8,8,1675,1169,10096,12940
directed_cut,email-Eu-core,0,200,9,9,1826,1319,9862,13007
directed_cut,email-Eu-core,0,200,10,10,1971,1430,9654,13055
directed_cut,email-Eu-core,0,200,11,11,2112,1572,9431,13115
directed_cut,email-Eu-core,0,200,12,12,2238,1689,9249,13176
directed_cut,email-Eu-core,0,200,13,13,2359,1776,9115,13250
directed_cut,email-Eu-core,0,200,14,14,2474,1823,8999,13296
directed_cut,email-Eu-core,0,200,15,15,2587,1961,8837,13385
directed_cut,email-Eu-core,0,200,16,16,2699,2046,8702,13447
directed_cut,email-Eu-core,0,200,17,17,2804,2172,8537,13513
directed_cut,email-Eu-core,0,200,18,18,2906,2264,8409,13579
directed_cut,email-Eu-core,0,200,19,19,3007,2357,8275,13639
directed_cut,email-Eu-core,0,200,20,20,3105,2465,8124,13694
directed_cut,email-Eu-core,0,200,21,21,3201,2600,7977,13778
directed_cut,email-Eu-core,0,200,22,22,3296,2698,7849,13843
directed_cut,email-Eu-core,0,200,23,23,3390,2806,7702,13898
directed_cut,email-Eu-core,0,200,24,24,3482,2815,7617,13914
directed_cut,email-Eu-core,0,200,25,25,3572,2925,7506,14003
directed_cut,email-Eu-core,0,200,26,26,3661,3014,7380,14055
directed_cut,email-Eu-core,0,200,27,27,3747,3128,7250,14125
directed_cut,email-Eu-core,0,200,28,28,3829,3224,7142,14195
directed_cut,email-Eu-core,0,200,29,29,3911,3330,7021,14262
directed_cut,email-Eu-core,0,200,30,30,3992,3433,6880,14305
directed_cut,email-Eu-core,0,200,31,31,4072,3512,6789,14373
directed_cut,email-Eu-core,0,200,32,32,4151,3541,6705,14397
directed_cut,email-Eu-core,0,200,33,33,4228,3602,6610,14440
directed_cut,email-Eu-core,0,200,34,34,4303,3662,6524,14489
directed_cut,email-Eu-core,0,200,35,35,4378,3771,6412,14561
directed_cut,email-Eu-core,0,200,36,36,4451,3852,6305,14608
directed_cut,email-Eu-core,0,200,37,37,4524,3947,6200,14671
directed_cut,email-Eu-core,0,200,38,38,4594,4032,6100,14726
directed_cut,email-Eu-core,0,200,39,39,4664,4147,5988,14799
directed_cut,email-Eu-core,0,200,40,40,4733,4229,5889,14851
directed_cut,email-Eu-core,0,200,41,41,4801,4270,5816,14887
directed_cut,email-Eu-core,0,200,42,42,4867,4309,5754,14930
directed_cut,email-Eu-core,0,200,43,43,4931,4382,5662,14975
directed_cut,email-Eu-core,0,200,44,44,4993,4458,5575,15026
directed_cut,email-Eu-core,0,200,45,45,5053,4511,5503,15067
directed_cut,email-Eu-core,0,200,46,46,5113,4602,5407,15122
directed_cut,email-Eu-core,0,200,47,47,5173,4673,5322,15168
directed_cut,email-Eu-core,0,200,48,48,5231,4775,5218,15224
directed_cut,email-Eu-core,0,200,49,49,5289,4829,5144,15262
directed_cut,email-Eu-core,0,200,50,50,5346,4883,5060,15289
directed_cut,email-Eu-core,0,200,51,51,5402,4911,5003,15316
directed_cut,email-Eu-core,0,200,52,52,5457,4959,4949,15365
directed_cut,email-Eu-core,0,200,53,53,5511,5011,4863,15385
directed_cut,email-Eu-core,0,200,54,54,5564,5072,4808,15444
directed_cut,email-Eu-core,0,200,55,55,5616,5115,4754,15485
directed_cut,email-Eu-core,0,200,56,56,5667,5189,4671,15527
directed_cut,email-Eu-core,0,200,57,57,5716,5237,4599,15552
directed_cut,email-Eu-core,0,200,58,58,5764,5356,4494,15614
directed_cut,email-Eu-core,0,200,59,59,5812,5431,4413,15656
directed_cut,email-Eu-core,0,200,60,60,5857,5506,4346,15709
directed_cut,email-Eu-core,0,200,61,61,5901,5582,4258,15741
directed_cut,email-Eu-core,0,200,62,62,5945,5632,4196,15773
directed_cut,email-Eu-core,0,200,63,63,5989,5685,4147,15821
directed_cut,email-Eu-core,0,200,64,64,6032,5780,4062,15874
directed_cut,email-Eu-core,0,200,65,65,6073,5827,4003,15903
directed_cut,email-Eu-core,0,200,66,66,6113,5927,3926,15966
directed_cut,email-Eu-core,0,200,67,67,6152,5966,3882,16000
directed_cut,email-Eu-core,0,200,68,68,6190,6020,3813,16023
directed_cut,email-Eu-core,0,200,69,69,6228,6092,3770,16090
directed_cut,email-Eu-core,0,200,70,70,6266,6164,3709,16139
directed_cut,email-Eu-core,0,200,71,71,6302,6237,3636,16175
directed_cut,email-Eu-core,0,200,72,72,6338,6285,3595,16218
directed_cut,email-Eu-core,0,200,73,73,6374,6324,3552,16250
directed_cut,email-Eu-core,0,200,74,74,6409,6352,3506,16267
directed_cut,email-Eu-core,0,200,75,75,6443,6405,3452,16300
directed_cut,email-Eu-core,0,200,76,76,6477,6472,3392,16341
directed_cut,email-Eu-core,0,200,77,77,6510,6534,3339,16383
directed_cut,email-Eu-core,0,200,78,78,6542,6561,3307,16410
directed_cut,email-Eu-core,0,200,79,79,6574,6620,3257,16451
directed_cut,email-Eu-core,0,200,80,80,6606,6663,3210,16479
directed_cut,email-Eu-core,0,200,81,81,6637,6703,3176,16516
directed_cut,email-Eu-core,0,200,82,82,6668,6753,3137,16558
directed_cut,email-Eu-core,0,200,83,83,6698,6795,3102,16595
directed_cut,email-Eu-core,0,200,84,84,6728,6828,3057,16613
directed_cut,email-Eu-core,0,200,85,85,6757,6871,3027,16655
directed_cut,email-Eu-core,0,200,86,86,6785,6902,2998,16685
directed_cut,email-Eu-core,0,200,87,87,6813,6941,2972,16726
directed_cut,email-Eu-core,0,200,88,88,6841,7026,2920,16787
directed_cut,email-Eu-core,0,200,89,89,6869,7054,2875,16798
directed_cut,email-Eu-core,0,200,90,90,6896,7080,2833,16809
directed_cut,email-Eu-core,0,200,91,91,6923,7108,2797,16828
directed_cut,email-Eu-core,0,200,92,92,6949,7175,2748,16872
directed_cut,email-Eu-core,0,200,93,93,6975,7177,2719,16871
directed_cut,email-Eu-core,0,200,94,94,7000,7198,2701,16899
directed_cut,email-Eu-core,0,200,95,95,7025,7247,2667,16939
directed_cut,email-Eu-core,0,200,96,96,7050,7285,2617,16952
directed_cut,email-Eu-core,0,200,97,97,7075,7321,2583,16979
directed_cut,email-Eu-core,0,200,98,98,7099,7378,2536,17013
directed_cut,email-Eu-core,0,200,99,99,7123,7392,2517,17032
directed_cut,email-Eu-core,0,200,100,100,7147,7431,2471,17049
directed_cut,email-Eu-core,0,200,101,101,7169,7476,2460,17105
directed_cut,email-Eu-core,0,200,102,102,7191,7511,2424,17126
directed_cut,email-Eu-core,0,200,103,103,7213,7527,2395,17135
directed_cut,email-Eu-core,0,200,104,104,7234,7613,2369,17216
directed_cut,email-Eu-core,0,200,105,105,7255,7623,2343,17221
directed_cut,email-Eu-core,0,200,106,106,7276,7658,2307,17241
directed_cut,email-Eu-core,0,200,107,107,7297,7694,2274,17265
directed_cut,email-Eu-core,0,200,108,108,7317,7754,2240,17311
directed_cut,email-Eu-core,0,200,109,109,7337,7800,2214,17351
directed_cut,email-Eu-core,0,200,110,110,7357,7828,2186,17371
directed_cut,email-Eu-core,0,200,111,111,7377,7833,2170,17380
directed_cut,email-Eu-core,0,200,112,112,7396,7877,2113,17386
directed_cut,email-Eu-core,0,200,113,113,7415,7951,2071,17437
directed_cut,email-Eu-core,0,200,114,114,7434,7973,2061,17468
directed_cut,email-Eu-core,0,200,115,115,7453,8008,2039,17500
directed_cut,email-Eu-core,0,200,116,116,7471,8053,1987,17511
directed_cut,email-Eu-core,0,200,117,117,7489,8180,1947,17616
directed_cut,email-Eu-core,0,200,118,118,7507,8224,1922,17653
directed_cut,email-Eu-core,0,200,119,119,7525,8265,1884,17674
directed_cut,email-Eu-core,0,200,120,120,7543,8283,1863,17689
directed_cut,email-Eu-core,0,200,121,121,7560,8315,1818,17693
directed_cut,email-Eu-core,0,200,122,122,7577,8382,1784,17743
directed_cut,email-Eu-core,0,200,123,123,7594,8441,1746,17781
directed_cut,email-Eu-core,0,200,124,124,7611,8472,1725,17808
directed_cut,email-Eu-core,0,200,125,125,7628,8487,1682,17797
directed_cut,email-Eu-core,0,200,126,126,7645,8521,1670,17836
directed_cut,email-Eu-core,0,200,127,127,7662,8538,1642,17842
directed_cut,email-Eu-core,0,200,128,128,7678,8563,1623,17864
directed_cut,email-Eu-core,0,200,129,129,7694,8601,1572,17867
directed_cut,email-Eu-core,0,200,130,130,7710,8631,1538,17879
directed_cut,email-Eu-core,0,200,131,131,7726,8653,1523,17902
directed_cut,email-Eu-core,0,200,132,132,7742,8691,1495,17928
directed_cut,email-Eu-core,0,200,133,133,7758,8696,1484,17938
directed_cut,email-Eu-core,0,200,134,134,7773,8720,1459,17952
directed_cut,email-Eu-core,0,200,135,135,7788,8771,1426,17985
directed_cut,email-Eu-core,0,200,136,136,7803,8810,1402,18015
directed_cut,email-Eu-core,0,200,137,137,7818,8820,1389,18027
directed_cut,email-Eu-core,0,200,138,138,7832,8833,1368,18033
directed_cut,email-Eu-core,0,200,139,139,7846,8893,1332,18071
directed_cut,email-Eu-core,0,200,140,140,7860,8919,1301,18080
directed_cut,email-Eu-core,0,200,141,141,7874,8925,1286,18085
directed_cut,email-Eu-core,0,200,142,142,7887,8943,1275,18105
directed_cut,email-Eu-core,0,200,143,143,7900,8978,1255,18133
directed_cut,email-Eu-core,0,200,144,144,7913,9003,1239,18155
directed_cut,email-Eu-core,0,200,145,145,7926,9031,1218,18175
directed_cut,email-Eu-core,0,200,146,146,7939,9040,1197,18176
directed_cut,email-Eu-core,0,200,147,147,7951,9077,1177,18205
directed_cut,email-Eu-core,0,200,148,148,7963,9110,1149,18222
directed_cut,email-Eu-core,0,200,149,149,7975,9129,1121,18225
directed_cut,email-Eu-core,0,200,150,150,7987,9147,1105,18239
directed_cut,email-Eu-core,0,200,151,151,7999,9153,1086,18238
directed_cut,email-Eu-core,0,200,152,152,8011,9172,1066,18249
directed_cut,email-Eu-core,0,200,153,153,8022,9194,1048,18264
directed_cut,email-Eu-core,0,200,154,154,8033,9246,1033,18312
directed_cut,email-Eu-core,0,200,155,155,8044,9292,1020,18356
directed_cut,email-Eu-core,0,200,156,156,8054,9323,994,18371
directed_cut,email-Eu-core,0,200,157,157,8064,9338,981,18383
directed_cut,email-Eu-core,0,200,158,158,8074,9380,953,18407
directed_cut,email-Eu-core,0,200,159,159,8084,9417,942,18443
directed_cut,email-Eu-core,0,200,160,160,8094,9444,903,18441
directed_cut,email-Eu-core,0,200,161,161,8104,9450,897,18451
directed_cut,email-Eu-core,0,200,162,162,8114,9453,887,18454
directed_cut,email-Eu-core,0,200,163,163,8124,9461,872,18457
directed_cut,email-Eu-core,0,200,164,164,8134,9470,846,18450
directed_cut,email-Eu-core,0,200,165,165,8143,9511,831,18485
directed_cut,email-Eu-core,0,200,166,166,8152,9531,812,18495
directed_cut,email-Eu-core,0,200,167,167,8161,9568,793,18522
directed_cut,email-Eu-core,0,200,168,168,8170,9583,773,18526
directed_cut,email-Eu-core,0,200,169,169,8179,9602,749,18530
directed_cut,email-Eu-core,0,200,170,170,8188,9630,747,18565
directed_cut,email-Eu-core,0,200,171,171,8197,9653,730,18580
directed_cut,email-Eu-core,0,200,172,172,8206,9661,720,18587
directed_cut,email-Eu-core,0,200,173,173,8214,9689,699,18602
directed_cut,email-Eu-core,0,200,174,174,8222,9708,690,18620
directed_cut,email-Eu-core,0,200,175,175,8230,9726,668,18624
directed_cut,email-Eu-core,0,200,176,176,8238,9757,664,18659
directed_cut,email-Eu-core,0,200,177,177,8246,9765,652,18663
directed_cut,email-Eu-core,0,200,178,178,8254,9797,616,18667
directed_cut,email-Eu-core,0,200,179,179,8262,9800,611,18673
directed_cut,email-Eu-core,0,200,180,180,8270,9815,598,18683
directed_cut,email-Eu-core,0,200,181,181,8278,9824,588,18690
directed_cut,email-Eu-core,0,200,182,182,8285,9837,569,18691
directed_cut,email-Eu-core,0,200,183,183,8292,9856,562,18710
directed_cut,email-Eu-core,0,200,184,184,8299,9874,555,18728
directed_cut,email-Eu-core,0,200,185,185,8306,9890,543,18739
directed_cut,email-Eu-core,0,200,186,186,8313,9912,529,18754
directed_cut,email-Eu-core,0,200,187,187,8320,9922,518,18760
directed_cut,email-Eu-core,0,200,188,188,8327,9938,516,18781
directed_cut,email-Eu-core,0,200,189,189,8333,9999,494,18826
directed_cut,email-Eu-core,0,200,190,190,8339,10060,472,18871
directed_cut,email-Eu-core,0,200,191,191,8345,10160,435,18940
directed_cut,email-Eu-core,0,200,192,192,8351,10171,428,18950
directed_cut,email-Eu-core,0,200,193,193,8357,10191,421,18969
directed_cut,email-Eu-core,0,200,194,194,8363,10193,412,18968
directed_cut,email-Eu-core,0,200,195,195,8369,10196,395,18960
directed_cut,email-Eu-core,0,200,196,196,8375,10203,394,18972
directed_cut,email-Eu-core,0,200,197,197,8381,10205,383,18969
directed_cut,email-Eu-core,0,200,198,198,8386,10236,372,18994
directed_cut,email-Eu-core,0,200,199,199,8391,10254,357,19002
directed_cut,email-Eu-core,0,200,200,200,8396,10268,351,19015
directed_cut,email-Eu-core,0,220,0,0,0,0,12877,12877
directed_cut,email-Eu-core,0,220,1,1,333,211,12434,12978
directed_cut,email-Eu-core,0,220,2,2,557,331,12128,13016
directed_cut,email-Eu-core,0,220,3,3,775,487,11821,13083
directed_cut,email-Eu-core,0,220,4,4,974,655,11531,13160
directed_cut,email-Eu-core,0,220,5,5,1169,808,11251,13228
directed_cut,email-Eu-core,0,220,6,6,1352,986,10976,13314
directed_cut,email-Eu-core,0,220,7,7,1522,1046,10774,13342
directed_cut,email-Eu-core,0,220,8,8,1675,1169,10591,13435
directed_cut,email-Eu-core,0,220,9,9,1826,1319,10344,13489
directed_cut,email-Eu-core,0,220,10,10,1971,1430,10133,13534
directed_cut,email-Eu-core,0,220,11,11,2112,1572,9898,13582
directed_cut,email-Eu-core,0,220,12,12,2238,1689,9714,13641
directed_cut,email-Eu-core,0,220,13,13,2359,1776,9571,13706
directed_cut,email-Eu-core,0,220,14,14,2474,1823,9455,13752
directed_cut,email-Eu-core,0,220,15,15,2587,1961,9284,13832
directed_cut,email-Eu-core,0,220,16,16,2699,2046,9145,13890
directed_cut,email-Eu-core,0,220,17,17,2804,2172,8974,13950
directed_cut,email-Eu-core,0,220,18,18,2906,2264,8843,14013
directed_cut,email-Eu-core,0,220,19,19,3007,2357,8706,14070
directed_cut,email-Eu-core,0,220,20,20,3105,2465,8551,14121
directed_cut,email-Eu-core,0,220,21,21,3201,2600,8399,14200
directed_cut,email-Eu-core,0,220,22,22,3296,2698,8264,14258
directed_cut,email-Eu-core,0,220,23,23,3390,2806,8112,14308
directed_cut,email-Eu-core,0,220,24,24,3482,2815,8025,14322
directed_cut,email-Eu-core,0,220,25,25,3572,2925,7903,14400
directed_cut,email-Eu-core,0,220,26,26,3661,3014,7771,14446
directed_cut,email-Eu-core,0,220,27,27,3747,3128,7637,14512
directed_cut,email-Eu-core,0,220,28,28,3829,3224,7518,14571
directed_cut,email-Eu-core,0,220,29,29,3911,3330,7395,14636
directed_cut,email-Eu-core,0,220,30,30,3992,3433,7248,14673
directed_cut,email-Eu-core,0,220,31,31,4072,3512,7155,14739
directed_cut,email-Eu-core,0,220,32,32,4151,3541,7066,14758
directed_cut,email-Eu-core,0,220,33,33,4228,3602,6965,14795
directed_cut,email-Eu-core,0,220,34,34,4303,3662,6873,14838
directed_cut,email-Eu-core,0,220,35,35,4378,3771,6755,14904
directed_cut,email-Eu-core,0,220,36,36,4451,3852,6644,14947
directed_cut,email-Eu-core,0,220,37,37,4524,3947,6535,15006
directed_cut,email-Eu-core,0,220,38,38,4594,4032,6432,15058
directed_cut,email-Eu-core,0,220,39,39,4664,4147,6313,15124
directed_cut,email-Eu-core,0,220,40,40,4733,4229,6203,15165
directed_cut,email-Eu-core,0,220,41,41,4801,4270,6125,15196
directed_cut,email-Eu-core,0,220,42,42,4867,4309,6062,15238
directed_cut,email-Eu-core,0,220,43,43,4931,4382,5968,15281
directed_cut,email-Eu-core,0,220,44,44,4993,4458,5875,15326
directed_cut,email-Eu-core,0,220,45,45,5053,4511,5799,15363
directed_cut,email-Eu-core,0,220,46,46,5113,4602,5700,15415
directed_cut,email-Eu-core,0,220,47,47,5173,4673,5611,15457
directed_cut,email-Eu-core,0,220,48,48,5231,4775,5501,15507
directed_cut,email-Eu-core,0,220,49,49,5289,4829,5419,15537
directed_cut,email-Eu-core,0,220,50,50,5346,4883,5333,15562
directed_cut,email-Eu-core,0,220,51,51,5402,4911,5271,15584
directed_cut,email-Eu-core,0,220,52,52,5457,4959,5214,15630
directed_cut,email-Eu-core,0,220,53,53,5511,5011,5126,15648
directed_cut,email-Eu-core,0,220,54,54,5564,5072,5068,15704
directed_cut,email-Eu-core,0,220,55,55,5616,5115,5014,15745
directed_cut,email-Eu-core,0,220,56,56,5667,5189,4931,15787
directed_cut,email-Eu-core,0,220,57,57,5716,5237,4857,15810
directed_cut,email-Eu-core,0,220,58,58,5764,5356,4743,15863
directed_cut,email-Eu-core,0,220,59,59,5812,5431,4658,15901
directed_cut,email-Eu-core,0,220,60,60,5857,5506,4586,15949
directed_cut,email-Eu-core,0,220,61,61,5901,5582,4494,15977
directed_cut,email-Eu-core,0,220,62,62,5945,5632,4431,16008
directed_cut,email-Eu-core,0,220,63,63,5989,5685,4381,16055
directed_cut,email-Eu-core,0,220,64,64,6032,5780,4292,16104
directed_cut,email-Eu-core,0,220,65,65,6073,5827,4225,16125
directed_cut,email-Eu-core,0,220,66,66,6113,5927,4146,16186
directed_cut,email-Eu-core,0,220,67,67,6152,5966,4102,16220
directed_cut,email-Eu-core,0,220,68,68,6190,6020,4033,16243
directed_cut,email-Eu-core,0,220,69,69,6228,6092,3986,16306
directed_cut,email-Eu-core,0,220,70,70,6266,6164,3922,16352
directed_cut,email-Eu-core,0,220,71,71,6302,6237,3845,16384
directed_cut,email-Eu-core,0,220,72,72,6338,6285,3802,16425
directed_cut,email-Eu-core,0,220,73,73,6374,6324,3752,16450
directed_cut,email-Eu-core,0,220,74,74,6409,6352,3706,16467
directed_cut,email-Eu-core,0,220,75,75,6443,6405,3652,16500
directed_cut,email-Eu-core,0,220,76,76,6477,6472,3586,16535
directed_cut,email-Eu-core,0,220,77,77,6510,6534,3530,16574
directed_cut,email-Eu-core,0,220,78,78,6542,6561,3497,16600
directed_cut,email-Eu-core,0,220,79,79,6574,6620,3439,16633
directed_cut,email-Eu-core,0,220,80,80,6606,6663,3390,16659
directed_cut,email-Eu-core,0,220,81,81,6637,6703,3356,16696
directed_cut,email-Eu-core,0,220,82,82,6668,6753,3317,16738
directed_cut,email-Eu-core,0,220,83,83,6698,6795,3279,16772
directed_cut,email-Eu-core,0,220,84,84,6728,6828,3231,16787
directed_cut,email-Eu-core,0,220,85,85,6757,6871,3199,16827
directed_cut,email-Eu-core,0,220,86,86,6785,6902,3170,16857
directed_cut,email-Eu-core,0,220,87,87,6813,6941,3142,16896
directed_cut,email-Eu-core,0,220,88,88,6841,7026,3082,16949
directed_cut,email-Eu-core,0,220,89,89,6869,7054,3035,16958
directed_cut,email-Eu-core,0,220,90,90,6896,7080,2993,16969
directed_cut,email-Eu-core,0,220,91,91,6923,7108,2957,16988
directed_cut,email-Eu-core,0,220,92,92,6949,7175,2900,17024
directed_cut,email-Eu-core,0,220,93,93,6975,7177,2869,17021
directed_cut,email-Eu-core,0,220,94,94,7000,7198,2852,17050
directed_cut,email-Eu-core,0,220,95,95,7025,7247,2814,17086
directed_cut,email-Eu-core,0,220,96,96,7050,7285,2759,17094
directed_cut,email-Eu-core,0,220,97,97,7075,7321,2723,17119
directed_cut,email-Eu-core,0,220,98,98,7099,7378,2674,17151
directed_cut,email-Eu-core,0,220,99,99,7123,7392,2655,17170
directed_cut,email-Eu-core,0,220,100,100,7147,7431,2602,17180
directed_cut,email-Eu-core,0,220,101,101,7169,7476,2587,17232
directed_cut,email-Eu-core,0,220,102,102,7191,7511,2547,17249
directed_cut,email-Eu-core,0,220,103,103,7213,7527,2516,17256
directed_cut,email-Eu-core,0,220,104,104,7234,7613,2489,17336
directed_cut,email-Eu-core,0,220,105,105,7255,7623,2463,17341
directed_cut,email-Eu-core,0,220,106,106,7276,7658,2427,17361
directed_cut,email-Eu-core,0,220,107,107,7297,7694,2394,17385
directed_cut,email-Eu-core,0,220,108,108,7317,7754,2360,17431
directed_cut,email-Eu-core,0,220,109,109,7337,7800,2333,17470
directed_cut,email-Eu-core,0,220,110,110,7357,7828,2303,17488
directed_cut,email-Eu-core,0,220,111,111,7377,7833,2287,17497
directed_cut,email-Eu-core,0,220,112,112,7396,7877,2225,17498
directed_cut,email-Eu-core,0,220,113,113,7415,7951,2174,17540
directed_cut,email-Eu-core,0,220,114,114,7434,7973,2163,17570
directed_cut,email-Eu-core,0,220,115,115,7453,8008,2139,17600
directed_cut,email-Eu-core,0,220,116,116,7471,8053,2087,17611
directed_cut,email-Eu-core,0,220,117,117,7489,8180,2040,17709
directed_cut,email-Eu-core,0,220,118,118,7507,8224,2009,17740
directed_cut,email-Eu-core,0,220,119,119,7525,8265,1965,17755
directed_cut,email-Eu-core,0,220,120,120,7543,8283,1945,17771
directed_cut,email-Eu-core,0,220,121,121,7560,8315,1898,17773
directed_cut,email-Eu-core,0,220,122,122,7577,8382,1864,17823
directed_cut,email-Eu-core,0,220,123,123,7594,8441,1822,17857
directed_cut,email-Eu-core,0,220,124,124,7611,8472,1801,17884
directed_cut,email-Eu-core,0,220,125,125,7628,8487,1753,17868
directed_cut,email-Eu-core,0,220,126,126,7645,8521,1743,17909
directed_cut,email-Eu-core,0,220,127,127,7662,8538,1709,17909
directed_cut,email-Eu-core,0,220,128,128,7678,8563,1690,17931
directed_cut,email-Eu-core,0,220,129,129,7694,8601,1635,17930
directed_cut,email-Eu-core,0,220,130,130,7710,8631,1598,17939
directed_cut,email-Eu-core,0,220,131,131,7726,8653,1583,17962
directed_cut,email-Eu-core,0,220,132,132,7742,8691,1555,17988
directed_cut,email-Eu-core,0,220,133,133,7758,8696,1544,17998
directed_cut,email-Eu-core,0,220,134,134,7773,8720,1519,18012
directed_cut,email-Eu-core,0,220,135,135,7788,8771,1486,18045
directed_cut,email-Eu-core,0,220,136,136,7803,8810,1462,18075
directed_cut,email-Eu-core,0,220,137,137,7818,8820,1449,18087
directed_cut,email-Eu-core,0,220,138,138,7832,8833,1428,18093
directed_cut,email-Eu-core,0,220,139,139,7846,8893,1392,18131
directed_cut,email-Eu-core,0,220,140,140,7860,8919,1361,18140
directed_cut,email-Eu-core,0,220,141,141,7874,8925,1346,18145
directed_cut,email-Eu-core,0,220,142,142,7887,8943,1335,18165
directed_cut,email-Eu-core,0,220,143,143,7900,8978,1312,18190
directed_cut,email-Eu-core,0,220,144,144,7913,9003,1296,18212
directed_cut,email-Eu-core,0,220,145,145,7926,9031,1272,18229
directed_cut,email-Eu-core,0,220,146,146,7939,9040,1246,18225
directed_cut,email-Eu-core,0,220,147,147,7951,9077,1222,18250
directed_cut,email-Eu-core,0,220,148,148,7963,9110,1189,18262
directed_cut,email-Eu-core,0,220,149,149,7975,9129,1161,18265
directed_cut,email-Eu-core,0,220,150,150,7987,9147,1145,18279
directed_cut,email-Eu-core,0,220,151,151,7999,9153,1126,18278
directed_cut,email-Eu-core,0,220,152,152,8011,9172,1106,18289
directed_cut,email-Eu-core,0,220,153,153,8022,9194,1088,18304
directed_cut,email-Eu-core,0,220,154,154,8033,9246,1073,18352
directed_cut,email-Eu-core,0,220,155,155,8044,9292,1060,18396
directed_cut,email-Eu-core,0,220,156,156,8054,9323,1031,18408
directed_cut,email-Eu-core,0,220,157,157,8064,9338,1017,18419
directed_cut,email-Eu-core,0,220,158,158,8074,9380,980,18434
directed_cut,email-Eu-core,0,220,159,159,8084,9417,967,18468
directed_cut,email-Eu-core,0,220,160,160,8094,9444,923,18461
directed_cut,email-Eu-core,0,220,161,161,8104,9450,919,18473
directed_cut,email-Eu-core,0,220,162,162,8114,9453,907,18474
directed_cut,email-Eu-core,0,220,163,163,8124,9461,892,18477
directed_cut,email-Eu-core,0,220,164,164,8134,9470,866,18470
directed_cut,email-Eu-core,0,220,165,165,8143,9511,851,18505
directed_cut,email-Eu-core,0,220,166,166,8152,9531,832,18515
directed_cut,email-Eu-core,0,220,167,167,8161,9568,813,18542
directed_cut,email-Eu-core,0,220,168,168,8170,9583,793,18546
directed_cut,email-Eu-core,0,220,169,169,8179,9602,769,18550
directed_cut,email-Eu-core,0,220,170,170,8188,9630,767,18585
directed_cut,email-Eu-core,0,220,171,171,8197,9653,750,18600
directed_cut,email-Eu-core,0,220,172,172,8206,9661,740,18607
directed_cut,email-Eu-core,0,220,173,173,8214,9689,719,18622
directed_cut,email-Eu-core,0,220,174,174,8222,9708,710,18640
directed_cut,email-Eu-core,0,220,175,175,8230,9726,688,18644
directed_cut,email-Eu-core,0,220,176,176,8238,9757,684,18679
directed_cut,email-Eu-core,0,220,177,177,8246,9765,672,18683
directed_cut,email-Eu-core,0,220,178,178,8254,9797,636,18687
directed_cut,email-Eu-core,0,220,179,179,8262,9800,631,18693
directed_cut,email-Eu-core,0,220,180,180,8270,9815,618,18703
directed_cut,email-Eu-core,0,220,181,181,8278,9824,608,18710
directed_cut,email-Eu-core,0,220,182,182,8285,9837,589,18711
directed_cut,email-Eu-core,0,220,183,183,8292,9856,582,18730
directed_cut,email-Eu-core,0,220,184,184,8299,9874,575,18748
directed_cut,email-Eu-core,0,220,185,185,8306,9890,563,18759
directed_cut,email-Eu-core,0,220,186,186,8313,9912,546,18771
directed_cut,email-Eu-core,0,220,187,187,8320,9922,532,18774
directed_cut,email-Eu-core,0,220,188,188,8327,9938,531,18796
directed_cut,email-Eu-core,0,220,189,189,8333,9999,501,18833
directed_cut,email-Eu-core,0,220,190,190,8339,10060,474,18873
directed_cut,email-Eu-core,0,220,191,191,8345,10160,435,18940
directed_cut,email-Eu-core,0,220,192,192,8351,10171,428,18950
directed_cut,email-Eu-core,0,220,193,193,8357,10191,421,18969
directed_cut,email-Eu-core,0,220,194,194,8363,10193,412,18968
directed_cut,email-Eu-core,0,220,195,195,8369,10196,395,18960
directed_cut,email-Eu-core,0,220,196,196,8375,10203,394,18972
directed_cut,email-Eu-core,0,220,197,197,8381,10205,383,18969
directed_cut,email-Eu-core,0,220,198,198,8386,10236,372,18994
directed_cut,email-Eu-core,0,220,199,199,8391,10254,357,19002
directed_cut,email-Eu-core,0,220,200,200,8396,10268,351,19015
directed_cut,email-Eu-core,0,220,201,201,8401,10279,342,19022
directed_cut,email-Eu-core,0,220,202,202,8406,10287,333,19026
directed_cut,email-Eu-core,0,220,203,203,8411,10302,323,19036
directed_cut,email-Eu-core,0,220,204,204,8416,10306,324,19046
directed_cut,email-Eu-core,0,220,205,205,8421,10314,314,19049
directed_cut,email-Eu-core,0,220,206,206,8426,10315,306,19047
directed_cut,email-Eu-core,0,220,207,207,8431,10326,298,19055
directed_cut,email-Eu-core,0,220,208,208,8436,10340,287,19063
directed_cut,email-Eu-core,0,220,209,209,8440,10378,279,19097
directed_cut,email-Eu-core,0,220,210,210,8444,10391,273,19108
directed_cut,email-Eu-core,0,220,211,211,8448,10417,256,19121
directed_cut,email-Eu-core,0,220,212,212,8452,10437,252,19141
directed_cut,email-Eu-core,0,220,213,213,8456,10461,246,19163
directed_cut,email-Eu-core,0,220,214,214,8460,10507,241,19208
directed_cut,email-Eu-core,0,220,215,215,8464,10529,231,19224
directed_cut,email-Eu-core,0,220,216,216,8468,10538,221,19227
directed_cut,email-Eu-core,0,220,217,217,8472,10544,215,19231
directed_cut,email-Eu-core,0,220,218,218,8476,10570,211,19257
directed_cut,email-Eu-core,0,220,219,219,8480,10585,205,19270
directed_cut,email-Eu-core,0,220,220,220,8484,10598,201,19283
directed_cut,email-Eu-core,0,240,0,0,0,0,13386,13386
directed_cut,email-Eu-core,0,240,1,1,333,211,12932,13476
directed_cut,email-Eu-core,0,240,2,2,557,331,12623,13511
directed_cut,email-Eu-core,0,240,3,3,775,487,12313,13575
directed_cut,email-Eu-core,0,240,4,4,974,655,12019,13648
directed_cut,email-Eu-core,0,240,5,5,1169,808,11730,13707
directed_cut,email-Eu-core,0,240,6,6,1352,986,11449,13787
directed_cut,email-Eu-core,0,240,7,7,1522,1046,11243,13811
directed_cut,email-Eu-core,0,240,8,8,1675,1169,11057,13901
directed_cut,email-Eu-core,0,240,9,9,1826,1319,10801,13946
directed_cut,email-Eu-core,0,240,10,10,1971,1430,10585,13986
directed_cut,email-Eu-core,0,240,11,11,2112,1572,10345,14029
directed_cut,email-Eu-core,0,240,12,12,2238,1689,10157,14084
directed_cut,email-Eu-core,0,240,13,13,2359,1776,10006,14141
directed_cut,email-Eu-core,0,240,14,14,2474,1823,9888,14185
directed_cut,email-Eu-core,0,240,15,15,2587,1961,9712,14260
directed_cut,email-Eu-core,0,240,16,16,2699,2046,9569,14314
directed_cut,email-Eu-core,0,240,17,17,2804,2172,9393,14369
directed_cut,email-Eu-core,0,240,18,18,2906,2264,9258,14428
directed_cut,email-Eu-core,0,240,19,19,3007,2357,9116,14480
directed_cut,email-Eu-core,0,240,20,20,3105,2465,8954,14524
directed_cut,email-Eu-core,0,240,21,21,3201,2600,8794,14595
directed_cut,email-Eu-core,0,240,22,22,3296,2698,8657,14651
directed_cut,email-Eu-core,0,240,23,23,3390,2806,8501,14697
directed_cut,email-Eu-core,0,240,24,24,3482,2815,8413,14710
directed_cut,email-Eu-core,0,240,25,25,3572,2925,8279,14776
directed_cut,email-Eu-core,0,240,26,26,3661,3014,8139,14814
directed_cut,email-Eu-core,0,240,27,27,3747,3128,7991,14866
directed_cut,email-Eu-core,0,240,28,28,3829,3224,7867,14920
directed_cut,email-Eu-core,0,240,29,29,3911,3330,7740,14981
directed_cut,email-Eu-core,0,240,30,30,3992,3433,7585,15010
directed_cut,email-Eu-core,0,240,31,31,4072,3512,7489,15073
directed_cut,email-Eu-core,0,240,32,32,4151,3541,7401,15093
directed_cut,email-Eu-core,0,240,33,33,4228,3602,7299,15129
directed_cut,email-Eu-core,0,240,34,34,4303,3662,7203,15168
directed_cut,email-Eu-core,0,240,35,35,4378,3771,7074,15223
directed_cut,email-Eu-core,0,240,36,36,4451,3852,6959,15262
directed_cut,email-Eu-core,0,240,37,37,4524,3947,6846,15317
directed_cut,email-Eu-core,0,240,38,38,4594,4032,6738,15364
directed_cut,email-Eu-core,0,240,39,39,4664,4147,6612,15423
directed_cut,email-Eu-core,0,240,40,40,4733,4229,6497,15459
directed_cut,email-Eu-core,0,240,41,41,4801,4270,6417,15488
directed_cut,email-Eu-core,0,240,42,42,4867,4309,6350,15526
directed_cut,email-Eu-core,0,240,43,43,4931,4382,6247,15560
directed_cut,email-Eu-core,0,240,44,44,4993,4458,6151,15602
directed_cut,email-Eu-core,0,240,45,45,5053,4511,6072,15636
directed_cut,email-Eu-core,0,240,46,46,5113,4602,5968,15683
directed_cut,email-Eu-core,0,240,47,47,5173,4673,5873,15719
directed_cut,email-Eu-core,0,240,48,48,5231,4775,5761,15767
directed_cut,email-Eu-core,0,240,49,49,5289,4829,5679,15797
directed_cut,email-Eu-core,0,240,50,50,5346,4883,5593,15822
directed_cut,email-Eu-core,0,240,51,51,5402,4911,5531,15844
directed_cut,email-Eu-core,0,240,52,52,5457,4959,5470,15886
directed_cut,email-Eu-core,0,240,53,53,5511,5011,5378,15900
directed_cut,email-Eu-core,0,240,54,54,5564,5072,5316,15952
directed_cut,email-Eu-core,0,240,55,55,5616,5115,5259,15990
directed_cut,email-Eu-core,0,240,56,56,5667,5189,5174,16030
directed_cut,email-Eu-core,0,240,57,57,5716,5237,5097,16050
directed_cut,email-Eu-core,0,240,58,58,5764,5356,4977,16097
directed_cut,email-Eu-core,0,240,59,59,5812,5431,4888,16131
directed_cut,email-Eu-core,0,240,60,60,5857,5506,4811,16174
directed_cut,email-Eu-core,0,240,61,61,5901,5582,4714,16197
directed_cut,email-Eu-core,0,240,62,62,5945,5632,4651,16228
directed_cut,email-Eu-core,0,240,63,63,5989,5685,4601,16275
directed_cut,email-Eu-core,0,240,64,64,6032,5780,4511,16323
directed_cut,email-Eu-core,0,240,65,65,6073,5827,4440,16340
directed_cut,email-Eu-core,0,240,66,66,6113,5927,4358,16398
directed_cut,email-Eu-core,0,240,67,67,6152,5966,4308,16426
directed_cut,email-Eu-core,0,240,68,68,6190,6020,4235,16445
directed_cut,email-Eu-core,0,240,69,69,6228,6092,4185,16505
directed_cut,email-Eu-core,0,240,70,70,6266,6164,4120,16550
directed_cut,email-Eu-core,0,240,71,71,6302,6237,4039,16578
directed_cut,email-Eu-core,0,240,72,72,6338,6285,3995,16618
directed_cut,email-Eu-core,0,240,73,73,6374,6324,3940,16638
directed_cut,email-Eu-core,0,240,74,74,6409,6352,3891,16652
directed_cut,email-Eu-core,0,240,75,75,6443,6405,3835,16683
directed_cut,email-Eu-core,0,240,76,76,6477,6472,3766,16715
directed_cut,email-Eu-core,0,240,77,77,6510,6534,3710,16754
directed_cut,email-Eu-core,0,240,78,78,6542,6561,3677,16780
directed_cut,email-Eu-core,0,240,79,79,6574,6620,3618,16812
directed_cut,email-Eu-core,0,240,80,80,6606,6663,3561,16830
directed_cut,email-Eu-core,0,240,81,81,6637,6703,3523,16863
directed_cut,email-Eu-core,0,240,82,82,6668,6753,3479,16900
directed_cut,email-Eu-core,0,240,83,83,6698,6795,3439,16932
directed_cut,email-Eu-core,0,240,84,84,6728,6828,3391,16947
directed_cut,email-Eu-core,0,240,85,85,6757,6871,3359,16987
directed_cut,email-Eu-core,0,240,86,86,6785,6902,3330,17017
directed_cut,email-Eu-core,0,240,87,87,6813,6941,3300,17054
directed_cut,email-Eu-core,0,240,88,88,6841,7026,3232,17099
directed_cut,email-Eu-core,0,240,89,89,6869,7054,3184,17107
directed_cut,email-Eu-core,0,240,90,90,6896,7080,3138,17114
directed_cut,email-Eu-core,0,240,91,91,6923,7108,3098,17129
directed_cut,email-Eu-core,0,240,92,92,6949,7175,3037,17161
directed_cut,email-Eu-core,0,240,93,93,6975,7177,3004,17156
directed_cut,email-Eu-core,0,240,94,94,7000,7198,2984,17182
directed_cut,email-Eu-core,0,240,95,95,7025,7247,2946,17218
directed_cut,email-Eu-core,0,240,96,96,7050,7285,2884,17219
directed_cut,email-Eu-core,0,240,97,97,7075,7321,2844,17240
directed_cut,email-Eu-core,0,240,98,98,7099,7378,2794,17271
directed_cut,email-Eu-core,0,240,99,99,7123,7392,2775,17290
directed_cut,email-Eu-core,0,240,100,100,7147,7431,2722,17300
directed_cut,email-Eu-core,0,240,101,101,7169,7476,2706,17351
directed_cut,email-Eu-core,0,240,102,102,7191,7511,2662,17364
directed_cut,email-Eu-core,0,240,103,103,7213,7527,2629,17369
directed_cut,email-Eu-core,0,240,104,104,7234,7613,2601,17448
directed_cut,email-Eu-core,0,240,105,105,7255,7623,2574,17452
directed_cut,email-Eu-core,0,240,106,106,7276,7658,2537,17471
directed_cut,email-Eu-core,0,240,107,107,7297,7694,2501,17492
directed_cut,email-Eu-core,0,240,108,108,7317,7754,2461,17532
directed_cut,email-Eu-core,0,240,109,109,7337,7800,2433,17570
directed_cut,email-Eu-core,0,240,110,110,7357,7828,2403,17588
directed_cut,email-Eu-core,0,240,111,111,7377,7833,2387,17597
directed_cut,email-Eu-core,0,240,112,112,7396,7877,2321,17594
directed_cut,email-Eu-core,0,240,113,113,7415,7951,2262,17628
directed_cut,email-Eu-core,0,240,114,114,7434,7973,2251,17658
directed_cut,email-Eu-core,0,240,115,115,7453,8008,2224,17685
directed_cut,email-Eu-core,0,240,116,116,7471,8053,2167,17691
directed_cut,email-Eu-core,0,240,117,117,7489,8180,2120,17789
directed_cut,email-Eu-core,0,240,118,118,7507,8224,2089,17820
directed_cut,email-Eu-core,0,240,119,119,7525,8265,2040,17830
directed_cut,email-Eu-core,0,240,120,120,7543,8283,2017,17843
directed_cut,email-Eu-core,0,240,121,121,7560,8315,1964,17839
directed_cut,email-Eu-core,0,240,122,122,7577,8382,1925,17884
directed_cut,email-Eu-core,0,240,123,123,7594,8441,1882,17917
directed_cut,email-Eu-core,0,240,124,124,7611,8472,1861,17944
directed_cut,email-Eu-core,0,240,125,125,7628,8487,1813,17928
directed_cut,email-Eu-core,0,240,126,126,7645,8521,1803,17969
directed_cut,email-Eu-core,0,240,127,127,7662,8538,1769,17969
directed_cut,email-Eu-core,0,240,128,128,7678,8563,1750,17991
directed_cut,email-Eu-core,0,240,129,129,7694,8601,1695,17990
directed_cut,email-Eu-core,0,240,130,130,7710,8631,1657,17998
directed_cut,email-Eu-core,0,240,131,131,7726,8653,1642,18021
directed_cut,email-Eu-core,0,240,132,132,7742,8691,1612,18045
directed_cut,email-Eu-core,0,240,133,133,7758,8696,1600,18054
directed_cut,email-Eu-core,0,240,134,134,7773,8720,1574,18067
directed_cut,email-Eu-core,0,240,135,135,7788,8771,1538,18097
directed_cut,email-Eu-core,0,240,136,136,7803,8810,1511,18124
directed_cut,email-Eu-core,0,240,137,137,7818,8820,1498,18136
directed_cut,email-Eu-core,0,240,138,138,7832,8833,1476,18141
directed_cut,email-Eu-core,0,240,139,139,7846,8893,1437,18176
directed_cut,email-Eu-core,0,240,140,140,7860,8919,1402,18181
directed_cut,email-Eu-core,0,240,141,141,7874,8925,1387,18186
directed_cut,email-Eu-core,0,240,142,142,7887,8943,1375,18205
directed_cut,email-Eu-core,0,240,143,143,7900,8978,1352,18230
directed_cut,email-Eu-core,0,240,144,144,7913,9003,1336,18252
directed_cut,email-Eu-core,0,240,145,145,7926,9031,1312,18269
directed_cut,email-Eu-core,0,240,146,146,7939,9040,1286,18265
directed_cut,email-Eu-core,0,240,147,147,7951,9077,1262,18290
directed_cut,email-Eu-core,0,240,148,148,7963,9110,1223,18296
directed_cut,email-Eu-core,0,240,149,149,7975,9129,1193,18297
directed_cut,email-Eu-core,0,240,150,150,7987,9147,1174,18308
directed_cut,email-Eu-core,0,240,151,151,7999,9153,1154,18306
directed_cut,email-Eu-core,0,240,152,152,8011,9172,1132,18315
directed_cut,email-Eu-core,0,240,153,153,8022,9194,1112,18328
directed_cut,email-Eu-core,0,240,154,154,8033,9246,1097,18376
directed_cut,email-Eu-core,0,240,155,155,8044,9292,1083,18419
directed_cut,email-Eu-core,0,240,156,156,8054,9323,1051,18428
directed_cut,email-Eu-core,0,240,157,157,8064,9338,1037,18439
directed_cut,email-Eu-core,0,240,158,158,8074,9380,1000,18454
directed_cut,email-Eu-core,0,240,159,159,8084,9417,987,18488
directed_cut,email-Eu-core,0,240,160,160,8094,9444,943,18481
directed_cut,email-Eu-core,0,240,161,161,8104,9450,939,18493
directed_cut,email-Eu-core,0,240,162,162,8114,9453,927,18494
directed_cut,email-Eu-core,0,240,163,163,8124,9461,912,18497
directed_cut,email-Eu-core,0,240,164,164,8134,9470,886,18490
directed_cut,email-Eu-core,0,240,165,165,8143,9511,871,18525
directed_cut,email-Eu-core,0,240,166,166,8152,9531,852,18535
directed_cut,email-Eu-core,0,240,167,167,8161,9568,833,18562
directed_cut,email-Eu-core,0,240,168,168,8170,9583,813,18566
directed_cut,email-Eu-core,0,240,169,169,8179,9602,789,18570
directed_cut,email-Eu-core,0,240,170,170,8188,9630,787,18605
directed_cut,email-Eu-core,0,240,171,171,8197,9653,770,18620
directed_cut,email-Eu-core,0,240,172,172,8206,9661,760,18627
directed_cut,email-Eu-core,0,240,173,173,8214,9689,739,18642
directed_cut,email-Eu-core,0,240,174,174,8222,9708,730,18660
directed_cut,email-Eu-core,0,240,175,175,8230,9726,706,18662
directed_cut,email-Eu-core,0,240,176,176,8238,9757,704,18699
directed_cut,email-Eu-core,0,240,177,177,8246,9765,692,18703
directed_cut,email-Eu-core,0,240,178,178,8254,9797,652,18703
directed_cut,email-Eu-core,0,240,179,179,8262,9800,646,18708
directed_cut,email-Eu-core,0,240,180,180,8270,9815,628,18713
directed_cut,email-Eu-core,0,240,181,181,8278,9824,619,18721
directed_cut,email-Eu-core,0,240,182,182,8285,9837,596,18718
directed_cut,email-Eu-core,0,240,183,183,8292,9856,586,18734
directed_cut,email-Eu-core,0,240,184,184,8299,9874,577,18750
directed_cut,email-Eu-core,0,240,185,185,8306,9890,563,18759
directed_cut,email-Eu-core,0,240,186,186,8313,9912,546,18771
directed_cut,email-Eu-core,0,240,187,187,8320,9922,532,18774
directed_cut,email-Eu-core,0,240,188,188,8327,9938,531,18796
directed_cut,email-Eu-core,0,240,189,189,8333,9999,501,18833
directed_cut,email-Eu-core,0,240,190,190,8339,10060,474,18873
directed_cut,email-Eu-core,0,240,191,191,8345,10160,435,18940
directed_cut,email-Eu-core,0,240,192,192,8351,10171,428,18950
directed_cut,email-Eu-core,0,240,193,193,8357,10191,421,18969
directed_cut,email-Eu-core,0,240,194,194,8363,10193,412,18968
directed_cut,email-Eu-core,0,240,195,195,8369,10196,395,18960
directed_cut,email-Eu-core,0,240,196,196,8375,10203,394,18972
directed_cut,email-Eu-core,0,240,197,197,8381,10205,383,18969
directed_cut,email-Eu-core,0,240,198,198,8386,10236,372,18994
directed_cut,email-Eu-core,0,240,199,199,8391,10254,357,19002
directed_cut,email-Eu-core,0,240,200,200,8396,10268,351,19015
directed_cut,email-Eu-core,0,240,201,201,8401,10279,342,19022
directed_cut,email-Eu-core,0,240,202,202,8406,10287,333,19026
directed_cut,email-Eu-core,0,240,203,203,8411,10302,323,19036
directed_cut,email-Eu-core,0,240,204,204,8416,10306,324,19046
directed_cut,email-Eu-core,0,240,205,205,8421,10314,314,19049
directed_cut,email-Eu-core,0,240,206,206,8426,10315,306,19047
directed_cut,email-Eu-core,0,240,207,207,8431,10326,298,19055
directed_cut,email-Eu-core,0,240,208,208,8436,10340,287,19063
directed_cut,email-Eu-core,0,240,209,209,8440,10378,279,19097
directed_cut,email-Eu-core,0,240,210,210,8444,10391,273,19108
directed_cut,email-Eu-core,0,240,211,211,8448,10417,256,19121
directed_cut,email-Eu-core,0,240,212,212,8452,10437,252,19141
directed_cut,email-Eu-core,0,240,213,213,8456,10461,246,19163
directed_cut,email-Eu-core,0,240,214,214,8460,10507,241,19208
directed_cut,email-Eu-core,0,240,215,215,8464,10529,231,19224
directed_cut,email-Eu-core,0,240,216,216,8468,10538,221,19227
directed_cut,email-Eu-core,0,240,217,217,8472,10544,215,19231
directed_cut,email-Eu-core,0,240,218,218,8476,10570,211,19257
directed_cut,email-Eu-core,0,240,219,219,8480,10585,205,19270
directed_cut,email-Eu-core,0,240,220,220,8484,10598,201,19283
directed_cut,email-Eu-core,0,240,221,221,8488,10613,194,19295
directed_cut,email-Eu-core,0,240,222,222,8492,10626,189,19307
directed_cut,email-Eu-core,0,240,223,223,8496,10631,185,19312
directed_cut,email-Eu-core,0,240,224,224,8499,10694,167,19360
directed_cut,email-Eu-core,0,240,225,225,8502,10711,159,19372
directed_cut,email-Eu-core,0,240,226,226,8505,10735,156,19396
directed_cut,email-Eu-core,0,240,227,227,8508,10754,149,19411
directed_cut,email-Eu-core,0,240,228,228,8511,10782,142,19435
directed_cut,email-Eu-core,0,240,229,229,8514,10821,128,19463
directed_cut,email-Eu-core,0,240,230,230,8517,10843,125,19485
directed_cut,email-Eu-core,0,240,231,231,8520,10851,121,19492
directed_cut,email-Eu-core,0,240,232,232,8523,10871,117,19511
directed_cut,email-Eu-core,0,240,233,233,8526,10873,114,19513
directed_cut,email-Eu-core,0,240,234,234,8529,10874,108,19511
directed_cut,email-Eu-core,0,240,235,235,8532,10874,104,19510
directed_cut,email-Eu-core,0,240,236,236,8535,10879,101,19515
directed_cut,email-Eu-core,0,240,237,237,8538,10885,99,19522
directed_cut,email-Eu-core,0,240,238,238,8541,10888,96,19525
directed_cut,email-Eu-core,0,240,239,239,8544,10890,93,19527
directed_cut,email-Eu-core,0,240,240,240,8547,10908,90,19545
directed_cut,email-Eu-core,0,260,0,0,0,0,13864,13864
directed_cut,email-Eu-core,0,260,1,1,333,211,13402,13946
directed_cut,email-Eu-core,0,260,2,2,557,331,13090,13978
directed_cut,email-Eu-core,0,260,3,3,775,487,12777,14039
directed_cut,email-Eu-core,0,260,4,4,974,655,12476,14105
directed_cut,email-Eu-core,0,260,5,5,1169,808,12182,14159
directed_cut,email-Eu-core,0,260,6,6,1352,986,11899,14237
directed_cut,email-Eu-core,0,260,7,7,1522,1046,11687,14255
directed_cut,email-Eu-core,0,260,8,8,1675,1169,11500,14344
directed_cut,email-Eu-core,0,260,9,9,1826,1319,11236,14381
directed_cut,email-Eu-core,0,260,10,10,1971,1430,11016,14417
directed_cut,email-Eu-core,0,260,11,11,2112,1572,10767,14451
directed_cut,email-Eu-core,0,260,12,12,2238,1689,10574,14501
directed_cut,email-Eu-core,0,260,13,13,2359,1776,10419,14554
directed_cut,email-Eu-core,0,260,14,14,2474,1823,10300,14597
directed_cut,email-Eu-core,0,260,15,15,2587,1961,10112,14660
directed_cut,email-Eu-core,0,260,16,16,2699,2046,9963,14708
directed_cut,email-Eu-core,0,260,17,17,2804,2172,9782,14758
directed_cut,email-Eu-core,0,260,18,18,2906,2264,9644,14814
directed_cut,email-Eu-core,0,260,19,19,3007,2357,9498,14862
directed_cut,email-Eu-core,0,260,20,20,3105,2465,9328,14898
directed_cut,email-Eu-core,0,260,21,21,3201,2600,9161,14962
directed_cut,email-Eu-core,0,260,22,22,3296,2698,9017,15011
directed_cut,email-Eu-core,0,260,23,23,3390,2806,8852,15048
directed_cut,email-Eu-core,0,260,24,24,3482,2815,8762,15059
directed_cut,email-Eu-core,0,260,25,25,3572,2925,8624,15121
directed_cut,email-Eu-core,0,260,26,26,3661,3014,8479,15154
directed_cut,email-Eu-core,0,260,27,27,3747,3128,8324,15199
directed_cut,email-Eu-core,0,260,28,28,3829,3224,8194,15247
directed_cut,email-Eu-core,0,260,29,29,3911,3330,8061,15302
directed_cut,email-Eu-core,0,260,30,30,3992,3433,7905,15330
directed_cut,email-Eu-core,0,260,31,31,4072,3512,7808,15392
directed_cut,email-Eu-core,0,260,32,32,4151,3541,7718,15410
directed_cut,email-Eu-core,0,260,33,33,4228,3602,7612,15442
directed_cut,email-Eu-core,0,260,34,34,4303,3662,7509,15474
directed_cut,email-Eu-core,0,260,35,35,4378,3771,7371,15520
directed_cut,email-Eu-core,0,260,36,36,4451,3852,7254,15557
directed_cut,email-Eu-core,0,260,37,37,4524,3947,7138,15609
directed_cut,email-Eu-core,0,260,38,38,4594,4032,7024,15650
directed_cut,email-Eu-core,0,260,39,39,4664,4147,6889,15700
directed_cut,email-Eu-core,0,260,40,40,4733,4229,6770,15732
directed_cut,email-Eu-core,0,260,41,41,4801,4270,6689,15760
directed_cut,email-Eu-core,0,260,42,42,4867,4309,6614,15790
directed_cut,email-Eu-core,0,260,43,43,4931,4382,6507,15820
directed_cut,email-Eu-core,0,260,44,44,4993,4458,6411,15862
directed_cut,email-Eu-core,0,260,45,45,5053,4511,6332,15896
directed_cut,email-Eu-core,0,260,46,46,5113,4602,6228,15943
directed_cut,email-Eu-core,0,260,47,47,5173,4673,6126,15972
directed_cut,email-Eu-core,0,260,48,48,5231,4775,6008,16014
directed_cut,email-Eu-core,0,260,49,49,5289,4829,5925,16043
directed_cut,email-Eu-core,0,260,50,50,5346,4883,5834,16063
directed_cut,email-Eu-core,0,260,51,51,5402,4911,5770,16083
directed_cut,email-Eu-core,0,260,52,52,5457,4959,5705,16121
directed_cut,email-Eu-core,0,260,53,53,5511,5011,5609,16131
directed_cut,email-Eu-core,0,260,54,54,5564,5072,5545,16181
directed_cut,email-Eu-core,0,260,55,55,5616,5115,5486,16217
directed_cut,email-Eu-core,0,260,56,56,5667,5189,5398,16254
directed_cut,email-Eu-core,0,260,57,57,5716,5237,5317,16270
directed_cut,email-Eu-core,0,260,58,58,5764,5356,5197,16317
directed_cut,email-Eu-core,0,260,59,59,5812,5431,5108,16351
directed_cut,email-Eu-core,0,260,60,60,5857,5506,5027,16390
directed_cut,email-Eu-core,0,260,61,61,5901,5582,4924,16407
directed_cut,email-Eu-core,0,260,62,62,5945,5632,4856,16433
directed_cut,email-Eu-core,0,260,63,63,5989,5685,4803,16477
directed_cut,email-Eu-core,0,260,64,64,6032,5780,4711,16523
directed_cut,email-Eu-core,0,260,65,65,6073,5827,4637,16537
directed_cut,email-Eu-core,0,260,66,66,6113,5927,4550,16590
directed_cut,email-Eu-core,0,260,67,67,6152,5966,4495,16613
directed_cut,email-Eu-core,0,260,68,68,6190,6020,4419,16629
directed_cut,email-Eu-core,0,260,69,69,6228,6092,4365,16685
directed_cut,email-Eu-core,0,260,70,70,6266,6164,4300,16730
directed_cut,email-Eu-core,0,260,71,71,6302,6237,4219,16758
directed_cut,email-Eu-core,0,260,72,72,6338,6285,4175,16798
directed_cut,email-Eu-core,0,260,73,73,6374,6324,4118,16816
directed_cut,email-Eu-core,0,260,74,74,6409,6352,4067,16828
directed_cut,email-Eu-core,0,260,75,75,6443,6405,4009,16857
directed_cut,email-Eu-core,0,260,76,76,6477,6472,3935,16884
directed_cut,email-Eu-core,0,260,77,77,6510,6534,3878,16922
directed_cut,email-Eu-core,0,260,78,78,6542,6561,3843,16946
directed_cut,email-Eu-core,0,260,79,79,6574,6620,3778,16972
directed_cut,email-Eu-core,0,260,80,80,6606,6663,3721,16990
directed_cut,email-Eu-core,0,260,81,81,6637,6703,3680,17020
directed_cut,email-Eu-core,0,260,82,82,6668,6753,3628,17049
directed_cut,email-Eu-core,0,260,83,83,6698,6795,3586,17079
directed_cut,email-Eu-core,0,260,84,84,6728,6828,3533,17089
directed_cut,email-Eu-core,0,260,85,85,6757,6871,3500,17128
directed_cut,email-Eu-core,0,260,86,86,6785,6902,3472,17159
directed_cut,email-Eu-core,0,260,87,87,6813,6941,3440,17194
directed_cut,email-Eu-core,0,260,88,88,6841,7026,3370,17237
directed_cut,email-Eu-core,0,260,89,89,6869,7054,3321,17244
directed_cut,email-Eu-core,0,260,90,90,6896,7080,3272,17248
directed_cut,email-Eu-core,0,260,91,91,6923,7108,3224,17255
directed_cut,email-Eu-core,0,260,92,92,6949,7175,3157,17281
directed_cut,email-Eu-core,0,260,93,93,6975,7177,3124,17276
directed_cut,email-Eu-core,0,260,94,94,7000,7198,3104,17302
directed_cut,email-Eu-core,0,260,95,95,7025,7247,3066,17338
directed_cut,email-Eu-core,0,260,96,96,7050,7285,3004,17339
directed_cut,email-Eu-core,0,260,97,97,7075,7321,2960,17356
directed_cut,email-Eu-core,0,260,98,98,7099,7378,2907,17384
directed_cut,email-Eu-core,0,260,99,99,7123,7392,2887,17402
directed_cut,email-Eu-core,0,260,100,100,7147,7431,2826,17404
directed_cut,email-Eu-core,0,260,101,101,7169,7476,2806,17451
directed_cut,email-Eu-core,0,260,102,102,7191,7511,2762,17464
directed_cut,email-Eu-core,0,260,103,103,7213,7527,2729,17469
directed_cut,email-Eu-core,0,260,104,104,7234,7613,2701,17548
directed_cut,email-Eu-core,0,260,105,105,7255,7623,2671,17549
directed_cut,email-Eu-core,0,260,106,106,7276,7658,2632,17566
directed_cut,email-Eu-core,0,260,107,107,7297,7694,2594,17585
directed_cut,email-Eu-core,0,260,108,108,7317,7754,2547,17618
directed_cut,email-Eu-core,0,260,109,109,7337,7800,2518,17655
directed_cut,email-Eu-core,0,260,110,110,7357,7828,2486,17671
directed_cut,email-Eu-core,0,260,111,111,7377,7833,2470,17680
directed_cut,email-Eu-core,0,260,112,112,7396,7877,2401,17674
directed_cut,email-Eu-core,0,260,113,113,7415,7951,2342,17708
directed_cut,email-Eu-core,0,260,114,114,7434,7973,2331,17738
directed_cut,email-Eu-core,0,260,115,115,7453,8008,2304,17765
directed_cut,email-Eu-core,0,260,116,116,7471,8053,2241,17765
directed_cut,email-Eu-core,0,260,117,117,7489,8180,2186,17855
directed_cut,email-Eu-core,0,260,118,118,7507,8224,2151,17882
directed_cut,email-Eu-core,0,260,119,119,7525,8265,2100,17890
directed_cut,email-Eu-core,0,260,120,120,7543,8283,2077,17903
directed_cut,email-Eu-core,0,260,121,121,7560,8315,2024,17899
directed_cut,email-Eu-core,0,260,122,122,7577,8382,1985,17944
directed_cut,email-Eu-core,0,260,123,123,7594,8441,1942,17977
directed_cut,email-Eu-core,0,260,124,124,7611,8472,1921,18004
directed_cut,email-Eu-core,0,260,125,125,7628,8487,1868,17983
directed_cut,email-Eu-core,0,260,126,126,7645,8521,1856,18022
directed_cut,email-Eu-core,0,260,127,127,7662,8538,1817,18017
directed_cut,email-Eu-core,0,260,128,128,7678,8563,1797,18038
directed_cut,email-Eu-core,0,260,129,129,7694,8601,1737,18032
directed_cut,email-Eu-core,0,260,130,130,7710,8631,1697,18038
directed_cut,email-Eu-core,0,260,131,131,7726,8653,1682,18061
directed_cut,email-Eu-core,0,260,132,132,7742,8691,1652,18085
directed_cut,email-Eu-core,0,260,133,133,7758,8696,1640,18094
directed_cut,email-Eu-core,0,260,134,134,7773,8720,1614,18107
directed_cut,email-Eu-core,0,260,135,135,7788,8771,1578,18137
directed_cut,email-Eu-core,0,260,136,136,7803,8810,1551,18164
directed_cut,email-Eu-core,0,260,137,137,7818,8820,1538,18176
directed_cut,email-Eu-core,0,260,138,138,7832,8833,1516,18181
directed_cut,email-Eu-core,0,260,139,139,7846,8893,1477,18216
directed_cut,email-Eu-core,0,260,140,140,7860,8919,1439,18218
directed_cut,email-Eu-core,0,260,141,141,7874,8925,1421,18220
directed_cut,email-Eu-core,0,260,142,142,7887,8943,1407,18237
directed_cut,email-Eu-core,0,260,143,143,7900,8978,1379,18257
directed_cut,email-Eu-core,0,260,144,144,7913,9003,1363,18279
directed_cut,email-Eu-core,0,260,145,145,7926,9031,1339,18296
directed_cut,email-Eu-core,0,260,146,146,7939,9040,1309,18288
directed_cut,email-Eu-core,0,260,147,147,7951,9077,1283,18311
directed_cut,email-Eu-core,0,260,148,148,7963,9110,1243,18316
directed_cut,email-Eu-core,0,260,149,149,7975,9129,1213,18317
directed_cut,email-Eu-core,0,260,150,150,7987,9147,1194,18328
directed_cut,email-Eu-core,0,260,151,151,7999,9153,1174,18326
directed_cut,email-Eu-core,0,260,152,152,8011,9172,1152,18335
directed_cut,email-Eu-core,0,260,153,153,8022,9194,1132,18348
directed_cut,email-Eu-core,0,260,154,154,8033,9246,1117,18396
directed_cut,email-Eu-core,0,260,155,155,8044,9292,1103,18439
directed_cut,email-Eu-core,0,260,156,156,8054,9323,1071,18448
directed_cut,email-Eu-core,0,260,157,157,8064,9338,1057,18459
directed_cut,email-Eu-core,0,260,158,158,8074,9380,1020,18474
directed_cut,email-Eu-core,0,260,159,159,8084,9417,1007,18508
directed_cut,email-Eu-core,0,260,160,160,8094,9444,963,18501
directed_cut,email-Eu-core,0,260,161,161,8104,9450,959,18513
directed_cut,email-Eu-core,0,260,162,162,8114,9453,947,18514
directed_cut,email-Eu-core,0,260,163,163,8124,9461,932,18517
directed_cut,email-Eu-core,0,260,164,164,8134,9470,906,18510
directed_cut,email-Eu-core,0,260,165,165,8143,9511,889,18543
directed_cut,email-Eu-core,0,260,166,166,8152,9531,869,18552
directed_cut,email-Eu-core,0,260,167,167,8161,9568,849,18578
directed_cut,email-Eu-core,0,260,168,168,8170,9583,827,18580
directed_cut,email-Eu-core,0,260,169,169,8179,9602,801,18582
directed_cut,email-Eu-core,0,260,170,170,8188,9630,801,18619
directed_cut,email-Eu-core,0,260,171,171,8197,9653,781,18631
directed_cut,email-Eu-core,0,260,172,172,8206,9661,770,18637
directed_cut,email-Eu-core,0,260,173,173,8214,9689,744,18647
directed_cut,email-Eu-core,0,260,174,174,8222,9708,735,18665
directed_cut,email-Eu-core,0,260,175,175,8230,9726,706,18662
directed_cut,email-Eu-core,0,260,176,176,8238,9757,706,18701
directed_cut,email-Eu-core,0,260,177,177,8246,9765,693,18704
directed_cut,email-Eu-core,0,260,178,178,8254,9797,652,18703
directed_cut,email-Eu-core,0,260,179,179,8262,9800,646,18708
directed_cut,email-Eu-core,0,260,180,180,8270,9815,628,18713
directed_cut,email-Eu-core,0,260,181,181,8278,9824,619,18721
directed_cut,email-Eu-core,0,260,182,182,8285,9837,596,18718
directed_cut,email-Eu-core,0,260,183,183,8292,9856,586,18734
directed_cut,email-Eu-core,0,260,184,184,8299,9874,577,18750
directed_cut,email-Eu-core,0,260,185,185,8306,9890,563,18759
directed_cut,email-Eu-core,0,260,186,186,8313,9912,546,18771
directed_cut,email-Eu-core,0,260,187,187,8320,9922,532,18774
directed_cut,email-Eu-core,0,260,188,188,8327,9938,531,18796
directed_cut,email-Eu-core,0,260,189,189,8333,9999,501,18833
directed_cut,email-Eu-core,0,260,190,190,8339,10060,474,18873
directed_cut,email-Eu-core,0,260,191,191,8345,10160,435,18940
directed_cut,email-Eu-core,0,260,192,192,8351,10171,428,18950
directed_cut,email-Eu-core,0,260,193,193,8357,10191,421,18969
directed_cut,email-Eu-core,0,260,194,194,8363,10193,412,18968
directed_cut,email-Eu-core,0,260,195,195,8369,10196,395,18960
directed_cut,email-Eu-core,0,260,196,196,8375,10203,394,18972
directed_cut,email-Eu-core,0,260,197,197,8381,10205,383,18969
directed_cut,email-Eu-core,0,260,198,198,8386,10236,372,18994
directed_cut,email-Eu-core,0,260,199,199,8391,10254,357,19002
directed_cut,email-Eu-core,0,260,200,200,8396,10268,351,19015
directed_cut,email-Eu-core,0,260,201,201,8401,10279,342,19022
directed_cut,email-Eu-core,0,260,202,202,8406,10287,333,19026
directed_cut,email-Eu-core,0,260,203,203,8411,10302,323,19036
directed_cut,email-Eu-core,0,260,204,204,8416,10306,324,19046
directed_cut,email-Eu-core,0,260,205,205,8421,10314,314,19049
directed_cut,email-Eu-core,0,260,206,206,8426,10315,306,19047
directed_cut,email-Eu-core,0,260,207,207,8431,10326,298,19055
directed_cut,email-Eu-core,0,260,208,208,8436,10340,287,19063
directed_cut,email-Eu-core,0,260,209,209,8440,10378,279,19097
directed_cut,email-Eu-core,0,260,210,210,8444,10391,273,19108
directed_cut,email-Eu-core,0,260,211,211,8448,10417,256,19121
directed_cut,email-Eu-core,0,260,212,212,8452,10437,252,19141
directed_cut,email-Eu-core,0,260,213,213,8456,10461,246,19163
directed_cut,email-Eu-core,0,260,214,214,8460,10507,241,19208
directed_cut,email-Eu-core,0,260,215,215,8464,10529,231,19224
directed_cut,email-Eu-core,0,260,216,216,8468,10538,221,19227
directed_cut,email-Eu-core,0,260,217,217,8472,10544,215,19231
directed_cut,email-Eu-core,0,260,218,218,8476,10570,211,19257
directed_cut,email-Eu-core,0,260,219,219,8480,10585,205,19270
directed_cut,email-Eu-core,0,260,220,220,8484,10598,201,19283
directed_cut,email-Eu-core,0,260,221,221,8488,10613,194,19295
directed_cut,email-Eu-core,0,260,222,222,8492,10626,189,19307
directed_cut,email-Eu-core,0,260,223,223,8496,10631,185,19312
directed_cut,email-Eu-core,0,260,224,224,8499,10694,167,19360
directed_cut,email-Eu-core,0,260,225,225,8502,10711,159,19372
directed_cut,email-Eu-core,0,260,226,226,8505,10735,156,19396
directed_cut,email-Eu-core,0,260,227,227,8508,10754,149,19411
directed_cut,email-Eu-core,0,260,228,228,8511,10782,142,19435
directed_cut,email-Eu-core,0,260,229,229,8514,10821,128,19463
directed_cut,email-Eu-core,0,260,230,230,8517,10843,125,19485
directed_cut,email-Eu-core,0,260,231,231,8520,10851,121,19492
directed_cut,email-Eu-core,0,260,232,232,8523,10871,117,19511
directed_cut,email-Eu-core,0,260,233,233,8526,10873,114,19513
directed_cut,email-Eu-core,0,260,234,234,8529,10874,108,19511
directed_cut,email-Eu-core,0,260,235,235,8532,10874,104,19510
directed_cut,email-Eu-core,0,260,236,236,8535,10879,101,19515
directed_cut,email-Eu-core,0,260,237,237,8538,10885,99,19522
directed_cut,email-Eu-core,0,260,238,238,8541,10888,96,19525
directed_cut,email-Eu-core,0,260,239,239,8544,10890,93,19527
directed_cut,email-Eu-core,0,260,240,240,8547,10908,90,19545
directed_cut,email-Eu-core,0,260,241,241,8550,10908,87,19545
directed_cut,email-Eu-core,0,260,242,242,8552,10922,84,19558
directed_cut,email-Eu-core,0,260,243,243,8554,10958,80,19592
directed_cut,email-Eu-core,0,260,244,244,8556,10971,78,19605
directed_cut,email-Eu-core,0,260,245,245,8558,10993,76,19627
directed_cut,email-Eu-core,0,260,246,246,8560,11019,74,19653
directed_cut,email-Eu-core,0,260,247,247,8562,11030,72,19664
directed_cut,email-Eu-core,0,260,248,248,8564,11036,71,19671
directed_cut,email-Eu-core,0,260,249,249,8566,11067,69,19702
directed_cut,email-Eu-core,0,260,250,250,8568,11075,66,19709
directed_cut,email-Eu-core,0,260,251,251,8570,11083,65,19718
directed_cut,email-Eu-core,0,260,252,252,8572,11086,63,19721
directed_cut,email-Eu-core,0,260,253,253,8574,11093,61,19728
directed_cut,email-Eu-core,0,260,254,254,8576,11107,59,19742
directed_cut,email-Eu-core,0,260,255,255,8578,11108,57,19743
directed_cut,email-Eu-core,0,260,256,256,8580,11109,55,19744
directed_cut,email-Eu-core,0,260,257,257,8582,11126,53,19761
directed_cut,email-Eu-core,0,260,258,258,8584,11136,51,19771
directed_cut,email-Eu-core,0,260,259,259,8586,11148,47,19781
directed_cut,email-Eu-core,0,260,260,260,8588,11165,45,19798
directed_cut,email-Eu-core,0,280,0,0,0,0,14320,14320
directed_cut,email-Eu-core,0,280,1,1,333,211,13849,14393
directed_cut,email-Eu-core,0,280,2,2,557,331,13533,14421
directed_cut,email-Eu-core,0,280,3,3,775,487,13212,14474
directed_cut,email-Eu-core,0,280,4,4,974,655,12909,14538
directed_cut,email-Eu-core,0,280,5,5,1169,808,12609,14586
directed_cut,email-Eu-core,0,280,6,6,1352,986,12315,14653
directed_cut,email-Eu-core,0,280,7,7,1522,1046,12097,14665
directed_cut,email-Eu-core,0,280,8,8,1675,1169,11911,14755
directed_cut,email-Eu-core,0,280,9,9,1826,1319,11640,14785
directed_cut,email-Eu-core,0,280,10,10,1971,1430,11414,14815
directed_cut,email-Eu-core,0,280,11,11,2112,1572,11156,14840
directed_cut,email-Eu-core,0,280,12,12,2238,1689,10958,14885
directed_cut,email-Eu-core,0,280,13,13,2359,1776,10799,14934
directed_cut,email-Eu-core,0,280,14,14,2474,1823,10677,14974
directed_cut,email-Eu-core,0,280,15,15,2587,1961,10485,15033
directed_cut,email-Eu-core,0,280,16,16,2699,2046,10331,15076
directed_cut,email-Eu-core,0,280,17,17,2804,2172,10148,15124
directed_cut,email-Eu-core,0,280,18,18,2906,2264,9998,15168
directed_cut,email-Eu-core,0,280,19,19,3007,2357,9846,15210
directed_cut,email-Eu-core,0,280,20,20,3105,2465,9670,15240
directed_cut,email-Eu-core,0,280,21,21,3201,2600,9492,15293
directed_cut,email-Eu-core,0,280,22,22,3296,2698,9346,15340
directed_cut,email-Eu-core,0,280,23,23,3390,2806,9176,15372
directed_cut,email-Eu-core,0,280,24,24,3482,2815,9085,15382
directed_cut,email-Eu-core,0,280,25,25,3572,2925,8945,15442
directed_cut,email-Eu-core,0,280,26,26,3661,3014,8799,15474
directed_cut,email-Eu-core,0,280,27,27,3747,3128,8641,15516
directed_cut,email-Eu-core,0,280,28,28,3829,3224,8505,15558
directed_cut,email-Eu-core,0,280,29,29,3911,3330,8369,15610
directed_cut,email-Eu-core,0,280,30,30,3992,3433,8210,15635
directed_cut,email-Eu-core,0,280,31,31,4072,3512,8105,15689
directed_cut,email-Eu-core,0,280,32,32,4151,3541,8009,15701
directed_cut,email-Eu-core,0,280,33,33,4228,3602,7898,15728
directed_cut,email-Eu-core,0,280,34,34,4303,3662,7795,15760
directed_cut,email-Eu-core,0,280,35,35,4378,3771,7651,15800
directed_cut,email-Eu-core,0,280,36,36,4451,3852,7530,15833
directed_cut,email-Eu-core,0,280,37,37,4524,3947,7409,15880
directed_cut,email-Eu-core,0,280,38,38,4594,4032,7290,15916
directed_cut,email-Eu-core,0,280,39,39,4664,4147,7149,15960
directed_cut,email-Eu-core,0,280,40,40,4733,4229,7030,15992
directed_cut,email-Eu-core,0,280,41,41,4801,4270,6949,16020
directed_cut,email-Eu-core,0,280,42,42,4867,4309,6871,16047
directed_cut,email-Eu-core,0,280,43,43,4931,4382,6763,16076
directed_cut,email-Eu-core,0,280,44,44,4993,4458,6664,16115
directed_cut,email-Eu-core,0,280,45,45,5053,4511,6583,16147
directed_cut,email-Eu-core,0,280,46,46,5113,4602,6470,16185
directed_cut,email-Eu-core,0,280,47,47,5173,4673,6361,16207
directed_cut,email-Eu-core,0,280,48,48,5231,4775,6237,16243
directed_cut,email-Eu-core,0,280,49,49,5289,4829,6152,16270
directed_cut,email-Eu-core,0,280,50,50,5346,4883,6056,16285
directed_cut,email-Eu-core,0,280,51,51,5402,4911,5990,16303
directed_cut,email-Eu-core,0,280,52,52,5457,4959,5925,16341
directed_cut,email-Eu-core,0,280,53,53,5511,5011,5829,16351
directed_cut,email-Eu-core,0,280,54,54,5564,5072,5765,16401
directed_cut,email-Eu-core,0,280,55,55,5616,5115,5704,16435
directed_cut,email-Eu-core,0,280,56,56,5667,5189,5612,16468
directed_cut,email-Eu-core,0,280,57,57,5716,5237,5527,16480
directed_cut,email-Eu-core,0,280,58,58,5764,5356,5403,16523
directed_cut,email-Eu-core,0,280,59,59,5812,5431,5310,16553
directed_cut,email-Eu-core,0,280,60,60,5857,5506,5225,16588
directed_cut,email-Eu-core,0,280,61,61,5901,5582,5116,16599
directed_cut,email-Eu-core,0,280,62,62,5945,5632,5045,16622
directed_cut,email-Eu-core,0,280,63,63,5989,5685,4989,16663
directed_cut,email-Eu-core,0,280,64,64,6032,5780,4894,16706
directed_cut,email-Eu-core,0,280,65,65,6073,5827,4817,16717
directed_cut,email-Eu-core,0,280,66,66,6113,5927,4730,16770
directed_cut,email-Eu-core,0,280,67,67,6152,5966,4675,16793
directed_cut,email-Eu-core,0,280,68,68,6190,6020,4599,16809
directed_cut,email-Eu-core,0,280,69,69,6228,6092,4542,16862
directed_cut,email-Eu-core,0,280,70,70,6266,6164,4475,16905
directed_cut,email-Eu-core,0,280,71,71,6302,6237,4383,16922
directed_cut,email-Eu-core,0,280,72,72,6338,6285,4336,16959
directed_cut,email-Eu-core,0,280,73,73,6374,6324,4278,16976
directed_cut,email-Eu-core,0,280,74,74,6409,6352,4227,16988
directed_cut,email-Eu-core,0,280,75,75,6443,6405,4166,17014
directed_cut,email-Eu-core,0,280,76,76,6477,6472,4088,17037
directed_cut,email-Eu-core,0,280,77,77,6510,6534,4031,17075
directed_cut,email-Eu-core,0,280,78,78,6542,6561,3994,17097
directed_cut,email-Eu-core,0,280,79,79,6574,6620,3924,17118
directed_cut,email-Eu-core,0,280,80,80,6606,6663,3863,17132
directed_cut,email-Eu-core,0,280,81,81,6637,6703,3820,17160
directed_cut,email-Eu-core,0,280,82,82,6668,6753,3764,17185
directed_cut,email-Eu-core,0,280,83,83,6698,6795,3721,17214
directed_cut,email-Eu-core,0,280,84,84,6728,6828,3663,17219
directed_cut,email-Eu-core,0,280,85,85,6757,6871,3628,17256
directed_cut,email-Eu-core,0,280,86,86,6785,6902,3598,17285
directed_cut,email-Eu-core,0,280,87,87,6813,6941,3564,17318
directed_cut,email-Eu-core,0,280,88,88,6841,7026,3490,17357
directed_cut,email-Eu-core,0,280,89,89,6869,7054,3441,17364
directed_cut,email-Eu-core,0,280,90,90,6896,7080,3392,17368
directed_cut,email-Eu-core,0,280,91,91,6923,7108,3344,17375
directed_cut,email-Eu-core,0,280,92,92,6949,7175,3271,17395
directed_cut,email-Eu-core,0,280,93,93,6975,7177,3236,17388
directed_cut,email-Eu-core,0,280,94,94,7000,7198,3212,17410
directed_cut,email-Eu-core,0,280,95,95,7025,7247,3171,17443
directed_cut,email-Eu-core,0,280,96,96,7050,7285,3105,17440
directed_cut,email-Eu-core,0,280,97,97,7075,7321,3060,17456
directed_cut,email-Eu-core,0,280,98,98,7099,7378,3007,17484
directed_cut,email-Eu-core,0,280,99,99,7123,7392,2987,17502
directed_cut,email-Eu-core,0,280,100,100,7147,7431,2924,17502
directed_cut,email-Eu-core,0,280,101,101,7169,7476,2902,17547
directed_cut,email-Eu-core,0,280,102,102,7191,7511,2853,17555
directed_cut,email-Eu-core,0,280,103,103,7213,7527,2814,17554
directed_cut,email-Eu-core,0,280,104,104,7234,7613,2783,17630
directed_cut,email-Eu-core,0,280,105,105,7255,7623,2751,17629
directed_cut,email-Eu-core,0,280,106,106,7276,7658,2712,17646
directed_cut,email-Eu-core,0,280,107,107,7297,7694,2674,17665
directed_cut,email-Eu-core,0,280,108,108,7317,7754,2626,17697
directed_cut,email-Eu-core,0,280,109,109,7337,7800,2598,17735
directed_cut,email-Eu-core,0,280,110,110,7357,7828,2563,17748
directed_cut,email-Eu-core,0,280,111,111,7377,7833,2548,17758
directed_cut,email-Eu-core,0,280,112,112,7396,7877,2473,17746
directed_cut,email-Eu-core,0,280,113,113,7415,7951,2408,17774
directed_cut,email-Eu-core,0,280,114,114,7434,7973,2396,17803
directed_cut,email-Eu-core,0,280,115,115,7453,8008,2367,17828
directed_cut,email-Eu-core,0,280,116,116,7471,8053,2301,17825
directed_cut,email-Eu-core,0,280,117,117,7489,8180,2246,17915
directed_cut,email-Eu-core,0,280,118,118,7507,8224,2211,17942
directed_cut,email-Eu-core,0,280,119,119,7525,8265,2160,17950
directed_cut,email-Eu-core,0,280,120,120,7543,8283,2135,17961
directed_cut,email-Eu-core,0,280,121,121,7560,8315,2075,17950
directed_cut,email-Eu-core,0,280,122,122,7577,8382,2031,17990
directed_cut,email-Eu-core,0,280,123,123,7594,8441,1982,18017
directed_cut,email-Eu-core,0,280,124,124,7611,8472,1961,18044
directed_cut,email-Eu-core,0,280,125,125,7628,8487,1908,18023
directed_cut,email-Eu-core,0,280,126,126,7645,8521,1896,18062
directed_cut,email-Eu-core,0,280,127,127,7662,8538,1857,18057
directed_cut,email-Eu-core,0,280,128,128,7678,8563,1837,18078
directed_cut,email-Eu-core,0,280,129,129,7694,8601,1777,18072
directed_cut,email-Eu-core,0,280,130,130,7710,8631,1737,18078
directed_cut,email-Eu-core,0,280,131,131,7726,8653,1722,18101
directed_cut,email-Eu-core,0,280,132,132,7742,8691,1691,18124
directed_cut,email-Eu-core,0,280,133,133,7758,8696,1679,18133
directed_cut,email-Eu-core,0,280,134,134,7773,8720,1651,18144
directed_cut,email-Eu-core,0,280,135,135,7788,8771,1610,18169
directed_cut,email-Eu-core,0,280,136,136,7803,8810,1580,18193
directed_cut,email-Eu-core,0,280,137,137,7818,8820,1567,18205
directed_cut,email-Eu-core,0,280,138,138,7832,8833,1543,18208
directed_cut,email-Eu-core,0,280,139,139,7846,8893,1499,18238
directed_cut,email-Eu-core,0,280,140,140,7860,8919,1459,18238
directed_cut,email-Eu-core,0,280,141,141,7874,8925,1441,18240
directed_cut,email-Eu-core,0,280,142,142,7887,8943,1427,18257
directed_cut,email-Eu-core,0,280,143,143,7900,8978,1399,18277
directed_cut,email-Eu-core,0,280,144,144,7913,9003,1383,18299
directed_cut,email-Eu-core,0,280,145,145,7926,9031,1359,18316
directed_cut,email-Eu-core,0,280,146,146,7939,9040,1329,18308
directed_cut,email-Eu-core,0,280,147,147,7951,9077,1303,18331
directed_cut,email-Eu-core,0,280,148,148,7963,9110,1263,18336
directed_cut,email-Eu-core,0,280,149,149,7975,9129,1233,18337
directed_cut,email-Eu-core,0,280,150,150,7987,9147,1214,18348
directed_cut,email-Eu-core,0,280,151,151,7999,9153,1194,18346
directed_cut,email-Eu-core,0,280,152,152,8011,9172,1172,18355
directed_cut,email-Eu-core,0,280,153,153,8022,9194,1152,18368
directed_cut,email-Eu-core,0,280,154,154,8033,9246,1137,18416
directed_cut,email-Eu-core,0,280,155,155,8044,9292,1123,18459
directed_cut,email-Eu-core,0,280,156,156,8054,9323,1091,18468
directed_cut,email-Eu-core,0,280,157,157,8064,9338,1077,18479
directed_cut,email-Eu-core,0,280,158,158,8074,9380,1034,18488
directed_cut,email-Eu-core,0,280,159,159,8084,9417,1019,18520
directed_cut,email-Eu-core,0,280,160,160,8094,9444,969,18507
directed_cut,email-Eu-core,0,280,161,161,8104,9450,967,18521
directed_cut,email-Eu-core,0,280,162,162,8114,9453,953,18520
directed_cut,email-Eu-core,0,280,163,163,8124,9461,937,18522
directed_cut,email-Eu-core,0,280,164,164,8134,9470,908,18512
directed_cut,email-Eu-core,0,280,165,165,8143,9511,889,18543
directed_cut,email-Eu-core,0,280,166,166,8152,9531,869,18552
directed_cut,email-Eu-core,0,280,167,167,8161,9568,849,18578
directed_cut,email-Eu-core,0,280,168,168,8170,9583,827,18580
directed_cut,email-Eu-core,0,280,169,169,8179,9602,801,18582
directed_cut,email-Eu-core,0,280,170,170,8188,9630,801,18619
directed_cut,email-Eu-core,0,280,171,171,8197,9653,781,18631
directed_cut,email-Eu-core,0,280,172,172,8206,9661,770,18637
directed_cut,email-Eu-core,0,280,173,173,8214,9689,744,18647
directed_cut,email-Eu-core,0,280,174,174,8222,9708,735,18665
directed_cut,email-Eu-core,0,280,175,175,8230,9726,706,18662
directed_cut,email-Eu-core,0,280,176,176,8238,9757,706,18701
directed_cut,email-Eu-core,0,280,177,177,8246,9765,693,18704
directed_cut,email-Eu-core,0,280,178,178,8254,9797,652,18703
directed_cut,email-Eu-core,0,280,179,179,8262,9800,646,18708
directed_cut,email-Eu-core,0,280,180,180,8270,9815,628,18713
directed_cut,email-Eu-core,0,280,181,181,8278,9824,619,18721
directed_cut,email-Eu-core,0,280,182,182,8285,9837,596,18718
directed_cut,email-Eu-core,0,280,183,183,8292,9856,586,18734
directed_cut,email-Eu-core,0,280,184,184,8299,9874,577,18750
directed_cut,email-Eu-core,0,280,185,185,8306,9890,563,18759
directed_cut,email-Eu-core,0,280,186,186,8313,9912,546,18771
directed_cut,email-Eu-core,0,280,187,187,8320,9922,532,18774
directed_cut,email-Eu-core,0,280,188,188,8327,9938,531,18796
directed_cut,email-Eu-core,0,280,189,189,8333,9999,501,18833
directed_cut,email-Eu-core,0,280,190,190,8339,10060,474,18873
directed_cut,email-Eu-core,0,280,191,191,8345,10160,435,18940
directed_cut,email-Eu-core,0,280,192,192,8351,10171,428,18950
directed_cut,email-Eu-core,0,280,193,193,8357,10191,421,18969
directed_cut,email-Eu-core,0,280,194,194,8363,10193,412,18968
directed_cut,email-Eu-core,0,280,195,195,8369,10196,395,18960
directed_cut,email-Eu-core,0,280,196,196,8375,10203,394,18972
directed_cut,email-Eu-core,0,280,197,197,8381,10205,383,18969
directed_cut,email-Eu-core,0,280,198,198,8386,10236,372,18994
directed_cut,email-Eu-core,0,280,199,199,8391,10254,357,19002
directed_cut,email-Eu-core,0,280,200,200,8396,10268,351,19015
directed_cut,email-Eu-core,0,280,201,201,8401,10279,342,19022
directed_cut,email-Eu-core,0,280,202,202,8406,10287,333,19026
directed_cut,email-Eu-core,0,280,203,203,8411,10302,323,19036
directed_cut,email-Eu-core,0,280,204,204,8416,10306,324,19046
directed_cut,email-Eu-core,0,280,205,205,8421,10314,314,19049
directed_cut,email-Eu-core,0,280,206,206,8426,10315,306,19047
directed_cut,email-Eu-core,0,280,207,207,8431,10326,298,19055
directed_cut,email-Eu-core,0,280,208,208,8436,10340,287,19063
directed_cut,email-Eu-core,0,280,209,209,8440,10378,279,19097
directed_cut,email-Eu-core,0,280,210,210,8444,10391,273,19108
directed_cut,email-Eu-core,0,280,211,211,8448,10417,256,19121
directed_cut,email-Eu-core,0,280,212,212,8452,10437,252,19141
directed_cut,email-Eu-core,0,280,213,213,8456,10461,246,19163
directed_cut,email-Eu-core,0,280,214,214,8460,10507,241,19208
directed_cut,email-Eu-core,0,280,215,215,8464,10529,231,19224
directed_cut,email-Eu-core,0,280,216,216,8468,10538,221,19227
directed_cut,email-Eu-core,0,280,217,217,8472,10544,215,19231
directed_cut,email-Eu-core,0,280,218,218,8476,10570,211,19257
directed_cut,email-Eu-core,0,280,219,219,8480,10585,205,19270
directed_cut,email-Eu-core,0,280,220,220,8484,10598,201,19283
directed_cut,email-Eu-core,0,280,221,221,8488,10613,194,19295
directed_cut,email-Eu-core,0,280,222,222,8492,10626,189,19307
directed_cut,email-Eu-core,0,280,223,223,8496,10631,185,19312
directed_cut,email-Eu-core,0,280,224,224,8499,10694,167,19360
directed_cut,email-Eu-core,0,280,225,225,8502,10711,159,19372
directed_cut,email-Eu-core,0,280,226,226,8505,10735,156,19396
directed_cut,email-Eu-core,0,280,227,227,8508,10754,149,19411
directed_cut,email-Eu-core,0,280,228,228,8511,10782,142,19435
directed_cut,email-Eu-core,0,280,229,229,8514,10821,128,19463
directed_cut,email-Eu-core,0,280,230,230,8517,10843,125,19485
directed_cut,email-Eu-core,0,280,231,231,8520,10851,121,19492
directed_cut,email-Eu-core,0,280,232,232,8523,10871,117,19511
directed_cut,email-Eu-core,0,280,233,233,8526,10873,114,19513
directed_cut,email-Eu-core,0,280,234,234,8529,10874,108,19511
directed_cut,email-Eu-core,0,280,235,235,8532,10874,104,19510
directed_cut,email-Eu-core,0,280,236,236,8535,10879,101,19515
directed_cut,email-Eu-core,0,280,237,237,8538,10885,99,19522
directed_cut,email-Eu-core,0,280,238,238,8541,10888,96,19525
directed_cut,email-Eu-core,0,280,239,239,8544,10890,93,19527
directed_cut,email-Eu-core,0,280,240,240,8547,10908,90,19545
directed_cut,email-Eu-core,0,280,241,241,8550,10908,87,19545
directed_cut,email-Eu-core,0,280,242,242,8552,10922,84,19558
directed_cut,email-Eu-core,0,280,243,243,8554,10958,80,19592
directed_cut,email-Eu-core,0,280,244,244,8556,10971,78,19605
directed_cut,email-Eu-core,0,280,245,245,8558,10993,76,19627
directed_cut,email-Eu-core,0,280,246,246,8560,11019,74,19653
directed_cut,email-Eu-core,0,280,247,247,8562,11030,72,19664
directed_cut,email-Eu-core,0,280,248,248,8564,11036,71,19671
directed_cut,email-Eu-core,0,280,249,249,8566,11067,69,19702
directed_cut,email-Eu-core,0,280,250,250,8568,11075,66,19709
directed_cut,email-Eu-core,0,280,251,251,8570,11083,65,19718
directed_cut,email-Eu-core,0,280,252,252,8572,11086,63,19721
directed_cut,email-Eu-core,0,280,253,253,8574,11093,61,19728
directed_cut,email-Eu-core,0,280,254,254,8576,11107,59,19742
directed_cut,email-Eu-core,0,280,255,255,8578,11108,57,19743
directed_cut,email-Eu-core,0,280,256,256,8580,11109,55,19744
directed_cut,email-Eu-core,0,280,257,257,8582,11126,53,19761
directed_cut,email-Eu-core,0,280,258,258,8584,11136,51,19771
directed_cut,email-Eu-core,0,280,259,259,8586,11148,47,19781
directed_cut,email-Eu-core,0,280,260,260,8588,11165,45,19798
directed_cut,email-Eu-core,0,280,261,261,8590,11171,43,19804
directed_cut,email-Eu-core,0,280,262,262,8592,11176,41,19809
directed_cut,email-Eu-core,0,280,263,263,8593,11198,40,19831
directed_cut,email-Eu-core,0,280,264,264,8594,11232,39,19865
directed_cut,email-Eu-core,0,280,265,265,8595,11253,38,19886
directed_cut,email-Eu-core,0,280,266,266,8596,11254,37,19887
directed_cut,email-Eu-core,0,280,267,267,8597,11261,36,19894
directed_cut,email-Eu-core,0,280,268,268,8598,11278,35,19911
directed_cut,email-Eu-core,0,280,269,269,8599,11278,34,19911
directed_cut,email-Eu-core,0,280,270,270,8600,11280,33,19913
directed_cut,email-Eu-core,0,280,271,271,8601,11291,32,19924
directed_cut,email-Eu-core,0,280,272,272,8602,11298,30,19930
directed_cut,email-Eu-core,0,280,273,273,8603,11300,29,19932
directed_cut,email-Eu-core,0,280,274,274,8604,11311,28,19943
directed_cut,email-Eu-core,0,280,275,275,8605,11312,27,19944
directed_cut,email-Eu-core,0,280,276,276,8606,11320,26,19952
directed_cut,email-Eu-core,0,280,277,277,8607,11323,25,19955
directed_cut,email-Eu-core,0,280,278,278,8608,11327,24,19959
directed_cut,email-Eu-core,0,280,279,279,8609,11327,23,19959
directed_cut,email-Eu-core,0,280,280,280,8610,11331,22,19963
directed_cut,email-Eu-core,0,300,0,0,0,0,14756,14756
directed_cut,email-Eu-core,0,300,1,1,333,211,14275,14819
directed_cut,email-Eu-core,0,300,2,2,557,331,13950,14838
directed_cut,email-Eu-core,0,300,3,3,775,487,13620,14882
directed_cut,email-Eu-core,0,300,4,4,974,655,13309,14938
directed_cut,email-Eu-core,0,300,5,5,1169,808,13004,14981
directed_cut,email-Eu-core,0,300,6,6,1352,986,12706,15044
directed_cut,email-Eu-core,0,300,7,7,1522,1046,12483,15051
directed_cut,email-Eu-core,0,300,8,8,1675,1169,12290,15134
directed_cut,email-Eu-core,0,300,9,9,1826,1319,12013,15158
directed_cut,email-Eu-core,0,300,10,10,1971,1430,11784,15185
directed_cut,email-Eu-core,0,300,11,11,2112,1572,11522,15206
directed_cut,email-Eu-core,0,300,12,12,2238,1689,11320,15247
directed_cut,email-Eu-core,0,300,13,13,2359,1776,11156,15291
directed_cut,email-Eu-core,0,300,14,14,2474,1823,11030,15327
directed_cut,email-Eu-core,0,300,15,15,2587,1961,10832,15380
directed_cut,email-Eu-core,0,300,16,16,2699,2046,10676,15421
directed_cut,email-Eu-core,0,300,17,17,2804,2172,10485,15461
directed_cut,email-Eu-core,0,300,18,18,2906,2264,10324,15494
directed_cut,email-Eu-core,0,300,19,19,3007,2357,10169,15533
directed_cut,email-Eu-core,0,300,20,20,3105,2465,9991,15561
directed_cut,email-Eu-core,0,300,21,21,3201,2600,9812,15613
directed_cut,email-Eu-core,0,300,22,22,3296,2698,9663,15657
directed_cut,email-Eu-core,0,300,23,23,3390,2806,9487,15683
directed_cut,email-Eu-core,0,300,24,24,3482,2815,9394,15691
directed_cut,email-Eu-core,0,300,25,25,3572,2925,9253,15750
directed_cut,email-Eu-core,0,300,26,26,3661,3014,9102,15777
directed_cut,email-Eu-core,0,300,27,27,3747,3128,8938,15813
directed_cut,email-Eu-core,0,300,28,28,3829,3224,8798,15851
directed_cut,email-Eu-core,0,300,29,29,3911,3330,8656,15897
directed_cut,email-Eu-core,0,300,30,30,3992,3433,8494,15919
directed_cut,email-Eu-core,0,300,31,31,4072,3512,8383,15967
directed_cut,email-Eu-core,0,300,32,32,4151,3541,8284,15976
directed_cut,email-Eu-core,0,300,33,33,4228,3602,8169,15999
directed_cut,email-Eu-core,0,300,34,34,4303,3662,8064,16029
directed_cut,email-Eu-core,0,300,35,35,4378,3771,7913,16062
directed_cut,email-Eu-core,0,300,36,36,4451,3852,7790,16093
directed_cut,email-Eu-core,0,300,37,37,4524,3947,7669,16140
directed_cut,email-Eu-core,0,300,38,38,4594,4032,7550,16176
directed_cut,email-Eu-core,0,300,39,39,4664,4147,7402,16213
directed_cut,email-Eu-core,0,300,40,40,4733,4229,7275,16237
directed_cut,email-Eu-core,0,300,41,41,4801,4270,7193,16264
directed_cut,email-Eu-core,0,300,42,42,4867,4309,7110,16286
directed_cut,email-Eu-core,0,300,43,43,4931,4382,7001,16314
directed_cut,email-Eu-core,0,300,44,44,4993,4458,6895,16346
directed_cut,email-Eu-core,0,300,45,45,5053,4511,6812,16376
directed_cut,email-Eu-core,0,300,46,46,5113,4602,6690,16405
directed_cut,email-Eu-core,0,300,47,47,5173,4673,6581,16427
directed_cut,email-Eu-core,0,300,48,48,5231,4775,6457,16463
directed_cut,email-Eu-core,0,300,49,49,5289,4829,6372,16490
directed_cut,email-Eu-core,0,300,50,50,5346,4883,6271,16500
directed_cut,email-Eu-core,0,300,51,51,5402,4911,6202,16515
directed_cut,email-Eu-core,0,300,52,52,5457,4959,6135,16551
directed_cut,email-Eu-core,0,300,53,53,5511,5011,6034,16556
directed_cut,email-Eu-core,0,300,54,54,5564,5072,5965,16601
directed_cut,email-Eu-core,0,300,55,55,5616,5115,5904,16635
directed_cut,email-Eu-core,0,300,56,56,5667,5189,5811,16667
directed_cut,email-Eu-core,0,300,57,57,5716,5237,5723,16676
directed_cut,email-Eu-core,0,300,58,58,5764,5356,5594,16714
directed_cut,email-Eu-core,0,300,59,59,5812,5431,5495,16738
directed_cut,email-Eu-core,0,300,60,60,5857,5506,5405,16768
directed_cut,email-Eu-core,0,300,61,61,5901,5582,5296,16779
directed_cut,email-Eu-core,0,300,62,62,5945,5632,5225,16802
directed_cut,email-Eu-core,0,300,63,63,5989,5685,5168,16842
directed_cut,email-Eu-core,0,300,64,64,6032,5780,5071,16883
directed_cut,email-Eu-core,0,300,65,65,6073,5827,4987,16887
directed_cut,email-Eu-core,0,300,66,66,6113,5927,4896,16936
directed_cut,email-Eu-core,0,300,67,67,6152,5966,4839,16957
directed_cut,email-Eu-core,0,300,68,68,6190,6020,4760,16970
directed_cut,email-Eu-core,0,300,69,69,6228,6092,4701,17021
directed_cut,email-Eu-core,0,300,70,70,6266,6164,4632,17062
directed_cut,email-Eu-core,0,300,71,71,6302,6237,4532,17071
directed_cut,email-Eu-core,0,300,72,72,6338,6285,4483,17106
directed_cut,email-Eu-core,0,300,73,73,6374,6324,4422,17120
directed_cut,email-Eu-core,0,300,74,74,6409,6352,4368,17129
directed_cut,email-Eu-core,0,300,75,75,6443,6405,4306,17154
directed_cut,email-Eu-core,0,300,76,76,6477,6472,4228,17177
directed_cut,email-Eu-core,0,300,77,77,6510,6534,4170,17214
directed_cut,email-Eu-core,0,300,78,78,6542,6561,4130,17233
directed_cut,email-Eu-core,0,300,79,79,6574,6620,4055,17249
directed_cut,email-Eu-core,0,300,80,80,6606,6663,3991,17260
directed_cut,email-Eu-core,0,300,81,81,6637,6703,3943,17283
directed_cut,email-Eu-core,0,300,82,82,6668,6753,3884,17305
directed_cut,email-Eu-core,0,300,83,83,6698,6795,3840,17333
directed_cut,email-Eu-core,0,300,84,84,6728,6828,3779,17335
directed_cut,email-Eu-core,0,300,85,85,6757,6871,3745,17373
directed_cut,email-Eu-core,0,300,86,86,6785,6902,3714,17401
directed_cut,email-Eu-core,0,300,87,87,6813,6941,3676,17430
directed_cut,email-Eu-core,0,300,88,88,6841,7026,3595,17462
directed_cut,email-Eu-core,0,300,89,89,6869,7054,3546,17469
directed_cut,email-Eu-core,0,300,90,90,6896,7080,3496,17472
directed_cut,email-Eu-core,0,300,91,91,6923,7108,3445,17476
directed_cut,email-Eu-core,0,300,92,92,6949,7175,3371,17495
directed_cut,email-Eu-core,0,300,93,93,6975,7177,3335,17487
directed_cut,email-Eu-core,0,300,94,94,7000,7198,3309,17507
directed_cut,email-Eu-core,0,300,95,95,7025,7247,3266,17538
directed_cut,email-Eu-core,0,300,96,96,7050,7285,3196,17531
directed_cut,email-Eu-core,0,300,97,97,7075,7321,3147,17543
directed_cut,email-Eu-core,0,300,98,98,7099,7378,3091,17568
directed_cut,email-Eu-core,0,300,99,99,7123,7392,3071,17586
directed_cut,email-Eu-core,0,300,100,100,7147,7431,3004,17582
directed_cut,email-Eu-core,0,300,101,101,7169,7476,2982,17627
directed_cut,email-Eu-core,0,300,102,102,7191,7511,2933,17635
directed_cut,email-Eu-core,0,300,103,103,7213,7527,2891,17631
directed_cut,email-Eu-core,0,300,104,104,7234,7613,2854,17701
directed_cut,email-Eu-core,0,300,105,105,7255,7623,2817,17695
directed_cut,email-Eu-core,0,300,106,106,7276,7658,2777,17711
directed_cut,email-Eu-core,0,300,107,107,7297,7694,2737,17728
directed_cut,email-Eu-core,0,300,108,108,7317,7754,2686,17757
directed_cut,email-Eu-core,0,300,109,109,7337,7800,2658,17795
directed_cut,email-Eu-core,0,300,110,110,7357,7828,2623,17808
directed_cut,email-Eu-core,0,300,111,111,7377,7833,2608,17818
directed_cut,email-Eu-core,0,300,112,112,7396,7877,2533,17806
directed_cut,email-Eu-core,0,300,113,113,7415,7951,2468,17834
directed_cut,email-Eu-core,0,300,114,114,7434,7973,2456,17863
directed_cut,email-Eu-core,0,300,115,115,7453,8008,2427,17888
directed_cut,email-Eu-core,0,300,116,116,7471,8053,2354,17878
directed_cut,email-Eu-core,0,300,117,117,7489,8180,2293,17962
directed_cut,email-Eu-core,0,300,118,118,7507,8224,2255,17986
directed_cut,email-Eu-core,0,300,119,119,7525,8265,2200,17990
directed_cut,email-Eu-core,0,300,120,120,7543,8283,2175,18001
directed_cut,email-Eu-core,0,300,121,121,7560,8315,2115,17990
directed_cut,email-Eu-core,0,300,122,122,7577,8382,2071,18030
directed_cut,email-Eu-core,0,300,123,123,7594,8441,2022,18057
directed_cut,email-Eu-core,0,300,124,124,7611,8472,2001,18084
directed_cut,email-Eu-core,0,300,125,125,7628,8487,1948,18063
directed_cut,email-Eu-core,0,300,126,126,7645,8521,1936,18102
directed_cut,email-Eu-core,0,300,127,127,7662,8538,1895,18095
directed_cut,email-Eu-core,0,300,128,128,7678,8563,1871,18112
directed_cut,email-Eu-core,0,300,129,129,7694,8601,1806,18101
directed_cut,email-Eu-core,0,300,130,130,7710,8631,1761,18102
directed_cut,email-Eu-core,0,300,131,131,7726,8653,1742,18121
directed_cut,email-Eu-core,0,300,132,132,7742,8691,1711,18144
directed_cut,email-Eu-core,0,300,133,133,7758,8696,1699,18153
directed_cut,email-Eu-core,0,300,134,134,7773,8720,1671,18164
directed_cut,email-Eu-core,0,300,135,135,7788,8771,1630,18189
directed_cut,email-Eu-core,0,300,136,136,7803,8810,1600,18213
directed_cut,email-Eu-core,0,300,137,137,7818,8820,1587,18225
directed_cut,email-Eu-core,0,300,138,138,7832,8833,1563,18228
directed_cut,email-Eu-core,0,300,139,139,7846,8893,1519,18258
directed_cut,email-Eu-core,0,300,140,140,7860,8919,1479,18258
directed_cut,email-Eu-core,0,300,141,141,7874,8925,1461,18260
directed_cut,email-Eu-core,0,300,142,142,7887,8943,1447,18277
directed_cut,email-Eu-core,0,300,143,143,7900,8978,1419,18297
directed_cut,email-Eu-core,0,300,144,144,7913,9003,1403,18319
directed_cut,email-Eu-core,0,300,145,145,7926,9031,1379,18336
directed_cut,email-Eu-core,0,300,146,146,7939,9040,1349,18328
directed_cut,email-Eu-core,0,300,147,147,7951,9077,1323,18351
directed_cut,email-Eu-core,0,300,148,148,7963,9110,1283,18356
directed_cut,email-Eu-core,0,300,149,149,7975,9129,1253,18357
directed_cut,email-Eu-core,0,300,150,150,7987,9147,1234,18368
directed_cut,email-Eu-core,0,300,151,151,7999,9153,1214,18366
directed_cut,email-Eu-core,0,300,152,152,8011,9172,1192,18375
directed_cut,email-Eu-core,0,300,153,153,8022,9194,1168,18384
directed_cut,email-Eu-core,0,300,154,154,8033,9246,1152,18431
directed_cut,email-Eu-core,0,300,155,155,8044,9292,1133,18469
directed_cut,email-Eu-core,0,300,156,156,8054,9323,1096,18473
directed_cut,email-Eu-core,0,300,157,157,8064,9338,1079,18481
directed_cut,email-Eu-core,0,300,158,158,8074,9380,1034,18488
directed_cut,email-Eu-core,0,300,159,159,8084,9417,1019,18520
directed_cut,email-Eu-core,0,300,160,160,8094,9444,969,18507
directed_cut,email-Eu-core,0,300,161,161,8104,9450,967,18521
directed_cut,email-Eu-core,0,300,162,162,8114,9453,953,18520
directed_cut,email-Eu-core,0,300,163,163,8124,9461,937,18522
directed_cut,email-Eu-core,0,300,164,164,8134,9470,908,18512
directed_cut,email-Eu-core,0,300,165,165,8143,9511,889,18543
directed_cut,email-Eu-core,0,300,166,166,8152,9531,869,18552
directed_cut,email-Eu-core,0,300,167,167,8161,9568,849,18578
directed_cut,email-Eu-core,0,300,168,168,8170,9583,827,18580
directed_cut,email-Eu-core,0,300,169,169,8179,9602,801,18582
directed_cut,email-Eu-core,0,300,170,170,8188,9630,801,18619
directed_cut,email-Eu-core,0,300,171,171,8197,9653,781,18631
directed_cut,email-Eu-core,0,300,172,172,8206,9661,770,18637
directed_cut,email-Eu-core,0,300,173,173,8214,9689,744,18647
directed_cut,email-Eu-core,0,300,174,174,8222,9708,735,18665
directed_cut,email-Eu-core,0,300,175,175,8230,9726,706,18662
directed_cut,email-Eu-core,0,300,176,176,8238,9757,706,18701
directed_cut,email-Eu-core,0,300,177,177,8246,9765,693,18704
directed_cut,email-Eu-core,0,300,178,178,8254,9797,652,18703
directed_cut,email-Eu-core,0,300,179,179,8262,9800,646,18708
directed_cut,email-Eu-core,0,300,180,180,8270,9815,628,18713
directed_cut,email-Eu-core,0,300,181,181,8278,9824,619,18721
directed_cut,email-Eu-core,0,300,182,182,8285,9837,596,18718
directed_cut,email-Eu-core,0,300,183,183,8292,9856,586,18734
directed_cut,email-Eu-core,0,300,184,184,8299,9874,577,18750
directed_cut,email-Eu-core,0,300,185,185,8306,9890,563,18759
directed_cut,email-Eu-core,0,300,186,186,8313,9912,546,18771
directed_cut,email-Eu-core,0,300,187,187,8320,9922,532,18774
directed_cut,email-Eu-core,0,300,188,188,8327,9938,531,18796
directed_cut,email-Eu-core,0,300,189,189,8333,9999,501,18833
directed_cut,email-Eu-core,0,300,190,190,8339,10060,474,18873
directed_cut,email-Eu-core,0,300,191,191,8345,10160,435,18940
directed_cut,email-Eu-core,0,300,192,192,8351,10171,428,18950
directed_cut,email-Eu-core,0,300,193,193,8357,10191,421,18969
directed_cut,email-Eu-core,0,300,194,194,8363,10193,412,18968
directed_cut,email-Eu-core,0,300,195,195,8369,10196,395,18960
directed_cut,email-Eu-core,0,300,196,196,8375,10203,394,18972
directed_cut,email-Eu-core,0,300,197,197,8381,10205,383,18969
directed_cut,email-Eu-core,0,300,198,198,8386,10236,372,18994
directed_cut,email-Eu-core,0,300,199,199,8391,10254,357,19002
directed_cut,email-Eu-core,0,300,200,200,8396,10268,351,19015
directed_cut,email-Eu-core,0,300,201,201,8401,10279,342,19022
directed_cut,email-Eu-core,0,300,202,202,8406,10287,333,19026
directed_cut,email-Eu-core,0,300,203,203,8411,10302,323,19036
directed_cut,email-Eu-core,0,300,204,204,8416,10306,324,19046
directed_cut,email-Eu-core,0,300,205,205,8421,10314,314,19049
directed_cut,email-Eu-core,0,300,206,206,8426,10315,306,19047
directed_cut,email-Eu-core,0,300,207,207,8431,10326,298,19055
directed_cut,email-Eu-core,0,300,208,208,8436,10340,287,19063
directed_cut,email-Eu-core,0,300,209,209,8440,10378,279,19097
directed_cut,email-Eu-core,0,300,210,210,8444,10391,273,19108
directed_cut,email-Eu-core,0,300,211,211,8448,10417,256,19121
directed_cut,email-Eu-core,0,300,212,212,8452,10437,252,19141
directed_cut,email-Eu-core,0,300,213,213,8456,10461,246,19163
directed_cut,email-Eu-core,0,300,214,214,8460,10507,241,19208
directed_cut,email-Eu-core,0,300,215,215,8464,10529,231,19224
directed_cut,email-Eu-core,0,300,216,216,8468,10538,221,19227
directed_cut,email-Eu-core,0,300,217,217,8472,10544,215,19231
directed_cut,email-Eu-core,0,300,218,218,8476,10570,211,19257
directed_cut,email-Eu-core,0,300,219,219,8480,10585,205,19270
directed_cut,email-Eu-core,0,300,220,220,8484,10598,201,19283
directed_cut,email-Eu-core,0,300,221,221,8488,10613,194,19295
directed_cut,email-Eu-core,0,300,222,222,8492,10626,189,19307
directed_cut,email-Eu-core,0,300,223,223,8496,10631,185,19312
directed_cut,email-Eu-core,0,300,224,224,8499,10694,167,19360
directed_cut,email-Eu-core,0,300,225,225,8502,10711,159,19372
directed_cut,email-Eu-core,0,300,226,226,8505,10735,156,19396
directed_cut,email-Eu-core,0,300,227,227,8508,10754,149,19411
directed_cut,email-Eu-core,0,300,228,228,8511,10782,142,19435
directed_cut,email-Eu-core,0,300,229,229,8514,10821,128,19463
directed_cut,email-Eu-core,0,300,230,230,8517,10843,125,19485
directed_cut,email-Eu-core,0,300,231,231,8520,10851,121,19492
directed_cut,email-Eu-core,0,300,232,232,8523,10871,117,19511
directed_cut,email-Eu-core,0,300,233,233,8526,10873,114,19513
directed_cut,email-Eu-core,0,300,234,234,8529,10874,108,19511
directed_cut,email-Eu-core,0,300,235,235,8532,10874,104,19510
directed_cut,email-Eu-core,0,300,236,236,8535,10879,101,19515
directed_cut,email-Eu-core,0,300,237,237,8538,10885,99,19522
directed_cut,email-Eu-core,0,300,238,238,8541,10888,96,19525
directed_cut,email-Eu-core,0,300,239,239,8544,10890,93,19527
directed_cut,email-Eu-core,0,300,240,240,8547,10908,90,19545
directed_cut,email-Eu-core,0,300,241,241,8550,10908,87,19545
directed_cut,email-Eu-core,0,300,242,242,8552,10922,84,19558
directed_cut,email-Eu-core,0,300,243,243,8554,10958,80,19592
directed_cut,email-Eu-core,0,300,244,244,8556,10971,78,19605
directed_cut,email-Eu-core,0,300,245,245,8558,10993,76,19627
directed_cut,email-Eu-core,0,300,246,246,8560,11019,74,19653
directed_cut,email-Eu-core,0,300,247,247,8562,11030,72,19664
directed_cut,email-Eu-core,0,300,248,248,8564,11036,71,19671
directed_cut,email-Eu-core,0,300,249,249,8566,11067,69,19702
directed_cut,email-Eu-core,0,300,250,250,8568,11075,66,19709
directed_cut,email-Eu-core,0,300,251,251,8570,11083,65,19718
directed_cut,email-Eu-core,0,300,252,252,8572,11086,63,19721
directed_cut,email-Eu-core,0,300,253,253,8574,11093,61,19728
directed_cut,email-Eu-core,0,300,254,254,8576,11107,59,19742
directed_cut,email-Eu-core,0,300,255,255,8578,11108,57,19743
directed_cut,email-Eu-core,0,300,256,256,8580,11109,55,19744
directed_cut,email-Eu-core,0,300,257,257,8582,11126,53,19761
directed_cut,email-Eu-core,0,300,258,258,8584,11136,51,19771
directed_cut,email-Eu-core,0,300,259,259,8586,11148,47,19781
directed_cut,email-Eu-core,0,300,260,260,8588,11165,45,19798
directed_cut,email-Eu-core,0,300,261,261,8590,11171,43,19804
directed_cut,email-Eu-core,0,300,262,262,8592,11176,41,19809
directed_cut,email-Eu-core,0,300,263,263,8593,11198,40,19831
directed_cut,email-Eu-core,0,300,264,264,8594,11232,39,19865
directed_cut,email-Eu-core,0,300,265,265,8595,11253,38,19886
directed_cut,email-Eu-core,0,300,266,266,8596,11254,37,19887
directed_cut,email-Eu-core,0,300,267,267,8597,11261,36,19894
directed_cut,email-Eu-core,0,300,268,268,8598,11278,35,19911
directed_cut,email-Eu-core,0,300,269,269,8599,11278,34,19911
directed_cut,email-Eu-core,0,300,270,270,8600,11280,33,19913
directed_cut,email-Eu-core,0,300,271,271,8601,11291,32,19924
directed_cut,email-Eu-core,0,300,272,272,8602,11298,30,19930
directed_cut,email-Eu-core,0,300,273,273,8603,11300,29,19932
directed_cut,email-Eu-core,0,300,274,274,8604,11311,28,19943
directed_cut,email-Eu-core,0,300,275,275,8605,11312,27,19944
directed_cut,email-Eu-core,0,300,276,276,8606,11320,26,19952
directed_cut,email-Eu-core,0,300,277,277,8607,11323,25,19955
directed_cut,email-Eu-core,0,300,278,278,8608,11327,24,19959
directed_cut,email-Eu-core,0,300,279,279,8609,11327,23,19959
directed_cut,email-Eu-core,0,300,280,280,8610,11331,22,19963
directed_cut,email-Eu-core,0,300,281,281,8611,11331,21,19963
directed_cut,email-Eu-core,0,300,282,282,8612,11331,20,19963
directed_cut,email-Eu-core,0,300,283,283,8613,11335,19,19967
directed_cut,email-Eu-core,0,300,284,284,8614,11339,18,19971
directed_cut,email-Eu-core,0,300,285,285,8615,11340,17,19972
directed_cut,email-Eu-core,0,300,286,286,8616,11340,16,19972
directed_cut,email-Eu-core,0,300,287,287,8617,11340,15,19972
directed_cut,email-Eu-core,0,300,288,288,8618,11340,14,19972
directed_cut,email-Eu-core,0,300,289,289,8619,11340,13,19972
directed_cut,email-Eu-core,0,300,290,290,8620,11342,12,19974
directed_cut,email-Eu-core,0,300,291,291,8621,11359,11,19991
directed_cut,email-Eu-core,0,300,292,292,8622,11372,10,20004
directed_cut,email-Eu-core,0,300,293,293,8623,11373,9,20005
directed_cut,email-Eu-core,0,300,294,294,8624,11375,8,20007
directed_cut,email-Eu-core,0,300,295,295,8625,11375,7,20007
directed_cut,email-Eu-core,0,300,296,296,8626,11375,6,20007
directed_cut,email-Eu-core,0,300,297,297,8627,11377,5,20009
directed_cut,email-Eu-core,0,300,298,298,8628,11377,4,20009
directed_cut,email-Eu-core,0,300,299,299,8629,11381,3,20013
directed_cut,email-Eu-core,0,300,300,300,8630,11381,2,20013
directed_cut,email-Eu-core,0,320,0,0,0,0,15155,15155
directed_cut,email-Eu-core,0,320,1,1,333,211,14666,15210
directed_cut,email-Eu-core,0,320,2,2,557,331,14339,15227
directed_cut,email-Eu-core,0,320,3,3,775,487,14003,15265
directed_cut,email-Eu-core,0,320,4,4,974,655,13683,15312
directed_cut,email-Eu-core,0,320,5,5,1169,808,13372,15349
directed_cut,email-Eu-core,0,320,6,6,1352,986,13061,15399
directed_cut,email-Eu-core,0,320,7,7,1522,1046,12836,15404
directed_cut,email-Eu-core,0,320,8,8,1675,1169,12644,15488
directed_cut,email-Eu-core,0,320,9,9,1826,1319,12364,15509
directed_cut,email-Eu-core,0,320,10,10,1971,1430,12133,15534
directed_cut,email-Eu-core,0,320,11,11,2112,1572,11860,15544
directed_cut,email-Eu-core,0,320,12,12,2238,1689,11655,15582
directed_cut,email-Eu-core,0,320,13,13,2359,1776,11486,15621
directed_cut,email-Eu-core,0,320,14,14,2474,1823,11358,15655
directed_cut,email-Eu-core,0,320,15,15,2587,1961,11152,15700
directed_cut,email-Eu-core,0,320,16,16,2699,2046,10996,15741
directed_cut,email-Eu-core,0,320,17,17,2804,2172,10802,15778
directed_cut,email-Eu-core,0,320,18,18,2906,2264,10638,15808
directed_cut,email-Eu-core,0,320,19,19,3007,2357,10479,15843
directed_cut,email-Eu-core,0,320,20,20,3105,2465,10299,15869
directed_cut,email-Eu-core,0,320,21,21,3201,2600,10114,15915
directed_cut,email-Eu-core,0,320,22,22,3296,2698,9959,15953
directed_cut,email-Eu-core,0,320,23,23,3390,2806,9778,15974
directed_cut,email-Eu-core,0,320,24,24,3482,2815,9684,15981
directed_cut,email-Eu-core,0,320,25,25,3572,2925,9541,16038
directed_cut,email-Eu-core,0,320,26,26,3661,3014,9385,16060
directed_cut,email-Eu-core,0,320,27,27,3747,3128,9214,16089
directed_cut,email-Eu-core,0,320,28,28,3829,3224,9072,16125
directed_cut,email-Eu-core,0,320,29,29,3911,3330,8927,16168
directed_cut,email-Eu-core,0,320,30,30,3992,3433,8758,16183
directed_cut,email-Eu-core,0,320,31,31,4072,3512,8643,16227
directed_cut,email-Eu-core,0,320,32,32,4151,3541,8543,16235
directed_cut,email-Eu-core,0,320,33,33,4228,3602,8425,16255
directed_cut,email-Eu-core,0,320,34,34,4303,3662,8317,16282
directed_cut,email-Eu-core,0,320,35,35,4378,3771,8160,16309
directed_cut,email-Eu-core,0,320,36,36,4451,3852,8037,16340
directed_cut,email-Eu-core,0,320,37,37,4524,3947,7915,16386
directed_cut,email-Eu-core,0,320,38,38,4594,4032,7791,16417
directed_cut,email-Eu-core,0,320,39,39,4664,4147,7631,16442
directed_cut,email-Eu-core,0,320,40,40,4733,4229,7499,16461
directed_cut,email-Eu-core,0,320,41,41,4801,4270,7414,16485
directed_cut,email-Eu-core,0,320,42,42,4867,4309,7330,16506
directed_cut,email-Eu-core,0,320,43,43,4931,4382,7221,16534
directed_cut,email-Eu-core,0,320,44,44,4993,4458,7114,16565
directed_cut,email-Eu-core,0,320,45,45,5053,4511,7030,16594
directed_cut,email-Eu-core,0,320,46,46,5113,4602,6900,16615
directed_cut,email-Eu-core,0,320,47,47,5173,4673,6786,16632
directed_cut,email-Eu-core,0,320,48,48,5231,4775,6661,16667
directed_cut,email-Eu-core,0,320,49,49,5289,4829,6573,16691
directed_cut,email-Eu-core,0,320,50,50,5346,4883,6471,16700
directed_cut,email-Eu-core,0,320,51,51,5402,4911,6401,16714
directed_cut,email-Eu-core,0,320,52,52,5457,4959,6333,16749
directed_cut,email-Eu-core,0,320,53,53,5511,5011,6228,16750
directed_cut,email-Eu-core,0,320,54,54,5564,5072,6153,16789
directed_cut,email-Eu-core,0,320,55,55,5616,5115,6088,16819
directed_cut,email-Eu-core,0,320,56,56,5667,5189,5991,16847
directed_cut,email-Eu-core,0,320,57,57,5716,5237,5903,16856
directed_cut,email-Eu-core,0,320,58,58,5764,5356,5771,16891
directed_cut,email-Eu-core,0,320,59,59,5812,5431,5668,16911
directed_cut,email-Eu-core,0,320,60,60,5857,5506,5574,16937
directed_cut,email-Eu-core,0,320,61,61,5901,5582,5462,16945
directed_cut,email-Eu-core,0,320,62,62,5945,5632,5388,16965
directed_cut,email-Eu-core,0,320,63,63,5989,5685,5327,17001
directed_cut,email-Eu-core,0,320,64,64,6032,5780,5227,17039
directed_cut,email-Eu-core,0,320,65,65,6073,5827,5141,17041
directed_cut,email-Eu-core,0,320,66,66,6113,5927,5045,17085
directed_cut,email-Eu-core,0,320,67,67,6152,5966,4984,17102
directed_cut,email-Eu-core,0,320,68,68,6190,6020,4902,17112
directed_cut,email-Eu-core,0,320,69,69,6228,6092,4841,17161
directed_cut,email-Eu-core,0,320,70,70,6266,6164,4772,17202
directed_cut,email-Eu-core,0,320,71,71,6302,6237,4672,17211
directed_cut,email-Eu-core,0,320,72,72,6338,6285,4619,17242
directed_cut,email-Eu-core,0,320,73,73,6374,6324,4556,17254
directed_cut,email-Eu-core,0,320,74,74,6409,6352,4501,17262
directed_cut,email-Eu-core,0,320,75,75,6443,6405,4434,17282
directed_cut,email-Eu-core,0,320,76,76,6477,6472,4348,17297
directed_cut,email-Eu-core,0,320,77,77,6510,6534,4289,17333
directed_cut,email-Eu-core,0,320,78,78,6542,6561,4247,17350
directed_cut,email-Eu-core,0,320,79,79,6574,6620,4168,17362
directed_cut,email-Eu-core,0,320,80,80,6606,6663,4103,17372
directed_cut,email-Eu-core,0,320,81,81,6637,6703,4048,17388
directed_cut,email-Eu-core,0,320,82,82,6668,6753,3987,17408
directed_cut,email-Eu-core,0,320,83,83,6698,6795,3940,17433
directed_cut,email-Eu-core,0,320,84,84,6728,6828,3879,17435
directed_cut,email-Eu-core,0,320,85,85,6757,6871,3845,17473
directed_cut,email-Eu-core,0,320,86,86,6785,6902,3814,17501
directed_cut,email-Eu-core,0,320,87,87,6813,6941,3774,17528
directed_cut,email-Eu-core,0,320,88,88,6841,7026,3686,17553
directed_cut,email-Eu-core,0,320,89,89,6869,7054,3637,17560
directed_cut,email-Eu-core,0,320,90,90,6896,7080,3586,17562
directed_cut,email-Eu-core,0,320,91,91,6923,7108,3530,17561
directed_cut,email-Eu-core,0,320,92,92,6949,7175,3451,17575
directed_cut,email-Eu-core,0,320,93,93,6975,7177,3415,17567
directed_cut,email-Eu-core,0,320,94,94,7000,7198,3389,17587
directed_cut,email-Eu-core,0,320,95,95,7025,7247,3346,17618
directed_cut,email-Eu-core,0,320,96,96,7050,7285,3276,17611
directed_cut,email-Eu-core,0,320,97,97,7075,7321,3227,17623
directed_cut,email-Eu-core,0,320,98,98,7099,7378,3167,17644
directed_cut,email-Eu-core,0,320,99,99,7123,7392,3144,17659
directed_cut,email-Eu-core,0,320,100,100,7147,7431,3071,17649
directed_cut,email-Eu-core,0,320,101,101,7169,7476,3050,17695
directed_cut,email-Eu-core,0,320,102,102,7191,7511,2995,17697
directed_cut,email-Eu-core,0,320,103,103,7213,7527,2951,17691
directed_cut,email-Eu-core,0,320,104,104,7234,7613,2914,17761
directed_cut,email-Eu-core,0,320,105,105,7255,7623,2877,17755
directed_cut,email-Eu-core,0,320,106,106,7276,7658,2837,17771
directed_cut,email-Eu-core,0,320,107,107,7297,7694,2797,17788
directed_cut,email-Eu-core,0,320,108,108,7317,7754,2745,17816
directed_cut,email-Eu-core,0,320,109,109,7337,7800,2718,17855
directed_cut,email-Eu-core,0,320,110,110,7357,7828,2679,17864
directed_cut,email-Eu-core,0,320,111,111,7377,7833,2664,17874
directed_cut,email-Eu-core,0,320,112,112,7396,7877,2584,17857
directed_cut,email-Eu-core,0,320,113,113,7415,7951,2514,17880
directed_cut,email-Eu-core,0,320,114,114,7434,7973,2501,17908
directed_cut,email-Eu-core,0,320,115,115,7453,8008,2468,17929
directed_cut,email-Eu-core,0,320,116,116,7471,8053,2394,17918
directed_cut,email-Eu-core,0,320,117,117,7489,8180,2333,18002
directed_cut,email-Eu-core,0,320,118,118,7507,8224,2295,18026
directed_cut,email-Eu-core,0,320,119,119,7525,8265,2240,18030
directed_cut,email-Eu-core,0,320,120,120,7543,8283,2215,18041
directed_cut,email-Eu-core,0,320,121,121,7560,8315,2153,18028
directed_cut,email-Eu-core,0,320,122,122,7577,8382,2108,18067
directed_cut,email-Eu-core,0,320,123,123,7594,8441,2054,18089
directed_cut,email-Eu-core,0,320,124,124,7611,8472,2027,18110
directed_cut,email-Eu-core,0,320,125,125,7628,8487,1969,18084
directed_cut,email-Eu-core,0,320,126,126,7645,8521,1958,18124
directed_cut,email-Eu-core,0,320,127,127,7662,8538,1915,18115
directed_cut,email-Eu-core,0,320,128,128,7678,8563,1891,18132
directed_cut,email-Eu-core,0,320,129,129,7694,8601,1826,18121
directed_cut,email-Eu-core,0,320,130,130,7710,8631,1781,18122
directed_cut,email-Eu-core,0,320,131,131,7726,8653,1762,18141
directed_cut,email-Eu-core,0,320,132,132,7742,8691,1731,18164
directed_cut,email-Eu-core,0,320,133,133,7758,8696,1719,18173
directed_cut,email-Eu-core,0,320,134,134,7773,8720,1691,18184
directed_cut,email-Eu-core,0,320,135,135,7788,8771,1650,18209
directed_cut,email-Eu-core,0,320,136,136,7803,8810,1620,18233
directed_cut,email-Eu-core,0,320,137,137,7818,8820,1607,18245
directed_cut,email-Eu-core,0,320,138,138,7832,8833,1583,18248
directed_cut,email-Eu-core,0,320,139,139,7846,8893,1539,18278
directed_cut,email-Eu-core,0,320,140,140,7860,8919,1499,18278
directed_cut,email-Eu-core,0,320,141,141,7874,8925,1481,18280
directed_cut,email-Eu-core,0,320,142,142,7887,8943,1467,18297
directed_cut,email-Eu-core,0,320,143,143,7900,8978,1439,18317
directed_cut,email-Eu-core,0,320,144,144,7913,9003,1422,18338
directed_cut,email-Eu-core,0,320,145,145,7926,9031,1399,18356
directed_cut,email-Eu-core,0,320,146,146,7939,9040,1367,18346
directed_cut,email-Eu-core,0,320,147,147,7951,9077,1340,18368
directed_cut,email-Eu-core,0,320,148,148,7963,9110,1294,18367
directed_cut,email-Eu-core,0,320,149,149,7975,9129,1262,18366
directed_cut,email-Eu-core,0,320,150,150,7987,9147,1242,18376
directed_cut,email-Eu-core,0,320,151,151,7999,9153,1219,18371
directed_cut,email-Eu-core,0,320,152,152,8011,9172,1192,18375
directed_cut,email-Eu-core,0,320,153,153,8022,9194,1168,18384
directed_cut,email-Eu-core,0,320,154,154,8033,9246,1152,18431
directed_cut,email-Eu-core,0,320,155,155,8044,9292,1133,18469
directed_cut,email-Eu-core,0,320,156,156,8054,9323,1096,18473
directed_cut,email-Eu-core,0,320,157,157,8064,9338,1079,18481
directed_cut,email-Eu-core,0,320,158,158,8074,9380,1034,18488
directed_cut,email-Eu-core,0,320,159,159,8084,9417,1019,18520
directed_cut,email-Eu-core,0,320,160,160,8094,9444,969,18507
directed_cut,email-Eu-core,0,320,161,161,8104,9450,967,18521
directed_cut,email-Eu-core,0,320,162,162,8114,9453,953,18520
directed_cut,email-Eu-core,0,320,163,163,8124,9461,937,18522
directed_cut,email-Eu-core,0,320,164,164,8134,9470,908,18512
directed_cut,email-Eu-core,0,320,165,165,8143,9511,889,18543
directed_cut,email-Eu-core,0,320,166,166,8152,9531,869,18552
directed_cut,email-Eu-core,0,320,167,167,8161,9568,849,18578
directed_cut,email-Eu-core,0,320,168,168,8170,9583,827,18580
directed_cut,email-Eu-core,0,320,169,169,8179,9602,801,18582
directed_cut,email-Eu-core,0,320,170,170,8188,9630,801,18619
directed_cut,email-Eu-core,0,320,171,171,8197,9653,781,18631
directed_cut,email-Eu-core,0,320,172,172,8206,9661,770,18637
directed_cut,email-Eu-core,0,320,173,173,8214,9689,744,18647
directed_cut,email-Eu-core,0,320,174,174,8222,9708,735,18665
directed_cut,email-Eu-core,0,320,175,175,8230,9726,706,18662
directed_cut,email-Eu-core,0,320,176,176,8238,9757,706,18701
directed_cut,email-Eu-core,0,320,177,177,8246,9765,693,18704
directed_cut,email-Eu-core,0,320,178,178,8254,9797,652,18703
directed_cut,email-Eu-core,0,320,179,179,8262,9800,646,18708
directed_cut,email-Eu-core,0,320,180,180,8270,9815,628,18713
directed_cut,email-Eu-core,0,320,181,181,8278,9824,619,18721
directed_cut,email-Eu-core,0,320,182,182,8285,9837,596,18718
directed_cut,email-Eu-core,0,320,183,183,8292,9856,586,18734
directed_cut,email-Eu-core,0,320,184,184,8299,9874,577,18750
directed_cut,email-Eu-core,0,320,185,185,8306,9890,563,18759
directed_cut,email-Eu-core,0,320,186,186,8313,9912,546,18771
directed_cut,email-Eu-core,0,320,187,187,8320,9922,532,18774
directed_cut,email-Eu-core,0,320,188,188,8327,9938,531,18796
directed_cut,email-Eu-core,0,320,189,189,8333,9999,501,18833
directed_cut,email-Eu-core,0,320,190,190,8339,10060,474,18873
directed_cut,email-Eu-core,0,320,191,191,8345,10160,435,18940
directed_cut,email-Eu-core,0,320,192,192,8351,10171,428,18950
directed_cut,email-Eu-core,0,320,193,193,8357,10191,421,18969
directed_cut,email-Eu-core,0,320,194,194,8363,10193,412,18968
directed_cut,email-Eu-core,0,320,195,195,8369,10196,395,18960
directed_cut,email-Eu-core,0,320,196,196,8375,10203,394,18972
directed_cut,email-Eu-core,0,320,197,197,8381,10205,383,18969
directed_cut,email-Eu-core,0,320,198,198,8386,10236,372,18994
directed_cut,email-Eu-core,0,320,199,199,8391,10254,357,19002
directed_cut,email-Eu-core,0,320,200,200,8396,10268,351,19015
directed_cut,email-Eu-core,0,320,201,201,8401,10279,342,19022
directed_cut,email-Eu-core,0,320,202,202,8406,10287,333,19026
directed_cut,email-Eu-core,0,320,203,203,8411,10302,323,19036
directed_cut,email-Eu-core,0,320,204,204,8416,10306,324,19046
directed_cut,email-Eu-core,0,320,205,205,8421,10314,314,19049
directed_cut,email-Eu-core,0,320,206,206,8426,10315,306,19047
directed_cut,email-Eu-core,0,320,207,207,8431,10326,298,19055
directed_cut,email-Eu-core,0,320,208,208,8436,10340,287,19063
directed_cut,email-Eu-core,0,320,209,209,8440,10378,279,19097
directed_cut,email-Eu-core,0,320,210,210,8444,10391,273,19108
directed_cut,email-Eu-core,0,320,211,211,8448,10417,256,19121
directed_cut,email-Eu-core,0,320,212,212,8452,10437,252,19141
directed_cut,email-Eu-core,0,320,213,213,8456,10461,246,19163
directed_cut,email-Eu-core,0,320,214,214,8460,10507,241,19208
directed_cut,email-Eu-core,0,320,215,215,8464,10529,231,19224
directed_cut,email-Eu-core,0,320,216,216,8468,10538,221,19227
directed_cut,email-Eu-core,0,320,217,217,8472,10544,215,19231
directed_cut,email-Eu-core,0,320,218,218,8476,10570,211,19257
directed_cut,email-Eu-core,0,320,219,219,8480,10585,205,19270
directed_cut,email-Eu-core,0,320,220,220,8484,10598,201,19283
directed_cut,email-Eu-core,0,320,221,221,8488,10613,194,19295
directed_cut,email-Eu-core,0,320,222,222,8492,10626,189,19307
directed_cut,email-Eu-core,0,320,223,223,8496,10631,185,19312
directed_cut,email-Eu-core,0,320,224,224,8499,10694,167,19360
directed_cut,email-Eu-core,0,320,225,225,8502,10711,159,19372
directed_cut,email-Eu-core,0,320,226,226,8505,10735,156,19396
directed_cut,email-Eu-core,0,320,227,227,8508,10754,149,19411
directed_cut,email-Eu-core,0,320,228,228,8511,10782,142,19435
directed_cut,email-Eu-core,0,320,229,229,8514,10821,128,19463
directed_cut,email-Eu-core,0,320,230,230,8517,10843,125,19485
directed_cut,email-Eu-core,0,320,231,231,8520,10851,121,19492
directed_cut,email-Eu-core,0,320,232,232,8523,10871,117,19511
directed_cut,email-Eu-core,0,320,233,233,8526,10873,114,19513
directed_cut,email-Eu-core,0,320,234,234,8529,10874,108,19511
directed_cut,email-Eu-core,0,320,235,235,8532,10874,104,19510
directed_cut,email-Eu-core,0,320,236,236,8535,10879,101,19515
directed_cut,email-Eu-core,0,320,237,237,8538,10885,99,19522
directed_cut,email-Eu-core,0,320,238,238,8541,10888,96,19525
directed_cut,email-Eu-core,0,320,239,239,8544,10890,93,19527
directed_cut,email-Eu-core,0,320,240,240,8547,10908,90,19545
directed_cut,email-Eu-core,0,320,241,241,8550,10908,87,19545
directed_cut,email-Eu-core,0,320,242,242,8552,10922,84,19558
directed_cut,email-Eu-core,0,320,243,243,8554,10958,80,19592
directed_cut,email-Eu-core,0,320,244,244,8556,10971,78,19605
directed_cut,email-Eu-core,0,320,245,245,8558,10993,76,19627
directed_cut,email-Eu-core,0,320,246,246,8560,11019,74,19653
directed_cut,email-Eu-core,0,320,247,247,8562,11030,72,19664
directed_cut,email-Eu-core,0,320,248,248,8564,11036,71,19671
directed_cut,email-Eu-core,0,320,249,249,8566,11067,69,19702
directed_cut,email-Eu-core,0,320,250,250,8568,11075,66,19709
directed_cut,email-Eu-core,0,320,251,251,8570,11083,65,19718
directed_cut,email-Eu-core,0,320,252,252,8572,11086,63,19721
directed_cut,email-Eu-core,0,320,253,253,8574,11093,61,19728
directed_cut,email-Eu-core,0,320,254,254,8576,11107,59,19742
directed_cut,email-Eu-core,0,320,255,255,8578,11108,57,19743
directed_cut,email-Eu-core,0,320,256,256,8580,11109,55,19744
directed_cut,email-Eu-core,0,320,257,257,8582,11126,53,19761
directed_cut,email-Eu-core,0,320,258,258,8584,11136,51,19771
directed_cut,email-Eu-core,0,320,259,259,8586,11148,47,19781
directed_cut,email-Eu-core,0,320,260,260,8588,11165,45,19798
directed_cut,email-Eu-core,0,320,261,261,8590,11171,43,19804
directed_cut,email-Eu-core,0,320,262,262,8592,11176,41,19809
directed_cut,email-Eu-core,0,320,263,263,8593,11198,40,19831
directed_cut,email-Eu-core,0,320,264,264,8594,11232,39,19865
directed_cut,email-Eu-core,0,320,265,265,8595,11253,38,19886
directed_cut,email-Eu-core,0,320,266,266,8596,11254,37,19887
directed_cut,email-Eu-core,0,320,267,267,8597,11261,36,19894
directed_cut,email-Eu-core,0,320,268,268,8598,11278,35,19911
directed_cut,email-Eu-core,0,320,269,269,8599,11278,34,19911
directed_cut,email-Eu-core,0,320,270,270,8600,11280,33,19913
directed_cut,email-Eu-core,0,320,271,271,8601,11291,32,19924
directed_cut,email-Eu-core,0,320,272,272,8602,11298,30,19930
directed_cut,email-Eu-core,0,320,273,273,8603,11300,29,19932
directed_cut,email-Eu-core,0,320,274,274,8604,11311,28,19943
directed_cut,email-Eu-core,0,320,275,275,8605,11312,27,19944
directed_cut,email-Eu-core,0,320,276,276,8606,11320,26,19952
directed_cut,email-Eu-core,0,320,277,277,8607,11323,25,19955
directed_cut,email-Eu-core,0,320,278,278,8608,11327,24,19959
directed_cut,email-Eu-core,0,320,279,279,8609,11327,23,19959
directed_cut,email-Eu-core,0,320,280,280,8610,11331,22,19963
directed_cut,email-Eu-core,0,320,281,281,8611,11331,21,19963
directed_cut,email-Eu-core,0,320,282,282,8612,11331,20,19963
directed_cut,email-Eu-core,0,320,283,283,8613,11335,19,19967
directed_cut,email-Eu-core,0,320,284,284,8614,11339,18,19971
directed_cut,email-Eu-core,0,320,285,285,8615,11340,17,19972
directed_cut,email-Eu-core,0,320,286,286,8616,11340,16,19972
directed_cut,email-Eu-core,0,320,287,287,8617,11340,15,19972
directed_cut,email-Eu-core,0,320,288,288,8618,11340,14,19972
directed_cut,email-Eu-core,0,320,289,289,8619,11340,13,19972
directed_cut,email-Eu-core,0,320,290,290,8620,11342,12,19974
directed_cut,email-Eu-core,0,320,291,291,8621,11359,11,19991
directed_cut,email-Eu-core,0,320,292,292,8622,11372,10,20004
directed_cut,email-Eu-core,0,320,293,293,8623,11373,9,20005
directed_cut,email-Eu-core,0,320,294,294,8624,11375,8,20007
directed_cut,email-Eu-core,0,320,295,295,8625,11375,7,20007
directed_cut,email-Eu-core,0,320,296,296,8626,11375,6,20007
directed_cut,email-Eu-core,0,320,297,297,8627,11377,5,20009
directed_cut,email-Eu-core,0,320,298,298,8628,11377,4,20009
directed_cut,email-Eu-core,0,320,299,299,8629,11381,3,20013
directed_cut,email-Eu-core,0,320,300,300,8630,11381,2,20013
directed_cut,email-Eu-core,0,320,301,301,8631,11382,1,20014
directed_cut,email-Eu-core,0,320,302,302,8632,11383,0,20015
directed_cut,email-Eu-core,0,340,0,0,0,0,15527,15527
directed_cut,email-Eu-core,0,340,1,1,333,211,15034,15578
directed_cut,email-Eu-core,0,340,2,2,557,331,14699,15587
directed_cut,email-Eu-core,0,340,3,3,775,487,14359,15621
directed_cut,email-Eu-core,0,340,4,4,974,655,14032,15661
directed_cut,email-Eu-core,0,340,5,5,1169,808,13713,15690
directed_cut,email-Eu-core,0,340,6,6,1352,986,13397,15735
directed_cut,email-Eu-core,0,340,7,7,1522,1046,13164,15732
directed_cut,email-Eu-core,0,340,8,8,1675,1169,12970,15814
directed_cut,email-Eu-core,0,340,9,9,1826,1319,12685,15830
directed_cut,email-Eu-core,0,340,10,10,1971,1430,12454,15855
directed_cut,email-Eu-core,0,340,11,11,2112,1572,12180,15864
directed_cut,email-Eu-core,0,340,12,12,2238,1689,11972,15899
directed_cut,email-Eu-core,0,340,13,13,2359,1776,11799,15934
directed_cut,email-Eu-core,0,340,14,14,2474,1823,11670,15967
directed_cut,email-Eu-core,0,340,15,15,2587,1961,11456,16004
directed_cut,email-Eu-core,0,340,16,16,2699,2046,11295,16040
directed_cut,email-Eu-core,0,340,17,17,2804,2172,11098,16074
directed_cut,email-Eu-core,0,340,18,18,2906,2264,10934,16104
directed_cut,email-Eu-core,0,340,19,19,3007,2357,10770,16134
directed_cut,email-Eu-core,0,340,20,20,3105,2465,10586,16156
directed_cut,email-Eu-core,0,340,21,21,3201,2600,10394,16195
directed_cut,email-Eu-core,0,340,22,22,3296,2698,10236,16230
directed_cut,email-Eu-core,0,340,23,23,3390,2806,10050,16246
directed_cut,email-Eu-core,0,340,24,24,3482,2815,9951,16248
directed_cut,email-Eu-core,0,340,25,25,3572,2925,9804,16301
directed_cut,email-Eu-core,0,340,26,26,3661,3014,9646,16321
directed_cut,email-Eu-core,0,340,27,27,3747,3128,9474,16349
directed_cut,email-Eu-core,0,340,28,28,3829,3224,9330,16383
directed_cut,email-Eu-core,0,340,29,29,3911,3330,9183,16424
directed_cut,email-Eu-core,0,340,30,30,3992,3433,9007,16432
directed_cut,email-Eu-core,0,340,31,31,4072,3512,8886,16470
directed_cut,email-Eu-core,0,340,32,32,4151,3541,8783,16475
directed_cut,email-Eu-core,0,340,33,33,4228,3602,8664,16494
directed_cut,email-Eu-core,0,340,34,34,4303,3662,8554,16519
directed_cut,email-Eu-core,0,340,35,35,4378,3771,8391,16540
directed_cut,email-Eu-core,0,340,36,36,4451,3852,8263,16566
directed_cut,email-Eu-core,0,340,37,37,4524,3947,8140,16611
directed_cut,email-Eu-core,0,340,38,38,4594,4032,8011,16637
directed_cut,email-Eu-core,0,340,39,39,4664,4147,7851,16662
directed_cut,email-Eu-core,0,340,40,40,4733,4229,7717,16679
directed_cut,email-Eu-core,0,340,41,41,4801,4270,7625,16696
directed_cut,email-Eu-core,0,340,42,42,4867,4309,7537,16713
directed_cut,email-Eu-core,0,340,43,43,4931,4382,7426,16739
directed_cut,email-Eu-core,0,340,44,44,4993,4458,7314,16765
directed_cut,email-Eu-core,0,340,45,45,5053,4511,7230,16794
directed_cut,email-Eu-core,0,340,46,46,5113,4602,7100,16815
directed_cut,email-Eu-core,0,340,47,47,5173,4673,6984,16830
directed_cut,email-Eu-core,0,340,48,48,5231,4775,6852,16858
directed_cut,email-Eu-core,0,340,49,49,5289,4829,6763,16881
directed_cut,email-Eu-core,0,340,50,50,5346,4883,6654,16883
directed_cut,email-Eu-core,0,340,51,51,5402,4911,6581,16894
directed_cut,email-Eu-core,0,340,52,52,5457,4959,6513,16929
directed_cut,email-Eu-core,0,340,53,53,5511,5011,6406,16928
directed_cut,email-Eu-core,0,340,54,54,5564,5072,6327,16963
directed_cut,email-Eu-core,0,340,55,55,5616,5115,6261,16992
directed_cut,email-Eu-core,0,340,56,56,5667,5189,6157,17013
directed_cut,email-Eu-core,0,340,57,57,5716,5237,6064,17017
directed_cut,email-Eu-core,0,340,58,58,5764,5356,5931,17051
directed_cut,email-Eu-core,0,340,59,59,5812,5431,5824,17067
directed_cut,email-Eu-core,0,340,60,60,5857,5506,5726,17089
directed_cut,email-Eu-core,0,340,61,61,5901,5582,5611,17094
directed_cut,email-Eu-core,0,340,62,62,5945,5632,5531,17108
directed_cut,email-Eu-core,0,340,63,63,5989,5685,5467,17141
directed_cut,email-Eu-core,0,340,64,64,6032,5780,5367,17179
directed_cut,email-Eu-core,0,340,65,65,6073,5827,5278,17178
directed_cut,email-Eu-core,0,340,66,66,6113,5927,5179,17219
directed_cut,email-Eu-core,0,340,67,67,6152,5966,5117,17235
directed_cut,email-Eu-core,0,340,68,68,6190,6020,5032,17242
directed_cut,email-Eu-core,0,340,69,69,6228,6092,4967,17287
directed_cut,email-Eu-core,0,340,70,70,6266,6164,4896,17326
directed_cut,email-Eu-core,0,340,71,71,6302,6237,4793,17332
directed_cut,email-Eu-core,0,340,72,72,6338,6285,4736,17359
directed_cut,email-Eu-core,0,340,73,73,6374,6324,4672,17370
directed_cut,email-Eu-core,0,340,74,74,6409,6352,4616,17377
directed_cut,email-Eu-core,0,340,75,75,6443,6405,4546,17394
directed_cut,email-Eu-core,0,340,76,76,6477,6472,4452,17401
directed_cut,email-Eu-core,0,340,77,77,6510,6534,4389,17433
directed_cut,email-Eu-core,0,340,78,78,6542,6561,4347,17450
directed_cut,email-Eu-core,0,340,79,79,6574,6620,4266,17460
directed_cut,email-Eu-core,0,340,80,80,6606,6663,4199,17468
directed_cut,email-Eu-core,0,340,81,81,6637,6703,4141,17481
directed_cut,email-Eu-core,0,340,82,82,6668,6753,4077,17498
directed_cut,email-Eu-core,0,340,83,83,6698,6795,4028,17521
directed_cut,email-Eu-core,0,340,84,84,6728,6828,3963,17519
directed_cut,email-Eu-core,0,340,85,85,6757,6871,3929,17557
directed_cut,email-Eu-core,0,340,86,86,6785,6902,3894,17581
directed_cut,email-Eu-core,0,340,87,87,6813,6941,3854,17608
directed_cut,email-Eu-core,0,340,88,88,6841,7026,3766,17633
directed_cut,email-Eu-core,0,340,89,89,6869,7054,3717,17640
directed_cut,email-Eu-core,0,340,90,90,6896,7080,3666,17642
directed_cut,email-Eu-core,0,340,91,91,6923,7108,3606,17637
directed_cut,email-Eu-core,0,340,92,92,6949,7175,3524,17648
directed_cut,email-Eu-core,0,340,93,93,6975,7177,3487,17639
directed_cut,email-Eu-core,0,340,94,94,7000,7198,3459,17657
directed_cut,email-Eu-core,0,340,95,95,7025,7247,3415,17687
directed_cut,email-Eu-core,0,340,96,96,7050,7285,3340,17675
directed_cut,email-Eu-core,0,340,97,97,7075,7321,3288,17684
directed_cut,email-Eu-core,0,340,98,98,7099,7378,3227,17704
directed_cut,email-Eu-core,0,340,99,99,7123,7392,3204,17719
directed_cut,email-Eu-core,0,340,100,100,7147,7431,3131,17709
directed_cut,email-Eu-core,0,340,101,101,7169,7476,3110,17755
directed_cut,email-Eu-core,0,340,102,102,7191,7511,3055,17757
directed_cut,email-Eu-core,0,340,103,103,7213,7527,3009,17749
directed_cut,email-Eu-core,0,340,104,104,7234,7613,2970,17817
directed_cut,email-Eu-core,0,340,105,105,7255,7623,2930,17808
directed_cut,email-Eu-core,0,340,106,106,7276,7658,2887,17821
directed_cut,email-Eu-core,0,340,107,107,7297,7694,2846,17837
directed_cut,email-Eu-core,0,340,108,108,7317,7754,2785,17856
directed_cut,email-Eu-core,0,340,109,109,7337,7800,2758,17895
directed_cut,email-Eu-core,0,340,110,110,7357,7828,2719,17904
directed_cut,email-Eu-core,0,340,111,111,7377,7833,2704,17914
directed_cut,email-Eu-core,0,340,112,112,7396,7877,2624,17897
directed_cut,email-Eu-core,0,340,113,113,7415,7951,2554,17920
directed_cut,email-Eu-core,0,340,114,114,7434,7973,2541,17948
directed_cut,email-Eu-core,0,340,115,115,7453,8008,2508,17969
directed_cut,email-Eu-core,0,340,116,116,7471,8053,2434,17958
directed_cut,email-Eu-core,0,340,117,117,7489,8180,2367,18036
directed_cut,email-Eu-core,0,340,118,118,7507,8224,2325,18056
directed_cut,email-Eu-core,0,340,119,119,7525,8265,2268,18058
directed_cut,email-Eu-core,0,340,120,120,7543,8283,2240,18066
directed_cut,email-Eu-core,0,340,121,121,7560,8315,2173,18048
directed_cut,email-Eu-core,0,340,122,122,7577,8382,2128,18087
directed_cut,email-Eu-core,0,340,123,123,7594,8441,2074,18109
directed_cut,email-Eu-core,0,340,124,124,7611,8472,2047,18130
directed_cut,email-Eu-core,0,340,125,125,7628,8487,1989,18104
directed_cut,email-Eu-core,0,340,126,126,7645,8521,1978,18144
directed_cut,email-Eu-core,0,340,127,127,7662,8538,1935,18135
directed_cut,email-Eu-core,0,340,128,128,7678,8563,1911,18152
directed_cut,email-Eu-core,0,340,129,129,7694,8601,1846,18141
directed_cut,email-Eu-core,0,340,130,130,7710,8631,1801,18142
directed_cut,email-Eu-core,0,340,131,131,7726,8653,1782,18161
directed_cut,email-Eu-core,0,340,132,132,7742,8691,1751,18184
directed_cut,email-Eu-core,0,340,133,133,7758,8696,1739,18193
directed_cut,email-Eu-core,0,340,134,134,7773,8720,1711,18204
directed_cut,email-Eu-core,0,340,135,135,7788,8771,1670,18229
directed_cut,email-Eu-core,0,340,136,136,7803,8810,1640,18253
directed_cut,email-Eu-core,0,340,137,137,7818,8820,1627,18265
directed_cut,email-Eu-core,0,340,138,138,7832,8833,1603,18268
directed_cut,email-Eu-core,0,340,139,139,7846,8893,1558,18297
directed_cut,email-Eu-core,0,340,140,140,7860,8919,1509,18288
directed_cut,email-Eu-core,0,340,141,141,7874,8925,1488,18287
directed_cut,email-Eu-core,0,340,142,142,7887,8943,1474,18304
directed_cut,email-Eu-core,0,340,143,143,7900,8978,1440,18318
directed_cut,email-Eu-core,0,340,144,144,7913,9003,1422,18338
directed_cut,email-Eu-core,0,340,145,145,7926,9031,1399,18356
directed_cut,email-Eu-core,0,340,146,146,7939,9040,1367,18346
directed_cut,email-Eu-core,0,340,147,147,7951,9077,1340,18368
directed_cut,email-Eu-core,0,340,148,148,7963,9110,1294,18367
directed_cut,email-Eu-core,0,340,149,149,7975,9129,1262,18366
directed_cut,email-Eu-core,0,340,150,150,7987,9147,1242,18376
directed_cut,email-Eu-core,0,340,151,151,7999,9153,1219,18371
directed_cut,email-Eu-core,0,340,152,152,8011,9172,1192,18375
directed_cut,email-Eu-core,0,340,153,153,8022,9194,1168,18384
directed_cut,email-Eu-core,0,340,154,154,8033,9246,1152,18431
directed_cut,email-Eu-core,0,340,155,155,8044,9292,1133,18469
directed_cut,email-Eu-core,0,340,156,156,8054,9323,1096,18473
directed_cut,email-Eu-core,0,340,157,157,8064,9338,1079,18481
directed_cut,email-Eu-core,0,340,158,158,8074,9380,1034,18488
directed_cut,email-Eu-core,0,340,159,159,8084,9417,1019,18520
directed_cut,email-Eu-core,0,340,160,160,8094,9444,969,18507
directed_cut,email-Eu-core,0,340,161,161,8104,9450,967,18521
directed_cut,email-Eu-core,0,340,162,162,8114,9453,953,18520
directed_cut,email-Eu-core,0,340,163,163,8124,9461,937,18522
directed_cut,email-Eu-core,0,340,164,164,8134,9470,908,18512
directed_cut,email-Eu-core,0,340,165,165,8143,9511,889,18543
directed_cut,email-Eu-core,0,340,166,166,8152,9531,869,18552
directed_cut,email-Eu-core,0,340,167,167,8161,9568,849,18578
directed_cut,email-Eu-core,0,340,168,168,8170,9583,827,18580
directed_cut,email-Eu-core,0,340,169,169,8179,9602,801,18582
directed_cut,email-Eu-core,0,340,170,170,8188,9630,801,18619
directed_cut,email-Eu-core,0,340,171,171,8197,9653,781,18631
directed_cut,email-Eu-core,0,340,172,172,8206,9661,770,18637
directed_cut,email-Eu-core,0,340,173,173,8214,9689,744,18647
directed_cut,email-Eu-core,0,340,174,174,8222,9708,735,18665
directed_cut,email-Eu-core,0,340,175,175,8230,9726,706,18662
directed_cut,email-Eu-core,0,340,176,176,8238,9757,706,18701
directed_cut,email-Eu-core,0,340,177,177,8246,9765,693,18704
directed_cut,email-Eu-core,0,340,178,178,8254,9797,652,18703
directed_cut,email-Eu-core,0,340,179,179,8262,9800,646,18708
directed_cut,email-Eu-core,0,340,180,180,8270,9815,628,18713
directed_cut,email-Eu-core,0,340,181,181,8278,9824,619,18721
directed_cut,email-Eu-core,0,340,182,182,8285,9837,596,18718
directed_cut,email-Eu-core,0,340,183,183,8292,9856,586,18734
directed_cut,email-Eu-core,0,340,184,184,8299,9874,577,18750
directed_cut,email-Eu-core,0,340,185,185,8306,9890,563,18759
directed_cut,email-Eu-core,0,340,186,186,8313,9912,546,18771
directed_cut,email-Eu-core,0,340,187,187,8320,9922,532,18774
directed_cut,email-Eu-core,0,340,188,188,8327,9938,531,18796
directed_cut,email-Eu-core,0,340,189,189,8333,9999,501,18833
directed_cut,email-Eu-core,0,340,190,190,8339,10060,474,18873
directed_cut,email-Eu-core,0,340,191,191,8345,10160,435,18940
directed_cut,email-Eu-core,0,340,192,192,8351,10171,428,18950
directed_cut,email-Eu-core,0,340,193,193,8357,10191,421,18969
directed_cut,email-Eu-core,0,340,194,194,8363,10193,412,18968
directed_cut,email-Eu-core,0,340,195,195,8369,10196,395,18960
directed_cut,email-Eu-core,0,340,196,196,8375,10203,394,18972
directed_cut,email-Eu-core,0,340,197,197,8381,10205,383,18969
directed_cut,email-Eu-core,0,340,198,198,8386,10236,372,18994
directed_cut,email-Eu-core,0,340,199,199,8391,10254,357,19002
directed_cut,email-Eu-core,0,340,200,200,8396,10268,351,19015
directed_cut,email-Eu-core,0,340,201,201,8401,10279,342,19022
directed_cut,email-Eu-core,0,340,202,202,8406,10287,333,19026
directed_cut,email-Eu-core,0,340,203,203,8411,10302,323,19036
directed_cut,email-Eu-core,0,340,204,204,8416,10306,324,19046
directed_cut,email-Eu-core,0,340,205,205,8421,10314,314,19049
directed_cut,email-Eu-core,0,340,206,206,8426,10315,306,19047
directed_cut,email-Eu-core,0,340,207,207,8431,10326,298,19055
directed_cut,email-Eu-core,0,340,208,208,8436,10340,287,19063
directed_cut,email-Eu-core,0,340,209,209,8440,10378,279,19097
directed_cut,email-Eu-core,0,340,210,210,8444,10391,273,19108
directed_cut,email-Eu-core,0,340,211,211,8448,10417,256,19121
directed_cut,email-Eu-core,0,340,212,212,8452,10437,252,19141
directed_cut,email-Eu-core,0,340,213,213,8456,10461,246,19163
directed_cut,email-Eu-core,0,340,214,214,8460,10507,241,19208
directed_cut,email-Eu-core,0,340,215,215,8464,10529,231,19224
directed_cut,email-Eu-core,0,340,216,216,8468,10538,221,19227
directed_cut,email-Eu-core,0,340,217,217,8472,10544,215,19231
directed_cut,email-Eu-core,0,340,218,218,8476,10570,211,19257
directed_cut,email-Eu-core,0,340,219,219,8480,10585,205,19270
directed_cut,email-Eu-core,0,340,220,220,8484,10598,201,19283
directed_cut,email-Eu-core,0,340,221,221,8488,10613,194,19295
directed_cut,email-Eu-core,0,340,222,222,8492,10626,189,19307
directed_cut,email-Eu-core,0,340,223,223,8496,10631,185,19312
directed_cut,email-Eu-core,0,340,224,224,8499,10694,167,19360
directed_cut,email-Eu-core,0,340,225,225,8502,10711,159,19372
directed_cut,email-Eu-core,0,340,226,226,8505,10735,156,19396
directed_cut,email-Eu-core,0,340,227,227,8508,10754,149,19411
directed_cut,email-Eu-core,0,340,228,228,8511,10782,142,19435
directed_cut,email-Eu-core,0,340,229,229,8514,10821,128,19463
directed_cut,email-Eu-core,0,340,230,230,8517,10843,125,19485
directed_cut,email-Eu-core,0,340,231,231,8520,10851,121,19492
directed_cut,email-Eu-core,0,340,232,232,8523,10871,117,19511
directed_cut,email-Eu-core,0,340,233,233,8526,10873,114,19513
directed_cut,email-Eu-core,0,340,234,234,8529,10874,108,19511
directed_cut,email-Eu-core,0,340,235,235,8532,10874,104,19510
directed_cut,email-Eu-core,0,340,236,236,8535,10879,101,19515
directed_cut,email-Eu-core,0,340,237,237,8538,10885,99,19522
directed_cut,email-Eu-core,0,340,238,238,8541,10888,96,19525
directed_cut,email-Eu-core,0,340,239,239,8544,10890,93,19527
directed_cut,email-Eu-core,0,340,240,240,8547,10908,90,19545
directed_cut,email-Eu-core,0,340,241,241,8550,10908,87,19545
directed_cut,email-Eu-core,0,340,242,242,8552,10922,84,19558
directed_cut,email-Eu-core,0,340,243,243,8554,10958,80,19592
directed_cut,email-Eu-core,0,340,244,244,8556,10971,78,19605
directed_cut,email-Eu-core,0,340,245,245,8558,10993,76,19627
directed_cut,email-Eu-core,0,340,246,246,8560,11019,74,19653
directed_cut,email-Eu-core,0,340,247,247,8562,11030,72,19664
directed_cut,email-Eu-core,0,340,248,248,8564,11036,71,19671
directed_cut,email-Eu-core,0,340,249,249,8566,11067,69,19702
directed_cut,email-Eu-core,0,340,250,250,8568,11075,66,19709
directed_cut,email-Eu-core,0,340,251,251,8570,11083,65,19718
directed_cut,email-Eu-core,0,340,252,252,8572,11086,63,19721
directed_cut,email-Eu-core,0,340,253,253,8574,11093,61,19728
directed_cut,email-Eu-core,0,340,254,254,8576,11107,59,19742
directed_cut,email-Eu-core,0,340,255,255,8578,11108,57,19743
directed_cut,email-Eu-core,0,340,256,256,8580,11109,55,19744
directed_cut,email-Eu-core,0,340,257,257,8582,11126,53,19761
directed_cut,email-Eu-core,0,340,258,258,8584,11136,51,19771
directed_cut,email-Eu-core,0,340,259,259,8586,11148,47,19781
directed_cut,email-Eu-core,0,340,260,260,8588,11165,45,19798
directed_cut,email-Eu-core,0,340,261,261,8590,11171,43,19804
directed_cut,email-Eu-core,0,340,262,262,8592,11176,41,19809
directed_cut,email-Eu-core,0,340,263,263,8593,11198,40,19831
directed_cut,email-Eu-core,0,340,264,264,8594,11232,39,19865
directed_cut,email-Eu-core,0,340,265,265,8595,11253,38,19886
directed_cut,email-Eu-core,0,340,266,266,8596,11254,37,19887
directed_cut,email-Eu-core,0,340,267,267,8597,11261,36,19894
directed_cut,email-Eu-core,0,340,268,268,8598,11278,35,19911
directed_cut,email-Eu-core,0,340,269,269,8599,11278,34,19911
directed_cut,email-Eu-core,0,340,270,270,8600,11280,33,19913
directed_cut,email-Eu-core,0,340,271,271,8601,11291,32,19924
directed_cut,email-Eu-core,0,340,272,272,8602,11298,30,19930
directed_cut,email-Eu-core,0,340,273,273,8603,11300,29,19932
directed_cut,email-Eu-core,0,340,274,274,8604,11311,28,19943
directed_cut,email-Eu-core,0,340,275,275,8605,11312,27,19944
directed_cut,email-Eu-core,0,340,276,276,8606,11320,26,19952
directed_cut,email-Eu-core,0,340,277,277,8607,11323,25,19955
directed_cut,email-Eu-core,0,340,278,278,8608,11327,24,19959
directed_cut,email-Eu-core,0,340,279,279,8609,11327,23,19959
directed_cut,email-Eu-core,0,340,280,280,8610,11331,22,19963
directed_cut,email-Eu-core,0,340,281,281,8611,11331,21,19963
directed_cut,email-Eu-core,0,340,282,282,8612,11331,20,19963
directed_cut,email-Eu-core,0,340,283,283,8613,11335,19,19967
directed_cut,email-Eu-core,0,340,284,284,8614,11339,18,19971
directed_cut,email-Eu-core,0,340,285,285,8615,11340,17,19972
directed_cut,email-Eu-core,0,340,286,286,8616,11340,16,19972
directed_cut,email-Eu-core,0,340,287,287,8617,11340,15,19972
directed_cut,email-Eu-core,0,340,288,288,8618,11340,14,19972
directed_cut,email-Eu-core,0,340,289,289,8619,11340,13,19972
directed_cut,email-Eu-core,0,340,290,290,8620,11342,12,19974
directed_cut,email-Eu-core,0,340,291,291,8621,11359,11,19991
directed_cut,email-Eu-core,0,340,292,292,8622,11372,10,20004
directed_cut,email-Eu-core,0,340,293,293,8623,11373,9,20005
directed_cut,email-Eu-core,0,340,294,294,8624,11375,8,20007
directed_cut,email-Eu-core,0,340,295,295,8625,11375,7,20007
directed_cut,email-Eu-core,0,340,296,296,8626,11375,6,20007
directed_cut,email-Eu-core,0,340,297,297,8627,11377,5,20009
directed_cut,email-Eu-core,0,340,298,298,8628,11377,4,20009
directed_cut,email-Eu-core,0,340,299,299,8629,11381,3,20013
directed_cut,email-Eu-core,0,340,300,300,8630,11381,2,20013
directed_cut,email-Eu-core,0,340,301,301,8631,11382,1,20014
directed_cut,email-Eu-core,0,340,302,302,8632,11383,0,20015
directed_cut,email-Eu-core,0,360,0,0,0,0,15877,15877
directed_cut,email-Eu-core,0,360,1,1,333,211,15379,15923
directed_cut,email-Eu-core,0,360,2,2,557,331,15036,15924
directed_cut,email-Eu-core,0,360,3,3,775,487,14691,15953
directed_cut,email-Eu-core,0,360,4,4,974,655,14361,15990
directed_cut,email-Eu-core,0,360,5,5,1169,808,14036,16013
directed_cut,email-Eu-core,0,360,6,6,1352,986,13713,16051
directed_cut,email-Eu-core,0,360,7,7,1522,1046,13476,16044
directed_cut,email-Eu-core,0,360,8,8,1675,1169,13282,16126
directed_cut,email-Eu-core,0,360,9,9,1826,1319,12993,16138
directed_cut,email-Eu-core,0,360,10,10,1971,1430,12757,16158
directed_cut,email-Eu-core,0,360,11,11,2112,1572,12474,16158
directed_cut,email-Eu-core,0,360,12,12,2238,1689,12263,16190
directed_cut,email-Eu-core,0,360,13,13,2359,1776,12084,16219
directed_cut,email-Eu-core,0,360,14,14,2474,1823,11952,16249
directed_cut,email-Eu-core,0,360,15,15,2587,1961,11736,16284
directed_cut,email-Eu-core,0,360,16,16,2699,2046,11573,16318
directed_cut,email-Eu-core,0,360,17,17,2804,2172,11373,16349
directed_cut,email-Eu-core,0,360,18,18,2906,2264,11210,16380
directed_cut,email-Eu-core,0,360,19,19,3007,2357,11042,16406
directed_cut,email-Eu-core,0,360,20,20,3105,2465,10855,16425
directed_cut,email-Eu-core,0,360,21,21,3201,2600,10656,16457
directed_cut,email-Eu-core,0,360,22,22,3296,2698,10492,16486
directed_cut,email-Eu-core,0,360,23,23,3390,2806,10301,16497
directed_cut,email-Eu-core,0,360,24,24,3482,2815,10202,16499
directed_cut,email-Eu-core,0,360,25,25,3572,2925,10052,16549
directed_cut,email-Eu-core,0,360,26,26,3661,3014,9891,16566
directed_cut,email-Eu-core,0,360,27,27,3747,3128,9714,16589
directed_cut,email-Eu-core,0,360,28,28,3829,3224,9563,16616
directed_cut,email-Eu-core,0,360,29,29,3911,3330,9414,16655
directed_cut,email-Eu-core,0,360,30,30,3992,3433,9235,16660
directed_cut,email-Eu-core,0,360,31,31,4072,3512,9109,16693
directed_cut,email-Eu-core,0,360,32,32,4151,3541,9005,16697
directed_cut,email-Eu-core,0,360,33,33,4228,3602,8884,16714
directed_cut,email-Eu-core,0,360,34,34,4303,3662,8774,16739
directed_cut,email-Eu-core,0,360,35,35,4378,3771,8610,16759
directed_cut,email-Eu-core,0,360,36,36,4451,3852,8477,16780
directed_cut,email-Eu-core,0,360,37,37,4524,3947,8351,16822
directed_cut,email-Eu-core,0,360,38,38,4594,4032,8221,16847
directed_cut,email-Eu-core,0,360,39,39,4664,4147,8051,16862
directed_cut,email-Eu-core,0,360,40,40,4733,4229,7917,16879
directed_cut,email-Eu-core,0,360,41,41,4801,4270,7819,16890
directed_cut,email-Eu-core,0,360,42,42,4867,4309,7728,16904
directed_cut,email-Eu-core,0,360,43,43,4931,4382,7617,16930
directed_cut,email-Eu-core,0,360,44,44,4993,4458,7502,16953
directed_cut,email-Eu-core,0,360,45,45,5053,4511,7414,16978
directed_cut,email-Eu-core,0,360,46,46,5113,4602,7282,16997
directed_cut,email-Eu-core,0,360,47,47,5173,4673,7164,17010
directed_cut,email-Eu-core,0,360,48,48,5231,4775,7027,17033
directed_cut,email-Eu-core,0,360,49,49,5289,4829,6934,17052
directed_cut,email-Eu-core,0,360,50,50,5346,4883,6821,17050
directed_cut,email-Eu-core,0,360,51,51,5402,4911,6745,17058
directed_cut,email-Eu-core,0,360,52,52,5457,4959,6675,17091
directed_cut,email-Eu-core,0,360,53,53,5511,5011,6563,17085
directed_cut,email-Eu-core,0,360,54,54,5564,5072,6483,17119
directed_cut,email-Eu-core,0,360,55,55,5616,5115,6413,17144
directed_cut,email-Eu-core,0,360,56,56,5667,5189,6308,17164
directed_cut,email-Eu-core,0,360,57,57,5716,5237,6211,17164
directed_cut,email-Eu-core,0,360,58,58,5764,5356,6074,17194
directed_cut,email-Eu-core,0,360,59,59,5812,5431,5963,17206
directed_cut,email-Eu-core,0,360,60,60,5857,5506,5863,17226
directed_cut,email-Eu-core,0,360,61,61,5901,5582,5744,17227
directed_cut,email-Eu-core,0,360,62,62,5945,5632,5658,17235
directed_cut,email-Eu-core,0,360,63,63,5989,5685,5591,17265
directed_cut,email-Eu-core,0,360,64,64,6032,5780,5488,17300
directed_cut,email-Eu-core,0,360,65,65,6073,5827,5397,17297
directed_cut,email-Eu-core,0,360,66,66,6113,5927,5296,17336
directed_cut,email-Eu-core,0,360,67,67,6152,5966,5233,17351
directed_cut,email-Eu-core,0,360,68,68,6190,6020,5144,17354
directed_cut,email-Eu-core,0,360,69,69,6228,6092,5076,17396
directed_cut,email-Eu-core,0,360,70,70,6266,6164,5002,17432
directed_cut,email-Eu-core,0,360,71,71,6302,6237,4896,17435
directed_cut,email-Eu-core,0,360,72,72,6338,6285,4836,17459
directed_cut,email-Eu-core,0,360,73,73,6374,6324,4769,17467
directed_cut,email-Eu-core,0,360,74,74,6409,6352,4713,17474
directed_cut,email-Eu-core,0,360,75,75,6443,6405,4641,17489
directed_cut,email-Eu-core,0,360,76,76,6477,6472,4543,17492
directed_cut,email-Eu-core,0,360,77,77,6510,6534,4476,17520
directed_cut,email-Eu-core,0,360,78,78,6542,6561,4430,17533
directed_cut,email-Eu-core,0,360,79,79,6574,6620,4346,17540
directed_cut,email-Eu-core,0,360,80,80,6606,6663,4279,17548
directed_cut,email-Eu-core,0,360,81,81,6637,6703,4221,17561
directed_cut,email-Eu-core,0,360,82,82,6668,6753,4157,17578
directed_cut,email-Eu-core,0,360,83,83,6698,6795,4108,17601
directed_cut,email-Eu-core,0,360,84,84,6728,6828,4040,17596
directed_cut,email-Eu-core,0,360,85,85,6757,6871,4003,17631
directed_cut,email-Eu-core,0,360,86,86,6785,6902,3964,17651
directed_cut,email-Eu-core,0,360,87,87,6813,6941,3920,17674
directed_cut,email-Eu-core,0,360,88,88,6841,7026,3828,17695
directed_cut,email-Eu-core,0,360,89,89,6869,7054,3779,17702
directed_cut,email-Eu-core,0,360,90,90,6896,7080,3726,17702
directed_cut,email-Eu-core,0,360,91,91,6923,7108,3666,17697
directed_cut,email-Eu-core,0,360,92,92,6949,7175,3584,17708
directed_cut,email-Eu-core,0,360,93,93,6975,7177,3547,17699
directed_cut,email-Eu-core,0,360,94,94,7000,7198,3519,17717
directed_cut,email-Eu-core,0,360,95,95,7025,7247,3475,17747
directed_cut,email-Eu-core,0,360,96,96,7050,7285,3400,17735
directed_cut,email-Eu-core,0,360,97,97,7075,7321,3348,17744
directed_cut,email-Eu-core,0,360,98,98,7099,7378,3281,17758
directed_cut,email-Eu-core,0,360,99,99,7123,7392,3257,17772
directed_cut,email-Eu-core,0,360,100,100,7147,7431,3176,17754
directed_cut,email-Eu-core,0,360,101,101,7169,7476,3156,17801
directed_cut,email-Eu-core,0,360,102,102,7191,7511,3099,17801
directed_cut,email-Eu-core,0,360,103,103,7213,7527,3049,17789
directed_cut,email-Eu-core,0,360,104,104,7234,7613,3010,17857
directed_cut,email-Eu-core,0,360,105,105,7255,7623,2970,17848
directed_cut,email-Eu-core,0,360,106,106,7276,7658,2927,17861
directed_cut,email-Eu-core,0,360,107,107,7297,7694,2886,17877
directed_cut,email-Eu-core,0,360,108,108,7317,7754,2825,17896
directed_cut,email-Eu-core,0,360,109,109,7337,7800,2798,17935
directed_cut,email-Eu-core,0,360,110,110,7357,7828,2759,17944
directed_cut,email-Eu-core,0,360,111,111,7377,7833,2744,17954
directed_cut,email-Eu-core,0,360,112,112,7396,7877,2662,17935
directed_cut,email-Eu-core,0,360,113,113,7415,7951,2587,17953
directed_cut,email-Eu-core,0,360,114,114,7434,7973,2574,17981
directed_cut,email-Eu-core,0,360,115,115,7453,8008,2537,17998
directed_cut,email-Eu-core,0,360,116,116,7471,8053,2454,17978
directed_cut,email-Eu-core,0,360,117,117,7489,8180,2387,18056
directed_cut,email-Eu-core,0,360,118,118,7507,8224,2345,18076
directed_cut,email-Eu-core,0,360,119,119,7525,8265,2288,18078
directed_cut,email-Eu-core,0,360,120,120,7543,8283,2260,18086
directed_cut,email-Eu-core,0,360,121,121,7560,8315,2193,18068
directed_cut,email-Eu-core,0,360,122,122,7577,8382,2148,18107
directed_cut,email-Eu-core,0,360,123,123,7594,8441,2094,18129
directed_cut,email-Eu-core,0,360,124,124,7611,8472,2067,18150
directed_cut,email-Eu-core,0,360,125,125,7628,8487,2009,18124
directed_cut,email-Eu-core,0,360,126,126,7645,8521,1998,18164
directed_cut,email-Eu-core,0,360,127,127,7662,8538,1955,18155
directed_cut,email-Eu-core,0,360,128,128,7678,8563,1931,18172
directed_cut,email-Eu-core,0,360,129,129,7694,8601,1866,18161
directed_cut,email-Eu-core,0,360,130,130,7710,8631,1820,18161
directed_cut,email-Eu-core,0,360,131,131,7726,8653,1798,18177
directed_cut,email-Eu-core,0,360,132,132,7742,8691,1765,18198
directed_cut,email-Eu-core,0,360,133,133,7758,8696,1754,18208
directed_cut,email-Eu-core,0,360,134,134,7773,8720,1723,18216
directed_cut,email-Eu-core,0,360,135,135,7788,8771,1676,18235
directed_cut,email-Eu-core,0,360,136,136,7803,8810,1644,18257
directed_cut,email-Eu-core,0,360,137,137,7818,8820,1631,18269
directed_cut,email-Eu-core,0,360,138,138,7832,8833,1606,18271
directed_cut,email-Eu-core,0,360,139,139,7846,8893,1558,18297
directed_cut,email-Eu-core,0,360,140,140,7860,8919,1509,18288
directed_cut,email-Eu-core,0,360,141,141,7874,8925,1488,18287
directed_cut,email-Eu-core,0,360,142,142,7887,8943,1474,18304
directed_cut,email-Eu-core,0,360,143,143,7900,8978,1440,18318
directed_cut,email-Eu-core,0,360,144,144,7913,9003,1422,18338
directed_cut,email-Eu-core,0,360,145,145,7926,9031,1399,18356
directed_cut,email-Eu-core,0,360,146,146,7939,9040,1367,18346
directed_cut,email-Eu-core,0,360,147,147,7951,9077,1340,18368
directed_cut,email-Eu-core,0,360,148,148,7963,9110,1294,18367
directed_cut,email-Eu-core,0,360,149,149,7975,9129,1262,18366
directed_cut,email-Eu-core,0,360,150,150,7987,9147,1242,18376
directed_cut,email-Eu-core,0,360,151,151,7999,9153,1219,18371
directed_cut,email-Eu-core,0,360,152,152,8011,9172,1192,18375
directed_cut,email-Eu-core,0,360,153,153,8022,9194,1168,18384
directed_cut,email-Eu-core,0,360,154,154,8033,9246,1152,18431
directed_cut,email-Eu-core,0,360,155,155,8044,9292,1133,18469
directed_cut,email-Eu-core,0,360,156,156,8054,9323,1096,18473
directed_cut,email-Eu-core,0,360,157,157,8064,9338,1079,18481
directed_cut,email-Eu-core,0,360,158,158,8074,9380,1034,18488
directed_cut,email-Eu-core,0,360,159,159,8084,9417,1019,18520
directed_cut,email-Eu-core,0,360,160,160,8094,9444,969,18507
directed_cut,email-Eu-core,0,360,161,161,8104,9450,967,18521
directed_cut,email-Eu-core,0,360,162,162,8114,9453,953,18520
directed_cut,email-Eu-core,0,360,163,163,8124,9461,937,18522
directed_cut,email-Eu-core,0,360,164,164,8134,9470,908,18512
directed_cut,email-Eu-core,0,360,165,165,8143,9511,889,18543
directed_cut,email-Eu-core,0,360,166,166,8152,9531,869,18552
directed_cut,email-Eu-core,0,360,167,167,8161,9568,849,18578
directed_cut,email-Eu-core,0,360,168,168,8170,9583,827,18580
directed_cut,email-Eu-core,0,360,169,169,8179,9602,801,18582
directed_cut,email-Eu-core,0,360,170,170,8188,9630,801,18619
directed_cut,email-Eu-core,0,360,171,171,8197,9653,781,18631
directed_cut,email-Eu-core,0,360,172,172,8206,9661,770,18637
directed_cut,email-Eu-core,0,360,173,173,8214,9689,744,18647
directed_cut,email-Eu-core,0,360,174,174,8222,9708,735,18665
directed_cut,email-Eu-core,0,360,175,175,8230,9726,706,18662
directed_cut,email-Eu-core,0,360,176,176,8238,9757,706,18701
directed_cut,email-Eu-core,0,360,177,177,8246,9765,693,18704
directed_cut,email-Eu-core,0,360,178,178,8254,9797,652,18703
directed_cut,email-Eu-core,0,360,179,179,8262,9800,646,18708
directed_cut,email-Eu-core,0,360,180,180,8270,9815,628,18713
directed_cut,email-Eu-core,0,360,181,181,8278,9824,619,18721
directed_cut,email-Eu-core,0,360,182,182,8285,9837,596,18718
directed_cut,email-Eu-core,0,360,183,183,8292,9856,586,18734
directed_cut,email-Eu-core,0,360,184,184,8299,9874,577,18750
directed_cut,email-Eu-core,0,360,185,185,8306,9890,563,18759
directed_cut,email-Eu-core,0,360,186,186,8313,9912,546,18771
directed_cut,email-Eu-core,0,360,187,187,8320,9922,532,18774
directed_cut,email-Eu-core,0,360,188,188,8327,9938,531,18796
directed_cut,email-Eu-core,0,360,189,189,8333,9999,501,18833
directed_cut,email-Eu-core,0,360,190,190,8339,10060,474,18873
directed_cut,email-Eu-core,0,360,191,191,8345,10160,435,18940
directed_cut,email-Eu-core,0,360,192,192,8351,10171,428,18950
directed_cut,email-Eu-core,0,360,193,193,8357,10191,421,18969
directed_cut,email-Eu-core,0,360,194,194,8363,10193,412,18968
directed_cut,email-Eu-core,0,360,195,195,8369,10196,395,18960
directed_cut,email-Eu-core,0,360,196,196,8375,10203,394,18972
directed_cut,email-Eu-core,0,360,197,197,8381,10205,383,18969
directed_cut,email-Eu-core,0,360,198,198,8386,10236,372,18994
directed_cut,email-Eu-core,0,360,199,199,8391,10254,357,19002
directed_cut,email-Eu-core,0,360,200,200,8396,10268,351,19015
directed_cut,email-Eu-core,0,360,201,201,8401,10279,342,19022
directed_cut,email-Eu-core,0,360,202,202,8406,10287,333,19026
directed_cut,email-Eu-core,0,360,203,203,8411,10302,323,19036
directed_cut,email-Eu-core,0,360,204,204,8416,10306,324,19046
directed_cut,email-Eu-core,0,360,205,205,8421,10314,314,19049
directed_cut,email-Eu-core,0,360,206,206,8426,10315,306,19047
directed_cut,email-Eu-core,0,360,207,207,8431,10326,298,19055
directed_cut,email-Eu-core,0,360,208,208,8436,10340,287,19063
directed_cut,email-Eu-core,0,360,209,209,8440,10378,279,19097
directed_cut,email-Eu-core,0,360,210,210,8444,10391,273,19108
directed_cut,email-Eu-core,0,360,211,211,8448,10417,256,19121
directed_cut,email-Eu-core,0,360,212,212,8452,10437,252,19141
directed_cut,email-Eu-core,0,360,213,213,8456,10461,246,19163
directed_cut,email-Eu-core,0,360,214,214,8460,10507,241,19208
directed_cut,email-Eu-core,0,360,215,215,8464,10529,231,19224
directed_cut,email-Eu-core,0,360,216,216,8468,10538,221,19227
directed_cut,email-Eu-core,0,360,217,217,8472,10544,215,19231
directed_cut,email-Eu-core,0,360,218,218,8476,10570,211,19257
directed_cut,email-Eu-core,0,360,219,219,8480,10585,205,19270
directed_cut,email-Eu-core,0,360,220,220,8484,10598,201,19283
directed_cut,email-Eu-core,0,360,221,221,8488,10613,194,19295
directed_cut,email-Eu-core,0,360,222,222,8492,10626,189,19307
directed_cut,email-Eu-core,0,360,223,223,8496,10631,185,19312
directed_cut,email-Eu-core,0,360,224,224,8499,10694,167,19360
directed_cut,email-Eu-core,0,360,225,225,8502,10711,159,19372
directed_cut,email-Eu-core,0,360,226,226,8505,10735,156,19396
directed_cut,email-Eu-core,0,360,227,227,8508,10754,149,19411
directed_cut,email-Eu-core,0,360,228,228,8511,10782,142,19435
directed_cut,email-Eu-core,0,360,229,229,8514,10821,128,19463
directed_cut,email-Eu-core,0,360,230,230,8517,10843,125,19485
directed_cut,email-Eu-core,0,360,231,231,8520,10851,121,19492
directed_cut,email-Eu-core,0,360,232,232,8523,10871,117,19511
directed_cut,email-Eu-core,0,360,233,233,8526,10873,114,19513
directed_cut,email-Eu-core,0,360,234,234,8529,10874,108,19511
directed_cut,email-Eu-core,0,360,235,235,8532,10874,104,19510
directed_cut,email-Eu-core,0,360,236,236,8535,10879,101,19515
directed_cut,email-Eu-core,0,360,237,237,8538,10885,99,19522
directed_cut,email-Eu-core,0,360,238,238,8541,10888,96,19525
directed_cut,email-Eu-core,0,360,239,239,8544,10890,93,19527
directed_cut,email-Eu-core,0,360,240,240,8547,10908,90,19545
directed_cut,email-Eu-core,0,360,241,241,8550,10908,87,19545
directed_cut,email-Eu-core,0,360,242,242,8552,10922,84,19558
directed_cut,email-Eu-core,0,360,243,243,8554,10958,80,19592
directed_cut,email-Eu-core,0,360,244,244,8556,10971,78,19605
directed_cut,email-Eu-core,0,360,245,245,8558,10993,76,19627
directed_cut,email-Eu-core,0,360,246,246,8560,11019,74,19653
directed_cut,email-Eu-core,0,360,247,247,8562,11030,72,19664
directed_cut,email-Eu-core,0,360,248,248,8564,11036,71,19671
directed_cut,email-Eu-core,0,360,249,249,8566,11067,69,19702
directed_cut,email-Eu-core,0,360,250,250,8568,11075,66,19709
directed_cut,email-Eu-core,0,360,251,251,8570,11083,65,19718
directed_cut,email-Eu-core,0,360,252,252,8572,11086,63,19721
directed_cut,email-Eu-core,0,360,253,253,8574,11093,61,19728
directed_cut,email-Eu-core,0,360,254,254,8576,11107,59,19742
directed_cut,email-Eu-core,0,360,255,255,8578,11108,57,19743
directed_cut,email-Eu-core,0,360,256,256,8580,11109,55,19744
directed_cut,email-Eu-core,0,360,257,257,8582,11126,53,19761
directed_cut,email-Eu-core,0,360,258,258,8584,11136,51,19771
directed_cut,email-Eu-core,0,360,259,259,8586,11148,47,19781
directed_cut,email-Eu-core,0,360,260,260,8588,11165,45,19798
directed_cut,email-Eu-core,0,360,261,261,8590,11171,43,19804
directed_cut,email-Eu-core,0,360,262,262,8592,11176,41,19809
directed_cut,email-Eu-core,0,360,263,263,8593,11198,40,19831
directed_cut,email-Eu-core,0,360,264,264,8594,11232,39,19865
directed_cut,email-Eu-core,0,360,265,265,8595,11253,38,19886
directed_cut,email-Eu-core,0,360,266,266,8596,11254,37,19887
directed_cut,email-Eu-core,0,360,267,267,8597,11261,36,19894
directed_cut,email-Eu-core,0,360,268,268,8598,11278,35,19911
directed_cut,email-Eu-core,0,360,269,269,8599,11278,34,19911
directed_cut,email-Eu-core,0,360,270,270,8600,11280,33,19913
directed_cut,email-Eu-core,0,360,271,271,8601,11291,32,19924
directed_cut,email-Eu-core,0,360,272,272,8602,11298,30,19930
directed_cut,email-Eu-core,0,360,273,273,8603,11300,29,19932
directed_cut,email-Eu-core,0,360,274,274,8604,11311,28,19943
directed_cut,email-Eu-core,0,360,275,275,8605,11312,27,19944
directed_cut,email-Eu-core,0,360,276,276,8606,11320,26,19952
directed_cut,email-Eu-core,0,360,277,277,8607,11323,25,19955
directed_cut,email-Eu-core,0,360,278,278,8608,11327,24,19959
directed_cut,email-Eu-core,0,360,279,279,8609,11327,23,19959
directed_cut,email-Eu-core,0,360,280,280,8610,11331,22,19963
directed_cut,email-Eu-core,0,360,281,281,8611,11331,21,19963
directed_cut,email-Eu-core,0,360,282,282,8612,11331,20,19963
directed_cut,email-Eu-core,0,360,283,283,8613,11335,19,19967
directed_cut,email-Eu-core,0,360,284,284,8614,11339,18,19971
directed_cut,email-Eu-core,0,360,285,285,8615,11340,17,19972
directed_cut,email-Eu-core,0,360,286,286,8616,11340,16,19972
directed_cut,email-Eu-core,0,360,287,287,8617,11340,15,19972
directed_cut,email-Eu-core,0,360,288,288,8618,11340,14,19972
directed_cut,email-Eu-core,0,360,289,289,8619,11340,13,19972
directed_cut,email-Eu-core,0,360,290,290,8620,11342,12,19974
directed_cut,email-Eu-core,0,360,291,291,8621,11359,11,19991
directed_cut,email-Eu-core,0,360,292,292,8622,11372,10,20004
directed_cut,email-Eu-core,0,360,293,293,8623,11373,9,20005
directed_cut,email-Eu-core,0,360,294,294,8624,11375,8,20007
directed_cut,email-Eu-core,0,360,295,295,8625,11375,7,20007
directed_cut,email-Eu-core,0,360,296,296,8626,11375,6,20007
directed_cut,email-Eu-core,0,360,297,297,8627,11377,5,20009
directed_cut,email-Eu-core,0,360,298,298,8628,11377,4,20009
directed_cut,email-Eu-core,0,360,299,299,8629,11381,3,20013
directed_cut,email-Eu-core,0,360,300,300,8630,11381,2,20013
directed_cut,email-Eu-core,0,360,301,301,8631,11382,1,20014
directed_cut,email-Eu-core,0,360,302,302,8632,11383,0,20015
directed_cut,email-Eu-core,0,380,0,0,0,0,16206,16206
directed_cut,email-Eu-core,0,380,1,1,333,211,15695,16239
directed_cut,email-Eu-core,0,380,2,2,557,331,15351,16239
directed_cut,email-Eu-core,0,380,3,3,775,487,15002,16264
directed_cut,email-Eu-core,0,380,4,4,974,655,14667,16296
directed_cut,email-Eu-core,0,380,5,5,1169,808,14332,16309
directed_cut,email-Eu-core,0,380,6,6,1352,986,14003,16341
directed_cut,email-Eu-core,0,380,7,7,1522,1046,13762,16330
directed_cut,email-Eu-core,0,380,8,8,1675,1169,13569,16413
directed_cut,email-Eu-core,0,380,9,9,1826,1319,13275,16420
directed_cut,email-Eu-core,0,380,10,10,1971,1430,13037,16438
directed_cut,email-Eu-core,0,380,11,11,2112,1572,12749,16433
directed_cut,email-Eu-core,0,380,12,12,2238,1689,12537,16464
directed_cut,email-Eu-core,0,380,13,13,2359,1776,12350,16485
directed_cut,email-Eu-core,0,380,14,14,2474,1823,12219,16516
directed_cut,email-Eu-core,0,380,15,15,2587,1961,11996,16544
directed_cut,email-Eu-core,0,380,16,16,2699,2046,11829,16574
directed_cut,email-Eu-core,0,380,17,17,2804,2172,11625,16601
directed_cut,email-Eu-core,0,380,18,18,2906,2264,11461,16631
directed_cut,email-Eu-core,0,380,19,19,3007,2357,11289,16653
directed_cut,email-Eu-core,0,380,20,20,3105,2465,11100,16670
directed_cut,email-Eu-core,0,380,21,21,3201,2600,10896,16697
directed_cut,email-Eu-core,0,380,22,22,3296,2698,10729,16723
directed_cut,email-Eu-core,0,380,23,23,3390,2806,10533,16729
directed_cut,email-Eu-core,0,380,24,24,3482,2815,10433,16730
directed_cut,email-Eu-core,0,380,25,25,3572,2925,10280,16777
directed_cut,email-Eu-core,0,380,26,26,3661,3014,10115,16790
directed_cut,email-Eu-core,0,380,27,27,3747,3128,9934,16809
directed_cut,email-Eu-core,0,380,28,28,3829,3224,9780,16833
directed_cut,email-Eu-core,0,380,29,29,3911,3330,9631,16872
directed_cut,email-Eu-core,0,380,30,30,3992,3433,9448,16873
directed_cut,email-Eu-core,0,380,31,31,4072,3512,9318,16902
directed_cut,email-Eu-core,0,380,32,32,4151,3541,9214,16906
directed_cut,email-Eu-core,0,380,33,33,4228,3602,9089,16919
directed_cut,email-Eu-core,0,380,34,34,4303,3662,8977,16942
directed_cut,email-Eu-core,0,380,35,35,4378,3771,8808,16957
directed_cut,email-Eu-core,0,380,36,36,4451,3852,8674,16977
directed_cut,email-Eu-core,0,380,37,37,4524,3947,8543,17014
directed_cut,email-Eu-core,0,380,38,38,4594,4032,8410,17036
directed_cut,email-Eu-core,0,380,39,39,4664,4147,8232,17043
directed_cut,email-Eu-core,0,380,40,40,4733,4229,8092,17054
directed_cut,email-Eu-core,0,380,41,41,4801,4270,7991,17062
directed_cut,email-Eu-core,0,380,42,42,4867,4309,7900,17076
directed_cut,email-Eu-core,0,380,43,43,4931,4382,7789,17102
directed_cut,email-Eu-core,0,380,44,44,4993,4458,7673,17124
directed_cut,email-Eu-core,0,380,45,45,5053,4511,7582,17146
directed_cut,email-Eu-core,0,380,46,46,5113,4602,7446,17161
directed_cut,email-Eu-core,0,380,47,47,5173,4673,7325,17171
directed_cut,email-Eu-core,0,380,48,48,5231,4775,7183,17189
directed_cut,email-Eu-core,0,380,49,49,5289,4829,7087,17205
directed_cut,email-Eu-core,0,380,50,50,5346,4883,6971,17200
directed_cut,email-Eu-core,0,380,51,51,5402,4911,6892,17205
directed_cut,email-Eu-core,0,380,52,52,5457,4959,6820,17236
directed_cut,email-Eu-core,0,380,53,53,5511,5011,6703,17225
directed_cut,email-Eu-core,0,380,54,54,5564,5072,6623,17259
directed_cut,email-Eu-core,0,380,55,55,5616,5115,6549,17280
directed_cut,email-Eu-core,0,380,56,56,5667,5189,6442,17298
directed_cut,email-Eu-core,0,380,57,57,5716,5237,6342,17295
directed_cut,email-Eu-core,0,380,58,58,5764,5356,6198,17318
directed_cut,email-Eu-core,0,380,59,59,5812,5431,6083,17326
directed_cut,email-Eu-core,0,380,60,60,5857,5506,5983,17346
directed_cut,email-Eu-core,0,380,61,61,5901,5582,5860,17343
directed_cut,email-Eu-core,0,380,62,62,5945,5632,5769,17346
directed_cut,email-Eu-core,0,380,63,63,5989,5685,5697,17371
directed_cut,email-Eu-core,0,380,64,64,6032,5780,5590,17402
directed_cut,email-Eu-core,0,380,65,65,6073,5827,5497,17397
directed_cut,email-Eu-core,0,380,66,66,6113,5927,5396,17436
directed_cut,email-Eu-core,0,380,67,67,6152,5966,5333,17451
directed_cut,email-Eu-core,0,380,68,68,6190,6020,5240,17450
directed_cut,email-Eu-core,0,380,69,69,6228,6092,5168,17488
directed_cut,email-Eu-core,0,380,70,70,6266,6164,5091,17521
directed_cut,email-Eu-core,0,380,71,71,6302,6237,4980,17519
directed_cut,email-Eu-core,0,380,72,72,6338,6285,4918,17541
directed_cut,email-Eu-core,0,380,73,73,6374,6324,4849,17547
directed_cut,email-Eu-core,0,380,74,74,6409,6352,4793,17554
directed_cut,email-Eu-core,0,380,75,75,6443,6405,4721,17569
directed_cut,email-Eu-core,0,380,76,76,6477,6472,4623,17572
directed_cut,email-Eu-core,0,380,77,77,6510,6534,4556,17600
directed_cut,email-Eu-core,0,380,78,78,6542,6561,4509,17612
directed_cut,email-Eu-core,0,380,79,79,6574,6620,4419,17613
directed_cut,email-Eu-core,0,380,80,80,6606,6663,4350,17619
directed_cut,email-Eu-core,0,380,81,81,6637,6703,4289,17629
directed_cut,email-Eu-core,0,380,82,82,6668,6753,4221,17642
directed_cut,email-Eu-core,0,380,83,83,6698,6795,4170,17663
directed_cut,email-Eu-core,0,380,84,84,6728,6828,4100,17656
directed_cut,email-Eu-core,0,380,85,85,6757,6871,4063,17691
directed_cut,email-Eu-core,0,380,86,86,6785,6902,4024,17711
directed_cut,email-Eu-core,0,380,87,87,6813,6941,3980,17734
directed_cut,email-Eu-core,0,380,88,88,6841,7026,3888,17755
directed_cut,email-Eu-core,0,380,89,89,6869,7054,3839,17762
directed_cut,email-Eu-core,0,380,90,90,6896,7080,3786,17762
directed_cut,email-Eu-core,0,380,91,91,6923,7108,3724,17755
directed_cut,email-Eu-core,0,380,92,92,6949,7175,3636,17760
directed_cut,email-Eu-core,0,380,93,93,6975,7177,3598,17750
directed_cut,email-Eu-core,0,380,94,94,7000,7198,3570,17768
directed_cut,email-Eu-core,0,380,95,95,7025,7247,3525,17797
directed_cut,email-Eu-core,0,380,96,96,7050,7285,3445,17780
directed_cut,email-Eu-core,0,380,97,97,7075,7321,3389,17785
directed_cut,email-Eu-core,0,380,98,98,7099,7378,3321,17798
directed_cut,email-Eu-core,0,380,99,99,7123,7392,3297,17812
directed_cut,email-Eu-core,0,380,100,100,7147,7431,3216,17794
directed_cut,email-Eu-core,0,380,101,101,7169,7476,3196,17841
directed_cut,email-Eu-core,0,380,102,102,7191,7511,3139,17841
directed_cut,email-Eu-core,0,380,103,103,7213,7527,3089,17829
directed_cut,email-Eu-core,0,380,104,104,7234,7613,3050,17897
directed_cut,email-Eu-core,0,380,105,105,7255,7623,3010,17888
directed_cut,email-Eu-core,0,380,106,106,7276,7658,2967,17901
directed_cut,email-Eu-core,0,380,107,107,7297,7694,2926,17917
directed_cut,email-Eu-core,0,380,108,108,7317,7754,2852,17923
directed_cut,email-Eu-core,0,380,109,109,7337,7800,2825,17962
directed_cut,email-Eu-core,0,380,110,110,7357,7828,2784,17969
directed_cut,email-Eu-core,0,380,111,111,7377,7833,2766,17976
directed_cut,email-Eu-core,0,380,112,112,7396,7877,2682,17955
directed_cut,email-Eu-core,0,380,113,113,7415,7951,2607,17973
directed_cut,email-Eu-core,0,380,114,114,7434,7973,2594,18001
directed_cut,email-Eu-core,0,380,115,115,7453,8008,2557,18018
directed_cut,email-Eu-core,0,380,116,116,7471,8053,2474,17998
directed_cut,email-Eu-core,0,380,117,117,7489,8180,2407,18076
directed_cut,email-Eu-core,0,380,118,118,7507,8224,2365,18096
directed_cut,email-Eu-core,0,380,119,119,7525,8265,2308,18098
directed_cut,email-Eu-core,0,380,120,120,7543,8283,2280,18106
directed_cut,email-Eu-core,0,380,121,121,7560,8315,2213,18088
directed_cut,email-Eu-core,0,380,122,122,7577,8382,2168,18127
directed_cut,email-Eu-core,0,380,123,123,7594,8441,2114,18149
directed_cut,email-Eu-core,0,380,124,124,7611,8472,2085,18168
directed_cut,email-Eu-core,0,380,125,125,7628,8487,2024,18139
directed_cut,email-Eu-core,0,380,126,126,7645,8521,2015,18181
directed_cut,email-Eu-core,0,380,127,127,7662,8538,1965,18165
directed_cut,email-Eu-core,0,380,128,128,7678,8563,1940,18181
directed_cut,email-Eu-core,0,380,129,129,7694,8601,1868,18163
directed_cut,email-Eu-core,0,380,130,130,7710,8631,1820,18161
directed_cut,email-Eu-core,0,380,131,131,7726,8653,1798,18177
directed_cut,email-Eu-core,0,380,132,132,7742,8691,1765,18198
directed_cut,email-Eu-core,0,380,133,133,7758,8696,1754,18208
directed_cut,email-Eu-core,0,380,134,134,7773,8720,1723,18216
directed_cut,email-Eu-core,0,380,135,135,7788,8771,1676,18235
directed_cut,email-Eu-core,0,380,136,136,7803,8810,1644,18257
directed_cut,email-Eu-core,0,380,137,137,7818,8820,1631,18269
directed_cut,email-Eu-core,0,380,138,138,7832,8833,1606,18271
directed_cut,email-Eu-core,0,380,139,139,7846,8893,1558,18297
directed_cut,email-Eu-core,0,380,140,140,7860,8919,1509,18288
directed_cut,email-Eu-core,0,380,141,141,7874,8925,1488,18287
directed_cut,email-Eu-core,0,380,142,142,7887,8943,1474,18304
directed_cut,email-Eu-core,0,380,143,143,7900,8978,1440,18318
directed_cut,email-Eu-core,0,380,144,144,7913,9003,1422,18338
directed_cut,email-Eu-core,0,380,145,145,7926,9031,1399,18356
directed_cut,email-Eu-core,0,380,146,146,7939,9040,1367,18346
directed_cut,email-Eu-core,0,380,147,147,7951,9077,1340,18368
directed_cut,email-Eu-core,0,380,148,148,7963,9110,1294,18367
directed_cut,email-Eu-core,0,380,149,149,7975,9129,1262,18366
directed_cut,email-Eu-core,0,380,150,150,7987,9147,1242,18376
directed_cut,email-Eu-core,0,380,151,151,7999,9153,1219,18371
directed_cut,email-Eu-core,0,380,152,152,8011,9172,1192,18375
directed_cut,email-Eu-core,0,380,153,153,8022,9194,1168,18384
directed_cut,email-Eu-core,0,380,154,154,8033,9246,1152,18431
directed_cut,email-Eu-core,0,380,155,155,8044,9292,1133,18469
directed_cut,email-Eu-core,0,380,156,156,8054,9323,1096,18473
directed_cut,email-Eu-core,0,380,157,157,8064,9338,1079,18481
directed_cut,email-Eu-core,0,380,158,158,8074,9380,1034,18488
directed_cut,email-Eu-core,0,380,159,159,8084,9417,1019,18520
directed_cut,email-Eu-core,0,380,160,160,8094,9444,969,18507
directed_cut,email-Eu-core,0,380,161,161,8104,9450,967,18521
directed_cut,email-Eu-core,0,380,162,162,8114,9453,953,18520
directed_cut,email-Eu-core,0,380,163,163,8124,9461,937,18522
directed_cut,email-Eu-core,0,380,164,164,8134,9470,908,18512
directed_cut,email-Eu-core,0,380,165,165,8143,9511,889,18543
directed_cut,email-Eu-core,0,380,166,166,8152,9531,869,18552
directed_cut,email-Eu-core,0,380,167,167,8161,9568,849,18578
directed_cut,email-Eu-core,0,380,168,168,8170,9583,827,18580
directed_cut,email-Eu-core,0,380,169,169,8179,9602,801,18582
directed_cut,email-Eu-core,0,380,170,170,8188,9630,801,18619
directed_cut,email-Eu-core,0,380,171,171,8197,9653,781,18631
directed_cut,email-Eu-core,0,380,172,172,8206,9661,770,18637
directed_cut,email-Eu-core,0,380,173,173,8214,9689,744,18647
directed_cut,email-Eu-core,0,380,174,174,8222,9708,735,18665
directed_cut,email-Eu-core,0,380,175,175,8230,9726,706,18662
directed_cut,email-Eu-core,0,380,176,176,8238,9757,706,18701
directed_cut,email-Eu-core,0,380,177,177,8246,9765,693,18704
directed_cut,email-Eu-core,0,380,178,178,8254,9797,652,18703
directed_cut,email-Eu-core,0,380,179,179,8262,9800,646,18708
directed_cut,email-Eu-core,0,380,180,180,8270,9815,628,18713
directed_cut,email-Eu-core,0,380,181,181,8278,9824,619,18721
directed_cut,email-Eu-core,0,380,182,182,8285,9837,596,18718
directed_cut,email-Eu-core,0,380,183,183,8292,9856,586,18734
directed_cut,email-Eu-core,0,380,184,184,8299,9874,577,18750
directed_cut,email-Eu-core,0,380,185,185,8306,9890,563,18759
directed_cut,email-Eu-core,0,380,186,186,8313,9912,546,18771
directed_cut,email-Eu-core,0,380,187,187,8320,9922,532,18774
directed_cut,email-Eu-core,0,380,188,188,8327,9938,531,18796
directed_cut,email-Eu-core,0,380,189,189,8333,9999,501,18833
directed_cut,email-Eu-core,0,380,190,190,8339,10060,474,18873
directed_cut,email-Eu-core,0,380,191,191,8345,10160,435,18940
directed_cut,email-Eu-core,0,380,192,192,8351,10171,428,18950
directed_cut,email-Eu-core,0,380,193,193,8357,10191,421,18969
directed_cut,email-Eu-core,0,380,194,194,8363,10193,412,18968
directed_cut,email-Eu-core,0,380,195,195,8369,10196,395,18960
directed_cut,email-Eu-core,0,380,196,196,8375,10203,394,18972
directed_cut,email-Eu-core,0,380,197,197,8381,10205,383,18969
directed_cut,email-Eu-core,0,380,198,198,8386,10236,372,18994
directed_cut,email-Eu-core,0,380,199,199,8391,10254,357,19002
directed_cut,email-Eu-core,0,380,200,200,8396,10268,351,19015
directed_cut,email-Eu-core,0,380,201,201,8401,10279,342,19022
directed_cut,email-Eu-core,0,380,202,202,8406,10287,333,19026
directed_cut,email-Eu-core,0,380,203,203,8411,10302,323,19036
directed_cut,email-Eu-core,0,380,204,204,8416,10306,324,19046
directed_cut,email-Eu-core,0,380,205,205,8421,10314,314,19049
directed_cut,email-Eu-core,0,380,206,206,8426,10315,306,19047
directed_cut,email-Eu-core,0,380,207,207,8431,10326,298,19055
directed_cut,email-Eu-core,0,380,208,208,8436,10340,287,19063
directed_cut,email-Eu-core,0,380,209,209,8440,10378,279,19097
directed_cut,email-Eu-core,0,380,210,210,8444,10391,273,19108
directed_cut,email-Eu-core,0,380,211,211,8448,10417,256,19121
directed_cut,email-Eu-core,0,380,212,212,8452,10437,252,19141
directed_cut,email-Eu-core,0,380,213,213,8456,10461,246,19163
directed_cut,email-Eu-core,0,380,214,214,8460,10507,241,19208
directed_cut,email-Eu-core,0,380,215,215,8464,10529,231,19224
directed_cut,email-Eu-core,0,380,216,216,8468,10538,221,19227
directed_cut,email-Eu-core,0,380,217,217,8472,10544,215,19231
directed_cut,email-Eu-core,0,380,218,218,8476,10570,211,19257
directed_cut,email-Eu-core,0,380,219,219,8480,10585,205,19270
directed_cut,email-Eu-core,0,380,220,220,8484,10598,201,19283
directed_cut,email-Eu-core,0,380,221,221,8488,10613,194,19295
directed_cut,email-Eu-core,0,380,222,222,8492,10626,189,19307
directed_cut,email-Eu-core,0,380,223,223,8496,10631,185,19312
directed_cut,email-Eu-core,0,380,224,224,8499,10694,167,19360
directed_cut,email-Eu-core,0,380,225,225,8502,10711,159,19372
directed_cut,email-Eu-core,0,380,226,226,8505,10735,156,19396
directed_cut,email-Eu-core,0,380,227,227,8508,10754,149,19411
directed_cut,email-Eu-core,0,380,228,228,8511,10782,142,19435
directed_cut,email-Eu-core,0,380,229,229,8514,10821,128,19463
directed_cut,email-Eu-core,0,380,230,230,8517,10843,125,19485
directed_cut,email-Eu-core,0,380,231,231,8520,10851,121,19492
directed_cut,email-Eu-core,0,380,232,232,8523,10871,117,19511
directed_cut,email-Eu-core,0,380,233,233,8526,10873,114,19513
directed_cut,email-Eu-core,0,380,234,234,8529,10874,108,19511
directed_cut,email-Eu-core,0,380,235,235,8532,10874,104,19510
directed_cut,email-Eu-core,0,380,236,236,8535,10879,101,19515
directed_cut,email-Eu-core,0,380,237,237,8538,10885,99,19522
directed_cut,email-Eu-core,0,380,238,238,8541,10888,96,19525
directed_cut,email-Eu-core,0,380,239,239,8544,10890,93,19527
directed_cut,email-Eu-core,0,380,240,240,8547,10908,90,19545
directed_cut,email-Eu-core,0,380,241,241,8550,10908,87,19545
directed_cut,email-Eu-core,0,380,242,242,8552,10922,84,19558
directed_cut,email-Eu-core,0,380,243,243,8554,10958,80,19592
directed_cut,email-Eu-core,0,380,244,244,8556,10971,78,19605
directed_cut,email-Eu-core,0,380,245,245,8558,10993,76,19627
directed_cut,email-Eu-core,0,380,246,246,8560,11019,74,19653
directed_cut,email-Eu-core,0,380,247,247,8562,11030,72,19664
directed_cut,email-Eu-core,0,380,248,248,8564,11036,71,19671
directed_cut,email-Eu-core,0,380,249,249,8566,11067,69,19702
directed_cut,email-Eu-core,0,380,250,250,8568,11075,66,19709
directed_cut,email-Eu-core,0,380,251,251,8570,11083,65,19718
directed_cut,email-Eu-core,0,380,252,252,8572,11086,63,19721
directed_cut,email-Eu-core,0,380,253,253,8574,11093,61,19728
directed_cut,email-Eu-core,0,380,254,254,8576,11107,59,19742
directed_cut,email-Eu-core,0,380,255,255,8578,11108,57,19743
directed_cut,email-Eu-core,0,380,256,256,8580,11109,55,19744
directed_cut,email-Eu-core,0,380,257,257,8582,11126,53,19761
directed_cut,email-Eu-core,0,380,258,258,8584,11136,51,19771
directed_cut,email-Eu-core,0,380,259,259,8586,11148,47,19781
directed_cut,email-Eu-core,0,380,260,260,8588,11165,45,19798
directed_cut,email-Eu-core,0,380,261,261,8590,11171,43,19804
directed_cut,email-Eu-core,0,380,262,262,8592,11176,41,19809
directed_cut,email-Eu-core,0,380,263,263,8593,11198,40,19831
directed_cut,email-Eu-core,0,380,264,264,8594,11232,39,19865
directed_cut,email-Eu-core,0,380,265,265,8595,11253,38,19886
directed_cut,email-Eu-core,0,380,266,266,8596,11254,37,19887
directed_cut,email-Eu-core,0,380,267,267,8597,11261,36,19894
directed_cut,email-Eu-core,0,380,268,268,8598,11278,35,19911
directed_cut,email-Eu-core,0,380,269,269,8599,11278,34,19911
directed_cut,email-Eu-core,0,380,270,270,8600,11280,33,19913
directed_cut,email-Eu-core,0,380,271,271,8601,11291,32,19924
directed_cut,email-Eu-core,0,380,272,272,8602,11298,30,19930
directed_cut,email-Eu-core,0,380,273,273,8603,11300,29,19932
directed_cut,email-Eu-core,0,380,274,274,8604,11311,28,19943
directed_cut,email-Eu-core,0,380,275,275,8605,11312,27,19944
directed_cut,email-Eu-core,0,380,276,276,8606,11320,26,19952
directed_cut,email-Eu-core,0,380,277,277,8607,11323,25,19955
directed_cut,email-Eu-core,0,380,278,278,8608,11327,24,19959
directed_cut,email-Eu-core,0,380,279,279,8609,11327,23,19959
directed_cut,email-Eu-core,0,380,280,280,8610,11331,22,19963
directed_cut,email-Eu-core,0,380,281,281,8611,11331,21,19963
directed_cut,email-Eu-core,0,380,282,282,8612,11331,20,19963
directed_cut,email-Eu-core,0,380,283,283,8613,11335,19,19967
directed_cut,email-Eu-core,0,380,284,284,8614,11339,18,19971
directed_cut,email-Eu-core,0,380,285,285,8615,11340,17,19972
directed_cut,email-Eu-core,0,380,286,286,8616,11340,16,19972
directed_cut,email-Eu-core,0,380,287,287,8617,11340,15,19972
directed_cut,email-Eu-core,0,380,288,288,8618,11340,14,19972
directed_cut,email-Eu-core,0,380,289,289,8619,11340,13,19972
directed_cut,email-Eu-core,0,380,290,290,8620,11342,12,19974
directed_cut,email-Eu-core,0,380,291,291,8621,11359,11,19991
directed_cut,email-Eu-core,0,380,292,292,8622,11372,10,20004
directed_cut,email-Eu-core,0,380,293,293,8623,11373,9,20005
directed_cut,email-Eu-core,0,380,294,294,8624,11375,8,20007
directed_cut,email-Eu-core,0,380,295,295,8625,11375,7,20007
directed_cut,email-Eu-core,0,380,296,296,8626,11375,6,20007
directed_cut,email-Eu-core,0,380,297,297,8627,11377,5,20009
directed_cut,email-Eu-core,0,380,298,298,8628,11377,4,20009
directed_cut,email-Eu-core,0,380,299,299,8629,11381,3,20013
directed_cut,email-Eu-core,0,380,300,300,8630,11381,2,20013
directed_cut,email-Eu-core,0,380,301,301,8631,11382,1,20014
directed_cut,email-Eu-core,0,380,302,302,8632,11383,0,20015
directed_cut,email-Eu-core,0,400,0,0,0,0,16514,16514
directed_cut,email-Eu-core,0,400,1,1,333,211,15991,16535
directed_cut,email-Eu-core,0,400,2,2,557,331,15644,16532
directed_cut,email-Eu-core,0,400,3,3,775,487,15294,16556
directed_cut,email-Eu-core,0,400,4,4,974,655,14952,16581
directed_cut,email-Eu-core,0,400,5,5,1169,808,14611,16588
directed_cut,email-Eu-core,0,400,6,6,1352,986,14279,16617
directed_cut,email-Eu-core,0,400,7,7,1522,1046,14035,16603
directed_cut,email-Eu-core,0,400,8,8,1675,1169,13839,16683
directed_cut,email-Eu-core,0,400,9,9,1826,1319,13542,16687
directed_cut,email-Eu-core,0,400,10,10,1971,1430,13301,16702
directed_cut,email-Eu-core,0,400,11,11,2112,1572,13005,16689
directed_cut,email-Eu-core,0,400,12,12,2238,1689,12791,16718
directed_cut,email-Eu-core,0,400,13,13,2359,1776,12599,16734
directed_cut,email-Eu-core,0,400,14,14,2474,1823,12467,16764
directed_cut,email-Eu-core,0,400,15,15,2587,1961,12233,16781
directed_cut,email-Eu-core,0,400,16,16,2699,2046,12065,16810
directed_cut,email-Eu-core,0,400,17,17,2804,2172,11858,16834
directed_cut,email-Eu-core,0,400,18,18,2906,2264,11693,16863
directed_cut,email-Eu-core,0,400,19,19,3007,2357,11518,16882
directed_cut,email-Eu-core,0,400,20,20,3105,2465,11325,16895
directed_cut,email-Eu-core,0,400,21,21,3201,2600,11115,16916
directed_cut,email-Eu-core,0,400,22,22,3296,2698,10948,16942
directed_cut,email-Eu-core,0,400,23,23,3390,2806,10745,16941
directed_cut,email-Eu-core,0,400,24,24,3482,2815,10645,16942
directed_cut,email-Eu-core,0,400,25,25,3572,2925,10490,16987
directed_cut,email-Eu-core,0,400,26,26,3661,3014,10320,16995
directed_cut,email-Eu-core,0,400,27,27,3747,3128,10134,17009
directed_cut,email-Eu-core,0,400,28,28,3829,3224,9980,17033
directed_cut,email-Eu-core,0,400,29,29,3911,3330,9831,17072
directed_cut,email-Eu-core,0,400,30,30,3992,3433,9644,17069
directed_cut,email-Eu-core,0,400,31,31,4072,3512,9510,17094
directed_cut,email-Eu-core,0,400,32,32,4151,3541,9406,17098
directed_cut,email-Eu-core,0,400,33,33,4228,3602,9278,17108
directed_cut,email-Eu-core,0,400,34,34,4303,3662,9161,17126
directed_cut,email-Eu-core,0,400,35,35,4378,3771,8980,17129
directed_cut,email-Eu-core,0,400,36,36,4451,3852,8844,17147
directed_cut,email-Eu-core,0,400,37,37,4524,3947,8711,17182
directed_cut,email-Eu-core,0,400,38,38,4594,4032,8574,17200
directed_cut,email-Eu-core,0,400,39,39,4664,4147,8390,17201
directed_cut,email-Eu-core,0,400,40,40,4733,4229,8246,17208
directed_cut,email-Eu-core,0,400,41,41,4801,4270,8144,17215
directed_cut,email-Eu-core,0,400,42,42,4867,4309,8053,17229
directed_cut,email-Eu-core,0,400,43,43,4931,4382,7940,17253
directed_cut,email-Eu-core,0,400,44,44,4993,4458,7822,17273
directed_cut,email-Eu-core,0,400,45,45,5053,4511,7728,17292
directed_cut,email-Eu-core,0,400,46,46,5113,4602,7588,17303
directed_cut,email-Eu-core,0,400,47,47,5173,4673,7465,17311
directed_cut,email-Eu-core,0,400,48,48,5231,4775,7323,17329
directed_cut,email-Eu-core,0,400,49,49,5289,4829,7224,17342
directed_cut,email-Eu-core,0,400,50,50,5346,4883,7106,17335
directed_cut,email-Eu-core,0,400,51,51,5402,4911,7023,17336
directed_cut,email-Eu-core,0,400,52,52,5457,4959,6951,17367
directed_cut,email-Eu-core,0,400,53,53,5511,5011,6827,17349
directed_cut,email-Eu-core,0,400,54,54,5564,5072,6744,17380
directed_cut,email-Eu-core,0,400,55,55,5616,5115,6667,17398
directed_cut,email-Eu-core,0,400,56,56,5667,5189,6556,17412
directed_cut,email-Eu-core,0,400,57,57,5716,5237,6453,17406
directed_cut,email-Eu-core,0,400,58,58,5764,5356,6302,17422
directed_cut,email-Eu-core,0,400,59,59,5812,5431,6185,17428
directed_cut,email-Eu-core,0,400,60,60,5857,5506,6083,17446
directed_cut,email-Eu-core,0,400,61,61,5901,5582,5960,17443
directed_cut,email-Eu-core,0,400,62,62,5945,5632,5868,17445
directed_cut,email-Eu-core,0,400,63,63,5989,5685,5793,17467
directed_cut,email-Eu-core,0,400,64,64,6032,5780,5679,17491
directed_cut,email-Eu-core,0,400,65,65,6073,5827,5581,17481
directed_cut,email-Eu-core,0,400,66,66,6113,5927,5478,17518
directed_cut,email-Eu-core,0,400,67,67,6152,5966,5415,17533
directed_cut,email-Eu-core,0,400,68,68,6190,6020,5320,17530
directed_cut,email-Eu-core,0,400,69,69,6228,6092,5248,17568
directed_cut,email-Eu-core,0,400,70,70,6266,6164,5171,17601
directed_cut,email-Eu-core,0,400,71,71,6302,6237,5058,17597
directed_cut,email-Eu-core,0,400,72,72,6338,6285,4995,17618
directed_cut,email-Eu-core,0,400,73,73,6374,6324,4921,17619
directed_cut,email-Eu-core,0,400,74,74,6409,6352,4863,17624
directed_cut,email-Eu-core,0,400,75,75,6443,6405,4787,17635
directed_cut,email-Eu-core,0,400,76,76,6477,6472,4687,17636
directed_cut,email-Eu-core,0,400,77,77,6510,6534,4619,17663
directed_cut,email-Eu-core,0,400,78,78,6542,6561,4569,17672
directed_cut,email-Eu-core,0,400,79,79,6574,6620,4479,17673
directed_cut,email-Eu-core,0,400,80,80,6606,6663,4410,17679
directed_cut,email-Eu-core,0,400,81,81,6637,6703,4349,17689
directed_cut,email-Eu-core,0,400,82,82,6668,6753,4281,17702
directed_cut,email-Eu-core,0,400,83,83,6698,6795,4230,17723
directed_cut,email-Eu-core,0,400,84,84,6728,6828,4160,17716
directed_cut,email-Eu-core,0,400,85,85,6757,6871,4118,17746
directed_cut,email-Eu-core,0,400,86,86,6785,6902,4078,17765
directed_cut,email-Eu-core,0,400,87,87,6813,6941,4030,17784
directed_cut,email-Eu-core,0,400,88,88,6841,7026,3931,17798
directed_cut,email-Eu-core,0,400,89,89,6869,7054,3883,17806
directed_cut,email-Eu-core,0,400,90,90,6896,7080,3826,17802
directed_cut,email-Eu-core,0,400,91,91,6923,7108,3764,17795
directed_cut,email-Eu-core,0,400,92,92,6949,7175,3676,17800
directed_cut,email-Eu-core,0,400,93,93,6975,7177,3638,17790
directed_cut,email-Eu-core,0,400,94,94,7000,7198,3610,17808
directed_cut,email-Eu-core,0,400,95,95,7025,7247,3565,17837
directed_cut,email-Eu-core,0,400,96,96,7050,7285,3485,17820
directed_cut,email-Eu-core,0,400,97,97,7075,7321,3429,17825
directed_cut,email-Eu-core,0,400,98,98,7099,7378,3361,17838
directed_cut,email-Eu-core,0,400,99,99,7123,7392,3336,17851
directed_cut,email-Eu-core,0,400,100,100,7147,7431,3249,17827
directed_cut,email-Eu-core,0,400,101,101,7169,7476,3230,17875
directed_cut,email-Eu-core,0,400,102,102,7191,7511,3172,17874
directed_cut,email-Eu-core,0,400,103,103,7213,7527,3119,17859
directed_cut,email-Eu-core,0,400,104,104,7234,7613,3078,17925
directed_cut,email-Eu-core,0,400,105,105,7255,7623,3035,17913
directed_cut,email-Eu-core,0,400,106,106,7276,7658,2989,17923
directed_cut,email-Eu-core,0,400,107,107,7297,7694,2946,17937
directed_cut,email-Eu-core,0,400,108,108,7317,7754,2872,17943
directed_cut,email-Eu-core,0,400,109,109,7337,7800,2845,17982
directed_cut,email-Eu-core,0,400,110,110,7357,7828,2804,17989
directed_cut,email-Eu-core,0,400,111,111,7377,7833,2786,17996
directed_cut,email-Eu-core,0,400,112,112,7396,7877,2702,17975
directed_cut,email-Eu-core,0,400,113,113,7415,7951,2627,17993
directed_cut,email-Eu-core,0,400,114,114,7434,7973,2614,18021
directed_cut,email-Eu-core,0,400,115,115,7453,8008,2577,18038
directed_cut,email-Eu-core,0,400,116,116,7471,8053,2494,18018
directed_cut,email-Eu-core,0,400,117,117,7489,8180,2427,18096
directed_cut,email-Eu-core,0,400,118,118,7507,8224,2385,18116
directed_cut,email-Eu-core,0,400,119,119,7525,8265,2324,18114
directed_cut,email-Eu-core,0,400,120,120,7543,8283,2294,18120
directed_cut,email-Eu-core,0,400,121,121,7560,8315,2221,18096
directed_cut,email-Eu-core,0,400,122,122,7577,8382,2177,18136
directed_cut,email-Eu-core,0,400,123,123,7594,8441,2118,18153
directed_cut,email-Eu-core,0,400,124,124,7611,8472,2085,18168
directed_cut,email-Eu-core,0,400,125,125,7628,8487,2024,18139
directed_cut,email-Eu-core,0,400,126,126,7645,8521,2015,18181
directed_cut,email-Eu-core,0,400,127,127,7662,8538,1965,18165
directed_cut,email-Eu-core,0,400,128,128,7678,8563,1940,18181
directed_cut,email-Eu-core,0,400,129,129,7694,8601,1868,18163
directed_cut,email-Eu-core,0,400,130,130,7710,8631,1820,18161
directed_cut,email-Eu-core,0,400,131,131,7726,8653,1798,18177
directed_cut,email-Eu-core,0,400,132,132,7742,8691,1765,18198
directed_cut,email-Eu-core,0,400,133,133,7758,8696,1754,18208
directed_cut,email-Eu-core,0,400,134,134,7773,8720,1723,18216
directed_cut,email-Eu-core,0,400,135,135,7788,8771,1676,18235
directed_cut,email-Eu-core,0,400,136,136,7803,8810,1644,18257
directed_cut,email-Eu-core,0,400,137,137,7818,8820,1631,18269
directed_cut,email-Eu-core,0,400,138,138,7832,8833,1606,18271
directed_cut,email-Eu-core,0,400,139,139,7846,8893,1558,18297
directed_cut,email-Eu-core,0,400,140,140,7860,8919,1509,18288
directed_cut,email-Eu-core,0,400,141,141,7874,8925,1488,18287
directed_cut,email-Eu-core,0,400,142,142,7887,8943,1474,18304
directed_cut,email-Eu-core,0,400,143,143,7900,8978,1440,18318
directed_cut,email-Eu-core,0,400,144,144,7913,9003,1422,18338
directed_cut,email-Eu-core,0,400,145,145,7926,9031,1399,18356
directed_cut,email-Eu-core,0,400,146,146,7939,9040,1367,18346
directed_cut,email-Eu-core,0,400,147,147,7951,9077,1340,18368
directed_cut,email-Eu-core,0,400,148,148,7963,9110,1294,18367
directed_cut,email-Eu-core,0,400,149,149,7975,9129,1262,18366
directed_cut,email-Eu-core,0,400,150,150,7987,9147,1242,18376
directed_cut,email-Eu-core,0,400,151,151,7999,9153,1219,18371
directed_cut,email-Eu-core,0,400,152,152,8011,9172,1192,18375
directed_cut,email-Eu-core,0,400,153,153,8022,9194,1168,18384
directed_cut,email-Eu-core,0,400,154,154,8033,9246,1152,18431
directed_cut,email-Eu-core,0,400,155,155,8044,9292,1133,18469
directed_cut,email-Eu-core,0,400,156,156,8054,9323,1096,18473
directed_cut,email-Eu-core,0,400,157,157,8064,9338,1079,18481
directed_cut,email-Eu-core,0,400,158,158,8074,9380,1034,18488
directed_cut,email-Eu-core,0,400,159,159,8084,9417,1019,18520
directed_cut,email-Eu-core,0,400,160,160,8094,9444,969,18507
directed_cut,email-Eu-core,0,400,161,161,8104,9450,967,18521
directed_cut,email-Eu-core,0,400,162,162,8114,9453,953,18520
directed_cut,email-Eu-core,0,400,163,163,8124,9461,937,18522
directed_cut,email-Eu-core,0,400,164,164,8134,9470,908,18512
directed_cut,email-Eu-core,0,400,165,165,8143,9511,889,18543
directed_cut,email-Eu-core,0,400,166,166,8152,9531,869,18552
directed_cut,email-Eu-core,0,400,167,167,8161,9568,849,18578
directed_cut,email-Eu-core,0,400,168,168,8170,9583,827,18580
directed_cut,email-Eu-core,0,400,169,169,8179,9602,801,18582
directed_cut,email-Eu-core,0,400,170,170,8188,9630,801,18619
directed_cut,email-Eu-core,0,400,171,171,8197,9653,781,18631
directed_cut,email-Eu-core,0,400,172,172,8206,9661,770,18637
directed_cut,email-Eu-core,0,400,173,173,8214,9689,744,18647
directed_cut,email-Eu-core,0,400,174,174,8222,9708,735,18665
directed_cut,email-Eu-core,0,400,175,175,8230,9726,706,18662
directed_cut,email-Eu-core,0,400,176,176,8238,9757,706,18701
directed_cut,email-Eu-core,0,400,177,177,8246,9765,693,18704
directed_cut,email-Eu-core,0,400,178,178,8254,9797,652,18703
directed_cut,email-Eu-core,0,400,179,179,8262,9800,646,18708
directed_cut,email-Eu-core,0,400,180,180,8270,9815,628,18713
directed_cut,email-Eu-core,0,400,181,181,8278,9824,619,18721
directed_cut,email-Eu-core,0,400,182,182,8285,9837,596,18718
directed_cut,email-Eu-core,0,400,183,183,8292,9856,586,18734
directed_cut,email-Eu-core,0,400,184,184,8299,9874,577,18750
directed_cut,email-Eu-core,0,400,185,185,8306,9890,563,18759
directed_cut,email-Eu-core,0,400,186,186,8313,9912,546,18771
directed_cut,email-Eu-core,0,400,187,187,8320,9922,532,18774
directed_cut,email-Eu-core,0,400,188,188,8327,9938,531,18796
directed_cut,email-Eu-core,0,400,189,189,8333,9999,501,18833
directed_cut,email-Eu-core,0,400,190,190,8339,10060,474,18873
directed_cut,email-Eu-core,0,400,191,191,8345,10160,435,18940
directed_cut,email-Eu-core,0,400,192,192,8351,10171,428,18950
directed_cut,email-Eu-core,0,400,193,193,8357,10191,421,18969
directed_cut,email-Eu-core,0,400,194,194,8363,10193,412,18968
directed_cut,email-Eu-core,0,400,195,195,8369,10196,395,18960
directed_cut,email-Eu-core,0,400,196,196,8375,10203,394,18972
directed_cut,email-Eu-core,0,400,197,197,8381,10205,383,18969
directed_cut,email-Eu-core,0,400,198,198,8386,10236,372,18994
directed_cut,email-Eu-core,0,400,199,199,8391,10254,357,19002
directed_cut,email-Eu-core,0,400,200,200,8396,10268,351,19015
directed_cut,email-Eu-core,0,400,201,201,8401,10279,342,19022
directed_cut,email-Eu-core,0,400,202,202,8406,10287,333,19026
directed_cut,email-Eu-core,0,400,203,203,8411,10302,323,19036
directed_cut,email-Eu-core,0,400,204,204,8416,10306,324,19046
directed_cut,email-Eu-core,0,400,205,205,8421,10314,314,19049
directed_cut,email-Eu-core,0,400,206,206,8426,10315,306,19047
directed_cut,email-Eu-core,0,400,207,207,8431,10326,298,19055
directed_cut,email-Eu-core,0,400,208,208,8436,10340,287,19063
directed_cut,email-Eu-core,0,400,209,209,8440,10378,279,19097
directed_cut,email-Eu-core,0,400,210,210,8444,10391,273,19108
directed_cut,email-Eu-core,0,400,211,211,8448,10417,256,19121
directed_cut,email-Eu-core,0,400,212,212,8452,10437,252,19141
directed_cut,email-Eu-core,0,400,213,213,8456,10461,246,19163
directed_cut,email-Eu-core,0,400,214,214,8460,10507,241,19208
directed_cut,email-Eu-core,0,400,215,215,8464,10529,231,19224
directed_cut,email-Eu-core,0,400,216,216,8468,10538,221,19227
directed_cut,email-Eu-core,0,400,217,217,8472,10544,215,19231
directed_cut,email-Eu-core,0,400,218,218,8476,10570,211,19257
directed_cut,email-Eu-core,0,400,219,219,8480,10585,205,19270
directed_cut,email-Eu-core,0,400,220,220,8484,10598,201,19283
directed_cut,email-Eu-core,0,400,221,221,8488,10613,194,19295
directed_cut,email-Eu-core,0,400,222,222,8492,10626,189,19307
directed_cut,email-Eu-core,0,400,223,223,8496,10631,185,19312
directed_cut,email-Eu-core,0,400,224,224,8499,10694,167,19360
directed_cut,email-Eu-core,0,400,225,225,8502,10711,159,19372
directed_cut,email-Eu-core,0,400,226,226,8505,10735,156,19396
directed_cut,email-Eu-core,0,400,227,227,8508,10754,149,19411
directed_cut,email-Eu-core,0,400,228,228,8511,10782,142,19435
directed_cut,email-Eu-core,0,400,229,229,8514,10821,128,19463
directed_cut,email-Eu-core,0,400,230,230,8517,10843,125,19485
directed_cut,email-Eu-core,0,400,231,231,8520,10851,121,19492
directed_cut,email-Eu-core,0,400,232,232,8523,10871,117,19511
directed_cut,email-Eu-core,0,400,233,233,8526,10873,114,19513
directed_cut,email-Eu-core,0,400,234,234,8529,10874,108,19511
directed_cut,email-Eu-core,0,400,235,235,8532,10874,104,19510
directed_cut,email-Eu-core,0,400,236,236,8535,10879,101,19515
directed_cut,email-Eu-core,0,400,237,237,8538,10885,99,19522
directed_cut,email-Eu-core,0,400,238,238,8541,10888,96,19525
directed_cut,email-Eu-core,0,400,239,239,8544,10890,93,19527
directed_cut,email-Eu-core,0,400,240,240,8547,10908,90,19545
directed_cut,email-Eu-core,0,400,241,241,8550,10908,87,19545
directed_cut,email-Eu-core,0,400,242,242,8552,10922,84,19558
directed_cut,email-Eu-core,0,400,243,243,8554,10958,80,19592
directed_cut,email-Eu-core,0,400,244,244,8556,10971,78,19605
directed_cut,email-Eu-core,0,400,245,245,8558,10993,76,19627
directed_cut,email-Eu-core,0,400,246,246,8560,11019,74,19653
directed_cut,email-Eu-core,0,400,247,247,8562,11030,72,19664
directed_cut,email-Eu-core,0,400,248,248,8564,11036,71,19671
directed_cut,email-Eu-core,0,400,249,249,8566,11067,69,19702
directed_cut,email-Eu-core,0,400,250,250,8568,11075,66,19709
directed_cut,email-Eu-core,0,400,251,251,8570,11083,65,19718
directed_cut,email-Eu-core,0,400,252,252,8572,11086,63,19721
directed_cut,email-Eu-core,0,400,253,253,8574,11093,61,19728
directed_cut,email-Eu-core,0,400,254,254,8576,11107,59,19742
directed_cut,email-Eu-core,0,400,255,255,8578,11108,57,19743
directed_cut,email-Eu-core,0,400,256,256,8580,11109,55,19744
directed_cut,email-Eu-core,0,400,257,257,8582,11126,53,19761
directed_cut,email-Eu-core,0,400,258,258,8584,11136,51,19771
directed_cut,email-Eu-core,0,400,259,259,8586,11148,47,19781
directed_cut,email-Eu-core,0,400,260,260,8588,11165,45,19798
directed_cut,email-Eu-core,0,400,261,261,8590,11171,43,19804
directed_cut,email-Eu-core,0,400,262,262,8592,11176,41,19809
directed_cut,email-Eu-core,0,400,263,263,8593,11198,40,19831
directed_cut,email-Eu-core,0,400,264,264,8594,11232,39,19865
directed_cut,email-Eu-core,0,400,265,265,8595,11253,38,19886
directed_cut,email-Eu-core,0,400,266,266,8596,11254,37,19887
directed_cut,email-Eu-core,0,400,267,267,8597,11261,36,19894
directed_cut,email-Eu-core,0,400,268,268,8598,11278,35,19911
directed_cut,email-Eu-core,0,400,269,269,8599,11278,34,19911
directed_cut,email-Eu-core,0,400,270,270,8600,11280,33,19913
directed_cut,email-Eu-core,0,400,271,271,8601,11291,32,19924
directed_cut,email-Eu-core,0,400,272,272,8602,11298,30,19930
directed_cut,email-Eu-core,0,400,273,273,8603,11300,29,19932
directed_cut,email-Eu-core,0,400,274,274,8604,11311,28,19943
directed_cut,email-Eu-core,0,400,275,275,8605,11312,27,19944
directed_cut,email-Eu-core,0,400,276,276,8606,11320,26,19952
directed_cut,email-Eu-core,0,400,277,277,8607,11323,25,19955
directed_cut,email-Eu-core,0,400,278,278,8608,11327,24,19959
directed_cut,email-Eu-core,0,400,279,279,8609,11327,23,19959
directed_cut,email-Eu-core,0,400,280,280,8610,11331,22,19963
directed_cut,email-Eu-core,0,400,281,281,8611,11331,21,19963
directed_cut,email-Eu-core,0,400,282,282,8612,11331,20,19963
directed_cut,email-Eu-core,0,400,283,283,8613,11335,19,19967
directed_cut,email-Eu-core,0,400,284,284,8614,11339,18,19971
directed_cut,email-Eu-core,0,400,285,285,8615,11340,17,19972
directed_cut,email-Eu-core,0,400,286,286,8616,11340,16,19972
directed_cut,email-Eu-core,0,400,287,287,8617,11340,15,19972
directed_cut,email-Eu-core,0,400,288,288,8618,11340,14,19972
directed_cut,email-Eu-core,0,400,289,289,8619,11340,13,19972
directed_cut,email-Eu-core,0,400,290,290,8620,11342,12,19974
directed_cut,email-Eu-core,0,400,291,291,8621,11359,11,19991
directed_cut,email-Eu-core,0,400,292,292,8622,11372,10,20004
directed_cut,email-Eu-core,0,400,293,293,8623,11373,9,20005
directed_cut,email-Eu-core,0,400,294,294,8624,11375,8,20007
directed_cut,email-Eu-core,0,400,295,295,8625,11375,7,20007
directed_cut,email-Eu-core,0,400,296,296,8626,11375,6,20007
directed_cut,email-Eu-core,0,400,297,297,8627,11377,5,20009
directed_cut,email-Eu-core,0,400,298,298,8628,11377,4,20009
directed_cut,email-Eu-core,0,400,299,299,8629,11381,3,20013
directed_cut,email-Eu-core,0,400,300,300,8630,11381,2,20013
directed_cut,email-Eu-core,0,400,301,301,8631,11382,1,20014
directed_cut,email-Eu-core,0,400,302,302,8632,11383,0,20015
directed_cut,email-Eu-core,0,420,0,0,0,0,16797,16797
directed_cut,email-Eu-core,0,420,1,1,333,211,16268,16812
directed_cut,email-Eu-core,0,420,2,2,557,331,15916,16804
directed_cut,email-Eu-core,0,420,3,3,775,487,15565,16827
directed_cut,email-Eu-core,0,420,4,4,974,655,15219,16848
directed_cut,email-Eu-core,0,420,5,5,1169,808,14871,16848
directed_cut,email-Eu-core,0,420,6,6,1352,986,14537,16875
directed_cut,email-Eu-core,0,420,7,7,1522,1046,14287,16855
directed_cut,email-Eu-core,0,420,8,8,1675,1169,14088,16932
directed_cut,email-Eu-core,0,420,9,9,1826,1319,13788,16933
directed_cut,email-Eu-core,0,420,10,10,1971,1430,13540,16941
directed_cut,email-Eu-core,0,420,11,11,2112,1572,13232,16916
directed_cut,email-Eu-core,0,420,12,12,2238,1689,13018,16945
directed_cut,email-Eu-core,0,420,13,13,2359,1776,12822,16957
directed_cut,email-Eu-core,0,420,14,14,2474,1823,12689,16986
directed_cut,email-Eu-core,0,420,15,15,2587,1961,12448,16996
directed_cut,email-Eu-core,0,420,16,16,2699,2046,12280,17025
directed_cut,email-Eu-core,0,420,17,17,2804,2172,12071,17047
directed_cut,email-Eu-core,0,420,18,18,2906,2264,11904,17074
directed_cut,email-Eu-core,0,420,19,19,3007,2357,11727,17091
directed_cut,email-Eu-core,0,420,20,20,3105,2465,11530,17100
directed_cut,email-Eu-core,0,420,21,21,3201,2600,11314,17115
directed_cut,email-Eu-core,0,420,22,22,3296,2698,11146,17140
directed_cut,email-Eu-core,0,420,23,23,3390,2806,10940,17136
directed_cut,email-Eu-core,0,420,24,24,3482,2815,10838,17135
directed_cut,email-Eu-core,0,420,25,25,3572,2925,10683,17180
directed_cut,email-Eu-core,0,420,26,26,3661,3014,10509,17184
directed_cut,email-Eu-core,0,420,27,27,3747,3128,10319,17194
directed_cut,email-Eu-core,0,420,28,28,3829,3224,10161,17214
directed_cut,email-Eu-core,0,420,29,29,3911,3330,10009,17250
directed_cut,email-Eu-core,0,420,30,30,3992,3433,9814,17239
directed_cut,email-Eu-core,0,420,31,31,4072,3512,9676,17260
directed_cut,email-Eu-core,0,420,32,32,4151,3541,9572,17264
directed_cut,email-Eu-core,0,420,33,33,4228,3602,9439,17269
directed_cut,email-Eu-core,0,420,34,34,4303,3662,9317,17282
directed_cut,email-Eu-core,0,420,35,35,4378,3771,9134,17283
directed_cut,email-Eu-core,0,420,36,36,4451,3852,8995,17298
directed_cut,email-Eu-core,0,420,37,37,4524,3947,8861,17332
directed_cut,email-Eu-core,0,420,38,38,4594,4032,8719,17345
directed_cut,email-Eu-core,0,420,39,39,4664,4147,8530,17341
directed_cut,email-Eu-core,0,420,40,40,4733,4229,8386,17348
directed_cut,email-Eu-core,0,420,41,41,4801,4270,8284,17355
directed_cut,email-Eu-core,0,420,42,42,4867,4309,8193,17369
directed_cut,email-Eu-core,0,420,43,43,4931,4382,8079,17392
directed_cut,email-Eu-core,0,420,44,44,4993,4458,7958,17409
directed_cut,email-Eu-core,0,420,45,45,5053,4511,7861,17425
directed_cut,email-Eu-core,0,420,46,46,5113,4602,7714,17429
directed_cut,email-Eu-core,0,420,47,47,5173,4673,7588,17434
directed_cut,email-Eu-core,0,420,48,48,5231,4775,7442,17448
directed_cut,email-Eu-core,0,420,49,49,5289,4829,7342,17460
directed_cut,email-Eu-core,0,420,50,50,5346,4883,7223,17452
directed_cut,email-Eu-core,0,420,51,51,5402,4911,7135,17448
directed_cut,email-Eu-core,0,420,52,52,5457,4959,7061,17477
directed_cut,email-Eu-core,0,420,53,53,5511,5011,6931,17453
directed_cut,email-Eu-core,0,420,54,54,5564,5072,6844,17480
directed_cut,email-Eu-core,0,420,55,55,5616,5115,6767,17498
directed_cut,email-Eu-core,0,420,56,56,5667,5189,6656,17512
directed_cut,email-Eu-core,0,420,57,57,5716,5237,6553,17506
directed_cut,email-Eu-core,0,420,58,58,5764,5356,6397,17517
directed_cut,email-Eu-core,0,420,59,59,5812,5431,6276,17519
directed_cut,email-Eu-core,0,420,60,60,5857,5506,6171,17534
directed_cut,email-Eu-core,0,420,61,61,5901,5582,6043,17526
directed_cut,email-Eu-core,0,420,62,62,5945,5632,5948,17525
directed_cut,email-Eu-core,0,420,63,63,5989,5685,5873,17547
directed_cut,email-Eu-core,0,420,64,64,6032,5780,5759,17571
directed_cut,email-Eu-core,0,420,65,65,6073,5827,5658,17558
directed_cut,email-Eu-core,0,420,66,66,6113,5927,5550,17590
directed_cut,email-Eu-core,0,420,67,67,6152,5966,5487,17605
directed_cut,email-Eu-core,0,420,68,68,6190,6020,5387,17597
directed_cut,email-Eu-core,0,420,69,69,6228,6092,5313,17633
directed_cut,email-Eu-core,0,420,70,70,6266,6164,5233,17663
directed_cut,email-Eu-core,0,420,71,71,6302,6237,5118,17657
directed_cut,email-Eu-core,0,420,72,72,6338,6285,5055,17678
directed_cut,email-Eu-core,0,420,73,73,6374,6324,4981,17679
directed_cut,email-Eu-core,0,420,74,74,6409,6352,4923,17684
directed_cut,email-Eu-core,0,420,75,75,6443,6405,4847,17695
directed_cut,email-Eu-core,0,420,76,76,6477,6472,4747,17696
directed_cut,email-Eu-core,0,420,77,77,6510,6534,4679,17723
directed_cut,email-Eu-core,0,420,78,78,6542,6561,4629,17732
directed_cut,email-Eu-core,0,420,79,79,6574,6620,4537,17731
directed_cut,email-Eu-core,0,420,80,80,6606,6663,4465,17734
directed_cut,email-Eu-core,0,420,81,81,6637,6703,4400,17740
directed_cut,email-Eu-core,0,420,82,82,6668,6753,4330,17751
directed_cut,email-Eu-core,0,420,83,83,6698,6795,4275,17768
directed_cut,email-Eu-core,0,420,84,84,6728,6828,4200,17756
directed_cut,email-Eu-core,0,420,85,85,6757,6871,4158,17786
directed_cut,email-Eu-core,0,420,86,86,6785,6902,4118,17805
directed_cut,email-Eu-core,0,420,87,87,6813,6941,4070,17824
directed_cut,email-Eu-core,0,420,88,88,6841,7026,3971,17838
directed_cut,email-Eu-core,0,420,89,89,6869,7054,3923,17846
directed_cut,email-Eu-core,0,420,90,90,6896,7080,3866,17842
directed_cut,email-Eu-core,0,420,91,91,6923,7108,3803,17834
directed_cut,email-Eu-core,0,420,92,92,6949,7175,3710,17834
directed_cut,email-Eu-core,0,420,93,93,6975,7177,3670,17822
directed_cut,email-Eu-core,0,420,94,94,7000,7198,3641,17839
directed_cut,email-Eu-core,0,420,95,95,7025,7247,3594,17866
directed_cut,email-Eu-core,0,420,96,96,7050,7285,3508,17843
directed_cut,email-Eu-core,0,420,97,97,7075,7321,3450,17846
directed_cut,email-Eu-core,0,420,98,98,7099,7378,3381,17858
directed_cut,email-Eu-core,0,420,99,99,7123,7392,3356,17871
directed_cut,email-Eu-core,0,420,100,100,7147,7431,3269,17847
directed_cut,email-Eu-core,0,420,101,101,7169,7476,3250,17895
directed_cut,email-Eu-core,0,420,102,102,7191,7511,3192,17894
directed_cut,email-Eu-core,0,420,103,103,7213,7527,3139,17879
directed_cut,email-Eu-core,0,420,104,104,7234,7613,3098,17945
directed_cut,email-Eu-core,0,420,105,105,7255,7623,3055,17933
directed_cut,email-Eu-core,0,420,106,106,7276,7658,3009,17943
directed_cut,email-Eu-core,0,420,107,107,7297,7694,2966,17957
directed_cut,email-Eu-core,0,420,108,108,7317,7754,2892,17963
directed_cut,email-Eu-core,0,420,109,109,7337,7800,2865,18002
directed_cut,email-Eu-core,0,420,110,110,7357,7828,2824,18009
directed_cut,email-Eu-core,0,420,111,111,7377,7833,2806,18016
directed_cut,email-Eu-core,0,420,112,112,7396,7877,2722,17995
directed_cut,email-Eu-core,0,420,113,113,7415,7951,2645,18011
directed_cut,email-Eu-core,0,420,114,114,7434,7973,2630,18037
directed_cut,email-Eu-core,0,420,115,115,7453,8008,2591,18052
directed_cut,email-Eu-core,0,420,116,116,7471,8053,2503,18027
directed_cut,email-Eu-core,0,420,117,117,7489,8180,2429,18098
directed_cut,email-Eu-core,0,420,118,118,7507,8224,2386,18117
directed_cut,email-Eu-core,0,420,119,119,7525,8265,2324,18114
directed_cut,email-Eu-core,0,420,120,120,7543,8283,2294,18120
directed_cut,email-Eu-core,0,420,121,121,7560,8315,2221,18096
directed_cut,email-Eu-core,0,420,122,122,7577,8382,2177,18136
directed_cut,email-Eu-core,0,420,123,123,7594,8441,2118,18153
directed_cut,email-Eu-core,0,420,124,124,7611,8472,2085,18168
directed_cut,email-Eu-core,0,420,125,125,7628,8487,2024,18139
directed_cut,email-Eu-core,0,420,126,126,7645,8521,2015,18181
directed_cut,email-Eu-core,0,420,127,127,7662,8538,1965,18165
directed_cut,email-Eu-core,0,420,128,128,7678,8563,1940,18181
directed_cut,email-Eu-core,0,420,129,129,7694,8601,1868,18163
directed_cut,email-Eu-core,0,420,130,130,7710,8631,1820,18161
directed_cut,email-Eu-core,0,420,131,131,7726,8653,1798,18177
directed_cut,email-Eu-core,0,420,132,132,7742,8691,1765,18198
directed_cut,email-Eu-core,0,420,133,133,7758,8696,1754,18208
directed_cut,email-Eu-core,0,420,134,134,7773,8720,1723,18216
directed_cut,email-Eu-core,0,420,135,135,7788,8771,1676,18235
directed_cut,email-Eu-core,0,420,136,136,7803,8810,1644,18257
directed_cut,email-Eu-core,0,420,137,137,7818,8820,1631,18269
directed_cut,email-Eu-core,0,420,138,138,7832,8833,1606,18271
directed_cut,email-Eu-core,0,420,139,139,7846,8893,1558,18297
directed_cut,email-Eu-core,0,420,140,140,7860,8919,1509,18288
directed_cut,email-Eu-core,0,420,141,141,7874,8925,1488,18287
directed_cut,email-Eu-core,0,420,142,142,7887,8943,1474,18304
directed_cut,email-Eu-core,0,420,143,143,7900,8978,1440,18318
directed_cut,email-Eu-core,0,420,144,144,7913,9003,1422,18338
directed_cut,email-Eu-core,0,420,145,145,7926,9031,1399,18356
directed_cut,email-Eu-core,0,420,146,146,7939,9040,1367,18346
directed_cut,email-Eu-core,0,420,147,147,7951,9077,1340,18368
directed_cut,email-Eu-core,0,420,148,148,7963,9110,1294,18367
directed_cut,email-Eu-core,0,420,149,149,7975,9129,1262,18366
directed_cut,email-Eu-core,0,420,150,150,7987,9147,1242,18376
directed_cut,email-Eu-core,0,420,151,151,7999,9153,1219,18371
directed_cut,email-Eu-core,0,420,152,152,8011,9172,1192,18375
directed_cut,email-Eu-core,0,420,153,153,8022,9194,1168,18384
directed_cut,email-Eu-core,0,420,154,154,8033,9246,1152,18431
directed_cut,email-Eu-core,0,420,155,155,8044,9292,1133,18469
directed_cut,email-Eu-core,0,420,156,156,8054,9323,1096,18473
directed_cut,email-Eu-core,0,420,157,157,8064,9338,1079,18481
directed_cut,email-Eu-core,0,420,158,158,8074,9380,1034,18488
directed_cut,email-Eu-core,0,420,159,159,8084,9417,1019,18520
directed_cut,email-Eu-core,0,420,160,160,8094,9444,969,18507
directed_cut,email-Eu-core,0,420,161,161,8104,9450,967,18521
directed_cut,email-Eu-core,0,420,162,162,8114,9453,953,18520
directed_cut,email-Eu-core,0,420,163,163,8124,9461,937,18522
directed_cut,email-Eu-core,0,420,164,164,8134,9470,908,18512
directed_cut,email-Eu-core,0,420,165,165,8143,9511,889,18543
directed_cut,email-Eu-core,0,420,166,166,8152,9531,869,18552
directed_cut,email-Eu-core,0,420,167,167,8161,9568,849,18578
directed_cut,email-Eu-core,0,420,168,168,8170,9583,827,18580
directed_cut,email-Eu-core,0,420,169,169,8179,9602,801,18582
directed_cut,email-Eu-core,0,420,170,170,8188,9630,801,18619
directed_cut,email-Eu-core,0,420,171,171,8197,9653,781,18631
directed_cut,email-Eu-core,0,420,172,172,8206,9661,770,18637
directed_cut,email-Eu-core,0,420,173,173,8214,9689,744,18647
directed_cut,email-Eu-core,0,420,174,174,8222,9708,735,18665
directed_cut,email-Eu-core,0,420,175,175,8230,9726,706,18662
directed_cut,email-Eu-core,0,420,176,176,8238,9757,706,18701
directed_cut,email-Eu-core,0,420,177,177,8246,9765,693,18704
directed_cut,email-Eu-core,0,420,178,178,8254,9797,652,18703
directed_cut,email-Eu-core,0,420,179,179,8262,9800,646,18708
directed_cut,email-Eu-core,0,420,180,180,8270,9815,628,18713
directed_cut,email-Eu-core,0,420,181,181,8278,9824,619,18721
directed_cut,email-Eu-core,0,420,182,182,8285,9837,596,18718
directed_cut,email-Eu-core,0,420,183,183,8292,9856,586,18734
directed_cut,email-Eu-core,0,420,184,184,8299,9874,577,18750
directed_cut,email-Eu-core,0,420,185,185,8306,9890,563,18759
directed_cut,email-Eu-core,0,420,186,186,8313,9912,546,18771
directed_cut,email-Eu-core,0,420,187,187,8320,9922,532,18774
directed_cut,email-Eu-core,0,420,188,188,8327,9938,531,18796
directed_cut,email-Eu-core,0,420,189,189,8333,9999,501,18833
directed_cut,email-Eu-core,0,420,190,190,8339,10060,474,18873
directed_cut,email-Eu-core,0,420,191,191,8345,10160,435,18940
directed_cut,email-Eu-core,0,420,192,192,8351,10171,428,18950
directed_cut,email-Eu-core,0,420,193,193,8357,10191,421,18969
directed_cut,email-Eu-core,0,420,194,194,8363,10193,412,18968
directed_cut,email-Eu-core,0,420,195,195,8369,10196,395,18960
directed_cut,email-Eu-core,0,420,196,196,8375,10203,394,18972
directed_cut,email-Eu-core,0,420,197,197,8381,10205,383,18969
directed_cut,email-Eu-core,0,420,198,198,8386,10236,372,18994
directed_cut,email-Eu-core,0,420,199,199,8391,10254,357,19002
directed_cut,email-Eu-core,0,420,200,200,8396,10268,351,19015
directed_cut,email-Eu-core,0,420,201,201,8401,10279,342,19022
directed_cut,email-Eu-core,0,420,202,202,8406,10287,333,19026
directed_cut,email-Eu-core,0,420,203,203,8411,10302,323,19036
directed_cut,email-Eu-core,0,420,204,204,8416,10306,324,19046
directed_cut,email-Eu-core,0,420,205,205,8421,10314,314,19049
directed_cut,email-Eu-core,0,420,206,206,8426,10315,306,19047
directed_cut,email-Eu-core,0,420,207,207,8431,10326,298,19055
directed_cut,email-Eu-core,0,420,208,208,8436,10340,287,19063
directed_cut,email-Eu-core,0,420,209,209,8440,10378,279,19097
directed_cut,email-Eu-core,0,420,210,210,8444,10391,273,19108
directed_cut,email-Eu-core,0,420,211,211,8448,10417,256,19121
directed_cut,email-Eu-core,0,420,212,212,8452,10437,252,19141
directed_cut,email-Eu-core,0,420,213,213,8456,10461,246,19163
directed_cut,email-Eu-core,0,420,214,214,8460,10507,241,19208
directed_cut,email-Eu-core,0,420,215,215,8464,10529,231,19224
directed_cut,email-Eu-core,0,420,216,216,8468,10538,221,19227
directed_cut,email-Eu-core,0,420,217,217,8472,10544,215,19231
directed_cut,email-Eu-core,0,420,218,218,8476,10570,211,19257
directed_cut,email-Eu-core,0,420,219,219,8480,10585,205,19270
directed_cut,email-Eu-core,0,420,220,220,8484,10598,201,19283
directed_cut,email-Eu-core,0,420,221,221,8488,10613,194,19295
directed_cut,email-Eu-core,0,420,222,222,8492,10626,189,19307
directed_cut,email-Eu-core,0,420,223,223,8496,10631,185,19312
directed_cut,email-Eu-core,0,420,224,224,8499,10694,167,19360
directed_cut,email-Eu-core,0,420,225,225,8502,10711,159,19372
directed_cut,email-Eu-core,0,420,226,226,8505,10735,156,19396
directed_cut,email-Eu-core,0,420,227,227,8508,10754,149,19411
directed_cut,email-Eu-core,0,420,228,228,8511,10782,142,19435
directed_cut,email-Eu-core,0,420,229,229,8514,10821,128,19463
directed_cut,email-Eu-core,0,420,230,230,8517,10843,125,19485
directed_cut,email-Eu-core,0,420,231,231,8520,10851,121,19492
directed_cut,email-Eu-core,0,420,232,232,8523,10871,117,19511
directed_cut,email-Eu-core,0,420,233,233,8526,10873,114,19513
directed_cut,email-Eu-core,0,420,234,234,8529,10874,108,19511
directed_cut,email-Eu-core,0,420,235,235,8532,10874,104,19510
directed_cut,email-Eu-core,0,420,236,236,8535,10879,101,19515
directed_cut,email-Eu-core,0,420,237,237,8538,10885,99,19522
directed_cut,email-Eu-core,0,420,238,238,8541,10888,96,19525
directed_cut,email-Eu-core,0,420,239,239,8544,10890,93,19527
directed_cut,email-Eu-core,0,420,240,240,8547,10908,90,19545
directed_cut,email-Eu-core,0,420,241,241,8550,10908,87,19545
directed_cut,email-Eu-core,0,420,242,242,8552,10922,84,19558
directed_cut,email-Eu-core,0,420,243,243,8554,10958,80,19592
directed_cut,email-Eu-core,0,420,244,244,8556,10971,78,19605
directed_cut,email-Eu-core,0,420,245,245,8558,10993,76,19627
directed_cut,email-Eu-core,0,420,246,246,8560,11019,74,19653
directed_cut,email-Eu-core,0,420,247,247,8562,11030,72,19664
directed_cut,email-Eu-core,0,420,248,248,8564,11036,71,19671
directed_cut,email-Eu-core,0,420,249,249,8566,11067,69,19702
directed_cut,email-Eu-core,0,420,250,250,8568,11075,66,19709
directed_cut,email-Eu-core,0,420,251,251,8570,11083,65,19718
directed_cut,email-Eu-core,0,420,252,252,8572,11086,63,19721
directed_cut,email-Eu-core,0,420,253,253,8574,11093,61,19728
directed_cut,email-Eu-core,0,420,254,254,8576,11107,59,19742
directed_cut,email-Eu-core,0,420,255,255,8578,11108,57,19743
directed_cut,email-Eu-core,0,420,256,256,8580,11109,55,19744
directed_cut,email-Eu-core,0,420,257,257,8582,11126,53,19761
directed_cut,email-Eu-core,0,420,258,258,8584,11136,51,19771
directed_cut,email-Eu-core,0,420,259,259,8586,11148,47,19781
directed_cut,email-Eu-core,0,420,260,260,8588,11165,45,19798
directed_cut,email-Eu-core,0,420,261,261,8590,11171,43,19804
directed_cut,email-Eu-core,0,420,262,262,8592,11176,41,19809
directed_cut,email-Eu-core,0,420,263,263,8593,11198,40,19831
directed_cut,email-Eu-core,0,420,264,264,8594,11232,39,19865
directed_cut,email-Eu-core,0,420,265,265,8595,11253,38,19886
directed_cut,email-Eu-core,0,420,266,266,8596,11254,37,19887
directed_cut,email-Eu-core,0,420,267,267,8597,11261,36,19894
directed_cut,email-Eu-core,0,420,268,268,8598,11278,35,19911
directed_cut,email-Eu-core,0,420,269,269,8599,11278,34,19911
directed_cut,email-Eu-core,0,420,270,270,8600,11280,33,19913
directed_cut,email-Eu-core,0,420,271,271,8601,11291,32,19924
directed_cut,email-Eu-core,0,420,272,272,8602,11298,30,19930
directed_cut,email-Eu-core,0,420,273,273,8603,11300,29,19932
directed_cut,email-Eu-core,0,420,274,274,8604,11311,28,19943
directed_cut,email-Eu-core,0,420,275,275,8605,11312,27,19944
directed_cut,email-Eu-core,0,420,276,276,8606,11320,26,19952
directed_cut,email-Eu-core,0,420,277,277,8607,11323,25,19955
directed_cut,email-Eu-core,0,420,278,278,8608,11327,24,19959
directed_cut,email-Eu-core,0,420,279,279,8609,11327,23,19959
directed_cut,email-Eu-core,0,420,280,280,8610,11331,22,19963
directed_cut,email-Eu-core,0,420,281,281,8611,11331,21,19963
directed_cut,email-Eu-core,0,420,282,282,8612,11331,20,19963
directed_cut,email-Eu-core,0,420,283,283,8613,11335,19,19967
directed_cut,email-Eu-core,0,420,284,284,8614,11339,18,19971
directed_cut,email-Eu-core,0,420,285,285,8615,11340,17,19972
directed_cut,email-Eu-core,0,420,286,286,8616,11340,16,19972
directed_cut,email-Eu-core,0,420,287,287,8617,11340,15,19972
directed_cut,email-Eu-core,0,420,288,288,8618,11340,14,19972
directed_cut,email-Eu-core,0,420,289,289,8619,11340,13,19972
directed_cut,email-Eu-core,0,420,290,290,8620,11342,12,19974
directed_cut,email-Eu-core,0,420,291,291,8621,11359,11,19991
directed_cut,email-Eu-core,0,420,292,292,8622,11372,10,20004
directed_cut,email-Eu-core,0,420,293,293,8623,11373,9,20005
directed_cut,email-Eu-core,0,420,294,294,8624,11375,8,20007
directed_cut,email-Eu-core,0,420,295,295,8625,11375,7,20007
directed_cut,email-Eu-core,0,420,296,296,8626,11375,6,20007
directed_cut,email-Eu-core,0,420,297,297,8627,11377,5,20009
directed_cut,email-Eu-core,0,420,298,298,8628,11377,4,20009
directed_cut,email-Eu-core,0,420,299,299,8629,11381,3,20013
directed_cut,email-Eu-core,0,420,300,300,8630,11381,2,20013
directed_cut,email-Eu-core,0,420,301,301,8631,11382,1,20014
directed_cut,email-Eu-core,0,420,302,302,8632,11383,0,20015
directed_cut,email-Eu-core,0,440,0,0,0,0,17060,17060
directed_cut,email-Eu-core,0,440,1,1,333,211,16526,17070
directed_cut,email-Eu-core,0,440,2,2,557,331,16171,17059
directed_cut,email-Eu-core,0,440,3,3,775,487,15819,17081
directed_cut,email-Eu-core,0,440,4,4,974,655,15465,17094
directed_cut,email-Eu-core,0,440,5,5,1169,808,15104,17081
directed_cut,email-Eu-core,0,440,6,6,1352,986,14764,17102
directed_cut,email-Eu-core,0,440,7,7,1522,1046,14513,17081
directed_cut,email-Eu-core,0,440,8,8,1675,1169,14307,17151
directed_cut,email-Eu-core,0,440,9,9,1826,1319,14001,17146
directed_cut,email-Eu-core,0,440,10,10,1971,1430,13752,17153
directed_cut,email-Eu-core,0,440,11,11,2112,1572,13439,17123
directed_cut,email-Eu-core,0,440,12,12,2238,1689,13223,17150
directed_cut,email-Eu-core,0,440,13,13,2359,1776,13023,17158
directed_cut,email-Eu-core,0,440,14,14,2474,1823,12887,17184
directed_cut,email-Eu-core,0,440,15,15,2587,1961,12643,17191
directed_cut,email-Eu-core,0,440,16,16,2699,2046,12471,17216
directed_cut,email-Eu-core,0,440,17,17,2804,2172,12258,17234
directed_cut,email-Eu-core,0,440,18,18,2906,2264,12090,17260
directed_cut,email-Eu-core,0,440,19,19,3007,2357,11911,17275
directed_cut,email-Eu-core,0,440,20,20,3105,2465,11713,17283
directed_cut,email-Eu-core,0,440,21,21,3201,2600,11494,17295
directed_cut,email-Eu-core,0,440,22,22,3296,2698,11324,17318
directed_cut,email-Eu-core,0,440,23,23,3390,2806,11115,17311
directed_cut,email-Eu-core,0,440,24,24,3482,2815,11013,17310
directed_cut,email-Eu-core,0,440,25,25,3572,2925,10854,17351
directed_cut,email-Eu-core,0,440,26,26,3661,3014,10677,17352
directed_cut,email-Eu-core,0,440,27,27,3747,3128,10483,17358
directed_cut,email-Eu-core,0,440,28,28,3829,3224,10319,17372
directed_cut,email-Eu-core,0,440,29,29,3911,3330,10164,17405
directed_cut,email-Eu-core,0,440,30,30,3992,3433,9965,17390
directed_cut,email-Eu-core,0,440,31,31,4072,3512,9825,17409
directed_cut,email-Eu-core,0,440,32,32,4151,3541,9716,17408
directed_cut,email-Eu-core,0,440,33,33,4228,3602,9579,17409
directed_cut,email-Eu-core,0,440,34,34,4303,3662,9457,17422
directed_cut,email-Eu-core,0,440,35,35,4378,3771,9274,17423
directed_cut,email-Eu-core,0,440,36,36,4451,3852,9135,17438
directed_cut,email-Eu-core,0,440,37,37,4524,3947,9000,17471
directed_cut,email-Eu-core,0,440,38,38,4594,4032,8852,17478
directed_cut,email-Eu-core,0,440,39,39,4664,4147,8659,17470
directed_cut,email-Eu-core,0,440,40,40,4733,4229,8510,17472
directed_cut,email-Eu-core,0,440,41,41,4801,4270,8405,17476
directed_cut,email-Eu-core,0,440,42,42,4867,4309,8313,17489
directed_cut,email-Eu-core,0,440,43,43,4931,4382,8198,17511
directed_cut,email-Eu-core,0,440,44,44,4993,4458,8074,17525
directed_cut,email-Eu-core,0,440,45,45,5053,4511,7975,17539
directed_cut,email-Eu-core,0,440,46,46,5113,4602,7823,17538
directed_cut,email-Eu-core,0,440,47,47,5173,4673,7693,17539
directed_cut,email-Eu-core,0,440,48,48,5231,4775,7542,17548
directed_cut,email-Eu-core,0,440,49,49,5289,4829,7442,17560
directed_cut,email-Eu-core,0,440,50,50,5346,4883,7321,17550
directed_cut,email-Eu-core,0,440,51,51,5402,4911,7229,17542
directed_cut,email-Eu-core,0,440,52,52,5457,4959,7156,17572
directed_cut,email-Eu-core,0,440,53,53,5511,5011,7020,17542
directed_cut,email-Eu-core,0,440,54,54,5564,5072,6932,17568
directed_cut,email-Eu-core,0,440,55,55,5616,5115,6854,17585
directed_cut,email-Eu-core,0,440,56,56,5667,5189,6738,17594
directed_cut,email-Eu-core,0,440,57,57,5716,5237,6634,17587
directed_cut,email-Eu-core,0,440,58,58,5764,5356,6477,17597
directed_cut,email-Eu-core,0,440,59,59,5812,5431,6356,17599
directed_cut,email-Eu-core,0,440,60,60,5857,5506,6251,17614
directed_cut,email-Eu-core,0,440,61,61,5901,5582,6118,17601
directed_cut,email-Eu-core,0,440,62,62,5945,5632,6021,17598
directed_cut,email-Eu-core,0,440,63,63,5989,5685,5940,17614
directed_cut,email-Eu-core,0,440,64,64,6032,5780,5821,17633
directed_cut,email-Eu-core,0,440,65,65,6073,5827,5718,17618
directed_cut,email-Eu-core,0,440,66,66,6113,5927,5610,17650
directed_cut,email-Eu-core,0,440,67,67,6152,5966,5547,17665
directed_cut,email-Eu-core,0,440,68,68,6190,6020,5447,17657
directed_cut,email-Eu-core,0,440,69,69,6228,6092,5373,17693
directed_cut,email-Eu-core,0,440,70,70,6266,6164,5293,17723
directed_cut,email-Eu-core,0,440,71,71,6302,6237,5174,17713
directed_cut,email-Eu-core,0,440,72,72,6338,6285,5109,17732
directed_cut,email-Eu-core,0,440,73,73,6374,6324,5034,17732
directed_cut,email-Eu-core,0,440,74,74,6409,6352,4976,17737
directed_cut,email-Eu-core,0,440,75,75,6443,6405,4898,17746
directed_cut,email-Eu-core,0,440,76,76,6477,6472,4794,17743
directed_cut,email-Eu-core,0,440,77,77,6510,6534,4725,17769
directed_cut,email-Eu-core,0,440,78,78,6542,6561,4673,17776
directed_cut,email-Eu-core,0,440,79,79,6574,6620,4577,17771
directed_cut,email-Eu-core,0,440,80,80,6606,6663,4505,17774
directed_cut,email-Eu-core,0,440,81,81,6637,6703,4440,17780
directed_cut,email-Eu-core,0,440,82,82,6668,6753,4370,17791
directed_cut,email-Eu-core,0,440,83,83,6698,6795,4315,17808
directed_cut,email-Eu-core,0,440,84,84,6728,6828,4240,17796
directed_cut,email-Eu-core,0,440,85,85,6757,6871,4198,17826
directed_cut,email-Eu-core,0,440,86,86,6785,6902,4157,17844
directed_cut,email-Eu-core,0,440,87,87,6813,6941,4107,17861
directed_cut,email-Eu-core,0,440,88,88,6841,7026,3998,17865
directed_cut,email-Eu-core,0,440,89,89,6869,7054,3950,17873
directed_cut,email-Eu-core,0,440,90,90,6896,7080,3890,17866
directed_cut,email-Eu-core,0,440,91,91,6923,7108,3823,17854
directed_cut,email-Eu-core,0,440,92,92,6949,7175,3730,17854
directed_cut,email-Eu-core,0,440,93,93,6975,7177,3690,17842
directed_cut,email-Eu-core,0,440,94,94,7000,7198,3661,17859
directed_cut,email-Eu-core,0,440,95,95,7025,7247,3614,17886
directed_cut,email-Eu-core,0,440,96,96,7050,7285,3528,17863
directed_cut,email-Eu-core,0,440,97,97,7075,7321,3470,17866
directed_cut,email-Eu-core,0,440,98,98,7099,7378,3401,17878
directed_cut,email-Eu-core,0,440,99,99,7123,7392,3376,17891
directed_cut,email-Eu-core,0,440,100,100,7147,7431,3289,17867
directed_cut,email-Eu-core,0,440,101,101,7169,7476,3270,17915
directed_cut,email-Eu-core,0,440,102,102,7191,7511,3212,17914
directed_cut,email-Eu-core,0,440,103,103,7213,7527,3159,17899
directed_cut,email-Eu-core,0,440,104,104,7234,7613,3118,17965
directed_cut,email-Eu-core,0,440,105,105,7255,7623,3075,17953
directed_cut,email-Eu-core,0,440,106,106,7276,7658,3029,17963
directed_cut,email-Eu-core,0,440,107,107,7297,7694,2986,17977
directed_cut,email-Eu-core,0,440,108,108,7317,7754,2912,17983
directed_cut,email-Eu-core,0,440,109,109,7337,7800,2885,18022
directed_cut,email-Eu-core,0,440,110,110,7357,7828,2842,18027
directed_cut,email-Eu-core,0,440,111,111,7377,7833,2821,18031
directed_cut,email-Eu-core,0,440,112,112,7396,7877,2734,18007
directed_cut,email-Eu-core,0,440,113,113,7415,7951,2645,18011
directed_cut,email-Eu-core,0,440,114,114,7434,7973,2630,18037
directed_cut,email-Eu-core,0,440,115,115,7453,8008,2591,18052
directed_cut,email-Eu-core,0,440,116,116,7471,8053,2503,18027
directed_cut,email-Eu-core,0,440,117,117,7489,8180,2429,18098
directed_cut,email-Eu-core,0,440,118,118,7507,8224,2386,18117
directed_cut,email-Eu-core,0,440,119,119,7525,8265,2324,18114
directed_cut,email-Eu-core,0,440,120,120,7543,8283,2294,18120
directed_cut,email-Eu-core,0,440,121,121,7560,8315,2221,18096
directed_cut,email-Eu-core,0,440,122,122,7577,8382,2177,18136
directed_cut,email-Eu-core,0,440,123,123,7594,8441,2118,18153
directed_cut,email-Eu-core,0,440,124,124,7611,8472,2085,18168
directed_cut,email-Eu-core,0,440,125,125,7628,8487,2024,18139
directed_cut,email-Eu-core,0,440,126,126,7645,8521,2015,18181
directed_cut,email-Eu-core,0,440,127,127,7662,8538,1965,18165
directed_cut,email-Eu-core,0,440,128,128,7678,8563,1940,18181
directed_cut,email-Eu-core,0,440,129,129,7694,8601,1868,18163
directed_cut,email-Eu-core,0,440,130,130,7710,8631,1820,18161
directed_cut,email-Eu-core,0,440,131,131,7726,8653,1798,18177
directed_cut,email-Eu-core,0,440,132,132,7742,8691,1765,18198
directed_cut,email-Eu-core,0,440,133,133,7758,8696,1754,18208
directed_cut,email-Eu-core,0,440,134,134,7773,8720,1723,18216
directed_cut,email-Eu-core,0,440,135,135,7788,8771,1676,18235
directed_cut,email-Eu-core,0,440,136,136,7803,8810,1644,18257
directed_cut,email-Eu-core,0,440,137,137,7818,8820,1631,18269
directed_cut,email-Eu-core,0,440,138,138,7832,8833,1606,18271
directed_cut,email-Eu-core,0,440,139,139,7846,8893,1558,18297
directed_cut,email-Eu-core,0,440,140,140,7860,8919,1509,18288
directed_cut,email-Eu-core,0,440,141,141,7874,8925,1488,18287
directed_cut,email-Eu-core,0,440,142,142,7887,8943,1474,18304
directed_cut,email-Eu-core,0,440,143,143,7900,8978,1440,18318
directed_cut,email-Eu-core,0,440,144,144,7913,9003,1422,18338
directed_cut,email-Eu-core,0,440,145,145,7926,9031,1399,18356
directed_cut,email-Eu-core,0,440,146,146,7939,9040,1367,18346
directed_cut,email-Eu-core,0,440,147,147,7951,9077,1340,18368
directed_cut,email-Eu-core,0,440,148,148,7963,9110,1294,18367
directed_cut,email-Eu-core,0,440,149,149,7975,9129,1262,18366
directed_cut,email-Eu-core,0,440,150,150,7987,9147,1242,18376
directed_cut,email-Eu-core,0,440,151,151,7999,9153,1219,18371
directed_cut,email-Eu-core,0,440,152,152,8011,9172,1192,18375
directed_cut,email-Eu-core,0,440,153,153,8022,9194,1168,18384
directed_cut,email-Eu-core,0,440,154,154,8033,9246,1152,18431
directed_cut,email-Eu-core,0,440,155,155,8044,9292,1133,18469
directed_cut,email-Eu-core,0,440,156,156,8054,9323,1096,18473
directed_cut,email-Eu-core,0,440,157,157,8064,9338,1079,18481
directed_cut,email-Eu-core,0,440,158,158,8074,9380,1034,18488
directed_cut,email-Eu-core,0,440,159,159,8084,9417,1019,18520
directed_cut,email-Eu-core,0,440,160,160,8094,9444,969,18507
directed_cut,email-Eu-core,0,440,161,161,8104,9450,967,18521
directed_cut,email-Eu-core,0,440,162,162,8114,9453,953,18520
directed_cut,email-Eu-core,0,440,163,163,8124,9461,937,18522
directed_cut,email-Eu-core,0,440,164,164,8134,9470,908,18512
directed_cut,email-Eu-core,0,440,165,165,8143,9511,889,18543
directed_cut,email-Eu-core,0,440,166,166,8152,9531,869,18552
directed_cut,email-Eu-core,0,440,167,167,8161,9568,849,18578
directed_cut,email-Eu-core,0,440,168,168,8170,9583,827,18580
directed_cut,email-Eu-core,0,440,169,169,8179,9602,801,18582
directed_cut,email-Eu-core,0,440,170,170,8188,9630,801,18619
directed_cut,email-Eu-core,0,440,171,171,8197,9653,781,18631
directed_cut,email-Eu-core,0,440,172,172,8206,9661,770,18637
directed_cut,email-Eu-core,0,440,173,173,8214,9689,744,18647
directed_cut,email-Eu-core,0,440,174,174,8222,9708,735,18665
directed_cut,email-Eu-core,0,440,175,175,8230,9726,706,18662
directed_cut,email-Eu-core,0,440,176,176,8238,9757,706,18701
directed_cut,email-Eu-core,0,440,177,177,8246,9765,693,18704
directed_cut,email-Eu-core,0,440,178,178,8254,9797,652,18703
directed_cut,email-Eu-core,0,440,179,179,8262,9800,646,18708
directed_cut,email-Eu-core,0,440,180,180,8270,9815,628,18713
directed_cut,email-Eu-core,0,440,181,181,8278,9824,619,18721
directed_cut,email-Eu-core,0,440,182,182,8285,9837,596,18718
directed_cut,email-Eu-core,0,440,183,183,8292,9856,586,18734
directed_cut,email-Eu-core,0,440,184,184,8299,9874,577,18750
directed_cut,email-Eu-core,0,440,185,185,8306,9890,563,18759
directed_cut,email-Eu-core,0,440,186,186,8313,9912,546,18771
directed_cut,email-Eu-core,0,440,187,187,8320,9922,532,18774
directed_cut,email-Eu-core,0,440,188,188,8327,9938,531,18796
directed_cut,email-Eu-core,0,440,189,189,8333,9999,501,18833
directed_cut,email-Eu-core,0,440,190,190,8339,10060,474,18873
directed_cut,email-Eu-core,0,440,191,191,8345,10160,435,18940
directed_cut,email-Eu-core,0,440,192,192,8351,10171,428,18950
directed_cut,email-Eu-core,0,440,193,193,8357,10191,421,18969
directed_cut,email-Eu-core,0,440,194,194,8363,10193,412,18968
directed_cut,email-Eu-core,0,440,195,195,8369,10196,395,18960
directed_cut,email-Eu-core,0,440,196,196,8375,10203,394,18972
directed_cut,email-Eu-core,0,440,197,197,8381,10205,383,18969
directed_cut,email-Eu-core,0,440,198,198,8386,10236,372,18994
directed_cut,email-Eu-core,0,440,199,199,8391,10254,357,19002
directed_cut,email-Eu-core,0,440,200,200,8396,10268,351,19015
directed_cut,email-Eu-core,0,440,201,201,8401,10279,342,19022
directed_cut,email-Eu-core,0,440,202,202,8406,10287,333,19026
directed_cut,email-Eu-core,0,440,203,203,8411,10302,323,19036
directed_cut,email-Eu-core,0,440,204,204,8416,10306,324,19046
directed_cut,email-Eu-core,0,440,205,205,8421,10314,314,19049
directed_cut,email-Eu-core,0,440,206,206,8426,10315,306,19047
directed_cut,email-Eu-core,0,440,207,207,8431,10326,298,19055
directed_cut,email-Eu-core,0,440,208,208,8436,10340,287,19063
directed_cut,email-Eu-core,0,440,209,209,8440,10378,279,19097
directed_cut,email-Eu-core,0,440,210,210,8444,10391,273,19108
directed_cut,email-Eu-core,0,440,211,211,8448,10417,256,19121
directed_cut,email-Eu-core,0,440,212,212,8452,10437,252,19141
directed_cut,email-Eu-core,0,440,213,213,8456,10461,246,19163
directed_cut,email-Eu-core,0,440,214,214,8460,10507,241,19208
directed_cut,email-Eu-core,0,440,215,215,8464,10529,231,19224
directed_cut,email-Eu-core,0,440,216,216,8468,10538,221,19227
directed_cut,email-Eu-core,0,440,217,217,8472,10544,215,19231
directed_cut,email-Eu-core,0,440,218,218,8476,10570,211,19257
directed_cut,email-Eu-core,0,440,219,219,8480,10585,205,19270
directed_cut,email-Eu-core,0,440,220,220,8484,10598,201,19283
directed_cut,email-Eu-core,0,440,221,221,8488,10613,194,19295
directed_cut,email-Eu-core,0,440,222,222,8492,10626,189,19307
directed_cut,email-Eu-core,0,440,223,223,8496,10631,185,19312
directed_cut,email-Eu-core,0,440,224,224,8499,10694,167,19360
directed_cut,email-Eu-core,0,440,225,225,8502,10711,159,19372
directed_cut,email-Eu-core,0,440,226,226,8505,10735,156,19396
directed_cut,email-Eu-core,0,440,227,227,8508,10754,149,19411
directed_cut,email-Eu-core,0,440,228,228,8511,10782,142,19435
directed_cut,email-Eu-core,0,440,229,229,8514,10821,128,19463
directed_cut,email-Eu-core,0,440,230,230,8517,10843,125,19485
directed_cut,email-Eu-core,0,440,231,231,8520,10851,121,19492
directed_cut,email-Eu-core,0,440,232,232,8523,10871,117,19511
directed_cut,email-Eu-core,0,440,233,233,8526,10873,114,19513
directed_cut,email-Eu-core,0,440,234,234,8529,10874,108,19511
directed_cut,email-Eu-core,0,440,235,235,8532,10874,104,19510
directed_cut,email-Eu-core,0,440,236,236,8535,10879,101,19515
directed_cut,email-Eu-core,0,440,237,237,8538,10885,99,19522
directed_cut,email-Eu-core,0,440,238,238,8541,10888,96,19525
directed_cut,email-Eu-core,0,440,239,239,8544,10890,93,19527
directed_cut,email-Eu-core,0,440,240,240,8547,10908,90,19545
directed_cut,email-Eu-core,0,440,241,241,8550,10908,87,19545
directed_cut,email-Eu-core,0,440,242,242,8552,10922,84,19558
directed_cut,email-Eu-core,0,440,243,243,8554,10958,80,19592
directed_cut,email-Eu-core,0,440,244,244,8556,10971,78,19605
directed_cut,email-Eu-core,0,440,245,245,8558,10993,76,19627
directed_cut,email-Eu-core,0,440,246,246,8560,11019,74,19653
directed_cut,email-Eu-core,0,440,247,247,8562,11030,72,19664
directed_cut,email-Eu-core,0,440,248,248,8564,11036,71,19671
directed_cut,email-Eu-core,0,440,249,249,8566,11067,69,19702
directed_cut,email-Eu-core,0,440,250,250,8568,11075,66,19709
directed_cut,email-Eu-core,0,440,251,251,8570,11083,65,19718
directed_cut,email-Eu-core,0,440,252,252,8572,11086,63,19721
directed_cut,email-Eu-core,0,440,253,253,8574,11093,61,19728
directed_cut,email-Eu-core,0,440,254,254,8576,11107,59,19742
directed_cut,email-Eu-core,0,440,255,255,8578,11108,57,19743
directed_cut,email-Eu-core,0,440,256,256,8580,11109,55,19744
directed_cut,email-Eu-core,0,440,257,257,8582,11126,53,19761
directed_cut,email-Eu-core,0,440,258,258,8584,11136,51,19771
directed_cut,email-Eu-core,0,440,259,259,8586,11148,47,19781
directed_cut,email-Eu-core,0,440,260,260,8588,11165,45,19798
directed_cut,email-Eu-core,0,440,261,261,8590,11171,43,19804
directed_cut,email-Eu-core,0,440,262,262,8592,11176,41,19809
directed_cut,email-Eu-core,0,440,263,263,8593,11198,40,19831
directed_cut,email-Eu-core,0,440,264,264,8594,11232,39,19865
directed_cut,email-Eu-core,0,440,265,265,8595,11253,38,19886
directed_cut,email-Eu-core,0,440,266,266,8596,11254,37,19887
directed_cut,email-Eu-core,0,440,267,267,8597,11261,36,19894
directed_cut,email-Eu-core,0,440,268,268,8598,11278,35,19911
directed_cut,email-Eu-core,0,440,269,269,8599,11278,34,19911
directed_cut,email-Eu-core,0,440,270,270,8600,11280,33,19913
directed_cut,email-Eu-core,0,440,271,271,8601,11291,32,19924
directed_cut,email-Eu-core,0,440,272,272,8602,11298,30,19930
directed_cut,email-Eu-core,0,440,273,273,8603,11300,29,19932
directed_cut,email-Eu-core,0,440,274,274,8604,11311,28,19943
directed_cut,email-Eu-core,0,440,275,275,8605,11312,27,19944
directed_cut,email-Eu-core,0,440,276,276,8606,11320,26,19952
directed_cut,email-Eu-core,0,440,277,277,8607,11323,25,19955
directed_cut,email-Eu-core,0,440,278,278,8608,11327,24,19959
directed_cut,email-Eu-core,0,440,279,279,8609,11327,23,19959
directed_cut,email-Eu-core,0,440,280,280,8610,11331,22,19963
directed_cut,email-Eu-core,0,440,281,281,8611,11331,21,19963
directed_cut,email-Eu-core,0,440,282,282,8612,11331,20,19963
directed_cut,email-Eu-core,0,440,283,283,8613,11335,19,19967
directed_cut,email-Eu-core,0,440,284,284,8614,11339,18,19971
directed_cut,email-Eu-core,0,440,285,285,8615,11340,17,19972
directed_cut,email-Eu-core,0,440,286,286,8616,11340,16,19972
directed_cut,email-Eu-core,0,440,287,287,8617,11340,15,19972
directed_cut,email-Eu-core,0,440,288,288,8618,11340,14,19972
directed_cut,email-Eu-core,0,440,289,289,8619,11340,13,19972
directed_cut,email-Eu-core,0,440,290,290,8620,11342,12,19974
directed_cut,email-Eu-core,0,440,291,291,8621,11359,11,19991
directed_cut,email-Eu-core,0,440,292,292,8622,11372,10,20004
directed_cut,email-Eu-core,0,440,293,293,8623,11373,9,20005
directed_cut,email-Eu-core,0,440,294,294,8624,11375,8,20007
directed_cut,email-Eu-core,0,440,295,295,8625,11375,7,20007
directed_cut,email-Eu-core,0,440,296,296,8626,11375,6,20007
directed_cut,email-Eu-core,0,440,297,297,8627,11377,5,20009
directed_cut,email-Eu-core,0,440,298,298,8628,11377,4,20009
directed_cut,email-Eu-core,0,440,299,299,8629,11381,3,20013
directed_cut,email-Eu-core,0,440,300,300,8630,11381,2,20013
directed_cut,email-Eu-core,0,440,301,301,8631,11382,1,20014
directed_cut,email-Eu-core,0,440,302,302,8632,11383,0,20015
directed_cut,email-Eu-core,0,460,0,0,0,0,17300,17300
directed_cut,email-Eu-core,0,460,1,1,333,211,16757,17301
directed_cut,email-Eu-core,0,460,2,2,557,331,16400,17288
directed_cut,email-Eu-core,0,460,3,3,775,487,16045,17307
directed_cut,email-Eu-core,0,460,4,4,974,655,15685,17314
directed_cut,email-Eu-core,0,460,5,5,1169,808,15318,17295
directed_cut,email-Eu-core,0,460,6,6,1352,986,14971,17309
directed_cut,email-Eu-core,0,460,7,7,1522,1046,14716,17284
directed_cut,email-Eu-core,0,460,8,8,1675,1169,14507,17351
directed_cut,email-Eu-core,0,460,9,9,1826,1319,14198,17343
directed_cut,email-Eu-core,0,460,10,10,1971,1430,13945,17346
directed_cut,email-Eu-core,0,460,11,11,2112,1572,13629,17313
directed_cut,email-Eu-core,0,460,12,12,2238,1689,13410,17337
directed_cut,email-Eu-core,0,460,13,13,2359,1776,13204,17339
directed_cut,email-Eu-core,0,460,14,14,2474,1823,13067,17364
directed_cut,email-Eu-core,0,460,15,15,2587,1961,12823,17371
directed_cut,email-Eu-core,0,460,16,16,2699,2046,12651,17396
directed_cut,email-Eu-core,0,460,17,17,2804,2172,12438,17414
directed_cut,email-Eu-core,0,460,18,18,2906,2264,12266,17436
directed_cut,email-Eu-core,0,460,19,19,3007,2357,12078,17442
directed_cut,email-Eu-core,0,460,20,20,3105,2465,11878,17448
directed_cut,email-Eu-core,0,460,21,21,3201,2600,11653,17454
directed_cut,email-Eu-core,0,460,22,22,3296,2698,11481,17475
directed_cut,email-Eu-core,0,460,23,23,3390,2806,11267,17463
directed_cut,email-Eu-core,0,460,24,24,3482,2815,11165,17462
directed_cut,email-Eu-core,0,460,25,25,3572,2925,11003,17500
directed_cut,email-Eu-core,0,460,26,26,3661,3014,10822,17497
directed_cut,email-Eu-core,0,460,27,27,3747,3128,10624,17499
directed_cut,email-Eu-core,0,460,28,28,3829,3224,10458,17511
directed_cut,email-Eu-core,0,460,29,29,3911,3330,10302,17543
directed_cut,email-Eu-core,0,460,30,30,3992,3433,10100,17525
directed_cut,email-Eu-core,0,460,31,31,4072,3512,9958,17542
directed_cut,email-Eu-core,0,460,32,32,4151,3541,9850,17542
directed_cut,email-Eu-core,0,460,33,33,4228,3602,9709,17539
directed_cut,email-Eu-core,0,460,34,34,4303,3662,9584,17549
directed_cut,email-Eu-core,0,460,35,35,4378,3771,9392,17541
directed_cut,email-Eu-core,0,460,36,36,4451,3852,9251,17554
directed_cut,email-Eu-core,0,460,37,37,4524,3947,9114,17585
directed_cut,email-Eu-core,0,460,38,38,4594,4032,8963,17589
directed_cut,email-Eu-core,0,460,39,39,4664,4147,8768,17579
directed_cut,email-Eu-core,0,460,40,40,4733,4229,8616,17578
directed_cut,email-Eu-core,0,460,41,41,4801,4270,8510,17581
directed_cut,email-Eu-core,0,460,42,42,4867,4309,8419,17595
directed_cut,email-Eu-core,0,460,43,43,4931,4382,8298,17611
directed_cut,email-Eu-core,0,460,44,44,4993,4458,8171,17622
directed_cut,email-Eu-core,0,460,45,45,5053,4511,8070,17634
directed_cut,email-Eu-core,0,460,46,46,5113,4602,7917,17632
directed_cut,email-Eu-core,0,460,47,47,5173,4673,7782,17628
directed_cut,email-Eu-core,0,460,48,48,5231,4775,7623,17629
directed_cut,email-Eu-core,0,460,49,49,5289,4829,7523,17641
directed_cut,email-Eu-core,0,460,50,50,5346,4883,7401,17630
directed_cut,email-Eu-core,0,460,51,51,5402,4911,7309,17622
directed_cut,email-Eu-core,0,460,52,52,5457,4959,7236,17652
directed_cut,email-Eu-core,0,460,53,53,5511,5011,7097,17619
directed_cut,email-Eu-core,0,460,54,54,5564,5072,7009,17645
directed_cut,email-Eu-core,0,460,55,55,5616,5115,6932,17663
directed_cut,email-Eu-core,0,460,56,56,5667,5189,6812,17668
directed_cut,email-Eu-core,0,460,57,57,5716,5237,6707,17660
directed_cut,email-Eu-core,0,460,58,58,5764,5356,6544,17664
directed_cut,email-Eu-core,0,460,59,59,5812,5431,6419,17662
directed_cut,email-Eu-core,0,460,60,60,5857,5506,6311,17674
directed_cut,email-Eu-core,0,460,61,61,5901,5582,6178,17661
directed_cut,email-Eu-core,0,460,62,62,5945,5632,6081,17658
directed_cut,email-Eu-core,0,460,63,63,5989,5685,6000,17674
directed_cut,email-Eu-core,0,460,64,64,6032,5780,5881,17693
directed_cut,email-Eu-core,0,460,65,65,6073,5827,5778,17678
directed_cut,email-Eu-core,0,460,66,66,6113,5927,5663,17703
directed_cut,email-Eu-core,0,460,67,67,6152,5966,5599,17717
directed_cut,email-Eu-core,0,460,68,68,6190,6020,5496,17706
directed_cut,email-Eu-core,0,460,69,69,6228,6092,5419,17739
directed_cut,email-Eu-core,0,460,70,70,6266,6164,5333,17763
directed_cut,email-Eu-core,0,460,71,71,6302,6237,5214,17753
directed_cut,email-Eu-core,0,460,72,72,6338,6285,5149,17772
directed_cut,email-Eu-core,0,460,73,73,6374,6324,5074,17772
directed_cut,email-Eu-core,0,460,74,74,6409,6352,5016,17777
directed_cut,email-Eu-core,0,460,75,75,6443,6405,4938,17786
directed_cut,email-Eu-core,0,460,76,76,6477,6472,4834,17783
directed_cut,email-Eu-core,0,460,77,77,6510,6534,4765,17809
directed_cut,email-Eu-core,0,460,78,78,6542,6561,4713,17816
directed_cut,email-Eu-core,0,460,79,79,6574,6620,4616,17810
directed_cut,email-Eu-core,0,460,80,80,6606,6663,4540,17809
directed_cut,email-Eu-core,0,460,81,81,6637,6703,4471,17811
directed_cut,email-Eu-core,0,460,82,82,6668,6753,4399,17820
directed_cut,email-Eu-core,0,460,83,83,6698,6795,4340,17833
directed_cut,email-Eu-core,0,460,84,84,6728,6828,4262,17818
directed_cut,email-Eu-core,0,460,85,85,6757,6871,4219,17847
directed_cut,email-Eu-core,0,460,86,86,6785,6902,4177,17864
directed_cut,email-Eu-core,0,460,87,87,6813,6941,4127,17881
directed_cut,email-Eu-core,0,460,88,88,6841,7026,4018,17885
directed_cut,email-Eu-core,0,460,89,89,6869,7054,3970,17893
directed_cut,email-Eu-core,0,460,90,90,6896,7080,3910,17886
directed_cut,email-Eu-core,0,460,91,91,6923,7108,3843,17874
directed_cut,email-Eu-core,0,460,92,92,6949,7175,3750,17874
directed_cut,email-Eu-core,0,460,93,93,6975,7177,3710,17862
directed_cut,email-Eu-core,0,460,94,94,7000,7198,3681,17879
directed_cut,email-Eu-core,0,460,95,95,7025,7247,3634,17906
directed_cut,email-Eu-core,0,460,96,96,7050,7285,3548,17883
directed_cut,email-Eu-core,0,460,97,97,7075,7321,3490,17886
directed_cut,email-Eu-core,0,460,98,98,7099,7378,3421,17898
directed_cut,email-Eu-core,0,460,99,99,7123,7392,3396,17911
directed_cut,email-Eu-core,0,460,100,100,7147,7431,3309,17887
directed_cut,email-Eu-core,0,460,101,101,7169,7476,3290,17935
directed_cut,email-Eu-core,0,460,102,102,7191,7511,3232,17934
directed_cut,email-Eu-core,0,460,103,103,7213,7527,3179,17919
directed_cut,email-Eu-core,0,460,104,104,7234,7613,3137,17984
directed_cut,email-Eu-core,0,460,105,105,7255,7623,3092,17970
directed_cut,email-Eu-core,0,460,106,106,7276,7658,3047,17981
directed_cut,email-Eu-core,0,460,107,107,7297,7694,3001,17992
directed_cut,email-Eu-core,0,460,108,108,7317,7754,2920,17991
directed_cut,email-Eu-core,0,460,109,109,7337,7800,2887,18024
directed_cut,email-Eu-core,0,460,110,110,7357,7828,2842,18027
directed_cut,email-Eu-core,0,460,111,111,7377,7833,2821,18031
directed_cut,email-Eu-core,0,460,112,112,7396,7877,2734,18007
directed_cut,email-Eu-core,0,460,113,113,7415,7951,2645,18011
directed_cut,email-Eu-core,0,460,114,114,7434,7973,2630,18037
directed_cut,email-Eu-core,0,460,115,115,7453,8008,2591,18052
directed_cut,email-Eu-core,0,460,116,116,7471,8053,2503,18027
directed_cut,email-Eu-core,0,460,117,117,7489,8180,2429,18098
directed_cut,email-Eu-core,0,460,118,118,7507,8224,2386,18117
directed_cut,email-Eu-core,0,460,119,119,7525,8265,2324,18114
directed_cut,email-Eu-core,0,460,120,120,7543,8283,2294,18120
directed_cut,email-Eu-core,0,460,121,121,7560,8315,2221,18096
directed_cut,email-Eu-core,0,460,122,122,7577,8382,2177,18136
directed_cut,email-Eu-core,0,460,123,123,7594,8441,2118,18153
directed_cut,email-Eu-core,0,460,124,124,7611,8472,2085,18168
directed_cut,email-Eu-core,0,460,125,125,7628,8487,2024,18139
directed_cut,email-Eu-core,0,460,126,126,7645,8521,2015,18181
directed_cut,email-Eu-core,0,460,127,127,7662,8538,1965,18165
directed_cut,email-Eu-core,0,460,128,128,7678,8563,1940,18181
directed_cut,email-Eu-core,0,460,129,129,7694,8601,1868,18163
directed_cut,email-Eu-core,0,460,130,130,7710,8631,1820,18161
directed_cut,email-Eu-core,0,460,131,131,7726,8653,1798,18177
directed_cut,email-Eu-core,0,460,132,132,7742,8691,1765,18198
directed_cut,email-Eu-core,0,460,133,133,7758,8696,1754,18208
directed_cut,email-Eu-core,0,460,134,134,7773,8720,1723,18216
directed_cut,email-Eu-core,0,460,135,135,7788,8771,1676,18235
directed_cut,email-Eu-core,0,460,136,136,7803,8810,1644,18257
directed_cut,email-Eu-core,0,460,137,137,7818,8820,1631,18269
directed_cut,email-Eu-core,0,460,138,138,7832,8833,1606,18271
directed_cut,email-Eu-core,0,460,139,139,7846,8893,1558,18297
directed_cut,email-Eu-core,0,460,140,140,7860,8919,1509,18288
directed_cut,email-Eu-core,0,460,141,141,7874,8925,1488,18287
directed_cut,email-Eu-core,0,460,142,142,7887,8943,1474,18304
directed_cut,email-Eu-core,0,460,143,143,7900,8978,1440,18318
directed_cut,email-Eu-core,0,460,144,144,7913,9003,1422,18338
directed_cut,email-Eu-core,0,460,145,145,7926,9031,1399,18356
directed_cut,email-Eu-core,0,460,146,146,7939,9040,1367,18346
directed_cut,email-Eu-core,0,460,147,147,7951,9077,1340,18368
directed_cut,email-Eu-core,0,460,148,148,7963,9110,1294,18367
directed_cut,email-Eu-core,0,460,149,149,7975,9129,1262,18366
directed_cut,email-Eu-core,0,460,150,150,7987,9147,1242,18376
directed_cut,email-Eu-core,0,460,151,151,7999,9153,1219,18371
directed_cut,email-Eu-core,0,460,152,152,8011,9172,1192,18375
directed_cut,email-Eu-core,0,460,153,153,8022,9194,1168,18384
directed_cut,email-Eu-core,0,460,154,154,8033,9246,1152,18431
directed_cut,email-Eu-core,0,460,155,155,8044,9292,1133,18469
directed_cut,email-Eu-core,0,460,156,156,8054,9323,1096,18473
directed_cut,email-Eu-core,0,460,157,157,8064,9338,1079,18481
directed_cut,email-Eu-core,0,460,158,158,8074,9380,1034,18488
directed_cut,email-Eu-core,0,460,159,159,8084,9417,1019,18520
directed_cut,email-Eu-core,0,460,160,160,8094,9444,969,18507
directed_cut,email-Eu-core,0,460,161,161,8104,9450,967,18521
directed_cut,email-Eu-core,0,460,162,162,8114,9453,953,18520
directed_cut,email-Eu-core,0,460,163,163,8124,9461,937,18522
directed_cut,email-Eu-core,0,460,164,164,8134,9470,908,18512
directed_cut,email-Eu-core,0,460,165,165,8143,9511,889,18543
directed_cut,email-Eu-core,0,460,166,166,8152,9531,869,18552
directed_cut,email-Eu-core,0,460,167,167,8161,9568,849,18578
directed_cut,email-Eu-core,0,460,168,168,8170,9583,827,18580
directed_cut,email-Eu-core,0,460,169,169,8179,9602,801,18582
directed_cut,email-Eu-core,0,460,170,170,8188,9630,801,18619
directed_cut,email-Eu-core,0,460,171,171,8197,9653,781,18631
directed_cut,email-Eu-core,0,460,172,172,8206,9661,770,18637
directed_cut,email-Eu-core,0,460,173,173,8214,9689,744,18647
directed_cut,email-Eu-core,0,460,174,174,8222,9708,735,18665
directed_cut,email-Eu-core,0,460,175,175,8230,9726,706,18662
directed_cut,email-Eu-core,0,460,176,176,8238,9757,706,18701
directed_cut,email-Eu-core,0,460,177,177,8246,9765,693,18704
directed_cut,email-Eu-core,0,460,178,178,8254,9797,652,18703
directed_cut,email-Eu-core,0,460,179,179,8262,9800,646,18708
directed_cut,email-Eu-core,0,460,180,180,8270,9815,628,18713
directed_cut,email-Eu-core,0,460,181,181,8278,9824,619,18721
directed_cut,email-Eu-core,0,460,182,182,8285,9837,596,18718
directed_cut,email-Eu-core,0,460,183,183,8292,9856,586,18734
directed_cut,email-Eu-core,0,460,184,184,8299,9874,577,18750
directed_cut,email-Eu-core,0,460,185,185,8306,9890,563,18759
directed_cut,email-Eu-core,0,460,186,186,8313,9912,546,18771
directed_cut,email-Eu-core,0,460,187,187,8320,9922,532,18774
directed_cut,email-Eu-core,0,460,188,188,8327,9938,531,18796
directed_cut,email-Eu-core,0,460,189,189,8333,9999,501,18833
directed_cut,email-Eu-core,0,460,190,190,8339,10060,474,18873
directed_cut,email-Eu-core,0,460,191,191,8345,10160,435,18940
directed_cut,email-Eu-core,0,460,192,192,8351,10171,428,18950
directed_cut,email-Eu-core,0,460,193,193,8357,10191,421,18969
directed_cut,email-Eu-core,0,460,194,194,8363,10193,412,18968
directed_cut,email-Eu-core,0,460,195,195,8369,10196,395,18960
directed_cut,email-Eu-core,0,460,196,196,8375,10203,394,18972
directed_cut,email-Eu-core,0,460,197,197,8381,10205,383,18969
directed_cut,email-Eu-core,0,460,198,198,8386,10236,372,18994
directed_cut,email-Eu-core,0,460,199,199,8391,10254,357,19002
directed_cut,email-Eu-core,0,460,200,200,8396,10268,351,19015
directed_cut,email-Eu-core,0,460,201,201,8401,10279,342,19022
directed_cut,email-Eu-core,0,460,202,202,8406,10287,333,19026
directed_cut,email-Eu-core,0,460,203,203,8411,10302,323,19036
directed_cut,email-Eu-core,0,460,204,204,8416,10306,324,19046
directed_cut,email-Eu-core,0,460,205,205,8421,10314,314,19049
directed_cut,email-Eu-core,0,460,206,206,8426,10315,306,19047
directed_cut,email-Eu-core,0,460,207,207,8431,10326,298,19055
directed_cut,email-Eu-core,0,460,208,208,8436,10340,287,19063
directed_cut,email-Eu-core,0,460,209,209,8440,10378,279,19097
directed_cut,email-Eu-core,0,460,210,210,8444,10391,273,19108
directed_cut,email-Eu-core,0,460,211,211,8448,10417,256,19121
directed_cut,email-Eu-core,0,460,212,212,8452,10437,252,19141
directed_cut,email-Eu-core,0,460,213,213,8456,10461,246,19163
directed_cut,email-Eu-core,0,460,214,214,8460,10507,241,19208
directed_cut,email-Eu-core,0,460,215,215,8464,10529,231,19224
directed_cut,email-Eu-core,0,460,216,216,8468,10538,221,19227
directed_cut,email-Eu-core,0,460,217,217,8472,10544,215,19231
directed_cut,email-Eu-core,0,460,218,218,8476,10570,211,19257
directed_cut,email-Eu-core,0,460,219,219,8480,10585,205,19270
directed_cut,email-Eu-core,0,460,220,220,8484,10598,201,19283
directed_cut,email-Eu-core,0,460,221,221,8488,10613,194,19295
directed_cut,email-Eu-core,0,460,222,222,8492,10626,189,19307
directed_cut,email-Eu-core,0,460,223,223,8496,10631,185,19312
directed_cut,email-Eu-core,0,460,224,224,8499,10694,167,19360
directed_cut,email-Eu-core,0,460,225,225,8502,10711,159,19372
directed_cut,email-Eu-core,0,460,226,226,8505,10735,156,19396
directed_cut,email-Eu-core,0,460,227,227,8508,10754,149,19411
directed_cut,email-Eu-core,0,460,228,228,8511,10782,142,19435
directed_cut,email-Eu-core,0,460,229,229,8514,10821,128,19463
directed_cut,email-Eu-core,0,460,230,230,8517,10843,125,19485
directed_cut,email-Eu-core,0,460,231,231,8520,10851,121,19492
directed_cut,email-Eu-core,0,460,232,232,8523,10871,117,19511
directed_cut,email-Eu-core,0,460,233,233,8526,10873,114,19513
directed_cut,email-Eu-core,0,460,234,234,8529,10874,108,19511
directed_cut,email-Eu-core,0,460,235,235,8532,10874,104,19510
directed_cut,email-Eu-core,0,460,236,236,8535,10879,101,19515
directed_cut,email-Eu-core,0,460,237,237,8538,10885,99,19522
directed_cut,email-Eu-core,0,460,238,238,8541,10888,96,19525
directed_cut,email-Eu-core,0,460,239,239,8544,10890,93,19527
directed_cut,email-Eu-core,0,460,240,240,8547,10908,90,19545
directed_cut,email-Eu-core,0,460,241,241,8550,10908,87,19545
directed_cut,email-Eu-core,0,460,242,242,8552,10922,84,19558
directed_cut,email-Eu-core,0,460,243,243,8554,10958,80,19592
directed_cut,email-Eu-core,0,460,244,244,8556,10971,78,19605
directed_cut,email-Eu-core,0,460,245,245,8558,10993,76,19627
directed_cut,email-Eu-core,0,460,246,246,8560,11019,74,19653
directed_cut,email-Eu-core,0,460,247,247,8562,11030,72,19664
directed_cut,email-Eu-core,0,460,248,248,8564,11036,71,19671
directed_cut,email-Eu-core,0,460,249,249,8566,11067,69,19702
directed_cut,email-Eu-core,0,460,250,250,8568,11075,66,19709
directed_cut,email-Eu-core,0,460,251,251,8570,11083,65,19718
directed_cut,email-Eu-core,0,460,252,252,8572,11086,63,19721
directed_cut,email-Eu-core,0,460,253,253,8574,11093,61,19728
directed_cut,email-Eu-core,0,460,254,254,8576,11107,59,19742
directed_cut,email-Eu-core,0,460,255,255,8578,11108,57,19743
directed_cut,email-Eu-core,0,460,256,256,8580,11109,55,19744
directed_cut,email-Eu-core,0,460,257,257,8582,11126,53,19761
directed_cut,email-Eu-core,0,460,258,258,8584,11136,51,19771
directed_cut,email-Eu-core,0,460,259,259,8586,11148,47,19781
directed_cut,email-Eu-core,0,460,260,260,8588,11165,45,19798
directed_cut,email-Eu-core,0,460,261,261,8590,11171,43,19804
directed_cut,email-Eu-core,0,460,262,262,8592,11176,41,19809
directed_cut,email-Eu-core,0,460,263,263,8593,11198,40,19831
directed_cut,email-Eu-core,0,460,264,264,8594,11232,39,19865
directed_cut,email-Eu-core,0,460,265,265,8595,11253,38,19886
directed_cut,email-Eu-core,0,460,266,266,8596,11254,37,19887
directed_cut,email-Eu-core,0,460,267,267,8597,11261,36,19894
directed_cut,email-Eu-core,0,460,268,268,8598,11278,35,19911
directed_cut,email-Eu-core,0,460,269,269,8599,11278,34,19911
directed_cut,email-Eu-core,0,460,270,270,8600,11280,33,19913
directed_cut,email-Eu-core,0,460,271,271,8601,11291,32,19924
directed_cut,email-Eu-core,0,460,272,272,8602,11298,30,19930
directed_cut,email-Eu-core,0,460,273,273,8603,11300,29,19932
directed_cut,email-Eu-core,0,460,274,274,8604,11311,28,19943
directed_cut,email-Eu-core,0,460,275,275,8605,11312,27,19944
directed_cut,email-Eu-core,0,460,276,276,8606,11320,26,19952
directed_cut,email-Eu-core,0,460,277,277,8607,11323,25,19955
directed_cut,email-Eu-core,0,460,278,278,8608,11327,24,19959
directed_cut,email-Eu-core,0,460,279,279,8609,11327,23,19959
directed_cut,email-Eu-core,0,460,280,280,8610,11331,22,19963
directed_cut,email-Eu-core,0,460,281,281,8611,11331,21,19963
directed_cut,email-Eu-core,0,460,282,282,8612,11331,20,19963
directed_cut,email-Eu-core,0,460,283,283,8613,11335,19,19967
directed_cut,email-Eu-core,0,460,284,284,8614,11339,18,19971
directed_cut,email-Eu-core,0,460,285,285,8615,11340,17,19972
directed_cut,email-Eu-core,0,460,286,286,8616,11340,16,19972
directed_cut,email-Eu-core,0,460,287,287,8617,11340,15,19972
directed_cut,email-Eu-core,0,460,288,288,8618,11340,14,19972
directed_cut,email-Eu-core,0,460,289,289,8619,11340,13,19972
directed_cut,email-Eu-core,0,460,290,290,8620,11342,12,19974
directed_cut,email-Eu-core,0,460,291,291,8621,11359,11,19991
directed_cut,email-Eu-core,0,460,292,292,8622,11372,10,20004
directed_cut,email-Eu-core,0,460,293,293,8623,11373,9,20005
directed_cut,email-Eu-core,0,460,294,294,8624,11375,8,20007
directed_cut,email-Eu-core,0,460,295,295,8625,11375,7,20007
directed_cut,email-Eu-core,0,460,296,296,8626,11375,6,20007
directed_cut,email-Eu-core,0,460,297,297,8627,11377,5,20009
directed_cut,email-Eu-core,0,460,298,298,8628,11377,4,20009
directed_cut,email-Eu-core,0,460,299,299,8629,11381,3,20013
directed_cut,email-Eu-core,0,460,300,300,8630,11381,2,20013
directed_cut,email-Eu-core,0,460,301,301,8631,11382,1,20014
directed_cut,email-Eu-core,0,460,302,302,8632,11383,0,20015
directed_cut,email-Eu-core,0,480,0,0,0,0,17513,17513
directed_cut,email-Eu-core,0,480,1,1,333,211,16968,17512
directed_cut,email-Eu-core,0,480,2,2,557,331,16609,17497
directed_cut,email-Eu-core,0,480,3,3,775,487,16252,17514
directed_cut,email-Eu-core,0,480,4,4,974,655,15885,17514
directed_cut,email-Eu-core,0,480,5,5,1169,808,15512,17489
directed_cut,email-Eu-core,0,480,6,6,1352,986,15158,17496
directed_cut,email-Eu-core,0,480,7,7,1522,1046,14902,17470
directed_cut,email-Eu-core,0,480,8,8,1675,1169,14688,17532
directed_cut,email-Eu-core,0,480,9,9,1826,1319,14378,17523
directed_cut,email-Eu-core,0,480,10,10,1971,1430,14125,17526
directed_cut,email-Eu-core,0,480,11,11,2112,1572,13806,17490
directed_cut,email-Eu-core,0,480,12,12,2238,1689,13585,17512
directed_cut,email-Eu-core,0,480,13,13,2359,1776,13376,17511
directed_cut,email-Eu-core,0,480,14,14,2474,1823,13235,17532
directed_cut,email-Eu-core,0,480,15,15,2587,1961,12987,17535
directed_cut,email-Eu-core,0,480,16,16,2699,2046,12816,17561
directed_cut,email-Eu-core,0,480,17,17,2804,2172,12597,17573
directed_cut,email-Eu-core,0,480,18,18,2906,2264,12421,17591
directed_cut,email-Eu-core,0,480,19,19,3007,2357,12223,17587
directed_cut,email-Eu-core,0,480,20,20,3105,2465,12020,17590
directed_cut,email-Eu-core,0,480,21,21,3201,2600,11793,17594
directed_cut,email-Eu-core,0,480,22,22,3296,2698,11617,17611
directed_cut,email-Eu-core,0,480,23,23,3390,2806,11398,17594
directed_cut,email-Eu-core,0,480,24,24,3482,2815,11295,17592
directed_cut,email-Eu-core,0,480,25,25,3572,2925,11131,17628
directed_cut,email-Eu-core,0,480,26,26,3661,3014,10944,17619
directed_cut,email-Eu-core,0,480,27,27,3747,3128,10743,17618
directed_cut,email-Eu-core,0,480,28,28,3829,3224,10574,17627
directed_cut,email-Eu-core,0,480,29,29,3911,3330,10416,17657
directed_cut,email-Eu-core,0,480,30,30,3992,3433,10211,17636
directed_cut,email-Eu-core,0,480,31,31,4072,3512,10065,17649
directed_cut,email-Eu-core,0,480,32,32,4151,3541,9958,17650
directed_cut,email-Eu-core,0,480,33,33,4228,3602,9815,17645
directed_cut,email-Eu-core,0,480,34,34,4303,3662,9686,17651
directed_cut,email-Eu-core,0,480,35,35,4378,3771,9489,17638
directed_cut,email-Eu-core,0,480,36,36,4451,3852,9347,17650
directed_cut,email-Eu-core,0,480,37,37,4524,3947,9208,17679
directed_cut,email-Eu-core,0,480,38,38,4594,4032,9053,17679
directed_cut,email-Eu-core,0,480,39,39,4664,4147,8854,17665
directed_cut,email-Eu-core,0,480,40,40,4733,4229,8700,17662
directed_cut,email-Eu-core,0,480,41,41,4801,4270,8592,17663
directed_cut,email-Eu-core,0,480,42,42,4867,4309,8502,17678
directed_cut,email-Eu-core,0,480,43,43,4931,4382,8378,17691
directed_cut,email-Eu-core,0,480,44,44,4993,4458,8251,17702
directed_cut,email-Eu-core,0,480,45,45,5053,4511,8150,17714
directed_cut,email-Eu-core,0,480,46,46,5113,4602,7997,17712
directed_cut,email-Eu-core,0,480,47,47,5173,4673,7858,17704
directed_cut,email-Eu-core,0,480,48,48,5231,4775,7695,17701
directed_cut,email-Eu-core,0,480,49,49,5289,4829,7592,17710
directed_cut,email-Eu-core,0,480,50,50,5346,4883,7468,17697
directed_cut,email-Eu-core,0,480,51,51,5402,4911,7372,17685
directed_cut,email-Eu-core,0,480,52,52,5457,4959,7299,17715
directed_cut,email-Eu-core,0,480,53,53,5511,5011,7157,17679
directed_cut,email-Eu-core,0,480,54,54,5564,5072,7069,17705
directed_cut,email-Eu-core,0,480,55,55,5616,5115,6992,17723
directed_cut,email-Eu-core,0,480,56,56,5667,5189,6872,17728
directed_cut,email-Eu-core,0,480,57,57,5716,5237,6767,17720
directed_cut,email-Eu-core,0,480,58,58,5764,5356,6604,17724
directed_cut,email-Eu-core,0,480,59,59,5812,5431,6478,17721
directed_cut,email-Eu-core,0,480,60,60,5857,5506,6365,17728
directed_cut,email-Eu-core,0,480,61,61,5901,5582,6229,17712
directed_cut,email-Eu-core,0,480,62,62,5945,5632,6131,17708
directed_cut,email-Eu-core,0,480,63,63,5989,5685,6047,17721
directed_cut,email-Eu-core,0,480,64,64,6032,5780,5925,17737
directed_cut,email-Eu-core,0,480,65,65,6073,5827,5818,17718
directed_cut,email-Eu-core,0,480,66,66,6113,5927,5703,17743
directed_cut,email-Eu-core,0,480,67,67,6152,5966,5639,17757
directed_cut,email-Eu-core,0,480,68,68,6190,6020,5536,17746
directed_cut,email-Eu-core,0,480,69,69,6228,6092,5459,17779
directed_cut,email-Eu-core,0,480,70,70,6266,6164,5373,17803
directed_cut,email-Eu-core,0,480,71,71,6302,6237,5250,17789
directed_cut,email-Eu-core,0,480,72,72,6338,6285,5184,17807
directed_cut,email-Eu-core,0,480,73,73,6374,6324,5107,17805
directed_cut,email-Eu-core,0,480,74,74,6409,6352,5047,17808
directed_cut,email-Eu-core,0,480,75,75,6443,6405,4968,17816
directed_cut,email-Eu-core,0,480,76,76,6477,6472,4859,17808
directed_cut,email-Eu-core,0,480,77,77,6510,6534,4790,17834
directed_cut,email-Eu-core,0,480,78,78,6542,6561,4736,17839
directed_cut,email-Eu-core,0,480,79,79,6574,6620,4636,17830
directed_cut,email-Eu-core,0,480,80,80,6606,6663,4560,17829
directed_cut,email-Eu-core,0,480,81,81,6637,6703,4491,17831
directed_cut,email-Eu-core,0,480,82,82,6668,6753,4419,17840
directed_cut,email-Eu-core,0,480,83,83,6698,6795,4360,17853
directed_cut,email-Eu-core,0,480,84,84,6728,6828,4282,17838
directed_cut,email-Eu-core,0,480,85,85,6757,6871,4239,17867
directed_cut,email-Eu-core,0,480,86,86,6785,6902,4197,17884
directed_cut,email-Eu-core,0,480,87,87,6813,6941,4147,17901
directed_cut,email-Eu-core,0,480,88,88,6841,7026,4038,17905
directed_cut,email-Eu-core,0,480,89,89,6869,7054,3990,17913
directed_cut,email-Eu-core,0,480,90,90,6896,7080,3930,17906
directed_cut,email-Eu-core,0,480,91,91,6923,7108,3863,17894
directed_cut,email-Eu-core,0,480,92,92,6949,7175,3770,17894
directed_cut,email-Eu-core,0,480,93,93,6975,7177,3730,17882
directed_cut,email-Eu-core,0,480,94,94,7000,7198,3701,17899
directed_cut,email-Eu-core,0,480,95,95,7025,7247,3654,17926
directed_cut,email-Eu-core,0,480,96,96,7050,7285,3568,17903
directed_cut,email-Eu-core,0,480,97,97,7075,7321,3510,17906
directed_cut,email-Eu-core,0,480,98,98,7099,7378,3438,17915
directed_cut,email-Eu-core,0,480,99,99,7123,7392,3413,17928
directed_cut,email-Eu-core,0,480,100,100,7147,7431,3321,17899
directed_cut,email-Eu-core,0,480,101,101,7169,7476,3298,17943
directed_cut,email-Eu-core,0,480,102,102,7191,7511,3238,17940
directed_cut,email-Eu-core,0,480,103,103,7213,7527,3181,17921
directed_cut,email-Eu-core,0,480,104,104,7234,7613,3137,17984
directed_cut,email-Eu-core,0,480,105,105,7255,7623,3092,17970
directed_cut,email-Eu-core,0,480,106,106,7276,7658,3047,17981
directed_cut,email-Eu-core,0,480,107,107,7297,7694,3001,17992
directed_cut,email-Eu-core,0,480,108,108,7317,7754,2920,17991
directed_cut,email-Eu-core,0,480,109,109,7337,7800,2887,18024
directed_cut,email-Eu-core,0,480,110,110,7357,7828,2842,18027
directed_cut,email-Eu-core,0,480,111,111,7377,7833,2821,18031
directed_cut,email-Eu-core,0,480,112,112,7396,7877,2734,18007
directed_cut,email-Eu-core,0,480,113,113,7415,7951,2645,18011
directed_cut,email-Eu-core,0,480,114,114,7434,7973,2630,18037
directed_cut,email-Eu-core,0,480,115,115,7453,8008,2591,18052
directed_cut,email-Eu-core,0,480,116,116,7471,8053,2503,18027
directed_cut,email-Eu-core,0,480,117,117,7489,8180,2429,18098
directed_cut,email-Eu-core,0,480,118,118,7507,8224,2386,18117
directed_cut,email-Eu-core,0,480,119,119,7525,8265,2324,18114
directed_cut,email-Eu-core,0,480,120,120,7543,8283,2294,18120
directed_cut,email-Eu-core,0,480,121,121,7560,8315,2221,18096
directed_cut,email-Eu-core,0,480,122,122,7577,8382,2177,18136
directed_cut,email-Eu-core,0,480,123,123,7594,8441,2118,18153
directed_cut,email-Eu-core,0,480,124,124,7611,8472,2085,18168
directed_cut,email-Eu-core,0,480,125,125,7628,8487,2024,18139
directed_cut,email-Eu-core,0,480,126,126,7645,8521,2015,18181
directed_cut,email-Eu-core,0,480,127,127,7662,8538,1965,18165
directed_cut,email-Eu-core,0,480,128,128,7678,8563,1940,18181
directed_cut,email-Eu-core,0,480,129,129,7694,8601,1868,18163
directed_cut,email-Eu-core,0,480,130,130,7710,8631,1820,18161
directed_cut,email-Eu-core,0,480,131,131,7726,8653,1798,18177
directed_cut,email-Eu-core,0,480,132,132,7742,8691,1765,18198
directed_cut,email-Eu-core,0,480,133,133,7758,8696,1754,18208
directed_cut,email-Eu-core,0,480,134,134,7773,8720,1723,18216
directed_cut,email-Eu-core,0,480,135,135,7788,8771,1676,18235
directed_cut,email-Eu-core,0,480,136,136,7803,8810,1644,18257
directed_cut,email-Eu-core,0,480,137,137,7818,8820,1631,18269
directed_cut,email-Eu-core,0,480,138,138,7832,8833,1606,18271
directed_cut,email-Eu-core,0,480,139,139,7846,8893,1558,18297
directed_cut,email-Eu-core,0,480,140,140,7860,8919,1509,18288
directed_cut,email-Eu-core,0,480,141,141,7874,8925,1488,18287
directed_cut,email-Eu-core,0,480,142,142,7887,8943,1474,18304
directed_cut,email-Eu-core,0,480,143,143,7900,8978,1440,18318
directed_cut,email-Eu-core,0,480,144,144,7913,9003,1422,18338
directed_cut,email-Eu-core,0,480,145,145,7926,9031,1399,18356
directed_cut,email-Eu-core,0,480,146,146,7939,9040,1367,18346
directed_cut,email-Eu-core,0,480,147,147,7951,9077,1340,18368
directed_cut,email-Eu-core,0,480,148,148,7963,9110,1294,18367
directed_cut,email-Eu-core,0,480,149,149,7975,9129,1262,18366
directed_cut,email-Eu-core,0,480,150,150,7987,9147,1242,18376
directed_cut,email-Eu-core,0,480,151,151,7999,9153,1219,18371
directed_cut,email-Eu-core,0,480,152,152,8011,9172,1192,18375
directed_cut,email-Eu-core,0,480,153,153,8022,9194,1168,18384
directed_cut,email-Eu-core,0,480,154,154,8033,9246,1152,18431
directed_cut,email-Eu-core,0,480,155,155,8044,9292,1133,18469
directed_cut,email-Eu-core,0,480,156,156,8054,9323,1096,18473
directed_cut,email-Eu-core,0,480,157,157,8064,9338,1079,18481
directed_cut,email-Eu-core,0,480,158,158,8074,9380,1034,18488
directed_cut,email-Eu-core,0,480,159,159,8084,9417,1019,18520
directed_cut,email-Eu-core,0,480,160,160,8094,9444,969,18507
directed_cut,email-Eu-core,0,480,161,161,8104,9450,967,18521
directed_cut,email-Eu-core,0,480,162,162,8114,9453,953,18520
directed_cut,email-Eu-core,0,480,163,163,8124,9461,937,18522
directed_cut,email-Eu-core,0,480,164,164,8134,9470,908,18512
directed_cut,email-Eu-core,0,480,165,165,8143,9511,889,18543
directed_cut,email-Eu-core,0,480,166,166,8152,9531,869,18552
directed_cut,email-Eu-core,0,480,167,167,8161,9568,849,18578
directed_cut,email-Eu-core,0,480,168,168,8170,9583,827,18580
directed_cut,email-Eu-core,0,480,169,169,8179,9602,801,18582
directed_cut,email-Eu-core,0,480,170,170,8188,9630,801,18619
directed_cut,email-Eu-core,0,480,171,171,8197,9653,781,18631
directed_cut,email-Eu-core,0,480,172,172,8206,9661,770,18637
directed_cut,email-Eu-core,0,480,173,173,8214,9689,744,18647
directed_cut,email-Eu-core,0,480,174,174,8222,9708,735,18665
directed_cut,email-Eu-core,0,480,175,175,8230,9726,706,18662
directed_cut,email-Eu-core,0,480,176,176,8238,9757,706,18701
directed_cut,email-Eu-core,0,480,177,177,8246,9765,693,18704
directed_cut,email-Eu-core,0,480,178,178,8254,9797,652,18703
directed_cut,email-Eu-core,0,480,179,179,8262,9800,646,18708
directed_cut,email-Eu-core,0,480,180,180,8270,9815,628,18713
directed_cut,email-Eu-core,0,480,181,181,8278,9824,619,18721
directed_cut,email-Eu-core,0,480,182,182,8285,9837,596,18718
directed_cut,email-Eu-core,0,480,183,183,8292,9856,586,18734
directed_cut,email-Eu-core,0,480,184,184,8299,9874,577,18750
directed_cut,email-Eu-core,0,480,185,185,8306,9890,563,18759
directed_cut,email-Eu-core,0,480,186,186,8313,9912,546,18771
directed_cut,email-Eu-core,0,480,187,187,8320,9922,532,18774
directed_cut,email-Eu-core,0,480,188,188,8327,9938,531,18796
directed_cut,email-Eu-core,0,480,189,189,8333,9999,501,18833
directed_cut,email-Eu-core,0,480,190,190,8339,10060,474,18873
directed_cut,email-Eu-core,0,480,191,191,8345,10160,435,18940
directed_cut,email-Eu-core,0,480,192,192,8351,10171,428,18950
directed_cut,email-Eu-core,0,480,193,193,8357,10191,421,18969
directed_cut,email-Eu-core,0,480,194,194,8363,10193,412,18968
directed_cut,email-Eu-core,0,480,195,195,8369,10196,395,18960
directed_cut,email-Eu-core,0,480,196,196,8375,10203,394,18972
directed_cut,email-Eu-core,0,480,197,197,8381,10205,383,18969
directed_cut,email-Eu-core,0,480,198,198,8386,10236,372,18994
directed_cut,email-Eu-core,0,480,199,199,8391,10254,357,19002
directed_cut,email-Eu-core,0,480,200,200,8396,10268,351,19015
directed_cut,email-Eu-core,0,480,201,201,8401,10279,342,19022
directed_cut,email-Eu-core,0,480,202,202,8406,10287,333,19026
directed_cut,email-Eu-core,0,480,203,203,8411,10302,323,19036
directed_cut,email-Eu-core,0,480,204,204,8416,10306,324,19046
directed_cut,email-Eu-core,0,480,205,205,8421,10314,314,19049
directed_cut,email-Eu-core,0,480,206,206,8426,10315,306,19047
directed_cut,email-Eu-core,0,480,207,207,8431,10326,298,19055
directed_cut,email-Eu-core,0,480,208,208,8436,10340,287,19063
directed_cut,email-Eu-core,0,480,209,209,8440,10378,279,19097
directed_cut,email-Eu-core,0,480,210,210,8444,10391,273,19108
directed_cut,email-Eu-core,0,480,211,211,8448,10417,256,19121
directed_cut,email-Eu-core,0,480,212,212,8452,10437,252,19141
directed_cut,email-Eu-core,0,480,213,213,8456,10461,246,19163
directed_cut,email-Eu-core,0,480,214,214,8460,10507,241,19208
directed_cut,email-Eu-core,0,480,215,215,8464,10529,231,19224
directed_cut,email-Eu-core,0,480,216,216,8468,10538,221,19227
directed_cut,email-Eu-core,0,480,217,217,8472,10544,215,19231
directed_cut,email-Eu-core,0,480,218,218,8476,10570,211,19257
directed_cut,email-Eu-core,0,480,219,219,8480,10585,205,19270
directed_cut,email-Eu-core,0,480,220,220,8484,10598,201,19283
directed_cut,email-Eu-core,0,480,221,221,8488,10613,194,19295
directed_cut,email-Eu-core,0,480,222,222,8492,10626,189,19307
directed_cut,email-Eu-core,0,480,223,223,8496,10631,185,19312
directed_cut,email-Eu-core,0,480,224,224,8499,10694,167,19360
directed_cut,email-Eu-core,0,480,225,225,8502,10711,159,19372
directed_cut,email-Eu-core,0,480,226,226,8505,10735,156,19396
directed_cut,email-Eu-core,0,480,227,227,8508,10754,149,19411
directed_cut,email-Eu-core,0,480,228,228,8511,10782,142,19435
directed_cut,email-Eu-core,0,480,229,229,8514,10821,128,19463
directed_cut,email-Eu-core,0,480,230,230,8517,10843,125,19485
directed_cut,email-Eu-core,0,480,231,231,8520,10851,121,19492
directed_cut,email-Eu-core,0,480,232,232,8523,10871,117,19511
directed_cut,email-Eu-core,0,480,233,233,8526,10873,114,19513
directed_cut,email-Eu-core,0,480,234,234,8529,10874,108,19511
directed_cut,email-Eu-core,0,480,235,235,8532,10874,104,19510
directed_cut,email-Eu-core,0,480,236,236,8535,10879,101,19515
directed_cut,email-Eu-core,0,480,237,237,8538,10885,99,19522
directed_cut,email-Eu-core,0,480,238,238,8541,10888,96,19525
directed_cut,email-Eu-core,0,480,239,239,8544,10890,93,19527
directed_cut,email-Eu-core,0,480,240,240,8547,10908,90,19545
directed_cut,email-Eu-core,0,480,241,241,8550,10908,87,19545
directed_cut,email-Eu-core,0,480,242,242,8552,10922,84,19558
directed_cut,email-Eu-core,0,480,243,243,8554,10958,80,19592
directed_cut,email-Eu-core,0,480,244,244,8556,10971,78,19605
directed_cut,email-Eu-core,0,480,245,245,8558,10993,76,19627
directed_cut,email-Eu-core,0,480,246,246,8560,11019,74,19653
directed_cut,email-Eu-core,0,480,247,247,8562,11030,72,19664
directed_cut,email-Eu-core,0,480,248,248,8564,11036,71,19671
directed_cut,email-Eu-core,0,480,249,249,8566,11067,69,19702
directed_cut,email-Eu-core,0,480,250,250,8568,11075,66,19709
directed_cut,email-Eu-core,0,480,251,251,8570,11083,65,19718
directed_cut,email-Eu-core,0,480,252,252,8572,11086,63,19721
directed_cut,email-Eu-core,0,480,253,253,8574,11093,61,19728
directed_cut,email-Eu-core,0,480,254,254,8576,11107,59,19742
directed_cut,email-Eu-core,0,480,255,255,8578,11108,57,19743
directed_cut,email-Eu-core,0,480,256,256,8580,11109,55,19744
directed_cut,email-Eu-core,0,480,257,257,8582,11126,53,19761
directed_cut,email-Eu-core,0,480,258,258,8584,11136,51,19771
directed_cut,email-Eu-core,0,480,259,259,8586,11148,47,19781
directed_cut,email-Eu-core,0,480,260,260,8588,11165,45,19798
directed_cut,email-Eu-core,0,480,261,261,8590,11171,43,19804
directed_cut,email-Eu-core,0,480,262,262,8592,11176,41,19809
directed_cut,email-Eu-core,0,480,263,263,8593,11198,40,19831
directed_cut,email-Eu-core,0,480,264,264,8594,11232,39,19865
directed_cut,email-Eu-core,0,480,265,265,8595,11253,38,19886
directed_cut,email-Eu-core,0,480,266,266,8596,11254,37,19887
directed_cut,email-Eu-core,0,480,267,267,8597,11261,36,19894
directed_cut,email-Eu-core,0,480,268,268,8598,11278,35,19911
directed_cut,email-Eu-core,0,480,269,269,8599,11278,34,19911
directed_cut,email-Eu-core,0,480,270,270,8600,11280,33,19913
directed_cut,email-Eu-core,0,480,271,271,8601,11291,32,19924
directed_cut,email-Eu-core,0,480,272,272,8602,11298,30,19930
directed_cut,email-Eu-core,0,480,273,273,8603,11300,29,19932
directed_cut,email-Eu-core,0,480,274,274,8604,11311,28,19943
directed_cut,email-Eu-core,0,480,275,275,8605,11312,27,19944
directed_cut,email-Eu-core,0,480,276,276,8606,11320,26,19952
directed_cut,email-Eu-core,0,480,277,277,8607,11323,25,19955
directed_cut,email-Eu-core,0,480,278,278,8608,11327,24,19959
directed_cut,email-Eu-core,0,480,279,279,8609,11327,23,19959
directed_cut,email-Eu-core,0,480,280,280,8610,11331,22,19963
directed_cut,email-Eu-core,0,480,281,281,8611,11331,21,19963
directed_cut,email-Eu-core,0,480,282,282,8612,11331,20,19963
directed_cut,email-Eu-core,0,480,283,283,8613,11335,19,19967
directed_cut,email-Eu-core,0,480,284,284,8614,11339,18,19971
directed_cut,email-Eu-core,0,480,285,285,8615,11340,17,19972
directed_cut,email-Eu-core,0,480,286,286,8616,11340,16,19972
directed_cut,email-Eu-core,0,480,287,287,8617,11340,15,19972
directed_cut,email-Eu-core,0,480,288,288,8618,11340,14,19972
directed_cut,email-Eu-core,0,480,289,289,8619,11340,13,19972
directed_cut,email-Eu-core,0,480,290,290,8620,11342,12,19974
directed_cut,email-Eu-core,0,480,291,291,8621,11359,11,19991
directed_cut,email-Eu-core,0,480,292,292,8622,11372,10,20004
directed_cut,email-Eu-core,0,480,293,293,8623,11373,9,20005
directed_cut,email-Eu-core,0,480,294,294,8624,11375,8,20007
directed_cut,email-Eu-core,0,480,295,295,8625,11375,7,20007
directed_cut,email-Eu-core,0,480,296,296,8626,11375,6,20007
directed_cut,email-Eu-core,0,480,297,297,8627,11377,5,20009
directed_cut,email-Eu-core,0,480,298,298,8628,11377,4,20009
directed_cut,email-Eu-core,0,480,299,299,8629,11381,3,20013
directed_cut,email-Eu-core,0,480,300,300,8630,11381,2,20013
directed_cut,email-Eu-core,0,480,301,301,8631,11382,1,20014
directed_cut,email-Eu-core,0,480,302,302,8632,11383,0,20015
directed_cut,email-Eu-core,0,500,0,0,0,0,17700,17700
directed_cut,email-Eu-core,0,500,1,1,333,211,17156,17700
directed_cut,email-Eu-core,0,500,2,2,557,331,16795,17683
directed_cut,email-Eu-core,0,500,3,3,775,487,16436,17698
directed_cut,email-Eu-core,0,500,4,4,974,655,16065,17694
directed_cut,email-Eu-core,0,500,5,5,1169,808,15690,17667
directed_cut,email-Eu-core,0,500,6,6,1352,986,15330,17668
directed_cut,email-Eu-core,0,500,7,7,1522,1046,15072,17640
directed_cut,email-Eu-core,0,500,8,8,1675,1169,14856,17700
directed_cut,email-Eu-core,0,500,9,9,1826,1319,14543,17688
directed_cut,email-Eu-core,0,500,10,10,1971,1430,14286,17687
directed_cut,email-Eu-core,0,500,11,11,2112,1572,13960,17644
directed_cut,email-Eu-core,0,500,12,12,2238,1689,13739,17666
directed_cut,email-Eu-core,0,500,13,13,2359,1776,13526,17661
directed_cut,email-Eu-core,0,500,14,14,2474,1823,13383,17680
directed_cut,email-Eu-core,0,500,15,15,2587,1961,13131,17679
directed_cut,email-Eu-core,0,500,16,16,2699,2046,12959,17704
directed_cut,email-Eu-core,0,500,17,17,2804,2172,12735,17711
directed_cut,email-Eu-core,0,500,18,18,2906,2264,12557,17727
directed_cut,email-Eu-core,0,500,19,19,3007,2357,12353,17717
directed_cut,email-Eu-core,0,500,20,20,3105,2465,12147,17717
directed_cut,email-Eu-core,0,500,21,21,3201,2600,11914,17715
directed_cut,email-Eu-core,0,500,22,22,3296,2698,11731,17725
directed_cut,email-Eu-core,0,500,23,23,3390,2806,11506,17702
directed_cut,email-Eu-core,0,500,24,24,3482,2815,11403,17700
directed_cut,email-Eu-core,0,500,25,25,3572,2925,11235,17732
directed_cut,email-Eu-core,0,500,26,26,3661,3014,11046,17721
directed_cut,email-Eu-core,0,500,27,27,3747,3128,10842,17717
directed_cut,email-Eu-core,0,500,28,28,3829,3224,10668,17721
directed_cut,email-Eu-core,0,500,29,29,3911,3330,10506,17747
directed_cut,email-Eu-core,0,500,30,30,3992,3433,10299,17724
directed_cut,email-Eu-core,0,500,31,31,4072,3512,10151,17735
directed_cut,email-Eu-core,0,500,32,32,4151,3541,10043,17735
directed_cut,email-Eu-core,0,500,33,33,4228,3602,9899,17729
directed_cut,email-Eu-core,0,500,34,34,4303,3662,9767,17732
directed_cut,email-Eu-core,0,500,35,35,4378,3771,9569,17718
directed_cut,email-Eu-core,0,500,36,36,4451,3852,9427,17730
directed_cut,email-Eu-core,0,500,37,37,4524,3947,9288,17759
directed_cut,email-Eu-core,0,500,38,38,4594,4032,9132,17758
directed_cut,email-Eu-core,0,500,39,39,4664,4147,8925,17736
directed_cut,email-Eu-core,0,500,40,40,4733,4229,8770,17732
directed_cut,email-Eu-core,0,500,41,41,4801,4270,8657,17728
directed_cut,email-Eu-core,0,500,42,42,4867,4309,8568,17744
directed_cut,email-Eu-core,0,500,43,43,4931,4382,8444,17757
directed_cut,email-Eu-core,0,500,44,44,4993,4458,8314,17765
directed_cut,email-Eu-core,0,500,45,45,5053,4511,8212,17776
directed_cut,email-Eu-core,0,500,46,46,5113,4602,8057,17772
directed_cut,email-Eu-core,0,500,47,47,5173,4673,7918,17764
directed_cut,email-Eu-core,0,500,48,48,5231,4775,7755,17761
directed_cut,email-Eu-core,0,500,49,49,5289,4829,7652,17770
directed_cut,email-Eu-core,0,500,50,50,5346,4883,7528,17757
directed_cut,email-Eu-core,0,500,51,51,5402,4911,7432,17745
directed_cut,email-Eu-core,0,500,52,52,5457,4959,7359,17775
directed_cut,email-Eu-core,0,500,53,53,5511,5011,7214,17736
directed_cut,email-Eu-core,0,500,54,54,5564,5072,7123,17759
directed_cut,email-Eu-core,0,500,55,55,5616,5115,7046,17777
directed_cut,email-Eu-core,0,500,56,56,5667,5189,6924,17780
directed_cut,email-Eu-core,0,500,57,57,5716,5237,6817,17770
directed_cut,email-Eu-core,0,500,58,58,5764,5356,6645,17765
directed_cut,email-Eu-core,0,500,59,59,5812,5431,6518,17761
directed_cut,email-Eu-core,0,500,60,60,5857,5506,6405,17768
directed_cut,email-Eu-core,0,500,61,61,5901,5582,6269,17752
directed_cut,email-Eu-core,0,500,62,62,5945,5632,6171,17748
directed_cut,email-Eu-core,0,500,63,63,5989,5685,6087,17761
directed_cut,email-Eu-core,0,500,64,64,6032,5780,5963,17775
directed_cut,email-Eu-core,0,500,65,65,6073,5827,5854,17754
directed_cut,email-Eu-core,0,500,66,66,6113,5927,5732,17772
directed_cut,email-Eu-core,0,500,67,67,6152,5966,5668,17786
directed_cut,email-Eu-core,0,500,68,68,6190,6020,5562,17772
directed_cut,email-Eu-core,0,500,69,69,6228,6092,5483,17803
directed_cut,email-Eu-core,0,500,70,70,6266,6164,5393,17823
directed_cut,email-Eu-core,0,500,71,71,6302,6237,5270,17809
directed_cut,email-Eu-core,0,500,72,72,6338,6285,5204,17827
directed_cut,email-Eu-core,0,500,73,73,6374,6324,5127,17825
directed_cut,email-Eu-core,0,500,74,74,6409,6352,5067,17828
directed_cut,email-Eu-core,0,500,75,75,6443,6405,4988,17836
directed_cut,email-Eu-core,0,500,76,76,6477,6472,4879,17828
directed_cut,email-Eu-core,0,500,77,77,6510,6534,4810,17854
directed_cut,email-Eu-core,0,500,78,78,6542,6561,4756,17859
directed_cut,email-Eu-core,0,500,79,79,6574,6620,4656,17850
directed_cut,email-Eu-core,0,500,80,80,6606,6663,4580,17849
directed_cut,email-Eu-core,0,500,81,81,6637,6703,4511,17851
directed_cut,email-Eu-core,0,500,82,82,6668,6753,4439,17860
directed_cut,email-Eu-core,0,500,83,83,6698,6795,4380,17873
directed_cut,email-Eu-core,0,500,84,84,6728,6828,4302,17858
directed_cut,email-Eu-core,0,500,85,85,6757,6871,4259,17887
directed_cut,email-Eu-core,0,500,86,86,6785,6902,4217,17904
directed_cut,email-Eu-core,0,500,87,87,6813,6941,4167,17921
directed_cut,email-Eu-core,0,500,88,88,6841,7026,4058,17925
directed_cut,email-Eu-core,0,500,89,89,6869,7054,4010,17933
directed_cut,email-Eu-core,0,500,90,90,6896,7080,3950,17926
directed_cut,email-Eu-core,0,500,91,91,6923,7108,3879,17910
directed_cut,email-Eu-core,0,500,92,92,6949,7175,3781,17905
directed_cut,email-Eu-core,0,500,93,93,6975,7177,3737,17889
directed_cut,email-Eu-core,0,500,94,94,7000,7198,3707,17905
directed_cut,email-Eu-core,0,500,95,95,7025,7247,3659,17931
directed_cut,email-Eu-core,0,500,96,96,7050,7285,3569,17904
directed_cut,email-Eu-core,0,500,97,97,7075,7321,3511,17907
directed_cut,email-Eu-core,0,500,98,98,7099,7378,3438,17915
directed_cut,email-Eu-core,0,500,99,99,7123,7392,3413,17928
directed_cut,email-Eu-core,0,500,100,100,7147,7431,3321,17899
directed_cut,email-Eu-core,0,500,101,101,7169,7476,3298,17943
directed_cut,email-Eu-core,0,500,102,102,7191,7511,3238,17940
directed_cut,email-Eu-core,0,500,103,103,7213,7527,3181,17921
directed_cut,email-Eu-core,0,500,104,104,7234,7613,3137,17984
directed_cut,email-Eu-core,0,500,105,105,7255,7623,3092,17970
directed_cut,email-Eu-core,0,500,106,106,7276,7658,3047,17981
directed_cut,email-Eu-core,0,500,107,107,7297,7694,3001,17992
directed_cut,email-Eu-core,0,500,108,108,7317,7754,2920,17991
directed_cut,email-Eu-core,0,500,109,109,7337,7800,2887,18024
directed_cut,email-Eu-core,0,500,110,110,7357,7828,2842,18027
directed_cut,email-Eu-core,0,500,111,111,7377,7833,2821,18031
directed_cut,email-Eu-core,0,500,112,112,7396,7877,2734,18007
directed_cut,email-Eu-core,0,500,113,113,7415,7951,2645,18011
directed_cut,email-Eu-core,0,500,114,114,7434,7973,2630,18037
directed_cut,email-Eu-core,0,500,115,115,7453,8008,2591,18052
directed_cut,email-Eu-core,0,500,116,116,7471,8053,2503,18027
directed_cut,email-Eu-core,0,500,117,117,7489,8180,2429,18098
directed_cut,email-Eu-core,0,500,118,118,7507,8224,2386,18117
directed_cut,email-Eu-core,0,500,119,119,7525,8265,2324,18114
directed_cut,email-Eu-core,0,500,120,120,7543,8283,2294,18120
directed_cut,email-Eu-core,0,500,121,121,7560,8315,2221,18096
directed_cut,email-Eu-core,0,500,122,122,7577,8382,2177,18136
directed_cut,email-Eu-core,0,500,123,123,7594,8441,2118,18153
directed_cut,email-Eu-core,0,500,124,124,7611,8472,2085,18168
directed_cut,email-Eu-core,0,500,125,125,7628,8487,2024,18139
directed_cut,email-Eu-core,0,500,126,126,7645,8521,2015,18181
directed_cut,email-Eu-core,0,500,127,127,7662,8538,1965,18165
directed_cut,email-Eu-core,0,500,128,128,7678,8563,1940,18181
directed_cut,email-Eu-core,0,500,129,129,7694,8601,1868,18163
directed_cut,email-Eu-core,0,500,130,130,7710,8631,1820,18161
directed_cut,email-Eu-core,0,500,131,131,7726,8653,1798,18177
directed_cut,email-Eu-core,0,500,132,132,7742,8691,1765,18198
directed_cut,email-Eu-core,0,500,133,133,7758,8696,1754,18208
directed_cut,email-Eu-core,0,500,134,134,7773,8720,1723,18216
directed_cut,email-Eu-core,0,500,135,135,7788,8771,1676,18235
directed_cut,email-Eu-core,0,500,136,136,7803,8810,1644,18257
directed_cut,email-Eu-core,0,500,137,137,7818,8820,1631,18269
directed_cut,email-Eu-core,0,500,138,138,7832,8833,1606,18271
directed_cut,email-Eu-core,0,500,139,139,7846,8893,1558,18297
directed_cut,email-Eu-core,0,500,140,140,7860,8919,1509,18288
directed_cut,email-Eu-core,0,500,141,141,7874,8925,1488,18287
directed_cut,email-Eu-core,0,500,142,142,7887,8943,1474,18304
directed_cut,email-Eu-core,0,500,143,143,7900,8978,1440,18318
directed_cut,email-Eu-core,0,500,144,144,7913,9003,1422,18338
directed_cut,email-Eu-core,0,500,145,145,7926,9031,1399,18356
directed_cut,email-Eu-core,0,500,146,146,7939,9040,1367,18346
directed_cut,email-Eu-core,0,500,147,147,7951,9077,1340,18368
directed_cut,email-Eu-core,0,500,148,148,7963,9110,1294,18367
directed_cut,email-Eu-core,0,500,149,149,7975,9129,1262,18366
directed_cut,email-Eu-core,0,500,150,150,7987,9147,1242,18376
directed_cut,email-Eu-core,0,500,151,151,7999,9153,1219,18371
directed_cut,email-Eu-core,0,500,152,152,8011,9172,1192,18375
directed_cut,email-Eu-core,0,500,153,153,8022,9194,1168,18384
directed_cut,email-Eu-core,0,500,154,154,8033,9246,1152,18431
directed_cut,email-Eu-core,0,500,155,155,8044,9292,1133,18469
directed_cut,email-Eu-core,0,500,156,156,8054,9323,1096,18473
directed_cut,email-Eu-core,0,500,157,157,8064,9338,1079,18481
directed_cut,email-Eu-core,0,500,158,158,8074,9380,1034,18488
directed_cut,email-Eu-core,0,500,159,159,8084,9417,1019,18520
directed_cut,email-Eu-core,0,500,160,160,8094,9444,969,18507
directed_cut,email-Eu-core,0,500,161,161,8104,9450,967,18521
directed_cut,email-Eu-core,0,500,162,162,8114,9453,953,18520
directed_cut,email-Eu-core,0,500,163,163,8124,9461,937,18522
directed_cut,email-Eu-core,0,500,164,164,8134,9470,908,18512
directed_cut,email-Eu-core,0,500,165,165,8143,9511,889,18543
directed_cut,email-Eu-core,0,500,166,166,8152,9531,869,18552
directed_cut,email-Eu-core,0,500,167,167,8161,9568,849,18578
directed_cut,email-Eu-core,0,500,168,168,8170,9583,827,18580
directed_cut,email-Eu-core,0,500,169,169,8179,9602,801,18582
directed_cut,email-Eu-core,0,500,170,170,8188,9630,801,18619
directed_cut,email-Eu-core,0,500,171,171,8197,9653,781,18631
directed_cut,email-Eu-core,0,500,172,172,8206,9661,770,18637
directed_cut,email-Eu-core,0,500,173,173,8214,9689,744,18647
directed_cut,email-Eu-core,0,500,174,174,8222,9708,735,18665
directed_cut,email-Eu-core,0,500,175,175,8230,9726,706,18662
directed_cut,email-Eu-core,0,500,176,176,8238,9757,706,18701
directed_cut,email-Eu-core,0,500,177,177,8246,9765,693,18704
directed_cut,email-Eu-core,0,500,178,178,8254,9797,652,18703
directed_cut,email-Eu-core,0,500,179,179,8262,9800,646,18708
directed_cut,email-Eu-core,0,500,180,180,8270,9815,628,18713
directed_cut,email-Eu-core,0,500,181,181,8278,9824,619,18721
directed_cut,email-Eu-core,0,500,182,182,8285,9837,596,18718
directed_cut,email-Eu-core,0,500,183,183,8292,9856,586,18734
directed_cut,email-Eu-core,0,500,184,184,8299,9874,577,18750
directed_cut,email-Eu-core,0,500,185,185,8306,9890,563,18759
directed_cut,email-Eu-core,0,500,186,186,8313,9912,546,18771
directed_cut,email-Eu-core,0,500,187,187,8320,9922,532,18774
directed_cut,email-Eu-core,0,500,188,188,8327,9938,531,18796
directed_cut,email-Eu-core,0,500,189,189,8333,9999,501,18833
directed_cut,email-Eu-core,0,500,190,190,8339,10060,474,18873
directed_cut,email-Eu-core,0,500,191,191,8345,10160,435,18940
directed_cut,email-Eu-core,0,500,192,192,8351,10171,428,18950
directed_cut,email-Eu-core,0,500,193,193,8357,10191,421,18969
directed_cut,email-Eu-core,0,500,194,194,8363,10193,412,18968
directed_cut,email-Eu-core,0,500,195,195,8369,10196,395,18960
directed_cut,email-Eu-core,0,500,196,196,8375,10203,394,18972
directed_cut,email-Eu-core,0,500,197,197,8381,10205,383,18969
directed_cut,email-Eu-core,0,500,198,198,8386,10236,372,18994
directed_cut,email-Eu-core,0,500,199,199,8391,10254,357,19002
directed_cut,email-Eu-core,0,500,200,200,8396,10268,351,19015
directed_cut,email-Eu-core,0,500,201,201,8401,10279,342,19022
directed_cut,email-Eu-core,0,500,202,202,8406,10287,333,19026
directed_cut,email-Eu-core,0,500,203,203,8411,10302,323,19036
directed_cut,email-Eu-core,0,500,204,204,8416,10306,324,19046
directed_cut,email-Eu-core,0,500,205,205,8421,10314,314,19049
directed_cut,email-Eu-core,0,500,206,206,8426,10315,306,19047
directed_cut,email-Eu-core,0,500,207,207,8431,10326,298,19055
directed_cut,email-Eu-core,0,500,208,208,8436,10340,287,19063
directed_cut,email-Eu-core,0,500,209,209,8440,10378,279,19097
directed_cut,email-Eu-core,0,500,210,210,8444,10391,273,19108
directed_cut,email-Eu-core,0,500,211,211,8448,10417,256,19121
directed_cut,email-Eu-core,0,500,212,212,8452,10437,252,19141
directed_cut,email-Eu-core,0,500,213,213,8456,10461,246,19163
directed_cut,email-Eu-core,0,500,214,214,8460,10507,241,19208
directed_cut,email-Eu-core,0,500,215,215,8464,10529,231,19224
directed_cut,email-Eu-core,0,500,216,216,8468,10538,221,19227
directed_cut,email-Eu-core,0,500,217,217,8472,10544,215,19231
directed_cut,email-Eu-core,0,500,218,218,8476,10570,211,19257
directed_cut,email-Eu-core,0,500,219,219,8480,10585,205,19270
directed_cut,email-Eu-core,0,500,220,220,8484,10598,201,19283
directed_cut,email-Eu-core,0,500,221,221,8488,10613,194,19295
directed_cut,email-Eu-core,0,500,222,222,8492,10626,189,19307
directed_cut,email-Eu-core,0,500,223,223,8496,10631,185,19312
directed_cut,email-Eu-core,0,500,224,224,8499,10694,167,19360
directed_cut,email-Eu-core,0,500,225,225,8502,10711,159,19372
directed_cut,email-Eu-core,0,500,226,226,8505,10735,156,19396
directed_cut,email-Eu-core,0,500,227,227,8508,10754,149,19411
directed_cut,email-Eu-core,0,500,228,228,8511,10782,142,19435
directed_cut,email-Eu-core,0,500,229,229,8514,10821,128,19463
directed_cut,email-Eu-core,0,500,230,230,8517,10843,125,19485
directed_cut,email-Eu-core,0,500,231,231,8520,10851,121,19492
directed_cut,email-Eu-core,0,500,232,232,8523,10871,117,19511
directed_cut,email-Eu-core,0,500,233,233,8526,10873,114,19513
directed_cut,email-Eu-core,0,500,234,234,8529,10874,108,19511
directed_cut,email-Eu-core,0,500,235,235,8532,10874,104,19510
directed_cut,email-Eu-core,0,500,236,236,8535,10879,101,19515
directed_cut,email-Eu-core,0,500,237,237,8538,10885,99,19522
directed_cut,email-Eu-core,0,500,238,238,8541,10888,96,19525
directed_cut,email-Eu-core,0,500,239,239,8544,10890,93,19527
directed_cut,email-Eu-core,0,500,240,240,8547,10908,90,19545
directed_cut,email-Eu-core,0,500,241,241,8550,10908,87,19545
directed_cut,email-Eu-core,0,500,242,242,8552,10922,84,19558
directed_cut,email-Eu-core,0,500,243,243,8554,10958,80,19592
directed_cut,email-Eu-core,0,500,244,244,8556,10971,78,19605
directed_cut,email-Eu-core,0,500,245,245,8558,10993,76,19627
directed_cut,email-Eu-core,0,500,246,246,8560,11019,74,19653
directed_cut,email-Eu-core,0,500,247,247,8562,11030,72,19664
directed_cut,email-Eu-core,0,500,248,248,8564,11036,71,19671
directed_cut,email-Eu-core,0,500,249,249,8566,11067,69,19702
directed_cut,email-Eu-core,0,500,250,250,8568,11075,66,19709
directed_cut,email-Eu-core,0,500,251,251,8570,11083,65,19718
directed_cut,email-Eu-core,0,500,252,252,8572,11086,63,19721
directed_cut,email-Eu-core,0,500,253,253,8574,11093,61,19728
directed_cut,email-Eu-core,0,500,254,254,8576,11107,59,19742
directed_cut,email-Eu-core,0,500,255,255,8578,11108,57,19743
directed_cut,email-Eu-core,0,500,256,256,8580,11109,55,19744
directed_cut,email-Eu-core,0,500,257,257,8582,11126,53,19761
directed_cut,email-Eu-core,0,500,258,258,8584,11136,51,19771
directed_cut,email-Eu-core,0,500,259,259,8586,11148,47,19781
directed_cut,email-Eu-core,0,500,260,260,8588,11165,45,19798
directed_cut,email-Eu-core,0,500,261,261,8590,11171,43,19804
directed_cut,email-Eu-core,0,500,262,262,8592,11176,41,19809
directed_cut,email-Eu-core,0,500,263,263,8593,11198,40,19831
directed_cut,email-Eu-core,0,500,264,264,8594,11232,39,19865
directed_cut,email-Eu-core,0,500,265,265,8595,11253,38,19886
directed_cut,email-Eu-core,0,500,266,266,8596,11254,37,19887
directed_cut,email-Eu-core,0,500,267,267,8597,11261,36,19894
directed_cut,email-Eu-core,0,500,268,268,8598,11278,35,19911
directed_cut,email-Eu-core,0,500,269,269,8599,11278,34,19911
directed_cut,email-Eu-core,0,500,270,270,8600,11280,33,19913
directed_cut,email-Eu-core,0,500,271,271,8601,11291,32,19924
directed_cut,email-Eu-core,0,500,272,272,8602,11298,30,19930
directed_cut,email-Eu-core,0,500,273,273,8603,11300,29,19932
directed_cut,email-Eu-core,0,500,274,274,8604,11311,28,19943
directed_cut,email-Eu-core,0,500,275,275,8605,11312,27,19944
directed_cut,email-Eu-core,0,500,276,276,8606,11320,26,19952
directed_cut,email-Eu-core,0,500,277,277,8607,11323,25,19955
directed_cut,email-Eu-core,0,500,278,278,8608,11327,24,19959
directed_cut,email-Eu-core,0,500,279,279,8609,11327,23,19959
directed_cut,email-Eu-core,0,500,280,280,8610,11331,22,19963
directed_cut,email-Eu-core,0,500,281,281,8611,11331,21,19963
directed_cut,email-Eu-core,0,500,282,282,8612,11331,20,19963
directed_cut,email-Eu-core,0,500,283,283,8613,11335,19,19967
directed_cut,email-Eu-core,0,500,284,284,8614,11339,18,19971
directed_cut,email-Eu-core,0,500,285,285,8615,11340,17,19972
directed_cut,email-Eu-core,0,500,286,286,8616,11340,16,19972
directed_cut,email-Eu-core,0,500,287,287,8617,11340,15,19972
directed_cut,email-Eu-core,0,500,288,288,8618,11340,14,19972
directed_cut,email-Eu-core,0,500,289,289,8619,11340,13,19972
directed_cut,email-Eu-core,0,500,290,290,8620,11342,12,19974
directed_cut,email-Eu-core,0,500,291,291,8621,11359,11,19991
directed_cut,email-Eu-core,0,500,292,292,8622,11372,10,20004
directed_cut,email-Eu-core,0,500,293,293,8623,11373,9,20005
directed_cut,email-Eu-core,0,500,294,294,8624,11375,8,20007
directed_cut,email-Eu-core,0,500,295,295,8625,11375,7,20007
directed_cut,email-Eu-core,0,500,296,296,8626,11375,6,20007
directed_cut,email-Eu-core,0,500,297,297,8627,11377,5,20009
directed_cut,email-Eu-core,0,500,298,298,8628,11377,4,20009
directed_cut,email-Eu-core,0,500,299,299,8629,11381,3,20013
directed_cut,email-Eu-core,0,500,300,300,8630,11381,2,20013
directed_cut,email-Eu-core,0,500,301,301,8631,11382,1,20014
directed_cut,email-Eu-core,0,500,302,302,8632,11383,0,20015
