problem,instance,seed,k,prefix,size,f_S,penalty_S,dual_S,bound_S
directed_cut,synthetic_n200_p0.1,0,1,0,0,0,0,104,104
directed_cut,synthetic_n200_p0.1,0,1,1,1,104,33,100,237
directed_cut,synthetic_n200_p0.1,0,5,0,0,0,0,486,486
directed_cut,synthetic_n200_p0.1,0,5,1,1,104,33,473,610
directed_cut,synthetic_n200_p0.1,0,5,2,2,204,68,453,725
directed_cut,synthetic_n200_p0.1,0,5,3,3,298,112,443,853
directed_cut,synthetic_n200_p0.1,0,5,4,4,392,184,429,1005
directed_cut,synthetic_n200_p0.1,0,5,5,5,484,236,415,1135
directed_cut,synthetic_n200_p0.1,0,10,0,0,0,0,918,918
directed_cut,synthetic_n200_p0.1,0,10,1,1,104,33,887,1024
directed_cut,synthetic_n200_p0.1,0,10,2,2,204,68,856,1128
directed_cut,synthetic_n200_p0.1,0,10,3,3,298,112,837,1247
directed_cut,synthetic_n200_p0.1,0,10,4,4,392,184,818,1394
directed_cut,synthetic_n200_p0.1,0,10,5,5,484,236,784,1504
directed_cut,synthetic_n200_p0.1,0,10,6,6,571,275,765,1611
directed_cut,synthetic_n200_p0.1,0,10,7,7,657,327,743,1727
directed_cut,synthetic_n200_p0.1,0,10,8,8,741,350,724,1815
directed_cut,synthetic_n200_p0.1,0,10,9,9,821,399,702,1922
directed_cut,synthetic_n200_p0.1,0,10,10,10,899,439,689,2027
directed_cut,synthetic_n200_p0.1,0,15,0,0,0,0,1312,1312
directed_cut,synthetic_n200_p0.1,0,15,1,1,104,33,1269,1406
directed_cut,synthetic_n200_p0.1,0,15,2,2,204,68,1232,1504
directed_cut,synthetic_n200_p0.1,0,15,3,3,298,112,1204,1614
directed_cut,synthetic_n200_p0.1,0,15,4,4,392,184,1176,1752
directed_cut,synthetic_n200_p0.1,0,15,5,5,484,236,1133,1853
directed_cut,synthetic_n200_p0.1,0,15,6,6,571,275,1106,1952
directed_cut,synthetic_n200_p0.1,0,15,7,7,657,327,1074,2058
directed_cut,synthetic_n200_p0.1,0,15,8,8,741,350,1048,2139
directed_cut,synthetic_n200_p0.1,0,15,9,9,821,399,1023,2243
directed_cut,synthetic_n200_p0.1,0,15,10,10,899,439,1008,2346
directed_cut,synthetic_n200_p0.1,0,15,11,11,976,515,988,2479
directed_cut,synthetic_n200_p0.1,0,15,12,12,1047,577,967,2591
directed_cut,synthetic_n200_p0.1,0,15,13,13,1118,636,946,2700
directed_cut,synthetic_n200_p0.1,0,15,14,14,1188,687,932,2807
directed_cut,synthetic_n200_p0.1,0,15,15,15,1256,754,913,2923
directed_cut,synthetic_n200_p0.1,0,20,0,0,0,0,1674,1674
directed_cut,synthetic_n200_p0.1,0,20,1,1,104,33,1626,1763
directed_cut,synthetic_n200_p0.1,0,20,2,2,204,68,1583,1855
directed_cut,synthetic_n200_p0.1,0,20,3,3,298,112,1547,1957
directed_cut,synthetic_n200_p0.1,0,20,4,4,392,184,1510,2086
directed_cut,synthetic_n200_p0.1,0,20,5,5,484,236,1462,2182
directed_cut,synthetic_n200_p0.1,0,20,6,6,571,275,1426,2272
directed_cut,synthetic_n200_p0.1,0,20,7,7,657,327,1392,2376
directed_cut,synthetic_n200_p0.1,0,20,8,8,741,350,1362,2453
directed_cut,synthetic_n200_p0.1,0,20,9,9,821,399,1323,2543
directed_cut,synthetic_n200_p0.1,0,20,10,10,899,439,1300,2638
directed_cut,synthetic_n200_p0.1,0,20,11,11,976,515,1273,2764
directed_cut,synthetic_n200_p0.1,0,20,12,12,1047,577,1248,2872
directed_cut,synthetic_n200_p0.1,0,20,13,13,1118,636,1221,2975
directed_cut,synthetic_n200_p0.1,0,20,14,14,1188,687,1202,3077
directed_cut,synthetic_n200_p0.1,0,20,15,15,1256,754,1173,3183
directed_cut,synthetic_n200_p0.1,0,20,16,16,1322,795,1151,3268
directed_cut,synthetic_n200_p0.1,0,20,17,17,1387,831,1130,3348
directed_cut,synthetic_n200_p0.1,0,20,18,18,1452,883,1112,3447
directed_cut,synthetic_n200_p0.1,0,20,19,19,1517,943,1097,3557
directed_cut,synthetic_n200_p0.1,0,20,20,20,1581,970,1081,3632
directed_cut,synthetic_n200_p0.1,0,25,0,0,0,0,2023,2023
directed_cut,synthetic_n200_p0.1,0,25,1,1,104,33,1964,2101
directed_cut,synthetic_n200_p0.1,0,25,2,2,204,68,1917,2189
directed_cut,synthetic_n200_p0.1,0,25,3,3,298,112,1875,2285
directed_cut,synthetic_n200_p0.1,0,25,4,4,392,184,1830,2406
directed_cut,synthetic_n200_p0.1,0,25,5,5,484,236,1776,2496
directed_cut,synthetic_n200_p0.1,0,25,6,6,571,275,1733,2579
directed_cut,synthetic_n200_p0.1,0,25,7,7,657,327,1692,2676
directed_cut,synthetic_n200_p0.1,0,25,8,8,741,350,1651,2742
directed_cut,synthetic_n200_p0.1,0,25,9,9,821,399,1606,2826
directed_cut,synthetic_n200_p0.1,0,25,10,10,899,439,1579,2917
directed_cut,synthetic_n200_p0.1,0,25,11,11,976,515,1548,3039
directed_cut,synthetic_n200_p0.1,0,25,12,12,1047,577,1519,3143
directed_cut,synthetic_n200_p0.1,0,25,13,13,1118,636,1485,3239
directed_cut,synthetic_n200_p0.1,0,25,14,14,1188,687,1459,3334
directed_cut,synthetic_n200_p0.1,0,25,15,15,1256,754,1425,3435
directed_cut,synthetic_n200_p0.1,0,25,16,16,1322,795,1401,3518
directed_cut,synthetic_n200_p0.1,0,25,17,17,1387,831,1378,3596
directed_cut,synthetic_n200_p0.1,0,25,18,18,1452,883,1357,3692
directed_cut,synthetic_n200_p0.1,0,25,19,19,1517,943,1334,3794
directed_cut,synthetic_n200_p0.1,0,25,20,20,1581,970,1316,3867
directed_cut,synthetic_n200_p0.1,0,25,21,21,1643,1023,1286,3952
directed_cut,synthetic_n200_p0.1,0,25,22,22,1705,1054,1267,4026
directed_cut,synthetic_n200_p0.1,0,25,23,23,1765,1097,1240,4102
directed_cut,synthetic_n200_p0.1,0,25,24,24,1823,1140,1217,4180
directed_cut,synthetic_n200_p0.1,0,25,25,25,1880,1169,1183,4232
directed_cut,synthetic_n200_p0.1,0,30,0,0,0,0,2354,2354
directed_cut,synthetic_n200_p0.1,0,30,1,1,104,33,2289,2426
directed_cut,synthetic_n200_p0.1,0,30,2,2,204,68,2239,2511
directed_cut,synthetic_n200_p0.1,0,30,3,3,298,112,2189,2599
directed_cut,synthetic_n200_p0.1,0,30,4,4,392,184,2139,2715
directed_cut,synthetic_n200_p0.1,0,30,5,5,484,236,2075,2795
directed_cut,synthetic_n200_p0.1,0,30,6,6,571,275,2020,2866
directed_cut,synthetic_n200_p0.1,0,30,7,7,657,327,1974,2958
directed_cut,synthetic_n200_p0.1,0,30,8,8,741,350,1928,3019
directed_cut,synthetic_n200_p0.1,0,30,9,9,821,399,1881,3101
directed_cut,synthetic_n200_p0.1,0,30,10,10,899,439,1851,3189
directed_cut,synthetic_n200_p0.1,0,30,11,11,976,515,1813,3304
directed_cut,synthetic_n200_p0.1,0,30,12,12,1047,577,1777,3401
directed_cut,synthetic_n200_p0.1,0,30,13,13,1118,636,1739,3493
directed_cut,synthetic_n200_p0.1,0,30,14,14,1188,687,1708,3583
directed_cut,synthetic_n200_p0.1,0,30,15,15,1256,754,1670,3680
directed_cut,synthetic_n200_p0.1,0,30,16,16,1322,795,1641,3758
directed_cut,synthetic_n200_p0.1,0,30,17,17,1387,831,1614,3832
directed_cut,synthetic_n200_p0.1,0,30,18,18,1452,883,1590,3925
directed_cut,synthetic_n200_p0.1,0,30,19,19,1517,943,1562,4022
directed_cut,synthetic_n200_p0.1,0,30,20,20,1581,970,1538,4089
directed_cut,synthetic_n200_p0.1,0,30,21,21,1643,1023,1500,4166
directed_cut,synthetic_n200_p0.1,0,30,22,22,1705,1054,1477,4236
directed_cut,synthetic_n200_p0.1,0,30,23,23,1765,1097,1447,4309
directed_cut,synthetic_n200_p0.1,0,30,24,24,1823,1140,1423,4386
directed_cut,synthetic_n200_p0.1,0,30,25,25,1880,1169,1386,4435
directed_cut,synthetic_n200_p0.1,0,30,26,26,1935,1212,1360,4507
directed_cut,synthetic_n200_p0.1,0,30,27,27,1989,1259,1334,4582
directed_cut,synthetic_n200_p0.1,0,30,28,28,2043,1315,1309,4667
directed_cut,synthetic_n200_p0.1,0,30,29,29,2095,1341,1286,4722
directed_cut,synthetic_n200_p0.1,0,30,30,30,2146,1374,1255,4775
directed_cut,synthetic_n200_p0.1,0,35,0,0,0,0,2673,2673
directed_cut,synthetic_n200_p0.1,0,35,1,1,104,33,2600,2737
directed_cut,synthetic_n200_p0.1,0,35,2,2,204,68,2545,2817
directed_cut,synthetic_n200_p0.1,0,35,3,3,298,112,2490,2900
directed_cut,synthetic_n200_p0.1,0,35,4,4,392,184,2428,3004
directed_cut,synthetic_n200_p0.1,0,35,5,5,484,236,2355,3075
directed_cut,synthetic_n200_p0.1,0,35,6,6,571,275,2297,3143
directed_cut,synthetic_n200_p0.1,0,35,7,7,657,327,2248,3232
directed_cut,synthetic_n200_p0.1,0,35,8,8,741,350,2198,3289
directed_cut,synthetic_n200_p0.1,0,35,9,9,821,399,2146,3366
directed_cut,synthetic_n200_p0.1,0,35,10,10,899,439,2110,3448
directed_cut,synthetic_n200_p0.1,0,35,11,11,976,515,2066,3557
directed_cut,synthetic_n200_p0.1,0,35,12,12,1047,577,2028,3652
directed_cut,synthetic_n200_p0.1,0,35,13,13,1118,636,1988,3742
directed_cut,synthetic_n200_p0.1,0,35,14,14,1188,687,1946,3821
directed_cut,synthetic_n200_p0.1,0,35,15,15,1256,754,1904,3914
directed_cut,synthetic_n200_p0.1,0,35,16,16,1322,795,1872,3989
directed_cut,synthetic_n200_p0.1,0,35,17,17,1387,831,1838,4056
directed_cut,synthetic_n200_p0.1,0,35,18,18,1452,883,1809,4144
directed_cut,synthetic_n200_p0.1,0,35,19,19,1517,943,1775,4235
directed_cut,synthetic_n200_p0.1,0,35,20,20,1581,970,1746,4297
directed_cut,synthetic_n200_p0.1,0,35,21,21,1643,1023,1703,4369
directed_cut,synthetic_n200_p0.1,0,35,22,22,1705,1054,1678,4437
directed_cut,synthetic_n200_p0.1,0,35,23,23,1765,1097,1645,4507
directed_cut,synthetic_n200_p0.1,0,35,24,24,1823,1140,1618,4581
directed_cut,synthetic_n200_p0.1,0,35,25,25,1880,1169,1577,4626
directed_cut,synthetic_n200_p0.1,0,35,26,26,1935,1212,1544,4691
directed_cut,synthetic_n200_p0.1,0,35,27,27,1989,1259,1512,4760
directed_cut,synthetic_n200_p0.1,0,35,28,28,2043,1315,1483,4841
directed_cut,synthetic_n200_p0.1,0,35,29,29,2095,1341,1457,4893
directed_cut,synthetic_n200_p0.1,0,35,30,30,2146,1374,1424,4944
directed_cut,synthetic_n200_p0.1,0,35,31,31,2197,1403,1399,4999
directed_cut,synthetic_n200_p0.1,0,35,32,32,2247,1433,1380,5060
directed_cut,synthetic_n200_p0.1,0,35,33,33,2296,1475,1353,5124
directed_cut,synthetic_n200_p0.1,0,35,34,34,2344,1510,1332,5186
directed_cut,synthetic_n200_p0.1,0,35,35,35,2392,1566,1293,5251
directed_cut,synthetic_n200_p0.1,0,40,0,0,0,0,2973,2973
directed_cut,synthetic_n200_p0.1,0,40,1,1,104,33,2897,3034
directed_cut,synthetic_n200_p0.1,0,40,2,2,204,68,2833,3105
directed_cut,synthetic_n200_p0.1,0,40,3,3,298,112,2771,3181
directed_cut,synthetic_n200_p0.1,0,40,4,4,392,184,2701,3277
directed_cut,synthetic_n200_p0.1,0,40,5,5,484,236,2622,3342
directed_cut,synthetic_n200_p0.1,0,40,6,6,571,275,2561,3407
directed_cut,synthetic_n200_p0.1,0,40,7,7,657,327,2510,3494
directed_cut,synthetic_n200_p0.1,0,40,8,8,741,350,2455,3546
directed_cut,synthetic_n200_p0.1,0,40,9,9,821,399,2400,3620
directed_cut,synthetic_n200_p0.1,0,40,10,10,899,439,2359,3697
directed_cut,synthetic_n200_p0.1,0,40,11,11,976,515,2308,3799
directed_cut,synthetic_n200_p0.1,0,40,12,12,1047,577,2265,3889
directed_cut,synthetic_n200_p0.1,0,40,13,13,1118,636,2220,3974
directed_cut,synthetic_n200_p0.1,0,40,14,14,1188,687,2173,4048
directed_cut,synthetic_n200_p0.1,0,40,15,15,1256,754,2126,4136
directed_cut,synthetic_n200_p0.1,0,40,16,16,1322,795,2086,4203
directed_cut,synthetic_n200_p0.1,0,40,17,17,1387,831,2047,4265
directed_cut,synthetic_n200_p0.1,0,40,18,18,1452,883,2012,4347
directed_cut,synthetic_n200_p0.1,0,40,19,19,1517,943,1975,4435
directed_cut,synthetic_n200_p0.1,0,40,20,20,1581,970,1941,4492
directed_cut,synthetic_n200_p0.1,0,40,21,21,1643,1023,1897,4563
directed_cut,synthetic_n200_p0.1,0,40,22,22,1705,1054,1869,4628
directed_cut,synthetic_n200_p0.1,0,40,23,23,1765,1097,1829,4691
directed_cut,synthetic_n200_p0.1,0,40,24,24,1823,1140,1796,4759
directed_cut,synthetic_n200_p0.1,0,40,25,25,1880,1169,1752,4801
directed_cut,synthetic_n200_p0.1,0,40,26,26,1935,1212,1716,4863
directed_cut,synthetic_n200_p0.1,0,40,27,27,1989,1259,1681,4929
directed_cut,synthetic_n200_p0.1,0,40,28,28,2043,1315,1649,5007
directed_cut,synthetic_n200_p0.1,0,40,29,29,2095,1341,1618,5054
directed_cut,synthetic_n200_p0.1,0,40,30,30,2146,1374,1583,5103
directed_cut,synthetic_n200_p0.1,0,40,31,31,2197,1403,1554,5154
directed_cut,synthetic_n200_p0.1,0,40,32,32,2247,1433,1530,5210
directed_cut,synthetic_n200_p0.1,0,40,33,33,2296,1475,1501,5272
directed_cut,synthetic_n200_p0.1,0,40,34,34,2344,1510,1473,5327
directed_cut,synthetic_n200_p0.1,0,40,35,35,2392,1566,1430,5388
directed_cut,synthetic_n200_p0.1,0,40,36,36,2439,1624,1400,5463
directed_cut,synthetic_n200_p0.1,0,40,37,37,2486,1659,1374,5519
directed_cut,synthetic_n200_p0.1,0,40,38,38,2530,1696,1335,5561
directed_cut,synthetic_n200_p0.1,0,40,39,39,2574,1737,1295,5606
directed_cut,synthetic_n200_p0.1,0,40,40,40,2617,1766,1262,5645
directed_cut,synthetic_n200_p0.1,0,45,0,0,0,0,3254,3254
directed_cut,synthetic_n200_p0.1,0,45,1,1,104,33,3174,3311
directed_cut,synthetic_n200_p0.1,0,45,2,2,204,68,3101,3373
directed_cut,synthetic_n200_p0.1,0,45,3,3,298,112,3030,3440
directed_cut,synthetic_n200_p0.1,0,45,4,4,392,184,2957,3533
directed_cut,synthetic_n200_p0.1,0,45,5,5,484,236,2876,3596
directed_cut,synthetic_n200_p0.1,0,45,6,6,571,275,2814,3660
directed_cut,synthetic_n200_p0.1,0,45,7,7,657,327,2761,3745
directed_cut,synthetic_n200_p0.1,0,45,8,8,741,350,2701,3792
directed_cut,synthetic_n200_p0.1,0,45,9,9,821,399,2639,3859
directed_cut,synthetic_n200_p0.1,0,45,10,10,899,439,2588,3926
directed_cut,synthetic_n200_p0.1,0,45,11,11,976,515,2531,4022
directed_cut,synthetic_n200_p0.1,0,45,12,12,1047,577,2487,4111
directed_cut,synthetic_n200_p0.1,0,45,13,13,1118,636,2439,4193
directed_cut,synthetic_n200_p0.1,0,45,14,14,1188,687,2384,4259
directed_cut,synthetic_n200_p0.1,0,45,15,15,1256,754,2335,4345
directed_cut,synthetic_n200_p0.1,0,45,16,16,1322,795,2289,4406
directed_cut,synthetic_n200_p0.1,0,45,17,17,1387,831,2247,4465
directed_cut,synthetic_n200_p0.1,0,45,18,18,1452,883,2205,4540
directed_cut,synthetic_n200_p0.1,0,45,19,19,1517,943,2166,4626
directed_cut,synthetic_n200_p0.1,0,45,20,20,1581,970,2130,4681
directed_cut,synthetic_n200_p0.1,0,45,21,21,1643,1023,2084,4750
directed_cut,synthetic_n200_p0.1,0,45,22,22,1705,1054,2047,4806
directed_cut,synthetic_n200_p0.1,0,45,23,23,1765,1097,2001,4863
directed_cut,synthetic_n200_p0.1,0,45,24,24,1823,1140,1965,4928
directed_cut,synthetic_n200_p0.1,0,45,25,25,1880,1169,1918,4967
directed_cut,synthetic_n200_p0.1,0,45,26,26,1935,1212,1881,5028
directed_cut,synthetic_n200_p0.1,0,45,27,27,1989,1259,1844,5092
directed_cut,synthetic_n200_p0.1,0,45,28,28,2043,1315,1803,5161
directed_cut,synthetic_n200_p0.1,0,45,29,29,2095,1341,1769,5205
directed_cut,synthetic_n200_p0.1,0,45,30,30,2146,1374,1730,5250
directed_cut,synthetic_n200_p0.1,0,45,31,31,2197,1403,1696,5296
directed_cut,synthetic_n200_p0.1,0,45,32,32,2247,1433,1670,5350
directed_cut,synthetic_n200_p0.1,0,45,33,33,2296,1475,1641,5412
directed_cut,synthetic_n200_p0.1,0,45,34,34,2344,1510,1610,5464
directed_cut,synthetic_n200_p0.1,0,45,35,35,2392,1566,1559,5517
directed_cut,synthetic_n200_p0.1,0,45,36,36,2439,1624,1524,5587
directed_cut,synthetic_n200_p0.1,0,45,37,37,2486,1659,1496,5641
directed_cut,synthetic_n200_p0.1,0,45,38,38,2530,1696,1456,5682
directed_cut,synthetic_n200_p0.1,0,45,39,39,2574,1737,1411,5722
directed_cut,synthetic_n200_p0.1,0,45,40,40,2617,1766,1374,5757
directed_cut,synthetic_n200_p0.1,0,45,41,41,2658,1805,1342,5805
directed_cut,synthetic_n200_p0.1,0,45,42,42,2699,1874,1312,5885
directed_cut,synthetic_n200_p0.1,0,45,43,43,2740,1924,1274,5938
directed_cut,synthetic_n200_p0.1,0,45,44,44,2780,1981,1241,6002
directed_cut,synthetic_n200_p0.1,0,45,45,45,2820,2007,1202,6029
directed_cut,synthetic_n200_p0.1,0,50,0,0,0,0,3513,3513
directed_cut,synthetic_n200_p0.1,0,50,1,1,104,33,3429,3566
directed_cut,synthetic_n200_p0.1,0,50,2,2,204,68,3351,3623
directed_cut,synthetic_n200_p0.1,0,50,3,3,298,112,3276,3686
directed_cut,synthetic_n200_p0.1,0,50,4,4,392,184,3201,3777
directed_cut,synthetic_n200_p0.1,0,50,5,5,484,236,3118,3838
directed_cut,synthetic_n200_p0.1,0,50,6,6,571,275,3053,3899
directed_cut,synthetic_n200_p0.1,0,50,7,7,657,327,2995,3979
directed_cut,synthetic_n200_p0.1,0,50,8,8,741,350,2926,4017
directed_cut,synthetic_n200_p0.1,0,50,9,9,821,399,2861,4081
directed_cut,synthetic_n200_p0.1,0,50,10,10,899,439,2804,4142
directed_cut,synthetic_n200_p0.1,0,50,11,11,976,515,2741,4232
directed_cut,synthetic_n200_p0.1,0,50,12,12,1047,577,2694,4318
directed_cut,synthetic_n200_p0.1,0,50,13,13,1118,636,2645,4399
directed_cut,synthetic_n200_p0.1,0,50,14,14,1188,687,2585,4460
directed_cut,synthetic_n200_p0.1,0,50,15,15,1256,754,2533,4543
directed_cut,synthetic_n200_p0.1,0,50,16,16,1322,795,2484,4601
directed_cut,synthetic_n200_p0.1,0,50,17,17,1387,831,2441,4659
directed_cut,synthetic_n200_p0.1,0,50,18,18,1452,883,2392,4727
directed_cut,synthetic_n200_p0.1,0,50,19,19,1517,943,2347,4807
directed_cut,synthetic_n200_p0.1,0,50,20,20,1581,970,2306,4857
directed_cut,synthetic_n200_p0.1,0,50,21,21,1643,1023,2259,4925
directed_cut,synthetic_n200_p0.1,0,50,22,22,1705,1054,2218,4977
directed_cut,synthetic_n200_p0.1,0,50,23,23,1765,1097,2167,5029
directed_cut,synthetic_n200_p0.1,0,50,24,24,1823,1140,2127,5090
directed_cut,synthetic_n200_p0.1,0,50,25,25,1880,1169,2076,5125
directed_cut,synthetic_n200_p0.1,0,50,26,26,1935,1212,2037,5184
directed_cut,synthetic_n200_p0.1,0,50,27,27,1989,1259,1997,5245
directed_cut,synthetic_n200_p0.1,0,50,28,28,2043,1315,1947,5305
directed_cut,synthetic_n200_p0.1,0,50,29,29,2095,1341,1912,5348
directed_cut,synthetic_n200_p0.1,0,50,30,30,2146,1374,1869,5389
directed_cut,synthetic_n200_p0.1,0,50,31,31,2197,1403,1833,5433
directed_cut,synthetic_n200_p0.1,0,50,32,32,2247,1433,1806,5486
directed_cut,synthetic_n200_p0.1,0,50,33,33,2296,1475,1776,5547
directed_cut,synthetic_n200_p0.1,0,50,34,34,2344,1510,1739,5593
directed_cut,synthetic_n200_p0.1,0,50,35,35,2392,1566,1681,5639
directed_cut,synthetic_n200_p0.1,0,50,36,36,2439,1624,1643,5706
directed_cut,synthetic_n200_p0.1,0,50,37,37,2486,1659,1613,5758
directed_cut,synthetic_n200_p0.1,0,50,38,38,2530,1696,1572,5798
directed_cut,synthetic_n200_p0.1,0,50,39,39,2574,1737,1522,5833
directed_cut,synthetic_n200_p0.1,0,50,40,40,2617,1766,1482,5865
directed_cut,synthetic_n200_p0.1,0,50,41,41,2658,1805,1447,5910
directed_cut,synthetic_n200_p0.1,0,50,42,42,2699,1874,1414,5987
directed_cut,synthetic_n200_p0.1,0,50,43,43,2740,1924,1371,6035
directed_cut,synthetic_n200_p0.1,0,50,44,44,2780,1981,1336,6097
directed_cut,synthetic_n200_p0.1,0,50,45,45,2820,2007,1292,6119
directed_cut,synthetic_n200_p0.1,0,50,46,46,2858,2072,1249,6179
directed_cut,synthetic_n200_p0.1,0,50,47,47,2895,2126,1209,6230
directed_cut,synthetic_n200_p0.1,0,50,48,48,2932,2171,1162,6265
directed_cut,synthetic_n200_p0.1,0,50,49,49,2968,2247,1113,6328
directed_cut,synthetic_n200_p0.1,0,50,50,50,3001,2290,1083,6374
directed_cut,synthetic_n200_p0.1,0,55,0,0,0,0,3760,3760
directed_cut,synthetic_n200_p0.1,0,55,1,1,104,33,3673,3810
directed_cut,synthetic_n200_p0.1,0,55,2,2,204,68,3591,3863
directed_cut,synthetic_n200_p0.1,0,55,3,3,298,112,3514,3924
directed_cut,synthetic_n200_p0.1,0,55,4,4,392,184,3436,4012
directed_cut,synthetic_n200_p0.1,0,55,5,5,484,236,3349,4069
directed_cut,synthetic_n200_p0.1,0,55,6,6,571,275,3277,4123
directed_cut,synthetic_n200_p0.1,0,55,7,7,657,327,3216,4200
directed_cut,synthetic_n200_p0.1,0,55,8,8,741,350,3142,4233
directed_cut,synthetic_n200_p0.1,0,55,9,9,821,399,3071,4291
directed_cut,synthetic_n200_p0.1,0,55,10,10,899,439,3012,4350
directed_cut,synthetic_n200_p0.1,0,55,11,11,976,515,2945,4436
directed_cut,synthetic_n200_p0.1,0,55,12,12,1047,577,2892,4516
directed_cut,synthetic_n200_p0.1,0,55,13,13,1118,636,2843,4597
directed_cut,synthetic_n200_p0.1,0,55,14,14,1188,687,2779,4654
directed_cut,synthetic_n200_p0.1,0,55,15,15,1256,754,2726,4736
directed_cut,synthetic_n200_p0.1,0,55,16,16,1322,795,2675,4792
directed_cut,synthetic_n200_p0.1,0,55,17,17,1387,831,2629,4847
directed_cut,synthetic_n200_p0.1,0,55,18,18,1452,883,2568,4903
directed_cut,synthetic_n200_p0.1,0,55,19,19,1517,943,2522,4982
directed_cut,synthetic_n200_p0.1,0,55,20,20,1581,970,2478,5029
directed_cut,synthetic_n200_p0.1,0,55,21,21,1643,1023,2429,5095
directed_cut,synthetic_n200_p0.1,0,55,22,22,1705,1054,2381,5140
directed_cut,synthetic_n200_p0.1,0,55,23,23,1765,1097,2324,5186
directed_cut,synthetic_n200_p0.1,0,55,24,24,1823,1140,2282,5245
directed_cut,synthetic_n200_p0.1,0,55,25,25,1880,1169,2229,5278
directed_cut,synthetic_n200_p0.1,0,55,26,26,1935,1212,2186,5333
directed_cut,synthetic_n200_p0.1,0,55,27,27,1989,1259,2144,5392
directed_cut,synthetic_n200_p0.1,0,55,28,28,2043,1315,2087,5445
directed_cut,synthetic_n200_p0.1,0,55,29,29,2095,1341,2050,5486
directed_cut,synthetic_n200_p0.1,0,55,30,30,2146,1374,2003,5523
directed_cut,synthetic_n200_p0.1,0,55,31,31,2197,1403,1965,5565
directed_cut,synthetic_n200_p0.1,0,55,32,32,2247,1433,1937,5617
directed_cut,synthetic_n200_p0.1,0,55,33,33,2296,1475,1904,5675
directed_cut,synthetic_n200_p0.1,0,55,34,34,2344,1510,1862,5716
directed_cut,synthetic_n200_p0.1,0,55,35,35,2392,1566,1799,5757
directed_cut,synthetic_n200_p0.1,0,55,36,36,2439,1624,1755,5818
directed_cut,synthetic_n200_p0.1,0,55,37,37,2486,1659,1724,5869
directed_cut,synthetic_n200_p0.1,0,55,38,38,2530,1696,1683,5909
directed_cut,synthetic_n200_p0.1,0,55,39,39,2574,1737,1628,5939
directed_cut,synthetic_n200_p0.1,0,55,40,40,2617,1766,1586,5969
directed_cut,synthetic_n200_p0.1,0,55,41,41,2658,1805,1548,6011
directed_cut,synthetic_n200_p0.1,0,55,42,42,2699,1874,1508,6081
directed_cut,synthetic_n200_p0.1,0,55,43,43,2740,1924,1463,6127
directed_cut,synthetic_n200_p0.1,0,55,44,44,2780,1981,1423,6184
directed_cut,synthetic_n200_p0.1,0,55,45,45,2820,2007,1374,6201
directed_cut,synthetic_n200_p0.1,0,55,46,46,2858,2072,1329,6259
directed_cut,synthetic_n200_p0.1,0,55,47,47,2895,2126,1286,6307
directed_cut,synthetic_n200_p0.1,0,55,48,48,2932,2171,1235,6338
directed_cut,synthetic_n200_p0.1,0,55,49,49,2968,2247,1184,6399
directed_cut,synthetic_n200_p0.1,0,55,50,50,3001,2290,1150,6441
directed_cut,synthetic_n200_p0.1,0,55,51,51,3034,2315,1122,6471
directed_cut,synthetic_n200_p0.1,0,55,52,52,3067,2365,1095,6527
directed_cut,synthetic_n200_p0.1,0,55,53,53,3098,2415,1068,6581
directed_cut,synthetic_n200_p0.1,0,55,54,54,3129,2478,1038,6645
directed_cut,synthetic_n200_p0.1,0,55,55,55,3160,2533,1003,6696
directed_cut,synthetic_n200_p0.1,0,60,0,0,0,0,4000,4000
directed_cut,synthetic_n200_p0.1,0,60,1,1,104,33,3910,4047
directed_cut,synthetic_n200_p0.1,0,60,2,2,204,68,3823,4095
directed_cut,synthetic_n200_p0.1,0,60,3,3,298,112,3744,4154
directed_cut,synthetic_n200_p0.1,0,60,4,4,392,184,3664,4240
directed_cut,synthetic_n200_p0.1,0,60,5,5,484,236,3573,4293
directed_cut,synthetic_n200_p0.1,0,60,6,6,571,275,3491,4337
directed_cut,synthetic_n200_p0.1,0,60,7,7,657,327,3424,4408
directed_cut,synthetic_n200_p0.1,0,60,8,8,741,350,3349,4440
directed_cut,synthetic_n200_p0.1,0,60,9,9,821,399,3276,4496
directed_cut,synthetic_n200_p0.1,0,60,10,10,899,439,3214,4552
directed_cut,synthetic_n200_p0.1,0,60,11,11,976,515,3144,4635
directed_cut,synthetic_n200_p0.1,0,60,12,12,1047,577,3087,4711
directed_cut,synthetic_n200_p0.1,0,60,13,13,1118,636,3036,4790
directed_cut,synthetic_n200_p0.1,0,60,14,14,1188,687,2967,4842
directed_cut,synthetic_n200_p0.1,0,60,15,15,1256,754,2912,4922
directed_cut,synthetic_n200_p0.1,0,60,16,16,1322,795,2859,4976
directed_cut,synthetic_n200_p0.1,0,60,17,17,1387,831,2805,5023
directed_cut,synthetic_n200_p0.1,0,60,18,18,1452,883,2743,5078
directed_cut,synthetic_n200_p0.1,0,60,19,19,1517,943,2694,5154
directed_cut,synthetic_n200_p0.1,0,60,20,20,1581,970,2645,5196
directed_cut,synthetic_n200_p0.1,0,60,21,21,1643,1023,2591,5257
directed_cut,synthetic_n200_p0.1,0,60,22,22,1705,1054,2537,5296
directed_cut,synthetic_n200_p0.1,0,60,23,23,1765,1097,2476,5338
directed_cut,synthetic_n200_p0.1,0,60,24,24,1823,1140,2431,5394
directed_cut,synthetic_n200_p0.1,0,60,25,25,1880,1169,2377,5426
directed_cut,synthetic_n200_p0.1,0,60,26,26,1935,1212,2330,5477
directed_cut,synthetic_n200_p0.1,0,60,27,27,1989,1259,2285,5533
directed_cut,synthetic_n200_p0.1,0,60,28,28,2043,1315,2223,5581
directed_cut,synthetic_n200_p0.1,0,60,29,29,2095,1341,2184,5620
directed_cut,synthetic_n200_p0.1,0,60,30,30,2146,1374,2133,5653
directed_cut,synthetic_n200_p0.1,0,60,31,31,2197,1403,2092,5692
directed_cut,synthetic_n200_p0.1,0,60,32,32,2247,1433,2062,5742
directed_cut,synthetic_n200_p0.1,0,60,33,33,2296,1475,2027,5798
directed_cut,synthetic_n200_p0.1,0,60,34,34,2344,1510,1982,5836
directed_cut,synthetic_n200_p0.1,0,60,35,35,2392,1566,1910,5868
directed_cut,synthetic_n200_p0.1,0,60,36,36,2439,1624,1862,5925
directed_cut,synthetic_n200_p0.1,0,60,37,37,2486,1659,1829,5974
directed_cut,synthetic_n200_p0.1,0,60,38,38,2530,1696,1788,6014
directed_cut,synthetic_n200_p0.1,0,60,39,39,2574,1737,1729,6040
directed_cut,synthetic_n200_p0.1,0,60,40,40,2617,1766,1684,6067
directed_cut,synthetic_n200_p0.1,0,60,41,41,2658,1805,1643,6106
directed_cut,synthetic_n200_p0.1,0,60,42,42,2699,1874,1594,6167
directed_cut,synthetic_n200_p0.1,0,60,43,43,2740,1924,1546,6210
directed_cut,synthetic_n200_p0.1,0,60,44,44,2780,1981,1503,6264
directed_cut,synthetic_n200_p0.1,0,60,45,45,2820,2007,1454,6281
directed_cut,synthetic_n200_p0.1,0,60,46,46,2858,2072,1405,6335
directed_cut,synthetic_n200_p0.1,0,60,47,47,2895,2126,1357,6378
directed_cut,synthetic_n200_p0.1,0,60,48,48,2932,2171,1304,6407
directed_cut,synthetic_n200_p0.1,0,60,49,49,2968,2247,1250,6465
directed_cut,synthetic_n200_p0.1,0,60,50,50,3001,2290,1210,6501
directed_cut,synthetic_n200_p0.1,0,60,51,51,3034,2315,1182,6531
directed_cut,synthetic_n200_p0.1,0,60,52,52,3067,2365,1155,6587
directed_cut,synthetic_n200_p0.1,0,60,53,53,3098,2415,1127,6640
directed_cut,synthetic_n200_p0.1,0,60,54,54,3129,2478,1094,6701
directed_cut,synthetic_n200_p0.1,0,60,55,55,3160,2533,1052,6745
directed_cut,synthetic_n200_p0.1,0,60,56,56,3190,2575,1008,6773
directed_cut,synthetic_n200_p0.1,0,60,57,57,3219,2598,972,6789
directed_cut,synthetic_n200_p0.1,0,60,58,58,3248,2639,931,6818
directed_cut,synthetic_n200_p0.1,0,60,59,59,3277,2651,905,6833
directed_cut,synthetic_n200_p0.1,0,60,60,60,3305,2705,858,6868
directed_cut,synthetic_n200_p0.1,0,65,0,0,0,0,4235,4235
directed_cut,synthetic_n200_p0.1,0,65,1,1,104,33,4142,4279
directed_cut,synthetic_n200_p0.1,0,65,2,2,204,68,4050,4322
directed_cut,synthetic_n200_p0.1,0,65,3,3,298,112,3969,4379
directed_cut,synthetic_n200_p0.1,0,65,4,4,392,184,3888,4464
directed_cut,synthetic_n200_p0.1,0,65,5,5,484,236,3789,4509
directed_cut,synthetic_n200_p0.1,0,65,6,6,571,275,3696,4542
directed_cut,synthetic_n200_p0.1,0,65,7,7,657,327,3627,4611
directed_cut,synthetic_n200_p0.1,0,65,8,8,741,350,3550,4641
directed_cut,synthetic_n200_p0.1,0,65,9,9,821,399,3476,4696
directed_cut,synthetic_n200_p0.1,0,65,10,10,899,439,3412,4750
directed_cut,synthetic_n200_p0.1,0,65,11,11,976,515,3339,4830
directed_cut,synthetic_n200_p0.1,0,65,12,12,1047,577,3276,4900
directed_cut,synthetic_n200_p0.1,0,65,13,13,1118,636,3223,4977
directed_cut,synthetic_n200_p0.1,0,65,14,14,1188,687,3150,5025
directed_cut,synthetic_n200_p0.1,0,65,15,15,1256,754,3091,5101
directed_cut,synthetic_n200_p0.1,0,65,16,16,1322,795,3035,5152
directed_cut,synthetic_n200_p0.1,0,65,17,17,1387,831,2978,5196
directed_cut,synthetic_n200_p0.1,0,65,18,18,1452,883,2914,5249
directed_cut,synthetic_n200_p0.1,0,65,19,19,1517,943,2860,5320
directed_cut,synthetic_n200_p0.1,0,65,20,20,1581,970,2807,5358
directed_cut,synthetic_n200_p0.1,0,65,21,21,1643,1023,2746,5412
directed_cut,synthetic_n200_p0.1,0,65,22,22,1705,1054,2688,5447
directed_cut,synthetic_n200_p0.1,0,65,23,23,1765,1097,2623,5485
directed_cut,synthetic_n200_p0.1,0,65,24,24,1823,1140,2576,5539
directed_cut,synthetic_n200_p0.1,0,65,25,25,1880,1169,2520,5569
directed_cut,synthetic_n200_p0.1,0,65,26,26,1935,1212,2469,5616
directed_cut,synthetic_n200_p0.1,0,65,27,27,1989,1259,2421,5669
directed_cut,synthetic_n200_p0.1,0,65,28,28,2043,1315,2355,5713
directed_cut,synthetic_n200_p0.1,0,65,29,29,2095,1341,2314,5750
directed_cut,synthetic_n200_p0.1,0,65,30,30,2146,1374,2260,5780
directed_cut,synthetic_n200_p0.1,0,65,31,31,2197,1403,2217,5817
directed_cut,synthetic_n200_p0.1,0,65,32,32,2247,1433,2182,5862
directed_cut,synthetic_n200_p0.1,0,65,33,33,2296,1475,2146,5917
directed_cut,synthetic_n200_p0.1,0,65,34,34,2344,1510,2094,5948
directed_cut,synthetic_n200_p0.1,0,65,35,35,2392,1566,2017,5975
directed_cut,synthetic_n200_p0.1,0,65,36,36,2439,1624,1964,6027
directed_cut,synthetic_n200_p0.1,0,65,37,37,2486,1659,1928,6073
directed_cut,synthetic_n200_p0.1,0,65,38,38,2530,1696,1887,6113
directed_cut,synthetic_n200_p0.1,0,65,39,39,2574,1737,1824,6135
directed_cut,synthetic_n200_p0.1,0,65,40,40,2617,1766,1777,6160
directed_cut,synthetic_n200_p0.1,0,65,41,41,2658,1805,1731,6194
directed_cut,synthetic_n200_p0.1,0,65,42,42,2699,1874,1674,6247
directed_cut,synthetic_n200_p0.1,0,65,43,43,2740,1924,1626,6290
directed_cut,synthetic_n200_p0.1,0,65,44,44,2780,1981,1583,6344
directed_cut,synthetic_n200_p0.1,0,65,45,45,2820,2007,1532,6359
directed_cut,synthetic_n200_p0.1,0,65,46,46,2858,2072,1477,6407
directed_cut,synthetic_n200_p0.1,0,65,47,47,2895,2126,1424,6445
directed_cut,synthetic_n200_p0.1,0,65,48,48,2932,2171,1365,6468
directed_cut,synthetic_n200_p0.1,0,65,49,49,2968,2247,1310,6525
directed_cut,synthetic_n200_p0.1,0,65,50,50,3001,2290,1270,6561
directed_cut,synthetic_n200_p0.1,0,65,51,51,3034,2315,1241,6590
directed_cut,synthetic_n200_p0.1,0,65,52,52,3067,2365,1205,6637
directed_cut,synthetic_n200_p0.1,0,65,53,53,3098,2415,1176,6689
directed_cut,synthetic_n200_p0.1,0,65,54,54,3129,2478,1141,6748
directed_cut,synthetic_n200_p0.1,0,65,55,55,3160,2533,1095,6788
directed_cut,synthetic_n200_p0.1,0,65,56,56,3190,2575,1046,6811
directed_cut,synthetic_n200_p0.1,0,65,57,57,3219,2598,1006,6823
directed_cut,synthetic_n200_p0.1,0,65,58,58,3248,2639,961,6848
directed_cut,synthetic_n200_p0.1,0,65,59,59,3277,2651,934,6862
directed_cut,synthetic_n200_p0.1,0,65,60,60,3305,2705,883,6893
directed_cut,synthetic_n200_p0.1,0,65,61,61,3331,2744,845,6920
directed_cut,synthetic_n200_p0.1,0,65,62,62,3356,2781,811,6948
directed_cut,synthetic_n200_p0.1,0,65,63,63,3380,2840,734,6954
directed_cut,synthetic_n200_p0.1,0,65,64,64,3404,2867,695,6966
directed_cut,synthetic_n200_p0.1,0,65,65,65,3427,2921,663,7011
directed_cut,synthetic_n200_p0.1,0,70,0,0,0,0,4467,4467
directed_cut,synthetic_n200_p0.1,0,70,1,1,104,33,4368,4505
directed_cut,synthetic_n200_p0.1,0,70,2,2,204,68,4275,4547
directed_cut,synthetic_n200_p0.1,0,70,3,3,298,112,4191,4601
directed_cut,synthetic_n200_p0.1,0,70,4,4,392,184,4106,4682
directed_cut,synthetic_n200_p0.1,0,70,5,5,484,236,3995,4715
directed_cut,synthetic_n200_p0.1,0,70,6,6,571,275,3897,4743
directed_cut,synthetic_n200_p0.1,0,70,7,7,657,327,3826,4810
directed_cut,synthetic_n200_p0.1,0,70,8,8,741,350,3747,4838
directed_cut,synthetic_n200_p0.1,0,70,9,9,821,399,3672,4892
directed_cut,synthetic_n200_p0.1,0,70,10,10,899,439,3606,4944
directed_cut,synthetic_n200_p0.1,0,70,11,11,976,515,3529,5020
directed_cut,synthetic_n200_p0.1,0,70,12,12,1047,577,3461,5085
directed_cut,synthetic_n200_p0.1,0,70,13,13,1118,636,3404,5158
directed_cut,synthetic_n200_p0.1,0,70,14,14,1188,687,3329,5204
directed_cut,synthetic_n200_p0.1,0,70,15,15,1256,754,3266,5276
directed_cut,synthetic_n200_p0.1,0,70,16,16,1322,795,3207,5324
directed_cut,synthetic_n200_p0.1,0,70,17,17,1387,831,3143,5361
directed_cut,synthetic_n200_p0.1,0,70,18,18,1452,883,3079,5414
directed_cut,synthetic_n200_p0.1,0,70,19,19,1517,943,3020,5480
directed_cut,synthetic_n200_p0.1,0,70,20,20,1581,970,2965,5516
directed_cut,synthetic_n200_p0.1,0,70,21,21,1643,1023,2895,5561
directed_cut,synthetic_n200_p0.1,0,70,22,22,1705,1054,2835,5594
directed_cut,synthetic_n200_p0.1,0,70,23,23,1765,1097,2767,5629
directed_cut,synthetic_n200_p0.1,0,70,24,24,1823,1140,2716,5679
directed_cut,synthetic_n200_p0.1,0,70,25,25,1880,1169,2658,5707
directed_cut,synthetic_n200_p0.1,0,70,26,26,1935,1212,2604,5751
directed_cut,synthetic_n200_p0.1,0,70,27,27,1989,1259,2554,5802
directed_cut,synthetic_n200_p0.1,0,70,28,28,2043,1315,2483,5841
directed_cut,synthetic_n200_p0.1,0,70,29,29,2095,1341,2440,5876
directed_cut,synthetic_n200_p0.1,0,70,30,30,2146,1374,2384,5904
directed_cut,synthetic_n200_p0.1,0,70,31,31,2197,1403,2337,5937
directed_cut,synthetic_n200_p0.1,0,70,32,32,2247,1433,2295,5975
directed_cut,synthetic_n200_p0.1,0,70,33,33,2296,1475,2256,6027
directed_cut,synthetic_n200_p0.1,0,70,34,34,2344,1510,2201,6055
directed_cut,synthetic_n200_p0.1,0,70,35,35,2392,1566,2118,6076
directed_cut,synthetic_n200_p0.1,0,70,36,36,2439,1624,2062,6125
directed_cut,synthetic_n200_p0.1,0,70,37,37,2486,1659,2022,6167
directed_cut,synthetic_n200_p0.1,0,70,38,38,2530,1696,1980,6206
directed_cut,synthetic_n200_p0.1,0,70,39,39,2574,1737,1913,6224
directed_cut,synthetic_n200_p0.1,0,70,40,40,2617,1766,1864,6247
directed_cut,synthetic_n200_p0.1,0,70,41,41,2658,1805,1812,6275
directed_cut,synthetic_n200_p0.1,0,70,42,42,2699,1874,1753,6326
directed_cut,synthetic_n200_p0.1,0,70,43,43,2740,1924,1705,6369
directed_cut,synthetic_n200_p0.1,0,70,44,44,2780,1981,1659,6420
directed_cut,synthetic_n200_p0.1,0,70,45,45,2820,2007,1607,6434
directed_cut,synthetic_n200_p0.1,0,70,46,46,2858,2072,1545,6475
directed_cut,synthetic_n200_p0.1,0,70,47,47,2895,2126,1484,6505
directed_cut,synthetic_n200_p0.1,0,70,48,48,2932,2171,1424,6527
directed_cut,synthetic_n200_p0.1,0,70,49,49,2968,2247,1368,6583
directed_cut,synthetic_n200_p0.1,0,70,50,50,3001,2290,1325,6616
directed_cut,synthetic_n200_p0.1,0,70,51,51,3034,2315,1292,6641
directed_cut,synthetic_n200_p0.1,0,70,52,52,3067,2365,1250,6682
directed_cut,synthetic_n200_p0.1,0,70,53,53,3098,2415,1219,6732
directed_cut,synthetic_n200_p0.1,0,70,54,54,3129,2478,1181,6788
directed_cut,synthetic_n200_p0.1,0,70,55,55,3160,2533,1131,6824
directed_cut,synthetic_n200_p0.1,0,70,56,56,3190,2575,1079,6844
directed_cut,synthetic_n200_p0.1,0,70,57,57,3219,2598,1036,6853
directed_cut,synthetic_n200_p0.1,0,70,58,58,3248,2639,987,6874
directed_cut,synthetic_n200_p0.1,0,70,59,59,3277,2651,959,6887
directed_cut,synthetic_n200_p0.1,0,70,60,60,3305,2705,905,6915
directed_cut,synthetic_n200_p0.1,0,70,61,61,3331,2744,862,6937
directed_cut,synthetic_n200_p0.1,0,70,62,62,3356,2781,826,6963
directed_cut,synthetic_n200_p0.1,0,70,63,63,3380,2840,749,6969
directed_cut,synthetic_n200_p0.1,0,70,64,64,3404,2867,709,6980
directed_cut,synthetic_n200_p0.1,0,70,65,65,3427,2921,675,7023
directed_cut,synthetic_n200_p0.1,0,70,66,66,3450,2964,623,7037
directed_cut,synthetic_n200_p0.1,0,70,67,67,3471,2996,585,7052
directed_cut,synthetic_n200_p0.1,0,70,68,68,3491,3035,558,7084
directed_cut,synthetic_n200_p0.1,0,70,69,69,3510,3067,525,7102
directed_cut,synthetic_n200_p0.1,0,70,70,70,3529,3100,480,7109
directed_cut,synthetic_n200_p0.1,0,75,0,0,0,0,4694,4694
directed_cut,synthetic_n200_p0.1,0,75,1,1,104,33,4592,4729
directed_cut,synthetic_n200_p0.1,0,75,2,2,204,68,4495,4767
directed_cut,synthetic_n200_p0.1,0,75,3,3,298,112,4399,4809
directed_cut,synthetic_n200_p0.1,0,75,4,4,392,184,4312,4888
directed_cut,synthetic_n200_p0.1,0,75,5,5,484,236,4200,4920
directed_cut,synthetic_n200_p0.1,0,75,6,6,571,275,4096,4942
directed_cut,synthetic_n200_p0.1,0,75,7,7,657,327,4021,5005
directed_cut,synthetic_n200_p0.1,0,75,8,8,741,350,3941,5032
directed_cut,synthetic_n200_p0.1,0,75,9,9,821,399,3865,5085
directed_cut,synthetic_n200_p0.1,0,75,10,10,899,439,3794,5132
directed_cut,synthetic_n200_p0.1,0,75,11,11,976,515,3714,5205
directed_cut,synthetic_n200_p0.1,0,75,12,12,1047,577,3641,5265
directed_cut,synthetic_n200_p0.1,0,75,13,13,1118,636,3581,5335
directed_cut,synthetic_n200_p0.1,0,75,14,14,1188,687,3504,5379
directed_cut,synthetic_n200_p0.1,0,75,15,15,1256,754,3434,5444
directed_cut,synthetic_n200_p0.1,0,75,16,16,1322,795,3371,5488
directed_cut,synthetic_n200_p0.1,0,75,17,17,1387,831,3304,5522
directed_cut,synthetic_n200_p0.1,0,75,18,18,1452,883,3239,5574
directed_cut,synthetic_n200_p0.1,0,75,19,19,1517,943,3175,5635
directed_cut,synthetic_n200_p0.1,0,75,20,20,1581,970,3116,5667
directed_cut,synthetic_n200_p0.1,0,75,21,21,1643,1023,3039,5705
directed_cut,synthetic_n200_p0.1,0,75,22,22,1705,1054,2978,5737
directed_cut,synthetic_n200_p0.1,0,75,23,23,1765,1097,2906,5768
directed_cut,synthetic_n200_p0.1,0,75,24,24,1823,1140,2851,5814
directed_cut,synthetic_n200_p0.1,0,75,25,25,1880,1169,2793,5842
directed_cut,synthetic_n200_p0.1,0,75,26,26,1935,1212,2735,5882
directed_cut,synthetic_n200_p0.1,0,75,27,27,1989,1259,2682,5930
directed_cut,synthetic_n200_p0.1,0,75,28,28,2043,1315,2608,5966
directed_cut,synthetic_n200_p0.1,0,75,29,29,2095,1341,2563,5999
directed_cut,synthetic_n200_p0.1,0,75,30,30,2146,1374,2502,6022
directed_cut,synthetic_n200_p0.1,0,75,31,31,2197,1403,2449,6049
directed_cut,synthetic_n200_p0.1,0,75,32,32,2247,1433,2403,6083
directed_cut,synthetic_n200_p0.1,0,75,33,33,2296,1475,2362,6133
directed_cut,synthetic_n200_p0.1,0,75,34,34,2344,1510,2302,6156
directed_cut,synthetic_n200_p0.1,0,75,35,35,2392,1566,2213,6171
directed_cut,synthetic_n200_p0.1,0,75,36,36,2439,1624,2155,6218
directed_cut,synthetic_n200_p0.1,0,75,37,37,2486,1659,2110,6255
directed_cut,synthetic_n200_p0.1,0,75,38,38,2530,1696,2067,6293
directed_cut,synthetic_n200_p0.1,0,75,39,39,2574,1737,1995,6306
directed_cut,synthetic_n200_p0.1,0,75,40,40,2617,1766,1944,6327
directed_cut,synthetic_n200_p0.1,0,75,41,41,2658,1805,1892,6355
directed_cut,synthetic_n200_p0.1,0,75,42,42,2699,1874,1828,6401
directed_cut,synthetic_n200_p0.1,0,75,43,43,2740,1924,1780,6444
directed_cut,synthetic_n200_p0.1,0,75,44,44,2780,1981,1732,6493
directed_cut,synthetic_n200_p0.1,0,75,45,45,2820,2007,1678,6505
directed_cut,synthetic_n200_p0.1,0,75,46,46,2858,2072,1605,6535
directed_cut,synthetic_n200_p0.1,0,75,47,47,2895,2126,1540,6561
directed_cut,synthetic_n200_p0.1,0,75,48,48,2932,2171,1478,6581
directed_cut,synthetic_n200_p0.1,0,75,49,49,2968,2247,1416,6631
directed_cut,synthetic_n200_p0.1,0,75,50,50,3001,2290,1370,6661
directed_cut,synthetic_n200_p0.1,0,75,51,51,3034,2315,1337,6686
directed_cut,synthetic_n200_p0.1,0,75,52,52,3067,2365,1289,6721
directed_cut,synthetic_n200_p0.1,0,75,53,53,3098,2415,1257,6770
directed_cut,synthetic_n200_p0.1,0,75,54,54,3129,2478,1216,6823
directed_cut,synthetic_n200_p0.1,0,75,55,55,3160,2533,1162,6855
directed_cut,synthetic_n200_p0.1,0,75,56,56,3190,2575,1108,6873
directed_cut,synthetic_n200_p0.1,0,75,57,57,3219,2598,1062,6879
directed_cut,synthetic_n200_p0.1,0,75,58,58,3248,2639,1009,6896
directed_cut,synthetic_n200_p0.1,0,75,59,59,3277,2651,980,6908
directed_cut,synthetic_n200_p0.1,0,75,60,60,3305,2705,921,6931
directed_cut,synthetic_n200_p0.1,0,75,61,61,3331,2744,877,6952
directed_cut,synthetic_n200_p0.1,0,75,62,62,3356,2781,840,6977
directed_cut,synthetic_n200_p0.1,0,75,63,63,3380,2840,758,6978
directed_cut,synthetic_n200_p0.1,0,75,64,64,3404,2867,718,6989
directed_cut,synthetic_n200_p0.1,0,75,65,65,3427,2921,678,7026
directed_cut,synthetic_n200_p0.1,0,75,66,66,3450,2964,623,7037
directed_cut,synthetic_n200_p0.1,0,75,67,67,3471,2996,585,7052
directed_cut,synthetic_n200_p0.1,0,75,68,68,3491,3035,558,7084
directed_cut,synthetic_n200_p0.1,0,75,69,69,3510,3067,525,7102
directed_cut,synthetic_n200_p0.1,0,75,70,70,3529,3100,480,7109
directed_cut,synthetic_n200_p0.1,0,75,71,71,3547,3140,451,7138
directed_cut,synthetic_n200_p0.1,0,75,72,72,3565,3192,409,7166
directed_cut,synthetic_n200_p0.1,0,75,73,73,3583,3231,368,7182
directed_cut,synthetic_n200_p0.1,0,75,74,74,3600,3254,350,7204
directed_cut,synthetic_n200_p0.1,0,75,75,75,3617,3301,313,7231
directed_cut,synthetic_n200_p0.1,0,80,0,0,0,0,4917,4917
directed_cut,synthetic_n200_p0.1,0,80,1,1,104,33,4800,4937
directed_cut,synthetic_n200_p0.1,0,80,2,2,204,68,4702,4974
directed_cut,synthetic_n200_p0.1,0,80,3,3,298,112,4603,5013
directed_cut,synthetic_n200_p0.1,0,80,4,4,392,184,4515,5091
directed_cut,synthetic_n200_p0.1,0,80,5,5,484,236,4400,5120
directed_cut,synthetic_n200_p0.1,0,80,6,6,571,275,4291,5137
directed_cut,synthetic_n200_p0.1,0,80,7,7,657,327,4212,5196
directed_cut,synthetic_n200_p0.1,0,80,8,8,741,350,4131,5222
directed_cut,synthetic_n200_p0.1,0,80,9,9,821,399,4053,5273
directed_cut,synthetic_n200_p0.1,0,80,10,10,899,439,3979,5317
directed_cut,synthetic_n200_p0.1,0,80,11,11,976,515,3898,5389
directed_cut,synthetic_n200_p0.1,0,80,12,12,1047,577,3819,5443
directed_cut,synthetic_n200_p0.1,0,80,13,13,1118,636,3756,5510
directed_cut,synthetic_n200_p0.1,0,80,14,14,1188,687,3677,5552
directed_cut,synthetic_n200_p0.1,0,80,15,15,1256,754,3597,5607
directed_cut,synthetic_n200_p0.1,0,80,16,16,1322,795,3531,5648
directed_cut,synthetic_n200_p0.1,0,80,17,17,1387,831,3462,5680
directed_cut,synthetic_n200_p0.1,0,80,18,18,1452,883,3396,5731
directed_cut,synthetic_n200_p0.1,0,80,19,19,1517,943,3325,5785
directed_cut,synthetic_n200_p0.1,0,80,20,20,1581,970,3262,5813
directed_cut,synthetic_n200_p0.1,0,80,21,21,1643,1023,3178,5844
directed_cut,synthetic_n200_p0.1,0,80,22,22,1705,1054,3115,5874
directed_cut,synthetic_n200_p0.1,0,80,23,23,1765,1097,3041,5903
directed_cut,synthetic_n200_p0.1,0,80,24,24,1823,1140,2985,5948
directed_cut,synthetic_n200_p0.1,0,80,25,25,1880,1169,2922,5971
directed_cut,synthetic_n200_p0.1,0,80,26,26,1935,1212,2860,6007
directed_cut,synthetic_n200_p0.1,0,80,27,27,1989,1259,2806,6054
directed_cut,synthetic_n200_p0.1,0,80,28,28,2043,1315,2728,6086
directed_cut,synthetic_n200_p0.1,0,80,29,29,2095,1341,2680,6116
directed_cut,synthetic_n200_p0.1,0,80,30,30,2146,1374,2613,6133
directed_cut,synthetic_n200_p0.1,0,80,31,31,2197,1403,2556,6156
directed_cut,synthetic_n200_p0.1,0,80,32,32,2247,1433,2505,6185
directed_cut,synthetic_n200_p0.1,0,80,33,33,2296,1475,2462,6233
directed_cut,synthetic_n200_p0.1,0,80,34,34,2344,1510,2398,6252
directed_cut,synthetic_n200_p0.1,0,80,35,35,2392,1566,2303,6261
directed_cut,synthetic_n200_p0.1,0,80,36,36,2439,1624,2242,6305
directed_cut,synthetic_n200_p0.1,0,80,37,37,2486,1659,2191,6336
directed_cut,synthetic_n200_p0.1,0,80,38,38,2530,1696,2147,6373
directed_cut,synthetic_n200_p0.1,0,80,39,39,2574,1737,2075,6386
directed_cut,synthetic_n200_p0.1,0,80,40,40,2617,1766,2021,6404
directed_cut,synthetic_n200_p0.1,0,80,41,41,2658,1805,1968,6431
directed_cut,synthetic_n200_p0.1,0,80,42,42,2699,1874,1901,6474
directed_cut,synthetic_n200_p0.1,0,80,43,43,2740,1924,1852,6516
directed_cut,synthetic_n200_p0.1,0,80,44,44,2780,1981,1797,6558
directed_cut,synthetic_n200_p0.1,0,80,45,45,2820,2007,1741,6568
directed_cut,synthetic_n200_p0.1,0,80,46,46,2858,2072,1663,6593
directed_cut,synthetic_n200_p0.1,0,80,47,47,2895,2126,1590,6611
directed_cut,synthetic_n200_p0.1,0,80,48,48,2932,2171,1524,6627
directed_cut,synthetic_n200_p0.1,0,80,49,49,2968,2247,1460,6675
directed_cut,synthetic_n200_p0.1,0,80,50,50,3001,2290,1412,6703
directed_cut,synthetic_n200_p0.1,0,80,51,51,3034,2315,1377,6726
directed_cut,synthetic_n200_p0.1,0,80,52,52,3067,2365,1324,6756
directed_cut,synthetic_n200_p0.1,0,80,53,53,3098,2415,1292,6805
directed_cut,synthetic_n200_p0.1,0,80,54,54,3129,2478,1246,6853
directed_cut,synthetic_n200_p0.1,0,80,55,55,3160,2533,1188,6881
directed_cut,synthetic_n200_p0.1,0,80,56,56,3190,2575,1133,6898
directed_cut,synthetic_n200_p0.1,0,80,57,57,3219,2598,1083,6900
directed_cut,synthetic_n200_p0.1,0,80,58,58,3248,2639,1026,6913
directed_cut,synthetic_n200_p0.1,0,80,59,59,3277,2651,996,6924
directed_cut,synthetic_n200_p0.1,0,80,60,60,3305,2705,936,6946
directed_cut,synthetic_n200_p0.1,0,80,61,61,3331,2744,889,6964
directed_cut,synthetic_n200_p0.1,0,80,62,62,3356,2781,845,6982
directed_cut,synthetic_n200_p0.1,0,80,63,63,3380,2840,759,6979
directed_cut,synthetic_n200_p0.1,0,80,64,64,3404,2867,719,6990
directed_cut,synthetic_n200_p0.1,0,80,65,65,3427,2921,678,7026
directed_cut,synthetic_n200_p0.1,0,80,66,66,3450,2964,623,7037
directed_cut,synthetic_n200_p0.1,0,80,67,67,3471,2996,585,7052
directed_cut,synthetic_n200_p0.1,0,80,68,68,3491,3035,558,7084
directed_cut,synthetic_n200_p0.1,0,80,69,69,3510,3067,525,7102
directed_cut,synthetic_n200_p0.1,0,80,70,70,3529,3100,480,7109
directed_cut,synthetic_n200_p0.1,0,80,71,71,3547,3140,451,7138
directed_cut,synthetic_n200_p0.1,0,80,72,72,3565,3192,409,7166
directed_cut,synthetic_n200_p0.1,0,80,73,73,3583,3231,368,7182
directed_cut,synthetic_n200_p0.1,0,80,74,74,3600,3254,350,7204
directed_cut,synthetic_n200_p0.1,0,80,75,75,3617,3301,313,7231
directed_cut,synthetic_n200_p0.1,0,80,76,76,3634,3338,277,7249
directed_cut,synthetic_n200_p0.1,0,80,77,77,3651,3364,252,7267
directed_cut,synthetic_n200_p0.1,0,80,78,78,3667,3388,228,7283
directed_cut,synthetic_n200_p0.1,0,80,79,79,3683,3420,205,7308
directed_cut,synthetic_n200_p0.1,0,80,80,80,3699,3481,170,7350
directed_cut,synthetic_n200_p0.1,0,85,0,0,0,0,5125,5125
directed_cut,synthetic_n200_p0.1,0,85,1,1,104,33,5003,5140
directed_cut,synthetic_n200_p0.1,0,85,2,2,204,68,4905,5177
directed_cut,synthetic_n200_p0.1,0,85,3,3,298,112,4803,5213
directed_cut,synthetic_n200_p0.1,0,85,4,4,392,184,4713,5289
directed_cut,synthetic_n200_p0.1,0,85,5,5,484,236,4595,5315
directed_cut,synthetic_n200_p0.1,0,85,6,6,571,275,4483,5329
directed_cut,synthetic_n200_p0.1,0,85,7,7,657,327,4400,5384
directed_cut,synthetic_n200_p0.1,0,85,8,8,741,350,4317,5408
directed_cut,synthetic_n200_p0.1,0,85,9,9,821,399,4238,5458
directed_cut,synthetic_n200_p0.1,0,85,10,10,899,439,4162,5500
directed_cut,synthetic_n200_p0.1,0,85,11,11,976,515,4078,5569
directed_cut,synthetic_n200_p0.1,0,85,12,12,1047,577,3994,5618
directed_cut,synthetic_n200_p0.1,0,85,13,13,1118,636,3923,5677
directed_cut,synthetic_n200_p0.1,0,85,14,14,1188,687,3842,5717
directed_cut,synthetic_n200_p0.1,0,85,15,15,1256,754,3757,5767
directed_cut,synthetic_n200_p0.1,0,85,16,16,1322,795,3687,5804
directed_cut,synthetic_n200_p0.1,0,85,17,17,1387,831,3615,5833
directed_cut,synthetic_n200_p0.1,0,85,18,18,1452,883,3547,5882
directed_cut,synthetic_n200_p0.1,0,85,19,19,1517,943,3470,5930
directed_cut,synthetic_n200_p0.1,0,85,20,20,1581,970,3402,5953
directed_cut,synthetic_n200_p0.1,0,85,21,21,1643,1023,3313,5979
directed_cut,synthetic_n200_p0.1,0,85,22,22,1705,1054,3250,6009
directed_cut,synthetic_n200_p0.1,0,85,23,23,1765,1097,3174,6036
directed_cut,synthetic_n200_p0.1,0,85,24,24,1823,1140,3112,6075
directed_cut,synthetic_n200_p0.1,0,85,25,25,1880,1169,3045,6094
directed_cut,synthetic_n200_p0.1,0,85,26,26,1935,1212,2981,6128
directed_cut,synthetic_n200_p0.1,0,85,27,27,1989,1259,2925,6173
directed_cut,synthetic_n200_p0.1,0,85,28,28,2043,1315,2841,6199
directed_cut,synthetic_n200_p0.1,0,85,29,29,2095,1341,2789,6225
directed_cut,synthetic_n200_p0.1,0,85,30,30,2146,1374,2720,6240
directed_cut,synthetic_n200_p0.1,0,85,31,31,2197,1403,2658,6258
directed_cut,synthetic_n200_p0.1,0,85,32,32,2247,1433,2604,6284
directed_cut,synthetic_n200_p0.1,0,85,33,33,2296,1475,2557,6328
directed_cut,synthetic_n200_p0.1,0,85,34,34,2344,1510,2489,6343
directed_cut,synthetic_n200_p0.1,0,85,35,35,2392,1566,2388,6346
directed_cut,synthetic_n200_p0.1,0,85,36,36,2439,1624,2322,6385
directed_cut,synthetic_n200_p0.1,0,85,37,37,2486,1659,2269,6414
directed_cut,synthetic_n200_p0.1,0,85,38,38,2530,1696,2224,6450
directed_cut,synthetic_n200_p0.1,0,85,39,39,2574,1737,2150,6461
directed_cut,synthetic_n200_p0.1,0,85,40,40,2617,1766,2096,6479
directed_cut,synthetic_n200_p0.1,0,85,41,41,2658,1805,2043,6506
directed_cut,synthetic_n200_p0.1,0,85,42,42,2699,1874,1964,6537
directed_cut,synthetic_n200_p0.1,0,85,43,43,2740,1924,1915,6579
directed_cut,synthetic_n200_p0.1,0,85,44,44,2780,1981,1857,6618
directed_cut,synthetic_n200_p0.1,0,85,45,45,2820,2007,1800,6627
directed_cut,synthetic_n200_p0.1,0,85,46,46,2858,2072,1713,6643
directed_cut,synthetic_n200_p0.1,0,85,47,47,2895,2126,1635,6656
directed_cut,synthetic_n200_p0.1,0,85,48,48,2932,2171,1567,6670
directed_cut,synthetic_n200_p0.1,0,85,49,49,2968,2247,1500,6715
directed_cut,synthetic_n200_p0.1,0,85,50,50,3001,2290,1448,6739
directed_cut,synthetic_n200_p0.1,0,85,51,51,3034,2315,1412,6761
directed_cut,synthetic_n200_p0.1,0,85,52,52,3067,2365,1355,6787
directed_cut,synthetic_n200_p0.1,0,85,53,53,3098,2415,1322,6835
directed_cut,synthetic_n200_p0.1,0,85,54,54,3129,2478,1271,6878
directed_cut,synthetic_n200_p0.1,0,85,55,55,3160,2533,1209,6902
directed_cut,synthetic_n200_p0.1,0,85,56,56,3190,2575,1153,6918
directed_cut,synthetic_n200_p0.1,0,85,57,57,3219,2598,1100,6917
directed_cut,synthetic_n200_p0.1,0,85,58,58,3248,2639,1041,6928
directed_cut,synthetic_n200_p0.1,0,85,59,59,3277,2651,1009,6937
directed_cut,synthetic_n200_p0.1,0,85,60,60,3305,2705,945,6955
directed_cut,synthetic_n200_p0.1,0,85,61,61,3331,2744,895,6970
directed_cut,synthetic_n200_p0.1,0,85,62,62,3356,2781,845,6982
directed_cut,synthetic_n200_p0.1,0,85,63,63,3380,2840,759,6979
directed_cut,synthetic_n200_p0.1,0,85,64,64,3404,2867,719,6990
directed_cut,synthetic_n200_p0.1,0,85,65,65,3427,2921,678,7026
directed_cut,synthetic_n200_p0.1,0,85,66,66,3450,2964,623,7037
directed_cut,synthetic_n200_p0.1,0,85,67,67,3471,2996,585,7052
directed_cut,synthetic_n200_p0.1,0,85,68,68,3491,3035,558,7084
directed_cut,synthetic_n200_p0.1,0,85,69,69,3510,3067,525,7102
directed_cut,synthetic_n200_p0.1,0,85,70,70,3529,3100,480,7109
directed_cut,synthetic_n200_p0.1,0,85,71,71,3547,3140,451,7138
directed_cut,synthetic_n200_p0.1,0,85,72,72,3565,3192,409,7166
directed_cut,synthetic_n200_p0.1,0,85,73,73,3583,3231,368,7182
directed_cut,synthetic_n200_p0.1,0,85,74,74,3600,3254,350,7204
directed_cut,synthetic_n200_p0.1,0,85,75,75,3617,3301,313,7231
directed_cut,synthetic_n200_p0.1,0,85,76,76,3634,3338,277,7249
directed_cut,synthetic_n200_p0.1,0,85,77,77,3651,3364,252,7267
directed_cut,synthetic_n200_p0.1,0,85,78,78,3667,3388,228,7283
directed_cut,synthetic_n200_p0.1,0,85,79,79,3683,3420,205,7308
directed_cut,synthetic_n200_p0.1,0,85,80,80,3699,3481,170,7350
directed_cut,synthetic_n200_p0.1,0,85,81,81,3713,3524,152,7389
directed_cut,synthetic_n200_p0.1,0,85,82,82,3727,3598,120,7445
directed_cut,synthetic_n200_p0.1,0,85,83,83,3741,3668,96,7505
directed_cut,synthetic_n200_p0.1,0,85,84,84,3754,3709,80,7543
directed_cut,synthetic_n200_p0.1,0,85,85,85,3766,3741,67,7574
directed_cut,synthetic_n200_p0.1,0,90,0,0,0,0,5326,5326
directed_cut,synthetic_n200_p0.1,0,90,1,1,104,33,5203,5340
directed_cut,synthetic_n200_p0.1,0,90,2,2,204,68,5105,5377
directed_cut,synthetic_n200_p0.1,0,90,3,3,298,112,5000,5410
directed_cut,synthetic_n200_p0.1,0,90,4,4,392,184,4905,5481
directed_cut,synthetic_n200_p0.1,0,90,5,5,484,236,4786,5506
directed_cut,synthetic_n200_p0.1,0,90,6,6,571,275,4671,5517
directed_cut,synthetic_n200_p0.1,0,90,7,7,657,327,4585,5569
directed_cut,synthetic_n200_p0.1,0,90,8,8,741,350,4502,5593
directed_cut,synthetic_n200_p0.1,0,90,9,9,821,399,4422,5642
directed_cut,synthetic_n200_p0.1,0,90,10,10,899,439,4340,5678
directed_cut,synthetic_n200_p0.1,0,90,11,11,976,515,4254,5745
directed_cut,synthetic_n200_p0.1,0,90,12,12,1047,577,4160,5784
directed_cut,synthetic_n200_p0.1,0,90,13,13,1118,636,4085,5839
directed_cut,synthetic_n200_p0.1,0,90,14,14,1188,687,4001,5876
directed_cut,synthetic_n200_p0.1,0,90,15,15,1256,754,3910,5920
directed_cut,synthetic_n200_p0.1,0,90,16,16,1322,795,3837,5954
directed_cut,synthetic_n200_p0.1,0,90,17,17,1387,831,3762,5980
directed_cut,synthetic_n200_p0.1,0,90,18,18,1452,883,3691,6026
directed_cut,synthetic_n200_p0.1,0,90,19,19,1517,943,3611,6071
directed_cut,synthetic_n200_p0.1,0,90,20,20,1581,970,3537,6088
directed_cut,synthetic_n200_p0.1,0,90,21,21,1643,1023,3445,6111
directed_cut,synthetic_n200_p0.1,0,90,22,22,1705,1054,3381,6140
directed_cut,synthetic_n200_p0.1,0,90,23,23,1765,1097,3302,6164
directed_cut,synthetic_n200_p0.1,0,90,24,24,1823,1140,3233,6196
directed_cut,synthetic_n200_p0.1,0,90,25,25,1880,1169,3163,6212
directed_cut,synthetic_n200_p0.1,0,90,26,26,1935,1212,3096,6243
directed_cut,synthetic_n200_p0.1,0,90,27,27,1989,1259,3037,6285
directed_cut,synthetic_n200_p0.1,0,90,28,28,2043,1315,2948,6306
directed_cut,synthetic_n200_p0.1,0,90,29,29,2095,1341,2894,6330
directed_cut,synthetic_n200_p0.1,0,90,30,30,2146,1374,2823,6343
directed_cut,synthetic_n200_p0.1,0,90,31,31,2197,1403,2757,6357
directed_cut,synthetic_n200_p0.1,0,90,32,32,2247,1433,2699,6379
directed_cut,synthetic_n200_p0.1,0,90,33,33,2296,1475,2646,6417
directed_cut,synthetic_n200_p0.1,0,90,34,34,2344,1510,2574,6428
directed_cut,synthetic_n200_p0.1,0,90,35,35,2392,1566,2468,6426
directed_cut,synthetic_n200_p0.1,0,90,36,36,2439,1624,2400,6463
directed_cut,synthetic_n200_p0.1,0,90,37,37,2486,1659,2344,6489
directed_cut,synthetic_n200_p0.1,0,90,38,38,2530,1696,2299,6525
directed_cut,synthetic_n200_p0.1,0,90,39,39,2574,1737,2224,6535
directed_cut,synthetic_n200_p0.1,0,90,40,40,2617,1766,2166,6549
directed_cut,synthetic_n200_p0.1,0,90,41,41,2658,1805,2108,6571
directed_cut,synthetic_n200_p0.1,0,90,42,42,2699,1874,2021,6594
directed_cut,synthetic_n200_p0.1,0,90,43,43,2740,1924,1972,6636
directed_cut,synthetic_n200_p0.1,0,90,44,44,2780,1981,1910,6671
directed_cut,synthetic_n200_p0.1,0,90,45,45,2820,2007,1851,6678
directed_cut,synthetic_n200_p0.1,0,90,46,46,2858,2072,1758,6688
directed_cut,synthetic_n200_p0.1,0,90,47,47,2895,2126,1675,6696
directed_cut,synthetic_n200_p0.1,0,90,48,48,2932,2171,1607,6710
directed_cut,synthetic_n200_p0.1,0,90,49,49,2968,2247,1536,6751
directed_cut,synthetic_n200_p0.1,0,90,50,50,3001,2290,1479,6770
directed_cut,synthetic_n200_p0.1,0,90,51,51,3034,2315,1443,6792
directed_cut,synthetic_n200_p0.1,0,90,52,52,3067,2365,1382,6814
directed_cut,synthetic_n200_p0.1,0,90,53,53,3098,2415,1346,6859
directed_cut,synthetic_n200_p0.1,0,90,54,54,3129,2478,1291,6898
directed_cut,synthetic_n200_p0.1,0,90,55,55,3160,2533,1224,6917
directed_cut,synthetic_n200_p0.1,0,90,56,56,3190,2575,1168,6933
directed_cut,synthetic_n200_p0.1,0,90,57,57,3219,2598,1113,6930
directed_cut,synthetic_n200_p0.1,0,90,58,58,3248,2639,1048,6935
directed_cut,synthetic_n200_p0.1,0,90,59,59,3277,2651,1011,6939
directed_cut,synthetic_n200_p0.1,0,90,60,60,3305,2705,945,6955
directed_cut,synthetic_n200_p0.1,0,90,61,61,3331,2744,895,6970
directed_cut,synthetic_n200_p0.1,0,90,62,62,3356,2781,845,6982
directed_cut,synthetic_n200_p0.1,0,90,63,63,3380,2840,759,6979
directed_cut,synthetic_n200_p0.1,0,90,64,64,3404,2867,719,6990
directed_cut,synthetic_n200_p0.1,0,90,65,65,3427,2921,678,7026
directed_cut,synthetic_n200_p0.1,0,90,66,66,3450,2964,623,7037
directed_cut,synthetic_n200_p0.1,0,90,67,67,3471,2996,585,7052
directed_cut,synthetic_n200_p0.1,0,90,68,68,3491,3035,558,7084
directed_cut,synthetic_n200_p0.1,0,90,69,69,3510,3067,525,7102
directed_cut,synthetic_n200_p0.1,0,90,70,70,3529,3100,480,7109
directed_cut,synthetic_n200_p0.1,0,90,71,71,3547,3140,451,7138
directed_cut,synthetic_n200_p0.1,0,90,72,72,3565,3192,409,7166
directed_cut,synthetic_n200_p0.1,0,90,73,73,3583,3231,368,7182
directed_cut,synthetic_n200_p0.1,0,90,74,74,3600,3254,350,7204
directed_cut,synthetic_n200_p0.1,0,90,75,75,3617,3301,313,7231
directed_cut,synthetic_n200_p0.1,0,90,76,76,3634,3338,277,7249
directed_cut,synthetic_n200_p0.1,0,90,77,77,3651,3364,252,7267
directed_cut,synthetic_n200_p0.1,0,90,78,78,3667,3388,228,7283
directed_cut,synthetic_n200_p0.1,0,90,79,79,3683,3420,205,7308
directed_cut,synthetic_n200_p0.1,0,90,80,80,3699,3481,170,7350
directed_cut,synthetic_n200_p0.1,0,90,81,81,3713,3524,152,7389
directed_cut,synthetic_n200_p0.1,0,90,82,82,3727,3598,120,7445
directed_cut,synthetic_n200_p0.1,0,90,83,83,3741,3668,96,7505
directed_cut,synthetic_n200_p0.1,0,90,84,84,3754,3709,80,7543
directed_cut,synthetic_n200_p0.1,0,90,85,85,3766,3741,67,7574
directed_cut,synthetic_n200_p0.1,0,90,86,86,3776,3766,58,7600
directed_cut,synthetic_n200_p0.1,0,90,87,87,3784,3819,50,7653
directed_cut,synthetic_n200_p0.1,0,90,88,88,3792,3861,42,7695
directed_cut,synthetic_n200_p0.1,0,90,89,89,3800,3902,32,7734
directed_cut,synthetic_n200_p0.1,0,90,90,90,3807,3926,24,7757
directed_cut,synthetic_n200_p0.1,0,95,0,0,0,0,5526,5526
directed_cut,synthetic_n200_p0.1,0,95,1,1,104,33,5401,5538
directed_cut,synthetic_n200_p0.1,0,95,2,2,204,68,5303,5575
directed_cut,synthetic_n200_p0.1,0,95,3,3,298,112,5191,5601
directed_cut,synthetic_n200_p0.1,0,95,4,4,392,184,5091,5667
directed_cut,synthetic_n200_p0.1,0,95,5,5,484,236,4971,5691
directed_cut,synthetic_n200_p0.1,0,95,6,6,571,275,4856,5702
directed_cut,synthetic_n200_p0.1,0,95,7,7,657,327,4768,5752
directed_cut,synthetic_n200_p0.1,0,95,8,8,741,350,4684,5775
directed_cut,synthetic_n200_p0.1,0,95,9,9,821,399,4600,5820
directed_cut,synthetic_n200_p0.1,0,95,10,10,899,439,4514,5852
directed_cut,synthetic_n200_p0.1,0,95,11,11,976,515,4424,5915
directed_cut,synthetic_n200_p0.1,0,95,12,12,1047,577,4322,5946
directed_cut,synthetic_n200_p0.1,0,95,13,13,1118,636,4241,5995
directed_cut,synthetic_n200_p0.1,0,95,14,14,1188,687,4152,6027
directed_cut,synthetic_n200_p0.1,0,95,15,15,1256,754,4055,6065
directed_cut,synthetic_n200_p0.1,0,95,16,16,1322,795,3981,6098
directed_cut,synthetic_n200_p0.1,0,95,17,17,1387,831,3904,6122
directed_cut,synthetic_n200_p0.1,0,95,18,18,1452,883,3831,6166
directed_cut,synthetic_n200_p0.1,0,95,19,19,1517,943,3748,6208
directed_cut,synthetic_n200_p0.1,0,95,20,20,1581,970,3669,6220
directed_cut,synthetic_n200_p0.1,0,95,21,21,1643,1023,3572,6238
directed_cut,synthetic_n200_p0.1,0,95,22,22,1705,1054,3506,6265
directed_cut,synthetic_n200_p0.1,0,95,23,23,1765,1097,3423,6285
directed_cut,synthetic_n200_p0.1,0,95,24,24,1823,1140,3348,6311
directed_cut,synthetic_n200_p0.1,0,95,25,25,1880,1169,3274,6323
directed_cut,synthetic_n200_p0.1,0,95,26,26,1935,1212,3206,6353
directed_cut,synthetic_n200_p0.1,0,95,27,27,1989,1259,3145,6393
directed_cut,synthetic_n200_p0.1,0,95,28,28,2043,1315,3051,6409
directed_cut,synthetic_n200_p0.1,0,95,29,29,2095,1341,2994,6430
directed_cut,synthetic_n200_p0.1,0,95,30,30,2146,1374,2921,6441
directed_cut,synthetic_n200_p0.1,0,95,31,31,2197,1403,2851,6451
directed_cut,synthetic_n200_p0.1,0,95,32,32,2247,1433,2787,6467
directed_cut,synthetic_n200_p0.1,0,95,33,33,2296,1475,2731,6502
directed_cut,synthetic_n200_p0.1,0,95,34,34,2344,1510,2654,6508
directed_cut,synthetic_n200_p0.1,0,95,35,35,2392,1566,2543,6501
directed_cut,synthetic_n200_p0.1,0,95,36,36,2439,1624,2474,6537
directed_cut,synthetic_n200_p0.1,0,95,37,37,2486,1659,2414,6559
directed_cut,synthetic_n200_p0.1,0,95,38,38,2530,1696,2369,6595
directed_cut,synthetic_n200_p0.1,0,95,39,39,2574,1737,2292,6603
directed_cut,synthetic_n200_p0.1,0,95,40,40,2617,1766,2225,6608
directed_cut,synthetic_n200_p0.1,0,95,41,41,2658,1805,2165,6628
directed_cut,synthetic_n200_p0.1,0,95,42,42,2699,1874,2069,6642
directed_cut,synthetic_n200_p0.1,0,95,43,43,2740,1924,2019,6683
directed_cut,synthetic_n200_p0.1,0,95,44,44,2780,1981,1956,6717
directed_cut,synthetic_n200_p0.1,0,95,45,45,2820,2007,1895,6722
directed_cut,synthetic_n200_p0.1,0,95,46,46,2858,2072,1798,6728
directed_cut,synthetic_n200_p0.1,0,95,47,47,2895,2126,1713,6734
directed_cut,synthetic_n200_p0.1,0,95,48,48,2932,2171,1643,6746
directed_cut,synthetic_n200_p0.1,0,95,49,49,2968,2247,1570,6785
directed_cut,synthetic_n200_p0.1,0,95,50,50,3001,2290,1504,6795
directed_cut,synthetic_n200_p0.1,0,95,51,51,3034,2315,1467,6816
directed_cut,synthetic_n200_p0.1,0,95,52,52,3067,2365,1403,6835
directed_cut,synthetic_n200_p0.1,0,95,53,53,3098,2415,1364,6877
directed_cut,synthetic_n200_p0.1,0,95,54,54,3129,2478,1304,6911
directed_cut,synthetic_n200_p0.1,0,95,55,55,3160,2533,1230,6923
directed_cut,synthetic_n200_p0.1,0,95,56,56,3190,2575,1176,6941
directed_cut,synthetic_n200_p0.1,0,95,57,57,3219,2598,1116,6933
directed_cut,synthetic_n200_p0.1,0,95,58,58,3248,2639,1049,6936
directed_cut,synthetic_n200_p0.1,0,95,59,59,3277,2651,1011,6939
directed_cut,synthetic_n200_p0.1,0,95,60,60,3305,2705,945,6955
directed_cut,synthetic_n200_p0.1,0,95,61,61,3331,2744,895,6970
directed_cut,synthetic_n200_p0.1,0,95,62,62,3356,2781,845,6982
directed_cut,synthetic_n200_p0.1,0,95,63,63,3380,2840,759,6979
directed_cut,synthetic_n200_p0.1,0,95,64,64,3404,2867,719,6990
directed_cut,synthetic_n200_p0.1,0,95,65,65,3427,2921,678,7026
directed_cut,synthetic_n200_p0.1,0,95,66,66,3450,2964,623,7037
directed_cut,synthetic_n200_p0.1,0,95,67,67,3471,2996,585,7052
directed_cut,synthetic_n200_p0.1,0,95,68,68,3491,3035,558,7084
directed_cut,synthetic_n200_p0.1,0,95,69,69,3510,3067,525,7102
directed_cut,synthetic_n200_p0.1,0,95,70,70,3529,3100,480,7109
directed_cut,synthetic_n200_p0.1,0,95,71,71,3547,3140,451,7138
directed_cut,synthetic_n200_p0.1,0,95,72,72,3565,3192,409,7166
directed_cut,synthetic_n200_p0.1,0,95,73,73,3583,3231,368,7182
directed_cut,synthetic_n200_p0.1,0,95,74,74,3600,3254,350,7204
directed_cut,synthetic_n200_p0.1,0,95,75,75,3617,3301,313,7231
directed_cut,synthetic_n200_p0.1,0,95,76,76,3634,3338,277,7249
directed_cut,synthetic_n200_p0.1,0,95,77,77,3651,3364,252,7267
directed_cut,synthetic_n200_p0.1,0,95,78,78,3667,3388,228,7283
directed_cut,synthetic_n200_p0.1,0,95,79,79,3683,3420,205,7308
directed_cut,synthetic_n200_p0.1,0,95,80,80,3699,3481,170,7350
directed_cut,synthetic_n200_p0.1,0,95,81,81,3713,3524,152,7389
directed_cut,synthetic_n200_p0.1,0,95,82,82,3727,3598,120,7445
directed_cut,synthetic_n200_p0.1,0,95,83,83,3741,3668,96,7505
directed_cut,synthetic_n200_p0.1,0,95,84,84,3754,3709,80,7543
directed_cut,synthetic_n200_p0.1,0,95,85,85,3766,3741,67,7574
directed_cut,synthetic_n200_p0.1,0,95,86,86,3776,3766,58,7600
directed_cut,synthetic_n200_p0.1,0,95,87,87,3784,3819,50,7653
directed_cut,synthetic_n200_p0.1,0,95,88,88,3792,3861,42,7695
directed_cut,synthetic_n200_p0.1,0,95,89,89,3800,3902,32,7734
directed_cut,synthetic_n200_p0.1,0,95,90,90,3807,3926,24,7757
directed_cut,synthetic_n200_p0.1,0,95,91,91,3813,3962,14,7789
directed_cut,synthetic_n200_p0.1,0,95,92,92,3818,3995,8,7821
directed_cut,synthetic_n200_p0.1,0,95,93,93,3821,4044,5,7870
directed_cut,synthetic_n200_p0.1,0,95,94,94,3823,4101,3,7927
directed_cut,synthetic_n200_p0.1,0,95,95,95,3825,4141,1,7967
directed_cut,synthetic_n200_p0.1,0,100,0,0,0,0,5721,5721
directed_cut,synthetic_n200_p0.1,0,100,1,1,104,33,5593,5730
directed_cut,synthetic_n200_p0.1,0,100,2,2,204,68,5496,5768
directed_cut,synthetic_n200_p0.1,0,100,3,3,298,112,5376,5786
directed_cut,synthetic_n200_p0.1,0,100,4,4,392,184,5274,5850
directed_cut,synthetic_n200_p0.1,0,100,5,5,484,236,5154,5874
directed_cut,synthetic_n200_p0.1,0,100,6,6,571,275,5037,5883
directed_cut,synthetic_n200_p0.1,0,100,7,7,657,327,4946,5930
directed_cut,synthetic_n200_p0.1,0,100,8,8,741,350,4860,5951
directed_cut,synthetic_n200_p0.1,0,100,9,9,821,399,4774,5994
directed_cut,synthetic_n200_p0.1,0,100,10,10,899,439,4680,6018
directed_cut,synthetic_n200_p0.1,0,100,11,11,976,515,4587,6078
directed_cut,synthetic_n200_p0.1,0,100,12,12,1047,577,4479,6103
directed_cut,synthetic_n200_p0.1,0,100,13,13,1118,636,4389,6143
directed_cut,synthetic_n200_p0.1,0,100,14,14,1188,687,4297,6172
directed_cut,synthetic_n200_p0.1,0,100,15,15,1256,754,4196,6206
directed_cut,synthetic_n200_p0.1,0,100,16,16,1322,795,4120,6237
directed_cut,synthetic_n200_p0.1,0,100,17,17,1387,831,4043,6261
directed_cut,synthetic_n200_p0.1,0,100,18,18,1452,883,3967,6302
directed_cut,synthetic_n200_p0.1,0,100,19,19,1517,943,3880,6340
directed_cut,synthetic_n200_p0.1,0,100,20,20,1581,970,3790,6341
directed_cut,synthetic_n200_p0.1,0,100,21,21,1643,1023,3691,6357
directed_cut,synthetic_n200_p0.1,0,100,22,22,1705,1054,3625,6384
directed_cut,synthetic_n200_p0.1,0,100,23,23,1765,1097,3537,6399
directed_cut,synthetic_n200_p0.1,0,100,24,24,1823,1140,3458,6421
directed_cut,synthetic_n200_p0.1,0,100,25,25,1880,1169,3381,6430
directed_cut,synthetic_n200_p0.1,0,100,26,26,1935,1212,3311,6458
directed_cut,synthetic_n200_p0.1,0,100,27,27,1989,1259,3248,6496
directed_cut,synthetic_n200_p0.1,0,100,28,28,2043,1315,3150,6508
directed_cut,synthetic_n200_p0.1,0,100,29,29,2095,1341,3090,6526
directed_cut,synthetic_n200_p0.1,0,100,30,30,2146,1374,3014,6534
directed_cut,synthetic_n200_p0.1,0,100,31,31,2197,1403,2937,6537
directed_cut,synthetic_n200_p0.1,0,100,32,32,2247,1433,2872,6552
directed_cut,synthetic_n200_p0.1,0,100,33,33,2296,1475,2811,6582
directed_cut,synthetic_n200_p0.1,0,100,34,34,2344,1510,2730,6584
directed_cut,synthetic_n200_p0.1,0,100,35,35,2392,1566,2614,6572
directed_cut,synthetic_n200_p0.1,0,100,36,36,2439,1624,2543,6606
directed_cut,synthetic_n200_p0.1,0,100,37,37,2486,1659,2478,6623
directed_cut,synthetic_n200_p0.1,0,100,38,38,2530,1696,2432,6658
directed_cut,synthetic_n200_p0.1,0,100,39,39,2574,1737,2351,6662
directed_cut,synthetic_n200_p0.1,0,100,40,40,2617,1766,2274,6657
directed_cut,synthetic_n200_p0.1,0,100,41,41,2658,1805,2214,6677
directed_cut,synthetic_n200_p0.1,0,100,42,42,2699,1874,2110,6683
directed_cut,synthetic_n200_p0.1,0,100,43,43,2740,1924,2059,6723
directed_cut,synthetic_n200_p0.1,0,100,44,44,2780,1981,1996,6757
directed_cut,synthetic_n200_p0.1,0,100,45,45,2820,2007,1935,6762
directed_cut,synthetic_n200_p0.1,0,100,46,46,2858,2072,1836,6766
directed_cut,synthetic_n200_p0.1,0,100,47,47,2895,2126,1748,6769
directed_cut,synthetic_n200_p0.1,0,100,48,48,2932,2171,1676,6779
directed_cut,synthetic_n200_p0.1,0,100,49,49,2968,2247,1596,6811
directed_cut,synthetic_n200_p0.1,0,100,50,50,3001,2290,1522,6813
directed_cut,synthetic_n200_p0.1,0,100,51,51,3034,2315,1485,6834
directed_cut,synthetic_n200_p0.1,0,100,52,52,3067,2365,1419,6851
directed_cut,synthetic_n200_p0.1,0,100,53,53,3098,2415,1372,6885
directed_cut,synthetic_n200_p0.1,0,100,54,54,3129,2478,1308,6915
directed_cut,synthetic_n200_p0.1,0,100,55,55,3160,2533,1231,6924
directed_cut,synthetic_n200_p0.1,0,100,56,56,3190,2575,1177,6942
directed_cut,synthetic_n200_p0.1,0,100,57,57,3219,2598,1116,6933
directed_cut,synthetic_n200_p0.1,0,100,58,58,3248,2639,1049,6936
directed_cut,synthetic_n200_p0.1,0,100,59,59,3277,2651,1011,6939
directed_cut,synthetic_n200_p0.1,0,100,60,60,3305,2705,945,6955
directed_cut,synthetic_n200_p0.1,0,100,61,61,3331,2744,895,6970
directed_cut,synthetic_n200_p0.1,0,100,62,62,3356,2781,845,6982
directed_cut,synthetic_n200_p0.1,0,100,63,63,3380,2840,759,6979
directed_cut,synthetic_n200_p0.1,0,100,64,64,3404,2867,719,6990
directed_cut,synthetic_n200_p0.1,0,100,65,65,3427,2921,678,7026
directed_cut,synthetic_n200_p0.1,0,100,66,66,3450,2964,623,7037
directed_cut,synthetic_n200_p0.1,0,100,67,67,3471,2996,585,7052
directed_cut,synthetic_n200_p0.1,0,100,68,68,3491,3035,558,7084
directed_cut,synthetic_n200_p0.1,0,100,69,69,3510,3067,525,7102
directed_cut,synthetic_n200_p0.1,0,100,70,70,3529,3100,480,7109
directed_cut,synthetic_n200_p0.1,0,100,71,71,3547,3140,451,7138
directed_cut,synthetic_n200_p0.1,0,100,72,72,3565,3192,409,7166
directed_cut,synthetic_n200_p0.1,0,100,73,73,3583,3231,368,7182
directed_cut,synthetic_n200_p0.1,0,100,74,74,3600,3254,350,7204
directed_cut,synthetic_n200_p0.1,0,100,75,75,3617,3301,313,7231
directed_cut,synthetic_n200_p0.1,0,100,76,76,3634,3338,277,7249
directed_cut,synthetic_n200_p0.1,0,100,77,77,3651,3364,252,7267
directed_cut,synthetic_n200_p0.1,0,100,78,78,3667,3388,228,7283
directed_cut,synthetic_n200_p0.1,0,100,79,79,3683,3420,205,7308
directed_cut,synthetic_n200_p0.1,0,100,80,80,3699,3481,170,7350
directed_cut,synthetic_n200_p0.1,0,100,81,81,3713,3524,152,7389
directed_cut,synthetic_n200_p0.1,0,100,82,82,3727,3598,120,7445
directed_cut,synthetic_n200_p0.1,0,100,83,83,3741,3668,96,7505
directed_cut,synthetic_n200_p0.1,0,100,84,84,3754,3709,80,7543
directed_cut,synthetic_n200_p0.1,0,100,85,85,3766,3741,67,7574
directed_cut,synthetic_n200_p0.1,0,100,86,86,3776,3766,58,7600
directed_cut,synthetic_n200_p0.1,0,100,87,87,3784,3819,50,7653
directed_cut,synthetic_n200_p0.1,0,100,88,88,3792,3861,42,7695
directed_cut,synthetic_n200_p0.1,0,100,89,89,3800,3902,32,7734
directed_cut,synthetic_n200_p0.1,0,100,90,90,3807,3926,24,7757
directed_cut,synthetic_n200_p0.1,0,100,91,91,3813,3962,14,7789
directed_cut,synthetic_n200_p0.1,0,100,92,92,3818,3995,8,7821
directed_cut,synthetic_n200_p0.1,0,100,93,93,3821,4044,5,7870
directed_cut,synthetic_n200_p0.1,0,100,94,94,3823,4101,3,7927
directed_cut,synthetic_n200_p0.1,0,100,95,95,3825,4141,1,7967
directed_cut,synthetic_n200_p0.1,0,100,96,96,3826,4184,0,8010
directed_cut,synthetic_n200_p0.1,1,1,0,0,0,0,105,105
directed_cut,synthetic_n200_p0.1,1,1,1,1,105,59,101,265
directed_cut,synthetic_n200_p0.1,1,5,0,0,0,0,471,471
directed_cut,synthetic_n200_p0.1,1,5,1,1,105,59,449,613
directed_cut,synthetic_n200_p0.1,1,5,2,2,206,92,432,730
directed_cut,synthetic_n200_p0.1,1,5,3,3,302,152,419,873
directed_cut,synthetic_n200_p0.1,1,5,4,4,386,214,417,1017
directed_cut,synthetic_n200_p0.1,1,5,5,5,470,256,409,1135
directed_cut,synthetic_n200_p0.1,1,10,0,0,0,0,891,891
directed_cut,synthetic_n200_p0.1,1,10,1,1,105,59,864,1028
directed_cut,synthetic_n200_p0.1,1,10,2,2,206,92,840,1138
directed_cut,synthetic_n200_p0.1,1,10,3,3,302,152,820,1274
directed_cut,synthetic_n200_p0.1,1,10,4,4,386,214,808,1408
directed_cut,synthetic_n200_p0.1,1,10,5,5,470,256,787,1513
directed_cut,synthetic_n200_p0.1,1,10,6,6,554,329,767,1650
directed_cut,synthetic_n200_p0.1,1,10,7,7,638,348,744,1730
directed_cut,synthetic_n200_p0.1,1,10,8,8,721,390,725,1836
directed_cut,synthetic_n200_p0.1,1,10,9,9,799,447,712,1958
directed_cut,synthetic_n200_p0.1,1,10,10,10,877,483,697,2057
directed_cut,synthetic_n200_p0.1,1,15,0,0,0,0,1290,1290
directed_cut,synthetic_n200_p0.1,1,15,1,1,105,59,1252,1416
directed_cut,synthetic_n200_p0.1,1,15,2,2,206,92,1223,1521
directed_cut,synthetic_n200_p0.1,1,15,3,3,302,152,1194,1648
directed_cut,synthetic_n200_p0.1,1,15,4,4,386,214,1163,1763
directed_cut,synthetic_n200_p0.1,1,15,5,5,470,256,1135,1861
directed_cut,synthetic_n200_p0.1,1,15,6,6,554,329,1109,1992
directed_cut,synthetic_n200_p0.1,1,15,7,7,638,348,1082,2068
directed_cut,synthetic_n200_p0.1,1,15,8,8,721,390,1054,2165
directed_cut,synthetic_n200_p0.1,1,15,9,9,799,447,1032,2278
directed_cut,synthetic_n200_p0.1,1,15,10,10,877,483,1010,2370
directed_cut,synthetic_n200_p0.1,1,15,11,11,952,570,993,2515
directed_cut,synthetic_n200_p0.1,1,15,12,12,1026,655,947,2628
directed_cut,synthetic_n200_p0.1,1,15,13,13,1098,696,930,2724
directed_cut,synthetic_n200_p0.1,1,15,14,14,1168,764,908,2840
directed_cut,synthetic_n200_p0.1,1,15,15,15,1237,797,890,2924
directed_cut,synthetic_n200_p0.1,1,20,0,0,0,0,1657,1657
directed_cut,synthetic_n200_p0.1,1,20,1,1,105,59,1610,1774
directed_cut,synthetic_n200_p0.1,1,20,2,2,206,92,1577,1875
directed_cut,synthetic_n200_p0.1,1,20,3,3,302,152,1539,1993
directed_cut,synthetic_n200_p0.1,1,20,4,4,386,214,1502,2102
directed_cut,synthetic_n200_p0.1,1,20,5,5,470,256,1466,2192
directed_cut,synthetic_n200_p0.1,1,20,6,6,554,329,1432,2315
directed_cut,synthetic_n200_p0.1,1,20,7,7,638,348,1401,2387
directed_cut,synthetic_n200_p0.1,1,20,8,8,721,390,1365,2476
directed_cut,synthetic_n200_p0.1,1,20,9,9,799,447,1338,2584
directed_cut,synthetic_n200_p0.1,1,20,10,10,877,483,1313,2673
directed_cut,synthetic_n200_p0.1,1,20,11,11,952,570,1286,2808
directed_cut,synthetic_n200_p0.1,1,20,12,12,1026,655,1230,2911
directed_cut,synthetic_n200_p0.1,1,20,13,13,1098,696,1209,3003
directed_cut,synthetic_n200_p0.1,1,20,14,14,1168,764,1181,3113
directed_cut,synthetic_n200_p0.1,1,20,15,15,1237,797,1159,3193
directed_cut,synthetic_n200_p0.1,1,20,16,16,1304,837,1135,3276
directed_cut,synthetic_n200_p0.1,1,20,17,17,1367,873,1109,3349
directed_cut,synthetic_n200_p0.1,1,20,18,18,1427,921,1091,3439
directed_cut,synthetic_n200_p0.1,1,20,19,19,1487,956,1081,3524
directed_cut,synthetic_n200_p0.1,1,20,20,20,1545,1003,1070,3618
directed_cut,synthetic_n200_p0.1,1,25,0,0,0,0,2004,2004
directed_cut,synthetic_n200_p0.1,1,25,1,1,105,59,1950,2114
directed_cut,synthetic_n200_p0.1,1,25,2,2,206,92,1913,2211
directed_cut,synthetic_n200_p0.1,1,25,3,3,302,152,1868,2322
directed_cut,synthetic_n200_p0.1,1,25,4,4,386,214,1828,2428
directed_cut,synthetic_n200_p0.1,1,25,5,5,470,256,1780,2506
directed_cut,synthetic_n200_p0.1,1,25,6,6,554,329,1738,2621
directed_cut,synthetic_n200_p0.1,1,25,7,7,638,348,1706,2692
directed_cut,synthetic_n200_p0.1,1,25,8,8,721,390,1667,2778
directed_cut,synthetic_n200_p0.1,1,25,9,9,799,447,1632,2878
directed_cut,synthetic_n200_p0.1,1,25,10,10,877,483,1600,2960
directed_cut,synthetic_n200_p0.1,1,25,11,11,952,570,1563,3085
directed_cut,synthetic_n200_p0.1,1,25,12,12,1026,655,1502,3183
directed_cut,synthetic_n200_p0.1,1,25,13,13,1098,696,1477,3271
directed_cut,synthetic_n200_p0.1,1,25,14,14,1168,764,1441,3373
directed_cut,synthetic_n200_p0.1,1,25,15,15,1237,797,1415,3449
directed_cut,synthetic_n200_p0.1,1,25,16,16,1304,837,1389,3530
directed_cut,synthetic_n200_p0.1,1,25,17,17,1367,873,1359,3599
directed_cut,synthetic_n200_p0.1,1,25,18,18,1427,921,1337,3685
directed_cut,synthetic_n200_p0.1,1,25,19,19,1487,956,1323,3766
directed_cut,synthetic_n200_p0.1,1,25,20,20,1545,1003,1309,3857
directed_cut,synthetic_n200_p0.1,1,25,21,21,1603,1040,1291,3934
directed_cut,synthetic_n200_p0.1,1,25,22,22,1661,1082,1266,4009
directed_cut,synthetic_n200_p0.1,1,25,23,23,1717,1094,1254,4065
directed_cut,synthetic_n200_p0.1,1,25,24,24,1773,1145,1241,4159
directed_cut,synthetic_n200_p0.1,1,25,25,25,1828,1201,1220,4249
directed_cut,synthetic_n200_p0.1,1,30,0,0,0,0,2332,2332
directed_cut,synthetic_n200_p0.1,1,30,1,1,105,59,2269,2433
directed_cut,synthetic_n200_p0.1,1,30,2,2,206,92,2229,2527
directed_cut,synthetic_n200_p0.1,1,30,3,3,302,152,2179,2633
directed_cut,synthetic_n200_p0.1,1,30,4,4,386,214,2136,2736
directed_cut,synthetic_n200_p0.1,1,30,5,5,470,256,2083,2809
directed_cut,synthetic_n200_p0.1,1,30,6,6,554,329,2033,2916
directed_cut,synthetic_n200_p0.1,1,30,7,7,638,348,1996,2982
directed_cut,synthetic_n200_p0.1,1,30,8,8,721,390,1950,3061
directed_cut,synthetic_n200_p0.1,1,30,9,9,799,447,1908,3154
directed_cut,synthetic_n200_p0.1,1,30,10,10,877,483,1871,3231
directed_cut,synthetic_n200_p0.1,1,30,11,11,952,570,1829,3351
directed_cut,synthetic_n200_p0.1,1,30,12,12,1026,655,1761,3442
directed_cut,synthetic_n200_p0.1,1,30,13,13,1098,696,1733,3527
directed_cut,synthetic_n200_p0.1,1,30,14,14,1168,764,1691,3623
directed_cut,synthetic_n200_p0.1,1,30,15,15,1237,797,1663,3697
directed_cut,synthetic_n200_p0.1,1,30,16,16,1304,837,1633,3774
directed_cut,synthetic_n200_p0.1,1,30,17,17,1367,873,1599,3839
directed_cut,synthetic_n200_p0.1,1,30,18,18,1427,921,1571,3919
directed_cut,synthetic_n200_p0.1,1,30,19,19,1487,956,1552,3995
directed_cut,synthetic_n200_p0.1,1,30,20,20,1545,1003,1535,4083
directed_cut,synthetic_n200_p0.1,1,30,21,21,1603,1040,1514,4157
directed_cut,synthetic_n200_p0.1,1,30,22,22,1661,1082,1488,4231
directed_cut,synthetic_n200_p0.1,1,30,23,23,1717,1094,1473,4284
directed_cut,synthetic_n200_p0.1,1,30,24,24,1773,1145,1450,4368
directed_cut,synthetic_n200_p0.1,1,30,25,25,1828,1201,1426,4455
directed_cut,synthetic_n200_p0.1,1,30,26,26,1883,1227,1391,4501
directed_cut,synthetic_n200_p0.1,1,30,27,27,1937,1268,1375,4580
directed_cut,synthetic_n200_p0.1,1,30,28,28,1991,1309,1347,4647
directed_cut,synthetic_n200_p0.1,1,30,29,29,2045,1355,1313,4713
directed_cut,synthetic_n200_p0.1,1,30,30,30,2098,1397,1278,4773
directed_cut,synthetic_n200_p0.1,1,35,0,0,0,0,2642,2642
directed_cut,synthetic_n200_p0.1,1,35,1,1,105,59,2577,2741
directed_cut,synthetic_n200_p0.1,1,35,2,2,206,92,2534,2832
directed_cut,synthetic_n200_p0.1,1,35,3,3,302,152,2475,2929
directed_cut,synthetic_n200_p0.1,1,35,4,4,386,214,2431,3031
directed_cut,synthetic_n200_p0.1,1,35,5,5,470,256,2371,3097
directed_cut,synthetic_n200_p0.1,1,35,6,6,554,329,2313,3196
directed_cut,synthetic_n200_p0.1,1,35,7,7,638,348,2269,3255
directed_cut,synthetic_n200_p0.1,1,35,8,8,721,390,2218,3329
directed_cut,synthetic_n200_p0.1,1,35,9,9,799,447,2166,3412
directed_cut,synthetic_n200_p0.1,1,35,10,10,877,483,2122,3482
directed_cut,synthetic_n200_p0.1,1,35,11,11,952,570,2078,3600
directed_cut,synthetic_n200_p0.1,1,35,12,12,1026,655,2009,3690
directed_cut,synthetic_n200_p0.1,1,35,13,13,1098,696,1976,3770
directed_cut,synthetic_n200_p0.1,1,35,14,14,1168,764,1930,3862
directed_cut,synthetic_n200_p0.1,1,35,15,15,1237,797,1900,3934
directed_cut,synthetic_n200_p0.1,1,35,16,16,1304,837,1867,4008
directed_cut,synthetic_n200_p0.1,1,35,17,17,1367,873,1831,4071
directed_cut,synthetic_n200_p0.1,1,35,18,18,1427,921,1794,4142
directed_cut,synthetic_n200_p0.1,1,35,19,19,1487,956,1771,4214
directed_cut,synthetic_n200_p0.1,1,35,20,20,1545,1003,1749,4297
directed_cut,synthetic_n200_p0.1,1,35,21,21,1603,1040,1725,4368
directed_cut,synthetic_n200_p0.1,1,35,22,22,1661,1082,1696,4439
directed_cut,synthetic_n200_p0.1,1,35,23,23,1717,1094,1676,4487
directed_cut,synthetic_n200_p0.1,1,35,24,24,1773,1145,1648,4566
directed_cut,synthetic_n200_p0.1,1,35,25,25,1828,1201,1620,4649
directed_cut,synthetic_n200_p0.1,1,35,26,26,1883,1227,1581,4691
directed_cut,synthetic_n200_p0.1,1,35,27,27,1937,1268,1561,4766
directed_cut,synthetic_n200_p0.1,1,35,28,28,1991,1309,1526,4826
directed_cut,synthetic_n200_p0.1,1,35,29,29,2045,1355,1487,4887
directed_cut,synthetic_n200_p0.1,1,35,30,30,2098,1397,1449,4944
directed_cut,synthetic_n200_p0.1,1,35,31,31,2151,1443,1420,5014
directed_cut,synthetic_n200_p0.1,1,35,32,32,2203,1493,1396,5092
directed_cut,synthetic_n200_p0.1,1,35,33,33,2253,1536,1364,5153
directed_cut,synthetic_n200_p0.1,1,35,34,34,2300,1593,1344,5237
directed_cut,synthetic_n200_p0.1,1,35,35,35,2346,1623,1316,5285
directed_cut,synthetic_n200_p0.1,1,40,0,0,0,0,2939,2939
directed_cut,synthetic_n200_p0.1,1,40,1,1,105,59,2869,3033
directed_cut,synthetic_n200_p0.1,1,40,2,2,206,92,2818,3116
directed_cut,synthetic_n200_p0.1,1,40,3,3,302,152,2753,3207
directed_cut,synthetic_n200_p0.1,1,40,4,4,386,214,2705,3305
directed_cut,synthetic_n200_p0.1,1,40,5,5,470,256,2642,3368
directed_cut,synthetic_n200_p0.1,1,40,6,6,554,329,2576,3459
directed_cut,synthetic_n200_p0.1,1,40,7,7,638,348,2523,3509
directed_cut,synthetic_n200_p0.1,1,40,8,8,721,390,2465,3576
directed_cut,synthetic_n200_p0.1,1,40,9,9,799,447,2409,3655
directed_cut,synthetic_n200_p0.1,1,40,10,10,877,483,2362,3722
directed_cut,synthetic_n200_p0.1,1,40,11,11,952,570,2314,3836
directed_cut,synthetic_n200_p0.1,1,40,12,12,1026,655,2245,3926
directed_cut,synthetic_n200_p0.1,1,40,13,13,1098,696,2210,4004
directed_cut,synthetic_n200_p0.1,1,40,14,14,1168,764,2160,4092
directed_cut,synthetic_n200_p0.1,1,40,15,15,1237,797,2125,4159
directed_cut,synthetic_n200_p0.1,1,40,16,16,1304,837,2088,4229
directed_cut,synthetic_n200_p0.1,1,40,17,17,1367,873,2045,4285
directed_cut,synthetic_n200_p0.1,1,40,18,18,1427,921,2003,4351
directed_cut,synthetic_n200_p0.1,1,40,19,19,1487,956,1977,4420
directed_cut,synthetic_n200_p0.1,1,40,20,20,1545,1003,1949,4497
directed_cut,synthetic_n200_p0.1,1,40,21,21,1603,1040,1923,4566
directed_cut,synthetic_n200_p0.1,1,40,22,22,1661,1082,1891,4634
directed_cut,synthetic_n200_p0.1,1,40,23,23,1717,1094,1866,4677
directed_cut,synthetic_n200_p0.1,1,40,24,24,1773,1145,1833,4751
directed_cut,synthetic_n200_p0.1,1,40,25,25,1828,1201,1798,4827
directed_cut,synthetic_n200_p0.1,1,40,26,26,1883,1227,1756,4866
directed_cut,synthetic_n200_p0.1,1,40,27,27,1937,1268,1730,4935
directed_cut,synthetic_n200_p0.1,1,40,28,28,1991,1309,1693,4993
directed_cut,synthetic_n200_p0.1,1,40,29,29,2045,1355,1652,5052
directed_cut,synthetic_n200_p0.1,1,40,30,30,2098,1397,1611,5106
directed_cut,synthetic_n200_p0.1,1,40,31,31,2151,1443,1580,5174
directed_cut,synthetic_n200_p0.1,1,40,32,32,2203,1493,1552,5248
directed_cut,synthetic_n200_p0.1,1,40,33,33,2253,1536,1514,5303
directed_cut,synthetic_n200_p0.1,1,40,34,34,2300,1593,1493,5386
directed_cut,synthetic_n200_p0.1,1,40,35,35,2346,1623,1464,5433
directed_cut,synthetic_n200_p0.1,1,40,36,36,2392,1658,1439,5489
directed_cut,synthetic_n200_p0.1,1,40,37,37,2437,1722,1387,5546
directed_cut,synthetic_n200_p0.1,1,40,38,38,2482,1758,1360,5600
directed_cut,synthetic_n200_p0.1,1,40,39,39,2527,1819,1326,5672
directed_cut,synthetic_n200_p0.1,1,40,40,40,2571,1845,1305,5721
directed_cut,synthetic_n200_p0.1,1,45,0,0,0,0,3214,3214
directed_cut,synthetic_n200_p0.1,1,45,1,1,105,59,3140,3304
directed_cut,synthetic_n200_p0.1,1,45,2,2,206,92,3083,3381
directed_cut,synthetic_n200_p0.1,1,45,3,3,302,152,3010,3464
directed_cut,synthetic_n200_p0.1,1,45,4,4,386,214,2956,3556
directed_cut,synthetic_n200_p0.1,1,45,5,5,470,256,2887,3613
directed_cut,synthetic_n200_p0.1,1,45,6,6,554,329,2818,3701
directed_cut,synthetic_n200_p0.1,1,45,7,7,638,348,2763,3749
directed_cut,synthetic_n200_p0.1,1,45,8,8,721,390,2702,3813
directed_cut,synthetic_n200_p0.1,1,45,9,9,799,447,2645,3891
directed_cut,synthetic_n200_p0.1,1,45,10,10,877,483,2595,3955
directed_cut,synthetic_n200_p0.1,1,45,11,11,952,570,2540,4062
directed_cut,synthetic_n200_p0.1,1,45,12,12,1026,655,2468,4149
directed_cut,synthetic_n200_p0.1,1,45,13,13,1098,696,2430,4224
directed_cut,synthetic_n200_p0.1,1,45,14,14,1168,764,2376,4308
directed_cut,synthetic_n200_p0.1,1,45,15,15,1237,797,2336,4370
directed_cut,synthetic_n200_p0.1,1,45,16,16,1304,837,2292,4433
directed_cut,synthetic_n200_p0.1,1,45,17,17,1367,873,2246,4486
directed_cut,synthetic_n200_p0.1,1,45,18,18,1427,921,2202,4550
directed_cut,synthetic_n200_p0.1,1,45,19,19,1487,956,2172,4615
directed_cut,synthetic_n200_p0.1,1,45,20,20,1545,1003,2136,4684
directed_cut,synthetic_n200_p0.1,1,45,21,21,1603,1040,2107,4750
directed_cut,synthetic_n200_p0.1,1,45,22,22,1661,1082,2073,4816
directed_cut,synthetic_n200_p0.1,1,45,23,23,1717,1094,2043,4854
directed_cut,synthetic_n200_p0.1,1,45,24,24,1773,1145,2006,4924
directed_cut,synthetic_n200_p0.1,1,45,25,25,1828,1201,1966,4995
directed_cut,synthetic_n200_p0.1,1,45,26,26,1883,1227,1923,5033
directed_cut,synthetic_n200_p0.1,1,45,27,27,1937,1268,1891,5096
directed_cut,synthetic_n200_p0.1,1,45,28,28,1991,1309,1851,5151
directed_cut,synthetic_n200_p0.1,1,45,29,29,2045,1355,1810,5210
directed_cut,synthetic_n200_p0.1,1,45,30,30,2098,1397,1767,5262
directed_cut,synthetic_n200_p0.1,1,45,31,31,2151,1443,1731,5325
directed_cut,synthetic_n200_p0.1,1,45,32,32,2203,1493,1699,5395
directed_cut,synthetic_n200_p0.1,1,45,33,33,2253,1536,1656,5445
directed_cut,synthetic_n200_p0.1,1,45,34,34,2300,1593,1632,5525
directed_cut,synthetic_n200_p0.1,1,45,35,35,2346,1623,1601,5570
directed_cut,synthetic_n200_p0.1,1,45,36,36,2392,1658,1568,5618
directed_cut,synthetic_n200_p0.1,1,45,37,37,2437,1722,1511,5670
directed_cut,synthetic_n200_p0.1,1,45,38,38,2482,1758,1483,5723
directed_cut,synthetic_n200_p0.1,1,45,39,39,2527,1819,1441,5787
directed_cut,synthetic_n200_p0.1,1,45,40,40,2571,1845,1418,5834
directed_cut,synthetic_n200_p0.1,1,45,41,41,2615,1899,1383,5897
directed_cut,synthetic_n200_p0.1,1,45,42,42,2656,1942,1342,5940
directed_cut,synthetic_n200_p0.1,1,45,43,43,2697,1977,1312,5986
directed_cut,synthetic_n200_p0.1,1,45,44,44,2735,2053,1280,6068
directed_cut,synthetic_n200_p0.1,1,45,45,45,2773,2120,1247,6140
directed_cut,synthetic_n200_p0.1,1,50,0,0,0,0,3476,3476
directed_cut,synthetic_n200_p0.1,1,50,1,1,105,59,3394,3558
directed_cut,synthetic_n200_p0.1,1,50,2,2,206,92,3329,3627
directed_cut,synthetic_n200_p0.1,1,50,3,3,302,152,3251,3705
directed_cut,synthetic_n200_p0.1,1,50,4,4,386,214,3196,3796
directed_cut,synthetic_n200_p0.1,1,50,5,5,470,256,3125,3851
directed_cut,synthetic_n200_p0.1,1,50,6,6,554,329,3054,3937
directed_cut,synthetic_n200_p0.1,1,50,7,7,638,348,2996,3982
directed_cut,synthetic_n200_p0.1,1,50,8,8,721,390,2932,4043
directed_cut,synthetic_n200_p0.1,1,50,9,9,799,447,2873,4119
directed_cut,synthetic_n200_p0.1,1,50,10,10,877,483,2819,4179
directed_cut,synthetic_n200_p0.1,1,50,11,11,952,570,2756,4278
directed_cut,synthetic_n200_p0.1,1,50,12,12,1026,655,2679,4360
directed_cut,synthetic_n200_p0.1,1,50,13,13,1098,696,2639,4433
directed_cut,synthetic_n200_p0.1,1,50,14,14,1168,764,2581,4513
directed_cut,synthetic_n200_p0.1,1,50,15,15,1237,797,2533,4567
directed_cut,synthetic_n200_p0.1,1,50,16,16,1304,837,2485,4626
directed_cut,synthetic_n200_p0.1,1,50,17,17,1367,873,2436,4676
directed_cut,synthetic_n200_p0.1,1,50,18,18,1427,921,2391,4739
directed_cut,synthetic_n200_p0.1,1,50,19,19,1487,956,2356,4799
directed_cut,synthetic_n200_p0.1,1,50,20,20,1545,1003,2315,4863
directed_cut,synthetic_n200_p0.1,1,50,21,21,1603,1040,2282,4925
directed_cut,synthetic_n200_p0.1,1,50,22,22,1661,1082,2245,4988
directed_cut,synthetic_n200_p0.1,1,50,23,23,1717,1094,2213,5024
directed_cut,synthetic_n200_p0.1,1,50,24,24,1773,1145,2173,5091
directed_cut,synthetic_n200_p0.1,1,50,25,25,1828,1201,2128,5157
directed_cut,synthetic_n200_p0.1,1,50,26,26,1883,1227,2084,5194
directed_cut,synthetic_n200_p0.1,1,50,27,27,1937,1268,2044,5249
directed_cut,synthetic_n200_p0.1,1,50,28,28,1991,1309,2002,5302
directed_cut,synthetic_n200_p0.1,1,50,29,29,2045,1355,1961,5361
directed_cut,synthetic_n200_p0.1,1,50,30,30,2098,1397,1914,5409
directed_cut,synthetic_n200_p0.1,1,50,31,31,2151,1443,1872,5466
directed_cut,synthetic_n200_p0.1,1,50,32,32,2203,1493,1833,5529
directed_cut,synthetic_n200_p0.1,1,50,33,33,2253,1536,1787,5576
directed_cut,synthetic_n200_p0.1,1,50,34,34,2300,1593,1756,5649
directed_cut,synthetic_n200_p0.1,1,50,35,35,2346,1623,1722,5691
directed_cut,synthetic_n200_p0.1,1,50,36,36,2392,1658,1686,5736
directed_cut,synthetic_n200_p0.1,1,50,37,37,2437,1722,1626,5785
directed_cut,synthetic_n200_p0.1,1,50,38,38,2482,1758,1595,5835
directed_cut,synthetic_n200_p0.1,1,50,39,39,2527,1819,1548,5894
directed_cut,synthetic_n200_p0.1,1,50,40,40,2571,1845,1524,5940
directed_cut,synthetic_n200_p0.1,1,50,41,41,2615,1899,1488,6002
directed_cut,synthetic_n200_p0.1,1,50,42,42,2656,1942,1444,6042
directed_cut,synthetic_n200_p0.1,1,50,43,43,2697,1977,1412,6086
directed_cut,synthetic_n200_p0.1,1,50,44,44,2735,2053,1376,6164
directed_cut,synthetic_n200_p0.1,1,50,45,45,2773,2120,1340,6233
directed_cut,synthetic_n200_p0.1,1,50,46,46,2811,2169,1300,6280
directed_cut,synthetic_n200_p0.1,1,50,47,47,2847,2202,1276,6325
directed_cut,synthetic_n200_p0.1,1,50,48,48,2882,2217,1240,6339
directed_cut,synthetic_n200_p0.1,1,50,49,49,2917,2245,1205,6367
directed_cut,synthetic_n200_p0.1,1,50,50,50,2952,2267,1163,6382
directed_cut,synthetic_n200_p0.1,1,55,0,0,0,0,3723,3723
directed_cut,synthetic_n200_p0.1,1,55,1,1,105,59,3635,3799
directed_cut,synthetic_n200_p0.1,1,55,2,2,206,92,3569,3867
directed_cut,synthetic_n200_p0.1,1,55,3,3,302,152,3488,3942
directed_cut,synthetic_n200_p0.1,1,55,4,4,386,214,3431,4031
directed_cut,synthetic_n200_p0.1,1,55,5,5,470,256,3357,4083
directed_cut,synthetic_n200_p0.1,1,55,6,6,554,329,3283,4166
directed_cut,synthetic_n200_p0.1,1,55,7,7,638,348,3223,4209
directed_cut,synthetic_n200_p0.1,1,55,8,8,721,390,3155,4266
directed_cut,synthetic_n200_p0.1,1,55,9,9,799,447,3091,4337
directed_cut,synthetic_n200_p0.1,1,55,10,10,877,483,3033,4393
directed_cut,synthetic_n200_p0.1,1,55,11,11,952,570,2964,4486
directed_cut,synthetic_n200_p0.1,1,55,12,12,1026,655,2880,4561
directed_cut,synthetic_n200_p0.1,1,55,13,13,1098,696,2837,4631
directed_cut,synthetic_n200_p0.1,1,55,14,14,1168,764,2777,4709
directed_cut,synthetic_n200_p0.1,1,55,15,15,1237,797,2724,4758
directed_cut,synthetic_n200_p0.1,1,55,16,16,1304,837,2669,4810
directed_cut,synthetic_n200_p0.1,1,55,17,17,1367,873,2617,4857
directed_cut,synthetic_n200_p0.1,1,55,18,18,1427,921,2571,4919
directed_cut,synthetic_n200_p0.1,1,55,19,19,1487,956,2534,4977
directed_cut,synthetic_n200_p0.1,1,55,20,20,1545,1003,2485,5033
directed_cut,synthetic_n200_p0.1,1,55,21,21,1603,1040,2452,5095
directed_cut,synthetic_n200_p0.1,1,55,22,22,1661,1082,2413,5156
directed_cut,synthetic_n200_p0.1,1,55,23,23,1717,1094,2376,5187
directed_cut,synthetic_n200_p0.1,1,55,24,24,1773,1145,2334,5252
directed_cut,synthetic_n200_p0.1,1,55,25,25,1828,1201,2283,5312
directed_cut,synthetic_n200_p0.1,1,55,26,26,1883,1227,2238,5348
directed_cut,synthetic_n200_p0.1,1,55,27,27,1937,1268,2191,5396
directed_cut,synthetic_n200_p0.1,1,55,28,28,1991,1309,2145,5445
directed_cut,synthetic_n200_p0.1,1,55,29,29,2045,1355,2105,5505
directed_cut,synthetic_n200_p0.1,1,55,30,30,2098,1397,2052,5547
directed_cut,synthetic_n200_p0.1,1,55,31,31,2151,1443,2004,5598
directed_cut,synthetic_n200_p0.1,1,55,32,32,2203,1493,1958,5654
directed_cut,synthetic_n200_p0.1,1,55,33,33,2253,1536,1909,5698
directed_cut,synthetic_n200_p0.1,1,55,34,34,2300,1593,1871,5764
directed_cut,synthetic_n200_p0.1,1,55,35,35,2346,1623,1834,5803
directed_cut,synthetic_n200_p0.1,1,55,36,36,2392,1658,1795,5845
directed_cut,synthetic_n200_p0.1,1,55,37,37,2437,1722,1734,5893
directed_cut,synthetic_n200_p0.1,1,55,38,38,2482,1758,1701,5941
directed_cut,synthetic_n200_p0.1,1,55,39,39,2527,1819,1649,5995
directed_cut,synthetic_n200_p0.1,1,55,40,40,2571,1845,1622,6038
directed_cut,synthetic_n200_p0.1,1,55,41,41,2615,1899,1585,6099
directed_cut,synthetic_n200_p0.1,1,55,42,42,2656,1942,1539,6137
directed_cut,synthetic_n200_p0.1,1,55,43,43,2697,1977,1504,6178
directed_cut,synthetic_n200_p0.1,1,55,44,44,2735,2053,1465,6253
directed_cut,synthetic_n200_p0.1,1,55,45,45,2773,2120,1425,6318
directed_cut,synthetic_n200_p0.1,1,55,46,46,2811,2169,1376,6356
directed_cut,synthetic_n200_p0.1,1,55,47,47,2847,2202,1349,6398
directed_cut,synthetic_n200_p0.1,1,55,48,48,2882,2217,1310,6409
directed_cut,synthetic_n200_p0.1,1,55,49,49,2917,2245,1272,6434
directed_cut,synthetic_n200_p0.1,1,55,50,50,2952,2267,1228,6447
directed_cut,synthetic_n200_p0.1,1,55,51,51,2987,2287,1194,6468
directed_cut,synthetic_n200_p0.1,1,55,52,52,3021,2319,1168,6508
directed_cut,synthetic_n200_p0.1,1,55,53,53,3055,2362,1124,6541
directed_cut,synthetic_n200_p0.1,1,55,54,54,3088,2414,1093,6595
directed_cut,synthetic_n200_p0.1,1,55,55,55,3120,2479,1051,6650
directed_cut,synthetic_n200_p0.1,1,60,0,0,0,0,3962,3962
directed_cut,synthetic_n200_p0.1,1,60,1,1,105,59,3872,4036
directed_cut,synthetic_n200_p0.1,1,60,2,2,206,92,3802,4100
directed_cut,synthetic_n200_p0.1,1,60,3,3,302,152,3719,4173
directed_cut,synthetic_n200_p0.1,1,60,4,4,386,214,3659,4259
directed_cut,synthetic_n200_p0.1,1,60,5,5,470,256,3583,4309
directed_cut,synthetic_n200_p0.1,1,60,6,6,554,329,3506,4389
directed_cut,synthetic_n200_p0.1,1,60,7,7,638,348,3443,4429
directed_cut,synthetic_n200_p0.1,1,60,8,8,721,390,3369,4480
directed_cut,synthetic_n200_p0.1,1,60,9,9,799,447,3299,4545
directed_cut,synthetic_n200_p0.1,1,60,10,10,877,483,3237,4597
directed_cut,synthetic_n200_p0.1,1,60,11,11,952,570,3163,4685
directed_cut,synthetic_n200_p0.1,1,60,12,12,1026,655,3074,4755
directed_cut,synthetic_n200_p0.1,1,60,13,13,1098,696,3029,4823
directed_cut,synthetic_n200_p0.1,1,60,14,14,1168,764,2965,4897
directed_cut,synthetic_n200_p0.1,1,60,15,15,1237,797,2905,4939
directed_cut,synthetic_n200_p0.1,1,60,16,16,1304,837,2847,4988
directed_cut,synthetic_n200_p0.1,1,60,17,17,1367,873,2794,5034
directed_cut,synthetic_n200_p0.1,1,60,18,18,1427,921,2744,5092
directed_cut,synthetic_n200_p0.1,1,60,19,19,1487,956,2704,5147
directed_cut,synthetic_n200_p0.1,1,60,20,20,1545,1003,2652,5200
directed_cut,synthetic_n200_p0.1,1,60,21,21,1603,1040,2616,5259
directed_cut,synthetic_n200_p0.1,1,60,22,22,1661,1082,2575,5318
directed_cut,synthetic_n200_p0.1,1,60,23,23,1717,1094,2533,5344
directed_cut,synthetic_n200_p0.1,1,60,24,24,1773,1145,2490,5408
directed_cut,synthetic_n200_p0.1,1,60,25,25,1828,1201,2432,5461
directed_cut,synthetic_n200_p0.1,1,60,26,26,1883,1227,2385,5495
directed_cut,synthetic_n200_p0.1,1,60,27,27,1937,1268,2333,5538
directed_cut,synthetic_n200_p0.1,1,60,28,28,1991,1309,2282,5582
directed_cut,synthetic_n200_p0.1,1,60,29,29,2045,1355,2242,5642
directed_cut,synthetic_n200_p0.1,1,60,30,30,2098,1397,2181,5676
directed_cut,synthetic_n200_p0.1,1,60,31,31,2151,1443,2128,5722
directed_cut,synthetic_n200_p0.1,1,60,32,32,2203,1493,2078,5774
directed_cut,synthetic_n200_p0.1,1,60,33,33,2253,1536,2025,5814
directed_cut,synthetic_n200_p0.1,1,60,34,34,2300,1593,1979,5872
directed_cut,synthetic_n200_p0.1,1,60,35,35,2346,1623,1941,5910
directed_cut,synthetic_n200_p0.1,1,60,36,36,2392,1658,1900,5950
directed_cut,synthetic_n200_p0.1,1,60,37,37,2437,1722,1837,5996
directed_cut,synthetic_n200_p0.1,1,60,38,38,2482,1758,1801,6041
directed_cut,synthetic_n200_p0.1,1,60,39,39,2527,1819,1744,6090
directed_cut,synthetic_n200_p0.1,1,60,40,40,2571,1845,1716,6132
directed_cut,synthetic_n200_p0.1,1,60,41,41,2615,1899,1677,6191
directed_cut,synthetic_n200_p0.1,1,60,42,42,2656,1942,1629,6227
directed_cut,synthetic_n200_p0.1,1,60,43,43,2697,1977,1589,6263
directed_cut,synthetic_n200_p0.1,1,60,44,44,2735,2053,1546,6334
directed_cut,synthetic_n200_p0.1,1,60,45,45,2773,2120,1502,6395
directed_cut,synthetic_n200_p0.1,1,60,46,46,2811,2169,1444,6424
directed_cut,synthetic_n200_p0.1,1,60,47,47,2847,2202,1414,6463
directed_cut,synthetic_n200_p0.1,1,60,48,48,2882,2217,1374,6473
directed_cut,synthetic_n200_p0.1,1,60,49,49,2917,2245,1334,6496
directed_cut,synthetic_n200_p0.1,1,60,50,50,2952,2267,1287,6506
directed_cut,synthetic_n200_p0.1,1,60,51,51,2987,2287,1251,6525
directed_cut,synthetic_n200_p0.1,1,60,52,52,3021,2319,1223,6563
directed_cut,synthetic_n200_p0.1,1,60,53,53,3055,2362,1177,6594
directed_cut,synthetic_n200_p0.1,1,60,54,54,3088,2414,1143,6645
directed_cut,synthetic_n200_p0.1,1,60,55,55,3120,2479,1101,6700
directed_cut,synthetic_n200_p0.1,1,60,56,56,3152,2515,1059,6726
directed_cut,synthetic_n200_p0.1,1,60,57,57,3183,2553,1025,6761
directed_cut,synthetic_n200_p0.1,1,60,58,58,3214,2592,979,6785
directed_cut,synthetic_n200_p0.1,1,60,59,59,3244,2615,937,6796
directed_cut,synthetic_n200_p0.1,1,60,60,60,3274,2639,901,6814
directed_cut,synthetic_n200_p0.1,1,65,0,0,0,0,4195,4195
directed_cut,synthetic_n200_p0.1,1,65,1,1,105,59,4102,4266
directed_cut,synthetic_n200_p0.1,1,65,2,2,206,92,4029,4327
directed_cut,synthetic_n200_p0.1,1,65,3,3,302,152,3944,4398
directed_cut,synthetic_n200_p0.1,1,65,4,4,386,214,3879,4479
directed_cut,synthetic_n200_p0.1,1,65,5,5,470,256,3800,4526
directed_cut,synthetic_n200_p0.1,1,65,6,6,554,329,3718,4601
directed_cut,synthetic_n200_p0.1,1,65,7,7,638,348,3653,4639
directed_cut,synthetic_n200_p0.1,1,65,8,8,721,390,3573,4684
directed_cut,synthetic_n200_p0.1,1,65,9,9,799,447,3499,4745
directed_cut,synthetic_n200_p0.1,1,65,10,10,877,483,3433,4793
directed_cut,synthetic_n200_p0.1,1,65,11,11,952,570,3357,4879
directed_cut,synthetic_n200_p0.1,1,65,12,12,1026,655,3261,4942
directed_cut,synthetic_n200_p0.1,1,65,13,13,1098,696,3212,5006
directed_cut,synthetic_n200_p0.1,1,65,14,14,1168,764,3144,5076
directed_cut,synthetic_n200_p0.1,1,65,15,15,1237,797,3079,5113
directed_cut,synthetic_n200_p0.1,1,65,16,16,1304,837,3018,5159
directed_cut,synthetic_n200_p0.1,1,65,17,17,1367,873,2964,5204
directed_cut,synthetic_n200_p0.1,1,65,18,18,1427,921,2914,5262
directed_cut,synthetic_n200_p0.1,1,65,19,19,1487,956,2871,5314
directed_cut,synthetic_n200_p0.1,1,65,20,20,1545,1003,2813,5361
directed_cut,synthetic_n200_p0.1,1,65,21,21,1603,1040,2776,5419
directed_cut,synthetic_n200_p0.1,1,65,22,22,1661,1082,2732,5475
directed_cut,synthetic_n200_p0.1,1,65,23,23,1717,1094,2685,5496
directed_cut,synthetic_n200_p0.1,1,65,24,24,1773,1145,2640,5558
directed_cut,synthetic_n200_p0.1,1,65,25,25,1828,1201,2573,5602
directed_cut,synthetic_n200_p0.1,1,65,26,26,1883,1227,2524,5634
directed_cut,synthetic_n200_p0.1,1,65,27,27,1937,1268,2469,5674
directed_cut,synthetic_n200_p0.1,1,65,28,28,1991,1309,2414,5714
directed_cut,synthetic_n200_p0.1,1,65,29,29,2045,1355,2368,5768
directed_cut,synthetic_n200_p0.1,1,65,30,30,2098,1397,2302,5797
directed_cut,synthetic_n200_p0.1,1,65,31,31,2151,1443,2248,5842
directed_cut,synthetic_n200_p0.1,1,65,32,32,2203,1493,2192,5888
directed_cut,synthetic_n200_p0.1,1,65,33,33,2253,1536,2135,5924
directed_cut,synthetic_n200_p0.1,1,65,34,34,2300,1593,2083,5976
directed_cut,synthetic_n200_p0.1,1,65,35,35,2346,1623,2044,6013
directed_cut,synthetic_n200_p0.1,1,65,36,36,2392,1658,1999,6049
directed_cut,synthetic_n200_p0.1,1,65,37,37,2437,1722,1934,6093
directed_cut,synthetic_n200_p0.1,1,65,38,38,2482,1758,1896,6136
directed_cut,synthetic_n200_p0.1,1,65,39,39,2527,1819,1837,6183
directed_cut,synthetic_n200_p0.1,1,65,40,40,2571,1845,1806,6222
directed_cut,synthetic_n200_p0.1,1,65,41,41,2615,1899,1763,6277
directed_cut,synthetic_n200_p0.1,1,65,42,42,2656,1942,1712,6310
directed_cut,synthetic_n200_p0.1,1,65,43,43,2697,1977,1664,6338
directed_cut,synthetic_n200_p0.1,1,65,44,44,2735,2053,1620,6408
directed_cut,synthetic_n200_p0.1,1,65,45,45,2773,2120,1570,6463
directed_cut,synthetic_n200_p0.1,1,65,46,46,2811,2169,1507,6487
directed_cut,synthetic_n200_p0.1,1,65,47,47,2847,2202,1473,6522
directed_cut,synthetic_n200_p0.1,1,65,48,48,2882,2217,1431,6530
directed_cut,synthetic_n200_p0.1,1,65,49,49,2917,2245,1389,6551
directed_cut,synthetic_n200_p0.1,1,65,50,50,2952,2267,1342,6561
directed_cut,synthetic_n200_p0.1,1,65,51,51,2987,2287,1306,6580
directed_cut,synthetic_n200_p0.1,1,65,52,52,3021,2319,1274,6614
directed_cut,synthetic_n200_p0.1,1,65,53,53,3055,2362,1223,6640
directed_cut,synthetic_n200_p0.1,1,65,54,54,3088,2414,1187,6689
directed_cut,synthetic_n200_p0.1,1,65,55,55,3120,2479,1146,6745
directed_cut,synthetic_n200_p0.1,1,65,56,56,3152,2515,1096,6763
directed_cut,synthetic_n200_p0.1,1,65,57,57,3183,2553,1058,6794
directed_cut,synthetic_n200_p0.1,1,65,58,58,3214,2592,1008,6814
directed_cut,synthetic_n200_p0.1,1,65,59,59,3244,2615,966,6825
directed_cut,synthetic_n200_p0.1,1,65,60,60,3274,2639,928,6841
directed_cut,synthetic_n200_p0.1,1,65,61,61,3304,2668,893,6865
directed_cut,synthetic_n200_p0.1,1,65,62,62,3332,2712,859,6903
directed_cut,synthetic_n200_p0.1,1,65,63,63,3359,2747,811,6917
directed_cut,synthetic_n200_p0.1,1,65,64,64,3385,2768,789,6942
directed_cut,synthetic_n200_p0.1,1,65,65,65,3411,2811,761,6983
directed_cut,synthetic_n200_p0.1,1,70,0,0,0,0,4424,4424
directed_cut,synthetic_n200_p0.1,1,70,1,1,105,59,4327,4491
directed_cut,synthetic_n200_p0.1,1,70,2,2,206,92,4251,4549
directed_cut,synthetic_n200_p0.1,1,70,3,3,302,152,4161,4615
directed_cut,synthetic_n200_p0.1,1,70,4,4,386,214,4089,4689
directed_cut,synthetic_n200_p0.1,1,70,5,5,470,256,4008,4734
directed_cut,synthetic_n200_p0.1,1,70,6,6,554,329,3925,4808
directed_cut,synthetic_n200_p0.1,1,70,7,7,638,348,3855,4841
directed_cut,synthetic_n200_p0.1,1,70,8,8,721,390,3769,4880
directed_cut,synthetic_n200_p0.1,1,70,9,9,799,447,3693,4939
directed_cut,synthetic_n200_p0.1,1,70,10,10,877,483,3623,4983
directed_cut,synthetic_n200_p0.1,1,70,11,11,952,570,3544,5066
directed_cut,synthetic_n200_p0.1,1,70,12,12,1026,655,3443,5124
directed_cut,synthetic_n200_p0.1,1,70,13,13,1098,696,3392,5186
directed_cut,synthetic_n200_p0.1,1,70,14,14,1168,764,3316,5248
directed_cut,synthetic_n200_p0.1,1,70,15,15,1237,797,3249,5283
directed_cut,synthetic_n200_p0.1,1,70,16,16,1304,837,3186,5327
directed_cut,synthetic_n200_p0.1,1,70,17,17,1367,873,3132,5372
directed_cut,synthetic_n200_p0.1,1,70,18,18,1427,921,3080,5428
directed_cut,synthetic_n200_p0.1,1,70,19,19,1487,956,3032,5475
directed_cut,synthetic_n200_p0.1,1,70,20,20,1545,1003,2970,5518
directed_cut,synthetic_n200_p0.1,1,70,21,21,1603,1040,2931,5574
directed_cut,synthetic_n200_p0.1,1,70,22,22,1661,1082,2884,5627
directed_cut,synthetic_n200_p0.1,1,70,23,23,1717,1094,2831,5642
directed_cut,synthetic_n200_p0.1,1,70,24,24,1773,1145,2782,5700
directed_cut,synthetic_n200_p0.1,1,70,25,25,1828,1201,2708,5737
directed_cut,synthetic_n200_p0.1,1,70,26,26,1883,1227,2658,5768
directed_cut,synthetic_n200_p0.1,1,70,27,27,1937,1268,2600,5805
directed_cut,synthetic_n200_p0.1,1,70,28,28,1991,1309,2539,5839
directed_cut,synthetic_n200_p0.1,1,70,29,29,2045,1355,2488,5888
directed_cut,synthetic_n200_p0.1,1,70,30,30,2098,1397,2420,5915
directed_cut,synthetic_n200_p0.1,1,70,31,31,2151,1443,2363,5957
directed_cut,synthetic_n200_p0.1,1,70,32,32,2203,1493,2302,5998
directed_cut,synthetic_n200_p0.1,1,70,33,33,2253,1536,2240,6029
directed_cut,synthetic_n200_p0.1,1,70,34,34,2300,1593,2182,6075
directed_cut,synthetic_n200_p0.1,1,70,35,35,2346,1623,2140,6109
directed_cut,synthetic_n200_p0.1,1,70,36,36,2392,1658,2094,6144
directed_cut,synthetic_n200_p0.1,1,70,37,37,2437,1722,2029,6188
directed_cut,synthetic_n200_p0.1,1,70,38,38,2482,1758,1989,6229
directed_cut,synthetic_n200_p0.1,1,70,39,39,2527,1819,1926,6272
directed_cut,synthetic_n200_p0.1,1,70,40,40,2571,1845,1884,6300
directed_cut,synthetic_n200_p0.1,1,70,41,41,2615,1899,1838,6352
directed_cut,synthetic_n200_p0.1,1,70,42,42,2656,1942,1783,6381
directed_cut,synthetic_n200_p0.1,1,70,43,43,2697,1977,1731,6405
directed_cut,synthetic_n200_p0.1,1,70,44,44,2735,2053,1686,6474
directed_cut,synthetic_n200_p0.1,1,70,45,45,2773,2120,1632,6525
directed_cut,synthetic_n200_p0.1,1,70,46,46,2811,2169,1565,6545
directed_cut,synthetic_n200_p0.1,1,70,47,47,2847,2202,1528,6577
directed_cut,synthetic_n200_p0.1,1,70,48,48,2882,2217,1486,6585
directed_cut,synthetic_n200_p0.1,1,70,49,49,2917,2245,1441,6603
directed_cut,synthetic_n200_p0.1,1,70,50,50,2952,2267,1392,6611
directed_cut,synthetic_n200_p0.1,1,70,51,51,2987,2287,1355,6629
directed_cut,synthetic_n200_p0.1,1,70,52,52,3021,2319,1320,6660
directed_cut,synthetic_n200_p0.1,1,70,53,53,3055,2362,1265,6682
directed_cut,synthetic_n200_p0.1,1,70,54,54,3088,2414,1223,6725
directed_cut,synthetic_n200_p0.1,1,70,55,55,3120,2479,1184,6783
directed_cut,synthetic_n200_p0.1,1,70,56,56,3152,2515,1126,6793
directed_cut,synthetic_n200_p0.1,1,70,57,57,3183,2553,1084,6820
directed_cut,synthetic_n200_p0.1,1,70,58,58,3214,2592,1033,6839
directed_cut,synthetic_n200_p0.1,1,70,59,59,3244,2615,991,6850
directed_cut,synthetic_n200_p0.1,1,70,60,60,3274,2639,952,6865
directed_cut,synthetic_n200_p0.1,1,70,61,61,3304,2668,916,6888
directed_cut,synthetic_n200_p0.1,1,70,62,62,3332,2712,881,6925
directed_cut,synthetic_n200_p0.1,1,70,63,63,3359,2747,830,6936
directed_cut,synthetic_n200_p0.1,1,70,64,64,3385,2768,805,6958
directed_cut,synthetic_n200_p0.1,1,70,65,65,3411,2811,774,6996
directed_cut,synthetic_n200_p0.1,1,70,66,66,3436,2836,731,7003
directed_cut,synthetic_n200_p0.1,1,70,67,67,3461,2879,648,6988
directed_cut,synthetic_n200_p0.1,1,70,68,68,3484,2922,602,7008
directed_cut,synthetic_n200_p0.1,1,70,69,69,3506,2987,562,7055
directed_cut,synthetic_n200_p0.1,1,70,70,70,3528,3004,533,7065
directed_cut,synthetic_n200_p0.1,1,75,0,0,0,0,4648,4648
directed_cut,synthetic_n200_p0.1,1,75,1,1,105,59,4546,4710
directed_cut,synthetic_n200_p0.1,1,75,2,2,206,92,4466,4764
directed_cut,synthetic_n200_p0.1,1,75,3,3,302,152,4369,4823
directed_cut,synthetic_n200_p0.1,1,75,4,4,386,214,4294,4894
directed_cut,synthetic_n200_p0.1,1,75,5,5,470,256,4210,4936
directed_cut,synthetic_n200_p0.1,1,75,6,6,554,329,4125,5008
directed_cut,synthetic_n200_p0.1,1,75,7,7,638,348,4050,5036
directed_cut,synthetic_n200_p0.1,1,75,8,8,721,390,3960,5071
directed_cut,synthetic_n200_p0.1,1,75,9,9,799,447,3883,5129
directed_cut,synthetic_n200_p0.1,1,75,10,10,877,483,3808,5168
directed_cut,synthetic_n200_p0.1,1,75,11,11,952,570,3726,5248
directed_cut,synthetic_n200_p0.1,1,75,12,12,1026,655,3623,5304
directed_cut,synthetic_n200_p0.1,1,75,13,13,1098,696,3568,5362
directed_cut,synthetic_n200_p0.1,1,75,14,14,1168,764,3483,5415
directed_cut,synthetic_n200_p0.1,1,75,15,15,1237,797,3414,5448
directed_cut,synthetic_n200_p0.1,1,75,16,16,1304,837,3349,5490
directed_cut,synthetic_n200_p0.1,1,75,17,17,1367,873,3295,5535
directed_cut,synthetic_n200_p0.1,1,75,18,18,1427,921,3239,5587
directed_cut,synthetic_n200_p0.1,1,75,19,19,1487,956,3187,5630
directed_cut,synthetic_n200_p0.1,1,75,20,20,1545,1003,3122,5670
directed_cut,synthetic_n200_p0.1,1,75,21,21,1603,1040,3083,5726
directed_cut,synthetic_n200_p0.1,1,75,22,22,1661,1082,3031,5774
directed_cut,synthetic_n200_p0.1,1,75,23,23,1717,1094,2969,5780
directed_cut,synthetic_n200_p0.1,1,75,24,24,1773,1145,2917,5835
directed_cut,synthetic_n200_p0.1,1,75,25,25,1828,1201,2838,5867
directed_cut,synthetic_n200_p0.1,1,75,26,26,1883,1227,2787,5897
directed_cut,synthetic_n200_p0.1,1,75,27,27,1937,1268,2726,5931
directed_cut,synthetic_n200_p0.1,1,75,28,28,1991,1309,2659,5959
directed_cut,synthetic_n200_p0.1,1,75,29,29,2045,1355,2603,6003
directed_cut,synthetic_n200_p0.1,1,75,30,30,2098,1397,2534,6029
directed_cut,synthetic_n200_p0.1,1,75,31,31,2151,1443,2473,6067
directed_cut,synthetic_n200_p0.1,1,75,32,32,2203,1493,2407,6103
directed_cut,synthetic_n200_p0.1,1,75,33,33,2253,1536,2339,6128
directed_cut,synthetic_n200_p0.1,1,75,34,34,2300,1593,2277,6170
directed_cut,synthetic_n200_p0.1,1,75,35,35,2346,1623,2235,6204
directed_cut,synthetic_n200_p0.1,1,75,36,36,2392,1658,2189,6239
directed_cut,synthetic_n200_p0.1,1,75,37,37,2437,1722,2121,6280
directed_cut,synthetic_n200_p0.1,1,75,38,38,2482,1758,2078,6318
directed_cut,synthetic_n200_p0.1,1,75,39,39,2527,1819,2003,6349
directed_cut,synthetic_n200_p0.1,1,75,40,40,2571,1845,1957,6373
directed_cut,synthetic_n200_p0.1,1,75,41,41,2615,1899,1905,6419
directed_cut,synthetic_n200_p0.1,1,75,42,42,2656,1942,1848,6446
directed_cut,synthetic_n200_p0.1,1,75,43,43,2697,1977,1795,6469
directed_cut,synthetic_n200_p0.1,1,75,44,44,2735,2053,1746,6534
directed_cut,synthetic_n200_p0.1,1,75,45,45,2773,2120,1688,6581
directed_cut,synthetic_n200_p0.1,1,75,46,46,2811,2169,1619,6599
directed_cut,synthetic_n200_p0.1,1,75,47,47,2847,2202,1581,6630
directed_cut,synthetic_n200_p0.1,1,75,48,48,2882,2217,1536,6635
directed_cut,synthetic_n200_p0.1,1,75,49,49,2917,2245,1487,6649
directed_cut,synthetic_n200_p0.1,1,75,50,50,2952,2267,1437,6656
directed_cut,synthetic_n200_p0.1,1,75,51,51,2987,2287,1400,6674
directed_cut,synthetic_n200_p0.1,1,75,52,52,3021,2319,1362,6702
directed_cut,synthetic_n200_p0.1,1,75,53,53,3055,2362,1298,6715
directed_cut,synthetic_n200_p0.1,1,75,54,54,3088,2414,1253,6755
directed_cut,synthetic_n200_p0.1,1,75,55,55,3120,2479,1214,6813
directed_cut,synthetic_n200_p0.1,1,75,56,56,3152,2515,1152,6819
directed_cut,synthetic_n200_p0.1,1,75,57,57,3183,2553,1107,6843
directed_cut,synthetic_n200_p0.1,1,75,58,58,3214,2592,1054,6860
directed_cut,synthetic_n200_p0.1,1,75,59,59,3244,2615,1012,6871
directed_cut,synthetic_n200_p0.1,1,75,60,60,3274,2639,972,6885
directed_cut,synthetic_n200_p0.1,1,75,61,61,3304,2668,934,6906
directed_cut,synthetic_n200_p0.1,1,75,62,62,3332,2712,897,6941
directed_cut,synthetic_n200_p0.1,1,75,63,63,3359,2747,839,6945
directed_cut,synthetic_n200_p0.1,1,75,64,64,3385,2768,811,6964
directed_cut,synthetic_n200_p0.1,1,75,65,65,3411,2811,777,6999
directed_cut,synthetic_n200_p0.1,1,75,66,66,3436,2836,733,7005
directed_cut,synthetic_n200_p0.1,1,75,67,67,3461,2879,648,6988
directed_cut,synthetic_n200_p0.1,1,75,68,68,3484,2922,602,7008
directed_cut,synthetic_n200_p0.1,1,75,69,69,3506,2987,562,7055
directed_cut,synthetic_n200_p0.1,1,75,70,70,3528,3004,533,7065
directed_cut,synthetic_n200_p0.1,1,75,71,71,3549,3031,508,7088
directed_cut,synthetic_n200_p0.1,1,75,72,72,3569,3051,482,7102
directed_cut,synthetic_n200_p0.1,1,75,73,73,3589,3077,440,7106
directed_cut,synthetic_n200_p0.1,1,75,74,74,3608,3151,396,7155
directed_cut,synthetic_n200_p0.1,1,75,75,75,3627,3182,376,7185
directed_cut,synthetic_n200_p0.1,1,80,0,0,0,0,4865,4865
directed_cut,synthetic_n200_p0.1,1,80,1,1,105,59,4761,4925
directed_cut,synthetic_n200_p0.1,1,80,2,2,206,92,4674,4972
directed_cut,synthetic_n200_p0.1,1,80,3,3,302,152,4573,5027
directed_cut,synthetic_n200_p0.1,1,80,4,4,386,214,4494,5094
directed_cut,synthetic_n200_p0.1,1,80,5,5,470,256,4405,5131
directed_cut,synthetic_n200_p0.1,1,80,6,6,554,329,4316,5199
directed_cut,synthetic_n200_p0.1,1,80,7,7,638,348,4240,5226
directed_cut,synthetic_n200_p0.1,1,80,8,8,721,390,4148,5259
directed_cut,synthetic_n200_p0.1,1,80,9,9,799,447,4068,5314
directed_cut,synthetic_n200_p0.1,1,80,10,10,877,483,3988,5348
directed_cut,synthetic_n200_p0.1,1,80,11,11,952,570,3906,5428
directed_cut,synthetic_n200_p0.1,1,80,12,12,1026,655,3798,5479
directed_cut,synthetic_n200_p0.1,1,80,13,13,1098,696,3740,5534
directed_cut,synthetic_n200_p0.1,1,80,14,14,1168,764,3644,5576
directed_cut,synthetic_n200_p0.1,1,80,15,15,1237,797,3571,5605
directed_cut,synthetic_n200_p0.1,1,80,16,16,1304,837,3506,5647
directed_cut,synthetic_n200_p0.1,1,80,17,17,1367,873,3451,5691
directed_cut,synthetic_n200_p0.1,1,80,18,18,1427,921,3394,5742
directed_cut,synthetic_n200_p0.1,1,80,19,19,1487,956,3339,5782
directed_cut,synthetic_n200_p0.1,1,80,20,20,1545,1003,3267,5815
directed_cut,synthetic_n200_p0.1,1,80,21,21,1603,1040,3226,5869
directed_cut,synthetic_n200_p0.1,1,80,22,22,1661,1082,3169,5912
directed_cut,synthetic_n200_p0.1,1,80,23,23,1717,1094,3100,5911
directed_cut,synthetic_n200_p0.1,1,80,24,24,1773,1145,3045,5963
directed_cut,synthetic_n200_p0.1,1,80,25,25,1828,1201,2961,5990
directed_cut,synthetic_n200_p0.1,1,80,26,26,1883,1227,2908,6018
directed_cut,synthetic_n200_p0.1,1,80,27,27,1937,1268,2846,6051
directed_cut,synthetic_n200_p0.1,1,80,28,28,1991,1309,2774,6074
directed_cut,synthetic_n200_p0.1,1,80,29,29,2045,1355,2715,6115
directed_cut,synthetic_n200_p0.1,1,80,30,30,2098,1397,2643,6138
directed_cut,synthetic_n200_p0.1,1,80,31,31,2151,1443,2576,6170
directed_cut,synthetic_n200_p0.1,1,80,32,32,2203,1493,2506,6202
directed_cut,synthetic_n200_p0.1,1,80,33,33,2253,1536,2434,6223
directed_cut,synthetic_n200_p0.1,1,80,34,34,2300,1593,2370,6263
directed_cut,synthetic_n200_p0.1,1,80,35,35,2346,1623,2326,6295
directed_cut,synthetic_n200_p0.1,1,80,36,36,2392,1658,2278,6328
directed_cut,synthetic_n200_p0.1,1,80,37,37,2437,1722,2206,6365
directed_cut,synthetic_n200_p0.1,1,80,38,38,2482,1758,2155,6395
directed_cut,synthetic_n200_p0.1,1,80,39,39,2527,1819,2075,6421
directed_cut,synthetic_n200_p0.1,1,80,40,40,2571,1845,2024,6440
directed_cut,synthetic_n200_p0.1,1,80,41,41,2615,1899,1969,6483
directed_cut,synthetic_n200_p0.1,1,80,42,42,2656,1942,1909,6507
directed_cut,synthetic_n200_p0.1,1,80,43,43,2697,1977,1854,6528
directed_cut,synthetic_n200_p0.1,1,80,44,44,2735,2053,1800,6588
directed_cut,synthetic_n200_p0.1,1,80,45,45,2773,2120,1737,6630
directed_cut,synthetic_n200_p0.1,1,80,46,46,2811,2169,1665,6645
directed_cut,synthetic_n200_p0.1,1,80,47,47,2847,2202,1627,6676
directed_cut,synthetic_n200_p0.1,1,80,48,48,2882,2217,1580,6679
directed_cut,synthetic_n200_p0.1,1,80,49,49,2917,2245,1530,6692
directed_cut,synthetic_n200_p0.1,1,80,50,50,2952,2267,1477,6696
directed_cut,synthetic_n200_p0.1,1,80,51,51,2987,2287,1439,6713
directed_cut,synthetic_n200_p0.1,1,80,52,52,3021,2319,1397,6737
directed_cut,synthetic_n200_p0.1,1,80,53,53,3055,2362,1326,6743
directed_cut,synthetic_n200_p0.1,1,80,54,54,3088,2414,1278,6780
directed_cut,synthetic_n200_p0.1,1,80,55,55,3120,2479,1239,6838
directed_cut,synthetic_n200_p0.1,1,80,56,56,3152,2515,1175,6842
directed_cut,synthetic_n200_p0.1,1,80,57,57,3183,2553,1127,6863
directed_cut,synthetic_n200_p0.1,1,80,58,58,3214,2592,1074,6880
directed_cut,synthetic_n200_p0.1,1,80,59,59,3244,2615,1029,6888
directed_cut,synthetic_n200_p0.1,1,80,60,60,3274,2639,985,6898
directed_cut,synthetic_n200_p0.1,1,80,61,61,3304,2668,944,6916
directed_cut,synthetic_n200_p0.1,1,80,62,62,3332,2712,902,6946
directed_cut,synthetic_n200_p0.1,1,80,63,63,3359,2747,841,6947
directed_cut,synthetic_n200_p0.1,1,80,64,64,3385,2768,811,6964
directed_cut,synthetic_n200_p0.1,1,80,65,65,3411,2811,777,6999
directed_cut,synthetic_n200_p0.1,1,80,66,66,3436,2836,733,7005
directed_cut,synthetic_n200_p0.1,1,80,67,67,3461,2879,648,6988
directed_cut,synthetic_n200_p0.1,1,80,68,68,3484,2922,602,7008
directed_cut,synthetic_n200_p0.1,1,80,69,69,3506,2987,562,7055
directed_cut,synthetic_n200_p0.1,1,80,70,70,3528,3004,533,7065
directed_cut,synthetic_n200_p0.1,1,80,71,71,3549,3031,508,7088
directed_cut,synthetic_n200_p0.1,1,80,72,72,3569,3051,482,7102
directed_cut,synthetic_n200_p0.1,1,80,73,73,3589,3077,440,7106
directed_cut,synthetic_n200_p0.1,1,80,74,74,3608,3151,396,7155
directed_cut,synthetic_n200_p0.1,1,80,75,75,3627,3182,376,7185
directed_cut,synthetic_n200_p0.1,1,80,76,76,3646,3210,346,7202
directed_cut,synthetic_n200_p0.1,1,80,77,77,3664,3247,313,7224
directed_cut,synthetic_n200_p0.1,1,80,78,78,3682,3273,293,7248
directed_cut,synthetic_n200_p0.1,1,80,79,79,3699,3317,270,7286
directed_cut,synthetic_n200_p0.1,1,80,80,80,3715,3381,231,7327
directed_cut,synthetic_n200_p0.1,1,85,0,0,0,0,5079,5079
directed_cut,synthetic_n200_p0.1,1,85,1,1,105,59,4971,5135
directed_cut,synthetic_n200_p0.1,1,85,2,2,206,92,4874,5172
directed_cut,synthetic_n200_p0.1,1,85,3,3,302,152,4768,5222
directed_cut,synthetic_n200_p0.1,1,85,4,4,386,214,4686,5286
directed_cut,synthetic_n200_p0.1,1,85,5,5,470,256,4595,5321
directed_cut,synthetic_n200_p0.1,1,85,6,6,554,329,4504,5387
directed_cut,synthetic_n200_p0.1,1,85,7,7,638,348,4425,5411
directed_cut,synthetic_n200_p0.1,1,85,8,8,721,390,4331,5442
directed_cut,synthetic_n200_p0.1,1,85,9,9,799,447,4249,5495
directed_cut,synthetic_n200_p0.1,1,85,10,10,877,483,4166,5526
directed_cut,synthetic_n200_p0.1,1,85,11,11,952,570,4082,5604
directed_cut,synthetic_n200_p0.1,1,85,12,12,1026,655,3970,5651
directed_cut,synthetic_n200_p0.1,1,85,13,13,1098,696,3909,5703
directed_cut,synthetic_n200_p0.1,1,85,14,14,1168,764,3799,5731
directed_cut,synthetic_n200_p0.1,1,85,15,15,1237,797,3726,5760
directed_cut,synthetic_n200_p0.1,1,85,16,16,1304,837,3661,5802
directed_cut,synthetic_n200_p0.1,1,85,17,17,1367,873,3605,5845
directed_cut,synthetic_n200_p0.1,1,85,18,18,1427,921,3544,5892
directed_cut,synthetic_n200_p0.1,1,85,19,19,1487,956,3483,5926
directed_cut,synthetic_n200_p0.1,1,85,20,20,1545,1003,3405,5953
directed_cut,synthetic_n200_p0.1,1,85,21,21,1603,1040,3362,6005
directed_cut,synthetic_n200_p0.1,1,85,22,22,1661,1082,3300,6043
directed_cut,synthetic_n200_p0.1,1,85,23,23,1717,1094,3225,6036
directed_cut,synthetic_n200_p0.1,1,85,24,24,1773,1145,3165,6083
directed_cut,synthetic_n200_p0.1,1,85,25,25,1828,1201,3081,6110
directed_cut,synthetic_n200_p0.1,1,85,26,26,1883,1227,3026,6136
directed_cut,synthetic_n200_p0.1,1,85,27,27,1937,1268,2962,6167
directed_cut,synthetic_n200_p0.1,1,85,28,28,1991,1309,2884,6184
directed_cut,synthetic_n200_p0.1,1,85,29,29,2045,1355,2822,6222
directed_cut,synthetic_n200_p0.1,1,85,30,30,2098,1397,2745,6240
directed_cut,synthetic_n200_p0.1,1,85,31,31,2151,1443,2675,6269
directed_cut,synthetic_n200_p0.1,1,85,32,32,2203,1493,2601,6297
directed_cut,synthetic_n200_p0.1,1,85,33,33,2253,1536,2527,6316
directed_cut,synthetic_n200_p0.1,1,85,34,34,2300,1593,2458,6351
directed_cut,synthetic_n200_p0.1,1,85,35,35,2346,1623,2409,6378
directed_cut,synthetic_n200_p0.1,1,85,36,36,2392,1658,2356,6406
directed_cut,synthetic_n200_p0.1,1,85,37,37,2437,1722,2282,6441
directed_cut,synthetic_n200_p0.1,1,85,38,38,2482,1758,2226,6466
directed_cut,synthetic_n200_p0.1,1,85,39,39,2527,1819,2143,6489
directed_cut,synthetic_n200_p0.1,1,85,40,40,2571,1845,2088,6504
directed_cut,synthetic_n200_p0.1,1,85,41,41,2615,1899,2029,6543
directed_cut,synthetic_n200_p0.1,1,85,42,42,2656,1942,1967,6565
directed_cut,synthetic_n200_p0.1,1,85,43,43,2697,1977,1908,6582
directed_cut,synthetic_n200_p0.1,1,85,44,44,2735,2053,1847,6635
directed_cut,synthetic_n200_p0.1,1,85,45,45,2773,2120,1780,6673
directed_cut,synthetic_n200_p0.1,1,85,46,46,2811,2169,1707,6687
directed_cut,synthetic_n200_p0.1,1,85,47,47,2847,2202,1668,6717
directed_cut,synthetic_n200_p0.1,1,85,48,48,2882,2217,1619,6718
directed_cut,synthetic_n200_p0.1,1,85,49,49,2917,2245,1567,6729
directed_cut,synthetic_n200_p0.1,1,85,50,50,2952,2267,1509,6728
directed_cut,synthetic_n200_p0.1,1,85,51,51,2987,2287,1471,6745
directed_cut,synthetic_n200_p0.1,1,85,52,52,3021,2319,1425,6765
directed_cut,synthetic_n200_p0.1,1,85,53,53,3055,2362,1350,6767
directed_cut,synthetic_n200_p0.1,1,85,54,54,3088,2414,1299,6801
directed_cut,synthetic_n200_p0.1,1,85,55,55,3120,2479,1260,6859
directed_cut,synthetic_n200_p0.1,1,85,56,56,3152,2515,1193,6860
directed_cut,synthetic_n200_p0.1,1,85,57,57,3183,2553,1140,6876
directed_cut,synthetic_n200_p0.1,1,85,58,58,3214,2592,1087,6893
directed_cut,synthetic_n200_p0.1,1,85,59,59,3244,2615,1035,6894
directed_cut,synthetic_n200_p0.1,1,85,60,60,3274,2639,989,6902
directed_cut,synthetic_n200_p0.1,1,85,61,61,3304,2668,946,6918
directed_cut,synthetic_n200_p0.1,1,85,62,62,3332,2712,902,6946
directed_cut,synthetic_n200_p0.1,1,85,63,63,3359,2747,841,6947
directed_cut,synthetic_n200_p0.1,1,85,64,64,3385,2768,811,6964
directed_cut,synthetic_n200_p0.1,1,85,65,65,3411,2811,777,6999
directed_cut,synthetic_n200_p0.1,1,85,66,66,3436,2836,733,7005
directed_cut,synthetic_n200_p0.1,1,85,67,67,3461,2879,648,6988
directed_cut,synthetic_n200_p0.1,1,85,68,68,3484,2922,602,7008
directed_cut,synthetic_n200_p0.1,1,85,69,69,3506,2987,562,7055
directed_cut,synthetic_n200_p0.1,1,85,70,70,3528,3004,533,7065
directed_cut,synthetic_n200_p0.1,1,85,71,71,3549,3031,508,7088
directed_cut,synthetic_n200_p0.1,1,85,72,72,3569,3051,482,7102
directed_cut,synthetic_n200_p0.1,1,85,73,73,3589,3077,440,7106
directed_cut,synthetic_n200_p0.1,1,85,74,74,3608,3151,396,7155
directed_cut,synthetic_n200_p0.1,1,85,75,75,3627,3182,376,7185
directed_cut,synthetic_n200_p0.1,1,85,76,76,3646,3210,346,7202
directed_cut,synthetic_n200_p0.1,1,85,77,77,3664,3247,313,7224
directed_cut,synthetic_n200_p0.1,1,85,78,78,3682,3273,293,7248
directed_cut,synthetic_n200_p0.1,1,85,79,79,3699,3317,270,7286
directed_cut,synthetic_n200_p0.1,1,85,80,80,3715,3381,231,7327
directed_cut,synthetic_n200_p0.1,1,85,81,81,3730,3412,214,7356
directed_cut,synthetic_n200_p0.1,1,85,82,82,3744,3448,200,7392
directed_cut,synthetic_n200_p0.1,1,85,83,83,3758,3503,177,7438
directed_cut,synthetic_n200_p0.1,1,85,84,84,3770,3563,144,7477
directed_cut,synthetic_n200_p0.1,1,85,85,85,3782,3602,125,7509
directed_cut,synthetic_n200_p0.1,1,90,0,0,0,0,5288,5288
directed_cut,synthetic_n200_p0.1,1,90,1,1,105,59,5177,5341
directed_cut,synthetic_n200_p0.1,1,90,2,2,206,92,5065,5363
directed_cut,synthetic_n200_p0.1,1,90,3,3,302,152,4958,5412
directed_cut,synthetic_n200_p0.1,1,90,4,4,386,214,4875,5475
directed_cut,synthetic_n200_p0.1,1,90,5,5,470,256,4781,5507
directed_cut,synthetic_n200_p0.1,1,90,6,6,554,329,4687,5570
directed_cut,synthetic_n200_p0.1,1,90,7,7,638,348,4606,5592
directed_cut,synthetic_n200_p0.1,1,90,8,8,721,390,4511,5622
directed_cut,synthetic_n200_p0.1,1,90,9,9,799,447,4428,5674
directed_cut,synthetic_n200_p0.1,1,90,10,10,877,483,4340,5700
directed_cut,synthetic_n200_p0.1,1,90,11,11,952,570,4255,5777
directed_cut,synthetic_n200_p0.1,1,90,12,12,1026,655,4140,5821
directed_cut,synthetic_n200_p0.1,1,90,13,13,1098,696,4069,5863
directed_cut,synthetic_n200_p0.1,1,90,14,14,1168,764,3952,5884
directed_cut,synthetic_n200_p0.1,1,90,15,15,1237,797,3877,5911
directed_cut,synthetic_n200_p0.1,1,90,16,16,1304,837,3812,5953
directed_cut,synthetic_n200_p0.1,1,90,17,17,1367,873,3751,5991
directed_cut,synthetic_n200_p0.1,1,90,18,18,1427,921,3686,6034
directed_cut,synthetic_n200_p0.1,1,90,19,19,1487,956,3621,6064
directed_cut,synthetic_n200_p0.1,1,90,20,20,1545,1003,3537,6085
directed_cut,synthetic_n200_p0.1,1,90,21,21,1603,1040,3489,6132
directed_cut,synthetic_n200_p0.1,1,90,22,22,1661,1082,3423,6166
directed_cut,synthetic_n200_p0.1,1,90,23,23,1717,1094,3345,6156
directed_cut,synthetic_n200_p0.1,1,90,24,24,1773,1145,3281,6199
directed_cut,synthetic_n200_p0.1,1,90,25,25,1828,1201,3196,6225
directed_cut,synthetic_n200_p0.1,1,90,26,26,1883,1227,3139,6249
directed_cut,synthetic_n200_p0.1,1,90,27,27,1937,1268,3074,6279
directed_cut,synthetic_n200_p0.1,1,90,28,28,1991,1309,2987,6287
directed_cut,synthetic_n200_p0.1,1,90,29,29,2045,1355,2920,6320
directed_cut,synthetic_n200_p0.1,1,90,30,30,2098,1397,2841,6336
directed_cut,synthetic_n200_p0.1,1,90,31,31,2151,1443,2770,6364
directed_cut,synthetic_n200_p0.1,1,90,32,32,2203,1493,2692,6388
directed_cut,synthetic_n200_p0.1,1,90,33,33,2253,1536,2615,6404
directed_cut,synthetic_n200_p0.1,1,90,34,34,2300,1593,2535,6428
directed_cut,synthetic_n200_p0.1,1,90,35,35,2346,1623,2484,6453
directed_cut,synthetic_n200_p0.1,1,90,36,36,2392,1658,2428,6478
directed_cut,synthetic_n200_p0.1,1,90,37,37,2437,1722,2351,6510
directed_cut,synthetic_n200_p0.1,1,90,38,38,2482,1758,2292,6532
directed_cut,synthetic_n200_p0.1,1,90,39,39,2527,1819,2207,6553
directed_cut,synthetic_n200_p0.1,1,90,40,40,2571,1845,2146,6562
directed_cut,synthetic_n200_p0.1,1,90,41,41,2615,1899,2085,6599
directed_cut,synthetic_n200_p0.1,1,90,42,42,2656,1942,2017,6615
directed_cut,synthetic_n200_p0.1,1,90,43,43,2697,1977,1955,6629
directed_cut,synthetic_n200_p0.1,1,90,44,44,2735,2053,1888,6676
directed_cut,synthetic_n200_p0.1,1,90,45,45,2773,2120,1819,6712
directed_cut,synthetic_n200_p0.1,1,90,46,46,2811,2169,1744,6724
directed_cut,synthetic_n200_p0.1,1,90,47,47,2847,2202,1703,6752
directed_cut,synthetic_n200_p0.1,1,90,48,48,2882,2217,1651,6750
directed_cut,synthetic_n200_p0.1,1,90,49,49,2917,2245,1595,6757
directed_cut,synthetic_n200_p0.1,1,90,50,50,2952,2267,1535,6754
directed_cut,synthetic_n200_p0.1,1,90,51,51,2987,2287,1496,6770
directed_cut,synthetic_n200_p0.1,1,90,52,52,3021,2319,1449,6789
directed_cut,synthetic_n200_p0.1,1,90,53,53,3055,2362,1367,6784
directed_cut,synthetic_n200_p0.1,1,90,54,54,3088,2414,1315,6817
directed_cut,synthetic_n200_p0.1,1,90,55,55,3120,2479,1276,6875
directed_cut,synthetic_n200_p0.1,1,90,56,56,3152,2515,1201,6868
directed_cut,synthetic_n200_p0.1,1,90,57,57,3183,2553,1143,6879
directed_cut,synthetic_n200_p0.1,1,90,58,58,3214,2592,1090,6896
directed_cut,synthetic_n200_p0.1,1,90,59,59,3244,2615,1035,6894
directed_cut,synthetic_n200_p0.1,1,90,60,60,3274,2639,989,6902
directed_cut,synthetic_n200_p0.1,1,90,61,61,3304,2668,946,6918
directed_cut,synthetic_n200_p0.1,1,90,62,62,3332,2712,902,6946
directed_cut,synthetic_n200_p0.1,1,90,63,63,3359,2747,841,6947
directed_cut,synthetic_n200_p0.1,1,90,64,64,3385,2768,811,6964
directed_cut,synthetic_n200_p0.1,1,90,65,65,3411,2811,777,6999
directed_cut,synthetic_n200_p0.1,1,90,66,66,3436,2836,733,7005
directed_cut,synthetic_n200_p0.1,1,90,67,67,3461,2879,648,6988
directed_cut,synthetic_n200_p0.1,1,90,68,68,3484,2922,602,7008
directed_cut,synthetic_n200_p0.1,1,90,69,69,3506,2987,562,7055
directed_cut,synthetic_n200_p0.1,1,90,70,70,3528,3004,533,7065
directed_cut,synthetic_n200_p0.1,1,90,71,71,3549,3031,508,7088
directed_cut,synthetic_n200_p0.1,1,90,72,72,3569,3051,482,7102
directed_cut,synthetic_n200_p0.1,1,90,73,73,3589,3077,440,7106
directed_cut,synthetic_n200_p0.1,1,90,74,74,3608,3151,396,7155
directed_cut,synthetic_n200_p0.1,1,90,75,75,3627,3182,376,7185
directed_cut,synthetic_n200_p0.1,1,90,76,76,3646,3210,346,7202
directed_cut,synthetic_n200_p0.1,1,90,77,77,3664,3247,313,7224
directed_cut,synthetic_n200_p0.1,1,90,78,78,3682,3273,293,7248
directed_cut,synthetic_n200_p0.1,1,90,79,79,3699,3317,270,7286
directed_cut,synthetic_n200_p0.1,1,90,80,80,3715,3381,231,7327
directed_cut,synthetic_n200_p0.1,1,90,81,81,3730,3412,214,7356
directed_cut,synthetic_n200_p0.1,1,90,82,82,3744,3448,200,7392
directed_cut,synthetic_n200_p0.1,1,90,83,83,3758,3503,177,7438
directed_cut,synthetic_n200_p0.1,1,90,84,84,3770,3563,144,7477
directed_cut,synthetic_n200_p0.1,1,90,85,85,3782,3602,125,7509
directed_cut,synthetic_n200_p0.1,1,90,86,86,3793,3647,110,7550
directed_cut,synthetic_n200_p0.1,1,90,87,87,3803,3675,97,7575
directed_cut,synthetic_n200_p0.1,1,90,88,88,3813,3718,79,7610
directed_cut,synthetic_n200_p0.1,1,90,89,89,3821,3783,43,7647
directed_cut,synthetic_n200_p0.1,1,90,90,90,3828,3818,36,7682
directed_cut,synthetic_n200_p0.1,1,95,0,0,0,0,5492,5492
directed_cut,synthetic_n200_p0.1,1,95,1,1,105,59,5374,5538
directed_cut,synthetic_n200_p0.1,1,95,2,2,206,92,5252,5550
directed_cut,synthetic_n200_p0.1,1,95,3,3,302,152,5144,5598
directed_cut,synthetic_n200_p0.1,1,95,4,4,386,214,5060,5660
directed_cut,synthetic_n200_p0.1,1,95,5,5,470,256,4962,5688
directed_cut,synthetic_n200_p0.1,1,95,6,6,554,329,4867,5750
directed_cut,synthetic_n200_p0.1,1,95,7,7,638,348,4785,5771
directed_cut,synthetic_n200_p0.1,1,95,8,8,721,390,4687,5798
directed_cut,synthetic_n200_p0.1,1,95,9,9,799,447,4603,5849
directed_cut,synthetic_n200_p0.1,1,95,10,10,877,483,4510,5870
directed_cut,synthetic_n200_p0.1,1,95,11,11,952,570,4425,5947
directed_cut,synthetic_n200_p0.1,1,95,12,12,1026,655,4302,5983
directed_cut,synthetic_n200_p0.1,1,95,13,13,1098,696,4224,6018
directed_cut,synthetic_n200_p0.1,1,95,14,14,1168,764,4098,6030
directed_cut,synthetic_n200_p0.1,1,95,15,15,1237,797,4021,6055
directed_cut,synthetic_n200_p0.1,1,95,16,16,1304,837,3954,6095
directed_cut,synthetic_n200_p0.1,1,95,17,17,1367,873,3891,6131
directed_cut,synthetic_n200_p0.1,1,95,18,18,1427,921,3825,6173
directed_cut,synthetic_n200_p0.1,1,95,19,19,1487,956,3750,6193
directed_cut,synthetic_n200_p0.1,1,95,20,20,1545,1003,3660,6208
directed_cut,synthetic_n200_p0.1,1,95,21,21,1603,1040,3608,6251
directed_cut,synthetic_n200_p0.1,1,95,22,22,1661,1082,3541,6284
directed_cut,synthetic_n200_p0.1,1,95,23,23,1717,1094,3460,6271
directed_cut,synthetic_n200_p0.1,1,95,24,24,1773,1145,3393,6311
directed_cut,synthetic_n200_p0.1,1,95,25,25,1828,1201,3305,6334
directed_cut,synthetic_n200_p0.1,1,95,26,26,1883,1227,3247,6357
directed_cut,synthetic_n200_p0.1,1,95,27,27,1937,1268,3180,6385
directed_cut,synthetic_n200_p0.1,1,95,28,28,1991,1309,3083,6383
directed_cut,synthetic_n200_p0.1,1,95,29,29,2045,1355,3015,6415
directed_cut,synthetic_n200_p0.1,1,95,30,30,2098,1397,2933,6428
directed_cut,synthetic_n200_p0.1,1,95,31,31,2151,1443,2859,6453
directed_cut,synthetic_n200_p0.1,1,95,32,32,2203,1493,2771,6467
directed_cut,synthetic_n200_p0.1,1,95,33,33,2253,1536,2692,6481
directed_cut,synthetic_n200_p0.1,1,95,34,34,2300,1593,2607,6500
directed_cut,synthetic_n200_p0.1,1,95,35,35,2346,1623,2554,6523
directed_cut,synthetic_n200_p0.1,1,95,36,36,2392,1658,2495,6545
directed_cut,synthetic_n200_p0.1,1,95,37,37,2437,1722,2415,6574
directed_cut,synthetic_n200_p0.1,1,95,38,38,2482,1758,2354,6594
directed_cut,synthetic_n200_p0.1,1,95,39,39,2527,1819,2265,6611
directed_cut,synthetic_n200_p0.1,1,95,40,40,2571,1845,2198,6614
directed_cut,synthetic_n200_p0.1,1,95,41,41,2615,1899,2133,6647
directed_cut,synthetic_n200_p0.1,1,95,42,42,2656,1942,2060,6658
directed_cut,synthetic_n200_p0.1,1,95,43,43,2697,1977,1995,6669
directed_cut,synthetic_n200_p0.1,1,95,44,44,2735,2053,1926,6714
directed_cut,synthetic_n200_p0.1,1,95,45,45,2773,2120,1854,6747
directed_cut,synthetic_n200_p0.1,1,95,46,46,2811,2169,1775,6755
directed_cut,synthetic_n200_p0.1,1,95,47,47,2847,2202,1730,6779
directed_cut,synthetic_n200_p0.1,1,95,48,48,2882,2217,1674,6773
directed_cut,synthetic_n200_p0.1,1,95,49,49,2917,2245,1617,6779
directed_cut,synthetic_n200_p0.1,1,95,50,50,2952,2267,1556,6775
directed_cut,synthetic_n200_p0.1,1,95,51,51,2987,2287,1516,6790
directed_cut,synthetic_n200_p0.1,1,95,52,52,3021,2319,1466,6806
directed_cut,synthetic_n200_p0.1,1,95,53,53,3055,2362,1380,6797
directed_cut,synthetic_n200_p0.1,1,95,54,54,3088,2414,1324,6826
directed_cut,synthetic_n200_p0.1,1,95,55,55,3120,2479,1283,6882
directed_cut,synthetic_n200_p0.1,1,95,56,56,3152,2515,1202,6869
directed_cut,synthetic_n200_p0.1,1,95,57,57,3183,2553,1143,6879
directed_cut,synthetic_n200_p0.1,1,95,58,58,3214,2592,1090,6896
directed_cut,synthetic_n200_p0.1,1,95,59,59,3244,2615,1035,6894
directed_cut,synthetic_n200_p0.1,1,95,60,60,3274,2639,989,6902
directed_cut,synthetic_n200_p0.1,1,95,61,61,3304,2668,946,6918
directed_cut,synthetic_n200_p0.1,1,95,62,62,3332,2712,902,6946
directed_cut,synthetic_n200_p0.1,1,95,63,63,3359,2747,841,6947
directed_cut,synthetic_n200_p0.1,1,95,64,64,3385,2768,811,6964
directed_cut,synthetic_n200_p0.1,1,95,65,65,3411,2811,777,6999
directed_cut,synthetic_n200_p0.1,1,95,66,66,3436,2836,733,7005
directed_cut,synthetic_n200_p0.1,1,95,67,67,3461,2879,648,6988
directed_cut,synthetic_n200_p0.1,1,95,68,68,3484,2922,602,7008
directed_cut,synthetic_n200_p0.1,1,95,69,69,3506,2987,562,7055
directed_cut,synthetic_n200_p0.1,1,95,70,70,3528,3004,533,7065
directed_cut,synthetic_n200_p0.1,1,95,71,71,3549,3031,508,7088
directed_cut,synthetic_n200_p0.1,1,95,72,72,3569,3051,482,7102
directed_cut,synthetic_n200_p0.1,1,95,73,73,3589,3077,440,7106
directed_cut,synthetic_n200_p0.1,1,95,74,74,3608,3151,396,7155
directed_cut,synthetic_n200_p0.1,1,95,75,75,3627,3182,376,7185
directed_cut,synthetic_n200_p0.1,1,95,76,76,3646,3210,346,7202
directed_cut,synthetic_n200_p0.1,1,95,77,77,3664,3247,313,7224
directed_cut,synthetic_n200_p0.1,1,95,78,78,3682,3273,293,7248
directed_cut,synthetic_n200_p0.1,1,95,79,79,3699,3317,270,7286
directed_cut,synthetic_n200_p0.1,1,95,80,80,3715,3381,231,7327
directed_cut,synthetic_n200_p0.1,1,95,81,81,3730,3412,214,7356
directed_cut,synthetic_n200_p0.1,1,95,82,82,3744,3448,200,7392
directed_cut,synthetic_n200_p0.1,1,95,83,83,3758,3503,177,7438
directed_cut,synthetic_n200_p0.1,1,95,84,84,3770,3563,144,7477
directed_cut,synthetic_n200_p0.1,1,95,85,85,3782,3602,125,7509
directed_cut,synthetic_n200_p0.1,1,95,86,86,3793,3647,110,7550
directed_cut,synthetic_n200_p0.1,1,95,87,87,3803,3675,97,7575
directed_cut,synthetic_n200_p0.1,1,95,88,88,3813,3718,79,7610
directed_cut,synthetic_n200_p0.1,1,95,89,89,3821,3783,43,7647
directed_cut,synthetic_n200_p0.1,1,95,90,90,3828,3818,36,7682
directed_cut,synthetic_n200_p0.1,1,95,91,91,3833,3851,27,7711
directed_cut,synthetic_n200_p0.1,1,95,92,92,3838,3881,21,7740
directed_cut,synthetic_n200_p0.1,1,95,93,93,3842,3918,19,7779
directed_cut,synthetic_n200_p0.1,1,95,94,94,3846,3988,11,7845
directed_cut,synthetic_n200_p0.1,1,95,95,95,3850,4051,4,7905
directed_cut,synthetic_n200_p0.1,1,100,0,0,0,0,5689,5689
directed_cut,synthetic_n200_p0.1,1,100,1,1,105,59,5566,5730
directed_cut,synthetic_n200_p0.1,1,100,2,2,206,92,5437,5735
directed_cut,synthetic_n200_p0.1,1,100,3,3,302,152,5326,5780
directed_cut,synthetic_n200_p0.1,1,100,4,4,386,214,5240,5840
directed_cut,synthetic_n200_p0.1,1,100,5,5,470,256,5140,5866
directed_cut,synthetic_n200_p0.1,1,100,6,6,554,329,5042,5925
directed_cut,synthetic_n200_p0.1,1,100,7,7,638,348,4959,5945
directed_cut,synthetic_n200_p0.1,1,100,8,8,721,390,4859,5970
directed_cut,synthetic_n200_p0.1,1,100,9,9,799,447,4773,6019
directed_cut,synthetic_n200_p0.1,1,100,10,10,877,483,4674,6034
directed_cut,synthetic_n200_p0.1,1,100,11,11,952,570,4587,6109
directed_cut,synthetic_n200_p0.1,1,100,12,12,1026,655,4457,6138
directed_cut,synthetic_n200_p0.1,1,100,13,13,1098,696,4374,6168
directed_cut,synthetic_n200_p0.1,1,100,14,14,1168,764,4238,6170
directed_cut,synthetic_n200_p0.1,1,100,15,15,1237,797,4161,6195
directed_cut,synthetic_n200_p0.1,1,100,16,16,1304,837,4093,6234
directed_cut,synthetic_n200_p0.1,1,100,17,17,1367,873,4027,6267
directed_cut,synthetic_n200_p0.1,1,100,18,18,1427,921,3952,6300
directed_cut,synthetic_n200_p0.1,1,100,19,19,1487,956,3871,6314
directed_cut,synthetic_n200_p0.1,1,100,20,20,1545,1003,3778,6326
directed_cut,synthetic_n200_p0.1,1,100,21,21,1603,1040,3722,6365
directed_cut,synthetic_n200_p0.1,1,100,22,22,1661,1082,3654,6397
directed_cut,synthetic_n200_p0.1,1,100,23,23,1717,1094,3568,6379
directed_cut,synthetic_n200_p0.1,1,100,24,24,1773,1145,3498,6416
directed_cut,synthetic_n200_p0.1,1,100,25,25,1828,1201,3407,6436
directed_cut,synthetic_n200_p0.1,1,100,26,26,1883,1227,3345,6455
directed_cut,synthetic_n200_p0.1,1,100,27,27,1937,1268,3277,6482
directed_cut,synthetic_n200_p0.1,1,100,28,28,1991,1309,3177,6477
directed_cut,synthetic_n200_p0.1,1,100,29,29,2045,1355,3103,6503
directed_cut,synthetic_n200_p0.1,1,100,30,30,2098,1397,3013,6508
directed_cut,synthetic_n200_p0.1,1,100,31,31,2151,1443,2936,6530
directed_cut,synthetic_n200_p0.1,1,100,32,32,2203,1493,2843,6539
directed_cut,synthetic_n200_p0.1,1,100,33,33,2253,1536,2763,6552
directed_cut,synthetic_n200_p0.1,1,100,34,34,2300,1593,2674,6567
directed_cut,synthetic_n200_p0.1,1,100,35,35,2346,1623,2619,6588
directed_cut,synthetic_n200_p0.1,1,100,36,36,2392,1658,2558,6608
directed_cut,synthetic_n200_p0.1,1,100,37,37,2437,1722,2475,6634
directed_cut,synthetic_n200_p0.1,1,100,38,38,2482,1758,2412,6652
directed_cut,synthetic_n200_p0.1,1,100,39,39,2527,1819,2318,6664
directed_cut,synthetic_n200_p0.1,1,100,40,40,2571,1845,2243,6659
directed_cut,synthetic_n200_p0.1,1,100,41,41,2615,1899,2174,6688
directed_cut,synthetic_n200_p0.1,1,100,42,42,2656,1942,2100,6698
directed_cut,synthetic_n200_p0.1,1,100,43,43,2697,1977,2032,6706
directed_cut,synthetic_n200_p0.1,1,100,44,44,2735,2053,1961,6749
directed_cut,synthetic_n200_p0.1,1,100,45,45,2773,2120,1882,6775
directed_cut,synthetic_n200_p0.1,1,100,46,46,2811,2169,1797,6777
directed_cut,synthetic_n200_p0.1,1,100,47,47,2847,2202,1751,6800
directed_cut,synthetic_n200_p0.1,1,100,48,48,2882,2217,1692,6791
directed_cut,synthetic_n200_p0.1,1,100,49,49,2917,2245,1633,6795
directed_cut,synthetic_n200_p0.1,1,100,50,50,2952,2267,1572,6791
directed_cut,synthetic_n200_p0.1,1,100,51,51,2987,2287,1530,6804
directed_cut,synthetic_n200_p0.1,1,100,52,52,3021,2319,1476,6816
directed_cut,synthetic_n200_p0.1,1,100,53,53,3055,2362,1385,6802
directed_cut,synthetic_n200_p0.1,1,100,54,54,3088,2414,1329,6831
directed_cut,synthetic_n200_p0.1,1,100,55,55,3120,2479,1286,6885
directed_cut,synthetic_n200_p0.1,1,100,56,56,3152,2515,1202,6869
directed_cut,synthetic_n200_p0.1,1,100,57,57,3183,2553,1143,6879
directed_cut,synthetic_n200_p0.1,1,100,58,58,3214,2592,1090,6896
directed_cut,synthetic_n200_p0.1,1,100,59,59,3244,2615,1035,6894
directed_cut,synthetic_n200_p0.1,1,100,60,60,3274,2639,989,6902
directed_cut,synthetic_n200_p0.1,1,100,61,61,3304,2668,946,6918
directed_cut,synthetic_n200_p0.1,1,100,62,62,3332,2712,902,6946
directed_cut,synthetic_n200_p0.1,1,100,63,63,3359,2747,841,6947
directed_cut,synthetic_n200_p0.1,1,100,64,64,3385,2768,811,6964
directed_cut,synthetic_n200_p0.1,1,100,65,65,3411,2811,777,6999
directed_cut,synthetic_n200_p0.1,1,100,66,66,3436,2836,733,7005
directed_cut,synthetic_n200_p0.1,1,100,67,67,3461,2879,648,6988
directed_cut,synthetic_n200_p0.1,1,100,68,68,3484,2922,602,7008
directed_cut,synthetic_n200_p0.1,1,100,69,69,3506,2987,562,7055
directed_cut,synthetic_n200_p0.1,1,100,70,70,3528,3004,533,7065
directed_cut,synthetic_n200_p0.1,1,100,71,71,3549,3031,508,7088
directed_cut,synthetic_n200_p0.1,1,100,72,72,3569,3051,482,7102
directed_cut,synthetic_n200_p0.1,1,100,73,73,3589,3077,440,7106
directed_cut,synthetic_n200_p0.1,1,100,74,74,3608,3151,396,7155
directed_cut,synthetic_n200_p0.1,1,100,75,75,3627,3182,376,7185
directed_cut,synthetic_n200_p0.1,1,100,76,76,3646,3210,346,7202
directed_cut,synthetic_n200_p0.1,1,100,77,77,3664,3247,313,7224
directed_cut,synthetic_n200_p0.1,1,100,78,78,3682,3273,293,7248
directed_cut,synthetic_n200_p0.1,1,100,79,79,3699,3317,270,7286
directed_cut,synthetic_n200_p0.1,1,100,80,80,3715,3381,231,7327
directed_cut,synthetic_n200_p0.1,1,100,81,81,3730,3412,214,7356
directed_cut,synthetic_n200_p0.1,1,100,82,82,3744,3448,200,7392
directed_cut,synthetic_n200_p0.1,1,100,83,83,3758,3503,177,7438
directed_cut,synthetic_n200_p0.1,1,100,84,84,3770,3563,144,7477
directed_cut,synthetic_n200_p0.1,1,100,85,85,3782,3602,125,7509
directed_cut,synthetic_n200_p0.1,1,100,86,86,3793,3647,110,7550
directed_cut,synthetic_n200_p0.1,1,100,87,87,3803,3675,97,7575
directed_cut,synthetic_n200_p0.1,1,100,88,88,3813,3718,79,7610
directed_cut,synthetic_n200_p0.1,1,100,89,89,3821,3783,43,7647
directed_cut,synthetic_n200_p0.1,1,100,90,90,3828,3818,36,7682
directed_cut,synthetic_n200_p0.1,1,100,91,91,3833,3851,27,7711
directed_cut,synthetic_n200_p0.1,1,100,92,92,3838,3881,21,7740
directed_cut,synthetic_n200_p0.1,1,100,93,93,3842,3918,19,7779
directed_cut,synthetic_n200_p0.1,1,100,94,94,3846,3988,11,7845
directed_cut,synthetic_n200_p0.1,1,100,95,95,3850,4051,4,7905
directed_cut,synthetic_n200_p0.1,1,100,96,96,3853,4084,1,7938
directed_cut,synthetic_n200_p0.1,1,100,97,97,3854,4162,0,8016
directed_cut,synthetic_n200_p0.1,2,1,0,0,0,0,99,99
directed_cut,synthetic_n200_p0.1,2,1,1,1,99,37,89,225
directed_cut,synthetic_n200_p0.1,2,5,0,0,0,0,450,450
directed_cut,synthetic_n200_p0.1,2,5,1,1,99,37,433,569
directed_cut,synthetic_n200_p0.1,2,5,2,2,188,73,427,688
directed_cut,synthetic_n200_p0.1,2,5,3,3,277,89,420,786
directed_cut,synthetic_n200_p0.1,2,5,4,4,363,133,416,912
directed_cut,synthetic_n200_p0.1,2,5,5,5,448,178,411,1037
directed_cut,synthetic_n200_p0.1,2,10,0,0,0,0,861,861
directed_cut,synthetic_n200_p0.1,2,10,1,1,99,37,839,975
directed_cut,synthetic_n200_p0.1,2,10,2,2,188,73,826,1087
directed_cut,synthetic_n200_p0.1,2,10,3,3,277,89,809,1175
directed_cut,synthetic_n200_p0.1,2,10,4,4,363,133,795,1291
directed_cut,synthetic_n200_p0.1,2,10,5,5,448,178,781,1407
directed_cut,synthetic_n200_p0.1,2,10,6,6,532,187,768,1487
directed_cut,synthetic_n200_p0.1,2,10,7,7,615,236,756,1607
directed_cut,synthetic_n200_p0.1,2,10,8,8,697,269,745,1711
directed_cut,synthetic_n200_p0.1,2,10,9,9,779,295,724,1798
directed_cut,synthetic_n200_p0.1,2,10,10,10,859,344,706,1909
directed_cut,synthetic_n200_p0.1,2,15,0,0,0,0,1243,1243
directed_cut,synthetic_n200_p0.1,2,15,1,1,99,37,1216,1352
directed_cut,synthetic_n200_p0.1,2,15,2,2,188,73,1200,1461
directed_cut,synthetic_n200_p0.1,2,15,3,3,277,89,1173,1539
directed_cut,synthetic_n200_p0.1,2,15,4,4,363,133,1153,1649
directed_cut,synthetic_n200_p0.1,2,15,5,5,448,178,1133,1759
directed_cut,synthetic_n200_p0.1,2,15,6,6,532,187,1118,1837
directed_cut,synthetic_n200_p0.1,2,15,7,7,615,236,1101,1952
directed_cut,synthetic_n200_p0.1,2,15,8,8,697,269,1085,2051
directed_cut,synthetic_n200_p0.1,2,15,9,9,779,295,1054,2128
directed_cut,synthetic_n200_p0.1,2,15,10,10,859,344,1027,2230
directed_cut,synthetic_n200_p0.1,2,15,11,11,935,396,1012,2343
directed_cut,synthetic_n200_p0.1,2,15,12,12,1010,445,983,2438
directed_cut,synthetic_n200_p0.1,2,15,13,13,1083,510,963,2556
directed_cut,synthetic_n200_p0.1,2,15,14,14,1154,562,945,2661
directed_cut,synthetic_n200_p0.1,2,15,15,15,1223,616,931,2770
directed_cut,synthetic_n200_p0.1,2,20,0,0,0,0,1604,1604
directed_cut,synthetic_n200_p0.1,2,20,1,1,99,37,1572,1708
directed_cut,synthetic_n200_p0.1,2,20,2,2,188,73,1552,1813
directed_cut,synthetic_n200_p0.1,2,20,3,3,277,89,1522,1888
directed_cut,synthetic_n200_p0.1,2,20,4,4,363,133,1495,1991
directed_cut,synthetic_n200_p0.1,2,20,5,5,448,178,1469,2095
directed_cut,synthetic_n200_p0.1,2,20,6,6,532,187,1447,2166
directed_cut,synthetic_n200_p0.1,2,20,7,7,615,236,1423,2274
directed_cut,synthetic_n200_p0.1,2,20,8,8,697,269,1395,2361
directed_cut,synthetic_n200_p0.1,2,20,9,9,779,295,1359,2433
directed_cut,synthetic_n200_p0.1,2,20,10,10,859,344,1328,2531
directed_cut,synthetic_n200_p0.1,2,20,11,11,935,396,1306,2637
directed_cut,synthetic_n200_p0.1,2,20,12,12,1010,445,1272,2727
directed_cut,synthetic_n200_p0.1,2,20,13,13,1083,510,1248,2841
directed_cut,synthetic_n200_p0.1,2,20,14,14,1154,562,1222,2938
directed_cut,synthetic_n200_p0.1,2,20,15,15,1223,616,1200,3039
directed_cut,synthetic_n200_p0.1,2,20,16,16,1292,658,1173,3123
directed_cut,synthetic_n200_p0.1,2,20,17,17,1361,671,1151,3183
directed_cut,synthetic_n200_p0.1,2,20,18,18,1428,707,1130,3265
directed_cut,synthetic_n200_p0.1,2,20,19,19,1494,754,1092,3340
directed_cut,synthetic_n200_p0.1,2,20,20,20,1560,854,1057,3471
directed_cut,synthetic_n200_p0.1,2,25,0,0,0,0,1943,1943
directed_cut,synthetic_n200_p0.1,2,25,1,1,99,37,1904,2040
directed_cut,synthetic_n200_p0.1,2,25,2,2,188,73,1878,2139
directed_cut,synthetic_n200_p0.1,2,25,3,3,277,89,1842,2208
directed_cut,synthetic_n200_p0.1,2,25,4,4,363,133,1804,2300
directed_cut,synthetic_n200_p0.1,2,25,5,5,448,178,1774,2400
directed_cut,synthetic_n200_p0.1,2,25,6,6,532,187,1746,2465
directed_cut,synthetic_n200_p0.1,2,25,7,7,615,236,1719,2570
directed_cut,synthetic_n200_p0.1,2,25,8,8,697,269,1688,2654
directed_cut,synthetic_n200_p0.1,2,25,9,9,779,295,1649,2723
directed_cut,synthetic_n200_p0.1,2,25,10,10,859,344,1615,2818
directed_cut,synthetic_n200_p0.1,2,25,11,11,935,396,1587,2918
directed_cut,synthetic_n200_p0.1,2,25,12,12,1010,445,1544,2999
directed_cut,synthetic_n200_p0.1,2,25,13,13,1083,510,1512,3105
directed_cut,synthetic_n200_p0.1,2,25,14,14,1154,562,1479,3195
directed_cut,synthetic_n200_p0.1,2,25,15,15,1223,616,1448,3287
directed_cut,synthetic_n200_p0.1,2,25,16,16,1292,658,1418,3368
directed_cut,synthetic_n200_p0.1,2,25,17,17,1361,671,1389,3421
directed_cut,synthetic_n200_p0.1,2,25,18,18,1428,707,1365,3500
directed_cut,synthetic_n200_p0.1,2,25,19,19,1494,754,1323,3571
directed_cut,synthetic_n200_p0.1,2,25,20,20,1560,854,1279,3693
directed_cut,synthetic_n200_p0.1,2,25,21,21,1622,902,1253,3777
directed_cut,synthetic_n200_p0.1,2,25,22,22,1683,936,1224,3843
directed_cut,synthetic_n200_p0.1,2,25,23,23,1743,978,1192,3913
directed_cut,synthetic_n200_p0.1,2,25,24,24,1801,1021,1154,3976
directed_cut,synthetic_n200_p0.1,2,25,25,25,1858,1051,1128,4037
directed_cut,synthetic_n200_p0.1,2,30,0,0,0,0,2256,2256
directed_cut,synthetic_n200_p0.1,2,30,1,1,99,37,2213,2349
directed_cut,synthetic_n200_p0.1,2,30,2,2,188,73,2184,2445
directed_cut,synthetic_n200_p0.1,2,30,3,3,277,89,2141,2507
directed_cut,synthetic_n200_p0.1,2,30,4,4,363,133,2098,2594
directed_cut,synthetic_n200_p0.1,2,30,5,5,448,178,2062,2688
directed_cut,synthetic_n200_p0.1,2,30,6,6,532,187,2031,2750
directed_cut,synthetic_n200_p0.1,2,30,7,7,615,236,1998,2849
directed_cut,synthetic_n200_p0.1,2,30,8,8,697,269,1964,2930
directed_cut,synthetic_n200_p0.1,2,30,9,9,779,295,1923,2997
directed_cut,synthetic_n200_p0.1,2,30,10,10,859,344,1886,3089
directed_cut,synthetic_n200_p0.1,2,30,11,11,935,396,1848,3179
directed_cut,synthetic_n200_p0.1,2,30,12,12,1010,445,1797,3252
directed_cut,synthetic_n200_p0.1,2,30,13,13,1083,510,1757,3350
directed_cut,synthetic_n200_p0.1,2,30,14,14,1154,562,1714,3430
directed_cut,synthetic_n200_p0.1,2,30,15,15,1223,616,1681,3520
directed_cut,synthetic_n200_p0.1,2,30,16,16,1292,658,1648,3598
directed_cut,synthetic_n200_p0.1,2,30,17,17,1361,671,1617,3649
directed_cut,synthetic_n200_p0.1,2,30,18,18,1428,707,1589,3724
directed_cut,synthetic_n200_p0.1,2,30,19,19,1494,754,1540,3788
directed_cut,synthetic_n200_p0.1,2,30,20,20,1560,854,1491,3905
directed_cut,synthetic_n200_p0.1,2,30,21,21,1622,902,1460,3984
directed_cut,synthetic_n200_p0.1,2,30,22,22,1683,936,1426,4045
directed_cut,synthetic_n200_p0.1,2,30,23,23,1743,978,1391,4112
directed_cut,synthetic_n200_p0.1,2,30,24,24,1801,1021,1350,4172
directed_cut,synthetic_n200_p0.1,2,30,25,25,1858,1051,1322,4231
directed_cut,synthetic_n200_p0.1,2,30,26,26,1911,1085,1304,4300
directed_cut,synthetic_n200_p0.1,2,30,27,27,1964,1144,1277,4385
directed_cut,synthetic_n200_p0.1,2,30,28,28,2013,1178,1254,4445
directed_cut,synthetic_n200_p0.1,2,30,29,29,2062,1212,1239,4513
directed_cut,synthetic_n200_p0.1,2,30,30,30,2110,1272,1215,4597
directed_cut,synthetic_n200_p0.1,2,35,0,0,0,0,2557,2557
directed_cut,synthetic_n200_p0.1,2,35,1,1,99,37,2508,2644
directed_cut,synthetic_n200_p0.1,2,35,2,2,188,73,2475,2736
directed_cut,synthetic_n200_p0.1,2,35,3,3,277,89,2426,2792
directed_cut,synthetic_n200_p0.1,2,35,4,4,363,133,2377,2873
directed_cut,synthetic_n200_p0.1,2,35,5,5,448,178,2338,2964
directed_cut,synthetic_n200_p0.1,2,35,6,6,532,187,2304,3023
directed_cut,synthetic_n200_p0.1,2,35,7,7,615,236,2266,3117
directed_cut,synthetic_n200_p0.1,2,35,8,8,697,269,2226,3192
directed_cut,synthetic_n200_p0.1,2,35,9,9,779,295,2180,3254
directed_cut,synthetic_n200_p0.1,2,35,10,10,859,344,2130,3333
directed_cut,synthetic_n200_p0.1,2,35,11,11,935,396,2088,3419
directed_cut,synthetic_n200_p0.1,2,35,12,12,1010,445,2031,3486
directed_cut,synthetic_n200_p0.1,2,35,13,13,1083,510,1985,3578
directed_cut,synthetic_n200_p0.1,2,35,14,14,1154,562,1939,3655
directed_cut,synthetic_n200_p0.1,2,35,15,15,1223,616,1903,3742
directed_cut,synthetic_n200_p0.1,2,35,16,16,1292,658,1867,3817
directed_cut,synthetic_n200_p0.1,2,35,17,17,1361,671,1832,3864
directed_cut,synthetic_n200_p0.1,2,35,18,18,1428,707,1800,3935
directed_cut,synthetic_n200_p0.1,2,35,19,19,1494,754,1745,3993
directed_cut,synthetic_n200_p0.1,2,35,20,20,1560,854,1691,4105
directed_cut,synthetic_n200_p0.1,2,35,21,21,1622,902,1655,4179
directed_cut,synthetic_n200_p0.1,2,35,22,22,1683,936,1619,4238
directed_cut,synthetic_n200_p0.1,2,35,23,23,1743,978,1581,4302
directed_cut,synthetic_n200_p0.1,2,35,24,24,1801,1021,1534,4356
directed_cut,synthetic_n200_p0.1,2,35,25,25,1858,1051,1504,4413
directed_cut,synthetic_n200_p0.1,2,35,26,26,1911,1085,1480,4476
directed_cut,synthetic_n200_p0.1,2,35,27,27,1964,1144,1448,4556
directed_cut,synthetic_n200_p0.1,2,35,28,28,2013,1178,1423,4614
directed_cut,synthetic_n200_p0.1,2,35,29,29,2062,1212,1404,4678
directed_cut,synthetic_n200_p0.1,2,35,30,30,2110,1272,1378,4760
directed_cut,synthetic_n200_p0.1,2,35,31,31,2157,1302,1346,4805
directed_cut,synthetic_n200_p0.1,2,35,32,32,2204,1353,1316,4873
directed_cut,synthetic_n200_p0.1,2,35,33,33,2249,1375,1290,4914
directed_cut,synthetic_n200_p0.1,2,35,34,34,2293,1393,1260,4946
directed_cut,synthetic_n200_p0.1,2,35,35,35,2337,1433,1227,4997
directed_cut,synthetic_n200_p0.1,2,40,0,0,0,0,2843,2843
directed_cut,synthetic_n200_p0.1,2,40,1,1,99,37,2788,2924
directed_cut,synthetic_n200_p0.1,2,40,2,2,188,73,2751,3012
directed_cut,synthetic_n200_p0.1,2,40,3,3,277,89,2700,3066
directed_cut,synthetic_n200_p0.1,2,40,4,4,363,133,2647,3143
directed_cut,synthetic_n200_p0.1,2,40,5,5,448,178,2599,3225
directed_cut,synthetic_n200_p0.1,2,40,6,6,532,187,2558,3277
directed_cut,synthetic_n200_p0.1,2,40,7,7,615,236,2511,3362
directed_cut,synthetic_n200_p0.1,2,40,8,8,697,269,2463,3429
directed_cut,synthetic_n200_p0.1,2,40,9,9,779,295,2414,3488
directed_cut,synthetic_n200_p0.1,2,40,10,10,859,344,2361,3564
directed_cut,synthetic_n200_p0.1,2,40,11,11,935,396,2314,3645
directed_cut,synthetic_n200_p0.1,2,40,12,12,1010,445,2251,3706
directed_cut,synthetic_n200_p0.1,2,40,13,13,1083,510,2202,3795
directed_cut,synthetic_n200_p0.1,2,40,14,14,1154,562,2150,3866
directed_cut,synthetic_n200_p0.1,2,40,15,15,1223,616,2112,3951
directed_cut,synthetic_n200_p0.1,2,40,16,16,1292,658,2068,4018
directed_cut,synthetic_n200_p0.1,2,40,17,17,1361,671,2031,4063
directed_cut,synthetic_n200_p0.1,2,40,18,18,1428,707,1992,4127
directed_cut,synthetic_n200_p0.1,2,40,19,19,1494,754,1935,4183
directed_cut,synthetic_n200_p0.1,2,40,20,20,1560,854,1879,4293
directed_cut,synthetic_n200_p0.1,2,40,21,21,1622,902,1840,4364
directed_cut,synthetic_n200_p0.1,2,40,22,22,1683,936,1799,4418
directed_cut,synthetic_n200_p0.1,2,40,23,23,1743,978,1756,4477
directed_cut,synthetic_n200_p0.1,2,40,24,24,1801,1021,1705,4527
directed_cut,synthetic_n200_p0.1,2,40,25,25,1858,1051,1670,4579
directed_cut,synthetic_n200_p0.1,2,40,26,26,1911,1085,1644,4640
directed_cut,synthetic_n200_p0.1,2,40,27,27,1964,1144,1609,4717
directed_cut,synthetic_n200_p0.1,2,40,28,28,2013,1178,1578,4769
directed_cut,synthetic_n200_p0.1,2,40,29,29,2062,1212,1552,4826
directed_cut,synthetic_n200_p0.1,2,40,30,30,2110,1272,1524,4906
directed_cut,synthetic_n200_p0.1,2,40,31,31,2157,1302,1488,4947
directed_cut,synthetic_n200_p0.1,2,40,32,32,2204,1353,1456,5013
directed_cut,synthetic_n200_p0.1,2,40,33,33,2249,1375,1429,5053
directed_cut,synthetic_n200_p0.1,2,40,34,34,2293,1393,1395,5081
directed_cut,synthetic_n200_p0.1,2,40,35,35,2337,1433,1355,5125
directed_cut,synthetic_n200_p0.1,2,40,36,36,2380,1467,1319,5166
directed_cut,synthetic_n200_p0.1,2,40,37,37,2422,1506,1293,5221
directed_cut,synthetic_n200_p0.1,2,40,38,38,2462,1547,1268,5277
directed_cut,synthetic_n200_p0.1,2,40,39,39,2502,1584,1235,5321
directed_cut,synthetic_n200_p0.1,2,40,40,40,2542,1603,1212,5357
directed_cut,synthetic_n200_p0.1,2,45,0,0,0,0,3114,3114
directed_cut,synthetic_n200_p0.1,2,45,1,1,99,37,3055,3191
directed_cut,synthetic_n200_p0.1,2,45,2,2,188,73,3009,3270
directed_cut,synthetic_n200_p0.1,2,45,3,3,277,89,2952,3318
directed_cut,synthetic_n200_p0.1,2,45,4,4,363,133,2894,3390
directed_cut,synthetic_n200_p0.1,2,45,5,5,448,178,2841,3467
directed_cut,synthetic_n200_p0.1,2,45,6,6,532,187,2793,3512
directed_cut,synthetic_n200_p0.1,2,45,7,7,615,236,2741,3592
directed_cut,synthetic_n200_p0.1,2,45,8,8,697,269,2691,3657
directed_cut,synthetic_n200_p0.1,2,45,9,9,779,295,2640,3714
directed_cut,synthetic_n200_p0.1,2,45,10,10,859,344,2580,3783
directed_cut,synthetic_n200_p0.1,2,45,11,11,935,396,2521,3852
directed_cut,synthetic_n200_p0.1,2,45,12,12,1010,445,2452,3907
directed_cut,synthetic_n200_p0.1,2,45,13,13,1083,510,2401,3994
directed_cut,synthetic_n200_p0.1,2,45,14,14,1154,562,2347,4063
directed_cut,synthetic_n200_p0.1,2,45,15,15,1223,616,2306,4145
directed_cut,synthetic_n200_p0.1,2,45,16,16,1292,658,2257,4207
directed_cut,synthetic_n200_p0.1,2,45,17,17,1361,671,2217,4249
directed_cut,synthetic_n200_p0.1,2,45,18,18,1428,707,2171,4306
directed_cut,synthetic_n200_p0.1,2,45,19,19,1494,754,2112,4360
directed_cut,synthetic_n200_p0.1,2,45,20,20,1560,854,2054,4468
directed_cut,synthetic_n200_p0.1,2,45,21,21,1622,902,2011,4535
directed_cut,synthetic_n200_p0.1,2,45,22,22,1683,936,1962,4581
directed_cut,synthetic_n200_p0.1,2,45,23,23,1743,978,1914,4635
directed_cut,synthetic_n200_p0.1,2,45,24,24,1801,1021,1862,4684
directed_cut,synthetic_n200_p0.1,2,45,25,25,1858,1051,1824,4733
directed_cut,synthetic_n200_p0.1,2,45,26,26,1911,1085,1796,4792
directed_cut,synthetic_n200_p0.1,2,45,27,27,1964,1144,1757,4865
directed_cut,synthetic_n200_p0.1,2,45,28,28,2013,1178,1719,4910
directed_cut,synthetic_n200_p0.1,2,45,29,29,2062,1212,1688,4962
directed_cut,synthetic_n200_p0.1,2,45,30,30,2110,1272,1658,5040
directed_cut,synthetic_n200_p0.1,2,45,31,31,2157,1302,1618,5077
directed_cut,synthetic_n200_p0.1,2,45,32,32,2204,1353,1579,5136
directed_cut,synthetic_n200_p0.1,2,45,33,33,2249,1375,1550,5174
directed_cut,synthetic_n200_p0.1,2,45,34,34,2293,1393,1514,5200
directed_cut,synthetic_n200_p0.1,2,45,35,35,2337,1433,1472,5242
directed_cut,synthetic_n200_p0.1,2,45,36,36,2380,1467,1433,5280
directed_cut,synthetic_n200_p0.1,2,45,37,37,2422,1506,1401,5329
directed_cut,synthetic_n200_p0.1,2,45,38,38,2462,1547,1374,5383
directed_cut,synthetic_n200_p0.1,2,45,39,39,2502,1584,1339,5425
directed_cut,synthetic_n200_p0.1,2,45,40,40,2542,1603,1313,5458
directed_cut,synthetic_n200_p0.1,2,45,41,41,2582,1632,1285,5499
directed_cut,synthetic_n200_p0.1,2,45,42,42,2621,1650,1263,5534
directed_cut,synthetic_n200_p0.1,2,45,43,43,2660,1680,1227,5567
directed_cut,synthetic_n200_p0.1,2,45,44,44,2698,1707,1205,5610
directed_cut,synthetic_n200_p0.1,2,45,45,45,2736,1745,1175,5656
directed_cut,synthetic_n200_p0.1,2,50,0,0,0,0,3365,3365
directed_cut,synthetic_n200_p0.1,2,50,1,1,99,37,3301,3437
directed_cut,synthetic_n200_p0.1,2,50,2,2,188,73,3249,3510
directed_cut,synthetic_n200_p0.1,2,50,3,3,277,89,3187,3553
directed_cut,synthetic_n200_p0.1,2,50,4,4,363,133,3126,3622
directed_cut,synthetic_n200_p0.1,2,50,5,5,448,178,3072,3698
directed_cut,synthetic_n200_p0.1,2,50,6,6,532,187,3021,3740
directed_cut,synthetic_n200_p0.1,2,50,7,7,615,236,2959,3810
directed_cut,synthetic_n200_p0.1,2,50,8,8,697,269,2907,3873
directed_cut,synthetic_n200_p0.1,2,50,9,9,779,295,2849,3923
directed_cut,synthetic_n200_p0.1,2,50,10,10,859,344,2778,3981
directed_cut,synthetic_n200_p0.1,2,50,11,11,935,396,2714,4045
directed_cut,synthetic_n200_p0.1,2,50,12,12,1010,445,2644,4099
directed_cut,synthetic_n200_p0.1,2,50,13,13,1083,510,2591,4184
directed_cut,synthetic_n200_p0.1,2,50,14,14,1154,562,2535,4251
directed_cut,synthetic_n200_p0.1,2,50,15,15,1223,616,2488,4327
directed_cut,synthetic_n200_p0.1,2,50,16,16,1292,658,2433,4383
directed_cut,synthetic_n200_p0.1,2,50,17,17,1361,671,2390,4422
directed_cut,synthetic_n200_p0.1,2,50,18,18,1428,707,2339,4474
directed_cut,synthetic_n200_p0.1,2,50,19,19,1494,754,2278,4526
directed_cut,synthetic_n200_p0.1,2,50,20,20,1560,854,2210,4624
directed_cut,synthetic_n200_p0.1,2,50,21,21,1622,902,2161,4685
directed_cut,synthetic_n200_p0.1,2,50,22,22,1683,936,2108,4727
directed_cut,synthetic_n200_p0.1,2,50,23,23,1743,978,2060,4781
directed_cut,synthetic_n200_p0.1,2,50,24,24,1801,1021,2007,4829
directed_cut,synthetic_n200_p0.1,2,50,25,25,1858,1051,1968,4877
directed_cut,synthetic_n200_p0.1,2,50,26,26,1911,1085,1936,4932
directed_cut,synthetic_n200_p0.1,2,50,27,27,1964,1144,1895,5003
directed_cut,synthetic_n200_p0.1,2,50,28,28,2013,1178,1848,5039
directed_cut,synthetic_n200_p0.1,2,50,29,29,2062,1212,1811,5085
directed_cut,synthetic_n200_p0.1,2,50,30,30,2110,1272,1775,5157
directed_cut,synthetic_n200_p0.1,2,50,31,31,2157,1302,1734,5193
directed_cut,synthetic_n200_p0.1,2,50,32,32,2204,1353,1693,5250
directed_cut,synthetic_n200_p0.1,2,50,33,33,2249,1375,1661,5285
directed_cut,synthetic_n200_p0.1,2,50,34,34,2293,1393,1624,5310
directed_cut,synthetic_n200_p0.1,2,50,35,35,2337,1433,1579,5349
directed_cut,synthetic_n200_p0.1,2,50,36,36,2380,1467,1536,5383
directed_cut,synthetic_n200_p0.1,2,50,37,37,2422,1506,1502,5430
directed_cut,synthetic_n200_p0.1,2,50,38,38,2462,1547,1472,5481
directed_cut,synthetic_n200_p0.1,2,50,39,39,2502,1584,1436,5522
directed_cut,synthetic_n200_p0.1,2,50,40,40,2542,1603,1408,5553
directed_cut,synthetic_n200_p0.1,2,50,41,41,2582,1632,1379,5593
directed_cut,synthetic_n200_p0.1,2,50,42,42,2621,1650,1355,5626
directed_cut,synthetic_n200_p0.1,2,50,43,43,2660,1680,1314,5654
directed_cut,synthetic_n200_p0.1,2,50,44,44,2698,1707,1289,5694
directed_cut,synthetic_n200_p0.1,2,50,45,45,2736,1745,1258,5739
directed_cut,synthetic_n200_p0.1,2,50,46,46,2773,1795,1215,5783
directed_cut,synthetic_n200_p0.1,2,50,47,47,2809,1825,1181,5815
directed_cut,synthetic_n200_p0.1,2,50,48,48,2845,1860,1135,5840
directed_cut,synthetic_n200_p0.1,2,50,49,49,2880,1877,1102,5859
directed_cut,synthetic_n200_p0.1,2,50,50,50,2915,1915,1065,5895
directed_cut,synthetic_n200_p0.1,2,55,0,0,0,0,3599,3599
directed_cut,synthetic_n200_p0.1,2,55,1,1,99,37,3533,3669
directed_cut,synthetic_n200_p0.1,2,55,2,2,188,73,3478,3739
directed_cut,synthetic_n200_p0.1,2,55,3,3,277,89,3414,3780
directed_cut,synthetic_n200_p0.1,2,55,4,4,363,133,3350,3846
directed_cut,synthetic_n200_p0.1,2,55,5,5,448,178,3291,3917
directed_cut,synthetic_n200_p0.1,2,55,6,6,532,187,3233,3952
directed_cut,synthetic_n200_p0.1,2,55,7,7,615,236,3163,4014
directed_cut,synthetic_n200_p0.1,2,55,8,8,697,269,3106,4072
directed_cut,synthetic_n200_p0.1,2,55,9,9,779,295,3042,4116
directed_cut,synthetic_n200_p0.1,2,55,10,10,859,344,2967,4170
directed_cut,synthetic_n200_p0.1,2,55,11,11,935,396,2900,4231
directed_cut,synthetic_n200_p0.1,2,55,12,12,1010,445,2828,4283
directed_cut,synthetic_n200_p0.1,2,55,13,13,1083,510,2770,4363
directed_cut,synthetic_n200_p0.1,2,55,14,14,1154,562,2713,4429
directed_cut,synthetic_n200_p0.1,2,55,15,15,1223,616,2661,4500
directed_cut,synthetic_n200_p0.1,2,55,16,16,1292,658,2602,4552
directed_cut,synthetic_n200_p0.1,2,55,17,17,1361,671,2556,4588
directed_cut,synthetic_n200_p0.1,2,55,18,18,1428,707,2501,4636
directed_cut,synthetic_n200_p0.1,2,55,19,19,1494,754,2433,4681
directed_cut,synthetic_n200_p0.1,2,55,20,20,1560,854,2355,4769
directed_cut,synthetic_n200_p0.1,2,55,21,21,1622,902,2305,4829
directed_cut,synthetic_n200_p0.1,2,55,22,22,1683,936,2250,4869
directed_cut,synthetic_n200_p0.1,2,55,23,23,1743,978,2200,4921
directed_cut,synthetic_n200_p0.1,2,55,24,24,1801,1021,2144,4966
directed_cut,synthetic_n200_p0.1,2,55,25,25,1858,1051,2104,5013
directed_cut,synthetic_n200_p0.1,2,55,26,26,1911,1085,2069,5065
directed_cut,synthetic_n200_p0.1,2,55,27,27,1964,1144,2023,5131
directed_cut,synthetic_n200_p0.1,2,55,28,28,2013,1178,1964,5155
directed_cut,synthetic_n200_p0.1,2,55,29,29,2062,1212,1926,5200
directed_cut,synthetic_n200_p0.1,2,55,30,30,2110,1272,1885,5267
directed_cut,synthetic_n200_p0.1,2,55,31,31,2157,1302,1839,5298
directed_cut,synthetic_n200_p0.1,2,55,32,32,2204,1353,1797,5354
directed_cut,synthetic_n200_p0.1,2,55,33,33,2249,1375,1764,5388
directed_cut,synthetic_n200_p0.1,2,55,34,34,2293,1393,1725,5411
directed_cut,synthetic_n200_p0.1,2,55,35,35,2337,1433,1677,5447
directed_cut,synthetic_n200_p0.1,2,55,36,36,2380,1467,1633,5480
directed_cut,synthetic_n200_p0.1,2,55,37,37,2422,1506,1595,5523
directed_cut,synthetic_n200_p0.1,2,55,38,38,2462,1547,1563,5572
directed_cut,synthetic_n200_p0.1,2,55,39,39,2502,1584,1527,5613
directed_cut,synthetic_n200_p0.1,2,55,40,40,2542,1603,1498,5643
directed_cut,synthetic_n200_p0.1,2,55,41,41,2582,1632,1468,5682
directed_cut,synthetic_n200_p0.1,2,55,42,42,2621,1650,1440,5711
directed_cut,synthetic_n200_p0.1,2,55,43,43,2660,1680,1396,5736
directed_cut,synthetic_n200_p0.1,2,55,44,44,2698,1707,1366,5771
directed_cut,synthetic_n200_p0.1,2,55,45,45,2736,1745,1333,5814
directed_cut,synthetic_n200_p0.1,2,55,46,46,2773,1795,1282,5850
directed_cut,synthetic_n200_p0.1,2,55,47,47,2809,1825,1247,5881
directed_cut,synthetic_n200_p0.1,2,55,48,48,2845,1860,1197,5902
directed_cut,synthetic_n200_p0.1,2,55,49,49,2880,1877,1164,5921
directed_cut,synthetic_n200_p0.1,2,55,50,50,2915,1915,1123,5953
directed_cut,synthetic_n200_p0.1,2,55,51,51,2949,1951,1085,5985
directed_cut,synthetic_n200_p0.1,2,55,52,52,2982,1974,1053,6009
directed_cut,synthetic_n200_p0.1,2,55,53,53,3015,2000,1015,6030
directed_cut,synthetic_n200_p0.1,2,55,54,54,3047,2023,982,6052
directed_cut,synthetic_n200_p0.1,2,55,55,55,3078,2054,950,6082
directed_cut,synthetic_n200_p0.1,2,60,0,0,0,0,3826,3826
directed_cut,synthetic_n200_p0.1,2,60,1,1,99,37,3757,3893
directed_cut,synthetic_n200_p0.1,2,60,2,2,188,73,3697,3958
directed_cut,synthetic_n200_p0.1,2,60,3,3,277,89,3630,3996
directed_cut,synthetic_n200_p0.1,2,60,4,4,363,133,3560,4056
directed_cut,synthetic_n200_p0.1,2,60,5,5,448,178,3495,4121
directed_cut,synthetic_n200_p0.1,2,60,6,6,532,187,3432,4151
directed_cut,synthetic_n200_p0.1,2,60,7,7,615,236,3357,4208
directed_cut,synthetic_n200_p0.1,2,60,8,8,697,269,3295,4261
directed_cut,synthetic_n200_p0.1,2,60,9,9,779,295,3226,4300
directed_cut,synthetic_n200_p0.1,2,60,10,10,859,344,3146,4349
directed_cut,synthetic_n200_p0.1,2,60,11,11,935,396,3078,4409
directed_cut,synthetic_n200_p0.1,2,60,12,12,1010,445,3006,4461
directed_cut,synthetic_n200_p0.1,2,60,13,13,1083,510,2945,4538
directed_cut,synthetic_n200_p0.1,2,60,14,14,1154,562,2884,4600
directed_cut,synthetic_n200_p0.1,2,60,15,15,1223,616,2831,4670
directed_cut,synthetic_n200_p0.1,2,60,16,16,1292,658,2764,4714
directed_cut,synthetic_n200_p0.1,2,60,17,17,1361,671,2713,4745
directed_cut,synthetic_n200_p0.1,2,60,18,18,1428,707,2653,4788
directed_cut,synthetic_n200_p0.1,2,60,19,19,1494,754,2579,4827
directed_cut,synthetic_n200_p0.1,2,60,20,20,1560,854,2494,4908
directed_cut,synthetic_n200_p0.1,2,60,21,21,1622,902,2442,4966
directed_cut,synthetic_n200_p0.1,2,60,22,22,1683,936,2385,5004
directed_cut,synthetic_n200_p0.1,2,60,23,23,1743,978,2334,5055
directed_cut,synthetic_n200_p0.1,2,60,24,24,1801,1021,2275,5097
directed_cut,synthetic_n200_p0.1,2,60,25,25,1858,1051,2234,5143
directed_cut,synthetic_n200_p0.1,2,60,26,26,1911,1085,2193,5189
directed_cut,synthetic_n200_p0.1,2,60,27,27,1964,1144,2139,5247
directed_cut,synthetic_n200_p0.1,2,60,28,28,2013,1178,2077,5268
directed_cut,synthetic_n200_p0.1,2,60,29,29,2062,1212,2034,5308
directed_cut,synthetic_n200_p0.1,2,60,30,30,2110,1272,1989,5371
directed_cut,synthetic_n200_p0.1,2,60,31,31,2157,1302,1939,5398
directed_cut,synthetic_n200_p0.1,2,60,32,32,2204,1353,1895,5452
directed_cut,synthetic_n200_p0.1,2,60,33,33,2249,1375,1861,5485
directed_cut,synthetic_n200_p0.1,2,60,34,34,2293,1393,1820,5506
directed_cut,synthetic_n200_p0.1,2,60,35,35,2337,1433,1768,5538
directed_cut,synthetic_n200_p0.1,2,60,36,36,2380,1467,1723,5570
directed_cut,synthetic_n200_p0.1,2,60,37,37,2422,1506,1684,5612
directed_cut,synthetic_n200_p0.1,2,60,38,38,2462,1547,1650,5659
directed_cut,synthetic_n200_p0.1,2,60,39,39,2502,1584,1613,5699
directed_cut,synthetic_n200_p0.1,2,60,40,40,2542,1603,1582,5727
directed_cut,synthetic_n200_p0.1,2,60,41,41,2582,1632,1550,5764
directed_cut,synthetic_n200_p0.1,2,60,42,42,2621,1650,1520,5791
directed_cut,synthetic_n200_p0.1,2,60,43,43,2660,1680,1474,5814
directed_cut,synthetic_n200_p0.1,2,60,44,44,2698,1707,1437,5842
directed_cut,synthetic_n200_p0.1,2,60,45,45,2736,1745,1400,5881
directed_cut,synthetic_n200_p0.1,2,60,46,46,2773,1795,1343,5911
directed_cut,synthetic_n200_p0.1,2,60,47,47,2809,1825,1307,5941
directed_cut,synthetic_n200_p0.1,2,60,48,48,2845,1860,1255,5960
directed_cut,synthetic_n200_p0.1,2,60,49,49,2880,1877,1220,5977
directed_cut,synthetic_n200_p0.1,2,60,50,50,2915,1915,1176,6006
directed_cut,synthetic_n200_p0.1,2,60,51,51,2949,1951,1137,6037
directed_cut,synthetic_n200_p0.1,2,60,52,52,2982,1974,1102,6058
directed_cut,synthetic_n200_p0.1,2,60,53,53,3015,2000,1062,6077
directed_cut,synthetic_n200_p0.1,2,60,54,54,3047,2023,1027,6097
directed_cut,synthetic_n200_p0.1,2,60,55,55,3078,2054,995,6127
directed_cut,synthetic_n200_p0.1,2,60,56,56,3109,2104,959,6172
directed_cut,synthetic_n200_p0.1,2,60,57,57,3139,2138,919,6196
directed_cut,synthetic_n200_p0.1,2,60,58,58,3167,2180,877,6224
directed_cut,synthetic_n200_p0.1,2,60,59,59,3194,2212,842,6248
directed_cut,synthetic_n200_p0.1,2,60,60,60,3221,2240,809,6270
directed_cut,synthetic_n200_p0.1,2,65,0,0,0,0,4045,4045
directed_cut,synthetic_n200_p0.1,2,65,1,1,99,37,3972,4108
directed_cut,synthetic_n200_p0.1,2,65,2,2,188,73,3906,4167
directed_cut,synthetic_n200_p0.1,2,65,3,3,277,89,3835,4201
directed_cut,synthetic_n200_p0.1,2,65,4,4,363,133,3760,4256
directed_cut,synthetic_n200_p0.1,2,65,5,5,448,178,3691,4317
directed_cut,synthetic_n200_p0.1,2,65,6,6,532,187,3626,4345
directed_cut,synthetic_n200_p0.1,2,65,7,7,615,236,3542,4393
directed_cut,synthetic_n200_p0.1,2,65,8,8,697,269,3477,4443
directed_cut,synthetic_n200_p0.1,2,65,9,9,779,295,3403,4477
directed_cut,synthetic_n200_p0.1,2,65,10,10,859,344,3319,4522
directed_cut,synthetic_n200_p0.1,2,65,11,11,935,396,3250,4581
directed_cut,synthetic_n200_p0.1,2,65,12,12,1010,445,3177,4632
directed_cut,synthetic_n200_p0.1,2,65,13,13,1083,510,3115,4708
directed_cut,synthetic_n200_p0.1,2,65,14,14,1154,562,3052,4768
directed_cut,synthetic_n200_p0.1,2,65,15,15,1223,616,2993,4832
directed_cut,synthetic_n200_p0.1,2,65,16,16,1292,658,2917,4867
directed_cut,synthetic_n200_p0.1,2,65,17,17,1361,671,2860,4892
directed_cut,synthetic_n200_p0.1,2,65,18,18,1428,707,2798,4933
directed_cut,synthetic_n200_p0.1,2,65,19,19,1494,754,2720,4968
directed_cut,synthetic_n200_p0.1,2,65,20,20,1560,854,2629,5043
directed_cut,synthetic_n200_p0.1,2,65,21,21,1622,902,2575,5099
directed_cut,synthetic_n200_p0.1,2,65,22,22,1683,936,2516,5135
directed_cut,synthetic_n200_p0.1,2,65,23,23,1743,978,2464,5185
directed_cut,synthetic_n200_p0.1,2,65,24,24,1801,1021,2400,5222
directed_cut,synthetic_n200_p0.1,2,65,25,25,1858,1051,2357,5266
directed_cut,synthetic_n200_p0.1,2,65,26,26,1911,1085,2308,5304
directed_cut,synthetic_n200_p0.1,2,65,27,27,1964,1144,2252,5360
directed_cut,synthetic_n200_p0.1,2,65,28,28,2013,1178,2182,5373
directed_cut,synthetic_n200_p0.1,2,65,29,29,2062,1212,2138,5412
directed_cut,synthetic_n200_p0.1,2,65,30,30,2110,1272,2089,5471
directed_cut,synthetic_n200_p0.1,2,65,31,31,2157,1302,2035,5494
directed_cut,synthetic_n200_p0.1,2,65,32,32,2204,1353,1986,5543
directed_cut,synthetic_n200_p0.1,2,65,33,33,2249,1375,1951,5575
directed_cut,synthetic_n200_p0.1,2,65,34,34,2293,1393,1910,5596
directed_cut,synthetic_n200_p0.1,2,65,35,35,2337,1433,1856,5626
directed_cut,synthetic_n200_p0.1,2,65,36,36,2380,1467,1809,5656
directed_cut,synthetic_n200_p0.1,2,65,37,37,2422,1506,1769,5697
directed_cut,synthetic_n200_p0.1,2,65,38,38,2462,1547,1732,5741
directed_cut,synthetic_n200_p0.1,2,65,39,39,2502,1584,1693,5779
directed_cut,synthetic_n200_p0.1,2,65,40,40,2542,1603,1662,5807
directed_cut,synthetic_n200_p0.1,2,65,41,41,2582,1632,1628,5842
directed_cut,synthetic_n200_p0.1,2,65,42,42,2621,1650,1594,5865
directed_cut,synthetic_n200_p0.1,2,65,43,43,2660,1680,1545,5885
directed_cut,synthetic_n200_p0.1,2,65,44,44,2698,1707,1500,5905
directed_cut,synthetic_n200_p0.1,2,65,45,45,2736,1745,1461,5942
directed_cut,synthetic_n200_p0.1,2,65,46,46,2773,1795,1398,5966
directed_cut,synthetic_n200_p0.1,2,65,47,47,2809,1825,1361,5995
directed_cut,synthetic_n200_p0.1,2,65,48,48,2845,1860,1307,6012
directed_cut,synthetic_n200_p0.1,2,65,49,49,2880,1877,1271,6028
directed_cut,synthetic_n200_p0.1,2,65,50,50,2915,1915,1224,6054
directed_cut,synthetic_n200_p0.1,2,65,51,51,2949,1951,1184,6084
directed_cut,synthetic_n200_p0.1,2,65,52,52,2982,1974,1145,6101
directed_cut,synthetic_n200_p0.1,2,65,53,53,3015,2000,1104,6119
directed_cut,synthetic_n200_p0.1,2,65,54,54,3047,2023,1067,6137
directed_cut,synthetic_n200_p0.1,2,65,55,55,3078,2054,1034,6166
directed_cut,synthetic_n200_p0.1,2,65,56,56,3109,2104,995,6208
directed_cut,synthetic_n200_p0.1,2,65,57,57,3139,2138,952,6229
directed_cut,synthetic_n200_p0.1,2,65,58,58,3167,2180,906,6253
directed_cut,synthetic_n200_p0.1,2,65,59,59,3194,2212,869,6275
directed_cut,synthetic_n200_p0.1,2,65,60,60,3221,2240,831,6292
directed_cut,synthetic_n200_p0.1,2,65,61,61,3247,2282,772,6301
directed_cut,synthetic_n200_p0.1,2,65,62,62,3272,2315,736,6323
directed_cut,synthetic_n200_p0.1,2,65,63,63,3297,2369,684,6350
directed_cut,synthetic_n200_p0.1,2,65,64,64,3321,2426,622,6369
directed_cut,synthetic_n200_p0.1,2,65,65,65,3344,2462,576,6382
directed_cut,synthetic_n200_p0.1,2,70,0,0,0,0,4253,4253
directed_cut,synthetic_n200_p0.1,2,70,1,1,99,37,4175,4311
directed_cut,synthetic_n200_p0.1,2,70,2,2,188,73,4106,4367
directed_cut,synthetic_n200_p0.1,2,70,3,3,277,89,4031,4397
directed_cut,synthetic_n200_p0.1,2,70,4,4,363,133,3953,4449
directed_cut,synthetic_n200_p0.1,2,70,5,5,448,178,3878,4504
directed_cut,synthetic_n200_p0.1,2,70,6,6,532,187,3811,4530
directed_cut,synthetic_n200_p0.1,2,70,7,7,615,236,3721,4572
directed_cut,synthetic_n200_p0.1,2,70,8,8,697,269,3650,4616
directed_cut,synthetic_n200_p0.1,2,70,9,9,779,295,3573,4647
directed_cut,synthetic_n200_p0.1,2,70,10,10,859,344,3489,4692
directed_cut,synthetic_n200_p0.1,2,70,11,11,935,396,3420,4751
directed_cut,synthetic_n200_p0.1,2,70,12,12,1010,445,3347,4802
directed_cut,synthetic_n200_p0.1,2,70,13,13,1083,510,3282,4875
directed_cut,synthetic_n200_p0.1,2,70,14,14,1154,562,3211,4927
directed_cut,synthetic_n200_p0.1,2,70,15,15,1223,616,3147,4986
directed_cut,synthetic_n200_p0.1,2,70,16,16,1292,658,3062,5012
directed_cut,synthetic_n200_p0.1,2,70,17,17,1361,671,3002,5034
directed_cut,synthetic_n200_p0.1,2,70,18,18,1428,707,2936,5071
directed_cut,synthetic_n200_p0.1,2,70,19,19,1494,754,2855,5103
directed_cut,synthetic_n200_p0.1,2,70,20,20,1560,854,2759,5173
directed_cut,synthetic_n200_p0.1,2,70,21,21,1622,902,2704,5228
directed_cut,synthetic_n200_p0.1,2,70,22,22,1683,936,2642,5261
directed_cut,synthetic_n200_p0.1,2,70,23,23,1743,978,2581,5302
directed_cut,synthetic_n200_p0.1,2,70,24,24,1801,1021,2515,5337
directed_cut,synthetic_n200_p0.1,2,70,25,25,1858,1051,2472,5381
directed_cut,synthetic_n200_p0.1,2,70,26,26,1911,1085,2421,5417
directed_cut,synthetic_n200_p0.1,2,70,27,27,1964,1144,2359,5467
directed_cut,synthetic_n200_p0.1,2,70,28,28,2013,1178,2283,5474
directed_cut,synthetic_n200_p0.1,2,70,29,29,2062,1212,2238,5512
directed_cut,synthetic_n200_p0.1,2,70,30,30,2110,1272,2183,5565
directed_cut,synthetic_n200_p0.1,2,70,31,31,2157,1302,2125,5584
directed_cut,synthetic_n200_p0.1,2,70,32,32,2204,1353,2075,5632
directed_cut,synthetic_n200_p0.1,2,70,33,33,2249,1375,2040,5664
directed_cut,synthetic_n200_p0.1,2,70,34,34,2293,1393,1997,5683
directed_cut,synthetic_n200_p0.1,2,70,35,35,2337,1433,1941,5711
directed_cut,synthetic_n200_p0.1,2,70,36,36,2380,1467,1892,5739
directed_cut,synthetic_n200_p0.1,2,70,37,37,2422,1506,1849,5777
directed_cut,synthetic_n200_p0.1,2,70,38,38,2462,1547,1811,5820
directed_cut,synthetic_n200_p0.1,2,70,39,39,2502,1584,1769,5855
directed_cut,synthetic_n200_p0.1,2,70,40,40,2542,1603,1733,5878
directed_cut,synthetic_n200_p0.1,2,70,41,41,2582,1632,1698,5912
directed_cut,synthetic_n200_p0.1,2,70,42,42,2621,1650,1660,5931
directed_cut,synthetic_n200_p0.1,2,70,43,43,2660,1680,1608,5948
directed_cut,synthetic_n200_p0.1,2,70,44,44,2698,1707,1557,5962
directed_cut,synthetic_n200_p0.1,2,70,45,45,2736,1745,1516,5997
directed_cut,synthetic_n200_p0.1,2,70,46,46,2773,1795,1449,6017
directed_cut,synthetic_n200_p0.1,2,70,47,47,2809,1825,1410,6044
directed_cut,synthetic_n200_p0.1,2,70,48,48,2845,1860,1355,6060
directed_cut,synthetic_n200_p0.1,2,70,49,49,2880,1877,1317,6074
directed_cut,synthetic_n200_p0.1,2,70,50,50,2915,1915,1265,6095
directed_cut,synthetic_n200_p0.1,2,70,51,51,2949,1951,1224,6124
directed_cut,synthetic_n200_p0.1,2,70,52,52,2982,1974,1183,6139
directed_cut,synthetic_n200_p0.1,2,70,53,53,3015,2000,1141,6156
directed_cut,synthetic_n200_p0.1,2,70,54,54,3047,2023,1102,6172
directed_cut,synthetic_n200_p0.1,2,70,55,55,3078,2054,1066,6198
directed_cut,synthetic_n200_p0.1,2,70,56,56,3109,2104,1027,6240
directed_cut,synthetic_n200_p0.1,2,70,57,57,3139,2138,981,6258
directed_cut,synthetic_n200_p0.1,2,70,58,58,3167,2180,930,6277
directed_cut,synthetic_n200_p0.1,2,70,59,59,3194,2212,891,6297
directed_cut,synthetic_n200_p0.1,2,70,60,60,3221,2240,850,6311
directed_cut,synthetic_n200_p0.1,2,70,61,61,3247,2282,784,6313
directed_cut,synthetic_n200_p0.1,2,70,62,62,3272,2315,745,6332
directed_cut,synthetic_n200_p0.1,2,70,63,63,3297,2369,685,6351
directed_cut,synthetic_n200_p0.1,2,70,64,64,3321,2426,622,6369
directed_cut,synthetic_n200_p0.1,2,70,65,65,3344,2462,576,6382
directed_cut,synthetic_n200_p0.1,2,70,66,66,3367,2491,537,6395
directed_cut,synthetic_n200_p0.1,2,70,67,67,3388,2543,502,6433
directed_cut,synthetic_n200_p0.1,2,70,68,68,3409,2569,463,6441
directed_cut,synthetic_n200_p0.1,2,70,69,69,3429,2603,443,6475
directed_cut,synthetic_n200_p0.1,2,70,70,70,3449,2636,401,6486
directed_cut,synthetic_n200_p0.1,2,75,0,0,0,0,4452,4452
directed_cut,synthetic_n200_p0.1,2,75,1,1,99,37,4370,4506
directed_cut,synthetic_n200_p0.1,2,75,2,2,188,73,4296,4557
directed_cut,synthetic_n200_p0.1,2,75,3,3,277,89,4217,4583
directed_cut,synthetic_n200_p0.1,2,75,4,4,363,133,4137,4633
directed_cut,synthetic_n200_p0.1,2,75,5,5,448,178,4058,4684
directed_cut,synthetic_n200_p0.1,2,75,6,6,532,187,3989,4708
directed_cut,synthetic_n200_p0.1,2,75,7,7,615,236,3892,4743
directed_cut,synthetic_n200_p0.1,2,75,8,8,697,269,3819,4785
directed_cut,synthetic_n200_p0.1,2,75,9,9,779,295,3741,4815
directed_cut,synthetic_n200_p0.1,2,75,10,10,859,344,3656,4859
directed_cut,synthetic_n200_p0.1,2,75,11,11,935,396,3586,4917
directed_cut,synthetic_n200_p0.1,2,75,12,12,1010,445,3511,4966
directed_cut,synthetic_n200_p0.1,2,75,13,13,1083,510,3439,5032
directed_cut,synthetic_n200_p0.1,2,75,14,14,1154,562,3362,5078
directed_cut,synthetic_n200_p0.1,2,75,15,15,1223,616,3293,5132
directed_cut,synthetic_n200_p0.1,2,75,16,16,1292,658,3200,5150
directed_cut,synthetic_n200_p0.1,2,75,17,17,1361,671,3138,5170
directed_cut,synthetic_n200_p0.1,2,75,18,18,1428,707,3069,5204
directed_cut,synthetic_n200_p0.1,2,75,19,19,1494,754,2985,5233
directed_cut,synthetic_n200_p0.1,2,75,20,20,1560,854,2885,5299
directed_cut,synthetic_n200_p0.1,2,75,21,21,1622,902,2824,5348
directed_cut,synthetic_n200_p0.1,2,75,22,22,1683,936,2760,5379
directed_cut,synthetic_n200_p0.1,2,75,23,23,1743,978,2694,5415
directed_cut,synthetic_n200_p0.1,2,75,24,24,1801,1021,2628,5450
directed_cut,synthetic_n200_p0.1,2,75,25,25,1858,1051,2583,5492
directed_cut,synthetic_n200_p0.1,2,75,26,26,1911,1085,2529,5525
directed_cut,synthetic_n200_p0.1,2,75,27,27,1964,1144,2460,5568
directed_cut,synthetic_n200_p0.1,2,75,28,28,2013,1178,2380,5571
directed_cut,synthetic_n200_p0.1,2,75,29,29,2062,1212,2331,5605
directed_cut,synthetic_n200_p0.1,2,75,30,30,2110,1272,2273,5655
directed_cut,synthetic_n200_p0.1,2,75,31,31,2157,1302,2215,5674
directed_cut,synthetic_n200_p0.1,2,75,32,32,2204,1353,2160,5717
directed_cut,synthetic_n200_p0.1,2,75,33,33,2249,1375,2125,5749
directed_cut,synthetic_n200_p0.1,2,75,34,34,2293,1393,2080,5766
directed_cut,synthetic_n200_p0.1,2,75,35,35,2337,1433,2021,5791
directed_cut,synthetic_n200_p0.1,2,75,36,36,2380,1467,1972,5819
directed_cut,synthetic_n200_p0.1,2,75,37,37,2422,1506,1923,5851
directed_cut,synthetic_n200_p0.1,2,75,38,38,2462,1547,1881,5890
directed_cut,synthetic_n200_p0.1,2,75,39,39,2502,1584,1835,5921
directed_cut,synthetic_n200_p0.1,2,75,40,40,2542,1603,1796,5941
directed_cut,synthetic_n200_p0.1,2,75,41,41,2582,1632,1761,5975
directed_cut,synthetic_n200_p0.1,2,75,42,42,2621,1650,1719,5990
directed_cut,synthetic_n200_p0.1,2,75,43,43,2660,1680,1663,6003
directed_cut,synthetic_n200_p0.1,2,75,44,44,2698,1707,1608,6013
directed_cut,synthetic_n200_p0.1,2,75,45,45,2736,1745,1566,6047
directed_cut,synthetic_n200_p0.1,2,75,46,46,2773,1795,1495,6063
directed_cut,synthetic_n200_p0.1,2,75,47,47,2809,1825,1453,6087
directed_cut,synthetic_n200_p0.1,2,75,48,48,2845,1860,1397,6102
directed_cut,synthetic_n200_p0.1,2,75,49,49,2880,1877,1355,6112
directed_cut,synthetic_n200_p0.1,2,75,50,50,2915,1915,1298,6128
directed_cut,synthetic_n200_p0.1,2,75,51,51,2949,1951,1257,6157
directed_cut,synthetic_n200_p0.1,2,75,52,52,2982,1974,1214,6170
directed_cut,synthetic_n200_p0.1,2,75,53,53,3015,2000,1171,6186
directed_cut,synthetic_n200_p0.1,2,75,54,54,3047,2023,1132,6202
directed_cut,synthetic_n200_p0.1,2,75,55,55,3078,2054,1095,6227
directed_cut,synthetic_n200_p0.1,2,75,56,56,3109,2104,1055,6268
directed_cut,synthetic_n200_p0.1,2,75,57,57,3139,2138,1004,6281
directed_cut,synthetic_n200_p0.1,2,75,58,58,3167,2180,950,6297
directed_cut,synthetic_n200_p0.1,2,75,59,59,3194,2212,909,6315
directed_cut,synthetic_n200_p0.1,2,75,60,60,3221,2240,862,6323
directed_cut,synthetic_n200_p0.1,2,75,61,61,3247,2282,791,6320
directed_cut,synthetic_n200_p0.1,2,75,62,62,3272,2315,745,6332
directed_cut,synthetic_n200_p0.1,2,75,63,63,3297,2369,685,6351
directed_cut,synthetic_n200_p0.1,2,75,64,64,3321,2426,622,6369
directed_cut,synthetic_n200_p0.1,2,75,65,65,3344,2462,576,6382
directed_cut,synthetic_n200_p0.1,2,75,66,66,3367,2491,537,6395
directed_cut,synthetic_n200_p0.1,2,75,67,67,3388,2543,502,6433
directed_cut,synthetic_n200_p0.1,2,75,68,68,3409,2569,463,6441
directed_cut,synthetic_n200_p0.1,2,75,69,69,3429,2603,443,6475
directed_cut,synthetic_n200_p0.1,2,75,70,70,3449,2636,401,6486
directed_cut,synthetic_n200_p0.1,2,75,71,71,3468,2676,379,6523
directed_cut,synthetic_n200_p0.1,2,75,72,72,3486,2720,352,6558
directed_cut,synthetic_n200_p0.1,2,75,73,73,3503,2767,333,6603
directed_cut,synthetic_n200_p0.1,2,75,74,74,3520,2806,315,6641
directed_cut,synthetic_n200_p0.1,2,75,75,75,3536,2849,299,6684
directed_cut,synthetic_n200_p0.1,2,80,0,0,0,0,4641,4641
directed_cut,synthetic_n200_p0.1,2,80,1,1,99,37,4558,4694
directed_cut,synthetic_n200_p0.1,2,80,2,2,188,73,4481,4742
directed_cut,synthetic_n200_p0.1,2,80,3,3,277,89,4399,4765
directed_cut,synthetic_n200_p0.1,2,80,4,4,363,133,4315,4811
directed_cut,synthetic_n200_p0.1,2,80,5,5,448,178,4233,4859
directed_cut,synthetic_n200_p0.1,2,80,6,6,532,187,4160,4879
directed_cut,synthetic_n200_p0.1,2,80,7,7,615,236,4059,4910
directed_cut,synthetic_n200_p0.1,2,80,8,8,697,269,3983,4949
directed_cut,synthetic_n200_p0.1,2,80,9,9,779,295,3904,4978
directed_cut,synthetic_n200_p0.1,2,80,10,10,859,344,3818,5021
directed_cut,synthetic_n200_p0.1,2,80,11,11,935,396,3744,5075
directed_cut,synthetic_n200_p0.1,2,80,12,12,1010,445,3666,5121
directed_cut,synthetic_n200_p0.1,2,80,13,13,1083,510,3584,5177
directed_cut,synthetic_n200_p0.1,2,80,14,14,1154,562,3503,5219
directed_cut,synthetic_n200_p0.1,2,80,15,15,1223,616,3432,5271
directed_cut,synthetic_n200_p0.1,2,80,16,16,1292,658,3332,5282
directed_cut,synthetic_n200_p0.1,2,80,17,17,1361,671,3269,5301
directed_cut,synthetic_n200_p0.1,2,80,18,18,1428,707,3199,5334
directed_cut,synthetic_n200_p0.1,2,80,19,19,1494,754,3111,5359
directed_cut,synthetic_n200_p0.1,2,80,20,20,1560,854,3005,5419
directed_cut,synthetic_n200_p0.1,2,80,21,21,1622,902,2939,5463
directed_cut,synthetic_n200_p0.1,2,80,22,22,1683,936,2874,5493
directed_cut,synthetic_n200_p0.1,2,80,23,23,1743,978,2802,5523
directed_cut,synthetic_n200_p0.1,2,80,24,24,1801,1021,2736,5558
directed_cut,synthetic_n200_p0.1,2,80,25,25,1858,1051,2687,5596
directed_cut,synthetic_n200_p0.1,2,80,26,26,1911,1085,2631,5627
directed_cut,synthetic_n200_p0.1,2,80,27,27,1964,1144,2555,5663
directed_cut,synthetic_n200_p0.1,2,80,28,28,2013,1178,2470,5661
directed_cut,synthetic_n200_p0.1,2,80,29,29,2062,1212,2421,5695
directed_cut,synthetic_n200_p0.1,2,80,30,30,2110,1272,2363,5745
directed_cut,synthetic_n200_p0.1,2,80,31,31,2157,1302,2300,5759
directed_cut,synthetic_n200_p0.1,2,80,32,32,2204,1353,2240,5797
directed_cut,synthetic_n200_p0.1,2,80,33,33,2249,1375,2205,5829
directed_cut,synthetic_n200_p0.1,2,80,34,34,2293,1393,2158,5844
directed_cut,synthetic_n200_p0.1,2,80,35,35,2337,1433,2095,5865
directed_cut,synthetic_n200_p0.1,2,80,36,36,2380,1467,2044,5891
directed_cut,synthetic_n200_p0.1,2,80,37,37,2422,1506,1989,5917
directed_cut,synthetic_n200_p0.1,2,80,38,38,2462,1547,1945,5954
directed_cut,synthetic_n200_p0.1,2,80,39,39,2502,1584,1896,5982
directed_cut,synthetic_n200_p0.1,2,80,40,40,2542,1603,1852,5997
directed_cut,synthetic_n200_p0.1,2,80,41,41,2582,1632,1816,6030
directed_cut,synthetic_n200_p0.1,2,80,42,42,2621,1650,1771,6042
directed_cut,synthetic_n200_p0.1,2,80,43,43,2660,1680,1712,6052
directed_cut,synthetic_n200_p0.1,2,80,44,44,2698,1707,1656,6061
directed_cut,synthetic_n200_p0.1,2,80,45,45,2736,1745,1610,6091
directed_cut,synthetic_n200_p0.1,2,80,46,46,2773,1795,1535,6103
directed_cut,synthetic_n200_p0.1,2,80,47,47,2809,1825,1491,6125
directed_cut,synthetic_n200_p0.1,2,80,48,48,2845,1860,1433,6138
directed_cut,synthetic_n200_p0.1,2,80,49,49,2880,1877,1388,6145
directed_cut,synthetic_n200_p0.1,2,80,50,50,2915,1915,1328,6158
directed_cut,synthetic_n200_p0.1,2,80,51,51,2949,1951,1286,6186
directed_cut,synthetic_n200_p0.1,2,80,52,52,2982,1974,1242,6198
directed_cut,synthetic_n200_p0.1,2,80,53,53,3015,2000,1198,6213
directed_cut,synthetic_n200_p0.1,2,80,54,54,3047,2023,1157,6227
directed_cut,synthetic_n200_p0.1,2,80,55,55,3078,2054,1117,6249
directed_cut,synthetic_n200_p0.1,2,80,56,56,3109,2104,1075,6288
directed_cut,synthetic_n200_p0.1,2,80,57,57,3139,2138,1020,6297
directed_cut,synthetic_n200_p0.1,2,80,58,58,3167,2180,962,6309
directed_cut,synthetic_n200_p0.1,2,80,59,59,3194,2212,920,6326
directed_cut,synthetic_n200_p0.1,2,80,60,60,3221,2240,865,6326
directed_cut,synthetic_n200_p0.1,2,80,61,61,3247,2282,791,6320
directed_cut,synthetic_n200_p0.1,2,80,62,62,3272,2315,745,6332
directed_cut,synthetic_n200_p0.1,2,80,63,63,3297,2369,685,6351
directed_cut,synthetic_n200_p0.1,2,80,64,64,3321,2426,622,6369
directed_cut,synthetic_n200_p0.1,2,80,65,65,3344,2462,576,6382
directed_cut,synthetic_n200_p0.1,2,80,66,66,3367,2491,537,6395
directed_cut,synthetic_n200_p0.1,2,80,67,67,3388,2543,502,6433
directed_cut,synthetic_n200_p0.1,2,80,68,68,3409,2569,463,6441
directed_cut,synthetic_n200_p0.1,2,80,69,69,3429,2603,443,6475
directed_cut,synthetic_n200_p0.1,2,80,70,70,3449,2636,401,6486
directed_cut,synthetic_n200_p0.1,2,80,71,71,3468,2676,379,6523
directed_cut,synthetic_n200_p0.1,2,80,72,72,3486,2720,352,6558
directed_cut,synthetic_n200_p0.1,2,80,73,73,3503,2767,333,6603
directed_cut,synthetic_n200_p0.1,2,80,74,74,3520,2806,315,6641
directed_cut,synthetic_n200_p0.1,2,80,75,75,3536,2849,299,6684
directed_cut,synthetic_n200_p0.1,2,80,76,76,3551,2901,263,6715
directed_cut,synthetic_n200_p0.1,2,80,77,77,3565,2932,232,6729
directed_cut,synthetic_n200_p0.1,2,80,78,78,3577,2981,203,6761
directed_cut,synthetic_n200_p0.1,2,80,79,79,3589,3001,188,6778
directed_cut,synthetic_n200_p0.1,2,80,80,80,3601,3036,174,6811
directed_cut,synthetic_n200_p0.1,2,85,0,0,0,0,4826,4826
directed_cut,synthetic_n200_p0.1,2,85,1,1,99,37,4743,4879
directed_cut,synthetic_n200_p0.1,2,85,2,2,188,73,4663,4924
directed_cut,synthetic_n200_p0.1,2,85,3,3,277,89,4573,4939
directed_cut,synthetic_n200_p0.1,2,85,4,4,363,133,4485,4981
directed_cut,synthetic_n200_p0.1,2,85,5,5,448,178,4403,5029
directed_cut,synthetic_n200_p0.1,2,85,6,6,532,187,4329,5048
directed_cut,synthetic_n200_p0.1,2,85,7,7,615,236,4221,5072
directed_cut,synthetic_n200_p0.1,2,85,8,8,697,269,4142,5108
directed_cut,synthetic_n200_p0.1,2,85,9,9,779,295,4062,5136
directed_cut,synthetic_n200_p0.1,2,85,10,10,859,344,3972,5175
directed_cut,synthetic_n200_p0.1,2,85,11,11,935,396,3892,5223
directed_cut,synthetic_n200_p0.1,2,85,12,12,1010,445,3806,5261
directed_cut,synthetic_n200_p0.1,2,85,13,13,1083,510,3718,5311
directed_cut,synthetic_n200_p0.1,2,85,14,14,1154,562,3636,5352
directed_cut,synthetic_n200_p0.1,2,85,15,15,1223,616,3563,5402
directed_cut,synthetic_n200_p0.1,2,85,16,16,1292,658,3462,5412
directed_cut,synthetic_n200_p0.1,2,85,17,17,1361,671,3398,5430
directed_cut,synthetic_n200_p0.1,2,85,18,18,1428,707,3324,5459
directed_cut,synthetic_n200_p0.1,2,85,19,19,1494,754,3232,5480
directed_cut,synthetic_n200_p0.1,2,85,20,20,1560,854,3120,5534
directed_cut,synthetic_n200_p0.1,2,85,21,21,1622,902,3049,5573
directed_cut,synthetic_n200_p0.1,2,85,22,22,1683,936,2983,5602
directed_cut,synthetic_n200_p0.1,2,85,23,23,1743,978,2905,5626
directed_cut,synthetic_n200_p0.1,2,85,24,24,1801,1021,2839,5661
directed_cut,synthetic_n200_p0.1,2,85,25,25,1858,1051,2785,5694
directed_cut,synthetic_n200_p0.1,2,85,26,26,1911,1085,2726,5722
directed_cut,synthetic_n200_p0.1,2,85,27,27,1964,1144,2645,5753
directed_cut,synthetic_n200_p0.1,2,85,28,28,2013,1178,2559,5750
directed_cut,synthetic_n200_p0.1,2,85,29,29,2062,1212,2508,5782
directed_cut,synthetic_n200_p0.1,2,85,30,30,2110,1272,2449,5831
directed_cut,synthetic_n200_p0.1,2,85,31,31,2157,1302,2381,5840
directed_cut,synthetic_n200_p0.1,2,85,32,32,2204,1353,2316,5873
directed_cut,synthetic_n200_p0.1,2,85,33,33,2249,1375,2278,5902
directed_cut,synthetic_n200_p0.1,2,85,34,34,2293,1393,2228,5914
directed_cut,synthetic_n200_p0.1,2,85,35,35,2337,1433,2160,5930
directed_cut,synthetic_n200_p0.1,2,85,36,36,2380,1467,2107,5954
directed_cut,synthetic_n200_p0.1,2,85,37,37,2422,1506,2050,5978
directed_cut,synthetic_n200_p0.1,2,85,38,38,2462,1547,2003,6012
directed_cut,synthetic_n200_p0.1,2,85,39,39,2502,1584,1950,6036
directed_cut,synthetic_n200_p0.1,2,85,40,40,2542,1603,1902,6047
directed_cut,synthetic_n200_p0.1,2,85,41,41,2582,1632,1866,6080
directed_cut,synthetic_n200_p0.1,2,85,42,42,2621,1650,1819,6090
directed_cut,synthetic_n200_p0.1,2,85,43,43,2660,1680,1754,6094
directed_cut,synthetic_n200_p0.1,2,85,44,44,2698,1707,1696,6101
directed_cut,synthetic_n200_p0.1,2,85,45,45,2736,1745,1650,6131
directed_cut,synthetic_n200_p0.1,2,85,46,46,2773,1795,1569,6137
directed_cut,synthetic_n200_p0.1,2,85,47,47,2809,1825,1525,6159
directed_cut,synthetic_n200_p0.1,2,85,48,48,2845,1860,1465,6170
directed_cut,synthetic_n200_p0.1,2,85,49,49,2880,1877,1417,6174
directed_cut,synthetic_n200_p0.1,2,85,50,50,2915,1915,1353,6183
directed_cut,synthetic_n200_p0.1,2,85,51,51,2949,1951,1311,6211
directed_cut,synthetic_n200_p0.1,2,85,52,52,2982,1974,1264,6220
directed_cut,synthetic_n200_p0.1,2,85,53,53,3015,2000,1217,6232
directed_cut,synthetic_n200_p0.1,2,85,54,54,3047,2023,1175,6245
directed_cut,synthetic_n200_p0.1,2,85,55,55,3078,2054,1135,6267
directed_cut,synthetic_n200_p0.1,2,85,56,56,3109,2104,1086,6299
directed_cut,synthetic_n200_p0.1,2,85,57,57,3139,2138,1029,6306
directed_cut,synthetic_n200_p0.1,2,85,58,58,3167,2180,968,6315
directed_cut,synthetic_n200_p0.1,2,85,59,59,3194,2212,922,6328
directed_cut,synthetic_n200_p0.1,2,85,60,60,3221,2240,865,6326
directed_cut,synthetic_n200_p0.1,2,85,61,61,3247,2282,791,6320
directed_cut,synthetic_n200_p0.1,2,85,62,62,3272,2315,745,6332
directed_cut,synthetic_n200_p0.1,2,85,63,63,3297,2369,685,6351
directed_cut,synthetic_n200_p0.1,2,85,64,64,3321,2426,622,6369
directed_cut,synthetic_n200_p0.1,2,85,65,65,3344,2462,576,6382
directed_cut,synthetic_n200_p0.1,2,85,66,66,3367,2491,537,6395
directed_cut,synthetic_n200_p0.1,2,85,67,67,3388,2543,502,6433
directed_cut,synthetic_n200_p0.1,2,85,68,68,3409,2569,463,6441
directed_cut,synthetic_n200_p0.1,2,85,69,69,3429,2603,443,6475
directed_cut,synthetic_n200_p0.1,2,85,70,70,3449,2636,401,6486
directed_cut,synthetic_n200_p0.1,2,85,71,71,3468,2676,379,6523
directed_cut,synthetic_n200_p0.1,2,85,72,72,3486,2720,352,6558
directed_cut,synthetic_n200_p0.1,2,85,73,73,3503,2767,333,6603
directed_cut,synthetic_n200_p0.1,2,85,74,74,3520,2806,315,6641
directed_cut,synthetic_n200_p0.1,2,85,75,75,3536,2849,299,6684
directed_cut,synthetic_n200_p0.1,2,85,76,76,3551,2901,263,6715
directed_cut,synthetic_n200_p0.1,2,85,77,77,3565,2932,232,6729
directed_cut,synthetic_n200_p0.1,2,85,78,78,3577,2981,203,6761
directed_cut,synthetic_n200_p0.1,2,85,79,79,3589,3001,188,6778
directed_cut,synthetic_n200_p0.1,2,85,80,80,3601,3036,174,6811
directed_cut,synthetic_n200_p0.1,2,85,81,81,3612,3088,150,6850
directed_cut,synthetic_n200_p0.1,2,85,82,82,3622,3132,124,6878
directed_cut,synthetic_n200_p0.1,2,85,83,83,3631,3169,114,6914
directed_cut,synthetic_n200_p0.1,2,85,84,84,3638,3206,107,6951
directed_cut,synthetic_n200_p0.1,2,85,85,85,3645,3262,98,7005
directed_cut,synthetic_n200_p0.1,2,90,0,0,0,0,5008,5008
directed_cut,synthetic_n200_p0.1,2,90,1,1,99,37,4925,5061
directed_cut,synthetic_n200_p0.1,2,90,2,2,188,73,4840,5101
directed_cut,synthetic_n200_p0.1,2,90,3,3,277,89,4743,5109
directed_cut,synthetic_n200_p0.1,2,90,4,4,363,133,4655,5151
directed_cut,synthetic_n200_p0.1,2,90,5,5,448,178,4570,5196
directed_cut,synthetic_n200_p0.1,2,90,6,6,532,187,4492,5211
directed_cut,synthetic_n200_p0.1,2,90,7,7,615,236,4381,5232
directed_cut,synthetic_n200_p0.1,2,90,8,8,697,269,4293,5259
directed_cut,synthetic_n200_p0.1,2,90,9,9,779,295,4210,5284
directed_cut,synthetic_n200_p0.1,2,90,10,10,859,344,4117,5320
directed_cut,synthetic_n200_p0.1,2,90,11,11,935,396,4028,5359
directed_cut,synthetic_n200_p0.1,2,90,12,12,1010,445,3938,5393
directed_cut,synthetic_n200_p0.1,2,90,13,13,1083,510,3848,5441
directed_cut,synthetic_n200_p0.1,2,90,14,14,1154,562,3766,5482
directed_cut,synthetic_n200_p0.1,2,90,15,15,1223,616,3693,5532
directed_cut,synthetic_n200_p0.1,2,90,16,16,1292,658,3589,5539
directed_cut,synthetic_n200_p0.1,2,90,17,17,1361,671,3521,5553
directed_cut,synthetic_n200_p0.1,2,90,18,18,1428,707,3445,5580
directed_cut,synthetic_n200_p0.1,2,90,19,19,1494,754,3349,5597
directed_cut,synthetic_n200_p0.1,2,90,20,20,1560,854,3230,5644
directed_cut,synthetic_n200_p0.1,2,90,21,21,1622,902,3154,5678
directed_cut,synthetic_n200_p0.1,2,90,22,22,1683,936,3087,5706
directed_cut,synthetic_n200_p0.1,2,90,23,23,1743,978,3003,5724
directed_cut,synthetic_n200_p0.1,2,90,24,24,1801,1021,2936,5758
directed_cut,synthetic_n200_p0.1,2,90,25,25,1858,1051,2876,5785
directed_cut,synthetic_n200_p0.1,2,90,26,26,1911,1085,2816,5812
directed_cut,synthetic_n200_p0.1,2,90,27,27,1964,1144,2731,5839
directed_cut,synthetic_n200_p0.1,2,90,28,28,2013,1178,2644,5835
directed_cut,synthetic_n200_p0.1,2,90,29,29,2062,1212,2591,5865
directed_cut,synthetic_n200_p0.1,2,90,30,30,2110,1272,2527,5909
directed_cut,synthetic_n200_p0.1,2,90,31,31,2157,1302,2457,5916
directed_cut,synthetic_n200_p0.1,2,90,32,32,2204,1353,2386,5943
directed_cut,synthetic_n200_p0.1,2,90,33,33,2249,1375,2341,5965
directed_cut,synthetic_n200_p0.1,2,90,34,34,2293,1393,2290,5976
directed_cut,synthetic_n200_p0.1,2,90,35,35,2337,1433,2218,5988
directed_cut,synthetic_n200_p0.1,2,90,36,36,2380,1467,2164,6011
directed_cut,synthetic_n200_p0.1,2,90,37,37,2422,1506,2104,6032
directed_cut,synthetic_n200_p0.1,2,90,38,38,2462,1547,2056,6065
directed_cut,synthetic_n200_p0.1,2,90,39,39,2502,1584,1999,6085
directed_cut,synthetic_n200_p0.1,2,90,40,40,2542,1603,1947,6092
directed_cut,synthetic_n200_p0.1,2,90,41,41,2582,1632,1909,6123
directed_cut,synthetic_n200_p0.1,2,90,42,42,2621,1650,1860,6131
directed_cut,synthetic_n200_p0.1,2,90,43,43,2660,1680,1793,6133
directed_cut,synthetic_n200_p0.1,2,90,44,44,2698,1707,1734,6139
directed_cut,synthetic_n200_p0.1,2,90,45,45,2736,1745,1684,6165
directed_cut,synthetic_n200_p0.1,2,90,46,46,2773,1795,1597,6165
directed_cut,synthetic_n200_p0.1,2,90,47,47,2809,1825,1554,6188
directed_cut,synthetic_n200_p0.1,2,90,48,48,2845,1860,1492,6197
directed_cut,synthetic_n200_p0.1,2,90,49,49,2880,1877,1439,6196
directed_cut,synthetic_n200_p0.1,2,90,50,50,2915,1915,1373,6203
directed_cut,synthetic_n200_p0.1,2,90,51,51,2949,1951,1330,6230
directed_cut,synthetic_n200_p0.1,2,90,52,52,2982,1974,1280,6236
directed_cut,synthetic_n200_p0.1,2,90,53,53,3015,2000,1228,6243
directed_cut,synthetic_n200_p0.1,2,90,54,54,3047,2023,1184,6254
directed_cut,synthetic_n200_p0.1,2,90,55,55,3078,2054,1143,6275
directed_cut,synthetic_n200_p0.1,2,90,56,56,3109,2104,1088,6301
directed_cut,synthetic_n200_p0.1,2,90,57,57,3139,2138,1030,6307
directed_cut,synthetic_n200_p0.1,2,90,58,58,3167,2180,968,6315
directed_cut,synthetic_n200_p0.1,2,90,59,59,3194,2212,922,6328
directed_cut,synthetic_n200_p0.1,2,90,60,60,3221,2240,865,6326
directed_cut,synthetic_n200_p0.1,2,90,61,61,3247,2282,791,6320
directed_cut,synthetic_n200_p0.1,2,90,62,62,3272,2315,745,6332
directed_cut,synthetic_n200_p0.1,2,90,63,63,3297,2369,685,6351
directed_cut,synthetic_n200_p0.1,2,90,64,64,3321,2426,622,6369
directed_cut,synthetic_n200_p0.1,2,90,65,65,3344,2462,576,6382
directed_cut,synthetic_n200_p0.1,2,90,66,66,3367,2491,537,6395
directed_cut,synthetic_n200_p0.1,2,90,67,67,3388,2543,502,6433
directed_cut,synthetic_n200_p0.1,2,90,68,68,3409,2569,463,6441
directed_cut,synthetic_n200_p0.1,2,90,69,69,3429,2603,443,6475
directed_cut,synthetic_n200_p0.1,2,90,70,70,3449,2636,401,6486
directed_cut,synthetic_n200_p0.1,2,90,71,71,3468,2676,379,6523
directed_cut,synthetic_n200_p0.1,2,90,72,72,3486,2720,352,6558
directed_cut,synthetic_n200_p0.1,2,90,73,73,3503,2767,333,6603
directed_cut,synthetic_n200_p0.1,2,90,74,74,3520,2806,315,6641
directed_cut,synthetic_n200_p0.1,2,90,75,75,3536,2849,299,6684
directed_cut,synthetic_n200_p0.1,2,90,76,76,3551,2901,263,6715
directed_cut,synthetic_n200_p0.1,2,90,77,77,3565,2932,232,6729
directed_cut,synthetic_n200_p0.1,2,90,78,78,3577,2981,203,6761
directed_cut,synthetic_n200_p0.1,2,90,79,79,3589,3001,188,6778
directed_cut,synthetic_n200_p0.1,2,90,80,80,3601,3036,174,6811
directed_cut,synthetic_n200_p0.1,2,90,81,81,3612,3088,150,6850
directed_cut,synthetic_n200_p0.1,2,90,82,82,3622,3132,124,6878
directed_cut,synthetic_n200_p0.1,2,90,83,83,3631,3169,114,6914
directed_cut,synthetic_n200_p0.1,2,90,84,84,3638,3206,107,6951
directed_cut,synthetic_n200_p0.1,2,90,85,85,3645,3262,98,7005
directed_cut,synthetic_n200_p0.1,2,90,86,86,3652,3300,89,7041
directed_cut,synthetic_n200_p0.1,2,90,87,87,3659,3348,71,7078
directed_cut,synthetic_n200_p0.1,2,90,88,88,3666,3380,64,7110
directed_cut,synthetic_n200_p0.1,2,90,89,89,3672,3451,57,7180
directed_cut,synthetic_n200_p0.1,2,90,90,90,3678,3488,50,7216
directed_cut,synthetic_n200_p0.1,2,95,0,0,0,0,5182,5182
directed_cut,synthetic_n200_p0.1,2,95,1,1,99,37,5097,5233
directed_cut,synthetic_n200_p0.1,2,95,2,2,188,73,5010,5271
directed_cut,synthetic_n200_p0.1,2,95,3,3,277,89,4911,5277
directed_cut,synthetic_n200_p0.1,2,95,4,4,363,133,4818,5314
directed_cut,synthetic_n200_p0.1,2,95,5,5,448,178,4731,5357
directed_cut,synthetic_n200_p0.1,2,95,6,6,532,187,4652,5371
directed_cut,synthetic_n200_p0.1,2,95,7,7,615,236,4534,5385
directed_cut,synthetic_n200_p0.1,2,95,8,8,697,269,4434,5400
directed_cut,synthetic_n200_p0.1,2,95,9,9,779,295,4346,5420
directed_cut,synthetic_n200_p0.1,2,95,10,10,859,344,4251,5454
directed_cut,synthetic_n200_p0.1,2,95,11,11,935,396,4158,5489
directed_cut,synthetic_n200_p0.1,2,95,12,12,1010,445,4068,5523
directed_cut,synthetic_n200_p0.1,2,95,13,13,1083,510,3976,5569
directed_cut,synthetic_n200_p0.1,2,95,14,14,1154,562,3894,5610
directed_cut,synthetic_n200_p0.1,2,95,15,15,1223,616,3817,5656
directed_cut,synthetic_n200_p0.1,2,95,16,16,1292,658,3711,5661
directed_cut,synthetic_n200_p0.1,2,95,17,17,1361,671,3638,5670
directed_cut,synthetic_n200_p0.1,2,95,18,18,1428,707,3559,5694
directed_cut,synthetic_n200_p0.1,2,95,19,19,1494,754,3461,5709
directed_cut,synthetic_n200_p0.1,2,95,20,20,1560,854,3335,5749
directed_cut,synthetic_n200_p0.1,2,95,21,21,1622,902,3254,5778
directed_cut,synthetic_n200_p0.1,2,95,22,22,1683,936,3186,5805
directed_cut,synthetic_n200_p0.1,2,95,23,23,1743,978,3097,5818
directed_cut,synthetic_n200_p0.1,2,95,24,24,1801,1021,3027,5849
directed_cut,synthetic_n200_p0.1,2,95,25,25,1858,1051,2960,5869
directed_cut,synthetic_n200_p0.1,2,95,26,26,1911,1085,2899,5895
directed_cut,synthetic_n200_p0.1,2,95,27,27,1964,1144,2812,5920
directed_cut,synthetic_n200_p0.1,2,95,28,28,2013,1178,2723,5914
directed_cut,synthetic_n200_p0.1,2,95,29,29,2062,1212,2667,5941
directed_cut,synthetic_n200_p0.1,2,95,30,30,2110,1272,2600,5982
directed_cut,synthetic_n200_p0.1,2,95,31,31,2157,1302,2527,5986
directed_cut,synthetic_n200_p0.1,2,95,32,32,2204,1353,2449,6006
directed_cut,synthetic_n200_p0.1,2,95,33,33,2249,1375,2397,6021
directed_cut,synthetic_n200_p0.1,2,95,34,34,2293,1393,2346,6032
directed_cut,synthetic_n200_p0.1,2,95,35,35,2337,1433,2271,6041
directed_cut,synthetic_n200_p0.1,2,95,36,36,2380,1467,2214,6061
directed_cut,synthetic_n200_p0.1,2,95,37,37,2422,1506,2154,6082
directed_cut,synthetic_n200_p0.1,2,95,38,38,2462,1547,2103,6112
directed_cut,synthetic_n200_p0.1,2,95,39,39,2502,1584,2042,6128
directed_cut,synthetic_n200_p0.1,2,95,40,40,2542,1603,1987,6132
directed_cut,synthetic_n200_p0.1,2,95,41,41,2582,1632,1948,6162
directed_cut,synthetic_n200_p0.1,2,95,42,42,2621,1650,1897,6168
directed_cut,synthetic_n200_p0.1,2,95,43,43,2660,1680,1827,6167
directed_cut,synthetic_n200_p0.1,2,95,44,44,2698,1707,1764,6169
directed_cut,synthetic_n200_p0.1,2,95,45,45,2736,1745,1710,6191
directed_cut,synthetic_n200_p0.1,2,95,46,46,2773,1795,1618,6186
directed_cut,synthetic_n200_p0.1,2,95,47,47,2809,1825,1575,6209
directed_cut,synthetic_n200_p0.1,2,95,48,48,2845,1860,1512,6217
directed_cut,synthetic_n200_p0.1,2,95,49,49,2880,1877,1457,6214
directed_cut,synthetic_n200_p0.1,2,95,50,50,2915,1915,1388,6218
directed_cut,synthetic_n200_p0.1,2,95,51,51,2949,1951,1340,6240
directed_cut,synthetic_n200_p0.1,2,95,52,52,2982,1974,1288,6244
directed_cut,synthetic_n200_p0.1,2,95,53,53,3015,2000,1231,6246
directed_cut,synthetic_n200_p0.1,2,95,54,54,3047,2023,1184,6254
directed_cut,synthetic_n200_p0.1,2,95,55,55,3078,2054,1143,6275
directed_cut,synthetic_n200_p0.1,2,95,56,56,3109,2104,1088,6301
directed_cut,synthetic_n200_p0.1,2,95,57,57,3139,2138,1030,6307
directed_cut,synthetic_n200_p0.1,2,95,58,58,3167,2180,968,6315
directed_cut,synthetic_n200_p0.1,2,95,59,59,3194,2212,922,6328
directed_cut,synthetic_n200_p0.1,2,95,60,60,3221,2240,865,6326
directed_cut,synthetic_n200_p0.1,2,95,61,61,3247,2282,791,6320
directed_cut,synthetic_n200_p0.1,2,95,62,62,3272,2315,745,6332
directed_cut,synthetic_n200_p0.1,2,95,63,63,3297,2369,685,6351
directed_cut,synthetic_n200_p0.1,2,95,64,64,3321,2426,622,6369
directed_cut,synthetic_n200_p0.1,2,95,65,65,3344,2462,576,6382
directed_cut,synthetic_n200_p0.1,2,95,66,66,3367,2491,537,6395
directed_cut,synthetic_n200_p0.1,2,95,67,67,3388,2543,502,6433
directed_cut,synthetic_n200_p0.1,2,95,68,68,3409,2569,463,6441
directed_cut,synthetic_n200_p0.1,2,95,69,69,3429,2603,443,6475
directed_cut,synthetic_n200_p0.1,2,95,70,70,3449,2636,401,6486
directed_cut,synthetic_n200_p0.1,2,95,71,71,3468,2676,379,6523
directed_cut,synthetic_n200_p0.1,2,95,72,72,3486,2720,352,6558
directed_cut,synthetic_n200_p0.1,2,95,73,73,3503,2767,333,6603
directed_cut,synthetic_n200_p0.1,2,95,74,74,3520,2806,315,6641
directed_cut,synthetic_n200_p0.1,2,95,75,75,3536,2849,299,6684
directed_cut,synthetic_n200_p0.1,2,95,76,76,3551,2901,263,6715
directed_cut,synthetic_n200_p0.1,2,95,77,77,3565,2932,232,6729
directed_cut,synthetic_n200_p0.1,2,95,78,78,3577,2981,203,6761
directed_cut,synthetic_n200_p0.1,2,95,79,79,3589,3001,188,6778
directed_cut,synthetic_n200_p0.1,2,95,80,80,3601,3036,174,6811
directed_cut,synthetic_n200_p0.1,2,95,81,81,3612,3088,150,6850
directed_cut,synthetic_n200_p0.1,2,95,82,82,3622,3132,124,6878
directed_cut,synthetic_n200_p0.1,2,95,83,83,3631,3169,114,6914
directed_cut,synthetic_n200_p0.1,2,95,84,84,3638,3206,107,6951
directed_cut,synthetic_n200_p0.1,2,95,85,85,3645,3262,98,7005
directed_cut,synthetic_n200_p0.1,2,95,86,86,3652,3300,89,7041
directed_cut,synthetic_n200_p0.1,2,95,87,87,3659,3348,71,7078
directed_cut,synthetic_n200_p0.1,2,95,88,88,3666,3380,64,7110
directed_cut,synthetic_n200_p0.1,2,95,89,89,3672,3451,57,7180
directed_cut,synthetic_n200_p0.1,2,95,90,90,3678,3488,50,7216
directed_cut,synthetic_n200_p0.1,2,95,91,91,3684,3534,44,7262
directed_cut,synthetic_n200_p0.1,2,95,92,92,3690,3580,38,7308
directed_cut,synthetic_n200_p0.1,2,95,93,93,3695,3614,30,7339
directed_cut,synthetic_n200_p0.1,2,95,94,94,3700,3659,25,7384
directed_cut,synthetic_n200_p0.1,2,95,95,95,3705,3670,20,7395
directed_cut,synthetic_n200_p0.1,2,100,0,0,0,0,5352,5352
directed_cut,synthetic_n200_p0.1,2,100,1,1,99,37,5267,5403
directed_cut,synthetic_n200_p0.1,2,100,2,2,188,73,5176,5437
directed_cut,synthetic_n200_p0.1,2,100,3,3,277,89,5072,5438
directed_cut,synthetic_n200_p0.1,2,100,4,4,363,133,4978,5474
directed_cut,synthetic_n200_p0.1,2,100,5,5,448,178,4886,5512
directed_cut,synthetic_n200_p0.1,2,100,6,6,532,187,4801,5520
directed_cut,synthetic_n200_p0.1,2,100,7,7,615,236,4677,5528
directed_cut,synthetic_n200_p0.1,2,100,8,8,697,269,4567,5533
directed_cut,synthetic_n200_p0.1,2,100,9,9,779,295,4476,5550
directed_cut,synthetic_n200_p0.1,2,100,10,10,859,344,4381,5584
directed_cut,synthetic_n200_p0.1,2,100,11,11,935,396,4287,5618
directed_cut,synthetic_n200_p0.1,2,100,12,12,1010,445,4194,5649
directed_cut,synthetic_n200_p0.1,2,100,13,13,1083,510,4101,5694
directed_cut,synthetic_n200_p0.1,2,100,14,14,1154,562,4016,5732
directed_cut,synthetic_n200_p0.1,2,100,15,15,1223,616,3935,5774
directed_cut,synthetic_n200_p0.1,2,100,16,16,1292,658,3826,5776
directed_cut,synthetic_n200_p0.1,2,100,17,17,1361,671,3747,5779
directed_cut,synthetic_n200_p0.1,2,100,18,18,1428,707,3666,5801
directed_cut,synthetic_n200_p0.1,2,100,19,19,1494,754,3566,5814
directed_cut,synthetic_n200_p0.1,2,100,20,20,1560,854,3436,5850
directed_cut,synthetic_n200_p0.1,2,100,21,21,1622,902,3350,5874
directed_cut,synthetic_n200_p0.1,2,100,22,22,1683,936,3279,5898
directed_cut,synthetic_n200_p0.1,2,100,23,23,1743,978,3186,5907
directed_cut,synthetic_n200_p0.1,2,100,24,24,1801,1021,3112,5934
directed_cut,synthetic_n200_p0.1,2,100,25,25,1858,1051,3035,5944
directed_cut,synthetic_n200_p0.1,2,100,26,26,1911,1085,2972,5968
directed_cut,synthetic_n200_p0.1,2,100,27,27,1964,1144,2884,5992
directed_cut,synthetic_n200_p0.1,2,100,28,28,2013,1178,2794,5985
directed_cut,synthetic_n200_p0.1,2,100,29,29,2062,1212,2736,6010
directed_cut,synthetic_n200_p0.1,2,100,30,30,2110,1272,2663,6045
directed_cut,synthetic_n200_p0.1,2,100,31,31,2157,1302,2587,6046
directed_cut,synthetic_n200_p0.1,2,100,32,32,2204,1353,2505,6062
directed_cut,synthetic_n200_p0.1,2,100,33,33,2249,1375,2447,6071
directed_cut,synthetic_n200_p0.1,2,100,34,34,2293,1393,2396,6082
directed_cut,synthetic_n200_p0.1,2,100,35,35,2337,1433,2319,6089
directed_cut,synthetic_n200_p0.1,2,100,36,36,2380,1467,2260,6107
directed_cut,synthetic_n200_p0.1,2,100,37,37,2422,1506,2197,6125
directed_cut,synthetic_n200_p0.1,2,100,38,38,2462,1547,2143,6152
directed_cut,synthetic_n200_p0.1,2,100,39,39,2502,1584,2081,6167
directed_cut,synthetic_n200_p0.1,2,100,40,40,2542,1603,2022,6167
directed_cut,synthetic_n200_p0.1,2,100,41,41,2582,1632,1981,6195
directed_cut,synthetic_n200_p0.1,2,100,42,42,2621,1650,1927,6198
directed_cut,synthetic_n200_p0.1,2,100,43,43,2660,1680,1853,6193
directed_cut,synthetic_n200_p0.1,2,100,44,44,2698,1707,1785,6190
directed_cut,synthetic_n200_p0.1,2,100,45,45,2736,1745,1730,6211
directed_cut,synthetic_n200_p0.1,2,100,46,46,2773,1795,1636,6204
directed_cut,synthetic_n200_p0.1,2,100,47,47,2809,1825,1593,6227
directed_cut,synthetic_n200_p0.1,2,100,48,48,2845,1860,1526,6231
directed_cut,synthetic_n200_p0.1,2,100,49,49,2880,1877,1466,6223
directed_cut,synthetic_n200_p0.1,2,100,50,50,2915,1915,1396,6226
directed_cut,synthetic_n200_p0.1,2,100,51,51,2949,1951,1344,6244
directed_cut,synthetic_n200_p0.1,2,100,52,52,2982,1974,1289,6245
directed_cut,synthetic_n200_p0.1,2,100,53,53,3015,2000,1231,6246
directed_cut,synthetic_n200_p0.1,2,100,54,54,3047,2023,1184,6254
directed_cut,synthetic_n200_p0.1,2,100,55,55,3078,2054,1143,6275
directed_cut,synthetic_n200_p0.1,2,100,56,56,3109,2104,1088,6301
directed_cut,synthetic_n200_p0.1,2,100,57,57,3139,2138,1030,6307
directed_cut,synthetic_n200_p0.1,2,100,58,58,3167,2180,968,6315
directed_cut,synthetic_n200_p0.1,2,100,59,59,3194,2212,922,6328
directed_cut,synthetic_n200_p0.1,2,100,60,60,3221,2240,865,6326
directed_cut,synthetic_n200_p0.1,2,100,61,61,3247,2282,791,6320
directed_cut,synthetic_n200_p0.1,2,100,62,62,3272,2315,745,6332
directed_cut,synthetic_n200_p0.1,2,100,63,63,3297,2369,685,6351
directed_cut,synthetic_n200_p0.1,2,100,64,64,3321,2426,622,6369
directed_cut,synthetic_n200_p0.1,2,100,65,65,3344,2462,576,6382
directed_cut,synthetic_n200_p0.1,2,100,66,66,3367,2491,537,6395
directed_cut,synthetic_n200_p0.1,2,100,67,67,3388,2543,502,6433
directed_cut,synthetic_n200_p0.1,2,100,68,68,3409,2569,463,6441
directed_cut,synthetic_n200_p0.1,2,100,69,69,3429,2603,443,6475
directed_cut,synthetic_n200_p0.1,2,100,70,70,3449,2636,401,6486
directed_cut,synthetic_n200_p0.1,2,100,71,71,3468,2676,379,6523
directed_cut,synthetic_n200_p0.1,2,100,72,72,3486,2720,352,6558
directed_cut,synthetic_n200_p0.1,2,100,73,73,3503,2767,333,6603
directed_cut,synthetic_n200_p0.1,2,100,74,74,3520,2806,315,6641
directed_cut,synthetic_n200_p0.1,2,100,75,75,3536,2849,299,6684
directed_cut,synthetic_n200_p0.1,2,100,76,76,3551,2901,263,6715
directed_cut,synthetic_n200_p0.1,2,100,77,77,3565,2932,232,6729
directed_cut,synthetic_n200_p0.1,2,100,78,78,3577,2981,203,6761
directed_cut,synthetic_n200_p0.1,2,100,79,79,3589,3001,188,6778
directed_cut,synthetic_n200_p0.1,2,100,80,80,3601,3036,174,6811
directed_cut,synthetic_n200_p0.1,2,100,81,81,3612,3088,150,6850
directed_cut,synthetic_n200_p0.1,2,100,82,82,3622,3132,124,6878
directed_cut,synthetic_n200_p0.1,2,100,83,83,3631,3169,114,6914
directed_cut,synthetic_n200_p0.1,2,100,84,84,3638,3206,107,6951
directed_cut,synthetic_n200_p0.1,2,100,85,85,3645,3262,98,7005
directed_cut,synthetic_n200_p0.1,2,100,86,86,3652,3300,89,7041
directed_cut,synthetic_n200_p0.1,2,100,87,87,3659,3348,71,7078
directed_cut,synthetic_n200_p0.1,2,100,88,88,3666,3380,64,7110
directed_cut,synthetic_n200_p0.1,2,100,89,89,3672,3451,57,7180
directed_cut,synthetic_n200_p0.1,2,100,90,90,3678,3488,50,7216
directed_cut,synthetic_n200_p0.1,2,100,91,91,3684,3534,44,7262
directed_cut,synthetic_n200_p0.1,2,100,92,92,3690,3580,38,7308
directed_cut,synthetic_n200_p0.1,2,100,93,93,3695,3614,30,7339
directed_cut,synthetic_n200_p0.1,2,100,94,94,3700,3659,25,7384
directed_cut,synthetic_n200_p0.1,2,100,95,95,3705,3670,20,7395
directed_cut,synthetic_n200_p0.1,2,100,96,96,3709,3726,11,7446
directed_cut,synthetic_n200_p0.1,2,100,97,97,3713,3763,7,7483
directed_cut,synthetic_n200_p0.1,2,100,98,98,3717,3796,2,7515
directed_cut,synthetic_n200_p0.1,2,100,99,99,3719,3831,0,7550
directed_cut,synthetic_n200_p0.1,3,1,0,0,0,0,92,92
directed_cut,synthetic_n200_p0.1,3,1,1,1,92,70,91,253
directed_cut,synthetic_n200_p0.1,3,5,0,0,0,0,445,445
directed_cut,synthetic_n200_p0.1,3,5,1,1,92,70,436,598
directed_cut,synthetic_n200_p0.1,3,5,2,2,183,115,426,724
directed_cut,synthetic_n200_p0.1,3,5,3,3,273,153,415,841
directed_cut,synthetic_n200_p0.1,3,5,4,4,361,190,406,957
directed_cut,synthetic_n200_p0.1,3,5,5,5,445,228,400,1073
directed_cut,synthetic_n200_p0.1,3,10,0,0,0,0,850,850
directed_cut,synthetic_n200_p0.1,3,10,1,1,92,70,835,997
directed_cut,synthetic_n200_p0.1,3,10,2,2,183,115,813,1111
directed_cut,synthetic_n200_p0.1,3,10,3,3,273,153,798,1224
directed_cut,synthetic_n200_p0.1,3,10,4,4,361,190,782,1333
directed_cut,synthetic_n200_p0.1,3,10,5,5,445,228,766,1439
directed_cut,synthetic_n200_p0.1,3,10,6,6,527,293,754,1574
directed_cut,synthetic_n200_p0.1,3,10,7,7,609,354,736,1699
directed_cut,synthetic_n200_p0.1,3,10,8,8,688,389,726,1803
directed_cut,synthetic_n200_p0.1,3,10,9,9,767,429,714,1910
directed_cut,synthetic_n200_p0.1,3,10,10,10,845,449,695,1989
directed_cut,synthetic_n200_p0.1,3,15,0,0,0,0,1228,1228
directed_cut,synthetic_n200_p0.1,3,15,1,1,92,70,1209,1371
directed_cut,synthetic_n200_p0.1,3,15,2,2,183,115,1183,1481
directed_cut,synthetic_n200_p0.1,3,15,3,3,273,153,1161,1587
directed_cut,synthetic_n200_p0.1,3,15,4,4,361,190,1136,1687
directed_cut,synthetic_n200_p0.1,3,15,5,5,445,228,1112,1785
directed_cut,synthetic_n200_p0.1,3,15,6,6,527,293,1098,1918
directed_cut,synthetic_n200_p0.1,3,15,7,7,609,354,1076,2039
directed_cut,synthetic_n200_p0.1,3,15,8,8,688,389,1064,2141
directed_cut,synthetic_n200_p0.1,3,15,9,9,767,429,1045,2241
directed_cut,synthetic_n200_p0.1,3,15,10,10,845,449,1023,2317
directed_cut,synthetic_n200_p0.1,3,15,11,11,921,474,1001,2396
directed_cut,synthetic_n200_p0.1,3,15,12,12,992,533,993,2518
directed_cut,synthetic_n200_p0.1,3,15,13,13,1063,581,984,2628
directed_cut,synthetic_n200_p0.1,3,15,14,14,1131,618,971,2720
directed_cut,synthetic_n200_p0.1,3,15,15,15,1199,672,955,2826
directed_cut,synthetic_n200_p0.1,3,20,0,0,0,0,1589,1589
directed_cut,synthetic_n200_p0.1,3,20,1,1,92,70,1564,1726
directed_cut,synthetic_n200_p0.1,3,20,2,2,183,115,1535,1833
directed_cut,synthetic_n200_p0.1,3,20,3,3,273,153,1510,1936
directed_cut,synthetic_n200_p0.1,3,20,4,4,361,190,1477,2028
directed_cut,synthetic_n200_p0.1,3,20,5,5,445,228,1448,2121
directed_cut,synthetic_n200_p0.1,3,20,6,6,527,293,1429,2249
directed_cut,synthetic_n200_p0.1,3,20,7,7,609,354,1405,2368
directed_cut,synthetic_n200_p0.1,3,20,8,8,688,389,1390,2467
directed_cut,synthetic_n200_p0.1,3,20,9,9,767,429,1367,2563
directed_cut,synthetic_n200_p0.1,3,20,10,10,845,449,1343,2637
directed_cut,synthetic_n200_p0.1,3,20,11,11,921,474,1317,2712
directed_cut,synthetic_n200_p0.1,3,20,12,12,992,533,1303,2828
directed_cut,synthetic_n200_p0.1,3,20,13,13,1063,581,1288,2932
directed_cut,synthetic_n200_p0.1,3,20,14,14,1131,618,1267,3016
directed_cut,synthetic_n200_p0.1,3,20,15,15,1199,672,1245,3116
directed_cut,synthetic_n200_p0.1,3,20,16,16,1266,709,1224,3199
directed_cut,synthetic_n200_p0.1,3,20,17,17,1333,747,1211,3291
directed_cut,synthetic_n200_p0.1,3,20,18,18,1400,784,1197,3381
directed_cut,synthetic_n200_p0.1,3,20,19,19,1466,837,1175,3478
directed_cut,synthetic_n200_p0.1,3,20,20,20,1531,880,1156,3567
directed_cut,synthetic_n200_p0.1,3,25,0,0,0,0,1938,1938
directed_cut,synthetic_n200_p0.1,3,25,1,1,92,70,1908,2070
directed_cut,synthetic_n200_p0.1,3,25,2,2,183,115,1875,2173
directed_cut,synthetic_n200_p0.1,3,25,3,3,273,153,1844,2270
directed_cut,synthetic_n200_p0.1,3,25,4,4,361,190,1806,2357
directed_cut,synthetic_n200_p0.1,3,25,5,5,445,228,1773,2446
directed_cut,synthetic_n200_p0.1,3,25,6,6,527,293,1750,2570
directed_cut,synthetic_n200_p0.1,3,25,7,7,609,354,1723,2686
directed_cut,synthetic_n200_p0.1,3,25,8,8,688,389,1706,2783
directed_cut,synthetic_n200_p0.1,3,25,9,9,767,429,1676,2872
directed_cut,synthetic_n200_p0.1,3,25,10,10,845,449,1646,2940
directed_cut,synthetic_n200_p0.1,3,25,11,11,921,474,1617,3012
directed_cut,synthetic_n200_p0.1,3,25,12,12,992,533,1597,3122
directed_cut,synthetic_n200_p0.1,3,25,13,13,1063,581,1577,3221
directed_cut,synthetic_n200_p0.1,3,25,14,14,1131,618,1555,3304
directed_cut,synthetic_n200_p0.1,3,25,15,15,1199,672,1525,3396
directed_cut,synthetic_n200_p0.1,3,25,16,16,1266,709,1499,3474
directed_cut,synthetic_n200_p0.1,3,25,17,17,1333,747,1482,3562
directed_cut,synthetic_n200_p0.1,3,25,18,18,1400,784,1454,3638
directed_cut,synthetic_n200_p0.1,3,25,19,19,1466,837,1424,3727
directed_cut,synthetic_n200_p0.1,3,25,20,20,1531,880,1396,3807
directed_cut,synthetic_n200_p0.1,3,25,21,21,1595,912,1371,3878
directed_cut,synthetic_n200_p0.1,3,25,22,22,1658,958,1349,3965
directed_cut,synthetic_n200_p0.1,3,25,23,23,1721,1002,1330,4053
directed_cut,synthetic_n200_p0.1,3,25,24,24,1783,1039,1303,4125
directed_cut,synthetic_n200_p0.1,3,25,25,25,1843,1069,1272,4184
directed_cut,synthetic_n200_p0.1,3,30,0,0,0,0,2277,2277
directed_cut,synthetic_n200_p0.1,3,30,1,1,92,70,2240,2402
directed_cut,synthetic_n200_p0.1,3,30,2,2,183,115,2203,2501
directed_cut,synthetic_n200_p0.1,3,30,3,3,273,153,2170,2596
directed_cut,synthetic_n200_p0.1,3,30,4,4,361,190,2128,2679
directed_cut,synthetic_n200_p0.1,3,30,5,5,445,228,2090,2763
directed_cut,synthetic_n200_p0.1,3,30,6,6,527,293,2054,2874
directed_cut,synthetic_n200_p0.1,3,30,7,7,609,354,2022,2985
directed_cut,synthetic_n200_p0.1,3,30,8,8,688,389,2000,3077
directed_cut,synthetic_n200_p0.1,3,30,9,9,767,429,1967,3163
directed_cut,synthetic_n200_p0.1,3,30,10,10,845,449,1935,3229
directed_cut,synthetic_n200_p0.1,3,30,11,11,921,474,1905,3300
directed_cut,synthetic_n200_p0.1,3,30,12,12,992,533,1883,3408
directed_cut,synthetic_n200_p0.1,3,30,13,13,1063,581,1851,3495
directed_cut,synthetic_n200_p0.1,3,30,14,14,1131,618,1824,3573
directed_cut,synthetic_n200_p0.1,3,30,15,15,1199,672,1782,3653
directed_cut,synthetic_n200_p0.1,3,30,16,16,1266,709,1745,3720
directed_cut,synthetic_n200_p0.1,3,30,17,17,1333,747,1721,3801
directed_cut,synthetic_n200_p0.1,3,30,18,18,1400,784,1690,3874
directed_cut,synthetic_n200_p0.1,3,30,19,19,1466,837,1659,3962
directed_cut,synthetic_n200_p0.1,3,30,20,20,1531,880,1630,4041
directed_cut,synthetic_n200_p0.1,3,30,21,21,1595,912,1604,4111
directed_cut,synthetic_n200_p0.1,3,30,22,22,1658,958,1577,4193
directed_cut,synthetic_n200_p0.1,3,30,23,23,1721,1002,1554,4277
directed_cut,synthetic_n200_p0.1,3,30,24,24,1783,1039,1523,4345
directed_cut,synthetic_n200_p0.1,3,30,25,25,1843,1069,1488,4400
directed_cut,synthetic_n200_p0.1,3,30,26,26,1901,1131,1464,4496
directed_cut,synthetic_n200_p0.1,3,30,27,27,1959,1162,1426,4547
directed_cut,synthetic_n200_p0.1,3,30,28,28,2016,1226,1400,4642
directed_cut,synthetic_n200_p0.1,3,30,29,29,2072,1258,1375,4705
directed_cut,synthetic_n200_p0.1,3,30,30,30,2128,1319,1343,4790
directed_cut,synthetic_n200_p0.1,3,35,0,0,0,0,2606,2606
directed_cut,synthetic_n200_p0.1,3,35,1,1,92,70,2565,2727
directed_cut,synthetic_n200_p0.1,3,35,2,2,183,115,2524,2822
directed_cut,synthetic_n200_p0.1,3,35,3,3,273,153,2486,2912
directed_cut,synthetic_n200_p0.1,3,35,4,4,361,190,2429,2980
directed_cut,synthetic_n200_p0.1,3,35,5,5,445,228,2387,3060
directed_cut,synthetic_n200_p0.1,3,35,6,6,527,293,2344,3164
directed_cut,synthetic_n200_p0.1,3,35,7,7,609,354,2310,3273
directed_cut,synthetic_n200_p0.1,3,35,8,8,688,389,2285,3362
directed_cut,synthetic_n200_p0.1,3,35,9,9,767,429,2248,3444
directed_cut,synthetic_n200_p0.1,3,35,10,10,845,449,2213,3507
directed_cut,synthetic_n200_p0.1,3,35,11,11,921,474,2176,3571
directed_cut,synthetic_n200_p0.1,3,35,12,12,992,533,2142,3667
directed_cut,synthetic_n200_p0.1,3,35,13,13,1063,581,2099,3743
directed_cut,synthetic_n200_p0.1,3,35,14,14,1131,618,2065,3814
directed_cut,synthetic_n200_p0.1,3,35,15,15,1199,672,2019,3890
directed_cut,synthetic_n200_p0.1,3,35,16,16,1266,709,1980,3955
directed_cut,synthetic_n200_p0.1,3,35,17,17,1333,747,1954,4034
directed_cut,synthetic_n200_p0.1,3,35,18,18,1400,784,1921,4105
directed_cut,synthetic_n200_p0.1,3,35,19,19,1466,837,1887,4190
directed_cut,synthetic_n200_p0.1,3,35,20,20,1531,880,1853,4264
directed_cut,synthetic_n200_p0.1,3,35,21,21,1595,912,1821,4328
directed_cut,synthetic_n200_p0.1,3,35,22,22,1658,958,1791,4407
directed_cut,synthetic_n200_p0.1,3,35,23,23,1721,1002,1763,4486
directed_cut,synthetic_n200_p0.1,3,35,24,24,1783,1039,1729,4551
directed_cut,synthetic_n200_p0.1,3,35,25,25,1843,1069,1693,4605
directed_cut,synthetic_n200_p0.1,3,35,26,26,1901,1131,1663,4695
directed_cut,synthetic_n200_p0.1,3,35,27,27,1959,1162,1621,4742
directed_cut,synthetic_n200_p0.1,3,35,28,28,2016,1226,1590,4832
directed_cut,synthetic_n200_p0.1,3,35,29,29,2072,1258,1559,4889
directed_cut,synthetic_n200_p0.1,3,35,30,30,2128,1319,1525,4972
directed_cut,synthetic_n200_p0.1,3,35,31,31,2181,1381,1500,5062
directed_cut,synthetic_n200_p0.1,3,35,32,32,2233,1418,1475,5126
directed_cut,synthetic_n200_p0.1,3,35,33,33,2284,1488,1442,5214
directed_cut,synthetic_n200_p0.1,3,35,34,34,2334,1541,1404,5279
directed_cut,synthetic_n200_p0.1,3,35,35,35,2382,1576,1377,5335
directed_cut,synthetic_n200_p0.1,3,40,0,0,0,0,2917,2917
directed_cut,synthetic_n200_p0.1,3,40,1,1,92,70,2871,3033
directed_cut,synthetic_n200_p0.1,3,40,2,2,183,115,2817,3115
directed_cut,synthetic_n200_p0.1,3,40,3,3,273,153,2774,3200
directed_cut,synthetic_n200_p0.1,3,40,4,4,361,190,2715,3266
directed_cut,synthetic_n200_p0.1,3,40,5,5,445,228,2671,3344
directed_cut,synthetic_n200_p0.1,3,40,6,6,527,293,2621,3441
directed_cut,synthetic_n200_p0.1,3,40,7,7,609,354,2583,3546
directed_cut,synthetic_n200_p0.1,3,40,8,8,688,389,2549,3626
directed_cut,synthetic_n200_p0.1,3,40,9,9,767,429,2504,3700
directed_cut,synthetic_n200_p0.1,3,40,10,10,845,449,2464,3758
directed_cut,synthetic_n200_p0.1,3,40,11,11,921,474,2420,3815
directed_cut,synthetic_n200_p0.1,3,40,12,12,992,533,2381,3906
directed_cut,synthetic_n200_p0.1,3,40,13,13,1063,581,2334,3978
directed_cut,synthetic_n200_p0.1,3,40,14,14,1131,618,2298,4047
directed_cut,synthetic_n200_p0.1,3,40,15,15,1199,672,2250,4121
directed_cut,synthetic_n200_p0.1,3,40,16,16,1266,709,2205,4180
directed_cut,synthetic_n200_p0.1,3,40,17,17,1333,747,2176,4256
directed_cut,synthetic_n200_p0.1,3,40,18,18,1400,784,2138,4322
directed_cut,synthetic_n200_p0.1,3,40,19,19,1466,837,2099,4402
directed_cut,synthetic_n200_p0.1,3,40,20,20,1531,880,2061,4472
directed_cut,synthetic_n200_p0.1,3,40,21,21,1595,912,2025,4532
directed_cut,synthetic_n200_p0.1,3,40,22,22,1658,958,1991,4607
directed_cut,synthetic_n200_p0.1,3,40,23,23,1721,1002,1958,4681
directed_cut,synthetic_n200_p0.1,3,40,24,24,1783,1039,1921,4743
directed_cut,synthetic_n200_p0.1,3,40,25,25,1843,1069,1882,4794
directed_cut,synthetic_n200_p0.1,3,40,26,26,1901,1131,1846,4878
directed_cut,synthetic_n200_p0.1,3,40,27,27,1959,1162,1801,4922
directed_cut,synthetic_n200_p0.1,3,40,28,28,2016,1226,1766,5008
directed_cut,synthetic_n200_p0.1,3,40,29,29,2072,1258,1729,5059
directed_cut,synthetic_n200_p0.1,3,40,30,30,2128,1319,1695,5142
directed_cut,synthetic_n200_p0.1,3,40,31,31,2181,1381,1667,5229
directed_cut,synthetic_n200_p0.1,3,40,32,32,2233,1418,1634,5285
directed_cut,synthetic_n200_p0.1,3,40,33,33,2284,1488,1592,5364
directed_cut,synthetic_n200_p0.1,3,40,34,34,2334,1541,1551,5426
directed_cut,synthetic_n200_p0.1,3,40,35,35,2382,1576,1518,5476
directed_cut,synthetic_n200_p0.1,3,40,36,36,2429,1612,1488,5529
directed_cut,synthetic_n200_p0.1,3,40,37,37,2476,1656,1450,5582
directed_cut,synthetic_n200_p0.1,3,40,38,38,2522,1701,1419,5642
directed_cut,synthetic_n200_p0.1,3,40,39,39,2566,1761,1386,5713
directed_cut,synthetic_n200_p0.1,3,40,40,40,2610,1808,1360,5778
directed_cut,synthetic_n200_p0.1,3,45,0,0,0,0,3203,3203
directed_cut,synthetic_n200_p0.1,3,45,1,1,92,70,3153,3315
directed_cut,synthetic_n200_p0.1,3,45,2,2,183,115,3092,3390
directed_cut,synthetic_n200_p0.1,3,45,3,3,273,153,3043,3469
directed_cut,synthetic_n200_p0.1,3,45,4,4,361,190,2982,3533
directed_cut,synthetic_n200_p0.1,3,45,5,5,445,228,2933,3606
directed_cut,synthetic_n200_p0.1,3,45,6,6,527,293,2877,3697
directed_cut,synthetic_n200_p0.1,3,45,7,7,609,354,2836,3799
directed_cut,synthetic_n200_p0.1,3,45,8,8,688,389,2795,3872
directed_cut,synthetic_n200_p0.1,3,45,9,9,767,429,2746,3942
directed_cut,synthetic_n200_p0.1,3,45,10,10,845,449,2701,3995
directed_cut,synthetic_n200_p0.1,3,45,11,11,921,474,2655,4050
directed_cut,synthetic_n200_p0.1,3,45,12,12,992,533,2615,4140
directed_cut,synthetic_n200_p0.1,3,45,13,13,1063,581,2563,4207
directed_cut,synthetic_n200_p0.1,3,45,14,14,1131,618,2521,4270
directed_cut,synthetic_n200_p0.1,3,45,15,15,1199,672,2467,4338
directed_cut,synthetic_n200_p0.1,3,45,16,16,1266,709,2419,4394
directed_cut,synthetic_n200_p0.1,3,45,17,17,1333,747,2385,4465
directed_cut,synthetic_n200_p0.1,3,45,18,18,1400,784,2345,4529
directed_cut,synthetic_n200_p0.1,3,45,19,19,1466,837,2300,4603
directed_cut,synthetic_n200_p0.1,3,45,20,20,1531,880,2258,4669
directed_cut,synthetic_n200_p0.1,3,45,21,21,1595,912,2216,4723
directed_cut,synthetic_n200_p0.1,3,45,22,22,1658,958,2179,4795
directed_cut,synthetic_n200_p0.1,3,45,23,23,1721,1002,2140,4863
directed_cut,synthetic_n200_p0.1,3,45,24,24,1783,1039,2101,4923
directed_cut,synthetic_n200_p0.1,3,45,25,25,1843,1069,2061,4973
directed_cut,synthetic_n200_p0.1,3,45,26,26,1901,1131,2018,5050
directed_cut,synthetic_n200_p0.1,3,45,27,27,1959,1162,1970,5091
directed_cut,synthetic_n200_p0.1,3,45,28,28,2016,1226,1932,5174
directed_cut,synthetic_n200_p0.1,3,45,29,29,2072,1258,1890,5220
directed_cut,synthetic_n200_p0.1,3,45,30,30,2128,1319,1854,5301
directed_cut,synthetic_n200_p0.1,3,45,31,31,2181,1381,1819,5381
directed_cut,synthetic_n200_p0.1,3,45,32,32,2233,1418,1780,5431
directed_cut,synthetic_n200_p0.1,3,45,33,33,2284,1488,1736,5508
directed_cut,synthetic_n200_p0.1,3,45,34,34,2334,1541,1689,5564
directed_cut,synthetic_n200_p0.1,3,45,35,35,2382,1576,1650,5608
directed_cut,synthetic_n200_p0.1,3,45,36,36,2429,1612,1617,5658
directed_cut,synthetic_n200_p0.1,3,45,37,37,2476,1656,1577,5709
directed_cut,synthetic_n200_p0.1,3,45,38,38,2522,1701,1542,5765
directed_cut,synthetic_n200_p0.1,3,45,39,39,2566,1761,1505,5832
directed_cut,synthetic_n200_p0.1,3,45,40,40,2610,1808,1477,5895
directed_cut,synthetic_n200_p0.1,3,45,41,41,2653,1847,1449,5949
directed_cut,synthetic_n200_p0.1,3,45,42,42,2695,1887,1417,5999
directed_cut,synthetic_n200_p0.1,3,45,43,43,2737,1942,1373,6052
directed_cut,synthetic_n200_p0.1,3,45,44,44,2778,1997,1339,6114
directed_cut,synthetic_n200_p0.1,3,45,45,45,2819,2053,1301,6173
directed_cut,synthetic_n200_p0.1,3,50,0,0,0,0,3472,3472
directed_cut,synthetic_n200_p0.1,3,50,1,1,92,70,3416,3578
directed_cut,synthetic_n200_p0.1,3,50,2,2,183,115,3350,3648
directed_cut,synthetic_n200_p0.1,3,50,3,3,273,153,3294,3720
directed_cut,synthetic_n200_p0.1,3,50,4,4,361,190,3231,3782
directed_cut,synthetic_n200_p0.1,3,50,5,5,445,228,3178,3851
directed_cut,synthetic_n200_p0.1,3,50,6,6,527,293,3119,3939
directed_cut,synthetic_n200_p0.1,3,50,7,7,609,354,3076,4039
directed_cut,synthetic_n200_p0.1,3,50,8,8,688,389,3031,4108
directed_cut,synthetic_n200_p0.1,3,50,9,9,767,429,2980,4176
directed_cut,synthetic_n200_p0.1,3,50,10,10,845,449,2932,4226
directed_cut,synthetic_n200_p0.1,3,50,11,11,921,474,2881,4276
directed_cut,synthetic_n200_p0.1,3,50,12,12,992,533,2838,4363
directed_cut,synthetic_n200_p0.1,3,50,13,13,1063,581,2780,4424
directed_cut,synthetic_n200_p0.1,3,50,14,14,1131,618,2733,4482
directed_cut,synthetic_n200_p0.1,3,50,15,15,1199,672,2675,4546
directed_cut,synthetic_n200_p0.1,3,50,16,16,1266,709,2625,4600
directed_cut,synthetic_n200_p0.1,3,50,17,17,1333,747,2585,4665
directed_cut,synthetic_n200_p0.1,3,50,18,18,1400,784,2540,4724
directed_cut,synthetic_n200_p0.1,3,50,19,19,1466,837,2490,4793
directed_cut,synthetic_n200_p0.1,3,50,20,20,1531,880,2445,4856
directed_cut,synthetic_n200_p0.1,3,50,21,21,1595,912,2399,4906
directed_cut,synthetic_n200_p0.1,3,50,22,22,1658,958,2358,4974
directed_cut,synthetic_n200_p0.1,3,50,23,23,1721,1002,2315,5038
directed_cut,synthetic_n200_p0.1,3,50,24,24,1783,1039,2273,5095
directed_cut,synthetic_n200_p0.1,3,50,25,25,1843,1069,2232,5144
directed_cut,synthetic_n200_p0.1,3,50,26,26,1901,1131,2180,5212
directed_cut,synthetic_n200_p0.1,3,50,27,27,1959,1162,2127,5248
directed_cut,synthetic_n200_p0.1,3,50,28,28,2016,1226,2086,5328
directed_cut,synthetic_n200_p0.1,3,50,29,29,2072,1258,2039,5369
directed_cut,synthetic_n200_p0.1,3,50,30,30,2128,1319,2003,5450
directed_cut,synthetic_n200_p0.1,3,50,31,31,2181,1381,1961,5523
directed_cut,synthetic_n200_p0.1,3,50,32,32,2233,1418,1919,5570
directed_cut,synthetic_n200_p0.1,3,50,33,33,2284,1488,1872,5644
directed_cut,synthetic_n200_p0.1,3,50,34,34,2334,1541,1821,5696
directed_cut,synthetic_n200_p0.1,3,50,35,35,2382,1576,1777,5735
directed_cut,synthetic_n200_p0.1,3,50,36,36,2429,1612,1739,5780
directed_cut,synthetic_n200_p0.1,3,50,37,37,2476,1656,1697,5829
directed_cut,synthetic_n200_p0.1,3,50,38,38,2522,1701,1661,5884
directed_cut,synthetic_n200_p0.1,3,50,39,39,2566,1761,1617,5944
directed_cut,synthetic_n200_p0.1,3,50,40,40,2610,1808,1587,6005
directed_cut,synthetic_n200_p0.1,3,50,41,41,2653,1847,1557,6057
directed_cut,synthetic_n200_p0.1,3,50,42,42,2695,1887,1524,6106
directed_cut,synthetic_n200_p0.1,3,50,43,43,2737,1942,1476,6155
directed_cut,synthetic_n200_p0.1,3,50,44,44,2778,1997,1438,6213
directed_cut,synthetic_n200_p0.1,3,50,45,45,2819,2053,1396,6268
directed_cut,synthetic_n200_p0.1,3,50,46,46,2860,2063,1365,6288
directed_cut,synthetic_n200_p0.1,3,50,47,47,2901,2112,1334,6347
directed_cut,synthetic_n200_p0.1,3,50,48,48,2941,2139,1307,6387
directed_cut,synthetic_n200_p0.1,3,50,49,49,2980,2171,1272,6423
directed_cut,synthetic_n200_p0.1,3,50,50,50,3019,2201,1228,6448
directed_cut,synthetic_n200_p0.1,3,55,0,0,0,0,3729,3729
directed_cut,synthetic_n200_p0.1,3,55,1,1,92,70,3666,3828
directed_cut,synthetic_n200_p0.1,3,55,2,2,183,115,3595,3893
directed_cut,synthetic_n200_p0.1,3,55,3,3,273,153,3533,3959
directed_cut,synthetic_n200_p0.1,3,55,4,4,361,190,3468,4019
directed_cut,synthetic_n200_p0.1,3,55,5,5,445,228,3412,4085
directed_cut,synthetic_n200_p0.1,3,55,6,6,527,293,3352,4172
directed_cut,synthetic_n200_p0.1,3,55,7,7,609,354,3306,4269
directed_cut,synthetic_n200_p0.1,3,55,8,8,688,389,3254,4331
directed_cut,synthetic_n200_p0.1,3,55,9,9,767,429,3201,4397
directed_cut,synthetic_n200_p0.1,3,55,10,10,845,449,3149,4443
directed_cut,synthetic_n200_p0.1,3,55,11,11,921,474,3095,4490
directed_cut,synthetic_n200_p0.1,3,55,12,12,992,533,3048,4573
directed_cut,synthetic_n200_p0.1,3,55,13,13,1063,581,2988,4632
directed_cut,synthetic_n200_p0.1,3,55,14,14,1131,618,2939,4688
directed_cut,synthetic_n200_p0.1,3,55,15,15,1199,672,2877,4748
directed_cut,synthetic_n200_p0.1,3,55,16,16,1266,709,2825,4800
directed_cut,synthetic_n200_p0.1,3,55,17,17,1333,747,2775,4855
directed_cut,synthetic_n200_p0.1,3,55,18,18,1400,784,2724,4908
directed_cut,synthetic_n200_p0.1,3,55,19,19,1466,837,2670,4973
directed_cut,synthetic_n200_p0.1,3,55,20,20,1531,880,2624,5035
directed_cut,synthetic_n200_p0.1,3,55,21,21,1595,912,2576,5083
directed_cut,synthetic_n200_p0.1,3,55,22,22,1658,958,2531,5147
directed_cut,synthetic_n200_p0.1,3,55,23,23,1721,1002,2480,5203
directed_cut,synthetic_n200_p0.1,3,55,24,24,1783,1039,2433,5255
directed_cut,synthetic_n200_p0.1,3,55,25,25,1843,1069,2390,5302
directed_cut,synthetic_n200_p0.1,3,55,26,26,1901,1131,2332,5364
directed_cut,synthetic_n200_p0.1,3,55,27,27,1959,1162,2276,5397
directed_cut,synthetic_n200_p0.1,3,55,28,28,2016,1226,2232,5474
directed_cut,synthetic_n200_p0.1,3,55,29,29,2072,1258,2183,5513
directed_cut,synthetic_n200_p0.1,3,55,30,30,2128,1319,2145,5592
directed_cut,synthetic_n200_p0.1,3,55,31,31,2181,1381,2095,5657
directed_cut,synthetic_n200_p0.1,3,55,32,32,2233,1418,2048,5699
directed_cut,synthetic_n200_p0.1,3,55,33,33,2284,1488,1999,5771
directed_cut,synthetic_n200_p0.1,3,55,34,34,2334,1541,1944,5819
directed_cut,synthetic_n200_p0.1,3,55,35,35,2382,1576,1897,5855
directed_cut,synthetic_n200_p0.1,3,55,36,36,2429,1612,1859,5900
directed_cut,synthetic_n200_p0.1,3,55,37,37,2476,1656,1813,5945
directed_cut,synthetic_n200_p0.1,3,55,38,38,2522,1701,1772,5995
directed_cut,synthetic_n200_p0.1,3,55,39,39,2566,1761,1725,6052
directed_cut,synthetic_n200_p0.1,3,55,40,40,2610,1808,1694,6112
directed_cut,synthetic_n200_p0.1,3,55,41,41,2653,1847,1661,6161
directed_cut,synthetic_n200_p0.1,3,55,42,42,2695,1887,1625,6207
directed_cut,synthetic_n200_p0.1,3,55,43,43,2737,1942,1574,6253
directed_cut,synthetic_n200_p0.1,3,55,44,44,2778,1997,1529,6304
directed_cut,synthetic_n200_p0.1,3,55,45,45,2819,2053,1485,6357
directed_cut,synthetic_n200_p0.1,3,55,46,46,2860,2063,1452,6375
directed_cut,synthetic_n200_p0.1,3,55,47,47,2901,2112,1419,6432
directed_cut,synthetic_n200_p0.1,3,55,48,48,2941,2139,1391,6471
directed_cut,synthetic_n200_p0.1,3,55,49,49,2980,2171,1353,6504
directed_cut,synthetic_n200_p0.1,3,55,50,50,3019,2201,1307,6527
directed_cut,synthetic_n200_p0.1,3,55,51,51,3056,2246,1247,6549
directed_cut,synthetic_n200_p0.1,3,55,52,52,3091,2272,1218,6581
directed_cut,synthetic_n200_p0.1,3,55,53,53,3126,2295,1193,6614
directed_cut,synthetic_n200_p0.1,3,55,54,54,3160,2337,1145,6642
directed_cut,synthetic_n200_p0.1,3,55,55,55,3194,2374,1109,6677
directed_cut,synthetic_n200_p0.1,3,60,0,0,0,0,3975,3975
directed_cut,synthetic_n200_p0.1,3,60,1,1,92,70,3907,4069
directed_cut,synthetic_n200_p0.1,3,60,2,2,183,115,3831,4129
directed_cut,synthetic_n200_p0.1,3,60,3,3,273,153,3766,4192
directed_cut,synthetic_n200_p0.1,3,60,4,4,361,190,3700,4251
directed_cut,synthetic_n200_p0.1,3,60,5,5,445,228,3640,4313
directed_cut,synthetic_n200_p0.1,3,60,6,6,527,293,3575,4395
directed_cut,synthetic_n200_p0.1,3,60,7,7,609,354,3524,4487
directed_cut,synthetic_n200_p0.1,3,60,8,8,688,389,3468,4545
directed_cut,synthetic_n200_p0.1,3,60,9,9,767,429,3413,4609
directed_cut,synthetic_n200_p0.1,3,60,10,10,845,449,3358,4652
directed_cut,synthetic_n200_p0.1,3,60,11,11,921,474,3301,4696
directed_cut,synthetic_n200_p0.1,3,60,12,12,992,533,3251,4776
directed_cut,synthetic_n200_p0.1,3,60,13,13,1063,581,3187,4831
directed_cut,synthetic_n200_p0.1,3,60,14,14,1131,618,3135,4884
directed_cut,synthetic_n200_p0.1,3,60,15,15,1199,672,3070,4941
directed_cut,synthetic_n200_p0.1,3,60,16,16,1266,709,3015,4990
directed_cut,synthetic_n200_p0.1,3,60,17,17,1333,747,2957,5037
directed_cut,synthetic_n200_p0.1,3,60,18,18,1400,784,2903,5087
directed_cut,synthetic_n200_p0.1,3,60,19,19,1466,837,2843,5146
directed_cut,synthetic_n200_p0.1,3,60,20,20,1531,880,2795,5206
directed_cut,synthetic_n200_p0.1,3,60,21,21,1595,912,2746,5253
directed_cut,synthetic_n200_p0.1,3,60,22,22,1658,958,2697,5313
directed_cut,synthetic_n200_p0.1,3,60,23,23,1721,1002,2635,5358
directed_cut,synthetic_n200_p0.1,3,60,24,24,1783,1039,2586,5408
directed_cut,synthetic_n200_p0.1,3,60,25,25,1843,1069,2543,5455
directed_cut,synthetic_n200_p0.1,3,60,26,26,1901,1131,2479,5511
directed_cut,synthetic_n200_p0.1,3,60,27,27,1959,1162,2421,5542
directed_cut,synthetic_n200_p0.1,3,60,28,28,2016,1226,2374,5616
directed_cut,synthetic_n200_p0.1,3,60,29,29,2072,1258,2322,5652
directed_cut,synthetic_n200_p0.1,3,60,30,30,2128,1319,2282,5729
directed_cut,synthetic_n200_p0.1,3,60,31,31,2181,1381,2220,5782
directed_cut,synthetic_n200_p0.1,3,60,32,32,2233,1418,2171,5822
directed_cut,synthetic_n200_p0.1,3,60,33,33,2284,1488,2119,5891
directed_cut,synthetic_n200_p0.1,3,60,34,34,2334,1541,2062,5937
directed_cut,synthetic_n200_p0.1,3,60,35,35,2382,1576,2014,5972
directed_cut,synthetic_n200_p0.1,3,60,36,36,2429,1612,1972,6013
directed_cut,synthetic_n200_p0.1,3,60,37,37,2476,1656,1921,6053
directed_cut,synthetic_n200_p0.1,3,60,38,38,2522,1701,1876,6099
directed_cut,synthetic_n200_p0.1,3,60,39,39,2566,1761,1828,6155
directed_cut,synthetic_n200_p0.1,3,60,40,40,2610,1808,1796,6214
directed_cut,synthetic_n200_p0.1,3,60,41,41,2653,1847,1760,6260
directed_cut,synthetic_n200_p0.1,3,60,42,42,2695,1887,1718,6300
directed_cut,synthetic_n200_p0.1,3,60,43,43,2737,1942,1665,6344
directed_cut,synthetic_n200_p0.1,3,60,44,44,2778,1997,1614,6389
directed_cut,synthetic_n200_p0.1,3,60,45,45,2819,2053,1570,6442
directed_cut,synthetic_n200_p0.1,3,60,46,46,2860,2063,1536,6459
directed_cut,synthetic_n200_p0.1,3,60,47,47,2901,2112,1500,6513
directed_cut,synthetic_n200_p0.1,3,60,48,48,2941,2139,1466,6546
directed_cut,synthetic_n200_p0.1,3,60,49,49,2980,2171,1422,6573
directed_cut,synthetic_n200_p0.1,3,60,50,50,3019,2201,1374,6594
directed_cut,synthetic_n200_p0.1,3,60,51,51,3056,2246,1312,6614
directed_cut,synthetic_n200_p0.1,3,60,52,52,3091,2272,1282,6645
directed_cut,synthetic_n200_p0.1,3,60,53,53,3126,2295,1256,6677
directed_cut,synthetic_n200_p0.1,3,60,54,54,3160,2337,1202,6699
directed_cut,synthetic_n200_p0.1,3,60,55,55,3194,2374,1162,6730
directed_cut,synthetic_n200_p0.1,3,60,56,56,3227,2410,1124,6761
directed_cut,synthetic_n200_p0.1,3,60,57,57,3259,2444,1080,6783
directed_cut,synthetic_n200_p0.1,3,60,58,58,3290,2482,1012,6784
directed_cut,synthetic_n200_p0.1,3,60,59,59,3320,2516,997,6833
directed_cut,synthetic_n200_p0.1,3,60,60,60,3350,2543,932,6825
directed_cut,synthetic_n200_p0.1,3,65,0,0,0,0,4212,4212
directed_cut,synthetic_n200_p0.1,3,65,1,1,92,70,4141,4303
directed_cut,synthetic_n200_p0.1,3,65,2,2,183,115,4063,4361
directed_cut,synthetic_n200_p0.1,3,65,3,3,273,153,3994,4420
directed_cut,synthetic_n200_p0.1,3,65,4,4,361,190,3925,4476
directed_cut,synthetic_n200_p0.1,3,65,5,5,445,228,3861,4534
directed_cut,synthetic_n200_p0.1,3,65,6,6,527,293,3792,4612
directed_cut,synthetic_n200_p0.1,3,65,7,7,609,354,3734,4697
directed_cut,synthetic_n200_p0.1,3,65,8,8,688,389,3675,4752
directed_cut,synthetic_n200_p0.1,3,65,9,9,767,429,3619,4815
directed_cut,synthetic_n200_p0.1,3,65,10,10,845,449,3562,4856
directed_cut,synthetic_n200_p0.1,3,65,11,11,921,474,3500,4895
directed_cut,synthetic_n200_p0.1,3,65,12,12,992,533,3446,4971
directed_cut,synthetic_n200_p0.1,3,65,13,13,1063,581,3378,5022
directed_cut,synthetic_n200_p0.1,3,65,14,14,1131,618,3324,5073
directed_cut,synthetic_n200_p0.1,3,65,15,15,1199,672,3256,5127
directed_cut,synthetic_n200_p0.1,3,65,16,16,1266,709,3198,5173
directed_cut,synthetic_n200_p0.1,3,65,17,17,1333,747,3134,5214
directed_cut,synthetic_n200_p0.1,3,65,18,18,1400,784,3076,5260
directed_cut,synthetic_n200_p0.1,3,65,19,19,1466,837,3013,5316
directed_cut,synthetic_n200_p0.1,3,65,20,20,1531,880,2965,5376
directed_cut,synthetic_n200_p0.1,3,65,21,21,1595,912,2912,5419
directed_cut,synthetic_n200_p0.1,3,65,22,22,1658,958,2852,5468
directed_cut,synthetic_n200_p0.1,3,65,23,23,1721,1002,2785,5508
directed_cut,synthetic_n200_p0.1,3,65,24,24,1783,1039,2735,5557
directed_cut,synthetic_n200_p0.1,3,65,25,25,1843,1069,2691,5603
directed_cut,synthetic_n200_p0.1,3,65,26,26,1901,1131,2623,5655
directed_cut,synthetic_n200_p0.1,3,65,27,27,1959,1162,2559,5680
directed_cut,synthetic_n200_p0.1,3,65,28,28,2016,1226,2511,5753
directed_cut,synthetic_n200_p0.1,3,65,29,29,2072,1258,2455,5785
directed_cut,synthetic_n200_p0.1,3,65,30,30,2128,1319,2409,5856
directed_cut,synthetic_n200_p0.1,3,65,31,31,2181,1381,2341,5903
directed_cut,synthetic_n200_p0.1,3,65,32,32,2233,1418,2291,5942
directed_cut,synthetic_n200_p0.1,3,65,33,33,2284,1488,2234,6006
directed_cut,synthetic_n200_p0.1,3,65,34,34,2334,1541,2173,6048
directed_cut,synthetic_n200_p0.1,3,65,35,35,2382,1576,2124,6082
directed_cut,synthetic_n200_p0.1,3,65,36,36,2429,1612,2080,6121
directed_cut,synthetic_n200_p0.1,3,65,37,37,2476,1656,2025,6157
directed_cut,synthetic_n200_p0.1,3,65,38,38,2522,1701,1973,6196
directed_cut,synthetic_n200_p0.1,3,65,39,39,2566,1761,1926,6253
directed_cut,synthetic_n200_p0.1,3,65,40,40,2610,1808,1893,6311
directed_cut,synthetic_n200_p0.1,3,65,41,41,2653,1847,1853,6353
directed_cut,synthetic_n200_p0.1,3,65,42,42,2695,1887,1806,6388
directed_cut,synthetic_n200_p0.1,3,65,43,43,2737,1942,1751,6430
directed_cut,synthetic_n200_p0.1,3,65,44,44,2778,1997,1698,6473
directed_cut,synthetic_n200_p0.1,3,65,45,45,2819,2053,1653,6525
directed_cut,synthetic_n200_p0.1,3,65,46,46,2860,2063,1612,6535
directed_cut,synthetic_n200_p0.1,3,65,47,47,2901,2112,1573,6586
directed_cut,synthetic_n200_p0.1,3,65,48,48,2941,2139,1531,6611
directed_cut,synthetic_n200_p0.1,3,65,49,49,2980,2171,1484,6635
directed_cut,synthetic_n200_p0.1,3,65,50,50,3019,2201,1434,6654
directed_cut,synthetic_n200_p0.1,3,65,51,51,3056,2246,1370,6672
directed_cut,synthetic_n200_p0.1,3,65,52,52,3091,2272,1339,6702
directed_cut,synthetic_n200_p0.1,3,65,53,53,3126,2295,1309,6730
directed_cut,synthetic_n200_p0.1,3,65,54,54,3160,2337,1251,6748
directed_cut,synthetic_n200_p0.1,3,65,55,55,3194,2374,1209,6777
directed_cut,synthetic_n200_p0.1,3,65,56,56,3227,2410,1168,6805
directed_cut,synthetic_n200_p0.1,3,65,57,57,3259,2444,1119,6822
directed_cut,synthetic_n200_p0.1,3,65,58,58,3290,2482,1048,6820
directed_cut,synthetic_n200_p0.1,3,65,59,59,3320,2516,1030,6866
directed_cut,synthetic_n200_p0.1,3,65,60,60,3350,2543,962,6855
directed_cut,synthetic_n200_p0.1,3,65,61,61,3379,2592,905,6876
directed_cut,synthetic_n200_p0.1,3,65,62,62,3407,2625,873,6905
directed_cut,synthetic_n200_p0.1,3,65,63,63,3435,2699,816,6950
directed_cut,synthetic_n200_p0.1,3,65,64,64,3463,2715,780,6958
directed_cut,synthetic_n200_p0.1,3,65,65,65,3491,2772,719,6982
directed_cut,synthetic_n200_p0.1,3,70,0,0,0,0,4444,4444
directed_cut,synthetic_n200_p0.1,3,70,1,1,92,70,4371,4533
directed_cut,synthetic_n200_p0.1,3,70,2,2,183,115,4287,4585
directed_cut,synthetic_n200_p0.1,3,70,3,3,273,153,4215,4641
directed_cut,synthetic_n200_p0.1,3,70,4,4,361,190,4143,4694
directed_cut,synthetic_n200_p0.1,3,70,5,5,445,228,4077,4750
directed_cut,synthetic_n200_p0.1,3,70,6,6,527,293,3998,4818
directed_cut,synthetic_n200_p0.1,3,70,7,7,609,354,3937,4900
directed_cut,synthetic_n200_p0.1,3,70,8,8,688,389,3873,4950
directed_cut,synthetic_n200_p0.1,3,70,9,9,767,429,3816,5012
directed_cut,synthetic_n200_p0.1,3,70,10,10,845,449,3756,5050
directed_cut,synthetic_n200_p0.1,3,70,11,11,921,474,3693,5088
directed_cut,synthetic_n200_p0.1,3,70,12,12,992,533,3636,5161
directed_cut,synthetic_n200_p0.1,3,70,13,13,1063,581,3566,5210
directed_cut,synthetic_n200_p0.1,3,70,14,14,1131,618,3504,5253
directed_cut,synthetic_n200_p0.1,3,70,15,15,1199,672,3434,5305
directed_cut,synthetic_n200_p0.1,3,70,16,16,1266,709,3373,5348
directed_cut,synthetic_n200_p0.1,3,70,17,17,1333,747,3306,5386
directed_cut,synthetic_n200_p0.1,3,70,18,18,1400,784,3246,5430
directed_cut,synthetic_n200_p0.1,3,70,19,19,1466,837,3180,5483
directed_cut,synthetic_n200_p0.1,3,70,20,20,1531,880,3127,5538
directed_cut,synthetic_n200_p0.1,3,70,21,21,1595,912,3067,5574
directed_cut,synthetic_n200_p0.1,3,70,22,22,1658,958,3003,5619
directed_cut,synthetic_n200_p0.1,3,70,23,23,1721,1002,2932,5655
directed_cut,synthetic_n200_p0.1,3,70,24,24,1783,1039,2878,5700
directed_cut,synthetic_n200_p0.1,3,70,25,25,1843,1069,2831,5743
directed_cut,synthetic_n200_p0.1,3,70,26,26,1901,1131,2761,5793
directed_cut,synthetic_n200_p0.1,3,70,27,27,1959,1162,2694,5815
directed_cut,synthetic_n200_p0.1,3,70,28,28,2016,1226,2645,5887
directed_cut,synthetic_n200_p0.1,3,70,29,29,2072,1258,2583,5913
directed_cut,synthetic_n200_p0.1,3,70,30,30,2128,1319,2530,5977
directed_cut,synthetic_n200_p0.1,3,70,31,31,2181,1381,2459,6021
directed_cut,synthetic_n200_p0.1,3,70,32,32,2233,1418,2404,6055
directed_cut,synthetic_n200_p0.1,3,70,33,33,2284,1488,2342,6114
directed_cut,synthetic_n200_p0.1,3,70,34,34,2334,1541,2279,6154
directed_cut,synthetic_n200_p0.1,3,70,35,35,2382,1576,2229,6187
directed_cut,synthetic_n200_p0.1,3,70,36,36,2429,1612,2183,6224
directed_cut,synthetic_n200_p0.1,3,70,37,37,2476,1656,2123,6255
directed_cut,synthetic_n200_p0.1,3,70,38,38,2522,1701,2066,6289
directed_cut,synthetic_n200_p0.1,3,70,39,39,2566,1761,2019,6346
directed_cut,synthetic_n200_p0.1,3,70,40,40,2610,1808,1985,6403
directed_cut,synthetic_n200_p0.1,3,70,41,41,2653,1847,1941,6441
directed_cut,synthetic_n200_p0.1,3,70,42,42,2695,1887,1891,6473
directed_cut,synthetic_n200_p0.1,3,70,43,43,2737,1942,1835,6514
directed_cut,synthetic_n200_p0.1,3,70,44,44,2778,1997,1774,6549
directed_cut,synthetic_n200_p0.1,3,70,45,45,2819,2053,1726,6598
directed_cut,synthetic_n200_p0.1,3,70,46,46,2860,2063,1679,6602
directed_cut,synthetic_n200_p0.1,3,70,47,47,2901,2112,1635,6648
directed_cut,synthetic_n200_p0.1,3,70,48,48,2941,2139,1588,6668
directed_cut,synthetic_n200_p0.1,3,70,49,49,2980,2171,1539,6690
directed_cut,synthetic_n200_p0.1,3,70,50,50,3019,2201,1489,6709
directed_cut,synthetic_n200_p0.1,3,70,51,51,3056,2246,1424,6726
directed_cut,synthetic_n200_p0.1,3,70,52,52,3091,2272,1391,6754
directed_cut,synthetic_n200_p0.1,3,70,53,53,3126,2295,1355,6776
directed_cut,synthetic_n200_p0.1,3,70,54,54,3160,2337,1294,6791
directed_cut,synthetic_n200_p0.1,3,70,55,55,3194,2374,1251,6819
directed_cut,synthetic_n200_p0.1,3,70,56,56,3227,2410,1207,6844
directed_cut,synthetic_n200_p0.1,3,70,57,57,3259,2444,1154,6857
directed_cut,synthetic_n200_p0.1,3,70,58,58,3290,2482,1079,6851
directed_cut,synthetic_n200_p0.1,3,70,59,59,3320,2516,1059,6895
directed_cut,synthetic_n200_p0.1,3,70,60,60,3350,2543,986,6879
directed_cut,synthetic_n200_p0.1,3,70,61,61,3379,2592,925,6896
directed_cut,synthetic_n200_p0.1,3,70,62,62,3407,2625,892,6924
directed_cut,synthetic_n200_p0.1,3,70,63,63,3435,2699,829,6963
directed_cut,synthetic_n200_p0.1,3,70,64,64,3463,2715,791,6969
directed_cut,synthetic_n200_p0.1,3,70,65,65,3491,2772,729,6992
directed_cut,synthetic_n200_p0.1,3,70,66,66,3519,2819,676,7014
directed_cut,synthetic_n200_p0.1,3,70,67,67,3544,2851,616,7011
directed_cut,synthetic_n200_p0.1,3,70,68,68,3568,2873,574,7015
directed_cut,synthetic_n200_p0.1,3,70,69,69,3590,2928,509,7027
directed_cut,synthetic_n200_p0.1,3,70,70,70,3612,2961,477,7050
directed_cut,synthetic_n200_p0.1,3,75,0,0,0,0,4671,4671
directed_cut,synthetic_n200_p0.1,3,75,1,1,92,70,4593,4755
directed_cut,synthetic_n200_p0.1,3,75,2,2,183,115,4504,4802
directed_cut,synthetic_n200_p0.1,3,75,3,3,273,153,4430,4856
directed_cut,synthetic_n200_p0.1,3,75,4,4,361,190,4356,4907
directed_cut,synthetic_n200_p0.1,3,75,5,5,445,228,4284,4957
directed_cut,synthetic_n200_p0.1,3,75,6,6,527,293,4200,5020
directed_cut,synthetic_n200_p0.1,3,75,7,7,609,354,4132,5095
directed_cut,synthetic_n200_p0.1,3,75,8,8,688,389,4064,5141
directed_cut,synthetic_n200_p0.1,3,75,9,9,767,429,4007,5203
directed_cut,synthetic_n200_p0.1,3,75,10,10,845,449,3946,5240
directed_cut,synthetic_n200_p0.1,3,75,11,11,921,474,3882,5277
directed_cut,synthetic_n200_p0.1,3,75,12,12,992,533,3818,5343
directed_cut,synthetic_n200_p0.1,3,75,13,13,1063,581,3746,5390
directed_cut,synthetic_n200_p0.1,3,75,14,14,1131,618,3678,5427
directed_cut,synthetic_n200_p0.1,3,75,15,15,1199,672,3606,5477
directed_cut,synthetic_n200_p0.1,3,75,16,16,1266,709,3543,5518
directed_cut,synthetic_n200_p0.1,3,75,17,17,1333,747,3476,5556
directed_cut,synthetic_n200_p0.1,3,75,18,18,1400,784,3409,5593
directed_cut,synthetic_n200_p0.1,3,75,19,19,1466,837,3337,5640
directed_cut,synthetic_n200_p0.1,3,75,20,20,1531,880,3281,5692
directed_cut,synthetic_n200_p0.1,3,75,21,21,1595,912,3217,5724
directed_cut,synthetic_n200_p0.1,3,75,22,22,1658,958,3151,5767
directed_cut,synthetic_n200_p0.1,3,75,23,23,1721,1002,3073,5796
directed_cut,synthetic_n200_p0.1,3,75,24,24,1783,1039,3014,5836
directed_cut,synthetic_n200_p0.1,3,75,25,25,1843,1069,2966,5878
directed_cut,synthetic_n200_p0.1,3,75,26,26,1901,1131,2896,5928
directed_cut,synthetic_n200_p0.1,3,75,27,27,1959,1162,2825,5946
directed_cut,synthetic_n200_p0.1,3,75,28,28,2016,1226,2773,6015
directed_cut,synthetic_n200_p0.1,3,75,29,29,2072,1258,2705,6035
directed_cut,synthetic_n200_p0.1,3,75,30,30,2128,1319,2646,6093
directed_cut,synthetic_n200_p0.1,3,75,31,31,2181,1381,2570,6132
directed_cut,synthetic_n200_p0.1,3,75,32,32,2233,1418,2511,6162
directed_cut,synthetic_n200_p0.1,3,75,33,33,2284,1488,2447,6219
directed_cut,synthetic_n200_p0.1,3,75,34,34,2334,1541,2384,6259
directed_cut,synthetic_n200_p0.1,3,75,35,35,2382,1576,2331,6289
directed_cut,synthetic_n200_p0.1,3,75,36,36,2429,1612,2280,6321
directed_cut,synthetic_n200_p0.1,3,75,37,37,2476,1656,2218,6350
directed_cut,synthetic_n200_p0.1,3,75,38,38,2522,1701,2154,6377
directed_cut,synthetic_n200_p0.1,3,75,39,39,2566,1761,2107,6434
directed_cut,synthetic_n200_p0.1,3,75,40,40,2610,1808,2072,6490
directed_cut,synthetic_n200_p0.1,3,75,41,41,2653,1847,2026,6526
directed_cut,synthetic_n200_p0.1,3,75,42,42,2695,1887,1973,6555
directed_cut,synthetic_n200_p0.1,3,75,43,43,2737,1942,1912,6591
directed_cut,synthetic_n200_p0.1,3,75,44,44,2778,1997,1844,6619
directed_cut,synthetic_n200_p0.1,3,75,45,45,2819,2053,1788,6660
directed_cut,synthetic_n200_p0.1,3,75,46,46,2860,2063,1740,6663
directed_cut,synthetic_n200_p0.1,3,75,47,47,2901,2112,1691,6704
directed_cut,synthetic_n200_p0.1,3,75,48,48,2941,2139,1642,6722
directed_cut,synthetic_n200_p0.1,3,75,49,49,2980,2171,1591,6742
directed_cut,synthetic_n200_p0.1,3,75,50,50,3019,2201,1536,6756
directed_cut,synthetic_n200_p0.1,3,75,51,51,3056,2246,1469,6771
directed_cut,synthetic_n200_p0.1,3,75,52,52,3091,2272,1431,6794
directed_cut,synthetic_n200_p0.1,3,75,53,53,3126,2295,1393,6814
directed_cut,synthetic_n200_p0.1,3,75,54,54,3160,2337,1331,6828
directed_cut,synthetic_n200_p0.1,3,75,55,55,3194,2374,1287,6855
directed_cut,synthetic_n200_p0.1,3,75,56,56,3227,2410,1241,6878
directed_cut,synthetic_n200_p0.1,3,75,57,57,3259,2444,1184,6887
directed_cut,synthetic_n200_p0.1,3,75,58,58,3290,2482,1104,6876
directed_cut,synthetic_n200_p0.1,3,75,59,59,3320,2516,1081,6917
directed_cut,synthetic_n200_p0.1,3,75,60,60,3350,2543,1001,6894
directed_cut,synthetic_n200_p0.1,3,75,61,61,3379,2592,940,6911
directed_cut,synthetic_n200_p0.1,3,75,62,62,3407,2625,905,6937
directed_cut,synthetic_n200_p0.1,3,75,63,63,3435,2699,839,6973
directed_cut,synthetic_n200_p0.1,3,75,64,64,3463,2715,801,6979
directed_cut,synthetic_n200_p0.1,3,75,65,65,3491,2772,737,7000
directed_cut,synthetic_n200_p0.1,3,75,66,66,3519,2819,676,7014
directed_cut,synthetic_n200_p0.1,3,75,67,67,3544,2851,616,7011
directed_cut,synthetic_n200_p0.1,3,75,68,68,3568,2873,574,7015
directed_cut,synthetic_n200_p0.1,3,75,69,69,3590,2928,509,7027
directed_cut,synthetic_n200_p0.1,3,75,70,70,3612,2961,477,7050
directed_cut,synthetic_n200_p0.1,3,75,71,71,3633,2993,435,7061
directed_cut,synthetic_n200_p0.1,3,75,72,72,3653,3022,409,7084
directed_cut,synthetic_n200_p0.1,3,75,73,73,3673,3096,366,7135
directed_cut,synthetic_n200_p0.1,3,75,74,74,3692,3133,347,7172
directed_cut,synthetic_n200_p0.1,3,75,75,75,3711,3175,318,7204
directed_cut,synthetic_n200_p0.1,3,80,0,0,0,0,4893,4893
directed_cut,synthetic_n200_p0.1,3,80,1,1,92,70,4809,4971
directed_cut,synthetic_n200_p0.1,3,80,2,2,183,115,4716,5014
directed_cut,synthetic_n200_p0.1,3,80,3,3,273,153,4638,5064
directed_cut,synthetic_n200_p0.1,3,80,4,4,361,190,4561,5112
directed_cut,synthetic_n200_p0.1,3,80,5,5,445,228,4489,5162
directed_cut,synthetic_n200_p0.1,3,80,6,6,527,293,4395,5215
directed_cut,synthetic_n200_p0.1,3,80,7,7,609,354,4322,5285
directed_cut,synthetic_n200_p0.1,3,80,8,8,688,389,4253,5330
directed_cut,synthetic_n200_p0.1,3,80,9,9,767,429,4195,5391
directed_cut,synthetic_n200_p0.1,3,80,10,10,845,449,4129,5423
directed_cut,synthetic_n200_p0.1,3,80,11,11,921,474,4062,5457
directed_cut,synthetic_n200_p0.1,3,80,12,12,992,533,3994,5519
directed_cut,synthetic_n200_p0.1,3,80,13,13,1063,581,3920,5564
directed_cut,synthetic_n200_p0.1,3,80,14,14,1131,618,3848,5597
directed_cut,synthetic_n200_p0.1,3,80,15,15,1199,672,3775,5646
directed_cut,synthetic_n200_p0.1,3,80,16,16,1266,709,3709,5684
directed_cut,synthetic_n200_p0.1,3,80,17,17,1333,747,3639,5719
directed_cut,synthetic_n200_p0.1,3,80,18,18,1400,784,3564,5748
directed_cut,synthetic_n200_p0.1,3,80,19,19,1466,837,3487,5790
directed_cut,synthetic_n200_p0.1,3,80,20,20,1531,880,3430,5841
directed_cut,synthetic_n200_p0.1,3,80,21,21,1595,912,3363,5870
directed_cut,synthetic_n200_p0.1,3,80,22,22,1658,958,3292,5908
directed_cut,synthetic_n200_p0.1,3,80,23,23,1721,1002,3208,5931
directed_cut,synthetic_n200_p0.1,3,80,24,24,1783,1039,3148,5970
directed_cut,synthetic_n200_p0.1,3,80,25,25,1843,1069,3098,6010
directed_cut,synthetic_n200_p0.1,3,80,26,26,1901,1131,3027,6059
directed_cut,synthetic_n200_p0.1,3,80,27,27,1959,1162,2951,6072
directed_cut,synthetic_n200_p0.1,3,80,28,28,2016,1226,2895,6137
directed_cut,synthetic_n200_p0.1,3,80,29,29,2072,1258,2822,6152
directed_cut,synthetic_n200_p0.1,3,80,30,30,2128,1319,2755,6202
directed_cut,synthetic_n200_p0.1,3,80,31,31,2181,1381,2676,6238
directed_cut,synthetic_n200_p0.1,3,80,32,32,2233,1418,2616,6267
directed_cut,synthetic_n200_p0.1,3,80,33,33,2284,1488,2548,6320
directed_cut,synthetic_n200_p0.1,3,80,34,34,2334,1541,2483,6358
directed_cut,synthetic_n200_p0.1,3,80,35,35,2382,1576,2427,6385
directed_cut,synthetic_n200_p0.1,3,80,36,36,2429,1612,2371,6412
directed_cut,synthetic_n200_p0.1,3,80,37,37,2476,1656,2306,6438
directed_cut,synthetic_n200_p0.1,3,80,38,38,2522,1701,2239,6462
directed_cut,synthetic_n200_p0.1,3,80,39,39,2566,1761,2192,6519
directed_cut,synthetic_n200_p0.1,3,80,40,40,2610,1808,2156,6574
directed_cut,synthetic_n200_p0.1,3,80,41,41,2653,1847,2106,6606
directed_cut,synthetic_n200_p0.1,3,80,42,42,2695,1887,2049,6631
directed_cut,synthetic_n200_p0.1,3,80,43,43,2737,1942,1980,6659
directed_cut,synthetic_n200_p0.1,3,80,44,44,2778,1997,1904,6679
directed_cut,synthetic_n200_p0.1,3,80,45,45,2819,2053,1845,6717
directed_cut,synthetic_n200_p0.1,3,80,46,46,2860,2063,1795,6718
directed_cut,synthetic_n200_p0.1,3,80,47,47,2901,2112,1743,6756
directed_cut,synthetic_n200_p0.1,3,80,48,48,2941,2139,1690,6770
directed_cut,synthetic_n200_p0.1,3,80,49,49,2980,2171,1637,6788
directed_cut,synthetic_n200_p0.1,3,80,50,50,3019,2201,1574,6794
directed_cut,synthetic_n200_p0.1,3,80,51,51,3056,2246,1506,6808
directed_cut,synthetic_n200_p0.1,3,80,52,52,3091,2272,1466,6829
directed_cut,synthetic_n200_p0.1,3,80,53,53,3126,2295,1427,6848
directed_cut,synthetic_n200_p0.1,3,80,54,54,3160,2337,1361,6858
directed_cut,synthetic_n200_p0.1,3,80,55,55,3194,2374,1316,6884
directed_cut,synthetic_n200_p0.1,3,80,56,56,3227,2410,1268,6905
directed_cut,synthetic_n200_p0.1,3,80,57,57,3259,2444,1208,6911
directed_cut,synthetic_n200_p0.1,3,80,58,58,3290,2482,1121,6893
directed_cut,synthetic_n200_p0.1,3,80,59,59,3320,2516,1096,6932
directed_cut,synthetic_n200_p0.1,3,80,60,60,3350,2543,1012,6905
directed_cut,synthetic_n200_p0.1,3,80,61,61,3379,2592,950,6921
directed_cut,synthetic_n200_p0.1,3,80,62,62,3407,2625,911,6943
directed_cut,synthetic_n200_p0.1,3,80,63,63,3435,2699,840,6974
directed_cut,synthetic_n200_p0.1,3,80,64,64,3463,2715,802,6980
directed_cut,synthetic_n200_p0.1,3,80,65,65,3491,2772,738,7001
directed_cut,synthetic_n200_p0.1,3,80,66,66,3519,2819,676,7014
directed_cut,synthetic_n200_p0.1,3,80,67,67,3544,2851,616,7011
directed_cut,synthetic_n200_p0.1,3,80,68,68,3568,2873,574,7015
directed_cut,synthetic_n200_p0.1,3,80,69,69,3590,2928,509,7027
directed_cut,synthetic_n200_p0.1,3,80,70,70,3612,2961,477,7050
directed_cut,synthetic_n200_p0.1,3,80,71,71,3633,2993,435,7061
directed_cut,synthetic_n200_p0.1,3,80,72,72,3653,3022,409,7084
directed_cut,synthetic_n200_p0.1,3,80,73,73,3673,3096,366,7135
directed_cut,synthetic_n200_p0.1,3,80,74,74,3692,3133,347,7172
directed_cut,synthetic_n200_p0.1,3,80,75,75,3711,3175,318,7204
directed_cut,synthetic_n200_p0.1,3,80,76,76,3730,3229,285,7244
directed_cut,synthetic_n200_p0.1,3,80,77,77,3748,3281,249,7278
directed_cut,synthetic_n200_p0.1,3,80,78,78,3766,3313,232,7311
directed_cut,synthetic_n200_p0.1,3,80,79,79,3783,3367,216,7366
directed_cut,synthetic_n200_p0.1,3,80,80,80,3799,3419,181,7399
directed_cut,synthetic_n200_p0.1,3,85,0,0,0,0,5108,5108
directed_cut,synthetic_n200_p0.1,3,85,1,1,92,70,5019,5181
directed_cut,synthetic_n200_p0.1,3,85,2,2,183,115,4923,5221
directed_cut,synthetic_n200_p0.1,3,85,3,3,273,153,4841,5267
directed_cut,synthetic_n200_p0.1,3,85,4,4,361,190,4762,5313
directed_cut,synthetic_n200_p0.1,3,85,5,5,445,228,4686,5359
directed_cut,synthetic_n200_p0.1,3,85,6,6,527,293,4584,5404
directed_cut,synthetic_n200_p0.1,3,85,7,7,609,354,4508,5471
directed_cut,synthetic_n200_p0.1,3,85,8,8,688,389,4432,5509
directed_cut,synthetic_n200_p0.1,3,85,9,9,767,429,4374,5570
directed_cut,synthetic_n200_p0.1,3,85,10,10,845,449,4307,5601
directed_cut,synthetic_n200_p0.1,3,85,11,11,921,474,4235,5630
directed_cut,synthetic_n200_p0.1,3,85,12,12,992,533,4164,5689
directed_cut,synthetic_n200_p0.1,3,85,13,13,1063,581,4089,5733
directed_cut,synthetic_n200_p0.1,3,85,14,14,1131,618,4010,5759
directed_cut,synthetic_n200_p0.1,3,85,15,15,1199,672,3935,5806
directed_cut,synthetic_n200_p0.1,3,85,16,16,1266,709,3865,5840
directed_cut,synthetic_n200_p0.1,3,85,17,17,1333,747,3793,5873
directed_cut,synthetic_n200_p0.1,3,85,18,18,1400,784,3713,5897
directed_cut,synthetic_n200_p0.1,3,85,19,19,1466,837,3632,5935
directed_cut,synthetic_n200_p0.1,3,85,20,20,1531,880,3573,5984
directed_cut,synthetic_n200_p0.1,3,85,21,21,1595,912,3500,6007
directed_cut,synthetic_n200_p0.1,3,85,22,22,1658,958,3425,6041
directed_cut,synthetic_n200_p0.1,3,85,23,23,1721,1002,3339,6062
directed_cut,synthetic_n200_p0.1,3,85,24,24,1783,1039,3278,6100
directed_cut,synthetic_n200_p0.1,3,85,25,25,1843,1069,3226,6138
directed_cut,synthetic_n200_p0.1,3,85,26,26,1901,1131,3153,6185
directed_cut,synthetic_n200_p0.1,3,85,27,27,1959,1162,3072,6193
directed_cut,synthetic_n200_p0.1,3,85,28,28,2016,1226,3011,6253
directed_cut,synthetic_n200_p0.1,3,85,29,29,2072,1258,2935,6265
directed_cut,synthetic_n200_p0.1,3,85,30,30,2128,1319,2860,6307
directed_cut,synthetic_n200_p0.1,3,85,31,31,2181,1381,2781,6343
directed_cut,synthetic_n200_p0.1,3,85,32,32,2233,1418,2716,6367
directed_cut,synthetic_n200_p0.1,3,85,33,33,2284,1488,2644,6416
directed_cut,synthetic_n200_p0.1,3,85,34,34,2334,1541,2577,6452
directed_cut,synthetic_n200_p0.1,3,85,35,35,2382,1576,2519,6477
directed_cut,synthetic_n200_p0.1,3,85,36,36,2429,1612,2457,6498
directed_cut,synthetic_n200_p0.1,3,85,37,37,2476,1656,2391,6523
directed_cut,synthetic_n200_p0.1,3,85,38,38,2522,1701,2318,6541
directed_cut,synthetic_n200_p0.1,3,85,39,39,2566,1761,2274,6601
directed_cut,synthetic_n200_p0.1,3,85,40,40,2610,1808,2233,6651
directed_cut,synthetic_n200_p0.1,3,85,41,41,2653,1847,2180,6680
directed_cut,synthetic_n200_p0.1,3,85,42,42,2695,1887,2116,6698
directed_cut,synthetic_n200_p0.1,3,85,43,43,2737,1942,2040,6719
directed_cut,synthetic_n200_p0.1,3,85,44,44,2778,1997,1960,6735
directed_cut,synthetic_n200_p0.1,3,85,45,45,2819,2053,1899,6771
directed_cut,synthetic_n200_p0.1,3,85,46,46,2860,2063,1847,6770
directed_cut,synthetic_n200_p0.1,3,85,47,47,2901,2112,1789,6802
directed_cut,synthetic_n200_p0.1,3,85,48,48,2941,2139,1730,6810
directed_cut,synthetic_n200_p0.1,3,85,49,49,2980,2171,1675,6826
directed_cut,synthetic_n200_p0.1,3,85,50,50,3019,2201,1608,6828
directed_cut,synthetic_n200_p0.1,3,85,51,51,3056,2246,1539,6841
directed_cut,synthetic_n200_p0.1,3,85,52,52,3091,2272,1496,6859
directed_cut,synthetic_n200_p0.1,3,85,53,53,3126,2295,1452,6873
directed_cut,synthetic_n200_p0.1,3,85,54,54,3160,2337,1385,6882
directed_cut,synthetic_n200_p0.1,3,85,55,55,3194,2374,1339,6907
directed_cut,synthetic_n200_p0.1,3,85,56,56,3227,2410,1287,6924
directed_cut,synthetic_n200_p0.1,3,85,57,57,3259,2444,1224,6927
directed_cut,synthetic_n200_p0.1,3,85,58,58,3290,2482,1135,6907
directed_cut,synthetic_n200_p0.1,3,85,59,59,3320,2516,1108,6944
directed_cut,synthetic_n200_p0.1,3,85,60,60,3350,2543,1012,6905
directed_cut,synthetic_n200_p0.1,3,85,61,61,3379,2592,950,6921
directed_cut,synthetic_n200_p0.1,3,85,62,62,3407,2625,911,6943
directed_cut,synthetic_n200_p0.1,3,85,63,63,3435,2699,840,6974
directed_cut,synthetic_n200_p0.1,3,85,64,64,3463,2715,802,6980
directed_cut,synthetic_n200_p0.1,3,85,65,65,3491,2772,738,7001
directed_cut,synthetic_n200_p0.1,3,85,66,66,3519,2819,676,7014
directed_cut,synthetic_n200_p0.1,3,85,67,67,3544,2851,616,7011
directed_cut,synthetic_n200_p0.1,3,85,68,68,3568,2873,574,7015
directed_cut,synthetic_n200_p0.1,3,85,69,69,3590,2928,509,7027
directed_cut,synthetic_n200_p0.1,3,85,70,70,3612,2961,477,7050
directed_cut,synthetic_n200_p0.1,3,85,71,71,3633,2993,435,7061
directed_cut,synthetic_n200_p0.1,3,85,72,72,3653,3022,409,7084
directed_cut,synthetic_n200_p0.1,3,85,73,73,3673,3096,366,7135
directed_cut,synthetic_n200_p0.1,3,85,74,74,3692,3133,347,7172
directed_cut,synthetic_n200_p0.1,3,85,75,75,3711,3175,318,7204
directed_cut,synthetic_n200_p0.1,3,85,76,76,3730,3229,285,7244
directed_cut,synthetic_n200_p0.1,3,85,77,77,3748,3281,249,7278
directed_cut,synthetic_n200_p0.1,3,85,78,78,3766,3313,232,7311
directed_cut,synthetic_n200_p0.1,3,85,79,79,3783,3367,216,7366
directed_cut,synthetic_n200_p0.1,3,85,80,80,3799,3419,181,7399
directed_cut,synthetic_n200_p0.1,3,85,81,81,3814,3444,162,7420
directed_cut,synthetic_n200_p0.1,3,85,82,82,3826,3478,145,7449
directed_cut,synthetic_n200_p0.1,3,85,83,83,3838,3525,128,7491
directed_cut,synthetic_n200_p0.1,3,85,84,84,3850,3560,108,7518
directed_cut,synthetic_n200_p0.1,3,85,85,85,3862,3586,93,7541
directed_cut,synthetic_n200_p0.1,3,90,0,0,0,0,5319,5319
directed_cut,synthetic_n200_p0.1,3,90,1,1,92,70,5224,5386
directed_cut,synthetic_n200_p0.1,3,90,2,2,183,115,5124,5422
directed_cut,synthetic_n200_p0.1,3,90,3,3,273,153,5037,5463
directed_cut,synthetic_n200_p0.1,3,90,4,4,361,190,4955,5506
directed_cut,synthetic_n200_p0.1,3,90,5,5,445,228,4878,5551
directed_cut,synthetic_n200_p0.1,3,90,6,6,527,293,4767,5587
directed_cut,synthetic_n200_p0.1,3,90,7,7,609,354,4684,5647
directed_cut,synthetic_n200_p0.1,3,90,8,8,688,389,4604,5681
directed_cut,synthetic_n200_p0.1,3,90,9,9,767,429,4546,5742
directed_cut,synthetic_n200_p0.1,3,90,10,10,845,449,4480,5774
directed_cut,synthetic_n200_p0.1,3,90,11,11,921,474,4403,5798
directed_cut,synthetic_n200_p0.1,3,90,12,12,992,533,4324,5849
directed_cut,synthetic_n200_p0.1,3,90,13,13,1063,581,4248,5892
directed_cut,synthetic_n200_p0.1,3,90,14,14,1131,618,4162,5911
directed_cut,synthetic_n200_p0.1,3,90,15,15,1199,672,4086,5957
directed_cut,synthetic_n200_p0.1,3,90,16,16,1266,709,4015,5990
directed_cut,synthetic_n200_p0.1,3,90,17,17,1333,747,3942,6022
directed_cut,synthetic_n200_p0.1,3,90,18,18,1400,784,3858,6042
directed_cut,synthetic_n200_p0.1,3,90,19,19,1466,837,3772,6075
directed_cut,synthetic_n200_p0.1,3,90,20,20,1531,880,3707,6118
directed_cut,synthetic_n200_p0.1,3,90,21,21,1595,912,3631,6138
directed_cut,synthetic_n200_p0.1,3,90,22,22,1658,958,3554,6170
directed_cut,synthetic_n200_p0.1,3,90,23,23,1721,1002,3465,6188
directed_cut,synthetic_n200_p0.1,3,90,24,24,1783,1039,3403,6225
directed_cut,synthetic_n200_p0.1,3,90,25,25,1843,1069,3349,6261
directed_cut,synthetic_n200_p0.1,3,90,26,26,1901,1131,3274,6306
directed_cut,synthetic_n200_p0.1,3,90,27,27,1959,1162,3188,6309
directed_cut,synthetic_n200_p0.1,3,90,28,28,2016,1226,3119,6361
directed_cut,synthetic_n200_p0.1,3,90,29,29,2072,1258,3041,6371
directed_cut,synthetic_n200_p0.1,3,90,30,30,2128,1319,2962,6409
directed_cut,synthetic_n200_p0.1,3,90,31,31,2181,1381,2881,6443
directed_cut,synthetic_n200_p0.1,3,90,32,32,2233,1418,2811,6462
directed_cut,synthetic_n200_p0.1,3,90,33,33,2284,1488,2736,6508
directed_cut,synthetic_n200_p0.1,3,90,34,34,2334,1541,2666,6541
directed_cut,synthetic_n200_p0.1,3,90,35,35,2382,1576,2606,6564
directed_cut,synthetic_n200_p0.1,3,90,36,36,2429,1612,2537,6578
directed_cut,synthetic_n200_p0.1,3,90,37,37,2476,1656,2468,6600
directed_cut,synthetic_n200_p0.1,3,90,38,38,2522,1701,2391,6614
directed_cut,synthetic_n200_p0.1,3,90,39,39,2566,1761,2349,6676
directed_cut,synthetic_n200_p0.1,3,90,40,40,2610,1808,2303,6721
directed_cut,synthetic_n200_p0.1,3,90,41,41,2653,1847,2242,6742
directed_cut,synthetic_n200_p0.1,3,90,42,42,2695,1887,2176,6758
directed_cut,synthetic_n200_p0.1,3,90,43,43,2737,1942,2095,6774
directed_cut,synthetic_n200_p0.1,3,90,44,44,2778,1997,2012,6787
directed_cut,synthetic_n200_p0.1,3,90,45,45,2819,2053,1948,6820
directed_cut,synthetic_n200_p0.1,3,90,46,46,2860,2063,1895,6818
directed_cut,synthetic_n200_p0.1,3,90,47,47,2901,2112,1828,6841
directed_cut,synthetic_n200_p0.1,3,90,48,48,2941,2139,1764,6844
directed_cut,synthetic_n200_p0.1,3,90,49,49,2980,2171,1706,6857
directed_cut,synthetic_n200_p0.1,3,90,50,50,3019,2201,1636,6856
directed_cut,synthetic_n200_p0.1,3,90,51,51,3056,2246,1564,6866
directed_cut,synthetic_n200_p0.1,3,90,52,52,3091,2272,1520,6883
directed_cut,synthetic_n200_p0.1,3,90,53,53,3126,2295,1473,6894
directed_cut,synthetic_n200_p0.1,3,90,54,54,3160,2337,1403,6900
directed_cut,synthetic_n200_p0.1,3,90,55,55,3194,2374,1354,6922
directed_cut,synthetic_n200_p0.1,3,90,56,56,3227,2410,1301,6938
directed_cut,synthetic_n200_p0.1,3,90,57,57,3259,2444,1236,6939
directed_cut,synthetic_n200_p0.1,3,90,58,58,3290,2482,1141,6913
directed_cut,synthetic_n200_p0.1,3,90,59,59,3320,2516,1110,6946
directed_cut,synthetic_n200_p0.1,3,90,60,60,3350,2543,1012,6905
directed_cut,synthetic_n200_p0.1,3,90,61,61,3379,2592,950,6921
directed_cut,synthetic_n200_p0.1,3,90,62,62,3407,2625,911,6943
directed_cut,synthetic_n200_p0.1,3,90,63,63,3435,2699,840,6974
directed_cut,synthetic_n200_p0.1,3,90,64,64,3463,2715,802,6980
directed_cut,synthetic_n200_p0.1,3,90,65,65,3491,2772,738,7001
directed_cut,synthetic_n200_p0.1,3,90,66,66,3519,2819,676,7014
directed_cut,synthetic_n200_p0.1,3,90,67,67,3544,2851,616,7011
directed_cut,synthetic_n200_p0.1,3,90,68,68,3568,2873,574,7015
directed_cut,synthetic_n200_p0.1,3,90,69,69,3590,2928,509,7027
directed_cut,synthetic_n200_p0.1,3,90,70,70,3612,2961,477,7050
directed_cut,synthetic_n200_p0.1,3,90,71,71,3633,2993,435,7061
directed_cut,synthetic_n200_p0.1,3,90,72,72,3653,3022,409,7084
directed_cut,synthetic_n200_p0.1,3,90,73,73,3673,3096,366,7135
directed_cut,synthetic_n200_p0.1,3,90,74,74,3692,3133,347,7172
directed_cut,synthetic_n200_p0.1,3,90,75,75,3711,3175,318,7204
directed_cut,synthetic_n200_p0.1,3,90,76,76,3730,3229,285,7244
directed_cut,synthetic_n200_p0.1,3,90,77,77,3748,3281,249,7278
directed_cut,synthetic_n200_p0.1,3,90,78,78,3766,3313,232,7311
directed_cut,synthetic_n200_p0.1,3,90,79,79,3783,3367,216,7366
directed_cut,synthetic_n200_p0.1,3,90,80,80,3799,3419,181,7399
directed_cut,synthetic_n200_p0.1,3,90,81,81,3814,3444,162,7420
directed_cut,synthetic_n200_p0.1,3,90,82,82,3826,3478,145,7449
directed_cut,synthetic_n200_p0.1,3,90,83,83,3838,3525,128,7491
directed_cut,synthetic_n200_p0.1,3,90,84,84,3850,3560,108,7518
directed_cut,synthetic_n200_p0.1,3,90,85,85,3862,3586,93,7541
directed_cut,synthetic_n200_p0.1,3,90,86,86,3873,3617,80,7570
directed_cut,synthetic_n200_p0.1,3,90,87,87,3884,3658,69,7611
directed_cut,synthetic_n200_p0.1,3,90,88,88,3895,3695,56,7646
directed_cut,synthetic_n200_p0.1,3,90,89,89,3903,3740,48,7691
directed_cut,synthetic_n200_p0.1,3,90,90,90,3910,3796,41,7747
directed_cut,synthetic_n200_p0.1,3,95,0,0,0,0,5525,5525
directed_cut,synthetic_n200_p0.1,3,95,1,1,92,70,5422,5584
directed_cut,synthetic_n200_p0.1,3,95,2,2,183,115,5318,5616
directed_cut,synthetic_n200_p0.1,3,95,3,3,273,153,5228,5654
directed_cut,synthetic_n200_p0.1,3,95,4,4,361,190,5142,5693
directed_cut,synthetic_n200_p0.1,3,95,5,5,445,228,5061,5734
directed_cut,synthetic_n200_p0.1,3,95,6,6,527,293,4944,5764
directed_cut,synthetic_n200_p0.1,3,95,7,7,609,354,4855,5818
directed_cut,synthetic_n200_p0.1,3,95,8,8,688,389,4769,5846
directed_cut,synthetic_n200_p0.1,3,95,9,9,767,429,4710,5906
directed_cut,synthetic_n200_p0.1,3,95,10,10,845,449,4646,5940
directed_cut,synthetic_n200_p0.1,3,95,11,11,921,474,4559,5954
directed_cut,synthetic_n200_p0.1,3,95,12,12,992,533,4476,6001
directed_cut,synthetic_n200_p0.1,3,95,13,13,1063,581,4399,6043
directed_cut,synthetic_n200_p0.1,3,95,14,14,1131,618,4309,6058
directed_cut,synthetic_n200_p0.1,3,95,15,15,1199,672,4231,6102
directed_cut,synthetic_n200_p0.1,3,95,16,16,1266,709,4160,6135
directed_cut,synthetic_n200_p0.1,3,95,17,17,1333,747,4086,6166
directed_cut,synthetic_n200_p0.1,3,95,18,18,1400,784,3996,6180
directed_cut,synthetic_n200_p0.1,3,95,19,19,1466,837,3905,6208
directed_cut,synthetic_n200_p0.1,3,95,20,20,1531,880,3834,6245
directed_cut,synthetic_n200_p0.1,3,95,21,21,1595,912,3756,6263
directed_cut,synthetic_n200_p0.1,3,95,22,22,1658,958,3678,6294
directed_cut,synthetic_n200_p0.1,3,95,23,23,1721,1002,3586,6309
directed_cut,synthetic_n200_p0.1,3,95,24,24,1783,1039,3524,6346
directed_cut,synthetic_n200_p0.1,3,95,25,25,1843,1069,3467,6379
directed_cut,synthetic_n200_p0.1,3,95,26,26,1901,1131,3386,6418
directed_cut,synthetic_n200_p0.1,3,95,27,27,1959,1162,3295,6416
directed_cut,synthetic_n200_p0.1,3,95,28,28,2016,1226,3222,6464
directed_cut,synthetic_n200_p0.1,3,95,29,29,2072,1258,3143,6473
directed_cut,synthetic_n200_p0.1,3,95,30,30,2128,1319,3061,6508
directed_cut,synthetic_n200_p0.1,3,95,31,31,2181,1381,2976,6538
directed_cut,synthetic_n200_p0.1,3,95,32,32,2233,1418,2903,6554
directed_cut,synthetic_n200_p0.1,3,95,33,33,2284,1488,2824,6596
directed_cut,synthetic_n200_p0.1,3,95,34,34,2334,1541,2748,6623
directed_cut,synthetic_n200_p0.1,3,95,35,35,2382,1576,2685,6643
directed_cut,synthetic_n200_p0.1,3,95,36,36,2429,1612,2612,6653
directed_cut,synthetic_n200_p0.1,3,95,37,37,2476,1656,2541,6673
directed_cut,synthetic_n200_p0.1,3,95,38,38,2522,1701,2456,6679
directed_cut,synthetic_n200_p0.1,3,95,39,39,2566,1761,2416,6743
directed_cut,synthetic_n200_p0.1,3,95,40,40,2610,1808,2364,6782
directed_cut,synthetic_n200_p0.1,3,95,41,41,2653,1847,2300,6800
directed_cut,synthetic_n200_p0.1,3,95,42,42,2695,1887,2231,6813
directed_cut,synthetic_n200_p0.1,3,95,43,43,2737,1942,2147,6826
directed_cut,synthetic_n200_p0.1,3,95,44,44,2778,1997,2059,6834
directed_cut,synthetic_n200_p0.1,3,95,45,45,2819,2053,1988,6860
directed_cut,synthetic_n200_p0.1,3,95,46,46,2860,2063,1933,6856
directed_cut,synthetic_n200_p0.1,3,95,47,47,2901,2112,1860,6873
directed_cut,synthetic_n200_p0.1,3,95,48,48,2941,2139,1790,6870
directed_cut,synthetic_n200_p0.1,3,95,49,49,2980,2171,1730,6881
directed_cut,synthetic_n200_p0.1,3,95,50,50,3019,2201,1659,6879
directed_cut,synthetic_n200_p0.1,3,95,51,51,3056,2246,1582,6884
directed_cut,synthetic_n200_p0.1,3,95,52,52,3091,2272,1537,6900
directed_cut,synthetic_n200_p0.1,3,95,53,53,3126,2295,1488,6909
directed_cut,synthetic_n200_p0.1,3,95,54,54,3160,2337,1417,6914
directed_cut,synthetic_n200_p0.1,3,95,55,55,3194,2374,1365,6933
directed_cut,synthetic_n200_p0.1,3,95,56,56,3227,2410,1310,6947
directed_cut,synthetic_n200_p0.1,3,95,57,57,3259,2444,1239,6942
directed_cut,synthetic_n200_p0.1,3,95,58,58,3290,2482,1141,6913
directed_cut,synthetic_n200_p0.1,3,95,59,59,3320,2516,1110,6946
directed_cut,synthetic_n200_p0.1,3,95,60,60,3350,2543,1012,6905
directed_cut,synthetic_n200_p0.1,3,95,61,61,3379,2592,950,6921
directed_cut,synthetic_n200_p0.1,3,95,62,62,3407,2625,911,6943
directed_cut,synthetic_n200_p0.1,3,95,63,63,3435,2699,840,6974
directed_cut,synthetic_n200_p0.1,3,95,64,64,3463,2715,802,6980
directed_cut,synthetic_n200_p0.1,3,95,65,65,3491,2772,738,7001
directed_cut,synthetic_n200_p0.1,3,95,66,66,3519,2819,676,7014
directed_cut,synthetic_n200_p0.1,3,95,67,67,3544,2851,616,7011
directed_cut,synthetic_n200_p0.1,3,95,68,68,3568,2873,574,7015
directed_cut,synthetic_n200_p0.1,3,95,69,69,3590,2928,509,7027
directed_cut,synthetic_n200_p0.1,3,95,70,70,3612,2961,477,7050
directed_cut,synthetic_n200_p0.1,3,95,71,71,3633,2993,435,7061
directed_cut,synthetic_n200_p0.1,3,95,72,72,3653,3022,409,7084
directed_cut,synthetic_n200_p0.1,3,95,73,73,3673,3096,366,7135
directed_cut,synthetic_n200_p0.1,3,95,74,74,3692,3133,347,7172
directed_cut,synthetic_n200_p0.1,3,95,75,75,3711,3175,318,7204
directed_cut,synthetic_n200_p0.1,3,95,76,76,3730,3229,285,7244
directed_cut,synthetic_n200_p0.1,3,95,77,77,3748,3281,249,7278
directed_cut,synthetic_n200_p0.1,3,95,78,78,3766,3313,232,7311
directed_cut,synthetic_n200_p0.1,3,95,79,79,3783,3367,216,7366
directed_cut,synthetic_n200_p0.1,3,95,80,80,3799,3419,181,7399
directed_cut,synthetic_n200_p0.1,3,95,81,81,3814,3444,162,7420
directed_cut,synthetic_n200_p0.1,3,95,82,82,3826,3478,145,7449
directed_cut,synthetic_n200_p0.1,3,95,83,83,3838,3525,128,7491
directed_cut,synthetic_n200_p0.1,3,95,84,84,3850,3560,108,7518
directed_cut,synthetic_n200_p0.1,3,95,85,85,3862,3586,93,7541
directed_cut,synthetic_n200_p0.1,3,95,86,86,3873,3617,80,7570
directed_cut,synthetic_n200_p0.1,3,95,87,87,3884,3658,69,7611
directed_cut,synthetic_n200_p0.1,3,95,88,88,3895,3695,56,7646
directed_cut,synthetic_n200_p0.1,3,95,89,89,3903,3740,48,7691
directed_cut,synthetic_n200_p0.1,3,95,90,90,3910,3796,41,7747
directed_cut,synthetic_n200_p0.1,3,95,91,91,3917,3833,28,7778
directed_cut,synthetic_n200_p0.1,3,95,92,92,3923,3871,20,7814
directed_cut,synthetic_n200_p0.1,3,95,93,93,3928,3904,14,7846
directed_cut,synthetic_n200_p0.1,3,95,94,94,3931,3969,11,7911
directed_cut,synthetic_n200_p0.1,3,95,95,95,3934,4021,8,7963
directed_cut,synthetic_n200_p0.1,3,100,0,0,0,0,5728,5728
directed_cut,synthetic_n200_p0.1,3,100,1,1,92,70,5613,5775
directed_cut,synthetic_n200_p0.1,3,100,2,2,183,115,5507,5805
directed_cut,synthetic_n200_p0.1,3,100,3,3,273,153,5411,5837
directed_cut,synthetic_n200_p0.1,3,100,4,4,361,190,5322,5873
directed_cut,synthetic_n200_p0.1,3,100,5,5,445,228,5239,5912
directed_cut,synthetic_n200_p0.1,3,100,6,6,527,293,5115,5935
directed_cut,synthetic_n200_p0.1,3,100,7,7,609,354,5015,5978
directed_cut,synthetic_n200_p0.1,3,100,8,8,688,389,4923,6000
directed_cut,synthetic_n200_p0.1,3,100,9,9,767,429,4861,6057
directed_cut,synthetic_n200_p0.1,3,100,10,10,845,449,4796,6090
directed_cut,synthetic_n200_p0.1,3,100,11,11,921,474,4706,6101
directed_cut,synthetic_n200_p0.1,3,100,12,12,992,533,4621,6146
directed_cut,synthetic_n200_p0.1,3,100,13,13,1063,581,4544,6188
directed_cut,synthetic_n200_p0.1,3,100,14,14,1131,618,4454,6203
directed_cut,synthetic_n200_p0.1,3,100,15,15,1199,672,4370,6241
directed_cut,synthetic_n200_p0.1,3,100,16,16,1266,709,4299,6274
directed_cut,synthetic_n200_p0.1,3,100,17,17,1333,747,4223,6303
directed_cut,synthetic_n200_p0.1,3,100,18,18,1400,784,4127,6311
directed_cut,synthetic_n200_p0.1,3,100,19,19,1466,837,4035,6338
directed_cut,synthetic_n200_p0.1,3,100,20,20,1531,880,3959,6370
directed_cut,synthetic_n200_p0.1,3,100,21,21,1595,912,3878,6385
directed_cut,synthetic_n200_p0.1,3,100,22,22,1658,958,3798,6414
directed_cut,synthetic_n200_p0.1,3,100,23,23,1721,1002,3704,6427
directed_cut,synthetic_n200_p0.1,3,100,24,24,1783,1039,3640,6462
directed_cut,synthetic_n200_p0.1,3,100,25,25,1843,1069,3575,6487
directed_cut,synthetic_n200_p0.1,3,100,26,26,1901,1131,3490,6522
directed_cut,synthetic_n200_p0.1,3,100,27,27,1959,1162,3396,6517
directed_cut,synthetic_n200_p0.1,3,100,28,28,2016,1226,3321,6563
directed_cut,synthetic_n200_p0.1,3,100,29,29,2072,1258,3241,6571
directed_cut,synthetic_n200_p0.1,3,100,30,30,2128,1319,3154,6601
directed_cut,synthetic_n200_p0.1,3,100,31,31,2181,1381,3066,6628
directed_cut,synthetic_n200_p0.1,3,100,32,32,2233,1418,2990,6641
directed_cut,synthetic_n200_p0.1,3,100,33,33,2284,1488,2906,6678
directed_cut,synthetic_n200_p0.1,3,100,34,34,2334,1541,2824,6699
directed_cut,synthetic_n200_p0.1,3,100,35,35,2382,1576,2760,6718
directed_cut,synthetic_n200_p0.1,3,100,36,36,2429,1612,2680,6721
directed_cut,synthetic_n200_p0.1,3,100,37,37,2476,1656,2606,6738
directed_cut,synthetic_n200_p0.1,3,100,38,38,2522,1701,2516,6739
directed_cut,synthetic_n200_p0.1,3,100,39,39,2566,1761,2476,6803
directed_cut,synthetic_n200_p0.1,3,100,40,40,2610,1808,2418,6836
directed_cut,synthetic_n200_p0.1,3,100,41,41,2653,1847,2352,6852
directed_cut,synthetic_n200_p0.1,3,100,42,42,2695,1887,2281,6863
directed_cut,synthetic_n200_p0.1,3,100,43,43,2737,1942,2192,6871
directed_cut,synthetic_n200_p0.1,3,100,44,44,2778,1997,2098,6873
directed_cut,synthetic_n200_p0.1,3,100,45,45,2819,2053,2023,6895
directed_cut,synthetic_n200_p0.1,3,100,46,46,2860,2063,1967,6890
directed_cut,synthetic_n200_p0.1,3,100,47,47,2901,2112,1885,6898
directed_cut,synthetic_n200_p0.1,3,100,48,48,2941,2139,1811,6891
directed_cut,synthetic_n200_p0.1,3,100,49,49,2980,2171,1748,6899
directed_cut,synthetic_n200_p0.1,3,100,50,50,3019,2201,1676,6896
directed_cut,synthetic_n200_p0.1,3,100,51,51,3056,2246,1595,6897
directed_cut,synthetic_n200_p0.1,3,100,52,52,3091,2272,1549,6912
directed_cut,synthetic_n200_p0.1,3,100,53,53,3126,2295,1500,6921
directed_cut,synthetic_n200_p0.1,3,100,54,54,3160,2337,1426,6923
directed_cut,synthetic_n200_p0.1,3,100,55,55,3194,2374,1368,6936
directed_cut,synthetic_n200_p0.1,3,100,56,56,3227,2410,1311,6948
directed_cut,synthetic_n200_p0.1,3,100,57,57,3259,2444,1239,6942
directed_cut,synthetic_n200_p0.1,3,100,58,58,3290,2482,1141,6913
directed_cut,synthetic_n200_p0.1,3,100,59,59,3320,2516,1110,6946
directed_cut,synthetic_n200_p0.1,3,100,60,60,3350,2543,1012,6905
directed_cut,synthetic_n200_p0.1,3,100,61,61,3379,2592,950,6921
directed_cut,synthetic_n200_p0.1,3,100,62,62,3407,2625,911,6943
directed_cut,synthetic_n200_p0.1,3,100,63,63,3435,2699,840,6974
directed_cut,synthetic_n200_p0.1,3,100,64,64,3463,2715,802,6980
directed_cut,synthetic_n200_p0.1,3,100,65,65,3491,2772,738,7001
directed_cut,synthetic_n200_p0.1,3,100,66,66,3519,2819,676,7014
directed_cut,synthetic_n200_p0.1,3,100,67,67,3544,2851,616,7011
directed_cut,synthetic_n200_p0.1,3,100,68,68,3568,2873,574,7015
directed_cut,synthetic_n200_p0.1,3,100,69,69,3590,2928,509,7027
directed_cut,synthetic_n200_p0.1,3,100,70,70,3612,2961,477,7050
directed_cut,synthetic_n200_p0.1,3,100,71,71,3633,2993,435,7061
directed_cut,synthetic_n200_p0.1,3,100,72,72,3653,3022,409,7084
directed_cut,synthetic_n200_p0.1,3,100,73,73,3673,3096,366,7135
directed_cut,synthetic_n200_p0.1,3,100,74,74,3692,3133,347,7172
directed_cut,synthetic_n200_p0.1,3,100,75,75,3711,3175,318,7204
directed_cut,synthetic_n200_p0.1,3,100,76,76,3730,3229,285,7244
directed_cut,synthetic_n200_p0.1,3,100,77,77,3748,3281,249,7278
directed_cut,synthetic_n200_p0.1,3,100,78,78,3766,3313,232,7311
directed_cut,synthetic_n200_p0.1,3,100,79,79,3783,3367,216,7366
directed_cut,synthetic_n200_p0.1,3,100,80,80,3799,3419,181,7399
directed_cut,synthetic_n200_p0.1,3,100,81,81,3814,3444,162,7420
directed_cut,synthetic_n200_p0.1,3,100,82,82,3826,3478,145,7449
directed_cut,synthetic_n200_p0.1,3,100,83,83,3838,3525,128,7491
directed_cut,synthetic_n200_p0.1,3,100,84,84,3850,3560,108,7518
directed_cut,synthetic_n200_p0.1,3,100,85,85,3862,3586,93,7541
directed_cut,synthetic_n200_p0.1,3,100,86,86,3873,3617,80,7570
directed_cut,synthetic_n200_p0.1,3,100,87,87,3884,3658,69,7611
directed_cut,synthetic_n200_p0.1,3,100,88,88,3895,3695,56,7646
directed_cut,synthetic_n200_p0.1,3,100,89,89,3903,3740,48,7691
directed_cut,synthetic_n200_p0.1,3,100,90,90,3910,3796,41,7747
directed_cut,synthetic_n200_p0.1,3,100,91,91,3917,3833,28,7778
directed_cut,synthetic_n200_p0.1,3,100,92,92,3923,3871,20,7814
directed_cut,synthetic_n200_p0.1,3,100,93,93,3928,3904,14,7846
directed_cut,synthetic_n200_p0.1,3,100,94,94,3931,3969,11,7911
directed_cut,synthetic_n200_p0.1,3,100,95,95,3934,4021,8,7963
directed_cut,synthetic_n200_p0.1,3,100,96,96,3937,4060,4,8001
directed_cut,synthetic_n200_p0.1,3,100,97,97,3939,4117,2,8058
directed_cut,synthetic_n200_p0.1,3,100,98,98,3940,4150,1,8091
directed_cut,synthetic_n200_p0.1,3,100,99,99,3941,4174,0,8115
directed_cut,synthetic_n200_p0.1,4,1,0,0,0,0,84,84
directed_cut,synthetic_n200_p0.1,4,1,1,1,84,76,82,242
directed_cut,synthetic_n200_p0.1,4,5,0,0,0,0,409,409
directed_cut,synthetic_n200_p0.1,4,5,1,1,84,76,404,564
directed_cut,synthetic_n200_p0.1,4,5,2,2,166,119,401,686
directed_cut,synthetic_n200_p0.1,4,5,3,3,247,160,394,801
directed_cut,synthetic_n200_p0.1,4,5,4,4,328,182,389,899
directed_cut,synthetic_n200_p0.1,4,5,5,5,408,213,386,1007
directed_cut,synthetic_n200_p0.1,4,10,0,0,0,0,804,804
directed_cut,synthetic_n200_p0.1,4,10,1,1,84,76,794,954
directed_cut,synthetic_n200_p0.1,4,10,2,2,166,119,788,1073
directed_cut,synthetic_n200_p0.1,4,10,3,3,247,160,778,1185
directed_cut,synthetic_n200_p0.1,4,10,4,4,328,182,766,1276
directed_cut,synthetic_n200_p0.1,4,10,5,5,408,213,758,1379
directed_cut,synthetic_n200_p0.1,4,10,6,6,486,276,751,1513
directed_cut,synthetic_n200_p0.1,4,10,7,7,563,310,737,1610
directed_cut,synthetic_n200_p0.1,4,10,8,8,640,338,727,1705
directed_cut,synthetic_n200_p0.1,4,10,9,9,717,391,709,1817
directed_cut,synthetic_n200_p0.1,4,10,10,10,793,436,696,1925
directed_cut,synthetic_n200_p0.1,4,15,0,0,0,0,1190,1190
directed_cut,synthetic_n200_p0.1,4,15,1,1,84,76,1178,1338
directed_cut,synthetic_n200_p0.1,4,15,2,2,166,119,1166,1451
directed_cut,synthetic_n200_p0.1,4,15,3,3,247,160,1148,1555
directed_cut,synthetic_n200_p0.1,4,15,4,4,328,182,1128,1638
directed_cut,synthetic_n200_p0.1,4,15,5,5,408,213,1116,1737
directed_cut,synthetic_n200_p0.1,4,15,6,6,486,276,1098,1860
directed_cut,synthetic_n200_p0.1,4,15,7,7,563,310,1075,1948
directed_cut,synthetic_n200_p0.1,4,15,8,8,640,338,1060,2038
directed_cut,synthetic_n200_p0.1,4,15,9,9,717,391,1040,2148
directed_cut,synthetic_n200_p0.1,4,15,10,10,793,436,1021,2250
directed_cut,synthetic_n200_p0.1,4,15,11,11,867,481,1011,2359
directed_cut,synthetic_n200_p0.1,4,15,12,12,940,521,1002,2463
directed_cut,synthetic_n200_p0.1,4,15,13,13,1013,582,984,2579
directed_cut,synthetic_n200_p0.1,4,15,14,14,1085,635,966,2686
directed_cut,synthetic_n200_p0.1,4,15,15,15,1156,703,937,2796
directed_cut,synthetic_n200_p0.1,4,20,0,0,0,0,1562,1562
directed_cut,synthetic_n200_p0.1,4,20,1,1,84,76,1546,1706
directed_cut,synthetic_n200_p0.1,4,20,2,2,166,119,1528,1813
directed_cut,synthetic_n200_p0.1,4,20,3,3,247,160,1501,1908
directed_cut,synthetic_n200_p0.1,4,20,4,4,328,182,1469,1979
directed_cut,synthetic_n200_p0.1,4,20,5,5,408,213,1451,2072
directed_cut,synthetic_n200_p0.1,4,20,6,6,486,276,1430,2192
directed_cut,synthetic_n200_p0.1,4,20,7,7,563,310,1405,2278
directed_cut,synthetic_n200_p0.1,4,20,8,8,640,338,1384,2362
directed_cut,synthetic_n200_p0.1,4,20,9,9,717,391,1358,2466
directed_cut,synthetic_n200_p0.1,4,20,10,10,793,436,1336,2565
directed_cut,synthetic_n200_p0.1,4,20,11,11,867,481,1323,2671
directed_cut,synthetic_n200_p0.1,4,20,12,12,940,521,1311,2772
directed_cut,synthetic_n200_p0.1,4,20,13,13,1013,582,1288,2883
directed_cut,synthetic_n200_p0.1,4,20,14,14,1085,635,1260,2980
directed_cut,synthetic_n200_p0.1,4,20,15,15,1156,703,1222,3081
directed_cut,synthetic_n200_p0.1,4,20,16,16,1223,747,1206,3176
directed_cut,synthetic_n200_p0.1,4,20,17,17,1289,773,1189,3251
directed_cut,synthetic_n200_p0.1,4,20,18,18,1355,815,1172,3342
directed_cut,synthetic_n200_p0.1,4,20,19,19,1419,853,1162,3434
directed_cut,synthetic_n200_p0.1,4,20,20,20,1483,900,1149,3532
directed_cut,synthetic_n200_p0.1,4,25,0,0,0,0,1920,1920
directed_cut,synthetic_n200_p0.1,4,25,1,1,84,76,1901,2061
directed_cut,synthetic_n200_p0.1,4,25,2,2,166,119,1869,2154
directed_cut,synthetic_n200_p0.1,4,25,3,3,247,160,1832,2239
directed_cut,synthetic_n200_p0.1,4,25,4,4,328,182,1795,2305
directed_cut,synthetic_n200_p0.1,4,25,5,5,408,213,1775,2396
directed_cut,synthetic_n200_p0.1,4,25,6,6,486,276,1754,2516
directed_cut,synthetic_n200_p0.1,4,25,7,7,563,310,1722,2595
directed_cut,synthetic_n200_p0.1,4,25,8,8,640,338,1695,2673
directed_cut,synthetic_n200_p0.1,4,25,9,9,717,391,1666,2774
directed_cut,synthetic_n200_p0.1,4,25,10,10,793,436,1640,2869
directed_cut,synthetic_n200_p0.1,4,25,11,11,867,481,1624,2972
directed_cut,synthetic_n200_p0.1,4,25,12,12,940,521,1600,3061
directed_cut,synthetic_n200_p0.1,4,25,13,13,1013,582,1573,3168
directed_cut,synthetic_n200_p0.1,4,25,14,14,1085,635,1541,3261
directed_cut,synthetic_n200_p0.1,4,25,15,15,1156,703,1499,3358
directed_cut,synthetic_n200_p0.1,4,25,16,16,1223,747,1477,3447
directed_cut,synthetic_n200_p0.1,4,25,17,17,1289,773,1457,3519
directed_cut,synthetic_n200_p0.1,4,25,18,18,1355,815,1438,3608
directed_cut,synthetic_n200_p0.1,4,25,19,19,1419,853,1423,3695
directed_cut,synthetic_n200_p0.1,4,25,20,20,1483,900,1405,3788
directed_cut,synthetic_n200_p0.1,4,25,21,21,1545,927,1389,3861
directed_cut,synthetic_n200_p0.1,4,25,22,22,1607,983,1367,3957
directed_cut,synthetic_n200_p0.1,4,25,23,23,1669,1061,1341,4071
directed_cut,synthetic_n200_p0.1,4,25,24,24,1729,1101,1301,4131
directed_cut,synthetic_n200_p0.1,4,25,25,25,1789,1135,1274,4198
directed_cut,synthetic_n200_p0.1,4,30,0,0,0,0,2258,2258
directed_cut,synthetic_n200_p0.1,4,30,1,1,84,76,2232,2392
directed_cut,synthetic_n200_p0.1,4,30,2,2,166,119,2191,2476
directed_cut,synthetic_n200_p0.1,4,30,3,3,247,160,2151,2558
directed_cut,synthetic_n200_p0.1,4,30,4,4,328,182,2112,2622
directed_cut,synthetic_n200_p0.1,4,30,5,5,408,213,2090,2711
directed_cut,synthetic_n200_p0.1,4,30,6,6,486,276,2066,2828
directed_cut,synthetic_n200_p0.1,4,30,7,7,563,310,2029,2902
directed_cut,synthetic_n200_p0.1,4,30,8,8,640,338,1995,2973
directed_cut,synthetic_n200_p0.1,4,30,9,9,717,391,1958,3066
directed_cut,synthetic_n200_p0.1,4,30,10,10,793,436,1929,3158
directed_cut,synthetic_n200_p0.1,4,30,11,11,867,481,1908,3256
directed_cut,synthetic_n200_p0.1,4,30,12,12,940,521,1877,3338
directed_cut,synthetic_n200_p0.1,4,30,13,13,1013,582,1845,3440
directed_cut,synthetic_n200_p0.1,4,30,14,14,1085,635,1807,3527
directed_cut,synthetic_n200_p0.1,4,30,15,15,1156,703,1764,3623
directed_cut,synthetic_n200_p0.1,4,30,16,16,1223,747,1739,3709
directed_cut,synthetic_n200_p0.1,4,30,17,17,1289,773,1714,3776
directed_cut,synthetic_n200_p0.1,4,30,18,18,1355,815,1693,3863
directed_cut,synthetic_n200_p0.1,4,30,19,19,1419,853,1671,3943
directed_cut,synthetic_n200_p0.1,4,30,20,20,1483,900,1649,4032
directed_cut,synthetic_n200_p0.1,4,30,21,21,1545,927,1628,4100
directed_cut,synthetic_n200_p0.1,4,30,22,22,1607,983,1598,4188
directed_cut,synthetic_n200_p0.1,4,30,23,23,1669,1061,1565,4295
directed_cut,synthetic_n200_p0.1,4,30,24,24,1729,1101,1517,4347
directed_cut,synthetic_n200_p0.1,4,30,25,25,1789,1135,1486,4410
directed_cut,synthetic_n200_p0.1,4,30,26,26,1849,1152,1453,4454
directed_cut,synthetic_n200_p0.1,4,30,27,27,1907,1182,1427,4516
directed_cut,synthetic_n200_p0.1,4,30,28,28,1964,1219,1397,4580
directed_cut,synthetic_n200_p0.1,4,30,29,29,2019,1244,1376,4639
directed_cut,synthetic_n200_p0.1,4,30,30,30,2073,1292,1358,4723
directed_cut,synthetic_n200_p0.1,4,35,0,0,0,0,2580,2580
directed_cut,synthetic_n200_p0.1,4,35,1,1,84,76,2549,2709
directed_cut,synthetic_n200_p0.1,4,35,2,2,166,119,2504,2789
directed_cut,synthetic_n200_p0.1,4,35,3,3,247,160,2463,2870
directed_cut,synthetic_n200_p0.1,4,35,4,4,328,182,2422,2932
directed_cut,synthetic_n200_p0.1,4,35,5,5,408,213,2395,3016
directed_cut,synthetic_n200_p0.1,4,35,6,6,486,276,2367,3129
directed_cut,synthetic_n200_p0.1,4,35,7,7,563,310,2319,3192
directed_cut,synthetic_n200_p0.1,4,35,8,8,640,338,2281,3259
directed_cut,synthetic_n200_p0.1,4,35,9,9,717,391,2241,3349
directed_cut,synthetic_n200_p0.1,4,35,10,10,793,436,2208,3437
directed_cut,synthetic_n200_p0.1,4,35,11,11,867,481,2179,3527
directed_cut,synthetic_n200_p0.1,4,35,12,12,940,521,2140,3601
directed_cut,synthetic_n200_p0.1,4,35,13,13,1013,582,2105,3700
directed_cut,synthetic_n200_p0.1,4,35,14,14,1085,635,2064,3784
directed_cut,synthetic_n200_p0.1,4,35,15,15,1156,703,2017,3876
directed_cut,synthetic_n200_p0.1,4,35,16,16,1223,747,1987,3957
directed_cut,synthetic_n200_p0.1,4,35,17,17,1289,773,1954,4016
directed_cut,synthetic_n200_p0.1,4,35,18,18,1355,815,1928,4098
directed_cut,synthetic_n200_p0.1,4,35,19,19,1419,853,1901,4173
directed_cut,synthetic_n200_p0.1,4,35,20,20,1483,900,1866,4249
directed_cut,synthetic_n200_p0.1,4,35,21,21,1545,927,1840,4312
directed_cut,synthetic_n200_p0.1,4,35,22,22,1607,983,1806,4396
directed_cut,synthetic_n200_p0.1,4,35,23,23,1669,1061,1768,4498
directed_cut,synthetic_n200_p0.1,4,35,24,24,1729,1101,1717,4547
directed_cut,synthetic_n200_p0.1,4,35,25,25,1789,1135,1683,4607
directed_cut,synthetic_n200_p0.1,4,35,26,26,1849,1152,1648,4649
directed_cut,synthetic_n200_p0.1,4,35,27,27,1907,1182,1615,4704
directed_cut,synthetic_n200_p0.1,4,35,28,28,1964,1219,1582,4765
directed_cut,synthetic_n200_p0.1,4,35,29,29,2019,1244,1559,4822
directed_cut,synthetic_n200_p0.1,4,35,30,30,2073,1292,1534,4899
directed_cut,synthetic_n200_p0.1,4,35,31,31,2125,1334,1507,4966
directed_cut,synthetic_n200_p0.1,4,35,32,32,2177,1379,1479,5035
directed_cut,synthetic_n200_p0.1,4,35,33,33,2228,1420,1442,5090
directed_cut,synthetic_n200_p0.1,4,35,34,34,2278,1459,1419,5156
directed_cut,synthetic_n200_p0.1,4,35,35,35,2328,1497,1384,5209
directed_cut,synthetic_n200_p0.1,4,40,0,0,0,0,2893,2893
directed_cut,synthetic_n200_p0.1,4,40,1,1,84,76,2854,3014
directed_cut,synthetic_n200_p0.1,4,40,2,2,166,119,2803,3088
directed_cut,synthetic_n200_p0.1,4,40,3,3,247,160,2758,3165
directed_cut,synthetic_n200_p0.1,4,40,4,4,328,182,2712,3222
directed_cut,synthetic_n200_p0.1,4,40,5,5,408,213,2681,3302
directed_cut,synthetic_n200_p0.1,4,40,6,6,486,276,2648,3410
directed_cut,synthetic_n200_p0.1,4,40,7,7,563,310,2598,3471
directed_cut,synthetic_n200_p0.1,4,40,8,8,640,338,2556,3534
directed_cut,synthetic_n200_p0.1,4,40,9,9,717,391,2510,3618
directed_cut,synthetic_n200_p0.1,4,40,10,10,793,436,2470,3699
directed_cut,synthetic_n200_p0.1,4,40,11,11,867,481,2434,3782
directed_cut,synthetic_n200_p0.1,4,40,12,12,940,521,2391,3852
directed_cut,synthetic_n200_p0.1,4,40,13,13,1013,582,2349,3944
directed_cut,synthetic_n200_p0.1,4,40,14,14,1085,635,2301,4021
directed_cut,synthetic_n200_p0.1,4,40,15,15,1156,703,2249,4108
directed_cut,synthetic_n200_p0.1,4,40,16,16,1223,747,2212,4182
directed_cut,synthetic_n200_p0.1,4,40,17,17,1289,773,2176,4238
directed_cut,synthetic_n200_p0.1,4,40,18,18,1355,815,2141,4311
directed_cut,synthetic_n200_p0.1,4,40,19,19,1419,853,2108,4380
directed_cut,synthetic_n200_p0.1,4,40,20,20,1483,900,2069,4452
directed_cut,synthetic_n200_p0.1,4,40,21,21,1545,927,2039,4511
directed_cut,synthetic_n200_p0.1,4,40,22,22,1607,983,2002,4592
directed_cut,synthetic_n200_p0.1,4,40,23,23,1669,1061,1959,4689
directed_cut,synthetic_n200_p0.1,4,40,24,24,1729,1101,1903,4733
directed_cut,synthetic_n200_p0.1,4,40,25,25,1789,1135,1866,4790
directed_cut,synthetic_n200_p0.1,4,40,26,26,1849,1152,1829,4830
directed_cut,synthetic_n200_p0.1,4,40,27,27,1907,1182,1792,4881
directed_cut,synthetic_n200_p0.1,4,40,28,28,1964,1219,1757,4940
directed_cut,synthetic_n200_p0.1,4,40,29,29,2019,1244,1729,4992
directed_cut,synthetic_n200_p0.1,4,40,30,30,2073,1292,1701,5066
directed_cut,synthetic_n200_p0.1,4,40,31,31,2125,1334,1670,5129
directed_cut,synthetic_n200_p0.1,4,40,32,32,2177,1379,1641,5197
directed_cut,synthetic_n200_p0.1,4,40,33,33,2228,1420,1601,5249
directed_cut,synthetic_n200_p0.1,4,40,34,34,2278,1459,1573,5310
directed_cut,synthetic_n200_p0.1,4,40,35,35,2328,1497,1534,5359
directed_cut,synthetic_n200_p0.1,4,40,36,36,2378,1539,1498,5415
directed_cut,synthetic_n200_p0.1,4,40,37,37,2427,1592,1463,5482
directed_cut,synthetic_n200_p0.1,4,40,38,38,2476,1632,1434,5542
directed_cut,synthetic_n200_p0.1,4,40,39,39,2525,1685,1396,5606
directed_cut,synthetic_n200_p0.1,4,40,40,40,2571,1750,1360,5681
directed_cut,synthetic_n200_p0.1,4,45,0,0,0,0,3183,3183
directed_cut,synthetic_n200_p0.1,4,45,1,1,84,76,3139,3299
directed_cut,synthetic_n200_p0.1,4,45,2,2,166,119,3085,3370
directed_cut,synthetic_n200_p0.1,4,45,3,3,247,160,3038,3445
directed_cut,synthetic_n200_p0.1,4,45,4,4,328,182,2988,3498
directed_cut,synthetic_n200_p0.1,4,45,5,5,408,213,2949,3570
directed_cut,synthetic_n200_p0.1,4,45,6,6,486,276,2909,3671
directed_cut,synthetic_n200_p0.1,4,45,7,7,563,310,2858,3731
directed_cut,synthetic_n200_p0.1,4,45,8,8,640,338,2812,3790
directed_cut,synthetic_n200_p0.1,4,45,9,9,717,391,2756,3864
directed_cut,synthetic_n200_p0.1,4,45,10,10,793,436,2711,3940
directed_cut,synthetic_n200_p0.1,4,45,11,11,867,481,2670,4018
directed_cut,synthetic_n200_p0.1,4,45,12,12,940,521,2620,4081
directed_cut,synthetic_n200_p0.1,4,45,13,13,1013,582,2574,4169
directed_cut,synthetic_n200_p0.1,4,45,14,14,1085,635,2521,4241
directed_cut,synthetic_n200_p0.1,4,45,15,15,1156,703,2466,4325
directed_cut,synthetic_n200_p0.1,4,45,16,16,1223,747,2423,4393
directed_cut,synthetic_n200_p0.1,4,45,17,17,1289,773,2383,4445
directed_cut,synthetic_n200_p0.1,4,45,18,18,1355,815,2343,4513
directed_cut,synthetic_n200_p0.1,4,45,19,19,1419,853,2306,4578
directed_cut,synthetic_n200_p0.1,4,45,20,20,1483,900,2265,4648
directed_cut,synthetic_n200_p0.1,4,45,21,21,1545,927,2231,4703
directed_cut,synthetic_n200_p0.1,4,45,22,22,1607,983,2185,4775
directed_cut,synthetic_n200_p0.1,4,45,23,23,1669,1061,2138,4868
directed_cut,synthetic_n200_p0.1,4,45,24,24,1729,1101,2082,4912
directed_cut,synthetic_n200_p0.1,4,45,25,25,1789,1135,2038,4962
directed_cut,synthetic_n200_p0.1,4,45,26,26,1849,1152,1998,4999
directed_cut,synthetic_n200_p0.1,4,45,27,27,1907,1182,1959,5048
directed_cut,synthetic_n200_p0.1,4,45,28,28,1964,1219,1923,5106
directed_cut,synthetic_n200_p0.1,4,45,29,29,2019,1244,1893,5156
directed_cut,synthetic_n200_p0.1,4,45,30,30,2073,1292,1862,5227
directed_cut,synthetic_n200_p0.1,4,45,31,31,2125,1334,1826,5285
directed_cut,synthetic_n200_p0.1,4,45,32,32,2177,1379,1793,5349
directed_cut,synthetic_n200_p0.1,4,45,33,33,2228,1420,1751,5399
directed_cut,synthetic_n200_p0.1,4,45,34,34,2278,1459,1717,5454
directed_cut,synthetic_n200_p0.1,4,45,35,35,2328,1497,1673,5498
directed_cut,synthetic_n200_p0.1,4,45,36,36,2378,1539,1634,5551
directed_cut,synthetic_n200_p0.1,4,45,37,37,2427,1592,1594,5613
directed_cut,synthetic_n200_p0.1,4,45,38,38,2476,1632,1561,5669
directed_cut,synthetic_n200_p0.1,4,45,39,39,2525,1685,1520,5730
directed_cut,synthetic_n200_p0.1,4,45,40,40,2571,1750,1481,5802
directed_cut,synthetic_n200_p0.1,4,45,41,41,2617,1810,1442,5869
directed_cut,synthetic_n200_p0.1,4,45,42,42,2662,1836,1409,5907
directed_cut,synthetic_n200_p0.1,4,45,43,43,2707,1888,1371,5966
directed_cut,synthetic_n200_p0.1,4,45,44,44,2752,1939,1336,6027
directed_cut,synthetic_n200_p0.1,4,45,45,45,2795,1971,1303,6069
directed_cut,synthetic_n200_p0.1,4,50,0,0,0,0,3461,3461
directed_cut,synthetic_n200_p0.1,4,50,1,1,84,76,3410,3570
directed_cut,synthetic_n200_p0.1,4,50,2,2,166,119,3351,3636
directed_cut,synthetic_n200_p0.1,4,50,3,3,247,160,3299,3706
directed_cut,synthetic_n200_p0.1,4,50,4,4,328,182,3244,3754
directed_cut,synthetic_n200_p0.1,4,50,5,5,408,213,3198,3819
directed_cut,synthetic_n200_p0.1,4,50,6,6,486,276,3151,3913
directed_cut,synthetic_n200_p0.1,4,50,7,7,563,310,3096,3969
directed_cut,synthetic_n200_p0.1,4,50,8,8,640,338,3046,4024
directed_cut,synthetic_n200_p0.1,4,50,9,9,717,391,2985,4093
directed_cut,synthetic_n200_p0.1,4,50,10,10,793,436,2938,4167
directed_cut,synthetic_n200_p0.1,4,50,11,11,867,481,2890,4238
directed_cut,synthetic_n200_p0.1,4,50,12,12,940,521,2837,4298
directed_cut,synthetic_n200_p0.1,4,50,13,13,1013,582,2786,4381
directed_cut,synthetic_n200_p0.1,4,50,14,14,1085,635,2730,4450
directed_cut,synthetic_n200_p0.1,4,50,15,15,1156,703,2674,4533
directed_cut,synthetic_n200_p0.1,4,50,16,16,1223,747,2625,4595
directed_cut,synthetic_n200_p0.1,4,50,17,17,1289,773,2581,4643
directed_cut,synthetic_n200_p0.1,4,50,18,18,1355,815,2538,4708
directed_cut,synthetic_n200_p0.1,4,50,19,19,1419,853,2495,4767
directed_cut,synthetic_n200_p0.1,4,50,20,20,1483,900,2452,4835
directed_cut,synthetic_n200_p0.1,4,50,21,21,1545,927,2413,4885
directed_cut,synthetic_n200_p0.1,4,50,22,22,1607,983,2362,4952
directed_cut,synthetic_n200_p0.1,4,50,23,23,1669,1061,2307,5037
directed_cut,synthetic_n200_p0.1,4,50,24,24,1729,1101,2250,5080
directed_cut,synthetic_n200_p0.1,4,50,25,25,1789,1135,2203,5127
directed_cut,synthetic_n200_p0.1,4,50,26,26,1849,1152,2161,5162
directed_cut,synthetic_n200_p0.1,4,50,27,27,1907,1182,2121,5210
directed_cut,synthetic_n200_p0.1,4,50,28,28,1964,1219,2083,5266
directed_cut,synthetic_n200_p0.1,4,50,29,29,2019,1244,2049,5312
directed_cut,synthetic_n200_p0.1,4,50,30,30,2073,1292,2012,5377
directed_cut,synthetic_n200_p0.1,4,50,31,31,2125,1334,1974,5433
directed_cut,synthetic_n200_p0.1,4,50,32,32,2177,1379,1937,5493
directed_cut,synthetic_n200_p0.1,4,50,33,33,2228,1420,1892,5540
directed_cut,synthetic_n200_p0.1,4,50,34,34,2278,1459,1854,5591
directed_cut,synthetic_n200_p0.1,4,50,35,35,2328,1497,1807,5632
directed_cut,synthetic_n200_p0.1,4,50,36,36,2378,1539,1765,5682
directed_cut,synthetic_n200_p0.1,4,50,37,37,2427,1592,1719,5738
directed_cut,synthetic_n200_p0.1,4,50,38,38,2476,1632,1682,5790
directed_cut,synthetic_n200_p0.1,4,50,39,39,2525,1685,1638,5848
directed_cut,synthetic_n200_p0.1,4,50,40,40,2571,1750,1595,5916
directed_cut,synthetic_n200_p0.1,4,50,41,41,2617,1810,1554,5981
directed_cut,synthetic_n200_p0.1,4,50,42,42,2662,1836,1511,6009
directed_cut,synthetic_n200_p0.1,4,50,43,43,2707,1888,1469,6064
directed_cut,synthetic_n200_p0.1,4,50,44,44,2752,1939,1433,6124
directed_cut,synthetic_n200_p0.1,4,50,45,45,2795,1971,1399,6165
directed_cut,synthetic_n200_p0.1,4,50,46,46,2835,1998,1367,6200
directed_cut,synthetic_n200_p0.1,4,50,47,47,2873,2059,1316,6248
directed_cut,synthetic_n200_p0.1,4,50,48,48,2911,2112,1273,6296
directed_cut,synthetic_n200_p0.1,4,50,49,49,2948,2148,1235,6331
directed_cut,synthetic_n200_p0.1,4,50,50,50,2984,2210,1196,6390
directed_cut,synthetic_n200_p0.1,4,55,0,0,0,0,3720,3720
directed_cut,synthetic_n200_p0.1,4,55,1,1,84,76,3662,3822
directed_cut,synthetic_n200_p0.1,4,55,2,2,166,119,3599,3884
directed_cut,synthetic_n200_p0.1,4,55,3,3,247,160,3541,3948
directed_cut,synthetic_n200_p0.1,4,55,4,4,328,182,3485,3995
directed_cut,synthetic_n200_p0.1,4,55,5,5,408,213,3434,4055
directed_cut,synthetic_n200_p0.1,4,55,6,6,486,276,3380,4142
directed_cut,synthetic_n200_p0.1,4,55,7,7,563,310,3322,4195
directed_cut,synthetic_n200_p0.1,4,55,8,8,640,338,3269,4247
directed_cut,synthetic_n200_p0.1,4,55,9,9,717,391,3204,4312
directed_cut,synthetic_n200_p0.1,4,55,10,10,793,436,3155,4384
directed_cut,synthetic_n200_p0.1,4,55,11,11,867,481,3101,4449
directed_cut,synthetic_n200_p0.1,4,55,12,12,940,521,3045,4506
directed_cut,synthetic_n200_p0.1,4,55,13,13,1013,582,2992,4587
directed_cut,synthetic_n200_p0.1,4,55,14,14,1085,635,2933,4653
directed_cut,synthetic_n200_p0.1,4,55,15,15,1156,703,2876,4735
directed_cut,synthetic_n200_p0.1,4,55,16,16,1223,747,2820,4790
directed_cut,synthetic_n200_p0.1,4,55,17,17,1289,773,2772,4834
directed_cut,synthetic_n200_p0.1,4,55,18,18,1355,815,2725,4895
directed_cut,synthetic_n200_p0.1,4,55,19,19,1419,853,2675,4947
directed_cut,synthetic_n200_p0.1,4,55,20,20,1483,900,2631,5014
directed_cut,synthetic_n200_p0.1,4,55,21,21,1545,927,2589,5061
directed_cut,synthetic_n200_p0.1,4,55,22,22,1607,983,2531,5121
directed_cut,synthetic_n200_p0.1,4,55,23,23,1669,1061,2472,5202
directed_cut,synthetic_n200_p0.1,4,55,24,24,1729,1101,2415,5245
directed_cut,synthetic_n200_p0.1,4,55,25,25,1789,1135,2363,5287
directed_cut,synthetic_n200_p0.1,4,55,26,26,1849,1152,2319,5320
directed_cut,synthetic_n200_p0.1,4,55,27,27,1907,1182,2278,5367
directed_cut,synthetic_n200_p0.1,4,55,28,28,1964,1219,2236,5419
directed_cut,synthetic_n200_p0.1,4,55,29,29,2019,1244,2197,5460
directed_cut,synthetic_n200_p0.1,4,55,30,30,2073,1292,2155,5520
directed_cut,synthetic_n200_p0.1,4,55,31,31,2125,1334,2113,5572
directed_cut,synthetic_n200_p0.1,4,55,32,32,2177,1379,2074,5630
directed_cut,synthetic_n200_p0.1,4,55,33,33,2228,1420,2026,5674
directed_cut,synthetic_n200_p0.1,4,55,34,34,2278,1459,1985,5722
directed_cut,synthetic_n200_p0.1,4,55,35,35,2328,1497,1936,5761
directed_cut,synthetic_n200_p0.1,4,55,36,36,2378,1539,1890,5807
directed_cut,synthetic_n200_p0.1,4,55,37,37,2427,1592,1838,5857
directed_cut,synthetic_n200_p0.1,4,55,38,38,2476,1632,1797,5905
directed_cut,synthetic_n200_p0.1,4,55,39,39,2525,1685,1752,5962
directed_cut,synthetic_n200_p0.1,4,55,40,40,2571,1750,1698,6019
directed_cut,synthetic_n200_p0.1,4,55,41,41,2617,1810,1654,6081
directed_cut,synthetic_n200_p0.1,4,55,42,42,2662,1836,1608,6106
directed_cut,synthetic_n200_p0.1,4,55,43,43,2707,1888,1564,6159
directed_cut,synthetic_n200_p0.1,4,55,44,44,2752,1939,1525,6216
directed_cut,synthetic_n200_p0.1,4,55,45,45,2795,1971,1491,6257
directed_cut,synthetic_n200_p0.1,4,55,46,46,2835,1998,1456,6289
directed_cut,synthetic_n200_p0.1,4,55,47,47,2873,2059,1401,6333
directed_cut,synthetic_n200_p0.1,4,55,48,48,2911,2112,1352,6375
directed_cut,synthetic_n200_p0.1,4,55,49,49,2948,2148,1312,6408
directed_cut,synthetic_n200_p0.1,4,55,50,50,2984,2210,1271,6465
directed_cut,synthetic_n200_p0.1,4,55,51,51,3020,2272,1236,6528
directed_cut,synthetic_n200_p0.1,4,55,52,52,3055,2304,1197,6556
directed_cut,synthetic_n200_p0.1,4,55,53,53,3089,2341,1170,6600
directed_cut,synthetic_n200_p0.1,4,55,54,54,3122,2391,1131,6644
directed_cut,synthetic_n200_p0.1,4,55,55,55,3155,2462,1086,6703
directed_cut,synthetic_n200_p0.1,4,60,0,0,0,0,3964,3964
directed_cut,synthetic_n200_p0.1,4,60,1,1,84,76,3902,4062
directed_cut,synthetic_n200_p0.1,4,60,2,2,166,119,3836,4121
directed_cut,synthetic_n200_p0.1,4,60,3,3,247,160,3769,4176
directed_cut,synthetic_n200_p0.1,4,60,4,4,328,182,3711,4221
directed_cut,synthetic_n200_p0.1,4,60,5,5,408,213,3657,4278
directed_cut,synthetic_n200_p0.1,4,60,6,6,486,276,3601,4363
directed_cut,synthetic_n200_p0.1,4,60,7,7,563,310,3539,4412
directed_cut,synthetic_n200_p0.1,4,60,8,8,640,338,3482,4460
directed_cut,synthetic_n200_p0.1,4,60,9,9,717,391,3416,4524
directed_cut,synthetic_n200_p0.1,4,60,10,10,793,436,3363,4592
directed_cut,synthetic_n200_p0.1,4,60,11,11,867,481,3306,4654
directed_cut,synthetic_n200_p0.1,4,60,12,12,940,521,3249,4710
directed_cut,synthetic_n200_p0.1,4,60,13,13,1013,582,3194,4789
directed_cut,synthetic_n200_p0.1,4,60,14,14,1085,635,3129,4849
directed_cut,synthetic_n200_p0.1,4,60,15,15,1156,703,3071,4930
directed_cut,synthetic_n200_p0.1,4,60,16,16,1223,747,3010,4980
directed_cut,synthetic_n200_p0.1,4,60,17,17,1289,773,2955,5017
directed_cut,synthetic_n200_p0.1,4,60,18,18,1355,815,2903,5073
directed_cut,synthetic_n200_p0.1,4,60,19,19,1419,853,2850,5122
directed_cut,synthetic_n200_p0.1,4,60,20,20,1483,900,2803,5186
directed_cut,synthetic_n200_p0.1,4,60,21,21,1545,927,2759,5231
directed_cut,synthetic_n200_p0.1,4,60,22,22,1607,983,2696,5286
directed_cut,synthetic_n200_p0.1,4,60,23,23,1669,1061,2631,5361
directed_cut,synthetic_n200_p0.1,4,60,24,24,1729,1101,2573,5403
directed_cut,synthetic_n200_p0.1,4,60,25,25,1789,1135,2518,5442
directed_cut,synthetic_n200_p0.1,4,60,26,26,1849,1152,2471,5472
directed_cut,synthetic_n200_p0.1,4,60,27,27,1907,1182,2429,5518
directed_cut,synthetic_n200_p0.1,4,60,28,28,1964,1219,2383,5566
directed_cut,synthetic_n200_p0.1,4,60,29,29,2019,1244,2338,5601
directed_cut,synthetic_n200_p0.1,4,60,30,30,2073,1292,2293,5658
directed_cut,synthetic_n200_p0.1,4,60,31,31,2125,1334,2246,5705
directed_cut,synthetic_n200_p0.1,4,60,32,32,2177,1379,2203,5759
directed_cut,synthetic_n200_p0.1,4,60,33,33,2228,1420,2153,5801
directed_cut,synthetic_n200_p0.1,4,60,34,34,2278,1459,2110,5847
directed_cut,synthetic_n200_p0.1,4,60,35,35,2328,1497,2058,5883
directed_cut,synthetic_n200_p0.1,4,60,36,36,2378,1539,2009,5926
directed_cut,synthetic_n200_p0.1,4,60,37,37,2427,1592,1953,5972
directed_cut,synthetic_n200_p0.1,4,60,38,38,2476,1632,1906,6014
directed_cut,synthetic_n200_p0.1,4,60,39,39,2525,1685,1854,6064
directed_cut,synthetic_n200_p0.1,4,60,40,40,2571,1750,1797,6118
directed_cut,synthetic_n200_p0.1,4,60,41,41,2617,1810,1749,6176
directed_cut,synthetic_n200_p0.1,4,60,42,42,2662,1836,1702,6200
directed_cut,synthetic_n200_p0.1,4,60,43,43,2707,1888,1654,6249
directed_cut,synthetic_n200_p0.1,4,60,44,44,2752,1939,1614,6305
directed_cut,synthetic_n200_p0.1,4,60,45,45,2795,1971,1578,6344
directed_cut,synthetic_n200_p0.1,4,60,46,46,2835,1998,1538,6371
directed_cut,synthetic_n200_p0.1,4,60,47,47,2873,2059,1480,6412
directed_cut,synthetic_n200_p0.1,4,60,48,48,2911,2112,1427,6450
directed_cut,synthetic_n200_p0.1,4,60,49,49,2948,2148,1387,6483
directed_cut,synthetic_n200_p0.1,4,60,50,50,2984,2210,1346,6540
directed_cut,synthetic_n200_p0.1,4,60,51,51,3020,2272,1309,6601
directed_cut,synthetic_n200_p0.1,4,60,52,52,3055,2304,1265,6624
directed_cut,synthetic_n200_p0.1,4,60,53,53,3089,2341,1234,6664
directed_cut,synthetic_n200_p0.1,4,60,54,54,3122,2391,1188,6701
directed_cut,synthetic_n200_p0.1,4,60,55,55,3155,2462,1138,6755
directed_cut,synthetic_n200_p0.1,4,60,56,56,3188,2508,1104,6800
directed_cut,synthetic_n200_p0.1,4,60,57,57,3220,2552,1062,6834
directed_cut,synthetic_n200_p0.1,4,60,58,58,3252,2591,1023,6866
directed_cut,synthetic_n200_p0.1,4,60,59,59,3283,2637,993,6913
directed_cut,synthetic_n200_p0.1,4,60,60,60,3310,2698,925,6933
directed_cut,synthetic_n200_p0.1,4,65,0,0,0,0,4199,4199
directed_cut,synthetic_n200_p0.1,4,65,1,1,84,76,4133,4293
directed_cut,synthetic_n200_p0.1,4,65,2,2,166,119,4063,4348
directed_cut,synthetic_n200_p0.1,4,65,3,3,247,160,3991,4398
directed_cut,synthetic_n200_p0.1,4,65,4,4,328,182,3929,4439
directed_cut,synthetic_n200_p0.1,4,65,5,5,408,213,3874,4495
directed_cut,synthetic_n200_p0.1,4,65,6,6,486,276,3813,4575
directed_cut,synthetic_n200_p0.1,4,65,7,7,563,310,3749,4622
directed_cut,synthetic_n200_p0.1,4,65,8,8,640,338,3689,4667
directed_cut,synthetic_n200_p0.1,4,65,9,9,717,391,3621,4729
directed_cut,synthetic_n200_p0.1,4,65,10,10,793,436,3567,4796
directed_cut,synthetic_n200_p0.1,4,65,11,11,867,481,3507,4855
directed_cut,synthetic_n200_p0.1,4,65,12,12,940,521,3448,4909
directed_cut,synthetic_n200_p0.1,4,65,13,13,1013,582,3390,4985
directed_cut,synthetic_n200_p0.1,4,65,14,14,1085,635,3322,5042
directed_cut,synthetic_n200_p0.1,4,65,15,15,1156,703,3262,5121
directed_cut,synthetic_n200_p0.1,4,65,16,16,1223,747,3190,5160
directed_cut,synthetic_n200_p0.1,4,65,17,17,1289,773,3133,5195
directed_cut,synthetic_n200_p0.1,4,65,18,18,1355,815,3074,5244
directed_cut,synthetic_n200_p0.1,4,65,19,19,1419,853,3018,5290
directed_cut,synthetic_n200_p0.1,4,65,20,20,1483,900,2969,5352
directed_cut,synthetic_n200_p0.1,4,65,21,21,1545,927,2924,5396
directed_cut,synthetic_n200_p0.1,4,65,22,22,1607,983,2856,5446
directed_cut,synthetic_n200_p0.1,4,65,23,23,1669,1061,2783,5513
directed_cut,synthetic_n200_p0.1,4,65,24,24,1729,1101,2726,5556
directed_cut,synthetic_n200_p0.1,4,65,25,25,1789,1135,2667,5591
directed_cut,synthetic_n200_p0.1,4,65,26,26,1849,1152,2617,5618
directed_cut,synthetic_n200_p0.1,4,65,27,27,1907,1182,2574,5663
directed_cut,synthetic_n200_p0.1,4,65,28,28,1964,1219,2523,5706
directed_cut,synthetic_n200_p0.1,4,65,29,29,2019,1244,2474,5737
directed_cut,synthetic_n200_p0.1,4,65,30,30,2073,1292,2422,5787
directed_cut,synthetic_n200_p0.1,4,65,31,31,2125,1334,2371,5830
directed_cut,synthetic_n200_p0.1,4,65,32,32,2177,1379,2328,5884
directed_cut,synthetic_n200_p0.1,4,65,33,33,2228,1420,2277,5925
directed_cut,synthetic_n200_p0.1,4,65,34,34,2278,1459,2231,5968
directed_cut,synthetic_n200_p0.1,4,65,35,35,2328,1497,2175,6000
directed_cut,synthetic_n200_p0.1,4,65,36,36,2378,1539,2124,6041
directed_cut,synthetic_n200_p0.1,4,65,37,37,2427,1592,2063,6082
directed_cut,synthetic_n200_p0.1,4,65,38,38,2476,1632,2006,6114
directed_cut,synthetic_n200_p0.1,4,65,39,39,2525,1685,1950,6160
directed_cut,synthetic_n200_p0.1,4,65,40,40,2571,1750,1892,6213
directed_cut,synthetic_n200_p0.1,4,65,41,41,2617,1810,1841,6268
directed_cut,synthetic_n200_p0.1,4,65,42,42,2662,1836,1792,6290
directed_cut,synthetic_n200_p0.1,4,65,43,43,2707,1888,1741,6336
directed_cut,synthetic_n200_p0.1,4,65,44,44,2752,1939,1697,6388
directed_cut,synthetic_n200_p0.1,4,65,45,45,2795,1971,1658,6424
directed_cut,synthetic_n200_p0.1,4,65,46,46,2835,1998,1615,6448
directed_cut,synthetic_n200_p0.1,4,65,47,47,2873,2059,1555,6487
directed_cut,synthetic_n200_p0.1,4,65,48,48,2911,2112,1502,6525
directed_cut,synthetic_n200_p0.1,4,65,49,49,2948,2148,1461,6557
directed_cut,synthetic_n200_p0.1,4,65,50,50,2984,2210,1417,6611
directed_cut,synthetic_n200_p0.1,4,65,51,51,3020,2272,1374,6666
directed_cut,synthetic_n200_p0.1,4,65,52,52,3055,2304,1322,6681
directed_cut,synthetic_n200_p0.1,4,65,53,53,3089,2341,1289,6719
directed_cut,synthetic_n200_p0.1,4,65,54,54,3122,2391,1239,6752
directed_cut,synthetic_n200_p0.1,4,65,55,55,3155,2462,1188,6805
directed_cut,synthetic_n200_p0.1,4,65,56,56,3188,2508,1152,6848
directed_cut,synthetic_n200_p0.1,4,65,57,57,3220,2552,1105,6877
directed_cut,synthetic_n200_p0.1,4,65,58,58,3252,2591,1061,6904
directed_cut,synthetic_n200_p0.1,4,65,59,59,3283,2637,1029,6949
directed_cut,synthetic_n200_p0.1,4,65,60,60,3310,2698,955,6963
directed_cut,synthetic_n200_p0.1,4,65,61,61,3337,2728,911,6976
directed_cut,synthetic_n200_p0.1,4,65,62,62,3363,2752,871,6986
directed_cut,synthetic_n200_p0.1,4,65,63,63,3389,2777,848,7014
directed_cut,synthetic_n200_p0.1,4,65,64,64,3414,2818,792,7024
directed_cut,synthetic_n200_p0.1,4,65,65,65,3439,2859,741,7039
directed_cut,synthetic_n200_p0.1,4,70,0,0,0,0,4426,4426
directed_cut,synthetic_n200_p0.1,4,70,1,1,84,76,4356,4516
directed_cut,synthetic_n200_p0.1,4,70,2,2,166,119,4283,4568
directed_cut,synthetic_n200_p0.1,4,70,3,3,247,160,4205,4612
directed_cut,synthetic_n200_p0.1,4,70,4,4,328,182,4141,4651
directed_cut,synthetic_n200_p0.1,4,70,5,5,408,213,4085,4706
directed_cut,synthetic_n200_p0.1,4,70,6,6,486,276,4019,4781
directed_cut,synthetic_n200_p0.1,4,70,7,7,563,310,3954,4827
directed_cut,synthetic_n200_p0.1,4,70,8,8,640,338,3892,4870
directed_cut,synthetic_n200_p0.1,4,70,9,9,717,391,3823,4931
directed_cut,synthetic_n200_p0.1,4,70,10,10,793,436,3766,4995
directed_cut,synthetic_n200_p0.1,4,70,11,11,867,481,3702,5050
directed_cut,synthetic_n200_p0.1,4,70,12,12,940,521,3642,5103
directed_cut,synthetic_n200_p0.1,4,70,13,13,1013,582,3582,5177
directed_cut,synthetic_n200_p0.1,4,70,14,14,1085,635,3507,5227
directed_cut,synthetic_n200_p0.1,4,70,15,15,1156,703,3444,5303
directed_cut,synthetic_n200_p0.1,4,70,16,16,1223,747,3364,5334
directed_cut,synthetic_n200_p0.1,4,70,17,17,1289,773,3301,5363
directed_cut,synthetic_n200_p0.1,4,70,18,18,1355,815,3239,5409
directed_cut,synthetic_n200_p0.1,4,70,19,19,1419,853,3182,5454
directed_cut,synthetic_n200_p0.1,4,70,20,20,1483,900,3131,5514
directed_cut,synthetic_n200_p0.1,4,70,21,21,1545,927,3086,5558
directed_cut,synthetic_n200_p0.1,4,70,22,22,1607,983,3010,5600
directed_cut,synthetic_n200_p0.1,4,70,23,23,1669,1061,2929,5659
directed_cut,synthetic_n200_p0.1,4,70,24,24,1729,1101,2873,5703
directed_cut,synthetic_n200_p0.1,4,70,25,25,1789,1135,2810,5734
directed_cut,synthetic_n200_p0.1,4,70,26,26,1849,1152,2758,5759
directed_cut,synthetic_n200_p0.1,4,70,27,27,1907,1182,2714,5803
directed_cut,synthetic_n200_p0.1,4,70,28,28,1964,1219,2657,5840
directed_cut,synthetic_n200_p0.1,4,70,29,29,2019,1244,2603,5866
directed_cut,synthetic_n200_p0.1,4,70,30,30,2073,1292,2546,5911
directed_cut,synthetic_n200_p0.1,4,70,31,31,2125,1334,2491,5950
directed_cut,synthetic_n200_p0.1,4,70,32,32,2177,1379,2447,6003
directed_cut,synthetic_n200_p0.1,4,70,33,33,2228,1420,2394,6042
directed_cut,synthetic_n200_p0.1,4,70,34,34,2278,1459,2346,6083
directed_cut,synthetic_n200_p0.1,4,70,35,35,2328,1497,2289,6114
directed_cut,synthetic_n200_p0.1,4,70,36,36,2378,1539,2230,6147
directed_cut,synthetic_n200_p0.1,4,70,37,37,2427,1592,2163,6182
directed_cut,synthetic_n200_p0.1,4,70,38,38,2476,1632,2101,6209
directed_cut,synthetic_n200_p0.1,4,70,39,39,2525,1685,2042,6252
directed_cut,synthetic_n200_p0.1,4,70,40,40,2571,1750,1982,6303
directed_cut,synthetic_n200_p0.1,4,70,41,41,2617,1810,1928,6355
directed_cut,synthetic_n200_p0.1,4,70,42,42,2662,1836,1877,6375
directed_cut,synthetic_n200_p0.1,4,70,43,43,2707,1888,1822,6417
directed_cut,synthetic_n200_p0.1,4,70,44,44,2752,1939,1776,6467
directed_cut,synthetic_n200_p0.1,4,70,45,45,2795,1971,1733,6499
directed_cut,synthetic_n200_p0.1,4,70,46,46,2835,1998,1690,6523
directed_cut,synthetic_n200_p0.1,4,70,47,47,2873,2059,1629,6561
directed_cut,synthetic_n200_p0.1,4,70,48,48,2911,2112,1571,6594
directed_cut,synthetic_n200_p0.1,4,70,49,49,2948,2148,1531,6627
directed_cut,synthetic_n200_p0.1,4,70,50,50,2984,2210,1480,6674
directed_cut,synthetic_n200_p0.1,4,70,51,51,3020,2272,1429,6721
directed_cut,synthetic_n200_p0.1,4,70,52,52,3055,2304,1374,6733
directed_cut,synthetic_n200_p0.1,4,70,53,53,3089,2341,1340,6770
directed_cut,synthetic_n200_p0.1,4,70,54,54,3122,2391,1287,6800
directed_cut,synthetic_n200_p0.1,4,70,55,55,3155,2462,1232,6849
directed_cut,synthetic_n200_p0.1,4,70,56,56,3188,2508,1192,6888
directed_cut,synthetic_n200_p0.1,4,70,57,57,3220,2552,1142,6914
directed_cut,synthetic_n200_p0.1,4,70,58,58,3252,2591,1095,6938
directed_cut,synthetic_n200_p0.1,4,70,59,59,3283,2637,1060,6980
directed_cut,synthetic_n200_p0.1,4,70,60,60,3310,2698,979,6987
directed_cut,synthetic_n200_p0.1,4,70,61,61,3337,2728,931,6996
directed_cut,synthetic_n200_p0.1,4,70,62,62,3363,2752,889,7004
directed_cut,synthetic_n200_p0.1,4,70,63,63,3389,2777,863,7029
directed_cut,synthetic_n200_p0.1,4,70,64,64,3414,2818,802,7034
directed_cut,synthetic_n200_p0.1,4,70,65,65,3439,2859,745,7043
directed_cut,synthetic_n200_p0.1,4,70,66,66,3463,2886,711,7060
directed_cut,synthetic_n200_p0.1,4,70,67,67,3487,2931,673,7091
directed_cut,synthetic_n200_p0.1,4,70,68,68,3511,2976,620,7107
directed_cut,synthetic_n200_p0.1,4,70,69,69,3535,3042,547,7124
directed_cut,synthetic_n200_p0.1,4,70,70,70,3558,3071,516,7145
directed_cut,synthetic_n200_p0.1,4,75,0,0,0,0,4649,4649
directed_cut,synthetic_n200_p0.1,4,75,1,1,84,76,4574,4734
directed_cut,synthetic_n200_p0.1,4,75,2,2,166,119,4498,4783
directed_cut,synthetic_n200_p0.1,4,75,3,3,247,160,4415,4822
directed_cut,synthetic_n200_p0.1,4,75,4,4,328,182,4347,4857
directed_cut,synthetic_n200_p0.1,4,75,5,5,408,213,4290,4911
directed_cut,synthetic_n200_p0.1,4,75,6,6,486,276,4220,4982
directed_cut,synthetic_n200_p0.1,4,75,7,7,563,310,4154,5027
directed_cut,synthetic_n200_p0.1,4,75,8,8,640,338,4092,5070
directed_cut,synthetic_n200_p0.1,4,75,9,9,717,391,4020,5128
directed_cut,synthetic_n200_p0.1,4,75,10,10,793,436,3961,5190
directed_cut,synthetic_n200_p0.1,4,75,11,11,867,481,3892,5240
directed_cut,synthetic_n200_p0.1,4,75,12,12,940,521,3829,5290
directed_cut,synthetic_n200_p0.1,4,75,13,13,1013,582,3763,5358
directed_cut,synthetic_n200_p0.1,4,75,14,14,1085,635,3683,5403
directed_cut,synthetic_n200_p0.1,4,75,15,15,1156,703,3618,5477
directed_cut,synthetic_n200_p0.1,4,75,16,16,1223,747,3530,5500
directed_cut,synthetic_n200_p0.1,4,75,17,17,1289,773,3465,5527
directed_cut,synthetic_n200_p0.1,4,75,18,18,1355,815,3397,5567
directed_cut,synthetic_n200_p0.1,4,75,19,19,1419,853,3340,5612
directed_cut,synthetic_n200_p0.1,4,75,20,20,1483,900,3287,5670
directed_cut,synthetic_n200_p0.1,4,75,21,21,1545,927,3240,5712
directed_cut,synthetic_n200_p0.1,4,75,22,22,1607,983,3157,5747
directed_cut,synthetic_n200_p0.1,4,75,23,23,1669,1061,3069,5799
directed_cut,synthetic_n200_p0.1,4,75,24,24,1729,1101,3014,5844
directed_cut,synthetic_n200_p0.1,4,75,25,25,1789,1135,2950,5874
directed_cut,synthetic_n200_p0.1,4,75,26,26,1849,1152,2896,5897
directed_cut,synthetic_n200_p0.1,4,75,27,27,1907,1182,2850,5939
directed_cut,synthetic_n200_p0.1,4,75,28,28,1964,1219,2783,5966
directed_cut,synthetic_n200_p0.1,4,75,29,29,2019,1244,2727,5990
directed_cut,synthetic_n200_p0.1,4,75,30,30,2073,1292,2666,6031
directed_cut,synthetic_n200_p0.1,4,75,31,31,2125,1334,2607,6066
directed_cut,synthetic_n200_p0.1,4,75,32,32,2177,1379,2562,6118
directed_cut,synthetic_n200_p0.1,4,75,33,33,2228,1420,2505,6153
directed_cut,synthetic_n200_p0.1,4,75,34,34,2278,1459,2454,6191
directed_cut,synthetic_n200_p0.1,4,75,35,35,2328,1497,2391,6216
directed_cut,synthetic_n200_p0.1,4,75,36,36,2378,1539,2326,6243
directed_cut,synthetic_n200_p0.1,4,75,37,37,2427,1592,2258,6277
directed_cut,synthetic_n200_p0.1,4,75,38,38,2476,1632,2192,6300
directed_cut,synthetic_n200_p0.1,4,75,39,39,2525,1685,2132,6342
directed_cut,synthetic_n200_p0.1,4,75,40,40,2571,1750,2068,6389
directed_cut,synthetic_n200_p0.1,4,75,41,41,2617,1810,2010,6437
directed_cut,synthetic_n200_p0.1,4,75,42,42,2662,1836,1958,6456
directed_cut,synthetic_n200_p0.1,4,75,43,43,2707,1888,1899,6494
directed_cut,synthetic_n200_p0.1,4,75,44,44,2752,1939,1851,6542
directed_cut,synthetic_n200_p0.1,4,75,45,45,2795,1971,1806,6572
directed_cut,synthetic_n200_p0.1,4,75,46,46,2835,1998,1760,6593
directed_cut,synthetic_n200_p0.1,4,75,47,47,2873,2059,1696,6628
directed_cut,synthetic_n200_p0.1,4,75,48,48,2911,2112,1628,6651
directed_cut,synthetic_n200_p0.1,4,75,49,49,2948,2148,1590,6686
directed_cut,synthetic_n200_p0.1,4,75,50,50,2984,2210,1535,6729
directed_cut,synthetic_n200_p0.1,4,75,51,51,3020,2272,1481,6773
directed_cut,synthetic_n200_p0.1,4,75,52,52,3055,2304,1423,6782
directed_cut,synthetic_n200_p0.1,4,75,53,53,3089,2341,1387,6817
directed_cut,synthetic_n200_p0.1,4,75,54,54,3122,2391,1330,6843
directed_cut,synthetic_n200_p0.1,4,75,55,55,3155,2462,1270,6887
directed_cut,synthetic_n200_p0.1,4,75,56,56,3188,2508,1227,6923
directed_cut,synthetic_n200_p0.1,4,75,57,57,3220,2552,1175,6947
directed_cut,synthetic_n200_p0.1,4,75,58,58,3252,2591,1125,6968
directed_cut,synthetic_n200_p0.1,4,75,59,59,3283,2637,1089,7009
directed_cut,synthetic_n200_p0.1,4,75,60,60,3310,2698,999,7007
directed_cut,synthetic_n200_p0.1,4,75,61,61,3337,2728,946,7011
directed_cut,synthetic_n200_p0.1,4,75,62,62,3363,2752,900,7015
directed_cut,synthetic_n200_p0.1,4,75,63,63,3389,2777,871,7037
directed_cut,synthetic_n200_p0.1,4,75,64,64,3414,2818,808,7040
directed_cut,synthetic_n200_p0.1,4,75,65,65,3439,2859,745,7043
directed_cut,synthetic_n200_p0.1,4,75,66,66,3463,2886,711,7060
directed_cut,synthetic_n200_p0.1,4,75,67,67,3487,2931,673,7091
directed_cut,synthetic_n200_p0.1,4,75,68,68,3511,2976,620,7107
directed_cut,synthetic_n200_p0.1,4,75,69,69,3535,3042,547,7124
directed_cut,synthetic_n200_p0.1,4,75,70,70,3558,3071,516,7145
directed_cut,synthetic_n200_p0.1,4,75,71,71,3580,3101,492,7173
directed_cut,synthetic_n200_p0.1,4,75,72,72,3600,3147,460,7207
directed_cut,synthetic_n200_p0.1,4,75,73,73,3620,3178,441,7239
directed_cut,synthetic_n200_p0.1,4,75,74,74,3639,3216,392,7247
directed_cut,synthetic_n200_p0.1,4,75,75,75,3657,3274,336,7267
directed_cut,synthetic_n200_p0.1,4,80,0,0,0,0,4867,4867
directed_cut,synthetic_n200_p0.1,4,80,1,1,84,76,4787,4947
directed_cut,synthetic_n200_p0.1,4,80,2,2,166,119,4707,4992
directed_cut,synthetic_n200_p0.1,4,80,3,3,247,160,4620,5027
directed_cut,synthetic_n200_p0.1,4,80,4,4,328,182,4549,5059
directed_cut,synthetic_n200_p0.1,4,80,5,5,408,213,4491,5112
directed_cut,synthetic_n200_p0.1,4,80,6,6,486,276,4416,5178
directed_cut,synthetic_n200_p0.1,4,80,7,7,563,310,4350,5223
directed_cut,synthetic_n200_p0.1,4,80,8,8,640,338,4287,5265
directed_cut,synthetic_n200_p0.1,4,80,9,9,717,391,4214,5322
directed_cut,synthetic_n200_p0.1,4,80,10,10,793,436,4149,5378
directed_cut,synthetic_n200_p0.1,4,80,11,11,867,481,4072,5420
directed_cut,synthetic_n200_p0.1,4,80,12,12,940,521,4005,5466
directed_cut,synthetic_n200_p0.1,4,80,13,13,1013,582,3938,5533
directed_cut,synthetic_n200_p0.1,4,80,14,14,1085,635,3854,5574
directed_cut,synthetic_n200_p0.1,4,80,15,15,1156,703,3783,5642
directed_cut,synthetic_n200_p0.1,4,80,16,16,1223,747,3694,5664
directed_cut,synthetic_n200_p0.1,4,80,17,17,1289,773,3622,5684
directed_cut,synthetic_n200_p0.1,4,80,18,18,1355,815,3551,5721
directed_cut,synthetic_n200_p0.1,4,80,19,19,1419,853,3494,5766
directed_cut,synthetic_n200_p0.1,4,80,20,20,1483,900,3436,5819
directed_cut,synthetic_n200_p0.1,4,80,21,21,1545,927,3387,5859
directed_cut,synthetic_n200_p0.1,4,80,22,22,1607,983,3298,5888
directed_cut,synthetic_n200_p0.1,4,80,23,23,1669,1061,3207,5937
directed_cut,synthetic_n200_p0.1,4,80,24,24,1729,1101,3153,5983
directed_cut,synthetic_n200_p0.1,4,80,25,25,1789,1135,3085,6009
directed_cut,synthetic_n200_p0.1,4,80,26,26,1849,1152,3030,6031
directed_cut,synthetic_n200_p0.1,4,80,27,27,1907,1182,2978,6067
directed_cut,synthetic_n200_p0.1,4,80,28,28,1964,1219,2905,6088
directed_cut,synthetic_n200_p0.1,4,80,29,29,2019,1244,2847,6110
directed_cut,synthetic_n200_p0.1,4,80,30,30,2073,1292,2781,6146
directed_cut,synthetic_n200_p0.1,4,80,31,31,2125,1334,2720,6179
directed_cut,synthetic_n200_p0.1,4,80,32,32,2177,1379,2667,6223
directed_cut,synthetic_n200_p0.1,4,80,33,33,2228,1420,2602,6250
directed_cut,synthetic_n200_p0.1,4,80,34,34,2278,1459,2549,6286
directed_cut,synthetic_n200_p0.1,4,80,35,35,2328,1497,2484,6309
directed_cut,synthetic_n200_p0.1,4,80,36,36,2378,1539,2418,6335
directed_cut,synthetic_n200_p0.1,4,80,37,37,2427,1592,2349,6368
directed_cut,synthetic_n200_p0.1,4,80,38,38,2476,1632,2280,6388
directed_cut,synthetic_n200_p0.1,4,80,39,39,2525,1685,2217,6427
directed_cut,synthetic_n200_p0.1,4,80,40,40,2571,1750,2149,6470
directed_cut,synthetic_n200_p0.1,4,80,41,41,2617,1810,2088,6515
directed_cut,synthetic_n200_p0.1,4,80,42,42,2662,1836,2034,6532
directed_cut,synthetic_n200_p0.1,4,80,43,43,2707,1888,1972,6567
directed_cut,synthetic_n200_p0.1,4,80,44,44,2752,1939,1922,6613
directed_cut,synthetic_n200_p0.1,4,80,45,45,2795,1971,1870,6636
directed_cut,synthetic_n200_p0.1,4,80,46,46,2835,1998,1818,6651
directed_cut,synthetic_n200_p0.1,4,80,47,47,2873,2059,1751,6683
directed_cut,synthetic_n200_p0.1,4,80,48,48,2911,2112,1681,6704
directed_cut,synthetic_n200_p0.1,4,80,49,49,2948,2148,1644,6740
directed_cut,synthetic_n200_p0.1,4,80,50,50,2984,2210,1587,6781
directed_cut,synthetic_n200_p0.1,4,80,51,51,3020,2272,1529,6821
directed_cut,synthetic_n200_p0.1,4,80,52,52,3055,2304,1467,6826
directed_cut,synthetic_n200_p0.1,4,80,53,53,3089,2341,1429,6859
directed_cut,synthetic_n200_p0.1,4,80,54,54,3122,2391,1367,6880
directed_cut,synthetic_n200_p0.1,4,80,55,55,3155,2462,1305,6922
directed_cut,synthetic_n200_p0.1,4,80,56,56,3188,2508,1257,6953
directed_cut,synthetic_n200_p0.1,4,80,57,57,3220,2552,1205,6977
directed_cut,synthetic_n200_p0.1,4,80,58,58,3252,2591,1146,6989
directed_cut,synthetic_n200_p0.1,4,80,59,59,3283,2637,1109,7029
directed_cut,synthetic_n200_p0.1,4,80,60,60,3310,2698,1012,7020
directed_cut,synthetic_n200_p0.1,4,80,61,61,3337,2728,954,7019
directed_cut,synthetic_n200_p0.1,4,80,62,62,3363,2752,905,7020
directed_cut,synthetic_n200_p0.1,4,80,63,63,3389,2777,873,7039
directed_cut,synthetic_n200_p0.1,4,80,64,64,3414,2818,808,7040
directed_cut,synthetic_n200_p0.1,4,80,65,65,3439,2859,745,7043
directed_cut,synthetic_n200_p0.1,4,80,66,66,3463,2886,711,7060
directed_cut,synthetic_n200_p0.1,4,80,67,67,3487,2931,673,7091
directed_cut,synthetic_n200_p0.1,4,80,68,68,3511,2976,620,7107
directed_cut,synthetic_n200_p0.1,4,80,69,69,3535,3042,547,7124
directed_cut,synthetic_n200_p0.1,4,80,70,70,3558,3071,516,7145
directed_cut,synthetic_n200_p0.1,4,80,71,71,3580,3101,492,7173
directed_cut,synthetic_n200_p0.1,4,80,72,72,3600,3147,460,7207
directed_cut,synthetic_n200_p0.1,4,80,73,73,3620,3178,441,7239
directed_cut,synthetic_n200_p0.1,4,80,74,74,3639,3216,392,7247
directed_cut,synthetic_n200_p0.1,4,80,75,75,3657,3274,336,7267
directed_cut,synthetic_n200_p0.1,4,80,76,76,3675,3306,312,7293
directed_cut,synthetic_n200_p0.1,4,80,77,77,3691,3365,285,7341
directed_cut,synthetic_n200_p0.1,4,80,78,78,3706,3408,256,7370
directed_cut,synthetic_n200_p0.1,4,80,79,79,3721,3430,241,7392
directed_cut,synthetic_n200_p0.1,4,80,80,80,3735,3496,194,7425
directed_cut,synthetic_n200_p0.1,4,85,0,0,0,0,5082,5082
directed_cut,synthetic_n200_p0.1,4,85,1,1,84,76,4994,5154
directed_cut,synthetic_n200_p0.1,4,85,2,2,166,119,4911,5196
directed_cut,synthetic_n200_p0.1,4,85,3,3,247,160,4820,5227
directed_cut,synthetic_n200_p0.1,4,85,4,4,328,182,4747,5257
directed_cut,synthetic_n200_p0.1,4,85,5,5,408,213,4687,5308
directed_cut,synthetic_n200_p0.1,4,85,6,6,486,276,4611,5373
directed_cut,synthetic_n200_p0.1,4,85,7,7,563,310,4543,5416
directed_cut,synthetic_n200_p0.1,4,85,8,8,640,338,4480,5458
directed_cut,synthetic_n200_p0.1,4,85,9,9,717,391,4403,5511
directed_cut,synthetic_n200_p0.1,4,85,10,10,793,436,4328,5557
directed_cut,synthetic_n200_p0.1,4,85,11,11,867,481,4246,5594
directed_cut,synthetic_n200_p0.1,4,85,12,12,940,521,4178,5639
directed_cut,synthetic_n200_p0.1,4,85,13,13,1013,582,4104,5699
directed_cut,synthetic_n200_p0.1,4,85,14,14,1085,635,4019,5739
directed_cut,synthetic_n200_p0.1,4,85,15,15,1156,703,3943,5802
directed_cut,synthetic_n200_p0.1,4,85,16,16,1223,747,3850,5820
directed_cut,synthetic_n200_p0.1,4,85,17,17,1289,773,3775,5837
directed_cut,synthetic_n200_p0.1,4,85,18,18,1355,815,3701,5871
directed_cut,synthetic_n200_p0.1,4,85,19,19,1419,853,3642,5914
directed_cut,synthetic_n200_p0.1,4,85,20,20,1483,900,3579,5962
directed_cut,synthetic_n200_p0.1,4,85,21,21,1545,927,3529,6001
directed_cut,synthetic_n200_p0.1,4,85,22,22,1607,983,3436,6026
directed_cut,synthetic_n200_p0.1,4,85,23,23,1669,1061,3342,6072
directed_cut,synthetic_n200_p0.1,4,85,24,24,1729,1101,3288,6118
directed_cut,synthetic_n200_p0.1,4,85,25,25,1789,1135,3217,6141
directed_cut,synthetic_n200_p0.1,4,85,26,26,1849,1152,3154,6155
directed_cut,synthetic_n200_p0.1,4,85,27,27,1907,1182,3100,6189
directed_cut,synthetic_n200_p0.1,4,85,28,28,1964,1219,3023,6206
directed_cut,synthetic_n200_p0.1,4,85,29,29,2019,1244,2963,6226
directed_cut,synthetic_n200_p0.1,4,85,30,30,2073,1292,2893,6258
directed_cut,synthetic_n200_p0.1,4,85,31,31,2125,1334,2823,6282
directed_cut,synthetic_n200_p0.1,4,85,32,32,2177,1379,2761,6317
directed_cut,synthetic_n200_p0.1,4,85,33,33,2228,1420,2692,6340
directed_cut,synthetic_n200_p0.1,4,85,34,34,2278,1459,2639,6376
directed_cut,synthetic_n200_p0.1,4,85,35,35,2328,1497,2573,6398
directed_cut,synthetic_n200_p0.1,4,85,36,36,2378,1539,2506,6423
directed_cut,synthetic_n200_p0.1,4,85,37,37,2427,1592,2436,6455
directed_cut,synthetic_n200_p0.1,4,85,38,38,2476,1632,2364,6472
directed_cut,synthetic_n200_p0.1,4,85,39,39,2525,1685,2299,6509
directed_cut,synthetic_n200_p0.1,4,85,40,40,2571,1750,2226,6547
directed_cut,synthetic_n200_p0.1,4,85,41,41,2617,1810,2162,6589
directed_cut,synthetic_n200_p0.1,4,85,42,42,2662,1836,2106,6604
directed_cut,synthetic_n200_p0.1,4,85,43,43,2707,1888,2033,6628
directed_cut,synthetic_n200_p0.1,4,85,44,44,2752,1939,1977,6668
directed_cut,synthetic_n200_p0.1,4,85,45,45,2795,1971,1923,6689
directed_cut,synthetic_n200_p0.1,4,85,46,46,2835,1998,1870,6703
directed_cut,synthetic_n200_p0.1,4,85,47,47,2873,2059,1803,6735
directed_cut,synthetic_n200_p0.1,4,85,48,48,2911,2112,1728,6751
directed_cut,synthetic_n200_p0.1,4,85,49,49,2948,2148,1692,6788
directed_cut,synthetic_n200_p0.1,4,85,50,50,2984,2210,1633,6827
directed_cut,synthetic_n200_p0.1,4,85,51,51,3020,2272,1571,6863
directed_cut,synthetic_n200_p0.1,4,85,52,52,3055,2304,1505,6864
directed_cut,synthetic_n200_p0.1,4,85,53,53,3089,2341,1464,6894
directed_cut,synthetic_n200_p0.1,4,85,54,54,3122,2391,1399,6912
directed_cut,synthetic_n200_p0.1,4,85,55,55,3155,2462,1335,6952
directed_cut,synthetic_n200_p0.1,4,85,56,56,3188,2508,1284,6980
directed_cut,synthetic_n200_p0.1,4,85,57,57,3220,2552,1226,6998
directed_cut,synthetic_n200_p0.1,4,85,58,58,3252,2591,1164,7007
directed_cut,synthetic_n200_p0.1,4,85,59,59,3283,2637,1126,7046
directed_cut,synthetic_n200_p0.1,4,85,60,60,3310,2698,1018,7026
directed_cut,synthetic_n200_p0.1,4,85,61,61,3337,2728,955,7020
directed_cut,synthetic_n200_p0.1,4,85,62,62,3363,2752,905,7020
directed_cut,synthetic_n200_p0.1,4,85,63,63,3389,2777,873,7039
directed_cut,synthetic_n200_p0.1,4,85,64,64,3414,2818,808,7040
directed_cut,synthetic_n200_p0.1,4,85,65,65,3439,2859,745,7043
directed_cut,synthetic_n200_p0.1,4,85,66,66,3463,2886,711,7060
directed_cut,synthetic_n200_p0.1,4,85,67,67,3487,2931,673,7091
directed_cut,synthetic_n200_p0.1,4,85,68,68,3511,2976,620,7107
directed_cut,synthetic_n200_p0.1,4,85,69,69,3535,3042,547,7124
directed_cut,synthetic_n200_p0.1,4,85,70,70,3558,3071,516,7145
directed_cut,synthetic_n200_p0.1,4,85,71,71,3580,3101,492,7173
directed_cut,synthetic_n200_p0.1,4,85,72,72,3600,3147,460,7207
directed_cut,synthetic_n200_p0.1,4,85,73,73,3620,3178,441,7239
directed_cut,synthetic_n200_p0.1,4,85,74,74,3639,3216,392,7247
directed_cut,synthetic_n200_p0.1,4,85,75,75,3657,3274,336,7267
directed_cut,synthetic_n200_p0.1,4,85,76,76,3675,3306,312,7293
directed_cut,synthetic_n200_p0.1,4,85,77,77,3691,3365,285,7341
directed_cut,synthetic_n200_p0.1,4,85,78,78,3706,3408,256,7370
directed_cut,synthetic_n200_p0.1,4,85,79,79,3721,3430,241,7392
directed_cut,synthetic_n200_p0.1,4,85,80,80,3735,3496,194,7425
directed_cut,synthetic_n200_p0.1,4,85,81,81,3749,3531,167,7447
directed_cut,synthetic_n200_p0.1,4,85,82,82,3763,3576,148,7487
directed_cut,synthetic_n200_p0.1,4,85,83,83,3775,3613,136,7524
directed_cut,synthetic_n200_p0.1,4,85,84,84,3786,3644,124,7554
directed_cut,synthetic_n200_p0.1,4,85,85,85,3796,3671,110,7577
directed_cut,synthetic_n200_p0.1,4,90,0,0,0,0,5290,5290
directed_cut,synthetic_n200_p0.1,4,90,1,1,84,76,5198,5358
directed_cut,synthetic_n200_p0.1,4,90,2,2,166,119,5111,5396
directed_cut,synthetic_n200_p0.1,4,90,3,3,247,160,5017,5424
directed_cut,synthetic_n200_p0.1,4,90,4,4,328,182,4942,5452
directed_cut,synthetic_n200_p0.1,4,90,5,5,408,213,4880,5501
directed_cut,synthetic_n200_p0.1,4,90,6,6,486,276,4798,5560
directed_cut,synthetic_n200_p0.1,4,90,7,7,563,310,4728,5601
directed_cut,synthetic_n200_p0.1,4,90,8,8,640,338,4666,5644
directed_cut,synthetic_n200_p0.1,4,90,9,9,717,391,4582,5690
directed_cut,synthetic_n200_p0.1,4,90,10,10,793,436,4502,5731
directed_cut,synthetic_n200_p0.1,4,90,11,11,867,481,4414,5762
directed_cut,synthetic_n200_p0.1,4,90,12,12,940,521,4345,5806
directed_cut,synthetic_n200_p0.1,4,90,13,13,1013,582,4267,5862
directed_cut,synthetic_n200_p0.1,4,90,14,14,1085,635,4179,5899
directed_cut,synthetic_n200_p0.1,4,90,15,15,1156,703,4097,5956
directed_cut,synthetic_n200_p0.1,4,90,16,16,1223,747,4001,5971
directed_cut,synthetic_n200_p0.1,4,90,17,17,1289,773,3923,5985
directed_cut,synthetic_n200_p0.1,4,90,18,18,1355,815,3846,6016
directed_cut,synthetic_n200_p0.1,4,90,19,19,1419,853,3784,6056
directed_cut,synthetic_n200_p0.1,4,90,20,20,1483,900,3717,6100
directed_cut,synthetic_n200_p0.1,4,90,21,21,1545,927,3666,6138
directed_cut,synthetic_n200_p0.1,4,90,22,22,1607,983,3571,6161
directed_cut,synthetic_n200_p0.1,4,90,23,23,1669,1061,3472,6202
directed_cut,synthetic_n200_p0.1,4,90,24,24,1729,1101,3417,6247
directed_cut,synthetic_n200_p0.1,4,90,25,25,1789,1135,3339,6263
directed_cut,synthetic_n200_p0.1,4,90,26,26,1849,1152,3273,6274
directed_cut,synthetic_n200_p0.1,4,90,27,27,1907,1182,3217,6306
directed_cut,synthetic_n200_p0.1,4,90,28,28,1964,1219,3137,6320
directed_cut,synthetic_n200_p0.1,4,90,29,29,2019,1244,3074,6337
directed_cut,synthetic_n200_p0.1,4,90,30,30,2073,1292,2996,6361
directed_cut,synthetic_n200_p0.1,4,90,31,31,2125,1334,2916,6375
directed_cut,synthetic_n200_p0.1,4,90,32,32,2177,1379,2851,6407
directed_cut,synthetic_n200_p0.1,4,90,33,33,2228,1420,2778,6426
directed_cut,synthetic_n200_p0.1,4,90,34,34,2278,1459,2724,6461
directed_cut,synthetic_n200_p0.1,4,90,35,35,2328,1497,2658,6483
directed_cut,synthetic_n200_p0.1,4,90,36,36,2378,1539,2589,6506
directed_cut,synthetic_n200_p0.1,4,90,37,37,2427,1592,2518,6537
directed_cut,synthetic_n200_p0.1,4,90,38,38,2476,1632,2444,6552
directed_cut,synthetic_n200_p0.1,4,90,39,39,2525,1685,2376,6586
directed_cut,synthetic_n200_p0.1,4,90,40,40,2571,1750,2297,6618
directed_cut,synthetic_n200_p0.1,4,90,41,41,2617,1810,2228,6655
directed_cut,synthetic_n200_p0.1,4,90,42,42,2662,1836,2165,6663
directed_cut,synthetic_n200_p0.1,4,90,43,43,2707,1888,2085,6680
directed_cut,synthetic_n200_p0.1,4,90,44,44,2752,1939,2025,6716
directed_cut,synthetic_n200_p0.1,4,90,45,45,2795,1971,1970,6736
directed_cut,synthetic_n200_p0.1,4,90,46,46,2835,1998,1914,6747
directed_cut,synthetic_n200_p0.1,4,90,47,47,2873,2059,1847,6779
directed_cut,synthetic_n200_p0.1,4,90,48,48,2911,2112,1769,6792
directed_cut,synthetic_n200_p0.1,4,90,49,49,2948,2148,1734,6830
directed_cut,synthetic_n200_p0.1,4,90,50,50,2984,2210,1673,6867
directed_cut,synthetic_n200_p0.1,4,90,51,51,3020,2272,1608,6900
directed_cut,synthetic_n200_p0.1,4,90,52,52,3055,2304,1538,6897
directed_cut,synthetic_n200_p0.1,4,90,53,53,3089,2341,1493,6923
directed_cut,synthetic_n200_p0.1,4,90,54,54,3122,2391,1424,6937
directed_cut,synthetic_n200_p0.1,4,90,55,55,3155,2462,1357,6974
directed_cut,synthetic_n200_p0.1,4,90,56,56,3188,2508,1304,7000
directed_cut,synthetic_n200_p0.1,4,90,57,57,3220,2552,1242,7014
directed_cut,synthetic_n200_p0.1,4,90,58,58,3252,2591,1174,7017
directed_cut,synthetic_n200_p0.1,4,90,59,59,3283,2637,1131,7051
directed_cut,synthetic_n200_p0.1,4,90,60,60,3310,2698,1018,7026
directed_cut,synthetic_n200_p0.1,4,90,61,61,3337,2728,955,7020
directed_cut,synthetic_n200_p0.1,4,90,62,62,3363,2752,905,7020
directed_cut,synthetic_n200_p0.1,4,90,63,63,3389,2777,873,7039
directed_cut,synthetic_n200_p0.1,4,90,64,64,3414,2818,808,7040
directed_cut,synthetic_n200_p0.1,4,90,65,65,3439,2859,745,7043
directed_cut,synthetic_n200_p0.1,4,90,66,66,3463,2886,711,7060
directed_cut,synthetic_n200_p0.1,4,90,67,67,3487,2931,673,7091
directed_cut,synthetic_n200_p0.1,4,90,68,68,3511,2976,620,7107
directed_cut,synthetic_n200_p0.1,4,90,69,69,3535,3042,547,7124
directed_cut,synthetic_n200_p0.1,4,90,70,70,3558,3071,516,7145
directed_cut,synthetic_n200_p0.1,4,90,71,71,3580,3101,492,7173
directed_cut,synthetic_n200_p0.1,4,90,72,72,3600,3147,460,7207
directed_cut,synthetic_n200_p0.1,4,90,73,73,3620,3178,441,7239
directed_cut,synthetic_n200_p0.1,4,90,74,74,3639,3216,392,7247
directed_cut,synthetic_n200_p0.1,4,90,75,75,3657,3274,336,7267
directed_cut,synthetic_n200_p0.1,4,90,76,76,3675,3306,312,7293
directed_cut,synthetic_n200_p0.1,4,90,77,77,3691,3365,285,7341
directed_cut,synthetic_n200_p0.1,4,90,78,78,3706,3408,256,7370
directed_cut,synthetic_n200_p0.1,4,90,79,79,3721,3430,241,7392
directed_cut,synthetic_n200_p0.1,4,90,80,80,3735,3496,194,7425
directed_cut,synthetic_n200_p0.1,4,90,81,81,3749,3531,167,7447
directed_cut,synthetic_n200_p0.1,4,90,82,82,3763,3576,148,7487
directed_cut,synthetic_n200_p0.1,4,90,83,83,3775,3613,136,7524
directed_cut,synthetic_n200_p0.1,4,90,84,84,3786,3644,124,7554
directed_cut,synthetic_n200_p0.1,4,90,85,85,3796,3671,110,7577
directed_cut,synthetic_n200_p0.1,4,90,86,86,3806,3713,94,7613
directed_cut,synthetic_n200_p0.1,4,90,87,87,3814,3774,83,7671
directed_cut,synthetic_n200_p0.1,4,90,88,88,3822,3841,61,7724
directed_cut,synthetic_n200_p0.1,4,90,89,89,3829,3880,54,7763
directed_cut,synthetic_n200_p0.1,4,90,90,90,3835,3917,48,7800
directed_cut,synthetic_n200_p0.1,4,95,0,0,0,0,5495,5495
directed_cut,synthetic_n200_p0.1,4,95,1,1,84,76,5398,5558
directed_cut,synthetic_n200_p0.1,4,95,2,2,166,119,5305,5590
directed_cut,synthetic_n200_p0.1,4,95,3,3,247,160,5210,5617
directed_cut,synthetic_n200_p0.1,4,95,4,4,328,182,5131,5641
directed_cut,synthetic_n200_p0.1,4,95,5,5,408,213,5065,5686
directed_cut,synthetic_n200_p0.1,4,95,6,6,486,276,4980,5742
directed_cut,synthetic_n200_p0.1,4,95,7,7,563,310,4905,5778
directed_cut,synthetic_n200_p0.1,4,95,8,8,640,338,4842,5820
directed_cut,synthetic_n200_p0.1,4,95,9,9,717,391,4756,5864
directed_cut,synthetic_n200_p0.1,4,95,10,10,793,436,4670,5899
directed_cut,synthetic_n200_p0.1,4,95,11,11,867,481,4579,5927
directed_cut,synthetic_n200_p0.1,4,95,12,12,940,521,4510,5971
directed_cut,synthetic_n200_p0.1,4,95,13,13,1013,582,4423,6018
directed_cut,synthetic_n200_p0.1,4,95,14,14,1085,635,4334,6054
directed_cut,synthetic_n200_p0.1,4,95,15,15,1156,703,4247,6106
directed_cut,synthetic_n200_p0.1,4,95,16,16,1223,747,4147,6117
directed_cut,synthetic_n200_p0.1,4,95,17,17,1289,773,4066,6128
directed_cut,synthetic_n200_p0.1,4,95,18,18,1355,815,3985,6155
directed_cut,synthetic_n200_p0.1,4,95,19,19,1419,853,3920,6192
directed_cut,synthetic_n200_p0.1,4,95,20,20,1483,900,3851,6234
directed_cut,synthetic_n200_p0.1,4,95,21,21,1545,927,3799,6271
directed_cut,synthetic_n200_p0.1,4,95,22,22,1607,983,3700,6290
directed_cut,synthetic_n200_p0.1,4,95,23,23,1669,1061,3594,6324
directed_cut,synthetic_n200_p0.1,4,95,24,24,1729,1101,3537,6367
directed_cut,synthetic_n200_p0.1,4,95,25,25,1789,1135,3455,6379
directed_cut,synthetic_n200_p0.1,4,95,26,26,1849,1152,3387,6388
directed_cut,synthetic_n200_p0.1,4,95,27,27,1907,1182,3330,6419
directed_cut,synthetic_n200_p0.1,4,95,28,28,1964,1219,3244,6427
directed_cut,synthetic_n200_p0.1,4,95,29,29,2019,1244,3176,6439
directed_cut,synthetic_n200_p0.1,4,95,30,30,2073,1292,3088,6453
directed_cut,synthetic_n200_p0.1,4,95,31,31,2125,1334,3005,6464
directed_cut,synthetic_n200_p0.1,4,95,32,32,2177,1379,2936,6492
directed_cut,synthetic_n200_p0.1,4,95,33,33,2228,1420,2861,6509
directed_cut,synthetic_n200_p0.1,4,95,34,34,2278,1459,2805,6542
directed_cut,synthetic_n200_p0.1,4,95,35,35,2328,1497,2737,6562
directed_cut,synthetic_n200_p0.1,4,95,36,36,2378,1539,2667,6584
directed_cut,synthetic_n200_p0.1,4,95,37,37,2427,1592,2595,6614
directed_cut,synthetic_n200_p0.1,4,95,38,38,2476,1632,2520,6628
directed_cut,synthetic_n200_p0.1,4,95,39,39,2525,1685,2447,6657
directed_cut,synthetic_n200_p0.1,4,95,40,40,2571,1750,2356,6677
directed_cut,synthetic_n200_p0.1,4,95,41,41,2617,1810,2284,6711
directed_cut,synthetic_n200_p0.1,4,95,42,42,2662,1836,2216,6714
directed_cut,synthetic_n200_p0.1,4,95,43,43,2707,1888,2129,6724
directed_cut,synthetic_n200_p0.1,4,95,44,44,2752,1939,2067,6758
directed_cut,synthetic_n200_p0.1,4,95,45,45,2795,1971,2011,6777
directed_cut,synthetic_n200_p0.1,4,95,46,46,2835,1998,1954,6787
directed_cut,synthetic_n200_p0.1,4,95,47,47,2873,2059,1887,6819
directed_cut,synthetic_n200_p0.1,4,95,48,48,2911,2112,1807,6830
directed_cut,synthetic_n200_p0.1,4,95,49,49,2948,2148,1770,6866
directed_cut,synthetic_n200_p0.1,4,95,50,50,2984,2210,1708,6902
directed_cut,synthetic_n200_p0.1,4,95,51,51,3020,2272,1641,6933
directed_cut,synthetic_n200_p0.1,4,95,52,52,3055,2304,1564,6923
directed_cut,synthetic_n200_p0.1,4,95,53,53,3089,2341,1514,6944
directed_cut,synthetic_n200_p0.1,4,95,54,54,3122,2391,1441,6954
directed_cut,synthetic_n200_p0.1,4,95,55,55,3155,2462,1373,6990
directed_cut,synthetic_n200_p0.1,4,95,56,56,3188,2508,1313,7009
directed_cut,synthetic_n200_p0.1,4,95,57,57,3220,2552,1244,7016
directed_cut,synthetic_n200_p0.1,4,95,58,58,3252,2591,1174,7017
directed_cut,synthetic_n200_p0.1,4,95,59,59,3283,2637,1131,7051
directed_cut,synthetic_n200_p0.1,4,95,60,60,3310,2698,1018,7026
directed_cut,synthetic_n200_p0.1,4,95,61,61,3337,2728,955,7020
directed_cut,synthetic_n200_p0.1,4,95,62,62,3363,2752,905,7020
directed_cut,synthetic_n200_p0.1,4,95,63,63,3389,2777,873,7039
directed_cut,synthetic_n200_p0.1,4,95,64,64,3414,2818,808,7040
directed_cut,synthetic_n200_p0.1,4,95,65,65,3439,2859,745,7043
directed_cut,synthetic_n200_p0.1,4,95,66,66,3463,2886,711,7060
directed_cut,synthetic_n200_p0.1,4,95,67,67,3487,2931,673,7091
directed_cut,synthetic_n200_p0.1,4,95,68,68,3511,2976,620,7107
directed_cut,synthetic_n200_p0.1,4,95,69,69,3535,3042,547,7124
directed_cut,synthetic_n200_p0.1,4,95,70,70,3558,3071,516,7145
directed_cut,synthetic_n200_p0.1,4,95,71,71,3580,3101,492,7173
directed_cut,synthetic_n200_p0.1,4,95,72,72,3600,3147,460,7207
directed_cut,synthetic_n200_p0.1,4,95,73,73,3620,3178,441,7239
directed_cut,synthetic_n200_p0.1,4,95,74,74,3639,3216,392,7247
directed_cut,synthetic_n200_p0.1,4,95,75,75,3657,3274,336,7267
directed_cut,synthetic_n200_p0.1,4,95,76,76,3675,3306,312,7293
directed_cut,synthetic_n200_p0.1,4,95,77,77,3691,3365,285,7341
directed_cut,synthetic_n200_p0.1,4,95,78,78,3706,3408,256,7370
directed_cut,synthetic_n200_p0.1,4,95,79,79,3721,3430,241,7392
directed_cut,synthetic_n200_p0.1,4,95,80,80,3735,3496,194,7425
directed_cut,synthetic_n200_p0.1,4,95,81,81,3749,3531,167,7447
directed_cut,synthetic_n200_p0.1,4,95,82,82,3763,3576,148,7487
directed_cut,synthetic_n200_p0.1,4,95,83,83,3775,3613,136,7524
directed_cut,synthetic_n200_p0.1,4,95,84,84,3786,3644,124,7554
directed_cut,synthetic_n200_p0.1,4,95,85,85,3796,3671,110,7577
directed_cut,synthetic_n200_p0.1,4,95,86,86,3806,3713,94,7613
directed_cut,synthetic_n200_p0.1,4,95,87,87,3814,3774,83,7671
directed_cut,synthetic_n200_p0.1,4,95,88,88,3822,3841,61,7724
directed_cut,synthetic_n200_p0.1,4,95,89,89,3829,3880,54,7763
directed_cut,synthetic_n200_p0.1,4,95,90,90,3835,3917,48,7800
directed_cut,synthetic_n200_p0.1,4,95,91,91,3841,3950,42,7833
directed_cut,synthetic_n200_p0.1,4,95,92,92,3847,3992,33,7872
directed_cut,synthetic_n200_p0.1,4,95,93,93,3852,4037,26,7915
directed_cut,synthetic_n200_p0.1,4,95,94,94,3856,4085,20,7961
directed_cut,synthetic_n200_p0.1,4,95,95,95,3860,4122,16,7998
directed_cut,synthetic_n200_p0.1,4,100,0,0,0,0,5693,5693
directed_cut,synthetic_n200_p0.1,4,100,1,1,84,76,5591,5751
directed_cut,synthetic_n200_p0.1,4,100,2,2,166,119,5492,5777
directed_cut,synthetic_n200_p0.1,4,100,3,3,247,160,5397,5804
directed_cut,synthetic_n200_p0.1,4,100,4,4,328,182,5316,5826
directed_cut,synthetic_n200_p0.1,4,100,5,5,408,213,5243,5864
directed_cut,synthetic_n200_p0.1,4,100,6,6,486,276,5156,5918
directed_cut,synthetic_n200_p0.1,4,100,7,7,563,310,5077,5950
directed_cut,synthetic_n200_p0.1,4,100,8,8,640,338,5013,5991
directed_cut,synthetic_n200_p0.1,4,100,9,9,717,391,4924,6032
directed_cut,synthetic_n200_p0.1,4,100,10,10,793,436,4834,6063
directed_cut,synthetic_n200_p0.1,4,100,11,11,867,481,4737,6085
directed_cut,synthetic_n200_p0.1,4,100,12,12,940,521,4668,6129
directed_cut,synthetic_n200_p0.1,4,100,13,13,1013,582,4575,6170
directed_cut,synthetic_n200_p0.1,4,100,14,14,1085,635,4485,6205
directed_cut,synthetic_n200_p0.1,4,100,15,15,1156,703,4391,6250
directed_cut,synthetic_n200_p0.1,4,100,16,16,1223,747,4285,6255
directed_cut,synthetic_n200_p0.1,4,100,17,17,1289,773,4203,6265
directed_cut,synthetic_n200_p0.1,4,100,18,18,1355,815,4120,6290
directed_cut,synthetic_n200_p0.1,4,100,19,19,1419,853,4052,6324
directed_cut,synthetic_n200_p0.1,4,100,20,20,1483,900,3980,6363
directed_cut,synthetic_n200_p0.1,4,100,21,21,1545,927,3926,6398
directed_cut,synthetic_n200_p0.1,4,100,22,22,1607,983,3820,6410
directed_cut,synthetic_n200_p0.1,4,100,23,23,1669,1061,3711,6441
directed_cut,synthetic_n200_p0.1,4,100,24,24,1729,1101,3650,6480
directed_cut,synthetic_n200_p0.1,4,100,25,25,1789,1135,3565,6489
directed_cut,synthetic_n200_p0.1,4,100,26,26,1849,1152,3491,6492
directed_cut,synthetic_n200_p0.1,4,100,27,27,1907,1182,3432,6521
directed_cut,synthetic_n200_p0.1,4,100,28,28,1964,1219,3341,6524
directed_cut,synthetic_n200_p0.1,4,100,29,29,2019,1244,3266,6529
directed_cut,synthetic_n200_p0.1,4,100,30,30,2073,1292,3176,6541
directed_cut,synthetic_n200_p0.1,4,100,31,31,2125,1334,3089,6548
directed_cut,synthetic_n200_p0.1,4,100,32,32,2177,1379,3018,6574
directed_cut,synthetic_n200_p0.1,4,100,33,33,2228,1420,2938,6586
directed_cut,synthetic_n200_p0.1,4,100,34,34,2278,1459,2880,6617
directed_cut,synthetic_n200_p0.1,4,100,35,35,2328,1497,2811,6636
directed_cut,synthetic_n200_p0.1,4,100,36,36,2378,1539,2739,6656
directed_cut,synthetic_n200_p0.1,4,100,37,37,2427,1592,2665,6684
directed_cut,synthetic_n200_p0.1,4,100,38,38,2476,1632,2586,6694
directed_cut,synthetic_n200_p0.1,4,100,39,39,2525,1685,2503,6713
directed_cut,synthetic_n200_p0.1,4,100,40,40,2571,1750,2407,6728
directed_cut,synthetic_n200_p0.1,4,100,41,41,2617,1810,2331,6758
directed_cut,synthetic_n200_p0.1,4,100,42,42,2662,1836,2260,6758
directed_cut,synthetic_n200_p0.1,4,100,43,43,2707,1888,2169,6764
directed_cut,synthetic_n200_p0.1,4,100,44,44,2752,1939,2107,6798
directed_cut,synthetic_n200_p0.1,4,100,45,45,2795,1971,2050,6816
directed_cut,synthetic_n200_p0.1,4,100,46,46,2835,1998,1991,6824
directed_cut,synthetic_n200_p0.1,4,100,47,47,2873,2059,1923,6855
directed_cut,synthetic_n200_p0.1,4,100,48,48,2911,2112,1840,6863
directed_cut,synthetic_n200_p0.1,4,100,49,49,2948,2148,1803,6899
directed_cut,synthetic_n200_p0.1,4,100,50,50,2984,2210,1740,6934
directed_cut,synthetic_n200_p0.1,4,100,51,51,3020,2272,1660,6952
directed_cut,synthetic_n200_p0.1,4,100,52,52,3055,2304,1581,6940
directed_cut,synthetic_n200_p0.1,4,100,53,53,3089,2341,1527,6957
directed_cut,synthetic_n200_p0.1,4,100,54,54,3122,2391,1445,6958
directed_cut,synthetic_n200_p0.1,4,100,55,55,3155,2462,1374,6991
directed_cut,synthetic_n200_p0.1,4,100,56,56,3188,2508,1313,7009
directed_cut,synthetic_n200_p0.1,4,100,57,57,3220,2552,1244,7016
directed_cut,synthetic_n200_p0.1,4,100,58,58,3252,2591,1174,7017
directed_cut,synthetic_n200_p0.1,4,100,59,59,3283,2637,1131,7051
directed_cut,synthetic_n200_p0.1,4,100,60,60,3310,2698,1018,7026
directed_cut,synthetic_n200_p0.1,4,100,61,61,3337,2728,955,7020
directed_cut,synthetic_n200_p0.1,4,100,62,62,3363,2752,905,7020
directed_cut,synthetic_n200_p0.1,4,100,63,63,3389,2777,873,7039
directed_cut,synthetic_n200_p0.1,4,100,64,64,3414,2818,808,7040
directed_cut,synthetic_n200_p0.1,4,100,65,65,3439,2859,745,7043
directed_cut,synthetic_n200_p0.1,4,100,66,66,3463,2886,711,7060
directed_cut,synthetic_n200_p0.1,4,100,67,67,3487,2931,673,7091
directed_cut,synthetic_n200_p0.1,4,100,68,68,3511,2976,620,7107
directed_cut,synthetic_n200_p0.1,4,100,69,69,3535,3042,547,7124
directed_cut,synthetic_n200_p0.1,4,100,70,70,3558,3071,516,7145
directed_cut,synthetic_n200_p0.1,4,100,71,71,3580,3101,492,7173
directed_cut,synthetic_n200_p0.1,4,100,72,72,3600,3147,460,7207
directed_cut,synthetic_n200_p0.1,4,100,73,73,3620,3178,441,7239
directed_cut,synthetic_n200_p0.1,4,100,74,74,3639,3216,392,7247
directed_cut,synthetic_n200_p0.1,4,100,75,75,3657,3274,336,7267
directed_cut,synthetic_n200_p0.1,4,100,76,76,3675,3306,312,7293
directed_cut,synthetic_n200_p0.1,4,100,77,77,3691,3365,285,7341
directed_cut,synthetic_n200_p0.1,4,100,78,78,3706,3408,256,7370
directed_cut,synthetic_n200_p0.1,4,100,79,79,3721,3430,241,7392
directed_cut,synthetic_n200_p0.1,4,100,80,80,3735,3496,194,7425
directed_cut,synthetic_n200_p0.1,4,100,81,81,3749,3531,167,7447
directed_cut,synthetic_n200_p0.1,4,100,82,82,3763,3576,148,7487
directed_cut,synthetic_n200_p0.1,4,100,83,83,3775,3613,136,7524
directed_cut,synthetic_n200_p0.1,4,100,84,84,3786,3644,124,7554
directed_cut,synthetic_n200_p0.1,4,100,85,85,3796,3671,110,7577
directed_cut,synthetic_n200_p0.1,4,100,86,86,3806,3713,94,7613
directed_cut,synthetic_n200_p0.1,4,100,87,87,3814,3774,83,7671
directed_cut,synthetic_n200_p0.1,4,100,88,88,3822,3841,61,7724
directed_cut,synthetic_n200_p0.1,4,100,89,89,3829,3880,54,7763
directed_cut,synthetic_n200_p0.1,4,100,90,90,3835,3917,48,7800
directed_cut,synthetic_n200_p0.1,4,100,91,91,3841,3950,42,7833
directed_cut,synthetic_n200_p0.1,4,100,92,92,3847,3992,33,7872
directed_cut,synthetic_n200_p0.1,4,100,93,93,3852,4037,26,7915
directed_cut,synthetic_n200_p0.1,4,100,94,94,3856,4085,20,7961
directed_cut,synthetic_n200_p0.1,4,100,95,95,3860,4122,16,7998
directed_cut,synthetic_n200_p0.1,4,100,96,96,3864,4150,12,8026
directed_cut,synthetic_n200_p0.1,4,100,97,97,3868,4187,8,8063
directed_cut,synthetic_n200_p0.1,4,100,98,98,3872,4226,4,8102
directed_cut,synthetic_n200_p0.1,4,100,99,99,3875,4276,1,8152
directed_cut,synthetic_n200_p0.1,4,100,100,100,3876,4320,0,8196
