problem,instance,seed,k,prefix,size,f_S,penalty_S,dual_S,bound_S
hypergraph_cut,mag10_top1000,0,1,0,0,0,0,120,120
hypergraph_cut,mag10_top1000,0,1,1,1,120,120,90,330
hypergraph_cut,mag10_top1000,0,10,0,0,0,0,800,800
hypergraph_cut,mag10_top1000,0,10,1,1,120,120,732,972
hypergraph_cut,mag10_top1000,0,10,2,2,210,211,699,1120
hypergraph_cut,mag10_top1000,0,10,3,3,296,297,664,1257
hypergraph_cut,mag10_top1000,0,10,4,4,374,375,645,1394
hypergraph_cut,mag10_top1000,0,10,5,5,447,448,627,1522
hypergraph_cut,mag10_top1000,0,10,6,6,518,521,608,1647
hypergraph_cut,mag10_top1000,0,10,7,7,585,602,595,1782
hypergraph_cut,mag10_top1000,0,10,8,8,651,670,582,1903
hypergraph_cut,mag10_top1000,0,10,9,9,715,734,569,2018
hypergraph_cut,mag10_top1000,0,10,10,10,777,801,558,2136
hypergraph_cut,mag10_top1000,0,20,0,0,0,0,1389,1389
hypergraph_cut,mag10_top1000,0,20,1,1,120,120,1306,1546
hypergraph_cut,mag10_top1000,0,20,2,2,210,211,1258,1679
hypergraph_cut,mag10_top1000,0,20,3,3,296,297,1213,1806
hypergraph_cut,mag10_top1000,0,20,4,4,374,375,1187,1936
hypergraph_cut,mag10_top1000,0,20,5,5,447,448,1156,2051
hypergraph_cut,mag10_top1000,0,20,6,6,518,521,1124,2163
hypergraph_cut,mag10_top1000,0,20,7,7,585,602,1104,2291
hypergraph_cut,mag10_top1000,0,20,8,8,651,670,1082,2403
hypergraph_cut,mag10_top1000,0,20,9,9,715,734,1063,2512
hypergraph_cut,mag10_top1000,0,20,10,10,777,801,1045,2623
hypergraph_cut,mag10_top1000,0,20,11,11,838,862,1027,2727
hypergraph_cut,mag10_top1000,0,20,12,12,897,929,1014,2840
hypergraph_cut,mag10_top1000,0,20,13,13,955,989,1002,2946
hypergraph_cut,mag10_top1000,0,20,14,14,1013,1048,990,3051
hypergraph_cut,mag10_top1000,0,20,15,15,1070,1126,978,3174
hypergraph_cut,mag10_top1000,0,20,16,16,1126,1182,964,3272
hypergraph_cut,mag10_top1000,0,20,17,17,1180,1238,948,3366
hypergraph_cut,mag10_top1000,0,20,18,18,1232,1291,930,3453
hypergraph_cut,mag10_top1000,0,20,19,19,1284,1344,917,3545
hypergraph_cut,mag10_top1000,0,20,20,20,1335,1397,904,3636
hypergraph_cut,mag10_top1000,0,30,0,0,0,0,1896,1896
hypergraph_cut,mag10_top1000,0,30,1,1,120,120,1806,2046
hypergraph_cut,mag10_top1000,0,30,2,2,210,211,1754,2175
hypergraph_cut,mag10_top1000,0,30,3,3,296,297,1706,2299
hypergraph_cut,mag10_top1000,0,30,4,4,374,375,1674,2423
hypergraph_cut,mag10_top1000,0,30,5,5,447,448,1638,2533
hypergraph_cut,mag10_top1000,0,30,6,6,518,521,1601,2640
hypergraph_cut,mag10_top1000,0,30,7,7,585,602,1575,2762
hypergraph_cut,mag10_top1000,0,30,8,8,651,670,1546,2867
hypergraph_cut,mag10_top1000,0,30,9,9,715,734,1521,2970
hypergraph_cut,mag10_top1000,0,30,10,10,777,801,1495,3073
hypergraph_cut,mag10_top1000,0,30,11,11,838,862,1474,3174
hypergraph_cut,mag10_top1000,0,30,12,12,897,929,1448,3274
hypergraph_cut,mag10_top1000,0,30,13,13,955,989,1430,3374
hypergraph_cut,mag10_top1000,0,30,14,14,1013,1048,1409,3470
hypergraph_cut,mag10_top1000,0,30,15,15,1070,1126,1391,3587
hypergraph_cut,mag10_top1000,0,30,16,16,1126,1182,1372,3680
hypergraph_cut,mag10_top1000,0,30,17,17,1180,1238,1345,3763
hypergraph_cut,mag10_top1000,0,30,18,18,1232,1291,1321,3844
hypergraph_cut,mag10_top1000,0,30,19,19,1284,1344,1306,3934
hypergraph_cut,mag10_top1000,0,30,20,20,1335,1397,1289,4021
hypergraph_cut,mag10_top1000,0,30,21,21,1384,1446,1270,4100
hypergraph_cut,mag10_top1000,0,30,22,22,1433,1495,1257,4185
hypergraph_cut,mag10_top1000,0,30,23,23,1481,1543,1244,4268
hypergraph_cut,mag10_top1000,0,30,24,24,1529,1595,1231,4355
hypergraph_cut,mag10_top1000,0,30,25,25,1577,1643,1211,4431
hypergraph_cut,mag10_top1000,0,30,26,26,1624,1706,1197,4527
hypergraph_cut,mag10_top1000,0,30,27,27,1671,1754,1184,4609
hypergraph_cut,mag10_top1000,0,30,28,28,1718,1802,1171,4691
hypergraph_cut,mag10_top1000,0,30,29,29,1764,1851,1151,4766
hypergraph_cut,mag10_top1000,0,30,30,30,1810,1901,1130,4841
hypergraph_cut,mag10_top1000,0,40,0,0,0,0,2367,2367
hypergraph_cut,mag10_top1000,0,40,1,1,120,120,2272,2512
hypergraph_cut,mag10_top1000,0,40,2,2,210,211,2213,2634
hypergraph_cut,mag10_top1000,0,40,3,3,296,297,2161,2754
hypergraph_cut,mag10_top1000,0,40,4,4,374,375,2118,2867
hypergraph_cut,mag10_top1000,0,40,5,5,447,448,2074,2969
hypergraph_cut,mag10_top1000,0,40,6,6,518,521,2027,3066
hypergraph_cut,mag10_top1000,0,40,7,7,585,602,1993,3180
hypergraph_cut,mag10_top1000,0,40,8,8,651,670,1960,3281
hypergraph_cut,mag10_top1000,0,40,9,9,715,734,1929,3378
hypergraph_cut,mag10_top1000,0,40,10,10,777,801,1894,3472
hypergraph_cut,mag10_top1000,0,40,11,11,838,862,1868,3568
hypergraph_cut,mag10_top1000,0,40,12,12,897,929,1835,3661
hypergraph_cut,mag10_top1000,0,40,13,13,955,989,1814,3758
hypergraph_cut,mag10_top1000,0,40,14,14,1013,1048,1787,3848
hypergraph_cut,mag10_top1000,0,40,15,15,1070,1126,1766,3962
hypergraph_cut,mag10_top1000,0,40,16,16,1126,1182,1741,4049
hypergraph_cut,mag10_top1000,0,40,17,17,1180,1238,1707,4125
hypergraph_cut,mag10_top1000,0,40,18,18,1232,1291,1679,4202
hypergraph_cut,mag10_top1000,0,40,19,19,1284,1344,1659,4287
hypergraph_cut,mag10_top1000,0,40,20,20,1335,1397,1639,4371
hypergraph_cut,mag10_top1000,0,40,21,21,1384,1446,1616,4446
hypergraph_cut,mag10_top1000,0,40,22,22,1433,1495,1595,4523
hypergraph_cut,mag10_top1000,0,40,23,23,1481,1543,1579,4603
hypergraph_cut,mag10_top1000,0,40,24,24,1529,1595,1563,4687
hypergraph_cut,mag10_top1000,0,40,25,25,1577,1643,1539,4759
hypergraph_cut,mag10_top1000,0,40,26,26,1624,1706,1522,4852
hypergraph_cut,mag10_top1000,0,40,27,27,1671,1754,1506,4931
hypergraph_cut,mag10_top1000,0,40,28,28,1718,1802,1490,5010
hypergraph_cut,mag10_top1000,0,40,29,29,1764,1851,1466,5081
hypergraph_cut,mag10_top1000,0,40,30,30,1810,1901,1441,5152
hypergraph_cut,mag10_top1000,0,40,31,31,1855,1952,1422,5229
hypergraph_cut,mag10_top1000,0,40,32,32,1900,2014,1396,5310
hypergraph_cut,mag10_top1000,0,40,33,33,1945,2059,1379,5383
hypergraph_cut,mag10_top1000,0,40,34,34,1989,2107,1361,5457
hypergraph_cut,mag10_top1000,0,40,35,35,2033,2152,1341,5526
hypergraph_cut,mag10_top1000,0,40,36,36,2075,2195,1323,5593
hypergraph_cut,mag10_top1000,0,40,37,37,2115,2242,1306,5663
hypergraph_cut,mag10_top1000,0,40,38,38,2154,2298,1290,5742
hypergraph_cut,mag10_top1000,0,40,39,39,2193,2338,1278,5809
hypergraph_cut,mag10_top1000,0,40,40,40,2232,2378,1261,5871
hypergraph_cut,mag10_top1000,0,50,0,0,0,0,2786,2786
hypergraph_cut,mag10_top1000,0,50,1,1,120,120,2685,2925
hypergraph_cut,mag10_top1000,0,50,2,2,210,211,2618,3039
hypergraph_cut,mag10_top1000,0,50,3,3,296,297,2563,3156
hypergraph_cut,mag10_top1000,0,50,4,4,374,375,2513,3262
hypergraph_cut,mag10_top1000,0,50,5,5,447,448,2465,3360
hypergraph_cut,mag10_top1000,0,50,6,6,518,521,2413,3452
hypergraph_cut,mag10_top1000,0,50,7,7,585,602,2376,3563
hypergraph_cut,mag10_top1000,0,50,8,8,651,670,2337,3658
hypergraph_cut,mag10_top1000,0,50,9,9,715,734,2299,3748
hypergraph_cut,mag10_top1000,0,50,10,10,777,801,2260,3838
hypergraph_cut,mag10_top1000,0,50,11,11,838,862,2231,3931
hypergraph_cut,mag10_top1000,0,50,12,12,897,929,2189,4015
hypergraph_cut,mag10_top1000,0,50,13,13,955,989,2165,4109
hypergraph_cut,mag10_top1000,0,50,14,14,1013,1048,2131,4192
hypergraph_cut,mag10_top1000,0,50,15,15,1070,1126,2106,4302
hypergraph_cut,mag10_top1000,0,50,16,16,1126,1182,2074,4382
hypergraph_cut,mag10_top1000,0,50,17,17,1180,1238,2036,4454
hypergraph_cut,mag10_top1000,0,50,18,18,1232,1291,2001,4524
hypergraph_cut,mag10_top1000,0,50,19,19,1284,1344,1978,4606
hypergraph_cut,mag10_top1000,0,50,20,20,1335,1397,1956,4688
hypergraph_cut,mag10_top1000,0,50,21,21,1384,1446,1929,4759
hypergraph_cut,mag10_top1000,0,50,22,22,1433,1495,1905,4833
hypergraph_cut,mag10_top1000,0,50,23,23,1481,1543,1884,4908
hypergraph_cut,mag10_top1000,0,50,24,24,1529,1595,1864,4988
hypergraph_cut,mag10_top1000,0,50,25,25,1577,1643,1838,5058
hypergraph_cut,mag10_top1000,0,50,26,26,1624,1706,1819,5149
hypergraph_cut,mag10_top1000,0,50,27,27,1671,1754,1801,5226
hypergraph_cut,mag10_top1000,0,50,28,28,1718,1802,1782,5302
hypergraph_cut,mag10_top1000,0,50,29,29,1764,1851,1755,5370
hypergraph_cut,mag10_top1000,0,50,30,30,1810,1901,1728,5439
hypergraph_cut,mag10_top1000,0,50,31,31,1855,1952,1707,5514
hypergraph_cut,mag10_top1000,0,50,32,32,1900,2014,1678,5592
hypergraph_cut,mag10_top1000,0,50,33,33,1945,2059,1658,5662
hypergraph_cut,mag10_top1000,0,50,34,34,1989,2107,1636,5732
hypergraph_cut,mag10_top1000,0,50,35,35,2033,2152,1611,5796
hypergraph_cut,mag10_top1000,0,50,36,36,2075,2195,1588,5858
hypergraph_cut,mag10_top1000,0,50,37,37,2115,2242,1569,5926
hypergraph_cut,mag10_top1000,0,50,38,38,2154,2298,1552,6004
hypergraph_cut,mag10_top1000,0,50,39,39,2193,2338,1538,6069
hypergraph_cut,mag10_top1000,0,50,40,40,2232,2378,1519,6129
hypergraph_cut,mag10_top1000,0,50,41,41,2270,2416,1493,6179
hypergraph_cut,mag10_top1000,0,50,42,42,2308,2455,1469,6232
hypergraph_cut,mag10_top1000,0,50,43,43,2346,2493,1452,6291
hypergraph_cut,mag10_top1000,0,50,44,44,2383,2539,1438,6360
hypergraph_cut,mag10_top1000,0,50,45,45,2419,2582,1425,6426
hypergraph_cut,mag10_top1000,0,50,46,46,2454,2618,1402,6474
hypergraph_cut,mag10_top1000,0,50,47,47,2489,2659,1390,6538
hypergraph_cut,mag10_top1000,0,50,48,48,2524,2702,1368,6594
hypergraph_cut,mag10_top1000,0,50,49,49,2559,2749,1344,6652
hypergraph_cut,mag10_top1000,0,50,50,50,2594,2786,1332,6712
hypergraph_cut,mag10_top1000,0,60,0,0,0,0,3171,3171
hypergraph_cut,mag10_top1000,0,60,1,1,120,120,3066,3306
hypergraph_cut,mag10_top1000,0,60,2,2,210,211,2991,3412
hypergraph_cut,mag10_top1000,0,60,3,3,296,297,2933,3526
hypergraph_cut,mag10_top1000,0,60,4,4,374,375,2878,3627
hypergraph_cut,mag10_top1000,0,60,5,5,447,448,2825,3720
hypergraph_cut,mag10_top1000,0,60,6,6,518,521,2765,3804
hypergraph_cut,mag10_top1000,0,60,7,7,585,602,2721,3908
hypergraph_cut,mag10_top1000,0,60,8,8,651,670,2678,3999
hypergraph_cut,mag10_top1000,0,60,9,9,715,734,2634,4083
hypergraph_cut,mag10_top1000,0,60,10,10,777,801,2590,4168
hypergraph_cut,mag10_top1000,0,60,11,11,838,862,2557,4257
hypergraph_cut,mag10_top1000,0,60,12,12,897,929,2509,4335
hypergraph_cut,mag10_top1000,0,60,13,13,955,989,2480,4424
hypergraph_cut,mag10_top1000,0,60,14,14,1013,1048,2441,4502
hypergraph_cut,mag10_top1000,0,60,15,15,1070,1126,2414,4610
hypergraph_cut,mag10_top1000,0,60,16,16,1126,1182,2377,4685
hypergraph_cut,mag10_top1000,0,60,17,17,1180,1238,2338,4756
hypergraph_cut,mag10_top1000,0,60,18,18,1232,1291,2299,4822
hypergraph_cut,mag10_top1000,0,60,19,19,1284,1344,2273,4901
hypergraph_cut,mag10_top1000,0,60,20,20,1335,1397,2248,4980
hypergraph_cut,mag10_top1000,0,60,21,21,1384,1446,2219,5049
hypergraph_cut,mag10_top1000,0,60,22,22,1433,1495,2191,5119
hypergraph_cut,mag10_top1000,0,60,23,23,1481,1543,2168,5192
hypergraph_cut,mag10_top1000,0,60,24,24,1529,1595,2147,5271
hypergraph_cut,mag10_top1000,0,60,25,25,1577,1643,2119,5339
hypergraph_cut,mag10_top1000,0,60,26,26,1624,1706,2097,5427
hypergraph_cut,mag10_top1000,0,60,27,27,1671,1754,2077,5502
hypergraph_cut,mag10_top1000,0,60,28,28,1718,1802,2056,5576
hypergraph_cut,mag10_top1000,0,60,29,29,1764,1851,2028,5643
hypergraph_cut,mag10_top1000,0,60,30,30,1810,1901,1999,5710
hypergraph_cut,mag10_top1000,0,60,31,31,1855,1952,1975,5782
hypergraph_cut,mag10_top1000,0,60,32,32,1900,2014,1942,5856
hypergraph_cut,mag10_top1000,0,60,33,33,1945,2059,1919,5923
hypergraph_cut,mag10_top1000,0,60,34,34,1989,2107,1894,5990
hypergraph_cut,mag10_top1000,0,60,35,35,2033,2152,1866,6051
hypergraph_cut,mag10_top1000,0,60,36,36,2075,2195,1839,6109
hypergraph_cut,mag10_top1000,0,60,37,37,2115,2242,1816,6173
hypergraph_cut,mag10_top1000,0,60,38,38,2154,2298,1797,6249
hypergraph_cut,mag10_top1000,0,60,39,39,2193,2338,1782,6313
hypergraph_cut,mag10_top1000,0,60,40,40,2232,2378,1762,6372
hypergraph_cut,mag10_top1000,0,60,41,41,2270,2416,1733,6419
hypergraph_cut,mag10_top1000,0,60,42,42,2308,2455,1706,6469
hypergraph_cut,mag10_top1000,0,60,43,43,2346,2493,1687,6526
hypergraph_cut,mag10_top1000,0,60,44,44,2383,2539,1671,6593
hypergraph_cut,mag10_top1000,0,60,45,45,2419,2582,1657,6658
hypergraph_cut,mag10_top1000,0,60,46,46,2454,2618,1633,6705
hypergraph_cut,mag10_top1000,0,60,47,47,2489,2659,1619,6767
hypergraph_cut,mag10_top1000,0,60,48,48,2524,2702,1596,6822
hypergraph_cut,mag10_top1000,0,60,49,49,2559,2749,1571,6879
hypergraph_cut,mag10_top1000,0,60,50,50,2594,2786,1557,6937
hypergraph_cut,mag10_top1000,0,60,51,51,2627,2825,1546,6998
hypergraph_cut,mag10_top1000,0,60,52,52,2660,2874,1531,7065
hypergraph_cut,mag10_top1000,0,60,53,53,2693,2909,1516,7118
hypergraph_cut,mag10_top1000,0,60,54,54,2725,2944,1496,7165
hypergraph_cut,mag10_top1000,0,60,55,55,2756,2984,1479,7219
hypergraph_cut,mag10_top1000,0,60,56,56,2786,3018,1464,7268
hypergraph_cut,mag10_top1000,0,60,57,57,2816,3057,1452,7325
hypergraph_cut,mag10_top1000,0,60,58,58,2846,3090,1440,7376
hypergraph_cut,mag10_top1000,0,60,59,59,2875,3121,1431,7427
hypergraph_cut,mag10_top1000,0,60,60,60,2904,3155,1418,7477
hypergraph_cut,mag10_top1000,0,70,0,0,0,0,3510,3510
hypergraph_cut,mag10_top1000,0,70,1,1,120,120,3403,3643
hypergraph_cut,mag10_top1000,0,70,2,2,210,211,3324,3745
hypergraph_cut,mag10_top1000,0,70,3,3,296,297,3263,3856
hypergraph_cut,mag10_top1000,0,70,4,4,374,375,3204,3953
hypergraph_cut,mag10_top1000,0,70,5,5,447,448,3151,4046
hypergraph_cut,mag10_top1000,0,70,6,6,518,521,3080,4119
hypergraph_cut,mag10_top1000,0,70,7,7,585,602,3033,4220
hypergraph_cut,mag10_top1000,0,70,8,8,651,670,2989,4310
hypergraph_cut,mag10_top1000,0,70,9,9,715,734,2941,4390
hypergraph_cut,mag10_top1000,0,70,10,10,777,801,2889,4467
hypergraph_cut,mag10_top1000,0,70,11,11,838,862,2854,4554
hypergraph_cut,mag10_top1000,0,70,12,12,897,929,2803,4629
hypergraph_cut,mag10_top1000,0,70,13,13,955,989,2770,4714
hypergraph_cut,mag10_top1000,0,70,14,14,1013,1048,2729,4790
hypergraph_cut,mag10_top1000,0,70,15,15,1070,1126,2700,4896
hypergraph_cut,mag10_top1000,0,70,16,16,1126,1182,2661,4969
hypergraph_cut,mag10_top1000,0,70,17,17,1180,1238,2621,5039
hypergraph_cut,mag10_top1000,0,70,18,18,1232,1291,2579,5102
hypergraph_cut,mag10_top1000,0,70,19,19,1284,1344,2550,5178
hypergraph_cut,mag10_top1000,0,70,20,20,1335,1397,2523,5255
hypergraph_cut,mag10_top1000,0,70,21,21,1384,1446,2492,5322
hypergraph_cut,mag10_top1000,0,70,22,22,1433,1495,2461,5389
hypergraph_cut,mag10_top1000,0,70,23,23,1481,1543,2435,5459
hypergraph_cut,mag10_top1000,0,70,24,24,1529,1595,2408,5532
hypergraph_cut,mag10_top1000,0,70,25,25,1577,1643,2379,5599
hypergraph_cut,mag10_top1000,0,70,26,26,1624,1706,2354,5684
hypergraph_cut,mag10_top1000,0,70,27,27,1671,1754,2331,5756
hypergraph_cut,mag10_top1000,0,70,28,28,1718,1802,2308,5828
hypergraph_cut,mag10_top1000,0,70,29,29,1764,1851,2279,5894
hypergraph_cut,mag10_top1000,0,70,30,30,1810,1901,2249,5960
hypergraph_cut,mag10_top1000,0,70,31,31,1855,1952,2222,6029
hypergraph_cut,mag10_top1000,0,70,32,32,1900,2014,2186,6100
hypergraph_cut,mag10_top1000,0,70,33,33,1945,2059,2161,6165
hypergraph_cut,mag10_top1000,0,70,34,34,1989,2107,2135,6231
hypergraph_cut,mag10_top1000,0,70,35,35,2033,2152,2103,6288
hypergraph_cut,mag10_top1000,0,70,36,36,2075,2195,2075,6345
hypergraph_cut,mag10_top1000,0,70,37,37,2115,2242,2050,6407
hypergraph_cut,mag10_top1000,0,70,38,38,2154,2298,2030,6482
hypergraph_cut,mag10_top1000,0,70,39,39,2193,2338,2013,6544
hypergraph_cut,mag10_top1000,0,70,40,40,2232,2378,1992,6602
hypergraph_cut,mag10_top1000,0,70,41,41,2270,2416,1962,6648
hypergraph_cut,mag10_top1000,0,70,42,42,2308,2455,1932,6695
hypergraph_cut,mag10_top1000,0,70,43,43,2346,2493,1911,6750
hypergraph_cut,mag10_top1000,0,70,44,44,2383,2539,1893,6815
hypergraph_cut,mag10_top1000,0,70,45,45,2419,2582,1876,6877
hypergraph_cut,mag10_top1000,0,70,46,46,2454,2618,1851,6923
hypergraph_cut,mag10_top1000,0,70,47,47,2489,2659,1835,6983
hypergraph_cut,mag10_top1000,0,70,48,48,2524,2702,1810,7036
hypergraph_cut,mag10_top1000,0,70,49,49,2559,2749,1784,7092
hypergraph_cut,mag10_top1000,0,70,50,50,2594,2786,1768,7148
hypergraph_cut,mag10_top1000,0,70,51,51,2627,2825,1752,7204
hypergraph_cut,mag10_top1000,0,70,52,52,2660,2874,1736,7270
hypergraph_cut,mag10_top1000,0,70,53,53,2693,2909,1720,7322
hypergraph_cut,mag10_top1000,0,70,54,54,2725,2944,1697,7366
hypergraph_cut,mag10_top1000,0,70,55,55,2756,2984,1679,7419
hypergraph_cut,mag10_top1000,0,70,56,56,2786,3018,1661,7465
hypergraph_cut,mag10_top1000,0,70,57,57,2816,3057,1648,7521
hypergraph_cut,mag10_top1000,0,70,58,58,2846,3090,1634,7570
hypergraph_cut,mag10_top1000,0,70,59,59,2875,3121,1624,7620
hypergraph_cut,mag10_top1000,0,70,60,60,2904,3155,1610,7669
hypergraph_cut,mag10_top1000,0,70,61,61,2932,3199,1595,7726
hypergraph_cut,mag10_top1000,0,70,62,62,2960,3229,1586,7775
hypergraph_cut,mag10_top1000,0,70,63,63,2988,3260,1574,7822
hypergraph_cut,mag10_top1000,0,70,64,64,3016,3292,1557,7865
hypergraph_cut,mag10_top1000,0,70,65,65,3043,3321,1545,7909
hypergraph_cut,mag10_top1000,0,70,66,66,3070,3349,1533,7952
hypergraph_cut,mag10_top1000,0,70,67,67,3097,3376,1523,7996
hypergraph_cut,mag10_top1000,0,70,68,68,3124,3404,1515,8043
hypergraph_cut,mag10_top1000,0,70,69,69,3151,3434,1496,8081
hypergraph_cut,mag10_top1000,0,70,70,70,3177,3476,1484,8137
hypergraph_cut,mag10_top1000,0,80,0,0,0,0,3820,3820
hypergraph_cut,mag10_top1000,0,80,1,1,120,120,3711,3951
hypergraph_cut,mag10_top1000,0,80,2,2,210,211,3630,4051
hypergraph_cut,mag10_top1000,0,80,3,3,296,297,3564,4157
hypergraph_cut,mag10_top1000,0,80,4,4,374,375,3503,4252
hypergraph_cut,mag10_top1000,0,80,5,5,447,448,3447,4342
hypergraph_cut,mag10_top1000,0,80,6,6,518,521,3371,4410
hypergraph_cut,mag10_top1000,0,80,7,7,585,602,3322,4509
hypergraph_cut,mag10_top1000,0,80,8,8,651,670,3275,4596
hypergraph_cut,mag10_top1000,0,80,9,9,715,734,3224,4673
hypergraph_cut,mag10_top1000,0,80,10,10,777,801,3169,4747
hypergraph_cut,mag10_top1000,0,80,11,11,838,862,3132,4832
hypergraph_cut,mag10_top1000,0,80,12,12,897,929,3079,4905
hypergraph_cut,mag10_top1000,0,80,13,13,955,989,3044,4988
hypergraph_cut,mag10_top1000,0,80,14,14,1013,1048,3001,5062
hypergraph_cut,mag10_top1000,0,80,15,15,1070,1126,2968,5164
hypergraph_cut,mag10_top1000,0,80,16,16,1126,1182,2926,5234
hypergraph_cut,mag10_top1000,0,80,17,17,1180,1238,2882,5300
hypergraph_cut,mag10_top1000,0,80,18,18,1232,1291,2838,5361
hypergraph_cut,mag10_top1000,0,80,19,19,1284,1344,2804,5432
hypergraph_cut,mag10_top1000,0,80,20,20,1335,1397,2774,5506
hypergraph_cut,mag10_top1000,0,80,21,21,1384,1446,2742,5572
hypergraph_cut,mag10_top1000,0,80,22,22,1433,1495,2708,5636
hypergraph_cut,mag10_top1000,0,80,23,23,1481,1543,2679,5703
hypergraph_cut,mag10_top1000,0,80,24,24,1529,1595,2649,5773
hypergraph_cut,mag10_top1000,0,80,25,25,1577,1643,2618,5838
hypergraph_cut,mag10_top1000,0,80,26,26,1624,1706,2591,5921
hypergraph_cut,mag10_top1000,0,80,27,27,1671,1754,2567,5992
hypergraph_cut,mag10_top1000,0,80,28,28,1718,1802,2543,6063
hypergraph_cut,mag10_top1000,0,80,29,29,1764,1851,2513,6128
hypergraph_cut,mag10_top1000,0,80,30,30,1810,1901,2482,6193
hypergraph_cut,mag10_top1000,0,80,31,31,1855,1952,2454,6261
hypergraph_cut,mag10_top1000,0,80,32,32,1900,2014,2416,6330
hypergraph_cut,mag10_top1000,0,80,33,33,1945,2059,2390,6394
hypergraph_cut,mag10_top1000,0,80,34,34,1989,2107,2363,6459
hypergraph_cut,mag10_top1000,0,80,35,35,2033,2152,2331,6516
hypergraph_cut,mag10_top1000,0,80,36,36,2075,2195,2301,6571
hypergraph_cut,mag10_top1000,0,80,37,37,2115,2242,2274,6631
hypergraph_cut,mag10_top1000,0,80,38,38,2154,2298,2251,6703
hypergraph_cut,mag10_top1000,0,80,39,39,2193,2338,2230,6761
hypergraph_cut,mag10_top1000,0,80,40,40,2232,2378,2207,6817
hypergraph_cut,mag10_top1000,0,80,41,41,2270,2416,2175,6861
hypergraph_cut,mag10_top1000,0,80,42,42,2308,2455,2144,6907
hypergraph_cut,mag10_top1000,0,80,43,43,2346,2493,2119,6958
hypergraph_cut,mag10_top1000,0,80,44,44,2383,2539,2100,7022
hypergraph_cut,mag10_top1000,0,80,45,45,2419,2582,2081,7082
hypergraph_cut,mag10_top1000,0,80,46,46,2454,2618,2056,7128
hypergraph_cut,mag10_top1000,0,80,47,47,2489,2659,2038,7186
hypergraph_cut,mag10_top1000,0,80,48,48,2524,2702,2012,7238
hypergraph_cut,mag10_top1000,0,80,49,49,2559,2749,1984,7292
hypergraph_cut,mag10_top1000,0,80,50,50,2594,2786,1966,7346
hypergraph_cut,mag10_top1000,0,80,51,51,2627,2825,1948,7400
hypergraph_cut,mag10_top1000,0,80,52,52,2660,2874,1931,7465
hypergraph_cut,mag10_top1000,0,80,53,53,2693,2909,1914,7516
hypergraph_cut,mag10_top1000,0,80,54,54,2725,2944,1889,7558
hypergraph_cut,mag10_top1000,0,80,55,55,2756,2984,1869,7609
hypergraph_cut,mag10_top1000,0,80,56,56,2786,3018,1850,7654
hypergraph_cut,mag10_top1000,0,80,57,57,2816,3057,1836,7709
hypergraph_cut,mag10_top1000,0,80,58,58,2846,3090,1820,7756
hypergraph_cut,mag10_top1000,0,80,59,59,2875,3121,1808,7804
hypergraph_cut,mag10_top1000,0,80,60,60,2904,3155,1793,7852
hypergraph_cut,mag10_top1000,0,80,61,61,2932,3199,1776,7907
hypergraph_cut,mag10_top1000,0,80,62,62,2960,3229,1766,7955
hypergraph_cut,mag10_top1000,0,80,63,63,2988,3260,1754,8002
hypergraph_cut,mag10_top1000,0,80,64,64,3016,3292,1737,8045
hypergraph_cut,mag10_top1000,0,80,65,65,3043,3321,1725,8089
hypergraph_cut,mag10_top1000,0,80,66,66,3070,3349,1712,8131
hypergraph_cut,mag10_top1000,0,80,67,67,3097,3376,1702,8175
hypergraph_cut,mag10_top1000,0,80,68,68,3124,3404,1692,8220
hypergraph_cut,mag10_top1000,0,80,69,69,3151,3434,1671,8256
hypergraph_cut,mag10_top1000,0,80,70,70,3177,3476,1658,8311
hypergraph_cut,mag10_top1000,0,80,71,71,3203,3515,1646,8364
hypergraph_cut,mag10_top1000,0,80,72,72,3229,3547,1637,8413
hypergraph_cut,mag10_top1000,0,80,73,73,3254,3576,1621,8451
hypergraph_cut,mag10_top1000,0,80,74,74,3279,3601,1612,8492
hypergraph_cut,mag10_top1000,0,80,75,75,3304,3630,1601,8535
hypergraph_cut,mag10_top1000,0,80,76,76,3329,3656,1591,8576
hypergraph_cut,mag10_top1000,0,80,77,77,3354,3688,1579,8621
hypergraph_cut,mag10_top1000,0,80,78,78,3379,3720,1559,8658
hypergraph_cut,mag10_top1000,0,80,79,79,3403,3746,1549,8698
hypergraph_cut,mag10_top1000,0,80,80,80,3427,3770,1538,8735
hypergraph_cut,mag10_top1000,0,90,0,0,0,0,4104,4104
hypergraph_cut,mag10_top1000,0,90,1,1,120,120,3993,4233
hypergraph_cut,mag10_top1000,0,90,2,2,210,211,3911,4332
hypergraph_cut,mag10_top1000,0,90,3,3,296,297,3841,4434
hypergraph_cut,mag10_top1000,0,90,4,4,374,375,3777,4526
hypergraph_cut,mag10_top1000,0,90,5,5,447,448,3720,4615
hypergraph_cut,mag10_top1000,0,90,6,6,518,521,3643,4682
hypergraph_cut,mag10_top1000,0,90,7,7,585,602,3592,4779
hypergraph_cut,mag10_top1000,0,90,8,8,651,670,3543,4864
hypergraph_cut,mag10_top1000,0,90,9,9,715,734,3489,4938
hypergraph_cut,mag10_top1000,0,90,10,10,777,801,3428,5006
hypergraph_cut,mag10_top1000,0,90,11,11,838,862,3387,5087
hypergraph_cut,mag10_top1000,0,90,12,12,897,929,3331,5157
hypergraph_cut,mag10_top1000,0,90,13,13,955,989,3294,5238
hypergraph_cut,mag10_top1000,0,90,14,14,1013,1048,3249,5310
hypergraph_cut,mag10_top1000,0,90,15,15,1070,1126,3211,5407
hypergraph_cut,mag10_top1000,0,90,16,16,1126,1182,3168,5476
hypergraph_cut,mag10_top1000,0,90,17,17,1180,1238,3121,5539
hypergraph_cut,mag10_top1000,0,90,18,18,1232,1291,3076,5599
hypergraph_cut,mag10_top1000,0,90,19,19,1284,1344,3041,5669
hypergraph_cut,mag10_top1000,0,90,20,20,1335,1397,3009,5741
hypergraph_cut,mag10_top1000,0,90,21,21,1384,1446,2976,5806
hypergraph_cut,mag10_top1000,0,90,22,22,1433,1495,2940,5868
hypergraph_cut,mag10_top1000,0,90,23,23,1481,1543,2909,5933
hypergraph_cut,mag10_top1000,0,90,24,24,1529,1595,2878,6002
hypergraph_cut,mag10_top1000,0,90,25,25,1577,1643,2846,6066
hypergraph_cut,mag10_top1000,0,90,26,26,1624,1706,2817,6147
hypergraph_cut,mag10_top1000,0,90,27,27,1671,1754,2792,6217
hypergraph_cut,mag10_top1000,0,90,28,28,1718,1802,2767,6287
hypergraph_cut,mag10_top1000,0,90,29,29,1764,1851,2736,6351
hypergraph_cut,mag10_top1000,0,90,30,30,1810,1901,2703,6414
hypergraph_cut,mag10_top1000,0,90,31,31,1855,1952,2672,6479
hypergraph_cut,mag10_top1000,0,90,32,32,1900,2014,2632,6546
hypergraph_cut,mag10_top1000,0,90,33,33,1945,2059,2605,6609
hypergraph_cut,mag10_top1000,0,90,34,34,1989,2107,2576,6672
hypergraph_cut,mag10_top1000,0,90,35,35,2033,2152,2542,6727
hypergraph_cut,mag10_top1000,0,90,36,36,2075,2195,2511,6781
hypergraph_cut,mag10_top1000,0,90,37,37,2115,2242,2483,6840
hypergraph_cut,mag10_top1000,0,90,38,38,2154,2298,2459,6911
hypergraph_cut,mag10_top1000,0,90,39,39,2193,2338,2435,6966
hypergraph_cut,mag10_top1000,0,90,40,40,2232,2378,2411,7021
hypergraph_cut,mag10_top1000,0,90,41,41,2270,2416,2377,7063
hypergraph_cut,mag10_top1000,0,90,42,42,2308,2455,2345,7108
hypergraph_cut,mag10_top1000,0,90,43,43,2346,2493,2318,7157
hypergraph_cut,mag10_top1000,0,90,44,44,2383,2539,2297,7219
hypergraph_cut,mag10_top1000,0,90,45,45,2419,2582,2276,7277
hypergraph_cut,mag10_top1000,0,90,46,46,2454,2618,2250,7322
hypergraph_cut,mag10_top1000,0,90,47,47,2489,2659,2231,7379
hypergraph_cut,mag10_top1000,0,90,48,48,2524,2702,2204,7430
hypergraph_cut,mag10_top1000,0,90,49,49,2559,2749,2174,7482
hypergraph_cut,mag10_top1000,0,90,50,50,2594,2786,2155,7535
hypergraph_cut,mag10_top1000,0,90,51,51,2627,2825,2135,7587
hypergraph_cut,mag10_top1000,0,90,52,52,2660,2874,2116,7650
hypergraph_cut,mag10_top1000,0,90,53,53,2693,2909,2098,7700
hypergraph_cut,mag10_top1000,0,90,54,54,2725,2944,2072,7741
hypergraph_cut,mag10_top1000,0,90,55,55,2756,2984,2050,7790
hypergraph_cut,mag10_top1000,0,90,56,56,2786,3018,2030,7834
hypergraph_cut,mag10_top1000,0,90,57,57,2816,3057,2016,7889
hypergraph_cut,mag10_top1000,0,90,58,58,2846,3090,2000,7936
hypergraph_cut,mag10_top1000,0,90,59,59,2875,3121,1987,7983
hypergraph_cut,mag10_top1000,0,90,60,60,2904,3155,1970,8029
hypergraph_cut,mag10_top1000,0,90,61,61,2932,3199,1952,8083
hypergraph_cut,mag10_top1000,0,90,62,62,2960,3229,1941,8130
hypergraph_cut,mag10_top1000,0,90,63,63,2988,3260,1927,8175
hypergraph_cut,mag10_top1000,0,90,64,64,3016,3292,1909,8217
hypergraph_cut,mag10_top1000,0,90,65,65,3043,3321,1895,8259
hypergraph_cut,mag10_top1000,0,90,66,66,3070,3349,1882,8301
hypergraph_cut,mag10_top1000,0,90,67,67,3097,3376,1872,8345
hypergraph_cut,mag10_top1000,0,90,68,68,3124,3404,1862,8390
hypergraph_cut,mag10_top1000,0,90,69,69,3151,3434,1841,8426
hypergraph_cut,mag10_top1000,0,90,70,70,3177,3476,1828,8481
hypergraph_cut,mag10_top1000,0,90,71,71,3203,3515,1816,8534
hypergraph_cut,mag10_top1000,0,90,72,72,3229,3547,1804,8580
hypergraph_cut,mag10_top1000,0,90,73,73,3254,3576,1786,8616
hypergraph_cut,mag10_top1000,0,90,74,74,3279,3601,1775,8655
hypergraph_cut,mag10_top1000,0,90,75,75,3304,3630,1763,8697
hypergraph_cut,mag10_top1000,0,90,76,76,3329,3656,1751,8736
hypergraph_cut,mag10_top1000,0,90,77,77,3354,3688,1739,8781
hypergraph_cut,mag10_top1000,0,90,78,78,3379,3720,1717,8816
hypergraph_cut,mag10_top1000,0,90,79,79,3403,3746,1705,8854
hypergraph_cut,mag10_top1000,0,90,80,80,3427,3770,1692,8889
hypergraph_cut,mag10_top1000,0,90,81,81,3451,3796,1678,8925
hypergraph_cut,mag10_top1000,0,90,82,82,3475,3834,1666,8975
hypergraph_cut,mag10_top1000,0,90,83,83,3499,3865,1654,9018
hypergraph_cut,mag10_top1000,0,90,84,84,3522,3896,1638,9056
hypergraph_cut,mag10_top1000,0,90,85,85,3545,3928,1625,9098
hypergraph_cut,mag10_top1000,0,90,86,86,3568,3954,1612,9134
hypergraph_cut,mag10_top1000,0,90,87,87,3591,4006,1601,9198
hypergraph_cut,mag10_top1000,0,90,88,88,3614,4033,1591,9238
hypergraph_cut,mag10_top1000,0,90,89,89,3637,4060,1580,9277
hypergraph_cut,mag10_top1000,0,90,90,90,3660,4083,1572,9315
hypergraph_cut,mag10_top1000,0,100,0,0,0,0,4367,4367
hypergraph_cut,mag10_top1000,0,100,1,1,120,120,4254,4494
hypergraph_cut,mag10_top1000,0,100,2,2,210,211,4171,4592
hypergraph_cut,mag10_top1000,0,100,3,3,296,297,4097,4690
hypergraph_cut,mag10_top1000,0,100,4,4,374,375,4031,4780
hypergraph_cut,mag10_top1000,0,100,5,5,447,448,3973,4868
hypergraph_cut,mag10_top1000,0,100,6,6,518,521,3897,4936
hypergraph_cut,mag10_top1000,0,100,7,7,585,602,3844,5031
hypergraph_cut,mag10_top1000,0,100,8,8,651,670,3792,5113
hypergraph_cut,mag10_top1000,0,100,9,9,715,734,3736,5185
hypergraph_cut,mag10_top1000,0,100,10,10,777,801,3669,5247
hypergraph_cut,mag10_top1000,0,100,11,11,838,862,3627,5327
hypergraph_cut,mag10_top1000,0,100,12,12,897,929,3571,5397
hypergraph_cut,mag10_top1000,0,100,13,13,955,989,3533,5477
hypergraph_cut,mag10_top1000,0,100,14,14,1013,1048,3486,5547
hypergraph_cut,mag10_top1000,0,100,15,15,1070,1126,3445,5641
hypergraph_cut,mag10_top1000,0,100,16,16,1126,1182,3399,5707
hypergraph_cut,mag10_top1000,0,100,17,17,1180,1238,3350,5768
hypergraph_cut,mag10_top1000,0,100,18,18,1232,1291,3303,5826
hypergraph_cut,mag10_top1000,0,100,19,19,1284,1344,3267,5895
hypergraph_cut,mag10_top1000,0,100,20,20,1335,1397,3234,5966
hypergraph_cut,mag10_top1000,0,100,21,21,1384,1446,3200,6030
hypergraph_cut,mag10_top1000,0,100,22,22,1433,1495,3163,6091
hypergraph_cut,mag10_top1000,0,100,23,23,1481,1543,3129,6153
hypergraph_cut,mag10_top1000,0,100,24,24,1529,1595,3096,6220
hypergraph_cut,mag10_top1000,0,100,25,25,1577,1643,3063,6283
hypergraph_cut,mag10_top1000,0,100,26,26,1624,1706,3032,6362
hypergraph_cut,mag10_top1000,0,100,27,27,1671,1754,3005,6430
hypergraph_cut,mag10_top1000,0,100,28,28,1718,1802,2979,6499
hypergraph_cut,mag10_top1000,0,100,29,29,1764,1851,2946,6561
hypergraph_cut,mag10_top1000,0,100,30,30,1810,1901,2913,6624
hypergraph_cut,mag10_top1000,0,100,31,31,1855,1952,2881,6688
hypergraph_cut,mag10_top1000,0,100,32,32,1900,2014,2839,6753
hypergraph_cut,mag10_top1000,0,100,33,33,1945,2059,2811,6815
hypergraph_cut,mag10_top1000,0,100,34,34,1989,2107,2780,6876
hypergraph_cut,mag10_top1000,0,100,35,35,2033,2152,2744,6929
hypergraph_cut,mag10_top1000,0,100,36,36,2075,2195,2712,6982
hypergraph_cut,mag10_top1000,0,100,37,37,2115,2242,2683,7040
hypergraph_cut,mag10_top1000,0,100,38,38,2154,2298,2658,7110
hypergraph_cut,mag10_top1000,0,100,39,39,2193,2338,2630,7161
hypergraph_cut,mag10_top1000,0,100,40,40,2232,2378,2604,7214
hypergraph_cut,mag10_top1000,0,100,41,41,2270,2416,2569,7255
hypergraph_cut,mag10_top1000,0,100,42,42,2308,2455,2537,7300
hypergraph_cut,mag10_top1000,0,100,43,43,2346,2493,2508,7347
hypergraph_cut,mag10_top1000,0,100,44,44,2383,2539,2485,7407
hypergraph_cut,mag10_top1000,0,100,45,45,2419,2582,2461,7462
hypergraph_cut,mag10_top1000,0,100,46,46,2454,2618,2434,7506
hypergraph_cut,mag10_top1000,0,100,47,47,2489,2659,2413,7561
hypergraph_cut,mag10_top1000,0,100,48,48,2524,2702,2384,7610
hypergraph_cut,mag10_top1000,0,100,49,49,2559,2749,2354,7662
hypergraph_cut,mag10_top1000,0,100,50,50,2594,2786,2335,7715
hypergraph_cut,mag10_top1000,0,100,51,51,2627,2825,2315,7767
hypergraph_cut,mag10_top1000,0,100,52,52,2660,2874,2296,7830
hypergraph_cut,mag10_top1000,0,100,53,53,2693,2909,2278,7880
hypergraph_cut,mag10_top1000,0,100,54,54,2725,2944,2251,7920
hypergraph_cut,mag10_top1000,0,100,55,55,2756,2984,2227,7967
hypergraph_cut,mag10_top1000,0,100,56,56,2786,3018,2204,8008
hypergraph_cut,mag10_top1000,0,100,57,57,2816,3057,2189,8062
hypergraph_cut,mag10_top1000,0,100,58,58,2846,3090,2171,8107
hypergraph_cut,mag10_top1000,0,100,59,59,2875,3121,2157,8153
hypergraph_cut,mag10_top1000,0,100,60,60,2904,3155,2140,8199
hypergraph_cut,mag10_top1000,0,100,61,61,2932,3199,2122,8253
hypergraph_cut,mag10_top1000,0,100,62,62,2960,3229,2111,8300
hypergraph_cut,mag10_top1000,0,100,63,63,2988,3260,2097,8345
hypergraph_cut,mag10_top1000,0,100,64,64,3016,3292,2079,8387
hypergraph_cut,mag10_top1000,0,100,65,65,3043,3321,2065,8429
hypergraph_cut,mag10_top1000,0,100,66,66,3070,3349,2051,8470
hypergraph_cut,mag10_top1000,0,100,67,67,3097,3376,2040,8513
hypergraph_cut,mag10_top1000,0,100,68,68,3124,3404,2029,8557
hypergraph_cut,mag10_top1000,0,100,69,69,3151,3434,2004,8589
hypergraph_cut,mag10_top1000,0,100,70,70,3177,3476,1990,8643
hypergraph_cut,mag10_top1000,0,100,71,71,3203,3515,1977,8695
hypergraph_cut,mag10_top1000,0,100,72,72,3229,3547,1964,8740
hypergraph_cut,mag10_top1000,0,100,73,73,3254,3576,1943,8773
hypergraph_cut,mag10_top1000,0,100,74,74,3279,3601,1930,8810
hypergraph_cut,mag10_top1000,0,100,75,75,3304,3630,1917,8851
hypergraph_cut,mag10_top1000,0,100,76,76,3329,3656,1903,8888
hypergraph_cut,mag10_top1000,0,100,77,77,3354,3688,1889,8931
hypergraph_cut,mag10_top1000,0,100,78,78,3379,3720,1867,8966
hypergraph_cut,mag10_top1000,0,100,79,79,3403,3746,1853,9002
hypergraph_cut,mag10_top1000,0,100,80,80,3427,3770,1838,9035
hypergraph_cut,mag10_top1000,0,100,81,81,3451,3796,1822,9069
hypergraph_cut,mag10_top1000,0,100,82,82,3475,3834,1808,9117
hypergraph_cut,mag10_top1000,0,100,83,83,3499,3865,1794,9158
hypergraph_cut,mag10_top1000,0,100,84,84,3522,3896,1778,9196
hypergraph_cut,mag10_top1000,0,100,85,85,3545,3928,1765,9238
hypergraph_cut,mag10_top1000,0,100,86,86,3568,3954,1752,9274
hypergraph_cut,mag10_top1000,0,100,87,87,3591,4006,1741,9338
hypergraph_cut,mag10_top1000,0,100,88,88,3614,4033,1731,9378
hypergraph_cut,mag10_top1000,0,100,89,89,3637,4060,1720,9417
hypergraph_cut,mag10_top1000,0,100,90,90,3660,4083,1712,9455
hypergraph_cut,mag10_top1000,0,100,91,91,3682,4122,1697,9501
hypergraph_cut,mag10_top1000,0,100,92,92,3704,4146,1685,9535
hypergraph_cut,mag10_top1000,0,100,93,93,3726,4169,1673,9568
hypergraph_cut,mag10_top1000,0,100,94,94,3748,4192,1662,9602
hypergraph_cut,mag10_top1000,0,100,95,95,3770,4231,1651,9652
hypergraph_cut,mag10_top1000,0,100,96,96,3792,4253,1636,9681
hypergraph_cut,mag10_top1000,0,100,97,97,3814,4287,1625,9726
hypergraph_cut,mag10_top1000,0,100,98,98,3836,4309,1616,9761
hypergraph_cut,mag10_top1000,0,100,99,99,3858,4335,1602,9795
hypergraph_cut,mag10_top1000,0,100,100,100,3879,4374,1592,9845
hypergraph_cut,mag10_top1000,0,110,0,0,0,0,4616,4616
hypergraph_cut,mag10_top1000,0,110,1,1,120,120,4500,4740
hypergraph_cut,mag10_top1000,0,110,2,2,210,211,4416,4837
hypergraph_cut,mag10_top1000,0,110,3,3,296,297,4340,4933
hypergraph_cut,mag10_top1000,0,110,4,4,374,375,4272,5021
hypergraph_cut,mag10_top1000,0,110,5,5,447,448,4213,5108
hypergraph_cut,mag10_top1000,0,110,6,6,518,521,4136,5175
hypergraph_cut,mag10_top1000,0,110,7,7,585,602,4083,5270
hypergraph_cut,mag10_top1000,0,110,8,8,651,670,4029,5350
hypergraph_cut,mag10_top1000,0,110,9,9,715,734,3972,5421
hypergraph_cut,mag10_top1000,0,110,10,10,777,801,3901,5479
hypergraph_cut,mag10_top1000,0,110,11,11,838,862,3858,5558
hypergraph_cut,mag10_top1000,0,110,12,12,897,929,3801,5627
hypergraph_cut,mag10_top1000,0,110,13,13,955,989,3760,5704
hypergraph_cut,mag10_top1000,0,110,14,14,1013,1048,3712,5773
hypergraph_cut,mag10_top1000,0,110,15,15,1070,1126,3669,5865
hypergraph_cut,mag10_top1000,0,110,16,16,1126,1182,3620,5928
hypergraph_cut,mag10_top1000,0,110,17,17,1180,1238,3569,5987
hypergraph_cut,mag10_top1000,0,110,18,18,1232,1291,3521,6044
hypergraph_cut,mag10_top1000,0,110,19,19,1284,1344,3481,6109
hypergraph_cut,mag10_top1000,0,110,20,20,1335,1397,3447,6179
hypergraph_cut,mag10_top1000,0,110,21,21,1384,1446,3413,6243
hypergraph_cut,mag10_top1000,0,110,22,22,1433,1495,3374,6302
hypergraph_cut,mag10_top1000,0,110,23,23,1481,1543,3339,6363
hypergraph_cut,mag10_top1000,0,110,24,24,1529,1595,3306,6430
hypergraph_cut,mag10_top1000,0,110,25,25,1577,1643,3271,6491
hypergraph_cut,mag10_top1000,0,110,26,26,1624,1706,3239,6569
hypergraph_cut,mag10_top1000,0,110,27,27,1671,1754,3209,6634
hypergraph_cut,mag10_top1000,0,110,28,28,1718,1802,3182,6702
hypergraph_cut,mag10_top1000,0,110,29,29,1764,1851,3147,6762
hypergraph_cut,mag10_top1000,0,110,30,30,1810,1901,3113,6824
hypergraph_cut,mag10_top1000,0,110,31,31,1855,1952,3079,6886
hypergraph_cut,mag10_top1000,0,110,32,32,1900,2014,3035,6949
hypergraph_cut,mag10_top1000,0,110,33,33,1945,2059,3006,7010
hypergraph_cut,mag10_top1000,0,110,34,34,1989,2107,2974,7070
hypergraph_cut,mag10_top1000,0,110,35,35,2033,2152,2936,7121
hypergraph_cut,mag10_top1000,0,110,36,36,2075,2195,2903,7173
hypergraph_cut,mag10_top1000,0,110,37,37,2115,2242,2873,7230
hypergraph_cut,mag10_top1000,0,110,38,38,2154,2298,2848,7300
hypergraph_cut,mag10_top1000,0,110,39,39,2193,2338,2818,7349
hypergraph_cut,mag10_top1000,0,110,40,40,2232,2378,2791,7401
hypergraph_cut,mag10_top1000,0,110,41,41,2270,2416,2755,7441
hypergraph_cut,mag10_top1000,0,110,42,42,2308,2455,2721,7484
hypergraph_cut,mag10_top1000,0,110,43,43,2346,2493,2688,7527
hypergraph_cut,mag10_top1000,0,110,44,44,2383,2539,2665,7587
hypergraph_cut,mag10_top1000,0,110,45,45,2419,2582,2641,7642
hypergraph_cut,mag10_top1000,0,110,46,46,2454,2618,2614,7686
hypergraph_cut,mag10_top1000,0,110,47,47,2489,2659,2592,7740
hypergraph_cut,mag10_top1000,0,110,48,48,2524,2702,2562,7788
hypergraph_cut,mag10_top1000,0,110,49,49,2559,2749,2531,7839
hypergraph_cut,mag10_top1000,0,110,50,50,2594,2786,2511,7891
hypergraph_cut,mag10_top1000,0,110,51,51,2627,2825,2489,7941
hypergraph_cut,mag10_top1000,0,110,52,52,2660,2874,2469,8003
hypergraph_cut,mag10_top1000,0,110,53,53,2693,2909,2449,8051
hypergraph_cut,mag10_top1000,0,110,54,54,2725,2944,2421,8090
hypergraph_cut,mag10_top1000,0,110,55,55,2756,2984,2397,8137
hypergraph_cut,mag10_top1000,0,110,56,56,2786,3018,2374,8178
hypergraph_cut,mag10_top1000,0,110,57,57,2816,3057,2359,8232
hypergraph_cut,mag10_top1000,0,110,58,58,2846,3090,2341,8277
hypergraph_cut,mag10_top1000,0,110,59,59,2875,3121,2326,8322
hypergraph_cut,mag10_top1000,0,110,60,60,2904,3155,2308,8367
hypergraph_cut,mag10_top1000,0,110,61,61,2932,3199,2289,8420
hypergraph_cut,mag10_top1000,0,110,62,62,2960,3229,2277,8466
hypergraph_cut,mag10_top1000,0,110,63,63,2988,3260,2261,8509
hypergraph_cut,mag10_top1000,0,110,64,64,3016,3292,2241,8549
hypergraph_cut,mag10_top1000,0,110,65,65,3043,3321,2225,8589
hypergraph_cut,mag10_top1000,0,110,66,66,3070,3349,2211,8630
hypergraph_cut,mag10_top1000,0,110,67,67,3097,3376,2200,8673
hypergraph_cut,mag10_top1000,0,110,68,68,3124,3404,2189,8717
hypergraph_cut,mag10_top1000,0,110,69,69,3151,3434,2161,8746
hypergraph_cut,mag10_top1000,0,110,70,70,3177,3476,2145,8798
hypergraph_cut,mag10_top1000,0,110,71,71,3203,3515,2131,8849
hypergraph_cut,mag10_top1000,0,110,72,72,3229,3547,2114,8890
hypergraph_cut,mag10_top1000,0,110,73,73,3254,3576,2093,8923
hypergraph_cut,mag10_top1000,0,110,74,74,3279,3601,2079,8959
hypergraph_cut,mag10_top1000,0,110,75,75,3304,3630,2064,8998
hypergraph_cut,mag10_top1000,0,110,76,76,3329,3656,2048,9033
hypergraph_cut,mag10_top1000,0,110,77,77,3354,3688,2032,9074
hypergraph_cut,mag10_top1000,0,110,78,78,3379,3720,2007,9106
hypergraph_cut,mag10_top1000,0,110,79,79,3403,3746,1993,9142
hypergraph_cut,mag10_top1000,0,110,80,80,3427,3770,1978,9175
hypergraph_cut,mag10_top1000,0,110,81,81,3451,3796,1962,9209
hypergraph_cut,mag10_top1000,0,110,82,82,3475,3834,1948,9257
hypergraph_cut,mag10_top1000,0,110,83,83,3499,3865,1934,9298
hypergraph_cut,mag10_top1000,0,110,84,84,3522,3896,1917,9335
hypergraph_cut,mag10_top1000,0,110,85,85,3545,3928,1903,9376
hypergraph_cut,mag10_top1000,0,110,86,86,3568,3954,1887,9409
hypergraph_cut,mag10_top1000,0,110,87,87,3591,4006,1874,9471
hypergraph_cut,mag10_top1000,0,110,88,88,3614,4033,1862,9509
hypergraph_cut,mag10_top1000,0,110,89,89,3637,4060,1850,9547
hypergraph_cut,mag10_top1000,0,110,90,90,3660,4083,1842,9585
hypergraph_cut,mag10_top1000,0,110,91,91,3682,4122,1827,9631
hypergraph_cut,mag10_top1000,0,110,92,92,3704,4146,1815,9665
hypergraph_cut,mag10_top1000,0,110,93,93,3726,4169,1803,9698
hypergraph_cut,mag10_top1000,0,110,94,94,3748,4192,1792,9732
hypergraph_cut,mag10_top1000,0,110,95,95,3770,4231,1781,9782
hypergraph_cut,mag10_top1000,0,110,96,96,3792,4253,1763,9808
hypergraph_cut,mag10_top1000,0,110,97,97,3814,4287,1751,9852
hypergraph_cut,mag10_top1000,0,110,98,98,3836,4309,1740,9885
hypergraph_cut,mag10_top1000,0,110,99,99,3858,4335,1725,9918
hypergraph_cut,mag10_top1000,0,110,100,100,3879,4374,1714,9967
hypergraph_cut,mag10_top1000,0,110,101,101,3900,4412,1699,10011
hypergraph_cut,mag10_top1000,0,110,102,102,3920,4436,1688,10044
hypergraph_cut,mag10_top1000,0,110,103,103,3940,4458,1677,10075
hypergraph_cut,mag10_top1000,0,110,104,104,3960,4479,1666,10105
hypergraph_cut,mag10_top1000,0,110,105,105,3980,4500,1656,10136
hypergraph_cut,mag10_top1000,0,110,106,106,4000,4523,1647,10170
hypergraph_cut,mag10_top1000,0,110,107,107,4020,4544,1633,10197
hypergraph_cut,mag10_top1000,0,110,108,108,4040,4564,1619,10223
hypergraph_cut,mag10_top1000,0,110,109,109,4059,4584,1608,10251
hypergraph_cut,mag10_top1000,0,110,110,110,4078,4603,1593,10274
hypergraph_cut,mag10_top1000,0,120,0,0,0,0,4856,4856
hypergraph_cut,mag10_top1000,0,120,1,1,120,120,4740,4980
hypergraph_cut,mag10_top1000,0,120,2,2,210,211,4654,5075
hypergraph_cut,mag10_top1000,0,120,3,3,296,297,4574,5167
hypergraph_cut,mag10_top1000,0,120,4,4,374,375,4505,5254
hypergraph_cut,mag10_top1000,0,120,5,5,447,448,4445,5340
hypergraph_cut,mag10_top1000,0,120,6,6,518,521,4366,5405
hypergraph_cut,mag10_top1000,0,120,7,7,585,602,4311,5498
hypergraph_cut,mag10_top1000,0,120,8,8,651,670,4256,5577
hypergraph_cut,mag10_top1000,0,120,9,9,715,734,4197,5646
hypergraph_cut,mag10_top1000,0,120,10,10,777,801,4123,5701
hypergraph_cut,mag10_top1000,0,120,11,11,838,862,4078,5778
hypergraph_cut,mag10_top1000,0,120,12,12,897,929,4021,5847
hypergraph_cut,mag10_top1000,0,120,13,13,955,989,3980,5924
hypergraph_cut,mag10_top1000,0,120,14,14,1013,1048,3930,5991
hypergraph_cut,mag10_top1000,0,120,15,15,1070,1126,3885,6081
hypergraph_cut,mag10_top1000,0,120,16,16,1126,1182,3832,6140
hypergraph_cut,mag10_top1000,0,120,17,17,1180,1238,3779,6197
hypergraph_cut,mag10_top1000,0,120,18,18,1232,1291,3731,6254
hypergraph_cut,mag10_top1000,0,120,19,19,1284,1344,3689,6317
hypergraph_cut,mag10_top1000,0,120,20,20,1335,1397,3654,6386
hypergraph_cut,mag10_top1000,0,120,21,21,1384,1446,3618,6448
hypergraph_cut,mag10_top1000,0,120,22,22,1433,1495,3577,6505
hypergraph_cut,mag10_top1000,0,120,23,23,1481,1543,3541,6565
hypergraph_cut,mag10_top1000,0,120,24,24,1529,1595,3507,6631
hypergraph_cut,mag10_top1000,0,120,25,25,1577,1643,3471,6691
hypergraph_cut,mag10_top1000,0,120,26,26,1624,1706,3439,6769
hypergraph_cut,mag10_top1000,0,120,27,27,1671,1754,3407,6832
hypergraph_cut,mag10_top1000,0,120,28,28,1718,1802,3378,6898
hypergraph_cut,mag10_top1000,0,120,29,29,1764,1851,3340,6955
hypergraph_cut,mag10_top1000,0,120,30,30,1810,1901,3303,7014
hypergraph_cut,mag10_top1000,0,120,31,31,1855,1952,3269,7076
hypergraph_cut,mag10_top1000,0,120,32,32,1900,2014,3225,7139
hypergraph_cut,mag10_top1000,0,120,33,33,1945,2059,3195,7199
hypergraph_cut,mag10_top1000,0,120,34,34,1989,2107,3161,7257
hypergraph_cut,mag10_top1000,0,120,35,35,2033,2152,3122,7307
hypergraph_cut,mag10_top1000,0,120,36,36,2075,2195,3087,7357
hypergraph_cut,mag10_top1000,0,120,37,37,2115,2242,3056,7413
hypergraph_cut,mag10_top1000,0,120,38,38,2154,2298,3030,7482
hypergraph_cut,mag10_top1000,0,120,39,39,2193,2338,2998,7529
hypergraph_cut,mag10_top1000,0,120,40,40,2232,2378,2971,7581
hypergraph_cut,mag10_top1000,0,120,41,41,2270,2416,2935,7621
hypergraph_cut,mag10_top1000,0,120,42,42,2308,2455,2901,7664
hypergraph_cut,mag10_top1000,0,120,43,43,2346,2493,2865,7704
hypergraph_cut,mag10_top1000,0,120,44,44,2383,2539,2841,7763
hypergraph_cut,mag10_top1000,0,120,45,45,2419,2582,2814,7815
hypergraph_cut,mag10_top1000,0,120,46,46,2454,2618,2786,7858
hypergraph_cut,mag10_top1000,0,120,47,47,2489,2659,2762,7910
hypergraph_cut,mag10_top1000,0,120,48,48,2524,2702,2732,7958
hypergraph_cut,mag10_top1000,0,120,49,49,2559,2749,2701,8009
hypergraph_cut,mag10_top1000,0,120,50,50,2594,2786,2681,8061
hypergraph_cut,mag10_top1000,0,120,51,51,2627,2825,2659,8111
hypergraph_cut,mag10_top1000,0,120,52,52,2660,2874,2639,8173
hypergraph_cut,mag10_top1000,0,120,53,53,2693,2909,2619,8221
hypergraph_cut,mag10_top1000,0,120,54,54,2725,2944,2589,8258
hypergraph_cut,mag10_top1000,0,120,55,55,2756,2984,2563,8303
hypergraph_cut,mag10_top1000,0,120,56,56,2786,3018,2537,8341
hypergraph_cut,mag10_top1000,0,120,57,57,2816,3057,2521,8394
hypergraph_cut,mag10_top1000,0,120,58,58,2846,3090,2502,8438
hypergraph_cut,mag10_top1000,0,120,59,59,2875,3121,2486,8482
hypergraph_cut,mag10_top1000,0,120,60,60,2904,3155,2468,8527
hypergraph_cut,mag10_top1000,0,120,61,61,2932,3199,2449,8580
hypergraph_cut,mag10_top1000,0,120,62,62,2960,3229,2437,8626
hypergraph_cut,mag10_top1000,0,120,63,63,2988,3260,2421,8669
hypergraph_cut,mag10_top1000,0,120,64,64,3016,3292,2399,8707
hypergraph_cut,mag10_top1000,0,120,65,65,3043,3321,2381,8745
hypergraph_cut,mag10_top1000,0,120,66,66,3070,3349,2365,8784
hypergraph_cut,mag10_top1000,0,120,67,67,3097,3376,2353,8826
hypergraph_cut,mag10_top1000,0,120,68,68,3124,3404,2340,8868
hypergraph_cut,mag10_top1000,0,120,69,69,3151,3434,2311,8896
hypergraph_cut,mag10_top1000,0,120,70,70,3177,3476,2294,8947
hypergraph_cut,mag10_top1000,0,120,71,71,3203,3515,2278,8996
hypergraph_cut,mag10_top1000,0,120,72,72,3229,3547,2259,9035
hypergraph_cut,mag10_top1000,0,120,73,73,3254,3576,2234,9064
hypergraph_cut,mag10_top1000,0,120,74,74,3279,3601,2219,9099
hypergraph_cut,mag10_top1000,0,120,75,75,3304,3630,2204,9138
hypergraph_cut,mag10_top1000,0,120,76,76,3329,3656,2188,9173
hypergraph_cut,mag10_top1000,0,120,77,77,3354,3688,2172,9214
hypergraph_cut,mag10_top1000,0,120,78,78,3379,3720,2147,9246
hypergraph_cut,mag10_top1000,0,120,79,79,3403,3746,2133,9282
hypergraph_cut,mag10_top1000,0,120,80,80,3427,3770,2116,9313
hypergraph_cut,mag10_top1000,0,120,81,81,3451,3796,2097,9344
hypergraph_cut,mag10_top1000,0,120,82,82,3475,3834,2080,9389
hypergraph_cut,mag10_top1000,0,120,83,83,3499,3865,2064,9428
hypergraph_cut,mag10_top1000,0,120,84,84,3522,3896,2047,9465
hypergraph_cut,mag10_top1000,0,120,85,85,3545,3928,2033,9506
hypergraph_cut,mag10_top1000,0,120,86,86,3568,3954,2017,9539
hypergraph_cut,mag10_top1000,0,120,87,87,3591,4006,2004,9601
hypergraph_cut,mag10_top1000,0,120,88,88,3614,4033,1992,9639
hypergraph_cut,mag10_top1000,0,120,89,89,3637,4060,1980,9677
hypergraph_cut,mag10_top1000,0,120,90,90,3660,4083,1971,9714
hypergraph_cut,mag10_top1000,0,120,91,91,3682,4122,1953,9757
hypergraph_cut,mag10_top1000,0,120,92,92,3704,4146,1940,9790
hypergraph_cut,mag10_top1000,0,120,93,93,3726,4169,1927,9822
hypergraph_cut,mag10_top1000,0,120,94,94,3748,4192,1913,9853
hypergraph_cut,mag10_top1000,0,120,95,95,3770,4231,1901,9902
hypergraph_cut,mag10_top1000,0,120,96,96,3792,4253,1883,9928
hypergraph_cut,mag10_top1000,0,120,97,97,3814,4287,1871,9972
hypergraph_cut,mag10_top1000,0,120,98,98,3836,4309,1860,10005
hypergraph_cut,mag10_top1000,0,120,99,99,3858,4335,1845,10038
hypergraph_cut,mag10_top1000,0,120,100,100,3879,4374,1834,10087
hypergraph_cut,mag10_top1000,0,120,101,101,3900,4412,1819,10131
hypergraph_cut,mag10_top1000,0,120,102,102,3920,4436,1808,10164
hypergraph_cut,mag10_top1000,0,120,103,103,3940,4458,1795,10193
hypergraph_cut,mag10_top1000,0,120,104,104,3960,4479,1782,10221
hypergraph_cut,mag10_top1000,0,120,105,105,3980,4500,1771,10251
hypergraph_cut,mag10_top1000,0,120,106,106,4000,4523,1760,10283
hypergraph_cut,mag10_top1000,0,120,107,107,4020,4544,1745,10309
hypergraph_cut,mag10_top1000,0,120,108,108,4040,4564,1729,10333
hypergraph_cut,mag10_top1000,0,120,109,109,4059,4584,1718,10361
hypergraph_cut,mag10_top1000,0,120,110,110,4078,4603,1703,10384
hypergraph_cut,mag10_top1000,0,120,111,111,4097,4625,1691,10413
hypergraph_cut,mag10_top1000,0,120,112,112,4115,4643,1682,10440
hypergraph_cut,mag10_top1000,0,120,113,113,4133,4664,1672,10469
hypergraph_cut,mag10_top1000,0,120,114,114,4151,4683,1658,10492
hypergraph_cut,mag10_top1000,0,120,115,115,4169,4704,1650,10523
hypergraph_cut,mag10_top1000,0,120,116,116,4187,4750,1637,10574
hypergraph_cut,mag10_top1000,0,120,117,117,4205,4769,1622,10596
hypergraph_cut,mag10_top1000,0,120,118,118,4223,4787,1611,10621
hypergraph_cut,mag10_top1000,0,120,119,119,4241,4806,1598,10645
hypergraph_cut,mag10_top1000,0,120,120,120,4259,4834,1586,10679
hypergraph_cut,mag10_top1000,0,130,0,0,0,0,5089,5089
hypergraph_cut,mag10_top1000,0,130,1,1,120,120,4970,5210
hypergraph_cut,mag10_top1000,0,130,2,2,210,211,4881,5302
hypergraph_cut,mag10_top1000,0,130,3,3,296,297,4797,5390
hypergraph_cut,mag10_top1000,0,130,4,4,374,375,4726,5475
hypergraph_cut,mag10_top1000,0,130,5,5,447,448,4665,5560
hypergraph_cut,mag10_top1000,0,130,6,6,518,521,4586,5625
hypergraph_cut,mag10_top1000,0,130,7,7,585,602,4531,5718
hypergraph_cut,mag10_top1000,0,130,8,8,651,670,4475,5796
hypergraph_cut,mag10_top1000,0,130,9,9,715,734,4416,5865
hypergraph_cut,mag10_top1000,0,130,10,10,777,801,4338,5916
hypergraph_cut,mag10_top1000,0,130,11,11,838,862,4291,5991
hypergraph_cut,mag10_top1000,0,130,12,12,897,929,4233,6059
hypergraph_cut,mag10_top1000,0,130,13,13,955,989,4190,6134
hypergraph_cut,mag10_top1000,0,130,14,14,1013,1048,4140,6201
hypergraph_cut,mag10_top1000,0,130,15,15,1070,1126,4094,6290
hypergraph_cut,mag10_top1000,0,130,16,16,1126,1182,4036,6344
hypergraph_cut,mag10_top1000,0,130,17,17,1180,1238,3980,6398
hypergraph_cut,mag10_top1000,0,130,18,18,1232,1291,3931,6454
hypergraph_cut,mag10_top1000,0,130,19,19,1284,1344,3889,6517
hypergraph_cut,mag10_top1000,0,130,20,20,1335,1397,3854,6586
hypergraph_cut,mag10_top1000,0,130,21,21,1384,1446,3817,6647
hypergraph_cut,mag10_top1000,0,130,22,22,1433,1495,3774,6702
hypergraph_cut,mag10_top1000,0,130,23,23,1481,1543,3736,6760
hypergraph_cut,mag10_top1000,0,130,24,24,1529,1595,3700,6824
hypergraph_cut,mag10_top1000,0,130,25,25,1577,1643,3662,6882
hypergraph_cut,mag10_top1000,0,130,26,26,1624,1706,3629,6959
hypergraph_cut,mag10_top1000,0,130,27,27,1671,1754,3597,7022
hypergraph_cut,mag10_top1000,0,130,28,28,1718,1802,3568,7088
hypergraph_cut,mag10_top1000,0,130,29,29,1764,1851,3527,7142
hypergraph_cut,mag10_top1000,0,130,30,30,1810,1901,3487,7198
hypergraph_cut,mag10_top1000,0,130,31,31,1855,1952,3452,7259
hypergraph_cut,mag10_top1000,0,130,32,32,1900,2014,3405,7319
hypergraph_cut,mag10_top1000,0,130,33,33,1945,2059,3375,7379
hypergraph_cut,mag10_top1000,0,130,34,34,1989,2107,3341,7437
hypergraph_cut,mag10_top1000,0,130,35,35,2033,2152,3302,7487
hypergraph_cut,mag10_top1000,0,130,36,36,2075,2195,3267,7537
hypergraph_cut,mag10_top1000,0,130,37,37,2115,2242,3236,7593
hypergraph_cut,mag10_top1000,0,130,38,38,2154,2298,3210,7662
hypergraph_cut,mag10_top1000,0,130,39,39,2193,2338,3173,7704
hypergraph_cut,mag10_top1000,0,130,40,40,2232,2378,3145,7755
hypergraph_cut,mag10_top1000,0,130,41,41,2270,2416,3107,7793
hypergraph_cut,mag10_top1000,0,130,42,42,2308,2455,3071,7834
hypergraph_cut,mag10_top1000,0,130,43,43,2346,2493,3035,7874
hypergraph_cut,mag10_top1000,0,130,44,44,2383,2539,3011,7933
hypergraph_cut,mag10_top1000,0,130,45,45,2419,2582,2984,7985
hypergraph_cut,mag10_top1000,0,130,46,46,2454,2618,2956,8028
hypergraph_cut,mag10_top1000,0,130,47,47,2489,2659,2932,8080
hypergraph_cut,mag10_top1000,0,130,48,48,2524,2702,2902,8128
hypergraph_cut,mag10_top1000,0,130,49,49,2559,2749,2870,8178
hypergraph_cut,mag10_top1000,0,130,50,50,2594,2786,2849,8229
hypergraph_cut,mag10_top1000,0,130,51,51,2627,2825,2825,8277
hypergraph_cut,mag10_top1000,0,130,52,52,2660,2874,2803,8337
hypergraph_cut,mag10_top1000,0,130,53,53,2693,2909,2779,8381
hypergraph_cut,mag10_top1000,0,130,54,54,2725,2944,2749,8418
hypergraph_cut,mag10_top1000,0,130,55,55,2756,2984,2723,8463
hypergraph_cut,mag10_top1000,0,130,56,56,2786,3018,2697,8501
hypergraph_cut,mag10_top1000,0,130,57,57,2816,3057,2681,8554
hypergraph_cut,mag10_top1000,0,130,58,58,2846,3090,2662,8598
hypergraph_cut,mag10_top1000,0,130,59,59,2875,3121,2644,8640
hypergraph_cut,mag10_top1000,0,130,60,60,2904,3155,2623,8682
hypergraph_cut,mag10_top1000,0,130,61,61,2932,3199,2603,8734
hypergraph_cut,mag10_top1000,0,130,62,62,2960,3229,2590,8779
hypergraph_cut,mag10_top1000,0,130,63,63,2988,3260,2571,8819
hypergraph_cut,mag10_top1000,0,130,64,64,3016,3292,2549,8857
hypergraph_cut,mag10_top1000,0,130,65,65,3043,3321,2531,8895
hypergraph_cut,mag10_top1000,0,130,66,66,3070,3349,2515,8934
hypergraph_cut,mag10_top1000,0,130,67,67,3097,3376,2502,8975
hypergraph_cut,mag10_top1000,0,130,68,68,3124,3404,2486,9014
hypergraph_cut,mag10_top1000,0,130,69,69,3151,3434,2454,9039
hypergraph_cut,mag10_top1000,0,130,70,70,3177,3476,2434,9087
hypergraph_cut,mag10_top1000,0,130,71,71,3203,3515,2418,9136
hypergraph_cut,mag10_top1000,0,130,72,72,3229,3547,2399,9175
hypergraph_cut,mag10_top1000,0,130,73,73,3254,3576,2374,9204
hypergraph_cut,mag10_top1000,0,130,74,74,3279,3601,2359,9239
hypergraph_cut,mag10_top1000,0,130,75,75,3304,3630,2340,9274
hypergraph_cut,mag10_top1000,0,130,76,76,3329,3656,2322,9307
hypergraph_cut,mag10_top1000,0,130,77,77,3354,3688,2305,9347
hypergraph_cut,mag10_top1000,0,130,78,78,3379,3720,2279,9378
hypergraph_cut,mag10_top1000,0,130,79,79,3403,3746,2263,9412
hypergraph_cut,mag10_top1000,0,130,80,80,3427,3770,2246,9443
hypergraph_cut,mag10_top1000,0,130,81,81,3451,3796,2227,9474
hypergraph_cut,mag10_top1000,0,130,82,82,3475,3834,2210,9519
hypergraph_cut,mag10_top1000,0,130,83,83,3499,3865,2194,9558
hypergraph_cut,mag10_top1000,0,130,84,84,3522,3896,2176,9594
hypergraph_cut,mag10_top1000,0,130,85,85,3545,3928,2162,9635
hypergraph_cut,mag10_top1000,0,130,86,86,3568,3954,2144,9666
hypergraph_cut,mag10_top1000,0,130,87,87,3591,4006,2128,9725
hypergraph_cut,mag10_top1000,0,130,88,88,3614,4033,2114,9761
hypergraph_cut,mag10_top1000,0,130,89,89,3637,4060,2101,9798
hypergraph_cut,mag10_top1000,0,130,90,90,3660,4083,2091,9834
hypergraph_cut,mag10_top1000,0,130,91,91,3682,4122,2073,9877
hypergraph_cut,mag10_top1000,0,130,92,92,3704,4146,2060,9910
hypergraph_cut,mag10_top1000,0,130,93,93,3726,4169,2047,9942
hypergraph_cut,mag10_top1000,0,130,94,94,3748,4192,2033,9973
hypergraph_cut,mag10_top1000,0,130,95,95,3770,4231,2021,10022
hypergraph_cut,mag10_top1000,0,130,96,96,3792,4253,2003,10048
hypergraph_cut,mag10_top1000,0,130,97,97,3814,4287,1991,10092
hypergraph_cut,mag10_top1000,0,130,98,98,3836,4309,1978,10123
hypergraph_cut,mag10_top1000,0,130,99,99,3858,4335,1961,10154
hypergraph_cut,mag10_top1000,0,130,100,100,3879,4374,1949,10202
hypergraph_cut,mag10_top1000,0,130,101,101,3900,4412,1931,10243
hypergraph_cut,mag10_top1000,0,130,102,102,3920,4436,1918,10274
hypergraph_cut,mag10_top1000,0,130,103,103,3940,4458,1905,10303
hypergraph_cut,mag10_top1000,0,130,104,104,3960,4479,1892,10331
hypergraph_cut,mag10_top1000,0,130,105,105,3980,4500,1881,10361
hypergraph_cut,mag10_top1000,0,130,106,106,4000,4523,1870,10393
hypergraph_cut,mag10_top1000,0,130,107,107,4020,4544,1855,10419
hypergraph_cut,mag10_top1000,0,130,108,108,4040,4564,1839,10443
hypergraph_cut,mag10_top1000,0,130,109,109,4059,4584,1828,10471
hypergraph_cut,mag10_top1000,0,130,110,110,4078,4603,1813,10494
hypergraph_cut,mag10_top1000,0,130,111,111,4097,4625,1798,10520
hypergraph_cut,mag10_top1000,0,130,112,112,4115,4643,1787,10545
hypergraph_cut,mag10_top1000,0,130,113,113,4133,4664,1775,10572
hypergraph_cut,mag10_top1000,0,130,114,114,4151,4683,1761,10595
hypergraph_cut,mag10_top1000,0,130,115,115,4169,4704,1750,10623
hypergraph_cut,mag10_top1000,0,130,116,116,4187,4750,1737,10674
hypergraph_cut,mag10_top1000,0,130,117,117,4205,4769,1722,10696
hypergraph_cut,mag10_top1000,0,130,118,118,4223,4787,1711,10721
hypergraph_cut,mag10_top1000,0,130,119,119,4241,4806,1698,10745
hypergraph_cut,mag10_top1000,0,130,120,120,4259,4834,1686,10779
hypergraph_cut,mag10_top1000,0,130,121,121,4277,4858,1670,10805
hypergraph_cut,mag10_top1000,0,130,122,122,4294,4880,1658,10832
hypergraph_cut,mag10_top1000,0,130,123,123,4311,4912,1648,10871
hypergraph_cut,mag10_top1000,0,130,124,124,4328,4933,1637,10898
hypergraph_cut,mag10_top1000,0,130,125,125,4345,4967,1626,10938
hypergraph_cut,mag10_top1000,0,130,126,126,4362,4988,1616,10966
hypergraph_cut,mag10_top1000,0,130,127,127,4379,5008,1607,10994
hypergraph_cut,mag10_top1000,0,130,128,128,4396,5025,1593,11014
hypergraph_cut,mag10_top1000,0,130,129,129,4413,5044,1582,11039
hypergraph_cut,mag10_top1000,0,130,130,130,4430,5069,1571,11070
hypergraph_cut,mag10_top1000,0,140,0,0,0,0,5311,5311
hypergraph_cut,mag10_top1000,0,140,1,1,120,120,5190,5430
hypergraph_cut,mag10_top1000,0,140,2,2,210,211,5101,5522
hypergraph_cut,mag10_top1000,0,140,3,3,296,297,5016,5609
hypergraph_cut,mag10_top1000,0,140,4,4,374,375,4941,5690
hypergraph_cut,mag10_top1000,0,140,5,5,447,448,4879,5774
hypergraph_cut,mag10_top1000,0,140,6,6,518,521,4800,5839
hypergraph_cut,mag10_top1000,0,140,7,7,585,602,4743,5930
hypergraph_cut,mag10_top1000,0,140,8,8,651,670,4685,6006
hypergraph_cut,mag10_top1000,0,140,9,9,715,734,4626,6075
hypergraph_cut,mag10_top1000,0,140,10,10,777,801,4548,6126
hypergraph_cut,mag10_top1000,0,140,11,11,838,862,4500,6200
hypergraph_cut,mag10_top1000,0,140,12,12,897,929,4441,6267
hypergraph_cut,mag10_top1000,0,140,13,13,955,989,4395,6339
hypergraph_cut,mag10_top1000,0,140,14,14,1013,1048,4341,6402
hypergraph_cut,mag10_top1000,0,140,15,15,1070,1126,4294,6490
hypergraph_cut,mag10_top1000,0,140,16,16,1126,1182,4235,6543
hypergraph_cut,mag10_top1000,0,140,17,17,1180,1238,4175,6593
hypergraph_cut,mag10_top1000,0,140,18,18,1232,1291,4125,6648
hypergraph_cut,mag10_top1000,0,140,19,19,1284,1344,4082,6710
hypergraph_cut,mag10_top1000,0,140,20,20,1335,1397,4045,6777
hypergraph_cut,mag10_top1000,0,140,21,21,1384,1446,4007,6837
hypergraph_cut,mag10_top1000,0,140,22,22,1433,1495,3964,6892
hypergraph_cut,mag10_top1000,0,140,23,23,1481,1543,3924,6948
hypergraph_cut,mag10_top1000,0,140,24,24,1529,1595,3887,7011
hypergraph_cut,mag10_top1000,0,140,25,25,1577,1643,3846,7066
hypergraph_cut,mag10_top1000,0,140,26,26,1624,1706,3813,7143
hypergraph_cut,mag10_top1000,0,140,27,27,1671,1754,3779,7204
hypergraph_cut,mag10_top1000,0,140,28,28,1718,1802,3748,7268
hypergraph_cut,mag10_top1000,0,140,29,29,1764,1851,3707,7322
hypergraph_cut,mag10_top1000,0,140,30,30,1810,1901,3667,7378
hypergraph_cut,mag10_top1000,0,140,31,31,1855,1952,3632,7439
hypergraph_cut,mag10_top1000,0,140,32,32,1900,2014,3585,7499
hypergraph_cut,mag10_top1000,0,140,33,33,1945,2059,3555,7559
hypergraph_cut,mag10_top1000,0,140,34,34,1989,2107,3518,7614
hypergraph_cut,mag10_top1000,0,140,35,35,2033,2152,3476,7661
hypergraph_cut,mag10_top1000,0,140,36,36,2075,2195,3439,7709
hypergraph_cut,mag10_top1000,0,140,37,37,2115,2242,3407,7764
hypergraph_cut,mag10_top1000,0,140,38,38,2154,2298,3380,7832
hypergraph_cut,mag10_top1000,0,140,39,39,2193,2338,3343,7874
hypergraph_cut,mag10_top1000,0,140,40,40,2232,2378,3315,7925
hypergraph_cut,mag10_top1000,0,140,41,41,2270,2416,3277,7963
hypergraph_cut,mag10_top1000,0,140,42,42,2308,2455,3241,8004
hypergraph_cut,mag10_top1000,0,140,43,43,2346,2493,3202,8041
hypergraph_cut,mag10_top1000,0,140,44,44,2383,2539,3177,8099
hypergraph_cut,mag10_top1000,0,140,45,45,2419,2582,3148,8149
hypergraph_cut,mag10_top1000,0,140,46,46,2454,2618,3119,8191
hypergraph_cut,mag10_top1000,0,140,47,47,2489,2659,3092,8240
hypergraph_cut,mag10_top1000,0,140,48,48,2524,2702,3062,8288
hypergraph_cut,mag10_top1000,0,140,49,49,2559,2749,3030,8338
hypergraph_cut,mag10_top1000,0,140,50,50,2594,2786,3009,8389
hypergraph_cut,mag10_top1000,0,140,51,51,2627,2825,2985,8437
hypergraph_cut,mag10_top1000,0,140,52,52,2660,2874,2963,8497
hypergraph_cut,mag10_top1000,0,140,53,53,2693,2909,2938,8540
hypergraph_cut,mag10_top1000,0,140,54,54,2725,2944,2905,8574
hypergraph_cut,mag10_top1000,0,140,55,55,2756,2984,2878,8618
hypergraph_cut,mag10_top1000,0,140,56,56,2786,3018,2851,8655
hypergraph_cut,mag10_top1000,0,140,57,57,2816,3057,2833,8706
hypergraph_cut,mag10_top1000,0,140,58,58,2846,3090,2812,8748
hypergraph_cut,mag10_top1000,0,140,59,59,2875,3121,2794,8790
hypergraph_cut,mag10_top1000,0,140,60,60,2904,3155,2773,8832
hypergraph_cut,mag10_top1000,0,140,61,61,2932,3199,2753,8884
hypergraph_cut,mag10_top1000,0,140,62,62,2960,3229,2740,8929
hypergraph_cut,mag10_top1000,0,140,63,63,2988,3260,2720,8968
hypergraph_cut,mag10_top1000,0,140,64,64,3016,3292,2694,9002
hypergraph_cut,mag10_top1000,0,140,65,65,3043,3321,2674,9038
hypergraph_cut,mag10_top1000,0,140,66,66,3070,3349,2656,9075
hypergraph_cut,mag10_top1000,0,140,67,67,3097,3376,2642,9115
hypergraph_cut,mag10_top1000,0,140,68,68,3124,3404,2626,9154
hypergraph_cut,mag10_top1000,0,140,69,69,3151,3434,2594,9179
hypergraph_cut,mag10_top1000,0,140,70,70,3177,3476,2574,9227
hypergraph_cut,mag10_top1000,0,140,71,71,3203,3515,2557,9275
hypergraph_cut,mag10_top1000,0,140,72,72,3229,3547,2536,9312
hypergraph_cut,mag10_top1000,0,140,73,73,3254,3576,2506,9336
hypergraph_cut,mag10_top1000,0,140,74,74,3279,3601,2489,9369
hypergraph_cut,mag10_top1000,0,140,75,75,3304,3630,2470,9404
hypergraph_cut,mag10_top1000,0,140,76,76,3329,3656,2452,9437
hypergraph_cut,mag10_top1000,0,140,77,77,3354,3688,2435,9477
hypergraph_cut,mag10_top1000,0,140,78,78,3379,3720,2409,9508
hypergraph_cut,mag10_top1000,0,140,79,79,3403,3746,2393,9542
hypergraph_cut,mag10_top1000,0,140,80,80,3427,3770,2376,9573
hypergraph_cut,mag10_top1000,0,140,81,81,3451,3796,2356,9603
hypergraph_cut,mag10_top1000,0,140,82,82,3475,3834,2333,9642
hypergraph_cut,mag10_top1000,0,140,83,83,3499,3865,2315,9679
hypergraph_cut,mag10_top1000,0,140,84,84,3522,3896,2296,9714
hypergraph_cut,mag10_top1000,0,140,85,85,3545,3928,2282,9755
hypergraph_cut,mag10_top1000,0,140,86,86,3568,3954,2264,9786
hypergraph_cut,mag10_top1000,0,140,87,87,3591,4006,2248,9845
hypergraph_cut,mag10_top1000,0,140,88,88,3614,4033,2234,9881
hypergraph_cut,mag10_top1000,0,140,89,89,3637,4060,2221,9918
hypergraph_cut,mag10_top1000,0,140,90,90,3660,4083,2211,9954
hypergraph_cut,mag10_top1000,0,140,91,91,3682,4122,2193,9997
hypergraph_cut,mag10_top1000,0,140,92,92,3704,4146,2179,10029
hypergraph_cut,mag10_top1000,0,140,93,93,3726,4169,2165,10060
hypergraph_cut,mag10_top1000,0,140,94,94,3748,4192,2148,10088
hypergraph_cut,mag10_top1000,0,140,95,95,3770,4231,2134,10135
hypergraph_cut,mag10_top1000,0,140,96,96,3792,4253,2115,10160
hypergraph_cut,mag10_top1000,0,140,97,97,3814,4287,2101,10202
hypergraph_cut,mag10_top1000,0,140,98,98,3836,4309,2088,10233
hypergraph_cut,mag10_top1000,0,140,99,99,3858,4335,2071,10264
hypergraph_cut,mag10_top1000,0,140,100,100,3879,4374,2059,10312
hypergraph_cut,mag10_top1000,0,140,101,101,3900,4412,2041,10353
hypergraph_cut,mag10_top1000,0,140,102,102,3920,4436,2028,10384
hypergraph_cut,mag10_top1000,0,140,103,103,3940,4458,2015,10413
hypergraph_cut,mag10_top1000,0,140,104,104,3960,4479,2002,10441
hypergraph_cut,mag10_top1000,0,140,105,105,3980,4500,1991,10471
hypergraph_cut,mag10_top1000,0,140,106,106,4000,4523,1978,10501
hypergraph_cut,mag10_top1000,0,140,107,107,4020,4544,1961,10525
hypergraph_cut,mag10_top1000,0,140,108,108,4040,4564,1944,10548
hypergraph_cut,mag10_top1000,0,140,109,109,4059,4584,1931,10574
hypergraph_cut,mag10_top1000,0,140,110,110,4078,4603,1913,10594
hypergraph_cut,mag10_top1000,0,140,111,111,4097,4625,1898,10620
hypergraph_cut,mag10_top1000,0,140,112,112,4115,4643,1887,10645
hypergraph_cut,mag10_top1000,0,140,113,113,4133,4664,1875,10672
hypergraph_cut,mag10_top1000,0,140,114,114,4151,4683,1861,10695
hypergraph_cut,mag10_top1000,0,140,115,115,4169,4704,1850,10723
hypergraph_cut,mag10_top1000,0,140,116,116,4187,4750,1837,10774
hypergraph_cut,mag10_top1000,0,140,117,117,4205,4769,1822,10796
hypergraph_cut,mag10_top1000,0,140,118,118,4223,4787,1811,10821
hypergraph_cut,mag10_top1000,0,140,119,119,4241,4806,1798,10845
hypergraph_cut,mag10_top1000,0,140,120,120,4259,4834,1786,10879
hypergraph_cut,mag10_top1000,0,140,121,121,4277,4858,1766,10901
hypergraph_cut,mag10_top1000,0,140,122,122,4294,4880,1752,10926
hypergraph_cut,mag10_top1000,0,140,123,123,4311,4912,1741,10964
hypergraph_cut,mag10_top1000,0,140,124,124,4328,4933,1727,10988
hypergraph_cut,mag10_top1000,0,140,125,125,4345,4967,1716,11028
hypergraph_cut,mag10_top1000,0,140,126,126,4362,4988,1706,11056
hypergraph_cut,mag10_top1000,0,140,127,127,4379,5008,1697,11084
hypergraph_cut,mag10_top1000,0,140,128,128,4396,5025,1683,11104
hypergraph_cut,mag10_top1000,0,140,129,129,4413,5044,1672,11129
hypergraph_cut,mag10_top1000,0,140,130,130,4430,5069,1661,11160
hypergraph_cut,mag10_top1000,0,140,131,131,4447,5089,1652,11188
hypergraph_cut,mag10_top1000,0,140,132,132,4464,5115,1640,11219
hypergraph_cut,mag10_top1000,0,140,133,133,4481,5133,1625,11239
hypergraph_cut,mag10_top1000,0,140,134,134,4497,5149,1612,11258
hypergraph_cut,mag10_top1000,0,140,135,135,4513,5168,1600,11281
hypergraph_cut,mag10_top1000,0,140,136,136,4529,5189,1585,11303
hypergraph_cut,mag10_top1000,0,140,137,137,4545,5229,1574,11348
hypergraph_cut,mag10_top1000,0,140,138,138,4561,5254,1559,11374
hypergraph_cut,mag10_top1000,0,140,139,139,4577,5276,1549,11402
hypergraph_cut,mag10_top1000,0,140,140,140,4593,5294,1528,11415
hypergraph_cut,mag10_top1000,0,150,0,0,0,0,5531,5531
hypergraph_cut,mag10_top1000,0,150,1,1,120,120,5410,5650
hypergraph_cut,mag10_top1000,0,150,2,2,210,211,5318,5739
hypergraph_cut,mag10_top1000,0,150,3,3,296,297,5226,5819
hypergraph_cut,mag10_top1000,0,150,4,4,374,375,5151,5900
hypergraph_cut,mag10_top1000,0,150,5,5,447,448,5089,5984
hypergraph_cut,mag10_top1000,0,150,6,6,518,521,5010,6049
hypergraph_cut,mag10_top1000,0,150,7,7,585,602,4953,6140
hypergraph_cut,mag10_top1000,0,150,8,8,651,670,4891,6212
hypergraph_cut,mag10_top1000,0,150,9,9,715,734,4831,6280
hypergraph_cut,mag10_top1000,0,150,10,10,777,801,4749,6327
hypergraph_cut,mag10_top1000,0,150,11,11,838,862,4700,6400
hypergraph_cut,mag10_top1000,0,150,12,12,897,929,4641,6467
hypergraph_cut,mag10_top1000,0,150,13,13,955,989,4593,6537
hypergraph_cut,mag10_top1000,0,150,14,14,1013,1048,4535,6596
hypergraph_cut,mag10_top1000,0,150,15,15,1070,1126,4486,6682
hypergraph_cut,mag10_top1000,0,150,16,16,1126,1182,4425,6733
hypergraph_cut,mag10_top1000,0,150,17,17,1180,1238,4365,6783
hypergraph_cut,mag10_top1000,0,150,18,18,1232,1291,4315,6838
hypergraph_cut,mag10_top1000,0,150,19,19,1284,1344,4270,6898
hypergraph_cut,mag10_top1000,0,150,20,20,1335,1397,4231,6963
hypergraph_cut,mag10_top1000,0,150,21,21,1384,1446,4191,7021
hypergraph_cut,mag10_top1000,0,150,22,22,1433,1495,4145,7073
hypergraph_cut,mag10_top1000,0,150,23,23,1481,1543,4104,7128
hypergraph_cut,mag10_top1000,0,150,24,24,1529,1595,4067,7191
hypergraph_cut,mag10_top1000,0,150,25,25,1577,1643,4026,7246
hypergraph_cut,mag10_top1000,0,150,26,26,1624,1706,3993,7323
hypergraph_cut,mag10_top1000,0,150,27,27,1671,1754,3959,7384
hypergraph_cut,mag10_top1000,0,150,28,28,1718,1802,3928,7448
hypergraph_cut,mag10_top1000,0,150,29,29,1764,1851,3887,7502
hypergraph_cut,mag10_top1000,0,150,30,30,1810,1901,3846,7557
hypergraph_cut,mag10_top1000,0,150,31,31,1855,1952,3808,7615
hypergraph_cut,mag10_top1000,0,150,32,32,1900,2014,3758,7672
hypergraph_cut,mag10_top1000,0,150,33,33,1945,2059,3725,7729
hypergraph_cut,mag10_top1000,0,150,34,34,1989,2107,3688,7784
hypergraph_cut,mag10_top1000,0,150,35,35,2033,2152,3646,7831
hypergraph_cut,mag10_top1000,0,150,36,36,2075,2195,3609,7879
hypergraph_cut,mag10_top1000,0,150,37,37,2115,2242,3577,7934
hypergraph_cut,mag10_top1000,0,150,38,38,2154,2298,3550,8002
hypergraph_cut,mag10_top1000,0,150,39,39,2193,2338,3509,8040
hypergraph_cut,mag10_top1000,0,150,40,40,2232,2378,3479,8089
hypergraph_cut,mag10_top1000,0,150,41,41,2270,2416,3440,8126
hypergraph_cut,mag10_top1000,0,150,42,42,2308,2455,3402,8165
hypergraph_cut,mag10_top1000,0,150,43,43,2346,2493,3362,8201
hypergraph_cut,mag10_top1000,0,150,44,44,2383,2539,3337,8259
hypergraph_cut,mag10_top1000,0,150,45,45,2419,2582,3308,8309
hypergraph_cut,mag10_top1000,0,150,46,46,2454,2618,3279,8351
hypergraph_cut,mag10_top1000,0,150,47,47,2489,2659,3252,8400
hypergraph_cut,mag10_top1000,0,150,48,48,2524,2702,3222,8448
hypergraph_cut,mag10_top1000,0,150,49,49,2559,2749,3190,8498
hypergraph_cut,mag10_top1000,0,150,50,50,2594,2786,3167,8547
hypergraph_cut,mag10_top1000,0,150,51,51,2627,2825,3140,8592
hypergraph_cut,mag10_top1000,0,150,52,52,2660,2874,3115,8649
hypergraph_cut,mag10_top1000,0,150,53,53,2693,2909,3088,8690
hypergraph_cut,mag10_top1000,0,150,54,54,2725,2944,3055,8724
hypergraph_cut,mag10_top1000,0,150,55,55,2756,2984,3028,8768
hypergraph_cut,mag10_top1000,0,150,56,56,2786,3018,3001,8805
hypergraph_cut,mag10_top1000,0,150,57,57,2816,3057,2983,8856
hypergraph_cut,mag10_top1000,0,150,58,58,2846,3090,2962,8898
hypergraph_cut,mag10_top1000,0,150,59,59,2875,3121,2944,8940
hypergraph_cut,mag10_top1000,0,150,60,60,2904,3155,2921,8980
hypergraph_cut,mag10_top1000,0,150,61,61,2932,3199,2899,9030
hypergraph_cut,mag10_top1000,0,150,62,62,2960,3229,2885,9074
hypergraph_cut,mag10_top1000,0,150,63,63,2988,3260,2860,9108
hypergraph_cut,mag10_top1000,0,150,64,64,3016,3292,2834,9142
hypergraph_cut,mag10_top1000,0,150,65,65,3043,3321,2814,9178
hypergraph_cut,mag10_top1000,0,150,66,66,3070,3349,2796,9215
hypergraph_cut,mag10_top1000,0,150,67,67,3097,3376,2782,9255
hypergraph_cut,mag10_top1000,0,150,68,68,3124,3404,2763,9291
hypergraph_cut,mag10_top1000,0,150,69,69,3151,3434,2730,9315
hypergraph_cut,mag10_top1000,0,150,70,70,3177,3476,2706,9359
hypergraph_cut,mag10_top1000,0,150,71,71,3203,3515,2687,9405
hypergraph_cut,mag10_top1000,0,150,72,72,3229,3547,2666,9442
hypergraph_cut,mag10_top1000,0,150,73,73,3254,3576,2636,9466
hypergraph_cut,mag10_top1000,0,150,74,74,3279,3601,2619,9499
hypergraph_cut,mag10_top1000,0,150,75,75,3304,3630,2600,9534
hypergraph_cut,mag10_top1000,0,150,76,76,3329,3656,2582,9567
hypergraph_cut,mag10_top1000,0,150,77,77,3354,3688,2565,9607
hypergraph_cut,mag10_top1000,0,150,78,78,3379,3720,2536,9635
hypergraph_cut,mag10_top1000,0,150,79,79,3403,3746,2518,9667
hypergraph_cut,mag10_top1000,0,150,80,80,3427,3770,2498,9695
hypergraph_cut,mag10_top1000,0,150,81,81,3451,3796,2476,9723
hypergraph_cut,mag10_top1000,0,150,82,82,3475,3834,2453,9762
hypergraph_cut,mag10_top1000,0,150,83,83,3499,3865,2435,9799
hypergraph_cut,mag10_top1000,0,150,84,84,3522,3896,2416,9834
hypergraph_cut,mag10_top1000,0,150,85,85,3545,3928,2402,9875
hypergraph_cut,mag10_top1000,0,150,86,86,3568,3954,2384,9906
hypergraph_cut,mag10_top1000,0,150,87,87,3591,4006,2368,9965
hypergraph_cut,mag10_top1000,0,150,88,88,3614,4033,2354,10001
hypergraph_cut,mag10_top1000,0,150,89,89,3637,4060,2339,10036
hypergraph_cut,mag10_top1000,0,150,90,90,3660,4083,2327,10070
hypergraph_cut,mag10_top1000,0,150,91,91,3682,4122,2304,10108
hypergraph_cut,mag10_top1000,0,150,92,92,3704,4146,2289,10139
hypergraph_cut,mag10_top1000,0,150,93,93,3726,4169,2275,10170
hypergraph_cut,mag10_top1000,0,150,94,94,3748,4192,2258,10198
hypergraph_cut,mag10_top1000,0,150,95,95,3770,4231,2244,10245
hypergraph_cut,mag10_top1000,0,150,96,96,3792,4253,2225,10270
hypergraph_cut,mag10_top1000,0,150,97,97,3814,4287,2211,10312
hypergraph_cut,mag10_top1000,0,150,98,98,3836,4309,2198,10343
hypergraph_cut,mag10_top1000,0,150,99,99,3858,4335,2181,10374
hypergraph_cut,mag10_top1000,0,150,100,100,3879,4374,2169,10422
hypergraph_cut,mag10_top1000,0,150,101,101,3900,4412,2149,10461
hypergraph_cut,mag10_top1000,0,150,102,102,3920,4436,2134,10490
hypergraph_cut,mag10_top1000,0,150,103,103,3940,4458,2119,10517
hypergraph_cut,mag10_top1000,0,150,104,104,3960,4479,2104,10543
hypergraph_cut,mag10_top1000,0,150,105,105,3980,4500,2091,10571
hypergraph_cut,mag10_top1000,0,150,106,106,4000,4523,2078,10601
hypergraph_cut,mag10_top1000,0,150,107,107,4020,4544,2061,10625
hypergraph_cut,mag10_top1000,0,150,108,108,4040,4564,2044,10648
hypergraph_cut,mag10_top1000,0,150,109,109,4059,4584,2031,10674
hypergraph_cut,mag10_top1000,0,150,110,110,4078,4603,2013,10694
hypergraph_cut,mag10_top1000,0,150,111,111,4097,4625,1998,10720
hypergraph_cut,mag10_top1000,0,150,112,112,4115,4643,1987,10745
hypergraph_cut,mag10_top1000,0,150,113,113,4133,4664,1975,10772
hypergraph_cut,mag10_top1000,0,150,114,114,4151,4683,1961,10795
hypergraph_cut,mag10_top1000,0,150,115,115,4169,4704,1950,10823
hypergraph_cut,mag10_top1000,0,150,116,116,4187,4750,1935,10872
hypergraph_cut,mag10_top1000,0,150,117,117,4205,4769,1917,10891
hypergraph_cut,mag10_top1000,0,150,118,118,4223,4787,1905,10915
hypergraph_cut,mag10_top1000,0,150,119,119,4241,4806,1891,10938
hypergraph_cut,mag10_top1000,0,150,120,120,4259,4834,1877,10970
hypergraph_cut,mag10_top1000,0,150,121,121,4277,4858,1856,10991
hypergraph_cut,mag10_top1000,0,150,122,122,4294,4880,1842,11016
hypergraph_cut,mag10_top1000,0,150,123,123,4311,4912,1831,11054
hypergraph_cut,mag10_top1000,0,150,124,124,4328,4933,1817,11078
hypergraph_cut,mag10_top1000,0,150,125,125,4345,4967,1806,11118
hypergraph_cut,mag10_top1000,0,150,126,126,4362,4988,1796,11146
hypergraph_cut,mag10_top1000,0,150,127,127,4379,5008,1787,11174
hypergraph_cut,mag10_top1000,0,150,128,128,4396,5025,1773,11194
hypergraph_cut,mag10_top1000,0,150,129,129,4413,5044,1762,11219
hypergraph_cut,mag10_top1000,0,150,130,130,4430,5069,1751,11250
hypergraph_cut,mag10_top1000,0,150,131,131,4447,5089,1742,11278
hypergraph_cut,mag10_top1000,0,150,132,132,4464,5115,1729,11308
hypergraph_cut,mag10_top1000,0,150,133,133,4481,5133,1710,11324
hypergraph_cut,mag10_top1000,0,150,134,134,4497,5149,1694,11340
hypergraph_cut,mag10_top1000,0,150,135,135,4513,5168,1680,11361
hypergraph_cut,mag10_top1000,0,150,136,136,4529,5189,1665,11383
hypergraph_cut,mag10_top1000,0,150,137,137,4545,5229,1654,11428
hypergraph_cut,mag10_top1000,0,150,138,138,4561,5254,1639,11454
hypergraph_cut,mag10_top1000,0,150,139,139,4577,5276,1629,11482
hypergraph_cut,mag10_top1000,0,150,140,140,4593,5294,1608,11495
hypergraph_cut,mag10_top1000,0,150,141,141,4608,5317,1598,11523
hypergraph_cut,mag10_top1000,0,150,142,142,4623,5360,1583,11566
hypergraph_cut,mag10_top1000,0,150,143,143,4638,5384,1571,11593
hypergraph_cut,mag10_top1000,0,150,144,144,4653,5404,1563,11620
hypergraph_cut,mag10_top1000,0,150,145,145,4668,5423,1554,11645
hypergraph_cut,mag10_top1000,0,150,146,146,4683,5447,1545,11675
hypergraph_cut,mag10_top1000,0,150,147,147,4698,5468,1532,11698
hypergraph_cut,mag10_top1000,0,150,148,148,4713,5494,1516,11723
hypergraph_cut,mag10_top1000,0,150,149,149,4727,5508,1503,11738
hypergraph_cut,mag10_top1000,0,150,150,150,4741,5523,1494,11758
hypergraph_cut,mag10_top1000,0,160,0,0,0,0,5744,5744
hypergraph_cut,mag10_top1000,0,160,1,1,120,120,5621,5861
hypergraph_cut,mag10_top1000,0,160,2,2,210,211,5528,5949
hypergraph_cut,mag10_top1000,0,160,3,3,296,297,5433,6026
hypergraph_cut,mag10_top1000,0,160,4,4,374,375,5353,6102
hypergraph_cut,mag10_top1000,0,160,5,5,447,448,5291,6186
hypergraph_cut,mag10_top1000,0,160,6,6,518,521,5211,6250
hypergraph_cut,mag10_top1000,0,160,7,7,585,602,5153,6340
hypergraph_cut,mag10_top1000,0,160,8,8,651,670,5091,6412
hypergraph_cut,mag10_top1000,0,160,9,9,715,734,5031,6480
hypergraph_cut,mag10_top1000,0,160,10,10,777,801,4945,6523
hypergraph_cut,mag10_top1000,0,160,11,11,838,862,4894,6594
hypergraph_cut,mag10_top1000,0,160,12,12,897,929,4834,6660
hypergraph_cut,mag10_top1000,0,160,13,13,955,989,4783,6727
hypergraph_cut,mag10_top1000,0,160,14,14,1013,1048,4725,6786
hypergraph_cut,mag10_top1000,0,160,15,15,1070,1126,4675,6871
hypergraph_cut,mag10_top1000,0,160,16,16,1126,1182,4612,6920
hypergraph_cut,mag10_top1000,0,160,17,17,1180,1238,4548,6966
hypergraph_cut,mag10_top1000,0,160,18,18,1232,1291,4495,7018
hypergraph_cut,mag10_top1000,0,160,19,19,1284,1344,4450,7078
hypergraph_cut,mag10_top1000,0,160,20,20,1335,1397,4411,7143
hypergraph_cut,mag10_top1000,0,160,21,21,1384,1446,4371,7201
hypergraph_cut,mag10_top1000,0,160,22,22,1433,1495,4325,7253
hypergraph_cut,mag10_top1000,0,160,23,23,1481,1543,4284,7308
hypergraph_cut,mag10_top1000,0,160,24,24,1529,1595,4247,7371
hypergraph_cut,mag10_top1000,0,160,25,25,1577,1643,4206,7426
hypergraph_cut,mag10_top1000,0,160,26,26,1624,1706,4173,7503
hypergraph_cut,mag10_top1000,0,160,27,27,1671,1754,4136,7561
hypergraph_cut,mag10_top1000,0,160,28,28,1718,1802,4103,7623
hypergraph_cut,mag10_top1000,0,160,29,29,1764,1851,4059,7674
hypergraph_cut,mag10_top1000,0,160,30,30,1810,1901,4016,7727
hypergraph_cut,mag10_top1000,0,160,31,31,1855,1952,3978,7785
hypergraph_cut,mag10_top1000,0,160,32,32,1900,2014,3928,7842
hypergraph_cut,mag10_top1000,0,160,33,33,1945,2059,3895,7899
hypergraph_cut,mag10_top1000,0,160,34,34,1989,2107,3858,7954
hypergraph_cut,mag10_top1000,0,160,35,35,2033,2152,3814,7999
hypergraph_cut,mag10_top1000,0,160,36,36,2075,2195,3773,8043
hypergraph_cut,mag10_top1000,0,160,37,37,2115,2242,3739,8096
hypergraph_cut,mag10_top1000,0,160,38,38,2154,2298,3711,8163
hypergraph_cut,mag10_top1000,0,160,39,39,2193,2338,3669,8200
hypergraph_cut,mag10_top1000,0,160,40,40,2232,2378,3639,8249
hypergraph_cut,mag10_top1000,0,160,41,41,2270,2416,3600,8286
hypergraph_cut,mag10_top1000,0,160,42,42,2308,2455,3562,8325
hypergraph_cut,mag10_top1000,0,160,43,43,2346,2493,3522,8361
hypergraph_cut,mag10_top1000,0,160,44,44,2383,2539,3495,8417
hypergraph_cut,mag10_top1000,0,160,45,45,2419,2582,3464,8465
hypergraph_cut,mag10_top1000,0,160,46,46,2454,2618,3434,8506
hypergraph_cut,mag10_top1000,0,160,47,47,2489,2659,3406,8554
hypergraph_cut,mag10_top1000,0,160,48,48,2524,2702,3374,8600
hypergraph_cut,mag10_top1000,0,160,49,49,2559,2749,3340,8648
hypergraph_cut,mag10_top1000,0,160,50,50,2594,2786,3317,8697
hypergraph_cut,mag10_top1000,0,160,51,51,2627,2825,3290,8742
hypergraph_cut,mag10_top1000,0,160,52,52,2660,2874,3265,8799
hypergraph_cut,mag10_top1000,0,160,53,53,2693,2909,3238,8840
hypergraph_cut,mag10_top1000,0,160,54,54,2725,2944,3204,8873
hypergraph_cut,mag10_top1000,0,160,55,55,2756,2984,3176,8916
hypergraph_cut,mag10_top1000,0,160,56,56,2786,3018,3148,8952
hypergraph_cut,mag10_top1000,0,160,57,57,2816,3057,3128,9001
hypergraph_cut,mag10_top1000,0,160,58,58,2846,3090,3105,9041
hypergraph_cut,mag10_top1000,0,160,59,59,2875,3121,3086,9082
hypergraph_cut,mag10_top1000,0,160,60,60,2904,3155,3061,9120
hypergraph_cut,mag10_top1000,0,160,61,61,2932,3199,3039,9170
hypergraph_cut,mag10_top1000,0,160,62,62,2960,3229,3025,9214
hypergraph_cut,mag10_top1000,0,160,63,63,2988,3260,3000,9248
hypergraph_cut,mag10_top1000,0,160,64,64,3016,3292,2974,9282
hypergraph_cut,mag10_top1000,0,160,65,65,3043,3321,2950,9314
hypergraph_cut,mag10_top1000,0,160,66,66,3070,3349,2930,9349
hypergraph_cut,mag10_top1000,0,160,67,67,3097,3376,2914,9387
hypergraph_cut,mag10_top1000,0,160,68,68,3124,3404,2893,9421
hypergraph_cut,mag10_top1000,0,160,69,69,3151,3434,2860,9445
hypergraph_cut,mag10_top1000,0,160,70,70,3177,3476,2836,9489
hypergraph_cut,mag10_top1000,0,160,71,71,3203,3515,2817,9535
hypergraph_cut,mag10_top1000,0,160,72,72,3229,3547,2796,9572
hypergraph_cut,mag10_top1000,0,160,73,73,3254,3576,2766,9596
hypergraph_cut,mag10_top1000,0,160,74,74,3279,3601,2749,9629
hypergraph_cut,mag10_top1000,0,160,75,75,3304,3630,2724,9658
hypergraph_cut,mag10_top1000,0,160,76,76,3329,3656,2705,9690
hypergraph_cut,mag10_top1000,0,160,77,77,3354,3688,2686,9728
hypergraph_cut,mag10_top1000,0,160,78,78,3379,3720,2656,9755
hypergraph_cut,mag10_top1000,0,160,79,79,3403,3746,2638,9787
hypergraph_cut,mag10_top1000,0,160,80,80,3427,3770,2618,9815
hypergraph_cut,mag10_top1000,0,160,81,81,3451,3796,2596,9843
hypergraph_cut,mag10_top1000,0,160,82,82,3475,3834,2573,9882
hypergraph_cut,mag10_top1000,0,160,83,83,3499,3865,2555,9919
hypergraph_cut,mag10_top1000,0,160,84,84,3522,3896,2536,9954
hypergraph_cut,mag10_top1000,0,160,85,85,3545,3928,2522,9995
hypergraph_cut,mag10_top1000,0,160,86,86,3568,3954,2501,10023
hypergraph_cut,mag10_top1000,0,160,87,87,3591,4006,2481,10078
hypergraph_cut,mag10_top1000,0,160,88,88,3614,4033,2466,10113
hypergraph_cut,mag10_top1000,0,160,89,89,3637,4060,2449,10146
hypergraph_cut,mag10_top1000,0,160,90,90,3660,4083,2437,10180
hypergraph_cut,mag10_top1000,0,160,91,91,3682,4122,2414,10218
hypergraph_cut,mag10_top1000,0,160,92,92,3704,4146,2399,10249
hypergraph_cut,mag10_top1000,0,160,93,93,3726,4169,2385,10280
hypergraph_cut,mag10_top1000,0,160,94,94,3748,4192,2368,10308
hypergraph_cut,mag10_top1000,0,160,95,95,3770,4231,2354,10355
hypergraph_cut,mag10_top1000,0,160,96,96,3792,4253,2335,10380
hypergraph_cut,mag10_top1000,0,160,97,97,3814,4287,2321,10422
hypergraph_cut,mag10_top1000,0,160,98,98,3836,4309,2307,10452
hypergraph_cut,mag10_top1000,0,160,99,99,3858,4335,2288,10481
hypergraph_cut,mag10_top1000,0,160,100,100,3879,4374,2274,10527
hypergraph_cut,mag10_top1000,0,160,101,101,3900,4412,2249,10561
hypergraph_cut,mag10_top1000,0,160,102,102,3920,4436,2234,10590
hypergraph_cut,mag10_top1000,0,160,103,103,3940,4458,2219,10617
hypergraph_cut,mag10_top1000,0,160,104,104,3960,4479,2204,10643
hypergraph_cut,mag10_top1000,0,160,105,105,3980,4500,2191,10671
hypergraph_cut,mag10_top1000,0,160,106,106,4000,4523,2178,10701
hypergraph_cut,mag10_top1000,0,160,107,107,4020,4544,2161,10725
hypergraph_cut,mag10_top1000,0,160,108,108,4040,4564,2144,10748
hypergraph_cut,mag10_top1000,0,160,109,109,4059,4584,2131,10774
hypergraph_cut,mag10_top1000,0,160,110,110,4078,4603,2113,10794
hypergraph_cut,mag10_top1000,0,160,111,111,4097,4625,2098,10820
hypergraph_cut,mag10_top1000,0,160,112,112,4115,4643,2087,10845
hypergraph_cut,mag10_top1000,0,160,113,113,4133,4664,2072,10869
hypergraph_cut,mag10_top1000,0,160,114,114,4151,4683,2056,10890
hypergraph_cut,mag10_top1000,0,160,115,115,4169,4704,2041,10914
hypergraph_cut,mag10_top1000,0,160,116,116,4187,4750,2025,10962
hypergraph_cut,mag10_top1000,0,160,117,117,4205,4769,2007,10981
hypergraph_cut,mag10_top1000,0,160,118,118,4223,4787,1995,11005
hypergraph_cut,mag10_top1000,0,160,119,119,4241,4806,1981,11028
hypergraph_cut,mag10_top1000,0,160,120,120,4259,4834,1967,11060
hypergraph_cut,mag10_top1000,0,160,121,121,4277,4858,1946,11081
hypergraph_cut,mag10_top1000,0,160,122,122,4294,4880,1932,11106
hypergraph_cut,mag10_top1000,0,160,123,123,4311,4912,1921,11144
hypergraph_cut,mag10_top1000,0,160,124,124,4328,4933,1907,11168
hypergraph_cut,mag10_top1000,0,160,125,125,4345,4967,1896,11208
hypergraph_cut,mag10_top1000,0,160,126,126,4362,4988,1886,11236
hypergraph_cut,mag10_top1000,0,160,127,127,4379,5008,1877,11264
hypergraph_cut,mag10_top1000,0,160,128,128,4396,5025,1861,11282
hypergraph_cut,mag10_top1000,0,160,129,129,4413,5044,1849,11306
hypergraph_cut,mag10_top1000,0,160,130,130,4430,5069,1836,11335
hypergraph_cut,mag10_top1000,0,160,131,131,4447,5089,1825,11361
hypergraph_cut,mag10_top1000,0,160,132,132,4464,5115,1809,11388
hypergraph_cut,mag10_top1000,0,160,133,133,4481,5133,1790,11404
hypergraph_cut,mag10_top1000,0,160,134,134,4497,5149,1774,11420
hypergraph_cut,mag10_top1000,0,160,135,135,4513,5168,1760,11441
hypergraph_cut,mag10_top1000,0,160,136,136,4529,5189,1745,11463
hypergraph_cut,mag10_top1000,0,160,137,137,4545,5229,1734,11508
hypergraph_cut,mag10_top1000,0,160,138,138,4561,5254,1719,11534
hypergraph_cut,mag10_top1000,0,160,139,139,4577,5276,1709,11562
hypergraph_cut,mag10_top1000,0,160,140,140,4593,5294,1688,11575
hypergraph_cut,mag10_top1000,0,160,141,141,4608,5317,1678,11603
hypergraph_cut,mag10_top1000,0,160,142,142,4623,5360,1661,11644
hypergraph_cut,mag10_top1000,0,160,143,143,4638,5384,1647,11669
hypergraph_cut,mag10_top1000,0,160,144,144,4653,5404,1637,11694
hypergraph_cut,mag10_top1000,0,160,145,145,4668,5423,1626,11717
hypergraph_cut,mag10_top1000,0,160,146,146,4683,5447,1616,11746
hypergraph_cut,mag10_top1000,0,160,147,147,4698,5468,1602,11768
hypergraph_cut,mag10_top1000,0,160,148,148,4713,5494,1586,11793
hypergraph_cut,mag10_top1000,0,160,149,149,4727,5508,1573,11808
hypergraph_cut,mag10_top1000,0,160,150,150,4741,5523,1564,11828
hypergraph_cut,mag10_top1000,0,160,151,151,4755,5541,1556,11852
hypergraph_cut,mag10_top1000,0,160,152,152,4769,5555,1541,11865
hypergraph_cut,mag10_top1000,0,160,153,153,4783,5577,1530,11890
hypergraph_cut,mag10_top1000,0,160,154,154,4797,5591,1522,11910
hypergraph_cut,mag10_top1000,0,160,155,155,4811,5610,1509,11930
hypergraph_cut,mag10_top1000,0,160,156,156,4825,5627,1499,11951
hypergraph_cut,mag10_top1000,0,160,157,157,4839,5643,1490,11972
hypergraph_cut,mag10_top1000,0,160,158,158,4853,5667,1482,12002
hypergraph_cut,mag10_top1000,0,160,159,159,4867,5700,1470,12037
hypergraph_cut,mag10_top1000,0,160,160,160,4880,5722,1453,12055
hypergraph_cut,mag10_top1000,0,170,0,0,0,0,5954,5954
hypergraph_cut,mag10_top1000,0,170,1,1,120,120,5827,6067
hypergraph_cut,mag10_top1000,0,170,2,2,210,211,5733,6154
hypergraph_cut,mag10_top1000,0,170,3,3,296,297,5633,6226
hypergraph_cut,mag10_top1000,0,170,4,4,374,375,5552,6301
hypergraph_cut,mag10_top1000,0,170,5,5,447,448,5488,6383
hypergraph_cut,mag10_top1000,0,170,6,6,518,521,5408,6447
hypergraph_cut,mag10_top1000,0,170,7,7,585,602,5348,6535
hypergraph_cut,mag10_top1000,0,170,8,8,651,670,5282,6603
hypergraph_cut,mag10_top1000,0,170,9,9,715,734,5221,6670
hypergraph_cut,mag10_top1000,0,170,10,10,777,801,5135,6713
hypergraph_cut,mag10_top1000,0,170,11,11,838,862,5084,6784
hypergraph_cut,mag10_top1000,0,170,12,12,897,929,5024,6850
hypergraph_cut,mag10_top1000,0,170,13,13,955,989,4971,6915
hypergraph_cut,mag10_top1000,0,170,14,14,1013,1048,4909,6970
hypergraph_cut,mag10_top1000,0,170,15,15,1070,1126,4855,7051
hypergraph_cut,mag10_top1000,0,170,16,16,1126,1182,4792,7100
hypergraph_cut,mag10_top1000,0,170,17,17,1180,1238,4728,7146
hypergraph_cut,mag10_top1000,0,170,18,18,1232,1291,4675,7198
hypergraph_cut,mag10_top1000,0,170,19,19,1284,1344,4630,7258
hypergraph_cut,mag10_top1000,0,170,20,20,1335,1397,4591,7323
hypergraph_cut,mag10_top1000,0,170,21,21,1384,1446,4551,7381
hypergraph_cut,mag10_top1000,0,170,22,22,1433,1495,4505,7433
hypergraph_cut,mag10_top1000,0,170,23,23,1481,1543,4459,7483
hypergraph_cut,mag10_top1000,0,170,24,24,1529,1595,4420,7544
hypergraph_cut,mag10_top1000,0,170,25,25,1577,1643,4377,7597
hypergraph_cut,mag10_top1000,0,170,26,26,1624,1706,4343,7673
hypergraph_cut,mag10_top1000,0,170,27,27,1671,1754,4306,7731
hypergraph_cut,mag10_top1000,0,170,28,28,1718,1802,4273,7793
hypergraph_cut,mag10_top1000,0,170,29,29,1764,1851,4229,7844
hypergraph_cut,mag10_top1000,0,170,30,30,1810,1901,4186,7897
hypergraph_cut,mag10_top1000,0,170,31,31,1855,1952,4148,7955
hypergraph_cut,mag10_top1000,0,170,32,32,1900,2014,4097,8011
hypergraph_cut,mag10_top1000,0,170,33,33,1945,2059,4061,8065
hypergraph_cut,mag10_top1000,0,170,34,34,1989,2107,4019,8115
hypergraph_cut,mag10_top1000,0,170,35,35,2033,2152,3974,8159
hypergraph_cut,mag10_top1000,0,170,36,36,2075,2195,3933,8203
hypergraph_cut,mag10_top1000,0,170,37,37,2115,2242,3899,8256
hypergraph_cut,mag10_top1000,0,170,38,38,2154,2298,3871,8323
hypergraph_cut,mag10_top1000,0,170,39,39,2193,2338,3829,8360
hypergraph_cut,mag10_top1000,0,170,40,40,2232,2378,3799,8409
hypergraph_cut,mag10_top1000,0,170,41,41,2270,2416,3758,8444
hypergraph_cut,mag10_top1000,0,170,42,42,2308,2455,3718,8481
hypergraph_cut,mag10_top1000,0,170,43,43,2346,2493,3675,8514
hypergraph_cut,mag10_top1000,0,170,44,44,2383,2539,3645,8567
hypergraph_cut,mag10_top1000,0,170,45,45,2419,2582,3614,8615
hypergraph_cut,mag10_top1000,0,170,46,46,2454,2618,3584,8656
hypergraph_cut,mag10_top1000,0,170,47,47,2489,2659,3556,8704
hypergraph_cut,mag10_top1000,0,170,48,48,2524,2702,3524,8750
hypergraph_cut,mag10_top1000,0,170,49,49,2559,2749,3490,8798
hypergraph_cut,mag10_top1000,0,170,50,50,2594,2786,3467,8847
hypergraph_cut,mag10_top1000,0,170,51,51,2627,2825,3439,8891
hypergraph_cut,mag10_top1000,0,170,52,52,2660,2874,3414,8948
hypergraph_cut,mag10_top1000,0,170,53,53,2693,2909,3382,8984
hypergraph_cut,mag10_top1000,0,170,54,54,2725,2944,3344,9013
hypergraph_cut,mag10_top1000,0,170,55,55,2756,2984,3316,9056
hypergraph_cut,mag10_top1000,0,170,56,56,2786,3018,3288,9092
hypergraph_cut,mag10_top1000,0,170,57,57,2816,3057,3268,9141
hypergraph_cut,mag10_top1000,0,170,58,58,2846,3090,3245,9181
hypergraph_cut,mag10_top1000,0,170,59,59,2875,3121,3226,9222
hypergraph_cut,mag10_top1000,0,170,60,60,2904,3155,3201,9260
hypergraph_cut,mag10_top1000,0,170,61,61,2932,3199,3179,9310
hypergraph_cut,mag10_top1000,0,170,62,62,2960,3229,3163,9352
hypergraph_cut,mag10_top1000,0,170,63,63,2988,3260,3135,9383
hypergraph_cut,mag10_top1000,0,170,64,64,3016,3292,3104,9412
hypergraph_cut,mag10_top1000,0,170,65,65,3043,3321,3080,9444
hypergraph_cut,mag10_top1000,0,170,66,66,3070,3349,3060,9479
hypergraph_cut,mag10_top1000,0,170,67,67,3097,3376,3044,9517
hypergraph_cut,mag10_top1000,0,170,68,68,3124,3404,3023,9551
hypergraph_cut,mag10_top1000,0,170,69,69,3151,3434,2990,9575
hypergraph_cut,mag10_top1000,0,170,70,70,3177,3476,2966,9619
hypergraph_cut,mag10_top1000,0,170,71,71,3203,3515,2946,9664
hypergraph_cut,mag10_top1000,0,170,72,72,3229,3547,2923,9699
hypergraph_cut,mag10_top1000,0,170,73,73,3254,3576,2889,9719
hypergraph_cut,mag10_top1000,0,170,74,74,3279,3601,2869,9749
hypergraph_cut,mag10_top1000,0,170,75,75,3304,3630,2844,9778
hypergraph_cut,mag10_top1000,0,170,76,76,3329,3656,2825,9810
hypergraph_cut,mag10_top1000,0,170,77,77,3354,3688,2806,9848
hypergraph_cut,mag10_top1000,0,170,78,78,3379,3720,2776,9875
hypergraph_cut,mag10_top1000,0,170,79,79,3403,3746,2758,9907
hypergraph_cut,mag10_top1000,0,170,80,80,3427,3770,2738,9935
hypergraph_cut,mag10_top1000,0,170,81,81,3451,3796,2716,9963
hypergraph_cut,mag10_top1000,0,170,82,82,3475,3834,2693,10002
hypergraph_cut,mag10_top1000,0,170,83,83,3499,3865,2670,10034
hypergraph_cut,mag10_top1000,0,170,84,84,3522,3896,2648,10066
hypergraph_cut,mag10_top1000,0,170,85,85,3545,3928,2633,10106
hypergraph_cut,mag10_top1000,0,170,86,86,3568,3954,2611,10133
hypergraph_cut,mag10_top1000,0,170,87,87,3591,4006,2591,10188
hypergraph_cut,mag10_top1000,0,170,88,88,3614,4033,2576,10223
hypergraph_cut,mag10_top1000,0,170,89,89,3637,4060,2559,10256
hypergraph_cut,mag10_top1000,0,170,90,90,3660,4083,2547,10290
hypergraph_cut,mag10_top1000,0,170,91,91,3682,4122,2524,10328
hypergraph_cut,mag10_top1000,0,170,92,92,3704,4146,2509,10359
hypergraph_cut,mag10_top1000,0,170,93,93,3726,4169,2495,10390
hypergraph_cut,mag10_top1000,0,170,94,94,3748,4192,2477,10417
hypergraph_cut,mag10_top1000,0,170,95,95,3770,4231,2461,10462
hypergraph_cut,mag10_top1000,0,170,96,96,3792,4253,2440,10485
hypergraph_cut,mag10_top1000,0,170,97,97,3814,4287,2423,10524
hypergraph_cut,mag10_top1000,0,170,98,98,3836,4309,2407,10552
hypergraph_cut,mag10_top1000,0,170,99,99,3858,4335,2388,10581
hypergraph_cut,mag10_top1000,0,170,100,100,3879,4374,2374,10627
hypergraph_cut,mag10_top1000,0,170,101,101,3900,4412,2349,10661
hypergraph_cut,mag10_top1000,0,170,102,102,3920,4436,2334,10690
hypergraph_cut,mag10_top1000,0,170,103,103,3940,4458,2319,10717
hypergraph_cut,mag10_top1000,0,170,104,104,3960,4479,2304,10743
hypergraph_cut,mag10_top1000,0,170,105,105,3980,4500,2291,10771
hypergraph_cut,mag10_top1000,0,170,106,106,4000,4523,2278,10801
hypergraph_cut,mag10_top1000,0,170,107,107,4020,4544,2261,10825
hypergraph_cut,mag10_top1000,0,170,108,108,4040,4564,2242,10846
hypergraph_cut,mag10_top1000,0,170,109,109,4059,4584,2229,10872
hypergraph_cut,mag10_top1000,0,170,110,110,4078,4603,2208,10889
hypergraph_cut,mag10_top1000,0,170,111,111,4097,4625,2191,10913
hypergraph_cut,mag10_top1000,0,170,112,112,4115,4643,2177,10935
hypergraph_cut,mag10_top1000,0,170,113,113,4133,4664,2162,10959
hypergraph_cut,mag10_top1000,0,170,114,114,4151,4683,2146,10980
hypergraph_cut,mag10_top1000,0,170,115,115,4169,4704,2131,11004
hypergraph_cut,mag10_top1000,0,170,116,116,4187,4750,2115,11052
hypergraph_cut,mag10_top1000,0,170,117,117,4205,4769,2097,11071
hypergraph_cut,mag10_top1000,0,170,118,118,4223,4787,2085,11095
hypergraph_cut,mag10_top1000,0,170,119,119,4241,4806,2071,11118
hypergraph_cut,mag10_top1000,0,170,120,120,4259,4834,2057,11150
hypergraph_cut,mag10_top1000,0,170,121,121,4277,4858,2036,11171
hypergraph_cut,mag10_top1000,0,170,122,122,4294,4880,2022,11196
hypergraph_cut,mag10_top1000,0,170,123,123,4311,4912,2011,11234
hypergraph_cut,mag10_top1000,0,170,124,124,4328,4933,1994,11255
hypergraph_cut,mag10_top1000,0,170,125,125,4345,4967,1980,11292
hypergraph_cut,mag10_top1000,0,170,126,126,4362,4988,1967,11317
hypergraph_cut,mag10_top1000,0,170,127,127,4379,5008,1957,11344
hypergraph_cut,mag10_top1000,0,170,128,128,4396,5025,1941,11362
hypergraph_cut,mag10_top1000,0,170,129,129,4413,5044,1929,11386
hypergraph_cut,mag10_top1000,0,170,130,130,4430,5069,1916,11415
hypergraph_cut,mag10_top1000,0,170,131,131,4447,5089,1905,11441
hypergraph_cut,mag10_top1000,0,170,132,132,4464,5115,1889,11468
hypergraph_cut,mag10_top1000,0,170,133,133,4481,5133,1870,11484
hypergraph_cut,mag10_top1000,0,170,134,134,4497,5149,1854,11500
hypergraph_cut,mag10_top1000,0,170,135,135,4513,5168,1840,11521
hypergraph_cut,mag10_top1000,0,170,136,136,4529,5189,1825,11543
hypergraph_cut,mag10_top1000,0,170,137,137,4545,5229,1814,11588
hypergraph_cut,mag10_top1000,0,170,138,138,4561,5254,1799,11614
hypergraph_cut,mag10_top1000,0,170,139,139,4577,5276,1789,11642
hypergraph_cut,mag10_top1000,0,170,140,140,4593,5294,1761,11648
hypergraph_cut,mag10_top1000,0,170,141,141,4608,5317,1752,11677
hypergraph_cut,mag10_top1000,0,170,142,142,4623,5360,1731,11714
hypergraph_cut,mag10_top1000,0,170,143,143,4638,5384,1717,11739
hypergraph_cut,mag10_top1000,0,170,144,144,4653,5404,1707,11764
hypergraph_cut,mag10_top1000,0,170,145,145,4668,5423,1696,11787
hypergraph_cut,mag10_top1000,0,170,146,146,4683,5447,1686,11816
hypergraph_cut,mag10_top1000,0,170,147,147,4698,5468,1672,11838
hypergraph_cut,mag10_top1000,0,170,148,148,4713,5494,1656,11863
hypergraph_cut,mag10_top1000,0,170,149,149,4727,5508,1643,11878
hypergraph_cut,mag10_top1000,0,170,150,150,4741,5523,1634,11898
hypergraph_cut,mag10_top1000,0,170,151,151,4755,5541,1626,11922
hypergraph_cut,mag10_top1000,0,170,152,152,4769,5555,1611,11935
hypergraph_cut,mag10_top1000,0,170,153,153,4783,5577,1600,11960
hypergraph_cut,mag10_top1000,0,170,154,154,4797,5591,1592,11980
hypergraph_cut,mag10_top1000,0,170,155,155,4811,5610,1577,11998
hypergraph_cut,mag10_top1000,0,170,156,156,4825,5627,1565,12017
hypergraph_cut,mag10_top1000,0,170,157,157,4839,5643,1554,12036
hypergraph_cut,mag10_top1000,0,170,158,158,4853,5667,1542,12062
hypergraph_cut,mag10_top1000,0,170,159,159,4867,5700,1530,12097
hypergraph_cut,mag10_top1000,0,170,160,160,4880,5722,1513,12115
hypergraph_cut,mag10_top1000,0,170,161,161,4893,5740,1496,12129
hypergraph_cut,mag10_top1000,0,170,162,162,4906,5758,1482,12146
hypergraph_cut,mag10_top1000,0,170,163,163,4919,5771,1475,12165
hypergraph_cut,mag10_top1000,0,170,164,164,4932,5786,1468,12186
hypergraph_cut,mag10_top1000,0,170,165,165,4945,5802,1458,12205
hypergraph_cut,mag10_top1000,0,170,166,166,4958,5821,1449,12228
hypergraph_cut,mag10_top1000,0,170,167,167,4971,5840,1439,12250
hypergraph_cut,mag10_top1000,0,170,168,168,4983,5854,1432,12269
hypergraph_cut,mag10_top1000,0,170,169,169,4995,5868,1423,12286
hypergraph_cut,mag10_top1000,0,170,170,170,5007,5895,1416,12318
hypergraph_cut,mag10_top1000,0,180,0,0,0,0,6156,6156
hypergraph_cut,mag10_top1000,0,180,1,1,120,120,6027,6267
hypergraph_cut,mag10_top1000,0,180,2,2,210,211,5933,6354
hypergraph_cut,mag10_top1000,0,180,3,3,296,297,5828,6421
hypergraph_cut,mag10_top1000,0,180,4,4,374,375,5742,6491
hypergraph_cut,mag10_top1000,0,180,5,5,447,448,5678,6573
hypergraph_cut,mag10_top1000,0,180,6,6,518,521,5598,6637
hypergraph_cut,mag10_top1000,0,180,7,7,585,602,5538,6725
hypergraph_cut,mag10_top1000,0,180,8,8,651,670,5472,6793
hypergraph_cut,mag10_top1000,0,180,9,9,715,734,5411,6860
hypergraph_cut,mag10_top1000,0,180,10,10,777,801,5321,6899
hypergraph_cut,mag10_top1000,0,180,11,11,838,862,5268,6968
hypergraph_cut,mag10_top1000,0,180,12,12,897,929,5206,7032
hypergraph_cut,mag10_top1000,0,180,13,13,955,989,5151,7095
hypergraph_cut,mag10_top1000,0,180,14,14,1013,1048,5089,7150
hypergraph_cut,mag10_top1000,0,180,15,15,1070,1126,5035,7231
hypergraph_cut,mag10_top1000,0,180,16,16,1126,1182,4972,7280
hypergraph_cut,mag10_top1000,0,180,17,17,1180,1238,4908,7326
hypergraph_cut,mag10_top1000,0,180,18,18,1232,1291,4855,7378
hypergraph_cut,mag10_top1000,0,180,19,19,1284,1344,4810,7438
hypergraph_cut,mag10_top1000,0,180,20,20,1335,1397,4768,7500
hypergraph_cut,mag10_top1000,0,180,21,21,1384,1446,4725,7555
hypergraph_cut,mag10_top1000,0,180,22,22,1433,1495,4675,7603
hypergraph_cut,mag10_top1000,0,180,23,23,1481,1543,4629,7653
hypergraph_cut,mag10_top1000,0,180,24,24,1529,1595,4590,7714
hypergraph_cut,mag10_top1000,0,180,25,25,1577,1643,4547,7767
hypergraph_cut,mag10_top1000,0,180,26,26,1624,1706,4513,7843
hypergraph_cut,mag10_top1000,0,180,27,27,1671,1754,4476,7901
hypergraph_cut,mag10_top1000,0,180,28,28,1718,1802,4443,7963
hypergraph_cut,mag10_top1000,0,180,29,29,1764,1851,4397,8012
hypergraph_cut,mag10_top1000,0,180,30,30,1810,1901,4352,8063
hypergraph_cut,mag10_top1000,0,180,31,31,1855,1952,4310,8117
hypergraph_cut,mag10_top1000,0,180,32,32,1900,2014,4257,8171
hypergraph_cut,mag10_top1000,0,180,33,33,1945,2059,4221,8225
hypergraph_cut,mag10_top1000,0,180,34,34,1989,2107,4179,8275
hypergraph_cut,mag10_top1000,0,180,35,35,2033,2152,4134,8319
hypergraph_cut,mag10_top1000,0,180,36,36,2075,2195,4093,8363
hypergraph_cut,mag10_top1000,0,180,37,37,2115,2242,4059,8416
hypergraph_cut,mag10_top1000,0,180,38,38,2154,2298,4031,8483
hypergraph_cut,mag10_top1000,0,180,39,39,2193,2338,3984,8515
hypergraph_cut,mag10_top1000,0,180,40,40,2232,2378,3949,8559
hypergraph_cut,mag10_top1000,0,180,41,41,2270,2416,3908,8594
hypergraph_cut,mag10_top1000,0,180,42,42,2308,2455,3868,8631
hypergraph_cut,mag10_top1000,0,180,43,43,2346,2493,3825,8664
hypergraph_cut,mag10_top1000,0,180,44,44,2383,2539,3795,8717
hypergraph_cut,mag10_top1000,0,180,45,45,2419,2582,3764,8765
hypergraph_cut,mag10_top1000,0,180,46,46,2454,2618,3734,8806
hypergraph_cut,mag10_top1000,0,180,47,47,2489,2659,3706,8854
hypergraph_cut,mag10_top1000,0,180,48,48,2524,2702,3674,8900
hypergraph_cut,mag10_top1000,0,180,49,49,2559,2749,3638,8946
hypergraph_cut,mag10_top1000,0,180,50,50,2594,2786,3611,8991
hypergraph_cut,mag10_top1000,0,180,51,51,2627,2825,3579,9031
hypergraph_cut,mag10_top1000,0,180,52,52,2660,2874,3554,9088
hypergraph_cut,mag10_top1000,0,180,53,53,2693,2909,3522,9124
hypergraph_cut,mag10_top1000,0,180,54,54,2725,2944,3484,9153
hypergraph_cut,mag10_top1000,0,180,55,55,2756,2984,3456,9196
hypergraph_cut,mag10_top1000,0,180,56,56,2786,3018,3428,9232
hypergraph_cut,mag10_top1000,0,180,57,57,2816,3057,3407,9280
hypergraph_cut,mag10_top1000,0,180,58,58,2846,3090,3383,9319
hypergraph_cut,mag10_top1000,0,180,59,59,2875,3121,3361,9357
hypergraph_cut,mag10_top1000,0,180,60,60,2904,3155,3335,9394
hypergraph_cut,mag10_top1000,0,180,61,61,2932,3199,3310,9441
hypergraph_cut,mag10_top1000,0,180,62,62,2960,3229,3293,9482
hypergraph_cut,mag10_top1000,0,180,63,63,2988,3260,3265,9513
hypergraph_cut,mag10_top1000,0,180,64,64,3016,3292,3234,9542
hypergraph_cut,mag10_top1000,0,180,65,65,3043,3321,3210,9574
hypergraph_cut,mag10_top1000,0,180,66,66,3070,3349,3190,9609
hypergraph_cut,mag10_top1000,0,180,67,67,3097,3376,3174,9647
hypergraph_cut,mag10_top1000,0,180,68,68,3124,3404,3150,9678
hypergraph_cut,mag10_top1000,0,180,69,69,3151,3434,3117,9702
hypergraph_cut,mag10_top1000,0,180,70,70,3177,3476,3088,9741
hypergraph_cut,mag10_top1000,0,180,71,71,3203,3515,3066,9784
hypergraph_cut,mag10_top1000,0,180,72,72,3229,3547,3043,9819
hypergraph_cut,mag10_top1000,0,180,73,73,3254,3576,3009,9839
hypergraph_cut,mag10_top1000,0,180,74,74,3279,3601,2989,9869
hypergraph_cut,mag10_top1000,0,180,75,75,3304,3630,2964,9898
hypergraph_cut,mag10_top1000,0,180,76,76,3329,3656,2945,9930
hypergraph_cut,mag10_top1000,0,180,77,77,3354,3688,2926,9968
hypergraph_cut,mag10_top1000,0,180,78,78,3379,3720,2896,9995
hypergraph_cut,mag10_top1000,0,180,79,79,3403,3746,2878,10027
hypergraph_cut,mag10_top1000,0,180,80,80,3427,3770,2857,10054
hypergraph_cut,mag10_top1000,0,180,81,81,3451,3796,2833,10080
hypergraph_cut,mag10_top1000,0,180,82,82,3475,3834,2803,10112
hypergraph_cut,mag10_top1000,0,180,83,83,3499,3865,2780,10144
hypergraph_cut,mag10_top1000,0,180,84,84,3522,3896,2758,10176
hypergraph_cut,mag10_top1000,0,180,85,85,3545,3928,2743,10216
hypergraph_cut,mag10_top1000,0,180,86,86,3568,3954,2721,10243
hypergraph_cut,mag10_top1000,0,180,87,87,3591,4006,2701,10298
hypergraph_cut,mag10_top1000,0,180,88,88,3614,4033,2686,10333
hypergraph_cut,mag10_top1000,0,180,89,89,3637,4060,2668,10365
hypergraph_cut,mag10_top1000,0,180,90,90,3660,4083,2654,10397
hypergraph_cut,mag10_top1000,0,180,91,91,3682,4122,2630,10434
hypergraph_cut,mag10_top1000,0,180,92,92,3704,4146,2612,10462
hypergraph_cut,mag10_top1000,0,180,93,93,3726,4169,2597,10492
hypergraph_cut,mag10_top1000,0,180,94,94,3748,4192,2577,10517
hypergraph_cut,mag10_top1000,0,180,95,95,3770,4231,2561,10562
hypergraph_cut,mag10_top1000,0,180,96,96,3792,4253,2540,10585
hypergraph_cut,mag10_top1000,0,180,97,97,3814,4287,2523,10624
hypergraph_cut,mag10_top1000,0,180,98,98,3836,4309,2507,10652
hypergraph_cut,mag10_top1000,0,180,99,99,3858,4335,2488,10681
hypergraph_cut,mag10_top1000,0,180,100,100,3879,4374,2474,10727
hypergraph_cut,mag10_top1000,0,180,101,101,3900,4412,2449,10761
hypergraph_cut,mag10_top1000,0,180,102,102,3920,4436,2434,10790
hypergraph_cut,mag10_top1000,0,180,103,103,3940,4458,2417,10815
hypergraph_cut,mag10_top1000,0,180,104,104,3960,4479,2400,10839
hypergraph_cut,mag10_top1000,0,180,105,105,3980,4500,2385,10865
hypergraph_cut,mag10_top1000,0,180,106,106,4000,4523,2371,10894
hypergraph_cut,mag10_top1000,0,180,107,107,4020,4544,2351,10915
hypergraph_cut,mag10_top1000,0,180,108,108,4040,4564,2332,10936
hypergraph_cut,mag10_top1000,0,180,109,109,4059,4584,2319,10962
hypergraph_cut,mag10_top1000,0,180,110,110,4078,4603,2298,10979
hypergraph_cut,mag10_top1000,0,180,111,111,4097,4625,2281,11003
hypergraph_cut,mag10_top1000,0,180,112,112,4115,4643,2267,11025
hypergraph_cut,mag10_top1000,0,180,113,113,4133,4664,2252,11049
hypergraph_cut,mag10_top1000,0,180,114,114,4151,4683,2236,11070
hypergraph_cut,mag10_top1000,0,180,115,115,4169,4704,2221,11094
hypergraph_cut,mag10_top1000,0,180,116,116,4187,4750,2205,11142
hypergraph_cut,mag10_top1000,0,180,117,117,4205,4769,2187,11161
hypergraph_cut,mag10_top1000,0,180,118,118,4223,4787,2175,11185
hypergraph_cut,mag10_top1000,0,180,119,119,4241,4806,2161,11208
hypergraph_cut,mag10_top1000,0,180,120,120,4259,4834,2146,11239
hypergraph_cut,mag10_top1000,0,180,121,121,4277,4858,2121,11256
hypergraph_cut,mag10_top1000,0,180,122,122,4294,4880,2106,11280
hypergraph_cut,mag10_top1000,0,180,123,123,4311,4912,2093,11316
hypergraph_cut,mag10_top1000,0,180,124,124,4328,4933,2074,11335
hypergraph_cut,mag10_top1000,0,180,125,125,4345,4967,2060,11372
hypergraph_cut,mag10_top1000,0,180,126,126,4362,4988,2047,11397
hypergraph_cut,mag10_top1000,0,180,127,127,4379,5008,2037,11424
hypergraph_cut,mag10_top1000,0,180,128,128,4396,5025,2021,11442
hypergraph_cut,mag10_top1000,0,180,129,129,4413,5044,2009,11466
hypergraph_cut,mag10_top1000,0,180,130,130,4430,5069,1996,11495
hypergraph_cut,mag10_top1000,0,180,131,131,4447,5089,1985,11521
hypergraph_cut,mag10_top1000,0,180,132,132,4464,5115,1969,11548
hypergraph_cut,mag10_top1000,0,180,133,133,4481,5133,1950,11564
hypergraph_cut,mag10_top1000,0,180,134,134,4497,5149,1934,11580
hypergraph_cut,mag10_top1000,0,180,135,135,4513,5168,1920,11601
hypergraph_cut,mag10_top1000,0,180,136,136,4529,5189,1902,11620
hypergraph_cut,mag10_top1000,0,180,137,137,4545,5229,1888,11662
hypergraph_cut,mag10_top1000,0,180,138,138,4561,5254,1869,11684
hypergraph_cut,mag10_top1000,0,180,139,139,4577,5276,1859,11712
hypergraph_cut,mag10_top1000,0,180,140,140,4593,5294,1831,11718
hypergraph_cut,mag10_top1000,0,180,141,141,4608,5317,1822,11747
hypergraph_cut,mag10_top1000,0,180,142,142,4623,5360,1801,11784
hypergraph_cut,mag10_top1000,0,180,143,143,4638,5384,1787,11809
hypergraph_cut,mag10_top1000,0,180,144,144,4653,5404,1777,11834
hypergraph_cut,mag10_top1000,0,180,145,145,4668,5423,1766,11857
hypergraph_cut,mag10_top1000,0,180,146,146,4683,5447,1756,11886
hypergraph_cut,mag10_top1000,0,180,147,147,4698,5468,1742,11908
hypergraph_cut,mag10_top1000,0,180,148,148,4713,5494,1726,11933
hypergraph_cut,mag10_top1000,0,180,149,149,4727,5508,1711,11946
hypergraph_cut,mag10_top1000,0,180,150,150,4741,5523,1698,11962
hypergraph_cut,mag10_top1000,0,180,151,151,4755,5541,1690,11986
hypergraph_cut,mag10_top1000,0,180,152,152,4769,5555,1675,11999
hypergraph_cut,mag10_top1000,0,180,153,153,4783,5577,1663,12023
hypergraph_cut,mag10_top1000,0,180,154,154,4797,5591,1654,12042
hypergraph_cut,mag10_top1000,0,180,155,155,4811,5610,1637,12058
hypergraph_cut,mag10_top1000,0,180,156,156,4825,5627,1625,12077
hypergraph_cut,mag10_top1000,0,180,157,157,4839,5643,1614,12096
hypergraph_cut,mag10_top1000,0,180,158,158,4853,5667,1602,12122
hypergraph_cut,mag10_top1000,0,180,159,159,4867,5700,1590,12157
hypergraph_cut,mag10_top1000,0,180,160,160,4880,5722,1573,12175
hypergraph_cut,mag10_top1000,0,180,161,161,4893,5740,1556,12189
hypergraph_cut,mag10_top1000,0,180,162,162,4906,5758,1542,12206
hypergraph_cut,mag10_top1000,0,180,163,163,4919,5771,1535,12225
hypergraph_cut,mag10_top1000,0,180,164,164,4932,5786,1528,12246
hypergraph_cut,mag10_top1000,0,180,165,165,4945,5802,1518,12265
hypergraph_cut,mag10_top1000,0,180,166,166,4958,5821,1509,12288
hypergraph_cut,mag10_top1000,0,180,167,167,4971,5840,1499,12310
hypergraph_cut,mag10_top1000,0,180,168,168,4983,5854,1492,12329
hypergraph_cut,mag10_top1000,0,180,169,169,4995,5868,1483,12346
hypergraph_cut,mag10_top1000,0,180,170,170,5007,5895,1476,12378
hypergraph_cut,mag10_top1000,0,180,171,171,5019,5910,1461,12390
hypergraph_cut,mag10_top1000,0,180,172,172,5031,5928,1454,12413
hypergraph_cut,mag10_top1000,0,180,173,173,5043,5977,1437,12457
hypergraph_cut,mag10_top1000,0,180,174,174,5055,5992,1429,12476
hypergraph_cut,mag10_top1000,0,180,175,175,5067,6005,1415,12487
hypergraph_cut,mag10_top1000,0,180,176,176,5079,6021,1401,12501
hypergraph_cut,mag10_top1000,0,180,177,177,5091,6041,1387,12519
hypergraph_cut,mag10_top1000,0,180,178,178,5103,6055,1381,12539
hypergraph_cut,mag10_top1000,0,180,179,179,5115,6076,1358,12549
hypergraph_cut,mag10_top1000,0,180,180,180,5127,6091,1345,12563
hypergraph_cut,mag10_top1000,0,190,0,0,0,0,6356,6356
hypergraph_cut,mag10_top1000,0,190,1,1,120,120,6227,6467
hypergraph_cut,mag10_top1000,0,190,2,2,210,211,6133,6554
hypergraph_cut,mag10_top1000,0,190,3,3,296,297,6018,6611
hypergraph_cut,mag10_top1000,0,190,4,4,374,375,5932,6681
hypergraph_cut,mag10_top1000,0,190,5,5,447,448,5868,6763
hypergraph_cut,mag10_top1000,0,190,6,6,518,521,5788,6827
hypergraph_cut,mag10_top1000,0,190,7,7,585,602,5726,6913
hypergraph_cut,mag10_top1000,0,190,8,8,651,670,5656,6977
hypergraph_cut,mag10_top1000,0,190,9,9,715,734,5594,7043
hypergraph_cut,mag10_top1000,0,190,10,10,777,801,5501,7079
hypergraph_cut,mag10_top1000,0,190,11,11,838,862,5448,7148
hypergraph_cut,mag10_top1000,0,190,12,12,897,929,5386,7212
hypergraph_cut,mag10_top1000,0,190,13,13,955,989,5331,7275
hypergraph_cut,mag10_top1000,0,190,14,14,1013,1048,5269,7330
hypergraph_cut,mag10_top1000,0,190,15,15,1070,1126,5215,7411
hypergraph_cut,mag10_top1000,0,190,16,16,1126,1182,5152,7460
hypergraph_cut,mag10_top1000,0,190,17,17,1180,1238,5085,7503
hypergraph_cut,mag10_top1000,0,190,18,18,1232,1291,5027,7550
hypergraph_cut,mag10_top1000,0,190,19,19,1284,1344,4980,7608
hypergraph_cut,mag10_top1000,0,190,20,20,1335,1397,4938,7670
hypergraph_cut,mag10_top1000,0,190,21,21,1384,1446,4895,7725
hypergraph_cut,mag10_top1000,0,190,22,22,1433,1495,4845,7773
hypergraph_cut,mag10_top1000,0,190,23,23,1481,1543,4799,7823
hypergraph_cut,mag10_top1000,0,190,24,24,1529,1595,4760,7884
hypergraph_cut,mag10_top1000,0,190,25,25,1577,1643,4717,7937
hypergraph_cut,mag10_top1000,0,190,26,26,1624,1706,4682,8012
hypergraph_cut,mag10_top1000,0,190,27,27,1671,1754,4641,8066
hypergraph_cut,mag10_top1000,0,190,28,28,1718,1802,4605,8125
hypergraph_cut,mag10_top1000,0,190,29,29,1764,1851,4557,8172
hypergraph_cut,mag10_top1000,0,190,30,30,1810,1901,4512,8223
hypergraph_cut,mag10_top1000,0,190,31,31,1855,1952,4470,8277
hypergraph_cut,mag10_top1000,0,190,32,32,1900,2014,4417,8331
hypergraph_cut,mag10_top1000,0,190,33,33,1945,2059,4381,8385
hypergraph_cut,mag10_top1000,0,190,34,34,1989,2107,4339,8435
hypergraph_cut,mag10_top1000,0,190,35,35,2033,2152,4292,8477
hypergraph_cut,mag10_top1000,0,190,36,36,2075,2195,4249,8519
hypergraph_cut,mag10_top1000,0,190,37,37,2115,2242,4213,8570
hypergraph_cut,mag10_top1000,0,190,38,38,2154,2298,4181,8633
hypergraph_cut,mag10_top1000,0,190,39,39,2193,2338,4134,8665
hypergraph_cut,mag10_top1000,0,190,40,40,2232,2378,4099,8709
hypergraph_cut,mag10_top1000,0,190,41,41,2270,2416,4058,8744
hypergraph_cut,mag10_top1000,0,190,42,42,2308,2455,4018,8781
hypergraph_cut,mag10_top1000,0,190,43,43,2346,2493,3975,8814
hypergraph_cut,mag10_top1000,0,190,44,44,2383,2539,3944,8866
hypergraph_cut,mag10_top1000,0,190,45,45,2419,2582,3911,8912
hypergraph_cut,mag10_top1000,0,190,46,46,2454,2618,3880,8952
hypergraph_cut,mag10_top1000,0,190,47,47,2489,2659,3849,8997
hypergraph_cut,mag10_top1000,0,190,48,48,2524,2702,3815,9041
hypergraph_cut,mag10_top1000,0,190,49,49,2559,2749,3778,9086
hypergraph_cut,mag10_top1000,0,190,50,50,2594,2786,3751,9131
hypergraph_cut,mag10_top1000,0,190,51,51,2627,2825,3719,9171
hypergraph_cut,mag10_top1000,0,190,52,52,2660,2874,3694,9228
hypergraph_cut,mag10_top1000,0,190,53,53,2693,2909,3662,9264
hypergraph_cut,mag10_top1000,0,190,54,54,2725,2944,3619,9288
hypergraph_cut,mag10_top1000,0,190,55,55,2756,2984,3590,9330
hypergraph_cut,mag10_top1000,0,190,56,56,2786,3018,3559,9363
hypergraph_cut,mag10_top1000,0,190,57,57,2816,3057,3537,9410
hypergraph_cut,mag10_top1000,0,190,58,58,2846,3090,3513,9449
hypergraph_cut,mag10_top1000,0,190,59,59,2875,3121,3491,9487
hypergraph_cut,mag10_top1000,0,190,60,60,2904,3155,3465,9524
hypergraph_cut,mag10_top1000,0,190,61,61,2932,3199,3440,9571
hypergraph_cut,mag10_top1000,0,190,62,62,2960,3229,3423,9612
hypergraph_cut,mag10_top1000,0,190,63,63,2988,3260,3395,9643
hypergraph_cut,mag10_top1000,0,190,64,64,3016,3292,3364,9672
hypergraph_cut,mag10_top1000,0,190,65,65,3043,3321,3338,9702
hypergraph_cut,mag10_top1000,0,190,66,66,3070,3349,3316,9735
hypergraph_cut,mag10_top1000,0,190,67,67,3097,3376,3298,9771
hypergraph_cut,mag10_top1000,0,190,68,68,3124,3404,3270,9798
hypergraph_cut,mag10_top1000,0,190,69,69,3151,3434,3237,9822
hypergraph_cut,mag10_top1000,0,190,70,70,3177,3476,3208,9861
hypergraph_cut,mag10_top1000,0,190,71,71,3203,3515,3186,9904
hypergraph_cut,mag10_top1000,0,190,72,72,3229,3547,3163,9939
hypergraph_cut,mag10_top1000,0,190,73,73,3254,3576,3129,9959
hypergraph_cut,mag10_top1000,0,190,74,74,3279,3601,3109,9989
hypergraph_cut,mag10_top1000,0,190,75,75,3304,3630,3084,10018
hypergraph_cut,mag10_top1000,0,190,76,76,3329,3656,3065,10050
hypergraph_cut,mag10_top1000,0,190,77,77,3354,3688,3046,10088
hypergraph_cut,mag10_top1000,0,190,78,78,3379,3720,3011,10110
hypergraph_cut,mag10_top1000,0,190,79,79,3403,3746,2991,10140
hypergraph_cut,mag10_top1000,0,190,80,80,3427,3770,2967,10164
hypergraph_cut,mag10_top1000,0,190,81,81,3451,3796,2943,10190
hypergraph_cut,mag10_top1000,0,190,82,82,3475,3834,2913,10222
hypergraph_cut,mag10_top1000,0,190,83,83,3499,3865,2890,10254
hypergraph_cut,mag10_top1000,0,190,84,84,3522,3896,2868,10286
hypergraph_cut,mag10_top1000,0,190,85,85,3545,3928,2853,10326
hypergraph_cut,mag10_top1000,0,190,86,86,3568,3954,2831,10353
hypergraph_cut,mag10_top1000,0,190,87,87,3591,4006,2807,10404
hypergraph_cut,mag10_top1000,0,190,88,88,3614,4033,2789,10436
hypergraph_cut,mag10_top1000,0,190,89,89,3637,4060,2768,10465
hypergraph_cut,mag10_top1000,0,190,90,90,3660,4083,2754,10497
hypergraph_cut,mag10_top1000,0,190,91,91,3682,4122,2730,10534
hypergraph_cut,mag10_top1000,0,190,92,92,3704,4146,2712,10562
hypergraph_cut,mag10_top1000,0,190,93,93,3726,4169,2697,10592
hypergraph_cut,mag10_top1000,0,190,94,94,3748,4192,2677,10617
hypergraph_cut,mag10_top1000,0,190,95,95,3770,4231,2661,10662
hypergraph_cut,mag10_top1000,0,190,96,96,3792,4253,2640,10685
hypergraph_cut,mag10_top1000,0,190,97,97,3814,4287,2623,10724
hypergraph_cut,mag10_top1000,0,190,98,98,3836,4309,2607,10752
hypergraph_cut,mag10_top1000,0,190,99,99,3858,4335,2588,10781
hypergraph_cut,mag10_top1000,0,190,100,100,3879,4374,2573,10826
hypergraph_cut,mag10_top1000,0,190,101,101,3900,4412,2543,10855
hypergraph_cut,mag10_top1000,0,190,102,102,3920,4436,2524,10880
hypergraph_cut,mag10_top1000,0,190,103,103,3940,4458,2507,10905
hypergraph_cut,mag10_top1000,0,190,104,104,3960,4479,2490,10929
hypergraph_cut,mag10_top1000,0,190,105,105,3980,4500,2475,10955
hypergraph_cut,mag10_top1000,0,190,106,106,4000,4523,2461,10984
hypergraph_cut,mag10_top1000,0,190,107,107,4020,4544,2441,11005
hypergraph_cut,mag10_top1000,0,190,108,108,4040,4564,2422,11026
hypergraph_cut,mag10_top1000,0,190,109,109,4059,4584,2409,11052
hypergraph_cut,mag10_top1000,0,190,110,110,4078,4603,2388,11069
hypergraph_cut,mag10_top1000,0,190,111,111,4097,4625,2371,11093
hypergraph_cut,mag10_top1000,0,190,112,112,4115,4643,2357,11115
hypergraph_cut,mag10_top1000,0,190,113,113,4133,4664,2342,11139
hypergraph_cut,mag10_top1000,0,190,114,114,4151,4683,2326,11160
hypergraph_cut,mag10_top1000,0,190,115,115,4169,4704,2311,11184
hypergraph_cut,mag10_top1000,0,190,116,116,4187,4750,2295,11232
hypergraph_cut,mag10_top1000,0,190,117,117,4205,4769,2276,11250
hypergraph_cut,mag10_top1000,0,190,118,118,4223,4787,2261,11271
hypergraph_cut,mag10_top1000,0,190,119,119,4241,4806,2244,11291
hypergraph_cut,mag10_top1000,0,190,120,120,4259,4834,2226,11319
hypergraph_cut,mag10_top1000,0,190,121,121,4277,4858,2201,11336
hypergraph_cut,mag10_top1000,0,190,122,122,4294,4880,2186,11360
hypergraph_cut,mag10_top1000,0,190,123,123,4311,4912,2173,11396
hypergraph_cut,mag10_top1000,0,190,124,124,4328,4933,2154,11415
hypergraph_cut,mag10_top1000,0,190,125,125,4345,4967,2140,11452
hypergraph_cut,mag10_top1000,0,190,126,126,4362,4988,2127,11477
hypergraph_cut,mag10_top1000,0,190,127,127,4379,5008,2117,11504
hypergraph_cut,mag10_top1000,0,190,128,128,4396,5025,2101,11522
hypergraph_cut,mag10_top1000,0,190,129,129,4413,5044,2089,11546
hypergraph_cut,mag10_top1000,0,190,130,130,4430,5069,2076,11575
hypergraph_cut,mag10_top1000,0,190,131,131,4447,5089,2065,11601
hypergraph_cut,mag10_top1000,0,190,132,132,4464,5115,2049,11628
hypergraph_cut,mag10_top1000,0,190,133,133,4481,5133,2027,11641
hypergraph_cut,mag10_top1000,0,190,134,134,4497,5149,2006,11652
hypergraph_cut,mag10_top1000,0,190,135,135,4513,5168,1990,11671
hypergraph_cut,mag10_top1000,0,190,136,136,4529,5189,1972,11690
hypergraph_cut,mag10_top1000,0,190,137,137,4545,5229,1958,11732
hypergraph_cut,mag10_top1000,0,190,138,138,4561,5254,1939,11754
hypergraph_cut,mag10_top1000,0,190,139,139,4577,5276,1929,11782
hypergraph_cut,mag10_top1000,0,190,140,140,4593,5294,1901,11788
hypergraph_cut,mag10_top1000,0,190,141,141,4608,5317,1892,11817
hypergraph_cut,mag10_top1000,0,190,142,142,4623,5360,1871,11854
hypergraph_cut,mag10_top1000,0,190,143,143,4638,5384,1857,11879
hypergraph_cut,mag10_top1000,0,190,144,144,4653,5404,1847,11904
hypergraph_cut,mag10_top1000,0,190,145,145,4668,5423,1834,11925
hypergraph_cut,mag10_top1000,0,190,146,146,4683,5447,1822,11952
hypergraph_cut,mag10_top1000,0,190,147,147,4698,5468,1805,11971
hypergraph_cut,mag10_top1000,0,190,148,148,4713,5494,1786,11993
hypergraph_cut,mag10_top1000,0,190,149,149,4727,5508,1771,12006
hypergraph_cut,mag10_top1000,0,190,150,150,4741,5523,1758,12022
hypergraph_cut,mag10_top1000,0,190,151,151,4755,5541,1750,12046
hypergraph_cut,mag10_top1000,0,190,152,152,4769,5555,1735,12059
hypergraph_cut,mag10_top1000,0,190,153,153,4783,5577,1723,12083
hypergraph_cut,mag10_top1000,0,190,154,154,4797,5591,1714,12102
hypergraph_cut,mag10_top1000,0,190,155,155,4811,5610,1697,12118
hypergraph_cut,mag10_top1000,0,190,156,156,4825,5627,1685,12137
hypergraph_cut,mag10_top1000,0,190,157,157,4839,5643,1674,12156
hypergraph_cut,mag10_top1000,0,190,158,158,4853,5667,1662,12182
hypergraph_cut,mag10_top1000,0,190,159,159,4867,5700,1650,12217
hypergraph_cut,mag10_top1000,0,190,160,160,4880,5722,1633,12235
hypergraph_cut,mag10_top1000,0,190,161,161,4893,5740,1616,12249
hypergraph_cut,mag10_top1000,0,190,162,162,4906,5758,1602,12266
hypergraph_cut,mag10_top1000,0,190,163,163,4919,5771,1595,12285
hypergraph_cut,mag10_top1000,0,190,164,164,4932,5786,1588,12306
hypergraph_cut,mag10_top1000,0,190,165,165,4945,5802,1578,12325
hypergraph_cut,mag10_top1000,0,190,166,166,4958,5821,1569,12348
hypergraph_cut,mag10_top1000,0,190,167,167,4971,5840,1559,12370
hypergraph_cut,mag10_top1000,0,190,168,168,4983,5854,1552,12389
hypergraph_cut,mag10_top1000,0,190,169,169,4995,5868,1543,12406
hypergraph_cut,mag10_top1000,0,190,170,170,5007,5895,1536,12438
hypergraph_cut,mag10_top1000,0,190,171,171,5019,5910,1514,12443
hypergraph_cut,mag10_top1000,0,190,172,172,5031,5928,1504,12463
hypergraph_cut,mag10_top1000,0,190,173,173,5043,5977,1487,12507
hypergraph_cut,mag10_top1000,0,190,174,174,5055,5992,1479,12526
hypergraph_cut,mag10_top1000,0,190,175,175,5067,6005,1465,12537
hypergraph_cut,mag10_top1000,0,190,176,176,5079,6021,1451,12551
hypergraph_cut,mag10_top1000,0,190,177,177,5091,6041,1437,12569
hypergraph_cut,mag10_top1000,0,190,178,178,5103,6055,1431,12589
hypergraph_cut,mag10_top1000,0,190,179,179,5115,6076,1408,12599
hypergraph_cut,mag10_top1000,0,190,180,180,5127,6091,1395,12613
hypergraph_cut,mag10_top1000,0,190,181,181,5139,6103,1381,12623
hypergraph_cut,mag10_top1000,0,190,182,182,5150,6119,1373,12642
hypergraph_cut,mag10_top1000,0,190,183,183,5161,6132,1366,12659
hypergraph_cut,mag10_top1000,0,190,184,184,5172,6144,1352,12668
hypergraph_cut,mag10_top1000,0,190,185,185,5183,6162,1342,12687
hypergraph_cut,mag10_top1000,0,190,186,186,5194,6176,1334,12704
hypergraph_cut,mag10_top1000,0,190,187,187,5205,6194,1327,12726
hypergraph_cut,mag10_top1000,0,190,188,188,5216,6212,1318,12746
hypergraph_cut,mag10_top1000,0,190,189,189,5227,6225,1312,12764
hypergraph_cut,mag10_top1000,0,190,190,190,5238,6249,1294,12781
hypergraph_cut,mag10_top1000,0,200,0,0,0,0,6555,6555
hypergraph_cut,mag10_top1000,0,200,1,1,120,120,6420,6660
hypergraph_cut,mag10_top1000,0,200,2,2,210,211,6323,6744
hypergraph_cut,mag10_top1000,0,200,3,3,296,297,6208,6801
hypergraph_cut,mag10_top1000,0,200,4,4,374,375,6119,6868
hypergraph_cut,mag10_top1000,0,200,5,5,447,448,6053,6948
hypergraph_cut,mag10_top1000,0,200,6,6,518,521,5970,7009
hypergraph_cut,mag10_top1000,0,200,7,7,585,602,5906,7093
hypergraph_cut,mag10_top1000,0,200,8,8,651,670,5836,7157
hypergraph_cut,mag10_top1000,0,200,9,9,715,734,5774,7223
hypergraph_cut,mag10_top1000,0,200,10,10,777,801,5681,7259
hypergraph_cut,mag10_top1000,0,200,11,11,838,862,5628,7328
hypergraph_cut,mag10_top1000,0,200,12,12,897,929,5566,7392
hypergraph_cut,mag10_top1000,0,200,13,13,955,989,5511,7455
hypergraph_cut,mag10_top1000,0,200,14,14,1013,1048,5449,7510
hypergraph_cut,mag10_top1000,0,200,15,15,1070,1126,5390,7586
hypergraph_cut,mag10_top1000,0,200,16,16,1126,1182,5323,7631
hypergraph_cut,mag10_top1000,0,200,17,17,1180,1238,5255,7673
hypergraph_cut,mag10_top1000,0,200,18,18,1232,1291,5197,7720
hypergraph_cut,mag10_top1000,0,200,19,19,1284,1344,5150,7778
hypergraph_cut,mag10_top1000,0,200,20,20,1335,1397,5108,7840
hypergraph_cut,mag10_top1000,0,200,21,21,1384,1446,5065,7895
hypergraph_cut,mag10_top1000,0,200,22,22,1433,1495,5015,7943
hypergraph_cut,mag10_top1000,0,200,23,23,1481,1543,4965,7989
hypergraph_cut,mag10_top1000,0,200,24,24,1529,1595,4924,8048
hypergraph_cut,mag10_top1000,0,200,25,25,1577,1643,4877,8097
hypergraph_cut,mag10_top1000,0,200,26,26,1624,1706,4842,8172
hypergraph_cut,mag10_top1000,0,200,27,27,1671,1754,4801,8226
hypergraph_cut,mag10_top1000,0,200,28,28,1718,1802,4765,8285
hypergraph_cut,mag10_top1000,0,200,29,29,1764,1851,4717,8332
hypergraph_cut,mag10_top1000,0,200,30,30,1810,1901,4672,8383
hypergraph_cut,mag10_top1000,0,200,31,31,1855,1952,4630,8437
hypergraph_cut,mag10_top1000,0,200,32,32,1900,2014,4577,8491
hypergraph_cut,mag10_top1000,0,200,33,33,1945,2059,4536,8540
hypergraph_cut,mag10_top1000,0,200,34,34,1989,2107,4489,8585
hypergraph_cut,mag10_top1000,0,200,35,35,2033,2152,4442,8627
hypergraph_cut,mag10_top1000,0,200,36,36,2075,2195,4399,8669
hypergraph_cut,mag10_top1000,0,200,37,37,2115,2242,4363,8720
hypergraph_cut,mag10_top1000,0,200,38,38,2154,2298,4331,8783
hypergraph_cut,mag10_top1000,0,200,39,39,2193,2338,4284,8815
hypergraph_cut,mag10_top1000,0,200,40,40,2232,2378,4249,8859
hypergraph_cut,mag10_top1000,0,200,41,41,2270,2416,4207,8893
hypergraph_cut,mag10_top1000,0,200,42,42,2308,2455,4165,8928
hypergraph_cut,mag10_top1000,0,200,43,43,2346,2493,4119,8958
hypergraph_cut,mag10_top1000,0,200,44,44,2383,2539,4084,9006
hypergraph_cut,mag10_top1000,0,200,45,45,2419,2582,4051,9052
hypergraph_cut,mag10_top1000,0,200,46,46,2454,2618,4020,9092
hypergraph_cut,mag10_top1000,0,200,47,47,2489,2659,3989,9137
hypergraph_cut,mag10_top1000,0,200,48,48,2524,2702,3955,9181
hypergraph_cut,mag10_top1000,0,200,49,49,2559,2749,3918,9226
hypergraph_cut,mag10_top1000,0,200,50,50,2594,2786,3891,9271
hypergraph_cut,mag10_top1000,0,200,51,51,2627,2825,3858,9310
hypergraph_cut,mag10_top1000,0,200,52,52,2660,2874,3830,9364
hypergraph_cut,mag10_top1000,0,200,53,53,2693,2909,3792,9394
hypergraph_cut,mag10_top1000,0,200,54,54,2725,2944,3749,9418
hypergraph_cut,mag10_top1000,0,200,55,55,2756,2984,3720,9460
hypergraph_cut,mag10_top1000,0,200,56,56,2786,3018,3689,9493
hypergraph_cut,mag10_top1000,0,200,57,57,2816,3057,3667,9540
hypergraph_cut,mag10_top1000,0,200,58,58,2846,3090,3643,9579
hypergraph_cut,mag10_top1000,0,200,59,59,2875,3121,3621,9617
hypergraph_cut,mag10_top1000,0,200,60,60,2904,3155,3595,9654
hypergraph_cut,mag10_top1000,0,200,61,61,2932,3199,3570,9701
hypergraph_cut,mag10_top1000,0,200,62,62,2960,3229,3553,9742
hypergraph_cut,mag10_top1000,0,200,63,63,2988,3260,3522,9770
hypergraph_cut,mag10_top1000,0,200,64,64,3016,3292,3486,9794
hypergraph_cut,mag10_top1000,0,200,65,65,3043,3321,3458,9822
hypergraph_cut,mag10_top1000,0,200,66,66,3070,3349,3436,9855
hypergraph_cut,mag10_top1000,0,200,67,67,3097,3376,3418,9891
hypergraph_cut,mag10_top1000,0,200,68,68,3124,3404,3390,9918
hypergraph_cut,mag10_top1000,0,200,69,69,3151,3434,3357,9942
hypergraph_cut,mag10_top1000,0,200,70,70,3177,3476,3328,9981
hypergraph_cut,mag10_top1000,0,200,71,71,3203,3515,3306,10024
hypergraph_cut,mag10_top1000,0,200,72,72,3229,3547,3283,10059
hypergraph_cut,mag10_top1000,0,200,73,73,3254,3576,3249,10079
hypergraph_cut,mag10_top1000,0,200,74,74,3279,3601,3229,10109
hypergraph_cut,mag10_top1000,0,200,75,75,3304,3630,3202,10136
hypergraph_cut,mag10_top1000,0,200,76,76,3329,3656,3182,10167
hypergraph_cut,mag10_top1000,0,200,77,77,3354,3688,3159,10201
hypergraph_cut,mag10_top1000,0,200,78,78,3379,3720,3121,10220
hypergraph_cut,mag10_top1000,0,200,79,79,3403,3746,3101,10250
hypergraph_cut,mag10_top1000,0,200,80,80,3427,3770,3077,10274
hypergraph_cut,mag10_top1000,0,200,81,81,3451,3796,3053,10300
hypergraph_cut,mag10_top1000,0,200,82,82,3475,3834,3023,10332
hypergraph_cut,mag10_top1000,0,200,83,83,3499,3865,3000,10364
hypergraph_cut,mag10_top1000,0,200,84,84,3522,3896,2976,10394
hypergraph_cut,mag10_top1000,0,200,85,85,3545,3928,2959,10432
hypergraph_cut,mag10_top1000,0,200,86,86,3568,3954,2932,10454
hypergraph_cut,mag10_top1000,0,200,87,87,3591,4006,2907,10504
hypergraph_cut,mag10_top1000,0,200,88,88,3614,4033,2889,10536
hypergraph_cut,mag10_top1000,0,200,89,89,3637,4060,2868,10565
hypergraph_cut,mag10_top1000,0,200,90,90,3660,4083,2854,10597
hypergraph_cut,mag10_top1000,0,200,91,91,3682,4122,2830,10634
hypergraph_cut,mag10_top1000,0,200,92,92,3704,4146,2812,10662
hypergraph_cut,mag10_top1000,0,200,93,93,3726,4169,2797,10692
hypergraph_cut,mag10_top1000,0,200,94,94,3748,4192,2777,10717
hypergraph_cut,mag10_top1000,0,200,95,95,3770,4231,2761,10762
hypergraph_cut,mag10_top1000,0,200,96,96,3792,4253,2740,10785
hypergraph_cut,mag10_top1000,0,200,97,97,3814,4287,2720,10821
hypergraph_cut,mag10_top1000,0,200,98,98,3836,4309,2700,10845
hypergraph_cut,mag10_top1000,0,200,99,99,3858,4335,2678,10871
hypergraph_cut,mag10_top1000,0,200,100,100,3879,4374,2663,10916
hypergraph_cut,mag10_top1000,0,200,101,101,3900,4412,2633,10945
hypergraph_cut,mag10_top1000,0,200,102,102,3920,4436,2614,10970
hypergraph_cut,mag10_top1000,0,200,103,103,3940,4458,2597,10995
hypergraph_cut,mag10_top1000,0,200,104,104,3960,4479,2580,11019
hypergraph_cut,mag10_top1000,0,200,105,105,3980,4500,2565,11045
hypergraph_cut,mag10_top1000,0,200,106,106,4000,4523,2551,11074
hypergraph_cut,mag10_top1000,0,200,107,107,4020,4544,2531,11095
hypergraph_cut,mag10_top1000,0,200,108,108,4040,4564,2512,11116
hypergraph_cut,mag10_top1000,0,200,109,109,4059,4584,2499,11142
hypergraph_cut,mag10_top1000,0,200,110,110,4078,4603,2478,11159
hypergraph_cut,mag10_top1000,0,200,111,111,4097,4625,2461,11183
hypergraph_cut,mag10_top1000,0,200,112,112,4115,4643,2447,11205
hypergraph_cut,mag10_top1000,0,200,113,113,4133,4664,2431,11228
hypergraph_cut,mag10_top1000,0,200,114,114,4151,4683,2414,11248
hypergraph_cut,mag10_top1000,0,200,115,115,4169,4704,2396,11269
hypergraph_cut,mag10_top1000,0,200,116,116,4187,4750,2377,11314
hypergraph_cut,mag10_top1000,0,200,117,117,4205,4769,2356,11330
hypergraph_cut,mag10_top1000,0,200,118,118,4223,4787,2341,11351
hypergraph_cut,mag10_top1000,0,200,119,119,4241,4806,2324,11371
hypergraph_cut,mag10_top1000,0,200,120,120,4259,4834,2306,11399
hypergraph_cut,mag10_top1000,0,200,121,121,4277,4858,2281,11416
hypergraph_cut,mag10_top1000,0,200,122,122,4294,4880,2266,11440
hypergraph_cut,mag10_top1000,0,200,123,123,4311,4912,2253,11476
hypergraph_cut,mag10_top1000,0,200,124,124,4328,4933,2234,11495
hypergraph_cut,mag10_top1000,0,200,125,125,4345,4967,2220,11532
hypergraph_cut,mag10_top1000,0,200,126,126,4362,4988,2207,11557
hypergraph_cut,mag10_top1000,0,200,127,127,4379,5008,2197,11584
hypergraph_cut,mag10_top1000,0,200,128,128,4396,5025,2181,11602
hypergraph_cut,mag10_top1000,0,200,129,129,4413,5044,2169,11626
hypergraph_cut,mag10_top1000,0,200,130,130,4430,5069,2155,11654
hypergraph_cut,mag10_top1000,0,200,131,131,4447,5089,2143,11679
hypergraph_cut,mag10_top1000,0,200,132,132,4464,5115,2123,11702
hypergraph_cut,mag10_top1000,0,200,133,133,4481,5133,2097,11711
hypergraph_cut,mag10_top1000,0,200,134,134,4497,5149,2076,11722
hypergraph_cut,mag10_top1000,0,200,135,135,4513,5168,2060,11741
hypergraph_cut,mag10_top1000,0,200,136,136,4529,5189,2042,11760
hypergraph_cut,mag10_top1000,0,200,137,137,4545,5229,2028,11802
hypergraph_cut,mag10_top1000,0,200,138,138,4561,5254,2009,11824
hypergraph_cut,mag10_top1000,0,200,139,139,4577,5276,1999,11852
hypergraph_cut,mag10_top1000,0,200,140,140,4593,5294,1971,11858
hypergraph_cut,mag10_top1000,0,200,141,141,4608,5317,1962,11887
hypergraph_cut,mag10_top1000,0,200,142,142,4623,5360,1935,11918
hypergraph_cut,mag10_top1000,0,200,143,143,4638,5384,1922,11944
hypergraph_cut,mag10_top1000,0,200,144,144,4653,5404,1907,11964
hypergraph_cut,mag10_top1000,0,200,145,145,4668,5423,1894,11985
hypergraph_cut,mag10_top1000,0,200,146,146,4683,5447,1882,12012
hypergraph_cut,mag10_top1000,0,200,147,147,4698,5468,1865,12031
hypergraph_cut,mag10_top1000,0,200,148,148,4713,5494,1846,12053
hypergraph_cut,mag10_top1000,0,200,149,149,4727,5508,1831,12066
hypergraph_cut,mag10_top1000,0,200,150,150,4741,5523,1818,12082
hypergraph_cut,mag10_top1000,0,200,151,151,4755,5541,1810,12106
hypergraph_cut,mag10_top1000,0,200,152,152,4769,5555,1795,12119
hypergraph_cut,mag10_top1000,0,200,153,153,4783,5577,1783,12143
hypergraph_cut,mag10_top1000,0,200,154,154,4797,5591,1774,12162
hypergraph_cut,mag10_top1000,0,200,155,155,4811,5610,1757,12178
hypergraph_cut,mag10_top1000,0,200,156,156,4825,5627,1745,12197
hypergraph_cut,mag10_top1000,0,200,157,157,4839,5643,1734,12216
hypergraph_cut,mag10_top1000,0,200,158,158,4853,5667,1722,12242
hypergraph_cut,mag10_top1000,0,200,159,159,4867,5700,1710,12277
hypergraph_cut,mag10_top1000,0,200,160,160,4880,5722,1693,12295
hypergraph_cut,mag10_top1000,0,200,161,161,4893,5740,1676,12309
hypergraph_cut,mag10_top1000,0,200,162,162,4906,5758,1662,12326
hypergraph_cut,mag10_top1000,0,200,163,163,4919,5771,1655,12345
hypergraph_cut,mag10_top1000,0,200,164,164,4932,5786,1648,12366
hypergraph_cut,mag10_top1000,0,200,165,165,4945,5802,1638,12385
hypergraph_cut,mag10_top1000,0,200,166,166,4958,5821,1629,12408
hypergraph_cut,mag10_top1000,0,200,167,167,4971,5840,1615,12426
hypergraph_cut,mag10_top1000,0,200,168,168,4983,5854,1607,12444
hypergraph_cut,mag10_top1000,0,200,169,169,4995,5868,1595,12458
hypergraph_cut,mag10_top1000,0,200,170,170,5007,5895,1586,12488
hypergraph_cut,mag10_top1000,0,200,171,171,5019,5910,1564,12493
hypergraph_cut,mag10_top1000,0,200,172,172,5031,5928,1554,12513
hypergraph_cut,mag10_top1000,0,200,173,173,5043,5977,1537,12557
hypergraph_cut,mag10_top1000,0,200,174,174,5055,5992,1529,12576
hypergraph_cut,mag10_top1000,0,200,175,175,5067,6005,1515,12587
hypergraph_cut,mag10_top1000,0,200,176,176,5079,6021,1501,12601
hypergraph_cut,mag10_top1000,0,200,177,177,5091,6041,1487,12619
hypergraph_cut,mag10_top1000,0,200,178,178,5103,6055,1481,12639
hypergraph_cut,mag10_top1000,0,200,179,179,5115,6076,1458,12649
hypergraph_cut,mag10_top1000,0,200,180,180,5127,6091,1445,12663
hypergraph_cut,mag10_top1000,0,200,181,181,5139,6103,1431,12673
hypergraph_cut,mag10_top1000,0,200,182,182,5150,6119,1423,12692
hypergraph_cut,mag10_top1000,0,200,183,183,5161,6132,1416,12709
hypergraph_cut,mag10_top1000,0,200,184,184,5172,6144,1402,12718
hypergraph_cut,mag10_top1000,0,200,185,185,5183,6162,1392,12737
hypergraph_cut,mag10_top1000,0,200,186,186,5194,6176,1383,12753
hypergraph_cut,mag10_top1000,0,200,187,187,5205,6194,1372,12771
hypergraph_cut,mag10_top1000,0,200,188,188,5216,6212,1358,12786
hypergraph_cut,mag10_top1000,0,200,189,189,5227,6225,1352,12804
hypergraph_cut,mag10_top1000,0,200,190,190,5238,6249,1334,12821
hypergraph_cut,mag10_top1000,0,200,191,191,5249,6262,1326,12837
hypergraph_cut,mag10_top1000,0,200,192,192,5260,6284,1321,12865
hypergraph_cut,mag10_top1000,0,200,193,193,5271,6295,1309,12875
hypergraph_cut,mag10_top1000,0,200,194,194,5282,6328,1294,12904
hypergraph_cut,mag10_top1000,0,200,195,195,5293,6350,1286,12929
hypergraph_cut,mag10_top1000,0,200,196,196,5303,6366,1278,12947
hypergraph_cut,mag10_top1000,0,200,197,197,5313,6376,1275,12964
hypergraph_cut,mag10_top1000,0,200,198,198,5323,6392,1265,12980
hypergraph_cut,mag10_top1000,0,200,199,199,5333,6408,1255,12996
hypergraph_cut,mag10_top1000,0,200,200,200,5343,6425,1240,13008
hypergraph_cut,mag10_top1000,0,210,0,0,0,0,6745,6745
hypergraph_cut,mag10_top1000,0,210,1,1,120,120,6610,6850
hypergraph_cut,mag10_top1000,0,210,2,2,210,211,6513,6934
hypergraph_cut,mag10_top1000,0,210,3,3,296,297,6392,6985
hypergraph_cut,mag10_top1000,0,210,4,4,374,375,6299,7048
hypergraph_cut,mag10_top1000,0,210,5,5,447,448,6233,7128
hypergraph_cut,mag10_top1000,0,210,6,6,518,521,6150,7189
hypergraph_cut,mag10_top1000,0,210,7,7,585,602,6086,7273
hypergraph_cut,mag10_top1000,0,210,8,8,651,670,6016,7337
hypergraph_cut,mag10_top1000,0,210,9,9,715,734,5954,7403
hypergraph_cut,mag10_top1000,0,210,10,10,777,801,5861,7439
hypergraph_cut,mag10_top1000,0,210,11,11,838,862,5808,7508
hypergraph_cut,mag10_top1000,0,210,12,12,897,929,5746,7572
hypergraph_cut,mag10_top1000,0,210,13,13,955,989,5688,7632
hypergraph_cut,mag10_top1000,0,210,14,14,1013,1048,5621,7682
hypergraph_cut,mag10_top1000,0,210,15,15,1070,1126,5560,7756
hypergraph_cut,mag10_top1000,0,210,16,16,1126,1182,5493,7801
hypergraph_cut,mag10_top1000,0,210,17,17,1180,1238,5425,7843
hypergraph_cut,mag10_top1000,0,210,18,18,1232,1291,5367,7890
hypergraph_cut,mag10_top1000,0,210,19,19,1284,1344,5320,7948
hypergraph_cut,mag10_top1000,0,210,20,20,1335,1397,5278,8010
hypergraph_cut,mag10_top1000,0,210,21,21,1384,1446,5233,8063
hypergraph_cut,mag10_top1000,0,210,22,22,1433,1495,5179,8107
hypergraph_cut,mag10_top1000,0,210,23,23,1481,1543,5125,8149
hypergraph_cut,mag10_top1000,0,210,24,24,1529,1595,5084,8208
hypergraph_cut,mag10_top1000,0,210,25,25,1577,1643,5037,8257
hypergraph_cut,mag10_top1000,0,210,26,26,1624,1706,5002,8332
hypergraph_cut,mag10_top1000,0,210,27,27,1671,1754,4961,8386
hypergraph_cut,mag10_top1000,0,210,28,28,1718,1802,4925,8445
hypergraph_cut,mag10_top1000,0,210,29,29,1764,1851,4877,8492
hypergraph_cut,mag10_top1000,0,210,30,30,1810,1901,4832,8543
hypergraph_cut,mag10_top1000,0,210,31,31,1855,1952,4783,8590
hypergraph_cut,mag10_top1000,0,210,32,32,1900,2014,4727,8641
hypergraph_cut,mag10_top1000,0,210,33,33,1945,2059,4686,8690
hypergraph_cut,mag10_top1000,0,210,34,34,1989,2107,4639,8735
hypergraph_cut,mag10_top1000,0,210,35,35,2033,2152,4592,8777
hypergraph_cut,mag10_top1000,0,210,36,36,2075,2195,4549,8819
hypergraph_cut,mag10_top1000,0,210,37,37,2115,2242,4513,8870
hypergraph_cut,mag10_top1000,0,210,38,38,2154,2298,4481,8933
hypergraph_cut,mag10_top1000,0,210,39,39,2193,2338,4430,8961
hypergraph_cut,mag10_top1000,0,210,40,40,2232,2378,4390,9000
hypergraph_cut,mag10_top1000,0,210,41,41,2270,2416,4347,9033
hypergraph_cut,mag10_top1000,0,210,42,42,2308,2455,4305,9068
hypergraph_cut,mag10_top1000,0,210,43,43,2346,2493,4259,9098
hypergraph_cut,mag10_top1000,0,210,44,44,2383,2539,4224,9146
hypergraph_cut,mag10_top1000,0,210,45,45,2419,2582,4191,9192
hypergraph_cut,mag10_top1000,0,210,46,46,2454,2618,4160,9232
hypergraph_cut,mag10_top1000,0,210,47,47,2489,2659,4129,9277
hypergraph_cut,mag10_top1000,0,210,48,48,2524,2702,4095,9321
hypergraph_cut,mag10_top1000,0,210,49,49,2559,2749,4055,9363
hypergraph_cut,mag10_top1000,0,210,50,50,2594,2786,4024,9404
hypergraph_cut,mag10_top1000,0,210,51,51,2627,2825,3988,9440
hypergraph_cut,mag10_top1000,0,210,52,52,2660,2874,3960,9494
hypergraph_cut,mag10_top1000,0,210,53,53,2693,2909,3922,9524
hypergraph_cut,mag10_top1000,0,210,54,54,2725,2944,3879,9548
hypergraph_cut,mag10_top1000,0,210,55,55,2756,2984,3850,9590
hypergraph_cut,mag10_top1000,0,210,56,56,2786,3018,3819,9623
hypergraph_cut,mag10_top1000,0,210,57,57,2816,3057,3797,9670
hypergraph_cut,mag10_top1000,0,210,58,58,2846,3090,3773,9709
hypergraph_cut,mag10_top1000,0,210,59,59,2875,3121,3750,9746
hypergraph_cut,mag10_top1000,0,210,60,60,2904,3155,3723,9782
hypergraph_cut,mag10_top1000,0,210,61,61,2932,3199,3695,9826
hypergraph_cut,mag10_top1000,0,210,62,62,2960,3229,3674,9863
hypergraph_cut,mag10_top1000,0,210,63,63,2988,3260,3642,9890
hypergraph_cut,mag10_top1000,0,210,64,64,3016,3292,3606,9914
hypergraph_cut,mag10_top1000,0,210,65,65,3043,3321,3578,9942
hypergraph_cut,mag10_top1000,0,210,66,66,3070,3349,3556,9975
hypergraph_cut,mag10_top1000,0,210,67,67,3097,3376,3538,10011
hypergraph_cut,mag10_top1000,0,210,68,68,3124,3404,3510,10038
hypergraph_cut,mag10_top1000,0,210,69,69,3151,3434,3477,10062
hypergraph_cut,mag10_top1000,0,210,70,70,3177,3476,3448,10101
hypergraph_cut,mag10_top1000,0,210,71,71,3203,3515,3426,10144
hypergraph_cut,mag10_top1000,0,210,72,72,3229,3547,3402,10178
hypergraph_cut,mag10_top1000,0,210,73,73,3254,3576,3365,10195
hypergraph_cut,mag10_top1000,0,210,74,74,3279,3601,3343,10223
hypergraph_cut,mag10_top1000,0,210,75,75,3304,3630,3312,10246
hypergraph_cut,mag10_top1000,0,210,76,76,3329,3656,3292,10277
hypergraph_cut,mag10_top1000,0,210,77,77,3354,3688,3269,10311
hypergraph_cut,mag10_top1000,0,210,78,78,3379,3720,3231,10330
hypergraph_cut,mag10_top1000,0,210,79,79,3403,3746,3211,10360
hypergraph_cut,mag10_top1000,0,210,80,80,3427,3770,3187,10384
hypergraph_cut,mag10_top1000,0,210,81,81,3451,3796,3163,10410
hypergraph_cut,mag10_top1000,0,210,82,82,3475,3834,3130,10439
hypergraph_cut,mag10_top1000,0,210,83,83,3499,3865,3102,10466
hypergraph_cut,mag10_top1000,0,210,84,84,3522,3896,3076,10494
hypergraph_cut,mag10_top1000,0,210,85,85,3545,3928,3059,10532
hypergraph_cut,mag10_top1000,0,210,86,86,3568,3954,3032,10554
hypergraph_cut,mag10_top1000,0,210,87,87,3591,4006,3007,10604
hypergraph_cut,mag10_top1000,0,210,88,88,3614,4033,2989,10636
hypergraph_cut,mag10_top1000,0,210,89,89,3637,4060,2968,10665
hypergraph_cut,mag10_top1000,0,210,90,90,3660,4083,2954,10697
hypergraph_cut,mag10_top1000,0,210,91,91,3682,4122,2930,10734
hypergraph_cut,mag10_top1000,0,210,92,92,3704,4146,2912,10762
hypergraph_cut,mag10_top1000,0,210,93,93,3726,4169,2897,10792
hypergraph_cut,mag10_top1000,0,210,94,94,3748,4192,2875,10815
hypergraph_cut,mag10_top1000,0,210,95,95,3770,4231,2855,10856
hypergraph_cut,mag10_top1000,0,210,96,96,3792,4253,2833,10878
hypergraph_cut,mag10_top1000,0,210,97,97,3814,4287,2810,10911
hypergraph_cut,mag10_top1000,0,210,98,98,3836,4309,2790,10935
hypergraph_cut,mag10_top1000,0,210,99,99,3858,4335,2768,10961
hypergraph_cut,mag10_top1000,0,210,100,100,3879,4374,2753,11006
hypergraph_cut,mag10_top1000,0,210,101,101,3900,4412,2723,11035
hypergraph_cut,mag10_top1000,0,210,102,102,3920,4436,2704,11060
hypergraph_cut,mag10_top1000,0,210,103,103,3940,4458,2687,11085
hypergraph_cut,mag10_top1000,0,210,104,104,3960,4479,2670,11109
hypergraph_cut,mag10_top1000,0,210,105,105,3980,4500,2655,11135
hypergraph_cut,mag10_top1000,0,210,106,106,4000,4523,2641,11164
hypergraph_cut,mag10_top1000,0,210,107,107,4020,4544,2621,11185
hypergraph_cut,mag10_top1000,0,210,108,108,4040,4564,2602,11206
hypergraph_cut,mag10_top1000,0,210,109,109,4059,4584,2589,11232
hypergraph_cut,mag10_top1000,0,210,110,110,4078,4603,2568,11249
hypergraph_cut,mag10_top1000,0,210,111,111,4097,4625,2547,11269
hypergraph_cut,mag10_top1000,0,210,112,112,4115,4643,2531,11289
hypergraph_cut,mag10_top1000,0,210,113,113,4133,4664,2511,11308
hypergraph_cut,mag10_top1000,0,210,114,114,4151,4683,2494,11328
hypergraph_cut,mag10_top1000,0,210,115,115,4169,4704,2476,11349
hypergraph_cut,mag10_top1000,0,210,116,116,4187,4750,2457,11394
hypergraph_cut,mag10_top1000,0,210,117,117,4205,4769,2436,11410
hypergraph_cut,mag10_top1000,0,210,118,118,4223,4787,2421,11431
hypergraph_cut,mag10_top1000,0,210,119,119,4241,4806,2404,11451
hypergraph_cut,mag10_top1000,0,210,120,120,4259,4834,2386,11479
hypergraph_cut,mag10_top1000,0,210,121,121,4277,4858,2361,11496
hypergraph_cut,mag10_top1000,0,210,122,122,4294,4880,2346,11520
hypergraph_cut,mag10_top1000,0,210,123,123,4311,4912,2333,11556
hypergraph_cut,mag10_top1000,0,210,124,124,4328,4933,2314,11575
hypergraph_cut,mag10_top1000,0,210,125,125,4345,4967,2299,11611
hypergraph_cut,mag10_top1000,0,210,126,126,4362,4988,2284,11634
hypergraph_cut,mag10_top1000,0,210,127,127,4379,5008,2272,11659
hypergraph_cut,mag10_top1000,0,210,128,128,4396,5025,2253,11674
hypergraph_cut,mag10_top1000,0,210,129,129,4413,5044,2241,11698
hypergraph_cut,mag10_top1000,0,210,130,130,4430,5069,2225,11724
hypergraph_cut,mag10_top1000,0,210,131,131,4447,5089,2213,11749
hypergraph_cut,mag10_top1000,0,210,132,132,4464,5115,2193,11772
hypergraph_cut,mag10_top1000,0,210,133,133,4481,5133,2167,11781
hypergraph_cut,mag10_top1000,0,210,134,134,4497,5149,2146,11792
hypergraph_cut,mag10_top1000,0,210,135,135,4513,5168,2130,11811
hypergraph_cut,mag10_top1000,0,210,136,136,4529,5189,2112,11830
hypergraph_cut,mag10_top1000,0,210,137,137,4545,5229,2098,11872
hypergraph_cut,mag10_top1000,0,210,138,138,4561,5254,2079,11894
hypergraph_cut,mag10_top1000,0,210,139,139,4577,5276,2069,11922
hypergraph_cut,mag10_top1000,0,210,140,140,4593,5294,2040,11927
hypergraph_cut,mag10_top1000,0,210,141,141,4608,5317,2027,11952
hypergraph_cut,mag10_top1000,0,210,142,142,4623,5360,1995,11978
hypergraph_cut,mag10_top1000,0,210,143,143,4638,5384,1982,12004
hypergraph_cut,mag10_top1000,0,210,144,144,4653,5404,1967,12024
hypergraph_cut,mag10_top1000,0,210,145,145,4668,5423,1954,12045
hypergraph_cut,mag10_top1000,0,210,146,146,4683,5447,1942,12072
hypergraph_cut,mag10_top1000,0,210,147,147,4698,5468,1925,12091
hypergraph_cut,mag10_top1000,0,210,148,148,4713,5494,1906,12113
hypergraph_cut,mag10_top1000,0,210,149,149,4727,5508,1891,12126
hypergraph_cut,mag10_top1000,0,210,150,150,4741,5523,1878,12142
hypergraph_cut,mag10_top1000,0,210,151,151,4755,5541,1870,12166
hypergraph_cut,mag10_top1000,0,210,152,152,4769,5555,1855,12179
hypergraph_cut,mag10_top1000,0,210,153,153,4783,5577,1843,12203
hypergraph_cut,mag10_top1000,0,210,154,154,4797,5591,1834,12222
hypergraph_cut,mag10_top1000,0,210,155,155,4811,5610,1817,12238
hypergraph_cut,mag10_top1000,0,210,156,156,4825,5627,1805,12257
hypergraph_cut,mag10_top1000,0,210,157,157,4839,5643,1794,12276
hypergraph_cut,mag10_top1000,0,210,158,158,4853,5667,1782,12302
hypergraph_cut,mag10_top1000,0,210,159,159,4867,5700,1770,12337
hypergraph_cut,mag10_top1000,0,210,160,160,4880,5722,1753,12355
hypergraph_cut,mag10_top1000,0,210,161,161,4893,5740,1736,12369
hypergraph_cut,mag10_top1000,0,210,162,162,4906,5758,1722,12386
hypergraph_cut,mag10_top1000,0,210,163,163,4919,5771,1712,12402
hypergraph_cut,mag10_top1000,0,210,164,164,4932,5786,1703,12421
hypergraph_cut,mag10_top1000,0,210,165,165,4945,5802,1692,12439
hypergraph_cut,mag10_top1000,0,210,166,166,4958,5821,1679,12458
hypergraph_cut,mag10_top1000,0,210,167,167,4971,5840,1665,12476
hypergraph_cut,mag10_top1000,0,210,168,168,4983,5854,1657,12494
hypergraph_cut,mag10_top1000,0,210,169,169,4995,5868,1645,12508
hypergraph_cut,mag10_top1000,0,210,170,170,5007,5895,1636,12538
hypergraph_cut,mag10_top1000,0,210,171,171,5019,5910,1614,12543
hypergraph_cut,mag10_top1000,0,210,172,172,5031,5928,1604,12563
hypergraph_cut,mag10_top1000,0,210,173,173,5043,5977,1587,12607
hypergraph_cut,mag10_top1000,0,210,174,174,5055,5992,1579,12626
hypergraph_cut,mag10_top1000,0,210,175,175,5067,6005,1565,12637
hypergraph_cut,mag10_top1000,0,210,176,176,5079,6021,1551,12651
hypergraph_cut,mag10_top1000,0,210,177,177,5091,6041,1537,12669
hypergraph_cut,mag10_top1000,0,210,178,178,5103,6055,1531,12689
hypergraph_cut,mag10_top1000,0,210,179,179,5115,6076,1508,12699
hypergraph_cut,mag10_top1000,0,210,180,180,5127,6091,1494,12712
hypergraph_cut,mag10_top1000,0,210,181,181,5139,6103,1477,12719
hypergraph_cut,mag10_top1000,0,210,182,182,5150,6119,1468,12737
hypergraph_cut,mag10_top1000,0,210,183,183,5161,6132,1460,12753
hypergraph_cut,mag10_top1000,0,210,184,184,5172,6144,1442,12758
hypergraph_cut,mag10_top1000,0,210,185,185,5183,6162,1434,12779
hypergraph_cut,mag10_top1000,0,210,186,186,5194,6176,1423,12793
hypergraph_cut,mag10_top1000,0,210,187,187,5205,6194,1412,12811
hypergraph_cut,mag10_top1000,0,210,188,188,5216,6212,1398,12826
hypergraph_cut,mag10_top1000,0,210,189,189,5227,6225,1392,12844
hypergraph_cut,mag10_top1000,0,210,190,190,5238,6249,1374,12861
hypergraph_cut,mag10_top1000,0,210,191,191,5249,6262,1366,12877
hypergraph_cut,mag10_top1000,0,210,192,192,5260,6284,1361,12905
hypergraph_cut,mag10_top1000,0,210,193,193,5271,6295,1349,12915
hypergraph_cut,mag10_top1000,0,210,194,194,5282,6328,1334,12944
hypergraph_cut,mag10_top1000,0,210,195,195,5293,6350,1326,12969
hypergraph_cut,mag10_top1000,0,210,196,196,5303,6366,1318,12987
hypergraph_cut,mag10_top1000,0,210,197,197,5313,6376,1315,13004
hypergraph_cut,mag10_top1000,0,210,198,198,5323,6392,1305,13020
hypergraph_cut,mag10_top1000,0,210,199,199,5333,6408,1295,13036
hypergraph_cut,mag10_top1000,0,210,200,200,5343,6425,1280,13048
hypergraph_cut,mag10_top1000,0,210,201,201,5353,6435,1268,13056
hypergraph_cut,mag10_top1000,0,210,202,202,5363,6448,1259,13070
hypergraph_cut,mag10_top1000,0,210,203,203,5373,6473,1248,13094
hypergraph_cut,mag10_top1000,0,210,204,204,5383,6484,1233,13100
hypergraph_cut,mag10_top1000,0,210,205,205,5393,6501,1223,13117
hypergraph_cut,mag10_top1000,0,210,206,206,5402,6520,1212,13134
hypergraph_cut,mag10_top1000,0,210,207,207,5411,6535,1189,13135
hypergraph_cut,mag10_top1000,0,210,208,208,5420,6544,1183,13147
hypergraph_cut,mag10_top1000,0,210,209,209,5429,6553,1173,13155
hypergraph_cut,mag10_top1000,0,210,210,210,5438,6572,1166,13176
hypergraph_cut,mag10_top1000,0,220,0,0,0,0,6935,6935
hypergraph_cut,mag10_top1000,0,220,1,1,120,120,6800,7040
hypergraph_cut,mag10_top1000,0,220,2,2,210,211,6701,7122
hypergraph_cut,mag10_top1000,0,220,3,3,296,297,6572,7165
hypergraph_cut,mag10_top1000,0,220,4,4,374,375,6479,7228
hypergraph_cut,mag10_top1000,0,220,5,5,447,448,6413,7308
hypergraph_cut,mag10_top1000,0,220,6,6,518,521,6330,7369
hypergraph_cut,mag10_top1000,0,220,7,7,585,602,6266,7453
hypergraph_cut,mag10_top1000,0,220,8,8,651,670,6196,7517
hypergraph_cut,mag10_top1000,0,220,9,9,715,734,6134,7583
hypergraph_cut,mag10_top1000,0,220,10,10,777,801,6036,7614
hypergraph_cut,mag10_top1000,0,220,11,11,838,862,5981,7681
hypergraph_cut,mag10_top1000,0,220,12,12,897,929,5918,7744
hypergraph_cut,mag10_top1000,0,220,13,13,955,989,5858,7802
hypergraph_cut,mag10_top1000,0,220,14,14,1013,1048,5791,7852
hypergraph_cut,mag10_top1000,0,220,15,15,1070,1126,5730,7926
hypergraph_cut,mag10_top1000,0,220,16,16,1126,1182,5663,7971
hypergraph_cut,mag10_top1000,0,220,17,17,1180,1238,5595,8013
hypergraph_cut,mag10_top1000,0,220,18,18,1232,1291,5535,8058
hypergraph_cut,mag10_top1000,0,220,19,19,1284,1344,5486,8114
hypergraph_cut,mag10_top1000,0,220,20,20,1335,1397,5441,8173
hypergraph_cut,mag10_top1000,0,220,21,21,1384,1446,5393,8223
hypergraph_cut,mag10_top1000,0,220,22,22,1433,1495,5339,8267
hypergraph_cut,mag10_top1000,0,220,23,23,1481,1543,5285,8309
hypergraph_cut,mag10_top1000,0,220,24,24,1529,1595,5244,8368
hypergraph_cut,mag10_top1000,0,220,25,25,1577,1643,5197,8417
hypergraph_cut,mag10_top1000,0,220,26,26,1624,1706,5162,8492
hypergraph_cut,mag10_top1000,0,220,27,27,1671,1754,5121,8546
hypergraph_cut,mag10_top1000,0,220,28,28,1718,1802,5085,8605
hypergraph_cut,mag10_top1000,0,220,29,29,1764,1851,5030,8645
hypergraph_cut,mag10_top1000,0,220,30,30,1810,1901,4983,8694
hypergraph_cut,mag10_top1000,0,220,31,31,1855,1952,4933,8740
hypergraph_cut,mag10_top1000,0,220,32,32,1900,2014,4877,8791
hypergraph_cut,mag10_top1000,0,220,33,33,1945,2059,4836,8840
hypergraph_cut,mag10_top1000,0,220,34,34,1989,2107,4789,8885
hypergraph_cut,mag10_top1000,0,220,35,35,2033,2152,4742,8927
hypergraph_cut,mag10_top1000,0,220,36,36,2075,2195,4699,8969
hypergraph_cut,mag10_top1000,0,220,37,37,2115,2242,4662,9019
hypergraph_cut,mag10_top1000,0,220,38,38,2154,2298,4623,9075
hypergraph_cut,mag10_top1000,0,220,39,39,2193,2338,4570,9101
hypergraph_cut,mag10_top1000,0,220,40,40,2232,2378,4530,9140
hypergraph_cut,mag10_top1000,0,220,41,41,2270,2416,4487,9173
hypergraph_cut,mag10_top1000,0,220,42,42,2308,2455,4445,9208
hypergraph_cut,mag10_top1000,0,220,43,43,2346,2493,4399,9238
hypergraph_cut,mag10_top1000,0,220,44,44,2383,2539,4364,9286
hypergraph_cut,mag10_top1000,0,220,45,45,2419,2582,4331,9332
hypergraph_cut,mag10_top1000,0,220,46,46,2454,2618,4300,9372
hypergraph_cut,mag10_top1000,0,220,47,47,2489,2659,4266,9414
hypergraph_cut,mag10_top1000,0,220,48,48,2524,2702,4229,9455
hypergraph_cut,mag10_top1000,0,220,49,49,2559,2749,4185,9493
hypergraph_cut,mag10_top1000,0,220,50,50,2594,2786,4154,9534
hypergraph_cut,mag10_top1000,0,220,51,51,2627,2825,4118,9570
hypergraph_cut,mag10_top1000,0,220,52,52,2660,2874,4090,9624
hypergraph_cut,mag10_top1000,0,220,53,53,2693,2909,4052,9654
hypergraph_cut,mag10_top1000,0,220,54,54,2725,2944,4009,9678
hypergraph_cut,mag10_top1000,0,220,55,55,2756,2984,3980,9720
hypergraph_cut,mag10_top1000,0,220,56,56,2786,3018,3946,9750
hypergraph_cut,mag10_top1000,0,220,57,57,2816,3057,3921,9794
hypergraph_cut,mag10_top1000,0,220,58,58,2846,3090,3895,9831
hypergraph_cut,mag10_top1000,0,220,59,59,2875,3121,3870,9866
hypergraph_cut,mag10_top1000,0,220,60,60,2904,3155,3843,9902
hypergraph_cut,mag10_top1000,0,220,61,61,2932,3199,3815,9946
hypergraph_cut,mag10_top1000,0,220,62,62,2960,3229,3794,9983
hypergraph_cut,mag10_top1000,0,220,63,63,2988,3260,3762,10010
hypergraph_cut,mag10_top1000,0,220,64,64,3016,3292,3726,10034
hypergraph_cut,mag10_top1000,0,220,65,65,3043,3321,3698,10062
hypergraph_cut,mag10_top1000,0,220,66,66,3070,3349,3676,10095
hypergraph_cut,mag10_top1000,0,220,67,67,3097,3376,3658,10131
hypergraph_cut,mag10_top1000,0,220,68,68,3124,3404,3630,10158
hypergraph_cut,mag10_top1000,0,220,69,69,3151,3434,3597,10182
hypergraph_cut,mag10_top1000,0,220,70,70,3177,3476,3563,10216
hypergraph_cut,mag10_top1000,0,220,71,71,3203,3515,3538,10256
hypergraph_cut,mag10_top1000,0,220,72,72,3229,3547,3512,10288
hypergraph_cut,mag10_top1000,0,220,73,73,3254,3576,3475,10305
hypergraph_cut,mag10_top1000,0,220,74,74,3279,3601,3453,10333
hypergraph_cut,mag10_top1000,0,220,75,75,3304,3630,3422,10356
hypergraph_cut,mag10_top1000,0,220,76,76,3329,3656,3402,10387
hypergraph_cut,mag10_top1000,0,220,77,77,3354,3688,3379,10421
hypergraph_cut,mag10_top1000,0,220,78,78,3379,3720,3341,10440
hypergraph_cut,mag10_top1000,0,220,79,79,3403,3746,3317,10466
hypergraph_cut,mag10_top1000,0,220,80,80,3427,3770,3292,10489
hypergraph_cut,mag10_top1000,0,220,81,81,3451,3796,3264,10511
hypergraph_cut,mag10_top1000,0,220,82,82,3475,3834,3230,10539
hypergraph_cut,mag10_top1000,0,220,83,83,3499,3865,3202,10566
hypergraph_cut,mag10_top1000,0,220,84,84,3522,3896,3176,10594
hypergraph_cut,mag10_top1000,0,220,85,85,3545,3928,3159,10632
hypergraph_cut,mag10_top1000,0,220,86,86,3568,3954,3132,10654
hypergraph_cut,mag10_top1000,0,220,87,87,3591,4006,3107,10704
hypergraph_cut,mag10_top1000,0,220,88,88,3614,4033,3089,10736
hypergraph_cut,mag10_top1000,0,220,89,89,3637,4060,3068,10765
hypergraph_cut,mag10_top1000,0,220,90,90,3660,4083,3053,10796
hypergraph_cut,mag10_top1000,0,220,91,91,3682,4122,3025,10829
hypergraph_cut,mag10_top1000,0,220,92,92,3704,4146,3005,10855
hypergraph_cut,mag10_top1000,0,220,93,93,3726,4169,2988,10883
hypergraph_cut,mag10_top1000,0,220,94,94,3748,4192,2965,10905
hypergraph_cut,mag10_top1000,0,220,95,95,3770,4231,2945,10946
hypergraph_cut,mag10_top1000,0,220,96,96,3792,4253,2923,10968
hypergraph_cut,mag10_top1000,0,220,97,97,3814,4287,2900,11001
hypergraph_cut,mag10_top1000,0,220,98,98,3836,4309,2880,11025
hypergraph_cut,mag10_top1000,0,220,99,99,3858,4335,2858,11051
hypergraph_cut,mag10_top1000,0,220,100,100,3879,4374,2843,11096
hypergraph_cut,mag10_top1000,0,220,101,101,3900,4412,2813,11125
hypergraph_cut,mag10_top1000,0,220,102,102,3920,4436,2794,11150
hypergraph_cut,mag10_top1000,0,220,103,103,3940,4458,2777,11175
hypergraph_cut,mag10_top1000,0,220,104,104,3960,4479,2760,11199
hypergraph_cut,mag10_top1000,0,220,105,105,3980,4500,2745,11225
hypergraph_cut,mag10_top1000,0,220,106,106,4000,4523,2731,11254
hypergraph_cut,mag10_top1000,0,220,107,107,4020,4544,2710,11274
hypergraph_cut,mag10_top1000,0,220,108,108,4040,4564,2691,11295
hypergraph_cut,mag10_top1000,0,220,109,109,4059,4584,2674,11317
hypergraph_cut,mag10_top1000,0,220,110,110,4078,4603,2651,11332
hypergraph_cut,mag10_top1000,0,220,111,111,4097,4625,2627,11349
hypergraph_cut,mag10_top1000,0,220,112,112,4115,4643,2611,11369
hypergraph_cut,mag10_top1000,0,220,113,113,4133,4664,2591,11388
hypergraph_cut,mag10_top1000,0,220,114,114,4151,4683,2574,11408
hypergraph_cut,mag10_top1000,0,220,115,115,4169,4704,2556,11429
hypergraph_cut,mag10_top1000,0,220,116,116,4187,4750,2537,11474
hypergraph_cut,mag10_top1000,0,220,117,117,4205,4769,2516,11490
hypergraph_cut,mag10_top1000,0,220,118,118,4223,4787,2501,11511
hypergraph_cut,mag10_top1000,0,220,119,119,4241,4806,2484,11531
hypergraph_cut,mag10_top1000,0,220,120,120,4259,4834,2466,11559
hypergraph_cut,mag10_top1000,0,220,121,121,4277,4858,2441,11576
hypergraph_cut,mag10_top1000,0,220,122,122,4294,4880,2426,11600
hypergraph_cut,mag10_top1000,0,220,123,123,4311,4912,2413,11636
hypergraph_cut,mag10_top1000,0,220,124,124,4328,4933,2390,11651
hypergraph_cut,mag10_top1000,0,220,125,125,4345,4967,2369,11681
hypergraph_cut,mag10_top1000,0,220,126,126,4362,4988,2354,11704
hypergraph_cut,mag10_top1000,0,220,127,127,4379,5008,2342,11729
hypergraph_cut,mag10_top1000,0,220,128,128,4396,5025,2323,11744
hypergraph_cut,mag10_top1000,0,220,129,129,4413,5044,2311,11768
hypergraph_cut,mag10_top1000,0,220,130,130,4430,5069,2295,11794
hypergraph_cut,mag10_top1000,0,220,131,131,4447,5089,2283,11819
hypergraph_cut,mag10_top1000,0,220,132,132,4464,5115,2263,11842
hypergraph_cut,mag10_top1000,0,220,133,133,4481,5133,2237,11851
hypergraph_cut,mag10_top1000,0,220,134,134,4497,5149,2216,11862
hypergraph_cut,mag10_top1000,0,220,135,135,4513,5168,2200,11881
hypergraph_cut,mag10_top1000,0,220,136,136,4529,5189,2182,11900
hypergraph_cut,mag10_top1000,0,220,137,137,4545,5229,2164,11938
hypergraph_cut,mag10_top1000,0,220,138,138,4561,5254,2145,11960
hypergraph_cut,mag10_top1000,0,220,139,139,4577,5276,2131,11984
hypergraph_cut,mag10_top1000,0,220,140,140,4593,5294,2100,11987
hypergraph_cut,mag10_top1000,0,220,141,141,4608,5317,2087,12012
hypergraph_cut,mag10_top1000,0,220,142,142,4623,5360,2055,12038
hypergraph_cut,mag10_top1000,0,220,143,143,4638,5384,2042,12064
hypergraph_cut,mag10_top1000,0,220,144,144,4653,5404,2027,12084
hypergraph_cut,mag10_top1000,0,220,145,145,4668,5423,2014,12105
hypergraph_cut,mag10_top1000,0,220,146,146,4683,5447,2002,12132
hypergraph_cut,mag10_top1000,0,220,147,147,4698,5468,1985,12151
hypergraph_cut,mag10_top1000,0,220,148,148,4713,5494,1966,12173
hypergraph_cut,mag10_top1000,0,220,149,149,4727,5508,1951,12186
hypergraph_cut,mag10_top1000,0,220,150,150,4741,5523,1938,12202
hypergraph_cut,mag10_top1000,0,220,151,151,4755,5541,1930,12226
hypergraph_cut,mag10_top1000,0,220,152,152,4769,5555,1915,12239
hypergraph_cut,mag10_top1000,0,220,153,153,4783,5577,1903,12263
hypergraph_cut,mag10_top1000,0,220,154,154,4797,5591,1894,12282
hypergraph_cut,mag10_top1000,0,220,155,155,4811,5610,1877,12298
hypergraph_cut,mag10_top1000,0,220,156,156,4825,5627,1865,12317
hypergraph_cut,mag10_top1000,0,220,157,157,4839,5643,1854,12336
hypergraph_cut,mag10_top1000,0,220,158,158,4853,5667,1842,12362
hypergraph_cut,mag10_top1000,0,220,159,159,4867,5700,1830,12397
hypergraph_cut,mag10_top1000,0,220,160,160,4880,5722,1811,12413
hypergraph_cut,mag10_top1000,0,220,161,161,4893,5740,1790,12423
hypergraph_cut,mag10_top1000,0,220,162,162,4906,5758,1772,12436
hypergraph_cut,mag10_top1000,0,220,163,163,4919,5771,1762,12452
hypergraph_cut,mag10_top1000,0,220,164,164,4932,5786,1753,12471
hypergraph_cut,mag10_top1000,0,220,165,165,4945,5802,1742,12489
hypergraph_cut,mag10_top1000,0,220,166,166,4958,5821,1729,12508
hypergraph_cut,mag10_top1000,0,220,167,167,4971,5840,1715,12526
hypergraph_cut,mag10_top1000,0,220,168,168,4983,5854,1707,12544
hypergraph_cut,mag10_top1000,0,220,169,169,4995,5868,1695,12558
hypergraph_cut,mag10_top1000,0,220,170,170,5007,5895,1686,12588
hypergraph_cut,mag10_top1000,0,220,171,171,5019,5910,1664,12593
hypergraph_cut,mag10_top1000,0,220,172,172,5031,5928,1654,12613
hypergraph_cut,mag10_top1000,0,220,173,173,5043,5977,1637,12657
hypergraph_cut,mag10_top1000,0,220,174,174,5055,5992,1629,12676
hypergraph_cut,mag10_top1000,0,220,175,175,5067,6005,1615,12687
hypergraph_cut,mag10_top1000,0,220,176,176,5079,6021,1601,12701
hypergraph_cut,mag10_top1000,0,220,177,177,5091,6041,1585,12717
hypergraph_cut,mag10_top1000,0,220,178,178,5103,6055,1579,12737
hypergraph_cut,mag10_top1000,0,220,179,179,5115,6076,1549,12740
hypergraph_cut,mag10_top1000,0,220,180,180,5127,6091,1534,12752
hypergraph_cut,mag10_top1000,0,220,181,181,5139,6103,1517,12759
hypergraph_cut,mag10_top1000,0,220,182,182,5150,6119,1508,12777
hypergraph_cut,mag10_top1000,0,220,183,183,5161,6132,1500,12793
hypergraph_cut,mag10_top1000,0,220,184,184,5172,6144,1482,12798
hypergraph_cut,mag10_top1000,0,220,185,185,5183,6162,1474,12819
hypergraph_cut,mag10_top1000,0,220,186,186,5194,6176,1463,12833
hypergraph_cut,mag10_top1000,0,220,187,187,5205,6194,1452,12851
hypergraph_cut,mag10_top1000,0,220,188,188,5216,6212,1438,12866
hypergraph_cut,mag10_top1000,0,220,189,189,5227,6225,1432,12884
hypergraph_cut,mag10_top1000,0,220,190,190,5238,6249,1414,12901
hypergraph_cut,mag10_top1000,0,220,191,191,5249,6262,1406,12917
hypergraph_cut,mag10_top1000,0,220,192,192,5260,6284,1401,12945
hypergraph_cut,mag10_top1000,0,220,193,193,5271,6295,1389,12955
hypergraph_cut,mag10_top1000,0,220,194,194,5282,6328,1374,12984
hypergraph_cut,mag10_top1000,0,220,195,195,5293,6350,1366,13009
hypergraph_cut,mag10_top1000,0,220,196,196,5303,6366,1358,13027
hypergraph_cut,mag10_top1000,0,220,197,197,5313,6376,1355,13044
hypergraph_cut,mag10_top1000,0,220,198,198,5323,6392,1345,13060
hypergraph_cut,mag10_top1000,0,220,199,199,5333,6408,1335,13076
hypergraph_cut,mag10_top1000,0,220,200,200,5343,6425,1315,13083
hypergraph_cut,mag10_top1000,0,220,201,201,5353,6435,1299,13087
hypergraph_cut,mag10_top1000,0,220,202,202,5363,6448,1289,13100
hypergraph_cut,mag10_top1000,0,220,203,203,5373,6473,1278,13124
hypergraph_cut,mag10_top1000,0,220,204,204,5383,6484,1263,13130
hypergraph_cut,mag10_top1000,0,220,205,205,5393,6501,1253,13147
hypergraph_cut,mag10_top1000,0,220,206,206,5402,6520,1242,13164
hypergraph_cut,mag10_top1000,0,220,207,207,5411,6535,1219,13165
hypergraph_cut,mag10_top1000,0,220,208,208,5420,6544,1213,13177
hypergraph_cut,mag10_top1000,0,220,209,209,5429,6553,1203,13185
hypergraph_cut,mag10_top1000,0,220,210,210,5438,6572,1196,13206
hypergraph_cut,mag10_top1000,0,220,211,211,5447,6585,1182,13214
hypergraph_cut,mag10_top1000,0,220,212,212,5456,6594,1179,13229
hypergraph_cut,mag10_top1000,0,220,213,213,5465,6613,1165,13243
hypergraph_cut,mag10_top1000,0,220,214,214,5474,6624,1154,13252
hypergraph_cut,mag10_top1000,0,220,215,215,5483,6633,1149,13265
hypergraph_cut,mag10_top1000,0,220,216,216,5492,6647,1139,13278
hypergraph_cut,mag10_top1000,0,220,217,217,5501,6657,1135,13293
hypergraph_cut,mag10_top1000,0,220,218,218,5510,6667,1126,13303
hypergraph_cut,mag10_top1000,0,220,219,219,5519,6682,1110,13311
hypergraph_cut,mag10_top1000,0,220,220,220,5528,6699,1099,13326
hypergraph_cut,mag10_top1000,0,230,0,0,0,0,7123,7123
hypergraph_cut,mag10_top1000,0,230,1,1,120,120,6981,7221
hypergraph_cut,mag10_top1000,0,230,2,2,210,211,6881,7302
hypergraph_cut,mag10_top1000,0,230,3,3,296,297,6752,7345
hypergraph_cut,mag10_top1000,0,230,4,4,374,375,6659,7408
hypergraph_cut,mag10_top1000,0,230,5,5,447,448,6593,7488
hypergraph_cut,mag10_top1000,0,230,6,6,518,521,6510,7549
hypergraph_cut,mag10_top1000,0,230,7,7,585,602,6443,7630
hypergraph_cut,mag10_top1000,0,230,8,8,651,670,6370,7691
hypergraph_cut,mag10_top1000,0,230,9,9,715,734,6309,7758
hypergraph_cut,mag10_top1000,0,230,10,10,777,801,6206,7784
hypergraph_cut,mag10_top1000,0,230,11,11,838,862,6151,7851
hypergraph_cut,mag10_top1000,0,230,12,12,897,929,6088,7914
hypergraph_cut,mag10_top1000,0,230,13,13,955,989,6028,7972
hypergraph_cut,mag10_top1000,0,230,14,14,1013,1048,5961,8022
hypergraph_cut,mag10_top1000,0,230,15,15,1070,1126,5900,8096
hypergraph_cut,mag10_top1000,0,230,16,16,1126,1182,5833,8141
hypergraph_cut,mag10_top1000,0,230,17,17,1180,1238,5758,8176
hypergraph_cut,mag10_top1000,0,230,18,18,1232,1291,5695,8218
hypergraph_cut,mag10_top1000,0,230,19,19,1284,1344,5646,8274
hypergraph_cut,mag10_top1000,0,230,20,20,1335,1397,5601,8333
hypergraph_cut,mag10_top1000,0,230,21,21,1384,1446,5553,8383
hypergraph_cut,mag10_top1000,0,230,22,22,1433,1495,5499,8427
hypergraph_cut,mag10_top1000,0,230,23,23,1481,1543,5445,8469
hypergraph_cut,mag10_top1000,0,230,24,24,1529,1595,5403,8527
hypergraph_cut,mag10_top1000,0,230,25,25,1577,1643,5353,8573
hypergraph_cut,mag10_top1000,0,230,26,26,1624,1706,5317,8647
hypergraph_cut,mag10_top1000,0,230,27,27,1671,1754,5274,8699
hypergraph_cut,mag10_top1000,0,230,28,28,1718,1802,5235,8755
hypergraph_cut,mag10_top1000,0,230,29,29,1764,1851,5180,8795
hypergraph_cut,mag10_top1000,0,230,30,30,1810,1901,5133,8844
hypergraph_cut,mag10_top1000,0,230,31,31,1855,1952,5083,8890
hypergraph_cut,mag10_top1000,0,230,32,32,1900,2014,5027,8941
hypergraph_cut,mag10_top1000,0,230,33,33,1945,2059,4986,8990
hypergraph_cut,mag10_top1000,0,230,34,34,1989,2107,4936,9032
hypergraph_cut,mag10_top1000,0,230,35,35,2033,2152,4885,9070
hypergraph_cut,mag10_top1000,0,230,36,36,2075,2195,4839,9109
hypergraph_cut,mag10_top1000,0,230,37,37,2115,2242,4802,9159
hypergraph_cut,mag10_top1000,0,230,38,38,2154,2298,4763,9215
hypergraph_cut,mag10_top1000,0,230,39,39,2193,2338,4710,9241
hypergraph_cut,mag10_top1000,0,230,40,40,2232,2378,4670,9280
hypergraph_cut,mag10_top1000,0,230,41,41,2270,2416,4627,9313
hypergraph_cut,mag10_top1000,0,230,42,42,2308,2455,4585,9348
hypergraph_cut,mag10_top1000,0,230,43,43,2346,2493,4539,9378
hypergraph_cut,mag10_top1000,0,230,44,44,2383,2539,4502,9424
hypergraph_cut,mag10_top1000,0,230,45,45,2419,2582,4467,9468
hypergraph_cut,mag10_top1000,0,230,46,46,2454,2618,4433,9505
hypergraph_cut,mag10_top1000,0,230,47,47,2489,2659,4396,9544
hypergraph_cut,mag10_top1000,0,230,48,48,2524,2702,4359,9585
hypergraph_cut,mag10_top1000,0,230,49,49,2559,2749,4315,9623
hypergraph_cut,mag10_top1000,0,230,50,50,2594,2786,4284,9664
hypergraph_cut,mag10_top1000,0,230,51,51,2627,2825,4248,9700
hypergraph_cut,mag10_top1000,0,230,52,52,2660,2874,4220,9754
hypergraph_cut,mag10_top1000,0,230,53,53,2693,2909,4180,9782
hypergraph_cut,mag10_top1000,0,230,54,54,2725,2944,4133,9802
hypergraph_cut,mag10_top1000,0,230,55,55,2756,2984,4101,9841
hypergraph_cut,mag10_top1000,0,230,56,56,2786,3018,4066,9870
hypergraph_cut,mag10_top1000,0,230,57,57,2816,3057,4041,9914
hypergraph_cut,mag10_top1000,0,230,58,58,2846,3090,4015,9951
hypergraph_cut,mag10_top1000,0,230,59,59,2875,3121,3990,9986
hypergraph_cut,mag10_top1000,0,230,60,60,2904,3155,3963,10022
hypergraph_cut,mag10_top1000,0,230,61,61,2932,3199,3935,10066
hypergraph_cut,mag10_top1000,0,230,62,62,2960,3229,3914,10103
hypergraph_cut,mag10_top1000,0,230,63,63,2988,3260,3882,10130
hypergraph_cut,mag10_top1000,0,230,64,64,3016,3292,3846,10154
hypergraph_cut,mag10_top1000,0,230,65,65,3043,3321,3818,10182
hypergraph_cut,mag10_top1000,0,230,66,66,3070,3349,3796,10215
hypergraph_cut,mag10_top1000,0,230,67,67,3097,3376,3778,10251
hypergraph_cut,mag10_top1000,0,230,68,68,3124,3404,3743,10271
hypergraph_cut,mag10_top1000,0,230,69,69,3151,3434,3709,10294
hypergraph_cut,mag10_top1000,0,230,70,70,3177,3476,3673,10326
hypergraph_cut,mag10_top1000,0,230,71,71,3203,3515,3648,10366
hypergraph_cut,mag10_top1000,0,230,72,72,3229,3547,3622,10398
hypergraph_cut,mag10_top1000,0,230,73,73,3254,3576,3585,10415
hypergraph_cut,mag10_top1000,0,230,74,74,3279,3601,3563,10443
hypergraph_cut,mag10_top1000,0,230,75,75,3304,3630,3532,10466
hypergraph_cut,mag10_top1000,0,230,76,76,3329,3656,3510,10495
hypergraph_cut,mag10_top1000,0,230,77,77,3354,3688,3485,10527
hypergraph_cut,mag10_top1000,0,230,78,78,3379,3720,3442,10541
hypergraph_cut,mag10_top1000,0,230,79,79,3403,3746,3417,10566
hypergraph_cut,mag10_top1000,0,230,80,80,3427,3770,3392,10589
hypergraph_cut,mag10_top1000,0,230,81,81,3451,3796,3364,10611
hypergraph_cut,mag10_top1000,0,230,82,82,3475,3834,3330,10639
hypergraph_cut,mag10_top1000,0,230,83,83,3499,3865,3302,10666
hypergraph_cut,mag10_top1000,0,230,84,84,3522,3896,3276,10694
hypergraph_cut,mag10_top1000,0,230,85,85,3545,3928,3259,10732
hypergraph_cut,mag10_top1000,0,230,86,86,3568,3954,3232,10754
hypergraph_cut,mag10_top1000,0,230,87,87,3591,4006,3204,10801
hypergraph_cut,mag10_top1000,0,230,88,88,3614,4033,3184,10831
hypergraph_cut,mag10_top1000,0,230,89,89,3637,4060,3158,10855
hypergraph_cut,mag10_top1000,0,230,90,90,3660,4083,3143,10886
hypergraph_cut,mag10_top1000,0,230,91,91,3682,4122,3115,10919
hypergraph_cut,mag10_top1000,0,230,92,92,3704,4146,3095,10945
hypergraph_cut,mag10_top1000,0,230,93,93,3726,4169,3078,10973
hypergraph_cut,mag10_top1000,0,230,94,94,3748,4192,3055,10995
hypergraph_cut,mag10_top1000,0,230,95,95,3770,4231,3035,11036
hypergraph_cut,mag10_top1000,0,230,96,96,3792,4253,3013,11058
hypergraph_cut,mag10_top1000,0,230,97,97,3814,4287,2990,11091
hypergraph_cut,mag10_top1000,0,230,98,98,3836,4309,2970,11115
hypergraph_cut,mag10_top1000,0,230,99,99,3858,4335,2948,11141
hypergraph_cut,mag10_top1000,0,230,100,100,3879,4374,2933,11186
hypergraph_cut,mag10_top1000,0,230,101,101,3900,4412,2903,11215
hypergraph_cut,mag10_top1000,0,230,102,102,3920,4436,2884,11240
hypergraph_cut,mag10_top1000,0,230,103,103,3940,4458,2867,11265
hypergraph_cut,mag10_top1000,0,230,104,104,3960,4479,2848,11287
hypergraph_cut,mag10_top1000,0,230,105,105,3980,4500,2829,11309
hypergraph_cut,mag10_top1000,0,230,106,106,4000,4523,2815,11338
hypergraph_cut,mag10_top1000,0,230,107,107,4020,4544,2790,11354
hypergraph_cut,mag10_top1000,0,230,108,108,4040,4564,2771,11375
hypergraph_cut,mag10_top1000,0,230,109,109,4059,4584,2754,11397
hypergraph_cut,mag10_top1000,0,230,110,110,4078,4603,2731,11412
hypergraph_cut,mag10_top1000,0,230,111,111,4097,4625,2707,11429
hypergraph_cut,mag10_top1000,0,230,112,112,4115,4643,2691,11449
hypergraph_cut,mag10_top1000,0,230,113,113,4133,4664,2671,11468
hypergraph_cut,mag10_top1000,0,230,114,114,4151,4683,2654,11488
hypergraph_cut,mag10_top1000,0,230,115,115,4169,4704,2636,11509
hypergraph_cut,mag10_top1000,0,230,116,116,4187,4750,2617,11554
hypergraph_cut,mag10_top1000,0,230,117,117,4205,4769,2596,11570
hypergraph_cut,mag10_top1000,0,230,118,118,4223,4787,2581,11591
hypergraph_cut,mag10_top1000,0,230,119,119,4241,4806,2564,11611
hypergraph_cut,mag10_top1000,0,230,120,120,4259,4834,2546,11639
hypergraph_cut,mag10_top1000,0,230,121,121,4277,4858,2519,11654
hypergraph_cut,mag10_top1000,0,230,122,122,4294,4880,2503,11677
hypergraph_cut,mag10_top1000,0,230,123,123,4311,4912,2484,11707
hypergraph_cut,mag10_top1000,0,230,124,124,4328,4933,2460,11721
hypergraph_cut,mag10_top1000,0,230,125,125,4345,4967,2439,11751
hypergraph_cut,mag10_top1000,0,230,126,126,4362,4988,2424,11774
hypergraph_cut,mag10_top1000,0,230,127,127,4379,5008,2412,11799
hypergraph_cut,mag10_top1000,0,230,128,128,4396,5025,2393,11814
hypergraph_cut,mag10_top1000,0,230,129,129,4413,5044,2381,11838
hypergraph_cut,mag10_top1000,0,230,130,130,4430,5069,2365,11864
hypergraph_cut,mag10_top1000,0,230,131,131,4447,5089,2353,11889
hypergraph_cut,mag10_top1000,0,230,132,132,4464,5115,2333,11912
hypergraph_cut,mag10_top1000,0,230,133,133,4481,5133,2305,11919
hypergraph_cut,mag10_top1000,0,230,134,134,4497,5149,2284,11930
hypergraph_cut,mag10_top1000,0,230,135,135,4513,5168,2267,11948
hypergraph_cut,mag10_top1000,0,230,136,136,4529,5189,2243,11961
hypergraph_cut,mag10_top1000,0,230,137,137,4545,5229,2224,11998
hypergraph_cut,mag10_top1000,0,230,138,138,4561,5254,2205,12020
hypergraph_cut,mag10_top1000,0,230,139,139,4577,5276,2191,12044
hypergraph_cut,mag10_top1000,0,230,140,140,4593,5294,2160,12047
hypergraph_cut,mag10_top1000,0,230,141,141,4608,5317,2147,12072
hypergraph_cut,mag10_top1000,0,230,142,142,4623,5360,2115,12098
hypergraph_cut,mag10_top1000,0,230,143,143,4638,5384,2102,12124
hypergraph_cut,mag10_top1000,0,230,144,144,4653,5404,2087,12144
hypergraph_cut,mag10_top1000,0,230,145,145,4668,5423,2074,12165
hypergraph_cut,mag10_top1000,0,230,146,146,4683,5447,2062,12192
hypergraph_cut,mag10_top1000,0,230,147,147,4698,5468,2045,12211
hypergraph_cut,mag10_top1000,0,230,148,148,4713,5494,2026,12233
hypergraph_cut,mag10_top1000,0,230,149,149,4727,5508,2011,12246
hypergraph_cut,mag10_top1000,0,230,150,150,4741,5523,1998,12262
hypergraph_cut,mag10_top1000,0,230,151,151,4755,5541,1990,12286
hypergraph_cut,mag10_top1000,0,230,152,152,4769,5555,1975,12299
hypergraph_cut,mag10_top1000,0,230,153,153,4783,5577,1963,12323
hypergraph_cut,mag10_top1000,0,230,154,154,4797,5591,1954,12342
hypergraph_cut,mag10_top1000,0,230,155,155,4811,5610,1937,12358
hypergraph_cut,mag10_top1000,0,230,156,156,4825,5627,1925,12377
hypergraph_cut,mag10_top1000,0,230,157,157,4839,5643,1913,12395
hypergraph_cut,mag10_top1000,0,230,158,158,4853,5667,1899,12419
hypergraph_cut,mag10_top1000,0,230,159,159,4867,5700,1882,12449
hypergraph_cut,mag10_top1000,0,230,160,160,4880,5722,1861,12463
hypergraph_cut,mag10_top1000,0,230,161,161,4893,5740,1840,12473
hypergraph_cut,mag10_top1000,0,230,162,162,4906,5758,1822,12486
hypergraph_cut,mag10_top1000,0,230,163,163,4919,5771,1812,12502
hypergraph_cut,mag10_top1000,0,230,164,164,4932,5786,1803,12521
hypergraph_cut,mag10_top1000,0,230,165,165,4945,5802,1792,12539
hypergraph_cut,mag10_top1000,0,230,166,166,4958,5821,1779,12558
hypergraph_cut,mag10_top1000,0,230,167,167,4971,5840,1765,12576
hypergraph_cut,mag10_top1000,0,230,168,168,4983,5854,1757,12594
hypergraph_cut,mag10_top1000,0,230,169,169,4995,5868,1745,12608
hypergraph_cut,mag10_top1000,0,230,170,170,5007,5895,1736,12638
hypergraph_cut,mag10_top1000,0,230,171,171,5019,5910,1714,12643
hypergraph_cut,mag10_top1000,0,230,172,172,5031,5928,1704,12663
hypergraph_cut,mag10_top1000,0,230,173,173,5043,5977,1687,12707
hypergraph_cut,mag10_top1000,0,230,174,174,5055,5992,1678,12725
hypergraph_cut,mag10_top1000,0,230,175,175,5067,6005,1661,12733
hypergraph_cut,mag10_top1000,0,230,176,176,5079,6021,1642,12742
hypergraph_cut,mag10_top1000,0,230,177,177,5091,6041,1625,12757
hypergraph_cut,mag10_top1000,0,230,178,178,5103,6055,1619,12777
hypergraph_cut,mag10_top1000,0,230,179,179,5115,6076,1589,12780
hypergraph_cut,mag10_top1000,0,230,180,180,5127,6091,1574,12792
hypergraph_cut,mag10_top1000,0,230,181,181,5139,6103,1557,12799
hypergraph_cut,mag10_top1000,0,230,182,182,5150,6119,1548,12817
hypergraph_cut,mag10_top1000,0,230,183,183,5161,6132,1540,12833
hypergraph_cut,mag10_top1000,0,230,184,184,5172,6144,1522,12838
hypergraph_cut,mag10_top1000,0,230,185,185,5183,6162,1514,12859
hypergraph_cut,mag10_top1000,0,230,186,186,5194,6176,1503,12873
hypergraph_cut,mag10_top1000,0,230,187,187,5205,6194,1492,12891
hypergraph_cut,mag10_top1000,0,230,188,188,5216,6212,1478,12906
hypergraph_cut,mag10_top1000,0,230,189,189,5227,6225,1472,12924
hypergraph_cut,mag10_top1000,0,230,190,190,5238,6249,1454,12941
hypergraph_cut,mag10_top1000,0,230,191,191,5249,6262,1446,12957
hypergraph_cut,mag10_top1000,0,230,192,192,5260,6284,1441,12985
hypergraph_cut,mag10_top1000,0,230,193,193,5271,6295,1429,12995
hypergraph_cut,mag10_top1000,0,230,194,194,5282,6328,1410,13020
hypergraph_cut,mag10_top1000,0,230,195,195,5293,6350,1403,13046
hypergraph_cut,mag10_top1000,0,230,196,196,5303,6366,1392,13061
hypergraph_cut,mag10_top1000,0,230,197,197,5313,6376,1389,13078
hypergraph_cut,mag10_top1000,0,230,198,198,5323,6392,1377,13092
hypergraph_cut,mag10_top1000,0,230,199,199,5333,6408,1365,13106
hypergraph_cut,mag10_top1000,0,230,200,200,5343,6425,1345,13113
hypergraph_cut,mag10_top1000,0,230,201,201,5353,6435,1329,13117
hypergraph_cut,mag10_top1000,0,230,202,202,5363,6448,1319,13130
hypergraph_cut,mag10_top1000,0,230,203,203,5373,6473,1308,13154
hypergraph_cut,mag10_top1000,0,230,204,204,5383,6484,1293,13160
hypergraph_cut,mag10_top1000,0,230,205,205,5393,6501,1283,13177
hypergraph_cut,mag10_top1000,0,230,206,206,5402,6520,1272,13194
hypergraph_cut,mag10_top1000,0,230,207,207,5411,6535,1249,13195
hypergraph_cut,mag10_top1000,0,230,208,208,5420,6544,1243,13207
hypergraph_cut,mag10_top1000,0,230,209,209,5429,6553,1233,13215
hypergraph_cut,mag10_top1000,0,230,210,210,5438,6572,1226,13236
hypergraph_cut,mag10_top1000,0,230,211,211,5447,6585,1212,13244
hypergraph_cut,mag10_top1000,0,230,212,212,5456,6594,1209,13259
hypergraph_cut,mag10_top1000,0,230,213,213,5465,6613,1195,13273
hypergraph_cut,mag10_top1000,0,230,214,214,5474,6624,1184,13282
hypergraph_cut,mag10_top1000,0,230,215,215,5483,6633,1179,13295
hypergraph_cut,mag10_top1000,0,230,216,216,5492,6647,1164,13303
hypergraph_cut,mag10_top1000,0,230,217,217,5501,6657,1160,13318
hypergraph_cut,mag10_top1000,0,230,218,218,5510,6667,1151,13328
hypergraph_cut,mag10_top1000,0,230,219,219,5519,6682,1131,13332
hypergraph_cut,mag10_top1000,0,230,220,220,5528,6699,1119,13346
hypergraph_cut,mag10_top1000,0,230,221,221,5537,6713,1100,13350
hypergraph_cut,mag10_top1000,0,230,222,222,5546,6722,1096,13364
hypergraph_cut,mag10_top1000,0,230,223,223,5555,6739,1083,13377
hypergraph_cut,mag10_top1000,0,230,224,224,5564,6754,1069,13387
hypergraph_cut,mag10_top1000,0,230,225,225,5573,6770,1051,13394
hypergraph_cut,mag10_top1000,0,230,226,226,5581,6788,1044,13413
hypergraph_cut,mag10_top1000,0,230,227,227,5589,6806,1029,13424
hypergraph_cut,mag10_top1000,0,230,228,228,5597,6826,1016,13439
hypergraph_cut,mag10_top1000,0,230,229,229,5605,6834,1006,13445
hypergraph_cut,mag10_top1000,0,230,230,230,5613,6869,1003,13485
hypergraph_cut,mag10_top1000,0,240,0,0,0,0,7303,7303
hypergraph_cut,mag10_top1000,0,240,1,1,120,120,7161,7401
hypergraph_cut,mag10_top1000,0,240,2,2,210,211,7061,7482
hypergraph_cut,mag10_top1000,0,240,3,3,296,297,6932,7525
hypergraph_cut,mag10_top1000,0,240,4,4,374,375,6839,7588
hypergraph_cut,mag10_top1000,0,240,5,5,447,448,6769,7664
hypergraph_cut,mag10_top1000,0,240,6,6,518,521,6683,7722
hypergraph_cut,mag10_top1000,0,240,7,7,585,602,6613,7800
hypergraph_cut,mag10_top1000,0,240,8,8,651,670,6540,7861
hypergraph_cut,mag10_top1000,0,240,9,9,715,734,6479,7928
hypergraph_cut,mag10_top1000,0,240,10,10,777,801,6376,7954
hypergraph_cut,mag10_top1000,0,240,11,11,838,862,6321,8021
hypergraph_cut,mag10_top1000,0,240,12,12,897,929,6258,8084
hypergraph_cut,mag10_top1000,0,240,13,13,955,989,6198,8142
hypergraph_cut,mag10_top1000,0,240,14,14,1013,1048,6130,8191
hypergraph_cut,mag10_top1000,0,240,15,15,1070,1126,6063,8259
hypergraph_cut,mag10_top1000,0,240,16,16,1126,1182,5993,8301
hypergraph_cut,mag10_top1000,0,240,17,17,1180,1238,5918,8336
hypergraph_cut,mag10_top1000,0,240,18,18,1232,1291,5855,8378
hypergraph_cut,mag10_top1000,0,240,19,19,1284,1344,5806,8434
hypergraph_cut,mag10_top1000,0,240,20,20,1335,1397,5761,8493
hypergraph_cut,mag10_top1000,0,240,21,21,1384,1446,5713,8543
hypergraph_cut,mag10_top1000,0,240,22,22,1433,1495,5659,8587
hypergraph_cut,mag10_top1000,0,240,23,23,1481,1543,5599,8623
hypergraph_cut,mag10_top1000,0,240,24,24,1529,1595,5553,8677
hypergraph_cut,mag10_top1000,0,240,25,25,1577,1643,5503,8723
hypergraph_cut,mag10_top1000,0,240,26,26,1624,1706,5467,8797
hypergraph_cut,mag10_top1000,0,240,27,27,1671,1754,5424,8849
hypergraph_cut,mag10_top1000,0,240,28,28,1718,1802,5385,8905
hypergraph_cut,mag10_top1000,0,240,29,29,1764,1851,5330,8945
hypergraph_cut,mag10_top1000,0,240,30,30,1810,1901,5283,8994
hypergraph_cut,mag10_top1000,0,240,31,31,1855,1952,5230,9037
hypergraph_cut,mag10_top1000,0,240,32,32,1900,2014,5173,9087
hypergraph_cut,mag10_top1000,0,240,33,33,1945,2059,5126,9130
hypergraph_cut,mag10_top1000,0,240,34,34,1989,2107,5076,9172
hypergraph_cut,mag10_top1000,0,240,35,35,2033,2152,5025,9210
hypergraph_cut,mag10_top1000,0,240,36,36,2075,2195,4979,9249
hypergraph_cut,mag10_top1000,0,240,37,37,2115,2242,4942,9299
hypergraph_cut,mag10_top1000,0,240,38,38,2154,2298,4903,9355
hypergraph_cut,mag10_top1000,0,240,39,39,2193,2338,4850,9381
hypergraph_cut,mag10_top1000,0,240,40,40,2232,2378,4810,9420
hypergraph_cut,mag10_top1000,0,240,41,41,2270,2416,4767,9453
hypergraph_cut,mag10_top1000,0,240,42,42,2308,2455,4725,9488
hypergraph_cut,mag10_top1000,0,240,43,43,2346,2493,4676,9515
hypergraph_cut,mag10_top1000,0,240,44,44,2383,2539,4632,9554
hypergraph_cut,mag10_top1000,0,240,45,45,2419,2582,4597,9598
hypergraph_cut,mag10_top1000,0,240,46,46,2454,2618,4563,9635
hypergraph_cut,mag10_top1000,0,240,47,47,2489,2659,4526,9674
hypergraph_cut,mag10_top1000,0,240,48,48,2524,2702,4489,9715
hypergraph_cut,mag10_top1000,0,240,49,49,2559,2749,4445,9753
hypergraph_cut,mag10_top1000,0,240,50,50,2594,2786,4414,9794
hypergraph_cut,mag10_top1000,0,240,51,51,2627,2825,4373,9825
hypergraph_cut,mag10_top1000,0,240,52,52,2660,2874,4342,9876
hypergraph_cut,mag10_top1000,0,240,53,53,2693,2909,4300,9902
hypergraph_cut,mag10_top1000,0,240,54,54,2725,2944,4253,9922
hypergraph_cut,mag10_top1000,0,240,55,55,2756,2984,4221,9961
hypergraph_cut,mag10_top1000,0,240,56,56,2786,3018,4186,9990
hypergraph_cut,mag10_top1000,0,240,57,57,2816,3057,4161,10034
hypergraph_cut,mag10_top1000,0,240,58,58,2846,3090,4135,10071
hypergraph_cut,mag10_top1000,0,240,59,59,2875,3121,4110,10106
hypergraph_cut,mag10_top1000,0,240,60,60,2904,3155,4083,10142
hypergraph_cut,mag10_top1000,0,240,61,61,2932,3199,4055,10186
hypergraph_cut,mag10_top1000,0,240,62,62,2960,3229,4034,10223
hypergraph_cut,mag10_top1000,0,240,63,63,2988,3260,4002,10250
hypergraph_cut,mag10_top1000,0,240,64,64,3016,3292,3965,10273
hypergraph_cut,mag10_top1000,0,240,65,65,3043,3321,3933,10297
hypergraph_cut,mag10_top1000,0,240,66,66,3070,3349,3909,10328
hypergraph_cut,mag10_top1000,0,240,67,67,3097,3376,3888,10361
hypergraph_cut,mag10_top1000,0,240,68,68,3124,3404,3853,10381
hypergraph_cut,mag10_top1000,0,240,69,69,3151,3434,3819,10404
hypergraph_cut,mag10_top1000,0,240,70,70,3177,3476,3783,10436
hypergraph_cut,mag10_top1000,0,240,71,71,3203,3515,3758,10476
hypergraph_cut,mag10_top1000,0,240,72,72,3229,3547,3732,10508
hypergraph_cut,mag10_top1000,0,240,73,73,3254,3576,3694,10524
hypergraph_cut,mag10_top1000,0,240,74,74,3279,3601,3668,10548
hypergraph_cut,mag10_top1000,0,240,75,75,3304,3630,3632,10566
hypergraph_cut,mag10_top1000,0,240,76,76,3329,3656,3610,10595
hypergraph_cut,mag10_top1000,0,240,77,77,3354,3688,3585,10627
hypergraph_cut,mag10_top1000,0,240,78,78,3379,3720,3542,10641
hypergraph_cut,mag10_top1000,0,240,79,79,3403,3746,3517,10666
hypergraph_cut,mag10_top1000,0,240,80,80,3427,3770,3492,10689
hypergraph_cut,mag10_top1000,0,240,81,81,3451,3796,3464,10711
hypergraph_cut,mag10_top1000,0,240,82,82,3475,3834,3430,10739
hypergraph_cut,mag10_top1000,0,240,83,83,3499,3865,3402,10766
hypergraph_cut,mag10_top1000,0,240,84,84,3522,3896,3376,10794
hypergraph_cut,mag10_top1000,0,240,85,85,3545,3928,3358,10831
hypergraph_cut,mag10_top1000,0,240,86,86,3568,3954,3325,10847
hypergraph_cut,mag10_top1000,0,240,87,87,3591,4006,3294,10891
hypergraph_cut,mag10_top1000,0,240,88,88,3614,4033,3274,10921
hypergraph_cut,mag10_top1000,0,240,89,89,3637,4060,3248,10945
hypergraph_cut,mag10_top1000,0,240,90,90,3660,4083,3233,10976
hypergraph_cut,mag10_top1000,0,240,91,91,3682,4122,3205,11009
hypergraph_cut,mag10_top1000,0,240,92,92,3704,4146,3185,11035
hypergraph_cut,mag10_top1000,0,240,93,93,3726,4169,3168,11063
hypergraph_cut,mag10_top1000,0,240,94,94,3748,4192,3145,11085
hypergraph_cut,mag10_top1000,0,240,95,95,3770,4231,3125,11126
hypergraph_cut,mag10_top1000,0,240,96,96,3792,4253,3103,11148
hypergraph_cut,mag10_top1000,0,240,97,97,3814,4287,3080,11181
hypergraph_cut,mag10_top1000,0,240,98,98,3836,4309,3060,11205
hypergraph_cut,mag10_top1000,0,240,99,99,3858,4335,3038,11231
hypergraph_cut,mag10_top1000,0,240,100,100,3879,4374,3021,11274
hypergraph_cut,mag10_top1000,0,240,101,101,3900,4412,2987,11299
hypergraph_cut,mag10_top1000,0,240,102,102,3920,4436,2968,11324
hypergraph_cut,mag10_top1000,0,240,103,103,3940,4458,2948,11346
hypergraph_cut,mag10_top1000,0,240,104,104,3960,4479,2928,11367
hypergraph_cut,mag10_top1000,0,240,105,105,3980,4500,2909,11389
hypergraph_cut,mag10_top1000,0,240,106,106,4000,4523,2895,11418
hypergraph_cut,mag10_top1000,0,240,107,107,4020,4544,2870,11434
hypergraph_cut,mag10_top1000,0,240,108,108,4040,4564,2851,11455
hypergraph_cut,mag10_top1000,0,240,109,109,4059,4584,2834,11477
hypergraph_cut,mag10_top1000,0,240,110,110,4078,4603,2811,11492
hypergraph_cut,mag10_top1000,0,240,111,111,4097,4625,2787,11509
hypergraph_cut,mag10_top1000,0,240,112,112,4115,4643,2771,11529
hypergraph_cut,mag10_top1000,0,240,113,113,4133,4664,2751,11548
hypergraph_cut,mag10_top1000,0,240,114,114,4151,4683,2734,11568
hypergraph_cut,mag10_top1000,0,240,115,115,4169,4704,2716,11589
hypergraph_cut,mag10_top1000,0,240,116,116,4187,4750,2697,11634
hypergraph_cut,mag10_top1000,0,240,117,117,4205,4769,2676,11650
hypergraph_cut,mag10_top1000,0,240,118,118,4223,4787,2659,11669
hypergraph_cut,mag10_top1000,0,240,119,119,4241,4806,2639,11686
hypergraph_cut,mag10_top1000,0,240,120,120,4259,4834,2616,11709
hypergraph_cut,mag10_top1000,0,240,121,121,4277,4858,2589,11724
hypergraph_cut,mag10_top1000,0,240,122,122,4294,4880,2573,11747
hypergraph_cut,mag10_top1000,0,240,123,123,4311,4912,2554,11777
hypergraph_cut,mag10_top1000,0,240,124,124,4328,4933,2530,11791
hypergraph_cut,mag10_top1000,0,240,125,125,4345,4967,2509,11821
hypergraph_cut,mag10_top1000,0,240,126,126,4362,4988,2494,11844
hypergraph_cut,mag10_top1000,0,240,127,127,4379,5008,2482,11869
hypergraph_cut,mag10_top1000,0,240,128,128,4396,5025,2463,11884
hypergraph_cut,mag10_top1000,0,240,129,129,4413,5044,2451,11908
hypergraph_cut,mag10_top1000,0,240,130,130,4430,5069,2435,11934
hypergraph_cut,mag10_top1000,0,240,131,131,4447,5089,2423,11959
hypergraph_cut,mag10_top1000,0,240,132,132,4464,5115,2400,11979
hypergraph_cut,mag10_top1000,0,240,133,133,4481,5133,2365,11979
hypergraph_cut,mag10_top1000,0,240,134,134,4497,5149,2344,11990
hypergraph_cut,mag10_top1000,0,240,135,135,4513,5168,2327,12008
hypergraph_cut,mag10_top1000,0,240,136,136,4529,5189,2303,12021
hypergraph_cut,mag10_top1000,0,240,137,137,4545,5229,2284,12058
hypergraph_cut,mag10_top1000,0,240,138,138,4561,5254,2265,12080
hypergraph_cut,mag10_top1000,0,240,139,139,4577,5276,2251,12104
hypergraph_cut,mag10_top1000,0,240,140,140,4593,5294,2220,12107
hypergraph_cut,mag10_top1000,0,240,141,141,4608,5317,2207,12132
hypergraph_cut,mag10_top1000,0,240,142,142,4623,5360,2175,12158
hypergraph_cut,mag10_top1000,0,240,143,143,4638,5384,2162,12184
hypergraph_cut,mag10_top1000,0,240,144,144,4653,5404,2147,12204
hypergraph_cut,mag10_top1000,0,240,145,145,4668,5423,2134,12225
hypergraph_cut,mag10_top1000,0,240,146,146,4683,5447,2122,12252
hypergraph_cut,mag10_top1000,0,240,147,147,4698,5468,2105,12271
hypergraph_cut,mag10_top1000,0,240,148,148,4713,5494,2086,12293
hypergraph_cut,mag10_top1000,0,240,149,149,4727,5508,2071,12306
hypergraph_cut,mag10_top1000,0,240,150,150,4741,5523,2058,12322
hypergraph_cut,mag10_top1000,0,240,151,151,4755,5541,2050,12346
hypergraph_cut,mag10_top1000,0,240,152,152,4769,5555,2034,12358
hypergraph_cut,mag10_top1000,0,240,153,153,4783,5577,2023,12383
hypergraph_cut,mag10_top1000,0,240,154,154,4797,5591,2008,12396
hypergraph_cut,mag10_top1000,0,240,155,155,4811,5610,1989,12410
hypergraph_cut,mag10_top1000,0,240,156,156,4825,5627,1976,12428
hypergraph_cut,mag10_top1000,0,240,157,157,4839,5643,1963,12445
hypergraph_cut,mag10_top1000,0,240,158,158,4853,5667,1949,12469
hypergraph_cut,mag10_top1000,0,240,159,159,4867,5700,1932,12499
hypergraph_cut,mag10_top1000,0,240,160,160,4880,5722,1911,12513
hypergraph_cut,mag10_top1000,0,240,161,161,4893,5740,1890,12523
hypergraph_cut,mag10_top1000,0,240,162,162,4906,5758,1872,12536
hypergraph_cut,mag10_top1000,0,240,163,163,4919,5771,1862,12552
hypergraph_cut,mag10_top1000,0,240,164,164,4932,5786,1853,12571
hypergraph_cut,mag10_top1000,0,240,165,165,4945,5802,1842,12589
hypergraph_cut,mag10_top1000,0,240,166,166,4958,5821,1829,12608
hypergraph_cut,mag10_top1000,0,240,167,167,4971,5840,1815,12626
hypergraph_cut,mag10_top1000,0,240,168,168,4983,5854,1807,12644
hypergraph_cut,mag10_top1000,0,240,169,169,4995,5868,1795,12658
hypergraph_cut,mag10_top1000,0,240,170,170,5007,5895,1786,12688
hypergraph_cut,mag10_top1000,0,240,171,171,5019,5910,1764,12693
hypergraph_cut,mag10_top1000,0,240,172,172,5031,5928,1753,12712
hypergraph_cut,mag10_top1000,0,240,173,173,5043,5977,1729,12749
hypergraph_cut,mag10_top1000,0,240,174,174,5055,5992,1718,12765
hypergraph_cut,mag10_top1000,0,240,175,175,5067,6005,1701,12773
hypergraph_cut,mag10_top1000,0,240,176,176,5079,6021,1682,12782
hypergraph_cut,mag10_top1000,0,240,177,177,5091,6041,1665,12797
hypergraph_cut,mag10_top1000,0,240,178,178,5103,6055,1659,12817
hypergraph_cut,mag10_top1000,0,240,179,179,5115,6076,1629,12820
hypergraph_cut,mag10_top1000,0,240,180,180,5127,6091,1614,12832
hypergraph_cut,mag10_top1000,0,240,181,181,5139,6103,1597,12839
hypergraph_cut,mag10_top1000,0,240,182,182,5150,6119,1588,12857
hypergraph_cut,mag10_top1000,0,240,183,183,5161,6132,1580,12873
hypergraph_cut,mag10_top1000,0,240,184,184,5172,6144,1562,12878
hypergraph_cut,mag10_top1000,0,240,185,185,5183,6162,1554,12899
hypergraph_cut,mag10_top1000,0,240,186,186,5194,6176,1543,12913
hypergraph_cut,mag10_top1000,0,240,187,187,5205,6194,1532,12931
hypergraph_cut,mag10_top1000,0,240,188,188,5216,6212,1518,12946
hypergraph_cut,mag10_top1000,0,240,189,189,5227,6225,1512,12964
hypergraph_cut,mag10_top1000,0,240,190,190,5238,6249,1492,12979
hypergraph_cut,mag10_top1000,0,240,191,191,5249,6262,1481,12992
hypergraph_cut,mag10_top1000,0,240,192,192,5260,6284,1476,13020
hypergraph_cut,mag10_top1000,0,240,193,193,5271,6295,1461,13027
hypergraph_cut,mag10_top1000,0,240,194,194,5282,6328,1440,13050
hypergraph_cut,mag10_top1000,0,240,195,195,5293,6350,1433,13076
hypergraph_cut,mag10_top1000,0,240,196,196,5303,6366,1422,13091
hypergraph_cut,mag10_top1000,0,240,197,197,5313,6376,1419,13108
hypergraph_cut,mag10_top1000,0,240,198,198,5323,6392,1407,13122
hypergraph_cut,mag10_top1000,0,240,199,199,5333,6408,1395,13136
hypergraph_cut,mag10_top1000,0,240,200,200,5343,6425,1375,13143
hypergraph_cut,mag10_top1000,0,240,201,201,5353,6435,1359,13147
hypergraph_cut,mag10_top1000,0,240,202,202,5363,6448,1349,13160
hypergraph_cut,mag10_top1000,0,240,203,203,5373,6473,1338,13184
hypergraph_cut,mag10_top1000,0,240,204,204,5383,6484,1323,13190
hypergraph_cut,mag10_top1000,0,240,205,205,5393,6501,1313,13207
hypergraph_cut,mag10_top1000,0,240,206,206,5402,6520,1302,13224
hypergraph_cut,mag10_top1000,0,240,207,207,5411,6535,1279,13225
hypergraph_cut,mag10_top1000,0,240,208,208,5420,6544,1273,13237
hypergraph_cut,mag10_top1000,0,240,209,209,5429,6553,1263,13245
hypergraph_cut,mag10_top1000,0,240,210,210,5438,6572,1256,13266
hypergraph_cut,mag10_top1000,0,240,211,211,5447,6585,1239,13271
hypergraph_cut,mag10_top1000,0,240,212,212,5456,6594,1235,13285
hypergraph_cut,mag10_top1000,0,240,213,213,5465,6613,1220,13298
hypergraph_cut,mag10_top1000,0,240,214,214,5474,6624,1206,13304
hypergraph_cut,mag10_top1000,0,240,215,215,5483,6633,1199,13315
hypergraph_cut,mag10_top1000,0,240,216,216,5492,6647,1184,13323
hypergraph_cut,mag10_top1000,0,240,217,217,5501,6657,1180,13338
hypergraph_cut,mag10_top1000,0,240,218,218,5510,6667,1171,13348
hypergraph_cut,mag10_top1000,0,240,219,219,5519,6682,1151,13352
hypergraph_cut,mag10_top1000,0,240,220,220,5528,6699,1139,13366
hypergraph_cut,mag10_top1000,0,240,221,221,5537,6713,1120,13370
hypergraph_cut,mag10_top1000,0,240,222,222,5546,6722,1116,13384
hypergraph_cut,mag10_top1000,0,240,223,223,5555,6739,1103,13397
hypergraph_cut,mag10_top1000,0,240,224,224,5564,6754,1089,13407
hypergraph_cut,mag10_top1000,0,240,225,225,5573,6770,1071,13414
hypergraph_cut,mag10_top1000,0,240,226,226,5581,6788,1064,13433
hypergraph_cut,mag10_top1000,0,240,227,227,5589,6806,1049,13444
hypergraph_cut,mag10_top1000,0,240,228,228,5597,6826,1036,13459
hypergraph_cut,mag10_top1000,0,240,229,229,5605,6834,1026,13465
hypergraph_cut,mag10_top1000,0,240,230,230,5613,6869,1023,13505
hypergraph_cut,mag10_top1000,0,240,231,231,5621,6881,1012,13514
hypergraph_cut,mag10_top1000,0,240,232,232,5629,6892,998,13519
hypergraph_cut,mag10_top1000,0,240,233,233,5637,6912,989,13538
hypergraph_cut,mag10_top1000,0,240,234,234,5645,6923,978,13546
hypergraph_cut,mag10_top1000,0,240,235,235,5653,6934,964,13551
hypergraph_cut,mag10_top1000,0,240,236,236,5661,6947,953,13561
hypergraph_cut,mag10_top1000,0,240,237,237,5669,6961,942,13572
hypergraph_cut,mag10_top1000,0,240,238,238,5677,6977,928,13582
hypergraph_cut,mag10_top1000,0,240,239,239,5685,6986,911,13582
hypergraph_cut,mag10_top1000,0,240,240,240,5692,7000,913,13605
hypergraph_cut,mag10_top1000,0,250,0,0,0,0,7483,7483
hypergraph_cut,mag10_top1000,0,250,1,1,120,120,7341,7581
hypergraph_cut,mag10_top1000,0,250,2,2,210,211,7241,7662
hypergraph_cut,mag10_top1000,0,250,3,3,296,297,7110,7703
hypergraph_cut,mag10_top1000,0,250,4,4,374,375,7009,7758
hypergraph_cut,mag10_top1000,0,250,5,5,447,448,6939,7834
hypergraph_cut,mag10_top1000,0,250,6,6,518,521,6853,7892
hypergraph_cut,mag10_top1000,0,250,7,7,585,602,6783,7970
hypergraph_cut,mag10_top1000,0,250,8,8,651,670,6710,8031
hypergraph_cut,mag10_top1000,0,250,9,9,715,734,6649,8098
hypergraph_cut,mag10_top1000,0,250,10,10,777,801,6546,8124
hypergraph_cut,mag10_top1000,0,250,11,11,838,862,6491,8191
hypergraph_cut,mag10_top1000,0,250,12,12,897,929,6426,8252
hypergraph_cut,mag10_top1000,0,250,13,13,955,989,6361,8305
hypergraph_cut,mag10_top1000,0,250,14,14,1013,1048,6290,8351
hypergraph_cut,mag10_top1000,0,250,15,15,1070,1126,6223,8419
hypergraph_cut,mag10_top1000,0,250,16,16,1126,1182,6153,8461
hypergraph_cut,mag10_top1000,0,250,17,17,1180,1238,6078,8496
hypergraph_cut,mag10_top1000,0,250,18,18,1232,1291,6015,8538
hypergraph_cut,mag10_top1000,0,250,19,19,1284,1344,5966,8594
hypergraph_cut,mag10_top1000,0,250,20,20,1335,1397,5921,8653
hypergraph_cut,mag10_top1000,0,250,21,21,1384,1446,5869,8699
hypergraph_cut,mag10_top1000,0,250,22,22,1433,1495,5811,8739
hypergraph_cut,mag10_top1000,0,250,23,23,1481,1543,5749,8773
hypergraph_cut,mag10_top1000,0,250,24,24,1529,1595,5703,8827
hypergraph_cut,mag10_top1000,0,250,25,25,1577,1643,5653,8873
hypergraph_cut,mag10_top1000,0,250,26,26,1624,1706,5617,8947
hypergraph_cut,mag10_top1000,0,250,27,27,1671,1754,5574,8999
hypergraph_cut,mag10_top1000,0,250,28,28,1718,1802,5535,9055
hypergraph_cut,mag10_top1000,0,250,29,29,1764,1851,5477,9092
hypergraph_cut,mag10_top1000,0,250,30,30,1810,1901,5428,9139
hypergraph_cut,mag10_top1000,0,250,31,31,1855,1952,5370,9177
hypergraph_cut,mag10_top1000,0,250,32,32,1900,2014,5313,9227
hypergraph_cut,mag10_top1000,0,250,33,33,1945,2059,5266,9270
hypergraph_cut,mag10_top1000,0,250,34,34,1989,2107,5216,9312
hypergraph_cut,mag10_top1000,0,250,35,35,2033,2152,5165,9350
hypergraph_cut,mag10_top1000,0,250,36,36,2075,2195,5119,9389
hypergraph_cut,mag10_top1000,0,250,37,37,2115,2242,5082,9439
hypergraph_cut,mag10_top1000,0,250,38,38,2154,2298,5043,9495
hypergraph_cut,mag10_top1000,0,250,39,39,2193,2338,4990,9521
hypergraph_cut,mag10_top1000,0,250,40,40,2232,2378,4945,9555
hypergraph_cut,mag10_top1000,0,250,41,41,2270,2416,4901,9587
hypergraph_cut,mag10_top1000,0,250,42,42,2308,2455,4856,9619
hypergraph_cut,mag10_top1000,0,250,43,43,2346,2493,4806,9645
hypergraph_cut,mag10_top1000,0,250,44,44,2383,2539,4762,9684
hypergraph_cut,mag10_top1000,0,250,45,45,2419,2582,4727,9728
hypergraph_cut,mag10_top1000,0,250,46,46,2454,2618,4693,9765
hypergraph_cut,mag10_top1000,0,250,47,47,2489,2659,4656,9804
hypergraph_cut,mag10_top1000,0,250,48,48,2524,2702,4619,9845
hypergraph_cut,mag10_top1000,0,250,49,49,2559,2749,4571,9879
hypergraph_cut,mag10_top1000,0,250,50,50,2594,2786,4535,9915
hypergraph_cut,mag10_top1000,0,250,51,51,2627,2825,4493,9945
hypergraph_cut,mag10_top1000,0,250,52,52,2660,2874,4462,9996
hypergraph_cut,mag10_top1000,0,250,53,53,2693,2909,4420,10022
hypergraph_cut,mag10_top1000,0,250,54,54,2725,2944,4373,10042
hypergraph_cut,mag10_top1000,0,250,55,55,2756,2984,4341,10081
hypergraph_cut,mag10_top1000,0,250,56,56,2786,3018,4306,10110
hypergraph_cut,mag10_top1000,0,250,57,57,2816,3057,4281,10154
hypergraph_cut,mag10_top1000,0,250,58,58,2846,3090,4255,10191
hypergraph_cut,mag10_top1000,0,250,59,59,2875,3121,4230,10226
hypergraph_cut,mag10_top1000,0,250,60,60,2904,3155,4203,10262
hypergraph_cut,mag10_top1000,0,250,61,61,2932,3199,4173,10304
hypergraph_cut,mag10_top1000,0,250,62,62,2960,3229,4150,10339
hypergraph_cut,mag10_top1000,0,250,63,63,2988,3260,4116,10364
hypergraph_cut,mag10_top1000,0,250,64,64,3016,3292,4075,10383
hypergraph_cut,mag10_top1000,0,250,65,65,3043,3321,4043,10407
hypergraph_cut,mag10_top1000,0,250,66,66,3070,3349,4019,10438
hypergraph_cut,mag10_top1000,0,250,67,67,3097,3376,3998,10471
hypergraph_cut,mag10_top1000,0,250,68,68,3124,3404,3963,10491
hypergraph_cut,mag10_top1000,0,250,69,69,3151,3434,3929,10514
hypergraph_cut,mag10_top1000,0,250,70,70,3177,3476,3893,10546
hypergraph_cut,mag10_top1000,0,250,71,71,3203,3515,3865,10583
hypergraph_cut,mag10_top1000,0,250,72,72,3229,3547,3835,10611
hypergraph_cut,mag10_top1000,0,250,73,73,3254,3576,3794,10624
hypergraph_cut,mag10_top1000,0,250,74,74,3279,3601,3768,10648
hypergraph_cut,mag10_top1000,0,250,75,75,3304,3630,3732,10666
hypergraph_cut,mag10_top1000,0,250,76,76,3329,3656,3710,10695
hypergraph_cut,mag10_top1000,0,250,77,77,3354,3688,3685,10727
hypergraph_cut,mag10_top1000,0,250,78,78,3379,3720,3642,10741
hypergraph_cut,mag10_top1000,0,250,79,79,3403,3746,3617,10766
hypergraph_cut,mag10_top1000,0,250,80,80,3427,3770,3592,10789
hypergraph_cut,mag10_top1000,0,250,81,81,3451,3796,3564,10811
hypergraph_cut,mag10_top1000,0,250,82,82,3475,3834,3530,10839
hypergraph_cut,mag10_top1000,0,250,83,83,3499,3865,3498,10862
hypergraph_cut,mag10_top1000,0,250,84,84,3522,3896,3469,10887
hypergraph_cut,mag10_top1000,0,250,85,85,3545,3928,3448,10921
hypergraph_cut,mag10_top1000,0,250,86,86,3568,3954,3415,10937
hypergraph_cut,mag10_top1000,0,250,87,87,3591,4006,3384,10981
hypergraph_cut,mag10_top1000,0,250,88,88,3614,4033,3364,11011
hypergraph_cut,mag10_top1000,0,250,89,89,3637,4060,3338,11035
hypergraph_cut,mag10_top1000,0,250,90,90,3660,4083,3323,11066
hypergraph_cut,mag10_top1000,0,250,91,91,3682,4122,3295,11099
hypergraph_cut,mag10_top1000,0,250,92,92,3704,4146,3275,11125
hypergraph_cut,mag10_top1000,0,250,93,93,3726,4169,3258,11153
hypergraph_cut,mag10_top1000,0,250,94,94,3748,4192,3235,11175
hypergraph_cut,mag10_top1000,0,250,95,95,3770,4231,3215,11216
hypergraph_cut,mag10_top1000,0,250,96,96,3792,4253,3193,11238
hypergraph_cut,mag10_top1000,0,250,97,97,3814,4287,3170,11271
hypergraph_cut,mag10_top1000,0,250,98,98,3836,4309,3143,11288
hypergraph_cut,mag10_top1000,0,250,99,99,3858,4335,3120,11313
hypergraph_cut,mag10_top1000,0,250,100,100,3879,4374,3101,11354
hypergraph_cut,mag10_top1000,0,250,101,101,3900,4412,3067,11379
hypergraph_cut,mag10_top1000,0,250,102,102,3920,4436,3048,11404
hypergraph_cut,mag10_top1000,0,250,103,103,3940,4458,3028,11426
hypergraph_cut,mag10_top1000,0,250,104,104,3960,4479,3008,11447
hypergraph_cut,mag10_top1000,0,250,105,105,3980,4500,2989,11469
hypergraph_cut,mag10_top1000,0,250,106,106,4000,4523,2975,11498
hypergraph_cut,mag10_top1000,0,250,107,107,4020,4544,2950,11514
hypergraph_cut,mag10_top1000,0,250,108,108,4040,4564,2931,11535
hypergraph_cut,mag10_top1000,0,250,109,109,4059,4584,2914,11557
hypergraph_cut,mag10_top1000,0,250,110,110,4078,4603,2891,11572
hypergraph_cut,mag10_top1000,0,250,111,111,4097,4625,2867,11589
hypergraph_cut,mag10_top1000,0,250,112,112,4115,4643,2851,11609
hypergraph_cut,mag10_top1000,0,250,113,113,4133,4664,2831,11628
hypergraph_cut,mag10_top1000,0,250,114,114,4151,4683,2814,11648
hypergraph_cut,mag10_top1000,0,250,115,115,4169,4704,2796,11669
hypergraph_cut,mag10_top1000,0,250,116,116,4187,4750,2770,11707
hypergraph_cut,mag10_top1000,0,250,117,117,4205,4769,2749,11723
hypergraph_cut,mag10_top1000,0,250,118,118,4223,4787,2729,11739
hypergraph_cut,mag10_top1000,0,250,119,119,4241,4806,2709,11756
hypergraph_cut,mag10_top1000,0,250,120,120,4259,4834,2686,11779
hypergraph_cut,mag10_top1000,0,250,121,121,4277,4858,2659,11794
hypergraph_cut,mag10_top1000,0,250,122,122,4294,4880,2643,11817
hypergraph_cut,mag10_top1000,0,250,123,123,4311,4912,2624,11847
hypergraph_cut,mag10_top1000,0,250,124,124,4328,4933,2600,11861
hypergraph_cut,mag10_top1000,0,250,125,125,4345,4967,2579,11891
hypergraph_cut,mag10_top1000,0,250,126,126,4362,4988,2564,11914
hypergraph_cut,mag10_top1000,0,250,127,127,4379,5008,2552,11939
hypergraph_cut,mag10_top1000,0,250,128,128,4396,5025,2530,11951
hypergraph_cut,mag10_top1000,0,250,129,129,4413,5044,2518,11975
hypergraph_cut,mag10_top1000,0,250,130,130,4430,5069,2497,11996
hypergraph_cut,mag10_top1000,0,250,131,131,4447,5089,2483,12019
hypergraph_cut,mag10_top1000,0,250,132,132,4464,5115,2460,12039
hypergraph_cut,mag10_top1000,0,250,133,133,4481,5133,2425,12039
hypergraph_cut,mag10_top1000,0,250,134,134,4497,5149,2404,12050
hypergraph_cut,mag10_top1000,0,250,135,135,4513,5168,2387,12068
hypergraph_cut,mag10_top1000,0,250,136,136,4529,5189,2363,12081
hypergraph_cut,mag10_top1000,0,250,137,137,4545,5229,2344,12118
hypergraph_cut,mag10_top1000,0,250,138,138,4561,5254,2325,12140
hypergraph_cut,mag10_top1000,0,250,139,139,4577,5276,2311,12164
hypergraph_cut,mag10_top1000,0,250,140,140,4593,5294,2280,12167
hypergraph_cut,mag10_top1000,0,250,141,141,4608,5317,2267,12192
hypergraph_cut,mag10_top1000,0,250,142,142,4623,5360,2235,12218
hypergraph_cut,mag10_top1000,0,250,143,143,4638,5384,2222,12244
hypergraph_cut,mag10_top1000,0,250,144,144,4653,5404,2207,12264
hypergraph_cut,mag10_top1000,0,250,145,145,4668,5423,2194,12285
hypergraph_cut,mag10_top1000,0,250,146,146,4683,5447,2182,12312
hypergraph_cut,mag10_top1000,0,250,147,147,4698,5468,2165,12331
hypergraph_cut,mag10_top1000,0,250,148,148,4713,5494,2140,12347
hypergraph_cut,mag10_top1000,0,250,149,149,4727,5508,2125,12360
hypergraph_cut,mag10_top1000,0,250,150,150,4741,5523,2111,12375
hypergraph_cut,mag10_top1000,0,250,151,151,4755,5541,2101,12397
hypergraph_cut,mag10_top1000,0,250,152,152,4769,5555,2084,12408
hypergraph_cut,mag10_top1000,0,250,153,153,4783,5577,2073,12433
hypergraph_cut,mag10_top1000,0,250,154,154,4797,5591,2058,12446
hypergraph_cut,mag10_top1000,0,250,155,155,4811,5610,2039,12460
hypergraph_cut,mag10_top1000,0,250,156,156,4825,5627,2026,12478
hypergraph_cut,mag10_top1000,0,250,157,157,4839,5643,2013,12495
hypergraph_cut,mag10_top1000,0,250,158,158,4853,5667,1999,12519
hypergraph_cut,mag10_top1000,0,250,159,159,4867,5700,1982,12549
hypergraph_cut,mag10_top1000,0,250,160,160,4880,5722,1961,12563
hypergraph_cut,mag10_top1000,0,250,161,161,4893,5740,1940,12573
hypergraph_cut,mag10_top1000,0,250,162,162,4906,5758,1922,12586
hypergraph_cut,mag10_top1000,0,250,163,163,4919,5771,1912,12602
hypergraph_cut,mag10_top1000,0,250,164,164,4932,5786,1903,12621
hypergraph_cut,mag10_top1000,0,250,165,165,4945,5802,1892,12639
hypergraph_cut,mag10_top1000,0,250,166,166,4958,5821,1879,12658
hypergraph_cut,mag10_top1000,0,250,167,167,4971,5840,1865,12676
hypergraph_cut,mag10_top1000,0,250,168,168,4983,5854,1857,12694
hypergraph_cut,mag10_top1000,0,250,169,169,4995,5868,1845,12708
hypergraph_cut,mag10_top1000,0,250,170,170,5007,5895,1833,12735
hypergraph_cut,mag10_top1000,0,250,171,171,5019,5910,1806,12735
hypergraph_cut,mag10_top1000,0,250,172,172,5031,5928,1793,12752
hypergraph_cut,mag10_top1000,0,250,173,173,5043,5977,1769,12789
hypergraph_cut,mag10_top1000,0,250,174,174,5055,5992,1758,12805
hypergraph_cut,mag10_top1000,0,250,175,175,5067,6005,1741,12813
hypergraph_cut,mag10_top1000,0,250,176,176,5079,6021,1722,12822
hypergraph_cut,mag10_top1000,0,250,177,177,5091,6041,1705,12837
hypergraph_cut,mag10_top1000,0,250,178,178,5103,6055,1699,12857
hypergraph_cut,mag10_top1000,0,250,179,179,5115,6076,1669,12860
hypergraph_cut,mag10_top1000,0,250,180,180,5127,6091,1654,12872
hypergraph_cut,mag10_top1000,0,250,181,181,5139,6103,1637,12879
hypergraph_cut,mag10_top1000,0,250,182,182,5150,6119,1628,12897
hypergraph_cut,mag10_top1000,0,250,183,183,5161,6132,1620,12913
hypergraph_cut,mag10_top1000,0,250,184,184,5172,6144,1602,12918
hypergraph_cut,mag10_top1000,0,250,185,185,5183,6162,1594,12939
hypergraph_cut,mag10_top1000,0,250,186,186,5194,6176,1583,12953
hypergraph_cut,mag10_top1000,0,250,187,187,5205,6194,1572,12971
hypergraph_cut,mag10_top1000,0,250,188,188,5216,6212,1552,12980
hypergraph_cut,mag10_top1000,0,250,189,189,5227,6225,1545,12997
hypergraph_cut,mag10_top1000,0,250,190,190,5238,6249,1522,13009
hypergraph_cut,mag10_top1000,0,250,191,191,5249,6262,1511,13022
hypergraph_cut,mag10_top1000,0,250,192,192,5260,6284,1506,13050
hypergraph_cut,mag10_top1000,0,250,193,193,5271,6295,1491,13057
hypergraph_cut,mag10_top1000,0,250,194,194,5282,6328,1470,13080
hypergraph_cut,mag10_top1000,0,250,195,195,5293,6350,1463,13106
hypergraph_cut,mag10_top1000,0,250,196,196,5303,6366,1452,13121
hypergraph_cut,mag10_top1000,0,250,197,197,5313,6376,1449,13138
hypergraph_cut,mag10_top1000,0,250,198,198,5323,6392,1437,13152
hypergraph_cut,mag10_top1000,0,250,199,199,5333,6408,1425,13166
hypergraph_cut,mag10_top1000,0,250,200,200,5343,6425,1405,13173
hypergraph_cut,mag10_top1000,0,250,201,201,5353,6435,1389,13177
hypergraph_cut,mag10_top1000,0,250,202,202,5363,6448,1379,13190
hypergraph_cut,mag10_top1000,0,250,203,203,5373,6473,1368,13214
hypergraph_cut,mag10_top1000,0,250,204,204,5383,6484,1353,13220
hypergraph_cut,mag10_top1000,0,250,205,205,5393,6501,1343,13237
hypergraph_cut,mag10_top1000,0,250,206,206,5402,6520,1332,13254
hypergraph_cut,mag10_top1000,0,250,207,207,5411,6535,1309,13255
hypergraph_cut,mag10_top1000,0,250,208,208,5420,6544,1301,13265
hypergraph_cut,mag10_top1000,0,250,209,209,5429,6553,1287,13269
hypergraph_cut,mag10_top1000,0,250,210,210,5438,6572,1276,13286
hypergraph_cut,mag10_top1000,0,250,211,211,5447,6585,1259,13291
hypergraph_cut,mag10_top1000,0,250,212,212,5456,6594,1255,13305
hypergraph_cut,mag10_top1000,0,250,213,213,5465,6613,1240,13318
hypergraph_cut,mag10_top1000,0,250,214,214,5474,6624,1226,13324
hypergraph_cut,mag10_top1000,0,250,215,215,5483,6633,1219,13335
hypergraph_cut,mag10_top1000,0,250,216,216,5492,6647,1204,13343
hypergraph_cut,mag10_top1000,0,250,217,217,5501,6657,1200,13358
hypergraph_cut,mag10_top1000,0,250,218,218,5510,6667,1191,13368
hypergraph_cut,mag10_top1000,0,250,219,219,5519,6682,1171,13372
hypergraph_cut,mag10_top1000,0,250,220,220,5528,6699,1159,13386
hypergraph_cut,mag10_top1000,0,250,221,221,5537,6713,1140,13390
hypergraph_cut,mag10_top1000,0,250,222,222,5546,6722,1136,13404
hypergraph_cut,mag10_top1000,0,250,223,223,5555,6739,1123,13417
hypergraph_cut,mag10_top1000,0,250,224,224,5564,6754,1109,13427
hypergraph_cut,mag10_top1000,0,250,225,225,5573,6770,1091,13434
hypergraph_cut,mag10_top1000,0,250,226,226,5581,6788,1084,13453
hypergraph_cut,mag10_top1000,0,250,227,227,5589,6806,1069,13464
hypergraph_cut,mag10_top1000,0,250,228,228,5597,6826,1056,13479
hypergraph_cut,mag10_top1000,0,250,229,229,5605,6834,1046,13485
hypergraph_cut,mag10_top1000,0,250,230,230,5613,6869,1043,13525
hypergraph_cut,mag10_top1000,0,250,231,231,5621,6881,1032,13534
hypergraph_cut,mag10_top1000,0,250,232,232,5629,6892,1018,13539
hypergraph_cut,mag10_top1000,0,250,233,233,5637,6912,1009,13558
hypergraph_cut,mag10_top1000,0,250,234,234,5645,6923,998,13566
hypergraph_cut,mag10_top1000,0,250,235,235,5653,6934,982,13569
hypergraph_cut,mag10_top1000,0,250,236,236,5661,6947,969,13577
hypergraph_cut,mag10_top1000,0,250,237,237,5669,6961,955,13585
hypergraph_cut,mag10_top1000,0,250,238,238,5677,6977,938,13592
hypergraph_cut,mag10_top1000,0,250,239,239,5685,6986,921,13592
hypergraph_cut,mag10_top1000,0,250,240,240,5692,7000,923,13615
hypergraph_cut,mag10_top1000,0,250,241,241,5699,7011,916,13626
hypergraph_cut,mag10_top1000,0,250,242,242,5706,7029,899,13634
hypergraph_cut,mag10_top1000,0,250,243,243,5713,7037,882,13632
hypergraph_cut,mag10_top1000,0,250,244,244,5720,7045,877,13642
hypergraph_cut,mag10_top1000,0,250,245,245,5727,7061,869,13657
hypergraph_cut,mag10_top1000,0,250,246,246,5734,7072,853,13659
hypergraph_cut,mag10_top1000,0,250,247,247,5741,7079,845,13665
hypergraph_cut,mag10_top1000,0,250,248,248,5748,7099,836,13683
hypergraph_cut,mag10_top1000,0,250,249,249,5755,7107,825,13687
hypergraph_cut,mag10_top1000,0,250,250,250,5762,7121,812,13695
hypergraph_cut,mag10_top1000,0,260,0,0,0,0,7663,7663
hypergraph_cut,mag10_top1000,0,260,1,1,120,120,7519,7759
hypergraph_cut,mag10_top1000,0,260,2,2,210,211,7418,7839
hypergraph_cut,mag10_top1000,0,260,3,3,296,297,7280,7873
hypergraph_cut,mag10_top1000,0,260,4,4,374,375,7179,7928
hypergraph_cut,mag10_top1000,0,260,5,5,447,448,7109,8004
hypergraph_cut,mag10_top1000,0,260,6,6,518,521,7023,8062
hypergraph_cut,mag10_top1000,0,260,7,7,585,602,6952,8139
hypergraph_cut,mag10_top1000,0,260,8,8,651,670,6878,8199
hypergraph_cut,mag10_top1000,0,260,9,9,715,734,6818,8267
hypergraph_cut,mag10_top1000,0,260,10,10,777,801,6707,8285
hypergraph_cut,mag10_top1000,0,260,11,11,838,862,6651,8351
hypergraph_cut,mag10_top1000,0,260,12,12,897,929,6586,8412
hypergraph_cut,mag10_top1000,0,260,13,13,955,989,6521,8465
hypergraph_cut,mag10_top1000,0,260,14,14,1013,1048,6450,8511
hypergraph_cut,mag10_top1000,0,260,15,15,1070,1126,6383,8579
hypergraph_cut,mag10_top1000,0,260,16,16,1126,1182,6313,8621
hypergraph_cut,mag10_top1000,0,260,17,17,1180,1238,6238,8656
hypergraph_cut,mag10_top1000,0,260,18,18,1232,1291,6171,8694
hypergraph_cut,mag10_top1000,0,260,19,19,1284,1344,6121,8749
hypergraph_cut,mag10_top1000,0,260,20,20,1335,1397,6072,8804
hypergraph_cut,mag10_top1000,0,260,21,21,1384,1446,6019,8849
hypergraph_cut,mag10_top1000,0,260,22,22,1433,1495,5961,8889
hypergraph_cut,mag10_top1000,0,260,23,23,1481,1543,5899,8923
hypergraph_cut,mag10_top1000,0,260,24,24,1529,1595,5853,8977
hypergraph_cut,mag10_top1000,0,260,25,25,1577,1643,5801,9021
hypergraph_cut,mag10_top1000,0,260,26,26,1624,1706,5764,9094
hypergraph_cut,mag10_top1000,0,260,27,27,1671,1754,5715,9140
hypergraph_cut,mag10_top1000,0,260,28,28,1718,1802,5675,9195
hypergraph_cut,mag10_top1000,0,260,29,29,1764,1851,5617,9232
hypergraph_cut,mag10_top1000,0,260,30,30,1810,1901,5568,9279
hypergraph_cut,mag10_top1000,0,260,31,31,1855,1952,5510,9317
hypergraph_cut,mag10_top1000,0,260,32,32,1900,2014,5453,9367
hypergraph_cut,mag10_top1000,0,260,33,33,1945,2059,5406,9410
hypergraph_cut,mag10_top1000,0,260,34,34,1989,2107,5356,9452
hypergraph_cut,mag10_top1000,0,260,35,35,2033,2152,5305,9490
hypergraph_cut,mag10_top1000,0,260,36,36,2075,2195,5259,9529
hypergraph_cut,mag10_top1000,0,260,37,37,2115,2242,5221,9578
hypergraph_cut,mag10_top1000,0,260,38,38,2154,2298,5176,9628
hypergraph_cut,mag10_top1000,0,260,39,39,2193,2338,5122,9653
hypergraph_cut,mag10_top1000,0,260,40,40,2232,2378,5075,9685
hypergraph_cut,mag10_top1000,0,260,41,41,2270,2416,5031,9717
hypergraph_cut,mag10_top1000,0,260,42,42,2308,2455,4986,9749
hypergraph_cut,mag10_top1000,0,260,43,43,2346,2493,4936,9775
hypergraph_cut,mag10_top1000,0,260,44,44,2383,2539,4892,9814
hypergraph_cut,mag10_top1000,0,260,45,45,2419,2582,4857,9858
hypergraph_cut,mag10_top1000,0,260,46,46,2454,2618,4822,9894
hypergraph_cut,mag10_top1000,0,260,47,47,2489,2659,4777,9925
hypergraph_cut,mag10_top1000,0,260,48,48,2524,2702,4739,9965
hypergraph_cut,mag10_top1000,0,260,49,49,2559,2749,4691,9999
hypergraph_cut,mag10_top1000,0,260,50,50,2594,2786,4655,10035
hypergraph_cut,mag10_top1000,0,260,51,51,2627,2825,4613,10065
hypergraph_cut,mag10_top1000,0,260,52,52,2660,2874,4582,10116
hypergraph_cut,mag10_top1000,0,260,53,53,2693,2909,4540,10142
hypergraph_cut,mag10_top1000,0,260,54,54,2725,2944,4493,10162
hypergraph_cut,mag10_top1000,0,260,55,55,2756,2984,4461,10201
hypergraph_cut,mag10_top1000,0,260,56,56,2786,3018,4426,10230
hypergraph_cut,mag10_top1000,0,260,57,57,2816,3057,4399,10272
hypergraph_cut,mag10_top1000,0,260,58,58,2846,3090,4372,10308
hypergraph_cut,mag10_top1000,0,260,59,59,2875,3121,4343,10339
hypergraph_cut,mag10_top1000,0,260,60,60,2904,3155,4315,10374
hypergraph_cut,mag10_top1000,0,260,61,61,2932,3199,4283,10414
hypergraph_cut,mag10_top1000,0,260,62,62,2960,3229,4260,10449
hypergraph_cut,mag10_top1000,0,260,63,63,2988,3260,4226,10474
hypergraph_cut,mag10_top1000,0,260,64,64,3016,3292,4185,10493
hypergraph_cut,mag10_top1000,0,260,65,65,3043,3321,4153,10517
hypergraph_cut,mag10_top1000,0,260,66,66,3070,3349,4129,10548
hypergraph_cut,mag10_top1000,0,260,67,67,3097,3376,4108,10581
hypergraph_cut,mag10_top1000,0,260,68,68,3124,3404,4073,10601
hypergraph_cut,mag10_top1000,0,260,69,69,3151,3434,4036,10621
hypergraph_cut,mag10_top1000,0,260,70,70,3177,3476,3994,10647
hypergraph_cut,mag10_top1000,0,260,71,71,3203,3515,3965,10683
hypergraph_cut,mag10_top1000,0,260,72,72,3229,3547,3935,10711
hypergraph_cut,mag10_top1000,0,260,73,73,3254,3576,3894,10724
hypergraph_cut,mag10_top1000,0,260,74,74,3279,3601,3868,10748
hypergraph_cut,mag10_top1000,0,260,75,75,3304,3630,3832,10766
hypergraph_cut,mag10_top1000,0,260,76,76,3329,3656,3810,10795
hypergraph_cut,mag10_top1000,0,260,77,77,3354,3688,3785,10827
hypergraph_cut,mag10_top1000,0,260,78,78,3379,3720,3742,10841
hypergraph_cut,mag10_top1000,0,260,79,79,3403,3746,3717,10866
hypergraph_cut,mag10_top1000,0,260,80,80,3427,3770,3692,10889
hypergraph_cut,mag10_top1000,0,260,81,81,3451,3796,3659,10906
hypergraph_cut,mag10_top1000,0,260,82,82,3475,3834,3622,10931
hypergraph_cut,mag10_top1000,0,260,83,83,3499,3865,3588,10952
hypergraph_cut,mag10_top1000,0,260,84,84,3522,3896,3559,10977
hypergraph_cut,mag10_top1000,0,260,85,85,3545,3928,3538,11011
hypergraph_cut,mag10_top1000,0,260,86,86,3568,3954,3505,11027
hypergraph_cut,mag10_top1000,0,260,87,87,3591,4006,3474,11071
hypergraph_cut,mag10_top1000,0,260,88,88,3614,4033,3454,11101
hypergraph_cut,mag10_top1000,0,260,89,89,3637,4060,3428,11125
hypergraph_cut,mag10_top1000,0,260,90,90,3660,4083,3413,11156
hypergraph_cut,mag10_top1000,0,260,91,91,3682,4122,3385,11189
hypergraph_cut,mag10_top1000,0,260,92,92,3704,4146,3365,11215
hypergraph_cut,mag10_top1000,0,260,93,93,3726,4169,3348,11243
hypergraph_cut,mag10_top1000,0,260,94,94,3748,4192,3325,11265
hypergraph_cut,mag10_top1000,0,260,95,95,3770,4231,3301,11302
hypergraph_cut,mag10_top1000,0,260,96,96,3792,4253,3277,11322
hypergraph_cut,mag10_top1000,0,260,97,97,3814,4287,3252,11353
hypergraph_cut,mag10_top1000,0,260,98,98,3836,4309,3223,11368
hypergraph_cut,mag10_top1000,0,260,99,99,3858,4335,3200,11393
hypergraph_cut,mag10_top1000,0,260,100,100,3879,4374,3181,11434
hypergraph_cut,mag10_top1000,0,260,101,101,3900,4412,3147,11459
hypergraph_cut,mag10_top1000,0,260,102,102,3920,4436,3128,11484
hypergraph_cut,mag10_top1000,0,260,103,103,3940,4458,3108,11506
hypergraph_cut,mag10_top1000,0,260,104,104,3960,4479,3088,11527
hypergraph_cut,mag10_top1000,0,260,105,105,3980,4500,3069,11549
hypergraph_cut,mag10_top1000,0,260,106,106,4000,4523,3055,11578
hypergraph_cut,mag10_top1000,0,260,107,107,4020,4544,3030,11594
hypergraph_cut,mag10_top1000,0,260,108,108,4040,4564,3011,11615
hypergraph_cut,mag10_top1000,0,260,109,109,4059,4584,2994,11637
hypergraph_cut,mag10_top1000,0,260,110,110,4078,4603,2971,11652
hypergraph_cut,mag10_top1000,0,260,111,111,4097,4625,2947,11669
hypergraph_cut,mag10_top1000,0,260,112,112,4115,4643,2931,11689
hypergraph_cut,mag10_top1000,0,260,113,113,4133,4664,2908,11705
hypergraph_cut,mag10_top1000,0,260,114,114,4151,4683,2891,11725
hypergraph_cut,mag10_top1000,0,260,115,115,4169,4704,2870,11743
hypergraph_cut,mag10_top1000,0,260,116,116,4187,4750,2840,11777
hypergraph_cut,mag10_top1000,0,260,117,117,4205,4769,2819,11793
hypergraph_cut,mag10_top1000,0,260,118,118,4223,4787,2799,11809
hypergraph_cut,mag10_top1000,0,260,119,119,4241,4806,2779,11826
hypergraph_cut,mag10_top1000,0,260,120,120,4259,4834,2756,11849
hypergraph_cut,mag10_top1000,0,260,121,121,4277,4858,2729,11864
hypergraph_cut,mag10_top1000,0,260,122,122,4294,4880,2713,11887
hypergraph_cut,mag10_top1000,0,260,123,123,4311,4912,2694,11917
hypergraph_cut,mag10_top1000,0,260,124,124,4328,4933,2670,11931
hypergraph_cut,mag10_top1000,0,260,125,125,4345,4967,2644,11956
hypergraph_cut,mag10_top1000,0,260,126,126,4362,4988,2626,11976
hypergraph_cut,mag10_top1000,0,260,127,127,4379,5008,2612,11999
hypergraph_cut,mag10_top1000,0,260,128,128,4396,5025,2590,12011
hypergraph_cut,mag10_top1000,0,260,129,129,4413,5044,2578,12035
hypergraph_cut,mag10_top1000,0,260,130,130,4430,5069,2557,12056
hypergraph_cut,mag10_top1000,0,260,131,131,4447,5089,2543,12079
hypergraph_cut,mag10_top1000,0,260,132,132,4464,5115,2520,12099
hypergraph_cut,mag10_top1000,0,260,133,133,4481,5133,2485,12099
hypergraph_cut,mag10_top1000,0,260,134,134,4497,5149,2464,12110
hypergraph_cut,mag10_top1000,0,260,135,135,4513,5168,2447,12128
hypergraph_cut,mag10_top1000,0,260,136,136,4529,5189,2423,12141
hypergraph_cut,mag10_top1000,0,260,137,137,4545,5229,2404,12178
hypergraph_cut,mag10_top1000,0,260,138,138,4561,5254,2385,12200
hypergraph_cut,mag10_top1000,0,260,139,139,4577,5276,2371,12224
hypergraph_cut,mag10_top1000,0,260,140,140,4593,5294,2340,12227
hypergraph_cut,mag10_top1000,0,260,141,141,4608,5317,2327,12252
hypergraph_cut,mag10_top1000,0,260,142,142,4623,5360,2295,12278
hypergraph_cut,mag10_top1000,0,260,143,143,4638,5384,2282,12304
hypergraph_cut,mag10_top1000,0,260,144,144,4653,5404,2265,12322
hypergraph_cut,mag10_top1000,0,260,145,145,4668,5423,2247,12338
hypergraph_cut,mag10_top1000,0,260,146,146,4683,5447,2238,12368
hypergraph_cut,mag10_top1000,0,260,147,147,4698,5468,2217,12383
hypergraph_cut,mag10_top1000,0,260,148,148,4713,5494,2190,12397
hypergraph_cut,mag10_top1000,0,260,149,149,4727,5508,2175,12410
hypergraph_cut,mag10_top1000,0,260,150,150,4741,5523,2161,12425
hypergraph_cut,mag10_top1000,0,260,151,151,4755,5541,2151,12447
hypergraph_cut,mag10_top1000,0,260,152,152,4769,5555,2134,12458
hypergraph_cut,mag10_top1000,0,260,153,153,4783,5577,2123,12483
hypergraph_cut,mag10_top1000,0,260,154,154,4797,5591,2108,12496
hypergraph_cut,mag10_top1000,0,260,155,155,4811,5610,2089,12510
hypergraph_cut,mag10_top1000,0,260,156,156,4825,5627,2076,12528
hypergraph_cut,mag10_top1000,0,260,157,157,4839,5643,2063,12545
hypergraph_cut,mag10_top1000,0,260,158,158,4853,5667,2049,12569
hypergraph_cut,mag10_top1000,0,260,159,159,4867,5700,2032,12599
hypergraph_cut,mag10_top1000,0,260,160,160,4880,5722,2011,12613
hypergraph_cut,mag10_top1000,0,260,161,161,4893,5740,1990,12623
hypergraph_cut,mag10_top1000,0,260,162,162,4906,5758,1972,12636
hypergraph_cut,mag10_top1000,0,260,163,163,4919,5771,1962,12652
hypergraph_cut,mag10_top1000,0,260,164,164,4932,5786,1953,12671
hypergraph_cut,mag10_top1000,0,260,165,165,4945,5802,1942,12689
hypergraph_cut,mag10_top1000,0,260,166,166,4958,5821,1929,12708
hypergraph_cut,mag10_top1000,0,260,167,167,4971,5840,1912,12723
hypergraph_cut,mag10_top1000,0,260,168,168,4983,5854,1900,12737
hypergraph_cut,mag10_top1000,0,260,169,169,4995,5868,1886,12749
hypergraph_cut,mag10_top1000,0,260,170,170,5007,5895,1873,12775
hypergraph_cut,mag10_top1000,0,260,171,171,5019,5910,1846,12775
hypergraph_cut,mag10_top1000,0,260,172,172,5031,5928,1833,12792
hypergraph_cut,mag10_top1000,0,260,173,173,5043,5977,1809,12829
hypergraph_cut,mag10_top1000,0,260,174,174,5055,5992,1798,12845
hypergraph_cut,mag10_top1000,0,260,175,175,5067,6005,1781,12853
hypergraph_cut,mag10_top1000,0,260,176,176,5079,6021,1762,12862
hypergraph_cut,mag10_top1000,0,260,177,177,5091,6041,1745,12877
hypergraph_cut,mag10_top1000,0,260,178,178,5103,6055,1739,12897
hypergraph_cut,mag10_top1000,0,260,179,179,5115,6076,1709,12900
hypergraph_cut,mag10_top1000,0,260,180,180,5127,6091,1694,12912
hypergraph_cut,mag10_top1000,0,260,181,181,5139,6103,1677,12919
hypergraph_cut,mag10_top1000,0,260,182,182,5150,6119,1668,12937
hypergraph_cut,mag10_top1000,0,260,183,183,5161,6132,1660,12953
hypergraph_cut,mag10_top1000,0,260,184,184,5172,6144,1640,12956
hypergraph_cut,mag10_top1000,0,260,185,185,5183,6162,1633,12978
hypergraph_cut,mag10_top1000,0,260,186,186,5194,6176,1619,12989
hypergraph_cut,mag10_top1000,0,260,187,187,5205,6194,1602,13001
hypergraph_cut,mag10_top1000,0,260,188,188,5216,6212,1582,13010
hypergraph_cut,mag10_top1000,0,260,189,189,5227,6225,1575,13027
hypergraph_cut,mag10_top1000,0,260,190,190,5238,6249,1552,13039
hypergraph_cut,mag10_top1000,0,260,191,191,5249,6262,1541,13052
hypergraph_cut,mag10_top1000,0,260,192,192,5260,6284,1536,13080
hypergraph_cut,mag10_top1000,0,260,193,193,5271,6295,1521,13087
hypergraph_cut,mag10_top1000,0,260,194,194,5282,6328,1500,13110
hypergraph_cut,mag10_top1000,0,260,195,195,5293,6350,1493,13136
hypergraph_cut,mag10_top1000,0,260,196,196,5303,6366,1482,13151
hypergraph_cut,mag10_top1000,0,260,197,197,5313,6376,1479,13168
hypergraph_cut,mag10_top1000,0,260,198,198,5323,6392,1467,13182
hypergraph_cut,mag10_top1000,0,260,199,199,5333,6408,1455,13196
hypergraph_cut,mag10_top1000,0,260,200,200,5343,6425,1435,13203
hypergraph_cut,mag10_top1000,0,260,201,201,5353,6435,1419,13207
hypergraph_cut,mag10_top1000,0,260,202,202,5363,6448,1409,13220
hypergraph_cut,mag10_top1000,0,260,203,203,5373,6473,1398,13244
hypergraph_cut,mag10_top1000,0,260,204,204,5383,6484,1383,13250
hypergraph_cut,mag10_top1000,0,260,205,205,5393,6501,1373,13267
hypergraph_cut,mag10_top1000,0,260,206,206,5402,6520,1358,13280
hypergraph_cut,mag10_top1000,0,260,207,207,5411,6535,1330,13276
hypergraph_cut,mag10_top1000,0,260,208,208,5420,6544,1321,13285
hypergraph_cut,mag10_top1000,0,260,209,209,5429,6553,1307,13289
hypergraph_cut,mag10_top1000,0,260,210,210,5438,6572,1296,13306
hypergraph_cut,mag10_top1000,0,260,211,211,5447,6585,1279,13311
hypergraph_cut,mag10_top1000,0,260,212,212,5456,6594,1275,13325
hypergraph_cut,mag10_top1000,0,260,213,213,5465,6613,1260,13338
hypergraph_cut,mag10_top1000,0,260,214,214,5474,6624,1246,13344
hypergraph_cut,mag10_top1000,0,260,215,215,5483,6633,1239,13355
hypergraph_cut,mag10_top1000,0,260,216,216,5492,6647,1224,13363
hypergraph_cut,mag10_top1000,0,260,217,217,5501,6657,1220,13378
hypergraph_cut,mag10_top1000,0,260,218,218,5510,6667,1211,13388
hypergraph_cut,mag10_top1000,0,260,219,219,5519,6682,1191,13392
hypergraph_cut,mag10_top1000,0,260,220,220,5528,6699,1179,13406
hypergraph_cut,mag10_top1000,0,260,221,221,5537,6713,1160,13410
hypergraph_cut,mag10_top1000,0,260,222,222,5546,6722,1156,13424
hypergraph_cut,mag10_top1000,0,260,223,223,5555,6739,1143,13437
hypergraph_cut,mag10_top1000,0,260,224,224,5564,6754,1129,13447
hypergraph_cut,mag10_top1000,0,260,225,225,5573,6770,1111,13454
hypergraph_cut,mag10_top1000,0,260,226,226,5581,6788,1104,13473
hypergraph_cut,mag10_top1000,0,260,227,227,5589,6806,1089,13484
hypergraph_cut,mag10_top1000,0,260,228,228,5597,6826,1076,13499
hypergraph_cut,mag10_top1000,0,260,229,229,5605,6834,1066,13505
hypergraph_cut,mag10_top1000,0,260,230,230,5613,6869,1063,13545
hypergraph_cut,mag10_top1000,0,260,231,231,5621,6881,1051,13553
hypergraph_cut,mag10_top1000,0,260,232,232,5629,6892,1033,13554
hypergraph_cut,mag10_top1000,0,260,233,233,5637,6912,1022,13571
hypergraph_cut,mag10_top1000,0,260,234,234,5645,6923,1009,13577
hypergraph_cut,mag10_top1000,0,260,235,235,5653,6934,992,13579
hypergraph_cut,mag10_top1000,0,260,236,236,5661,6947,979,13587
hypergraph_cut,mag10_top1000,0,260,237,237,5669,6961,965,13595
hypergraph_cut,mag10_top1000,0,260,238,238,5677,6977,948,13602
hypergraph_cut,mag10_top1000,0,260,239,239,5685,6986,931,13602
hypergraph_cut,mag10_top1000,0,260,240,240,5692,7000,933,13625
hypergraph_cut,mag10_top1000,0,260,241,241,5699,7011,926,13636
hypergraph_cut,mag10_top1000,0,260,242,242,5706,7029,909,13644
hypergraph_cut,mag10_top1000,0,260,243,243,5713,7037,892,13642
hypergraph_cut,mag10_top1000,0,260,244,244,5720,7045,887,13652
hypergraph_cut,mag10_top1000,0,260,245,245,5727,7061,879,13667
hypergraph_cut,mag10_top1000,0,260,246,246,5734,7072,863,13669
hypergraph_cut,mag10_top1000,0,260,247,247,5741,7079,855,13675
hypergraph_cut,mag10_top1000,0,260,248,248,5748,7099,846,13693
hypergraph_cut,mag10_top1000,0,260,249,249,5755,7107,835,13697
hypergraph_cut,mag10_top1000,0,260,250,250,5762,7121,822,13705
hypergraph_cut,mag10_top1000,0,260,251,251,5769,7134,817,13720
hypergraph_cut,mag10_top1000,0,260,252,252,5776,7145,803,13724
hypergraph_cut,mag10_top1000,0,260,253,253,5783,7156,793,13732
hypergraph_cut,mag10_top1000,0,260,254,254,5790,7172,774,13736
hypergraph_cut,mag10_top1000,0,260,255,255,5797,7184,763,13744
hypergraph_cut,mag10_top1000,0,260,256,256,5804,7213,758,13775
hypergraph_cut,mag10_top1000,0,260,257,257,5811,7220,752,13783
hypergraph_cut,mag10_top1000,0,260,258,258,5818,7232,738,13788
hypergraph_cut,mag10_top1000,0,260,259,259,5824,7241,729,13794
hypergraph_cut,mag10_top1000,0,260,260,260,5830,7247,724,13801
hypergraph_cut,mag10_top1000,0,270,0,0,0,0,7839,7839
hypergraph_cut,mag10_top1000,0,270,1,1,120,120,7689,7929
hypergraph_cut,mag10_top1000,0,270,2,2,210,211,7588,8009
hypergraph_cut,mag10_top1000,0,270,3,3,296,297,7450,8043
hypergraph_cut,mag10_top1000,0,270,4,4,374,375,7349,8098
hypergraph_cut,mag10_top1000,0,270,5,5,447,448,7279,8174
hypergraph_cut,mag10_top1000,0,270,6,6,518,521,7188,8227
hypergraph_cut,mag10_top1000,0,270,7,7,585,602,7112,8299
hypergraph_cut,mag10_top1000,0,270,8,8,651,670,7038,8359
hypergraph_cut,mag10_top1000,0,270,9,9,715,734,6978,8427
hypergraph_cut,mag10_top1000,0,270,10,10,777,801,6867,8445
hypergraph_cut,mag10_top1000,0,270,11,11,838,862,6811,8511
hypergraph_cut,mag10_top1000,0,270,12,12,897,929,6746,8572
hypergraph_cut,mag10_top1000,0,270,13,13,955,989,6681,8625
hypergraph_cut,mag10_top1000,0,270,14,14,1013,1048,6610,8671
hypergraph_cut,mag10_top1000,0,270,15,15,1070,1126,6543,8739
hypergraph_cut,mag10_top1000,0,270,16,16,1126,1182,6472,8780
hypergraph_cut,mag10_top1000,0,270,17,17,1180,1238,6390,8808
hypergraph_cut,mag10_top1000,0,270,18,18,1232,1291,6321,8844
hypergraph_cut,mag10_top1000,0,270,19,19,1284,1344,6271,8899
hypergraph_cut,mag10_top1000,0,270,20,20,1335,1397,6222,8954
hypergraph_cut,mag10_top1000,0,270,21,21,1384,1446,6169,8999
hypergraph_cut,mag10_top1000,0,270,22,22,1433,1495,6111,9039
hypergraph_cut,mag10_top1000,0,270,23,23,1481,1543,6046,9070
hypergraph_cut,mag10_top1000,0,270,24,24,1529,1595,5996,9120
hypergraph_cut,mag10_top1000,0,270,25,25,1577,1643,5941,9161
hypergraph_cut,mag10_top1000,0,270,26,26,1624,1706,5904,9234
hypergraph_cut,mag10_top1000,0,270,27,27,1671,1754,5855,9280
hypergraph_cut,mag10_top1000,0,270,28,28,1718,1802,5815,9335
hypergraph_cut,mag10_top1000,0,270,29,29,1764,1851,5757,9372
hypergraph_cut,mag10_top1000,0,270,30,30,1810,1901,5708,9419
hypergraph_cut,mag10_top1000,0,270,31,31,1855,1952,5650,9457
hypergraph_cut,mag10_top1000,0,270,32,32,1900,2014,5593,9507
hypergraph_cut,mag10_top1000,0,270,33,33,1945,2059,5546,9550
hypergraph_cut,mag10_top1000,0,270,34,34,1989,2107,5493,9589
hypergraph_cut,mag10_top1000,0,270,35,35,2033,2152,5438,9623
hypergraph_cut,mag10_top1000,0,270,36,36,2075,2195,5389,9659
hypergraph_cut,mag10_top1000,0,270,37,37,2115,2242,5351,9708
hypergraph_cut,mag10_top1000,0,270,38,38,2154,2298,5306,9758
hypergraph_cut,mag10_top1000,0,270,39,39,2193,2338,5252,9783
hypergraph_cut,mag10_top1000,0,270,40,40,2232,2378,5205,9815
hypergraph_cut,mag10_top1000,0,270,41,41,2270,2416,5161,9847
hypergraph_cut,mag10_top1000,0,270,42,42,2308,2455,5116,9879
hypergraph_cut,mag10_top1000,0,270,43,43,2346,2493,5066,9905
hypergraph_cut,mag10_top1000,0,270,44,44,2383,2539,5017,9939
hypergraph_cut,mag10_top1000,0,270,45,45,2419,2582,4981,9982
hypergraph_cut,mag10_top1000,0,270,46,46,2454,2618,4942,10014
hypergraph_cut,mag10_top1000,0,270,47,47,2489,2659,4897,10045
hypergraph_cut,mag10_top1000,0,270,48,48,2524,2702,4859,10085
hypergraph_cut,mag10_top1000,0,270,49,49,2559,2749,4811,10119
hypergraph_cut,mag10_top1000,0,270,50,50,2594,2786,4775,10155
hypergraph_cut,mag10_top1000,0,270,51,51,2627,2825,4733,10185
hypergraph_cut,mag10_top1000,0,270,52,52,2660,2874,4702,10236
hypergraph_cut,mag10_top1000,0,270,53,53,2693,2909,4660,10262
hypergraph_cut,mag10_top1000,0,270,54,54,2725,2944,4612,10281
hypergraph_cut,mag10_top1000,0,270,55,55,2756,2984,4578,10318
hypergraph_cut,mag10_top1000,0,270,56,56,2786,3018,4538,10342
hypergraph_cut,mag10_top1000,0,270,57,57,2816,3057,4509,10382
hypergraph_cut,mag10_top1000,0,270,58,58,2846,3090,4482,10418
hypergraph_cut,mag10_top1000,0,270,59,59,2875,3121,4453,10449
hypergraph_cut,mag10_top1000,0,270,60,60,2904,3155,4425,10484
hypergraph_cut,mag10_top1000,0,270,61,61,2932,3199,4393,10524
hypergraph_cut,mag10_top1000,0,270,62,62,2960,3229,4370,10559
hypergraph_cut,mag10_top1000,0,270,63,63,2988,3260,4336,10584
hypergraph_cut,mag10_top1000,0,270,64,64,3016,3292,4295,10603
hypergraph_cut,mag10_top1000,0,270,65,65,3043,3321,4263,10627
hypergraph_cut,mag10_top1000,0,270,66,66,3070,3349,4238,10657
hypergraph_cut,mag10_top1000,0,270,67,67,3097,3376,4214,10687
hypergraph_cut,mag10_top1000,0,270,68,68,3124,3404,4173,10701
hypergraph_cut,mag10_top1000,0,270,69,69,3151,3434,4136,10721
hypergraph_cut,mag10_top1000,0,270,70,70,3177,3476,4094,10747
hypergraph_cut,mag10_top1000,0,270,71,71,3203,3515,4065,10783
hypergraph_cut,mag10_top1000,0,270,72,72,3229,3547,4035,10811
hypergraph_cut,mag10_top1000,0,270,73,73,3254,3576,3994,10824
hypergraph_cut,mag10_top1000,0,270,74,74,3279,3601,3968,10848
hypergraph_cut,mag10_top1000,0,270,75,75,3304,3630,3932,10866
hypergraph_cut,mag10_top1000,0,270,76,76,3329,3656,3910,10895
hypergraph_cut,mag10_top1000,0,270,77,77,3354,3688,3885,10927
hypergraph_cut,mag10_top1000,0,270,78,78,3379,3720,3839,10938
hypergraph_cut,mag10_top1000,0,270,79,79,3403,3746,3812,10961
hypergraph_cut,mag10_top1000,0,270,80,80,3427,3770,3784,10981
hypergraph_cut,mag10_top1000,0,270,81,81,3451,3796,3749,10996
hypergraph_cut,mag10_top1000,0,270,82,82,3475,3834,3712,11021
hypergraph_cut,mag10_top1000,0,270,83,83,3499,3865,3678,11042
hypergraph_cut,mag10_top1000,0,270,84,84,3522,3896,3649,11067
hypergraph_cut,mag10_top1000,0,270,85,85,3545,3928,3628,11101
hypergraph_cut,mag10_top1000,0,270,86,86,3568,3954,3595,11117
hypergraph_cut,mag10_top1000,0,270,87,87,3591,4006,3564,11161
hypergraph_cut,mag10_top1000,0,270,88,88,3614,4033,3544,11191
hypergraph_cut,mag10_top1000,0,270,89,89,3637,4060,3518,11215
hypergraph_cut,mag10_top1000,0,270,90,90,3660,4083,3503,11246
hypergraph_cut,mag10_top1000,0,270,91,91,3682,4122,3475,11279
hypergraph_cut,mag10_top1000,0,270,92,92,3704,4146,3452,11302
hypergraph_cut,mag10_top1000,0,270,93,93,3726,4169,3432,11327
hypergraph_cut,mag10_top1000,0,270,94,94,3748,4192,3410,11350
hypergraph_cut,mag10_top1000,0,270,95,95,3770,4231,3381,11382
hypergraph_cut,mag10_top1000,0,270,96,96,3792,4253,3357,11402
hypergraph_cut,mag10_top1000,0,270,97,97,3814,4287,3332,11433
hypergraph_cut,mag10_top1000,0,270,98,98,3836,4309,3303,11448
hypergraph_cut,mag10_top1000,0,270,99,99,3858,4335,3280,11473
hypergraph_cut,mag10_top1000,0,270,100,100,3879,4374,3261,11514
hypergraph_cut,mag10_top1000,0,270,101,101,3900,4412,3227,11539
hypergraph_cut,mag10_top1000,0,270,102,102,3920,4436,3208,11564
hypergraph_cut,mag10_top1000,0,270,103,103,3940,4458,3188,11586
hypergraph_cut,mag10_top1000,0,270,104,104,3960,4479,3168,11607
hypergraph_cut,mag10_top1000,0,270,105,105,3980,4500,3149,11629
hypergraph_cut,mag10_top1000,0,270,106,106,4000,4523,3135,11658
hypergraph_cut,mag10_top1000,0,270,107,107,4020,4544,3110,11674
hypergraph_cut,mag10_top1000,0,270,108,108,4040,4564,3091,11695
hypergraph_cut,mag10_top1000,0,270,109,109,4059,4584,3074,11717
hypergraph_cut,mag10_top1000,0,270,110,110,4078,4603,3051,11732
hypergraph_cut,mag10_top1000,0,270,111,111,4097,4625,3023,11745
hypergraph_cut,mag10_top1000,0,270,112,112,4115,4643,3002,11760
hypergraph_cut,mag10_top1000,0,270,113,113,4133,4664,2978,11775
hypergraph_cut,mag10_top1000,0,270,114,114,4151,4683,2961,11795
hypergraph_cut,mag10_top1000,0,270,115,115,4169,4704,2940,11813
hypergraph_cut,mag10_top1000,0,270,116,116,4187,4750,2910,11847
hypergraph_cut,mag10_top1000,0,270,117,117,4205,4769,2889,11863
hypergraph_cut,mag10_top1000,0,270,118,118,4223,4787,2869,11879
hypergraph_cut,mag10_top1000,0,270,119,119,4241,4806,2849,11896
hypergraph_cut,mag10_top1000,0,270,120,120,4259,4834,2826,11919
hypergraph_cut,mag10_top1000,0,270,121,121,4277,4858,2799,11934
hypergraph_cut,mag10_top1000,0,270,122,122,4294,4880,2783,11957
hypergraph_cut,mag10_top1000,0,270,123,123,4311,4912,2760,11983
hypergraph_cut,mag10_top1000,0,270,124,124,4328,4933,2733,11994
hypergraph_cut,mag10_top1000,0,270,125,125,4345,4967,2704,12016
hypergraph_cut,mag10_top1000,0,270,126,126,4362,4988,2686,12036
hypergraph_cut,mag10_top1000,0,270,127,127,4379,5008,2672,12059
hypergraph_cut,mag10_top1000,0,270,128,128,4396,5025,2650,12071
hypergraph_cut,mag10_top1000,0,270,129,129,4413,5044,2638,12095
hypergraph_cut,mag10_top1000,0,270,130,130,4430,5069,2617,12116
hypergraph_cut,mag10_top1000,0,270,131,131,4447,5089,2603,12139
hypergraph_cut,mag10_top1000,0,270,132,132,4464,5115,2580,12159
hypergraph_cut,mag10_top1000,0,270,133,133,4481,5133,2545,12159
hypergraph_cut,mag10_top1000,0,270,134,134,4497,5149,2524,12170
hypergraph_cut,mag10_top1000,0,270,135,135,4513,5168,2507,12188
hypergraph_cut,mag10_top1000,0,270,136,136,4529,5189,2483,12201
hypergraph_cut,mag10_top1000,0,270,137,137,4545,5229,2464,12238
hypergraph_cut,mag10_top1000,0,270,138,138,4561,5254,2445,12260
hypergraph_cut,mag10_top1000,0,270,139,139,4577,5276,2431,12284
hypergraph_cut,mag10_top1000,0,270,140,140,4593,5294,2400,12287
hypergraph_cut,mag10_top1000,0,270,141,141,4608,5317,2387,12312
hypergraph_cut,mag10_top1000,0,270,142,142,4623,5360,2348,12331
hypergraph_cut,mag10_top1000,0,270,143,143,4638,5384,2333,12355
hypergraph_cut,mag10_top1000,0,270,144,144,4653,5404,2315,12372
hypergraph_cut,mag10_top1000,0,270,145,145,4668,5423,2297,12388
hypergraph_cut,mag10_top1000,0,270,146,146,4683,5447,2288,12418
hypergraph_cut,mag10_top1000,0,270,147,147,4698,5468,2267,12433
hypergraph_cut,mag10_top1000,0,270,148,148,4713,5494,2240,12447
hypergraph_cut,mag10_top1000,0,270,149,149,4727,5508,2225,12460
hypergraph_cut,mag10_top1000,0,270,150,150,4741,5523,2211,12475
hypergraph_cut,mag10_top1000,0,270,151,151,4755,5541,2201,12497
hypergraph_cut,mag10_top1000,0,270,152,152,4769,5555,2184,12508
hypergraph_cut,mag10_top1000,0,270,153,153,4783,5577,2173,12533
hypergraph_cut,mag10_top1000,0,270,154,154,4797,5591,2158,12546
hypergraph_cut,mag10_top1000,0,270,155,155,4811,5610,2139,12560
hypergraph_cut,mag10_top1000,0,270,156,156,4825,5627,2126,12578
hypergraph_cut,mag10_top1000,0,270,157,157,4839,5643,2113,12595
hypergraph_cut,mag10_top1000,0,270,158,158,4853,5667,2099,12619
hypergraph_cut,mag10_top1000,0,270,159,159,4867,5700,2082,12649
hypergraph_cut,mag10_top1000,0,270,160,160,4880,5722,2061,12663
hypergraph_cut,mag10_top1000,0,270,161,161,4893,5740,2040,12673
hypergraph_cut,mag10_top1000,0,270,162,162,4906,5758,2022,12686
hypergraph_cut,mag10_top1000,0,270,163,163,4919,5771,2012,12702
hypergraph_cut,mag10_top1000,0,270,164,164,4932,5786,2000,12718
hypergraph_cut,mag10_top1000,0,270,165,165,4945,5802,1987,12734
hypergraph_cut,mag10_top1000,0,270,166,166,4958,5821,1970,12749
hypergraph_cut,mag10_top1000,0,270,167,167,4971,5840,1952,12763
hypergraph_cut,mag10_top1000,0,270,168,168,4983,5854,1940,12777
hypergraph_cut,mag10_top1000,0,270,169,169,4995,5868,1926,12789
hypergraph_cut,mag10_top1000,0,270,170,170,5007,5895,1913,12815
hypergraph_cut,mag10_top1000,0,270,171,171,5019,5910,1886,12815
hypergraph_cut,mag10_top1000,0,270,172,172,5031,5928,1873,12832
hypergraph_cut,mag10_top1000,0,270,173,173,5043,5977,1849,12869
hypergraph_cut,mag10_top1000,0,270,174,174,5055,5992,1838,12885
hypergraph_cut,mag10_top1000,0,270,175,175,5067,6005,1821,12893
hypergraph_cut,mag10_top1000,0,270,176,176,5079,6021,1802,12902
hypergraph_cut,mag10_top1000,0,270,177,177,5091,6041,1785,12917
hypergraph_cut,mag10_top1000,0,270,178,178,5103,6055,1779,12937
hypergraph_cut,mag10_top1000,0,270,179,179,5115,6076,1749,12940
hypergraph_cut,mag10_top1000,0,270,180,180,5127,6091,1733,12951
hypergraph_cut,mag10_top1000,0,270,181,181,5139,6103,1712,12954
hypergraph_cut,mag10_top1000,0,270,182,182,5150,6119,1702,12971
hypergraph_cut,mag10_top1000,0,270,183,183,5161,6132,1691,12984
hypergraph_cut,mag10_top1000,0,270,184,184,5172,6144,1670,12986
hypergraph_cut,mag10_top1000,0,270,185,185,5183,6162,1663,13008
hypergraph_cut,mag10_top1000,0,270,186,186,5194,6176,1649,13019
hypergraph_cut,mag10_top1000,0,270,187,187,5205,6194,1632,13031
hypergraph_cut,mag10_top1000,0,270,188,188,5216,6212,1612,13040
hypergraph_cut,mag10_top1000,0,270,189,189,5227,6225,1605,13057
hypergraph_cut,mag10_top1000,0,270,190,190,5238,6249,1582,13069
hypergraph_cut,mag10_top1000,0,270,191,191,5249,6262,1571,13082
hypergraph_cut,mag10_top1000,0,270,192,192,5260,6284,1566,13110
hypergraph_cut,mag10_top1000,0,270,193,193,5271,6295,1551,13117
hypergraph_cut,mag10_top1000,0,270,194,194,5282,6328,1530,13140
hypergraph_cut,mag10_top1000,0,270,195,195,5293,6350,1523,13166
hypergraph_cut,mag10_top1000,0,270,196,196,5303,6366,1512,13181
hypergraph_cut,mag10_top1000,0,270,197,197,5313,6376,1509,13198
hypergraph_cut,mag10_top1000,0,270,198,198,5323,6392,1497,13212
hypergraph_cut,mag10_top1000,0,270,199,199,5333,6408,1485,13226
hypergraph_cut,mag10_top1000,0,270,200,200,5343,6425,1465,13233
hypergraph_cut,mag10_top1000,0,270,201,201,5353,6435,1449,13237
hypergraph_cut,mag10_top1000,0,270,202,202,5363,6448,1436,13247
hypergraph_cut,mag10_top1000,0,270,203,203,5373,6473,1423,13269
hypergraph_cut,mag10_top1000,0,270,204,204,5383,6484,1404,13271
hypergraph_cut,mag10_top1000,0,270,205,205,5393,6501,1393,13287
hypergraph_cut,mag10_top1000,0,270,206,206,5402,6520,1378,13300
hypergraph_cut,mag10_top1000,0,270,207,207,5411,6535,1350,13296
hypergraph_cut,mag10_top1000,0,270,208,208,5420,6544,1341,13305
hypergraph_cut,mag10_top1000,0,270,209,209,5429,6553,1327,13309
hypergraph_cut,mag10_top1000,0,270,210,210,5438,6572,1316,13326
hypergraph_cut,mag10_top1000,0,270,211,211,5447,6585,1299,13331
hypergraph_cut,mag10_top1000,0,270,212,212,5456,6594,1295,13345
hypergraph_cut,mag10_top1000,0,270,213,213,5465,6613,1280,13358
hypergraph_cut,mag10_top1000,0,270,214,214,5474,6624,1266,13364
hypergraph_cut,mag10_top1000,0,270,215,215,5483,6633,1259,13375
hypergraph_cut,mag10_top1000,0,270,216,216,5492,6647,1244,13383
hypergraph_cut,mag10_top1000,0,270,217,217,5501,6657,1240,13398
hypergraph_cut,mag10_top1000,0,270,218,218,5510,6667,1231,13408
hypergraph_cut,mag10_top1000,0,270,219,219,5519,6682,1211,13412
hypergraph_cut,mag10_top1000,0,270,220,220,5528,6699,1199,13426
hypergraph_cut,mag10_top1000,0,270,221,221,5537,6713,1180,13430
hypergraph_cut,mag10_top1000,0,270,222,222,5546,6722,1176,13444
hypergraph_cut,mag10_top1000,0,270,223,223,5555,6739,1163,13457
hypergraph_cut,mag10_top1000,0,270,224,224,5564,6754,1149,13467
hypergraph_cut,mag10_top1000,0,270,225,225,5573,6770,1131,13474
hypergraph_cut,mag10_top1000,0,270,226,226,5581,6788,1124,13493
hypergraph_cut,mag10_top1000,0,270,227,227,5589,6806,1106,13501
hypergraph_cut,mag10_top1000,0,270,228,228,5597,6826,1092,13515
hypergraph_cut,mag10_top1000,0,270,229,229,5605,6834,1078,13517
hypergraph_cut,mag10_top1000,0,270,230,230,5613,6869,1074,13556
hypergraph_cut,mag10_top1000,0,270,231,231,5621,6881,1061,13563
hypergraph_cut,mag10_top1000,0,270,232,232,5629,6892,1043,13564
hypergraph_cut,mag10_top1000,0,270,233,233,5637,6912,1032,13581
hypergraph_cut,mag10_top1000,0,270,234,234,5645,6923,1019,13587
hypergraph_cut,mag10_top1000,0,270,235,235,5653,6934,1002,13589
hypergraph_cut,mag10_top1000,0,270,236,236,5661,6947,989,13597
hypergraph_cut,mag10_top1000,0,270,237,237,5669,6961,975,13605
hypergraph_cut,mag10_top1000,0,270,238,238,5677,6977,958,13612
hypergraph_cut,mag10_top1000,0,270,239,239,5685,6986,941,13612
hypergraph_cut,mag10_top1000,0,270,240,240,5692,7000,943,13635
hypergraph_cut,mag10_top1000,0,270,241,241,5699,7011,936,13646
hypergraph_cut,mag10_top1000,0,270,242,242,5706,7029,919,13654
hypergraph_cut,mag10_top1000,0,270,243,243,5713,7037,902,13652
hypergraph_cut,mag10_top1000,0,270,244,244,5720,7045,897,13662
hypergraph_cut,mag10_top1000,0,270,245,245,5727,7061,889,13677
hypergraph_cut,mag10_top1000,0,270,246,246,5734,7072,873,13679
hypergraph_cut,mag10_top1000,0,270,247,247,5741,7079,865,13685
hypergraph_cut,mag10_top1000,0,270,248,248,5748,7099,856,13703
hypergraph_cut,mag10_top1000,0,270,249,249,5755,7107,845,13707
hypergraph_cut,mag10_top1000,0,270,250,250,5762,7121,832,13715
hypergraph_cut,mag10_top1000,0,270,251,251,5769,7134,827,13730
hypergraph_cut,mag10_top1000,0,270,252,252,5776,7145,813,13734
hypergraph_cut,mag10_top1000,0,270,253,253,5783,7156,803,13742
hypergraph_cut,mag10_top1000,0,270,254,254,5790,7172,784,13746
hypergraph_cut,mag10_top1000,0,270,255,255,5797,7184,773,13754
hypergraph_cut,mag10_top1000,0,270,256,256,5804,7213,768,13785
hypergraph_cut,mag10_top1000,0,270,257,257,5811,7220,762,13793
hypergraph_cut,mag10_top1000,0,270,258,258,5818,7232,746,13796
hypergraph_cut,mag10_top1000,0,270,259,259,5824,7241,735,13800
hypergraph_cut,mag10_top1000,0,270,260,260,5830,7247,729,13806
hypergraph_cut,mag10_top1000,0,270,261,261,5836,7254,720,13810
hypergraph_cut,mag10_top1000,0,270,262,262,5842,7271,704,13817
hypergraph_cut,mag10_top1000,0,270,263,263,5848,7282,694,13824
hypergraph_cut,mag10_top1000,0,270,264,264,5854,7291,685,13830
hypergraph_cut,mag10_top1000,0,270,265,265,5860,7311,672,13843
hypergraph_cut,mag10_top1000,0,270,266,266,5866,7331,661,13858
hypergraph_cut,mag10_top1000,0,270,267,267,5872,7354,649,13875
hypergraph_cut,mag10_top1000,0,270,268,268,5878,7360,647,13885
hypergraph_cut,mag10_top1000,0,270,269,269,5884,7368,640,13892
hypergraph_cut,mag10_top1000,0,270,270,270,5890,7390,626,13906
hypergraph_cut,mag10_top1000,0,280,0,0,0,0,8009,8009
hypergraph_cut,mag10_top1000,0,280,1,1,120,120,7859,8099
hypergraph_cut,mag10_top1000,0,280,2,2,210,211,7758,8179
hypergraph_cut,mag10_top1000,0,280,3,3,296,297,7620,8213
hypergraph_cut,mag10_top1000,0,280,4,4,374,375,7516,8265
hypergraph_cut,mag10_top1000,0,280,5,5,447,448,7442,8337
hypergraph_cut,mag10_top1000,0,280,6,6,518,521,7348,8387
hypergraph_cut,mag10_top1000,0,280,7,7,585,602,7272,8459
hypergraph_cut,mag10_top1000,0,280,8,8,651,670,7198,8519
hypergraph_cut,mag10_top1000,0,280,9,9,715,734,7138,8587
hypergraph_cut,mag10_top1000,0,280,10,10,777,801,7027,8605
hypergraph_cut,mag10_top1000,0,280,11,11,838,862,6971,8671
hypergraph_cut,mag10_top1000,0,280,12,12,897,929,6906,8732
hypergraph_cut,mag10_top1000,0,280,13,13,955,989,6841,8785
hypergraph_cut,mag10_top1000,0,280,14,14,1013,1048,6770,8831
hypergraph_cut,mag10_top1000,0,280,15,15,1070,1126,6696,8892
hypergraph_cut,mag10_top1000,0,280,16,16,1126,1182,6622,8930
hypergraph_cut,mag10_top1000,0,280,17,17,1180,1238,6540,8958
hypergraph_cut,mag10_top1000,0,280,18,18,1232,1291,6471,8994
hypergraph_cut,mag10_top1000,0,280,19,19,1284,1344,6421,9049
hypergraph_cut,mag10_top1000,0,280,20,20,1335,1397,6372,9104
hypergraph_cut,mag10_top1000,0,280,21,21,1384,1446,6319,9149
hypergraph_cut,mag10_top1000,0,280,22,22,1433,1495,6258,9186
hypergraph_cut,mag10_top1000,0,280,23,23,1481,1543,6186,9210
hypergraph_cut,mag10_top1000,0,280,24,24,1529,1595,6136,9260
hypergraph_cut,mag10_top1000,0,280,25,25,1577,1643,6081,9301
hypergraph_cut,mag10_top1000,0,280,26,26,1624,1706,6044,9374
hypergraph_cut,mag10_top1000,0,280,27,27,1671,1754,5995,9420
hypergraph_cut,mag10_top1000,0,280,28,28,1718,1802,5955,9475
hypergraph_cut,mag10_top1000,0,280,29,29,1764,1851,5897,9512
hypergraph_cut,mag10_top1000,0,280,30,30,1810,1901,5848,9559
hypergraph_cut,mag10_top1000,0,280,31,31,1855,1952,5790,9597
hypergraph_cut,mag10_top1000,0,280,32,32,1900,2014,5729,9643
hypergraph_cut,mag10_top1000,0,280,33,33,1945,2059,5678,9682
hypergraph_cut,mag10_top1000,0,280,34,34,1989,2107,5623,9719
hypergraph_cut,mag10_top1000,0,280,35,35,2033,2152,5568,9753
hypergraph_cut,mag10_top1000,0,280,36,36,2075,2195,5519,9789
hypergraph_cut,mag10_top1000,0,280,37,37,2115,2242,5481,9838
hypergraph_cut,mag10_top1000,0,280,38,38,2154,2298,5436,9888
hypergraph_cut,mag10_top1000,0,280,39,39,2193,2338,5382,9913
hypergraph_cut,mag10_top1000,0,280,40,40,2232,2378,5335,9945
hypergraph_cut,mag10_top1000,0,280,41,41,2270,2416,5291,9977
hypergraph_cut,mag10_top1000,0,280,42,42,2308,2455,5245,10008
hypergraph_cut,mag10_top1000,0,280,43,43,2346,2493,5190,10029
hypergraph_cut,mag10_top1000,0,280,44,44,2383,2539,5137,10059
hypergraph_cut,mag10_top1000,0,280,45,45,2419,2582,5101,10102
hypergraph_cut,mag10_top1000,0,280,46,46,2454,2618,5062,10134
hypergraph_cut,mag10_top1000,0,280,47,47,2489,2659,5017,10165
hypergraph_cut,mag10_top1000,0,280,48,48,2524,2702,4979,10205
hypergraph_cut,mag10_top1000,0,280,49,49,2559,2749,4931,10239
hypergraph_cut,mag10_top1000,0,280,50,50,2594,2786,4895,10275
hypergraph_cut,mag10_top1000,0,280,51,51,2627,2825,4853,10305
hypergraph_cut,mag10_top1000,0,280,52,52,2660,2874,4821,10355
hypergraph_cut,mag10_top1000,0,280,53,53,2693,2909,4773,10375
hypergraph_cut,mag10_top1000,0,280,54,54,2725,2944,4722,10391
hypergraph_cut,mag10_top1000,0,280,55,55,2756,2984,4688,10428
hypergraph_cut,mag10_top1000,0,280,56,56,2786,3018,4648,10452
hypergraph_cut,mag10_top1000,0,280,57,57,2816,3057,4619,10492
hypergraph_cut,mag10_top1000,0,280,58,58,2846,3090,4592,10528
hypergraph_cut,mag10_top1000,0,280,59,59,2875,3121,4563,10559
hypergraph_cut,mag10_top1000,0,280,60,60,2904,3155,4535,10594
hypergraph_cut,mag10_top1000,0,280,61,61,2932,3199,4503,10634
hypergraph_cut,mag10_top1000,0,280,62,62,2960,3229,4480,10669
hypergraph_cut,mag10_top1000,0,280,63,63,2988,3260,4444,10692
hypergraph_cut,mag10_top1000,0,280,64,64,3016,3292,4401,10709
hypergraph_cut,mag10_top1000,0,280,65,65,3043,3321,4364,10728
hypergraph_cut,mag10_top1000,0,280,66,66,3070,3349,4338,10757
hypergraph_cut,mag10_top1000,0,280,67,67,3097,3376,4314,10787
hypergraph_cut,mag10_top1000,0,280,68,68,3124,3404,4273,10801
hypergraph_cut,mag10_top1000,0,280,69,69,3151,3434,4236,10821
hypergraph_cut,mag10_top1000,0,280,70,70,3177,3476,4194,10847
hypergraph_cut,mag10_top1000,0,280,71,71,3203,3515,4165,10883
hypergraph_cut,mag10_top1000,0,280,72,72,3229,3547,4135,10911
hypergraph_cut,mag10_top1000,0,280,73,73,3254,3576,4094,10924
hypergraph_cut,mag10_top1000,0,280,74,74,3279,3601,4068,10948
hypergraph_cut,mag10_top1000,0,280,75,75,3304,3630,4027,10961
hypergraph_cut,mag10_top1000,0,280,76,76,3329,3656,4004,10989
hypergraph_cut,mag10_top1000,0,280,77,77,3354,3688,3977,11019
hypergraph_cut,mag10_top1000,0,280,78,78,3379,3720,3929,11028
hypergraph_cut,mag10_top1000,0,280,79,79,3403,3746,3902,11051
hypergraph_cut,mag10_top1000,0,280,80,80,3427,3770,3874,11071
hypergraph_cut,mag10_top1000,0,280,81,81,3451,3796,3839,11086
hypergraph_cut,mag10_top1000,0,280,82,82,3475,3834,3802,11111
hypergraph_cut,mag10_top1000,0,280,83,83,3499,3865,3768,11132
hypergraph_cut,mag10_top1000,0,280,84,84,3522,3896,3739,11157
hypergraph_cut,mag10_top1000,0,280,85,85,3545,3928,3718,11191
hypergraph_cut,mag10_top1000,0,280,86,86,3568,3954,3685,11207
hypergraph_cut,mag10_top1000,0,280,87,87,3591,4006,3654,11251
hypergraph_cut,mag10_top1000,0,280,88,88,3614,4033,3634,11281
hypergraph_cut,mag10_top1000,0,280,89,89,3637,4060,3603,11300
hypergraph_cut,mag10_top1000,0,280,90,90,3660,4083,3589,11332
hypergraph_cut,mag10_top1000,0,280,91,91,3682,4122,3557,11361
hypergraph_cut,mag10_top1000,0,280,92,92,3704,4146,3532,11382
hypergraph_cut,mag10_top1000,0,280,93,93,3726,4169,3512,11407
hypergraph_cut,mag10_top1000,0,280,94,94,3748,4192,3490,11430
hypergraph_cut,mag10_top1000,0,280,95,95,3770,4231,3461,11462
hypergraph_cut,mag10_top1000,0,280,96,96,3792,4253,3437,11482
hypergraph_cut,mag10_top1000,0,280,97,97,3814,4287,3412,11513
hypergraph_cut,mag10_top1000,0,280,98,98,3836,4309,3383,11528
hypergraph_cut,mag10_top1000,0,280,99,99,3858,4335,3360,11553
hypergraph_cut,mag10_top1000,0,280,100,100,3879,4374,3341,11594
hypergraph_cut,mag10_top1000,0,280,101,101,3900,4412,3307,11619
hypergraph_cut,mag10_top1000,0,280,102,102,3920,4436,3288,11644
hypergraph_cut,mag10_top1000,0,280,103,103,3940,4458,3268,11666
hypergraph_cut,mag10_top1000,0,280,104,104,3960,4479,3248,11687
hypergraph_cut,mag10_top1000,0,280,105,105,3980,4500,3229,11709
hypergraph_cut,mag10_top1000,0,280,106,106,4000,4523,3213,11736
hypergraph_cut,mag10_top1000,0,280,107,107,4020,4544,3187,11751
hypergraph_cut,mag10_top1000,0,280,108,108,4040,4564,3167,11771
hypergraph_cut,mag10_top1000,0,280,109,109,4059,4584,3147,11790
hypergraph_cut,mag10_top1000,0,280,110,110,4078,4603,3121,11802
hypergraph_cut,mag10_top1000,0,280,111,111,4097,4625,3093,11815
hypergraph_cut,mag10_top1000,0,280,112,112,4115,4643,3072,11830
hypergraph_cut,mag10_top1000,0,280,113,113,4133,4664,3048,11845
hypergraph_cut,mag10_top1000,0,280,114,114,4151,4683,3031,11865
hypergraph_cut,mag10_top1000,0,280,115,115,4169,4704,3010,11883
hypergraph_cut,mag10_top1000,0,280,116,116,4187,4750,2980,11917
hypergraph_cut,mag10_top1000,0,280,117,117,4205,4769,2959,11933
hypergraph_cut,mag10_top1000,0,280,118,118,4223,4787,2939,11949
hypergraph_cut,mag10_top1000,0,280,119,119,4241,4806,2919,11966
hypergraph_cut,mag10_top1000,0,280,120,120,4259,4834,2891,11984
hypergraph_cut,mag10_top1000,0,280,121,121,4277,4858,2862,11997
hypergraph_cut,mag10_top1000,0,280,122,122,4294,4880,2845,12019
hypergraph_cut,mag10_top1000,0,280,123,123,4311,4912,2820,12043
hypergraph_cut,mag10_top1000,0,280,124,124,4328,4933,2793,12054
hypergraph_cut,mag10_top1000,0,280,125,125,4345,4967,2764,12076
hypergraph_cut,mag10_top1000,0,280,126,126,4362,4988,2746,12096
hypergraph_cut,mag10_top1000,0,280,127,127,4379,5008,2732,12119
hypergraph_cut,mag10_top1000,0,280,128,128,4396,5025,2710,12131
hypergraph_cut,mag10_top1000,0,280,129,129,4413,5044,2698,12155
hypergraph_cut,mag10_top1000,0,280,130,130,4430,5069,2677,12176
hypergraph_cut,mag10_top1000,0,280,131,131,4447,5089,2663,12199
hypergraph_cut,mag10_top1000,0,280,132,132,4464,5115,2640,12219
hypergraph_cut,mag10_top1000,0,280,133,133,4481,5133,2605,12219
hypergraph_cut,mag10_top1000,0,280,134,134,4497,5149,2584,12230
hypergraph_cut,mag10_top1000,0,280,135,135,4513,5168,2567,12248
hypergraph_cut,mag10_top1000,0,280,136,136,4529,5189,2543,12261
hypergraph_cut,mag10_top1000,0,280,137,137,4545,5229,2524,12298
hypergraph_cut,mag10_top1000,0,280,138,138,4561,5254,2505,12320
hypergraph_cut,mag10_top1000,0,280,139,139,4577,5276,2491,12344
hypergraph_cut,mag10_top1000,0,280,140,140,4593,5294,2457,12344
hypergraph_cut,mag10_top1000,0,280,141,141,4608,5317,2438,12363
hypergraph_cut,mag10_top1000,0,280,142,142,4623,5360,2398,12381
hypergraph_cut,mag10_top1000,0,280,143,143,4638,5384,2383,12405
hypergraph_cut,mag10_top1000,0,280,144,144,4653,5404,2365,12422
hypergraph_cut,mag10_top1000,0,280,145,145,4668,5423,2347,12438
hypergraph_cut,mag10_top1000,0,280,146,146,4683,5447,2338,12468
hypergraph_cut,mag10_top1000,0,280,147,147,4698,5468,2317,12483
hypergraph_cut,mag10_top1000,0,280,148,148,4713,5494,2290,12497
hypergraph_cut,mag10_top1000,0,280,149,149,4727,5508,2275,12510
hypergraph_cut,mag10_top1000,0,280,150,150,4741,5523,2261,12525
hypergraph_cut,mag10_top1000,0,280,151,151,4755,5541,2251,12547
hypergraph_cut,mag10_top1000,0,280,152,152,4769,5555,2234,12558
hypergraph_cut,mag10_top1000,0,280,153,153,4783,5577,2223,12583
hypergraph_cut,mag10_top1000,0,280,154,154,4797,5591,2208,12596
hypergraph_cut,mag10_top1000,0,280,155,155,4811,5610,2189,12610
hypergraph_cut,mag10_top1000,0,280,156,156,4825,5627,2176,12628
hypergraph_cut,mag10_top1000,0,280,157,157,4839,5643,2163,12645
hypergraph_cut,mag10_top1000,0,280,158,158,4853,5667,2149,12669
hypergraph_cut,mag10_top1000,0,280,159,159,4867,5700,2132,12699
hypergraph_cut,mag10_top1000,0,280,160,160,4880,5722,2111,12713
hypergraph_cut,mag10_top1000,0,280,161,161,4893,5740,2087,12720
hypergraph_cut,mag10_top1000,0,280,162,162,4906,5758,2066,12730
hypergraph_cut,mag10_top1000,0,280,163,163,4919,5771,2052,12742
hypergraph_cut,mag10_top1000,0,280,164,164,4932,5786,2040,12758
hypergraph_cut,mag10_top1000,0,280,165,165,4945,5802,2027,12774
hypergraph_cut,mag10_top1000,0,280,166,166,4958,5821,2010,12789
hypergraph_cut,mag10_top1000,0,280,167,167,4971,5840,1992,12803
hypergraph_cut,mag10_top1000,0,280,168,168,4983,5854,1980,12817
hypergraph_cut,mag10_top1000,0,280,169,169,4995,5868,1966,12829
hypergraph_cut,mag10_top1000,0,280,170,170,5007,5895,1953,12855
hypergraph_cut,mag10_top1000,0,280,171,171,5019,5910,1926,12855
hypergraph_cut,mag10_top1000,0,280,172,172,5031,5928,1913,12872
hypergraph_cut,mag10_top1000,0,280,173,173,5043,5977,1889,12909
hypergraph_cut,mag10_top1000,0,280,174,174,5055,5992,1878,12925
hypergraph_cut,mag10_top1000,0,280,175,175,5067,6005,1861,12933
hypergraph_cut,mag10_top1000,0,280,176,176,5079,6021,1842,12942
hypergraph_cut,mag10_top1000,0,280,177,177,5091,6041,1825,12957
hypergraph_cut,mag10_top1000,0,280,178,178,5103,6055,1818,12976
hypergraph_cut,mag10_top1000,0,280,179,179,5115,6076,1781,12972
hypergraph_cut,mag10_top1000,0,280,180,180,5127,6091,1763,12981
hypergraph_cut,mag10_top1000,0,280,181,181,5139,6103,1742,12984
hypergraph_cut,mag10_top1000,0,280,182,182,5150,6119,1732,13001
hypergraph_cut,mag10_top1000,0,280,183,183,5161,6132,1721,13014
hypergraph_cut,mag10_top1000,0,280,184,184,5172,6144,1700,13016
hypergraph_cut,mag10_top1000,0,280,185,185,5183,6162,1693,13038
hypergraph_cut,mag10_top1000,0,280,186,186,5194,6176,1679,13049
hypergraph_cut,mag10_top1000,0,280,187,187,5205,6194,1662,13061
hypergraph_cut,mag10_top1000,0,280,188,188,5216,6212,1642,13070
hypergraph_cut,mag10_top1000,0,280,189,189,5227,6225,1635,13087
hypergraph_cut,mag10_top1000,0,280,190,190,5238,6249,1612,13099
hypergraph_cut,mag10_top1000,0,280,191,191,5249,6262,1601,13112
hypergraph_cut,mag10_top1000,0,280,192,192,5260,6284,1596,13140
hypergraph_cut,mag10_top1000,0,280,193,193,5271,6295,1581,13147
hypergraph_cut,mag10_top1000,0,280,194,194,5282,6328,1560,13170
hypergraph_cut,mag10_top1000,0,280,195,195,5293,6350,1553,13196
hypergraph_cut,mag10_top1000,0,280,196,196,5303,6366,1542,13211
hypergraph_cut,mag10_top1000,0,280,197,197,5313,6376,1539,13228
hypergraph_cut,mag10_top1000,0,280,198,198,5323,6392,1527,13242
hypergraph_cut,mag10_top1000,0,280,199,199,5333,6408,1513,13254
hypergraph_cut,mag10_top1000,0,280,200,200,5343,6425,1488,13256
hypergraph_cut,mag10_top1000,0,280,201,201,5353,6435,1469,13257
hypergraph_cut,mag10_top1000,0,280,202,202,5363,6448,1456,13267
hypergraph_cut,mag10_top1000,0,280,203,203,5373,6473,1443,13289
hypergraph_cut,mag10_top1000,0,280,204,204,5383,6484,1424,13291
hypergraph_cut,mag10_top1000,0,280,205,205,5393,6501,1413,13307
hypergraph_cut,mag10_top1000,0,280,206,206,5402,6520,1398,13320
hypergraph_cut,mag10_top1000,0,280,207,207,5411,6535,1370,13316
hypergraph_cut,mag10_top1000,0,280,208,208,5420,6544,1361,13325
hypergraph_cut,mag10_top1000,0,280,209,209,5429,6553,1347,13329
hypergraph_cut,mag10_top1000,0,280,210,210,5438,6572,1336,13346
hypergraph_cut,mag10_top1000,0,280,211,211,5447,6585,1319,13351
hypergraph_cut,mag10_top1000,0,280,212,212,5456,6594,1315,13365
hypergraph_cut,mag10_top1000,0,280,213,213,5465,6613,1300,13378
hypergraph_cut,mag10_top1000,0,280,214,214,5474,6624,1286,13384
hypergraph_cut,mag10_top1000,0,280,215,215,5483,6633,1279,13395
hypergraph_cut,mag10_top1000,0,280,216,216,5492,6647,1264,13403
hypergraph_cut,mag10_top1000,0,280,217,217,5501,6657,1260,13418
hypergraph_cut,mag10_top1000,0,280,218,218,5510,6667,1251,13428
hypergraph_cut,mag10_top1000,0,280,219,219,5519,6682,1231,13432
hypergraph_cut,mag10_top1000,0,280,220,220,5528,6699,1219,13446
hypergraph_cut,mag10_top1000,0,280,221,221,5537,6713,1200,13450
hypergraph_cut,mag10_top1000,0,280,222,222,5546,6722,1196,13464
hypergraph_cut,mag10_top1000,0,280,223,223,5555,6739,1183,13477
hypergraph_cut,mag10_top1000,0,280,224,224,5564,6754,1168,13486
hypergraph_cut,mag10_top1000,0,280,225,225,5573,6770,1145,13488
hypergraph_cut,mag10_top1000,0,280,226,226,5581,6788,1134,13503
hypergraph_cut,mag10_top1000,0,280,227,227,5589,6806,1116,13511
hypergraph_cut,mag10_top1000,0,280,228,228,5597,6826,1102,13525
hypergraph_cut,mag10_top1000,0,280,229,229,5605,6834,1088,13527
hypergraph_cut,mag10_top1000,0,280,230,230,5613,6869,1084,13566
hypergraph_cut,mag10_top1000,0,280,231,231,5621,6881,1071,13573
hypergraph_cut,mag10_top1000,0,280,232,232,5629,6892,1053,13574
hypergraph_cut,mag10_top1000,0,280,233,233,5637,6912,1042,13591
hypergraph_cut,mag10_top1000,0,280,234,234,5645,6923,1029,13597
hypergraph_cut,mag10_top1000,0,280,235,235,5653,6934,1012,13599
hypergraph_cut,mag10_top1000,0,280,236,236,5661,6947,999,13607
hypergraph_cut,mag10_top1000,0,280,237,237,5669,6961,985,13615
hypergraph_cut,mag10_top1000,0,280,238,238,5677,6977,968,13622
hypergraph_cut,mag10_top1000,0,280,239,239,5685,6986,951,13622
hypergraph_cut,mag10_top1000,0,280,240,240,5692,7000,953,13645
hypergraph_cut,mag10_top1000,0,280,241,241,5699,7011,946,13656
hypergraph_cut,mag10_top1000,0,280,242,242,5706,7029,929,13664
hypergraph_cut,mag10_top1000,0,280,243,243,5713,7037,912,13662
hypergraph_cut,mag10_top1000,0,280,244,244,5720,7045,907,13672
hypergraph_cut,mag10_top1000,0,280,245,245,5727,7061,899,13687
hypergraph_cut,mag10_top1000,0,280,246,246,5734,7072,883,13689
hypergraph_cut,mag10_top1000,0,280,247,247,5741,7079,875,13695
hypergraph_cut,mag10_top1000,0,280,248,248,5748,7099,866,13713
hypergraph_cut,mag10_top1000,0,280,249,249,5755,7107,855,13717
hypergraph_cut,mag10_top1000,0,280,250,250,5762,7121,842,13725
hypergraph_cut,mag10_top1000,0,280,251,251,5769,7134,837,13740
hypergraph_cut,mag10_top1000,0,280,252,252,5776,7145,819,13740
hypergraph_cut,mag10_top1000,0,280,253,253,5783,7156,807,13746
hypergraph_cut,mag10_top1000,0,280,254,254,5790,7172,785,13747
hypergraph_cut,mag10_top1000,0,280,255,255,5797,7184,773,13754
hypergraph_cut,mag10_top1000,0,280,256,256,5804,7213,768,13785
hypergraph_cut,mag10_top1000,0,280,257,257,5811,7220,763,13794
hypergraph_cut,mag10_top1000,0,280,258,258,5818,7232,746,13796
hypergraph_cut,mag10_top1000,0,280,259,259,5824,7241,735,13800
hypergraph_cut,mag10_top1000,0,280,260,260,5830,7247,729,13806
hypergraph_cut,mag10_top1000,0,280,261,261,5836,7254,720,13810
hypergraph_cut,mag10_top1000,0,280,262,262,5842,7271,704,13817
hypergraph_cut,mag10_top1000,0,280,263,263,5848,7282,694,13824
hypergraph_cut,mag10_top1000,0,280,264,264,5854,7291,685,13830
hypergraph_cut,mag10_top1000,0,280,265,265,5860,7311,672,13843
hypergraph_cut,mag10_top1000,0,280,266,266,5866,7331,661,13858
hypergraph_cut,mag10_top1000,0,280,267,267,5872,7354,649,13875
hypergraph_cut,mag10_top1000,0,280,268,268,5878,7360,647,13885
hypergraph_cut,mag10_top1000,0,280,269,269,5884,7368,640,13892
hypergraph_cut,mag10_top1000,0,280,270,270,5890,7390,626,13906
hypergraph_cut,mag10_top1000,0,280,271,271,5896,7400,617,13913
hypergraph_cut,mag10_top1000,0,280,272,272,5902,7412,605,13919
hypergraph_cut,mag10_top1000,0,280,273,273,5908,7432,598,13938
hypergraph_cut,mag10_top1000,0,280,274,274,5914,7438,589,13941
hypergraph_cut,mag10_top1000,0,280,275,275,5920,7448,570,13938
hypergraph_cut,mag10_top1000,0,280,276,276,5926,7461,558,13945
hypergraph_cut,mag10_top1000,0,280,277,277,5932,7476,552,13960
hypergraph_cut,mag10_top1000,0,280,278,278,5938,7485,546,13969
hypergraph_cut,mag10_top1000,0,280,279,279,5944,7495,535,13974
hypergraph_cut,mag10_top1000,0,280,280,280,5950,7506,531,13987
hypergraph_cut,mag10_top1000,0,290,0,0,0,0,8179,8179
hypergraph_cut,mag10_top1000,0,290,1,1,120,120,8029,8269
hypergraph_cut,mag10_top1000,0,290,2,2,210,211,7928,8349
hypergraph_cut,mag10_top1000,0,290,3,3,296,297,7784,8377
hypergraph_cut,mag10_top1000,0,290,4,4,374,375,7676,8425
hypergraph_cut,mag10_top1000,0,290,5,5,447,448,7602,8497
hypergraph_cut,mag10_top1000,0,290,6,6,518,521,7508,8547
hypergraph_cut,mag10_top1000,0,290,7,7,585,602,7432,8619
hypergraph_cut,mag10_top1000,0,290,8,8,651,670,7358,8679
hypergraph_cut,mag10_top1000,0,290,9,9,715,734,7298,8747
hypergraph_cut,mag10_top1000,0,290,10,10,777,801,7187,8765
hypergraph_cut,mag10_top1000,0,290,11,11,838,862,7131,8831
hypergraph_cut,mag10_top1000,0,290,12,12,897,929,7066,8892
hypergraph_cut,mag10_top1000,0,290,13,13,955,989,7000,8944
hypergraph_cut,mag10_top1000,0,290,14,14,1013,1048,6923,8984
hypergraph_cut,mag10_top1000,0,290,15,15,1070,1126,6846,9042
hypergraph_cut,mag10_top1000,0,290,16,16,1126,1182,6772,9080
hypergraph_cut,mag10_top1000,0,290,17,17,1180,1238,6690,9108
hypergraph_cut,mag10_top1000,0,290,18,18,1232,1291,6621,9144
hypergraph_cut,mag10_top1000,0,290,19,19,1284,1344,6571,9199
hypergraph_cut,mag10_top1000,0,290,20,20,1335,1397,6521,9253
hypergraph_cut,mag10_top1000,0,290,21,21,1384,1446,6461,9291
hypergraph_cut,mag10_top1000,0,290,22,22,1433,1495,6398,9326
hypergraph_cut,mag10_top1000,0,290,23,23,1481,1543,6326,9350
hypergraph_cut,mag10_top1000,0,290,24,24,1529,1595,6276,9400
hypergraph_cut,mag10_top1000,0,290,25,25,1577,1643,6221,9441
hypergraph_cut,mag10_top1000,0,290,26,26,1624,1706,6184,9514
hypergraph_cut,mag10_top1000,0,290,27,27,1671,1754,6135,9560
hypergraph_cut,mag10_top1000,0,290,28,28,1718,1802,6095,9615
hypergraph_cut,mag10_top1000,0,290,29,29,1764,1851,6036,9651
hypergraph_cut,mag10_top1000,0,290,30,30,1810,1901,5984,9695
hypergraph_cut,mag10_top1000,0,290,31,31,1855,1952,5920,9727
hypergraph_cut,mag10_top1000,0,290,32,32,1900,2014,5859,9773
hypergraph_cut,mag10_top1000,0,290,33,33,1945,2059,5808,9812
hypergraph_cut,mag10_top1000,0,290,34,34,1989,2107,5753,9849
hypergraph_cut,mag10_top1000,0,290,35,35,2033,2152,5698,9883
hypergraph_cut,mag10_top1000,0,290,36,36,2075,2195,5649,9919
hypergraph_cut,mag10_top1000,0,290,37,37,2115,2242,5611,9968
hypergraph_cut,mag10_top1000,0,290,38,38,2154,2298,5566,10018
hypergraph_cut,mag10_top1000,0,290,39,39,2193,2338,5512,10043
hypergraph_cut,mag10_top1000,0,290,40,40,2232,2378,5461,10071
hypergraph_cut,mag10_top1000,0,290,41,41,2270,2416,5415,10101
hypergraph_cut,mag10_top1000,0,290,42,42,2308,2455,5365,10128
hypergraph_cut,mag10_top1000,0,290,43,43,2346,2493,5310,10149
hypergraph_cut,mag10_top1000,0,290,44,44,2383,2539,5257,10179
hypergraph_cut,mag10_top1000,0,290,45,45,2419,2582,5221,10222
hypergraph_cut,mag10_top1000,0,290,46,46,2454,2618,5182,10254
hypergraph_cut,mag10_top1000,0,290,47,47,2489,2659,5137,10285
hypergraph_cut,mag10_top1000,0,290,48,48,2524,2702,5099,10325
hypergraph_cut,mag10_top1000,0,290,49,49,2559,2749,5051,10359
hypergraph_cut,mag10_top1000,0,290,50,50,2594,2786,5011,10391
hypergraph_cut,mag10_top1000,0,290,51,51,2627,2825,4964,10416
hypergraph_cut,mag10_top1000,0,290,52,52,2660,2874,4931,10465
hypergraph_cut,mag10_top1000,0,290,53,53,2693,2909,4883,10485
hypergraph_cut,mag10_top1000,0,290,54,54,2725,2944,4832,10501
hypergraph_cut,mag10_top1000,0,290,55,55,2756,2984,4798,10538
hypergraph_cut,mag10_top1000,0,290,56,56,2786,3018,4758,10562
hypergraph_cut,mag10_top1000,0,290,57,57,2816,3057,4729,10602
hypergraph_cut,mag10_top1000,0,290,58,58,2846,3090,4702,10638
hypergraph_cut,mag10_top1000,0,290,59,59,2875,3121,4673,10669
hypergraph_cut,mag10_top1000,0,290,60,60,2904,3155,4645,10704
hypergraph_cut,mag10_top1000,0,290,61,61,2932,3199,4607,10738
hypergraph_cut,mag10_top1000,0,290,62,62,2960,3229,4581,10770
hypergraph_cut,mag10_top1000,0,290,63,63,2988,3260,4544,10792
hypergraph_cut,mag10_top1000,0,290,64,64,3016,3292,4501,10809
hypergraph_cut,mag10_top1000,0,290,65,65,3043,3321,4464,10828
hypergraph_cut,mag10_top1000,0,290,66,66,3070,3349,4438,10857
hypergraph_cut,mag10_top1000,0,290,67,67,3097,3376,4414,10887
hypergraph_cut,mag10_top1000,0,290,68,68,3124,3404,4373,10901
hypergraph_cut,mag10_top1000,0,290,69,69,3151,3434,4336,10921
hypergraph_cut,mag10_top1000,0,290,70,70,3177,3476,4294,10947
hypergraph_cut,mag10_top1000,0,290,71,71,3203,3515,4265,10983
hypergraph_cut,mag10_top1000,0,290,72,72,3229,3547,4235,11011
hypergraph_cut,mag10_top1000,0,290,73,73,3254,3576,4188,11018
hypergraph_cut,mag10_top1000,0,290,74,74,3279,3601,4158,11038
hypergraph_cut,mag10_top1000,0,290,75,75,3304,3630,4117,11051
hypergraph_cut,mag10_top1000,0,290,76,76,3329,3656,4094,11079
hypergraph_cut,mag10_top1000,0,290,77,77,3354,3688,4067,11109
hypergraph_cut,mag10_top1000,0,290,78,78,3379,3720,4019,11118
hypergraph_cut,mag10_top1000,0,290,79,79,3403,3746,3992,11141
hypergraph_cut,mag10_top1000,0,290,80,80,3427,3770,3964,11161
hypergraph_cut,mag10_top1000,0,290,81,81,3451,3796,3929,11176
hypergraph_cut,mag10_top1000,0,290,82,82,3475,3834,3892,11201
hypergraph_cut,mag10_top1000,0,290,83,83,3499,3865,3858,11222
hypergraph_cut,mag10_top1000,0,290,84,84,3522,3896,3829,11247
hypergraph_cut,mag10_top1000,0,290,85,85,3545,3928,3808,11281
hypergraph_cut,mag10_top1000,0,290,86,86,3568,3954,3770,11292
hypergraph_cut,mag10_top1000,0,290,87,87,3591,4006,3736,11333
hypergraph_cut,mag10_top1000,0,290,88,88,3614,4033,3715,11362
hypergraph_cut,mag10_top1000,0,290,89,89,3637,4060,3683,11380
hypergraph_cut,mag10_top1000,0,290,90,90,3660,4083,3669,11412
hypergraph_cut,mag10_top1000,0,290,91,91,3682,4122,3637,11441
hypergraph_cut,mag10_top1000,0,290,92,92,3704,4146,3612,11462
hypergraph_cut,mag10_top1000,0,290,93,93,3726,4169,3592,11487
hypergraph_cut,mag10_top1000,0,290,94,94,3748,4192,3570,11510
hypergraph_cut,mag10_top1000,0,290,95,95,3770,4231,3541,11542
hypergraph_cut,mag10_top1000,0,290,96,96,3792,4253,3517,11562
hypergraph_cut,mag10_top1000,0,290,97,97,3814,4287,3492,11593
hypergraph_cut,mag10_top1000,0,290,98,98,3836,4309,3463,11608
hypergraph_cut,mag10_top1000,0,290,99,99,3858,4335,3440,11633
hypergraph_cut,mag10_top1000,0,290,100,100,3879,4374,3421,11674
hypergraph_cut,mag10_top1000,0,290,101,101,3900,4412,3387,11699
hypergraph_cut,mag10_top1000,0,290,102,102,3920,4436,3368,11724
hypergraph_cut,mag10_top1000,0,290,103,103,3940,4458,3348,11746
hypergraph_cut,mag10_top1000,0,290,104,104,3960,4479,3320,11759
hypergraph_cut,mag10_top1000,0,290,105,105,3980,4500,3300,11780
hypergraph_cut,mag10_top1000,0,290,106,106,4000,4523,3283,11806
hypergraph_cut,mag10_top1000,0,290,107,107,4020,4544,3257,11821
hypergraph_cut,mag10_top1000,0,290,108,108,4040,4564,3237,11841
hypergraph_cut,mag10_top1000,0,290,109,109,4059,4584,3217,11860
hypergraph_cut,mag10_top1000,0,290,110,110,4078,4603,3191,11872
hypergraph_cut,mag10_top1000,0,290,111,111,4097,4625,3163,11885
hypergraph_cut,mag10_top1000,0,290,112,112,4115,4643,3142,11900
hypergraph_cut,mag10_top1000,0,290,113,113,4133,4664,3118,11915
hypergraph_cut,mag10_top1000,0,290,114,114,4151,4683,3101,11935
hypergraph_cut,mag10_top1000,0,290,115,115,4169,4704,3080,11953
hypergraph_cut,mag10_top1000,0,290,116,116,4187,4750,3046,11983
hypergraph_cut,mag10_top1000,0,290,117,117,4205,4769,3025,11999
hypergraph_cut,mag10_top1000,0,290,118,118,4223,4787,3002,12012
hypergraph_cut,mag10_top1000,0,290,119,119,4241,4806,2979,12026
hypergraph_cut,mag10_top1000,0,290,120,120,4259,4834,2951,12044
hypergraph_cut,mag10_top1000,0,290,121,121,4277,4858,2922,12057
hypergraph_cut,mag10_top1000,0,290,122,122,4294,4880,2905,12079
hypergraph_cut,mag10_top1000,0,290,123,123,4311,4912,2880,12103
hypergraph_cut,mag10_top1000,0,290,124,124,4328,4933,2853,12114
hypergraph_cut,mag10_top1000,0,290,125,125,4345,4967,2824,12136
hypergraph_cut,mag10_top1000,0,290,126,126,4362,4988,2806,12156
hypergraph_cut,mag10_top1000,0,290,127,127,4379,5008,2792,12179
hypergraph_cut,mag10_top1000,0,290,128,128,4396,5025,2770,12191
hypergraph_cut,mag10_top1000,0,290,129,129,4413,5044,2758,12215
hypergraph_cut,mag10_top1000,0,290,130,130,4430,5069,2737,12236
hypergraph_cut,mag10_top1000,0,290,131,131,4447,5089,2723,12259
hypergraph_cut,mag10_top1000,0,290,132,132,4464,5115,2700,12279
hypergraph_cut,mag10_top1000,0,290,133,133,4481,5133,2665,12279
hypergraph_cut,mag10_top1000,0,290,134,134,4497,5149,2644,12290
hypergraph_cut,mag10_top1000,0,290,135,135,4513,5168,2627,12308
hypergraph_cut,mag10_top1000,0,290,136,136,4529,5189,2601,12319
hypergraph_cut,mag10_top1000,0,290,137,137,4545,5229,2577,12351
hypergraph_cut,mag10_top1000,0,290,138,138,4561,5254,2558,12373
hypergraph_cut,mag10_top1000,0,290,139,139,4577,5276,2542,12395
hypergraph_cut,mag10_top1000,0,290,140,140,4593,5294,2507,12394
hypergraph_cut,mag10_top1000,0,290,141,141,4608,5317,2488,12413
hypergraph_cut,mag10_top1000,0,290,142,142,4623,5360,2448,12431
hypergraph_cut,mag10_top1000,0,290,143,143,4638,5384,2433,12455
hypergraph_cut,mag10_top1000,0,290,144,144,4653,5404,2415,12472
hypergraph_cut,mag10_top1000,0,290,145,145,4668,5423,2397,12488
hypergraph_cut,mag10_top1000,0,290,146,146,4683,5447,2388,12518
hypergraph_cut,mag10_top1000,0,290,147,147,4698,5468,2367,12533
hypergraph_cut,mag10_top1000,0,290,148,148,4713,5494,2340,12547
hypergraph_cut,mag10_top1000,0,290,149,149,4727,5508,2325,12560
hypergraph_cut,mag10_top1000,0,290,150,150,4741,5523,2311,12575
hypergraph_cut,mag10_top1000,0,290,151,151,4755,5541,2301,12597
hypergraph_cut,mag10_top1000,0,290,152,152,4769,5555,2284,12608
hypergraph_cut,mag10_top1000,0,290,153,153,4783,5577,2273,12633
hypergraph_cut,mag10_top1000,0,290,154,154,4797,5591,2258,12646
hypergraph_cut,mag10_top1000,0,290,155,155,4811,5610,2239,12660
hypergraph_cut,mag10_top1000,0,290,156,156,4825,5627,2226,12678
hypergraph_cut,mag10_top1000,0,290,157,157,4839,5643,2213,12695
hypergraph_cut,mag10_top1000,0,290,158,158,4853,5667,2197,12717
hypergraph_cut,mag10_top1000,0,290,159,159,4867,5700,2176,12743
hypergraph_cut,mag10_top1000,0,290,160,160,4880,5722,2151,12753
hypergraph_cut,mag10_top1000,0,290,161,161,4893,5740,2127,12760
hypergraph_cut,mag10_top1000,0,290,162,162,4906,5758,2106,12770
hypergraph_cut,mag10_top1000,0,290,163,163,4919,5771,2092,12782
hypergraph_cut,mag10_top1000,0,290,164,164,4932,5786,2080,12798
hypergraph_cut,mag10_top1000,0,290,165,165,4945,5802,2067,12814
hypergraph_cut,mag10_top1000,0,290,166,166,4958,5821,2050,12829
hypergraph_cut,mag10_top1000,0,290,167,167,4971,5840,2032,12843
hypergraph_cut,mag10_top1000,0,290,168,168,4983,5854,2020,12857
hypergraph_cut,mag10_top1000,0,290,169,169,4995,5868,2006,12869
hypergraph_cut,mag10_top1000,0,290,170,170,5007,5895,1993,12895
hypergraph_cut,mag10_top1000,0,290,171,171,5019,5910,1966,12895
hypergraph_cut,mag10_top1000,0,290,172,172,5031,5928,1953,12912
hypergraph_cut,mag10_top1000,0,290,173,173,5043,5977,1929,12949
hypergraph_cut,mag10_top1000,0,290,174,174,5055,5992,1918,12965
hypergraph_cut,mag10_top1000,0,290,175,175,5067,6005,1898,12970
hypergraph_cut,mag10_top1000,0,290,176,176,5079,6021,1875,12975
hypergraph_cut,mag10_top1000,0,290,177,177,5091,6041,1855,12987
hypergraph_cut,mag10_top1000,0,290,178,178,5103,6055,1848,13006
hypergraph_cut,mag10_top1000,0,290,179,179,5115,6076,1811,13002
hypergraph_cut,mag10_top1000,0,290,180,180,5127,6091,1793,13011
hypergraph_cut,mag10_top1000,0,290,181,181,5139,6103,1772,13014
hypergraph_cut,mag10_top1000,0,290,182,182,5150,6119,1762,13031
hypergraph_cut,mag10_top1000,0,290,183,183,5161,6132,1751,13044
hypergraph_cut,mag10_top1000,0,290,184,184,5172,6144,1730,13046
hypergraph_cut,mag10_top1000,0,290,185,185,5183,6162,1723,13068
hypergraph_cut,mag10_top1000,0,290,186,186,5194,6176,1709,13079
hypergraph_cut,mag10_top1000,0,290,187,187,5205,6194,1692,13091
hypergraph_cut,mag10_top1000,0,290,188,188,5216,6212,1672,13100
hypergraph_cut,mag10_top1000,0,290,189,189,5227,6225,1665,13117
hypergraph_cut,mag10_top1000,0,290,190,190,5238,6249,1642,13129
hypergraph_cut,mag10_top1000,0,290,191,191,5249,6262,1631,13142
hypergraph_cut,mag10_top1000,0,290,192,192,5260,6284,1626,13170
hypergraph_cut,mag10_top1000,0,290,193,193,5271,6295,1611,13177
hypergraph_cut,mag10_top1000,0,290,194,194,5282,6328,1584,13194
hypergraph_cut,mag10_top1000,0,290,195,195,5293,6350,1579,13222
hypergraph_cut,mag10_top1000,0,290,196,196,5303,6366,1565,13234
hypergraph_cut,mag10_top1000,0,290,197,197,5313,6376,1562,13251
hypergraph_cut,mag10_top1000,0,290,198,198,5323,6392,1547,13262
hypergraph_cut,mag10_top1000,0,290,199,199,5333,6408,1533,13274
hypergraph_cut,mag10_top1000,0,290,200,200,5343,6425,1508,13276
hypergraph_cut,mag10_top1000,0,290,201,201,5353,6435,1489,13277
hypergraph_cut,mag10_top1000,0,290,202,202,5363,6448,1476,13287
hypergraph_cut,mag10_top1000,0,290,203,203,5373,6473,1463,13309
hypergraph_cut,mag10_top1000,0,290,204,204,5383,6484,1444,13311
hypergraph_cut,mag10_top1000,0,290,205,205,5393,6501,1433,13327
hypergraph_cut,mag10_top1000,0,290,206,206,5402,6520,1418,13340
hypergraph_cut,mag10_top1000,0,290,207,207,5411,6535,1390,13336
hypergraph_cut,mag10_top1000,0,290,208,208,5420,6544,1381,13345
hypergraph_cut,mag10_top1000,0,290,209,209,5429,6553,1367,13349
hypergraph_cut,mag10_top1000,0,290,210,210,5438,6572,1356,13366
hypergraph_cut,mag10_top1000,0,290,211,211,5447,6585,1339,13371
hypergraph_cut,mag10_top1000,0,290,212,212,5456,6594,1335,13385
hypergraph_cut,mag10_top1000,0,290,213,213,5465,6613,1320,13398
hypergraph_cut,mag10_top1000,0,290,214,214,5474,6624,1306,13404
hypergraph_cut,mag10_top1000,0,290,215,215,5483,6633,1299,13415
hypergraph_cut,mag10_top1000,0,290,216,216,5492,6647,1284,13423
hypergraph_cut,mag10_top1000,0,290,217,217,5501,6657,1280,13438
hypergraph_cut,mag10_top1000,0,290,218,218,5510,6667,1271,13448
hypergraph_cut,mag10_top1000,0,290,219,219,5519,6682,1251,13452
hypergraph_cut,mag10_top1000,0,290,220,220,5528,6699,1239,13466
hypergraph_cut,mag10_top1000,0,290,221,221,5537,6713,1217,13467
hypergraph_cut,mag10_top1000,0,290,222,222,5546,6722,1212,13480
hypergraph_cut,mag10_top1000,0,290,223,223,5555,6739,1197,13491
hypergraph_cut,mag10_top1000,0,290,224,224,5564,6754,1178,13496
hypergraph_cut,mag10_top1000,0,290,225,225,5573,6770,1155,13498
hypergraph_cut,mag10_top1000,0,290,226,226,5581,6788,1144,13513
hypergraph_cut,mag10_top1000,0,290,227,227,5589,6806,1126,13521
hypergraph_cut,mag10_top1000,0,290,228,228,5597,6826,1112,13535
hypergraph_cut,mag10_top1000,0,290,229,229,5605,6834,1098,13537
hypergraph_cut,mag10_top1000,0,290,230,230,5613,6869,1094,13576
hypergraph_cut,mag10_top1000,0,290,231,231,5621,6881,1081,13583
hypergraph_cut,mag10_top1000,0,290,232,232,5629,6892,1063,13584
hypergraph_cut,mag10_top1000,0,290,233,233,5637,6912,1052,13601
hypergraph_cut,mag10_top1000,0,290,234,234,5645,6923,1039,13607
hypergraph_cut,mag10_top1000,0,290,235,235,5653,6934,1022,13609
hypergraph_cut,mag10_top1000,0,290,236,236,5661,6947,1009,13617
hypergraph_cut,mag10_top1000,0,290,237,237,5669,6961,995,13625
hypergraph_cut,mag10_top1000,0,290,238,238,5677,6977,978,13632
hypergraph_cut,mag10_top1000,0,290,239,239,5685,6986,961,13632
hypergraph_cut,mag10_top1000,0,290,240,240,5692,7000,963,13655
hypergraph_cut,mag10_top1000,0,290,241,241,5699,7011,956,13666
hypergraph_cut,mag10_top1000,0,290,242,242,5706,7029,939,13674
hypergraph_cut,mag10_top1000,0,290,243,243,5713,7037,922,13672
hypergraph_cut,mag10_top1000,0,290,244,244,5720,7045,917,13682
hypergraph_cut,mag10_top1000,0,290,245,245,5727,7061,909,13697
hypergraph_cut,mag10_top1000,0,290,246,246,5734,7072,893,13699
hypergraph_cut,mag10_top1000,0,290,247,247,5741,7079,881,13701
hypergraph_cut,mag10_top1000,0,290,248,248,5748,7099,872,13719
hypergraph_cut,mag10_top1000,0,290,249,249,5755,7107,860,13722
hypergraph_cut,mag10_top1000,0,290,250,250,5762,7121,843,13726
hypergraph_cut,mag10_top1000,0,290,251,251,5769,7134,838,13741
hypergraph_cut,mag10_top1000,0,290,252,252,5776,7145,819,13740
hypergraph_cut,mag10_top1000,0,290,253,253,5783,7156,807,13746
hypergraph_cut,mag10_top1000,0,290,254,254,5790,7172,785,13747
hypergraph_cut,mag10_top1000,0,290,255,255,5797,7184,773,13754
hypergraph_cut,mag10_top1000,0,290,256,256,5804,7213,768,13785
hypergraph_cut,mag10_top1000,0,290,257,257,5811,7220,763,13794
hypergraph_cut,mag10_top1000,0,290,258,258,5818,7232,746,13796
hypergraph_cut,mag10_top1000,0,290,259,259,5824,7241,735,13800
hypergraph_cut,mag10_top1000,0,290,260,260,5830,7247,729,13806
hypergraph_cut,mag10_top1000,0,290,261,261,5836,7254,720,13810
hypergraph_cut,mag10_top1000,0,290,262,262,5842,7271,704,13817
hypergraph_cut,mag10_top1000,0,290,263,263,5848,7282,694,13824
hypergraph_cut,mag10_top1000,0,290,264,264,5854,7291,685,13830
hypergraph_cut,mag10_top1000,0,290,265,265,5860,7311,672,13843
hypergraph_cut,mag10_top1000,0,290,266,266,5866,7331,661,13858
hypergraph_cut,mag10_top1000,0,290,267,267,5872,7354,649,13875
hypergraph_cut,mag10_top1000,0,290,268,268,5878,7360,647,13885
hypergraph_cut,mag10_top1000,0,290,269,269,5884,7368,640,13892
hypergraph_cut,mag10_top1000,0,290,270,270,5890,7390,626,13906
hypergraph_cut,mag10_top1000,0,290,271,271,5896,7400,617,13913
hypergraph_cut,mag10_top1000,0,290,272,272,5902,7412,605,13919
hypergraph_cut,mag10_top1000,0,290,273,273,5908,7432,598,13938
hypergraph_cut,mag10_top1000,0,290,274,274,5914,7438,589,13941
hypergraph_cut,mag10_top1000,0,290,275,275,5920,7448,570,13938
hypergraph_cut,mag10_top1000,0,290,276,276,5926,7461,558,13945
hypergraph_cut,mag10_top1000,0,290,277,277,5932,7476,552,13960
hypergraph_cut,mag10_top1000,0,290,278,278,5938,7485,546,13969
hypergraph_cut,mag10_top1000,0,290,279,279,5944,7495,535,13974
hypergraph_cut,mag10_top1000,0,290,280,280,5950,7506,531,13987
hypergraph_cut,mag10_top1000,0,290,281,281,5956,7512,507,13975
hypergraph_cut,mag10_top1000,0,290,282,282,5962,7526,498,13986
hypergraph_cut,mag10_top1000,0,290,283,283,5968,7536,488,13992
hypergraph_cut,mag10_top1000,0,290,284,284,5974,7546,481,14001
hypergraph_cut,mag10_top1000,0,290,285,285,5980,7567,467,14014
hypergraph_cut,mag10_top1000,0,290,286,286,5985,7579,456,14020
hypergraph_cut,mag10_top1000,0,290,287,287,5990,7591,459,14040
hypergraph_cut,mag10_top1000,0,290,288,288,5995,7599,455,14049
hypergraph_cut,mag10_top1000,0,290,289,289,6000,7609,450,14059
hypergraph_cut,mag10_top1000,0,290,290,290,6005,7621,440,14066
hypergraph_cut,mag10_top1000,0,300,0,0,0,0,8349,8349
hypergraph_cut,mag10_top1000,0,300,1,1,120,120,8195,8435
hypergraph_cut,mag10_top1000,0,300,2,2,210,211,8091,8512
hypergraph_cut,mag10_top1000,0,300,3,3,296,297,7944,8537
hypergraph_cut,mag10_top1000,0,300,4,4,374,375,7836,8585
hypergraph_cut,mag10_top1000,0,300,5,5,447,448,7762,8657
hypergraph_cut,mag10_top1000,0,300,6,6,518,521,7668,8707
hypergraph_cut,mag10_top1000,0,300,7,7,585,602,7592,8779
hypergraph_cut,mag10_top1000,0,300,8,8,651,670,7518,8839
hypergraph_cut,mag10_top1000,0,300,9,9,715,734,7458,8907
hypergraph_cut,mag10_top1000,0,300,10,10,777,801,7343,8921
hypergraph_cut,mag10_top1000,0,300,11,11,838,862,7285,8985
hypergraph_cut,mag10_top1000,0,300,12,12,897,929,7219,9045
hypergraph_cut,mag10_top1000,0,300,13,13,955,989,7150,9094
hypergraph_cut,mag10_top1000,0,300,14,14,1013,1048,7073,9134
hypergraph_cut,mag10_top1000,0,300,15,15,1070,1126,6996,9192
hypergraph_cut,mag10_top1000,0,300,16,16,1126,1182,6922,9230
hypergraph_cut,mag10_top1000,0,300,17,17,1180,1238,6840,9258
hypergraph_cut,mag10_top1000,0,300,18,18,1232,1291,6766,9289
hypergraph_cut,mag10_top1000,0,300,19,19,1284,1344,6714,9342
hypergraph_cut,mag10_top1000,0,300,20,20,1335,1397,6661,9393
hypergraph_cut,mag10_top1000,0,300,21,21,1384,1446,6601,9431
hypergraph_cut,mag10_top1000,0,300,22,22,1433,1495,6538,9466
hypergraph_cut,mag10_top1000,0,300,23,23,1481,1543,6466,9490
hypergraph_cut,mag10_top1000,0,300,24,24,1529,1595,6416,9540
hypergraph_cut,mag10_top1000,0,300,25,25,1577,1643,6361,9581
hypergraph_cut,mag10_top1000,0,300,26,26,1624,1706,6323,9653
hypergraph_cut,mag10_top1000,0,300,27,27,1671,1754,6270,9695
hypergraph_cut,mag10_top1000,0,300,28,28,1718,1802,6227,9747
hypergraph_cut,mag10_top1000,0,300,29,29,1764,1851,6166,9781
hypergraph_cut,mag10_top1000,0,300,30,30,1810,1901,6114,9825
hypergraph_cut,mag10_top1000,0,300,31,31,1855,1952,6050,9857
hypergraph_cut,mag10_top1000,0,300,32,32,1900,2014,5989,9903
hypergraph_cut,mag10_top1000,0,300,33,33,1945,2059,5938,9942
hypergraph_cut,mag10_top1000,0,300,34,34,1989,2107,5883,9979
hypergraph_cut,mag10_top1000,0,300,35,35,2033,2152,5828,10013
hypergraph_cut,mag10_top1000,0,300,36,36,2075,2195,5779,10049
hypergraph_cut,mag10_top1000,0,300,37,37,2115,2242,5741,10098
hypergraph_cut,mag10_top1000,0,300,38,38,2154,2298,5689,10141
hypergraph_cut,mag10_top1000,0,300,39,39,2193,2338,5633,10164
hypergraph_cut,mag10_top1000,0,300,40,40,2232,2378,5581,10191
hypergraph_cut,mag10_top1000,0,300,41,41,2270,2416,5535,10221
hypergraph_cut,mag10_top1000,0,300,42,42,2308,2455,5485,10248
hypergraph_cut,mag10_top1000,0,300,43,43,2346,2493,5430,10269
hypergraph_cut,mag10_top1000,0,300,44,44,2383,2539,5377,10299
hypergraph_cut,mag10_top1000,0,300,45,45,2419,2582,5341,10342
hypergraph_cut,mag10_top1000,0,300,46,46,2454,2618,5302,10374
hypergraph_cut,mag10_top1000,0,300,47,47,2489,2659,5253,10401
hypergraph_cut,mag10_top1000,0,300,48,48,2524,2702,5213,10439
hypergraph_cut,mag10_top1000,0,300,49,49,2559,2749,5161,10469
hypergraph_cut,mag10_top1000,0,300,50,50,2594,2786,5121,10501
hypergraph_cut,mag10_top1000,0,300,51,51,2627,2825,5074,10526
hypergraph_cut,mag10_top1000,0,300,52,52,2660,2874,5041,10575
hypergraph_cut,mag10_top1000,0,300,53,53,2693,2909,4993,10595
hypergraph_cut,mag10_top1000,0,300,54,54,2725,2944,4942,10611
hypergraph_cut,mag10_top1000,0,300,55,55,2756,2984,4908,10648
hypergraph_cut,mag10_top1000,0,300,56,56,2786,3018,4868,10672
hypergraph_cut,mag10_top1000,0,300,57,57,2816,3057,4839,10712
hypergraph_cut,mag10_top1000,0,300,58,58,2846,3090,4809,10745
hypergraph_cut,mag10_top1000,0,300,59,59,2875,3121,4776,10772
hypergraph_cut,mag10_top1000,0,300,60,60,2904,3155,4745,10804
hypergraph_cut,mag10_top1000,0,300,61,61,2932,3199,4707,10838
hypergraph_cut,mag10_top1000,0,300,62,62,2960,3229,4681,10870
hypergraph_cut,mag10_top1000,0,300,63,63,2988,3260,4644,10892
hypergraph_cut,mag10_top1000,0,300,64,64,3016,3292,4601,10909
hypergraph_cut,mag10_top1000,0,300,65,65,3043,3321,4564,10928
hypergraph_cut,mag10_top1000,0,300,66,66,3070,3349,4538,10957
hypergraph_cut,mag10_top1000,0,300,67,67,3097,3376,4514,10987
hypergraph_cut,mag10_top1000,0,300,68,68,3124,3404,4473,11001
hypergraph_cut,mag10_top1000,0,300,69,69,3151,3434,4436,11021
hypergraph_cut,mag10_top1000,0,300,70,70,3177,3476,4391,11044
hypergraph_cut,mag10_top1000,0,300,71,71,3203,3515,4358,11076
hypergraph_cut,mag10_top1000,0,300,72,72,3229,3547,4326,11102
hypergraph_cut,mag10_top1000,0,300,73,73,3254,3576,4278,11108
hypergraph_cut,mag10_top1000,0,300,74,74,3279,3601,4248,11128
hypergraph_cut,mag10_top1000,0,300,75,75,3304,3630,4207,11141
hypergraph_cut,mag10_top1000,0,300,76,76,3329,3656,4184,11169
hypergraph_cut,mag10_top1000,0,300,77,77,3354,3688,4157,11199
hypergraph_cut,mag10_top1000,0,300,78,78,3379,3720,4109,11208
hypergraph_cut,mag10_top1000,0,300,79,79,3403,3746,4082,11231
hypergraph_cut,mag10_top1000,0,300,80,80,3427,3770,4054,11251
hypergraph_cut,mag10_top1000,0,300,81,81,3451,3796,4019,11266
hypergraph_cut,mag10_top1000,0,300,82,82,3475,3834,3982,11291
hypergraph_cut,mag10_top1000,0,300,83,83,3499,3865,3948,11312
hypergraph_cut,mag10_top1000,0,300,84,84,3522,3896,3918,11336
hypergraph_cut,mag10_top1000,0,300,85,85,3545,3928,3890,11363
hypergraph_cut,mag10_top1000,0,300,86,86,3568,3954,3850,11372
hypergraph_cut,mag10_top1000,0,300,87,87,3591,4006,3816,11413
hypergraph_cut,mag10_top1000,0,300,88,88,3614,4033,3795,11442
hypergraph_cut,mag10_top1000,0,300,89,89,3637,4060,3763,11460
hypergraph_cut,mag10_top1000,0,300,90,90,3660,4083,3749,11492
hypergraph_cut,mag10_top1000,0,300,91,91,3682,4122,3717,11521
hypergraph_cut,mag10_top1000,0,300,92,92,3704,4146,3692,11542
hypergraph_cut,mag10_top1000,0,300,93,93,3726,4169,3672,11567
hypergraph_cut,mag10_top1000,0,300,94,94,3748,4192,3650,11590
hypergraph_cut,mag10_top1000,0,300,95,95,3770,4231,3621,11622
hypergraph_cut,mag10_top1000,0,300,96,96,3792,4253,3597,11642
hypergraph_cut,mag10_top1000,0,300,97,97,3814,4287,3572,11673
hypergraph_cut,mag10_top1000,0,300,98,98,3836,4309,3543,11688
hypergraph_cut,mag10_top1000,0,300,99,99,3858,4335,3519,11712
hypergraph_cut,mag10_top1000,0,300,100,100,3879,4374,3499,11752
hypergraph_cut,mag10_top1000,0,300,101,101,3900,4412,3460,11772
hypergraph_cut,mag10_top1000,0,300,102,102,3920,4436,3441,11797
hypergraph_cut,mag10_top1000,0,300,103,103,3940,4458,3418,11816
hypergraph_cut,mag10_top1000,0,300,104,104,3960,4479,3390,11829
hypergraph_cut,mag10_top1000,0,300,105,105,3980,4500,3370,11850
hypergraph_cut,mag10_top1000,0,300,106,106,4000,4523,3353,11876
hypergraph_cut,mag10_top1000,0,300,107,107,4020,4544,3327,11891
hypergraph_cut,mag10_top1000,0,300,108,108,4040,4564,3307,11911
hypergraph_cut,mag10_top1000,0,300,109,109,4059,4584,3287,11930
hypergraph_cut,mag10_top1000,0,300,110,110,4078,4603,3261,11942
hypergraph_cut,mag10_top1000,0,300,111,111,4097,4625,3233,11955
hypergraph_cut,mag10_top1000,0,300,112,112,4115,4643,3212,11970
hypergraph_cut,mag10_top1000,0,300,113,113,4133,4664,3187,11984
hypergraph_cut,mag10_top1000,0,300,114,114,4151,4683,3170,12004
hypergraph_cut,mag10_top1000,0,300,115,115,4169,4704,3146,12019
hypergraph_cut,mag10_top1000,0,300,116,116,4187,4750,3106,12043
hypergraph_cut,mag10_top1000,0,300,117,117,4205,4769,3085,12059
hypergraph_cut,mag10_top1000,0,300,118,118,4223,4787,3062,12072
hypergraph_cut,mag10_top1000,0,300,119,119,4241,4806,3039,12086
hypergraph_cut,mag10_top1000,0,300,120,120,4259,4834,3011,12104
hypergraph_cut,mag10_top1000,0,300,121,121,4277,4858,2982,12117
hypergraph_cut,mag10_top1000,0,300,122,122,4294,4880,2965,12139
hypergraph_cut,mag10_top1000,0,300,123,123,4311,4912,2940,12163
hypergraph_cut,mag10_top1000,0,300,124,124,4328,4933,2913,12174
hypergraph_cut,mag10_top1000,0,300,125,125,4345,4967,2884,12196
hypergraph_cut,mag10_top1000,0,300,126,126,4362,4988,2866,12216
hypergraph_cut,mag10_top1000,0,300,127,127,4379,5008,2852,12239
hypergraph_cut,mag10_top1000,0,300,128,128,4396,5025,2830,12251
hypergraph_cut,mag10_top1000,0,300,129,129,4413,5044,2818,12275
hypergraph_cut,mag10_top1000,0,300,130,130,4430,5069,2797,12296
hypergraph_cut,mag10_top1000,0,300,131,131,4447,5089,2783,12319
hypergraph_cut,mag10_top1000,0,300,132,132,4464,5115,2760,12339
hypergraph_cut,mag10_top1000,0,300,133,133,4481,5133,2720,12334
hypergraph_cut,mag10_top1000,0,300,134,134,4497,5149,2698,12344
hypergraph_cut,mag10_top1000,0,300,135,135,4513,5168,2682,12363
hypergraph_cut,mag10_top1000,0,300,136,136,4529,5189,2651,12369
hypergraph_cut,mag10_top1000,0,300,137,137,4545,5229,2627,12401
hypergraph_cut,mag10_top1000,0,300,138,138,4561,5254,2608,12423
hypergraph_cut,mag10_top1000,0,300,139,139,4577,5276,2592,12445
hypergraph_cut,mag10_top1000,0,300,140,140,4593,5294,2557,12444
hypergraph_cut,mag10_top1000,0,300,141,141,4608,5317,2538,12463
hypergraph_cut,mag10_top1000,0,300,142,142,4623,5360,2498,12481
hypergraph_cut,mag10_top1000,0,300,143,143,4638,5384,2483,12505
hypergraph_cut,mag10_top1000,0,300,144,144,4653,5404,2465,12522
hypergraph_cut,mag10_top1000,0,300,145,145,4668,5423,2447,12538
hypergraph_cut,mag10_top1000,0,300,146,146,4683,5447,2438,12568
hypergraph_cut,mag10_top1000,0,300,147,147,4698,5468,2417,12583
hypergraph_cut,mag10_top1000,0,300,148,148,4713,5494,2390,12597
hypergraph_cut,mag10_top1000,0,300,149,149,4727,5508,2375,12610
hypergraph_cut,mag10_top1000,0,300,150,150,4741,5523,2361,12625
hypergraph_cut,mag10_top1000,0,300,151,151,4755,5541,2351,12647
hypergraph_cut,mag10_top1000,0,300,152,152,4769,5555,2334,12658
hypergraph_cut,mag10_top1000,0,300,153,153,4783,5577,2323,12683
hypergraph_cut,mag10_top1000,0,300,154,154,4797,5591,2303,12691
hypergraph_cut,mag10_top1000,0,300,155,155,4811,5610,2282,12703
hypergraph_cut,mag10_top1000,0,300,156,156,4825,5627,2269,12721
hypergraph_cut,mag10_top1000,0,300,157,157,4839,5643,2254,12736
hypergraph_cut,mag10_top1000,0,300,158,158,4853,5667,2237,12757
hypergraph_cut,mag10_top1000,0,300,159,159,4867,5700,2216,12783
hypergraph_cut,mag10_top1000,0,300,160,160,4880,5722,2191,12793
hypergraph_cut,mag10_top1000,0,300,161,161,4893,5740,2167,12800
hypergraph_cut,mag10_top1000,0,300,162,162,4906,5758,2146,12810
hypergraph_cut,mag10_top1000,0,300,163,163,4919,5771,2132,12822
hypergraph_cut,mag10_top1000,0,300,164,164,4932,5786,2120,12838
hypergraph_cut,mag10_top1000,0,300,165,165,4945,5802,2107,12854
hypergraph_cut,mag10_top1000,0,300,166,166,4958,5821,2090,12869
hypergraph_cut,mag10_top1000,0,300,167,167,4971,5840,2072,12883
hypergraph_cut,mag10_top1000,0,300,168,168,4983,5854,2060,12897
hypergraph_cut,mag10_top1000,0,300,169,169,4995,5868,2046,12909
hypergraph_cut,mag10_top1000,0,300,170,170,5007,5895,2033,12935
hypergraph_cut,mag10_top1000,0,300,171,171,5019,5910,2006,12935
hypergraph_cut,mag10_top1000,0,300,172,172,5031,5928,1990,12949
hypergraph_cut,mag10_top1000,0,300,173,173,5043,5977,1963,12983
hypergraph_cut,mag10_top1000,0,300,174,174,5055,5992,1949,12996
hypergraph_cut,mag10_top1000,0,300,175,175,5067,6005,1928,13000
hypergraph_cut,mag10_top1000,0,300,176,176,5079,6021,1905,13005
hypergraph_cut,mag10_top1000,0,300,177,177,5091,6041,1885,13017
hypergraph_cut,mag10_top1000,0,300,178,178,5103,6055,1878,13036
hypergraph_cut,mag10_top1000,0,300,179,179,5115,6076,1841,13032
hypergraph_cut,mag10_top1000,0,300,180,180,5127,6091,1823,13041
hypergraph_cut,mag10_top1000,0,300,181,181,5139,6103,1802,13044
hypergraph_cut,mag10_top1000,0,300,182,182,5150,6119,1792,13061
hypergraph_cut,mag10_top1000,0,300,183,183,5161,6132,1781,13074
hypergraph_cut,mag10_top1000,0,300,184,184,5172,6144,1760,13076
hypergraph_cut,mag10_top1000,0,300,185,185,5183,6162,1753,13098
hypergraph_cut,mag10_top1000,0,300,186,186,5194,6176,1739,13109
hypergraph_cut,mag10_top1000,0,300,187,187,5205,6194,1722,13121
hypergraph_cut,mag10_top1000,0,300,188,188,5216,6212,1701,13129
hypergraph_cut,mag10_top1000,0,300,189,189,5227,6225,1693,13145
hypergraph_cut,mag10_top1000,0,300,190,190,5238,6249,1667,13154
hypergraph_cut,mag10_top1000,0,300,191,191,5249,6262,1654,13165
hypergraph_cut,mag10_top1000,0,300,192,192,5260,6284,1650,13194
hypergraph_cut,mag10_top1000,0,300,193,193,5271,6295,1633,13199
hypergraph_cut,mag10_top1000,0,300,194,194,5282,6328,1604,13214
hypergraph_cut,mag10_top1000,0,300,195,195,5293,6350,1599,13242
hypergraph_cut,mag10_top1000,0,300,196,196,5303,6366,1585,13254
hypergraph_cut,mag10_top1000,0,300,197,197,5313,6376,1582,13271
hypergraph_cut,mag10_top1000,0,300,198,198,5323,6392,1567,13282
hypergraph_cut,mag10_top1000,0,300,199,199,5333,6408,1553,13294
hypergraph_cut,mag10_top1000,0,300,200,200,5343,6425,1528,13296
hypergraph_cut,mag10_top1000,0,300,201,201,5353,6435,1509,13297
hypergraph_cut,mag10_top1000,0,300,202,202,5363,6448,1496,13307
hypergraph_cut,mag10_top1000,0,300,203,203,5373,6473,1483,13329
hypergraph_cut,mag10_top1000,0,300,204,204,5383,6484,1464,13331
hypergraph_cut,mag10_top1000,0,300,205,205,5393,6501,1453,13347
hypergraph_cut,mag10_top1000,0,300,206,206,5402,6520,1438,13360
hypergraph_cut,mag10_top1000,0,300,207,207,5411,6535,1410,13356
hypergraph_cut,mag10_top1000,0,300,208,208,5420,6544,1401,13365
hypergraph_cut,mag10_top1000,0,300,209,209,5429,6553,1387,13369
hypergraph_cut,mag10_top1000,0,300,210,210,5438,6572,1376,13386
hypergraph_cut,mag10_top1000,0,300,211,211,5447,6585,1359,13391
hypergraph_cut,mag10_top1000,0,300,212,212,5456,6594,1355,13405
hypergraph_cut,mag10_top1000,0,300,213,213,5465,6613,1340,13418
hypergraph_cut,mag10_top1000,0,300,214,214,5474,6624,1326,13424
hypergraph_cut,mag10_top1000,0,300,215,215,5483,6633,1319,13435
hypergraph_cut,mag10_top1000,0,300,216,216,5492,6647,1301,13440
hypergraph_cut,mag10_top1000,0,300,217,217,5501,6657,1297,13455
hypergraph_cut,mag10_top1000,0,300,218,218,5510,6667,1287,13464
hypergraph_cut,mag10_top1000,0,300,219,219,5519,6682,1263,13464
hypergraph_cut,mag10_top1000,0,300,220,220,5528,6699,1249,13476
hypergraph_cut,mag10_top1000,0,300,221,221,5537,6713,1227,13477
hypergraph_cut,mag10_top1000,0,300,222,222,5546,6722,1222,13490
hypergraph_cut,mag10_top1000,0,300,223,223,5555,6739,1207,13501
hypergraph_cut,mag10_top1000,0,300,224,224,5564,6754,1188,13506
hypergraph_cut,mag10_top1000,0,300,225,225,5573,6770,1165,13508
hypergraph_cut,mag10_top1000,0,300,226,226,5581,6788,1154,13523
hypergraph_cut,mag10_top1000,0,300,227,227,5589,6806,1136,13531
hypergraph_cut,mag10_top1000,0,300,228,228,5597,6826,1122,13545
hypergraph_cut,mag10_top1000,0,300,229,229,5605,6834,1108,13547
hypergraph_cut,mag10_top1000,0,300,230,230,5613,6869,1104,13586
hypergraph_cut,mag10_top1000,0,300,231,231,5621,6881,1091,13593
hypergraph_cut,mag10_top1000,0,300,232,232,5629,6892,1073,13594
hypergraph_cut,mag10_top1000,0,300,233,233,5637,6912,1062,13611
hypergraph_cut,mag10_top1000,0,300,234,234,5645,6923,1049,13617
hypergraph_cut,mag10_top1000,0,300,235,235,5653,6934,1032,13619
hypergraph_cut,mag10_top1000,0,300,236,236,5661,6947,1019,13627
hypergraph_cut,mag10_top1000,0,300,237,237,5669,6961,1005,13635
hypergraph_cut,mag10_top1000,0,300,238,238,5677,6977,988,13642
hypergraph_cut,mag10_top1000,0,300,239,239,5685,6986,971,13642
hypergraph_cut,mag10_top1000,0,300,240,240,5692,7000,973,13665
hypergraph_cut,mag10_top1000,0,300,241,241,5699,7011,966,13676
hypergraph_cut,mag10_top1000,0,300,242,242,5706,7029,949,13684
hypergraph_cut,mag10_top1000,0,300,243,243,5713,7037,931,13681
hypergraph_cut,mag10_top1000,0,300,244,244,5720,7045,925,13690
hypergraph_cut,mag10_top1000,0,300,245,245,5727,7061,915,13703
hypergraph_cut,mag10_top1000,0,300,246,246,5734,7072,895,13701
hypergraph_cut,mag10_top1000,0,300,247,247,5741,7079,881,13701
hypergraph_cut,mag10_top1000,0,300,248,248,5748,7099,872,13719
hypergraph_cut,mag10_top1000,0,300,249,249,5755,7107,860,13722
hypergraph_cut,mag10_top1000,0,300,250,250,5762,7121,843,13726
hypergraph_cut,mag10_top1000,0,300,251,251,5769,7134,838,13741
hypergraph_cut,mag10_top1000,0,300,252,252,5776,7145,819,13740
hypergraph_cut,mag10_top1000,0,300,253,253,5783,7156,807,13746
hypergraph_cut,mag10_top1000,0,300,254,254,5790,7172,785,13747
hypergraph_cut,mag10_top1000,0,300,255,255,5797,7184,773,13754
hypergraph_cut,mag10_top1000,0,300,256,256,5804,7213,768,13785
hypergraph_cut,mag10_top1000,0,300,257,257,5811,7220,763,13794
hypergraph_cut,mag10_top1000,0,300,258,258,5818,7232,746,13796
hypergraph_cut,mag10_top1000,0,300,259,259,5824,7241,735,13800
hypergraph_cut,mag10_top1000,0,300,260,260,5830,7247,729,13806
hypergraph_cut,mag10_top1000,0,300,261,261,5836,7254,720,13810
hypergraph_cut,mag10_top1000,0,300,262,262,5842,7271,704,13817
hypergraph_cut,mag10_top1000,0,300,263,263,5848,7282,694,13824
hypergraph_cut,mag10_top1000,0,300,264,264,5854,7291,685,13830
hypergraph_cut,mag10_top1000,0,300,265,265,5860,7311,672,13843
hypergraph_cut,mag10_top1000,0,300,266,266,5866,7331,661,13858
hypergraph_cut,mag10_top1000,0,300,267,267,5872,7354,649,13875
hypergraph_cut,mag10_top1000,0,300,268,268,5878,7360,647,13885
hypergraph_cut,mag10_top1000,0,300,269,269,5884,7368,640,13892
hypergraph_cut,mag10_top1000,0,300,270,270,5890,7390,626,13906
hypergraph_cut,mag10_top1000,0,300,271,271,5896,7400,617,13913
hypergraph_cut,mag10_top1000,0,300,272,272,5902,7412,605,13919
hypergraph_cut,mag10_top1000,0,300,273,273,5908,7432,598,13938
hypergraph_cut,mag10_top1000,0,300,274,274,5914,7438,589,13941
hypergraph_cut,mag10_top1000,0,300,275,275,5920,7448,570,13938
hypergraph_cut,mag10_top1000,0,300,276,276,5926,7461,558,13945
hypergraph_cut,mag10_top1000,0,300,277,277,5932,7476,552,13960
hypergraph_cut,mag10_top1000,0,300,278,278,5938,7485,546,13969
hypergraph_cut,mag10_top1000,0,300,279,279,5944,7495,535,13974
hypergraph_cut,mag10_top1000,0,300,280,280,5950,7506,531,13987
hypergraph_cut,mag10_top1000,0,300,281,281,5956,7512,507,13975
hypergraph_cut,mag10_top1000,0,300,282,282,5962,7526,498,13986
hypergraph_cut,mag10_top1000,0,300,283,283,5968,7536,488,13992
hypergraph_cut,mag10_top1000,0,300,284,284,5974,7546,481,14001
hypergraph_cut,mag10_top1000,0,300,285,285,5980,7567,467,14014
hypergraph_cut,mag10_top1000,0,300,286,286,5985,7579,456,14020
hypergraph_cut,mag10_top1000,0,300,287,287,5990,7591,459,14040
hypergraph_cut,mag10_top1000,0,300,288,288,5995,7599,455,14049
hypergraph_cut,mag10_top1000,0,300,289,289,6000,7609,450,14059
hypergraph_cut,mag10_top1000,0,300,290,290,6005,7621,440,14066
hypergraph_cut,mag10_top1000,0,300,291,291,6010,7626,436,14072
hypergraph_cut,mag10_top1000,0,300,292,292,6015,7632,425,14072
hypergraph_cut,mag10_top1000,0,300,293,293,6020,7638,423,14081
hypergraph_cut,mag10_top1000,0,300,294,294,6025,7656,411,14092
hypergraph_cut,mag10_top1000,0,300,295,295,6030,7661,405,14096
hypergraph_cut,mag10_top1000,0,300,296,296,6035,7669,395,14099
hypergraph_cut,mag10_top1000,0,300,297,297,6040,7682,387,14109
hypergraph_cut,mag10_top1000,0,300,298,298,6045,7687,386,14118
hypergraph_cut,mag10_top1000,0,300,299,299,6050,7701,362,14113
hypergraph_cut,mag10_top1000,0,300,300,300,6054,7710,368,14132
