K,Step,rho_g,rho_p,id,p,deltaG,deltaP
3,1,2.04348,2.04348,1986,1986,329,329
3,2,1.69481,1.67532,758,3044,87,86
3,3,3,3,2530,2530,68,68
3,1,2.04348,1.96894,1986,3044,329,317
3,2,1.75301,1.77108,5279,1986,97,98
3,3,2.82609,2.21739,6452,1986,65,51
3,1,2.04348,1.96894,1986,3044,329,317
3,2,1.69481,1.42208,758,2530,87,73
3,3,3,3,3044,3044,81,81
3,1,2.04348,0.559006,1986,2530,329,90
3,2,1.69481,1.42208,758,2530,87,73
3,3,3,3,3044,3044,81,81
3,1,2.04348,0.559006,1986,2530,329,90
3,2,1.69481,1.67532,758,3044,87,86
3,3,2.91045,2.37313,937,3044,65,53
3,1,2.04348,1.96894,1986,3044,329,317
3,2,1.69481,1.67532,758,3044,87,86
3,3,3,3,2530,2530,68,68
3,1,2.04348,1.96894,1986,3044,329,317
3,2,1.75301,1.28313,5279,2530,97,71
3,3,2.71579,3,758,1986,86,95
3,1,2.04348,0.559006,1986,2530,329,90
3,2,1.69481,1.67532,758,3044,87,86
3,3,2.91045,2.37313,937,3044,65,53
3,1,2.04348,1.96894,1986,3044,329,317
3,2,1.69481,1.42208,758,2530,87,73
3,3,3,3,3044,3044,81,81
3,1,2.04348,1.96894,1986,3044,329,317
3,2,1.75301,1.77108,5279,1986,97,98
3,3,2.82609,2.21739,6452,1986,65,51
3,1,2.04348,0.559006,1986,2530,329,90
3,2,1.69481,1.67532,758,3044,87,86
3,3,3,3,2530,2530,68,68
3,1,2.04348,1.96894,1986,3044,329,317
3,2,1.69481,1.42208,758,2530,87,73
3,3,3,3,3044,3044,81,81
3,1,2.04348,1.96894,1986,3044,329,317
3,2,1.69481,1.42208,758,2530,87,73
3,3,2.91045,2.86567,937,2530,65,64
3,1,2.04348,2.04348,1986,1986,329,329
3,2,1.69481,1.42208,758,2530,87,73
3,3,3,3,3044,3044,81,81
3,1,2.04348,0.559006,1986,2530,329,90
3,2,1.69481,1.67532,758,3044,87,86
3,3,3,3,2530,2530,68,68
3,1,2.04348,0.559006,1986,2530,329,90
3,2,1.69481,1.67532,758,3044,87,86
3,3,2.91045,2.86567,937,2530,65,64
3,1,2.04348,1.96894,1986,3044,329,317
3,2,1.75301,1.28313,5279,2530,97,71
3,3,2.82609,2.21739,6452,1986,65,51
3,1,2.04348,0.559006,1986,2530,329,90
3,2,1.69481,1.42208,758,2530,87,73
3,3,2.91045,2.37313,937,3044,65,53
3,1,2.04348,1.96894,1986,3044,329,317
3,2,1.75301,1.77108,5279,1986,97,98
3,3,3,3,2530,2530,68,68
3,1,2.04348,1.96894,1986,3044,329,317
3,2,1.75301,1.77108,5279,1986,97,98
3,3,2.82609,2.21739,6452,1986,65,51
3,1,2.04348,1.96894,1986,3044,329,317
3,2,1.75301,1.77108,5279,1986,97,98
3,3,2.82609,2.21739,6452,1986,65,51
3,1,2.04348,1.96894,1986,3044,329,317
3,2,1.75301,1.77108,5279,1986,97,98
3,3,2.82609,2.78261,6452,2530,65,64
3,1,2.04348,1.96894,1986,3044,329,317
3,2,1.69481,1.42208,758,2530,87,73
3,3,3,3,3044,3044,81,81
3,1,2.04348,2.04348,1986,1986,329,329
3,2,1.69481,1.42208,758,2530,87,73
3,3,2.91045,2.37313,937,3044,65,53
3,1,2.04348,2.04348,1986,1986,329,329
3,2,1.69481,1.67532,758,3044,87,86
3,3,3,3,2530,2530,68,68
3,1,2.04348,2.04348,1986,1986,329,329
3,2,1.69481,1.42208,758,2530,87,73
3,3,2.91045,2.37313,937,3044,65,53
3,1,2.04348,2.04348,1986,1986,329,329
3,2,1.69481,1.42208,758,2530,87,73
3,3,2.91045,2.86567,937,2530,65,64
3,1,2.04348,1.96894,1986,3044,329,317
3,2,1.69481,1.67532,758,3044,87,86
3,3,2.91045,2.86567,937,2530,65,64
3,1,2.04348,1.96894,1986,3044,329,317
3,2,1.69481,1.67532,758,3044,87,86
3,3,2.91045,2.37313,937,3044,65,53
3,1,2.04348,0.559006,1986,2530,329,90
3,2,1.69481,1.42208,758,2530,87,73
3,3,3,3,3044,3044,81,81
3,1,2.04348,1.96894,1986,3044,329,317
3,2,1.75301,1.77108,5279,1986,97,98
3,3,2.82609,2.21739,6452,1986,65,51
3,1,2.04348,2.04348,1986,1986,329,329
3,2,1.69481,1.67532,758,3044,87,86
3,3,2.91045,2.37313,937,3044,65,53
3,1,2.04348,1.96894,1986,3044,329,317
3,2,1.69481,1.67532,758,3044,87,86
3,3,2.91045,2.86567,937,2530,65,64
3,1,2.04348,1.96894,1986,3044,329,317
3,2,1.69481,1.67532,758,3044,87,86
3,3,2.91045,2.86567,937,2530,65,64
3,1,2.04348,0.559006,1986,2530,329,90
3,2,2.27481,2.27481,3044,3044,298,298
3,3,2.84211,3,5279,1986,90,95
3,1,2.04348,0.559006,1986,2530,329,90
3,2,1.69481,1.67532,758,3044,87,86
3,3,3,3,2530,2530,68,68
3,1,2.04348,2.04348,1986,1986,329,329
3,2,1.69481,1.67532,758,3044,87,86
3,3,3,3,2530,2530,68,68
3,1,2.04348,1.96894,1986,3044,329,317
3,2,1.75301,1.77108,5279,1986,97,98
3,3,2.82609,2.78261,6452,2530,65,64
3,1,2.04348,1.96894,1986,3044,329,317
3,2,1.69481,1.42208,758,2530,87,73
3,3,2.91045,2.86567,937,2530,65,64
3,1,2.04348,2.04348,1986,1986,329,329
3,2,1.69481,1.67532,758,3044,87,86
3,3,2.91045,2.37313,937,3044,65,53
3,1,2.04348,0.559006,1986,2530,329,90
3,2,1.69481,1.67532,758,3044,87,86
3,3,2.91045,2.86567,937,2530,65,64
3,1,2.04348,1.96894,1986,3044,329,317
3,2,1.75301,1.28313,5279,2530,97,71
3,3,2.82609,2.21739,6452,1986,65,51
3,1,2.04348,0.559006,1986,2530,329,90
3,2,1.69481,1.42208,758,2530,87,73
3,3,2.91045,2.86567,937,2530,65,64
3,1,2.04348,1.96894,1986,3044,329,317
3,2,1.75301,1.28313,5279,2530,97,71
3,3,2.82609,2.78261,6452,2530,65,64
3,1,2.04348,2.04348,1986,1986,329,329
3,2,1.69481,1.67532,758,3044,87,86
3,3,3,3,2530,2530,68,68
3,1,2.04348,2.04348,1986,1986,329,329
3,2,1.69481,1.42208,758,2530,87,73
3,3,2.91045,2.37313,937,3044,65,53
3,1,2.04348,2.04348,1986,1986,329,329
3,2,1.69481,1.42208,758,2530,87,73
3,3,3,3,3044,3044,81,81
3,1,2.04348,1.96894,1986,3044,329,317
3,2,1.75301,1.28313,5279,2530,97,71
3,3,2.71579,3,758,1986,86,95
3,1,2.04348,1.96894,1986,3044,329,317
3,2,1.69481,1.67532,758,3044,87,86
3,3,2.91045,2.37313,937,3044,65,53
3,1,2.04348,2.04348,1986,1986,329,329
3,2,1.69481,1.42208,758,2530,87,73
3,3,2.91045,2.37313,937,3044,65,53
4,1,2.42804,2.05166,1986,5279,329,278
4,2,2.06061,2.04545,3044,1986,136,135
4,3,2.10853,2.10853,2530,2530,68,68
4,4,4,4,937,937,61,61
4,1,2.42804,2.42804,1986,1986,329,329
4,2,1.6338,1.37089,758,2530,87,73
4,3,2.31429,2.25714,3044,5279,81,79
4,4,3.86441,3.05085,5996,5279,57,45
4,1,2.42804,0.664207,1986,937,329,90
4,2,1.6338,1.57746,758,5279,87,84
4,3,2.06349,1.04762,937,5279,65,33
4,4,2.70968,2.75269,2530,937,63,64
4,1,2.42804,2.05166,1986,5279,329,278
4,2,1.6338,1.31455,758,937,87,70
4,3,2.29371,1.84615,5279,2530,82,66
4,4,3.8961,4,3044,5279,75,77
4,1,2.42804,2.42804,1986,1986,329,329
4,2,1.6338,1.37089,758,2530,87,73
4,3,2.31429,1.8,3044,937,81,63
4,4,3.86441,3.05085,5996,5279,57,45
4,1,2.42804,0.664207,1986,2530,329,90
4,2,2.63717,2.34513,3044,5279,298,265
4,3,2.58824,2.69519,7462,1986,121,126
4,4,4,4,937,937,61,61
4,1,2.42804,0.664207,1986,937,329,90
4,2,1.6338,1.37089,758,2530,87,73
4,3,2.31429,1.8,3044,937,81,63
4,4,4,4,5279,5279,77,77
4,1,2.42804,0.664207,1986,2530,329,90
4,2,1.6338,1.57746,758,5279,87,84
4,3,2.06349,2.06349,937,937,65,65
4,4,3.80328,2.09836,2530,5279,58,32
4,1,2.42804,2.05166,1986,5279,329,278
4,2,1.6338,1.57746,758,5279,87,84
4,3,2.10853,2.10853,2530,937,68,68
4,4,3.54098,4,1126,2530,54,61
4,1,2.42804,0.664207,1986,937,329,90
4,2,2.65487,2.73451,3044,1986,300,309
4,3,2.29371,2.29371,5279,5279,82,82
4,4,4,4,2530,2530,61,61
4,1,2.42804,2.42804,1986,1986,329,329
4,2,1.6338,1.57746,758,5279,87,84
4,3,2.06349,1.04762,937,5279,65,33
4,4,3.80328,2.09836,2530,5279,58,32
4,1,2.42804,0.664207,1986,937,329,90
4,2,1.6338,1.57746,758,5279,87,84
4,3,2.10853,2.10853,2530,2530,68,68
4,4,4,4,937,937,61,61
4,1,2.42804,0.664207,1986,2530,329,90
4,2,1.6338,1.57746,758,5279,87,84
4,3,2.06349,1.04762,937,5279,65,33
4,4,3.80328,3.80328,2530,2530,58,58
4,1,2.42804,0.664207,1986,2530,329,90
4,2,1.6338,1.31455,758,937,87,70
4,3,2.29371,1.84615,5279,2530,82,66
4,4,4,4,2530,2530,61,61
4,1,2.42804,0.664207,1986,937,329,90
4,2,1.6338,1.31455,758,937,87,70
4,3,2.06349,2.03175,937,2530,65,64
4,4,3.80328,3.80328,2530,2530,58,58
4,1,2.42804,2.05166,1986,5279,329,278
4,2,1.6338,1.31455,758,937,87,70
4,3,2.06349,1.04762,937,5279,65,33
4,4,2.70968,2.70968,2530,2530,63,63
4,1,2.42804,0.664207,1986,937,329,90
4,2,1.6338,1.37089,758,2530,87,73
4,3,2.31429,2.25714,3044,5279,81,79
4,4,4,4,937,937,61,61
4,1,2.42804,0.664207,1986,2530,329,90
4,2,2.63717,0.734513,3044,937,298,83
4,3,2.95935,3.16531,7462,1986,273,292
4,4,3.70833,3.70833,5279,5279,89,89
4,1,2.42804,2.42804,1986,1986,329,329
4,2,1.6338,1.31455,758,937,87,70
4,3,2.29371,2.29371,5279,5279,82,82
4,4,4,4,2530,2530,61,61
4,1,2.42804,0.664207,1986,2530,329,90
4,2,1.6338,1.37089,758,2530,87,73
4,3,2.06349,2.06349,937,937,65,65
4,4,3.80328,3.80328,2530,2530,58,58
4,1,2.42804,2.42804,1986,1986,329,329
4,2,1.6338,1.37089,758,2530,87,73
4,3,2.31429,1.8,3044,937,81,63
4,4,3.86441,3.86441,5996,937,57,57
4,1,2.42804,0.664207,1986,937,329,90
4,2,1.6338,1.57746,758,5279,87,84
4,3,2.06349,2.06349,937,937,65,65
4,4,3.80328,2.09836,2530,5279,58,32
4,1,2.42804,0.664207,1986,937,329,90
4,2,1.6338,1.31455,758,937,87,70
4,3,2.29371,2.29371,5279,5279,82,82
4,4,4,4,2530,2530,61,61
4,1,2.42804,2.05166,1986,5279,329,278
4,2,2.06061,2.04545,3044,1986,136,135
4,3,2.10853,2.10853,2530,2530,68,68
4,4,4,4,937,937,61,61
4,1,2.42804,0.664207,1986,937,329,90
4,2,1.6338,1.57746,758,5279,87,84
4,3,2.06349,2.03175,937,2530,65,64
4,4,3.74194,3.80645,5996,937,58,59
4,1,2.42804,2.05166,1986,5279,329,278
4,2,2.06061,1.13636,3044,937,136,75
4,3,2.03125,2.03125,6452,937,65,65
4,4,3.61905,3.04762,2530,1986,57,48
4,1,2.42804,2.05166,1986,5279,329,278
4,2,1.6338,1.31455,758,937,87,70
4,3,2.29371,2.29371,5279,5279,82,82
4,4,4,4,2530,2530,61,61
4,1,2.42804,0.664207,1986,2530,329,90
4,2,1.6338,1.57746,758,5279,87,84
4,3,2.06349,2.03175,937,2530,65,64
4,4,3.74194,3.80645,5996,937,58,59
4,1,2.42804,0.664207,1986,2530,329,90
4,2,2.63717,2.76106,3044,1986,298,312
4,3,2.33766,2.33766,5279,5279,90,90
4,4,3.6875,3.125,6452,1986,59,50
4,1,2.42804,0.664207,1986,937,329,90
4,2,1.6338,1.57746,758,5279,87,84
4,3,2.06349,1.04762,937,5279,65,33
4,4,3.80328,2.09836,2530,5279,58,32
4,1,2.42804,0.664207,1986,2530,329,90
4,2,2.63717,2.76106,3044,1986,298,312
4,3,2.33766,2.46753,5279,1986,90,95
4,4,3.6875,3.625,6452,937,59,58
4,1,2.42804,2.42804,1986,1986,329,329
4,2,1.6338,1.57746,758,5279,87,84
4,3,2.10853,2.10853,2530,937,68,68
4,4,4,4,937,937,61,61
4,1,2.42804,0.664207,1986,937,329,90
4,2,1.6338,1.57746,758,5279,87,84
4,3,2.06349,1.04762,937,5279,65,33
4,4,3.80328,3.80328,2530,2530,58,58
4,1,2.42804,2.42804,1986,1986,329,329
4,2,1.6338,1.31455,758,937,87,70
4,3,2.29371,1.84615,5279,2530,82,66
4,4,4,4,2530,2530,61,61
4,1,2.42804,2.42804,1986,1986,329,329
4,2,1.6338,1.37089,758,2530,87,73
4,3,2.31429,2.25714,3044,5279,81,79
4,4,4,4,937,937,61,61
4,1,2.42804,2.05166,1986,5279,329,278
4,2,2.06061,1.16667,3044,2530,136,77
4,3,2.58824,2.69519,7462,1986,121,126
4,4,3.57576,2.9697,937,1986,59,49
4,1,2.42804,2.05166,1986,5279,329,278
4,2,1.6338,1.57746,758,5279,87,84
4,3,2.06349,2.06349,937,937,65,65
4,4,3.80328,2.09836,2530,5279,58,32
4,1,2.42804,2.05166,1986,5279,329,278
4,2,1.6338,1.37089,758,2530,87,73
4,3,2.31429,1.8,3044,937,81,63
4,4,4,4,5279,5279,77,77
4,1,2.42804,2.05166,1986,5279,329,278
4,2,1.6338,1.37089,758,2530,87,73
4,3,2.06349,2.03175,937,2530,65,64
4,4,3.74194,2.06452,5996,5279,58,32
4,1,2.42804,0.664207,1986,2530,329,90
4,2,2.63717,2.76106,3044,1986,298,312
4,3,2.25714,1.8,5279,937,79,63
4,4,4,4,937,937,61,61
4,1,2.42804,0.664207,1986,937,329,90
4,2,1.6338,1.31455,758,937,87,70
4,3,2.29371,2.29371,5279,5279,82,82
4,4,4,4,2530,2530,61,61
4,1,2.42804,0.664207,1986,937,329,90
4,2,1.6338,1.57746,758,5279,87,84
4,3,2.06349,2.06349,937,937,65,65
4,4,3.80328,3.80328,2530,2530,58,58
4,1,2.42804,0.664207,1986,2530,329,90
4,2,2.63717,0.734513,3044,937,298,83
4,3,2.33766,1.71429,5279,937,90,66
4,4,3.6875,3.125,6452,1986,59,50
4,1,2.42804,2.42804,1986,1986,329,329
4,2,1.6338,1.31455,758,937,87,70
4,3,2.29371,1.84615,5279,2530,82,66
4,4,4,4,2530,2530,61,61
4,1,2.42804,2.42804,1986,1986,329,329
4,2,1.6338,1.31455,758,937,87,70
4,3,2.06349,2.03175,937,2530,65,64
4,4,3.80328,3.80328,2530,2530,58,58
4,1,2.42804,2.42804,1986,1986,329,329
4,2,1.6338,1.57746,758,5279,87,84
4,3,2.10853,2.10853,2530,2530,68,68
4,4,4,4,937,937,61,61
4,1,2.42804,2.05166,1986,5279,329,278
4,2,1.6338,1.37089,758,2530,87,73
4,3,2.31429,1.8,3044,937,81,63
4,4,3.86441,3.05085,5996,5279,57,45
4,1,2.42804,0.664207,1986,937,329,90
4,2,2.65487,2.73451,3044,1986,300,309
4,3,2.34211,2.34211,5279,5279,89,89
4,4,3.61905,3.61905,2530,2530,57,57
4,1,2.42804,2.05166,1986,5279,329,278
4,2,2.06061,2.04545,3044,1986,136,135
4,3,2.10853,2.10853,2530,937,68,68
4,4,3.54098,4,1126,2530,54,61
4,1,2.42804,2.42804,1986,1986,329,329
4,2,1.6338,1.57746,758,5279,87,84
4,3,2.06349,2.06349,937,937,65,65
4,4,3.80328,2.09836,2530,5279,58,32
5,1,2.72803,2.72803,1986,1986,329,329
5,2,1.58759,1.27737,758,1126,87,70
5,3,2.0098,1.66667,3044,5303,82,68
5,4,2.53676,2.53676,6330,6330,69,69
5,5,5,5,5996,5996,67,67
5,1,2.72803,0.820896,1986,5996,329,99
5,2,1.58759,1.25912,758,5303,87,69
5,3,1.78049,1.70732,3044,6330,73,70
5,4,2.46212,2.34848,1126,5996,65,62
5,5,4.40299,4.25373,5996,6330,59,57
5,1,2.72803,0.862355,1986,5303,329,104
5,2,1.58759,1.27737,758,6330,87,70
5,3,1.81373,1.69118,6880,1126,74,69
5,4,2.53846,2.19231,1126,5303,66,57
5,5,4.10959,4.10959,5996,5996,60,60
5,1,2.72803,0.862355,1986,5303,329,104
5,2,1.58759,1.25912,758,5303,87,69
5,3,1.73797,1.68449,937,5996,65,63
5,4,2.41935,2.33871,1126,6330,60,58
5,5,4.53125,4.45312,6452,5303,58,57
5,1,2.72803,0.820896,1986,5996,329,99
5,2,2.82738,1.02183,3044,5303,285,103
5,3,2.00913,1.64384,758,1126,88,72
5,4,2.40458,2.09924,1126,5303,63,55
5,5,3.88158,3.55263,6452,6330,59,54
5,1,2.72803,0.862355,1986,5303,329,104
5,2,1.58759,1.25912,758,5303,87,69
5,3,1.73797,1.68449,937,5996,65,63
5,4,2.41935,2.33871,1126,6330,60,58
5,5,4.39394,4.4697,5303,1126,58,59
5,1,2.72803,0.820896,1986,5996,329,99
5,2,1.58759,1.25912,758,5303,87,69
5,3,1.73797,1.68449,937,5996,65,63
5,4,2.37705,2.29508,2530,5996,58,56
5,5,3.98438,3.4375,5996,5303,51,44
5,1,2.72803,0.862355,1986,5303,329,104
5,2,2.76553,0.981964,3044,5996,276,98
5,3,1.99552,1.63677,5279,1126,89,73
5,4,2.35075,1.75373,6452,1986,63,47
5,5,4.29577,2.60563,1126,1986,61,37
5,1,2.72803,0.820896,1986,5996,329,99
5,2,1.58759,1.27737,758,1126,87,70
5,3,2.0098,1.71569,3044,5996,82,70
5,4,2.5,2.5,6330,6330,67,67
5,5,5,5,5303,5303,67,67
5,1,2.72803,0.820896,1986,6330,329,99
5,2,1.58759,1.27737,758,1126,87,70
5,3,1.73797,1.60428,937,6330,65,60
5,4,2.37705,2.04918,2530,5303,58,50
5,5,3.88889,3.88889,5996,5996,56,56
5,1,2.72803,0.862355,1986,1126,329,104
5,2,1.58759,1.33212,758,5996,87,73
5,3,1.73797,1.5508,937,5303,65,58
5,4,2.37705,2.04918,2530,5303,58,50
5,5,3.88889,3.68056,5996,6330,56,53
5,1,2.72803,2.72803,1986,1986,329,329
5,2,1.58759,1.27737,758,1126,87,70
5,3,1.73797,1.60428,937,6330,65,60
5,4,2.44094,2.28346,1126,5303,62,58
5,5,4.42029,4.42029,5996,5996,61,61
5,1,2.72803,0.820896,1986,6330,329,99
5,2,1.58759,1.33212,758,5996,87,73
5,3,1.73797,1.5508,937,5303,65,58
5,4,2.44186,2.32558,5996,6330,63,60
5,5,4.42029,4.42029,1126,5996,61,61
5,1,2.72803,0.862355,1986,5303,329,104
5,2,2.76553,0.981964,3044,6330,276,98
5,3,1.99552,1.50224,5279,5996,89,67
5,4,2.5641,2.24359,758,1126,80,70
5,5,3.95349,4.53488,6452,1986,68,78
5,1,2.72803,0.820896,1986,6330,329,99
5,2,1.58759,1.33212,758,5996,87,73
5,3,1.86567,1.69154,3044,5303,75,68
5,4,2.55639,2.55639,6330,6330,68,68
5,5,5,5,1126,1126,65,65
5,1,2.72803,0.820896,1986,5996,329,99
5,2,2.82738,3.00595,3044,1986,285,303
5,3,2.00913,1.64384,758,1126,88,72
5,4,2.40458,2.0229,1126,1986,63,53
5,5,3.52564,3.14103,2530,6330,55,49
5,1,2.72803,0.862355,1986,1126,329,104
5,2,2.88577,2.95591,3044,1986,288,295
5,3,2.03791,1.51659,758,5996,86,64
5,4,2.48,2.16,6452,6330,62,54
5,5,4.08451,3.38028,3283,1986,58,48
5,1,2.72803,0.862355,1986,5303,329,104
5,2,2.76553,1.01202,3044,1126,276,101
5,3,1.99552,1.50224,5279,5996,89,67
5,4,2.5641,2.75641,758,1986,80,86
5,5,4.42857,4,1126,6330,62,56
5,1,2.72803,2.72803,1986,1986,329,329
5,2,1.58759,1.33212,758,5996,87,73
5,3,1.73797,1.68449,937,5996,65,63
5,4,2.41935,2.33871,1126,5303,60,58
5,5,4.39394,4.4697,6330,1126,58,59
5,1,2.72803,0.820896,1986,5996,329,99
5,2,2.82738,0.992063,3044,1126,285,100
5,3,2.00913,1.43836,758,5303,88,63
5,4,2.4359,2.24359,5279,1126,76,70
5,5,3.95349,3.77907,6452,6330,68,65
5,1,2.72803,0.862355,1986,5303,329,104
5,2,2.76553,0.981964,3044,5996,276,98
5,3,1.99552,2.04036,5279,1986,89,91
5,4,2.35075,1.75373,6452,1986,63,47
5,5,3.33333,3.21839,2530,1126,58,56
5,1,2.72803,0.862355,1986,1126,329,104
5,2,1.58759,1.25912,758,5303,87,69
5,3,1.73797,1.60428,937,6330,65,60
5,4,2.44094,2.28346,1126,5303,62,58
5,5,4.42029,4.42029,5996,1126,61,61
5,1,2.72803,2.72803,1986,1986,329,329
5,2,1.58759,1.33212,758,5996,87,73
5,3,1.73797,1.5508,937,5303,65,58
5,4,2.37705,2.04918,2530,5303,58,50
5,5,3.98438,3.59375,5996,6330,51,46
5,1,2.72803,0.862355,1986,5303,329,104
5,2,1.58759,1.27737,758,1126,87,70
5,3,2.0098,1.66667,3044,5303,82,68
5,4,2.41803,2.2541,5996,5303,59,55
5,5,4.52381,4.36508,6452,6330,57,55
5,1,2.72803,0.862355,1986,1126,329,104
5,2,1.58759,1.27737,758,1126,87,70
5,3,1.73797,1.68449,937,1126,65,63
5,4,2.37705,2.29508,2530,5996,58,56
5,5,4.01515,3.78788,1126,5303,53,50
5,1,2.72803,0.820896,1986,5996,329,99
5,2,2.82738,1.02183,3044,5303,285,103
5,3,2.00913,2.12329,758,1986,88,93
5,4,2.40458,2.06107,1126,6330,63,54
5,5,3.83117,3.57143,6452,5303,59,55
5,1,2.72803,2.72803,1986,1986,329,329
5,2,1.58759,1.25912,758,5303,87,69
5,3,1.78049,1.7561,3044,5996,73,72
5,4,2.46212,2.19697,1126,6330,65,58
5,5,4.40299,4.25373,5996,6330,59,57
5,1,2.72803,0.862355,1986,1126,329,104
5,2,2.88577,0.961924,3044,6330,288,96
5,3,2.03791,1.58768,758,6330,86,67
5,4,2.56944,2.11806,5279,5303,74,61
5,5,4.09639,3.73494,3283,5996,68,62
5,1,2.72803,0.862355,1986,5303,329,104
5,2,1.58759,1.33212,758,5996,87,73
5,3,1.73797,1.68449,937,5996,65,63
5,4,2.41935,2.33871,1126,5303,60,58
5,5,4.53125,4.45312,6452,5303,58,57
5,1,2.72803,0.820896,1986,5996,329,99
5,2,1.58759,1.27737,758,6330,87,70
5,3,1.73797,1.60428,937,6330,65,60
5,4,2.44094,2.28346,1126,5303,62,58
5,5,4.42029,4.42029,5996,5996,61,61
5,1,2.72803,0.820896,1986,5996,329,99
5,2,1.58759,1.27737,758,6330,87,70
5,3,1.73797,1.68449,937,5996,65,63
5,4,2.37705,2.29508,2530,1126,58,56
5,5,3.98438,3.4375,5996,5303,51,44
5,1,2.72803,0.820896,1986,6330,329,99
5,2,1.58759,1.33212,758,5996,87,73
5,3,1.73797,1.68449,937,1126,65,63
5,4,2.37705,2.17213,2530,6330,58,53
5,5,3.98551,3.98551,1126,1126,55,55
5,1,2.72803,2.72803,1986,1986,329,329
5,2,1.58759,1.27737,758,1126,87,70
5,3,1.73797,1.68449,937,5996,65,63
5,4,2.41935,2.33871,1126,5303,60,58
5,5,4.39394,4.4697,6330,1126,58,59
5,1,2.72803,2.72803,1986,1986,329,329
5,2,1.58759,1.27737,758,1126,87,70
5,3,1.73797,1.68449,937,1126,65,63
5,4,2.41935,2.37903,5996,6330,60,59
5,5,4.53125,4.45312,6452,5303,58,57
5,1,2.72803,0.820896,1986,6330,329,99
5,2,1.58759,1.33212,758,5996,87,73
5,3,1.86567,1.69154,3044,5303,75,68
5,4,2.55639,2.55639,6330,6330,68,68
5,5,5,5,1126,1126,65,65
5,1,2.72803,0.820896,1986,6330,329,99
5,2,1.58759,1.27737,758,1126,87,70
5,3,2.0098,1.66667,3044,5303,82,68
5,4,2.41803,2.33607,5996,6330,59,57
5,5,4.52381,4.36508,6452,6330,57,55
5,1,2.72803,2.72803,1986,1986,329,329
5,2,1.58759,1.25912,758,5303,87,69
5,3,1.73797,1.68449,937,5996,65,63
5,4,2.41935,2.33871,1126,6330,60,58
5,5,4.39394,4.4697,5303,1126,58,59
5,1,2.72803,0.862355,1986,5303,329,104
5,2,1.58759,1.27737,758,6330,87,70
5,3,1.73797,1.68449,937,5996,65,63
5,4,2.37705,2.17213,2530,6330,58,53
5,5,3.98438,3.98438,5996,5996,51,51
5,1,2.72803,0.820896,1986,6330,329,99
5,2,1.58759,1.27737,758,1126,87,70
5,3,1.73797,1.5508,937,5303,65,58
5,4,2.37705,2.29508,2530,1126,58,56
5,5,4.01515,3.93939,5996,6330,53,52
5,1,2.72803,0.862355,1986,5303,329,104
5,2,1.58759,1.33212,758,5996,87,73
5,3,1.86567,1.66667,3044,1126,75,67
5,4,2.5,2.5,6330,5303,67,67
5,5,5,5,5303,5303,67,67
5,1,2.72803,0.862355,1986,5303,329,104
5,2,1.58759,1.33212,758,5996,87,73
5,3,1.73797,1.5508,937,5303,65,58
5,4,2.37705,2.29508,2530,1126,58,56
5,5,4.01515,3.93939,5996,6330,53,52
5,1,2.72803,0.862355,1986,1126,329,104
5,2,1.58759,1.25912,758,5303,87,69
5,3,1.73797,1.68449,937,1126,65,63
5,4,2.41935,2.29839,5996,5303,60,57
5,5,4.53125,4.45312,6452,6330,58,57
5,1,2.72803,0.862355,1986,1126,329,104
5,2,1.58759,1.33212,758,5996,87,73
5,3,1.73797,1.68449,937,1126,65,63
5,4,2.41935,2.41935,5996,5996,60,60
5,5,4.53125,4.45312,6452,6330,58,57
5,1,2.72803,2.72803,1986,1986,329,329
5,2,1.58759,1.27737,758,6330,87,70
5,3,1.73797,1.68449,937,1126,65,63
5,4,2.37705,2.29508,2530,5996,58,56
5,5,4.01515,3.86364,1126,6330,53,51
5,1,2.72803,0.862355,1986,1126,329,104
5,2,1.58759,1.27737,758,6330,87,70
5,3,1.81373,1.7402,6880,5996,74,71
5,4,2.53846,2.53846,1126,1126,66,66
5,5,4.45312,4.45312,5996,5996,57,57
5,1,2.72803,0.820896,1986,5996,329,99
5,2,1.58759,1.27737,758,6330,87,70
5,3,1.73797,1.68449,937,1126,65,63
5,4,2.37705,2.04918,2530,5303,58,50
5,5,3.98438,3.98438,5996,5996,51,51
5,1,2.72803,0.862355,1986,5303,329,104
5,2,1.58759,1.27737,758,6330,87,70
5,3,1.81373,1.7402,6880,5996,74,71
5,4,2.55639,2.55639,5303,5303,68,68
5,5,5,5,1126,1126,65,65
5,1,2.72803,0.820896,1986,5996,329,99
5,2,1.58759,1.27737,758,1126,87,70
5,3,1.73797,1.5508,937,5303,65,58
5,4,2.44186,2.44186,5996,5996,63,63
5,5,4.4697,4.4697,1126,1126,59,59
5,1,2.72803,0.862355,1986,1126,329,104
5,2,1.58759,1.25912,758,5303,87,69
5,3,1.73797,1.5508,937,5303,65,58
5,4,2.37705,2.04918,2530,5303,58,50
5,5,3.98438,3.75,5996,1126,51,48
5,1,2.72803,0.862355,1986,5303,329,104
5,2,1.58759,1.25912,758,5303,87,69
5,3,1.73797,1.5508,937,5303,65,58
5,4,2.44186,2.44186,5996,5996,63,63
5,5,4.4697,4.39394,1126,6330,59,58
6,1,2.95952,0.890555,1986,6330,329,99
6,2,1.54438,1.2426,758,1126,87,70
6,3,1.55378,1.38645,937,5303,65,58
6,4,1.87097,1.6129,2530,5303,58,50
6,5,2.47059,2.20588,5996,1645,56,50
6,6,3.9,3.6,1126,1645,52,48
6,1,2.95952,0.962519,1986,1645,329,107
6,2,2.98929,1.02857,3044,5996,279,96
6,3,3.02586,1.28017,7462,5303,234,99
6,4,3.13973,3.83014,6880,1986,191,233
6,5,2.72414,2.72414,1126,1126,79,79
6,6,4.54737,4.61053,6330,1986,72,73
6,1,2.95952,0.935532,1986,5303,329,104
6,2,1.54438,1.22485,758,5303,87,69
6,3,1.62825,1.53903,3044,1126,73,69
6,4,1.9898,1.7449,1126,1645,65,57
6,5,2.70229,2.61069,5996,6330,59,57
6,6,4.54054,4.62162,2386,5996,56,57
6,1,2.95952,0.962519,1986,1645,329,107
6,2,1.54438,1.2426,758,1645,87,70
6,3,1.70149,1.56716,5279,5996,76,70
6,4,2.0303,2.0303,6330,1126,67,67
6,5,2.9771,3.0229,5303,6330,65,66
6,6,5.45455,6,6452,6330,60,66
6,1,2.95952,2.95952,1986,1986,329,329
6,2,1.54438,1.22485,758,5303,87,69
6,3,1.62825,1.56134,3044,6330,73,70
6,4,1.9898,1.7449,1126,1645,65,57
6,5,2.54676,2.54676,5996,5996,59,59
6,6,4.125,4.65,6330,1126,55,62
6,1,2.95952,0.890555,1986,6330,329,99
6,2,1.54438,1.2426,758,1126,87,70
6,3,1.55378,1.43426,937,6330,65,60
6,4,1.94764,1.82199,1126,5303,62,58
6,5,2.75188,2.75188,5996,1126,61,61
6,6,4.58333,4.5,6452,1645,55,54
6,1,2.95952,0.935532,1986,5303,329,104
6,2,1.54438,1.2426,758,6330,87,70
6,3,1.55378,1.43426,937,6330,65,60
6,4,1.87097,1.6129,2530,1645,58,50
6,5,2.39062,2.25,5996,1126,51,48
6,6,3.50649,3.50649,3283,1126,45,45
6,1,2.95952,0.935532,1986,5303,329,104
6,2,1.54438,1.2426,758,1645,87,70
6,3,1.55378,1.50598,937,1126,65,63
6,4,1.91489,1.88298,5996,1645,60,59
6,5,2.69767,2.69767,6330,6330,58,58
6,6,4.73239,4.64789,5303,5996,56,55
6,1,2.95952,0.890555,1986,5996,329,99
6,2,1.54438,1.29586,758,5996,87,73
6,3,1.55378,1.50598,937,1126,65,63
6,4,1.91489,1.81915,5996,5303,60,57
6,5,2.71875,2.625,6452,1645,58,56
6,6,4.8,4.71429,6330,5303,56,55
6,1,2.95952,2.95952,1986,1986,329,329
6,2,1.54438,1.2426,758,6330,87,70
6,3,1.65672,1.54478,6880,5303,74,69
6,4,2.11055,2.11055,5996,5996,70,70
6,5,3.02326,3.02326,1126,1126,65,65
6,6,6,6,1645,1645,64,64
6,1,2.95952,0.935532,1986,1126,329,104
6,2,3.06927,1.01243,3044,5996,288,95
6,3,3.14103,1.20513,7462,6330,245,94
6,4,2.17937,1.80269,758,6330,81,67
6,5,2.49296,2.3662,1645,6330,59,56
6,6,4.12048,3.9759,2386,5303,57,55
6,1,2.95952,2.95952,1986,1986,329,329
6,2,1.54438,1.22485,758,5303,87,69
6,3,1.62825,1.56134,3044,6330,73,70
6,4,1.9898,1.9898,1126,1126,65,65
6,5,2.70229,2.61069,5996,1645,59,57
6,6,4.58333,4.5,6452,1645,55,54
6,1,2.95952,0.890555,1986,6330,329,99
6,2,1.54438,1.22485,758,5303,87,69
6,3,1.55378,1.43426,937,6330,65,60
6,4,1.94764,1.82199,1126,5303,62,58
6,5,2.69767,2.69767,6452,1645,58,58
6,6,4.8169,4.64789,5996,1645,57,55
6,1,2.95952,0.890555,1986,6330,329,99
6,2,3.03169,1.0669,3044,1126,287,101
6,3,3.22484,1.34904,7462,1645,251,105
6,4,3.36464,1.49171,6880,5996,203,90
6,5,3.01887,2.64151,5279,5303,80,70
6,6,4.44944,4.92135,5996,1986,66,73
6,1,2.95952,0.890555,1986,5996,329,99
6,2,1.54438,1.2426,758,1126,87,70
6,3,1.83582,1.54478,3044,6330,82,69
6,4,2.1407,2.0804,6880,1645,71,69
6,5,2.67188,2.67188,5996,5996,57,57
6,6,4.73239,4.73239,5303,5303,56,56
6,1,2.95952,0.890555,1986,6330,329,99
6,2,1.54438,1.2426,758,6330,87,70
6,3,1.55378,1.43426,937,6330,65,60
6,4,1.94764,1.82199,1126,5303,62,58
6,5,2.69767,2.69767,6452,5996,58,58
6,6,4.8169,4.8169,5303,5303,57,57
6,1,2.95952,2.95952,1986,1986,329,329
6,2,1.54438,1.2426,758,6330,87,70
6,3,1.65672,1.54478,6880,1126,74,69
6,4,2.11055,2.05025,3044,5996,70,68
6,5,2.65116,2.55814,6452,5303,57,55
6,6,4.62162,4.54054,5996,1645,57,56
6,1,2.95952,2.95952,1986,1986,329,329
6,2,1.54438,1.29586,758,5996,87,73
6,3,1.69811,1.53962,3044,6330,75,68
6,4,2.07107,2.01015,5303,1645,68,66
6,5,3.0229,3.0229,1126,1126,66,66
6,6,5.63077,6,6452,5303,61,65
6,1,2.95952,0.962519,1986,1645,329,107
6,2,1.54438,1.2426,758,1645,87,70
6,3,1.70149,1.56716,5279,5996,76,70
6,4,1.875,1.875,2530,1126,60,60
6,5,2.63636,2.40909,6330,5303,58,53
6,6,4.10127,4.40506,2386,6330,54,58
6,1,2.95952,0.962519,1986,1645,329,107
6,2,1.54438,1.22485,758,5303,87,69
6,3,1.55378,1.50598,937,5996,65,63
6,4,1.87097,1.70968,2530,6330,58,53
6,5,2.39062,2.25,5996,1126,51,48
6,6,3.375,3.225,6452,5303,45,43
6,1,2.95952,0.962519,1986,1645,329,107
6,2,1.54438,1.2426,758,1126,87,70
6,3,1.55378,1.43426,937,6330,65,60
6,4,1.87097,1.80645,2530,1126,58,56
6,5,2.39062,2.25,5996,1126,51,48
6,6,3.50649,3.35065,3283,1645,45,43
6,1,2.95952,2.95952,1986,1986,329,329
6,2,1.54438,1.2426,758,1645,87,70
6,3,1.70149,1.56716,5279,1126,76,70
6,4,1.875,1.875,2530,1126,60,60
6,5,2.40909,2.36364,937,1126,53,52
6,6,3.56962,3.49367,1126,5996,47,46
6,1,2.95952,0.935532,1986,1126,329,104
6,2,1.54438,1.2426,758,1645,87,70
6,3,1.55378,1.41036,937,1645,65,59
6,4,1.87097,1.6129,2530,1645,58,50
6,5,2.47059,2.38235,1126,5996,56,54
6,6,3.825,3.825,6330,6330,51,51
6,1,2.95952,0.962519,1986,1645,329,107
6,2,2.98929,1.05,3044,6330,279,98
6,3,3.12987,1.22078,7462,5996,241,94
6,4,2.22624,2.1991,5279,1986,82,81
6,5,2.58993,2.07194,1126,5996,60,48
6,6,4.48101,3.49367,2386,5996,59,46
6,1,2.95952,2.95952,1986,1986,329,329
6,2,1.54438,1.2426,758,1126,87,70
6,3,1.55378,1.38645,937,5303,65,58
6,4,1.87097,1.80645,2530,5996,58,56
6,5,2.44615,2.35385,1126,6330,53,51
6,6,3.79747,3.94937,5303,1126,50,52
6,1,2.95952,0.935532,1986,5303,329,104
6,2,2.94139,1.09769,3044,1645,276,103
6,3,1.86063,1.44251,5279,6330,89,69
6,4,1.90909,1.42424,6452,1986,63,47
6,5,2.30464,2.06623,2530,1645,58,52
6,6,3.39394,3.09091,1126,6330,56,51
6,1,2.95952,0.935532,1986,1126,329,104
6,2,3.06927,1.12966,3044,1645,288,106
6,3,1.87636,1.50545,758,1645,86,69
6,4,1.96825,1.84127,6452,1645,62,58
6,5,2.7874,2.40945,3283,5303,59,51
6,6,4.85294,4.85294,5996,5996,55,55
6,1,2.95952,0.890555,1986,5996,329,99
6,2,1.54438,1.2426,758,6330,87,70
6,3,1.65672,1.54478,6880,5303,74,69
6,4,2.04124,1.85567,1126,5996,66,60
6,5,2.55224,2.8209,5303,1126,57,63
6,6,4.73239,4.56338,2386,1645,56,54
6,1,2.95952,0.890555,1986,5996,329,99
6,2,1.54438,1.2426,758,6330,87,70
6,3,1.55378,1.43426,937,6330,65,60
6,4,1.87097,1.70968,2530,6330,58,53
6,5,2.4812,2.4812,1126,1126,55,55
6,6,3.92308,3.92308,5996,5996,51,51
6,1,2.95952,0.935532,1986,5303,329,104
6,2,2.94139,1.0444,3044,5996,276,98
6,3,1.86063,1.4007,5279,5996,89,67
6,4,1.90909,1.42424,6452,1986,63,47
6,5,2.30464,2.06623,2530,1645,58,52
6,6,3.09677,2.96774,1126,6330,48,46
6,1,2.95952,0.890555,1986,5996,329,99
6,2,1.54438,1.2426,758,6330,87,70
6,3,1.55378,1.43426,937,6330,65,60
6,4,1.94764,1.82199,1126,1645,62,58
6,5,2.69767,2.69767,6452,1645,58,58
6,6,4.73239,4.73239,5303,5303,56,56
6,1,2.95952,0.890555,1986,6330,329,99
6,2,1.54438,1.22485,758,5303,87,69
6,3,1.55378,1.50598,937,1126,65,63
6,4,1.87097,1.80645,2530,5996,58,56
6,5,2.39062,2.15625,5996,6330,51,46
6,6,3.50649,3.50649,3283,1126,45,45
6,1,2.95952,0.962519,1986,1645,329,107
6,2,1.54438,1.2426,758,1645,87,70
6,3,1.70149,1.56716,5279,5996,76,70
6,4,1.875,1.84375,2530,6330,60,59
6,5,2.40909,2.36364,937,1126,53,52
6,6,3.825,3.525,6330,5303,51,47
6,1,2.95952,0.962519,1986,1645,329,107
6,2,1.54438,1.22485,758,5303,87,69
6,3,1.55378,1.50598,937,5996,65,63
6,4,1.87097,1.70968,2530,6330,58,53
6,5,2.39062,2.25,5996,1126,51,48
6,6,3.375,3.225,6452,5303,45,43
6,1,2.95952,0.890555,1986,6330,329,99
6,2,1.54438,1.29586,758,5996,87,73
6,3,1.69811,1.53962,3044,5303,75,68
6,4,2.07107,2.07107,6330,6330,68,68
6,5,3.02326,3.02326,1126,1126,65,65
6,6,6,6,1645,1645,64,64
6,1,2.95952,0.935532,1986,1126,329,104
6,2,1.54438,1.22485,758,5303,87,69
6,3,1.62825,1.53903,3044,1126,73,69
6,4,2.07,2.07,6330,6330,69,69
6,5,3.0687,3.0687,5996,1645,67,67
6,6,5.8125,6,2386,5996,62,64
6,1,2.95952,0.935532,1986,5303,329,104
6,2,1.54438,1.2426,758,6330,87,70
6,3,1.55378,1.50598,937,1126,65,63
6,4,1.87097,1.6129,2530,1645,58,50
6,5,2.39062,2.39062,5996,5996,51,51
6,6,3.50649,3.35065,3283,1645,45,43
6,1,2.95952,0.935532,1986,1126,329,104
6,2,1.54438,1.2426,758,6330,87,70
6,3,1.55378,1.50598,937,5996,65,63
6,4,1.87097,1.6129,2530,1645,58,50
6,5,2.39062,2.10938,5996,1645,51,45
6,6,3.50649,3.42857,3283,6330,45,44
6,1,2.95952,0.890555,1986,5996,329,99
6,2,1.54438,1.2426,758,1645,87,70
6,3,1.70149,1.56716,5279,5996,76,70
6,4,2.0303,2.0303,6330,1126,67,67
6,5,2.9771,3.0229,5303,6330,65,66
6,6,5.63077,6,6452,5303,61,65
6,1,2.95952,0.962519,1986,1645,329,107
6,2,1.54438,1.22485,758,5303,87,69
6,3,1.62825,1.56134,3044,6330,73,70
6,4,1.9898,1.77551,1126,6330,65,58
6,5,2.6087,2.78261,5996,1126,60,64
6,6,4.23077,4.07692,3283,1645,55,53
6,1,2.95952,0.962519,1986,1645,329,107
6,2,1.54438,1.2426,758,1126,87,70
6,3,1.55378,1.41036,937,1645,65,59
6,4,1.87097,1.80645,2530,5996,58,56
6,5,2.44615,2.30769,1126,5303,53,50
6,6,3.8961,3.74026,6330,1645,50,48
6,1,2.95952,2.95952,1986,1986,329,329
6,2,1.54438,1.2426,758,1126,87,70
6,3,1.55378,1.41036,937,1645,65,59
6,4,1.96875,1.84375,1126,6330,63,59
6,5,2.61654,2.61654,5996,5996,58,58
6,6,4.56,4.72,5303,1126,57,59
6,1,2.95952,0.935532,1986,1126,329,104
6,2,1.54438,1.2426,758,6330,87,70
6,3,1.55378,1.41036,937,1645,65,59
6,4,1.87097,1.6129,2530,5303,58,50
6,5,2.39062,2.10938,5996,1645,51,45
6,6,3.46988,3.46988,1126,1126,48,48
6,1,2.95952,2.95952,1986,1986,329,329
6,2,1.54438,1.2426,758,6330,87,70
6,3,1.65672,1.54478,6880,1126,74,69
6,4,2.04124,1.76289,1126,1645,66,57
6,5,2.67188,2.67188,5996,5996,57,57
6,6,4.73239,4.56338,5303,1645,56,54
6,1,2.95952,0.890555,1986,6330,329,99
6,2,1.54438,1.29586,758,5996,87,73
6,3,1.69811,1.53962,3044,5303,75,68
6,4,2.07107,2.07107,6330,6330,68,68
6,5,3.02326,3.02326,1126,1126,65,65
6,6,6,6,1645,1645,64,64
6,1,2.95952,0.890555,1986,6330,329,99
6,2,1.54438,1.22485,758,5303,87,69
6,3,1.62825,1.60595,3044,5996,73,72
6,4,2.07107,2.01015,6330,1126,68,66
6,5,3.02326,3.02326,1126,1126,65,65
6,6,6,6,1645,1645,64,64
6,1,2.95952,0.890555,1986,5996,329,99
6,2,1.54438,1.29586,758,5996,87,73
6,3,1.69811,1.53962,3044,5303,75,68
6,4,2.07107,2.01015,6330,1126,68,66
6,5,3.02326,3.02326,1126,1126,65,65
6,6,6,6,1645,1645,64,64
6,1,2.95952,0.890555,1986,6330,329,99
6,2,1.54438,1.2426,758,1126,87,70
6,3,1.55378,1.50598,937,5996,65,63
6,4,1.91489,1.78723,1126,1645,60,56
6,5,2.59091,2.72727,6330,1126,57,60
6,6,4.66667,4.66667,6452,6330,56,56
6,1,2.95952,0.935532,1986,1126,329,104
6,2,1.54438,1.29586,758,5996,87,73
6,3,1.55378,1.38645,937,5303,65,58
6,4,1.95855,1.86528,5996,6330,63,60
6,5,2.72308,2.72308,1126,1126,59,59
6,6,4.8169,4.64789,6330,1645,57,55
6,1,2.95952,0.890555,1986,6330,329,99
6,2,1.54438,1.2426,758,1645,87,70
6,3,1.70149,1.56716,5279,1126,76,70
6,4,1.875,1.84375,2530,6330,60,59
6,5,2.66165,2.66165,1126,1126,59,59
6,6,4.37838,4.2973,6452,5303,54,53
7,1,3.16781,1.00138,1986,5303,329,104
7,2,1.53015,1.23116,758,6330,87,70
7,3,1.57927,1.36585,6880,2386,74,64
7,4,1.82955,1.80303,5996,1126,69,68
7,5,2.42857,2.42857,5303,1645,68,68
7,6,3.33594,3.44531,6452,5996,61,63
7,7,6.35385,7,3283,5303,59,65
7,1,3.16781,1.00138,1986,5303,329,104
7,2,3.10112,1.14607,3044,2386,276,102
7,3,1.79539,1.83573,5279,1986,89,91
7,4,1.7093,1.27519,6452,1986,63,47
7,5,2.18974,2.01026,1126,6330,61,56
7,6,2.92537,1.67164,1645,1986,56,32
7,7,4.75641,2.24359,6330,1986,53,25
7,1,3.16781,0.991747,1986,2386,329,103
7,2,1.53015,1.28392,758,5996,87,73
7,3,1.61538,1.46462,3044,5303,75,68
7,4,1.85214,1.68872,6330,2386,68,62
7,5,2.40741,2.40741,1126,1126,65,65
7,6,3.6129,3.44355,1645,2386,64,61
7,7,7,7,2386,2386,60,60
7,1,3.16781,3.16781,1986,1986,329,329
7,2,1.53015,1.21357,758,5303,87,69
7,3,1.55319,1.3617,3044,2386,73,64
7,4,1.84906,1.76981,6330,1645,70,67
7,5,2.40404,2.43939,1126,6330,68,69
7,6,3.44615,3.44615,5996,5996,64,64
7,7,6.36364,7,6452,6330,60,66
7,1,3.16781,0.991747,1986,2386,329,103
7,2,1.53015,1.12563,758,2386,87,64
7,3,1.65569,1.44611,3044,1645,79,69
7,4,1.78431,1.53725,1126,5303,65,56
7,5,2.11055,2.0402,5996,6330,60,58
7,6,2.82014,3.07194,6330,1126,56,61
7,7,4.55422,5.06024,6452,1126,54,60
7,1,3.16781,0.953232,1986,6330,329,99
7,2,1.53015,1.21357,758,5303,87,69
7,3,1.55319,1.3617,3044,2386,73,64
7,4,1.84906,1.76981,6330,1645,70,67
7,5,2.44103,2.40513,5996,1126,68,67
7,6,3.52756,3.52756,1126,1126,64,64
7,7,7,7,1645,1645,63,63
7,1,3.16781,0.953232,1986,5996,329,99
7,2,1.53015,1.28392,758,5996,87,73
7,3,1.61538,1.46462,3044,5303,75,68
7,4,1.85214,1.79767,6330,1126,68,66
7,5,2.3822,2.3822,1645,1645,65,65
7,6,3.33333,3.66667,6452,6330,60,66
7,7,6.36364,6.36364,3283,2386,60,60
7,1,3.16781,1.00138,1986,5303,329,104
7,2,1.53015,1.28392,758,5996,87,73
7,3,1.61538,1.44308,3044,1645,75,67
7,4,1.81783,1.65504,6330,2386,67,61
7,5,2.34518,2.38071,5303,6330,66,67
7,6,3.5,3.55385,1126,5303,65,66
7,7,6.45312,7,6452,1126,59,64
7,1,3.16781,1.00138,1986,5303,329,104
7,2,1.53015,1.28392,758,5996,87,73
7,3,1.46302,1.41801,937,1126,65,63
7,4,1.69355,1.66532,5996,1645,60,59
7,5,2.15957,1.89894,6452,2386,58,51
7,6,3.01538,3.01538,6330,6330,56,56
7,7,5.2027,4.82432,5303,2386,55,51
7,1,3.16781,0.953232,1986,6330,329,99
7,2,1.53015,1.23116,758,6330,87,70
7,3,1.46302,1.32797,937,1645,65,59
7,4,1.75,1.75,1126,1126,63,63
7,5,2.14815,2.11111,6330,5996,58,57
7,6,2.9697,2.9697,6452,5303,56,56
7,7,4.60526,5.15789,3283,6330,50,56
7,1,3.16781,1.00138,1986,1126,329,104
7,2,1.53015,1.23116,758,1126,87,70
7,3,1.46302,1.41801,937,5996,65,63
7,4,1.65041,1.42276,2530,5303,58,50
7,5,2,1.96429,5996,1126,56,55
7,6,2.58156,2.58156,6330,6330,52,52
7,7,3.85393,3.61798,1645,2386,49,46
7,1,3.16781,1.03026,1986,1645,329,107
7,2,3.15,1.15161,3044,2386,279,102
7,3,1.80645,1.53959,5279,1126,88,75
7,4,1.97368,2.05263,758,1986,75,78
7,5,2.08511,2.08511,6330,6330,56,56
7,6,2.91667,2.86364,2386,5996,55,54
7,7,4.90909,4.72727,6452,5996,54,52
7,1,3.16781,1.00138,1986,5303,329,104
7,2,1.53015,1.21357,758,5303,87,69
7,3,1.46302,1.19293,937,2386,65,53
7,4,1.65041,1.50813,2530,6330,58,53
7,5,1.99482,1.95855,1126,5996,55,54
7,6,2.51799,2.31655,5303,2386,50,46
7,7,3.77528,3.61798,3283,2386,48,46
7,1,3.16781,0.953232,1986,6330,329,99
7,2,1.53015,1.28392,758,5996,87,73
7,3,1.46302,1.41801,937,1126,65,63
7,4,1.69355,1.46774,5996,2386,60,52
7,5,2.15957,1.89894,6452,2386,58,51
7,6,2.91241,2.81022,6330,1645,57,55
7,7,4.78049,4.78049,5303,6330,56,56
7,1,3.16781,3.16781,1986,1986,329,329
7,2,1.53015,1.23116,758,1126,87,70
7,3,1.46302,1.32797,937,1645,65,59
7,4,1.65041,1.42276,2530,1645,58,50
7,5,2,1.78571,1126,5303,56,50
7,6,2.55,2.45,6330,5303,51,49
7,7,3.92308,3.46154,5996,2386,51,45
7,1,3.16781,1.03026,1986,1645,329,107
7,2,1.53015,1.23116,758,1126,87,70
7,3,1.75,1.4939,3044,5996,82,70
7,4,1.81783,1.81783,6330,5303,67,67
7,5,2.3822,2.2356,1645,2386,65,61
7,6,3.33333,3.33333,6452,2386,60,60
7,7,6.36364,6.36364,3283,2386,60,60
7,1,3.16781,1.03026,1986,1645,329,107
7,2,1.53015,1.23116,758,1645,87,70
7,3,1.46302,1.32797,937,1645,65,59
7,4,1.65041,1.5935,2530,5996,58,56
7,5,1.95263,1.87895,1126,6330,53,51
7,6,2.51799,2.31655,5303,2386,50,46
7,7,3.68817,3.76344,3283,5303,49,50
7,1,3.16781,1.03026,1986,1645,329,107
7,2,1.53015,1.23116,758,6330,87,70
7,3,1.57927,1.51524,6880,5996,74,71
7,4,1.85214,1.85214,5303,5303,68,68
7,5,2.40741,2.40741,1126,1126,65,65
7,6,3.6129,3.6129,1645,1645,64,64
7,7,7,7,2386,2386,60,60
7,1,3.16781,0.953232,1986,6330,329,99
7,2,1.53015,1.12563,758,2386,87,64
7,3,1.46302,1.41801,937,1126,65,63
7,4,1.65041,1.5935,2530,1126,58,56
7,5,1.95263,1.80526,5996,5303,53,49
7,6,2.58156,2.28369,6330,2386,52,46
7,7,3.85393,4.01124,1645,5996,49,51
7,1,3.16781,0.991747,1986,2386,329,103
7,2,1.53015,1.28392,758,5996,87,73
7,3,1.46302,1.41801,937,1126,65,63
7,4,1.65041,1.5935,2530,1126,58,56
7,5,1.89894,1.71277,5996,6330,51,46
7,6,2.3169,1.92254,1126,2386,47,39
7,7,3.31579,2.87368,3283,2386,45,39
7,1,3.16781,3.16781,1986,1986,329,329
7,2,1.53015,1.23116,758,1126,87,70
7,3,1.46302,1.41801,937,5996,65,63
7,4,1.65041,1.50813,2530,6330,58,53
7,5,1.99482,1.70466,1126,2386,55,47
7,6,2.5411,2.30137,5996,1645,53,48
7,7,3.57143,3.57143,5303,5303,50,50
7,1,3.16781,0.991747,1986,2386,329,103
7,2,3.12981,1.08814,3044,5996,279,97
7,3,3.17457,1.35484,7462,5303,239,102
7,4,3.16235,1.56471,6880,6330,192,95
7,5,3.45758,1.97273,5279,1126,163,93
7,6,3.72152,5.13924,758,1986,126,174
7,7,7,7,1645,1645,63,63
7,1,3.16781,0.991747,1986,2386,329,103
7,2,1.53015,1.23116,758,1645,87,70
7,3,1.46302,1.41801,937,1126,65,63
7,4,1.65041,1.5935,2530,1126,58,56
7,5,1.89894,1.45213,5996,2386,51,39
7,6,2.29927,2.29927,3283,1126,45,45
7,7,3.34783,3.27174,6452,1645,44,43
7,1,3.16781,0.953232,1986,5996,329,99
7,2,1.53015,1.21357,758,5303,87,69
7,3,1.55319,1.53191,3044,5996,73,72
7,4,1.77734,1.58594,1126,6330,65,58
7,5,2.1623,2.08901,5996,6330,59,57
7,6,2.91667,2.91667,6452,6330,55,55
7,7,5,4.90909,3283,6330,55,54
7,1,3.16781,0.991747,1986,2386,329,103
7,2,1.53015,1.23116,758,1126,87,70
7,3,1.46302,1.41801,937,5996,65,63
7,4,1.69355,1.69355,1126,1126,60,60
7,5,2.15957,2.08511,6452,1645,58,56
7,6,2.9697,2.9697,6330,6330,56,56
7,7,5.15789,4.60526,5303,2386,56,50
7,1,3.16781,1.03026,1986,1645,329,107
7,2,3.15,3.29677,3044,1986,279,292
7,3,1.80645,1.31378,5279,5996,88,64
7,4,1.74308,1.49407,1126,2386,63,54
7,5,2.28421,1.98947,6452,2386,62,54
7,6,2.95312,2.625,3019,5996,54,48
7,7,5.01351,4.44595,6330,5996,53,47
7,1,3.16781,3.16781,1986,1986,329,329
7,2,1.53015,1.23116,758,1126,87,70
7,3,1.46302,1.32797,937,1645,65,59
7,4,1.75,1.66667,1126,5996,63,60
7,5,2.07812,2.1875,6330,1126,57,60
7,6,2.9697,2.65152,6452,2386,56,50
7,7,4.97368,4.97368,5303,5303,54,54
7,1,3.16781,3.16781,1986,1986,329,329
7,2,1.53015,1.23116,758,1126,87,70
7,3,1.46302,1.19293,937,2386,65,53
7,4,1.65041,1.5935,2530,1126,58,56
7,5,1.89894,1.45213,5996,2386,51,39
7,6,2.25503,2.06711,1126,1645,48,44
7,7,3,3.2,6330,5996,45,48
7,1,3.16781,0.953232,1986,6330,329,99
7,2,1.53015,1.23116,758,1126,87,70
7,3,1.75,1.34451,3044,2386,82,63
7,4,1.67886,1.65041,5996,1645,59,58
7,5,2.08511,2.08511,6330,6330,56,56
7,6,2.91667,2.91667,2386,2386,55,55
7,7,4.90909,4.72727,6452,5996,54,52
7,1,3.16781,3.16781,1986,1986,329,329
7,2,1.53015,1.12563,758,2386,87,64
7,3,1.65569,1.46707,3044,6330,79,70
7,4,1.82955,1.82955,5996,5303,69,69
7,5,2.44103,2.33333,5303,1645,68,65
7,6,3.52756,3.47244,1126,1645,64,63
7,7,6.45312,7,6452,1126,59,64
7,1,3.16781,3.16781,1986,1986,329,329
7,2,1.53015,1.21357,758,5303,87,69
7,3,1.55319,1.44681,3044,1645,73,68
7,4,1.77734,1.55859,1126,2386,65,57
7,5,2.1623,2.08901,5996,6330,59,57
7,6,2.91667,2.86364,6452,1645,55,54
7,7,5,4.72727,3283,1645,55,52
7,1,3.16781,3.16781,1986,1986,329,329
7,2,1.53015,1.12563,758,2386,87,64
7,3,1.46302,1.41801,937,5996,65,63
7,4,1.69355,1.69355,1126,1126,60,60
7,5,2.15957,2.12234,6452,5303,58,57
7,6,3.0458,2.93893,6330,1645,57,55
7,7,5.10811,4.82432,1645,2386,54,51
7,1,3.16781,0.953232,1986,6330,329,99
7,2,1.53015,1.12563,758,2386,87,64
7,3,1.46302,1.30547,937,5303,65,58
7,4,1.74308,1.66008,5996,6330,63,60
7,5,2.21244,2.21244,1126,1126,61,61
7,6,3.02273,2.75758,1645,2386,57,52
7,7,4.94667,4.76,6452,2386,53,51
7,1,3.16781,1.00138,1986,1126,329,104
7,2,1.53015,1.23116,758,1645,87,70
7,3,1.46302,1.32797,937,1645,65,59
7,4,1.65041,1.5935,2530,1126,58,56
7,5,1.95263,1.84211,5996,1645,53,50
7,6,2.55474,2.55474,6330,6330,50,50
7,7,3.94253,3.62069,5303,2386,49,45
7,1,3.16781,1.03026,1986,1645,329,107
7,2,1.53015,1.21357,758,5303,87,69
7,3,1.46302,1.19293,937,2386,65,53
7,4,1.65041,1.3374,2530,2386,58,47
7,5,1.89894,1.45213,5996,2386,51,39
7,6,2.25503,2.06711,1126,1645,48,44
7,7,3.11881,3.11881,6452,6330,45,45
7,1,3.16781,0.953232,1986,5996,329,99
7,2,1.53015,1.12563,758,2386,87,64
7,3,1.46302,1.32797,937,1645,65,59
7,4,1.75,1.44444,1126,2386,63,52
7,5,2.065,2.17,6330,1126,59,62
7,6,2.84058,2.84058,6452,5996,56,56
7,7,4.78049,4.78049,5303,6330,56,56
7,1,3.16781,3.16781,1986,1986,329,329
7,2,1.53015,1.28392,758,5996,87,73
7,3,1.46302,1.41801,937,5996,65,63
7,4,1.69355,1.69355,1126,1126,60,60
7,5,2.15957,2.08511,6452,1645,58,56
7,6,3.01538,2.90769,6330,1645,56,54
7,7,5.2027,5.01351,5303,1645,55,53
7,1,3.16781,0.991747,1986,2386,329,103
7,2,3.12981,1.09936,3044,6330,279,98
7,3,1.76522,1.50145,5279,1126,87,74
7,4,1.73643,1.46512,6452,5996,64,54
7,5,2.2732,1.40722,1126,1986,63,39
7,6,2.99237,2.8855,1645,6330,56,54
7,7,5,4.63636,3019,5303,55,51
7,1,3.16781,0.953232,1986,6330,329,99
7,2,3.19904,1.18153,3044,1645,287,106
7,3,1.7654,1.49853,5279,1126,86,73
7,4,1.72941,1.5098,6452,2386,63,55
7,5,2.135,2.135,1126,1126,61,61
7,6,2.92086,1.86331,1645,1986,58,37
7,7,4.66667,4.49383,3019,5303,54,52
7,1,3.16781,3.16781,1986,1986,329,329
7,2,1.53015,1.12563,758,2386,87,64
7,3,1.46302,1.41801,937,1126,65,63
7,4,1.65041,1.42276,2530,5303,58,50
7,5,2,2,5996,5996,56,56
7,6,2.6,2.4,1126,1645,52,48
7,7,3.97727,3.81818,6330,1645,50,48
7,1,3.16781,1.00138,1986,5303,329,104
7,2,1.53015,1.23116,758,6330,87,70
7,3,1.57927,1.47256,6880,1645,74,69
7,4,1.8189,1.57087,1126,1645,66,57
7,5,2.02538,1.98985,5996,5303,57,56
7,6,2.8,2.8,5303,5303,56,56
7,7,4.66667,4.66667,2386,2386,56,56
7,1,3.16781,1.00138,1986,5303,329,104
7,2,1.53015,1.21357,758,5303,87,69
7,3,1.46302,1.41801,937,1126,65,63
7,4,1.65041,1.50813,2530,6330,58,53
7,5,1.99482,1.7772,1126,1645,55,49
7,6,2.52778,2.52778,5996,5996,52,52
7,7,3.80435,3.95652,5303,1126,50,52
7,1,3.16781,0.953232,1986,5996,329,99
7,2,1.53015,1.23116,758,1645,87,70
7,3,1.62195,1.4939,5279,5996,76,70
7,4,1.66667,1.66667,2530,1126,60,60
7,5,1.93229,1.75,937,5303,53,48
7,6,2.36691,2.31655,1126,5996,47,46
7,7,3.34783,3.34783,6330,6330,44,44
7,1,3.16781,3.16781,1986,1986,329,329
7,2,1.53015,1.23116,758,1645,87,70
7,3,1.46302,1.41801,937,1126,65,63
7,4,1.69355,1.46774,5996,2386,60,52
7,5,2.10714,2.03571,6452,5303,59,57
7,6,2.97122,2.97122,6330,5996,59,59
7,7,4.9,4.9875,1645,5996,56,57
7,1,3.16781,1.00138,1986,1126,329,104
7,2,1.53015,1.28392,758,5996,87,73
7,3,1.61538,1.33538,3044,2386,75,62
7,4,1.764,1.568,2530,6330,63,56
7,5,2.02139,1.87166,1126,5303,54,50
7,6,2.50365,2.40146,6452,2386,49,47
7,7,3.73333,3.65556,6330,1645,48,47
7,1,3.16781,1.00138,1986,1126,329,104
7,2,1.53015,1.23116,758,1126,87,70
7,3,1.75,1.45122,3044,5303,82,68
7,4,1.67886,1.67886,5996,5996,59,59
7,5,2.13369,2.05882,6452,6330,57,55
7,6,3.01538,2.85385,3283,5303,56,53
7,7,4.90909,4.90909,6330,2386,54,54
7,1,3.16781,0.953232,1986,6330,329,99
7,2,1.53015,1.23116,758,1126,87,70
7,3,1.75,1.4939,3044,5996,82,70
7,4,1.81783,1.65504,6330,2386,67,61
7,5,2.38071,2.38071,5303,5303,67,67
7,6,3.44615,3.60769,1645,6330,64,67
7,7,6.36364,7,6452,6330,60,66
7,1,3.16781,0.953232,1986,6330,329,99
7,2,1.53015,1.23116,758,1126,87,70
7,3,1.46302,1.32797,937,1645,65,59
7,4,1.65041,1.50813,2530,6330,58,53
7,5,1.89894,1.6383,5996,5303,51,44
7,6,2.29927,2.19708,3283,1645,45,43
7,7,3.42391,3.34783,1126,6330,45,44
7,1,3.16781,0.991747,1986,2386,329,103
7,2,3.12981,1.15545,3044,5303,279,103
7,3,1.76522,1.31884,5279,5996,87,65
7,4,2,1.575,758,5303,80,63
7,5,2.22581,2.51613,3019,1986,69,78
7,6,3.07194,2.82014,1126,6330,61,56
7,7,4.9359,4.9359,6452,6330,55,55
7,1,3.16781,3.16781,1986,1986,329,329
7,2,1.53015,1.23116,758,1645,87,70
7,3,1.62195,1.42988,5279,5303,76,67
7,4,1.66667,1.5,2530,5303,60,54
7,5,1.93229,1.89583,937,6330,53,52
7,6,2.36691,2.31655,1126,5996,47,46
7,7,3.34783,3.04348,6330,5303,44,40
8,1,3.34435,3.34435,1986,1986,329,329
8,2,1.51965,1.1179,758,2386,87,64
8,3,1.40162,1.25067,937,5303,65,58
8,4,1.61022,1.40575,5996,3283,63,55
8,5,1.89147,1.92248,1126,5996,61,62
8,6,2.35533,2.35533,6330,6330,58,58
8,7,3.22302,2.93525,6452,2386,56,51
8,8,4.91566,4.91566,2386,2386,51,51
8,1,3.34435,1.05718,1986,1126,329,104
8,2,1.51965,1.27511,758,5996,87,73
8,3,1.55844,1.37143,3044,3283,75,66
8,4,1.62581,1.47097,2530,3283,63,57
8,5,1.74899,1.61943,1126,5303,54,50
8,6,2.11399,2.11399,6452,6452,51,51
8,7,2.70423,2.59155,3283,6330,48,46
8,8,3.91667,3.91667,5303,2386,47,47
8,1,3.34435,1.00635,1986,5996,329,99
8,2,1.51965,1.20524,758,5303,87,69
8,3,1.40162,1.20755,937,3283,65,56
8,4,1.5746,1.44762,5996,5303,62,57
8,5,1.86561,1.80237,1126,5303,59,57
8,6,2.39175,2.30928,6452,6330,58,56
8,7,3.24638,2.89855,5303,2386,56,50
8,8,4.63636,5.09091,1645,5303,51,56
8,1,3.34435,1.00635,1986,6330,329,99
8,2,1.51965,1.13537,758,6452,87,65
8,3,1.40162,1.2938,937,6330,65,60
8,4,1.59486,1.49196,1126,5303,62,58
8,5,1.92885,1.70751,5996,3283,61,54
8,6,2.25126,2.41206,6452,5996,56,60
8,7,2.93525,3.16547,2386,6452,51,55
8,8,4.66667,5.42857,1645,1126,49,57
8,1,3.34435,1.05718,1986,1126,329,104
8,2,1.51965,1.13537,758,6452,87,65
8,3,1.40162,1.20755,937,3283,65,56
8,4,1.5746,1.44762,5996,5303,62,57
8,5,1.86561,1.80237,1126,5303,59,57
8,6,2.39175,2.30928,6452,5303,58,56
8,7,3.24638,3.24638,6330,6452,56,56
8,8,4.87805,4.87805,2386,2386,50,50
8,1,3.34435,3.34435,1986,1986,329,329
8,2,1.51965,1.1179,758,2386,87,64
8,3,1.40162,1.14286,937,2386,65,53
8,4,1.51634,1.38562,2530,6330,58,53
8,5,1.64516,1.48387,5996,6330,51,46
8,6,1.82741,1.82741,3283,1126,45,45
8,7,2.31579,2.26316,6452,6330,44,43
8,8,3.11111,3.11111,6330,6330,42,42
8,1,3.34435,1.00635,1986,6330,329,99
8,2,1.51965,1.27511,758,5996,87,73
8,3,1.55844,1.32987,3044,6452,75,64
8,4,1.62581,1.47097,2530,3283,63,57
8,5,1.74899,1.55466,1126,6330,54,48
8,6,2.11399,1.94819,6452,2386,51,47
8,7,2.70423,2.59155,3283,6330,48,46
8,8,3.91489,3.91489,6330,2386,46,46
8,1,3.34435,3.34435,1986,1986,329,329
8,2,1.51965,1.13537,758,6452,87,65
8,3,1.40162,1.27224,937,6452,65,59
8,4,1.61538,1.61538,1126,1126,63,63
8,5,1.89558,1.76707,5996,5303,59,55
8,6,2.39175,2.43299,6330,5996,58,59
8,7,3.17647,3.05882,1645,2386,54,52
8,8,4.95238,4.95238,3283,3283,52,52
8,1,3.34435,1.07751,1986,3283,329,106
8,2,1.51965,1.1179,758,2386,87,64
8,3,1.40162,1.2938,937,6330,65,60
8,4,1.59486,1.56913,1126,5996,62,61
8,5,1.856,1.888,5303,1126,58,59
8,6,2.38743,2.38743,6452,5303,57,57
8,7,3.22388,3.28358,1645,6452,54,55
8,8,5.26582,5.16456,3283,2386,52,51
8,1,3.34435,1.07751,1986,3283,329,106
8,2,1.51965,1.13537,758,6452,87,65
8,3,1.40162,1.2938,937,6330,65,60
8,4,1.59486,1.49196,1126,5303,62,58
8,5,1.86345,1.67068,6452,2386,58,52
8,6,2.38743,2.38743,5996,5996,57,57
8,7,3.28358,3.04478,5303,2386,55,51
8,8,5.26582,5.26582,3283,3283,52,52
8,1,3.34435,1.00635,1986,5996,329,99
8,2,3.31395,1.12791,3044,6330,285,97
8,3,1.7469,1.25062,758,5303,88,63
8,4,1.6,1.49841,1126,3283,63,59
8,5,1.93651,1.68254,6452,5303,61,53
8,6,2.29146,2.29146,3283,3283,57,57
8,7,2.98592,2.87324,3193,6330,53,51
8,8,4.49438,5.03371,6330,6452,50,56
8,1,3.34435,1.05718,1986,5303,329,104
8,2,3.2328,1.14788,3044,5996,276,98
8,3,1.74939,1.37592,5279,6452,89,70
8,4,1.82789,1.51929,758,2386,77,64
8,5,2.08059,1.87546,1126,5996,71,64
8,6,2.60287,2.60287,3283,3283,68,68
8,7,3.85816,3.80142,3019,1126,68,67
8,8,6.7027,4.86486,6330,1986,62,45
8,1,3.34435,1.05718,1986,5303,329,104
8,2,1.51965,1.27511,758,5996,87,73
8,3,1.55844,1.41299,3044,5303,75,68
8,4,1.62581,1.41935,2530,2386,63,55
8,5,1.74899,1.61943,1126,5303,54,50
8,6,1.98985,1.90863,6452,2386,49,47
8,7,2.56,2.56,6330,6330,48,48
8,8,3.68627,4.07843,3283,1126,47,52
8,1,3.34435,1.05718,1986,5303,329,104
8,2,1.51965,1.20524,758,5303,87,69
8,3,1.40162,1.35849,937,1126,65,63
8,4,1.51634,1.22876,2530,2386,58,47
8,5,1.64516,1.41935,5996,5303,51,44
8,6,1.82741,1.7868,3283,5303,45,44
8,7,2.30065,1.98693,6330,2386,44,38
8,8,3.06087,3.06087,1126,6330,44,44
8,1,3.34435,1.07751,1986,3283,329,106
8,2,1.51965,1.13537,758,6452,87,65
8,3,1.40162,1.20755,937,3283,65,56
8,4,1.51634,1.22876,2530,2386,58,47
8,5,1.64516,1.48387,5996,6330,51,46
8,6,1.86139,1.78218,1126,3283,47,45
8,7,2.24204,2.19108,6452,5303,44,43
8,8,2.97345,3.39823,5303,5996,42,48
8,1,3.34435,1.00635,1986,5996,329,99
8,2,1.51965,1.13537,758,6452,87,65
8,3,1.40162,1.27224,937,6452,65,59
8,4,1.51634,1.46405,2530,5996,58,56
8,5,1.696,1.696,1126,1126,53,53
8,6,2.03046,1.98985,6330,5303,50,49
8,7,2.66667,2.66667,5303,5303,49,49
8,8,3.91837,3.83673,3283,6452,48,47
8,1,3.34435,3.34435,1986,1986,329,329
8,2,1.51965,1.22271,758,1126,87,70
8,3,1.69072,1.38144,3044,3283,82,67
8,4,1.6947,1.6947,6330,6330,68,68
8,5,2.11858,1.96047,5303,2386,67,62
8,6,2.7957,2.7957,5996,5996,65,65
8,7,4.03306,4.03306,6452,6452,61,61
8,8,8,8,2386,2386,60,60
8,1,3.34435,1.05718,1986,5303,329,104
8,2,1.51965,1.20524,758,5303,87,69
8,3,1.40162,1.25067,937,5303,65,58
8,4,1.61022,1.58466,5996,1126,63,62
8,5,1.88048,1.65737,6330,2386,59,52
8,6,2.29146,2.37186,6452,6330,57,59
8,7,3.2,3.25714,1645,5996,56,57
8,8,4.66667,5.14286,3283,5996,49,54
8,1,3.34435,3.34435,1986,1986,329,329
8,2,1.51965,1.22271,758,6330,87,70
8,3,1.40162,1.25067,937,5303,65,58
8,4,1.51634,1.30719,2530,3283,58,50
8,5,1.75,1.53125,5996,5303,56,49
8,6,2.12,2.12,1126,1126,53,53
8,7,2.66667,2.66667,6452,6452,49,49
8,8,3.91837,3.67347,6330,2386,48,45
8,1,3.34435,1.05718,1986,1126,329,104
8,2,3.37335,3.45534,3044,1986,288,295
8,3,1.74177,1.2962,758,5996,86,64
8,4,1.60518,1.42395,6452,2386,62,55
8,5,1.91093,1.68421,3283,6330,59,52
8,6,2.34043,2.29787,5996,2386,55,54
8,7,3.04478,1.73134,6330,1986,51,29
8,8,3.50476,3.65714,5303,6330,46,48
8,1,3.34435,1.08767,1986,6452,329,107
8,2,1.51965,1.20524,758,5303,87,69
8,3,1.40162,1.20755,937,3283,65,56
8,4,1.51634,1.38562,2530,6330,58,53
8,5,1.64516,1.54839,5996,1126,51,48
8,6,1.82741,1.7868,3283,5303,45,44
8,7,2.30065,2.30065,6330,3283,44,44
8,8,3.22936,3.22936,1126,1126,44,44
8,1,3.34435,3.34435,1986,1986,329,329
8,2,1.51965,1.1179,758,2386,87,64
8,3,1.60406,1.40102,3044,5303,79,69
8,4,1.65079,1.47302,1126,6452,65,58
8,5,1.856,1.824,6452,6330,58,57
8,6,2.33333,2.33333,6330,3283,56,56
8,7,3.23529,3.17647,3283,5996,55,54
8,8,5.23457,5.1358,5996,5303,53,52
8,1,3.34435,1.04701,1986,2386,329,103
8,2,1.51965,1.20524,758,5303,87,69
8,3,1.50129,1.43959,3044,6330,73,70
8,4,1.75549,1.55486,5996,6452,70,62
8,5,2.11673,1.99222,1126,2386,68,64
8,6,2.6943,2.6943,3283,3283,65,65
8,7,3.75,4.0625,3019,5996,60,65
8,8,7.2381,8,1645,1126,57,63
8,1,3.34435,1.05718,1986,5303,329,104
8,2,3.2328,1.22987,3044,6452,276,105
8,3,3.21107,1.38408,7462,1126,232,100
8,4,3.24686,1.53975,6880,5996,194,92
8,5,2.22535,1.91549,5279,2386,79,68
8,6,2.66667,2.59259,6330,1986,72,70
8,7,3.72222,3.33333,3283,1986,67,60
8,8,6.64935,4.67532,5996,1986,64,45
8,1,3.34435,1.05718,1986,5303,329,104
8,2,1.51965,1.20524,758,5303,87,69
8,3,1.40162,1.25067,937,5303,65,58
8,4,1.51634,1.30719,2530,3283,58,50
8,5,1.75,1.5625,5996,6452,56,50
8,6,2.12,1.96,1126,5303,53,49
8,7,2.66667,2.66667,6452,6452,49,49
8,8,3.91837,3.67347,6330,2386,48,45
8,1,3.34435,1.05718,1986,1126,329,104
8,2,1.51965,1.13537,758,6452,87,65
8,3,1.40162,1.35849,937,1126,65,63
8,4,1.51634,1.46405,2530,5996,58,56
8,5,1.696,1.6,1126,5303,53,50
8,6,2.04,1.92,6330,6452,51,48
8,7,2.57718,2.4698,3283,2386,48,46
8,8,3.72277,3.72277,6452,6452,47,47
8,1,3.34435,1.05718,1986,5303,329,104
8,2,1.51965,1.18777,758,3283,87,68
8,3,1.40162,1.25067,937,5303,65,58
8,4,1.51634,1.46405,2530,1126,58,56
8,5,1.64516,1.41935,5996,5303,51,44
8,6,1.84314,1.72549,1126,3283,47,44
8,7,2.3,2.35,6330,1126,46,47
8,8,3.11504,2.76106,6452,2386,44,39
8,1,3.34435,1.04701,1986,2386,329,103
8,2,1.51965,1.27511,758,5996,87,73
8,3,1.40162,1.20755,937,3283,65,56
8,4,1.51634,1.30719,2530,5303,58,50
8,5,1.75,1.75,5996,5996,56,56
8,6,2.08,2.04,1126,6330,52,51
8,7,2.7027,2.43243,6330,2386,50,45
8,8,3.91837,3.83673,3283,6452,48,47
8,1,3.34435,1.04701,1986,2386,329,103
8,2,3.26316,1.20468,3044,1126,279,103
8,3,1.71852,1.40247,5279,6452,87,71
8,4,1.84431,1.84431,758,1986,77,77
8,5,2.02335,2.02335,1126,1126,65,65
8,6,2.41667,2.125,3283,5303,58,51
8,7,3.22388,1.73134,5996,1986,54,29
8,8,5,2.5,5303,1986,50,25
8,1,3.34435,1.07751,1986,3283,329,106
8,2,1.51965,1.18777,758,3283,87,68
8,3,1.55897,1.45641,3044,5996,76,71
8,4,1.65605,1.47771,1126,6452,65,58
8,5,1.86345,1.86345,6452,5996,58,58
8,6,2.26178,2.26178,6330,5303,54,54
8,7,3.15328,3.09489,5303,2386,54,53
8,8,5.10843,5.10843,2386,2386,53,53
8,1,3.34435,1.04701,1986,2386,329,103
8,2,1.51965,1.22271,758,6330,87,70
8,3,1.52577,1.31959,6880,2386,74,64
8,4,1.68153,1.3758,1126,3283,66,54
8,5,1.83871,1.70968,5996,6452,57,53
8,6,2.33846,2.33846,2386,2386,57,57
8,7,3.13043,3.18841,5303,5996,54,55
8,8,4.91566,5.20482,3283,5303,51,54
8,1,3.34435,1.08767,1986,6452,329,107
8,2,1.51965,1.22271,758,6330,87,70
8,3,1.52577,1.31959,6880,2386,74,64
8,4,1.68153,1.52866,1126,5996,66,60
8,5,1.79528,1.6378,5303,3283,57,52
8,6,2.31472,2.31472,2386,2386,57,57
8,7,2.97143,2.85714,1645,6452,52,50
8,8,4.63636,4.27273,3193,3283,51,47
8,1,3.34435,1.05718,1986,1126,329,104
8,2,1.51965,1.13537,758,6452,87,65
8,3,1.60814,1.38422,3044,3283,79,68
8,4,1.72308,1.69846,5996,1126,70,69
8,5,2.09375,1.9375,6330,2386,67,62
8,6,2.68041,2.68041,5303,5996,65,65
8,7,3.72093,4.15504,1645,6330,60,67
8,8,6.37681,7.18841,3019,5996,55,62
8,1,3.34435,1.05718,1986,1126,329,104
8,2,1.51965,1.20524,758,5303,87,69
8,3,1.40162,1.25067,937,5303,65,58
8,4,1.61022,1.45687,5996,6452,63,57
8,5,1.888,1.728,1126,3283,59,54
8,6,2.32653,2.28571,6330,6452,57,56
8,7,3.16547,3.28058,6452,1126,55,57
8,8,4.97561,4.87805,1645,2386,51,50
8,1,3.34435,3.34435,1986,1986,329,329
8,2,1.51965,1.20524,758,5303,87,69
8,3,1.50129,1.3162,3044,2386,73,64
8,4,1.72308,1.62462,6330,3283,70,66
8,5,2.10039,2.13127,5996,6330,68,69
8,6,2.68063,2.59686,1126,6452,64,62
8,7,3.5969,3.96899,3019,1126,58,64
8,8,7.13846,8,1645,6330,58,65
8,1,3.34435,1.00635,1986,5996,329,99
8,2,1.51965,1.22271,758,1126,87,70
8,3,1.40162,1.35849,937,1126,65,63
8,4,1.51634,1.22876,2530,2386,58,47
8,5,1.69884,1.5444,5996,3283,55,50
8,6,2.03922,1.92157,1126,6452,52,49
8,7,2.63158,2.57895,6330,5303,50,49
8,8,3.84314,3.84314,5303,3283,49,49
8,1,3.34435,1.04701,1986,2386,329,103
8,2,1.51965,1.27511,758,5996,87,73
8,3,1.55844,1.28831,3044,2386,75,62
8,4,1.68421,1.68421,6330,6330,68,68
8,5,2.13333,2.13333,5303,5303,68,68
8,6,2.73797,2.60963,1126,6452,64,61
8,7,4,4.06349,3283,1126,63,64
8,8,7.87097,8,1645,3283,61,62
8,1,3.34435,1.05718,1986,5303,329,104
8,2,1.51965,1.13537,758,6452,87,65
8,3,1.40162,1.20755,937,3283,65,56
8,4,1.51634,1.46405,2530,5996,58,56
8,5,1.696,1.472,1126,2386,53,46
8,6,2,2,6330,6330,51,51
8,7,2.61438,2.5098,5303,6452,50,48
8,8,3.73333,3.88571,3283,1126,49,51
8,1,3.34435,1.00635,1986,6330,329,99
8,2,3.33721,1.19767,3044,5303,287,103
8,3,1.71571,1.29676,5279,2386,86,65
8,4,1.7381,1.88095,758,1986,73,79
8,5,1.99222,1.74319,1126,3283,64,56
8,6,2.36269,2.36269,6452,6452,57,57
8,7,3.23529,3.23529,3283,3283,55,55
8,8,5.23457,5.1358,5996,5303,53,52
8,1,3.34435,1.05718,1986,5303,329,104
8,2,3.2328,3.44363,3044,1986,276,294
8,3,1.74939,1.35627,5279,6330,89,69
8,4,1.75148,1.60947,758,6452,74,68
8,5,1.87879,1.75758,1126,6452,62,58
8,6,2.25243,2.40777,3283,1126,58,62
8,7,3.02703,2.97297,5996,2386,56,55
8,8,4.3871,4.73118,3019,5996,51,55
8,1,3.34435,1.07751,1986,3283,329,106
8,2,1.51965,1.22271,758,1126,87,70
8,3,1.40162,1.2938,937,6330,65,60
8,4,1.59486,1.56913,1126,5996,62,61
8,5,1.86345,1.86345,6452,5996,58,58
8,6,2.38743,2.13613,5303,2386,57,51
8,7,3.08571,2.97143,1645,3283,54,52
8,8,4.27273,5.09091,3193,5303,47,56
8,1,3.34435,1.04701,1986,2386,329,103
8,2,1.51965,1.20524,758,5303,87,69
8,3,1.50129,1.41902,3044,1126,73,69
8,4,1.64557,1.41772,1126,6452,65,56
8,5,1.88048,1.78486,5996,2386,59,56
8,6,2.29167,2.29167,6452,6330,55,55
8,7,3.15328,3.15328,3283,6452,54,54
8,8,5.10843,5.20482,2386,6452,53,54
8,1,3.34435,1.05718,1986,5303,329,104
8,2,3.2328,3.44363,3044,1986,276,294
8,3,1.56298,1.3162,758,2386,76,64
8,4,1.61022,1.61022,5996,5996,63,63
8,5,1.888,1.792,1126,6452,59,56
8,6,2.35052,2.14433,6330,2386,57,52
8,7,3.09489,3.38686,3283,1126,53,58
8,8,4.85714,5.42857,2386,1126,51,57
8,1,3.34435,1.05718,1986,5303,329,104
8,2,3.2328,1.14788,3044,5996,276,98
8,3,1.74939,1.43489,5279,1126,89,73
8,4,1.58491,1.38365,6452,2386,63,55
8,5,1.91373,1.66275,1126,5996,61,53
8,6,2.17822,2.13861,3019,2386,55,54
8,7,2.91892,2.91892,6330,6330,54,54
8,8,4.42553,2.38298,3283,1986,52,28
8,1,3.34435,1.08767,1986,6452,329,107
8,2,1.51965,1.22271,758,6330,87,70
8,3,1.40162,1.35849,937,1126,65,63
8,4,1.51634,1.38562,2530,6330,58,53
8,5,1.64516,1.41935,5996,5303,51,44
8,6,1.82741,1.82741,3283,3283,45,45
8,7,2.36842,2.31579,1126,6452,45,44
8,8,3.18519,3.18519,6330,6330,43,43
8,1,3.34435,3.34435,1986,1986,329,329
8,2,1.51965,1.13537,758,6452,87,65
8,3,1.40162,1.35849,937,5996,65,63
8,4,1.51634,1.38562,2530,6330,58,53
8,5,1.64516,1.48387,5996,6330,51,46
8,6,1.82741,1.7868,3283,5303,45,44
8,7,2.30065,2.24837,6330,6452,44,43
8,8,3.15596,3.15596,1126,1126,43,43
8,1,3.34435,1.04701,1986,2386,329,103
8,2,1.51965,1.22271,758,6330,87,70
8,3,1.52577,1.31959,6880,2386,74,64
8,4,1.68153,1.3758,1126,3283,66,54
8,5,1.78462,1.78462,5996,5996,58,58
8,6,2.21782,2.49505,5303,1126,56,63
8,7,3.06849,3.06849,2386,2386,56,56
8,8,4.53333,4.44444,3193,6452,51,50
8,1,3.34435,1.04701,1986,2386,329,103
8,2,1.51965,1.22271,758,6330,87,70
8,3,1.52577,1.42268,6880,1126,74,69
8,4,1.75549,1.57994,3044,2386,70,63
8,5,1.83133,1.83133,6452,6452,57,57
8,6,2.33333,2.20833,5996,5303,56,53
8,7,3.22302,3.22302,2386,2386,56,56
8,8,5.20482,5.20482,3283,3283,54,54
8,1,3.34435,1.05718,1986,5303,329,104
8,2,3.2328,1.21816,3044,3283,276,104
8,3,1.74939,1.27764,5279,2386,89,65
8,4,1.58491,1.45912,6452,6330,63,58
8,5,1.91373,1.66275,1126,5996,61,53
8,6,2.17822,2.13861,3019,3283,55,54
8,7,2.86486,2.86486,6330,2386,53,53
8,8,4.12632,4.88421,3193,1126,49,58
8,1,3.34435,1.00635,1986,5996,329,99
8,2,1.51965,1.1179,758,2386,87,64
8,3,1.40162,1.2938,937,6330,65,60
8,4,1.51634,1.38562,2530,6330,58,53
8,5,1.64516,1.45161,5996,6452,51,45
8,6,1.82741,1.54315,3283,2386,45,38
8,7,2.26415,2.21384,1126,6452,45,44
8,8,3.08772,3.08772,6452,6452,44,44
9,1,3.44302,1.03605,1986,5996,329,99
9,2,1.47458,1.16949,758,5303,87,69
9,3,1.31757,1.19595,937,1645,65,59
9,4,1.47273,1.23896,1126,3283,63,53
9,5,1.62112,1.45342,6330,3283,58,52
9,6,1.90909,1.90909,5303,5303,56,56
9,7,2.37981,2.29327,5996,6452,55,53
9,8,3.11765,3.11765,6452,6452,53,53
9,9,4.5,3.96,2386,3019,50,44
9,1,3.44302,1.08837,1986,5303,329,104
9,2,1.47458,1.23729,758,5996,87,73
9,3,1.4738,1.29694,3044,3283,75,66
9,4,1.53827,1.46939,6330,6452,67,64
9,5,1.85538,1.85538,5303,5303,67,67
9,6,2.23256,2.05814,1126,3019,64,59
9,7,2.75879,2.48744,2386,3193,61,55
9,8,3.91304,3.91304,6452,6452,60,60
9,9,6.46154,6.46154,1645,1645,56,56
9,1,3.44302,1.03605,1986,5996,329,99
9,2,1.47458,1.18644,758,1645,87,70
9,3,1.31757,1.13514,937,3283,65,56
9,4,1.43814,1.20619,5996,2386,62,52
9,5,1.62883,1.35276,1126,3019,59,49
9,6,1.95506,1.88764,6452,5303,58,56
9,7,2.38863,1.96209,6330,3019,56,46
9,8,2.96129,2.67097,1645,3019,51,46
9,9,4.12844,4.12844,2386,1645,50,50
9,1,3.44302,1.1093,1986,3283,329,106
9,2,3.37798,1.15782,3044,6330,283,97
9,3,3.38356,1.38356,7462,2386,247,101
9,4,1.60244,1.33902,5279,5996,73,61
9,5,1.77937,1.70201,3193,2386,69,66
9,6,2.19435,2.06714,1126,5303,69,65
9,7,2.60092,2.60092,6452,6452,63,63
9,8,3.65806,3.65806,3019,3019,63,63
9,9,5.47826,5.96739,1645,3193,56,61
9,1,3.44302,1.07791,1986,2386,329,103
9,2,1.47458,1.18644,758,1645,87,70
9,3,1.31757,1.05405,937,3193,65,52
9,4,1.44643,1.35459,5996,6330,63,59
9,5,1.59459,1.56757,1126,1645,59,58
9,6,1.8,1.8,5303,5303,55,55
9,7,2.08636,2.08636,6452,6452,51,51
9,8,2.71598,2.71598,3283,2386,51,51
9,9,3.81356,3.50847,2386,3019,50,46
9,1,3.44302,1.03605,1986,6330,329,99
9,2,1.47458,1.05085,758,3019,87,62
9,3,1.31757,1.21622,937,6330,65,60
9,4,1.45312,1.28906,1126,3283,62,55
9,5,1.62112,1.62112,6452,6452,58,58
9,6,1.94318,1.94318,5996,5996,57,57
9,7,2.3913,2.30435,5303,3283,55,53
9,8,2.92208,2.68831,2386,3193,50,46
9,9,4.24038,4.67308,1645,5303,49,54
9,1,3.44302,1.03605,1986,5996,329,99
9,2,1.47458,1.10169,758,6452,87,65
9,3,1.52575,1.29399,3044,5303,79,67
9,4,1.53488,1.25581,1126,3019,66,54
9,5,1.62617,1.48598,5996,5303,58,53
9,6,1.8806,1.47761,6330,3193,56,44
9,7,2.37736,2.37736,2386,2386,56,56
9,8,3.11538,2.42308,3283,3193,54,42
9,9,4.32353,4.32353,3019,3019,49,49
9,1,3.44302,1.07791,1986,3019,329,103
9,2,1.47458,1.18644,758,1645,87,70
9,3,1.31757,1.21622,937,6330,65,60
9,4,1.37731,1.11609,2530,2386,58,47
9,5,1.42991,1.26168,5996,3283,51,45
9,6,1.56522,1.07609,1126,3019,48,33
9,7,1.7037,1.59259,6330,5303,46,43
9,8,1.935,2.07,6452,6330,43,46
9,9,2.3961,2.27922,1645,2386,41,39
9,1,3.44302,1.11977,1986,1645,329,107
9,2,3.33466,1.17131,3044,6330,279,98
9,3,1.67089,1.29114,5279,6330,88,68
9,4,1.61823,1.48522,1126,6452,73,67
9,5,1.83186,1.64602,3019,5996,69,62
9,6,2.2,2.2,3283,3283,66,66
9,7,2.73529,2.60294,2386,5996,62,59
9,8,3.61268,3.61268,5996,5303,57,57
9,9,5.71765,5.71765,3193,3193,54,54
9,1,3.44302,1.03605,1986,5996,329,99
9,2,3.37057,1.22996,3044,1645,285,104
9,3,1.66387,1.19118,758,2386,88,63
9,4,1.65617,1.37288,5279,5303,76,63
9,5,1.77429,1.72286,3019,6330,69,67
9,6,2.17794,1.88968,3283,3193,68,59
9,7,2.83099,2.74648,6452,6330,67,65
9,8,3.77027,3.9527,1126,6452,62,65
9,9,5.96386,5.85542,1645,3193,55,54
9,1,3.44302,1.03605,1986,5996,329,99
9,2,1.47458,1.15254,758,3283,87,68
9,3,1.47732,1.32181,3044,5303,76,68
9,4,1.59494,1.29873,5996,3193,70,57
9,5,1.85538,1.68923,6330,1645,67,61
9,6,2.23256,2.12791,1126,6452,64,61
9,7,2.7868,2.42132,2386,3193,61,53
9,8,3.625,3.625,1645,1645,58,58
9,9,5.86047,5.86047,3019,3019,56,56
9,1,3.44302,1.11977,1986,1645,329,107
9,2,1.47458,1.23729,758,5996,87,73
9,3,1.31757,1.27703,937,5996,65,63
9,4,1.41732,1.37008,1126,5303,60,58
9,5,1.62617,1.37383,6452,3193,58,49
9,6,1.91635,1.84791,6330,3283,56,54
9,7,2.32536,2.02392,5303,3193,54,47
9,8,2.83333,2.88889,1645,5303,51,52
9,9,4.00909,3.6,2386,3019,49,44
9,1,3.44302,1.03605,1986,5996,329,99
9,2,1.47458,1.08475,758,2386,87,64
9,3,1.31757,1.19595,937,1645,65,59
9,4,1.37731,1.18734,2530,1645,58,50
9,5,1.42991,0.925234,5996,3019,51,33
9,6,1.5,1.46667,3283,5303,45,44
9,7,1.8,1.64,1126,1645,45,41
9,8,2.10326,2.10326,6452,5303,43,43
9,9,2.74468,2.04255,6330,3019,43,32
9,1,3.44302,1.07791,1986,3019,329,103
9,2,1.47458,1.10169,758,6452,87,65
9,3,1.52575,1.39056,3044,5996,79,72
9,4,1.53488,1.32558,1126,2386,66,57
9,5,1.60909,1.55455,5996,6330,59,57
9,6,1.85978,1.85978,3283,3283,56,56
9,7,2.26047,2.17674,6330,3019,54,52
9,8,2.96273,2.90683,5303,3019,53,52
9,9,3.79817,3.79817,3193,1645,46,46
9,1,3.44302,1.07791,1986,3019,329,103
9,2,1.47458,1.18644,758,1645,87,70
9,3,1.31757,1.21622,937,6330,65,60
9,4,1.45312,1.35938,1126,1645,62,58
9,5,1.62112,1.34161,6452,3019,58,48
9,6,1.94318,1.875,5996,1645,57,55
9,7,2.3913,2,5303,3019,55,46
9,8,3.07895,2.66447,3283,3019,52,45
9,9,4.28972,4.28972,2386,1645,51,51
9,1,3.44302,1.03605,1986,5996,329,99
9,2,1.47458,1.05085,758,3019,87,62
9,3,1.51599,1.36247,3044,5996,79,71
9,4,1.43077,1.33846,1126,3283,62,58
9,5,1.5994,1.51807,5996,2386,59,56
9,6,1.84615,1.64835,6452,1645,56,50
9,7,2.23963,2.23963,6330,2386,54,54
9,8,2.9816,2.59509,2386,3193,54,47
9,9,4.29358,3.79817,5303,3193,52,46
9,1,3.44302,1.07791,1986,2386,329,103
9,2,1.47458,1.16949,758,5303,87,69
9,3,1.42208,1.32468,3044,1645,73,68
9,4,1.50386,1.3419,1126,6330,65,58
9,5,1.63889,1.27778,5996,3193,59,46
9,6,1.86792,1.86792,6452,6330,55,55
9,7,2.31429,2.05714,3283,3019,54,48
9,8,3.05769,3.11538,2386,6452,53,54
9,9,4.14706,4.14706,3019,1645,47,47
9,1,3.44302,1.11977,1986,1645,329,107
9,2,3.33466,1.19522,3044,5303,279,100
9,3,1.67089,1.29114,5279,6330,88,68
9,4,1.61823,1.41872,1126,2386,73,64
9,5,1.84211,1.60526,3019,3193,70,61
9,6,2.04982,2.01779,3283,6452,64,63
9,7,2.47706,2.80734,5996,3019,60,68
9,8,3.3038,3.75949,5303,3019,58,66
9,9,2.34783,5.57609,4895,5303,24,57
9,1,3.44302,1.03605,1986,6330,329,99
9,2,1.47458,1.08475,758,2386,87,64
9,3,1.52248,1.11777,3044,3193,79,58
9,4,1.50773,1.32216,1126,1645,65,57
9,5,1.6161,1.58824,6452,1645,58,57
9,6,1.89474,1.8609,6330,6452,56,55
9,7,2.31429,1.97143,5303,3193,54,46
9,8,2.85366,2.68902,5996,3019,52,49
9,9,3.9913,3.9913,3283,6452,51,51
9,1,3.44302,1.07791,1986,2386,329,103
9,2,3.31704,1.16513,3044,3193,279,98
9,3,1.63808,1.16736,5279,3193,87,62
9,4,1.70913,1.31971,758,5303,79,61
9,5,1.65579,1.46884,1126,6330,62,55
9,6,1.85106,1.65957,3283,3019,58,52
9,7,2.1913,2.26957,6452,3283,56,58
9,8,2.84483,2.58621,5996,5303,55,50
9,9,3.70161,4.1371,1645,3283,51,57
9,1,3.44302,1.11977,1986,6452,329,107
9,2,1.47458,1.18644,758,1645,87,70
9,3,1.31757,1.21622,937,6330,65,60
9,4,1.37731,1.32982,2530,5996,58,56
9,5,1.47678,1.36533,1126,6452,53,49
9,6,1.66667,1.66667,6330,6330,50,50
9,7,2.00455,1.8,5303,3193,49,44
9,8,2.52632,2.47368,3283,1645,48,47
9,9,3.43902,2.78049,6452,3019,47,38
9,1,3.44302,1.07791,1986,3019,329,103
9,2,3.40026,1.22457,3044,5303,286,103
9,3,1.56688,1.22293,5279,3193,82,64
9,4,1.50386,1.27249,6452,2386,65,55
9,5,1.64371,1.48204,1126,3283,61,55
9,6,1.83871,1.83871,6330,6330,57,57
9,7,2.14865,2.14865,5303,5303,53,53
9,8,2.71598,3.19527,1645,6452,51,60
9,9,4.04587,3.88073,5996,3193,49,47
9,1,3.44302,1.05698,1986,3193,329,101
9,2,1.47458,1.18644,758,6330,87,70
9,3,1.44469,1.21041,6880,3019,74,62
9,4,1.53488,1.34884,1126,2386,66,58
9,5,1.59813,1.59813,5996,1645,57,57
9,6,1.90909,1.70455,2386,6452,56,50
9,7,2.22897,1.97664,5303,3193,53,47
9,8,2.79503,2.57143,3283,3193,50,46
9,9,3.6,4.30435,3019,2386,46,55
9,1,3.44302,1.03605,1986,6330,329,99
9,2,1.47458,1.10169,758,6452,87,65
9,3,1.52575,1.3133,3044,3283,79,68
9,4,1.58291,1.49246,5996,5303,70,66
9,5,1.84337,1.84337,6330,6330,68,68
9,6,2.28409,1.80682,1126,3193,67,53
9,7,2.64455,2.55924,2386,1645,62,60
9,8,3.45695,3.87417,3019,5996,58,65
9,9,2.22581,6.09677,5279,5996,23,63
9,1,3.44302,1.05698,1986,3193,329,101
9,2,1.47458,1,758,3193,87,59
9,3,1.31757,1.01351,937,3019,65,50
9,4,1.37731,1.18734,2530,3283,58,50
9,5,1.53191,1.36778,5996,6452,56,50
9,6,1.74725,1.28571,1126,3019,53,39
9,7,2.00455,1.84091,6452,2386,49,45
9,8,2.52,1.95429,6330,3019,49,38
9,9,3.42857,3.42857,5303,5303,48,48
9,1,3.44302,1.03605,1986,6330,329,99
9,2,1.47458,1.23729,758,5996,87,73
9,3,1.4738,1.29694,3044,3283,75,66
9,4,1.48042,1.29243,2530,1645,63,55
9,5,1.72866,1.45427,1126,3283,63,53
9,6,1.8,1.76727,6452,6330,55,54
9,7,2.1991,2.0362,5303,3193,54,50
9,8,2.73684,2.73684,2386,6452,52,52
9,9,3.85714,3.85714,3019,3019,51,51
9,1,3.44302,1.07791,1986,3019,329,103
9,2,1.47458,1.23729,758,5996,87,73
9,3,1.31757,1.21622,937,6330,65,60
9,4,1.45312,1.35938,1126,6452,62,58
9,5,1.62112,1.62112,6452,5996,58,58
9,6,1.94318,1.94318,5303,6452,57,57
9,7,2.34783,2.34783,1645,1645,54,54
9,8,2.94118,2.88235,2386,3283,50,49
9,9,3.98077,4.24038,3193,2386,46,49
9,1,3.44302,1.05698,1986,3193,329,101
9,2,1.47458,1.08475,758,2386,87,64
9,3,1.31757,1.07432,937,2386,65,53
9,4,1.37731,1.25858,2530,6330,58,53
9,5,1.5184,1.29755,1126,3193,55,47
9,6,1.74194,1.25806,5996,3019,54,39
9,7,1.96,1.92,3283,5303,49,48
9,8,2.38983,1.9322,1645,3019,47,38
9,9,3.04615,3.18462,2386,3283,44,46
9,1,3.44302,1.03605,1986,5996,329,99
9,2,3.37057,1.19448,3044,2386,285,101
9,3,3.25909,1.36364,7462,3019,239,100
9,4,1.73159,1.47506,5279,6330,81,69
9,5,1.78977,1.63636,1126,3019,70,64
9,6,2.17021,2.17021,3283,3283,68,68
9,7,2.73364,2.56542,6452,3019,65,61
9,8,3.70588,3.70588,5303,5303,63,63
9,9,6,6,3193,3193,60,60
9,1,3.44302,1.11977,1986,6452,329,107
9,2,1.47458,1.18644,758,1645,87,70
9,3,1.31757,1.17568,937,5303,65,58
9,4,1.37731,1.11609,2530,2386,58,47
9,5,1.49096,1.35542,5996,6452,55,50
9,6,1.75532,1.56383,1126,5303,55,49
9,7,2.02203,1.50661,6330,3019,51,38
9,8,2.38095,2.28571,3283,5303,50,48
9,9,3.04317,3.04317,5303,5303,47,47
9,1,3.44302,1.07791,1986,2386,329,103
9,2,3.31704,1.22457,3044,5303,279,103
9,3,1.63808,1.16736,5279,3193,87,62
9,4,1.70913,1.51442,758,3283,79,70
9,5,1.65579,1.57567,1126,3283,62,59
9,6,1.91007,1.7482,6452,6330,59,54
9,7,2.25,2.08929,5996,1645,56,52
9,8,2.6686,2.82558,5303,6452,51,54
9,9,3.81356,3.73729,3019,5303,50,49
9,1,3.44302,1.08837,1986,5303,329,104
9,2,1.47458,1.10169,758,6452,87,65
9,3,1.52575,1.08155,3044,3193,79,56
9,4,1.53488,1.4186,1126,5996,66,61
9,5,1.62617,1.62617,5996,5996,58,58
9,6,1.91635,1.57414,3283,3193,56,46
9,7,2.30435,2.26087,6330,5303,53,52
9,8,3.0974,2.62987,2386,3193,53,45
9,9,4.63366,4.18812,5303,1645,52,47
9,1,3.44302,1.1093,1986,3283,329,106
9,2,1.47458,1.08475,758,2386,87,64
9,3,1.52248,1.25268,3044,6452,79,65
9,4,1.50773,1.39175,1126,5996,65,60
9,5,1.6161,1.56037,6452,3283,58,56
9,6,1.90189,1.69811,6330,3019,56,50
9,7,2.34419,2.26047,3283,5996,56,54
9,8,3,2.49057,5996,3193,53,44
9,9,3.83478,4.22609,5303,6330,49,54
9,1,3.44302,1.03605,1986,6330,329,99
9,2,1.47458,1.18644,758,6330,87,70
9,3,1.31757,1.17568,937,5303,65,58
9,4,1.46891,1.1658,5996,3193,63,50
9,5,1.64396,1.6161,1126,6330,59,58
9,6,1.86792,1.66415,6452,3193,55,49
9,7,2.27143,2.01429,3283,3019,53,47
9,8,2.87117,2.81595,2386,1645,52,51
9,9,4.05405,4.21622,1645,3283,50,52
9,1,3.44302,1.03605,1986,5996,329,99
9,2,1.47458,1,758,3193,87,59
9,3,1.31757,1.21622,937,6330,65,60
9,4,1.37731,1.32982,2530,5996,58,56
9,5,1.47678,1.08669,1126,3019,53,39
9,6,1.6162,1.52113,6330,6452,51,48
9,7,1.93133,1.77682,5303,1645,50,46
9,8,2.26203,2.16578,3283,6452,47,45
9,9,2.85211,2.78873,2386,3193,45,44
9,1,3.44302,1.03605,1986,5996,329,99
9,2,1.47458,1.10169,758,6452,87,65
9,3,1.31757,1.27703,937,5996,65,63
9,4,1.41732,1.37008,1126,6330,60,58
9,5,1.6161,1.36533,5303,3019,58,49
9,6,1.86792,1.76604,6452,2386,55,52
9,7,2.23944,2.23944,1645,1645,53,53
9,8,2.75625,2.75625,3283,3283,49,49
9,9,3.89189,3.89189,3193,3193,48,48
9,1,3.44302,1.03605,1986,6330,329,99
9,2,1.47458,1.18644,758,1645,87,70
9,3,1.31757,1.21622,937,6330,65,60
9,4,1.37731,0.949868,2530,3019,58,40
9,5,1.42991,1.42991,5996,5996,51,51
9,6,1.5,1.1,3283,3019,45,33
9,7,1.67089,1.67089,6330,5303,44,44
9,8,2.05181,1.91192,5303,1645,44,41
9,9,2.54605,2.54605,1126,3283,43,43
9,1,3.44302,1.11977,1986,6452,329,107
9,2,1.47458,1.23729,758,5996,87,73
9,3,1.31757,1.27703,937,5996,65,63
9,4,1.37731,1.32982,2530,5996,58,56
9,5,1.47678,1.08669,1126,3019,53,39
9,6,1.66667,1.66667,6330,6330,50,50
9,7,2.00455,1.8,5303,3193,49,44
9,8,2.50568,2.50568,3283,3283,49,49
9,9,3.25984,3.25984,6452,5303,46,46
9,1,3.44302,1.05698,1986,3193,329,101
9,2,1.47458,1.10169,758,6452,87,65
9,3,1.52575,1.29399,3044,1645,79,67
9,4,1.57895,1.46617,5996,5303,70,65
9,5,1.83283,1.66869,1126,2386,67,61
9,6,2.23282,2.06107,6330,2386,65,60
9,7,2.87817,2.74112,5303,2386,63,60
9,8,4.02985,3.29104,2386,3193,60,49
9,9,7.05405,6.44595,3283,3019,58,53
9,1,3.44302,1.1093,1986,3283,329,106
9,2,3.37798,1.21751,3044,5303,283,102
9,3,1.58599,1.22293,758,1645,83,64
9,4,1.50773,1.34536,1126,3193,65,58
9,5,1.60909,1.41818,6452,5303,59,52
9,6,1.91007,1.71583,5996,1645,59,53
9,7,2.12,2.12,6330,6330,53,53
9,8,2.6686,2.82558,2386,5996,51,54
9,9,3.71901,3.71901,3019,3019,50,50
9,1,3.44302,1.05698,1986,3193,329,101
9,2,1.47458,1.15254,758,3283,87,68
9,3,1.31757,1.13514,937,3283,65,56
9,4,1.43814,1.36856,5996,6330,62,59
9,5,1.66869,1.39514,1126,3193,61,51
9,6,1.81295,1.58633,6452,3019,56,49
9,7,2.14865,2.39189,5303,5996,53,59
9,8,2.76074,2.59509,2386,3019,50,47
9,9,3.80172,4.03448,1645,5303,49,52
9,1,3.44302,1.1093,1986,3283,329,106
9,2,1.47458,1.16949,758,5303,87,69
9,3,1.42208,1.36364,3044,6330,73,70
9,4,1.50386,1.24936,1126,3019,65,54
9,5,1.63889,1.55556,5996,2386,59,56
9,6,1.86792,1.63019,6452,3019,55,48
9,7,2.35714,2.35714,3283,3283,55,55
9,8,3.07742,2.55484,6330,3193,53,44
9,9,4.21622,4.21622,2386,6330,52,52
9,1,3.44302,1.03605,1986,5996,329,99
9,2,3.37057,1.18265,3044,3193,285,100
9,3,1.66387,1.19118,758,5303,88,63
9,4,1.65617,1.50363,5279,3283,76,69
9,5,1.80523,1.80523,6452,6452,69,69
9,6,2.22545,1.99636,3019,2386,68,61
9,7,2.81776,2.35514,1126,3193,67,56
9,8,3.58861,3.58861,6330,6330,63,63
9,9,5.30526,6.25263,1645,3019,56,66
9,1,3.44302,1.08837,1986,5303,329,104
9,2,1.47458,1.18644,758,6330,87,70
9,3,1.31757,1.05405,937,3193,65,52
9,4,1.37731,0.949868,2530,3019,58,40
9,5,1.46018,1.40708,5996,6330,55,53
9,6,1.6993,1.47902,1126,2386,54,47
9,7,1.90086,1.6681,5303,3193,49,43
9,8,2.36066,2.45902,3283,5996,48,50
9,9,3.11278,3.24812,6452,3283,46,48
9,1,3.44302,1.1093,1986,3283,329,106
9,2,1.47458,1.16949,758,5303,87,69
9,3,1.31757,1.19595,937,6452,65,59
9,4,1.47273,1.44935,1126,5996,63,62
9,5,1.58824,1.44892,6330,2386,57,52
9,6,1.89474,1.79323,5303,1645,56,53
9,7,2.27143,2.27143,3283,3283,53,53
9,8,2.92357,2.80892,2386,1645,51,49
9,9,4.07547,3.99057,1645,3019,48,47
9,1,3.44302,1.03605,1986,5996,329,99
9,2,1.47458,1.10169,758,6452,87,65
9,3,1.31757,1.07432,937,2386,65,53
9,4,1.37731,1.32982,2530,5996,58,56
9,5,1.42991,1.26168,5996,6452,51,45
9,6,1.56522,1.40217,1126,5303,48,43
9,7,1.77632,1.73684,3283,6330,45,44
9,8,2.16393,2.01639,6330,5303,44,41
9,9,2.59859,2.78873,1645,6330,41,44
9,1,3.44302,1.08837,1986,5303,329,104
9,2,1.47458,1.18644,758,1645,87,70
9,3,1.48373,1.34707,5279,6330,76,69
9,4,1.58418,1.56122,1126,5996,69,68
9,5,1.83333,1.69444,5303,3283,66,61
9,6,2.12791,2.05814,2386,6452,61,59
9,7,2.71357,2.57789,3283,3019,60,57
9,8,3.69065,3.69065,3019,3019,57,57
9,9,5.70732,5.70732,3193,3193,52,52
9,1,3.44302,1.08837,1986,5303,329,104
9,2,1.47458,1.18644,758,1645,87,70
9,3,1.31757,1.13514,937,3283,65,56
9,4,1.37731,1.11609,2530,2386,58,47
9,5,1.49096,1.35542,5996,6452,55,50
9,6,1.75532,1.65957,1126,6330,55,52
9,7,2.02203,1.62555,6330,3193,51,41
9,8,2.41935,1.79032,3283,3019,50,37
9,9,2.77852,3.02013,5303,3283,46,50
9,1,3.44302,1.07791,1986,3019,329,103
9,2,3.40026,1.26024,3044,3283,286,106
9,3,3.2765,1.36866,7462,3193,237,99
9,4,2.88587,1.5,5279,5996,177,92
9,5,2.99348,1.91739,6880,6452,153,98
9,6,2.16938,1.78827,1126,1645,74,61
9,7,2.70386,2.51073,6330,6452,70,65
9,8,3.48214,3.48214,5303,5303,65,65
9,9,5.59223,5.59223,2386,2386,64,64
9,1,3.44302,1.07791,1986,2386,329,103
9,2,1.47458,1.18644,758,1645,87,70
9,3,1.31757,1.05405,937,3193,65,52
9,4,1.44643,1.35459,5996,6330,63,59
9,5,1.59459,1.56757,1126,1645,59,58
9,6,1.8,1.66909,5303,2386,55,51
9,7,2.12946,1.92857,6452,3019,53,48
9,8,2.60795,2.65909,3283,6452,51,52
9,9,1.8871,3.70161,782,3283,26,51
10,1,3.49628,1.07333,1986,3193,329,101
10,2,1.42157,1.11111,758,3283,87,68
10,3,1.2381,0.990476,937,3193,65,52
10,4,1.26087,1.08696,2530,5303,58,50
10,5,1.36585,1.34146,5996,1126,56,55
10,6,1.46479,1.38028,6330,6452,52,49
10,7,1.60131,1.60131,3283,3283,49,49
10,8,1.78988,2.02335,2386,5996,46,52
10,9,2.14634,2.19512,1645,2386,44,45
10,10,2.4375,2.3125,3193,3019,39,37
10,1,3.49628,1.10521,1986,1126,329,104
10,2,1.42157,1.14379,758,1126,87,70
10,3,1.51292,1.07011,3044,3019,82,58
10,4,1.28261,1.23913,5996,6330,59,57
10,5,1.42145,1.39651,6452,3283,57,56
10,6,1.62791,1.62791,3283,3283,56,56
10,7,1.84028,1.84028,6330,6330,53,53
10,8,2.25532,1.91489,2386,3193,53,45
10,9,2.85714,2.41758,5303,3193,52,44
10,10,3.61538,3.23077,3019,3193,47,42
10,1,3.49628,1.09458,1986,3019,329,103
10,2,3.41289,1.19332,3044,3193,286,100
10,3,3.25203,1.36856,7462,6452,240,101
10,4,1.50602,1.34538,5279,1645,75,67
10,5,1.44208,1.20567,1645,5996,61,51
10,6,1.6129,1.53226,2386,6452,60,57
10,7,1.82692,1.76282,6330,3283,57,55
10,8,2.15686,2.03922,6452,5303,55,52
10,9,2.7,2.5,3283,5303,54,50
10,10,3.46667,3.53333,1126,3283,52,53
10,1,3.49628,1.09458,1986,3019,329,103
10,2,3.41289,1.16945,3044,6330,286,98
10,3,3.28378,1.31081,7462,1126,243,97
10,4,1.60966,1.38833,5279,3193,80,69
10,5,1.65888,1.42523,3283,5996,71,61
10,6,1.84874,1.84874,2386,2386,66,66
10,7,2.23368,2.19931,1126,6452,65,64
10,8,2.83186,2.69912,6452,1645,64,61
10,9,3.64198,3.64198,5303,5303,59,59
10,10,5.53398,5.04854,1645,5996,57,52
10,1,3.49628,1.13709,1986,1645,329,107
10,2,1.42157,1.12745,758,5303,87,69
10,3,1.2381,0.990476,937,3193,65,52
10,4,1.26087,1.21739,2530,5996,58,56
10,5,1.26866,0.970149,5996,2386,51,39
10,6,1.28205,1.28205,3283,1126,45,45
10,7,1.47059,1.43791,1126,6330,45,44
10,8,1.68582,1.22605,6452,3019,44,32
10,9,1.87773,1.74672,6330,1645,43,40
10,10,2.25806,2.04301,5303,2386,42,38
10,1,3.49628,1.10521,1986,1126,329,104
10,2,3.44086,1.20669,3044,5303,288,101
10,3,1.56648,1.16576,758,5996,86,64
10,4,1.33909,1.1879,6452,3193,62,55
10,5,1.47132,1.39651,3283,5996,59,56
10,6,1.56522,1.50725,2386,3193,54,52
10,7,1.80887,1.97952,1645,3283,53,58
10,8,2,2.08333,6330,2386,48,50
10,9,2.5,2.76042,5303,3283,48,53
10,10,3.19444,3.19444,3019,3019,46,46
10,1,3.49628,1.12646,1986,3283,329,106
10,2,1.42157,1.12745,758,5303,87,69
10,3,1.34438,1.32597,3044,5996,73,72
10,4,1.44374,1.21019,6330,3193,68,57
10,5,1.6129,1.46402,1126,3019,65,59
10,6,1.86047,1.80233,3283,2386,64,62
10,7,2.17857,2.14286,2386,6452,61,60
10,8,2.73973,2.46575,6452,3193,60,54
10,9,3.52201,3.52201,1645,1645,56,56
10,10,4.95146,4.95146,3193,3193,51,51
10,1,3.49628,1.05207,1986,6330,329,99
10,2,1.42157,0.964052,758,3193,87,59
10,3,1.2381,1.14286,937,6330,65,60
10,4,1.26087,1.02174,2530,3193,58,47
10,5,1.26866,1.0199,5996,3193,51,41
10,6,1.28205,1.28205,3283,3283,45,45
10,7,1.47059,1.07843,1126,3019,45,33
10,8,1.68582,1.45594,6452,2386,44,38
10,9,1.93548,1.93548,6330,6330,42,42
10,10,2.34286,1.77143,5303,3019,41,31
10,1,3.49628,1.07333,1986,3193,329,101
10,2,3.34524,1.22619,3044,6452,281,103
10,3,3.25645,1.35685,7462,5303,240,100
10,4,1.5493,1.38833,5279,6330,77,69
10,5,1.65888,1.42523,3283,5996,71,61
10,6,1.79837,1.79837,1126,1126,66,66
10,7,2.12625,2.0598,2386,1645,64,62
10,8,2.61603,2.57384,5303,1645,62,61
10,9,3.35227,3.35227,3019,3019,59,59
10,10,1.79487,5.38462,7906,3283,21,63
10,1,3.49628,1.13709,1986,1645,329,107
10,2,1.42157,1.14379,758,1645,87,70
10,3,1.2381,1.12381,937,1645,65,59
10,4,1.26087,1.21739,2530,5996,58,56
10,5,1.26866,1.0199,5996,3193,51,41
10,6,1.28205,1.08262,3283,2386,45,38
10,7,1.4377,1.4377,1126,3283,45,45
10,8,1.64179,1.60448,6452,5303,44,43
10,9,1.95556,1.95556,6330,1126,44,44
10,10,2.20994,1.76796,1645,3019,40,32
10,1,3.49628,1.05207,1986,5996,329,99
10,2,1.42157,1.19281,758,5996,87,73
10,3,1.39147,1.22449,3044,3283,75,66
10,4,1.35776,1.18534,2530,1645,63,55
10,5,1.34663,1.17207,1126,2386,54,47
10,6,1.46974,1.35447,6452,6330,51,47
10,7,1.62162,1.55405,3283,6330,48,46
10,8,1.88,1.88,5303,2386,47,47
10,9,2.26601,1.82266,1645,3193,46,37
10,10,2.42038,2.92994,3019,5303,38,46
10,1,3.49628,1.10521,1986,5303,329,104
10,2,3.29749,1.23059,3044,1645,276,103
10,3,1.58645,1.22995,5279,6330,89,69
10,4,1.33475,1.18644,6452,3019,63,56
10,5,1.49144,1.36919,1126,3019,61,56
10,6,1.6092,1.55172,1645,3019,56,54
10,7,1.87075,1.87075,3283,3283,55,55
10,8,2.21757,2.21757,6330,2386,53,53
10,9,2.58065,2.58065,5996,5996,48,48
10,10,3.26087,3.4058,3193,1645,45,47
10,1,3.49628,1.09458,1986,3019,329,103
10,2,1.42157,1.06209,758,6452,87,65
10,3,1.2381,1.06667,937,3283,65,56
10,4,1.32196,1.32196,5996,1126,62,62
10,5,1.44963,1.42506,6452,6330,59,58
10,6,1.60458,1.60458,5303,5303,56,56
10,7,1.843,1.56997,1645,3193,54,46
10,8,2.02429,2.30769,2386,5996,50,57
10,9,2.33503,2.84264,3019,5996,46,56
10,10,1.2766,3.19149,4671,3019,18,45
10,1,3.49628,1.10521,1986,1126,329,104
10,2,1.42157,1.14379,758,1645,87,70
10,3,1.2381,1.12381,937,6452,65,59
10,4,1.35193,1.07296,1126,3193,63,50
10,5,1.46402,1.43921,5996,6330,59,58
10,6,1.62791,1.36628,6330,3193,56,47
10,7,1.81818,1.81818,3283,3283,54,54
10,8,2.13992,2.13992,5303,5303,52,52
10,9,2.6178,2.82723,1645,6330,50,54
10,10,3.57664,3.57664,2386,2386,49,49
10,1,3.49628,1.10521,1986,1126,329,104
10,2,3.44086,1.13501,3044,5996,288,95
10,3,1.56648,1.2204,758,6330,86,67
10,4,1.33909,1.2743,6452,3283,62,59
10,5,1.47132,1.29676,3283,6330,59,52
10,6,1.60819,1.57895,5996,2386,55,54
10,7,1.84669,1.84669,2386,2386,53,53
10,8,2.13675,2.05128,5303,1645,50,48
10,9,2.63441,2.63441,3193,5303,49,49
10,10,3.50365,3.43066,6330,3019,48,47
10,1,3.49628,1.10521,1986,1126,329,104
10,2,1.42157,0.964052,758,3193,87,59
10,3,1.2381,1.14286,937,6330,65,60
10,4,1.26087,1.08696,2530,3283,58,50
10,5,1.36585,1.36585,5996,5996,56,56
10,6,1.49718,1.38418,1126,6452,53,49
10,7,1.62791,1.49502,6452,2386,49,45
10,8,1.91406,1.48438,6330,3019,49,38
10,9,2.20183,2.20183,5303,5303,48,48
10,10,2.58824,2.35294,1645,3193,44,40
10,1,3.49628,1.13709,1986,1645,329,107
10,2,1.42157,1.19281,758,5996,87,73
10,3,1.2381,1.00952,937,2386,65,53
10,4,1.26087,1.08696,2530,5303,58,50
10,5,1.26866,1.1194,5996,1645,51,45
10,6,1.28205,1.28205,3283,1126,45,45
10,7,1.47059,1.24183,1126,2386,45,38
10,8,1.68582,1.6092,6452,5303,44,42
10,9,1.93548,1.75115,6330,2386,42,38
10,10,2.34286,2.34286,5303,5303,41,41
10,1,3.49628,1.05207,1986,5996,329,99
10,2,1.42157,1.14379,758,1126,87,70
10,3,1.51292,1.27306,3044,6330,82,69
10,4,1.28261,1.23913,5996,6330,59,57
10,5,1.41439,1.41439,6452,6452,57,57
10,6,1.6185,1.6185,3283,5996,56,56
10,7,1.89655,1.55172,2386,3193,55,45
10,8,2.21277,1.87234,5303,3193,52,44
10,9,2.6776,2.29508,3019,3193,49,42
10,10,3.50746,3.0597,1645,3193,47,41
10,1,3.49628,1.07333,1986,3193,329,101
10,2,1.42157,1.14379,758,1645,87,70
10,3,1.2381,1.2,937,1126,65,63
10,4,1.2987,1.27706,5996,1645,60,59
10,5,1.44279,1.26866,6452,2386,58,51
10,6,1.62791,1.56977,6330,3283,56,54
10,7,1.90972,1.59722,5303,3193,55,46
10,8,2.23176,2.23176,3283,3283,52,52
10,9,2.76243,2.48619,2386,3019,50,45
10,10,3.66412,3.43511,1645,3019,48,45
10,1,3.49628,1.05207,1986,5996,329,99
10,2,3.3848,1.24703,3044,6452,285,105
10,3,1.57989,1.13106,758,2386,88,63
10,4,1.53846,1.417,5279,3283,76,70
10,5,1.65094,1.43868,6452,3193,70,61
10,6,1.94915,1.94915,3019,3019,69,69
10,7,2.2807,2.03509,1126,5303,65,58
10,8,2.77273,2.54545,6330,5303,61,56
10,9,3.41463,3.41463,1645,1645,56,56
10,10,4.81481,5.55556,3193,6330,52,60
10,1,3.49628,1.09458,1986,2386,329,103
10,2,3.32936,1.22912,3044,3019,279,103
10,3,1.55635,1.10912,5279,3193,87,62
10,4,1.35593,1.33475,6452,1126,64,63
10,5,1.44254,1.34474,1645,3019,59,55
10,6,1.57143,1.48571,6330,5303,55,52
10,7,1.83051,2,3019,6452,54,59
10,8,2.11618,2.0332,5303,3283,51,49
10,9,2.52632,3,3283,6452,48,57
10,10,3.38346,3.60902,5996,3283,45,48
10,1,3.49628,1.10521,1986,1126,329,104
10,2,3.44086,1.20669,3044,5303,288,101
10,3,1.56648,1.23862,758,3019,86,68
10,4,1.49688,1.37214,5279,6330,72,66
10,5,1.58924,1.27139,6452,5303,65,52
10,6,1.62791,1.56977,3283,2386,56,54
10,7,1.89655,1.72414,1645,5303,55,50
10,8,2.25532,2.25532,6330,6330,53,53
10,9,2.69231,2.47253,5303,3193,49,45
10,10,3.38346,3.30827,5996,3193,45,44
10,1,3.49628,1.12646,1986,3283,329,106
10,2,1.42157,1.19281,758,5996,87,73
10,3,1.2381,1.12381,937,1645,65,59
10,4,1.26087,0.869565,2530,3019,58,40
10,5,1.26866,1.1194,5996,1645,51,45
10,6,1.34454,1.23249,1126,5303,48,44
10,7,1.4377,1.34185,6330,3283,45,42
10,8,1.54982,1.80812,6452,5996,42,49
10,9,1.75676,1.44144,3193,3019,39,32
10,10,1.94737,2.15789,2386,6452,37,41
10,1,3.49628,1.13709,1986,1645,329,107
10,2,1.42157,0.964052,758,3193,87,59
10,3,1.41049,1.24774,5279,6330,78,69
10,4,1.32632,1.26316,937,5996,63,60
10,5,1.42169,1.3012,1645,1126,59,54
10,6,1.57895,1.44044,3283,5303,57,52
10,7,1.8123,1.8123,6330,6330,56,56
10,8,2.13439,2.25296,2386,1645,54,57
10,9,2.61307,2.81407,6452,1645,52,56
10,10,3.19728,3.19728,3019,3019,47,47
10,1,3.49628,1.05207,1986,6330,329,99
10,2,1.42157,0.964052,758,3193,87,59
10,3,1.2381,1.10476,937,5303,65,58
10,4,1.26087,1.08696,2530,3283,58,50
10,5,1.36585,1.17073,5996,1645,56,48
10,6,1.49718,1.38418,1126,5303,53,49
10,7,1.62791,1.59468,6452,5303,49,48
10,8,1.93676,1.81818,6330,1645,49,46
10,9,2.1256,1.78744,2386,3019,44,37
10,10,2.51534,2.26994,3193,3019,41,37
10,1,3.49628,1.10521,1986,5303,329,104
10,2,1.42157,1.06209,758,6452,87,65
10,3,1.2381,0.990476,937,3193,65,52
10,4,1.26087,1.21739,2530,5996,58,56
10,5,1.31188,0.965347,1126,3019,53,39
10,6,1.39726,1.36986,6330,3283,51,50
10,7,1.55556,1.5873,5303,6330,49,50
10,8,1.77358,1.73585,6452,3193,47,46
10,9,2.05479,2.19178,2386,1126,45,48
10,10,2.47126,2.58621,1645,6452,43,45
10,1,3.49628,1.09458,1986,2386,329,103
10,2,1.42157,1.14379,758,1645,87,70
10,3,1.40221,1.27306,5279,6330,76,69
10,4,1.45877,1.43763,1126,5996,69,68
10,5,1.62963,1.4321,5303,3193,66,58
10,6,1.79941,1.76991,2386,3283,61,60
10,7,2.1147,2.07885,6452,3019,59,58
10,8,2.59091,2.40909,3019,3193,57,53
10,9,3.19018,3.19018,3193,3193,52,52
10,10,1.44144,5.31532,2530,2386,16,59
10,1,3.49628,1.09458,1986,2386,329,103
10,2,1.42157,1.14379,758,6330,87,70
10,3,1.36531,1.14391,6880,3019,74,62
10,4,1.41026,1.15385,1126,3283,66,54
10,5,1.41791,1.21891,5996,3019,57,49
10,6,1.61473,1.35977,2386,3193,57,48
10,7,1.85811,1.79054,5303,3283,55,53
10,8,2.18107,2.22222,6452,5303,53,54
10,9,2.57895,2.73684,1645,5303,49,52
10,10,3.19149,3.61702,3193,5303,45,51
10,1,3.49628,1.10521,1986,1126,329,104
10,2,1.42157,0.964052,758,3193,87,59
10,3,1.2381,1.00952,937,2386,65,53
10,4,1.31356,1.27119,5996,6330,62,60
10,5,1.48058,1.31068,1126,3283,61,54
10,6,1.65242,1.36752,6452,3019,58,48
10,7,1.87713,1.6041,5303,3019,55,47
10,8,2.22689,1.80672,1645,3193,53,43
10,9,2.66667,2.71795,3283,1645,52,53
10,10,3.09859,3.80282,3019,5996,44,54
10,1,3.49628,1.10521,1986,1126,329,104
10,2,1.42157,0.964052,758,3193,87,59
10,3,1.2381,1.00952,937,2386,65,53
10,4,1.31356,1.31356,5996,1126,62,62
10,5,1.43902,1.17073,6452,3193,59,48
10,6,1.65242,1.53846,6330,3283,58,54
10,7,1.81818,1.75084,5303,1645,54,52
10,8,2.09877,1.893,1645,3019,51,46
10,9,2.34375,2.29167,3019,3193,45,44
10,10,1.48649,2.97297,7462,3019,22,44
10,1,3.49628,1.07333,1986,3193,329,101
10,2,3.34524,1.22619,3044,6452,281,103
10,3,3.25645,1.35685,7462,5303,240,100
10,4,2.87284,1.60126,6880,3283,183,102
10,5,2.80374,1.85047,5279,3019,150,99
10,6,1.81818,1.74026,6330,2386,70,67
10,7,2.15873,2.06349,3019,1126,68,65
10,8,2.67206,2.55061,2386,5996,66,63
10,9,3.36957,3.26087,1645,1126,62,60
10,10,1.77419,4.91935,7705,1645,22,61
10,1,3.49628,1.09458,1986,3019,329,103
10,2,1.42157,1.11111,758,3283,87,68
10,3,1.39706,1.30515,3044,5996,76,71
10,4,1.38889,1.38889,1126,1126,65,65
10,5,1.43921,1.33995,6452,1645,58,54
10,6,1.57593,1.57593,6330,6452,55,55
10,7,1.83673,1.59864,2386,3193,54,47
10,8,2.14575,1.98381,5996,3019,53,49
10,9,2.52525,2.57576,5303,6452,50,51
10,10,1.28378,3.58108,937,2386,19,53
10,1,3.49628,1.13709,1986,1645,329,107
10,2,3.34532,1.19904,3044,3193,279,100
10,3,1.58559,1.22523,5279,6330,88,68
10,4,1.34904,1.15632,1126,5303,63,54
10,5,1.53465,1.33663,6452,3019,62,54
10,6,1.57895,1.49123,3019,3283,54,51
10,7,1.78694,1.78694,6330,6330,52,52
10,8,2.17573,2.25941,2386,3019,52,54
10,9,2.62032,2.8877,5303,3019,49,54
10,10,3.38346,3.60902,3193,5303,45,48
10,1,3.49628,1.10521,1986,1126,329,104
10,2,1.42157,1.06209,758,6452,87,65
10,3,1.44424,1.27971,3044,1126,79,70
10,4,1.41026,1.30342,1126,5996,66,61
10,5,1.40049,1.35135,3283,6330,57,55
10,6,1.5625,1.47727,2386,3019,55,52
10,7,1.76667,1.86667,5303,3283,53,56
10,8,2.02429,2.30769,1645,1126,50,57
10,9,2.28426,2.28426,3193,3193,45,45
10,10,1.44737,3.55263,2530,1126,22,54
10,1,3.49628,1.05207,1986,5996,329,99
10,2,1.42157,1.19281,758,5996,87,73
10,3,1.2381,1.10476,937,5303,65,58
10,4,1.34904,1.04925,5996,3019,63,49
10,5,1.43541,1.17225,6330,3193,60,49
10,6,1.64804,1.64804,1126,1126,59,59
10,7,1.87291,1.50502,1645,3193,56,45
10,8,2.13992,1.85185,6452,3193,52,45
10,9,2.52525,2.52525,3283,2386,50,50
10,10,1.41892,3.58108,6880,5996,21,53
10,1,3.49628,1.13709,1986,1645,329,107
10,2,1.42157,1.19281,758,5996,87,73
10,3,1.2381,1.2,937,5996,65,63
10,4,1.26087,1.08696,2530,5303,58,50
10,5,1.36585,1.29268,5996,6330,56,53
10,6,1.46893,1.35593,1126,6452,52,48
10,7,1.63399,1.24183,6330,3019,50,38
10,8,1.82836,1.6791,3283,1645,49,45
10,9,2.01794,2.01794,2386,2386,45,45
10,10,2.30337,2.75281,3193,6330,41,49
10,1,3.49628,1.13709,1986,1645,329,107
10,2,1.42157,1.19281,758,5996,87,73
10,3,1.2381,1.14286,937,6330,65,60
10,4,1.26087,1.08696,2530,1645,58,50
10,5,1.26866,0.970149,5996,2386,51,39
10,6,1.28205,1.28205,3283,3283,45,45
10,7,1.47059,1.07843,1126,3019,45,33
10,8,1.68582,1.6092,6452,5303,44,42
10,9,1.96347,1.46119,6330,3019,43,32
10,10,2.27273,2.27273,1645,1645,40,40
10,1,3.49628,1.10521,1986,5303,329,104
10,2,1.42157,1.19281,758,5996,87,73
10,3,1.2381,0.990476,937,3193,65,52
10,4,1.33192,1.24736,5996,1645,63,59
10,5,1.39024,1.17073,6330,3019,57,48
10,6,1.5864,1.5864,5303,5303,56,56
10,7,1.85185,1.85185,1126,1126,55,55
10,8,2.2314,2.14876,1645,3283,54,52
10,9,2.71277,2.71277,6452,6452,51,51
10,10,3.57664,3.57664,3283,2386,49,49
10,1,3.49628,1.05207,1986,5996,329,99
10,2,1.42157,1.14379,758,6330,87,70
10,3,1.36531,1.18081,6880,2386,74,64
10,4,1.44351,1.42259,5996,1645,69,68
10,5,1.65854,1.4878,1126,3019,68,61
10,6,1.89112,1.7765,5303,3283,66,62
10,7,2.15548,1.90813,3283,3193,61,54
10,8,2.61261,2.79279,6452,1126,58,62
10,9,3.10976,3.78049,3193,1126,51,62
10,10,1.50442,5.39823,7462,5996,17,61
10,1,3.49628,1.09458,1986,2386,329,103
10,2,3.32936,1.25298,3044,3283,279,105
10,3,1.55635,1.16279,5279,5996,87,65
10,4,1.61943,1.2753,758,5303,80,63
10,5,1.60093,1.48492,3019,1645,69,64
10,6,1.88011,1.85286,1126,3019,69,68
10,7,2.18121,2.18121,6452,6452,65,65
10,8,2.66094,2.3176,6330,3193,62,54
10,9,3.40782,3.46369,3283,3019,61,62
10,10,1.94915,5.25424,7906,3019,23,62
10,1,3.49628,1.07333,1986,3193,329,101
10,2,1.42157,1.04575,758,2386,87,64
10,3,1.2381,1.2,937,5996,65,63
10,4,1.26087,1.15217,2530,6330,58,53
10,5,1.26866,1.19403,5996,1126,51,48
10,6,1.28205,1.25356,3283,5303,45,44
10,7,1.43322,1.27036,6330,3193,44,39
10,8,1.60448,1.64179,1645,6330,43,44
10,9,1.82222,1.82222,1126,1126,41,41
10,10,2.17391,2.28261,6452,6330,40,42
10,1,3.49628,1.05207,1986,5996,329,99
10,2,1.42157,1.14379,758,1645,87,70
10,3,1.2381,1.10476,937,5303,65,58
10,4,1.34904,1.34904,5996,5996,63,63
10,5,1.4604,1.33663,1126,3283,59,54
10,6,1.62857,1.6,6330,6452,57,56
10,7,1.73469,1.70068,2386,1645,51,50
10,8,2.01646,2.01646,1645,1645,49,49
10,9,2.42268,2.93814,3193,1126,47,57
10,10,3.21168,3.94161,3019,6330,44,54
10,1,3.49628,1.10521,1986,5303,329,104
10,2,1.42157,1.19281,758,5996,87,73
10,3,1.2381,0.990476,937,3193,65,52
10,4,1.26087,1.08696,2530,6452,58,50
10,5,1.26866,1.1194,5996,6452,51,45
10,6,1.34454,1.40056,1126,5996,48,50
10,7,1.45631,1.39159,3283,1645,45,43
10,8,1.66667,1.55303,6330,1645,44,41
10,9,1.83857,1.61435,5303,3193,41,36
10,10,2.08791,1.86813,2386,3193,38,34
10,1,3.49628,1.10521,1986,1126,329,104
10,2,1.42157,1.01307,758,3019,87,62
10,3,1.43636,1.29091,3044,5996,79,71
10,4,1.41962,1.39875,6330,5303,68,67
10,5,1.63017,1.58151,5303,3283,67,65
10,6,1.86047,1.59884,3283,3193,64,55
10,7,2.17993,2.17993,1645,1645,63,63
10,8,2.65487,2.65487,2386,2386,60,60
10,9,3.37349,3.55422,1126,3283,56,59
10,10,5.14019,5.14019,6452,1126,55,55
10,1,3.49628,1.10521,1986,5303,329,104
10,2,3.29749,1.17085,3044,6330,276,98
10,3,1.58645,1.24777,5279,6452,89,70
10,4,1.56823,1.42566,758,3283,77,70
10,5,1.54589,1.54589,1126,1126,64,64
10,6,1.65714,1.6,3283,5996,58,56
10,7,1.88356,1.67808,5996,3019,55,49
10,8,2.23629,2.1097,2386,3193,53,50
10,9,2.56684,2.51337,6330,3019,48,47
10,10,3.38129,3.38129,3019,1645,47,47
10,1,3.49628,1.13709,1986,6452,329,107
10,2,3.38129,1.21103,3044,3019,282,101
10,3,1.63043,1.34058,5279,1126,90,74
10,4,1.61088,1.40167,758,3019,77,67
10,5,1.47132,1.37157,3283,2386,59,55
10,6,1.60819,1.49123,5996,1645,55,51
10,7,1.84669,1.70732,2386,1645,53,49
10,8,2.18487,2.05882,3193,5303,52,49
10,9,2.53968,2.75132,6330,2386,48,52
10,10,3.43066,3.43066,3019,3193,47,47
10,1,3.49628,1.09458,1986,3019,329,103
10,2,1.42157,1.11111,758,3283,87,68
10,3,1.2381,0.952381,937,3019,65,50
10,4,1.30526,1.30526,5996,5996,62,62
10,5,1.40436,1.33172,6330,3283,58,55
10,6,1.59218,1.59218,6452,6452,57,57
10,7,1.89369,1.66113,1126,1645,57,50
10,8,2.17213,2.17213,5303,5303,53,53
10,9,2.6178,2.87958,2386,6330,50,55
10,10,3.40426,3.90071,1645,6330,48,55
10,1,3.49628,1.09458,1986,3019,329,103
10,2,3.41289,1.19332,3044,3193,286,100
10,3,1.48551,1.28623,5279,6452,82,71
10,4,1.38298,1.17021,6452,2386,65,55
10,5,1.50617,1.28395,1126,5996,61,52
10,6,1.62791,1.45349,3283,5303,56,50
10,7,1.87075,1.87075,1645,3283,55,55
10,8,2.21757,1.96653,6330,3193,53,47
10,9,2.84946,2.47312,2386,3193,53,46
10,10,3.38346,3.38346,5996,5996,45,45
10,1,3.49628,1.10521,1986,1126,329,104
10,2,3.44086,1.14695,3044,3193,288,96
10,3,1.56648,1.25683,758,1645,86,69
10,4,1.33909,1.2743,6452,3283,62,59
10,5,1.47132,1.37157,3283,2386,59,55
10,6,1.5896,1.47399,5996,5303,55,51
10,7,1.79661,1.9322,1645,3283,53,57
10,8,2.10744,1.98347,6330,3019,51,48
10,9,2.51309,2.67016,3019,5996,48,51
10,10,3.28571,3.35714,3193,3019,46,47
10,1,3.49628,1.05207,1986,6330,329,99
10,2,1.42157,1.14379,758,6330,87,70
10,3,1.36531,1.27306,6880,5303,74,69
10,4,1.41026,1.21795,1126,5303,66,57
10,5,1.45985,1.36253,5996,1645,60,56
10,6,1.60563,1.40845,2386,3283,57,50
10,7,1.70492,1.83607,3193,2386,52,56
10,8,1.93676,1.93676,3019,3019,49,49
10,9,2.2549,2.69608,6452,2386,46,55
10,10,1.27517,3.8255,782,1126,19,57
11,1,3.82963,1.2455,1986,6452,329,107
11,2,1.55357,1.25,758,1126,87,70
11,3,1.65201,1.34982,3044,3283,82,67
11,4,1.39871,1.13793,5996,3193,59,48
11,5,1.54815,1.33086,6452,3019,57,49
11,6,1.73034,1.66854,3283,5303,56,54
11,7,1.98,1.72333,6330,3193,54,47
11,8,2.36992,0.223577,5303,521,53,5
11,9,2.37344,2.37344,2386,2386,52,52
11,10,2.79365,2.79365,1645,1645,48,48
11,11,3.51064,4.05674,3193,6452,45,52
11,1,3.82963,1.2455,1986,6452,329,107
11,2,1.55357,0.392857,758,521,87,22
11,3,1.35161,1.31002,937,1126,65,63
11,4,1.375,1.11422,2530,3193,58,47
11,5,1.47722,1.39808,5996,6330,56,53
11,6,1.55402,1.15789,6330,3019,51,38
11,7,1.73871,1.73871,3283,1126,49,49
11,8,2.06513,0.37931,1126,521,49,9
11,9,2.38679,2.33491,6452,1645,46,45
11,10,3.02994,2.83234,5303,2386,46,43
11,11,3.19355,3.90323,3019,6452,36,44
11,1,3.82963,1.2455,1986,6452,329,107
11,2,1.55357,1.05357,758,3193,87,59
11,3,1.35161,1.20605,937,5303,65,58
11,4,1.47134,1.44798,5996,1126,63,62
11,5,1.5868,1.26406,6330,3193,59,47
11,6,1.76243,1.76243,1645,6330,58,58
11,7,1.88158,2.0625,6452,5996,52,57
11,8,2.22619,2.4881,3283,5996,51,57
11,9,2.7641,0.564103,2386,521,49,10
11,10,3.23973,0.678082,3019,521,43,9
11,11,1.60194,5.23301,3044,3283,15,49
11,1,3.82963,1.19894,1986,2386,329,103
11,2,1.55357,1.14286,758,2386,87,64
11,3,1.35161,1.31002,937,5996,65,63
11,4,1.375,0.37931,2530,521,58,16
11,5,1.38177,1.24631,5996,6330,51,46
11,6,1.39437,1.17746,3283,2386,45,38
11,7,1.59677,1.45484,1126,1645,45,41
11,8,1.75836,1.84015,6452,1126,43,45
11,9,2.0625,1.81696,6330,2386,42,37
11,10,2.47059,2.17647,5303,3193,42,37
11,11,2.2,0.66,3019,521,30,9
11,1,3.82963,1.2455,1986,1645,329,107
11,2,1.55357,1.23214,758,5303,87,69
11,3,1.46801,1.28702,3044,2386,73,64
11,4,1.5942,0.387164,6330,521,70,17
11,5,1.81114,1.7845,5996,1126,68,67
11,6,2.04058,1.94493,1126,6452,64,61
11,7,2.46619,0.430605,1645,521,63,11
11,8,2.97706,0.504587,6452,521,59,10
11,9,4.01258,3.66667,3283,3019,58,53
11,10,4.87736,0.311321,3193,521,47,3
11,11,2.05085,0.559322,6880,521,11,3
11,1,3.82963,1.15238,1986,6330,329,99
11,2,1.55357,1.25,758,1126,87,70
11,3,1.35161,1.20605,937,5303,65,58
11,4,1.375,1.11422,2530,3193,58,47
11,5,1.38177,0.894089,5996,3019,51,33
11,6,1.39437,1.02254,3283,3019,45,33
11,7,1.59677,1.17097,1126,3019,45,33
11,8,1.82642,1.82642,6452,6452,44,44
11,9,2.0905,2.0905,6330,6330,42,42
11,10,2.51955,2.51955,5303,5303,41,41
11,11,3.1087,2.71014,1645,3193,39,34
11,1,3.82963,1.21058,1986,5303,329,104
11,2,3.60999,1.11177,3044,521,276,85
11,3,1.73274,1.3823,5279,3019,89,71
11,4,1.5587,1.38057,3283,3193,70,62
11,5,1.79009,1.73821,6452,6330,69,67
11,6,2.07606,2.07606,1126,1126,67,67
11,7,2.40625,2.29167,6330,5996,63,60
11,8,2.89474,2.89474,2386,2386,60,60
11,9,3.66667,0.196429,1645,521,56,3
11,10,5.10714,5.89286,3193,6330,52,60
11,11,1.90385,10.7885,7906,3193,9,51
11,1,3.82963,1.15238,1986,5996,329,99
11,2,1.55357,1.10714,758,3019,87,62
11,3,1.35161,1.24764,937,6330,65,60
11,4,1.375,1.18534,2530,1645,58,50
11,5,1.38177,1.38177,5996,5996,51,51
11,6,1.39437,1.39437,3283,1126,45,45
11,7,1.59677,1.45484,1126,1645,45,41
11,8,1.75836,0.408922,6452,521,43,10
11,9,2.04425,0.438053,6330,521,42,9
11,10,2.51087,1.85326,5303,3019,42,31
11,11,2.73203,3.01961,3193,5303,38,42
11,1,3.82963,1.11746,1986,521,329,96
11,2,1.55357,1.10714,758,3019,87,62
11,3,1.35161,1.10208,937,2386,65,53
11,4,1.43277,1.36345,5996,6452,62,59
11,5,1.56763,1.30193,1126,3019,59,49
11,6,1.79718,1.48732,6452,3193,58,48
11,7,2.00651,0.429967,6330,521,56,12
11,8,2.41036,2.41036,5303,6452,55,55
11,9,2.91837,2.52551,3283,3019,52,45
11,10,3.74306,3.97222,1645,5303,49,52
11,11,5.09474,5.09474,3019,3019,44,44
11,1,3.82963,1.15238,1986,5996,329,99
11,2,1.55357,1.30357,758,5996,87,73
11,3,1.35161,1.31002,937,1126,65,63
11,4,1.41631,1.29828,5996,3283,60,55
11,5,1.57908,1.36496,6452,2386,59,51
11,6,1.77222,1.46667,6330,3193,58,48
11,7,2.03974,1.74834,5303,3019,56,48
11,8,2.36992,0.402439,1645,521,53,9
11,9,2.62176,2.62176,3019,3019,46,46
11,10,3.29252,3.89116,3193,6452,44,52
11,11,1.60194,0.427184,7462,521,15,4
11,1,3.82963,1.15238,1986,6330,329,99
11,2,1.55357,1.14286,758,2386,87,64
11,3,1.57428,1.375,3044,1126,79,69
11,4,1.51163,1.39535,1126,5996,65,60
11,5,1.56373,1.53676,6452,5996,58,57
11,6,1.76,1.76,6330,3283,56,56
11,7,2.05782,2.05782,5996,5996,55,55
11,8,2.39331,2.20921,5303,1645,52,48
11,9,2.76471,2.76471,3019,3019,47,47
11,10,3.61429,4.16429,1645,6330,46,53
11,11,4.91489,4.91489,3193,3193,42,42
11,1,3.82963,1.19894,1986,3019,329,103
11,2,1.55357,1.05357,758,3193,87,59
11,3,1.54039,1.34291,5279,3283,78,68
11,4,1.59714,1.59714,5996,5996,71,71
11,5,1.73684,1.60526,6330,6452,66,61
11,6,1.94118,1.78711,5303,3019,63,58
11,7,2.20736,2.3913,2386,6330,60,65
11,8,2.71548,2.62343,1645,1126,59,57
11,9,3.48333,3.66667,1126,5303,57,60
11,10,2.05691,5.63415,3044,6330,23,63
11,11,2.38333,10.8167,1636,5303,13,59
11,1,3.82963,1.21058,1986,1126,329,104
11,2,1.55357,1.21429,758,3283,87,68
11,3,1.52555,1.32482,3044,1645,76,66
11,4,1.57469,1.55187,1126,5996,69,68
11,5,1.75362,1.56763,6330,3019,66,59
11,6,2.0546,2.0546,5303,1126,65,65
11,7,2.37102,2.13781,6452,3019,61,55
11,8,2.92342,2.67568,2386,3019,59,54
11,9,3.64417,3.64417,3019,3019,54,54
11,10,4.94495,6.15596,3193,5303,49,61
11,11,1.60417,10.7708,7462,3193,7,47
11,1,3.82963,1.11746,1986,521,329,96
11,2,1.55357,1.23214,758,5303,87,69
11,3,1.35161,1.20605,937,5303,65,58
11,4,1.47134,1.47134,5996,5996,63,63
11,5,1.59069,1.5098,1126,6452,59,56
11,6,1.78125,1.625,6330,2386,57,52
11,7,1.97627,1.97627,3283,3283,53,53
11,8,2.31818,2.31818,2386,2386,51,51
11,9,2.7644,3.22513,1645,1126,48,56
11,10,3.66667,0.488889,3019,521,45,6
11,11,5.13333,5.74444,3193,1645,42,47
11,1,3.82963,1.2455,1986,6452,329,107
11,2,3.70167,1.31265,3044,2386,282,100
11,3,3.54743,1.43089,7462,6330,238,96
11,4,1.826,1.43,5279,5303,83,65
11,5,1.89655,1.64368,1126,3019,75,65
11,6,2.10833,2.10833,3283,3283,69,69
11,7,2.45704,2.07904,6330,5996,65,55
11,8,3.0177,2.87168,3019,1645,62,59
11,9,3.75449,4.01796,3193,3019,57,61
11,10,5.18868,5.18868,5996,5996,50,50
11,11,1.96429,11,8423,3193,10,56
11,1,3.82963,1.2455,1986,6452,329,107
11,2,1.55357,0.392857,758,521,87,22
11,3,1.35161,1.22684,937,1645,65,59
11,4,1.47447,1.21702,1126,3193,63,52
11,5,1.57895,1.42105,5996,6452,60,54
11,6,1.72067,1.7514,6330,1126,56,57
11,7,2.00331,1.71192,5303,3019,55,47
11,8,2.24314,2.2,6452,3283,52,51
11,9,2.64216,2.85784,2386,1126,49,53
11,10,1.41935,0.212903,2530,521,20,3
11,11,1.22222,3.82963,8073,5303,15,47
11,1,3.82963,1.2455,1986,6452,329,107
11,2,1.55357,0.392857,758,521,87,22
11,3,1.35161,0.353497,937,521,65,17
11,4,1.375,1.11422,2530,3193,58,47
11,5,1.47722,1.31894,5996,3283,56,50
11,6,1.55402,0.396122,6330,521,51,13
11,7,1.73871,1.34839,3283,3019,49,38
11,8,1.94118,1.98162,5303,3283,48,49
11,9,2.30804,2.30804,1126,1126,47,47
11,10,2.85876,2.85876,1645,1645,46,46
11,11,3.61069,3.8626,2386,3283,43,46
11,1,3.82963,1.21058,1986,5303,329,104
11,2,1.55357,1.25,758,1126,87,70
11,3,1.35161,1.22684,937,6452,65,59
11,4,1.47447,1.31064,1126,3283,63,56
11,5,1.59459,1.48649,5996,3283,59,55
11,6,1.78125,1.78125,6330,6330,57,57
11,7,2.01356,1.75254,5303,3019,54,47
11,8,2.3278,0.410788,2386,521,51,9
11,9,2.37069,1.99138,1645,3019,50,42
11,10,2.65934,2.47802,3193,3019,44,41
11,11,1.40426,3.35461,2530,3193,18,43
11,1,3.82963,1.15238,1986,5996,329,99
11,2,3.70567,1.26123,3044,6330,285,97
11,3,1.72549,1.41176,758,1126,88,72
11,4,1.61963,1.46217,5279,6330,72,65
11,5,1.68825,1.34532,6452,3193,64,51
11,6,1.71311,1.86339,1645,6452,57,62
11,7,1.85113,1.85113,6330,3019,52,52
11,8,2.22568,2.48249,3019,6452,52,58
11,9,2.8191,2.70854,2386,5303,51,49
11,10,3.64189,3.56757,5303,3283,49,48
11,11,5.22222,5.22222,3283,3283,47,47
11,1,3.82963,1.17566,1986,3193,329,101
11,2,1.55357,1.10714,758,3019,87,62
11,3,1.56859,1.38989,3044,6330,79,70
11,4,1.43579,1.32,1126,1645,62,57
11,5,1.5,1.42105,6330,6452,57,54
11,6,1.70637,1.49307,2386,3193,56,49
11,7,1.94754,1.73115,5303,3193,54,48
11,8,2.32271,2.23506,5996,3283,53,51
11,9,2.83333,2.55556,6452,3193,51,46
11,10,3.7415,4.19048,3283,1126,50,56
11,11,4.95604,5.92308,3193,3283,41,49
11,1,3.82963,1.2455,1986,1645,329,107
11,2,1.55357,0.392857,758,521,87,22
11,3,1.35161,1.10208,937,2386,65,53
11,4,1.43277,1.43277,5996,5996,62,62
11,5,1.56763,1.43478,1126,3283,59,54
11,6,1.77222,1.55833,6452,3193,58,51
11,7,2.03974,2.11258,6330,1126,56,58
11,8,2.45935,2.14634,5303,3019,55,48
11,9,2.7644,0.34555,1645,521,48,6
11,10,3.53846,3.53846,3193,3019,46,46
11,11,1.70103,5.10309,2530,3193,15,45
11,1,3.82963,1.2455,1986,1645,329,107
11,2,1.55357,1.10714,758,3019,87,62
11,3,1.35161,1.31002,937,1126,65,63
11,4,1.41631,0.377682,5996,521,60,16
11,5,1.57143,1.54433,6452,6330,58,57
11,6,1.79656,1.67049,5303,3283,57,53
11,7,1.93243,2.08108,1645,5303,52,56
11,8,2.29167,2.10833,2386,3019,50,46
11,9,2.66316,0.405263,3019,521,46,7
11,10,3.36111,4.125,3193,6452,44,54
11,11,1.43,5.39,8073,1645,13,49
11,1,3.82963,1.15238,1986,6330,329,99
11,2,1.55357,1.21429,758,3283,87,68
11,3,1.35161,1.22684,937,6452,65,59
11,4,1.47447,1.47447,1126,1126,63,63
11,5,1.59459,1.56757,5996,6330,59,58
11,6,1.73352,1.79656,5303,5996,55,57
11,7,2.02041,1.94558,1645,2386,54,52
11,8,2.3375,2.29167,2386,3283,51,50
11,9,2.85185,2.50265,3283,3193,49,43
11,10,3.53571,0.55,3019,521,45,7
11,11,4.86316,4.86316,3193,3193,42,42
11,1,3.82963,1.19894,1986,2386,329,103
11,2,1.55357,1.16071,758,6452,87,65
11,3,1.35161,1.22684,937,6452,65,59
11,4,1.375,0.948276,2530,3019,58,40
11,5,1.38177,0.37931,5996,521,51,14
11,6,1.39437,1.33239,3283,1645,45,43
11,7,1.59677,1.45484,1126,1645,45,41
11,8,1.75836,1.84015,6452,1126,43,45
11,9,2.0625,0.491071,6330,521,42,10
11,10,2.53846,0.423077,5303,521,42,7
11,11,2.90714,0.471429,2386,521,37,6
11,1,3.82963,1.19894,1986,2386,329,103
11,2,1.55357,1.10714,758,3019,87,62
11,3,1.35161,1.24764,937,6330,65,60
11,4,1.45416,1.36034,1126,6452,62,58
11,5,1.56757,0.324324,6452,521,58,12
11,6,1.79656,1.73352,5996,5303,57,55
11,7,2.02041,2.13265,1645,5996,54,57
11,8,2.4135,2.36709,3283,2386,52,51
11,9,2.66129,2.54301,3019,3193,45,43
11,10,1.46154,3.38462,8073,3019,19,44
11,11,1.55556,0.333333,6880,521,14,3
11,1,3.82963,1.21058,1986,5303,329,104
11,2,1.55357,1.25,758,1645,87,70
11,3,1.53114,1.39011,5279,6330,76,69
11,4,1.40426,1.19362,2530,3019,60,51
11,5,1.54893,1.54893,6330,6330,59,59
11,6,1.74167,1.61944,1126,5303,57,53
11,7,1.93485,0.143322,2386,521,54,4
11,8,2.30435,2.43478,5996,1126,53,56
11,9,2.90355,2.90355,6452,6452,52,52
11,10,3.86897,3.7931,3283,5996,51,50
11,11,5.09474,0.231579,3193,521,44,2
11,1,3.82963,1.15238,1986,5996,329,99
11,2,1.55357,1.23214,758,5303,87,69
11,3,1.35161,1.16446,937,3283,65,56
11,4,1.44186,0.372093,5996,521,62,16
11,5,1.57908,1.55231,1126,6452,59,58
11,6,1.8125,1.65625,6452,1645,58,53
11,7,2.02341,0.404682,6330,521,55,11
11,8,2.47951,2.47951,5303,5303,55,55
11,9,2.85185,0.407407,2386,521,49,7
11,10,3.53571,3.53571,3193,3019,45,45
11,11,5.09474,5.90526,3019,6452,44,51
11,1,3.82963,1.21058,1986,5303,329,104
11,2,3.60999,1.32105,3044,1126,276,101
11,3,1.73274,1.3823,5279,3019,89,71
11,4,1.5587,1.5587,3283,3283,70,70
11,5,1.79009,1.79009,6452,6452,69,69
11,6,2.07606,1.82817,1126,1645,67,59
11,7,2.40625,0.34375,6330,521,63,9
11,8,3.03111,2.83556,2386,1645,62,58
11,9,3.84663,3.44172,1645,3193,57,51
11,10,5.60377,5.60377,5996,5996,54,54
11,11,10.7885,0.211538,3193,521,51,1
11,1,3.82963,1.15238,1986,6330,329,99
11,2,1.55357,1.16071,758,6452,87,65
11,3,1.35161,1.10208,937,2386,65,53
11,4,1.375,1.25647,2530,6330,58,53
11,5,1.38177,1.19212,5996,5303,51,44
11,6,1.39437,1.33239,3283,1645,45,43
11,7,1.58654,1.30449,1126,2386,45,37
11,8,1.76,1.28,5303,3019,44,32
11,9,1.9465,1.76543,6330,3193,43,39
11,10,2.15686,2.21078,6452,1126,40,41
11,11,1.55215,0.337423,3044,521,23,5
11,1,3.82963,1.23386,1986,3283,329,106
11,2,1.55357,1.25,758,1645,87,70
11,3,1.53114,1.28938,5279,3283,76,64
11,4,1.40426,1.26383,2530,2386,60,54
11,5,1.58654,0.317308,1126,521,60,12
11,6,1.52475,1.4703,6330,6452,56,54
11,7,1.73851,1.67529,5996,6452,55,53
11,8,1.90169,1.75254,3283,3019,51,47
11,9,2.17339,2.12903,5303,3193,49,48
11,10,2.59799,2.59799,3193,3193,47,47
11,11,1.30263,3.83553,8073,1126,18,53
11,1,3.82963,1.19894,1986,3019,329,103
11,2,1.55357,1.25,758,1126,87,70
11,3,1.65201,1.39011,3044,6330,82,69
11,4,1.63732,1.47589,6880,6452,71,64
11,5,1.7845,1.75787,5996,1645,67,66
11,6,2.06647,2.03468,5303,1645,65,64
11,7,2.34043,0.468085,3283,521,60,12
11,8,2.92342,3.07207,2386,5303,59,62
11,9,3.64375,4.05625,3019,2386,53,59
11,10,4.93458,6.06542,3193,2386,48,59
11,11,1.67797,0.372881,782,521,9,2
11,1,3.82963,1.15238,1986,6330,329,99
11,2,1.55357,1.21429,758,3283,87,68
11,3,1.35161,1.31002,937,1126,65,63
11,4,1.375,1.18534,2530,3283,58,50
11,5,1.38177,0.37931,5996,521,51,14
11,6,1.39437,1.17746,3283,2386,45,38
11,7,1.56151,1.14511,1126,3019,45,33
11,8,1.70423,1.58803,6330,1645,44,41
11,9,2.01667,1.97083,5303,1126,44,43
11,10,2.34518,0.167513,6452,521,42,3
11,11,2.76774,3.19355,1645,3283,39,45
11,1,3.82963,1.23386,1986,3283,329,106
11,2,1.55357,1.14286,758,2386,87,64
11,3,1.57428,1.375,3044,1126,79,69
11,4,1.51163,1.34884,1126,6452,65,58
11,5,1.56386,1.43133,5996,1645,59,54
11,6,1.70637,0.396122,6330,521,56,13
11,7,1.91148,1.98361,5303,5996,53,55
11,8,2.26984,2.26984,3019,3019,52,52
11,9,2.805,0.22,3283,521,51,4
11,10,3.24832,0.147651,3193,521,44,2
11,11,1.46667,5.7619,8073,1126,14,55
11,1,3.82963,1.21058,1986,1126,329,104
11,2,3.76694,1.25565,3044,6330,288,96
11,3,1.71067,1.33273,758,6330,86,67
11,4,1.6749,1.58436,5279,3283,74,70
11,5,1.82452,1.66587,6452,2386,69,63
11,6,2.09222,1.80692,3019,5303,66,57
11,7,2.35172,0.417241,2386,521,62,11
11,8,2.79825,2.79825,5996,5996,58,58
11,9,3.62353,0.388235,1645,521,56,6
11,10,5.01754,5.98246,3193,3019,52,62
11,11,2.66129,10.8226,2630,3019,15,61
11,1,3.82963,1.15238,1986,6330,329,99
11,2,1.55357,1.21429,758,3283,87,68
11,3,1.35161,1.10208,937,2386,65,53
11,4,1.375,1.18534,2530,6452,58,50
11,5,1.48792,1.46135,1126,5996,56,55
11,6,1.53203,1.40947,6330,1645,50,46
11,7,1.74434,1.35275,5303,3019,49,38
11,8,2.03077,2.03077,3283,3283,48,48
11,9,2.38679,2.38679,2386,2386,46,46
11,10,2.78313,0.331325,3193,521,42,5
11,11,3.72581,0.443548,1645,521,42,5
11,1,3.82963,1.17566,1986,3193,329,101
11,2,3.66232,1.32938,3044,5303,281,102
11,3,3.55795,1.51213,7462,1645,240,102
11,4,1.66534,1.40239,758,5996,76,64
11,5,1.65258,0.361502,1126,521,64,14
11,6,1.8232,1.73204,1645,3283,60,57
11,7,2.01967,1.69508,2386,3019,56,47
11,8,2.34496,0.29845,6330,521,55,7
11,9,2.81773,2.70936,6452,5996,52,50
11,10,3.49669,4.00662,5996,2386,48,55
11,11,1.38835,5.76699,3026,2386,13,54
11,1,3.82963,1.21058,1986,5303,329,104
11,2,3.60999,1.28181,3044,6330,276,98
11,3,1.73274,1.36283,5279,6452,89,70
11,4,1.45588,1.29412,6452,3019,63,56
11,5,1.54524,0.157143,1126,521,59,6
11,6,1.76731,1.6759,1645,2386,58,55
11,7,2.01307,1.94118,6330,3283,56,54
11,8,2.332,0.132,3283,521,53,3
11,9,2.62437,0.111675,5996,521,47,2
11,10,3.37333,0.146667,3193,521,46,2
11,11,1.375,6.02885,937,6452,13,57
11,1,3.82963,1.19894,1986,3019,329,103
11,2,1.55357,1.25,758,1126,87,70
11,3,1.65201,1.26923,3044,2386,82,63
11,4,1.39871,0.355603,5996,521,59,15
11,5,1.54815,1.49383,6452,5303,57,55
11,6,1.72857,1.69714,6330,2386,55,54
11,7,2.01356,1.78983,3283,3019,54,48
11,8,2.41909,2.46473,2386,6452,53,54
11,9,2.80851,3.15957,3019,6452,48,54
11,10,3.69286,3.37857,1645,3193,47,43
11,11,5.08602,6.03226,3193,6452,43,51
11,1,3.82963,1.15238,1986,5996,329,99
11,2,1.55357,1.25,758,1126,87,70
11,3,1.35161,1.22684,937,6452,65,59
11,4,1.47447,1.31064,1126,3283,63,56
11,5,1.59459,1.27027,5996,3193,59,47
11,6,1.77011,0.37931,6330,521,56,12
11,7,2.07192,1.92123,5303,2386,55,51
11,8,2.4135,2.08861,3283,3019,52,45
11,9,2.97297,0.416216,2386,521,50,7
11,10,3.91111,3.5037,1645,3193,48,43
11,11,5.26087,5.26087,3019,3019,44,44
11,1,3.82963,1.19894,1986,3019,329,103
11,2,1.55357,1.30357,758,5996,87,73
11,3,1.35161,1.16446,937,3283,65,56
11,4,1.44186,1.16279,5996,3019,62,50
11,5,1.56028,1.43026,1126,1645,60,55
11,6,1.7337,1.7337,6330,6330,58,58
11,7,1.95161,0.248387,5303,521,55,7
11,8,1.92409,1.92409,6452,6452,53,53
11,9,2.156,2.156,2386,2386,49,49
11,10,2.57214,2.9005,3193,5996,47,53
11,11,1.56081,3.49324,2530,3193,21,47
11,1,3.82963,1.2455,1986,6452,329,107
11,2,1.55357,1.16071,758,6452,87,65
11,3,1.35161,1.24764,937,6330,65,60
11,4,1.45416,1.36034,1126,1645,62,58
11,5,1.55231,1.47202,5996,6452,58,55
11,6,1.69944,1.69944,5303,5303,55,55
11,7,1.90033,2.1196,2386,5996,52,58
11,8,2.26337,2.26337,3283,3283,50,50
11,9,2.67876,3.2487,3193,1126,47,57
11,10,3.55882,0.485294,3019,521,44,6
11,11,1.67391,5.1413,2530,3193,14,43
11,1,3.82963,1.17566,1986,3193,329,101
11,2,1.55357,1.25,758,1645,87,70
11,3,1.53114,1.39011,5279,6330,76,69
11,4,1.40426,1.33404,2530,5996,60,57
11,5,1.42195,1.26098,937,2386,53,47
11,6,1.44818,1.41737,1126,5996,47,46
11,7,1.5209,1.41479,6330,2386,43,40
11,8,1.72388,1.76493,3283,1126,42,43
11,9,2.04425,0.389381,3193,521,42,8
11,10,2.33152,1.91304,2386,3019,39,32
11,11,2.75,2.75,6452,5303,38,38
11,1,3.82963,1.23386,1986,3283,329,106
11,2,3.71037,1.27175,3044,6330,283,97
11,3,3.66173,1.54178,7462,6452,247,104
11,4,1.62222,1.46667,5279,3019,73,66
11,5,1.56398,1.40758,6452,3193,60,54
11,6,1.7337,1.7337,2386,6452,58,58
11,7,2.02258,2.02258,1126,2386,57,57
11,8,2.43478,0.304348,3019,521,56,7
11,9,2.90355,3.07107,1645,1126,52,55
11,10,3.71831,0.309859,5303,521,48,4
11,11,5.26596,5.26596,5996,5996,45,45
11,1,3.82963,1.2455,1986,6452,329,107
11,2,1.55357,1.14286,758,2386,87,64
11,3,1.35161,1.16446,937,3283,65,56
11,4,1.375,1.18534,2530,1645,58,50
11,5,1.38177,1.21921,5996,6452,51,45
11,6,1.39437,1.39437,3283,3283,45,45
11,7,1.59677,1.45484,1126,3193,45,41
11,8,1.82642,1.3283,6452,3019,44,32
11,9,2.0905,2.0905,6330,6330,42,42
11,10,2.51955,2.3352,5303,2386,41,38
11,11,2.96454,2.7305,1645,3193,38,35
11,1,3.82963,1.2455,1986,1645,329,107
11,2,1.55357,1.14286,758,2386,87,64
11,3,1.35161,1.22684,937,1645,65,59
11,4,1.47447,1.31064,1126,6452,63,56
11,5,1.56757,1.54054,6330,5996,58,57
11,6,1.76,1.54,6452,3193,56,49
11,7,2.02041,2.05782,5303,6330,54,55
11,8,2.29167,2.0625,3283,3193,50,45
11,9,2.7641,2.7641,2386,2386,49,49
11,10,3.23973,3.23973,3019,3019,43,43
11,11,1.60194,5.76699,3044,6330,15,54
11,1,3.82963,1.15238,1986,6330,329,99
11,2,1.55357,1.14286,758,2386,87,64
11,3,1.57428,1.33514,3044,3283,79,67
11,4,1.56495,1.56495,6330,5996,69,69
11,5,1.77163,1.53365,5303,3193,67,58
11,6,2.01719,1.89112,1126,1645,64,60
11,7,2.39298,0.463158,6452,521,62,12
11,8,2.86099,3.20628,1645,6330,58,65
11,9,3.53333,4.26667,3019,6330,53,64
11,10,4.71429,4.71429,3193,3193,48,48
11,11,1.89062,10.8281,7462,6330,11,63
11,1,3.82963,1.15238,1986,6330,329,99
11,2,1.55357,1.25,758,1126,87,70
11,3,1.65201,1.34982,3044,3283,82,67
11,4,1.39871,0.355603,5996,521,59,15
11,5,1.54815,0.353086,6452,521,57,13
11,6,1.54337,1.48724,1645,5303,55,53
11,7,1.71976,1.75221,6330,6452,53,54
11,8,2.04561,1.69825,3283,3193,53,44
11,9,2.46552,2.46552,2386,2386,52,52
11,10,2.62778,2.87222,3193,1645,43,47
11,11,3.47368,3.55639,3019,3193,42,43
11,1,3.82963,1.19894,1986,2386,329,103
11,2,3.64489,1.12352,3044,521,279,86
11,3,3.05556,1.28042,7462,3193,210,88
11,4,2.76647,1.46557,6880,3019,168,89
11,5,1.716,1.474,5279,1645,78,67
11,6,1.87991,1.77829,1126,6330,74,70
11,7,2.08357,1.93036,6330,5996,68,63
11,8,2.41554,1.96959,5303,3019,65,53
11,9,2.80952,2.47619,6452,3019,59,52
11,10,3.7093,3.7093,3283,3283,58,58
11,11,4.92105,4.92105,3019,3019,51,51
11,1,3.82963,1.17566,1986,3193,329,101
11,2,1.55357,1.23214,758,5303,87,69
11,3,1.46801,1.26691,3044,6452,73,63
11,4,1.50844,1.34599,1126,6330,65,58
11,5,1.58654,1.42788,5996,3019,60,54
11,6,1.69944,1.48315,3283,3193,55,48
11,7,1.97342,1.97342,6452,2386,54,54
11,8,2.40486,0.311741,2386,521,54,7
11,9,2.90674,2.62176,3019,1645,51,46
11,10,3.48592,3.48592,1645,1645,45,45
11,11,4.98969,4.98969,3193,3193,44,44
11,1,3.82963,1.11746,1986,521,329,96
11,2,1.55357,1.25,758,6330,87,70
11,3,1.49084,1.28938,6880,2386,74,64
11,4,1.57469,1.55187,5996,1645,69,68
11,5,1.81114,1.67797,5303,6452,68,63
11,6,2.04286,1.98,1126,1645,65,63
11,7,2.43158,0.463158,3283,521,63,12
11,8,2.92342,2.92342,1645,1645,59,59
11,9,3.64417,0.607362,3019,521,54,9
11,10,4.94495,6.15596,3193,5303,49,61
11,11,1.60417,10.7708,7462,3193,7,47
12,1,4.17336,1.10359,1986,6393,329,87
12,2,3.6461,1.24331,3044,5303,261,89
12,3,1.66555,1.40468,5279,1126,83,70
12,4,1.70455,1.47727,758,6452,75,65
12,5,1.56291,1.29801,6452,3019,59,49
12,6,1.66337,1.57426,3283,6330,56,53
12,7,1.88034,1.84615,2386,1645,55,54
12,8,2.14865,2.02703,1645,3193,53,50
12,9,2.53659,1.41463,5996,8073,52,29
12,10,2.96907,1.42268,5303,8073,48,23
12,11,1.56164,4.27397,6880,3283,19,52
12,12,1.40426,5.74468,4671,1645,11,45
12,1,4.17336,1.31924,1986,5303,329,104
12,2,1.69206,1.36143,758,1645,87,70
12,3,1.4717,1.33585,937,6452,65,59
12,4,1.6051,1.35032,1126,2386,63,53
12,5,1.73529,1.70588,5996,6330,59,58
12,6,1.88571,1.61143,5303,3019,55,47
12,7,2.13861,0.277228,3283,6393,54,7
12,8,2.45783,2.16867,2386,3193,51,45
12,9,3.0303,3.21212,1645,5303,50,53
12,10,3.47586,0.0827586,3193,6393,42,1
12,11,1.63107,0.116505,3044,6393,14,1
12,12,1.48315,0.134831,8073,6393,11,1
12,1,4.17336,1.25581,1986,6330,329,99
12,2,1.69206,1.32253,758,3283,87,68
12,3,1.6612,1.48634,3044,5303,76,68
12,4,1.64905,1.64905,1126,1126,65,65
12,5,1.70588,0.352941,6452,6393,58,12
12,6,1.95429,1.78286,5996,5303,57,52
12,7,2.21477,0.241611,6330,6393,55,6
12,8,2.26027,2.30137,2386,5996,55,56
12,9,2.44068,2.28814,1645,3019,48,45
12,10,2.80851,3.25532,3019,6330,44,51
12,11,3.5,1.08333,3193,8073,42,13
12,12,1.64885,4.21374,4905,6330,18,46
12,1,4.17336,1.25581,1986,5996,329,99
12,2,1.69206,1.41977,758,5996,87,73
12,3,1.65441,1.36765,3044,2386,75,62
12,4,1.61194,0.409382,2530,6393,63,16
12,5,1.59606,1.47783,1126,5303,54,50
12,6,1.65169,0.404494,6452,6393,49,12
12,7,1.87622,1.87622,3283,3283,48,48
12,8,2.17761,1.85328,6330,3193,47,40
12,9,2.46575,2.24658,2386,3019,45,41
12,10,2.96552,2.82759,1645,3019,43,41
12,11,1.80451,0.360902,8073,6393,20,4
12,12,1.48673,0.424779,937,6393,14,4
12,1,4.17336,1.30655,1986,3019,329,103
12,2,1.69206,1.14749,758,3193,87,59
12,3,1.4717,1.17736,937,3193,65,52
12,4,1.49677,1.29032,2530,3283,58,50
12,5,1.61928,1.35904,5996,2386,56,47
12,6,1.79348,1.63043,1126,6452,55,50
12,7,1.92453,1.4717,6330,3019,51,39
12,8,2.06452,2.06452,5303,5303,48,48
12,9,2.23377,2.75325,1645,1126,43,53
12,10,2.61702,3.31915,3193,5996,41,52
12,11,1.41176,3.61765,8073,3193,16,41
12,12,1.38947,0.252632,3044,6393,11,2
12,1,4.17336,1.30655,1986,3019,329,103
12,2,1.69206,1.26418,758,6452,87,65
12,3,1.4717,0.29434,937,6393,65,13
12,4,1.49677,1.29032,2530,6452,58,50
12,5,1.61928,0.289157,1126,6393,56,10
12,6,1.73816,1.57103,5996,1645,52,47
12,7,1.92308,1.26923,6330,8073,50,33
12,8,1.84946,1.5914,5303,3193,43,37
12,9,2.08475,2.0339,2386,3283,41,40
12,10,2.46154,2.46154,3283,3283,40,40
12,11,2.70968,2.55484,3193,3019,35,33
12,12,3.2,4.6,3019,5996,32,46
12,1,4.17336,1.31924,1986,5303,329,104
12,2,1.69206,0.447326,758,6393,87,23
12,3,1.4717,1.13208,937,3019,65,50
12,4,1.49677,1.2129,2530,3193,58,47
12,5,1.50369,1.32678,5996,6452,51,45
12,6,1.59116,1.29282,1126,2386,48,39
12,7,1.67183,1.41176,6330,3193,45,38
12,8,1.89474,1.72632,3283,5303,45,41
12,9,2.06557,1.52459,1645,8073,42,31
12,10,1.78218,2.61386,3019,6330,30,44
12,11,1.53488,3.06977,8073,6330,22,44
12,12,1.3125,3.9375,7462,3283,14,42
12,1,4.17336,1.28118,1986,3193,329,101
12,2,3.99053,1.44852,3044,3019,281,102
12,3,1.87234,1.53191,758,1126,88,72
12,4,1.80488,1.68293,5279,1645,74,69
12,5,1.80861,1.49282,6452,5303,63,52
12,6,1.92676,1.92676,1645,1645,57,57
12,7,2.13423,2.05369,3019,2386,53,51
12,8,2.52632,2.5749,6330,3019,52,53
12,9,3.09278,1.36082,3283,8073,50,22
12,10,3.91667,3.83333,5303,5996,47,46
12,11,5.69072,5.69072,5996,5996,46,46
12,12,1.88235,0.235294,937,6393,8,1
12,1,4.17336,1.31924,1986,1126,329,104
12,2,1.69206,1.14749,758,3193,87,59
12,3,1.4717,1.13208,937,3019,65,50
12,4,1.55,0.3,5996,6393,62,12
12,5,1.66507,1.34928,6330,8073,58,47
12,6,1.6496,1.6496,6452,6452,51,51
12,7,1.9125,0.3375,1126,6393,51,9
12,8,2.09665,1.829,5303,3193,47,41
12,9,2.54054,2.48649,2386,3283,47,46
12,10,3.08571,3.01714,3283,1645,45,44
12,11,3.57252,3.84733,3193,3283,39,42
12,12,1.75281,5.25843,6961,3193,13,39
12,1,4.17336,1.35729,1986,6452,329,107
12,2,4.03337,1.44458,3044,3019,282,101
12,3,3.80488,1.64228,7462,5303,234,101
12,4,1.97619,1.28571,5279,8073,83,54
12,5,1.73333,1.46667,6330,5303,65,55
12,6,1.97468,0.394937,2386,6393,65,13
12,7,2.29091,2,1126,1645,63,55
12,8,2.74157,0.449438,3283,6393,61,10
12,9,3.08738,2.97087,3193,1645,53,51
12,10,3.92157,4.62745,1645,6330,50,59
12,11,6,6.25532,5996,1645,47,49
12,12,1.6,12,8471,5996,6,45
12,1,4.17336,1.14165,1986,8073,329,90
12,2,1.69206,1.24473,758,2386,87,64
12,3,1.71429,1.54069,3044,5996,79,71
12,4,1.64557,1.39241,1126,3019,65,55
12,5,1.70171,1.67237,6452,1645,58,57
12,6,1.90909,1.875,6330,6452,56,55
12,7,2.18919,2.06757,5303,3283,54,51
12,8,2.49796,2.6449,5996,6452,51,54
12,9,2.96907,2.96907,3019,3019,48,48
12,10,3.69863,0.657534,3193,6393,45,8
12,11,1.78218,1.18812,937,8073,15,10
12,12,1.71429,6.32967,4671,6452,13,48
12,1,4.17336,1.25581,1986,5996,329,99
12,2,1.69206,0.447326,758,6393,87,23
12,3,1.61616,1.27273,3044,5303,80,63
12,4,1.5642,1.33074,2530,2386,67,57
12,5,1.50336,1.31544,5996,6452,56,49
12,6,1.56522,1.31969,1126,8073,51,43
12,7,1.72941,1.34118,1645,3019,49,38
12,8,1.86755,1.54967,6452,3193,47,39
12,9,2.21176,1.31765,3283,8073,47,28
12,10,2.32599,2.32599,2386,2386,44,44
12,11,2.62295,2.36066,6330,5303,40,36
12,12,3.02098,3.02098,5303,5303,36,36
12,1,4.17336,1.34461,1986,3283,329,106
12,2,1.69206,1.26418,758,6452,87,65
12,3,1.71739,1.52174,3044,1126,79,70
12,4,1.71784,1.56846,5996,2386,69,63
12,5,1.94749,1.89021,6330,3283,68,66
12,6,2.20963,1.93768,5303,3019,65,57
12,7,2.47297,2.71622,1645,6330,61,67
12,8,2.56769,2.56769,3193,3193,49,49
12,9,2,4.13333,7462,5303,30,62
12,10,1.9322,0.20339,6880,6393,19,2
12,11,1.57576,0.121212,8073,6393,13,1
12,12,1.67442,5.72093,782,1645,12,41
12,1,4.17336,1.31924,1986,5303,329,104
12,2,1.69206,1.41977,758,5996,87,73
12,3,1.65441,1.45588,3044,3283,75,66
12,4,1.68201,1.6569,6330,1126,67,66
12,5,1.9562,1.78102,5303,2386,67,61
12,6,2.23256,2.12791,1126,6452,64,61
12,7,2.58657,2.45936,2386,3019,61,58
12,8,3.04,3.2,1645,1126,57,60
12,9,3.71429,0.285714,3193,6393,52,4
12,10,1.65517,6.10345,2530,2386,16,59
12,11,1.89474,11.5789,8073,1126,9,55
12,12,12,6,7462,8073,2,1
12,1,4.17336,1.30655,1986,3019,329,103
12,2,1.69206,1.14749,758,3193,87,59
12,3,1.4717,1.35849,937,6330,65,60
12,4,1.49677,0.309677,2530,6393,58,12
12,5,1.45695,1.37748,5996,6330,55,52
12,6,1.53769,1.44724,6330,1645,51,48
12,7,1.72911,1.48703,1126,8073,50,43
12,8,1.89899,1.89899,3283,3283,47,47
12,9,2.208,2.208,6452,6452,46,46
12,10,2.64706,2.11765,2386,3019,45,36
12,11,3.24528,3.16981,5303,1645,43,42
12,12,4.34483,3.72414,1645,3019,42,36
12,1,4.17336,1.25581,1986,6330,329,99
12,2,1.69206,1.20583,758,3019,87,62
12,3,1.70811,1.38378,3044,6452,79,64
12,4,1.71079,1.66191,5996,3283,70,68
12,5,1.90974,1.85273,6330,5303,67,65
12,6,2.20339,0.440678,5303,6393,65,13
12,7,2.65744,1.32872,3283,8073,64,32
12,8,3.25333,3.04,2386,1645,61,57
12,9,4.31707,4.09756,1126,1645,59,56
12,10,5.66667,1.44444,3193,8073,51,13
12,11,1.89474,11.5789,8073,1126,9,55
12,12,12,6,7462,8073,2,1
12,1,4.17336,1.30655,1986,2386,329,103
12,2,1.69206,1.34198,758,5303,87,69
12,3,1.4717,1.33585,937,6452,65,59
12,4,1.6051,1.24841,1126,3019,63,49
12,5,1.7346,1.67773,5996,6330,61,59
12,6,1.89474,1.82825,6330,3283,57,55
12,7,2.17105,1.46053,5303,8073,55,37
12,8,2.55422,1.44578,3283,8073,53,30
12,9,3.12245,1.40816,2386,8073,51,23
12,10,3.88966,3.72414,1645,3193,47,45
12,11,1.8,6.12,8073,1126,15,51
12,12,1.71429,0.244898,3044,6393,7,1
12,1,4.17336,1.28118,1986,3193,329,101
12,2,3.99053,1.49112,3044,3283,281,105
12,3,1.87234,1.51064,758,3283,88,71
12,4,1.58824,1.51261,1126,5996,63,60
12,5,1.70192,1.24038,3283,8073,59,43
12,6,1.94958,1.21008,6452,8073,58,36
12,7,2.04682,1.96656,2386,1645,51,49
12,8,2.352,2.832,6330,1126,49,59
12,9,2.95288,2.95288,5303,6330,47,47
12,10,3.83333,3.83333,3019,3019,46,46
12,11,1.71429,0.122449,937,6393,14,1
12,12,1.71429,1.28571,2530,8073,12,9
12,1,4.17336,1.35729,1986,6452,329,107
12,2,4.03337,1.38737,3044,6330,282,97
12,3,3.91375,1.53639,7462,3193,242,95
12,4,1.944,1.728,5279,3283,81,72
12,5,2.01869,1.76636,1126,5303,72,63
12,6,2.20274,2.10411,2386,3193,67,64
12,7,2.61745,2.61745,3019,3019,65,65
12,8,3.14163,2.83262,3193,5996,61,55
12,9,3.97674,3.83721,1645,5996,57,55
12,10,1.84615,5.64103,8073,1645,18,55
12,11,1.69697,6.30303,7158,1126,14,52
12,12,2.29787,1.2766,6880,6393,9,5
12,1,4.17336,1.28118,1986,3193,329,101
12,2,1.69206,1.36143,758,1126,87,70
12,3,1.7989,1.27239,3044,3019,82,58
12,4,1.52258,1.47097,5996,3283,59,57
12,5,1.70588,1.17647,6452,8073,58,40
12,6,1.66304,0.391304,6330,6393,51,12
12,7,1.9306,1.74132,2386,5303,51,46
12,8,2.0369,2.2583,3019,6452,46,51
12,9,2.34545,2.45455,1645,3019,43,45
12,10,2.67429,3.29143,3193,5996,39,48
12,11,1.67647,3.70588,782,1645,19,42
12,12,1.78723,0.12766,4905,6393,14,1
12,1,4.17336,1.30655,1986,2386,329,103
12,2,1.69206,1.20583,758,3019,87,62
12,3,1.4717,1.42642,937,5996,65,63
12,4,1.54176,1.49036,1126,6330,60,58
12,5,1.70171,1.52567,5303,2386,58,52
12,6,1.88034,1.84615,6452,1645,55,54
12,7,2.06061,2.34343,2386,1126,51,58
12,8,2.39024,1.41463,3283,8073,49,29
12,9,2.92386,1.3401,3193,8073,48,22
12,10,2.94857,2.94857,3019,3193,43,43
12,11,1.72727,0.545455,2530,6393,19,6
12,12,1.59292,4.0354,7462,1126,15,38
12,1,4.17336,1.31924,1986,1126,329,104
12,2,1.69206,1.26418,758,6452,87,65
12,3,1.4717,1.26792,937,3283,65,56
12,4,1.56962,0.278481,5996,6393,62,11
12,5,1.71845,1.54369,1126,1645,59,53
12,6,1.97167,1.66572,6452,3193,58,49
12,7,2.17105,1.81579,6330,3019,55,46
12,8,2.60241,2.60241,5303,5303,54,54
12,9,3.13846,3.26154,1645,6452,51,53
12,10,4,1.16667,2386,8073,48,14
12,11,5.5,0.5,3019,6393,44,4
12,12,1.61538,0.692308,8978,6393,7,3
12,1,4.17336,1.35729,1986,6452,329,107
12,2,1.69206,1.14749,758,3193,87,59
12,3,1.67742,1.44086,5279,5303,78,67
12,4,1.75967,1.68635,5996,6330,72,69
12,5,1.90521,1.90521,1645,1645,67,67
12,6,2.16338,2.09577,1126,2386,64,62
12,7,2.51546,2.51546,3283,3283,61,61
12,8,3.13043,0.991304,2386,8073,60,19
12,9,3.95294,3.88235,6452,3019,56,55
12,10,5.68421,5.68421,3019,3019,54,54
12,11,2.6,0.2,7462,6393,13,1
12,12,1.53191,1.53191,8073,8073,6,6
12,1,4.17336,1.14165,1986,8073,329,90
12,2,1.69206,1.41977,758,5996,87,73
12,3,1.4717,1.17736,937,3193,65,52
12,4,1.49677,1.44516,2530,1126,58,56
12,5,1.50369,0.972973,5996,3019,51,33
12,6,1.51685,1.38202,3283,3193,45,41
12,7,1.67619,1.67619,6330,6330,44,44
12,8,1.85978,1.99262,5303,3283,42,45
12,9,2.17699,0.477876,6452,6393,41,9
12,10,2.65946,1.49189,1126,8073,41,23
12,11,2.51852,2,2386,3019,34,27
12,12,3.09375,2.53125,1645,3019,33,27
12,1,4.17336,1.30655,1986,3019,329,103
12,2,1.69206,1.26418,758,6452,87,65
12,3,1.4717,1.2,937,2386,65,53
12,4,1.49677,1.31613,2530,8073,58,51
12,5,1.50725,1.24638,5996,2386,52,43
12,6,1.58491,1.58491,6330,6330,49,49
12,7,1.75155,1.63975,1126,6452,47,44
12,8,1.92,1.83273,6452,1645,44,42
12,9,2.23377,2.33766,5303,5996,43,45
12,10,2.61702,2.61702,3283,3283,41,41
12,11,3.02041,3.02041,1645,1645,37,37
12,12,3.81818,3.81818,3193,3193,35,35
12,1,4.17336,1.30655,1986,2386,329,103
12,2,1.69206,1.36143,758,1645,87,70
12,3,1.66728,1.36015,5279,6452,76,62
12,4,1.73196,1.68247,5996,6330,70,68
12,5,1.93735,1.76386,1126,2386,67,61
12,6,2.24138,0.482759,6330,6393,65,14
12,7,2.67138,2.67138,5303,5303,63,63
12,8,3.27273,1.09091,2386,8073,60,20
12,9,3.12,2.7,3283,3193,52,45
12,10,3.71613,4.02581,3019,3283,48,52
12,11,1.74757,6.29126,7906,2386,15,54
12,12,2.44898,0.979592,7462,6393,10,4
12,1,4.17336,1.34461,1986,3283,329,106
12,2,4.04286,1.14286,3044,8073,283,80
12,3,1.78815,1.37882,758,2386,83,64
12,4,1.77688,1.48479,1126,5303,73,61
12,5,1.97222,1.97222,3019,3019,71,71
12,6,2.26039,2.26039,6452,6452,68,68
12,7,2.66212,1.26962,6330,8073,65,31
12,8,3.10526,1.36842,5996,8073,59,26
12,9,3.0297,3.32673,1645,1126,51,56
12,10,3.78082,4.10959,3193,5996,46,50
12,11,1.875,5.75,6880,3193,15,46
12,12,2.64,1.2,7462,6393,11,5
12,1,4.17336,1.25581,1986,5996,329,99
12,2,1.69206,1.36143,758,1645,87,70
12,3,1.4717,1.13208,937,3019,65,50
12,4,1.55,1.55,5996,5996,62,62
12,5,1.66507,0.315789,6330,6393,58,11
12,6,1.9,1.9,5303,5303,57,57
12,7,2.21782,1.90099,1126,3193,56,48
12,8,2.49412,2.49412,3283,1645,53,53
12,9,2.9703,2.9703,6452,3283,50,50
12,10,3.86842,3.86842,2386,2386,49,49
12,11,1.63107,5.82524,2530,6452,14,50
12,12,1.48315,1.48315,8073,8073,11,11
12,1,4.17336,1.28118,1986,3193,329,101
12,2,3.99053,1.37751,3044,6330,281,97
12,3,1.87234,1.51064,758,3283,88,71
12,4,1.72819,1.55781,7462,1645,71,64
12,5,1.98601,0.643357,1126,6393,71,23
12,6,1.92118,1.7734,3019,5996,65,60
12,7,2.18497,2.01156,6330,2386,63,58
12,8,2.45833,2.29167,6452,5303,59,55
12,9,1.75107,3.19313,5424,3019,34,62
12,10,1.47368,1.19298,937,8073,21,17
12,11,1.48052,4.12987,2530,6452,19,53
12,12,1.54455,5.70297,5279,1126,13,48
12,1,4.17336,1.34461,1986,3283,329,106
12,2,1.69206,1.26418,758,6452,87,65
12,3,1.71739,1.52174,3044,1126,79,70
12,4,1.67442,1.2685,1126,8073,66,50
12,5,1.71007,1.56265,5996,5303,58,53
12,6,1.89831,0.271186,6330,6393,56,8
12,7,2.25503,2.21477,2386,3283,56,55
12,8,2.67769,2.57851,3283,1645,54,52
12,9,3.03158,3.28421,3019,5996,48,52
12,10,3.65217,0.521739,3193,6393,42,6
12,11,1.875,6.125,2530,3283,15,49
12,12,1.77778,5.33333,8978,3019,12,36
12,1,4.17336,1.34461,1986,3283,329,106
12,2,1.69206,1.36143,758,1645,87,70
12,3,1.66728,0.482633,5279,6393,76,22
12,4,1.52866,1.3758,2530,3283,60,54
12,5,1.72662,1.66906,1126,6330,60,58
12,6,1.80501,1.77159,6452,5303,54,53
12,7,2.07843,2.07843,5996,2386,53,53
12,8,2.37154,2.75099,3193,1126,50,58
12,9,2.95385,2.95385,3019,3019,48,48
12,10,1.55102,4,937,5996,19,49
12,11,1.46939,6.36735,8978,6452,12,52
12,12,1.82609,1.30435,6961,8073,7,5
12,1,4.17336,1.14165,1986,8073,329,90
12,2,1.69206,1.26418,758,6452,87,65
12,3,1.4717,1.35849,937,6330,65,60
12,4,1.49677,1.44516,2530,5996,58,56
12,5,1.55501,1.49633,1126,6330,53,51
12,6,1.67598,1.44134,5303,8073,50,43
12,7,1.6381,1.33333,6452,3019,43,35
12,8,1.8,1.71429,3283,3193,42,40
12,9,2.05,2,2386,1645,41,40
12,10,1.62,2.4,782,3283,27,40
12,11,1.38728,2.49711,4905,1126,20,36
12,12,1.2549,0.627451,8978,6393,16,8
12,1,4.17336,1.31924,1986,1126,329,104
12,2,1.69206,1.36143,758,6330,87,70
12,3,1.4717,1.35849,937,6330,65,60
12,4,1.49677,1.03226,2530,3019,58,40
12,5,1.50369,1.14988,5996,2386,51,39
12,6,1.56522,1.46739,1126,6452,48,45
12,7,1.67183,1.56037,6330,1645,45,42
12,8,1.94245,0.345324,3283,6393,45,8
12,9,2.16309,1.95708,5303,3193,42,38
12,10,2.45026,1.44503,1645,8073,39,23
12,11,2.84211,3.63158,3193,5996,36,46
12,12,3.50943,1.58491,3019,8073,31,14
12,1,4.17336,1.14165,1986,8073,329,90
12,2,1.69206,1.16694,758,8073,87,60
12,3,1.72352,1.24955,3044,3019,80,58
12,4,1.55975,1.35849,2530,6452,62,54
12,5,1.64539,1.47518,1126,6330,58,52
12,6,1.74663,0.38814,5996,6393,54,12
12,7,1.9306,1.74132,2386,5303,51,46
12,8,2.16974,2.16974,3283,3283,49,49
12,9,2.54054,0.378378,3019,6393,47,7
12,10,2.88,3.29143,3193,1126,42,48
12,11,3.77953,0.188976,1645,6393,40,2
12,12,1.7931,0.275862,4905,6393,13,2
12,1,4.17336,1.30655,1986,3019,329,103
12,2,4.07117,1.15302,3044,8073,286,81
12,3,1.76661,1.40036,5279,2386,82,65
12,4,1.64211,1.33895,6452,5996,65,53
12,5,1.64929,1.81991,1126,6452,58,64
12,6,1.84358,1.81006,3283,2386,55,54
12,7,2.09901,2.09901,6330,2386,53,53
12,8,2.544,2.688,2386,1126,53,56
12,9,3.03093,3.27835,5303,2386,49,53
12,10,3.88966,1.15862,1645,8073,47,14
12,11,5.63265,6.36735,3193,2386,46,52
12,12,1.82609,1.04348,6961,8073,7,4
12,1,4.17336,1.35729,1986,6452,329,107
12,2,1.69206,1.14749,758,3193,87,59
12,3,1.67742,0.451613,5279,6393,78,21
12,4,1.575,1.275,937,3019,63,51
12,5,1.70629,1.70629,1645,1645,61,61
12,6,1.8913,1.8913,6330,6330,58,58
12,7,2.09032,1.2,5996,8073,54,31
12,8,2.10753,2.02151,2386,5303,49,47
12,9,2.50435,2.45217,6452,5303,48,47
12,10,3.0989,0.395604,1126,6393,47,6
12,11,4.08889,0.444444,3283,6393,46,5
12,12,5.79775,5.79775,5303,5303,43,43
12,1,4.17336,1.31924,1986,5303,329,104
12,2,1.69206,1.41977,758,5996,87,73
12,3,1.65441,1.5,3044,6330,75,68
12,4,1.61194,1.43284,2530,5303,63,56
12,5,1.59606,1.30049,1126,3193,54,44
12,6,1.62431,0.464088,6452,6393,49,14
12,7,1.87859,1.61022,3283,3019,49,42
12,8,2.09091,0.454545,6330,6393,46,10
12,9,2.47706,1.54128,5303,8073,45,28
12,10,2.65263,2.46316,2386,5303,42,39
12,11,2.9404,2.9404,3019,1645,37,37
12,12,3.78947,4.42105,1645,2386,36,42
12,1,4.17336,1.30655,1986,3019,329,103
12,2,1.69206,1.36143,758,1645,87,70
12,3,1.66728,1.29433,5279,3193,76,59
12,4,1.52866,1.3758,2530,3283,60,54
12,5,1.54745,1.51825,937,1126,53,52
12,6,1.70474,1.33705,6330,3019,51,40
12,7,1.84326,1.57994,6452,3193,49,42
12,8,2.17778,1.95556,5996,5303,49,44
12,9,2.55204,2.60633,2386,6330,47,48
12,10,3.10345,1.24138,3283,8073,45,18
12,11,2.92308,2.92308,5303,5303,38,38
12,12,3.66102,0.20339,3193,6393,36,2
12,1,4.17336,1.14165,1986,8073,329,90
12,2,1.69206,1.14749,758,3193,87,59
12,3,1.4717,0.29434,937,6393,65,13
12,4,1.49677,1.03226,2530,3019,58,40
12,5,1.50369,1.14988,5996,2386,51,39
12,6,1.51685,1.48315,3283,6330,45,44
12,7,1.73633,1.27331,1126,8073,45,33
12,8,1.98496,0.315789,6452,6393,44,7
12,9,2.27027,2.16216,6330,1645,42,40
12,10,2.73333,2.73333,5303,5303,41,41
12,11,3.36691,3.36691,1645,1645,39,39
12,12,4.44,3.6,2386,3019,37,30
12,1,4.17336,1.14165,1986,8073,329,90
12,2,1.69206,1.24473,758,2386,87,64
12,3,1.71429,1.49729,3044,1126,79,69
12,4,1.76033,1.71074,6880,1645,71,69
12,5,1.96627,1.87952,6330,5996,68,65
12,6,2.22857,2.26286,5303,6330,65,66
12,7,2.52632,0.505263,6452,6393,60,12
12,8,3.14667,2.82667,3283,3019,59,53
12,9,3.34884,3.34884,3193,3193,48,48
12,10,1.74194,5.70968,5279,3283,18,59
12,11,2.03077,1.10769,7462,8073,11,6
12,12,1.55556,0.222222,2530,6393,7,1
12,1,4.17336,1.35729,1986,6452,329,107
12,2,1.69206,1.14749,758,3193,87,59
12,3,1.67742,1.48387,5279,6330,78,69
12,4,1.74233,1.69325,5996,1645,71,69
12,5,1.85714,1.94286,5303,5996,65,68
12,6,2.16338,1.99437,1126,3019,64,59
12,7,2.51351,2.22973,3283,6452,62,55
12,8,3.12821,3.12821,2386,2386,61,61
12,9,3.81503,4.02312,6452,1126,55,58
12,10,2.1913,1.14783,7462,8073,21,11
12,11,1.84615,5.76923,6880,6452,16,50
12,12,2,11.7778,5424,5996,9,53
12,1,4.17336,1.35729,1986,1645,329,107
12,2,1.69206,1.36143,758,6330,87,70
12,3,1.6234,1.27239,6880,3193,74,58
12,4,1.74233,1.20245,5996,8073,71,49
12,5,1.71818,1.52727,5279,6452,63,56
12,6,1.65517,1.71883,1645,5996,52,54
12,7,1.85759,1.85759,6452,2386,50,50
12,8,2.1978,2.1978,3283,2386,50,50
12,9,2.47534,2.42152,3019,5303,46,45
12,10,3.03371,0.337079,1126,6393,45,5
12,11,1.71429,4.33083,2530,3283,19,48
12,12,1.97647,6.07059,937,3019,14,43
12,1,4.17336,1.14165,1986,8073,329,90
12,2,1.69206,1.24473,758,2386,87,64
12,3,1.4717,1.26792,937,3283,65,56
12,4,1.49677,1.03226,2530,3019,58,40
12,5,1.55294,0.310588,5996,6393,55,11
12,6,1.68649,1.52432,1126,1645,52,47
12,7,1.88679,1.84906,6330,5303,50,49
12,8,2.19403,2.01493,5303,2386,49,45
12,9,2.63014,2.52055,3283,6452,48,46
12,10,3.22807,3.08772,6452,1645,46,44
12,11,4.32,4.032,2386,1645,45,42
12,12,5.63855,5.63855,3193,3193,39,39
12,1,4.17336,1.30655,1986,3019,329,103
12,2,1.69206,1.26418,758,6452,87,65
12,3,1.71739,1.56522,3044,5996,79,72
12,4,1.675,1.675,6330,1126,67,67
12,5,1.88862,1.88862,5303,5303,65,65
12,6,2.2069,2.10345,3283,2386,64,61
12,7,2.53521,0.295775,2386,6393,60,7
12,8,3.10714,3.10714,1645,1645,58,58
12,9,3.83133,0.433735,3019,6393,53,6
12,10,5.09735,0.318584,3193,6393,48,3
12,11,2.03077,1.10769,7462,8073,11,6
12,12,1.55556,0.222222,5279,6393,7,1
12,1,4.17336,1.30655,1986,3019,329,103
12,2,1.69206,1.41977,758,5996,87,73
12,3,1.4717,1.31321,937,5303,65,58
12,4,1.49677,1.03226,2530,3019,58,40
12,5,1.50369,0.324324,5996,6393,51,11
12,6,1.39394,1.51515,1126,5996,46,50
12,7,1.54286,1.61143,1645,5996,45,47
12,8,1.6918,1.21967,6330,8073,43,31
12,9,1.92366,1.37405,3283,3019,42,30
12,10,2.18182,1.63636,6452,3019,40,30
12,11,2.4,2.77895,5303,5996,38,44
12,12,3.0411,3.12329,3193,5303,37,38
12,1,4.17336,1.30655,1986,3019,329,103
12,2,1.69206,1.14749,758,3193,87,59
12,3,1.4717,0.29434,937,6393,65,13
12,4,1.49677,1.36774,2530,6330,58,53
12,5,1.50369,1.41523,5996,1126,51,48
12,6,1.50418,1.60446,6452,5996,45,48
12,7,1.71975,1.18471,3283,3019,45,31
12,8,1.96283,1.829,6330,1645,44,41
12,9,2.18667,1.22667,5303,8073,41,23
12,10,2.6087,0.0652174,1645,6393,40,1
12,11,3.16667,3.16667,2386,2386,38,38
12,12,3.73585,0.113208,3193,6393,33,1
12,1,4.17336,1.25581,1986,6330,329,99
12,2,1.69206,1.26418,758,6452,87,65
12,3,1.71739,1.3913,3044,2386,79,64
12,4,1.72131,1.69672,5996,6330,70,69
12,5,1.94749,1.86158,1126,1645,68,65
12,6,2.20339,1.22034,5303,8073,65,36
12,7,2.53287,0.415225,3283,6393,61,10
12,8,3.10526,1.15789,3019,8073,59,22
12,9,3.6213,0.284024,3193,6393,51,4
12,10,1.72881,0.305085,7462,6393,17,3
12,11,1.66337,0.237624,8073,6393,14,2
12,12,1.7931,0.275862,782,6393,13,2
12,1,4.17336,1.14165,1986,8073,329,90
12,2,1.69206,1.32253,758,3283,87,68
12,3,1.4717,1.26792,937,8073,65,56
12,4,1.49677,1.44516,2530,5996,58,56
12,5,1.50369,1.50369,5996,5996,51,51
12,6,1.51685,0.337079,3283,6393,45,10
12,7,1.73633,1.27331,1126,3019,45,33
12,8,1.89928,0.345324,6330,6393,44,8
12,9,2.20513,0.410256,5303,6393,43,8
12,10,2.12389,2.12389,6452,6452,40,40
12,11,2.45161,2.45161,3193,2386,38,38
12,12,3,3.32432,1645,1126,37,41
12,1,4.17336,1.35729,1986,6452,329,107
12,2,4.03337,1.48749,3044,1645,282,104
12,3,1.93896,1.4219,5279,5996,90,66
12,4,1.61884,1.36188,1126,5303,63,53
12,5,1.62319,0.318841,6330,6393,56,11
12,6,1.87709,1.7095,3019,5996,56,51
12,7,2.11075,2.11075,2386,2386,54,54
12,8,2.4664,2.27668,3283,3193,52,48
12,9,3.0439,3.0439,1645,1645,52,52
12,10,1.80392,4.15686,2530,1126,23,53
12,11,1.66154,4.15385,8073,3019,18,45
12,12,1.69412,0.564706,8978,6393,12,4
12,1,4.17336,1.35729,1986,1645,329,107
12,2,1.69206,1.24473,758,2386,87,64
12,3,1.4717,1.31321,937,5303,65,58
12,4,1.49677,1.29032,2530,6452,58,50
12,5,1.61928,1.41687,1126,5303,56,49
12,6,1.73816,1.70474,5996,6330,52,51
12,7,1.90909,1.48052,3283,3019,49,38
12,8,2.17761,2.17761,5303,5303,47,47
12,9,2.60377,1.30189,2386,8073,46,23
12,10,2.4127,2.15873,1645,3019,38,34
12,11,2.70968,2.70968,3193,3193,35,35
12,12,1.4,3.7,4905,1645,14,37
13,1,4.52114,1.42918,1986,1126,329,104
13,2,1.83306,0.632091,758,4585,87,30
13,3,1.59434,1.54528,937,1126,65,63
13,4,1.67024,0.222698,5996,1806,60,8
13,5,1.85258,1.72482,6452,3283,58,54
13,6,2.06232,1.80453,6330,3193,56,49
13,7,2.30921,2.09539,5303,2386,54,49
13,8,2.704,2.34,1645,3019,52,45
13,9,3.15152,0.328283,2386,1806,48,5
13,10,3.81333,3.81333,3019,3019,44,44
13,11,1.71698,0.122642,3044,4585,14,1
13,12,1.83696,6.3587,4671,6330,13,45
13,13,1.65957,12.4468,8978,6452,6,45
13,1,4.52114,1.38795,1986,3193,329,101
13,2,1.83306,1.47488,758,6330,87,70
13,3,1.75868,1.37843,6880,3193,74,58
13,4,1.88753,0.159509,5996,6841,71,6
13,5,2.05263,2.02153,5303,3283,66,65
13,6,2.28329,2.28329,1645,1645,62,62
13,7,2.72509,0.804124,1126,4585,61,18
13,8,3.27826,3.05217,6452,3019,58,54
13,9,4.28409,0.221591,2386,6841,58,3
13,10,2.20339,0.440678,1636,1806,20,4
13,11,1.85714,0.397959,782,1806,14,3
13,12,1.85714,0.309524,4671,1806,12,2
13,13,1.7439,0.634146,4905,4585,11,4
13,1,4.52114,1.42918,1986,5303,329,104
13,2,1.83306,1.43274,758,3283,87,68
13,3,1.59434,1.4717,937,6330,65,60
13,4,1.71489,1.68723,1126,5996,62,61
13,5,1.84352,1.87531,5303,1126,58,59
13,6,2.11714,0.222857,6452,1806,57,6
13,7,2.35154,2.04096,3283,3193,53,46
13,8,2.70833,0.325,2386,4585,50,6
13,9,3.35263,0.342105,1645,4585,49,5
13,10,4.14894,0.276596,3193,4585,45,3
13,11,4.14493,4.23913,3019,3193,44,45
13,12,1.8172,0.419355,7462,1806,13,3
13,13,1.7875,0,2530,1806,11,0
13,1,4.52114,1.41543,1986,2386,329,103
13,2,4.30249,1.51127,3044,3193,279,98
13,3,2.00532,1.56738,5279,1645,87,68
13,4,1.74423,1.55346,6452,3019,64,57
13,5,1.8881,1.98095,1126,6452,61,64
13,6,2.10028,1.99164,1645,3283,58,55
13,7,2.37542,2.15947,6330,3283,55,50
13,8,2.69512,3.11789,5303,6452,51,59
13,9,3.40642,0.208556,3283,6841,49,3
13,10,4.23913,0.188406,3193,1806,45,2
13,11,6.15054,0,5996,4585,44,0
13,12,1.85714,0.530612,8073,6841,7,2
13,13,1.85714,0,6866,4585,6,0
13,1,4.52114,0.632135,1986,1806,329,46
13,2,1.83306,1.24311,758,3193,87,59
13,3,1.59434,1.44717,937,1645,65,59
13,4,1.62151,1.56559,2530,1126,58,56
13,5,1.6846,0.349633,5996,4585,53,11
13,6,1.82584,1.38764,6330,3019,50,38
13,7,2.0817,2.0817,5303,3283,49,49
13,8,2.42802,0.252918,3283,1806,48,5
13,9,2.4246,2.16667,1645,3193,47,42
13,10,2.79024,2.85366,6452,3283,44,45
13,11,3.49375,2.84375,2386,3019,43,35
13,12,4.264,4.472,3193,2386,41,43
13,13,1.70238,6.34524,782,6452,11,41
13,1,4.52114,1.36047,1986,6330,329,99
13,2,1.83306,1.36953,758,6452,87,65
13,3,1.86051,0.63587,3044,4585,79,27
13,4,1.81395,1.59408,1126,3283,66,58
13,5,1.85258,0.223587,5996,4585,58,7
13,6,2.08596,1.97421,3283,5303,56,53
13,7,2.37162,2.37162,6330,6330,54,54
13,8,2.90083,2.90083,2386,2386,54,54
13,9,3.45745,3.25,1645,3019,50,47
13,10,4.33333,4.33333,3019,3019,46,46
13,11,5.79348,0.282609,3193,1806,41,2
13,12,1.78431,0.254902,8978,4585,7,1
13,13,1.77273,0.590909,8073,6841,6,2
13,1,4.52114,1.45666,1986,3283,329,106
13,2,1.83306,1.34846,758,2386,87,64
13,3,1.59434,1.54528,937,1126,65,63
13,4,1.67024,1.6424,5996,1645,60,59
13,5,1.85258,1.62899,6452,2386,58,51
13,6,2.08146,0.365169,6330,4585,57,10
13,7,2.06647,2.14162,5303,6330,55,57
13,8,2.32302,2.54639,1645,6330,52,57
13,9,2.50209,3.04603,3193,6330,46,56
13,10,3.12568,3.19672,3283,3193,44,45
13,11,4.11511,0.0935252,3019,6841,44,1
13,12,1.77895,6.97895,2530,6452,13,51
13,13,2.06818,0.295455,6961,6841,7,1
13,1,4.52114,1.38795,1986,3193,329,101
13,2,1.83306,0.379254,758,1806,87,18
13,3,1.59434,1.3,937,2386,65,53
13,4,1.62151,1.31398,2530,3193,58,47
13,5,1.62899,1.2457,5996,2386,51,39
13,6,1.64326,1.20506,3283,3019,45,33
13,7,1.7709,1.7709,6330,6330,44,44
13,8,2.05018,1.91039,5303,1645,44,41
13,9,2.3234,2.10213,1126,3193,42,38
13,10,2.76166,2.76166,6452,6452,41,41
13,11,3.42105,0.0855263,1645,6841,40,1
13,12,4.29464,4.29464,2386,2386,37,37
13,13,5.54667,5.54667,3193,3193,32,32
13,1,4.52114,1.42918,1986,5303,329,104
13,2,1.83306,1.43274,758,3283,87,68
13,3,1.59434,1.37358,937,3283,65,56
13,4,1.62151,1.39785,2530,6452,58,50
13,5,1.75422,1.72289,1126,5996,56,55
13,6,1.88301,0.362117,5996,4585,52,10
13,7,2.11726,1.7785,3283,3193,50,42
13,8,2.40377,0.490566,6330,4585,49,10
13,9,2.76852,0.601852,5303,4585,46,10
13,10,3.44118,0.0764706,1645,6841,45,1
13,11,4.472,0.624,2386,4585,43,6
13,12,3.71429,0.109244,3019,6841,34,1
13,13,1.65254,3.74576,8073,3019,15,34
13,1,4.52114,1.36047,1986,6330,329,99
13,2,4.40496,0.4451,3044,6841,287,29
13,3,1.99643,0.348214,5279,1806,86,15
13,4,1.72785,1.50844,6452,5303,63,55
13,5,1.92944,1.61314,1126,3193,61,51
13,6,2.02222,2.02222,3019,1645,56,56
13,7,2.35197,0.256579,3283,6841,55,6
13,8,2.66265,0.261044,2386,6841,51,5
13,9,3.28283,3.67677,5303,1126,50,56
13,10,4.30405,4.30405,5996,5996,49,49
13,11,6.0404,0.787879,1645,4585,46,6
13,12,1.96226,0.490566,8073,6841,8,2
13,13,2.03922,0.254902,2530,1806,8,1
13,1,4.52114,1.4704,1986,1645,329,107
13,2,4.323,1.59595,3044,1126,279,103
13,3,2.04286,1.64821,5279,3019,88,71
13,4,1.73517,1.54237,1126,3019,63,56
13,5,1.9375,1.90625,6452,1126,62,61
13,6,2.01977,1.94633,6330,2386,55,53
13,7,2.30435,0.26087,2386,4585,53,6
13,8,2.69512,0.158537,5303,1806,51,3
13,9,3.2,0.266667,5996,6841,48,4
13,10,4.15646,4.15646,3283,3193,47,47
13,11,6.11,0.26,3193,1806,47,2
13,12,1.96226,0.490566,8073,6841,8,2
13,13,2.31111,12.7111,2530,1126,8,44
13,1,4.52114,1.36047,1986,5996,329,99
13,2,1.83306,1.36953,758,6452,87,65
13,3,1.59434,0.122642,937,6841,65,5
13,4,1.62151,0.391398,2530,4585,58,14
13,5,1.62899,1.43735,5996,6452,51,45
13,6,1.72376,0.107735,1126,6841,48,3
13,7,1.86306,1.61465,3283,2386,45,39
13,8,2.12639,1.73978,6330,3193,44,36
13,9,2.36889,1.79111,5303,3019,41,31
13,10,2.82609,2.19022,1645,3019,40,31
13,11,3.31373,0.0849673,2386,6841,39,1
13,12,3.64912,0.114035,3193,1806,32,1
13,13,1.58537,6.97561,8073,5996,10,44
13,1,4.52114,1.45666,1986,3283,329,106
13,2,1.83306,1.24311,758,3193,87,59
13,3,1.59434,1.44717,937,6452,65,59
13,4,1.73885,1.54565,1126,5303,63,56
13,5,1.94217,1.72289,5996,3283,62,55
13,6,2.09915,0.110482,6330,6841,57,3
13,7,2.3277,2.06419,3283,3019,53,47
13,8,2.71486,2.71486,2386,2386,52,52
13,9,3.29949,2.96954,1645,3193,50,45
13,10,3.97959,3.97959,3193,3193,45,45
13,11,1.91176,6.2451,8073,3283,15,49
13,12,1.96226,12.5094,2530,1126,8,51
13,13,13,6.5,7462,1806,2,1
13,1,4.52114,1.36047,1986,6330,329,99
13,2,4.40496,0.644628,3044,1806,287,42
13,3,1.99643,1.64821,5279,3283,86,71
13,4,1.72785,0.411392,6452,4585,63,15
13,5,1.6427,1.6427,1645,1645,58,58
13,6,1.78304,1.62095,1126,3283,55,50
13,7,1.99133,1.72832,2386,5996,53,46
13,8,2.25333,0.173333,5303,6841,52,4
13,9,2.62097,2.56855,3019,3193,50,49
13,10,3.13568,0.522613,3283,1806,48,8
13,11,1.80795,4.30464,937,2386,21,50
13,12,1.80198,6.30693,2630,3019,14,49
13,13,1.75,12.5,8978,6452,7,50
13,1,4.52114,1.4704,1986,6452,329,107
13,2,1.83306,1.47488,758,1645,87,70
13,3,1.59434,1.4717,937,6330,65,60
13,4,1.71489,1.71489,1126,1126,62,62
13,5,1.84804,1.52941,6452,3019,58,48
13,6,2.05833,2.05833,5996,1645,57,57
13,7,2.35974,0.214521,5303,1806,55,5
13,8,2.67339,2.62097,2386,3283,51,50
13,9,2.95455,3.28283,3193,2386,45,50
13,10,1.58108,0.0878378,7462,4585,18,1
13,11,1.6,0.1,6961,6841,16,1
13,12,1.59649,4.44737,4671,5996,14,39
13,13,1.90667,5.89333,2530,3193,11,34
13,1,4.52114,1.41543,1986,2386,329,103
13,2,1.83306,0.147488,758,6841,87,7
13,3,1.59434,1.37358,937,3283,65,56
13,4,1.62151,1.31398,2530,3193,58,47
13,5,1.62899,1.43735,5996,6452,51,45
13,6,1.64326,1.60674,3283,6330,45,44
13,7,1.88103,0.209003,1126,1806,45,5
13,8,2.15038,2.1015,6452,6330,44,43
13,9,2.45946,0.117117,6330,6841,42,2
13,10,2.96111,2.6,5303,3193,41,36
13,11,3.52083,3.52083,1645,1645,39,39
13,12,4.45714,0.371429,2386,4585,36,3
13,13,5.46377,5.46377,3019,3019,29,29
13,1,4.52114,1.4704,1986,6452,329,107
13,2,1.83306,1.36953,758,6452,87,65
13,3,1.59434,1.27547,937,3193,65,52
13,4,1.71339,1.52301,5996,5303,63,56
13,5,1.78554,0.46988,6330,4585,57,15
13,6,2.03352,2.03352,5303,5303,56,56
13,7,2.36755,2.36755,1126,1126,55,55
13,8,2.84211,0.315789,1645,1806,54,6
13,9,3.43523,3.30052,6452,2386,51,49
13,10,4.33333,0.541667,3283,4585,48,6
13,11,5.95833,0.541667,3019,1806,44,4
13,12,1.75,0.25,8978,4585,7,1
13,13,2.02222,0.288889,7462,4585,7,1
13,1,4.52114,1.4704,1986,1645,329,107
13,2,4.323,1.59595,3044,1126,279,103
13,3,2.04286,0.394643,5279,1806,88,17
13,4,1.73517,1.40466,1126,3283,63,51
13,5,1.97066,1.71638,6452,3019,62,54
13,6,2.02305,1.79827,3019,5996,54,48
13,7,2.35154,2.35154,6330,2386,53,53
13,8,2.87083,2.87083,2386,2386,53,53
13,9,3.40642,0,5303,4585,49,0
13,10,4.52174,4.14493,3283,3193,48,44
13,11,6.2234,0,5996,4585,45,0
13,12,2.12245,12.4694,8978,3283,8,47
13,13,2.21951,0,2530,4585,7,0
13,1,4.52114,1.42918,1986,5303,329,104
13,2,1.83306,1.30632,758,3019,87,62
13,3,1.59434,1.3,937,2386,65,53
13,4,1.62151,0.083871,2530,6841,58,3
13,5,1.62899,1.40541,5996,5303,51,44
13,6,1.6832,1.61157,1126,1645,47,45
13,7,1.83962,0.327044,6330,1806,45,8
13,8,2,2.2381,3283,5996,42,47
13,9,2.35841,2.41593,6452,3283,41,42
13,10,2.6,0.562162,3193,4585,37,8
13,11,3.16216,2.63514,2386,3019,36,30
13,12,1.87288,4.29661,8073,1126,17,39
13,13,1.64557,0.329114,4905,1806,10,2
13,1,4.52114,2.04757,1986,4585,329,149
13,2,1.83306,1.24311,758,3193,87,59
13,3,1.59434,1.54528,937,5996,65,63
13,4,1.67024,1.61456,1126,5303,60,58
13,5,1.85258,0.351351,6452,4585,58,11
13,6,2.08596,2.01146,6330,3283,56,54
13,7,2.37966,0.132203,5303,6841,54,3
13,8,2.6971,0.107884,2386,6841,50,2
13,9,3.33508,3.33508,1645,1645,49,49
13,10,4.02817,0.0915493,3193,6841,44,1
13,11,5.70408,5.70408,3019,3019,43,43
13,12,2.12727,12.5273,3044,6330,9,53
13,13,1.69565,0,4671,4585,6,0
13,1,4.52114,1.38795,1986,3193,329,101
13,2,1.83306,1.43274,758,3283,87,68
13,3,1.79964,0.142077,3044,6841,76,6
13,4,1.78647,1.59408,1126,6452,65,58
13,5,1.84804,0.286765,6452,1806,58,9
13,6,2.11714,1.93143,5996,5303,57,52
13,7,2.39933,2.39933,6330,2386,55,55
13,8,2.94239,0.26749,2386,1806,55,5
13,9,3.3883,3.31915,3019,1645,49,48
13,10,3.9,4.45714,3193,3019,42,48
13,11,1.97826,0.282609,6961,1806,14,2
13,12,1.73333,6.93333,4905,5996,12,48
13,13,2.16667,0,2530,4585,7,0
13,1,4.52114,1.4704,1986,1645,329,107
13,2,1.83306,1.53809,758,5996,87,73
13,3,1.79228,0.716912,3044,4585,75,30
13,4,1.66926,1.5428,2530,6452,66,61
13,5,1.68304,0.145089,5303,6841,58,5
13,6,1.9,0.133333,6330,6841,57,4
13,7,2.06907,1.95195,1645,2386,53,50
13,8,2.34276,2.29682,6452,3283,51,50
13,9,2.73391,0.111588,1126,6841,49,2
13,10,3.17935,0.423913,3019,1806,45,6
13,11,4.02158,4.02158,3193,3193,43,43
13,12,1.89583,0.40625,7462,1806,14,3
13,13,1.7439,0.158537,937,6841,11,1
13,1,4.52114,0.439746,1986,6841,329,32
13,2,1.83306,1.30632,758,3019,87,62
13,3,1.59434,1.4717,937,6330,65,60
13,4,1.62151,1.39785,2530,6452,58,50
13,5,1.75422,1.62892,1126,6330,56,52
13,6,1.89807,0.465565,5996,4585,53,13
13,7,1.74571,0.26,5303,1806,47,7
13,8,1.70554,1.89504,3193,1126,45,50
13,9,1.91946,1.91946,3283,1645,44,44
13,10,2.20079,2.25197,2386,5303,43,44
13,11,2.52607,2.1564,1645,3019,41,35
13,12,2.6,0.229412,3019,6841,34,3
13,13,1.52941,4.39706,4905,1126,16,46
13,1,4.52114,2.04757,1986,4585,329,149
13,2,1.83306,1.45381,758,5303,87,69
13,3,1.59434,1.44717,937,6452,65,59
13,4,1.73885,0.138004,1126,6841,63,5
13,5,1.8799,1.78431,5996,1645,59,56
13,6,2.08596,0.111748,6330,6841,56,3
13,7,2.44027,2.2628,5303,2386,55,51
13,8,2.79339,2.41736,3283,3193,52,45
13,9,3.43147,0.13198,1645,6841,52,2
13,10,3.94483,4.3931,3019,3283,44,49
13,11,1.76042,0.270833,7462,6841,13,2
13,12,1.87952,0,2530,1806,12,0
13,13,1.64789,0.183099,8073,6841,9,1
13,1,4.52114,1.36047,1986,6330,329,99
13,2,1.83306,1.34846,758,2386,87,64
13,3,1.85714,1.62206,3044,1645,79,69
13,4,1.7827,0.164557,1126,6841,65,6
13,5,1.84352,1.74817,6452,5303,58,55
13,6,2.09322,0.257062,6330,1806,57,7
13,7,2.40741,2.40741,5996,6452,55,55
13,8,2.84711,0.322314,3283,4585,53,6
13,9,3.30159,3.30159,3019,3019,48,48
13,10,4.33333,3.96454,1645,3193,47,43
13,11,1.72449,0.132653,937,6841,13,1
13,12,1.52941,0.152941,782,6841,10,1
13,13,1.38667,0.52,4671,4585,8,3
13,1,4.52114,1.41543,1986,3019,329,103
13,2,1.83306,1.43274,758,3283,87,68
13,3,1.79964,1.4918,3044,2386,76,63
13,4,1.84568,1.73868,6330,1645,69,65
13,5,2.1199,1.9952,5303,6452,68,64
13,6,2.45845,2.45845,5996,5996,66,66
13,7,2.89399,2.89399,1126,1126,63,63
13,8,3.60455,0.0590909,6452,6841,61,1
13,9,4.66038,0.081761,1645,6841,57,1
13,10,6.7549,6.11765,3019,3193,53,48
13,11,12.4694,0.265306,3193,6841,47,1
13,12,13,0,7462,4585,2,0
13,13,0,0,9730,1806,1,0
13,1,4.52114,0.439746,1986,6841,329,32
13,2,1.83306,1.43274,758,3283,87,68
13,3,1.59434,0.367925,937,4585,65,15
13,4,1.59029,1.43883,5996,1645,63,57
13,5,1.67467,1.56114,6330,6452,59,55
13,6,1.88972,1.88972,1126,1126,58,58
13,7,2.05865,1.79179,6452,3283,54,47
13,8,2.3554,2.26481,5303,2386,52,50
13,9,2.76596,2.43404,2386,3019,50,44
13,10,3.13089,3.67539,3283,5996,46,54
13,11,4.08029,4.64964,3193,2386,43,49
13,12,1.79787,0.276596,782,6841,13,2
13,13,1.60494,6.74074,8978,2386,10,42
13,1,4.52114,0.632135,1986,1806,329,46
13,2,1.83306,1.36953,758,6452,87,65
13,3,1.86051,1.43659,3044,3019,79,61
13,4,1.81395,1.5666,1126,6330,66,57
13,5,1.84375,0.34375,5996,1806,59,11
13,6,2.03922,2.03922,3283,3283,56,56
13,7,2.33223,2.63455,2386,1126,54,61
13,8,2.81667,2.6,5303,3019,52,48
13,9,3.25,3.25,3019,3019,47,47
13,10,4.24113,3.87234,1645,3193,46,42
13,11,1.70707,6.82828,782,2386,13,52
13,12,1.93617,0.276596,8073,6841,7,1
13,13,1.625,0.325,7462,6841,5,1
13,1,4.52114,1.42918,1986,1126,329,104
13,2,1.83306,1.47488,758,1126,87,70
13,3,1.94881,1.61609,3044,5303,82,68
13,4,1.87265,0.569937,6330,4585,69,21
13,5,2.12439,1.80732,5996,3019,67,57
13,6,2.43059,2.39377,1645,3283,66,65
13,7,2.80836,0.135889,2386,6841,62,3
13,8,3.46667,3.46667,3283,5996,60,60
13,9,4.5697,0.315152,6452,1806,58,4
13,10,3.95652,4.60248,3193,3283,49,57
13,11,1.625,6.125,8978,3193,13,49
13,12,2.12727,0.709091,8423,4585,9,3
13,13,1.97826,0.282609,4671,6841,7,1
13,1,4.52114,2.04757,1986,4585,329,149
13,2,1.83306,1.53809,758,5996,87,73
13,3,1.59434,0.367925,937,4585,65,15
13,4,1.62151,1.39785,2530,1645,58,50
13,5,1.62899,0.0958231,5996,6841,51,3
13,6,1.64326,0.0730337,3283,6841,45,2
13,7,1.88103,1.88103,1126,1126,45,45
13,8,2.15038,2.05263,6452,5303,44,42
13,9,2.49554,2.49554,6330,6330,43,43
13,10,2.87293,0.0718232,1645,6841,40,1
13,11,3.41135,0.184397,2386,4585,37,2
13,12,4.375,0.375,3193,1806,35,3
13,13,3.73267,3.73267,3019,3019,29,29
13,1,4.52114,1.4704,1986,6452,329,107
13,2,1.83306,1.36953,758,6452,87,65
13,3,1.86051,1.50725,3044,2386,79,64
13,4,1.86475,1.7582,5996,1645,70,66
13,5,2.08373,1.71053,6330,3193,67,55
13,6,2.44444,2.33333,5303,1645,66,63
13,7,2.93403,2.61806,1126,3019,65,58
13,8,3.43946,3.43946,3283,3283,59,59
13,9,4.28049,4.91463,3019,5303,54,62
13,10,6.11765,6.11765,3193,3193,48,48
13,11,2.40741,0.240741,7462,6841,10,1
13,12,2.65909,0,2530,1806,9,0
13,13,2.6,0.371429,937,6841,7,1
13,1,4.52114,1.45666,1986,3283,329,106
13,2,1.83306,0.379254,758,1806,87,18
13,3,1.59434,1.37358,937,3283,65,56
13,4,1.70042,1.61814,5996,6452,62,59
13,5,1.94217,1.56627,1126,3193,62,50
13,6,2.03014,2.1726,6330,5996,57,61
13,7,2.23701,2.49026,5303,5996,53,59
13,8,2.61044,0.522088,2386,4585,50,10
13,9,3.20101,0.19598,1645,6841,49,3
13,10,3.98667,3.98667,3019,3019,46,46
13,11,1.75,6.5,2530,1126,14,52
13,12,1.73333,0.288889,8073,1806,12,2
13,13,1.66667,0.333333,782,1806,10,2
13,1,4.52114,1.36047,1986,6330,329,99
13,2,1.83306,0.147488,758,6841,87,7
13,3,1.59434,1.54528,937,5996,65,63
13,4,1.67024,1.55889,1126,1645,60,56
13,5,1.80292,0.126521,6330,6841,57,4
13,6,2.09322,1.76271,5303,3019,57,48
13,7,2.29412,0.297386,6452,1806,54,7
13,8,2.63095,2.63095,3283,2386,51,51
13,9,3.23383,0.258706,2386,1806,50,4
13,10,4.04636,0.172185,3193,1806,47,2
13,11,1.75,0.625,2530,4585,14,5
13,12,1.73333,0.722222,8073,4585,12,5
13,13,1.66667,0.5,782,6841,10,3
13,1,4.52114,1.42918,1986,5303,329,104
13,2,1.83306,0.379254,758,1806,87,18
13,3,1.75793,1.4975,3044,1645,81,69
13,4,1.65637,1.4305,2530,6452,66,57
13,5,1.58186,0.373894,5996,4585,55,13
13,6,1.70277,1.60453,1126,5303,52,49
13,7,1.88406,1.8087,6452,5303,50,48
13,8,2.11525,2.02712,1645,5303,48,46
13,9,2.40161,0.156627,6330,6841,46,3
13,10,2.94581,2.30542,3283,3019,46,36
13,11,3.72611,0.165605,2386,6841,45,2
13,12,4.17857,0.116071,3019,6841,36,1
13,13,5.81579,7.01316,3193,1645,34,41
13,1,4.52114,1.45666,1986,3283,329,106
13,2,1.83306,1.34846,758,2386,87,64
13,3,1.59434,1.44717,937,6452,65,59
13,4,1.73885,0.138004,1126,6841,63,5
13,5,1.70172,1.36695,5996,3019,61,49
13,6,1.82963,1.76543,6330,5303,57,55
13,7,2.00571,1.74571,3283,3019,54,47
13,8,2.23102,2.0165,1645,3193,52,47
13,9,2.53906,2.84375,2386,6330,50,56
13,10,1.69,3.25,8073,2386,26,50
13,11,1.73333,0.346667,782,1806,20,4
13,12,1.5137,0.80137,2530,4585,17,9
13,13,1.41085,4.53488,3044,1645,14,45
13,1,4.52114,1.38795,1986,3193,329,101
13,2,1.83306,0.379254,758,1806,87,18
13,3,1.75793,0.651085,3044,4585,81,30
13,4,1.65637,1.4556,2530,1645,66,58
13,5,1.78043,1.58261,1126,6330,63,56
13,6,1.80101,1.76826,6330,2386,55,54
13,7,2.04665,1.97085,6452,5303,54,52
13,8,2.3391,0.179931,5996,6841,52,4
13,9,2.74262,2.46835,5303,3193,50,45
13,10,3.40642,3.68449,3283,6330,49,53
13,11,4.14493,0.376812,3019,4585,44,4
13,12,5.80851,0.276596,3193,4585,42,2
13,13,1.75,0.5,9027,4585,7,2
13,1,4.52114,0.439746,1986,6841,329,32
13,2,1.83306,1.30632,758,3019,87,62
13,3,1.85045,1.35856,3044,3193,79,58
13,4,1.85714,1.72636,5996,5303,71,66
13,5,2.0446,0.183099,6330,6841,67,6
13,6,2.35376,2.10028,5303,1126,65,58
13,7,2.82993,2.78571,3283,1645,64,63
13,8,3.37662,3.37662,2386,2386,60,60
13,9,4.25731,4.25731,1126,1126,56,56
13,10,6.21739,6.55652,6452,3283,55,58
13,11,2.2807,0.45614,7462,1806,10,2
13,12,2.21277,0,8978,1806,8,0
13,13,2,0,4671,1806,6,0
13,1,4.52114,0.632135,1986,1806,329,46
13,2,1.83306,1.53809,758,5996,87,73
13,3,1.59434,1.54528,937,1126,65,63
13,4,1.62151,0.251613,2530,1806,58,9
13,5,1.62899,1.53317,5996,1126,51,48
13,6,1.62953,0.253482,6452,1806,45,7
13,7,1.86306,1.49045,3283,3193,45,36
13,8,2.12639,2.12639,6330,6330,44,44
13,9,2.36889,0.231111,5303,1806,41,4
13,10,2.82609,2.40217,1645,3193,40,34
13,11,3.43056,3.97222,2386,5996,38,44
13,12,4.42,4.81,3193,2386,34,37
13,13,6.19048,6.80952,3019,3193,30,33
13,1,4.52114,1.42918,1986,5303,329,104
13,2,1.83306,1.24311,758,3193,87,59
13,3,1.59434,1.37358,937,3283,65,56
13,4,1.70042,1.42616,5996,3193,62,52
13,5,1.86165,1.64078,1126,3193,59,52
13,6,2.02222,2.02222,6452,1126,56,56
13,7,2.35197,1.96711,6330,3019,55,46
13,8,2.81928,2.71486,5303,1645,54,52
13,9,3.4,0.333333,1645,1806,51,5
13,10,4.33333,0.270833,2386,4585,48,3
13,11,5.95833,0.270833,3019,4585,44,2
13,12,1.75,0.5,8978,1806,7,2
13,13,1.82,12.74,4671,6452,7,49
13,1,4.52114,0.632135,1986,1806,329,46
13,2,1.83306,1.36953,758,6452,87,65
13,3,1.86051,1.64855,3044,1126,79,70
13,4,1.861,1.78008,5996,5303,69,66
13,5,2.07748,1.73123,6330,3019,66,55
13,6,2.36034,1.85196,3283,3193,65,51
13,7,2.79522,2.66212,5303,2386,63,60
13,8,3.29185,0.167382,1645,6841,59,3
13,9,3.73563,0.224138,3193,6841,50,3
13,10,2.30645,0.314516,5279,6841,22,3
13,11,2.14876,0.429752,1636,1806,20,4
13,12,1.67327,0.257426,2530,4585,13,2
13,13,1.625,7.23864,937,6330,11,49
13,1,4.52114,1.41543,1986,2386,329,103
13,2,4.30249,1.61922,3044,3283,279,105
13,3,4.24526,1.70867,7462,3193,241,97
13,4,1.96177,0.156942,5279,1806,75,6
13,5,1.94076,0.0616114,1126,1806,63,2
13,6,2.1727,0.0362117,6452,6841,60,1
13,7,2.3913,0.0434783,3019,6841,55,1
13,8,2.87705,2.61066,6330,5303,54,49
13,9,3.55789,0.0684211,1645,6841,52,1
13,10,4.52174,0.0942029,5303,6841,48,1
13,11,6.64444,6.21111,3193,5996,46,43
13,12,2.21277,0.276596,6961,6841,8,1
13,13,2.33333,12.6667,4905,3193,7,38
13,1,4.52114,1.42918,1986,5303,329,104
13,2,4.26128,1.62114,3044,6452,276,105
13,3,2.04417,0.206714,5279,6841,89,9
13,4,1.71698,1.58071,6452,6330,63,58
13,5,1.91546,1.75845,1126,1645,61,56
13,6,2.06232,0.184136,1645,4585,56,5
13,7,2.31987,2.31987,6330,3019,53,53
13,8,2.82377,2.66393,2386,3283,53,50
13,9,3.14948,3.08247,3193,5996,47,46
13,10,4.06803,4.5102,5996,6330,46,51
13,11,1.625,0.135417,4905,4585,12,1
13,12,1.54762,0.309524,3026,6841,10,2
13,13,1.75676,0.175676,2530,4585,10,1
13,1,4.52114,1.36047,1986,6330,329,99
13,2,1.83306,1.24311,758,3193,87,59
13,3,1.59434,0.122642,937,6841,65,5
13,4,1.62151,0.083871,2530,6841,58,3
13,5,1.62899,1.43735,5996,1645,51,45
13,6,1.72376,1.14917,1126,3019,48,32
13,7,1.77273,1.69394,6330,3283,45,43
13,8,1.94774,1.72125,5303,2386,43,38
13,9,2.19277,2.24498,6452,5303,42,43
13,10,2.32367,3.01449,3193,5996,37,48
13,11,1.63522,3.59748,3044,1126,20,44
13,12,1.58261,3.84348,4671,3193,14,34
13,13,1.76543,6.25926,4895,5303,11,39
13,1,4.52114,0.439746,1986,6841,329,32
13,2,1.83306,1.45381,758,5303,87,69
13,3,1.59434,1.54528,937,1126,65,63
13,4,1.67024,0.222698,5996,1806,60,8
13,5,1.67102,0.311547,1645,4585,59,11
13,6,1.8525,1.82,6330,5303,57,56
13,7,2.00291,1.66279,6452,3019,53,44
13,8,2.16667,0.0866667,3283,6841,50,2
13,9,2.548,2.756,2386,5996,49,53
13,10,2.91045,0.0646766,3193,4585,45,1
13,11,1.66667,4.58333,3044,6330,20,55
13,12,1.54455,6.56436,7462,5996,12,51
13,13,1.82,0.26,8978,4585,7,1
13,1,4.52114,0.439746,1986,6841,329,32
13,2,1.83306,1.24311,758,3193,87,59
13,3,1.8172,1.56093,5279,5303,78,67
13,4,1.90631,1.58859,5996,6452,72,60
13,5,2.05104,1.90023,6330,2386,68,63
13,6,2.33152,2.08424,3283,3019,66,59
13,7,2.71192,2.71192,1126,1126,63,63
13,8,3.2636,0.108787,1645,6841,60,2
13,9,3.92179,0.50838,3019,1806,54,7
13,10,2.392,6.76,7462,6330,23,65
13,11,1.95,12.5667,6880,5996,9,58
13,12,1.78431,12.4902,782,5996,7,49
13,13,13,6.5,6709,6841,2,1
13,1,4.52114,1.36047,1986,5996,329,99
13,2,1.83306,1.47488,758,1126,87,70
13,3,1.94881,1.59232,3044,3283,82,67
13,4,1.64946,1.34194,5996,3193,59,48
13,5,1.82512,1.82512,6452,6452,57,57
13,6,2.08596,1.97421,3283,1645,56,53
13,7,2.35154,0.266212,6330,4585,53,6
13,8,2.87083,0.325,2386,1806,53,6
13,9,3.61497,3.26738,5303,1645,52,47
13,10,4.36429,4.73571,3019,5303,47,51
13,11,6.13483,0.292135,3193,4585,42,2
13,12,2.48936,12.4468,2530,3019,9,45
13,13,13,6.5,7462,1806,2,1
13,1,4.52114,1.36047,1986,6330,329,99
13,2,4.40496,1.56553,3044,3019,287,102
13,3,1.99643,1.48571,5279,3193,86,64
13,4,1.72785,1.50844,6452,3283,63,55
13,5,1.8926,1.95465,1126,6452,61,63
13,6,1.99721,1.96089,3019,2386,55,54
13,7,2.26645,2.26645,1645,1645,53,53
13,8,2.64143,2.64143,5303,5303,51,51
13,9,3.055,0.39,3193,1806,47,6
13,10,3.82353,3.82353,5996,5996,45,45
13,11,1.92593,0.601852,937,1806,16,5
13,12,1.83696,6.6413,7462,6452,13,47
13,13,2.31111,0.288889,8387,6841,8,1
13,1,4.52114,1.36047,1986,6330,329,99
13,2,1.83306,1.53809,758,5996,87,73
13,3,1.59434,1.27547,937,3193,65,52
13,4,1.71339,1.71339,5996,5996,63,63
13,5,1.78554,1.78554,6330,1126,57,57
13,6,2.03352,1.85196,5303,2386,56,51
13,7,2.36755,2.28146,1126,6452,55,53
13,8,2.84211,2.63158,1645,2386,54,50
13,9,3.49746,3.49746,6452,6452,53,53
13,10,4.60417,0.0902778,3283,6841,51,1
13,11,6.15054,0.139785,3019,6841,44,1
13,12,2.12245,0.265306,8073,6841,8,1
13,13,1.58537,0.317073,7462,1806,5,1
13,1,4.52114,1.36047,1986,5996,329,99
13,2,4.37426,1.48878,3044,6330,285,97
13,3,2.03559,0.97153,758,4585,88,42
13,4,1.72785,0.137131,1126,6841,63,5
13,5,1.92944,0.126521,6452,6841,61,4
13,6,2.15429,1.82,3283,3019,58,49
13,7,2.33223,2.33223,2386,2386,54,54
13,8,2.68421,2.68421,1645,1645,51,51
13,9,3.25,3.25,6330,5303,49,49
13,10,4.06803,4.59864,3193,3283,46,52
13,11,1.67327,0.128713,4905,6841,13,1
13,12,1.625,0.295455,4671,1806,11,2
13,13,1.68831,6.75325,782,3283,10,40
13,1,4.52114,1.38795,1986,3193,329,101
13,2,1.83306,1.34846,758,2386,87,64
13,3,1.85714,0.141049,3044,6841,79,6
13,4,1.7827,1.59072,1126,6330,65,58
13,5,1.84352,1.77995,6452,3283,58,56
13,6,2.06232,0.25779,6330,4585,56,7
13,7,2.36364,2.36364,5996,5996,54,54
13,8,2.88889,2.88889,5303,5303,54,54
13,9,3.30159,0.343915,3019,4585,48,5
13,10,4.33333,3.96454,1645,3193,47,43
13,11,1.72449,6.23469,937,1645,13,47
13,12,1.52941,0.152941,782,1806,10,1
13,13,1.38667,6.58667,4671,1645,8,38
14,1,4.85865,1.49156,1986,3193,329,101
14,2,1.96769,0.0226171,758,1684,87,1
14,3,1.71053,1.55263,937,1645,65,59
14,4,1.73876,1.19914,2530,3019,58,40
14,5,1.74572,1.47188,5996,8073,51,43
14,6,1.60656,1.60656,6452,6452,42,42
14,7,1.7716,1.98765,6330,5996,41,46
14,8,1.9788,1.38516,1126,3019,40,28
14,9,2.14118,0.329412,5303,4143,39,6
14,10,2.46296,2.33333,3283,1645,38,36
14,11,2.83146,0.314607,2386,521,36,4
14,12,3.25352,0.295775,3193,4143,33,3
14,13,4.23853,0.385321,1645,521,33,3
14,14,1.84211,0.368421,7462,4143,10,2
14,1,4.85865,1.46203,1986,6330,329,99
14,2,1.96769,1.5832,758,1645,87,70
14,3,1.71053,0.0263158,937,1684,65,1
14,4,1.73876,1.49893,2530,3283,58,50
14,5,1.74572,0.0342298,5996,1684,51,1
14,6,1.75978,0.0391061,3283,1684,45,1
14,7,2.01278,1.83387,1126,3193,45,41
14,8,2.26471,0.0514706,6330,1684,44,1
14,9,2.51754,0.0614035,6452,1684,41,1
14,10,2.99465,0.374332,5303,4143,40,5
14,11,3.71429,0.0952381,1645,1684,39,1
14,12,4.66667,1.94444,2386,8073,36,15
14,13,5.83333,7.77778,3019,1126,30,40
14,14,2.66667,0.333333,8073,1684,8,1
14,1,4.85865,1.46203,1986,5996,329,99
14,2,4.69965,1.649,3044,3193,285,100
14,3,4.54206,0.728972,7462,4143,243,39
14,4,2.1581,0.55336,758,521,78,20
14,5,2.02804,1.6028,1126,3019,62,49
14,6,2.14248,1.99472,6330,5303,58,54
14,7,2.45538,1.50769,3283,8073,57,35
14,8,2.87313,0.41791,2386,521,55,8
14,9,3.41784,0.262911,1645,4143,52,4
14,10,4.26087,4.78261,6452,6330,49,55
14,11,1.84906,7.26415,2530,1126,14,55
14,12,1.67391,0.304348,8978,521,11,2
14,13,1.7284,1.7284,8073,8073,10,10
14,14,1.77465,6.90141,4585,1126,9,35
14,1,4.85865,0.324895,1986,1684,329,22
14,2,1.96769,0.0226171,758,1684,87,1
14,3,1.71053,1.65789,937,5996,65,63
14,4,1.73876,1.52891,2530,8073,58,51
14,5,1.74572,1.54034,5996,1645,51,45
14,6,1.84615,0.0384615,1126,1684,48,1
14,7,1.94937,1.90506,6330,5303,44,43
14,8,2.15385,2.35897,6452,5996,42,46
14,9,2.59031,1.91189,3283,3019,42,31
14,10,2.64286,1.35714,2386,8073,37,19
14,11,2.99371,0.440252,3193,4143,34,5
14,12,1.792,1.456,3044,8073,16,13
14,13,1.66972,0.12844,4671,1684,13,1
14,14,1.60417,4.22917,782,6330,11,29
14,1,4.85865,1.53586,1986,5303,329,104
14,2,1.96769,0.497577,758,521,87,22
14,3,1.71053,0.0263158,937,1684,65,1
14,4,1.73876,1.49893,2530,1645,58,50
14,5,1.74572,1.64303,5996,1126,51,48
14,6,1.74515,1.241,6452,3019,45,32
14,7,1.91489,2.04255,6330,5996,45,48
14,8,2.21831,0.0492958,3283,1684,45,1
14,9,2.46025,2.16736,5303,3193,42,37
14,10,2.91371,2.77157,1645,2386,41,39
14,11,3.01266,3.5443,3193,1645,34,40
14,12,1.58065,4.51613,6880,6452,14,40
14,13,1.52727,1.4,782,8073,12,11
14,14,1.57143,4.42857,4905,1645,11,31
14,1,4.85865,1.46203,1986,6330,329,99
14,2,1.96769,1.53796,758,3283,87,68
14,3,1.93103,0.0254083,3044,1684,76,1
14,4,1.91579,1.59158,1126,1645,65,54
14,5,1.92874,2.16152,5996,1126,58,65
14,6,2.16292,0.314607,6452,4143,55,8
14,7,2.51163,0.372093,6330,4143,54,8
14,8,3.06073,1.36032,2386,8073,54,24
14,9,3.69948,0.0725389,5303,1684,51,1
14,10,4.73239,0.0985915,3019,1684,48,1
14,11,6.10638,6.10638,3193,3193,41,41
14,12,2.11321,0.528302,7462,521,8,2
14,13,1.86667,0,8073,1684,6,0
14,14,2.15385,13.641,6961,5996,6,38
14,1,4.85865,1.46203,1986,6330,329,99
14,2,4.73263,1.74794,3044,1645,287,106
14,3,4.54105,1.9031,7462,2386,241,101
14,4,4.25234,2.15888,5279,3019,195,99
14,5,3.91897,2.42357,6880,3193,152,94
14,6,2.75703,2.75703,1126,1126,77,77
14,7,3.03185,2.76433,5303,3193,68,62
14,8,3.5,0.722222,3283,521,63,13
14,9,3.51464,1.46444,5996,8073,60,25
14,10,4.53631,4.53631,6452,6452,58,58
14,11,2.19835,6.71074,4686,3283,19,58
14,12,2.88889,0.444444,1636,4143,13,2
14,13,1.96,13.16,782,5303,7,47
14,14,1.95349,1.62791,4671,8073,6,5
14,1,4.85865,1.46203,1986,6330,329,99
14,2,1.96769,1.53796,758,3283,87,68
14,3,1.71053,0.0263158,937,1684,65,1
14,4,1.73876,0.479657,2530,521,58,16
14,5,1.74572,0.0342298,5996,1684,51,1
14,6,1.75978,1.2905,3283,3019,45,33
14,7,1.89538,1.93846,6330,3283,44,45
14,8,2.19217,1.99288,5303,3193,44,40
14,9,2.38174,0.232365,1645,521,41,4
14,10,2.8,0.21,1126,521,40,3
14,11,3.4125,3.15,6452,2386,39,36
14,12,1.80645,0.225806,782,521,16,2
14,13,1.72131,4.36066,3044,6452,15,38
14,14,1.83333,6.5,4686,5303,11,39
14,1,4.85865,1.5211,1986,3019,329,103
14,2,4.73846,1.75621,3044,3283,286,106
14,3,4.48985,1.34506,7462,8073,237,71
14,4,2.09163,0.223108,5279,4143,75,8
14,5,2,0.163934,6452,4143,61,5
14,6,2.33333,1.91257,1126,5303,61,50
14,7,2.61392,2.12658,2386,5996,59,48
14,8,3.10506,0,6330,1684,57,0
14,9,3.57,0.14,1645,521,51,2
14,10,4.60403,0,3193,1684,49,0
14,11,6.3,1.82,5996,8073,45,13
14,12,2.29091,0.254545,8073,4143,9,1
14,13,2.73913,0.304348,2530,521,9,1
14,14,1.51351,0.378378,8978,4143,4,1
14,1,4.85865,1.5654,1986,3283,329,106
14,2,4.70546,1.5962,3044,5996,283,96
14,3,2.07871,1.80322,758,6452,83,72
14,4,2.12731,1.40862,5279,8073,74,49
14,5,2.10959,0.287671,3019,1684,66,9
14,6,2.2957,2.25806,1126,6330,61,60
14,7,2.61093,2.61093,6330,2386,58,58
14,8,3.20949,2.87747,2386,1645,58,52
14,9,3.48259,3.48259,5996,3193,50,50
14,10,4.63576,0.463576,3193,1684,50,5
14,11,6.37624,6.37624,5303,5303,46,46
14,12,2.03636,0.509091,6469,4143,8,2
14,13,2.08511,0.297872,782,521,7,1
14,14,1.75,0.35,8978,1684,5,1
14,1,4.85865,1.58017,1986,6452,329,107
14,2,1.96769,1.5832,758,1126,87,70
14,3,2.09107,1.73406,3044,5303,82,68
14,4,1.76874,1.73876,5996,6452,59,58
14,5,1.9511,1.9511,3283,3283,57,57
14,6,2.1875,0.0397727,6330,1684,55,1
14,7,2.59259,2.3569,2386,3019,55,50
14,8,3.00826,3.00826,5303,5303,52,52
14,9,3.61053,3.90526,3019,5996,49,53
14,10,4.66667,0.297872,1645,4143,47,3
14,11,6.10638,7.29787,3193,5996,41,49
14,12,2.17778,12.7556,6961,3193,7,41
14,13,2.21053,1.47368,4905,8073,6,4
14,14,2.05882,0.411765,881,1684,5,1
14,1,4.85865,1.58017,1986,6452,329,107
14,2,1.96769,1.35703,758,8073,87,60
14,3,1.71053,1.55263,937,1645,65,59
14,4,1.86469,0.473573,1126,521,63,16
14,5,1.98049,0.273171,6330,4143,58,8
14,6,2.22727,1.86932,5303,3019,56,47
14,7,2.47869,1.51475,6452,8073,54,33
14,8,2.52206,0.0514706,5996,1684,49,1
14,9,2.88789,3.07623,2386,5303,46,49
14,10,3.32203,0.39548,3283,4143,42,5
14,11,4.14815,0.311111,3193,521,40,3
14,12,1.91579,6.92632,4671,6452,13,47
14,13,2.33333,0.291667,3044,1684,8,1
14,14,1.75,0.35,4905,1684,5,1
14,1,4.85865,1.46203,1986,6330,329,99
14,2,1.96769,1.53796,758,3283,87,68
14,3,1.93103,0.0254083,3044,1684,76,1
14,4,1.91579,0.0294737,1126,1684,65,1
14,5,1.98049,1.36585,6452,8073,58,40
14,6,2.00541,1.92973,5996,2386,53,51
14,7,2.23824,2.0627,6330,3019,51,47
14,8,2.45522,2.40299,3019,5303,47,46
14,9,2.85068,3.29412,5303,6452,45,52
14,10,3.5,3.5,1645,1645,44,44
14,11,4.13636,0.212121,3193,4143,39,2
14,12,1.80645,6.62366,7462,5996,12,44
14,13,1.90123,0.17284,4671,4143,11,1
14,14,1.8,6.8,6961,5996,9,34
14,1,4.85865,0.664557,1986,4143,329,45
14,2,1.96769,1.40226,758,3019,87,62
14,3,1.98564,1.45781,3044,3193,79,58
14,4,1.8159,1.66946,1126,6452,62,57
14,5,1.962,1.89549,5996,6330,59,57
14,6,2.19231,2.03846,3283,1645,57,53
14,7,2.5209,2.38585,2386,3283,56,53
14,8,2.76744,0.325581,5303,4143,51,6
14,9,3.04348,3.04348,3193,3193,45,45
14,10,1.7284,0.259259,2530,4143,20,3
14,11,1.76101,4.66667,782,2386,20,53
14,12,1.84906,0.132075,8073,1684,14,1
14,13,1.67391,7,8978,1126,11,46
14,14,2.43478,0.304348,7462,1684,8,1
14,1,4.85865,1.5211,1986,3019,329,103
14,2,1.96769,0.361874,758,4143,87,16
14,3,1.71053,1.31579,937,3019,65,50
14,4,1.80083,1.77178,5996,1126,62,61
14,5,1.93333,1.83333,6330,3283,58,55
14,6,2.20442,2.16575,5303,6452,57,56
14,7,2.57049,0.27541,1126,521,56,6
14,8,3.03614,1.63052,6452,8073,54,29
14,9,3.73333,1.65128,3283,8073,52,23
14,10,4.8951,0.293706,2386,4143,50,3
14,11,7.07527,0.150538,1645,1684,47,1
14,12,12.7826,1.52174,3193,8073,42,5
14,13,7,3.5,7462,521,2,1
14,14,7,7,9730,8073,1,1
14,1,4.85865,1.5211,1986,2386,329,103
14,2,1.96769,1.65105,758,5996,87,73
14,3,1.71053,1.31579,937,3019,65,50
14,4,1.80083,1.74274,5996,6330,62,60
14,5,1.93333,1.9,6330,5303,58,57
14,6,2.20442,0.270718,5303,521,57,7
14,7,2.57049,1.65246,1126,8073,56,36
14,8,3.03614,2.53012,6452,3193,54,45
14,9,3.63725,0.0686275,1645,1684,53,1
14,10,4.54305,4.63576,3283,6452,49,50
14,11,6.58824,6.86275,2386,6452,48,50
14,12,1.81481,1.55556,8978,8073,7,6
14,13,2.08511,0.297872,7462,1684,7,1
14,14,2.1,0.35,4671,4143,6,1
14,1,4.85865,0.664557,1986,4143,329,45
14,2,1.96769,1.33441,758,3193,87,59
14,3,1.95,1.65,5279,1126,78,66
14,4,2.12551,1.30364,3044,8073,75,46
14,5,1.97136,1.90453,5996,3283,59,57
14,6,2.17778,2.06111,3283,2386,56,53
14,7,2.53289,0.368421,6452,4143,55,8
14,8,2.45946,1.37162,6330,8073,52,29
14,9,2.92623,0.344262,2386,521,51,6
14,10,3.62694,3.9171,5303,6452,50,54
14,11,4.6014,0.0979021,1645,1684,47,1
14,12,6.41667,0.145833,3019,1684,44,1
14,13,2.42308,1.07692,937,8073,9,4
14,14,2.27907,13.3488,4671,6452,7,41
14,1,4.85865,0.324895,1986,1684,329,22
14,2,1.96769,1.5832,758,6330,87,70
14,3,1.71053,0.447368,937,521,65,17
14,4,1.73876,0.0299786,2530,1684,58,1
14,5,1.74572,1.74572,5996,5996,51,51
14,6,1.75978,1.48603,3283,2386,45,38
14,7,1.96875,1.925,1126,6330,45,44
14,8,2.23188,1.67391,5303,3019,44,33
14,9,2.53448,2.59483,6452,1126,42,43
14,10,2.94737,0.368421,1645,521,40,5
14,11,3.36,3.92,3193,3283,36,42
14,12,3.68421,0.491228,3019,521,30,4
14,13,2.33333,0.166667,8073,1684,14,1
14,14,1.51807,0.843373,8978,4143,9,5
14,1,4.85865,1.58017,1986,1645,329,107
14,2,1.96769,1.40226,758,3019,87,62
14,3,1.98564,1.65889,3044,1126,79,66
14,4,1.96741,1.91039,6330,5303,69,67
14,5,2.21226,2.08019,5996,2386,67,63
14,6,2.5098,0.431373,3283,4143,64,11
14,7,2.91468,2.48464,6452,3193,61,52
14,8,3.48548,1.3361,1645,8073,60,23
14,9,3.53211,0.321101,2386,4143,55,5
14,10,2.06135,0.343558,7462,4143,24,4
14,11,1.71223,0.402878,8978,521,17,4
14,12,1.4918,0.344262,4671,521,13,3
14,13,1.52941,0.235294,2530,4143,13,2
14,14,1.58491,4.35849,937,1645,12,33
14,1,4.85865,1.53586,1986,1126,329,104
14,2,1.96769,0.0226171,758,1684,87,1
14,3,1.71053,1.47368,937,3283,65,56
14,4,1.73876,1.6788,2530,5996,58,56
14,5,1.80535,1.73723,1126,6330,53,51
14,6,1.95531,1.56425,6330,8073,50,40
14,7,2.22727,2.04545,5303,2386,49,45
14,8,2.60837,2.55513,3283,6452,49,48
14,9,3.14019,2.8785,6452,1645,48,44
14,10,3.54217,0.421687,1645,4143,42,5
14,11,4.62903,5.30645,3193,5303,41,47
14,12,6.54545,0.545455,3019,4143,36,3
14,13,1.70732,0.341463,8073,1684,5,1
14,14,1.75,0,6961,521,5,0
14,1,4.85865,1.5211,1986,3019,329,103
14,2,1.96769,1.56058,758,5303,87,69
14,3,1.85818,1.55273,3044,3019,73,61
14,4,1.90776,1.3501,1126,8073,65,46
14,5,1.85151,1.65661,5996,3283,57,51
14,6,1.91579,1.91579,6452,6452,52,52
14,7,2.21951,0.469512,2386,521,52,11
14,8,2.58696,0.0507246,6330,1684,51,1
14,9,3.04889,0.373333,3019,4143,49,6
14,10,3.26136,3.26136,3193,3193,41,41
14,11,4.25185,4.87407,1645,1126,41,47
14,12,1.93617,7,782,5996,13,47
14,13,2.38298,0.297872,2530,521,8,1
14,14,1.79487,0.717949,937,4143,5,2
14,1,4.85865,0.324895,1986,1684,329,22
14,2,4.62635,1.51188,3044,2386,306,100
14,3,2.00968,1.5129,5279,1645,89,67
14,4,2.02532,0.379747,758,4143,80,15
14,5,1.92389,1.45032,1126,8073,65,49
14,6,1.81604,1.51887,6452,5303,55,46
14,7,1.88889,1.7037,6330,3019,51,46
14,8,2.14067,2.14067,3193,3193,50,50
14,9,2.47653,2.57762,5996,1126,49,51
14,10,2.84956,2.84956,2386,2386,46,46
14,11,3.42222,0.7,3283,521,44,9
14,12,4.42647,0.308824,3019,4143,43,3
14,13,1.95699,0.602151,7462,521,13,4
14,14,1.925,0.175,4671,521,11,1
14,1,4.85865,1.5211,1986,2386,329,103
14,2,1.96769,1.40226,758,3019,87,62
14,3,1.98564,1.45781,3044,3193,79,58
14,4,1.8159,1.66946,1126,6452,62,57
14,5,1.962,1.79572,5996,1645,59,54
14,6,2.20442,2.04972,3283,5303,57,53
14,7,2.47869,2.47869,6330,2386,54,54
14,8,3.01195,0.0557769,2386,1684,54,1
14,9,3.69543,3.9797,5303,1126,52,56
14,10,4.34483,4.34483,1645,1645,45,45
14,11,6.16,0.14,3193,1684,44,1
14,12,2.25,0.5,8073,4143,9,2
14,13,2.38298,0.595745,2530,4143,8,2
14,14,1.79487,0.358974,937,1684,5,1
14,1,4.85865,1.46203,1986,6330,329,99
14,2,1.96769,1.53796,758,3283,87,68
14,3,1.71053,1.39474,937,2386,65,53
14,4,1.73876,1.52891,2530,8073,58,51
14,5,1.74572,1.12958,5996,3019,51,33
14,6,1.75978,0.0391061,3283,1684,45,1
14,7,2.01278,0.0447284,1126,1684,45,1
14,8,2.29851,1.98507,6452,2386,44,38
14,9,2.61739,2.25217,6330,3193,43,37
14,10,3.14439,0.299465,5303,4143,42,4
14,11,3.76552,1.44828,1645,8073,39,15
14,12,3.44615,0.646154,3193,521,32,6
14,13,3.85714,5.42857,3019,6452,27,38
14,14,1.57746,6.50704,6880,1645,8,33
14,1,4.85865,1.46203,1986,5996,329,99
14,2,1.96769,0.0226171,758,1684,87,1
14,3,1.71053,1.57895,937,6330,65,60
14,4,1.83898,1.63136,1126,3283,62,55
14,5,2.01439,0.402878,5996,521,60,12
14,6,2.23529,0.0392157,6452,1684,57,1
14,7,2.56667,0.42,5303,521,55,9
14,8,2.35739,2.74227,3193,1126,49,57
14,9,2.93162,2.93162,2386,1645,49,49
14,10,3.63243,0.302703,1645,4143,48,4
14,11,4.18978,0.306569,3019,4143,41,3
14,12,1.89583,0.4375,2530,4143,13,3
14,13,1.65591,7.52688,6961,5303,11,50
14,14,1.70732,1.70732,8073,8073,10,10
14,1,4.85865,1.5654,1986,3283,329,106
14,2,4.70546,1.69596,3044,2386,283,102
14,3,4.55946,1.94865,7462,6452,241,103
14,4,2.10421,1.90782,5279,6452,75,68
14,5,2.08019,0,1126,1684,63,0
14,6,2.32687,1.4349,6452,8073,60,37
14,7,2.55814,2.51163,3019,1645,55,54
14,8,3.00405,2.77733,6330,3193,53,49
14,9,3.53608,1.4433,5303,8073,49,20
14,10,4.53793,0,3193,1684,47,0
14,11,6.28571,0.571429,5996,521,44,4
14,12,3.11111,1.03704,6880,521,12,4
14,13,2.33333,0.333333,2530,521,7,1
14,14,2.4,0.4,937,4143,6,1
14,1,4.85865,1.46203,1986,5996,329,99
14,2,4.69965,1.69847,3044,5303,285,103
14,3,2.1844,1.76241,758,6452,88,71
14,4,2.18661,1.73225,5279,5303,77,61
14,5,2.01923,1.85096,1126,3283,60,55
14,6,2.16292,2.16292,3283,3283,55,55
14,7,2.51163,2.32558,3019,5303,54,50
14,8,2.95618,0.278884,2386,4143,53,5
14,9,3.60606,0.353535,6330,4143,51,5
14,10,4.47619,1.42857,1645,8073,47,15
14,11,6.3,0.14,3193,1684,45,1
14,12,2.29091,0.254545,7462,1684,9,1
14,13,2.43478,0,2530,1684,8,0
14,14,2.21053,13.2632,2630,3019,6,36
14,1,4.85865,1.5211,1986,2386,329,103
14,2,1.96769,1.5832,758,1645,87,70
14,3,1.71053,1.31579,937,3019,65,50
14,4,1.80083,0.0290456,5996,1684,62,1
14,5,1.93333,1.7,6330,3193,58,51
14,6,2.08672,0.303523,6452,4143,55,8
14,7,2.45223,0.044586,3283,1684,55,1
14,8,2.91892,2.81081,1126,5303,54,52
14,9,3.48293,3.6878,5303,6330,51,54
14,10,4.54305,0.370861,2386,521,49,4
14,11,4.57143,4.57143,1645,2386,48,48
14,12,1.83838,0.141414,2530,1684,13,1
14,13,1.95349,7,3026,5303,12,43
14,14,1.95349,0.325581,4905,4143,6,1
14,1,4.85865,1.53586,1986,1126,329,104
14,2,1.96769,1.35703,758,8073,87,60
14,3,2.00358,0.375671,3044,4143,80,15
14,4,1.81211,1.40292,2530,5303,62,48
14,5,1.7458,1.51079,5996,1645,52,45
14,6,1.8411,1.61096,6452,1645,48,42
14,7,2.03155,0.044164,1126,1684,46,1
14,8,2.27306,2.06642,2386,5303,44,40
14,9,2.59031,2.15859,3283,3019,42,35
14,10,2.98958,2.84375,6330,5303,41,39
14,11,3.61589,3.52318,5303,1645,39,38
14,12,4.21239,0.495575,3193,521,34,4
14,13,1.77215,0.177215,7906,1684,10,1
14,14,1.62319,0.608696,8978,521,8,3
14,1,4.85865,1.49156,1986,3193,329,101
14,2,4.64463,1.73554,3044,3283,281,105
14,3,2.17668,0.371025,758,4143,88,15
14,4,1.95644,1.70236,5279,6330,77,67
14,5,1.96694,1.76446,1126,2386,68,61
14,6,2.25481,2.08654,1645,5996,67,62
14,7,2.52722,2.36676,6452,5996,63,59
14,8,2.89655,1.2069,3019,8073,60,25
14,9,2.8,0.369811,3283,1684,53,7
14,10,3.43396,3.16981,2386,5303,52,48
14,11,4.2,0.525,5303,521,48,6
14,12,2.75,6.75,2630,3019,22,54
14,13,2.65517,0.724138,4190,521,11,3
14,14,2.08511,0.595745,7462,521,7,2
14,1,4.85865,1.5211,1986,2386,329,103
14,2,1.96769,1.5832,758,1645,87,70
14,3,1.93807,1.55556,5279,3019,76,61
14,4,1.97951,1.89344,6330,5303,69,66
14,5,2.20525,2.00477,5996,6452,66,60
14,6,2.53482,2.45682,1126,3283,65,63
14,7,2.97973,0.378378,5303,521,63,8
14,8,3.72532,1.32189,2386,8073,62,22
14,9,4.17544,0.0818713,3193,1684,51,1
14,10,1.98333,0.233333,7462,4143,17,2
14,11,1.77966,0.355932,782,521,15,3
14,12,1.70435,7.18261,8073,5996,14,59
14,13,1.66337,7.48515,2530,5996,12,54
14,14,1.48936,0.297872,8978,1684,5,1
14,1,4.85865,0.324895,1986,1684,329,22
14,2,1.96769,1.47011,758,6452,87,65
14,3,1.71053,0.447368,937,521,65,17
14,4,1.73876,0.0299786,2530,1684,58,1
14,5,1.74572,0.0342298,5996,1684,51,1
14,6,1.75978,1.72067,3283,6452,45,44
14,7,2.00637,1.87261,1126,1645,45,42
14,8,2.18587,1.9777,6330,2386,42,38
14,9,2.54545,0.484848,5303,4143,42,8
14,10,3.03704,1.62963,1645,8073,41,22
14,11,3.12162,0.567568,3193,4143,33,6
14,12,3.53043,0.730435,3019,4143,29,6
14,13,2.11628,0.488372,3044,521,13,3
14,14,1.91781,0.383562,8073,521,10,2
14,1,4.85865,1.41772,1986,521,329,96
14,2,1.96769,1.53796,758,3283,87,68
14,3,1.93103,1.75318,3044,1126,76,69
14,4,1.91579,1.70947,1126,6452,65,58
14,5,1.98049,1.9122,6452,6330,58,56
14,6,2.26705,1.98864,5996,3019,57,50
14,7,2.51525,0.427119,6330,4143,53,9
14,8,3.06612,3.00826,2386,5303,53,52
14,9,3.85185,1.62963,5303,8073,52,22
14,10,4.80292,0.510949,3019,4143,47,5
14,11,4.77273,4.77273,1645,3019,45,45
14,12,6.5977,7.08046,3193,3019,41,44
14,13,2.27907,13.0233,6961,3193,7,40
14,14,9.33333,4.66667,7462,1684,2,1
14,1,4.85865,1.41772,1986,521,329,96
14,2,1.96769,1.53796,758,3283,87,68
14,3,1.93103,1.67695,3044,1645,76,66
14,4,1.99175,1.78969,1126,2386,69,62
14,5,2.25481,2.05288,6330,2386,67,61
14,6,2.56338,2.12958,5303,3193,65,54
14,7,2.9931,3.23448,5996,6330,62,67
14,8,3.68421,3.19298,6452,3193,60,52
14,9,4.41667,0.75,3019,521,53,9
14,10,5.84348,0.608696,3193,4143,48,5
14,11,2.29851,0.208955,7462,1684,11,1
14,12,1.75,1.25,5279,8073,7,5
14,13,1.92157,0.54902,2530,4143,7,2
14,14,1.71429,14,937,6330,6,49
14,1,4.85865,1.53586,1986,5303,329,104
14,2,1.96769,1.35703,758,8073,87,60
14,3,1.71053,1.52632,937,5303,65,58
14,4,1.73876,1.49893,2530,3283,58,50
14,5,1.8801,1.67866,5996,6452,56,50
14,6,2.13624,1.48774,1126,8073,56,39
14,7,2.0061,1.4939,6330,3019,47,35
14,8,2.14235,0.498221,5303,521,43,10
14,9,2.52941,2.52941,2386,2386,43,43
14,10,2.72821,2.51282,3193,3019,38,35
14,11,3.29936,3.83439,1645,1126,37,43
14,12,4.05263,0.368421,3019,4143,33,3
14,13,1.7284,7.60494,6880,5996,10,44
14,14,1.89189,0.378378,4122,521,5,1
14,1,4.85865,1.49156,1986,3193,329,101
14,2,4.64463,0.297521,3044,1684,281,18
14,3,2.17668,0.371025,758,4143,88,15
14,4,1.84519,1.61088,1126,6330,63,55
14,5,1.95272,1.88652,3283,6452,59,57
14,6,2.19231,2.30769,6452,1126,57,60
14,7,2.55375,2.37134,5996,2386,56,52
14,8,2.84462,0.223108,2386,1684,51,4
14,9,3.5,1.75,5303,8073,50,25
14,10,4.57333,5.04,3019,1126,49,54
14,11,6.23762,1.80198,1645,8073,45,13
14,12,2,0.5,8073,1684,8,2
14,13,2.33333,0.291667,2530,521,8,1
14,14,1.75,0.7,937,1684,5,2
14,1,4.85865,1.58017,1986,1645,329,107
14,2,1.96769,0.361874,758,4143,87,16
14,3,1.71053,0.447368,937,521,65,17
14,4,1.73876,1.52891,2530,8073,58,51
14,5,1.74572,1.33496,5996,2386,51,39
14,6,1.81622,1.51351,1126,3193,48,40
14,7,1.95152,1.90909,6330,1126,46,45
14,8,2.21053,2.01404,3283,5303,45,41
14,9,2.50833,2.74167,6452,5996,43,47
14,10,2.84264,2.77157,1645,5303,40,39
14,11,2.65823,0.35443,3019,4143,30,4
14,12,1.90909,0.0909091,3044,1684,21,1
14,13,1.78947,0.105263,8073,1684,17,1
14,14,1.44828,2.65517,4905,3019,12,22
14,1,4.85865,0.664557,1986,4143,329,45
14,2,1.96769,1.53796,758,3283,87,68
14,3,1.93103,0.508167,3044,521,76,20
14,4,1.79284,1.50282,5996,3019,68,57
14,5,1.96544,1.93521,1126,6330,65,64
14,6,2.24561,0.245614,5303,4143,64,7
14,7,2.46567,2.46567,6452,1645,59,59
14,8,2.99275,0.0507246,2386,1684,59,1
14,9,3.6129,1.6129,1645,8073,56,25
14,10,3.57292,3.57292,3019,3019,49,49
14,11,4.6014,0.0979021,3193,1684,47,1
14,12,1.89583,0.145833,2530,1684,13,1
14,13,1.85542,6.57831,7462,1126,11,39
14,14,2.22727,0.636364,6880,4143,7,2
14,1,4.85865,1.5211,1986,3019,329,103
14,2,1.96769,1.65105,758,5996,87,73
14,3,1.71053,0.447368,937,521,65,17
14,4,1.73876,1.52891,2530,8073,58,51
14,5,1.75,1.75,5996,5996,52,52
14,6,1.80769,1.80769,6330,6330,47,47
14,7,1.98738,1.85489,5303,3283,45,42
14,8,2.26471,0.463235,1126,521,44,9
14,9,2.57895,2.08772,6452,3019,42,34
14,10,2.95876,0.28866,3283,521,41,4
14,11,2.94737,2.65263,2386,3193,40,36
14,12,3.54667,0.0933333,1645,1684,38,1
14,13,4.375,4.75,3193,6452,35,38
14,14,1.89189,0.189189,881,1684,10,1
14,1,4.85865,1.5654,1986,3283,329,106
14,2,1.96769,1.5832,758,1126,87,70
14,3,1.71053,1.36842,937,3193,65,52
14,4,1.73876,1.58887,2530,6330,58,53
14,5,1.74572,1.50611,5996,5303,51,44
14,6,1.80274,1.95616,1126,5996,47,51
14,7,1.98113,1.98113,6330,6330,45,45
14,8,2.25641,2.25641,3283,3283,44,44
14,9,2.62882,2.20087,6452,3193,43,36
14,10,3.01075,2.55914,1645,3193,40,34
14,11,3.5,0.736842,2386,521,38,8
14,12,3.68421,1.7193,3019,8073,30,14
14,13,2.1,4.76,7462,1645,15,34
14,14,1.90909,5.30303,3044,3019,9,25
14,1,4.85865,1.58017,1986,6452,329,107
14,2,1.96769,1.35703,758,8073,87,60
14,3,1.71053,1.47368,937,3283,65,56
14,4,1.73876,1.40899,2530,3193,58,47
14,5,1.74572,1.12958,5996,3019,51,33
14,6,1.75978,1.68156,3283,1645,45,43
14,7,2,0.444444,1126,521,45,10
14,8,2.22963,2.22963,6452,6452,43,43
14,9,2.59031,2.59031,5303,5303,42,42
14,10,3.1027,0.605405,6330,521,41,8
14,11,3.59722,3.59722,2386,2386,37,37
14,12,4.31776,0.523364,3193,521,33,4
14,13,5.48649,0.945946,3019,4143,29,5
14,14,2.17778,0,8073,521,7,0
14,1,4.85865,1.49156,1986,3193,329,101
14,2,1.96769,1.47011,758,6452,87,65
14,3,1.71053,0.447368,937,521,65,17
14,4,1.73876,0.0299786,2530,1684,58,1
14,5,1.74572,0.479218,5996,521,51,14
14,6,1.75978,1.75978,3283,3283,45,45
14,7,2.01278,1.69968,1126,2386,45,38
14,8,2.24,1.68,6452,3019,44,33
14,9,2.54545,2.4876,6330,5303,44,43
14,10,2.74372,0.281407,1645,4143,39,4
14,11,3.2375,0.35,3193,521,37,4
14,12,1.5935,0.341463,8073,4143,14,3
14,13,1.54128,4.75229,6961,6452,12,37
14,14,1.94444,0.194444,3044,1684,10,1
14,1,4.85865,1.58017,1986,1645,329,107
14,2,1.96769,1.33441,758,3193,87,59
14,3,1.71053,1.47368,937,3283,65,56
14,4,1.73876,0.479657,2530,521,58,16
14,5,1.70732,1.45898,1126,3193,55,47
14,6,1.76768,1.59091,5996,2386,50,45
14,7,1.95442,1.91453,6452,5303,49,48
14,8,2.21782,2.21782,6330,1645,48,48
14,9,2.52549,2.58039,3283,5996,46,47
14,10,2.74641,0.200957,3193,4143,41,3
14,11,2.75,3.83333,3019,6330,33,46
14,12,1.72131,1.4918,4671,8073,15,13
14,13,1.66972,4.88073,8978,6452,13,38
14,14,1.57746,0.197183,7462,4143,8,1
14,1,4.85865,1.32911,1986,8073,329,90
14,2,1.96769,0.0226171,758,1684,87,1
14,3,1.71053,0.0263158,937,1684,65,1
14,4,1.73876,1.40899,2530,2386,58,47
14,5,1.74572,1.33496,5996,2386,51,39
14,6,1.75978,1.68156,3283,1645,45,43
14,7,2,1.51111,1126,8073,45,34
14,8,1.99288,1.69395,6452,2386,40,34
14,9,2.26721,2.26721,5303,6452,40,40
14,10,2.57005,2.57005,6330,1126,38,38
14,11,2.65089,0.0828402,3193,1684,32,1
14,12,2.55474,0.613139,3019,4143,25,6
14,13,2.375,0.5,3044,521,19,4
14,14,1.65591,4.51613,4671,5303,11,30
14,1,4.85865,1.5654,1986,3283,329,106
14,2,1.96769,1.53796,758,3283,87,68
14,3,1.71053,1.65789,937,5996,65,63
14,4,1.79104,1.46269,1126,3019,60,49
14,5,1.98533,0.0342298,6452,1684,58,1
14,6,2.23362,2.15385,6330,3283,56,54
14,7,2.61017,2.42034,5303,2386,55,51
14,8,2.98361,2.63934,3283,3019,52,46
14,9,3.57292,3.57292,1645,1645,49,49
14,10,4.40559,4.40559,3193,3193,45,45
14,11,6.28571,0.142857,3019,1684,44,1
14,12,2.07407,12.963,3044,5303,8,50
14,13,7,3.5,7462,1684,2,1
14,14,9.33333,4.66667,6709,4143,2,1
14,1,4.85865,1.41772,1986,521,329,96
14,2,1.96769,0.361874,758,4143,87,16
14,3,1.90381,1.57877,3044,6330,82,68
14,4,1.85794,1.75327,5996,5303,71,67
14,5,1.99138,0.0301724,5303,1684,66,1
14,6,2.25126,2.00503,1126,3019,64,57
14,7,2.54545,2.5044,1645,2386,62,61
14,8,3.01075,2.91039,2386,6452,60,58
14,9,3.54751,3.8009,3283,2386,56,60
14,10,4.26087,4.78261,3193,3283,49,55
14,11,1.84906,7.66038,2530,1126,14,58
14,12,2.04167,0.291667,6961,521,7,1
14,13,2.04878,1.70732,7462,8073,6,5
14,14,2,1.6,4905,8073,5,4
14,1,4.85865,0.324895,1986,1684,329,22
14,2,1.96769,1.53796,758,3283,87,68
14,3,1.93103,1.72777,3044,5303,76,68
14,4,1.91579,1.41474,1126,8073,65,48
14,5,1.83607,0.459016,5996,521,56,14
14,6,2,1.88679,6452,6330,53,50
14,7,2.18069,2.31153,2386,1126,50,53
14,8,2.53137,2.16974,3019,1645,49,42
14,9,2.9009,2.58559,5303,1645,46,41
14,10,3.34091,0.0795455,3193,1684,42,1
14,11,4.28358,0.208955,1645,521,41,2
14,12,1.95699,0.301075,937,521,13,2
14,13,1.75,6.825,4671,6452,10,39
14,14,2.39024,0.341463,2530,1684,7,1
14,1,4.85865,1.58017,1986,6452,329,107
14,2,1.96769,1.47011,758,6452,87,65
14,3,1.99639,1.71841,3044,3283,79,68
14,4,1.94526,1.47368,1126,8073,66,50
14,5,1.98533,0.0342298,5996,1684,58,1
14,6,2.23362,0.438746,3283,4143,56,11
14,7,2.18235,2.1,6330,5303,53,51
14,8,2.58537,2.58537,2386,3283,53,53
14,9,2.99145,2.99145,5303,5303,50,50
14,10,3.5,3.42391,1645,3019,46,45
14,11,4.46377,1.21739,3019,8073,44,12
14,12,4.33333,5.22222,3193,2386,39,47
14,13,2.41379,0.16092,2530,1684,15,1
14,14,2.52778,0.194444,937,1684,13,1
14,1,4.85865,1.53586,1986,5303,329,104
14,2,4.5782,1.67536,3044,1126,276,101
14,3,2.19366,1.55282,5279,3193,89,63
14,4,1.84134,1.57829,6452,5996,63,54
14,5,1.91059,1.84471,1126,6330,58,56
14,6,2.08672,0.113821,3019,1684,55,3
14,7,2.45223,2.40764,2386,1126,55,54
14,8,2.86486,2.81081,1645,3283,53,52
14,9,3.31401,0.202899,3193,1684,49,3
14,10,1.59494,4.25316,2530,1645,18,48
14,11,1.78182,0.127273,937,4143,14,1
14,12,1.75,6.70833,2725,1126,12,46
14,13,1.68,13.16,7462,6452,6,47
14,14,4.66667,0,9730,521,1,0
14,1,4.85865,1.5654,1986,3283,329,106
14,2,1.96769,1.35703,758,8073,87,60
14,3,2.00358,1.55277,3044,1126,80,62
14,4,1.81211,0.321503,2530,4143,62,11
14,5,1.7458,1.51079,5996,1645,52,45
14,6,1.84409,1.61828,1126,5303,49,43
14,7,1.91489,2.04255,6452,1126,45,48
14,8,2.21831,0.542254,2386,521,45,11
14,9,2.51883,0.410042,6330,4143,43,7
14,10,2.85714,0.428571,3283,4143,40,6
14,11,3.41026,0.358974,3019,4143,38,4
14,12,4.27119,4.98305,3193,1126,36,42
14,13,2.02632,0.368421,6961,521,11,2
14,14,1.93846,7.53846,782,5996,9,35
15,1,5.21119,1.64731,1986,5303,329,104
15,2,2.11165,1.57767,758,6452,87,65
15,3,2.14286,1.73599,3044,2386,79,64
15,4,2.14724,2.14724,5996,5996,70,70
15,5,2.39857,0.823389,6330,706,67,23
15,6,2.8125,2.76989,5303,1126,66,65
15,7,3.35664,3.35664,1126,1126,64,64
15,8,4.18919,0.743243,3283,706,62,11
15,9,4.05213,3.76777,1645,3019,57,53
15,10,4.46203,5.41139,3193,3283,47,57
15,11,2.56757,7.7027,6880,3283,19,57
15,12,2.5,14.4444,8073,1645,9,52
15,13,7.5,0,9730,7898,1,0
15,14,15,0,8423,7898,1,0
15,1,5.21119,2.86695,1986,1474,329,181
15,2,2.11165,1.67476,758,5303,87,69
15,3,1.83616,0.0564972,937,7898,65,2
15,4,1.86695,1.51288,2530,2386,58,47
15,5,1.96897,1.64678,5996,3193,55,46
15,6,2.14286,2.10165,1126,6330,52,51
15,7,2.39617,0.814696,5303,1474,50,17
15,8,2.73764,0.0570342,3283,7898,48,1
15,9,3.27907,0,6452,2019,47,0
15,10,3.75,0.714286,3193,1474,42,8
15,11,5,5,1645,1645,42,42
15,12,6.42857,0,3019,7898,36,0
15,13,2.5,0.625,8073,706,8,2
15,14,1.875,0.375,782,1474,5,1
15,15,1.53846,15,8978,1126,4,39
15,1,5.21119,0.348469,1986,3437,329,22
15,2,2.11165,1.69903,758,1126,87,70
15,3,2.24453,1.91606,3044,1645,82,70
15,4,2.13389,1.56904,6330,1474,68,50
15,5,2.41463,2.41463,5303,5303,66,66
15,6,2.7907,0.610465,5996,706,64,14
15,7,3.21429,2.89286,2386,3019,60,54
15,8,3.91593,1.32743,3283,1474,59,20
15,9,5.20958,0.628743,6452,706,58,7
15,10,6.6055,6.6055,3193,3193,48,48
15,11,2.21311,0.491803,782,3437,9,2
15,12,2.01923,0.576923,7782,3437,7,2
15,13,2,0,4905,7898,6,0
15,14,1.92308,0,8073,2019,5,0
15,15,2.20588,0.882353,4122,3437,5,2
15,1,5.21119,1.64731,1986,1126,329,104
15,2,5.12456,0.373665,3044,3437,288,21
15,3,2.32432,1.86486,758,1645,86,69
15,4,1.98294,0.799574,6452,1474,62,25
15,5,2.17445,1.91646,3283,3193,59,52
15,6,2.37069,2.19828,5996,6330,55,51
15,7,2.71331,0.819113,2386,1474,53,16
15,8,3.125,0.125,5303,7898,50,2
15,9,3.86842,3.71053,6330,3193,49,47
15,10,5.10638,4.89362,3019,1645,48,46
15,11,7.25806,0.645161,3193,706,45,4
15,12,14.0625,0.9375,1645,706,45,3
15,13,10,5,7462,1474,2,1
15,14,15,0,9730,1474,1,0
15,15,0,0,8073,7898,1,0
15,1,5.21119,0.0158395,1986,2019,329,1
15,2,2.11165,1.67476,758,5303,87,69
15,3,1.99454,0,3044,2019,73,0
15,4,2.04832,0.819328,1126,1474,65,26
15,5,2.15328,2.08029,5996,1645,59,57
15,6,2.37288,0,6330,2019,56,0
15,7,2.76846,0.151007,2386,3437,55,3
15,8,3.20988,0.0617284,6452,7898,52,1
15,9,3.9267,3.9267,3283,3283,50,50
15,10,5.10638,4.46809,3019,3193,48,42
15,11,2.12121,0.151515,2530,3437,14,1
15,12,2.11765,1.23529,7462,1474,12,7
15,13,2.05479,8.21918,8073,5996,10,40
15,14,2.72727,0,937,706,6,0
15,15,2.22222,0.555556,8978,3437,4,1
15,1,5.21119,1.63147,1986,2386,329,103
15,2,4.95853,1.83057,3044,3019,279,103
15,3,2.30973,1.64602,5279,3193,87,62
15,4,2.00837,1.82008,6452,6330,64,58
15,5,2.17857,0.0357143,1126,7898,61,1
15,6,2.4234,0.877437,1645,1474,58,21
15,7,2.69103,0.89701,3019,1474,54,18
15,8,3.09717,0.668016,5303,1474,51,11
15,9,3.67347,4.36224,3283,6452,48,57
15,10,4.85612,0,5996,7898,45,0
15,11,7.02128,0.478723,3193,3437,44,3
15,12,2.4,0.3,8978,706,8,1
15,13,2.5,0,2530,2019,7,0
15,14,2.14286,0.428571,8073,706,5,1
15,15,2.5,14,881,3283,5,28
15,1,5.21119,1.64731,1986,1126,329,104
15,2,5.12456,1.70819,3044,6330,288,96
15,3,2.32432,0.027027,758,2019,86,1
15,4,1.98294,1.85501,6452,1645,62,58
15,5,2.17445,1.87961,3283,5303,59,51
15,6,2.37069,0.862069,5996,1474,55,20
15,7,2.71331,0.0511945,2386,2019,53,1
15,8,3.125,0.125,5303,3437,50,2
15,9,3.86842,0.157895,6330,7898,49,2
15,10,5.10638,0.531915,3019,706,48,5
15,11,7.25806,0.645161,3193,706,45,4
15,12,14.0625,0.9375,1645,1474,45,3
15,13,10,0,7462,7898,2,0
15,14,15,0,9730,706,1,0
15,15,0,0,8073,2019,1,0
15,1,5.21119,0.0158395,1986,2019,329,1
15,2,2.11165,0.728155,758,706,87,30
15,3,1.83673,1.22449,5996,1474,72,48
15,4,1.94767,1.19186,2530,1474,67,41
15,5,1.95789,1.95789,1126,1126,62,62
15,6,2.14286,2.14286,1645,1645,59,59
15,7,2.33051,2.24576,6330,6452,55,53
15,8,2.74086,2.69103,2386,6330,55,54
15,9,3.23171,3.23171,5303,5303,53,53
15,10,3.80829,0,3283,7898,49,0
15,11,4.89583,0.104167,3193,3437,47,1
15,12,6.80412,6.80412,3019,3019,44,44
15,13,2.26415,0.283019,3044,3437,8,1
15,14,2,0,4671,7898,6,0
15,15,2.30769,0.384615,937,3437,6,1
15,1,5.21119,1.69483,1986,6452,329,107
15,2,2.11165,1.43204,758,3193,87,59
15,3,2.09302,0,5279,2019,78,0
15,4,1.96466,1.09148,937,1474,63,35
15,5,1.97368,0.358852,2530,706,55,10
15,6,1.98347,0.0826446,5996,7898,48,2
15,7,2.14286,2.09524,3283,1645,45,44
15,8,2.38007,0,6330,2019,43,0
15,9,2.63158,2.63158,1126,1126,40,40
15,10,3.1117,0.398936,2386,706,39,5
15,11,3.03279,2.45902,5303,3019,37,30
15,12,3.52941,4.01961,6452,3283,36,41
15,13,1.875,0.669643,4905,1474,14,5
15,14,1.83673,0.612245,3026,1474,12,4
15,15,1.9186,4.7093,782,2386,11,27
15,1,5.21119,1.59979,1986,3193,329,101
15,2,4.98227,1.82624,3044,6452,281,103
15,3,2.33628,1.64602,758,2386,88,62
15,4,2.29622,2.02783,5279,1645,77,68
15,5,2.44828,0.137931,1126,3437,71,4
15,6,2.71978,2.63736,3019,6452,66,64
15,7,3.2,0.2,3283,7898,64,4
15,8,3.94068,4.13136,6330,3019,62,65
15,9,4.82759,4.65517,5996,5303,56,54
15,10,3,0.125,7462,7898,24,1
15,11,2.1875,0.46875,2530,706,14,3
15,12,1.77419,7.90323,6961,3019,11,49
15,13,2.04545,0,8073,2019,6,0
15,14,2.36842,15,4905,5996,6,38
15,15,0,0,9730,3437,1,1
15,1,5.21119,1.64731,1986,5303,329,104
15,2,2.11165,1.5534,758,2386,87,64
15,3,2.13899,0.162455,3044,3437,79,6
15,4,2.05263,1.8,1126,3283,65,57
15,5,2.12195,0.0731707,6452,7898,58,2
15,6,2.38636,2.25852,6330,5303,56,53
15,7,2.80936,2.15719,5996,3193,56,43
15,8,3.22266,0,3283,2019,55,0
15,9,3.65672,0.0746269,1645,7898,49,1
15,10,4.63816,0.394737,3019,706,47,4
15,11,1.85714,0,5279,2019,13,0
15,12,1.79348,1.1413,937,1474,11,7
15,13,1.58824,0.352941,8073,706,9,2
15,14,1.62651,7.40964,4671,6330,9,41
15,15,1.62162,7.09459,6961,6330,8,35
15,1,5.21119,1.69483,1986,6452,329,107
15,2,2.11165,1.50485,758,3019,87,62
15,3,1.83616,0.0564972,937,7898,65,2
15,4,1.86695,0.0965665,2530,3437,58,3
15,5,1.875,1.61765,5996,5303,51,44
15,6,1.89076,1.72269,3283,3193,45,41
15,7,2.16346,1.58654,1126,3019,45,33
15,8,2.47191,0,6452,2019,44,0
15,9,2.82511,2.0852,6330,3019,42,31
15,10,3.39779,2.56906,5303,3019,41,31
15,11,4.17857,3.32143,1645,3019,39,31
15,12,5.49505,1.18812,2386,1474,37,8
15,13,7.73438,0.234375,3193,3437,33,1
15,14,14.0323,2.90323,3019,1474,29,6
15,15,2.4,0.6,8978,706,4,1
15,1,5.21119,1.64731,1986,5303,329,104
15,2,2.11165,1.57767,758,6452,87,65
15,3,1.83616,1.46893,937,3193,65,52
15,4,1.97286,0.908142,5996,1474,63,29
15,5,2.05529,1.83894,6330,2386,57,51
15,6,2.30137,0,6452,2019,56,0
15,7,2.71845,0,1126,2019,56,0
15,8,3.14229,3.14229,5303,3283,53,53
15,9,3.9,3.9,3283,1645,52,52
15,10,4.35811,0,3019,2019,43,0
15,11,2.14286,7,3044,3283,15,49
15,12,1.875,0,7462,2019,7,0
15,13,1.83673,0.306122,4671,7898,6,1
15,14,1.74419,0,2530,2019,5,0
15,15,1.57895,0.394737,8073,706,4,1
15,1,5.21119,2.86695,1986,1474,329,181
15,2,2.11165,0,758,2019,87,0
15,3,1.83616,1.41243,937,3019,65,50
15,4,1.86695,0.0643777,2530,7898,58,2
15,5,1.875,0,5996,2019,51,0
15,6,1.89076,1.84874,3283,5303,45,44
15,7,2.10863,1.86901,6330,3193,44,39
15,8,2.39777,2.39777,1126,1126,43,43
15,9,2.78761,0.0663717,6452,3437,42,1
15,10,3.34239,0,1645,2019,41,0
15,11,3.88112,3.14685,2386,3019,37,30
15,12,4.38053,0.265487,3193,706,33,2
15,13,1.875,0.1875,8073,3437,10,1
15,14,1.92857,0,881,2019,9,0
15,15,1.96721,0,4122,2019,8,0
15,1,5.21119,0.475185,1986,7898,329,30
15,2,2.11165,0.169903,758,3437,87,7
15,3,1.83616,1.69492,937,6330,65,60
15,4,1.86695,0.0965665,2530,3437,58,3
15,5,1.875,0,5996,2019,51,0
15,6,1.89076,0.0840336,3283,3437,45,2
15,7,2.16346,1.97115,1126,3193,45,41
15,8,2.47191,0.898876,6452,1474,44,16
15,9,2.82511,2.55605,6330,2386,42,38
15,10,3.32432,0,5303,2019,41,0
15,11,4.0625,1.04167,1645,1474,39,10
15,12,4.71429,0.142857,3193,3437,33,1
15,13,6.04167,0.208333,3019,3437,29,1
15,14,2.7907,14.3023,3044,6330,8,41
15,15,7.5,0,9730,2019,1,0
15,1,5.21119,1.56811,1986,6330,329,99
15,2,2.11165,1.69903,758,6330,87,70
15,3,1.83616,0.847458,937,1474,65,30
15,4,1.85629,1.67665,1126,6330,62,56
15,5,2.01595,1.81093,1645,6452,59,53
15,6,2.09845,2.05959,6330,5303,54,53
15,7,2.39458,2.48494,5996,1645,53,55
15,8,2.81588,2.81588,5303,5303,52,52
15,9,3.26667,3.06667,2386,3283,49,46
15,10,3.60335,4.02235,3193,2386,43,48
15,11,4.19118,4.19118,3019,3019,38,38
15,12,1.9898,0,3026,2019,13,0
15,13,1.94118,0,2530,7898,11,0
15,14,1.82432,8.10811,4905,5996,9,40
15,15,1.76471,0,8978,7898,4,0
15,1,5.21119,1.56811,1986,6330,329,99
15,2,2.11165,1.69903,758,6330,87,70
15,3,2.02555,1.94343,6880,5996,74,71
15,4,2.08861,0,1126,2019,66,0
15,5,2.09559,0.110294,5996,3437,57,3
15,6,2.39316,0.555556,5303,706,56,13
15,7,2.84746,0.101695,2386,3437,56,2
15,8,3.2636,0.125523,1645,3437,52,2
15,9,3.85027,0.481283,6452,706,48,6
15,10,5.07194,4.85612,3283,3019,47,45
15,11,7.33696,7.33696,3193,3193,45,45
15,12,14.0426,0.319149,3019,3437,44,1
15,13,10,5,7462,1474,2,1
15,14,15,0,9730,1474,1,0
15,15,0,0,8073,7898,1,0
15,1,5.21119,0.0158395,1986,2019,329,1
15,2,2.11165,1.67476,758,5303,87,69
15,3,1.99454,0.68306,3044,706,73,25
15,4,2.03244,0.171756,5996,3437,71,6
15,5,2.11921,0.198675,6330,3437,64,6
15,6,2.39075,2.2365,1126,3019,62,58
15,7,2.75229,0.275229,1645,3437,60,6
15,8,3.25843,2.86517,2386,3193,58,51
15,9,3.94737,3.58852,6452,3193,55,50
15,10,5,1.69811,3283,1474,53,18
15,11,4.78723,5.10638,3019,6452,45,48
15,12,1.875,7.5,8978,3283,12,48
15,13,2.5,0.625,4671,3437,8,2
15,14,2.625,0,937,7898,7,0
15,15,2.27273,0,782,2019,5,0
15,1,5.21119,2.07497,1986,706,329,131
15,2,2.11165,0.169903,758,3437,87,7
15,3,1.83616,1.46893,937,3193,65,52
15,4,1.97286,1.78497,5996,6452,63,57
15,5,2.05529,2.05529,6330,1126,57,57
15,6,2.33983,0.961003,6452,1474,56,23
15,7,2.67327,0.049505,3283,7898,54,1
15,8,3.13253,0.783133,5303,1474,52,13
15,9,3.80711,3.35025,1645,3019,50,44
15,10,4.89796,0.510204,2386,706,48,5
15,11,6.51515,0.151515,3019,3437,43,1
15,12,2.41071,14.1964,3044,6330,9,53
15,13,10,5,7462,3437,2,1
15,14,7.5,7.5,9252,706,1,1
15,15,15,0,8423,7898,1,0
15,1,5.21119,2.07497,1986,706,329,131
15,2,4.04412,0.0183824,3044,2019,220,1
15,3,2.08893,1.61074,758,5996,83,64
15,4,1.94549,1.71992,2630,2386,69,61
15,5,2.13376,1.21019,3019,1474,67,38
15,6,2.37624,0.185644,6452,3437,64,5
15,7,2.82353,2.82353,3283,3283,64,64
15,8,3.31522,0.0543478,6330,2019,61,1
15,9,4.11628,3.55814,1126,1645,59,51
15,10,5.03049,5.03049,5303,3193,55,55
15,11,2.20183,0.688073,8073,1474,16,5
15,12,2.09677,7.41935,2530,5303,13,46
15,13,1.91489,14.6809,8901,1126,6,46
15,14,15,15,9730,3437,1,1
15,15,0,0,8423,1474,1,1
15,1,5.21119,1.63147,1986,3019,329,103
15,2,2.11165,1.67476,758,5303,87,69
15,3,1.83616,1.49718,937,2386,65,53
15,4,1.86695,0.804721,2530,1474,58,25
15,5,1.875,1.875,5996,5996,51,51
15,6,1.89076,1.38655,3283,3019,45,33
15,7,2.03704,2.03704,6330,1126,44,44
15,8,2.35714,0,5303,2019,44,0
15,9,2.66949,0,1126,2019,42,0
15,10,3.1701,2.93814,6452,2386,41,38
15,11,3.92157,3.23529,1645,3193,40,33
15,12,4.625,0.5,2386,1474,37,4
15,13,1.93966,0,8073,2019,15,0
15,14,1.93069,4.90099,782,2386,13,33
15,15,2.20588,0.220588,6880,3437,10,1
15,1,5.21119,1.69483,1986,1645,329,107
15,2,2.11165,1.57767,758,6452,87,65
15,3,1.83616,1.69492,937,6330,65,60
15,4,1.86695,0.804721,2530,1474,58,25
15,5,1.875,1.875,5996,5996,51,51
15,6,1.89076,1.72269,3283,3193,45,41
15,7,2.16346,1.97115,1126,3193,45,41
15,8,2.47191,0.11236,6452,3437,44,2
15,9,2.43396,2.49057,6330,6452,43,44
15,10,2.71493,0.81448,5303,1474,40,12
15,11,3.31492,0,1645,2019,40,0
15,12,3.93617,3.19149,2386,3019,37,30
15,13,4.45946,0.810811,3193,1474,33,6
15,14,1.92308,6.92308,3044,2386,10,36
15,15,2.14286,14.6429,7462,6330,6,41
15,1,5.21119,1.63147,1986,3019,329,103
15,2,2.11165,1.57767,758,6452,87,65
15,3,1.83616,1.66667,937,1645,65,59
15,4,2.00212,0.540254,1126,706,63,17
15,5,1.94505,1.58242,5996,3019,59,48
15,6,2.08333,2.04545,6330,5303,55,54
15,7,2.37537,2.15543,5303,3283,54,49
15,8,2.61324,2.61324,6452,6452,50,50
15,9,3.16456,3.03797,2386,3283,50,48
15,10,3.77005,0.160428,3283,3437,47,2
15,11,4.92857,4.82143,3193,3019,46,45
15,12,7.02128,0,3019,2019,44,0
15,13,2.4,0,8073,7898,8,0
15,14,2.85714,0.357143,2530,3437,8,1
15,15,1.76471,14.5588,8978,1126,4,33
15,1,5.21119,0.348469,1986,3437,329,22
15,2,2.11165,1.5534,758,2386,87,64
15,3,2.13899,1.86823,3044,1645,79,69
15,4,2.13402,0.123711,6330,3437,69,4
15,5,2.45192,2.19952,1126,6452,68,61
15,6,2.78873,2.87324,5996,1126,66,68
15,7,3.3218,0,5303,2019,64,0
15,8,3.93333,3.46667,3283,3193,59,52
15,9,5.1506,0,3019,7898,57,0
15,10,7.01835,0.137615,3193,3437,51,1
15,11,2.32759,0.517241,8073,1474,9,2
15,12,2.44898,1.22449,2530,706,8,4
15,13,2,14.6667,782,1126,6,44
15,14,15,15,9730,3437,1,1
15,15,0,0,8423,2019,1,0
15,1,5.21119,1.56811,1986,5996,329,99
15,2,2.11165,1.3835,758,1474,87,57
15,3,1.83616,0,937,2019,65,0
15,4,1.86695,1.51288,2530,2386,58,47
15,5,1.875,1.65441,5996,1645,51,45
15,6,1.89076,1.89076,3283,3283,45,45
15,7,2.16346,1.97115,1126,1645,45,41
15,8,2.38007,0,6452,2019,43,0
15,9,2.76316,2.76316,6330,5303,42,42
15,10,2.98387,3.54839,3193,1126,37,44
15,11,3.90845,0.105634,2386,7898,37,1
15,12,4.28571,1.42857,3019,1474,30,10
15,13,2.2,1,3044,1474,11,5
15,14,1.875,0.703125,4671,1474,8,3
15,15,1.72131,0,6961,7898,7,0
15,1,5.21119,1.64731,1986,1126,329,104
15,2,2.11165,1.65049,758,3283,87,68
15,3,1.83616,1.63842,937,5303,65,58
15,4,1.99789,1.99789,5996,5996,63,63
15,5,2.15854,2.15854,1126,1126,59,59
15,6,2.4359,2.39316,6330,6452,57,56
15,7,2.69492,0.101695,3283,3437,53,2
15,8,3.09917,0.0619835,2386,3437,50,1
15,9,3.82812,3.4375,1645,3193,49,44
15,10,4.61538,4.61538,3193,3193,44,44
15,11,6.51515,0,3019,2019,43,0
15,12,2.41071,14.1964,3044,6330,9,53
15,13,10,0,7462,2019,2,0
15,14,15,0,9730,706,1,0
15,15,0,0,8073,3437,1,0
15,1,5.21119,0.348469,1986,3437,329,22
15,2,4.86486,1.57297,3044,2386,300,97
15,3,4.80072,1.84783,7462,5303,265,102
15,4,4.23554,1.94215,5279,3193,205,94
15,5,2.44722,1.95777,6880,3019,85,68
15,6,2.45033,2.28477,6452,1126,74,69
15,7,2.8496,2.65172,6330,5996,72,67
15,8,3.17308,3.36538,3283,6330,66,70
15,9,3.96694,0.0619835,1645,2019,64,1
15,10,5.22472,5.22472,1126,1126,62,62
15,11,7.11207,7.11207,3193,3193,55,55
15,12,2.70492,0,830,7898,11,0
15,13,2.4,0,8978,2019,8,0
15,14,2.14286,0,9027,7898,6,0
15,15,2.5,0,8073,7898,6,0
15,1,5.21119,1.69483,1986,6452,329,107
15,2,2.11165,1.67476,758,5303,87,69
15,3,1.99454,1.55738,3044,3193,73,57
15,4,2.19512,0,5996,2019,72,0
15,5,2.39286,2.17857,6330,2386,67,61
15,6,2.67409,0.0835655,3283,7898,64,2
15,7,3.05085,1.42373,1645,1474,60,28
15,8,3.31461,2.97753,1126,6452,59,53
15,9,3.50467,3.50467,3019,3019,50,50
15,10,1.92073,0.823171,8073,706,21,9
15,11,2.03226,0.193548,2530,3437,21,2
15,12,1.6791,0.11194,6961,3437,15,1
15,13,1.69173,5.30075,937,6330,15,47
15,14,1.74419,0,4686,2019,10,0
15,15,1.57895,0,4671,7898,8,0
15,1,5.21119,1.59979,1986,3193,329,101
15,2,2.11165,0.0728155,758,7898,87,3
15,3,1.83616,1.58192,937,3283,65,56
15,4,1.86695,1.60944,2530,6452,58,50
15,5,1.875,1.875,5996,5996,51,51
15,6,1.89076,1.72269,3283,3193,45,41
15,7,2.08861,0,6330,2019,44,0
15,8,2.31618,1.76471,5303,3019,42,32
15,9,2.5625,2.5625,1645,1645,41,41
15,10,3.01508,0.678392,1126,1474,40,9
15,11,3.67925,0,6452,2019,39,0
15,12,4.5,0.625,2386,1474,36,5
15,13,2.14286,0.714286,4686,1474,12,4
15,14,1.875,0.416667,8073,1474,9,2
15,15,2.14286,0.47619,881,706,9,2
15,1,5.21119,1.64731,1986,5303,329,104
15,2,2.11165,1.5534,758,2386,87,64
15,3,2.13899,0.0812274,3044,7898,79,3
15,4,2.05263,1.8,1126,1645,65,57
15,5,2.04545,0.143541,6330,3437,57,4
15,6,2.28532,2.65928,5996,1126,55,64
15,7,2.72727,0.0505051,6452,7898,54,1
15,8,3.20988,0,5303,2019,52,0
15,9,3.9267,0.39267,3283,706,50,5
15,10,5.10638,0,3019,2019,48,0
15,11,6.6129,6.6129,3193,3193,41,41
15,12,2.30769,0.576923,7462,1474,8,2
15,13,2.1,0,6961,7898,7,0
15,14,2.09302,0.348837,8073,706,6,1
15,15,2.43243,0.405405,782,706,6,1
15,1,5.21119,0.0158395,1986,2019,329,1
15,2,2.11165,1.50485,758,3019,87,62
15,3,2.13129,1.78058,3044,1126,79,66
15,4,1.94969,1.94969,1126,1126,62,62
15,5,2.06024,0.506024,6452,706,57,14
15,6,2.38827,2.34637,3283,5996,57,56
15,7,2.68212,2.68212,6330,6330,54,54
15,8,3.26613,2.66129,2386,3193,54,44
15,9,4.02062,0,5303,2019,52,0
15,10,5.17606,0.633803,1645,1474,49,6
15,11,6.6129,0.806452,3193,1474,41,5
15,12,2.01923,0,8978,7898,7,0
15,13,2,0.666667,8073,3437,6,2
15,14,1.92308,1.53846,8897,1474,5,4
15,15,2.20588,0,881,7898,5,0
15,1,5.21119,0.0158395,1986,2019,329,1
15,2,2.11165,1.3835,758,1474,87,57
15,3,1.83616,1.77966,937,5996,65,63
15,4,1.92308,1.85897,1126,5303,60,58
15,5,2.13235,1.80147,6452,3193,58,49
15,6,2.33983,0,6330,2019,56,0
15,7,2.72277,0.148515,5303,3437,55,3
15,8,3.26613,2.72177,1645,3019,54,45
15,9,3.84236,0.8867,3283,1474,52,12
15,10,4.86755,4.96689,2386,1645,49,50
15,11,1.91176,1.02941,8073,1474,13,7
15,12,1.89474,0.157895,4671,3437,12,1
15,13,1.62651,7.95181,782,1645,9,44
15,14,1.53846,1.15385,8978,706,4,3
15,15,1.66667,0,7734,7898,4,0
15,1,5.21119,1.63147,1986,3019,329,103
15,2,5.08294,0.373223,3044,3437,286,21
15,3,2.2043,1.66667,5279,5303,82,62
15,4,2.04832,1.76471,6452,3283,65,56
15,5,2.22628,1.86131,1126,3193,61,51
15,6,2.33333,0.333333,3283,706,56,8
15,7,2.66447,0,6330,2019,54,0
15,8,3.06,2.94,2386,5996,51,49
15,9,3.73134,3.58209,5303,1645,50,48
15,10,1.96078,4.90196,2530,2386,20,50
15,11,1.91729,4.96241,937,5303,17,44
15,12,2.02247,0.168539,4905,3437,12,1
15,13,1.75325,7.20779,8073,1126,9,37
15,14,2.25,0.75,3026,1474,6,2
15,15,1.32353,0.441176,8978,3437,3,1
15,1,5.21119,1.64731,1986,1126,329,104
15,2,2.11165,1.69903,758,1126,87,70
15,3,2.24453,1.58759,3044,3019,82,58
15,4,2.11224,2.05102,6330,5303,69,67
15,5,2.37589,2.23404,5996,2386,67,63
15,6,2.69663,0.0842697,3283,7898,64,2
15,7,3.13356,3.08219,6452,1645,61,60
15,8,3.81466,0.193966,2386,3437,59,3
15,9,4.42197,5.63584,3193,6330,51,65
15,10,2.33607,0,7462,2019,19,0
15,11,2.03883,0.873786,8978,1474,14,6
15,12,1.85393,8.25843,4671,6330,11,49
15,13,2.25,0,937,2019,6,0
15,14,2.20588,0.441176,782,1474,5,1
15,15,1.55172,0.517241,9017,3437,3,1
15,1,5.21119,1.67899,1986,3283,329,106
15,2,2.11165,1.69903,758,1645,87,70
15,3,1.83616,1.69492,937,6330,65,60
15,4,1.97452,1.84713,1126,6452,62,58
15,5,2.17918,1.99758,5996,1645,60,55
15,6,2.3796,0.679887,5303,1474,56,16
15,7,2.67677,2.92929,3283,1126,53,58
15,8,3.2636,2.76151,1645,3193,52,44
15,9,4.0107,4.0107,2386,2386,50,50
15,10,4.81752,5.25547,3019,3283,44,48
15,11,7.24719,0.337079,3193,706,43,2
15,12,2.6087,14.0217,7462,3019,8,43
15,13,10,5,6709,706,2,1
15,14,15,0,8423,7898,1,0
15,15,0,0,8073,1474,1,0
15,1,5.21119,1.56811,1986,6330,329,99
15,2,2.11165,1.69903,758,6330,87,70
15,3,1.83616,1.66667,937,6452,65,59
15,4,1.86695,1.51288,2530,3193,58,47
15,5,1.875,0.0735294,5996,7898,51,2
15,6,1.89076,1.72269,3283,3193,45,41
15,7,2.08861,1.99367,6330,5303,44,42
15,8,2.35401,0.0547445,1645,3437,43,1
15,9,2.66234,0.649351,1126,706,41,10
15,10,3.15789,3.31579,6452,3283,40,42
15,11,3.64865,3.04054,2386,3019,36,30
15,12,4.01786,4.01786,3019,3019,30,30
15,13,2.0122,1.46341,3044,1474,11,8
15,14,2.11268,0,4671,2019,10,0
15,15,1.47541,1.47541,1474,1474,6,6
15,1,5.21119,1.63147,1986,2386,329,103
15,2,2.11165,1.5534,758,2386,87,64
15,3,2.13899,1.75993,3044,6452,79,65
15,4,2.05263,1.8,1126,3283,65,57
15,5,2.11722,2.04545,5996,6330,59,57
15,6,2.36842,2.36842,6452,6452,57,57
15,7,2.66447,0.394737,3019,706,54,8
15,8,3.12,3.24,5303,5996,52,54
15,9,3.56061,0.0757576,1645,3437,47,1
15,10,4.37086,4.37086,3193,3193,44,44
15,11,1.96262,0,8073,7898,14,0
15,12,2.09677,7.58065,782,1126,13,47
15,13,2.6087,0,7462,7898,8,0
15,14,2.36842,0,6961,7898,6,0
15,15,1.875,0,4671,7898,4,0
15,1,5.21119,1.67899,1986,3283,329,106
15,2,2.11165,1.65049,758,3283,87,68
15,3,1.83616,1.69492,937,6330,65,60
15,4,1.86695,0.804721,2530,1474,58,25
15,5,1.875,0.0735294,5996,7898,51,2
15,6,1.89076,1.84874,3283,6330,45,44
15,7,2.10863,1.82109,5303,2386,44,38
15,8,2.39777,0.780669,1126,1474,43,14
15,9,2.78761,2.78761,6452,1645,42,42
15,10,3.34239,3.09783,1645,2386,41,38
15,11,3.39041,0,3193,7898,33,0
15,12,3.9823,1.06195,3019,1474,30,8
15,13,2.16867,0,8073,7898,12,0
15,14,2.53521,0,6880,2019,12,0
15,15,2.28814,0.254237,782,3437,9,1
15,1,5.21119,1.56811,1986,5996,329,99
15,2,2.11165,1.3835,758,1474,87,57
15,3,1.83616,1.77966,937,1126,65,63
15,4,1.92308,0.0641026,5996,7898,60,2
15,5,2.13235,1.80147,6452,3193,58,49
15,6,2.4,2.18571,6330,2386,56,51
15,7,2.7592,0.150502,5303,3437,55,3
15,8,3.19672,3.19672,3283,1645,52,52
15,9,3.4375,4.29688,3193,6330,44,55
15,10,4.35811,1.41892,3019,1474,43,14
15,11,2.14286,0,3044,2019,15,0
15,12,1.83333,0,8073,2019,11,0
15,13,1.70886,0.189873,2530,7898,9,1
15,14,1.5,7.07143,8978,3283,7,33
15,15,1.62162,0,4671,2019,4,0
15,1,5.21119,2.86695,1986,1474,329,181
15,2,2.11165,0,758,2019,87,0
15,3,1.83616,1.49718,937,2386,65,53
15,4,1.94561,0.878661,5996,1474,62,28
15,5,2.1274,2.09135,1126,5303,59,58
15,6,2.43017,2.34637,6330,6452,58,56
15,7,2.63245,2.58278,3283,1645,53,52
15,8,2.95181,0.060241,1645,7898,49,1
15,9,3.525,0.075,3193,7898,47,1
15,10,3.46734,3.54271,3019,3193,46,47
15,11,2.05882,5.39216,2530,1126,21,55
15,12,1.9898,0.459184,6961,706,13,3
15,13,1.58824,0.705882,8073,1474,9,4
15,14,1.57895,0.197368,4905,3437,8,1
15,15,1.6,0.6,4671,1474,8,3
15,1,5.21119,1.64731,1986,5303,329,104
15,2,2.11165,1.69903,758,1645,87,70
15,3,1.83616,1.58192,937,3283,65,56
15,4,1.95789,0.568421,5996,706,62,18
15,5,1.93654,1.8709,1126,6330,59,57
15,6,2.11055,1.84673,6452,3193,56,49
15,7,2.41228,0.0438596,6330,7898,55,1
15,8,2.66551,2.40418,5303,3019,51,46
15,9,3.17797,2.86017,2386,3019,50,45
15,10,3.79032,0.0806452,1645,3437,47,1
15,11,4.7482,1.18705,3019,1474,44,11
15,12,6.63158,0,3193,7898,42,0
15,13,2.26415,0,7462,2019,8,0
15,14,2,14.6667,8073,5996,6,44
15,15,15,0,9730,2019,1,0
15,1,5.21119,1.56811,1986,6330,329,99
15,2,2.11165,1.69903,758,1126,87,70
15,3,1.83616,0.564972,937,706,65,20
15,4,1.86695,1.28755,2530,3019,58,40
15,5,1.93662,1.8662,5996,6330,55,53
15,6,2.17158,1.89008,1126,2386,54,47
15,7,2.30408,2.30408,5303,5303,49,49
15,8,2.66667,2.27778,3283,3193,48,41
15,9,3.17568,0.0675676,6452,3437,47,1
15,10,3.94286,0.514286,2386,1474,46,6
15,11,4.88372,0.465116,1645,1474,42,4
15,12,4.44,5.04,3193,1645,37,42
15,13,1.98795,8.13253,6961,5996,11,45
15,14,1.97368,0.394737,4905,3437,5,1
15,15,2.27273,0,881,2019,5,0
15,1,5.21119,1.56811,1986,6330,329,99
15,2,2.11165,0.0728155,758,7898,87,3
15,3,1.83616,1.41243,937,3019,65,50
15,4,1.86695,1.28755,2530,3019,58,40
15,5,1.93662,1.76056,5996,5303,55,50
15,6,2.10243,0.6469,1126,706,52,16
15,7,2.3511,0.658307,6330,706,50,14
15,8,2.73234,0.669145,5303,706,49,12
15,9,3.27273,0.0681818,3283,7898,48,1
15,10,4.01163,0.0872093,6452,3437,46,1
15,11,5.35714,0,2386,7898,45,0
15,12,7.59259,0,1645,7898,41,0
15,13,14.25,0.75,3193,1474,38,2
15,14,7.5,0,9730,706,1,0
15,15,15,0,8423,7898,1,0
15,1,5.21119,1.63147,1986,2386,329,103
15,2,2.11165,1.50485,758,3019,87,62
15,3,2.13129,0.782374,3044,706,79,29
15,4,1.94969,0.503145,1126,706,62,16
15,5,2.06024,1.95181,6452,5303,57,54
15,6,2.38827,2.34637,3283,6330,57,56
15,7,2.78146,2.58278,2386,5303,56,52
15,8,3.17073,0.182927,5996,3437,52,3
15,9,4.02062,3.86598,5303,1645,52,50
15,10,4.47917,5.3125,3193,5303,43,51
15,11,2.09677,0,6961,2019,13,0
15,12,2.0625,0.9375,2530,1474,11,5
15,13,2,7.8,4905,3283,10,39
15,14,2.08333,0,881,7898,5,0
15,15,1.93548,0.483871,8073,706,4,1
15,1,5.21119,1.64731,1986,5303,329,104
15,2,2.11165,1.3835,758,1474,87,57
15,3,1.83616,1.58192,937,3283,65,56
15,4,1.86695,1.51288,2530,3193,58,47
15,5,2.00477,0.644391,5996,706,56,18
15,6,2.10744,2.10744,6330,6330,51,51
15,7,2.35577,2.35577,3283,1126,49,49
15,8,2.68061,0.969582,5303,1474,47,17
15,9,2.86585,0.670732,1645,706,47,11
15,10,3.16583,0,2386,2019,42,0
15,11,3.72611,4.20382,6452,3283,39,44
15,12,3.68644,3.68644,3019,3019,29,29
15,13,2.02247,7.41573,8073,3283,12,44
15,14,2.66667,0.666667,3044,3437,8,2
15,15,2.43243,0.405405,4905,706,6,1
15,1,5.21119,1.69483,1986,1645,329,107
15,2,2.11165,1.67476,758,5303,87,69
15,3,1.83616,0.564972,937,706,65,20
15,4,1.86695,1.60944,2530,3283,58,50
15,5,2.01923,0.0721154,5996,7898,56,2
15,6,2.20833,1.91667,1126,2386,53,46
15,7,2.38854,2.48408,6330,1126,50,52
15,8,2.80534,2.17557,6452,3019,49,38
15,9,3.30986,0,5303,2019,47,0
15,10,3.88554,3.88554,1645,1645,43,43
15,11,4.7561,4.7561,3193,3193,39,39
15,12,6.25,8.39286,3019,6330,35,47
15,13,2.83784,14.1892,7462,3019,7,35
15,14,7.5,0,9730,7898,1,0
15,15,15,15,8423,1474,1,1
15,1,5.21119,1.69483,1986,1645,329,107
15,2,4.98214,2.05357,3044,706,279,115
15,3,3.97241,1.8,7462,6452,192,87
15,4,2.05441,1.74484,758,3019,73,62
15,5,2.02174,2.02174,1126,1126,62,62
15,6,2.11055,1.84673,2386,5996,56,49
15,7,2.36842,2.32456,6330,3193,54,53
15,8,2.70833,2.65625,3193,5303,52,51
15,9,3.17797,2.98729,3283,5996,50,47
15,10,3.88889,0.952381,6452,1474,49,12
15,11,5.03571,0.321429,5303,3437,47,3
15,12,7.09677,0.322581,3019,3437,44,2
15,13,2.44898,0,8073,7898,8,0
15,14,2.56098,15,7599,3283,7,41
15,15,0,0,9730,2019,1,0
15,1,5.21119,1.69483,1986,6452,329,107
15,2,2.11165,1.69903,758,1645,87,70
15,3,2.08029,1.88869,5279,6330,76,69
15,4,2.16075,2.09812,1126,5303,69,67
15,5,2.43932,2.25728,5996,3283,67,62
15,6,2.65217,2.43478,2386,3193,61,56
15,7,3.1162,1.32042,6452,1474,59,25
15,8,3.0695,0.173745,3193,3437,53,3
15,9,3.71359,0.728155,3283,706,51,10
15,10,4.83871,0.193548,3019,3437,50,2
15,11,2,7,937,6452,14,49
15,12,2.41071,0,8073,7898,9,0
15,13,2.55319,0.319149,2530,3437,8,1
15,14,1.92308,0.384615,782,3437,5,1
15,15,2.20588,15,543,1126,5,34
15,1,5.21119,1.64731,1986,1126,329,104
15,2,2.11165,0.728155,758,706,87,30
15,3,1.83673,1.22449,5996,1474,72,48
15,4,1.94767,1.71512,2530,3019,67,59
15,5,2.10066,1.96937,6330,2386,64,60
15,6,2.34257,2.267,5303,3283,62,60
15,7,2.64179,0.0447761,3283,7898,59,1
15,8,3.09783,0.0543478,6452,7898,57,1
15,9,3.90411,0,1126,2019,57,0
15,10,4.90741,5.64815,1645,6330,53,61
15,11,6.6055,6.6055,3193,3193,48,48
15,12,2.45902,0.245902,3044,3437,10,1
15,13,1.76471,0,9027,2019,6,0
15,14,2,0.333333,4671,3437,6,1
15,15,2.30769,14.2308,937,6330,6,37
15,1,5.21119,1.56811,1986,5996,329,99
15,2,2.11165,0.728155,758,706,87,30
15,3,1.83616,1.66667,937,1645,65,59
15,4,1.86695,1.80258,2530,5996,58,56
15,5,1.93902,0,1126,2019,53,0
15,6,2.10084,0.630252,6330,706,50,15
15,7,2.10526,1.92982,3283,3193,48,44
15,8,2.2651,0.0503356,1645,7898,45,1
15,9,2.6087,2.78656,5303,6330,44,47
15,10,3.01435,3.01435,2386,2386,42,42
15,11,3.68263,4.04192,6452,3283,41,45
15,12,4.30328,0.122951,3019,3437,35,1
15,13,2.06897,6.89655,4671,6452,12,40
15,14,2.4,0,3044,2019,12,0
15,15,1.90476,0.238095,782,3437,8,1
K,Step,rho_g,rho_p,id,p,deltaG,deltaP
3,1,2.04348,1.96894,1986,3044,329,317
3,2,1.69481,1.67532,758,3044,87,86
3,3,2.91045,2.37313,937,3044,65,53
3,1,2.04348,0.559006,1986,2530,329,90
3,2,1.69481,1.42208,758,2530,87,73
3,3,2.91045,2.86567,937,2530,65,64
3,1,2.04348,0.559006,1986,2530,329,90
3,2,1.69481,1.67532,758,3044,87,86
3,3,2.91045,2.86567,937,2530,65,64
3,1,2.04348,0.559006,1986,2530,329,90
3,2,1.69481,1.42208,758,2530,87,73
3,3,2.91045,2.86567,937,2530,65,64
3,1,2.04348,1.96894,1986,3044,329,317
3,2,1.69481,1.42208,758,2530,87,73
3,3,2.91045,2.37313,937,3044,65,53
3,1,2.04348,1.96894,1986,3044,329,317
3,2,1.69481,1.42208,758,2530,87,73
3,3,2.91045,2.37313,937,3044,65,53
3,1,2.04348,1.96894,1986,3044,329,317
3,2,1.69481,1.67532,758,3044,87,86
3,3,2.91045,2.37313,937,3044,65,53
3,1,2.04348,2.04348,1986,1986,329,329
3,2,1.69481,1.42208,758,2530,87,73
3,3,2.91045,2.86567,937,2530,65,64
3,1,2.04348,2.04348,1986,1986,329,329
3,2,1.69481,1.42208,758,2530,87,73
3,3,2.91045,2.37313,937,3044,65,53
3,1,2.04348,2.04348,1986,1986,329,329
3,2,1.69481,1.67532,758,3044,87,86
3,3,2.91045,2.86567,937,2530,65,64
3,1,2.04348,1.96894,1986,3044,329,317
3,2,1.69481,1.67532,758,3044,87,86
3,3,2.91045,2.86567,937,2530,65,64
3,1,2.04348,0.559006,1986,2530,329,90
3,2,1.69481,1.67532,758,3044,87,86
3,3,2.91045,2.37313,937,3044,65,53
3,1,2.04348,2.04348,1986,1986,329,329
3,2,1.69481,1.42208,758,2530,87,73
3,3,2.91045,2.37313,937,3044,65,53
3,1,2.04348,0.559006,1986,2530,329,90
3,2,1.69481,1.67532,758,3044,87,86
3,3,2.91045,2.37313,937,3044,65,53
3,1,2.04348,0.559006,1986,2530,329,90
3,2,1.69481,1.42208,758,2530,87,73
3,3,2.91045,2.86567,937,2530,65,64
3,1,2.04348,2.04348,1986,1986,329,329
3,2,1.69481,1.67532,758,3044,87,86
3,3,2.91045,2.86567,937,2530,65,64
3,1,2.04348,2.04348,1986,1986,329,329
3,2,1.69481,1.42208,758,2530,87,73
3,3,2.91045,2.37313,937,3044,65,53
3,1,2.04348,2.04348,1986,1986,329,329
3,2,1.69481,1.42208,758,2530,87,73
3,3,2.91045,2.37313,937,3044,65,53
3,1,2.04348,2.04348,1986,1986,329,329
3,2,1.69481,1.42208,758,2530,87,73
3,3,2.91045,2.86567,937,2530,65,64
3,1,2.04348,2.04348,1986,1986,329,329
3,2,1.69481,1.42208,758,2530,87,73
3,3,2.91045,2.86567,937,2530,65,64
3,1,2.04348,1.96894,1986,3044,329,317
3,2,1.69481,1.67532,758,3044,87,86
3,3,2.91045,2.37313,937,3044,65,53
3,1,2.04348,2.04348,1986,1986,329,329
3,2,1.69481,1.42208,758,2530,87,73
3,3,2.91045,2.37313,937,3044,65,53
3,1,2.04348,2.04348,1986,1986,329,329
3,2,1.69481,1.67532,758,3044,87,86
3,3,2.91045,2.37313,937,3044,65,53
3,1,2.04348,1.96894,1986,3044,329,317
3,2,1.69481,1.67532,758,3044,87,86
3,3,2.91045,2.86567,937,2530,65,64
3,1,2.04348,0.559006,1986,2530,329,90
3,2,1.69481,1.67532,758,3044,87,86
3,3,2.91045,2.86567,937,2530,65,64
3,1,2.04348,1.96894,1986,3044,329,317
3,2,1.69481,1.42208,758,2530,87,73
3,3,2.91045,2.37313,937,3044,65,53
3,1,2.04348,0.559006,1986,2530,329,90
3,2,1.69481,1.42208,758,2530,87,73
3,3,2.91045,2.37313,937,3044,65,53
3,1,2.04348,1.96894,1986,3044,329,317
3,2,1.69481,1.67532,758,3044,87,86
3,3,2.91045,2.86567,937,2530,65,64
3,1,2.04348,2.04348,1986,1986,329,329
3,2,1.69481,1.67532,758,3044,87,86
3,3,2.91045,2.37313,937,3044,65,53
3,1,2.04348,2.04348,1986,1986,329,329
3,2,1.69481,1.42208,758,2530,87,73
3,3,2.91045,2.86567,937,2530,65,64
3,1,2.04348,1.96894,1986,3044,329,317
3,2,1.69481,1.67532,758,3044,87,86
3,3,2.91045,2.86567,937,2530,65,64
3,1,2.04348,1.96894,1986,3044,329,317
3,2,1.69481,1.42208,758,2530,87,73
3,3,2.91045,2.37313,937,3044,65,53
3,1,2.04348,2.04348,1986,1986,329,329
3,2,1.69481,1.67532,758,3044,87,86
3,3,2.91045,2.37313,937,3044,65,53
3,1,2.04348,2.04348,1986,1986,329,329
3,2,1.69481,1.67532,758,3044,87,86
3,3,2.91045,2.86567,937,2530,65,64
3,1,2.04348,1.96894,1986,3044,329,317
3,2,1.69481,1.67532,758,3044,87,86
3,3,2.91045,2.86567,937,2530,65,64
3,1,2.04348,1.96894,1986,3044,329,317
3,2,1.69481,1.67532,758,3044,87,86
3,3,2.91045,2.86567,937,2530,65,64
3,1,2.04348,0.559006,1986,2530,329,90
3,2,1.69481,1.42208,758,2530,87,73
3,3,2.91045,2.86567,937,2530,65,64
3,1,2.04348,0.559006,1986,2530,329,90
3,2,1.69481,1.42208,758,2530,87,73
3,3,2.91045,2.37313,937,3044,65,53
3,1,2.04348,0.559006,1986,2530,329,90
3,2,1.69481,1.67532,758,3044,87,86
3,3,2.91045,2.37313,937,3044,65,53
3,1,2.04348,0.559006,1986,2530,329,90
3,2,1.69481,1.67532,758,3044,87,86
3,3,2.91045,2.37313,937,3044,65,53
3,1,2.04348,1.96894,1986,3044,329,317
3,2,1.69481,1.42208,758,2530,87,73
3,3,2.91045,2.86567,937,2530,65,64
3,1,2.04348,1.96894,1986,3044,329,317
3,2,1.69481,1.67532,758,3044,87,86
3,3,2.91045,2.37313,937,3044,65,53
3,1,2.04348,0.559006,1986,2530,329,90
3,2,1.69481,1.42208,758,2530,87,73
3,3,2.91045,2.37313,937,3044,65,53
3,1,2.04348,2.04348,1986,1986,329,329
3,2,1.69481,1.42208,758,2530,87,73
3,3,2.91045,2.37313,937,3044,65,53
3,1,2.04348,1.96894,1986,3044,329,317
3,2,1.69481,1.67532,758,3044,87,86
3,3,2.91045,2.86567,937,2530,65,64
3,1,2.04348,2.04348,1986,1986,329,329
3,2,1.69481,1.42208,758,2530,87,73
3,3,2.91045,2.86567,937,2530,65,64
3,1,2.04348,1.96894,1986,3044,329,317
3,2,1.69481,1.67532,758,3044,87,86
3,3,2.91045,2.37313,937,3044,65,53
3,1,2.04348,1.96894,1986,3044,329,317
3,2,1.69481,1.67532,758,3044,87,86
3,3,2.91045,2.86567,937,2530,65,64
3,1,2.04348,0.559006,1986,2530,329,90
3,2,1.69481,1.42208,758,2530,87,73
3,3,2.91045,2.86567,937,2530,65,64
3,1,2.04348,1.96894,1986,3044,329,317
3,2,1.69481,1.42208,758,2530,87,73
3,3,2.91045,2.86567,937,2530,65,64
4,1,2.42804,0.664207,1986,937,329,90
4,2,1.6338,1.31455,758,937,87,70
4,3,2.06349,1.04762,937,5279,65,33
4,4,3.80328,2.09836,2530,5279,58,32
4,1,2.42804,0.664207,1986,937,329,90
4,2,1.6338,1.37089,758,2530,87,73
4,3,2.06349,2.06349,937,937,65,65
4,4,3.80328,3.80328,2530,2530,58,58
4,1,2.42804,2.42804,1986,1986,329,329
4,2,1.6338,1.31455,758,937,87,70
4,3,2.06349,1.04762,937,5279,65,33
4,4,3.80328,2.09836,2530,5279,58,32
4,1,2.42804,0.664207,1986,937,329,90
4,2,1.6338,1.31455,758,937,87,70
4,3,2.06349,2.03175,937,2530,65,64
4,4,3.80328,2.09836,2530,5279,58,32
4,1,2.42804,2.05166,1986,5279,329,278
4,2,1.6338,1.37089,758,2530,87,73
4,3,2.06349,2.03175,937,2530,65,64
4,4,3.80328,3.80328,2530,2530,58,58
4,1,2.42804,2.05166,1986,5279,329,278
4,2,1.6338,1.57746,758,5279,87,84
4,3,2.06349,2.06349,937,937,65,65
4,4,3.80328,2.09836,2530,5279,58,32
4,1,2.42804,0.664207,1986,937,329,90
4,2,1.6338,1.37089,758,2530,87,73
4,3,2.06349,2.06349,937,937,65,65
4,4,3.80328,2.09836,2530,5279,58,32
4,1,2.42804,2.42804,1986,1986,329,329
4,2,1.6338,1.57746,758,5279,87,84
4,3,2.06349,1.04762,937,5279,65,33
4,4,3.80328,2.09836,2530,5279,58,32
4,1,2.42804,2.05166,1986,5279,329,278
4,2,1.6338,1.37089,758,2530,87,73
4,3,2.06349,2.06349,937,937,65,65
4,4,3.80328,2.09836,2530,5279,58,32
4,1,2.42804,0.664207,1986,2530,329,90
4,2,1.6338,1.31455,758,937,87,70
4,3,2.06349,2.06349,937,937,65,65
4,4,3.80328,3.80328,2530,2530,58,58
4,1,2.42804,0.664207,1986,2530,329,90
4,2,1.6338,1.31455,758,937,87,70
4,3,2.06349,2.03175,937,2530,65,64
4,4,3.80328,3.80328,2530,2530,58,58
4,1,2.42804,0.664207,1986,937,329,90
4,2,1.6338,1.37089,758,2530,87,73
4,3,2.06349,2.03175,937,2530,65,64
4,4,3.80328,3.80328,2530,2530,58,58
4,1,2.42804,2.05166,1986,5279,329,278
4,2,1.6338,1.31455,758,937,87,70
4,3,2.06349,2.03175,937,2530,65,64
4,4,3.80328,3.80328,2530,2530,58,58
4,1,2.42804,0.664207,1986,2530,329,90
4,2,1.6338,1.31455,758,937,87,70
4,3,2.06349,1.04762,937,5279,65,33
4,4,3.80328,2.09836,2530,5279,58,32
4,1,2.42804,0.664207,1986,937,329,90
4,2,1.6338,1.37089,758,2530,87,73
4,3,2.06349,2.06349,937,937,65,65
4,4,3.80328,2.09836,2530,5279,58,32
4,1,2.42804,2.05166,1986,5279,329,278
4,2,1.6338,1.31455,758,937,87,70
4,3,2.06349,2.03175,937,2530,65,64
4,4,3.80328,3.80328,2530,2530,58,58
4,1,2.42804,0.664207,1986,937,329,90
4,2,1.6338,1.57746,758,5279,87,84
4,3,2.06349,2.03175,937,2530,65,64
4,4,3.80328,3.80328,2530,2530,58,58
4,1,2.42804,0.664207,1986,937,329,90
4,2,1.6338,1.57746,758,5279,87,84
4,3,2.06349,1.04762,937,5279,65,33
4,4,3.80328,3.80328,2530,2530,58,58
4,1,2.42804,0.664207,1986,937,329,90
4,2,1.6338,1.31455,758,937,87,70
4,3,2.06349,2.03175,937,2530,65,64
4,4,3.80328,2.09836,2530,5279,58,32
4,1,2.42804,0.664207,1986,937,329,90
4,2,1.6338,1.57746,758,5279,87,84
4,3,2.06349,2.06349,937,937,65,65
4,4,3.80328,2.09836,2530,5279,58,32
4,1,2.42804,2.05166,1986,5279,329,278
4,2,1.6338,1.31455,758,937,87,70
4,3,2.06349,2.03175,937,2530,65,64
4,4,3.80328,3.80328,2530,2530,58,58
4,1,2.42804,0.664207,1986,2530,329,90
4,2,1.6338,1.37089,758,2530,87,73
4,3,2.06349,2.06349,937,937,65,65
4,4,3.80328,2.09836,2530,5279,58,32
4,1,2.42804,0.664207,1986,937,329,90
4,2,1.6338,1.37089,758,2530,87,73
4,3,2.06349,2.03175,937,2530,65,64
4,4,3.80328,2.09836,2530,5279,58,32
4,1,2.42804,2.42804,1986,1986,329,329
4,2,1.6338,1.37089,758,2530,87,73
4,3,2.06349,2.06349,937,937,65,65
4,4,3.80328,2.09836,2530,5279,58,32
4,1,2.42804,2.42804,1986,1986,329,329
4,2,1.6338,1.31455,758,937,87,70
4,3,2.06349,2.06349,937,937,65,65
4,4,3.80328,3.80328,2530,2530,58,58
4,1,2.42804,0.664207,1986,2530,329,90
4,2,1.6338,1.31455,758,937,87,70
4,3,2.06349,1.04762,937,5279,65,33
4,4,3.80328,3.80328,2530,2530,58,58
4,1,2.42804,2.42804,1986,1986,329,329
4,2,1.6338,1.37089,758,2530,87,73
4,3,2.06349,2.03175,937,2530,65,64
4,4,3.80328,3.80328,2530,2530,58,58
4,1,2.42804,2.05166,1986,5279,329,278
4,2,1.6338,1.37089,758,2530,87,73
4,3,2.06349,2.03175,937,2530,65,64
4,4,3.80328,3.80328,2530,2530,58,58
4,1,2.42804,2.05166,1986,5279,329,278
4,2,1.6338,1.57746,758,5279,87,84
4,3,2.06349,1.04762,937,5279,65,33
4,4,3.80328,3.80328,2530,2530,58,58
4,1,2.42804,2.42804,1986,1986,329,329
4,2,1.6338,1.37089,758,2530,87,73
4,3,2.06349,2.03175,937,2530,65,64
4,4,3.80328,3.80328,2530,2530,58,58
4,1,2.42804,2.42804,1986,1986,329,329
4,2,1.6338,1.31455,758,937,87,70
4,3,2.06349,1.04762,937,5279,65,33
4,4,3.80328,2.09836,2530,5279,58,32
4,1,2.42804,2.05166,1986,5279,329,278
4,2,1.6338,1.31455,758,937,87,70
4,3,2.06349,2.06349,937,937,65,65
4,4,3.80328,2.09836,2530,5279,58,32
4,1,2.42804,0.664207,1986,2530,329,90
4,2,1.6338,1.37089,758,2530,87,73
4,3,2.06349,2.03175,937,2530,65,64
4,4,3.80328,2.09836,2530,5279,58,32
4,1,2.42804,0.664207,1986,2530,329,90
4,2,1.6338,1.31455,758,937,87,70
4,3,2.06349,1.04762,937,5279,65,33
4,4,3.80328,2.09836,2530,5279,58,32
4,1,2.42804,2.42804,1986,1986,329,329
4,2,1.6338,1.57746,758,5279,87,84
4,3,2.06349,2.06349,937,937,65,65
4,4,3.80328,2.09836,2530,5279,58,32
4,1,2.42804,0.664207,1986,2530,329,90
4,2,1.6338,1.37089,758,2530,87,73
4,3,2.06349,2.03175,937,2530,65,64
4,4,3.80328,3.80328,2530,2530,58,58
4,1,2.42804,2.42804,1986,1986,329,329
4,2,1.6338,1.31455,758,937,87,70
4,3,2.06349,2.06349,937,937,65,65
4,4,3.80328,3.80328,2530,2530,58,58
4,1,2.42804,2.05166,1986,5279,329,278
4,2,1.6338,1.57746,758,5279,87,84
4,3,2.06349,1.04762,937,5279,65,33
4,4,3.80328,3.80328,2530,2530,58,58
4,1,2.42804,2.05166,1986,5279,329,278
4,2,1.6338,1.31455,758,937,87,70
4,3,2.06349,1.04762,937,5279,65,33
4,4,3.80328,3.80328,2530,2530,58,58
4,1,2.42804,0.664207,1986,937,329,90
4,2,1.6338,1.31455,758,937,87,70
4,3,2.06349,2.03175,937,2530,65,64
4,4,3.80328,3.80328,2530,2530,58,58
4,1,2.42804,0.664207,1986,2530,329,90
4,2,1.6338,1.37089,758,2530,87,73
4,3,2.06349,2.03175,937,2530,65,64
4,4,3.80328,2.09836,2530,5279,58,32
4,1,2.42804,0.664207,1986,2530,329,90
4,2,1.6338,1.57746,758,5279,87,84
4,3,2.06349,2.03175,937,2530,65,64
4,4,3.80328,2.09836,2530,5279,58,32
4,1,2.42804,0.664207,1986,2530,329,90
4,2,1.6338,1.31455,758,937,87,70
4,3,2.06349,1.04762,937,5279,65,33
4,4,3.80328,3.80328,2530,2530,58,58
4,1,2.42804,0.664207,1986,2530,329,90
4,2,1.6338,1.37089,758,2530,87,73
4,3,2.06349,2.06349,937,937,65,65
4,4,3.80328,2.09836,2530,5279,58,32
4,1,2.42804,0.664207,1986,937,329,90
4,2,1.6338,1.31455,758,937,87,70
4,3,2.06349,2.06349,937,937,65,65
4,4,3.80328,3.80328,2530,2530,58,58
4,1,2.42804,0.664207,1986,2530,329,90
4,2,1.6338,1.37089,758,2530,87,73
4,3,2.06349,1.04762,937,5279,65,33
4,4,3.80328,2.09836,2530,5279,58,32
4,1,2.42804,0.664207,1986,937,329,90
4,2,1.6338,1.37089,758,2530,87,73
4,3,2.06349,2.03175,937,2530,65,64
4,4,3.80328,3.80328,2530,2530,58,58
4,1,2.42804,0.664207,1986,937,329,90
4,2,1.6338,1.31455,758,937,87,70
4,3,2.06349,2.06349,937,937,65,65
4,4,3.80328,3.80328,2530,2530,58,58
4,1,2.42804,2.42804,1986,1986,329,329
4,2,1.6338,1.57746,758,5279,87,84
4,3,2.06349,1.04762,937,5279,65,33
4,4,3.80328,3.80328,2530,2530,58,58
4,1,2.42804,2.05166,1986,5279,329,278
4,2,1.6338,1.37089,758,2530,87,73
4,3,2.06349,2.03175,937,2530,65,64
4,4,3.80328,3.80328,2530,2530,58,58
5,1,2.72803,0.862355,1986,5303,329,104
5,2,1.58759,1.27737,758,6330,87,70
5,3,1.73797,1.60428,937,6330,65,60
5,4,2.37705,2.17213,2530,6330,58,53
5,5,3.98438,3.98438,5996,5996,51,51
5,1,2.72803,0.820896,1986,6330,329,99
5,2,1.58759,1.33212,758,5996,87,73
5,3,1.73797,1.60428,937,6330,65,60
5,4,2.37705,2.29508,2530,1126,58,56
5,5,3.98438,3.98438,5996,5996,51,51
5,1,2.72803,2.72803,1986,1986,329,329
5,2,1.58759,1.27737,758,6330,87,70
5,3,1.73797,1.68449,937,5996,65,63
5,4,2.37705,2.17213,2530,6330,58,53
5,5,3.98438,3.98438,5996,5996,51,51
5,1,2.72803,0.862355,1986,5303,329,104
5,2,1.58759,1.27737,758,6330,87,70
5,3,1.73797,1.5508,937,5303,65,58
5,4,2.37705,2.29508,2530,5996,58,56
5,5,3.98438,3.4375,5996,5303,51,44
5,1,2.72803,0.862355,1986,1126,329,104
5,2,1.58759,1.33212,758,5996,87,73
5,3,1.73797,1.68449,937,1126,65,63
5,4,2.37705,2.04918,2530,5303,58,50
5,5,3.98438,3.59375,5996,6330,51,46
5,1,2.72803,0.820896,1986,5996,329,99
5,2,1.58759,1.25912,758,5303,87,69
5,3,1.73797,1.5508,937,5303,65,58
5,4,2.37705,2.29508,2530,1126,58,56
5,5,3.98438,3.59375,5996,6330,51,46
5,1,2.72803,0.820896,1986,5996,329,99
5,2,1.58759,1.33212,758,5996,87,73
5,3,1.73797,1.68449,937,5996,65,63
5,4,2.37705,2.29508,2530,5996,58,56
5,5,3.98438,3.75,5996,1126,51,48
5,1,2.72803,0.820896,1986,5996,329,99
5,2,1.58759,1.25912,758,5303,87,69
5,3,1.73797,1.5508,937,5303,65,58
5,4,2.37705,2.29508,2530,1126,58,56
5,5,3.98438,3.98438,5996,5996,51,51
5,1,2.72803,0.820896,1986,6330,329,99
5,2,1.58759,1.33212,758,5996,87,73
5,3,1.73797,1.68449,937,1126,65,63
5,4,2.37705,2.29508,2530,5996,58,56
5,5,3.98438,3.75,5996,1126,51,48
5,1,2.72803,0.820896,1986,6330,329,99
5,2,1.58759,1.27737,758,6330,87,70
5,3,1.73797,1.68449,937,5996,65,63
5,4,2.37705,2.29508,2530,1126,58,56
5,5,3.98438,3.98438,5996,5996,51,51
5,1,2.72803,0.862355,1986,5303,329,104
5,2,1.58759,1.27737,758,6330,87,70
5,3,1.73797,1.68449,937,1126,65,63
5,4,2.37705,2.29508,2530,1126,58,56
5,5,3.98438,3.98438,5996,5996,51,51
5,1,2.72803,0.862355,1986,1126,329,104
5,2,1.58759,1.27737,758,1126,87,70
5,3,1.73797,1.68449,937,5996,65,63
5,4,2.37705,2.17213,2530,6330,58,53
5,5,3.98438,3.59375,5996,6330,51,46
5,1,2.72803,2.72803,1986,1986,329,329
5,2,1.58759,1.27737,758,1126,87,70
5,3,1.73797,1.60428,937,6330,65,60
5,4,2.37705,2.29508,2530,1126,58,56
5,5,3.98438,3.59375,5996,6330,51,46
5,1,2.72803,2.72803,1986,1986,329,329
5,2,1.58759,1.27737,758,1126,87,70
5,3,1.73797,1.68449,937,5996,65,63
5,4,2.37705,2.17213,2530,6330,58,53
5,5,3.98438,3.75,5996,1126,51,48
5,1,2.72803,0.862355,1986,1126,329,104
5,2,1.58759,1.27737,758,1126,87,70
5,3,1.73797,1.68449,937,1126,65,63
5,4,2.37705,2.29508,2530,5996,58,56
5,5,3.98438,3.59375,5996,6330,51,46
5,1,2.72803,0.862355,1986,1126,329,104
5,2,1.58759,1.33212,758,5996,87,73
5,3,1.73797,1.60428,937,6330,65,60
5,4,2.37705,2.17213,2530,6330,58,53
5,5,3.98438,3.4375,5996,5303,51,44
5,1,2.72803,0.862355,1986,5303,329,104
5,2,1.58759,1.33212,758,5996,87,73
5,3,1.73797,1.5508,937,5303,65,58
5,4,2.37705,2.04918,2530,5303,58,50
5,5,3.98438,3.75,5996,1126,51,48
5,1,2.72803,2.72803,1986,1986,329,329
5,2,1.58759,1.27737,758,1126,87,70
5,3,1.73797,1.68449,937,1126,65,63
5,4,2.37705,2.17213,2530,6330,58,53
5,5,3.98438,3.4375,5996,5303,51,44
5,1,2.72803,0.862355,1986,1126,329,104
5,2,1.58759,1.27737,758,6330,87,70
5,3,1.73797,1.68449,937,5996,65,63
5,4,2.37705,2.29508,2530,1126,58,56
5,5,3.98438,3.98438,5996,5996,51,51
5,1,2.72803,0.820896,1986,5996,329,99
5,2,1.58759,1.25912,758,5303,87,69
5,3,1.73797,1.68449,937,1126,65,63
5,4,2.37705,2.29508,2530,5996,58,56
5,5,3.98438,3.75,5996,1126,51,48
5,1,2.72803,0.820896,1986,5996,329,99
5,2,1.58759,1.27737,758,6330,87,70
5,3,1.73797,1.68449,937,5996,65,63
5,4,2.37705,2.29508,2530,5996,58,56
5,5,3.98438,3.59375,5996,6330,51,46
5,1,2.72803,0.820896,1986,5996,329,99
5,2,1.58759,1.25912,758,5303,87,69
5,3,1.73797,1.60428,937,6330,65,60
5,4,2.37705,2.17213,2530,6330,58,53
5,5,3.98438,3.98438,5996,5996,51,51
5,1,2.72803,0.862355,1986,1126,329,104
5,2,1.58759,1.33212,758,5996,87,73
5,3,1.73797,1.5508,937,5303,65,58
5,4,2.37705,2.29508,2530,5996,58,56
5,5,3.98438,3.98438,5996,5996,51,51
5,1,2.72803,0.862355,1986,1126,329,104
5,2,1.58759,1.27737,758,6330,87,70
5,3,1.73797,1.68449,937,1126,65,63
5,4,2.37705,2.04918,2530,5303,58,50
5,5,3.98438,3.4375,5996,5303,51,44
5,1,2.72803,0.862355,1986,5303,329,104
5,2,1.58759,1.27737,758,6330,87,70
5,3,1.73797,1.68449,937,1126,65,63
5,4,2.37705,2.29508,2530,1126,58,56
5,5,3.98438,3.75,5996,1126,51,48
5,1,2.72803,0.820896,1986,6330,329,99
5,2,1.58759,1.27737,758,1126,87,70
5,3,1.73797,1.68449,937,5996,65,63
5,4,2.37705,2.17213,2530,6330,58,53
5,5,3.98438,3.4375,5996,5303,51,44
5,1,2.72803,2.72803,1986,1986,329,329
5,2,1.58759,1.27737,758,6330,87,70
5,3,1.73797,1.60428,937,6330,65,60
5,4,2.37705,2.29508,2530,1126,58,56
5,5,3.98438,3.4375,5996,5303,51,44
5,1,2.72803,0.820896,1986,5996,329,99
5,2,1.58759,1.27737,758,1126,87,70
5,3,1.73797,1.60428,937,6330,65,60
5,4,2.37705,2.29508,2530,5996,58,56
5,5,3.98438,3.4375,5996,5303,51,44
5,1,2.72803,0.820896,1986,5996,329,99
5,2,1.58759,1.27737,758,6330,87,70
5,3,1.73797,1.60428,937,6330,65,60
5,4,2.37705,2.04918,2530,5303,58,50
5,5,3.98438,3.59375,5996,6330,51,46
5,1,2.72803,2.72803,1986,1986,329,329
5,2,1.58759,1.27737,758,6330,87,70
5,3,1.73797,1.5508,937,5303,65,58
5,4,2.37705,2.17213,2530,6330,58,53
5,5,3.98438,3.59375,5996,6330,51,46
5,1,2.72803,0.862355,1986,1126,329,104
5,2,1.58759,1.27737,758,6330,87,70
5,3,1.73797,1.68449,937,1126,65,63
5,4,2.37705,2.17213,2530,6330,58,53
5,5,3.98438,3.4375,5996,5303,51,44
5,1,2.72803,0.862355,1986,1126,329,104
5,2,1.58759,1.33212,758,5996,87,73
5,3,1.73797,1.68449,937,5996,65,63
5,4,2.37705,2.17213,2530,6330,58,53
5,5,3.98438,3.98438,5996,5996,51,51
5,1,2.72803,2.72803,1986,1986,329,329
5,2,1.58759,1.25912,758,5303,87,69
5,3,1.73797,1.5508,937,5303,65,58
5,4,2.37705,2.17213,2530,6330,58,53
5,5,3.98438,3.59375,5996,6330,51,46
5,1,2.72803,0.820896,1986,5996,329,99
5,2,1.58759,1.25912,758,5303,87,69
5,3,1.73797,1.68449,937,1126,65,63
5,4,2.37705,2.04918,2530,5303,58,50
5,5,3.98438,3.98438,5996,5996,51,51
5,1,2.72803,0.820896,1986,6330,329,99
5,2,1.58759,1.27737,758,1126,87,70
5,3,1.73797,1.68449,937,5996,65,63
5,4,2.37705,2.04918,2530,5303,58,50
5,5,3.98438,3.4375,5996,5303,51,44
5,1,2.72803,0.862355,1986,1126,329,104
5,2,1.58759,1.27737,758,1126,87,70
5,3,1.73797,1.68449,937,1126,65,63
5,4,2.37705,2.17213,2530,6330,58,53
5,5,3.98438,3.75,5996,1126,51,48
5,1,2.72803,2.72803,1986,1986,329,329
5,2,1.58759,1.27737,758,1126,87,70
5,3,1.73797,1.68449,937,1126,65,63
5,4,2.37705,2.29508,2530,5996,58,56
5,5,3.98438,3.59375,5996,6330,51,46
5,1,2.72803,2.72803,1986,1986,329,329
5,2,1.58759,1.27737,758,1126,87,70
5,3,1.73797,1.60428,937,6330,65,60
5,4,2.37705,2.29508,2530,1126,58,56
5,5,3.98438,3.4375,5996,5303,51,44
5,1,2.72803,0.862355,1986,5303,329,104
5,2,1.58759,1.27737,758,6330,87,70
5,3,1.73797,1.5508,937,5303,65,58
5,4,2.37705,2.17213,2530,6330,58,53
5,5,3.98438,3.59375,5996,6330,51,46
5,1,2.72803,0.820896,1986,6330,329,99
5,2,1.58759,1.27737,758,1126,87,70
5,3,1.73797,1.68449,937,5996,65,63
5,4,2.37705,2.29508,2530,1126,58,56
5,5,3.98438,3.75,5996,1126,51,48
5,1,2.72803,0.820896,1986,6330,329,99
5,2,1.58759,1.25912,758,5303,87,69
5,3,1.73797,1.60428,937,6330,65,60
5,4,2.37705,2.29508,2530,5996,58,56
5,5,3.98438,3.59375,5996,6330,51,46
5,1,2.72803,0.820896,1986,6330,329,99
5,2,1.58759,1.25912,758,5303,87,69
5,3,1.73797,1.5508,937,5303,65,58
5,4,2.37705,2.29508,2530,1126,58,56
5,5,3.98438,3.75,5996,1126,51,48
5,1,2.72803,0.820896,1986,5996,329,99
5,2,1.58759,1.33212,758,5996,87,73
5,3,1.73797,1.68449,937,1126,65,63
5,4,2.37705,2.29508,2530,5996,58,56
5,5,3.98438,3.4375,5996,5303,51,44
5,1,2.72803,2.72803,1986,1986,329,329
5,2,1.58759,1.33212,758,5996,87,73
5,3,1.73797,1.68449,937,5996,65,63
5,4,2.37705,2.29508,2530,5996,58,56
5,5,3.98438,3.59375,5996,6330,51,46
5,1,2.72803,0.862355,1986,1126,329,104
5,2,1.58759,1.27737,758,6330,87,70
5,3,1.73797,1.5508,937,5303,65,58
5,4,2.37705,2.17213,2530,6330,58,53
5,5,3.98438,3.59375,5996,6330,51,46
5,1,2.72803,0.820896,1986,6330,329,99
5,2,1.58759,1.27737,758,6330,87,70
5,3,1.73797,1.5508,937,5303,65,58
5,4,2.37705,2.17213,2530,6330,58,53
5,5,3.98438,3.4375,5996,5303,51,44
5,1,2.72803,0.862355,1986,1126,329,104
5,2,1.58759,1.27737,758,6330,87,70
5,3,1.73797,1.68449,937,1126,65,63
5,4,2.37705,2.29508,2530,5996,58,56
5,5,3.98438,3.4375,5996,5303,51,44
5,1,2.72803,0.820896,1986,5996,329,99
5,2,1.58759,1.25912,758,5303,87,69
5,3,1.73797,1.60428,937,6330,65,60
5,4,2.37705,2.04918,2530,5303,58,50
5,5,3.98438,3.59375,5996,6330,51,46
5,1,2.72803,0.862355,1986,5303,329,104
5,2,1.58759,1.25912,758,5303,87,69
5,3,1.73797,1.68449,937,1126,65,63
5,4,2.37705,2.29508,2530,5996,58,56
5,5,3.98438,3.75,5996,1126,51,48
5,1,2.72803,0.862355,1986,1126,329,104
5,2,1.58759,1.27737,758,6330,87,70
5,3,1.73797,1.68449,937,1126,65,63
5,4,2.37705,2.17213,2530,6330,58,53
5,5,3.98438,3.75,5996,1126,51,48
6,1,2.95952,0.935532,1986,1126,329,104
6,2,1.54438,1.2426,758,1126,87,70
6,3,1.55378,1.41036,937,1645,65,59
6,4,1.87097,1.6129,2530,5303,58,50
6,5,2.39062,2.10938,5996,1645,51,45
6,6,3.50649,3.35065,3283,1645,45,43
6,1,2.95952,0.935532,1986,1126,329,104
6,2,1.54438,1.22485,758,5303,87,69
6,3,1.55378,1.38645,937,5303,65,58
6,4,1.87097,1.6129,2530,5303,58,50
6,5,2.39062,2.0625,5996,5303,51,44
6,6,3.50649,3.42857,3283,5303,45,44
6,1,2.95952,0.935532,1986,5303,329,104
6,2,1.54438,1.2426,758,1126,87,70
6,3,1.55378,1.43426,937,6330,65,60
6,4,1.87097,1.80645,2530,1126,58,56
6,5,2.39062,2.25,5996,1126,51,48
6,6,3.50649,3.35065,3283,1645,45,43
6,1,2.95952,2.95952,1986,1986,329,329
6,2,1.54438,1.2426,758,1126,87,70
6,3,1.55378,1.50598,937,1126,65,63
6,4,1.87097,1.80645,2530,5996,58,56
6,5,2.39062,2.25,5996,1126,51,48
6,6,3.50649,3.35065,3283,1645,45,43
6,1,2.95952,0.890555,1986,5996,329,99
6,2,1.54438,1.2426,758,1645,87,70
6,3,1.55378,1.43426,937,6330,65,60
6,4,1.87097,1.6129,2530,1645,58,50
6,5,2.39062,2.15625,5996,6330,51,46
6,6,3.50649,3.50649,3283,1126,45,45
6,1,2.95952,0.890555,1986,6330,329,99
6,2,1.54438,1.29586,758,5996,87,73
6,3,1.55378,1.43426,937,6330,65,60
6,4,1.87097,1.6129,2530,1645,58,50
6,5,2.39062,2.15625,5996,6330,51,46
6,6,3.50649,3.50649,3283,1126,45,45
6,1,2.95952,0.890555,1986,5996,329,99
6,2,1.54438,1.2426,758,6330,87,70
6,3,1.55378,1.50598,937,1126,65,63
6,4,1.87097,1.80645,2530,5996,58,56
6,5,2.39062,2.0625,5996,5303,51,44
6,6,3.50649,3.42857,3283,5303,45,44
6,1,2.95952,0.935532,1986,1126,329,104
6,2,1.54438,1.22485,758,5303,87,69
6,3,1.55378,1.50598,937,1126,65,63
6,4,1.87097,1.6129,2530,5303,58,50
6,5,2.39062,2.0625,5996,5303,51,44
6,6,3.50649,3.42857,3283,6330,45,44
6,1,2.95952,0.890555,1986,5996,329,99
6,2,1.54438,1.2426,758,1126,87,70
6,3,1.55378,1.43426,937,6330,65,60
6,4,1.87097,1.6129,2530,5303,58,50
6,5,2.39062,2.39062,5996,5996,51,51
6,6,3.50649,3.42857,3283,6330,45,44
6,1,2.95952,0.935532,1986,5303,329,104
6,2,1.54438,1.2426,758,1645,87,70
6,3,1.55378,1.43426,937,6330,65,60
6,4,1.87097,1.80645,2530,5996,58,56
6,5,2.39062,2.10938,5996,1645,51,45
6,6,3.50649,3.42857,3283,6330,45,44
6,1,2.95952,0.935532,1986,1126,329,104
6,2,1.54438,1.2426,758,1645,87,70
6,3,1.55378,1.38645,937,5303,65,58
6,4,1.87097,1.80645,2530,1126,58,56
6,5,2.39062,2.10938,5996,1645,51,45
6,6,3.50649,3.42857,3283,5303,45,44
6,1,2.95952,0.935532,1986,5303,329,104
6,2,1.54438,1.2426,758,1645,87,70
6,3,1.55378,1.43426,937,6330,65,60
6,4,1.87097,1.70968,2530,6330,58,53
6,5,2.39062,2.15625,5996,6330,51,46
6,6,3.50649,3.42857,3283,5303,45,44
6,1,2.95952,0.890555,1986,5996,329,99
6,2,1.54438,1.2426,758,1645,87,70
6,3,1.55378,1.38645,937,5303,65,58
6,4,1.87097,1.6129,2530,1645,58,50
6,5,2.39062,2.0625,5996,5303,51,44
6,6,3.50649,3.35065,3283,1645,45,43
6,1,2.95952,0.935532,1986,1126,329,104
6,2,1.54438,1.2426,758,1126,87,70
6,3,1.55378,1.43426,937,6330,65,60
6,4,1.87097,1.80645,2530,5996,58,56
6,5,2.39062,2.10938,5996,1645,51,45
6,6,3.50649,3.50649,3283,1126,45,45
6,1,2.95952,2.95952,1986,1986,329,329
6,2,1.54438,1.2426,758,1645,87,70
6,3,1.55378,1.50598,937,1126,65,63
6,4,1.87097,1.80645,2530,5996,58,56
6,5,2.39062,2.25,5996,1126,51,48
6,6,3.50649,3.50649,3283,1126,45,45
6,1,2.95952,2.95952,1986,1986,329,329
6,2,1.54438,1.29586,758,5996,87,73
6,3,1.55378,1.41036,937,1645,65,59
6,4,1.87097,1.6129,2530,1645,58,50
6,5,2.39062,2.25,5996,1126,51,48
6,6,3.50649,3.42857,3283,6330,45,44
6,1,2.95952,0.890555,1986,5996,329,99
6,2,1.54438,1.22485,758,5303,87,69
6,3,1.55378,1.50598,937,5996,65,63
6,4,1.87097,1.6129,2530,1645,58,50
6,5,2.39062,2.10938,5996,1645,51,45
6,6,3.50649,3.42857,3283,5303,45,44
6,1,2.95952,0.935532,1986,5303,329,104
6,2,1.54438,1.22485,758,5303,87,69
6,3,1.55378,1.43426,937,6330,65,60
6,4,1.87097,1.6129,2530,1645,58,50
6,5,2.39062,2.0625,5996,5303,51,44
6,6,3.50649,3.42857,3283,6330,45,44
6,1,2.95952,0.890555,1986,5996,329,99
6,2,1.54438,1.2426,758,1645,87,70
6,3,1.55378,1.38645,937,5303,65,58
6,4,1.87097,1.6129,2530,5303,58,50
6,5,2.39062,2.15625,5996,6330,51,46
6,6,3.50649,3.50649,3283,1126,45,45
6,1,2.95952,0.890555,1986,6330,329,99
6,2,1.54438,1.2426,758,1645,87,70
6,3,1.55378,1.38645,937,5303,65,58
6,4,1.87097,1.6129,2530,5303,58,50
6,5,2.39062,2.0625,5996,5303,51,44
6,6,3.50649,3.42857,3283,6330,45,44
6,1,2.95952,2.95952,1986,1986,329,329
6,2,1.54438,1.2426,758,1645,87,70
6,3,1.55378,1.50598,937,1126,65,63
6,4,1.87097,1.70968,2530,6330,58,53
6,5,2.39062,2.15625,5996,6330,51,46
6,6,3.50649,3.42857,3283,6330,45,44
6,1,2.95952,0.935532,1986,1126,329,104
6,2,1.54438,1.29586,758,5996,87,73
6,3,1.55378,1.50598,937,5996,65,63
6,4,1.87097,1.6129,2530,1645,58,50
6,5,2.39062,2.25,5996,1126,51,48
6,6,3.50649,3.50649,3283,1126,45,45
6,1,2.95952,2.95952,1986,1986,329,329
6,2,1.54438,1.2426,758,1126,87,70
6,3,1.55378,1.43426,937,6330,65,60
6,4,1.87097,1.6129,2530,1645,58,50
6,5,2.39062,2.25,5996,1126,51,48
6,6,3.50649,3.50649,3283,1126,45,45
6,1,2.95952,0.962519,1986,1645,329,107
6,2,1.54438,1.29586,758,5996,87,73
6,3,1.55378,1.43426,937,6330,65,60
6,4,1.87097,1.6129,2530,5303,58,50
6,5,2.39062,2.39062,5996,5996,51,51
6,6,3.50649,3.35065,3283,1645,45,43
6,1,2.95952,0.935532,1986,1126,329,104
6,2,1.54438,1.22485,758,5303,87,69
6,3,1.55378,1.38645,937,5303,65,58
6,4,1.87097,1.70968,2530,6330,58,53
6,5,2.39062,2.25,5996,1126,51,48
6,6,3.50649,3.42857,3283,6330,45,44
6,1,2.95952,0.935532,1986,1126,329,104
6,2,1.54438,1.2426,758,1645,87,70
6,3,1.55378,1.50598,937,5996,65,63
6,4,1.87097,1.80645,2530,5996,58,56
6,5,2.39062,2.25,5996,1126,51,48
6,6,3.50649,3.42857,3283,5303,45,44
6,1,2.95952,0.890555,1986,6330,329,99
6,2,1.54438,1.2426,758,1645,87,70
6,3,1.55378,1.50598,937,5996,65,63
6,4,1.87097,1.6129,2530,5303,58,50
6,5,2.39062,2.15625,5996,6330,51,46
6,6,3.50649,3.42857,3283,5303,45,44
6,1,2.95952,0.890555,1986,5996,329,99
6,2,1.54438,1.29586,758,5996,87,73
6,3,1.55378,1.50598,937,1126,65,63
6,4,1.87097,1.80645,2530,5996,58,56
6,5,2.39062,2.10938,5996,1645,51,45
6,6,3.50649,3.42857,3283,6330,45,44
6,1,2.95952,0.935532,1986,5303,329,104
6,2,1.54438,1.2426,758,6330,87,70
6,3,1.55378,1.43426,937,6330,65,60
6,4,1.87097,1.6129,2530,5303,58,50
6,5,2.39062,2.0625,5996,5303,51,44
6,6,3.50649,3.42857,3283,5303,45,44
6,1,2.95952,0.890555,1986,5996,329,99
6,2,1.54438,1.2426,758,1645,87,70
6,3,1.55378,1.41036,937,1645,65,59
6,4,1.87097,1.6129,2530,1645,58,50
6,5,2.39062,2.15625,5996,6330,51,46
6,6,3.50649,3.42857,3283,5303,45,44
6,1,2.95952,0.935532,1986,5303,329,104
6,2,1.54438,1.2426,758,1126,87,70
6,3,1.55378,1.50598,937,5996,65,63
6,4,1.87097,1.6129,2530,1645,58,50
6,5,2.39062,2.0625,5996,5303,51,44
6,6,3.50649,3.42857,3283,5303,45,44
6,1,2.95952,0.890555,1986,5996,329,99
6,2,1.54438,1.2426,758,6330,87,70
6,3,1.55378,1.50598,937,5996,65,63
6,4,1.87097,1.80645,2530,5996,58,56
6,5,2.39062,2.10938,5996,1645,51,45
6,6,3.50649,3.35065,3283,1645,45,43
6,1,2.95952,2.95952,1986,1986,329,329
6,2,1.54438,1.2426,758,6330,87,70
6,3,1.55378,1.41036,937,1645,65,59
6,4,1.87097,1.6129,2530,1645,58,50
6,5,2.39062,2.39062,5996,5996,51,51
6,6,3.50649,3.42857,3283,5303,45,44
6,1,2.95952,0.935532,1986,5303,329,104
6,2,1.54438,1.2426,758,1645,87,70
6,3,1.55378,1.43426,937,6330,65,60
6,4,1.87097,1.70968,2530,6330,58,53
6,5,2.39062,2.39062,5996,5996,51,51
6,6,3.50649,3.42857,3283,6330,45,44
6,1,2.95952,0.890555,1986,6330,329,99
6,2,1.54438,1.2426,758,1126,87,70
6,3,1.55378,1.43426,937,6330,65,60
6,4,1.87097,1.6129,2530,1645,58,50
6,5,2.39062,2.15625,5996,6330,51,46
6,6,3.50649,3.42857,3283,5303,45,44
6,1,2.95952,2.95952,1986,1986,329,329
6,2,1.54438,1.2426,758,1645,87,70
6,3,1.55378,1.50598,937,5996,65,63
6,4,1.87097,1.80645,2530,5996,58,56
6,5,2.39062,2.25,5996,1126,51,48
6,6,3.50649,3.42857,3283,5303,45,44
6,1,2.95952,2.95952,1986,1986,329,329
6,2,1.54438,1.22485,758,5303,87,69
6,3,1.55378,1.50598,937,5996,65,63
6,4,1.87097,1.70968,2530,6330,58,53
6,5,2.39062,2.25,5996,1126,51,48
6,6,3.50649,3.42857,3283,6330,45,44
6,1,2.95952,0.935532,1986,1126,329,104
6,2,1.54438,1.2426,758,1126,87,70
6,3,1.55378,1.50598,937,5996,65,63
6,4,1.87097,1.6129,2530,1645,58,50
6,5,2.39062,2.10938,5996,1645,51,45
6,6,3.50649,3.50649,3283,1126,45,45
6,1,2.95952,0.962519,1986,1645,329,107
6,2,1.54438,1.2426,758,6330,87,70
6,3,1.55378,1.50598,937,5996,65,63
6,4,1.87097,1.6129,2530,1645,58,50
6,5,2.39062,2.10938,5996,1645,51,45
6,6,3.50649,3.42857,3283,6330,45,44
6,1,2.95952,0.935532,1986,5303,329,104
6,2,1.54438,1.22485,758,5303,87,69
6,3,1.55378,1.43426,937,6330,65,60
6,4,1.87097,1.70968,2530,6330,58,53
6,5,2.39062,2.15625,5996,6330,51,46
6,6,3.50649,3.35065,3283,1645,45,43
6,1,2.95952,0.890555,1986,6330,329,99
6,2,1.54438,1.2426,758,6330,87,70
6,3,1.55378,1.50598,937,1126,65,63
6,4,1.87097,1.6129,2530,5303,58,50
6,5,2.39062,2.15625,5996,6330,51,46
6,6,3.50649,3.50649,3283,1126,45,45
6,1,2.95952,0.935532,1986,5303,329,104
6,2,1.54438,1.2426,758,1645,87,70
6,3,1.55378,1.41036,937,1645,65,59
6,4,1.87097,1.70968,2530,6330,58,53
6,5,2.39062,2.39062,5996,5996,51,51
6,6,3.50649,3.42857,3283,6330,45,44
6,1,2.95952,0.890555,1986,6330,329,99
6,2,1.54438,1.2426,758,6330,87,70
6,3,1.55378,1.50598,937,5996,65,63
6,4,1.87097,1.80645,2530,1126,58,56
6,5,2.39062,2.39062,5996,5996,51,51
6,6,3.50649,3.50649,3283,1126,45,45
6,1,2.95952,0.935532,1986,1126,329,104
6,2,1.54438,1.2426,758,1126,87,70
6,3,1.55378,1.50598,937,1126,65,63
6,4,1.87097,1.80645,2530,1126,58,56
6,5,2.39062,2.0625,5996,5303,51,44
6,6,3.50649,3.50649,3283,1126,45,45
6,1,2.95952,0.935532,1986,1126,329,104
6,2,1.54438,1.22485,758,5303,87,69
6,3,1.55378,1.43426,937,6330,65,60
6,4,1.87097,1.80645,2530,5996,58,56
6,5,2.39062,2.25,5996,1126,51,48
6,6,3.50649,3.35065,3283,1645,45,43
6,1,2.95952,0.935532,1986,5303,329,104
6,2,1.54438,1.29586,758,5996,87,73
6,3,1.55378,1.38645,937,5303,65,58
6,4,1.87097,1.6129,2530,5303,58,50
6,5,2.39062,2.15625,5996,6330,51,46
6,6,3.50649,3.35065,3283,1645,45,43
6,1,2.95952,0.935532,1986,5303,329,104
6,2,1.54438,1.2426,758,1126,87,70
6,3,1.55378,1.38645,937,5303,65,58
6,4,1.87097,1.6129,2530,5303,58,50
6,5,2.39062,2.25,5996,1126,51,48
6,6,3.50649,3.35065,3283,1645,45,43
6,1,2.95952,0.935532,1986,5303,329,104
6,2,1.54438,1.22485,758,5303,87,69
6,3,1.55378,1.38645,937,5303,65,58
6,4,1.87097,1.70968,2530,6330,58,53
6,5,2.39062,2.39062,5996,5996,51,51
6,6,3.50649,3.42857,3283,6330,45,44
6,1,2.95952,0.935532,1986,1126,329,104
6,2,1.54438,1.22485,758,5303,87,69
6,3,1.55378,1.38645,937,5303,65,58
6,4,1.87097,1.6129,2530,5303,58,50
6,5,2.39062,2.39062,5996,5996,51,51
6,6,3.50649,3.42857,3283,5303,45,44
6,1,2.95952,0.962519,1986,1645,329,107
6,2,1.54438,1.2426,758,1126,87,70
6,3,1.55378,1.41036,937,1645,65,59
6,4,1.87097,1.80645,2530,5996,58,56
6,5,2.39062,2.0625,5996,5303,51,44
6,6,3.50649,3.35065,3283,1645,45,43
7,1,3.16781,1.00138,1986,5303,329,104
7,2,1.53015,1.23116,758,1126,87,70
7,3,1.46302,1.35048,937,6330,65,60
7,4,1.65041,1.5935,2530,1126,58,56
7,5,1.89894,1.71277,5996,6330,51,46
7,6,2.29927,2.29927,3283,1126,45,45
7,7,3.42391,3.42391,1126,1126,45,45
7,1,3.16781,1.03026,1986,1645,329,107
7,2,1.53015,1.23116,758,1645,87,70
7,3,1.46302,1.32797,937,1645,65,59
7,4,1.65041,1.5935,2530,1126,58,56
7,5,1.89894,1.89894,5996,5996,51,51
7,6,2.29927,2.24818,3283,6330,45,44
7,7,3.42391,3.42391,1126,1126,45,45
7,1,3.16781,3.16781,1986,1986,329,329
7,2,1.53015,1.23116,758,1126,87,70
7,3,1.46302,1.32797,937,1645,65,59
7,4,1.65041,1.5935,2530,5996,58,56
7,5,1.89894,1.6383,5996,5303,51,44
7,6,2.29927,1.94161,3283,2386,45,38
7,7,3.42391,3.34783,1126,6330,45,44
7,1,3.16781,0.991747,1986,2386,329,103
7,2,1.53015,1.21357,758,5303,87,69
7,3,1.46302,1.30547,937,5303,65,58
7,4,1.65041,1.5935,2530,5996,58,56
7,5,1.89894,1.89894,5996,5996,51,51
7,6,2.29927,2.19708,3283,1645,45,43
7,7,3.42391,3.42391,1126,1126,45,45
7,1,3.16781,0.991747,1986,2386,329,103
7,2,1.53015,1.28392,758,5996,87,73
7,3,1.46302,1.41801,937,5996,65,63
7,4,1.65041,1.42276,2530,1645,58,50
7,5,1.89894,1.6383,5996,5303,51,44
7,6,2.29927,2.24818,3283,5303,45,44
7,7,3.42391,2.8913,1126,2386,45,38
7,1,3.16781,0.953232,1986,5996,329,99
7,2,1.53015,1.23116,758,6330,87,70
7,3,1.46302,1.35048,937,6330,65,60
7,4,1.65041,1.5935,2530,5996,58,56
7,5,1.89894,1.67553,5996,1645,51,45
7,6,2.29927,1.94161,3283,2386,45,38
7,7,3.42391,2.8913,1126,2386,45,38
7,1,3.16781,1.00138,1986,5303,329,104
7,2,1.53015,1.23116,758,1126,87,70
7,3,1.46302,1.35048,937,6330,65,60
7,4,1.65041,1.3374,2530,2386,58,47
7,5,1.89894,1.45213,5996,2386,51,39
7,6,2.29927,2.29927,3283,1126,45,45
7,7,3.42391,3.11957,1126,1645,45,41
7,1,3.16781,0.991747,1986,2386,329,103
7,2,1.53015,1.23116,758,1126,87,70
7,3,1.46302,1.41801,937,1126,65,63
7,4,1.65041,1.3374,2530,2386,58,47
7,5,1.89894,1.67553,5996,1645,51,45
7,6,2.29927,1.94161,3283,2386,45,38
7,7,3.42391,3.27174,1126,5303,45,43
7,1,3.16781,3.16781,1986,1986,329,329
7,2,1.53015,1.12563,758,2386,87,64
7,3,1.46302,1.41801,937,1126,65,63
7,4,1.65041,1.50813,2530,6330,58,53
7,5,1.89894,1.71277,5996,6330,51,46
7,6,2.29927,1.94161,3283,2386,45,38
7,7,3.42391,3.34783,1126,6330,45,44
7,1,3.16781,0.991747,1986,2386,329,103
7,2,1.53015,1.23116,758,6330,87,70
7,3,1.46302,1.41801,937,5996,65,63
7,4,1.65041,1.50813,2530,6330,58,53
7,5,1.89894,1.71277,5996,6330,51,46
7,6,2.29927,2.29927,3283,1126,45,45
7,7,3.42391,3.34783,1126,6330,45,44
7,1,3.16781,0.991747,1986,2386,329,103
7,2,1.53015,1.23116,758,6330,87,70
7,3,1.46302,1.35048,937,6330,65,60
7,4,1.65041,1.50813,2530,6330,58,53
7,5,1.89894,1.67553,5996,1645,51,45
7,6,2.29927,2.19708,3283,1645,45,43
7,7,3.42391,3.27174,1126,5303,45,43
7,1,3.16781,0.991747,1986,2386,329,103
7,2,1.53015,1.23116,758,6330,87,70
7,3,1.46302,1.32797,937,1645,65,59
7,4,1.65041,1.42276,2530,1645,58,50
7,5,1.89894,1.45213,5996,2386,51,39
7,6,2.29927,1.94161,3283,2386,45,38
7,7,3.42391,3.11957,1126,1645,45,41
7,1,3.16781,0.953232,1986,6330,329,99
7,2,1.53015,1.12563,758,2386,87,64
7,3,1.46302,1.41801,937,1126,65,63
7,4,1.65041,1.42276,2530,5303,58,50
7,5,1.89894,1.78723,5996,1126,51,48
7,6,2.29927,2.24818,3283,5303,45,44
7,7,3.42391,3.34783,1126,6330,45,44
7,1,3.16781,1.00138,1986,5303,329,104
7,2,1.53015,1.23116,758,6330,87,70
7,3,1.46302,1.41801,937,5996,65,63
7,4,1.65041,1.50813,2530,6330,58,53
7,5,1.89894,1.71277,5996,6330,51,46
7,6,2.29927,2.24818,3283,6330,45,44
7,7,3.42391,3.42391,1126,1126,45,45
7,1,3.16781,0.991747,1986,2386,329,103
7,2,1.53015,1.28392,758,5996,87,73
7,3,1.46302,1.35048,937,6330,65,60
7,4,1.65041,1.5935,2530,5996,58,56
7,5,1.89894,1.67553,5996,1645,51,45
7,6,2.29927,2.24818,3283,5303,45,44
7,7,3.42391,3.27174,1126,5303,45,43
7,1,3.16781,3.16781,1986,1986,329,329
7,2,1.53015,1.21357,758,5303,87,69
7,3,1.46302,1.41801,937,1126,65,63
7,4,1.65041,1.50813,2530,6330,58,53
7,5,1.89894,1.45213,5996,2386,51,39
7,6,2.29927,2.29927,3283,1126,45,45
7,7,3.42391,3.11957,1126,1645,45,41
7,1,3.16781,0.991747,1986,2386,329,103
7,2,1.53015,1.12563,758,2386,87,64
7,3,1.46302,1.35048,937,6330,65,60
7,4,1.65041,1.42276,2530,5303,58,50
7,5,1.89894,1.78723,5996,1126,51,48
7,6,2.29927,2.24818,3283,6330,45,44
7,7,3.42391,3.42391,1126,1126,45,45
7,1,3.16781,1.03026,1986,1645,329,107
7,2,1.53015,1.23116,758,6330,87,70
7,3,1.46302,1.41801,937,1126,65,63
7,4,1.65041,1.42276,2530,1645,58,50
7,5,1.89894,1.89894,5996,5996,51,51
7,6,2.29927,2.19708,3283,1645,45,43
7,7,3.42391,2.8913,1126,2386,45,38
7,1,3.16781,0.953232,1986,6330,329,99
7,2,1.53015,1.28392,758,5996,87,73
7,3,1.46302,1.19293,937,2386,65,53
7,4,1.65041,1.42276,2530,5303,58,50
7,5,1.89894,1.89894,5996,5996,51,51
7,6,2.29927,1.94161,3283,2386,45,38
7,7,3.42391,2.8913,1126,2386,45,38
7,1,3.16781,0.991747,1986,2386,329,103
7,2,1.53015,1.21357,758,5303,87,69
7,3,1.46302,1.41801,937,1126,65,63
7,4,1.65041,1.42276,2530,1645,58,50
7,5,1.89894,1.67553,5996,1645,51,45
7,6,2.29927,2.19708,3283,1645,45,43
7,7,3.42391,3.34783,1126,6330,45,44
7,1,3.16781,1.00138,1986,5303,329,104
7,2,1.53015,1.23116,758,1126,87,70
7,3,1.46302,1.32797,937,1645,65,59
7,4,1.65041,1.42276,2530,1645,58,50
7,5,1.89894,1.78723,5996,1126,51,48
7,6,2.29927,2.24818,3283,5303,45,44
7,7,3.42391,2.8913,1126,2386,45,38
7,1,3.16781,0.953232,1986,5996,329,99
7,2,1.53015,1.23116,758,1126,87,70
7,3,1.46302,1.35048,937,6330,65,60
7,4,1.65041,1.5935,2530,1126,58,56
7,5,1.89894,1.71277,5996,6330,51,46
7,6,2.29927,2.19708,3283,1645,45,43
7,7,3.42391,3.27174,1126,5303,45,43
7,1,3.16781,1.00138,1986,1126,329,104
7,2,1.53015,1.23116,758,1645,87,70
7,3,1.46302,1.35048,937,6330,65,60
7,4,1.65041,1.50813,2530,6330,58,53
7,5,1.89894,1.89894,5996,5996,51,51
7,6,2.29927,2.29927,3283,1126,45,45
7,7,3.42391,3.34783,1126,6330,45,44
7,1,3.16781,0.953232,1986,5996,329,99
7,2,1.53015,1.21357,758,5303,87,69
7,3,1.46302,1.19293,937,2386,65,53
7,4,1.65041,1.5935,2530,1126,58,56
7,5,1.89894,1.67553,5996,1645,51,45
7,6,2.29927,2.29927,3283,1126,45,45
7,7,3.42391,2.8913,1126,2386,45,38
7,1,3.16781,0.953232,1986,6330,329,99
7,2,1.53015,1.28392,758,5996,87,73
7,3,1.46302,1.41801,937,5996,65,63
7,4,1.65041,1.50813,2530,6330,58,53
7,5,1.89894,1.89894,5996,5996,51,51
7,6,2.29927,2.24818,3283,6330,45,44
7,7,3.42391,3.42391,1126,1126,45,45
7,1,3.16781,0.991747,1986,2386,329,103
7,2,1.53015,1.28392,758,5996,87,73
7,3,1.46302,1.30547,937,5303,65,58
7,4,1.65041,1.3374,2530,2386,58,47
7,5,1.89894,1.71277,5996,6330,51,46
7,6,2.29927,1.94161,3283,2386,45,38
7,7,3.42391,3.11957,1126,1645,45,41
7,1,3.16781,1.00138,1986,5303,329,104
7,2,1.53015,1.28392,758,5996,87,73
7,3,1.46302,1.30547,937,5303,65,58
7,4,1.65041,1.50813,2530,6330,58,53
7,5,1.89894,1.71277,5996,6330,51,46
7,6,2.29927,1.94161,3283,2386,45,38
7,7,3.42391,3.11957,1126,1645,45,41
7,1,3.16781,1.03026,1986,1645,329,107
7,2,1.53015,1.28392,758,5996,87,73
7,3,1.46302,1.35048,937,6330,65,60
7,4,1.65041,1.42276,2530,1645,58,50
7,5,1.89894,1.6383,5996,5303,51,44
7,6,2.29927,2.24818,3283,5303,45,44
7,7,3.42391,3.11957,1126,1645,45,41
7,1,3.16781,1.00138,1986,5303,329,104
7,2,1.53015,1.12563,758,2386,87,64
7,3,1.46302,1.30547,937,5303,65,58
7,4,1.65041,1.42276,2530,5303,58,50
7,5,1.89894,1.6383,5996,5303,51,44
7,6,2.29927,2.29927,3283,1126,45,45
7,7,3.42391,2.8913,1126,2386,45,38
7,1,3.16781,3.16781,1986,1986,329,329
7,2,1.53015,1.21357,758,5303,87,69
7,3,1.46302,1.32797,937,1645,65,59
7,4,1.65041,1.5935,2530,5996,58,56
7,5,1.89894,1.45213,5996,2386,51,39
7,6,2.29927,2.29927,3283,1126,45,45
7,7,3.42391,3.34783,1126,6330,45,44
7,1,3.16781,1.00138,1986,1126,329,104
7,2,1.53015,1.12563,758,2386,87,64
7,3,1.46302,1.41801,937,5996,65,63
7,4,1.65041,1.3374,2530,2386,58,47
7,5,1.89894,1.6383,5996,5303,51,44
7,6,2.29927,2.19708,3283,1645,45,43
7,7,3.42391,3.34783,1126,6330,45,44
7,1,3.16781,1.03026,1986,1645,329,107
7,2,1.53015,1.23116,758,6330,87,70
7,3,1.46302,1.41801,937,1126,65,63
7,4,1.65041,1.50813,2530,6330,58,53
7,5,1.89894,1.71277,5996,6330,51,46
7,6,2.29927,1.94161,3283,2386,45,38
7,7,3.42391,2.8913,1126,2386,45,38
7,1,3.16781,0.991747,1986,2386,329,103
7,2,1.53015,1.23116,758,1126,87,70
7,3,1.46302,1.32797,937,1645,65,59
7,4,1.65041,1.42276,2530,5303,58,50
7,5,1.89894,1.6383,5996,5303,51,44
7,6,2.29927,2.24818,3283,6330,45,44
7,7,3.42391,3.42391,1126,1126,45,45
7,1,3.16781,1.00138,1986,5303,329,104
7,2,1.53015,1.12563,758,2386,87,64
7,3,1.46302,1.32797,937,1645,65,59
7,4,1.65041,1.5935,2530,5996,58,56
7,5,1.89894,1.89894,5996,5996,51,51
7,6,2.29927,1.94161,3283,2386,45,38
7,7,3.42391,3.11957,1126,1645,45,41
7,1,3.16781,0.953232,1986,5996,329,99
7,2,1.53015,1.21357,758,5303,87,69
7,3,1.46302,1.41801,937,5996,65,63
7,4,1.65041,1.42276,2530,1645,58,50
7,5,1.89894,1.67553,5996,1645,51,45
7,6,2.29927,2.24818,3283,5303,45,44
7,7,3.42391,2.8913,1126,2386,45,38
7,1,3.16781,0.953232,1986,5996,329,99
7,2,1.53015,1.23116,758,6330,87,70
7,3,1.46302,1.41801,937,1126,65,63
7,4,1.65041,1.42276,2530,5303,58,50
7,5,1.89894,1.78723,5996,1126,51,48
7,6,2.29927,2.29927,3283,1126,45,45
7,7,3.42391,3.11957,1126,1645,45,41
7,1,3.16781,3.16781,1986,1986,329,329
7,2,1.53015,1.21357,758,5303,87,69
7,3,1.46302,1.41801,937,5996,65,63
7,4,1.65041,1.50813,2530,6330,58,53
7,5,1.89894,1.71277,5996,6330,51,46
7,6,2.29927,2.24818,3283,5303,45,44
7,7,3.42391,2.8913,1126,2386,45,38
7,1,3.16781,3.16781,1986,1986,329,329
7,2,1.53015,1.23116,758,6330,87,70
7,3,1.46302,1.35048,937,6330,65,60
7,4,1.65041,1.5935,2530,5996,58,56
7,5,1.89894,1.78723,5996,1126,51,48
7,6,2.29927,2.24818,3283,5303,45,44
7,7,3.42391,3.27174,1126,5303,45,43
7,1,3.16781,0.953232,1986,5996,329,99
7,2,1.53015,1.21357,758,5303,87,69
7,3,1.46302,1.30547,937,5303,65,58
7,4,1.65041,1.50813,2530,6330,58,53
7,5,1.89894,1.45213,5996,2386,51,39
7,6,2.29927,2.29927,3283,1126,45,45
7,7,3.42391,3.34783,1126,6330,45,44
7,1,3.16781,0.953232,1986,5996,329,99
7,2,1.53015,1.23116,758,1645,87,70
7,3,1.46302,1.19293,937,2386,65,53
7,4,1.65041,1.50813,2530,6330,58,53
7,5,1.89894,1.45213,5996,2386,51,39
7,6,2.29927,2.24818,3283,6330,45,44
7,7,3.42391,3.27174,1126,5303,45,43
7,1,3.16781,3.16781,1986,1986,329,329
7,2,1.53015,1.23116,758,6330,87,70
7,3,1.46302,1.41801,937,1126,65,63
7,4,1.65041,1.5935,2530,5996,58,56
7,5,1.89894,1.45213,5996,2386,51,39
7,6,2.29927,2.24818,3283,6330,45,44
7,7,3.42391,3.34783,1126,6330,45,44
7,1,3.16781,1.00138,1986,5303,329,104
7,2,1.53015,1.21357,758,5303,87,69
7,3,1.46302,1.41801,937,1126,65,63
7,4,1.65041,1.5935,2530,5996,58,56
7,5,1.89894,1.78723,5996,1126,51,48
7,6,2.29927,2.29927,3283,1126,45,45
7,7,3.42391,2.8913,1126,2386,45,38
7,1,3.16781,0.953232,1986,6330,329,99
7,2,1.53015,1.23116,758,6330,87,70
7,3,1.46302,1.19293,937,2386,65,53
7,4,1.65041,1.3374,2530,2386,58,47
7,5,1.89894,1.45213,5996,2386,51,39
7,6,2.29927,2.19708,3283,1645,45,43
7,7,3.42391,3.11957,1126,1645,45,41
7,1,3.16781,0.991747,1986,2386,329,103
7,2,1.53015,1.21357,758,5303,87,69
7,3,1.46302,1.41801,937,1126,65,63
7,4,1.65041,1.42276,2530,1645,58,50
7,5,1.89894,1.78723,5996,1126,51,48
7,6,2.29927,2.24818,3283,6330,45,44
7,7,3.42391,3.11957,1126,1645,45,41
7,1,3.16781,0.953232,1986,6330,329,99
7,2,1.53015,1.28392,758,5996,87,73
7,3,1.46302,1.32797,937,1645,65,59
7,4,1.65041,1.50813,2530,6330,58,53
7,5,1.89894,1.67553,5996,1645,51,45
7,6,2.29927,2.24818,3283,6330,45,44
7,7,3.42391,3.11957,1126,1645,45,41
7,1,3.16781,1.00138,1986,1126,329,104
7,2,1.53015,1.28392,758,5996,87,73
7,3,1.46302,1.30547,937,5303,65,58
7,4,1.65041,1.5935,2530,5996,58,56
7,5,1.89894,1.67553,5996,1645,51,45
7,6,2.29927,2.24818,3283,6330,45,44
7,7,3.42391,2.8913,1126,2386,45,38
7,1,3.16781,0.953232,1986,6330,329,99
7,2,1.53015,1.12563,758,2386,87,64
7,3,1.46302,1.19293,937,2386,65,53
7,4,1.65041,1.42276,2530,1645,58,50
7,5,1.89894,1.89894,5996,5996,51,51
7,6,2.29927,1.94161,3283,2386,45,38
7,7,3.42391,3.11957,1126,1645,45,41
7,1,3.16781,1.00138,1986,1126,329,104
7,2,1.53015,1.23116,758,1126,87,70
7,3,1.46302,1.41801,937,5996,65,63
7,4,1.65041,1.3374,2530,2386,58,47
7,5,1.89894,1.71277,5996,6330,51,46
7,6,2.29927,2.19708,3283,1645,45,43
7,7,3.42391,3.11957,1126,1645,45,41
7,1,3.16781,1.03026,1986,1645,329,107
7,2,1.53015,1.21357,758,5303,87,69
7,3,1.46302,1.32797,937,1645,65,59
7,4,1.65041,1.5935,2530,1126,58,56
7,5,1.89894,1.6383,5996,5303,51,44
7,6,2.29927,2.24818,3283,5303,45,44
7,7,3.42391,3.27174,1126,5303,45,43
7,1,3.16781,0.991747,1986,2386,329,103
7,2,1.53015,1.23116,758,6330,87,70
7,3,1.46302,1.41801,937,5996,65,63
7,4,1.65041,1.5935,2530,1126,58,56
7,5,1.89894,1.71277,5996,6330,51,46
7,6,2.29927,2.24818,3283,6330,45,44
7,7,3.42391,2.8913,1126,2386,45,38
8,1,3.34435,1.00635,1986,6330,329,99
8,2,1.51965,1.27511,758,5996,87,73
8,3,1.40162,1.25067,937,5303,65,58
8,4,1.51634,1.38562,2530,6330,58,53
8,5,1.64516,1.41935,5996,5303,51,44
8,6,1.82741,1.7868,3283,5303,45,44
8,7,2.36842,2.31579,1126,6330,45,44
8,8,3.28972,3.21495,6452,6330,44,43
8,1,3.34435,1.04701,1986,2386,329,103
8,2,1.51965,1.18777,758,3283,87,68
8,3,1.40162,1.2938,937,6330,65,60
8,4,1.51634,1.30719,2530,3283,58,50
8,5,1.64516,1.54839,5996,1126,51,48
8,6,1.82741,1.7868,3283,6330,45,44
8,7,2.36842,2.31579,1126,6452,45,44
8,8,3.28972,2.84112,6452,2386,44,38
8,1,3.34435,3.34435,1986,1986,329,329
8,2,1.51965,1.1179,758,2386,87,64
8,3,1.40162,1.35849,937,1126,65,63
8,4,1.51634,1.38562,2530,6330,58,53
8,5,1.64516,1.41935,5996,5303,51,44
8,6,1.82741,1.54315,3283,2386,45,38
8,7,2.36842,2,1126,2386,45,38
8,8,3.28972,3.28972,6452,6452,44,44
8,1,3.34435,1.08767,1986,6452,329,107
8,2,1.51965,1.20524,758,5303,87,69
8,3,1.40162,1.20755,937,3283,65,56
8,4,1.51634,1.46405,2530,1126,58,56
8,5,1.64516,1.45161,5996,6452,51,45
8,6,1.82741,1.82741,3283,1126,45,45
8,7,2.36842,2.31579,1126,6452,45,44
8,8,3.28972,2.84112,6452,2386,44,38
8,1,3.34435,3.34435,1986,1986,329,329
8,2,1.51965,1.13537,758,6452,87,65
8,3,1.40162,1.2938,937,6330,65,60
8,4,1.51634,1.46405,2530,1126,58,56
8,5,1.64516,1.54839,5996,1126,51,48
8,6,1.82741,1.7868,3283,5303,45,44
8,7,2.36842,2.31579,1126,6452,45,44
8,8,3.28972,3.14019,6452,5303,44,42
8,1,3.34435,1.08767,1986,6452,329,107
8,2,1.51965,1.18777,758,3283,87,68
8,3,1.40162,1.20755,937,3283,65,56
8,4,1.51634,1.38562,2530,6330,58,53
8,5,1.64516,1.48387,5996,6330,51,46
8,6,1.82741,1.54315,3283,2386,45,38
8,7,2.36842,2.26316,1126,5303,45,43
8,8,3.28972,3.21495,6452,6330,44,43
8,1,3.34435,1.04701,1986,2386,329,103
8,2,1.51965,1.18777,758,3283,87,68
8,3,1.40162,1.20755,937,3283,65,56
8,4,1.51634,1.30719,2530,3283,58,50
8,5,1.64516,1.41935,5996,5303,51,44
8,6,1.82741,1.82741,3283,3283,45,45
8,7,2.36842,2.31579,1126,6452,45,44
8,8,3.28972,3.28972,6452,6452,44,44
8,1,3.34435,1.07751,1986,3283,329,106
8,2,1.51965,1.13537,758,6452,87,65
8,3,1.40162,1.35849,937,1126,65,63
8,4,1.51634,1.30719,2530,6452,58,50
8,5,1.64516,1.25806,5996,2386,51,39
8,6,1.82741,1.54315,3283,2386,45,38
8,7,2.36842,2,1126,2386,45,38
8,8,3.28972,2.84112,6452,2386,44,38
8,1,3.34435,3.34435,1986,1986,329,329
8,2,1.51965,1.13537,758,6452,87,65
8,3,1.40162,1.27224,937,6452,65,59
8,4,1.51634,1.30719,2530,3283,58,50
8,5,1.64516,1.45161,5996,3283,51,45
8,6,1.82741,1.82741,3283,3283,45,45
8,7,2.36842,2.31579,1126,6452,45,44
8,8,3.28972,2.84112,6452,2386,44,38
8,1,3.34435,1.04701,1986,2386,329,103
8,2,1.51965,1.18777,758,3283,87,68
8,3,1.40162,1.20755,937,3283,65,56
8,4,1.51634,1.30719,2530,5303,58,50
8,5,1.64516,1.41935,5996,5303,51,44
8,6,1.82741,1.7868,3283,6452,45,44
8,7,2.36842,2.36842,1126,1126,45,45
8,8,3.28972,3.28972,6452,6452,44,44
8,1,3.34435,1.05718,1986,5303,329,104
8,2,1.51965,1.1179,758,2386,87,64
8,3,1.40162,1.2938,937,6330,65,60
8,4,1.51634,1.30719,2530,3283,58,50
8,5,1.64516,1.64516,5996,5996,51,51
8,6,1.82741,1.82741,3283,1126,45,45
8,7,2.36842,2.31579,1126,6452,45,44
8,8,3.28972,3.14019,6452,5303,44,42
8,1,3.34435,1.07751,1986,3283,329,106
8,2,1.51965,1.13537,758,6452,87,65
8,3,1.40162,1.14286,937,2386,65,53
8,4,1.51634,1.22876,2530,2386,58,47
8,5,1.64516,1.48387,5996,6330,51,46
8,6,1.82741,1.7868,3283,6452,45,44
8,7,2.36842,2.31579,1126,6330,45,44
8,8,3.28972,3.28972,6452,6452,44,44
8,1,3.34435,1.08767,1986,6452,329,107
8,2,1.51965,1.18777,758,3283,87,68
8,3,1.40162,1.35849,937,1126,65,63
8,4,1.51634,1.46405,2530,1126,58,56
8,5,1.64516,1.48387,5996,6330,51,46
8,6,1.82741,1.82741,3283,1126,45,45
8,7,2.36842,2.31579,1126,6452,45,44
8,8,3.28972,3.21495,6452,6330,44,43
8,1,3.34435,1.00635,1986,5996,329,99
8,2,1.51965,1.13537,758,6452,87,65
8,3,1.40162,1.35849,937,5996,65,63
8,4,1.51634,1.30719,2530,6452,58,50
8,5,1.64516,1.45161,5996,6452,51,45
8,6,1.82741,1.7868,3283,5303,45,44
8,7,2.36842,2.36842,1126,1126,45,45
8,8,3.28972,3.21495,6452,6330,44,43
8,1,3.34435,1.05718,1986,5303,329,104
8,2,1.51965,1.20524,758,5303,87,69
8,3,1.40162,1.2938,937,6330,65,60
8,4,1.51634,1.46405,2530,5996,58,56
8,5,1.64516,1.25806,5996,2386,51,39
8,6,1.82741,1.7868,3283,6330,45,44
8,7,2.36842,2.36842,1126,1126,45,45
8,8,3.28972,3.21495,6452,6330,44,43
8,1,3.34435,1.05718,1986,1126,329,104
8,2,1.51965,1.22271,758,6330,87,70
8,3,1.40162,1.2938,937,6330,65,60
8,4,1.51634,1.22876,2530,2386,58,47
8,5,1.64516,1.45161,5996,6452,51,45
8,6,1.82741,1.7868,3283,6330,45,44
8,7,2.36842,2.31579,1126,6330,45,44
8,8,3.28972,3.28972,6452,6452,44,44
8,1,3.34435,1.04701,1986,2386,329,103
8,2,1.51965,1.13537,758,6452,87,65
8,3,1.40162,1.20755,937,3283,65,56
8,4,1.51634,1.30719,2530,3283,58,50
8,5,1.64516,1.25806,5996,2386,51,39
8,6,1.82741,1.7868,3283,6452,45,44
8,7,2.36842,2.26316,1126,5303,45,43
8,8,3.28972,3.21495,6452,6330,44,43
8,1,3.34435,1.00635,1986,6330,329,99
8,2,1.51965,1.1179,758,2386,87,64
8,3,1.40162,1.20755,937,3283,65,56
8,4,1.51634,1.30719,2530,5303,58,50
8,5,1.64516,1.25806,5996,2386,51,39
8,6,1.82741,1.7868,3283,6330,45,44
8,7,2.36842,2.31579,1126,6330,45,44
8,8,3.28972,2.84112,6452,2386,44,38
8,1,3.34435,1.07751,1986,3283,329,106
8,2,1.51965,1.13537,758,6452,87,65
8,3,1.40162,1.35849,937,5996,65,63
8,4,1.51634,1.22876,2530,2386,58,47
8,5,1.64516,1.45161,5996,6452,51,45
8,6,1.82741,1.7868,3283,6330,45,44
8,7,2.36842,2.36842,1126,1126,45,45
8,8,3.28972,3.28972,6452,6452,44,44
8,1,3.34435,1.07751,1986,3283,329,106
8,2,1.51965,1.13537,758,6452,87,65
8,3,1.40162,1.35849,937,5996,65,63
8,4,1.51634,1.30719,2530,5303,58,50
8,5,1.64516,1.48387,5996,6330,51,46
8,6,1.82741,1.7868,3283,6330,45,44
8,7,2.36842,2,1126,2386,45,38
8,8,3.28972,3.14019,6452,5303,44,42
8,1,3.34435,1.08767,1986,6452,329,107
8,2,1.51965,1.18777,758,3283,87,68
8,3,1.40162,1.14286,937,2386,65,53
8,4,1.51634,1.30719,2530,6452,58,50
8,5,1.64516,1.48387,5996,6330,51,46
8,6,1.82741,1.82741,3283,1126,45,45
8,7,2.36842,2.26316,1126,5303,45,43
8,8,3.28972,2.84112,6452,2386,44,38
8,1,3.34435,1.04701,1986,2386,329,103
8,2,1.51965,1.22271,758,6330,87,70
8,3,1.40162,1.14286,937,2386,65,53
8,4,1.51634,1.22876,2530,2386,58,47
8,5,1.64516,1.45161,5996,3283,51,45
8,6,1.82741,1.7868,3283,6330,45,44
8,7,2.36842,2.36842,1126,1126,45,45
8,8,3.28972,3.21495,6452,6330,44,43
8,1,3.34435,1.07751,1986,3283,329,106
8,2,1.51965,1.22271,758,6330,87,70
8,3,1.40162,1.2938,937,6330,65,60
8,4,1.51634,1.30719,2530,6452,58,50
8,5,1.64516,1.54839,5996,1126,51,48
8,6,1.82741,1.7868,3283,6330,45,44
8,7,2.36842,2,1126,2386,45,38
8,8,3.28972,3.14019,6452,5303,44,42
8,1,3.34435,1.08767,1986,6452,329,107
8,2,1.51965,1.22271,758,6330,87,70
8,3,1.40162,1.35849,937,5996,65,63
8,4,1.51634,1.46405,2530,1126,58,56
8,5,1.64516,1.45161,5996,6452,51,45
8,6,1.82741,1.7868,3283,6330,45,44
8,7,2.36842,2,1126,2386,45,38
8,8,3.28972,3.21495,6452,6330,44,43
8,1,3.34435,1.08767,1986,6452,329,107
8,2,1.51965,1.1179,758,2386,87,64
8,3,1.40162,1.20755,937,3283,65,56
8,4,1.51634,1.38562,2530,6330,58,53
8,5,1.64516,1.64516,5996,5996,51,51
8,6,1.82741,1.7868,3283,5303,45,44
8,7,2.36842,2.36842,1126,1126,45,45
8,8,3.28972,3.14019,6452,5303,44,42
8,1,3.34435,1.05718,1986,1126,329,104
8,2,1.51965,1.20524,758,5303,87,69
8,3,1.40162,1.27224,937,6452,65,59
8,4,1.51634,1.38562,2530,6330,58,53
8,5,1.64516,1.64516,5996,5996,51,51
8,6,1.82741,1.82741,3283,3283,45,45
8,7,2.36842,2.31579,1126,6330,45,44
8,8,3.28972,3.28972,6452,6452,44,44
8,1,3.34435,1.07751,1986,3283,329,106
8,2,1.51965,1.22271,758,6330,87,70
8,3,1.40162,1.27224,937,6452,65,59
8,4,1.51634,1.30719,2530,5303,58,50
8,5,1.64516,1.48387,5996,6330,51,46
8,6,1.82741,1.7868,3283,6330,45,44
8,7,2.36842,2.26316,1126,5303,45,43
8,8,3.28972,3.14019,6452,5303,44,42
8,1,3.34435,1.08767,1986,6452,329,107
8,2,1.51965,1.20524,758,5303,87,69
8,3,1.40162,1.25067,937,5303,65,58
8,4,1.51634,1.38562,2530,6330,58,53
8,5,1.64516,1.25806,5996,2386,51,39
8,6,1.82741,1.82741,3283,3283,45,45
8,7,2.36842,2.26316,1126,5303,45,43
8,8,3.28972,3.28972,6452,6452,44,44
8,1,3.34435,1.04701,1986,2386,329,103
8,2,1.51965,1.18777,758,3283,87,68
8,3,1.40162,1.14286,937,2386,65,53
8,4,1.51634,1.46405,2530,1126,58,56
8,5,1.64516,1.48387,5996,6330,51,46
8,6,1.82741,1.7868,3283,5303,45,44
8,7,2.36842,2,1126,2386,45,38
8,8,3.28972,2.84112,6452,2386,44,38
8,1,3.34435,1.04701,1986,2386,329,103
8,2,1.51965,1.18777,758,3283,87,68
8,3,1.40162,1.25067,937,5303,65,58
8,4,1.51634,1.30719,2530,3283,58,50
8,5,1.64516,1.48387,5996,6330,51,46
8,6,1.82741,1.7868,3283,6452,45,44
8,7,2.36842,2,1126,2386,45,38
8,8,3.28972,2.84112,6452,2386,44,38
8,1,3.34435,1.05718,1986,5303,329,104
8,2,1.51965,1.20524,758,5303,87,69
8,3,1.40162,1.14286,937,2386,65,53
8,4,1.51634,1.46405,2530,5996,58,56
8,5,1.64516,1.45161,5996,3283,51,45
8,6,1.82741,1.82741,3283,3283,45,45
8,7,2.36842,2.31579,1126,6452,45,44
8,8,3.28972,2.84112,6452,2386,44,38
8,1,3.34435,1.05718,1986,1126,329,104
8,2,1.51965,1.20524,758,5303,87,69
8,3,1.40162,1.20755,937,3283,65,56
8,4,1.51634,1.22876,2530,2386,58,47
8,5,1.64516,1.54839,5996,1126,51,48
8,6,1.82741,1.7868,3283,6452,45,44
8,7,2.36842,2.31579,1126,6330,45,44
8,8,3.28972,3.21495,6452,6330,44,43
8,1,3.34435,1.00635,1986,5996,329,99
8,2,1.51965,1.1179,758,2386,87,64
8,3,1.40162,1.2938,937,6330,65,60
8,4,1.51634,1.38562,2530,6330,58,53
8,5,1.64516,1.48387,5996,6330,51,46
8,6,1.82741,1.82741,3283,3283,45,45
8,7,2.36842,2,1126,2386,45,38
8,8,3.28972,3.21495,6452,6330,44,43
8,1,3.34435,1.07751,1986,3283,329,106
8,2,1.51965,1.22271,758,6330,87,70
8,3,1.40162,1.14286,937,2386,65,53
8,4,1.51634,1.46405,2530,1126,58,56
8,5,1.64516,1.25806,5996,2386,51,39
8,6,1.82741,1.82741,3283,3283,45,45
8,7,2.36842,2.36842,1126,1126,45,45
8,8,3.28972,3.28972,6452,6452,44,44
8,1,3.34435,3.34435,1986,1986,329,329
8,2,1.51965,1.22271,758,1126,87,70
8,3,1.40162,1.2938,937,6330,65,60
8,4,1.51634,1.46405,2530,5996,58,56
8,5,1.64516,1.48387,5996,6330,51,46
8,6,1.82741,1.7868,3283,5303,45,44
8,7,2.36842,2.36842,1126,1126,45,45
8,8,3.28972,3.28972,6452,6452,44,44
8,1,3.34435,1.00635,1986,6330,329,99
8,2,1.51965,1.1179,758,2386,87,64
8,3,1.40162,1.27224,937,6452,65,59
8,4,1.51634,1.30719,2530,3283,58,50
8,5,1.64516,1.45161,5996,6452,51,45
8,6,1.82741,1.82741,3283,3283,45,45
8,7,2.36842,2.26316,1126,5303,45,43
8,8,3.28972,3.28972,6452,6452,44,44
8,1,3.34435,1.07751,1986,3283,329,106
8,2,1.51965,1.13537,758,6452,87,65
8,3,1.40162,1.27224,937,6452,65,59
8,4,1.51634,1.22876,2530,2386,58,47
8,5,1.64516,1.54839,5996,1126,51,48
8,6,1.82741,1.7868,3283,6452,45,44
8,7,2.36842,2,1126,2386,45,38
8,8,3.28972,2.84112,6452,2386,44,38
8,1,3.34435,1.00635,1986,6330,329,99
8,2,1.51965,1.27511,758,5996,87,73
8,3,1.40162,1.14286,937,2386,65,53
8,4,1.51634,1.22876,2530,2386,58,47
8,5,1.64516,1.45161,5996,6452,51,45
8,6,1.82741,1.54315,3283,2386,45,38
8,7,2.36842,2.31579,1126,6330,45,44
8,8,3.28972,3.14019,6452,5303,44,42
8,1,3.34435,1.00635,1986,5996,329,99
8,2,1.51965,1.18777,758,3283,87,68
8,3,1.40162,1.14286,937,2386,65,53
8,4,1.51634,1.30719,2530,5303,58,50
8,5,1.64516,1.45161,5996,6452,51,45
8,6,1.82741,1.54315,3283,2386,45,38
8,7,2.36842,2.31579,1126,6330,45,44
8,8,3.28972,3.28972,6452,6452,44,44
8,1,3.34435,3.34435,1986,1986,329,329
8,2,1.51965,1.13537,758,6452,87,65
8,3,1.40162,1.25067,937,5303,65,58
8,4,1.51634,1.22876,2530,2386,58,47
8,5,1.64516,1.45161,5996,6452,51,45
8,6,1.82741,1.82741,3283,3283,45,45
8,7,2.36842,2.31579,1126,6330,45,44
8,8,3.28972,3.21495,6452,6330,44,43
8,1,3.34435,1.04701,1986,2386,329,103
8,2,1.51965,1.13537,758,6452,87,65
8,3,1.40162,1.25067,937,5303,65,58
8,4,1.51634,1.30719,2530,5303,58,50
8,5,1.64516,1.54839,5996,1126,51,48
8,6,1.82741,1.82741,3283,1126,45,45
8,7,2.36842,2.31579,1126,6452,45,44
8,8,3.28972,2.84112,6452,2386,44,38
8,1,3.34435,1.00635,1986,5996,329,99
8,2,1.51965,1.27511,758,5996,87,73
8,3,1.40162,1.27224,937,6452,65,59
8,4,1.51634,1.22876,2530,2386,58,47
8,5,1.64516,1.25806,5996,2386,51,39
8,6,1.82741,1.7868,3283,6330,45,44
8,7,2.36842,2.31579,1126,6452,45,44
8,8,3.28972,3.21495,6452,6330,44,43
8,1,3.34435,1.04701,1986,2386,329,103
8,2,1.51965,1.13537,758,6452,87,65
8,3,1.40162,1.20755,937,3283,65,56
8,4,1.51634,1.22876,2530,2386,58,47
8,5,1.64516,1.48387,5996,6330,51,46
8,6,1.82741,1.7868,3283,5303,45,44
8,7,2.36842,2.31579,1126,6452,45,44
8,8,3.28972,3.21495,6452,6330,44,43
8,1,3.34435,1.04701,1986,2386,329,103
8,2,1.51965,1.22271,758,1126,87,70
8,3,1.40162,1.20755,937,3283,65,56
8,4,1.51634,1.30719,2530,3283,58,50
8,5,1.64516,1.45161,5996,6452,51,45
8,6,1.82741,1.82741,3283,1126,45,45
8,7,2.36842,2.36842,1126,1126,45,45
8,8,3.28972,3.21495,6452,6330,44,43
8,1,3.34435,1.00635,1986,5996,329,99
8,2,1.51965,1.13537,758,6452,87,65
8,3,1.40162,1.2938,937,6330,65,60
8,4,1.51634,1.46405,2530,5996,58,56
8,5,1.64516,1.54839,5996,1126,51,48
8,6,1.82741,1.7868,3283,5303,45,44
8,7,2.36842,2.26316,1126,5303,45,43
8,8,3.28972,3.28972,6452,6452,44,44
8,1,3.34435,1.00635,1986,5996,329,99
8,2,1.51965,1.22271,758,1126,87,70
8,3,1.40162,1.35849,937,5996,65,63
8,4,1.51634,1.30719,2530,5303,58,50
8,5,1.64516,1.48387,5996,6330,51,46
8,6,1.82741,1.7868,3283,5303,45,44
8,7,2.36842,2.31579,1126,6330,45,44
8,8,3.28972,3.21495,6452,6330,44,43
8,1,3.34435,1.04701,1986,2386,329,103
8,2,1.51965,1.20524,758,5303,87,69
8,3,1.40162,1.20755,937,3283,65,56
8,4,1.51634,1.30719,2530,6452,58,50
8,5,1.64516,1.64516,5996,5996,51,51
8,6,1.82741,1.7868,3283,6330,45,44
8,7,2.36842,2,1126,2386,45,38
8,8,3.28972,3.14019,6452,5303,44,42
8,1,3.34435,1.00635,1986,6330,329,99
8,2,1.51965,1.27511,758,5996,87,73
8,3,1.40162,1.35849,937,5996,65,63
8,4,1.51634,1.38562,2530,6330,58,53
8,5,1.64516,1.41935,5996,5303,51,44
8,6,1.82741,1.82741,3283,1126,45,45
8,7,2.36842,2.36842,1126,1126,45,45
8,8,3.28972,3.21495,6452,6330,44,43
8,1,3.34435,1.04701,1986,2386,329,103
8,2,1.51965,1.22271,758,1126,87,70
8,3,1.40162,1.2938,937,6330,65,60
8,4,1.51634,1.46405,2530,1126,58,56
8,5,1.64516,1.54839,5996,1126,51,48
8,6,1.82741,1.54315,3283,2386,45,38
8,7,2.36842,2.36842,1126,1126,45,45
8,8,3.28972,3.21495,6452,6330,44,43
8,1,3.34435,1.05718,1986,5303,329,104
8,2,1.51965,1.22271,758,6330,87,70
8,3,1.40162,1.20755,937,3283,65,56
8,4,1.51634,1.46405,2530,5996,58,56
8,5,1.64516,1.25806,5996,2386,51,39
8,6,1.82741,1.7868,3283,6330,45,44
8,7,2.36842,2.31579,1126,6330,45,44
8,8,3.28972,3.21495,6452,6330,44,43
9,1,3.44302,1.03605,1986,6330,329,99
9,2,1.47458,1.08475,758,2386,87,64
9,3,1.31757,1.21622,937,6330,65,60
9,4,1.37731,1.18734,2530,3283,58,50
9,5,1.42991,1.26168,5996,1645,51,45
9,6,1.5,1.1,3283,3019,45,33
9,7,1.8,1.64,1126,3193,45,41
9,8,2.2,1.6,6452,3019,44,32
9,9,2.77941,2.38235,6330,3193,42,36
9,1,3.44302,1.11977,1986,6452,329,107
9,2,1.47458,1.05085,758,3019,87,62
9,3,1.31757,1.17568,937,5303,65,58
9,4,1.37731,0.949868,2530,3019,58,40
9,5,1.42991,1.09346,5996,2386,51,39
9,6,1.5,1.46667,3283,6330,45,44
9,7,1.8,1.52,1126,2386,45,38
9,8,2.2,2.05,6452,1645,44,41
9,9,2.77941,2.05147,6330,3019,42,31
9,1,3.44302,1.05698,1986,3193,329,101
9,2,1.47458,1.18644,758,1645,87,70
9,3,1.31757,1.17568,937,5303,65,58
9,4,1.37731,1.18734,2530,6452,58,50
9,5,1.42991,1.09346,5996,2386,51,39
9,6,1.5,1.46667,3283,5303,45,44
9,7,1.8,1.32,1126,3019,45,33
9,8,2.2,1.9,6452,3193,44,38
9,9,2.77941,2.38235,6330,3193,42,36
9,1,3.44302,1.07791,1986,3019,329,103
9,2,1.47458,1.18644,758,1645,87,70
9,3,1.31757,1.01351,937,3019,65,50
9,4,1.37731,1.18734,2530,6452,58,50
9,5,1.42991,1.28972,5996,6330,51,46
9,6,1.5,1.26667,3283,2386,45,38
9,7,1.8,1.32,1126,3019,45,33
9,8,2.2,1.9,6452,3193,44,38
9,9,2.77941,2.38235,6330,3193,42,36
9,1,3.44302,1.07791,1986,3019,329,103
9,2,1.47458,1.23729,758,5996,87,73
9,3,1.31757,1.19595,937,6452,65,59
9,4,1.37731,1.25858,2530,6330,58,53
9,5,1.42991,1.14953,5996,3193,51,41
9,6,1.5,1.46667,3283,6452,45,44
9,7,1.8,1.64,1126,1645,45,41
9,8,2.2,2.05,6452,1645,44,41
9,9,2.77941,2.51471,6330,2386,42,38
9,1,3.44302,1.08837,1986,5303,329,104
9,2,1.47458,1.23729,758,5996,87,73
9,3,1.31757,1.21622,937,6330,65,60
9,4,1.37731,1.18734,2530,3283,58,50
9,5,1.42991,1.23364,5996,5303,51,44
9,6,1.5,1.36667,3283,3193,45,41
9,7,1.8,1.64,1126,1645,45,41
9,8,2.2,2.15,6452,6330,44,43
9,9,2.77941,2.77941,6330,6330,42,42
9,1,3.44302,1.03605,1986,6330,329,99
9,2,1.47458,1,758,3193,87,59
9,3,1.31757,1.05405,937,3193,65,52
9,4,1.37731,1.18734,2530,3283,58,50
9,5,1.42991,1.26168,5996,1645,51,45
9,6,1.5,1.46667,3283,6330,45,44
9,7,1.8,1.32,1126,3019,45,33
9,8,2.2,2.15,6452,6330,44,43
9,9,2.77941,2.05147,6330,3019,42,31
9,1,3.44302,1.05698,1986,3193,329,101
9,2,1.47458,1.16949,758,5303,87,69
9,3,1.31757,1.01351,937,3019,65,50
9,4,1.37731,1.18734,2530,3283,58,50
9,5,1.42991,1.14953,5996,3193,51,41
9,6,1.5,1.46667,3283,6330,45,44
9,7,1.8,1.52,1126,2386,45,38
9,8,2.2,1.9,6452,3193,44,38
9,9,2.77941,2.64706,6330,1645,42,40
9,1,3.44302,1.07791,1986,3019,329,103
9,2,1.47458,1,758,3193,87,59
9,3,1.31757,1.27703,937,5996,65,63
9,4,1.37731,1.11609,2530,3193,58,47
9,5,1.42991,1.26168,5996,6452,51,45
9,6,1.5,1.43333,3283,1645,45,43
9,7,1.8,1.76,1126,6452,45,44
9,8,2.2,1.6,6452,3019,44,32
9,9,2.77941,2.71324,6330,5303,42,41
9,1,3.44302,1.11977,1986,6452,329,107
9,2,1.47458,1,758,3193,87,59
9,3,1.31757,1.13514,937,3283,65,56
9,4,1.37731,0.949868,2530,3019,58,40
9,5,1.42991,1.28972,5996,6330,51,46
9,6,1.5,1.26667,3283,2386,45,38
9,7,1.8,1.32,1126,3019,45,33
9,8,2.2,1.9,6452,2386,44,38
9,9,2.77941,2.38235,6330,3193,42,36
9,1,3.44302,1.03605,1986,5996,329,99
9,2,1.47458,1.18644,758,1645,87,70
9,3,1.31757,1.19595,937,1645,65,59
9,4,1.37731,1.18734,2530,1645,58,50
9,5,1.42991,1.42991,5996,5996,51,51
9,6,1.5,1.46667,3283,6452,45,44
9,7,1.8,1.64,1126,3193,45,41
9,8,2.2,2.05,6452,1645,44,41
9,9,2.77941,2.71324,6330,5303,42,41
9,1,3.44302,1.1093,1986,3283,329,106
9,2,1.47458,1.08475,758,2386,87,64
9,3,1.31757,1.17568,937,5303,65,58
9,4,1.37731,1.11609,2530,3193,58,47
9,5,1.42991,0.925234,5996,3019,51,33
9,6,1.5,1.43333,3283,1645,45,43
9,7,1.8,1.64,1126,1645,45,41
9,8,2.2,2.05,6452,1645,44,41
9,9,2.77941,2.64706,6330,1645,42,40
9,1,3.44302,1.1093,1986,3283,329,106
9,2,1.47458,1.18644,758,6330,87,70
9,3,1.31757,1.17568,937,5303,65,58
9,4,1.37731,0.949868,2530,3019,58,40
9,5,1.42991,1.14953,5996,3193,51,41
9,6,1.5,1.46667,3283,6452,45,44
9,7,1.8,1.64,1126,3193,45,41
9,8,2.2,2.05,6452,1645,44,41
9,9,2.77941,2.77941,6330,6330,42,42
9,1,3.44302,1.08837,1986,5303,329,104
9,2,1.47458,1,758,3193,87,59
9,3,1.31757,1.27703,937,5996,65,63
9,4,1.37731,1.25858,2530,6330,58,53
9,5,1.42991,1.28972,5996,6330,51,46
9,6,1.5,1.36667,3283,3193,45,41
9,7,1.8,1.72,1126,5303,45,43
9,8,2.2,2.15,6452,6330,44,43
9,9,2.77941,2.38235,6330,3193,42,36
9,1,3.44302,1.03605,1986,6330,329,99
9,2,1.47458,1.08475,758,2386,87,64
9,3,1.31757,1.21622,937,6330,65,60
9,4,1.37731,1.18734,2530,6452,58,50
9,5,1.42991,1.09346,5996,2386,51,39
9,6,1.5,1.43333,3283,1645,45,43
9,7,1.8,1.64,1126,1645,45,41
9,8,2.2,2.15,6452,6330,44,43
9,9,2.77941,2.64706,6330,1645,42,40
9,1,3.44302,1.11977,1986,6452,329,107
9,2,1.47458,1,758,3193,87,59
9,3,1.31757,1.19595,937,6452,65,59
9,4,1.37731,1.11609,2530,2386,58,47
9,5,1.42991,1.26168,5996,3283,51,45
9,6,1.5,1.43333,3283,1645,45,43
9,7,1.8,1.72,1126,5303,45,43
9,8,2.2,1.9,6452,3193,44,38
9,9,2.77941,2.38235,6330,3193,42,36
9,1,3.44302,1.07791,1986,3019,329,103
9,2,1.47458,1.10169,758,6452,87,65
9,3,1.31757,1.07432,937,2386,65,53
9,4,1.37731,1.18734,2530,6452,58,50
9,5,1.42991,1.42991,5996,5996,51,51
9,6,1.5,1.36667,3283,3193,45,41
9,7,1.8,1.76,1126,6452,45,44
9,8,2.2,1.9,6452,3193,44,38
9,9,2.77941,2.64706,6330,1645,42,40
9,1,3.44302,1.07791,1986,2386,329,103
9,2,1.47458,1.05085,758,3019,87,62
9,3,1.31757,1.17568,937,5303,65,58
9,4,1.37731,1.11609,2530,3193,58,47
9,5,1.42991,0.925234,5996,3019,51,33
9,6,1.5,1.5,3283,3283,45,45
9,7,1.8,1.64,1126,1645,45,41
9,8,2.2,1.9,6452,2386,44,38
9,9,2.77941,2.77941,6330,6330,42,42
9,1,3.44302,1.11977,1986,1645,329,107
9,2,1.47458,1.23729,758,5996,87,73
9,3,1.31757,1.13514,937,3283,65,56
9,4,1.37731,1.18734,2530,1645,58,50
9,5,1.42991,1.28972,5996,6330,51,46
9,6,1.5,1.46667,3283,6452,45,44
9,7,1.8,1.76,1126,6330,45,44
9,8,2.2,2.15,6452,6330,44,43
9,9,2.77941,2.77941,6330,6330,42,42
9,1,3.44302,1.11977,1986,1645,329,107
9,2,1.47458,1.23729,758,5996,87,73
9,3,1.31757,1.19595,937,6452,65,59
9,4,1.37731,1.18734,2530,3283,58,50
9,5,1.42991,0.925234,5996,3019,51,33
9,6,1.5,1.46667,3283,5303,45,44
9,7,1.8,1.76,1126,6330,45,44
9,8,2.2,1.6,6452,3019,44,32
9,9,2.77941,2.05147,6330,3019,42,31
9,1,3.44302,1.11977,1986,1645,329,107
9,2,1.47458,1.10169,758,6452,87,65
9,3,1.31757,1.05405,937,3193,65,52
9,4,1.37731,1.32982,2530,5996,58,56
9,5,1.42991,1.42991,5996,5996,51,51
9,6,1.5,1.1,3283,3019,45,33
9,7,1.8,1.64,1126,1645,45,41
9,8,2.2,1.9,6452,2386,44,38
9,9,2.77941,2.71324,6330,5303,42,41
9,1,3.44302,1.07791,1986,3019,329,103
9,2,1.47458,1.10169,758,6452,87,65
9,3,1.31757,1.17568,937,5303,65,58
9,4,1.37731,1.18734,2530,6452,58,50
9,5,1.42991,1.23364,5996,5303,51,44
9,6,1.5,1.36667,3283,3193,45,41
9,7,1.8,1.64,1126,1645,45,41
9,8,2.2,2.1,6452,5303,44,42
9,9,2.77941,2.51471,6330,2386,42,38
9,1,3.44302,1.07791,1986,2386,329,103
9,2,1.47458,1.23729,758,5996,87,73
9,3,1.31757,1.27703,937,5996,65,63
9,4,1.37731,1.18734,2530,1645,58,50
9,5,1.42991,1.42991,5996,5996,51,51
9,6,1.5,1.1,3283,3019,45,33
9,7,1.8,1.64,1126,3193,45,41
9,8,2.2,1.9,6452,3193,44,38
9,9,2.77941,2.77941,6330,6330,42,42
9,1,3.44302,1.1093,1986,3283,329,106
9,2,1.47458,1.15254,758,3283,87,68
9,3,1.31757,1.19595,937,1645,65,59
9,4,1.37731,0.949868,2530,3019,58,40
9,5,1.42991,1.26168,5996,1645,51,45
9,6,1.5,1.1,3283,3019,45,33
9,7,1.8,1.76,1126,6330,45,44
9,8,2.2,1.6,6452,3019,44,32
9,9,2.77941,2.64706,6330,1645,42,40
9,1,3.44302,1.11977,1986,6452,329,107
9,2,1.47458,1.05085,758,3019,87,62
9,3,1.31757,1.19595,937,6452,65,59
9,4,1.37731,1.18734,2530,3283,58,50
9,5,1.42991,1.28972,5996,6330,51,46
9,6,1.5,1.43333,3283,1645,45,43
9,7,1.8,1.76,1126,6452,45,44
9,8,2.2,2.1,6452,5303,44,42
9,9,2.77941,2.51471,6330,2386,42,38
9,1,3.44302,1.11977,1986,6452,329,107
9,2,1.47458,1.18644,758,6330,87,70
9,3,1.31757,1.19595,937,1645,65,59
9,4,1.37731,1.18734,2530,6452,58,50
9,5,1.42991,0.925234,5996,3019,51,33
9,6,1.5,1.46667,3283,5303,45,44
9,7,1.8,1.64,1126,3193,45,41
9,8,2.2,1.9,6452,2386,44,38
9,9,2.77941,2.05147,6330,3019,42,31
9,1,3.44302,1.03605,1986,5996,329,99
9,2,1.47458,1.05085,758,3019,87,62
9,3,1.31757,1.13514,937,3283,65,56
9,4,1.37731,1.18734,2530,3283,58,50
9,5,1.42991,1.26168,5996,6452,51,45
9,6,1.5,1.46667,3283,6330,45,44
9,7,1.8,1.72,1126,5303,45,43
9,8,2.2,1.9,6452,2386,44,38
9,9,2.77941,2.71324,6330,5303,42,41
9,1,3.44302,1.08837,1986,5303,329,104
9,2,1.47458,1.15254,758,3283,87,68
9,3,1.31757,1.13514,937,3283,65,56
9,4,1.37731,1.18734,2530,3283,58,50
9,5,1.42991,1.23364,5996,5303,51,44
9,6,1.5,1.1,3283,3019,45,33
9,7,1.8,1.72,1126,5303,45,43
9,8,2.2,1.9,6452,3193,44,38
9,9,2.77941,2.64706,6330,1645,42,40
9,1,3.44302,1.08837,1986,5303,329,104
9,2,1.47458,1.15254,758,3283,87,68
9,3,1.31757,1.13514,937,3283,65,56
9,4,1.37731,1.25858,2530,6330,58,53
9,5,1.42991,1.26168,5996,3283,51,45
9,6,1.5,1.26667,3283,2386,45,38
9,7,1.8,1.64,1126,1645,45,41
9,8,2.2,2.05,6452,1645,44,41
9,9,2.77941,2.77941,6330,6330,42,42
9,1,3.44302,1.03605,1986,6330,329,99
9,2,1.47458,1.05085,758,3019,87,62
9,3,1.31757,1.13514,937,3283,65,56
9,4,1.37731,1.32982,2530,5996,58,56
9,5,1.42991,1.14953,5996,3193,51,41
9,6,1.5,1.26667,3283,2386,45,38
9,7,1.8,1.72,1126,5303,45,43
9,8,2.2,1.9,6452,3193,44,38
9,9,2.77941,2.64706,6330,1645,42,40
9,1,3.44302,1.03605,1986,5996,329,99
9,2,1.47458,1.08475,758,2386,87,64
9,3,1.31757,1.05405,937,3193,65,52
9,4,1.37731,1.32982,2530,5996,58,56
9,5,1.42991,1.09346,5996,2386,51,39
9,6,1.5,1.46667,3283,6452,45,44
9,7,1.8,1.64,1126,1645,45,41
9,8,2.2,2.05,6452,1645,44,41
9,9,2.77941,2.05147,6330,3019,42,31
9,1,3.44302,1.03605,1986,5996,329,99
9,2,1.47458,1.15254,758,3283,87,68
9,3,1.31757,1.17568,937,5303,65,58
9,4,1.37731,1.18734,2530,1645,58,50
9,5,1.42991,1.23364,5996,5303,51,44
9,6,1.5,1.36667,3283,3193,45,41
9,7,1.8,1.32,1126,3019,45,33
9,8,2.2,1.9,6452,3193,44,38
9,9,2.77941,2.51471,6330,2386,42,38
9,1,3.44302,1.07791,1986,3019,329,103
9,2,1.47458,1.10169,758,6452,87,65
9,3,1.31757,1.27703,937,5996,65,63
9,4,1.37731,1.11609,2530,3193,58,47
9,5,1.42991,1.14953,5996,3193,51,41
9,6,1.5,1.36667,3283,3193,45,41
9,7,1.8,1.64,1126,1645,45,41
9,8,2.2,2.05,6452,1645,44,41
9,9,2.77941,2.64706,6330,1645,42,40
9,1,3.44302,1.07791,1986,3019,329,103
9,2,1.47458,1.18644,758,1645,87,70
9,3,1.31757,1.05405,937,3193,65,52
9,4,1.37731,1.32982,2530,5996,58,56
9,5,1.42991,1.26168,5996,3283,51,45
9,6,1.5,1.46667,3283,5303,45,44
9,7,1.8,1.32,1126,3019,45,33
9,8,2.2,2.1,6452,5303,44,42
9,9,2.77941,2.51471,6330,2386,42,38
9,1,3.44302,1.05698,1986,3193,329,101
9,2,1.47458,1.05085,758,3019,87,62
9,3,1.31757,1.07432,937,2386,65,53
9,4,1.37731,1.18734,2530,3283,58,50
9,5,1.42991,1.09346,5996,2386,51,39
9,6,1.5,1.26667,3283,2386,45,38
9,7,1.8,1.64,1126,1645,45,41
9,8,2.2,1.9,6452,2386,44,38
9,9,2.77941,2.51471,6330,2386,42,38
9,1,3.44302,1.05698,1986,3193,329,101
9,2,1.47458,1.05085,758,3019,87,62
9,3,1.31757,1.17568,937,5303,65,58
9,4,1.37731,1.18734,2530,5303,58,50
9,5,1.42991,1.09346,5996,2386,51,39
9,6,1.5,1.26667,3283,2386,45,38
9,7,1.8,1.52,1126,2386,45,38
9,8,2.2,2.2,6452,6452,44,44
9,9,2.77941,2.38235,6330,3193,42,36
9,1,3.44302,1.11977,1986,1645,329,107
9,2,1.47458,1.10169,758,6452,87,65
9,3,1.31757,1.13514,937,3283,65,56
9,4,1.37731,1.18734,2530,5303,58,50
9,5,1.42991,1.23364,5996,5303,51,44
9,6,1.5,1.36667,3283,3193,45,41
9,7,1.8,1.64,1126,3193,45,41
9,8,2.2,2.1,6452,5303,44,42
9,9,2.77941,2.77941,6330,6330,42,42
9,1,3.44302,1.07791,1986,2386,329,103
9,2,1.47458,1,758,3193,87,59
9,3,1.31757,1.01351,937,3019,65,50
9,4,1.37731,1.11609,2530,3193,58,47
9,5,1.42991,1.23364,5996,5303,51,44
9,6,1.5,1.43333,3283,1645,45,43
9,7,1.8,1.52,1126,2386,45,38
9,8,2.2,1.9,6452,2386,44,38
9,9,2.77941,2.05147,6330,3019,42,31
9,1,3.44302,1.03605,1986,5996,329,99
9,2,1.47458,1.18644,758,1645,87,70
9,3,1.31757,1.21622,937,6330,65,60
9,4,1.37731,1.18734,2530,5303,58,50
9,5,1.42991,1.26168,5996,6452,51,45
9,6,1.5,1.46667,3283,6330,45,44
9,7,1.8,1.32,1126,3019,45,33
9,8,2.2,2.15,6452,6330,44,43
9,9,2.77941,2.51471,6330,2386,42,38
9,1,3.44302,1.11977,1986,1645,329,107
9,2,1.47458,1.05085,758,3019,87,62
9,3,1.31757,1.05405,937,3193,65,52
9,4,1.37731,1.25858,2530,6330,58,53
9,5,1.42991,1.42991,5996,5996,51,51
9,6,1.5,1.43333,3283,1645,45,43
9,7,1.8,1.64,1126,1645,45,41
9,8,2.2,2.2,6452,6452,44,44
9,9,2.77941,2.64706,6330,1645,42,40
9,1,3.44302,1.07791,1986,3019,329,103
9,2,1.47458,1.18644,758,1645,87,70
9,3,1.31757,1.19595,937,6452,65,59
9,4,1.37731,1.25858,2530,6330,58,53
9,5,1.42991,1.14953,5996,3193,51,41
9,6,1.5,1.46667,3283,6330,45,44
9,7,1.8,1.64,1126,3193,45,41
9,8,2.2,2.05,6452,1645,44,41
9,9,2.77941,2.51471,6330,2386,42,38
9,1,3.44302,1.07791,1986,3019,329,103
9,2,1.47458,1,758,3193,87,59
9,3,1.31757,1.13514,937,3283,65,56
9,4,1.37731,1.18734,2530,3283,58,50
9,5,1.42991,1.28972,5996,6330,51,46
9,6,1.5,1.46667,3283,6452,45,44
9,7,1.8,1.64,1126,3193,45,41
9,8,2.2,2.15,6452,6330,44,43
9,9,2.77941,2.38235,6330,3193,42,36
9,1,3.44302,1.11977,1986,6452,329,107
9,2,1.47458,1.23729,758,5996,87,73
9,3,1.31757,1.19595,937,6452,65,59
9,4,1.37731,1.11609,2530,3193,58,47
9,5,1.42991,1.23364,5996,5303,51,44
9,6,1.5,1.36667,3283,3193,45,41
9,7,1.8,1.64,1126,1645,45,41
9,8,2.2,2.15,6452,6330,44,43
9,9,2.77941,2.71324,6330,5303,42,41
9,1,3.44302,1.11977,1986,6452,329,107
9,2,1.47458,1.18644,758,6330,87,70
9,3,1.31757,1.27703,937,5996,65,63
9,4,1.37731,1.18734,2530,5303,58,50
9,5,1.42991,1.26168,5996,3283,51,45
9,6,1.5,1.43333,3283,1645,45,43
9,7,1.8,1.52,1126,2386,45,38
9,8,2.2,1.9,6452,2386,44,38
9,9,2.77941,2.64706,6330,1645,42,40
9,1,3.44302,1.03605,1986,6330,329,99
9,2,1.47458,1,758,3193,87,59
9,3,1.31757,1.21622,937,6330,65,60
9,4,1.37731,1.11609,2530,2386,58,47
9,5,1.42991,1.09346,5996,2386,51,39
9,6,1.5,1.46667,3283,6330,45,44
9,7,1.8,1.64,1126,1645,45,41
9,8,2.2,1.9,6452,3193,44,38
9,9,2.77941,2.77941,6330,6330,42,42
9,1,3.44302,1.11977,1986,1645,329,107
9,2,1.47458,1.05085,758,3019,87,62
9,3,1.31757,1.19595,937,6452,65,59
9,4,1.37731,1.18734,2530,1645,58,50
9,5,1.42991,1.14953,5996,3193,51,41
9,6,1.5,1.46667,3283,6452,45,44
9,7,1.8,1.52,1126,2386,45,38
9,8,2.2,2.05,6452,1645,44,41
9,9,2.77941,2.51471,6330,2386,42,38
9,1,3.44302,1.03605,1986,5996,329,99
9,2,1.47458,1.18644,758,1645,87,70
9,3,1.31757,1.13514,937,3283,65,56
9,4,1.37731,1.18734,2530,1645,58,50
9,5,1.42991,1.23364,5996,5303,51,44
9,6,1.5,1.46667,3283,6452,45,44
9,7,1.8,1.32,1126,3019,45,33
9,8,2.2,1.6,6452,3019,44,32
9,9,2.77941,2.64706,6330,1645,42,40
9,1,3.44302,1.11977,1986,6452,329,107
9,2,1.47458,1.08475,758,2386,87,64
9,3,1.31757,1.05405,937,3193,65,52
9,4,1.37731,1.32982,2530,5996,58,56
9,5,1.42991,0.925234,5996,3019,51,33
9,6,1.5,1.26667,3283,2386,45,38
9,7,1.8,1.76,1126,6330,45,44
9,8,2.2,1.9,6452,3193,44,38
9,9,2.77941,2.38235,6330,3193,42,36
9,1,3.44302,1.03605,1986,6330,329,99
9,2,1.47458,1.16949,758,5303,87,69
9,3,1.31757,1.13514,937,3283,65,56
9,4,1.37731,0.949868,2530,3019,58,40
9,5,1.42991,1.26168,5996,3283,51,45
9,6,1.5,1.1,3283,3019,45,33
9,7,1.8,1.72,1126,5303,45,43
9,8,2.2,1.6,6452,3019,44,32
9,9,2.77941,2.64706,6330,1645,42,40
9,1,3.44302,1.03605,1986,5996,329,99
9,2,1.47458,1.10169,758,6452,87,65
9,3,1.31757,1.27703,937,5996,65,63
9,4,1.37731,1.11609,2530,2386,58,47
9,5,1.42991,1.26168,5996,3283,51,45
9,6,1.5,1.26667,3283,2386,45,38
9,7,1.8,1.76,1126,6330,45,44
9,8,2.2,1.9,6452,2386,44,38
9,9,2.77941,2.64706,6330,1645,42,40
10,1,3.49628,1.13709,1986,6452,329,107
10,2,1.42157,1.01307,758,3019,87,62
10,3,1.2381,0.990476,937,3193,65,52
10,4,1.26087,1.08696,2530,1645,58,50
10,5,1.26866,1.1194,5996,1645,51,45
10,6,1.28205,1.28205,3283,1126,45,45
10,7,1.47059,1.24183,1126,2386,45,38
10,8,1.68582,1.6092,6452,5303,44,42
10,9,1.93548,1.42857,6330,3019,42,31
10,10,2.34286,2.22857,5303,1645,41,39
10,1,3.49628,1.07333,1986,3193,329,101
10,2,1.42157,1.01307,758,3019,87,62
10,3,1.2381,1.2,937,5996,65,63
10,4,1.26087,1.08696,2530,6452,58,50
10,5,1.26866,0.820896,5996,3019,51,33
10,6,1.28205,1.28205,3283,1126,45,45
10,7,1.47059,1.33987,1126,1645,45,41
10,8,1.68582,1.6092,6452,5303,44,42
10,9,1.93548,1.8894,6330,5303,42,41
10,10,2.34286,1.77143,5303,3019,41,31
10,1,3.49628,1.13709,1986,1645,329,107
10,2,1.42157,1.19281,758,5996,87,73
10,3,1.2381,1.2,937,5996,65,63
10,4,1.26087,0.869565,2530,3019,58,40
10,5,1.26866,0.970149,5996,2386,51,39
10,6,1.28205,1.25356,3283,6330,45,44
10,7,1.47059,1.43791,1126,6452,45,44
10,8,1.68582,1.22605,6452,3019,44,32
10,9,1.93548,1.42857,6330,3019,42,31
10,10,2.34286,1.77143,5303,3019,41,31
10,1,3.49628,1.13709,1986,6452,329,107
10,2,1.42157,1.19281,758,5996,87,73
10,3,1.2381,1.00952,937,2386,65,53
10,4,1.26087,1.08696,2530,6452,58,50
10,5,1.26866,1.1194,5996,1645,51,45
10,6,1.28205,1.25356,3283,5303,45,44
10,7,1.47059,1.33987,1126,1645,45,41
10,8,1.68582,1.64751,6452,6330,44,43
10,9,1.93548,1.84332,6330,1645,42,40
10,10,2.34286,2.22857,5303,1645,41,39
10,1,3.49628,1.12646,1986,3283,329,106
10,2,1.42157,1.14379,758,1645,87,70
10,3,1.2381,1.12381,937,1645,65,59
10,4,1.26087,1.15217,2530,6330,58,53
10,5,1.26866,0.970149,5996,2386,51,39
10,6,1.28205,1.28205,3283,3283,45,45
10,7,1.47059,1.43791,1126,6330,45,44
10,8,1.68582,1.57088,6452,1645,44,41
10,9,1.93548,1.42857,6330,3019,42,31
10,10,2.34286,2.17143,5303,2386,41,38
10,1,3.49628,1.09458,1986,3019,329,103
10,2,1.42157,1.04575,758,2386,87,64
10,3,1.2381,0.952381,937,3019,65,50
10,4,1.26087,1.08696,2530,5303,58,50
10,5,1.26866,1.19403,5996,1126,51,48
10,6,1.28205,1.16809,3283,3193,45,41
10,7,1.47059,1.07843,1126,3019,45,33
10,8,1.68582,1.6092,6452,5303,44,42
10,9,1.93548,1.42857,6330,3019,42,31
10,10,2.34286,2.34286,5303,5303,41,41
10,1,3.49628,1.13709,1986,6452,329,107
10,2,1.42157,1.19281,758,5996,87,73
10,3,1.2381,1.2,937,1126,65,63
10,4,1.26087,1.08696,2530,6452,58,50
10,5,1.26866,1.09453,5996,5303,51,44
10,6,1.28205,1.28205,3283,1126,45,45
10,7,1.47059,1.07843,1126,3019,45,33
10,8,1.68582,1.64751,6452,6330,44,43
10,9,1.93548,1.65899,6330,3193,42,36
10,10,2.34286,1.77143,5303,3019,41,31
10,1,3.49628,1.10521,1986,1126,329,104
10,2,1.42157,1.01307,758,3019,87,62
10,3,1.2381,1.2,937,5996,65,63
10,4,1.26087,1.08696,2530,3283,58,50
10,5,1.26866,0.820896,5996,3019,51,33
10,6,1.28205,1.16809,3283,3193,45,41
10,7,1.47059,1.40523,1126,5303,45,43
10,8,1.68582,1.45594,6452,2386,44,38
10,9,1.93548,1.8894,6330,5303,42,41
10,10,2.34286,2.34286,5303,5303,41,41
10,1,3.49628,1.05207,1986,5996,329,99
10,2,1.42157,1.14379,758,6330,87,70
10,3,1.2381,1.10476,937,5303,65,58
10,4,1.26087,0.869565,2530,3019,58,40
10,5,1.26866,1.19403,5996,1126,51,48
10,6,1.28205,1.28205,3283,3283,45,45
10,7,1.47059,1.24183,1126,2386,45,38
10,8,1.68582,1.22605,6452,3019,44,32
10,9,1.93548,1.84332,6330,1645,42,40
10,10,2.34286,2.05714,5303,3193,41,36
10,1,3.49628,1.12646,1986,3283,329,106
10,2,1.42157,0.964052,758,3193,87,59
10,3,1.2381,1.06667,937,3283,65,56
10,4,1.26087,1.08696,2530,3283,58,50
10,5,1.26866,1.1194,5996,3283,51,45
10,6,1.28205,1.08262,3283,2386,45,38
10,7,1.47059,1.33987,1126,3193,45,41
10,8,1.68582,1.57088,6452,1645,44,41
10,9,1.93548,1.42857,6330,3019,42,31
10,10,2.34286,2.22857,5303,1645,41,39
10,1,3.49628,1.12646,1986,3283,329,106
10,2,1.42157,1.19281,758,5996,87,73
10,3,1.2381,0.990476,937,3193,65,52
10,4,1.26087,0.869565,2530,3019,58,40
10,5,1.26866,1.14428,5996,6330,51,46
10,6,1.28205,1.22507,3283,1645,45,43
10,7,1.47059,1.33987,1126,1645,45,41
10,8,1.68582,1.57088,6452,1645,44,41
10,9,1.93548,1.8894,6330,5303,42,41
10,10,2.34286,2.05714,5303,3193,41,36
10,1,3.49628,1.09458,1986,3019,329,103
10,2,1.42157,0.964052,758,3193,87,59
10,3,1.2381,1.00952,937,2386,65,53
10,4,1.26087,1.21739,2530,5996,58,56
10,5,1.26866,1.0199,5996,3193,51,41
10,6,1.28205,1.28205,3283,1126,45,45
10,7,1.47059,1.43791,1126,6452,45,44
10,8,1.68582,1.6092,6452,5303,44,42
10,9,1.93548,1.84332,6330,1645,42,40
10,10,2.34286,2.34286,5303,5303,41,41
10,1,3.49628,1.07333,1986,3193,329,101
10,2,1.42157,1.04575,758,2386,87,64
10,3,1.2381,1.12381,937,1645,65,59
10,4,1.26087,1.02174,2530,3193,58,47
10,5,1.26866,0.970149,5996,2386,51,39
10,6,1.28205,1.22507,3283,1645,45,43
10,7,1.47059,1.43791,1126,6452,45,44
10,8,1.68582,1.45594,6452,2386,44,38
10,9,1.93548,1.75115,6330,2386,42,38
10,10,2.34286,2.34286,5303,5303,41,41
10,1,3.49628,1.09458,1986,3019,329,103
10,2,1.42157,1.14379,758,1126,87,70
10,3,1.2381,1.00952,937,2386,65,53
10,4,1.26087,1.08696,2530,1645,58,50
10,5,1.26866,1.09453,5996,5303,51,44
10,6,1.28205,1.08262,3283,2386,45,38
10,7,1.47059,1.33987,1126,3193,45,41
10,8,1.68582,1.6092,6452,5303,44,42
10,9,1.93548,1.65899,6330,3193,42,36
10,10,2.34286,2.05714,5303,3193,41,36
10,1,3.49628,1.13709,1986,1645,329,107
10,2,1.42157,0.964052,758,3193,87,59
10,3,1.2381,1.2,937,5996,65,63
10,4,1.26087,1.08696,2530,6452,58,50
10,5,1.26866,1.0199,5996,3193,51,41
10,6,1.28205,1.25356,3283,6452,45,44
10,7,1.47059,1.47059,1126,1126,45,45
10,8,1.68582,1.45594,6452,2386,44,38
10,9,1.93548,1.42857,6330,3019,42,31
10,10,2.34286,2.22857,5303,1645,41,39
10,1,3.49628,1.13709,1986,6452,329,107
10,2,1.42157,1.01307,758,3019,87,62
10,3,1.2381,1.06667,937,3283,65,56
10,4,1.26087,1.08696,2530,6452,58,50
10,5,1.26866,1.26866,5996,5996,51,51
10,6,1.28205,0.940171,3283,3019,45,33
10,7,1.47059,1.24183,1126,2386,45,38
10,8,1.68582,1.57088,6452,1645,44,41
10,9,1.93548,1.8894,6330,5303,42,41
10,10,2.34286,2.17143,5303,2386,41,38
10,1,3.49628,1.07333,1986,3193,329,101
10,2,1.42157,1.14379,758,1645,87,70
10,3,1.2381,1.2,937,1126,65,63
10,4,1.26087,1.02174,2530,3193,58,47
10,5,1.26866,1.0199,5996,3193,51,41
10,6,1.28205,1.16809,3283,3193,45,41
10,7,1.47059,1.33987,1126,1645,45,41
10,8,1.68582,1.22605,6452,3019,44,32
10,9,1.93548,1.65899,6330,3193,42,36
10,10,2.34286,2.05714,5303,3193,41,36
10,1,3.49628,1.12646,1986,3283,329,106
10,2,1.42157,1.11111,758,3283,87,68
10,3,1.2381,1.06667,937,3283,65,56
10,4,1.26087,1.08696,2530,3283,58,50
10,5,1.26866,1.19403,5996,1126,51,48
10,6,1.28205,1.25356,3283,6452,45,44
10,7,1.47059,1.40523,1126,5303,45,43
10,8,1.68582,1.68582,6452,6452,44,44
10,9,1.93548,1.65899,6330,3193,42,36
10,10,2.34286,2.34286,5303,5303,41,41
10,1,3.49628,1.10521,1986,1126,329,104
10,2,1.42157,1.01307,758,3019,87,62
10,3,1.2381,1.06667,937,3283,65,56
10,4,1.26087,1.21739,2530,1126,58,56
10,5,1.26866,1.14428,5996,6330,51,46
10,6,1.28205,1.25356,3283,6330,45,44
10,7,1.47059,1.24183,1126,2386,45,38
10,8,1.68582,1.57088,6452,1645,44,41
10,9,1.93548,1.93548,6330,6330,42,42
10,10,2.34286,2.17143,5303,2386,41,38
10,1,3.49628,1.12646,1986,3283,329,106
10,2,1.42157,1.11111,758,3283,87,68
10,3,1.2381,1.14286,937,6330,65,60
10,4,1.26087,1.21739,2530,1126,58,56
10,5,1.26866,1.19403,5996,1126,51,48
10,6,1.28205,1.28205,3283,1126,45,45
10,7,1.47059,1.47059,1126,1126,45,45
10,8,1.68582,1.57088,6452,1645,44,41
10,9,1.93548,1.42857,6330,3019,42,31
10,10,2.34286,2.05714,5303,3193,41,36
10,1,3.49628,1.07333,1986,3193,329,101
10,2,1.42157,1.06209,758,6452,87,65
10,3,1.2381,1.12381,937,1645,65,59
10,4,1.26087,1.08696,2530,1645,58,50
10,5,1.26866,1.0199,5996,3193,51,41
10,6,1.28205,1.25356,3283,5303,45,44
10,7,1.47059,1.47059,1126,1126,45,45
10,8,1.68582,1.22605,6452,3019,44,32
10,9,1.93548,1.8894,6330,5303,42,41
10,10,2.34286,2.17143,5303,2386,41,38
10,1,3.49628,1.09458,1986,2386,329,103
10,2,1.42157,1.14379,758,1126,87,70
10,3,1.2381,1.10476,937,5303,65,58
10,4,1.26087,1.21739,2530,1126,58,56
10,5,1.26866,1.19403,5996,1126,51,48
10,6,1.28205,1.22507,3283,1645,45,43
10,7,1.47059,1.33987,1126,3193,45,41
10,8,1.68582,1.57088,6452,1645,44,41
10,9,1.93548,1.65899,6330,3193,42,36
10,10,2.34286,2.34286,5303,5303,41,41
10,1,3.49628,1.05207,1986,5996,329,99
10,2,1.42157,0.964052,758,3193,87,59
10,3,1.2381,1.00952,937,2386,65,53
10,4,1.26087,1.02174,2530,3193,58,47
10,5,1.26866,1.1194,5996,1645,51,45
10,6,1.28205,1.25356,3283,6452,45,44
10,7,1.47059,1.43791,1126,6452,45,44
10,8,1.68582,1.45594,6452,3193,44,38
10,9,1.93548,1.75115,6330,2386,42,38
10,10,2.34286,2.17143,5303,2386,41,38
10,1,3.49628,1.10521,1986,1126,329,104
10,2,1.42157,1.12745,758,5303,87,69
10,3,1.2381,1.2,937,1126,65,63
10,4,1.26087,1.15217,2530,6330,58,53
10,5,1.26866,1.1194,5996,6452,51,45
10,6,1.28205,0.940171,3283,3019,45,33
10,7,1.47059,1.33987,1126,3193,45,41
10,8,1.68582,1.68582,6452,6452,44,44
10,9,1.93548,1.84332,6330,1645,42,40
10,10,2.34286,2.22857,5303,1645,41,39
10,1,3.49628,1.10521,1986,5303,329,104
10,2,1.42157,1.11111,758,3283,87,68
10,3,1.2381,1.10476,937,5303,65,58
10,4,1.26087,1.08696,2530,3283,58,50
10,5,1.26866,0.970149,5996,2386,51,39
10,6,1.28205,1.08262,3283,2386,45,38
10,7,1.47059,1.33987,1126,1645,45,41
10,8,1.68582,1.22605,6452,3019,44,32
10,9,1.93548,1.75115,6330,2386,42,38
10,10,2.34286,2.05714,5303,3193,41,36
10,1,3.49628,1.13709,1986,6452,329,107
10,2,1.42157,0.964052,758,3193,87,59
10,3,1.2381,1.14286,937,6330,65,60
10,4,1.26087,1.08696,2530,5303,58,50
10,5,1.26866,1.1194,5996,3283,51,45
10,6,1.28205,1.08262,3283,2386,45,38
10,7,1.47059,1.24183,1126,2386,45,38
10,8,1.68582,1.6092,6452,5303,44,42
10,9,1.93548,1.93548,6330,6330,42,42
10,10,2.34286,1.77143,5303,3019,41,31
10,1,3.49628,1.13709,1986,1645,329,107
10,2,1.42157,0.964052,758,3193,87,59
10,3,1.2381,0.952381,937,3019,65,50
10,4,1.26087,1.15217,2530,6330,58,53
10,5,1.26866,1.1194,5996,1645,51,45
10,6,1.28205,1.25356,3283,5303,45,44
10,7,1.47059,1.33987,1126,3193,45,41
10,8,1.68582,1.64751,6452,6330,44,43
10,9,1.93548,1.42857,6330,3019,42,31
10,10,2.34286,1.77143,5303,3019,41,31
10,1,3.49628,1.13709,1986,1645,329,107
10,2,1.42157,1.14379,758,1126,87,70
10,3,1.2381,1.12381,937,6452,65,59
10,4,1.26087,1.08696,2530,5303,58,50
10,5,1.26866,1.1194,5996,1645,51,45
10,6,1.28205,1.22507,3283,1645,45,43
10,7,1.47059,1.40523,1126,5303,45,43
10,8,1.68582,1.6092,6452,5303,44,42
10,9,1.93548,1.42857,6330,3019,42,31
10,10,2.34286,2.17143,5303,2386,41,38
10,1,3.49628,1.05207,1986,6330,329,99
10,2,1.42157,1.12745,758,5303,87,69
10,3,1.2381,1.10476,937,5303,65,58
10,4,1.26087,1.21739,2530,1126,58,56
10,5,1.26866,1.19403,5996,1126,51,48
10,6,1.28205,1.08262,3283,2386,45,38
10,7,1.47059,1.24183,1126,2386,45,38
10,8,1.68582,1.45594,6452,3193,44,38
10,9,1.93548,1.93548,6330,6330,42,42
10,10,2.34286,1.77143,5303,3019,41,31
10,1,3.49628,1.05207,1986,6330,329,99
10,2,1.42157,1.14379,758,6330,87,70
10,3,1.2381,1.2,937,5996,65,63
10,4,1.26087,1.21739,2530,1126,58,56
10,5,1.26866,1.14428,5996,6330,51,46
10,6,1.28205,1.08262,3283,2386,45,38
10,7,1.47059,1.24183,1126,2386,45,38
10,8,1.68582,1.6092,6452,5303,44,42
10,9,1.93548,1.65899,6330,3193,42,36
10,10,2.34286,1.77143,5303,3019,41,31
10,1,3.49628,1.09458,1986,3019,329,103
10,2,1.42157,1.11111,758,3283,87,68
10,3,1.2381,1.00952,937,2386,65,53
10,4,1.26087,1.21739,2530,1126,58,56
10,5,1.26866,1.1194,5996,1645,51,45
10,6,1.28205,1.22507,3283,1645,45,43
10,7,1.47059,1.24183,1126,2386,45,38
10,8,1.68582,1.22605,6452,3019,44,32
10,9,1.93548,1.75115,6330,2386,42,38
10,10,2.34286,2.05714,5303,3193,41,36
10,1,3.49628,1.07333,1986,3193,329,101
10,2,1.42157,0.964052,758,3193,87,59
10,3,1.2381,1.10476,937,5303,65,58
10,4,1.26087,1.08696,2530,3283,58,50
10,5,1.26866,0.970149,5996,2386,51,39
10,6,1.28205,1.08262,3283,2386,45,38
10,7,1.47059,1.40523,1126,5303,45,43
10,8,1.68582,1.22605,6452,3019,44,32
10,9,1.93548,1.75115,6330,2386,42,38
10,10,2.34286,2.05714,5303,3193,41,36
10,1,3.49628,1.13709,1986,6452,329,107
10,2,1.42157,1.14379,758,1126,87,70
10,3,1.2381,0.952381,937,3019,65,50
10,4,1.26087,1.08696,2530,3283,58,50
10,5,1.26866,1.1194,5996,1645,51,45
10,6,1.28205,1.25356,3283,6452,45,44
10,7,1.47059,1.33987,1126,3193,45,41
10,8,1.68582,1.68582,6452,6452,44,44
10,9,1.93548,1.84332,6330,1645,42,40
10,10,2.34286,2.22857,5303,1645,41,39
10,1,3.49628,1.07333,1986,3193,329,101
10,2,1.42157,0.964052,758,3193,87,59
10,3,1.2381,1.12381,937,1645,65,59
10,4,1.26087,1.02174,2530,2386,58,47
10,5,1.26866,1.1194,5996,3283,51,45
10,6,1.28205,1.25356,3283,6330,45,44
10,7,1.47059,1.43791,1126,6452,45,44
10,8,1.68582,1.64751,6452,6330,44,43
10,9,1.93548,1.42857,6330,3019,42,31
10,10,2.34286,2.22857,5303,1645,41,39
10,1,3.49628,1.05207,1986,6330,329,99
10,2,1.42157,0.964052,758,3193,87,59
10,3,1.2381,0.990476,937,3193,65,52
10,4,1.26087,1.21739,2530,5996,58,56
10,5,1.26866,1.09453,5996,5303,51,44
10,6,1.28205,1.25356,3283,6330,45,44
10,7,1.47059,1.43791,1126,6330,45,44
10,8,1.68582,1.22605,6452,3019,44,32
10,9,1.93548,1.8894,6330,5303,42,41
10,10,2.34286,2.17143,5303,2386,41,38
10,1,3.49628,1.10521,1986,1126,329,104
10,2,1.42157,1.04575,758,2386,87,64
10,3,1.2381,1.12381,937,6452,65,59
10,4,1.26087,0.869565,2530,3019,58,40
10,5,1.26866,0.970149,5996,2386,51,39
10,6,1.28205,1.25356,3283,6452,45,44
10,7,1.47059,1.43791,1126,6452,45,44
10,8,1.68582,1.45594,6452,2386,44,38
10,9,1.93548,1.42857,6330,3019,42,31
10,10,2.34286,2.05714,5303,3193,41,36
10,1,3.49628,1.05207,1986,5996,329,99
10,2,1.42157,1.11111,758,3283,87,68
10,3,1.2381,1.14286,937,6330,65,60
10,4,1.26087,1.08696,2530,6452,58,50
10,5,1.26866,1.26866,5996,5996,51,51
10,6,1.28205,1.28205,3283,1126,45,45
10,7,1.47059,1.33987,1126,3193,45,41
10,8,1.68582,1.22605,6452,3019,44,32
10,9,1.93548,1.84332,6330,1645,42,40
10,10,2.34286,2.17143,5303,2386,41,38
10,1,3.49628,1.09458,1986,2386,329,103
10,2,1.42157,1.06209,758,6452,87,65
10,3,1.2381,1.06667,937,3283,65,56
10,4,1.26087,1.21739,2530,5996,58,56
10,5,1.26866,1.09453,5996,5303,51,44
10,6,1.28205,1.28205,3283,3283,45,45
10,7,1.47059,1.43791,1126,6330,45,44
10,8,1.68582,1.57088,6452,1645,44,41
10,9,1.93548,1.75115,6330,2386,42,38
10,10,2.34286,2.34286,5303,5303,41,41
10,1,3.49628,1.13709,1986,6452,329,107
10,2,1.42157,1.19281,758,5996,87,73
10,3,1.2381,0.952381,937,3019,65,50
10,4,1.26087,1.02174,2530,3193,58,47
10,5,1.26866,0.970149,5996,2386,51,39
10,6,1.28205,1.16809,3283,3193,45,41
10,7,1.47059,1.33987,1126,1645,45,41
10,8,1.68582,1.45594,6452,3193,44,38
10,9,1.93548,1.84332,6330,1645,42,40
10,10,2.34286,2.17143,5303,2386,41,38
10,1,3.49628,1.09458,1986,3019,329,103
10,2,1.42157,1.14379,758,1645,87,70
10,3,1.2381,1.14286,937,6330,65,60
10,4,1.26087,0.869565,2530,3019,58,40
10,5,1.26866,1.1194,5996,1645,51,45
10,6,1.28205,1.08262,3283,2386,45,38
10,7,1.47059,1.07843,1126,3019,45,33
10,8,1.68582,1.64751,6452,6330,44,43
10,9,1.93548,1.8894,6330,5303,42,41
10,10,2.34286,1.77143,5303,3019,41,31
10,1,3.49628,1.10521,1986,1126,329,104
10,2,1.42157,1.14379,758,1126,87,70
10,3,1.2381,1.10476,937,5303,65,58
10,4,1.26087,1.08696,2530,5303,58,50
10,5,1.26866,0.970149,5996,2386,51,39
10,6,1.28205,1.25356,3283,6452,45,44
10,7,1.47059,1.33987,1126,3193,45,41
10,8,1.68582,1.45594,6452,3193,44,38
10,9,1.93548,1.75115,6330,2386,42,38
10,10,2.34286,2.05714,5303,3193,41,36
10,1,3.49628,1.09458,1986,3019,329,103
10,2,1.42157,0.964052,758,3193,87,59
10,3,1.2381,1.10476,937,5303,65,58
10,4,1.26087,1.02174,2530,2386,58,47
10,5,1.26866,1.0199,5996,3193,51,41
10,6,1.28205,1.16809,3283,3193,45,41
10,7,1.47059,1.47059,1126,1126,45,45
10,8,1.68582,1.45594,6452,3193,44,38
10,9,1.93548,1.84332,6330,1645,42,40
10,10,2.34286,1.77143,5303,3019,41,31
10,1,3.49628,1.05207,1986,6330,329,99
10,2,1.42157,1.01307,758,3019,87,62
10,3,1.2381,1.12381,937,1645,65,59
10,4,1.26087,0.869565,2530,3019,58,40
10,5,1.26866,1.19403,5996,1126,51,48
10,6,1.28205,1.08262,3283,2386,45,38
10,7,1.47059,1.33987,1126,3193,45,41
10,8,1.68582,1.45594,6452,2386,44,38
10,9,1.93548,1.8894,6330,5303,42,41
10,10,2.34286,2.34286,5303,5303,41,41
10,1,3.49628,1.07333,1986,3193,329,101
10,2,1.42157,1.06209,758,6452,87,65
10,3,1.2381,1.00952,937,2386,65,53
10,4,1.26087,1.21739,2530,5996,58,56
10,5,1.26866,1.14428,5996,6330,51,46
10,6,1.28205,1.28205,3283,3283,45,45
10,7,1.47059,1.43791,1126,6452,45,44
10,8,1.68582,1.45594,6452,2386,44,38
10,9,1.93548,1.42857,6330,3019,42,31
10,10,2.34286,2.34286,5303,5303,41,41
10,1,3.49628,1.12646,1986,3283,329,106
10,2,1.42157,1.01307,758,3019,87,62
10,3,1.2381,1.00952,937,2386,65,53
10,4,1.26087,1.08696,2530,5303,58,50
10,5,1.26866,1.09453,5996,5303,51,44
10,6,1.28205,1.25356,3283,5303,45,44
10,7,1.47059,1.07843,1126,3019,45,33
10,8,1.68582,1.22605,6452,3019,44,32
10,9,1.93548,1.42857,6330,3019,42,31
10,10,2.34286,2.34286,5303,5303,41,41
10,1,3.49628,1.07333,1986,3193,329,101
10,2,1.42157,1.04575,758,2386,87,64
10,3,1.2381,1.00952,937,2386,65,53
10,4,1.26087,1.02174,2530,3193,58,47
10,5,1.26866,1.19403,5996,1126,51,48
10,6,1.28205,1.25356,3283,5303,45,44
10,7,1.47059,1.40523,1126,5303,45,43
10,8,1.68582,1.57088,6452,1645,44,41
10,9,1.93548,1.65899,6330,3193,42,36
10,10,2.34286,2.05714,5303,3193,41,36
10,1,3.49628,1.10521,1986,1126,329,104
10,2,1.42157,1.01307,758,3019,87,62
10,3,1.2381,1.00952,937,2386,65,53
10,4,1.26087,0.869565,2530,3019,58,40
10,5,1.26866,1.1194,5996,1645,51,45
10,6,1.28205,1.16809,3283,3193,45,41
10,7,1.47059,1.07843,1126,3019,45,33
10,8,1.68582,1.68582,6452,6452,44,44
10,9,1.93548,1.8894,6330,5303,42,41
10,10,2.34286,1.77143,5303,3019,41,31
10,1,3.49628,1.05207,1986,6330,329,99
10,2,1.42157,0.964052,758,3193,87,59
10,3,1.2381,1.2,937,5996,65,63
10,4,1.26087,1.08696,2530,1645,58,50
10,5,1.26866,1.19403,5996,1126,51,48
10,6,1.28205,1.28205,3283,3283,45,45
10,7,1.47059,1.40523,1126,5303,45,43
10,8,1.68582,1.57088,6452,1645,44,41
10,9,1.93548,1.84332,6330,1645,42,40
10,10,2.34286,1.77143,5303,3019,41,31
10,1,3.49628,1.09458,1986,3019,329,103
10,2,1.42157,1.14379,758,1126,87,70
10,3,1.2381,0.990476,937,3193,65,52
10,4,1.26087,0.869565,2530,3019,58,40
10,5,1.26866,1.1194,5996,6452,51,45
10,6,1.28205,0.940171,3283,3019,45,33
10,7,1.47059,1.24183,1126,2386,45,38
10,8,1.68582,1.68582,6452,6452,44,44
10,9,1.93548,1.93548,6330,6330,42,42
10,10,2.34286,1.77143,5303,3019,41,31
10,1,3.49628,1.10521,1986,5303,329,104
10,2,1.42157,1.06209,758,6452,87,65
10,3,1.2381,1.2,937,5996,65,63
10,4,1.26087,1.08696,2530,3283,58,50
10,5,1.26866,1.09453,5996,5303,51,44
10,6,1.28205,0.940171,3283,3019,45,33
10,7,1.47059,1.43791,1126,6330,45,44
10,8,1.68582,1.68582,6452,6452,44,44
10,9,1.93548,1.42857,6330,3019,42,31
10,10,2.34286,2.05714,5303,3193,41,36
11,1,3.82963,1.2455,1986,6452,329,107
11,2,1.55357,1.16071,758,6452,87,65
11,3,1.35161,1.31002,937,1126,65,63
11,4,1.375,0.37931,2530,521,58,16
11,5,1.38177,1.21921,5996,1645,51,45
11,6,1.39437,1.17746,3283,2386,45,38
11,7,1.59677,1.52581,1126,5303,45,43
11,8,1.82642,1.57736,6452,3193,44,38
11,9,2.0905,2.0905,6330,6330,42,42
11,10,2.51955,0.430168,5303,521,41,7
11,11,3.1087,3.02899,1645,2386,39,38
11,1,3.82963,1.2455,1986,1645,329,107
11,2,1.55357,1.10714,758,3019,87,62
11,3,1.35161,1.24764,937,6330,65,60
11,4,1.375,1.11422,2530,3193,58,47
11,5,1.38177,1.21921,5996,3283,51,45
11,6,1.39437,1.27042,3283,3193,45,41
11,7,1.59677,1.59677,1126,1126,45,45
11,8,1.82642,1.82642,6452,6452,44,44
11,9,2.0905,1.54299,6330,3019,42,31
11,10,2.51955,0.430168,5303,521,41,7
11,11,3.1087,2.71014,1645,3193,39,34
11,1,3.82963,1.2455,1986,1645,329,107
11,2,1.55357,1.25,758,6330,87,70
11,3,1.35161,1.31002,937,5996,65,63
11,4,1.375,1.18534,2530,6452,58,50
11,5,1.38177,1.24631,5996,6330,51,46
11,6,1.39437,1.36338,3283,6330,45,44
11,7,1.59677,1.52581,1126,5303,45,43
11,8,1.82642,1.7434,6452,5303,44,42
11,9,2.0905,1.54299,6330,3019,42,31
11,10,2.51955,2.39665,5303,1645,41,39
11,11,3.1087,3.1087,1645,1645,39,39
11,1,3.82963,1.19894,1986,2386,329,103
11,2,1.55357,0.392857,758,521,87,22
11,3,1.35161,1.20605,937,5303,65,58
11,4,1.375,1.18534,2530,1645,58,50
11,5,1.38177,1.11084,5996,3193,51,41
11,6,1.39437,1.02254,3283,3019,45,33
11,7,1.59677,1.59677,1126,1126,45,45
11,8,1.82642,1.82642,6452,6452,44,44
11,9,2.0905,1.99095,6330,1645,42,40
11,10,2.51955,1.90503,5303,3019,41,31
11,11,3.1087,3.02899,1645,2386,39,38
11,1,3.82963,1.17566,1986,3193,329,101
11,2,1.55357,1.05357,758,3193,87,59
11,3,1.35161,1.31002,937,1126,65,63
11,4,1.375,1.32759,2530,5996,58,56
11,5,1.38177,1.19212,5996,5303,51,44
11,6,1.39437,1.36338,3283,6330,45,44
11,7,1.59677,1.56129,1126,6330,45,44
11,8,1.82642,1.7434,6452,5303,44,42
11,9,2.0905,2.04072,6330,5303,42,41
11,10,2.51955,2.3352,5303,2386,41,38
11,11,3.1087,3.1087,1645,1645,39,39
11,1,3.82963,1.17566,1986,3193,329,101
11,2,1.55357,1.25,758,6330,87,70
11,3,1.35161,1.08129,937,3193,65,52
11,4,1.375,1.18534,2530,1645,58,50
11,5,1.38177,1.11084,5996,3193,51,41
11,6,1.39437,1.36338,3283,6330,45,44
11,7,1.59677,1.45484,1126,1645,45,41
11,8,1.82642,1.57736,6452,3193,44,38
11,9,2.0905,1.79186,6330,3193,42,36
11,10,2.51955,2.3352,5303,2386,41,38
11,11,3.1087,0.478261,1645,521,39,6
11,1,3.82963,1.19894,1986,2386,329,103
11,2,1.55357,1.23214,758,5303,87,69
11,3,1.35161,1.20605,937,5303,65,58
11,4,1.375,1.11422,2530,3193,58,47
11,5,1.38177,1.24631,5996,6330,51,46
11,6,1.39437,1.02254,3283,3019,45,33
11,7,1.59677,1.17097,1126,3019,45,33
11,8,1.82642,1.82642,6452,6452,44,44
11,9,2.0905,1.54299,6330,3019,42,31
11,10,2.51955,2.51955,5303,5303,41,41
11,11,3.1087,2.71014,1645,3193,39,34
11,1,3.82963,1.23386,1986,3283,329,106
11,2,1.55357,1.25,758,6330,87,70
11,3,1.35161,1.31002,937,5996,65,63
11,4,1.375,1.18534,2530,1645,58,50
11,5,1.38177,1.38177,5996,5996,51,51
11,6,1.39437,1.36338,3283,5303,45,44
11,7,1.59677,1.56129,1126,6452,45,44
11,8,1.82642,1.57736,6452,3193,44,38
11,9,2.0905,1.79186,6330,3193,42,36
11,10,2.51955,2.51955,5303,5303,41,41
11,11,3.1087,3.02899,1645,2386,39,38
11,1,3.82963,1.2455,1986,6452,329,107
11,2,1.55357,1.30357,758,5996,87,73
11,3,1.35161,1.16446,937,3283,65,56
11,4,1.375,1.18534,2530,3283,58,50
11,5,1.38177,1.21921,5996,3283,51,45
11,6,1.39437,1.33239,3283,1645,45,43
11,7,1.59677,1.34839,1126,2386,45,38
11,8,1.82642,1.70189,6452,1645,44,41
11,9,2.0905,1.8914,6330,2386,42,38
11,10,2.51955,2.3352,5303,2386,41,38
11,11,3.1087,3.02899,1645,2386,39,38
11,1,3.82963,1.17566,1986,3193,329,101
11,2,1.55357,1.16071,758,6452,87,65
11,3,1.35161,1.22684,937,1645,65,59
11,4,1.375,1.18534,2530,3283,58,50
11,5,1.38177,1.21921,5996,1645,51,45
11,6,1.39437,1.17746,3283,2386,45,38
11,7,1.59677,1.52581,1126,5303,45,43
11,8,1.82642,1.3283,6452,3019,44,32
11,9,2.0905,1.54299,6330,3019,42,31
11,10,2.51955,2.3352,5303,2386,41,38
11,11,3.1087,2.71014,1645,3193,39,34
11,1,3.82963,1.17566,1986,3193,329,101
11,2,1.55357,1.23214,758,5303,87,69
11,3,1.35161,1.22684,937,1645,65,59
11,4,1.375,1.18534,2530,1645,58,50
11,5,1.38177,1.21921,5996,3283,51,45
11,6,1.39437,1.27042,3283,3193,45,41
11,7,1.59677,1.59677,1126,1126,45,45
11,8,1.82642,1.7434,6452,5303,44,42
11,9,2.0905,1.54299,6330,3019,42,31
11,10,2.51955,2.3352,5303,2386,41,38
11,11,3.1087,2.71014,1645,3193,39,34
11,1,3.82963,1.2455,1986,6452,329,107
11,2,1.55357,1.23214,758,5303,87,69
11,3,1.35161,1.22684,937,1645,65,59
11,4,1.375,1.25647,2530,6330,58,53
11,5,1.38177,1.05665,5996,2386,51,39
11,6,1.39437,1.27042,3283,3193,45,41
11,7,1.59677,1.34839,1126,2386,45,38
11,8,1.82642,1.57736,6452,3193,44,38
11,9,2.0905,2.0905,6330,6330,42,42
11,10,2.51955,0.430168,5303,521,41,7
11,11,3.1087,0.478261,1645,521,39,6
11,1,3.82963,1.2455,1986,6452,329,107
11,2,1.55357,1.30357,758,5996,87,73
11,3,1.35161,0.353497,937,521,65,17
11,4,1.375,0.37931,2530,521,58,16
11,5,1.38177,1.38177,5996,5996,51,51
11,6,1.39437,1.36338,3283,6330,45,44
11,7,1.59677,1.56129,1126,6452,45,44
11,8,1.82642,1.7434,6452,5303,44,42
11,9,2.0905,1.79186,6330,3193,42,36
11,10,2.51955,2.51955,5303,5303,41,41
11,11,3.1087,0.478261,1645,521,39,6
11,1,3.82963,1.2455,1986,1645,329,107
11,2,1.55357,1.16071,758,6452,87,65
11,3,1.35161,1.20605,937,5303,65,58
11,4,1.375,0.37931,2530,521,58,16
11,5,1.38177,0.894089,5996,3019,51,33
11,6,1.39437,1.27042,3283,3193,45,41
11,7,1.59677,1.56129,1126,6452,45,44
11,8,1.82642,1.7434,6452,5303,44,42
11,9,2.0905,2.04072,6330,5303,42,41
11,10,2.51955,0.430168,5303,521,41,7
11,11,3.1087,3.1087,1645,1645,39,39
11,1,3.82963,1.15238,1986,5996,329,99
11,2,1.55357,1.21429,758,3283,87,68
11,3,1.35161,1.10208,937,2386,65,53
11,4,1.375,1.18534,2530,5303,58,50
11,5,1.38177,0.894089,5996,3019,51,33
11,6,1.39437,0.340845,3283,521,45,11
11,7,1.59677,1.52581,1126,5303,45,43
11,8,1.82642,1.3283,6452,3019,44,32
11,9,2.0905,1.99095,6330,1645,42,40
11,10,2.51955,2.39665,5303,1645,41,39
11,11,3.1087,3.02899,1645,2386,39,38
11,1,3.82963,1.23386,1986,3283,329,106
11,2,1.55357,1.23214,758,5303,87,69
11,3,1.35161,1.16446,937,3283,65,56
11,4,1.375,0.948276,2530,3019,58,40
11,5,1.38177,1.19212,5996,5303,51,44
11,6,1.39437,1.36338,3283,6330,45,44
11,7,1.59677,1.52581,1126,5303,45,43
11,8,1.82642,1.70189,6452,1645,44,41
11,9,2.0905,1.54299,6330,3019,42,31
11,10,2.51955,0.430168,5303,521,41,7
11,11,3.1087,2.71014,1645,3193,39,34
11,1,3.82963,1.17566,1986,3193,329,101
11,2,1.55357,1.16071,758,6452,87,65
11,3,1.35161,0.353497,937,521,65,17
11,4,1.375,1.18534,2530,6452,58,50
11,5,1.38177,0.894089,5996,3019,51,33
11,6,1.39437,1.36338,3283,6452,45,44
11,7,1.59677,1.45484,1126,1645,45,41
11,8,1.82642,1.57736,6452,2386,44,38
11,9,2.0905,1.54299,6330,3019,42,31
11,10,2.51955,2.21229,5303,3193,41,36
11,11,3.1087,0.478261,1645,521,39,6
11,1,3.82963,1.21058,1986,1126,329,104
11,2,1.55357,1.05357,758,3193,87,59
11,3,1.35161,1.24764,937,6330,65,60
11,4,1.375,1.18534,2530,6452,58,50
11,5,1.38177,0.894089,5996,3019,51,33
11,6,1.39437,1.36338,3283,6330,45,44
11,7,1.59677,0.390323,1126,521,45,11
11,8,1.82642,1.7434,6452,5303,44,42
11,9,2.0905,1.79186,6330,3193,42,36
11,10,2.51955,2.3352,5303,2386,41,38
11,11,3.1087,0.478261,1645,521,39,6
11,1,3.82963,1.17566,1986,3193,329,101
11,2,1.55357,1.21429,758,3283,87,68
11,3,1.35161,1.22684,937,1645,65,59
11,4,1.375,1.32759,2530,1126,58,56
11,5,1.38177,1.19212,5996,5303,51,44
11,6,1.39437,1.17746,3283,2386,45,38
11,7,1.59677,1.17097,1126,3019,45,33
11,8,1.82642,1.57736,6452,3193,44,38
11,9,2.0905,1.8914,6330,2386,42,38
11,10,2.51955,2.39665,5303,1645,41,39
11,11,3.1087,0.478261,1645,521,39,6
11,1,3.82963,1.21058,1986,5303,329,104
11,2,1.55357,0.392857,758,521,87,22
11,3,1.35161,1.22684,937,6452,65,59
11,4,1.375,1.11422,2530,2386,58,47
11,5,1.38177,1.38177,5996,5996,51,51
11,6,1.39437,1.02254,3283,3019,45,33
11,7,1.59677,1.56129,1126,6452,45,44
11,8,1.82642,1.3283,6452,3019,44,32
11,9,2.0905,0.497738,6330,521,42,10
11,10,2.51955,2.21229,5303,3193,41,36
11,11,3.1087,0.478261,1645,521,39,6
11,1,3.82963,1.19894,1986,2386,329,103
11,2,1.55357,1.16071,758,6452,87,65
11,3,1.35161,1.31002,937,5996,65,63
11,4,1.375,0.37931,2530,521,58,16
11,5,1.38177,1.21921,5996,1645,51,45
11,6,1.39437,1.36338,3283,5303,45,44
11,7,1.59677,1.17097,1126,3019,45,33
11,8,1.82642,1.82642,6452,6452,44,44
11,9,2.0905,0.497738,6330,521,42,10
11,10,2.51955,2.21229,5303,3193,41,36
11,11,3.1087,2.71014,1645,3193,39,34
11,1,3.82963,1.2455,1986,1645,329,107
11,2,1.55357,1.05357,758,3193,87,59
11,3,1.35161,1.22684,937,1645,65,59
11,4,1.375,1.32759,2530,5996,58,56
11,5,1.38177,1.05665,5996,2386,51,39
11,6,1.39437,1.39437,3283,3283,45,45
11,7,1.59677,1.56129,1126,6330,45,44
11,8,1.82642,1.7434,6452,5303,44,42
11,9,2.0905,0.497738,6330,521,42,10
11,10,2.51955,2.21229,5303,3193,41,36
11,11,3.1087,3.1087,1645,1645,39,39
11,1,3.82963,1.17566,1986,3193,329,101
11,2,1.55357,1.14286,758,2386,87,64
11,3,1.35161,1.31002,937,5996,65,63
11,4,1.375,1.11422,2530,3193,58,47
11,5,1.38177,1.30049,5996,1126,51,48
11,6,1.39437,1.27042,3283,3193,45,41
11,7,1.59677,1.56129,1126,6330,45,44
11,8,1.82642,0.456604,6452,521,44,11
11,9,2.0905,1.99095,6330,1645,42,40
11,10,2.51955,2.51955,5303,5303,41,41
11,11,3.1087,2.71014,1645,3193,39,34
11,1,3.82963,1.15238,1986,6330,329,99
11,2,1.55357,1.05357,758,3193,87,59
11,3,1.35161,1.08129,937,3193,65,52
11,4,1.375,1.32759,2530,1126,58,56
11,5,1.38177,1.21921,5996,3283,51,45
11,6,1.39437,1.36338,3283,5303,45,44
11,7,1.59677,1.45484,1126,1645,45,41
11,8,1.82642,1.7434,6452,5303,44,42
11,9,2.0905,1.99095,6330,1645,42,40
11,10,2.51955,2.21229,5303,3193,41,36
11,11,3.1087,3.1087,1645,1645,39,39
11,1,3.82963,1.21058,1986,1126,329,104
11,2,1.55357,1.10714,758,3019,87,62
11,3,1.35161,1.0397,937,3019,65,50
11,4,1.375,1.18534,2530,3283,58,50
11,5,1.38177,1.30049,5996,1126,51,48
11,6,1.39437,1.39437,3283,3283,45,45
11,7,1.59677,1.17097,1126,3019,45,33
11,8,1.82642,1.78491,6452,6330,44,43
11,9,2.0905,1.99095,6330,1645,42,40
11,10,2.51955,0.430168,5303,521,41,7
11,11,3.1087,2.47101,1645,3019,39,31
11,1,3.82963,1.11746,1986,521,329,96
11,2,1.55357,1.23214,758,5303,87,69
11,3,1.35161,1.24764,937,6330,65,60
11,4,1.375,1.32759,2530,1126,58,56
11,5,1.38177,1.24631,5996,6330,51,46
11,6,1.39437,1.36338,3283,6330,45,44
11,7,1.59677,1.56129,1126,6330,45,44
11,8,1.82642,1.7434,6452,5303,44,42
11,9,2.0905,1.79186,6330,3193,42,36
11,10,2.51955,2.51955,5303,5303,41,41
11,11,3.1087,3.1087,1645,1645,39,39
11,1,3.82963,1.15238,1986,5996,329,99
11,2,1.55357,1.10714,758,3019,87,62
11,3,1.35161,1.08129,937,3193,65,52
11,4,1.375,1.18534,2530,5303,58,50
11,5,1.38177,1.11084,5996,3193,51,41
11,6,1.39437,0.340845,3283,521,45,11
11,7,1.59677,1.45484,1126,3193,45,41
11,8,1.82642,0.456604,6452,521,44,11
11,9,2.0905,1.8914,6330,2386,42,38
11,10,2.51955,2.21229,5303,3193,41,36
11,11,3.1087,3.02899,1645,2386,39,38
11,1,3.82963,1.2455,1986,6452,329,107
11,2,1.55357,1.05357,758,3193,87,59
11,3,1.35161,1.08129,937,3193,65,52
11,4,1.375,1.32759,2530,5996,58,56
11,5,1.38177,1.30049,5996,1126,51,48
11,6,1.39437,1.39437,3283,3283,45,45
11,7,1.59677,1.56129,1126,6330,45,44
11,8,1.82642,0.456604,6452,521,44,11
11,9,2.0905,2.0905,6330,6330,42,42
11,10,2.51955,0.430168,5303,521,41,7
11,11,3.1087,3.02899,1645,2386,39,38
11,1,3.82963,1.19894,1986,2386,329,103
11,2,1.55357,0.392857,758,521,87,22
11,3,1.35161,1.20605,937,5303,65,58
11,4,1.375,1.11422,2530,2386,58,47
11,5,1.38177,1.30049,5996,1126,51,48
11,6,1.39437,1.27042,3283,3193,45,41
11,7,1.59677,1.45484,1126,1645,45,41
11,8,1.82642,1.57736,6452,3193,44,38
11,9,2.0905,0.497738,6330,521,42,10
11,10,2.51955,2.39665,5303,1645,41,39
11,11,3.1087,2.47101,1645,3019,39,31
11,1,3.82963,1.11746,1986,521,329,96
11,2,1.55357,1.23214,758,5303,87,69
11,3,1.35161,1.24764,937,6330,65,60
11,4,1.375,1.11422,2530,2386,58,47
11,5,1.38177,1.21921,5996,6452,51,45
11,6,1.39437,0.340845,3283,521,45,11
11,7,1.59677,1.56129,1126,6452,45,44
11,8,1.82642,1.57736,6452,3193,44,38
11,9,2.0905,1.8914,6330,2386,42,38
11,10,2.51955,2.51955,5303,5303,41,41
11,11,3.1087,2.71014,1645,3193,39,34
11,1,3.82963,1.19894,1986,3019,329,103
11,2,1.55357,1.21429,758,3283,87,68
11,3,1.35161,1.16446,937,3283,65,56
11,4,1.375,1.18534,2530,3283,58,50
11,5,1.38177,1.24631,5996,6330,51,46
11,6,1.39437,1.36338,3283,6452,45,44
11,7,1.59677,1.45484,1126,1645,45,41
11,8,1.82642,1.70189,6452,1645,44,41
11,9,2.0905,1.8914,6330,2386,42,38
11,10,2.51955,0.430168,5303,521,41,7
11,11,3.1087,2.71014,1645,3193,39,34
11,1,3.82963,1.15238,1986,5996,329,99
11,2,1.55357,1.14286,758,2386,87,64
11,3,1.35161,1.24764,937,6330,65,60
11,4,1.375,1.18534,2530,3283,58,50
11,5,1.38177,1.30049,5996,1126,51,48
11,6,1.39437,1.33239,3283,1645,45,43
11,7,1.59677,1.17097,1126,3019,45,33
11,8,1.82642,1.57736,6452,3193,44,38
11,9,2.0905,0.497738,6330,521,42,10
11,10,2.51955,0.430168,5303,521,41,7
11,11,3.1087,3.02899,1645,2386,39,38
11,1,3.82963,1.17566,1986,3193,329,101
11,2,1.55357,1.25,758,1645,87,70
11,3,1.35161,1.0397,937,3019,65,50
11,4,1.375,1.18534,2530,1645,58,50
11,5,1.38177,1.05665,5996,2386,51,39
11,6,1.39437,1.02254,3283,3019,45,33
11,7,1.59677,1.34839,1126,2386,45,38
11,8,1.82642,1.70189,6452,1645,44,41
11,9,2.0905,2.04072,6330,5303,42,41
11,10,2.51955,2.3352,5303,2386,41,38
11,11,3.1087,2.47101,1645,3019,39,31
11,1,3.82963,1.21058,1986,1126,329,104
11,2,1.55357,1.21429,758,3283,87,68
11,3,1.35161,1.31002,937,1126,65,63
11,4,1.375,1.25647,2530,6330,58,53
11,5,1.38177,1.30049,5996,1126,51,48
11,6,1.39437,1.39437,3283,3283,45,45
11,7,1.59677,1.17097,1126,3019,45,33
11,8,1.82642,1.7434,6452,5303,44,42
11,9,2.0905,2.0905,6330,6330,42,42
11,10,2.51955,2.21229,5303,3193,41,36
11,11,3.1087,3.02899,1645,2386,39,38
11,1,3.82963,1.2455,1986,6452,329,107
11,2,1.55357,1.10714,758,3019,87,62
11,3,1.35161,0.353497,937,521,65,17
11,4,1.375,1.25647,2530,6330,58,53
11,5,1.38177,1.21921,5996,3283,51,45
11,6,1.39437,0.340845,3283,521,45,11
11,7,1.59677,1.45484,1126,3193,45,41
11,8,1.82642,0.456604,6452,521,44,11
11,9,2.0905,0.497738,6330,521,42,10
11,10,2.51955,2.51955,5303,5303,41,41
11,11,3.1087,3.02899,1645,2386,39,38
11,1,3.82963,1.17566,1986,3193,329,101
11,2,1.55357,1.25,758,1645,87,70
11,3,1.35161,1.16446,937,3283,65,56
11,4,1.375,1.18534,2530,5303,58,50
11,5,1.38177,1.38177,5996,5996,51,51
11,6,1.39437,1.39437,3283,1126,45,45
11,7,1.59677,1.34839,1126,2386,45,38
11,8,1.82642,0.456604,6452,521,44,11
11,9,2.0905,1.79186,6330,3193,42,36
11,10,2.51955,2.39665,5303,1645,41,39
11,11,3.1087,2.47101,1645,3019,39,31
11,1,3.82963,1.19894,1986,3019,329,103
11,2,1.55357,1.23214,758,5303,87,69
11,3,1.35161,1.20605,937,5303,65,58
11,4,1.375,1.18534,2530,6452,58,50
11,5,1.38177,1.21921,5996,3283,51,45
11,6,1.39437,0.340845,3283,521,45,11
11,7,1.59677,1.45484,1126,3193,45,41
11,8,1.82642,0.456604,6452,521,44,11
11,9,2.0905,2.0905,6330,6330,42,42
11,10,2.51955,2.3352,5303,2386,41,38
11,11,3.1087,2.71014,1645,3193,39,34
11,1,3.82963,1.17566,1986,3193,329,101
11,2,1.55357,1.21429,758,3283,87,68
11,3,1.35161,1.20605,937,5303,65,58
11,4,1.375,1.11422,2530,3193,58,47
11,5,1.38177,1.21921,5996,6452,51,45
11,6,1.39437,1.36338,3283,5303,45,44
11,7,1.59677,1.59677,1126,1126,45,45
11,8,1.82642,1.82642,6452,6452,44,44
11,9,2.0905,2.04072,6330,5303,42,41
11,10,2.51955,2.51955,5303,5303,41,41
11,11,3.1087,3.02899,1645,2386,39,38
11,1,3.82963,1.2455,1986,1645,329,107
11,2,1.55357,1.25,758,1645,87,70
11,3,1.35161,1.0397,937,3019,65,50
11,4,1.375,1.11422,2530,3193,58,47
11,5,1.38177,1.38177,5996,5996,51,51
11,6,1.39437,1.17746,3283,2386,45,38
11,7,1.59677,1.45484,1126,3193,45,41
11,8,1.82642,1.78491,6452,6330,44,43
11,9,2.0905,0.497738,6330,521,42,10
11,10,2.51955,2.3352,5303,2386,41,38
11,11,3.1087,2.47101,1645,3019,39,31
11,1,3.82963,1.19894,1986,2386,329,103
11,2,1.55357,1.25,758,1645,87,70
11,3,1.35161,0.353497,937,521,65,17
11,4,1.375,0.37931,2530,521,58,16
11,5,1.38177,1.05665,5996,2386,51,39
11,6,1.39437,1.17746,3283,2386,45,38
11,7,1.59677,0.390323,1126,521,45,11
11,8,1.82642,1.57736,6452,2386,44,38
11,9,2.0905,2.0905,6330,6330,42,42
11,10,2.51955,2.3352,5303,2386,41,38
11,11,3.1087,2.71014,1645,3193,39,34
11,1,3.82963,1.19894,1986,3019,329,103
11,2,1.55357,1.30357,758,5996,87,73
11,3,1.35161,1.10208,937,2386,65,53
11,4,1.375,1.11422,2530,2386,58,47
11,5,1.38177,1.21921,5996,3283,51,45
11,6,1.39437,1.17746,3283,2386,45,38
11,7,1.59677,1.59677,1126,1126,45,45
11,8,1.82642,1.78491,6452,6330,44,43
11,9,2.0905,2.04072,6330,5303,42,41
11,10,2.51955,0.430168,5303,521,41,7
11,11,3.1087,2.71014,1645,3193,39,34
11,1,3.82963,1.19894,1986,2386,329,103
11,2,1.55357,1.25,758,1126,87,70
11,3,1.35161,1.22684,937,1645,65,59
11,4,1.375,0.948276,2530,3019,58,40
11,5,1.38177,1.19212,5996,5303,51,44
11,6,1.39437,1.17746,3283,2386,45,38
11,7,1.59677,1.17097,1126,3019,45,33
11,8,1.82642,1.7434,6452,5303,44,42
11,9,2.0905,1.99095,6330,1645,42,40
11,10,2.51955,2.51955,5303,5303,41,41
11,11,3.1087,2.47101,1645,3019,39,31
11,1,3.82963,1.21058,1986,5303,329,104
11,2,1.55357,1.23214,758,5303,87,69
11,3,1.35161,1.16446,937,3283,65,56
11,4,1.375,1.18534,2530,5303,58,50
11,5,1.38177,1.21921,5996,3283,51,45
11,6,1.39437,0.340845,3283,521,45,11
11,7,1.59677,1.59677,1126,1126,45,45
11,8,1.82642,1.57736,6452,3193,44,38
11,9,2.0905,1.54299,6330,3019,42,31
11,10,2.51955,2.21229,5303,3193,41,36
11,11,3.1087,3.1087,1645,1645,39,39
11,1,3.82963,1.15238,1986,6330,329,99
11,2,1.55357,1.25,758,1645,87,70
11,3,1.35161,1.31002,937,1126,65,63
11,4,1.375,1.32759,2530,5996,58,56
11,5,1.38177,1.19212,5996,5303,51,44
11,6,1.39437,1.39437,3283,1126,45,45
11,7,1.59677,1.34839,1126,2386,45,38
11,8,1.82642,1.57736,6452,3193,44,38
11,9,2.0905,2.04072,6330,5303,42,41
11,10,2.51955,0.430168,5303,521,41,7
11,11,3.1087,2.47101,1645,3019,39,31
11,1,3.82963,1.19894,1986,3019,329,103
11,2,1.55357,1.23214,758,5303,87,69
11,3,1.35161,1.24764,937,6330,65,60
11,4,1.375,1.25647,2530,6330,58,53
11,5,1.38177,1.30049,5996,1126,51,48
11,6,1.39437,1.27042,3283,3193,45,41
11,7,1.59677,1.45484,1126,1645,45,41
11,8,1.82642,1.78491,6452,6330,44,43
11,9,2.0905,1.54299,6330,3019,42,31
11,10,2.51955,2.21229,5303,3193,41,36
11,11,3.1087,2.71014,1645,3193,39,34
11,1,3.82963,1.2455,1986,1645,329,107
11,2,1.55357,1.21429,758,3283,87,68
11,3,1.35161,1.24764,937,6330,65,60
11,4,1.375,1.32759,2530,5996,58,56
11,5,1.38177,1.38177,5996,5996,51,51
11,6,1.39437,0.340845,3283,521,45,11
11,7,1.59677,1.45484,1126,1645,45,41
11,8,1.82642,1.3283,6452,3019,44,32
11,9,2.0905,1.8914,6330,2386,42,38
11,10,2.51955,2.39665,5303,1645,41,39
11,11,3.1087,0.478261,1645,521,39,6
11,1,3.82963,1.15238,1986,5996,329,99
11,2,1.55357,1.14286,758,2386,87,64
11,3,1.35161,1.31002,937,1126,65,63
11,4,1.375,1.32759,2530,5996,58,56
11,5,1.38177,1.21921,5996,1645,51,45
11,6,1.39437,1.33239,3283,1645,45,43
11,7,1.59677,0.390323,1126,521,45,11
11,8,1.82642,0.456604,6452,521,44,11
11,9,2.0905,2.0905,6330,6330,42,42
11,10,2.51955,0.430168,5303,521,41,7
11,11,3.1087,2.47101,1645,3019,39,31
11,1,3.82963,1.2455,1986,1645,329,107
11,2,1.55357,1.25,758,1126,87,70
11,3,1.35161,1.0397,937,3019,65,50
11,4,1.375,0.37931,2530,521,58,16
11,5,1.38177,0.37931,5996,521,51,14
11,6,1.39437,1.36338,3283,6452,45,44
11,7,1.59677,1.45484,1126,3193,45,41
11,8,1.82642,1.70189,6452,1645,44,41
11,9,2.0905,0.497738,6330,521,42,10
11,10,2.51955,2.21229,5303,3193,41,36
11,11,3.1087,0.478261,1645,521,39,6
11,1,3.82963,1.21058,1986,1126,329,104
11,2,1.55357,1.25,758,1126,87,70
11,3,1.35161,1.22684,937,1645,65,59
11,4,1.375,1.32759,2530,5996,58,56
11,5,1.38177,1.21921,5996,1645,51,45
11,6,1.39437,1.36338,3283,6452,45,44
11,7,1.59677,1.45484,1126,1645,45,41
11,8,1.82642,1.70189,6452,1645,44,41
11,9,2.0905,1.8914,6330,2386,42,38
11,10,2.51955,2.3352,5303,2386,41,38
11,11,3.1087,2.47101,1645,3019,39,31
11,1,3.82963,1.17566,1986,3193,329,101
11,2,1.55357,1.21429,758,3283,87,68
11,3,1.35161,1.24764,937,6330,65,60
11,4,1.375,1.18534,2530,1645,58,50
11,5,1.38177,1.11084,5996,3193,51,41
11,6,1.39437,1.36338,3283,5303,45,44
11,7,1.59677,1.17097,1126,3019,45,33
11,8,1.82642,1.57736,6452,3193,44,38
11,9,2.0905,0.497738,6330,521,42,10
11,10,2.51955,2.51955,5303,5303,41,41
11,11,3.1087,3.02899,1645,2386,39,38
12,1,4.17336,1.25581,1986,5996,329,99
12,2,1.69206,1.26418,758,6452,87,65
12,3,1.4717,1.33585,937,6452,65,59
12,4,1.49677,1.31613,2530,8073,58,51
12,5,1.50369,1.32678,5996,1645,51,45
12,6,1.51685,1.48315,3283,6452,45,44
12,7,1.73633,1.58199,1126,3193,45,41
12,8,1.98496,1.71429,6452,2386,44,38
12,9,2.27027,1.94595,6330,3193,42,36
12,10,2.73333,2.4,5303,3193,41,36
12,11,3.36691,3.28058,1645,2386,39,38
12,12,4.44,4.44,2386,2386,37,37
12,1,4.17336,1.30655,1986,3019,329,103
12,2,1.69206,0.447326,758,6393,87,23
12,3,1.4717,1.42642,937,5996,65,63
12,4,1.49677,1.29032,2530,6452,58,50
12,5,1.50369,1.2973,5996,5303,51,44
12,6,1.51685,1.44944,3283,1645,45,43
12,7,1.73633,1.69775,1126,6452,45,44
12,8,1.98496,1.71429,6452,3193,44,38
12,9,2.27027,1.24324,6330,8073,42,23
12,10,2.73333,2.4,5303,3193,41,36
12,11,3.36691,1.29496,1645,8073,39,15
12,12,4.44,4.44,2386,2386,37,37
12,1,4.17336,1.34461,1986,3283,329,106
12,2,1.69206,1.16694,758,8073,87,60
12,3,1.4717,1.26792,937,3283,65,56
12,4,1.49677,1.31613,2530,8073,58,51
12,5,1.50369,1.32678,5996,6452,51,45
12,6,1.51685,1.48315,3283,6452,45,44
12,7,1.73633,1.65916,1126,5303,45,43
12,8,1.98496,1.17293,6452,8073,44,26
12,9,2.27027,1.67568,6330,3019,42,31
12,10,2.73333,2.73333,5303,5303,41,41
12,11,3.36691,2.67626,1645,3019,39,31
12,12,4.44,1.2,2386,8073,37,10
12,1,4.17336,1.25581,1986,6330,329,99
12,2,1.69206,1.41977,758,5996,87,73
12,3,1.4717,0.29434,937,6393,65,13
12,4,1.49677,1.29032,2530,5303,58,50
12,5,1.50369,1.2973,5996,5303,51,44
12,6,1.51685,1.51685,3283,1126,45,45
12,7,1.73633,1.27331,1126,8073,45,33
12,8,1.98496,1.84962,6452,1645,44,41
12,9,2.27027,1.24324,6330,8073,42,23
12,10,2.73333,0.333333,5303,6393,41,5
12,11,3.36691,3.28058,1645,2386,39,38
12,12,4.44,4.44,2386,2386,37,37
12,1,4.17336,1.35729,1986,1645,329,107
12,2,1.69206,1.32253,758,3283,87,68
12,3,1.4717,1.42642,937,1126,65,63
12,4,1.49677,1.31613,2530,8073,58,51
12,5,1.50369,1.32678,5996,3283,51,45
12,6,1.51685,1.11236,3283,3019,45,33
12,7,1.73633,1.65916,1126,5303,45,43
12,8,1.98496,1.84962,6452,1645,44,41
12,9,2.27027,1.67568,6330,3019,42,31
12,10,2.73333,1.26667,5303,8073,41,19
12,11,3.36691,2.93525,1645,3193,39,34
12,12,4.44,1.2,2386,8073,37,10
12,1,4.17336,1.30655,1986,2386,329,103
12,2,1.69206,1.36143,758,1126,87,70
12,3,1.4717,0.29434,937,6393,65,13
12,4,1.49677,1.29032,2530,6452,58,50
12,5,1.50369,1.32678,5996,3283,51,45
12,6,1.51685,1.48315,3283,6452,45,44
12,7,1.73633,1.27331,1126,3019,45,33
12,8,1.98496,1.71429,6452,3193,44,38
12,9,2.27027,1.24324,6330,8073,42,23
12,10,2.73333,2.06667,5303,3019,41,31
12,11,3.36691,3.28058,1645,2386,39,38
12,12,4.44,3.6,2386,3019,37,30
12,1,4.17336,1.28118,1986,3193,329,101
12,2,1.69206,1.24473,758,2386,87,64
12,3,1.4717,1.35849,937,6330,65,60
12,4,1.49677,1.29032,2530,3283,58,50
12,5,1.50369,1.20885,5996,3193,51,41
12,6,1.51685,1.48315,3283,5303,45,44
12,7,1.73633,1.58199,1126,1645,45,41
12,8,1.98496,1.89474,6452,5303,44,42
12,9,2.27027,2.05405,6330,2386,42,38
12,10,2.73333,2.6,5303,1645,41,39
12,11,3.36691,2.67626,1645,3019,39,31
12,12,4.44,3.6,2386,3019,37,30
12,1,4.17336,1.10359,1986,6393,329,87
12,2,1.69206,1.32253,758,3283,87,68
12,3,1.4717,1.33585,937,1645,65,59
12,4,1.49677,1.03226,2530,3019,58,40
12,5,1.50369,1.20885,5996,3193,51,41
12,6,1.51685,1.38202,3283,3193,45,41
12,7,1.73633,1.58199,1126,3193,45,41
12,8,1.98496,1.71429,6452,2386,44,38
12,9,2.27027,2.21622,6330,5303,42,41
12,10,2.73333,1.26667,5303,8073,41,19
12,11,3.36691,0.0863309,1645,6393,39,1
12,12,4.44,4.44,2386,2386,37,37
12,1,4.17336,1.31924,1986,5303,329,104
12,2,1.69206,1.36143,758,1645,87,70
12,3,1.4717,1.13208,937,3019,65,50
12,4,1.49677,1.29032,2530,1645,58,50
12,5,1.50369,1.50369,5996,5996,51,51
12,6,1.51685,0.337079,3283,6393,45,10
12,7,1.73633,1.58199,1126,3193,45,41
12,8,1.98496,0.315789,6452,6393,44,7
12,9,2.27027,1.24324,6330,8073,42,23
12,10,2.73333,2.73333,5303,5303,41,41
12,11,3.36691,2.93525,1645,3193,39,34
12,12,4.44,3.6,2386,3019,37,30
12,1,4.17336,1.14165,1986,8073,329,90
12,2,1.69206,1.36143,758,1126,87,70
12,3,1.4717,1.42642,937,1126,65,63
12,4,1.49677,1.44516,2530,5996,58,56
12,5,1.50369,1.20885,5996,3193,51,41
12,6,1.51685,1.38202,3283,3193,45,41
12,7,1.73633,1.73633,1126,1126,45,45
12,8,1.98496,1.71429,6452,2386,44,38
12,9,2.27027,2.27027,6330,6330,42,42
12,10,2.73333,2.6,5303,1645,41,39
12,11,3.36691,3.36691,1645,1645,39,39
12,12,4.44,0.12,2386,6393,37,1
12,1,4.17336,1.30655,1986,2386,329,103
12,2,1.69206,0.447326,758,6393,87,23
12,3,1.4717,1.31321,937,5303,65,58
12,4,1.49677,0.309677,2530,6393,58,12
12,5,1.50369,1.32678,5996,6452,51,45
12,6,1.51685,1.51685,3283,3283,45,45
12,7,1.73633,1.65916,1126,5303,45,43
12,8,1.98496,0.315789,6452,6393,44,7
12,9,2.27027,2.05405,6330,2386,42,38
12,10,2.73333,2.06667,5303,3019,41,31
12,11,3.36691,3.36691,1645,1645,39,39
12,12,4.44,4.08,2386,3193,37,34
12,1,4.17336,1.30655,1986,3019,329,103
12,2,1.69206,1.34198,758,5303,87,69
12,3,1.4717,1.2,937,2386,65,53
12,4,1.49677,1.31613,2530,8073,58,51
12,5,1.50369,1.26781,5996,8073,51,43
12,6,1.51685,1.51685,3283,3283,45,45
12,7,1.73633,1.58199,1126,3193,45,41
12,8,1.98496,1.17293,6452,8073,44,26
12,9,2.27027,1.24324,6330,8073,42,23
12,10,2.73333,0.333333,5303,6393,41,5
12,11,3.36691,0.0863309,1645,6393,39,1
12,12,4.44,0.12,2386,6393,37,1
12,1,4.17336,1.31924,1986,1126,329,104
12,2,1.69206,1.36143,758,1126,87,70
12,3,1.4717,1.33585,937,6452,65,59
12,4,1.49677,1.36774,2530,6330,58,53
12,5,1.50369,1.20885,5996,3193,51,41
12,6,1.51685,1.51685,3283,1126,45,45
12,7,1.73633,1.73633,1126,1126,45,45
12,8,1.98496,1.84962,6452,1645,44,41
12,9,2.27027,1.24324,6330,8073,42,23
12,10,2.73333,1.26667,5303,8073,41,19
12,11,3.36691,2.67626,1645,3019,39,31
12,12,4.44,4.44,2386,2386,37,37
12,1,4.17336,1.25581,1986,5996,329,99
12,2,1.69206,1.14749,758,3193,87,59
12,3,1.4717,1.26792,937,8073,65,56
12,4,1.49677,1.29032,2530,6452,58,50
12,5,1.50369,1.35627,5996,6330,51,46
12,6,1.51685,1.38202,3283,3193,45,41
12,7,1.73633,1.73633,1126,1126,45,45
12,8,1.98496,1.89474,6452,5303,44,42
12,9,2.27027,2.21622,6330,5303,42,41
12,10,2.73333,2.53333,5303,2386,41,38
12,11,3.36691,3.36691,1645,1645,39,39
12,12,4.44,4.08,2386,3193,37,34
12,1,4.17336,1.10359,1986,6393,329,87
12,2,1.69206,1.14749,758,3193,87,59
12,3,1.4717,1.26792,937,3283,65,56
12,4,1.49677,1.2129,2530,2386,58,47
12,5,1.50369,1.41523,5996,1126,51,48
12,6,1.51685,1.31461,3283,8073,45,39
12,7,1.73633,1.27331,1126,3019,45,33
12,8,1.98496,1.98496,6452,6452,44,44
12,9,2.27027,2.27027,6330,6330,42,42
12,10,2.73333,2.6,5303,1645,41,39
12,11,3.36691,3.36691,1645,1645,39,39
12,12,4.44,3.6,2386,3019,37,30
12,1,4.17336,1.34461,1986,3283,329,106
12,2,1.69206,1.26418,758,6452,87,65
12,3,1.4717,1.33585,937,6452,65,59
12,4,1.49677,1.44516,2530,1126,58,56
12,5,1.50369,1.35627,5996,6330,51,46
12,6,1.51685,1.31461,3283,8073,45,39
12,7,1.73633,0.347267,1126,6393,45,9
12,8,1.98496,1.93985,6452,6330,44,43
12,9,2.27027,1.94595,6330,3193,42,36
12,10,2.73333,2.53333,5303,2386,41,38
12,11,3.36691,2.67626,1645,3019,39,31
12,12,4.44,4.44,2386,2386,37,37
12,1,4.17336,1.34461,1986,3283,329,106
12,2,1.69206,1.41977,758,5996,87,73
12,3,1.4717,1.33585,937,6452,65,59
12,4,1.49677,1.2129,2530,2386,58,47
12,5,1.50369,1.32678,5996,3283,51,45
12,6,1.51685,1.48315,3283,5303,45,44
12,7,1.73633,1.69775,1126,6330,45,44
12,8,1.98496,1.84962,6452,1645,44,41
12,9,2.27027,1.24324,6330,8073,42,23
12,10,2.73333,2.53333,5303,2386,41,38
12,11,3.36691,2.93525,1645,3193,39,34
12,12,4.44,4.44,2386,2386,37,37
12,1,4.17336,1.28118,1986,3193,329,101
12,2,1.69206,1.26418,758,6452,87,65
12,3,1.4717,1.17736,937,3193,65,52
12,4,1.49677,1.29032,2530,6452,58,50
12,5,1.50369,1.32678,5996,6452,51,45
12,6,1.51685,1.48315,3283,6330,45,44
12,7,1.73633,1.69775,1126,6452,45,44
12,8,1.98496,1.93985,6452,6330,44,43
12,9,2.27027,2.05405,6330,2386,42,38
12,10,2.73333,2.06667,5303,3019,41,31
12,11,3.36691,3.28058,1645,2386,39,38
12,12,4.44,0.12,2386,6393,37,1
12,1,4.17336,1.35729,1986,1645,329,107
12,2,1.69206,1.36143,758,1645,87,70
12,3,1.4717,1.35849,937,6330,65,60
12,4,1.49677,1.44516,2530,1126,58,56
12,5,1.50369,0.324324,5996,6393,51,11
12,6,1.51685,1.51685,3283,3283,45,45
12,7,1.73633,1.46624,1126,2386,45,38
12,8,1.98496,1.93985,6452,6330,44,43
12,9,2.27027,0.27027,6330,6393,42,5
12,10,2.73333,2.4,5303,3193,41,36
12,11,3.36691,1.29496,1645,8073,39,15
12,12,4.44,1.2,2386,8073,37,10
12,1,4.17336,1.14165,1986,8073,329,90
12,2,1.69206,1.20583,758,3019,87,62
12,3,1.4717,1.42642,937,5996,65,63
12,4,1.49677,1.31613,2530,8073,58,51
12,5,1.50369,1.50369,5996,5996,51,51
12,6,1.51685,1.2809,3283,2386,45,38
12,7,1.73633,1.46624,1126,2386,45,38
12,8,1.98496,1.93985,6452,6330,44,43
12,9,2.27027,2.16216,6330,1645,42,40
12,10,2.73333,2.73333,5303,5303,41,41
12,11,3.36691,2.67626,1645,3019,39,31
12,12,4.44,4.08,2386,3193,37,34
12,1,4.17336,1.30655,1986,2386,329,103
12,2,1.69206,1.20583,758,3019,87,62
12,3,1.4717,1.33585,937,1645,65,59
12,4,1.49677,1.44516,2530,1126,58,56
12,5,1.50369,1.32678,5996,3283,51,45
12,6,1.51685,1.11236,3283,3019,45,33
12,7,1.73633,1.58199,1126,3193,45,41
12,8,1.98496,1.44361,6452,3019,44,32
12,9,2.27027,2.21622,6330,5303,42,41
12,10,2.73333,2.73333,5303,5303,41,41
12,11,3.36691,3.36691,1645,1645,39,39
12,12,4.44,4.08,2386,3193,37,34
12,1,4.17336,1.14165,1986,8073,329,90
12,2,1.69206,0.447326,758,6393,87,23
12,3,1.4717,1.31321,937,5303,65,58
12,4,1.49677,1.2129,2530,2386,58,47
12,5,1.50369,1.50369,5996,5996,51,51
12,6,1.51685,1.44944,3283,1645,45,43
12,7,1.73633,1.46624,1126,2386,45,38
12,8,1.98496,1.71429,6452,3193,44,38
12,9,2.27027,2.27027,6330,6330,42,42
12,10,2.73333,0.333333,5303,6393,41,5
12,11,3.36691,3.36691,1645,1645,39,39
12,12,4.44,3.6,2386,3019,37,30
12,1,4.17336,1.28118,1986,3193,329,101
12,2,1.69206,1.24473,758,2386,87,64
12,3,1.4717,1.2,937,2386,65,53
12,4,1.49677,0.309677,2530,6393,58,12
12,5,1.50369,1.50369,5996,5996,51,51
12,6,1.51685,1.48315,3283,5303,45,44
12,7,1.73633,1.69775,1126,6452,45,44
12,8,1.98496,1.71429,6452,2386,44,38
12,9,2.27027,2.21622,6330,5303,42,41
12,10,2.73333,2.4,5303,3193,41,36
12,11,3.36691,0.0863309,1645,6393,39,1
12,12,4.44,4.44,2386,2386,37,37
12,1,4.17336,1.28118,1986,3193,329,101
12,2,1.69206,1.14749,758,3193,87,59
12,3,1.4717,1.13208,937,3019,65,50
12,4,1.49677,1.29032,2530,3283,58,50
12,5,1.50369,1.41523,5996,1126,51,48
12,6,1.51685,1.48315,3283,5303,45,44
12,7,1.73633,1.46624,1126,2386,45,38
12,8,1.98496,1.71429,6452,2386,44,38
12,9,2.27027,2.05405,6330,2386,42,38
12,10,2.73333,1.26667,5303,8073,41,19
12,11,3.36691,2.67626,1645,3019,39,31
12,12,4.44,0.12,2386,6393,37,1
12,1,4.17336,1.30655,1986,2386,329,103
12,2,1.69206,1.20583,758,3019,87,62
12,3,1.4717,1.42642,937,1126,65,63
12,4,1.49677,1.29032,2530,6452,58,50
12,5,1.50369,1.41523,5996,1126,51,48
12,6,1.51685,1.11236,3283,3019,45,33
12,7,1.73633,1.58199,1126,1645,45,41
12,8,1.98496,1.71429,6452,2386,44,38
12,9,2.27027,1.67568,6330,3019,42,31
12,10,2.73333,1.26667,5303,8073,41,19
12,11,3.36691,0.0863309,1645,6393,39,1
12,12,4.44,4.44,2386,2386,37,37
12,1,4.17336,1.25581,1986,6330,329,99
12,2,1.69206,1.36143,758,6330,87,70
12,3,1.4717,0.29434,937,6393,65,13
12,4,1.49677,0.309677,2530,6393,58,12
12,5,1.50369,1.14988,5996,2386,51,39
12,6,1.51685,1.48315,3283,6452,45,44
12,7,1.73633,1.46624,1126,2386,45,38
12,8,1.98496,1.44361,6452,3019,44,32
12,9,2.27027,2.27027,6330,6330,42,42
12,10,2.73333,2.06667,5303,3019,41,31
12,11,3.36691,0.0863309,1645,6393,39,1
12,12,4.44,3.6,2386,3019,37,30
12,1,4.17336,1.31924,1986,5303,329,104
12,2,1.69206,1.16694,758,8073,87,60
12,3,1.4717,1.33585,937,6452,65,59
12,4,1.49677,0.309677,2530,6393,58,12
12,5,1.50369,0.324324,5996,6393,51,11
12,6,1.51685,1.31461,3283,8073,45,39
12,7,1.73633,1.27331,1126,3019,45,33
12,8,1.98496,1.93985,6452,6330,44,43
12,9,2.27027,2.27027,6330,6330,42,42
12,10,2.73333,2.73333,5303,5303,41,41
12,11,3.36691,2.67626,1645,3019,39,31
12,12,4.44,1.2,2386,8073,37,10
12,1,4.17336,1.30655,1986,2386,329,103
12,2,1.69206,0.447326,758,6393,87,23
12,3,1.4717,1.42642,937,5996,65,63
12,4,1.49677,1.03226,2530,3019,58,40
12,5,1.50369,0.972973,5996,3019,51,33
12,6,1.51685,1.48315,3283,6452,45,44
12,7,1.73633,1.69775,1126,6330,45,44
12,8,1.98496,1.44361,6452,3019,44,32
12,9,2.27027,1.94595,6330,3193,42,36
12,10,2.73333,2.73333,5303,5303,41,41
12,11,3.36691,1.29496,1645,8073,39,15
12,12,4.44,3.6,2386,3019,37,30
12,1,4.17336,1.10359,1986,6393,329,87
12,2,1.69206,1.36143,758,1645,87,70
12,3,1.4717,1.2,937,2386,65,53
12,4,1.49677,1.29032,2530,1645,58,50
12,5,1.50369,1.32678,5996,1645,51,45
12,6,1.51685,1.48315,3283,6452,45,44
12,7,1.73633,1.46624,1126,2386,45,38
12,8,1.98496,1.98496,6452,6452,44,44
12,9,2.27027,1.67568,6330,3019,42,31
12,10,2.73333,2.53333,5303,2386,41,38
12,11,3.36691,3.36691,1645,1645,39,39
12,12,4.44,3.6,2386,3019,37,30
12,1,4.17336,1.30655,1986,3019,329,103
12,2,1.69206,1.36143,758,1645,87,70
12,3,1.4717,1.26792,937,8073,65,56
12,4,1.49677,1.44516,2530,1126,58,56
12,5,1.50369,1.35627,5996,6330,51,46
12,6,1.51685,1.44944,3283,1645,45,43
12,7,1.73633,0.347267,1126,6393,45,9
12,8,1.98496,1.93985,6452,6330,44,43
12,9,2.27027,2.05405,6330,2386,42,38
12,10,2.73333,0.333333,5303,6393,41,5
12,11,3.36691,0.0863309,1645,6393,39,1
12,12,4.44,3.6,2386,3019,37,30
12,1,4.17336,1.25581,1986,6330,329,99
12,2,1.69206,1.36143,758,6330,87,70
12,3,1.4717,1.26792,937,8073,65,56
12,4,1.49677,1.44516,2530,5996,58,56
12,5,1.50369,1.26781,5996,8073,51,43
12,6,1.51685,1.31461,3283,8073,45,39
12,7,1.73633,1.27331,1126,3019,45,33
12,8,1.98496,1.93985,6452,6330,44,43
12,9,2.27027,2.21622,6330,5303,42,41
12,10,2.73333,0.333333,5303,6393,41,5
12,11,3.36691,2.93525,1645,3193,39,34
12,12,4.44,1.2,2386,8073,37,10
12,1,4.17336,1.31924,1986,1126,329,104
12,2,1.69206,1.36143,758,1126,87,70
12,3,1.4717,0.29434,937,6393,65,13
12,4,1.49677,1.2129,2530,2386,58,47
12,5,1.50369,1.14988,5996,2386,51,39
12,6,1.51685,0.337079,3283,6393,45,10
12,7,1.73633,1.73633,1126,1126,45,45
12,8,1.98496,1.89474,6452,5303,44,42
12,9,2.27027,0.27027,6330,6393,42,5
12,10,2.73333,1.26667,5303,8073,41,19
12,11,3.36691,2.67626,1645,3019,39,31
12,12,4.44,4.44,2386,2386,37,37
12,1,4.17336,1.30655,1986,3019,329,103
12,2,1.69206,0.447326,758,6393,87,23
12,3,1.4717,0.29434,937,6393,65,13
12,4,1.49677,1.44516,2530,1126,58,56
12,5,1.50369,1.32678,5996,1645,51,45
12,6,1.51685,1.31461,3283,8073,45,39
12,7,1.73633,1.73633,1126,1126,45,45
12,8,1.98496,1.71429,6452,3193,44,38
12,9,2.27027,2.05405,6330,2386,42,38
12,10,2.73333,2.4,5303,3193,41,36
12,11,3.36691,2.93525,1645,3193,39,34
12,12,4.44,1.2,2386,8073,37,10
12,1,4.17336,1.35729,1986,6452,329,107
12,2,1.69206,1.32253,758,3283,87,68
12,3,1.4717,1.42642,937,1126,65,63
12,4,1.49677,1.03226,2530,3019,58,40
12,5,1.50369,1.20885,5996,3193,51,41
12,6,1.51685,1.2809,3283,2386,45,38
12,7,1.73633,1.46624,1126,2386,45,38
12,8,1.98496,1.84962,6452,1645,44,41
12,9,2.27027,2.05405,6330,2386,42,38
12,10,2.73333,2.53333,5303,2386,41,38
12,11,3.36691,2.93525,1645,3193,39,34
12,12,4.44,0.12,2386,6393,37,1
12,1,4.17336,1.10359,1986,6393,329,87
12,2,1.69206,1.36143,758,1126,87,70
12,3,1.4717,1.33585,937,1645,65,59
12,4,1.49677,1.2129,2530,3193,58,47
12,5,1.50369,1.32678,5996,6452,51,45
12,6,1.51685,1.2809,3283,2386,45,38
12,7,1.73633,1.73633,1126,1126,45,45
12,8,1.98496,1.17293,6452,8073,44,26
12,9,2.27027,1.94595,6330,3193,42,36
12,10,2.73333,2.6,5303,1645,41,39
12,11,3.36691,0.0863309,1645,6393,39,1
12,12,4.44,1.2,2386,8073,37,10
12,1,4.17336,1.35729,1986,1645,329,107
12,2,1.69206,1.20583,758,3019,87,62
12,3,1.4717,1.13208,937,3019,65,50
12,4,1.49677,1.2129,2530,2386,58,47
12,5,1.50369,1.50369,5996,5996,51,51
12,6,1.51685,1.48315,3283,6330,45,44
12,7,1.73633,1.65916,1126,5303,45,43
12,8,1.98496,1.98496,6452,6452,44,44
12,9,2.27027,2.27027,6330,6330,42,42
12,10,2.73333,2.06667,5303,3019,41,31
12,11,3.36691,0.0863309,1645,6393,39,1
12,12,4.44,4.08,2386,3193,37,34
12,1,4.17336,1.31924,1986,5303,329,104
12,2,1.69206,0.447326,758,6393,87,23
12,3,1.4717,1.2,937,2386,65,53
12,4,1.49677,1.29032,2530,1645,58,50
12,5,1.50369,1.32678,5996,1645,51,45
12,6,1.51685,1.48315,3283,6452,45,44
12,7,1.73633,1.58199,1126,1645,45,41
12,8,1.98496,1.98496,6452,6452,44,44
12,9,2.27027,1.67568,6330,3019,42,31
12,10,2.73333,2.6,5303,1645,41,39
12,11,3.36691,2.93525,1645,3193,39,34
12,12,4.44,3.6,2386,3019,37,30
12,1,4.17336,1.25581,1986,6330,329,99
12,2,1.69206,1.32253,758,3283,87,68
12,3,1.4717,1.17736,937,3193,65,52
12,4,1.49677,1.31613,2530,8073,58,51
12,5,1.50369,1.32678,5996,1645,51,45
12,6,1.51685,1.11236,3283,3019,45,33
12,7,1.73633,1.46624,1126,2386,45,38
12,8,1.98496,1.71429,6452,2386,44,38
12,9,2.27027,2.05405,6330,2386,42,38
12,10,2.73333,1.26667,5303,8073,41,19
12,11,3.36691,2.67626,1645,3019,39,31
12,12,4.44,4.44,2386,2386,37,37
12,1,4.17336,1.30655,1986,2386,329,103
12,2,1.69206,1.36143,758,1645,87,70
12,3,1.4717,1.35849,937,6330,65,60
12,4,1.49677,1.2129,2530,2386,58,47
12,5,1.50369,0.324324,5996,6393,51,11
12,6,1.51685,0.337079,3283,6393,45,10
12,7,1.73633,1.46624,1126,2386,45,38
12,8,1.98496,1.71429,6452,3193,44,38
12,9,2.27027,1.94595,6330,3193,42,36
12,10,2.73333,2.4,5303,3193,41,36
12,11,3.36691,3.28058,1645,2386,39,38
12,12,4.44,1.2,2386,8073,37,10
12,1,4.17336,1.25581,1986,6330,329,99
12,2,1.69206,1.20583,758,3019,87,62
12,3,1.4717,1.33585,937,1645,65,59
12,4,1.49677,1.2129,2530,2386,58,47
12,5,1.50369,1.32678,5996,3283,51,45
12,6,1.51685,1.48315,3283,5303,45,44
12,7,1.73633,1.58199,1126,3193,45,41
12,8,1.98496,1.71429,6452,2386,44,38
12,9,2.27027,2.05405,6330,2386,42,38
12,10,2.73333,2.06667,5303,3019,41,31
12,11,3.36691,0.0863309,1645,6393,39,1
12,12,4.44,4.44,2386,2386,37,37
12,1,4.17336,1.31924,1986,1126,329,104
12,2,1.69206,1.24473,758,2386,87,64
12,3,1.4717,1.13208,937,3019,65,50
12,4,1.49677,1.31613,2530,8073,58,51
12,5,1.50369,0.324324,5996,6393,51,11
12,6,1.51685,0.337079,3283,6393,45,10
12,7,1.73633,1.69775,1126,6452,45,44
12,8,1.98496,1.71429,6452,3193,44,38
12,9,2.27027,0.27027,6330,6393,42,5
12,10,2.73333,2.73333,5303,5303,41,41
12,11,3.36691,2.67626,1645,3019,39,31
12,12,4.44,4.44,2386,2386,37,37
12,1,4.17336,1.10359,1986,6393,329,87
12,2,1.69206,1.24473,758,2386,87,64
12,3,1.4717,1.33585,937,1645,65,59
12,4,1.49677,1.29032,2530,6452,58,50
12,5,1.50369,1.20885,5996,3193,51,41
12,6,1.51685,0.337079,3283,6393,45,10
12,7,1.73633,1.58199,1126,3193,45,41
12,8,1.98496,1.71429,6452,2386,44,38
12,9,2.27027,0.27027,6330,6393,42,5
12,10,2.73333,2.06667,5303,3019,41,31
12,11,3.36691,3.36691,1645,1645,39,39
12,12,4.44,1.2,2386,8073,37,10
12,1,4.17336,1.30655,1986,3019,329,103
12,2,1.69206,1.26418,758,6452,87,65
12,3,1.4717,1.33585,937,1645,65,59
12,4,1.49677,0.309677,2530,6393,58,12
12,5,1.50369,1.41523,5996,1126,51,48
12,6,1.51685,1.48315,3283,6452,45,44
12,7,1.73633,1.27331,1126,3019,45,33
12,8,1.98496,0.315789,6452,6393,44,7
12,9,2.27027,0.27027,6330,6393,42,5
12,10,2.73333,2.73333,5303,5303,41,41
12,11,3.36691,2.67626,1645,3019,39,31
12,12,4.44,3.6,2386,3019,37,30
12,1,4.17336,1.35729,1986,6452,329,107
12,2,1.69206,1.34198,758,5303,87,69
12,3,1.4717,1.35849,937,6330,65,60
12,4,1.49677,0.309677,2530,6393,58,12
12,5,1.50369,1.2973,5996,5303,51,44
12,6,1.51685,1.48315,3283,6330,45,44
12,7,1.73633,1.69775,1126,6452,45,44
12,8,1.98496,1.71429,6452,3193,44,38
12,9,2.27027,1.67568,6330,3019,42,31
12,10,2.73333,0.333333,5303,6393,41,5
12,11,3.36691,2.67626,1645,3019,39,31
12,12,4.44,1.2,2386,8073,37,10
12,1,4.17336,1.31924,1986,5303,329,104
12,2,1.69206,1.36143,758,1645,87,70
12,3,1.4717,1.35849,937,6330,65,60
12,4,1.49677,1.03226,2530,3019,58,40
12,5,1.50369,1.41523,5996,1126,51,48
12,6,1.51685,1.51685,3283,1126,45,45
12,7,1.73633,1.69775,1126,6452,45,44
12,8,1.98496,1.17293,6452,8073,44,26
12,9,2.27027,1.67568,6330,3019,42,31
12,10,2.73333,2.06667,5303,3019,41,31
12,11,3.36691,2.93525,1645,3193,39,34
12,12,4.44,3.6,2386,3019,37,30
12,1,4.17336,1.14165,1986,8073,329,90
12,2,1.69206,1.32253,758,3283,87,68
12,3,1.4717,1.26792,937,8073,65,56
12,4,1.49677,1.29032,2530,5303,58,50
12,5,1.50369,0.972973,5996,3019,51,33
12,6,1.51685,1.38202,3283,3193,45,41
12,7,1.73633,0.347267,1126,6393,45,9
12,8,1.98496,0.315789,6452,6393,44,7
12,9,2.27027,1.67568,6330,3019,42,31
12,10,2.73333,2.6,5303,1645,41,39
12,11,3.36691,3.28058,1645,2386,39,38
12,12,4.44,4.44,2386,2386,37,37
12,1,4.17336,1.35729,1986,6452,329,107
12,2,1.69206,1.26418,758,6452,87,65
12,3,1.4717,1.2,937,2386,65,53
12,4,1.49677,1.29032,2530,1645,58,50
12,5,1.50369,1.50369,5996,5996,51,51
12,6,1.51685,1.31461,3283,8073,45,39
12,7,1.73633,1.69775,1126,6330,45,44
12,8,1.98496,1.84962,6452,1645,44,41
12,9,2.27027,1.94595,6330,3193,42,36
12,10,2.73333,2.73333,5303,5303,41,41
12,11,3.36691,1.29496,1645,8073,39,15
12,12,4.44,3.6,2386,3019,37,30
12,1,4.17336,1.34461,1986,3283,329,106
12,2,1.69206,1.16694,758,8073,87,60
12,3,1.4717,1.42642,937,5996,65,63
12,4,1.49677,1.03226,2530,3019,58,40
12,5,1.50369,1.35627,5996,6330,51,46
12,6,1.51685,1.11236,3283,3019,45,33
12,7,1.73633,1.65916,1126,5303,45,43
12,8,1.98496,1.98496,6452,6452,44,44
12,9,2.27027,2.05405,6330,2386,42,38
12,10,2.73333,0.333333,5303,6393,41,5
12,11,3.36691,3.28058,1645,2386,39,38
12,12,4.44,3.6,2386,3019,37,30
12,1,4.17336,1.10359,1986,6393,329,87
12,2,1.69206,1.41977,758,5996,87,73
12,3,1.4717,0.29434,937,6393,65,13
12,4,1.49677,1.29032,2530,1645,58,50
12,5,1.50369,1.14988,5996,2386,51,39
12,6,1.51685,1.44944,3283,1645,45,43
12,7,1.73633,1.69775,1126,6330,45,44
12,8,1.98496,1.93985,6452,6330,44,43
12,9,2.27027,1.67568,6330,3019,42,31
12,10,2.73333,2.4,5303,3193,41,36
12,11,3.36691,3.36691,1645,1645,39,39
12,12,4.44,3.6,2386,3019,37,30
12,1,4.17336,1.25581,1986,5996,329,99
12,2,1.69206,1.14749,758,3193,87,59
12,3,1.4717,1.17736,937,3193,65,52
12,4,1.49677,1.2129,2530,3193,58,47
12,5,1.50369,1.50369,5996,5996,51,51
12,6,1.51685,1.51685,3283,3283,45,45
12,7,1.73633,1.69775,1126,6330,45,44
12,8,1.98496,1.84962,6452,1645,44,41
12,9,2.27027,2.21622,6330,5303,42,41
12,10,2.73333,2.53333,5303,2386,41,38
12,11,3.36691,2.93525,1645,3193,39,34
12,12,4.44,0.12,2386,6393,37,1
13,1,4.52114,1.41543,1986,3019,329,103
13,2,1.83306,1.43274,758,3283,87,68
13,3,1.59434,1.22642,937,3019,65,50
13,4,1.62151,1.11828,2530,3019,58,40
13,5,1.62899,1.2457,5996,2386,51,39
13,6,1.64326,0.0730337,3283,6841,45,2
13,7,1.88103,1.83923,1126,6452,45,44
13,8,2.15038,1.85714,6452,3193,44,38
13,9,2.45946,2.10811,6330,3193,42,36
13,10,2.96111,2.23889,5303,3019,41,31
13,11,3.64748,0.280576,1645,4585,39,3
13,12,4.81,4.81,2386,2386,37,37
13,13,6.80952,6.80952,3193,3193,33,33
13,1,4.52114,1.42918,1986,5303,329,104
13,2,1.83306,1.47488,758,1645,87,70
13,3,1.59434,1.44717,937,6452,65,59
13,4,1.62151,1.39785,2530,3283,58,50
13,5,1.62899,1.40541,5996,5303,51,44
13,6,1.64326,1.60674,3283,5303,45,44
13,7,1.88103,1.71383,1126,1645,45,41
13,8,2.15038,2.15038,6452,6452,44,44
13,9,2.45946,0.292793,6330,4585,42,5
13,10,2.96111,0.361111,5303,4585,41,5
13,11,3.64748,3.17986,1645,3193,39,34
13,12,4.81,0.39,2386,1806,37,3
13,13,6.80952,0.206349,3193,6841,33,1
13,1,4.52114,1.42918,1986,1126,329,104
13,2,1.83306,1.24311,758,3193,87,59
13,3,1.59434,1.37358,937,3283,65,56
13,4,1.62151,1.39785,2530,1645,58,50
13,5,1.62899,1.05405,5996,3019,51,33
13,6,1.64326,1.60674,3283,6330,45,44
13,7,1.88103,1.58842,1126,2386,45,38
13,8,2.15038,1.85714,6452,2386,44,38
13,9,2.45946,2.34234,6330,1645,42,40
13,10,2.96111,2.81667,5303,1645,41,39
13,11,3.64748,0.0935252,1645,6841,39,1
13,12,4.81,4.42,2386,3193,37,34
13,13,6.80952,0.412698,3193,1806,33,2
13,1,4.52114,2.04757,1986,4585,329,149
13,2,1.83306,1.30632,758,3019,87,62
13,3,1.59434,1.44717,937,6452,65,59
13,4,1.62151,1.48172,2530,6330,58,53
13,5,1.62899,0.0958231,5996,6841,51,3
13,6,1.64326,1.38764,3283,2386,45,38
13,7,1.88103,0.376206,1126,4585,45,9
13,8,2.15038,1.85714,6452,3193,44,38
13,9,2.45946,2.4009,6330,5303,42,41
13,10,2.96111,2.81667,5303,1645,41,39
13,11,3.64748,0.280576,1645,1806,39,3
13,12,4.81,0.39,2386,1806,37,3
13,13,6.80952,6.19048,3193,3019,33,30
13,1,4.52114,1.4704,1986,1645,329,107
13,2,1.83306,1.53809,758,5996,87,73
13,3,1.59434,1.4717,937,6330,65,60
13,4,1.62151,0.083871,2530,6841,58,3
13,5,1.62899,0.415233,5996,4585,51,13
13,6,1.64326,1.49719,3283,3193,45,41
13,7,1.88103,0.376206,1126,4585,45,9
13,8,2.15038,2.15038,6452,6452,44,44
13,9,2.45946,1.81532,6330,3019,42,31
13,10,2.96111,2.74444,5303,2386,41,38
13,11,3.64748,3.17986,1645,3193,39,34
13,12,4.81,0.39,2386,1806,37,3
13,13,6.80952,0,3193,4585,33,0
13,1,4.52114,1.41543,1986,2386,329,103
13,2,1.83306,0.147488,758,6841,87,7
13,3,1.59434,1.4717,937,6330,65,60
13,4,1.62151,1.56559,2530,1126,58,56
13,5,1.62899,1.2457,5996,2386,51,39
13,6,1.64326,1.57022,3283,1645,45,43
13,7,1.88103,1.83923,1126,6452,45,44
13,8,2.15038,2.15038,6452,6452,44,44
13,9,2.45946,0.175676,6330,1806,42,3
13,10,2.96111,0.361111,5303,4585,41,5
13,11,3.64748,2.89928,1645,3019,39,31
13,12,4.81,4.42,2386,3193,37,34
13,13,6.80952,6.19048,3193,3019,33,30
13,1,4.52114,0.439746,1986,6841,329,32
13,2,1.83306,0.632091,758,4585,87,30
13,3,1.59434,0.269811,937,1806,65,11
13,4,1.62151,1.39785,2530,1645,58,50
13,5,1.62899,1.05405,5996,3019,51,33
13,6,1.64326,0.219101,3283,1806,45,6
13,7,1.88103,1.83923,1126,6330,45,44
13,8,2.15038,0.195489,6452,1806,44,4
13,9,2.45946,2.34234,6330,1645,42,40
13,10,2.96111,2.74444,5303,2386,41,38
13,11,3.64748,0.280576,1645,1806,39,3
13,12,4.81,0.39,2386,1806,37,3
13,13,6.80952,6.19048,3193,3019,33,30
13,1,4.52114,1.42918,1986,1126,329,104
13,2,1.83306,1.53809,758,5996,87,73
13,3,1.59434,1.44717,937,1645,65,59
13,4,1.62151,1.39785,2530,1645,58,50
13,5,1.62899,1.43735,5996,1645,51,45
13,6,1.64326,1.38764,3283,2386,45,38
13,7,1.88103,1.79743,1126,5303,45,43
13,8,2.15038,1.85714,6452,2386,44,38
13,9,2.45946,2.34234,6330,1645,42,40
13,10,2.96111,0.361111,5303,4585,41,5
13,11,3.64748,3.64748,1645,1645,39,39
13,12,4.81,3.9,2386,3019,37,30
13,13,6.80952,6.80952,3193,3193,33,33
13,1,4.52114,1.41543,1986,2386,329,103
13,2,1.83306,1.53809,758,5996,87,73
13,3,1.59434,0.367925,937,4585,65,15
13,4,1.62151,0.251613,2530,1806,58,9
13,5,1.62899,1.43735,5996,1645,51,45
13,6,1.64326,1.64326,3283,3283,45,45
13,7,1.88103,0.376206,1126,4585,45,9
13,8,2.15038,2.1015,6452,6330,44,43
13,9,2.45946,2.34234,6330,1645,42,40
13,10,2.96111,2.6,5303,3193,41,36
13,11,3.64748,3.17986,1645,3193,39,34
13,12,4.81,4.81,2386,2386,37,37
13,13,6.80952,6.19048,3193,3019,33,30
13,1,4.52114,1.38795,1986,3193,329,101
13,2,1.83306,0.379254,758,1806,87,18
13,3,1.59434,1.4717,937,6330,65,60
13,4,1.62151,0.083871,2530,6841,58,3
13,5,1.62899,0.0958231,5996,6841,51,3
13,6,1.64326,1.60674,3283,5303,45,44
13,7,1.88103,1.37942,1126,3019,45,33
13,8,2.15038,1.85714,6452,2386,44,38
13,9,2.45946,0.292793,6330,4585,42,5
13,10,2.96111,0.361111,5303,4585,41,5
13,11,3.64748,3.17986,1645,3193,39,34
13,12,4.81,4.81,2386,2386,37,37
13,13,6.80952,0,3193,4585,33,0
13,1,4.52114,1.36047,1986,5996,329,99
13,2,1.83306,0.379254,758,1806,87,18
13,3,1.59434,1.4717,937,6330,65,60
13,4,1.62151,1.56559,2530,5996,58,56
13,5,1.62899,0.415233,5996,4585,51,13
13,6,1.64326,1.49719,3283,3193,45,41
13,7,1.88103,0.376206,1126,4585,45,9
13,8,2.15038,0.0977444,6452,6841,44,2
13,9,2.45946,1.81532,6330,3019,42,31
13,10,2.96111,2.81667,5303,1645,41,39
13,11,3.64748,3.55396,1645,2386,39,38
13,12,4.81,4.42,2386,3193,37,34
13,13,6.80952,0.412698,3193,1806,33,2
13,1,4.52114,1.36047,1986,5996,329,99
13,2,1.83306,1.45381,758,5303,87,69
13,3,1.59434,1.54528,937,5996,65,63
13,4,1.62151,1.39785,2530,5303,58,50
13,5,1.62899,1.43735,5996,6452,51,45
13,6,1.64326,1.49719,3283,3193,45,41
13,7,1.88103,0.209003,1126,1806,45,5
13,8,2.15038,2.05263,6452,5303,44,42
13,9,2.45946,2.4009,6330,5303,42,41
13,10,2.96111,2.81667,5303,1645,41,39
13,11,3.64748,3.17986,1645,3193,39,34
13,12,4.81,4.42,2386,3193,37,34
13,13,6.80952,0,3193,4585,33,0
13,1,4.52114,1.38795,1986,3193,329,101
13,2,1.83306,1.45381,758,5303,87,69
13,3,1.59434,0.122642,937,6841,65,5
13,4,1.62151,1.31398,2530,2386,58,47
13,5,1.62899,1.43735,5996,6452,51,45
13,6,1.64326,1.20506,3283,3019,45,33
13,7,1.88103,0.209003,1126,1806,45,5
13,8,2.15038,2.1015,6452,6330,44,43
13,9,2.45946,0.117117,6330,6841,42,2
13,10,2.96111,2.74444,5303,2386,41,38
13,11,3.64748,2.89928,1645,3019,39,31
13,12,4.81,4.42,2386,3193,37,34
13,13,6.80952,0.206349,3193,6841,33,1
13,1,4.52114,1.4704,1986,6452,329,107
13,2,1.83306,1.47488,758,1645,87,70
13,3,1.59434,1.37358,937,3283,65,56
13,4,1.62151,1.39785,2530,1645,58,50
13,5,1.62899,1.62899,5996,5996,51,51
13,6,1.64326,0.474719,3283,4585,45,13
13,7,1.88103,1.79743,1126,5303,45,43
13,8,2.15038,0.293233,6452,4585,44,6
13,9,2.45946,2.10811,6330,3193,42,36
13,10,2.96111,2.6,5303,3193,41,36
13,11,3.64748,3.55396,1645,2386,39,38
13,12,4.81,0.39,2386,1806,37,3
13,13,6.80952,0.412698,3193,1806,33,2
13,1,4.52114,1.42918,1986,1126,329,104
13,2,1.83306,1.47488,758,6330,87,70
13,3,1.59434,1.44717,937,1645,65,59
13,4,1.62151,1.39785,2530,5303,58,50
13,5,1.62899,1.53317,5996,1126,51,48
13,6,1.64326,1.49719,3283,3193,45,41
13,7,1.88103,1.71383,1126,1645,45,41
13,8,2.15038,1.85714,6452,3193,44,38
13,9,2.45946,0.175676,6330,1806,42,3
13,10,2.96111,2.96111,5303,5303,41,41
13,11,3.64748,0.0935252,1645,6841,39,1
13,12,4.81,0.39,2386,1806,37,3
13,13,6.80952,0,3193,4585,33,0
13,1,4.52114,1.4704,1986,1645,329,107
13,2,1.83306,0.147488,758,6841,87,7
13,3,1.59434,0.367925,937,4585,65,15
13,4,1.62151,1.39785,2530,1645,58,50
13,5,1.62899,0.0958231,5996,6841,51,3
13,6,1.64326,1.64326,3283,3283,45,45
13,7,1.88103,0.376206,1126,4585,45,9
13,8,2.15038,0.0977444,6452,6841,44,2
13,9,2.45946,2.34234,6330,1645,42,40
13,10,2.96111,2.81667,5303,1645,41,39
13,11,3.64748,0.0935252,1645,6841,39,1
13,12,4.81,4.81,2386,2386,37,37
13,13,6.80952,0,3193,4585,33,0
13,1,4.52114,1.42918,1986,5303,329,104
13,2,1.83306,1.47488,758,1645,87,70
13,3,1.59434,1.54528,937,5996,65,63
13,4,1.62151,1.39785,2530,5303,58,50
13,5,1.62899,0.255528,5996,1806,51,8
13,6,1.64326,0.474719,3283,4585,45,13
13,7,1.88103,0.209003,1126,1806,45,5
13,8,2.15038,1.85714,6452,2386,44,38
13,9,2.45946,0.175676,6330,1806,42,3
13,10,2.96111,2.23889,5303,3019,41,31
13,11,3.64748,3.64748,1645,1645,39,39
13,12,4.81,3.9,2386,3019,37,30
13,13,6.80952,6.19048,3193,3019,33,30
13,1,4.52114,1.45666,1986,3283,329,106
13,2,1.83306,1.36953,758,6452,87,65
13,3,1.59434,1.54528,937,1126,65,63
13,4,1.62151,0.083871,2530,6841,58,3
13,5,1.62899,0.255528,5996,1806,51,8
13,6,1.64326,1.60674,3283,6330,45,44
13,7,1.88103,1.71383,1126,1645,45,41
13,8,2.15038,2.05263,6452,5303,44,42
13,9,2.45946,2.34234,6330,1645,42,40
13,10,2.96111,0.144444,5303,6841,41,2
13,11,3.64748,3.55396,1645,2386,39,38
13,12,4.81,0.13,2386,4585,37,1
13,13,6.80952,0.412698,3193,1806,33,2
13,1,4.52114,1.4704,1986,6452,329,107
13,2,1.83306,1.45381,758,5303,87,69
13,3,1.59434,1.37358,937,3283,65,56
13,4,1.62151,0.391398,2530,4585,58,14
13,5,1.62899,1.30958,5996,3193,51,41
13,6,1.64326,1.49719,3283,3193,45,41
13,7,1.88103,1.37942,1126,3019,45,33
13,8,2.15038,0.195489,6452,1806,44,4
13,9,2.45946,2.10811,6330,3193,42,36
13,10,2.96111,0.216667,5303,1806,41,3
13,11,3.64748,3.64748,1645,1645,39,39
13,12,4.81,0.13,2386,6841,37,1
13,13,6.80952,6.80952,3193,3193,33,33
13,1,4.52114,1.36047,1986,5996,329,99
13,2,1.83306,1.36953,758,6452,87,65
13,3,1.59434,1.22642,937,3019,65,50
13,4,1.62151,1.39785,2530,6452,58,50
13,5,1.62899,0.255528,5996,1806,51,8
13,6,1.64326,1.60674,3283,6452,45,44
13,7,1.88103,1.83923,1126,6452,45,44
13,8,2.15038,0.195489,6452,1806,44,4
13,9,2.45946,0.117117,6330,6841,42,2
13,10,2.96111,2.6,5303,3193,41,36
13,11,3.64748,0.0935252,1645,6841,39,1
13,12,4.81,4.42,2386,3193,37,34
13,13,6.80952,6.19048,3193,3019,33,30
13,1,4.52114,1.42918,1986,1126,329,104
13,2,1.83306,1.36953,758,6452,87,65
13,3,1.59434,0.122642,937,6841,65,5
13,4,1.62151,1.48172,2530,6330,58,53
13,5,1.62899,1.30958,5996,3193,51,41
13,6,1.64326,1.49719,3283,3193,45,41
13,7,1.88103,1.71383,1126,1645,45,41
13,8,2.15038,1.85714,6452,2386,44,38
13,9,2.45946,0.117117,6330,6841,42,2
13,10,2.96111,2.23889,5303,3019,41,31
13,11,3.64748,3.64748,1645,1645,39,39
13,12,4.81,0.13,2386,4585,37,1
13,13,6.80952,0,3193,4585,33,0
13,1,4.52114,1.36047,1986,5996,329,99
13,2,1.83306,0.632091,758,4585,87,30
13,3,1.59434,1.27547,937,3193,65,52
13,4,1.62151,1.39785,2530,3283,58,50
13,5,1.62899,1.43735,5996,3283,51,45
13,6,1.64326,1.49719,3283,3193,45,41
13,7,1.88103,1.88103,1126,1126,45,45
13,8,2.15038,0.293233,6452,4585,44,6
13,9,2.45946,0.175676,6330,1806,42,3
13,10,2.96111,0.361111,5303,4585,41,5
13,11,3.64748,3.64748,1645,1645,39,39
13,12,4.81,0.39,2386,1806,37,3
13,13,6.80952,0,3193,4585,33,0
13,1,4.52114,1.45666,1986,3283,329,106
13,2,1.83306,1.30632,758,3019,87,62
13,3,1.59434,1.22642,937,3019,65,50
13,4,1.62151,1.48172,2530,6330,58,53
13,5,1.62899,1.43735,5996,3283,51,45
13,6,1.64326,1.60674,3283,5303,45,44
13,7,1.88103,1.71383,1126,3193,45,41
13,8,2.15038,1.85714,6452,3193,44,38
13,9,2.45946,2.22523,6330,2386,42,38
13,10,2.96111,2.81667,5303,1645,41,39
13,11,3.64748,0.0935252,1645,6841,39,1
13,12,4.81,0.13,2386,4585,37,1
13,13,6.80952,6.19048,3193,3019,33,30
13,1,4.52114,1.36047,1986,5996,329,99
13,2,1.83306,1.47488,758,1126,87,70
13,3,1.59434,1.4717,937,6330,65,60
13,4,1.62151,0.083871,2530,6841,58,3
13,5,1.62899,1.43735,5996,1645,51,45
13,6,1.64326,1.64326,3283,3283,45,45
13,7,1.88103,1.71383,1126,1645,45,41
13,8,2.15038,2.1015,6452,6330,44,43
13,9,2.45946,0.292793,6330,4585,42,5
13,10,2.96111,2.96111,5303,5303,41,41
13,11,3.64748,2.89928,1645,3019,39,31
13,12,4.81,0.13,2386,4585,37,1
13,13,6.80952,6.80952,3193,3193,33,33
13,1,4.52114,1.42918,1986,5303,329,104
13,2,1.83306,1.47488,758,1645,87,70
13,3,1.59434,1.3,937,2386,65,53
13,4,1.62151,1.56559,2530,1126,58,56
13,5,1.62899,0.0958231,5996,6841,51,3
13,6,1.64326,0.0730337,3283,6841,45,2
13,7,1.88103,0.0836013,1126,6841,45,2
13,8,2.15038,2.15038,6452,6452,44,44
13,9,2.45946,2.4009,6330,5303,42,41
13,10,2.96111,0.144444,5303,6841,41,2
13,11,3.64748,3.17986,1645,3193,39,34
13,12,4.81,4.42,2386,3193,37,34
13,13,6.80952,6.80952,3193,3193,33,33
13,1,4.52114,1.36047,1986,5996,329,99
13,2,1.83306,1.30632,758,3019,87,62
13,3,1.59434,1.3,937,2386,65,53
13,4,1.62151,1.39785,2530,1645,58,50
13,5,1.62899,1.2457,5996,2386,51,39
13,6,1.64326,1.64326,3283,1126,45,45
13,7,1.88103,1.58842,1126,2386,45,38
13,8,2.15038,1.85714,6452,3193,44,38
13,9,2.45946,2.4009,6330,5303,42,41
13,10,2.96111,2.6,5303,3193,41,36
13,11,3.64748,3.55396,1645,2386,39,38
13,12,4.81,4.81,2386,2386,37,37
13,13,6.80952,0,3193,4585,33,0
13,1,4.52114,1.4704,1986,1645,329,107
13,2,1.83306,1.53809,758,5996,87,73
13,3,1.59434,1.42264,937,5303,65,58
13,4,1.62151,1.39785,2530,6452,58,50
13,5,1.62899,1.43735,5996,1645,51,45
13,6,1.64326,1.57022,3283,1645,45,43
13,7,1.88103,1.88103,1126,1126,45,45
13,8,2.15038,1.85714,6452,3193,44,38
13,9,2.45946,2.34234,6330,1645,42,40
13,10,2.96111,2.81667,5303,1645,41,39
13,11,3.64748,0.0935252,1645,6841,39,1
13,12,4.81,0.13,2386,6841,37,1
13,13,6.80952,6.80952,3193,3193,33,33
13,1,4.52114,1.42918,1986,5303,329,104
13,2,1.83306,1.36953,758,6452,87,65
13,3,1.59434,1.3,937,2386,65,53
13,4,1.62151,1.39785,2530,5303,58,50
13,5,1.62899,1.53317,5996,1126,51,48
13,6,1.64326,1.64326,3283,1126,45,45
13,7,1.88103,1.83923,1126,6452,45,44
13,8,2.15038,2.1015,6452,6330,44,43
13,9,2.45946,2.4009,6330,5303,42,41
13,10,2.96111,2.96111,5303,5303,41,41
13,11,3.64748,3.17986,1645,3193,39,34
13,12,4.81,4.81,2386,2386,37,37
13,13,6.80952,6.80952,3193,3193,33,33
13,1,4.52114,1.36047,1986,5996,329,99
13,2,1.83306,1.47488,758,1126,87,70
13,3,1.59434,1.42264,937,5303,65,58
13,4,1.62151,1.31398,2530,2386,58,47
13,5,1.62899,1.30958,5996,3193,51,41
13,6,1.64326,1.60674,3283,6330,45,44
13,7,1.88103,1.83923,1126,6452,45,44
13,8,2.15038,2.00376,6452,1645,44,41
13,9,2.45946,2.22523,6330,2386,42,38
13,10,2.96111,2.74444,5303,2386,41,38
13,11,3.64748,3.55396,1645,2386,39,38
13,12,4.81,0.13,2386,4585,37,1
13,13,6.80952,0.412698,3193,1806,33,2
13,1,4.52114,1.41543,1986,2386,329,103
13,2,1.83306,1.24311,758,3193,87,59
13,3,1.59434,1.42264,937,5303,65,58
13,4,1.62151,0.251613,2530,1806,58,9
13,5,1.62899,1.43735,5996,1645,51,45
13,6,1.64326,1.60674,3283,6330,45,44
13,7,1.88103,1.37942,1126,3019,45,33
13,8,2.15038,0.0977444,6452,6841,44,2
13,9,2.45946,2.4009,6330,5303,42,41
13,10,2.96111,2.81667,5303,1645,41,39
13,11,3.64748,3.17986,1645,3193,39,34
13,12,4.81,3.9,2386,3019,37,30
13,13,6.80952,0.206349,3193,6841,33,1
13,1,4.52114,1.36047,1986,5996,329,99
13,2,1.83306,1.47488,758,6330,87,70
13,3,1.59434,1.42264,937,5303,65,58
13,4,1.62151,1.56559,2530,5996,58,56
13,5,1.62899,1.46929,5996,6330,51,46
13,6,1.64326,1.57022,3283,1645,45,43
13,7,1.88103,1.88103,1126,1126,45,45
13,8,2.15038,2.05263,6452,5303,44,42
13,9,2.45946,2.22523,6330,2386,42,38
13,10,2.96111,0.144444,5303,6841,41,2
13,11,3.64748,3.17986,1645,3193,39,34
13,12,4.81,0.13,2386,4585,37,1
13,13,6.80952,0,3193,4585,33,0
13,1,4.52114,1.42918,1986,1126,329,104
13,2,1.83306,1.34846,758,2386,87,64
13,3,1.59434,1.44717,937,6452,65,59
13,4,1.62151,1.39785,2530,6452,58,50
13,5,1.62899,0.415233,5996,4585,51,13
13,6,1.64326,1.38764,3283,2386,45,38
13,7,1.88103,0.376206,1126,4585,45,9
13,8,2.15038,1.85714,6452,3193,44,38
13,9,2.45946,2.22523,6330,2386,42,38
13,10,2.96111,2.6,5303,3193,41,36
13,11,3.64748,0.0935252,1645,6841,39,1
13,12,4.81,0.39,2386,1806,37,3
13,13,6.80952,6.19048,3193,3019,33,30
13,1,4.52114,1.41543,1986,3019,329,103
13,2,1.83306,1.53809,758,5996,87,73
13,3,1.59434,0.122642,937,6841,65,5
13,4,1.62151,1.39785,2530,3283,58,50
13,5,1.62899,1.40541,5996,5303,51,44
13,6,1.64326,0.219101,3283,1806,45,6
13,7,1.88103,1.71383,1126,3193,45,41
13,8,2.15038,0.0977444,6452,6841,44,2
13,9,2.45946,1.81532,6330,3019,42,31
13,10,2.96111,2.74444,5303,2386,41,38
13,11,3.64748,0.280576,1645,4585,39,3
13,12,4.81,0.13,2386,6841,37,1
13,13,6.80952,0,3193,4585,33,0
13,1,4.52114,1.38795,1986,3193,329,101
13,2,1.83306,1.30632,758,3019,87,62
13,3,1.59434,1.42264,937,5303,65,58
13,4,1.62151,1.56559,2530,5996,58,56
13,5,1.62899,1.05405,5996,3019,51,33
13,6,1.64326,1.64326,3283,3283,45,45
13,7,1.88103,1.71383,1126,1645,45,41
13,8,2.15038,2.15038,6452,6452,44,44
13,9,2.45946,2.34234,6330,1645,42,40
13,10,2.96111,2.74444,5303,2386,41,38
13,11,3.64748,2.89928,1645,3019,39,31
13,12,4.81,0.13,2386,6841,37,1
13,13,6.80952,0,3193,4585,33,0
13,1,4.52114,0.632135,1986,1806,329,46
13,2,1.83306,1.36953,758,6452,87,65
13,3,1.59434,1.44717,937,1645,65,59
13,4,1.62151,1.31398,2530,3193,58,47
13,5,1.62899,1.53317,5996,1126,51,48
13,6,1.64326,0.474719,3283,4585,45,13
13,7,1.88103,1.58842,1126,2386,45,38
13,8,2.15038,2.1015,6452,6330,44,43
13,9,2.45946,2.10811,6330,3193,42,36
13,10,2.96111,0.216667,5303,1806,41,3
13,11,3.64748,3.55396,1645,2386,39,38
13,12,4.81,0.13,2386,4585,37,1
13,13,6.80952,0.412698,3193,1806,33,2
13,1,4.52114,0.632135,1986,1806,329,46
13,2,1.83306,1.36953,758,6452,87,65
13,3,1.59434,0.269811,937,1806,65,11
13,4,1.62151,0.251613,2530,1806,58,9
13,5,1.62899,1.62899,5996,5996,51,51
13,6,1.64326,0.219101,3283,1806,45,6
13,7,1.88103,1.71383,1126,3193,45,41
13,8,2.15038,2.15038,6452,6452,44,44
13,9,2.45946,0.292793,6330,4585,42,5
13,10,2.96111,2.23889,5303,3019,41,31
13,11,3.64748,3.55396,1645,2386,39,38
13,12,4.81,0.13,2386,6841,37,1
13,13,6.80952,0,3193,4585,33,0
13,1,4.52114,1.38795,1986,3193,329,101
13,2,1.83306,1.30632,758,3019,87,62
13,3,1.59434,0.122642,937,6841,65,5
13,4,1.62151,0.391398,2530,4585,58,14
13,5,1.62899,1.43735,5996,3283,51,45
13,6,1.64326,1.20506,3283,3019,45,33
13,7,1.88103,1.83923,1126,6452,45,44
13,8,2.15038,2.00376,6452,1645,44,41
13,9,2.45946,2.4009,6330,5303,42,41
13,10,2.96111,2.74444,5303,2386,41,38
13,11,3.64748,0.0935252,1645,6841,39,1
13,12,4.81,0.13,2386,4585,37,1
13,13,6.80952,0.412698,3193,1806,33,2
13,1,4.52114,1.42918,1986,1126,329,104
13,2,1.83306,1.53809,758,5996,87,73
13,3,1.59434,1.4717,937,6330,65,60
13,4,1.62151,1.39785,2530,3283,58,50
13,5,1.62899,1.40541,5996,5303,51,44
13,6,1.64326,1.38764,3283,2386,45,38
13,7,1.88103,1.83923,1126,6330,45,44
13,8,2.15038,1.85714,6452,3193,44,38
13,9,2.45946,0.117117,6330,6841,42,2
13,10,2.96111,0.144444,5303,6841,41,2
13,11,3.64748,3.17986,1645,3193,39,34
13,12,4.81,4.42,2386,3193,37,34
13,13,6.80952,0,3193,4585,33,0
13,1,4.52114,1.36047,1986,6330,329,99
13,2,1.83306,1.43274,758,3283,87,68
13,3,1.59434,1.3,937,2386,65,53
13,4,1.62151,1.31398,2530,3193,58,47
13,5,1.62899,1.05405,5996,3019,51,33
13,6,1.64326,0.219101,3283,1806,45,6
13,7,1.88103,0.209003,1126,1806,45,5
13,8,2.15038,1.85714,6452,3193,44,38
13,9,2.45946,0.175676,6330,1806,42,3
13,10,2.96111,0.216667,5303,1806,41,3
13,11,3.64748,3.55396,1645,2386,39,38
13,12,4.81,0.13,2386,6841,37,1
13,13,6.80952,6.19048,3193,3019,33,30
13,1,4.52114,1.45666,1986,3283,329,106
13,2,1.83306,0.379254,758,1806,87,18
13,3,1.59434,1.3,937,2386,65,53
13,4,1.62151,1.39785,2530,6452,58,50
13,5,1.62899,0.0958231,5996,6841,51,3
13,6,1.64326,0.474719,3283,4585,45,13
13,7,1.88103,1.88103,1126,1126,45,45
13,8,2.15038,0.195489,6452,1806,44,4
13,9,2.45946,2.4009,6330,5303,42,41
13,10,2.96111,0.144444,5303,6841,41,2
13,11,3.64748,2.89928,1645,3019,39,31
13,12,4.81,0.13,2386,6841,37,1
13,13,6.80952,0.206349,3193,6841,33,1
13,1,4.52114,1.36047,1986,6330,329,99
13,2,1.83306,1.53809,758,5996,87,73
13,3,1.59434,0.269811,937,1806,65,11
13,4,1.62151,1.31398,2530,3193,58,47
13,5,1.62899,1.46929,5996,6330,51,46
13,6,1.64326,1.57022,3283,1645,45,43
13,7,1.88103,1.83923,1126,6330,45,44
13,8,2.15038,2.1015,6452,6330,44,43
13,9,2.45946,0.175676,6330,1806,42,3
13,10,2.96111,0.361111,5303,4585,41,5
13,11,3.64748,0.280576,1645,1806,39,3
13,12,4.81,4.81,2386,2386,37,37
13,13,6.80952,6.80952,3193,3193,33,33
13,1,4.52114,1.41543,1986,3019,329,103
13,2,1.83306,1.24311,758,3193,87,59
13,3,1.59434,1.44717,937,6452,65,59
13,4,1.62151,1.48172,2530,6330,58,53
13,5,1.62899,1.53317,5996,1126,51,48
13,6,1.64326,0.0730337,3283,6841,45,2
13,7,1.88103,1.83923,1126,6452,45,44
13,8,2.15038,1.56391,6452,3019,44,32
13,9,2.45946,2.10811,6330,3193,42,36
13,10,2.96111,0.361111,5303,4585,41,5
13,11,3.64748,0.280576,1645,4585,39,3
13,12,4.81,0.39,2386,1806,37,3
13,13,6.80952,6.19048,3193,3019,33,30
13,1,4.52114,0.439746,1986,6841,329,32
13,2,1.83306,1.47488,758,1645,87,70
13,3,1.59434,1.37358,937,3283,65,56
13,4,1.62151,1.56559,2530,1126,58,56
13,5,1.62899,0.255528,5996,1806,51,8
13,6,1.64326,1.60674,3283,6330,45,44
13,7,1.88103,1.71383,1126,3193,45,41
13,8,2.15038,0.293233,6452,4585,44,6
13,9,2.45946,2.45946,6330,6330,42,42
13,10,2.96111,0.361111,5303,4585,41,5
13,11,3.64748,3.17986,1645,3193,39,34
13,12,4.81,0.13,2386,6841,37,1
13,13,6.80952,0.412698,3193,1806,33,2
13,1,4.52114,1.36047,1986,6330,329,99
13,2,1.83306,1.43274,758,3283,87,68
13,3,1.59434,1.44717,937,6452,65,59
13,4,1.62151,1.31398,2530,2386,58,47
13,5,1.62899,0.415233,5996,4585,51,13
13,6,1.64326,0.0730337,3283,6841,45,2
13,7,1.88103,1.83923,1126,6452,45,44
13,8,2.15038,2.05263,6452,5303,44,42
13,9,2.45946,2.10811,6330,3193,42,36
13,10,2.96111,2.23889,5303,3019,41,31
13,11,3.64748,0.280576,1645,1806,39,3
13,12,4.81,0.13,2386,6841,37,1
13,13,6.80952,0,3193,4585,33,0
13,1,4.52114,1.42918,1986,1126,329,104
13,2,1.83306,0.379254,758,1806,87,18
13,3,1.59434,1.44717,937,1645,65,59
13,4,1.62151,1.39785,2530,5303,58,50
13,5,1.62899,0.0958231,5996,6841,51,3
13,6,1.64326,1.38764,3283,2386,45,38
13,7,1.88103,1.83923,1126,6452,45,44
13,8,2.15038,1.85714,6452,3193,44,38
13,9,2.45946,0.292793,6330,4585,42,5
13,10,2.96111,2.74444,5303,2386,41,38
13,11,3.64748,3.64748,1645,1645,39,39
13,12,4.81,4.81,2386,2386,37,37
13,13,6.80952,0.206349,3193,6841,33,1
13,1,4.52114,0.439746,1986,6841,329,32
13,2,1.83306,1.47488,758,1126,87,70
13,3,1.59434,1.4717,937,6330,65,60
13,4,1.62151,0.391398,2530,4585,58,14
13,5,1.62899,1.2457,5996,2386,51,39
13,6,1.64326,1.60674,3283,6452,45,44
13,7,1.88103,0.0836013,1126,6841,45,2
13,8,2.15038,2.05263,6452,5303,44,42
13,9,2.45946,1.81532,6330,3019,42,31
13,10,2.96111,2.81667,5303,1645,41,39
13,11,3.64748,3.55396,1645,2386,39,38
13,12,4.81,4.81,2386,2386,37,37
13,13,6.80952,0,3193,4585,33,0
13,1,4.52114,1.45666,1986,3283,329,106
13,2,1.83306,0.632091,758,4585,87,30
13,3,1.59434,0.122642,937,6841,65,5
13,4,1.62151,0.391398,2530,4585,58,14
13,5,1.62899,0.255528,5996,1806,51,8
13,6,1.64326,1.38764,3283,2386,45,38
13,7,1.88103,1.37942,1126,3019,45,33
13,8,2.15038,2.05263,6452,5303,44,42
13,9,2.45946,2.4009,6330,5303,42,41
13,10,2.96111,2.96111,5303,5303,41,41
13,11,3.64748,0.280576,1645,1806,39,3
13,12,4.81,3.9,2386,3019,37,30
13,13,6.80952,6.80952,3193,3193,33,33
13,1,4.52114,1.42918,1986,5303,329,104
13,2,1.83306,0.147488,758,6841,87,7
13,3,1.59434,1.54528,937,1126,65,63
13,4,1.62151,1.39785,2530,6452,58,50
13,5,1.62899,0.255528,5996,1806,51,8
13,6,1.64326,1.38764,3283,2386,45,38
13,7,1.88103,0.376206,1126,4585,45,9
13,8,2.15038,0.195489,6452,1806,44,4
13,9,2.45946,0.175676,6330,1806,42,3
13,10,2.96111,0.361111,5303,4585,41,5
13,11,3.64748,2.89928,1645,3019,39,31
13,12,4.81,0.13,2386,4585,37,1
13,13,6.80952,6.19048,3193,3019,33,30
13,1,4.52114,1.42918,1986,5303,329,104
13,2,1.83306,0.379254,758,1806,87,18
13,3,1.59434,0.269811,937,1806,65,11
13,4,1.62151,1.31398,2530,2386,58,47
13,5,1.62899,0.0958231,5996,6841,51,3
13,6,1.64326,1.64326,3283,1126,45,45
13,7,1.88103,1.79743,1126,5303,45,43
13,8,2.15038,2.1015,6452,6330,44,43
13,9,2.45946,2.10811,6330,3193,42,36
13,10,2.96111,2.74444,5303,2386,41,38
13,11,3.64748,2.89928,1645,3019,39,31
13,12,4.81,4.81,2386,2386,37,37
13,13,6.80952,0.206349,3193,6841,33,1
13,1,4.52114,1.45666,1986,3283,329,106
13,2,1.83306,0.147488,758,6841,87,7
13,3,1.59434,0.122642,937,6841,65,5
13,4,1.62151,1.31398,2530,3193,58,47
13,5,1.62899,1.43735,5996,6452,51,45
13,6,1.64326,1.49719,3283,3193,45,41
13,7,1.88103,1.71383,1126,3193,45,41
13,8,2.15038,1.85714,6452,2386,44,38
13,9,2.45946,0.117117,6330,6841,42,2
13,10,2.96111,0.216667,5303,1806,41,3
13,11,3.64748,3.17986,1645,3193,39,34
13,12,4.81,0.13,2386,4585,37,1
13,13,6.80952,6.19048,3193,3019,33,30
14,1,4.85865,1.58017,1986,1645,329,107
14,2,1.96769,1.65105,758,5996,87,73
14,3,1.71053,0.0263158,937,1684,65,1
14,4,1.73876,1.49893,2530,6452,58,50
14,5,1.74572,1.54034,5996,1645,51,45
14,6,1.75978,1.75978,3283,3283,45,45
14,7,2.01278,1.47604,1126,3019,45,33
14,8,2.29851,0.261194,6452,4143,44,5
14,9,2.625,0.625,6330,521,42,10
14,10,3.15385,3,5303,1645,41,39
14,11,3.87234,3.77305,1645,2386,39,38
14,12,5.07843,0.686275,2386,521,37,5
14,13,7.10769,0.861538,3193,521,33,4
14,14,12.6875,0.4375,3019,1684,29,1
14,1,4.85865,1.41772,1986,521,329,96
14,2,1.96769,1.5832,758,1645,87,70
14,3,1.71053,1.57895,937,6330,65,60
14,4,1.73876,0.0299786,2530,1684,58,1
14,5,1.74572,0.0342298,5996,1684,51,1
14,6,1.75978,1.72067,3283,5303,45,44
14,7,2.01278,0.0447284,1126,1684,45,1
14,8,2.29851,0.0522388,6452,1684,44,1
14,9,2.625,0.625,6330,521,42,10
14,10,3.15385,0.307692,5303,4143,41,4
14,11,3.87234,0.595745,1645,521,39,6
14,12,5.07843,4.66667,2386,3193,37,34
14,13,7.10769,0.861538,3193,521,33,4
14,14,12.6875,0.875,3019,4143,29,2
14,1,4.85865,1.5211,1986,2386,329,103
14,2,1.96769,1.47011,758,6452,87,65
14,3,1.71053,1.65789,937,1126,65,63
14,4,1.73876,0.479657,2530,521,58,16
14,5,1.74572,1.50611,5996,5303,51,44
14,6,1.75978,1.72067,3283,6330,45,44
14,7,2.01278,1.47604,1126,8073,45,33
14,8,2.29851,1.98507,6452,2386,44,38
14,9,2.625,2.625,6330,6330,42,42
14,10,3.15385,3,5303,1645,41,39
14,11,3.87234,3.77305,1645,2386,39,38
14,12,5.07843,5.07843,2386,2386,37,37
14,13,7.10769,0.430769,3193,4143,33,2
14,14,12.6875,1.75,3019,521,29,4
14,1,4.85865,1.41772,1986,521,329,96
14,2,1.96769,1.35703,758,8073,87,60
14,3,1.71053,0.263158,937,4143,65,10
14,4,1.73876,1.40899,2530,2386,58,47
14,5,1.74572,0.0342298,5996,1684,51,1
14,6,1.75978,1.48603,3283,2386,45,38
14,7,2.01278,1.47604,1126,3019,45,33
14,8,2.29851,1.98507,6452,2386,44,38
14,9,2.625,2.5625,6330,5303,42,41
14,10,3.15385,3.15385,5303,5303,41,41
14,11,3.87234,0.297872,1645,4143,39,3
14,12,5.07843,5.07843,2386,2386,37,37
14,13,7.10769,7.10769,3193,3193,33,33
14,14,12.6875,12.6875,3019,3019,29,29
14,1,4.85865,1.46203,1986,6330,329,99
14,2,1.96769,1.56058,758,5303,87,69
14,3,1.71053,1.65789,937,5996,65,63
14,4,1.73876,1.58887,2530,6330,58,53
14,5,1.74572,1.57457,5996,6330,51,46
14,6,1.75978,1.68156,3283,1645,45,43
14,7,2.01278,1.96805,1126,6330,45,44
14,8,2.29851,1.98507,6452,3193,44,38
14,9,2.625,1.4375,6330,8073,42,23
14,10,3.15385,0.307692,5303,4143,41,4
14,11,3.87234,1.48936,1645,8073,39,15
14,12,5.07843,1.37255,2386,8073,37,10
14,13,7.10769,1.50769,3193,8073,33,7
14,14,12.6875,2.1875,3019,8073,29,5
14,1,4.85865,1.5211,1986,3019,329,103
14,2,1.96769,1.4475,758,2386,87,64
14,3,1.71053,0.263158,937,4143,65,10
14,4,1.73876,0.479657,2530,521,58,16
14,5,1.74572,1.54034,5996,3283,51,45
14,6,1.75978,0.0391061,3283,1684,45,1
14,7,2.01278,1.83387,1126,1645,45,41
14,8,2.29851,1.67164,6452,3019,44,32
14,9,2.625,2.5,6330,1645,42,40
14,10,3.15385,2.92308,5303,2386,41,38
14,11,3.87234,1.48936,1645,8073,39,15
14,12,5.07843,4.66667,2386,3193,37,34
14,13,7.10769,1.50769,3193,8073,33,7
14,14,12.6875,0.875,3019,4143,29,2
14,1,4.85865,1.46203,1986,5996,329,99
14,2,1.96769,1.4475,758,2386,87,64
14,3,1.71053,1.47368,937,3283,65,56
14,4,1.73876,0.299786,2530,4143,58,10
14,5,1.74572,1.40342,5996,3193,51,41
14,6,1.75978,0.351955,3283,4143,45,9
14,7,2.01278,0.268371,1126,4143,45,6
14,8,2.29851,1.98507,6452,2386,44,38
14,9,2.625,1.9375,6330,3019,42,31
14,10,3.15385,3.15385,5303,5303,41,41
14,11,3.87234,3.37589,1645,3193,39,34
14,12,5.07843,1.37255,2386,8073,37,10
14,13,7.10769,6.46154,3193,3019,33,30
14,14,12.6875,2.1875,3019,8073,29,5
14,1,4.85865,0.324895,1986,1684,329,22
14,2,1.96769,1.56058,758,5303,87,69
14,3,1.71053,1.47368,937,8073,65,56
14,4,1.73876,1.40899,2530,3193,58,47
14,5,1.74572,1.47188,5996,8073,51,43
14,6,1.75978,1.68156,3283,1645,45,43
14,7,2.01278,1.69968,1126,2386,45,38
14,8,2.29851,0.0522388,6452,1684,44,1
14,9,2.625,0.3125,6330,4143,42,5
14,10,3.15385,1.46154,5303,8073,41,19
14,11,3.87234,3.87234,1645,1645,39,39
14,12,5.07843,0.137255,2386,1684,37,1
14,13,7.10769,7.10769,3193,3193,33,33
14,14,12.6875,1.75,3019,521,29,4
14,1,4.85865,1.53586,1986,1126,329,104
14,2,1.96769,1.5832,758,6330,87,70
14,3,1.71053,1.52632,937,5303,65,58
14,4,1.73876,1.40899,2530,3193,58,47
14,5,1.74572,1.33496,5996,2386,51,39
14,6,1.75978,1.75978,3283,1126,45,45
14,7,2.01278,0.0447284,1126,1684,45,1
14,8,2.29851,2.24627,6452,6330,44,43
14,9,2.625,1.9375,6330,3019,42,31
14,10,3.15385,2.76923,5303,3193,41,36
14,11,3.87234,0.297872,1645,4143,39,3
14,12,5.07843,1.37255,2386,8073,37,10
14,13,7.10769,6.46154,3193,3019,33,30
14,14,12.6875,2.1875,3019,8073,29,5
14,1,4.85865,1.5211,1986,2386,329,103
14,2,1.96769,1.47011,758,6452,87,65
14,3,1.71053,1.57895,937,6330,65,60
14,4,1.73876,1.52891,2530,8073,58,51
14,5,1.74572,1.54034,5996,6452,51,45
14,6,1.75978,1.72067,3283,5303,45,44
14,7,2.01278,0.0447284,1126,1684,45,1
14,8,2.29851,1.98507,6452,3193,44,38
14,9,2.625,2.625,6330,6330,42,42
14,10,3.15385,0.0769231,5303,1684,41,1
14,11,3.87234,3.77305,1645,2386,39,38
14,12,5.07843,0.137255,2386,1684,37,1
14,13,7.10769,7.10769,3193,3193,33,33
14,14,12.6875,12.6875,3019,3019,29,29
14,1,4.85865,1.58017,1986,1645,329,107
14,2,1.96769,1.33441,758,3193,87,59
14,3,1.71053,1.57895,937,6330,65,60
14,4,1.73876,1.58887,2530,6330,58,53
14,5,1.74572,0.0342298,5996,1684,51,1
14,6,1.75978,1.2905,3283,3019,45,33
14,7,2.01278,0.492013,1126,521,45,11
14,8,2.29851,0.261194,6452,4143,44,5
14,9,2.625,2.375,6330,2386,42,38
14,10,3.15385,3,5303,1645,41,39
14,11,3.87234,0.0992908,1645,1684,39,1
14,12,5.07843,4.66667,2386,3193,37,34
14,13,7.10769,7.10769,3193,3193,33,33
14,14,12.6875,2.1875,3019,8073,29,5
14,1,4.85865,1.58017,1986,1645,329,107
14,2,1.96769,1.53796,758,3283,87,68
14,3,1.71053,1.47368,937,3283,65,56
14,4,1.73876,1.19914,2530,3019,58,40
14,5,1.74572,1.54034,5996,3283,51,45
14,6,1.75978,1.48603,3283,2386,45,38
14,7,2.01278,0.492013,1126,521,45,11
14,8,2.29851,2.19403,6452,5303,44,42
14,9,2.625,2.625,6330,6330,42,42
14,10,3.15385,0.538462,5303,521,41,7
14,11,3.87234,0.0992908,1645,1684,39,1
14,12,5.07843,5.07843,2386,2386,37,37
14,13,7.10769,1.50769,3193,8073,33,7
14,14,12.6875,1.75,3019,521,29,4
14,1,4.85865,1.5654,1986,3283,329,106
14,2,1.96769,0.361874,758,4143,87,16
14,3,1.71053,0.447368,937,521,65,17
14,4,1.73876,1.6788,2530,1126,58,56
14,5,1.74572,1.64303,5996,1126,51,48
14,6,1.75978,1.75978,3283,3283,45,45
14,7,2.01278,1.69968,1126,2386,45,38
14,8,2.29851,2.24627,6452,6330,44,43
14,9,2.625,2.625,6330,6330,42,42
14,10,3.15385,0.0769231,5303,1684,41,1
14,11,3.87234,0.0992908,1645,1684,39,1
14,12,5.07843,1.37255,2386,8073,37,10
14,13,7.10769,0.430769,3193,4143,33,2
14,14,12.6875,2.1875,3019,8073,29,5
14,1,4.85865,1.5211,1986,3019,329,103
14,2,1.96769,1.47011,758,6452,87,65
14,3,1.71053,1.65789,937,5996,65,63
14,4,1.73876,1.40899,2530,3193,58,47
14,5,1.74572,1.64303,5996,1126,51,48
14,6,1.75978,1.72067,3283,5303,45,44
14,7,2.01278,2.01278,1126,1126,45,45
14,8,2.29851,0.0522388,6452,1684,44,1
14,9,2.625,2.625,6330,6330,42,42
14,10,3.15385,0.0769231,5303,1684,41,1
14,11,3.87234,3.87234,1645,1645,39,39
14,12,5.07843,5.07843,2386,2386,37,37
14,13,7.10769,1.50769,3193,8073,33,7
14,14,12.6875,1.75,3019,521,29,4
14,1,4.85865,1.53586,1986,1126,329,104
14,2,1.96769,1.5832,758,1645,87,70
14,3,1.71053,0.0263158,937,1684,65,1
14,4,1.73876,1.40899,2530,3193,58,47
14,5,1.74572,1.12958,5996,3019,51,33
14,6,1.75978,1.68156,3283,1645,45,43
14,7,2.01278,0.0447284,1126,1684,45,1
14,8,2.29851,1.98507,6452,3193,44,38
14,9,2.625,2.375,6330,2386,42,38
14,10,3.15385,0.307692,5303,4143,41,4
14,11,3.87234,0.297872,1645,4143,39,3
14,12,5.07843,5.07843,2386,2386,37,37
14,13,7.10769,0.430769,3193,4143,33,2
14,14,12.6875,12.6875,3019,3019,29,29
14,1,4.85865,1.53586,1986,1126,329,104
14,2,1.96769,1.5832,758,1645,87,70
14,3,1.71053,1.65789,937,5996,65,63
14,4,1.73876,1.49893,2530,5303,58,50
14,5,1.74572,0.0342298,5996,1684,51,1
14,6,1.75978,1.72067,3283,6330,45,44
14,7,2.01278,1.96805,1126,6330,45,44
14,8,2.29851,2.24627,6452,6330,44,43
14,9,2.625,1.9375,6330,3019,42,31
14,10,3.15385,3,5303,1645,41,39
14,11,3.87234,3.77305,1645,2386,39,38
14,12,5.07843,0.686275,2386,521,37,5
14,13,7.10769,0.430769,3193,4143,33,2
14,14,12.6875,0.875,3019,4143,29,2
14,1,4.85865,1.53586,1986,5303,329,104
14,2,1.96769,1.5832,758,1645,87,70
14,3,1.71053,1.65789,937,1126,65,63
14,4,1.73876,1.58887,2530,6330,58,53
14,5,1.74572,1.54034,5996,1645,51,45
14,6,1.75978,1.75978,3283,1126,45,45
14,7,2.01278,1.83387,1126,1645,45,41
14,8,2.29851,2.14179,6452,1645,44,41
14,9,2.625,1.4375,6330,8073,42,23
14,10,3.15385,3.15385,5303,5303,41,41
14,11,3.87234,3.87234,1645,1645,39,39
14,12,5.07843,0.137255,2386,1684,37,1
14,13,7.10769,6.46154,3193,3019,33,30
14,14,12.6875,0.4375,3019,1684,29,1
14,1,4.85865,1.46203,1986,6330,329,99
14,2,1.96769,1.5832,758,1645,87,70
14,3,1.71053,1.57895,937,6330,65,60
14,4,1.73876,0.299786,2530,4143,58,10
14,5,1.74572,1.54034,5996,1645,51,45
14,6,1.75978,1.72067,3283,6452,45,44
14,7,2.01278,1.47604,1126,8073,45,33
14,8,2.29851,0.0522388,6452,1684,44,1
14,9,2.625,2.375,6330,2386,42,38
14,10,3.15385,2.92308,5303,2386,41,38
14,11,3.87234,0.595745,1645,521,39,6
14,12,5.07843,4.66667,2386,3193,37,34
14,13,7.10769,6.46154,3193,3019,33,30
14,14,12.6875,1.75,3019,521,29,4
14,1,4.85865,0.324895,1986,1684,329,22
14,2,1.96769,1.53796,758,3283,87,68
14,3,1.71053,1.52632,937,5303,65,58
14,4,1.73876,0.0299786,2530,1684,58,1
14,5,1.74572,1.12958,5996,3019,51,33
14,6,1.75978,1.68156,3283,1645,45,43
14,7,2.01278,2.01278,1126,1126,45,45
14,8,2.29851,1.98507,6452,2386,44,38
14,9,2.625,1.4375,6330,8073,42,23
14,10,3.15385,2.76923,5303,3193,41,36
14,11,3.87234,3.77305,1645,2386,39,38
14,12,5.07843,0.137255,2386,1684,37,1
14,13,7.10769,0.430769,3193,4143,33,2
14,14,12.6875,0.875,3019,4143,29,2
14,1,4.85865,1.53586,1986,1126,329,104
14,2,1.96769,1.4475,758,2386,87,64
14,3,1.71053,1.52632,937,5303,65,58
14,4,1.73876,1.49893,2530,1645,58,50
14,5,1.74572,0.308068,5996,4143,51,9
14,6,1.75978,0.430168,3283,521,45,11
14,7,2.01278,0.268371,1126,4143,45,6
14,8,2.29851,1.98507,6452,2386,44,38
14,9,2.625,1.9375,6330,3019,42,31
14,10,3.15385,2.92308,5303,2386,41,38
14,11,3.87234,3.07801,1645,3019,39,31
14,12,5.07843,0.686275,2386,521,37,5
14,13,7.10769,6.46154,3193,3019,33,30
14,14,12.6875,1.75,3019,521,29,4
14,1,4.85865,1.41772,1986,521,329,96
14,2,1.96769,0.497577,758,521,87,22
14,3,1.71053,1.47368,937,8073,65,56
14,4,1.73876,1.40899,2530,3193,58,47
14,5,1.74572,1.54034,5996,6452,51,45
14,6,1.75978,0.0391061,3283,1684,45,1
14,7,2.01278,0.492013,1126,521,45,11
14,8,2.29851,2.24627,6452,6330,44,43
14,9,2.625,2.375,6330,2386,42,38
14,10,3.15385,2.76923,5303,3193,41,36
14,11,3.87234,3.77305,1645,2386,39,38
14,12,5.07843,4.66667,2386,3193,37,34
14,13,7.10769,1.50769,3193,8073,33,7
14,14,12.6875,0.875,3019,4143,29,2
14,1,4.85865,0.324895,1986,1684,329,22
14,2,1.96769,0.361874,758,4143,87,16
14,3,1.71053,1.57895,937,6330,65,60
14,4,1.73876,1.6788,2530,1126,58,56
14,5,1.74572,1.57457,5996,6330,51,46
14,6,1.75978,1.75978,3283,1126,45,45
14,7,2.01278,1.47604,1126,3019,45,33
14,8,2.29851,1.98507,6452,2386,44,38
14,9,2.625,0.625,6330,521,42,10
14,10,3.15385,2.76923,5303,3193,41,36
14,11,3.87234,3.07801,1645,3019,39,31
14,12,5.07843,1.37255,2386,8073,37,10
14,13,7.10769,6.46154,3193,3019,33,30
14,14,12.6875,1.75,3019,521,29,4
14,1,4.85865,1.58017,1986,1645,329,107
14,2,1.96769,1.33441,758,3193,87,59
14,3,1.71053,1.65789,937,5996,65,63
14,4,1.73876,1.6788,2530,5996,58,56
14,5,1.74572,1.64303,5996,1126,51,48
14,6,1.75978,0.430168,3283,521,45,11
14,7,2.01278,1.47604,1126,3019,45,33
14,8,2.29851,2.24627,6452,6330,44,43
14,9,2.625,2.5625,6330,5303,42,41
14,10,3.15385,3,5303,1645,41,39
14,11,3.87234,1.48936,1645,8073,39,15
14,12,5.07843,0.137255,2386,1684,37,1
14,13,7.10769,0.215385,3193,1684,33,1
14,14,12.6875,0.4375,3019,1684,29,1
14,1,4.85865,1.53586,1986,5303,329,104
14,2,1.96769,1.5832,758,1645,87,70
14,3,1.71053,1.31579,937,3019,65,50
14,4,1.73876,0.479657,2530,521,58,16
14,5,1.74572,1.12958,5996,3019,51,33
14,6,1.75978,1.60335,3283,3193,45,41
14,7,2.01278,1.96805,1126,6452,45,44
14,8,2.29851,0.0522388,6452,1684,44,1
14,9,2.625,0.0625,6330,1684,42,1
14,10,3.15385,2.76923,5303,3193,41,36
14,11,3.87234,3.77305,1645,2386,39,38
14,12,5.07843,4.11765,2386,3019,37,30
14,13,7.10769,1.50769,3193,8073,33,7
14,14,12.6875,1.75,3019,521,29,4
14,1,4.85865,1.5211,1986,2386,329,103
14,2,1.96769,0.0226171,758,1684,87,1
14,3,1.71053,1.65789,937,5996,65,63
14,4,1.73876,0.479657,2530,521,58,16
14,5,1.74572,1.64303,5996,1126,51,48
14,6,1.75978,1.60335,3283,3193,45,41
14,7,2.01278,1.83387,1126,3193,45,41
14,8,2.29851,1.35821,6452,8073,44,26
14,9,2.625,1.9375,6330,3019,42,31
14,10,3.15385,0.307692,5303,4143,41,4
14,11,3.87234,3.87234,1645,1645,39,39
14,12,5.07843,0.27451,2386,4143,37,2
14,13,7.10769,0.215385,3193,1684,33,1
14,14,12.6875,2.1875,3019,8073,29,5
14,1,4.85865,1.5211,1986,3019,329,103
14,2,1.96769,1.56058,758,5303,87,69
14,3,1.71053,1.31579,937,3019,65,50
14,4,1.73876,0.479657,2530,521,58,16
14,5,1.74572,1.50611,5996,5303,51,44
14,6,1.75978,1.68156,3283,1645,45,43
14,7,2.01278,0.0447284,1126,1684,45,1
14,8,2.29851,2.14179,6452,1645,44,41
14,9,2.625,1.4375,6330,8073,42,23
14,10,3.15385,2.92308,5303,2386,41,38
14,11,3.87234,1.48936,1645,8073,39,15
14,12,5.07843,0.686275,2386,521,37,5
14,13,7.10769,0.215385,3193,1684,33,1
14,14,12.6875,12.6875,3019,3019,29,29
14,1,4.85865,1.5654,1986,3283,329,106
14,2,1.96769,1.5832,758,1645,87,70
14,3,1.71053,1.52632,937,5303,65,58
14,4,1.73876,1.52891,2530,8073,58,51
14,5,1.74572,1.74572,5996,5996,51,51
14,6,1.75978,1.75978,3283,1126,45,45
14,7,2.01278,1.92332,1126,5303,45,43
14,8,2.29851,1.67164,6452,3019,44,32
14,9,2.625,1.9375,6330,3019,42,31
14,10,3.15385,3.15385,5303,5303,41,41
14,11,3.87234,1.48936,1645,8073,39,15
14,12,5.07843,0.27451,2386,4143,37,2
14,13,7.10769,0.430769,3193,4143,33,2
14,14,12.6875,2.1875,3019,8073,29,5
14,1,4.85865,1.46203,1986,6330,329,99
14,2,1.96769,1.53796,758,3283,87,68
14,3,1.71053,0.0263158,937,1684,65,1
14,4,1.73876,1.40899,2530,2386,58,47
14,5,1.74572,1.47188,5996,8073,51,43
14,6,1.75978,1.2905,3283,3019,45,33
14,7,2.01278,1.83387,1126,1645,45,41
14,8,2.29851,2.14179,6452,1645,44,41
14,9,2.625,1.9375,6330,3019,42,31
14,10,3.15385,3.15385,5303,5303,41,41
14,11,3.87234,0.0992908,1645,1684,39,1
14,12,5.07843,1.37255,2386,8073,37,10
14,13,7.10769,0.861538,3193,521,33,4
14,14,12.6875,0.875,3019,4143,29,2
14,1,4.85865,1.53586,1986,1126,329,104
14,2,1.96769,1.5832,758,1645,87,70
14,3,1.71053,1.65789,937,5996,65,63
14,4,1.73876,0.479657,2530,521,58,16
14,5,1.74572,1.64303,5996,1126,51,48
14,6,1.75978,1.60335,3283,3193,45,41
14,7,2.01278,0.492013,1126,521,45,11
14,8,2.29851,0.0522388,6452,1684,44,1
14,9,2.625,2.5,6330,1645,42,40
14,10,3.15385,3.15385,5303,5303,41,41
14,11,3.87234,0.595745,1645,521,39,6
14,12,5.07843,4.11765,2386,3019,37,30
14,13,7.10769,1.50769,3193,8073,33,7
14,14,12.6875,12.6875,3019,3019,29,29
14,1,4.85865,1.49156,1986,3193,329,101
14,2,1.96769,1.33441,758,3193,87,59
14,3,1.71053,1.55263,937,1645,65,59
14,4,1.73876,1.49893,2530,5303,58,50
14,5,1.74572,1.12958,5996,3019,51,33
14,6,1.75978,1.52514,3283,8073,45,39
14,7,2.01278,1.47604,1126,3019,45,33
14,8,2.29851,2.19403,6452,5303,44,42
14,9,2.625,1.4375,6330,8073,42,23
14,10,3.15385,2.92308,5303,2386,41,38
14,11,3.87234,0.595745,1645,521,39,6
14,12,5.07843,4.66667,2386,3193,37,34
14,13,7.10769,0.861538,3193,521,33,4
14,14,12.6875,1.75,3019,521,29,4
14,1,4.85865,1.41772,1986,521,329,96
14,2,1.96769,0.497577,758,521,87,22
14,3,1.71053,1.36842,937,3193,65,52
14,4,1.73876,1.6788,2530,5996,58,56
14,5,1.74572,1.54034,5996,1645,51,45
14,6,1.75978,1.2905,3283,3019,45,33
14,7,2.01278,0.0447284,1126,1684,45,1
14,8,2.29851,2.29851,6452,6452,44,44
14,9,2.625,2.625,6330,6330,42,42
14,10,3.15385,0.307692,5303,4143,41,4
14,11,3.87234,0.595745,1645,521,39,6
14,12,5.07843,4.11765,2386,3019,37,30
14,13,7.10769,6.46154,3193,3019,33,30
14,14,12.6875,0.4375,3019,1684,29,1
14,1,4.85865,1.46203,1986,5996,329,99
14,2,1.96769,1.4475,758,2386,87,64
14,3,1.71053,0.263158,937,4143,65,10
14,4,1.73876,1.40899,2530,2386,58,47
14,5,1.74572,1.33496,5996,2386,51,39
14,6,1.75978,1.52514,3283,8073,45,39
14,7,2.01278,1.47604,1126,3019,45,33
14,8,2.29851,2.24627,6452,6330,44,43
14,9,2.625,0.625,6330,521,42,10
14,10,3.15385,0.538462,5303,521,41,7
14,11,3.87234,3.37589,1645,3193,39,34
14,12,5.07843,0.27451,2386,4143,37,2
14,13,7.10769,0.430769,3193,4143,33,2
14,14,12.6875,12.6875,3019,3019,29,29
14,1,4.85865,0.324895,1986,1684,329,22
14,2,1.96769,1.47011,758,6452,87,65
14,3,1.71053,0.263158,937,4143,65,10
14,4,1.73876,1.49893,2530,3283,58,50
14,5,1.74572,1.12958,5996,3019,51,33
14,6,1.75978,1.72067,3283,6452,45,44
14,7,2.01278,0.0447284,1126,1684,45,1
14,8,2.29851,2.24627,6452,6330,44,43
14,9,2.625,0.3125,6330,4143,42,5
14,10,3.15385,3.15385,5303,5303,41,41
14,11,3.87234,3.87234,1645,1645,39,39
14,12,5.07843,5.07843,2386,2386,37,37
14,13,7.10769,1.50769,3193,8073,33,7
14,14,12.6875,0.875,3019,4143,29,2
14,1,4.85865,0.324895,1986,1684,329,22
14,2,1.96769,1.40226,758,3019,87,62
14,3,1.71053,1.31579,937,3019,65,50
14,4,1.73876,1.58887,2530,6330,58,53
14,5,1.74572,1.54034,5996,3283,51,45
14,6,1.75978,1.2905,3283,3019,45,33
14,7,2.01278,1.96805,1126,6330,45,44
14,8,2.29851,1.98507,6452,3193,44,38
14,9,2.625,1.9375,6330,3019,42,31
14,10,3.15385,2.76923,5303,3193,41,36
14,11,3.87234,3.07801,1645,3019,39,31
14,12,5.07843,4.11765,2386,3019,37,30
14,13,7.10769,6.46154,3193,3019,33,30
14,14,12.6875,1.75,3019,521,29,4
14,1,4.85865,1.53586,1986,1126,329,104
14,2,1.96769,1.5832,758,1645,87,70
14,3,1.71053,1.52632,937,5303,65,58
14,4,1.73876,0.0299786,2530,1684,58,1
14,5,1.74572,1.74572,5996,5996,51,51
14,6,1.75978,1.72067,3283,5303,45,44
14,7,2.01278,2.01278,1126,1126,45,45
14,8,2.29851,1.98507,6452,2386,44,38
14,9,2.625,1.9375,6330,3019,42,31
14,10,3.15385,2.76923,5303,3193,41,36
14,11,3.87234,3.37589,1645,3193,39,34
14,12,5.07843,4.11765,2386,3019,37,30
14,13,7.10769,0.861538,3193,521,33,4
14,14,12.6875,0.875,3019,4143,29,2
14,1,4.85865,1.5654,1986,3283,329,106
14,2,1.96769,1.56058,758,5303,87,69
14,3,1.71053,1.52632,937,5303,65,58
14,4,1.73876,0.479657,2530,521,58,16
14,5,1.74572,1.74572,5996,5996,51,51
14,6,1.75978,1.72067,3283,6330,45,44
14,7,2.01278,1.83387,1126,1645,45,41
14,8,2.29851,0.261194,6452,4143,44,5
14,9,2.625,2.5625,6330,5303,42,41
14,10,3.15385,3,5303,1645,41,39
14,11,3.87234,3.37589,1645,3193,39,34
14,12,5.07843,1.37255,2386,8073,37,10
14,13,7.10769,0.430769,3193,4143,33,2
14,14,12.6875,12.6875,3019,3019,29,29
14,1,4.85865,1.58017,1986,1645,329,107
14,2,1.96769,1.53796,758,3283,87,68
14,3,1.71053,1.57895,937,6330,65,60
14,4,1.73876,1.40899,2530,3193,58,47
14,5,1.74572,0.479218,5996,521,51,14
14,6,1.75978,1.52514,3283,8073,45,39
14,7,2.01278,0.492013,1126,521,45,11
14,8,2.29851,0.261194,6452,4143,44,5
14,9,2.625,1.4375,6330,8073,42,23
14,10,3.15385,0.307692,5303,4143,41,4
14,11,3.87234,0.297872,1645,4143,39,3
14,12,5.07843,0.137255,2386,1684,37,1
14,13,7.10769,1.50769,3193,8073,33,7
14,14,12.6875,0.875,3019,4143,29,2
14,1,4.85865,1.32911,1986,8073,329,90
14,2,1.96769,1.5832,758,1126,87,70
14,3,1.71053,1.65789,937,5996,65,63
14,4,1.73876,1.49893,2530,6452,58,50
14,5,1.74572,1.33496,5996,2386,51,39
14,6,1.75978,1.75978,3283,1126,45,45
14,7,2.01278,1.83387,1126,1645,45,41
14,8,2.29851,2.29851,6452,6452,44,44
14,9,2.625,0.3125,6330,4143,42,5
14,10,3.15385,3.15385,5303,5303,41,41
14,11,3.87234,0.297872,1645,4143,39,3
14,12,5.07843,4.11765,2386,3019,37,30
14,13,7.10769,6.46154,3193,3019,33,30
14,14,12.6875,0.4375,3019,1684,29,1
14,1,4.85865,1.41772,1986,521,329,96
14,2,1.96769,0.0226171,758,1684,87,1
14,3,1.71053,1.31579,937,3019,65,50
14,4,1.73876,0.479657,2530,521,58,16
14,5,1.74572,1.64303,5996,1126,51,48
14,6,1.75978,1.72067,3283,6452,45,44
14,7,2.01278,1.69968,1126,2386,45,38
14,8,2.29851,1.98507,6452,3193,44,38
14,9,2.625,2.5,6330,1645,42,40
14,10,3.15385,2.92308,5303,2386,41,38
14,11,3.87234,0.297872,1645,4143,39,3
14,12,5.07843,1.37255,2386,8073,37,10
14,13,7.10769,6.46154,3193,3019,33,30
14,14,12.6875,2.1875,3019,8073,29,5
14,1,4.85865,1.32911,1986,8073,329,90
14,2,1.96769,0.497577,758,521,87,22
14,3,1.71053,1.65789,937,1126,65,63
14,4,1.73876,1.49893,2530,5303,58,50
14,5,1.74572,1.54034,5996,1645,51,45
14,6,1.75978,1.72067,3283,6452,45,44
14,7,2.01278,2.01278,1126,1126,45,45
14,8,2.29851,0.261194,6452,4143,44,5
14,9,2.625,0.3125,6330,4143,42,5
14,10,3.15385,3.15385,5303,5303,41,41
14,11,3.87234,0.595745,1645,521,39,6
14,12,5.07843,4.11765,2386,3019,37,30
14,13,7.10769,1.50769,3193,8073,33,7
14,14,12.6875,2.1875,3019,8073,29,5
14,1,4.85865,1.32911,1986,8073,329,90
14,2,1.96769,0.497577,758,521,87,22
14,3,1.71053,0.263158,937,4143,65,10
14,4,1.73876,1.6788,2530,5996,58,56
14,5,1.74572,1.74572,5996,5996,51,51
14,6,1.75978,0.351955,3283,4143,45,9
14,7,2.01278,1.96805,1126,6452,45,44
14,8,2.29851,1.67164,6452,3019,44,32
14,9,2.625,2.375,6330,2386,42,38
14,10,3.15385,0.538462,5303,521,41,7
14,11,3.87234,0.0992908,1645,1684,39,1
14,12,5.07843,0.686275,2386,521,37,5
14,13,7.10769,1.50769,3193,8073,33,7
14,14,12.6875,0.4375,3019,1684,29,1
14,1,4.85865,1.32911,1986,8073,329,90
14,2,1.96769,1.56058,758,5303,87,69
14,3,1.71053,1.57895,937,6330,65,60
14,4,1.73876,0.0299786,2530,1684,58,1
14,5,1.74572,1.33496,5996,2386,51,39
14,6,1.75978,1.52514,3283,8073,45,39
14,7,2.01278,1.47604,1126,3019,45,33
14,8,2.29851,0.0522388,6452,1684,44,1
14,9,2.625,2.5,6330,1645,42,40
14,10,3.15385,2.76923,5303,3193,41,36
14,11,3.87234,3.37589,1645,3193,39,34
14,12,5.07843,0.686275,2386,521,37,5
14,13,7.10769,0.430769,3193,4143,33,2
14,14,12.6875,2.1875,3019,8073,29,5
14,1,4.85865,1.41772,1986,521,329,96
14,2,1.96769,1.5832,758,1126,87,70
14,3,1.71053,1.55263,937,1645,65,59
14,4,1.73876,1.40899,2530,2386,58,47
14,5,1.74572,1.54034,5996,3283,51,45
14,6,1.75978,1.75978,3283,3283,45,45
14,7,2.01278,1.96805,1126,6330,45,44
14,8,2.29851,1.67164,6452,3019,44,32
14,9,2.625,2.25,6330,3193,42,36
14,10,3.15385,2.92308,5303,2386,41,38
14,11,3.87234,3.07801,1645,3019,39,31
14,12,5.07843,0.137255,2386,1684,37,1
14,13,7.10769,0.430769,3193,4143,33,2
14,14,12.6875,0.4375,3019,1684,29,1
14,1,4.85865,0.664557,1986,4143,329,45
14,2,1.96769,1.56058,758,5303,87,69
14,3,1.71053,1.55263,937,1645,65,59
14,4,1.73876,1.49893,2530,5303,58,50
14,5,1.74572,0.308068,5996,4143,51,9
14,6,1.75978,1.75978,3283,1126,45,45
14,7,2.01278,1.92332,1126,5303,45,43
14,8,2.29851,1.98507,6452,2386,44,38
14,9,2.625,2.25,6330,3193,42,36
14,10,3.15385,3.15385,5303,5303,41,41
14,11,3.87234,3.37589,1645,3193,39,34
14,12,5.07843,0.27451,2386,4143,37,2
14,13,7.10769,0.861538,3193,521,33,4
14,14,12.6875,12.6875,3019,3019,29,29
14,1,4.85865,1.49156,1986,3193,329,101
14,2,1.96769,0.0226171,758,1684,87,1
14,3,1.71053,1.52632,937,5303,65,58
14,4,1.73876,0.479657,2530,521,58,16
14,5,1.74572,0.308068,5996,4143,51,9
14,6,1.75978,1.2905,3283,3019,45,33
14,7,2.01278,1.47604,1126,3019,45,33
14,8,2.29851,2.19403,6452,5303,44,42
14,9,2.625,2.375,6330,2386,42,38
14,10,3.15385,0.307692,5303,4143,41,4
14,11,3.87234,1.48936,1645,8073,39,15
14,12,5.07843,4.11765,2386,3019,37,30
14,13,7.10769,6.46154,3193,3019,33,30
14,14,12.6875,0.875,3019,4143,29,2
14,1,4.85865,1.53586,1986,5303,329,104
14,2,1.96769,1.65105,758,5996,87,73
14,3,1.71053,0.263158,937,4143,65,10
14,4,1.73876,1.52891,2530,8073,58,51
14,5,1.74572,0.479218,5996,521,51,14
14,6,1.75978,1.72067,3283,5303,45,44
14,7,2.01278,0.268371,1126,4143,45,6
14,8,2.29851,2.19403,6452,5303,44,42
14,9,2.625,0.3125,6330,4143,42,5
14,10,3.15385,3,5303,1645,41,39
14,11,3.87234,3.37589,1645,3193,39,34
14,12,5.07843,4.66667,2386,3193,37,34
14,13,7.10769,6.46154,3193,3019,33,30
14,14,12.6875,0.875,3019,4143,29,2
14,1,4.85865,1.41772,1986,521,329,96
14,2,1.96769,1.53796,758,3283,87,68
14,3,1.71053,0.263158,937,4143,65,10
14,4,1.73876,1.52891,2530,8073,58,51
14,5,1.74572,1.64303,5996,1126,51,48
14,6,1.75978,1.75978,3283,3283,45,45
14,7,2.01278,1.83387,1126,1645,45,41
14,8,2.29851,2.24627,6452,6330,44,43
14,9,2.625,0.0625,6330,1684,42,1
14,10,3.15385,2.38462,5303,3019,41,31
14,11,3.87234,3.87234,1645,1645,39,39
14,12,5.07843,4.11765,2386,3019,37,30
14,13,7.10769,0.215385,3193,1684,33,1
14,14,12.6875,1.75,3019,521,29,4
14,1,4.85865,0.664557,1986,4143,329,45
14,2,1.96769,1.5832,758,1645,87,70
14,3,1.71053,0.263158,937,4143,65,10
14,4,1.73876,1.49893,2530,3283,58,50
14,5,1.74572,1.50611,5996,5303,51,44
14,6,1.75978,1.75978,3283,1126,45,45
14,7,2.01278,1.69968,1126,2386,45,38
14,8,2.29851,0.574627,6452,521,44,11
14,9,2.625,0.625,6330,521,42,10
14,10,3.15385,1.46154,5303,8073,41,19
14,11,3.87234,3.87234,1645,1645,39,39
14,12,5.07843,1.37255,2386,8073,37,10
14,13,7.10769,6.46154,3193,3019,33,30
14,14,12.6875,0.875,3019,4143,29,2
14,1,4.85865,1.5211,1986,3019,329,103
14,2,1.96769,1.4475,758,2386,87,64
14,3,1.71053,1.31579,937,3019,65,50
14,4,1.73876,0.299786,2530,4143,58,10
14,5,1.74572,0.308068,5996,4143,51,9
14,6,1.75978,1.68156,3283,1645,45,43
14,7,2.01278,1.96805,1126,6452,45,44
14,8,2.29851,0.0522388,6452,1684,44,1
14,9,2.625,0.0625,6330,1684,42,1
14,10,3.15385,2.38462,5303,3019,41,31
14,11,3.87234,0.0992908,1645,1684,39,1
14,12,5.07843,4.66667,2386,3193,37,34
14,13,7.10769,0.215385,3193,1684,33,1
14,14,12.6875,2.1875,3019,8073,29,5
14,1,4.85865,0.324895,1986,1684,329,22
14,2,1.96769,1.5832,758,6330,87,70
14,3,1.71053,0.0263158,937,1684,65,1
14,4,1.73876,0.479657,2530,521,58,16
14,5,1.74572,1.12958,5996,3019,51,33
14,6,1.75978,1.68156,3283,1645,45,43
14,7,2.01278,0.268371,1126,4143,45,6
14,8,2.29851,0.574627,6452,521,44,11
14,9,2.625,1.9375,6330,3019,42,31
14,10,3.15385,2.38462,5303,3019,41,31
14,11,3.87234,3.07801,1645,3019,39,31
14,12,5.07843,0.27451,2386,4143,37,2
14,13,7.10769,6.46154,3193,3019,33,30
14,14,12.6875,1.75,3019,521,29,4
15,1,5.21119,1.69483,1986,6452,329,107
15,2,2.11165,1.69903,758,1126,87,70
15,3,1.83616,0.0564972,937,7898,65,2
15,4,1.86695,1.60944,2530,3283,58,50
15,5,1.875,1.875,5996,5996,51,51
15,6,1.89076,0.672269,3283,706,45,16
15,7,2.16346,1.82692,1126,2386,45,38
15,8,2.47191,0.11236,6452,3437,44,2
15,9,2.82511,0.605381,6330,706,42,9
15,10,3.39779,2.56906,5303,3019,41,31
15,11,4.17857,3.32143,1645,3019,39,31
15,12,5.49505,0.148515,2386,3437,37,1
15,13,7.73438,0,3193,7898,33,0
15,14,14.0323,0,3019,7898,29,0
15,15,7.5,7.5,9730,3437,1,1
15,1,5.21119,1.69483,1986,1645,329,107
15,2,2.11165,1.69903,758,1126,87,70
15,3,1.83616,1.46893,937,3193,65,52
15,4,1.86695,1.60944,2530,6452,58,50
15,5,1.875,0.0735294,5996,3437,51,2
15,6,1.89076,1.59664,3283,2386,45,38
15,7,2.16346,2.11538,1126,6452,45,44
15,8,2.47191,0,6452,2019,44,0
15,9,2.82511,2.42152,6330,3193,42,36
15,10,3.39779,3.14917,5303,2386,41,38
15,11,4.17857,3.64286,1645,3193,39,34
15,12,5.49505,1.18812,2386,1474,37,8
15,13,7.73438,0,3193,2019,33,0
15,14,14.0323,2.90323,3019,1474,29,6
15,15,7.5,0,9730,706,1,0
15,1,5.21119,1.56811,1986,5996,329,99
15,2,2.11165,1.67476,758,5303,87,69
15,3,1.83616,1.63842,937,5303,65,58
15,4,1.86695,0,2530,2019,58,0
15,5,1.875,0.625,5996,706,51,17
15,6,1.89076,1.84874,3283,6452,45,44
15,7,2.16346,0.0961538,1126,3437,45,2
15,8,2.47191,0.11236,6452,3437,44,2
15,9,2.82511,0.807175,6330,1474,42,12
15,10,3.39779,0,5303,7898,41,0
15,11,4.17857,0.107143,1645,3437,39,1
15,12,5.49505,0.148515,2386,706,37,1
15,13,7.73438,0,3193,7898,33,0
15,14,14.0323,0,3019,2019,29,0
15,15,7.5,0,9730,7898,1,0
15,1,5.21119,0.475185,1986,7898,329,30
15,2,2.11165,1.77184,758,5996,87,73
15,3,1.83616,1.41243,937,3019,65,50
15,4,1.86695,1.60944,2530,3283,58,50
15,5,1.875,0.808824,5996,1474,51,22
15,6,1.89076,0.672269,3283,706,45,16
15,7,2.16346,0.673077,1126,706,45,14
15,8,2.47191,0,6452,2019,44,0
15,9,2.82511,2.82511,6330,6330,42,42
15,10,3.39779,2.56906,5303,3019,41,31
15,11,4.17857,0,1645,2019,39,0
15,12,5.49505,5.0495,2386,3193,37,34
15,13,7.73438,0.234375,3193,3437,33,1
15,14,14.0323,0.483871,3019,706,29,1
15,15,7.5,0,9730,7898,1,0
15,1,5.21119,1.63147,1986,2386,329,103
15,2,2.11165,0.728155,758,706,87,30
15,3,1.83616,1.46893,937,3193,65,52
15,4,1.86695,1.80258,2530,1126,58,56
15,5,1.875,0.625,5996,706,51,17
15,6,1.89076,1.89076,3283,1126,45,45
15,7,2.16346,2.16346,1126,1126,45,45
15,8,2.47191,2.41573,6452,6330,44,43
15,9,2.82511,0.134529,6330,3437,42,2
15,10,3.39779,0.745856,5303,1474,41,9
15,11,4.17857,0.107143,1645,3437,39,1
15,12,5.49505,5.0495,2386,3193,37,34
15,13,7.73438,7.73438,3193,3193,33,33
15,14,14.0323,0.483871,3019,3437,29,1
15,15,7.5,0,9730,2019,1,0
15,1,5.21119,0.475185,1986,7898,329,30
15,2,2.11165,1.57767,758,6452,87,65
15,3,1.83616,1.77966,937,1126,65,63
15,4,1.86695,1.60944,2530,5303,58,50
15,5,1.875,0.625,5996,706,51,17
15,6,1.89076,1.80672,3283,1645,45,43
15,7,2.16346,2.11538,1126,6452,45,44
15,8,2.47191,2.47191,6452,6452,44,44
15,9,2.82511,2.75785,6330,5303,42,41
15,10,3.39779,3.39779,5303,5303,41,41
15,11,4.17857,3.32143,1645,3019,39,31
15,12,5.49505,1.18812,2386,1474,37,8
15,13,7.73438,0.234375,3193,3437,33,1
15,14,14.0323,0.483871,3019,706,29,1
15,15,7.5,0,9730,706,1,0
15,1,5.21119,1.69483,1986,6452,329,107
15,2,2.11165,1.69903,758,6330,87,70
15,3,1.83616,0.564972,937,706,65,20
15,4,1.86695,1.60944,2530,1645,58,50
15,5,1.875,1.65441,5996,1645,51,45
15,6,1.89076,0.0840336,3283,3437,45,2
15,7,2.16346,0.0961538,1126,7898,45,2
15,8,2.47191,2.35955,6452,5303,44,42
15,9,2.82511,2.0852,6330,3019,42,31
15,10,3.39779,0,5303,7898,41,0
15,11,4.17857,4.07143,1645,2386,39,38
15,12,5.49505,4.45545,2386,3019,37,30
15,13,7.73438,0,3193,2019,33,0
15,14,14.0323,0.483871,3019,706,29,1
15,15,7.5,7.5,9730,1474,1,1
15,1,5.21119,1.63147,1986,2386,329,103
15,2,2.11165,1.67476,758,5303,87,69
15,3,1.83616,1.66667,937,6452,65,59
15,4,1.86695,0.0643777,2530,7898,58,2
15,5,1.875,1.21324,5996,3019,51,33
15,6,1.89076,1.89076,3283,1126,45,45
15,7,2.16346,1.58654,1126,3019,45,33
15,8,2.47191,0.11236,6452,7898,44,2
15,9,2.82511,2.69058,6330,1645,42,40
15,10,3.39779,3.39779,5303,5303,41,41
15,11,4.17857,0,1645,2019,39,0
15,12,5.49505,5.0495,2386,3193,37,34
15,13,7.73438,0.234375,3193,706,33,1
15,14,14.0323,0.483871,3019,706,29,1
15,15,7.5,0,9730,7898,1,0
15,1,5.21119,1.67899,1986,3283,329,106
15,2,2.11165,0.0728155,758,7898,87,3
15,3,1.83616,0.564972,937,706,65,20
15,4,1.86695,1.70601,2530,6330,58,53
15,5,1.875,1.61765,5996,5303,51,44
15,6,1.89076,1.80672,3283,1645,45,43
15,7,2.16346,0.0961538,1126,3437,45,2
15,8,2.47191,2.13483,6452,3193,44,38
15,9,2.82511,0.0672646,6330,7898,42,1
15,10,3.39779,0.165746,5303,3437,41,2
15,11,4.17857,0,1645,7898,39,0
15,12,5.49505,0.148515,2386,3437,37,1
15,13,7.73438,7.73438,3193,3193,33,33
15,14,14.0323,14.0323,3019,3019,29,29
15,15,7.5,0,9730,706,1,0
15,1,5.21119,1.64731,1986,5303,329,104
15,2,2.11165,1.57767,758,6452,87,65
15,3,1.83616,1.41243,937,3019,65,50
15,4,1.86695,0,2530,2019,58,0
15,5,1.875,1.65441,5996,3283,51,45
15,6,1.89076,0.672269,3283,706,45,16
15,7,2.16346,2.11538,1126,6452,45,44
15,8,2.47191,0,6452,2019,44,0
15,9,2.82511,2.55605,6330,2386,42,38
15,10,3.39779,0.58011,5303,706,41,7
15,11,4.17857,4.07143,1645,2386,39,38
15,12,5.49505,0,2386,7898,37,0
15,13,7.73438,7.03125,3193,3019,33,30
15,14,14.0323,0.483871,3019,3437,29,1
15,15,7.5,7.5,9730,1474,1,1
15,1,5.21119,1.63147,1986,3019,329,103
15,2,2.11165,1.69903,758,1126,87,70
15,3,1.83616,0.0564972,937,7898,65,2
15,4,1.86695,0.579399,2530,706,58,18
15,5,1.875,1.875,5996,5996,51,51
15,6,1.89076,1.80672,3283,1645,45,43
15,7,2.16346,2.11538,1126,6330,45,44
15,8,2.47191,0.11236,6452,3437,44,2
15,9,2.82511,2.75785,6330,5303,42,41
15,10,3.39779,0.58011,5303,706,41,7
15,11,4.17857,0,1645,2019,39,0
15,12,5.49505,5.49505,2386,2386,37,37
15,13,7.73438,0.234375,3193,706,33,1
15,14,14.0323,14.0323,3019,3019,29,29
15,15,7.5,7.5,9730,3437,1,1
15,1,5.21119,1.56811,1986,6330,329,99
15,2,2.11165,0.728155,758,706,87,30
15,3,1.83616,1.77966,937,5996,65,63
15,4,1.86695,1.51288,2530,2386,58,47
15,5,1.875,1.875,5996,5996,51,51
15,6,1.89076,0.0840336,3283,7898,45,2
15,7,2.16346,0.0961538,1126,7898,45,2
15,8,2.47191,0,6452,2019,44,0
15,9,2.82511,0.807175,6330,1474,42,12
15,10,3.39779,3.14917,5303,2386,41,38
15,11,4.17857,3.32143,1645,3019,39,31
15,12,5.49505,0.148515,2386,3437,37,1
15,13,7.73438,7.73438,3193,3193,33,33
15,14,14.0323,14.0323,3019,3019,29,29
15,15,7.5,0,9730,2019,1,0
15,1,5.21119,1.59979,1986,3193,329,101
15,2,2.11165,1.77184,758,5996,87,73
15,3,1.83616,1.46893,937,3193,65,52
15,4,1.86695,1.60944,2530,1645,58,50
15,5,1.875,1.43382,5996,2386,51,39
15,6,1.89076,0,3283,2019,45,0
15,7,2.16346,0.0961538,1126,3437,45,2
15,8,2.47191,0.674157,6452,706,44,12
15,9,2.82511,0.807175,6330,1474,42,12
15,10,3.39779,3.14917,5303,2386,41,38
15,11,4.17857,0.857143,1645,1474,39,8
15,12,5.49505,0,2386,7898,37,0
15,13,7.73438,7.03125,3193,3019,33,30
15,14,14.0323,0,3019,7898,29,0
15,15,7.5,0,9730,706,1,0
15,1,5.21119,1.63147,1986,2386,329,103
15,2,2.11165,0,758,2019,87,0
15,3,1.83616,1.77966,937,5996,65,63
15,4,1.86695,0,2530,2019,58,0
15,5,1.875,1.21324,5996,3019,51,33
15,6,1.89076,1.38655,3283,3019,45,33
15,7,2.16346,0,1126,2019,45,0
15,8,2.47191,2.35955,6452,5303,44,42
15,9,2.82511,0.807175,6330,1474,42,12
15,10,3.39779,2.98343,5303,3193,41,36
15,11,4.17857,3.32143,1645,3019,39,31
15,12,5.49505,0.148515,2386,3437,37,1
15,13,7.73438,0.234375,3193,3437,33,1
15,14,14.0323,14.0323,3019,3019,29,29
15,15,7.5,7.5,9730,1474,1,1
15,1,5.21119,0.0158395,1986,2019,329,1
15,2,2.11165,1.77184,758,5996,87,73
15,3,1.83616,1.46893,937,3193,65,52
15,4,1.86695,1.80258,2530,5996,58,56
15,5,1.875,0.625,5996,706,51,17
15,6,1.89076,0.756303,3283,1474,45,18
15,7,2.16346,0.673077,1126,706,45,14
15,8,2.47191,2.30337,6452,1645,44,41
15,9,2.82511,2.0852,6330,3019,42,31
15,10,3.39779,3.39779,5303,5303,41,41
15,11,4.17857,3.32143,1645,3019,39,31
15,12,5.49505,4.45545,2386,3019,37,30
15,13,7.73438,0.234375,3193,3437,33,1
15,14,14.0323,14.0323,3019,3019,29,29
15,15,7.5,0,9730,706,1,0
15,1,5.21119,0.348469,1986,3437,329,22
15,2,2.11165,1.50485,758,3019,87,62
15,3,1.83616,0.564972,937,706,65,20
15,4,1.86695,1.28755,2530,3019,58,40
15,5,1.875,1.875,5996,5996,51,51
15,6,1.89076,1.84874,3283,6330,45,44
15,7,2.16346,0.0961538,1126,7898,45,2
15,8,2.47191,2.47191,6452,6452,44,44
15,9,2.82511,0.0672646,6330,7898,42,1
15,10,3.39779,0.58011,5303,706,41,7
15,11,4.17857,3.32143,1645,3019,39,31
15,12,5.49505,5.49505,2386,2386,37,37
15,13,7.73438,0.234375,3193,706,33,1
15,14,14.0323,14.0323,3019,3019,29,29
15,15,7.5,7.5,9730,1474,1,1
15,1,5.21119,2.07497,1986,706,329,131
15,2,2.11165,1.77184,758,5996,87,73
15,3,1.83616,1.66667,937,6452,65,59
15,4,1.86695,1.51288,2530,3193,58,47
15,5,1.875,1.875,5996,5996,51,51
15,6,1.89076,1.84874,3283,5303,45,44
15,7,2.16346,0.769231,1126,1474,45,16
15,8,2.47191,0,6452,2019,44,0
15,9,2.82511,0.605381,6330,706,42,9
15,10,3.39779,0,5303,2019,41,0
15,11,4.17857,0.428571,1645,706,39,4
15,12,5.49505,0.148515,2386,706,37,1
15,13,7.73438,0.234375,3193,706,33,1
15,14,14.0323,2.90323,3019,1474,29,6
15,15,7.5,0,9730,2019,1,0
15,1,5.21119,1.64731,1986,1126,329,104
15,2,2.11165,1.69903,758,1645,87,70
15,3,1.83616,0.0564972,937,7898,65,2
15,4,1.86695,0.579399,2530,706,58,18
15,5,1.875,1.65441,5996,6452,51,45
15,6,1.89076,1.59664,3283,2386,45,38
15,7,2.16346,0.0961538,1126,3437,45,2
15,8,2.47191,0.11236,6452,7898,44,2
15,9,2.82511,0.605381,6330,706,42,9
15,10,3.39779,0.745856,5303,1474,41,9
15,11,4.17857,0.107143,1645,3437,39,1
15,12,5.49505,4.45545,2386,3019,37,30
15,13,7.73438,7.73438,3193,3193,33,33
15,14,14.0323,2.90323,3019,1474,29,6
15,15,7.5,7.5,9730,3437,1,1
15,1,5.21119,0.348469,1986,3437,329,22
15,2,2.11165,1.69903,758,1126,87,70
15,3,1.83616,1.77966,937,5996,65,63
15,4,1.86695,1.60944,2530,3283,58,50
15,5,1.875,1.76471,5996,1126,51,48
15,6,1.89076,0,3283,2019,45,0
15,7,2.16346,2.11538,1126,6330,45,44
15,8,2.47191,2.13483,6452,3193,44,38
15,9,2.82511,2.0852,6330,3019,42,31
15,10,3.39779,3.23204,5303,1645,41,39
15,11,4.17857,4.07143,1645,2386,39,38
15,12,5.49505,5.49505,2386,2386,37,37
15,13,7.73438,0.234375,3193,3437,33,1
15,14,14.0323,0.483871,3019,3437,29,1
15,15,7.5,0,9730,7898,1,0
15,1,5.21119,0.348469,1986,3437,329,22
15,2,2.11165,0.169903,758,3437,87,7
15,3,1.83616,1.41243,937,3019,65,50
15,4,1.86695,1.70601,2530,6330,58,53
15,5,1.875,1.50735,5996,3193,51,41
15,6,1.89076,1.89076,3283,3283,45,45
15,7,2.16346,0.0961538,1126,3437,45,2
15,8,2.47191,2.30337,6452,1645,44,41
15,9,2.82511,2.55605,6330,2386,42,38
15,10,3.39779,3.23204,5303,1645,41,39
15,11,4.17857,3.32143,1645,3019,39,31
15,12,5.49505,1.18812,2386,1474,37,8
15,13,7.73438,0.234375,3193,706,33,1
15,14,14.0323,14.0323,3019,3019,29,29
15,15,7.5,0,9730,7898,1,0
15,1,5.21119,1.69483,1986,6452,329,107
15,2,2.11165,1.3835,758,1474,87,57
15,3,1.83616,0,937,2019,65,0
15,4,1.86695,1.60944,2530,1645,58,50
15,5,1.875,1.875,5996,5996,51,51
15,6,1.89076,1.84874,3283,5303,45,44
15,7,2.16346,0.673077,1126,706,45,14
15,8,2.47191,2.41573,6452,6330,44,43
15,9,2.82511,2.55605,6330,2386,42,38
15,10,3.39779,0.58011,5303,706,41,7
15,11,4.17857,0.107143,1645,3437,39,1
15,12,5.49505,1.18812,2386,1474,37,8
15,13,7.73438,0,3193,7898,33,0
15,14,14.0323,0.483871,3019,706,29,1
15,15,7.5,0,9730,7898,1,0
15,1,5.21119,1.64731,1986,5303,329,104
15,2,2.11165,1.77184,758,5996,87,73
15,3,1.83616,1.63842,937,5303,65,58
15,4,1.86695,1.60944,2530,5303,58,50
15,5,1.875,1.21324,5996,3019,51,33
15,6,1.89076,0.0840336,3283,3437,45,2
15,7,2.16346,0.769231,1126,1474,45,16
15,8,2.47191,0.11236,6452,3437,44,2
15,9,2.82511,2.75785,6330,5303,42,41
15,10,3.39779,3.39779,5303,5303,41,41
15,11,4.17857,0.428571,1645,706,39,4
15,12,5.49505,0,2386,2019,37,0
15,13,7.73438,0.234375,3193,3437,33,1
15,14,14.0323,14.0323,3019,3019,29,29
15,15,7.5,7.5,9730,3437,1,1
15,1,5.21119,1.69483,1986,1645,329,107
15,2,2.11165,1.77184,758,5996,87,73
15,3,1.83616,0.0847458,937,3437,65,3
15,4,1.86695,1.80258,2530,5996,58,56
15,5,1.875,1.65441,5996,3283,51,45
15,6,1.89076,1.84874,3283,5303,45,44
15,7,2.16346,0.673077,1126,706,45,14
15,8,2.47191,0.674157,6452,706,44,12
15,9,2.82511,0.605381,6330,706,42,9
15,10,3.39779,0.165746,5303,3437,41,2
15,11,4.17857,3.32143,1645,3019,39,31
15,12,5.49505,1.18812,2386,1474,37,8
15,13,7.73438,7.73438,3193,3193,33,33
15,14,14.0323,2.90323,3019,1474,29,6
15,15,7.5,0,9730,2019,1,0
15,1,5.21119,2.07497,1986,706,329,131
15,2,2.11165,1.5534,758,2386,87,64
15,3,1.83616,1.77966,937,5996,65,63
15,4,1.86695,0.579399,2530,706,58,18
15,5,1.875,1.65441,5996,3283,51,45
15,6,1.89076,1.84874,3283,6452,45,44
15,7,2.16346,0.673077,1126,706,45,14
15,8,2.47191,2.13483,6452,2386,44,38
15,9,2.82511,0.0672646,6330,7898,42,1
15,10,3.39779,0.745856,5303,1474,41,9
15,11,4.17857,0.428571,1645,706,39,4
15,12,5.49505,0,2386,2019,37,0
15,13,7.73438,0.234375,3193,706,33,1
15,14,14.0323,0.483871,3019,706,29,1
15,15,7.5,0,9730,706,1,0
15,1,5.21119,1.63147,1986,2386,329,103
15,2,2.11165,1.69903,758,1645,87,70
15,3,1.83616,1.66667,937,1645,65,59
15,4,1.86695,0.0965665,2530,3437,58,3
15,5,1.875,0.0735294,5996,7898,51,2
15,6,1.89076,1.89076,3283,3283,45,45
15,7,2.16346,2.11538,1126,6330,45,44
15,8,2.47191,2.13483,6452,2386,44,38
15,9,2.82511,0.0672646,6330,7898,42,1
15,10,3.39779,0,5303,7898,41,0
15,11,4.17857,0.857143,1645,1474,39,8
15,12,5.49505,0,2386,7898,37,0
15,13,7.73438,0.234375,3193,3437,33,1
15,14,14.0323,0.483871,3019,3437,29,1
15,15,7.5,0,9730,2019,1,0
15,1,5.21119,1.69483,1986,1645,329,107
15,2,2.11165,1.77184,758,5996,87,73
15,3,1.83616,1.77966,937,1126,65,63
15,4,1.86695,1.51288,2530,2386,58,47
15,5,1.875,1.76471,5996,1126,51,48
15,6,1.89076,0,3283,2019,45,0
15,7,2.16346,1.82692,1126,2386,45,38
15,8,2.47191,0.11236,6452,3437,44,2
15,9,2.82511,0.605381,6330,706,42,9
15,10,3.39779,2.98343,5303,3193,41,36
15,11,4.17857,3.64286,1645,3193,39,34
15,12,5.49505,0.148515,2386,706,37,1
15,13,7.73438,0,3193,2019,33,0
15,14,14.0323,2.90323,3019,1474,29,6
15,15,7.5,0,9730,706,1,0
15,1,5.21119,0.348469,1986,3437,329,22
15,2,2.11165,1.69903,758,1126,87,70
15,3,1.83616,1.69492,937,6330,65,60
15,4,1.86695,1.51288,2530,3193,58,47
15,5,1.875,1.21324,5996,3019,51,33
15,6,1.89076,1.38655,3283,3019,45,33
15,7,2.16346,2.11538,1126,6452,45,44
15,8,2.47191,2.30337,6452,1645,44,41
15,9,2.82511,2.0852,6330,3019,42,31
15,10,3.39779,0.165746,5303,3437,41,2
15,11,4.17857,0,1645,2019,39,0
15,12,5.49505,5.0495,2386,3193,37,34
15,13,7.73438,0.234375,3193,3437,33,1
15,14,14.0323,0.483871,3019,3437,29,1
15,15,7.5,7.5,9730,1474,1,1
15,1,5.21119,2.07497,1986,706,329,131
15,2,2.11165,1.57767,758,6452,87,65
15,3,1.83616,1.41243,937,3019,65,50
15,4,1.86695,1.80258,2530,5996,58,56
15,5,1.875,1.65441,5996,3283,51,45
15,6,1.89076,0.756303,3283,1474,45,18
15,7,2.16346,0.0961538,1126,3437,45,2
15,8,2.47191,2.13483,6452,3193,44,38
15,9,2.82511,2.69058,6330,1645,42,40
15,10,3.39779,3.23204,5303,1645,41,39
15,11,4.17857,0.428571,1645,706,39,4
15,12,5.49505,5.49505,2386,2386,37,37
15,13,7.73438,7.73438,3193,3193,33,33
15,14,14.0323,14.0323,3019,3019,29,29
15,15,7.5,0,9730,706,1,0
15,1,5.21119,0.348469,1986,3437,329,22
15,2,2.11165,1.69903,758,1126,87,70
15,3,1.83616,1.69492,937,6330,65,60
15,4,1.86695,1.70601,2530,6330,58,53
15,5,1.875,1.65441,5996,1645,51,45
15,6,1.89076,1.59664,3283,2386,45,38
15,7,2.16346,2.11538,1126,6452,45,44
15,8,2.47191,1.79775,6452,3019,44,32
15,9,2.82511,0.134529,6330,3437,42,2
15,10,3.39779,3.23204,5303,1645,41,39
15,11,4.17857,0.428571,1645,706,39,4
15,12,5.49505,5.0495,2386,3193,37,34
15,13,7.73438,0,3193,7898,33,0
15,14,14.0323,0.483871,3019,706,29,1
15,15,7.5,7.5,9730,3437,1,1
15,1,5.21119,1.59979,1986,3193,329,101
15,2,2.11165,1.57767,758,6452,87,65
15,3,1.83616,0.0847458,937,3437,65,3
15,4,1.86695,1.60944,2530,1645,58,50
15,5,1.875,1.69118,5996,6330,51,46
15,6,1.89076,1.80672,3283,1645,45,43
15,7,2.16346,0.769231,1126,1474,45,16
15,8,2.47191,0.898876,6452,1474,44,16
15,9,2.82511,0,6330,2019,42,0
15,10,3.39779,0,5303,7898,41,0
15,11,4.17857,0,1645,7898,39,0
15,12,5.49505,5.0495,2386,3193,37,34
15,13,7.73438,1.64062,3193,1474,33,7
15,14,14.0323,0.483871,3019,706,29,1
15,15,7.5,7.5,9730,3437,1,1
15,1,5.21119,0.475185,1986,7898,329,30
15,2,2.11165,1.69903,758,1645,87,70
15,3,1.83616,1.63842,937,5303,65,58
15,4,1.86695,1.80258,2530,5996,58,56
15,5,1.875,0,5996,2019,51,0
15,6,1.89076,1.72269,3283,3193,45,41
15,7,2.16346,0,1126,2019,45,0
15,8,2.47191,2.47191,6452,6452,44,44
15,9,2.82511,2.0852,6330,3019,42,31
15,10,3.39779,0.58011,5303,706,41,7
15,11,4.17857,0.428571,1645,706,39,4
15,12,5.49505,4.45545,2386,3019,37,30
15,13,7.73438,1.64062,3193,1474,33,7
15,14,14.0323,0,3019,2019,29,0
15,15,7.5,0,9730,706,1,0
15,1,5.21119,1.64731,1986,1126,329,104
15,2,2.11165,1.57767,758,6452,87,65
15,3,1.83616,1.63842,937,5303,65,58
15,4,1.86695,1.51288,2530,3193,58,47
15,5,1.875,1.65441,5996,3283,51,45
15,6,1.89076,1.38655,3283,3019,45,33
15,7,2.16346,2.11538,1126,6452,45,44
15,8,2.47191,2.47191,6452,6452,44,44
15,9,2.82511,2.82511,6330,6330,42,42
15,10,3.39779,0.745856,5303,1474,41,9
15,11,4.17857,0,1645,2019,39,0
15,12,5.49505,5.49505,2386,2386,37,37
15,13,7.73438,0,3193,7898,33,0
15,14,14.0323,14.0323,3019,3019,29,29
15,15,7.5,0,9730,706,1,0
15,1,5.21119,0.0158395,1986,2019,329,1
15,2,2.11165,1.3835,758,1474,87,57
15,3,1.83616,1.66667,937,1645,65,59
15,4,1.86695,0.0965665,2530,3437,58,3
15,5,1.875,1.65441,5996,3283,51,45
15,6,1.89076,0.0840336,3283,3437,45,2
15,7,2.16346,2.11538,1126,6330,45,44
15,8,2.47191,2.13483,6452,3193,44,38
15,9,2.82511,0.0672646,6330,7898,42,1
15,10,3.39779,0.58011,5303,706,41,7
15,11,4.17857,4.07143,1645,2386,39,38
15,12,5.49505,0,2386,2019,37,0
15,13,7.73438,0,3193,2019,33,0
15,14,14.0323,0.483871,3019,706,29,1
15,15,7.5,7.5,9730,3437,1,1
15,1,5.21119,0.475185,1986,7898,329,30
15,2,2.11165,1.43204,758,3193,87,59
15,3,1.83616,1.46893,937,3193,65,52
15,4,1.86695,1.51288,2530,2386,58,47
15,5,1.875,1.50735,5996,3193,51,41
15,6,1.89076,0,3283,2019,45,0
15,7,2.16346,2.06731,1126,5303,45,43
15,8,2.47191,2.30337,6452,1645,44,41
15,9,2.82511,2.75785,6330,5303,42,41
15,10,3.39779,2.56906,5303,3019,41,31
15,11,4.17857,0.428571,1645,706,39,4
15,12,5.49505,0.148515,2386,3437,37,1
15,13,7.73438,0.234375,3193,706,33,1
15,14,14.0323,0,3019,7898,29,0
15,15,7.5,7.5,9730,1474,1,1
15,1,5.21119,1.69483,1986,6452,329,107
15,2,2.11165,1.50485,758,3019,87,62
15,3,1.83616,1.63842,937,5303,65,58
15,4,1.86695,1.28755,2530,3019,58,40
15,5,1.875,1.69118,5996,6330,51,46
15,6,1.89076,1.84874,3283,6330,45,44
15,7,2.16346,2.06731,1126,5303,45,43
15,8,2.47191,2.13483,6452,3193,44,38
15,9,2.82511,2.69058,6330,1645,42,40
15,10,3.39779,0.745856,5303,1474,41,9
15,11,4.17857,3.64286,1645,3193,39,34
15,12,5.49505,5.49505,2386,2386,37,37
15,13,7.73438,7.03125,3193,3019,33,30
15,14,14.0323,2.90323,3019,1474,29,6
15,15,7.5,0,9730,2019,1,0
15,1,5.21119,1.69483,1986,6452,329,107
15,2,2.11165,0.728155,758,706,87,30
15,3,1.83616,0.564972,937,706,65,20
15,4,1.86695,1.80258,2530,5996,58,56
15,5,1.875,0.808824,5996,1474,51,22
15,6,1.89076,1.84874,3283,6452,45,44
15,7,2.16346,0.673077,1126,706,45,14
15,8,2.47191,2.41573,6452,6330,44,43
15,9,2.82511,2.69058,6330,1645,42,40
15,10,3.39779,0,5303,2019,41,0
15,11,4.17857,0,1645,2019,39,0
15,12,5.49505,0,2386,7898,37,0
15,13,7.73438,7.03125,3193,3019,33,30
15,14,14.0323,0,3019,7898,29,0
15,15,7.5,7.5,9730,3437,1,1
15,1,5.21119,1.59979,1986,3193,329,101
15,2,2.11165,1.69903,758,6330,87,70
15,3,1.83616,1.69492,937,6330,65,60
15,4,1.86695,1.60944,2530,6452,58,50
15,5,1.875,1.65441,5996,6452,51,45
15,6,1.89076,1.89076,3283,3283,45,45
15,7,2.16346,2.11538,1126,6330,45,44
15,8,2.47191,2.30337,6452,1645,44,41
15,9,2.82511,2.0852,6330,3019,42,31
15,10,3.39779,0.58011,5303,706,41,7
15,11,4.17857,0,1645,2019,39,0
15,12,5.49505,0.148515,2386,3437,37,1
15,13,7.73438,1.64062,3193,1474,33,7
15,14,14.0323,14.0323,3019,3019,29,29
15,15,7.5,0,9730,2019,1,0
15,1,5.21119,0.0158395,1986,2019,329,1
15,2,2.11165,1.50485,758,3019,87,62
15,3,1.83616,1.77966,937,1126,65,63
15,4,1.86695,1.60944,2530,3283,58,50
15,5,1.875,1.61765,5996,5303,51,44
15,6,1.89076,1.84874,3283,6330,45,44
15,7,2.16346,2.11538,1126,6452,45,44
15,8,2.47191,1.79775,6452,3019,44,32
15,9,2.82511,2.75785,6330,5303,42,41
15,10,3.39779,2.56906,5303,3019,41,31
15,11,4.17857,0.857143,1645,1474,39,8
15,12,5.49505,0,2386,2019,37,0
15,13,7.73438,1.64062,3193,1474,33,7
15,14,14.0323,0.483871,3019,706,29,1
15,15,7.5,7.5,9730,3437,1,1
15,1,5.21119,1.69483,1986,6452,329,107
15,2,2.11165,1.69903,758,1126,87,70
15,3,1.83616,0.847458,937,1474,65,30
15,4,1.86695,1.51288,2530,2386,58,47
15,5,1.875,1.65441,5996,3283,51,45
15,6,1.89076,1.84874,3283,6330,45,44
15,7,2.16346,2.11538,1126,6330,45,44
15,8,2.47191,1.79775,6452,3019,44,32
15,9,2.82511,0.0672646,6330,7898,42,1
15,10,3.39779,2.56906,5303,3019,41,31
15,11,4.17857,0,1645,2019,39,0
15,12,5.49505,0.148515,2386,706,37,1
15,13,7.73438,1.64062,3193,1474,33,7
15,14,14.0323,0.483871,3019,706,29,1
15,15,7.5,0,9730,706,1,0
15,1,5.21119,1.56811,1986,6330,329,99
15,2,2.11165,1.69903,758,1645,87,70
15,3,1.83616,0.0564972,937,7898,65,2
15,4,1.86695,1.60944,2530,1645,58,50
15,5,1.875,1.69118,5996,6330,51,46
15,6,1.89076,1.84874,3283,6452,45,44
15,7,2.16346,1.58654,1126,3019,45,33
15,8,2.47191,2.47191,6452,6452,44,44
15,9,2.82511,0.807175,6330,1474,42,12
15,10,3.39779,0,5303,2019,41,0
15,11,4.17857,0,1645,2019,39,0
15,12,5.49505,4.45545,2386,3019,37,30
15,13,7.73438,7.03125,3193,3019,33,30
15,14,14.0323,0.483871,3019,706,29,1
15,15,7.5,0,9730,706,1,0
15,1,5.21119,1.69483,1986,1645,329,107
15,2,2.11165,1.69903,758,6330,87,70
15,3,1.83616,1.69492,937,6330,65,60
15,4,1.86695,1.80258,2530,1126,58,56
15,5,1.875,1.43382,5996,2386,51,39
15,6,1.89076,1.84874,3283,5303,45,44
15,7,2.16346,1.97115,1126,1645,45,41
15,8,2.47191,2.47191,6452,6452,44,44
15,9,2.82511,0.134529,6330,3437,42,2
15,10,3.39779,2.56906,5303,3019,41,31
15,11,4.17857,3.32143,1645,3019,39,31
15,12,5.49505,4.45545,2386,3019,37,30
15,13,7.73438,1.64062,3193,1474,33,7
15,14,14.0323,14.0323,3019,3019,29,29
15,15,7.5,0,9730,2019,1,0
15,1,5.21119,1.56811,1986,5996,329,99
15,2,2.11165,1.77184,758,5996,87,73
15,3,1.83616,0.564972,937,706,65,20
15,4,1.86695,1.51288,2530,3193,58,47
15,5,1.875,0,5996,2019,51,0
15,6,1.89076,1.80672,3283,1645,45,43
15,7,2.16346,0,1126,2019,45,0
15,8,2.47191,0.674157,6452,706,44,12
15,9,2.82511,2.69058,6330,1645,42,40
15,10,3.39779,3.39779,5303,5303,41,41
15,11,4.17857,4.07143,1645,2386,39,38
15,12,5.49505,5.0495,2386,3193,37,34
15,13,7.73438,7.73438,3193,3193,33,33
15,14,14.0323,0,3019,2019,29,0
15,15,7.5,0,9730,706,1,0
15,1,5.21119,1.67899,1986,3283,329,106
15,2,2.11165,0,758,2019,87,0
15,3,1.83616,1.41243,937,3019,65,50
15,4,1.86695,1.60944,2530,1645,58,50
15,5,1.875,0.0735294,5996,7898,51,2
15,6,1.89076,1.72269,3283,3193,45,41
15,7,2.16346,1.97115,1126,3193,45,41
15,8,2.47191,0.11236,6452,7898,44,2
15,9,2.82511,2.55605,6330,2386,42,38
15,10,3.39779,2.56906,5303,3019,41,31
15,11,4.17857,0.428571,1645,706,39,4
15,12,5.49505,0.148515,2386,706,37,1
15,13,7.73438,1.64062,3193,1474,33,7
15,14,14.0323,0,3019,7898,29,0
15,15,7.5,0,9730,7898,1,0
15,1,5.21119,1.56811,1986,6330,329,99
15,2,2.11165,1.69903,758,1645,87,70
15,3,1.83616,1.49718,937,2386,65,53
15,4,1.86695,1.70601,2530,6330,58,53
15,5,1.875,0,5996,2019,51,0
15,6,1.89076,1.89076,3283,1126,45,45
15,7,2.16346,1.97115,1126,1645,45,41
15,8,2.47191,2.47191,6452,6452,44,44
15,9,2.82511,2.82511,6330,6330,42,42
15,10,3.39779,3.23204,5303,1645,41,39
15,11,4.17857,3.64286,1645,3193,39,34
15,12,5.49505,5.0495,2386,3193,37,34
15,13,7.73438,0,3193,2019,33,0
15,14,14.0323,0.483871,3019,706,29,1
15,15,7.5,7.5,9730,3437,1,1
15,1,5.21119,1.69483,1986,1645,329,107
15,2,2.11165,1.57767,758,6452,87,65
15,3,1.83616,1.58192,937,3283,65,56
15,4,1.86695,1.28755,2530,3019,58,40
15,5,1.875,0.808824,5996,1474,51,22
15,6,1.89076,1.89076,3283,1126,45,45
15,7,2.16346,2.11538,1126,6330,45,44
15,8,2.47191,2.41573,6452,6330,44,43
15,9,2.82511,0.605381,6330,706,42,9
15,10,3.39779,0.58011,5303,706,41,7
15,11,4.17857,3.32143,1645,3019,39,31
15,12,5.49505,1.18812,2386,1474,37,8
15,13,7.73438,1.64062,3193,1474,33,7
15,14,14.0323,0.483871,3019,3437,29,1
15,15,7.5,0,9730,2019,1,0
15,1,5.21119,1.63147,1986,3019,329,103
15,2,2.11165,1.43204,758,3193,87,59
15,3,1.83616,1.63842,937,5303,65,58
15,4,1.86695,1.70601,2530,6330,58,53
15,5,1.875,1.50735,5996,3193,51,41
15,6,1.89076,0.672269,3283,706,45,16
15,7,2.16346,0.0961538,1126,3437,45,2
15,8,2.47191,2.13483,6452,2386,44,38
15,9,2.82511,2.75785,6330,5303,42,41
15,10,3.39779,0,5303,2019,41,0
15,11,4.17857,4.17857,1645,1645,39,39
15,12,5.49505,5.0495,2386,3193,37,34
15,13,7.73438,0.234375,3193,706,33,1
15,14,14.0323,0.483871,3019,3437,29,1
15,15,7.5,0,9730,706,1,0
15,1,5.21119,1.56811,1986,5996,329,99
15,2,2.11165,1.69903,758,1126,87,70
15,3,1.83616,0.564972,937,706,65,20
15,4,1.86695,1.70601,2530,6330,58,53
15,5,1.875,0.808824,5996,1474,51,22
15,6,1.89076,1.84874,3283,5303,45,44
15,7,2.16346,0.769231,1126,1474,45,16
15,8,2.47191,2.13483,6452,3193,44,38
15,9,2.82511,2.42152,6330,3193,42,36
15,10,3.39779,0,5303,2019,41,0
15,11,4.17857,4.07143,1645,2386,39,38
15,12,5.49505,0.148515,2386,3437,37,1
15,13,7.73438,0,3193,7898,33,0
15,14,14.0323,0,3019,2019,29,0
15,15,7.5,0,9730,706,1,0
15,1,5.21119,2.86695,1986,1474,329,181
15,2,2.11165,1.50485,758,3019,87,62
15,3,1.83616,0.0564972,937,7898,65,2
15,4,1.86695,0,2530,2019,58,0
15,5,1.875,1.43382,5996,2386,51,39
15,6,1.89076,0,3283,2019,45,0
15,7,2.16346,1.58654,1126,3019,45,33
15,8,2.47191,0,6452,2019,44,0
15,9,2.82511,0,6330,2019,42,0
15,10,3.39779,0.745856,5303,1474,41,9
15,11,4.17857,0,1645,7898,39,0
15,12,5.49505,0.148515,2386,706,37,1
15,13,7.73438,1.64062,3193,1474,33,7
15,14,14.0323,0,3019,7898,29,0
15,15,7.5,0,9730,706,1,0
15,1,5.21119,0.475185,1986,7898,329,30
15,2,2.11165,0,758,2019,87,0
15,3,1.83616,1.77966,937,5996,65,63
15,4,1.86695,1.60944,2530,3283,58,50
15,5,1.875,1.76471,5996,1126,51,48
15,6,1.89076,1.38655,3283,3019,45,33
15,7,2.16346,1.82692,1126,2386,45,38
15,8,2.47191,0.898876,6452,1474,44,16
15,9,2.82511,0.134529,6330,3437,42,2
15,10,3.39779,0.745856,5303,1474,41,9
15,11,4.17857,0.857143,1645,1474,39,8
15,12,5.49505,0.148515,2386,706,37,1
15,13,7.73438,7.03125,3193,3019,33,30
15,14,14.0323,0.483871,3019,706,29,1
15,15,7.5,7.5,9730,3437,1,1
15,1,5.21119,1.69483,1986,6452,329,107
15,2,2.11165,1.77184,758,5996,87,73
15,3,1.83616,0.0564972,937,7898,65,2
15,4,1.86695,0.804721,2530,1474,58,25
15,5,1.875,1.76471,5996,1126,51,48
15,6,1.89076,1.80672,3283,1645,45,43
15,7,2.16346,0.0961538,1126,7898,45,2
15,8,2.47191,2.13483,6452,2386,44,38
15,9,2.82511,0,6330,2019,42,0
15,10,3.39779,2.56906,5303,3019,41,31
15,11,4.17857,3.64286,1645,3193,39,34
15,12,5.49505,4.45545,2386,3019,37,30
15,13,7.73438,7.73438,3193,3193,33,33
15,14,14.0323,0.483871,3019,3437,29,1
15,15,7.5,7.5,9730,1474,1,1
