problem,label,instance,n,seed,k,opt,best_found,greedy,rg_mean,monotone_flag,min_f_a_V_minus_a,m3lit_status,m3fav_status,m3lit_infeasible,m3fav_infeasible,ref_kind,m1_bound,m1_violated,m1_severity,m1_mislead_greedy,m1_mislead_rg_mean,m1_mislead_best_found,m2_bound,m2_violated,m2_severity,m2_mislead_greedy,m2_mislead_rg_mean,m2_mislead_best_found,m3lit_bound,m3lit_violated,m3lit_severity,m3lit_mislead_greedy,m3lit_mislead_rg_mean,m3lit_mislead_best_found,m3fav_bound,m3fav_violated,m3fav_severity,m3fav_mislead_greedy,m3fav_mislead_rg_mean,m3fav_mislead_best_found,a1_bound,a1_violated,a1_severity,a1_mislead_greedy,a1_mislead_rg_mean,a1_mislead_best_found,a2_bound,a2_violated,a2_severity,a2_mislead_greedy,a2_mislead_rg_mean,a2_mislead_best_found,topk_bound,topk_violated,topk_severity,topk_mislead_greedy,topk_mislead_rg_mean,topk_mislead_best_found,marginal_bound,marginal_violated,marginal_severity,marginal_mislead_greedy,marginal_mislead_rg_mean,marginal_mislead_best_found,nmdual_bound,nmdual_violated,nmdual_severity,nmdual_mislead_greedy,nmdual_mislead_rg_mean,nmdual_mislead_best_found,b2_bound,b2_violated,b2_severity,b2_mislead_greedy,b2_mislead_rg_mean,b2_mislead_best_found,hybrid_bound,hybrid_violated,hybrid_severity,hybrid_mislead_greedy,hybrid_mislead_rg_mean,hybrid_mislead_best_found
revenue_max,synthetic_n20,synthetic_n20_p0.3,20,0,1,5.752918537,5.752922646,5.752922646,5.752922646,0,-2.050707942,solved (0.0 s),solved (0.0 s),1,0,opt,5.752922646,0.0,0.0,0.0,0.0,0.0,5.752922646,0.0,0.0,0.0,0.0,0.0,,,,,,,-0.0,1.0,1.0,1.0,1.0,1.0,5.752922646,0.0,0.0,0.0,0.0,0.0,5.752922646,0.0,0.0,0.0,0.0,0.0,5.752922646,0.0,0.0,0.0,0.0,0.0,5.752922646,0.0,0.0,0.0,0.0,0.0,5.752922646,0.0,0.0,0.0,0.0,0.0,5.752922646,0.0,0.0,0.0,0.0,0.0,5.752922646,0.0,0.0,0.0,0.0,0.0
revenue_max,synthetic_n20,synthetic_n20_p0.3,20,0,2,8.399826641,8.399831181,8.399831181,8.373239608,0,-2.050707942,solved (0.0 s),solved (0.0 s),1,0,opt,10.19354863,0.0,0.0,0.0,0.0,0.0,10.47493046,0.0,0.0,0.0,0.0,0.0,,,,,,,-0.0,1.0,1.0,1.0,1.0,1.0,10.19354863,0.0,0.0,0.0,0.0,0.0,10.19354863,0.0,0.0,0.0,0.0,0.0,10.47493046,0.0,0.0,0.0,0.0,0.0,10.47493046,0.0,0.0,0.0,0.0,0.0,10.19354863,0.0,0.0,0.0,0.0,0.0,10.00404686,0.0,0.0,0.0,0.0,0.0,10.00010375,0.0,0.0,0.0,0.0,0.0
revenue_max,synthetic_n20,synthetic_n20_p0.3,20,0,3,10.79849812,10.79850167,10.69310848,10.37491553,0,-2.050707942,solved (0.0 s),solved (0.0 s),1,0,opt,12.27271588,0.0,0.0,0.0,0.0,0.0,13.59566525,0.0,0.0,0.0,0.0,0.0,,,,,,,-0.0,1.0,1.0,1.0,1.0,1.0,13.267894229,0.0,0.0,0.0,0.0,0.0,12.27271588,0.0,0.0,0.0,0.0,0.0,14.91555644,0.0,0.0,0.0,0.0,0.0,14.91555644,0.0,0.0,0.0,0.0,0.0,14.28781649,0.0,0.0,0.0,0.0,0.0,13.89894346,0.0,0.0,0.0,0.0,0.0,13.82556688,0.0,0.0,0.0,0.0,0.0
revenue_max,synthetic_n20,synthetic_n20_p0.3,20,0,4,12.64107988,12.64108458,12.29708595,11.74846415,0,-2.050707942,solved (0.0 s),solved (0.0 s),1,0,opt,12.27271588,1.0,0.029140231965688657,1.0,0.0,1.0,15.30941068,0.0,0.0,0.0,0.0,0.0,,,,,,,-0.0,1.0,1.0,1.0,1.0,1.0,14.83418314,0.0,0.0,0.0,0.0,0.0,12.27271588,1.0,0.029140231965688657,1.0,0.0,1.0,19.20939305,0.0,0.0,0.0,0.0,0.0,18.17266164,0.0,0.0,0.0,0.0,0.0,17.56428699,0.0,0.0,0.0,0.0,0.0,17.54506877,0.0,0.0,0.0,0.0,0.0,17.18770629,0.0,0.0,0.0,0.0,0.0
revenue_max,synthetic_n20,synthetic_n20_p0.3,20,0,5,13.8624992,13.86250277,13.19134264,12.58165217,0,-2.050707942,solved (0.0 s),solved (0.0 s),1,0,opt,12.27271588,1.0,0.11468230201953775,1.0,1.0,1.0,14.59594669,0.0,0.0,0.0,0.0,0.0,,,,,,,-0.0,1.0,1.0,1.0,1.0,1.0,14.594527878000001,0.0,0.0,0.0,0.0,0.0,12.27271588,1.0,0.11468230201953775,1.0,1.0,1.0,23.35876391,0.0,0.0,0.0,0.0,0.0,20.60988464,0.0,0.0,0.0,0.0,0.0,19.47532177,0.0,0.0,0.0,0.0,0.0,19.85509109,0.0,0.0,0.0,0.0,0.0,19.51777211,0.0,0.0,0.0,0.0,0.0
revenue_max,synthetic_n20,synthetic_n20_p0.3,20,0,6,14.70347967,14.70348324,13.78636082,12.94615835,0,-2.050707942,solved (0.0 s),solved (0.0 s),1,0,opt,12.27271588,1.0,0.16531894793309157,1.0,1.0,1.0,14.54806371,1.0,0.010570012234389746,0.0,0.0,1.0,,,,,,,-0.0,1.0,1.0,1.0,1.0,1.0,14.548063713000001,1.0,0.010570012030356273,0.0,0.0,1.0,12.27271588,1.0,0.16531894793309157,1.0,1.0,1.0,27.49749167,0.0,0.0,0.0,0.0,0.0,22.479771,0.0,0.0,0.0,0.0,0.0,20.83660871,0.0,0.0,0.0,0.0,0.0,20.58395687,0.0,0.0,0.0,0.0,0.0,20.45742487,0.0,0.0,0.0,0.0,0.0
revenue_max,synthetic_n20,synthetic_n20_p0.3,20,0,7,14.79283642,14.79284111,14.25543093,12.97730341,0,-2.050707942,solved (0.0 s),solved (0.0 s),1,0,opt,12.27271588,1.0,0.170360873901964,1.0,1.0,1.0,14.25543093,1.0,0.036328765812175534,0.0,0.0,1.0,,,,,,,-0.0,1.0,1.0,1.0,1.0,1.0,14.25543093,1.0,0.036328765812175534,0.0,0.0,1.0,12.27271588,1.0,0.170360873901964,1.0,1.0,1.0,31.63294674,0.0,0.0,0.0,0.0,0.0,23.29597319,0.0,0.0,0.0,0.0,0.0,21.82291289,0.0,0.0,0.0,0.0,0.0,20.61514452,0.0,0.0,0.0,0.0,0.0,20.61514452,0.0,0.0,0.0,0.0,0.0
revenue_max,synthetic_n20,synthetic_n20_p0.3,20,0,8,14.79283642,14.79283642,14.25543093,12.96178536,0,-2.050707942,solved (0.0 s),solved (0.0 s),1,0,opt,12.27271588,1.0,0.170360873901964,1.0,1.0,1.0,14.25543093,1.0,0.036328765812175534,0.0,0.0,1.0,,,,,,,-0.0,1.0,1.0,1.0,1.0,1.0,14.25543093,1.0,0.036328765812175534,0.0,0.0,1.0,12.27271588,1.0,0.170360873901964,1.0,1.0,1.0,35.7272146,0.0,0.0,0.0,0.0,0.0,23.49653121,0.0,0.0,0.0,0.0,0.0,22.67994941,0.0,0.0,0.0,0.0,0.0,20.67629358,0.0,0.0,0.0,0.0,0.0,20.67629358,0.0,0.0,0.0,0.0,0.0
revenue_max,synthetic_n20,synthetic_n20_p0.3,20,0,9,14.79283642,14.79283642,14.25543093,12.90167961,0,-2.050707942,solved (0.0 s),solved (0.0 s),1,0,opt,12.27271588,1.0,0.170360873901964,1.0,1.0,1.0,14.25543093,1.0,0.036328765812175534,0.0,0.0,1.0,,,,,,,-0.0,1.0,1.0,1.0,1.0,1.0,14.25543093,1.0,0.036328765812175534,0.0,0.0,1.0,12.27271588,1.0,0.170360873901964,1.0,1.0,1.0,39.54746558,0.0,0.0,0.0,0.0,0.0,23.49653121,0.0,0.0,0.0,0.0,0.0,22.67994941,0.0,0.0,0.0,0.0,0.0,20.67629358,0.0,0.0,0.0,0.0,0.0,20.67629358,0.0,0.0,0.0,0.0,0.0
revenue_max,synthetic_n20,synthetic_n20_p0.3,20,0,10,14.79283642,14.79284111,14.25543093,12.81983998,0,-2.050707942,solved (0.0 s),solved (0.0 s),1,0,opt,12.27271588,1.0,0.170360873901964,1.0,1.0,1.0,14.25543093,1.0,0.036328765812175534,0.0,0.0,1.0,,,,,,,-0.0,1.0,1.0,1.0,1.0,1.0,14.25543093,1.0,0.036328765812175534,0.0,0.0,1.0,12.27271588,1.0,0.170360873901964,1.0,1.0,1.0,42.98089892,0.0,0.0,0.0,0.0,0.0,23.49653121,0.0,0.0,0.0,0.0,0.0,22.67994941,0.0,0.0,0.0,0.0,0.0,20.67629358,0.0,0.0,0.0,0.0,0.0,20.67629358,0.0,0.0,0.0,0.0,0.0
revenue_max,synthetic_n20,synthetic_n20_p0.3,20,0,11,14.79283642,14.79283642,14.25543093,12.8145966,0,-2.050707942,solved (0.0 s),solved (0.0 s),1,0,opt,12.27271588,1.0,0.170360873901964,1.0,1.0,1.0,14.25543093,1.0,0.036328765812175534,0.0,0.0,1.0,,,,,,,-0.0,1.0,1.0,1.0,1.0,1.0,14.25543093,1.0,0.036328765812175534,0.0,0.0,1.0,12.27271588,1.0,0.170360873901964,1.0,1.0,1.0,46.15536913,0.0,0.0,0.0,0.0,0.0,23.49653121,0.0,0.0,0.0,0.0,0.0,22.67994941,0.0,0.0,0.0,0.0,0.0,20.67629358,0.0,0.0,0.0,0.0,0.0,20.67629358,0.0,0.0,0.0,0.0,0.0
revenue_max,synthetic_n20,synthetic_n20_p0.3,20,0,12,14.79283642,14.79284111,14.25543093,12.7437275,0,-2.050707942,solved (0.0 s),solved (0.0 s),1,0,opt,12.27271588,1.0,0.170360873901964,1.0,1.0,1.0,14.25543093,1.0,0.036328765812175534,0.0,0.0,1.0,,,,,,,-0.0,1.0,1.0,1.0,1.0,1.0,14.25543093,1.0,0.036328765812175534,0.0,0.0,1.0,12.27271588,1.0,0.170360873901964,1.0,1.0,1.0,48.83578962,0.0,0.0,0.0,0.0,0.0,23.49653121,0.0,0.0,0.0,0.0,0.0,22.67994941,0.0,0.0,0.0,0.0,0.0,20.67629358,0.0,0.0,0.0,0.0,0.0,20.67629358,0.0,0.0,0.0,0.0,0.0
revenue_max,synthetic_n20,synthetic_n20_p0.3,20,0,13,14.79283642,14.79284111,14.25543093,12.70044789,0,-2.050707942,solved (0.0 s),solved (0.0 s),1,0,opt,12.27271588,1.0,0.170360873901964,1.0,1.0,1.0,14.25543093,1.0,0.036328765812175534,0.0,0.0,1.0,,,,,,,-0.0,1.0,1.0,1.0,1.0,1.0,14.25543093,1.0,0.036328765812175534,0.0,0.0,1.0,12.27271588,1.0,0.170360873901964,1.0,1.0,1.0,51.23853548,0.0,0.0,0.0,0.0,0.0,23.49653121,0.0,0.0,0.0,0.0,0.0,22.67994941,0.0,0.0,0.0,0.0,0.0,20.67629358,0.0,0.0,0.0,0.0,0.0,20.67629358,0.0,0.0,0.0,0.0,0.0
revenue_max,synthetic_n20,synthetic_n20_p0.3,20,0,14,14.79283642,14.79284111,14.25543093,12.61203532,0,-2.050707942,solved (0.0 s),solved (0.0 s),1,0,opt,12.27271588,1.0,0.170360873901964,1.0,1.0,1.0,14.25543093,1.0,0.036328765812175534,0.0,0.0,1.0,,,,,,,-0.0,1.0,1.0,1.0,1.0,1.0,14.25543093,1.0,0.036328765812175534,0.0,0.0,1.0,12.27271588,1.0,0.170360873901964,1.0,1.0,1.0,53.56152809,0.0,0.0,0.0,0.0,0.0,23.49653121,0.0,0.0,0.0,0.0,0.0,22.67994941,0.0,0.0,0.0,0.0,0.0,20.67629358,0.0,0.0,0.0,0.0,0.0,20.67629358,0.0,0.0,0.0,0.0,0.0
revenue_max,synthetic_n20,synthetic_n20_p0.3,20,0,15,14.79283642,14.79283642,14.25543093,12.56071575,0,-2.050707942,solved (0.0 s),solved (0.0 s),1,0,opt,12.27271588,1.0,0.170360873901964,1.0,1.0,1.0,14.25543093,1.0,0.036328765812175534,0.0,0.0,1.0,,,,,,,-0.0,1.0,1.0,1.0,1.0,1.0,14.25543093,1.0,0.036328765812175534,0.0,0.0,1.0,12.27271588,1.0,0.170360873901964,1.0,1.0,1.0,55.87927142,0.0,0.0,0.0,0.0,0.0,23.49653121,0.0,0.0,0.0,0.0,0.0,22.67994941,0.0,0.0,0.0,0.0,0.0,20.67629358,0.0,0.0,0.0,0.0,0.0,20.67629358,0.0,0.0,0.0,0.0,0.0
revenue_max,synthetic_n20,synthetic_n20_p0.3,20,0,16,14.79283642,14.79283642,14.25543093,12.4931362,0,-2.050707942,solved (0.0 s),solved (0.0 s),1,0,opt,12.27271588,1.0,0.170360873901964,1.0,1.0,1.0,14.25543093,1.0,0.036328765812175534,0.0,0.0,1.0,,,,,,,-0.0,1.0,1.0,1.0,1.0,1.0,14.25543093,1.0,0.036328765812175534,0.0,0.0,1.0,12.27271588,1.0,0.170360873901964,1.0,1.0,1.0,58.18839134,0.0,0.0,0.0,0.0,0.0,23.49653121,0.0,0.0,0.0,0.0,0.0,22.67994941,0.0,0.0,0.0,0.0,0.0,20.67629358,0.0,0.0,0.0,0.0,0.0,20.67629358,0.0,0.0,0.0,0.0,0.0
revenue_max,synthetic_n20,synthetic_n20_p0.3,20,0,17,14.79283642,14.79284111,14.25543093,12.46063584,0,-2.050707942,solved (0.0 s),solved (0.0 s),1,0,opt,12.27271588,1.0,0.170360873901964,1.0,1.0,1.0,14.25543093,1.0,0.036328765812175534,0.0,0.0,1.0,,,,,,,-0.0,1.0,1.0,1.0,1.0,1.0,14.25543093,1.0,0.036328765812175534,0.0,0.0,1.0,12.27271588,1.0,0.170360873901964,1.0,1.0,1.0,60.24225639,0.0,0.0,0.0,0.0,0.0,23.49653121,0.0,0.0,0.0,0.0,0.0,22.67994941,0.0,0.0,0.0,0.0,0.0,20.67629358,0.0,0.0,0.0,0.0,0.0,20.67629358,0.0,0.0,0.0,0.0,0.0
revenue_max,synthetic_n20,synthetic_n20_p0.3,20,0,18,14.79283642,14.79284111,14.25543093,12.455328,0,-2.050707942,solved (0.0 s),solved (0.0 s),1,0,opt,12.27271588,1.0,0.170360873901964,1.0,1.0,1.0,14.25543093,1.0,0.036328765812175534,0.0,0.0,1.0,,,,,,,-0.0,1.0,1.0,1.0,1.0,1.0,14.25543093,1.0,0.036328765812175534,0.0,0.0,1.0,12.27271588,1.0,0.170360873901964,1.0,1.0,1.0,62.12907725,0.0,0.0,0.0,0.0,0.0,23.49653121,0.0,0.0,0.0,0.0,0.0,22.67994941,0.0,0.0,0.0,0.0,0.0,20.67629358,0.0,0.0,0.0,0.0,0.0,20.67629358,0.0,0.0,0.0,0.0,0.0
revenue_max,synthetic_n20,synthetic_n20_p0.3,20,0,19,14.79283642,14.79283642,14.25543093,12.39223922,0,-2.050707942,solved (0.0 s),solved (0.0 s),1,0,opt,12.27271588,1.0,0.170360873901964,1.0,1.0,1.0,14.25543093,1.0,0.036328765812175534,0.0,0.0,1.0,,,,,,,-0.0,1.0,1.0,1.0,1.0,1.0,14.25543093,1.0,0.036328765812175534,0.0,0.0,1.0,12.27271588,1.0,0.170360873901964,1.0,1.0,1.0,63.80753594,0.0,0.0,0.0,0.0,0.0,23.49653121,0.0,0.0,0.0,0.0,0.0,22.67994941,0.0,0.0,0.0,0.0,0.0,20.67629358,0.0,0.0,0.0,0.0,0.0,20.67629358,0.0,0.0,0.0,0.0,0.0
revenue_max,synthetic_n20,synthetic_n20_p0.3,20,0,20,14.79283642,14.79283642,14.25543093,12.39923705,0,-2.050707942,solved (0.0 s),solved (0.0 s),1,0,opt,12.27271588,1.0,0.170360873901964,1.0,1.0,1.0,14.25543093,1.0,0.036328765812175534,0.0,0.0,1.0,,,,,,,-0.0,1.0,1.0,1.0,1.0,1.0,14.25543093,1.0,0.036328765812175534,0.0,0.0,1.0,12.27271588,1.0,0.170360873901964,1.0,1.0,1.0,64.64935927,0.0,0.0,0.0,0.0,0.0,23.49653121,0.0,0.0,0.0,0.0,0.0,22.67994941,0.0,0.0,0.0,0.0,0.0,20.67629358,0.0,0.0,0.0,0.0,0.0,20.67629358,0.0,0.0,0.0,0.0,0.0
revenue_max,synthetic_n20,synthetic_n20_p0.3,20,1,1,5.667777756,5.667780113,5.667780113,5.667780113,0,-2.034429768,solved (0.0 s),solved (0.0 s),1,0,opt,5.667780113,0.0,0.0,0.0,0.0,0.0,5.667780113,0.0,0.0,0.0,0.0,0.0,,,,,,,-0.0,1.0,1.0,1.0,1.0,1.0,5.667780113,0.0,0.0,0.0,0.0,0.0,5.667780113,0.0,0.0,0.0,0.0,0.0,5.667780113,0.0,0.0,0.0,0.0,0.0,5.667780113,0.0,0.0,0.0,0.0,0.0,5.667780113,0.0,0.0,0.0,0.0,0.0,5.667780113,0.0,0.0,0.0,0.0,0.0,5.667780113,0.0,0.0,0.0,0.0,0.0
revenue_max,synthetic_n20,synthetic_n20_p0.3,20,1,2,9.768064721,9.768067205,9.768067205,9.336852554,0,-2.034429768,solved (0.0 s),solved (0.0 s),1,0,opt,10.56141744,0.0,0.0,0.0,0.0,0.0,10.90820916,0.0,0.0,0.0,0.0,0.0,,,,,,,-0.0,1.0,1.0,1.0,1.0,1.0,10.56141744,0.0,0.0,0.0,0.0,0.0,10.56141744,0.0,0.0,0.0,0.0,0.0,10.90820916,0.0,0.0,0.0,0.0,0.0,10.90820916,0.0,0.0,0.0,0.0,0.0,10.56141744,0.0,0.0,0.0,0.0,0.0,10.63290046,0.0,0.0,0.0,0.0,0.0,10.58186612,0.0,0.0,0.0,0.0,0.0
revenue_max,synthetic_n20,synthetic_n20_p0.3,20,1,3,12.71846123,12.71846371,12.71846371,11.64275917,0,-2.034429768,solved (0.0 s),solved (0.0 s),1,0,opt,13.43807774,0.0,0.0,0.0,0.0,0.0,16.11671443,0.0,0.0,0.0,0.0,0.0,,,,,,,-0.0,1.0,1.0,1.0,1.0,1.0,15.16217746,0.0,0.0,0.0,0.0,0.0,13.43807774,0.0,0.0,0.0,0.0,0.0,16.11671443,0.0,0.0,0.0,0.0,0.0,16.11671443,0.0,0.0,0.0,0.0,0.0,15.16217746,0.0,0.0,0.0,0.0,0.0,15.33186621,0.0,0.0,0.0,0.0,0.0,15.18902389,0.0,0.0,0.0,0.0,0.0
revenue_max,synthetic_n20,synthetic_n20_p0.3,20,1,4,14.68620815,14.68621064,14.68621064,13.19981868,0,-2.034429768,solved (0.0 s),solved (0.0 s),1,0,opt,13.43807774,1.0,0.08498656680145174,1.0,0.0,1.0,15.88152937,0.0,0.0,0.0,0.0,0.0,,,,,,,-0.0,1.0,1.0,1.0,1.0,1.0,15.6412578305,0.0,0.0,0.0,0.0,0.0,13.43807774,1.0,0.08498656680145174,1.0,0.0,1.0,21.0416196,0.0,0.0,0.0,0.0,0.0,21.0416196,0.0,0.0,0.0,0.0,0.0,19.38164374,0.0,0.0,0.0,0.0,0.0,19.62493923,0.0,0.0,0.0,0.0,0.0,19.38622651,0.0,0.0,0.0,0.0,0.0
revenue_max,synthetic_n20,synthetic_n20_p0.3,20,1,5,15.30862419,15.30862668,15.30862668,13.9839609,0,-2.034429768,solved (0.0 s),solved (0.0 s),1,0,opt,13.43807774,1.0,0.12218906328773096,1.0,1.0,1.0,15.31377524,0.0,0.0,0.0,0.0,0.0,,,,,,,-0.0,1.0,1.0,1.0,1.0,1.0,15.313775244177,0.0,0.0,0.0,0.0,0.0,13.43807774,1.0,0.12218906328773096,1.0,1.0,1.0,25.79477879,0.0,0.0,0.0,0.0,0.0,23.75459551,0.0,0.0,0.0,0.0,0.0,21.90161109,0.0,0.0,0.0,0.0,0.0,21.63341771,0.0,0.0,0.0,0.0,0.0,21.51981583,0.0,0.0,0.0,0.0,0.0
revenue_max,synthetic_n20,synthetic_n20_p0.3,20,1,6,15.44858599,15.44858848,15.31377524,14.05679349,0,-2.034429768,solved (0.0 s),solved (0.0 s),1,0,opt,13.43807774,1.0,0.13014189462397516,1.0,1.0,1.0,15.31377524,1.0,0.008726413542784039,0.0,0.0,1.0,,,,,,,-0.0,1.0,1.0,1.0,1.0,1.0,15.31377524,1.0,0.008726413542784039,0.0,0.0,1.0,13.43807774,1.0,0.13014189462397516,1.0,1.0,1.0,30.42086767,0.0,0.0,0.0,0.0,0.0,23.75459551,0.0,0.0,0.0,0.0,0.0,23.46908399,0.0,0.0,0.0,0.0,0.0,22.10829829,0.0,0.0,0.0,0.0,0.0,22.0419259,0.0,0.0,0.0,0.0,0.0
revenue_max,synthetic_n20,synthetic_n20_p0.3,20,1,7,15.44858599,15.44858848,15.31377524,14.11887021,0,-2.034429768,solved (0.0 s),solved (0.0 s),1,0,opt,13.43807774,1.0,0.13014189462397516,1.0,1.0,1.0,15.31377524,1.0,0.008726413542784039,0.0,0.0,1.0,,,,,,,-0.0,1.0,1.0,1.0,1.0,1.0,15.31377524,1.0,0.008726413542784039,0.0,0.0,1.0,13.43807774,1.0,0.13014189462397516,1.0,1.0,1.0,35.02162769,0.0,0.0,0.0,0.0,0.0,23.75459551,0.0,0.0,0.0,0.0,0.0,23.51432397,0.0,0.0,0.0,0.0,0.0,22.20074432,0.0,0.0,0.0,0.0,0.0,22.17050634,0.0,0.0,0.0,0.0,0.0
revenue_max,synthetic_n20,synthetic_n20_p0.3,20,1,8,15.44858599,15.44858848,15.31377524,14.02418914,0,-2.034429768,solved (0.0 s),solved (0.0 s),1,0,opt,13.43807774,1.0,0.13014189462397516,1.0,1.0,1.0,15.31377524,1.0,0.008726413542784039,0.0,0.0,1.0,,,,,,,-0.0,1.0,1.0,1.0,1.0,1.0,15.31377524,1.0,0.008726413542784039,0.0,0.0,1.0,13.43807774,1.0,0.13014189462397516,1.0,1.0,1.0,39.51443152,0.0,0.0,0.0,0.0,0.0,23.75459551,0.0,0.0,0.0,0.0,0.0,23.51432397,0.0,0.0,0.0,0.0,0.0,22.20074432,0.0,0.0,0.0,0.0,0.0,22.17050634,0.0,0.0,0.0,0.0,0.0
revenue_max,synthetic_n20,synthetic_n20_p0.3,20,1,9,15.44858599,15.44858848,15.31377524,13.94747551,0,-2.034429768,solved (0.0 s),solved (0.0 s),1,0,opt,13.43807774,1.0,0.13014189462397516,1.0,1.0,1.0,15.31377524,1.0,0.008726413542784039,0.0,0.0,1.0,,,,,,,-0.0,1.0,1.0,1.0,1.0,1.0,15.31377524,1.0,0.008726413542784039,0.0,0.0,1.0,13.43807774,1.0,0.13014189462397516,1.0,1.0,1.0,43.9574098,0.0,0.0,0.0,0.0,0.0,23.75459551,0.0,0.0,0.0,0.0,0.0,23.51432397,0.0,0.0,0.0,0.0,0.0,22.20074432,0.0,0.0,0.0,0.0,0.0,22.17050634,0.0,0.0,0.0,0.0,0.0
revenue_max,synthetic_n20,synthetic_n20_p0.3,20,1,10,15.44858599,15.44858848,15.31377524,13.86216451,0,-2.034429768,solved (0.0 s),solved (0.0 s),1,0,opt,13.43807774,1.0,0.13014189462397516,1.0,1.0,1.0,15.31377524,1.0,0.008726413542784039,0.0,0.0,1.0,,,,,,,-0.0,1.0,1.0,1.0,1.0,1.0,15.31377524,1.0,0.008726413542784039,0.0,0.0,1.0,13.43807774,1.0,0.13014189462397516,1.0,1.0,1.0,48.17687608,0.0,0.0,0.0,0.0,0.0,23.75459551,0.0,0.0,0.0,0.0,0.0,23.51432397,0.0,0.0,0.0,0.0,0.0,22.20074432,0.0,0.0,0.0,0.0,0.0,22.17050634,0.0,0.0,0.0,0.0,0.0
revenue_max,synthetic_n20,synthetic_n20_p0.3,20,1,11,15.44858599,15.44858599,15.31377524,13.83083325,0,-2.034429768,solved (0.0 s),solved (0.0 s),1,0,opt,13.43807774,1.0,0.13014189462397516,1.0,1.0,1.0,15.31377524,1.0,0.008726413542784039,0.0,0.0,1.0,,,,,,,-0.0,1.0,1.0,1.0,1.0,1.0,15.31377524,1.0,0.008726413542784039,0.0,0.0,1.0,13.43807774,1.0,0.13014189462397516,1.0,1.0,1.0,52.36102783,0.0,0.0,0.0,0.0,0.0,23.75459551,0.0,0.0,0.0,0.0,0.0,23.51432397,0.0,0.0,0.0,0.0,0.0,22.20074432,0.0,0.0,0.0,0.0,0.0,22.17050634,0.0,0.0,0.0,0.0,0.0
revenue_max,synthetic_n20,synthetic_n20_p0.3,20,1,12,15.44858599,15.44858848,15.31377524,13.71924977,0,-2.034429768,solved (0.0 s),solved (0.0 s),1,0,opt,13.43807774,1.0,0.13014189462397516,1.0,1.0,1.0,15.31377524,1.0,0.008726413542784039,0.0,0.0,1.0,,,,,,,-0.0,1.0,1.0,1.0,1.0,1.0,15.31377524,1.0,0.008726413542784039,0.0,0.0,1.0,13.43807774,1.0,0.13014189462397516,1.0,1.0,1.0,55.94426691,0.0,0.0,0.0,0.0,0.0,23.75459551,0.0,0.0,0.0,0.0,0.0,23.51432397,0.0,0.0,0.0,0.0,0.0,22.20074432,0.0,0.0,0.0,0.0,0.0,22.17050634,0.0,0.0,0.0,0.0,0.0
revenue_max,synthetic_n20,synthetic_n20_p0.3,20,1,13,15.44858599,15.44858848,15.31377524,13.61568517,0,-2.034429768,solved (0.0 s),solved (0.0 s),1,0,opt,13.43807774,1.0,0.13014189462397516,1.0,1.0,1.0,15.31377524,1.0,0.008726413542784039,0.0,0.0,1.0,,,,,,,-0.0,1.0,1.0,1.0,1.0,1.0,15.31377524,1.0,0.008726413542784039,0.0,0.0,1.0,13.43807774,1.0,0.13014189462397516,1.0,1.0,1.0,58.99168392,0.0,0.0,0.0,0.0,0.0,23.75459551,0.0,0.0,0.0,0.0,0.0,23.51432397,0.0,0.0,0.0,0.0,0.0,22.20074432,0.0,0.0,0.0,0.0,0.0,22.17050634,0.0,0.0,0.0,0.0,0.0
revenue_max,synthetic_n20,synthetic_n20_p0.3,20,1,14,15.44858599,15.44858599,15.31377524,13.63727503,0,-2.034429768,solved (0.0 s),solved (0.0 s),1,0,opt,13.43807774,1.0,0.13014189462397516,1.0,1.0,1.0,15.31377524,1.0,0.008726413542784039,0.0,0.0,1.0,,,,,,,-0.0,1.0,1.0,1.0,1.0,1.0,15.31377524,1.0,0.008726413542784039,0.0,0.0,1.0,13.43807774,1.0,0.13014189462397516,1.0,1.0,1.0,61.87878456,0.0,0.0,0.0,0.0,0.0,23.75459551,0.0,0.0,0.0,0.0,0.0,23.51432397,0.0,0.0,0.0,0.0,0.0,22.20074432,0.0,0.0,0.0,0.0,0.0,22.17050634,0.0,0.0,0.0,0.0,0.0
revenue_max,synthetic_n20,synthetic_n20_p0.3,20,1,15,15.44858599,15.44858599,15.31377524,13.49309203,0,-2.034429768,solved (0.0 s),solved (0.0 s),1,0,opt,13.43807774,1.0,0.13014189462397516,1.0,1.0,1.0,15.31377524,1.0,0.008726413542784039,0.0,0.0,1.0,,,,,,,-0.0,1.0,1.0,1.0,1.0,1.0,15.31377524,1.0,0.008726413542784039,0.0,0.0,1.0,13.43807774,1.0,0.13014189462397516,1.0,1.0,1.0,64.72393888,0.0,0.0,0.0,0.0,0.0,23.75459551,0.0,0.0,0.0,0.0,0.0,23.51432397,0.0,0.0,0.0,0.0,0.0,22.20074432,0.0,0.0,0.0,0.0,0.0,22.17050634,0.0,0.0,0.0,0.0,0.0
revenue_max,synthetic_n20,synthetic_n20_p0.3,20,1,16,15.44858599,15.44858848,15.31377524,13.41391708,0,-2.034429768,solved (0.0 s),solved (0.0 s),1,0,opt,13.43807774,1.0,0.13014189462397516,1.0,0.0,1.0,15.31377524,1.0,0.008726413542784039,0.0,0.0,1.0,,,,,,,-0.0,1.0,1.0,1.0,1.0,1.0,15.31377524,1.0,0.008726413542784039,0.0,0.0,1.0,13.43807774,1.0,0.13014189462397516,1.0,0.0,1.0,67.42278078,0.0,0.0,0.0,0.0,0.0,23.75459551,0.0,0.0,0.0,0.0,0.0,23.51432397,0.0,0.0,0.0,0.0,0.0,22.20074432,0.0,0.0,0.0,0.0,0.0,22.17050634,0.0,0.0,0.0,0.0,0.0
revenue_max,synthetic_n20,synthetic_n20_p0.3,20,1,17,15.44858599,15.44858599,15.31377524,13.41949669,0,-2.034429768,solved (0.0 s),solved (0.0 s),1,0,opt,13.43807774,1.0,0.13014189462397516,1.0,0.0,1.0,15.31377524,1.0,0.008726413542784039,0.0,0.0,1.0,,,,,,,-0.0,1.0,1.0,1.0,1.0,1.0,15.31377524,1.0,0.008726413542784039,0.0,0.0,1.0,13.43807774,1.0,0.13014189462397516,1.0,0.0,1.0,69.75268191,0.0,0.0,0.0,0.0,0.0,23.75459551,0.0,0.0,0.0,0.0,0.0,23.51432397,0.0,0.0,0.0,0.0,0.0,22.20074432,0.0,0.0,0.0,0.0,0.0,22.17050634,0.0,0.0,0.0,0.0,0.0
revenue_max,synthetic_n20,synthetic_n20_p0.3,20,1,18,15.44858599,15.44858599,15.31377524,13.36265233,0,-2.034429768,solved (0.0 s),solved (0.0 s),1,0,opt,13.43807774,1.0,0.13014189462397516,1.0,0.0,1.0,15.31377524,1.0,0.008726413542784039,0.0,0.0,1.0,,,,,,,-0.0,1.0,1.0,1.0,1.0,1.0,15.31377524,1.0,0.008726413542784039,0.0,0.0,1.0,13.43807774,1.0,0.13014189462397516,1.0,0.0,1.0,71.60587074,0.0,0.0,0.0,0.0,0.0,23.75459551,0.0,0.0,0.0,0.0,0.0,23.51432397,0.0,0.0,0.0,0.0,0.0,22.20074432,0.0,0.0,0.0,0.0,0.0,22.17050634,0.0,0.0,0.0,0.0,0.0
revenue_max,synthetic_n20,synthetic_n20_p0.3,20,1,19,15.44858599,15.44858599,15.31377524,13.32738314,0,-2.034429768,solved (0.0 s),solved (0.0 s),1,0,opt,13.43807774,1.0,0.13014189462397516,1.0,0.0,1.0,15.31377524,1.0,0.008726413542784039,0.0,0.0,1.0,,,,,,,-0.0,1.0,1.0,1.0,1.0,1.0,15.31377524,1.0,0.008726413542784039,0.0,0.0,1.0,13.43807774,1.0,0.13014189462397516,1.0,0.0,1.0,73.40815219,0.0,0.0,0.0,0.0,0.0,23.75459551,0.0,0.0,0.0,0.0,0.0,23.51432397,0.0,0.0,0.0,0.0,0.0,22.20074432,0.0,0.0,0.0,0.0,0.0,22.17050634,0.0,0.0,0.0,0.0,0.0
revenue_max,synthetic_n20,synthetic_n20_p0.3,20,1,20,15.44858599,15.44858848,15.31377524,13.33750947,0,-2.034429768,solved (0.0 s),solved (0.0 s),1,0,opt,13.43807774,1.0,0.13014189462397516,1.0,0.0,1.0,15.31377524,1.0,0.008726413542784039,0.0,0.0,1.0,,,,,,,-0.0,1.0,1.0,1.0,1.0,1.0,15.31377524,1.0,0.008726413542784039,0.0,0.0,1.0,13.43807774,1.0,0.13014189462397516,1.0,0.0,1.0,73.40815219,0.0,0.0,0.0,0.0,0.0,23.75459551,0.0,0.0,0.0,0.0,0.0,23.51432397,0.0,0.0,0.0,0.0,0.0,22.20074432,0.0,0.0,0.0,0.0,0.0,22.17050634,0.0,0.0,0.0,0.0,0.0
revenue_max,synthetic_n20,synthetic_n20_p0.3,20,2,1,7.354364154,7.354366941,7.354366941,7.354366941,0,-2.500357089,solved (0.0 s),solved (0.0 s),1,0,opt,7.354366941,0.0,0.0,0.0,0.0,0.0,7.354366941,0.0,0.0,0.0,0.0,0.0,,,,,,,-0.0,1.0,1.0,1.0,1.0,1.0,7.354366941,0.0,0.0,0.0,0.0,0.0,7.354366941,0.0,0.0,0.0,0.0,0.0,7.354366941,0.0,0.0,0.0,0.0,0.0,7.354366941,0.0,0.0,0.0,0.0,0.0,7.354366941,0.0,0.0,0.0,0.0,0.0,7.354366941,0.0,0.0,0.0,0.0,0.0,7.354366941,0.0,0.0,0.0,0.0,0.0
revenue_max,synthetic_n20,synthetic_n20_p0.3,20,2,2,11.62426383,11.62426685,11.62426685,10.8564911,0,-2.500357089,solved (0.0 s),solved (0.0 s),1,0,opt,13.32585969,0.0,0.0,0.0,0.0,0.0,13.76649615,0.0,0.0,0.0,0.0,0.0,,,,,,,-0.0,1.0,1.0,1.0,1.0,1.0,13.32585969,0.0,0.0,0.0,0.0,0.0,13.32585969,0.0,0.0,0.0,0.0,0.0,13.76649615,0.0,0.0,0.0,0.0,0.0,13.76649615,0.0,0.0,0.0,0.0,0.0,13.32585969,0.0,0.0,0.0,0.0,0.0,13.28408555,0.0,0.0,0.0,0.0,0.0,13.27130461,0.0,0.0,0.0,0.0,0.0
revenue_max,synthetic_n20,synthetic_n20_p0.3,20,2,3,14.23561291,14.23561549,14.23561549,13.27717848,0,-2.500357089,solved (0.0 s),solved (0.0 s),1,0,opt,14.41128304,0.0,0.0,0.0,0.0,0.0,18.03298669,0.0,0.0,0.0,0.0,0.0,,,,,,,-0.0,1.0,1.0,1.0,1.0,1.0,17.03279379,0.0,0.0,0.0,0.0,0.0,14.41128304,0.0,0.0,0.0,0.0,0.0,19.7379889,0.0,0.0,0.0,0.0,0.0,19.7379889,0.0,0.0,0.0,0.0,0.0,17.03279379,0.0,0.0,0.0,0.0,0.0,17.93598526,0.0,0.0,0.0,0.0,0.0,17.27156484,0.0,0.0,0.0,0.0,0.0
revenue_max,synthetic_n20,synthetic_n20_p0.3,20,2,4,15.80123342,15.80123645,15.74502698,14.2876475,0,-2.500357089,solved (0.0 s),solved (0.0 s),1,0,opt,14.41128304,1.0,0.08796467611450551,1.0,0.0,1.0,18.27417643,0.0,0.0,0.0,0.0,0.0,,,,,,,-0.0,1.0,1.0,1.0,1.0,1.0,17.563453503,0.0,0.0,0.0,0.0,0.0,14.41128304,1.0,0.08796467611450551,1.0,0.0,1.0,25.03890255,0.0,0.0,0.0,0.0,0.0,23.7961845,0.0,0.0,0.0,0.0,0.0,20.62439686,0.0,0.0,0.0,0.0,0.0,21.40091093,0.0,0.0,0.0,0.0,0.0,20.55564188,0.0,0.0,0.0,0.0,0.0
revenue_max,synthetic_n20,synthetic_n20_p0.3,20,2,5,17.2633804,17.26338342,17.11692904,14.79265932,0,-2.500357089,solved (0.0 s),solved (0.0 s),1,0,opt,14.41128304,1.0,0.165210827422884,1.0,1.0,1.0,17.11692904,1.0,0.008483353584678026,0.0,0.0,1.0,,,,,,,-0.0,1.0,1.0,1.0,1.0,1.0,17.11692904,1.0,0.008483353584678026,0.0,0.0,1.0,14.41128304,1.0,0.165210827422884,1.0,1.0,1.0,30.27354156,0.0,0.0,0.0,0.0,0.0,25.44385779,0.0,0.0,0.0,0.0,0.0,23.57575646,0.0,0.0,0.0,0.0,0.0,23.33556696,0.0,0.0,0.0,0.0,0.0,23.09559173,0.0,0.0,0.0,0.0,0.0
revenue_max,synthetic_n20,synthetic_n20_p0.3,20,2,6,17.2633804,17.26338342,17.11692904,14.91059553,0,-2.500357089,solved (0.0 s),solved (0.0 s),1,0,opt,14.41128304,1.0,0.165210827422884,1.0,1.0,1.0,17.11692904,1.0,0.008483353584678026,0.0,0.0,1.0,,,,,,,-0.0,1.0,1.0,1.0,1.0,1.0,17.11692904,1.0,0.008483353584678026,0.0,0.0,1.0,14.41128304,1.0,0.165210827422884,1.0,1.0,1.0,34.53903577,0.0,0.0,0.0,0.0,0.0,25.94052517,0.0,0.0,0.0,0.0,0.0,24.81690906,0.0,0.0,0.0,0.0,0.0,23.95034966,0.0,0.0,0.0,0.0,0.0,23.90175523,0.0,0.0,0.0,0.0,0.0
revenue_max,synthetic_n20,synthetic_n20_p0.3,20,2,7,17.2633804,17.26338342,17.11692904,14.90461352,0,-2.500357089,solved (0.0 s),solved (0.0 s),1,0,opt,14.41128304,1.0,0.165210827422884,1.0,1.0,1.0,17.11692904,1.0,0.008483353584678026,0.0,0.0,1.0,,,,,,,-0.0,1.0,1.0,1.0,1.0,1.0,17.11692904,1.0,0.008483353584678026,0.0,0.0,1.0,14.41128304,1.0,0.165210827422884,1.0,1.0,1.0,38.57347617,0.0,0.0,0.0,0.0,0.0,26.42006074,0.0,0.0,0.0,0.0,0.0,25.2719127,0.0,0.0,0.0,0.0,0.0,23.99274827,0.0,0.0,0.0,0.0,0.0,23.99274827,0.0,0.0,0.0,0.0,0.0
revenue_max,synthetic_n20,synthetic_n20_p0.3,20,2,8,17.2633804,17.26338342,17.11692904,14.78040151,0,-2.500357089,solved (0.0 s),solved (0.0 s),1,0,opt,14.41128304,1.0,0.165210827422884,1.0,1.0,1.0,17.11692904,1.0,0.008483353584678026,0.0,0.0,1.0,,,,,,,-0.0,1.0,1.0,1.0,1.0,1.0,17.11692904,1.0,0.008483353584678026,0.0,0.0,1.0,14.41128304,1.0,0.165210827422884,1.0,1.0,1.0,42.31658804,0.0,0.0,0.0,0.0,0.0,26.79853054,0.0,0.0,0.0,0.0,0.0,25.44586518,0.0,0.0,0.0,0.0,0.0,23.99274827,0.0,0.0,0.0,0.0,0.0,23.99274827,0.0,0.0,0.0,0.0,0.0
revenue_max,synthetic_n20,synthetic_n20_p0.3,20,2,9,17.2633804,17.2633804,17.11692904,14.58178962,0,-2.500357089,solved (0.0 s),solved (0.0 s),1,0,opt,14.41128304,1.0,0.165210827422884,1.0,1.0,1.0,17.11692904,1.0,0.008483353584678026,0.0,0.0,1.0,,,,,,,-0.0,1.0,1.0,1.0,1.0,1.0,17.11692904,1.0,0.008483353584678026,0.0,0.0,1.0,14.41128304,1.0,0.165210827422884,1.0,1.0,1.0,46.02352214,0.0,0.0,0.0,0.0,0.0,26.80984847,0.0,0.0,0.0,0.0,0.0,25.57641781,0.0,0.0,0.0,0.0,0.0,23.99274827,0.0,0.0,0.0,0.0,0.0,23.99274827,0.0,0.0,0.0,0.0,0.0
revenue_max,synthetic_n20,synthetic_n20_p0.3,20,2,10,17.2633804,17.26338342,17.11692904,14.47117826,0,-2.500357089,solved (0.0 s),solved (0.0 s),1,0,opt,14.41128304,1.0,0.165210827422884,1.0,1.0,1.0,17.11692904,1.0,0.008483353584678026,0.0,0.0,1.0,,,,,,,-0.0,1.0,1.0,1.0,1.0,1.0,17.11692904,1.0,0.008483353584678026,0.0,0.0,1.0,14.41128304,1.0,0.165210827422884,1.0,1.0,1.0,49.72202542,0.0,0.0,0.0,0.0,0.0,26.80984847,0.0,0.0,0.0,0.0,0.0,25.66945784,0.0,0.0,0.0,0.0,0.0,23.99274827,0.0,0.0,0.0,0.0,0.0,23.99274827,0.0,0.0,0.0,0.0,0.0
revenue_max,synthetic_n20,synthetic_n20_p0.3,20,2,11,17.2633804,17.26338342,17.11692904,14.40563318,0,-2.500357089,solved (0.0 s),solved (0.0 s),1,0,opt,14.41128304,1.0,0.165210827422884,1.0,0.0,1.0,17.11692904,1.0,0.008483353584678026,0.0,0.0,1.0,,,,,,,-0.0,1.0,1.0,1.0,1.0,1.0,17.11692904,1.0,0.008483353584678026,0.0,0.0,1.0,14.41128304,1.0,0.165210827422884,1.0,0.0,1.0,53.39504184,0.0,0.0,0.0,0.0,0.0,26.80984847,0.0,0.0,0.0,0.0,0.0,25.66945784,0.0,0.0,0.0,0.0,0.0,23.99274827,0.0,0.0,0.0,0.0,0.0,23.99274827,0.0,0.0,0.0,0.0,0.0
revenue_max,synthetic_n20,synthetic_n20_p0.3,20,2,12,17.2633804,17.26338342,17.11692904,14.30325314,0,-2.500357089,solved (0.0 s),solved (0.0 s),1,0,opt,14.41128304,1.0,0.165210827422884,1.0,0.0,1.0,17.11692904,1.0,0.008483353584678026,0.0,0.0,1.0,,,,,,,-0.0,1.0,1.0,1.0,1.0,1.0,17.11692904,1.0,0.008483353584678026,0.0,0.0,1.0,14.41128304,1.0,0.165210827422884,1.0,0.0,1.0,56.9866449,0.0,0.0,0.0,0.0,0.0,26.80984847,0.0,0.0,0.0,0.0,0.0,25.66945784,0.0,0.0,0.0,0.0,0.0,23.99274827,0.0,0.0,0.0,0.0,0.0,23.99274827,0.0,0.0,0.0,0.0,0.0
revenue_max,synthetic_n20,synthetic_n20_p0.3,20,2,13,17.2633804,17.26338342,17.11692904,14.20350027,0,-2.500357089,solved (0.0 s),solved (0.0 s),1,0,opt,14.41128304,1.0,0.165210827422884,1.0,0.0,1.0,17.11692904,1.0,0.008483353584678026,0.0,0.0,1.0,,,,,,,-0.0,1.0,1.0,1.0,1.0,1.0,17.11692904,1.0,0.008483353584678026,0.0,0.0,1.0,14.41128304,1.0,0.165210827422884,1.0,0.0,1.0,60.56246842,0.0,0.0,0.0,0.0,0.0,26.80984847,0.0,0.0,0.0,0.0,0.0,25.66945784,0.0,0.0,0.0,0.0,0.0,23.99274827,0.0,0.0,0.0,0.0,0.0,23.99274827,0.0,0.0,0.0,0.0,0.0
revenue_max,synthetic_n20,synthetic_n20_p0.3,20,2,14,17.2633804,17.26338342,17.11692904,14.05207217,0,-2.500357089,solved (0.0 s),solved (0.0 s),1,0,opt,14.41128304,1.0,0.165210827422884,1.0,0.0,1.0,17.11692904,1.0,0.008483353584678026,0.0,0.0,1.0,,,,,,,-0.0,1.0,1.0,1.0,1.0,1.0,17.11692904,1.0,0.008483353584678026,0.0,0.0,1.0,14.41128304,1.0,0.165210827422884,1.0,0.0,1.0,63.71621467,0.0,0.0,0.0,0.0,0.0,26.80984847,0.0,0.0,0.0,0.0,0.0,25.66945784,0.0,0.0,0.0,0.0,0.0,23.99274827,0.0,0.0,0.0,0.0,0.0,23.99274827,0.0,0.0,0.0,0.0,0.0
revenue_max,synthetic_n20,synthetic_n20_p0.3,20,2,15,17.2633804,17.26338342,17.11692904,13.96429241,0,-2.500357089,solved (0.0 s),solved (0.0 s),1,0,opt,14.41128304,1.0,0.165210827422884,1.0,0.0,1.0,17.11692904,1.0,0.008483353584678026,0.0,0.0,1.0,,,,,,,-0.0,1.0,1.0,1.0,1.0,1.0,17.11692904,1.0,0.008483353584678026,0.0,0.0,1.0,14.41128304,1.0,0.165210827422884,1.0,0.0,1.0,66.72927847,0.0,0.0,0.0,0.0,0.0,26.80984847,0.0,0.0,0.0,0.0,0.0,25.66945784,0.0,0.0,0.0,0.0,0.0,23.99274827,0.0,0.0,0.0,0.0,0.0,23.99274827,0.0,0.0,0.0,0.0,0.0
revenue_max,synthetic_n20,synthetic_n20_p0.3,20,2,16,17.2633804,17.2633804,17.11692904,13.91485921,0,-2.500357089,solved (0.0 s),solved (0.0 s),1,0,opt,14.41128304,1.0,0.165210827422884,1.0,0.0,1.0,17.11692904,1.0,0.008483353584678026,0.0,0.0,1.0,,,,,,,-0.0,1.0,1.0,1.0,1.0,1.0,17.11692904,1.0,0.008483353584678026,0.0,0.0,1.0,14.41128304,1.0,0.165210827422884,1.0,0.0,1.0,69.3873255,0.0,0.0,0.0,0.0,0.0,26.80984847,0.0,0.0,0.0,0.0,0.0,25.66945784,0.0,0.0,0.0,0.0,0.0,23.99274827,0.0,0.0,0.0,0.0,0.0,23.99274827,0.0,0.0,0.0,0.0,0.0
revenue_max,synthetic_n20,synthetic_n20_p0.3,20,2,17,17.2633804,17.2633804,17.11692904,13.88373564,0,-2.500357089,solved (0.0 s),solved (0.0 s),1,0,opt,14.41128304,1.0,0.165210827422884,1.0,0.0,1.0,17.11692904,1.0,0.008483353584678026,0.0,0.0,1.0,,,,,,,-0.0,1.0,1.0,1.0,1.0,1.0,17.11692904,1.0,0.008483353584678026,0.0,0.0,1.0,14.41128304,1.0,0.165210827422884,1.0,0.0,1.0,71.80808378,0.0,0.0,0.0,0.0,0.0,26.80984847,0.0,0.0,0.0,0.0,0.0,25.66945784,0.0,0.0,0.0,0.0,0.0,23.99274827,0.0,0.0,0.0,0.0,0.0,23.99274827,0.0,0.0,0.0,0.0,0.0
revenue_max,synthetic_n20,synthetic_n20_p0.3,20,2,18,17.2633804,17.26338342,17.11692904,13.81479273,0,-2.500357089,solved (0.0 s),solved (0.0 s),1,0,opt,14.41128304,1.0,0.165210827422884,1.0,0.0,1.0,17.11692904,1.0,0.008483353584678026,0.0,0.0,1.0,,,,,,,-0.0,1.0,1.0,1.0,1.0,1.0,17.11692904,1.0,0.008483353584678026,0.0,0.0,1.0,14.41128304,1.0,0.165210827422884,1.0,0.0,1.0,74.22420074,0.0,0.0,0.0,0.0,0.0,26.80984847,0.0,0.0,0.0,0.0,0.0,25.66945784,0.0,0.0,0.0,0.0,0.0,23.99274827,0.0,0.0,0.0,0.0,0.0,23.99274827,0.0,0.0,0.0,0.0,0.0
revenue_max,synthetic_n20,synthetic_n20_p0.3,20,2,19,17.2633804,17.2633804,17.11692904,13.75128324,0,-2.500357089,solved (0.0 s),solved (0.0 s),1,0,opt,14.41128304,1.0,0.165210827422884,1.0,0.0,1.0,17.11692904,1.0,0.008483353584678026,0.0,0.0,1.0,,,,,,,-0.0,1.0,1.0,1.0,1.0,1.0,17.11692904,1.0,0.008483353584678026,0.0,0.0,1.0,14.41128304,1.0,0.165210827422884,1.0,0.0,1.0,75.75917447,0.0,0.0,0.0,0.0,0.0,26.80984847,0.0,0.0,0.0,0.0,0.0,25.66945784,0.0,0.0,0.0,0.0,0.0,23.99274827,0.0,0.0,0.0,0.0,0.0,23.99274827,0.0,0.0,0.0,0.0,0.0
revenue_max,synthetic_n20,synthetic_n20_p0.3,20,2,20,17.2633804,17.26338342,17.11692904,13.7997368,0,-2.500357089,solved (0.0 s),solved (0.0 s),1,0,opt,14.41128304,1.0,0.165210827422884,1.0,0.0,1.0,17.11692904,1.0,0.008483353584678026,0.0,0.0,1.0,,,,,,,-0.0,1.0,1.0,1.0,1.0,1.0,17.11692904,1.0,0.008483353584678026,0.0,0.0,1.0,14.41128304,1.0,0.165210827422884,1.0,0.0,1.0,77.11106903,0.0,0.0,0.0,0.0,0.0,26.80984847,0.0,0.0,0.0,0.0,0.0,25.66945784,0.0,0.0,0.0,0.0,0.0,23.99274827,0.0,0.0,0.0,0.0,0.0,23.99274827,0.0,0.0,0.0,0.0,0.0
revenue_max,synthetic_n20,synthetic_n20_p0.3,20,3,1,6.630225796,6.630229198,6.630229198,6.630229198,0,-2.305269801,solved (0.0 s),solved (0.0 s),1,0,opt,6.630229198,0.0,0.0,0.0,0.0,0.0,6.630229198,0.0,0.0,0.0,0.0,0.0,,,,,,,-0.0,1.0,1.0,1.0,1.0,1.0,6.630229198,0.0,0.0,0.0,0.0,0.0,6.630229198,0.0,0.0,0.0,0.0,0.0,6.630229198,0.0,0.0,0.0,0.0,0.0,6.630229198,0.0,0.0,0.0,0.0,0.0,6.630229198,0.0,0.0,0.0,0.0,0.0,6.630229198,0.0,0.0,0.0,0.0,0.0,6.630229198,0.0,0.0,0.0,0.0,0.0
revenue_max,synthetic_n20,synthetic_n20_p0.3,20,3,2,10.65758913,10.65759515,10.65759515,10.15930786,0,-2.305269801,solved (0.0 s),solved (0.0 s),1,0,opt,12.59095916,0.0,0.0,0.0,0.0,0.0,13.00338898,0.0,0.0,0.0,0.0,0.0,,,,,,,-0.0,1.0,1.0,1.0,1.0,1.0,12.59095916,0.0,0.0,0.0,0.0,0.0,12.59095916,0.0,0.0,0.0,0.0,0.0,13.00338898,0.0,0.0,0.0,0.0,0.0,13.00338898,0.0,0.0,0.0,0.0,0.0,12.59095916,0.0,0.0,0.0,0.0,0.0,12.8134788,0.0,0.0,0.0,0.0,0.0,12.76136713,0.0,0.0,0.0,0.0,0.0
revenue_max,synthetic_n20,synthetic_n20_p0.3,20,3,3,13.42593684,13.42593876,13.42593876,12.36513101,0,-2.305269801,solved (0.0 s),solved (0.0 s),1,0,opt,12.88762607,1.0,0.0400948385513186,1.0,0.0,1.0,17.1498513,0.0,0.0,0.0,0.0,0.0,,,,,,,-0.0,1.0,1.0,1.0,1.0,1.0,16.409488093,0.0,0.0,0.0,0.0,0.0,12.88762607,1.0,0.0400948385513186,1.0,0.0,1.0,19.24076096,0.0,0.0,0.0,0.0,0.0,19.24076096,0.0,0.0,0.0,0.0,0.0,17.19218913,0.0,0.0,0.0,0.0,0.0,17.96648559,0.0,0.0,0.0,0.0,0.0,17.4176112,0.0,0.0,0.0,0.0,0.0
revenue_max,synthetic_n20,synthetic_n20_p0.3,20,3,4,14.89588422,14.89588614,14.89588614,13.74187943,0,-2.305269801,solved (0.0 s),solved (0.0 s),1,0,opt,12.88762607,1.0,0.13481966698583803,1.0,1.0,1.0,17.92350126,0.0,0.0,0.0,0.0,0.0,,,,,,,-0.0,1.0,1.0,1.0,1.0,1.0,17.417177445,0.0,0.0,0.0,0.0,0.0,12.88762607,1.0,0.13481966698583803,1.0,1.0,1.0,25.20149091,0.0,0.0,0.0,0.0,0.0,23.00856005,0.0,0.0,0.0,0.0,0.0,20.40509735,0.0,0.0,0.0,0.0,0.0,21.15620485,0.0,0.0,0.0,0.0,0.0,20.75503005,0.0,0.0,0.0,0.0,0.0
revenue_max,synthetic_n20,synthetic_n20_p0.3,20,3,5,16.166921,16.16692292,16.16692292,14.56566838,0,-2.305269801,solved (0.0 s),solved (0.0 s),1,0,opt,12.88762607,1.0,0.2028397942935454,1.0,1.0,1.0,16.24569425,0.0,0.0,0.0,0.0,0.0,,,,,,,-0.0,1.0,1.0,1.0,1.0,1.0,16.24569425165,0.0,0.0,0.0,0.0,0.0,12.88762607,1.0,0.2028397942935454,1.0,1.0,1.0,30.41728428,0.0,0.0,0.0,0.0,0.0,25.0261794,0.0,0.0,0.0,0.0,0.0,23.25479605,0.0,0.0,0.0,0.0,0.0,22.98522969,0.0,0.0,0.0,0.0,0.0,22.80540768,0.0,0.0,0.0,0.0,0.0
revenue_max,synthetic_n20,synthetic_n20_p0.3,20,3,6,16.45161518,16.45161693,16.24569425,14.73096639,0,-2.305269801,solved (0.0 s),solved (0.0 s),1,0,opt,12.88762607,1.0,0.2166346021959408,1.0,1.0,1.0,16.24569425,1.0,0.01251676067954328,0.0,0.0,1.0,,,,,,,-0.0,1.0,1.0,1.0,1.0,1.0,16.24569425,1.0,0.01251676067954328,0.0,0.0,1.0,12.88762607,1.0,0.2166346021959408,1.0,1.0,1.0,35.35943353,0.0,0.0,0.0,0.0,0.0,25.77544439,0.0,0.0,0.0,0.0,0.0,24.26458788,0.0,0.0,0.0,0.0,0.0,23.53911414,0.0,0.0,0.0,0.0,0.0,23.53911414,0.0,0.0,0.0,0.0,0.0
revenue_max,synthetic_n20,synthetic_n20_p0.3,20,3,7,16.45161518,16.45161693,16.24569425,14.68275958,0,-2.305269801,solved (0.0 s),solved (0.0 s),1,0,opt,12.88762607,1.0,0.2166346021959408,1.0,1.0,1.0,16.24569425,1.0,0.01251676067954328,0.0,0.0,1.0,,,,,,,-0.0,1.0,1.0,1.0,1.0,1.0,16.24569425,1.0,0.01251676067954328,0.0,0.0,1.0,12.88762607,1.0,0.2166346021959408,1.0,1.0,1.0,40.20615475,0.0,0.0,0.0,0.0,0.0,26.35975612,0.0,0.0,0.0,0.0,0.0,25.08695881,0.0,0.0,0.0,0.0,0.0,23.55354254,0.0,0.0,0.0,0.0,0.0,23.55354254,0.0,0.0,0.0,0.0,0.0
revenue_max,synthetic_n20,synthetic_n20_p0.3,20,3,8,16.45161518,16.45161693,16.24569425,14.64945285,0,-2.305269801,solved (0.0 s),solved (0.0 s),1,0,opt,12.88762607,1.0,0.2166346021959408,1.0,1.0,1.0,16.24569425,1.0,0.01251676067954328,0.0,0.0,1.0,,,,,,,-0.0,1.0,1.0,1.0,1.0,1.0,16.24569425,1.0,0.01251676067954328,0.0,0.0,1.0,12.88762607,1.0,0.2166346021959408,1.0,1.0,1.0,44.80738472,0.0,0.0,0.0,0.0,0.0,26.37960172,0.0,0.0,0.0,0.0,0.0,25.75970648,0.0,0.0,0.0,0.0,0.0,23.55354254,0.0,0.0,0.0,0.0,0.0,23.55354254,0.0,0.0,0.0,0.0,0.0
revenue_max,synthetic_n20,synthetic_n20_p0.3,20,3,9,16.45161518,16.45161693,16.24569425,14.56236821,0,-2.305269801,solved (0.0 s),solved (0.0 s),1,0,opt,12.88762607,1.0,0.2166346021959408,1.0,1.0,1.0,16.24569425,1.0,0.01251676067954328,0.0,0.0,1.0,,,,,,,-0.0,1.0,1.0,1.0,1.0,1.0,16.24569425,1.0,0.01251676067954328,0.0,0.0,1.0,12.88762607,1.0,0.2166346021959408,1.0,1.0,1.0,49.05666441,0.0,0.0,0.0,0.0,0.0,26.37960172,0.0,0.0,0.0,0.0,0.0,25.99078423,0.0,0.0,0.0,0.0,0.0,23.55354254,0.0,0.0,0.0,0.0,0.0,23.55354254,0.0,0.0,0.0,0.0,0.0
revenue_max,synthetic_n20,synthetic_n20_p0.3,20,3,10,16.45161518,16.45161693,16.24569425,14.46825601,0,-2.305269801,solved (0.0 s),solved (0.0 s),1,0,opt,12.88762607,1.0,0.2166346021959408,1.0,1.0,1.0,16.24569425,1.0,0.01251676067954328,0.0,0.0,1.0,,,,,,,-0.0,1.0,1.0,1.0,1.0,1.0,16.24569425,1.0,0.01251676067954328,0.0,0.0,1.0,12.88762607,1.0,0.2166346021959408,1.0,1.0,1.0,53.01390276,0.0,0.0,0.0,0.0,0.0,26.37960172,0.0,0.0,0.0,0.0,0.0,26.02840455,0.0,0.0,0.0,0.0,0.0,23.55354254,0.0,0.0,0.0,0.0,0.0,23.55354254,0.0,0.0,0.0,0.0,0.0
revenue_max,synthetic_n20,synthetic_n20_p0.3,20,3,11,16.45161518,16.45161693,16.24569425,14.46178804,0,-2.305269801,solved (0.0 s),solved (0.0 s),1,0,opt,12.88762607,1.0,0.2166346021959408,1.0,1.0,1.0,16.24569425,1.0,0.01251676067954328,0.0,0.0,1.0,,,,,,,-0.0,1.0,1.0,1.0,1.0,1.0,16.24569425,1.0,0.01251676067954328,0.0,0.0,1.0,12.88762607,1.0,0.2166346021959408,1.0,1.0,1.0,56.22681098,0.0,0.0,0.0,0.0,0.0,26.37960172,0.0,0.0,0.0,0.0,0.0,26.02840455,0.0,0.0,0.0,0.0,0.0,23.55354254,0.0,0.0,0.0,0.0,0.0,23.55354254,0.0,0.0,0.0,0.0,0.0
revenue_max,synthetic_n20,synthetic_n20_p0.3,20,3,12,16.45161518,16.45161518,16.24569425,14.33797688,0,-2.305269801,solved (0.0 s),solved (0.0 s),1,0,opt,12.88762607,1.0,0.2166346021959408,1.0,1.0,1.0,16.24569425,1.0,0.01251676067954328,0.0,0.0,1.0,,,,,,,-0.0,1.0,1.0,1.0,1.0,1.0,16.24569425,1.0,0.01251676067954328,0.0,0.0,1.0,12.88762607,1.0,0.2166346021959408,1.0,1.0,1.0,59.41692301,0.0,0.0,0.0,0.0,0.0,26.37960172,0.0,0.0,0.0,0.0,0.0,26.02840455,0.0,0.0,0.0,0.0,0.0,23.55354254,0.0,0.0,0.0,0.0,0.0,23.55354254,0.0,0.0,0.0,0.0,0.0
revenue_max,synthetic_n20,synthetic_n20_p0.3,20,3,13,16.45161518,16.45161518,16.24569425,14.19001949,0,-2.305269801,solved (0.0 s),solved (0.0 s),1,0,opt,12.88762607,1.0,0.2166346021959408,1.0,1.0,1.0,16.24569425,1.0,0.01251676067954328,0.0,0.0,1.0,,,,,,,-0.0,1.0,1.0,1.0,1.0,1.0,16.24569425,1.0,0.01251676067954328,0.0,0.0,1.0,12.88762607,1.0,0.2166346021959408,1.0,1.0,1.0,62.58367944,0.0,0.0,0.0,0.0,0.0,26.37960172,0.0,0.0,0.0,0.0,0.0,26.02840455,0.0,0.0,0.0,0.0,0.0,23.55354254,0.0,0.0,0.0,0.0,0.0,23.55354254,0.0,0.0,0.0,0.0,0.0
revenue_max,synthetic_n20,synthetic_n20_p0.3,20,3,14,16.45161518,16.45161693,16.24569425,14.1362306,0,-2.305269801,solved (0.0 s),solved (0.0 s),1,0,opt,12.88762607,1.0,0.2166346021959408,1.0,1.0,1.0,16.24569425,1.0,0.01251676067954328,0.0,0.0,1.0,,,,,,,-0.0,1.0,1.0,1.0,1.0,1.0,16.24569425,1.0,0.01251676067954328,0.0,0.0,1.0,12.88762607,1.0,0.2166346021959408,1.0,1.0,1.0,65.61809403,0.0,0.0,0.0,0.0,0.0,26.37960172,0.0,0.0,0.0,0.0,0.0,26.02840455,0.0,0.0,0.0,0.0,0.0,23.55354254,0.0,0.0,0.0,0.0,0.0,23.55354254,0.0,0.0,0.0,0.0,0.0
revenue_max,synthetic_n20,synthetic_n20_p0.3,20,3,15,16.45161518,16.45161518,16.24569425,14.11426035,0,-2.305269801,solved (0.0 s),solved (0.0 s),1,0,opt,12.88762607,1.0,0.2166346021959408,1.0,1.0,1.0,16.24569425,1.0,0.01251676067954328,0.0,0.0,1.0,,,,,,,-0.0,1.0,1.0,1.0,1.0,1.0,16.24569425,1.0,0.01251676067954328,0.0,0.0,1.0,12.88762607,1.0,0.2166346021959408,1.0,1.0,1.0,68.39397858,0.0,0.0,0.0,0.0,0.0,26.37960172,0.0,0.0,0.0,0.0,0.0,26.02840455,0.0,0.0,0.0,0.0,0.0,23.55354254,0.0,0.0,0.0,0.0,0.0,23.55354254,0.0,0.0,0.0,0.0,0.0
revenue_max,synthetic_n20,synthetic_n20_p0.3,20,3,16,16.45161518,16.45161518,16.24569425,14.05583916,0,-2.305269801,solved (0.0 s),solved (0.0 s),1,0,opt,12.88762607,1.0,0.2166346021959408,1.0,1.0,1.0,16.24569425,1.0,0.01251676067954328,0.0,0.0,1.0,,,,,,,-0.0,1.0,1.0,1.0,1.0,1.0,16.24569425,1.0,0.01251676067954328,0.0,0.0,1.0,12.88762607,1.0,0.2166346021959408,1.0,1.0,1.0,70.70744617,0.0,0.0,0.0,0.0,0.0,26.37960172,0.0,0.0,0.0,0.0,0.0,26.02840455,0.0,0.0,0.0,0.0,0.0,23.55354254,0.0,0.0,0.0,0.0,0.0,23.55354254,0.0,0.0,0.0,0.0,0.0
revenue_max,synthetic_n20,synthetic_n20_p0.3,20,3,17,16.45161518,16.45161693,16.24569425,13.96018718,0,-2.305269801,solved (0.0 s),solved (0.0 s),1,0,opt,12.88762607,1.0,0.2166346021959408,1.0,1.0,1.0,16.24569425,1.0,0.01251676067954328,0.0,0.0,1.0,,,,,,,-0.0,1.0,1.0,1.0,1.0,1.0,16.24569425,1.0,0.01251676067954328,0.0,0.0,1.0,12.88762607,1.0,0.2166346021959408,1.0,1.0,1.0,72.86383396,0.0,0.0,0.0,0.0,0.0,26.37960172,0.0,0.0,0.0,0.0,0.0,26.02840455,0.0,0.0,0.0,0.0,0.0,23.55354254,0.0,0.0,0.0,0.0,0.0,23.55354254,0.0,0.0,0.0,0.0,0.0
revenue_max,synthetic_n20,synthetic_n20_p0.3,20,3,18,16.45161518,16.45161518,16.24569425,14.0020517,0,-2.305269801,solved (0.0 s),solved (0.0 s),1,0,opt,12.88762607,1.0,0.2166346021959408,1.0,1.0,1.0,16.24569425,1.0,0.01251676067954328,0.0,0.0,1.0,,,,,,,-0.0,1.0,1.0,1.0,1.0,1.0,16.24569425,1.0,0.01251676067954328,0.0,0.0,1.0,12.88762607,1.0,0.2166346021959408,1.0,1.0,1.0,74.80638355,0.0,0.0,0.0,0.0,0.0,26.37960172,0.0,0.0,0.0,0.0,0.0,26.02840455,0.0,0.0,0.0,0.0,0.0,23.55354254,0.0,0.0,0.0,0.0,0.0,23.55354254,0.0,0.0,0.0,0.0,0.0
revenue_max,synthetic_n20,synthetic_n20_p0.3,20,3,19,16.45161518,16.45161518,16.24569425,13.97271329,0,-2.305269801,solved (0.0 s),solved (0.0 s),1,0,opt,12.88762607,1.0,0.2166346021959408,1.0,1.0,1.0,16.24569425,1.0,0.01251676067954328,0.0,0.0,1.0,,,,,,,-0.0,1.0,1.0,1.0,1.0,1.0,16.24569425,1.0,0.01251676067954328,0.0,0.0,1.0,12.88762607,1.0,0.2166346021959408,1.0,1.0,1.0,76.25506684,0.0,0.0,0.0,0.0,0.0,26.37960172,0.0,0.0,0.0,0.0,0.0,26.02840455,0.0,0.0,0.0,0.0,0.0,23.55354254,0.0,0.0,0.0,0.0,0.0,23.55354254,0.0,0.0,0.0,0.0,0.0
revenue_max,synthetic_n20,synthetic_n20_p0.3,20,3,20,16.45161518,16.45161693,16.24569425,13.8957351,0,-2.305269801,solved (0.0 s),solved (0.0 s),1,0,opt,12.88762607,1.0,0.2166346021959408,1.0,1.0,1.0,16.24569425,1.0,0.01251676067954328,0.0,0.0,1.0,,,,,,,-0.0,1.0,1.0,1.0,1.0,1.0,16.24569425,1.0,0.01251676067954328,0.0,0.0,1.0,12.88762607,1.0,0.2166346021959408,1.0,1.0,1.0,77.09608851,0.0,0.0,0.0,0.0,0.0,26.37960172,0.0,0.0,0.0,0.0,0.0,26.02840455,0.0,0.0,0.0,0.0,0.0,23.55354254,0.0,0.0,0.0,0.0,0.0,23.55354254,0.0,0.0,0.0,0.0,0.0
revenue_max,synthetic_n20,synthetic_n20_p0.3,20,4,1,7.749302307,7.749302765,7.749302765,7.749302765,0,-2.478379411,solved (0.0 s),solved (0.1 s),1,0,opt,7.749302765,0.0,0.0,0.0,0.0,0.0,7.749302765,0.0,0.0,0.0,0.0,0.0,,,,,,,-0.0,1.0,1.0,1.0,1.0,1.0,7.749302765,0.0,0.0,0.0,0.0,0.0,7.749302765,0.0,0.0,0.0,0.0,0.0,7.749302765,0.0,0.0,0.0,0.0,0.0,7.749302765,0.0,0.0,0.0,0.0,0.0,7.749302765,0.0,0.0,0.0,0.0,0.0,7.749302765,0.0,0.0,0.0,0.0,0.0,7.749302765,0.0,0.0,0.0,0.0,0.0
revenue_max,synthetic_n20,synthetic_n20_p0.3,20,4,2,10.80704938,10.80704998,10.80704998,10.09202011,0,-2.478379411,solved (0.0 s),solved (0.1 s),1,0,opt,11.95382913,0.0,0.0,0.0,0.0,0.0,13.0250626,0.0,0.0,0.0,0.0,0.0,,,,,,,-0.0,1.0,1.0,1.0,1.0,1.0,12.37403034,0.0,0.0,0.0,0.0,0.0,12.37403034,0.0,0.0,0.0,0.0,0.0,13.0250626,0.0,0.0,0.0,0.0,0.0,13.0250626,0.0,0.0,0.0,0.0,0.0,12.37403034,0.0,0.0,0.0,0.0,0.0,11.69693501,0.0,0.0,0.0,0.0,0.0,11.6902653,0.0,0.0,0.0,0.0,0.0
revenue_max,synthetic_n20,synthetic_n20_p0.3,20,4,3,12.6549005,12.6549011,12.6549011,11.92340888,0,-2.478379411,solved (0.0 s),solved (0.1 s),1,0,opt,11.95382913,1.0,0.05539920049154075,1.0,0.0,1.0,14.76634311,0.0,0.0,0.0,0.0,0.0,,,,,,,-0.0,1.0,1.0,1.0,1.0,1.0,14.683634772,0.0,0.0,0.0,0.0,0.0,13.04689568,0.0,0.0,0.0,0.0,0.0,18.03280874,0.0,0.0,0.0,0.0,0.0,18.03280874,0.0,0.0,0.0,0.0,0.0,16.10628138,0.0,0.0,0.0,0.0,0.0,15.42549256,0.0,0.0,0.0,0.0,0.0,15.32306733,0.0,0.0,0.0,0.0,0.0
revenue_max,synthetic_n20,synthetic_n20_p0.3,20,4,4,13.79031731,13.79031801,13.44236281,12.83082009,0,-2.478379411,solved (0.0 s),solved (0.1 s),1,0,opt,11.95382913,1.0,0.13317229319069235,1.0,1.0,1.0,14.55638396,0.0,0.0,0.0,0.0,0.0,,,,,,,-0.0,1.0,1.0,1.0,1.0,1.0,14.513590282000001,0.0,0.0,0.0,0.0,0.0,13.04689568,1.0,0.05390895751622123,1.0,0.0,1.0,22.65753631,0.0,0.0,0.0,0.0,0.0,20.78119919,0.0,0.0,0.0,0.0,0.0,18.88304992,0.0,0.0,0.0,0.0,0.0,19.02278011,0.0,0.0,0.0,0.0,0.0,18.42215428,0.0,0.0,0.0,0.0,0.0
revenue_max,synthetic_n20,synthetic_n20_p0.3,20,4,5,14.35435606,14.35435676,13.84531022,13.28055991,0,-2.478379411,solved (0.0 s),solved (0.1 s),1,0,opt,11.95382913,1.0,0.16723334157004321,1.0,1.0,1.0,14.69764243,0.0,0.0,0.0,0.0,0.0,,,,,,,-0.0,1.0,1.0,1.0,1.0,1.0,14.697642431,0.0,0.0,0.0,0.0,0.0,13.04689568,1.0,0.09108457213510142,1.0,1.0,1.0,27.22889092,0.0,0.0,0.0,0.0,0.0,21.8131179,0.0,0.0,0.0,0.0,0.0,20.94441071,0.0,0.0,0.0,0.0,0.0,20.81699069,0.0,0.0,0.0,0.0,0.0,20.36069202,0.0,0.0,0.0,0.0,0.0
revenue_max,synthetic_n20,synthetic_n20_p0.3,20,4,6,14.79564671,14.79564741,14.07592791,13.49873755,0,-2.478379411,solved (0.0 s),solved (0.1 s),1,0,opt,11.95382913,1.0,0.19207119740695666,1.0,1.0,1.0,14.69764243,1.0,0.006623859160800387,0.0,0.0,1.0,,,,,,,-0.0,1.0,1.0,1.0,1.0,1.0,14.6976424281,1.0,0.0066238592892165485,0.0,0.0,1.0,13.04689568,1.0,0.118193618993218,1.0,1.0,1.0,31.54177153,0.0,0.0,0.0,0.0,0.0,22.65940606,0.0,0.0,0.0,0.0,0.0,21.86335375,0.0,0.0,0.0,0.0,0.0,21.47349171,0.0,0.0,0.0,0.0,0.0,21.2396737,0.0,0.0,0.0,0.0,0.0
revenue_max,synthetic_n20,synthetic_n20_p0.3,20,4,7,15.0262644,15.0262651,14.29828543,13.49760196,0,-2.478379411,solved (0.0 s),solved (0.1 s),1,0,opt,11.95382913,1.0,0.20447099746228342,1.0,1.0,1.0,14.50501708,1.0,0.03468908213807289,0.0,0.0,1.0,,,,,,,-0.0,1.0,1.0,1.0,1.0,1.0,14.5050170787,1.0,0.03468908222458807,0.0,0.0,1.0,13.04689568,1.0,0.1317272654938775,1.0,1.0,1.0,35.85266589,0.0,0.0,0.0,0.0,0.0,22.6870135,0.0,0.0,0.0,0.0,0.0,22.55250209,0.0,0.0,0.0,0.0,0.0,21.7595773,0.0,0.0,0.0,0.0,0.0,21.74768579,0.0,0.0,0.0,0.0,0.0
revenue_max,synthetic_n20,synthetic_n20_p0.3,20,4,8,15.25035772,15.25035842,14.50501708,13.46214435,0,-2.478379411,solved (0.0 s),solved (0.1 s),1,0,opt,11.95382913,1.0,0.21616073868724958,1.0,1.0,1.0,14.50501708,1.0,0.0488736496339707,0.0,0.0,1.0,,,,,,,-0.0,1.0,1.0,1.0,1.0,1.0,14.5050170787,1.0,0.04887364971921461,0.0,0.0,1.0,13.04689568,1.0,0.14448592488491474,1.0,1.0,1.0,39.72539375,0.0,0.0,0.0,0.0,0.0,22.6870135,0.0,0.0,0.0,0.0,0.0,22.63564661,0.0,0.0,0.0,0.0,0.0,21.59019211,0.0,0.0,0.0,0.0,0.0,21.56659479,0.0,0.0,0.0,0.0,0.0
revenue_max,synthetic_n20,synthetic_n20_p0.3,20,4,9,15.25035772,15.25035842,14.50501708,13.37681686,0,-2.478379411,solved (0.0 s),solved (0.1 s),1,0,opt,11.95382913,1.0,0.21616073868724958,1.0,1.0,1.0,14.50501708,1.0,0.0488736496339707,0.0,0.0,1.0,,,,,,,-0.0,1.0,1.0,1.0,1.0,1.0,14.5050170787,1.0,0.04887364971921461,0.0,0.0,1.0,13.04689568,1.0,0.14448592488491474,1.0,1.0,1.0,43.45764479,0.0,0.0,0.0,0.0,0.0,22.6870135,0.0,0.0,0.0,0.0,0.0,22.63564661,0.0,0.0,0.0,0.0,0.0,21.59019211,0.0,0.0,0.0,0.0,0.0,21.56659479,0.0,0.0,0.0,0.0,0.0
revenue_max,synthetic_n20,synthetic_n20_p0.3,20,4,10,15.25035772,15.25035772,14.50501708,13.27471401,0,-2.478379411,solved (0.0 s),solved (0.1 s),1,0,opt,11.95382913,1.0,0.21616073868724958,1.0,1.0,1.0,14.50501708,1.0,0.0488736496339707,0.0,0.0,1.0,,,,,,,-0.0,1.0,1.0,1.0,1.0,1.0,14.5050170787,1.0,0.04887364971921461,0.0,0.0,1.0,13.04689568,1.0,0.14448592488491474,1.0,1.0,1.0,46.61747515,0.0,0.0,0.0,0.0,0.0,22.6870135,0.0,0.0,0.0,0.0,0.0,22.63564661,0.0,0.0,0.0,0.0,0.0,21.59019211,0.0,0.0,0.0,0.0,0.0,21.56659479,0.0,0.0,0.0,0.0,0.0
revenue_max,synthetic_n20,synthetic_n20_p0.3,20,4,11,15.25035772,15.25035842,14.50501708,13.26566636,0,-2.478379411,solved (0.0 s),solved (0.1 s),1,0,opt,11.95382913,1.0,0.21616073868724958,1.0,1.0,1.0,14.50501708,1.0,0.0488736496339707,0.0,0.0,1.0,,,,,,,-0.0,1.0,1.0,1.0,1.0,1.0,14.5050170787,1.0,0.04887364971921461,0.0,0.0,1.0,13.04689568,1.0,0.14448592488491474,1.0,1.0,1.0,49.36562021,0.0,0.0,0.0,0.0,0.0,22.6870135,0.0,0.0,0.0,0.0,0.0,22.63564661,0.0,0.0,0.0,0.0,0.0,21.59019211,0.0,0.0,0.0,0.0,0.0,21.56659479,0.0,0.0,0.0,0.0,0.0
revenue_max,synthetic_n20,synthetic_n20_p0.3,20,4,12,15.25035772,15.25035842,14.50501708,13.1282202,0,-2.478379411,solved (0.0 s),solved (0.1 s),1,0,opt,11.95382913,1.0,0.21616073868724958,1.0,1.0,1.0,14.50501708,1.0,0.0488736496339707,0.0,0.0,1.0,,,,,,,-0.0,1.0,1.0,1.0,1.0,1.0,14.5050170787,1.0,0.04887364971921461,0.0,0.0,1.0,13.04689568,1.0,0.14448592488491474,1.0,1.0,1.0,52.05378957,0.0,0.0,0.0,0.0,0.0,22.6870135,0.0,0.0,0.0,0.0,0.0,22.63564661,0.0,0.0,0.0,0.0,0.0,21.59019211,0.0,0.0,0.0,0.0,0.0,21.56659479,0.0,0.0,0.0,0.0,0.0
revenue_max,synthetic_n20,synthetic_n20_p0.3,20,4,13,15.25035772,15.25035772,14.50501708,13.13745896,0,-2.478379411,solved (0.0 s),solved (0.1 s),1,0,opt,11.95382913,1.0,0.21616073868724958,1.0,1.0,1.0,14.50501708,1.0,0.0488736496339707,0.0,0.0,1.0,,,,,,,-0.0,1.0,1.0,1.0,1.0,1.0,14.5050170787,1.0,0.04887364971921461,0.0,0.0,1.0,13.04689568,1.0,0.14448592488491474,1.0,1.0,1.0,54.65546693,0.0,0.0,0.0,0.0,0.0,22.6870135,0.0,0.0,0.0,0.0,0.0,22.63564661,0.0,0.0,0.0,0.0,0.0,21.59019211,0.0,0.0,0.0,0.0,0.0,21.56659479,0.0,0.0,0.0,0.0,0.0
revenue_max,synthetic_n20,synthetic_n20_p0.3,20,4,14,15.25035772,15.25035772,14.50501708,13.01286167,0,-2.478379411,solved (0.0 s),solved (0.1 s),1,0,opt,11.95382913,1.0,0.21616073868724958,1.0,1.0,1.0,14.50501708,1.0,0.0488736496339707,0.0,0.0,1.0,,,,,,,-0.0,1.0,1.0,1.0,1.0,1.0,14.5050170787,1.0,0.04887364971921461,0.0,0.0,1.0,13.04689568,1.0,0.14448592488491474,1.0,0.0,1.0,57.04655329,0.0,0.0,0.0,0.0,0.0,22.6870135,0.0,0.0,0.0,0.0,0.0,22.63564661,0.0,0.0,0.0,0.0,0.0,21.59019211,0.0,0.0,0.0,0.0,0.0,21.56659479,0.0,0.0,0.0,0.0,0.0
revenue_max,synthetic_n20,synthetic_n20_p0.3,20,4,15,15.25035772,15.25035772,14.50501708,12.99518065,0,-2.478379411,solved (0.0 s),solved (0.1 s),1,0,opt,11.95382913,1.0,0.21616073868724958,1.0,1.0,1.0,14.50501708,1.0,0.0488736496339707,0.0,0.0,1.0,,,,,,,-0.0,1.0,1.0,1.0,1.0,1.0,14.5050170787,1.0,0.04887364971921461,0.0,0.0,1.0,13.04689568,1.0,0.14448592488491474,1.0,0.0,1.0,59.43734457,0.0,0.0,0.0,0.0,0.0,22.6870135,0.0,0.0,0.0,0.0,0.0,22.63564661,0.0,0.0,0.0,0.0,0.0,21.59019211,0.0,0.0,0.0,0.0,0.0,21.56659479,0.0,0.0,0.0,0.0,0.0
revenue_max,synthetic_n20,synthetic_n20_p0.3,20,4,16,15.25035772,15.25035772,14.50501708,12.88561984,0,-2.478379411,solved (0.0 s),solved (0.1 s),1,0,opt,11.95382913,1.0,0.21616073868724958,1.0,1.0,1.0,14.50501708,1.0,0.0488736496339707,0.0,0.0,1.0,,,,,,,-0.0,1.0,1.0,1.0,1.0,1.0,14.5050170787,1.0,0.04887364971921461,0.0,0.0,1.0,13.04689568,1.0,0.14448592488491474,1.0,0.0,1.0,61.58035138,0.0,0.0,0.0,0.0,0.0,22.6870135,0.0,0.0,0.0,0.0,0.0,22.63564661,0.0,0.0,0.0,0.0,0.0,21.59019211,0.0,0.0,0.0,0.0,0.0,21.56659479,0.0,0.0,0.0,0.0,0.0
revenue_max,synthetic_n20,synthetic_n20_p0.3,20,4,17,15.25035772,15.25035842,14.50501708,12.84787711,0,-2.478379411,solved (0.0 s),solved (0.1 s),1,0,opt,11.95382913,1.0,0.21616073868724958,1.0,1.0,1.0,14.50501708,1.0,0.0488736496339707,0.0,0.0,1.0,,,,,,,-0.0,1.0,1.0,1.0,1.0,1.0,14.5050170787,1.0,0.04887364971921461,0.0,0.0,1.0,13.04689568,1.0,0.14448592488491474,1.0,0.0,1.0,63.68559667,0.0,0.0,0.0,0.0,0.0,22.6870135,0.0,0.0,0.0,0.0,0.0,22.63564661,0.0,0.0,0.0,0.0,0.0,21.59019211,0.0,0.0,0.0,0.0,0.0,21.56659479,0.0,0.0,0.0,0.0,0.0
revenue_max,synthetic_n20,synthetic_n20_p0.3,20,4,18,15.25035772,15.25035772,14.50501708,12.87036891,0,-2.478379411,solved (0.0 s),solved (0.1 s),1,0,opt,11.95382913,1.0,0.21616073868724958,1.0,1.0,1.0,14.50501708,1.0,0.0488736496339707,0.0,0.0,1.0,,,,,,,-0.0,1.0,1.0,1.0,1.0,1.0,14.5050170787,1.0,0.04887364971921461,0.0,0.0,1.0,13.04689568,1.0,0.14448592488491474,1.0,0.0,1.0,65.50483256,0.0,0.0,0.0,0.0,0.0,22.6870135,0.0,0.0,0.0,0.0,0.0,22.63564661,0.0,0.0,0.0,0.0,0.0,21.59019211,0.0,0.0,0.0,0.0,0.0,21.56659479,0.0,0.0,0.0,0.0,0.0
revenue_max,synthetic_n20,synthetic_n20_p0.3,20,4,19,15.25035772,15.25035772,14.50501708,12.77666075,0,-2.478379411,solved (0.0 s),solved (0.1 s),1,0,opt,11.95382913,1.0,0.21616073868724958,1.0,1.0,1.0,14.50501708,1.0,0.0488736496339707,0.0,0.0,1.0,,,,,,,-0.0,1.0,1.0,1.0,1.0,1.0,14.5050170787,1.0,0.04887364971921461,0.0,0.0,1.0,13.04689568,1.0,0.14448592488491474,1.0,0.0,1.0,67.2882223,0.0,0.0,0.0,0.0,0.0,22.6870135,0.0,0.0,0.0,0.0,0.0,22.63564661,0.0,0.0,0.0,0.0,0.0,21.59019211,0.0,0.0,0.0,0.0,0.0,21.56659479,0.0,0.0,0.0,0.0,0.0
revenue_max,synthetic_n20,synthetic_n20_p0.3,20,4,20,15.25035772,15.25035772,14.50501708,12.85094703,0,-2.478379411,solved (0.0 s),solved (0.1 s),1,0,opt,11.95382913,1.0,0.21616073868724958,1.0,1.0,1.0,14.50501708,1.0,0.0488736496339707,0.0,0.0,1.0,,,,,,,-0.0,1.0,1.0,1.0,1.0,1.0,14.5050170787,1.0,0.04887364971921461,0.0,0.0,1.0,13.04689568,1.0,0.14448592488491474,1.0,0.0,1.0,67.92824156,0.0,0.0,0.0,0.0,0.0,22.6870135,0.0,0.0,0.0,0.0,0.0,22.63564661,0.0,0.0,0.0,0.0,0.0,21.59019211,0.0,0.0,0.0,0.0,0.0,21.56659479,0.0,0.0,0.0,0.0,0.0
revenue_max,synthetic_n20,synthetic_n20_p0.3,20,5,1,8.326823494,8.326826963,8.326826963,8.326826963,0,-2.684367656,solved (0.0 s),solved (0.0 s),1,0,opt,8.326826963,0.0,0.0,0.0,0.0,0.0,8.326826963,0.0,0.0,0.0,0.0,0.0,,,,,,,-0.0,1.0,1.0,1.0,1.0,1.0,8.326826963,0.0,0.0,0.0,0.0,0.0,8.326826963,0.0,0.0,0.0,0.0,0.0,8.326826963,0.0,0.0,0.0,0.0,0.0,8.326826963,0.0,0.0,0.0,0.0,0.0,8.326826963,0.0,0.0,0.0,0.0,0.0,8.326826963,0.0,0.0,0.0,0.0,0.0,8.326826963,0.0,0.0,0.0,0.0,0.0
revenue_max,synthetic_n20,synthetic_n20_p0.3,20,5,2,11.84504503,11.8450485,11.8450485,11.27811526,0,-2.684367656,solved (0.0 s),solved (0.0 s),1,0,opt,14.17956107,0.0,0.0,0.0,0.0,0.0,15.07982411,0.0,0.0,0.0,0.0,0.0,,,,,,,-0.0,1.0,1.0,1.0,1.0,1.0,14.17956107,0.0,0.0,0.0,0.0,0.0,14.17956107,0.0,0.0,0.0,0.0,0.0,15.07982411,0.0,0.0,0.0,0.0,0.0,15.07982411,0.0,0.0,0.0,0.0,0.0,14.17956107,0.0,0.0,0.0,0.0,0.0,13.89630363,0.0,0.0,0.0,0.0,0.0,13.86747101,0.0,0.0,0.0,0.0,0.0
revenue_max,synthetic_n20,synthetic_n20_p0.3,20,5,3,14.35620594,14.35621211,14.35621211,13.6598849,0,-2.684367656,solved (0.0 s),solved (0.0 s),1,0,opt,14.98601119,0.0,0.0,0.0,0.0,0.0,18.48595526,0.0,0.0,0.0,0.0,0.0,,,,,,,-0.0,1.0,1.0,1.0,1.0,1.0,17.554017506,0.0,0.0,0.0,0.0,0.0,14.98601119,0.0,0.0,0.0,0.0,0.0,21.31613141,0.0,0.0,0.0,0.0,0.0,21.2190194,0.0,0.0,0.0,0.0,0.0,18.80498413,0.0,0.0,0.0,0.0,0.0,19.01435582,0.0,0.0,0.0,0.0,0.0,18.44438034,0.0,0.0,0.0,0.0,0.0
revenue_max,synthetic_n20,synthetic_n20_p0.3,20,5,4,15.96655024,15.96655642,15.96655642,14.86689099,0,-2.684367656,solved (0.0 s),solved (0.0 s),1,0,opt,14.98601119,1.0,0.06141207933217269,1.0,0.0,1.0,18.10146234,0.0,0.0,0.0,0.0,0.0,,,,,,,-0.0,1.0,1.0,1.0,1.0,1.0,17.781036917999998,0.0,0.0,0.0,0.0,0.0,14.98601119,1.0,0.06141207933217269,1.0,0.0,1.0,27.16886552,0.0,0.0,0.0,0.0,0.0,24.38329783,0.0,0.0,0.0,0.0,0.0,22.36494458,0.0,0.0,0.0,0.0,0.0,22.46444323,0.0,0.0,0.0,0.0,0.0,22.26108269,0.0,0.0,0.0,0.0,0.0
revenue_max,synthetic_n20,synthetic_n20_p0.3,20,5,5,17.11284315,17.11284506,17.11284506,15.39385447,0,-2.684367656,solved (0.0 s),solved (0.0 s),1,0,opt,14.98601119,1.0,0.1242827940020008,1.0,1.0,1.0,17.39398242,0.0,0.0,0.0,0.0,0.0,,,,,,,-0.0,1.0,1.0,1.0,1.0,1.0,17.393982423700002,0.0,0.0,0.0,0.0,0.0,14.98601119,1.0,0.1242827940020008,1.0,1.0,1.0,32.35765132,0.0,0.0,0.0,0.0,0.0,26.39171781,0.0,0.0,0.0,0.0,0.0,24.46145277,0.0,0.0,0.0,0.0,0.0,24.57250706,0.0,0.0,0.0,0.0,0.0,24.44959688,0.0,0.0,0.0,0.0,0.0
revenue_max,synthetic_n20,synthetic_n20_p0.3,20,5,6,17.39398051,17.39398242,17.39398242,15.3911964,0,-2.684367656,solved (0.0 s),solved (0.0 s),1,0,opt,14.98601119,1.0,0.1384369333181459,1.0,1.0,1.0,17.39398242,0.0,0.0,0.0,0.0,0.0,,,,,,,-0.0,1.0,1.0,1.0,1.0,1.0,17.39398242,0.0,0.0,0.0,0.0,0.0,14.98601119,1.0,0.1384369333181459,1.0,1.0,1.0,37.43473547,0.0,0.0,0.0,0.0,0.0,26.39171781,0.0,0.0,0.0,0.0,0.0,25.88595245,0.0,0.0,0.0,0.0,0.0,24.87937462,0.0,0.0,0.0,0.0,0.0,24.87155111,0.0,0.0,0.0,0.0,0.0
revenue_max,synthetic_n20,synthetic_n20_p0.3,20,5,7,17.39398051,17.39398242,17.39398242,15.39500585,0,-2.684367656,solved (0.0 s),solved (0.0 s),1,0,opt,14.98601119,1.0,0.1384369333181459,1.0,1.0,1.0,17.39398242,0.0,0.0,0.0,0.0,0.0,,,,,,,-0.0,1.0,1.0,1.0,1.0,1.0,17.39398242,0.0,0.0,0.0,0.0,0.0,14.98601119,1.0,0.1384369333181459,1.0,1.0,1.0,42.33464966,0.0,0.0,0.0,0.0,0.0,26.39171781,0.0,0.0,0.0,0.0,0.0,25.88595245,0.0,0.0,0.0,0.0,0.0,24.8961854,0.0,0.0,0.0,0.0,0.0,24.89330677,0.0,0.0,0.0,0.0,0.0
revenue_max,synthetic_n20,synthetic_n20_p0.3,20,5,8,17.39398051,17.39398242,17.39398242,15.27745165,0,-2.684367656,solved (0.0 s),solved (0.0 s),1,0,opt,14.98601119,1.0,0.1384369333181459,1.0,1.0,1.0,17.39398242,0.0,0.0,0.0,0.0,0.0,,,,,,,-0.0,1.0,1.0,1.0,1.0,1.0,17.39398242,0.0,0.0,0.0,0.0,0.0,14.98601119,1.0,0.1384369333181459,1.0,1.0,1.0,47.02644263,0.0,0.0,0.0,0.0,0.0,26.39171781,0.0,0.0,0.0,0.0,0.0,25.88595245,0.0,0.0,0.0,0.0,0.0,24.8961854,0.0,0.0,0.0,0.0,0.0,24.89330677,0.0,0.0,0.0,0.0,0.0
revenue_max,synthetic_n20,synthetic_n20_p0.3,20,5,9,17.39398051,17.39398242,17.39398242,15.13973906,0,-2.684367656,solved (0.0 s),solved (0.0 s),1,0,opt,14.98601119,1.0,0.1384369333181459,1.0,1.0,1.0,17.39398242,0.0,0.0,0.0,0.0,0.0,,,,,,,-0.0,1.0,1.0,1.0,1.0,1.0,17.39398242,0.0,0.0,0.0,0.0,0.0,14.98601119,1.0,0.1384369333181459,1.0,1.0,1.0,51.65186569,0.0,0.0,0.0,0.0,0.0,26.39171781,0.0,0.0,0.0,0.0,0.0,25.88595245,0.0,0.0,0.0,0.0,0.0,24.8961854,0.0,0.0,0.0,0.0,0.0,24.89330677,0.0,0.0,0.0,0.0,0.0
revenue_max,synthetic_n20,synthetic_n20_p0.3,20,5,10,17.39398051,17.39398242,17.39398242,15.04342384,0,-2.684367656,solved (0.0 s),solved (0.0 s),1,0,opt,14.98601119,1.0,0.1384369333181459,1.0,1.0,1.0,17.39398242,0.0,0.0,0.0,0.0,0.0,,,,,,,-0.0,1.0,1.0,1.0,1.0,1.0,17.39398242,0.0,0.0,0.0,0.0,0.0,14.98601119,1.0,0.1384369333181459,1.0,1.0,1.0,55.96567883,0.0,0.0,0.0,0.0,0.0,26.39171781,0.0,0.0,0.0,0.0,0.0,25.88595245,0.0,0.0,0.0,0.0,0.0,24.8961854,0.0,0.0,0.0,0.0,0.0,24.89330677,0.0,0.0,0.0,0.0,0.0
revenue_max,synthetic_n20,synthetic_n20_p0.3,20,5,11,17.39398051,17.39398242,17.39398242,14.90223399,0,-2.684367656,solved (0.0 s),solved (0.0 s),1,0,opt,14.98601119,1.0,0.1384369333181459,1.0,0.0,1.0,17.39398242,0.0,0.0,0.0,0.0,0.0,,,,,,,-0.0,1.0,1.0,1.0,1.0,1.0,17.39398242,0.0,0.0,0.0,0.0,0.0,14.98601119,1.0,0.1384369333181459,1.0,0.0,1.0,60.25215116,0.0,0.0,0.0,0.0,0.0,26.39171781,0.0,0.0,0.0,0.0,0.0,25.88595245,0.0,0.0,0.0,0.0,0.0,24.8961854,0.0,0.0,0.0,0.0,0.0,24.89330677,0.0,0.0,0.0,0.0,0.0
revenue_max,synthetic_n20,synthetic_n20_p0.3,20,5,12,17.39398051,17.39398242,17.39398242,14.84762441,0,-2.684367656,solved (0.0 s),solved (0.0 s),1,0,opt,14.98601119,1.0,0.1384369333181459,1.0,0.0,1.0,17.39398242,0.0,0.0,0.0,0.0,0.0,,,,,,,-0.0,1.0,1.0,1.0,1.0,1.0,17.39398242,0.0,0.0,0.0,0.0,0.0,14.98601119,1.0,0.1384369333181459,1.0,0.0,1.0,64.29467301,0.0,0.0,0.0,0.0,0.0,26.39171781,0.0,0.0,0.0,0.0,0.0,25.88595245,0.0,0.0,0.0,0.0,0.0,24.8961854,0.0,0.0,0.0,0.0,0.0,24.89330677,0.0,0.0,0.0,0.0,0.0
revenue_max,synthetic_n20,synthetic_n20_p0.3,20,5,13,17.39398051,17.39398242,17.39398242,14.81425159,0,-2.684367656,solved (0.0 s),solved (0.0 s),1,0,opt,14.98601119,1.0,0.1384369333181459,1.0,0.0,1.0,17.39398242,0.0,0.0,0.0,0.0,0.0,,,,,,,-0.0,1.0,1.0,1.0,1.0,1.0,17.39398242,0.0,0.0,0.0,0.0,0.0,14.98601119,1.0,0.1384369333181459,1.0,0.0,1.0,68.29558236,0.0,0.0,0.0,0.0,0.0,26.39171781,0.0,0.0,0.0,0.0,0.0,25.88595245,0.0,0.0,0.0,0.0,0.0,24.8961854,0.0,0.0,0.0,0.0,0.0,24.89330677,0.0,0.0,0.0,0.0,0.0
revenue_max,synthetic_n20,synthetic_n20_p0.3,20,5,14,17.39398051,17.39398242,17.39398242,14.71900826,0,-2.684367656,solved (0.0 s),solved (0.0 s),1,0,opt,14.98601119,1.0,0.1384369333181459,1.0,0.0,1.0,17.39398242,0.0,0.0,0.0,0.0,0.0,,,,,,,-0.0,1.0,1.0,1.0,1.0,1.0,17.39398242,0.0,0.0,0.0,0.0,0.0,14.98601119,1.0,0.1384369333181459,1.0,0.0,1.0,72.17299532,0.0,0.0,0.0,0.0,0.0,26.39171781,0.0,0.0,0.0,0.0,0.0,25.88595245,0.0,0.0,0.0,0.0,0.0,24.8961854,0.0,0.0,0.0,0.0,0.0,24.89330677,0.0,0.0,0.0,0.0,0.0
revenue_max,synthetic_n20,synthetic_n20_p0.3,20,5,15,17.39398051,17.39398242,17.39398242,14.60058473,0,-2.684367656,solved (0.0 s),solved (0.0 s),1,0,opt,14.98601119,1.0,0.1384369333181459,1.0,0.0,1.0,17.39398242,0.0,0.0,0.0,0.0,0.0,,,,,,,-0.0,1.0,1.0,1.0,1.0,1.0,17.39398242,0.0,0.0,0.0,0.0,0.0,14.98601119,1.0,0.1384369333181459,1.0,0.0,1.0,75.4731217,0.0,0.0,0.0,0.0,0.0,26.39171781,0.0,0.0,0.0,0.0,0.0,25.88595245,0.0,0.0,0.0,0.0,0.0,24.8961854,0.0,0.0,0.0,0.0,0.0,24.89330677,0.0,0.0,0.0,0.0,0.0
revenue_max,synthetic_n20,synthetic_n20_p0.3,20,5,16,17.39398051,17.39398242,17.39398242,14.6375892,0,-2.684367656,solved (0.0 s),solved (0.0 s),1,0,opt,14.98601119,1.0,0.1384369333181459,1.0,0.0,1.0,17.39398242,0.0,0.0,0.0,0.0,0.0,,,,,,,-0.0,1.0,1.0,1.0,1.0,1.0,17.39398242,0.0,0.0,0.0,0.0,0.0,14.98601119,1.0,0.1384369333181459,1.0,0.0,1.0,78.70276281,0.0,0.0,0.0,0.0,0.0,26.39171781,0.0,0.0,0.0,0.0,0.0,25.88595245,0.0,0.0,0.0,0.0,0.0,24.8961854,0.0,0.0,0.0,0.0,0.0,24.89330677,0.0,0.0,0.0,0.0,0.0
revenue_max,synthetic_n20,synthetic_n20_p0.3,20,5,17,17.39398051,17.39398242,17.39398242,14.54687431,0,-2.684367656,solved (0.0 s),solved (0.0 s),1,0,opt,14.98601119,1.0,0.1384369333181459,1.0,0.0,1.0,17.39398242,0.0,0.0,0.0,0.0,0.0,,,,,,,-0.0,1.0,1.0,1.0,1.0,1.0,17.39398242,0.0,0.0,0.0,0.0,0.0,14.98601119,1.0,0.1384369333181459,1.0,0.0,1.0,81.82708903,0.0,0.0,0.0,0.0,0.0,26.39171781,0.0,0.0,0.0,0.0,0.0,25.88595245,0.0,0.0,0.0,0.0,0.0,24.8961854,0.0,0.0,0.0,0.0,0.0,24.89330677,0.0,0.0,0.0,0.0,0.0
revenue_max,synthetic_n20,synthetic_n20_p0.3,20,5,18,17.39398051,17.39398242,17.39398242,14.47583926,0,-2.684367656,solved (0.0 s),solved (0.0 s),1,0,opt,14.98601119,1.0,0.1384369333181459,1.0,0.0,1.0,17.39398242,0.0,0.0,0.0,0.0,0.0,,,,,,,-0.0,1.0,1.0,1.0,1.0,1.0,17.39398242,0.0,0.0,0.0,0.0,0.0,14.98601119,1.0,0.1384369333181459,1.0,0.0,1.0,84.87206796,0.0,0.0,0.0,0.0,0.0,26.39171781,0.0,0.0,0.0,0.0,0.0,25.88595245,0.0,0.0,0.0,0.0,0.0,24.8961854,0.0,0.0,0.0,0.0,0.0,24.89330677,0.0,0.0,0.0,0.0,0.0
revenue_max,synthetic_n20,synthetic_n20_p0.3,20,5,19,17.39398051,17.39398242,17.39398242,14.5101533,0,-2.684367656,solved (0.0 s),solved (0.0 s),1,0,opt,14.98601119,1.0,0.1384369333181459,1.0,0.0,1.0,17.39398242,0.0,0.0,0.0,0.0,0.0,,,,,,,-0.0,1.0,1.0,1.0,1.0,1.0,17.39398242,0.0,0.0,0.0,0.0,0.0,14.98601119,1.0,0.1384369333181459,1.0,0.0,1.0,86.74958287,0.0,0.0,0.0,0.0,0.0,26.39171781,0.0,0.0,0.0,0.0,0.0,25.88595245,0.0,0.0,0.0,0.0,0.0,24.8961854,0.0,0.0,0.0,0.0,0.0,24.89330677,0.0,0.0,0.0,0.0,0.0
revenue_max,synthetic_n20,synthetic_n20_p0.3,20,5,20,17.39398051,17.39398242,17.39398242,14.54254999,0,-2.684367656,solved (0.0 s),solved (0.0 s),1,0,opt,14.98601119,1.0,0.1384369333181459,1.0,0.0,1.0,17.39398242,0.0,0.0,0.0,0.0,0.0,,,,,,,-0.0,1.0,1.0,1.0,1.0,1.0,17.39398242,0.0,0.0,0.0,0.0,0.0,14.98601119,1.0,0.1384369333181459,1.0,0.0,1.0,87.9552017,0.0,0.0,0.0,0.0,0.0,26.39171781,0.0,0.0,0.0,0.0,0.0,25.88595245,0.0,0.0,0.0,0.0,0.0,24.8961854,0.0,0.0,0.0,0.0,0.0,24.89330677,0.0,0.0,0.0,0.0,0.0
revenue_max,synthetic_n20,synthetic_n20_p0.3,20,6,1,6.668469248,6.668475552,6.668475552,6.668475552,0,-2.320293147,solved (0.0 s),solved (0.0 s),1,0,opt,6.668475552,0.0,0.0,0.0,0.0,0.0,6.668475552,0.0,0.0,0.0,0.0,0.0,,,,,,,-0.0,1.0,1.0,1.0,1.0,1.0,6.668475552,0.0,0.0,0.0,0.0,0.0,6.668475552,0.0,0.0,0.0,0.0,0.0,6.668475552,0.0,0.0,0.0,0.0,0.0,6.668475552,0.0,0.0,0.0,0.0,0.0,6.668475552,0.0,0.0,0.0,0.0,0.0,6.668475552,0.0,0.0,0.0,0.0,0.0,6.668475552,0.0,0.0,0.0,0.0,0.0
revenue_max,synthetic_n20,synthetic_n20_p0.3,20,6,2,10.66507582,10.66508276,10.66508276,10.28562905,0,-2.320293147,solved (0.0 s),solved (0.0 s),1,0,opt,12.3137675,0.0,0.0,0.0,0.0,0.0,12.96813376,0.0,0.0,0.0,0.0,0.0,,,,,,,-0.0,1.0,1.0,1.0,1.0,1.0,12.3137675,0.0,0.0,0.0,0.0,0.0,12.3137675,0.0,0.0,0.0,0.0,0.0,12.96813376,0.0,0.0,0.0,0.0,0.0,12.96813376,0.0,0.0,0.0,0.0,0.0,12.3137675,0.0,0.0,0.0,0.0,0.0,12.56213314,0.0,0.0,0.0,0.0,0.0,12.52743736,0.0,0.0,0.0,0.0,0.0
revenue_max,synthetic_n20,synthetic_n20_p0.3,20,6,3,13.476394,13.47640135,12.86246369,12.6892788,0,-2.320293147,solved (0.0 s),solved (0.0 s),1,0,opt,13.79825137,0.0,0.0,0.0,0.0,0.0,16.97338478,0.0,0.0,0.0,0.0,0.0,,,,,,,-0.0,1.0,1.0,1.0,1.0,1.0,16.470078156,0.0,0.0,0.0,0.0,0.0,14.76740127,0.0,0.0,0.0,0.0,0.0,18.8059679,0.0,0.0,0.0,0.0,0.0,18.8059679,0.0,0.0,0.0,0.0,0.0,16.93884184,0.0,0.0,0.0,0.0,0.0,17.40234453,0.0,0.0,0.0,0.0,0.0,17.09783723,0.0,0.0,0.0,0.0,0.0
revenue_max,synthetic_n20,synthetic_n20_p0.3,20,6,4,14.94477849,14.94478453,14.82764887,14.11656039,0,-2.320293147,solved (0.0 s),solved (0.0 s),1,0,opt,13.79825137,1.0,0.07671757201133331,1.0,1.0,1.0,17.45500176,0.0,0.0,0.0,0.0,0.0,,,,,,,-0.0,1.0,1.0,1.0,1.0,1.0,16.934073936,0.0,0.0,0.0,0.0,0.0,14.76740127,1.0,0.011868842359803927,1.0,0.0,1.0,23.86574363,0.0,0.0,0.0,0.0,0.0,22.81634005,0.0,0.0,0.0,0.0,0.0,21.07058056,0.0,0.0,0.0,0.0,0.0,21.57375069,0.0,0.0,0.0,0.0,0.0,20.94959313,0.0,0.0,0.0,0.0,0.0
revenue_max,synthetic_n20,synthetic_n20_p0.3,20,6,5,15.80292927,15.8029353,15.8029353,14.83225003,0,-2.320293147,solved (0.0 s),solved (0.0 s),1,0,opt,13.79825137,1.0,0.12685482961729416,1.0,1.0,1.0,16.10942944,0.0,0.0,0.0,0.0,0.0,,,,,,,-0.0,1.0,1.0,1.0,1.0,1.0,16.1059448696,0.0,0.0,0.0,0.0,0.0,14.76740127,1.0,0.06552759822609769,1.0,1.0,1.0,28.68915291,0.0,0.0,0.0,0.0,0.0,25.12651108,0.0,0.0,0.0,0.0,0.0,23.25792529,0.0,0.0,0.0,0.0,0.0,23.37491137,0.0,0.0,0.0,0.0,0.0,22.97782969,0.0,0.0,0.0,0.0,0.0
revenue_max,synthetic_n20,synthetic_n20_p0.3,20,6,6,16.47350591,16.4735123,15.94051366,15.09196757,0,-2.320293147,solved (0.0 s),solved (0.0 s),1,0,opt,13.79825137,1.0,0.162397400687854,1.0,1.0,1.0,16.02789353,1.0,0.027050245553953245,0.0,0.0,1.0,,,,,,,-0.0,1.0,1.0,1.0,1.0,1.0,16.027893531060002,1.0,0.02705024548960739,0.0,0.0,1.0,14.76740127,1.0,0.10356657831799689,1.0,1.0,1.0,33.3854372,0.0,0.0,0.0,0.0,0.0,25.59797184,0.0,0.0,0.0,0.0,0.0,24.50045537,0.0,0.0,0.0,0.0,0.0,24.03395277,0.0,0.0,0.0,0.0,0.0,24.01664556,0.0,0.0,0.0,0.0,0.0
revenue_max,synthetic_n20,synthetic_n20_p0.3,20,6,7,17.08099876,17.08099876,16.02789353,15.0806956,0,-2.320293147,solved (0.0 s),solved (0.0 s),1,0,opt,13.79825137,1.0,0.19218708672279072,1.0,1.0,1.0,16.02789353,1.0,0.06165360965110215,0.0,0.0,1.0,,,,,,,-0.0,1.0,1.0,1.0,1.0,1.0,16.02789353,1.0,0.06165360965110215,0.0,0.0,1.0,14.76740127,1.0,0.13544860710475218,1.0,1.0,1.0,38.04210464,0.0,0.0,0.0,0.0,0.0,25.6960106,0.0,0.0,0.0,0.0,0.0,24.91013021,0.0,0.0,0.0,0.0,0.0,24.18119859,0.0,0.0,0.0,0.0,0.0,24.18119859,0.0,0.0,0.0,0.0,0.0
revenue_max,synthetic_n20,synthetic_n20_p0.3,20,6,8,17.08099876,17.08099876,16.02789353,14.96856137,0,-2.320293147,solved (0.0 s),solved (0.0 s),1,0,opt,13.79825137,1.0,0.19218708672279072,1.0,1.0,1.0,16.02789353,1.0,0.06165360965110215,0.0,0.0,1.0,,,,,,,-0.0,1.0,1.0,1.0,1.0,1.0,16.02789353,1.0,0.06165360965110215,0.0,0.0,1.0,14.76740127,1.0,0.13544860710475218,1.0,1.0,1.0,42.66717898,0.0,0.0,0.0,0.0,0.0,25.78687504,0.0,0.0,0.0,0.0,0.0,25.02252289,0.0,0.0,0.0,0.0,0.0,24.18119859,0.0,0.0,0.0,0.0,0.0,24.18119859,0.0,0.0,0.0,0.0,0.0
revenue_max,synthetic_n20,synthetic_n20_p0.3,20,6,9,17.08099876,17.08099876,16.02789353,14.87797917,0,-2.320293147,solved (0.0 s),solved (0.0 s),1,0,opt,13.79825137,1.0,0.19218708672279072,1.0,1.0,1.0,16.02789353,1.0,0.06165360965110215,0.0,0.0,1.0,,,,,,,-0.0,1.0,1.0,1.0,1.0,1.0,16.02789353,1.0,0.06165360965110215,0.0,0.0,1.0,14.76740127,1.0,0.13544860710475218,1.0,1.0,1.0,47.2473156,0.0,0.0,0.0,0.0,0.0,25.78687504,0.0,0.0,0.0,0.0,0.0,25.02252289,0.0,0.0,0.0,0.0,0.0,24.18119859,0.0,0.0,0.0,0.0,0.0,24.18119859,0.0,0.0,0.0,0.0,0.0
revenue_max,synthetic_n20,synthetic_n20_p0.3,20,6,10,17.08099876,17.08099876,16.02789353,14.83390248,0,-2.320293147,solved (0.0 s),solved (0.0 s),1,0,opt,13.79825137,1.0,0.19218708672279072,1.0,1.0,1.0,16.02789353,1.0,0.06165360965110215,0.0,0.0,1.0,,,,,,,-0.0,1.0,1.0,1.0,1.0,1.0,16.02789353,1.0,0.06165360965110215,0.0,0.0,1.0,14.76740127,1.0,0.13544860710475218,1.0,1.0,1.0,51.68689036,0.0,0.0,0.0,0.0,0.0,25.78687504,0.0,0.0,0.0,0.0,0.0,25.02252289,0.0,0.0,0.0,0.0,0.0,24.18119859,0.0,0.0,0.0,0.0,0.0,24.18119859,0.0,0.0,0.0,0.0,0.0
revenue_max,synthetic_n20,synthetic_n20_p0.3,20,6,11,17.08099876,17.08100039,16.02789353,14.770973,0,-2.320293147,solved (0.0 s),solved (0.0 s),1,0,opt,13.79825137,1.0,0.19218708672279072,1.0,1.0,1.0,16.02789353,1.0,0.06165360965110215,0.0,0.0,1.0,,,,,,,-0.0,1.0,1.0,1.0,1.0,1.0,16.02789353,1.0,0.06165360965110215,0.0,0.0,1.0,14.76740127,1.0,0.13544860710475218,1.0,1.0,1.0,55.93168647,0.0,0.0,0.0,0.0,0.0,25.78687504,0.0,0.0,0.0,0.0,0.0,25.02252289,0.0,0.0,0.0,0.0,0.0,24.18119859,0.0,0.0,0.0,0.0,0.0,24.18119859,0.0,0.0,0.0,0.0,0.0
revenue_max,synthetic_n20,synthetic_n20_p0.3,20,6,12,17.08099876,17.08099876,16.02789353,14.65742422,0,-2.320293147,solved (0.0 s),solved (0.0 s),1,0,opt,13.79825137,1.0,0.19218708672279072,1.0,1.0,1.0,16.02789353,1.0,0.06165360965110215,0.0,0.0,1.0,,,,,,,-0.0,1.0,1.0,1.0,1.0,1.0,16.02789353,1.0,0.06165360965110215,0.0,0.0,1.0,14.76740127,1.0,0.13544860710475218,1.0,0.0,1.0,60.08411139,0.0,0.0,0.0,0.0,0.0,25.78687504,0.0,0.0,0.0,0.0,0.0,25.02252289,0.0,0.0,0.0,0.0,0.0,24.18119859,0.0,0.0,0.0,0.0,0.0,24.18119859,0.0,0.0,0.0,0.0,0.0
revenue_max,synthetic_n20,synthetic_n20_p0.3,20,6,13,17.08099876,17.08100039,16.02789353,14.6107484,0,-2.320293147,solved (0.0 s),solved (0.0 s),1,0,opt,13.79825137,1.0,0.19218708672279072,1.0,1.0,1.0,16.02789353,1.0,0.06165360965110215,0.0,0.0,1.0,,,,,,,-0.0,1.0,1.0,1.0,1.0,1.0,16.02789353,1.0,0.06165360965110215,0.0,0.0,1.0,14.76740127,1.0,0.13544860710475218,1.0,0.0,1.0,63.93384483,0.0,0.0,0.0,0.0,0.0,25.78687504,0.0,0.0,0.0,0.0,0.0,25.02252289,0.0,0.0,0.0,0.0,0.0,24.18119859,0.0,0.0,0.0,0.0,0.0,24.18119859,0.0,0.0,0.0,0.0,0.0
revenue_max,synthetic_n20,synthetic_n20_p0.3,20,6,14,17.08099876,17.08099876,16.02789353,14.52766594,0,-2.320293147,solved (0.0 s),solved (0.0 s),1,0,opt,13.79825137,1.0,0.19218708672279072,1.0,1.0,1.0,16.02789353,1.0,0.06165360965110215,0.0,0.0,1.0,,,,,,,-0.0,1.0,1.0,1.0,1.0,1.0,16.02789353,1.0,0.06165360965110215,0.0,0.0,1.0,14.76740127,1.0,0.13544860710475218,1.0,0.0,1.0,67.35053526,0.0,0.0,0.0,0.0,0.0,25.78687504,0.0,0.0,0.0,0.0,0.0,25.02252289,0.0,0.0,0.0,0.0,0.0,24.18119859,0.0,0.0,0.0,0.0,0.0,24.18119859,0.0,0.0,0.0,0.0,0.0
revenue_max,synthetic_n20,synthetic_n20_p0.3,20,6,15,17.08099876,17.08099876,16.02789353,14.47472777,0,-2.320293147,solved (0.0 s),solved (0.0 s),1,0,opt,13.79825137,1.0,0.19218708672279072,1.0,1.0,1.0,16.02789353,1.0,0.06165360965110215,0.0,0.0,1.0,,,,,,,-0.0,1.0,1.0,1.0,1.0,1.0,16.02789353,1.0,0.06165360965110215,0.0,0.0,1.0,14.76740127,1.0,0.13544860710475218,1.0,0.0,1.0,70.47814665,0.0,0.0,0.0,0.0,0.0,25.78687504,0.0,0.0,0.0,0.0,0.0,25.02252289,0.0,0.0,0.0,0.0,0.0,24.18119859,0.0,0.0,0.0,0.0,0.0,24.18119859,0.0,0.0,0.0,0.0,0.0
revenue_max,synthetic_n20,synthetic_n20_p0.3,20,6,16,17.08099876,17.08099876,16.02789353,14.37773657,0,-2.320293147,solved (0.0 s),solved (0.0 s),1,0,opt,13.79825137,1.0,0.19218708672279072,1.0,1.0,1.0,16.02789353,1.0,0.06165360965110215,0.0,0.0,1.0,,,,,,,-0.0,1.0,1.0,1.0,1.0,1.0,16.02789353,1.0,0.06165360965110215,0.0,0.0,1.0,14.76740127,1.0,0.13544860710475218,1.0,0.0,1.0,73.31697518,0.0,0.0,0.0,0.0,0.0,25.78687504,0.0,0.0,0.0,0.0,0.0,25.02252289,0.0,0.0,0.0,0.0,0.0,24.18119859,0.0,0.0,0.0,0.0,0.0,24.18119859,0.0,0.0,0.0,0.0,0.0
revenue_max,synthetic_n20,synthetic_n20_p0.3,20,6,17,17.08099876,17.08099876,16.02789353,14.35667065,0,-2.320293147,solved (0.0 s),solved (0.0 s),1,0,opt,13.79825137,1.0,0.19218708672279072,1.0,1.0,1.0,16.02789353,1.0,0.06165360965110215,0.0,0.0,1.0,,,,,,,-0.0,1.0,1.0,1.0,1.0,1.0,16.02789353,1.0,0.06165360965110215,0.0,0.0,1.0,14.76740127,1.0,0.13544860710475218,1.0,0.0,1.0,75.96709234,0.0,0.0,0.0,0.0,0.0,25.78687504,0.0,0.0,0.0,0.0,0.0,25.02252289,0.0,0.0,0.0,0.0,0.0,24.18119859,0.0,0.0,0.0,0.0,0.0,24.18119859,0.0,0.0,0.0,0.0,0.0
revenue_max,synthetic_n20,synthetic_n20_p0.3,20,6,18,17.08099876,17.08099876,16.02789353,14.32333268,0,-2.320293147,solved (0.0 s),solved (0.0 s),1,0,opt,13.79825137,1.0,0.19218708672279072,1.0,1.0,1.0,16.02789353,1.0,0.06165360965110215,0.0,0.0,1.0,,,,,,,-0.0,1.0,1.0,1.0,1.0,1.0,16.02789353,1.0,0.06165360965110215,0.0,0.0,1.0,14.76740127,1.0,0.13544860710475218,1.0,0.0,1.0,78.58166803,0.0,0.0,0.0,0.0,0.0,25.78687504,0.0,0.0,0.0,0.0,0.0,25.02252289,0.0,0.0,0.0,0.0,0.0,24.18119859,0.0,0.0,0.0,0.0,0.0,24.18119859,0.0,0.0,0.0,0.0,0.0
revenue_max,synthetic_n20,synthetic_n20_p0.3,20,6,19,17.08099876,17.08099876,16.02789353,14.29054388,0,-2.320293147,solved (0.0 s),solved (0.0 s),1,0,opt,13.79825137,1.0,0.19218708672279072,1.0,1.0,1.0,16.02789353,1.0,0.06165360965110215,0.0,0.0,1.0,,,,,,,-0.0,1.0,1.0,1.0,1.0,1.0,16.02789353,1.0,0.06165360965110215,0.0,0.0,1.0,14.76740127,1.0,0.13544860710475218,1.0,0.0,1.0,81.00645896,0.0,0.0,0.0,0.0,0.0,25.78687504,0.0,0.0,0.0,0.0,0.0,25.02252289,0.0,0.0,0.0,0.0,0.0,24.18119859,0.0,0.0,0.0,0.0,0.0,24.18119859,0.0,0.0,0.0,0.0,0.0
revenue_max,synthetic_n20,synthetic_n20_p0.3,20,6,20,17.08099876,17.08099876,16.02789353,14.22976041,0,-2.320293147,solved (0.0 s),solved (0.0 s),1,0,opt,13.79825137,1.0,0.19218708672279072,1.0,1.0,1.0,16.02789353,1.0,0.06165360965110215,0.0,0.0,1.0,,,,,,,-0.0,1.0,1.0,1.0,1.0,1.0,16.02789353,1.0,0.06165360965110215,0.0,0.0,1.0,14.76740127,1.0,0.13544860710475218,1.0,0.0,1.0,83.01390251,0.0,0.0,0.0,0.0,0.0,25.78687504,0.0,0.0,0.0,0.0,0.0,25.02252289,0.0,0.0,0.0,0.0,0.0,24.18119859,0.0,0.0,0.0,0.0,0.0,24.18119859,0.0,0.0,0.0,0.0,0.0
revenue_max,synthetic_n20,synthetic_n20_p0.3,20,7,1,6.342790375,6.342793796,6.342793796,6.342793796,0,-2.216454668,solved (0.0 s),solved (0.0 s),1,0,opt,6.342793796,0.0,0.0,0.0,0.0,0.0,6.342793796,0.0,0.0,0.0,0.0,0.0,,,,,,,-0.0,1.0,1.0,1.0,1.0,1.0,6.342793796,0.0,0.0,0.0,0.0,0.0,6.342793796,0.0,0.0,0.0,0.0,0.0,6.342793796,0.0,0.0,0.0,0.0,0.0,6.342793796,0.0,0.0,0.0,0.0,0.0,6.342793796,0.0,0.0,0.0,0.0,0.0,6.342793796,0.0,0.0,0.0,0.0,0.0,6.342793796,0.0,0.0,0.0,0.0,0.0
revenue_max,synthetic_n20,synthetic_n20_p0.3,20,7,2,10.15868294,10.15868719,10.15868719,10.0248938,0,-2.216454668,solved (0.0 s),solved (0.0 s),1,0,opt,11.80949107,0.0,0.0,0.0,0.0,0.0,12.19232243,0.0,0.0,0.0,0.0,0.0,,,,,,,-0.0,1.0,1.0,1.0,1.0,1.0,11.80949107,0.0,0.0,0.0,0.0,0.0,11.80949107,0.0,0.0,0.0,0.0,0.0,12.19232243,0.0,0.0,0.0,0.0,0.0,12.19232243,0.0,0.0,0.0,0.0,0.0,11.80949107,0.0,0.0,0.0,0.0,0.0,11.91041206,0.0,0.0,0.0,0.0,0.0,11.90512355,0.0,0.0,0.0,0.0,0.0
revenue_max,synthetic_n20,synthetic_n20_p0.3,20,7,3,12.36867435,12.36867862,12.28001655,12.02968962,0,-2.216454668,solved (0.0 s),solved (0.0 s),1,0,opt,12.93931328,0.0,0.0,0.0,0.0,0.0,16.10923209,0.0,0.0,0.0,0.0,0.0,,,,,,,-0.0,1.0,1.0,1.0,1.0,1.0,15.004672977999999,0.0,0.0,0.0,0.0,0.0,13.3656063,0.0,0.0,0.0,0.0,0.0,17.77907137,0.0,0.0,0.0,0.0,0.0,17.77907137,0.0,0.0,0.0,0.0,0.0,16.71094736,0.0,0.0,0.0,0.0,0.0,16.53929682,0.0,0.0,0.0,0.0,0.0,16.37785376,0.0,0.0,0.0,0.0,0.0
revenue_max,synthetic_n20,synthetic_n20_p0.3,20,7,4,14.32998143,14.32998479,13.95392955,13.15162273,0,-2.216454668,solved (0.0 s),solved (0.0 s),1,0,opt,12.93931328,1.0,0.09704605388312773,1.0,1.0,1.0,17.0970758,0.0,0.0,0.0,0.0,0.0,,,,,,,-0.0,1.0,1.0,1.0,1.0,1.0,16.460240959,0.0,0.0,0.0,0.0,0.0,13.3656063,1.0,0.06729772363703618,1.0,0.0,1.0,23.13286907,0.0,0.0,0.0,0.0,0.0,21.72575876,0.0,0.0,0.0,0.0,0.0,19.41771072,0.0,0.0,0.0,0.0,0.0,20.36939043,0.0,0.0,0.0,0.0,0.0,19.69376339,0.0,0.0,0.0,0.0,0.0
revenue_max,synthetic_n20,synthetic_n20_p0.3,20,7,5,15.23939531,15.23939957,15.11295549,13.88638934,0,-2.216454668,solved (0.0 s),solved (0.0 s),1,0,opt,12.93931328,1.0,0.15093000629038741,1.0,1.0,1.0,16.58642266,0.0,0.0,0.0,0.0,0.0,,,,,,,-0.0,1.0,1.0,1.0,1.0,1.0,16.307691712,0.0,0.0,0.0,0.0,0.0,13.3656063,1.0,0.12295691343936935,1.0,1.0,1.0,28.2080617,0.0,0.0,0.0,0.0,0.0,23.96085992,0.0,0.0,0.0,0.0,0.0,21.5491846,0.0,0.0,0.0,0.0,0.0,22.30177727,0.0,0.0,0.0,0.0,0.0,21.71439732,0.0,0.0,0.0,0.0,0.0
revenue_max,synthetic_n20,synthetic_n20_p0.3,20,7,6,15.80486958,15.80486966,15.72567829,14.15286813,0,-2.216454668,solved (0.0 s),solved (0.0 s),1,0,opt,12.93931328,1.0,0.18130844329308282,1.0,1.0,1.0,15.82165995,0.0,0.0,0.0,0.0,0.0,,,,,,,-0.0,1.0,1.0,1.0,1.0,1.0,15.821659946919999,0.0,0.0,0.0,0.0,0.0,13.3656063,1.0,0.15433618529106524,1.0,1.0,1.0,33.20821539,0.0,0.0,0.0,0.0,0.0,25.48953442,0.0,0.0,0.0,0.0,0.0,23.42798196,0.0,0.0,0.0,0.0,0.0,23.57055404,0.0,0.0,0.0,0.0,0.0,23.35569669,0.0,0.0,0.0,0.0,0.0
revenue_max,synthetic_n20,synthetic_n20_p0.3,20,7,7,16.1185679,16.11856791,15.82165995,14.23966712,0,-2.216454668,solved (0.0 s),solved (0.0 s),1,0,opt,12.93931328,1.0,0.19724175495764723,1.0,1.0,1.0,15.82165995,1.0,0.018420243773641817,0.0,0.0,1.0,,,,,,,-0.0,1.0,1.0,1.0,1.0,1.0,15.821659946919999,1.0,0.018420243964725917,0.0,0.0,1.0,13.3656063,1.0,0.17079442895171842,1.0,1.0,1.0,38.18091145,0.0,0.0,0.0,0.0,0.0,25.68769398,0.0,0.0,0.0,0.0,0.0,24.84161118,0.0,0.0,0.0,0.0,0.0,23.89603929,0.0,0.0,0.0,0.0,0.0,23.7211169,0.0,0.0,0.0,0.0,0.0
revenue_max,synthetic_n20,synthetic_n20_p0.3,20,7,8,16.1185679,16.11856791,15.82165995,14.14389535,0,-2.216454668,solved (0.0 s),solved (0.0 s),1,0,opt,12.93931328,1.0,0.19724175495764723,1.0,1.0,1.0,15.82165995,1.0,0.018420243773641817,0.0,0.0,1.0,,,,,,,-0.0,1.0,1.0,1.0,1.0,1.0,15.821659946919999,1.0,0.018420243964725917,0.0,0.0,1.0,13.3656063,1.0,0.17079442895171842,1.0,1.0,1.0,43.14193589,0.0,0.0,0.0,0.0,0.0,25.87283494,0.0,0.0,0.0,0.0,0.0,24.96648559,0.0,0.0,0.0,0.0,0.0,23.89603929,0.0,0.0,0.0,0.0,0.0,23.7211169,0.0,0.0,0.0,0.0,0.0
revenue_max,synthetic_n20,synthetic_n20_p0.3,20,7,9,16.1185679,16.11856791,15.82165995,14.12802281,0,-2.216454668,solved (0.0 s),solved (0.0 s),1,0,opt,12.93931328,1.0,0.19724175495764723,1.0,1.0,1.0,15.82165995,1.0,0.018420243773641817,0.0,0.0,1.0,,,,,,,-0.0,1.0,1.0,1.0,1.0,1.0,15.821659946919999,1.0,0.018420243964725917,0.0,0.0,1.0,13.3656063,1.0,0.17079442895171842,1.0,1.0,1.0,47.24174526,0.0,0.0,0.0,0.0,0.0,26.05283609,0.0,0.0,0.0,0.0,0.0,24.96648559,0.0,0.0,0.0,0.0,0.0,23.89603929,0.0,0.0,0.0,0.0,0.0,23.7211169,0.0,0.0,0.0,0.0,0.0
revenue_max,synthetic_n20,synthetic_n20_p0.3,20,7,10,16.1185679,16.11856791,15.82165995,14.05248965,0,-2.216454668,solved (0.0 s),solved (0.0 s),1,0,opt,12.93931328,1.0,0.19724175495764723,1.0,1.0,1.0,15.82165995,1.0,0.018420243773641817,0.0,0.0,1.0,,,,,,,-0.0,1.0,1.0,1.0,1.0,1.0,15.821659946919999,1.0,0.018420243964725917,0.0,0.0,1.0,13.3656063,1.0,0.17079442895171842,1.0,1.0,1.0,50.8808864,0.0,0.0,0.0,0.0,0.0,26.05283609,0.0,0.0,0.0,0.0,0.0,24.96648559,0.0,0.0,0.0,0.0,0.0,23.89603929,0.0,0.0,0.0,0.0,0.0,23.7211169,0.0,0.0,0.0,0.0,0.0
revenue_max,synthetic_n20,synthetic_n20_p0.3,20,7,11,16.1185679,16.11856791,15.82165995,14.00658218,0,-2.216454668,solved (0.0 s),solved (0.0 s),1,0,opt,12.93931328,1.0,0.19724175495764723,1.0,1.0,1.0,15.82165995,1.0,0.018420243773641817,0.0,0.0,1.0,,,,,,,-0.0,1.0,1.0,1.0,1.0,1.0,15.821659946919999,1.0,0.018420243964725917,0.0,0.0,1.0,13.3656063,1.0,0.17079442895171842,1.0,1.0,1.0,54.31312885,0.0,0.0,0.0,0.0,0.0,26.05283609,0.0,0.0,0.0,0.0,0.0,24.96648559,0.0,0.0,0.0,0.0,0.0,23.89603929,0.0,0.0,0.0,0.0,0.0,23.7211169,0.0,0.0,0.0,0.0,0.0
revenue_max,synthetic_n20,synthetic_n20_p0.3,20,7,12,16.1185679,16.11856791,15.82165995,13.92550586,0,-2.216454668,solved (0.0 s),solved (0.0 s),1,0,opt,12.93931328,1.0,0.19724175495764723,1.0,1.0,1.0,15.82165995,1.0,0.018420243773641817,0.0,0.0,1.0,,,,,,,-0.0,1.0,1.0,1.0,1.0,1.0,15.821659946919999,1.0,0.018420243964725917,0.0,0.0,1.0,13.3656063,1.0,0.17079442895171842,1.0,1.0,1.0,57.63254079,0.0,0.0,0.0,0.0,0.0,26.05283609,0.0,0.0,0.0,0.0,0.0,24.96648559,0.0,0.0,0.0,0.0,0.0,23.89603929,0.0,0.0,0.0,0.0,0.0,23.7211169,0.0,0.0,0.0,0.0,0.0
revenue_max,synthetic_n20,synthetic_n20_p0.3,20,7,13,16.1185679,16.11856791,15.82165995,13.86228817,0,-2.216454668,solved (0.0 s),solved (0.0 s),1,0,opt,12.93931328,1.0,0.19724175495764723,1.0,1.0,1.0,15.82165995,1.0,0.018420243773641817,0.0,0.0,1.0,,,,,,,-0.0,1.0,1.0,1.0,1.0,1.0,15.821659946919999,1.0,0.018420243964725917,0.0,0.0,1.0,13.3656063,1.0,0.17079442895171842,1.0,1.0,1.0,60.76807237,0.0,0.0,0.0,0.0,0.0,26.05283609,0.0,0.0,0.0,0.0,0.0,24.96648559,0.0,0.0,0.0,0.0,0.0,23.89603929,0.0,0.0,0.0,0.0,0.0,23.7211169,0.0,0.0,0.0,0.0,0.0
revenue_max,synthetic_n20,synthetic_n20_p0.3,20,7,14,16.1185679,16.11856791,15.82165995,13.75792716,0,-2.216454668,solved (0.0 s),solved (0.0 s),1,0,opt,12.93931328,1.0,0.19724175495764723,1.0,1.0,1.0,15.82165995,1.0,0.018420243773641817,0.0,0.0,1.0,,,,,,,-0.0,1.0,1.0,1.0,1.0,1.0,15.821659946919999,1.0,0.018420243964725917,0.0,0.0,1.0,13.3656063,1.0,0.17079442895171842,1.0,1.0,1.0,63.90071155,0.0,0.0,0.0,0.0,0.0,26.05283609,0.0,0.0,0.0,0.0,0.0,24.96648559,0.0,0.0,0.0,0.0,0.0,23.89603929,0.0,0.0,0.0,0.0,0.0,23.7211169,0.0,0.0,0.0,0.0,0.0
revenue_max,synthetic_n20,synthetic_n20_p0.3,20,7,15,16.1185679,16.1185679,15.82165995,13.70959999,0,-2.216454668,solved (0.0 s),solved (0.0 s),1,0,opt,12.93931328,1.0,0.19724175495764723,1.0,1.0,1.0,15.82165995,1.0,0.018420243773641817,0.0,0.0,1.0,,,,,,,-0.0,1.0,1.0,1.0,1.0,1.0,15.821659946919999,1.0,0.018420243964725917,0.0,0.0,1.0,13.3656063,1.0,0.17079442895171842,1.0,1.0,1.0,66.86861676,0.0,0.0,0.0,0.0,0.0,26.05283609,0.0,0.0,0.0,0.0,0.0,24.96648559,0.0,0.0,0.0,0.0,0.0,23.89603929,0.0,0.0,0.0,0.0,0.0,23.7211169,0.0,0.0,0.0,0.0,0.0
revenue_max,synthetic_n20,synthetic_n20_p0.3,20,7,16,16.1185679,16.11856791,15.82165995,13.67722373,0,-2.216454668,solved (0.0 s),solved (0.0 s),1,0,opt,12.93931328,1.0,0.19724175495764723,1.0,1.0,1.0,15.82165995,1.0,0.018420243773641817,0.0,0.0,1.0,,,,,,,-0.0,1.0,1.0,1.0,1.0,1.0,15.821659946919999,1.0,0.018420243964725917,0.0,0.0,1.0,13.3656063,1.0,0.17079442895171842,1.0,1.0,1.0,69.75949258,0.0,0.0,0.0,0.0,0.0,26.05283609,0.0,0.0,0.0,0.0,0.0,24.96648559,0.0,0.0,0.0,0.0,0.0,23.89603929,0.0,0.0,0.0,0.0,0.0,23.7211169,0.0,0.0,0.0,0.0,0.0
revenue_max,synthetic_n20,synthetic_n20_p0.3,20,7,17,16.1185679,16.1185679,15.82165995,13.60193854,0,-2.216454668,solved (0.0 s),solved (0.0 s),1,0,opt,12.93931328,1.0,0.19724175495764723,1.0,1.0,1.0,15.82165995,1.0,0.018420243773641817,0.0,0.0,1.0,,,,,,,-0.0,1.0,1.0,1.0,1.0,1.0,15.821659946919999,1.0,0.018420243964725917,0.0,0.0,1.0,13.3656063,1.0,0.17079442895171842,1.0,1.0,1.0,72.11413625,0.0,0.0,0.0,0.0,0.0,26.05283609,0.0,0.0,0.0,0.0,0.0,24.96648559,0.0,0.0,0.0,0.0,0.0,23.89603929,0.0,0.0,0.0,0.0,0.0,23.7211169,0.0,0.0,0.0,0.0,0.0
revenue_max,synthetic_n20,synthetic_n20_p0.3,20,7,18,16.1185679,16.1185679,15.82165995,13.58448606,0,-2.216454668,solved (0.0 s),solved (0.0 s),1,0,opt,12.93931328,1.0,0.19724175495764723,1.0,1.0,1.0,15.82165995,1.0,0.018420243773641817,0.0,0.0,1.0,,,,,,,-0.0,1.0,1.0,1.0,1.0,1.0,15.821659946919999,1.0,0.018420243964725917,0.0,0.0,1.0,13.3656063,1.0,0.17079442895171842,1.0,1.0,1.0,74.04427085,0.0,0.0,0.0,0.0,0.0,26.05283609,0.0,0.0,0.0,0.0,0.0,24.96648559,0.0,0.0,0.0,0.0,0.0,23.89603929,0.0,0.0,0.0,0.0,0.0,23.7211169,0.0,0.0,0.0,0.0,0.0
revenue_max,synthetic_n20,synthetic_n20_p0.3,20,7,19,16.1185679,16.11856791,15.82165995,13.5348783,0,-2.216454668,solved (0.0 s),solved (0.0 s),1,0,opt,12.93931328,1.0,0.19724175495764723,1.0,1.0,1.0,15.82165995,1.0,0.018420243773641817,0.0,0.0,1.0,,,,,,,-0.0,1.0,1.0,1.0,1.0,1.0,15.821659946919999,1.0,0.018420243964725917,0.0,0.0,1.0,13.3656063,1.0,0.17079442895171842,1.0,1.0,1.0,75.6079953,0.0,0.0,0.0,0.0,0.0,26.05283609,0.0,0.0,0.0,0.0,0.0,24.96648559,0.0,0.0,0.0,0.0,0.0,23.89603929,0.0,0.0,0.0,0.0,0.0,23.7211169,0.0,0.0,0.0,0.0,0.0
revenue_max,synthetic_n20,synthetic_n20_p0.3,20,7,20,16.1185679,16.1185679,15.82165995,13.51671501,0,-2.216454668,solved (0.0 s),solved (0.0 s),1,0,opt,12.93931328,1.0,0.19724175495764723,1.0,1.0,1.0,15.82165995,1.0,0.018420243773641817,0.0,0.0,1.0,,,,,,,-0.0,1.0,1.0,1.0,1.0,1.0,15.821659946919999,1.0,0.018420243964725917,0.0,0.0,1.0,13.3656063,1.0,0.17079442895171842,1.0,1.0,1.0,76.69026501,0.0,0.0,0.0,0.0,0.0,26.05283609,0.0,0.0,0.0,0.0,0.0,24.96648559,0.0,0.0,0.0,0.0,0.0,23.89603929,0.0,0.0,0.0,0.0,0.0,23.7211169,0.0,0.0,0.0,0.0,0.0
revenue_max,synthetic_n20,synthetic_n20_p0.3,20,8,1,5.930859992,5.930861059,5.930861059,5.930861059,0,-2.147884226,solved (0.0 s),solved (0.0 s),1,0,opt,5.930861059,0.0,0.0,0.0,0.0,0.0,5.930861059,0.0,0.0,0.0,0.0,0.0,,,,,,,-0.0,1.0,1.0,1.0,1.0,1.0,5.930861059,0.0,0.0,0.0,0.0,0.0,5.930861059,0.0,0.0,0.0,0.0,0.0,5.930861059,0.0,0.0,0.0,0.0,0.0,5.930861059,0.0,0.0,0.0,0.0,0.0,5.930861059,0.0,0.0,0.0,0.0,0.0,5.930861059,0.0,0.0,0.0,0.0,0.0,5.930861059,0.0,0.0,0.0,0.0,0.0
revenue_max,synthetic_n20,synthetic_n20_p0.3,20,8,2,11.32426967,11.32427706,11.32427706,10.11949886,0,-2.147884226,solved (0.0 s),solved (0.0 s),1,0,opt,11.71789746,0.0,0.0,0.0,0.0,0.0,11.7644537,0.0,0.0,0.0,0.0,0.0,,,,,,,-0.0,1.0,1.0,1.0,1.0,1.0,11.71789746,0.0,0.0,0.0,0.0,0.0,11.71789746,0.0,0.0,0.0,0.0,0.0,11.7644537,0.0,0.0,0.0,0.0,0.0,11.7644537,0.0,0.0,0.0,0.0,0.0,11.71789746,0.0,0.0,0.0,0.0,0.0,11.70950662,0.0,0.0,0.0,0.0,0.0,11.70950662,0.0,0.0,0.0,0.0,0.0
revenue_max,synthetic_n20,synthetic_n20_p0.3,20,8,3,13.72279763,13.72280692,13.72280692,12.35688978,0,-2.147884226,solved (0.0 s),solved (0.0 s),1,0,opt,13.6364041,1.0,0.006295620785890762,1.0,0.0,1.0,16.39069431,0.0,0.0,0.0,0.0,0.0,,,,,,,-0.0,1.0,1.0,1.0,1.0,1.0,16.004976734,0.0,0.0,0.0,0.0,0.0,13.6364041,1.0,0.006295620785890762,1.0,0.0,1.0,17.5514901,0.0,0.0,0.0,0.0,0.0,17.5514901,0.0,0.0,0.0,0.0,0.0,16.09002104,0.0,0.0,0.0,0.0,0.0,16.36489004,0.0,0.0,0.0,0.0,0.0,16.35081727,0.0,0.0,0.0,0.0,0.0
revenue_max,synthetic_n20,synthetic_n20_p0.3,20,8,4,14.89167077,14.89168006,14.89168006,13.57645087,0,-2.147884226,solved (0.0 s),solved (0.0 s),1,0,opt,13.6364041,1.0,0.08429320587242604,1.0,0.0,1.0,15.96089169,0.0,0.0,0.0,0.0,0.0,,,,,,,-0.0,1.0,1.0,1.0,1.0,1.0,15.960891693,0.0,0.0,0.0,0.0,0.0,13.6364041,1.0,0.08429320587242604,1.0,0.0,1.0,22.25384136,0.0,0.0,0.0,0.0,0.0,22.25384136,0.0,0.0,0.0,0.0,0.0,19.41196516,0.0,0.0,0.0,0.0,0.0,20.00111243,0.0,0.0,0.0,0.0,0.0,19.32490062,0.0,0.0,0.0,0.0,0.0
revenue_max,synthetic_n20,synthetic_n20_p0.3,20,8,5,15.28362454,15.28363383,15.28363383,13.95247947,0,-2.147884226,solved (0.0 s),solved (0.0 s),1,0,opt,13.6364041,1.0,0.10777681928059192,1.0,1.0,1.0,15.34140413,0.0,0.0,0.0,0.0,0.0,,,,,,,-0.0,1.0,1.0,1.0,1.0,1.0,15.34140413111,0.0,0.0,0.0,0.0,0.0,13.6364041,1.0,0.10777681928059192,1.0,1.0,1.0,26.94454344,0.0,0.0,0.0,0.0,0.0,23.26327963,0.0,0.0,0.0,0.0,0.0,22.07793647,0.0,0.0,0.0,0.0,0.0,21.47534681,0.0,0.0,0.0,0.0,0.0,21.01554632,0.0,0.0,0.0,0.0,0.0
revenue_max,synthetic_n20,synthetic_n20_p0.3,20,8,6,15.76489831,15.76490603,15.34140413,14.12478192,0,-2.147884226,solved (0.0 s),solved (0.0 s),1,0,opt,13.6364041,1.0,0.13501477574706916,1.0,1.0,1.0,15.34140413,1.0,0.02686310889372294,0.0,0.0,1.0,,,,,,,-0.0,1.0,1.0,1.0,1.0,1.0,15.34140413,1.0,0.02686310889372294,0.0,0.0,1.0,13.6364041,1.0,0.13501477574706916,1.0,1.0,1.0,31.51001885,0.0,0.0,0.0,0.0,0.0,23.52021747,0.0,0.0,0.0,0.0,0.0,22.85274116,0.0,0.0,0.0,0.0,0.0,21.87176583,0.0,0.0,0.0,0.0,0.0,21.87152701,0.0,0.0,0.0,0.0,0.0
revenue_max,synthetic_n20,synthetic_n20_p0.3,20,8,7,15.76489831,15.76490603,15.34140413,14.0682532,0,-2.147884226,solved (0.0 s),solved (0.0 s),1,0,opt,13.6364041,1.0,0.13501477574706916,1.0,1.0,1.0,15.34140413,1.0,0.02686310889372294,0.0,0.0,1.0,,,,,,,-0.0,1.0,1.0,1.0,1.0,1.0,15.34140413,1.0,0.02686310889372294,0.0,0.0,1.0,13.6364041,1.0,0.13501477574706916,1.0,1.0,1.0,35.97690489,0.0,0.0,0.0,0.0,0.0,23.67254096,0.0,0.0,0.0,0.0,0.0,23.0004654,0.0,0.0,0.0,0.0,0.0,21.87176583,0.0,0.0,0.0,0.0,0.0,21.87152701,0.0,0.0,0.0,0.0,0.0
revenue_max,synthetic_n20,synthetic_n20_p0.3,20,8,8,15.76489831,15.76490603,15.34140413,13.92865634,0,-2.147884226,solved (0.0 s),solved (0.0 s),1,0,opt,13.6364041,1.0,0.13501477574706916,1.0,1.0,1.0,15.34140413,1.0,0.02686310889372294,0.0,0.0,1.0,,,,,,,-0.0,1.0,1.0,1.0,1.0,1.0,15.34140413,1.0,0.02686310889372294,0.0,0.0,1.0,13.6364041,1.0,0.13501477574706916,1.0,1.0,1.0,40.34902847,0.0,0.0,0.0,0.0,0.0,23.80971015,0.0,0.0,0.0,0.0,0.0,23.13432362,0.0,0.0,0.0,0.0,0.0,21.87176583,0.0,0.0,0.0,0.0,0.0,21.87152701,0.0,0.0,0.0,0.0,0.0
revenue_max,synthetic_n20,synthetic_n20_p0.3,20,8,9,15.76489831,15.76490603,15.34140413,13.83812256,0,-2.147884226,solved (0.0 s),solved (0.0 s),1,0,opt,13.6364041,1.0,0.13501477574706916,1.0,1.0,1.0,15.34140413,1.0,0.02686310889372294,0.0,0.0,1.0,,,,,,,-0.0,1.0,1.0,1.0,1.0,1.0,15.34140413,1.0,0.02686310889372294,0.0,0.0,1.0,13.6364041,1.0,0.13501477574706916,1.0,1.0,1.0,44.4781514,0.0,0.0,0.0,0.0,0.0,23.80971015,0.0,0.0,0.0,0.0,0.0,23.24275536,0.0,0.0,0.0,0.0,0.0,21.87176583,0.0,0.0,0.0,0.0,0.0,21.87152701,0.0,0.0,0.0,0.0,0.0
revenue_max,synthetic_n20,synthetic_n20_p0.3,20,8,10,15.76489831,15.76489831,15.34140413,13.82026264,0,-2.147884226,solved (0.0 s),solved (0.0 s),1,0,opt,13.6364041,1.0,0.13501477574706916,1.0,1.0,1.0,15.34140413,1.0,0.02686310889372294,0.0,0.0,1.0,,,,,,,-0.0,1.0,1.0,1.0,1.0,1.0,15.34140413,1.0,0.02686310889372294,0.0,0.0,1.0,13.6364041,1.0,0.13501477574706916,1.0,1.0,1.0,48.02383718,0.0,0.0,0.0,0.0,0.0,23.80971015,0.0,0.0,0.0,0.0,0.0,23.30983524,0.0,0.0,0.0,0.0,0.0,21.87176583,0.0,0.0,0.0,0.0,0.0,21.87152701,0.0,0.0,0.0,0.0,0.0
revenue_max,synthetic_n20,synthetic_n20_p0.3,20,8,11,15.76489831,15.76490603,15.34140413,13.61814802,0,-2.147884226,solved (0.0 s),solved (0.0 s),1,0,opt,13.6364041,1.0,0.13501477574706916,1.0,0.0,1.0,15.34140413,1.0,0.02686310889372294,0.0,0.0,1.0,,,,,,,-0.0,1.0,1.0,1.0,1.0,1.0,15.34140413,1.0,0.02686310889372294,0.0,0.0,1.0,13.6364041,1.0,0.13501477574706916,1.0,0.0,1.0,51.34578131,0.0,0.0,0.0,0.0,0.0,23.80971015,0.0,0.0,0.0,0.0,0.0,23.30983524,0.0,0.0,0.0,0.0,0.0,21.87176583,0.0,0.0,0.0,0.0,0.0,21.87152701,0.0,0.0,0.0,0.0,0.0
revenue_max,synthetic_n20,synthetic_n20_p0.3,20,8,12,15.76489831,15.76490603,15.34140413,13.59277796,0,-2.147884226,solved (0.0 s),solved (0.0 s),1,0,opt,13.6364041,1.0,0.13501477574706916,1.0,0.0,1.0,15.34140413,1.0,0.02686310889372294,0.0,0.0,1.0,,,,,,,-0.0,1.0,1.0,1.0,1.0,1.0,15.34140413,1.0,0.02686310889372294,0.0,0.0,1.0,13.6364041,1.0,0.13501477574706916,1.0,0.0,1.0,54.20380382,0.0,0.0,0.0,0.0,0.0,23.80971015,0.0,0.0,0.0,0.0,0.0,23.30983524,0.0,0.0,0.0,0.0,0.0,21.87176583,0.0,0.0,0.0,0.0,0.0,21.87152701,0.0,0.0,0.0,0.0,0.0
revenue_max,synthetic_n20,synthetic_n20_p0.3,20,8,13,15.76489831,15.76490603,15.34140413,13.50573449,0,-2.147884226,solved (0.0 s),solved (0.0 s),1,0,opt,13.6364041,1.0,0.13501477574706916,1.0,0.0,1.0,15.34140413,1.0,0.02686310889372294,0.0,0.0,1.0,,,,,,,-0.0,1.0,1.0,1.0,1.0,1.0,15.34140413,1.0,0.02686310889372294,0.0,0.0,1.0,13.6364041,1.0,0.13501477574706916,1.0,0.0,1.0,56.99608787,0.0,0.0,0.0,0.0,0.0,23.80971015,0.0,0.0,0.0,0.0,0.0,23.30983524,0.0,0.0,0.0,0.0,0.0,21.87176583,0.0,0.0,0.0,0.0,0.0,21.87152701,0.0,0.0,0.0,0.0,0.0
revenue_max,synthetic_n20,synthetic_n20_p0.3,20,8,14,15.76489831,15.76489831,15.34140413,13.42065944,0,-2.147884226,solved (0.0 s),solved (0.0 s),1,0,opt,13.6364041,1.0,0.13501477574706916,1.0,0.0,1.0,15.34140413,1.0,0.02686310889372294,0.0,0.0,1.0,,,,,,,-0.0,1.0,1.0,1.0,1.0,1.0,15.34140413,1.0,0.02686310889372294,0.0,0.0,1.0,13.6364041,1.0,0.13501477574706916,1.0,0.0,1.0,59.7463695,0.0,0.0,0.0,0.0,0.0,23.80971015,0.0,0.0,0.0,0.0,0.0,23.30983524,0.0,0.0,0.0,0.0,0.0,21.87176583,0.0,0.0,0.0,0.0,0.0,21.87152701,0.0,0.0,0.0,0.0,0.0
revenue_max,synthetic_n20,synthetic_n20_p0.3,20,8,15,15.76489831,15.76490603,15.34140413,13.32887973,0,-2.147884226,solved (0.0 s),solved (0.0 s),1,0,opt,13.6364041,1.0,0.13501477574706916,1.0,0.0,1.0,15.34140413,1.0,0.02686310889372294,0.0,0.0,1.0,,,,,,,-0.0,1.0,1.0,1.0,1.0,1.0,15.34140413,1.0,0.02686310889372294,0.0,0.0,1.0,13.6364041,1.0,0.13501477574706916,1.0,0.0,1.0,62.39694511,0.0,0.0,0.0,0.0,0.0,23.80971015,0.0,0.0,0.0,0.0,0.0,23.30983524,0.0,0.0,0.0,0.0,0.0,21.87176583,0.0,0.0,0.0,0.0,0.0,21.87152701,0.0,0.0,0.0,0.0,0.0
revenue_max,synthetic_n20,synthetic_n20_p0.3,20,8,16,15.76489831,15.76489831,15.34140413,13.30169171,0,-2.147884226,solved (0.0 s),solved (0.0 s),1,0,opt,13.6364041,1.0,0.13501477574706916,1.0,0.0,1.0,15.34140413,1.0,0.02686310889372294,0.0,0.0,1.0,,,,,,,-0.0,1.0,1.0,1.0,1.0,1.0,15.34140413,1.0,0.02686310889372294,0.0,0.0,1.0,13.6364041,1.0,0.13501477574706916,1.0,0.0,1.0,64.86276692,0.0,0.0,0.0,0.0,0.0,23.80971015,0.0,0.0,0.0,0.0,0.0,23.30983524,0.0,0.0,0.0,0.0,0.0,21.87176583,0.0,0.0,0.0,0.0,0.0,21.87152701,0.0,0.0,0.0,0.0,0.0
revenue_max,synthetic_n20,synthetic_n20_p0.3,20,8,17,15.76489831,15.76489831,15.34140413,13.24254338,0,-2.147884226,solved (0.0 s),solved (0.0 s),1,0,opt,13.6364041,1.0,0.13501477574706916,1.0,0.0,1.0,15.34140413,1.0,0.02686310889372294,0.0,0.0,1.0,,,,,,,-0.0,1.0,1.0,1.0,1.0,1.0,15.34140413,1.0,0.02686310889372294,0.0,0.0,1.0,13.6364041,1.0,0.13501477574706916,1.0,0.0,1.0,67.10498486,0.0,0.0,0.0,0.0,0.0,23.80971015,0.0,0.0,0.0,0.0,0.0,23.30983524,0.0,0.0,0.0,0.0,0.0,21.87176583,0.0,0.0,0.0,0.0,0.0,21.87152701,0.0,0.0,0.0,0.0,0.0
revenue_max,synthetic_n20,synthetic_n20_p0.3,20,8,18,15.76489831,15.76489831,15.34140413,13.14579762,0,-2.147884226,solved (0.0 s),solved (0.0 s),1,0,opt,13.6364041,1.0,0.13501477574706916,1.0,0.0,1.0,15.34140413,1.0,0.02686310889372294,0.0,0.0,1.0,,,,,,,-0.0,1.0,1.0,1.0,1.0,1.0,15.34140413,1.0,0.02686310889372294,0.0,0.0,1.0,13.6364041,1.0,0.13501477574706916,1.0,0.0,1.0,69.31987493,0.0,0.0,0.0,0.0,0.0,23.80971015,0.0,0.0,0.0,0.0,0.0,23.30983524,0.0,0.0,0.0,0.0,0.0,21.87176583,0.0,0.0,0.0,0.0,0.0,21.87152701,0.0,0.0,0.0,0.0,0.0
revenue_max,synthetic_n20,synthetic_n20_p0.3,20,8,19,15.76489831,15.76489831,15.34140413,13.16751807,0,-2.147884226,solved (0.0 s),solved (0.0 s),1,0,opt,13.6364041,1.0,0.13501477574706916,1.0,0.0,1.0,15.34140413,1.0,0.02686310889372294,0.0,0.0,1.0,,,,,,,-0.0,1.0,1.0,1.0,1.0,1.0,15.34140413,1.0,0.02686310889372294,0.0,0.0,1.0,13.6364041,1.0,0.13501477574706916,1.0,0.0,1.0,71.48446355,0.0,0.0,0.0,0.0,0.0,23.80971015,0.0,0.0,0.0,0.0,0.0,23.30983524,0.0,0.0,0.0,0.0,0.0,21.87176583,0.0,0.0,0.0,0.0,0.0,21.87152701,0.0,0.0,0.0,0.0,0.0
revenue_max,synthetic_n20,synthetic_n20_p0.3,20,8,20,15.76489831,15.76489831,15.34140413,13.19996453,0,-2.147884226,solved (0.0 s),solved (0.0 s),1,0,opt,13.6364041,1.0,0.13501477574706916,1.0,0.0,1.0,15.34140413,1.0,0.02686310889372294,0.0,0.0,1.0,,,,,,,-0.0,1.0,1.0,1.0,1.0,1.0,15.34140413,1.0,0.02686310889372294,0.0,0.0,1.0,13.6364041,1.0,0.13501477574706916,1.0,0.0,1.0,72.45205349,0.0,0.0,0.0,0.0,0.0,23.80971015,0.0,0.0,0.0,0.0,0.0,23.30983524,0.0,0.0,0.0,0.0,0.0,21.87176583,0.0,0.0,0.0,0.0,0.0,21.87152701,0.0,0.0,0.0,0.0,0.0
revenue_max,synthetic_n20,synthetic_n20_p0.3,20,9,1,6.462991641,6.462993027,6.462993027,6.462993027,0,-2.21649027,solved (0.0 s),solved (0.0 s),1,0,opt,6.462993027,0.0,0.0,0.0,0.0,0.0,6.462993027,0.0,0.0,0.0,0.0,0.0,,,,,,,-0.0,1.0,1.0,1.0,1.0,1.0,6.462993027,0.0,0.0,0.0,0.0,0.0,6.462993027,0.0,0.0,0.0,0.0,0.0,6.462993027,0.0,0.0,0.0,0.0,0.0,6.462993027,0.0,0.0,0.0,0.0,0.0,6.462993027,0.0,0.0,0.0,0.0,0.0,6.462993027,0.0,0.0,0.0,0.0,0.0,6.462993027,0.0,0.0,0.0,0.0,0.0
revenue_max,synthetic_n20,synthetic_n20_p0.3,20,9,2,11.1568719,11.1568748,11.1568748,10.97208717,0,-2.21649027,solved (0.0 s),solved (0.0 s),1,0,opt,11.75871896,0.0,0.0,0.0,0.0,0.0,12.80708338,0.0,0.0,0.0,0.0,0.0,,,,,,,-0.0,1.0,1.0,1.0,1.0,1.0,11.75871896,0.0,0.0,0.0,0.0,0.0,11.75871896,0.0,0.0,0.0,0.0,0.0,12.80708338,0.0,0.0,0.0,0.0,0.0,12.80708338,0.0,0.0,0.0,0.0,0.0,11.75871896,0.0,0.0,0.0,0.0,0.0,12.46523112,0.0,0.0,0.0,0.0,0.0,12.46523112,0.0,0.0,0.0,0.0,0.0
revenue_max,synthetic_n20,synthetic_n20_p0.3,20,9,3,13.31831176,13.31831613,13.28076217,12.48239129,0,-2.21649027,solved (0.0 s),solved (0.0 s),1,0,opt,13.72571162,0.0,0.0,0.0,0.0,0.0,16.98984527,0.0,0.0,0.0,0.0,0.0,,,,,,,-0.0,1.0,1.0,1.0,1.0,1.0,15.71155335,0.0,0.0,0.0,0.0,0.0,14.45725993,0.0,0.0,0.0,0.0,0.0,18.10280932,0.0,0.0,0.0,0.0,0.0,18.10280932,0.0,0.0,0.0,0.0,0.0,15.71155335,0.0,0.0,0.0,0.0,0.0,16.70098839,0.0,0.0,0.0,0.0,0.0,16.3678821,0.0,0.0,0.0,0.0,0.0
revenue_max,synthetic_n20,synthetic_n20_p0.3,20,9,4,14.71336131,14.71336544,14.71336544,13.60450427,0,-2.21649027,solved (0.0 s),solved (0.0 s),1,0,opt,13.72571162,1.0,0.06712604069124159,1.0,0.0,1.0,16.50315937,0.0,0.0,0.0,0.0,0.0,,,,,,,-0.0,1.0,1.0,1.0,1.0,1.0,16.382327083,0.0,0.0,0.0,0.0,0.0,14.45725993,1.0,0.017406041665403816,1.0,0.0,1.0,22.92657072,0.0,0.0,0.0,0.0,0.0,22.92657072,0.0,0.0,0.0,0.0,0.0,19.29124457,0.0,0.0,0.0,0.0,0.0,19.51359067,0.0,0.0,0.0,0.0,0.0,19.27874593,0.0,0.0,0.0,0.0,0.0
revenue_max,synthetic_n20,synthetic_n20_p0.3,20,9,5,15.36799241,15.36799644,15.34082063,14.14359125,0,-2.21649027,solved (0.0 s),solved (0.0 s),1,0,opt,13.72571162,1.0,0.10686371688545096,1.0,1.0,1.0,16.19582126,0.0,0.0,0.0,0.0,0.0,,,,,,,-0.0,1.0,1.0,1.0,1.0,1.0,16.195821262,0.0,0.0,0.0,0.0,0.0,14.45725993,1.0,0.05926164301118367,1.0,0.0,1.0,27.52480669,0.0,0.0,0.0,0.0,0.0,24.50001142,0.0,0.0,0.0,0.0,0.0,22.58677622,0.0,0.0,0.0,0.0,0.0,21.70970509,0.0,0.0,0.0,0.0,0.0,21.64219551,0.0,0.0,0.0,0.0,0.0
revenue_max,synthetic_n20,synthetic_n20_p0.3,20,9,6,16.1631165,16.16312053,15.73958811,14.26307585,0,-2.21649027,solved (0.0 s),solved (0.0 s),1,0,opt,13.72571162,1.0,0.15080042762792686,1.0,1.0,1.0,16.19582126,0.0,0.0,0.0,0.0,0.0,,,,,,,-0.0,1.0,1.0,1.0,1.0,1.0,16.195821262,0.0,0.0,0.0,0.0,0.0,14.45725993,1.0,0.10554007762055057,1.0,0.0,1.0,32.10004056,0.0,0.0,0.0,0.0,0.0,24.77599372,0.0,0.0,0.0,0.0,0.0,23.57935163,0.0,0.0,0.0,0.0,0.0,23.20666164,0.0,0.0,0.0,0.0,0.0,23.20666164,0.0,0.0,0.0,0.0,0.0
revenue_max,synthetic_n20,synthetic_n20_p0.3,20,9,7,16.58357994,16.58358396,16.06054735,14.29693018,0,-2.21649027,solved (0.0 s),solved (0.0 s),1,0,opt,13.72571162,1.0,0.1723312053452796,1.0,1.0,1.0,16.06054735,1.0,0.03153918465689259,0.0,0.0,1.0,,,,,,,-0.0,1.0,1.0,1.0,1.0,1.0,16.06054735,1.0,0.03153918465689259,0.0,0.0,1.0,14.45725993,1.0,0.12821839540636606,1.0,0.0,1.0,36.18036944,0.0,0.0,0.0,0.0,0.0,24.77599372,0.0,0.0,0.0,0.0,0.0,23.83399996,0.0,0.0,0.0,0.0,0.0,23.08802716,0.0,0.0,0.0,0.0,0.0,23.08802716,0.0,0.0,0.0,0.0,0.0
revenue_max,synthetic_n20,synthetic_n20_p0.3,20,9,8,16.58357994,16.58358396,16.06054735,14.23202475,0,-2.21649027,solved (0.0 s),solved (0.0 s),1,0,opt,13.72571162,1.0,0.1723312053452796,1.0,1.0,1.0,16.06054735,1.0,0.03153918465689259,0.0,0.0,1.0,,,,,,,-0.0,1.0,1.0,1.0,1.0,1.0,16.06054735,1.0,0.03153918465689259,0.0,0.0,1.0,14.45725993,1.0,0.12821839540636606,1.0,0.0,1.0,39.96603973,0.0,0.0,0.0,0.0,0.0,24.77599372,0.0,0.0,0.0,0.0,0.0,24.04556221,0.0,0.0,0.0,0.0,0.0,23.08802716,0.0,0.0,0.0,0.0,0.0,23.08802716,0.0,0.0,0.0,0.0,0.0
revenue_max,synthetic_n20,synthetic_n20_p0.3,20,9,9,16.58357994,16.58358396,16.06054735,14.17153499,0,-2.21649027,solved (0.0 s),solved (0.0 s),1,0,opt,13.72571162,1.0,0.1723312053452796,1.0,1.0,1.0,16.06054735,1.0,0.03153918465689259,0.0,0.0,1.0,,,,,,,-0.0,1.0,1.0,1.0,1.0,1.0,16.06054735,1.0,0.03153918465689259,0.0,0.0,1.0,14.45725993,1.0,0.12821839540636606,1.0,0.0,1.0,43.67502211,0.0,0.0,0.0,0.0,0.0,24.77599372,0.0,0.0,0.0,0.0,0.0,24.22099443,0.0,0.0,0.0,0.0,0.0,23.08802716,0.0,0.0,0.0,0.0,0.0,23.08802716,0.0,0.0,0.0,0.0,0.0
revenue_max,synthetic_n20,synthetic_n20_p0.3,20,9,10,16.58357994,16.58358396,16.06054735,14.06473517,0,-2.21649027,solved (0.0 s),solved (0.0 s),1,0,opt,13.72571162,1.0,0.1723312053452796,1.0,1.0,1.0,16.06054735,1.0,0.03153918465689259,0.0,0.0,1.0,,,,,,,-0.0,1.0,1.0,1.0,1.0,1.0,16.06054735,1.0,0.03153918465689259,0.0,0.0,1.0,14.45725993,1.0,0.12821839540636606,1.0,0.0,1.0,47.25957532,0.0,0.0,0.0,0.0,0.0,24.77599372,0.0,0.0,0.0,0.0,0.0,24.39112832,0.0,0.0,0.0,0.0,0.0,23.08802716,0.0,0.0,0.0,0.0,0.0,23.08802716,0.0,0.0,0.0,0.0,0.0
revenue_max,synthetic_n20,synthetic_n20_p0.3,20,9,11,16.58357994,16.58358396,16.06054735,13.98457124,0,-2.21649027,solved (0.0 s),solved (0.0 s),1,0,opt,13.72571162,1.0,0.1723312053452796,1.0,1.0,1.0,16.06054735,1.0,0.03153918465689259,0.0,0.0,1.0,,,,,,,-0.0,1.0,1.0,1.0,1.0,1.0,16.06054735,1.0,0.03153918465689259,0.0,0.0,1.0,14.45725993,1.0,0.12821839540636606,1.0,0.0,1.0,50.83926654,0.0,0.0,0.0,0.0,0.0,24.77599372,0.0,0.0,0.0,0.0,0.0,24.41783973,0.0,0.0,0.0,0.0,0.0,23.08802716,0.0,0.0,0.0,0.0,0.0,23.08802716,0.0,0.0,0.0,0.0,0.0
revenue_max,synthetic_n20,synthetic_n20_p0.3,20,9,12,16.58357994,16.58358396,16.06054735,13.92582724,0,-2.21649027,solved (0.0 s),solved (0.0 s),1,0,opt,13.72571162,1.0,0.1723312053452796,1.0,1.0,1.0,16.06054735,1.0,0.03153918465689259,0.0,0.0,1.0,,,,,,,-0.0,1.0,1.0,1.0,1.0,1.0,16.06054735,1.0,0.03153918465689259,0.0,0.0,1.0,14.45725993,1.0,0.12821839540636606,1.0,0.0,1.0,54.23318414,0.0,0.0,0.0,0.0,0.0,24.77599372,0.0,0.0,0.0,0.0,0.0,24.41783973,0.0,0.0,0.0,0.0,0.0,23.08802716,0.0,0.0,0.0,0.0,0.0,23.08802716,0.0,0.0,0.0,0.0,0.0
revenue_max,synthetic_n20,synthetic_n20_p0.3,20,9,13,16.58357994,16.58358396,16.06054735,13.84450454,0,-2.21649027,solved (0.0 s),solved (0.0 s),1,0,opt,13.72571162,1.0,0.1723312053452796,1.0,1.0,1.0,16.06054735,1.0,0.03153918465689259,0.0,0.0,1.0,,,,,,,-0.0,1.0,1.0,1.0,1.0,1.0,16.06054735,1.0,0.03153918465689259,0.0,0.0,1.0,14.45725993,1.0,0.12821839540636606,1.0,0.0,1.0,57.58468715,0.0,0.0,0.0,0.0,0.0,24.77599372,0.0,0.0,0.0,0.0,0.0,24.41783973,0.0,0.0,0.0,0.0,0.0,23.08802716,0.0,0.0,0.0,0.0,0.0,23.08802716,0.0,0.0,0.0,0.0,0.0
revenue_max,synthetic_n20,synthetic_n20_p0.3,20,9,14,16.58357994,16.58357994,16.06054735,13.80165303,0,-2.21649027,solved (0.0 s),solved (0.0 s),1,0,opt,13.72571162,1.0,0.1723312053452796,1.0,1.0,1.0,16.06054735,1.0,0.03153918465689259,0.0,0.0,1.0,,,,,,,-0.0,1.0,1.0,1.0,1.0,1.0,16.06054735,1.0,0.03153918465689259,0.0,0.0,1.0,14.45725993,1.0,0.12821839540636606,1.0,0.0,1.0,60.88021881,0.0,0.0,0.0,0.0,0.0,24.77599372,0.0,0.0,0.0,0.0,0.0,24.41783973,0.0,0.0,0.0,0.0,0.0,23.08802716,0.0,0.0,0.0,0.0,0.0,23.08802716,0.0,0.0,0.0,0.0,0.0
revenue_max,synthetic_n20,synthetic_n20_p0.3,20,9,15,16.58357994,16.58357994,16.06054735,13.69395153,0,-2.21649027,solved (0.0 s),solved (0.0 s),1,0,opt,13.72571162,1.0,0.1723312053452796,1.0,0.0,1.0,16.06054735,1.0,0.03153918465689259,0.0,0.0,1.0,,,,,,,-0.0,1.0,1.0,1.0,1.0,1.0,16.06054735,1.0,0.03153918465689259,0.0,0.0,1.0,14.45725993,1.0,0.12821839540636606,1.0,0.0,1.0,64.0090296,0.0,0.0,0.0,0.0,0.0,24.77599372,0.0,0.0,0.0,0.0,0.0,24.41783973,0.0,0.0,0.0,0.0,0.0,23.08802716,0.0,0.0,0.0,0.0,0.0,23.08802716,0.0,0.0,0.0,0.0,0.0
revenue_max,synthetic_n20,synthetic_n20_p0.3,20,9,16,16.58357994,16.58357994,16.06054735,13.65179162,0,-2.21649027,solved (0.0 s),solved (0.0 s),1,0,opt,13.72571162,1.0,0.1723312053452796,1.0,0.0,1.0,16.06054735,1.0,0.03153918465689259,0.0,0.0,1.0,,,,,,,-0.0,1.0,1.0,1.0,1.0,1.0,16.06054735,1.0,0.03153918465689259,0.0,0.0,1.0,14.45725993,1.0,0.12821839540636606,1.0,0.0,1.0,67.02502442,0.0,0.0,0.0,0.0,0.0,24.77599372,0.0,0.0,0.0,0.0,0.0,24.41783973,0.0,0.0,0.0,0.0,0.0,23.08802716,0.0,0.0,0.0,0.0,0.0,23.08802716,0.0,0.0,0.0,0.0,0.0
revenue_max,synthetic_n20,synthetic_n20_p0.3,20,9,17,16.58357994,16.58357994,16.06054735,13.58014552,0,-2.21649027,solved (0.0 s),solved (0.0 s),1,0,opt,13.72571162,1.0,0.1723312053452796,1.0,0.0,1.0,16.06054735,1.0,0.03153918465689259,0.0,0.0,1.0,,,,,,,-0.0,1.0,1.0,1.0,1.0,1.0,16.06054735,1.0,0.03153918465689259,0.0,0.0,1.0,14.45725993,1.0,0.12821839540636606,1.0,0.0,1.0,69.71575022,0.0,0.0,0.0,0.0,0.0,24.77599372,0.0,0.0,0.0,0.0,0.0,24.41783973,0.0,0.0,0.0,0.0,0.0,23.08802716,0.0,0.0,0.0,0.0,0.0,23.08802716,0.0,0.0,0.0,0.0,0.0
revenue_max,synthetic_n20,synthetic_n20_p0.3,20,9,18,16.58357994,16.58358396,16.06054735,13.53911348,0,-2.21649027,solved (0.0 s),solved (0.0 s),1,0,opt,13.72571162,1.0,0.1723312053452796,1.0,0.0,1.0,16.06054735,1.0,0.03153918465689259,0.0,0.0,1.0,,,,,,,-0.0,1.0,1.0,1.0,1.0,1.0,16.06054735,1.0,0.03153918465689259,0.0,0.0,1.0,14.45725993,1.0,0.12821839540636606,1.0,0.0,1.0,71.92480657,0.0,0.0,0.0,0.0,0.0,24.77599372,0.0,0.0,0.0,0.0,0.0,24.41783973,0.0,0.0,0.0,0.0,0.0,23.08802716,0.0,0.0,0.0,0.0,0.0,23.08802716,0.0,0.0,0.0,0.0,0.0
revenue_max,synthetic_n20,synthetic_n20_p0.3,20,9,19,16.58357994,16.58358396,16.06054735,13.44183987,0,-2.21649027,solved (0.0 s),solved (0.0 s),1,0,opt,13.72571162,1.0,0.1723312053452796,1.0,0.0,1.0,16.06054735,1.0,0.03153918465689259,0.0,0.0,1.0,,,,,,,-0.0,1.0,1.0,1.0,1.0,1.0,16.06054735,1.0,0.03153918465689259,0.0,0.0,1.0,14.45725993,1.0,0.12821839540636606,1.0,0.0,1.0,73.87854171,0.0,0.0,0.0,0.0,0.0,24.77599372,0.0,0.0,0.0,0.0,0.0,24.41783973,0.0,0.0,0.0,0.0,0.0,23.08802716,0.0,0.0,0.0,0.0,0.0,23.08802716,0.0,0.0,0.0,0.0,0.0
revenue_max,synthetic_n20,synthetic_n20_p0.3,20,9,20,16.58357994,16.58358396,16.06054735,13.43234605,0,-2.21649027,solved (0.0 s),solved (0.0 s),1,0,opt,13.72571162,1.0,0.1723312053452796,1.0,0.0,1.0,16.06054735,1.0,0.03153918465689259,0.0,0.0,1.0,,,,,,,-0.0,1.0,1.0,1.0,1.0,1.0,16.06054735,1.0,0.03153918465689259,0.0,0.0,1.0,14.45725993,1.0,0.12821839540636606,1.0,0.0,1.0,75.36772569,0.0,0.0,0.0,0.0,0.0,24.77599372,0.0,0.0,0.0,0.0,0.0,24.41783973,0.0,0.0,0.0,0.0,0.0,23.08802716,0.0,0.0,0.0,0.0,0.0,23.08802716,0.0,0.0,0.0,0.0,0.0
