problem,instance,seed,k,prefix,size,f_S,penalty_S,dual_S,bound_S
revenue_max,synthetic_n200_p0.1,0,1,0,0,0,0,22.52107081,22.52107081
revenue_max,synthetic_n200_p0.1,0,1,1,1,22.52107081,4.178187848,19.80406683,46.50332548
revenue_max,synthetic_n200_p0.1,0,5,0,0,0,0,105.7517802,105.7517802
revenue_max,synthetic_n200_p0.1,0,5,1,1,22.52107081,4.178187848,94.62306551,121.3223242
revenue_max,synthetic_n200_p0.1,0,5,2,2,42.32513763,8.221460347,83.20343219,133.7500302
revenue_max,synthetic_n200_p0.1,0,5,3,3,59.95295281,12.29581677,76.75963107,149.0084007
revenue_max,synthetic_n200_p0.1,0,5,4,4,76.22959292,16.24486803,69.42659857,161.9010595
revenue_max,synthetic_n200_p0.1,0,5,5,5,91.08576896,19.96675926,62.76602799,173.8185562
revenue_max,synthetic_n200_p0.1,0,10,0,0,0,0,200.5046211,200.5046211
revenue_max,synthetic_n200_p0.1,0,10,1,1,22.52107081,4.178187848,180.8782046,207.5774633
revenue_max,synthetic_n200_p0.1,0,10,2,2,42.32513763,8.221460347,160.7562619,211.3028599
revenue_max,synthetic_n200_p0.1,0,10,3,3,59.95295281,12.29581677,147.1805507,219.4293203
revenue_max,synthetic_n200_p0.1,0,10,4,4,76.22959292,16.24486803,133.8632217,226.3376827
revenue_max,synthetic_n200_p0.1,0,10,5,5,91.08576896,19.96675926,120.74803,231.8005582
revenue_max,synthetic_n200_p0.1,0,10,6,6,104.3752653,23.75723799,109.4019254,237.5344288
revenue_max,synthetic_n200_p0.1,0,10,7,7,116.329112,27.64097881,99.00286757,242.9729583
revenue_max,synthetic_n200_p0.1,0,10,8,8,127.6869718,31.54750925,91.47673605,250.7112171
revenue_max,synthetic_n200_p0.1,0,10,9,9,138.2393061,35.34071347,83.06614268,256.6461622
revenue_max,synthetic_n200_p0.1,0,10,10,10,147.610265,38.97010124,77.94676631,264.5271326
revenue_max,synthetic_n200_p0.1,0,15,0,0,0,0,282.4177525,282.4177525
revenue_max,synthetic_n200_p0.1,0,15,1,1,22.52107081,4.178187848,254.3276807,281.0269394
revenue_max,synthetic_n200_p0.1,0,15,2,2,42.32513763,8.221460347,227.8273487,278.3739467
revenue_max,synthetic_n200_p0.1,0,15,3,3,59.95295281,12.29581677,208.037353,280.2861226
revenue_max,synthetic_n200_p0.1,0,15,4,4,76.22959292,16.24486803,189.8265317,282.3009927
revenue_max,synthetic_n200_p0.1,0,15,5,5,91.08576896,19.96675926,171.5594041,282.6119323
revenue_max,synthetic_n200_p0.1,0,15,6,6,104.3752653,23.75723799,155.7629891,283.8954925
revenue_max,synthetic_n200_p0.1,0,15,7,7,116.329112,27.64097881,141.5726499,285.5427407
revenue_max,synthetic_n200_p0.1,0,15,8,8,127.6869718,31.54750925,130.5105028,289.7449838
revenue_max,synthetic_n200_p0.1,0,15,9,9,138.2393061,35.34071347,119.9050387,293.4850583
revenue_max,synthetic_n200_p0.1,0,15,10,10,147.610265,38.97010124,111.7589596,298.3393258
revenue_max,synthetic_n200_p0.1,0,15,11,11,156.6747175,42.64508244,102.0745253,301.3943253
revenue_max,synthetic_n200_p0.1,0,15,12,12,165.0491548,46.35155482,95.15540961,306.5561192
revenue_max,synthetic_n200_p0.1,0,15,13,13,172.7227925,50.15656509,89.04439605,311.9237537
revenue_max,synthetic_n200_p0.1,0,15,14,14,179.9529264,54.08637693,81.66227898,315.7015823
revenue_max,synthetic_n200_p0.1,0,15,15,15,186.2091499,57.64836844,75.97269034,319.8302087
revenue_max,synthetic_n200_p0.1,0,20,0,0,0,0,351.7590686,351.7590686
revenue_max,synthetic_n200_p0.1,0,20,1,1,22.52107081,4.178187848,317.3081725,344.0074311
revenue_max,synthetic_n200_p0.1,0,20,2,2,42.32513763,8.221460347,284.9885608,335.5351588
revenue_max,synthetic_n200_p0.1,0,20,3,3,59.95295281,12.29581677,259.8068895,332.055659
revenue_max,synthetic_n200_p0.1,0,20,4,4,76.22959292,16.24486803,237.4878357,329.9622966
revenue_max,synthetic_n200_p0.1,0,20,5,5,91.08576896,19.96675926,215.4486163,326.5011446
revenue_max,synthetic_n200_p0.1,0,20,6,6,104.3752653,23.75723799,195.9018634,324.0343668
revenue_max,synthetic_n200_p0.1,0,20,7,7,116.329112,27.64097881,179.2782324,323.2483232
revenue_max,synthetic_n200_p0.1,0,20,8,8,127.6869718,31.54750925,164.6726212,323.9071022
revenue_max,synthetic_n200_p0.1,0,20,9,9,138.2393061,35.34071347,152.1754976,325.7555171
revenue_max,synthetic_n200_p0.1,0,20,10,10,147.610265,38.97010124,141.5834991,328.1638654
revenue_max,synthetic_n200_p0.1,0,20,11,11,156.6747175,42.64508244,129.4079767,328.7277766
revenue_max,synthetic_n200_p0.1,0,20,12,12,165.0491548,46.35155482,120.2113623,331.6120719
revenue_max,synthetic_n200_p0.1,0,20,13,13,172.7227925,50.15656509,112.2230193,335.1023769
revenue_max,synthetic_n200_p0.1,0,20,14,14,179.9529264,54.08637693,103.6668347,337.706138
revenue_max,synthetic_n200_p0.1,0,20,15,15,186.2091499,57.64836844,96.44447105,340.3019894
revenue_max,synthetic_n200_p0.1,0,20,16,16,192.095465,61.14599905,90.2306079,343.472072
revenue_max,synthetic_n200_p0.1,0,20,17,17,197.6307377,64.81224908,83.54081613,345.983803
revenue_max,synthetic_n200_p0.1,0,20,18,18,203.0491641,68.90164954,79.22458139,351.1753951
revenue_max,synthetic_n200_p0.1,0,20,19,19,208.0014017,72.61252449,73.51091791,354.1248441
revenue_max,synthetic_n200_p0.1,0,20,20,20,212.470087,76.30272223,69.53730061,358.3101098
revenue_max,synthetic_n200_p0.1,0,25,0,0,0,0,414.7654707,414.7654707
revenue_max,synthetic_n200_p0.1,0,25,1,1,22.52107081,4.178187848,374.9433194,401.642578
revenue_max,synthetic_n200_p0.1,0,25,2,2,42.32513763,8.221460347,336.8434339,387.3900319
revenue_max,synthetic_n200_p0.1,0,25,3,3,59.95295281,12.29581677,307.95542,380.2041896
revenue_max,synthetic_n200_p0.1,0,25,4,4,76.22959292,16.24486803,281.7042739,374.1787349
revenue_max,synthetic_n200_p0.1,0,25,5,5,91.08576896,19.96675926,256.2738854,367.3264136
revenue_max,synthetic_n200_p0.1,0,25,6,6,104.3752653,23.75723799,232.9099584,361.0424617
revenue_max,synthetic_n200_p0.1,0,25,7,7,116.329112,27.64097881,213.5269235,357.4970143
revenue_max,synthetic_n200_p0.1,0,25,8,8,127.6869718,31.54750925,196.1821773,355.4166583
revenue_max,synthetic_n200_p0.1,0,25,9,9,138.2393061,35.34071347,181.871617,355.4516365
revenue_max,synthetic_n200_p0.1,0,25,10,10,147.610265,38.97010124,168.8728577,355.4532239
revenue_max,synthetic_n200_p0.1,0,25,11,11,156.6747175,42.64508244,153.9967312,353.3165312
revenue_max,synthetic_n200_p0.1,0,25,12,12,165.0491548,46.35155482,143.1619935,354.5627031
revenue_max,synthetic_n200_p0.1,0,25,13,13,172.7227925,50.15656509,133.5972066,356.4765642
revenue_max,synthetic_n200_p0.1,0,25,14,14,179.9529264,54.08637693,123.8744227,357.913726
revenue_max,synthetic_n200_p0.1,0,25,15,15,186.2091499,57.64836844,115.3786811,359.2361994
revenue_max,synthetic_n200_p0.1,0,25,16,16,192.095465,61.14599905,107.8876405,361.1291045
revenue_max,synthetic_n200_p0.1,0,25,17,17,197.6307377,64.81224908,99.86248368,362.3054705
revenue_max,synthetic_n200_p0.1,0,25,18,18,203.0491641,68.90164954,94.74847717,366.6992908
revenue_max,synthetic_n200_p0.1,0,25,19,19,208.0014017,72.61252449,88.09922308,368.7131493
revenue_max,synthetic_n200_p0.1,0,25,20,20,212.470087,76.30272223,82.8189683,371.5917775
revenue_max,synthetic_n200_p0.1,0,25,21,21,216.6595509,79.90505113,78.35105002,374.9156521
revenue_max,synthetic_n200_p0.1,0,25,22,22,220.6965023,83.31909285,73.84506573,377.8606609
revenue_max,synthetic_n200_p0.1,0,25,23,23,224.4426837,86.66239198,70.4592132,381.5642889
revenue_max,synthetic_n200_p0.1,0,25,24,24,228.1123237,90.43769562,66.74566416,385.2956835
revenue_max,synthetic_n200_p0.1,0,25,25,25,231.565579,94.39591512,63.32990168,389.2913958
revenue_max,synthetic_n200_p0.1,0,30,0,0,0,0,471.2978646,471.2978646
revenue_max,synthetic_n200_p0.1,0,30,1,1,22.52107081,4.178187848,427.049907,453.7491656
revenue_max,synthetic_n200_p0.1,0,30,2,2,42.32513763,8.221460347,385.0467917,435.5933897
revenue_max,synthetic_n200_p0.1,0,30,3,3,59.95295281,12.29581677,352.7487446,424.9975142
revenue_max,synthetic_n200_p0.1,0,30,4,4,76.22959292,16.24486803,323.1805736,415.6550345
revenue_max,synthetic_n200_p0.1,0,30,5,5,91.08576896,19.96675926,293.9299115,404.9824397
revenue_max,synthetic_n200_p0.1,0,30,6,6,104.3752653,23.75723799,267.9832886,396.115792
revenue_max,synthetic_n200_p0.1,0,30,7,7,116.329112,27.64097881,245.6849391,389.6550299
revenue_max,synthetic_n200_p0.1,0,30,8,8,127.6869718,31.54750925,226.2074798,385.4419608
revenue_max,synthetic_n200_p0.1,0,30,9,9,138.2393061,35.34071347,210.3428972,383.9229167
revenue_max,synthetic_n200_p0.1,0,30,10,10,147.610265,38.97010124,194.9107986,381.4911648
revenue_max,synthetic_n200_p0.1,0,30,11,11,156.6747175,42.64508244,177.2045068,376.5243068
revenue_max,synthetic_n200_p0.1,0,30,12,12,165.0491548,46.35155482,164.8170659,376.2177755
revenue_max,synthetic_n200_p0.1,0,30,13,13,172.7227925,50.15656509,154.0858419,376.9651996
revenue_max,synthetic_n200_p0.1,0,30,14,14,179.9529264,54.08637693,142.9885183,377.0278216
revenue_max,synthetic_n200_p0.1,0,30,15,15,186.2091499,57.64836844,133.4321874,377.2897057
revenue_max,synthetic_n200_p0.1,0,30,16,16,192.095465,61.14599905,124.3406049,377.582069
revenue_max,synthetic_n200_p0.1,0,30,17,17,197.6307377,64.81224908,115.5102801,377.9532669
revenue_max,synthetic_n200_p0.1,0,30,18,18,203.0491641,68.90164954,109.6518369,381.6026506
revenue_max,synthetic_n200_p0.1,0,30,19,19,208.0014017,72.61252449,101.6042889,382.2182151
revenue_max,synthetic_n200_p0.1,0,30,20,20,212.470087,76.30272223,95.53224545,384.3050547
revenue_max,synthetic_n200_p0.1,0,30,21,21,216.6595509,79.90505113,90.33132281,386.8959249
revenue_max,synthetic_n200_p0.1,0,30,22,22,220.6965023,83.31909285,85.0042728,389.019868
revenue_max,synthetic_n200_p0.1,0,30,23,23,224.4426837,86.66239198,81.02583923,392.1309149
revenue_max,synthetic_n200_p0.1,0,30,24,24,228.1123237,90.43769562,77.03666753,395.5866869
revenue_max,synthetic_n200_p0.1,0,30,25,25,231.565579,94.39591512,73.09894399,399.0604381
revenue_max,synthetic_n200_p0.1,0,30,26,26,234.7004993,97.99249446,69.82723555,402.5202294
revenue_max,synthetic_n200_p0.1,0,30,27,27,237.7397099,101.5865056,66.12137911,405.4475946
revenue_max,synthetic_n200_p0.1,0,30,28,28,240.6828336,104.5560003,62.26812766,407.5069616
revenue_max,synthetic_n200_p0.1,0,30,29,29,243.5278555,108.0933311,57.63066982,409.2518564
revenue_max,synthetic_n200_p0.1,0,30,30,30,246.3058507,111.7241871,55.27438579,413.3044236
revenue_max,synthetic_n200_p0.1,0,35,0,0,0,0,518.4866502,518.4866502
revenue_max,synthetic_n200_p0.1,0,35,1,1,22.52107081,4.178187848,471.5777312,498.2769898
revenue_max,synthetic_n200_p0.1,0,35,2,2,42.32513763,8.221460347,428.6312392,479.1778372
revenue_max,synthetic_n200_p0.1,0,35,3,3,59.95295281,12.29581677,392.8831731,465.1319427
revenue_max,synthetic_n200_p0.1,0,35,4,4,76.22959292,16.24486803,361.190377,453.664838
revenue_max,synthetic_n200_p0.1,0,35,5,5,91.08576896,19.96675926,328.9168223,439.9693505
revenue_max,synthetic_n200_p0.1,0,35,6,6,104.3752653,23.75723799,300.9348743,429.0673776
revenue_max,synthetic_n200_p0.1,0,35,7,7,116.329112,27.64097881,276.247013,420.2171038
revenue_max,synthetic_n200_p0.1,0,35,8,8,127.6869718,31.54750925,254.5935993,413.8280803
revenue_max,synthetic_n200_p0.1,0,35,9,9,138.2393061,35.34071347,236.9951368,410.5751564
revenue_max,synthetic_n200_p0.1,0,35,10,10,147.610265,38.97010124,219.0962578,405.676624
revenue_max,synthetic_n200_p0.1,0,35,11,11,156.6747175,42.64508244,199.6840009,399.0038009
revenue_max,synthetic_n200_p0.1,0,35,12,12,165.0491548,46.35155482,185.6791145,397.0798241
revenue_max,synthetic_n200_p0.1,0,35,13,13,172.7227925,50.15656509,173.7339714,396.613329
revenue_max,synthetic_n200_p0.1,0,35,14,14,179.9529264,54.08637693,161.2640429,395.3033461
revenue_max,synthetic_n200_p0.1,0,35,15,15,186.2091499,57.64836844,150.2360059,394.0935242
revenue_max,synthetic_n200_p0.1,0,35,16,16,192.095465,61.14599905,140.0780345,393.3194986
revenue_max,synthetic_n200_p0.1,0,35,17,17,197.6307377,64.81224908,130.6154065,393.0583933
revenue_max,synthetic_n200_p0.1,0,35,18,18,203.0491641,68.90164954,123.7415579,395.6923716
revenue_max,synthetic_n200_p0.1,0,35,19,19,208.0014017,72.61252449,114.7640253,395.3779516
revenue_max,synthetic_n200_p0.1,0,35,20,20,212.470087,76.30272223,107.751756,396.5245652
revenue_max,synthetic_n200_p0.1,0,35,21,21,216.6595509,79.90505113,102.0262922,398.5908943
revenue_max,synthetic_n200_p0.1,0,35,22,22,220.6965023,83.31909285,95.72195461,399.7375498
revenue_max,synthetic_n200_p0.1,0,35,23,23,224.4426837,86.66239198,91.18878903,402.2938647
revenue_max,synthetic_n200_p0.1,0,35,24,24,228.1123237,90.43769562,86.67323138,405.2232507
revenue_max,synthetic_n200_p0.1,0,35,25,25,231.565579,94.39591512,82.39566498,408.3571591
revenue_max,synthetic_n200_p0.1,0,35,26,26,234.7004993,97.99249446,78.5074817,411.2004755
revenue_max,synthetic_n200_p0.1,0,35,27,27,237.7397099,101.5865056,74.37358886,413.6998044
revenue_max,synthetic_n200_p0.1,0,35,28,28,240.6828336,104.5560003,70.29024019,415.5290741
revenue_max,synthetic_n200_p0.1,0,35,29,29,243.5278555,108.0933311,64.89698869,416.5181753
revenue_max,synthetic_n200_p0.1,0,35,30,30,246.3058507,111.7241871,62.2466964,420.2767342
revenue_max,synthetic_n200_p0.1,0,35,31,31,248.9402285,115.7850755,58.73281058,423.4581146
revenue_max,synthetic_n200_p0.1,0,35,32,32,251.5110291,119.6341039,55.13706002,426.2821931
revenue_max,synthetic_n200_p0.1,0,35,33,33,253.91327,123.3936542,52.04590616,429.3528303
revenue_max,synthetic_n200_p0.1,0,35,34,34,256.219796,127.0054785,48.28382832,431.5091028
revenue_max,synthetic_n200_p0.1,0,35,35,35,258.2154983,130.9328566,45.83942625,434.9877812
revenue_max,synthetic_n200_p0.1,0,40,0,0,0,0,524.6817417,524.6817417
revenue_max,synthetic_n200_p0.1,0,40,1,1,22.52107081,4.178187848,492.4960418,519.1953005
revenue_max,synthetic_n200_p0.1,0,40,2,2,42.32513763,8.221460347,464.110991,514.6575889
revenue_max,synthetic_n200_p0.1,0,40,3,3,59.95295281,12.29581677,427.755201,500.0039706
revenue_max,synthetic_n200_p0.1,0,40,4,4,76.22959292,16.24486803,394.4420748,486.9165358
revenue_max,synthetic_n200_p0.1,0,40,5,5,91.08576896,19.96675926,360.4212944,471.4738226
revenue_max,synthetic_n200_p0.1,0,40,6,6,104.3752653,23.75723799,330.9326621,459.0651654
revenue_max,synthetic_n200_p0.1,0,40,7,7,116.329112,27.64097881,304.8617348,448.8318255
revenue_max,synthetic_n200_p0.1,0,40,8,8,127.6869718,31.54750925,280.9672548,440.2017358
revenue_max,synthetic_n200_p0.1,0,40,9,9,138.2393061,35.34071347,261.2846057,434.8646253
revenue_max,synthetic_n200_p0.1,0,40,10,10,147.610265,38.97010124,242.0446763,428.6250426
revenue_max,synthetic_n200_p0.1,0,40,11,11,156.6747175,42.64508244,221.1988578,420.5186578
revenue_max,synthetic_n200_p0.1,0,40,12,12,165.0491548,46.35155482,205.556536,416.9572456
revenue_max,synthetic_n200_p0.1,0,40,13,13,172.7227925,50.15656509,192.0475532,414.9269108
revenue_max,synthetic_n200_p0.1,0,40,14,14,179.9529264,54.08637693,178.5155315,412.5548348
revenue_max,synthetic_n200_p0.1,0,40,15,15,186.2091499,57.64836844,166.1710631,410.0285815
revenue_max,synthetic_n200_p0.1,0,40,16,16,192.095465,61.14599905,155.1429501,408.3844142
revenue_max,synthetic_n200_p0.1,0,40,17,17,197.6307377,64.81224908,145.0247682,407.4677551
revenue_max,synthetic_n200_p0.1,0,40,18,18,203.0491641,68.90164954,137.0049989,408.9558125
revenue_max,synthetic_n200_p0.1,0,40,19,19,208.0014017,72.61252449,127.3451029,407.9590291
revenue_max,synthetic_n200_p0.1,0,40,20,20,212.470087,76.30272223,119.5119999,408.2848091
revenue_max,synthetic_n200_p0.1,0,40,21,21,216.6595509,79.90505113,113.2786366,409.8432386
revenue_max,synthetic_n200_p0.1,0,40,22,22,220.6965023,83.31909285,106.0377939,410.0533891
revenue_max,synthetic_n200_p0.1,0,40,23,23,224.4426837,86.66239198,100.9351341,412.0402098
revenue_max,synthetic_n200_p0.1,0,40,24,24,228.1123237,90.43769562,95.8168308,414.3668501
revenue_max,synthetic_n200_p0.1,0,40,25,25,231.565579,94.39591512,91.16474129,417.1262354
revenue_max,synthetic_n200_p0.1,0,40,26,26,234.7004993,97.99249446,86.82124818,419.514242
revenue_max,synthetic_n200_p0.1,0,40,27,27,237.7397099,101.5865056,82.24888932,421.5751048
revenue_max,synthetic_n200_p0.1,0,40,28,28,240.6828336,104.5560003,77.9570525,423.1958864
revenue_max,synthetic_n200_p0.1,0,40,29,29,243.5278555,108.0933311,71.86117007,423.4823567
revenue_max,synthetic_n200_p0.1,0,40,30,30,246.3058507,111.7241871,68.96204947,426.9920873
revenue_max,synthetic_n200_p0.1,0,40,31,31,248.9402285,115.7850755,65.0533506,429.7786546
revenue_max,synthetic_n200_p0.1,0,40,32,32,251.5110291,119.6341039,61.00487963,432.1500127
revenue_max,synthetic_n200_p0.1,0,40,33,33,253.91327,123.3936542,57.64162552,434.9485497
revenue_max,synthetic_n200_p0.1,0,40,34,34,256.219796,127.0054785,53.58240157,436.8076761
revenue_max,synthetic_n200_p0.1,0,40,35,35,258.2154983,130.9328566,50.61181429,439.7601692
revenue_max,synthetic_n200_p0.1,0,40,36,36,260.1471495,134.3303587,46.62910571,441.1066139
revenue_max,synthetic_n200_p0.1,0,40,37,37,261.9897834,137.807035,41.93405079,441.7308692
revenue_max,synthetic_n200_p0.1,0,40,38,38,263.670627,141.6123542,38.97274657,444.2557278
revenue_max,synthetic_n200_p0.1,0,40,39,39,265.2341689,144.849197,35.49996441,445.5833303
revenue_max,synthetic_n200_p0.1,0,40,40,40,266.7522696,147.9902684,32.71515454,447.4576925
revenue_max,synthetic_n200_p0.1,0,45,0,0,0,0,524.6817417,524.6817417
revenue_max,synthetic_n200_p0.1,0,45,1,1,22.52107081,4.178187848,492.4960418,519.1953005
revenue_max,synthetic_n200_p0.1,0,45,2,2,42.32513763,8.221460347,467.7407388,518.2873368
revenue_max,synthetic_n200_p0.1,0,45,3,3,59.95295281,12.29581677,445.601384,517.8501536
revenue_max,synthetic_n200_p0.1,0,45,4,4,76.22959292,16.24486803,420.7015084,513.1759693
revenue_max,synthetic_n200_p0.1,0,45,5,5,91.08576896,19.96675926,386.9647641,498.0172923
revenue_max,synthetic_n200_p0.1,0,45,6,6,104.3752653,23.75723799,358.4566301,486.5891335
revenue_max,synthetic_n200_p0.1,0,45,7,7,116.329112,27.64097881,331.0307589,475.0008497
revenue_max,synthetic_n200_p0.1,0,45,8,8,127.6869718,31.54750925,305.2081392,464.4426202
revenue_max,synthetic_n200_p0.1,0,45,9,9,138.2393061,35.34071347,284.0538167,457.6338362
revenue_max,synthetic_n200_p0.1,0,45,10,10,147.610265,38.97010124,263.5400942,450.1204605
revenue_max,synthetic_n200_p0.1,0,45,11,11,156.6747175,42.64508244,241.3126348,440.6324348
revenue_max,synthetic_n200_p0.1,0,45,12,12,165.0491548,46.35155482,224.4257997,435.8265093
revenue_max,synthetic_n200_p0.1,0,45,13,13,172.7227925,50.15656509,208.8913162,431.7706739
revenue_max,synthetic_n200_p0.1,0,45,14,14,179.9529264,54.08637693,194.5731652,428.6124685
revenue_max,synthetic_n200_p0.1,0,45,15,15,186.2091499,57.64836844,181.4735497,425.3310681
revenue_max,synthetic_n200_p0.1,0,45,16,16,192.095465,61.14599905,169.4472839,422.688748
revenue_max,synthetic_n200_p0.1,0,45,17,17,197.6307377,64.81224908,158.7201488,421.1631357
revenue_max,synthetic_n200_p0.1,0,45,18,18,203.0491641,68.90164954,149.7131638,421.6639774
revenue_max,synthetic_n200_p0.1,0,45,19,19,208.0014017,72.61252449,139.5714394,420.1853656
revenue_max,synthetic_n200_p0.1,0,45,20,20,212.470087,76.30272223,130.9946557,419.7674649
revenue_max,synthetic_n200_p0.1,0,45,21,21,216.6595509,79.90505113,123.95887,420.5234721
revenue_max,synthetic_n200_p0.1,0,45,22,22,220.6965023,83.31909285,116.0631766,420.0787717
revenue_max,synthetic_n200_p0.1,0,45,23,23,224.4426837,86.66239198,110.1823309,421.2874066
revenue_max,synthetic_n200_p0.1,0,45,24,24,228.1123237,90.43769562,104.5665581,423.1165775
revenue_max,synthetic_n200_p0.1,0,45,25,25,231.565579,94.39591512,99.6201259,425.58162
revenue_max,synthetic_n200_p0.1,0,45,26,26,234.7004993,97.99249446,94.54850437,427.2414982
revenue_max,synthetic_n200_p0.1,0,45,27,27,237.7397099,101.5865056,89.51384385,428.8400594
revenue_max,synthetic_n200_p0.1,0,45,28,28,240.6828336,104.5560003,85.0972899,430.3361238
revenue_max,synthetic_n200_p0.1,0,45,29,29,243.5278555,108.0933311,78.51429845,430.135485
revenue_max,synthetic_n200_p0.1,0,45,30,30,246.3058507,111.7241871,75.35069212,433.3807299
revenue_max,synthetic_n200_p0.1,0,45,31,31,248.9402285,115.7850755,71.05659484,435.7818989
revenue_max,synthetic_n200_p0.1,0,45,32,32,251.5110291,119.6341039,66.71369561,437.8588286
revenue_max,synthetic_n200_p0.1,0,45,33,33,253.91327,123.3936542,63.03397999,440.3409042
revenue_max,synthetic_n200_p0.1,0,45,34,34,256.219796,127.0054785,58.70729099,441.9325655
revenue_max,synthetic_n200_p0.1,0,45,35,35,258.2154983,130.9328566,55.0663291,444.214684
revenue_max,synthetic_n200_p0.1,0,45,36,36,260.1471495,134.3303587,50.77404168,445.2515499
revenue_max,synthetic_n200_p0.1,0,45,37,37,261.9897834,137.807035,45.44938296,445.2462014
revenue_max,synthetic_n200_p0.1,0,45,38,38,263.670627,141.6123542,42.24150318,447.5244844
revenue_max,synthetic_n200_p0.1,0,45,39,39,265.2341689,144.849197,38.38819972,448.4715656
revenue_max,synthetic_n200_p0.1,0,45,40,40,266.7522696,147.9902684,35.25340475,449.9959427
revenue_max,synthetic_n200_p0.1,0,45,41,41,268.0733369,151.0513319,32.12435846,451.2490272
revenue_max,synthetic_n200_p0.1,0,45,42,42,269.3280786,154.7905353,29.32999686,453.4486107
revenue_max,synthetic_n200_p0.1,0,45,43,43,270.5185261,157.8893002,26.71069608,455.1185223
revenue_max,synthetic_n200_p0.1,0,45,44,44,271.6650262,161.236913,23.72808329,456.6300225
revenue_max,synthetic_n200_p0.1,0,45,45,45,272.7511376,164.1725541,21.23651916,458.1602109
revenue_max,synthetic_n200_p0.1,0,50,0,0,0,0,524.6817417,524.6817417
revenue_max,synthetic_n200_p0.1,0,50,1,1,22.52107081,4.178187848,492.4960418,519.1953005
revenue_max,synthetic_n200_p0.1,0,50,2,2,42.32513763,8.221460347,467.7407388,518.2873368
revenue_max,synthetic_n200_p0.1,0,50,3,3,59.95295281,12.29581677,445.601384,517.8501536
revenue_max,synthetic_n200_p0.1,0,50,4,4,76.22959292,16.24486803,424.9069005,517.3813614
revenue_max,synthetic_n200_p0.1,0,50,5,5,91.08576896,19.96675926,403.128608,514.1811362
revenue_max,synthetic_n200_p0.1,0,50,6,6,104.3752653,23.75723799,380.2370209,508.3695242
revenue_max,synthetic_n200_p0.1,0,50,7,7,116.329112,27.64097881,353.7079657,497.6780565
revenue_max,synthetic_n200_p0.1,0,50,8,8,127.6869718,31.54750925,327.1950285,486.4295096
revenue_max,synthetic_n200_p0.1,0,50,9,9,138.2393061,35.34071347,304.6533859,478.2334054
revenue_max,synthetic_n200_p0.1,0,50,10,10,147.610265,38.97010124,283.2643793,469.8447455
revenue_max,synthetic_n200_p0.1,0,50,11,11,156.6747175,42.64508244,259.9803353,459.3001353
revenue_max,synthetic_n200_p0.1,0,50,12,12,165.0491548,46.35155482,241.940579,453.3412886
revenue_max,synthetic_n200_p0.1,0,50,13,13,172.7227925,50.15656509,225.1566769,448.0360345
revenue_max,synthetic_n200_p0.1,0,50,14,14,179.9529264,54.08637693,209.941294,443.9805973
revenue_max,synthetic_n200_p0.1,0,50,15,15,186.2091499,57.64836844,196.1356554,439.9931738
revenue_max,synthetic_n200_p0.1,0,50,16,16,192.095465,61.14599905,183.040675,436.2821391
revenue_max,synthetic_n200_p0.1,0,50,17,17,197.6307377,64.81224908,171.8953458,434.3383327
revenue_max,synthetic_n200_p0.1,0,50,18,18,203.0491641,68.90164954,162.0216894,433.9725031
revenue_max,synthetic_n200_p0.1,0,50,19,19,208.0014017,72.61252449,151.4406995,432.0546257
revenue_max,synthetic_n200_p0.1,0,50,20,20,212.470087,76.30272223,141.9184775,430.6912867
revenue_max,synthetic_n200_p0.1,0,50,21,21,216.6595509,79.90505113,134.2989461,430.8635481
revenue_max,synthetic_n200_p0.1,0,50,22,22,220.6965023,83.31909285,125.6908132,429.7064083
revenue_max,synthetic_n200_p0.1,0,50,23,23,224.4426837,86.66239198,119.0544724,430.1595481
revenue_max,synthetic_n200_p0.1,0,50,24,24,228.1123237,90.43769562,112.7990017,431.3490211
revenue_max,synthetic_n200_p0.1,0,50,25,25,231.565579,94.39591512,107.487586,433.4490801
revenue_max,synthetic_n200_p0.1,0,50,26,26,234.7004993,97.99249446,101.7267707,434.4197645
revenue_max,synthetic_n200_p0.1,0,50,27,27,237.7397099,101.5865056,96.38550107,435.7117166
revenue_max,synthetic_n200_p0.1,0,50,28,28,240.6828336,104.5560003,91.87981337,437.1186473
revenue_max,synthetic_n200_p0.1,0,50,29,29,243.5278555,108.0933311,84.93654005,436.5577267
revenue_max,synthetic_n200_p0.1,0,50,30,30,246.3058507,111.7241871,81.38725012,439.4172879
revenue_max,synthetic_n200_p0.1,0,50,31,31,248.9402285,115.7850755,76.82200029,441.5473043
revenue_max,synthetic_n200_p0.1,0,50,32,32,251.5110291,119.6341039,72.27930415,443.4244372
revenue_max,synthetic_n200_p0.1,0,50,33,33,253.91327,123.3936542,68.21090471,445.5178289
revenue_max,synthetic_n200_p0.1,0,50,34,34,256.219796,127.0054785,63.39057885,446.6158534
revenue_max,synthetic_n200_p0.1,0,50,35,35,258.2154983,130.9328566,59.33590676,448.4842617
revenue_max,synthetic_n200_p0.1,0,50,36,36,260.1471495,134.3303587,54.61525977,449.0927679
revenue_max,synthetic_n200_p0.1,0,50,37,37,261.9897834,137.807035,48.8191118,448.6159302
revenue_max,synthetic_n200_p0.1,0,50,38,38,263.670627,141.6123542,45.23400246,450.5169837
revenue_max,synthetic_n200_p0.1,0,50,39,39,265.2341689,144.849197,41.12360042,451.2069663
revenue_max,synthetic_n200_p0.1,0,50,40,40,266.7522696,147.9902684,37.53975998,452.282298
revenue_max,synthetic_n200_p0.1,0,50,41,41,268.0733369,151.0513319,34.21138859,453.3360573
revenue_max,synthetic_n200_p0.1,0,50,42,42,269.3280786,154.7905353,31.26867612,455.38729
revenue_max,synthetic_n200_p0.1,0,50,43,43,270.5185261,157.8893002,28.44312734,456.8509536
revenue_max,synthetic_n200_p0.1,0,50,44,44,271.6650262,161.236913,25.15817356,458.0601128
revenue_max,synthetic_n200_p0.1,0,50,45,45,272.7511376,164.1725541,21.95644318,458.8801349
revenue_max,synthetic_n200_p0.1,0,50,46,46,273.7719683,167.2882851,19.96576321,461.0260166
revenue_max,synthetic_n200_p0.1,0,50,47,47,274.7573436,170.5821966,17.52370995,462.8632502
revenue_max,synthetic_n200_p0.1,0,50,48,48,275.5891872,173.562268,14.68918491,463.8406402
revenue_max,synthetic_n200_p0.1,0,50,49,49,276.3939072,176.625456,10.86968238,463.8890456
revenue_max,synthetic_n200_p0.1,0,50,50,50,277.0669987,180.121896,9.181339303,466.370234
revenue_max,synthetic_n200_p0.1,0,55,0,0,0,0,524.6817417,524.6817417
revenue_max,synthetic_n200_p0.1,0,55,1,1,22.52107081,4.178187848,492.4960418,519.1953005
revenue_max,synthetic_n200_p0.1,0,55,2,2,42.32513763,8.221460347,467.7407388,518.2873368
revenue_max,synthetic_n200_p0.1,0,55,3,3,59.95295281,12.29581677,445.601384,517.8501536
revenue_max,synthetic_n200_p0.1,0,55,4,4,76.22959292,16.24486803,424.9069005,517.3813614
revenue_max,synthetic_n200_p0.1,0,55,5,5,91.08576896,19.96675926,403.128608,514.1811362
revenue_max,synthetic_n200_p0.1,0,55,6,6,104.3752653,23.75723799,388.8864552,517.0189586
revenue_max,synthetic_n200_p0.1,0,55,7,7,116.329112,27.64097881,372.8653579,516.8354487
revenue_max,synthetic_n200_p0.1,0,55,8,8,127.6869718,31.54750925,345.8571217,505.0916028
revenue_max,synthetic_n200_p0.1,0,55,9,9,138.2393061,35.34071347,323.1809021,496.7609216
revenue_max,synthetic_n200_p0.1,0,55,10,10,147.610265,38.97010124,301.0535457,487.633912
revenue_max,synthetic_n200_p0.1,0,55,11,11,156.6747175,42.64508244,277.2564143,476.5762143
revenue_max,synthetic_n200_p0.1,0,55,12,12,165.0491548,46.35155482,258.3428858,469.7435954
revenue_max,synthetic_n200_p0.1,0,55,13,13,172.7227925,50.15656509,240.419688,463.2990456
revenue_max,synthetic_n200_p0.1,0,55,14,14,179.9529264,54.08637693,224.3169807,458.356284
revenue_max,synthetic_n200_p0.1,0,55,15,15,186.2091499,57.64836844,209.6816802,453.5391986
revenue_max,synthetic_n200_p0.1,0,55,16,16,192.095465,61.14599905,195.9948983,449.2363624
revenue_max,synthetic_n200_p0.1,0,55,17,17,197.6307377,64.81224908,184.535281,446.9782679
revenue_max,synthetic_n200_p0.1,0,55,18,18,203.0491641,68.90164954,173.6415805,445.5923941
revenue_max,synthetic_n200_p0.1,0,55,19,19,208.0014017,72.61252449,162.491556,443.1054822
revenue_max,synthetic_n200_p0.1,0,55,20,20,212.470087,76.30272223,152.2889046,441.0617138
revenue_max,synthetic_n200_p0.1,0,55,21,21,216.6595509,79.90505113,144.1046409,440.6692429
revenue_max,synthetic_n200_p0.1,0,55,22,22,220.6965023,83.31909285,134.8970705,438.9126656
revenue_max,synthetic_n200_p0.1,0,55,23,23,224.4426837,86.66239198,127.5745846,438.6796603
revenue_max,synthetic_n200_p0.1,0,55,24,24,228.1123237,90.43769562,120.5736825,439.1237018
revenue_max,synthetic_n200_p0.1,0,55,25,25,231.565579,94.39591512,114.8254167,440.7869108
revenue_max,synthetic_n200_p0.1,0,55,26,26,234.7004993,97.99249446,108.6098315,441.3028253
revenue_max,synthetic_n200_p0.1,0,55,27,27,237.7397099,101.5865056,102.9805383,442.3067538
revenue_max,synthetic_n200_p0.1,0,55,28,28,240.6828336,104.5560003,98.31096559,443.5497995
revenue_max,synthetic_n200_p0.1,0,55,29,29,243.5278555,108.0933311,90.98568736,442.606874
revenue_max,synthetic_n200_p0.1,0,55,30,30,246.3058507,111.7241871,87.09767705,445.1277148
revenue_max,synthetic_n200_p0.1,0,55,31,31,248.9402285,115.7850755,82.29736088,447.0226649
revenue_max,synthetic_n200_p0.1,0,55,32,32,251.5110291,119.6341039,77.44049135,448.5856244
revenue_max,synthetic_n200_p0.1,0,55,33,33,253.91327,123.3936542,73.03375184,450.340676
revenue_max,synthetic_n200_p0.1,0,55,34,34,256.219796,127.0054785,67.78085535,451.0061299
revenue_max,synthetic_n200_p0.1,0,55,35,35,258.2154983,130.9328566,63.48533616,452.6336911
revenue_max,synthetic_n200_p0.1,0,55,36,36,260.1471495,134.3303587,58.088561,452.5660692
revenue_max,synthetic_n200_p0.1,0,55,37,37,261.9897834,137.807035,51.93365995,451.7304783
revenue_max,synthetic_n200_p0.1,0,55,38,38,263.670627,141.6123542,48.03380556,453.3167868
revenue_max,synthetic_n200_p0.1,0,55,39,39,265.2341689,144.849197,43.52687216,453.6102381
revenue_max,synthetic_n200_p0.1,0,55,40,40,266.7522696,147.9902684,39.66765772,454.4101957
revenue_max,synthetic_n200_p0.1,0,55,41,41,268.0733369,151.0513319,36.12576482,455.2504335
revenue_max,synthetic_n200_p0.1,0,55,42,42,269.3280786,154.7905353,33.06325995,457.1818738
revenue_max,synthetic_n200_p0.1,0,55,43,43,270.5185261,157.8893002,30.01289077,458.420717
revenue_max,synthetic_n200_p0.1,0,55,44,44,271.6650262,161.236913,26.27440215,459.1763414
revenue_max,synthetic_n200_p0.1,0,55,45,45,272.7511376,164.1725541,22.51327085,459.4369626
revenue_max,synthetic_n200_p0.1,0,55,46,46,273.7719683,167.2882851,20.3579737,461.4182271
revenue_max,synthetic_n200_p0.1,0,55,47,47,274.7573436,170.5821966,17.82323139,463.1627717
revenue_max,synthetic_n200_p0.1,0,55,48,48,275.5891872,173.562268,14.77227853,463.9237338
revenue_max,synthetic_n200_p0.1,0,55,49,49,276.3939072,176.625456,10.86968238,463.8890456
revenue_max,synthetic_n200_p0.1,0,55,50,50,277.0669987,180.121896,9.181339303,466.370234
revenue_max,synthetic_n200_p0.1,0,55,51,51,277.6611797,183.4916336,6.118083925,467.2708972
revenue_max,synthetic_n200_p0.1,0,55,52,52,278.1972509,186.7962532,5.137419385,470.1309235
revenue_max,synthetic_n200_p0.1,0,55,53,53,278.6675369,189.8509105,3.573902298,472.0923497
revenue_max,synthetic_n200_p0.1,0,55,54,54,279.0659365,192.7862698,3.157803728,475.0100101
revenue_max,synthetic_n200_p0.1,0,55,55,55,279.4539671,195.6031949,2.053168419,477.1103304
revenue_max,synthetic_n200_p0.1,0,60,0,0,0,0,524.6817417,524.6817417
revenue_max,synthetic_n200_p0.1,0,60,1,1,22.52107081,4.178187848,492.4960418,519.1953005
revenue_max,synthetic_n200_p0.1,0,60,2,2,42.32513763,8.221460347,467.7407388,518.2873368
revenue_max,synthetic_n200_p0.1,0,60,3,3,59.95295281,12.29581677,445.601384,517.8501536
revenue_max,synthetic_n200_p0.1,0,60,4,4,76.22959292,16.24486803,424.9069005,517.3813614
revenue_max,synthetic_n200_p0.1,0,60,5,5,91.08576896,19.96675926,403.128608,514.1811362
revenue_max,synthetic_n200_p0.1,0,60,6,6,104.3752653,23.75723799,388.8864552,517.0189586
revenue_max,synthetic_n200_p0.1,0,60,7,7,116.329112,27.64097881,379.8944567,523.8645475
revenue_max,synthetic_n200_p0.1,0,60,8,8,127.6869718,31.54750925,360.3046248,519.5391058
revenue_max,synthetic_n200_p0.1,0,60,9,9,138.2393061,35.34071347,337.6413602,511.2213797
revenue_max,synthetic_n200_p0.1,0,60,10,10,147.610265,38.97010124,315.7133662,502.2937324
revenue_max,synthetic_n200_p0.1,0,60,11,11,156.6747175,42.64508244,293.064219,492.3840189
revenue_max,synthetic_n200_p0.1,0,60,12,12,165.0491548,46.35155482,273.3331119,484.7338215
revenue_max,synthetic_n200_p0.1,0,60,13,13,172.7227925,50.15656509,253.9852502,476.8646079
revenue_max,synthetic_n200_p0.1,0,60,14,14,179.9529264,54.08637693,237.3599705,471.3992738
revenue_max,synthetic_n200_p0.1,0,60,15,15,186.2091499,57.64836844,222.408554,466.2660723
revenue_max,synthetic_n200_p0.1,0,60,16,16,192.095465,61.14599905,208.033475,461.2749391
revenue_max,synthetic_n200_p0.1,0,60,17,17,197.6307377,64.81224908,196.4100992,458.853086
revenue_max,synthetic_n200_p0.1,0,60,18,18,203.0491641,68.90164954,184.4576,456.4084137
revenue_max,synthetic_n200_p0.1,0,60,19,19,208.0014017,72.61252449,172.7322549,453.3461811
revenue_max,synthetic_n200_p0.1,0,60,20,20,212.470087,76.30272223,161.9728538,450.745663
revenue_max,synthetic_n200_p0.1,0,60,21,21,216.6595509,79.90505113,153.3085661,449.8731681
revenue_max,synthetic_n200_p0.1,0,60,22,22,220.6965023,83.31909285,143.7320899,447.747685
revenue_max,synthetic_n200_p0.1,0,60,23,23,224.4426837,86.66239198,135.7610769,446.8661526
revenue_max,synthetic_n200_p0.1,0,60,24,24,228.1123237,90.43769562,128.1307772,446.6807966
revenue_max,synthetic_n200_p0.1,0,60,25,25,231.565579,94.39591512,121.8593887,447.8208828
revenue_max,synthetic_n200_p0.1,0,60,26,26,234.7004993,97.99249446,115.1617723,447.8547661
revenue_max,synthetic_n200_p0.1,0,60,27,27,237.7397099,101.5865056,109.1191978,448.4454134
revenue_max,synthetic_n200_p0.1,0,60,28,28,240.6828336,104.5560003,104.3225132,449.5613471
revenue_max,synthetic_n200_p0.1,0,60,29,29,243.5278555,108.0933311,96.81023179,448.4314184
revenue_max,synthetic_n200_p0.1,0,60,30,30,246.3058507,111.7241871,92.39001477,450.4200526
revenue_max,synthetic_n200_p0.1,0,60,31,31,248.9402285,115.7850755,87.40355891,452.1288629
revenue_max,synthetic_n200_p0.1,0,60,32,32,251.5110291,119.6341039,82.20994375,453.3550768
revenue_max,synthetic_n200_p0.1,0,60,33,33,253.91327,123.3936542,77.48129276,454.7882169
revenue_max,synthetic_n200_p0.1,0,60,34,34,256.219796,127.0054785,71.88847981,455.1137543
revenue_max,synthetic_n200_p0.1,0,60,35,35,258.2154983,130.9328566,67.24545502,456.3938099
revenue_max,synthetic_n200_p0.1,0,60,36,36,260.1471495,134.3303587,61.39313772,455.8706459
revenue_max,synthetic_n200_p0.1,0,60,37,37,261.9897834,137.807035,54.82188183,454.6187002
revenue_max,synthetic_n200_p0.1,0,60,38,38,263.670627,141.6123542,50.56093902,455.8439203
revenue_max,synthetic_n200_p0.1,0,60,39,39,265.2341689,144.849197,45.72717627,455.8105422
revenue_max,synthetic_n200_p0.1,0,60,40,40,266.7522696,147.9902684,41.5817954,456.3243334
revenue_max,synthetic_n200_p0.1,0,60,41,41,268.0733369,151.0513319,37.85137672,456.9760454
revenue_max,synthetic_n200_p0.1,0,60,42,42,269.3280786,154.7905353,34.70873549,458.8273493
revenue_max,synthetic_n200_p0.1,0,60,43,43,270.5185261,157.8893002,31.22999791,459.6378242
revenue_max,synthetic_n200_p0.1,0,60,44,44,271.6650262,161.236913,26.95059381,459.852533
revenue_max,synthetic_n200_p0.1,0,60,45,45,272.7511376,164.1725541,22.84469725,459.768389
revenue_max,synthetic_n200_p0.1,0,60,46,46,273.7719683,167.2882851,20.54693966,461.6071931
revenue_max,synthetic_n200_p0.1,0,60,47,47,274.7573436,170.5821966,17.90774673,463.247287
revenue_max,synthetic_n200_p0.1,0,60,48,48,275.5891872,173.562268,14.7781579,463.9296131
revenue_max,synthetic_n200_p0.1,0,60,49,49,276.3939072,176.625456,10.86968238,463.8890456
revenue_max,synthetic_n200_p0.1,0,60,50,50,277.0669987,180.121896,9.181339303,466.370234
revenue_max,synthetic_n200_p0.1,0,60,51,51,277.6611797,183.4916336,6.118083925,467.2708972
revenue_max,synthetic_n200_p0.1,0,60,52,52,278.1972509,186.7962532,5.137419385,470.1309235
revenue_max,synthetic_n200_p0.1,0,60,53,53,278.6675369,189.8509105,3.573902298,472.0923497
revenue_max,synthetic_n200_p0.1,0,60,54,54,279.0659365,192.7862698,3.157803728,475.0100101
revenue_max,synthetic_n200_p0.1,0,60,55,55,279.4539671,195.6031949,2.053168419,477.1103304
revenue_max,synthetic_n200_p0.1,0,60,56,56,279.8234229,198.7389848,1.47083885,480.0332466
revenue_max,synthetic_n200_p0.1,0,60,57,57,280.1501669,201.8036287,1.087244929,483.0410405
revenue_max,synthetic_n200_p0.1,0,60,58,58,280.4120925,204.7473941,0.7252288837,485.8847155
revenue_max,synthetic_n200_p0.1,0,60,59,59,280.6195345,207.8198214,0.3331609784,488.7725168
revenue_max,synthetic_n200_p0.1,0,60,60,60,280.7761154,211.0018792,0.1765800761,491.9545746
revenue_max,synthetic_n200_p0.1,0,65,0,0,0,0,524.6817417,524.6817417
revenue_max,synthetic_n200_p0.1,0,65,1,1,22.52107081,4.178187848,492.4960418,519.1953005
revenue_max,synthetic_n200_p0.1,0,65,2,2,42.32513763,8.221460347,467.7407388,518.2873368
revenue_max,synthetic_n200_p0.1,0,65,3,3,59.95295281,12.29581677,445.601384,517.8501536
revenue_max,synthetic_n200_p0.1,0,65,4,4,76.22959292,16.24486803,424.9069005,517.3813614
revenue_max,synthetic_n200_p0.1,0,65,5,5,91.08576896,19.96675926,403.128608,514.1811362
revenue_max,synthetic_n200_p0.1,0,65,6,6,104.3752653,23.75723799,388.8864552,517.0189586
revenue_max,synthetic_n200_p0.1,0,65,7,7,116.329112,27.64097881,379.8944567,523.8645475
revenue_max,synthetic_n200_p0.1,0,65,8,8,127.6869718,31.54750925,360.8343913,520.0688723
revenue_max,synthetic_n200_p0.1,0,65,9,9,138.2393061,35.34071347,346.944784,520.5248035
revenue_max,synthetic_n200_p0.1,0,65,10,10,147.610265,38.97010124,326.6640024,513.2443687
revenue_max,synthetic_n200_p0.1,0,65,11,11,156.6747175,42.64508244,306.0647618,505.3845618
revenue_max,synthetic_n200_p0.1,0,65,12,12,165.0491548,46.35155482,286.2495092,497.6502188
revenue_max,synthetic_n200_p0.1,0,65,13,13,172.7227925,50.15656509,266.0350606,488.9144182
revenue_max,synthetic_n200_p0.1,0,65,14,14,179.9529264,54.08637693,249.2202095,483.2595128
revenue_max,synthetic_n200_p0.1,0,65,15,15,186.2091499,57.64836844,234.0604374,477.9179557
revenue_max,synthetic_n200_p0.1,0,65,16,16,192.095465,61.14599905,219.1471824,472.3886465
revenue_max,synthetic_n200_p0.1,0,65,17,17,197.6307377,64.81224908,207.3778525,469.8208393
revenue_max,synthetic_n200_p0.1,0,65,18,18,203.0491641,68.90164954,194.8304248,466.7812385
revenue_max,synthetic_n200_p0.1,0,65,19,19,208.0014017,72.61252449,182.5359974,463.1499236
revenue_max,synthetic_n200_p0.1,0,65,20,20,212.470087,76.30272223,171.2439124,460.0167217
revenue_max,synthetic_n200_p0.1,0,65,21,21,216.6595509,79.90505113,162.2598777,458.8244797
revenue_max,synthetic_n200_p0.1,0,65,22,22,220.6965023,83.31909285,152.2202054,456.2358005
revenue_max,synthetic_n200_p0.1,0,65,23,23,224.4426837,86.66239198,143.5912933,454.696369
revenue_max,synthetic_n200_p0.1,0,65,24,24,228.1123237,90.43769562,135.4203164,453.9703357
revenue_max,synthetic_n200_p0.1,0,65,25,25,231.565579,94.39591512,128.5524786,454.5139727
revenue_max,synthetic_n200_p0.1,0,65,26,26,234.7004993,97.99249446,121.4309736,454.1239674
revenue_max,synthetic_n200_p0.1,0,65,27,27,237.7397099,101.5865056,114.9898987,454.3161143
revenue_max,synthetic_n200_p0.1,0,65,28,28,240.6828336,104.5560003,110.0521564,455.2909903
revenue_max,synthetic_n200_p0.1,0,65,29,29,243.5278555,108.0933311,102.3092022,453.9303888
revenue_max,synthetic_n200_p0.1,0,65,30,30,246.3058507,111.7241871,97.29817668,455.3282145
revenue_max,synthetic_n200_p0.1,0,65,31,31,248.9402285,115.7850755,92.05275757,456.7780616
revenue_max,synthetic_n200_p0.1,0,65,32,32,251.5110291,119.6341039,86.45401735,457.5991504
revenue_max,synthetic_n200_p0.1,0,65,33,33,253.91327,123.3936542,81.5285683,458.8354925
revenue_max,synthetic_n200_p0.1,0,65,34,34,256.219796,127.0054785,75.64310886,458.8683834
revenue_max,synthetic_n200_p0.1,0,65,35,35,258.2154983,130.9328566,70.71431592,459.8626708
revenue_max,synthetic_n200_p0.1,0,65,36,36,260.1471495,134.3303587,64.47113389,458.9486421
revenue_max,synthetic_n200_p0.1,0,65,37,37,261.9897834,137.807035,57.51742677,457.3142452
revenue_max,synthetic_n200_p0.1,0,65,38,38,263.670627,141.6123542,52.87943331,458.1624145
revenue_max,synthetic_n200_p0.1,0,65,39,39,265.2341689,144.849197,47.69754223,457.7809081
revenue_max,synthetic_n200_p0.1,0,65,40,40,266.7522696,147.9902684,43.35998098,458.102519
revenue_max,synthetic_n200_p0.1,0,65,41,41,268.0733369,151.0513319,39.38495022,458.5096189
revenue_max,synthetic_n200_p0.1,0,65,42,42,269.3280786,154.7905353,36.05043278,460.1690466
revenue_max,synthetic_n200_p0.1,0,65,43,43,270.5185261,157.8893002,32.09360036,460.5014266
revenue_max,synthetic_n200_p0.1,0,65,44,44,271.6650262,161.236913,27.50928871,460.4112279
revenue_max,synthetic_n200_p0.1,0,65,45,45,272.7511376,164.1725541,23.06123645,459.9849282
revenue_max,synthetic_n200_p0.1,0,65,46,46,273.7719683,167.2882851,20.64658796,461.7068414
revenue_max,synthetic_n200_p0.1,0,65,47,47,274.7573436,170.5821966,17.92085459,463.2603949
revenue_max,synthetic_n200_p0.1,0,65,48,48,275.5891872,173.562268,14.7781579,463.9296131
revenue_max,synthetic_n200_p0.1,0,65,49,49,276.3939072,176.625456,10.86968238,463.8890456
revenue_max,synthetic_n200_p0.1,0,65,50,50,277.0669987,180.121896,9.181339303,466.370234
revenue_max,synthetic_n200_p0.1,0,65,51,51,277.6611797,183.4916336,6.118083925,467.2708972
revenue_max,synthetic_n200_p0.1,0,65,52,52,278.1972509,186.7962532,5.137419385,470.1309235
revenue_max,synthetic_n200_p0.1,0,65,53,53,278.6675369,189.8509105,3.573902298,472.0923497
revenue_max,synthetic_n200_p0.1,0,65,54,54,279.0659365,192.7862698,3.157803728,475.0100101
revenue_max,synthetic_n200_p0.1,0,65,55,55,279.4539671,195.6031949,2.053168419,477.1103304
revenue_max,synthetic_n200_p0.1,0,65,56,56,279.8234229,198.7389848,1.47083885,480.0332466
revenue_max,synthetic_n200_p0.1,0,65,57,57,280.1501669,201.8036287,1.087244929,483.0410405
revenue_max,synthetic_n200_p0.1,0,65,58,58,280.4120925,204.7473941,0.7252288837,485.8847155
revenue_max,synthetic_n200_p0.1,0,65,59,59,280.6195345,207.8198214,0.3331609784,488.7725168
revenue_max,synthetic_n200_p0.1,0,65,60,60,280.7761154,211.0018792,0.1765800761,491.9545746
revenue_max,synthetic_n200_p0.1,0,65,61,61,280.8650601,214.4095418,0.08446502089,495.359067
revenue_max,synthetic_n200_p0.1,0,65,62,62,280.91405,217.7117553,0.03547517384,498.6612804
revenue_max,synthetic_n200_p0.1,0,65,63,63,280.9449219,219.7385286,0.004603244105,500.6880537
revenue_max,synthetic_n200_p0.1,0,65,64,64,280.9495251,222.6730606,0,503.6225857
revenue_max,synthetic_n200_p0.1,0,70,0,0,0,0,524.6817417,524.6817417
revenue_max,synthetic_n200_p0.1,0,70,1,1,22.52107081,4.178187848,492.4960418,519.1953005
revenue_max,synthetic_n200_p0.1,0,70,2,2,42.32513763,8.221460347,467.7407388,518.2873368
revenue_max,synthetic_n200_p0.1,0,70,3,3,59.95295281,12.29581677,445.601384,517.8501536
revenue_max,synthetic_n200_p0.1,0,70,4,4,76.22959292,16.24486803,424.9069005,517.3813614
revenue_max,synthetic_n200_p0.1,0,70,5,5,91.08576896,19.96675926,403.128608,514.1811362
revenue_max,synthetic_n200_p0.1,0,70,6,6,104.3752653,23.75723799,388.8864552,517.0189586
revenue_max,synthetic_n200_p0.1,0,70,7,7,116.329112,27.64097881,379.8944567,523.8645475
revenue_max,synthetic_n200_p0.1,0,70,8,8,127.6869718,31.54750925,360.8343913,520.0688723
revenue_max,synthetic_n200_p0.1,0,70,9,9,138.2393061,35.34071347,346.944784,520.5248035
revenue_max,synthetic_n200_p0.1,0,70,10,10,147.610265,38.97010124,328.8540698,515.434436
revenue_max,synthetic_n200_p0.1,0,70,11,11,156.6747175,42.64508244,316.4218079,515.7416079
revenue_max,synthetic_n200_p0.1,0,70,12,12,165.0491548,46.35155482,297.0606169,508.4613265
revenue_max,synthetic_n200_p0.1,0,70,13,13,172.7227925,50.15656509,276.2521188,499.1314764
revenue_max,synthetic_n200_p0.1,0,70,14,14,179.9529264,54.08637693,259.6801687,493.719472
revenue_max,synthetic_n200_p0.1,0,70,15,15,186.2091499,57.64836844,244.786717,488.6442354
revenue_max,synthetic_n200_p0.1,0,70,16,16,192.095465,61.14599905,229.2639488,482.5054129
revenue_max,synthetic_n200_p0.1,0,70,17,17,197.6307377,64.81224908,217.4763576,479.9193444
revenue_max,synthetic_n200_p0.1,0,70,18,18,203.0491641,68.90164954,204.4095974,476.3604111
revenue_max,synthetic_n200_p0.1,0,70,19,19,208.0014017,72.61252449,191.7766892,472.3906154
revenue_max,synthetic_n200_p0.1,0,70,20,20,212.470087,76.30272223,179.9155739,468.6883832
revenue_max,synthetic_n200_p0.1,0,70,21,21,216.6595509,79.90505113,170.7907086,467.3553107
revenue_max,synthetic_n200_p0.1,0,70,22,22,220.6965023,83.31909285,160.3895396,464.4051348
revenue_max,synthetic_n200_p0.1,0,70,23,23,224.4426837,86.66239198,151.0995344,462.2046101
revenue_max,synthetic_n200_p0.1,0,70,24,24,228.1123237,90.43769562,142.4070463,460.9570656
revenue_max,synthetic_n200_p0.1,0,70,25,25,231.565579,94.39591512,135.0898976,461.0513916
revenue_max,synthetic_n200_p0.1,0,70,26,26,234.7004993,97.99249446,127.536179,460.2291728
revenue_max,synthetic_n200_p0.1,0,70,27,27,237.7397099,101.5865056,120.6275922,459.9538077
revenue_max,synthetic_n200_p0.1,0,70,28,28,240.6828336,104.5560003,115.417196,460.6560299
revenue_max,synthetic_n200_p0.1,0,70,29,29,243.5278555,108.0933311,107.4926071,459.1137937
revenue_max,synthetic_n200_p0.1,0,70,30,30,246.3058507,111.7241871,101.7111573,459.7411951
revenue_max,synthetic_n200_p0.1,0,70,31,31,248.9402285,115.7850755,96.16822571,460.8935297
revenue_max,synthetic_n200_p0.1,0,70,32,32,251.5110291,119.6341039,90.31242047,461.4575535
revenue_max,synthetic_n200_p0.1,0,70,33,33,253.91327,123.3936542,85.31212026,462.6190444
revenue_max,synthetic_n200_p0.1,0,70,34,34,256.219796,127.0054785,79.14386901,462.3691435
revenue_max,synthetic_n200_p0.1,0,70,35,35,258.2154983,130.9328566,73.99405612,463.142411
revenue_max,synthetic_n200_p0.1,0,70,36,36,260.1471495,134.3303587,67.22697017,461.7044783
revenue_max,synthetic_n200_p0.1,0,70,37,37,261.9897834,137.807035,59.98139417,459.7782126
revenue_max,synthetic_n200_p0.1,0,70,38,38,263.670627,141.6123542,54.97124143,460.2542227
revenue_max,synthetic_n200_p0.1,0,70,39,39,265.2341689,144.849197,49.50348684,459.5868527
revenue_max,synthetic_n200_p0.1,0,70,40,40,266.7522696,147.9902684,44.95323449,459.6957725
revenue_max,synthetic_n200_p0.1,0,70,41,41,268.0733369,151.0513319,40.66879471,459.7934634
revenue_max,synthetic_n200_p0.1,0,70,42,42,269.3280786,154.7905353,37.18935285,461.3079667
revenue_max,synthetic_n200_p0.1,0,70,43,43,270.5185261,157.8893002,32.76297648,461.1708027
revenue_max,synthetic_n200_p0.1,0,70,44,44,271.6650262,161.236913,27.89241259,460.7943518
revenue_max,synthetic_n200_p0.1,0,70,45,45,272.7511376,164.1725541,23.14663609,460.0703278
revenue_max,synthetic_n200_p0.1,0,70,46,46,273.7719683,167.2882851,20.64658796,461.7068414
revenue_max,synthetic_n200_p0.1,0,70,47,47,274.7573436,170.5821966,17.92085459,463.2603949
revenue_max,synthetic_n200_p0.1,0,70,48,48,275.5891872,173.562268,14.7781579,463.9296131
revenue_max,synthetic_n200_p0.1,0,70,49,49,276.3939072,176.625456,10.86968238,463.8890456
revenue_max,synthetic_n200_p0.1,0,70,50,50,277.0669987,180.121896,9.181339303,466.370234
revenue_max,synthetic_n200_p0.1,0,70,51,51,277.6611797,183.4916336,6.118083925,467.2708972
revenue_max,synthetic_n200_p0.1,0,70,52,52,278.1972509,186.7962532,5.137419385,470.1309235
revenue_max,synthetic_n200_p0.1,0,70,53,53,278.6675369,189.8509105,3.573902298,472.0923497
revenue_max,synthetic_n200_p0.1,0,70,54,54,279.0659365,192.7862698,3.157803728,475.0100101
revenue_max,synthetic_n200_p0.1,0,70,55,55,279.4539671,195.6031949,2.053168419,477.1103304
revenue_max,synthetic_n200_p0.1,0,70,56,56,279.8234229,198.7389848,1.47083885,480.0332466
revenue_max,synthetic_n200_p0.1,0,70,57,57,280.1501669,201.8036287,1.087244929,483.0410405
revenue_max,synthetic_n200_p0.1,0,70,58,58,280.4120925,204.7473941,0.7252288837,485.8847155
revenue_max,synthetic_n200_p0.1,0,70,59,59,280.6195345,207.8198214,0.3331609784,488.7725168
revenue_max,synthetic_n200_p0.1,0,70,60,60,280.7761154,211.0018792,0.1765800761,491.9545746
revenue_max,synthetic_n200_p0.1,0,70,61,61,280.8650601,214.4095418,0.08446502089,495.359067
revenue_max,synthetic_n200_p0.1,0,70,62,62,280.91405,217.7117553,0.03547517384,498.6612804
revenue_max,synthetic_n200_p0.1,0,70,63,63,280.9449219,219.7385286,0.004603244105,500.6880537
revenue_max,synthetic_n200_p0.1,0,70,64,64,280.9495251,222.6730606,0,503.6225857
revenue_max,synthetic_n200_p0.1,0,75,0,0,0,0,524.6817417,524.6817417
revenue_max,synthetic_n200_p0.1,0,75,1,1,22.52107081,4.178187848,492.4960418,519.1953005
revenue_max,synthetic_n200_p0.1,0,75,2,2,42.32513763,8.221460347,467.7407388,518.2873368
revenue_max,synthetic_n200_p0.1,0,75,3,3,59.95295281,12.29581677,445.601384,517.8501536
revenue_max,synthetic_n200_p0.1,0,75,4,4,76.22959292,16.24486803,424.9069005,517.3813614
revenue_max,synthetic_n200_p0.1,0,75,5,5,91.08576896,19.96675926,403.128608,514.1811362
revenue_max,synthetic_n200_p0.1,0,75,6,6,104.3752653,23.75723799,388.8864552,517.0189586
revenue_max,synthetic_n200_p0.1,0,75,7,7,116.329112,27.64097881,379.8944567,523.8645475
revenue_max,synthetic_n200_p0.1,0,75,8,8,127.6869718,31.54750925,360.8343913,520.0688723
revenue_max,synthetic_n200_p0.1,0,75,9,9,138.2393061,35.34071347,346.944784,520.5248035
revenue_max,synthetic_n200_p0.1,0,75,10,10,147.610265,38.97010124,328.8540698,515.434436
revenue_max,synthetic_n200_p0.1,0,75,11,11,156.6747175,42.64508244,318.3883421,517.7081421
revenue_max,synthetic_n200_p0.1,0,75,12,12,165.0491548,46.35155482,304.6956476,516.0963572
revenue_max,synthetic_n200_p0.1,0,75,13,13,172.7227925,50.15656509,283.0892912,505.9686489
revenue_max,synthetic_n200_p0.1,0,75,14,14,179.9529264,54.08637693,268.317936,502.3572393
revenue_max,synthetic_n200_p0.1,0,75,15,15,186.2091499,57.64836844,253.9307201,497.7882384
revenue_max,synthetic_n200_p0.1,0,75,16,16,192.095465,61.14599905,238.4410592,491.6825233
revenue_max,synthetic_n200_p0.1,0,75,17,17,197.6307377,64.81224908,226.8073298,489.2503166
revenue_max,synthetic_n200_p0.1,0,75,18,18,203.0491641,68.90164954,213.2608145,485.2116282
revenue_max,synthetic_n200_p0.1,0,75,19,19,208.0014017,72.61252449,200.3977734,481.0116996
revenue_max,synthetic_n200_p0.1,0,75,20,20,212.470087,76.30272223,187.7603022,476.5331115
revenue_max,synthetic_n200_p0.1,0,75,21,21,216.6595509,79.90505113,178.7087852,475.2733873
revenue_max,synthetic_n200_p0.1,0,75,22,22,220.6965023,83.31909285,167.9793169,471.994912
revenue_max,synthetic_n200_p0.1,0,75,23,23,224.4426837,86.66239198,158.200498,469.3055737
revenue_max,synthetic_n200_p0.1,0,75,24,24,228.1123237,90.43769562,149.1174426,467.6674619
revenue_max,synthetic_n200_p0.1,0,75,25,25,231.565579,94.39591512,141.3177051,467.2791992
revenue_max,synthetic_n200_p0.1,0,75,26,26,234.7004993,97.99249446,133.4637663,466.1567601
revenue_max,synthetic_n200_p0.1,0,75,27,27,237.7397099,101.5865056,126.1141486,465.4403641
revenue_max,synthetic_n200_p0.1,0,75,28,28,240.6828336,104.5560003,120.3156434,465.5544773
revenue_max,synthetic_n200_p0.1,0,75,29,29,243.5278555,108.0933311,112.3675157,463.9887023
revenue_max,synthetic_n200_p0.1,0,75,30,30,246.3058507,111.7241871,105.7198643,463.7499021
revenue_max,synthetic_n200_p0.1,0,75,31,31,248.9402285,115.7850755,99.95089929,464.6762033
revenue_max,synthetic_n200_p0.1,0,75,32,32,251.5110291,119.6341039,93.86946521,465.0145982
revenue_max,synthetic_n200_p0.1,0,75,33,33,253.91327,123.3936542,88.83182744,466.1387516
revenue_max,synthetic_n200_p0.1,0,75,34,34,256.219796,127.0054785,82.34365151,465.568926
revenue_max,synthetic_n200_p0.1,0,75,35,35,258.2154983,130.9328566,76.90236119,466.0507161
revenue_max,synthetic_n200_p0.1,0,75,36,36,260.1471495,134.3303587,69.79239492,464.2699031
revenue_max,synthetic_n200_p0.1,0,75,37,37,261.9897834,137.807035,62.1597115,461.9565299
revenue_max,synthetic_n200_p0.1,0,75,38,38,263.670627,141.6123542,56.79915045,462.0821317
revenue_max,synthetic_n200_p0.1,0,75,39,39,265.2341689,144.849197,51.15381199,461.2371779
revenue_max,synthetic_n200_p0.1,0,75,40,40,266.7522696,147.9902684,46.27616718,461.0187052
revenue_max,synthetic_n200_p0.1,0,75,41,41,268.0733369,151.0513319,41.64272789,460.7673966
revenue_max,synthetic_n200_p0.1,0,75,42,42,269.3280786,154.7905353,38.02207688,462.1406907
revenue_max,synthetic_n200_p0.1,0,75,43,43,270.5185261,157.8893002,33.27475941,461.6825857
revenue_max,synthetic_n200_p0.1,0,75,44,44,271.6650262,161.236913,28.09860556,461.0005448
revenue_max,synthetic_n200_p0.1,0,75,45,45,272.7511376,164.1725541,23.14663609,460.0703278
revenue_max,synthetic_n200_p0.1,0,75,46,46,273.7719683,167.2882851,20.64658796,461.7068414
revenue_max,synthetic_n200_p0.1,0,75,47,47,274.7573436,170.5821966,17.92085459,463.2603949
revenue_max,synthetic_n200_p0.1,0,75,48,48,275.5891872,173.562268,14.7781579,463.9296131
revenue_max,synthetic_n200_p0.1,0,75,49,49,276.3939072,176.625456,10.86968238,463.8890456
revenue_max,synthetic_n200_p0.1,0,75,50,50,277.0669987,180.121896,9.181339303,466.370234
revenue_max,synthetic_n200_p0.1,0,75,51,51,277.6611797,183.4916336,6.118083925,467.2708972
revenue_max,synthetic_n200_p0.1,0,75,52,52,278.1972509,186.7962532,5.137419385,470.1309235
revenue_max,synthetic_n200_p0.1,0,75,53,53,278.6675369,189.8509105,3.573902298,472.0923497
revenue_max,synthetic_n200_p0.1,0,75,54,54,279.0659365,192.7862698,3.157803728,475.0100101
revenue_max,synthetic_n200_p0.1,0,75,55,55,279.4539671,195.6031949,2.053168419,477.1103304
revenue_max,synthetic_n200_p0.1,0,75,56,56,279.8234229,198.7389848,1.47083885,480.0332466
revenue_max,synthetic_n200_p0.1,0,75,57,57,280.1501669,201.8036287,1.087244929,483.0410405
revenue_max,synthetic_n200_p0.1,0,75,58,58,280.4120925,204.7473941,0.7252288837,485.8847155
revenue_max,synthetic_n200_p0.1,0,75,59,59,280.6195345,207.8198214,0.3331609784,488.7725168
revenue_max,synthetic_n200_p0.1,0,75,60,60,280.7761154,211.0018792,0.1765800761,491.9545746
revenue_max,synthetic_n200_p0.1,0,75,61,61,280.8650601,214.4095418,0.08446502089,495.359067
revenue_max,synthetic_n200_p0.1,0,75,62,62,280.91405,217.7117553,0.03547517384,498.6612804
revenue_max,synthetic_n200_p0.1,0,75,63,63,280.9449219,219.7385286,0.004603244105,500.6880537
revenue_max,synthetic_n200_p0.1,0,75,64,64,280.9495251,222.6730606,0,503.6225857
revenue_max,synthetic_n200_p0.1,0,80,0,0,0,0,524.6817417,524.6817417
revenue_max,synthetic_n200_p0.1,0,80,1,1,22.52107081,4.178187848,492.4960418,519.1953005
revenue_max,synthetic_n200_p0.1,0,80,2,2,42.32513763,8.221460347,467.7407388,518.2873368
revenue_max,synthetic_n200_p0.1,0,80,3,3,59.95295281,12.29581677,445.601384,517.8501536
revenue_max,synthetic_n200_p0.1,0,80,4,4,76.22959292,16.24486803,424.9069005,517.3813614
revenue_max,synthetic_n200_p0.1,0,80,5,5,91.08576896,19.96675926,403.128608,514.1811362
revenue_max,synthetic_n200_p0.1,0,80,6,6,104.3752653,23.75723799,388.8864552,517.0189586
revenue_max,synthetic_n200_p0.1,0,80,7,7,116.329112,27.64097881,379.8944567,523.8645475
revenue_max,synthetic_n200_p0.1,0,80,8,8,127.6869718,31.54750925,360.8343913,520.0688723
revenue_max,synthetic_n200_p0.1,0,80,9,9,138.2393061,35.34071347,346.944784,520.5248035
revenue_max,synthetic_n200_p0.1,0,80,10,10,147.610265,38.97010124,328.8540698,515.434436
revenue_max,synthetic_n200_p0.1,0,80,11,11,156.6747175,42.64508244,318.3883421,517.7081421
revenue_max,synthetic_n200_p0.1,0,80,12,12,165.0491548,46.35155482,305.6730207,517.0737303
revenue_max,synthetic_n200_p0.1,0,80,13,13,172.7227925,50.15656509,285.2128067,508.0921644
revenue_max,synthetic_n200_p0.1,0,80,14,14,179.9529264,54.08637693,274.7995031,508.8388064
revenue_max,synthetic_n200_p0.1,0,80,15,15,186.2091499,57.64836844,261.0055258,504.8630442
revenue_max,synthetic_n200_p0.1,0,80,16,16,192.095465,61.14599905,245.8518348,499.0932989
revenue_max,synthetic_n200_p0.1,0,80,17,17,197.6307377,64.81224908,234.6098654,497.0528523
revenue_max,synthetic_n200_p0.1,0,80,18,18,203.0491641,68.90164954,220.751712,492.7025256
revenue_max,synthetic_n200_p0.1,0,80,19,19,208.0014017,72.61252449,208.143882,488.7578082
revenue_max,synthetic_n200_p0.1,0,80,20,20,212.470087,76.30272223,194.8987556,483.6715648
revenue_max,synthetic_n200_p0.1,0,80,21,21,216.6595509,79.90505113,186.0151715,482.5797736
revenue_max,synthetic_n200_p0.1,0,80,22,22,220.6965023,83.31909285,175.1026172,479.1182123
revenue_max,synthetic_n200_p0.1,0,80,23,23,224.4426837,86.66239198,164.7043778,475.8094535
revenue_max,synthetic_n200_p0.1,0,80,24,24,228.1123237,90.43769562,155.4334657,473.9834851
revenue_max,synthetic_n200_p0.1,0,80,25,25,231.565579,94.39591512,147.2804191,473.2419132
revenue_max,synthetic_n200_p0.1,0,80,26,26,234.7004993,97.99249446,139.1140594,471.8070532
revenue_max,synthetic_n200_p0.1,0,80,27,27,237.7397099,101.5865056,131.2792371,470.6054526
revenue_max,synthetic_n200_p0.1,0,80,28,28,240.6828336,104.5560003,124.8659301,470.104764
revenue_max,synthetic_n200_p0.1,0,80,29,29,243.5278555,108.0933311,116.7866239,468.4078105
revenue_max,synthetic_n200_p0.1,0,80,30,30,246.3058507,111.7241871,109.4423345,467.4723723
revenue_max,synthetic_n200_p0.1,0,80,31,31,248.9402285,115.7850755,103.5260387,468.2513428
revenue_max,synthetic_n200_p0.1,0,80,32,32,251.5110291,119.6341039,97.03315512,468.1782881
revenue_max,synthetic_n200_p0.1,0,80,33,33,253.91327,123.3936542,92.09583493,469.4027591
revenue_max,synthetic_n200_p0.1,0,80,34,34,256.219796,127.0054785,85.16496592,468.3902404
revenue_max,synthetic_n200_p0.1,0,80,35,35,258.2154983,130.9328566,79.5738314,468.7221863
revenue_max,synthetic_n200_p0.1,0,80,36,36,260.1471495,134.3303587,72.13462477,466.6121329
revenue_max,synthetic_n200_p0.1,0,80,37,37,261.9897834,137.807035,64.10460679,463.9014252
revenue_max,synthetic_n200_p0.1,0,80,38,38,263.670627,141.6123542,58.42873728,463.7117185
revenue_max,synthetic_n200_p0.1,0,80,39,39,265.2341689,144.849197,52.48649122,462.5698571
revenue_max,synthetic_n200_p0.1,0,80,40,40,266.7522696,147.9902684,47.27074504,462.013283
revenue_max,synthetic_n200_p0.1,0,80,41,41,268.0733369,151.0513319,42.31614103,461.4408098
revenue_max,synthetic_n200_p0.1,0,80,42,42,269.3280786,154.7905353,38.61501556,462.7336294
revenue_max,synthetic_n200_p0.1,0,80,43,43,270.5185261,157.8893002,33.58829795,461.9961242
revenue_max,synthetic_n200_p0.1,0,80,44,44,271.6650262,161.236913,28.11340505,461.0153443
revenue_max,synthetic_n200_p0.1,0,80,45,45,272.7511376,164.1725541,23.14663609,460.0703278
revenue_max,synthetic_n200_p0.1,0,80,46,46,273.7719683,167.2882851,20.64658796,461.7068414
revenue_max,synthetic_n200_p0.1,0,80,47,47,274.7573436,170.5821966,17.92085459,463.2603949
revenue_max,synthetic_n200_p0.1,0,80,48,48,275.5891872,173.562268,14.7781579,463.9296131
revenue_max,synthetic_n200_p0.1,0,80,49,49,276.3939072,176.625456,10.86968238,463.8890456
revenue_max,synthetic_n200_p0.1,0,80,50,50,277.0669987,180.121896,9.181339303,466.370234
revenue_max,synthetic_n200_p0.1,0,80,51,51,277.6611797,183.4916336,6.118083925,467.2708972
revenue_max,synthetic_n200_p0.1,0,80,52,52,278.1972509,186.7962532,5.137419385,470.1309235
revenue_max,synthetic_n200_p0.1,0,80,53,53,278.6675369,189.8509105,3.573902298,472.0923497
revenue_max,synthetic_n200_p0.1,0,80,54,54,279.0659365,192.7862698,3.157803728,475.0100101
revenue_max,synthetic_n200_p0.1,0,80,55,55,279.4539671,195.6031949,2.053168419,477.1103304
revenue_max,synthetic_n200_p0.1,0,80,56,56,279.8234229,198.7389848,1.47083885,480.0332466
revenue_max,synthetic_n200_p0.1,0,80,57,57,280.1501669,201.8036287,1.087244929,483.0410405
revenue_max,synthetic_n200_p0.1,0,80,58,58,280.4120925,204.7473941,0.7252288837,485.8847155
revenue_max,synthetic_n200_p0.1,0,80,59,59,280.6195345,207.8198214,0.3331609784,488.7725168
revenue_max,synthetic_n200_p0.1,0,80,60,60,280.7761154,211.0018792,0.1765800761,491.9545746
revenue_max,synthetic_n200_p0.1,0,80,61,61,280.8650601,214.4095418,0.08446502089,495.359067
revenue_max,synthetic_n200_p0.1,0,80,62,62,280.91405,217.7117553,0.03547517384,498.6612804
revenue_max,synthetic_n200_p0.1,0,80,63,63,280.9449219,219.7385286,0.004603244105,500.6880537
revenue_max,synthetic_n200_p0.1,0,80,64,64,280.9495251,222.6730606,0,503.6225857
revenue_max,synthetic_n200_p0.1,0,85,0,0,0,0,524.6817417,524.6817417
revenue_max,synthetic_n200_p0.1,0,85,1,1,22.52107081,4.178187848,492.4960418,519.1953005
revenue_max,synthetic_n200_p0.1,0,85,2,2,42.32513763,8.221460347,467.7407388,518.2873368
revenue_max,synthetic_n200_p0.1,0,85,3,3,59.95295281,12.29581677,445.601384,517.8501536
revenue_max,synthetic_n200_p0.1,0,85,4,4,76.22959292,16.24486803,424.9069005,517.3813614
revenue_max,synthetic_n200_p0.1,0,85,5,5,91.08576896,19.96675926,403.128608,514.1811362
revenue_max,synthetic_n200_p0.1,0,85,6,6,104.3752653,23.75723799,388.8864552,517.0189586
revenue_max,synthetic_n200_p0.1,0,85,7,7,116.329112,27.64097881,379.8944567,523.8645475
revenue_max,synthetic_n200_p0.1,0,85,8,8,127.6869718,31.54750925,360.8343913,520.0688723
revenue_max,synthetic_n200_p0.1,0,85,9,9,138.2393061,35.34071347,346.944784,520.5248035
revenue_max,synthetic_n200_p0.1,0,85,10,10,147.610265,38.97010124,328.8540698,515.434436
revenue_max,synthetic_n200_p0.1,0,85,11,11,156.6747175,42.64508244,318.3883421,517.7081421
revenue_max,synthetic_n200_p0.1,0,85,12,12,165.0491548,46.35155482,305.6730207,517.0737303
revenue_max,synthetic_n200_p0.1,0,85,13,13,172.7227925,50.15656509,285.2128067,508.0921644
revenue_max,synthetic_n200_p0.1,0,85,14,14,179.9529264,54.08637693,277.2007978,511.240101
revenue_max,synthetic_n200_p0.1,0,85,15,15,186.2091499,57.64836844,265.6217924,509.4793107
revenue_max,synthetic_n200_p0.1,0,85,16,16,192.095465,61.14599905,251.311689,504.5531531
revenue_max,synthetic_n200_p0.1,0,85,17,17,197.6307377,64.81224908,240.7704163,503.2134032
revenue_max,synthetic_n200_p0.1,0,85,18,18,203.0491641,68.90164954,226.9169329,498.8677466
revenue_max,synthetic_n200_p0.1,0,85,19,19,208.0014017,72.61252449,214.8561335,495.4700597
revenue_max,synthetic_n200_p0.1,0,85,20,20,212.470087,76.30272223,201.4446436,490.2174528
revenue_max,synthetic_n200_p0.1,0,85,21,21,216.6595509,79.90505113,192.672349,489.2369511
revenue_max,synthetic_n200_p0.1,0,85,22,22,220.6965023,83.31909285,181.566825,485.5824201
revenue_max,synthetic_n200_p0.1,0,85,23,23,224.4426837,86.66239198,170.8501466,481.9552223
revenue_max,synthetic_n200_p0.1,0,85,24,24,228.1123237,90.43769562,161.2172914,479.7673107
revenue_max,synthetic_n200_p0.1,0,85,25,25,231.565579,94.39591512,152.7998431,478.7613372
revenue_max,synthetic_n200_p0.1,0,85,26,26,234.7004993,97.99249446,144.3599256,477.0529194
revenue_max,synthetic_n200_p0.1,0,85,27,27,237.7397099,101.5865056,135.9713278,475.2975433
revenue_max,synthetic_n200_p0.1,0,85,28,28,240.6828336,104.5560003,129.1002784,474.3391124
revenue_max,synthetic_n200_p0.1,0,85,29,29,243.5278555,108.0933311,120.8615951,472.4827817
revenue_max,synthetic_n200_p0.1,0,85,30,30,246.3058507,111.7241871,112.7989322,470.82897
revenue_max,synthetic_n200_p0.1,0,85,31,31,248.9402285,115.7850755,106.7088463,471.4341503
revenue_max,synthetic_n200_p0.1,0,85,32,32,251.5110291,119.6341039,99.84492476,470.9900578
revenue_max,synthetic_n200_p0.1,0,85,33,33,253.91327,123.3936542,95.02641127,472.3333355
revenue_max,synthetic_n200_p0.1,0,85,34,34,256.219796,127.0054785,87.67118831,470.8964628
revenue_max,synthetic_n200_p0.1,0,85,35,35,258.2154983,130.9328566,82.00304178,471.1513967
revenue_max,synthetic_n200_p0.1,0,85,36,36,260.1471495,134.3303587,74.1597865,468.6372947
revenue_max,synthetic_n200_p0.1,0,85,37,37,261.9897834,137.807035,65.8193395,465.6161579
revenue_max,synthetic_n200_p0.1,0,85,38,38,263.670627,141.6123542,59.75492553,465.0379068
revenue_max,synthetic_n200_p0.1,0,85,39,39,265.2341689,144.849197,53.44544091,463.5288068
revenue_max,synthetic_n200_p0.1,0,85,40,40,266.7522696,147.9902684,48.00749975,462.7500377
revenue_max,synthetic_n200_p0.1,0,85,41,41,268.0733369,151.0513319,42.84803894,461.9727077
revenue_max,synthetic_n200_p0.1,0,85,42,42,269.3280786,154.7905353,39.01596227,463.1345761
revenue_max,synthetic_n200_p0.1,0,85,43,43,270.5185261,157.8893002,33.66936627,462.0771925
revenue_max,synthetic_n200_p0.1,0,85,44,44,271.6650262,161.236913,28.11340505,461.0153443
revenue_max,synthetic_n200_p0.1,0,85,45,45,272.7511376,164.1725541,23.14663609,460.0703278
revenue_max,synthetic_n200_p0.1,0,85,46,46,273.7719683,167.2882851,20.64658796,461.7068414
revenue_max,synthetic_n200_p0.1,0,85,47,47,274.7573436,170.5821966,17.92085459,463.2603949
revenue_max,synthetic_n200_p0.1,0,85,48,48,275.5891872,173.562268,14.7781579,463.9296131
revenue_max,synthetic_n200_p0.1,0,85,49,49,276.3939072,176.625456,10.86968238,463.8890456
revenue_max,synthetic_n200_p0.1,0,85,50,50,277.0669987,180.121896,9.181339303,466.370234
revenue_max,synthetic_n200_p0.1,0,85,51,51,277.6611797,183.4916336,6.118083925,467.2708972
revenue_max,synthetic_n200_p0.1,0,85,52,52,278.1972509,186.7962532,5.137419385,470.1309235
revenue_max,synthetic_n200_p0.1,0,85,53,53,278.6675369,189.8509105,3.573902298,472.0923497
revenue_max,synthetic_n200_p0.1,0,85,54,54,279.0659365,192.7862698,3.157803728,475.0100101
revenue_max,synthetic_n200_p0.1,0,85,55,55,279.4539671,195.6031949,2.053168419,477.1103304
revenue_max,synthetic_n200_p0.1,0,85,56,56,279.8234229,198.7389848,1.47083885,480.0332466
revenue_max,synthetic_n200_p0.1,0,85,57,57,280.1501669,201.8036287,1.087244929,483.0410405
revenue_max,synthetic_n200_p0.1,0,85,58,58,280.4120925,204.7473941,0.7252288837,485.8847155
revenue_max,synthetic_n200_p0.1,0,85,59,59,280.6195345,207.8198214,0.3331609784,488.7725168
revenue_max,synthetic_n200_p0.1,0,85,60,60,280.7761154,211.0018792,0.1765800761,491.9545746
revenue_max,synthetic_n200_p0.1,0,85,61,61,280.8650601,214.4095418,0.08446502089,495.359067
revenue_max,synthetic_n200_p0.1,0,85,62,62,280.91405,217.7117553,0.03547517384,498.6612804
revenue_max,synthetic_n200_p0.1,0,85,63,63,280.9449219,219.7385286,0.004603244105,500.6880537
revenue_max,synthetic_n200_p0.1,0,85,64,64,280.9495251,222.6730606,0,503.6225857
revenue_max,synthetic_n200_p0.1,0,90,0,0,0,0,524.6817417,524.6817417
revenue_max,synthetic_n200_p0.1,0,90,1,1,22.52107081,4.178187848,492.4960418,519.1953005
revenue_max,synthetic_n200_p0.1,0,90,2,2,42.32513763,8.221460347,467.7407388,518.2873368
revenue_max,synthetic_n200_p0.1,0,90,3,3,59.95295281,12.29581677,445.601384,517.8501536
revenue_max,synthetic_n200_p0.1,0,90,4,4,76.22959292,16.24486803,424.9069005,517.3813614
revenue_max,synthetic_n200_p0.1,0,90,5,5,91.08576896,19.96675926,403.128608,514.1811362
revenue_max,synthetic_n200_p0.1,0,90,6,6,104.3752653,23.75723799,388.8864552,517.0189586
revenue_max,synthetic_n200_p0.1,0,90,7,7,116.329112,27.64097881,379.8944567,523.8645475
revenue_max,synthetic_n200_p0.1,0,90,8,8,127.6869718,31.54750925,360.8343913,520.0688723
revenue_max,synthetic_n200_p0.1,0,90,9,9,138.2393061,35.34071347,346.944784,520.5248035
revenue_max,synthetic_n200_p0.1,0,90,10,10,147.610265,38.97010124,328.8540698,515.434436
revenue_max,synthetic_n200_p0.1,0,90,11,11,156.6747175,42.64508244,318.3883421,517.7081421
revenue_max,synthetic_n200_p0.1,0,90,12,12,165.0491548,46.35155482,305.6730207,517.0737303
revenue_max,synthetic_n200_p0.1,0,90,13,13,172.7227925,50.15656509,285.2128067,508.0921644
revenue_max,synthetic_n200_p0.1,0,90,14,14,179.9529264,54.08637693,277.2007978,511.240101
revenue_max,synthetic_n200_p0.1,0,90,15,15,186.2091499,57.64836844,267.9462417,511.8037601
revenue_max,synthetic_n200_p0.1,0,90,16,16,192.095465,61.14599905,254.4228872,507.6643513
revenue_max,synthetic_n200_p0.1,0,90,17,17,197.6307377,64.81224908,245.6243164,508.0673032
revenue_max,synthetic_n200_p0.1,0,90,18,18,203.0491641,68.90164954,231.5486678,503.4994815
revenue_max,synthetic_n200_p0.1,0,90,19,19,208.0014017,72.61252449,220.9191533,501.5330795
revenue_max,synthetic_n200_p0.1,0,90,20,20,212.470087,76.30272223,206.9019682,495.6747774
revenue_max,synthetic_n200_p0.1,0,90,21,21,216.6595509,79.90505113,198.6158156,495.1804176
revenue_max,synthetic_n200_p0.1,0,90,22,22,220.6965023,83.31909285,187.5906882,491.6062833
revenue_max,synthetic_n200_p0.1,0,90,23,23,224.4426837,86.66239198,176.4796129,487.5846886
revenue_max,synthetic_n200_p0.1,0,90,24,24,228.1123237,90.43769562,166.4668927,485.016912
revenue_max,synthetic_n200_p0.1,0,90,25,25,231.565579,94.39591512,157.5721413,483.5336354
revenue_max,synthetic_n200_p0.1,0,90,26,26,234.7004993,97.99249446,148.9132173,481.6062111
revenue_max,synthetic_n200_p0.1,0,90,27,27,237.7397099,101.5865056,140.2811818,479.6073974
revenue_max,synthetic_n200_p0.1,0,90,28,28,240.6828336,104.5560003,133.1371661,478.376
revenue_max,synthetic_n200_p0.1,0,90,29,29,243.5278555,108.0933311,124.7260819,476.3472685
revenue_max,synthetic_n200_p0.1,0,90,30,30,246.3058507,111.7241871,115.7962582,473.826296
revenue_max,synthetic_n200_p0.1,0,90,31,31,248.9402285,115.7850755,109.4898884,474.2151924
revenue_max,synthetic_n200_p0.1,0,90,32,32,251.5110291,119.6341039,102.3404216,473.4855547
revenue_max,synthetic_n200_p0.1,0,90,33,33,253.91327,123.3936542,97.53637374,474.8432979
revenue_max,synthetic_n200_p0.1,0,90,34,34,256.219796,127.0054785,89.74764632,472.9729208
revenue_max,synthetic_n200_p0.1,0,90,35,35,258.2154983,130.9328566,84.08386852,473.2322234
revenue_max,synthetic_n200_p0.1,0,90,36,36,260.1471495,134.3303587,75.85064155,470.3281497
revenue_max,synthetic_n200_p0.1,0,90,37,37,261.9897834,137.807035,67.08955124,466.8863696
revenue_max,synthetic_n200_p0.1,0,90,38,38,263.670627,141.6123542,60.71368437,465.9966656
revenue_max,synthetic_n200_p0.1,0,90,39,39,265.2341689,144.849197,54.10836801,464.1917339
revenue_max,synthetic_n200_p0.1,0,90,40,40,266.7522696,147.9902684,48.5719174,463.3144554
revenue_max,synthetic_n200_p0.1,0,90,41,41,268.0733369,151.0513319,43.24980688,462.3744756
revenue_max,synthetic_n200_p0.1,0,90,42,42,269.3280786,154.7905353,39.17705792,463.2956718
revenue_max,synthetic_n200_p0.1,0,90,43,43,270.5185261,157.8893002,33.66936627,462.0771925
revenue_max,synthetic_n200_p0.1,0,90,44,44,271.6650262,161.236913,28.11340505,461.0153443
revenue_max,synthetic_n200_p0.1,0,90,45,45,272.7511376,164.1725541,23.14663609,460.0703278
revenue_max,synthetic_n200_p0.1,0,90,46,46,273.7719683,167.2882851,20.64658796,461.7068414
revenue_max,synthetic_n200_p0.1,0,90,47,47,274.7573436,170.5821966,17.92085459,463.2603949
revenue_max,synthetic_n200_p0.1,0,90,48,48,275.5891872,173.562268,14.7781579,463.9296131
revenue_max,synthetic_n200_p0.1,0,90,49,49,276.3939072,176.625456,10.86968238,463.8890456
revenue_max,synthetic_n200_p0.1,0,90,50,50,277.0669987,180.121896,9.181339303,466.370234
revenue_max,synthetic_n200_p0.1,0,90,51,51,277.6611797,183.4916336,6.118083925,467.2708972
revenue_max,synthetic_n200_p0.1,0,90,52,52,278.1972509,186.7962532,5.137419385,470.1309235
revenue_max,synthetic_n200_p0.1,0,90,53,53,278.6675369,189.8509105,3.573902298,472.0923497
revenue_max,synthetic_n200_p0.1,0,90,54,54,279.0659365,192.7862698,3.157803728,475.0100101
revenue_max,synthetic_n200_p0.1,0,90,55,55,279.4539671,195.6031949,2.053168419,477.1103304
revenue_max,synthetic_n200_p0.1,0,90,56,56,279.8234229,198.7389848,1.47083885,480.0332466
revenue_max,synthetic_n200_p0.1,0,90,57,57,280.1501669,201.8036287,1.087244929,483.0410405
revenue_max,synthetic_n200_p0.1,0,90,58,58,280.4120925,204.7473941,0.7252288837,485.8847155
revenue_max,synthetic_n200_p0.1,0,90,59,59,280.6195345,207.8198214,0.3331609784,488.7725168
revenue_max,synthetic_n200_p0.1,0,90,60,60,280.7761154,211.0018792,0.1765800761,491.9545746
revenue_max,synthetic_n200_p0.1,0,90,61,61,280.8650601,214.4095418,0.08446502089,495.359067
revenue_max,synthetic_n200_p0.1,0,90,62,62,280.91405,217.7117553,0.03547517384,498.6612804
revenue_max,synthetic_n200_p0.1,0,90,63,63,280.9449219,219.7385286,0.004603244105,500.6880537
revenue_max,synthetic_n200_p0.1,0,90,64,64,280.9495251,222.6730606,0,503.6225857
revenue_max,synthetic_n200_p0.1,0,95,0,0,0,0,524.6817417,524.6817417
revenue_max,synthetic_n200_p0.1,0,95,1,1,22.52107081,4.178187848,492.4960418,519.1953005
revenue_max,synthetic_n200_p0.1,0,95,2,2,42.32513763,8.221460347,467.7407388,518.2873368
revenue_max,synthetic_n200_p0.1,0,95,3,3,59.95295281,12.29581677,445.601384,517.8501536
revenue_max,synthetic_n200_p0.1,0,95,4,4,76.22959292,16.24486803,424.9069005,517.3813614
revenue_max,synthetic_n200_p0.1,0,95,5,5,91.08576896,19.96675926,403.128608,514.1811362
revenue_max,synthetic_n200_p0.1,0,95,6,6,104.3752653,23.75723799,388.8864552,517.0189586
revenue_max,synthetic_n200_p0.1,0,95,7,7,116.329112,27.64097881,379.8944567,523.8645475
revenue_max,synthetic_n200_p0.1,0,95,8,8,127.6869718,31.54750925,360.8343913,520.0688723
revenue_max,synthetic_n200_p0.1,0,95,9,9,138.2393061,35.34071347,346.944784,520.5248035
revenue_max,synthetic_n200_p0.1,0,95,10,10,147.610265,38.97010124,328.8540698,515.434436
revenue_max,synthetic_n200_p0.1,0,95,11,11,156.6747175,42.64508244,318.3883421,517.7081421
revenue_max,synthetic_n200_p0.1,0,95,12,12,165.0491548,46.35155482,305.6730207,517.0737303
revenue_max,synthetic_n200_p0.1,0,95,13,13,172.7227925,50.15656509,285.2128067,508.0921644
revenue_max,synthetic_n200_p0.1,0,95,14,14,179.9529264,54.08637693,277.2007978,511.240101
revenue_max,synthetic_n200_p0.1,0,95,15,15,186.2091499,57.64836844,267.9462417,511.8037601
revenue_max,synthetic_n200_p0.1,0,95,16,16,192.095465,61.14599905,255.2158585,508.4573226
revenue_max,synthetic_n200_p0.1,0,95,17,17,197.6307377,64.81224908,248.7462712,511.189258
revenue_max,synthetic_n200_p0.1,0,95,18,18,203.0491641,68.90164954,235.0400582,506.9908719
revenue_max,synthetic_n200_p0.1,0,95,19,19,208.0014017,72.61252449,225.711344,506.3252702
revenue_max,synthetic_n200_p0.1,0,95,20,20,212.470087,76.30272223,211.510758,500.2835672
revenue_max,synthetic_n200_p0.1,0,95,21,21,216.6595509,79.90505113,202.8629987,499.4276007
revenue_max,synthetic_n200_p0.1,0,95,22,22,220.6965023,83.31909285,192.5373936,496.5529887
revenue_max,synthetic_n200_p0.1,0,95,23,23,224.4426837,86.66239198,181.2191085,492.3241842
revenue_max,synthetic_n200_p0.1,0,95,24,24,228.1123237,90.43769562,171.0178884,489.5679078
revenue_max,synthetic_n200_p0.1,0,95,25,25,231.565579,94.39591512,161.9176624,487.8791565
revenue_max,synthetic_n200_p0.1,0,95,26,26,234.7004993,97.99249446,153.1414914,485.8344852
revenue_max,synthetic_n200_p0.1,0,95,27,27,237.7397099,101.5865056,144.2136651,483.5398806
revenue_max,synthetic_n200_p0.1,0,95,28,28,240.6828336,104.5560003,136.6848732,481.9237072
revenue_max,synthetic_n200_p0.1,0,95,29,29,243.5278555,108.0933311,127.9960938,479.6172804
revenue_max,synthetic_n200_p0.1,0,95,30,30,246.3058507,111.7241871,118.424729,476.4547668
revenue_max,synthetic_n200_p0.1,0,95,31,31,248.9402285,115.7850755,111.8809145,476.6062186
revenue_max,synthetic_n200_p0.1,0,95,32,32,251.5110291,119.6341039,104.5575141,475.7026472
revenue_max,synthetic_n200_p0.1,0,95,33,33,253.91327,123.3936542,99.76667366,477.0735978
revenue_max,synthetic_n200_p0.1,0,95,34,34,256.219796,127.0054785,91.61213834,474.8374129
revenue_max,synthetic_n200_p0.1,0,95,35,35,258.2154983,130.9328566,85.8545151,475.00287
revenue_max,synthetic_n200_p0.1,0,95,36,36,260.1471495,134.3303587,76.95986685,471.437375
revenue_max,synthetic_n200_p0.1,0,95,37,37,261.9897834,137.807035,67.90144761,467.698266
revenue_max,synthetic_n200_p0.1,0,95,38,38,263.670627,141.6123542,61.45214495,466.7351262
revenue_max,synthetic_n200_p0.1,0,95,39,39,265.2341689,144.849197,54.57799724,464.6613631
revenue_max,synthetic_n200_p0.1,0,95,40,40,266.7522696,147.9902684,48.98194105,463.724479
revenue_max,synthetic_n200_p0.1,0,95,41,41,268.0733369,151.0513319,43.39624587,462.5209146
revenue_max,synthetic_n200_p0.1,0,95,42,42,269.3280786,154.7905353,39.17718824,463.2958021
revenue_max,synthetic_n200_p0.1,0,95,43,43,270.5185261,157.8893002,33.66936627,462.0771925
revenue_max,synthetic_n200_p0.1,0,95,44,44,271.6650262,161.236913,28.11340505,461.0153443
revenue_max,synthetic_n200_p0.1,0,95,45,45,272.7511376,164.1725541,23.14663609,460.0703278
revenue_max,synthetic_n200_p0.1,0,95,46,46,273.7719683,167.2882851,20.64658796,461.7068414
revenue_max,synthetic_n200_p0.1,0,95,47,47,274.7573436,170.5821966,17.92085459,463.2603949
revenue_max,synthetic_n200_p0.1,0,95,48,48,275.5891872,173.562268,14.7781579,463.9296131
revenue_max,synthetic_n200_p0.1,0,95,49,49,276.3939072,176.625456,10.86968238,463.8890456
revenue_max,synthetic_n200_p0.1,0,95,50,50,277.0669987,180.121896,9.181339303,466.370234
revenue_max,synthetic_n200_p0.1,0,95,51,51,277.6611797,183.4916336,6.118083925,467.2708972
revenue_max,synthetic_n200_p0.1,0,95,52,52,278.1972509,186.7962532,5.137419385,470.1309235
revenue_max,synthetic_n200_p0.1,0,95,53,53,278.6675369,189.8509105,3.573902298,472.0923497
revenue_max,synthetic_n200_p0.1,0,95,54,54,279.0659365,192.7862698,3.157803728,475.0100101
revenue_max,synthetic_n200_p0.1,0,95,55,55,279.4539671,195.6031949,2.053168419,477.1103304
revenue_max,synthetic_n200_p0.1,0,95,56,56,279.8234229,198.7389848,1.47083885,480.0332466
revenue_max,synthetic_n200_p0.1,0,95,57,57,280.1501669,201.8036287,1.087244929,483.0410405
revenue_max,synthetic_n200_p0.1,0,95,58,58,280.4120925,204.7473941,0.7252288837,485.8847155
revenue_max,synthetic_n200_p0.1,0,95,59,59,280.6195345,207.8198214,0.3331609784,488.7725168
revenue_max,synthetic_n200_p0.1,0,95,60,60,280.7761154,211.0018792,0.1765800761,491.9545746
revenue_max,synthetic_n200_p0.1,0,95,61,61,280.8650601,214.4095418,0.08446502089,495.359067
revenue_max,synthetic_n200_p0.1,0,95,62,62,280.91405,217.7117553,0.03547517384,498.6612804
revenue_max,synthetic_n200_p0.1,0,95,63,63,280.9449219,219.7385286,0.004603244105,500.6880537
revenue_max,synthetic_n200_p0.1,0,95,64,64,280.9495251,222.6730606,0,503.6225857
revenue_max,synthetic_n200_p0.1,0,100,0,0,0,0,524.6817417,524.6817417
revenue_max,synthetic_n200_p0.1,0,100,1,1,22.52107081,4.178187848,492.4960418,519.1953005
revenue_max,synthetic_n200_p0.1,0,100,2,2,42.32513763,8.221460347,467.7407388,518.2873368
revenue_max,synthetic_n200_p0.1,0,100,3,3,59.95295281,12.29581677,445.601384,517.8501536
revenue_max,synthetic_n200_p0.1,0,100,4,4,76.22959292,16.24486803,424.9069005,517.3813614
revenue_max,synthetic_n200_p0.1,0,100,5,5,91.08576896,19.96675926,403.128608,514.1811362
revenue_max,synthetic_n200_p0.1,0,100,6,6,104.3752653,23.75723799,388.8864552,517.0189586
revenue_max,synthetic_n200_p0.1,0,100,7,7,116.329112,27.64097881,379.8944567,523.8645475
revenue_max,synthetic_n200_p0.1,0,100,8,8,127.6869718,31.54750925,360.8343913,520.0688723
revenue_max,synthetic_n200_p0.1,0,100,9,9,138.2393061,35.34071347,346.944784,520.5248035
revenue_max,synthetic_n200_p0.1,0,100,10,10,147.610265,38.97010124,328.8540698,515.434436
revenue_max,synthetic_n200_p0.1,0,100,11,11,156.6747175,42.64508244,318.3883421,517.7081421
revenue_max,synthetic_n200_p0.1,0,100,12,12,165.0491548,46.35155482,305.6730207,517.0737303
revenue_max,synthetic_n200_p0.1,0,100,13,13,172.7227925,50.15656509,285.2128067,508.0921644
revenue_max,synthetic_n200_p0.1,0,100,14,14,179.9529264,54.08637693,277.2007978,511.240101
revenue_max,synthetic_n200_p0.1,0,100,15,15,186.2091499,57.64836844,267.9462417,511.8037601
revenue_max,synthetic_n200_p0.1,0,100,16,16,192.095465,61.14599905,255.2158585,508.4573226
revenue_max,synthetic_n200_p0.1,0,100,17,17,197.6307377,64.81224908,249.5735169,512.0165037
revenue_max,synthetic_n200_p0.1,0,100,18,18,203.0491641,68.90164954,237.3761657,509.3269794
revenue_max,synthetic_n200_p0.1,0,100,19,19,208.0014017,72.61252449,229.5661297,510.180056
revenue_max,synthetic_n200_p0.1,0,100,20,20,212.470087,76.30272223,215.1878401,503.9606493
revenue_max,synthetic_n200_p0.1,0,100,21,21,216.6595509,79.90505113,206.406055,502.9706571
revenue_max,synthetic_n200_p0.1,0,100,22,22,220.6965023,83.31909285,196.2860693,500.3016645
revenue_max,synthetic_n200_p0.1,0,100,23,23,224.4426837,86.66239198,185.1351324,496.2402081
revenue_max,synthetic_n200_p0.1,0,100,24,24,228.1123237,90.43769562,174.9495651,493.4995844
revenue_max,synthetic_n200_p0.1,0,100,25,25,231.565579,94.39591512,165.6110273,491.5725214
revenue_max,synthetic_n200_p0.1,0,100,26,26,234.7004993,97.99249446,156.905501,489.5984948
revenue_max,synthetic_n200_p0.1,0,100,27,27,237.7397099,101.5865056,147.6019427,486.9281582
revenue_max,synthetic_n200_p0.1,0,100,28,28,240.6828336,104.5560003,139.8717213,485.1105552
revenue_max,synthetic_n200_p0.1,0,100,29,29,243.5278555,108.0933311,130.9790147,482.6002013
revenue_max,synthetic_n200_p0.1,0,100,30,30,246.3058507,111.7241871,120.839483,478.8695208
revenue_max,synthetic_n200_p0.1,0,100,31,31,248.9402285,115.7850755,114.0671288,478.7924328
revenue_max,synthetic_n200_p0.1,0,100,32,32,251.5110291,119.6341039,106.6222648,477.7673978
revenue_max,synthetic_n200_p0.1,0,100,33,33,253.91327,123.3936542,101.8067838,479.113708
revenue_max,synthetic_n200_p0.1,0,100,34,34,256.219796,127.0054785,92.98565276,476.2109273
revenue_max,synthetic_n200_p0.1,0,100,35,35,258.2154983,130.9328566,87.00433674,476.1526916
revenue_max,synthetic_n200_p0.1,0,100,36,36,260.1471495,134.3303587,77.72234592,472.1998541
revenue_max,synthetic_n200_p0.1,0,100,37,37,261.9897834,137.807035,68.51032572,468.3071441
revenue_max,synthetic_n200_p0.1,0,100,38,38,263.670627,141.6123542,61.92529283,467.2082741
revenue_max,synthetic_n200_p0.1,0,100,39,39,265.2341689,144.849197,54.7923318,464.8756977
revenue_max,synthetic_n200_p0.1,0,100,40,40,266.7522696,147.9902684,49.11322658,463.8557646
revenue_max,synthetic_n200_p0.1,0,100,41,41,268.0733369,151.0513319,43.39624587,462.5209146
revenue_max,synthetic_n200_p0.1,0,100,42,42,269.3280786,154.7905353,39.17718824,463.2958021
revenue_max,synthetic_n200_p0.1,0,100,43,43,270.5185261,157.8893002,33.66936627,462.0771925
revenue_max,synthetic_n200_p0.1,0,100,44,44,271.6650262,161.236913,28.11340505,461.0153443
revenue_max,synthetic_n200_p0.1,0,100,45,45,272.7511376,164.1725541,23.14663609,460.0703278
revenue_max,synthetic_n200_p0.1,0,100,46,46,273.7719683,167.2882851,20.64658796,461.7068414
revenue_max,synthetic_n200_p0.1,0,100,47,47,274.7573436,170.5821966,17.92085459,463.2603949
revenue_max,synthetic_n200_p0.1,0,100,48,48,275.5891872,173.562268,14.7781579,463.9296131
revenue_max,synthetic_n200_p0.1,0,100,49,49,276.3939072,176.625456,10.86968238,463.8890456
revenue_max,synthetic_n200_p0.1,0,100,50,50,277.0669987,180.121896,9.181339303,466.370234
revenue_max,synthetic_n200_p0.1,0,100,51,51,277.6611797,183.4916336,6.118083925,467.2708972
revenue_max,synthetic_n200_p0.1,0,100,52,52,278.1972509,186.7962532,5.137419385,470.1309235
revenue_max,synthetic_n200_p0.1,0,100,53,53,278.6675369,189.8509105,3.573902298,472.0923497
revenue_max,synthetic_n200_p0.1,0,100,54,54,279.0659365,192.7862698,3.157803728,475.0100101
revenue_max,synthetic_n200_p0.1,0,100,55,55,279.4539671,195.6031949,2.053168419,477.1103304
revenue_max,synthetic_n200_p0.1,0,100,56,56,279.8234229,198.7389848,1.47083885,480.0332466
revenue_max,synthetic_n200_p0.1,0,100,57,57,280.1501669,201.8036287,1.087244929,483.0410405
revenue_max,synthetic_n200_p0.1,0,100,58,58,280.4120925,204.7473941,0.7252288837,485.8847155
revenue_max,synthetic_n200_p0.1,0,100,59,59,280.6195345,207.8198214,0.3331609784,488.7725168
revenue_max,synthetic_n200_p0.1,0,100,60,60,280.7761154,211.0018792,0.1765800761,491.9545746
revenue_max,synthetic_n200_p0.1,0,100,61,61,280.8650601,214.4095418,0.08446502089,495.359067
revenue_max,synthetic_n200_p0.1,0,100,62,62,280.91405,217.7117553,0.03547517384,498.6612804
revenue_max,synthetic_n200_p0.1,0,100,63,63,280.9449219,219.7385286,0.004603244105,500.6880537
revenue_max,synthetic_n200_p0.1,0,100,64,64,280.9495251,222.6730606,0,503.6225857
revenue_max,synthetic_n200_p0.1,1,1,0,0,0,0,20.89267097,20.89267097
revenue_max,synthetic_n200_p0.1,1,1,1,1,20.89267097,4.028180669,19.63975663,44.56060827
revenue_max,synthetic_n200_p0.1,1,5,0,0,0,0,101.9345878,101.9345878
revenue_max,synthetic_n200_p0.1,1,5,1,1,20.89267097,4.028180669,92.89311398,117.8139656
revenue_max,synthetic_n200_p0.1,1,5,2,2,40.5324276,8.000920282,83.19287565,131.7262235
revenue_max,synthetic_n200_p0.1,1,5,3,3,58.06929068,11.90164823,74.47541731,144.4463562
revenue_max,synthetic_n200_p0.1,1,5,4,4,73.62928655,15.76955432,68.62831284,158.0271537
revenue_max,synthetic_n200_p0.1,1,5,5,5,88.55661499,19.51363198,61.22508736,169.2953343
revenue_max,synthetic_n200_p0.1,1,10,0,0,0,0,193.7726452,193.7726452
revenue_max,synthetic_n200_p0.1,1,10,1,1,20.89267097,4.028180669,178.3892609,203.3101125
revenue_max,synthetic_n200_p0.1,1,10,2,2,40.5324276,8.000920282,159.237776,207.7711239
revenue_max,synthetic_n200_p0.1,1,10,3,3,58.06929068,11.90164823,143.6909213,213.6618602
revenue_max,synthetic_n200_p0.1,1,10,4,4,73.62928655,15.76955432,131.6933504,221.0921913
revenue_max,synthetic_n200_p0.1,1,10,5,5,88.55661499,19.51363198,119.2431459,227.3133929
revenue_max,synthetic_n200_p0.1,1,10,6,6,101.3059207,23.11819008,112.0277041,236.4518149
revenue_max,synthetic_n200_p0.1,1,10,7,7,113.6092727,26.59647539,98.97274418,239.1784923
revenue_max,synthetic_n200_p0.1,1,10,8,8,124.5042549,30.69681142,91.03878423,246.2398506
revenue_max,synthetic_n200_p0.1,1,10,9,9,135.2770088,34.17064179,81.76562132,251.2132719
revenue_max,synthetic_n200_p0.1,1,10,10,10,144.6987712,37.69900681,73.68667417,256.0844521
revenue_max,synthetic_n200_p0.1,1,15,0,0,0,0,272.9011114,272.9011114
revenue_max,synthetic_n200_p0.1,1,15,1,1,20.89267097,4.028180669,251.1964599,276.1173115
revenue_max,synthetic_n200_p0.1,1,15,2,2,40.5324276,8.000920282,225.5437887,274.0771365
revenue_max,synthetic_n200_p0.1,1,15,3,3,58.06929068,11.90164823,204.8523151,274.823254
revenue_max,synthetic_n200_p0.1,1,15,4,4,73.62928655,15.76955432,186.8875568,276.2863977
revenue_max,synthetic_n200_p0.1,1,15,5,5,88.55661499,19.51363198,169.2232803,277.2935273
revenue_max,synthetic_n200_p0.1,1,15,6,6,101.3059207,23.11819008,157.0399836,281.4640943
revenue_max,synthetic_n200_p0.1,1,15,7,7,113.6092727,26.59647539,139.7506472,279.9563953
revenue_max,synthetic_n200_p0.1,1,15,8,8,124.5042549,30.69681142,128.3859457,283.587012
revenue_max,synthetic_n200_p0.1,1,15,9,9,135.2770088,34.17064179,116.5372217,285.9848723
revenue_max,synthetic_n200_p0.1,1,15,10,10,144.6987712,37.69900681,105.7418823,288.1396603
revenue_max,synthetic_n200_p0.1,1,15,11,11,152.8903157,41.43641622,98.86857904,293.195311
revenue_max,synthetic_n200_p0.1,1,15,12,12,160.5060906,45.31746078,91.74551539,297.5690668
revenue_max,synthetic_n200_p0.1,1,15,13,13,167.8557115,48.94446173,85.1488098,301.948983
revenue_max,synthetic_n200_p0.1,1,15,14,14,174.3928447,52.45817127,78.50622338,305.3572393
revenue_max,synthetic_n200_p0.1,1,15,15,15,180.3363149,55.63024565,73.40463708,309.3711976
revenue_max,synthetic_n200_p0.1,1,20,0,0,0,0,341.4446454,341.4446454
revenue_max,synthetic_n200_p0.1,1,20,1,1,20.89267097,4.028180669,313.2105705,338.1314222
revenue_max,synthetic_n200_p0.1,1,20,2,2,40.5324276,8.000920282,282.9602226,331.4935705
revenue_max,synthetic_n200_p0.1,1,20,3,3,58.06929068,11.90164823,256.6856174,326.6565563
revenue_max,synthetic_n200_p0.1,1,20,4,4,73.62928655,15.76955432,235.017456,324.4162968
revenue_max,synthetic_n200_p0.1,1,20,5,5,88.55661499,19.51363198,213.2398194,321.3100664
revenue_max,synthetic_n200_p0.1,1,20,6,6,101.3059207,23.11819008,197.3339134,321.7580241
revenue_max,synthetic_n200_p0.1,1,20,7,7,113.6092727,26.59647539,175.6098382,315.8155862
revenue_max,synthetic_n200_p0.1,1,20,8,8,124.5042549,30.69681142,161.8541295,317.0551958
revenue_max,synthetic_n200_p0.1,1,20,9,9,135.2770088,34.17064179,147.1577855,316.605436
revenue_max,synthetic_n200_p0.1,1,20,10,10,144.6987712,37.69900681,134.1429506,316.5407286
revenue_max,synthetic_n200_p0.1,1,20,11,11,152.8903157,41.43641622,125.2107325,319.5374644
revenue_max,synthetic_n200_p0.1,1,20,12,12,160.5060906,45.31746078,116.1816642,322.0052156
revenue_max,synthetic_n200_p0.1,1,20,13,13,167.8557115,48.94446173,107.8096573,324.6098306
revenue_max,synthetic_n200_p0.1,1,20,14,14,174.3928447,52.45817127,100.3235647,327.1745806
revenue_max,synthetic_n200_p0.1,1,20,15,15,180.3363149,55.63024565,93.72321134,329.6897719
revenue_max,synthetic_n200_p0.1,1,20,16,16,185.8471769,59.58829535,88.90464746,334.3401197
revenue_max,synthetic_n200_p0.1,1,20,17,17,191.3351101,63.49284092,83.08958938,337.9175404
revenue_max,synthetic_n200_p0.1,1,20,18,18,196.4674429,67.58552863,79.05887167,343.1118432
revenue_max,synthetic_n200_p0.1,1,20,19,19,201.3605088,71.15928979,74.78330412,347.3031027
revenue_max,synthetic_n200_p0.1,1,20,20,20,205.7979083,74.78492234,71.59113977,352.1739705
revenue_max,synthetic_n200_p0.1,1,25,0,0,0,0,404.3788246,404.3788246
revenue_max,synthetic_n200_p0.1,1,25,1,1,20.89267097,4.028180669,370.8040251,395.7248767
revenue_max,synthetic_n200_p0.1,1,25,2,2,40.5324276,8.000920282,335.2340543,383.7674022
revenue_max,synthetic_n200_p0.1,1,25,3,3,58.06929068,11.90164823,304.8217373,374.7926762
revenue_max,synthetic_n200_p0.1,1,25,4,4,73.62928655,15.76955432,279.5986527,368.9974936
revenue_max,synthetic_n200_p0.1,1,25,5,5,88.55661499,19.51363198,253.8492549,361.9195019
revenue_max,synthetic_n200_p0.1,1,25,6,6,101.3059207,23.11819008,234.7667215,359.1908323
revenue_max,synthetic_n200_p0.1,1,25,7,7,113.6092727,26.59647539,209.1753185,349.3810666
revenue_max,synthetic_n200_p0.1,1,25,8,8,124.5042549,30.69681142,193.2867047,348.4877711
revenue_max,synthetic_n200_p0.1,1,25,9,9,135.2770088,34.17064179,175.7192549,345.1669055
revenue_max,synthetic_n200_p0.1,1,25,10,10,144.6987712,37.69900681,159.9529754,342.3507534
revenue_max,synthetic_n200_p0.1,1,25,11,11,152.8903157,41.43641622,149.37076,343.6974919
revenue_max,synthetic_n200_p0.1,1,25,12,12,160.5060906,45.31746078,138.7665502,344.5901017
revenue_max,synthetic_n200_p0.1,1,25,13,13,167.8557115,48.94446173,128.7765393,345.5767125
revenue_max,synthetic_n200_p0.1,1,25,14,14,174.3928447,52.45817127,120.1596873,347.0107032
revenue_max,synthetic_n200_p0.1,1,25,15,15,180.3363149,55.63024565,112.1396965,348.106257
revenue_max,synthetic_n200_p0.1,1,25,16,16,185.8471769,59.58829535,106.5350295,351.9705017
revenue_max,synthetic_n200_p0.1,1,25,17,17,191.3351101,63.49284092,99.72580372,354.5537548
revenue_max,synthetic_n200_p0.1,1,25,18,18,196.4674429,67.58552863,94.80906534,358.8620369
revenue_max,synthetic_n200_p0.1,1,25,19,19,201.3605088,71.15928979,89.49654034,362.0163389
revenue_max,synthetic_n200_p0.1,1,25,20,20,205.7979083,74.78492234,85.84492178,366.4277525
revenue_max,synthetic_n200_p0.1,1,25,21,21,210.0375391,78.39081172,81.81477183,370.2431227
revenue_max,synthetic_n200_p0.1,1,25,22,22,214.1423451,81.96148468,76.53450871,372.6383385
revenue_max,synthetic_n200_p0.1,1,25,23,23,218.0203496,85.64684376,72.50471672,376.1719101
revenue_max,synthetic_n200_p0.1,1,25,24,24,221.59001,88.86200125,68.6301657,379.0821769
revenue_max,synthetic_n200_p0.1,1,25,25,25,224.9167101,92.25983091,64.06981804,381.2463591
revenue_max,synthetic_n200_p0.1,1,30,0,0,0,0,461.46608,461.46608
revenue_max,synthetic_n200_p0.1,1,30,1,1,20.89267097,4.028180669,423.6424982,448.5633498
revenue_max,synthetic_n200_p0.1,1,30,2,2,40.5324276,8.000920282,383.4119544,431.9453023
revenue_max,synthetic_n200_p0.1,1,30,3,3,58.06929068,11.90164823,349.5724799,419.5434188
revenue_max,synthetic_n200_p0.1,1,30,4,4,73.62928655,15.76955432,321.3639188,410.7627597
revenue_max,synthetic_n200_p0.1,1,30,5,5,88.55661499,19.51363198,291.6823386,399.7525855
revenue_max,synthetic_n200_p0.1,1,30,6,6,101.3059207,23.11819008,269.8090829,394.2331937
revenue_max,synthetic_n200_p0.1,1,30,7,7,113.6092727,26.59647539,241.0136143,381.2193624
revenue_max,synthetic_n200_p0.1,1,30,8,8,124.5042549,30.69681142,222.7048886,377.905955
revenue_max,synthetic_n200_p0.1,1,30,9,9,135.2770088,34.17064179,202.5337738,371.9814243
revenue_max,synthetic_n200_p0.1,1,30,10,10,144.6987712,37.69900681,184.6239219,367.0216999
revenue_max,synthetic_n200_p0.1,1,30,11,11,152.8903157,41.43641622,172.3989399,366.7256718
revenue_max,synthetic_n200_p0.1,1,30,12,12,160.5060906,45.31746078,160.5532444,366.3767958
revenue_max,synthetic_n200_p0.1,1,30,13,13,167.8557115,48.94446173,148.9732981,365.7734714
revenue_max,synthetic_n200_p0.1,1,30,14,14,174.3928447,52.45817127,139.1517875,366.0028034
revenue_max,synthetic_n200_p0.1,1,30,15,15,180.3363149,55.63024565,129.7651791,365.7317397
revenue_max,synthetic_n200_p0.1,1,30,16,16,185.8471769,59.58829535,123.1859802,368.6214524
revenue_max,synthetic_n200_p0.1,1,30,17,17,191.3351101,63.49284092,115.5193827,370.3473337
revenue_max,synthetic_n200_p0.1,1,30,18,18,196.4674429,67.58552863,109.796999,373.8499706
revenue_max,synthetic_n200_p0.1,1,30,19,19,201.3605088,71.15928979,103.7139526,376.2337511
revenue_max,synthetic_n200_p0.1,1,30,20,20,205.7979083,74.78492234,99.50688115,380.0897118
revenue_max,synthetic_n200_p0.1,1,30,21,21,210.0375391,78.39081172,94.81649593,383.2448468
revenue_max,synthetic_n200_p0.1,1,30,22,22,214.1423451,81.96148468,88.815425,384.9192548
revenue_max,synthetic_n200_p0.1,1,30,23,23,218.0203496,85.64684376,83.96930435,387.6364977
revenue_max,synthetic_n200_p0.1,1,30,24,24,221.59001,88.86200125,79.57552716,390.0275384
revenue_max,synthetic_n200_p0.1,1,30,25,25,224.9167101,92.25983091,74.38536966,391.5619107
revenue_max,synthetic_n200_p0.1,1,30,26,26,228.0305587,95.39526983,71.14681718,394.5726457
revenue_max,synthetic_n200_p0.1,1,30,27,27,231.0830141,98.80768402,67.21226716,397.1029653
revenue_max,synthetic_n200_p0.1,1,30,28,28,234.0695925,102.3512114,64.53569395,400.9564978
revenue_max,synthetic_n200_p0.1,1,30,29,29,236.8760855,105.9815902,61.82768948,404.6853652
revenue_max,synthetic_n200_p0.1,1,30,30,30,239.5139061,109.4778479,59.04950326,408.0412572
revenue_max,synthetic_n200_p0.1,1,35,0,0,0,0,510.4571907,510.4571907
revenue_max,synthetic_n200_p0.1,1,35,1,1,20.89267097,4.028180669,469.1969543,494.1178059
revenue_max,synthetic_n200_p0.1,1,35,2,2,40.5324276,8.000920282,426.8023222,475.3356701
revenue_max,synthetic_n200_p0.1,1,35,3,3,58.06929068,11.90164823,390.6173514,460.5882903
revenue_max,synthetic_n200_p0.1,1,35,4,4,73.62928655,15.76955432,360.1078761,449.506717
revenue_max,synthetic_n200_p0.1,1,35,5,5,88.55661499,19.51363198,326.5663885,434.6366354
revenue_max,synthetic_n200_p0.1,1,35,6,6,101.3059207,23.11819008,302.1686906,426.5928013
revenue_max,synthetic_n200_p0.1,1,35,7,7,113.6092727,26.59647539,271.0817118,411.2874599
revenue_max,synthetic_n200_p0.1,1,35,8,8,124.5042549,30.69681142,250.3577462,405.5588125
revenue_max,synthetic_n200_p0.1,1,35,9,9,135.2770088,34.17064179,227.976855,397.4245055
revenue_max,synthetic_n200_p0.1,1,35,10,10,144.6987712,37.69900681,208.1468264,390.5446044
revenue_max,synthetic_n200_p0.1,1,35,11,11,152.8903157,41.43641622,194.6282006,388.9549325
revenue_max,synthetic_n200_p0.1,1,35,12,12,160.5060906,45.31746078,181.3885069,387.2120583
revenue_max,synthetic_n200_p0.1,1,35,13,13,167.8557115,48.94446173,168.3222205,385.1223937
revenue_max,synthetic_n200_p0.1,1,35,14,14,174.3928447,52.45817127,157.3962394,384.2472553
revenue_max,synthetic_n200_p0.1,1,35,15,15,180.3363149,55.63024565,146.7986829,382.7652435
revenue_max,synthetic_n200_p0.1,1,35,16,16,185.8471769,59.58829535,138.9560757,384.391548
revenue_max,synthetic_n200_p0.1,1,35,17,17,191.3351101,63.49284092,130.4644422,385.2923933
revenue_max,synthetic_n200_p0.1,1,35,18,18,196.4674429,67.58552863,123.9605989,388.0135704
revenue_max,synthetic_n200_p0.1,1,35,19,19,201.3605088,71.15928979,117.1932215,389.7130201
revenue_max,synthetic_n200_p0.1,1,35,20,20,205.7979083,74.78492234,112.4711714,393.054002
revenue_max,synthetic_n200_p0.1,1,35,21,21,210.0375391,78.39081172,107.326532,395.7548828
revenue_max,synthetic_n200_p0.1,1,35,22,22,214.1423451,81.96148468,100.4627054,396.5665352
revenue_max,synthetic_n200_p0.1,1,35,23,23,218.0203496,85.64684376,95.05982009,398.7270135
revenue_max,synthetic_n200_p0.1,1,35,24,24,221.59001,88.86200125,90.09944353,400.5514547
revenue_max,synthetic_n200_p0.1,1,35,25,25,224.9167101,92.25983091,84.52207592,401.6986169
revenue_max,synthetic_n200_p0.1,1,35,26,26,228.0305587,95.39526983,80.79547124,404.2212998
revenue_max,synthetic_n200_p0.1,1,35,27,27,231.0830141,98.80768402,76.18118285,406.071881
revenue_max,synthetic_n200_p0.1,1,35,28,28,234.0695925,102.3512114,73.13136092,409.5521648
revenue_max,synthetic_n200_p0.1,1,35,29,29,236.8760855,105.9815902,69.88129762,412.7389734
revenue_max,synthetic_n200_p0.1,1,35,30,30,239.5139061,109.4778479,66.56812969,415.5598837
revenue_max,synthetic_n200_p0.1,1,35,31,31,242.1054098,112.9777874,63.49618954,418.5793867
revenue_max,synthetic_n200_p0.1,1,35,32,32,244.5492544,116.8000356,60.87892983,422.2282198
revenue_max,synthetic_n200_p0.1,1,35,33,33,246.9330889,120.0302098,56.54388026,423.507179
revenue_max,synthetic_n200_p0.1,1,35,34,34,249.2132929,123.7180538,53.43939639,426.3707431
revenue_max,synthetic_n200_p0.1,1,35,35,35,251.4562329,127.3942857,50.75832816,429.6088467
revenue_max,synthetic_n200_p0.1,1,40,0,0,0,0,521.4344373,521.4344373
revenue_max,synthetic_n200_p0.1,1,40,1,1,20.89267097,4.028180669,499.1381488,524.0590004
revenue_max,synthetic_n200_p0.1,1,40,2,2,40.5324276,8.000920282,462.2357496,510.7690975
revenue_max,synthetic_n200_p0.1,1,40,3,3,58.06929068,11.90164823,426.493901,496.46484
revenue_max,synthetic_n200_p0.1,1,40,4,4,73.62928655,15.76955432,394.9199846,484.3188255
revenue_max,synthetic_n200_p0.1,1,40,5,5,88.55661499,19.51363198,359.4985492,467.5687962
revenue_max,synthetic_n200_p0.1,1,40,6,6,101.3059207,23.11819008,332.5727307,456.9968415
revenue_max,synthetic_n200_p0.1,1,40,7,7,113.6092727,26.59647539,299.4839589,439.689707
revenue_max,synthetic_n200_p0.1,1,40,8,8,124.5042549,30.69681142,276.6637527,431.8648191
revenue_max,synthetic_n200_p0.1,1,40,9,9,135.2770088,34.17064179,251.8796535,421.327304
revenue_max,synthetic_n200_p0.1,1,40,10,10,144.6987712,37.69900681,230.7459576,413.1437356
revenue_max,synthetic_n200_p0.1,1,40,11,11,152.8903157,41.43641622,216.2795581,410.60629
revenue_max,synthetic_n200_p0.1,1,40,12,12,160.5060906,45.31746078,201.6097424,407.4332938
revenue_max,synthetic_n200_p0.1,1,40,13,13,167.8557115,48.94446173,187.0302215,403.8303947
revenue_max,synthetic_n200_p0.1,1,40,14,14,174.3928447,52.45817127,174.9628748,401.8138907
revenue_max,synthetic_n200_p0.1,1,40,15,15,180.3363149,55.63024565,163.2198065,399.1863671
revenue_max,synthetic_n200_p0.1,1,40,16,16,185.8471769,59.58829535,154.1186565,399.5541288
revenue_max,synthetic_n200_p0.1,1,40,17,17,191.3351101,63.49284092,144.8007852,399.6287362
revenue_max,synthetic_n200_p0.1,1,40,18,18,196.4674429,67.58552863,137.4648294,401.5178009
revenue_max,synthetic_n200_p0.1,1,40,19,19,201.3605088,71.15928979,130.3562751,402.8760737
revenue_max,synthetic_n200_p0.1,1,40,20,20,205.7979083,74.78492234,124.9603684,405.5431991
revenue_max,synthetic_n200_p0.1,1,40,21,21,210.0375391,78.39081172,119.3453718,407.7737227
revenue_max,synthetic_n200_p0.1,1,40,22,22,214.1423451,81.96148468,111.8726867,407.9765165
revenue_max,synthetic_n200_p0.1,1,40,23,23,218.0203496,85.64684376,105.8250896,409.4922829
revenue_max,synthetic_n200_p0.1,1,40,24,24,221.59001,88.86200125,100.3569448,410.8089561
revenue_max,synthetic_n200_p0.1,1,40,25,25,224.9167101,92.25983091,94.320241,411.496782
revenue_max,synthetic_n200_p0.1,1,40,26,26,228.0305587,95.39526983,90.06369694,413.4895255
revenue_max,synthetic_n200_p0.1,1,40,27,27,231.0830141,98.80768402,84.6263982,414.5170963
revenue_max,synthetic_n200_p0.1,1,40,28,28,234.0695925,102.3512114,81.26628007,417.6870839
revenue_max,synthetic_n200_p0.1,1,40,29,29,236.8760855,105.9815902,77.43741258,420.2950883
revenue_max,synthetic_n200_p0.1,1,40,30,30,239.5139061,109.4778479,73.83827119,422.8300252
revenue_max,synthetic_n200_p0.1,1,40,31,31,242.1054098,112.9777874,70.28708841,425.3702856
revenue_max,synthetic_n200_p0.1,1,40,32,32,244.5492544,116.8000356,67.32027591,428.6695659
revenue_max,synthetic_n200_p0.1,1,40,33,33,246.9330889,120.0302098,62.58665235,429.5499511
revenue_max,synthetic_n200_p0.1,1,40,34,34,249.2132929,123.7180538,58.99666822,431.928015
revenue_max,synthetic_n200_p0.1,1,40,35,35,251.4562329,127.3942857,56.10903876,434.9595573
revenue_max,synthetic_n200_p0.1,1,40,36,36,253.4662194,130.5111057,52.21570616,436.1930312
revenue_max,synthetic_n200_p0.1,1,40,37,37,255.3641868,133.8202709,50.03484189,439.2192996
revenue_max,synthetic_n200_p0.1,1,40,38,38,257.2365735,137.1338117,46.45943064,440.8298158
revenue_max,synthetic_n200_p0.1,1,40,39,39,259.0549608,139.8540108,42.39861587,441.3075875
revenue_max,synthetic_n200_p0.1,1,40,40,40,260.7597071,142.8233634,38.93954355,442.522614
revenue_max,synthetic_n200_p0.1,1,45,0,0,0,0,521.4344373,521.4344373
revenue_max,synthetic_n200_p0.1,1,45,1,1,20.89267097,4.028180669,499.1381488,524.0590004
revenue_max,synthetic_n200_p0.1,1,45,2,2,40.5324276,8.000920282,472.7064372,521.2397851
revenue_max,synthetic_n200_p0.1,1,45,3,3,58.06929068,11.90164823,449.6092275,519.5801665
revenue_max,synthetic_n200_p0.1,1,45,4,4,73.62928655,15.76955432,423.9902587,513.3890995
revenue_max,synthetic_n200_p0.1,1,45,5,5,88.55661499,19.51363198,388.1364241,496.2066711
revenue_max,synthetic_n200_p0.1,1,45,6,6,101.3059207,23.11819008,359.9023814,484.3264922
revenue_max,synthetic_n200_p0.1,1,45,7,7,113.6092727,26.59647539,325.7219205,465.9276686
revenue_max,synthetic_n200_p0.1,1,45,8,8,124.5042549,30.69681142,301.5108343,456.7119006
revenue_max,synthetic_n200_p0.1,1,45,9,9,135.2770088,34.17064179,274.8262371,444.2738876
revenue_max,synthetic_n200_p0.1,1,45,10,10,144.6987712,37.69900681,252.5962262,434.9940042
revenue_max,synthetic_n200_p0.1,1,45,11,11,152.8903157,41.43641622,236.9426286,431.2693605
revenue_max,synthetic_n200_p0.1,1,45,12,12,160.5060906,45.31746078,221.1793641,427.0029155
revenue_max,synthetic_n200_p0.1,1,45,13,13,167.8557115,48.94446173,205.1805638,421.980737
revenue_max,synthetic_n200_p0.1,1,45,14,14,174.3928447,52.45817127,191.9393377,418.7903536
revenue_max,synthetic_n200_p0.1,1,45,15,15,180.3363149,55.63024565,179.0401614,415.0067219
revenue_max,synthetic_n200_p0.1,1,45,16,16,185.8471769,59.58829535,168.8928482,414.3283205
revenue_max,synthetic_n200_p0.1,1,45,17,17,191.3351101,63.49284092,158.4889224,413.3168735
revenue_max,synthetic_n200_p0.1,1,45,18,18,196.4674429,67.58552863,150.6370905,414.690062
revenue_max,synthetic_n200_p0.1,1,45,19,19,201.3605088,71.15928979,143.2172236,415.7370221
revenue_max,synthetic_n200_p0.1,1,45,20,20,205.7979083,74.78492234,137.0782793,417.66111
revenue_max,synthetic_n200_p0.1,1,45,21,21,210.0375391,78.39081172,131.0073544,419.4357052
revenue_max,synthetic_n200_p0.1,1,45,22,22,214.1423451,81.96148468,122.9287035,419.0325333
revenue_max,synthetic_n200_p0.1,1,45,23,23,218.0203496,85.64684376,116.2649496,419.932143
revenue_max,synthetic_n200_p0.1,1,45,24,24,221.59001,88.86200125,110.4175604,420.8695717
revenue_max,synthetic_n200_p0.1,1,45,25,25,224.9167101,92.25983091,103.7162738,420.8928148
revenue_max,synthetic_n200_p0.1,1,45,26,26,228.0305587,95.39526983,98.67707694,422.1029055
revenue_max,synthetic_n200_p0.1,1,45,27,27,231.0830141,98.80768402,92.72777909,422.6184772
revenue_max,synthetic_n200_p0.1,1,45,28,28,234.0695925,102.3512114,89.04137994,425.4621838
revenue_max,synthetic_n200_p0.1,1,45,29,29,236.8760855,105.9815902,84.79390456,427.6515803
revenue_max,synthetic_n200_p0.1,1,45,30,30,239.5139061,109.4778479,80.88234365,429.8740976
revenue_max,synthetic_n200_p0.1,1,45,31,31,242.1054098,112.9777874,76.54015446,431.6233516
revenue_max,synthetic_n200_p0.1,1,45,32,32,244.5492544,116.8000356,73.36212064,434.7114106
revenue_max,synthetic_n200_p0.1,1,45,33,33,246.9330889,120.0302098,68.20955261,435.1728513
revenue_max,synthetic_n200_p0.1,1,45,34,34,249.2132929,123.7180538,64.16038651,437.0917332
revenue_max,synthetic_n200_p0.1,1,45,35,35,251.4562329,127.3942857,60.69572237,439.5462409
revenue_max,synthetic_n200_p0.1,1,45,36,36,253.4662194,130.5111057,56.28630515,440.2636302
revenue_max,synthetic_n200_p0.1,1,45,37,37,255.3641868,133.8202709,53.98674356,443.1712013
revenue_max,synthetic_n200_p0.1,1,45,38,38,257.2365735,137.1338117,50.14395028,444.5143355
revenue_max,synthetic_n200_p0.1,1,45,39,39,259.0549608,139.8540108,45.78540635,444.694378
revenue_max,synthetic_n200_p0.1,1,45,40,40,260.7597071,142.8233634,42.16434105,445.7474115
revenue_max,synthetic_n200_p0.1,1,45,41,41,262.3234493,146.4426476,39.02847023,447.7945671
revenue_max,synthetic_n200_p0.1,1,45,42,42,263.833859,149.6457388,36.4857177,449.9653155
revenue_max,synthetic_n200_p0.1,1,45,43,43,265.3167345,152.5361275,34.52474324,452.3776052
revenue_max,synthetic_n200_p0.1,1,45,44,44,266.7667991,155.4459298,31.87773278,454.0904616
revenue_max,synthetic_n200_p0.1,1,45,45,45,268.154146,158.2576607,29.40495308,455.8167598
revenue_max,synthetic_n200_p0.1,1,50,0,0,0,0,521.4344373,521.4344373
revenue_max,synthetic_n200_p0.1,1,50,1,1,20.89267097,4.028180669,499.1381488,524.0590004
revenue_max,synthetic_n200_p0.1,1,50,2,2,40.5324276,8.000920282,472.7064372,521.2397851
revenue_max,synthetic_n200_p0.1,1,50,3,3,58.06929068,11.90164823,449.6092275,519.5801665
revenue_max,synthetic_n200_p0.1,1,50,4,4,73.62928655,15.76955432,438.8159333,528.2147742
revenue_max,synthetic_n200_p0.1,1,50,5,5,88.55661499,19.51363198,411.4664784,519.5367253
revenue_max,synthetic_n200_p0.1,1,50,6,6,101.3059207,23.11819008,384.3884952,508.812606
revenue_max,synthetic_n200_p0.1,1,50,7,7,113.6092727,26.59647539,349.2867299,489.4924779
revenue_max,synthetic_n200_p0.1,1,50,8,8,124.5042549,30.69681142,324.9561925,480.1572589
revenue_max,synthetic_n200_p0.1,1,50,9,9,135.2770088,34.17064179,296.750561,466.1982115
revenue_max,synthetic_n200_p0.1,1,50,10,10,144.6987712,37.69900681,273.2804401,455.678218
revenue_max,synthetic_n200_p0.1,1,50,11,11,152.8903157,41.43641622,256.4884813,450.8152132
revenue_max,synthetic_n200_p0.1,1,50,12,12,160.5060906,45.31746078,240.2604049,446.0839564
revenue_max,synthetic_n200_p0.1,1,50,13,13,167.8557115,48.94446173,222.8439384,439.6441117
revenue_max,synthetic_n200_p0.1,1,50,14,14,174.3928447,52.45817127,208.2566543,435.1076702
revenue_max,synthetic_n200_p0.1,1,50,15,15,180.3363149,55.63024565,194.1171748,430.0837354
revenue_max,synthetic_n200_p0.1,1,50,16,16,185.8471769,59.58829535,183.1121874,428.5476597
revenue_max,synthetic_n200_p0.1,1,50,17,17,191.3351101,63.49284092,171.7257398,426.5536908
revenue_max,synthetic_n200_p0.1,1,50,18,18,196.4674429,67.58552863,163.4462445,427.499216
revenue_max,synthetic_n200_p0.1,1,50,19,19,201.3605088,71.15928979,155.5703867,428.0901852
revenue_max,synthetic_n200_p0.1,1,50,20,20,205.7979083,74.78492234,148.8075103,429.390341
revenue_max,synthetic_n200_p0.1,1,50,21,21,210.0375391,78.39081172,142.3444502,430.772801
revenue_max,synthetic_n200_p0.1,1,50,22,22,214.1423451,81.96148468,133.5237969,429.6276267
revenue_max,synthetic_n200_p0.1,1,50,23,23,218.0203496,85.64684376,126.4222,430.0893933
revenue_max,synthetic_n200_p0.1,1,50,24,24,221.59001,88.86200125,119.9719053,430.4239165
revenue_max,synthetic_n200_p0.1,1,50,25,25,224.9167101,92.25983091,112.4567538,429.6332948
revenue_max,synthetic_n200_p0.1,1,50,26,26,228.0305587,95.39526983,106.8259847,430.2518132
revenue_max,synthetic_n200_p0.1,1,50,27,27,231.0830141,98.80768402,100.4237773,430.3144754
revenue_max,synthetic_n200_p0.1,1,50,28,28,234.0695925,102.3512114,96.49912772,432.9199316
revenue_max,synthetic_n200_p0.1,1,50,29,29,236.8760855,105.9815902,91.87653986,434.7342156
revenue_max,synthetic_n200_p0.1,1,50,30,30,239.5139061,109.4778479,87.33646888,436.3282229
revenue_max,synthetic_n200_p0.1,1,50,31,31,242.1054098,112.9777874,82.44790995,437.5311071
revenue_max,synthetic_n200_p0.1,1,50,32,32,244.5492544,116.8000356,78.84270301,440.191993
revenue_max,synthetic_n200_p0.1,1,50,33,33,246.9330889,120.0302098,73.26339181,440.2266905
revenue_max,synthetic_n200_p0.1,1,50,34,34,249.2132929,123.7180538,68.66366431,441.595011
revenue_max,synthetic_n200_p0.1,1,50,35,35,251.4562329,127.3942857,64.91533229,443.7658508
revenue_max,synthetic_n200_p0.1,1,50,36,36,253.4662194,130.5111057,60.13502568,444.1123507
revenue_max,synthetic_n200_p0.1,1,50,37,37,255.3641868,133.8202709,57.71162836,446.8960861
revenue_max,synthetic_n200_p0.1,1,50,38,38,257.2365735,137.1338117,53.56819399,447.9385792
revenue_max,synthetic_n200_p0.1,1,50,39,39,259.0549608,139.8540108,49.02224025,447.9312119
revenue_max,synthetic_n200_p0.1,1,50,40,40,260.7597071,142.8233634,45.21928793,448.8023584
revenue_max,synthetic_n200_p0.1,1,50,41,41,262.3234493,146.4426476,41.62228517,450.388382
revenue_max,synthetic_n200_p0.1,1,50,42,42,263.833859,149.6457388,38.8626331,452.3422309
revenue_max,synthetic_n200_p0.1,1,50,43,43,265.3167345,152.5361275,36.58369169,454.4365537
revenue_max,synthetic_n200_p0.1,1,50,44,44,266.7667991,155.4459298,33.75416388,455.9668927
revenue_max,synthetic_n200_p0.1,1,50,45,45,268.154146,158.2576607,31.16969491,457.5815016
revenue_max,synthetic_n200_p0.1,1,50,46,46,269.5253535,161.5689223,28.54424688,459.6385227
revenue_max,synthetic_n200_p0.1,1,50,47,47,270.7022879,164.7386164,25.09018972,460.5310941
revenue_max,synthetic_n200_p0.1,1,50,48,48,271.8597674,168.0663164,20.92580029,460.8518841
revenue_max,synthetic_n200_p0.1,1,50,49,49,272.9744591,171.0946371,18.43818442,462.5072806
revenue_max,synthetic_n200_p0.1,1,50,50,50,273.9370625,174.199388,14.98325332,463.1197038
revenue_max,synthetic_n200_p0.1,1,55,0,0,0,0,521.4344373,521.4344373
revenue_max,synthetic_n200_p0.1,1,55,1,1,20.89267097,4.028180669,499.1381488,524.0590004
revenue_max,synthetic_n200_p0.1,1,55,2,2,40.5324276,8.000920282,472.7064372,521.2397851
revenue_max,synthetic_n200_p0.1,1,55,3,3,58.06929068,11.90164823,449.6092275,519.5801665
revenue_max,synthetic_n200_p0.1,1,55,4,4,73.62928655,15.76955432,438.8159333,528.2147742
revenue_max,synthetic_n200_p0.1,1,55,5,5,88.55661499,19.51363198,415.8007865,523.8710335
revenue_max,synthetic_n200_p0.1,1,55,6,6,101.3059207,23.11819008,403.0743451,527.4984558
revenue_max,synthetic_n200_p0.1,1,55,7,7,113.6092727,26.59647539,370.3224802,510.5282283
revenue_max,synthetic_n200_p0.1,1,55,8,8,124.5042549,30.69681142,345.7824154,500.9834818
revenue_max,synthetic_n200_p0.1,1,55,9,9,135.2770088,34.17064179,316.7631221,486.2107727
revenue_max,synthetic_n200_p0.1,1,55,10,10,144.6987712,37.69900681,292.6329586,475.0307365
revenue_max,synthetic_n200_p0.1,1,55,11,11,152.8903157,41.43641622,275.2453273,469.5720593
revenue_max,synthetic_n200_p0.1,1,55,12,12,160.5060906,45.31746078,258.4793123,464.3028637
revenue_max,synthetic_n200_p0.1,1,55,13,13,167.8557115,48.94446173,239.801087,456.6012603
revenue_max,synthetic_n200_p0.1,1,55,14,14,174.3928447,52.45817127,223.6546148,450.5056307
revenue_max,synthetic_n200_p0.1,1,55,15,15,180.3363149,55.63024565,208.5622393,444.5287999
revenue_max,synthetic_n200_p0.1,1,55,16,16,185.8471769,59.58829535,196.5923476,442.0278199
revenue_max,synthetic_n200_p0.1,1,55,17,17,191.3351101,63.49284092,184.6052091,439.4331601
revenue_max,synthetic_n200_p0.1,1,55,18,18,196.4674429,67.58552863,175.9247561,439.9777276
revenue_max,synthetic_n200_p0.1,1,55,19,19,201.3605088,71.15928979,167.4266953,439.9464939
revenue_max,synthetic_n200_p0.1,1,55,20,20,205.7979083,74.78492234,160.0424664,440.6252971
revenue_max,synthetic_n200_p0.1,1,55,21,21,210.0375391,78.39081172,153.2414869,441.6698378
revenue_max,synthetic_n200_p0.1,1,55,22,22,214.1423451,81.96148468,143.6640969,439.7679267
revenue_max,synthetic_n200_p0.1,1,55,23,23,218.0203496,85.64684376,136.1005379,439.7677313
revenue_max,synthetic_n200_p0.1,1,55,24,24,221.59001,88.86200125,128.9511626,439.4031739
revenue_max,synthetic_n200_p0.1,1,55,25,25,224.9167101,92.25983091,120.7330237,437.9095647
revenue_max,synthetic_n200_p0.1,1,55,26,26,228.0305587,95.39526983,114.5155282,437.9413567
revenue_max,synthetic_n200_p0.1,1,55,27,27,231.0830141,98.80768402,107.8089008,437.6995989
revenue_max,synthetic_n200_p0.1,1,55,28,28,234.0695925,102.3512114,103.6040034,440.0248072
revenue_max,synthetic_n200_p0.1,1,55,29,29,236.8760855,105.9815902,98.6589736,441.5166493
revenue_max,synthetic_n200_p0.1,1,55,30,30,239.5139061,109.4778479,93.42113778,442.4128918
revenue_max,synthetic_n200_p0.1,1,55,31,31,242.1054098,112.9777874,88.09816042,443.1813576
revenue_max,synthetic_n200_p0.1,1,55,32,32,244.5492544,116.8000356,83.80670879,445.1559988
revenue_max,synthetic_n200_p0.1,1,55,33,33,246.9330889,120.0302098,77.87275666,444.8360554
revenue_max,synthetic_n200_p0.1,1,55,34,34,249.2132929,123.7180538,72.83861635,445.7699631
revenue_max,synthetic_n200_p0.1,1,55,35,35,251.4562329,127.3942857,68.8562893,447.7068078
revenue_max,synthetic_n200_p0.1,1,55,36,36,253.4662194,130.5111057,63.76575338,447.7430784
revenue_max,synthetic_n200_p0.1,1,55,37,37,255.3641868,133.8202709,61.17825093,450.3627087
revenue_max,synthetic_n200_p0.1,1,55,38,38,257.2365735,137.1338117,56.82914538,451.1995306
revenue_max,synthetic_n200_p0.1,1,55,39,39,259.0549608,139.8540108,52.09947996,451.0084516
revenue_max,synthetic_n200_p0.1,1,55,40,40,260.7597071,142.8233634,47.97266799,451.5557385
revenue_max,synthetic_n200_p0.1,1,55,41,41,262.3234493,146.4426476,44.00272193,452.7688188
revenue_max,synthetic_n200_p0.1,1,55,42,42,263.833859,149.6457388,40.88587691,454.3654747
revenue_max,synthetic_n200_p0.1,1,55,43,43,265.3167345,152.5361275,38.38416851,456.2370305
revenue_max,synthetic_n200_p0.1,1,55,44,44,266.7667991,155.4459298,35.13714459,457.3498734
revenue_max,synthetic_n200_p0.1,1,55,45,45,268.154146,158.2576607,32.3897362,458.8015429
revenue_max,synthetic_n200_p0.1,1,55,46,46,269.5253535,161.5689223,29.27128567,460.3655615
revenue_max,synthetic_n200_p0.1,1,55,47,47,270.7022879,164.7386164,25.51521532,460.9561197
revenue_max,synthetic_n200_p0.1,1,55,48,48,271.8597674,168.0663164,21.06875794,460.9948417
revenue_max,synthetic_n200_p0.1,1,55,49,49,272.9744591,171.0946371,18.48576819,462.5548643
revenue_max,synthetic_n200_p0.1,1,55,50,50,273.9370625,174.199388,14.98325332,463.1197038
revenue_max,synthetic_n200_p0.1,1,55,51,51,274.7919919,177.084792,12.51512183,464.3919057
revenue_max,synthetic_n200_p0.1,1,55,52,52,275.5139679,180.2720378,10.01872861,465.8047343
revenue_max,synthetic_n200_p0.1,1,55,53,53,276.1581242,183.510587,7.917183305,467.5858945
revenue_max,synthetic_n200_p0.1,1,55,54,54,276.7196722,186.5447904,6.384406139,469.6488687
revenue_max,synthetic_n200_p0.1,1,55,55,55,277.2586936,189.7297208,3.729010954,470.7174253
revenue_max,synthetic_n200_p0.1,1,60,0,0,0,0,521.4344373,521.4344373
revenue_max,synthetic_n200_p0.1,1,60,1,1,20.89267097,4.028180669,499.1381488,524.0590004
revenue_max,synthetic_n200_p0.1,1,60,2,2,40.5324276,8.000920282,472.7064372,521.2397851
revenue_max,synthetic_n200_p0.1,1,60,3,3,58.06929068,11.90164823,449.6092275,519.5801665
revenue_max,synthetic_n200_p0.1,1,60,4,4,73.62928655,15.76955432,438.8159333,528.2147742
revenue_max,synthetic_n200_p0.1,1,60,5,5,88.55661499,19.51363198,415.8007865,523.8710335
revenue_max,synthetic_n200_p0.1,1,60,6,6,101.3059207,23.11819008,403.5616641,527.9857749
revenue_max,synthetic_n200_p0.1,1,60,7,7,113.6092727,26.59647539,382.0742328,522.2799809
revenue_max,synthetic_n200_p0.1,1,60,8,8,124.5042549,30.69681142,363.5252097,518.7262761
revenue_max,synthetic_n200_p0.1,1,60,9,9,135.2770088,34.17064179,333.8393423,503.2869928
revenue_max,synthetic_n200_p0.1,1,60,10,10,144.6987712,37.69900681,310.4974153,492.8951933
revenue_max,synthetic_n200_p0.1,1,60,11,11,152.8903157,41.43641622,291.9028439,486.2295758
revenue_max,synthetic_n200_p0.1,1,60,12,12,160.5060906,45.31746078,275.2765999,481.1001513
revenue_max,synthetic_n200_p0.1,1,60,13,13,167.8557115,48.94446173,255.4744799,472.2746532
revenue_max,synthetic_n200_p0.1,1,60,14,14,174.3928447,52.45817127,238.4128694,465.2638853
revenue_max,synthetic_n200_p0.1,1,60,15,15,180.3363149,55.63024565,222.2011071,458.1676677
revenue_max,synthetic_n200_p0.1,1,60,16,16,185.8471769,59.58829535,209.6168686,455.0523408
revenue_max,synthetic_n200_p0.1,1,60,17,17,191.3351101,63.49284092,196.8861863,451.7141373
revenue_max,synthetic_n200_p0.1,1,60,18,18,196.4674429,67.58552863,187.761555,451.8145266
revenue_max,synthetic_n200_p0.1,1,60,19,19,201.3605088,71.15928979,178.9224951,451.4422937
revenue_max,synthetic_n200_p0.1,1,60,20,20,205.7979083,74.78492234,170.8820451,451.4648758
revenue_max,synthetic_n200_p0.1,1,60,21,21,210.0375391,78.39081172,163.615208,452.0435589
revenue_max,synthetic_n200_p0.1,1,60,22,22,214.1423451,81.96148468,153.1650194,449.2688492
revenue_max,synthetic_n200_p0.1,1,60,23,23,218.0203496,85.64684376,145.3432927,449.0104861
revenue_max,synthetic_n200_p0.1,1,60,24,24,221.59001,88.86200125,137.4070198,447.859031
revenue_max,synthetic_n200_p0.1,1,60,25,25,224.9167101,92.25983091,128.4789088,445.6554498
revenue_max,synthetic_n200_p0.1,1,60,26,26,228.0305587,95.39526983,121.9317934,445.3576219
revenue_max,synthetic_n200_p0.1,1,60,27,27,231.0830141,98.80768402,114.9025989,444.793297
revenue_max,synthetic_n200_p0.1,1,60,28,28,234.0695925,102.3512114,110.2272815,446.6480853
revenue_max,synthetic_n200_p0.1,1,60,29,29,236.8760855,105.9815902,104.8654044,447.7230801
revenue_max,synthetic_n200_p0.1,1,60,30,30,239.5139061,109.4778479,99.21635717,448.2081112
revenue_max,synthetic_n200_p0.1,1,60,31,31,242.1054098,112.9777874,93.2237353,448.3069325
revenue_max,synthetic_n200_p0.1,1,60,32,32,244.5492544,116.8000356,88.35841067,449.7077007
revenue_max,synthetic_n200_p0.1,1,60,33,33,246.9330889,120.0302098,82.1496576,449.1129563
revenue_max,synthetic_n200_p0.1,1,60,34,34,249.2132929,123.7180538,76.73962011,449.6709668
revenue_max,synthetic_n200_p0.1,1,60,35,35,251.4562329,127.3942857,72.58069537,451.4312139
revenue_max,synthetic_n200_p0.1,1,60,36,36,253.4662194,130.5111057,67.19701031,451.1743354
revenue_max,synthetic_n200_p0.1,1,60,37,37,255.3641868,133.8202709,64.50243293,453.6868907
revenue_max,synthetic_n200_p0.1,1,60,38,38,257.2365735,137.1338117,59.92059173,454.2909769
revenue_max,synthetic_n200_p0.1,1,60,39,39,259.0549608,139.8540108,54.99522046,453.9041921
revenue_max,synthetic_n200_p0.1,1,60,40,40,260.7597071,142.8233634,50.46407786,454.0471483
revenue_max,synthetic_n200_p0.1,1,60,41,41,262.3234493,146.4426476,46.1293954,454.8954922
revenue_max,synthetic_n200_p0.1,1,60,42,42,263.833859,149.6457388,42.59544474,456.0750425
revenue_max,synthetic_n200_p0.1,1,60,43,43,265.3167345,152.5361275,39.61194644,457.4648084
revenue_max,synthetic_n200_p0.1,1,60,44,44,266.7667991,155.4459298,36.02239926,458.2351281
revenue_max,synthetic_n200_p0.1,1,60,45,45,268.154146,158.2576607,33.19157439,459.6033811
revenue_max,synthetic_n200_p0.1,1,60,46,46,269.5253535,161.5689223,29.70799944,460.8022753
revenue_max,synthetic_n200_p0.1,1,60,47,47,270.7022879,164.7386164,25.62942353,461.0703279
revenue_max,synthetic_n200_p0.1,1,60,48,48,271.8597674,168.0663164,21.06875794,460.9948417
revenue_max,synthetic_n200_p0.1,1,60,49,49,272.9744591,171.0946371,18.48576819,462.5548643
revenue_max,synthetic_n200_p0.1,1,60,50,50,273.9370625,174.199388,14.98325332,463.1197038
revenue_max,synthetic_n200_p0.1,1,60,51,51,274.7919919,177.084792,12.51512183,464.3919057
revenue_max,synthetic_n200_p0.1,1,60,52,52,275.5139679,180.2720378,10.01872861,465.8047343
revenue_max,synthetic_n200_p0.1,1,60,53,53,276.1581242,183.510587,7.917183305,467.5858945
revenue_max,synthetic_n200_p0.1,1,60,54,54,276.7196722,186.5447904,6.384406139,469.6488687
revenue_max,synthetic_n200_p0.1,1,60,55,55,277.2586936,189.7297208,3.729010954,470.7174253
revenue_max,synthetic_n200_p0.1,1,60,56,56,277.7545563,192.8944149,3.125383839,473.7743551
revenue_max,synthetic_n200_p0.1,1,60,57,57,278.2133859,195.9286646,2.630909492,476.77296
revenue_max,synthetic_n200_p0.1,1,60,58,58,278.63986,198.7241612,2.149783141,479.5138043
revenue_max,synthetic_n200_p0.1,1,60,59,59,279.0541588,202.1817262,1.674225427,482.9101105
revenue_max,synthetic_n200_p0.1,1,60,60,60,279.4075211,205.7171501,0.9009007647,486.025572
revenue_max,synthetic_n200_p0.1,1,65,0,0,0,0,521.4344373,521.4344373
revenue_max,synthetic_n200_p0.1,1,65,1,1,20.89267097,4.028180669,499.1381488,524.0590004
revenue_max,synthetic_n200_p0.1,1,65,2,2,40.5324276,8.000920282,472.7064372,521.2397851
revenue_max,synthetic_n200_p0.1,1,65,3,3,58.06929068,11.90164823,449.6092275,519.5801665
revenue_max,synthetic_n200_p0.1,1,65,4,4,73.62928655,15.76955432,438.8159333,528.2147742
revenue_max,synthetic_n200_p0.1,1,65,5,5,88.55661499,19.51363198,415.8007865,523.8710335
revenue_max,synthetic_n200_p0.1,1,65,6,6,101.3059207,23.11819008,403.5616641,527.9857749
revenue_max,synthetic_n200_p0.1,1,65,7,7,113.6092727,26.59647539,382.0742328,522.2799809
revenue_max,synthetic_n200_p0.1,1,65,8,8,124.5042549,30.69681142,372.7279445,527.9290109
revenue_max,synthetic_n200_p0.1,1,65,9,9,135.2770088,34.17064179,347.1377765,516.5854271
revenue_max,synthetic_n200_p0.1,1,65,10,10,144.6987712,37.69900681,325.6770538,508.0748318
revenue_max,synthetic_n200_p0.1,1,65,11,11,152.8903157,41.43641622,305.9060682,500.2328001
revenue_max,synthetic_n200_p0.1,1,65,12,12,160.5060906,45.31746078,289.4759757,495.2995271
revenue_max,synthetic_n200_p0.1,1,65,13,13,167.8557115,48.94446173,269.7773679,486.5775412
revenue_max,synthetic_n200_p0.1,1,65,14,14,174.3928447,52.45817127,251.9870047,478.8380206
revenue_max,synthetic_n200_p0.1,1,65,15,15,180.3363149,55.63024565,235.2915289,471.2580895
revenue_max,synthetic_n200_p0.1,1,65,16,16,185.8471769,59.58829535,222.1267851,467.5622574
revenue_max,synthetic_n200_p0.1,1,65,17,17,191.3351101,63.49284092,208.4981647,463.3261158
revenue_max,synthetic_n200_p0.1,1,65,18,18,196.4674429,67.58552863,198.7269994,462.779971
revenue_max,synthetic_n200_p0.1,1,65,19,19,201.3605088,71.15928979,189.9108841,462.4306827
revenue_max,synthetic_n200_p0.1,1,65,20,20,205.7979083,74.78492234,181.3513299,461.9341606
revenue_max,synthetic_n200_p0.1,1,65,21,21,210.0375391,78.39081172,173.6931936,462.1215444
revenue_max,synthetic_n200_p0.1,1,65,22,22,214.1423451,81.96148468,162.1384292,458.242259
revenue_max,synthetic_n200_p0.1,1,65,23,23,218.0203496,85.64684376,154.0977355,457.7649289
revenue_max,synthetic_n200_p0.1,1,65,24,24,221.59001,88.86200125,145.6266658,456.078677
revenue_max,synthetic_n200_p0.1,1,65,25,25,224.9167101,92.25983091,135.8109082,452.9874493
revenue_max,synthetic_n200_p0.1,1,65,26,26,228.0305587,95.39526983,129.0352542,452.4610827
revenue_max,synthetic_n200_p0.1,1,65,27,27,231.0830141,98.80768402,121.6883529,451.579051
revenue_max,synthetic_n200_p0.1,1,65,28,28,234.0695925,102.3512114,116.4009364,452.8217403
revenue_max,synthetic_n200_p0.1,1,65,29,29,236.8760855,105.9815902,110.6211774,453.4788531
revenue_max,synthetic_n200_p0.1,1,65,30,30,239.5139061,109.4778479,104.5302592,453.5220132
revenue_max,synthetic_n200_p0.1,1,65,31,31,242.1054098,112.9777874,98.04181137,453.1250086
revenue_max,synthetic_n200_p0.1,1,65,32,32,244.5492544,116.8000356,92.64777231,453.9970623
revenue_max,synthetic_n200_p0.1,1,65,33,33,246.9330889,120.0302098,86.14522493,453.1085236
revenue_max,synthetic_n200_p0.1,1,65,34,34,249.2132929,123.7180538,80.35429196,453.2856387
revenue_max,synthetic_n200_p0.1,1,65,35,35,251.4562329,127.3942857,76.12486913,454.9753877
revenue_max,synthetic_n200_p0.1,1,65,36,36,253.4662194,130.5111057,70.44195369,454.4192788
revenue_max,synthetic_n200_p0.1,1,65,37,37,255.3641868,133.8202709,67.64947267,456.8339304
revenue_max,synthetic_n200_p0.1,1,65,38,38,257.2365735,137.1338117,62.78697479,457.15736
revenue_max,synthetic_n200_p0.1,1,65,39,39,259.0549608,139.8540108,57.62792116,456.5368928
revenue_max,synthetic_n200_p0.1,1,65,40,40,260.7597071,142.8233634,52.63863886,456.2217093
revenue_max,synthetic_n200_p0.1,1,65,41,41,262.3234493,146.4426476,47.82186927,456.5879661
revenue_max,synthetic_n200_p0.1,1,65,42,42,263.833859,149.6457388,43.78167134,457.2612691
revenue_max,synthetic_n200_p0.1,1,65,43,43,265.3167345,152.5361275,40.59964983,458.4525118
revenue_max,synthetic_n200_p0.1,1,65,44,44,266.7667991,155.4459298,36.76749159,458.9802204
revenue_max,synthetic_n200_p0.1,1,65,45,45,268.154146,158.2576607,33.81003183,460.2218385
revenue_max,synthetic_n200_p0.1,1,65,46,46,269.5253535,161.5689223,29.92213401,461.0164099
revenue_max,synthetic_n200_p0.1,1,65,47,47,270.7022879,164.7386164,25.62942353,461.0703279
revenue_max,synthetic_n200_p0.1,1,65,48,48,271.8597674,168.0663164,21.06875794,460.9948417
revenue_max,synthetic_n200_p0.1,1,65,49,49,272.9744591,171.0946371,18.48576819,462.5548643
revenue_max,synthetic_n200_p0.1,1,65,50,50,273.9370625,174.199388,14.98325332,463.1197038
revenue_max,synthetic_n200_p0.1,1,65,51,51,274.7919919,177.084792,12.51512183,464.3919057
revenue_max,synthetic_n200_p0.1,1,65,52,52,275.5139679,180.2720378,10.01872861,465.8047343
revenue_max,synthetic_n200_p0.1,1,65,53,53,276.1581242,183.510587,7.917183305,467.5858945
revenue_max,synthetic_n200_p0.1,1,65,54,54,276.7196722,186.5447904,6.384406139,469.6488687
revenue_max,synthetic_n200_p0.1,1,65,55,55,277.2586936,189.7297208,3.729010954,470.7174253
revenue_max,synthetic_n200_p0.1,1,65,56,56,277.7545563,192.8944149,3.125383839,473.7743551
revenue_max,synthetic_n200_p0.1,1,65,57,57,278.2133859,195.9286646,2.630909492,476.77296
revenue_max,synthetic_n200_p0.1,1,65,58,58,278.63986,198.7241612,2.149783141,479.5138043
revenue_max,synthetic_n200_p0.1,1,65,59,59,279.0541588,202.1817262,1.674225427,482.9101105
revenue_max,synthetic_n200_p0.1,1,65,60,60,279.4075211,205.7171501,0.9009007647,486.025572
revenue_max,synthetic_n200_p0.1,1,65,61,61,279.7108529,209.3871771,0.5431001936,489.6411302
revenue_max,synthetic_n200_p0.1,1,65,62,62,279.9095318,212.7097611,0.3444213285,492.9637142
revenue_max,synthetic_n200_p0.1,1,65,63,63,280.0843387,215.6588757,0.1696143944,495.9128288
revenue_max,synthetic_n200_p0.1,1,65,64,64,280.2342797,218.5829476,0.01967343093,498.8369007
revenue_max,synthetic_n200_p0.1,1,65,65,65,280.2539531,221.1580234,0,501.4119765
revenue_max,synthetic_n200_p0.1,1,70,0,0,0,0,521.4344373,521.4344373
revenue_max,synthetic_n200_p0.1,1,70,1,1,20.89267097,4.028180669,499.1381488,524.0590004
revenue_max,synthetic_n200_p0.1,1,70,2,2,40.5324276,8.000920282,472.7064372,521.2397851
revenue_max,synthetic_n200_p0.1,1,70,3,3,58.06929068,11.90164823,449.6092275,519.5801665
revenue_max,synthetic_n200_p0.1,1,70,4,4,73.62928655,15.76955432,438.8159333,528.2147742
revenue_max,synthetic_n200_p0.1,1,70,5,5,88.55661499,19.51363198,415.8007865,523.8710335
revenue_max,synthetic_n200_p0.1,1,70,6,6,101.3059207,23.11819008,403.5616641,527.9857749
revenue_max,synthetic_n200_p0.1,1,70,7,7,113.6092727,26.59647539,382.0742328,522.2799809
revenue_max,synthetic_n200_p0.1,1,70,8,8,124.5042549,30.69681142,372.7279445,527.9290109
revenue_max,synthetic_n200_p0.1,1,70,9,9,135.2770088,34.17064179,351.8118766,521.2595271
revenue_max,synthetic_n200_p0.1,1,70,10,10,144.6987712,37.69900681,338.4770352,520.8748131
revenue_max,synthetic_n200_p0.1,1,70,11,11,152.8903157,41.43641622,318.2420205,512.5687524
revenue_max,synthetic_n200_p0.1,1,70,12,12,160.5060906,45.31746078,302.1280677,507.9516191
revenue_max,synthetic_n200_p0.1,1,70,13,13,167.8557115,48.94446173,282.7254126,499.5255859
revenue_max,synthetic_n200_p0.1,1,70,14,14,174.3928447,52.45817127,264.1004739,490.9514898
revenue_max,synthetic_n200_p0.1,1,70,15,15,180.3363149,55.63024565,247.389039,483.3555995
revenue_max,synthetic_n200_p0.1,1,70,16,16,185.8471769,59.58829535,233.8535589,479.2890311
revenue_max,synthetic_n200_p0.1,1,70,17,17,191.3351101,63.49284092,219.56845,474.396401
revenue_max,synthetic_n200_p0.1,1,70,18,18,196.4674429,67.58552863,208.9885878,473.0415593
revenue_max,synthetic_n200_p0.1,1,70,19,19,201.3605088,71.15928979,200.4399009,472.9596995
revenue_max,synthetic_n200_p0.1,1,70,20,20,205.7979083,74.78492234,191.3352446,471.9180753
revenue_max,synthetic_n200_p0.1,1,70,21,21,210.0375391,78.39081172,183.0134362,471.441787
revenue_max,synthetic_n200_p0.1,1,70,22,22,214.1423451,81.96148468,170.7647331,466.8685629
revenue_max,synthetic_n200_p0.1,1,70,23,23,218.0203496,85.64684376,162.4945374,466.1617308
revenue_max,synthetic_n200_p0.1,1,70,24,24,221.59001,88.86200125,153.3123576,463.7643688
revenue_max,synthetic_n200_p0.1,1,70,25,25,224.9167101,92.25983091,142.8614615,460.0380025
revenue_max,synthetic_n200_p0.1,1,70,26,26,228.0305587,95.39526983,135.7561774,459.182006
revenue_max,synthetic_n200_p0.1,1,70,27,27,231.0830141,98.80768402,128.083143,457.9738411
revenue_max,synthetic_n200_p0.1,1,70,28,28,234.0695925,102.3512114,122.1077656,458.5285694
revenue_max,synthetic_n200_p0.1,1,70,29,29,236.8760855,105.9815902,115.9845204,458.8421961
revenue_max,synthetic_n200_p0.1,1,70,30,30,239.5139061,109.4778479,109.5991186,458.5908726
revenue_max,synthetic_n200_p0.1,1,70,31,31,242.1054098,112.9777874,102.496125,457.5793222
revenue_max,synthetic_n200_p0.1,1,70,32,32,244.5492544,116.8000356,96.76887116,458.1181611
revenue_max,synthetic_n200_p0.1,1,70,33,33,246.9330889,120.0302098,89.98081769,456.9441164
revenue_max,synthetic_n200_p0.1,1,70,34,34,249.2132929,123.7180538,83.81054481,456.7418915
revenue_max,synthetic_n200_p0.1,1,70,35,35,251.4562329,127.3942857,79.45263643,458.303155
revenue_max,synthetic_n200_p0.1,1,70,36,36,253.4662194,130.5111057,73.47046312,457.4477882
revenue_max,synthetic_n200_p0.1,1,70,37,37,255.3641868,133.8202709,70.56108933,459.7455471
revenue_max,synthetic_n200_p0.1,1,70,38,38,257.2365735,137.1338117,65.38741675,459.757802
revenue_max,synthetic_n200_p0.1,1,70,39,39,259.0549608,139.8540108,59.95371033,458.8626819
revenue_max,synthetic_n200_p0.1,1,70,40,40,260.7597071,142.8233634,54.35390025,457.9369707
revenue_max,synthetic_n200_p0.1,1,70,41,41,262.3234493,146.4426476,49.12495217,457.891049
revenue_max,synthetic_n200_p0.1,1,70,42,42,263.833859,149.6457388,44.81134482,458.2909426
revenue_max,synthetic_n200_p0.1,1,70,43,43,265.3167345,152.5361275,41.41386312,459.2667251
revenue_max,synthetic_n200_p0.1,1,70,44,44,266.7667991,155.4459298,37.26872126,459.4814501
revenue_max,synthetic_n200_p0.1,1,70,45,45,268.154146,158.2576607,34.0999379,460.5117446
revenue_max,synthetic_n200_p0.1,1,70,46,46,269.5253535,161.5689223,29.96248307,461.0567589
revenue_max,synthetic_n200_p0.1,1,70,47,47,270.7022879,164.7386164,25.62942353,461.0703279
revenue_max,synthetic_n200_p0.1,1,70,48,48,271.8597674,168.0663164,21.06875794,460.9948417
revenue_max,synthetic_n200_p0.1,1,70,49,49,272.9744591,171.0946371,18.48576819,462.5548643
revenue_max,synthetic_n200_p0.1,1,70,50,50,273.9370625,174.199388,14.98325332,463.1197038
revenue_max,synthetic_n200_p0.1,1,70,51,51,274.7919919,177.084792,12.51512183,464.3919057
revenue_max,synthetic_n200_p0.1,1,70,52,52,275.5139679,180.2720378,10.01872861,465.8047343
revenue_max,synthetic_n200_p0.1,1,70,53,53,276.1581242,183.510587,7.917183305,467.5858945
revenue_max,synthetic_n200_p0.1,1,70,54,54,276.7196722,186.5447904,6.384406139,469.6488687
revenue_max,synthetic_n200_p0.1,1,70,55,55,277.2586936,189.7297208,3.729010954,470.7174253
revenue_max,synthetic_n200_p0.1,1,70,56,56,277.7545563,192.8944149,3.125383839,473.7743551
revenue_max,synthetic_n200_p0.1,1,70,57,57,278.2133859,195.9286646,2.630909492,476.77296
revenue_max,synthetic_n200_p0.1,1,70,58,58,278.63986,198.7241612,2.149783141,479.5138043
revenue_max,synthetic_n200_p0.1,1,70,59,59,279.0541588,202.1817262,1.674225427,482.9101105
revenue_max,synthetic_n200_p0.1,1,70,60,60,279.4075211,205.7171501,0.9009007647,486.025572
revenue_max,synthetic_n200_p0.1,1,70,61,61,279.7108529,209.3871771,0.5431001936,489.6411302
revenue_max,synthetic_n200_p0.1,1,70,62,62,279.9095318,212.7097611,0.3444213285,492.9637142
revenue_max,synthetic_n200_p0.1,1,70,63,63,280.0843387,215.6588757,0.1696143944,495.9128288
revenue_max,synthetic_n200_p0.1,1,70,64,64,280.2342797,218.5829476,0.01967343093,498.8369007
revenue_max,synthetic_n200_p0.1,1,70,65,65,280.2539531,221.1580234,0,501.4119765
revenue_max,synthetic_n200_p0.1,1,75,0,0,0,0,521.4344373,521.4344373
revenue_max,synthetic_n200_p0.1,1,75,1,1,20.89267097,4.028180669,499.1381488,524.0590004
revenue_max,synthetic_n200_p0.1,1,75,2,2,40.5324276,8.000920282,472.7064372,521.2397851
revenue_max,synthetic_n200_p0.1,1,75,3,3,58.06929068,11.90164823,449.6092275,519.5801665
revenue_max,synthetic_n200_p0.1,1,75,4,4,73.62928655,15.76955432,438.8159333,528.2147742
revenue_max,synthetic_n200_p0.1,1,75,5,5,88.55661499,19.51363198,415.8007865,523.8710335
revenue_max,synthetic_n200_p0.1,1,75,6,6,101.3059207,23.11819008,403.5616641,527.9857749
revenue_max,synthetic_n200_p0.1,1,75,7,7,113.6092727,26.59647539,382.0742328,522.2799809
revenue_max,synthetic_n200_p0.1,1,75,8,8,124.5042549,30.69681142,372.7279445,527.9290109
revenue_max,synthetic_n200_p0.1,1,75,9,9,135.2770088,34.17064179,351.8118766,521.2595271
revenue_max,synthetic_n200_p0.1,1,75,10,10,144.6987712,37.69900681,345.7127493,528.1105273
revenue_max,synthetic_n200_p0.1,1,75,11,11,152.8903157,41.43641622,327.5141906,521.8409226
revenue_max,synthetic_n200_p0.1,1,75,12,12,160.5060906,45.31746078,312.5990618,518.4226132
revenue_max,synthetic_n200_p0.1,1,75,13,13,167.8557115,48.94446173,293.7620174,510.5621907
revenue_max,synthetic_n200_p0.1,1,75,14,14,174.3928447,52.45817127,274.9402949,501.7913108
revenue_max,synthetic_n200_p0.1,1,75,15,15,180.3363149,55.63024565,258.1572655,494.1238261
revenue_max,synthetic_n200_p0.1,1,75,16,16,185.8471769,59.58829535,244.5908947,490.026367
revenue_max,synthetic_n200_p0.1,1,75,17,17,191.3351101,63.49284092,229.9010342,484.7289853
revenue_max,synthetic_n200_p0.1,1,75,18,18,196.4674429,67.58552863,218.3229286,482.3759002
revenue_max,synthetic_n200_p0.1,1,75,19,19,201.3605088,71.15928979,210.1941079,482.7139065
revenue_max,synthetic_n200_p0.1,1,75,20,20,205.7979083,74.78492234,200.4545589,481.0373896
revenue_max,synthetic_n200_p0.1,1,75,21,21,210.0375391,78.39081172,191.5937775,480.0221283
revenue_max,synthetic_n200_p0.1,1,75,22,22,214.1423451,81.96148468,178.7402617,474.8440915
revenue_max,synthetic_n200_p0.1,1,75,23,23,218.0203496,85.64684376,170.2790936,473.946287
revenue_max,synthetic_n200_p0.1,1,75,24,24,221.59001,88.86200125,160.3572731,470.8092843
revenue_max,synthetic_n200_p0.1,1,75,25,25,224.9167101,92.25983091,149.5555112,466.7320522
revenue_max,synthetic_n200_p0.1,1,75,26,26,228.0305587,95.39526983,142.1097278,465.5355564
revenue_max,synthetic_n200_p0.1,1,75,27,27,231.0830141,98.80768402,134.0013068,463.8920049
revenue_max,synthetic_n200_p0.1,1,75,28,28,234.0695925,102.3512114,127.551386,463.9721899
revenue_max,synthetic_n200_p0.1,1,75,29,29,236.8760855,105.9815902,121.126589,463.9842647
revenue_max,synthetic_n200_p0.1,1,75,30,30,239.5139061,109.4778479,114.4173615,463.4091155
revenue_max,synthetic_n200_p0.1,1,75,31,31,242.1054098,112.9777874,106.7930997,461.8762969
revenue_max,synthetic_n200_p0.1,1,75,32,32,244.5492544,116.8000356,100.5927477,461.9420377
revenue_max,synthetic_n200_p0.1,1,75,33,33,246.9330889,120.0302098,93.60982706,460.5731258
revenue_max,synthetic_n200_p0.1,1,75,34,34,249.2132929,123.7180538,87.03811961,459.9694663
revenue_max,synthetic_n200_p0.1,1,75,35,35,251.4562329,127.3942857,82.60621285,461.4567314
revenue_max,synthetic_n200_p0.1,1,75,36,36,253.4662194,130.5111057,76.37310517,460.3504302
revenue_max,synthetic_n200_p0.1,1,75,37,37,255.3641868,133.8202709,73.20025475,462.3847125
revenue_max,synthetic_n200_p0.1,1,75,38,38,257.2365735,137.1338117,67.66869832,462.0390835
revenue_max,synthetic_n200_p0.1,1,75,39,39,259.0549608,139.8540108,61.86456033,460.7735319
revenue_max,synthetic_n200_p0.1,1,75,40,40,260.7597071,142.8233634,55.70485169,459.2879222
revenue_max,synthetic_n200_p0.1,1,75,41,41,262.3234493,146.4426476,50.25966417,459.025761
revenue_max,synthetic_n200_p0.1,1,75,42,42,263.833859,149.6457388,45.63996364,459.1195614
revenue_max,synthetic_n200_p0.1,1,75,43,43,265.3167345,152.5361275,42.01401802,459.86688
revenue_max,synthetic_n200_p0.1,1,75,44,44,266.7667991,155.4459298,37.5264666,459.7391954
revenue_max,synthetic_n200_p0.1,1,75,45,45,268.154146,158.2576607,34.21531351,460.6271202
revenue_max,synthetic_n200_p0.1,1,75,46,46,269.5253535,161.5689223,29.96248307,461.0567589
revenue_max,synthetic_n200_p0.1,1,75,47,47,270.7022879,164.7386164,25.62942353,461.0703279
revenue_max,synthetic_n200_p0.1,1,75,48,48,271.8597674,168.0663164,21.06875794,460.9948417
revenue_max,synthetic_n200_p0.1,1,75,49,49,272.9744591,171.0946371,18.48576819,462.5548643
revenue_max,synthetic_n200_p0.1,1,75,50,50,273.9370625,174.199388,14.98325332,463.1197038
revenue_max,synthetic_n200_p0.1,1,75,51,51,274.7919919,177.084792,12.51512183,464.3919057
revenue_max,synthetic_n200_p0.1,1,75,52,52,275.5139679,180.2720378,10.01872861,465.8047343
revenue_max,synthetic_n200_p0.1,1,75,53,53,276.1581242,183.510587,7.917183305,467.5858945
revenue_max,synthetic_n200_p0.1,1,75,54,54,276.7196722,186.5447904,6.384406139,469.6488687
revenue_max,synthetic_n200_p0.1,1,75,55,55,277.2586936,189.7297208,3.729010954,470.7174253
revenue_max,synthetic_n200_p0.1,1,75,56,56,277.7545563,192.8944149,3.125383839,473.7743551
revenue_max,synthetic_n200_p0.1,1,75,57,57,278.2133859,195.9286646,2.630909492,476.77296
revenue_max,synthetic_n200_p0.1,1,75,58,58,278.63986,198.7241612,2.149783141,479.5138043
revenue_max,synthetic_n200_p0.1,1,75,59,59,279.0541588,202.1817262,1.674225427,482.9101105
revenue_max,synthetic_n200_p0.1,1,75,60,60,279.4075211,205.7171501,0.9009007647,486.025572
revenue_max,synthetic_n200_p0.1,1,75,61,61,279.7108529,209.3871771,0.5431001936,489.6411302
revenue_max,synthetic_n200_p0.1,1,75,62,62,279.9095318,212.7097611,0.3444213285,492.9637142
revenue_max,synthetic_n200_p0.1,1,75,63,63,280.0843387,215.6588757,0.1696143944,495.9128288
revenue_max,synthetic_n200_p0.1,1,75,64,64,280.2342797,218.5829476,0.01967343093,498.8369007
revenue_max,synthetic_n200_p0.1,1,75,65,65,280.2539531,221.1580234,0,501.4119765
revenue_max,synthetic_n200_p0.1,1,80,0,0,0,0,521.4344373,521.4344373
revenue_max,synthetic_n200_p0.1,1,80,1,1,20.89267097,4.028180669,499.1381488,524.0590004
revenue_max,synthetic_n200_p0.1,1,80,2,2,40.5324276,8.000920282,472.7064372,521.2397851
revenue_max,synthetic_n200_p0.1,1,80,3,3,58.06929068,11.90164823,449.6092275,519.5801665
revenue_max,synthetic_n200_p0.1,1,80,4,4,73.62928655,15.76955432,438.8159333,528.2147742
revenue_max,synthetic_n200_p0.1,1,80,5,5,88.55661499,19.51363198,415.8007865,523.8710335
revenue_max,synthetic_n200_p0.1,1,80,6,6,101.3059207,23.11819008,403.5616641,527.9857749
revenue_max,synthetic_n200_p0.1,1,80,7,7,113.6092727,26.59647539,382.0742328,522.2799809
revenue_max,synthetic_n200_p0.1,1,80,8,8,124.5042549,30.69681142,372.7279445,527.9290109
revenue_max,synthetic_n200_p0.1,1,80,9,9,135.2770088,34.17064179,351.8118766,521.2595271
revenue_max,synthetic_n200_p0.1,1,80,10,10,144.6987712,37.69900681,345.7127493,528.1105273
revenue_max,synthetic_n200_p0.1,1,80,11,11,152.8903157,41.43641622,327.7316354,522.0583673
revenue_max,synthetic_n200_p0.1,1,80,12,12,160.5060906,45.31746078,318.7606164,524.5841678
revenue_max,synthetic_n200_p0.1,1,80,13,13,167.8557115,48.94446173,302.6892523,519.4894256
revenue_max,synthetic_n200_p0.1,1,80,14,14,174.3928447,52.45817127,284.5200843,511.3711002
revenue_max,synthetic_n200_p0.1,1,80,15,15,180.3363149,55.63024565,267.9203226,503.8868832
revenue_max,synthetic_n200_p0.1,1,80,16,16,185.8471769,59.58829535,254.3501344,499.7856067
revenue_max,synthetic_n200_p0.1,1,80,17,17,191.3351101,63.49284092,239.519971,494.3479221
revenue_max,synthetic_n200_p0.1,1,80,18,18,196.4674429,67.58552863,226.8475346,490.9005062
revenue_max,synthetic_n200_p0.1,1,80,19,19,201.3605088,71.15928979,218.8970329,491.4168315
revenue_max,synthetic_n200_p0.1,1,80,20,20,205.7979083,74.78492234,208.6554182,489.2382489
revenue_max,synthetic_n200_p0.1,1,80,21,21,210.0375391,78.39081172,199.1562046,487.5845554
revenue_max,synthetic_n200_p0.1,1,80,22,22,214.1423451,81.96148468,185.998999,482.1028288
revenue_max,synthetic_n200_p0.1,1,80,23,23,218.0203496,85.64684376,177.4885603,481.1557537
revenue_max,synthetic_n200_p0.1,1,80,24,24,221.59001,88.86200125,166.9318481,477.3838593
revenue_max,synthetic_n200_p0.1,1,80,25,25,224.9167101,92.25983091,155.8669852,473.0435262
revenue_max,synthetic_n200_p0.1,1,80,26,26,228.0305587,95.39526983,148.0490243,471.4748528
revenue_max,synthetic_n200_p0.1,1,80,27,27,231.0830141,98.80768402,139.5309166,469.4216147
revenue_max,synthetic_n200_p0.1,1,80,28,28,234.0695925,102.3512114,132.7764678,469.1972717
revenue_max,synthetic_n200_p0.1,1,80,29,29,236.8760855,105.9815902,125.8902926,468.7479683
revenue_max,synthetic_n200_p0.1,1,80,30,30,239.5139061,109.4778479,118.8942401,467.885994
revenue_max,synthetic_n200_p0.1,1,80,31,31,242.1054098,112.9777874,110.8098766,465.8930738
revenue_max,synthetic_n200_p0.1,1,80,32,32,244.5492544,116.8000356,104.212266,465.561556
revenue_max,synthetic_n200_p0.1,1,80,33,33,246.9330889,120.0302098,96.97876522,463.9420639
revenue_max,synthetic_n200_p0.1,1,80,34,34,249.2132929,123.7180538,90.00814745,462.9394942
revenue_max,synthetic_n200_p0.1,1,80,35,35,251.4562329,127.3942857,85.49476274,464.3452813
revenue_max,synthetic_n200_p0.1,1,80,36,36,253.4662194,130.5111057,78.90960648,462.8869315
revenue_max,synthetic_n200_p0.1,1,80,37,37,255.3641868,133.8202709,75.45688063,464.6413384
revenue_max,synthetic_n200_p0.1,1,80,38,38,257.2365735,137.1338117,69.43531856,463.8057038
revenue_max,synthetic_n200_p0.1,1,80,39,39,259.0549608,139.8540108,63.30924484,462.2182164
revenue_max,synthetic_n200_p0.1,1,80,40,40,260.7597071,142.8233634,56.8048037,460.3878742
revenue_max,synthetic_n200_p0.1,1,80,41,41,262.3234493,146.4426476,51.20045792,459.9665548
revenue_max,synthetic_n200_p0.1,1,80,42,42,263.833859,149.6457388,46.20435751,459.6839553
revenue_max,synthetic_n200_p0.1,1,80,43,43,265.3167345,152.5361275,42.3406421,460.1935041
revenue_max,synthetic_n200_p0.1,1,80,44,44,266.7667991,155.4459298,37.56607559,459.7788044
revenue_max,synthetic_n200_p0.1,1,80,45,45,268.154146,158.2576607,34.21531351,460.6271202
revenue_max,synthetic_n200_p0.1,1,80,46,46,269.5253535,161.5689223,29.96248307,461.0567589
revenue_max,synthetic_n200_p0.1,1,80,47,47,270.7022879,164.7386164,25.62942353,461.0703279
revenue_max,synthetic_n200_p0.1,1,80,48,48,271.8597674,168.0663164,21.06875794,460.9948417
revenue_max,synthetic_n200_p0.1,1,80,49,49,272.9744591,171.0946371,18.48576819,462.5548643
revenue_max,synthetic_n200_p0.1,1,80,50,50,273.9370625,174.199388,14.98325332,463.1197038
revenue_max,synthetic_n200_p0.1,1,80,51,51,274.7919919,177.084792,12.51512183,464.3919057
revenue_max,synthetic_n200_p0.1,1,80,52,52,275.5139679,180.2720378,10.01872861,465.8047343
revenue_max,synthetic_n200_p0.1,1,80,53,53,276.1581242,183.510587,7.917183305,467.5858945
revenue_max,synthetic_n200_p0.1,1,80,54,54,276.7196722,186.5447904,6.384406139,469.6488687
revenue_max,synthetic_n200_p0.1,1,80,55,55,277.2586936,189.7297208,3.729010954,470.7174253
revenue_max,synthetic_n200_p0.1,1,80,56,56,277.7545563,192.8944149,3.125383839,473.7743551
revenue_max,synthetic_n200_p0.1,1,80,57,57,278.2133859,195.9286646,2.630909492,476.77296
revenue_max,synthetic_n200_p0.1,1,80,58,58,278.63986,198.7241612,2.149783141,479.5138043
revenue_max,synthetic_n200_p0.1,1,80,59,59,279.0541588,202.1817262,1.674225427,482.9101105
revenue_max,synthetic_n200_p0.1,1,80,60,60,279.4075211,205.7171501,0.9009007647,486.025572
revenue_max,synthetic_n200_p0.1,1,80,61,61,279.7108529,209.3871771,0.5431001936,489.6411302
revenue_max,synthetic_n200_p0.1,1,80,62,62,279.9095318,212.7097611,0.3444213285,492.9637142
revenue_max,synthetic_n200_p0.1,1,80,63,63,280.0843387,215.6588757,0.1696143944,495.9128288
revenue_max,synthetic_n200_p0.1,1,80,64,64,280.2342797,218.5829476,0.01967343093,498.8369007
revenue_max,synthetic_n200_p0.1,1,80,65,65,280.2539531,221.1580234,0,501.4119765
revenue_max,synthetic_n200_p0.1,1,85,0,0,0,0,521.4344373,521.4344373
revenue_max,synthetic_n200_p0.1,1,85,1,1,20.89267097,4.028180669,499.1381488,524.0590004
revenue_max,synthetic_n200_p0.1,1,85,2,2,40.5324276,8.000920282,472.7064372,521.2397851
revenue_max,synthetic_n200_p0.1,1,85,3,3,58.06929068,11.90164823,449.6092275,519.5801665
revenue_max,synthetic_n200_p0.1,1,85,4,4,73.62928655,15.76955432,438.8159333,528.2147742
revenue_max,synthetic_n200_p0.1,1,85,5,5,88.55661499,19.51363198,415.8007865,523.8710335
revenue_max,synthetic_n200_p0.1,1,85,6,6,101.3059207,23.11819008,403.5616641,527.9857749
revenue_max,synthetic_n200_p0.1,1,85,7,7,113.6092727,26.59647539,382.0742328,522.2799809
revenue_max,synthetic_n200_p0.1,1,85,8,8,124.5042549,30.69681142,372.7279445,527.9290109
revenue_max,synthetic_n200_p0.1,1,85,9,9,135.2770088,34.17064179,351.8118766,521.2595271
revenue_max,synthetic_n200_p0.1,1,85,10,10,144.6987712,37.69900681,345.7127493,528.1105273
revenue_max,synthetic_n200_p0.1,1,85,11,11,152.8903157,41.43641622,327.7316354,522.0583673
revenue_max,synthetic_n200_p0.1,1,85,12,12,160.5060906,45.31746078,318.7606164,524.5841678
revenue_max,synthetic_n200_p0.1,1,85,13,13,167.8557115,48.94446173,306.6725424,523.4727156
revenue_max,synthetic_n200_p0.1,1,85,14,14,174.3928447,52.45817127,291.2197211,518.0707371
revenue_max,synthetic_n200_p0.1,1,85,15,15,180.3363149,55.63024565,276.6703958,512.6369564
revenue_max,synthetic_n200_p0.1,1,85,16,16,185.8471769,59.58829535,263.2133424,508.6488146
revenue_max,synthetic_n200_p0.1,1,85,17,17,191.3351101,63.49284092,248.0736706,502.9016216
revenue_max,synthetic_n200_p0.1,1,85,18,18,196.4674429,67.58552863,234.6683365,498.721308
revenue_max,synthetic_n200_p0.1,1,85,19,19,201.3605088,71.15928979,226.6826964,499.2024949
revenue_max,synthetic_n200_p0.1,1,85,20,20,205.7979083,74.78492234,215.9565584,496.5393891
revenue_max,synthetic_n200_p0.1,1,85,21,21,210.0375391,78.39081172,206.126934,494.5552848
revenue_max,synthetic_n200_p0.1,1,85,22,22,214.1423451,81.96148468,192.7229047,488.8267345
revenue_max,synthetic_n200_p0.1,1,85,23,23,218.0203496,85.64684376,184.2591183,487.9263117
revenue_max,synthetic_n200_p0.1,1,85,24,24,221.59001,88.86200125,172.9327671,483.3847783
revenue_max,synthetic_n200_p0.1,1,85,25,25,224.9167101,92.25983091,161.6976814,478.8742224
revenue_max,synthetic_n200_p0.1,1,85,26,26,228.0305587,95.39526983,153.4916556,476.9174841
revenue_max,synthetic_n200_p0.1,1,85,27,27,231.0830141,98.80768402,144.7618681,474.6525662
revenue_max,synthetic_n200_p0.1,1,85,28,28,234.0695925,102.3512114,137.6027412,474.023545
revenue_max,synthetic_n200_p0.1,1,85,29,29,236.8760855,105.9815902,130.3453596,473.2030353
revenue_max,synthetic_n200_p0.1,1,85,30,30,239.5139061,109.4778479,123.1764288,472.1681828
revenue_max,synthetic_n200_p0.1,1,85,31,31,242.1054098,112.9777874,114.5763556,469.6595528
revenue_max,synthetic_n200_p0.1,1,85,32,32,244.5492544,116.8000356,107.6096785,468.9589685
revenue_max,synthetic_n200_p0.1,1,85,33,33,246.9330889,120.0302098,100.0635811,467.0268798
revenue_max,synthetic_n200_p0.1,1,85,34,34,249.2132929,123.7180538,92.61230074,465.5436475
revenue_max,synthetic_n200_p0.1,1,85,35,35,251.4562329,127.3942857,87.94243114,466.7929497
revenue_max,synthetic_n200_p0.1,1,85,36,36,253.4662194,130.5111057,81.20995648,465.1872815
revenue_max,synthetic_n200_p0.1,1,85,37,37,255.3641868,133.8202709,77.15644489,466.3409026
revenue_max,synthetic_n200_p0.1,1,85,38,38,257.2365735,137.1338117,70.78729201,465.1576772
revenue_max,synthetic_n200_p0.1,1,85,39,39,259.0549608,139.8540108,64.48329756,463.3922692
revenue_max,synthetic_n200_p0.1,1,85,40,40,260.7597071,142.8233634,57.75739439,461.3404649
revenue_max,synthetic_n200_p0.1,1,85,41,41,262.3234493,146.4426476,51.9227663,460.6888632
revenue_max,synthetic_n200_p0.1,1,85,42,42,263.833859,149.6457388,46.52910033,460.0086981
revenue_max,synthetic_n200_p0.1,1,85,43,43,265.3167345,152.5361275,42.49867392,460.3515359
revenue_max,synthetic_n200_p0.1,1,85,44,44,266.7667991,155.4459298,37.56607559,459.7788044
revenue_max,synthetic_n200_p0.1,1,85,45,45,268.154146,158.2576607,34.21531351,460.6271202
revenue_max,synthetic_n200_p0.1,1,85,46,46,269.5253535,161.5689223,29.96248307,461.0567589
revenue_max,synthetic_n200_p0.1,1,85,47,47,270.7022879,164.7386164,25.62942353,461.0703279
revenue_max,synthetic_n200_p0.1,1,85,48,48,271.8597674,168.0663164,21.06875794,460.9948417
revenue_max,synthetic_n200_p0.1,1,85,49,49,272.9744591,171.0946371,18.48576819,462.5548643
revenue_max,synthetic_n200_p0.1,1,85,50,50,273.9370625,174.199388,14.98325332,463.1197038
revenue_max,synthetic_n200_p0.1,1,85,51,51,274.7919919,177.084792,12.51512183,464.3919057
revenue_max,synthetic_n200_p0.1,1,85,52,52,275.5139679,180.2720378,10.01872861,465.8047343
revenue_max,synthetic_n200_p0.1,1,85,53,53,276.1581242,183.510587,7.917183305,467.5858945
revenue_max,synthetic_n200_p0.1,1,85,54,54,276.7196722,186.5447904,6.384406139,469.6488687
revenue_max,synthetic_n200_p0.1,1,85,55,55,277.2586936,189.7297208,3.729010954,470.7174253
revenue_max,synthetic_n200_p0.1,1,85,56,56,277.7545563,192.8944149,3.125383839,473.7743551
revenue_max,synthetic_n200_p0.1,1,85,57,57,278.2133859,195.9286646,2.630909492,476.77296
revenue_max,synthetic_n200_p0.1,1,85,58,58,278.63986,198.7241612,2.149783141,479.5138043
revenue_max,synthetic_n200_p0.1,1,85,59,59,279.0541588,202.1817262,1.674225427,482.9101105
revenue_max,synthetic_n200_p0.1,1,85,60,60,279.4075211,205.7171501,0.9009007647,486.025572
revenue_max,synthetic_n200_p0.1,1,85,61,61,279.7108529,209.3871771,0.5431001936,489.6411302
revenue_max,synthetic_n200_p0.1,1,85,62,62,279.9095318,212.7097611,0.3444213285,492.9637142
revenue_max,synthetic_n200_p0.1,1,85,63,63,280.0843387,215.6588757,0.1696143944,495.9128288
revenue_max,synthetic_n200_p0.1,1,85,64,64,280.2342797,218.5829476,0.01967343093,498.8369007
revenue_max,synthetic_n200_p0.1,1,85,65,65,280.2539531,221.1580234,0,501.4119765
revenue_max,synthetic_n200_p0.1,1,90,0,0,0,0,521.4344373,521.4344373
revenue_max,synthetic_n200_p0.1,1,90,1,1,20.89267097,4.028180669,499.1381488,524.0590004
revenue_max,synthetic_n200_p0.1,1,90,2,2,40.5324276,8.000920282,472.7064372,521.2397851
revenue_max,synthetic_n200_p0.1,1,90,3,3,58.06929068,11.90164823,449.6092275,519.5801665
revenue_max,synthetic_n200_p0.1,1,90,4,4,73.62928655,15.76955432,438.8159333,528.2147742
revenue_max,synthetic_n200_p0.1,1,90,5,5,88.55661499,19.51363198,415.8007865,523.8710335
revenue_max,synthetic_n200_p0.1,1,90,6,6,101.3059207,23.11819008,403.5616641,527.9857749
revenue_max,synthetic_n200_p0.1,1,90,7,7,113.6092727,26.59647539,382.0742328,522.2799809
revenue_max,synthetic_n200_p0.1,1,90,8,8,124.5042549,30.69681142,372.7279445,527.9290109
revenue_max,synthetic_n200_p0.1,1,90,9,9,135.2770088,34.17064179,351.8118766,521.2595271
revenue_max,synthetic_n200_p0.1,1,90,10,10,144.6987712,37.69900681,345.7127493,528.1105273
revenue_max,synthetic_n200_p0.1,1,90,11,11,152.8903157,41.43641622,327.7316354,522.0583673
revenue_max,synthetic_n200_p0.1,1,90,12,12,160.5060906,45.31746078,318.7606164,524.5841678
revenue_max,synthetic_n200_p0.1,1,90,13,13,167.8557115,48.94446173,306.6725424,523.4727156
revenue_max,synthetic_n200_p0.1,1,90,14,14,174.3928447,52.45817127,292.9951972,519.8462131
revenue_max,synthetic_n200_p0.1,1,90,15,15,180.3363149,55.63024565,282.4704011,518.4369616
revenue_max,synthetic_n200_p0.1,1,90,16,16,185.8471769,59.58829535,270.659992,516.0954643
revenue_max,synthetic_n200_p0.1,1,90,17,17,191.3351101,63.49284092,255.5995022,510.4274533
revenue_max,synthetic_n200_p0.1,1,90,18,18,196.4674429,67.58552863,241.3026542,505.3556258
revenue_max,synthetic_n200_p0.1,1,90,19,19,201.3605088,71.15928979,233.7655431,506.2853417
revenue_max,synthetic_n200_p0.1,1,90,20,20,205.7979083,74.78492234,222.7148195,503.2976502
revenue_max,synthetic_n200_p0.1,1,90,21,21,210.0375391,78.39081172,212.7535234,501.1818742
revenue_max,synthetic_n200_p0.1,1,90,22,22,214.1423451,81.96148468,198.9850394,495.0888692
revenue_max,synthetic_n200_p0.1,1,90,23,23,218.0203496,85.64684376,190.449031,494.1162243
revenue_max,synthetic_n200_p0.1,1,90,24,24,221.59001,88.86200125,178.2620843,488.7140955
revenue_max,synthetic_n200_p0.1,1,90,25,25,224.9167101,92.25983091,167.0823904,484.2589314
revenue_max,synthetic_n200_p0.1,1,90,26,26,228.0305587,95.39526983,158.522936,481.9487645
revenue_max,synthetic_n200_p0.1,1,90,27,27,231.0830141,98.80768402,149.5341846,479.4248827
revenue_max,synthetic_n200_p0.1,1,90,28,28,234.0695925,102.3512114,142.1907187,478.6115225
revenue_max,synthetic_n200_p0.1,1,90,29,29,236.8760855,105.9815902,134.6718034,477.5294791
revenue_max,synthetic_n200_p0.1,1,90,30,30,239.5139061,109.4778479,127.1684675,476.1602215
revenue_max,synthetic_n200_p0.1,1,90,31,31,242.1054098,112.9777874,117.8442645,472.9274617
revenue_max,synthetic_n200_p0.1,1,90,32,32,244.5492544,116.8000356,110.5214479,471.8707378
revenue_max,synthetic_n200_p0.1,1,90,33,33,246.9330889,120.0302098,102.8002238,469.7635225
revenue_max,synthetic_n200_p0.1,1,90,34,34,249.2132929,123.7180538,94.9732227,467.9045694
revenue_max,synthetic_n200_p0.1,1,90,35,35,251.4562329,127.3942857,90.09402187,468.9445404
revenue_max,synthetic_n200_p0.1,1,90,36,36,253.4662194,130.5111057,82.95238118,466.9297062
revenue_max,synthetic_n200_p0.1,1,90,37,37,255.3641868,133.8202709,78.53414476,467.7186025
revenue_max,synthetic_n200_p0.1,1,90,38,38,257.2365735,137.1338117,71.93565926,466.3060445
revenue_max,synthetic_n200_p0.1,1,90,39,39,259.0549608,139.8540108,65.49986755,464.4088392
revenue_max,synthetic_n200_p0.1,1,90,40,40,260.7597071,142.8233634,58.53142763,462.1144981
revenue_max,synthetic_n200_p0.1,1,90,41,41,262.3234493,146.4426476,52.36571034,461.1318072
revenue_max,synthetic_n200_p0.1,1,90,42,42,263.833859,149.6457388,46.65769736,460.1372951
revenue_max,synthetic_n200_p0.1,1,90,43,43,265.3167345,152.5361275,42.49867392,460.3515359
revenue_max,synthetic_n200_p0.1,1,90,44,44,266.7667991,155.4459298,37.56607559,459.7788044
revenue_max,synthetic_n200_p0.1,1,90,45,45,268.154146,158.2576607,34.21531351,460.6271202
revenue_max,synthetic_n200_p0.1,1,90,46,46,269.5253535,161.5689223,29.96248307,461.0567589
revenue_max,synthetic_n200_p0.1,1,90,47,47,270.7022879,164.7386164,25.62942353,461.0703279
revenue_max,synthetic_n200_p0.1,1,90,48,48,271.8597674,168.0663164,21.06875794,460.9948417
revenue_max,synthetic_n200_p0.1,1,90,49,49,272.9744591,171.0946371,18.48576819,462.5548643
revenue_max,synthetic_n200_p0.1,1,90,50,50,273.9370625,174.199388,14.98325332,463.1197038
revenue_max,synthetic_n200_p0.1,1,90,51,51,274.7919919,177.084792,12.51512183,464.3919057
revenue_max,synthetic_n200_p0.1,1,90,52,52,275.5139679,180.2720378,10.01872861,465.8047343
revenue_max,synthetic_n200_p0.1,1,90,53,53,276.1581242,183.510587,7.917183305,467.5858945
revenue_max,synthetic_n200_p0.1,1,90,54,54,276.7196722,186.5447904,6.384406139,469.6488687
revenue_max,synthetic_n200_p0.1,1,90,55,55,277.2586936,189.7297208,3.729010954,470.7174253
revenue_max,synthetic_n200_p0.1,1,90,56,56,277.7545563,192.8944149,3.125383839,473.7743551
revenue_max,synthetic_n200_p0.1,1,90,57,57,278.2133859,195.9286646,2.630909492,476.77296
revenue_max,synthetic_n200_p0.1,1,90,58,58,278.63986,198.7241612,2.149783141,479.5138043
revenue_max,synthetic_n200_p0.1,1,90,59,59,279.0541588,202.1817262,1.674225427,482.9101105
revenue_max,synthetic_n200_p0.1,1,90,60,60,279.4075211,205.7171501,0.9009007647,486.025572
revenue_max,synthetic_n200_p0.1,1,90,61,61,279.7108529,209.3871771,0.5431001936,489.6411302
revenue_max,synthetic_n200_p0.1,1,90,62,62,279.9095318,212.7097611,0.3444213285,492.9637142
revenue_max,synthetic_n200_p0.1,1,90,63,63,280.0843387,215.6588757,0.1696143944,495.9128288
revenue_max,synthetic_n200_p0.1,1,90,64,64,280.2342797,218.5829476,0.01967343093,498.8369007
revenue_max,synthetic_n200_p0.1,1,90,65,65,280.2539531,221.1580234,0,501.4119765
revenue_max,synthetic_n200_p0.1,1,95,0,0,0,0,521.4344373,521.4344373
revenue_max,synthetic_n200_p0.1,1,95,1,1,20.89267097,4.028180669,499.1381488,524.0590004
revenue_max,synthetic_n200_p0.1,1,95,2,2,40.5324276,8.000920282,472.7064372,521.2397851
revenue_max,synthetic_n200_p0.1,1,95,3,3,58.06929068,11.90164823,449.6092275,519.5801665
revenue_max,synthetic_n200_p0.1,1,95,4,4,73.62928655,15.76955432,438.8159333,528.2147742
revenue_max,synthetic_n200_p0.1,1,95,5,5,88.55661499,19.51363198,415.8007865,523.8710335
revenue_max,synthetic_n200_p0.1,1,95,6,6,101.3059207,23.11819008,403.5616641,527.9857749
revenue_max,synthetic_n200_p0.1,1,95,7,7,113.6092727,26.59647539,382.0742328,522.2799809
revenue_max,synthetic_n200_p0.1,1,95,8,8,124.5042549,30.69681142,372.7279445,527.9290109
revenue_max,synthetic_n200_p0.1,1,95,9,9,135.2770088,34.17064179,351.8118766,521.2595271
revenue_max,synthetic_n200_p0.1,1,95,10,10,144.6987712,37.69900681,345.7127493,528.1105273
revenue_max,synthetic_n200_p0.1,1,95,11,11,152.8903157,41.43641622,327.7316354,522.0583673
revenue_max,synthetic_n200_p0.1,1,95,12,12,160.5060906,45.31746078,318.7606164,524.5841678
revenue_max,synthetic_n200_p0.1,1,95,13,13,167.8557115,48.94446173,306.6725424,523.4727156
revenue_max,synthetic_n200_p0.1,1,95,14,14,174.3928447,52.45817127,292.9951972,519.8462131
revenue_max,synthetic_n200_p0.1,1,95,15,15,180.3363149,55.63024565,283.7316331,519.6981937
revenue_max,synthetic_n200_p0.1,1,95,16,16,185.8471769,59.58829535,273.7909224,519.2263947
revenue_max,synthetic_n200_p0.1,1,95,17,17,191.3351101,63.49284092,261.1353329,515.963284
revenue_max,synthetic_n200_p0.1,1,95,18,18,196.4674429,67.58552863,246.7321129,510.7850844
revenue_max,synthetic_n200_p0.1,1,95,19,19,201.3605088,71.15928979,240.3312779,512.8510764
revenue_max,synthetic_n200_p0.1,1,95,20,20,205.7979083,74.78492234,229.095842,509.6786727
revenue_max,synthetic_n200_p0.1,1,95,21,21,210.0375391,78.39081172,218.9689363,507.3972871
revenue_max,synthetic_n200_p0.1,1,95,22,22,214.1423451,81.96148468,204.8474071,500.9512369
revenue_max,synthetic_n200_p0.1,1,95,23,23,218.0203496,85.64684376,196.0776568,499.7448502
revenue_max,synthetic_n200_p0.1,1,95,24,24,221.59001,88.86200125,183.0432386,493.4952498
revenue_max,synthetic_n200_p0.1,1,95,25,25,224.9167101,92.25983091,171.9859246,489.1624656
revenue_max,synthetic_n200_p0.1,1,95,26,26,228.0305587,95.39526983,163.1481654,486.573994
revenue_max,synthetic_n200_p0.1,1,95,27,27,231.0830141,98.80768402,154.0555557,483.9462538
revenue_max,synthetic_n200_p0.1,1,95,28,28,234.0695925,102.3512114,146.58113,483.0019339
revenue_max,synthetic_n200_p0.1,1,95,29,29,236.8760855,105.9815902,138.6785267,481.5362025
revenue_max,synthetic_n200_p0.1,1,95,30,30,239.5139061,109.4778479,130.6442357,479.6359897
revenue_max,synthetic_n200_p0.1,1,95,31,31,242.1054098,112.9777874,120.8117998,475.894997
revenue_max,synthetic_n200_p0.1,1,95,32,32,244.5492544,116.8000356,113.2605951,474.6098851
revenue_max,synthetic_n200_p0.1,1,95,33,33,246.9330889,120.0302098,105.3567427,472.3200414
revenue_max,synthetic_n200_p0.1,1,95,34,34,249.2132929,123.7180538,97.05910246,469.9904492
revenue_max,synthetic_n200_p0.1,1,95,35,35,251.4562329,127.3942857,92.00048133,470.8509999
revenue_max,synthetic_n200_p0.1,1,95,36,36,253.4662194,130.5111057,84.3540684,468.3313935
revenue_max,synthetic_n200_p0.1,1,95,37,37,255.3641868,133.8202709,79.72924314,468.9137009
revenue_max,synthetic_n200_p0.1,1,95,38,38,257.2365735,137.1338117,72.91859977,467.288985
revenue_max,synthetic_n200_p0.1,1,95,39,39,259.0549608,139.8540108,66.34797337,465.256945
revenue_max,synthetic_n200_p0.1,1,95,40,40,260.7597071,142.8233634,59.0495235,462.632594
revenue_max,synthetic_n200_p0.1,1,95,41,41,262.3234493,146.4426476,52.5894655,461.3555624
revenue_max,synthetic_n200_p0.1,1,95,42,42,263.833859,149.6457388,46.65953385,460.1391316
revenue_max,synthetic_n200_p0.1,1,95,43,43,265.3167345,152.5361275,42.49867392,460.3515359
revenue_max,synthetic_n200_p0.1,1,95,44,44,266.7667991,155.4459298,37.56607559,459.7788044
revenue_max,synthetic_n200_p0.1,1,95,45,45,268.154146,158.2576607,34.21531351,460.6271202
revenue_max,synthetic_n200_p0.1,1,95,46,46,269.5253535,161.5689223,29.96248307,461.0567589
revenue_max,synthetic_n200_p0.1,1,95,47,47,270.7022879,164.7386164,25.62942353,461.0703279
revenue_max,synthetic_n200_p0.1,1,95,48,48,271.8597674,168.0663164,21.06875794,460.9948417
revenue_max,synthetic_n200_p0.1,1,95,49,49,272.9744591,171.0946371,18.48576819,462.5548643
revenue_max,synthetic_n200_p0.1,1,95,50,50,273.9370625,174.199388,14.98325332,463.1197038
revenue_max,synthetic_n200_p0.1,1,95,51,51,274.7919919,177.084792,12.51512183,464.3919057
revenue_max,synthetic_n200_p0.1,1,95,52,52,275.5139679,180.2720378,10.01872861,465.8047343
revenue_max,synthetic_n200_p0.1,1,95,53,53,276.1581242,183.510587,7.917183305,467.5858945
revenue_max,synthetic_n200_p0.1,1,95,54,54,276.7196722,186.5447904,6.384406139,469.6488687
revenue_max,synthetic_n200_p0.1,1,95,55,55,277.2586936,189.7297208,3.729010954,470.7174253
revenue_max,synthetic_n200_p0.1,1,95,56,56,277.7545563,192.8944149,3.125383839,473.7743551
revenue_max,synthetic_n200_p0.1,1,95,57,57,278.2133859,195.9286646,2.630909492,476.77296
revenue_max,synthetic_n200_p0.1,1,95,58,58,278.63986,198.7241612,2.149783141,479.5138043
revenue_max,synthetic_n200_p0.1,1,95,59,59,279.0541588,202.1817262,1.674225427,482.9101105
revenue_max,synthetic_n200_p0.1,1,95,60,60,279.4075211,205.7171501,0.9009007647,486.025572
revenue_max,synthetic_n200_p0.1,1,95,61,61,279.7108529,209.3871771,0.5431001936,489.6411302
revenue_max,synthetic_n200_p0.1,1,95,62,62,279.9095318,212.7097611,0.3444213285,492.9637142
revenue_max,synthetic_n200_p0.1,1,95,63,63,280.0843387,215.6588757,0.1696143944,495.9128288
revenue_max,synthetic_n200_p0.1,1,95,64,64,280.2342797,218.5829476,0.01967343093,498.8369007
revenue_max,synthetic_n200_p0.1,1,95,65,65,280.2539531,221.1580234,0,501.4119765
revenue_max,synthetic_n200_p0.1,1,100,0,0,0,0,521.4344373,521.4344373
revenue_max,synthetic_n200_p0.1,1,100,1,1,20.89267097,4.028180669,499.1381488,524.0590004
revenue_max,synthetic_n200_p0.1,1,100,2,2,40.5324276,8.000920282,472.7064372,521.2397851
revenue_max,synthetic_n200_p0.1,1,100,3,3,58.06929068,11.90164823,449.6092275,519.5801665
revenue_max,synthetic_n200_p0.1,1,100,4,4,73.62928655,15.76955432,438.8159333,528.2147742
revenue_max,synthetic_n200_p0.1,1,100,5,5,88.55661499,19.51363198,415.8007865,523.8710335
revenue_max,synthetic_n200_p0.1,1,100,6,6,101.3059207,23.11819008,403.5616641,527.9857749
revenue_max,synthetic_n200_p0.1,1,100,7,7,113.6092727,26.59647539,382.0742328,522.2799809
revenue_max,synthetic_n200_p0.1,1,100,8,8,124.5042549,30.69681142,372.7279445,527.9290109
revenue_max,synthetic_n200_p0.1,1,100,9,9,135.2770088,34.17064179,351.8118766,521.2595271
revenue_max,synthetic_n200_p0.1,1,100,10,10,144.6987712,37.69900681,345.7127493,528.1105273
revenue_max,synthetic_n200_p0.1,1,100,11,11,152.8903157,41.43641622,327.7316354,522.0583673
revenue_max,synthetic_n200_p0.1,1,100,12,12,160.5060906,45.31746078,318.7606164,524.5841678
revenue_max,synthetic_n200_p0.1,1,100,13,13,167.8557115,48.94446173,306.6725424,523.4727156
revenue_max,synthetic_n200_p0.1,1,100,14,14,174.3928447,52.45817127,292.9951972,519.8462131
revenue_max,synthetic_n200_p0.1,1,100,15,15,180.3363149,55.63024565,283.7316331,519.6981937
revenue_max,synthetic_n200_p0.1,1,100,16,16,185.8471769,59.58829535,273.7909224,519.2263947
revenue_max,synthetic_n200_p0.1,1,100,17,17,191.3351101,63.49284092,262.6626071,517.4905581
revenue_max,synthetic_n200_p0.1,1,100,18,18,196.4674429,67.58552863,247.4855567,511.5385283
revenue_max,synthetic_n200_p0.1,1,100,19,19,201.3605088,71.15928979,246.0365146,518.5563132
revenue_max,synthetic_n200_p0.1,1,100,20,20,205.7979083,74.78492234,234.7773896,515.3602203
revenue_max,synthetic_n200_p0.1,1,100,21,21,210.0375391,78.39081172,224.9496328,513.3779836
revenue_max,synthetic_n200_p0.1,1,100,22,22,214.1423451,81.96148468,210.1437684,506.2475982
revenue_max,synthetic_n200_p0.1,1,100,23,23,218.0203496,85.64684376,201.3406726,505.0078659
revenue_max,synthetic_n200_p0.1,1,100,24,24,221.59001,88.86200125,187.4008532,497.8528644
revenue_max,synthetic_n200_p0.1,1,100,25,25,224.9167101,92.25983091,176.4520535,493.6285945
revenue_max,synthetic_n200_p0.1,1,100,26,26,228.0305587,95.39526983,167.4198799,490.8457084
revenue_max,synthetic_n200_p0.1,1,100,27,27,231.0830141,98.80768402,158.3640871,488.2547852
revenue_max,synthetic_n200_p0.1,1,100,28,28,234.0695925,102.3512114,150.7102586,487.1310624
revenue_max,synthetic_n200_p0.1,1,100,29,29,236.8760855,105.9815902,142.2828875,485.1405632
revenue_max,synthetic_n200_p0.1,1,100,30,30,239.5139061,109.4778479,133.8851694,482.8769234
revenue_max,synthetic_n200_p0.1,1,100,31,31,242.1054098,112.9777874,123.488041,478.5712381
revenue_max,synthetic_n200_p0.1,1,100,32,32,244.5492544,116.8000356,115.8371463,477.1864363
revenue_max,synthetic_n200_p0.1,1,100,33,33,246.9330889,120.0302098,107.6831376,474.6464363
revenue_max,synthetic_n200_p0.1,1,100,34,34,249.2132929,123.7180538,98.95895572,471.8903024
revenue_max,synthetic_n200_p0.1,1,100,35,35,251.4562329,127.3942857,93.57628189,472.4268004
revenue_max,synthetic_n200_p0.1,1,100,36,36,253.4662194,130.5111057,85.61035558,469.5876806
revenue_max,synthetic_n200_p0.1,1,100,37,37,255.3641868,133.8202709,80.6982288,469.8826865
revenue_max,synthetic_n200_p0.1,1,100,38,38,257.2365735,137.1338117,73.63523062,468.0056158
revenue_max,synthetic_n200_p0.1,1,100,39,39,259.0549608,139.8540108,66.93407657,465.8430482
revenue_max,synthetic_n200_p0.1,1,100,40,40,260.7597071,142.8233634,59.28226128,462.8653318
revenue_max,synthetic_n200_p0.1,1,100,41,41,262.3234493,146.4426476,52.62606013,461.392157
revenue_max,synthetic_n200_p0.1,1,100,42,42,263.833859,149.6457388,46.65953385,460.1391316
revenue_max,synthetic_n200_p0.1,1,100,43,43,265.3167345,152.5361275,42.49867392,460.3515359
revenue_max,synthetic_n200_p0.1,1,100,44,44,266.7667991,155.4459298,37.56607559,459.7788044
revenue_max,synthetic_n200_p0.1,1,100,45,45,268.154146,158.2576607,34.21531351,460.6271202
revenue_max,synthetic_n200_p0.1,1,100,46,46,269.5253535,161.5689223,29.96248307,461.0567589
revenue_max,synthetic_n200_p0.1,1,100,47,47,270.7022879,164.7386164,25.62942353,461.0703279
revenue_max,synthetic_n200_p0.1,1,100,48,48,271.8597674,168.0663164,21.06875794,460.9948417
revenue_max,synthetic_n200_p0.1,1,100,49,49,272.9744591,171.0946371,18.48576819,462.5548643
revenue_max,synthetic_n200_p0.1,1,100,50,50,273.9370625,174.199388,14.98325332,463.1197038
revenue_max,synthetic_n200_p0.1,1,100,51,51,274.7919919,177.084792,12.51512183,464.3919057
revenue_max,synthetic_n200_p0.1,1,100,52,52,275.5139679,180.2720378,10.01872861,465.8047343
revenue_max,synthetic_n200_p0.1,1,100,53,53,276.1581242,183.510587,7.917183305,467.5858945
revenue_max,synthetic_n200_p0.1,1,100,54,54,276.7196722,186.5447904,6.384406139,469.6488687
revenue_max,synthetic_n200_p0.1,1,100,55,55,277.2586936,189.7297208,3.729010954,470.7174253
revenue_max,synthetic_n200_p0.1,1,100,56,56,277.7545563,192.8944149,3.125383839,473.7743551
revenue_max,synthetic_n200_p0.1,1,100,57,57,278.2133859,195.9286646,2.630909492,476.77296
revenue_max,synthetic_n200_p0.1,1,100,58,58,278.63986,198.7241612,2.149783141,479.5138043
revenue_max,synthetic_n200_p0.1,1,100,59,59,279.0541588,202.1817262,1.674225427,482.9101105
revenue_max,synthetic_n200_p0.1,1,100,60,60,279.4075211,205.7171501,0.9009007647,486.025572
revenue_max,synthetic_n200_p0.1,1,100,61,61,279.7108529,209.3871771,0.5431001936,489.6411302
revenue_max,synthetic_n200_p0.1,1,100,62,62,279.9095318,212.7097611,0.3444213285,492.9637142
revenue_max,synthetic_n200_p0.1,1,100,63,63,280.0843387,215.6588757,0.1696143944,495.9128288
revenue_max,synthetic_n200_p0.1,1,100,64,64,280.2342797,218.5829476,0.01967343093,498.8369007
revenue_max,synthetic_n200_p0.1,1,100,65,65,280.2539531,221.1580234,0,501.4119765
revenue_max,synthetic_n200_p0.1,2,1,0,0,0,0,21.1280371,21.1280371
revenue_max,synthetic_n200_p0.1,2,1,1,1,21.1280371,4.041917429,17.28640426,42.45635879
revenue_max,synthetic_n200_p0.1,2,5,0,0,0,0,93.34914645,93.34914645
revenue_max,synthetic_n200_p0.1,2,5,1,1,21.1280371,4.041917429,82.91996078,108.0899153
revenue_max,synthetic_n200_p0.1,2,5,2,2,38.41444137,7.58871033,76.11868985,122.1218415
revenue_max,synthetic_n200_p0.1,2,5,3,3,54.25489438,11.28179895,72.08360945,137.6203028
revenue_max,synthetic_n200_p0.1,2,5,4,4,69.26198051,14.90698979,65.32721956,149.4961899
revenue_max,synthetic_n200_p0.1,2,5,5,5,82.86873507,18.52261245,58.17461445,159.565962
revenue_max,synthetic_n200_p0.1,2,10,0,0,0,0,178.9280096,178.9280096
revenue_max,synthetic_n200_p0.1,2,10,1,1,21.1280371,4.041917429,160.5633095,185.733264
revenue_max,synthetic_n200_p0.1,2,10,2,2,38.41444137,7.58871033,147.0002811,193.0034328
revenue_max,synthetic_n200_p0.1,2,10,3,3,54.25489438,11.28179895,138.1456,203.6822933
revenue_max,synthetic_n200_p0.1,2,10,4,4,69.26198051,14.90698979,123.9011096,208.0700799
revenue_max,synthetic_n200_p0.1,2,10,5,5,82.86873507,18.52261245,112.2827915,213.674139
revenue_max,synthetic_n200_p0.1,2,10,6,6,95.02265234,22.32354679,103.9764599,221.322659
revenue_max,synthetic_n200_p0.1,2,10,7,7,106.5623891,25.69802539,94.12732274,226.3877372
revenue_max,synthetic_n200_p0.1,2,10,8,8,117.2895346,29.28262193,85.77612008,232.3482766
revenue_max,synthetic_n200_p0.1,2,10,9,9,127.1230958,32.92937707,78.75898351,238.8114563
revenue_max,synthetic_n200_p0.1,2,10,10,10,135.8406837,36.37235677,72.86601537,245.0790559
revenue_max,synthetic_n200_p0.1,2,15,0,0,0,0,254.2589355,254.2589355
revenue_max,synthetic_n200_p0.1,2,15,1,1,21.1280371,4.041917429,228.521647,253.6916016
revenue_max,synthetic_n200_p0.1,2,15,2,2,38.41444137,7.58871033,209.1091792,255.1123309
revenue_max,synthetic_n200_p0.1,2,15,3,3,54.25489438,11.28179895,195.2368104,260.7735037
revenue_max,synthetic_n200_p0.1,2,15,4,4,69.26198051,14.90698979,176.3698832,260.5388536
revenue_max,synthetic_n200_p0.1,2,15,5,5,82.86873507,18.52261245,160.9333601,262.3247077
revenue_max,synthetic_n200_p0.1,2,15,6,6,95.02265234,22.32354679,148.480415,265.8266141
revenue_max,synthetic_n200_p0.1,2,15,7,7,106.5623891,25.69802539,134.5984302,266.8588447
revenue_max,synthetic_n200_p0.1,2,15,8,8,117.2895346,29.28262193,123.4147824,269.9869389
revenue_max,synthetic_n200_p0.1,2,15,9,9,127.1230958,32.92937707,113.0022248,273.0546976
revenue_max,synthetic_n200_p0.1,2,15,10,10,135.8406837,36.37235677,104.8986056,277.1116461
revenue_max,synthetic_n200_p0.1,2,15,11,11,144.0423467,40.0431932,98.15813202,282.2436719
revenue_max,synthetic_n200_p0.1,2,15,12,12,151.6695398,43.61529795,92.02505442,287.3098922
revenue_max,synthetic_n200_p0.1,2,15,13,13,158.9844754,47.42147908,85.4267056,291.8326601
revenue_max,synthetic_n200_p0.1,2,15,14,14,165.4447374,50.46067457,79.01264814,294.9180601
revenue_max,synthetic_n200_p0.1,2,15,15,15,171.5682336,53.87666867,72.95926985,298.4041721
revenue_max,synthetic_n200_p0.1,2,20,0,0,0,0,320.944559,320.944559
revenue_max,synthetic_n200_p0.1,2,20,1,1,21.1280371,4.041917429,288.9342637,314.1042182
revenue_max,synthetic_n200_p0.1,2,20,2,2,38.41444137,7.58871033,264.4712426,310.4743943
revenue_max,synthetic_n200_p0.1,2,20,3,3,54.25489438,11.28179895,245.9048146,311.4415079
revenue_max,synthetic_n200_p0.1,2,20,4,4,69.26198051,14.90698979,222.1084188,306.2773891
revenue_max,synthetic_n200_p0.1,2,20,5,5,82.86873507,18.52261245,203.8543045,305.245652
revenue_max,synthetic_n200_p0.1,2,20,6,6,95.02265234,22.32354679,187.7288374,305.0750365
revenue_max,synthetic_n200_p0.1,2,20,7,7,106.5623891,25.69802539,170.663008,302.9234225
revenue_max,synthetic_n200_p0.1,2,20,8,8,117.2895346,29.28262193,156.9727258,303.5448823
revenue_max,synthetic_n200_p0.1,2,20,9,9,127.1230958,32.92937707,143.529453,303.5819259
revenue_max,synthetic_n200_p0.1,2,20,10,10,135.8406837,36.37235677,133.3651619,305.5782024
revenue_max,synthetic_n200_p0.1,2,20,11,11,144.0423467,40.0431932,125.0768681,309.162408
revenue_max,synthetic_n200_p0.1,2,20,12,12,151.6695398,43.61529795,117.3669273,312.6517651
revenue_max,synthetic_n200_p0.1,2,20,13,13,158.9844754,47.42147908,109.3203649,315.7263193
revenue_max,synthetic_n200_p0.1,2,20,14,14,165.4447374,50.46067457,101.5213194,317.4267314
revenue_max,synthetic_n200_p0.1,2,20,15,15,171.5682336,53.87666867,93.25253737,318.6974396
revenue_max,synthetic_n200_p0.1,2,20,16,16,177.5065607,57.1676112,85.91182156,320.5859934
revenue_max,synthetic_n200_p0.1,2,20,17,17,182.6298672,60.5014935,80.4889084,323.6202691
revenue_max,synthetic_n200_p0.1,2,20,18,18,187.4032693,63.54261975,75.60210795,326.547997
revenue_max,synthetic_n200_p0.1,2,20,19,19,191.994313,67.19423302,71.58829366,330.7768396
revenue_max,synthetic_n200_p0.1,2,20,20,20,196.1876098,70.52331219,68.42130936,335.1322314
revenue_max,synthetic_n200_p0.1,2,25,0,0,0,0,382.6308224,382.6308224
revenue_max,synthetic_n200_p0.1,2,25,1,1,21.1280371,4.041917429,345.0382672,370.2082218
revenue_max,synthetic_n200_p0.1,2,25,2,2,38.41444137,7.58871033,315.7382038,361.7413555
revenue_max,synthetic_n200_p0.1,2,25,3,3,54.25489438,11.28179895,292.462714,357.9994073
revenue_max,synthetic_n200_p0.1,2,25,4,4,69.26198051,14.90698979,265.0766101,349.2455804
revenue_max,synthetic_n200_p0.1,2,25,5,5,82.86873507,18.52261245,244.2659612,345.6573087
revenue_max,synthetic_n200_p0.1,2,25,6,6,95.02265234,22.32354679,224.6303579,341.9765571
revenue_max,synthetic_n200_p0.1,2,25,7,7,106.5623891,25.69802539,204.5867126,336.8471271
revenue_max,synthetic_n200_p0.1,2,25,8,8,117.2895346,29.28262193,188.3772169,334.9493734
revenue_max,synthetic_n200_p0.1,2,25,9,9,127.1230958,32.92937707,172.2529329,332.3054057
revenue_max,synthetic_n200_p0.1,2,25,10,10,135.8406837,36.37235677,160.3702069,332.5832474
revenue_max,synthetic_n200_p0.1,2,25,11,11,144.0423467,40.0431932,150.0295154,334.1150554
revenue_max,synthetic_n200_p0.1,2,25,12,12,151.6695398,43.61529795,140.9336795,336.2185173
revenue_max,synthetic_n200_p0.1,2,25,13,13,158.9844754,47.42147908,131.8865858,338.2925402
revenue_max,synthetic_n200_p0.1,2,25,14,14,165.4447374,50.46067457,122.5248651,338.4302771
revenue_max,synthetic_n200_p0.1,2,25,15,15,171.5682336,53.87666867,112.6499084,338.0948106
revenue_max,synthetic_n200_p0.1,2,25,16,16,177.5065607,57.1676112,103.8341733,338.5083452
revenue_max,synthetic_n200_p0.1,2,25,17,17,182.6298672,60.5014935,97.44104877,340.5724095
revenue_max,synthetic_n200_p0.1,2,25,18,18,187.4032693,63.54261975,91.39713458,342.3430236
revenue_max,synthetic_n200_p0.1,2,25,19,19,191.994313,67.19423302,86.71867654,345.9072225
revenue_max,synthetic_n200_p0.1,2,25,20,20,196.1876098,70.52331219,82.71845345,349.4293754
revenue_max,synthetic_n200_p0.1,2,25,21,21,200.0331498,73.92458412,78.91288045,352.8706144
revenue_max,synthetic_n200_p0.1,2,25,22,22,203.8088166,77.24710824,74.82794476,355.8838696
revenue_max,synthetic_n200_p0.1,2,25,23,23,207.3952869,80.66400072,72.07925066,360.1385383
revenue_max,synthetic_n200_p0.1,2,25,24,24,210.8475487,84.23506926,68.58419174,363.6668097
revenue_max,synthetic_n200_p0.1,2,25,25,25,214.2288277,87.72838498,64.890428,366.8476406
revenue_max,synthetic_n200_p0.1,2,30,0,0,0,0,440.5754469,440.5754469
revenue_max,synthetic_n200_p0.1,2,30,1,1,21.1280371,4.041917429,397.9878345,423.157789
revenue_max,synthetic_n200_p0.1,2,30,2,2,38.41444137,7.58871033,364.028946,410.0320977
revenue_max,synthetic_n200_p0.1,2,30,3,3,54.25489438,11.28179895,336.7498438,402.2865371
revenue_max,synthetic_n200_p0.1,2,30,4,4,69.26198051,14.90698979,305.6208109,389.7897812
revenue_max,synthetic_n200_p0.1,2,30,5,5,82.86873507,18.52261245,282.330995,383.7223425
revenue_max,synthetic_n200_p0.1,2,30,6,6,95.02265234,22.32354679,259.7690379,377.1152371
revenue_max,synthetic_n200_p0.1,2,30,7,7,106.5623891,25.69802539,236.8878004,369.1482149
revenue_max,synthetic_n200_p0.1,2,30,8,8,117.2895346,29.28262193,218.1729909,364.7451474
revenue_max,synthetic_n200_p0.1,2,30,9,9,127.1230958,32.92937707,199.8489665,359.9014394
revenue_max,synthetic_n200_p0.1,2,30,10,10,135.8406837,36.37235677,186.1227061,358.3357466
revenue_max,synthetic_n200_p0.1,2,30,11,11,144.0423467,40.0431932,173.7139978,357.7995377
revenue_max,synthetic_n200_p0.1,2,30,12,12,151.6695398,43.61529795,163.137236,358.4220738
revenue_max,synthetic_n200_p0.1,2,30,13,13,158.9844754,47.42147908,153.0714205,359.4773749
revenue_max,synthetic_n200_p0.1,2,30,14,14,165.4447374,50.46067457,142.4048874,358.3102994
revenue_max,synthetic_n200_p0.1,2,30,15,15,171.5682336,53.87666867,130.9910285,356.4359307
revenue_max,synthetic_n200_p0.1,2,30,16,16,177.5065607,57.1676112,120.9358248,355.6099967
revenue_max,synthetic_n200_p0.1,2,30,17,17,182.6298672,60.5014935,113.4198559,356.5512166
revenue_max,synthetic_n200_p0.1,2,30,18,18,187.4032693,63.54261975,106.4545362,357.4004252
revenue_max,synthetic_n200_p0.1,2,30,19,19,191.994313,67.19423302,101.0678067,360.2563527
revenue_max,synthetic_n200_p0.1,2,30,20,20,196.1876098,70.52331219,96.38993228,363.1008543
revenue_max,synthetic_n200_p0.1,2,30,21,21,200.0331498,73.92458412,92.01657809,365.9743121
revenue_max,synthetic_n200_p0.1,2,30,22,22,203.8088166,77.24710824,87.38019876,368.4361236
revenue_max,synthetic_n200_p0.1,2,30,23,23,207.3952869,80.66400072,83.98767502,372.0469626
revenue_max,synthetic_n200_p0.1,2,30,24,24,210.8475487,84.23506926,79.81318322,374.8958012
revenue_max,synthetic_n200_p0.1,2,30,25,25,214.2288277,87.72838498,75.67674769,377.6339603
revenue_max,synthetic_n200_p0.1,2,30,26,26,217.5229397,91.12814561,72.3282551,380.9793404
revenue_max,synthetic_n200_p0.1,2,30,27,27,220.4924783,94.13562123,68.52060706,383.1487066
revenue_max,synthetic_n200_p0.1,2,30,28,28,223.3820873,97.35395476,65.35200531,386.0880474
revenue_max,synthetic_n200_p0.1,2,30,29,29,226.1167658,101.0410645,62.83494086,389.9927712
revenue_max,synthetic_n200_p0.1,2,30,30,30,228.7666052,103.9503003,59.70425694,392.4211624
revenue_max,synthetic_n200_p0.1,2,35,0,0,0,0,489.6190955,489.6190955
revenue_max,synthetic_n200_p0.1,2,35,1,1,21.1280371,4.041917429,445.5490371,470.7189916
revenue_max,synthetic_n200_p0.1,2,35,2,2,38.41444137,7.58871033,408.9829316,454.9860833
revenue_max,synthetic_n200_p0.1,2,35,3,3,54.25489438,11.28179895,378.0350651,443.5717585
revenue_max,synthetic_n200_p0.1,2,35,4,4,69.26198051,14.90698979,344.1061788,428.2751491
revenue_max,synthetic_n200_p0.1,2,35,5,5,82.86873507,18.52261245,317.9098721,419.3012196
revenue_max,synthetic_n200_p0.1,2,35,6,6,95.02265234,22.32354679,292.7398148,410.086014
revenue_max,synthetic_n200_p0.1,2,35,7,7,106.5623891,25.69802539,267.1996157,399.4600302
revenue_max,synthetic_n200_p0.1,2,35,8,8,117.2895346,29.28262193,246.3834425,392.955599
revenue_max,synthetic_n200_p0.1,2,35,9,9,127.1230958,32.92937707,226.6910037,386.7434765
revenue_max,synthetic_n200_p0.1,2,35,10,10,135.8406837,36.37235677,210.5957399,382.8087804
revenue_max,synthetic_n200_p0.1,2,35,11,11,144.0423467,40.0431932,196.5516123,380.6371522
revenue_max,synthetic_n200_p0.1,2,35,12,12,151.6695398,43.61529795,184.573319,379.8581568
revenue_max,synthetic_n200_p0.1,2,35,13,13,158.9844754,47.42147908,173.0003297,379.4062841
revenue_max,synthetic_n200_p0.1,2,35,14,14,165.4447374,50.46067457,161.2646525,377.1700645
revenue_max,synthetic_n200_p0.1,2,35,15,15,171.5682336,53.87666867,148.387476,373.8323782
revenue_max,synthetic_n200_p0.1,2,35,16,16,177.5065607,57.1676112,137.2128181,371.88699
revenue_max,synthetic_n200_p0.1,2,35,17,17,182.6298672,60.5014935,128.6478762,371.7792369
revenue_max,synthetic_n200_p0.1,2,35,18,18,187.4032693,63.54261975,120.8873738,371.8332629
revenue_max,synthetic_n200_p0.1,2,35,19,19,191.994313,67.19423302,114.7029151,373.8914611
revenue_max,synthetic_n200_p0.1,2,35,20,20,196.1876098,70.52331219,109.5822591,376.2931811
revenue_max,synthetic_n200_p0.1,2,35,21,21,200.0331498,73.92458412,104.5770928,378.5348268
revenue_max,synthetic_n200_p0.1,2,35,22,22,203.8088166,77.24710824,99.42900089,380.4849258
revenue_max,synthetic_n200_p0.1,2,35,23,23,207.3952869,80.66400072,95.29666095,383.3559486
revenue_max,synthetic_n200_p0.1,2,35,24,24,210.8475487,84.23506926,90.50450796,385.5871259
revenue_max,synthetic_n200_p0.1,2,35,25,25,214.2288277,87.72838498,85.95727211,387.9144847
revenue_max,synthetic_n200_p0.1,2,35,26,26,217.5229397,91.12814561,81.68972612,390.3408114
revenue_max,synthetic_n200_p0.1,2,35,27,27,220.4924783,94.13562123,77.60096955,392.2290691
revenue_max,synthetic_n200_p0.1,2,35,28,28,223.3820873,97.35395476,73.90807813,394.6441202
revenue_max,synthetic_n200_p0.1,2,35,29,29,226.1167658,101.0410645,70.97534012,398.1331705
revenue_max,synthetic_n200_p0.1,2,35,30,30,228.7666052,103.9503003,67.27668415,399.9935896
revenue_max,synthetic_n200_p0.1,2,35,31,31,231.2882762,107.8024848,63.6243575,402.7151185
revenue_max,synthetic_n200_p0.1,2,35,32,32,233.7615884,111.0516954,60.34462161,405.1579054
revenue_max,synthetic_n200_p0.1,2,35,33,33,236.1231223,114.0265174,57.18592695,407.3355666
revenue_max,synthetic_n200_p0.1,2,35,34,34,238.412551,117.3255109,54.04554302,409.7836049
revenue_max,synthetic_n200_p0.1,2,35,35,35,240.4638754,120.2211685,50.75553234,411.4405763
revenue_max,synthetic_n200_p0.1,2,40,0,0,0,0,508.3679082,508.3679082
revenue_max,synthetic_n200_p0.1,2,40,1,1,21.1280371,4.041917429,481.4521415,506.6220961
revenue_max,synthetic_n200_p0.1,2,40,2,2,38.41444137,7.58871033,445.5405038,491.5436555
revenue_max,synthetic_n200_p0.1,2,40,3,3,54.25489438,11.28179895,414.5346491,480.0713424
revenue_max,synthetic_n200_p0.1,2,40,4,4,69.26198051,14.90698979,378.8960383,463.0650086
revenue_max,synthetic_n200_p0.1,2,40,5,5,82.86873507,18.52261245,350.527874,451.9192215
revenue_max,synthetic_n200_p0.1,2,40,6,6,95.02265234,22.32354679,323.8343255,441.1805246
revenue_max,synthetic_n200_p0.1,2,40,7,7,106.5623891,25.69802539,295.1243928,427.3848073
revenue_max,synthetic_n200_p0.1,2,40,8,8,117.2895346,29.28262193,273.1230496,419.6952061
revenue_max,synthetic_n200_p0.1,2,40,9,9,127.1230958,32.92937707,252.0262638,412.0787367
revenue_max,synthetic_n200_p0.1,2,40,10,10,135.8406837,36.37235677,233.5887092,405.8017498
revenue_max,synthetic_n200_p0.1,2,40,11,11,144.0423467,40.0431932,218.434094,402.519634
revenue_max,synthetic_n200_p0.1,2,40,12,12,151.6695398,43.61529795,204.8394236,400.1242614
revenue_max,synthetic_n200_p0.1,2,40,13,13,158.9844754,47.42147908,191.9748788,398.3808333
revenue_max,synthetic_n200_p0.1,2,40,14,14,165.4447374,50.46067457,178.7715193,394.6769313
revenue_max,synthetic_n200_p0.1,2,40,15,15,171.5682336,53.87666867,164.9748514,390.4197537
revenue_max,synthetic_n200_p0.1,2,40,16,16,177.5065607,57.1676112,152.7734881,387.44766
revenue_max,synthetic_n200_p0.1,2,40,17,17,182.6298672,60.5014935,143.208431,386.3397917
revenue_max,synthetic_n200_p0.1,2,40,18,18,187.4032693,63.54261975,134.6979652,385.6438542
revenue_max,synthetic_n200_p0.1,2,40,19,19,191.994313,67.19423302,128.0447808,387.2333268
revenue_max,synthetic_n200_p0.1,2,40,20,20,196.1876098,70.52331219,122.4038309,389.1147529
revenue_max,synthetic_n200_p0.1,2,40,21,21,200.0331498,73.92458412,116.6476934,390.6054274
revenue_max,synthetic_n200_p0.1,2,40,22,22,203.8088166,77.24710824,110.9577311,392.013656
revenue_max,synthetic_n200_p0.1,2,40,23,23,207.3952869,80.66400072,106.0795693,394.138857
revenue_max,synthetic_n200_p0.1,2,40,24,24,210.8475487,84.23506926,100.6228194,395.7054373
revenue_max,synthetic_n200_p0.1,2,40,25,25,214.2288277,87.72838498,95.58257353,397.5397862
revenue_max,synthetic_n200_p0.1,2,40,26,26,217.5229397,91.12814561,90.60747881,399.2585641
revenue_max,synthetic_n200_p0.1,2,40,27,27,220.4924783,94.13562123,86.2975968,400.9256963
revenue_max,synthetic_n200_p0.1,2,40,28,28,223.3820873,97.35395476,82.01147344,402.7475155
revenue_max,synthetic_n200_p0.1,2,40,29,29,226.1167658,101.0410645,78.70501692,405.8628473
revenue_max,synthetic_n200_p0.1,2,40,30,30,228.7666052,103.9503003,74.53987001,407.2567755
revenue_max,synthetic_n200_p0.1,2,40,31,31,231.2882762,107.8024848,70.30623777,409.3969988
revenue_max,synthetic_n200_p0.1,2,40,32,32,233.7615884,111.0516954,66.61832072,411.4316045
revenue_max,synthetic_n200_p0.1,2,40,33,33,236.1231223,114.0265174,63.074286,413.2239256
revenue_max,synthetic_n200_p0.1,2,40,34,34,238.412551,117.3255109,59.59807056,415.3361324
revenue_max,synthetic_n200_p0.1,2,40,35,35,240.4638754,120.2211685,55.96558294,416.6506269
revenue_max,synthetic_n200_p0.1,2,40,36,36,242.4508214,123.4103386,53.72822622,419.5893862
revenue_max,synthetic_n200_p0.1,2,40,37,37,244.391523,126.5612765,50.5500548,421.5028543
revenue_max,synthetic_n200_p0.1,2,40,38,38,246.2878886,130.1417727,47.46535572,423.8950171
revenue_max,synthetic_n200_p0.1,2,40,39,39,248.0532265,133.4190458,44.67193552,426.1442078
revenue_max,synthetic_n200_p0.1,2,40,40,40,249.8104177,136.630505,41.56356472,428.0044874
revenue_max,synthetic_n200_p0.1,2,45,0,0,0,0,508.3679082,508.3679082
revenue_max,synthetic_n200_p0.1,2,45,1,1,21.1280371,4.041917429,483.2373875,508.407342
revenue_max,synthetic_n200_p0.1,2,45,2,2,38.41444137,7.58871033,461.6410338,507.6441855
revenue_max,synthetic_n200_p0.1,2,45,3,3,54.25489438,11.28179895,442.3952707,507.9319641
revenue_max,synthetic_n200_p0.1,2,45,4,4,69.26198051,14.90698979,407.6539445,491.8229148
revenue_max,synthetic_n200_p0.1,2,45,5,5,82.86873507,18.52261245,379.2775561,480.6689037
revenue_max,synthetic_n200_p0.1,2,45,6,6,95.02265234,22.32354679,351.5597979,468.905997
revenue_max,synthetic_n200_p0.1,2,45,7,7,106.5623891,25.69802539,321.5848256,453.8452401
revenue_max,synthetic_n200_p0.1,2,45,8,8,117.2895346,29.28262193,298.2161749,444.7883315
revenue_max,synthetic_n200_p0.1,2,45,9,9,127.1230958,32.92937707,276.082172,436.1346448
revenue_max,synthetic_n200_p0.1,2,45,10,10,135.8406837,36.37235677,255.4513524,427.6643929
revenue_max,synthetic_n200_p0.1,2,45,11,11,144.0423467,40.0431932,239.1683583,423.2538983
revenue_max,synthetic_n200_p0.1,2,45,12,12,151.6695398,43.61529795,224.1672235,419.4520613
revenue_max,synthetic_n200_p0.1,2,45,13,13,158.9844754,47.42147908,210.2624539,416.6684084
revenue_max,synthetic_n200_p0.1,2,45,14,14,165.4447374,50.46067457,195.4431179,411.3485299
revenue_max,synthetic_n200_p0.1,2,45,15,15,171.5682336,53.87666867,180.7106039,406.1555062
revenue_max,synthetic_n200_p0.1,2,45,16,16,177.5065607,57.1676112,167.7177045,402.3918764
revenue_max,synthetic_n200_p0.1,2,45,17,17,182.6298672,60.5014935,157.1170263,400.248387
revenue_max,synthetic_n200_p0.1,2,45,18,18,187.4032693,63.54261975,148.0428945,398.9887835
revenue_max,synthetic_n200_p0.1,2,45,19,19,191.994313,67.19423302,141.0011731,400.1897191
revenue_max,synthetic_n200_p0.1,2,45,20,20,196.1876098,70.52331219,134.5467271,401.2576491
revenue_max,synthetic_n200_p0.1,2,45,21,21,200.0331498,73.92458412,128.0484998,402.0062338
revenue_max,synthetic_n200_p0.1,2,45,22,22,203.8088166,77.24710824,121.8957856,402.9517104
revenue_max,synthetic_n200_p0.1,2,45,23,23,207.3952869,80.66400072,116.6125952,404.6718828
revenue_max,synthetic_n200_p0.1,2,45,24,24,210.8475487,84.23506926,110.196573,405.2791909
revenue_max,synthetic_n200_p0.1,2,45,25,25,214.2288277,87.72838498,104.5317451,406.4889577
revenue_max,synthetic_n200_p0.1,2,45,26,26,217.5229397,91.12814561,99.17436007,407.8254454
revenue_max,synthetic_n200_p0.1,2,45,27,27,220.4924783,94.13562123,94.63963078,409.2677303
revenue_max,synthetic_n200_p0.1,2,45,28,28,223.3820873,97.35395476,89.73600359,410.4720457
revenue_max,synthetic_n200_p0.1,2,45,29,29,226.1167658,101.0410645,86.04585145,413.2036818
revenue_max,synthetic_n200_p0.1,2,45,30,30,228.7666052,103.9503003,81.38128224,414.0981877
revenue_max,synthetic_n200_p0.1,2,45,31,31,231.2882762,107.8024848,76.64313626,415.7338973
revenue_max,synthetic_n200_p0.1,2,45,32,32,233.7615884,111.0516954,72.64569033,417.4589742
revenue_max,synthetic_n200_p0.1,2,45,33,33,236.1231223,114.0265174,68.71220796,418.8618476
revenue_max,synthetic_n200_p0.1,2,45,34,34,238.412551,117.3255109,64.82509142,420.5631533
revenue_max,synthetic_n200_p0.1,2,45,35,35,240.4638754,120.2211685,60.90836087,421.5934048
revenue_max,synthetic_n200_p0.1,2,45,36,36,242.4508214,123.4103386,58.39716283,424.2583228
revenue_max,synthetic_n200_p0.1,2,45,37,37,244.391523,126.5612765,55.00904742,425.9618469
revenue_max,synthetic_n200_p0.1,2,45,38,38,246.2878886,130.1417727,51.64567745,428.0753388
revenue_max,synthetic_n200_p0.1,2,45,39,39,248.0532265,133.4190458,48.53010484,430.0023771
revenue_max,synthetic_n200_p0.1,2,45,40,40,249.8104177,136.630505,44.93360477,431.3745275
revenue_max,synthetic_n200_p0.1,2,45,41,41,251.533639,139.1116394,40.48304458,431.1283229
revenue_max,synthetic_n200_p0.1,2,45,42,42,253.142854,142.1651785,38.08613841,433.3941709
revenue_max,synthetic_n200_p0.1,2,45,43,43,254.6360817,145.4961034,33.26952692,433.4017121
revenue_max,synthetic_n200_p0.1,2,45,44,44,256.0292654,148.9641979,29.57031619,434.5637794
revenue_max,synthetic_n200_p0.1,2,45,45,45,257.3794741,152.1231109,26.2493411,435.7519261
revenue_max,synthetic_n200_p0.1,2,50,0,0,0,0,508.3679082,508.3679082
revenue_max,synthetic_n200_p0.1,2,50,1,1,21.1280371,4.041917429,483.2373875,508.407342
revenue_max,synthetic_n200_p0.1,2,50,2,2,38.41444137,7.58871033,461.6410338,507.6441855
revenue_max,synthetic_n200_p0.1,2,50,3,3,54.25489438,11.28179895,443.0124048,508.5490981
revenue_max,synthetic_n200_p0.1,2,50,4,4,69.26198051,14.90698979,418.5998308,502.7688011
revenue_max,synthetic_n200_p0.1,2,50,5,5,82.86873507,18.52261245,402.7557131,504.1470606
revenue_max,synthetic_n200_p0.1,2,50,6,6,95.02265234,22.32354679,375.959269,493.3054681
revenue_max,synthetic_n200_p0.1,2,50,7,7,106.5623891,25.69802539,345.7731169,478.0335314
revenue_max,synthetic_n200_p0.1,2,50,8,8,117.2895346,29.28262193,321.5102079,468.0823644
revenue_max,synthetic_n200_p0.1,2,50,9,9,127.1230958,32.92937707,297.8108582,457.863331
revenue_max,synthetic_n200_p0.1,2,50,10,10,135.8406837,36.37235677,276.3341502,448.5471907
revenue_max,synthetic_n200_p0.1,2,50,11,11,144.0423467,40.0431932,258.8149614,442.9005013
revenue_max,synthetic_n200_p0.1,2,50,12,12,151.6695398,43.61529795,242.4364018,437.7212396
revenue_max,synthetic_n200_p0.1,2,50,13,13,158.9844754,47.42147908,227.5748184,433.9807728
revenue_max,synthetic_n200_p0.1,2,50,14,14,165.4447374,50.46067457,211.3828084,427.2882204
revenue_max,synthetic_n200_p0.1,2,50,15,15,171.5682336,53.87666867,195.8862856,421.3311878
revenue_max,synthetic_n200_p0.1,2,50,16,16,177.5065607,57.1676112,181.9257174,416.5998893
revenue_max,synthetic_n200_p0.1,2,50,17,17,182.6298672,60.5014935,170.4810212,413.6123819
revenue_max,synthetic_n200_p0.1,2,50,18,18,187.4032693,63.54261975,160.8859433,411.8318323
revenue_max,synthetic_n200_p0.1,2,50,19,19,191.994313,67.19423302,153.1688815,412.3574275
revenue_max,synthetic_n200_p0.1,2,50,20,20,196.1876098,70.52331219,145.9401571,412.6510791
revenue_max,synthetic_n200_p0.1,2,50,21,21,200.0331498,73.92458412,138.9064863,412.8642202
revenue_max,synthetic_n200_p0.1,2,50,22,22,203.8088166,77.24710824,132.5489209,413.6048458
revenue_max,synthetic_n200_p0.1,2,50,23,23,207.3952869,80.66400072,126.7010212,414.7603089
revenue_max,synthetic_n200_p0.1,2,50,24,24,210.8475487,84.23506926,119.3267944,414.4094123
revenue_max,synthetic_n200_p0.1,2,50,25,25,214.2288277,87.72838498,113.2470817,415.2042943
revenue_max,synthetic_n200_p0.1,2,50,26,26,217.5229397,91.12814561,107.4455143,416.0965996
revenue_max,synthetic_n200_p0.1,2,50,27,27,220.4924783,94.13562123,102.6401781,417.2682777
revenue_max,synthetic_n200_p0.1,2,50,28,28,223.3820873,97.35395476,97.13356102,417.8696031
revenue_max,synthetic_n200_p0.1,2,50,29,29,226.1167658,101.0410645,93.0439961,420.2018264
revenue_max,synthetic_n200_p0.1,2,50,30,30,228.7666052,103.9503003,88.00481157,420.7217171
revenue_max,synthetic_n200_p0.1,2,50,31,31,231.2882762,107.8024848,82.68066596,421.771427
revenue_max,synthetic_n200_p0.1,2,50,32,32,233.7615884,111.0516954,78.38543515,423.198719
revenue_max,synthetic_n200_p0.1,2,50,33,33,236.1231223,114.0265174,74.11995475,424.2695944
revenue_max,synthetic_n200_p0.1,2,50,34,34,238.412551,117.3255109,69.90270641,425.6407683
revenue_max,synthetic_n200_p0.1,2,50,35,35,240.4638754,120.2211685,65.66714172,426.3521856
revenue_max,synthetic_n200_p0.1,2,50,36,36,242.4508214,123.4103386,62.85341677,428.7145768
revenue_max,synthetic_n200_p0.1,2,50,37,37,244.391523,126.5612765,59.30384465,430.2566442
revenue_max,synthetic_n200_p0.1,2,50,38,38,246.2878886,130.1417727,55.4828443,431.9125057
revenue_max,synthetic_n200_p0.1,2,50,39,39,248.0532265,133.4190458,51.95536849,433.4276408
revenue_max,synthetic_n200_p0.1,2,50,40,40,249.8104177,136.630505,48.08826628,434.529189
revenue_max,synthetic_n200_p0.1,2,50,41,41,251.533639,139.1116394,43.22804688,433.8733253
revenue_max,synthetic_n200_p0.1,2,50,42,42,253.142854,142.1651785,40.551878,435.8599105
revenue_max,synthetic_n200_p0.1,2,50,43,43,254.6360817,145.4961034,35.18764231,435.3198275
revenue_max,synthetic_n200_p0.1,2,50,44,44,256.0292654,148.9641979,31.23373142,436.2271947
revenue_max,synthetic_n200_p0.1,2,50,45,45,257.3794741,152.1231109,27.65330736,437.1558924
revenue_max,synthetic_n200_p0.1,2,50,46,46,258.7215414,154.844857,25.73318678,439.2995851
revenue_max,synthetic_n200_p0.1,2,50,47,47,260.0370478,157.9242462,22.86874535,440.8300394
revenue_max,synthetic_n200_p0.1,2,50,48,48,261.1622666,160.8542194,20.39218237,442.4086684
revenue_max,synthetic_n200_p0.1,2,50,49,49,262.265431,164.5227798,17.06107803,443.8492889
revenue_max,synthetic_n200_p0.1,2,50,50,50,263.1844573,167.6006596,14.97488127,445.7599982
revenue_max,synthetic_n200_p0.1,2,55,0,0,0,0,508.3679082,508.3679082
revenue_max,synthetic_n200_p0.1,2,55,1,1,21.1280371,4.041917429,483.2373875,508.407342
revenue_max,synthetic_n200_p0.1,2,55,2,2,38.41444137,7.58871033,461.6410338,507.6441855
revenue_max,synthetic_n200_p0.1,2,55,3,3,54.25489438,11.28179895,443.0124048,508.5490981
revenue_max,synthetic_n200_p0.1,2,55,4,4,69.26198051,14.90698979,418.5998308,502.7688011
revenue_max,synthetic_n200_p0.1,2,55,5,5,82.86873507,18.52261245,407.1364793,508.5278268
revenue_max,synthetic_n200_p0.1,2,55,6,6,95.02265234,22.32354679,390.0508448,507.397044
revenue_max,synthetic_n200_p0.1,2,55,7,7,106.5623891,25.69802539,364.8122428,497.0726573
revenue_max,synthetic_n200_p0.1,2,55,8,8,117.2895346,29.28262193,342.5259057,489.0980622
revenue_max,synthetic_n200_p0.1,2,55,9,9,127.1230958,32.92937707,318.4681468,478.5206197
revenue_max,synthetic_n200_p0.1,2,55,10,10,135.8406837,36.37235677,296.0752453,468.2882858
revenue_max,synthetic_n200_p0.1,2,55,11,11,144.0423467,40.0431932,277.3044097,461.3899496
revenue_max,synthetic_n200_p0.1,2,55,12,12,151.6695398,43.61529795,259.7829587,455.0677965
revenue_max,synthetic_n200_p0.1,2,55,13,13,158.9844754,47.42147908,244.2643594,450.6703139
revenue_max,synthetic_n200_p0.1,2,55,14,14,165.4447374,50.46067457,226.7299508,442.6353627
revenue_max,synthetic_n200_p0.1,2,55,15,15,171.5682336,53.87666867,210.4487213,435.8936235
revenue_max,synthetic_n200_p0.1,2,55,16,16,177.5065607,57.1676112,195.4181679,430.0923398
revenue_max,synthetic_n200_p0.1,2,55,17,17,182.6298672,60.5014935,183.3278631,426.4592238
revenue_max,synthetic_n200_p0.1,2,55,18,18,187.4032693,63.54261975,172.8710051,423.8168941
revenue_max,synthetic_n200_p0.1,2,55,19,19,191.994313,67.19423302,164.5655859,423.7541319
revenue_max,synthetic_n200_p0.1,2,55,20,20,196.1876098,70.52331219,156.8299919,423.5409139
revenue_max,synthetic_n200_p0.1,2,55,21,21,200.0331498,73.92458412,149.4736315,423.4313654
revenue_max,synthetic_n200_p0.1,2,55,22,22,203.8088166,77.24710824,142.7822136,423.8381384
revenue_max,synthetic_n200_p0.1,2,55,23,23,207.3952869,80.66400072,136.1405792,424.1998668
revenue_max,synthetic_n200_p0.1,2,55,24,24,210.8475487,84.23506926,127.9063605,422.9889785
revenue_max,synthetic_n200_p0.1,2,55,25,25,214.2288277,87.72838498,121.649231,423.6064436
revenue_max,synthetic_n200_p0.1,2,55,26,26,217.5229397,91.12814561,115.3362341,423.9873194
revenue_max,synthetic_n200_p0.1,2,55,27,27,220.4924783,94.13562123,110.1776551,424.8057546
revenue_max,synthetic_n200_p0.1,2,55,28,28,223.3820873,97.35395476,104.1927273,424.9287694
revenue_max,synthetic_n200_p0.1,2,55,29,29,226.1167658,101.0410645,99.70593213,426.8637625
revenue_max,synthetic_n200_p0.1,2,55,30,30,228.7666052,103.9503003,94.39196466,427.1088701
revenue_max,synthetic_n200_p0.1,2,55,31,31,231.2882762,107.8024848,88.54715712,427.6379181
revenue_max,synthetic_n200_p0.1,2,55,32,32,233.7615884,111.0516954,83.97123269,428.7845165
revenue_max,synthetic_n200_p0.1,2,55,33,33,236.1231223,114.0265174,79.38040222,429.5300418
revenue_max,synthetic_n200_p0.1,2,55,34,34,238.412551,117.3255109,74.78089714,430.518959
revenue_max,synthetic_n200_p0.1,2,55,35,35,240.4638754,120.2211685,70.29110434,430.9761483
revenue_max,synthetic_n200_p0.1,2,55,36,36,242.4508214,123.4103386,67.16062097,433.021781
revenue_max,synthetic_n200_p0.1,2,55,37,37,244.391523,126.5612765,63.13491939,434.0877189
revenue_max,synthetic_n200_p0.1,2,55,38,38,246.2878886,130.1417727,59.0514832,435.4811446
revenue_max,synthetic_n200_p0.1,2,55,39,39,248.0532265,133.4190458,55.14883424,436.6211065
revenue_max,synthetic_n200_p0.1,2,55,40,40,249.8104177,136.630505,50.96718586,437.4081086
revenue_max,synthetic_n200_p0.1,2,55,41,41,251.533639,139.1116394,45.76545264,436.410731
revenue_max,synthetic_n200_p0.1,2,55,42,42,253.142854,142.1651785,42.78844625,438.0964788
revenue_max,synthetic_n200_p0.1,2,55,43,43,254.6360817,145.4961034,36.97317494,437.1053601
revenue_max,synthetic_n200_p0.1,2,55,44,44,256.0292654,148.9641979,32.76089059,437.7543538
revenue_max,synthetic_n200_p0.1,2,55,45,45,257.3794741,152.1231109,28.95566109,438.4582461
revenue_max,synthetic_n200_p0.1,2,55,46,46,258.7215414,154.844857,26.73878843,440.3051868
revenue_max,synthetic_n200_p0.1,2,55,47,47,260.0370478,157.9242462,23.59348021,441.5547742
revenue_max,synthetic_n200_p0.1,2,55,48,48,261.1622666,160.8542194,20.93872872,442.9552147
revenue_max,synthetic_n200_p0.1,2,55,49,49,262.265431,164.5227798,17.27154179,444.0597526
revenue_max,synthetic_n200_p0.1,2,55,50,50,263.1844573,167.6006596,14.97488127,445.7599982
revenue_max,synthetic_n200_p0.1,2,55,51,51,264.090746,170.5120638,12.40036022,447.00317
revenue_max,synthetic_n200_p0.1,2,55,52,52,264.9464792,173.5239347,9.035262969,447.5056769
revenue_max,synthetic_n200_p0.1,2,55,53,53,265.6724,176.4247471,7.609479342,449.7066265
revenue_max,synthetic_n200_p0.1,2,55,54,54,266.3671032,179.662795,5.658723557,451.6886217
revenue_max,synthetic_n200_p0.1,2,55,55,55,266.9903884,182.8731299,4.233071382,454.0965897
revenue_max,synthetic_n200_p0.1,2,60,0,0,0,0,508.3679082,508.3679082
revenue_max,synthetic_n200_p0.1,2,60,1,1,21.1280371,4.041917429,483.2373875,508.407342
revenue_max,synthetic_n200_p0.1,2,60,2,2,38.41444137,7.58871033,461.6410338,507.6441855
revenue_max,synthetic_n200_p0.1,2,60,3,3,54.25489438,11.28179895,443.0124048,508.5490981
revenue_max,synthetic_n200_p0.1,2,60,4,4,69.26198051,14.90698979,418.5998308,502.7688011
revenue_max,synthetic_n200_p0.1,2,60,5,5,82.86873507,18.52261245,407.1364793,508.5278268
revenue_max,synthetic_n200_p0.1,2,60,6,6,95.02265234,22.32354679,390.0508448,507.397044
revenue_max,synthetic_n200_p0.1,2,60,7,7,106.5623891,25.69802539,368.3069786,500.5673931
revenue_max,synthetic_n200_p0.1,2,60,8,8,117.2895346,29.28262193,357.2312037,503.8033602
revenue_max,synthetic_n200_p0.1,2,60,9,9,127.1230958,32.92937707,336.9579155,497.0103883
revenue_max,synthetic_n200_p0.1,2,60,10,10,135.8406837,36.37235677,313.4540974,485.6671379
revenue_max,synthetic_n200_p0.1,2,60,11,11,144.0423467,40.0431932,293.6159728,477.7015127
revenue_max,synthetic_n200_p0.1,2,60,12,12,151.6695398,43.61529795,275.5223957,470.8072335
revenue_max,synthetic_n200_p0.1,2,60,13,13,158.9844754,47.42147908,260.0706744,466.4766288
revenue_max,synthetic_n200_p0.1,2,60,14,14,165.4447374,50.46067457,240.5756827,456.4810947
revenue_max,synthetic_n200_p0.1,2,60,15,15,171.5682336,53.87666867,224.0372364,449.4821386
revenue_max,synthetic_n200_p0.1,2,60,16,16,177.5065607,57.1676112,208.0157867,442.6899586
revenue_max,synthetic_n200_p0.1,2,60,17,17,182.6298672,60.5014935,195.3030973,438.434458
revenue_max,synthetic_n200_p0.1,2,60,18,18,187.4032693,63.54261975,184.2232059,435.169095
revenue_max,synthetic_n200_p0.1,2,60,19,19,191.994313,67.19423302,175.2842448,434.4727908
revenue_max,synthetic_n200_p0.1,2,60,20,20,196.1876098,70.52331219,167.3773983,434.0883203
revenue_max,synthetic_n200_p0.1,2,60,21,21,200.0331498,73.92458412,159.6167022,433.5744362
revenue_max,synthetic_n200_p0.1,2,60,22,22,203.8088166,77.24710824,152.243639,433.2995639
revenue_max,synthetic_n200_p0.1,2,60,23,23,207.3952869,80.66400072,144.9657267,433.0250143
revenue_max,synthetic_n200_p0.1,2,60,24,24,210.8475487,84.23506926,135.892508,430.975126
revenue_max,synthetic_n200_p0.1,2,60,25,25,214.2288277,87.72838498,129.4931457,431.4503584
revenue_max,synthetic_n200_p0.1,2,60,26,26,217.5229397,91.12814561,122.7463606,431.3974459
revenue_max,synthetic_n200_p0.1,2,60,27,27,220.4924783,94.13562123,117.429478,432.0575776
revenue_max,synthetic_n200_p0.1,2,60,28,28,223.3820873,97.35395476,110.803225,431.5392671
revenue_max,synthetic_n200_p0.1,2,60,29,29,226.1167658,101.0410645,106.0513362,433.2091665
revenue_max,synthetic_n200_p0.1,2,60,30,30,228.7666052,103.9503003,100.5059453,433.2228508
revenue_max,synthetic_n200_p0.1,2,60,31,31,231.2882762,107.8024848,94.26554081,433.3563018
revenue_max,synthetic_n200_p0.1,2,60,32,32,233.7615884,111.0516954,89.35538353,434.1686674
revenue_max,synthetic_n200_p0.1,2,60,33,33,236.1231223,114.0265174,84.327328,434.4769676
revenue_max,synthetic_n200_p0.1,2,60,34,34,238.412551,117.3255109,79.47948439,435.2175462
revenue_max,synthetic_n200_p0.1,2,60,35,35,240.4638754,120.2211685,74.68234414,435.3673881
revenue_max,synthetic_n200_p0.1,2,60,36,36,242.4508214,123.4103386,71.04863748,436.9097975
revenue_max,synthetic_n200_p0.1,2,60,37,37,244.391523,126.5612765,66.77318821,437.7259877
revenue_max,synthetic_n200_p0.1,2,60,38,38,246.2878886,130.1417727,62.34405817,438.7737195
revenue_max,synthetic_n200_p0.1,2,60,39,39,248.0532265,133.4190458,58.10261927,439.5748915
revenue_max,synthetic_n200_p0.1,2,60,40,40,249.8104177,136.630505,53.67352465,440.1144474
revenue_max,synthetic_n200_p0.1,2,60,41,41,251.533639,139.1116394,48.09314778,438.7384262
revenue_max,synthetic_n200_p0.1,2,60,42,42,253.142854,142.1651785,44.77468862,440.0827211
revenue_max,synthetic_n200_p0.1,2,60,43,43,254.6360817,145.4961034,38.63913598,438.7713212
revenue_max,synthetic_n200_p0.1,2,60,44,44,256.0292654,148.9641979,34.15099445,439.1444577
revenue_max,synthetic_n200_p0.1,2,60,45,45,257.3794741,152.1231109,30.06168187,439.5642669
revenue_max,synthetic_n200_p0.1,2,60,46,46,258.7215414,154.844857,27.55719169,441.1235901
revenue_max,synthetic_n200_p0.1,2,60,47,47,260.0370478,157.9242462,24.05034815,442.0116422
revenue_max,synthetic_n200_p0.1,2,60,48,48,261.1622666,160.8542194,21.17685439,443.1933404
revenue_max,synthetic_n200_p0.1,2,60,49,49,262.265431,164.5227798,17.28125563,444.0694665
revenue_max,synthetic_n200_p0.1,2,60,50,50,263.1844573,167.6006596,14.97488127,445.7599982
revenue_max,synthetic_n200_p0.1,2,60,51,51,264.090746,170.5120638,12.40036022,447.00317
revenue_max,synthetic_n200_p0.1,2,60,52,52,264.9464792,173.5239347,9.035262969,447.5056769
revenue_max,synthetic_n200_p0.1,2,60,53,53,265.6724,176.4247471,7.609479342,449.7066265
revenue_max,synthetic_n200_p0.1,2,60,54,54,266.3671032,179.662795,5.658723557,451.6886217
revenue_max,synthetic_n200_p0.1,2,60,55,55,266.9903884,182.8731299,4.233071382,454.0965897
revenue_max,synthetic_n200_p0.1,2,60,56,56,267.5343284,185.8299225,3.131248668,456.4954996
revenue_max,synthetic_n200_p0.1,2,60,57,57,268.0716839,188.7877772,2.567001561,459.4264627
revenue_max,synthetic_n200_p0.1,2,60,58,58,268.5684862,191.8721729,1.893734884,462.3343939
revenue_max,synthetic_n200_p0.1,2,60,59,59,269.0075917,195.1906492,1.316338357,465.5145792
revenue_max,synthetic_n200_p0.1,2,60,60,60,269.3608772,198.5683762,0.9532518783,468.8825052
revenue_max,synthetic_n200_p0.1,2,65,0,0,0,0,508.3679082,508.3679082
revenue_max,synthetic_n200_p0.1,2,65,1,1,21.1280371,4.041917429,483.2373875,508.407342
revenue_max,synthetic_n200_p0.1,2,65,2,2,38.41444137,7.58871033,461.6410338,507.6441855
revenue_max,synthetic_n200_p0.1,2,65,3,3,54.25489438,11.28179895,443.0124048,508.5490981
revenue_max,synthetic_n200_p0.1,2,65,4,4,69.26198051,14.90698979,418.5998308,502.7688011
revenue_max,synthetic_n200_p0.1,2,65,5,5,82.86873507,18.52261245,407.1364793,508.5278268
revenue_max,synthetic_n200_p0.1,2,65,6,6,95.02265234,22.32354679,390.0508448,507.397044
revenue_max,synthetic_n200_p0.1,2,65,7,7,106.5623891,25.69802539,368.3069786,500.5673931
revenue_max,synthetic_n200_p0.1,2,65,8,8,117.2895346,29.28262193,358.2640624,504.8362189
revenue_max,synthetic_n200_p0.1,2,65,9,9,127.1230958,32.92937707,350.9010647,510.9535375
revenue_max,synthetic_n200_p0.1,2,65,10,10,135.8406837,36.37235677,327.3902892,499.6033297
revenue_max,synthetic_n200_p0.1,2,65,11,11,144.0423467,40.0431932,307.2147846,491.3003245
revenue_max,synthetic_n200_p0.1,2,65,12,12,151.6695398,43.61529795,289.1533304,484.4381682
revenue_max,synthetic_n200_p0.1,2,65,13,13,158.9844754,47.42147908,273.9080207,480.3139751
revenue_max,synthetic_n200_p0.1,2,65,14,14,165.4447374,50.46067457,253.3782456,469.2836575
revenue_max,synthetic_n200_p0.1,2,65,15,15,171.5682336,53.87666867,236.4772825,461.9221847
revenue_max,synthetic_n200_p0.1,2,65,16,16,177.5065607,57.1676112,219.4845059,454.1586778
revenue_max,synthetic_n200_p0.1,2,65,17,17,182.6298672,60.5014935,206.567859,449.6992197
revenue_max,synthetic_n200_p0.1,2,65,18,18,187.4032693,63.54261975,194.9103995,445.8562885
revenue_max,synthetic_n200_p0.1,2,65,19,19,191.994313,67.19423302,185.4143017,444.6028476
revenue_max,synthetic_n200_p0.1,2,65,20,20,196.1876098,70.52331219,177.3350892,444.0460112
revenue_max,synthetic_n200_p0.1,2,65,21,21,200.0331498,73.92458412,169.2299684,443.1877024
revenue_max,synthetic_n200_p0.1,2,65,22,22,203.8088166,77.24710824,161.1665172,442.2224421
revenue_max,synthetic_n200_p0.1,2,65,23,23,207.3952869,80.66400072,153.1445056,441.2037932
revenue_max,synthetic_n200_p0.1,2,65,24,24,210.8475487,84.23506926,143.2820739,438.3646918
revenue_max,synthetic_n200_p0.1,2,65,25,25,214.2288277,87.72838498,136.9094655,438.8666781
revenue_max,synthetic_n200_p0.1,2,65,26,26,217.5229397,91.12814561,129.7350893,438.3861746
revenue_max,synthetic_n200_p0.1,2,65,27,27,220.4924783,94.13562123,124.2319355,438.860035
revenue_max,synthetic_n200_p0.1,2,65,28,28,223.3820873,97.35395476,116.9769323,437.7129743
revenue_max,synthetic_n200_p0.1,2,65,29,29,226.1167658,101.0410645,112.0719228,439.2297532
revenue_max,synthetic_n200_p0.1,2,65,30,30,228.7666052,103.9503003,106.4233794,439.1402849
revenue_max,synthetic_n200_p0.1,2,65,31,31,231.2882762,107.8024848,99.7977034,438.8884644
revenue_max,synthetic_n200_p0.1,2,65,32,32,233.7615884,111.0516954,94.52494516,439.338229
revenue_max,synthetic_n200_p0.1,2,65,33,33,236.1231223,114.0265174,88.99298605,439.1426257
revenue_max,synthetic_n200_p0.1,2,65,34,34,238.412551,117.3255109,83.83402159,439.5720834
revenue_max,synthetic_n200_p0.1,2,65,35,35,240.4638754,120.2211685,78.68814302,439.3731869
revenue_max,synthetic_n200_p0.1,2,65,36,36,242.4508214,123.4103386,74.63783759,440.4989976
revenue_max,synthetic_n200_p0.1,2,65,37,37,244.391523,126.5612765,70.07526846,441.028068
revenue_max,synthetic_n200_p0.1,2,65,38,38,246.2878886,130.1417727,65.41838518,441.8480466
revenue_max,synthetic_n200_p0.1,2,65,39,39,248.0532265,133.4190458,60.85552196,442.3277942
revenue_max,synthetic_n200_p0.1,2,65,40,40,249.8104177,136.630505,56.18621858,442.6271413
revenue_max,synthetic_n200_p0.1,2,65,41,41,251.533639,139.1116394,50.14608229,440.7913607
revenue_max,synthetic_n200_p0.1,2,65,42,42,253.142854,142.1651785,46.62092223,441.9289548
revenue_max,synthetic_n200_p0.1,2,65,43,43,254.6360817,145.4961034,40.21727584,440.349461
revenue_max,synthetic_n200_p0.1,2,65,44,44,256.0292654,148.9641979,35.32027011,440.3137334
revenue_max,synthetic_n200_p0.1,2,65,45,45,257.3794741,152.1231109,30.93262815,440.4352131
revenue_max,synthetic_n200_p0.1,2,65,46,46,258.7215414,154.844857,28.12932219,441.6957206
revenue_max,synthetic_n200_p0.1,2,65,47,47,260.0370478,157.9242462,24.27697824,442.2382723
revenue_max,synthetic_n200_p0.1,2,65,48,48,261.1622666,160.8542194,21.2317267,443.2482127
revenue_max,synthetic_n200_p0.1,2,65,49,49,262.265431,164.5227798,17.28125563,444.0694665
revenue_max,synthetic_n200_p0.1,2,65,50,50,263.1844573,167.6006596,14.97488127,445.7599982
revenue_max,synthetic_n200_p0.1,2,65,51,51,264.090746,170.5120638,12.40036022,447.00317
revenue_max,synthetic_n200_p0.1,2,65,52,52,264.9464792,173.5239347,9.035262969,447.5056769
revenue_max,synthetic_n200_p0.1,2,65,53,53,265.6724,176.4247471,7.609479342,449.7066265
revenue_max,synthetic_n200_p0.1,2,65,54,54,266.3671032,179.662795,5.658723557,451.6886217
revenue_max,synthetic_n200_p0.1,2,65,55,55,266.9903884,182.8731299,4.233071382,454.0965897
revenue_max,synthetic_n200_p0.1,2,65,56,56,267.5343284,185.8299225,3.131248668,456.4954996
revenue_max,synthetic_n200_p0.1,2,65,57,57,268.0716839,188.7877772,2.567001561,459.4264627
revenue_max,synthetic_n200_p0.1,2,65,58,58,268.5684862,191.8721729,1.893734884,462.3343939
revenue_max,synthetic_n200_p0.1,2,65,59,59,269.0075917,195.1906492,1.316338357,465.5145792
revenue_max,synthetic_n200_p0.1,2,65,60,60,269.3608772,198.5683762,0.9532518783,468.8825052
revenue_max,synthetic_n200_p0.1,2,65,61,61,269.6538576,201.6605835,0.6454347786,471.9598758
revenue_max,synthetic_n200_p0.1,2,65,62,62,269.8816396,205.0551887,0.3905949928,475.3274233
revenue_max,synthetic_n200_p0.1,2,65,63,63,270.0506471,208.1101335,0.2215874916,478.3823681
revenue_max,synthetic_n200_p0.1,2,65,64,64,270.1994698,211.2432583,0.07276478908,481.515493
revenue_max,synthetic_n200_p0.1,2,65,65,65,270.2722346,214.5684628,0,484.8406974
revenue_max,synthetic_n200_p0.1,2,70,0,0,0,0,508.3679082,508.3679082
revenue_max,synthetic_n200_p0.1,2,70,1,1,21.1280371,4.041917429,483.2373875,508.407342
revenue_max,synthetic_n200_p0.1,2,70,2,2,38.41444137,7.58871033,461.6410338,507.6441855
revenue_max,synthetic_n200_p0.1,2,70,3,3,54.25489438,11.28179895,443.0124048,508.5490981
revenue_max,synthetic_n200_p0.1,2,70,4,4,69.26198051,14.90698979,418.5998308,502.7688011
revenue_max,synthetic_n200_p0.1,2,70,5,5,82.86873507,18.52261245,407.1364793,508.5278268
revenue_max,synthetic_n200_p0.1,2,70,6,6,95.02265234,22.32354679,390.0508448,507.397044
revenue_max,synthetic_n200_p0.1,2,70,7,7,106.5623891,25.69802539,368.3069786,500.5673931
revenue_max,synthetic_n200_p0.1,2,70,8,8,117.2895346,29.28262193,358.2640624,504.8362189
revenue_max,synthetic_n200_p0.1,2,70,9,9,127.1230958,32.92937707,353.883656,513.9361288
revenue_max,synthetic_n200_p0.1,2,70,10,10,135.8406837,36.37235677,336.2679684,508.4810089
revenue_max,synthetic_n200_p0.1,2,70,11,11,144.0423467,40.0431932,318.1551541,502.240694
revenue_max,synthetic_n200_p0.1,2,70,12,12,151.6695398,43.61529795,301.1259548,496.4107926
revenue_max,synthetic_n200_p0.1,2,70,13,13,158.9844754,47.42147908,285.668732,492.0746864
revenue_max,synthetic_n200_p0.1,2,70,14,14,165.4447374,50.46067457,264.6921919,480.5976039
revenue_max,synthetic_n200_p0.1,2,70,15,15,171.5682336,53.87666867,247.697252,473.1421542
revenue_max,synthetic_n200_p0.1,2,70,16,16,177.5065607,57.1676112,230.2881049,464.9622768
revenue_max,synthetic_n200_p0.1,2,70,17,17,182.6298672,60.5014935,217.2192595,460.3506202
revenue_max,synthetic_n200_p0.1,2,70,18,18,187.4032693,63.54261975,205.0688255,456.0147145
revenue_max,synthetic_n200_p0.1,2,70,19,19,191.994313,67.19423302,195.1884692,454.3770152
revenue_max,synthetic_n200_p0.1,2,70,20,20,196.1876098,70.52331219,186.7513124,453.4622344
revenue_max,synthetic_n200_p0.1,2,70,21,21,200.0331498,73.92458412,178.1559182,452.1136522
revenue_max,synthetic_n200_p0.1,2,70,22,22,203.8088166,77.24710824,169.347029,450.4029539
revenue_max,synthetic_n200_p0.1,2,70,23,23,207.3952869,80.66400072,160.6940727,448.7533604
revenue_max,synthetic_n200_p0.1,2,70,24,24,210.8475487,84.23506926,150.3486674,445.4312854
revenue_max,synthetic_n200_p0.1,2,70,25,25,214.2288277,87.72838498,143.8936014,445.8508141
revenue_max,synthetic_n200_p0.1,2,70,26,26,217.5229397,91.12814561,136.4437337,445.094819
revenue_max,synthetic_n200_p0.1,2,70,27,27,220.4924783,94.13562123,130.6010603,445.2291599
revenue_max,synthetic_n200_p0.1,2,70,28,28,223.3820873,97.35395476,122.9752261,443.7112681
revenue_max,synthetic_n200_p0.1,2,70,29,29,226.1167658,101.0410645,117.8391905,444.9970209
revenue_max,synthetic_n200_p0.1,2,70,30,30,228.7666052,103.9503003,112.0806539,444.7975594
revenue_max,synthetic_n200_p0.1,2,70,31,31,231.2882762,107.8024848,105.1375691,444.2283301
revenue_max,synthetic_n200_p0.1,2,70,32,32,233.7615884,111.0516954,99.26436532,444.0776491
revenue_max,synthetic_n200_p0.1,2,70,33,33,236.1231223,114.0265174,93.35725047,443.5068901
revenue_max,synthetic_n200_p0.1,2,70,34,34,238.412551,117.3255109,87.75463477,443.4926966
revenue_max,synthetic_n200_p0.1,2,70,35,35,240.4638754,120.2211685,82.38241375,443.0674577
revenue_max,synthetic_n200_p0.1,2,70,36,36,242.4508214,123.4103386,78.03960637,443.9007664
revenue_max,synthetic_n200_p0.1,2,70,37,37,244.391523,126.5612765,73.12264587,444.0754454
revenue_max,synthetic_n200_p0.1,2,70,38,38,246.2878886,130.1417727,68.3003547,444.7300161
revenue_max,synthetic_n200_p0.1,2,70,39,39,248.0532265,133.4190458,63.30094714,444.7732194
revenue_max,synthetic_n200_p0.1,2,70,40,40,249.8104177,136.630505,58.42747099,444.8683937
revenue_max,synthetic_n200_p0.1,2,70,41,41,251.533639,139.1116394,52.06661388,442.7118922
revenue_max,synthetic_n200_p0.1,2,70,42,42,253.142854,142.1651785,48.26654639,443.5745789
revenue_max,synthetic_n200_p0.1,2,70,43,43,254.6360817,145.4961034,41.63011543,441.7623006
revenue_max,synthetic_n200_p0.1,2,70,44,44,256.0292654,148.9641979,36.19814449,441.1916077
revenue_max,synthetic_n200_p0.1,2,70,45,45,257.3794741,152.1231109,31.59805522,441.1006402
revenue_max,synthetic_n200_p0.1,2,70,46,46,258.7215414,154.844857,28.41772839,441.9841268
revenue_max,synthetic_n200_p0.1,2,70,47,47,260.0370478,157.9242462,24.33819998,442.299494
revenue_max,synthetic_n200_p0.1,2,70,48,48,261.1622666,160.8542194,21.2317267,443.2482127
revenue_max,synthetic_n200_p0.1,2,70,49,49,262.265431,164.5227798,17.28125563,444.0694665
revenue_max,synthetic_n200_p0.1,2,70,50,50,263.1844573,167.6006596,14.97488127,445.7599982
revenue_max,synthetic_n200_p0.1,2,70,51,51,264.090746,170.5120638,12.40036022,447.00317
revenue_max,synthetic_n200_p0.1,2,70,52,52,264.9464792,173.5239347,9.035262969,447.5056769
revenue_max,synthetic_n200_p0.1,2,70,53,53,265.6724,176.4247471,7.609479342,449.7066265
revenue_max,synthetic_n200_p0.1,2,70,54,54,266.3671032,179.662795,5.658723557,451.6886217
revenue_max,synthetic_n200_p0.1,2,70,55,55,266.9903884,182.8731299,4.233071382,454.0965897
revenue_max,synthetic_n200_p0.1,2,70,56,56,267.5343284,185.8299225,3.131248668,456.4954996
revenue_max,synthetic_n200_p0.1,2,70,57,57,268.0716839,188.7877772,2.567001561,459.4264627
revenue_max,synthetic_n200_p0.1,2,70,58,58,268.5684862,191.8721729,1.893734884,462.3343939
revenue_max,synthetic_n200_p0.1,2,70,59,59,269.0075917,195.1906492,1.316338357,465.5145792
revenue_max,synthetic_n200_p0.1,2,70,60,60,269.3608772,198.5683762,0.9532518783,468.8825052
revenue_max,synthetic_n200_p0.1,2,70,61,61,269.6538576,201.6605835,0.6454347786,471.9598758
revenue_max,synthetic_n200_p0.1,2,70,62,62,269.8816396,205.0551887,0.3905949928,475.3274233
revenue_max,synthetic_n200_p0.1,2,70,63,63,270.0506471,208.1101335,0.2215874916,478.3823681
revenue_max,synthetic_n200_p0.1,2,70,64,64,270.1994698,211.2432583,0.07276478908,481.515493
revenue_max,synthetic_n200_p0.1,2,70,65,65,270.2722346,214.5684628,0,484.8406974
revenue_max,synthetic_n200_p0.1,2,75,0,0,0,0,508.3679082,508.3679082
revenue_max,synthetic_n200_p0.1,2,75,1,1,21.1280371,4.041917429,483.2373875,508.407342
revenue_max,synthetic_n200_p0.1,2,75,2,2,38.41444137,7.58871033,461.6410338,507.6441855
revenue_max,synthetic_n200_p0.1,2,75,3,3,54.25489438,11.28179895,443.0124048,508.5490981
revenue_max,synthetic_n200_p0.1,2,75,4,4,69.26198051,14.90698979,418.5998308,502.7688011
revenue_max,synthetic_n200_p0.1,2,75,5,5,82.86873507,18.52261245,407.1364793,508.5278268
revenue_max,synthetic_n200_p0.1,2,75,6,6,95.02265234,22.32354679,390.0508448,507.397044
revenue_max,synthetic_n200_p0.1,2,75,7,7,106.5623891,25.69802539,368.3069786,500.5673931
revenue_max,synthetic_n200_p0.1,2,75,8,8,117.2895346,29.28262193,358.2640624,504.8362189
revenue_max,synthetic_n200_p0.1,2,75,9,9,127.1230958,32.92937707,353.883656,513.9361288
revenue_max,synthetic_n200_p0.1,2,75,10,10,135.8406837,36.37235677,336.2679684,508.4810089
revenue_max,synthetic_n200_p0.1,2,75,11,11,144.0423467,40.0431932,320.9688775,505.0544174
revenue_max,synthetic_n200_p0.1,2,75,12,12,151.6695398,43.61529795,311.1054861,506.3903239
revenue_max,synthetic_n200_p0.1,2,75,13,13,158.9844754,47.42147908,295.9552969,502.3612513
revenue_max,synthetic_n200_p0.1,2,75,14,14,165.4447374,50.46067457,275.0860621,490.9914741
revenue_max,synthetic_n200_p0.1,2,75,15,15,171.5682336,53.87666867,258.1130963,483.5579986
revenue_max,synthetic_n200_p0.1,2,75,16,16,177.5065607,57.1676112,240.52629,475.2004619
revenue_max,synthetic_n200_p0.1,2,75,17,17,182.6298672,60.5014935,227.3184485,470.4498092
revenue_max,synthetic_n200_p0.1,2,75,18,18,187.4032693,63.54261975,214.7097247,465.6556137
revenue_max,synthetic_n200_p0.1,2,75,19,19,191.994313,67.19423302,204.2900648,463.4786108
revenue_max,synthetic_n200_p0.1,2,75,20,20,196.1876098,70.52331219,195.7023347,462.4132567
revenue_max,synthetic_n200_p0.1,2,75,21,21,200.0331498,73.92458412,186.4977804,460.4555143
revenue_max,synthetic_n200_p0.1,2,75,22,22,203.8088166,77.24710824,177.1279716,458.1838965
revenue_max,synthetic_n200_p0.1,2,75,23,23,207.3952869,80.66400072,167.9526069,456.0118946
revenue_max,synthetic_n200_p0.1,2,75,24,24,210.8475487,84.23506926,157.130283,452.212901
revenue_max,synthetic_n200_p0.1,2,75,25,25,214.2288277,87.72838498,150.4597573,452.41697
revenue_max,synthetic_n200_p0.1,2,75,26,26,217.5229397,91.12814561,142.7863467,451.437432
revenue_max,synthetic_n200_p0.1,2,75,27,27,220.4924783,94.13562123,136.7373147,451.3654143
revenue_max,synthetic_n200_p0.1,2,75,28,28,223.3820873,97.35395476,128.7025697,449.4386118
revenue_max,synthetic_n200_p0.1,2,75,29,29,226.1167658,101.0410645,123.1016828,450.2595131
revenue_max,synthetic_n200_p0.1,2,75,30,30,228.7666052,103.9503003,117.3119025,450.028808
revenue_max,synthetic_n200_p0.1,2,75,31,31,231.2882762,107.8024848,110.1802624,449.2710234
revenue_max,synthetic_n200_p0.1,2,75,32,32,233.7615884,111.0516954,103.6100259,448.4233097
revenue_max,synthetic_n200_p0.1,2,75,33,33,236.1231223,114.0265174,97.31208005,447.4617197
revenue_max,synthetic_n200_p0.1,2,75,34,34,238.412551,117.3255109,91.39061141,447.1286733
revenue_max,synthetic_n200_p0.1,2,75,35,35,240.4638754,120.2211685,85.81303769,446.4980816
revenue_max,synthetic_n200_p0.1,2,75,36,36,242.4508214,123.4103386,81.2626753,447.1238353
revenue_max,synthetic_n200_p0.1,2,75,37,37,244.391523,126.5612765,75.93180421,446.8846037
revenue_max,synthetic_n200_p0.1,2,75,38,38,246.2878886,130.1417727,70.88856859,447.31823
revenue_max,synthetic_n200_p0.1,2,75,39,39,248.0532265,133.4190458,65.56323805,447.0355103
revenue_max,synthetic_n200_p0.1,2,75,40,40,249.8104177,136.630505,60.43051373,446.8714364
revenue_max,synthetic_n200_p0.1,2,75,41,41,251.533639,139.1116394,53.75284666,444.398125
revenue_max,synthetic_n200_p0.1,2,75,42,42,253.142854,142.1651785,49.69283359,445.0008661
revenue_max,synthetic_n200_p0.1,2,75,43,43,254.6360817,145.4961034,42.68348191,442.8156671
revenue_max,synthetic_n200_p0.1,2,75,44,44,256.0292654,148.9641979,36.79942047,441.7928837
revenue_max,synthetic_n200_p0.1,2,75,45,45,257.3794741,152.1231109,31.96411826,441.4667033
revenue_max,synthetic_n200_p0.1,2,75,46,46,258.7215414,154.844857,28.5756412,442.1420396
revenue_max,synthetic_n200_p0.1,2,75,47,47,260.0370478,157.9242462,24.33819998,442.299494
revenue_max,synthetic_n200_p0.1,2,75,48,48,261.1622666,160.8542194,21.2317267,443.2482127
revenue_max,synthetic_n200_p0.1,2,75,49,49,262.265431,164.5227798,17.28125563,444.0694665
revenue_max,synthetic_n200_p0.1,2,75,50,50,263.1844573,167.6006596,14.97488127,445.7599982
revenue_max,synthetic_n200_p0.1,2,75,51,51,264.090746,170.5120638,12.40036022,447.00317
revenue_max,synthetic_n200_p0.1,2,75,52,52,264.9464792,173.5239347,9.035262969,447.5056769
revenue_max,synthetic_n200_p0.1,2,75,53,53,265.6724,176.4247471,7.609479342,449.7066265
revenue_max,synthetic_n200_p0.1,2,75,54,54,266.3671032,179.662795,5.658723557,451.6886217
revenue_max,synthetic_n200_p0.1,2,75,55,55,266.9903884,182.8731299,4.233071382,454.0965897
revenue_max,synthetic_n200_p0.1,2,75,56,56,267.5343284,185.8299225,3.131248668,456.4954996
revenue_max,synthetic_n200_p0.1,2,75,57,57,268.0716839,188.7877772,2.567001561,459.4264627
revenue_max,synthetic_n200_p0.1,2,75,58,58,268.5684862,191.8721729,1.893734884,462.3343939
revenue_max,synthetic_n200_p0.1,2,75,59,59,269.0075917,195.1906492,1.316338357,465.5145792
revenue_max,synthetic_n200_p0.1,2,75,60,60,269.3608772,198.5683762,0.9532518783,468.8825052
revenue_max,synthetic_n200_p0.1,2,75,61,61,269.6538576,201.6605835,0.6454347786,471.9598758
revenue_max,synthetic_n200_p0.1,2,75,62,62,269.8816396,205.0551887,0.3905949928,475.3274233
revenue_max,synthetic_n200_p0.1,2,75,63,63,270.0506471,208.1101335,0.2215874916,478.3823681
revenue_max,synthetic_n200_p0.1,2,75,64,64,270.1994698,211.2432583,0.07276478908,481.515493
revenue_max,synthetic_n200_p0.1,2,75,65,65,270.2722346,214.5684628,0,484.8406974
revenue_max,synthetic_n200_p0.1,2,80,0,0,0,0,508.3679082,508.3679082
revenue_max,synthetic_n200_p0.1,2,80,1,1,21.1280371,4.041917429,483.2373875,508.407342
revenue_max,synthetic_n200_p0.1,2,80,2,2,38.41444137,7.58871033,461.6410338,507.6441855
revenue_max,synthetic_n200_p0.1,2,80,3,3,54.25489438,11.28179895,443.0124048,508.5490981
revenue_max,synthetic_n200_p0.1,2,80,4,4,69.26198051,14.90698979,418.5998308,502.7688011
revenue_max,synthetic_n200_p0.1,2,80,5,5,82.86873507,18.52261245,407.1364793,508.5278268
revenue_max,synthetic_n200_p0.1,2,80,6,6,95.02265234,22.32354679,390.0508448,507.397044
revenue_max,synthetic_n200_p0.1,2,80,7,7,106.5623891,25.69802539,368.3069786,500.5673931
revenue_max,synthetic_n200_p0.1,2,80,8,8,117.2895346,29.28262193,358.2640624,504.8362189
revenue_max,synthetic_n200_p0.1,2,80,9,9,127.1230958,32.92937707,353.883656,513.9361288
revenue_max,synthetic_n200_p0.1,2,80,10,10,135.8406837,36.37235677,336.2679684,508.4810089
revenue_max,synthetic_n200_p0.1,2,80,11,11,144.0423467,40.0431932,320.9688775,505.0544174
revenue_max,synthetic_n200_p0.1,2,80,12,12,151.6695398,43.61529795,313.9350452,509.219883
revenue_max,synthetic_n200_p0.1,2,80,13,13,158.9844754,47.42147908,301.1772217,507.5831761
revenue_max,synthetic_n200_p0.1,2,80,14,14,165.4447374,50.46067457,284.0180296,499.9234416
revenue_max,synthetic_n200_p0.1,2,80,15,15,171.5682336,53.87666867,267.5395346,492.9844368
revenue_max,synthetic_n200_p0.1,2,80,16,16,177.5065607,57.1676112,249.8533761,484.527548
revenue_max,synthetic_n200_p0.1,2,80,17,17,182.6298672,60.5014935,236.7854738,479.9168345
revenue_max,synthetic_n200_p0.1,2,80,18,18,187.4032693,63.54261975,223.8374128,474.7833018
revenue_max,synthetic_n200_p0.1,2,80,19,19,191.994313,67.19423302,213.0193915,472.2079375
revenue_max,synthetic_n200_p0.1,2,80,20,20,196.1876098,70.52331219,204.2798637,470.9907857
revenue_max,synthetic_n200_p0.1,2,80,21,21,200.0331498,73.92458412,194.3838195,468.3415535
revenue_max,synthetic_n200_p0.1,2,80,22,22,203.8088166,77.24710824,184.4853402,465.5412651
revenue_max,synthetic_n200_p0.1,2,80,23,23,207.3952869,80.66400072,174.7881333,462.847421
revenue_max,synthetic_n200_p0.1,2,80,24,24,210.8475487,84.23506926,163.240579,458.3231969
revenue_max,synthetic_n200_p0.1,2,80,25,25,214.2288277,87.72838498,156.6503099,458.6075226
revenue_max,synthetic_n200_p0.1,2,80,26,26,217.5229397,91.12814561,148.7546491,457.4057344
revenue_max,synthetic_n200_p0.1,2,80,27,27,220.4924783,94.13562123,142.6132001,457.2412996
revenue_max,synthetic_n200_p0.1,2,80,28,28,223.3820873,97.35395476,134.0827553,454.8187974
revenue_max,synthetic_n200_p0.1,2,80,29,29,226.1167658,101.0410645,127.9014243,455.0592546
revenue_max,synthetic_n200_p0.1,2,80,30,30,228.7666052,103.9503003,122.0182415,454.735147
revenue_max,synthetic_n200_p0.1,2,80,31,31,231.2882762,107.8024848,114.7093672,453.8001282
revenue_max,synthetic_n200_p0.1,2,80,32,32,233.7615884,111.0516954,107.5084988,452.3217827
revenue_max,synthetic_n200_p0.1,2,80,33,33,236.1231223,114.0265174,100.8621697,451.0118093
revenue_max,synthetic_n200_p0.1,2,80,34,34,238.412551,117.3255109,94.84382017,450.581882
revenue_max,synthetic_n200_p0.1,2,80,35,35,240.4638754,120.2211685,89.04243864,449.7274826
revenue_max,synthetic_n200_p0.1,2,80,36,36,242.4508214,123.4103386,84.19802976,450.0591897
revenue_max,synthetic_n200_p0.1,2,80,37,37,244.391523,126.5612765,78.50526207,449.4580616
revenue_max,synthetic_n200_p0.1,2,80,38,38,246.2878886,130.1417727,73.24300089,449.6726623
revenue_max,synthetic_n200_p0.1,2,80,39,39,248.0532265,133.4190458,67.59690128,449.0691735
revenue_max,synthetic_n200_p0.1,2,80,40,40,249.8104177,136.630505,62.29648245,448.7374052
revenue_max,synthetic_n200_p0.1,2,80,41,41,251.533639,139.1116394,55.01711386,445.6623922
revenue_max,synthetic_n200_p0.1,2,80,42,42,253.142854,142.1651785,50.75418051,446.062213
revenue_max,synthetic_n200_p0.1,2,80,43,43,254.6360817,145.4961034,43.43774175,443.5699269
revenue_max,synthetic_n200_p0.1,2,80,44,44,256.0292654,148.9641979,37.17485803,442.1683213
revenue_max,synthetic_n200_p0.1,2,80,45,45,257.3794741,152.1231109,32.13173494,441.6343199
revenue_max,synthetic_n200_p0.1,2,80,46,46,258.7215414,154.844857,28.5796951,442.1460935
revenue_max,synthetic_n200_p0.1,2,80,47,47,260.0370478,157.9242462,24.33819998,442.299494
revenue_max,synthetic_n200_p0.1,2,80,48,48,261.1622666,160.8542194,21.2317267,443.2482127
revenue_max,synthetic_n200_p0.1,2,80,49,49,262.265431,164.5227798,17.28125563,444.0694665
revenue_max,synthetic_n200_p0.1,2,80,50,50,263.1844573,167.6006596,14.97488127,445.7599982
revenue_max,synthetic_n200_p0.1,2,80,51,51,264.090746,170.5120638,12.40036022,447.00317
revenue_max,synthetic_n200_p0.1,2,80,52,52,264.9464792,173.5239347,9.035262969,447.5056769
revenue_max,synthetic_n200_p0.1,2,80,53,53,265.6724,176.4247471,7.609479342,449.7066265
revenue_max,synthetic_n200_p0.1,2,80,54,54,266.3671032,179.662795,5.658723557,451.6886217
revenue_max,synthetic_n200_p0.1,2,80,55,55,266.9903884,182.8731299,4.233071382,454.0965897
revenue_max,synthetic_n200_p0.1,2,80,56,56,267.5343284,185.8299225,3.131248668,456.4954996
revenue_max,synthetic_n200_p0.1,2,80,57,57,268.0716839,188.7877772,2.567001561,459.4264627
revenue_max,synthetic_n200_p0.1,2,80,58,58,268.5684862,191.8721729,1.893734884,462.3343939
revenue_max,synthetic_n200_p0.1,2,80,59,59,269.0075917,195.1906492,1.316338357,465.5145792
revenue_max,synthetic_n200_p0.1,2,80,60,60,269.3608772,198.5683762,0.9532518783,468.8825052
revenue_max,synthetic_n200_p0.1,2,80,61,61,269.6538576,201.6605835,0.6454347786,471.9598758
revenue_max,synthetic_n200_p0.1,2,80,62,62,269.8816396,205.0551887,0.3905949928,475.3274233
revenue_max,synthetic_n200_p0.1,2,80,63,63,270.0506471,208.1101335,0.2215874916,478.3823681
revenue_max,synthetic_n200_p0.1,2,80,64,64,270.1994698,211.2432583,0.07276478908,481.515493
revenue_max,synthetic_n200_p0.1,2,80,65,65,270.2722346,214.5684628,0,484.8406974
revenue_max,synthetic_n200_p0.1,2,85,0,0,0,0,508.3679082,508.3679082
revenue_max,synthetic_n200_p0.1,2,85,1,1,21.1280371,4.041917429,483.2373875,508.407342
revenue_max,synthetic_n200_p0.1,2,85,2,2,38.41444137,7.58871033,461.6410338,507.6441855
revenue_max,synthetic_n200_p0.1,2,85,3,3,54.25489438,11.28179895,443.0124048,508.5490981
revenue_max,synthetic_n200_p0.1,2,85,4,4,69.26198051,14.90698979,418.5998308,502.7688011
revenue_max,synthetic_n200_p0.1,2,85,5,5,82.86873507,18.52261245,407.1364793,508.5278268
revenue_max,synthetic_n200_p0.1,2,85,6,6,95.02265234,22.32354679,390.0508448,507.397044
revenue_max,synthetic_n200_p0.1,2,85,7,7,106.5623891,25.69802539,368.3069786,500.5673931
revenue_max,synthetic_n200_p0.1,2,85,8,8,117.2895346,29.28262193,358.2640624,504.8362189
revenue_max,synthetic_n200_p0.1,2,85,9,9,127.1230958,32.92937707,353.883656,513.9361288
revenue_max,synthetic_n200_p0.1,2,85,10,10,135.8406837,36.37235677,336.2679684,508.4810089
revenue_max,synthetic_n200_p0.1,2,85,11,11,144.0423467,40.0431932,320.9688775,505.0544174
revenue_max,synthetic_n200_p0.1,2,85,12,12,151.6695398,43.61529795,313.9350452,509.219883
revenue_max,synthetic_n200_p0.1,2,85,13,13,158.9844754,47.42147908,301.1772217,507.5831761
revenue_max,synthetic_n200_p0.1,2,85,14,14,165.4447374,50.46067457,286.8830034,502.7884154
revenue_max,synthetic_n200_p0.1,2,85,15,15,171.5682336,53.87666867,273.9103209,499.3552232
revenue_max,synthetic_n200_p0.1,2,85,16,16,177.5065607,57.1676112,257.0610806,491.7352525
revenue_max,synthetic_n200_p0.1,2,85,17,17,182.6298672,60.5014935,244.4798566,487.6112173
revenue_max,synthetic_n200_p0.1,2,85,18,18,187.4032693,63.54261975,232.3611615,483.3070505
revenue_max,synthetic_n200_p0.1,2,85,19,19,191.994313,67.19423302,221.1432472,480.3317932
revenue_max,synthetic_n200_p0.1,2,85,20,20,196.1876098,70.52331219,212.3851114,479.0960334
revenue_max,synthetic_n200_p0.1,2,85,21,21,200.0331498,73.92458412,201.6527602,475.6104942
revenue_max,synthetic_n200_p0.1,2,85,22,22,203.8088166,77.24710824,191.1205737,472.1764986
revenue_max,synthetic_n200_p0.1,2,85,23,23,207.3952869,80.66400072,181.0035404,469.062828
revenue_max,synthetic_n200_p0.1,2,85,24,24,210.8475487,84.23506926,168.9366916,464.0193095
revenue_max,synthetic_n200_p0.1,2,85,25,25,214.2288277,87.72838498,162.3436418,464.3008545
revenue_max,synthetic_n200_p0.1,2,85,26,26,217.5229397,91.12814561,154.2638059,462.9148912
revenue_max,synthetic_n200_p0.1,2,85,27,27,220.4924783,94.13562123,148.0800702,462.7081697
revenue_max,synthetic_n200_p0.1,2,85,28,28,223.3820873,97.35395476,139.0703859,459.8064279
revenue_max,synthetic_n200_p0.1,2,85,29,29,226.1167658,101.0410645,132.3911524,459.5489828
revenue_max,synthetic_n200_p0.1,2,85,30,30,228.7666052,103.9503003,126.2705694,458.9874749
revenue_max,synthetic_n200_p0.1,2,85,31,31,231.2882762,107.8024848,118.8633948,457.9541558
revenue_max,synthetic_n200_p0.1,2,85,32,32,233.7615884,111.0516954,111.1125983,455.9258821
revenue_max,synthetic_n200_p0.1,2,85,33,33,236.1231223,114.0265174,104.1811365,454.3307761
revenue_max,synthetic_n200_p0.1,2,85,34,34,238.412551,117.3255109,98.05062138,453.7886832
revenue_max,synthetic_n200_p0.1,2,85,35,35,240.4638754,120.2211685,92.05039955,452.7354435
revenue_max,synthetic_n200_p0.1,2,85,36,36,242.4508214,123.4103386,86.81333696,452.6744969
revenue_max,synthetic_n200_p0.1,2,85,37,37,244.391523,126.5612765,80.89197201,451.8447715
revenue_max,synthetic_n200_p0.1,2,85,38,38,246.2878886,130.1417727,75.26976722,451.6994286
revenue_max,synthetic_n200_p0.1,2,85,39,39,248.0532265,133.4190458,69.4510793,450.9233516
revenue_max,synthetic_n200_p0.1,2,85,40,40,249.8104177,136.630505,63.89897254,450.3398953
revenue_max,synthetic_n200_p0.1,2,85,41,41,251.533639,139.1116394,55.98574518,446.6310236
revenue_max,synthetic_n200_p0.1,2,85,42,42,253.142854,142.1651785,51.58905445,446.897087
revenue_max,synthetic_n200_p0.1,2,85,43,43,254.6360817,145.4961034,44.03216138,444.1643466
revenue_max,synthetic_n200_p0.1,2,85,44,44,256.0292654,148.9641979,37.36965438,442.3631176
revenue_max,synthetic_n200_p0.1,2,85,45,45,257.3794741,152.1231109,32.18182402,441.684409
revenue_max,synthetic_n200_p0.1,2,85,46,46,258.7215414,154.844857,28.5796951,442.1460935
revenue_max,synthetic_n200_p0.1,2,85,47,47,260.0370478,157.9242462,24.33819998,442.299494
revenue_max,synthetic_n200_p0.1,2,85,48,48,261.1622666,160.8542194,21.2317267,443.2482127
revenue_max,synthetic_n200_p0.1,2,85,49,49,262.265431,164.5227798,17.28125563,444.0694665
revenue_max,synthetic_n200_p0.1,2,85,50,50,263.1844573,167.6006596,14.97488127,445.7599982
revenue_max,synthetic_n200_p0.1,2,85,51,51,264.090746,170.5120638,12.40036022,447.00317
revenue_max,synthetic_n200_p0.1,2,85,52,52,264.9464792,173.5239347,9.035262969,447.5056769
revenue_max,synthetic_n200_p0.1,2,85,53,53,265.6724,176.4247471,7.609479342,449.7066265
revenue_max,synthetic_n200_p0.1,2,85,54,54,266.3671032,179.662795,5.658723557,451.6886217
revenue_max,synthetic_n200_p0.1,2,85,55,55,266.9903884,182.8731299,4.233071382,454.0965897
revenue_max,synthetic_n200_p0.1,2,85,56,56,267.5343284,185.8299225,3.131248668,456.4954996
revenue_max,synthetic_n200_p0.1,2,85,57,57,268.0716839,188.7877772,2.567001561,459.4264627
revenue_max,synthetic_n200_p0.1,2,85,58,58,268.5684862,191.8721729,1.893734884,462.3343939
revenue_max,synthetic_n200_p0.1,2,85,59,59,269.0075917,195.1906492,1.316338357,465.5145792
revenue_max,synthetic_n200_p0.1,2,85,60,60,269.3608772,198.5683762,0.9532518783,468.8825052
revenue_max,synthetic_n200_p0.1,2,85,61,61,269.6538576,201.6605835,0.6454347786,471.9598758
revenue_max,synthetic_n200_p0.1,2,85,62,62,269.8816396,205.0551887,0.3905949928,475.3274233
revenue_max,synthetic_n200_p0.1,2,85,63,63,270.0506471,208.1101335,0.2215874916,478.3823681
revenue_max,synthetic_n200_p0.1,2,85,64,64,270.1994698,211.2432583,0.07276478908,481.515493
revenue_max,synthetic_n200_p0.1,2,85,65,65,270.2722346,214.5684628,0,484.8406974
revenue_max,synthetic_n200_p0.1,2,90,0,0,0,0,508.3679082,508.3679082
revenue_max,synthetic_n200_p0.1,2,90,1,1,21.1280371,4.041917429,483.2373875,508.407342
revenue_max,synthetic_n200_p0.1,2,90,2,2,38.41444137,7.58871033,461.6410338,507.6441855
revenue_max,synthetic_n200_p0.1,2,90,3,3,54.25489438,11.28179895,443.0124048,508.5490981
revenue_max,synthetic_n200_p0.1,2,90,4,4,69.26198051,14.90698979,418.5998308,502.7688011
revenue_max,synthetic_n200_p0.1,2,90,5,5,82.86873507,18.52261245,407.1364793,508.5278268
revenue_max,synthetic_n200_p0.1,2,90,6,6,95.02265234,22.32354679,390.0508448,507.397044
revenue_max,synthetic_n200_p0.1,2,90,7,7,106.5623891,25.69802539,368.3069786,500.5673931
revenue_max,synthetic_n200_p0.1,2,90,8,8,117.2895346,29.28262193,358.2640624,504.8362189
revenue_max,synthetic_n200_p0.1,2,90,9,9,127.1230958,32.92937707,353.883656,513.9361288
revenue_max,synthetic_n200_p0.1,2,90,10,10,135.8406837,36.37235677,336.2679684,508.4810089
revenue_max,synthetic_n200_p0.1,2,90,11,11,144.0423467,40.0431932,320.9688775,505.0544174
revenue_max,synthetic_n200_p0.1,2,90,12,12,151.6695398,43.61529795,313.9350452,509.219883
revenue_max,synthetic_n200_p0.1,2,90,13,13,158.9844754,47.42147908,301.1772217,507.5831761
revenue_max,synthetic_n200_p0.1,2,90,14,14,165.4447374,50.46067457,286.8830034,502.7884154
revenue_max,synthetic_n200_p0.1,2,90,15,15,171.5682336,53.87666867,274.662574,500.1074762
revenue_max,synthetic_n200_p0.1,2,90,16,16,177.5065607,57.1676112,260.2886913,494.9628632
revenue_max,synthetic_n200_p0.1,2,90,17,17,182.6298672,60.5014935,250.2518065,493.3831672
revenue_max,synthetic_n200_p0.1,2,90,18,18,187.4032693,63.54261975,239.2362263,490.1821153
revenue_max,synthetic_n200_p0.1,2,90,19,19,191.994313,67.19423302,228.0701902,487.2587361
revenue_max,synthetic_n200_p0.1,2,90,20,20,196.1876098,70.52331219,219.7632298,486.4741518
revenue_max,synthetic_n200_p0.1,2,90,21,21,200.0331498,73.92458412,208.2004852,482.1582191
revenue_max,synthetic_n200_p0.1,2,90,22,22,203.8088166,77.24710824,197.0648562,478.120781
revenue_max,synthetic_n200_p0.1,2,90,23,23,207.3952869,80.66400072,186.6959829,474.7552705
revenue_max,synthetic_n200_p0.1,2,90,24,24,210.8475487,84.23506926,174.2512776,469.3338955
revenue_max,synthetic_n200_p0.1,2,90,25,25,214.2288277,87.72838498,167.7481571,469.7053697
revenue_max,synthetic_n200_p0.1,2,90,26,26,217.5229397,91.12814561,159.4737592,468.1248445
revenue_max,synthetic_n200_p0.1,2,90,27,27,220.4924783,94.13562123,153.1869233,467.8150228
revenue_max,synthetic_n200_p0.1,2,90,28,28,223.3820873,97.35395476,143.7591836,464.4952257
revenue_max,synthetic_n200_p0.1,2,90,29,29,226.1167658,101.0410645,136.3918418,463.5496721
revenue_max,synthetic_n200_p0.1,2,90,30,30,228.7666052,103.9503003,130.0974213,462.8143268
revenue_max,synthetic_n200_p0.1,2,90,31,31,231.2882762,107.8024848,122.5484395,461.6392005
revenue_max,synthetic_n200_p0.1,2,90,32,32,233.7615884,111.0516954,114.4837038,459.2969877
revenue_max,synthetic_n200_p0.1,2,90,33,33,236.1231223,114.0265174,107.2447385,457.3943782
revenue_max,synthetic_n200_p0.1,2,90,34,34,238.412551,117.3255109,100.9802278,456.7182896
revenue_max,synthetic_n200_p0.1,2,90,35,35,240.4638754,120.2211685,94.76724388,455.4522878
revenue_max,synthetic_n200_p0.1,2,90,36,36,242.4508214,123.4103386,89.25268927,455.1138493
revenue_max,synthetic_n200_p0.1,2,90,37,37,244.391523,126.5612765,83.07358498,454.0263845
revenue_max,synthetic_n200_p0.1,2,90,38,38,246.2878886,130.1417727,76.94378597,453.3734473
revenue_max,synthetic_n200_p0.1,2,90,39,39,248.0532265,133.4190458,71.01345131,452.4857236
revenue_max,synthetic_n200_p0.1,2,90,40,40,249.8104177,136.630505,65.01769113,451.4586138
revenue_max,synthetic_n200_p0.1,2,90,41,41,251.533639,139.1116394,56.86159324,447.5068716
revenue_max,synthetic_n200_p0.1,2,90,42,42,253.142854,142.1651785,52.17221281,447.4802453
revenue_max,synthetic_n200_p0.1,2,90,43,43,254.6360817,145.4961034,44.44646598,444.5786512
revenue_max,synthetic_n200_p0.1,2,90,44,44,256.0292654,148.9641979,37.41816622,442.4116295
revenue_max,synthetic_n200_p0.1,2,90,45,45,257.3794741,152.1231109,32.18182402,441.684409
revenue_max,synthetic_n200_p0.1,2,90,46,46,258.7215414,154.844857,28.5796951,442.1460935
revenue_max,synthetic_n200_p0.1,2,90,47,47,260.0370478,157.9242462,24.33819998,442.299494
revenue_max,synthetic_n200_p0.1,2,90,48,48,261.1622666,160.8542194,21.2317267,443.2482127
revenue_max,synthetic_n200_p0.1,2,90,49,49,262.265431,164.5227798,17.28125563,444.0694665
revenue_max,synthetic_n200_p0.1,2,90,50,50,263.1844573,167.6006596,14.97488127,445.7599982
revenue_max,synthetic_n200_p0.1,2,90,51,51,264.090746,170.5120638,12.40036022,447.00317
revenue_max,synthetic_n200_p0.1,2,90,52,52,264.9464792,173.5239347,9.035262969,447.5056769
revenue_max,synthetic_n200_p0.1,2,90,53,53,265.6724,176.4247471,7.609479342,449.7066265
revenue_max,synthetic_n200_p0.1,2,90,54,54,266.3671032,179.662795,5.658723557,451.6886217
revenue_max,synthetic_n200_p0.1,2,90,55,55,266.9903884,182.8731299,4.233071382,454.0965897
revenue_max,synthetic_n200_p0.1,2,90,56,56,267.5343284,185.8299225,3.131248668,456.4954996
revenue_max,synthetic_n200_p0.1,2,90,57,57,268.0716839,188.7877772,2.567001561,459.4264627
revenue_max,synthetic_n200_p0.1,2,90,58,58,268.5684862,191.8721729,1.893734884,462.3343939
revenue_max,synthetic_n200_p0.1,2,90,59,59,269.0075917,195.1906492,1.316338357,465.5145792
revenue_max,synthetic_n200_p0.1,2,90,60,60,269.3608772,198.5683762,0.9532518783,468.8825052
revenue_max,synthetic_n200_p0.1,2,90,61,61,269.6538576,201.6605835,0.6454347786,471.9598758
revenue_max,synthetic_n200_p0.1,2,90,62,62,269.8816396,205.0551887,0.3905949928,475.3274233
revenue_max,synthetic_n200_p0.1,2,90,63,63,270.0506471,208.1101335,0.2215874916,478.3823681
revenue_max,synthetic_n200_p0.1,2,90,64,64,270.1994698,211.2432583,0.07276478908,481.515493
revenue_max,synthetic_n200_p0.1,2,90,65,65,270.2722346,214.5684628,0,484.8406974
revenue_max,synthetic_n200_p0.1,2,95,0,0,0,0,508.3679082,508.3679082
revenue_max,synthetic_n200_p0.1,2,95,1,1,21.1280371,4.041917429,483.2373875,508.407342
revenue_max,synthetic_n200_p0.1,2,95,2,2,38.41444137,7.58871033,461.6410338,507.6441855
revenue_max,synthetic_n200_p0.1,2,95,3,3,54.25489438,11.28179895,443.0124048,508.5490981
revenue_max,synthetic_n200_p0.1,2,95,4,4,69.26198051,14.90698979,418.5998308,502.7688011
revenue_max,synthetic_n200_p0.1,2,95,5,5,82.86873507,18.52261245,407.1364793,508.5278268
revenue_max,synthetic_n200_p0.1,2,95,6,6,95.02265234,22.32354679,390.0508448,507.397044
revenue_max,synthetic_n200_p0.1,2,95,7,7,106.5623891,25.69802539,368.3069786,500.5673931
revenue_max,synthetic_n200_p0.1,2,95,8,8,117.2895346,29.28262193,358.2640624,504.8362189
revenue_max,synthetic_n200_p0.1,2,95,9,9,127.1230958,32.92937707,353.883656,513.9361288
revenue_max,synthetic_n200_p0.1,2,95,10,10,135.8406837,36.37235677,336.2679684,508.4810089
revenue_max,synthetic_n200_p0.1,2,95,11,11,144.0423467,40.0431932,320.9688775,505.0544174
revenue_max,synthetic_n200_p0.1,2,95,12,12,151.6695398,43.61529795,313.9350452,509.219883
revenue_max,synthetic_n200_p0.1,2,95,13,13,158.9844754,47.42147908,301.1772217,507.5831761
revenue_max,synthetic_n200_p0.1,2,95,14,14,165.4447374,50.46067457,286.8830034,502.7884154
revenue_max,synthetic_n200_p0.1,2,95,15,15,171.5682336,53.87666867,274.662574,500.1074762
revenue_max,synthetic_n200_p0.1,2,95,16,16,177.5065607,57.1676112,260.2886913,494.9628632
revenue_max,synthetic_n200_p0.1,2,95,17,17,182.6298672,60.5014935,251.6152645,494.7466252
revenue_max,synthetic_n200_p0.1,2,95,18,18,187.4032693,63.54261975,243.5918909,494.5377799
revenue_max,synthetic_n200_p0.1,2,95,19,19,191.994313,67.19423302,233.0411133,492.2296593
revenue_max,synthetic_n200_p0.1,2,95,20,20,196.1876098,70.52331219,226.1102488,492.8211708
revenue_max,synthetic_n200_p0.1,2,95,21,21,200.0331498,73.92458412,214.2023726,488.1601065
revenue_max,synthetic_n200_p0.1,2,95,22,22,203.8088166,77.24710824,202.5221779,483.5781028
revenue_max,synthetic_n200_p0.1,2,95,23,23,207.3952869,80.66400072,192.0435459,480.1028335
revenue_max,synthetic_n200_p0.1,2,95,24,24,210.8475487,84.23506926,179.0235675,474.1061854
revenue_max,synthetic_n200_p0.1,2,95,25,25,214.2288277,87.72838498,172.7308866,474.6880993
revenue_max,synthetic_n200_p0.1,2,95,26,26,217.5229397,91.12814561,164.1632934,472.8143787
revenue_max,synthetic_n200_p0.1,2,95,27,27,220.4924783,94.13562123,157.8686955,472.4967951
revenue_max,synthetic_n200_p0.1,2,95,28,28,223.3820873,97.35395476,148.0977873,468.8338294
revenue_max,synthetic_n200_p0.1,2,95,29,29,226.1167658,101.0410645,139.9612655,467.1190959
revenue_max,synthetic_n200_p0.1,2,95,30,30,228.7666052,103.9503003,133.6079722,466.3248776
revenue_max,synthetic_n200_p0.1,2,95,31,31,231.2882762,107.8024848,126.0004108,465.0911718
revenue_max,synthetic_n200_p0.1,2,95,32,32,233.7615884,111.0516954,117.6114322,462.424716
revenue_max,synthetic_n200_p0.1,2,95,33,33,236.1231223,114.0265174,109.9707812,460.1204208
revenue_max,synthetic_n200_p0.1,2,95,34,34,238.412551,117.3255109,103.596201,459.3342628
revenue_max,synthetic_n200_p0.1,2,95,35,35,240.4638754,120.2211685,97.26226401,457.9473079
revenue_max,synthetic_n200_p0.1,2,95,36,36,242.4508214,123.4103386,91.39739654,457.2585565
revenue_max,synthetic_n200_p0.1,2,95,37,37,244.391523,126.5612765,84.82165333,455.7744528
revenue_max,synthetic_n200_p0.1,2,95,38,38,246.2878886,130.1417727,78.33052565,454.760187
revenue_max,synthetic_n200_p0.1,2,95,39,39,248.0532265,133.4190458,72.27070429,453.7429765
revenue_max,synthetic_n200_p0.1,2,95,40,40,249.8104177,136.630505,65.94607214,452.3869949
revenue_max,synthetic_n200_p0.1,2,95,41,41,251.533639,139.1116394,57.55977859,448.205057
revenue_max,synthetic_n200_p0.1,2,95,42,42,253.142854,142.1651785,52.61414279,447.9221753
revenue_max,synthetic_n200_p0.1,2,95,43,43,254.6360817,145.4961034,44.68833628,444.8205215
revenue_max,synthetic_n200_p0.1,2,95,44,44,256.0292654,148.9641979,37.41816622,442.4116295
revenue_max,synthetic_n200_p0.1,2,95,45,45,257.3794741,152.1231109,32.18182402,441.684409
revenue_max,synthetic_n200_p0.1,2,95,46,46,258.7215414,154.844857,28.5796951,442.1460935
revenue_max,synthetic_n200_p0.1,2,95,47,47,260.0370478,157.9242462,24.33819998,442.299494
revenue_max,synthetic_n200_p0.1,2,95,48,48,261.1622666,160.8542194,21.2317267,443.2482127
revenue_max,synthetic_n200_p0.1,2,95,49,49,262.265431,164.5227798,17.28125563,444.0694665
revenue_max,synthetic_n200_p0.1,2,95,50,50,263.1844573,167.6006596,14.97488127,445.7599982
revenue_max,synthetic_n200_p0.1,2,95,51,51,264.090746,170.5120638,12.40036022,447.00317
revenue_max,synthetic_n200_p0.1,2,95,52,52,264.9464792,173.5239347,9.035262969,447.5056769
revenue_max,synthetic_n200_p0.1,2,95,53,53,265.6724,176.4247471,7.609479342,449.7066265
revenue_max,synthetic_n200_p0.1,2,95,54,54,266.3671032,179.662795,5.658723557,451.6886217
revenue_max,synthetic_n200_p0.1,2,95,55,55,266.9903884,182.8731299,4.233071382,454.0965897
revenue_max,synthetic_n200_p0.1,2,95,56,56,267.5343284,185.8299225,3.131248668,456.4954996
revenue_max,synthetic_n200_p0.1,2,95,57,57,268.0716839,188.7877772,2.567001561,459.4264627
revenue_max,synthetic_n200_p0.1,2,95,58,58,268.5684862,191.8721729,1.893734884,462.3343939
revenue_max,synthetic_n200_p0.1,2,95,59,59,269.0075917,195.1906492,1.316338357,465.5145792
revenue_max,synthetic_n200_p0.1,2,95,60,60,269.3608772,198.5683762,0.9532518783,468.8825052
revenue_max,synthetic_n200_p0.1,2,95,61,61,269.6538576,201.6605835,0.6454347786,471.9598758
revenue_max,synthetic_n200_p0.1,2,95,62,62,269.8816396,205.0551887,0.3905949928,475.3274233
revenue_max,synthetic_n200_p0.1,2,95,63,63,270.0506471,208.1101335,0.2215874916,478.3823681
revenue_max,synthetic_n200_p0.1,2,95,64,64,270.1994698,211.2432583,0.07276478908,481.515493
revenue_max,synthetic_n200_p0.1,2,95,65,65,270.2722346,214.5684628,0,484.8406974
revenue_max,synthetic_n200_p0.1,2,100,0,0,0,0,508.3679082,508.3679082
revenue_max,synthetic_n200_p0.1,2,100,1,1,21.1280371,4.041917429,483.2373875,508.407342
revenue_max,synthetic_n200_p0.1,2,100,2,2,38.41444137,7.58871033,461.6410338,507.6441855
revenue_max,synthetic_n200_p0.1,2,100,3,3,54.25489438,11.28179895,443.0124048,508.5490981
revenue_max,synthetic_n200_p0.1,2,100,4,4,69.26198051,14.90698979,418.5998308,502.7688011
revenue_max,synthetic_n200_p0.1,2,100,5,5,82.86873507,18.52261245,407.1364793,508.5278268
revenue_max,synthetic_n200_p0.1,2,100,6,6,95.02265234,22.32354679,390.0508448,507.397044
revenue_max,synthetic_n200_p0.1,2,100,7,7,106.5623891,25.69802539,368.3069786,500.5673931
revenue_max,synthetic_n200_p0.1,2,100,8,8,117.2895346,29.28262193,358.2640624,504.8362189
revenue_max,synthetic_n200_p0.1,2,100,9,9,127.1230958,32.92937707,353.883656,513.9361288
revenue_max,synthetic_n200_p0.1,2,100,10,10,135.8406837,36.37235677,336.2679684,508.4810089
revenue_max,synthetic_n200_p0.1,2,100,11,11,144.0423467,40.0431932,320.9688775,505.0544174
revenue_max,synthetic_n200_p0.1,2,100,12,12,151.6695398,43.61529795,313.9350452,509.219883
revenue_max,synthetic_n200_p0.1,2,100,13,13,158.9844754,47.42147908,301.1772217,507.5831761
revenue_max,synthetic_n200_p0.1,2,100,14,14,165.4447374,50.46067457,286.8830034,502.7884154
revenue_max,synthetic_n200_p0.1,2,100,15,15,171.5682336,53.87666867,274.662574,500.1074762
revenue_max,synthetic_n200_p0.1,2,100,16,16,177.5065607,57.1676112,260.2886913,494.9628632
revenue_max,synthetic_n200_p0.1,2,100,17,17,182.6298672,60.5014935,251.6152645,494.7466252
revenue_max,synthetic_n200_p0.1,2,100,18,18,187.4032693,63.54261975,244.3940227,495.3399117
revenue_max,synthetic_n200_p0.1,2,100,19,19,191.994313,67.19423302,235.0118526,494.2003986
revenue_max,synthetic_n200_p0.1,2,100,20,20,196.1876098,70.52331219,230.4930352,497.2039572
revenue_max,synthetic_n200_p0.1,2,100,21,21,200.0331498,73.92458412,219.2797225,493.2374564
revenue_max,synthetic_n200_p0.1,2,100,22,22,203.8088166,77.24710824,206.9970375,488.0529624
revenue_max,synthetic_n200_p0.1,2,100,23,23,207.3952869,80.66400072,196.1179798,484.1772674
revenue_max,synthetic_n200_p0.1,2,100,24,24,210.8475487,84.23506926,182.7306605,477.8132784
revenue_max,synthetic_n200_p0.1,2,100,25,25,214.2288277,87.72838498,176.9944929,478.9517056
revenue_max,synthetic_n200_p0.1,2,100,26,26,217.5229397,91.12814561,168.1965257,476.847611
revenue_max,synthetic_n200_p0.1,2,100,27,27,220.4924783,94.13562123,162.228054,476.8561535
revenue_max,synthetic_n200_p0.1,2,100,28,28,223.3820873,97.35395476,152.0676066,472.8036486
revenue_max,synthetic_n200_p0.1,2,100,29,29,226.1167658,101.0410645,143.2012598,470.3590901
revenue_max,synthetic_n200_p0.1,2,100,30,30,228.7666052,103.9503003,136.8521918,469.5690973
revenue_max,synthetic_n200_p0.1,2,100,31,31,231.2882762,107.8024848,129.2332478,468.3240088
revenue_max,synthetic_n200_p0.1,2,100,32,32,233.7615884,111.0516954,120.4765963,465.2898802
revenue_max,synthetic_n200_p0.1,2,100,33,33,236.1231223,114.0265174,112.4293489,462.5789885
revenue_max,synthetic_n200_p0.1,2,100,34,34,238.412551,117.3255109,105.7810511,461.5191129
revenue_max,synthetic_n200_p0.1,2,100,35,35,240.4638754,120.2211685,99.46305907,460.148103
revenue_max,synthetic_n200_p0.1,2,100,36,36,242.4508214,123.4103386,93.17763291,459.0387929
revenue_max,synthetic_n200_p0.1,2,100,37,37,244.391523,126.5612765,86.28221136,457.2350109
revenue_max,synthetic_n200_p0.1,2,100,38,38,246.2878886,130.1417727,79.52752717,455.9571885
revenue_max,synthetic_n200_p0.1,2,100,39,39,248.0532265,133.4190458,73.33479517,454.8070674
revenue_max,synthetic_n200_p0.1,2,100,40,40,249.8104177,136.630505,66.63374976,453.0746725
revenue_max,synthetic_n200_p0.1,2,100,41,41,251.533639,139.1116394,58.11003682,448.7553152
revenue_max,synthetic_n200_p0.1,2,100,42,42,253.142854,142.1651785,52.81751249,448.125545
revenue_max,synthetic_n200_p0.1,2,100,43,43,254.6360817,145.4961034,44.68833628,444.8205215
revenue_max,synthetic_n200_p0.1,2,100,44,44,256.0292654,148.9641979,37.41816622,442.4116295
revenue_max,synthetic_n200_p0.1,2,100,45,45,257.3794741,152.1231109,32.18182402,441.684409
revenue_max,synthetic_n200_p0.1,2,100,46,46,258.7215414,154.844857,28.5796951,442.1460935
revenue_max,synthetic_n200_p0.1,2,100,47,47,260.0370478,157.9242462,24.33819998,442.299494
revenue_max,synthetic_n200_p0.1,2,100,48,48,261.1622666,160.8542194,21.2317267,443.2482127
revenue_max,synthetic_n200_p0.1,2,100,49,49,262.265431,164.5227798,17.28125563,444.0694665
revenue_max,synthetic_n200_p0.1,2,100,50,50,263.1844573,167.6006596,14.97488127,445.7599982
revenue_max,synthetic_n200_p0.1,2,100,51,51,264.090746,170.5120638,12.40036022,447.00317
revenue_max,synthetic_n200_p0.1,2,100,52,52,264.9464792,173.5239347,9.035262969,447.5056769
revenue_max,synthetic_n200_p0.1,2,100,53,53,265.6724,176.4247471,7.609479342,449.7066265
revenue_max,synthetic_n200_p0.1,2,100,54,54,266.3671032,179.662795,5.658723557,451.6886217
revenue_max,synthetic_n200_p0.1,2,100,55,55,266.9903884,182.8731299,4.233071382,454.0965897
revenue_max,synthetic_n200_p0.1,2,100,56,56,267.5343284,185.8299225,3.131248668,456.4954996
revenue_max,synthetic_n200_p0.1,2,100,57,57,268.0716839,188.7877772,2.567001561,459.4264627
revenue_max,synthetic_n200_p0.1,2,100,58,58,268.5684862,191.8721729,1.893734884,462.3343939
revenue_max,synthetic_n200_p0.1,2,100,59,59,269.0075917,195.1906492,1.316338357,465.5145792
revenue_max,synthetic_n200_p0.1,2,100,60,60,269.3608772,198.5683762,0.9532518783,468.8825052
revenue_max,synthetic_n200_p0.1,2,100,61,61,269.6538576,201.6605835,0.6454347786,471.9598758
revenue_max,synthetic_n200_p0.1,2,100,62,62,269.8816396,205.0551887,0.3905949928,475.3274233
revenue_max,synthetic_n200_p0.1,2,100,63,63,270.0506471,208.1101335,0.2215874916,478.3823681
revenue_max,synthetic_n200_p0.1,2,100,64,64,270.1994698,211.2432583,0.07276478908,481.515493
revenue_max,synthetic_n200_p0.1,2,100,65,65,270.2722346,214.5684628,0,484.8406974
revenue_max,synthetic_n200_p0.1,3,1,0,0,0,0,21.19589732,21.19589732
revenue_max,synthetic_n200_p0.1,3,1,1,1,21.19589732,4.068269484,19.47503942,44.73920623
revenue_max,synthetic_n200_p0.1,3,5,0,0,0,0,100.6177411,100.6177411
revenue_max,synthetic_n200_p0.1,3,5,1,1,21.19589732,4.068269484,91.93129973,117.1954665
revenue_max,synthetic_n200_p0.1,3,5,2,2,40.67093675,8.083423517,83.69229519,132.4466555
revenue_max,synthetic_n200_p0.1,3,5,3,3,59.00076313,11.98289733,73.9027669,144.8864274
revenue_max,synthetic_n200_p0.1,3,5,4,4,76.3310284,15.83502712,64.64885402,156.8149095
revenue_max,synthetic_n200_p0.1,3,5,5,5,90.39686165,19.52001482,58.17774734,168.0946238
revenue_max,synthetic_n200_p0.1,3,10,0,0,0,0,189.8552181,189.8552181
revenue_max,synthetic_n200_p0.1,3,10,1,1,21.19589732,4.068269484,172.5825596,197.8467264
revenue_max,synthetic_n200_p0.1,3,10,2,2,40.67093675,8.083423517,157.2642028,206.0185631
revenue_max,synthetic_n200_p0.1,3,10,3,3,59.00076313,11.98289733,141.0578974,212.0415578
revenue_max,synthetic_n200_p0.1,3,10,4,4,76.3310284,15.83502712,125.0444277,217.2104832
revenue_max,synthetic_n200_p0.1,3,10,5,5,90.39686165,19.52001482,113.026355,222.9432315
revenue_max,synthetic_n200_p0.1,3,10,6,6,102.4402405,23.06500474,104.71448,230.2197253
revenue_max,synthetic_n200_p0.1,3,10,7,7,114.0787202,26.5877087,97.49304093,238.1594698
revenue_max,synthetic_n200_p0.1,3,10,8,8,125.126088,29.98565512,87.27720231,242.3889454
revenue_max,synthetic_n200_p0.1,3,10,9,9,134.5581439,33.73753623,81.66746376,249.9631439
revenue_max,synthetic_n200_p0.1,3,10,10,10,143.8349035,37.36922089,74.07620291,255.2803273
revenue_max,synthetic_n200_p0.1,3,15,0,0,0,0,269.5952592,269.5952592
revenue_max,synthetic_n200_p0.1,3,15,1,1,21.19589732,4.068269484,245.6389602,270.903127
revenue_max,synthetic_n200_p0.1,3,15,2,2,40.67093675,8.083423517,222.6864185,271.4407787
revenue_max,synthetic_n200_p0.1,3,15,3,3,59.00076313,11.98289733,200.6787014,271.6623618
revenue_max,synthetic_n200_p0.1,3,15,4,4,76.3310284,15.83502712,179.6582915,271.824347
revenue_max,synthetic_n200_p0.1,3,15,5,5,90.39686165,19.52001482,162.5389607,272.4558372
revenue_max,synthetic_n200_p0.1,3,15,6,6,102.4402405,23.06500474,150.0663361,275.5715814
revenue_max,synthetic_n200_p0.1,3,15,7,7,114.0787202,26.5877087,139.1284883,279.7949172
revenue_max,synthetic_n200_p0.1,3,15,8,8,125.126088,29.98565512,125.3198539,280.431597
revenue_max,synthetic_n200_p0.1,3,15,9,9,134.5581439,33.73753623,116.8598441,285.1555242
revenue_max,synthetic_n200_p0.1,3,15,10,10,143.8349035,37.36922089,106.4140603,287.6181847
revenue_max,synthetic_n200_p0.1,3,15,11,11,152.1753758,41.01595567,96.20772907,289.3990605
revenue_max,synthetic_n200_p0.1,3,15,12,12,159.8029509,45.0951973,91.49244322,296.3905914
revenue_max,synthetic_n200_p0.1,3,15,13,13,166.7923943,48.67636712,85.88530671,301.3540681
revenue_max,synthetic_n200_p0.1,3,15,14,14,173.1701431,52.24381757,78.87733095,304.2912916
revenue_max,synthetic_n200_p0.1,3,15,15,15,179.2347964,55.98602597,73.16077899,308.3816014
revenue_max,synthetic_n200_p0.1,3,20,0,0,0,0,340.154293,340.154293
revenue_max,synthetic_n200_p0.1,3,20,1,1,21.19589732,4.068269484,309.7396988,335.0038656
revenue_max,synthetic_n200_p0.1,3,20,2,2,40.67093675,8.083423517,281.1852013,329.9395616
revenue_max,synthetic_n200_p0.1,3,20,3,3,59.00076313,11.98289733,253.8942024,324.8778629
revenue_max,synthetic_n200_p0.1,3,20,4,4,76.3310284,15.83502712,227.5623138,319.7283693
revenue_max,synthetic_n200_p0.1,3,20,5,5,90.39686165,19.52001482,206.3014016,316.2182781
revenue_max,synthetic_n200_p0.1,3,20,6,6,102.4402405,23.06500474,190.6884797,316.193725
revenue_max,synthetic_n200_p0.1,3,20,7,7,114.0787202,26.5877087,175.5305631,316.196992
revenue_max,synthetic_n200_p0.1,3,20,8,8,125.126088,29.98565512,158.996185,314.1079281
revenue_max,synthetic_n200_p0.1,3,20,9,9,134.5581439,33.73753623,148.3277305,316.6234106
revenue_max,synthetic_n200_p0.1,3,20,10,10,143.8349035,37.36922089,135.9379952,317.1421196
revenue_max,synthetic_n200_p0.1,3,20,11,11,152.1753758,41.01595567,123.5107657,316.7020971
revenue_max,synthetic_n200_p0.1,3,20,12,12,159.8029509,45.0951973,117.0699898,321.9681379
revenue_max,synthetic_n200_p0.1,3,20,13,13,166.7923943,48.67636712,109.9446424,325.4134038
revenue_max,synthetic_n200_p0.1,3,20,14,14,173.1701431,52.24381757,101.2258909,326.6398516
revenue_max,synthetic_n200_p0.1,3,20,15,15,179.2347964,55.98602597,94.37915317,329.5999755
revenue_max,synthetic_n200_p0.1,3,20,16,16,184.5151114,59.43642535,90.31825972,334.2697965
revenue_max,synthetic_n200_p0.1,3,20,17,17,189.6558145,63.12497345,85.36982891,338.1506169
revenue_max,synthetic_n200_p0.1,3,20,18,18,194.6017625,66.72852394,81.43769009,342.7679766
revenue_max,synthetic_n200_p0.1,3,20,19,19,199.5351108,70.07664519,76.4509082,346.0626642
revenue_max,synthetic_n200_p0.1,3,20,20,20,204.0782682,73.4278537,72.70719694,350.2133189
revenue_max,synthetic_n200_p0.1,3,25,0,0,0,0,405.0905007,405.0905007
revenue_max,synthetic_n200_p0.1,3,25,1,1,21.19589732,4.068269484,368.6143343,393.8785011
revenue_max,synthetic_n200_p0.1,3,25,2,2,40.67093675,8.083423517,335.2338958,383.9882561
revenue_max,synthetic_n200_p0.1,3,25,3,3,59.00076313,11.98289733,302.8748938,373.8585542
revenue_max,synthetic_n200_p0.1,3,25,4,4,76.3310284,15.83502712,272.0216453,364.1877008
revenue_max,synthetic_n200_p0.1,3,25,5,5,90.39686165,19.52001482,246.9573119,356.8741883
revenue_max,synthetic_n200_p0.1,3,25,6,6,102.4402405,23.06500474,228.3240756,353.8293209
revenue_max,synthetic_n200_p0.1,3,25,7,7,114.0787202,26.5877087,209.836552,350.5029809
revenue_max,synthetic_n200_p0.1,3,25,8,8,125.126088,29.98565512,190.8732916,345.9850347
revenue_max,synthetic_n200_p0.1,3,25,9,9,134.5581439,33.73753623,178.1868771,346.4825572
revenue_max,synthetic_n200_p0.1,3,25,10,10,143.8349035,37.36922089,163.4345669,344.6386913
revenue_max,synthetic_n200_p0.1,3,25,11,11,152.1753758,41.01595567,148.7057753,341.8971068
revenue_max,synthetic_n200_p0.1,3,25,12,12,159.8029509,45.0951973,140.3698304,345.2679785
revenue_max,synthetic_n200_p0.1,3,25,13,13,166.7923943,48.67636712,131.9104483,347.3792097
revenue_max,synthetic_n200_p0.1,3,25,14,14,173.1701431,52.24381757,121.6865281,347.1004888
revenue_max,synthetic_n200_p0.1,3,25,15,15,179.2347964,55.98602597,113.5063493,348.7271717
revenue_max,synthetic_n200_p0.1,3,25,16,16,184.5151114,59.43642535,108.336338,352.2878748
revenue_max,synthetic_n200_p0.1,3,25,17,17,189.6558145,63.12497345,102.6127695,355.3935575
revenue_max,synthetic_n200_p0.1,3,25,18,18,194.6017625,66.72852394,97.94570116,359.2759876
revenue_max,synthetic_n200_p0.1,3,25,19,19,199.5351108,70.07664519,91.97455122,361.5863072
revenue_max,synthetic_n200_p0.1,3,25,20,20,204.0782682,73.4278537,87.15737162,364.6634936
revenue_max,synthetic_n200_p0.1,3,25,21,21,208.4466491,77.19765244,81.83542261,367.4797242
revenue_max,synthetic_n200_p0.1,3,25,22,22,212.4868059,80.69358807,77.61689588,370.7972899
revenue_max,synthetic_n200_p0.1,3,25,23,23,216.4991213,83.9539017,72.7864666,373.2394895
revenue_max,synthetic_n200_p0.1,3,25,24,24,220.3289787,87.81591,69.45589785,377.6007865
revenue_max,synthetic_n200_p0.1,3,25,25,25,223.9494762,91.63248179,65.31349006,380.8954481
revenue_max,synthetic_n200_p0.1,3,30,0,0,0,0,463.6383148,463.6383148
revenue_max,synthetic_n200_p0.1,3,30,1,1,21.19589732,4.068269484,423.6885384,448.9527052
revenue_max,synthetic_n200_p0.1,3,30,2,2,40.67093675,8.083423517,385.3100998,434.0644601
revenue_max,synthetic_n200_p0.1,3,30,3,3,59.00076313,11.98289733,348.0917714,419.0754319
revenue_max,synthetic_n200_p0.1,3,30,4,4,76.3310284,15.83502712,313.92476,406.0908155
revenue_max,synthetic_n200_p0.1,3,30,5,5,90.39686165,19.52001482,285.7974964,395.7143729
revenue_max,synthetic_n200_p0.1,3,30,6,6,102.4402405,23.06500474,264.3608841,389.8661294
revenue_max,synthetic_n200_p0.1,3,30,7,7,114.0787202,26.5877087,242.2863172,382.9527461
revenue_max,synthetic_n200_p0.1,3,30,8,8,125.126088,29.98565512,221.0636126,376.1753557
revenue_max,synthetic_n200_p0.1,3,30,9,9,134.5581439,33.73753623,206.6695552,374.9652354
revenue_max,synthetic_n200_p0.1,3,30,10,10,143.8349035,37.36922089,189.560569,370.7646934
revenue_max,synthetic_n200_p0.1,3,30,11,11,152.1753758,41.01595567,172.573673,365.7650045
revenue_max,synthetic_n200_p0.1,3,30,12,12,159.8029509,45.0951973,162.8766442,367.7747924
revenue_max,synthetic_n200_p0.1,3,30,13,13,166.7923943,48.67636712,152.6633684,368.1321298
revenue_max,synthetic_n200_p0.1,3,30,14,14,173.1701431,52.24381757,141.183909,366.5978696
revenue_max,synthetic_n200_p0.1,3,30,15,15,179.2347964,55.98602597,131.6797466,366.900569
revenue_max,synthetic_n200_p0.1,3,30,16,16,184.5151114,59.43642535,125.6058705,369.5574073
revenue_max,synthetic_n200_p0.1,3,30,17,17,189.6558145,63.12497345,119.3028175,372.0836054
revenue_max,synthetic_n200_p0.1,3,30,18,18,194.6017625,66.72852394,113.8045944,375.1348808
revenue_max,synthetic_n200_p0.1,3,30,19,19,199.5351108,70.07664519,106.8006077,376.4123637
revenue_max,synthetic_n200_p0.1,3,30,20,20,204.0782682,73.4278537,101.0980334,378.6041554
revenue_max,synthetic_n200_p0.1,3,30,21,21,208.4466491,77.19765244,95.03355696,380.6778585
revenue_max,synthetic_n200_p0.1,3,30,22,22,212.4868059,80.69358807,90.21087629,383.3912703
revenue_max,synthetic_n200_p0.1,3,30,23,23,216.4991213,83.9539017,84.37562605,384.828649
revenue_max,synthetic_n200_p0.1,3,30,24,24,220.3289787,87.81591,80.69408562,388.8389743
revenue_max,synthetic_n200_p0.1,3,30,25,25,223.9494762,91.63248179,76.07916833,391.6611263
revenue_max,synthetic_n200_p0.1,3,30,26,26,227.2444134,94.65057503,71.65337414,393.5483625
revenue_max,synthetic_n200_p0.1,3,30,27,27,230.3651374,98.34708602,67.38094058,396.0931639
revenue_max,synthetic_n200_p0.1,3,30,28,28,233.35811,101.9239136,63.88060224,399.1626258
revenue_max,synthetic_n200_p0.1,3,30,29,29,236.2638103,105.1483979,59.6651503,401.0773585
revenue_max,synthetic_n200_p0.1,3,30,30,30,239.0074623,108.7532053,56.98480225,404.7454699
revenue_max,synthetic_n200_p0.1,3,35,0,0,0,0,513.4342903,513.4342903
revenue_max,synthetic_n200_p0.1,3,35,1,1,21.19589732,4.068269484,471.4082971,496.6724639
revenue_max,synthetic_n200_p0.1,3,35,2,2,40.67093675,8.083423517,431.388254,480.1426143
revenue_max,synthetic_n200_p0.1,3,35,3,3,59.00076313,11.98289733,389.7639299,460.7475903
revenue_max,synthetic_n200_p0.1,3,35,4,4,76.3310284,15.83502712,353.3703152,445.5363708
revenue_max,synthetic_n200_p0.1,3,35,5,5,90.39686165,19.52001482,322.3550433,432.2719198
revenue_max,synthetic_n200_p0.1,3,35,6,6,102.4402405,23.06500474,298.1611731,423.6664184
revenue_max,synthetic_n200_p0.1,3,35,7,7,114.0787202,26.5877087,273.3396459,414.0060748
revenue_max,synthetic_n200_p0.1,3,35,8,8,125.126088,29.98565512,249.6873117,404.7990548
revenue_max,synthetic_n200_p0.1,3,35,9,9,134.5581439,33.73753623,233.6170243,401.9127045
revenue_max,synthetic_n200_p0.1,3,35,10,10,143.8349035,37.36922089,214.485811,395.6899354
revenue_max,synthetic_n200_p0.1,3,35,11,11,152.1753758,41.01595567,195.3311045,388.522436
revenue_max,synthetic_n200_p0.1,3,35,12,12,159.8029509,45.0951973,184.6580442,389.5561923
revenue_max,synthetic_n200_p0.1,3,35,13,13,166.7923943,48.67636712,172.5485229,388.0172843
revenue_max,synthetic_n200_p0.1,3,35,14,14,173.1701431,52.24381757,159.8965775,385.3105381
revenue_max,synthetic_n200_p0.1,3,35,15,15,179.2347964,55.98602597,149.163966,384.3847884
revenue_max,synthetic_n200_p0.1,3,35,16,16,184.5151114,59.43642535,142.2881641,386.2397009
revenue_max,synthetic_n200_p0.1,3,35,17,17,189.6558145,63.12497345,135.2525856,388.0333736
revenue_max,synthetic_n200_p0.1,3,35,18,18,194.6017625,66.72852394,129.0130437,390.3433302
revenue_max,synthetic_n200_p0.1,3,35,19,19,199.5351108,70.07664519,120.9170239,390.5287799
revenue_max,synthetic_n200_p0.1,3,35,20,20,204.0782682,73.4278537,114.7464691,392.252591
revenue_max,synthetic_n200_p0.1,3,35,21,21,208.4466491,77.19765244,107.7314929,393.3757945
revenue_max,synthetic_n200_p0.1,3,35,22,22,212.4868059,80.69358807,102.31069,395.491084
revenue_max,synthetic_n200_p0.1,3,35,23,23,216.4991213,83.9539017,95.67201246,396.1250354
revenue_max,synthetic_n200_p0.1,3,35,24,24,220.3289787,87.81591,91.61342917,399.7583179
revenue_max,synthetic_n200_p0.1,3,35,25,25,223.9494762,91.63248179,86.40142666,401.9833847
revenue_max,synthetic_n200_p0.1,3,35,26,26,227.2444134,94.65057503,81.29010636,403.1850947
revenue_max,synthetic_n200_p0.1,3,35,27,27,230.3651374,98.34708602,76.51235884,405.2245822
revenue_max,synthetic_n200_p0.1,3,35,28,28,233.35811,101.9239136,72.74851737,408.030541
revenue_max,synthetic_n200_p0.1,3,35,29,29,236.2638103,105.1483979,67.42922835,408.8414365
revenue_max,synthetic_n200_p0.1,3,35,30,30,239.0074623,108.7532053,64.51188137,412.272549
revenue_max,synthetic_n200_p0.1,3,35,31,31,241.6001512,111.7388135,60.06590334,413.4048681
revenue_max,synthetic_n200_p0.1,3,35,32,32,244.1025613,115.2545976,55.57666903,414.933828
revenue_max,synthetic_n200_p0.1,3,35,33,33,246.5528226,118.6428793,51.86501003,417.060712
revenue_max,synthetic_n200_p0.1,3,35,34,34,248.6212257,121.8252186,49.65176539,420.0982097
revenue_max,synthetic_n200_p0.1,3,35,35,35,250.4583414,125.0535877,46.56414473,422.0760738
revenue_max,synthetic_n200_p0.1,3,40,0,0,0,0,525.7910301,525.7910301
revenue_max,synthetic_n200_p0.1,3,40,1,1,21.19589732,4.068269484,500.3626882,525.626855
revenue_max,synthetic_n200_p0.1,3,40,2,2,40.67093675,8.083423517,469.0452592,517.7996195
revenue_max,synthetic_n200_p0.1,3,40,3,3,59.00076313,11.98289733,426.0097131,496.9933736
revenue_max,synthetic_n200_p0.1,3,40,4,4,76.3310284,15.83502712,388.9236162,481.0896717
revenue_max,synthetic_n200_p0.1,3,40,5,5,90.39686165,19.52001482,355.5550755,465.471952
revenue_max,synthetic_n200_p0.1,3,40,6,6,102.4402405,23.06500474,329.4114222,454.9166675
revenue_max,synthetic_n200_p0.1,3,40,7,7,114.0787202,26.5877087,302.4988115,443.1652404
revenue_max,synthetic_n200_p0.1,3,40,8,8,125.126088,29.98565512,276.5873193,431.6990624
revenue_max,synthetic_n200_p0.1,3,40,9,9,134.5581439,33.73753623,259.5129039,427.8085841
revenue_max,synthetic_n200_p0.1,3,40,10,10,143.8349035,37.36922089,238.295856,419.4999804
revenue_max,synthetic_n200_p0.1,3,40,11,11,152.1753758,41.01595567,217.3163253,410.5076568
revenue_max,synthetic_n200_p0.1,3,40,12,12,159.8029509,45.0951973,205.6573877,410.5555359
revenue_max,synthetic_n200_p0.1,3,40,13,13,166.7923943,48.67636712,191.827108,407.2958694
revenue_max,synthetic_n200_p0.1,3,40,14,14,173.1701431,52.24381757,177.8804629,403.2944236
revenue_max,synthetic_n200_p0.1,3,40,15,15,179.2347964,55.98602597,165.9381684,401.1589908
revenue_max,synthetic_n200_p0.1,3,40,16,16,184.5151114,59.43642535,158.3847051,402.3362419
revenue_max,synthetic_n200_p0.1,3,40,17,17,189.6558145,63.12497345,150.5998588,403.3806467
revenue_max,synthetic_n200_p0.1,3,40,18,18,194.6017625,66.72852394,143.6254619,404.9557484
revenue_max,synthetic_n200_p0.1,3,40,19,19,199.5351108,70.07664519,134.5367897,404.1485457
revenue_max,synthetic_n200_p0.1,3,40,20,20,204.0782682,73.4278537,127.7275168,405.2336387
revenue_max,synthetic_n200_p0.1,3,40,21,21,208.4466491,77.19765244,119.8141646,405.4584662
revenue_max,synthetic_n200_p0.1,3,40,22,22,212.4868059,80.69358807,113.9675229,407.1479169
revenue_max,synthetic_n200_p0.1,3,40,23,23,216.4991213,83.9539017,106.5889731,407.0419961
revenue_max,synthetic_n200_p0.1,3,40,24,24,220.3289787,87.81591,102.059007,410.2038957
revenue_max,synthetic_n200_p0.1,3,40,25,25,223.9494762,91.63248179,96.29376175,411.8757197
revenue_max,synthetic_n200_p0.1,3,40,26,26,227.2444134,94.65057503,90.50244557,412.397434
revenue_max,synthetic_n200_p0.1,3,40,27,27,230.3651374,98.34708602,85.42288984,414.1351132
revenue_max,synthetic_n200_p0.1,3,40,28,28,233.35811,101.9239136,81.04240629,416.3244299
revenue_max,synthetic_n200_p0.1,3,40,29,29,236.2638103,105.1483979,74.83233359,416.2445417
revenue_max,synthetic_n200_p0.1,3,40,30,30,239.0074623,108.7532053,71.71427604,419.4749437
revenue_max,synthetic_n200_p0.1,3,40,31,31,241.6001512,111.7388135,66.59330477,419.9322695
revenue_max,synthetic_n200_p0.1,3,40,32,32,244.1025613,115.2545976,61.73703962,421.0941986
revenue_max,synthetic_n200_p0.1,3,40,33,33,246.5528226,118.6428793,57.64932166,422.8450236
revenue_max,synthetic_n200_p0.1,3,40,34,34,248.6212257,121.8252186,55.10897649,425.5554208
revenue_max,synthetic_n200_p0.1,3,40,35,35,250.4583414,125.0535877,51.71557979,427.2275089
revenue_max,synthetic_n200_p0.1,3,40,36,36,252.2459513,127.9618716,48.7780568,428.9858797
revenue_max,synthetic_n200_p0.1,3,40,37,37,253.9819902,131.305401,46.34197475,431.6293659
revenue_max,synthetic_n200_p0.1,3,40,38,38,255.6754314,134.4007058,43.68003018,433.7561674
revenue_max,synthetic_n200_p0.1,3,40,39,39,257.3345418,137.4507928,41.49467736,436.2800119
revenue_max,synthetic_n200_p0.1,3,40,40,40,258.9148939,140.794757,38.90730983,438.6169607
revenue_max,synthetic_n200_p0.1,3,45,0,0,0,0,525.7910301,525.7910301
revenue_max,synthetic_n200_p0.1,3,45,1,1,21.19589732,4.068269484,500.3626882,525.626855
revenue_max,synthetic_n200_p0.1,3,45,2,2,40.67093675,8.083423517,479.4047277,528.1590879
revenue_max,synthetic_n200_p0.1,3,45,3,3,59.00076313,11.98289733,443.2436034,514.2272639
revenue_max,synthetic_n200_p0.1,3,45,4,4,76.3310284,15.83502712,416.8935782,509.0596337
revenue_max,synthetic_n200_p0.1,3,45,5,5,90.39686165,19.52001482,383.2476741,493.1645505
revenue_max,synthetic_n200_p0.1,3,45,6,6,102.4402405,23.06500474,355.7138131,481.2190584
revenue_max,synthetic_n200_p0.1,3,45,7,7,114.0787202,26.5877087,328.3267011,468.99313
revenue_max,synthetic_n200_p0.1,3,45,8,8,125.126088,29.98565512,301.3087937,456.4205368
revenue_max,synthetic_n200_p0.1,3,45,9,9,134.5581439,33.73753623,283.3290591,451.6247393
revenue_max,synthetic_n200_p0.1,3,45,10,10,143.8349035,37.36922089,260.5683842,441.7725086
revenue_max,synthetic_n200_p0.1,3,45,11,11,152.1753758,41.01595567,238.302815,431.4941465
revenue_max,synthetic_n200_p0.1,3,45,12,12,159.8029509,45.0951973,225.521375,430.4195232
revenue_max,synthetic_n200_p0.1,3,45,13,13,166.7923943,48.67636712,209.8735805,425.3423419
revenue_max,synthetic_n200_p0.1,3,45,14,14,173.1701431,52.24381757,195.0394539,420.4534146
revenue_max,synthetic_n200_p0.1,3,45,15,15,179.2347964,55.98602597,181.9881341,417.2089565
revenue_max,synthetic_n200_p0.1,3,45,16,16,184.5151114,59.43642535,173.7788707,417.7304075
revenue_max,synthetic_n200_p0.1,3,45,17,17,189.6558145,63.12497345,165.2460626,418.0268506
revenue_max,synthetic_n200_p0.1,3,45,18,18,194.6017625,66.72852394,157.6069545,418.937241
revenue_max,synthetic_n200_p0.1,3,45,19,19,199.5351108,70.07664519,147.4104206,417.0221766
revenue_max,synthetic_n200_p0.1,3,45,20,20,204.0782682,73.4278537,139.9634867,417.4696086
revenue_max,synthetic_n200_p0.1,3,45,21,21,208.4466491,77.19765244,131.5780401,417.2223416
revenue_max,synthetic_n200_p0.1,3,45,22,22,212.4868059,80.69358807,125.3891743,418.5695683
revenue_max,synthetic_n200_p0.1,3,45,23,23,216.4991213,83.9539017,117.1115859,417.5646089
revenue_max,synthetic_n200_p0.1,3,45,24,24,220.3289787,87.81591,112.1819176,420.3268063
revenue_max,synthetic_n200_p0.1,3,45,25,25,223.9494762,91.63248179,105.843193,421.425151
revenue_max,synthetic_n200_p0.1,3,45,26,26,227.2444134,94.65057503,99.44487359,421.339862
revenue_max,synthetic_n200_p0.1,3,45,27,27,230.3651374,98.34708602,93.61005315,422.3222765
revenue_max,synthetic_n200_p0.1,3,45,28,28,233.35811,101.9239136,88.66653523,423.9485588
revenue_max,synthetic_n200_p0.1,3,45,29,29,236.2638103,105.1483979,81.95249006,423.3646982
revenue_max,synthetic_n200_p0.1,3,45,30,30,239.0074623,108.7532053,78.51498806,426.2756557
revenue_max,synthetic_n200_p0.1,3,45,31,31,241.6001512,111.7388135,72.91006085,426.2490256
revenue_max,synthetic_n200_p0.1,3,45,32,32,244.1025613,115.2545976,67.70189389,427.0590528
revenue_max,synthetic_n200_p0.1,3,45,33,33,246.5528226,118.6428793,63.12175883,428.3174608
revenue_max,synthetic_n200_p0.1,3,45,34,34,248.6212257,121.8252186,60.43464047,430.8810848
revenue_max,synthetic_n200_p0.1,3,45,35,35,250.4583414,125.0535877,56.65710476,432.1690339
revenue_max,synthetic_n200_p0.1,3,45,36,36,252.2459513,127.9618716,53.36041595,433.5682388
revenue_max,synthetic_n200_p0.1,3,45,37,37,253.9819902,131.305401,50.75441594,436.0418071
revenue_max,synthetic_n200_p0.1,3,45,38,38,255.6754314,134.4007058,47.71107282,437.78721
revenue_max,synthetic_n200_p0.1,3,45,39,39,257.3345418,137.4507928,45.09066779,439.8760023
revenue_max,synthetic_n200_p0.1,3,45,40,40,258.9148939,140.794757,42.28473739,441.9943882
revenue_max,synthetic_n200_p0.1,3,45,41,41,260.4582443,144.0101073,37.34543996,441.8137915
revenue_max,synthetic_n200_p0.1,3,45,42,42,261.9617478,147.2501003,34.96783994,444.1796881
revenue_max,synthetic_n200_p0.1,3,45,43,43,263.3527561,150.6789358,31.83205196,445.8637439
revenue_max,synthetic_n200_p0.1,3,45,44,44,264.5527093,153.5722023,29.16771208,447.2926237
revenue_max,synthetic_n200_p0.1,3,45,45,45,265.6894154,157.1692565,25.81121611,448.669888
revenue_max,synthetic_n200_p0.1,3,50,0,0,0,0,525.7910301,525.7910301
revenue_max,synthetic_n200_p0.1,3,50,1,1,21.19589732,4.068269484,500.3626882,525.626855
revenue_max,synthetic_n200_p0.1,3,50,2,2,40.67093675,8.083423517,479.4047277,528.1590879
revenue_max,synthetic_n200_p0.1,3,50,3,3,59.00076313,11.98289733,443.2436034,514.2272639
revenue_max,synthetic_n200_p0.1,3,50,4,4,76.3310284,15.83502712,424.1509167,516.3169722
revenue_max,synthetic_n200_p0.1,3,50,5,5,90.39686165,19.52001482,403.4061066,513.3229831
revenue_max,synthetic_n200_p0.1,3,50,6,6,102.4402405,23.06500474,377.9834572,503.4887025
revenue_max,synthetic_n200_p0.1,3,50,7,7,114.0787202,26.5877087,350.6612094,491.3276383
revenue_max,synthetic_n200_p0.1,3,50,8,8,125.126088,29.98565512,323.1945831,478.3063262
revenue_max,synthetic_n200_p0.1,3,50,9,9,134.5581439,33.73753623,304.7060697,473.0017498
revenue_max,synthetic_n200_p0.1,3,50,10,10,143.8349035,37.36922089,280.9145452,462.1186695
revenue_max,synthetic_n200_p0.1,3,50,11,11,152.1753758,41.01595567,257.8726996,451.064031
revenue_max,synthetic_n200_p0.1,3,50,12,12,159.8029509,45.0951973,244.1789577,449.0771058
revenue_max,synthetic_n200_p0.1,3,50,13,13,166.7923943,48.67636712,226.9193371,442.3880985
revenue_max,synthetic_n200_p0.1,3,50,14,14,173.1701431,52.24381757,211.3852946,436.7992552
revenue_max,synthetic_n200_p0.1,3,50,15,15,179.2347964,55.98602597,197.1959451,432.4167675
revenue_max,synthetic_n200_p0.1,3,50,16,16,184.5151114,59.43642535,188.5294542,432.480991
revenue_max,synthetic_n200_p0.1,3,50,17,17,189.6558145,63.12497345,179.2018905,431.9826785
revenue_max,synthetic_n200_p0.1,3,50,18,18,194.6017625,66.72852394,170.7061602,432.0364467
revenue_max,synthetic_n200_p0.1,3,50,19,19,199.5351108,70.07664519,159.7475627,429.3593187
revenue_max,synthetic_n200_p0.1,3,50,20,20,204.0782682,73.4278537,151.9156119,429.4217338
revenue_max,synthetic_n200_p0.1,3,50,21,21,208.4466491,77.19765244,143.0355369,428.6798385
revenue_max,synthetic_n200_p0.1,3,50,22,22,212.4868059,80.69358807,136.2630591,429.4434531
revenue_max,synthetic_n200_p0.1,3,50,23,23,216.4991213,83.9539017,127.2135092,427.6665321
revenue_max,synthetic_n200_p0.1,3,50,24,24,220.3289787,87.81591,121.8448434,429.9897321
revenue_max,synthetic_n200_p0.1,3,50,25,25,223.9494762,91.63248179,115.0218355,430.6037935
revenue_max,synthetic_n200_p0.1,3,50,26,26,227.2444134,94.65057503,107.8186467,429.7136351
revenue_max,synthetic_n200_p0.1,3,50,27,27,230.3651374,98.34708602,101.3392345,430.0514578
revenue_max,synthetic_n200_p0.1,3,50,28,28,233.35811,101.9239136,96.00647677,431.2885004
revenue_max,synthetic_n200_p0.1,3,50,29,29,236.2638103,105.1483979,88.63426334,430.0464715
revenue_max,synthetic_n200_p0.1,3,50,30,30,239.0074623,108.7532053,85.07544632,432.8361139
revenue_max,synthetic_n200_p0.1,3,50,31,31,241.6001512,111.7388135,79.0429217,432.3818865
revenue_max,synthetic_n200_p0.1,3,50,32,32,244.1025613,115.2545976,73.42789965,432.7850586
revenue_max,synthetic_n200_p0.1,3,50,33,33,246.5528226,118.6428793,68.3122347,433.5079367
revenue_max,synthetic_n200_p0.1,3,50,34,34,248.6212257,121.8252186,65.42765714,435.8741014
revenue_max,synthetic_n200_p0.1,3,50,35,35,250.4583414,125.0535877,61.3753712,436.8873003
revenue_max,synthetic_n200_p0.1,3,50,36,36,252.2459513,127.9618716,57.84777808,438.055601
revenue_max,synthetic_n200_p0.1,3,50,37,37,253.9819902,131.305401,54.84929423,440.1366854
revenue_max,synthetic_n200_p0.1,3,50,38,38,255.6754314,134.4007058,51.45588794,441.5320251
revenue_max,synthetic_n200_p0.1,3,50,39,39,257.3345418,137.4507928,48.54490494,443.3302395
revenue_max,synthetic_n200_p0.1,3,50,40,40,258.9148939,140.794757,45.42710292,445.1367537
revenue_max,synthetic_n200_p0.1,3,50,41,41,260.4582443,144.0101073,39.9392239,444.4075755
revenue_max,synthetic_n200_p0.1,3,50,42,42,261.9617478,147.2501003,37.2938265,446.5056746
revenue_max,synthetic_n200_p0.1,3,50,43,43,263.3527561,150.6789358,33.94845183,447.9801438
revenue_max,synthetic_n200_p0.1,3,50,44,44,264.5527093,153.5722023,31.03543628,449.1603479
revenue_max,synthetic_n200_p0.1,3,50,45,45,265.6894154,157.1692565,27.31616901,450.1748409
revenue_max,synthetic_n200_p0.1,3,50,46,46,266.8085699,160.3508996,23.117774,450.2772435
revenue_max,synthetic_n200_p0.1,3,50,47,47,267.8332367,163.8227202,20.31409865,451.9700556
revenue_max,synthetic_n200_p0.1,3,50,48,48,268.8350427,167.4440052,18.40532363,454.6843715
revenue_max,synthetic_n200_p0.1,3,50,49,49,269.6910599,170.7637523,15.24984242,455.7046546
revenue_max,synthetic_n200_p0.1,3,50,50,50,270.4946186,173.6413339,13.02145173,457.1574042
revenue_max,synthetic_n200_p0.1,3,55,0,0,0,0,525.7910301,525.7910301
revenue_max,synthetic_n200_p0.1,3,55,1,1,21.19589732,4.068269484,500.3626882,525.626855
revenue_max,synthetic_n200_p0.1,3,55,2,2,40.67093675,8.083423517,479.4047277,528.1590879
revenue_max,synthetic_n200_p0.1,3,55,3,3,59.00076313,11.98289733,443.2436034,514.2272639
revenue_max,synthetic_n200_p0.1,3,55,4,4,76.3310284,15.83502712,424.1509167,516.3169722
revenue_max,synthetic_n200_p0.1,3,55,5,5,90.39686165,19.52001482,404.1633824,514.0802589
revenue_max,synthetic_n200_p0.1,3,55,6,6,102.4402405,23.06500474,388.2133415,513.7185868
revenue_max,synthetic_n200_p0.1,3,55,7,7,114.0787202,26.5877087,369.7005471,510.366976
revenue_max,synthetic_n200_p0.1,3,55,8,8,125.126088,29.98565512,342.1617079,497.2734511
revenue_max,synthetic_n200_p0.1,3,55,9,9,134.5581439,33.73753623,322.7765212,491.0722014
revenue_max,synthetic_n200_p0.1,3,55,10,10,143.8349035,37.36922089,299.2755203,480.4796447
revenue_max,synthetic_n200_p0.1,3,55,11,11,152.1753758,41.01595567,275.8980143,469.0893457
revenue_max,synthetic_n200_p0.1,3,55,12,12,159.8029509,45.0951973,261.3228922,466.2210404
revenue_max,synthetic_n200_p0.1,3,55,13,13,166.7923943,48.67636712,243.0950569,458.5638183
revenue_max,synthetic_n200_p0.1,3,55,14,14,173.1701431,52.24381757,226.8145772,452.2285379
revenue_max,synthetic_n200_p0.1,3,55,15,15,179.2347964,55.98602597,211.8902504,447.1110728
revenue_max,synthetic_n200_p0.1,3,55,16,16,184.5151114,59.43642535,202.4876781,446.4392149
revenue_max,synthetic_n200_p0.1,3,55,17,17,189.6558145,63.12497345,192.446176,445.226964
revenue_max,synthetic_n200_p0.1,3,55,18,18,194.6017625,66.72852394,183.234874,444.5651604
revenue_max,synthetic_n200_p0.1,3,55,19,19,199.5351108,70.07664519,171.6129345,441.2246905
revenue_max,synthetic_n200_p0.1,3,55,20,20,204.0782682,73.4278537,163.2533842,440.7595061
revenue_max,synthetic_n200_p0.1,3,55,21,21,208.4466491,77.19765244,153.7230438,439.3673454
revenue_max,synthetic_n200_p0.1,3,55,22,22,212.4868059,80.69358807,146.3160757,439.4964697
revenue_max,synthetic_n200_p0.1,3,55,23,23,216.4991213,83.9539017,136.95212,437.405143
revenue_max,synthetic_n200_p0.1,3,55,24,24,220.3289787,87.81591,131.1744452,439.3193339
revenue_max,synthetic_n200_p0.1,3,55,25,25,223.9494762,91.63248179,123.9428254,439.5247834
revenue_max,synthetic_n200_p0.1,3,55,26,26,227.2444134,94.65057503,115.5921496,437.487138
revenue_max,synthetic_n200_p0.1,3,55,27,27,230.3651374,98.34708602,108.6935263,437.4057497
revenue_max,synthetic_n200_p0.1,3,55,28,28,233.35811,101.9239136,102.9654634,438.247487
revenue_max,synthetic_n200_p0.1,3,55,29,29,236.2638103,105.1483979,94.99672863,436.4089368
revenue_max,synthetic_n200_p0.1,3,55,30,30,239.0074623,108.7532053,91.36583437,439.126502
revenue_max,synthetic_n200_p0.1,3,55,31,31,241.6001512,111.7388135,84.83268525,438.17165
revenue_max,synthetic_n200_p0.1,3,55,32,32,244.1025613,115.2545976,78.87258211,438.229741
revenue_max,synthetic_n200_p0.1,3,55,33,33,246.5528226,118.6428793,73.32048976,438.5161917
revenue_max,synthetic_n200_p0.1,3,55,34,34,248.6212257,121.8252186,70.23657655,440.6830209
revenue_max,synthetic_n200_p0.1,3,55,35,35,250.4583414,125.0535877,65.96465281,441.4765819
revenue_max,synthetic_n200_p0.1,3,55,36,36,252.2459513,127.9618716,62.09060681,442.2984297
revenue_max,synthetic_n200_p0.1,3,55,37,37,253.9819902,131.305401,58.71210715,443.9994983
revenue_max,synthetic_n200_p0.1,3,55,38,38,255.6754314,134.4007058,54.96900674,445.0451439
revenue_max,synthetic_n200_p0.1,3,55,39,39,257.3345418,137.4507928,51.8683403,446.6536748
revenue_max,synthetic_n200_p0.1,3,55,40,40,258.9148939,140.794757,48.23510675,447.9447576
revenue_max,synthetic_n200_p0.1,3,55,41,41,260.4582443,144.0101073,42.26802477,446.7363764
revenue_max,synthetic_n200_p0.1,3,55,42,42,261.9617478,147.2501003,39.39689158,448.6087397
revenue_max,synthetic_n200_p0.1,3,55,43,43,263.3527561,150.6789358,35.86154591,449.8932378
revenue_max,synthetic_n200_p0.1,3,55,44,44,264.5527093,153.5722023,32.6502373,450.7751489
revenue_max,synthetic_n200_p0.1,3,55,45,45,265.6894154,157.1692565,28.63481188,451.4934838
revenue_max,synthetic_n200_p0.1,3,55,46,46,266.8085699,160.3508996,24.22583149,451.385301
revenue_max,synthetic_n200_p0.1,3,55,47,47,267.8332367,163.8227202,21.22334802,452.8793049
revenue_max,synthetic_n200_p0.1,3,55,48,48,268.8350427,167.4440052,18.99202504,455.2710729
revenue_max,synthetic_n200_p0.1,3,55,49,49,269.6910599,170.7637523,15.49766661,455.9524788
revenue_max,synthetic_n200_p0.1,3,55,50,50,270.4946186,173.6413339,13.06682368,457.2027762
revenue_max,synthetic_n200_p0.1,3,55,51,51,271.1266671,176.380038,11.09706867,458.6037738
revenue_max,synthetic_n200_p0.1,3,55,52,52,271.7574872,179.6455449,9.448599024,460.8516311
revenue_max,synthetic_n200_p0.1,3,55,53,53,272.3806889,182.7873789,8.226989741,463.3950575
revenue_max,synthetic_n200_p0.1,3,55,54,54,273.001102,185.5016029,7.040776951,465.5434818
revenue_max,synthetic_n200_p0.1,3,55,55,55,273.5518677,188.7827206,5.836049774,468.1706381
revenue_max,synthetic_n200_p0.1,3,60,0,0,0,0,525.7910301,525.7910301
revenue_max,synthetic_n200_p0.1,3,60,1,1,21.19589732,4.068269484,500.3626882,525.626855
revenue_max,synthetic_n200_p0.1,3,60,2,2,40.67093675,8.083423517,479.4047277,528.1590879
revenue_max,synthetic_n200_p0.1,3,60,3,3,59.00076313,11.98289733,443.2436034,514.2272639
revenue_max,synthetic_n200_p0.1,3,60,4,4,76.3310284,15.83502712,424.1509167,516.3169722
revenue_max,synthetic_n200_p0.1,3,60,5,5,90.39686165,19.52001482,404.1633824,514.0802589
revenue_max,synthetic_n200_p0.1,3,60,6,6,102.4402405,23.06500474,388.2133415,513.7185868
revenue_max,synthetic_n200_p0.1,3,60,7,7,114.0787202,26.5877087,378.2763329,518.9427618
revenue_max,synthetic_n200_p0.1,3,60,8,8,125.126088,29.98565512,357.0840018,512.195745
revenue_max,synthetic_n200_p0.1,3,60,9,9,134.5581439,33.73753623,338.0040786,506.2997587
revenue_max,synthetic_n200_p0.1,3,60,10,10,143.8349035,37.36922089,315.6512989,496.8554233
revenue_max,synthetic_n200_p0.1,3,60,11,11,152.1753758,41.01595567,292.0060041,485.1973355
revenue_max,synthetic_n200_p0.1,3,60,12,12,159.8029509,45.0951973,276.6633593,481.5615075
revenue_max,synthetic_n200_p0.1,3,60,13,13,166.7923943,48.67636712,258.1118046,473.580566
revenue_max,synthetic_n200_p0.1,3,60,14,14,173.1701431,52.24381757,241.3216565,466.7356171
revenue_max,synthetic_n200_p0.1,3,60,15,15,179.2347964,55.98602597,225.9804848,461.2013072
revenue_max,synthetic_n200_p0.1,3,60,16,16,184.5151114,59.43642535,215.7446986,459.6962354
revenue_max,synthetic_n200_p0.1,3,60,17,17,189.6558145,63.12497345,204.8872753,457.6680632
revenue_max,synthetic_n200_p0.1,3,60,18,18,194.6017625,66.72852394,195.0020207,456.3323072
revenue_max,synthetic_n200_p0.1,3,60,19,19,199.5351108,70.07664519,182.5282191,452.1399751
revenue_max,synthetic_n200_p0.1,3,60,20,20,204.0782682,73.4278537,173.9019127,451.4080346
revenue_max,synthetic_n200_p0.1,3,60,21,21,208.4466491,77.19765244,163.911747,449.5560486
revenue_max,synthetic_n200_p0.1,3,60,22,22,212.4868059,80.69358807,155.8955226,449.0759166
revenue_max,synthetic_n200_p0.1,3,60,23,23,216.4991213,83.9539017,146.2989388,446.7519618
revenue_max,synthetic_n200_p0.1,3,60,24,24,220.3289787,87.81591,140.0207596,448.1656483
revenue_max,synthetic_n200_p0.1,3,60,25,25,223.9494762,91.63248179,132.3870934,447.9690514
revenue_max,synthetic_n200_p0.1,3,60,26,26,227.2444134,94.65057503,122.9373066,444.8322949
revenue_max,synthetic_n200_p0.1,3,60,27,27,230.3651374,98.34708602,115.6785963,444.3908197
revenue_max,synthetic_n200_p0.1,3,60,28,28,233.35811,101.9239136,109.6923304,444.974354
revenue_max,synthetic_n200_p0.1,3,60,29,29,236.2638103,105.1483979,101.1508542,442.5630623
revenue_max,synthetic_n200_p0.1,3,60,30,30,239.0074623,108.7532053,97.33990989,445.1005775
revenue_max,synthetic_n200_p0.1,3,60,31,31,241.6001512,111.7388135,90.38977347,443.7287382
revenue_max,synthetic_n200_p0.1,3,60,32,32,244.1025613,115.2545976,84.09714495,443.4543039
revenue_max,synthetic_n200_p0.1,3,60,33,33,246.5528226,118.6428793,78.2286733,443.4243753
revenue_max,synthetic_n200_p0.1,3,60,34,34,248.6212257,121.8252186,74.95332882,445.3997731
revenue_max,synthetic_n200_p0.1,3,60,35,35,250.4583414,125.0535877,70.36842187,445.880351
revenue_max,synthetic_n200_p0.1,3,60,36,36,252.2459513,127.9618716,66.18296199,446.3907849
revenue_max,synthetic_n200_p0.1,3,60,37,37,253.9819902,131.305401,62.36351611,447.6509073
revenue_max,synthetic_n200_p0.1,3,60,38,38,255.6754314,134.4007058,58.40012503,448.4762622
revenue_max,synthetic_n200_p0.1,3,60,39,39,257.3345418,137.4507928,54.87199391,449.6573284
revenue_max,synthetic_n200_p0.1,3,60,40,40,258.9148939,140.794757,50.62391542,450.3335662
revenue_max,synthetic_n200_p0.1,3,60,41,41,260.4582443,144.0101073,44.38481487,448.8531665
revenue_max,synthetic_n200_p0.1,3,60,42,42,261.9617478,147.2501003,41.37052564,450.5823738
revenue_max,synthetic_n200_p0.1,3,60,43,43,263.3527561,150.6789358,37.60923498,451.6409269
revenue_max,synthetic_n200_p0.1,3,60,44,44,264.5527093,153.5722023,34.10489367,452.2298053
revenue_max,synthetic_n200_p0.1,3,60,45,45,265.6894154,157.1692565,29.86797025,452.7266421
revenue_max,synthetic_n200_p0.1,3,60,46,46,266.8085699,160.3508996,25.18738018,452.3468497
revenue_max,synthetic_n200_p0.1,3,60,47,47,267.8332367,163.8227202,21.97640412,453.632361
revenue_max,synthetic_n200_p0.1,3,60,48,48,268.8350427,167.4440052,19.40692504,455.6859729
revenue_max,synthetic_n200_p0.1,3,60,49,49,269.6910599,170.7637523,15.55499357,456.0098057
revenue_max,synthetic_n200_p0.1,3,60,50,50,270.4946186,173.6413339,13.06682368,457.2027762
revenue_max,synthetic_n200_p0.1,3,60,51,51,271.1266671,176.380038,11.09706867,458.6037738
revenue_max,synthetic_n200_p0.1,3,60,52,52,271.7574872,179.6455449,9.448599024,460.8516311
revenue_max,synthetic_n200_p0.1,3,60,53,53,272.3806889,182.7873789,8.226989741,463.3950575
revenue_max,synthetic_n200_p0.1,3,60,54,54,273.001102,185.5016029,7.040776951,465.5434818
revenue_max,synthetic_n200_p0.1,3,60,55,55,273.5518677,188.7827206,5.836049774,468.1706381
revenue_max,synthetic_n200_p0.1,3,60,56,56,273.991699,192.0809059,4.01548579,470.0880907
revenue_max,synthetic_n200_p0.1,3,60,57,57,274.3989956,195.5120936,2.640290737,472.55138
revenue_max,synthetic_n200_p0.1,3,60,58,58,274.7071431,198.2312455,2.071864414,475.010253
revenue_max,synthetic_n200_p0.1,3,60,59,59,274.962285,201.4520158,1.438920682,477.8532214
revenue_max,synthetic_n200_p0.1,3,60,60,60,275.2131188,204.9629388,1.01786246,481.1939201
revenue_max,synthetic_n200_p0.1,3,65,0,0,0,0,525.7910301,525.7910301
revenue_max,synthetic_n200_p0.1,3,65,1,1,21.19589732,4.068269484,500.3626882,525.626855
revenue_max,synthetic_n200_p0.1,3,65,2,2,40.67093675,8.083423517,479.4047277,528.1590879
revenue_max,synthetic_n200_p0.1,3,65,3,3,59.00076313,11.98289733,443.2436034,514.2272639
revenue_max,synthetic_n200_p0.1,3,65,4,4,76.3310284,15.83502712,424.1509167,516.3169722
revenue_max,synthetic_n200_p0.1,3,65,5,5,90.39686165,19.52001482,404.1633824,514.0802589
revenue_max,synthetic_n200_p0.1,3,65,6,6,102.4402405,23.06500474,388.2133415,513.7185868
revenue_max,synthetic_n200_p0.1,3,65,7,7,114.0787202,26.5877087,378.2763329,518.9427618
revenue_max,synthetic_n200_p0.1,3,65,8,8,125.126088,29.98565512,360.2731197,515.3848628
revenue_max,synthetic_n200_p0.1,3,65,9,9,134.5581439,33.73753623,347.4388625,515.7345426
revenue_max,synthetic_n200_p0.1,3,65,10,10,143.8349035,37.36922089,330.310427,511.5145514
revenue_max,synthetic_n200_p0.1,3,65,11,11,152.1753758,41.01595567,306.5539323,499.7452638
revenue_max,synthetic_n200_p0.1,3,65,12,12,159.8029509,45.0951973,290.7377609,495.635909
revenue_max,synthetic_n200_p0.1,3,65,13,13,166.7923943,48.67636712,272.2722841,487.7410454
revenue_max,synthetic_n200_p0.1,3,65,14,14,173.1701431,52.24381757,255.1299669,480.5439275
revenue_max,synthetic_n200_p0.1,3,65,15,15,179.2347964,55.98602597,239.0491501,474.2699724
revenue_max,synthetic_n200_p0.1,3,65,16,16,184.5151114,59.43642535,228.1384109,472.0899477
revenue_max,synthetic_n200_p0.1,3,65,17,17,189.6558145,63.12497345,216.3731209,469.1539089
revenue_max,synthetic_n200_p0.1,3,65,18,18,194.6017625,66.72852394,205.981813,467.3120994
revenue_max,synthetic_n200_p0.1,3,65,19,19,199.5351108,70.07664519,192.7371354,462.3488914
revenue_max,synthetic_n200_p0.1,3,65,20,20,204.0782682,73.4278537,183.9815531,461.4876751
revenue_max,synthetic_n200_p0.1,3,65,21,21,208.4466491,77.19765244,173.5741017,459.2184033
revenue_max,synthetic_n200_p0.1,3,65,22,22,212.4868059,80.69358807,165.0757496,458.2561436
revenue_max,synthetic_n200_p0.1,3,65,23,23,216.4991213,83.9539017,154.7485454,455.2015684
revenue_max,synthetic_n200_p0.1,3,65,24,24,220.3289787,87.81591,147.9443015,456.0891902
revenue_max,synthetic_n200_p0.1,3,65,25,25,223.9494762,91.63248179,140.3068941,455.888852
revenue_max,synthetic_n200_p0.1,3,65,26,26,227.2444134,94.65057503,129.881902,451.7768904
revenue_max,synthetic_n200_p0.1,3,65,27,27,230.3651374,98.34708602,122.4208646,451.133088
revenue_max,synthetic_n200_p0.1,3,65,28,28,233.35811,101.9239136,116.1590079,451.4410315
revenue_max,synthetic_n200_p0.1,3,65,29,29,236.2638103,105.1483979,107.0773776,448.4895858
revenue_max,synthetic_n200_p0.1,3,65,30,30,239.0074623,108.7532053,103.0007906,450.7614582
revenue_max,synthetic_n200_p0.1,3,65,31,31,241.6001512,111.7388135,95.78742737,449.1263921
revenue_max,synthetic_n200_p0.1,3,65,32,32,244.1025613,115.2545976,89.14695714,448.5041161
revenue_max,synthetic_n200_p0.1,3,65,33,33,246.5528226,118.6428793,83.02264935,448.2183513
revenue_max,synthetic_n200_p0.1,3,65,34,34,248.6212257,121.8252186,79.5013887,449.947833
revenue_max,synthetic_n200_p0.1,3,65,35,35,250.4583414,125.0535877,74.6269122,450.1388413
revenue_max,synthetic_n200_p0.1,3,65,36,36,252.2459513,127.9618716,70.01862511,450.226448
revenue_max,synthetic_n200_p0.1,3,65,37,37,253.9819902,131.305401,65.86093177,451.1483229
revenue_max,synthetic_n200_p0.1,3,65,38,38,255.6754314,134.4007058,61.57006749,451.6462047
revenue_max,synthetic_n200_p0.1,3,65,39,39,257.3345418,137.4507928,57.51254185,452.2978764
revenue_max,synthetic_n200_p0.1,3,65,40,40,258.9148939,140.794757,52.85981476,452.5694656
revenue_max,synthetic_n200_p0.1,3,65,41,41,260.4582443,144.0101073,46.39706257,450.8654142
revenue_max,synthetic_n200_p0.1,3,65,42,42,261.9617478,147.2501003,43.16690804,452.3787562
revenue_max,synthetic_n200_p0.1,3,65,43,43,263.3527561,150.6789358,39.16262665,453.1943186
revenue_max,synthetic_n200_p0.1,3,65,44,44,264.5527093,153.5722023,35.37088092,453.4957925
revenue_max,synthetic_n200_p0.1,3,65,45,45,265.6894154,157.1692565,30.98679227,453.8454642
revenue_max,synthetic_n200_p0.1,3,65,46,46,266.8085699,160.3508996,26.01438038,453.1738499
revenue_max,synthetic_n200_p0.1,3,65,47,47,267.8332367,163.8227202,22.51368242,454.1696393
revenue_max,synthetic_n200_p0.1,3,65,48,48,268.8350427,167.4440052,19.58588042,455.8649282
revenue_max,synthetic_n200_p0.1,3,65,49,49,269.6910599,170.7637523,15.55499357,456.0098057
revenue_max,synthetic_n200_p0.1,3,65,50,50,270.4946186,173.6413339,13.06682368,457.2027762
revenue_max,synthetic_n200_p0.1,3,65,51,51,271.1266671,176.380038,11.09706867,458.6037738
revenue_max,synthetic_n200_p0.1,3,65,52,52,271.7574872,179.6455449,9.448599024,460.8516311
revenue_max,synthetic_n200_p0.1,3,65,53,53,272.3806889,182.7873789,8.226989741,463.3950575
revenue_max,synthetic_n200_p0.1,3,65,54,54,273.001102,185.5016029,7.040776951,465.5434818
revenue_max,synthetic_n200_p0.1,3,65,55,55,273.5518677,188.7827206,5.836049774,468.1706381
revenue_max,synthetic_n200_p0.1,3,65,56,56,273.991699,192.0809059,4.01548579,470.0880907
revenue_max,synthetic_n200_p0.1,3,65,57,57,274.3989956,195.5120936,2.640290737,472.55138
revenue_max,synthetic_n200_p0.1,3,65,58,58,274.7071431,198.2312455,2.071864414,475.010253
revenue_max,synthetic_n200_p0.1,3,65,59,59,274.962285,201.4520158,1.438920682,477.8532214
revenue_max,synthetic_n200_p0.1,3,65,60,60,275.2131188,204.9629388,1.01786246,481.1939201
revenue_max,synthetic_n200_p0.1,3,65,61,61,275.4291332,208.1467628,0.6744742278,484.2503702
revenue_max,synthetic_n200_p0.1,3,65,62,62,275.6154444,210.9296868,0.4407565642,486.9858877
revenue_max,synthetic_n200_p0.1,3,65,63,63,275.7684254,213.6148309,0.2648508177,489.6481071
revenue_max,synthetic_n200_p0.1,3,65,64,64,275.8835396,217.1071426,0.03959200447,493.0302742
revenue_max,synthetic_n200_p0.1,3,65,65,65,275.9231316,220.4496928,0,496.3728244
revenue_max,synthetic_n200_p0.1,3,70,0,0,0,0,525.7910301,525.7910301
revenue_max,synthetic_n200_p0.1,3,70,1,1,21.19589732,4.068269484,500.3626882,525.626855
revenue_max,synthetic_n200_p0.1,3,70,2,2,40.67093675,8.083423517,479.4047277,528.1590879
revenue_max,synthetic_n200_p0.1,3,70,3,3,59.00076313,11.98289733,443.2436034,514.2272639
revenue_max,synthetic_n200_p0.1,3,70,4,4,76.3310284,15.83502712,424.1509167,516.3169722
revenue_max,synthetic_n200_p0.1,3,70,5,5,90.39686165,19.52001482,404.1633824,514.0802589
revenue_max,synthetic_n200_p0.1,3,70,6,6,102.4402405,23.06500474,388.2133415,513.7185868
revenue_max,synthetic_n200_p0.1,3,70,7,7,114.0787202,26.5877087,378.2763329,518.9427618
revenue_max,synthetic_n200_p0.1,3,70,8,8,125.126088,29.98565512,360.2731197,515.3848628
revenue_max,synthetic_n200_p0.1,3,70,9,9,134.5581439,33.73753623,347.4388625,515.7345426
revenue_max,synthetic_n200_p0.1,3,70,10,10,143.8349035,37.36922089,339.9341827,521.1383071
revenue_max,synthetic_n200_p0.1,3,70,11,11,152.1753758,41.01595567,316.9389221,510.1302536
revenue_max,synthetic_n200_p0.1,3,70,12,12,159.8029509,45.0951973,302.2959672,507.1941153
revenue_max,synthetic_n200_p0.1,3,70,13,13,166.7923943,48.67636712,284.603695,500.0724564
revenue_max,synthetic_n200_p0.1,3,70,14,14,173.1701431,52.24381757,267.1216498,492.5356104
revenue_max,synthetic_n200_p0.1,3,70,15,15,179.2347964,55.98602597,250.6039691,485.8247915
revenue_max,synthetic_n200_p0.1,3,70,16,16,184.5151114,59.43642535,239.7272911,483.6788279
revenue_max,synthetic_n200_p0.1,3,70,17,17,189.6558145,63.12497345,226.8529607,479.6337487
revenue_max,synthetic_n200_p0.1,3,70,18,18,194.6017625,66.72852394,216.3593048,477.6895913
revenue_max,synthetic_n200_p0.1,3,70,19,19,199.5351108,70.07664519,202.462403,472.074159
revenue_max,synthetic_n200_p0.1,3,70,20,20,204.0782682,73.4278537,193.4944613,471.0005833
revenue_max,synthetic_n200_p0.1,3,70,21,21,208.4466491,77.19765244,182.5780447,468.2223463
revenue_max,synthetic_n200_p0.1,3,70,22,22,212.4868059,80.69358807,173.3205857,466.5009797
revenue_max,synthetic_n200_p0.1,3,70,23,23,216.4991213,83.9539017,162.2326855,462.6857085
revenue_max,synthetic_n200_p0.1,3,70,24,24,220.3289787,87.81591,155.3554736,463.5003622
revenue_max,synthetic_n200_p0.1,3,70,25,25,223.9494762,91.63248179,147.5452374,463.1271954
revenue_max,synthetic_n200_p0.1,3,70,26,26,227.2444134,94.65057503,136.614201,458.5091894
revenue_max,synthetic_n200_p0.1,3,70,27,27,230.3651374,98.34708602,128.8687703,457.5809936
revenue_max,synthetic_n200_p0.1,3,70,28,28,233.35811,101.9239136,122.3187663,457.6007899
revenue_max,synthetic_n200_p0.1,3,70,29,29,236.2638103,105.1483979,112.6848291,454.0970373
revenue_max,synthetic_n200_p0.1,3,70,30,30,239.0074623,108.7532053,108.4506858,456.2113534
revenue_max,synthetic_n200_p0.1,3,70,31,31,241.6001512,111.7388135,101.0147634,454.3537282
revenue_max,synthetic_n200_p0.1,3,70,32,32,244.1025613,115.2545976,94.04325174,453.4004107
revenue_max,synthetic_n200_p0.1,3,70,33,33,246.5528226,118.6428793,87.64533321,452.8410352
revenue_max,synthetic_n200_p0.1,3,70,34,34,248.6212257,121.8252186,83.92564695,454.3720913
revenue_max,synthetic_n200_p0.1,3,70,35,35,250.4583414,125.0535877,78.56903103,454.0809601
revenue_max,synthetic_n200_p0.1,3,70,36,36,252.2459513,127.9618716,73.71591345,453.9237363
revenue_max,synthetic_n200_p0.1,3,70,37,37,253.9819902,131.305401,69.09837582,454.385767
revenue_max,synthetic_n200_p0.1,3,70,38,38,255.6754314,134.4007058,64.39198501,454.4681222
revenue_max,synthetic_n200_p0.1,3,70,39,39,257.3345418,137.4507928,59.98105885,454.7663934
revenue_max,synthetic_n200_p0.1,3,70,40,40,258.9148939,140.794757,54.99454603,454.7041969
revenue_max,synthetic_n200_p0.1,3,70,41,41,260.4582443,144.0101073,48.22784425,452.6961958
revenue_max,synthetic_n200_p0.1,3,70,42,42,261.9617478,147.2501003,44.72673647,453.9385846
revenue_max,synthetic_n200_p0.1,3,70,43,43,263.3527561,150.6789358,40.53466483,454.5663568
revenue_max,synthetic_n200_p0.1,3,70,44,44,264.5527093,153.5722023,36.51130086,454.6362125
revenue_max,synthetic_n200_p0.1,3,70,45,45,265.6894154,157.1692565,31.92265522,454.7813271
revenue_max,synthetic_n200_p0.1,3,70,46,46,266.8085699,160.3508996,26.56985952,453.729329
revenue_max,synthetic_n200_p0.1,3,70,47,47,267.8332367,163.8227202,22.82925088,454.4852078
revenue_max,synthetic_n200_p0.1,3,70,48,48,268.8350427,167.4440052,19.58588042,455.8649282
revenue_max,synthetic_n200_p0.1,3,70,49,49,269.6910599,170.7637523,15.55499357,456.0098057
revenue_max,synthetic_n200_p0.1,3,70,50,50,270.4946186,173.6413339,13.06682368,457.2027762
revenue_max,synthetic_n200_p0.1,3,70,51,51,271.1266671,176.380038,11.09706867,458.6037738
revenue_max,synthetic_n200_p0.1,3,70,52,52,271.7574872,179.6455449,9.448599024,460.8516311
revenue_max,synthetic_n200_p0.1,3,70,53,53,272.3806889,182.7873789,8.226989741,463.3950575
revenue_max,synthetic_n200_p0.1,3,70,54,54,273.001102,185.5016029,7.040776951,465.5434818
revenue_max,synthetic_n200_p0.1,3,70,55,55,273.5518677,188.7827206,5.836049774,468.1706381
revenue_max,synthetic_n200_p0.1,3,70,56,56,273.991699,192.0809059,4.01548579,470.0880907
revenue_max,synthetic_n200_p0.1,3,70,57,57,274.3989956,195.5120936,2.640290737,472.55138
revenue_max,synthetic_n200_p0.1,3,70,58,58,274.7071431,198.2312455,2.071864414,475.010253
revenue_max,synthetic_n200_p0.1,3,70,59,59,274.962285,201.4520158,1.438920682,477.8532214
revenue_max,synthetic_n200_p0.1,3,70,60,60,275.2131188,204.9629388,1.01786246,481.1939201
revenue_max,synthetic_n200_p0.1,3,70,61,61,275.4291332,208.1467628,0.6744742278,484.2503702
revenue_max,synthetic_n200_p0.1,3,70,62,62,275.6154444,210.9296868,0.4407565642,486.9858877
revenue_max,synthetic_n200_p0.1,3,70,63,63,275.7684254,213.6148309,0.2648508177,489.6481071
revenue_max,synthetic_n200_p0.1,3,70,64,64,275.8835396,217.1071426,0.03959200447,493.0302742
revenue_max,synthetic_n200_p0.1,3,70,65,65,275.9231316,220.4496928,0,496.3728244
revenue_max,synthetic_n200_p0.1,3,75,0,0,0,0,525.7910301,525.7910301
revenue_max,synthetic_n200_p0.1,3,75,1,1,21.19589732,4.068269484,500.3626882,525.626855
revenue_max,synthetic_n200_p0.1,3,75,2,2,40.67093675,8.083423517,479.4047277,528.1590879
revenue_max,synthetic_n200_p0.1,3,75,3,3,59.00076313,11.98289733,443.2436034,514.2272639
revenue_max,synthetic_n200_p0.1,3,75,4,4,76.3310284,15.83502712,424.1509167,516.3169722
revenue_max,synthetic_n200_p0.1,3,75,5,5,90.39686165,19.52001482,404.1633824,514.0802589
revenue_max,synthetic_n200_p0.1,3,75,6,6,102.4402405,23.06500474,388.2133415,513.7185868
revenue_max,synthetic_n200_p0.1,3,75,7,7,114.0787202,26.5877087,378.2763329,518.9427618
revenue_max,synthetic_n200_p0.1,3,75,8,8,125.126088,29.98565512,360.2731197,515.3848628
revenue_max,synthetic_n200_p0.1,3,75,9,9,134.5581439,33.73753623,347.4388625,515.7345426
revenue_max,synthetic_n200_p0.1,3,75,10,10,143.8349035,37.36922089,340.8896704,522.0937948
revenue_max,synthetic_n200_p0.1,3,75,11,11,152.1753758,41.01595567,319.808016,512.9993475
revenue_max,synthetic_n200_p0.1,3,75,12,12,159.8029509,45.0951973,307.4076605,512.3058086
revenue_max,synthetic_n200_p0.1,3,75,13,13,166.7923943,48.67636712,294.5800816,510.0488429
revenue_max,synthetic_n200_p0.1,3,75,14,14,173.1701431,52.24381757,276.9448546,502.3588152
revenue_max,synthetic_n200_p0.1,3,75,15,15,179.2347964,55.98602597,260.3865403,495.6073627
revenue_max,synthetic_n200_p0.1,3,75,16,16,184.5151114,59.43642535,250.2462011,494.1977379
revenue_max,synthetic_n200_p0.1,3,75,17,17,189.6558145,63.12497345,236.3915785,489.1723664
revenue_max,synthetic_n200_p0.1,3,75,18,18,194.6017625,66.72852394,225.7755212,487.1058077
revenue_max,synthetic_n200_p0.1,3,75,19,19,199.5351108,70.07664519,211.3813504,480.9931064
revenue_max,synthetic_n200_p0.1,3,75,20,20,204.0782682,73.4278537,202.3923872,479.8985092
revenue_max,synthetic_n200_p0.1,3,75,21,21,208.4466491,77.19765244,190.9856732,476.6299748
revenue_max,synthetic_n200_p0.1,3,75,22,22,212.4868059,80.69358807,180.6133408,473.7937348
revenue_max,synthetic_n200_p0.1,3,75,23,23,216.4991213,83.9539017,169.1127501,469.5657731
revenue_max,synthetic_n200_p0.1,3,75,24,24,220.3289787,87.81591,162.2368045,470.3816932
revenue_max,synthetic_n200_p0.1,3,75,25,25,223.9494762,91.63248179,154.57022,470.152178
revenue_max,synthetic_n200_p0.1,3,75,26,26,227.2444134,94.65057503,143.103896,464.9988844
revenue_max,synthetic_n200_p0.1,3,75,27,27,230.3651374,98.34708602,135.030795,463.7430184
revenue_max,synthetic_n200_p0.1,3,75,28,28,233.35811,101.9239136,128.194145,463.4761686
revenue_max,synthetic_n200_p0.1,3,75,29,29,236.2638103,105.1483979,118.1518982,459.5641064
revenue_max,synthetic_n200_p0.1,3,75,30,30,239.0074623,108.7532053,113.6708533,461.4315209
revenue_max,synthetic_n200_p0.1,3,75,31,31,241.6001512,111.7388135,106.1078171,459.4467819
revenue_max,synthetic_n200_p0.1,3,75,32,32,244.1025613,115.2545976,98.83319944,458.1903584
revenue_max,synthetic_n200_p0.1,3,75,33,33,246.5528226,118.6428793,92.04068518,457.2363871
revenue_max,synthetic_n200_p0.1,3,75,34,34,248.6212257,121.8252186,88.09159033,458.5380346
revenue_max,synthetic_n200_p0.1,3,75,35,35,250.4583414,125.0535877,82.3255461,457.8374752
revenue_max,synthetic_n200_p0.1,3,75,36,36,252.2459513,127.9618716,77.19649522,457.4043181
revenue_max,synthetic_n200_p0.1,3,75,37,37,253.9819902,131.305401,72.08579151,457.3731827
revenue_max,synthetic_n200_p0.1,3,75,38,38,255.6754314,134.4007058,67.0108058,457.086943
revenue_max,synthetic_n200_p0.1,3,75,39,39,257.3345418,137.4507928,62.22060931,457.0059438
revenue_max,synthetic_n200_p0.1,3,75,40,40,258.9148939,140.794757,56.92328452,456.6329353
revenue_max,synthetic_n200_p0.1,3,75,41,41,260.4582443,144.0101073,49.83487206,454.3032236
revenue_max,synthetic_n200_p0.1,3,75,42,42,261.9617478,147.2501003,46.16734484,455.379193
revenue_max,synthetic_n200_p0.1,3,75,43,43,263.3527561,150.6789358,41.71567125,455.7473632
revenue_max,synthetic_n200_p0.1,3,75,44,44,264.5527093,153.5722023,37.46932604,455.5942376
revenue_max,synthetic_n200_p0.1,3,75,45,45,265.6894154,157.1692565,32.51400996,455.3726819
revenue_max,synthetic_n200_p0.1,3,75,46,46,266.8085699,160.3508996,26.95713602,454.1166055
revenue_max,synthetic_n200_p0.1,3,75,47,47,267.8332367,163.8227202,22.86591292,454.5218698
revenue_max,synthetic_n200_p0.1,3,75,48,48,268.8350427,167.4440052,19.58588042,455.8649282
revenue_max,synthetic_n200_p0.1,3,75,49,49,269.6910599,170.7637523,15.55499357,456.0098057
revenue_max,synthetic_n200_p0.1,3,75,50,50,270.4946186,173.6413339,13.06682368,457.2027762
revenue_max,synthetic_n200_p0.1,3,75,51,51,271.1266671,176.380038,11.09706867,458.6037738
revenue_max,synthetic_n200_p0.1,3,75,52,52,271.7574872,179.6455449,9.448599024,460.8516311
revenue_max,synthetic_n200_p0.1,3,75,53,53,272.3806889,182.7873789,8.226989741,463.3950575
revenue_max,synthetic_n200_p0.1,3,75,54,54,273.001102,185.5016029,7.040776951,465.5434818
revenue_max,synthetic_n200_p0.1,3,75,55,55,273.5518677,188.7827206,5.836049774,468.1706381
revenue_max,synthetic_n200_p0.1,3,75,56,56,273.991699,192.0809059,4.01548579,470.0880907
revenue_max,synthetic_n200_p0.1,3,75,57,57,274.3989956,195.5120936,2.640290737,472.55138
revenue_max,synthetic_n200_p0.1,3,75,58,58,274.7071431,198.2312455,2.071864414,475.010253
revenue_max,synthetic_n200_p0.1,3,75,59,59,274.962285,201.4520158,1.438920682,477.8532214
revenue_max,synthetic_n200_p0.1,3,75,60,60,275.2131188,204.9629388,1.01786246,481.1939201
revenue_max,synthetic_n200_p0.1,3,75,61,61,275.4291332,208.1467628,0.6744742278,484.2503702
revenue_max,synthetic_n200_p0.1,3,75,62,62,275.6154444,210.9296868,0.4407565642,486.9858877
revenue_max,synthetic_n200_p0.1,3,75,63,63,275.7684254,213.6148309,0.2648508177,489.6481071
revenue_max,synthetic_n200_p0.1,3,75,64,64,275.8835396,217.1071426,0.03959200447,493.0302742
revenue_max,synthetic_n200_p0.1,3,75,65,65,275.9231316,220.4496928,0,496.3728244
revenue_max,synthetic_n200_p0.1,3,80,0,0,0,0,525.7910301,525.7910301
revenue_max,synthetic_n200_p0.1,3,80,1,1,21.19589732,4.068269484,500.3626882,525.626855
revenue_max,synthetic_n200_p0.1,3,80,2,2,40.67093675,8.083423517,479.4047277,528.1590879
revenue_max,synthetic_n200_p0.1,3,80,3,3,59.00076313,11.98289733,443.2436034,514.2272639
revenue_max,synthetic_n200_p0.1,3,80,4,4,76.3310284,15.83502712,424.1509167,516.3169722
revenue_max,synthetic_n200_p0.1,3,80,5,5,90.39686165,19.52001482,404.1633824,514.0802589
revenue_max,synthetic_n200_p0.1,3,80,6,6,102.4402405,23.06500474,388.2133415,513.7185868
revenue_max,synthetic_n200_p0.1,3,80,7,7,114.0787202,26.5877087,378.2763329,518.9427618
revenue_max,synthetic_n200_p0.1,3,80,8,8,125.126088,29.98565512,360.2731197,515.3848628
revenue_max,synthetic_n200_p0.1,3,80,9,9,134.5581439,33.73753623,347.4388625,515.7345426
revenue_max,synthetic_n200_p0.1,3,80,10,10,143.8349035,37.36922089,340.8896704,522.0937948
revenue_max,synthetic_n200_p0.1,3,80,11,11,152.1753758,41.01595567,319.808016,512.9993475
revenue_max,synthetic_n200_p0.1,3,80,12,12,159.8029509,45.0951973,307.4076605,512.3058086
revenue_max,synthetic_n200_p0.1,3,80,13,13,166.7923943,48.67636712,297.6561206,513.124882
revenue_max,synthetic_n200_p0.1,3,80,14,14,173.1701431,52.24381757,283.1025352,508.5164958
revenue_max,synthetic_n200_p0.1,3,80,15,15,179.2347964,55.98602597,267.3522055,502.5730278
revenue_max,synthetic_n200_p0.1,3,80,16,16,184.5151114,59.43642535,259.3603186,503.3118554
revenue_max,synthetic_n200_p0.1,3,80,17,17,189.6558145,63.12497345,244.7189502,497.4997381
revenue_max,synthetic_n200_p0.1,3,80,18,18,194.6017625,66.72852394,234.41085,495.7411364
revenue_max,synthetic_n200_p0.1,3,80,19,19,199.5351108,70.07664519,219.499803,489.111559
revenue_max,synthetic_n200_p0.1,3,80,20,20,204.0782682,73.4278537,210.7063368,488.2124588
revenue_max,synthetic_n200_p0.1,3,80,21,21,208.4466491,77.19765244,198.8629042,484.5072057
revenue_max,synthetic_n200_p0.1,3,80,22,22,212.4868059,80.69358807,187.3097584,480.4901524
revenue_max,synthetic_n200_p0.1,3,80,23,23,216.4991213,83.9539017,175.6391786,476.0922015
revenue_max,synthetic_n200_p0.1,3,80,24,24,220.3289787,87.81591,168.7346153,476.879504
revenue_max,synthetic_n200_p0.1,3,80,25,25,223.9494762,91.63248179,161.2135168,476.7954748
revenue_max,synthetic_n200_p0.1,3,80,26,26,227.2444134,94.65057503,149.194904,471.0898924
revenue_max,synthetic_n200_p0.1,3,80,27,27,230.3651374,98.34708602,140.9931798,469.7054031
revenue_max,synthetic_n200_p0.1,3,80,28,28,233.35811,101.9239136,133.8610369,469.1430605
revenue_max,synthetic_n200_p0.1,3,80,29,29,236.2638103,105.1483979,123.4538383,464.8660464
revenue_max,synthetic_n200_p0.1,3,80,30,30,239.0074623,108.7532053,118.6364731,466.3971408
revenue_max,synthetic_n200_p0.1,3,80,31,31,241.6001512,111.7388135,111.0045178,464.3434826
revenue_max,synthetic_n200_p0.1,3,80,32,32,244.1025613,115.2545976,103.4539969,462.8111559
revenue_max,synthetic_n200_p0.1,3,80,33,33,246.5528226,118.6428793,96.24410639,461.4398083
revenue_max,synthetic_n200_p0.1,3,80,34,34,248.6212257,121.8252186,92.02017393,462.4666182
revenue_max,synthetic_n200_p0.1,3,80,35,35,250.4583414,125.0535877,85.95409783,461.4660269
revenue_max,synthetic_n200_p0.1,3,80,36,36,252.2459513,127.9618716,80.33022266,460.5380456
revenue_max,synthetic_n200_p0.1,3,80,37,37,253.9819902,131.305401,74.81681176,460.1042029
revenue_max,synthetic_n200_p0.1,3,80,38,38,255.6754314,134.4007058,69.4541638,459.530301
revenue_max,synthetic_n200_p0.1,3,80,39,39,257.3345418,137.4507928,64.31044825,459.0957828
revenue_max,synthetic_n200_p0.1,3,80,40,40,258.9148939,140.794757,58.65816425,458.3678151
revenue_max,synthetic_n200_p0.1,3,80,41,41,260.4582443,144.0101073,51.2629298,455.7312814
revenue_max,synthetic_n200_p0.1,3,80,42,42,261.9617478,147.2501003,47.32429397,456.5361421
revenue_max,synthetic_n200_p0.1,3,80,43,43,263.3527561,150.6789358,42.63097674,456.6626687
revenue_max,synthetic_n200_p0.1,3,80,44,44,264.5527093,153.5722023,38.12747405,456.2523856
revenue_max,synthetic_n200_p0.1,3,80,45,45,265.6894154,157.1692565,32.91208619,455.7707581
revenue_max,synthetic_n200_p0.1,3,80,46,46,266.8085699,160.3508996,27.09666687,454.2561364
revenue_max,synthetic_n200_p0.1,3,80,47,47,267.8332367,163.8227202,22.86591292,454.5218698
revenue_max,synthetic_n200_p0.1,3,80,48,48,268.8350427,167.4440052,19.58588042,455.8649282
revenue_max,synthetic_n200_p0.1,3,80,49,49,269.6910599,170.7637523,15.55499357,456.0098057
revenue_max,synthetic_n200_p0.1,3,80,50,50,270.4946186,173.6413339,13.06682368,457.2027762
revenue_max,synthetic_n200_p0.1,3,80,51,51,271.1266671,176.380038,11.09706867,458.6037738
revenue_max,synthetic_n200_p0.1,3,80,52,52,271.7574872,179.6455449,9.448599024,460.8516311
revenue_max,synthetic_n200_p0.1,3,80,53,53,272.3806889,182.7873789,8.226989741,463.3950575
revenue_max,synthetic_n200_p0.1,3,80,54,54,273.001102,185.5016029,7.040776951,465.5434818
revenue_max,synthetic_n200_p0.1,3,80,55,55,273.5518677,188.7827206,5.836049774,468.1706381
revenue_max,synthetic_n200_p0.1,3,80,56,56,273.991699,192.0809059,4.01548579,470.0880907
revenue_max,synthetic_n200_p0.1,3,80,57,57,274.3989956,195.5120936,2.640290737,472.55138
revenue_max,synthetic_n200_p0.1,3,80,58,58,274.7071431,198.2312455,2.071864414,475.010253
revenue_max,synthetic_n200_p0.1,3,80,59,59,274.962285,201.4520158,1.438920682,477.8532214
revenue_max,synthetic_n200_p0.1,3,80,60,60,275.2131188,204.9629388,1.01786246,481.1939201
revenue_max,synthetic_n200_p0.1,3,80,61,61,275.4291332,208.1467628,0.6744742278,484.2503702
revenue_max,synthetic_n200_p0.1,3,80,62,62,275.6154444,210.9296868,0.4407565642,486.9858877
revenue_max,synthetic_n200_p0.1,3,80,63,63,275.7684254,213.6148309,0.2648508177,489.6481071
revenue_max,synthetic_n200_p0.1,3,80,64,64,275.8835396,217.1071426,0.03959200447,493.0302742
revenue_max,synthetic_n200_p0.1,3,80,65,65,275.9231316,220.4496928,0,496.3728244
revenue_max,synthetic_n200_p0.1,3,85,0,0,0,0,525.7910301,525.7910301
revenue_max,synthetic_n200_p0.1,3,85,1,1,21.19589732,4.068269484,500.3626882,525.626855
revenue_max,synthetic_n200_p0.1,3,85,2,2,40.67093675,8.083423517,479.4047277,528.1590879
revenue_max,synthetic_n200_p0.1,3,85,3,3,59.00076313,11.98289733,443.2436034,514.2272639
revenue_max,synthetic_n200_p0.1,3,85,4,4,76.3310284,15.83502712,424.1509167,516.3169722
revenue_max,synthetic_n200_p0.1,3,85,5,5,90.39686165,19.52001482,404.1633824,514.0802589
revenue_max,synthetic_n200_p0.1,3,85,6,6,102.4402405,23.06500474,388.2133415,513.7185868
revenue_max,synthetic_n200_p0.1,3,85,7,7,114.0787202,26.5877087,378.2763329,518.9427618
revenue_max,synthetic_n200_p0.1,3,85,8,8,125.126088,29.98565512,360.2731197,515.3848628
revenue_max,synthetic_n200_p0.1,3,85,9,9,134.5581439,33.73753623,347.4388625,515.7345426
revenue_max,synthetic_n200_p0.1,3,85,10,10,143.8349035,37.36922089,340.8896704,522.0937948
revenue_max,synthetic_n200_p0.1,3,85,11,11,152.1753758,41.01595567,319.808016,512.9993475
revenue_max,synthetic_n200_p0.1,3,85,12,12,159.8029509,45.0951973,307.4076605,512.3058086
revenue_max,synthetic_n200_p0.1,3,85,13,13,166.7923943,48.67636712,297.6561206,513.124882
revenue_max,synthetic_n200_p0.1,3,85,14,14,173.1701431,52.24381757,283.2045355,508.6184962
revenue_max,synthetic_n200_p0.1,3,85,15,15,179.2347964,55.98602597,268.7184039,503.9392263
revenue_max,synthetic_n200_p0.1,3,85,16,16,184.5151114,59.43642535,264.5983862,508.549923
revenue_max,synthetic_n200_p0.1,3,85,17,17,189.6558145,63.12497345,249.778293,502.559081
revenue_max,synthetic_n200_p0.1,3,85,18,18,194.6017625,66.72852394,241.650997,502.9812835
revenue_max,synthetic_n200_p0.1,3,85,19,19,199.5351108,70.07664519,226.1237809,495.7355369
revenue_max,synthetic_n200_p0.1,3,85,20,20,204.0782682,73.4278537,218.3332297,495.8393516
revenue_max,synthetic_n200_p0.1,3,85,21,21,208.4466491,77.19765244,206.2568507,491.9011523
revenue_max,synthetic_n200_p0.1,3,85,22,22,212.4868059,80.69358807,193.6019552,486.7823492
revenue_max,synthetic_n200_p0.1,3,85,23,23,216.4991213,83.9539017,181.7882966,482.2413196
revenue_max,synthetic_n200_p0.1,3,85,24,24,220.3289787,87.81591,174.8842769,483.0291656
revenue_max,synthetic_n200_p0.1,3,85,25,25,223.9494762,91.63248179,167.4540135,483.0359715
revenue_max,synthetic_n200_p0.1,3,85,26,26,227.2444134,94.65057503,155.0683648,476.9633532
revenue_max,synthetic_n200_p0.1,3,85,27,27,230.3651374,98.34708602,146.7850961,475.4973194
revenue_max,synthetic_n200_p0.1,3,85,28,28,233.35811,101.9239136,139.3147445,474.5967681
revenue_max,synthetic_n200_p0.1,3,85,29,29,236.2638103,105.1483979,128.643941,470.0561492
revenue_max,synthetic_n200_p0.1,3,85,30,30,239.0074623,108.7532053,123.3408252,471.1014928
revenue_max,synthetic_n200_p0.1,3,85,31,31,241.6001512,111.7388135,115.6505076,468.9894724
revenue_max,synthetic_n200_p0.1,3,85,32,32,244.1025613,115.2545976,107.8764363,467.2335952
revenue_max,synthetic_n200_p0.1,3,85,33,33,246.5528226,118.6428793,100.3208553,465.5165573
revenue_max,synthetic_n200_p0.1,3,85,34,34,248.6212257,121.8252186,95.76345438,466.2098987
revenue_max,synthetic_n200_p0.1,3,85,35,35,250.4583414,125.0535877,89.3099994,464.8219285
revenue_max,synthetic_n200_p0.1,3,85,36,36,252.2459513,127.9618716,83.23291545,463.4407383
revenue_max,synthetic_n200_p0.1,3,85,37,37,253.9819902,131.305401,77.34447349,462.6318647
revenue_max,synthetic_n200_p0.1,3,85,38,38,255.6754314,134.4007058,71.704797,461.7809342
revenue_max,synthetic_n200_p0.1,3,85,39,39,257.3345418,137.4507928,66.24301547,461.02835
revenue_max,synthetic_n200_p0.1,3,85,40,40,258.9148939,140.794757,60.21093967,459.9205905
revenue_max,synthetic_n200_p0.1,3,85,41,41,260.4582443,144.0101073,52.4303486,456.8987002
revenue_max,synthetic_n200_p0.1,3,85,42,42,261.9617478,147.2501003,48.23309551,457.4449437
revenue_max,synthetic_n200_p0.1,3,85,43,43,263.3527561,150.6789358,43.31867475,457.3503667
revenue_max,synthetic_n200_p0.1,3,85,44,44,264.5527093,153.5722023,38.67642327,456.8013349
revenue_max,synthetic_n200_p0.1,3,85,45,45,265.6894154,157.1692565,33.09226367,455.9509356
revenue_max,synthetic_n200_p0.1,3,85,46,46,266.8085699,160.3508996,27.09833315,454.2578027
revenue_max,synthetic_n200_p0.1,3,85,47,47,267.8332367,163.8227202,22.86591292,454.5218698
revenue_max,synthetic_n200_p0.1,3,85,48,48,268.8350427,167.4440052,19.58588042,455.8649282
revenue_max,synthetic_n200_p0.1,3,85,49,49,269.6910599,170.7637523,15.55499357,456.0098057
revenue_max,synthetic_n200_p0.1,3,85,50,50,270.4946186,173.6413339,13.06682368,457.2027762
revenue_max,synthetic_n200_p0.1,3,85,51,51,271.1266671,176.380038,11.09706867,458.6037738
revenue_max,synthetic_n200_p0.1,3,85,52,52,271.7574872,179.6455449,9.448599024,460.8516311
revenue_max,synthetic_n200_p0.1,3,85,53,53,272.3806889,182.7873789,8.226989741,463.3950575
revenue_max,synthetic_n200_p0.1,3,85,54,54,273.001102,185.5016029,7.040776951,465.5434818
revenue_max,synthetic_n200_p0.1,3,85,55,55,273.5518677,188.7827206,5.836049774,468.1706381
revenue_max,synthetic_n200_p0.1,3,85,56,56,273.991699,192.0809059,4.01548579,470.0880907
revenue_max,synthetic_n200_p0.1,3,85,57,57,274.3989956,195.5120936,2.640290737,472.55138
revenue_max,synthetic_n200_p0.1,3,85,58,58,274.7071431,198.2312455,2.071864414,475.010253
revenue_max,synthetic_n200_p0.1,3,85,59,59,274.962285,201.4520158,1.438920682,477.8532214
revenue_max,synthetic_n200_p0.1,3,85,60,60,275.2131188,204.9629388,1.01786246,481.1939201
revenue_max,synthetic_n200_p0.1,3,85,61,61,275.4291332,208.1467628,0.6744742278,484.2503702
revenue_max,synthetic_n200_p0.1,3,85,62,62,275.6154444,210.9296868,0.4407565642,486.9858877
revenue_max,synthetic_n200_p0.1,3,85,63,63,275.7684254,213.6148309,0.2648508177,489.6481071
revenue_max,synthetic_n200_p0.1,3,85,64,64,275.8835396,217.1071426,0.03959200447,493.0302742
revenue_max,synthetic_n200_p0.1,3,85,65,65,275.9231316,220.4496928,0,496.3728244
revenue_max,synthetic_n200_p0.1,3,90,0,0,0,0,525.7910301,525.7910301
revenue_max,synthetic_n200_p0.1,3,90,1,1,21.19589732,4.068269484,500.3626882,525.626855
revenue_max,synthetic_n200_p0.1,3,90,2,2,40.67093675,8.083423517,479.4047277,528.1590879
revenue_max,synthetic_n200_p0.1,3,90,3,3,59.00076313,11.98289733,443.2436034,514.2272639
revenue_max,synthetic_n200_p0.1,3,90,4,4,76.3310284,15.83502712,424.1509167,516.3169722
revenue_max,synthetic_n200_p0.1,3,90,5,5,90.39686165,19.52001482,404.1633824,514.0802589
revenue_max,synthetic_n200_p0.1,3,90,6,6,102.4402405,23.06500474,388.2133415,513.7185868
revenue_max,synthetic_n200_p0.1,3,90,7,7,114.0787202,26.5877087,378.2763329,518.9427618
revenue_max,synthetic_n200_p0.1,3,90,8,8,125.126088,29.98565512,360.2731197,515.3848628
revenue_max,synthetic_n200_p0.1,3,90,9,9,134.5581439,33.73753623,347.4388625,515.7345426
revenue_max,synthetic_n200_p0.1,3,90,10,10,143.8349035,37.36922089,340.8896704,522.0937948
revenue_max,synthetic_n200_p0.1,3,90,11,11,152.1753758,41.01595567,319.808016,512.9993475
revenue_max,synthetic_n200_p0.1,3,90,12,12,159.8029509,45.0951973,307.4076605,512.3058086
revenue_max,synthetic_n200_p0.1,3,90,13,13,166.7923943,48.67636712,297.6561206,513.124882
revenue_max,synthetic_n200_p0.1,3,90,14,14,173.1701431,52.24381757,283.2045355,508.6184962
revenue_max,synthetic_n200_p0.1,3,90,15,15,179.2347964,55.98602597,268.7184039,503.9392263
revenue_max,synthetic_n200_p0.1,3,90,16,16,184.5151114,59.43642535,265.5616855,509.5132223
revenue_max,synthetic_n200_p0.1,3,90,17,17,189.6558145,63.12497345,250.942252,503.7230399
revenue_max,synthetic_n200_p0.1,3,90,18,18,194.6017625,66.72852394,246.119206,507.4494925
revenue_max,synthetic_n200_p0.1,3,90,19,19,199.5351108,70.07664519,230.5744423,500.1861983
revenue_max,synthetic_n200_p0.1,3,90,20,20,204.0782682,73.4278537,224.9239383,502.4300602
revenue_max,synthetic_n200_p0.1,3,90,21,21,208.4466491,77.19765244,212.7885777,498.4328793
revenue_max,synthetic_n200_p0.1,3,90,22,22,212.4868059,80.69358807,199.6378496,492.8182436
revenue_max,synthetic_n200_p0.1,3,90,23,23,216.4991213,83.9539017,187.6800206,488.1330435
revenue_max,synthetic_n200_p0.1,3,90,24,24,220.3289787,87.81591,180.8626014,489.0074901
revenue_max,synthetic_n200_p0.1,3,90,25,25,223.9494762,91.63248179,173.4056358,488.9875938
revenue_max,synthetic_n200_p0.1,3,90,26,26,227.2444134,94.65057503,160.6484315,482.5434199
revenue_max,synthetic_n200_p0.1,3,90,27,27,230.3651374,98.34708602,152.3711651,481.0833884
revenue_max,synthetic_n200_p0.1,3,90,28,28,233.35811,101.9239136,144.5325737,479.8145973
revenue_max,synthetic_n200_p0.1,3,90,29,29,236.2638103,105.1483979,133.4671833,474.8793915
revenue_max,synthetic_n200_p0.1,3,90,30,30,239.0074623,108.7532053,127.8090609,475.5697285
revenue_max,synthetic_n200_p0.1,3,90,31,31,241.6001512,111.7388135,120.0914556,473.4304203
revenue_max,synthetic_n200_p0.1,3,90,32,32,244.1025613,115.2545976,112.081541,471.4386999
revenue_max,synthetic_n200_p0.1,3,90,33,33,246.5528226,118.6428793,104.1885263,469.3842283
revenue_max,synthetic_n200_p0.1,3,90,34,34,248.6212257,121.8252186,99.19865605,469.6451003
revenue_max,synthetic_n200_p0.1,3,90,35,35,250.4583414,125.0535877,92.42438678,467.9363159
revenue_max,synthetic_n200_p0.1,3,90,36,36,252.2459513,127.9618716,85.94716162,466.1549845
revenue_max,synthetic_n200_p0.1,3,90,37,37,253.9819902,131.305401,79.70676554,464.9941567
revenue_max,synthetic_n200_p0.1,3,90,38,38,255.6754314,134.4007058,73.75274571,463.8288829
revenue_max,synthetic_n200_p0.1,3,90,39,39,257.3345418,137.4507928,67.95615915,462.7414937
revenue_max,synthetic_n200_p0.1,3,90,40,40,258.9148939,140.794757,61.5133328,461.2229836
revenue_max,synthetic_n200_p0.1,3,90,41,41,260.4582443,144.0101073,53.48746527,457.9558169
revenue_max,synthetic_n200_p0.1,3,90,42,42,261.9617478,147.2501003,48.9744221,458.1862702
revenue_max,synthetic_n200_p0.1,3,90,43,43,263.3527561,150.6789358,43.89811479,457.9298067
revenue_max,synthetic_n200_p0.1,3,90,44,44,264.5527093,153.5722023,39.08488382,457.2097954
revenue_max,synthetic_n200_p0.1,3,90,45,45,265.6894154,157.1692565,33.1389064,455.9975783
revenue_max,synthetic_n200_p0.1,3,90,46,46,266.8085699,160.3508996,27.09833315,454.2578027
revenue_max,synthetic_n200_p0.1,3,90,47,47,267.8332367,163.8227202,22.86591292,454.5218698
revenue_max,synthetic_n200_p0.1,3,90,48,48,268.8350427,167.4440052,19.58588042,455.8649282
revenue_max,synthetic_n200_p0.1,3,90,49,49,269.6910599,170.7637523,15.55499357,456.0098057
revenue_max,synthetic_n200_p0.1,3,90,50,50,270.4946186,173.6413339,13.06682368,457.2027762
revenue_max,synthetic_n200_p0.1,3,90,51,51,271.1266671,176.380038,11.09706867,458.6037738
revenue_max,synthetic_n200_p0.1,3,90,52,52,271.7574872,179.6455449,9.448599024,460.8516311
revenue_max,synthetic_n200_p0.1,3,90,53,53,272.3806889,182.7873789,8.226989741,463.3950575
revenue_max,synthetic_n200_p0.1,3,90,54,54,273.001102,185.5016029,7.040776951,465.5434818
revenue_max,synthetic_n200_p0.1,3,90,55,55,273.5518677,188.7827206,5.836049774,468.1706381
revenue_max,synthetic_n200_p0.1,3,90,56,56,273.991699,192.0809059,4.01548579,470.0880907
revenue_max,synthetic_n200_p0.1,3,90,57,57,274.3989956,195.5120936,2.640290737,472.55138
revenue_max,synthetic_n200_p0.1,3,90,58,58,274.7071431,198.2312455,2.071864414,475.010253
revenue_max,synthetic_n200_p0.1,3,90,59,59,274.962285,201.4520158,1.438920682,477.8532214
revenue_max,synthetic_n200_p0.1,3,90,60,60,275.2131188,204.9629388,1.01786246,481.1939201
revenue_max,synthetic_n200_p0.1,3,90,61,61,275.4291332,208.1467628,0.6744742278,484.2503702
revenue_max,synthetic_n200_p0.1,3,90,62,62,275.6154444,210.9296868,0.4407565642,486.9858877
revenue_max,synthetic_n200_p0.1,3,90,63,63,275.7684254,213.6148309,0.2648508177,489.6481071
revenue_max,synthetic_n200_p0.1,3,90,64,64,275.8835396,217.1071426,0.03959200447,493.0302742
revenue_max,synthetic_n200_p0.1,3,90,65,65,275.9231316,220.4496928,0,496.3728244
revenue_max,synthetic_n200_p0.1,3,95,0,0,0,0,525.7910301,525.7910301
revenue_max,synthetic_n200_p0.1,3,95,1,1,21.19589732,4.068269484,500.3626882,525.626855
revenue_max,synthetic_n200_p0.1,3,95,2,2,40.67093675,8.083423517,479.4047277,528.1590879
revenue_max,synthetic_n200_p0.1,3,95,3,3,59.00076313,11.98289733,443.2436034,514.2272639
revenue_max,synthetic_n200_p0.1,3,95,4,4,76.3310284,15.83502712,424.1509167,516.3169722
revenue_max,synthetic_n200_p0.1,3,95,5,5,90.39686165,19.52001482,404.1633824,514.0802589
revenue_max,synthetic_n200_p0.1,3,95,6,6,102.4402405,23.06500474,388.2133415,513.7185868
revenue_max,synthetic_n200_p0.1,3,95,7,7,114.0787202,26.5877087,378.2763329,518.9427618
revenue_max,synthetic_n200_p0.1,3,95,8,8,125.126088,29.98565512,360.2731197,515.3848628
revenue_max,synthetic_n200_p0.1,3,95,9,9,134.5581439,33.73753623,347.4388625,515.7345426
revenue_max,synthetic_n200_p0.1,3,95,10,10,143.8349035,37.36922089,340.8896704,522.0937948
revenue_max,synthetic_n200_p0.1,3,95,11,11,152.1753758,41.01595567,319.808016,512.9993475
revenue_max,synthetic_n200_p0.1,3,95,12,12,159.8029509,45.0951973,307.4076605,512.3058086
revenue_max,synthetic_n200_p0.1,3,95,13,13,166.7923943,48.67636712,297.6561206,513.124882
revenue_max,synthetic_n200_p0.1,3,95,14,14,173.1701431,52.24381757,283.2045355,508.6184962
revenue_max,synthetic_n200_p0.1,3,95,15,15,179.2347964,55.98602597,268.7184039,503.9392263
revenue_max,synthetic_n200_p0.1,3,95,16,16,184.5151114,59.43642535,265.5616855,509.5132223
revenue_max,synthetic_n200_p0.1,3,95,17,17,189.6558145,63.12497345,250.942252,503.7230399
revenue_max,synthetic_n200_p0.1,3,95,18,18,194.6017625,66.72852394,246.8712258,508.2015123
revenue_max,synthetic_n200_p0.1,3,95,19,19,199.5351108,70.07664519,231.4287658,501.0405218
revenue_max,synthetic_n200_p0.1,3,95,20,20,204.0782682,73.4278537,229.7580842,507.2642062
revenue_max,synthetic_n200_p0.1,3,95,21,21,208.4466491,77.19765244,218.6001001,504.2444017
revenue_max,synthetic_n200_p0.1,3,95,22,22,212.4868059,80.69358807,205.2883939,498.4687879
revenue_max,synthetic_n200_p0.1,3,95,23,23,216.4991213,83.9539017,193.1663548,493.6193778
revenue_max,synthetic_n200_p0.1,3,95,24,24,220.3289787,87.81591,186.536178,494.6810667
revenue_max,synthetic_n200_p0.1,3,95,25,25,223.9494762,91.63248179,179.0877994,494.6697574
revenue_max,synthetic_n200_p0.1,3,95,26,26,227.2444134,94.65057503,165.9084312,487.8034195
revenue_max,synthetic_n200_p0.1,3,95,27,27,230.3651374,98.34708602,157.6542893,486.3665127
revenue_max,synthetic_n200_p0.1,3,95,28,28,233.35811,101.9239136,149.3238824,484.605906
revenue_max,synthetic_n200_p0.1,3,95,29,29,236.2638103,105.1483979,138.0717664,479.4839746
revenue_max,synthetic_n200_p0.1,3,95,30,30,239.0074623,108.7532053,132.0778586,479.8385262
revenue_max,synthetic_n200_p0.1,3,95,31,31,241.6001512,111.7388135,124.3278231,477.6667879
revenue_max,synthetic_n200_p0.1,3,95,32,32,244.1025613,115.2545976,116.1684391,475.525598
revenue_max,synthetic_n200_p0.1,3,95,33,33,246.5528226,118.6428793,107.8139253,473.0096273
revenue_max,synthetic_n200_p0.1,3,95,34,34,248.6212257,121.8252186,102.361459,472.8079033
revenue_max,synthetic_n200_p0.1,3,95,35,35,250.4583414,125.0535877,95.24851905,470.7604481
revenue_max,synthetic_n200_p0.1,3,95,36,36,252.2459513,127.9618716,88.46155694,468.6693798
revenue_max,synthetic_n200_p0.1,3,95,37,37,253.9819902,131.305401,81.86764439,467.1550355
revenue_max,synthetic_n200_p0.1,3,95,38,38,255.6754314,134.4007058,75.59340948,465.6695467
revenue_max,synthetic_n200_p0.1,3,95,39,39,257.3345418,137.4507928,69.40967102,464.1950055
revenue_max,synthetic_n200_p0.1,3,95,40,40,258.9148939,140.794757,62.58721411,462.2968649
revenue_max,synthetic_n200_p0.1,3,95,41,41,260.4582443,144.0101073,54.25604353,458.7243951
revenue_max,synthetic_n200_p0.1,3,95,42,42,261.9617478,147.2501003,49.56871412,458.7805623
revenue_max,synthetic_n200_p0.1,3,95,43,43,263.3527561,150.6789358,44.22221156,458.2539035
revenue_max,synthetic_n200_p0.1,3,95,44,44,264.5527093,153.5722023,39.26316324,457.3880748
revenue_max,synthetic_n200_p0.1,3,95,45,45,265.6894154,157.1692565,33.1389064,455.9975783
revenue_max,synthetic_n200_p0.1,3,95,46,46,266.8085699,160.3508996,27.09833315,454.2578027
revenue_max,synthetic_n200_p0.1,3,95,47,47,267.8332367,163.8227202,22.86591292,454.5218698
revenue_max,synthetic_n200_p0.1,3,95,48,48,268.8350427,167.4440052,19.58588042,455.8649282
revenue_max,synthetic_n200_p0.1,3,95,49,49,269.6910599,170.7637523,15.55499357,456.0098057
revenue_max,synthetic_n200_p0.1,3,95,50,50,270.4946186,173.6413339,13.06682368,457.2027762
revenue_max,synthetic_n200_p0.1,3,95,51,51,271.1266671,176.380038,11.09706867,458.6037738
revenue_max,synthetic_n200_p0.1,3,95,52,52,271.7574872,179.6455449,9.448599024,460.8516311
revenue_max,synthetic_n200_p0.1,3,95,53,53,272.3806889,182.7873789,8.226989741,463.3950575
revenue_max,synthetic_n200_p0.1,3,95,54,54,273.001102,185.5016029,7.040776951,465.5434818
revenue_max,synthetic_n200_p0.1,3,95,55,55,273.5518677,188.7827206,5.836049774,468.1706381
revenue_max,synthetic_n200_p0.1,3,95,56,56,273.991699,192.0809059,4.01548579,470.0880907
revenue_max,synthetic_n200_p0.1,3,95,57,57,274.3989956,195.5120936,2.640290737,472.55138
revenue_max,synthetic_n200_p0.1,3,95,58,58,274.7071431,198.2312455,2.071864414,475.010253
revenue_max,synthetic_n200_p0.1,3,95,59,59,274.962285,201.4520158,1.438920682,477.8532214
revenue_max,synthetic_n200_p0.1,3,95,60,60,275.2131188,204.9629388,1.01786246,481.1939201
revenue_max,synthetic_n200_p0.1,3,95,61,61,275.4291332,208.1467628,0.6744742278,484.2503702
revenue_max,synthetic_n200_p0.1,3,95,62,62,275.6154444,210.9296868,0.4407565642,486.9858877
revenue_max,synthetic_n200_p0.1,3,95,63,63,275.7684254,213.6148309,0.2648508177,489.6481071
revenue_max,synthetic_n200_p0.1,3,95,64,64,275.8835396,217.1071426,0.03959200447,493.0302742
revenue_max,synthetic_n200_p0.1,3,95,65,65,275.9231316,220.4496928,0,496.3728244
revenue_max,synthetic_n200_p0.1,3,100,0,0,0,0,525.7910301,525.7910301
revenue_max,synthetic_n200_p0.1,3,100,1,1,21.19589732,4.068269484,500.3626882,525.626855
revenue_max,synthetic_n200_p0.1,3,100,2,2,40.67093675,8.083423517,479.4047277,528.1590879
revenue_max,synthetic_n200_p0.1,3,100,3,3,59.00076313,11.98289733,443.2436034,514.2272639
revenue_max,synthetic_n200_p0.1,3,100,4,4,76.3310284,15.83502712,424.1509167,516.3169722
revenue_max,synthetic_n200_p0.1,3,100,5,5,90.39686165,19.52001482,404.1633824,514.0802589
revenue_max,synthetic_n200_p0.1,3,100,6,6,102.4402405,23.06500474,388.2133415,513.7185868
revenue_max,synthetic_n200_p0.1,3,100,7,7,114.0787202,26.5877087,378.2763329,518.9427618
revenue_max,synthetic_n200_p0.1,3,100,8,8,125.126088,29.98565512,360.2731197,515.3848628
revenue_max,synthetic_n200_p0.1,3,100,9,9,134.5581439,33.73753623,347.4388625,515.7345426
revenue_max,synthetic_n200_p0.1,3,100,10,10,143.8349035,37.36922089,340.8896704,522.0937948
revenue_max,synthetic_n200_p0.1,3,100,11,11,152.1753758,41.01595567,319.808016,512.9993475
revenue_max,synthetic_n200_p0.1,3,100,12,12,159.8029509,45.0951973,307.4076605,512.3058086
revenue_max,synthetic_n200_p0.1,3,100,13,13,166.7923943,48.67636712,297.6561206,513.124882
revenue_max,synthetic_n200_p0.1,3,100,14,14,173.1701431,52.24381757,283.2045355,508.6184962
revenue_max,synthetic_n200_p0.1,3,100,15,15,179.2347964,55.98602597,268.7184039,503.9392263
revenue_max,synthetic_n200_p0.1,3,100,16,16,184.5151114,59.43642535,265.5616855,509.5132223
revenue_max,synthetic_n200_p0.1,3,100,17,17,189.6558145,63.12497345,250.942252,503.7230399
revenue_max,synthetic_n200_p0.1,3,100,18,18,194.6017625,66.72852394,246.8712258,508.2015123
revenue_max,synthetic_n200_p0.1,3,100,19,19,199.5351108,70.07664519,231.4287658,501.0405218
revenue_max,synthetic_n200_p0.1,3,100,20,20,204.0782682,73.4278537,232.7421237,510.2482456
revenue_max,synthetic_n200_p0.1,3,100,21,21,208.4466491,77.19765244,223.1532446,508.7975462
revenue_max,synthetic_n200_p0.1,3,100,22,22,212.4868059,80.69358807,209.8547708,503.0351648
revenue_max,synthetic_n200_p0.1,3,100,23,23,216.4991213,83.9539017,198.2676222,498.7206452
revenue_max,synthetic_n200_p0.1,3,100,24,24,220.3289787,87.81591,191.6206741,499.7655628
revenue_max,synthetic_n200_p0.1,3,100,25,25,223.9494762,91.63248179,184.4407513,500.0227093
revenue_max,synthetic_n200_p0.1,3,100,26,26,227.2444134,94.65057503,170.7367312,492.6317196
revenue_max,synthetic_n200_p0.1,3,100,27,27,230.3651374,98.34708602,162.4841742,491.1963975
revenue_max,synthetic_n200_p0.1,3,100,28,28,233.35811,101.9239136,153.7597307,489.0417543
revenue_max,synthetic_n200_p0.1,3,100,29,29,236.2638103,105.1483979,142.3447871,483.7569953
revenue_max,synthetic_n200_p0.1,3,100,30,30,239.0074623,108.7532053,135.7866996,483.5473672
revenue_max,synthetic_n200_p0.1,3,100,31,31,241.6001512,111.7388135,128.139624,481.4785887
revenue_max,synthetic_n200_p0.1,3,100,32,32,244.1025613,115.2545976,119.9519829,479.3091418
revenue_max,synthetic_n200_p0.1,3,100,33,33,246.5528226,118.6428793,111.1233119,476.3190139
revenue_max,synthetic_n200_p0.1,3,100,34,34,248.6212257,121.8252186,105.3874178,475.8338621
revenue_max,synthetic_n200_p0.1,3,100,35,35,250.4583414,125.0535877,97.92035663,473.4322857
revenue_max,synthetic_n200_p0.1,3,100,36,36,252.2459513,127.9618716,90.78459837,470.9924213
revenue_max,synthetic_n200_p0.1,3,100,37,37,253.9819902,131.305401,83.8822845,469.1696757
revenue_max,synthetic_n200_p0.1,3,100,38,38,255.6754314,134.4007058,77.21350755,467.2896447
revenue_max,synthetic_n200_p0.1,3,100,39,39,257.3345418,137.4507928,70.58577756,465.3711121
revenue_max,synthetic_n200_p0.1,3,100,40,40,258.9148939,140.794757,63.35263054,463.0622814
revenue_max,synthetic_n200_p0.1,3,100,41,41,260.4582443,144.0101073,54.82545049,459.2938021
revenue_max,synthetic_n200_p0.1,3,100,42,42,261.9617478,147.2501003,49.93793479,459.1497829
revenue_max,synthetic_n200_p0.1,3,100,43,43,263.3527561,150.6789358,44.35939462,458.3910866
revenue_max,synthetic_n200_p0.1,3,100,44,44,264.5527093,153.5722023,39.28331793,457.4082295
revenue_max,synthetic_n200_p0.1,3,100,45,45,265.6894154,157.1692565,33.1389064,455.9975783
revenue_max,synthetic_n200_p0.1,3,100,46,46,266.8085699,160.3508996,27.09833315,454.2578027
revenue_max,synthetic_n200_p0.1,3,100,47,47,267.8332367,163.8227202,22.86591292,454.5218698
revenue_max,synthetic_n200_p0.1,3,100,48,48,268.8350427,167.4440052,19.58588042,455.8649282
revenue_max,synthetic_n200_p0.1,3,100,49,49,269.6910599,170.7637523,15.55499357,456.0098057
revenue_max,synthetic_n200_p0.1,3,100,50,50,270.4946186,173.6413339,13.06682368,457.2027762
revenue_max,synthetic_n200_p0.1,3,100,51,51,271.1266671,176.380038,11.09706867,458.6037738
revenue_max,synthetic_n200_p0.1,3,100,52,52,271.7574872,179.6455449,9.448599024,460.8516311
revenue_max,synthetic_n200_p0.1,3,100,53,53,272.3806889,182.7873789,8.226989741,463.3950575
revenue_max,synthetic_n200_p0.1,3,100,54,54,273.001102,185.5016029,7.040776951,465.5434818
revenue_max,synthetic_n200_p0.1,3,100,55,55,273.5518677,188.7827206,5.836049774,468.1706381
revenue_max,synthetic_n200_p0.1,3,100,56,56,273.991699,192.0809059,4.01548579,470.0880907
revenue_max,synthetic_n200_p0.1,3,100,57,57,274.3989956,195.5120936,2.640290737,472.55138
revenue_max,synthetic_n200_p0.1,3,100,58,58,274.7071431,198.2312455,2.071864414,475.010253
revenue_max,synthetic_n200_p0.1,3,100,59,59,274.962285,201.4520158,1.438920682,477.8532214
revenue_max,synthetic_n200_p0.1,3,100,60,60,275.2131188,204.9629388,1.01786246,481.1939201
revenue_max,synthetic_n200_p0.1,3,100,61,61,275.4291332,208.1467628,0.6744742278,484.2503702
revenue_max,synthetic_n200_p0.1,3,100,62,62,275.6154444,210.9296868,0.4407565642,486.9858877
revenue_max,synthetic_n200_p0.1,3,100,63,63,275.7684254,213.6148309,0.2648508177,489.6481071
revenue_max,synthetic_n200_p0.1,3,100,64,64,275.8835396,217.1071426,0.03959200447,493.0302742
revenue_max,synthetic_n200_p0.1,3,100,65,65,275.9231316,220.4496928,0,496.3728244
revenue_max,synthetic_n200_p0.1,4,1,0,0,0,0,21.58205805,21.58205805
revenue_max,synthetic_n200_p0.1,4,1,1,1,21.58205805,4.15512047,19.77553059,45.5127091
revenue_max,synthetic_n200_p0.1,4,5,0,0,0,0,100.0964934,100.0964934
revenue_max,synthetic_n200_p0.1,4,5,1,1,21.58205805,4.15512047,90.54187852,116.279057
revenue_max,synthetic_n200_p0.1,4,5,2,2,41.35758863,8.127284378,83.36675173,132.8516247
revenue_max,synthetic_n200_p0.1,4,5,3,3,60.03527238,12.21632327,72.01868448,144.2702801
revenue_max,synthetic_n200_p0.1,4,5,4,4,76.22682109,16.13046343,65.55785938,157.9151439
revenue_max,synthetic_n200_p0.1,4,5,5,5,90.37272885,19.7762468,59.23665414,169.3856298
revenue_max,synthetic_n200_p0.1,4,10,0,0,0,0,189.6070012,189.6070012
revenue_max,synthetic_n200_p0.1,4,10,1,1,21.58205805,4.15512047,171.8179705,197.555149
revenue_max,synthetic_n200_p0.1,4,10,2,2,41.35758863,8.127284378,157.5399189,207.0247919
revenue_max,synthetic_n200_p0.1,4,10,3,3,60.03527238,12.21632327,138.1890402,210.4406359
revenue_max,synthetic_n200_p0.1,4,10,4,4,76.22682109,16.13046343,125.4851878,217.8424723
revenue_max,synthetic_n200_p0.1,4,10,5,5,90.37272885,19.7762468,112.9955185,223.1444942
revenue_max,synthetic_n200_p0.1,4,10,6,6,102.8850561,23.40747466,104.5495585,230.8420893
revenue_max,synthetic_n200_p0.1,4,10,7,7,114.4632599,27.01450383,96.69902395,238.1767877
revenue_max,synthetic_n200_p0.1,4,10,8,8,125.2551816,30.60320199,88.62409389,244.4824775
revenue_max,synthetic_n200_p0.1,4,10,9,9,135.4358744,34.44721132,79.85010935,249.7331951
revenue_max,synthetic_n200_p0.1,4,10,10,10,144.8360416,38.28897831,74.56638936,257.6914093
revenue_max,synthetic_n200_p0.1,4,15,0,0,0,0,268.8469978,268.8469978
revenue_max,synthetic_n200_p0.1,4,15,1,1,21.58205805,4.15512047,243.7914883,269.5286668
revenue_max,synthetic_n200_p0.1,4,15,2,2,41.35758863,8.127284378,222.0166,271.501473
revenue_max,synthetic_n200_p0.1,4,15,3,3,60.03527238,12.21632327,197.3939622,269.6455578
revenue_max,synthetic_n200_p0.1,4,15,4,4,76.22682109,16.13046343,178.804963,271.1622475
revenue_max,synthetic_n200_p0.1,4,15,5,5,90.37272885,19.7762468,161.1686213,271.3175969
revenue_max,synthetic_n200_p0.1,4,15,6,6,102.8850561,23.40747466,149.5008806,275.7934114
revenue_max,synthetic_n200_p0.1,4,15,7,7,114.4632599,27.01450383,137.9451386,279.4229024
revenue_max,synthetic_n200_p0.1,4,15,8,8,125.2551816,30.60320199,126.1943919,282.0527755
revenue_max,synthetic_n200_p0.1,4,15,9,9,135.4358744,34.44721132,114.2157574,284.0988431
revenue_max,synthetic_n200_p0.1,4,15,10,10,144.8360416,38.28897831,106.4702463,289.5952662
revenue_max,synthetic_n200_p0.1,4,15,11,11,153.2351883,41.81105477,99.13257493,294.178818
revenue_max,synthetic_n200_p0.1,4,15,12,12,160.8191366,45.93251233,93.56966065,300.3213095
revenue_max,synthetic_n200_p0.1,4,15,13,13,168.2342145,49.61650399,86.84005325,304.6907717
revenue_max,synthetic_n200_p0.1,4,15,14,14,175.1287269,52.80089462,79.86883122,307.7984528
revenue_max,synthetic_n200_p0.1,4,15,15,15,181.6313273,56.45144094,73.22819197,311.3109602
revenue_max,synthetic_n200_p0.1,4,20,0,0,0,0,337.559118,337.559118
revenue_max,synthetic_n200_p0.1,4,20,1,1,21.58205805,4.15512047,305.941231,331.6784095
revenue_max,synthetic_n200_p0.1,4,20,2,2,41.35758863,8.127284378,277.9878468,327.4727198
revenue_max,synthetic_n200_p0.1,4,20,3,3,60.03527238,12.21632327,248.7995532,321.0511489
revenue_max,synthetic_n200_p0.1,4,20,4,4,76.22682109,16.13046343,225.7696781,318.1269627
revenue_max,synthetic_n200_p0.1,4,20,5,5,90.37272885,19.7762468,204.6296734,314.778649
revenue_max,synthetic_n200_p0.1,4,20,6,6,102.8850561,23.40747466,189.412237,315.7047678
revenue_max,synthetic_n200_p0.1,4,20,7,7,114.4632599,27.01450383,174.7116341,316.1893978
revenue_max,synthetic_n200_p0.1,4,20,8,8,125.2551816,30.60320199,159.7295759,315.5879594
revenue_max,synthetic_n200_p0.1,4,20,9,9,135.4358744,34.44721132,145.0807299,314.9638156
revenue_max,synthetic_n200_p0.1,4,20,10,10,144.8360416,38.28897831,135.0347466,318.1597665
revenue_max,synthetic_n200_p0.1,4,20,11,11,153.2351883,41.81105477,125.5647563,320.6109993
revenue_max,synthetic_n200_p0.1,4,20,12,12,160.8191366,45.93251233,118.357091,325.1087398
revenue_max,synthetic_n200_p0.1,4,20,13,13,168.2342145,49.61650399,109.8532878,327.7040062
revenue_max,synthetic_n200_p0.1,4,20,14,14,175.1287269,52.80089462,101.2059644,329.135586
revenue_max,synthetic_n200_p0.1,4,20,15,15,181.6313273,56.45144094,92.78316154,330.8659298
revenue_max,synthetic_n200_p0.1,4,20,16,16,187.7537288,60.0806088,86.02175025,333.8560878
revenue_max,synthetic_n200_p0.1,4,20,17,17,193.7154391,63.68071242,79.11582004,336.5119716
revenue_max,synthetic_n200_p0.1,4,20,18,18,198.6156321,67.09556479,74.33036514,340.041562
revenue_max,synthetic_n200_p0.1,4,20,19,19,203.0488137,70.67387312,70.29691478,344.0196016
revenue_max,synthetic_n200_p0.1,4,20,20,20,207.3947217,74.21154916,66.21218147,347.8184524
revenue_max,synthetic_n200_p0.1,4,25,0,0,0,0,400.6554434,400.6554434
revenue_max,synthetic_n200_p0.1,4,25,1,1,21.58205805,4.15512047,363.5793578,389.3165364
revenue_max,synthetic_n200_p0.1,4,25,2,2,41.35758863,8.127284378,330.6359237,380.1207967
revenue_max,synthetic_n200_p0.1,4,25,3,3,60.03527238,12.21632327,296.9866265,369.2382222
revenue_max,synthetic_n200_p0.1,4,25,4,4,76.22682109,16.13046343,269.5681815,361.925466
revenue_max,synthetic_n200_p0.1,4,25,5,5,90.37272885,19.7762468,245.0659027,355.2148783
revenue_max,synthetic_n200_p0.1,4,25,6,6,102.8850561,23.40747466,226.2253767,352.5179075
revenue_max,synthetic_n200_p0.1,4,25,7,7,114.4632599,27.01450383,208.8159092,350.2936729
revenue_max,synthetic_n200_p0.1,4,25,8,8,125.2551816,30.60320199,191.2971683,347.1555518
revenue_max,synthetic_n200_p0.1,4,25,9,9,135.4358744,34.44721132,174.2352332,344.1183189
revenue_max,synthetic_n200_p0.1,4,25,10,10,144.8360416,38.28897831,161.9620012,345.0870212
revenue_max,synthetic_n200_p0.1,4,25,11,11,153.2351883,41.81105477,150.575924,345.622167
revenue_max,synthetic_n200_p0.1,4,25,12,12,160.8191366,45.93251233,141.7679237,348.5195726
revenue_max,synthetic_n200_p0.1,4,25,13,13,168.2342145,49.61650399,131.6889829,349.5397014
revenue_max,synthetic_n200_p0.1,4,25,14,14,175.1287269,52.80089462,121.3066948,349.2363163
revenue_max,synthetic_n200_p0.1,4,25,15,15,181.6313273,56.45144094,111.2492666,349.3320349
revenue_max,synthetic_n200_p0.1,4,25,16,16,187.7537288,60.0806088,102.8872755,350.7216131
revenue_max,synthetic_n200_p0.1,4,25,17,17,193.7154391,63.68071242,95.1004511,352.4966027
revenue_max,synthetic_n200_p0.1,4,25,18,18,198.6156321,67.09556479,89.55562996,355.2668269
revenue_max,synthetic_n200_p0.1,4,25,19,19,203.0488137,70.67387312,84.53002631,358.2527132
revenue_max,synthetic_n200_p0.1,4,25,20,20,207.3947217,74.21154916,79.66813839,361.2744093
revenue_max,synthetic_n200_p0.1,4,25,21,21,211.5239364,77.19604107,75.43681928,364.1567967
revenue_max,synthetic_n200_p0.1,4,25,22,22,215.4128965,80.87572292,71.82277737,368.1113968
revenue_max,synthetic_n200_p0.1,4,25,23,23,219.0416286,84.61384025,68.82089508,372.4763639
revenue_max,synthetic_n200_p0.1,4,25,24,24,222.4310612,88.10582465,66.14859754,376.6854834
revenue_max,synthetic_n200_p0.1,4,25,25,25,225.7623488,91.61306646,62.93298383,380.3083991
revenue_max,synthetic_n200_p0.1,4,30,0,0,0,0,457.5937404,457.5937404
revenue_max,synthetic_n200_p0.1,4,30,1,1,21.58205805,4.15512047,416.2622503,441.9994288
revenue_max,synthetic_n200_p0.1,4,30,2,2,41.35758863,8.127284378,379.183414,428.668287
revenue_max,synthetic_n200_p0.1,4,30,3,3,60.03527238,12.21632327,341.9447471,414.1963427
revenue_max,synthetic_n200_p0.1,4,30,4,4,76.22682109,16.13046343,310.2475937,402.6048782
revenue_max,synthetic_n200_p0.1,4,30,5,5,90.37272885,19.7762468,282.3619885,392.5109642
revenue_max,synthetic_n200_p0.1,4,30,6,6,102.8850561,23.40747466,261.1270837,387.4196145
revenue_max,synthetic_n200_p0.1,4,30,7,7,114.4632599,27.01450383,241.0414807,382.5192444
revenue_max,synthetic_n200_p0.1,4,30,8,8,125.2551816,30.60320199,221.0334448,376.8918284
revenue_max,synthetic_n200_p0.1,4,30,9,9,135.4358744,34.44721132,202.2366411,372.1197268
revenue_max,synthetic_n200_p0.1,4,30,10,10,144.8360416,38.28897831,188.0891582,371.2141782
revenue_max,synthetic_n200_p0.1,4,30,11,11,153.2351883,41.81105477,174.6979294,369.7441724
revenue_max,synthetic_n200_p0.1,4,30,12,12,160.8191366,45.93251233,164.252101,371.0037499
revenue_max,synthetic_n200_p0.1,4,30,13,13,168.2342145,49.61650399,152.472022,370.3227405
revenue_max,synthetic_n200_p0.1,4,30,14,14,175.1287269,52.80089462,140.2740107,368.2036322
revenue_max,synthetic_n200_p0.1,4,30,15,15,181.6313273,56.45144094,128.565401,366.6481692
revenue_max,synthetic_n200_p0.1,4,30,16,16,187.7537288,60.0806088,119.0728692,366.9072068
revenue_max,synthetic_n200_p0.1,4,30,17,17,193.7154391,63.68071242,110.3774977,367.7736493
revenue_max,synthetic_n200_p0.1,4,30,18,18,198.6156321,67.09556479,104.0917553,369.8029522
revenue_max,synthetic_n200_p0.1,4,30,19,19,203.0488137,70.67387312,98.002907,371.7255939
revenue_max,synthetic_n200_p0.1,4,30,20,20,207.3947217,74.21154916,92.33648333,373.9427542
revenue_max,synthetic_n200_p0.1,4,30,21,21,211.5239364,77.19604107,87.50097886,376.2209563
revenue_max,synthetic_n200_p0.1,4,30,22,22,215.4128965,80.87572292,83.25294192,379.5415613
revenue_max,synthetic_n200_p0.1,4,30,23,23,219.0416286,84.61384025,79.65754205,383.3130109
revenue_max,synthetic_n200_p0.1,4,30,24,24,222.4310612,88.10582465,76.39517132,386.9320572
revenue_max,synthetic_n200_p0.1,4,30,25,25,225.7623488,91.61306646,72.87710096,390.2525163
revenue_max,synthetic_n200_p0.1,4,30,26,26,228.8417422,95.0270755,69.33632793,393.2051457
revenue_max,synthetic_n200_p0.1,4,30,27,27,231.8844973,98.09477061,62.61171306,392.590981
revenue_max,synthetic_n200_p0.1,4,30,28,28,234.6896832,101.7419236,58.4687614,394.9003682
revenue_max,synthetic_n200_p0.1,4,30,29,29,237.2805085,105.2074156,55.70574736,398.1936715
revenue_max,synthetic_n200_p0.1,4,30,30,30,239.8153544,109.0094899,53.03000872,401.854853
revenue_max,synthetic_n200_p0.1,4,35,0,0,0,0,506.0151932,506.0151932
revenue_max,synthetic_n200_p0.1,4,35,1,1,21.58205805,4.15512047,463.1985046,488.9356832
revenue_max,synthetic_n200_p0.1,4,35,2,2,41.35758863,8.127284378,423.365523,472.8503961
revenue_max,synthetic_n200_p0.1,4,35,3,3,60.03527238,12.21632327,382.8142705,455.0658661
revenue_max,synthetic_n200_p0.1,4,35,4,4,76.22682109,16.13046343,348.3017863,440.6590708
revenue_max,synthetic_n200_p0.1,4,35,5,5,90.37272885,19.7762468,317.670789,427.8197646
revenue_max,synthetic_n200_p0.1,4,35,6,6,102.8850561,23.40747466,293.670039,419.9625698
revenue_max,synthetic_n200_p0.1,4,35,7,7,114.4632599,27.01450383,271.3914118,412.8691756
revenue_max,synthetic_n200_p0.1,4,35,8,8,125.2551816,30.60320199,249.5016526,405.3600362
revenue_max,synthetic_n200_p0.1,4,35,9,9,135.4358744,34.44721132,229.0155906,398.8986763
revenue_max,synthetic_n200_p0.1,4,35,10,10,144.8360416,38.28897831,212.757493,395.8825129
revenue_max,synthetic_n200_p0.1,4,35,11,11,153.2351883,41.81105477,197.6979411,392.7441842
revenue_max,synthetic_n200_p0.1,4,35,12,12,160.8191366,45.93251233,185.6840305,392.4356794
revenue_max,synthetic_n200_p0.1,4,35,13,13,168.2342145,49.61650399,172.5076983,390.3584168
revenue_max,synthetic_n200_p0.1,4,35,14,14,175.1287269,52.80089462,158.2646262,386.1942478
revenue_max,synthetic_n200_p0.1,4,35,15,15,181.6313273,56.45144094,145.1843879,383.2671562
revenue_max,synthetic_n200_p0.1,4,35,16,16,187.7537288,60.0806088,134.6236159,382.4579535
revenue_max,synthetic_n200_p0.1,4,35,17,17,193.7154391,63.68071242,125.0639345,382.460086
revenue_max,synthetic_n200_p0.1,4,35,18,18,198.6156321,67.09556479,118.0742687,383.7854656
revenue_max,synthetic_n200_p0.1,4,35,19,19,203.0488137,70.67387312,110.9997856,384.7224724
revenue_max,synthetic_n200_p0.1,4,35,20,20,207.3947217,74.21154916,104.5935179,386.1997887
revenue_max,synthetic_n200_p0.1,4,35,21,21,211.5239364,77.19604107,99.02880546,387.7487829
revenue_max,synthetic_n200_p0.1,4,35,22,22,215.4128965,80.87572292,94.21154931,390.5001687
revenue_max,synthetic_n200_p0.1,4,35,23,23,219.0416286,84.61384025,89.97757222,393.6330411
revenue_max,synthetic_n200_p0.1,4,35,24,24,222.4310612,88.10582465,86.25382976,396.7907156
revenue_max,synthetic_n200_p0.1,4,35,25,25,225.7623488,91.61306646,82.35940131,399.7348166
revenue_max,synthetic_n200_p0.1,4,35,26,26,228.8417422,95.0270755,78.34427699,402.2130947
revenue_max,synthetic_n200_p0.1,4,35,27,27,231.8844973,98.09477061,70.44017795,400.4194459
revenue_max,synthetic_n200_p0.1,4,35,28,28,234.6896832,101.7419236,66.0625177,402.4941245
revenue_max,synthetic_n200_p0.1,4,35,29,29,237.2805085,105.2074156,62.9355694,405.4234935
revenue_max,synthetic_n200_p0.1,4,35,30,30,239.8153544,109.0094899,59.9944913,408.8193356
revenue_max,synthetic_n200_p0.1,4,35,31,31,242.1737031,112.1743004,57.00454484,411.3525483
revenue_max,synthetic_n200_p0.1,4,35,32,32,244.4386992,115.4110753,54.01710357,413.8668781
revenue_max,synthetic_n200_p0.1,4,35,33,33,246.6596888,118.8238054,51.29289327,416.7763874
revenue_max,synthetic_n200_p0.1,4,35,34,34,248.8764333,121.8785813,47.72247211,418.4774867
revenue_max,synthetic_n200_p0.1,4,35,35,35,250.8219747,125.582845,44.89492959,421.2997493
revenue_max,synthetic_n200_p0.1,4,40,0,0,0,0,519.3691232,519.3691232
revenue_max,synthetic_n200_p0.1,4,40,1,1,21.58205805,4.15512047,494.7660657,520.5032442
revenue_max,synthetic_n200_p0.1,4,40,2,2,41.35758863,8.127284378,461.3192445,510.8041176
revenue_max,synthetic_n200_p0.1,4,40,3,3,60.03527238,12.21632327,420.0233262,492.2749218
revenue_max,synthetic_n200_p0.1,4,40,4,4,76.22682109,16.13046343,383.1655071,475.5227916
revenue_max,synthetic_n200_p0.1,4,40,5,5,90.37272885,19.7762468,350.4790968,460.6280724
revenue_max,synthetic_n200_p0.1,4,40,6,6,102.8850561,23.40747466,324.0028262,450.295357
revenue_max,synthetic_n200_p0.1,4,40,7,7,114.4632599,27.01450383,300.337843,441.8156068
revenue_max,synthetic_n200_p0.1,4,40,8,8,125.2551816,30.60320199,276.103993,431.9623766
revenue_max,synthetic_n200_p0.1,4,40,9,9,135.4358744,34.44721132,254.0812909,423.9643766
revenue_max,synthetic_n200_p0.1,4,40,10,10,144.8360416,38.28897831,235.8168392,418.9418592
revenue_max,synthetic_n200_p0.1,4,40,11,11,153.2351883,41.81105477,219.143731,414.189974
revenue_max,synthetic_n200_p0.1,4,40,12,12,160.8191366,45.93251233,205.8974329,412.6490818
revenue_max,synthetic_n200_p0.1,4,40,13,13,168.2342145,49.61650399,191.5206426,409.3713611
revenue_max,synthetic_n200_p0.1,4,40,14,14,175.1287269,52.80089462,175.4794549,403.4090764
revenue_max,synthetic_n200_p0.1,4,40,15,15,181.6313273,56.45144094,161.0864785,399.1692468
revenue_max,synthetic_n200_p0.1,4,40,16,16,187.7537288,60.0806088,149.6666931,397.5010307
revenue_max,synthetic_n200_p0.1,4,40,17,17,193.7154391,63.68071242,138.9799728,396.3761244
revenue_max,synthetic_n200_p0.1,4,40,18,18,198.6156321,67.09556479,131.6363966,397.3475935
revenue_max,synthetic_n200_p0.1,4,40,19,19,203.0488137,70.67387312,123.4030191,397.1257059
revenue_max,synthetic_n200_p0.1,4,40,20,20,207.3947217,74.21154916,116.315572,397.9218429
revenue_max,synthetic_n200_p0.1,4,40,21,21,211.5239364,77.19604107,110.2426728,398.9626502
revenue_max,synthetic_n200_p0.1,4,40,22,22,215.4128965,80.87572292,104.7814277,401.0700471
revenue_max,synthetic_n200_p0.1,4,40,23,23,219.0416286,84.61384025,99.74828163,403.4037505
revenue_max,synthetic_n200_p0.1,4,40,24,24,222.4310612,88.10582465,95.61228958,406.1491754
revenue_max,synthetic_n200_p0.1,4,40,25,25,225.7623488,91.61306646,91.28822496,408.6636403
revenue_max,synthetic_n200_p0.1,4,40,26,26,228.8417422,95.0270755,86.63847465,410.5072924
revenue_max,synthetic_n200_p0.1,4,40,27,27,231.8844973,98.09477061,78.09853031,408.0777983
revenue_max,synthetic_n200_p0.1,4,40,28,28,234.6896832,101.7419236,73.35633445,409.7879413
revenue_max,synthetic_n200_p0.1,4,40,29,29,237.2805085,105.2074156,69.9597998,412.4477239
revenue_max,synthetic_n200_p0.1,4,40,30,30,239.8153544,109.0094899,66.5824756,415.4073199
revenue_max,synthetic_n200_p0.1,4,40,31,31,242.1737031,112.1743004,63.31302677,417.6610302
revenue_max,synthetic_n200_p0.1,4,40,32,32,244.4386992,115.4110753,59.78736222,419.6371367
revenue_max,synthetic_n200_p0.1,4,40,33,33,246.6596888,118.8238054,56.73228112,422.2157753
revenue_max,synthetic_n200_p0.1,4,40,34,34,248.8764333,121.8785813,52.6319421,423.3869567
revenue_max,synthetic_n200_p0.1,4,40,35,35,250.8219747,125.582845,49.48586889,425.8906886
revenue_max,synthetic_n200_p0.1,4,40,36,36,252.6963676,129.4127168,46.1244347,428.2335191
revenue_max,synthetic_n200_p0.1,4,40,37,37,254.4176027,133.0587141,43.56742948,431.0437463
revenue_max,synthetic_n200_p0.1,4,40,38,38,256.0991039,136.0316307,41.54234025,433.6730748
revenue_max,synthetic_n200_p0.1,4,40,39,39,257.6912645,139.7194062,38.41594825,435.8266189
revenue_max,synthetic_n200_p0.1,4,40,40,40,259.2057964,143.0769092,35.96833033,438.2510359
revenue_max,synthetic_n200_p0.1,4,45,0,0,0,0,519.3691232,519.3691232
revenue_max,synthetic_n200_p0.1,4,45,1,1,21.58205805,4.15512047,494.7660657,520.5032442
revenue_max,synthetic_n200_p0.1,4,45,2,2,41.35758863,8.127284378,472.7296878,522.2145608
revenue_max,synthetic_n200_p0.1,4,45,3,3,60.03527238,12.21632327,450.0244982,522.2760938
revenue_max,synthetic_n200_p0.1,4,45,4,4,76.22682109,16.13046343,412.6914865,505.048771
revenue_max,synthetic_n200_p0.1,4,45,5,5,90.37272885,19.7762468,379.6653971,489.8143728
revenue_max,synthetic_n200_p0.1,4,45,6,6,102.8850561,23.40747466,352.0246764,478.3172072
revenue_max,synthetic_n200_p0.1,4,45,7,7,114.4632599,27.01450383,325.8352568,467.3130205
revenue_max,synthetic_n200_p0.1,4,45,8,8,125.2551816,30.60320199,300.0980541,455.9564376
revenue_max,synthetic_n200_p0.1,4,45,9,9,135.4358744,34.44721132,277.1292146,447.0123003
revenue_max,synthetic_n200_p0.1,4,45,10,10,144.8360416,38.28897831,257.4079542,440.5329741
revenue_max,synthetic_n200_p0.1,4,45,11,11,153.2351883,41.81105477,239.4207895,434.4670325
revenue_max,synthetic_n200_p0.1,4,45,12,12,160.8191366,45.93251233,224.7406826,431.4923315
revenue_max,synthetic_n200_p0.1,4,45,13,13,168.2342145,49.61650399,209.4190317,427.2697502
revenue_max,synthetic_n200_p0.1,4,45,14,14,175.1287269,52.80089462,191.659147,419.5887686
revenue_max,synthetic_n200_p0.1,4,45,15,15,181.6313273,56.45144094,176.479709,414.5624773
revenue_max,synthetic_n200_p0.1,4,45,16,16,187.7537288,60.0806088,163.8010431,411.6353807
revenue_max,synthetic_n200_p0.1,4,45,17,17,193.7154391,63.68071242,152.3233598,409.7195113
revenue_max,synthetic_n200_p0.1,4,45,18,18,198.6156321,67.09556479,144.4905302,410.2017271
revenue_max,synthetic_n200_p0.1,4,45,19,19,203.0488137,70.67387312,135.2602734,408.9829602
revenue_max,synthetic_n200_p0.1,4,45,20,20,207.3947217,74.21154916,127.5698118,409.1760827
revenue_max,synthetic_n200_p0.1,4,45,21,21,211.5239364,77.19604107,120.8615406,409.5815181
revenue_max,synthetic_n200_p0.1,4,45,22,22,215.4128965,80.87572292,114.8265134,411.1151328
revenue_max,synthetic_n200_p0.1,4,45,23,23,219.0416286,84.61384025,108.9914688,412.6469377
revenue_max,synthetic_n200_p0.1,4,45,24,24,222.4310612,88.10582465,104.4746327,415.0115186
revenue_max,synthetic_n200_p0.1,4,45,25,25,225.7623488,91.61306646,99.58477644,416.9601917
revenue_max,synthetic_n200_p0.1,4,45,26,26,228.8417422,95.0270755,94.62747158,418.4962893
revenue_max,synthetic_n200_p0.1,4,45,27,27,231.8844973,98.09477061,85.41117431,415.3904423
revenue_max,synthetic_n200_p0.1,4,45,28,28,234.6896832,101.7419236,80.38235407,416.8139609
revenue_max,synthetic_n200_p0.1,4,45,29,29,237.2805085,105.2074156,76.66359823,419.1515223
revenue_max,synthetic_n200_p0.1,4,45,30,30,239.8153544,109.0094899,73.04354906,421.8683933
revenue_max,synthetic_n200_p0.1,4,45,31,31,242.1737031,112.1743004,69.51138392,423.8593874
revenue_max,synthetic_n200_p0.1,4,45,32,32,244.4386992,115.4110753,65.38962543,425.2393999
revenue_max,synthetic_n200_p0.1,4,45,33,33,246.6596888,118.8238054,61.85373261,427.3372268
revenue_max,synthetic_n200_p0.1,4,45,34,34,248.8764333,121.8785813,57.38768412,428.1426987
revenue_max,synthetic_n200_p0.1,4,45,35,35,250.8219747,125.582845,53.89131644,430.2961362
revenue_max,synthetic_n200_p0.1,4,45,36,36,252.6963676,129.4127168,50.30417754,432.4132619
revenue_max,synthetic_n200_p0.1,4,45,37,37,254.4176027,133.0587141,47.37122745,434.8475443
revenue_max,synthetic_n200_p0.1,4,45,38,38,256.0991039,136.0316307,45.13428221,437.2650168
revenue_max,synthetic_n200_p0.1,4,45,39,39,257.6912645,139.7194062,41.60168384,439.0123545
revenue_max,synthetic_n200_p0.1,4,45,40,40,259.2057964,143.0769092,38.97449416,441.2571997
revenue_max,synthetic_n200_p0.1,4,45,41,41,260.6724691,146.1982006,35.643871,442.5145407
revenue_max,synthetic_n200_p0.1,4,45,42,42,262.0258434,149.6481343,32.38457437,444.0585521
revenue_max,synthetic_n200_p0.1,4,45,43,43,263.3353247,152.9013747,29.0624226,445.299122
revenue_max,synthetic_n200_p0.1,4,45,44,44,264.6341131,156.0608584,27.14207614,447.8370476
revenue_max,synthetic_n200_p0.1,4,45,45,45,265.9133987,159.0483,23.45330027,448.414999
revenue_max,synthetic_n200_p0.1,4,50,0,0,0,0,519.3691232,519.3691232
revenue_max,synthetic_n200_p0.1,4,50,1,1,21.58205805,4.15512047,494.7660657,520.5032442
revenue_max,synthetic_n200_p0.1,4,50,2,2,41.35758863,8.127284378,472.7296878,522.2145608
revenue_max,synthetic_n200_p0.1,4,50,3,3,60.03527238,12.21632327,452.7324613,524.984057
revenue_max,synthetic_n200_p0.1,4,50,4,4,76.22682109,16.13046343,426.5292489,518.8865335
revenue_max,synthetic_n200_p0.1,4,50,5,5,90.37272885,19.7762468,403.0449536,513.1939292
revenue_max,synthetic_n200_p0.1,4,50,6,6,102.8850561,23.40747466,376.1863977,502.4789285
revenue_max,synthetic_n200_p0.1,4,50,7,7,114.4632599,27.01450383,348.9770382,490.454802
revenue_max,synthetic_n200_p0.1,4,50,8,8,125.2551816,30.60320199,321.9668018,477.8251854
revenue_max,synthetic_n200_p0.1,4,50,9,9,135.4358744,34.44721132,297.7789894,467.6620751
revenue_max,synthetic_n200_p0.1,4,50,10,10,144.8360416,38.28897831,277.1949074,460.3199273
revenue_max,synthetic_n200_p0.1,4,50,11,11,153.2351883,41.81105477,258.4194615,453.4657045
revenue_max,synthetic_n200_p0.1,4,50,12,12,160.8191366,45.93251233,242.5427434,449.2943923
revenue_max,synthetic_n200_p0.1,4,50,13,13,168.2342145,49.61650399,226.2189048,444.0696233
revenue_max,synthetic_n200_p0.1,4,50,14,14,175.1287269,52.80089462,207.2017181,435.1313396
revenue_max,synthetic_n200_p0.1,4,50,15,15,181.6313273,56.45144094,191.0370443,429.1198126
revenue_max,synthetic_n200_p0.1,4,50,16,16,187.7537288,60.0806088,177.3613951,425.1957327
revenue_max,synthetic_n200_p0.1,4,50,17,17,193.7154391,63.68071242,164.8819817,422.2781333
revenue_max,synthetic_n200_p0.1,4,50,18,18,198.6156321,67.09556479,156.546002,422.2571989
revenue_max,synthetic_n200_p0.1,4,50,19,19,203.0488137,70.67387312,146.5847823,420.3074692
revenue_max,synthetic_n200_p0.1,4,50,20,20,207.3947217,74.21154916,138.3987047,420.0049756
revenue_max,synthetic_n200_p0.1,4,50,21,21,211.5239364,77.19604107,130.7838036,419.5037811
revenue_max,synthetic_n200_p0.1,4,50,22,22,215.4128965,80.87572292,124.5469001,420.8355195
revenue_max,synthetic_n200_p0.1,4,50,23,23,219.0416286,84.61384025,117.7733364,421.4288053
revenue_max,synthetic_n200_p0.1,4,50,24,24,222.4310612,88.10582465,112.9203099,423.4571958
revenue_max,synthetic_n200_p0.1,4,50,25,25,225.7623488,91.61306646,107.5019233,424.8773386
revenue_max,synthetic_n200_p0.1,4,50,26,26,228.8417422,95.0270755,102.3843849,426.2532026
revenue_max,synthetic_n200_p0.1,4,50,27,27,231.8844973,98.09477061,92.47131633,422.4505843
revenue_max,synthetic_n200_p0.1,4,50,28,28,234.6896832,101.7419236,87.1113533,423.5429601
revenue_max,synthetic_n200_p0.1,4,50,29,29,237.2805085,105.2074156,83.22828846,425.7162126
revenue_max,synthetic_n200_p0.1,4,50,30,30,239.8153544,109.0094899,79.35351178,428.1783561
revenue_max,synthetic_n200_p0.1,4,50,31,31,242.1737031,112.1743004,75.35953732,429.7075408
revenue_max,synthetic_n200_p0.1,4,50,32,32,244.4386992,115.4110753,70.69259912,430.5423736
revenue_max,synthetic_n200_p0.1,4,50,33,33,246.6596888,118.8238054,66.75519072,432.2386849
revenue_max,synthetic_n200_p0.1,4,50,34,34,248.8764333,121.8785813,61.89679848,432.651813
revenue_max,synthetic_n200_p0.1,4,50,35,35,250.8219747,125.582845,58.1564297,434.5612494
revenue_max,synthetic_n200_p0.1,4,50,36,36,252.6963676,129.4127168,54.30680388,436.4158882
revenue_max,synthetic_n200_p0.1,4,50,37,37,254.4176027,133.0587141,50.93947168,438.4157885
revenue_max,synthetic_n200_p0.1,4,50,38,38,256.0991039,136.0316307,48.45681476,440.5875493
revenue_max,synthetic_n200_p0.1,4,50,39,39,257.6912645,139.7194062,44.58476757,441.9954382
revenue_max,synthetic_n200_p0.1,4,50,40,40,259.2057964,143.0769092,41.77900794,444.0617135
revenue_max,synthetic_n200_p0.1,4,50,41,41,260.6724691,146.1982006,37.96617186,444.8368416
revenue_max,synthetic_n200_p0.1,4,50,42,42,262.0258434,149.6481343,34.43430342,446.1082811
revenue_max,synthetic_n200_p0.1,4,50,43,43,263.3353247,152.9013747,30.94143836,447.1781377
revenue_max,synthetic_n200_p0.1,4,50,44,44,264.6341131,156.0608584,28.81782518,449.5127967
revenue_max,synthetic_n200_p0.1,4,50,45,45,265.9133987,159.0483,24.65001772,449.6117165
revenue_max,synthetic_n200_p0.1,4,50,46,46,267.040166,161.7717073,21.12111983,449.9329931
revenue_max,synthetic_n200_p0.1,4,50,47,47,267.9606173,164.9311226,19.27506609,452.166806
revenue_max,synthetic_n200_p0.1,4,50,48,48,268.7985579,167.994872,17.08680517,453.880235
revenue_max,synthetic_n200_p0.1,4,50,49,49,269.6065248,171.1032831,13.50998681,454.2197946
revenue_max,synthetic_n200_p0.1,4,50,50,50,270.4088525,174.4856858,11.8430784,456.7376167
revenue_max,synthetic_n200_p0.1,4,55,0,0,0,0,519.3691232,519.3691232
revenue_max,synthetic_n200_p0.1,4,55,1,1,21.58205805,4.15512047,494.7660657,520.5032442
revenue_max,synthetic_n200_p0.1,4,55,2,2,41.35758863,8.127284378,472.7296878,522.2145608
revenue_max,synthetic_n200_p0.1,4,55,3,3,60.03527238,12.21632327,452.7324613,524.984057
revenue_max,synthetic_n200_p0.1,4,55,4,4,76.22682109,16.13046343,426.5292489,518.8865335
revenue_max,synthetic_n200_p0.1,4,55,5,5,90.37272885,19.7762468,409.6186999,519.7676756
revenue_max,synthetic_n200_p0.1,4,55,6,6,102.8850561,23.40747466,392.54115,518.8336808
revenue_max,synthetic_n200_p0.1,4,55,7,7,114.4632599,27.01450383,367.9784507,509.4562144
revenue_max,synthetic_n200_p0.1,4,55,8,8,125.2551816,30.60320199,340.8473443,496.7057278
revenue_max,synthetic_n200_p0.1,4,55,9,9,135.4358744,34.44721132,316.0040271,485.8871128
revenue_max,synthetic_n200_p0.1,4,55,10,10,144.8360416,38.28897831,295.1096294,478.2346493
revenue_max,synthetic_n200_p0.1,4,55,11,11,153.2351883,41.81105477,275.9665467,471.0127897
revenue_max,synthetic_n200_p0.1,4,55,12,12,160.8191366,45.93251233,259.2854104,466.0370593
revenue_max,synthetic_n200_p0.1,4,55,13,13,168.2342145,49.61650399,241.8412826,459.6920011
revenue_max,synthetic_n200_p0.1,4,55,14,14,175.1287269,52.80089462,221.9760413,449.9056629
revenue_max,synthetic_n200_p0.1,4,55,15,15,181.6313273,56.45144094,204.9079752,442.9907434
revenue_max,synthetic_n200_p0.1,4,55,16,16,187.7537288,60.0806088,190.2252353,438.0595729
revenue_max,synthetic_n200_p0.1,4,55,17,17,193.7154391,63.68071242,176.9084922,434.3046437
revenue_max,synthetic_n200_p0.1,4,55,18,18,198.6156321,67.09556479,168.1453027,433.8564996
revenue_max,synthetic_n200_p0.1,4,55,19,19,203.0488137,70.67387312,157.2495761,430.9722629
revenue_max,synthetic_n200_p0.1,4,55,20,20,207.3947217,74.21154916,148.3746319,429.9809028
revenue_max,synthetic_n200_p0.1,4,55,21,21,211.5239364,77.19604107,140.2528636,428.972841
revenue_max,synthetic_n200_p0.1,4,55,22,22,215.4128965,80.87572292,133.9264589,430.2150783
revenue_max,synthetic_n200_p0.1,4,55,23,23,219.0416286,84.61384025,126.2356185,429.8910874
revenue_max,synthetic_n200_p0.1,4,55,24,24,222.4310612,88.10582465,121.2126008,431.7494866
revenue_max,synthetic_n200_p0.1,4,55,25,25,225.7623488,91.61306646,115.2306309,432.6060462
revenue_max,synthetic_n200_p0.1,4,55,26,26,228.8417422,95.0270755,109.7671282,433.6359459
revenue_max,synthetic_n200_p0.1,4,55,27,27,231.8844973,98.09477061,99.34081497,429.3200829
revenue_max,synthetic_n200_p0.1,4,55,28,28,234.6896832,101.7419236,93.64334554,430.0749524
revenue_max,synthetic_n200_p0.1,4,55,29,29,237.2805085,105.2074156,89.60468738,432.0926115
revenue_max,synthetic_n200_p0.1,4,55,30,30,239.8153544,109.0094899,85.38194108,434.2067854
revenue_max,synthetic_n200_p0.1,4,55,31,31,242.1737031,112.1743004,80.94062473,435.2886282
revenue_max,synthetic_n200_p0.1,4,55,32,32,244.4386992,115.4110753,75.80966063,435.6594351
revenue_max,synthetic_n200_p0.1,4,55,33,33,246.6596888,118.8238054,71.39991208,436.8834063
revenue_max,synthetic_n200_p0.1,4,55,34,34,248.8764333,121.8785813,66.23446496,436.9894795
revenue_max,synthetic_n200_p0.1,4,55,35,35,250.8219747,125.582845,62.22597436,438.6307941
revenue_max,synthetic_n200_p0.1,4,55,36,36,252.6963676,129.4127168,58.08935459,440.1984389
revenue_max,synthetic_n200_p0.1,4,55,37,37,254.4176027,133.0587141,54.33483037,441.8111472
revenue_max,synthetic_n200_p0.1,4,55,38,38,256.0991039,136.0316307,51.43425159,443.5649862
revenue_max,synthetic_n200_p0.1,4,55,39,39,257.6912645,139.7194062,47.36156399,444.7722346
revenue_max,synthetic_n200_p0.1,4,55,40,40,259.2057964,143.0769092,44.37757303,446.6602786
revenue_max,synthetic_n200_p0.1,4,55,41,41,260.6724691,146.1982006,40.11175784,446.9824276
revenue_max,synthetic_n200_p0.1,4,55,42,42,262.0258434,149.6481343,36.31740915,447.9913868
revenue_max,synthetic_n200_p0.1,4,55,43,43,263.3353247,152.9013747,32.61386228,448.8505616
revenue_max,synthetic_n200_p0.1,4,55,44,44,264.6341131,156.0608584,30.11851692,450.8134884
revenue_max,synthetic_n200_p0.1,4,55,45,45,265.9133987,159.0483,25.55017841,450.5118771
revenue_max,synthetic_n200_p0.1,4,55,46,46,267.040166,161.7717073,21.72137581,450.5332491
revenue_max,synthetic_n200_p0.1,4,55,47,47,267.9606173,164.9311226,19.66038464,452.5521245
revenue_max,synthetic_n200_p0.1,4,55,48,48,268.7985579,167.994872,17.14990414,453.943334
revenue_max,synthetic_n200_p0.1,4,55,49,49,269.6065248,171.1032831,13.50998681,454.2197946
revenue_max,synthetic_n200_p0.1,4,55,50,50,270.4088525,174.4856858,11.8430784,456.7376167
revenue_max,synthetic_n200_p0.1,4,55,51,51,271.1223253,177.8536833,9.104714007,458.0807226
revenue_max,synthetic_n200_p0.1,4,55,52,52,271.8014986,181.1600284,7.989272963,460.9507999
revenue_max,synthetic_n200_p0.1,4,55,53,53,272.3905146,184.1214641,6.967916045,463.4798947
revenue_max,synthetic_n200_p0.1,4,55,54,54,272.9492169,187.2189035,5.292946849,465.4610673
revenue_max,synthetic_n200_p0.1,4,55,55,55,273.4948595,190.5777638,3.508591779,467.5812151
revenue_max,synthetic_n200_p0.1,4,60,0,0,0,0,519.3691232,519.3691232
revenue_max,synthetic_n200_p0.1,4,60,1,1,21.58205805,4.15512047,494.7660657,520.5032442
revenue_max,synthetic_n200_p0.1,4,60,2,2,41.35758863,8.127284378,472.7296878,522.2145608
revenue_max,synthetic_n200_p0.1,4,60,3,3,60.03527238,12.21632327,452.7324613,524.984057
revenue_max,synthetic_n200_p0.1,4,60,4,4,76.22682109,16.13046343,426.5292489,518.8865335
revenue_max,synthetic_n200_p0.1,4,60,5,5,90.37272885,19.7762468,409.6186999,519.7676756
revenue_max,synthetic_n200_p0.1,4,60,6,6,102.8850561,23.40747466,392.8615999,519.1541307
revenue_max,synthetic_n200_p0.1,4,60,7,7,114.4632599,27.01450383,372.8973865,514.3751502
revenue_max,synthetic_n200_p0.1,4,60,8,8,125.2551816,30.60320199,353.9619679,509.8203514
revenue_max,synthetic_n200_p0.1,4,60,9,9,135.4358744,34.44721132,331.3840186,501.2671043
revenue_max,synthetic_n200_p0.1,4,60,10,10,144.8360416,38.28897831,310.4591452,493.5841652
revenue_max,synthetic_n200_p0.1,4,60,11,11,153.2351883,41.81105477,292.3277404,487.3739834
revenue_max,synthetic_n200_p0.1,4,60,12,12,160.8191366,45.93251233,274.6141838,481.3658327
revenue_max,synthetic_n200_p0.1,4,60,13,13,168.2342145,49.61650399,256.6161095,474.466828
revenue_max,synthetic_n200_p0.1,4,60,14,14,175.1287269,52.80089462,235.568376,463.4979976
revenue_max,synthetic_n200_p0.1,4,60,15,15,181.6313273,56.45144094,217.9347425,456.0175107
revenue_max,synthetic_n200_p0.1,4,60,16,16,187.7537288,60.0806088,202.3631669,450.1975045
revenue_max,synthetic_n200_p0.1,4,60,17,17,193.7154391,63.68071242,188.3708721,445.7670237
revenue_max,synthetic_n200_p0.1,4,60,18,18,198.6156321,67.09556479,179.1693473,444.8805442
revenue_max,synthetic_n200_p0.1,4,60,19,19,203.0488137,70.67387312,167.2655768,440.9882637
revenue_max,synthetic_n200_p0.1,4,60,20,20,207.3947217,74.21154916,157.955237,439.5615078
revenue_max,synthetic_n200_p0.1,4,60,21,21,211.5239364,77.19604107,149.1649394,437.8849168
revenue_max,synthetic_n200_p0.1,4,60,22,22,215.4128965,80.87572292,142.8078592,439.0964786
revenue_max,synthetic_n200_p0.1,4,60,23,23,219.0416286,84.61384025,134.514653,438.1701219
revenue_max,synthetic_n200_p0.1,4,60,24,24,222.4310612,88.10582465,129.2662107,439.8030965
revenue_max,synthetic_n200_p0.1,4,60,25,25,225.7623488,91.61306646,122.5996768,439.9750921
revenue_max,synthetic_n200_p0.1,4,60,26,26,228.8417422,95.0270755,116.737517,440.6063347
revenue_max,synthetic_n200_p0.1,4,60,27,27,231.8844973,98.09477061,105.9068109,435.8860789
revenue_max,synthetic_n200_p0.1,4,60,28,28,234.6896832,101.7419236,100.0398392,436.4714461
revenue_max,synthetic_n200_p0.1,4,60,29,29,237.2805085,105.2074156,95.68477152,438.1726956
revenue_max,synthetic_n200_p0.1,4,60,30,30,239.8153544,109.0094899,91.09786135,439.9227056
revenue_max,synthetic_n200_p0.1,4,60,31,31,242.1737031,112.1743004,86.27689529,440.6248988
revenue_max,synthetic_n200_p0.1,4,60,32,32,244.4386992,115.4110753,80.64040661,440.4901811
revenue_max,synthetic_n200_p0.1,4,60,33,33,246.6596888,118.8238054,75.79878088,441.282275
revenue_max,synthetic_n200_p0.1,4,60,34,34,248.8764333,121.8785813,70.38770502,441.1427196
revenue_max,synthetic_n200_p0.1,4,60,35,35,250.8219747,125.582845,66.01725328,442.422073
revenue_max,synthetic_n200_p0.1,4,60,36,36,252.6963676,129.4127168,61.67235272,443.7814371
revenue_max,synthetic_n200_p0.1,4,60,37,37,254.4176027,133.0587141,57.50482285,444.9811397
revenue_max,synthetic_n200_p0.1,4,60,38,38,256.0991039,136.0316307,54.2053774,446.336112
revenue_max,synthetic_n200_p0.1,4,60,39,39,257.6912645,139.7194062,49.84621955,447.2568902
revenue_max,synthetic_n200_p0.1,4,60,40,40,259.2057964,143.0769092,46.79468096,449.0773865
revenue_max,synthetic_n200_p0.1,4,60,41,41,260.6724691,146.1982006,42.12587259,448.9965423
revenue_max,synthetic_n200_p0.1,4,60,42,42,262.0258434,149.6481343,37.9308502,449.6048279
revenue_max,synthetic_n200_p0.1,4,60,43,43,263.3353247,152.9013747,34.0500562,450.2867556
revenue_max,synthetic_n200_p0.1,4,60,44,44,264.6341131,156.0608584,31.00774538,451.7027169
revenue_max,synthetic_n200_p0.1,4,60,45,45,265.9133987,159.0483,26.15647007,451.1181688
revenue_max,synthetic_n200_p0.1,4,60,46,46,267.040166,161.7717073,22.1718315,450.9837048
revenue_max,synthetic_n200_p0.1,4,60,47,47,267.9606173,164.9311226,19.83823373,452.7299736
revenue_max,synthetic_n200_p0.1,4,60,48,48,268.7985579,167.994872,17.14990414,453.943334
revenue_max,synthetic_n200_p0.1,4,60,49,49,269.6065248,171.1032831,13.50998681,454.2197946
revenue_max,synthetic_n200_p0.1,4,60,50,50,270.4088525,174.4856858,11.8430784,456.7376167
revenue_max,synthetic_n200_p0.1,4,60,51,51,271.1223253,177.8536833,9.104714007,458.0807226
revenue_max,synthetic_n200_p0.1,4,60,52,52,271.8014986,181.1600284,7.989272963,460.9507999
revenue_max,synthetic_n200_p0.1,4,60,53,53,272.3905146,184.1214641,6.967916045,463.4798947
revenue_max,synthetic_n200_p0.1,4,60,54,54,272.9492169,187.2189035,5.292946849,465.4610673
revenue_max,synthetic_n200_p0.1,4,60,55,55,273.4948595,190.5777638,3.508591779,467.5812151
revenue_max,synthetic_n200_p0.1,4,60,56,56,273.869724,193.6807316,2.114098295,469.6645539
revenue_max,synthetic_n200_p0.1,4,60,57,57,274.1582447,196.3940512,1.726354831,472.2786507
revenue_max,synthetic_n200_p0.1,4,60,58,58,274.418777,199.5390632,1.179974129,475.1378142
revenue_max,synthetic_n200_p0.1,4,60,59,59,274.625134,202.3241982,0.6732752769,477.6226074
revenue_max,synthetic_n200_p0.1,4,60,60,60,274.7576403,205.7078306,0.3146157501,480.7800867
revenue_max,synthetic_n200_p0.1,4,65,0,0,0,0,519.3691232,519.3691232
revenue_max,synthetic_n200_p0.1,4,65,1,1,21.58205805,4.15512047,494.7660657,520.5032442
revenue_max,synthetic_n200_p0.1,4,65,2,2,41.35758863,8.127284378,472.7296878,522.2145608
revenue_max,synthetic_n200_p0.1,4,65,3,3,60.03527238,12.21632327,452.7324613,524.984057
revenue_max,synthetic_n200_p0.1,4,65,4,4,76.22682109,16.13046343,426.5292489,518.8865335
revenue_max,synthetic_n200_p0.1,4,65,5,5,90.37272885,19.7762468,409.6186999,519.7676756
revenue_max,synthetic_n200_p0.1,4,65,6,6,102.8850561,23.40747466,392.8615999,519.1541307
revenue_max,synthetic_n200_p0.1,4,65,7,7,114.4632599,27.01450383,372.8973865,514.3751502
revenue_max,synthetic_n200_p0.1,4,65,8,8,125.2551816,30.60320199,354.2443805,510.102764
revenue_max,synthetic_n200_p0.1,4,65,9,9,135.4358744,34.44721132,338.9255559,508.8086416
revenue_max,synthetic_n200_p0.1,4,65,10,10,144.8360416,38.28897831,323.041426,506.1664459
revenue_max,synthetic_n200_p0.1,4,65,11,11,153.2351883,41.81105477,306.1890386,501.2352817
revenue_max,synthetic_n200_p0.1,4,65,12,12,160.8191366,45.93251233,288.7361485,495.4877974
revenue_max,synthetic_n200_p0.1,4,65,13,13,168.2342145,49.61650399,269.8685578,487.7192763
revenue_max,synthetic_n200_p0.1,4,65,14,14,175.1287269,52.80089462,247.9549699,475.8845915
revenue_max,synthetic_n200_p0.1,4,65,15,15,181.6313273,56.45144094,230.0873376,468.1701059
revenue_max,synthetic_n200_p0.1,4,65,16,16,187.7537288,60.0806088,213.7451278,461.5794654
revenue_max,synthetic_n200_p0.1,4,65,17,17,193.7154391,63.68071242,199.2940136,456.6901652
revenue_max,synthetic_n200_p0.1,4,65,18,18,198.6156321,67.09556479,189.5047182,455.2159151
revenue_max,synthetic_n200_p0.1,4,65,19,19,203.0488137,70.67387312,176.695075,450.4177619
revenue_max,synthetic_n200_p0.1,4,65,20,20,207.3947217,74.21154916,166.9962512,448.6025221
revenue_max,synthetic_n200_p0.1,4,65,21,21,211.5239364,77.19604107,157.9009374,446.6209148
revenue_max,synthetic_n200_p0.1,4,65,22,22,215.4128965,80.87572292,151.3525303,447.6411497
revenue_max,synthetic_n200_p0.1,4,65,23,23,219.0416286,84.61384025,142.4223274,446.0777962
revenue_max,synthetic_n200_p0.1,4,65,24,24,222.4310612,88.10582465,136.9272781,447.464164
revenue_max,synthetic_n200_p0.1,4,65,25,25,225.7623488,91.61306646,129.5382489,446.9136643
revenue_max,synthetic_n200_p0.1,4,65,26,26,228.8417422,95.0270755,123.489861,447.3586787
revenue_max,synthetic_n200_p0.1,4,65,27,27,231.8844973,98.09477061,112.2416656,442.2209336
revenue_max,synthetic_n200_p0.1,4,65,28,28,234.6896832,101.7419236,106.1719809,442.6035877
revenue_max,synthetic_n200_p0.1,4,65,29,29,237.2805085,105.2074156,101.5049612,443.9928853
revenue_max,synthetic_n200_p0.1,4,65,30,30,239.8153544,109.0094899,96.54601074,445.370855
revenue_max,synthetic_n200_p0.1,4,65,31,31,242.1737031,112.1743004,91.31534586,445.6633493
revenue_max,synthetic_n200_p0.1,4,65,32,32,244.4386992,115.4110753,85.22790585,445.0776804
revenue_max,synthetic_n200_p0.1,4,65,33,33,246.6596888,118.8238054,80.0322216,445.5157158
revenue_max,synthetic_n200_p0.1,4,65,34,34,248.8764333,121.8785813,74.2102105,444.9652251
revenue_max,synthetic_n200_p0.1,4,65,35,35,250.8219747,125.582845,69.61560475,446.0204245
revenue_max,synthetic_n200_p0.1,4,65,36,36,252.6963676,129.4127168,65.06354523,447.1726296
revenue_max,synthetic_n200_p0.1,4,65,37,37,254.4176027,133.0587141,60.44457256,447.9208894
revenue_max,synthetic_n200_p0.1,4,65,38,38,256.0991039,136.0316307,56.75289068,448.8836253
revenue_max,synthetic_n200_p0.1,4,65,39,39,257.6912645,139.7194062,52.26538612,449.6760568
revenue_max,synthetic_n200_p0.1,4,65,40,40,259.2057964,143.0769092,49.01929653,451.3020021
revenue_max,synthetic_n200_p0.1,4,65,41,41,260.6724691,146.1982006,43.82972535,450.7003951
revenue_max,synthetic_n200_p0.1,4,65,42,42,262.0258434,149.6481343,39.32419284,450.9981705
revenue_max,synthetic_n200_p0.1,4,65,43,43,263.3353247,152.9013747,35.10624225,451.3429416
revenue_max,synthetic_n200_p0.1,4,65,44,44,264.6341131,156.0608584,31.68965641,452.3846279
revenue_max,synthetic_n200_p0.1,4,65,45,45,265.9133987,159.0483,26.57419428,451.535893
revenue_max,synthetic_n200_p0.1,4,65,46,46,267.040166,161.7717073,22.44385326,451.2557265
revenue_max,synthetic_n200_p0.1,4,65,47,47,267.9606173,164.9311226,19.84752632,452.7392662
revenue_max,synthetic_n200_p0.1,4,65,48,48,268.7985579,167.994872,17.14990414,453.943334
revenue_max,synthetic_n200_p0.1,4,65,49,49,269.6065248,171.1032831,13.50998681,454.2197946
revenue_max,synthetic_n200_p0.1,4,65,50,50,270.4088525,174.4856858,11.8430784,456.7376167
revenue_max,synthetic_n200_p0.1,4,65,51,51,271.1223253,177.8536833,9.104714007,458.0807226
revenue_max,synthetic_n200_p0.1,4,65,52,52,271.8014986,181.1600284,7.989272963,460.9507999
revenue_max,synthetic_n200_p0.1,4,65,53,53,272.3905146,184.1214641,6.967916045,463.4798947
revenue_max,synthetic_n200_p0.1,4,65,54,54,272.9492169,187.2189035,5.292946849,465.4610673
revenue_max,synthetic_n200_p0.1,4,65,55,55,273.4948595,190.5777638,3.508591779,467.5812151
revenue_max,synthetic_n200_p0.1,4,65,56,56,273.869724,193.6807316,2.114098295,469.6645539
revenue_max,synthetic_n200_p0.1,4,65,57,57,274.1582447,196.3940512,1.726354831,472.2786507
revenue_max,synthetic_n200_p0.1,4,65,58,58,274.418777,199.5390632,1.179974129,475.1378142
revenue_max,synthetic_n200_p0.1,4,65,59,59,274.625134,202.3241982,0.6732752769,477.6226074
revenue_max,synthetic_n200_p0.1,4,65,60,60,274.7576403,205.7078306,0.3146157501,480.7800867
revenue_max,synthetic_n200_p0.1,4,65,61,61,274.8707998,208.5983227,0.201456296,483.6705788
revenue_max,synthetic_n200_p0.1,4,65,62,62,274.9710669,211.099241,0.1011891511,486.1714971
revenue_max,synthetic_n200_p0.1,4,65,63,63,275.0666156,213.9547428,0.005640528702,489.0269988
revenue_max,synthetic_n200_p0.1,4,65,64,64,275.0701498,217.5880814,0.002106292561,492.6603375
revenue_max,synthetic_n200_p0.1,4,65,65,65,275.0722561,220.6106375,0,495.6828936
revenue_max,synthetic_n200_p0.1,4,70,0,0,0,0,519.3691232,519.3691232
revenue_max,synthetic_n200_p0.1,4,70,1,1,21.58205805,4.15512047,494.7660657,520.5032442
revenue_max,synthetic_n200_p0.1,4,70,2,2,41.35758863,8.127284378,472.7296878,522.2145608
revenue_max,synthetic_n200_p0.1,4,70,3,3,60.03527238,12.21632327,452.7324613,524.984057
revenue_max,synthetic_n200_p0.1,4,70,4,4,76.22682109,16.13046343,426.5292489,518.8865335
revenue_max,synthetic_n200_p0.1,4,70,5,5,90.37272885,19.7762468,409.6186999,519.7676756
revenue_max,synthetic_n200_p0.1,4,70,6,6,102.8850561,23.40747466,392.8615999,519.1541307
revenue_max,synthetic_n200_p0.1,4,70,7,7,114.4632599,27.01450383,372.8973865,514.3751502
revenue_max,synthetic_n200_p0.1,4,70,8,8,125.2551816,30.60320199,354.2443805,510.102764
revenue_max,synthetic_n200_p0.1,4,70,9,9,135.4358744,34.44721132,338.9255559,508.8086416
revenue_max,synthetic_n200_p0.1,4,70,10,10,144.8360416,38.28897831,327.5156622,510.6406821
revenue_max,synthetic_n200_p0.1,4,70,11,11,153.2351883,41.81105477,317.1467099,512.1929529
revenue_max,synthetic_n200_p0.1,4,70,12,12,160.8191366,45.93251233,301.3564666,508.1081155
revenue_max,synthetic_n200_p0.1,4,70,13,13,168.2342145,49.61650399,281.7602271,499.6109456
revenue_max,synthetic_n200_p0.1,4,70,14,14,175.1287269,52.80089462,259.4143882,487.3440097
revenue_max,synthetic_n200_p0.1,4,70,15,15,181.6313273,56.45144094,241.266603,479.3493713
revenue_max,synthetic_n200_p0.1,4,70,16,16,187.7537288,60.0806088,224.0407068,471.8750444
revenue_max,synthetic_n200_p0.1,4,70,17,17,193.7154391,63.68071242,209.6345271,467.0306786
revenue_max,synthetic_n200_p0.1,4,70,18,18,198.6156321,67.09556479,199.0787661,464.789963
revenue_max,synthetic_n200_p0.1,4,70,19,19,203.0488137,70.67387312,185.6670387,459.3897256
revenue_max,synthetic_n200_p0.1,4,70,20,20,207.3947217,74.21154916,175.7655652,457.3718361
revenue_max,synthetic_n200_p0.1,4,70,21,21,211.5239364,77.19604107,166.2537931,454.9737706
revenue_max,synthetic_n200_p0.1,4,70,22,22,215.4128965,80.87572292,159.6103624,455.8989819
revenue_max,synthetic_n200_p0.1,4,70,23,23,219.0416286,84.61384025,149.7620117,453.4174805
revenue_max,synthetic_n200_p0.1,4,70,24,24,222.4310612,88.10582465,144.0249776,454.5618635
revenue_max,synthetic_n200_p0.1,4,70,25,25,225.7623488,91.61306646,136.120734,453.4961493
revenue_max,synthetic_n200_p0.1,4,70,26,26,228.8417422,95.0270755,129.9300162,453.7988339
revenue_max,synthetic_n200_p0.1,4,70,27,27,231.8844973,98.09477061,118.2364824,448.2157503
revenue_max,synthetic_n200_p0.1,4,70,28,28,234.6896832,101.7419236,111.9313512,448.362958
revenue_max,synthetic_n200_p0.1,4,70,29,29,237.2805085,105.2074156,107.0609863,449.5489104
revenue_max,synthetic_n200_p0.1,4,70,30,30,239.8153544,109.0094899,101.5784211,450.4032654
revenue_max,synthetic_n200_p0.1,4,70,31,31,242.1737031,112.1743004,95.96326396,450.3112674
revenue_max,synthetic_n200_p0.1,4,70,32,32,244.4386992,115.4110753,89.60418486,449.4539594
revenue_max,synthetic_n200_p0.1,4,70,33,33,246.6596888,118.8238054,84.03516661,449.5186608
revenue_max,synthetic_n200_p0.1,4,70,34,34,248.8764333,121.8785813,77.82070062,448.5757152
revenue_max,synthetic_n200_p0.1,4,70,35,35,250.8219747,125.582845,72.93897961,449.3437993
revenue_max,synthetic_n200_p0.1,4,70,36,36,252.6963676,129.4127168,68.23604051,450.3451249
revenue_max,synthetic_n200_p0.1,4,70,37,37,254.4176027,133.0587141,63.21796631,450.6942831
revenue_max,synthetic_n200_p0.1,4,70,38,38,256.0991039,136.0316307,59.20815646,451.338891
revenue_max,synthetic_n200_p0.1,4,70,39,39,257.6912645,139.7194062,54.53894124,451.9496119
revenue_max,synthetic_n200_p0.1,4,70,40,40,259.2057964,143.0769092,50.96625597,453.2489615
revenue_max,synthetic_n200_p0.1,4,70,41,41,260.6724691,146.1982006,45.29399098,452.1646607
revenue_max,synthetic_n200_p0.1,4,70,42,42,262.0258434,149.6481343,40.37545761,452.0494353
revenue_max,synthetic_n200_p0.1,4,70,43,43,263.3353247,152.9013747,35.83630002,452.0729994
revenue_max,synthetic_n200_p0.1,4,70,44,44,264.6341131,156.0608584,32.07261774,452.7675892
revenue_max,synthetic_n200_p0.1,4,70,45,45,265.9133987,159.0483,26.87569113,451.8373899
revenue_max,synthetic_n200_p0.1,4,70,46,46,267.040166,161.7717073,22.4969589,451.3088322
revenue_max,synthetic_n200_p0.1,4,70,47,47,267.9606173,164.9311226,19.84752632,452.7392662
revenue_max,synthetic_n200_p0.1,4,70,48,48,268.7985579,167.994872,17.14990414,453.943334
revenue_max,synthetic_n200_p0.1,4,70,49,49,269.6065248,171.1032831,13.50998681,454.2197946
revenue_max,synthetic_n200_p0.1,4,70,50,50,270.4088525,174.4856858,11.8430784,456.7376167
revenue_max,synthetic_n200_p0.1,4,70,51,51,271.1223253,177.8536833,9.104714007,458.0807226
revenue_max,synthetic_n200_p0.1,4,70,52,52,271.8014986,181.1600284,7.989272963,460.9507999
revenue_max,synthetic_n200_p0.1,4,70,53,53,272.3905146,184.1214641,6.967916045,463.4798947
revenue_max,synthetic_n200_p0.1,4,70,54,54,272.9492169,187.2189035,5.292946849,465.4610673
revenue_max,synthetic_n200_p0.1,4,70,55,55,273.4948595,190.5777638,3.508591779,467.5812151
revenue_max,synthetic_n200_p0.1,4,70,56,56,273.869724,193.6807316,2.114098295,469.6645539
revenue_max,synthetic_n200_p0.1,4,70,57,57,274.1582447,196.3940512,1.726354831,472.2786507
revenue_max,synthetic_n200_p0.1,4,70,58,58,274.418777,199.5390632,1.179974129,475.1378142
revenue_max,synthetic_n200_p0.1,4,70,59,59,274.625134,202.3241982,0.6732752769,477.6226074
revenue_max,synthetic_n200_p0.1,4,70,60,60,274.7576403,205.7078306,0.3146157501,480.7800867
revenue_max,synthetic_n200_p0.1,4,70,61,61,274.8707998,208.5983227,0.201456296,483.6705788
revenue_max,synthetic_n200_p0.1,4,70,62,62,274.9710669,211.099241,0.1011891511,486.1714971
revenue_max,synthetic_n200_p0.1,4,70,63,63,275.0666156,213.9547428,0.005640528702,489.0269988
revenue_max,synthetic_n200_p0.1,4,70,64,64,275.0701498,217.5880814,0.002106292561,492.6603375
revenue_max,synthetic_n200_p0.1,4,70,65,65,275.0722561,220.6106375,0,495.6828936
revenue_max,synthetic_n200_p0.1,4,75,0,0,0,0,519.3691232,519.3691232
revenue_max,synthetic_n200_p0.1,4,75,1,1,21.58205805,4.15512047,494.7660657,520.5032442
revenue_max,synthetic_n200_p0.1,4,75,2,2,41.35758863,8.127284378,472.7296878,522.2145608
revenue_max,synthetic_n200_p0.1,4,75,3,3,60.03527238,12.21632327,452.7324613,524.984057
revenue_max,synthetic_n200_p0.1,4,75,4,4,76.22682109,16.13046343,426.5292489,518.8865335
revenue_max,synthetic_n200_p0.1,4,75,5,5,90.37272885,19.7762468,409.6186999,519.7676756
revenue_max,synthetic_n200_p0.1,4,75,6,6,102.8850561,23.40747466,392.8615999,519.1541307
revenue_max,synthetic_n200_p0.1,4,75,7,7,114.4632599,27.01450383,372.8973865,514.3751502
revenue_max,synthetic_n200_p0.1,4,75,8,8,125.2551816,30.60320199,354.2443805,510.102764
revenue_max,synthetic_n200_p0.1,4,75,9,9,135.4358744,34.44721132,338.9255559,508.8086416
revenue_max,synthetic_n200_p0.1,4,75,10,10,144.8360416,38.28897831,327.5156622,510.6406821
revenue_max,synthetic_n200_p0.1,4,75,11,11,153.2351883,41.81105477,321.5774762,516.6237192
revenue_max,synthetic_n200_p0.1,4,75,12,12,160.8191366,45.93251233,310.0411899,516.7928388
revenue_max,synthetic_n200_p0.1,4,75,13,13,168.2342145,49.61650399,291.4676731,509.3183916
revenue_max,synthetic_n200_p0.1,4,75,14,14,175.1287269,52.80089462,269.9325616,497.8621831
revenue_max,synthetic_n200_p0.1,4,75,15,15,181.6313273,56.45144094,251.6327396,489.7155078
revenue_max,synthetic_n200_p0.1,4,75,16,16,187.7537288,60.0806088,233.6839099,481.5182475
revenue_max,synthetic_n200_p0.1,4,75,17,17,193.7154391,63.68071242,219.1142436,476.5103952
revenue_max,synthetic_n200_p0.1,4,75,18,18,198.6156321,67.09556479,208.2147569,473.9259538
revenue_max,synthetic_n200_p0.1,4,75,19,19,203.0488137,70.67387312,194.0181571,467.740844
revenue_max,synthetic_n200_p0.1,4,75,20,20,207.3947217,74.21154916,184.0607013,465.6669722
revenue_max,synthetic_n200_p0.1,4,75,21,21,211.5239364,77.19604107,173.9722668,462.6922442
revenue_max,synthetic_n200_p0.1,4,75,22,22,215.4128965,80.87572292,167.3345004,463.6231198
revenue_max,synthetic_n200_p0.1,4,75,23,23,219.0416286,84.61384025,156.7855668,460.4410357
revenue_max,synthetic_n200_p0.1,4,75,24,24,222.4310612,88.10582465,150.7273984,461.2642843
revenue_max,synthetic_n200_p0.1,4,75,25,25,225.7623488,91.61306646,142.1775626,459.5529779
revenue_max,synthetic_n200_p0.1,4,75,26,26,228.8417422,95.0270755,135.8815681,459.7503858
revenue_max,synthetic_n200_p0.1,4,75,27,27,231.8844973,98.09477061,123.9569873,453.9362552
revenue_max,synthetic_n200_p0.1,4,75,28,28,234.6896832,101.7419236,117.4290634,453.8606702
revenue_max,synthetic_n200_p0.1,4,75,29,29,237.2805085,105.2074156,112.2158526,454.7037767
revenue_max,synthetic_n200_p0.1,4,75,30,30,239.8153544,109.0094899,106.273671,455.0985153
revenue_max,synthetic_n200_p0.1,4,75,31,31,242.1737031,112.1743004,100.3720695,454.7200729
revenue_max,synthetic_n200_p0.1,4,75,32,32,244.4386992,115.4110753,93.76987784,453.6196523
revenue_max,synthetic_n200_p0.1,4,75,33,33,246.6596888,118.8238054,87.77102146,453.2545156
revenue_max,synthetic_n200_p0.1,4,75,34,34,248.8764333,121.8785813,81.22225726,451.9772718
revenue_max,synthetic_n200_p0.1,4,75,35,35,250.8219747,125.582845,76.10001398,452.5048337
revenue_max,synthetic_n200_p0.1,4,75,36,36,252.6963676,129.4127168,71.16223369,453.2713181
revenue_max,synthetic_n200_p0.1,4,75,37,37,254.4176027,133.0587141,65.78441043,453.2607273
revenue_max,synthetic_n200_p0.1,4,75,38,38,256.0991039,136.0316307,61.44360752,453.5743421
revenue_max,synthetic_n200_p0.1,4,75,39,39,257.6912645,139.7194062,56.6433037,454.0539744
revenue_max,synthetic_n200_p0.1,4,75,40,40,259.2057964,143.0769092,52.59733852,454.8800441
revenue_max,synthetic_n200_p0.1,4,75,41,41,260.6724691,146.1982006,46.30393658,453.1746063
revenue_max,synthetic_n200_p0.1,4,75,42,42,262.0258434,149.6481343,41.14645872,452.8204364
revenue_max,synthetic_n200_p0.1,4,75,43,43,263.3353247,152.9013747,36.29763199,452.5343314
revenue_max,synthetic_n200_p0.1,4,75,44,44,264.6341131,156.0608584,32.32064571,453.0156172
revenue_max,synthetic_n200_p0.1,4,75,45,45,265.9133987,159.0483,26.96106798,451.9227667
revenue_max,synthetic_n200_p0.1,4,75,46,46,267.040166,161.7717073,22.4969589,451.3088322
revenue_max,synthetic_n200_p0.1,4,75,47,47,267.9606173,164.9311226,19.84752632,452.7392662
revenue_max,synthetic_n200_p0.1,4,75,48,48,268.7985579,167.994872,17.14990414,453.943334
revenue_max,synthetic_n200_p0.1,4,75,49,49,269.6065248,171.1032831,13.50998681,454.2197946
revenue_max,synthetic_n200_p0.1,4,75,50,50,270.4088525,174.4856858,11.8430784,456.7376167
revenue_max,synthetic_n200_p0.1,4,75,51,51,271.1223253,177.8536833,9.104714007,458.0807226
revenue_max,synthetic_n200_p0.1,4,75,52,52,271.8014986,181.1600284,7.989272963,460.9507999
revenue_max,synthetic_n200_p0.1,4,75,53,53,272.3905146,184.1214641,6.967916045,463.4798947
revenue_max,synthetic_n200_p0.1,4,75,54,54,272.9492169,187.2189035,5.292946849,465.4610673
revenue_max,synthetic_n200_p0.1,4,75,55,55,273.4948595,190.5777638,3.508591779,467.5812151
revenue_max,synthetic_n200_p0.1,4,75,56,56,273.869724,193.6807316,2.114098295,469.6645539
revenue_max,synthetic_n200_p0.1,4,75,57,57,274.1582447,196.3940512,1.726354831,472.2786507
revenue_max,synthetic_n200_p0.1,4,75,58,58,274.418777,199.5390632,1.179974129,475.1378142
revenue_max,synthetic_n200_p0.1,4,75,59,59,274.625134,202.3241982,0.6732752769,477.6226074
revenue_max,synthetic_n200_p0.1,4,75,60,60,274.7576403,205.7078306,0.3146157501,480.7800867
revenue_max,synthetic_n200_p0.1,4,75,61,61,274.8707998,208.5983227,0.201456296,483.6705788
revenue_max,synthetic_n200_p0.1,4,75,62,62,274.9710669,211.099241,0.1011891511,486.1714971
revenue_max,synthetic_n200_p0.1,4,75,63,63,275.0666156,213.9547428,0.005640528702,489.0269988
revenue_max,synthetic_n200_p0.1,4,75,64,64,275.0701498,217.5880814,0.002106292561,492.6603375
revenue_max,synthetic_n200_p0.1,4,75,65,65,275.0722561,220.6106375,0,495.6828936
revenue_max,synthetic_n200_p0.1,4,80,0,0,0,0,519.3691232,519.3691232
revenue_max,synthetic_n200_p0.1,4,80,1,1,21.58205805,4.15512047,494.7660657,520.5032442
revenue_max,synthetic_n200_p0.1,4,80,2,2,41.35758863,8.127284378,472.7296878,522.2145608
revenue_max,synthetic_n200_p0.1,4,80,3,3,60.03527238,12.21632327,452.7324613,524.984057
revenue_max,synthetic_n200_p0.1,4,80,4,4,76.22682109,16.13046343,426.5292489,518.8865335
revenue_max,synthetic_n200_p0.1,4,80,5,5,90.37272885,19.7762468,409.6186999,519.7676756
revenue_max,synthetic_n200_p0.1,4,80,6,6,102.8850561,23.40747466,392.8615999,519.1541307
revenue_max,synthetic_n200_p0.1,4,80,7,7,114.4632599,27.01450383,372.8973865,514.3751502
revenue_max,synthetic_n200_p0.1,4,80,8,8,125.2551816,30.60320199,354.2443805,510.102764
revenue_max,synthetic_n200_p0.1,4,80,9,9,135.4358744,34.44721132,338.9255559,508.8086416
revenue_max,synthetic_n200_p0.1,4,80,10,10,144.8360416,38.28897831,327.5156622,510.6406821
revenue_max,synthetic_n200_p0.1,4,80,11,11,153.2351883,41.81105477,321.5774762,516.6237192
revenue_max,synthetic_n200_p0.1,4,80,12,12,160.8191366,45.93251233,311.108814,517.8604629
revenue_max,synthetic_n200_p0.1,4,80,13,13,168.2342145,49.61650399,295.9112884,513.7620069
revenue_max,synthetic_n200_p0.1,4,80,14,14,175.1287269,52.80089462,277.5457004,505.475322
revenue_max,synthetic_n200_p0.1,4,80,15,15,181.6313273,56.45144094,260.2344907,498.3172589
revenue_max,synthetic_n200_p0.1,4,80,16,16,187.7537288,60.0806088,242.3257638,490.1601014
revenue_max,synthetic_n200_p0.1,4,80,17,17,193.7154391,63.68071242,227.9621545,485.358306
revenue_max,synthetic_n200_p0.1,4,80,18,18,198.6156321,67.09556479,217.0690364,482.7802333
revenue_max,synthetic_n200_p0.1,4,80,19,19,203.0488137,70.67387312,201.553015,475.2757019
revenue_max,synthetic_n200_p0.1,4,80,20,20,207.3947217,74.21154916,191.6535719,473.2598428
revenue_max,synthetic_n200_p0.1,4,80,21,21,211.5239364,77.19604107,181.3346761,470.0546536
revenue_max,synthetic_n200_p0.1,4,80,22,22,215.4128965,80.87572292,174.602827,470.8914464
revenue_max,synthetic_n200_p0.1,4,80,23,23,219.0416286,84.61384025,163.5009291,467.156398
revenue_max,synthetic_n200_p0.1,4,80,24,24,222.4310612,88.10582465,156.9400686,467.4769545
revenue_max,synthetic_n200_p0.1,4,80,25,25,225.7623488,91.61306646,147.8605915,465.2360068
revenue_max,synthetic_n200_p0.1,4,80,26,26,228.8417422,95.0270755,141.4513611,465.3201788
revenue_max,synthetic_n200_p0.1,4,80,27,27,231.8844973,98.09477061,129.3981163,459.3773842
revenue_max,synthetic_n200_p0.1,4,80,28,28,234.6896832,101.7419236,122.5470225,458.9786293
revenue_max,synthetic_n200_p0.1,4,80,29,29,237.2805085,105.2074156,117.0509448,459.5388689
revenue_max,synthetic_n200_p0.1,4,80,30,30,239.8153544,109.0094899,110.7282118,459.5530561
revenue_max,synthetic_n200_p0.1,4,80,31,31,242.1737031,112.1743004,104.3279303,458.6759338
revenue_max,synthetic_n200_p0.1,4,80,32,32,244.4386992,115.4110753,97.51406569,457.3638402
revenue_max,synthetic_n200_p0.1,4,80,33,33,246.6596888,118.8238054,91.34625889,456.8297531
revenue_max,synthetic_n200_p0.1,4,80,34,34,248.8764333,121.8785813,84.36116009,455.1161747
revenue_max,synthetic_n200_p0.1,4,80,35,35,250.8219747,125.582845,78.99344632,455.3982661
revenue_max,synthetic_n200_p0.1,4,80,36,36,252.6963676,129.4127168,73.86136318,455.9704475
revenue_max,synthetic_n200_p0.1,4,80,37,37,254.4176027,133.0587141,68.22984071,455.7061575
revenue_max,synthetic_n200_p0.1,4,80,38,38,256.0991039,136.0316307,63.31787205,455.4486066
revenue_max,synthetic_n200_p0.1,4,80,39,39,257.6912645,139.7194062,58.3935524,455.8042231
revenue_max,synthetic_n200_p0.1,4,80,40,40,259.2057964,143.0769092,53.82495988,456.1076655
revenue_max,synthetic_n200_p0.1,4,80,41,41,260.6724691,146.1982006,47.11248451,453.9831542
revenue_max,synthetic_n200_p0.1,4,80,42,42,262.0258434,149.6481343,41.7222867,453.3962644
revenue_max,synthetic_n200_p0.1,4,80,43,43,263.3353247,152.9013747,36.61608823,452.8527876
revenue_max,synthetic_n200_p0.1,4,80,44,44,264.6341131,156.0608584,32.36261609,453.0575876
revenue_max,synthetic_n200_p0.1,4,80,45,45,265.9133987,159.0483,26.96106798,451.9227667
revenue_max,synthetic_n200_p0.1,4,80,46,46,267.040166,161.7717073,22.4969589,451.3088322
revenue_max,synthetic_n200_p0.1,4,80,47,47,267.9606173,164.9311226,19.84752632,452.7392662
revenue_max,synthetic_n200_p0.1,4,80,48,48,268.7985579,167.994872,17.14990414,453.943334
revenue_max,synthetic_n200_p0.1,4,80,49,49,269.6065248,171.1032831,13.50998681,454.2197946
revenue_max,synthetic_n200_p0.1,4,80,50,50,270.4088525,174.4856858,11.8430784,456.7376167
revenue_max,synthetic_n200_p0.1,4,80,51,51,271.1223253,177.8536833,9.104714007,458.0807226
revenue_max,synthetic_n200_p0.1,4,80,52,52,271.8014986,181.1600284,7.989272963,460.9507999
revenue_max,synthetic_n200_p0.1,4,80,53,53,272.3905146,184.1214641,6.967916045,463.4798947
revenue_max,synthetic_n200_p0.1,4,80,54,54,272.9492169,187.2189035,5.292946849,465.4610673
revenue_max,synthetic_n200_p0.1,4,80,55,55,273.4948595,190.5777638,3.508591779,467.5812151
revenue_max,synthetic_n200_p0.1,4,80,56,56,273.869724,193.6807316,2.114098295,469.6645539
revenue_max,synthetic_n200_p0.1,4,80,57,57,274.1582447,196.3940512,1.726354831,472.2786507
revenue_max,synthetic_n200_p0.1,4,80,58,58,274.418777,199.5390632,1.179974129,475.1378142
revenue_max,synthetic_n200_p0.1,4,80,59,59,274.625134,202.3241982,0.6732752769,477.6226074
revenue_max,synthetic_n200_p0.1,4,80,60,60,274.7576403,205.7078306,0.3146157501,480.7800867
revenue_max,synthetic_n200_p0.1,4,80,61,61,274.8707998,208.5983227,0.201456296,483.6705788
revenue_max,synthetic_n200_p0.1,4,80,62,62,274.9710669,211.099241,0.1011891511,486.1714971
revenue_max,synthetic_n200_p0.1,4,80,63,63,275.0666156,213.9547428,0.005640528702,489.0269988
revenue_max,synthetic_n200_p0.1,4,80,64,64,275.0701498,217.5880814,0.002106292561,492.6603375
revenue_max,synthetic_n200_p0.1,4,80,65,65,275.0722561,220.6106375,0,495.6828936
revenue_max,synthetic_n200_p0.1,4,85,0,0,0,0,519.3691232,519.3691232
revenue_max,synthetic_n200_p0.1,4,85,1,1,21.58205805,4.15512047,494.7660657,520.5032442
revenue_max,synthetic_n200_p0.1,4,85,2,2,41.35758863,8.127284378,472.7296878,522.2145608
revenue_max,synthetic_n200_p0.1,4,85,3,3,60.03527238,12.21632327,452.7324613,524.984057
revenue_max,synthetic_n200_p0.1,4,85,4,4,76.22682109,16.13046343,426.5292489,518.8865335
revenue_max,synthetic_n200_p0.1,4,85,5,5,90.37272885,19.7762468,409.6186999,519.7676756
revenue_max,synthetic_n200_p0.1,4,85,6,6,102.8850561,23.40747466,392.8615999,519.1541307
revenue_max,synthetic_n200_p0.1,4,85,7,7,114.4632599,27.01450383,372.8973865,514.3751502
revenue_max,synthetic_n200_p0.1,4,85,8,8,125.2551816,30.60320199,354.2443805,510.102764
revenue_max,synthetic_n200_p0.1,4,85,9,9,135.4358744,34.44721132,338.9255559,508.8086416
revenue_max,synthetic_n200_p0.1,4,85,10,10,144.8360416,38.28897831,327.5156622,510.6406821
revenue_max,synthetic_n200_p0.1,4,85,11,11,153.2351883,41.81105477,321.5774762,516.6237192
revenue_max,synthetic_n200_p0.1,4,85,12,12,160.8191366,45.93251233,311.108814,517.8604629
revenue_max,synthetic_n200_p0.1,4,85,13,13,168.2342145,49.61650399,295.9112884,513.7620069
revenue_max,synthetic_n200_p0.1,4,85,14,14,175.1287269,52.80089462,280.7961723,508.7257939
revenue_max,synthetic_n200_p0.1,4,85,15,15,181.6313273,56.45144094,266.6254116,504.7081798
revenue_max,synthetic_n200_p0.1,4,85,16,16,187.7537288,60.0806088,249.2672072,497.1015448
revenue_max,synthetic_n200_p0.1,4,85,17,17,193.7154391,63.68071242,235.6623732,493.0585248
revenue_max,synthetic_n200_p0.1,4,85,18,18,198.6156321,67.09556479,225.1050693,490.8162661
revenue_max,synthetic_n200_p0.1,4,85,19,19,203.0488137,70.67387312,208.1480875,481.8707743
revenue_max,synthetic_n200_p0.1,4,85,20,20,207.3947217,74.21154916,198.7143043,480.3205752
revenue_max,synthetic_n200_p0.1,4,85,21,21,211.5239364,77.19604107,188.2300746,476.950052
revenue_max,synthetic_n200_p0.1,4,85,22,22,215.4128965,80.87572292,181.4836147,477.7722342
revenue_max,synthetic_n200_p0.1,4,85,23,23,219.0416286,84.61384025,169.8500386,473.5055075
revenue_max,synthetic_n200_p0.1,4,85,24,24,222.4310612,88.10582465,162.6688272,473.205713
revenue_max,synthetic_n200_p0.1,4,85,25,25,225.7623488,91.61306646,153.2500823,470.6254976
revenue_max,synthetic_n200_p0.1,4,85,26,26,228.8417422,95.0270755,146.6521996,470.5210173
revenue_max,synthetic_n200_p0.1,4,85,27,27,231.8844973,98.09477061,134.3708591,464.350127
revenue_max,synthetic_n200_p0.1,4,85,28,28,234.6896832,101.7419236,127.4107331,463.8423399
revenue_max,synthetic_n200_p0.1,4,85,29,29,237.2805085,105.2074156,121.7219685,464.2098926
revenue_max,synthetic_n200_p0.1,4,85,30,30,239.8153544,109.0094899,114.8547711,463.6796154
revenue_max,synthetic_n200_p0.1,4,85,31,31,242.1737031,112.1743004,108.0674073,462.4154107
revenue_max,synthetic_n200_p0.1,4,85,32,32,244.4386992,115.4110753,101.1172999,460.9670744
revenue_max,synthetic_n200_p0.1,4,85,33,33,246.6596888,118.8238054,94.68163889,460.1651331
revenue_max,synthetic_n200_p0.1,4,85,34,34,248.8764333,121.8785813,87.31387094,458.0688855
revenue_max,synthetic_n200_p0.1,4,85,35,35,250.8219747,125.582845,81.70044838,458.1052681
revenue_max,synthetic_n200_p0.1,4,85,36,36,252.6963676,129.4127168,76.35495914,458.4640435
revenue_max,synthetic_n200_p0.1,4,85,37,37,254.4176027,133.0587141,70.29617944,457.7724963
revenue_max,synthetic_n200_p0.1,4,85,38,38,256.0991039,136.0316307,64.89209006,457.0228246
revenue_max,synthetic_n200_p0.1,4,85,39,39,257.6912645,139.7194062,59.67903348,457.0897041
revenue_max,synthetic_n200_p0.1,4,85,40,40,259.2057964,143.0769092,54.74332296,457.0260285
revenue_max,synthetic_n200_p0.1,4,85,41,41,260.6724691,146.1982006,47.76932446,454.6399942
revenue_max,synthetic_n200_p0.1,4,85,42,42,262.0258434,149.6481343,42.17789488,453.8518726
revenue_max,synthetic_n200_p0.1,4,85,43,43,263.3353247,152.9013747,36.66129846,452.8979978
revenue_max,synthetic_n200_p0.1,4,85,44,44,264.6341131,156.0608584,32.36261609,453.0575876
revenue_max,synthetic_n200_p0.1,4,85,45,45,265.9133987,159.0483,26.96106798,451.9227667
revenue_max,synthetic_n200_p0.1,4,85,46,46,267.040166,161.7717073,22.4969589,451.3088322
revenue_max,synthetic_n200_p0.1,4,85,47,47,267.9606173,164.9311226,19.84752632,452.7392662
revenue_max,synthetic_n200_p0.1,4,85,48,48,268.7985579,167.994872,17.14990414,453.943334
revenue_max,synthetic_n200_p0.1,4,85,49,49,269.6065248,171.1032831,13.50998681,454.2197946
revenue_max,synthetic_n200_p0.1,4,85,50,50,270.4088525,174.4856858,11.8430784,456.7376167
revenue_max,synthetic_n200_p0.1,4,85,51,51,271.1223253,177.8536833,9.104714007,458.0807226
revenue_max,synthetic_n200_p0.1,4,85,52,52,271.8014986,181.1600284,7.989272963,460.9507999
revenue_max,synthetic_n200_p0.1,4,85,53,53,272.3905146,184.1214641,6.967916045,463.4798947
revenue_max,synthetic_n200_p0.1,4,85,54,54,272.9492169,187.2189035,5.292946849,465.4610673
revenue_max,synthetic_n200_p0.1,4,85,55,55,273.4948595,190.5777638,3.508591779,467.5812151
revenue_max,synthetic_n200_p0.1,4,85,56,56,273.869724,193.6807316,2.114098295,469.6645539
revenue_max,synthetic_n200_p0.1,4,85,57,57,274.1582447,196.3940512,1.726354831,472.2786507
revenue_max,synthetic_n200_p0.1,4,85,58,58,274.418777,199.5390632,1.179974129,475.1378142
revenue_max,synthetic_n200_p0.1,4,85,59,59,274.625134,202.3241982,0.6732752769,477.6226074
revenue_max,synthetic_n200_p0.1,4,85,60,60,274.7576403,205.7078306,0.3146157501,480.7800867
revenue_max,synthetic_n200_p0.1,4,85,61,61,274.8707998,208.5983227,0.201456296,483.6705788
revenue_max,synthetic_n200_p0.1,4,85,62,62,274.9710669,211.099241,0.1011891511,486.1714971
revenue_max,synthetic_n200_p0.1,4,85,63,63,275.0666156,213.9547428,0.005640528702,489.0269988
revenue_max,synthetic_n200_p0.1,4,85,64,64,275.0701498,217.5880814,0.002106292561,492.6603375
revenue_max,synthetic_n200_p0.1,4,85,65,65,275.0722561,220.6106375,0,495.6828936
revenue_max,synthetic_n200_p0.1,4,90,0,0,0,0,519.3691232,519.3691232
revenue_max,synthetic_n200_p0.1,4,90,1,1,21.58205805,4.15512047,494.7660657,520.5032442
revenue_max,synthetic_n200_p0.1,4,90,2,2,41.35758863,8.127284378,472.7296878,522.2145608
revenue_max,synthetic_n200_p0.1,4,90,3,3,60.03527238,12.21632327,452.7324613,524.984057
revenue_max,synthetic_n200_p0.1,4,90,4,4,76.22682109,16.13046343,426.5292489,518.8865335
revenue_max,synthetic_n200_p0.1,4,90,5,5,90.37272885,19.7762468,409.6186999,519.7676756
revenue_max,synthetic_n200_p0.1,4,90,6,6,102.8850561,23.40747466,392.8615999,519.1541307
revenue_max,synthetic_n200_p0.1,4,90,7,7,114.4632599,27.01450383,372.8973865,514.3751502
revenue_max,synthetic_n200_p0.1,4,90,8,8,125.2551816,30.60320199,354.2443805,510.102764
revenue_max,synthetic_n200_p0.1,4,90,9,9,135.4358744,34.44721132,338.9255559,508.8086416
revenue_max,synthetic_n200_p0.1,4,90,10,10,144.8360416,38.28897831,327.5156622,510.6406821
revenue_max,synthetic_n200_p0.1,4,90,11,11,153.2351883,41.81105477,321.5774762,516.6237192
revenue_max,synthetic_n200_p0.1,4,90,12,12,160.8191366,45.93251233,311.108814,517.8604629
revenue_max,synthetic_n200_p0.1,4,90,13,13,168.2342145,49.61650399,295.9112884,513.7620069
revenue_max,synthetic_n200_p0.1,4,90,14,14,175.1287269,52.80089462,280.7961723,508.7257939
revenue_max,synthetic_n200_p0.1,4,90,15,15,181.6313273,56.45144094,267.5318944,505.6146626
revenue_max,synthetic_n200_p0.1,4,90,16,16,187.7537288,60.0806088,253.1964984,501.030836
revenue_max,synthetic_n200_p0.1,4,90,17,17,193.7154391,63.68071242,241.8915101,499.2876617
revenue_max,synthetic_n200_p0.1,4,90,18,18,198.6156321,67.09556479,231.928669,497.6398659
revenue_max,synthetic_n200_p0.1,4,90,19,19,203.0488137,70.67387312,213.4981953,487.2208822
revenue_max,synthetic_n200_p0.1,4,90,20,20,207.3947217,74.21154916,205.3029222,486.9091931
revenue_max,synthetic_n200_p0.1,4,90,21,21,211.5239364,77.19604107,194.6504011,483.3703785
revenue_max,synthetic_n200_p0.1,4,90,22,22,215.4128965,80.87572292,187.8919844,484.1806038
revenue_max,synthetic_n200_p0.1,4,90,23,23,219.0416286,84.61384025,175.7595807,479.4150496
revenue_max,synthetic_n200_p0.1,4,90,24,24,222.4310612,88.10582465,167.9000632,478.436949
revenue_max,synthetic_n200_p0.1,4,90,25,25,225.7623488,91.61306646,158.3104154,475.6858307
revenue_max,synthetic_n200_p0.1,4,90,26,26,228.8417422,95.0270755,151.6101883,475.479006
revenue_max,synthetic_n200_p0.1,4,90,27,27,231.8844973,98.09477061,139.1875877,469.1668556
revenue_max,synthetic_n200_p0.1,4,90,28,28,234.6896832,101.7419236,132.0195829,468.4511898
revenue_max,synthetic_n200_p0.1,4,90,29,29,237.2805085,105.2074156,126.0003967,468.4883208
revenue_max,synthetic_n200_p0.1,4,90,30,30,239.8153544,109.0094899,118.742796,467.5676403
revenue_max,synthetic_n200_p0.1,4,90,31,31,242.1737031,112.1743004,111.5767717,465.9247752
revenue_max,synthetic_n200_p0.1,4,90,32,32,244.4386992,115.4110753,104.4774804,464.3272549
revenue_max,synthetic_n200_p0.1,4,90,33,33,246.6596888,118.8238054,97.7433354,463.2268296
revenue_max,synthetic_n200_p0.1,4,90,34,34,248.8764333,121.8785813,90.05895924,460.8139738
revenue_max,synthetic_n200_p0.1,4,90,35,35,250.8219747,125.582845,84.20061341,460.6054331
revenue_max,synthetic_n200_p0.1,4,90,36,36,252.6963676,129.4127168,78.54416239,460.6532468
revenue_max,synthetic_n200_p0.1,4,90,37,37,254.4176027,133.0587141,72.17280912,459.6491259
revenue_max,synthetic_n200_p0.1,4,90,38,38,256.0991039,136.0316307,66.08855105,458.2192856
revenue_max,synthetic_n200_p0.1,4,90,39,39,257.6912645,139.7194062,60.64555645,458.0562271
revenue_max,synthetic_n200_p0.1,4,90,40,40,259.2057964,143.0769092,55.4978831,457.7805887
revenue_max,synthetic_n200_p0.1,4,90,41,41,260.6724691,146.1982006,48.36958065,455.2402504
revenue_max,synthetic_n200_p0.1,4,90,42,42,262.0258434,149.6481343,42.40600367,454.0799814
revenue_max,synthetic_n200_p0.1,4,90,43,43,263.3353247,152.9013747,36.66129846,452.8979978
revenue_max,synthetic_n200_p0.1,4,90,44,44,264.6341131,156.0608584,32.36261609,453.0575876
revenue_max,synthetic_n200_p0.1,4,90,45,45,265.9133987,159.0483,26.96106798,451.9227667
revenue_max,synthetic_n200_p0.1,4,90,46,46,267.040166,161.7717073,22.4969589,451.3088322
revenue_max,synthetic_n200_p0.1,4,90,47,47,267.9606173,164.9311226,19.84752632,452.7392662
revenue_max,synthetic_n200_p0.1,4,90,48,48,268.7985579,167.994872,17.14990414,453.943334
revenue_max,synthetic_n200_p0.1,4,90,49,49,269.6065248,171.1032831,13.50998681,454.2197946
revenue_max,synthetic_n200_p0.1,4,90,50,50,270.4088525,174.4856858,11.8430784,456.7376167
revenue_max,synthetic_n200_p0.1,4,90,51,51,271.1223253,177.8536833,9.104714007,458.0807226
revenue_max,synthetic_n200_p0.1,4,90,52,52,271.8014986,181.1600284,7.989272963,460.9507999
revenue_max,synthetic_n200_p0.1,4,90,53,53,272.3905146,184.1214641,6.967916045,463.4798947
revenue_max,synthetic_n200_p0.1,4,90,54,54,272.9492169,187.2189035,5.292946849,465.4610673
revenue_max,synthetic_n200_p0.1,4,90,55,55,273.4948595,190.5777638,3.508591779,467.5812151
revenue_max,synthetic_n200_p0.1,4,90,56,56,273.869724,193.6807316,2.114098295,469.6645539
revenue_max,synthetic_n200_p0.1,4,90,57,57,274.1582447,196.3940512,1.726354831,472.2786507
revenue_max,synthetic_n200_p0.1,4,90,58,58,274.418777,199.5390632,1.179974129,475.1378142
revenue_max,synthetic_n200_p0.1,4,90,59,59,274.625134,202.3241982,0.6732752769,477.6226074
revenue_max,synthetic_n200_p0.1,4,90,60,60,274.7576403,205.7078306,0.3146157501,480.7800867
revenue_max,synthetic_n200_p0.1,4,90,61,61,274.8707998,208.5983227,0.201456296,483.6705788
revenue_max,synthetic_n200_p0.1,4,90,62,62,274.9710669,211.099241,0.1011891511,486.1714971
revenue_max,synthetic_n200_p0.1,4,90,63,63,275.0666156,213.9547428,0.005640528702,489.0269988
revenue_max,synthetic_n200_p0.1,4,90,64,64,275.0701498,217.5880814,0.002106292561,492.6603375
revenue_max,synthetic_n200_p0.1,4,90,65,65,275.0722561,220.6106375,0,495.6828936
revenue_max,synthetic_n200_p0.1,4,95,0,0,0,0,519.3691232,519.3691232
revenue_max,synthetic_n200_p0.1,4,95,1,1,21.58205805,4.15512047,494.7660657,520.5032442
revenue_max,synthetic_n200_p0.1,4,95,2,2,41.35758863,8.127284378,472.7296878,522.2145608
revenue_max,synthetic_n200_p0.1,4,95,3,3,60.03527238,12.21632327,452.7324613,524.984057
revenue_max,synthetic_n200_p0.1,4,95,4,4,76.22682109,16.13046343,426.5292489,518.8865335
revenue_max,synthetic_n200_p0.1,4,95,5,5,90.37272885,19.7762468,409.6186999,519.7676756
revenue_max,synthetic_n200_p0.1,4,95,6,6,102.8850561,23.40747466,392.8615999,519.1541307
revenue_max,synthetic_n200_p0.1,4,95,7,7,114.4632599,27.01450383,372.8973865,514.3751502
revenue_max,synthetic_n200_p0.1,4,95,8,8,125.2551816,30.60320199,354.2443805,510.102764
revenue_max,synthetic_n200_p0.1,4,95,9,9,135.4358744,34.44721132,338.9255559,508.8086416
revenue_max,synthetic_n200_p0.1,4,95,10,10,144.8360416,38.28897831,327.5156622,510.6406821
revenue_max,synthetic_n200_p0.1,4,95,11,11,153.2351883,41.81105477,321.5774762,516.6237192
revenue_max,synthetic_n200_p0.1,4,95,12,12,160.8191366,45.93251233,311.108814,517.8604629
revenue_max,synthetic_n200_p0.1,4,95,13,13,168.2342145,49.61650399,295.9112884,513.7620069
revenue_max,synthetic_n200_p0.1,4,95,14,14,175.1287269,52.80089462,280.7961723,508.7257939
revenue_max,synthetic_n200_p0.1,4,95,15,15,181.6313273,56.45144094,267.5318944,505.6146626
revenue_max,synthetic_n200_p0.1,4,95,16,16,187.7537288,60.0806088,253.3953117,501.2296493
revenue_max,synthetic_n200_p0.1,4,95,17,17,193.7154391,63.68071242,246.6611951,504.0573467
revenue_max,synthetic_n200_p0.1,4,95,18,18,198.6156321,67.09556479,237.5333422,503.2445391
revenue_max,synthetic_n200_p0.1,4,95,19,19,203.0488137,70.67387312,217.6528128,491.3754996
revenue_max,synthetic_n200_p0.1,4,95,20,20,207.3947217,74.21154916,211.056756,492.6630269
revenue_max,synthetic_n200_p0.1,4,95,21,21,211.5239364,77.19604107,200.5535233,489.2735007
revenue_max,synthetic_n200_p0.1,4,95,22,22,215.4128965,80.87572292,193.8167272,490.1053466
revenue_max,synthetic_n200_p0.1,4,95,23,23,219.0416286,84.61384025,181.3295235,484.9849923
revenue_max,synthetic_n200_p0.1,4,95,24,24,222.4310612,88.10582465,172.5877737,483.1246596
revenue_max,synthetic_n200_p0.1,4,95,25,25,225.7623488,91.61306646,163.109273,480.4846883
revenue_max,synthetic_n200_p0.1,4,95,26,26,228.8417422,95.0270755,156.3875386,480.2563563
revenue_max,synthetic_n200_p0.1,4,95,27,27,231.8844973,98.09477061,143.5608077,473.5400757
revenue_max,synthetic_n200_p0.1,4,95,28,28,234.6896832,101.7419236,136.3497666,472.7813734
revenue_max,synthetic_n200_p0.1,4,95,29,29,237.2805085,105.2074156,129.9056979,472.393622
revenue_max,synthetic_n200_p0.1,4,95,30,30,239.8153544,109.0094899,122.3417463,471.1665906
revenue_max,synthetic_n200_p0.1,4,95,31,31,242.1737031,112.1743004,114.673948,469.0219514
revenue_max,synthetic_n200_p0.1,4,95,32,32,244.4386992,115.4110753,107.4528536,467.3026281
revenue_max,synthetic_n200_p0.1,4,95,33,33,246.6596888,118.8238054,100.4710158,465.95451
revenue_max,synthetic_n200_p0.1,4,95,34,34,248.8764333,121.8785813,92.52400577,463.2790203
revenue_max,synthetic_n200_p0.1,4,95,35,35,250.8219747,125.582845,86.41150064,462.8163204
revenue_max,synthetic_n200_p0.1,4,95,36,36,252.6963676,129.4127168,80.4875888,462.5966732
revenue_max,synthetic_n200_p0.1,4,95,37,37,254.4176027,133.0587141,73.58218675,461.0585036
revenue_max,synthetic_n200_p0.1,4,95,38,38,256.0991039,136.0316307,67.08189156,459.2126261
revenue_max,synthetic_n200_p0.1,4,95,39,39,257.6912645,139.7194062,61.50870773,458.9193784
revenue_max,synthetic_n200_p0.1,4,95,40,40,259.2057964,143.0769092,56.08024943,458.362955
revenue_max,synthetic_n200_p0.1,4,95,41,41,260.6724691,146.1982006,48.77701374,455.6476835
revenue_max,synthetic_n200_p0.1,4,95,42,42,262.0258434,149.6481343,42.43448746,454.1084651
revenue_max,synthetic_n200_p0.1,4,95,43,43,263.3353247,152.9013747,36.66129846,452.8979978
revenue_max,synthetic_n200_p0.1,4,95,44,44,264.6341131,156.0608584,32.36261609,453.0575876
revenue_max,synthetic_n200_p0.1,4,95,45,45,265.9133987,159.0483,26.96106798,451.9227667
revenue_max,synthetic_n200_p0.1,4,95,46,46,267.040166,161.7717073,22.4969589,451.3088322
revenue_max,synthetic_n200_p0.1,4,95,47,47,267.9606173,164.9311226,19.84752632,452.7392662
revenue_max,synthetic_n200_p0.1,4,95,48,48,268.7985579,167.994872,17.14990414,453.943334
revenue_max,synthetic_n200_p0.1,4,95,49,49,269.6065248,171.1032831,13.50998681,454.2197946
revenue_max,synthetic_n200_p0.1,4,95,50,50,270.4088525,174.4856858,11.8430784,456.7376167
revenue_max,synthetic_n200_p0.1,4,95,51,51,271.1223253,177.8536833,9.104714007,458.0807226
revenue_max,synthetic_n200_p0.1,4,95,52,52,271.8014986,181.1600284,7.989272963,460.9507999
revenue_max,synthetic_n200_p0.1,4,95,53,53,272.3905146,184.1214641,6.967916045,463.4798947
revenue_max,synthetic_n200_p0.1,4,95,54,54,272.9492169,187.2189035,5.292946849,465.4610673
revenue_max,synthetic_n200_p0.1,4,95,55,55,273.4948595,190.5777638,3.508591779,467.5812151
revenue_max,synthetic_n200_p0.1,4,95,56,56,273.869724,193.6807316,2.114098295,469.6645539
revenue_max,synthetic_n200_p0.1,4,95,57,57,274.1582447,196.3940512,1.726354831,472.2786507
revenue_max,synthetic_n200_p0.1,4,95,58,58,274.418777,199.5390632,1.179974129,475.1378142
revenue_max,synthetic_n200_p0.1,4,95,59,59,274.625134,202.3241982,0.6732752769,477.6226074
revenue_max,synthetic_n200_p0.1,4,95,60,60,274.7576403,205.7078306,0.3146157501,480.7800867
revenue_max,synthetic_n200_p0.1,4,95,61,61,274.8707998,208.5983227,0.201456296,483.6705788
revenue_max,synthetic_n200_p0.1,4,95,62,62,274.9710669,211.099241,0.1011891511,486.1714971
revenue_max,synthetic_n200_p0.1,4,95,63,63,275.0666156,213.9547428,0.005640528702,489.0269988
revenue_max,synthetic_n200_p0.1,4,95,64,64,275.0701498,217.5880814,0.002106292561,492.6603375
revenue_max,synthetic_n200_p0.1,4,95,65,65,275.0722561,220.6106375,0,495.6828936
revenue_max,synthetic_n200_p0.1,4,100,0,0,0,0,519.3691232,519.3691232
revenue_max,synthetic_n200_p0.1,4,100,1,1,21.58205805,4.15512047,494.7660657,520.5032442
revenue_max,synthetic_n200_p0.1,4,100,2,2,41.35758863,8.127284378,472.7296878,522.2145608
revenue_max,synthetic_n200_p0.1,4,100,3,3,60.03527238,12.21632327,452.7324613,524.984057
revenue_max,synthetic_n200_p0.1,4,100,4,4,76.22682109,16.13046343,426.5292489,518.8865335
revenue_max,synthetic_n200_p0.1,4,100,5,5,90.37272885,19.7762468,409.6186999,519.7676756
revenue_max,synthetic_n200_p0.1,4,100,6,6,102.8850561,23.40747466,392.8615999,519.1541307
revenue_max,synthetic_n200_p0.1,4,100,7,7,114.4632599,27.01450383,372.8973865,514.3751502
revenue_max,synthetic_n200_p0.1,4,100,8,8,125.2551816,30.60320199,354.2443805,510.102764
revenue_max,synthetic_n200_p0.1,4,100,9,9,135.4358744,34.44721132,338.9255559,508.8086416
revenue_max,synthetic_n200_p0.1,4,100,10,10,144.8360416,38.28897831,327.5156622,510.6406821
revenue_max,synthetic_n200_p0.1,4,100,11,11,153.2351883,41.81105477,321.5774762,516.6237192
revenue_max,synthetic_n200_p0.1,4,100,12,12,160.8191366,45.93251233,311.108814,517.8604629
revenue_max,synthetic_n200_p0.1,4,100,13,13,168.2342145,49.61650399,295.9112884,513.7620069
revenue_max,synthetic_n200_p0.1,4,100,14,14,175.1287269,52.80089462,280.7961723,508.7257939
revenue_max,synthetic_n200_p0.1,4,100,15,15,181.6313273,56.45144094,267.5318944,505.6146626
revenue_max,synthetic_n200_p0.1,4,100,16,16,187.7537288,60.0806088,253.3953117,501.2296493
revenue_max,synthetic_n200_p0.1,4,100,17,17,193.7154391,63.68071242,247.7147425,505.1108941
revenue_max,synthetic_n200_p0.1,4,100,18,18,198.6156321,67.09556479,241.9715044,507.6827013
revenue_max,synthetic_n200_p0.1,4,100,19,19,203.0488137,70.67387312,218.218967,491.9416539
revenue_max,synthetic_n200_p0.1,4,100,20,20,207.3947217,74.21154916,215.8048869,497.4111577
revenue_max,synthetic_n200_p0.1,4,100,21,21,211.5239364,77.19604107,205.7123785,494.432356
revenue_max,synthetic_n200_p0.1,4,100,22,22,215.4128965,80.87572292,199.353799,495.6424184
revenue_max,synthetic_n200_p0.1,4,100,23,23,219.0416286,84.61384025,186.2893824,489.9448512
revenue_max,synthetic_n200_p0.1,4,100,24,24,222.4310612,88.10582465,176.8924491,487.429335
revenue_max,synthetic_n200_p0.1,4,100,25,25,225.7623488,91.61306646,167.4331173,484.8085326
revenue_max,synthetic_n200_p0.1,4,100,26,26,228.8417422,95.0270755,160.6975179,484.5663356
revenue_max,synthetic_n200_p0.1,4,100,27,27,231.8844973,98.09477061,147.7470133,477.7262812
revenue_max,synthetic_n200_p0.1,4,100,28,28,234.6896832,101.7419236,140.1968904,476.6284972
revenue_max,synthetic_n200_p0.1,4,100,29,29,237.2805085,105.2074156,133.5542837,476.0422078
revenue_max,synthetic_n200_p0.1,4,100,30,30,239.8153544,109.0094899,125.5329487,474.357793
revenue_max,synthetic_n200_p0.1,4,100,31,31,242.1737031,112.1743004,117.4115523,471.7595557
revenue_max,synthetic_n200_p0.1,4,100,32,32,244.4386992,115.4110753,110.1048692,469.9546437
revenue_max,synthetic_n200_p0.1,4,100,33,33,246.6596888,118.8238054,102.8827598,468.366254
revenue_max,synthetic_n200_p0.1,4,100,34,34,248.8764333,121.8785813,94.70226379,465.4572784
revenue_max,synthetic_n200_p0.1,4,100,35,35,250.8219747,125.582845,88.42374867,464.8285684
revenue_max,synthetic_n200_p0.1,4,100,36,36,252.6963676,129.4127168,82.00197155,464.1110559
revenue_max,synthetic_n200_p0.1,4,100,37,37,254.4176027,133.0587141,74.76564827,462.2419651
revenue_max,synthetic_n200_p0.1,4,100,38,38,256.0991039,136.0316307,67.97942015,460.1101547
revenue_max,synthetic_n200_p0.1,4,100,39,39,257.6912645,139.7194062,62.10736116,459.5180318
revenue_max,synthetic_n200_p0.1,4,100,40,40,259.2057964,143.0769092,56.35937352,458.6420791
revenue_max,synthetic_n200_p0.1,4,100,41,41,260.6724691,146.1982006,48.91234933,455.7830191
revenue_max,synthetic_n200_p0.1,4,100,42,42,262.0258434,149.6481343,42.43448746,454.1084651
revenue_max,synthetic_n200_p0.1,4,100,43,43,263.3353247,152.9013747,36.66129846,452.8979978
revenue_max,synthetic_n200_p0.1,4,100,44,44,264.6341131,156.0608584,32.36261609,453.0575876
revenue_max,synthetic_n200_p0.1,4,100,45,45,265.9133987,159.0483,26.96106798,451.9227667
revenue_max,synthetic_n200_p0.1,4,100,46,46,267.040166,161.7717073,22.4969589,451.3088322
revenue_max,synthetic_n200_p0.1,4,100,47,47,267.9606173,164.9311226,19.84752632,452.7392662
revenue_max,synthetic_n200_p0.1,4,100,48,48,268.7985579,167.994872,17.14990414,453.943334
revenue_max,synthetic_n200_p0.1,4,100,49,49,269.6065248,171.1032831,13.50998681,454.2197946
revenue_max,synthetic_n200_p0.1,4,100,50,50,270.4088525,174.4856858,11.8430784,456.7376167
revenue_max,synthetic_n200_p0.1,4,100,51,51,271.1223253,177.8536833,9.104714007,458.0807226
revenue_max,synthetic_n200_p0.1,4,100,52,52,271.8014986,181.1600284,7.989272963,460.9507999
revenue_max,synthetic_n200_p0.1,4,100,53,53,272.3905146,184.1214641,6.967916045,463.4798947
revenue_max,synthetic_n200_p0.1,4,100,54,54,272.9492169,187.2189035,5.292946849,465.4610673
revenue_max,synthetic_n200_p0.1,4,100,55,55,273.4948595,190.5777638,3.508591779,467.5812151
revenue_max,synthetic_n200_p0.1,4,100,56,56,273.869724,193.6807316,2.114098295,469.6645539
revenue_max,synthetic_n200_p0.1,4,100,57,57,274.1582447,196.3940512,1.726354831,472.2786507
revenue_max,synthetic_n200_p0.1,4,100,58,58,274.418777,199.5390632,1.179974129,475.1378142
revenue_max,synthetic_n200_p0.1,4,100,59,59,274.625134,202.3241982,0.6732752769,477.6226074
revenue_max,synthetic_n200_p0.1,4,100,60,60,274.7576403,205.7078306,0.3146157501,480.7800867
revenue_max,synthetic_n200_p0.1,4,100,61,61,274.8707998,208.5983227,0.201456296,483.6705788
revenue_max,synthetic_n200_p0.1,4,100,62,62,274.9710669,211.099241,0.1011891511,486.1714971
revenue_max,synthetic_n200_p0.1,4,100,63,63,275.0666156,213.9547428,0.005640528702,489.0269988
revenue_max,synthetic_n200_p0.1,4,100,64,64,275.0701498,217.5880814,0.002106292561,492.6603375
revenue_max,synthetic_n200_p0.1,4,100,65,65,275.0722561,220.6106375,0,495.6828936
