problem,instance,seed,k,prefix,size,f_S,penalty_S,dual_S,bound_S
revenue_max,youtube_cmty_3000,0,1,0,0,0,0,279.3287229,279.3287229
revenue_max,youtube_cmty_3000,0,1,1,1,279.3287229,14.46774089,168.9796272,462.776091
revenue_max,youtube_cmty_3000,0,10,0,0,0,0,1605.18473,1605.18473
revenue_max,youtube_cmty_3000,0,10,5,5,909.4621897,61.90221274,884.0836081,1855.448011
revenue_max,youtube_cmty_3000,0,10,10,10,1399.944765,112.0282972,626.6247985,2138.59786
revenue_max,youtube_cmty_3000,0,20,0,0,0,0,2458.454581,2458.454581
revenue_max,youtube_cmty_3000,0,20,5,5,909.4621897,61.90221274,1438.443209,2409.807612
revenue_max,youtube_cmty_3000,0,20,10,10,1399.944765,112.0282972,1031.638633,2543.611695
revenue_max,youtube_cmty_3000,0,20,15,15,1734.019762,158.373928,777.4925344,2669.886225
revenue_max,youtube_cmty_3000,0,20,20,20,1974.784943,200.9717249,637.0067898,2812.763457
revenue_max,youtube_cmty_3000,0,30,0,0,0,0,2989.845341,2989.845341
revenue_max,youtube_cmty_3000,0,30,5,5,909.4621897,61.90221274,1826.888033,2798.252436
revenue_max,youtube_cmty_3000,0,30,10,10,1399.944765,112.0282972,1348.21484,2860.187902
revenue_max,youtube_cmty_3000,0,30,15,15,1734.019762,158.373928,1050.841378,2943.235069
revenue_max,youtube_cmty_3000,0,30,20,20,1974.784943,200.9717249,880.2264503,3055.983118
revenue_max,youtube_cmty_3000,0,30,25,25,2164.694679,241.490641,751.5539048,3157.739225
revenue_max,youtube_cmty_3000,0,30,30,30,2318.583168,277.1359111,665.45177,3261.170849
revenue_max,youtube_cmty_3000,0,40,0,0,0,0,3316.70833,3316.70833
revenue_max,youtube_cmty_3000,0,40,5,5,909.4621897,61.90221274,2125.336458,3096.70086
revenue_max,youtube_cmty_3000,0,40,10,10,1399.944765,112.0282972,1608.773844,3120.746906
revenue_max,youtube_cmty_3000,0,40,15,15,1734.019762,158.373928,1282.085918,3174.479608
revenue_max,youtube_cmty_3000,0,40,20,20,1974.784943,200.9717249,1081.425689,3257.182356
revenue_max,youtube_cmty_3000,0,40,25,25,2164.694679,241.490641,922.2492709,3328.434591
revenue_max,youtube_cmty_3000,0,40,30,30,2318.583168,277.1359111,812.2181426,3407.937222
revenue_max,youtube_cmty_3000,0,40,35,35,2452.593167,311.7486523,716.8382996,3481.180119
revenue_max,youtube_cmty_3000,0,40,40,40,2571.731629,345.7956763,629.0687752,3546.596081
revenue_max,youtube_cmty_3000,0,50,0,0,0,0,3517.921312,3517.921312
revenue_max,youtube_cmty_3000,0,50,5,5,909.4621897,61.90221274,2330.507798,3301.8722
revenue_max,youtube_cmty_3000,0,50,10,10,1399.944765,112.0282972,1795.115462,3307.088524
revenue_max,youtube_cmty_3000,0,50,15,15,1734.019762,158.373928,1450.911757,3343.305447
revenue_max,youtube_cmty_3000,0,50,20,20,1974.784943,200.9717249,1232.758158,3408.514825
revenue_max,youtube_cmty_3000,0,50,25,25,2164.694679,241.490641,1057.278471,3463.463792
revenue_max,youtube_cmty_3000,0,50,30,30,2318.583168,277.1359111,931.0823381,3526.801417
revenue_max,youtube_cmty_3000,0,50,35,35,2452.593167,311.7486523,822.9820294,3587.323849
revenue_max,youtube_cmty_3000,0,50,40,40,2571.731629,345.7956763,722.7961025,3640.323408
revenue_max,youtube_cmty_3000,0,50,45,45,2676.351868,376.4812394,639.0664085,3691.899516
revenue_max,youtube_cmty_3000,0,50,50,50,2769.498723,410.6865115,568.202327,3748.387561
revenue_max,youtube_cmty_3000,0,60,0,0,0,0,3650.233393,3650.233393
revenue_max,youtube_cmty_3000,0,60,5,5,909.4621897,61.90221274,2488.057743,3459.422146
revenue_max,youtube_cmty_3000,0,60,10,10,1399.944765,112.0282972,1940.29096,3452.264022
revenue_max,youtube_cmty_3000,0,60,15,15,1734.019762,158.373928,1582.49784,3474.89153
revenue_max,youtube_cmty_3000,0,60,20,20,1974.784943,200.9717249,1350.147957,3525.904624
revenue_max,youtube_cmty_3000,0,60,25,25,2164.694679,241.490641,1162.934547,3569.119868
revenue_max,youtube_cmty_3000,0,60,30,30,2318.583168,277.1359111,1027.452026,3623.171105
revenue_max,youtube_cmty_3000,0,60,35,35,2452.593167,311.7486523,909.9437518,3674.285571
revenue_max,youtube_cmty_3000,0,60,40,40,2571.731629,345.7956763,802.6897262,3720.217032
revenue_max,youtube_cmty_3000,0,60,45,45,2676.351868,376.4812394,710.1904244,3763.023532
revenue_max,youtube_cmty_3000,0,60,50,50,2769.498723,410.6865115,633.0317309,3813.216965
revenue_max,youtube_cmty_3000,0,60,55,55,2851.115496,444.4900742,561.9072297,3857.512799
revenue_max,youtube_cmty_3000,0,60,60,60,2923.179718,478.0451117,500.1037182,3901.328548
revenue_max,youtube_cmty_3000,0,70,0,0,0,0,3749.828645,3749.828645
revenue_max,youtube_cmty_3000,0,70,5,5,909.4621897,61.90221274,2604.830369,3576.194771
revenue_max,youtube_cmty_3000,0,70,10,10,1399.944765,112.0282972,2053.657405,3565.630467
revenue_max,youtube_cmty_3000,0,70,15,15,1734.019762,158.373928,1687.673833,3580.067523
revenue_max,youtube_cmty_3000,0,70,20,20,1974.784943,200.9717249,1446.662536,3622.419203
revenue_max,youtube_cmty_3000,0,70,25,25,2164.694679,241.490641,1250.597029,3656.782349
revenue_max,youtube_cmty_3000,0,70,30,30,2318.583168,277.1359111,1108.294612,3704.013691
revenue_max,youtube_cmty_3000,0,70,35,35,2452.593167,311.7486523,982.9073541,3747.249173
revenue_max,youtube_cmty_3000,0,70,40,40,2571.731629,345.7956763,869.812592,3787.339898
revenue_max,youtube_cmty_3000,0,70,45,45,2676.351868,376.4812394,772.3307791,3825.163887
revenue_max,youtube_cmty_3000,0,70,50,50,2769.498723,410.6865115,690.9703846,3871.155619
revenue_max,youtube_cmty_3000,0,70,55,55,2851.115496,444.4900742,615.6949043,3911.300474
revenue_max,youtube_cmty_3000,0,70,60,60,2923.179718,478.0451117,549.3379888,3950.562819
revenue_max,youtube_cmty_3000,0,70,65,65,2986.888967,505.4963579,500.393444,3992.778769
revenue_max,youtube_cmty_3000,0,70,70,70,3044.973991,533.3621881,452.273492,4030.609672
revenue_max,youtube_cmty_3000,0,80,0,0,0,0,3830.71156,3830.71156
revenue_max,youtube_cmty_3000,0,80,5,5,909.4621897,61.90221274,2691.207098,3662.5715
revenue_max,youtube_cmty_3000,0,80,10,10,1399.944765,112.0282972,2137.261873,3649.234935
revenue_max,youtube_cmty_3000,0,80,15,15,1734.019762,158.373928,1770.440077,3662.833767
revenue_max,youtube_cmty_3000,0,80,20,20,1974.784943,200.9717249,1524.229,3699.985667
revenue_max,youtube_cmty_3000,0,80,25,25,2164.694679,241.490641,1324.080343,3730.265664
revenue_max,youtube_cmty_3000,0,80,30,30,2318.583168,277.1359111,1173.576302,3769.295381
revenue_max,youtube_cmty_3000,0,80,35,35,2452.593167,311.7486523,1044.220775,3808.562594
revenue_max,youtube_cmty_3000,0,80,40,40,2571.731629,345.7956763,927.3924712,3844.919777
revenue_max,youtube_cmty_3000,0,80,45,45,2676.351868,376.4812394,826.84786,3879.680968
revenue_max,youtube_cmty_3000,0,80,50,50,2769.498723,410.6865115,741.3969063,3921.582141
revenue_max,youtube_cmty_3000,0,80,55,55,2851.115496,444.4900742,662.6196705,3958.22524
revenue_max,youtube_cmty_3000,0,80,60,60,2923.179718,478.0451117,593.3684314,3994.593261
revenue_max,youtube_cmty_3000,0,80,65,65,2986.888967,505.4963579,542.0393287,4034.424653
revenue_max,youtube_cmty_3000,0,80,70,70,3044.973991,533.3621881,491.0735846,4069.409764
revenue_max,youtube_cmty_3000,0,80,75,75,3095.840138,561.9889027,445.4232594,4103.2523
revenue_max,youtube_cmty_3000,0,80,80,80,3140.481125,585.4938439,411.3873985,4137.362368
revenue_max,youtube_cmty_3000,0,90,0,0,0,0,3898.430326,3898.430326
revenue_max,youtube_cmty_3000,0,90,5,5,909.4621897,61.90221274,2760.769267,3732.133669
revenue_max,youtube_cmty_3000,0,90,10,10,1399.944765,112.0282972,2206.542624,3718.515686
revenue_max,youtube_cmty_3000,0,90,15,15,1734.019762,158.373928,1838.077369,3730.471059
revenue_max,youtube_cmty_3000,0,90,20,20,1974.784943,200.9717249,1589.174532,3764.931199
revenue_max,youtube_cmty_3000,0,90,25,25,2164.694679,241.490641,1385.746343,3791.931664
revenue_max,youtube_cmty_3000,0,90,30,30,2318.583168,277.1359111,1231.836365,3827.555444
revenue_max,youtube_cmty_3000,0,90,35,35,2452.593167,311.7486523,1098.371376,3862.713195
revenue_max,youtube_cmty_3000,0,90,40,40,2571.731629,345.7956763,978.0458822,3895.573188
revenue_max,youtube_cmty_3000,0,90,45,45,2676.351868,376.4812394,873.1895051,3926.022613
revenue_max,youtube_cmty_3000,0,90,50,50,2769.498723,410.6865115,784.7556887,3964.940923
revenue_max,youtube_cmty_3000,0,90,55,55,2851.115496,444.4900742,704.0883285,3999.693898
revenue_max,youtube_cmty_3000,0,90,60,60,2923.179718,478.0451117,633.2353027,4034.460133
revenue_max,youtube_cmty_3000,0,90,65,65,2986.888967,505.4963579,578.2661723,4070.651497
revenue_max,youtube_cmty_3000,0,90,70,70,3044.973991,533.3621881,524.5833841,4102.919564
revenue_max,youtube_cmty_3000,0,90,75,75,3095.840138,561.9889027,477.6263596,4135.4554
revenue_max,youtube_cmty_3000,0,90,80,80,3140.481125,585.4938439,441.5904782,4167.565448
revenue_max,youtube_cmty_3000,0,90,85,85,3179.327413,612.5454272,405.5709064,4197.443746
revenue_max,youtube_cmty_3000,0,90,90,90,3215.725951,636.6937612,377.7882046,4230.207916
revenue_max,youtube_cmty_3000,0,100,0,0,0,0,3957.974454,3957.974454
revenue_max,youtube_cmty_3000,0,100,5,5,909.4621897,61.90221274,2819.410388,3790.77479
revenue_max,youtube_cmty_3000,0,100,10,10,1399.944765,112.0282972,2263.324029,3775.297091
revenue_max,youtube_cmty_3000,0,100,15,15,1734.019762,158.373928,1894.618931,3787.012621
revenue_max,youtube_cmty_3000,0,100,20,20,1974.784943,200.9717249,1642.411893,3818.16856
revenue_max,youtube_cmty_3000,0,100,25,25,2164.694679,241.490641,1436.004898,3842.190218
revenue_max,youtube_cmty_3000,0,100,30,30,2318.583168,277.1359111,1279.994999,3875.714078
revenue_max,youtube_cmty_3000,0,100,35,35,2452.593167,311.7486523,1143.358667,3907.700486
revenue_max,youtube_cmty_3000,0,100,40,40,2571.731629,345.7956763,1021.748614,3939.27592
revenue_max,youtube_cmty_3000,0,100,45,45,2676.351868,376.4812394,913.2370283,3966.070136
revenue_max,youtube_cmty_3000,0,100,50,50,2769.498723,410.6865115,822.4716983,4002.656933
revenue_max,youtube_cmty_3000,0,100,55,55,2851.115496,444.4900742,739.28309,4034.88866
revenue_max,youtube_cmty_3000,0,100,60,60,2923.179718,478.0451117,666.9827776,4068.207608
revenue_max,youtube_cmty_3000,0,100,65,65,2986.888967,505.4963579,609.5994296,4101.984754
revenue_max,youtube_cmty_3000,0,100,70,70,3044.973991,533.3621881,554.4646412,4132.800821
revenue_max,youtube_cmty_3000,0,100,75,75,3095.840138,561.9889027,505.6318869,4163.460928
revenue_max,youtube_cmty_3000,0,100,80,80,3140.481125,585.4938439,467.8321853,4193.807155
revenue_max,youtube_cmty_3000,0,100,85,85,3179.327413,612.5454272,430.5705301,4222.44337
revenue_max,youtube_cmty_3000,0,100,90,90,3215.725951,636.6937612,401.2832075,4253.702919
revenue_max,youtube_cmty_3000,0,100,95,95,3247.295458,658.0852743,375.7360802,4281.116813
revenue_max,youtube_cmty_3000,0,100,100,100,3276.833156,679.5428089,352.4326395,4308.808605
revenue_max,youtube_cmty_3000,0,110,0,0,0,0,4011.811608,4011.811608
revenue_max,youtube_cmty_3000,0,110,5,5,909.4621897,61.90221274,2869.880408,3841.244811
revenue_max,youtube_cmty_3000,0,110,10,10,1399.944765,112.0282972,2311.267175,3823.240237
revenue_max,youtube_cmty_3000,0,110,15,15,1734.019762,158.373928,1942.537011,3834.930701
revenue_max,youtube_cmty_3000,0,110,20,20,1974.784943,200.9717249,1688.360749,3864.117416
revenue_max,youtube_cmty_3000,0,110,25,25,2164.694679,241.490641,1479.266846,3885.452166
revenue_max,youtube_cmty_3000,0,110,30,30,2318.583168,277.1359111,1321.527272,3917.246351
revenue_max,youtube_cmty_3000,0,110,35,35,2452.593167,311.7486523,1181.91482,3946.256639
revenue_max,youtube_cmty_3000,0,110,40,40,2571.731629,345.7956763,1058.235507,3975.762813
revenue_max,youtube_cmty_3000,0,110,45,45,2676.351868,376.4812394,947.6131062,4000.446214
revenue_max,youtube_cmty_3000,0,110,50,50,2769.498723,410.6865115,854.9645056,4035.14974
revenue_max,youtube_cmty_3000,0,110,55,55,2851.115496,444.4900742,770.2676581,4065.873228
revenue_max,youtube_cmty_3000,0,110,60,60,2923.179718,478.0451117,696.3710483,4097.595878
revenue_max,youtube_cmty_3000,0,110,65,65,2986.888967,505.4963579,637.0493583,4129.434683
revenue_max,youtube_cmty_3000,0,110,70,70,3044.973991,533.3621881,580.6207264,4158.956906
revenue_max,youtube_cmty_3000,0,110,75,75,3095.840138,561.9889027,529.9999687,4187.829009
revenue_max,youtube_cmty_3000,0,110,80,80,3140.481125,585.4938439,491.1516116,4217.126581
revenue_max,youtube_cmty_3000,0,110,85,85,3179.327413,612.5454272,453.3432167,4245.216057
revenue_max,youtube_cmty_3000,0,110,90,90,3215.725951,636.6937612,422.5494425,4274.969154
revenue_max,youtube_cmty_3000,0,110,95,95,3247.295458,658.0852743,395.8687018,4301.249434
revenue_max,youtube_cmty_3000,0,110,100,100,3276.833156,679.5428089,371.7296104,4328.105576
revenue_max,youtube_cmty_3000,0,110,105,105,3304.243922,705.942211,347.4512552,4357.637388
revenue_max,youtube_cmty_3000,0,110,110,110,3329.927971,728.9555943,326.9616421,4385.845207
revenue_max,youtube_cmty_3000,0,120,0,0,0,0,4060.816959,4060.816959
revenue_max,youtube_cmty_3000,0,120,5,5,909.4621897,61.90221274,2914.127048,3885.491451
revenue_max,youtube_cmty_3000,0,120,10,10,1399.944765,112.0282972,2352.793818,3864.766879
revenue_max,youtube_cmty_3000,0,120,15,15,1734.019762,158.373928,1984.56267,3876.95636
revenue_max,youtube_cmty_3000,0,120,20,20,1974.784943,200.9717249,1728.734289,3904.490956
revenue_max,youtube_cmty_3000,0,120,25,25,2164.694679,241.490641,1517.370938,3923.556258
revenue_max,youtube_cmty_3000,0,120,30,30,2318.583168,277.1359111,1357.89316,3953.612239
revenue_max,youtube_cmty_3000,0,120,35,35,2452.593167,311.7486523,1216.156837,3980.498656
revenue_max,youtube_cmty_3000,0,120,40,40,2571.731629,345.7956763,1090.859116,4008.386421
revenue_max,youtube_cmty_3000,0,120,45,45,2676.351868,376.4812394,978.4513226,4031.28443
revenue_max,youtube_cmty_3000,0,120,50,50,2769.498723,410.6865115,883.7247587,4063.909993
revenue_max,youtube_cmty_3000,0,120,55,55,2851.115496,444.4900742,797.8619661,4093.467536
revenue_max,youtube_cmty_3000,0,120,60,60,2923.179718,478.0451117,722.6359149,4123.860745
revenue_max,youtube_cmty_3000,0,120,65,65,2986.888967,505.4963579,661.4364474,4153.821772
revenue_max,youtube_cmty_3000,0,120,70,70,3044.973991,533.3621881,603.8596443,4182.195824
revenue_max,youtube_cmty_3000,0,120,75,75,3095.840138,561.9889027,552.2924807,4210.121521
revenue_max,youtube_cmty_3000,0,120,80,80,3140.481125,585.4938439,512.4676098,4238.442579
revenue_max,youtube_cmty_3000,0,120,85,85,3179.327413,612.5454272,473.6188681,4265.491708
revenue_max,youtube_cmty_3000,0,120,90,90,3215.725951,636.6937612,441.538222,4293.957934
revenue_max,youtube_cmty_3000,0,120,95,95,3247.295458,658.0852743,413.9772673,4319.358
revenue_max,youtube_cmty_3000,0,120,100,100,3276.833156,679.5428089,389.0769725,4345.452938
revenue_max,youtube_cmty_3000,0,120,105,105,3304.243922,705.942211,364.1014328,4374.287566
revenue_max,youtube_cmty_3000,0,120,110,110,3329.927971,728.9555943,342.7196219,4401.603187
revenue_max,youtube_cmty_3000,0,120,115,115,3354.004595,750.0115935,320.1016021,4424.117791
revenue_max,youtube_cmty_3000,0,120,120,120,3375.558327,770.808052,304.1805308,4450.54691
revenue_max,youtube_cmty_3000,0,130,0,0,0,0,4106.409216,4106.409216
revenue_max,youtube_cmty_3000,0,130,5,5,909.4621897,61.90221274,2954.660806,3926.025209
revenue_max,youtube_cmty_3000,0,130,10,10,1399.944765,112.0282972,2390.649658,3902.62272
revenue_max,youtube_cmty_3000,0,130,15,15,1734.019762,158.373928,2021.227323,3913.621014
revenue_max,youtube_cmty_3000,0,130,20,20,1974.784943,200.9717249,1764.561364,3940.318031
revenue_max,youtube_cmty_3000,0,130,25,25,2164.694679,241.490641,1551.554651,3957.739971
revenue_max,youtube_cmty_3000,0,130,30,30,2318.583168,277.1359111,1390.729675,3986.448754
revenue_max,youtube_cmty_3000,0,130,35,35,2452.593167,311.7486523,1247.573777,4011.915596
revenue_max,youtube_cmty_3000,0,130,40,40,2571.731629,345.7956763,1120.649396,4038.176701
revenue_max,youtube_cmty_3000,0,130,45,45,2676.351868,376.4812394,1006.579921,4059.413028
revenue_max,youtube_cmty_3000,0,130,50,50,2769.498723,410.6865115,909.5273245,4089.712559
revenue_max,youtube_cmty_3000,0,130,55,55,2851.115496,444.4900742,822.1919001,4117.79747
revenue_max,youtube_cmty_3000,0,130,60,60,2923.179718,478.0451117,745.9509039,4147.175734
revenue_max,youtube_cmty_3000,0,130,65,65,2986.888967,505.4963579,684.0379896,4176.423314
revenue_max,youtube_cmty_3000,0,130,70,70,3044.973991,533.3621881,625.10821,4203.44439
revenue_max,youtube_cmty_3000,0,130,75,75,3095.840138,561.9889027,572.5376602,4230.366701
revenue_max,youtube_cmty_3000,0,130,80,80,3140.481125,585.4938439,531.6488028,4257.623772
revenue_max,youtube_cmty_3000,0,130,85,85,3179.327413,612.5454272,491.7323907,4283.605231
revenue_max,youtube_cmty_3000,0,130,90,90,3215.725951,636.6937612,458.9322276,4311.351939
revenue_max,youtube_cmty_3000,0,130,95,95,3247.295458,658.0852743,430.7376637,4336.118396
revenue_max,youtube_cmty_3000,0,130,100,100,3276.833156,679.5428089,404.8944836,4361.270449
revenue_max,youtube_cmty_3000,0,130,105,105,3304.243922,705.942211,379.2341102,4389.420243
revenue_max,youtube_cmty_3000,0,130,110,110,3329.927971,728.9555943,357.3400549,4416.22362
revenue_max,youtube_cmty_3000,0,130,115,115,3354.004595,750.0115935,334.2719113,4438.2881
revenue_max,youtube_cmty_3000,0,130,120,120,3375.558327,770.808052,317.7352413,4464.10162
revenue_max,youtube_cmty_3000,0,130,125,125,3395.991399,786.5674158,300.3382646,4482.897079
revenue_max,youtube_cmty_3000,0,130,130,130,3415.730826,804.6270177,283.8019853,4504.159829
revenue_max,youtube_cmty_3000,0,140,0,0,0,0,4147.558207,4147.558207
revenue_max,youtube_cmty_3000,0,140,5,5,909.4621897,61.90221274,2992.470285,3963.834688
revenue_max,youtube_cmty_3000,0,140,10,10,1399.944765,112.0282972,2425.55391,3937.526971
revenue_max,youtube_cmty_3000,0,140,15,15,1734.019762,158.373928,2054.11544,3946.509131
revenue_max,youtube_cmty_3000,0,140,20,20,1974.784943,200.9717249,1797.020152,3972.776819
revenue_max,youtube_cmty_3000,0,140,25,25,2164.694679,241.490641,1583.080038,3989.265358
revenue_max,youtube_cmty_3000,0,140,30,30,2318.583168,277.1359111,1420.523052,4016.242131
revenue_max,youtube_cmty_3000,0,140,35,35,2452.593167,311.7486523,1275.52971,4039.871529
revenue_max,youtube_cmty_3000,0,140,40,40,2571.731629,345.7956763,1147.692787,4065.220092
revenue_max,youtube_cmty_3000,0,140,45,45,2676.351868,376.4812394,1031.576308,4084.409416
revenue_max,youtube_cmty_3000,0,140,50,50,2769.498723,410.6865115,933.1468916,4113.332126
revenue_max,youtube_cmty_3000,0,140,55,55,2851.115496,444.4900742,844.8401494,4140.445719
revenue_max,youtube_cmty_3000,0,140,60,60,2923.179718,478.0451117,767.6541753,4168.879005
revenue_max,youtube_cmty_3000,0,140,65,65,2986.888967,505.4963579,704.8586741,4197.243999
revenue_max,youtube_cmty_3000,0,140,70,70,3044.973991,533.3621881,644.2949423,4222.631122
revenue_max,youtube_cmty_3000,0,140,75,75,3095.840138,561.9889027,590.8714518,4248.700493
revenue_max,youtube_cmty_3000,0,140,80,80,3140.481125,585.4938439,549.3332179,4275.308187
revenue_max,youtube_cmty_3000,0,140,85,85,3179.327413,612.5454272,508.5737619,4300.446602
revenue_max,youtube_cmty_3000,0,140,90,90,3215.725951,636.6937612,475.141993,4327.561705
revenue_max,youtube_cmty_3000,0,140,95,95,3247.295458,658.0852743,446.1812243,4351.561957
revenue_max,youtube_cmty_3000,0,140,100,100,3276.833156,679.5428089,419.6591059,4376.035071
revenue_max,youtube_cmty_3000,0,140,105,105,3304.243922,705.942211,393.5111448,4403.697278
revenue_max,youtube_cmty_3000,0,140,110,110,3329.927971,728.9555943,370.9571384,4429.840703
revenue_max,youtube_cmty_3000,0,140,115,115,3354.004595,750.0115935,347.3298101,4451.345999
revenue_max,youtube_cmty_3000,0,140,120,120,3375.558327,770.808052,330.2790429,4476.645422
revenue_max,youtube_cmty_3000,0,140,125,125,3395.991399,786.5674158,312.4427588,4495.001573
revenue_max,youtube_cmty_3000,0,140,130,130,3415.730826,804.6270177,295.5667899,4515.924633
revenue_max,youtube_cmty_3000,0,140,135,135,3434.308228,824.7787945,279.6383306,4538.725353
revenue_max,youtube_cmty_3000,0,140,140,140,3451.877689,846.2181236,263.3779743,4561.473787
revenue_max,youtube_cmty_3000,0,150,0,0,0,0,4185.496656,4185.496656
revenue_max,youtube_cmty_3000,0,150,5,5,909.4621897,61.90221274,3027.177809,3998.542211
revenue_max,youtube_cmty_3000,0,150,10,10,1399.944765,112.0282972,2457.980661,3969.953723
revenue_max,youtube_cmty_3000,0,150,15,15,1734.019762,158.373928,2084.829912,3977.223603
revenue_max,youtube_cmty_3000,0,150,20,20,1974.784943,200.9717249,1826.715245,4002.471912
revenue_max,youtube_cmty_3000,0,150,25,25,2164.694679,241.490641,1611.846611,4018.031931
revenue_max,youtube_cmty_3000,0,150,30,30,2318.583168,277.1359111,1447.902069,4043.621148
revenue_max,youtube_cmty_3000,0,150,35,35,2452.593167,311.7486523,1301.041387,4065.383206
revenue_max,youtube_cmty_3000,0,150,40,40,2571.731629,345.7956763,1172.607519,4090.134824
revenue_max,youtube_cmty_3000,0,150,45,45,2676.351868,376.4812394,1054.176018,4107.009126
revenue_max,youtube_cmty_3000,0,150,50,50,2769.498723,410.6865115,954.892078,4135.077312
revenue_max,youtube_cmty_3000,0,150,55,55,2851.115496,444.4900742,865.5139018,4161.119472
revenue_max,youtube_cmty_3000,0,150,60,60,2923.179718,478.0451117,787.7355152,4188.960345
revenue_max,youtube_cmty_3000,0,150,65,65,2986.888967,505.4963579,724.0420609,4216.427386
revenue_max,youtube_cmty_3000,0,150,70,70,3044.973991,533.3621881,661.8744356,4240.210615
revenue_max,youtube_cmty_3000,0,150,75,75,3095.840138,561.9889027,608.032781,4265.861822
revenue_max,youtube_cmty_3000,0,150,80,80,3140.481125,585.4938439,565.5638217,4291.538791
revenue_max,youtube_cmty_3000,0,150,85,85,3179.327413,612.5454272,524.1681448,4316.040985
revenue_max,youtube_cmty_3000,0,150,90,90,3215.725951,636.6937612,490.2396443,4342.659356
revenue_max,youtube_cmty_3000,0,150,95,95,3247.295458,658.0852743,460.5561982,4365.936931
revenue_max,youtube_cmty_3000,0,150,100,100,3276.833156,679.5428089,433.4023546,4389.77832
revenue_max,youtube_cmty_3000,0,150,105,105,3304.243922,705.942211,406.7430434,4416.929176
revenue_max,youtube_cmty_3000,0,150,110,110,3329.927971,728.9555943,383.5340908,4442.417656
revenue_max,youtube_cmty_3000,0,150,115,115,3354.004595,750.0115935,359.4141894,4463.430378
revenue_max,youtube_cmty_3000,0,150,120,120,3375.558327,770.808052,342.0002564,4488.366636
revenue_max,youtube_cmty_3000,0,150,125,125,3395.991399,786.5674158,323.8335124,4506.392327
revenue_max,youtube_cmty_3000,0,150,130,130,3415.730826,804.6270177,306.535015,4526.892859
revenue_max,youtube_cmty_3000,0,150,135,135,3434.308228,824.7787945,289.8694501,4548.956472
revenue_max,youtube_cmty_3000,0,150,140,140,3451.877689,846.2181236,273.2819139,4571.377727
revenue_max,youtube_cmty_3000,0,150,145,145,3468.327057,864.8496701,257.8159305,4590.992658
revenue_max,youtube_cmty_3000,0,150,150,150,3483.937089,882.4941883,243.8998838,4610.331161
revenue_max,youtube_cmty_3000,0,160,0,0,0,0,4221.128468,4221.128468
revenue_max,youtube_cmty_3000,0,160,5,5,909.4621897,61.90221274,3059.33524,4030.699643
revenue_max,youtube_cmty_3000,0,160,10,10,1399.944765,112.0282972,2488.033852,4000.006914
revenue_max,youtube_cmty_3000,0,160,15,15,1734.019762,158.373928,2113.394693,4005.788383
revenue_max,youtube_cmty_3000,0,160,20,20,1974.784943,200.9717249,1853.895666,4029.652333
revenue_max,youtube_cmty_3000,0,160,25,25,2164.694679,241.490641,1637.948656,4044.133976
revenue_max,youtube_cmty_3000,0,160,30,30,2318.583168,277.1359111,1472.826309,4068.545388
revenue_max,youtube_cmty_3000,0,160,35,35,2452.593167,311.7486523,1323.972602,4088.314421
revenue_max,youtube_cmty_3000,0,160,40,40,2571.731629,345.7956763,1195.061432,4112.588738
revenue_max,youtube_cmty_3000,0,160,45,45,2676.351868,376.4812394,1074.91567,4127.748778
revenue_max,youtube_cmty_3000,0,160,50,50,2769.498723,410.6865115,974.6078512,4154.793085
revenue_max,youtube_cmty_3000,0,160,55,55,2851.115496,444.4900742,884.0930741,4179.698644
revenue_max,youtube_cmty_3000,0,160,60,60,2923.179718,478.0451117,805.9381229,4207.162953
revenue_max,youtube_cmty_3000,0,160,65,65,2986.888967,505.4963579,741.4430078,4233.828332
revenue_max,youtube_cmty_3000,0,160,70,70,3044.973991,533.3621881,678.1989909,4256.535171
revenue_max,youtube_cmty_3000,0,160,75,75,3095.840138,561.9889027,623.9418113,4281.770852
revenue_max,youtube_cmty_3000,0,160,80,80,3140.481125,585.4938439,580.7784061,4306.753375
revenue_max,youtube_cmty_3000,0,160,85,85,3179.327413,612.5454272,538.73632,4330.60916
revenue_max,youtube_cmty_3000,0,160,90,90,3215.725951,636.6937612,504.4004188,4356.820131
revenue_max,youtube_cmty_3000,0,160,95,95,3247.295458,658.0852743,473.9813233,4379.362056
revenue_max,youtube_cmty_3000,0,160,100,100,3276.833156,679.5428089,446.1471977,4402.523163
revenue_max,youtube_cmty_3000,0,160,105,105,3304.243922,705.942211,418.9432924,4429.129425
revenue_max,youtube_cmty_3000,0,160,110,110,3329.927971,728.9555943,395.2033511,4454.086916
revenue_max,youtube_cmty_3000,0,160,115,115,3354.004595,750.0115935,370.8678072,4474.883996
revenue_max,youtube_cmty_3000,0,160,120,120,3375.558327,770.808052,352.8597621,4499.226141
revenue_max,youtube_cmty_3000,0,160,125,125,3395.991399,786.5674158,334.188461,4516.747276
revenue_max,youtube_cmty_3000,0,160,130,130,3415.730826,804.6270177,316.6051794,4536.963023
revenue_max,youtube_cmty_3000,0,160,135,135,3434.308228,824.7787945,299.7078268,4558.794849
revenue_max,youtube_cmty_3000,0,160,140,140,3451.877689,846.2181236,282.8209487,4580.916761
revenue_max,youtube_cmty_3000,0,160,145,145,3468.327057,864.8496701,267.1886764,4600.365404
revenue_max,youtube_cmty_3000,0,160,150,150,3483.937089,882.4941883,252.9077269,4619.339004
revenue_max,youtube_cmty_3000,0,160,155,155,3498.384435,900.1071166,237.4664166,4635.957968
revenue_max,youtube_cmty_3000,0,160,160,160,3511.619887,916.5615418,226.1172427,4654.298671
revenue_max,youtube_cmty_3000,0,170,0,0,0,0,4254.660102,4254.660102
revenue_max,youtube_cmty_3000,0,170,5,5,909.4621897,61.90221274,3089.254335,4060.618737
revenue_max,youtube_cmty_3000,0,170,10,10,1399.944765,112.0282972,2515.565087,4027.538149
revenue_max,youtube_cmty_3000,0,170,15,15,1734.019762,158.373928,2139.60728,4032.000971
revenue_max,youtube_cmty_3000,0,170,20,20,1974.784943,200.9717249,1878.887593,4054.644261
revenue_max,youtube_cmty_3000,0,170,25,25,2164.694679,241.490641,1662.36627,4068.55159
revenue_max,youtube_cmty_3000,0,170,30,30,2318.583168,277.1359111,1495.69027,4091.409349
revenue_max,youtube_cmty_3000,0,170,35,35,2452.593167,311.7486523,1345.329183,4109.671002
revenue_max,youtube_cmty_3000,0,170,40,40,2571.731629,345.7956763,1215.499769,4133.027074
revenue_max,youtube_cmty_3000,0,170,45,45,2676.351868,376.4812394,1094.044426,4146.877534
revenue_max,youtube_cmty_3000,0,170,50,50,2769.498723,410.6865115,992.8723324,4173.057567
revenue_max,youtube_cmty_3000,0,170,55,55,2851.115496,444.4900742,901.243595,4196.849165
revenue_max,youtube_cmty_3000,0,170,60,60,2923.179718,478.0451117,822.4916715,4223.716502
revenue_max,youtube_cmty_3000,0,170,65,65,2986.888967,505.4963579,757.6279017,4250.013226
revenue_max,youtube_cmty_3000,0,170,70,70,3044.973991,533.3621881,693.6717035,4272.007883
revenue_max,youtube_cmty_3000,0,170,75,75,3095.840138,561.9889027,638.7394833,4296.568524
revenue_max,youtube_cmty_3000,0,170,80,80,3140.481125,585.4938439,595.0896735,4321.064643
revenue_max,youtube_cmty_3000,0,170,85,85,3179.327413,612.5454272,552.5528407,4344.425681
revenue_max,youtube_cmty_3000,0,170,90,90,3215.725951,636.6937612,517.4791318,4369.898843
revenue_max,youtube_cmty_3000,0,170,95,95,3247.295458,658.0852743,486.4434653,4391.824198
revenue_max,youtube_cmty_3000,0,170,100,100,3276.833156,679.5428089,457.9800088,4414.355974
revenue_max,youtube_cmty_3000,0,170,105,105,3304.243922,705.942211,430.444531,4440.630664
revenue_max,youtube_cmty_3000,0,170,110,110,3329.927971,728.9555943,406.3466149,4465.23018
revenue_max,youtube_cmty_3000,0,170,115,115,3354.004595,750.0115935,381.57737,4485.593559
revenue_max,youtube_cmty_3000,0,170,120,120,3375.558327,770.808052,362.9589177,4509.325297
revenue_max,youtube_cmty_3000,0,170,125,125,3395.991399,786.5674158,344.126555,4526.68537
revenue_max,youtube_cmty_3000,0,170,130,130,3415.730826,804.6270177,326.4212884,4546.779132
revenue_max,youtube_cmty_3000,0,170,135,135,3434.308228,824.7787945,309.2094448,4568.296467
revenue_max,youtube_cmty_3000,0,170,140,140,3451.877689,846.2181236,292.0631524,4590.158965
revenue_max,youtube_cmty_3000,0,170,145,145,3468.327057,864.8496701,276.0957419,4609.27247
revenue_max,youtube_cmty_3000,0,170,150,150,3483.937089,882.4941883,261.3374349,4627.768712
revenue_max,youtube_cmty_3000,0,170,155,155,3498.384435,900.1071166,245.62317,4644.114721
revenue_max,youtube_cmty_3000,0,170,160,160,3511.619887,916.5615418,233.9711141,4662.152543
revenue_max,youtube_cmty_3000,0,170,165,165,3523.454914,934.4564705,223.5263819,4681.437766
revenue_max,youtube_cmty_3000,0,170,170,170,3534.389286,949.6431399,214.334655,4698.367081
revenue_max,youtube_cmty_3000,0,180,0,0,0,0,4286.378359,4286.378359
revenue_max,youtube_cmty_3000,0,180,5,5,909.4621897,61.90221274,3116.795104,4088.159506
revenue_max,youtube_cmty_3000,0,180,10,10,1399.944765,112.0282972,2541.165053,4053.138115
revenue_max,youtube_cmty_3000,0,180,15,15,1734.019762,158.373928,2163.946609,4056.340299
revenue_max,youtube_cmty_3000,0,180,20,20,1974.784943,200.9717249,1902.229022,4077.98569
revenue_max,youtube_cmty_3000,0,180,25,25,2164.694679,241.490641,1685.205221,4091.390541
revenue_max,youtube_cmty_3000,0,180,30,30,2318.583168,277.1359111,1517.196307,4112.915386
revenue_max,youtube_cmty_3000,0,180,35,35,2452.593167,311.7486523,1365.50612,4129.847939
revenue_max,youtube_cmty_3000,0,180,40,40,2571.731629,345.7956763,1234.733224,4152.260529
revenue_max,youtube_cmty_3000,0,180,45,45,2676.351868,376.4812394,1111.947648,4164.780756
revenue_max,youtube_cmty_3000,0,180,50,50,2769.498723,410.6865115,1010.111788,4190.297022
revenue_max,youtube_cmty_3000,0,180,55,55,2851.115496,444.4900742,917.4469085,4213.052478
revenue_max,youtube_cmty_3000,0,180,60,60,2923.179718,478.0451117,838.2672794,4239.492109
revenue_max,youtube_cmty_3000,0,180,65,65,2986.888967,505.4963579,772.9128502,4265.298175
revenue_max,youtube_cmty_3000,0,180,70,70,3044.973991,533.3621881,708.2204438,4286.556623
revenue_max,youtube_cmty_3000,0,180,75,75,3095.840138,561.9889027,652.8067438,4310.635785
revenue_max,youtube_cmty_3000,0,180,80,80,3140.481125,585.4938439,608.5895348,4334.564504
revenue_max,youtube_cmty_3000,0,180,85,85,3179.327413,612.5454272,565.3518988,4357.224739
revenue_max,youtube_cmty_3000,0,180,90,90,3215.725951,636.6937612,529.7189396,4382.138651
revenue_max,youtube_cmty_3000,0,180,95,95,3247.295458,658.0852743,498.1412961,4403.522029
revenue_max,youtube_cmty_3000,0,180,100,100,3276.833156,679.5428089,469.3884027,4425.764368
revenue_max,youtube_cmty_3000,0,180,105,105,3304.243922,705.942211,441.1835878,4451.369721
revenue_max,youtube_cmty_3000,0,180,110,110,3329.927971,728.9555943,416.5536743,4475.437239
revenue_max,youtube_cmty_3000,0,180,115,115,3354.004595,750.0115935,391.611092,4495.627281
revenue_max,youtube_cmty_3000,0,180,120,120,3375.558327,770.808052,372.8155709,4519.18195
revenue_max,youtube_cmty_3000,0,180,125,125,3395.991399,786.5674158,353.774322,4536.333137
revenue_max,youtube_cmty_3000,0,180,130,130,3415.730826,804.6270177,335.901299,4556.259142
revenue_max,youtube_cmty_3000,0,180,135,135,3434.308228,824.7787945,318.2395302,4577.326552
revenue_max,youtube_cmty_3000,0,180,140,140,3451.877689,846.2181236,300.7311131,4598.826926
revenue_max,youtube_cmty_3000,0,180,145,145,3468.327057,864.8496701,284.4893758,4617.666103
revenue_max,youtube_cmty_3000,0,180,150,150,3483.937089,882.4941883,269.4060843,4635.837361
revenue_max,youtube_cmty_3000,0,180,155,155,3498.384435,900.1071166,253.50075,4651.992301
revenue_max,youtube_cmty_3000,0,180,160,160,3511.619887,916.5615418,241.5173092,4669.698738
revenue_max,youtube_cmty_3000,0,180,165,165,3523.454914,934.4564705,230.924432,4688.835816
revenue_max,youtube_cmty_3000,0,180,170,170,3534.389286,949.6431399,221.5260708,4705.558497
revenue_max,youtube_cmty_3000,0,180,175,175,3544.917759,967.0627997,212.5619116,4724.54247
revenue_max,youtube_cmty_3000,0,180,180,180,3555.110646,979.1928067,202.4714381,4736.774891
revenue_max,youtube_cmty_3000,0,190,0,0,0,0,4316.773983,4316.773983
revenue_max,youtube_cmty_3000,0,190,5,5,909.4621897,61.90221274,3142.915985,4114.280387
revenue_max,youtube_cmty_3000,0,190,10,10,1399.944765,112.0282972,2565.074831,4077.047893
revenue_max,youtube_cmty_3000,0,190,15,15,1734.019762,158.373928,2186.627315,4079.021005
revenue_max,youtube_cmty_3000,0,190,20,20,1974.784943,200.9717249,1924.14694,4099.903607
revenue_max,youtube_cmty_3000,0,190,25,25,2164.694679,241.490641,1706.720484,4112.905804
revenue_max,youtube_cmty_3000,0,190,30,30,2318.583168,277.1359111,1537.326045,4133.045124
revenue_max,youtube_cmty_3000,0,190,35,35,2452.593167,311.7486523,1384.348302,4148.690121
revenue_max,youtube_cmty_3000,0,190,40,40,2571.731629,345.7956763,1252.72212,4170.249425
revenue_max,youtube_cmty_3000,0,190,45,45,2676.351868,376.4812394,1128.755344,4181.588452
revenue_max,youtube_cmty_3000,0,190,50,50,2769.498723,410.6865115,1026.439031,4206.624265
revenue_max,youtube_cmty_3000,0,190,55,55,2851.115496,444.4900742,932.7918659,4228.397436
revenue_max,youtube_cmty_3000,0,190,60,60,2923.179718,478.0451117,853.1873613,4254.412191
revenue_max,youtube_cmty_3000,0,190,65,65,2986.888967,505.4963579,787.3858067,4279.771131
revenue_max,youtube_cmty_3000,0,190,70,70,3044.973991,533.3621881,722.0871005,4300.42328
revenue_max,youtube_cmty_3000,0,190,75,75,3095.840138,561.9889027,665.8404929,4323.669534
revenue_max,youtube_cmty_3000,0,190,80,80,3140.481125,585.4938439,621.2757165,4347.250686
revenue_max,youtube_cmty_3000,0,190,85,85,3179.327413,612.5454272,577.3205658,4369.193406
revenue_max,youtube_cmty_3000,0,190,90,90,3215.725951,636.6937612,541.3416115,4393.761323
revenue_max,youtube_cmty_3000,0,190,95,95,3247.295458,658.0852743,509.2495619,4414.630294
revenue_max,youtube_cmty_3000,0,190,100,100,3276.833156,679.5428089,480.0324919,4436.408457
revenue_max,youtube_cmty_3000,0,190,105,105,3304.243922,705.942211,451.2219935,4461.408127
revenue_max,youtube_cmty_3000,0,190,110,110,3329.927971,728.9555943,426.4355454,4485.31911
revenue_max,youtube_cmty_3000,0,190,115,115,3354.004595,750.0115935,401.4099025,4505.426091
revenue_max,youtube_cmty_3000,0,190,120,120,3375.558327,770.808052,382.3022752,4528.668654
revenue_max,youtube_cmty_3000,0,190,125,125,3395.991399,786.5674158,362.9659623,4545.524777
revenue_max,youtube_cmty_3000,0,190,130,130,3415.730826,804.6270177,344.8898652,4565.247709
revenue_max,youtube_cmty_3000,0,190,135,135,3434.308228,824.7787945,326.7516948,4585.838717
revenue_max,youtube_cmty_3000,0,190,140,140,3451.877689,846.2181236,308.9431936,4607.039006
revenue_max,youtube_cmty_3000,0,190,145,145,3468.327057,864.8496701,292.5105439,4625.687272
revenue_max,youtube_cmty_3000,0,190,150,150,3483.937089,882.4941883,277.1317409,4643.563018
revenue_max,youtube_cmty_3000,0,190,155,155,3498.384435,900.1071166,261.024398,4659.51595
revenue_max,youtube_cmty_3000,0,190,160,160,3511.619887,916.5615418,248.7745914,4676.95602
revenue_max,youtube_cmty_3000,0,190,165,165,3523.454914,934.4564705,237.9720231,4695.883407
revenue_max,youtube_cmty_3000,0,190,170,170,3534.389286,949.6431399,228.3452692,4712.377695
revenue_max,youtube_cmty_3000,0,190,175,175,3544.917759,967.0627997,219.0406194,4731.021178
revenue_max,youtube_cmty_3000,0,190,180,180,3555.110646,979.1928067,208.4712754,4742.774728
revenue_max,youtube_cmty_3000,0,190,185,185,3564.602456,992.4342032,200.7639891,4757.800648
revenue_max,youtube_cmty_3000,0,190,190,190,3573.801114,1003.391715,191.9794819,4769.172311
revenue_max,youtube_cmty_3000,0,200,0,0,0,0,4345.586179,4345.586179
revenue_max,youtube_cmty_3000,0,200,5,5,909.4621897,61.90221274,3167.775413,4139.139816
revenue_max,youtube_cmty_3000,0,200,10,10,1399.944765,112.0282972,2587.854942,4099.828004
revenue_max,youtube_cmty_3000,0,200,15,15,1734.019762,158.373928,2208.212104,4100.605794
revenue_max,youtube_cmty_3000,0,200,20,20,1974.784943,200.9717249,1944.39604,4120.152708
revenue_max,youtube_cmty_3000,0,200,25,25,2164.694679,241.490641,1726.497755,4132.683076
revenue_max,youtube_cmty_3000,0,200,30,30,2318.583168,277.1359111,1555.900841,4151.61992
revenue_max,youtube_cmty_3000,0,200,35,35,2452.593167,311.7486523,1402.067477,4166.409296
revenue_max,youtube_cmty_3000,0,200,40,40,2571.731629,345.7956763,1269.860461,4187.387766
revenue_max,youtube_cmty_3000,0,200,45,45,2676.351868,376.4812394,1144.769443,4197.602551
revenue_max,youtube_cmty_3000,0,200,50,50,2769.498723,410.6865115,1041.855954,4222.041188
revenue_max,youtube_cmty_3000,0,200,55,55,2851.115496,444.4900742,947.4709259,4243.076496
revenue_max,youtube_cmty_3000,0,200,60,60,2923.179718,478.0451117,867.4778698,4268.7027
revenue_max,youtube_cmty_3000,0,200,65,65,2986.888967,505.4963579,801.1346811,4293.520006
revenue_max,youtube_cmty_3000,0,200,70,70,3044.973991,533.3621881,735.0023356,4313.338515
revenue_max,youtube_cmty_3000,0,200,75,75,3095.840138,561.9889027,678.0845698,4335.91361
revenue_max,youtube_cmty_3000,0,200,80,80,3140.481125,585.4938439,633.1548083,4359.129778
revenue_max,youtube_cmty_3000,0,200,85,85,3179.327413,612.5454272,588.7767814,4380.649621
revenue_max,youtube_cmty_3000,0,200,90,90,3215.725951,636.6937612,552.2529802,4404.672692
revenue_max,youtube_cmty_3000,0,200,95,95,3247.295458,658.0852743,519.4702683,4424.851001
revenue_max,youtube_cmty_3000,0,200,100,100,3276.833156,679.5428089,490.0508911,4446.426856
revenue_max,youtube_cmty_3000,0,200,105,105,3304.243922,705.942211,461.0098299,4471.195963
revenue_max,youtube_cmty_3000,0,200,110,110,3329.927971,728.9555943,435.9674301,4494.850995
revenue_max,youtube_cmty_3000,0,200,115,115,3354.004595,750.0115935,410.7762615,4514.79245
revenue_max,youtube_cmty_3000,0,200,120,120,3375.558327,770.808052,391.2673766,4537.633756
revenue_max,youtube_cmty_3000,0,200,125,125,3395.991399,786.5674158,371.7013626,4554.260177
revenue_max,youtube_cmty_3000,0,200,130,130,3415.730826,804.6270177,353.3720976,4573.729941
revenue_max,youtube_cmty_3000,0,200,135,135,3434.308228,824.7787945,334.8254673,4593.912489
revenue_max,youtube_cmty_3000,0,200,140,140,3451.877689,846.2181236,316.8212694,4614.917082
revenue_max,youtube_cmty_3000,0,200,145,145,3468.327057,864.8496701,300.1717893,4633.348517
revenue_max,youtube_cmty_3000,0,200,150,150,3483.937089,882.4941883,284.5304987,4650.961776
revenue_max,youtube_cmty_3000,0,200,155,155,3498.384435,900.1071166,268.1986323,4666.690184
revenue_max,youtube_cmty_3000,0,200,160,160,3511.619887,916.5615418,255.6464245,4683.827853
revenue_max,youtube_cmty_3000,0,200,165,165,3523.454914,934.4564705,244.5448058,4702.45619
revenue_max,youtube_cmty_3000,0,200,170,170,3534.389286,949.6431399,234.7263055,4718.758732
revenue_max,youtube_cmty_3000,0,200,175,175,3544.917759,967.0627997,225.0404566,4737.021016
revenue_max,youtube_cmty_3000,0,200,180,180,3555.110646,979.1928067,214.0688737,4748.372327
revenue_max,youtube_cmty_3000,0,200,185,185,3564.602456,992.4342032,206.2192606,4763.25592
revenue_max,youtube_cmty_3000,0,200,190,190,3573.801114,1003.391715,197.2188239,4774.411653
revenue_max,youtube_cmty_3000,0,200,195,195,3582.825576,1016.502982,187.3924285,4786.720987
revenue_max,youtube_cmty_3000,0,200,200,200,3591.434444,1031.649387,179.8920964,4802.975927
revenue_max,youtube_cmty_3000,1,1,0,0,0,0,279.3713026,279.3713026
revenue_max,youtube_cmty_3000,1,1,1,1,279.3713026,14.40099441,165.0380658,458.8103628
revenue_max,youtube_cmty_3000,1,10,0,0,0,0,1577.148403,1577.148403
revenue_max,youtube_cmty_3000,1,10,5,5,891.2946168,60.71421873,886.9456156,1838.954451
revenue_max,youtube_cmty_3000,1,10,10,10,1387.158324,111.7369149,619.5778672,2118.473106
revenue_max,youtube_cmty_3000,1,20,0,0,0,0,2443.086211,2443.086211
revenue_max,youtube_cmty_3000,1,20,5,5,891.2946168,60.71421873,1449.330251,2401.339086
revenue_max,youtube_cmty_3000,1,20,10,10,1387.158324,111.7369149,1037.831322,2536.72656
revenue_max,youtube_cmty_3000,1,20,15,15,1717.652428,157.1341227,799.656516,2674.443067
revenue_max,youtube_cmty_3000,1,20,20,20,1957.676756,198.5864986,645.7051933,2801.968448
revenue_max,youtube_cmty_3000,1,30,0,0,0,0,2979.227936,2979.227936
revenue_max,youtube_cmty_3000,1,30,5,5,891.2946168,60.71421873,1839.901385,2791.910221
revenue_max,youtube_cmty_3000,1,30,10,10,1387.158324,111.7369149,1350.868817,2849.764056
revenue_max,youtube_cmty_3000,1,30,15,15,1717.652428,157.1341227,1074.194904,2948.981455
revenue_max,youtube_cmty_3000,1,30,20,20,1957.676756,198.5864986,887.8539089,3044.117164
revenue_max,youtube_cmty_3000,1,30,25,25,2157.8145,238.9981062,761.3856182,3158.198224
revenue_max,youtube_cmty_3000,1,30,30,30,2308.152475,278.4727333,671.4316851,3258.056894
revenue_max,youtube_cmty_3000,1,40,0,0,0,0,3307.91637,3307.91637
revenue_max,youtube_cmty_3000,1,40,5,5,891.2946168,60.71421873,2136.335231,3088.344067
revenue_max,youtube_cmty_3000,1,40,10,10,1387.158324,111.7369149,1608.516675,3107.411913
revenue_max,youtube_cmty_3000,1,40,15,15,1717.652428,157.1341227,1300.906616,3175.693166
revenue_max,youtube_cmty_3000,1,40,20,20,1957.676756,198.5864986,1084.982376,3241.245631
revenue_max,youtube_cmty_3000,1,40,25,25,2157.8145,238.9981062,923.3495092,3320.162115
revenue_max,youtube_cmty_3000,1,40,30,30,2308.152475,278.4727333,811.4290511,3398.05426
revenue_max,youtube_cmty_3000,1,40,35,35,2441.966826,311.2062619,722.5809655,3475.754053
revenue_max,youtube_cmty_3000,1,40,40,40,2565.640606,346.1781278,625.8496238,3537.668357
revenue_max,youtube_cmty_3000,1,50,0,0,0,0,3515.006885,3515.006885
revenue_max,youtube_cmty_3000,1,50,5,5,891.2946168,60.71421873,2341.800277,3293.809112
revenue_max,youtube_cmty_3000,1,50,10,10,1387.158324,111.7369149,1794.257157,3293.152396
revenue_max,youtube_cmty_3000,1,50,15,15,1717.652428,157.1341227,1469.309587,3344.096137
revenue_max,youtube_cmty_3000,1,50,20,20,1957.676756,198.5864986,1236.698977,3392.962232
revenue_max,youtube_cmty_3000,1,50,25,25,2157.8145,238.9981062,1058.429755,3455.242361
revenue_max,youtube_cmty_3000,1,50,30,30,2308.152475,278.4727333,932.2676983,3518.892907
revenue_max,youtube_cmty_3000,1,50,35,35,2441.966826,311.2062619,828.5751344,3581.748222
revenue_max,youtube_cmty_3000,1,50,40,40,2565.640606,346.1781278,719.7038995,3631.522633
revenue_max,youtube_cmty_3000,1,50,45,45,2674.49652,380.5446249,631.6705675,3686.711712
revenue_max,youtube_cmty_3000,1,50,50,50,2770.043832,413.7786739,561.1098703,3744.932376
revenue_max,youtube_cmty_3000,1,60,0,0,0,0,3647.435791,3647.435791
revenue_max,youtube_cmty_3000,1,60,5,5,891.2946168,60.71421873,2498.929175,3450.93801
revenue_max,youtube_cmty_3000,1,60,10,10,1387.158324,111.7369149,1940.495315,3439.390553
revenue_max,youtube_cmty_3000,1,60,15,15,1717.652428,157.1341227,1601.252211,3476.038762
revenue_max,youtube_cmty_3000,1,60,20,20,1957.676756,198.5864986,1355.139004,3511.402259
revenue_max,youtube_cmty_3000,1,60,25,25,2157.8145,238.9981062,1167.154738,3563.967344
revenue_max,youtube_cmty_3000,1,60,30,30,2308.152475,278.4727333,1029.812401,3616.43761
revenue_max,youtube_cmty_3000,1,60,35,35,2441.966826,311.2062619,915.6472188,3668.820307
revenue_max,youtube_cmty_3000,1,60,40,40,2565.640606,346.1781278,799.2000307,3711.018764
revenue_max,youtube_cmty_3000,1,60,45,45,2674.49652,380.5446249,702.7382309,3757.779376
revenue_max,youtube_cmty_3000,1,60,50,50,2770.043832,413.7786739,626.6424412,3810.464947
revenue_max,youtube_cmty_3000,1,60,55,55,2853.657711,444.1468385,555.0579694,3852.862519
revenue_max,youtube_cmty_3000,1,60,60,60,2926.994219,475.3296855,498.0691432,3900.393047
revenue_max,youtube_cmty_3000,1,70,0,0,0,0,3747.381906,3747.381906
revenue_max,youtube_cmty_3000,1,70,5,5,891.2946168,60.71421873,2618.976414,3570.98525
revenue_max,youtube_cmty_3000,1,70,10,10,1387.158324,111.7369149,2053.911668,3552.806907
revenue_max,youtube_cmty_3000,1,70,15,15,1717.652428,157.1341227,1704.89077,3579.677321
revenue_max,youtube_cmty_3000,1,70,20,20,1957.676756,198.5864986,1450.529895,3606.79315
revenue_max,youtube_cmty_3000,1,70,25,25,2157.8145,238.9981062,1254.802396,3651.615002
revenue_max,youtube_cmty_3000,1,70,30,30,2308.152475,278.4727333,1109.844393,3696.469601
revenue_max,youtube_cmty_3000,1,70,35,35,2441.966826,311.2062619,987.8074614,3740.980549
revenue_max,youtube_cmty_3000,1,70,40,40,2565.640606,346.1781278,867.0939705,3778.912704
revenue_max,youtube_cmty_3000,1,70,45,45,2674.49652,380.5446249,764.7199362,3819.761081
revenue_max,youtube_cmty_3000,1,70,50,50,2770.043832,413.7786739,683.9890082,3867.811514
revenue_max,youtube_cmty_3000,1,70,55,55,2853.657711,444.1468385,608.4442897,3906.24884
revenue_max,youtube_cmty_3000,1,70,60,60,2926.994219,475.3296855,548.0136254,3950.337529
revenue_max,youtube_cmty_3000,1,70,65,65,2989.584906,505.1950192,494.8885083,3989.668433
revenue_max,youtube_cmty_3000,1,70,70,70,3043.486954,533.6854626,450.5192517,4027.691668
revenue_max,youtube_cmty_3000,1,80,0,0,0,0,3827.324423,3827.324423
revenue_max,youtube_cmty_3000,1,80,5,5,891.2946168,60.71421873,2704.815883,3656.824718
revenue_max,youtube_cmty_3000,1,80,10,10,1387.158324,111.7369149,2142.126778,3641.022017
revenue_max,youtube_cmty_3000,1,80,15,15,1717.652428,157.1341227,1788.048413,3662.834964
revenue_max,youtube_cmty_3000,1,80,20,20,1957.676756,198.5864986,1528.936785,3685.20004
revenue_max,youtube_cmty_3000,1,80,25,25,2157.8145,238.9981062,1327.057793,3723.870399
revenue_max,youtube_cmty_3000,1,80,30,30,2308.152475,278.4727333,1177.431337,3764.056545
revenue_max,youtube_cmty_3000,1,80,35,35,2441.966826,311.2062619,1049.378002,3802.55109
revenue_max,youtube_cmty_3000,1,80,40,40,2565.640606,346.1781278,924.8303415,3836.649075
revenue_max,youtube_cmty_3000,1,80,45,45,2674.49652,380.5446249,819.1912519,3874.232397
revenue_max,youtube_cmty_3000,1,80,50,50,2770.043832,413.7786739,733.615078,3917.437584
revenue_max,youtube_cmty_3000,1,80,55,55,2853.657711,444.1468385,655.1937836,3952.998334
revenue_max,youtube_cmty_3000,1,80,60,60,2926.994219,475.3296855,590.9088804,3993.232784
revenue_max,youtube_cmty_3000,1,80,65,65,2989.584906,505.1950192,535.9591947,4030.73912
revenue_max,youtube_cmty_3000,1,80,70,70,3043.486954,533.6854626,489.7038769,4066.876294
revenue_max,youtube_cmty_3000,1,80,75,75,3093.15757,557.5171249,448.3400484,4099.014743
revenue_max,youtube_cmty_3000,1,80,80,80,3137.007053,584.2509093,414.816191,4136.074153
revenue_max,youtube_cmty_3000,1,90,0,0,0,0,3894.809077,3894.809077
revenue_max,youtube_cmty_3000,1,90,5,5,891.2946168,60.71421873,2772.700687,3724.709523
revenue_max,youtube_cmty_3000,1,90,10,10,1387.158324,111.7369149,2210.383139,3709.278378
revenue_max,youtube_cmty_3000,1,90,15,15,1717.652428,157.1341227,1857.045849,3731.8324
revenue_max,youtube_cmty_3000,1,90,20,20,1957.676756,198.5864986,1596.064548,3752.327803
revenue_max,youtube_cmty_3000,1,90,25,25,2157.8145,238.9981062,1388.873079,3785.685685
revenue_max,youtube_cmty_3000,1,90,30,30,2308.152475,278.4727333,1235.498237,3822.123445
revenue_max,youtube_cmty_3000,1,90,35,35,2441.966826,311.2062619,1102.74133,3855.914417
revenue_max,youtube_cmty_3000,1,90,40,40,2565.640606,346.1781278,974.8179627,3886.636696
revenue_max,youtube_cmty_3000,1,90,45,45,2674.49652,380.5446249,866.224651,3921.265796
revenue_max,youtube_cmty_3000,1,90,50,50,2770.043832,413.7786739,777.1180354,3960.940541
revenue_max,youtube_cmty_3000,1,90,55,55,2853.657711,444.1468385,696.5000899,3994.30464
revenue_max,youtube_cmty_3000,1,90,60,60,2926.994219,475.3296855,629.6927004,4032.016604
revenue_max,youtube_cmty_3000,1,90,65,65,2989.584906,505.1950192,572.4740759,4067.254001
revenue_max,youtube_cmty_3000,1,90,70,70,3043.486954,533.6854626,524.1508812,4101.323298
revenue_max,youtube_cmty_3000,1,90,75,75,3093.15757,557.5171249,481.301892,4131.976587
revenue_max,youtube_cmty_3000,1,90,80,80,3137.007053,584.2509093,446.1665373,4167.424499
revenue_max,youtube_cmty_3000,1,90,85,85,3176.130972,610.7076319,414.3668259,4201.20543
revenue_max,youtube_cmty_3000,1,90,90,90,3212.217001,635.8820034,384.8941658,4232.99317
revenue_max,youtube_cmty_3000,1,100,0,0,0,0,3953.951367,3953.951367
revenue_max,youtube_cmty_3000,1,100,5,5,891.2946168,60.71421873,2829.606802,3781.615638
revenue_max,youtube_cmty_3000,1,100,10,10,1387.158324,111.7369149,2265.805906,3764.701145
revenue_max,youtube_cmty_3000,1,100,15,15,1717.652428,157.1341227,1910.769175,3785.555725
revenue_max,youtube_cmty_3000,1,100,20,20,1957.676756,198.5864986,1647.525602,3803.788857
revenue_max,youtube_cmty_3000,1,100,25,25,2157.8145,238.9981062,1439.372453,3836.185059
revenue_max,youtube_cmty_3000,1,100,30,30,2308.152475,278.4727333,1283.30353,3869.928739
revenue_max,youtube_cmty_3000,1,100,35,35,2441.966826,311.2062619,1148.321223,3901.494311
revenue_max,youtube_cmty_3000,1,100,40,40,2565.640606,346.1781278,1018.47825,3930.296984
revenue_max,youtube_cmty_3000,1,100,45,45,2674.49652,380.5446249,907.2213462,3962.262491
revenue_max,youtube_cmty_3000,1,100,50,50,2770.043832,413.7786739,815.6507472,3999.473253
revenue_max,youtube_cmty_3000,1,100,55,55,2853.657711,444.1468385,732.7885424,4030.593092
revenue_max,youtube_cmty_3000,1,100,60,60,2926.994219,475.3296855,663.557923,4065.881827
revenue_max,youtube_cmty_3000,1,100,65,65,2989.584906,505.1950192,605.0745988,4099.854524
revenue_max,youtube_cmty_3000,1,100,70,70,3043.486954,533.6854626,555.4884995,4132.660916
revenue_max,youtube_cmty_3000,1,100,75,75,3093.15757,557.5171249,510.686128,4161.360823
revenue_max,youtube_cmty_3000,1,100,80,80,3137.007053,584.2509093,473.6756146,4194.933577
revenue_max,youtube_cmty_3000,1,100,85,85,3176.130972,610.7076319,439.6007149,4226.439319
revenue_max,youtube_cmty_3000,1,100,90,90,3212.217001,635.8820034,408.4001956,4256.4992
revenue_max,youtube_cmty_3000,1,100,95,95,3245.469854,658.138217,381.3809379,4284.989008
revenue_max,youtube_cmty_3000,1,100,100,100,3275.29446,680.0634262,357.7439879,4313.101874
revenue_max,youtube_cmty_3000,1,110,0,0,0,0,4005.781435,4005.781435
revenue_max,youtube_cmty_3000,1,110,5,5,891.2946168,60.71421873,2880.35424,3832.363075
revenue_max,youtube_cmty_3000,1,110,10,10,1387.158324,111.7369149,2313.91652,3812.811759
revenue_max,youtube_cmty_3000,1,110,15,15,1717.652428,157.1341227,1957.656588,3832.443139
revenue_max,youtube_cmty_3000,1,110,20,20,1957.676756,198.5864986,1692.530892,3848.794146
revenue_max,youtube_cmty_3000,1,110,25,25,2157.8145,238.9981062,1483.129999,3879.942605
revenue_max,youtube_cmty_3000,1,110,30,30,2308.152475,278.4727333,1326.026627,3912.651835
revenue_max,youtube_cmty_3000,1,110,35,35,2441.966826,311.2062619,1188.939482,3942.11257
revenue_max,youtube_cmty_3000,1,110,40,40,2565.640606,346.1781278,1056.607062,3968.425795
revenue_max,youtube_cmty_3000,1,110,45,45,2674.49652,380.5446249,942.7684334,3997.809578
revenue_max,youtube_cmty_3000,1,110,50,50,2770.043832,413.7786739,849.3379452,4033.160451
revenue_max,youtube_cmty_3000,1,110,55,55,2853.657711,444.1468385,764.7739994,4062.578549
revenue_max,youtube_cmty_3000,1,110,60,60,2926.994219,475.3296855,693.8529832,4096.176887
revenue_max,youtube_cmty_3000,1,110,65,65,2989.584906,505.1950192,633.9723042,4128.752229
revenue_max,youtube_cmty_3000,1,110,70,70,3043.486954,533.6854626,582.3855934,4159.55801
revenue_max,youtube_cmty_3000,1,110,75,75,3093.15757,557.5171249,535.3322025,4186.006898
revenue_max,youtube_cmty_3000,1,110,80,80,3137.007053,584.2509093,496.8790633,4218.137025
revenue_max,youtube_cmty_3000,1,110,85,85,3176.130972,610.7076319,461.1170109,4247.955615
revenue_max,youtube_cmty_3000,1,110,90,90,3212.217001,635.8820034,429.2417914,4277.340796
revenue_max,youtube_cmty_3000,1,110,95,95,3245.469854,658.138217,401.0844996,4304.69257
revenue_max,youtube_cmty_3000,1,110,100,100,3275.29446,680.0634262,376.0129403,4331.370826
revenue_max,youtube_cmty_3000,1,110,105,105,3302.893062,701.2814398,351.9187461,4356.093248
revenue_max,youtube_cmty_3000,1,110,110,110,3329.06453,723.245896,326.6882596,4378.998686
revenue_max,youtube_cmty_3000,1,120,0,0,0,0,4053.0153,4053.0153
revenue_max,youtube_cmty_3000,1,120,5,5,891.2946168,60.71421873,2925.185848,3877.194684
revenue_max,youtube_cmty_3000,1,120,10,10,1387.158324,111.7369149,2355.891152,3854.786391
revenue_max,youtube_cmty_3000,1,120,15,15,1717.652428,157.1341227,1998.43697,3873.223521
revenue_max,youtube_cmty_3000,1,120,20,20,1957.676756,198.5864986,1731.745172,3888.008426
revenue_max,youtube_cmty_3000,1,120,25,25,2157.8145,238.9981062,1521.271353,3918.083959
revenue_max,youtube_cmty_3000,1,120,30,30,2308.152475,278.4727333,1363.294592,3949.919801
revenue_max,youtube_cmty_3000,1,120,35,35,2441.966826,311.2062619,1224.242278,3977.415366
revenue_max,youtube_cmty_3000,1,120,40,40,2565.640606,346.1781278,1090.492654,4002.311387
revenue_max,youtube_cmty_3000,1,120,45,45,2674.49652,380.5446249,974.2758066,4029.316952
revenue_max,youtube_cmty_3000,1,120,50,50,2770.043832,413.7786739,878.6194714,4062.441977
revenue_max,youtube_cmty_3000,1,120,55,55,2853.657711,444.1468385,792.1201974,4089.924747
revenue_max,youtube_cmty_3000,1,120,60,60,2926.994219,475.3296855,719.2294668,4121.553371
revenue_max,youtube_cmty_3000,1,120,65,65,2989.584906,505.1950192,658.1508296,4152.930755
revenue_max,youtube_cmty_3000,1,120,70,70,3043.486954,533.6854626,605.4753121,4182.647729
revenue_max,youtube_cmty_3000,1,120,75,75,3093.15757,557.5171249,556.8544633,4207.529158
revenue_max,youtube_cmty_3000,1,120,80,80,3137.007053,584.2509093,517.215114,4238.473076
revenue_max,youtube_cmty_3000,1,120,85,85,3176.130972,610.7076319,480.4585178,4267.297122
revenue_max,youtube_cmty_3000,1,120,90,90,3212.217001,635.8820034,447.8664266,4295.965431
revenue_max,youtube_cmty_3000,1,120,95,95,3245.469854,658.138217,418.5209953,4322.129066
revenue_max,youtube_cmty_3000,1,120,100,100,3275.29446,680.0634262,392.5193745,4347.87726
revenue_max,youtube_cmty_3000,1,120,105,105,3302.893062,701.2814398,367.8887072,4372.063209
revenue_max,youtube_cmty_3000,1,120,110,110,3329.06453,723.245896,342.16042,4394.470846
revenue_max,youtube_cmty_3000,1,120,115,115,3352.771569,746.2954634,320.3112663,4419.378298
revenue_max,youtube_cmty_3000,1,120,120,120,3375.260279,767.7969734,301.7987863,4444.856039
revenue_max,youtube_cmty_3000,1,130,0,0,0,0,4097.269143,4097.269143
revenue_max,youtube_cmty_3000,1,130,5,5,891.2946168,60.71421873,2965.057555,3917.06639
revenue_max,youtube_cmty_3000,1,130,10,10,1387.158324,111.7369149,2393.362971,3892.25821
revenue_max,youtube_cmty_3000,1,130,15,15,1717.652428,157.1341227,2034.595287,3909.381837
revenue_max,youtube_cmty_3000,1,130,20,20,1957.676756,198.5864986,1766.895174,3923.158429
revenue_max,youtube_cmty_3000,1,130,25,25,2157.8145,238.9981062,1555.344419,3952.157025
revenue_max,youtube_cmty_3000,1,130,30,30,2308.152475,278.4727333,1396.798703,3983.423912
revenue_max,youtube_cmty_3000,1,130,35,35,2441.966826,311.2062619,1255.465277,4008.638364
revenue_max,youtube_cmty_3000,1,130,40,40,2565.640606,346.1781278,1119.74879,4031.567524
revenue_max,youtube_cmty_3000,1,130,45,45,2674.49652,380.5446249,1001.56139,4056.602535
revenue_max,youtube_cmty_3000,1,130,50,50,2770.043832,413.7786739,903.6669087,4087.489414
revenue_max,youtube_cmty_3000,1,130,55,55,2853.657711,444.1468385,815.582,4113.38655
revenue_max,youtube_cmty_3000,1,130,60,60,2926.994219,475.3296855,741.1457051,4143.469609
revenue_max,youtube_cmty_3000,1,130,65,65,2989.584906,505.1950192,679.3820954,4174.162021
revenue_max,youtube_cmty_3000,1,130,70,70,3043.486954,533.6854626,626.1176493,4203.290066
revenue_max,youtube_cmty_3000,1,130,75,75,3093.15757,557.5171249,576.1697255,4226.844421
revenue_max,youtube_cmty_3000,1,130,80,80,3137.007053,584.2509093,535.6833616,4256.941324
revenue_max,youtube_cmty_3000,1,130,85,85,3176.130972,610.7076319,497.9031431,4284.741747
revenue_max,youtube_cmty_3000,1,130,90,90,3212.217001,635.8820034,464.4216609,4312.520665
revenue_max,youtube_cmty_3000,1,130,95,95,3245.469854,658.138217,434.5529332,4338.161004
revenue_max,youtube_cmty_3000,1,130,100,100,3275.29446,680.0634262,408.2221961,4363.580082
revenue_max,youtube_cmty_3000,1,130,105,105,3302.893062,701.2814398,382.7200963,4386.894599
revenue_max,youtube_cmty_3000,1,130,110,110,3329.06453,723.245896,356.5836597,4408.894086
revenue_max,youtube_cmty_3000,1,130,115,115,3352.771569,746.2954634,334.1066819,4433.173714
revenue_max,youtube_cmty_3000,1,130,120,120,3375.260279,767.7969734,315.2179181,4458.275171
revenue_max,youtube_cmty_3000,1,130,125,125,3395.979346,785.6640871,297.5569856,4479.200419
revenue_max,youtube_cmty_3000,1,130,130,130,3415.636273,801.5999094,280.6515577,4497.88774
revenue_max,youtube_cmty_3000,1,140,0,0,0,0,4138.070799,4138.070799
revenue_max,youtube_cmty_3000,1,140,5,5,891.2946168,60.71421873,3001.67334,3953.682176
revenue_max,youtube_cmty_3000,1,140,10,10,1387.158324,111.7369149,2427.402058,3926.297297
revenue_max,youtube_cmty_3000,1,140,15,15,1717.652428,157.1341227,2067.399491,3942.186041
revenue_max,youtube_cmty_3000,1,140,20,20,1957.676756,198.5864986,1798.372399,3954.635653
revenue_max,youtube_cmty_3000,1,140,25,25,2157.8145,238.9981062,1585.705768,3982.518374
revenue_max,youtube_cmty_3000,1,140,30,30,2308.152475,278.4727333,1426.157121,4012.78233
revenue_max,youtube_cmty_3000,1,140,35,35,2441.966826,311.2062619,1283.326111,4036.499199
revenue_max,youtube_cmty_3000,1,140,40,40,2565.640606,346.1781278,1145.517522,4057.336255
revenue_max,youtube_cmty_3000,1,140,45,45,2674.49652,380.5446249,1025.878787,4080.919932
revenue_max,youtube_cmty_3000,1,140,50,50,2770.043832,413.7786739,926.0323555,4109.854861
revenue_max,youtube_cmty_3000,1,140,55,55,2853.657711,444.1468385,836.9154544,4134.720004
revenue_max,youtube_cmty_3000,1,140,60,60,2926.994219,475.3296855,761.4120874,4163.735991
revenue_max,youtube_cmty_3000,1,140,65,65,2989.584906,505.1950192,698.8167766,4193.596702
revenue_max,youtube_cmty_3000,1,140,70,70,3043.486954,533.6854626,644.681926,4221.854343
revenue_max,youtube_cmty_3000,1,140,75,75,3093.15757,557.5171249,593.8917215,4244.566417
revenue_max,youtube_cmty_3000,1,140,80,80,3137.007053,584.2509093,552.7082116,4273.966174
revenue_max,youtube_cmty_3000,1,140,85,85,3176.130972,610.7076319,513.9392043,4300.777808
revenue_max,youtube_cmty_3000,1,140,90,90,3212.217001,635.8820034,479.864171,4327.963175
revenue_max,youtube_cmty_3000,1,140,95,95,3245.469854,658.138217,449.5168026,4353.124873
revenue_max,youtube_cmty_3000,1,140,100,100,3275.29446,680.0634262,422.7504683,4378.108354
revenue_max,youtube_cmty_3000,1,140,105,105,3302.893062,701.2814398,396.5368452,4400.711347
revenue_max,youtube_cmty_3000,1,140,110,110,3329.06453,723.245896,370.0845467,4422.394973
revenue_max,youtube_cmty_3000,1,140,115,115,3352.771569,746.2954634,347.3270426,4446.394075
revenue_max,youtube_cmty_3000,1,140,120,120,3375.260279,767.7969734,328.133622,4471.190874
revenue_max,youtube_cmty_3000,1,140,125,125,3395.979346,785.6640871,309.775129,4491.418562
revenue_max,youtube_cmty_3000,1,140,130,130,3415.636273,801.5999094,292.1470063,4509.383188
revenue_max,youtube_cmty_3000,1,140,135,135,3433.896971,824.1815485,273.6550302,4531.733549
revenue_max,youtube_cmty_3000,1,140,140,140,3450.957941,840.6379951,257.9535013,4549.549437
revenue_max,youtube_cmty_3000,1,150,0,0,0,0,4175.630706,4175.630706
revenue_max,youtube_cmty_3000,1,150,5,5,891.2946168,60.71421873,3035.393833,3987.402668
revenue_max,youtube_cmty_3000,1,150,10,10,1387.158324,111.7369149,2458.93119,3957.826429
revenue_max,youtube_cmty_3000,1,150,15,15,1717.652428,157.1341227,2097.942602,3972.729152
revenue_max,youtube_cmty_3000,1,150,20,20,1957.676756,198.5864986,1827.346522,3983.609776
revenue_max,youtube_cmty_3000,1,150,25,25,2157.8145,238.9981062,1613.425673,4010.238279
revenue_max,youtube_cmty_3000,1,150,30,30,2308.152475,278.4727333,1452.431848,4039.057057
revenue_max,youtube_cmty_3000,1,150,35,35,2441.966826,311.2062619,1308.359584,4061.532672
revenue_max,youtube_cmty_3000,1,150,40,40,2565.640606,346.1781278,1169.219513,4081.038247
revenue_max,youtube_cmty_3000,1,150,45,45,2674.49652,380.5446249,1047.971922,4103.013067
revenue_max,youtube_cmty_3000,1,150,50,50,2770.043832,413.7786739,946.7623847,4130.58489
revenue_max,youtube_cmty_3000,1,150,55,55,2853.657711,444.1468385,856.9936129,4154.798163
revenue_max,youtube_cmty_3000,1,150,60,60,2926.994219,475.3296855,780.2056895,4182.529594
revenue_max,youtube_cmty_3000,1,150,65,65,2989.584906,505.1950192,716.8341157,4211.614041
revenue_max,youtube_cmty_3000,1,150,70,70,3043.486954,533.6854626,661.8608376,4239.033254
revenue_max,youtube_cmty_3000,1,150,75,75,3093.15757,557.5171249,610.3896451,4261.06434
revenue_max,youtube_cmty_3000,1,150,80,80,3137.007053,584.2509093,568.5822595,4289.840222
revenue_max,youtube_cmty_3000,1,150,85,85,3176.130972,610.7076319,529.0013759,4315.83998
revenue_max,youtube_cmty_3000,1,150,90,90,3212.217001,635.8820034,494.260747,4342.359751
revenue_max,youtube_cmty_3000,1,150,95,95,3245.469854,658.138217,463.2761156,4366.884186
revenue_max,youtube_cmty_3000,1,150,100,100,3275.29446,680.0634262,436.1324573,4391.490343
revenue_max,youtube_cmty_3000,1,150,105,105,3302.893062,701.2814398,409.7210064,4413.895509
revenue_max,youtube_cmty_3000,1,150,110,110,3329.06453,723.245896,383.0246576,4435.335084
revenue_max,youtube_cmty_3000,1,150,115,115,3352.771569,746.2954634,359.6982069,4458.765239
revenue_max,youtube_cmty_3000,1,150,120,120,3375.260279,767.7969734,339.7834993,4482.840752
revenue_max,youtube_cmty_3000,1,150,125,125,3395.979346,785.6640871,320.9773325,4502.620766
revenue_max,youtube_cmty_3000,1,150,130,130,3415.636273,801.5999094,302.8019776,4520.03816
revenue_max,youtube_cmty_3000,1,150,135,135,3433.896971,824.1815485,283.7355242,4541.814043
revenue_max,youtube_cmty_3000,1,150,140,140,3450.957941,840.6379951,267.6775357,4559.273471
revenue_max,youtube_cmty_3000,1,150,145,145,3467.040642,858.6698582,254.7108304,4580.421331
revenue_max,youtube_cmty_3000,1,150,150,150,3482.18297,880.2117814,241.3089523,4603.703704
revenue_max,youtube_cmty_3000,1,160,0,0,0,0,4210.851706,4210.851706
revenue_max,youtube_cmty_3000,1,160,5,5,891.2946168,60.71421873,3066.224915,4018.233751
revenue_max,youtube_cmty_3000,1,160,10,10,1387.158324,111.7369149,2488.284751,3987.17999
revenue_max,youtube_cmty_3000,1,160,15,15,1717.652428,157.1341227,2126.285862,4001.072413
revenue_max,youtube_cmty_3000,1,160,20,20,1957.676756,198.5864986,1853.922421,4010.185676
revenue_max,youtube_cmty_3000,1,160,25,25,2157.8145,238.9981062,1638.793382,4035.605988
revenue_max,youtube_cmty_3000,1,160,30,30,2308.152475,278.4727333,1476.228668,4062.853877
revenue_max,youtube_cmty_3000,1,160,35,35,2441.966826,311.2062619,1330.969724,4084.142812
revenue_max,youtube_cmty_3000,1,160,40,40,2565.640606,346.1781278,1191.162769,4102.981503
revenue_max,youtube_cmty_3000,1,160,45,45,2674.49652,380.5446249,1068.477989,4123.519134
revenue_max,youtube_cmty_3000,1,160,50,50,2770.043832,413.7786739,966.0151296,4149.837635
revenue_max,youtube_cmty_3000,1,160,55,55,2853.657711,444.1468385,875.6746171,4173.479167
revenue_max,youtube_cmty_3000,1,160,60,60,2926.994219,475.3296855,797.6775836,4200.001488
revenue_max,youtube_cmty_3000,1,160,65,65,2989.584906,505.1950192,733.6231654,4228.40309
revenue_max,youtube_cmty_3000,1,160,70,70,3043.486954,533.6854626,677.9544144,4255.126831
revenue_max,youtube_cmty_3000,1,160,75,75,3093.15757,557.5171249,625.9481564,4276.622851
revenue_max,youtube_cmty_3000,1,160,80,80,3137.007053,584.2509093,583.5850325,4304.842995
revenue_max,youtube_cmty_3000,1,160,85,85,3176.130972,610.7076319,543.1304155,4329.969019
revenue_max,youtube_cmty_3000,1,160,90,90,3212.217001,635.8820034,507.6450184,4355.744023
revenue_max,youtube_cmty_3000,1,160,95,95,3245.469854,658.138217,476.2945542,4379.902625
revenue_max,youtube_cmty_3000,1,160,100,100,3275.29446,680.0634262,448.9177069,4404.275593
revenue_max,youtube_cmty_3000,1,160,105,105,3302.893062,701.2814398,422.0218391,4426.196341
revenue_max,youtube_cmty_3000,1,160,110,110,3329.06453,723.245896,394.7797025,4447.090129
revenue_max,youtube_cmty_3000,1,160,115,115,3352.771569,746.2954634,370.7841079,4469.85114
revenue_max,youtube_cmty_3000,1,160,120,120,3375.260279,767.7969734,350.4361024,4493.493355
revenue_max,youtube_cmty_3000,1,160,125,125,3395.979346,785.6640871,331.3894308,4513.032864
revenue_max,youtube_cmty_3000,1,160,130,130,3415.636273,801.5999094,312.7880202,4530.024202
revenue_max,youtube_cmty_3000,1,160,135,135,3433.896971,824.1815485,293.3944488,4551.472968
revenue_max,youtube_cmty_3000,1,160,140,140,3450.957941,840.6379951,277.0511215,4568.647057
revenue_max,youtube_cmty_3000,1,160,145,145,3467.040642,858.6698582,263.8526131,4589.563113
revenue_max,youtube_cmty_3000,1,160,150,150,3482.18297,880.2117814,250.0292661,4612.424018
revenue_max,youtube_cmty_3000,1,160,155,155,3496.255339,897.9209763,238.7898288,4632.966144
revenue_max,youtube_cmty_3000,1,160,160,160,3509.295458,915.1462282,226.4380792,4650.879765
revenue_max,youtube_cmty_3000,1,170,0,0,0,0,4243.906795,4243.906795
revenue_max,youtube_cmty_3000,1,170,5,5,891.2946168,60.71421873,3094.880448,4046.889283
revenue_max,youtube_cmty_3000,1,170,10,10,1387.158324,111.7369149,2515.646115,4014.541354
revenue_max,youtube_cmty_3000,1,170,15,15,1717.652428,157.1341227,2152.541894,4027.328445
revenue_max,youtube_cmty_3000,1,170,20,20,1957.676756,198.5864986,1878.375634,4034.638889
revenue_max,youtube_cmty_3000,1,170,25,25,2157.8145,238.9981062,1662.361115,4059.173721
revenue_max,youtube_cmty_3000,1,170,30,30,2308.152475,278.4727333,1498.411504,4085.036713
revenue_max,youtube_cmty_3000,1,170,35,35,2441.966826,311.2062619,1351.74307,4104.916158
revenue_max,youtube_cmty_3000,1,170,40,40,2565.640606,346.1781278,1211.211433,4123.030166
revenue_max,youtube_cmty_3000,1,170,45,45,2674.49652,380.5446249,1087.527611,4142.568756
revenue_max,youtube_cmty_3000,1,170,50,50,2770.043832,413.7786739,983.9695883,4167.792094
revenue_max,youtube_cmty_3000,1,170,55,55,2853.657711,444.1468385,893.1355097,4190.94006
revenue_max,youtube_cmty_3000,1,170,60,60,2926.994219,475.3296855,814.1545718,4216.478476
revenue_max,youtube_cmty_3000,1,170,65,65,2989.584906,505.1950192,749.4990617,4244.278987
revenue_max,youtube_cmty_3000,1,170,70,70,3043.486954,533.6854626,693.306821,4270.479238
revenue_max,youtube_cmty_3000,1,170,75,75,3093.15757,557.5171249,640.5286752,4291.20337
revenue_max,youtube_cmty_3000,1,170,80,80,3137.007053,584.2509093,597.6142766,4318.872239
revenue_max,youtube_cmty_3000,1,170,85,85,3176.130972,610.7076319,556.3311883,4343.169792
revenue_max,youtube_cmty_3000,1,170,90,90,3212.217001,635.8820034,520.4203474,4368.519352
revenue_max,youtube_cmty_3000,1,170,95,95,3245.469854,658.138217,488.4353709,4392.043441
revenue_max,youtube_cmty_3000,1,170,100,100,3275.29446,680.0634262,460.6047139,4415.9626
revenue_max,youtube_cmty_3000,1,170,105,105,3302.893062,701.2814398,433.303911,4437.478413
revenue_max,youtube_cmty_3000,1,170,110,110,3329.06453,723.245896,405.7374127,4458.047839
revenue_max,youtube_cmty_3000,1,170,115,115,3352.771569,746.2954634,381.2059081,4480.27294
revenue_max,youtube_cmty_3000,1,170,120,120,3375.260279,767.7969734,360.5492376,4503.60649
revenue_max,youtube_cmty_3000,1,170,125,125,3395.979346,785.6640871,341.3041963,4522.94763
revenue_max,youtube_cmty_3000,1,170,130,130,3415.636273,801.5999094,322.4557829,4539.691965
revenue_max,youtube_cmty_3000,1,170,135,135,3433.896971,824.1815485,302.765872,4560.844391
revenue_max,youtube_cmty_3000,1,170,140,140,3450.957941,840.6379951,285.9899731,4577.585909
revenue_max,youtube_cmty_3000,1,170,145,145,3467.040642,858.6698582,272.4429068,4598.153407
revenue_max,youtube_cmty_3000,1,170,150,150,3482.18297,880.2117814,258.3460554,4620.740807
revenue_max,youtube_cmty_3000,1,170,155,155,3496.255339,897.9209763,246.8874179,4641.063733
revenue_max,youtube_cmty_3000,1,170,160,160,3509.295458,915.1462282,234.2389978,4658.680684
revenue_max,youtube_cmty_3000,1,170,165,165,3521.802408,932.6484969,223.6564154,4678.10732
revenue_max,youtube_cmty_3000,1,170,170,170,3533.666563,945.795048,213.110734,4692.572345
revenue_max,youtube_cmty_3000,1,180,0,0,0,0,4274.955857,4274.955857
revenue_max,youtube_cmty_3000,1,180,5,5,891.2946168,60.71421873,3121.762742,4073.771577
revenue_max,youtube_cmty_3000,1,180,10,10,1387.158324,111.7369149,2540.839442,4039.734681
revenue_max,youtube_cmty_3000,1,180,15,15,1717.652428,157.1341227,2176.660828,4051.447379
revenue_max,youtube_cmty_3000,1,180,20,20,1957.676756,198.5864986,1901.104318,4057.367573
revenue_max,youtube_cmty_3000,1,180,25,25,2157.8145,238.9981062,1684.346385,4081.158991
revenue_max,youtube_cmty_3000,1,180,30,30,2308.152475,278.4727333,1519.243201,4105.86841
revenue_max,youtube_cmty_3000,1,180,35,35,2441.966826,311.2062619,1371.276385,4124.449473
revenue_max,youtube_cmty_3000,1,180,40,40,2565.640606,346.1781278,1230.133755,4141.952488
revenue_max,youtube_cmty_3000,1,180,45,45,2674.49652,380.5446249,1105.335582,4160.376726
revenue_max,youtube_cmty_3000,1,180,50,50,2770.043832,413.7786739,1000.909065,4184.731571
revenue_max,youtube_cmty_3000,1,180,55,55,2853.657711,444.1468385,909.6370264,4207.441576
revenue_max,youtube_cmty_3000,1,180,60,60,2926.994219,475.3296855,829.9529108,4232.276815
revenue_max,youtube_cmty_3000,1,180,65,65,2989.584906,505.1950192,764.5151218,4259.295047
revenue_max,youtube_cmty_3000,1,180,70,70,3043.486954,533.6854626,707.6296227,4284.802039
revenue_max,youtube_cmty_3000,1,180,75,75,3093.15757,557.5171249,654.2777572,4304.952452
revenue_max,youtube_cmty_3000,1,180,80,80,3137.007053,584.2509093,610.8418209,4332.099783
revenue_max,youtube_cmty_3000,1,180,85,85,3176.130972,610.7076319,568.6838141,4355.522418
revenue_max,youtube_cmty_3000,1,180,90,90,3212.217001,635.8820034,532.2287462,4380.327751
revenue_max,youtube_cmty_3000,1,180,95,95,3245.469854,658.138217,499.6515511,4403.259622
revenue_max,youtube_cmty_3000,1,180,100,100,3275.29446,680.0634262,471.3593859,4426.717272
revenue_max,youtube_cmty_3000,1,180,105,105,3302.893062,701.2814398,443.8233921,4447.997894
revenue_max,youtube_cmty_3000,1,180,110,110,3329.06453,723.245896,416.0934003,4468.403827
revenue_max,youtube_cmty_3000,1,180,115,115,3352.771569,746.2954634,391.1752139,4490.242246
revenue_max,youtube_cmty_3000,1,180,120,120,3375.260279,767.7969734,370.3241947,4513.381447
revenue_max,youtube_cmty_3000,1,180,125,125,3395.979346,785.6640871,350.9246346,4532.568068
revenue_max,youtube_cmty_3000,1,180,130,130,3415.636273,801.5999094,331.8316551,4549.067837
revenue_max,youtube_cmty_3000,1,180,135,135,3433.896971,824.1815485,311.6639681,4569.742487
revenue_max,youtube_cmty_3000,1,180,140,140,3450.957941,840.6379951,294.5164492,4586.112385
revenue_max,youtube_cmty_3000,1,180,145,145,3467.040642,858.6698582,280.6764437,4606.386944
revenue_max,youtube_cmty_3000,1,180,150,150,3482.18297,880.2117814,266.3056712,4628.700423
revenue_max,youtube_cmty_3000,1,180,155,155,3496.255339,897.9209763,254.6894164,4648.865732
revenue_max,youtube_cmty_3000,1,180,160,160,3509.295458,915.1462282,241.724473,4666.166159
revenue_max,youtube_cmty_3000,1,180,165,165,3521.802408,932.6484969,231.0051742,4685.456079
revenue_max,youtube_cmty_3000,1,180,170,170,3533.666563,945.795048,220.185597,4699.647209
revenue_max,youtube_cmty_3000,1,180,175,175,3544.910754,963.4891018,210.612793,4719.012649
revenue_max,youtube_cmty_3000,1,180,180,180,3555.451761,980.8220283,200.9363376,4737.210127
revenue_max,youtube_cmty_3000,1,190,0,0,0,0,4304.56001,4304.56001
revenue_max,youtube_cmty_3000,1,190,5,5,891.2946168,60.71421873,3146.99405,4099.002885
revenue_max,youtube_cmty_3000,1,190,10,10,1387.158324,111.7369149,2563.935486,4062.830725
revenue_max,youtube_cmty_3000,1,190,15,15,1717.652428,157.1341227,2198.881307,4073.667857
revenue_max,youtube_cmty_3000,1,190,20,20,1957.676756,198.5864986,1922.430583,4078.693838
revenue_max,youtube_cmty_3000,1,190,25,25,2157.8145,238.9981062,1704.82295,4101.635556
revenue_max,youtube_cmty_3000,1,190,30,30,2308.152475,278.4727333,1539.038184,4125.663393
revenue_max,youtube_cmty_3000,1,190,35,35,2441.966826,311.2062619,1389.834352,4143.00744
revenue_max,youtube_cmty_3000,1,190,40,40,2565.640606,346.1781278,1247.936377,4159.75511
revenue_max,youtube_cmty_3000,1,190,45,45,2674.49652,380.5446249,1122.154219,4177.195364
revenue_max,youtube_cmty_3000,1,190,50,50,2770.043832,413.7786739,1017.002529,4200.825035
revenue_max,youtube_cmty_3000,1,190,55,55,2853.657711,444.1468385,925.1651654,4222.969715
revenue_max,youtube_cmty_3000,1,190,60,60,2926.994219,475.3296855,844.91294,4247.236844
revenue_max,youtube_cmty_3000,1,190,65,65,2989.584906,505.1950192,778.482602,4273.262527
revenue_max,youtube_cmty_3000,1,190,70,70,3043.486954,533.6854626,721.0061414,4298.178558
revenue_max,youtube_cmty_3000,1,190,75,75,3093.15757,557.5171249,667.3173358,4317.992031
revenue_max,youtube_cmty_3000,1,190,80,80,3137.007053,584.2509093,623.0591819,4344.317144
revenue_max,youtube_cmty_3000,1,190,85,85,3176.130972,610.7076319,580.0271336,4366.865737
revenue_max,youtube_cmty_3000,1,190,90,90,3212.217001,635.8820034,543.3130256,4391.41203
revenue_max,youtube_cmty_3000,1,190,95,95,3245.469854,658.138217,510.2821929,4413.890263
revenue_max,youtube_cmty_3000,1,190,100,100,3275.29446,680.0634262,481.677311,4437.035197
revenue_max,youtube_cmty_3000,1,190,105,105,3302.893062,701.2814398,453.9288605,4458.103363
revenue_max,youtube_cmty_3000,1,190,110,110,3329.06453,723.245896,426.0023017,4478.312728
revenue_max,youtube_cmty_3000,1,190,115,115,3352.771569,746.2954634,400.7786793,4499.845711
revenue_max,youtube_cmty_3000,1,190,120,120,3375.260279,767.7969734,379.783724,4522.840976
revenue_max,youtube_cmty_3000,1,190,125,125,3395.979346,785.6640871,360.1833452,4541.826779
revenue_max,youtube_cmty_3000,1,190,130,130,3415.636273,801.5999094,340.7475456,4557.983728
revenue_max,youtube_cmty_3000,1,190,135,135,3433.896971,824.1815485,320.1000921,4578.178611
revenue_max,youtube_cmty_3000,1,190,140,140,3450.957941,840.6379951,302.7325588,4594.328494
revenue_max,youtube_cmty_3000,1,190,145,145,3467.040642,858.6698582,288.5829098,4614.29341
revenue_max,youtube_cmty_3000,1,190,150,150,3482.18297,880.2117814,274.01428,4636.409032
revenue_max,youtube_cmty_3000,1,190,155,155,3496.255339,897.9209763,262.1843694,4656.360685
revenue_max,youtube_cmty_3000,1,190,160,160,3509.295458,915.1462282,248.9709647,4673.412651
revenue_max,youtube_cmty_3000,1,190,165,165,3521.802408,932.6484969,238.0845854,4692.53549
revenue_max,youtube_cmty_3000,1,190,170,170,3533.666563,945.795048,227.0072159,4706.468827
revenue_max,youtube_cmty_3000,1,190,175,175,3544.910754,963.4891018,217.3038901,4725.703746
revenue_max,youtube_cmty_3000,1,190,180,180,3555.451761,980.8220283,207.2343853,4743.508174
revenue_max,youtube_cmty_3000,1,190,185,185,3565.250214,995.001725,198.6734254,4758.925365
revenue_max,youtube_cmty_3000,1,190,190,190,3574.514539,1012.695754,188.9293417,4776.139634
revenue_max,youtube_cmty_3000,1,200,0,0,0,0,4332.52709,4332.52709
revenue_max,youtube_cmty_3000,1,200,5,5,891.2946168,60.71421873,3171.258707,4123.267543
revenue_max,youtube_cmty_3000,1,200,10,10,1387.158324,111.7369149,2585.813915,4084.709154
revenue_max,youtube_cmty_3000,1,200,15,15,1717.652428,157.1341227,2219.758053,4094.544604
revenue_max,youtube_cmty_3000,1,200,20,20,1957.676756,198.5864986,1942.55437,4098.817624
revenue_max,youtube_cmty_3000,1,200,25,25,2157.8145,238.9981062,1724.194627,4121.007233
revenue_max,youtube_cmty_3000,1,200,30,30,2308.152475,278.4727333,1557.757541,4144.38275
revenue_max,youtube_cmty_3000,1,200,35,35,2441.966826,311.2062619,1407.394793,4160.567881
revenue_max,youtube_cmty_3000,1,200,40,40,2565.640606,346.1781278,1264.791097,4176.60983
revenue_max,youtube_cmty_3000,1,200,45,45,2674.49652,380.5446249,1138.180863,4193.222008
revenue_max,youtube_cmty_3000,1,200,50,50,2770.043832,413.7786739,1032.137831,4215.960337
revenue_max,youtube_cmty_3000,1,200,55,55,2853.657711,444.1468385,939.6102111,4237.414761
revenue_max,youtube_cmty_3000,1,200,60,60,2926.994219,475.3296855,858.7926532,4261.116557
revenue_max,youtube_cmty_3000,1,200,65,65,2989.584906,505.1950192,791.7490265,4286.528952
revenue_max,youtube_cmty_3000,1,200,70,70,3043.486954,533.6854626,733.5230099,4310.695427
revenue_max,youtube_cmty_3000,1,200,75,75,3093.15757,557.5171249,679.1381711,4329.812866
revenue_max,youtube_cmty_3000,1,200,80,80,3137.007053,584.2509093,634.3614616,4355.619424
revenue_max,youtube_cmty_3000,1,200,85,85,3176.130972,610.7076319,590.7870273,4377.625631
revenue_max,youtube_cmty_3000,1,200,90,90,3212.217001,635.8820034,553.899502,4401.998506
revenue_max,youtube_cmty_3000,1,200,95,95,3245.469854,658.138217,520.5577215,4424.165792
revenue_max,youtube_cmty_3000,1,200,100,100,3275.29446,680.0634262,491.5585988,4446.916485
revenue_max,youtube_cmty_3000,1,200,105,105,3302.893062,701.2814398,463.628622,4467.803124
revenue_max,youtube_cmty_3000,1,200,110,110,3329.06453,723.245896,435.5895218,4487.899948
revenue_max,youtube_cmty_3000,1,200,115,115,3352.771569,746.2954634,410.0093697,4509.076402
revenue_max,youtube_cmty_3000,1,200,120,120,3375.260279,767.7969734,388.8679054,4531.925158
revenue_max,youtube_cmty_3000,1,200,125,125,3395.979346,785.6640871,368.9991458,4550.642579
revenue_max,youtube_cmty_3000,1,200,130,130,3415.636273,801.5999094,349.2792904,4566.515472
revenue_max,youtube_cmty_3000,1,200,135,135,3433.896971,824.1815485,328.2243444,4586.302864
revenue_max,youtube_cmty_3000,1,200,140,140,3450.957941,840.6379951,310.6389392,4602.234875
revenue_max,youtube_cmty_3000,1,200,145,145,3467.040642,858.6698582,296.2433355,4621.953836
revenue_max,youtube_cmty_3000,1,200,150,150,3482.18297,880.2117814,281.4229499,4643.817701
revenue_max,youtube_cmty_3000,1,200,155,155,3496.255339,897.9209763,269.4503777,4663.626693
revenue_max,youtube_cmty_3000,1,200,160,160,3509.295458,915.1462282,255.9258455,4680.367532
revenue_max,youtube_cmty_3000,1,200,165,165,3521.802408,932.6484969,244.8688643,4699.319769
revenue_max,youtube_cmty_3000,1,200,170,170,3533.666563,945.795048,233.5200426,4712.981654
revenue_max,youtube_cmty_3000,1,200,175,175,3544.910754,963.4891018,223.5848738,4731.98473
revenue_max,youtube_cmty_3000,1,200,180,180,3555.451761,980.8220283,213.2944138,4749.568203
revenue_max,youtube_cmty_3000,1,200,185,185,3565.250214,995.001725,204.4788252,4764.730765
revenue_max,youtube_cmty_3000,1,200,190,190,3574.514539,1012.695754,194.4815517,4781.691844
revenue_max,youtube_cmty_3000,1,200,195,195,3583.164837,1026.383614,186.0061447,4795.554596
revenue_max,youtube_cmty_3000,1,200,200,200,3591.46451,1038.660973,179.3826232,4809.508107
revenue_max,youtube_cmty_3000,2,1,0,0,0,0,280.5098493,280.5098493
revenue_max,youtube_cmty_3000,2,1,1,1,280.5098493,14.58644319,165.4204162,460.5167088
revenue_max,youtube_cmty_3000,2,10,0,0,0,0,1570.241368,1570.241368
revenue_max,youtube_cmty_3000,2,10,5,5,882.2220724,60.25038146,878.9078827,1821.380337
revenue_max,youtube_cmty_3000,2,10,10,10,1373.21728,109.9586528,623.2222424,2106.398175
revenue_max,youtube_cmty_3000,2,20,0,0,0,0,2442.959837,2442.959837
revenue_max,youtube_cmty_3000,2,20,5,5,882.2220724,60.25038146,1457.123484,2399.595938
revenue_max,youtube_cmty_3000,2,20,10,10,1373.21728,109.9586528,1057.03036,2540.206293
revenue_max,youtube_cmty_3000,2,20,15,15,1699.516083,156.1020312,813.0435382,2668.661652
revenue_max,youtube_cmty_3000,2,20,20,20,1940.753984,198.8663488,672.3097049,2811.930038
revenue_max,youtube_cmty_3000,2,30,0,0,0,0,2987.329842,2987.329842
revenue_max,youtube_cmty_3000,2,30,5,5,882.2220724,60.25038146,1856.834178,2799.306632
revenue_max,youtube_cmty_3000,2,30,10,10,1373.21728,109.9586528,1378.272095,2861.448028
revenue_max,youtube_cmty_3000,2,30,15,15,1699.516083,156.1020312,1091.231875,2946.849989
revenue_max,youtube_cmty_3000,2,30,20,20,1940.753984,198.8663488,921.806917,3061.42725
revenue_max,youtube_cmty_3000,2,30,25,25,2144.748678,240.2680962,778.360517,3163.377291
revenue_max,youtube_cmty_3000,2,30,30,30,2307.138194,279.1445472,678.7037373,3264.986479
revenue_max,youtube_cmty_3000,2,40,0,0,0,0,3322.038174,3322.038174
revenue_max,youtube_cmty_3000,2,40,5,5,882.2220724,60.25038146,2157.599792,3100.072245
revenue_max,youtube_cmty_3000,2,40,10,10,1373.21728,109.9586528,1636.676566,3119.852498
revenue_max,youtube_cmty_3000,2,40,15,15,1699.516083,156.1020312,1320.415366,3176.033481
revenue_max,youtube_cmty_3000,2,40,20,20,1940.753984,198.8663488,1121.880673,3261.501006
revenue_max,youtube_cmty_3000,2,40,25,25,2144.748678,240.2680962,947.5573545,3332.574129
revenue_max,youtube_cmty_3000,2,40,30,30,2307.138194,279.1445472,826.8770801,3413.159821
revenue_max,youtube_cmty_3000,2,40,35,35,2446.792533,315.3327012,721.1679294,3483.293164
revenue_max,youtube_cmty_3000,2,40,40,40,2568.679419,347.9865343,638.1074053,3554.773359
revenue_max,youtube_cmty_3000,2,50,0,0,0,0,3525.154004,3525.154004
revenue_max,youtube_cmty_3000,2,50,5,5,882.2220724,60.25038146,2366.346444,3308.818898
revenue_max,youtube_cmty_3000,2,50,10,10,1373.21728,109.9586528,1828.827594,3312.003527
revenue_max,youtube_cmty_3000,2,50,15,15,1699.516083,156.1020312,1493.857756,3349.47587
revenue_max,youtube_cmty_3000,2,50,20,20,1940.753984,198.8663488,1271.426955,3411.047289
revenue_max,youtube_cmty_3000,2,50,25,25,2144.748678,240.2680962,1079.904085,3464.920859
revenue_max,youtube_cmty_3000,2,50,30,30,2307.138194,279.1445472,943.784647,3530.067388
revenue_max,youtube_cmty_3000,2,50,35,35,2446.792533,315.3327012,825.5541536,3587.679388
revenue_max,youtube_cmty_3000,2,50,40,40,2568.679419,347.9865343,730.9024537,3647.568407
revenue_max,youtube_cmty_3000,2,50,45,45,2679.382784,380.7865439,638.8240779,3698.993406
revenue_max,youtube_cmty_3000,2,50,50,50,2776.555392,414.265316,562.9446398,3753.765348
revenue_max,youtube_cmty_3000,2,60,0,0,0,0,3658.903846,3658.903846
revenue_max,youtube_cmty_3000,2,60,5,5,882.2220724,60.25038146,2521.812196,3464.284649
revenue_max,youtube_cmty_3000,2,60,10,10,1373.21728,109.9586528,1969.885763,3453.061696
revenue_max,youtube_cmty_3000,2,60,15,15,1699.516083,156.1020312,1622.502334,3478.120448
revenue_max,youtube_cmty_3000,2,60,20,20,1940.753984,198.8663488,1387.828745,3527.449078
revenue_max,youtube_cmty_3000,2,60,25,25,2144.748678,240.2680962,1185.224259,3570.241033
revenue_max,youtube_cmty_3000,2,60,30,30,2307.138194,279.1445472,1039.137343,3625.420084
revenue_max,youtube_cmty_3000,2,60,35,35,2446.792533,315.3327012,911.8335696,3673.958804
revenue_max,youtube_cmty_3000,2,60,40,40,2568.679419,347.9865343,809.324138,3725.990091
revenue_max,youtube_cmty_3000,2,60,45,45,2679.382784,380.7865439,710.7955443,3770.964873
revenue_max,youtube_cmty_3000,2,60,50,50,2776.555392,414.265316,629.1177244,3819.938432
revenue_max,youtube_cmty_3000,2,60,55,55,2858.613312,448.0021632,558.8859765,3865.501452
revenue_max,youtube_cmty_3000,2,60,60,60,2929.680594,479.0219744,503.7185372,3912.421106
revenue_max,youtube_cmty_3000,2,70,0,0,0,0,3757.240057,3757.240057
revenue_max,youtube_cmty_3000,2,70,5,5,882.2220724,60.25038146,2641.577498,3584.049952
revenue_max,youtube_cmty_3000,2,70,10,10,1373.21728,109.9586528,2084.555244,3567.731177
revenue_max,youtube_cmty_3000,2,70,15,15,1699.516083,156.1020312,1726.816154,3582.434268
revenue_max,youtube_cmty_3000,2,70,20,20,1940.753984,198.8663488,1484.188564,3623.808897
revenue_max,youtube_cmty_3000,2,70,25,25,2144.748678,240.2680962,1274.188996,3659.20577
revenue_max,youtube_cmty_3000,2,70,30,30,2307.138194,279.1445472,1120.553857,3706.836599
revenue_max,youtube_cmty_3000,2,70,35,35,2446.792533,315.3327012,986.5519537,3748.677188
revenue_max,youtube_cmty_3000,2,70,40,40,2568.679419,347.9865343,876.6294829,3793.295436
revenue_max,youtube_cmty_3000,2,70,45,45,2679.382784,380.7865439,773.740741,3833.910069
revenue_max,youtube_cmty_3000,2,70,50,50,2776.555392,414.265316,687.525363,3878.346071
revenue_max,youtube_cmty_3000,2,70,55,55,2858.613312,448.0021632,613.3932459,3920.008722
revenue_max,youtube_cmty_3000,2,70,60,60,2929.680594,479.0219744,554.1918107,3962.894379
revenue_max,youtube_cmty_3000,2,70,65,65,2993.631091,506.8914351,501.6572679,4002.179794
revenue_max,youtube_cmty_3000,2,70,70,70,3050.887792,536.6129987,449.6213799,4037.122171
revenue_max,youtube_cmty_3000,2,80,0,0,0,0,3835.437362,3835.437362
revenue_max,youtube_cmty_3000,2,80,5,5,882.2220724,60.25038146,2728.097048,3670.569501
revenue_max,youtube_cmty_3000,2,80,10,10,1373.21728,109.9586528,2172.288331,3655.464264
revenue_max,youtube_cmty_3000,2,80,15,15,1699.516083,156.1020312,1812.476184,3668.094298
revenue_max,youtube_cmty_3000,2,80,20,20,1940.753984,198.8663488,1563.975129,3703.595462
revenue_max,youtube_cmty_3000,2,80,25,25,2144.748678,240.2680962,1348.412945,3733.429719
revenue_max,youtube_cmty_3000,2,80,30,30,2307.138194,279.1445472,1188.689313,3774.972055
revenue_max,youtube_cmty_3000,2,80,35,35,2446.792533,315.3327012,1049.163476,3811.288711
revenue_max,youtube_cmty_3000,2,80,40,40,2568.679419,347.9865343,935.3320487,3851.998002
revenue_max,youtube_cmty_3000,2,80,45,45,2679.382784,380.7865439,828.5524842,3888.721813
revenue_max,youtube_cmty_3000,2,80,50,50,2776.555392,414.265316,738.7072374,3929.527945
revenue_max,youtube_cmty_3000,2,80,55,55,2858.613312,448.0021632,660.9398321,3967.555308
revenue_max,youtube_cmty_3000,2,80,60,60,2929.680594,479.0219744,598.6802756,4007.382844
revenue_max,youtube_cmty_3000,2,80,65,65,2993.631091,506.8914351,544.0372897,4044.559816
revenue_max,youtube_cmty_3000,2,80,70,70,3050.887792,536.6129987,489.9387018,4077.439493
revenue_max,youtube_cmty_3000,2,80,75,75,3101.01556,563.7929168,447.753041,4112.561518
revenue_max,youtube_cmty_3000,2,80,80,80,3146.066826,589.4424525,413.9375376,4149.446816
revenue_max,youtube_cmty_3000,2,90,0,0,0,0,3901.805667,3901.805667
revenue_max,youtube_cmty_3000,2,90,5,5,882.2220724,60.25038146,2796.391914,3738.864368
revenue_max,youtube_cmty_3000,2,90,10,10,1373.21728,109.9586528,2241.448896,3724.624829
revenue_max,youtube_cmty_3000,2,90,15,15,1699.516083,156.1020312,1882.155013,3737.773127
revenue_max,youtube_cmty_3000,2,90,20,20,1940.753984,198.8663488,1629.977693,3769.598026
revenue_max,youtube_cmty_3000,2,90,25,25,2144.748678,240.2680962,1410.30572,3795.322495
revenue_max,youtube_cmty_3000,2,90,30,30,2307.138194,279.1445472,1246.716318,3832.99906
revenue_max,youtube_cmty_3000,2,90,35,35,2446.792533,315.3327012,1103.38478,3865.510015
revenue_max,youtube_cmty_3000,2,90,40,40,2568.679419,347.9865343,986.3184825,3902.984436
revenue_max,youtube_cmty_3000,2,90,45,45,2679.382784,380.7865439,876.1297171,3936.299045
revenue_max,youtube_cmty_3000,2,90,50,50,2776.555392,414.265316,783.3979959,3974.218704
revenue_max,youtube_cmty_3000,2,90,55,55,2858.613312,448.0021632,703.1352714,4009.750747
revenue_max,youtube_cmty_3000,2,90,60,60,2929.680594,479.0219744,638.8310137,4047.533582
revenue_max,youtube_cmty_3000,2,90,65,65,2993.631091,506.8914351,581.4733074,4081.995834
revenue_max,youtube_cmty_3000,2,90,70,70,3050.887792,536.6129987,525.3799784,4112.880769
revenue_max,youtube_cmty_3000,2,90,75,75,3101.01556,563.7929168,480.936421,4145.744898
revenue_max,youtube_cmty_3000,2,90,80,80,3146.066826,589.4424525,444.9740815,4180.48336
revenue_max,youtube_cmty_3000,2,90,85,85,3185.883687,617.7153426,411.9265763,4215.525606
revenue_max,youtube_cmty_3000,2,90,90,90,3221.773852,639.2006023,383.0395744,4244.014028
revenue_max,youtube_cmty_3000,2,100,0,0,0,0,3960.867555,3960.867555
revenue_max,youtube_cmty_3000,2,100,5,5,882.2220724,60.25038146,2853.155714,3795.628168
revenue_max,youtube_cmty_3000,2,100,10,10,1373.21728,109.9586528,2297.446596,3780.622529
revenue_max,youtube_cmty_3000,2,100,15,15,1699.516083,156.1020312,1938.678869,3794.296983
revenue_max,youtube_cmty_3000,2,100,20,20,1940.753984,198.8663488,1684.49841,3824.118743
revenue_max,youtube_cmty_3000,2,100,25,25,2144.748678,240.2680962,1462.203,3847.219774
revenue_max,youtube_cmty_3000,2,100,30,30,2307.138194,279.1445472,1296.490495,3882.773236
revenue_max,youtube_cmty_3000,2,100,35,35,2446.792533,315.3327012,1150.759956,3912.885191
revenue_max,youtube_cmty_3000,2,100,40,40,2568.679419,347.9865343,1030.919863,3947.585816
revenue_max,youtube_cmty_3000,2,100,45,45,2679.382784,380.7865439,917.6412258,3977.810554
revenue_max,youtube_cmty_3000,2,100,50,50,2776.555392,414.265316,822.4109205,4013.231628
revenue_max,youtube_cmty_3000,2,100,55,55,2858.613312,448.0021632,740.1726655,4046.788141
revenue_max,youtube_cmty_3000,2,100,60,60,2929.680594,479.0219744,673.536945,4082.239513
revenue_max,youtube_cmty_3000,2,100,65,65,2993.631091,506.8914351,613.9526654,4114.475192
revenue_max,youtube_cmty_3000,2,100,70,70,3050.887792,536.6129987,555.7534734,4143.254265
revenue_max,youtube_cmty_3000,2,100,75,75,3101.01556,563.7929168,509.1452289,4173.953706
revenue_max,youtube_cmty_3000,2,100,80,80,3146.066826,589.4424525,471.3029805,4206.812259
revenue_max,youtube_cmty_3000,2,100,85,85,3185.883687,617.7153426,436.8434537,4240.442483
revenue_max,youtube_cmty_3000,2,100,90,90,3221.773852,639.2006023,406.3429611,4267.317415
revenue_max,youtube_cmty_3000,2,100,95,95,3252.553046,659.2436593,383.432317,4295.229022
revenue_max,youtube_cmty_3000,2,100,100,100,3281.799255,681.6604369,359.7410892,4323.200782
revenue_max,youtube_cmty_3000,2,110,0,0,0,0,4013.974077,4013.974077
revenue_max,youtube_cmty_3000,2,110,5,5,882.2220724,60.25038146,2903.01002,3845.482474
revenue_max,youtube_cmty_3000,2,110,10,10,1373.21728,109.9586528,2344.961811,3828.137743
revenue_max,youtube_cmty_3000,2,110,15,15,1699.516083,156.1020312,1986.212566,3841.83068
revenue_max,youtube_cmty_3000,2,110,20,20,1940.753984,198.8663488,1730.57671,3870.197043
revenue_max,youtube_cmty_3000,2,110,25,25,2144.748678,240.2680962,1506.971469,3891.988243
revenue_max,youtube_cmty_3000,2,110,30,30,2307.138194,279.1445472,1339.085733,3925.368474
revenue_max,youtube_cmty_3000,2,110,35,35,2446.792533,315.3327012,1191.198932,3953.324167
revenue_max,youtube_cmty_3000,2,110,40,40,2568.679419,347.9865343,1068.998787,3985.66474
revenue_max,youtube_cmty_3000,2,110,45,45,2679.382784,380.7865439,953.1519654,4013.321294
revenue_max,youtube_cmty_3000,2,110,50,50,2776.555392,414.265316,854.7331964,4045.553904
revenue_max,youtube_cmty_3000,2,110,55,55,2858.613312,448.0021632,770.6619694,4077.277445
revenue_max,youtube_cmty_3000,2,110,60,60,2929.680594,479.0219744,702.1827398,4110.885308
revenue_max,youtube_cmty_3000,2,110,65,65,2993.631091,506.8914351,641.1153689,4141.637895
revenue_max,youtube_cmty_3000,2,110,70,70,3050.887792,536.6129987,581.6893785,4169.19017
revenue_max,youtube_cmty_3000,2,110,75,75,3101.01556,563.7929168,533.7008917,4198.509369
revenue_max,youtube_cmty_3000,2,110,80,80,3146.066826,589.4424525,494.4935349,4230.002813
revenue_max,youtube_cmty_3000,2,110,85,85,3185.883687,617.7153426,458.9030409,4262.50207
revenue_max,youtube_cmty_3000,2,110,90,90,3221.773852,639.2006023,427.3201276,4288.294582
revenue_max,youtube_cmty_3000,2,110,95,95,3252.553046,659.2436593,403.0139917,4314.810697
revenue_max,youtube_cmty_3000,2,110,100,100,3281.799255,681.6604369,378.1942762,4341.653969
revenue_max,youtube_cmty_3000,2,110,105,105,3309.323458,703.3882197,356.2038592,4368.915537
revenue_max,youtube_cmty_3000,2,110,110,110,3335.630542,728.3676518,331.4417906,4395.439984
revenue_max,youtube_cmty_3000,2,120,0,0,0,0,4061.768481,4061.768481
revenue_max,youtube_cmty_3000,2,120,5,5,882.2220724,60.25038146,2946.961373,3889.433827
revenue_max,youtube_cmty_3000,2,120,10,10,1373.21728,109.9586528,2386.589605,3869.765538
revenue_max,youtube_cmty_3000,2,120,15,15,1699.516083,156.1020312,2027.13213,3882.750244
revenue_max,youtube_cmty_3000,2,120,20,20,1940.753984,198.8663488,1770.663262,3910.283595
revenue_max,youtube_cmty_3000,2,120,25,25,2144.748678,240.2680962,1545.082305,3930.099079
revenue_max,youtube_cmty_3000,2,120,30,30,2307.138194,279.1445472,1375.575873,3961.858615
revenue_max,youtube_cmty_3000,2,120,35,35,2446.792533,315.3327012,1225.739051,3987.864286
revenue_max,youtube_cmty_3000,2,120,40,40,2568.679419,347.9865343,1101.96758,4018.633533
revenue_max,youtube_cmty_3000,2,120,45,45,2679.382784,380.7865439,983.5666315,4043.73596
revenue_max,youtube_cmty_3000,2,120,50,50,2776.555392,414.265316,882.8724963,4073.693204
revenue_max,youtube_cmty_3000,2,120,55,55,2858.613312,448.0021632,797.4635989,4104.079074
revenue_max,youtube_cmty_3000,2,120,60,60,2929.680594,479.0219744,727.6548348,4136.357403
revenue_max,youtube_cmty_3000,2,120,65,65,2993.631091,506.8914351,665.0535245,4165.576051
revenue_max,youtube_cmty_3000,2,120,70,70,3050.887792,536.6129987,604.6954709,4192.196262
revenue_max,youtube_cmty_3000,2,120,75,75,3101.01556,563.7929168,555.5317526,4220.34023
revenue_max,youtube_cmty_3000,2,120,80,80,3146.066826,589.4424525,514.7244848,4250.233763
revenue_max,youtube_cmty_3000,2,120,85,85,3185.883687,617.7153426,478.2932266,4281.892256
revenue_max,youtube_cmty_3000,2,120,90,90,3221.773852,639.2006023,446.0765547,4307.051009
revenue_max,youtube_cmty_3000,2,120,95,95,3252.553046,659.2436593,420.6175105,4332.414216
revenue_max,youtube_cmty_3000,2,120,100,100,3281.799255,681.6604369,394.8940018,4358.353694
revenue_max,youtube_cmty_3000,2,120,105,105,3309.323458,703.3882197,372.1241427,4384.835821
revenue_max,youtube_cmty_3000,2,120,110,110,3335.630542,728.3676518,347.0276572,4411.025851
revenue_max,youtube_cmty_3000,2,120,115,115,3359.130652,749.4803459,324.3790547,4432.990053
revenue_max,youtube_cmty_3000,2,120,120,120,3381.016484,767.3559094,305.5023458,4453.874739
revenue_max,youtube_cmty_3000,2,130,0,0,0,0,4105.918663,4105.918663
revenue_max,youtube_cmty_3000,2,130,5,5,882.2220724,60.25038146,2986.628895,3929.101348
revenue_max,youtube_cmty_3000,2,130,10,10,1373.21728,109.9586528,2423.544821,3906.720753
revenue_max,youtube_cmty_3000,2,130,15,15,1699.516083,156.1020312,2062.986477,3918.604591
revenue_max,youtube_cmty_3000,2,130,20,20,1940.753984,198.8663488,1805.234641,3944.854975
revenue_max,youtube_cmty_3000,2,130,25,25,2144.748678,240.2680962,1577.810034,3962.826808
revenue_max,youtube_cmty_3000,2,130,30,30,2307.138194,279.1445472,1407.596634,3993.879375
revenue_max,youtube_cmty_3000,2,130,35,35,2446.792533,315.3327012,1256.517591,4018.642825
revenue_max,youtube_cmty_3000,2,130,40,40,2568.679419,347.9865343,1130.818808,4047.484762
revenue_max,youtube_cmty_3000,2,130,45,45,2679.382784,380.7865439,1010.563155,4070.732483
revenue_max,youtube_cmty_3000,2,130,50,50,2776.555392,414.265316,908.1148035,4098.935511
revenue_max,youtube_cmty_3000,2,130,55,55,2858.613312,448.0021632,821.4343039,4128.04978
revenue_max,youtube_cmty_3000,2,130,60,60,2929.680594,479.0219744,750.5403596,4159.242928
revenue_max,youtube_cmty_3000,2,130,65,65,2993.631091,506.8914351,686.7188551,4187.241382
revenue_max,youtube_cmty_3000,2,130,70,70,3050.887792,536.6129987,625.3746188,4212.87541
revenue_max,youtube_cmty_3000,2,130,75,75,3101.01556,563.7929168,575.0498497,4239.858327
revenue_max,youtube_cmty_3000,2,130,80,80,3146.066826,589.4424525,532.9361868,4268.445465
revenue_max,youtube_cmty_3000,2,130,85,85,3185.883687,617.7153426,495.6566948,4299.255724
revenue_max,youtube_cmty_3000,2,130,90,90,3221.773852,639.2006023,462.820689,4323.795143
revenue_max,youtube_cmty_3000,2,130,95,95,3252.553046,659.2436593,436.7371492,4348.533854
revenue_max,youtube_cmty_3000,2,130,100,100,3281.799255,681.6604369,410.4733727,4373.933065
revenue_max,youtube_cmty_3000,2,130,105,105,3309.323458,703.3882197,386.8036377,4399.515316
revenue_max,youtube_cmty_3000,2,130,110,110,3335.630542,728.3676518,361.3181721,4425.316366
revenue_max,youtube_cmty_3000,2,130,115,115,3359.130652,749.4803459,337.951341,4446.562339
revenue_max,youtube_cmty_3000,2,130,120,120,3381.016484,767.3559094,318.6576942,4467.030087
revenue_max,youtube_cmty_3000,2,130,125,125,3402.141085,785.7926922,298.6104644,4486.544241
revenue_max,youtube_cmty_3000,2,130,130,130,3422.478778,805.0902604,282.1539686,4509.723007
revenue_max,youtube_cmty_3000,2,140,0,0,0,0,4146.702137,4146.702137
revenue_max,youtube_cmty_3000,2,140,5,5,882.2220724,60.25038146,3023.281936,3965.75439
revenue_max,youtube_cmty_3000,2,140,10,10,1373.21728,109.9586528,2456.848825,3940.024757
revenue_max,youtube_cmty_3000,2,140,15,15,1699.516083,156.1020312,2094.752317,3950.370431
revenue_max,youtube_cmty_3000,2,140,20,20,1940.753984,198.8663488,1836.31024,3975.930573
revenue_max,youtube_cmty_3000,2,140,25,25,2144.748678,240.2680962,1607.339135,3992.355909
revenue_max,youtube_cmty_3000,2,140,30,30,2307.138194,279.1445472,1436.245648,4022.52839
revenue_max,youtube_cmty_3000,2,140,35,35,2446.792533,315.3327012,1283.875153,4046.000387
revenue_max,youtube_cmty_3000,2,140,40,40,2568.679419,347.9865343,1156.957468,4073.623422
revenue_max,youtube_cmty_3000,2,140,45,45,2679.382784,380.7865439,1034.840634,4095.009963
revenue_max,youtube_cmty_3000,2,140,50,50,2776.555392,414.265316,930.8274943,4121.648202
revenue_max,youtube_cmty_3000,2,140,55,55,2858.613312,448.0021632,842.9388681,4149.554344
revenue_max,youtube_cmty_3000,2,140,60,60,2929.680594,479.0219744,771.4018589,4180.104427
revenue_max,youtube_cmty_3000,2,140,65,65,2993.631091,506.8914351,706.5567496,4207.079276
revenue_max,youtube_cmty_3000,2,140,70,70,3050.887792,536.6129987,644.2521754,4231.752967
revenue_max,youtube_cmty_3000,2,140,75,75,3101.01556,563.7929168,592.3613269,4257.169804
revenue_max,youtube_cmty_3000,2,140,80,80,3146.066826,589.4424525,549.4808151,4284.990093
revenue_max,youtube_cmty_3000,2,140,85,85,3185.883687,617.7153426,511.6436543,4315.242684
revenue_max,youtube_cmty_3000,2,140,90,90,3221.773852,639.2006023,478.2248943,4339.199348
revenue_max,youtube_cmty_3000,2,140,95,95,3252.553046,659.2436593,451.5878804,4363.384586
revenue_max,youtube_cmty_3000,2,140,100,100,3281.799255,681.6604369,424.5518557,4388.011548
revenue_max,youtube_cmty_3000,2,140,105,105,3309.323458,703.3882197,400.266065,4412.977743
revenue_max,youtube_cmty_3000,2,140,110,110,3335.630542,728.3676518,374.5068185,4438.505012
revenue_max,youtube_cmty_3000,2,140,115,115,3359.130652,749.4803459,350.7151434,4459.326141
revenue_max,youtube_cmty_3000,2,140,120,120,3381.016484,767.3559094,331.0558552,4479.428248
revenue_max,youtube_cmty_3000,2,140,125,125,3402.141085,785.7926922,310.3647299,4498.298507
revenue_max,youtube_cmty_3000,2,140,130,130,3422.478778,805.0902604,293.4546044,4521.023643
revenue_max,youtube_cmty_3000,2,140,135,135,3441.550967,829.3603059,276.5115911,4547.422864
revenue_max,youtube_cmty_3000,2,140,140,140,3459.508534,846.4669057,259.8291357,4565.804575
revenue_max,youtube_cmty_3000,2,150,0,0,0,0,4184.605211,4184.605211
revenue_max,youtube_cmty_3000,2,150,5,5,882.2220724,60.25038146,3056.553684,3999.026138
revenue_max,youtube_cmty_3000,2,150,10,10,1373.21728,109.9586528,2488.157501,3971.333434
revenue_max,youtube_cmty_3000,2,150,15,15,1699.516083,156.1020312,2124.150042,3979.768156
revenue_max,youtube_cmty_3000,2,150,20,20,1940.753984,198.8663488,1864.455738,4004.076072
revenue_max,youtube_cmty_3000,2,150,25,25,2144.748678,240.2680962,1634.312106,4019.32888
revenue_max,youtube_cmty_3000,2,150,30,30,2307.138194,279.1445472,1462.102514,4048.385256
revenue_max,youtube_cmty_3000,2,150,35,35,2446.792533,315.3327012,1308.441342,4070.566576
revenue_max,youtube_cmty_3000,2,150,40,40,2568.679419,347.9865343,1180.448287,4097.11424
revenue_max,youtube_cmty_3000,2,150,45,45,2679.382784,380.7865439,1056.977688,4117.147016
revenue_max,youtube_cmty_3000,2,150,50,50,2776.555392,414.265316,951.6440822,4142.46479
revenue_max,youtube_cmty_3000,2,150,55,55,2858.613312,448.0021632,862.5223131,4169.137789
revenue_max,youtube_cmty_3000,2,150,60,60,2929.680594,479.0219744,790.5209036,4199.223472
revenue_max,youtube_cmty_3000,2,150,65,65,2993.631091,506.8914351,724.6340208,4225.156547
revenue_max,youtube_cmty_3000,2,150,70,70,3050.887792,536.6129987,661.2972567,4248.798048
revenue_max,youtube_cmty_3000,2,150,75,75,3101.01556,563.7929168,608.2812578,4273.089735
revenue_max,youtube_cmty_3000,2,150,80,80,3146.066826,589.4424525,564.9535034,4300.462782
revenue_max,youtube_cmty_3000,2,150,85,85,3185.883687,617.7153426,526.644396,4330.243426
revenue_max,youtube_cmty_3000,2,150,90,90,3221.773852,639.2006023,492.3737127,4353.348167
revenue_max,youtube_cmty_3000,2,150,95,95,3252.553046,659.2436593,465.1942894,4376.990995
revenue_max,youtube_cmty_3000,2,150,100,100,3281.799255,681.6604369,437.6389739,4401.098666
revenue_max,youtube_cmty_3000,2,150,105,105,3309.323458,703.3882197,413.0260222,4425.7377
revenue_max,youtube_cmty_3000,2,150,110,110,3335.630542,728.3676518,387.0857954,4451.083989
revenue_max,youtube_cmty_3000,2,150,115,115,3359.130652,749.4803459,362.6660591,4471.277057
revenue_max,youtube_cmty_3000,2,150,120,120,3381.016484,767.3559094,342.6867646,4491.059158
revenue_max,youtube_cmty_3000,2,150,125,125,3402.141085,785.7926922,321.2516143,4509.185391
revenue_max,youtube_cmty_3000,2,150,130,130,3422.478778,805.0902604,303.9336392,4531.502677
revenue_max,youtube_cmty_3000,2,150,135,135,3441.550967,829.3603059,286.426909,4557.338182
revenue_max,youtube_cmty_3000,2,150,140,140,3459.508534,846.4669057,269.3905044,4575.365944
revenue_max,youtube_cmty_3000,2,150,145,145,3476.436601,867.9613286,254.8311008,4599.22903
revenue_max,youtube_cmty_3000,2,150,150,150,3492.187668,889.3718631,240.1840694,4621.743601
revenue_max,youtube_cmty_3000,2,160,0,0,0,0,4219.932843,4219.932843
revenue_max,youtube_cmty_3000,2,160,5,5,882.2220724,60.25038146,3087.841115,4030.313568
revenue_max,youtube_cmty_3000,2,160,10,10,1373.21728,109.9586528,2517.272669,4000.448602
revenue_max,youtube_cmty_3000,2,160,15,15,1699.516083,156.1020312,2151.222503,4006.840617
revenue_max,youtube_cmty_3000,2,160,20,20,1940.753984,198.8663488,1891.07042,4030.690753
revenue_max,youtube_cmty_3000,2,160,25,25,2144.748678,240.2680962,1659.521798,4044.538572
revenue_max,youtube_cmty_3000,2,160,30,30,2307.138194,279.1445472,1485.710458,4071.9932
revenue_max,youtube_cmty_3000,2,160,35,35,2446.792533,315.3327012,1330.766713,4092.891947
revenue_max,youtube_cmty_3000,2,160,40,40,2568.679419,347.9865343,1202.022139,4118.688092
revenue_max,youtube_cmty_3000,2,160,45,45,2679.382784,380.7865439,1077.327774,4137.497102
revenue_max,youtube_cmty_3000,2,160,50,50,2776.555392,414.265316,970.8248861,4161.645594
revenue_max,youtube_cmty_3000,2,160,55,55,2858.613312,448.0021632,880.5441362,4187.159612
revenue_max,youtube_cmty_3000,2,160,60,60,2929.680594,479.0219744,807.8862152,4216.588784
revenue_max,youtube_cmty_3000,2,160,65,65,2993.631091,506.8914351,741.2709141,4241.793441
revenue_max,youtube_cmty_3000,2,160,70,70,3050.887792,536.6129987,676.9701094,4264.470901
revenue_max,youtube_cmty_3000,2,160,75,75,3101.01556,563.7929168,623.2251313,4288.033609
revenue_max,youtube_cmty_3000,2,160,80,80,3146.066826,589.4424525,579.3016374,4314.810916
revenue_max,youtube_cmty_3000,2,160,85,85,3185.883687,617.7153426,540.535487,4344.134517
revenue_max,youtube_cmty_3000,2,160,90,90,3221.773852,639.2006023,505.6040092,4366.578463
revenue_max,youtube_cmty_3000,2,160,95,95,3252.553046,659.2436593,478.0198526,4389.816558
revenue_max,youtube_cmty_3000,2,160,100,100,3281.799255,681.6604369,450.0836677,4413.54336
revenue_max,youtube_cmty_3000,2,160,105,105,3309.323458,703.3882197,424.9865575,4437.698235
revenue_max,youtube_cmty_3000,2,160,110,110,3335.630542,728.3676518,398.9235531,4462.921747
revenue_max,youtube_cmty_3000,2,160,115,115,3359.130652,749.4803459,373.9142847,4482.525283
revenue_max,youtube_cmty_3000,2,160,120,120,3381.016484,767.3559094,353.4844386,4501.856832
revenue_max,youtube_cmty_3000,2,160,125,125,3402.141085,785.7926922,331.4184601,4519.352237
revenue_max,youtube_cmty_3000,2,160,130,130,3422.478778,805.0902604,313.8125803,4541.381618
revenue_max,youtube_cmty_3000,2,160,135,135,3441.550967,829.3603059,295.8555954,4566.766868
revenue_max,youtube_cmty_3000,2,160,140,140,3459.508534,846.4669057,278.4140969,4584.389536
revenue_max,youtube_cmty_3000,2,160,145,145,3476.436601,867.9613286,263.5812938,4607.979223
revenue_max,youtube_cmty_3000,2,160,150,150,3492.187668,889.3718631,248.5831582,4630.14269
revenue_max,youtube_cmty_3000,2,160,155,155,3506.569019,905.5552959,236.7058626,4648.830178
revenue_max,youtube_cmty_3000,2,160,160,160,3519.637525,921.9102111,225.5216273,4667.069364
revenue_max,youtube_cmty_3000,2,170,0,0,0,0,4253.17342,4253.17342
revenue_max,youtube_cmty_3000,2,170,5,5,882.2220724,60.25038146,3116.971701,4059.444155
revenue_max,youtube_cmty_3000,2,170,10,10,1373.21728,109.9586528,2544.515718,4027.691651
revenue_max,youtube_cmty_3000,2,170,15,15,1699.516083,156.1020312,2176.899238,4032.517352
revenue_max,youtube_cmty_3000,2,170,20,20,1940.753984,198.8663488,1916.001662,4055.621996
revenue_max,youtube_cmty_3000,2,170,25,25,2144.748678,240.2680962,1682.779426,4067.7962
revenue_max,youtube_cmty_3000,2,170,30,30,2307.138194,279.1445472,1507.727417,4094.010159
revenue_max,youtube_cmty_3000,2,170,35,35,2446.792533,315.3327012,1351.51419,4113.639424
revenue_max,youtube_cmty_3000,2,170,40,40,2568.679419,347.9865343,1222.012123,4138.678077
revenue_max,youtube_cmty_3000,2,170,45,45,2679.382784,380.7865439,1096.21054,4156.379868
revenue_max,youtube_cmty_3000,2,170,50,50,2776.555392,414.265316,988.5192835,4179.339991
revenue_max,youtube_cmty_3000,2,170,55,55,2858.613312,448.0021632,897.390381,4204.005857
revenue_max,youtube_cmty_3000,2,170,60,60,2929.680594,479.0219744,824.2028832,4232.905451
revenue_max,youtube_cmty_3000,2,170,65,65,2993.631091,506.8914351,756.898412,4257.420939
revenue_max,youtube_cmty_3000,2,170,70,70,3050.887792,536.6129987,691.4977509,4278.998542
revenue_max,youtube_cmty_3000,2,170,75,75,3101.01556,563.7929168,637.2048498,4302.013327
revenue_max,youtube_cmty_3000,2,170,80,80,3146.066826,589.4424525,592.8546649,4328.363943
revenue_max,youtube_cmty_3000,2,170,85,85,3185.883687,617.7153426,553.5782219,4357.177251
revenue_max,youtube_cmty_3000,2,170,90,90,3221.773852,639.2006023,518.0949399,4379.069394
revenue_max,youtube_cmty_3000,2,170,95,95,3252.553046,659.2436593,490.1130597,4401.909765
revenue_max,youtube_cmty_3000,2,170,100,100,3281.799255,681.6604369,461.8013187,4425.261011
revenue_max,youtube_cmty_3000,2,170,105,105,3309.323458,703.3882197,436.3010002,4449.012678
revenue_max,youtube_cmty_3000,2,170,110,110,3335.630542,728.3676518,409.9748445,4473.973038
revenue_max,youtube_cmty_3000,2,170,115,115,3359.130652,749.4803459,384.3858756,4492.996874
revenue_max,youtube_cmty_3000,2,170,120,120,3381.016484,767.3559094,363.5369496,4511.909343
revenue_max,youtube_cmty_3000,2,170,125,125,3402.141085,785.7926922,341.1442888,4529.078066
revenue_max,youtube_cmty_3000,2,170,130,130,3422.478778,805.0902604,323.2603554,4550.829394
revenue_max,youtube_cmty_3000,2,170,135,135,3441.550967,829.3603059,304.8464473,4575.75772
revenue_max,youtube_cmty_3000,2,170,140,140,3459.508534,846.4669057,286.9411395,4592.916579
revenue_max,youtube_cmty_3000,2,170,145,145,3476.436601,867.9613286,271.6565254,4616.054455
revenue_max,youtube_cmty_3000,2,170,150,150,3492.187668,889.3718631,256.4312898,4637.990821
revenue_max,youtube_cmty_3000,2,170,155,155,3506.569019,905.5552959,244.2775131,4656.401828
revenue_max,youtube_cmty_3000,2,170,160,160,3519.637525,921.9102111,232.8333968,4674.381133
revenue_max,youtube_cmty_3000,2,170,165,165,3532.178641,937.0272391,221.538715,4690.744596
revenue_max,youtube_cmty_3000,2,170,170,170,3543.995572,953.0103442,211.6876675,4708.693583
revenue_max,youtube_cmty_3000,2,180,0,0,0,0,4284.826923,4284.826923
revenue_max,youtube_cmty_3000,2,180,5,5,882.2220724,60.25038146,3144.295804,4086.768258
revenue_max,youtube_cmty_3000,2,180,10,10,1373.21728,109.9586528,2569.918595,4053.094527
revenue_max,youtube_cmty_3000,2,180,15,15,1699.516083,156.1020312,2200.938194,4056.556309
revenue_max,youtube_cmty_3000,2,180,20,20,1940.753984,198.8663488,1939.000204,4078.620537
revenue_max,youtube_cmty_3000,2,180,25,25,2144.748678,240.2680962,1704.833241,4089.850016
revenue_max,youtube_cmty_3000,2,180,30,30,2307.138194,279.1445472,1528.640536,4114.923278
revenue_max,youtube_cmty_3000,2,180,35,35,2446.792533,315.3327012,1371.120059,4133.245293
revenue_max,youtube_cmty_3000,2,180,40,40,2568.679419,347.9865343,1240.969665,4157.635618
revenue_max,youtube_cmty_3000,2,180,45,45,2679.382784,380.7865439,1113.737909,4173.907237
revenue_max,youtube_cmty_3000,2,180,50,50,2776.555392,414.265316,1004.845743,4195.666451
revenue_max,youtube_cmty_3000,2,180,55,55,2858.613312,448.0021632,913.2470029,4219.862479
revenue_max,youtube_cmty_3000,2,180,60,60,2929.680594,479.0219744,839.3493707,4248.051939
revenue_max,youtube_cmty_3000,2,180,65,65,2993.631091,506.8914351,771.4021185,4271.924645
revenue_max,youtube_cmty_3000,2,180,70,70,3050.887792,536.6129987,705.2833186,4292.78411
revenue_max,youtube_cmty_3000,2,180,75,75,3101.01556,563.7929168,650.4794009,4315.287878
revenue_max,youtube_cmty_3000,2,180,80,80,3146.066826,589.4424525,605.6867086,4341.195987
revenue_max,youtube_cmty_3000,2,180,85,85,3185.883687,617.7153426,565.9655977,4369.564627
revenue_max,youtube_cmty_3000,2,180,90,90,3221.773852,639.2006023,529.9317205,4390.906175
revenue_max,youtube_cmty_3000,2,180,95,95,3252.553046,659.2436593,501.6261879,4413.422893
revenue_max,youtube_cmty_3000,2,180,100,100,3281.799255,681.6604369,472.7944078,4436.2541
revenue_max,youtube_cmty_3000,2,180,105,105,3309.323458,703.3882197,446.7932935,4459.504971
revenue_max,youtube_cmty_3000,2,180,110,110,3335.630542,728.3676518,420.2177597,4484.215954
revenue_max,youtube_cmty_3000,2,180,115,115,3359.130652,749.4803459,394.2850823,4502.89608
revenue_max,youtube_cmty_3000,2,180,120,120,3381.016484,767.3559094,373.1849015,4521.557295
revenue_max,youtube_cmty_3000,2,180,125,125,3402.141085,785.7926922,350.4359288,4538.369706
revenue_max,youtube_cmty_3000,2,180,130,130,3422.478778,805.0902604,332.318487,4559.887525
revenue_max,youtube_cmty_3000,2,180,135,135,3441.550967,829.3603059,313.406369,4584.317642
revenue_max,youtube_cmty_3000,2,180,140,140,3459.508534,846.4669057,294.7754214,4600.750861
revenue_max,youtube_cmty_3000,2,180,145,145,3476.436601,867.9613286,279.2541291,4623.652059
revenue_max,youtube_cmty_3000,2,180,150,150,3492.187668,889.3718631,263.8747083,4645.43424
revenue_max,youtube_cmty_3000,2,180,155,155,3506.569019,905.5552959,251.4323471,4663.556662
revenue_max,youtube_cmty_3000,2,180,160,160,3519.637525,921.9102111,239.591596,4681.139333
revenue_max,youtube_cmty_3000,2,180,165,165,3532.178641,937.0272391,227.9586826,4697.164563
revenue_max,youtube_cmty_3000,2,180,170,170,3543.995572,953.0103442,217.8357385,4714.841654
revenue_max,youtube_cmty_3000,2,180,175,175,3555.188122,964.7158554,207.7263334,4727.630311
revenue_max,youtube_cmty_3000,2,180,180,180,3565.872631,980.6937624,197.8183491,4744.384743
revenue_max,youtube_cmty_3000,2,190,0,0,0,0,4314.611082,4314.611082
revenue_max,youtube_cmty_3000,2,190,5,5,882.2220724,60.25038146,3170.305625,4112.778079
revenue_max,youtube_cmty_3000,2,190,10,10,1373.21728,109.9586528,2593.649859,4076.825792
revenue_max,youtube_cmty_3000,2,190,15,15,1699.516083,156.1020312,2223.526097,4079.144211
revenue_max,youtube_cmty_3000,2,190,20,20,1940.753984,198.8663488,1960.478221,4100.098554
revenue_max,youtube_cmty_3000,2,190,25,25,2144.748678,240.2680962,1725.58721,4110.603984
revenue_max,youtube_cmty_3000,2,190,30,30,2307.138194,279.1445472,1548.300948,4134.58369
revenue_max,youtube_cmty_3000,2,190,35,35,2446.792533,315.3327012,1389.62297,4151.748205
revenue_max,youtube_cmty_3000,2,190,40,40,2568.679419,347.9865343,1258.554577,4175.22053
revenue_max,youtube_cmty_3000,2,190,45,45,2679.382784,380.7865439,1130.153692,4190.323021
revenue_max,youtube_cmty_3000,2,190,50,50,2776.555392,414.265316,1020.265409,4211.086117
revenue_max,youtube_cmty_3000,2,190,55,55,2858.613312,448.0021632,928.1452613,4234.760737
revenue_max,youtube_cmty_3000,2,190,60,60,2929.680594,479.0219744,853.6112162,4262.313785
revenue_max,youtube_cmty_3000,2,190,65,65,2993.631091,506.8914351,785.2430835,4285.76561
revenue_max,youtube_cmty_3000,2,190,70,70,3050.887792,536.6129987,718.3771091,4305.8779
revenue_max,youtube_cmty_3000,2,190,75,75,3101.01556,563.7929168,663.1221536,4327.930631
revenue_max,youtube_cmty_3000,2,190,80,80,3146.066826,589.4424525,617.824472,4353.33375
revenue_max,youtube_cmty_3000,2,190,85,85,3185.883687,617.7153426,577.6646036,4381.263633
revenue_max,youtube_cmty_3000,2,190,90,90,3221.773852,639.2006023,541.1378386,4402.112293
revenue_max,youtube_cmty_3000,2,190,95,95,3252.553046,659.2436593,512.3856834,4424.182388
revenue_max,youtube_cmty_3000,2,190,100,100,3281.799255,681.6604369,483.0602787,4446.519971
revenue_max,youtube_cmty_3000,2,190,105,105,3309.323458,703.3882197,456.7404462,4469.452124
revenue_max,youtube_cmty_3000,2,190,110,110,3335.630542,728.3676518,430.0215169,4494.019711
revenue_max,youtube_cmty_3000,2,190,115,115,3359.130652,749.4803459,403.8044239,4512.415422
revenue_max,youtube_cmty_3000,2,190,120,120,3381.016484,767.3559094,382.4311014,4530.803495
revenue_max,youtube_cmty_3000,2,190,125,125,3402.141085,785.7926922,359.4106762,4547.344453
revenue_max,youtube_cmty_3000,2,190,130,130,3422.478778,805.0902604,340.95067,4568.519708
revenue_max,youtube_cmty_3000,2,190,135,135,3441.550967,829.3603059,321.4280434,4592.339316
revenue_max,youtube_cmty_3000,2,190,140,140,3459.508534,846.4669057,302.1657589,4608.141198
revenue_max,youtube_cmty_3000,2,190,145,145,3476.436601,867.9613286,286.404396,4630.802326
revenue_max,youtube_cmty_3000,2,190,150,150,3492.187668,889.3718631,270.86377,4652.423302
revenue_max,youtube_cmty_3000,2,190,155,155,3506.569019,905.5552959,258.1137749,4670.23809
revenue_max,youtube_cmty_3000,2,190,160,160,3519.637525,921.9102111,245.8600449,4687.407781
revenue_max,youtube_cmty_3000,2,190,165,165,3532.178641,937.0272391,234.0670045,4703.272885
revenue_max,youtube_cmty_3000,2,190,170,170,3543.995572,953.0103442,223.8421419,4720.848058
revenue_max,youtube_cmty_3000,2,190,175,175,3555.188122,964.7158554,213.6182851,4733.522263
revenue_max,youtube_cmty_3000,2,190,180,180,3565.872631,980.6937624,203.5110818,4750.077475
revenue_max,youtube_cmty_3000,2,190,185,185,3576.098242,998.7677021,191.8306434,4766.696587
revenue_max,youtube_cmty_3000,2,190,190,190,3585.568731,1012.006859,183.6060678,4781.181658
revenue_max,youtube_cmty_3000,2,200,0,0,0,0,4342.829209,4342.829209
revenue_max,youtube_cmty_3000,2,200,5,5,882.2220724,60.25038146,3194.822493,4137.294947
revenue_max,youtube_cmty_3000,2,200,10,10,1373.21728,109.9586528,2616.255914,4099.431847
revenue_max,youtube_cmty_3000,2,200,15,15,1699.516083,156.1020312,2244.925851,4100.543965
revenue_max,youtube_cmty_3000,2,200,20,20,1940.753984,198.8663488,1980.46123,4120.081563
revenue_max,youtube_cmty_3000,2,200,25,25,2144.748678,240.2680962,1745.119189,4130.135963
revenue_max,youtube_cmty_3000,2,200,30,30,2307.138194,279.1445472,1566.828734,4153.111475
revenue_max,youtube_cmty_3000,2,200,35,35,2446.792533,315.3327012,1406.907381,4169.032616
revenue_max,youtube_cmty_3000,2,200,40,40,2568.679419,347.9865343,1275.124203,4191.790156
revenue_max,youtube_cmty_3000,2,200,45,45,2679.382784,380.7865439,1145.830284,4205.999613
revenue_max,youtube_cmty_3000,2,200,50,50,2776.555392,414.265316,1034.76343,4225.584138
revenue_max,youtube_cmty_3000,2,200,55,55,2858.613312,448.0021632,942.3307727,4248.946248
revenue_max,youtube_cmty_3000,2,200,60,60,2929.680594,479.0219744,867.2644815,4275.96705
revenue_max,youtube_cmty_3000,2,200,65,65,2993.631091,506.8914351,798.3973365,4298.919863
revenue_max,youtube_cmty_3000,2,200,70,70,3050.887792,536.6129987,731.0201789,4318.52097
revenue_max,youtube_cmty_3000,2,200,75,75,3101.01556,563.7929168,675.0458267,4339.854304
revenue_max,youtube_cmty_3000,2,200,80,80,3146.066826,589.4424525,629.3202402,4364.829519
revenue_max,youtube_cmty_3000,2,200,85,85,3185.883687,617.7153426,588.6687887,4392.267818
revenue_max,youtube_cmty_3000,2,200,90,90,3221.773852,639.2006023,551.626936,4412.60139
revenue_max,youtube_cmty_3000,2,200,95,95,3252.553046,659.2436593,522.5464397,4434.343145
revenue_max,youtube_cmty_3000,2,200,100,100,3281.799255,681.6604369,492.9575226,4456.417215
revenue_max,youtube_cmty_3000,2,200,105,105,3309.323458,703.3882197,466.3470735,4479.058751
revenue_max,youtube_cmty_3000,2,200,110,110,3335.630542,728.3676518,439.4576453,4503.455839
revenue_max,youtube_cmty_3000,2,200,115,115,3359.130652,749.4803459,412.9490917,4521.56009
revenue_max,youtube_cmty_3000,2,200,120,120,3381.016484,767.3559094,391.3506053,4539.722998
revenue_max,youtube_cmty_3000,2,200,125,125,3402.141085,785.7926922,367.9619529,4555.89573
revenue_max,youtube_cmty_3000,2,200,130,130,3422.478778,805.0902604,349.0652487,4576.634287
revenue_max,youtube_cmty_3000,2,200,135,135,3441.550967,829.3603059,328.9864516,4599.897724
revenue_max,youtube_cmty_3000,2,200,140,140,3459.508534,846.4669057,309.1595896,4615.135029
revenue_max,youtube_cmty_3000,2,200,145,145,3476.436601,867.9613286,293.0995072,4637.497437
revenue_max,youtube_cmty_3000,2,200,150,150,3492.187668,889.3718631,277.3392327,4658.898764
revenue_max,youtube_cmty_3000,2,200,155,155,3506.569019,905.5552959,264.4135224,4676.537838
revenue_max,youtube_cmty_3000,2,200,160,160,3519.637525,921.9102111,251.9132287,4693.460965
revenue_max,youtube_cmty_3000,2,200,165,165,3532.178641,937.0272391,240.0342496,4709.24013
revenue_max,youtube_cmty_3000,2,200,170,170,3543.995572,953.0103442,229.6713072,4726.677223
revenue_max,youtube_cmty_3000,2,200,175,175,3555.188122,964.7158554,219.3045448,4739.208522
revenue_max,youtube_cmty_3000,2,200,180,180,3565.872631,980.6937624,209.0154542,4755.581848
revenue_max,youtube_cmty_3000,2,200,185,185,3576.098242,998.7677021,197.1264028,4771.992347
revenue_max,youtube_cmty_3000,2,200,190,190,3585.568731,1012.006859,188.7300303,4786.30562
revenue_max,youtube_cmty_3000,2,200,195,195,3594.503731,1027.918426,179.5205382,4801.942696
revenue_max,youtube_cmty_3000,2,200,200,200,3602.594046,1042.097836,168.570136,4813.262017
