problem,instance,n,k,trials,seed,chain_stride,chain_len,opt,top_k_bound,total_bound,dual_bound,dual_bound_S0,dual_best_prefix,greedy,rg_mean,rg_std,rg_min,rg_max,best_found,dual_valid,time_dual_ms,time_rg_ms,time_opt_ms,lp_bound,gamma1_bound,gamma1_noprune,mu2_bound,mu3_bound,lattice_A_size,lattice_B_size,prune_rounds,f_empty,f_V,opt_unconstrained,lattice_opt_unconstrained,lattice_opt_k,time_lp_export_ms,time_lp_ms,time_gamma1_ms,time_mu_ms,marginal_bound,time_marginal_ms,time_hybrid_export_ms,m1_bound,m2_bound,a2_bound,monotone_flag,min_f_a_V_minus_a,time_monotone_ms,hybrid_bound,best_bound,hybrid_status,hybrid_rows,hybrid_cols,time_hybrid_solve_ms,hybrid_certificate,dual_bound_mono,lp_bound_mono,hybrid_bound_mono,best_bound_mono
diverse_rec,movielens_sample20of200_lambda0.5,20,1,1000,0,1,2,9.019434616,9.019434616,160.7807836,9.019434616,9.019434616,0,9.019434616,9.019434616,1.133398167e-06,9.019434616,9.019434616,9.019434616,1,0.025,0.0005,28.182,9.019434616,80.39039178,160.7807836,80.39039178,80.39039178,20,20,1,0,80.39039178,80.39039178,80.39039178,-inf,3.265,0.276,0.009,0.044,9.019434616,0.020,33.115,9.019434616,9.019434616,9.019434616,1,0.5,3.331,9.019434616,9.019434616,optimal,42,60,2.7,pass,9.019434616,9.019434616,9.019434616,9.019434616
diverse_rec,movielens_sample20of200_lambda0.5,20,2,1000,0,1,3,17.44349013,18.00844685,160.7807836,17.44349013,17.44349013,0,17.44349013,16.97984009,0.4760549287,16.47271702,17.44349013,17.44349013,1,0.034,0.0008,28.182,17.92910775,80.39039178,160.7807836,80.39039178,80.39039178,20,20,1,0,80.39039178,80.39039178,80.39039178,-inf,3.265,0.256,0.009,0.044,18.00844685,0.020,33.115,17.44349013,18.00844685,17.44349013,1,0.5,3.331,17.92910775,17.44349013,optimal,61,78,8.1,pass,17.44349013,17.92910775,17.92910775,17.44349013
diverse_rec,movielens_sample20of200_lambda0.5,20,3,1000,0,1,4,24.46712215,25.9602681,160.7807836,25.29529812,25.29529812,0,24.46712215,23.81152458,0.5694730996,22.37405914,24.46712215,24.46712215,1,0.042,0.0012,28.182,25.72978341,80.39039178,160.7807836,80.39039178,80.39039178,20,20,1,0,80.39039178,80.39039178,80.39039178,-inf,3.265,0.254,0.009,0.044,25.9602681,0.020,33.115,25.29529812,25.9602681,25.29529812,1,0.5,3.331,25.72978341,25.29529812,optimal,79,95,5.4,pass,25.29529812,25.72978341,25.72978341,25.29529812
diverse_rec,movielens_sample20of200_lambda0.5,20,4,1000,0,1,5,30.96167043,33.81207609,160.7807836,33.14581754,33.14581754,0,30.96167043,30.23432607,0.5751135511,28.85411457,30.96167043,30.96167043,1,0.049,0.0022,28.182,33.41805412,80.39039178,160.7807836,80.39039178,80.39039178,20,20,1,0,80.39039178,80.39039178,80.39039178,-inf,3.265,0.251,0.009,0.044,33.81207609,0.020,33.115,33.14581754,33.81207609,33.14581754,1,0.5,3.331,33.41805412,33.14581754,optimal,96,111,2.7,pass,33.14581754,33.41805412,33.41805412,33.14581754
diverse_rec,movielens_sample20of200_lambda0.5,20,5,1000,0,1,6,37.00583465,41.6625955,160.7807836,40.96309575,40.96309575,0,37.00583465,36.22630152,0.554603072,34.79305135,37.00583465,37.00583465,1,0.055,0.0022,28.182,41.07764554,80.39039178,160.7807836,80.39039178,80.39039178,20,20,1,0,80.39039178,80.39039178,80.39039178,-inf,3.265,0.259,0.009,0.044,41.6625955,0.020,33.115,40.96309575,41.6625955,40.96309575,1,0.5,3.331,41.07764554,40.96309575,optimal,112,126,4.5,pass,40.96309575,41.07764554,41.07764554,40.96309575
diverse_rec,movielens_sample20of200_lambda0.5,20,6,1000,0,1,7,42.61780675,49.47987372,160.7807836,48.71785946,48.71785946,0,42.61780675,41.7790923,0.5525521617,40.25240479,42.61780675,42.61780675,1,0.062,0.0027,28.182,48.69397339,80.39039178,160.7807836,80.39039178,80.39039178,20,20,1,0,80.39039178,80.39039178,80.39039178,-inf,3.265,0.265,0.009,0.044,49.47987372,0.020,33.115,48.71785946,49.47987372,48.71785946,1,0.5,3.331,48.69397339,48.69397339,optimal,127,140,3.7,pass,48.71785946,48.69397339,48.69397339,48.69397339
diverse_rec,movielens_sample20of200_lambda0.5,20,7,1000,0,1,8,47.83042926,57.24544415,160.7807836,56.43937751,56.43937751,0,47.83042926,46.92266802,0.5626653145,45.3562984,47.83042926,47.83042926,1,0.067,0.0033,28.182,56.25231021,80.39039178,160.7807836,80.39039178,80.39039178,20,20,1,0,80.39039178,80.39039178,80.39039178,-inf,3.265,0.276,0.009,0.044,57.24544415,0.020,33.115,56.43937751,57.24544415,56.43937751,1,0.5,3.331,56.24591649,56.24591649,optimal,141,153,6.8,pass,56.43937751,56.25231021,56.24591649,56.24591649
diverse_rec,movielens_sample20of200_lambda0.5,20,8,1000,0,1,9,52.58982959,65.00020786,160.7807836,63.9394852,63.9394852,0,52.58982959,51.65480782,0.5501898036,49.82619996,52.58982959,52.58982959,1,0.074,0.0047,28.182,63.49214064,80.39039178,160.7807836,80.39039178,80.39039178,20,20,1,0,80.39039178,80.39039178,80.39039178,-inf,3.265,0.272,0.009,0.044,65.00020786,0.020,33.115,63.9394852,65.00020786,63.9394852,1,0.5,3.331,63.48281574,63.48281574,optimal,154,165,5.1,pass,63.9394852,63.49214064,63.48281574,63.48281574
diverse_rec,movielens_sample20of200_lambda0.5,20,9,1000,0,1,10,56.94266958,72.72172592,160.7807836,71.20510078,71.20510078,0,56.94266958,55.90055868,0.5455673848,54.21112267,56.92795066,56.94266958,1,0.079,0.0054,28.182,70.41624758,80.39039178,160.7807836,80.39039178,80.39039178,20,20,1,0,80.39039178,80.39039178,80.39039178,-inf,3.265,0.314,0.009,0.044,72.72172592,0.020,33.115,71.20510078,72.72172592,71.20510078,1,0.5,3.331,70.4125201,70.4125201,optimal,166,176,2.5,pass,71.20510078,70.41624758,70.4125201,70.4125201
diverse_rec,movielens_sample20of200_lambda0.5,20,10,1000,0,1,11,60.95889876,80.2238863,160.7807836,78.10429939,78.10429939,0,60.95889876,59.77311714,0.5636868446,57.97648272,60.95889876,60.95889876,1,0.083,0.0059,28.182,76.92273509,80.39039178,160.7807836,80.39039178,80.39039178,20,20,1,0,80.39039178,80.39039178,80.39039178,-inf,3.265,0.302,0.009,0.044,80.2238863,0.020,33.115,78.10429939,80.2238863,78.10429939,1,0.5,3.331,76.6946216,76.6946216,optimal,177,186,2.9,pass,78.10429939,76.92273509,76.6946216,76.6946216
diverse_rec,movielens_sample20of200_lambda0.5,20,11,1000,0,1,12,64.49061127,87.72399398,160.7807836,80.39039178,80.39039178,9,64.49061127,62.79564395,1.313487412,57.6925839,64.35978593,64.49061127,1,0.087,0.0069,28.182,82.88123226,80.39039178,160.7807836,80.39039178,80.39039178,20,20,1,0,80.39039178,80.39039178,80.39039178,-inf,3.265,0.341,0.009,0.044,87.72399398,0.020,33.115,80.39039178,87.72399398,80.39039178,1,0.5,3.331,77.81247164,77.81247164,optimal,187,195,5.6,pass,80.39039178,79.62537217,77.81247164,77.81247164
diverse_rec,movielens_sample20of200_lambda0.5,20,12,1000,0,1,13,67.70286036,95.1571211,160.7807836,80.39039178,80.39039178,9,67.70286036,64.87279315,2.035137761,57.94738316,67.5645621,67.70286036,1,0.090,0.0080,28.182,85.07792321,80.39039178,160.7807836,80.39039178,80.39039178,20,20,1,0,80.39039178,80.39039178,80.39039178,-inf,3.265,0.299,0.009,0.044,89.07792321,0.020,33.115,80.39039178,89.07792321,80.39039178,1,0.5,3.331,78.05447517,78.05447517,optimal,196,203,4.2,pass,80.39039178,79.62537217,78.05447517,78.05447517
diverse_rec,movielens_sample20of200_lambda0.5,20,13,1000,0,1,14,70.50729874,102.4960865,160.7807836,80.39039178,80.39039178,9,70.50729874,66.07473288,2.680877008,54.89155389,70.25005496,70.50729874,1,0.093,0.0076,28.182,83.27348482,80.39039178,160.7807836,80.39039178,80.39039178,20,20,1,0,80.39039178,80.39039178,80.39039178,-inf,3.265,0.295,0.009,0.044,86.77348482,0.020,33.115,80.39039178,86.77348482,80.39039178,1,0.5,3.331,78.28646276,78.28646276,optimal,204,210,2.9,pass,80.39039178,79.62537217,78.28646276,78.28646276
diverse_rec,movielens_sample20of200_lambda0.5,20,14,1000,0,1,15,72.90201647,109.7617021,160.7807836,80.39039178,80.39039178,9,72.89232889,66.98491963,3.011955493,55.26451047,72.78311608,72.90201647,1,0.096,0.0085,28.182,81.88845468,80.39039178,160.7807836,80.39039178,80.39039178,20,20,1,0,80.39039178,80.39039178,80.39039178,-inf,3.265,0.318,0.009,0.044,84.88845468,0.020,33.115,80.39039178,84.88845468,80.39039178,1,0.5,3.331,78.53314512,78.53314512,optimal,211,216,2.9,pass,80.39039178,79.62537217,78.53314512,78.53314512
diverse_rec,movielens_sample20of200_lambda0.5,20,15,1000,0,1,16,74.97660087,116.8911433,160.7807836,80.39039178,80.39039178,9,74.95102144,67.41371126,3.339748711,55.36968489,74.76486064,74.97660087,1,0.098,0.0103,28.182,80.82976213,80.39039178,160.7807836,80.39039178,80.39039178,20,20,1,0,80.39039178,80.39039178,80.39039178,-inf,3.265,0.330,0.009,0.044,83.32976213,0.020,33.115,80.39039178,83.32976213,80.39039178,1,0.5,3.331,78.78518455,78.78518455,optimal,217,221,6.8,pass,80.39039178,79.62537217,78.78518455,78.78518455
diverse_rec,movielens_sample20of200_lambda0.5,20,16,1000,0,1,17,76.74758085,123.9447154,160.7807836,80.39039178,80.39039178,9,76.68100433,67.98062379,3.519158782,55.13041111,76.477532,76.74758085,1,0.101,0.0093,28.182,80.09977924,80.39039178,160.7807836,80.39039178,80.39039178,20,20,1,0,80.39039178,80.39039178,80.39039178,-inf,3.265,0.305,0.009,0.044,82.09977924,0.020,33.115,80.39039178,82.09977924,80.39039178,1,0.5,3.331,79.04389195,79.04389195,optimal,222,225,1.6,pass,80.39039178,79.62537217,79.04389195,79.04389195
diverse_rec,movielens_sample20of200_lambda0.5,20,17,1000,0,1,18,78.11994886,130.9692343,160.7807836,80.39039178,80.39039178,9,78.11994886,68.21998008,3.800724635,54.02247504,77.96543437,78.11994886,1,0.103,0.0112,28.182,79.6608347,80.39039178,160.7807836,80.39039178,80.39039178,20,20,1,0,80.39039178,80.39039178,80.39039178,-inf,3.265,0.300,0.009,0.044,81.1608347,0.020,33.115,80.39039178,81.1608347,80.39039178,1,0.5,3.331,79.2762448,79.2762448,optimal,226,228,1.6,pass,80.39039178,79.62537217,79.2762448,79.2762448
diverse_rec,movielens_sample20of200_lambda0.5,20,18,1000,0,1,19,79.1554114,137.8684329,160.7807836,80.39039178,80.39039178,9,79.1554114,68.12590786,4.021472686,53.7026828,77.72632801,79.1554114,1,0.105,0.0104,28.182,79.62537217,80.39039178,160.7807836,80.39039178,80.39039178,20,20,1,0,80.39039178,80.39039178,80.39039178,-inf,3.265,0.316,0.009,0.044,80.62537217,0.020,33.115,80.39039178,80.62537217,80.39039178,1,0.5,3.331,79.55024665,79.55024665,optimal,229,230,1.4,pass,80.39039178,79.62537217,79.55024665,79.55024665
diverse_rec,movielens_sample20of200_lambda0.5,20,19,1000,0,1,20,79.89039178,144.4634514,160.7807836,80.39039178,80.39039178,9,79.89039178,68.30683081,4.119695661,53.76652458,77.9217851,79.89039178,1,0.107,0.0125,28.182,79.89039178,80.39039178,160.7807836,80.39039178,80.39039178,20,20,1,0,80.39039178,80.39039178,80.39039178,-inf,3.265,0.333,0.009,0.044,80.39039178,0.020,33.115,80.39039178,80.39039178,80.39039178,1,0.5,3.331,79.89039178,79.89039178,optimal,231,231,4.8,pass,80.39039178,79.89039178,79.89039178,79.89039178
diverse_rec,movielens_sample20of200_lambda0.5,20,20,1000,0,1,21,80.39039178,150.7807836,160.7807836,80.39039178,80.39039178,9,80.39039178,68.29542665,4.221476697,49.79970497,79.06159679,80.39039178,1,0.108,0.0117,28.182,80.39039178,80.39039178,160.7807836,80.39039178,80.39039178,20,20,1,0,80.39039178,80.39039178,80.39039178,80.39039178,3.265,0.306,0.009,0.044,80.39039178,0.020,33.115,80.39039178,80.39039178,80.39039178,1,0.5,3.331,80.39039178,80.39039178,optimal,232,231,3.0,pass,80.39039178,80.39039178,80.39039178,80.39039178
diverse_rec,movielens_sample20of200_lambda0.5,20,1,1000,1,1,2,9.28657435,9.28657435,164.2238034,9.28657435,9.28657435,0,9.28657435,9.28657435,0,9.28657435,9.28657435,9.28657435,1,0.026,0.0005,22.119,9.28657435,82.11190169,164.2238034,82.11190169,82.11190169,20,20,1,0,82.11190169,82.11190169,82.11190169,-inf,4.526,0.258,0.008,0.040,9.28657435,0.021,28.527,9.28657435,9.28657435,9.28657435,1,0.5,0.621,9.28657435,9.28657435,optimal,42,60,1.4,pass,9.28657435,9.28657435,9.28657435,9.28657435
diverse_rec,movielens_sample20of200_lambda0.5,20,2,1000,1,1,3,17.4338746,17.97702199,164.2238034,17.9477553,17.9477553,0,17.4338746,17.28203643,0.2297365334,16.89177687,17.4338746,17.4338746,1,0.035,0.0009,22.119,17.93409483,82.11190169,164.2238034,82.11190169,82.11190169,20,20,1,0,82.11190169,82.11190169,82.11190169,-inf,4.526,0.271,0.008,0.040,17.97702199,0.021,28.527,17.9477553,17.97702199,17.9477553,1,0.5,0.621,17.93409483,17.93409483,optimal,61,78,1.4,pass,17.9477553,17.93409483,17.93409483,17.93409483
diverse_rec,movielens_sample20of200_lambda0.5,20,3,1000,1,1,4,25.09713639,26.63820293,164.2238034,26.56229182,26.56229182,0,25.01708565,24.74503788,0.3395129515,24.0551904,25.09713639,25.09713639,1,0.043,0.0014,22.119,26.54570321,82.11190169,164.2238034,82.11190169,82.11190169,20,20,1,0,82.11190169,82.11190169,82.11190169,-inf,4.526,0.259,0.008,0.040,26.63820293,0.021,28.527,26.56229182,26.63820293,26.56229182,1,0.5,0.621,26.54570321,26.54570321,optimal,79,95,1.0,pass,26.56229182,26.54570321,26.54570321,26.54570321
diverse_rec,movielens_sample20of200_lambda0.5,20,4,1000,1,1,5,32.16006253,35.25273946,164.2238034,34.89252941,34.89252941,0,32.16006253,31.54355306,0.3735497182,30.63982879,32.16006253,32.16006253,1,0.050,0.0019,22.119,34.97114905,82.11190169,164.2238034,82.11190169,82.11190169,20,20,1,0,82.11190169,82.11190169,82.11190169,-inf,4.526,0.273,0.008,0.040,35.25273946,0.021,28.527,34.89252941,35.25273946,34.89252941,1,0.5,0.621,34.97114905,34.89252941,optimal,96,111,2.4,pass,34.89252941,34.97114905,34.97114905,34.89252941
diverse_rec,movielens_sample20of200_lambda0.5,20,5,1000,1,1,6,38.46488372,43.58297705,164.2238034,43.16039807,43.16039807,0,38.46488372,37.79085456,0.3931632882,36.64997736,38.46488372,38.46488372,1,0.056,0.0024,22.119,43.10223352,82.11190169,164.2238034,82.11190169,82.11190169,20,20,1,0,82.11190169,82.11190169,82.11190169,-inf,4.526,0.283,0.008,0.040,43.58297705,0.021,28.527,43.16039807,43.58297705,43.16039807,1,0.5,0.621,43.10223352,43.10223352,optimal,112,126,1.3,pass,43.16039807,43.10223352,43.10223352,43.10223352
diverse_rec,movielens_sample20of200_lambda0.5,20,6,1000,1,1,7,44.32216354,51.8508457,164.2238034,51.23591887,51.23591887,0,44.32216354,43.52940181,0.4532402957,42.16573399,44.32216354,44.32216354,1,0.062,0.0034,22.119,51.0126228,82.11190169,164.2238034,82.11190169,82.11190169,20,20,1,0,82.11190169,82.11190169,82.11190169,-inf,4.526,0.306,0.008,0.040,51.8508457,0.021,28.527,51.23591887,51.8508457,51.23591887,1,0.5,0.621,51.0126228,51.0126228,optimal,127,140,2.4,pass,51.23591887,51.0126228,51.0126228,51.0126228
diverse_rec,movielens_sample20of200_lambda0.5,20,7,1000,1,1,8,49.73220027,59.93235146,164.2238034,59.04653207,59.04653207,0,49.73220027,48.67780757,0.492721988,47.22667736,49.73220027,49.73220027,1,0.068,0.0046,22.119,58.64665503,82.11190169,164.2238034,82.11190169,82.11190169,20,20,1,0,82.11190169,82.11190169,82.11190169,-inf,4.526,0.284,0.008,0.040,59.93235146,0.021,28.527,59.04653207,59.93235146,59.04653207,1,0.5,0.621,58.64665503,58.64665503,optimal,141,153,3.6,pass,59.04653207,58.64665503,58.64665503,58.64665503
diverse_rec,movielens_sample20of200_lambda0.5,20,8,1000,1,1,9,54.64506029,68.00787226,164.2238034,66.65694961,66.65694961,0,54.64506029,53.34775956,0.5589187147,51.50845295,54.64506029,54.64506029,1,0.075,0.0045,22.119,65.90345666,82.11190169,164.2238034,82.11190169,82.11190169,20,20,1,0,82.11190169,82.11190169,82.11190169,-inf,4.526,0.293,0.008,0.040,68.00787226,0.021,28.527,66.65694961,68.00787226,66.65694961,1,0.5,0.621,65.87963442,65.87963442,optimal,154,165,3.4,pass,66.65694961,65.90345666,65.87963442,65.87963442
diverse_rec,movielens_sample20of200_lambda0.5,20,9,1000,1,1,10,59.11716349,75.84795367,164.2238034,74.07081838,74.07081838,0,59.11716349,57.62995339,0.5924498553,54.84087609,59.04653207,59.11716349,1,0.080,0.0052,22.119,72.71937196,82.11190169,164.2238034,82.11190169,82.11190169,20,20,1,0,82.11190169,82.11190169,82.11190169,-inf,4.526,0.299,0.008,0.040,75.84795367,0.021,28.527,74.07081838,75.84795367,74.07081838,1,0.5,0.621,72.71087656,72.71087656,optimal,166,176,4.9,pass,74.07081838,72.71937196,72.71087656,72.71087656
diverse_rec,movielens_sample20of200_lambda0.5,20,10,1000,1,1,11,63.06909535,83.64361785,164.2238034,80.89439937,80.89439937,0,63.06909535,61.42031864,0.624400161,59.50339726,62.81991421,63.06909535,1,0.084,0.0055,22.119,78.79881184,82.11190169,164.2238034,82.11190169,82.11190169,20,20,1,0,82.11190169,82.11190169,82.11190169,-inf,4.526,0.326,0.008,0.040,83.64361785,0.021,28.527,80.89439937,83.64361785,80.89439937,1,0.5,0.621,78.56078576,78.56078576,optimal,177,186,3.8,pass,80.89439937,78.79881184,78.56078576,78.56078576
diverse_rec,movielens_sample20of200_lambda0.5,20,11,1000,1,1,12,66.65444364,91.34683468,164.2238034,82.11190169,82.11190169,5,66.65444364,64.53333363,1.257151992,59.35855178,66.43055419,66.65444364,1,0.090,0.0061,22.119,84.21151421,82.11190169,164.2238034,82.11190169,82.11190169,20,20,1,0,82.11190169,82.11190169,82.11190169,-inf,4.526,0.337,0.008,0.040,91.34683468,0.021,28.527,82.11190169,91.34683468,82.11190169,1,0.5,0.621,79.53050592,79.53050592,optimal,187,195,2.6,pass,82.11190169,81.31023554,79.53050592,79.53050592
diverse_rec,movielens_sample20of200_lambda0.5,20,12,1000,1,1,13,69.75282879,98.95725222,164.2238034,82.11190169,82.11190169,5,69.75282879,66.37864011,2.139097551,59.26824779,69.50128101,69.75282879,1,0.094,0.0069,22.119,86.47097459,82.11190169,164.2238034,82.11190169,82.11190169,20,20,1,0,82.11190169,82.11190169,82.11190169,-inf,4.526,0.293,0.008,0.040,90.47097459,0.021,28.527,82.11190169,90.47097459,82.11190169,1,0.5,0.621,79.77463051,79.77463051,optimal,196,203,3.2,pass,82.11190169,81.31023554,79.77463051,79.77463051
diverse_rec,movielens_sample20of200_lambda0.5,20,13,1000,1,1,14,72.47064629,106.4354075,164.2238034,82.11190169,82.11190169,5,72.47064629,67.55226063,2.738511972,56.81777074,72.22323989,72.47064629,1,0.097,0.0076,22.119,84.75315709,82.11190169,164.2238034,82.11190169,82.11190169,20,20,1,0,82.11190169,82.11190169,82.11190169,-inf,4.526,0.342,0.008,0.040,88.25315709,0.021,28.527,82.11190169,88.25315709,82.11190169,1,0.5,0.621,80.01984871,80.01984871,optimal,204,210,1.8,pass,82.11190169,81.31023554,80.01984871,80.01984871
diverse_rec,movielens_sample20of200_lambda0.5,20,14,1000,1,1,15,74.88984347,113.8492763,164.2238034,82.11190169,82.11190169,5,74.87816586,68.51037365,3.196398469,56.42460903,74.60167096,74.88984347,1,0.100,0.0096,22.119,83.34563752,82.11190169,164.2238034,82.11190169,82.11190169,20,20,1,0,82.11190169,82.11190169,82.11190169,-inf,4.526,0.366,0.008,0.040,86.34563752,0.021,28.527,82.11190169,86.34563752,82.11190169,1,0.5,0.621,80.26329473,80.26329473,optimal,211,216,2.2,pass,82.11190169,81.31023554,80.26329473,80.26329473
diverse_rec,movielens_sample20of200_lambda0.5,20,15,1000,1,1,16,76.95631821,120.9922827,164.2238034,82.11190169,82.11190169,5,76.95631821,69.07035261,3.311656684,55.73003394,76.23940407,76.95631821,1,0.102,0.0084,22.119,82.26748516,82.11190169,164.2238034,82.11190169,82.11190169,20,20,1,0,82.11190169,82.11190169,82.11190169,-inf,4.526,0.370,0.008,0.040,84.76748516,0.021,28.527,82.11190169,84.76748516,82.11190169,1,0.5,0.621,80.4863514,80.4863514,optimal,217,221,1.7,pass,82.11190169,81.31023554,80.4863514,80.4863514
diverse_rec,movielens_sample20of200_lambda0.5,20,16,1000,1,1,17,78.64523942,127.9958885,164.2238034,82.11190169,82.11190169,5,78.64523942,69.27439381,3.549838298,54.28620627,78.00971755,78.64523942,1,0.105,0.0093,22.119,81.57856396,82.11190169,164.2238034,82.11190169,82.11190169,20,20,1,0,82.11190169,82.11190169,82.11190169,-inf,4.526,0.316,0.008,0.040,83.57856396,0.021,28.527,82.11190169,83.57856396,82.11190169,1,0.5,0.621,80.71464872,80.71464872,optimal,222,225,1.6,pass,82.11190169,81.31023554,80.71464872,80.71464872
diverse_rec,movielens_sample20of200_lambda0.5,20,17,1000,1,1,18,79.91356784,134.8970774,164.2238034,82.11190169,82.11190169,5,79.91356784,69.51885208,3.802363662,55.08447161,78.45647704,79.91356784,1,0.107,0.0098,22.119,81.31023554,82.11190169,164.2238034,82.11190169,82.11190169,20,20,1,0,82.11190169,82.11190169,82.11190169,-inf,4.526,0.343,0.008,0.040,82.81023554,0.021,28.527,82.11190169,82.81023554,82.11190169,1,0.5,0.621,80.97723706,80.97723706,optimal,226,228,5.1,pass,82.11190169,81.31023554,80.97723706,80.97723706
diverse_rec,movielens_sample20of200_lambda0.5,20,18,1000,1,1,19,80.89862323,141.7206584,164.2238034,82.11190169,82.11190169,5,80.89862323,69.61797391,3.984318289,54.61443165,78.44744983,80.89862323,1,0.109,0.0166,22.119,81.32518015,82.11190169,164.2238034,82.11190169,82.11190169,20,20,1,0,82.11190169,82.11190169,82.11190169,-inf,4.526,0.316,0.008,0.040,82.32518015,0.021,28.527,82.11190169,82.32518015,82.11190169,1,0.5,0.621,81.26140744,81.26140744,optimal,229,230,1.4,pass,82.11190169,81.32518015,81.26140744,81.26140744
diverse_rec,movielens_sample20of200_lambda0.5,20,19,1000,1,1,20,81.61190169,148.0684869,164.2238034,82.11190169,82.11190169,5,81.61190169,69.68965881,4.291890466,54.94254369,79.65723141,81.61190169,1,0.111,0.0114,22.119,81.61190169,82.11190169,164.2238034,82.11190169,82.11190169,20,20,1,0,82.11190169,82.11190169,82.11190169,-inf,4.526,0.341,0.008,0.040,82.11190169,0.021,28.527,82.11190169,82.11190169,82.11190169,1,0.5,0.621,81.61190169,81.61190169,optimal,231,231,2.9,pass,82.11190169,81.61190169,81.61190169,81.61190169
diverse_rec,movielens_sample20of200_lambda0.5,20,20,1000,1,1,21,82.11190169,154.2238034,164.2238034,82.11190169,82.11190169,5,82.11190169,69.5432708,4.328642097,53.70932583,79.09979277,82.11190169,1,0.112,0.0115,22.119,82.11190169,82.11190169,164.2238034,82.11190169,82.11190169,20,20,1,0,82.11190169,82.11190169,82.11190169,82.11190169,4.526,0.340,0.008,0.040,82.11190169,0.021,28.527,82.11190169,82.11190169,82.11190169,1,0.5,0.621,82.11190169,82.11190169,optimal,232,231,0.8,pass,82.11190169,82.11190169,82.11190169,82.11190169
diverse_rec,movielens_sample20of200_lambda0.5,20,1,1000,2,1,2,9.007074946,9.007074946,160.3721489,9.007074946,9.007074946,0,9.007074946,9.007074946,0,9.007074946,9.007074946,9.007074946,1,0.035,0.0005,30.587,9.007074946,80.18607444,160.3721489,80.18607444,80.18607444,20,20,1,0,80.18607444,80.18607444,80.18607444,-inf,11.172,0.291,0.010,0.043,9.007074946,0.026,34.756,9.007074946,9.007074946,9.007074946,1,0.5,1.640,9.007074946,9.007074946,optimal,42,60,1.6,pass,9.007074946,9.007074946,9.007074946,9.007074946
diverse_rec,movielens_sample20of200_lambda0.5,20,2,1000,2,1,3,17.41629024,17.98571089,160.3721489,17.4505698,17.4505698,0,17.41629024,17.1608599,0.266758598,16.86316584,17.41629024,17.41629024,1,0.049,0.0009,30.587,17.94224155,80.18607444,160.3721489,80.18607444,80.18607444,20,20,1,0,80.18607444,80.18607444,80.18607444,-inf,11.172,0.254,0.010,0.043,17.98571089,0.026,34.756,17.4505698,17.98571089,17.4505698,1,0.5,1.640,17.94224155,17.4505698,optimal,61,78,1.6,pass,17.4505698,17.94224155,17.94224155,17.4505698
diverse_rec,movielens_sample20of200_lambda0.5,20,3,1000,2,1,4,24.79199119,26.42920575,160.3721489,25.81066339,25.81066339,0,24.79199119,24.46947039,0.2781043666,23.7370057,24.79199119,24.79199119,1,0.060,0.0013,30.587,26.28360742,80.18607444,160.3721489,80.18607444,80.18607444,20,20,1,0,80.18607444,80.18607444,80.18607444,-inf,11.172,0.268,0.010,0.043,26.42920575,0.026,34.756,25.81066339,26.42920575,25.81066339,1,0.5,1.640,26.28360742,25.81066339,optimal,79,95,0.9,pass,25.81066339,26.28360742,26.28360742,25.81066339
diverse_rec,movielens_sample20of200_lambda0.5,20,4,1000,2,1,5,31.69208148,34.78929933,160.3721489,34.16199712,34.16199712,0,31.69208148,31.0828094,0.4206962854,29.89581533,31.69208148,31.69208148,1,0.071,0.0020,30.587,34.55664729,80.18607444,160.3721489,80.18607444,80.18607444,20,20,1,0,80.18607444,80.18607444,80.18607444,-inf,11.172,0.297,0.010,0.043,34.78929933,0.026,34.756,34.16199712,34.78929933,34.16199712,1,0.5,1.640,34.55664729,34.16199712,optimal,96,111,2.8,pass,34.16199712,34.55664729,34.55664729,34.16199712
diverse_rec,movielens_sample20of200_lambda0.5,20,5,1000,2,1,6,38.03057473,43.14063306,160.3721489,42.0571486,42.0571486,0,38.03057473,37.12653825,0.466331617,35.58578441,38.03057473,38.03057473,1,0.081,0.0029,30.587,42.43532174,80.18607444,160.3721489,80.18607444,80.18607444,20,20,1,0,80.18607444,80.18607444,80.18607444,-inf,11.172,0.275,0.010,0.043,43.14063306,0.026,34.756,42.0571486,43.14063306,42.0571486,1,0.5,1.640,42.43532174,42.0571486,optimal,112,126,1.2,pass,42.0571486,42.43532174,42.43532174,42.0571486
diverse_rec,movielens_sample20of200_lambda0.5,20,6,1000,2,1,7,43.68727721,51.03578455,160.3721489,49.84146023,49.84146023,0,43.68727721,42.60824373,0.5275134095,40.59199228,43.68727721,43.68727721,1,0.090,0.0028,30.587,49.97004085,80.18607444,160.3721489,80.18607444,80.18607444,20,20,1,0,80.18607444,80.18607444,80.18607444,-inf,11.172,0.304,0.010,0.043,51.03578455,0.026,34.756,49.84146023,51.03578455,49.84146023,1,0.5,1.640,49.97004085,49.84146023,optimal,127,140,1.3,pass,49.84146023,49.97004085,49.97004085,49.84146023
diverse_rec,movielens_sample20of200_lambda0.5,20,7,1000,2,1,8,48.90598694,58.8749889,160.3721489,57.58524637,57.58524637,0,48.90598694,47.62403992,0.5955565894,45.31372841,48.90598694,48.90598694,1,0.101,0.0034,30.587,57.39524551,80.18607444,160.3721489,80.18607444,80.18607444,20,20,1,0,80.18607444,80.18607444,80.18607444,-inf,11.172,0.307,0.010,0.043,58.8749889,0.026,34.756,57.58524637,58.8749889,57.58524637,1,0.5,1.640,57.37453907,57.37453907,optimal,141,153,2.6,pass,57.58524637,57.39524551,57.37453907,57.37453907
diverse_rec,movielens_sample20of200_lambda0.5,20,8,1000,2,1,9,53.60473003,66.65930053,160.3721489,64.89548911,64.89548911,0,53.60473003,52.14758094,0.669297203,50.01919629,53.60473003,53.60473003,1,0.108,0.0044,30.587,64.2428019,80.18607444,160.3721489,80.18607444,80.18607444,20,20,1,0,80.18607444,80.18607444,80.18607444,-inf,11.172,0.286,0.010,0.043,66.65930053,0.026,34.756,64.89548911,66.65930053,64.89548911,1,0.5,1.640,64.21900916,64.21900916,optimal,154,165,2.2,pass,64.89548911,64.2428019,64.21900916,64.21900916
diverse_rec,movielens_sample20of200_lambda0.5,20,9,1000,2,1,10,57.89983637,74.40308667,160.3721489,71.99300792,71.99300792,0,57.89304123,56.20859993,0.6670096359,54.00448403,57.89304123,57.89983637,1,0.115,0.0056,30.587,70.57685135,80.18607444,160.3721489,80.18607444,80.18607444,20,20,1,0,80.18607444,80.18607444,80.18607444,-inf,11.172,0.314,0.010,0.043,74.40308667,0.026,34.756,71.99300792,74.40308667,71.99300792,1,0.5,1.640,70.55417606,70.55417606,optimal,166,176,4.2,pass,71.99300792,70.57685135,70.55417606,70.55417606
diverse_rec,movielens_sample20of200_lambda0.5,20,10,1000,2,1,11,61.81398132,81.87397301,160.3721489,78.6589078,78.6589078,0,61.80810807,59.93483369,0.6779693201,57.79129112,61.70505228,61.81398132,1,0.121,0.0064,30.587,76.52873709,80.18607444,160.3721489,80.18607444,80.18607444,20,20,1,0,80.18607444,80.18607444,80.18607444,-inf,11.172,0.324,0.010,0.043,81.87397301,0.026,34.756,78.6589078,81.87397301,78.6589078,1,0.5,1.640,76.40936689,76.40936689,optimal,177,186,3.6,pass,78.6589078,76.52873709,76.40936689,76.40936689
diverse_rec,movielens_sample20of200_lambda0.5,20,11,1000,2,1,12,65.27434356,89.18421575,160.3721489,80.18607444,80.18607444,4,65.27434356,62.90337926,1.277983428,57.41319154,65.10772368,65.27434356,1,0.130,0.0066,30.587,81.81825333,80.18607444,160.3721489,80.18607444,80.18607444,20,20,1,0,80.18607444,80.18607444,80.18607444,-inf,11.172,0.335,0.010,0.043,89.18421575,0.026,34.756,80.18607444,89.18421575,80.18607444,1,0.5,1.640,77.57219742,77.57219742,optimal,187,195,3.3,pass,80.18607444,79.34103327,77.57219742,77.57219742
diverse_rec,movielens_sample20of200_lambda0.5,20,12,1000,2,1,13,68.22009463,96.38551869,160.3721489,80.18607444,80.18607444,4,68.22009463,64.71070898,2.051186964,57.90827359,67.93465199,68.22009463,1,0.135,0.0077,30.587,84.15205425,80.18607444,160.3721489,80.18607444,80.18607444,20,20,1,0,80.18607444,80.18607444,80.18607444,-inf,11.172,0.322,0.010,0.043,88.15205425,0.026,34.756,80.18607444,88.15205425,80.18607444,1,0.5,1.640,77.82804208,77.82804208,optimal,196,203,3.5,pass,80.18607444,79.34103327,77.82804208,77.82804208
diverse_rec,movielens_sample20of200_lambda0.5,20,13,1000,2,1,14,70.87856448,103.5283277,160.3721489,80.18607444,80.18607444,4,70.87856448,66.0294599,2.668653385,57.12816816,70.6575347,70.87856448,1,0.140,0.0080,30.587,82.4935844,80.18607444,160.3721489,80.18607444,80.18607444,20,20,1,0,80.18607444,80.18607444,80.18607444,-inf,11.172,0.326,0.010,0.043,85.9935844,0.026,34.756,80.18607444,85.9935844,80.18607444,1,0.5,1.640,78.05504016,78.05504016,optimal,204,210,1.8,pass,80.18607444,79.34103327,78.05504016,78.05504016
diverse_rec,movielens_sample20of200_lambda0.5,20,14,1000,2,1,15,73.11479158,110.6258465,160.3721489,80.18607444,80.18607444,4,73.10979205,66.78296084,3.052825907,57.43761051,72.91183875,73.11479158,1,0.145,0.0098,30.587,81.26235682,80.18607444,160.3721489,80.18607444,80.18607444,20,20,1,0,80.18607444,80.18607444,80.18607444,-inf,11.172,0.296,0.010,0.043,84.26235682,0.026,34.756,80.18607444,84.26235682,80.18607444,1,0.5,1.640,78.30858867,78.30858867,optimal,211,216,1.8,pass,80.18607444,79.34103327,78.30858867,78.30858867
diverse_rec,movielens_sample20of200_lambda0.5,20,15,1000,2,1,16,75.05268106,117.6784783,160.3721489,80.18607444,80.18607444,4,75.05268106,67.3198771,3.332941531,52.93736993,74.83771544,75.05268106,1,0.149,0.0095,30.587,80.31946782,80.18607444,160.3721489,80.18607444,80.18607444,20,20,1,0,80.18607444,80.18607444,80.18607444,-inf,11.172,0.322,0.010,0.043,82.81946782,0.026,34.756,80.18607444,82.81946782,80.18607444,1,0.5,1.640,78.55771833,78.55771833,optimal,217,221,3.3,pass,80.18607444,79.34103327,78.55771833,78.55771833
diverse_rec,movielens_sample20of200_lambda0.5,20,16,1000,2,1,17,76.69904033,124.5680944,160.3721489,80.18607444,80.18607444,4,76.69904033,67.57626254,3.662539306,50.32344591,76.23594109,76.69904033,1,0.152,0.0115,30.587,79.67310855,80.18607444,160.3721489,80.18607444,80.18607444,20,20,1,0,80.18607444,80.18607444,80.18607444,-inf,11.172,0.320,0.010,0.043,81.67310855,0.026,34.756,80.18607444,81.67310855,80.18607444,1,0.5,1.640,78.80655098,78.80655098,optimal,222,225,1.6,pass,80.18607444,79.34103327,78.80655098,78.80655098
diverse_rec,movielens_sample20of200_lambda0.5,20,17,1000,2,1,18,78.0311156,131.4153788,160.3721489,80.18607444,80.18607444,4,78.0311156,68.01825359,3.67079921,53.62011181,77.42932001,78.0311156,1,0.156,0.0102,30.587,79.34103327,80.18607444,160.3721489,80.18607444,80.18607444,20,20,1,0,80.18607444,80.18607444,80.18607444,-inf,11.172,0.337,0.010,0.043,80.84103327,0.026,34.756,80.18607444,80.84103327,80.18607444,1,0.5,1.640,79.04666273,79.04666273,optimal,226,228,4.9,pass,80.18607444,79.34103327,79.04666273,79.04666273
diverse_rec,movielens_sample20of200_lambda0.5,20,18,1000,2,1,19,79.0197615,138.0812787,160.3721489,80.18607444,80.18607444,4,79.0197615,68.06762315,4.035366782,53.45693207,76.56963286,79.0197615,1,0.158,0.0127,30.587,79.35238737,80.18607444,160.3721489,80.18607444,80.18607444,20,20,1,0,80.18607444,80.18607444,80.18607444,-inf,11.172,0.298,0.010,0.043,80.35238737,0.026,34.756,80.18607444,80.35238737,80.18607444,1,0.5,1.640,79.31087536,79.31087536,optimal,229,230,1.6,pass,80.18607444,79.35238737,79.31087536,79.31087536
diverse_rec,movielens_sample20of200_lambda0.5,20,19,1000,2,1,20,79.68607444,144.4079822,160.3721489,80.18607444,80.18607444,4,79.68607444,67.9922898,4.066638193,50.24985776,77.59332355,79.68607444,1,0.161,0.0144,30.587,79.68607444,80.18607444,160.3721489,80.18607444,80.18607444,20,20,1,0,80.18607444,80.18607444,80.18607444,-inf,11.172,0.336,0.010,0.043,80.18607444,0.026,34.756,80.18607444,80.18607444,80.18607444,1,0.5,1.640,79.68607444,79.68607444,optimal,231,231,3.4,pass,80.18607444,79.68607444,79.68607444,79.68607444
diverse_rec,movielens_sample20of200_lambda0.5,20,20,1000,2,1,21,80.18607444,150.3721489,160.3721489,80.18607444,80.18607444,4,80.18607444,68.01629906,4.456225898,50.40966315,78.92400994,80.18607444,1,0.163,0.0134,30.587,80.18607444,80.18607444,160.3721489,80.18607444,80.18607444,20,20,1,0,80.18607444,80.18607444,80.18607444,80.18607444,11.172,0.330,0.010,0.043,80.18607444,0.026,34.756,80.18607444,80.18607444,80.18607444,1,0.5,1.640,80.18607444,80.18607444,optimal,232,231,0.8,pass,80.18607444,80.18607444,80.18607444,80.18607444
diverse_rec,movielens_sample20of200_lambda0.5,20,1,1000,3,1,2,8.744091739,8.744091739,157.4958794,8.744091739,8.744091739,0,8.744091739,8.744091739,0,8.744091739,8.744091739,8.744091739,1,0.032,0.0005,31.251,8.744091739,78.74793972,157.4958794,78.74793972,78.74793972,20,20,1,0,78.74793972,78.74793972,78.74793972,-inf,9.309,0.293,0.009,0.039,8.744091739,0.022,45.142,8.744091739,8.744091739,8.744091739,1,0.5,2.218,8.744091739,8.744091739,optimal,42,60,0.7,pass,8.744091739,8.744091739,8.744091739,8.744091739
diverse_rec,movielens_sample20of200_lambda0.5,20,2,1000,3,1,3,16.23950332,16.84457711,157.4958794,16.72417991,16.72417991,0,16.23950332,16.0426361,0.3035352254,15.53184641,16.23950332,16.23950332,1,0.045,0.0008,31.251,16.78373992,78.74793972,157.4958794,78.74793972,78.74793972,20,20,1,0,78.74793972,78.74793972,78.74793972,-inf,9.309,0.289,0.009,0.039,16.84457711,0.022,45.142,16.72417991,16.84457711,16.72417991,1,0.5,2.218,16.78373992,16.72417991,optimal,61,78,0.8,pass,16.72417991,16.78373992,16.78373992,16.72417991
diverse_rec,movielens_sample20of200_lambda0.5,20,3,1000,3,1,4,23.1881155,24.82466529,157.4958794,24.52450078,24.52450078,0,23.1881155,22.91741645,0.30080511,22.37338136,23.1881155,23.1881155,1,0.071,0.0012,31.251,24.65721781,78.74793972,157.4958794,78.74793972,78.74793972,20,20,1,0,78.74793972,78.74793972,78.74793972,-inf,9.309,0.290,0.009,0.039,24.82466529,0.022,45.142,24.52450078,24.82466529,24.52450078,1,0.5,2.218,24.65721781,24.52450078,optimal,79,95,1.2,pass,24.52450078,24.65721781,24.65721781,24.52450078
diverse_rec,movielens_sample20of200_lambda0.5,20,4,1000,3,1,5,29.70574606,32.62498615,157.4958794,32.28716748,32.28716748,0,29.70574606,29.32596872,0.3482608421,28.33824464,29.70574606,29.70574606,1,0.083,0.0016,31.251,32.36452353,78.74793972,157.4958794,78.74793972,78.74793972,20,20,1,0,78.74793972,78.74793972,78.74793972,-inf,9.309,0.291,0.009,0.039,32.62498615,0.022,45.142,32.28716748,32.62498615,32.28716748,1,0.5,2.218,32.36452353,32.28716748,optimal,96,111,2.8,pass,32.28716748,32.36452353,32.36452353,32.28716748
diverse_rec,movielens_sample20of200_lambda0.5,20,5,1000,3,1,6,35.71641927,40.38765285,157.4958794,40.0046378,40.0046378,0,35.71268638,35.18672122,0.3893199095,34.04207818,35.71641927,35.71641927,1,0.092,0.0022,31.251,40.01870418,78.74793972,157.4958794,78.74793972,78.74793972,20,20,1,0,78.74793972,78.74793972,78.74793972,-inf,9.309,0.286,0.009,0.039,40.38765285,0.022,45.142,40.0046378,40.38765285,40.0046378,1,0.5,2.218,40.01870418,40.0046378,optimal,112,126,1.4,pass,40.0046378,40.01870418,40.01870418,40.0046378
diverse_rec,movielens_sample20of200_lambda0.5,20,6,1000,3,1,7,41.28661508,48.10512317,157.4958794,47.39450987,47.39450987,0,41.28661508,40.59762194,0.4022780816,39.06189439,41.28661508,41.28661508,1,0.102,0.0031,31.251,47.23446528,78.74793972,157.4958794,78.74793972,78.74793972,20,20,1,0,78.74793972,78.74793972,78.74793972,-inf,9.309,0.302,0.009,0.039,48.10512317,0.022,45.142,47.39450987,48.10512317,47.39450987,1,0.5,2.218,47.23446528,47.23446528,optimal,127,140,3.7,pass,47.39450987,47.23446528,47.23446528,47.23446528
diverse_rec,movielens_sample20of200_lambda0.5,20,7,1000,3,1,8,46.36870308,55.51226582,157.4958794,54.76431544,54.76431544,0,46.36870308,45.59923183,0.40553679,44.34310518,46.36870308,46.36870308,1,0.110,0.0036,31.251,54.37178997,78.74793972,157.4958794,78.74793972,78.74793972,20,20,1,0,78.74793972,78.74793972,78.74793972,-inf,9.309,0.296,0.009,0.039,55.51226582,0.022,45.142,54.76431544,55.51226582,54.76431544,1,0.5,2.218,54.37178997,54.37178997,optimal,141,153,3.9,pass,54.76431544,54.37178997,54.37178997,54.37178997
diverse_rec,movielens_sample20of200_lambda0.5,20,8,1000,3,1,9,51.11717426,62.90213789,157.4958794,62.07772001,62.07772001,0,51.11717426,50.22789101,0.4085306357,48.89219477,51.02492827,51.11717426,1,0.120,0.0056,31.251,61.43942059,78.74793972,157.4958794,78.74793972,78.74793972,20,20,1,0,78.74793972,78.74793972,78.74793972,-inf,9.309,0.283,0.009,0.039,62.90213789,0.022,45.142,62.07772001,62.90213789,62.07772001,1,0.5,2.218,61.43433516,61.43433516,optimal,154,165,4.1,pass,62.07772001,61.43942059,61.43433516,61.43433516
diverse_rec,movielens_sample20of200_lambda0.5,20,9,1000,3,1,10,55.44903015,70.27194346,157.4958794,69.22601874,69.22601874,0,55.44903015,54.49216602,0.4165858407,53.08307679,55.44903015,55.44903015,1,0.127,0.0051,31.251,68.32761793,78.74793972,157.4958794,78.74793972,78.74793972,20,20,1,0,78.74793972,78.74793972,78.74793972,-inf,9.309,0.289,0.009,0.039,70.27194346,0.022,45.142,69.22601874,70.27194346,69.22601874,1,0.5,2.218,68.28688552,68.28688552,optimal,166,176,2.5,pass,69.22601874,68.32761793,68.28688552,68.28688552
diverse_rec,movielens_sample20of200_lambda0.5,20,10,1000,3,1,11,59.39128217,77.62266917,157.4958794,76.29647254,76.29647254,0,59.39128217,58.31900906,0.426333917,56.7421346,59.39128217,59.39128217,1,0.133,0.0061,31.251,74.87720642,78.74793972,157.4958794,78.74793972,78.74793972,20,20,1,0,78.74793972,78.74793972,78.74793972,-inf,9.309,0.311,0.009,0.039,77.62266917,0.022,45.142,76.29647254,77.62266917,76.29647254,1,0.5,2.218,74.87230063,74.87230063,optimal,177,186,7.4,pass,76.29647254,74.87720642,74.87230063,74.87230063
diverse_rec,movielens_sample20of200_lambda0.5,20,11,1000,3,1,12,62.88430582,84.93607374,157.4958794,78.74793972,78.74793972,0,62.88430583,61.4739281,1.06978809,56.54504223,62.80301354,62.88430583,1,0.139,0.0065,31.251,81.28233353,78.74793972,157.4958794,78.74793972,78.74793972,20,20,1,0,78.74793972,78.74793972,78.74793972,-inf,9.309,0.320,0.009,0.039,84.93607374,0.022,45.142,78.74793972,84.93607374,78.74793972,1,0.5,2.218,76.17074367,76.17074367,optimal,187,195,2.3,pass,78.74793972,77.96748761,76.17074367,76.17074367
diverse_rec,movielens_sample20of200_lambda0.5,20,12,1000,3,1,13,66.0492435,92.1019851,157.4958794,78.74793972,78.74793972,0,66.0492435,63.29901056,2.067456047,54.42735691,65.85021775,66.0492435,1,0.144,0.0085,31.251,83.44663595,78.74793972,157.4958794,78.74793972,78.74793972,20,20,1,0,78.74793972,78.74793972,78.74793972,-inf,9.309,0.296,0.009,0.039,87.44663595,0.022,45.142,78.74793972,87.44663595,78.74793972,1,0.5,2.218,76.40049801,76.40049801,optimal,196,203,2.6,pass,78.74793972,77.96748761,76.40049801,76.40049801
diverse_rec,movielens_sample20of200_lambda0.5,20,13,1000,3,1,14,68.8670565,99.26142099,157.4958794,78.74793972,78.74793972,0,68.85023867,64.57462735,2.594373233,53.54759041,68.60387803,68.8670565,1,0.148,0.0081,31.251,81.64564078,78.74793972,157.4958794,78.74793972,78.74793972,20,20,1,0,78.74793972,78.74793972,78.74793972,-inf,9.309,0.273,0.009,0.039,85.14564078,0.022,45.142,78.74793972,85.14564078,78.74793972,1,0.5,2.218,76.6490722,76.6490722,optimal,204,210,3.5,pass,78.74793972,77.96748761,76.6490722,76.6490722
diverse_rec,movielens_sample20of200_lambda0.5,20,14,1000,3,1,15,71.32638289,106.4097197,157.4958794,78.74793972,78.74793972,14,71.30443474,65.32781492,2.999124356,56.01890441,71.00839767,71.32638289,1,0.152,0.0096,31.251,80.1914447,78.74793972,157.4958794,78.74793972,78.74793972,20,20,1,0,78.74793972,78.74793972,78.74793972,-inf,9.309,0.266,0.009,0.039,83.1914447,0.022,45.142,78.74793972,83.1914447,78.74793972,1,0.5,2.218,76.89218693,76.89218693,optimal,211,216,1.8,pass,78.74793972,77.96748761,76.89218693,76.89218693
diverse_rec,movielens_sample20of200_lambda0.5,20,15,1000,3,1,16,73.43426634,113.5426272,157.4958794,78.74793972,78.74793972,14,73.38007716,66.07913092,3.246597952,53.78956066,73.25822459,73.43426634,1,0.157,0.0093,31.251,79.11580228,78.74793972,157.4958794,78.74793972,78.74793972,20,20,1,0,78.74793972,78.74793972,78.74793972,-inf,9.309,0.266,0.009,0.039,81.61580228,0.022,45.142,78.74793972,81.61580228,78.74793972,1,0.5,2.218,77.13501228,77.13501228,optimal,217,221,1.7,pass,78.74793972,77.96748761,77.13501228,77.13501228
diverse_rec,movielens_sample20of200_lambda0.5,20,16,1000,3,1,17,75.11868177,120.6740889,157.4958794,78.74793972,78.74793972,14,75.09280528,66.51377609,3.479062436,53.56996568,74.91672653,75.11868177,1,0.160,0.0097,31.251,78.40307417,78.74793972,157.4958794,78.74793972,78.74793972,20,20,1,0,78.74793972,78.74793972,78.74793972,-inf,9.309,0.270,0.009,0.039,80.40307417,0.022,45.142,78.74793972,80.40307417,78.74793972,1,0.5,2.218,77.38884861,77.38884861,optimal,222,225,2.7,pass,78.74793972,77.96748761,77.38884861,77.38884861
diverse_rec,movielens_sample20of200_lambda0.5,20,17,1000,3,1,18,76.47284891,127.7618694,157.4958794,78.74793972,78.74793972,14,76.47098358,66.5994332,3.757474815,51.99282201,74.81047173,76.47284891,1,0.163,0.0103,31.251,78.02489586,78.74793972,157.4958794,78.74793972,78.74793972,20,20,1,0,78.74793972,78.74793972,78.74793972,-inf,9.309,0.286,0.009,0.039,79.52489586,0.022,45.142,78.74793972,79.52489586,78.74793972,1,0.5,2.218,77.64001844,77.64001844,optimal,226,228,3.2,pass,78.74793972,77.96748761,77.64001844,77.64001844
diverse_rec,movielens_sample20of200_lambda0.5,20,18,1000,3,1,19,77.52839183,134.8323232,157.4958794,78.74793972,78.74793972,14,77.52839183,66.95426378,3.79354787,52.43803656,74.81029614,77.52839183,1,0.166,0.0124,31.251,77.96748761,78.74793972,157.4958794,78.74793972,78.74793972,20,20,1,0,78.74793972,78.74793972,78.74793972,-inf,9.309,0.283,0.009,0.039,78.96748761,0.022,45.142,78.74793972,78.96748761,78.74793972,1,0.5,2.218,77.90049933,77.90049933,optimal,229,230,1.4,pass,78.74793972,77.96748761,77.90049933,77.90049933
diverse_rec,movielens_sample20of200_lambda0.5,20,19,1000,3,1,20,78.24793972,141.2682678,157.4958794,78.74793972,78.74793972,14,78.24793972,66.7706612,3.881477086,49.76115061,76.32750435,78.24793972,1,0.169,0.0126,31.251,78.24793972,78.74793972,157.4958794,78.74793972,78.74793972,20,20,1,0,78.74793972,78.74793972,78.74793972,-inf,9.309,0.282,0.009,0.039,78.74793972,0.022,45.142,78.74793972,78.74793972,78.74793972,1,0.5,2.218,78.24793972,78.24793972,optimal,231,231,1.3,pass,78.74793972,78.24793972,78.24793972,78.24793972
diverse_rec,movielens_sample20of200_lambda0.5,20,20,1000,3,1,21,78.74793972,147.4958794,157.4958794,78.74793972,78.74793972,14,78.74793972,66.89102515,4.055016642,52.336865,76.37157084,78.74793972,1,0.170,0.0127,31.251,78.74793972,78.74793972,157.4958794,78.74793972,78.74793972,20,20,1,0,78.74793972,78.74793972,78.74793972,78.74793972,9.309,0.297,0.009,0.039,78.74793972,0.022,45.142,78.74793972,78.74793972,78.74793972,1,0.5,2.218,78.74793972,78.74793972,optimal,232,231,0.8,pass,78.74793972,78.74793972,78.74793972,78.74793972
diverse_rec,movielens_sample20of200_lambda0.5,20,1,1000,4,1,2,8.933471541,8.933471541,171.2115117,8.933471541,8.933471541,0,8.933471541,8.933471541,8.614049096e-07,8.933471541,8.933471541,8.933471541,1,0.025,0.0005,25.979,8.933471541,85.60575583,171.2115117,85.60575583,85.60575583,20,20,1,0,85.60575583,85.60575583,85.60575583,-inf,5.351,0.265,0.009,0.037,8.933471541,0.018,33.824,8.933471541,8.933471541,8.933471541,1,0.5,7.362,8.933471541,8.933471541,optimal,42,60,0.7,pass,8.933471541,8.933471541,8.933471541,8.933471541
diverse_rec,movielens_sample20of200_lambda0.5,20,2,1000,4,1,3,17.32398346,17.82276312,171.2115117,17.74275443,17.74275443,0,17.32398346,17.28366953,0.0534979194,17.19384452,17.32398346,17.32398346,1,0.034,0.0008,25.979,17.81462873,85.60575583,171.2115117,85.60575583,85.60575583,20,20,1,0,85.60575583,85.60575583,85.60575583,-inf,5.351,0.235,0.009,0.037,17.82276312,0.018,33.824,17.74275443,17.82276312,17.74275443,1,0.5,7.362,17.81462873,17.74275443,optimal,61,78,1.8,pass,17.74275443,17.81462873,17.81462873,17.74275443
diverse_rec,movielens_sample20of200_lambda0.5,20,3,1000,4,1,4,25.1772165,26.63204601,171.2115117,26.39897096,26.39897096,0,25.1772165,24.92216883,0.1874078737,24.50600203,25.1772165,25.1772165,1,0.042,0.0012,25.979,26.57860715,85.60575583,171.2115117,85.60575583,85.60575583,20,20,1,0,85.60575583,85.60575583,85.60575583,-inf,5.351,0.268,0.009,0.037,26.63204601,0.018,33.824,26.39897096,26.63204601,26.39897096,1,0.5,7.362,26.57860715,26.39897096,optimal,79,95,0.8,pass,26.39897096,26.57860715,26.57860715,26.39897096
diverse_rec,movielens_sample20of200_lambda0.5,20,4,1000,4,1,5,32.38829091,35.28826254,171.2115117,34.79053805,34.79053805,0,32.38829091,31.92009201,0.2573431327,31.07971097,32.38829091,32.38829091,1,0.049,0.0025,25.979,35.07535177,85.60575583,171.2115117,85.60575583,85.60575583,20,20,1,0,85.60575583,85.60575583,85.60575583,-inf,5.351,0.266,0.009,0.037,35.28826254,0.018,33.824,34.79053805,35.28826254,34.79053805,1,0.5,7.362,35.07535177,34.79053805,optimal,96,111,1.0,pass,34.79053805,35.07535177,35.07535177,34.79053805
diverse_rec,movielens_sample20of200_lambda0.5,20,5,1000,4,1,6,39.02001941,43.67982962,171.2115117,43.13895472,43.13895472,0,39.02001941,38.42049009,0.2925063969,37.39250272,39.02001941,39.02001941,1,0.056,0.0022,25.979,43.31200215,85.60575583,171.2115117,85.60575583,85.60575583,20,20,1,0,85.60575583,85.60575583,85.60575583,-inf,5.351,0.326,0.009,0.037,43.67982962,0.018,33.824,43.13895472,43.67982962,43.13895472,1,0.5,7.362,43.31200215,43.13895472,optimal,112,126,2.3,pass,43.13895472,43.31200215,43.31200215,43.13895472
diverse_rec,movielens_sample20of200_lambda0.5,20,6,1000,4,1,7,45.08798276,52.02824629,171.2115117,51.43214552,51.43214552,0,45.08798276,44.4428527,0.3085311365,43.43708675,45.08798276,45.08798276,1,0.062,0.0033,25.979,51.50568758,85.60575583,171.2115117,85.60575583,85.60575583,20,20,1,0,85.60575583,85.60575583,85.60575583,-inf,5.351,0.277,0.009,0.037,52.02824629,0.018,33.824,51.43214552,52.02824629,51.43214552,1,0.5,7.362,51.50568758,51.43214552,optimal,127,140,1.4,pass,51.43214552,51.50568758,51.50568758,51.43214552
diverse_rec,movielens_sample20of200_lambda0.5,20,7,1000,4,1,8,50.73027004,60.36801473,171.2115117,59.68807345,59.68807345,0,50.73027004,49.99239243,0.3344560629,48.81134331,50.73027004,50.73027004,1,0.069,0.0035,25.979,59.61220423,85.60575583,171.2115117,85.60575583,85.60575583,20,20,1,0,85.60575583,85.60575583,85.60575583,-inf,5.351,0.305,0.009,0.037,60.36801473,0.018,33.824,59.68807345,60.36801473,59.68807345,1,0.5,7.362,59.61220423,59.61220423,optimal,141,153,2.9,pass,59.68807345,59.61220423,59.61220423,59.61220423
diverse_rec,movielens_sample20of200_lambda0.5,20,8,1000,4,1,9,55.92314349,68.66120554,171.2115117,67.88084559,67.88084559,0,55.92314349,55.09058655,0.3651859235,54.13626989,55.92314349,55.92314349,1,0.074,0.0048,25.979,67.61104762,85.60575583,171.2115117,85.60575583,85.60575583,20,20,1,0,85.60575583,85.60575583,85.60575583,-inf,5.351,0.295,0.009,0.037,68.66120554,0.018,33.824,67.88084559,68.66120554,67.88084559,1,0.5,7.362,67.61104762,67.61104762,optimal,154,165,4.8,pass,67.88084559,67.61104762,67.61104762,67.61104762
diverse_rec,movielens_sample20of200_lambda0.5,20,9,1000,4,1,10,60.71527902,76.91713347,171.2115117,75.75146266,75.75146266,0,60.71527902,59.65163756,0.4025090783,58.20864646,60.71527902,60.71527902,1,0.079,0.0065,25.979,75.29656619,85.60575583,171.2115117,85.60575583,85.60575583,20,20,1,0,85.60575583,85.60575583,85.60575583,-inf,5.351,0.300,0.009,0.037,76.91713347,0.018,33.824,75.75146266,76.91713347,75.75146266,1,0.5,7.362,75.21468433,75.21468433,optimal,166,176,4.6,pass,75.75146266,75.29656619,75.21468433,75.21468433
diverse_rec,movielens_sample20of200_lambda0.5,20,10,1000,4,1,11,65.04913935,85.13496085,171.2115117,83.03161194,83.03161194,0,65.04913935,63.77447155,0.453315298,62.39285835,64.92324889,65.04913935,1,0.084,0.0059,25.979,82.36156809,85.60575583,171.2115117,85.60575583,85.60575583,20,20,1,0,85.60575583,85.60575583,85.60575583,-inf,5.351,0.292,0.009,0.037,85.13496085,0.018,33.824,83.03161194,85.13496085,83.03161194,1,0.5,7.362,81.8800934,81.8800934,optimal,177,186,4.5,pass,83.03161194,82.36156809,81.8800934,81.8800934
diverse_rec,movielens_sample20of200_lambda0.5,20,11,1000,4,1,12,68.87344695,93.32773299,171.2115117,85.60575583,85.60575583,11,68.87344695,67.07207268,1.270564073,62.15180299,68.74228365,68.87344695,1,0.087,0.0072,25.979,88.10842604,85.60575583,171.2115117,85.60575583,85.60575583,20,20,1,0,85.60575583,85.60575583,85.60575583,-inf,5.351,0.315,0.009,0.037,93.32773299,0.018,33.824,85.60575583,93.32773299,85.60575583,1,0.5,7.362,83.05456913,83.05456913,optimal,187,195,3.3,pass,85.60575583,84.78295437,83.05456913,83.05456913
diverse_rec,movielens_sample20of200_lambda0.5,20,12,1000,4,1,13,72.28120073,101.3947051,171.2115117,85.60575583,85.60575583,11,72.28120073,69.18549531,2.235300322,62.43032748,72.05223891,72.28120073,1,0.091,0.0083,25.979,90.93031093,85.60575583,171.2115117,85.60575583,85.60575583,20,20,1,0,85.60575583,85.60575583,85.60575583,-inf,5.351,0.285,0.009,0.037,94.93031093,0.018,33.824,85.60575583,94.93031093,85.60575583,1,0.5,7.362,83.29200677,83.29200677,optimal,196,203,2.6,pass,85.60575583,84.78295437,83.29200677,83.29200677
diverse_rec,movielens_sample20of200_lambda0.5,20,13,1000,4,1,14,75.22696427,109.2941022,171.2115117,85.60575583,85.60575583,13,75.22696427,70.63206271,2.749176777,61.88360002,75.0149485,75.22696427,1,0.094,0.0094,25.979,88.98454739,85.60575583,171.2115117,85.60575583,85.60575583,20,20,1,0,85.60575583,85.60575583,85.60575583,-inf,5.351,0.305,0.009,0.037,92.48454739,0.018,33.824,85.60575583,92.48454739,85.60575583,1,0.5,7.362,83.54319535,83.54319535,optimal,204,210,2.9,pass,85.60575583,84.78295437,83.54319535,83.54319535
diverse_rec,movielens_sample20of200_lambda0.5,20,14,1000,4,1,15,77.86869045,117.1647192,171.2115117,85.60575583,85.60575583,14,77.86869045,71.51887093,3.144620525,57.88912603,77.5759204,77.86869045,1,0.097,0.0084,25.979,87.34282121,85.60575583,171.2115117,85.60575583,85.60575583,20,20,1,0,85.60575583,85.60575583,85.60575583,-inf,5.351,0.307,0.009,0.037,90.34282121,0.018,33.824,85.60575583,90.34282121,85.60575583,1,0.5,7.362,83.77973121,83.77973121,optimal,211,216,5.4,pass,85.60575583,84.78295437,83.77973121,83.77973121
diverse_rec,movielens_sample20of200_lambda0.5,20,15,1000,4,1,16,80.04244653,124.9975654,171.2115117,85.60575583,85.60575583,14,80.04244653,71.96333973,3.555310284,56.65954637,79.86552262,80.04244653,1,0.099,0.0096,25.979,86.16906513,85.60575583,171.2115117,85.60575583,85.60575583,20,20,1,0,85.60575583,85.60575583,85.60575583,-inf,5.351,0.311,0.009,0.037,88.66906513,0.018,33.824,85.60575583,88.66906513,85.60575583,1,0.5,7.362,84.02742123,84.02742123,optimal,217,221,1.6,pass,85.60575583,84.78295437,84.02742123,84.02742123
diverse_rec,movielens_sample20of200_lambda0.5,20,16,1000,4,1,17,81.90508192,132.583449,171.2115117,85.60575583,85.60575583,14,81.90508192,72.38982356,3.761895761,54.08315288,81.32025401,81.90508192,1,0.102,0.0134,25.979,85.30642974,85.60575583,171.2115117,85.60575583,85.60575583,20,20,1,0,85.60575583,85.60575583,85.60575583,-inf,5.351,0.306,0.009,0.037,87.30642974,0.018,33.824,85.60575583,87.30642974,85.60575583,1,0.5,7.362,84.26316554,84.26316554,optimal,222,225,1.6,pass,85.60575583,84.78295437,84.26316554,84.26316554
diverse_rec,movielens_sample20of200_lambda0.5,20,17,1000,4,1,18,83.35302704,139.8795346,171.2115117,85.60575583,85.60575583,17,83.35302704,72.5841047,3.876178686,57.13511601,81.27638011,83.35302704,1,0.104,0.0104,25.979,84.85848462,85.60575583,171.2115117,85.60575583,85.60575583,20,20,1,0,85.60575583,85.60575583,85.60575583,-inf,5.351,0.301,0.009,0.037,86.35848462,0.018,33.824,85.60575583,86.35848462,85.60575583,1,0.5,7.362,84.49759343,84.49759343,optimal,226,228,1.4,pass,85.60575583,84.78295437,84.49759343,84.49759343
diverse_rec,movielens_sample20of200_lambda0.5,20,18,1000,4,1,19,84.42855729,147.1596839,171.2115117,85.60575583,85.60575583,17,84.42855729,72.764347,4.195082592,57.61061675,83.1402262,84.42855729,1,0.106,0.0118,25.979,84.78295437,85.60575583,171.2115117,85.60575583,85.60575583,20,20,1,0,85.60575583,85.60575583,85.60575583,-inf,5.351,0.299,0.009,0.037,85.78295437,0.018,33.824,85.60575583,85.78295437,85.60575583,1,0.5,7.362,84.73658788,84.73658788,optimal,229,230,3.1,pass,85.60575583,84.78295437,84.73658788,84.73658788
diverse_rec,movielens_sample20of200_lambda0.5,20,19,1000,4,1,20,85.10575583,154.3059536,171.2115117,85.60575583,85.60575583,19,85.10575583,72.87495948,4.296534883,57.37321695,82.9654679,85.10575583,1,0.108,0.0133,25.979,85.10575583,85.60575583,171.2115117,85.60575583,85.60575583,20,20,1,0,85.60575583,85.60575583,85.60575583,-inf,5.351,0.299,0.009,0.037,85.60575583,0.018,33.824,85.60575583,85.60575583,85.60575583,1,0.5,7.362,85.10575583,85.10575583,optimal,231,231,1.3,pass,85.60575583,85.10575583,85.10575583,85.10575583
diverse_rec,movielens_sample20of200_lambda0.5,20,20,1000,4,1,21,85.60575583,161.2115117,171.2115117,85.60575583,85.60575583,19,85.60575583,72.961335,4.589778559,53.53388823,83.10215917,85.60575583,1,0.109,0.0119,25.979,85.60575583,85.60575583,171.2115117,85.60575583,85.60575583,20,20,1,0,85.60575583,85.60575583,85.60575583,85.60575583,5.351,0.323,0.009,0.037,85.60575583,0.018,33.824,85.60575583,85.60575583,85.60575583,1,0.5,7.362,85.60575583,85.60575583,optimal,232,231,2.9,pass,85.60575583,85.60575583,85.60575583,85.60575583
diverse_rec,movielens_sample20of200_lambda0.5,20,1,1000,5,1,2,8.910784322,8.910784322,165.513298,8.910784322,8.910784322,0,8.910784322,8.910784322,7.377808143e-07,8.910784322,8.910784322,8.910784322,1,0.025,0.0005,23.811,8.910784322,82.75664902,165.513298,82.75664902,82.75664902,20,20,1,0,82.75664902,82.75664902,82.75664902,-inf,5.230,0.270,0.008,0.041,8.910784322,0.021,32.202,8.910784322,8.910784322,8.910784322,1,0.5,4.225,8.910784322,8.910784322,optimal,42,60,0.7,pass,8.910784322,8.910784322,8.910784322,8.910784322
diverse_rec,movielens_sample20of200_lambda0.5,20,2,1000,5,1,3,17.1499067,17.65918354,165.513298,17.58988249,17.58988249,0,17.1499067,17.08077616,0.0734539176,16.95566883,17.1499067,17.1499067,1,0.034,0.0008,23.811,17.64320481,82.75664902,165.513298,82.75664902,82.75664902,20,20,1,0,82.75664902,82.75664902,82.75664902,-inf,5.230,0.278,0.008,0.041,17.65918354,0.021,32.202,17.58988249,17.65918354,17.58988249,1,0.5,4.225,17.64320481,17.58988249,optimal,61,78,1.7,pass,17.58988249,17.64320481,17.64320481,17.58988249
diverse_rec,movielens_sample20of200_lambda0.5,20,3,1000,5,1,4,24.8767535,26.33828171,165.513298,25.97952569,25.97952569,0,24.8767535,24.5601391,0.2244092469,24.07030804,24.8767535,24.8767535,1,0.042,0.0014,23.811,26.24877624,82.75664902,165.513298,82.75664902,82.75664902,20,20,1,0,82.75664902,82.75664902,82.75664902,-inf,5.230,0.258,0.008,0.041,26.33828171,0.021,32.202,25.97952569,26.33828171,25.97952569,1,0.5,4.225,26.24877624,25.97952569,optimal,79,95,0.9,pass,25.97952569,26.24877624,26.24877624,25.97952569
diverse_rec,movielens_sample20of200_lambda0.5,20,4,1000,5,1,5,31.91834814,34.72792491,165.513298,34.25713612,34.25713612,0,31.91834814,31.38354706,0.3143764668,30.43992639,31.91834814,31.91834814,1,0.049,0.0018,23.811,34.519128,82.75664902,165.513298,82.75664902,82.75664902,20,20,1,0,82.75664902,82.75664902,82.75664902,-inf,5.230,0.264,0.008,0.041,34.72792491,0.021,32.202,34.25713612,34.72792491,34.25713612,1,0.5,4.225,34.519128,34.25713612,optimal,96,111,1.6,pass,34.25713612,34.519128,34.519128,34.25713612
diverse_rec,movielens_sample20of200_lambda0.5,20,5,1000,5,1,6,38.34587259,43.00553534,165.513298,42.53297494,42.53297494,0,38.34587259,37.71426188,0.3463541514,36.66933374,38.34587259,38.34587259,1,0.056,0.0024,23.811,42.68318288,82.75664902,165.513298,82.75664902,82.75664902,20,20,1,0,82.75664902,82.75664902,82.75664902,-inf,5.230,0.264,0.008,0.041,43.00553534,0.021,32.202,42.53297494,43.00553534,42.53297494,1,0.5,4.225,42.68318288,42.53297494,optimal,112,126,1.1,pass,42.53297494,42.68318288,42.68318288,42.53297494
diverse_rec,movielens_sample20of200_lambda0.5,20,6,1000,5,1,7,44.23390979,51.28137416,165.513298,50.67943712,50.67943712,0,44.23390979,43.50059267,0.3812578792,42.27183529,44.23390979,44.23390979,1,0.062,0.0034,23.811,50.78559024,82.75664902,165.513298,82.75664902,82.75664902,20,20,1,0,82.75664902,82.75664902,82.75664902,-inf,5.230,0.282,0.008,0.041,51.28137416,0.021,32.202,50.67943712,51.28137416,50.67943712,1,0.5,4.225,50.78559024,50.67943712,optimal,127,140,2.9,pass,50.67943712,50.78559024,50.78559024,50.67943712
diverse_rec,movielens_sample20of200_lambda0.5,20,7,1000,5,1,8,49.70524442,59.54468632,165.513298,58.66424475,58.66424475,0,49.70524442,48.77626223,0.4501321145,47.21725256,49.70524442,49.70524442,1,0.068,0.0033,23.811,58.63181474,82.75664902,165.513298,82.75664902,82.75664902,20,20,1,0,82.75664902,82.75664902,82.75664902,-inf,5.230,0.275,0.008,0.041,59.54468632,0.021,32.202,58.66424475,59.54468632,58.66424475,1,0.5,4.225,58.62161607,58.62161607,optimal,141,153,3.5,pass,58.66424475,58.63181474,58.62161607,58.62161607
diverse_rec,movielens_sample20of200_lambda0.5,20,8,1000,5,1,9,54.68279921,67.6911485,165.513298,66.48321921,66.48321921,0,54.68279921,53.53125521,0.4977931442,51.78767338,54.68279921,54.68279921,1,0.074,0.0040,23.811,66.13376258,82.75664902,165.513298,82.75664902,82.75664902,20,20,1,0,82.75664902,82.75664902,82.75664902,-inf,5.230,0.287,0.008,0.041,67.6911485,0.021,32.202,66.48321921,67.6911485,66.48321921,1,0.5,4.225,66.10304471,66.10304471,optimal,154,165,4.0,pass,66.48321921,66.13376258,66.10304471,66.10304471
diverse_rec,movielens_sample20of200_lambda0.5,20,9,1000,5,1,10,59.1926176,75.67595613,165.513298,73.76648246,73.76648246,0,59.1926176,57.83123863,0.5420786716,55.69092394,59.1926176,59.1926176,1,0.078,0.0057,23.811,72.91310293,82.75664902,165.513298,82.75664902,82.75664902,20,20,1,0,82.75664902,82.75664902,82.75664902,-inf,5.230,0.292,0.008,0.041,75.67595613,0.021,32.202,73.76648246,75.67595613,73.76648246,1,0.5,4.225,72.80127138,72.80127138,optimal,166,176,3.8,pass,73.76648246,72.91310293,72.80127138,72.80127138
diverse_rec,movielens_sample20of200_lambda0.5,20,10,1000,5,1,11,63.29428455,83.56752531,165.513298,80.75486303,80.75486303,0,63.29428455,61.74205045,0.583040153,59.39527759,63.18086132,63.29428455,1,0.083,0.0088,23.811,78.99419183,82.75664902,165.513298,82.75664902,82.75664902,20,20,1,0,82.75664902,82.75664902,82.75664902,-inf,5.230,0.301,0.008,0.041,83.56752531,0.021,32.202,80.75486303,83.56752531,80.75486303,1,0.5,4.225,78.79367347,78.79367347,optimal,177,186,2.8,pass,80.75486303,78.99419183,78.79367347,78.79367347
diverse_rec,movielens_sample20of200_lambda0.5,20,11,1000,5,1,12,66.83979322,91.38649977,165.513298,82.75664902,82.75664902,2,66.83979322,64.87699035,1.204737963,59.33495218,66.68863737,66.83979322,1,0.087,0.0065,23.811,84.49441178,82.75664902,165.513298,82.75664902,82.75664902,20,20,1,0,82.75664902,82.75664902,82.75664902,-inf,5.230,0.334,0.008,0.041,91.38649977,0.021,32.202,82.75664902,91.38649977,82.75664902,1,0.5,4.225,80.18088231,80.18088231,optimal,187,195,4.8,pass,82.75664902,81.96102882,80.18088231,80.18088231
diverse_rec,movielens_sample20of200_lambda0.5,20,12,1000,5,1,13,70.02667875,99.03991255,165.513298,82.75664902,82.75664902,2,70.02667875,66.88470536,2.037256518,59.78160616,70.02667875,70.02667875,1,0.090,0.0088,23.811,87.48661928,82.75664902,165.513298,82.75664902,82.75664902,20,20,1,0,82.75664902,82.75664902,82.75664902,-inf,5.230,0.288,0.008,0.041,91.48661928,0.021,32.202,82.75664902,91.48661928,82.75664902,1,0.5,4.225,80.4279469,80.4279469,optimal,196,203,3.1,pass,82.75664902,81.96102882,80.4279469,80.4279469
diverse_rec,movielens_sample20of200_lambda0.5,20,13,1000,5,1,14,72.83945263,106.3987786,165.513298,82.75664902,82.75664902,2,72.83945263,68.2242426,2.785365791,59.70240315,72.72710367,72.83945263,1,0.093,0.0108,23.811,85.67384541,82.75664902,165.513298,82.75664902,82.75664902,20,20,1,0,82.75664902,82.75664902,82.75664902,-inf,5.230,0.313,0.008,0.041,89.17384541,0.021,32.202,82.75664902,89.17384541,82.75664902,1,0.5,4.225,80.67016192,80.67016192,optimal,204,210,4.1,pass,82.75664902,81.96102882,80.67016192,80.67016192
diverse_rec,movielens_sample20of200_lambda0.5,20,14,1000,5,1,15,75.31321765,113.6820419,165.513298,82.75664902,82.75664902,2,75.27537979,68.97117255,3.057176507,55.86301495,75.28669888,75.31321765,1,0.096,0.0097,23.811,84.23791824,82.75664902,165.513298,82.75664902,82.75664902,20,20,1,0,82.75664902,82.75664902,82.75664902,-inf,5.230,0.288,0.008,0.041,87.23791824,0.021,32.202,82.75664902,87.23791824,82.75664902,1,0.5,4.225,80.92324895,80.92324895,optimal,211,216,1.7,pass,82.75664902,81.96102882,80.92324895,80.92324895
diverse_rec,movielens_sample20of200_lambda0.5,20,15,1000,5,1,16,77.46302646,120.9158227,165.513298,82.75664902,82.75664902,2,77.46302646,69.62040752,3.39124224,54.48078152,77.21516503,77.46302646,1,0.098,0.0100,23.811,83.05027158,82.75664902,165.513298,82.75664902,82.75664902,20,20,1,0,82.75664902,82.75664902,82.75664902,-inf,5.230,0.310,0.008,0.041,85.55027158,0.021,32.202,82.75664902,85.55027158,82.75664902,1,0.5,4.225,81.12839675,81.12839675,optimal,217,221,2.2,pass,82.75664902,81.96102882,81.12839675,81.12839675
diverse_rec,movielens_sample20of200_lambda0.5,20,16,1000,5,1,17,79.12637646,128.0211786,165.513298,82.75664902,82.75664902,2,79.12637646,69.96611456,3.73942485,55.14731944,78.31775688,79.12637646,1,0.101,0.0093,23.811,82.38692158,82.75664902,165.513298,82.75664902,82.75664902,20,20,1,0,82.75664902,82.75664902,82.75664902,-inf,5.230,0.301,0.008,0.041,84.38692158,0.021,32.202,82.75664902,84.38692158,82.75664902,1,0.5,4.225,81.39097853,81.39097853,optimal,222,225,2.2,pass,82.75664902,81.96102882,81.39097853,81.39097853
diverse_rec,movielens_sample20of200_lambda0.5,20,17,1000,5,1,18,80.48659343,135.0592348,165.513298,82.75664902,82.75664902,2,80.48125726,70.22752694,3.848114109,54.23413207,78.77143133,80.48659343,1,0.103,0.0104,23.811,82.03204078,82.75664902,165.513298,82.75664902,82.75664902,20,20,1,0,82.75664902,82.75664902,82.75664902,-inf,5.230,0.300,0.008,0.041,83.53204078,0.021,32.202,82.75664902,83.53204078,82.75664902,1,0.5,4.225,81.65199439,81.65199439,optimal,226,228,1.7,pass,82.75664902,81.96102882,81.65199439,81.65199439
diverse_rec,movielens_sample20of200_lambda0.5,20,18,1000,5,1,19,81.55226922,142.0476154,165.513298,82.75664902,82.75664902,2,81.55226922,70.59518178,3.885896045,51.41727566,80.30521909,81.55226922,1,0.105,0.0120,23.811,81.96102882,82.75664902,165.513298,82.75664902,82.75664902,20,20,1,0,82.75664902,82.75664902,82.75664902,-inf,5.230,0.297,0.008,0.041,82.96102882,0.021,32.202,82.75664902,82.96102882,82.75664902,1,0.5,4.225,81.90172686,81.90172686,optimal,229,230,1.6,pass,82.75664902,81.96102882,81.90172686,81.90172686
diverse_rec,movielens_sample20of200_lambda0.5,20,19,1000,5,1,20,82.25664902,148.8687673,165.513298,82.75664902,82.75664902,2,82.25664902,70.4882347,4.094860703,55.91468524,80.16610865,82.25664902,1,0.107,0.0126,23.811,82.25664902,82.75664902,165.513298,82.75664902,82.75664902,20,20,1,0,82.75664902,82.75664902,82.75664902,-inf,5.230,0.300,0.008,0.041,82.75664902,0.021,32.202,82.75664902,82.75664902,82.75664902,1,0.5,4.225,82.25664902,82.25664902,optimal,231,231,1.3,pass,82.75664902,82.25664902,82.25664902,82.25664902
diverse_rec,movielens_sample20of200_lambda0.5,20,20,1000,5,1,21,82.75664902,155.513298,165.513298,82.75664902,82.75664902,2,82.75664902,70.65878914,4.296360194,55.57152911,81.38224904,82.75664902,1,0.108,0.0121,23.811,82.75664902,82.75664902,165.513298,82.75664902,82.75664902,20,20,1,0,82.75664902,82.75664902,82.75664902,82.75664902,5.230,0.311,0.008,0.041,82.75664902,0.021,32.202,82.75664902,82.75664902,82.75664902,1,0.5,4.225,82.75664902,82.75664902,optimal,232,231,1.2,pass,82.75664902,82.75664902,82.75664902,82.75664902
diverse_rec,movielens_sample20of200_lambda0.5,20,1,1000,6,1,2,9.16981541,9.16981541,166.4497087,9.16981541,9.16981541,0,9.16981541,9.16981541,0,9.16981541,9.16981541,9.16981541,1,0.022,0.0005,23.674,9.16981541,83.22485435,166.4497087,83.22485435,83.22485435,20,20,1,0,83.22485435,83.22485435,83.22485435,-inf,5.275,0.267,0.008,0.037,9.16981541,0.021,35.677,9.16981541,9.16981541,9.16981541,1,0.5,4.472,9.16981541,9.16981541,optimal,42,60,1.8,pass,9.16981541,9.16981541,9.16981541,9.16981541
diverse_rec,movielens_sample20of200_lambda0.5,20,2,1000,6,1,3,17.35345288,17.87882394,166.4497087,17.84505399,17.84505399,0,17.35345288,17.22121469,0.2080936732,16.86361746,17.35345288,17.35345288,1,0.034,0.0008,23.674,17.84674857,83.22485435,166.4497087,83.22485435,83.22485435,20,20,1,0,83.22485435,83.22485435,83.22485435,-inf,5.275,0.262,0.008,0.037,17.87882394,0.021,35.677,17.84505399,17.87882394,17.84505399,1,0.5,4.472,17.84674857,17.84505399,optimal,61,78,0.8,pass,17.84505399,17.84674857,17.84674857,17.84505399
diverse_rec,movielens_sample20of200_lambda0.5,20,3,1000,6,1,4,24.97948733,26.55406252,166.4497087,26.29365605,26.29365605,0,24.97948733,24.63947822,0.2720992029,24.08166511,24.97948733,24.97948733,1,0.042,0.0012,23.674,26.43566363,83.22485435,166.4497087,83.22485435,83.22485435,20,20,1,0,83.22485435,83.22485435,83.22485435,-inf,5.275,0.258,0.008,0.037,26.55406252,0.021,35.677,26.29365605,26.55406252,26.29365605,1,0.5,4.472,26.43566363,26.29365605,optimal,79,95,0.9,pass,26.29365605,26.43566363,26.43566363,26.29365605
diverse_rec,movielens_sample20of200_lambda0.5,20,4,1000,6,1,5,31.93524391,35.00266459,166.4497087,34.65518494,34.65518494,0,31.93524391,31.53227383,0.3069378302,30.60005431,31.93524391,31.93524391,1,0.049,0.0016,23.674,34.75789157,83.22485435,166.4497087,83.22485435,83.22485435,20,20,1,0,83.22485435,83.22485435,83.22485435,-inf,5.275,0.265,0.008,0.037,35.00266459,0.021,35.677,34.65518494,35.00266459,34.65518494,1,0.5,4.472,34.75789157,34.65518494,optimal,96,111,2.0,pass,34.65518494,34.75789157,34.75789157,34.65518494
diverse_rec,movielens_sample20of200_lambda0.5,20,5,1000,6,1,6,38.38519359,43.36419347,166.4497087,43.00334422,43.00334422,0,38.38519359,37.90287318,0.3272726623,36.8993989,38.38519359,38.38519359,1,0.058,0.0022,23.674,43.00090518,83.22485435,166.4497087,83.22485435,83.22485435,20,20,1,0,83.22485435,83.22485435,83.22485435,-inf,5.275,0.255,0.008,0.037,43.36419347,0.021,35.677,43.00334422,43.36419347,43.00334422,1,0.5,4.472,43.00090518,43.00090518,optimal,112,126,1.1,pass,43.00334422,43.00090518,43.00090518,43.00090518
diverse_rec,movielens_sample20of200_lambda0.5,20,6,1000,6,1,7,44.38246821,51.71235275,166.4497087,51.23342902,51.23342902,0,44.38246821,43.75661149,0.3301365833,42.65475791,44.38246821,44.38246821,1,0.064,0.0027,23.674,51.1644032,83.22485435,166.4497087,83.22485435,83.22485435,20,20,1,0,83.22485435,83.22485435,83.22485435,-inf,5.275,0.274,0.008,0.037,51.71235275,0.021,35.677,51.23342902,51.71235275,51.23342902,1,0.5,4.472,51.16083655,51.16083655,optimal,127,140,2.7,pass,51.23342902,51.1644032,51.16083655,51.16083655
diverse_rec,movielens_sample20of200_lambda0.5,20,7,1000,6,1,8,49.81066956,60.01173122,166.4497087,59.2053268,59.2053268,0,49.81066956,49.06557245,0.3850675236,47.64802756,49.81066956,49.81066956,1,0.070,0.0043,23.674,59.21432051,83.22485435,166.4497087,83.22485435,83.22485435,20,20,1,0,83.22485435,83.22485435,83.22485435,-inf,5.275,0.284,0.008,0.037,60.01173122,0.021,35.677,59.2053268,60.01173122,59.2053268,1,0.5,4.472,59.20253457,59.20253457,optimal,141,153,4.9,pass,59.2053268,59.21432051,59.20253457,59.20253457
diverse_rec,movielens_sample20of200_lambda0.5,20,8,1000,6,1,9,54.84495268,68.24181602,166.4497087,67.00769117,67.00769117,0,54.84495268,53.84386341,0.4751062774,52.18647802,54.84495268,54.84495268,1,0.076,0.0040,23.674,66.72025818,83.22485435,166.4497087,83.22485435,83.22485435,20,20,1,0,83.22485435,83.22485435,83.22485435,-inf,5.275,0.290,0.008,0.037,68.24181602,0.021,35.677,67.00769117,68.24181602,67.00769117,1,0.5,4.472,66.72025818,66.72025818,optimal,154,165,2.3,pass,67.00769117,66.72025818,66.72025818,66.72025818
diverse_rec,movielens_sample20of200_lambda0.5,20,9,1000,6,1,10,59.40008475,76.47109417,166.4497087,74.44203047,74.44203047,0,59.40008475,58.18541813,0.5046118109,56.48093161,59.40008475,59.40008475,1,0.081,0.0049,23.674,73.78470713,83.22485435,166.4497087,83.22485435,83.22485435,20,20,1,0,83.22485435,83.22485435,83.22485435,-inf,5.275,0.294,0.008,0.037,76.47109417,0.021,35.677,74.44203047,76.47109417,74.44203047,1,0.5,4.472,73.66716954,73.66716954,optimal,166,176,4.4,pass,74.44203047,73.78470713,73.66716954,73.66716954
diverse_rec,movielens_sample20of200_lambda0.5,20,10,1000,6,1,11,63.49901928,84.38173831,166.4497087,81.31916268,81.31916268,0,63.49901928,62.13869087,0.5405687545,60.13005387,63.49901928,63.49901928,1,0.085,0.0065,23.674,79.83606105,83.22485435,166.4497087,83.22485435,83.22485435,20,20,1,0,83.22485435,83.22485435,83.22485435,-inf,5.275,0.287,0.008,0.037,84.38173831,0.021,35.677,81.31916268,84.38173831,81.31916268,1,0.5,4.472,79.61835189,79.61835189,optimal,177,186,3.5,pass,81.31916268,79.83606105,79.61835189,79.61835189
diverse_rec,movielens_sample20of200_lambda0.5,20,11,1000,6,1,12,67.17193192,92.21127676,166.4497087,83.22485435,83.22485435,0,67.17193192,65.28221428,1.280016891,59.57011455,67.04304034,67.17193192,1,0.089,0.0077,23.674,85.19592244,83.22485435,166.4497087,83.22485435,83.22485435,20,20,1,0,83.22485435,83.22485435,83.22485435,-inf,5.275,0.309,0.008,0.037,92.21127676,0.021,35.677,83.22485435,92.21127676,83.22485435,1,0.5,4.472,80.65015362,80.65015362,optimal,187,195,3.6,pass,83.22485435,82.42154498,80.65015362,80.65015362
diverse_rec,movielens_sample20of200_lambda0.5,20,12,1000,6,1,13,70.37547485,100.0136411,166.4497087,83.22485435,83.22485435,0,70.37547485,67.19353281,2.234861426,55.76252027,69.99300708,70.37547485,1,0.092,0.0083,23.674,88.07423384,83.22485435,166.4497087,83.22485435,83.22485435,20,20,1,0,83.22485435,83.22485435,83.22485435,-inf,5.275,0.289,0.008,0.037,92.07423384,0.021,35.677,83.22485435,92.07423384,83.22485435,1,0.5,4.472,80.89255499,80.89255499,optimal,196,203,3.7,pass,83.22485435,82.42154498,80.89255499,80.89255499
diverse_rec,movielens_sample20of200_lambda0.5,20,13,1000,6,1,14,73.20238537,107.4869724,166.4497087,83.22485435,83.22485435,0,73.20238537,68.57556243,2.736708007,57.29772951,72.92227162,73.20238537,1,0.095,0.0075,23.674,86.24732332,83.22485435,166.4497087,83.22485435,83.22485435,20,20,1,0,83.22485435,83.22485435,83.22485435,-inf,5.275,0.285,0.008,0.037,89.74732332,0.021,35.677,83.22485435,89.74732332,83.22485435,1,0.5,4.472,81.14025738,81.14025738,optimal,204,210,3.8,pass,83.22485435,82.42154498,81.14025738,81.14025738
diverse_rec,movielens_sample20of200_lambda0.5,20,14,1000,6,1,15,75.6705143,114.9213117,166.4497087,83.22485435,83.22485435,0,75.6705143,69.46061577,3.092868663,56.99829513,75.42131439,75.6705143,1,0.098,0.0082,23.674,84.77919439,83.22485435,166.4497087,83.22485435,83.22485435,20,20,1,0,83.22485435,83.22485435,83.22485435,-inf,5.275,0.310,0.008,0.037,87.77919439,0.021,35.677,83.22485435,87.77919439,83.22485435,1,0.5,4.472,81.38077082,81.38077082,optimal,211,216,4.0,pass,83.22485435,82.42154498,81.38077082,81.38077082
diverse_rec,movielens_sample20of200_lambda0.5,20,15,1000,6,1,16,77.77029909,122.1194044,166.4497087,83.22485435,83.22485435,0,77.77029909,69.86345174,3.532471344,55.28481336,77.54010772,77.77029909,1,0.100,0.0086,23.674,83.6794096,83.22485435,166.4497087,83.22485435,83.22485435,20,20,1,0,83.22485435,83.22485435,83.22485435,-inf,5.275,0.277,0.008,0.037,86.1794096,0.021,35.677,83.22485435,86.1794096,83.22485435,1,0.5,4.472,81.62778235,81.62778235,optimal,217,221,3.4,pass,83.22485435,82.42154498,81.62778235,81.62778235
diverse_rec,movielens_sample20of200_lambda0.5,20,16,1000,6,1,17,79.54393383,129.2580379,166.4497087,83.22485435,83.22485435,0,79.54393383,70.30135597,3.747656118,57.0864481,79.25466337,79.54393383,1,0.103,0.0105,23.674,82.90577487,83.22485435,166.4497087,83.22485435,83.22485435,20,20,1,0,83.22485435,83.22485435,83.22485435,-inf,5.275,0.314,0.008,0.037,84.90577487,0.021,35.677,83.22485435,84.90577487,83.22485435,1,0.5,4.472,81.87394472,81.87394472,optimal,222,225,1.6,pass,83.22485435,82.42154498,81.87394472,81.87394472
diverse_rec,movielens_sample20of200_lambda0.5,20,17,1000,6,1,18,80.96937562,136.287693,166.4497087,83.22485435,83.22485435,17,80.96937562,70.69261252,3.872525311,56.98673809,80.60137853,80.96937562,1,0.105,0.0101,23.674,82.48033307,83.22485435,166.4497087,83.22485435,83.22485435,20,20,1,0,83.22485435,83.22485435,83.22485435,-inf,5.275,0.299,0.008,0.037,83.98033307,0.021,35.677,83.22485435,83.98033307,83.22485435,1,0.5,4.472,82.1124896,82.1124896,optimal,226,228,1.4,pass,83.22485435,82.42154498,82.1124896,82.1124896
diverse_rec,movielens_sample20of200_lambda0.5,20,18,1000,6,1,19,82.02816371,143.1648252,166.4497087,83.22485435,83.22485435,17,82.02816371,70.47779803,4.069168027,56.33452879,79.29663816,82.02816371,1,0.107,0.0119,23.674,82.42154498,83.22485435,166.4497087,83.22485435,83.22485435,20,20,1,0,83.22485435,83.22485435,83.22485435,-inf,5.275,0.292,0.008,0.037,83.42154498,0.021,35.677,83.22485435,83.42154498,83.22485435,1,0.5,4.472,82.36601502,82.36601502,optimal,229,230,1.4,pass,83.22485435,82.42154498,82.36601502,82.36601502
diverse_rec,movielens_sample20of200_lambda0.5,20,19,1000,6,1,20,82.72485435,149.8863864,166.4497087,83.22485435,83.22485435,19,82.72485435,70.76835016,4.142425948,54.60492439,81.86680413,82.72485435,1,0.109,0.0113,23.674,82.72485435,83.22485435,166.4497087,83.22485435,83.22485435,20,20,1,0,83.22485435,83.22485435,83.22485435,-inf,5.275,0.305,0.008,0.037,83.22485435,0.021,35.677,83.22485435,83.22485435,83.22485435,1,0.5,4.472,82.72485435,82.72485435,optimal,231,231,3.0,pass,83.22485435,82.72485435,82.72485435,82.72485435
diverse_rec,movielens_sample20of200_lambda0.5,20,20,1000,6,1,21,83.22485435,156.4497087,166.4497087,83.22485435,83.22485435,19,83.22485435,70.80652066,4.435212317,51.56400594,81.81750418,83.22485435,1,0.110,0.0169,23.674,83.22485435,83.22485435,166.4497087,83.22485435,83.22485435,20,20,1,0,83.22485435,83.22485435,83.22485435,83.22485435,5.275,0.303,0.008,0.037,83.22485435,0.021,35.677,83.22485435,83.22485435,83.22485435,1,0.5,4.472,83.22485435,83.22485435,optimal,232,231,0.9,pass,83.22485435,83.22485435,83.22485435,83.22485435
diverse_rec,movielens_sample20of200_lambda0.5,20,1,1000,7,1,2,9.504139193,9.504139193,175.5524016,9.504139193,9.504139193,0,9.504139193,9.504139193,5.400132437e-07,9.504139193,9.504139193,9.504139193,1,0.026,0.0005,27.180,9.504139193,87.77620081,175.5524016,87.77620081,87.77620081,20,20,1,0,87.77620081,87.77620081,87.77620081,-inf,2.432,0.266,0.009,0.041,9.504139193,0.025,41.031,9.504139193,9.504139193,9.504139193,1,0.5,10.104,9.504139193,9.504139193,optimal,42,60,1.6,pass,9.504139193,9.504139193,9.504139193,9.504139193
diverse_rec,movielens_sample20of200_lambda0.5,20,2,1000,7,1,3,18.28448118,18.9960793,175.5524016,18.72668025,18.72668025,0,18.28448118,18.26144285,0.02329894297,18.23419442,18.28448118,18.28448118,1,0.035,0.0008,27.180,18.97121407,87.77620081,175.5524016,87.77620081,87.77620081,20,20,1,0,87.77620081,87.77620081,87.77620081,-inf,2.432,0.279,0.009,0.041,18.9960793,0.025,41.031,18.72668025,18.9960793,18.72668025,1,0.5,10.104,18.97121407,18.72668025,optimal,61,78,0.8,pass,18.72668025,18.97121407,18.97121407,18.72668025
diverse_rec,movielens_sample20of200_lambda0.5,20,3,1000,7,1,4,26.5421725,28.21862035,175.5524016,27.91983595,27.91983595,0,26.5421725,26.29626535,0.1694339759,25.80384489,26.5421725,26.5421725,1,0.043,0.0012,27.180,28.15225152,87.77620081,175.5524016,87.77620081,87.77620081,20,20,1,0,87.77620081,87.77620081,87.77620081,-inf,2.432,0.272,0.009,0.041,28.21862035,0.025,41.031,27.91983595,28.21862035,27.91983595,1,0.5,10.104,28.15225152,27.91983595,optimal,79,95,0.9,pass,27.91983595,28.15225152,28.15225152,27.91983595
diverse_rec,movielens_sample20of200_lambda0.5,20,4,1000,7,1,5,34.01353565,37.41177606,175.5524016,36.81383676,36.81383676,0,34.01353565,33.54096259,0.3214880984,32.47697112,34.01353565,34.01353565,1,0.053,0.0024,27.180,37.16557076,87.77620081,175.5524016,87.77620081,87.77620081,20,20,1,0,87.77620081,87.77620081,87.77620081,-inf,2.432,0.250,0.009,0.041,37.41177606,0.025,41.031,36.81383676,37.41177606,36.81383676,1,0.5,10.104,37.16557076,36.81383676,optimal,96,111,1.0,pass,36.81383676,37.16557076,37.16557076,36.81383676
diverse_rec,movielens_sample20of200_lambda0.5,20,5,1000,7,1,6,41.03385056,46.30577686,175.5524016,45.61941847,45.61941847,0,41.03385056,40.16956766,0.4077162892,38.93422855,41.03385056,41.03385056,1,0.059,0.0034,27.180,45.87464724,87.77620081,175.5524016,87.77620081,87.77620081,20,20,1,0,87.77620081,87.77620081,87.77620081,-inf,2.432,0.283,0.009,0.041,46.30577686,0.025,41.031,45.61941847,46.30577686,45.61941847,1,0.5,10.104,45.87464724,45.61941847,optimal,112,126,1.2,pass,45.61941847,45.87464724,45.87464724,45.61941847
diverse_rec,movielens_sample20of200_lambda0.5,20,6,1000,7,1,7,47.21642241,55.11135858,175.5524016,54.14838647,54.14838647,0,47.21642241,46.25339938,0.4439287376,44.6612444,47.21642241,47.21642241,1,0.065,0.0040,27.180,54.23010639,87.77620081,175.5524016,87.77620081,87.77620081,20,20,1,0,87.77620081,87.77620081,87.77620081,-inf,2.432,0.279,0.009,0.041,55.11135858,0.025,41.031,54.14838647,55.11135858,54.14838647,1,0.5,10.104,54.23010639,54.14838647,optimal,127,140,2.0,pass,54.14838647,54.23010639,54.23010639,54.14838647
diverse_rec,movielens_sample20of200_lambda0.5,20,7,1000,7,1,8,52.92004568,63.6663235,175.5524016,62.44555532,62.44555532,0,52.92004568,51.85996146,0.4575625346,50.24045104,52.92004568,52.92004568,1,0.071,0.0038,27.180,62.27718598,87.77620081,175.5524016,87.77620081,87.77620081,20,20,1,0,87.77620081,87.77620081,87.77620081,-inf,2.432,0.279,0.009,0.041,63.6663235,0.025,41.031,62.44555532,63.6663235,62.44555532,1,0.5,10.104,62.27718598,62.27718598,optimal,141,153,1.7,pass,62.44555532,62.27718598,62.27718598,62.27718598
diverse_rec,movielens_sample20of200_lambda0.5,20,8,1000,7,1,9,58.10939571,72.1952915,175.5524016,70.68782795,70.68782795,0,58.05483287,56.94150314,0.4996161695,55.19707712,58.04510846,58.10939571,1,0.076,0.0051,27.180,70.15182408,87.77620081,175.5524016,87.77620081,87.77620081,20,20,1,0,87.77620081,87.77620081,87.77620081,-inf,2.432,0.310,0.009,0.041,72.1952915,0.025,41.031,70.68782795,72.1952915,70.68782795,1,0.5,10.104,70.14592719,70.14592719,optimal,154,165,5.0,pass,70.68782795,70.15182408,70.14592719,70.14592719
diverse_rec,movielens_sample20of200_lambda0.5,20,9,1000,7,1,10,62.83278877,80.49246035,175.5524016,78.71180966,78.71180966,0,62.83278877,61.6209053,0.5197980961,59.75008933,62.82772166,62.83278877,1,0.080,0.0057,27.180,77.93098764,87.77620081,175.5524016,87.77620081,87.77620081,20,20,1,0,87.77620081,87.77620081,87.77620081,-inf,2.432,0.301,0.009,0.041,80.49246035,0.025,41.031,78.71180966,80.49246035,78.71180966,1,0.5,10.104,77.8941515,77.8941515,optimal,166,176,5.3,pass,78.71180966,77.93098764,77.8941515,77.8941515
diverse_rec,movielens_sample20of200_lambda0.5,20,10,1000,7,1,11,67.18661238,88.77407493,175.5524016,86.18926712,86.18926712,0,67.18661238,65.76959837,0.5904492774,63.61520996,67.08439165,67.18661238,1,0.084,0.0078,27.180,85.06567281,87.77620081,175.5524016,87.77620081,87.77620081,20,20,1,0,87.77620081,87.77620081,87.77620081,-inf,2.432,0.270,0.009,0.041,88.77407493,0.025,41.031,86.18926712,88.77407493,86.18926712,1,0.5,10.104,84.5991905,84.5991905,optimal,177,186,2.2,pass,86.18926712,85.06567281,84.5991905,84.5991905
diverse_rec,movielens_sample20of200_lambda0.5,20,11,1000,7,1,12,71.10813969,97.01634756,175.5524016,87.77620081,87.77620081,11,71.10813969,69.09337711,1.345127818,63.51990596,71.02596288,71.10813969,1,0.088,0.0084,27.180,90.98953921,87.77620081,175.5524016,87.77620081,87.77620081,20,20,1,0,87.77620081,87.77620081,87.77620081,-inf,2.432,0.325,0.009,0.041,97.01634756,0.025,41.031,87.77620081,97.01634756,87.77620081,1,0.5,10.104,85.24713903,85.24713903,optimal,187,195,3.6,pass,87.77620081,86.97391798,85.24713903,85.24713903
diverse_rec,movielens_sample20of200_lambda0.5,20,12,1000,7,1,13,74.55770948,105.2166578,175.5524016,87.77620081,87.77620081,12,74.55770948,71.09748568,2.240728884,63.18814863,74.51780583,74.55770948,1,0.093,0.0079,27.180,92.99469214,87.77620081,175.5524016,87.77620081,87.77620081,20,20,1,0,87.77620081,87.77620081,87.77620081,-inf,2.432,0.275,0.009,0.041,96.99469214,0.025,41.031,87.77620081,96.99469214,87.77620081,1,0.5,10.104,85.48347383,85.48347383,optimal,196,203,3.9,pass,87.77620081,86.97391798,85.48347383,85.48347383
diverse_rec,movielens_sample20of200_lambda0.5,20,13,1000,7,1,14,77.58618467,113.3923311,175.5524016,87.77620081,87.77620081,12,77.58618467,72.43004441,2.90525832,63.18009411,77.12849911,77.58618467,1,0.097,0.0091,27.180,90.96621695,87.77620081,175.5524016,87.77620081,87.77620081,20,20,1,0,87.77620081,87.77620081,87.77620081,-inf,2.432,0.301,0.009,0.041,94.46621695,0.025,41.031,87.77620081,94.46621695,87.77620081,1,0.5,10.104,85.71220693,85.71220693,optimal,204,210,5.2,pass,87.77620081,86.97391798,85.71220693,85.71220693
diverse_rec,movielens_sample20of200_lambda0.5,20,14,1000,7,1,15,80.13381582,121.4163128,175.5524016,87.77620081,87.77620081,12,80.13381582,73.24146121,3.327504112,60.98714789,79.81719613,80.13381582,1,0.099,0.0125,27.180,89.41858581,87.77620081,175.5524016,87.77620081,87.77620081,20,20,1,0,87.77620081,87.77620081,87.77620081,-inf,2.432,0.322,0.009,0.041,92.41858581,0.025,41.031,87.77620081,92.41858581,87.77620081,1,0.5,10.104,85.95733999,85.95733999,optimal,211,216,2.5,pass,87.77620081,86.97391798,85.95733999,85.95733999
diverse_rec,movielens_sample20of200_lambda0.5,20,15,1000,7,1,16,82.33169189,129.2162333,175.5524016,87.77620081,87.77620081,12,82.33169189,73.94543586,3.603055143,59.78180133,81.87550173,82.33169189,1,0.102,0.0148,27.180,88.22070974,87.77620081,175.5524016,87.77620081,87.77620081,20,20,1,0,87.77620081,87.77620081,87.77620081,-inf,2.432,0.293,0.009,0.041,90.72070974,0.025,41.031,87.77620081,90.72070974,87.77620081,1,0.5,10.104,86.19661497,86.19661497,optimal,217,221,3.6,pass,87.77620081,86.97391798,86.19661497,86.19661497
diverse_rec,movielens_sample20of200_lambda0.5,20,16,1000,7,1,17,84.13872942,136.960682,175.5524016,87.77620081,87.77620081,12,84.13872942,74.49711867,3.856698601,58.9206866,83.53117761,84.13872942,1,0.106,0.0108,27.180,87.41367221,87.77620081,175.5524016,87.77620081,87.77620081,20,20,1,0,87.77620081,87.77620081,87.77620081,-inf,2.432,0.286,0.009,0.041,89.41367221,0.025,41.031,87.77620081,89.41367221,87.77620081,1,0.5,10.104,86.42410248,86.42410248,optimal,222,225,1.6,pass,87.77620081,86.97391798,86.42410248,86.42410248
diverse_rec,movielens_sample20of200_lambda0.5,20,17,1000,7,1,18,85.57848365,144.5200405,175.5524016,87.77620081,87.77620081,12,85.57848365,74.46306978,3.944052788,53.88717844,83.92685522,85.57848365,1,0.109,0.0116,27.180,86.97391798,87.77620081,175.5524016,87.77620081,87.77620081,20,20,1,0,87.77620081,87.77620081,87.77620081,-inf,2.432,0.313,0.009,0.041,88.47391798,0.025,41.031,87.77620081,88.47391798,87.77620081,1,0.5,10.104,86.64283691,86.64283691,optimal,226,228,1.5,pass,87.77620081,86.97391798,86.64283691,86.64283691
diverse_rec,movielens_sample20of200_lambda0.5,20,18,1000,7,1,19,86.56396729,151.997498,175.5524016,87.77620081,87.77620081,12,86.56396729,74.7758129,4.103711947,59.86741791,85.21657163,86.56396729,1,0.111,0.0116,27.180,86.98843433,87.77620081,175.5524016,87.77620081,87.77620081,20,20,1,0,87.77620081,87.77620081,87.77620081,-inf,2.432,0.301,0.009,0.041,87.98843433,0.025,41.031,87.77620081,87.98843433,87.77620081,1,0.5,10.104,86.92519234,86.92519234,optimal,229,230,2.8,pass,87.77620081,86.98843433,86.92519234,86.92519234
diverse_rec,movielens_sample20of200_lambda0.5,20,19,1000,7,1,20,87.27620081,159.1888491,175.5524016,87.77620081,87.77620081,12,87.27620081,74.73965802,4.354556434,58.41902677,85.28325416,87.27620081,1,0.112,0.0120,27.180,87.27620081,87.77620081,175.5524016,87.77620081,87.77620081,20,20,1,0,87.77620081,87.77620081,87.77620081,-inf,2.432,0.291,0.009,0.041,87.77620081,0.025,41.031,87.77620081,87.77620081,87.77620081,1,0.5,10.104,87.27620081,87.27620081,optimal,231,231,1.2,pass,87.77620081,87.27620081,87.27620081,87.27620081
diverse_rec,movielens_sample20of200_lambda0.5,20,20,1000,7,1,21,87.77620081,165.5524016,175.5524016,87.77620081,87.77620081,12,87.77620081,74.73730608,4.680415891,58.21707289,86.42465166,87.77620081,1,0.113,0.0159,27.180,87.77620081,87.77620081,175.5524016,87.77620081,87.77620081,20,20,1,0,87.77620081,87.77620081,87.77620081,87.77620081,2.432,0.309,0.009,0.041,87.77620081,0.025,41.031,87.77620081,87.77620081,87.77620081,1,0.5,10.104,87.77620081,87.77620081,optimal,232,231,0.8,pass,87.77620081,87.77620081,87.77620081,87.77620081
diverse_rec,movielens_sample20of200_lambda0.5,20,1,1000,8,1,2,10.35102075,10.35102075,179.6029447,10.35102075,10.35102075,0,10.35102075,10.35102075,2.149791923e-06,10.35102075,10.35102075,10.35102075,1,0.025,0.0008,24.682,10.35102075,89.80147234,179.6029447,89.80147234,89.80147234,20,20,1,0,89.80147234,89.80147234,89.80147234,-inf,1.040,0.261,0.009,0.045,10.35102075,0.019,31.388,10.35102075,10.35102075,10.35102075,1,0.5,0.969,10.35102075,10.35102075,optimal,42,60,1.6,pass,10.35102075,10.35102075,10.35102075,10.35102075
diverse_rec,movielens_sample20of200_lambda0.5,20,2,1000,8,1,3,19.85867079,20.55041109,179.6029447,20.35685321,20.35685321,0,19.85867079,19.76020115,0.1076904612,19.59970254,19.85867079,19.85867079,1,0.034,0.0013,24.682,20.52346319,89.80147234,179.6029447,89.80147234,89.80147234,20,20,1,0,89.80147234,89.80147234,89.80147234,-inf,1.040,0.253,0.009,0.045,20.55041109,0.019,31.388,20.35685321,20.55041109,20.35685321,1,0.5,0.969,20.52346319,20.35685321,optimal,61,78,0.8,pass,20.35685321,20.52346319,20.52346319,20.35685321
diverse_rec,movielens_sample20of200_lambda0.5,20,3,1000,8,1,4,28.62285037,30.55624355,179.6029447,29.97152748,29.97152748,0,28.62285037,28.09113507,0.3283434911,27.38857948,28.62285037,28.62285037,1,0.042,0.0020,24.682,30.39310959,89.80147234,179.6029447,89.80147234,89.80147234,20,20,1,0,89.80147234,89.80147234,89.80147234,-inf,1.040,0.257,0.009,0.045,30.55624355,0.019,31.388,29.97152748,30.55624355,29.97152748,1,0.5,0.969,30.39310959,29.97152748,optimal,79,95,0.9,pass,29.97152748,30.39310959,30.39310959,29.97152748
diverse_rec,movielens_sample20of200_lambda0.5,20,4,1000,8,1,5,36.3268292,40.17091782,179.6029447,39.44989074,39.44989074,0,36.3268292,35.71275318,0.3979427557,34.52575229,36.3268292,36.3268292,1,0.049,0.0030,24.682,39.80590386,89.80147234,179.6029447,89.80147234,89.80147234,20,20,1,0,89.80147234,89.80147234,89.80147234,-inf,1.040,0.238,0.009,0.045,40.17091782,0.019,31.388,39.44989074,40.17091782,39.44989074,1,0.5,0.969,39.80590386,39.44989074,optimal,96,111,1.0,pass,39.44989074,39.80590386,39.80590386,39.44989074
diverse_rec,movielens_sample20of200_lambda0.5,20,5,1000,8,1,6,43.42163945,49.64928108,179.6029447,48.78115629,48.78115629,0,43.42163945,42.66939908,0.4355769607,41.13517503,43.42163945,43.42163945,1,0.056,0.0048,24.682,48.9883838,89.80147234,179.6029447,89.80147234,89.80147234,20,20,1,0,89.80147234,89.80147234,89.80147234,-inf,1.040,0.265,0.009,0.045,49.64928108,0.019,31.388,48.78115629,49.64928108,48.78115629,1,0.5,0.969,48.9883838,48.78115629,optimal,112,126,1.0,pass,48.78115629,48.9883838,48.9883838,48.78115629
diverse_rec,movielens_sample20of200_lambda0.5,20,6,1000,8,1,7,49.97635771,58.98054663,179.6029447,57.97896555,57.97896555,0,49.97635771,49.02785278,0.5083439234,47.54949297,49.97635771,49.97635771,1,0.063,0.0027,24.682,57.93122408,89.80147234,179.6029447,89.80147234,89.80147234,20,20,1,0,89.80147234,89.80147234,89.80147234,-inf,1.040,0.255,0.009,0.045,58.98054663,0.019,31.388,57.97896555,58.98054663,57.97896555,1,0.5,0.969,57.93122408,57.93122408,optimal,127,140,1.2,pass,57.97896555,57.93122408,57.93122408,57.93122408
diverse_rec,movielens_sample20of200_lambda0.5,20,7,1000,8,1,8,55.92581288,68.17946317,179.6029447,66.79655516,66.79655516,0,55.92581288,54.75873036,0.5799608034,52.17685133,55.92581288,55.92581288,1,0.069,0.0033,24.682,66.62041612,89.80147234,179.6029447,89.80147234,89.80147234,20,20,1,0,89.80147234,89.80147234,89.80147234,-inf,1.040,0.277,0.009,0.045,68.17946317,0.019,31.388,66.79655516,68.17946317,66.79655516,1,0.5,0.969,66.62041612,66.62041612,optimal,141,153,3.2,pass,66.79655516,66.62041612,66.62041612,66.62041612
diverse_rec,movielens_sample20of200_lambda0.5,20,8,1000,8,1,9,61.31641724,77.37727243,179.6029447,75.20566985,75.20566985,0,61.31641724,59.80348007,0.6722500781,57.38217035,61.31641724,61.31641724,1,0.076,0.0042,24.682,74.8399108,89.80147234,179.6029447,89.80147234,89.80147234,20,20,1,0,89.80147234,89.80147234,89.80147234,-inf,1.040,0.287,0.009,0.045,77.37727243,0.019,31.388,75.20566985,77.37727243,75.20566985,1,0.5,0.969,74.71101292,74.71101292,optimal,154,165,2.4,pass,75.20566985,74.8399108,74.71101292,74.71101292
diverse_rec,movielens_sample20of200_lambda0.5,20,9,1000,8,1,10,66.15448433,86.40850653,179.6029447,83.0163632,83.0163632,0,66.15448433,64.25772412,0.7860423581,61.10908997,66.15448433,66.15448433,1,0.081,0.0053,24.682,82.00963257,89.80147234,179.6029447,89.80147234,89.80147234,20,20,1,0,89.80147234,89.80147234,89.80147234,-inf,1.040,0.285,0.009,0.045,86.40850653,0.019,31.388,83.0163632,86.40850653,83.0163632,1,0.5,0.969,81.84344838,81.84344838,optimal,166,176,3.3,pass,83.0163632,82.00963257,81.84344838,81.84344838
diverse_rec,movielens_sample20of200_lambda0.5,20,10,1000,8,1,11,70.46860588,95.22609614,179.6029447,89.26832716,89.26832716,0,70.46860588,68.25497634,0.888135853,64.96158453,70.34212443,70.46860588,1,0.085,0.0054,24.682,87.798952,89.80147234,179.6029447,89.80147234,89.80147234,20,20,1,0,89.80147234,89.80147234,89.80147234,-inf,1.040,0.293,0.009,0.045,95.22609614,0.019,31.388,89.26832716,95.22609614,89.26832716,1,0.5,0.969,86.86083323,86.86083323,optimal,177,186,2.3,pass,89.26832716,87.798952,86.86083323,86.86083323
diverse_rec,movielens_sample20of200_lambda0.5,20,11,1000,8,1,12,74.21909174,104.0152619,179.6029447,89.80147234,89.80147234,6,74.21909174,71.26187753,1.503193899,64.27142464,74.00194856,74.21909174,1,0.089,0.0085,24.682,92.25576578,89.80147234,179.6029447,89.80147234,89.80147234,20,20,1,0,89.80147234,89.80147234,89.80147234,-inf,1.040,0.300,0.009,0.045,100.8838529,0.019,31.388,89.80147234,100.8838529,89.80147234,1,0.5,0.969,87.2560104,87.2560104,optimal,187,195,5.0,pass,89.80147234,88.99081637,87.2560104,87.2560104
diverse_rec,movielens_sample20of200_lambda0.5,20,12,1000,8,1,13,77.50760617,112.4243766,179.6029447,89.80147234,89.80147234,6,77.50760617,73.19567024,2.38739355,64.56585714,77.33270337,77.50760617,1,0.093,0.0080,24.682,94.09533851,89.80147234,179.6029447,89.80147234,89.80147234,20,20,1,0,89.80147234,89.80147234,89.80147234,-inf,1.040,0.294,0.009,0.045,98.09533851,0.019,31.388,89.80147234,98.09533851,89.80147234,1,0.5,0.969,87.4756503,87.4756503,optimal,196,203,5.8,pass,89.80147234,88.99081637,87.4756503,87.4756503
diverse_rec,movielens_sample20of200_lambda0.5,20,13,1000,8,1,14,80.29348503,120.5858013,179.6029447,89.80147234,89.80147234,6,80.29348503,74.44664418,3.01417243,63.91234168,80.15070883,80.29348503,1,0.096,0.0089,24.682,92.30945965,89.80147234,179.6029447,89.80147234,89.80147234,20,20,1,0,89.80147234,89.80147234,89.80147234,-inf,1.040,0.292,0.009,0.045,95.80945965,0.019,31.388,89.80147234,95.80945965,89.80147234,1,0.5,0.969,87.69171322,87.69171322,optimal,204,210,1.8,pass,89.80147234,88.99081637,87.69171322,87.69171322
diverse_rec,movielens_sample20of200_lambda0.5,20,14,1000,8,1,15,82.69145357,128.687503,179.6029447,89.80147234,89.80147234,6,82.69145357,75.16726792,3.253189064,64.83671563,82.04795478,82.69145357,1,0.099,0.0085,24.682,90.91149111,89.80147234,179.6029447,89.80147234,89.80147234,20,20,1,0,89.80147234,89.80147234,89.80147234,-inf,1.040,0.300,0.009,0.045,93.91149111,0.019,31.388,89.80147234,93.91149111,89.80147234,1,0.5,0.969,87.94837247,87.94837247,optimal,211,216,3.1,pass,89.80147234,88.99081637,87.94837247,87.94837247
diverse_rec,movielens_sample20of200_lambda0.5,20,15,1000,8,1,16,84.72356644,136.4981964,179.6029447,89.80147234,89.80147234,6,84.72356644,75.65265274,3.789991485,58.56603947,83.82818417,84.72356644,1,0.101,0.0114,24.682,89.87937824,89.80147234,179.6029447,89.80147234,89.80147234,20,20,1,0,89.80147234,89.80147234,89.80147234,-inf,1.040,0.293,0.009,0.045,92.37937824,0.019,31.388,89.80147234,92.37937824,89.80147234,1,0.5,0.969,88.16674559,88.16674559,optimal,217,221,2.5,pass,89.80147234,88.99081637,88.16674559,88.16674559
diverse_rec,movielens_sample20of200_lambda0.5,20,16,1000,8,1,17,86.34245161,143.6856312,179.6029447,89.80147234,89.80147234,6,86.32456478,76.05269646,3.931741783,62.06908224,85.7596924,86.34245161,1,0.103,0.0093,24.682,89.2783799,89.80147234,179.6029447,89.80147234,89.80147234,20,20,1,0,89.80147234,89.80147234,89.80147234,-inf,1.040,0.304,0.009,0.045,91.2783799,0.019,31.388,89.80147234,91.2783799,89.80147234,1,0.5,0.969,88.40838416,88.40838416,optimal,222,225,2.7,pass,89.80147234,88.99081637,88.40838416,88.40838416
diverse_rec,movielens_sample20of200_lambda0.5,20,17,1000,8,1,18,87.64073195,150.5950071,179.6029447,89.80147234,89.80147234,6,87.61212831,76.4678407,4.115705428,59.41417919,85.98052586,87.64073195,1,0.106,0.0120,24.682,88.99081637,89.80147234,179.6029447,89.80147234,89.80147234,20,20,1,0,89.80147234,89.80147234,89.80147234,-inf,1.040,0.292,0.009,0.045,90.49081637,0.019,31.388,89.80147234,90.49081637,89.80147234,1,0.5,0.969,88.66820189,88.66820189,optimal,226,228,3.3,pass,89.80147234,88.99081637,88.66820189,88.66820189
diverse_rec,movielens_sample20of200_lambda0.5,20,18,1000,8,1,19,88.64203401,157.4196858,179.6029447,89.80147234,89.80147234,6,88.60991928,76.54134782,4.52011814,60.20323773,87.3441815,88.64203401,1,0.108,0.0113,24.682,88.9930254,89.80147234,179.6029447,89.80147234,89.80147234,20,20,1,0,89.80147234,89.80147234,89.80147234,-inf,1.040,0.313,0.009,0.045,89.9930254,0.019,31.388,89.80147234,89.9930254,89.80147234,1,0.5,0.969,88.93996718,88.93996718,optimal,229,230,1.5,pass,89.80147234,88.9930254,88.93996718,88.93996718
diverse_rec,movielens_sample20of200_lambda0.5,20,19,1000,8,1,20,89.30147234,163.6716497,179.6029447,89.80147234,89.80147234,6,89.30147234,76.5377162,4.516388153,57.21755336,86.92354624,89.30147234,1,0.110,0.0131,24.682,89.30147234,89.80147234,179.6029447,89.80147234,89.80147234,20,20,1,0,89.80147234,89.80147234,89.80147234,-inf,1.040,0.306,0.009,0.045,89.80147234,0.019,31.388,89.80147234,89.80147234,89.80147234,1,0.5,0.969,89.30147234,89.30147234,optimal,231,231,2.5,pass,89.80147234,89.30147234,89.30147234,89.30147234
diverse_rec,movielens_sample20of200_lambda0.5,20,20,1000,8,1,21,89.80147234,169.6029447,179.6029447,89.80147234,89.80147234,6,89.80147234,76.76225261,4.665713306,58.97169421,87.27869715,89.80147234,1,0.111,0.0146,24.682,89.80147234,89.80147234,179.6029447,89.80147234,89.80147234,20,20,1,0,89.80147234,89.80147234,89.80147234,89.80147234,1.040,0.305,0.009,0.045,89.80147234,0.019,31.388,89.80147234,89.80147234,89.80147234,1,0.5,0.969,89.80147234,89.80147234,optimal,232,231,2.5,pass,89.80147234,89.80147234,89.80147234,89.80147234
diverse_rec,movielens_sample20of200_lambda0.5,20,1,1000,9,1,2,9.644608638,9.644608638,168.3157954,9.644608638,9.644608638,0,9.644608638,9.644608638,9.728534275e-07,9.644608638,9.644608638,9.644608638,1,0.025,0.0006,25.054,9.644608638,84.15789772,168.3157954,84.15789772,84.15789772,20,20,1,0,84.15789772,84.15789772,84.15789772,-inf,4.079,0.284,0.010,0.041,9.644608638,0.030,57.407,9.644608638,9.644608638,9.644608638,1,0.5,13.216,9.644608638,9.644608638,optimal,42,60,0.7,pass,9.644608638,9.644608638,9.644608638,9.644608638
diverse_rec,movielens_sample20of200_lambda0.5,20,2,1000,9,1,3,17.98256757,18.66643232,168.3157954,18.58562432,18.58562432,0,17.98256757,17.84628811,0.2323466656,17.40870255,17.98256757,17.98256757,1,0.033,0.0011,25.054,18.60935371,84.15789772,168.3157954,84.15789772,84.15789772,20,20,1,0,84.15789772,84.15789772,84.15789772,-inf,4.079,0.254,0.010,0.041,18.66643232,0.030,57.407,18.58562432,18.66643232,18.58562432,1,0.5,13.216,18.60935371,18.58562432,optimal,61,78,0.8,pass,18.58562432,18.60935371,18.60935371,18.58562432
diverse_rec,movielens_sample20of200_lambda0.5,20,3,1000,9,1,4,25.72529271,27.607448,168.3157954,27.30899576,27.30899576,0,25.72529271,25.36255753,0.3174726837,24.71836018,25.72529271,25.72529271,1,0.042,0.0012,25.054,27.43304688,84.15789772,168.3157954,84.15789772,84.15789772,20,20,1,0,84.15789772,84.15789772,84.15789772,-inf,4.079,0.256,0.010,0.041,27.607448,0.030,57.407,27.30899576,27.607448,27.30899576,1,0.5,13.216,27.43304688,27.30899576,optimal,79,95,0.9,pass,27.30899576,27.43304688,27.43304688,27.30899576
diverse_rec,movielens_sample20of200_lambda0.5,20,4,1000,9,1,5,32.79032879,36.33081944,168.3157954,35.85655128,35.85655128,0,32.79032879,32.34926168,0.3317135572,31.35993611,32.79032879,32.79032879,1,0.049,0.0017,25.054,35.96162606,84.15789772,168.3157954,84.15789772,84.15789772,20,20,1,0,84.15789772,84.15789772,84.15789772,-inf,4.079,0.260,0.010,0.041,36.33081944,0.030,57.407,35.85655128,36.33081944,35.85655128,1,0.5,13.216,35.96162606,35.85655128,optimal,96,111,0.9,pass,35.85655128,35.96162606,35.96162606,35.85655128
diverse_rec,movielens_sample20of200_lambda0.5,20,5,1000,9,1,6,39.26512447,44.87837496,168.3157954,44.36482219,44.36482219,0,39.26512447,38.70421942,0.4235203224,37.23562535,39.26512447,39.26512447,1,0.056,0.0032,25.054,44.33875544,84.15789772,168.3157954,84.15789772,84.15789772,20,20,1,0,84.15789772,84.15789772,84.15789772,-inf,4.079,0.269,0.010,0.041,44.87837496,0.030,57.407,44.36482219,44.87837496,44.36482219,1,0.5,13.216,44.33875544,44.33875544,optimal,112,126,1.1,pass,44.36482219,44.33875544,44.33875544,44.33875544
diverse_rec,movielens_sample20of200_lambda0.5,20,6,1000,9,1,7,45.35090086,53.38664588,168.3157954,52.30496303,52.30496303,0,45.35090086,44.48519971,0.5091824362,42.35252698,45.35090086,45.35090086,1,0.062,0.0029,25.054,52.3212943,84.15789772,168.3157954,84.15789772,84.15789772,20,20,1,0,84.15789772,84.15789772,84.15789772,-inf,4.079,0.291,0.010,0.041,53.38664588,0.030,57.407,52.30496303,53.38664588,52.30496303,1,0.5,13.216,52.3212943,52.30496303,optimal,127,140,1.2,pass,52.30496303,52.3212943,52.3212943,52.30496303
diverse_rec,movielens_sample20of200_lambda0.5,20,7,1000,9,1,8,50.84604954,61.73090334,168.3157954,60.17533272,60.17533272,0,50.84604954,49.79647037,0.5677979232,47.74607597,50.84604954,50.84604954,1,0.068,0.0033,25.054,59.8489744,84.15789772,168.3157954,84.15789772,84.15789772,20,20,1,0,84.15789772,84.15789772,84.15789772,-inf,4.079,0.270,0.010,0.041,61.73090334,0.030,57.407,60.17533272,61.73090334,60.17533272,1,0.5,13.216,59.8489744,59.8489744,optimal,141,153,3.4,pass,60.17533272,59.8489744,59.8489744,59.8489744
diverse_rec,movielens_sample20of200_lambda0.5,20,8,1000,9,1,9,55.91078663,69.67104417,168.3157954,67.96659473,67.96659473,0,55.91078663,54.59291357,0.625441636,52.22030249,55.91078663,55.91078663,1,0.074,0.0053,25.054,67.26503936,84.15789772,168.3157954,84.15789772,84.15789772,20,20,1,0,84.15789772,84.15789772,84.15789772,-inf,4.079,0.306,0.010,0.041,69.67104417,0.030,57.407,67.96659473,69.67104417,67.96659473,1,0.5,13.216,67.25948556,67.25948556,optimal,154,165,3.7,pass,67.96659473,67.26503936,67.25948556,67.25948556
diverse_rec,movielens_sample20of200_lambda0.5,20,9,1000,9,1,10,60.42459854,77.54141386,168.3157954,75.37869619,75.37869619,0,60.42459854,58.99038935,0.6360548735,56.7673457,60.42459854,60.42459854,1,0.078,0.0058,25.054,74.42204242,84.15789772,168.3157954,84.15789772,84.15789772,20,20,1,0,84.15789772,84.15789772,84.15789772,-inf,4.079,0.303,0.010,0.041,77.54141386,0.030,57.407,75.37869619,77.54141386,75.37869619,1,0.5,13.216,74.27283766,74.27283766,optimal,166,176,4.3,pass,75.37869619,74.42204242,74.27283766,74.27283766
diverse_rec,movielens_sample20of200_lambda0.5,20,10,1000,9,1,11,64.53870049,85.38275111,168.3157954,82.3677087,82.3677087,0,64.53870049,62.90276064,0.6626762667,60.35495906,64.38603953,64.53870049,1,0.082,0.0056,25.054,80.78839525,84.15789772,168.3157954,84.15789772,84.15789772,20,20,1,0,84.15789772,84.15789772,84.15789772,-inf,4.079,0.291,0.010,0.041,85.38275111,0.030,57.407,82.3677087,85.38275111,82.3677087,1,0.5,13.216,80.54300596,80.54300596,optimal,177,186,2.6,pass,82.3677087,80.78839525,80.54300596,80.54300596
diverse_rec,movielens_sample20of200_lambda0.5,20,11,1000,9,1,12,68.1632448,93.17401313,168.3157954,84.15789772,84.15789772,2,68.1632448,66.12260054,1.321872104,60.09596685,67.96951764,68.1632448,1,0.088,0.0077,25.054,86.46906569,84.15789772,168.3157954,84.15789772,84.15789772,20,20,1,0,84.15789772,84.15789772,84.15789772,-inf,4.079,0.308,0.010,0.041,93.17401313,0.030,57.407,84.15789772,93.17401313,84.15789772,1,0.5,13.216,81.60117363,81.60117363,optimal,187,195,4.3,pass,84.15789772,83.36568051,81.60117363,81.60117363
diverse_rec,movielens_sample20of200_lambda0.5,20,12,1000,9,1,13,71.38167564,100.9569745,168.3157954,84.15789772,84.15789772,2,71.38167564,68.07866169,2.167787173,58.345657,71.32690761,71.38167564,1,0.092,0.0100,25.054,88.93411981,84.15789772,168.3157954,84.15789772,84.15789772,20,20,1,0,84.15789772,84.15789772,84.15789772,-inf,4.079,0.289,0.010,0.041,92.93411981,0.030,57.407,84.15789772,92.93411981,84.15789772,1,0.5,13.216,81.83664988,81.83664988,optimal,196,203,2.5,pass,84.15789772,83.36568051,81.83664988,81.83664988
diverse_rec,movielens_sample20of200_lambda0.5,20,13,1000,9,1,14,74.24510657,108.5546303,168.3157954,84.15789772,84.15789772,2,74.23150257,69.27375712,2.82936476,56.98143855,74.19873317,74.24510657,1,0.095,0.0095,25.054,87.08429288,84.15789772,168.3157954,84.15789772,84.15789772,20,20,1,0,84.15789772,84.15789772,84.15789772,-inf,4.079,0.315,0.010,0.041,90.58429288,0.030,57.407,84.15789772,90.58429288,84.15789772,1,0.5,13.216,82.07939333,82.07939333,optimal,204,210,1.7,pass,84.15789772,83.36568051,82.07939333,82.07939333
diverse_rec,movielens_sample20of200_lambda0.5,20,14,1000,9,1,15,76.7475301,115.9667318,168.3157954,84.15789772,84.15789772,2,76.707912,70.14347442,3.05432544,59.0669312,76.5007651,76.7475301,1,0.097,0.0082,25.054,85.60788345,84.15789772,168.3157954,84.15789772,84.15789772,20,20,1,0,84.15789772,84.15789772,84.15789772,-inf,4.079,0.302,0.010,0.041,88.60788345,0.030,57.407,84.15789772,88.60788345,84.15789772,1,0.5,13.216,82.32801326,82.32801326,optimal,211,216,2.4,pass,84.15789772,83.36568051,82.32801326,82.32801326
diverse_rec,movielens_sample20of200_lambda0.5,20,15,1000,9,1,16,78.87966072,123.3603771,168.3157954,84.15789772,84.15789772,2,78.87966072,70.63476973,3.603891177,55.61067473,78.31377732,78.87966072,1,0.100,0.0102,25.054,84.43613472,84.15789772,168.3157954,84.15789772,84.15789772,20,20,1,0,84.15789772,84.15789772,84.15789772,-inf,4.079,0.285,0.010,0.041,86.93613472,0.030,57.407,84.15789772,86.93613472,84.15789772,1,0.5,13.216,82.55023355,82.55023355,optimal,217,221,2.5,pass,84.15789772,83.36568051,82.55023355,82.55023355
diverse_rec,movielens_sample20of200_lambda0.5,20,16,1000,9,1,17,80.6718368,130.7323904,168.3157954,84.15789772,84.15789772,2,80.6718368,71.00196195,3.839293886,56.90173628,79.9301002,80.6718368,1,0.102,0.0116,25.054,83.64395865,84.15789772,168.3157954,84.15789772,84.15789772,20,20,1,0,84.15789772,84.15789772,84.15789772,-inf,4.079,0.274,0.010,0.041,85.64395865,0.030,57.407,84.15789772,85.64395865,84.15789772,1,0.5,13.216,82.76046587,82.76046587,optimal,222,225,3.1,pass,84.15789772,83.36568051,82.76046587,82.76046587
diverse_rec,movielens_sample20of200_lambda0.5,20,17,1000,9,1,18,81.93402929,138.0550473,168.3157954,84.15789772,84.15789772,2,81.93402929,71.37138205,3.86022056,52.76335627,80.12128661,81.93402929,1,0.104,0.0144,25.054,83.38176616,84.15789772,168.3157954,84.15789772,84.15789772,20,20,1,0,84.15789772,84.15789772,84.15789772,-inf,4.079,0.309,0.010,0.041,84.88176616,0.030,57.407,84.15789772,84.88176616,84.15789772,1,0.5,13.216,83.03609867,83.03609867,optimal,226,228,1.5,pass,84.15789772,83.36568051,83.03609867,83.03609867
diverse_rec,movielens_sample20of200_lambda0.5,20,18,1000,9,1,19,82.95011494,145.0440598,168.3157954,84.15789772,84.15789772,18,82.95011494,71.60833643,3.981719487,57.33856921,80.24360266,82.95011494,1,0.107,0.0133,25.054,83.36568051,84.15789772,168.3157954,84.15789772,84.15789772,20,20,1,0,84.15789772,84.15789772,84.15789772,-inf,4.079,0.289,0.010,0.041,84.36568051,0.030,57.407,84.15789772,84.36568051,84.15789772,1,0.5,13.216,83.30468201,83.30468201,optimal,229,230,1.4,pass,84.15789772,83.36568051,83.30468201,83.30468201
diverse_rec,movielens_sample20of200_lambda0.5,20,19,1000,9,1,20,83.65789772,151.7142546,168.3157954,84.15789772,84.15789772,18,83.65789772,71.61578327,4.225201756,55.78598498,81.68335086,83.65789772,1,0.108,0.0122,25.054,83.65789772,84.15789772,168.3157954,84.15789772,84.15789772,20,20,1,0,84.15789772,84.15789772,84.15789772,-inf,4.079,0.277,0.010,0.041,84.15789772,0.030,57.407,84.15789772,84.15789772,84.15789772,1,0.5,13.216,83.65789772,83.65789772,optimal,231,231,1.3,pass,84.15789772,83.65789772,83.65789772,83.65789772
diverse_rec,movielens_sample20of200_lambda0.5,20,20,1000,9,1,21,84.15789772,158.3157954,168.3157954,84.15789772,84.15789772,18,84.15789772,71.61671237,4.385436341,55.55113585,80.27177455,84.15789772,1,0.110,0.0118,25.054,84.15789772,84.15789772,168.3157954,84.15789772,84.15789772,20,20,1,0,84.15789772,84.15789772,84.15789772,84.15789772,4.079,0.312,0.010,0.041,84.15789772,0.030,57.407,84.15789772,84.15789772,84.15789772,1,0.5,13.216,84.15789772,84.15789772,optimal,232,231,1.0,pass,84.15789772,84.15789772,84.15789772,84.15789772
