problem,instance,n,k,trials,seed,chain_stride,chain_len,opt,top_k_bound,total_bound,dual_bound,dual_bound_S0,dual_best_prefix,greedy,rg_mean,rg_std,rg_min,rg_max,best_found,dual_valid,time_dual_ms,time_rg_ms,time_opt_ms,lp_bound,gamma1_bound,gamma1_noprune,mu2_bound,mu3_bound,lattice_A_size,lattice_B_size,prune_rounds,f_empty,f_V,opt_unconstrained,lattice_opt_unconstrained,lattice_opt_k,time_lp_export_ms,time_lp_ms,time_gamma1_ms,time_mu_ms,marginal_bound,time_marginal_ms,time_hybrid_export_ms,m1_bound,m2_bound,a2_bound,monotone_flag,min_f_a_V_minus_a,time_monotone_ms,hybrid_bound,best_bound,hybrid_status,hybrid_rows,hybrid_cols,time_hybrid_solve_ms,hybrid_certificate,dual_bound_mono,lp_bound_mono,hybrid_bound_mono,best_bound_mono
diverse_rec,movielens_sample20of200_lambda0.75,20,1,1000,0,1,2,8.769434616,8.769434616,160.7807836,8.769434616,8.769434616,0,8.769434616,8.769434616,0,8.769434616,8.769434616,8.769434616,1,0.031,0.0015,29.446,8.769434616,114.3803805,114.3803805,94.90057607,95.37872976,0,20,0,0,40.19519589,52.09630163,52.09630163,8.769434616,1.337,0.274,0.007,0.026,8.769434616,0.019,34.403,8.769434616,8.769434616,8.769434616,0,-4.009717308,22.602,8.769434616,8.769434616,optimal,42,60,3.2,pass,8.769434616,8.769434616,8.769434616,8.769434616
diverse_rec,movielens_sample20of200_lambda0.75,20,2,1000,0,1,3,16.66101178,17.50844685,160.7807836,16.66101178,16.66101178,0,16.66101178,16.22189551,0.4509292441,15.73865879,16.66101178,16.66101178,1,0.041,0.0013,29.446,17.42910775,114.3803805,114.3803805,94.90057607,95.37872976,0,20,0,0,40.19519589,52.09630163,52.09630163,16.66101178,1.337,0.253,0.007,0.026,17.50844685,0.019,34.403,16.66101178,17.50844685,16.66101178,0,-4.009717308,22.602,17.40599882,16.66101178,optimal,61,78,4.1,pass,16.66101178,17.42910775,17.40599882,16.66101178
diverse_rec,movielens_sample20of200_lambda0.75,20,3,1000,0,1,4,22.97054917,25.2102681,160.7807836,24.26281976,24.26281976,0,22.97054917,22.366197,0.5229632063,21.04279357,22.97054917,22.97054917,1,0.049,0.0019,29.446,24.97978341,114.3803805,114.3803805,94.90057607,95.37872976,0,20,0,0,40.19519589,52.09630163,52.09630163,22.97054917,1.337,0.250,0.007,0.026,25.2102681,0.019,34.403,24.26281976,25.2102681,24.26281976,0,-4.009717308,22.602,24.97449268,24.26281976,optimal,79,95,3.7,pass,24.26281976,24.97978341,24.97449268,24.26281976
diverse_rec,movielens_sample20of200_lambda0.75,20,4,1000,0,1,5,28.57958638,32.81207609,160.7807836,31.86333918,31.86333918,0,28.57958638,27.87274878,0.5171987292,26.62066368,28.57958638,28.57958638,1,0.059,0.0028,29.446,32.41805412,114.3803805,114.3803805,94.90057607,95.37872976,0,20,0,0,40.19519589,52.09630163,52.09630163,28.57958638,1.337,0.253,0.007,0.026,32.81207609,0.019,34.403,31.86333918,32.81207609,31.86333918,0,-4.009717308,22.602,32.41716095,31.86333918,optimal,96,111,2.8,pass,31.86333918,32.41805412,32.41716095,31.86333918
diverse_rec,movielens_sample20of200_lambda0.75,20,5,1000,0,1,6,33.4871936,40.4125955,160.7807836,39.37890962,39.37890962,0,33.4871936,32.77459396,0.4574333897,31.60517018,33.4871936,33.4871936,1,0.065,0.0033,29.446,39.82764554,114.3803805,114.3803805,94.90057607,95.37872976,0,20,0,0,40.19519589,52.09630163,52.09630163,33.4871936,1.337,0.258,0.007,0.026,40.4125955,0.019,34.403,39.37890962,40.4125955,39.37890962,0,-4.009717308,22.602,39.81255104,39.37890962,optimal,112,126,4.7,pass,39.37890962,39.82764554,39.81255104,39.37890962
diverse_rec,movielens_sample20of200_lambda0.75,20,6,1000,0,1,7,37.83538651,47.97987372,160.7807836,46.63107,46.63107,0,37.83538651,37.07919266,0.4243348864,35.76727521,37.83538651,37.83538651,1,0.071,0.0028,29.446,47.19566895,114.3803805,114.3803805,94.90057607,95.37872976,0,20,0,0,40.19519589,52.09630163,52.09630163,37.83538651,1.337,0.258,0.007,0.026,47.97987372,0.019,34.403,46.63107,47.97987372,46.63107,0,-4.009717308,22.602,47.13422312,46.63107,optimal,127,140,2.5,pass,46.63107,47.19566895,47.13422312,46.63107
diverse_rec,movielens_sample20of200_lambda0.75,20,7,1000,0,1,8,41.54774561,55.49544415,160.7807836,53.64668558,53.64668558,0,41.54774561,40.79980603,0.3977451126,39.48362582,41.54774561,41.54774561,1,0.077,0.0035,29.446,54.51383844,114.3803805,114.3803805,94.90057607,95.37872976,0,20,0,0,40.19519589,52.09630163,52.09630163,41.54774561,1.337,0.260,0.007,0.026,55.49544415,0.019,34.403,50.95764229,55.49544415,50.95764229,0,-4.009717308,22.602,54.11909346,53.64668558,optimal,141,153,3.0,pass,53.64668558,54.51383844,54.11909346,53.64668558
diverse_rec,movielens_sample20of200_lambda0.75,20,8,1000,0,1,9,44.61842802,63.00020786,160.7807836,60.52612678,60.52612678,0,44.58862015,43.93962224,0.3657069418,42.6245114,44.61842802,44.61842802,1,0.083,0.0048,29.446,61.58812154,114.3803805,114.3803805,94.90057607,95.37872976,0,20,0,0,40.19519589,52.09630163,52.09630163,44.61842802,1.337,0.295,0.007,0.026,63.00020786,0.019,34.403,50.95764229,63.00020786,50.95764229,0,-4.009717308,22.602,60.86621321,60.52612678,optimal,154,165,6.5,pass,60.52612678,61.58812154,60.86621321,60.52612678
diverse_rec,movielens_sample20of200_lambda0.75,20,9,1000,0,1,10,47.19539495,70.47172592,160.7807836,67.3296989,67.3296989,0,47.13531594,46.45419759,0.3363324097,45.0473239,47.09911205,47.19539495,1,0.087,0.0058,29.446,68.46429706,114.3803805,114.3803805,94.90057607,95.37872976,0,20,0,0,40.19519589,52.09630163,52.09630163,47.19539495,1.337,0.308,0.007,0.026,70.47172592,0.019,34.403,50.95764229,63.87034309,50.95764229,0,-4.009717308,22.602,67.49558327,67.3296989,optimal,166,176,1.7,pass,67.3296989,68.46429706,67.49558327,67.3296989
diverse_rec,movielens_sample20of200_lambda0.75,20,10,1000,0,1,11,49.17642471,77.7238863,160.7807836,74.10421781,74.10421781,0,49.10071994,48.44713712,0.3194084507,47.36313436,49.17642471,49.17642471,1,0.092,0.0073,29.446,74.81934495,114.3803805,114.3803805,94.90057607,95.37872976,0,20,0,0,40.19519589,52.09630163,52.09630163,49.17642471,1.337,0.303,0.007,0.026,77.7238863,0.019,34.403,50.95764229,62.00397086,50.95764229,0,-4.009717308,22.602,73.96494249,73.96494249,optimal,177,186,1.6,pass,74.10421781,74.81934495,73.96494249,73.96494249
diverse_rec,movielens_sample20of200_lambda0.75,20,11,1000,0,1,12,50.60918823,84.97399398,160.7807836,80.75341642,80.75341642,0,50.45807227,49.70509309,0.5916968761,47.19826922,50.50266915,50.60918823,1,0.096,0.0086,29.446,80.59502054,114.3803805,114.3803805,94.90057607,95.37872976,0,20,0,0,40.19519589,52.09630163,52.09630163,50.60918822,1.337,0.314,0.007,0.026,84.97399398,0.019,34.403,50.95764229,57.61983248,50.95764229,0,-4.009717308,22.602,80.00978761,80.00978761,optimal,187,195,3.9,pass,80.75341642,80.12053056,80.00978761,80.00978761
diverse_rec,movielens_sample20of200_lambda0.75,20,12,1000,0,1,13,51.55337985,92.1571211,160.7807836,87.09843488,87.09843488,0,51.36829727,50.37677824,0.7396674541,47.31735239,51.40036056,51.55337985,1,0.101,0.0073,29.446,82.51678205,114.3803805,114.3803805,94.41248629,95.37872976,0,20,0,0,40.19519589,52.09630163,52.09630163,51.55337985,1.337,0.271,0.007,0.026,92.1571211,0.019,34.403,50.95764229,53.91209824,50.95764229,0,-4.009717308,22.602,82.29483199,82.29483199,optimal,196,203,3.0,pass,87.09843488,80.12053056,80.12053056,80.12053056
diverse_rec,movielens_sample20of200_lambda0.75,20,13,1000,0,1,14,52.04460262,99.24608651,160.7807836,93.16576706,93.16576706,0,51.82365548,50.66084576,0.8158382113,45.9745274,51.98741886,52.04460262,1,0.105,0.0105,29.446,80.12053056,114.3803805,114.3803805,94.41248629,95.37872976,0,20,0,0,40.19519589,52.09630163,52.09630163,52.04460262,1.337,0.290,0.007,0.026,94.41248629,0.019,34.403,50.95764229,51.82365548,50.95764229,0,-4.009717308,22.602,80.12053056,80.12053056,optimal,204,210,1.3,pass,93.16576706,80.12053056,80.12053056,80.12053056
diverse_rec,movielens_sample20of200_lambda0.75,20,14,1000,0,1,14,52.09630163,106.2617021,160.7807836,94.09130216,94.83478564,12,51.82365548,50.80871312,0.8501246483,45.0773424,51.98116656,52.09630163,1,0.105,0.0097,29.446,80.12053056,114.3803805,114.3803805,94.41248629,95.37872976,0,20,0,0,40.19519589,52.09630163,52.09630163,52.09630163,1.337,0.281,0.007,0.026,94.41248629,0.019,34.403,50.95764229,51.82365548,50.95764229,0,-4.009717308,22.602,80.12053056,80.12053056,optimal,204,210,1.3,pass,94.09130216,80.12053056,80.12053056,80.12053056
diverse_rec,movielens_sample20of200_lambda0.75,20,15,1000,0,1,14,52.09630163,113.1411433,160.7807836,94.09130216,94.83478564,12,51.82365548,50.88613142,0.8389907665,46.75204401,52.01890536,52.09630163,1,0.105,0.0110,29.446,80.12053056,114.3803805,114.3803805,94.41248629,95.37872976,0,20,0,0,40.19519589,52.09630163,52.09630163,52.09630163,1.337,0.259,0.007,0.026,94.41248629,0.019,34.403,50.95764229,51.82365548,50.95764229,0,-4.009717308,22.602,80.12053056,80.12053056,optimal,204,210,1.2,pass,94.09130216,80.12053056,80.12053056,80.12053056
diverse_rec,movielens_sample20of200_lambda0.75,20,16,1000,0,1,14,52.09630163,119.9447154,160.7807836,94.09130216,94.83478564,12,51.82365548,50.96512324,0.8528577547,45.79884541,51.9971356,52.09630163,1,0.105,0.0123,29.446,80.12053056,114.3803805,114.3803805,94.41248629,95.37872976,0,20,0,0,40.19519589,52.09630163,52.09630163,52.09630163,1.337,0.267,0.007,0.026,94.41248629,0.019,34.403,50.95764229,51.82365548,50.95764229,0,-4.009717308,22.602,80.12053056,80.12053056,optimal,204,210,1.3,pass,94.09130216,80.12053056,80.12053056,80.12053056
diverse_rec,movielens_sample20of200_lambda0.75,20,17,1000,0,1,14,52.09630163,126.7192343,160.7807836,94.09130216,94.83478564,12,51.82365548,50.91899756,0.9740487098,42.61690457,51.97138314,52.09630163,1,0.105,0.0108,29.446,80.12053056,114.3803805,114.3803805,94.41248629,95.37872976,0,20,0,0,40.19519589,52.09630163,52.09630163,52.09630163,1.337,0.280,0.007,0.026,94.41248629,0.019,34.403,50.95764229,51.82365548,50.95764229,0,-4.009717308,22.602,80.12053056,80.12053056,optimal,204,210,4.2,pass,94.09130216,80.12053056,80.12053056,80.12053056
diverse_rec,movielens_sample20of200_lambda0.75,20,18,1000,0,1,14,52.09630163,133.3684329,160.7807836,94.09130216,94.83478564,12,51.82365548,50.92289293,0.94949622,45.14674637,51.98741886,52.09630163,1,0.105,0.0105,29.446,80.12053056,114.3803805,114.3803805,94.41248629,95.37872976,0,20,0,0,40.19519589,52.09630163,52.09630163,52.09630163,1.337,0.277,0.007,0.026,94.41248629,0.019,34.403,50.95764229,51.82365548,50.95764229,0,-4.009717308,22.602,80.12053056,80.12053056,optimal,204,210,4.3,pass,94.09130216,80.12053056,80.12053056,80.12053056
diverse_rec,movielens_sample20of200_lambda0.75,20,19,1000,0,1,14,52.09630163,139.7134514,160.7807836,94.09130216,94.83478564,12,51.82365548,50.90443322,1.029245134,41.6405111,52.00193727,52.09630163,1,0.105,0.0119,29.446,80.12053056,114.3803805,114.3803805,94.41248629,95.37872976,0,20,0,0,40.19519589,52.09630163,52.09630163,52.09630163,1.337,0.277,0.007,0.026,94.41248629,0.019,34.403,50.95764229,51.82365548,50.95764229,0,-4.009717308,22.602,80.12053056,80.12053056,optimal,204,210,1.9,pass,94.09130216,80.12053056,80.12053056,80.12053056
diverse_rec,movielens_sample20of200_lambda0.75,20,20,1000,0,1,14,52.09630163,145.7807836,160.7807836,94.09130216,94.83478564,12,51.82365548,50.91463309,1.060640055,42.81813685,52.02341656,52.09630163,1,0.105,0.0139,29.446,80.12053056,114.3803805,114.3803805,94.41248629,95.37872976,0,20,0,0,40.19519589,52.09630163,52.09630163,52.09630163,1.337,0.341,0.007,0.026,94.41248629,0.019,34.403,50.95764229,51.82365548,50.95764229,0,-4.009717308,22.602,80.12053056,80.12053056,optimal,204,210,3.4,pass,94.09130216,80.12053056,80.12053056,80.12053056
diverse_rec,movielens_sample20of200_lambda0.75,20,1,1000,1,1,2,9.03657435,9.03657435,164.2238034,9.03657435,9.03657435,0,9.03657435,9.03657435,0,9.03657435,9.03657435,9.03657435,1,0.035,0.0005,29.374,9.03657435,118.5846359,118.5846359,97.50801317,96.90023792,0,20,0,0,41.05595084,53.28824577,53.28824577,9.03657435,5.226,0.256,0.008,0.022,9.03657435,0.015,42.529,9.03657435,9.03657435,9.03657435,0,-4.143287175,3.374,9.03657435,9.03657435,optimal,42,60,0.7,pass,9.03657435,9.03657435,9.03657435,9.03657435
diverse_rec,movielens_sample20of200_lambda0.75,20,2,1000,1,1,3,16.67693425,17.47702199,164.2238034,17.4477553,17.4477553,0,16.67693425,16.52578313,0.2012899173,16.18517322,16.67693425,16.67693425,1,0.048,0.0008,29.374,17.43409483,118.5846359,118.5846359,97.50801317,96.90023792,0,20,0,0,41.05595084,53.28824577,53.28824577,16.67693425,5.226,0.243,0.008,0.022,17.47702199,0.015,42.529,17.4477553,17.47702199,17.4477553,0,-4.143287175,3.374,17.43339918,17.43339918,optimal,61,78,1.4,pass,17.4477553,17.43409483,17.43339918,17.43339918
diverse_rec,movielens_sample20of200_lambda0.75,20,3,1000,1,1,4,23.59992532,25.88820293,164.2238034,25.81229182,25.81229182,0,23.456527,23.22371574,0.3301567958,22.52980807,23.59992532,23.59992532,1,0.060,0.0012,29.374,25.79570321,118.5846359,118.5846359,97.50801317,96.90023792,0,20,0,0,41.05595084,53.28824577,53.28824577,23.59992532,5.226,0.267,0.008,0.022,25.88820293,0.015,42.529,25.81229182,25.88820293,25.81229182,0,-4.143287175,3.374,25.79340696,25.79340696,optimal,79,95,0.8,pass,25.81229182,25.79570321,25.79340696,25.79340696
diverse_rec,movielens_sample20of200_lambda0.75,20,4,1000,1,1,5,29.61372407,34.25273946,164.2238034,33.89252941,33.89252941,0,29.61372407,29.05264915,0.3417717126,28.29233919,29.61372407,29.61372407,1,0.071,0.0016,29.374,33.97114905,118.5846359,118.5846359,97.50801317,96.90023792,0,20,0,0,41.05595084,53.28824577,53.28824577,29.61372407,5.226,0.275,0.008,0.022,34.25273946,0.015,42.529,33.89252941,34.25273946,33.89252941,0,-4.143287175,3.374,33.95668265,33.89252941,optimal,96,111,2.6,pass,33.89252941,33.97114905,33.95668265,33.89252941
diverse_rec,movielens_sample20of200_lambda0.75,20,5,1000,1,1,6,34.78319546,42.33297705,164.2238034,41.72403517,41.72403517,0,34.78319546,34.14512453,0.3214679599,33.25291141,34.78319546,34.78319546,1,0.080,0.0029,29.374,41.85223352,118.5846359,118.5846359,97.50801317,96.90023792,0,20,0,0,41.05595084,53.28824577,53.28824577,34.78319546,5.226,0.266,0.008,0.022,42.33297705,0.015,42.529,41.72403517,42.33297705,41.72403517,0,-4.143287175,3.374,41.7850037,41.72403517,optimal,112,126,1.1,pass,41.72403517,41.85223352,41.7850037,41.72403517
diverse_rec,movielens_sample20of200_lambda0.75,20,6,1000,1,1,7,39.19341284,50.3508457,164.2238034,49.26969934,49.26969934,0,39.19341284,38.55467019,0.3407997378,37.47196524,39.19341284,39.19341284,1,0.089,0.0040,29.374,49.51437433,118.5846359,118.5846359,97.50801317,96.90023792,0,20,0,0,41.05595084,53.28824577,53.28824577,39.19341284,5.226,0.262,0.008,0.022,50.3508457,0.015,42.529,49.26969934,50.3508457,49.26969934,0,-4.143287175,3.374,49.36439798,49.26969934,optimal,127,140,1.1,pass,49.26969934,49.51437433,49.36439798,49.26969934
diverse_rec,movielens_sample20of200_lambda0.75,20,7,1000,1,1,8,42.93800861,58.18235146,164.2238034,56.43356811,56.43356811,0,42.93800862,42.22862488,0.3507229531,41.25606519,42.93800862,42.93800862,1,0.097,0.0048,29.374,56.94116751,118.5846359,118.5846359,97.50801317,96.90023792,0,20,0,0,41.05595084,53.28824577,53.28824577,42.93800862,5.226,0.267,0.008,0.022,58.18235146,0.015,42.529,51.84296219,58.18235146,51.84296219,0,-4.143287175,3.374,56.49972475,56.43356811,optimal,141,153,1.2,pass,56.43356811,56.94116751,56.49972475,56.43356811
diverse_rec,movielens_sample20of200_lambda0.75,20,8,1000,1,1,9,46.09036932,66.00787226,164.2238034,63.32657452,63.32657452,0,46.09036932,45.27484817,0.3578783006,44.04513843,46.09036932,46.09036932,1,0.107,0.0048,29.374,64.05697498,118.5846359,118.5846359,97.50801317,96.90023792,0,20,0,0,41.05595084,53.28824577,53.28824577,46.09036932,5.226,0.265,0.008,0.022,66.00787226,0.015,42.529,51.84296219,64.94215418,51.84296219,0,-4.143287175,3.374,63.29269933,63.29269933,optimal,154,165,1.7,pass,63.32657452,64.05697498,63.29269933,63.29269933
diverse_rec,movielens_sample20of200_lambda0.75,20,9,1000,1,1,10,48.54946794,73.59795367,164.2238034,70.08018038,70.08018038,0,48.54946794,47.77778,0.3358643238,45.90923155,48.52397701,48.54946794,1,0.114,0.0053,29.374,70.86328281,118.5846359,118.5846359,97.50801317,96.90023792,0,20,0,0,41.05595084,53.28824577,53.28824577,48.54946794,5.226,0.286,0.008,0.022,73.59795367,0.015,42.529,51.84296219,64.60874891,51.84296219,0,-4.143287175,3.374,69.80298964,69.80298964,optimal,166,176,1.4,pass,70.08018038,70.86328281,69.80298964,69.80298964
diverse_rec,movielens_sample20of200_lambda0.75,20,10,1000,1,1,11,50.49548824,81.14361785,164.2238034,76.73136919,76.73136919,0,50.45554483,49.67968715,0.3290935248,48.48514746,50.37338819,50.49548824,1,0.120,0.0057,29.374,76.91569982,118.5846359,118.5846359,97.50801317,96.90023792,0,20,0,0,41.05595084,53.28824577,53.28824577,50.49548824,5.226,0.294,0.008,0.022,81.14361785,0.015,42.529,51.84296219,62.40463403,51.84296219,0,-4.143287175,3.374,75.97584079,75.97584079,optimal,177,186,1.5,pass,76.73136919,76.91569982,75.97584079,75.97584079
diverse_rec,movielens_sample20of200_lambda0.75,20,11,1000,1,1,12,51.92630028,88.59683468,164.2238034,83.30495019,83.30495019,0,51.77605995,50.96704256,0.5426531948,48.53333252,51.84630165,51.92630028,1,0.125,0.0081,29.374,82.3667331,118.5846359,118.5846359,97.44774343,96.90023792,0,20,0,0,41.05595084,53.28824577,53.28824577,51.92630028,5.226,0.322,0.008,0.022,88.59683468,0.015,42.529,51.84296219,58.17232842,51.84296219,0,-4.143287175,3.374,81.71137596,81.71137596,optimal,187,195,1.3,pass,83.30495019,81.81158369,81.71137596,81.71137596
diverse_rec,movielens_sample20of200_lambda0.75,20,12,1000,1,1,13,52.76675773,95.95725222,164.2238034,89.40277875,89.40277875,0,52.59001611,51.54514631,0.7533096945,48.40357942,52.67397337,52.76675773,1,0.130,0.0091,29.374,83.82079754,118.5846359,118.5846359,96.68219705,96.90023792,0,20,0,0,41.05595084,53.28824577,53.28824577,52.76675773,5.226,0.338,0.008,0.022,95.95725222,0.015,42.529,51.84296219,54.16770439,51.84296219,0,-4.143287175,3.374,83.62702465,83.62702465,optimal,196,203,1.2,pass,89.40277875,81.81158369,81.81158369,81.81158369
diverse_rec,movielens_sample20of200_lambda0.75,20,13,1000,1,1,14,53.19783458,103.1854075,164.2238034,95.3080952,95.3080952,0,52.93202671,51.81447999,0.8201083647,47.31533211,53.06142887,53.19783458,1,0.134,0.0089,29.374,81.81158369,118.5846359,118.5846359,96.68219705,96.90023792,0,20,0,0,41.05595084,53.28824577,53.28824577,53.19783458,5.226,0.339,0.008,0.022,96.68219705,0.015,42.529,51.84296219,52.93202671,51.84296219,0,-4.143287175,3.374,81.81158369,81.81158369,optimal,204,210,2.5,pass,95.3080952,81.81158369,81.81158369,81.81158369
diverse_rec,movielens_sample20of200_lambda0.75,20,14,1000,1,1,14,53.28824577,110.3492763,164.2238034,96.39546692,97.47711133,12,52.93202671,51.98893837,0.8397307342,46.39986971,53.05864994,53.28824577,1,0.134,0.0086,29.374,81.81158369,118.5846359,118.5846359,96.68219705,96.90023792,0,20,0,0,41.05595084,53.28824577,53.28824577,53.28824577,5.226,0.323,0.008,0.022,96.68219705,0.015,42.529,51.84296219,52.93202671,51.84296219,0,-4.143287175,3.374,81.81158369,81.81158369,optimal,204,210,1.6,pass,96.39546692,81.81158369,81.81158369,81.81158369
diverse_rec,movielens_sample20of200_lambda0.75,20,15,1000,1,1,14,53.28824577,117.2422827,164.2238034,96.39546692,97.47711133,12,52.93202671,52.04564259,0.8402527392,47.39019254,53.17132281,53.28824577,1,0.134,0.0089,29.374,81.81158369,118.5846359,118.5846359,96.68219705,96.90023792,0,20,0,0,41.05595084,53.28824577,53.28824577,53.28824577,5.226,0.286,0.008,0.022,96.68219705,0.015,42.529,51.84296219,52.93202671,51.84296219,0,-4.143287175,3.374,81.81158369,81.81158369,optimal,204,210,2.7,pass,96.39546692,81.81158369,81.81158369,81.81158369
diverse_rec,movielens_sample20of200_lambda0.75,20,16,1000,1,1,14,53.28824577,123.9958885,164.2238034,96.39546692,97.47711133,12,52.93202671,52.08424159,0.9173102635,43.78465151,53.15849795,53.28824577,1,0.134,0.0118,29.374,81.81158369,118.5846359,118.5846359,96.68219705,96.90023792,0,20,0,0,41.05595084,53.28824577,53.28824577,53.28824577,5.226,0.273,0.008,0.022,96.68219705,0.015,42.529,51.84296219,52.93202671,51.84296219,0,-4.143287175,3.374,81.81158369,81.81158369,optimal,204,210,2.5,pass,96.39546692,81.81158369,81.81158369,81.81158369
diverse_rec,movielens_sample20of200_lambda0.75,20,17,1000,1,1,14,53.28824577,130.6470774,164.2238034,96.39546692,97.47711133,12,52.93202671,52.14049339,0.8985556389,46.39521942,53.20984886,53.28824577,1,0.134,0.0120,29.374,81.81158369,118.5846359,118.5846359,96.68219705,96.90023792,0,20,0,0,41.05595084,53.28824577,53.28824577,53.28824577,5.226,0.286,0.008,0.022,96.68219705,0.015,42.529,51.84296219,52.93202671,51.84296219,0,-4.143287175,3.374,81.81158369,81.81158369,optimal,204,210,1.2,pass,96.39546692,81.81158369,81.81158369,81.81158369
diverse_rec,movielens_sample20of200_lambda0.75,20,18,1000,1,1,14,53.28824577,137.2206584,164.2238034,96.39546692,97.47711133,12,52.93202671,52.12056777,0.9491020432,43.45913252,53.22689561,53.28824577,1,0.134,0.0114,29.374,81.81158369,118.5846359,118.5846359,96.68219705,96.90023792,0,20,0,0,41.05595084,53.28824577,53.28824577,53.28824577,5.226,0.247,0.008,0.022,96.68219705,0.015,42.529,51.84296219,52.93202671,51.84296219,0,-4.143287175,3.374,81.81158369,81.81158369,optimal,204,210,2.0,pass,96.39546692,81.81158369,81.81158369,81.81158369
diverse_rec,movielens_sample20of200_lambda0.75,20,19,1000,1,1,14,53.28824577,143.3184869,164.2238034,96.39546692,97.47711133,12,52.93202671,52.10851602,0.9906030479,46.08339014,53.2041229,53.28824577,1,0.134,0.0131,29.374,81.81158369,118.5846359,118.5846359,96.68219705,96.90023792,0,20,0,0,41.05595084,53.28824577,53.28824577,53.28824577,5.226,0.281,0.008,0.022,96.68219705,0.015,42.529,51.84296219,52.93202671,51.84296219,0,-4.143287175,3.374,81.81158369,81.81158369,optimal,204,210,1.9,pass,96.39546692,81.81158369,81.81158369,81.81158369
diverse_rec,movielens_sample20of200_lambda0.75,20,20,1000,1,1,14,53.28824577,149.2238034,164.2238034,96.39546692,97.47711133,12,52.93202671,52.02502334,1.105938748,45.36383685,53.08305333,53.28824577,1,0.134,0.0127,29.374,81.81158369,118.5846359,118.5846359,96.68219705,96.90023792,0,20,0,0,41.05595084,53.28824577,53.28824577,53.28824577,5.226,0.323,0.008,0.022,96.68219705,0.015,42.529,51.84296219,52.93202671,51.84296219,0,-4.143287175,3.374,81.81158369,81.81158369,optimal,204,210,1.1,pass,96.39546692,81.81158369,81.81158369,81.81158369
diverse_rec,movielens_sample20of200_lambda0.75,20,1,1000,2,1,2,8.757074946,8.757074946,160.3721489,8.757074946,8.757074946,0,8.757074946,8.757074946,0,8.757074946,8.757074946,8.757074946,1,0.026,0.0008,28.652,8.757074946,114.5191803,114.5191803,94.81345584,96.3697144,0,20,0,0,40.09303722,52.0136423,52.0136423,8.757074946,3.869,0.246,0.006,0.024,8.757074946,0.018,36.820,8.757074946,8.757074946,8.757074946,0,-4.003537473,4.102,8.757074946,8.757074946,optimal,42,60,0.6,pass,8.757074946,8.757074946,8.757074946,8.757074946
diverse_rec,movielens_sample20of200_lambda0.75,20,2,1000,2,1,3,16.63157991,17.48571089,160.3721489,16.9505698,16.9505698,0,16.63157991,16.39125361,0.2506411764,16.12976392,16.63157991,16.63157991,1,0.035,0.0013,28.652,17.44224155,114.5191803,114.5191803,94.81345584,96.3697144,0,20,0,0,40.09303722,52.0136423,52.0136423,16.63157991,3.869,0.250,0.006,0.024,17.48571089,0.018,36.820,16.9505698,17.48571089,16.9505698,0,-4.003537473,4.102,17.43143755,16.9505698,optimal,61,78,0.7,pass,16.9505698,17.44224155,17.43143755,16.9505698
diverse_rec,movielens_sample20of200_lambda0.75,20,3,1000,2,1,4,23.26508454,25.67920575,160.3721489,25.06066339,25.06066339,0,23.26508454,22.93651223,0.2559821379,22.27804746,23.26508454,23.26508454,1,0.044,0.0019,28.652,25.53360742,114.5191803,114.5191803,94.81345584,96.3697144,0,20,0,0,40.09303722,52.0136423,52.0136423,23.26508454,3.869,0.246,0.006,0.024,25.67920575,0.018,36.820,25.06066339,25.67920575,25.06066339,0,-4.003537473,4.102,25.52858936,25.06066339,optimal,79,95,3.8,pass,25.06066339,25.53360742,25.52858936,25.06066339
diverse_rec,movielens_sample20of200_lambda0.75,20,4,1000,2,1,5,29.18955311,33.78929933,160.3721489,33.16199712,33.16199712,0,29.18955311,28.6106735,0.3522982331,27.64827778,29.18955311,29.18955311,1,0.051,0.0021,28.652,33.55664729,114.5191803,114.5191803,94.81345584,96.3697144,0,20,0,0,40.09303722,52.0136423,52.0136423,29.18955311,3.869,0.245,0.006,0.024,33.78929933,0.018,36.820,33.16199712,33.78929933,33.16199712,0,-4.003537473,4.102,33.55574319,33.16199712,optimal,96,111,0.9,pass,33.16199712,33.55664729,33.55574319,33.16199712
diverse_rec,movielens_sample20of200_lambda0.75,20,5,1000,2,1,6,34.22554556,41.89063306,160.3721489,40.75120147,40.75120147,0,34.22554556,33.52641628,0.3721032845,32.31740301,34.22554556,34.22554556,1,0.058,0.0024,28.652,41.18532174,114.5191803,114.5191803,94.81345584,96.3697144,0,20,0,0,40.09303722,52.0136423,52.0136423,34.22554556,3.869,0.252,0.006,0.024,41.89063306,0.018,36.820,40.75120147,41.89063306,40.75120147,0,-4.003537473,4.102,41.14346689,40.75120147,optimal,112,126,1.0,pass,40.75120147,41.18532174,41.14346689,40.75120147
diverse_rec,movielens_sample20of200_lambda0.75,20,6,1000,2,1,7,38.51302354,49.53578455,160.3721489,47.97208781,47.97208781,0,38.51302354,37.72996278,0.3954742755,36.13823383,38.51302354,38.51302354,1,0.064,0.0032,28.652,48.47004085,114.5191803,114.5191803,94.81345584,96.3697144,0,20,0,0,40.09303722,52.0136423,52.0136423,38.51302354,3.869,0.254,0.006,0.024,49.53578455,0.018,36.820,47.97208781,49.53578455,47.97208781,0,-4.003537473,4.102,48.39328619,47.97208781,optimal,127,140,2.3,pass,47.97208781,48.47004085,48.39328619,47.97208781
diverse_rec,movielens_sample20of200_lambda0.75,20,7,1000,2,1,8,42.19893232,57.1249889,160.3721489,54.81960662,54.81960662,0,42.19893232,41.30725159,0.4124682409,39.77204839,42.19893232,42.19893232,1,0.070,0.0038,28.652,55.64524551,114.5191803,114.5191803,94.81345584,96.3697144,0,20,0,0,40.09303722,52.0136423,52.0136423,42.19893232,3.869,0.261,0.006,0.024,57.1249889,0.018,36.820,51.04717066,57.1249889,51.04717066,0,-4.003537473,4.102,55.08999345,54.81960662,optimal,141,153,1.2,pass,54.81960662,55.64524551,55.08999345,54.81960662
diverse_rec,movielens_sample20of200_lambda0.75,20,8,1000,2,1,9,45.28066749,64.65930053,160.3721489,61.62223848,61.62223848,0,45.28066749,44.25938014,0.4263536162,42.9314402,45.28066749,45.28066749,1,0.077,0.0055,28.652,62.32996175,114.5191803,114.5191803,94.81345584,96.3697144,0,20,0,0,40.09303722,52.0136423,52.0136423,45.28066749,3.869,0.267,0.006,0.024,64.65930053,0.018,36.820,51.04717066,62.97619591,51.04717066,0,-4.003537473,4.102,61.56725286,61.56725286,optimal,154,165,1.3,pass,61.62223848,62.32996175,61.56725286,61.56725286
diverse_rec,movielens_sample20of200_lambda0.75,20,9,1000,2,1,10,47.6338506,72.15308667,160.3721489,68.26185455,68.26185455,0,47.6338506,46.62161985,0.3874664952,45.27162436,47.6338506,47.6338506,1,0.081,0.0052,28.652,68.51194619,114.5191803,114.5191803,94.81345584,96.3697144,0,20,0,0,40.09303722,52.0136423,52.0136423,47.6338506,3.869,0.282,0.006,0.024,72.15308667,0.018,36.820,51.04717066,62.410344,51.04717066,0,-4.003537473,4.102,67.872953,67.872953,optimal,166,176,2.8,pass,68.26185455,68.51194619,67.872953,67.872953
diverse_rec,movielens_sample20of200_lambda0.75,20,10,1000,2,1,11,49.44951953,79.37397301,160.3721489,74.85913892,74.85913892,0,49.38507272,48.48459441,0.3447709957,47.19034501,49.37517156,49.44951953,1,0.086,0.0067,28.652,74.26986779,114.5191803,114.5191803,94.81345584,96.3697144,0,20,0,0,40.09303722,52.0136423,52.0136423,49.44951953,3.869,0.275,0.006,0.024,79.37397301,0.018,36.820,51.04717066,60.31457046,51.04717066,0,-4.003537473,4.102,73.74527434,73.74527434,optimal,177,186,1.7,pass,74.85913892,74.26986779,73.74527434,73.74527434
diverse_rec,movielens_sample20of200_lambda0.75,20,11,1000,2,1,12,50.74348661,86.43421575,160.3721489,81.27503881,81.27503881,0,50.61029627,49.68795976,0.5602958739,47.29910361,50.63550027,50.74348661,1,0.090,0.0076,28.652,79.62358147,114.5191803,114.5191803,94.7618526,96.3697144,0,20,0,0,40.09303722,52.0136423,52.0136423,50.74348661,3.869,0.296,0.006,0.024,86.43421575,0.018,36.820,51.04717066,56.14453887,51.04717066,0,-4.003537473,4.102,79.32577144,79.32577144,optimal,187,195,3.0,pass,81.27503881,79.17335468,79.17335468,79.17335468
diverse_rec,movielens_sample20of200_lambda0.75,20,12,1000,2,1,13,51.51272186,93.38551869,160.3721489,87.35174232,87.35174232,0,51.43511763,50.25261429,0.7324810064,47.30719931,51.34338915,51.51272186,1,0.095,0.0086,28.652,81.6824724,114.5191803,114.5191803,93.93955223,96.3697144,0,20,0,0,40.09303722,52.0136423,52.0136423,51.51272186,3.869,0.282,0.006,0.024,93.38551869,0.018,36.820,51.04717066,52.84015516,51.04717066,0,-4.003537473,4.102,81.6824724,81.6824724,optimal,196,203,2.0,pass,87.35174232,79.17335468,79.17335468,79.17335468
diverse_rec,movielens_sample20of200_lambda0.75,20,13,1000,2,1,14,51.87602299,100.2783277,160.3721489,93.06590901,93.06590901,0,51.70215353,50.55049456,0.8035301528,47.02610039,51.7340935,51.87602299,1,0.098,0.0100,28.652,79.17335468,114.5191803,114.5191803,93.93955223,96.3697144,0,20,0,0,40.09303722,52.0136423,52.0136423,51.87602299,3.869,0.266,0.006,0.024,93.93955223,0.018,36.820,51.04717066,51.70215353,51.04717066,0,-4.003537473,4.102,79.17335468,79.17335468,optimal,204,210,1.4,pass,93.06590901,79.17335468,79.17335468,79.17335468
diverse_rec,movielens_sample20of200_lambda0.75,20,14,1000,2,1,14,52.0136423,107.1258465,160.3721489,93.93423127,94.57443647,11,51.70215353,50.72541809,0.7474065528,47.10792133,51.73901882,52.0136423,1,0.098,0.0102,28.652,79.17335468,114.5191803,114.5191803,93.93955223,96.3697144,0,20,0,0,40.09303722,52.0136423,52.0136423,52.0136423,3.869,0.260,0.006,0.024,93.93955223,0.018,36.820,51.04717066,51.70215353,51.04717066,0,-4.003537473,4.102,79.17335468,79.17335468,optimal,204,210,1.9,pass,93.93423127,79.17335468,79.17335468,79.17335468
diverse_rec,movielens_sample20of200_lambda0.75,20,15,1000,2,1,14,52.0136423,113.9284783,160.3721489,93.93423127,94.57443647,11,51.70215353,50.73307637,0.8631977851,46.10096895,51.88152,52.0136423,1,0.098,0.0103,28.652,79.17335468,114.5191803,114.5191803,93.93955223,96.3697144,0,20,0,0,40.09303722,52.0136423,52.0136423,52.0136423,3.869,0.260,0.006,0.024,93.93955223,0.018,36.820,51.04717066,51.70215353,51.04717066,0,-4.003537473,4.102,79.17335468,79.17335468,optimal,204,210,2.5,pass,93.93423127,79.17335468,79.17335468,79.17335468
diverse_rec,movielens_sample20of200_lambda0.75,20,16,1000,2,1,14,52.0136423,120.5680944,160.3721489,93.93423127,94.57443647,11,51.70215353,50.78302801,0.9149826446,45.5067666,51.88168068,52.0136423,1,0.098,0.0113,28.652,79.17335468,114.5191803,114.5191803,93.93955223,96.3697144,0,20,0,0,40.09303722,52.0136423,52.0136423,52.0136423,3.869,0.256,0.006,0.024,93.93955223,0.018,36.820,51.04717066,51.70215353,51.04717066,0,-4.003537473,4.102,79.17335468,79.17335468,optimal,204,210,1.2,pass,93.93423127,79.17335468,79.17335468,79.17335468
diverse_rec,movielens_sample20of200_lambda0.75,20,17,1000,2,1,14,52.0136423,127.1653788,160.3721489,93.93423127,94.57443647,11,51.70215353,50.84043947,0.8957766801,44.91209044,51.87216521,52.0136423,1,0.098,0.0118,28.652,79.17335468,114.5191803,114.5191803,93.93955223,96.3697144,0,20,0,0,40.09303722,52.0136423,52.0136423,52.0136423,3.869,0.260,0.006,0.024,93.93955223,0.018,36.820,51.04717066,51.70215353,51.04717066,0,-4.003537473,4.102,79.17335468,79.17335468,optimal,204,210,1.2,pass,93.93423127,79.17335468,79.17335468,79.17335468
diverse_rec,movielens_sample20of200_lambda0.75,20,18,1000,2,1,14,52.0136423,133.5812787,160.3721489,93.93423127,94.57443647,11,51.70215353,50.80982287,0.9925689265,44.02437491,51.91001495,52.0136423,1,0.098,0.0107,28.652,79.17335468,114.5191803,114.5191803,93.93955223,96.3697144,0,20,0,0,40.09303722,52.0136423,52.0136423,52.0136423,3.869,0.254,0.006,0.024,93.93955223,0.018,36.820,51.04717066,51.70215353,51.04717066,0,-4.003537473,4.102,79.17335468,79.17335468,optimal,204,210,1.1,pass,93.93423127,79.17335468,79.17335468,79.17335468
diverse_rec,movielens_sample20of200_lambda0.75,20,19,1000,2,1,14,52.0136423,139.6579822,160.3721489,93.93423127,94.57443647,11,51.70215353,50.78599243,1.034858639,44.6866809,51.80441608,52.0136423,1,0.098,0.0129,28.652,79.17335468,114.5191803,114.5191803,93.93955223,96.3697144,0,20,0,0,40.09303722,52.0136423,52.0136423,52.0136423,3.869,0.254,0.006,0.024,93.93955223,0.018,36.820,51.04717066,51.70215353,51.04717066,0,-4.003537473,4.102,79.17335468,79.17335468,optimal,204,210,1.2,pass,93.93423127,79.17335468,79.17335468,79.17335468
diverse_rec,movielens_sample20of200_lambda0.75,20,20,1000,2,1,14,52.0136423,145.3721489,160.3721489,93.93423127,94.57443647,11,51.70215353,50.73389471,1.128080972,41.73056771,51.9136437,52.0136423,1,0.098,0.0146,28.652,79.17335468,114.5191803,114.5191803,93.93955223,96.3697144,0,20,0,0,40.09303722,52.0136423,52.0136423,52.0136423,3.869,0.311,0.006,0.024,93.93955223,0.018,36.820,51.04717066,51.70215353,51.04717066,0,-4.003537473,4.102,79.17335468,79.17335468,optimal,204,210,2.4,pass,93.93423127,79.17335468,79.17335468,79.17335468
diverse_rec,movielens_sample20of200_lambda0.75,20,1,1000,3,1,2,8.494091739,8.494091739,157.4958794,8.494091739,8.494091739,0,8.494091739,8.494091739,0,8.494091739,8.494091739,8.494091739,1,0.026,0.0006,27.120,8.494091739,111.4350209,111.4350209,92.72919341,92.97686422,0,20,0,0,39.37396986,50.95914071,50.95914071,8.494091739,1.330,0.293,0.007,0.022,8.494091739,0.016,35.409,8.494091739,8.494091739,8.494091739,0,-3.872045869,0.836,8.494091739,8.494091739,optimal,42,60,1.5,pass,8.494091739,8.494091739,8.494091739,8.494091739
diverse_rec,movielens_sample20of200_lambda0.75,20,2,1000,3,1,3,15.43696642,16.34457711,157.4958794,16.22417991,16.22417991,0,15.43696642,15.27886367,0.2558958608,14.84736649,15.43696642,15.43696642,1,0.035,0.0012,27.120,16.28373992,111.4350209,111.4350209,92.72919341,92.97686422,0,20,0,0,39.37396986,50.95914071,50.95914071,15.43696642,1.330,0.260,0.007,0.022,16.34457711,0.016,35.409,16.22417991,16.34457711,16.22417991,0,-3.872045869,0.836,16.28106726,16.22417991,optimal,61,78,1.6,pass,16.22417991,16.28373992,16.28106726,16.22417991
diverse_rec,movielens_sample20of200_lambda0.75,20,3,1000,3,1,4,21.70972425,24.07466529,157.4958794,23.77450078,23.77450078,0,21.70972425,21.45866162,0.2658533138,20.88845191,21.70972425,21.70972425,1,0.043,0.0021,27.120,23.90721781,111.4350209,111.4350209,92.72919341,92.97686422,0,20,0,0,39.37396986,50.95914071,50.95914071,21.70972425,1.330,0.252,0.007,0.022,24.07466529,0.016,35.409,23.77450078,24.07466529,23.77450078,0,-3.872045869,0.836,23.89390661,23.77450078,optimal,79,95,0.8,pass,23.77450078,23.90721781,23.89390661,23.77450078
diverse_rec,movielens_sample20of200_lambda0.75,20,4,1000,3,1,5,27.37743494,31.62498615,157.4958794,31.28716748,31.28716748,0,27.37743494,26.98945291,0.301170787,26.20980295,27.37743494,27.37743494,1,0.050,0.0027,27.120,31.36452353,111.4350209,111.4350209,92.72919341,92.97686422,0,20,0,0,39.37396986,50.95914071,50.95914071,27.37743494,1.330,0.255,0.007,0.022,31.62498615,0.016,35.409,31.28716748,31.62498615,31.28716748,0,-3.872045869,0.836,31.36040344,31.28716748,optimal,96,111,0.9,pass,31.28716748,31.36452353,31.36040344,31.28716748
diverse_rec,movielens_sample20of200_lambda0.75,20,5,1000,3,1,6,32.25651207,39.13765285,157.4958794,38.44431012,38.44431012,0,32.25651207,31.81283742,0.2984244637,30.97086044,32.25651207,32.25651207,1,0.056,0.0031,27.120,38.76870418,111.4350209,111.4350209,92.72919341,92.97686422,0,20,0,0,39.37396986,50.95914071,50.95914071,32.25651207,1.330,0.270,0.007,0.022,39.13765285,0.016,35.409,38.44431012,39.13765285,38.44431012,0,-3.872045869,0.836,38.65967049,38.44431012,optimal,112,126,1.1,pass,38.44431012,38.76870418,38.65967049,38.44431012
diverse_rec,movielens_sample20of200_lambda0.75,20,6,1000,3,1,7,36.56998508,46.60512317,157.4958794,45.56411569,45.56411569,0,36.56998508,36.03696854,0.2829896349,34.91103833,36.56998508,36.56998508,1,0.062,0.0042,27.120,45.76573018,111.4350209,111.4350209,92.72919341,92.97686422,0,20,0,0,39.37396986,50.95914071,50.95914071,36.56998508,1.330,0.262,0.007,0.022,46.60512317,0.016,35.409,45.56411569,46.60512317,45.56411569,0,-3.872045869,0.836,45.72146119,45.56411569,optimal,127,140,1.1,pass,45.56411569,45.76573018,45.72146119,45.56411569
diverse_rec,movielens_sample20of200_lambda0.75,20,7,1000,3,1,8,40.23148093,53.76226582,157.4958794,52.46241442,52.46241442,0,40.23148093,39.67716361,0.2653939225,38.74718822,40.23148093,40.23148093,1,0.068,0.0036,27.120,52.68818524,111.4350209,111.4350209,92.72919341,92.97686422,0,20,0,0,39.37396986,50.95914071,50.95914071,40.23148093,1.330,0.259,0.007,0.022,53.76226582,0.016,35.409,49.71443922,53.76226582,49.77007947,0,-3.872045869,0.836,52.53712183,52.46241442,optimal,141,153,1.3,pass,52.46241442,52.68818524,52.53712183,52.46241442
diverse_rec,movielens_sample20of200_lambda0.75,20,8,1000,3,1,9,43.41351291,60.90213789,157.4958794,59.34532188,59.34532188,0,43.35617897,42.78205433,0.2602642037,41.91690642,43.41351291,43.41351291,1,0.075,0.0047,27.120,59.56878416,111.4350209,111.4350209,92.72919341,92.97686422,0,20,0,0,39.37396986,50.95914071,50.95914071,43.41351291,1.330,0.262,0.007,0.022,60.90213789,0.016,35.409,49.71443922,60.90213789,49.77007947,0,-3.872045869,0.836,59.22579263,59.22579263,optimal,154,165,2.6,pass,59.34532188,59.56878416,59.22579263,59.22579263
diverse_rec,movielens_sample20of200_lambda0.75,20,9,1000,3,1,10,45.96382334,68.02194346,157.4958794,66.22678361,66.22678361,0,45.94709159,45.33552899,0.2617947338,44.44503934,45.94999455,45.96382334,1,0.080,0.0054,27.120,66.31634792,111.4350209,111.4350209,92.72919341,92.97686422,0,20,0,0,39.37396986,50.95914071,50.95914071,45.96382334,1.330,0.274,0.007,0.022,68.02194346,0.016,35.409,49.71443922,63.01316272,49.77007947,0,-3.872045869,0.836,65.86249733,65.86249733,optimal,166,176,2.3,pass,66.22678361,66.31634792,65.86249733,65.86249733
diverse_rec,movielens_sample20of200_lambda0.75,20,10,1000,3,1,11,47.97028498,75.12266917,157.4958794,73.06456411,73.06456411,0,47.96828371,47.31213062,0.2565903874,46.24031893,47.93598186,47.97028498,1,0.084,0.0070,27.120,72.82875239,111.4350209,111.4350209,92.72919341,92.97686422,0,20,0,0,39.37396986,50.95914071,50.95914071,47.97028498,1.330,0.292,0.007,0.022,75.12266917,0.016,35.409,49.71443922,61.42316659,49.77007947,0,-3.872045869,0.836,72.36133633,72.36133633,optimal,177,186,4.4,pass,73.06456411,72.82875239,72.36133633,72.36133633
diverse_rec,movielens_sample20of200_lambda0.75,20,11,1000,3,1,12,49.47962353,82.18607374,157.4958794,79.88501791,79.88501791,0,49.47293369,48.62866777,0.5104566628,46.06419121,49.41051034,49.47962353,1,0.087,0.0112,27.120,79.14230806,111.4350209,111.4350209,92.72919341,92.97686422,0,20,0,0,39.37396986,50.95914071,50.95914071,49.47962353,1.330,0.283,0.007,0.022,82.18607374,0.016,35.409,49.71443922,56.84436725,49.77007947,0,-3.872045869,0.836,78.49906616,78.49906616,optimal,187,195,1.4,pass,79.88501791,78.42879378,78.42879378,78.42879378
diverse_rec,movielens_sample20of200_lambda0.75,20,12,1000,3,1,13,50.4020735,89.1019851,157.4958794,86.07096254,86.07096254,0,50.4020735,49.22865797,0.7718461601,45.36831909,50.35377158,50.4020735,1,0.091,0.0080,27.120,80.59845796,111.4350209,111.4350209,92.09380595,92.97686422,0,20,0,0,39.37396986,50.95914071,50.95914071,50.4020735,1.330,0.272,0.007,0.022,89.1019851,0.016,35.409,49.71443922,52.73986458,49.77007947,0,-3.872045869,0.836,80.3813375,80.3813375,optimal,196,203,1.7,pass,86.07096254,78.42879378,78.42879378,78.42879378
diverse_rec,movielens_sample20of200_lambda0.75,20,13,1000,3,1,14,50.89928864,96.01142099,157.4958794,91.77989812,92.04857415,12,50.82095222,49.51850228,0.8183050985,44.64735305,50.80653238,50.89928864,1,0.094,0.0093,27.120,78.42879378,111.4350209,111.4350209,92.09380595,92.97686422,0,20,0,0,39.37396986,50.95914071,50.95914071,50.89928864,1.330,0.275,0.007,0.022,92.09380595,0.016,35.409,49.71443922,50.82095222,49.77007947,0,-3.872045869,0.836,78.42879378,78.42879378,optimal,204,210,1.2,pass,91.77989812,78.42879378,78.42879378,78.42879378
diverse_rec,movielens_sample20of200_lambda0.75,20,14,1000,3,1,14,50.95914071,102.9097197,157.4958794,91.77989812,92.97106,12,50.82095222,49.6507702,0.8749943066,44.61229682,50.86476214,50.95914071,1,0.094,0.0086,27.120,78.42879378,111.4350209,111.4350209,92.09380595,92.97686422,0,20,0,0,39.37396986,50.95914071,50.95914071,50.95914071,1.330,0.268,0.007,0.022,92.09380595,0.016,35.409,49.71443922,50.82095222,49.77007947,0,-3.872045869,0.836,78.42879378,78.42879378,optimal,204,210,1.2,pass,91.77989812,78.42879378,78.42879378,78.42879378
diverse_rec,movielens_sample20of200_lambda0.75,20,15,1000,3,1,14,50.95914071,109.7926272,157.4958794,91.77989812,92.97106,12,50.82095222,49.79540758,0.8596017928,44.9069629,50.828477,50.95914071,1,0.094,0.0116,27.120,78.42879378,111.4350209,111.4350209,92.09380595,92.97686422,0,20,0,0,39.37396986,50.95914071,50.95914071,50.95914071,1.330,0.261,0.007,0.022,92.09380595,0.016,35.409,49.71443922,50.82095222,49.77007947,0,-3.872045869,0.836,78.42879378,78.42879378,optimal,204,210,1.2,pass,91.77989812,78.42879378,78.42879378,78.42879378
diverse_rec,movielens_sample20of200_lambda0.75,20,16,1000,3,1,14,50.95914071,116.6740889,157.4958794,91.77989812,92.97106,12,50.82095222,49.84848298,0.821978516,44.8831314,50.81978841,50.95914071,1,0.094,0.0126,27.120,78.42879378,111.4350209,111.4350209,92.09380595,92.97686422,0,20,0,0,39.37396986,50.95914071,50.95914071,50.95914071,1.330,0.260,0.007,0.022,92.09380595,0.016,35.409,49.71443922,50.82095222,49.77007947,0,-3.872045869,0.836,78.42879378,78.42879378,optimal,204,210,2.9,pass,91.77989812,78.42879378,78.42879378,78.42879378
diverse_rec,movielens_sample20of200_lambda0.75,20,17,1000,3,1,14,50.95914071,123.5118694,157.4958794,91.77989812,92.97106,12,50.82095222,49.80143664,0.9127958824,44.6855811,50.83223285,50.95914071,1,0.094,0.0120,27.120,78.42879378,111.4350209,111.4350209,92.09380595,92.97686422,0,20,0,0,39.37396986,50.95914071,50.95914071,50.95914071,1.330,0.260,0.007,0.022,92.09380595,0.016,35.409,49.71443922,50.82095222,49.77007947,0,-3.872045869,0.836,78.42879378,78.42879378,optimal,204,210,2.4,pass,91.77989812,78.42879378,78.42879378,78.42879378
diverse_rec,movielens_sample20of200_lambda0.75,20,18,1000,3,1,14,50.95914071,130.3323232,157.4958794,91.77989812,92.97106,12,50.82095222,49.88230971,0.8411834243,44.11212162,50.85497825,50.95914071,1,0.094,0.0147,27.120,78.42879378,111.4350209,111.4350209,92.09380595,92.97686422,0,20,0,0,39.37396986,50.95914071,50.95914071,50.95914071,1.330,0.264,0.007,0.022,92.09380595,0.016,35.409,49.71443922,50.82095222,49.77007947,0,-3.872045869,0.836,78.42879378,78.42879378,optimal,204,210,1.2,pass,91.77989812,78.42879378,78.42879378,78.42879378
diverse_rec,movielens_sample20of200_lambda0.75,20,19,1000,3,1,14,50.95914071,136.5182678,157.4958794,91.77989812,92.97106,12,50.82095222,49.78316139,1.004747373,41.45420218,50.83331202,50.95914071,1,0.094,0.0139,27.120,78.42879378,111.4350209,111.4350209,92.09380595,92.97686422,0,20,0,0,39.37396986,50.95914071,50.95914071,50.95914071,1.330,0.258,0.007,0.022,92.09380595,0.016,35.409,49.71443922,50.82095222,49.77007947,0,-3.872045869,0.836,78.42879378,78.42879378,optimal,204,210,1.6,pass,91.77989812,78.42879378,78.42879378,78.42879378
diverse_rec,movielens_sample20of200_lambda0.75,20,20,1000,3,1,14,50.95914071,142.4958794,157.4958794,91.77989812,92.97106,12,50.82095222,49.77839856,1.030383893,42.06011448,50.90600144,50.95914071,1,0.094,0.0136,27.120,78.42879378,111.4350209,111.4350209,92.09380595,92.97686422,0,20,0,0,39.37396986,50.95914071,50.95914071,50.95914071,1.330,0.329,0.007,0.022,92.09380595,0.016,35.409,49.71443922,50.82095222,49.77007947,0,-3.872045869,0.836,78.42879378,78.42879378,optimal,204,210,3.1,pass,91.77989812,78.42879378,78.42879378,78.42879378
diverse_rec,movielens_sample20of200_lambda0.75,20,1,1000,4,1,2,8.683471541,8.683471541,171.2115117,8.683471541,8.683471541,0,8.683471541,8.683471541,0,8.683471541,8.683471541,8.683471541,1,0.038,0.0007,25.022,8.683471541,122.9500332,122.9500332,101.3299959,102.6289518,0,20,0,0,42.80287792,55.69125729,55.69125729,8.683471541,5.051,0.321,0.007,0.020,8.683471541,0.021,34.827,8.683471541,8.683471541,8.683471541,0,-3.966735771,3.362,8.683471541,8.683471541,optimal,42,60,3.3,pass,8.683471541,8.683471541,8.683471541,8.683471541
diverse_rec,movielens_sample20of200_lambda0.75,20,2,1000,4,1,3,16.58786454,17.32276312,171.2115117,17.24275443,17.24275443,0,16.57459363,16.53934922,0.06947737843,16.41938957,16.58786454,16.58786454,1,0.051,0.0012,25.022,17.31462873,122.9500332,122.9500332,101.3299959,102.6289518,0,20,0,0,42.80287792,55.69125729,55.69125729,16.58786454,5.051,0.265,0.007,0.020,17.32276312,0.021,34.827,17.24275443,17.32276312,17.24275443,0,-3.966735771,3.362,17.31305898,17.24275443,optimal,61,78,0.7,pass,17.24275443,17.31462873,17.31305898,17.24275443
diverse_rec,movielens_sample20of200_lambda0.75,20,3,1000,4,1,4,23.69980174,25.88204601,171.2115117,25.64897096,25.64897096,0,23.69980174,23.46534371,0.1675287881,23.08046979,23.69980174,23.69980174,1,0.063,0.0019,25.022,25.82860715,122.9500332,122.9500332,101.3299959,102.6289518,0,20,0,0,42.80287792,55.69125729,55.69125729,23.69980174,5.051,0.261,0.007,0.020,25.88204601,0.021,34.827,25.64897096,25.88204601,25.64897096,0,-3.966735771,3.362,25.82193052,25.64897096,optimal,79,95,0.8,pass,25.64897096,25.82860715,25.82193052,25.64897096
diverse_rec,movielens_sample20of200_lambda0.75,20,4,1000,4,1,5,29.93830509,34.28826254,171.2115117,33.79053805,33.79053805,0,29.93830509,29.54034211,0.2245188649,28.79098235,29.93830509,29.93830509,1,0.073,0.0026,25.022,34.07535177,122.9500332,122.9500332,101.3299959,102.6289518,0,20,0,0,42.80287792,55.69125729,55.69125729,29.93830509,5.051,0.263,0.007,0.020,34.28826254,0.021,34.827,33.79053805,34.28826254,33.79053805,0,-3.966735771,3.362,34.05769095,33.79053805,optimal,96,111,1.0,pass,33.79053805,34.07535177,34.05769095,33.79053805
diverse_rec,movielens_sample20of200_lambda0.75,20,5,1000,4,1,6,35.44011431,42.42982962,171.2115117,41.88030649,41.88030649,0,35.44011431,34.91345034,0.2493579505,34.02858767,35.44011431,35.44011431,1,0.098,0.0037,25.022,42.06200215,122.9500332,122.9500332,101.3299959,102.6289518,0,20,0,0,42.80287792,55.69125729,55.69125729,35.44011431,5.051,0.260,0.007,0.020,42.42982962,0.021,34.827,41.88030649,42.42982962,41.88030649,0,-3.966735771,3.362,42.06007363,41.88030649,optimal,112,126,1.1,pass,41.88030649,42.06200215,42.06007363,41.88030649
diverse_rec,movielens_sample20of200_lambda0.75,20,6,1000,4,1,7,40.14546392,50.52824629,171.2115117,49.88623442,49.88623442,0,40.14546392,39.59503052,0.2492924368,38.83488376,40.14546392,40.14546392,1,0.109,0.0030,25.022,50.00568758,122.9500332,122.9500332,101.3299959,102.6289518,0,20,0,0,42.80287792,55.69125729,55.69125729,40.14546392,5.051,0.261,0.007,0.020,50.52824629,0.021,34.827,49.88623442,50.52824629,49.88623442,0,-3.966735771,3.362,49.96835444,49.88623442,optimal,127,140,1.6,pass,49.88623442,50.00568758,49.96835444,49.88623442
diverse_rec,movielens_sample20of200_lambda0.75,20,7,1000,4,1,8,44.24014114,58.61801473,171.2115117,57.50685149,57.50685149,0,44.19440142,43.61653097,0.259100652,42.73227532,44.24014114,44.24014114,1,0.118,0.0039,25.022,57.86839626,122.9500332,122.9500332,101.3299959,102.6289518,0,20,0,0,42.80287792,55.69125729,55.69125729,44.24014114,5.051,0.268,0.007,0.020,58.61801473,0.021,34.827,54.55444934,58.61801473,54.92135968,0,-3.966735771,3.362,57.63545302,57.50685149,optimal,141,153,1.7,pass,57.50685149,57.86839626,57.63545302,57.50685149
diverse_rec,movielens_sample20of200_lambda0.75,20,8,1000,4,1,9,47.69483472,66.66120554,171.2115117,65.08969769,65.08969769,0,47.64509471,46.99685749,0.2691341596,46.10614853,47.69483472,47.69483472,1,0.130,0.0056,25.022,65.6225412,122.9500332,122.9500332,101.3299959,102.6289518,0,20,0,0,42.80287792,55.69125729,55.69125729,47.69483472,5.051,0.265,0.007,0.020,66.66120554,0.021,34.827,54.55444934,66.66120554,54.92135968,0,-3.966735771,3.362,64.97839682,64.97839682,optimal,154,165,1.5,pass,65.08969769,65.6225412,64.97839682,64.97839682
diverse_rec,movielens_sample20of200_lambda0.75,20,9,1000,4,1,10,50.50507405,74.66713347,171.2115117,72.42558123,72.42558123,0,50.50507405,49.71703119,0.2618399155,48.92617967,50.50507405,50.50507405,1,0.137,0.0068,25.022,73.06252771,122.9500332,122.9500332,101.3299959,102.6289518,0,20,0,0,42.80287792,55.69125729,55.69125729,50.50507405,5.051,0.288,0.007,0.020,74.66713347,0.021,34.827,54.55444934,68.28972999,54.92135968,0,-3.966735771,3.362,72.11899036,72.11899036,optimal,166,176,1.8,pass,72.42558123,73.06252771,72.11899036,72.11899036
diverse_rec,movielens_sample20of200_lambda0.75,20,10,1000,4,1,11,52.58165622,82.63496085,171.2115117,79.47166688,79.47166688,0,52.58165622,51.84141819,0.2740752377,50.64386809,52.50519943,52.58165622,1,0.146,0.0075,25.022,79.87518891,122.9500332,122.9500332,101.3299959,102.6289518,0,20,0,0,42.80287792,55.69125729,55.69125729,52.58165622,5.051,0.278,0.007,0.020,82.63496085,0.021,34.827,54.55444934,66.13780263,54.92135968,0,-3.966735771,3.362,78.91529688,78.91529688,optimal,177,186,1.4,pass,79.47166688,79.87518891,78.91529688,78.91529688
diverse_rec,movielens_sample20of200_lambda0.75,20,11,1000,4,1,12,54.07729861,90.57773299,171.2115117,86.50181616,86.50181616,0,54.02328397,53.21200428,0.5794664871,50.78264657,54.04164363,54.07729861,1,0.152,0.0082,25.022,85.9998289,122.9500332,122.9500332,101.3299959,102.6289518,0,20,0,0,42.80287792,55.69125729,55.69125729,54.07729861,5.051,0.285,0.007,0.020,90.57773299,0.021,34.827,54.55444934,61.62304005,54.92135968,0,-3.966735771,3.362,85.62303372,85.62303372,optimal,187,195,2.8,pass,86.50181616,85.7457053,85.62303372,85.62303372
diverse_rec,movielens_sample20of200_lambda0.75,20,12,1000,4,1,13,55.10229887,98.39470515,171.2115117,93.39808582,93.39808582,0,54.98715365,53.88619902,0.8285488099,50.40527087,55.02664057,55.10229887,1,0.157,0.0098,25.022,88.06601018,122.9500332,122.9500332,101.224358,102.6289518,0,20,0,0,42.80287792,55.69125729,55.69125729,55.10229887,5.051,0.280,0.007,0.020,98.39470515,0.021,34.827,54.55444934,57.0627843,54.92135968,0,-3.966735771,3.362,88.02942031,88.02942031,optimal,196,203,2.5,pass,93.39808582,85.7457053,85.7457053,85.7457053
diverse_rec,movielens_sample20of200_lambda0.75,20,13,1000,4,1,14,55.64519321,106.0441022,171.2115117,100.0536439,100.0536439,0,55.40614817,54.23715559,0.8288945427,50.6677733,55.46293153,55.64519321,1,0.162,0.0096,25.022,85.7457053,122.9500332,122.9500332,101.224358,102.6289518,0,20,0,0,42.80287792,55.69125729,55.69125729,55.64519321,5.051,0.274,0.007,0.020,101.224358,0.021,34.827,54.55444934,55.40614817,54.92135968,0,-3.966735771,3.362,85.7457053,85.7457053,optimal,204,210,2.7,pass,100.0536439,85.7457053,85.7457053,85.7457053
diverse_rec,movielens_sample20of200_lambda0.75,20,14,1000,4,1,14,55.69125729,113.6647192,171.2115117,101.1711871,101.6676897,12,55.40614817,54.35994721,0.8438812421,50.56632546,55.51350437,55.69125729,1,0.162,0.0140,25.022,85.7457053,122.9500332,122.9500332,101.224358,102.6289518,0,20,0,0,42.80287792,55.69125729,55.69125729,55.69125729,5.051,0.269,0.007,0.020,101.224358,0.021,34.827,54.55444934,55.40614817,54.92135968,0,-3.966735771,3.362,85.7457053,85.7457053,optimal,204,210,1.2,pass,101.1711871,85.7457053,85.7457053,85.7457053
diverse_rec,movielens_sample20of200_lambda0.75,20,15,1000,4,1,14,55.69125729,121.2475654,171.2115117,101.1711871,101.6676897,12,55.40614817,54.45225346,0.8795688773,49.00207505,55.56935739,55.69125729,1,0.162,0.0090,25.022,85.7457053,122.9500332,122.9500332,101.224358,102.6289518,0,20,0,0,42.80287792,55.69125729,55.69125729,55.69125729,5.051,0.259,0.007,0.020,101.224358,0.021,34.827,54.55444934,55.40614817,54.92135968,0,-3.966735771,3.362,85.7457053,85.7457053,optimal,204,210,2.6,pass,101.1711871,85.7457053,85.7457053,85.7457053
diverse_rec,movielens_sample20of200_lambda0.75,20,16,1000,4,1,14,55.69125729,128.583449,171.2115117,101.1711871,101.6676897,12,55.40614817,54.47222198,0.9050014605,48.10901636,55.54638425,55.69125729,1,0.162,0.0097,25.022,85.7457053,122.9500332,122.9500332,101.224358,102.6289518,0,20,0,0,42.80287792,55.69125729,55.69125729,55.69125729,5.051,0.258,0.007,0.020,101.224358,0.021,34.827,54.55444934,55.40614817,54.92135968,0,-3.966735771,3.362,85.7457053,85.7457053,optimal,204,210,1.2,pass,101.1711871,85.7457053,85.7457053,85.7457053
diverse_rec,movielens_sample20of200_lambda0.75,20,17,1000,4,1,14,55.69125729,135.6295346,171.2115117,101.1711871,101.6676897,12,55.40614817,54.4528597,0.9809048916,47.9172938,55.5697005,55.69125729,1,0.162,0.0123,25.022,85.7457053,122.9500332,122.9500332,101.224358,102.6289518,0,20,0,0,42.80287792,55.69125729,55.69125729,55.69125729,5.051,0.256,0.007,0.020,101.224358,0.021,34.827,54.55444934,55.40614817,54.92135968,0,-3.966735771,3.362,85.7457053,85.7457053,optimal,204,210,1.2,pass,101.1711871,85.7457053,85.7457053,85.7457053
diverse_rec,movielens_sample20of200_lambda0.75,20,18,1000,4,1,14,55.69125729,142.6596839,171.2115117,101.1711871,101.6676897,12,55.40614817,54.49686715,0.9743720303,47.87989717,55.55933626,55.69125729,1,0.162,0.0114,25.022,85.7457053,122.9500332,122.9500332,101.224358,102.6289518,0,20,0,0,42.80287792,55.69125729,55.69125729,55.69125729,5.051,0.256,0.007,0.020,101.224358,0.021,34.827,54.55444934,55.40614817,54.92135968,0,-3.966735771,3.362,85.7457053,85.7457053,optimal,204,210,1.1,pass,101.1711871,85.7457053,85.7457053,85.7457053
diverse_rec,movielens_sample20of200_lambda0.75,20,19,1000,4,1,14,55.69125729,149.5559536,171.2115117,101.1711871,101.6676897,12,55.40614817,54.4767647,0.9786335585,48.50466141,55.56168724,55.69125729,1,0.162,0.0190,25.022,85.7457053,122.9500332,122.9500332,101.224358,102.6289518,0,20,0,0,42.80287792,55.69125729,55.69125729,55.69125729,5.051,0.262,0.007,0.020,101.224358,0.021,34.827,54.55444934,55.40614817,54.92135968,0,-3.966735771,3.362,85.7457053,85.7457053,optimal,204,210,1.1,pass,101.1711871,85.7457053,85.7457053,85.7457053
diverse_rec,movielens_sample20of200_lambda0.75,20,20,1000,4,1,14,55.69125729,156.2115117,171.2115117,101.1711871,101.6676897,12,55.40614817,54.44592912,1.116179261,46.22484818,55.56311517,55.69125729,1,0.162,0.0121,25.022,85.7457053,122.9500332,122.9500332,101.224358,102.6289518,0,20,0,0,42.80287792,55.69125729,55.69125729,55.69125729,5.051,0.312,0.007,0.020,101.224358,0.021,34.827,54.55444934,55.40614817,54.92135968,0,-3.966735771,3.362,85.7457053,85.7457053,optimal,204,210,2.5,pass,101.1711871,85.7457053,85.7457053,85.7457053
diverse_rec,movielens_sample20of200_lambda0.75,20,1,1000,5,1,2,8.660784322,8.660784322,165.513298,8.660784322,8.660784322,0,8.660784322,8.660784322,1.043475002e-06,8.660784322,8.660784322,8.660784322,1,0.024,0.0008,30.820,8.660784322,118.8121215,118.8121215,97.27277826,99.12422872,0,20,0,0,41.37832451,53.73502648,53.73502648,8.660784322,0.568,0.273,0.009,0.024,8.660784322,0.018,34.017,8.660784322,8.660784322,8.660784322,0,-3.955392161,1.968,8.660784322,8.660784322,optimal,42,60,1.4,pass,8.660784322,8.660784322,8.660784322,8.660784322
diverse_rec,movielens_sample20of200_lambda0.75,20,2,1000,5,1,3,16.4299188,17.15918354,165.513298,17.08988249,17.08988249,0,16.4299188,16.32815533,0.07284210231,16.21975455,16.4299188,16.4299188,1,0.034,0.0013,30.820,17.14320481,118.8121215,118.8121215,97.27277826,99.12422872,0,20,0,0,41.37832451,53.73502648,53.73502648,16.4299188,0.568,0.255,0.009,0.024,17.15918354,0.018,34.017,17.08988249,17.15918354,17.08988249,0,-3.955392161,1.968,17.14141161,17.08988249,optimal,61,78,0.7,pass,17.08988249,17.14320481,17.14141161,17.08988249
diverse_rec,movielens_sample20of200_lambda0.75,20,3,1000,5,1,4,23.3959894,25.58828171,165.513298,25.22952569,25.22952569,0,23.3959894,23.08870919,0.2234126343,22.64852143,23.3959894,23.3959894,1,0.042,0.0022,30.820,25.49877624,118.8121215,118.8121215,97.27277826,99.12422872,0,20,0,0,41.37832451,53.73502648,53.73502648,23.3959894,0.568,0.253,0.009,0.024,25.58828171,0.018,34.017,25.22952569,25.58828171,25.22952569,0,-3.955392161,1.968,25.48518552,25.22952569,optimal,79,95,1.8,pass,25.22952569,25.49877624,25.48518552,25.22952569
diverse_rec,movielens_sample20of200_lambda0.75,20,4,1000,5,1,5,29.51355975,33.72792491,165.513298,33.25713612,33.25713612,0,29.51355975,28.99065948,0.3050138414,28.19593955,29.51355975,29.51355975,1,0.049,0.0027,30.820,33.519128,118.8121215,118.8121215,97.27277826,99.12422872,0,20,0,0,41.37832451,53.73502648,53.73502648,29.51355975,0.568,0.247,0.009,0.024,33.72792491,0.018,34.017,33.25713612,33.72792491,33.25713612,0,-3.955392161,1.968,33.51281749,33.25713612,optimal,96,111,0.9,pass,33.25713612,33.519128,33.51281749,33.25713612
diverse_rec,movielens_sample20of200_lambda0.75,20,5,1000,5,1,6,34.77319035,41.75553534,165.513298,41.27044828,41.27044828,0,34.77319035,34.17610668,0.322830262,33.16887191,34.77319035,34.77319035,1,0.056,0.0034,30.820,41.43318288,118.8121215,118.8121215,97.27277826,99.12422872,0,20,0,0,41.37832451,53.73502648,53.73502648,34.77319035,0.568,0.247,0.009,0.024,41.75553534,0.018,34.017,41.27044828,41.75553534,41.27044828,0,-3.955392161,1.968,41.42943358,41.27044828,optimal,112,126,2.5,pass,41.27044828,41.43318288,41.42943358,41.27044828
diverse_rec,movielens_sample20of200_lambda0.75,20,6,1000,5,1,7,39.29938845,49.78137416,165.513298,48.91201746,48.91201746,0,39.29938845,38.595437,0.3420942405,37.43339337,39.29938845,39.29938845,1,0.062,0.0029,30.820,49.29765988,118.8121215,118.8121215,97.27277826,99.12422872,0,20,0,0,41.37832451,53.73502648,53.73502648,39.29938845,0.568,0.257,0.009,0.024,49.78137416,0.018,34.017,48.91201746,49.78137416,48.91201746,0,-3.955392161,1.968,49.16562231,48.91201746,optimal,127,140,2.1,pass,48.91201746,49.29765988,49.16562231,48.91201746
diverse_rec,movielens_sample20of200_lambda0.75,20,7,1000,5,1,8,43.18103907,57.79468632,165.513298,55.94528071,55.94528071,0,43.18103907,42.37483275,0.3509887141,41.21173816,43.18103907,43.18103907,1,0.067,0.0034,30.820,56.93946416,118.8121215,118.8121215,97.27277826,99.12422872,0,20,0,0,41.37832451,53.73502648,53.73502648,43.18103907,0.568,0.270,0.009,0.024,57.79468632,0.018,34.017,52.45866859,57.79468632,52.80978963,0,-3.955392161,1.968,56.34208693,55.94528071,optimal,141,153,1.3,pass,55.94528071,56.93946416,56.34208693,55.94528071
diverse_rec,movielens_sample20of200_lambda0.75,20,8,1000,5,1,9,46.3315089,65.6911485,165.513298,62.92906155,62.92906155,0,46.3315089,45.50426735,0.3515938868,44.46485013,46.3315089,46.3315089,1,0.074,0.0043,30.820,64.26617893,118.8121215,118.8121215,97.27277826,99.12422872,0,20,0,0,41.37832451,53.73502648,53.73502648,46.3315089,0.568,0.269,0.009,0.024,65.6911485,0.018,34.017,52.45866859,65.6207654,52.80978963,0,-3.955392161,1.968,63.22056716,62.92906155,optimal,154,165,1.4,pass,62.92906155,64.26617893,63.22056716,62.92906155
diverse_rec,movielens_sample20of200_lambda0.75,20,9,1000,5,1,10,48.86363732,73.42595613,165.513298,69.78441739,69.78441739,0,48.86363732,48.05983017,0.3346602054,46.88607128,48.86363732,48.86363732,1,0.079,0.0064,30.820,70.90643842,118.8121215,118.8121215,97.27277826,99.12422872,0,20,0,0,41.37832451,53.73502648,53.73502648,48.86363732,0.568,0.268,0.009,0.024,73.42595613,0.018,34.017,52.45866859,65.28772942,52.80978963,0,-3.955392161,1.968,69.80881536,69.78441739,optimal,166,176,2.9,pass,69.78441739,70.90643842,69.80881536,69.78441739
diverse_rec,movielens_sample20of200_lambda0.75,20,10,1000,5,1,11,50.83081131,81.06752531,165.513298,76.57247363,76.57247363,0,50.80112019,50.06524311,0.3232900561,48.69504634,50.7296721,50.83081131,1,0.084,0.0084,30.820,77.07299263,118.8121215,118.8121215,97.27277826,99.12422872,0,20,0,0,41.37832451,53.73502648,53.73502648,50.83081131,0.568,0.277,0.009,0.024,81.06752531,0.018,34.017,52.45866859,63.55064542,52.80978963,0,-3.955392161,1.968,76.15103058,76.15103058,optimal,177,186,2.7,pass,76.57247363,77.07299263,76.15103058,76.15103058
diverse_rec,movielens_sample20of200_lambda0.75,20,11,1000,5,1,12,52.31329124,88.63649977,165.513298,83.3108542,83.3108542,0,52.21038505,51.36123934,0.5466730074,48.83129678,52.26414404,52.31329124,1,0.088,0.0098,30.820,82.73764388,118.8121215,118.8121215,97.27277826,99.12422872,0,20,0,0,41.37832451,53.73502648,53.73502648,52.31329124,0.568,0.295,0.009,0.024,88.63649977,0.018,34.017,52.45866859,59.02449014,52.80978963,0,-3.955392161,1.968,82.24745291,82.24745291,optimal,187,195,1.5,pass,83.3108542,82.5390795,82.24745291,82.24745291
diverse_rec,movielens_sample20of200_lambda0.75,20,12,1000,5,1,13,53.24860502,96.03991255,165.513298,89.88200616,89.88200616,0,53.17836722,51.98569777,0.7348964558,48.86188772,53.15336831,53.24860502,1,0.091,0.0100,30.820,84.82229246,118.8121215,118.8121215,97.27277826,99.12422872,0,20,0,0,41.37832451,53.73502648,53.73502648,53.24860502,0.568,0.263,0.009,0.024,96.03991255,0.018,34.017,52.45866859,55.00383005,52.80978963,0,-3.955392161,1.968,84.74728776,84.74728776,optimal,196,203,1.7,pass,89.88200616,82.5390795,82.5390795,82.5390795
diverse_rec,movielens_sample20of200_lambda0.75,20,13,1000,5,1,14,53.67998651,103.1487786,165.513298,96.27653686,96.27653686,0,53.49587605,52.30200679,0.8264371213,48.96082121,53.54669075,53.67998651,1,0.095,0.0094,30.820,82.5390795,118.8121215,118.8121215,97.27277826,99.12422872,0,20,0,0,41.37832451,53.73502648,53.73502648,53.67998651,0.568,0.283,0.009,0.024,97.33493082,0.018,34.017,52.45866859,53.49587605,52.80978963,0,-3.955392161,1.968,82.5390795,82.5390795,optimal,204,210,2.4,pass,96.27653686,82.5390795,82.5390795,82.5390795
diverse_rec,movielens_sample20of200_lambda0.75,20,14,1000,5,1,14,53.73502648,110.1820419,165.513298,97.22613984,98.04759957,12,53.49587605,52.43221992,0.8280086973,47.26488984,53.560488,53.73502648,1,0.095,0.0093,30.820,82.5390795,118.8121215,118.8121215,97.27277826,99.12422872,0,20,0,0,41.37832451,53.73502648,53.73502648,53.73502648,0.568,0.263,0.009,0.024,97.33493082,0.018,34.017,52.45866859,53.49587605,52.80978963,0,-3.955392161,1.968,82.5390795,82.5390795,optimal,204,210,1.2,pass,97.22613984,82.5390795,82.5390795,82.5390795
diverse_rec,movielens_sample20of200_lambda0.75,20,15,1000,5,1,14,53.73502648,117.1658227,165.513298,97.22613984,98.04759957,12,53.49587605,52.47809408,0.8683478211,47.47753712,53.62940424,53.73502648,1,0.095,0.0151,30.820,82.5390795,118.8121215,118.8121215,97.27277826,99.12422872,0,20,0,0,41.37832451,53.73502648,53.73502648,53.73502648,0.568,0.256,0.009,0.024,97.33493082,0.018,34.017,52.45866859,53.49587605,52.80978963,0,-3.955392161,1.968,82.5390795,82.5390795,optimal,204,210,2.5,pass,97.22613984,82.5390795,82.5390795,82.5390795
diverse_rec,movielens_sample20of200_lambda0.75,20,16,1000,5,1,14,53.73502648,124.0211786,165.513298,97.22613984,98.04759957,12,53.49587605,52.55988749,0.8704581417,46.30857364,53.57228013,53.73502648,1,0.095,0.0135,30.820,82.5390795,118.8121215,118.8121215,97.27277826,99.12422872,0,20,0,0,41.37832451,53.73502648,53.73502648,53.73502648,0.568,0.256,0.009,0.024,97.33493082,0.018,34.017,52.45866859,53.49587605,52.80978963,0,-3.955392161,1.968,82.5390795,82.5390795,optimal,204,210,1.2,pass,97.22613984,82.5390795,82.5390795,82.5390795
diverse_rec,movielens_sample20of200_lambda0.75,20,17,1000,5,1,14,53.73502648,130.8092348,165.513298,97.22613984,98.04759957,12,53.49587605,52.59889254,0.9243996236,44.33524947,53.64907399,53.73502648,1,0.095,0.0118,30.820,82.5390795,118.8121215,118.8121215,97.27277826,99.12422872,0,20,0,0,41.37832451,53.73502648,53.73502648,53.73502648,0.568,0.256,0.009,0.024,97.33493082,0.018,34.017,52.45866859,53.49587605,52.80978963,0,-3.955392161,1.968,82.5390795,82.5390795,optimal,204,210,1.1,pass,97.22613984,82.5390795,82.5390795,82.5390795
diverse_rec,movielens_sample20of200_lambda0.75,20,18,1000,5,1,14,53.73502648,137.5476154,165.513298,97.22613984,98.04759957,12,53.49587605,52.56517726,0.9190748638,47.13374112,53.68969061,53.73502648,1,0.095,0.0130,30.820,82.5390795,118.8121215,118.8121215,97.27277826,99.12422872,0,20,0,0,41.37832451,53.73502648,53.73502648,53.73502648,0.568,0.257,0.009,0.024,97.33493082,0.018,34.017,52.45866859,53.49587605,52.80978963,0,-3.955392161,1.968,82.5390795,82.5390795,optimal,204,210,1.2,pass,97.22613984,82.5390795,82.5390795,82.5390795
diverse_rec,movielens_sample20of200_lambda0.75,20,19,1000,5,1,14,53.73502648,144.1187673,165.513298,97.22613984,98.04759957,12,53.49587605,52.55772061,1.016319842,43.67897913,53.69900464,53.73502648,1,0.095,0.0110,30.820,82.5390795,118.8121215,118.8121215,97.27277826,99.12422872,0,20,0,0,41.37832451,53.73502648,53.73502648,53.73502648,0.568,0.253,0.009,0.024,97.33493082,0.018,34.017,52.45866859,53.49587605,52.80978963,0,-3.955392161,1.968,82.5390795,82.5390795,optimal,204,210,3.1,pass,97.22613984,82.5390795,82.5390795,82.5390795
diverse_rec,movielens_sample20of200_lambda0.75,20,20,1000,5,1,14,53.73502648,150.513298,165.513298,97.22613984,98.04759957,12,53.49587605,52.57849153,0.9949843867,46.66631414,53.6430601,53.73502648,1,0.095,0.0155,30.820,82.5390795,118.8121215,118.8121215,97.27277826,99.12422872,0,20,0,0,41.37832451,53.73502648,53.73502648,53.73502648,0.568,0.320,0.009,0.024,97.33493082,0.018,34.017,52.45866859,53.49587605,52.80978963,0,-3.955392161,1.968,82.5390795,82.5390795,optimal,204,210,1.2,pass,97.22613984,82.5390795,82.5390795,82.5390795
diverse_rec,movielens_sample20of200_lambda0.75,20,1,1000,6,1,2,8.91981541,8.91981541,166.4497087,8.91981541,8.91981541,0,8.91981541,8.91981541,0,8.91981541,8.91981541,8.91981541,1,0.023,0.0007,27.165,8.91981541,119.9220722,119.9220722,98.26783018,99.25670473,0,20,0,0,41.61242717,54.05773579,54.05773579,8.91981541,0.809,0.284,0.009,0.025,8.91981541,0.017,48.604,8.91981541,8.91981541,8.91981541,0,-4.084907705,2.084,8.91981541,8.91981541,optimal,42,60,0.7,pass,8.91981541,8.91981541,8.91981541,8.91981541
diverse_rec,movielens_sample20of200_lambda0.75,20,2,1000,6,1,3,16.59076735,17.37882394,166.4497087,17.34505399,17.34505399,0,16.59076735,16.45874537,0.2068938274,16.10330264,16.59076735,16.59076735,1,0.032,0.0010,27.165,17.34674857,119.9220722,119.9220722,98.26783018,99.25670473,0,20,0,0,41.61242717,54.05773579,54.05773579,16.59076735,0.809,0.274,0.009,0.025,17.37882394,0.017,48.604,17.34505399,17.37882394,17.34505399,0,-4.084907705,2.084,17.34605524,17.34505399,optimal,61,78,3.4,pass,17.34505399,17.34674857,17.34605524,17.34505399
diverse_rec,movielens_sample20of200_lambda0.75,20,3,1000,6,1,4,23.44219973,25.80406252,166.4497087,25.54365605,25.54365605,0,23.44219973,23.14091289,0.2406774705,22.61292793,23.44219973,23.44219973,1,0.045,0.0019,27.165,25.68566363,119.9220722,119.9220722,98.26783018,99.25670473,0,20,0,0,41.61242717,54.05773579,54.05773579,23.44219973,0.809,0.267,0.009,0.025,25.80406252,0.017,48.604,25.54365605,25.80406252,25.54365605,0,-4.084907705,2.084,25.67496719,25.54365605,optimal,79,95,6.7,pass,25.54365605,25.68566363,25.67496719,25.54365605
diverse_rec,movielens_sample20of200_lambda0.75,20,4,1000,6,1,5,29.4911345,34.00266459,166.4497087,33.65518494,33.65518494,0,29.4911345,29.07823685,0.2701077303,28.20068157,29.4911345,29.4911345,1,0.053,0.0026,27.165,33.76071649,119.9220722,119.9220722,98.26783018,99.25670473,0,20,0,0,41.61242717,54.05773579,54.05773579,29.4911345,0.809,0.255,0.009,0.025,34.00266459,0.017,48.604,33.65518494,34.00266459,33.65518494,0,-4.084907705,2.084,33.75305703,33.65518494,optimal,96,111,0.9,pass,33.65518494,33.76071649,33.75305703,33.65518494
diverse_rec,movielens_sample20of200_lambda0.75,20,5,1000,6,1,6,34.74272843,42.11419347,166.4497087,41.70456341,41.70456341,0,34.74272843,34.2734767,0.2731665457,33.50413197,34.74272843,34.74272843,1,0.060,0.0035,27.165,41.76289329,119.9220722,119.9220722,98.26783018,99.25670473,0,20,0,0,41.61242717,54.05773579,54.05773579,34.74272843,0.809,0.255,0.009,0.025,42.11419347,0.017,48.604,41.70456341,42.11419347,41.70456341,0,-4.084907705,2.084,41.73894996,41.70456341,optimal,112,126,6.2,pass,41.70456341,41.76289329,41.73894996,41.70456341
diverse_rec,movielens_sample20of200_lambda0.75,20,6,1000,6,1,7,39.27656318,50.21235275,166.4497087,49.36520756,49.36520756,0,39.27656318,38.75818739,0.2622513649,38.0206344,39.27656318,39.27656318,1,0.066,0.0037,27.165,49.70548268,119.9220722,119.9220722,98.26783018,99.25670473,0,20,0,0,41.61242717,54.05773579,54.05773579,39.27656318,0.809,0.256,0.009,0.025,50.21235275,0.017,48.604,49.36520756,50.21235275,49.36520756,0,-4.084907705,2.084,49.58029406,49.36520756,optimal,127,140,3.2,pass,49.36520756,49.70548268,49.58029406,49.36520756
diverse_rec,movielens_sample20of200_lambda0.75,20,7,1000,6,1,8,43.22267044,58.26173122,166.4497087,56.54954686,56.54954686,0,43.22267044,42.54301549,0.2692490205,41.69959451,43.22267044,43.22267044,1,0.071,0.0035,27.165,57.57466554,119.9220722,119.9220722,98.26783018,99.25670473,0,20,0,0,41.61242717,54.05773579,54.05773579,43.22267044,0.809,0.264,0.009,0.025,58.26173122,0.017,48.604,52.43442916,58.26173122,52.44097349,0,-4.084907705,2.084,56.83278068,56.54954686,optimal,141,153,3.7,pass,56.54954686,57.57466554,56.83278068,56.54954686
diverse_rec,movielens_sample20of200_lambda0.75,20,8,1000,6,1,9,46.45446862,66.24181602,166.4497087,63.49763948,63.49763948,0,46.45446862,45.70833439,0.2779512785,44.6901227,46.45446862,46.45446862,1,0.077,0.0067,27.165,64.90017992,119.9220722,119.9220722,98.26783018,99.25670473,0,20,0,0,41.61242717,54.05773579,54.05773579,46.45446862,0.809,0.268,0.009,0.025,66.24181602,0.017,48.604,52.43442916,66.06113025,52.44097349,0,-4.084907705,2.084,63.77487981,63.49763948,optimal,154,165,3.4,pass,63.49763948,64.90017992,63.77487981,63.49763948
diverse_rec,movielens_sample20of200_lambda0.75,20,9,1000,6,1,10,48.98922772,74.22109417,166.4497087,70.38627306,70.38627306,0,48.98922772,48.29505147,0.2648672712,47.1716618,48.91736932,48.98922772,1,0.083,0.0075,27.165,71.73534485,119.9220722,119.9220722,98.26783018,99.25670473,0,20,0,0,41.61242717,54.05773579,54.05773579,48.98922772,0.809,0.273,0.009,0.025,74.22109417,0.017,48.604,52.43442916,65.84364845,52.44097349,0,-4.084907705,2.084,70.51698353,70.38627306,optimal,166,176,2.0,pass,70.38627306,71.73534485,70.51698353,70.38627306
diverse_rec,movielens_sample20of200_lambda0.75,20,10,1000,6,1,11,51.01751736,81.88173831,166.4497087,77.16592809,77.16592809,0,51.01751736,50.32506216,0.2610631677,49.33315931,50.90260078,51.01751736,1,0.088,0.0067,27.165,78.03253674,119.9220722,119.9220722,98.26783018,99.25670473,0,20,0,0,41.61242717,54.05773579,54.05773579,51.01751736,0.809,0.282,0.009,0.025,81.88173831,0.017,48.604,52.43442916,64.13514492,52.44097349,0,-4.084907705,2.084,77.00923726,77.00923726,optimal,177,186,3.3,pass,77.16592809,78.03253674,77.00923726,77.00923726
diverse_rec,movielens_sample20of200_lambda0.75,20,11,1000,6,1,12,52.48389805,89.46127676,166.4497087,83.7930603,83.7930603,0,52.43710841,51.6377984,0.5639543982,49.27525402,52.42766676,52.48389805,1,0.091,0.0124,27.165,83.87750056,119.9220722,119.9220722,98.26783018,99.25670473,0,20,0,0,41.61242717,54.05773579,54.05773579,52.48389805,0.809,0.282,0.009,0.025,89.46127676,0.017,48.604,52.43442916,59.9338927,52.44097349,0,-4.084907705,2.084,83.07775853,83.07775853,optimal,187,195,4.5,pass,83.7930603,83.50437397,83.07775853,83.07775853
diverse_rec,movielens_sample20of200_lambda0.75,20,12,1000,6,1,13,53.44258187,97.01364113,166.4497087,90.26462149,90.26462149,0,53.39893864,52.25235976,0.8199518309,46.78566174,53.34028693,53.44258187,1,0.095,0.0078,27.165,85.78776668,119.9220722,119.9220722,98.05077006,99.25670473,0,20,0,0,41.61242717,54.05773579,54.05773579,53.44258187,0.809,0.273,0.009,0.025,97.01364113,0.017,48.604,52.43442916,55.95723496,52.44097349,0,-4.084907705,2.084,85.62750975,85.62750975,optimal,196,203,2.8,pass,90.26462149,83.50437397,83.50437397,83.50437397
diverse_rec,movielens_sample20of200_lambda0.75,20,13,1000,6,1,14,53.94745006,104.2369724,166.4497087,96.57794382,96.57794382,0,53.84986907,52.58958685,0.8433554961,47.64125489,53.87797869,53.94745006,1,0.098,0.0112,27.165,83.50437397,119.9220722,119.9220722,98.05077006,99.25670473,0,20,0,0,41.61242717,54.05773579,54.05773579,53.94745006,0.809,0.265,0.009,0.025,98.05077006,0.017,48.604,52.43442916,53.84986907,52.44097349,0,-4.084907705,2.084,83.50437397,83.50437397,optimal,204,210,1.7,pass,96.57794382,83.50437397,83.50437397,83.50437397
diverse_rec,movielens_sample20of200_lambda0.75,20,14,1000,6,1,14,54.05773579,111.4213117,166.4497087,97.81834195,99.06095425,12,53.84986907,52.74257822,0.8674352054,47.94467631,53.9380721,54.05773579,1,0.098,0.0099,27.165,83.50437397,119.9220722,119.9220722,98.05077006,99.25670473,0,20,0,0,41.61242717,54.05773579,54.05773579,54.05773579,0.809,0.263,0.009,0.025,98.05077006,0.017,48.604,52.43442916,53.84986907,52.44097349,0,-4.084907705,2.084,83.50437397,83.50437397,optimal,204,210,2.6,pass,97.81834195,83.50437397,83.50437397,83.50437397
diverse_rec,movielens_sample20of200_lambda0.75,20,15,1000,6,1,14,54.05773579,118.3694044,166.4497087,97.81834195,99.06095425,12,53.84986907,52.7884828,0.9068307297,47.04931727,53.869064,54.05773579,1,0.098,0.0147,27.165,83.50437397,119.9220722,119.9220722,98.05077006,99.25670473,0,20,0,0,41.61242717,54.05773579,54.05773579,54.05773579,0.809,0.259,0.009,0.025,98.05077006,0.017,48.604,52.43442916,53.84986907,52.44097349,0,-4.084907705,2.084,83.50437397,83.50437397,optimal,204,210,1.4,pass,97.81834195,83.50437397,83.50437397,83.50437397
diverse_rec,movielens_sample20of200_lambda0.75,20,16,1000,6,1,14,54.05773579,125.2580379,166.4497087,97.81834195,99.06095425,12,53.84986907,52.83013301,0.9062927008,47.58357627,53.86272955,54.05773579,1,0.098,0.0115,27.165,83.50437397,119.9220722,119.9220722,98.05077006,99.25670473,0,20,0,0,41.61242717,54.05773579,54.05773579,54.05773579,0.809,0.256,0.009,0.025,98.05077006,0.017,48.604,52.43442916,53.84986907,52.44097349,0,-4.084907705,2.084,83.50437397,83.50437397,optimal,204,210,1.3,pass,97.81834195,83.50437397,83.50437397,83.50437397
diverse_rec,movielens_sample20of200_lambda0.75,20,17,1000,6,1,14,54.05773579,132.037693,166.4497087,97.81834195,99.06095425,12,53.84986907,52.90498226,0.8630509018,47.31187084,53.89750568,54.05773579,1,0.098,0.0131,27.165,83.50437397,119.9220722,119.9220722,98.05077006,99.25670473,0,20,0,0,41.61242717,54.05773579,54.05773579,54.05773579,0.809,0.259,0.009,0.025,98.05077006,0.017,48.604,52.43442916,53.84986907,52.44097349,0,-4.084907705,2.084,83.50437397,83.50437397,optimal,204,210,1.2,pass,97.81834195,83.50437397,83.50437397,83.50437397
diverse_rec,movielens_sample20of200_lambda0.75,20,18,1000,6,1,14,54.05773579,138.6648252,166.4497087,97.81834195,99.06095425,12,53.84986907,52.84826492,0.9627505208,46.99977767,53.95849098,54.05773579,1,0.098,0.0163,27.165,83.50437397,119.9220722,119.9220722,98.05077006,99.25670473,0,20,0,0,41.61242717,54.05773579,54.05773579,54.05773579,0.809,0.258,0.009,0.025,98.05077006,0.017,48.604,52.43442916,53.84986907,52.44097349,0,-4.084907705,2.084,83.50437397,83.50437397,optimal,204,210,1.3,pass,97.81834195,83.50437397,83.50437397,83.50437397
diverse_rec,movielens_sample20of200_lambda0.75,20,19,1000,6,1,14,54.05773579,145.1363864,166.4497087,97.81834195,99.06095425,12,53.84986907,52.85378157,1.039131957,47.0779994,54.00251222,54.05773579,1,0.098,0.0153,27.165,83.50437397,119.9220722,119.9220722,98.05077006,99.25670473,0,20,0,0,41.61242717,54.05773579,54.05773579,54.05773579,0.809,0.278,0.009,0.025,98.05077006,0.017,48.604,52.43442916,53.84986907,52.44097349,0,-4.084907705,2.084,83.50437397,83.50437397,optimal,204,210,3.1,pass,97.81834195,83.50437397,83.50437397,83.50437397
diverse_rec,movielens_sample20of200_lambda0.75,20,20,1000,6,1,14,54.05773579,151.4497087,166.4497087,97.81834195,99.06095425,12,53.84986907,52.84689104,1.073769288,46.46096128,53.9516728,54.05773579,1,0.098,0.0136,27.165,83.50437397,119.9220722,119.9220722,98.05077006,99.25670473,0,20,0,0,41.61242717,54.05773579,54.05773579,54.05773579,0.809,0.322,0.009,0.025,98.05077006,0.017,48.604,52.43442916,53.84986907,52.44097349,0,-4.084907705,2.084,83.50437397,83.50437397,optimal,204,210,1.1,pass,97.81834195,83.50437397,83.50437397,83.50437397
diverse_rec,movielens_sample20of200_lambda0.75,20,1,1000,7,1,2,9.254139193,9.254139193,175.5524016,9.254139193,9.254139193,0,9.254139193,9.254139193,0,9.254139193,9.254139193,9.254139193,1,0.025,0.0015,45.530,9.254139193,125.8418977,125.8418977,104.2716411,104.946225,0,20,0,0,43.88810041,57.16487526,57.16487526,9.254139193,4.130,0.282,0.008,0.025,9.254139193,0.025,43.786,9.254139193,9.254139193,9.254139193,0,-4.252069597,5.480,9.254139193,9.254139193,optimal,42,60,0.6,pass,9.254139193,9.254139193,9.254139193,9.254139193
diverse_rec,movielens_sample20of200_lambda0.75,20,2,1000,7,1,3,17.49983576,18.4960793,175.5524016,18.22668025,18.22668025,0,17.49983576,17.46298978,0.03423204933,17.42868212,17.49983576,17.49983576,1,0.034,0.0013,45.530,18.47255879,125.8418977,125.8418977,104.2716411,104.946225,0,20,0,0,43.88810041,57.16487526,57.16487526,17.49983576,4.130,0.248,0.008,0.025,18.4960793,0.025,43.786,18.22668025,18.4960793,18.22668025,0,-4.252069597,5.480,18.46398617,18.22668025,optimal,61,78,1.5,pass,18.22668025,18.47255879,18.46398617,18.22668025
diverse_rec,movielens_sample20of200_lambda0.75,20,3,1000,7,1,4,24.95394858,27.46862035,175.5524016,27.16983595,27.16983595,0,24.95394858,24.72897112,0.1492513884,24.30091856,24.95394858,24.95394858,1,0.043,0.0019,45.530,27.42139389,125.8418977,125.8418977,104.2716411,104.946225,0,20,0,0,43.88810041,57.16487526,57.16487526,24.95394858,4.130,0.245,0.008,0.025,27.46862035,0.025,43.786,27.16983595,27.46862035,27.16983595,0,-4.252069597,5.480,27.42001808,27.16983595,optimal,79,95,2.2,pass,27.16983595,27.42139389,27.42001808,27.16983595
diverse_rec,movielens_sample20of200_lambda0.75,20,4,1000,7,1,5,31.46399289,36.41177606,175.5524016,35.81383676,35.81383676,0,31.46399289,30.99701724,0.2817539654,30.08844048,31.46399289,31.46399289,1,0.050,0.0037,45.530,36.20261233,125.8418977,125.8418977,104.2716411,104.946225,0,20,0,0,43.88810041,57.16487526,57.16487526,31.46399289,4.130,0.247,0.008,0.025,36.41177606,0.025,43.786,35.81383676,36.41177606,35.81383676,0,-4.252069597,5.480,36.17191452,35.81383676,optimal,96,111,0.9,pass,35.81383676,36.20261233,36.17191452,35.81383676
diverse_rec,movielens_sample20of200_lambda0.75,20,5,1000,7,1,6,37.1478874,45.05577686,175.5524016,44.11880169,44.11880169,0,37.1478874,36.41915136,0.3239252034,35.50473954,37.1478874,37.1478874,1,0.057,0.0032,45.530,44.67941073,125.8418977,125.8418977,104.2716411,104.946225,0,20,0,0,43.88810041,57.16487526,57.16487526,37.1478874,4.130,0.255,0.008,0.025,45.05577686,0.025,43.786,44.11880169,45.05577686,44.11880169,0,-4.252069597,5.480,44.59586804,44.11880169,optimal,112,126,1.0,pass,44.11880169,44.67941073,44.59586804,44.11880169
diverse_rec,movielens_sample20of200_lambda0.75,20,6,1000,7,1,7,41.90726118,53.61135858,175.5524016,52.15041627,52.15041627,0,41.90726118,41.13347787,0.3247282571,39.92737021,41.90726118,41.90726118,1,0.063,0.0027,45.530,52.79722203,125.8418977,125.8418977,104.2716411,104.946225,0,20,0,0,43.88810041,57.16487526,57.16487526,41.90726118,4.130,0.244,0.008,0.025,53.61135858,0.025,43.786,52.15041627,53.61135858,52.15041627,0,-4.252069597,5.480,52.6547938,52.15041627,optimal,127,140,2.4,pass,52.15041627,52.79722203,52.6547938,52.15041627
diverse_rec,movielens_sample20of200_lambda0.75,20,7,1000,7,1,8,45.94505115,61.9163235,175.5524016,59.92439798,59.92439798,0,45.87620349,45.17821814,0.3126927215,43.94935293,45.94505115,45.94505115,1,0.068,0.0048,45.530,60.64758621,125.8418977,125.8418977,104.2716411,104.946225,0,20,0,0,43.88810041,57.16487526,57.16487526,45.94505115,4.130,0.261,0.008,0.025,61.9163235,0.025,43.786,56.22397897,61.9163235,56.22397897,0,-4.252069597,5.480,60.36085674,59.92439798,optimal,141,153,1.7,pass,59.92439798,60.64758621,60.36085674,59.92439798
diverse_rec,movielens_sample20of200_lambda0.75,20,8,1000,7,1,9,49.33758794,70.1952915,175.5524016,67.47431848,67.47431848,0,49.33758794,48.52497227,0.3257473895,47.23757618,49.31894096,49.33758794,1,0.075,0.0061,45.530,68.32967376,125.8418977,125.8418977,104.2716411,104.946225,0,20,0,0,43.88810041,57.16487526,57.16487526,49.33758794,4.130,0.260,0.008,0.025,70.1952915,0.025,43.786,56.22397897,70.1952915,56.22397897,0,-4.252069597,5.480,67.76669002,67.47431848,optimal,154,165,2.0,pass,67.47431848,68.32967376,67.76669002,67.47431848
diverse_rec,movielens_sample20of200_lambda0.75,20,9,1000,7,1,10,52.02622172,78.24246035,175.5524016,74.96876723,74.96876723,0,52.02622172,51.28971472,0.3045630487,49.92846019,52.02622172,52.02622172,1,0.079,0.0082,45.530,75.91944191,125.8418977,125.8418977,104.2716411,104.946225,0,20,0,0,43.88810041,57.16487526,57.16487526,52.02622172,4.130,0.272,0.008,0.025,78.24246035,0.025,43.786,56.22397897,69.73345662,56.22397897,0,-4.252069597,5.480,74.88657336,74.88657336,optimal,166,176,1.5,pass,74.96876723,75.91944191,74.88657336,74.88657336
diverse_rec,movielens_sample20of200_lambda0.75,20,10,1000,7,1,11,54.14943506,86.27407493,175.5524016,82.27812573,82.27812573,0,54.14943506,53.38646076,0.3225310375,52.24471944,54.05236625,54.14943506,1,0.084,0.0173,45.530,83.04100733,125.8418977,125.8418977,104.2716411,104.946225,0,20,0,0,43.88810041,57.16487526,57.16487526,54.14943506,4.130,0.279,0.008,0.025,86.27407493,0.025,43.786,56.22397897,67.55778076,56.22397897,0,-4.252069597,5.480,81.72651716,81.72651716,optimal,177,186,1.3,pass,82.27812573,83.04100733,81.72651716,81.72651716
diverse_rec,movielens_sample20of200_lambda0.75,20,11,1000,7,1,12,55.62435297,94.26634756,175.5524016,89.50558319,89.50558319,0,55.6166645,54.73745865,0.6152436083,51.90579233,55.58766939,55.62435297,1,0.087,0.0098,45.530,88.86022988,125.8418977,125.8418977,104.2716411,104.946225,0,20,0,0,43.88810041,57.16487526,57.16487526,55.62435297,4.130,0.279,0.008,0.025,94.26634756,0.025,43.786,56.22397897,62.4419669,56.22397897,0,-4.252069597,5.480,88.06696479,88.06696479,optimal,187,195,7.0,pass,89.50558319,87.63578389,87.63578389,87.63578389
diverse_rec,movielens_sample20of200_lambda0.75,20,12,1000,7,1,13,56.62584857,102.2166578,175.5524016,96.44693433,96.44693433,0,56.43996321,55.37558806,0.7888093518,51.55943111,56.50622899,56.62584857,1,0.091,0.0099,45.530,90.06931687,125.8418977,125.8418977,104.1124384,104.946225,0,20,0,0,43.88810041,57.16487526,57.16487526,56.62584856,4.130,0.264,0.008,0.025,102.2166578,0.025,43.786,56.22397897,57.84118572,56.22397897,0,-4.252069597,5.480,89.95938468,89.95938468,optimal,196,203,3.0,pass,96.44693433,87.63578389,87.63578389,87.63578389
diverse_rec,movielens_sample20of200_lambda0.75,20,13,1000,7,1,14,57.1021218,110.1423311,175.5524016,102.5604868,102.5604868,0,56.73813072,55.67280503,0.8653751979,52.02506765,56.97749169,57.1021218,1,0.094,0.0084,45.530,87.63578389,125.8418977,125.8418977,104.1124384,104.946225,0,20,0,0,43.88810041,57.16487526,57.16487526,57.1021218,4.130,0.267,0.008,0.025,104.1124384,0.025,43.786,56.22397897,56.73813072,56.22397897,0,-4.252069597,5.480,87.63578389,87.63578389,optimal,204,210,3.9,pass,102.5604868,87.63578389,87.63578389,87.63578389
diverse_rec,movielens_sample20of200_lambda0.75,20,14,1000,7,1,14,57.16487526,117.9163128,175.5524016,103.952663,104.5598343,12,56.73813072,55.80457202,0.890777136,50.10690294,56.96828639,57.16487526,1,0.094,0.0116,45.530,87.63578389,125.8418977,125.8418977,104.1124384,104.946225,0,20,0,0,43.88810041,57.16487526,57.16487526,57.16487526,4.130,0.260,0.008,0.025,104.1124384,0.025,43.786,56.22397897,56.73813072,56.22397897,0,-4.252069597,5.480,87.63578389,87.63578389,optimal,204,210,2.0,pass,103.952663,87.63578389,87.63578389,87.63578389
diverse_rec,movielens_sample20of200_lambda0.75,20,15,1000,7,1,14,57.16487526,125.4662333,175.5524016,103.952663,104.5598343,12,56.73813072,55.93279835,0.8872211744,50.79541709,57.03871811,57.16487526,1,0.094,0.0116,45.530,87.63578389,125.8418977,125.8418977,104.1124384,104.946225,0,20,0,0,43.88810041,57.16487526,57.16487526,57.16487526,4.130,0.258,0.008,0.025,104.1124384,0.025,43.786,56.22397897,56.73813072,56.22397897,0,-4.252069597,5.480,87.63578389,87.63578389,optimal,204,210,2.9,pass,103.952663,87.63578389,87.63578389,87.63578389
diverse_rec,movielens_sample20of200_lambda0.75,20,16,1000,7,1,14,57.16487526,132.960682,175.5524016,103.952663,104.5598343,12,56.73813072,55.9850823,0.9755121806,49.38541546,56.99415765,57.16487526,1,0.094,0.0132,45.530,87.63578389,125.8418977,125.8418977,104.1124384,104.946225,0,20,0,0,43.88810041,57.16487526,57.16487526,57.16487526,4.130,0.254,0.008,0.025,104.1124384,0.025,43.786,56.22397897,56.73813072,56.22397897,0,-4.252069597,5.480,87.63578389,87.63578389,optimal,204,210,1.3,pass,103.952663,87.63578389,87.63578389,87.63578389
diverse_rec,movielens_sample20of200_lambda0.75,20,17,1000,7,1,14,57.16487526,140.2700405,175.5524016,103.952663,104.5598343,12,56.73813072,55.95681731,0.9690096527,48.88141625,57.08869945,57.16487526,1,0.094,0.0183,45.530,87.63578389,125.8418977,125.8418977,104.1124384,104.946225,0,20,0,0,43.88810041,57.16487526,57.16487526,57.16487526,4.130,0.255,0.008,0.025,104.1124384,0.025,43.786,56.22397897,56.73813072,56.22397897,0,-4.252069597,5.480,87.63578389,87.63578389,optimal,204,210,3.4,pass,103.952663,87.63578389,87.63578389,87.63578389
diverse_rec,movielens_sample20of200_lambda0.75,20,18,1000,7,1,14,57.16487526,147.497498,175.5524016,103.952663,104.5598343,12,56.73813072,55.98583746,0.9102728555,50.10809629,57.05125708,57.16487526,1,0.094,0.0119,45.530,87.63578389,125.8418977,125.8418977,104.1124384,104.946225,0,20,0,0,43.88810041,57.16487526,57.16487526,57.16487526,4.130,0.255,0.008,0.025,104.1124384,0.025,43.786,56.22397897,56.73813072,56.22397897,0,-4.252069597,5.480,87.63578389,87.63578389,optimal,204,210,1.8,pass,103.952663,87.63578389,87.63578389,87.63578389
diverse_rec,movielens_sample20of200_lambda0.75,20,19,1000,7,1,14,57.16487526,154.4388491,175.5524016,103.952663,104.5598343,12,56.73813072,55.96818768,1.073138195,49.35832345,57.12582889,57.16487526,1,0.094,0.0158,45.530,87.63578389,125.8418977,125.8418977,104.1124384,104.946225,0,20,0,0,43.88810041,57.16487526,57.16487526,57.16487526,4.130,0.253,0.008,0.025,104.1124384,0.025,43.786,56.22397897,56.73813072,56.22397897,0,-4.252069597,5.480,87.63578389,87.63578389,optimal,204,210,1.8,pass,103.952663,87.63578389,87.63578389,87.63578389
diverse_rec,movielens_sample20of200_lambda0.75,20,20,1000,7,1,14,57.16487526,160.5524016,175.5524016,103.952663,104.5598343,12,56.73813072,55.91270692,1.137680636,47.85760397,57.12076462,57.16487526,1,0.094,0.0129,45.530,87.63578389,125.8418977,125.8418977,104.1124384,104.946225,0,20,0,0,43.88810041,57.16487526,57.16487526,57.16487526,4.130,0.313,0.008,0.025,104.1124384,0.025,43.786,56.22397897,56.73813072,56.22397897,0,-4.252069597,5.480,87.63578389,87.63578389,optimal,204,210,2.6,pass,103.952663,87.63578389,87.63578389,87.63578389
diverse_rec,movielens_sample20of200_lambda0.75,20,1,1000,8,1,2,10.10102075,10.10102075,179.6029447,10.10102075,10.10102075,0,10.10102075,10.10102075,1.278177157e-06,10.10102075,10.10102075,10.10102075,1,0.026,0.0011,27.858,10.10102075,128.767588,128.767588,107.9618076,108.3363579,0,20,0,0,44.90073617,58.63049586,58.63049586,10.10102075,3.027,0.291,0.006,0.019,10.10102075,0.015,48.645,10.10102075,10.10102075,10.10102075,0,-4.675510376,5.794,10.10102075,10.10102075,optimal,42,60,1.6,pass,10.10102075,10.10102075,10.10102075,10.10102075
diverse_rec,movielens_sample20of200_lambda0.75,20,2,1000,8,1,3,19.01280064,20.05041109,179.6029447,19.85685321,19.85685321,0,19.01280064,18.93194263,0.08933989505,18.79694241,19.01280064,19.01280064,1,0.035,0.0010,27.858,20.02346319,128.767588,128.767588,107.9618076,108.3363579,0,20,0,0,44.90073617,58.63049586,58.63049586,19.01280064,3.027,0.267,0.006,0.019,20.05041109,0.015,48.645,19.85685321,20.05041109,19.85685321,0,-4.675510376,5.794,20.0190894,19.85685321,optimal,61,78,1.6,pass,19.85685321,20.02346319,20.0190894,19.85685321
diverse_rec,movielens_sample20of200_lambda0.75,20,3,1000,8,1,4,26.90615379,29.80624355,179.6029447,29.22152748,29.22152748,0,26.90615379,26.38923882,0.313247403,25.68665529,26.90615379,26.90615379,1,0.043,0.0020,27.858,29.64310959,128.767588,128.767588,107.9618076,108.3363579,0,20,0,0,44.90073617,58.63049586,58.63049586,26.90615379,3.027,0.255,0.006,0.019,29.80624355,0.015,48.645,29.22152748,29.80624355,29.22152748,0,-4.675510376,5.794,29.62591199,29.22152748,optimal,79,95,1.5,pass,29.22152748,29.64310959,29.62591199,29.22152748
diverse_rec,movielens_sample20of200_lambda0.75,20,4,1000,8,1,5,33.47294039,39.17091782,179.6029447,38.44989074,38.44989074,0,33.47294039,32.90970387,0.3323067587,31.97701862,33.47294039,33.47294039,1,0.052,0.0016,27.858,38.80590386,128.767588,128.767588,107.9618076,108.3363579,0,20,0,0,44.90073617,58.63049586,58.63049586,33.47294039,3.027,0.253,0.006,0.019,39.17091782,0.015,48.645,38.44989074,39.17091782,38.44989074,0,-4.675510376,5.794,38.79343801,38.44989074,optimal,96,111,1.0,pass,38.44989074,38.80590386,38.79343801,38.44989074
diverse_rec,movielens_sample20of200_lambda0.75,20,5,1000,8,1,6,39.22103393,48.39928108,179.6029447,47.39880728,47.39880728,0,39.22103393,38.54484827,0.3354966967,37.36217088,39.22103393,39.22103393,1,0.059,0.0022,27.858,47.75005132,128.767588,128.767588,107.9618076,108.3363579,0,20,0,0,44.90073617,58.63049586,58.63049586,39.22103393,3.027,0.262,0.006,0.019,48.39928108,0.015,48.645,47.39880728,48.39928108,47.39880728,0,-4.675510376,5.794,47.68217317,47.39880728,optimal,112,126,2.1,pass,47.39880728,47.75005132,47.68217317,47.39880728
diverse_rec,movielens_sample20of200_lambda0.75,20,6,1000,8,1,7,44.06078911,57.48054663,179.6029447,55.93797304,55.93797304,0,44.06078911,43.35358588,0.3736160674,42.20878923,44.06078911,44.06078911,1,0.065,0.0027,27.858,56.48197419,128.767588,128.767588,107.9618076,108.3363579,0,20,0,0,44.90073617,58.63049586,58.63049586,44.06078911,3.027,0.260,0.006,0.019,57.48054663,0.015,48.645,55.93797304,57.48054663,55.93797304,0,-4.675510376,5.794,56.2805114,55.93797304,optimal,127,140,2.5,pass,55.93797304,56.48197419,56.2805114,55.93797304
diverse_rec,movielens_sample20of200_lambda0.75,20,7,1000,8,1,8,48.20797407,66.42946317,179.6029447,63.78967477,63.78967477,0,48.20797408,47.36270487,0.3837761093,45.53760875,48.20797408,48.20797408,1,0.071,0.0064,27.858,65.01926046,128.767588,128.767588,107.9618076,108.3363579,0,20,0,0,44.90073617,58.63049586,58.63049586,48.20797407,3.027,0.261,0.006,0.019,66.42946317,0.015,48.645,56.47801509,66.42946317,56.59450539,0,-4.675510376,5.794,64.04145162,63.78967477,optimal,141,153,1.2,pass,63.78967477,65.01926046,64.04145162,63.78967477
diverse_rec,movielens_sample20of200_lambda0.75,20,8,1000,8,1,9,51.47609948,75.37727243,179.6029447,71.35036812,71.35036812,0,51.47609948,50.54217861,0.423870467,48.68098699,51.47609948,51.47609948,1,0.076,0.0047,27.858,73.04643852,128.767588,128.767588,107.9618076,108.3363579,0,20,0,0,44.90073617,58.63049586,58.63049586,51.47609948,3.027,0.287,0.006,0.019,75.37727243,0.015,48.645,56.47801509,70.58230613,56.59450539,0,-4.675510376,5.794,71.49232468,71.35036812,optimal,154,165,5.6,pass,71.35036812,73.04643852,71.49232468,71.35036812
diverse_rec,movielens_sample20of200_lambda0.75,20,9,1000,8,1,10,53.99559943,84.15850653,179.6029447,78.28780299,78.28780299,0,53.96015126,53.05302071,0.4248737619,51.5646869,53.98107964,53.99559943,1,0.080,0.0064,27.858,79.93114528,128.767588,128.767588,107.9618076,108.3363579,0,20,0,0,44.90073617,58.63049586,58.63049586,53.99559943,3.027,0.264,0.006,0.019,84.15850653,0.015,48.645,56.47801509,69.37581245,56.59450539,0,-4.675510376,5.794,78.56194677,78.28780299,optimal,166,176,1.3,pass,78.28780299,79.93114528,78.56194677,78.28780299
diverse_rec,movielens_sample20of200_lambda0.75,20,10,1000,8,1,11,55.86198716,92.72609614,179.6029447,84.94717888,84.94717888,0,55.83329625,55.00357725,0.4077604862,53.39109994,55.86198716,55.86198716,1,0.085,0.0065,27.858,85.85957817,128.767588,128.767588,107.9618076,108.3363579,0,20,0,0,44.90073617,58.63049586,58.63049586,55.86198716,3.027,0.270,0.006,0.019,92.72609614,0.015,48.645,56.47801509,66.67479264,56.59450539,0,-4.675510376,5.794,84.91473515,84.91473515,optimal,177,186,1.2,pass,84.94717888,85.85957817,84.91473515,84.91473515
diverse_rec,movielens_sample20of200_lambda0.75,20,11,1000,8,1,12,57.22688781,101.2652619,179.6029447,91.52185753,91.52185753,0,57.06845296,56.19047079,0.6150175955,52.99827529,57.03800558,57.22688781,1,0.089,0.0099,27.858,90.67625759,128.767588,128.767588,107.5344917,108.3363579,0,20,0,0,44.90073617,58.63049586,58.63049586,57.22688781,3.027,0.275,0.006,0.019,101.2652619,0.015,48.645,56.47801509,62.48494799,56.59450539,0,-4.675510376,5.794,90.27084711,90.27084711,optimal,187,195,1.3,pass,91.52185753,89.50415549,89.50415549,89.50415549
diverse_rec,movielens_sample20of200_lambda0.75,20,12,1000,8,1,13,58.11085953,109.4243766,179.6029447,97.52382149,97.52382149,0,57.85949056,56.78040887,0.8100715745,52.82444261,57.95053672,58.11085953,1,0.092,0.0084,27.858,91.93444353,128.767588,128.767588,106.898153,108.3363579,0,20,0,0,44.90073617,58.63049586,58.63049586,58.11085953,3.027,0.268,0.006,0.019,106.898153,0.015,48.645,56.47801509,58.75489184,56.59450539,0,-4.675510376,5.794,91.93444353,91.93444353,optimal,196,203,4.2,pass,97.52382149,89.50415549,89.50415549,89.50415549
diverse_rec,movielens_sample20of200_lambda0.75,20,13,1000,8,1,14,58.52295139,117.3358013,179.6029447,103.2051164,103.2051164,0,58.10435495,57.09384841,0.8696552062,52.67783805,58.38946972,58.52295139,1,0.095,0.0118,27.858,89.50415549,128.767588,128.767588,106.898153,108.3363579,0,20,0,0,44.90073617,58.63049586,58.63049586,58.52295139,3.027,0.263,0.006,0.019,106.898153,0.015,48.645,56.47801509,58.10435495,56.59450539,0,-4.675510376,5.794,89.50415549,89.50415549,optimal,204,210,1.2,pass,103.2051164,89.50415549,89.50415549,89.50415549
diverse_rec,movielens_sample20of200_lambda0.75,20,14,1000,8,1,14,58.63049586,125.187503,179.6029447,106.7668387,108.4245483,11,58.10435495,57.23433663,0.9078748318,51.07498363,58.46033567,58.63049586,1,0.095,0.0118,27.858,89.50415549,128.767588,128.767588,106.898153,108.3363579,0,20,0,0,44.90073617,58.63049586,58.63049586,58.63049586,3.027,0.279,0.006,0.019,106.898153,0.015,48.645,56.47801509,58.10435495,56.59450539,0,-4.675510376,5.794,89.50415549,89.50415549,optimal,204,210,1.2,pass,106.7668387,89.50415549,89.50415549,89.50415549
diverse_rec,movielens_sample20of200_lambda0.75,20,15,1000,8,1,14,58.63049586,132.7481964,179.6029447,106.7668387,108.4245483,11,58.10435495,57.27751586,0.9767509274,52.0248492,58.50840267,58.63049586,1,0.095,0.0096,27.858,89.50415549,128.767588,128.767588,106.898153,108.3363579,0,20,0,0,44.90073617,58.63049586,58.63049586,58.63049586,3.027,0.254,0.006,0.019,106.898153,0.015,48.645,56.47801509,58.10435495,56.59450539,0,-4.675510376,5.794,89.50415549,89.50415549,optimal,204,210,1.2,pass,106.7668387,89.50415549,89.50415549,89.50415549
diverse_rec,movielens_sample20of200_lambda0.75,20,16,1000,8,1,14,58.63049586,139.6856312,179.6029447,106.7668387,108.4245483,11,58.10435495,57.35231799,0.9359358092,49.73371802,58.4200263,58.63049586,1,0.095,0.0103,27.858,89.50415549,128.767588,128.767588,106.898153,108.3363579,0,20,0,0,44.90073617,58.63049586,58.63049586,58.63049586,3.027,0.279,0.006,0.019,106.898153,0.015,48.645,56.47801509,58.10435495,56.59450539,0,-4.675510376,5.794,89.50415549,89.50415549,optimal,204,210,3.6,pass,106.7668387,89.50415549,89.50415549,89.50415549
diverse_rec,movielens_sample20of200_lambda0.75,20,17,1000,8,1,14,58.63049586,146.3450071,179.6029447,106.7668387,108.4245483,11,58.10435495,57.39117757,0.9243276707,50.56847496,58.50781879,58.63049586,1,0.095,0.0135,27.858,89.50415549,128.767588,128.767588,106.898153,108.3363579,0,20,0,0,44.90073617,58.63049586,58.63049586,58.63049586,3.027,0.293,0.006,0.019,106.898153,0.015,48.645,56.47801509,58.10435495,56.59450539,0,-4.675510376,5.794,89.50415549,89.50415549,optimal,204,210,1.2,pass,106.7668387,89.50415549,89.50415549,89.50415549
diverse_rec,movielens_sample20of200_lambda0.75,20,18,1000,8,1,14,58.63049586,152.9196858,179.6029447,106.7668387,108.4245483,11,58.10435495,57.3336284,1.099062319,50.60703799,58.4709779,58.63049586,1,0.095,0.0136,27.858,89.50415549,128.767588,128.767588,106.898153,108.3363579,0,20,0,0,44.90073617,58.63049586,58.63049586,58.63049586,3.027,0.281,0.006,0.019,106.898153,0.015,48.645,56.47801509,58.10435495,56.59450539,0,-4.675510376,5.794,89.50415549,89.50415549,optimal,204,210,3.5,pass,106.7668387,89.50415549,89.50415549,89.50415549
diverse_rec,movielens_sample20of200_lambda0.75,20,19,1000,8,1,14,58.63049586,158.9216497,179.6029447,106.7668387,108.4245483,11,58.10435495,57.34653216,1.060938184,49.89931273,58.48452538,58.63049586,1,0.095,0.0151,27.858,89.50415549,128.767588,128.767588,106.898153,108.3363579,0,20,0,0,44.90073617,58.63049586,58.63049586,58.63049586,3.027,0.263,0.006,0.019,106.898153,0.015,48.645,56.47801509,58.10435495,56.59450539,0,-4.675510376,5.794,89.50415549,89.50415549,optimal,204,210,1.2,pass,106.7668387,89.50415549,89.50415549,89.50415549
diverse_rec,movielens_sample20of200_lambda0.75,20,20,1000,8,1,14,58.63049586,164.6029447,179.6029447,106.7668387,108.4245483,11,58.10435495,57.38253695,1.10810708,47.59827071,58.47861525,58.63049586,1,0.095,0.0144,27.858,89.50415549,128.767588,128.767588,106.898153,108.3363579,0,20,0,0,44.90073617,58.63049586,58.63049586,58.63049586,3.027,0.342,0.006,0.019,106.898153,0.015,48.645,56.47801509,58.10435495,56.59450539,0,-4.675510376,5.794,89.50415549,89.50415549,optimal,204,210,1.2,pass,106.7668387,89.50415549,89.50415549,89.50415549
diverse_rec,movielens_sample20of200_lambda0.75,20,1,1000,9,1,2,9.394608638,9.394608638,168.3157954,9.394608638,9.394608638,0,9.394608638,9.394608638,0,9.394608638,9.394608638,9.394608638,1,0.027,0.0005,28.850,9.394608638,120.738616,120.738616,99.92886754,100.2168473,0,20,0,0,42.07894886,54.65950415,54.65950415,9.394608638,5.231,0.277,0.006,0.019,9.394608638,0.014,45.873,9.394608638,9.394608638,9.394608638,0,-4.322304319,5.621,9.394608638,9.394608638,optimal,42,60,0.6,pass,9.394608638,9.394608638,9.394608638,9.394608638
diverse_rec,movielens_sample20of200_lambda0.75,20,2,1000,9,1,3,17.14063519,18.16643232,168.3157954,18.08562432,18.08562432,0,17.14063519,17.02368366,0.2077924983,16.63163414,17.14063519,17.14063519,1,0.036,0.0009,28.850,18.10935371,120.738616,120.738616,99.92886754,100.2168473,0,20,0,0,42.07894886,54.65950415,54.65950415,17.14063519,5.231,0.242,0.006,0.019,18.16643232,0.014,45.873,18.08562432,18.16643232,18.08562432,0,-4.322304319,5.621,18.1074299,18.08562432,optimal,61,78,0.7,pass,18.08562432,18.10935371,18.1074299,18.08562432
diverse_rec,movielens_sample20of200_lambda0.75,20,3,1000,9,1,4,24.03421507,26.857448,168.3157954,26.55899576,26.55899576,0,24.03421507,23.75162753,0.2637802507,23.22156895,24.03421507,24.03421507,1,0.044,0.0014,28.850,26.68304688,120.738616,120.738616,99.92886754,100.2168473,0,20,0,0,42.07894886,54.65950415,54.65950415,24.03421507,5.231,0.266,0.006,0.019,26.857448,0.014,45.873,26.55899576,26.857448,26.55899576,0,-4.322304319,5.621,26.67328274,26.55899576,optimal,79,95,1.9,pass,26.55899576,26.68304688,26.67328274,26.55899576
diverse_rec,movielens_sample20of200_lambda0.75,20,4,1000,9,1,5,30.10799143,35.33081944,168.3157954,34.85655128,34.85655128,0,30.10799143,29.74286948,0.2569363324,28.97817649,30.10799143,30.10799143,1,0.054,0.0026,28.850,34.96162606,120.738616,120.738616,99.92886754,100.2168473,0,20,0,0,42.07894886,54.65950415,54.65950415,30.10799143,5.231,0.253,0.006,0.019,35.33081944,0.014,45.873,34.85655128,35.33081944,34.85655128,0,-4.322304319,5.621,34.94372991,34.85655128,optimal,96,111,2.5,pass,34.85655128,34.96162606,34.94372991,34.85655128
diverse_rec,movielens_sample20of200_lambda0.75,20,5,1000,9,1,6,35.38570925,43.62837496,168.3157954,42.95080874,42.95080874,0,35.38570925,34.96691582,0.2978640955,33.78176843,35.38570925,35.38570925,1,0.061,0.0034,28.850,43.09269282,120.738616,120.738616,99.92886754,100.2168473,0,20,0,0,42.07894886,54.65950415,54.65950415,35.38570925,5.231,0.259,0.006,0.019,43.62837496,0.014,45.873,42.95080874,43.62837496,42.95080874,0,-4.322304319,5.621,43.02277813,42.95080874,optimal,112,126,3.3,pass,42.95080874,43.09269282,43.02277813,42.95080874
diverse_rec,movielens_sample20of200_lambda0.75,20,6,1000,9,1,7,39.96269213,51.88664588,168.3157954,50.54214599,50.54214599,0,39.96269213,39.44505922,0.3414420905,37.78192724,39.96269213,39.96269213,1,0.067,0.0032,28.850,50.90683286,120.738616,120.738616,99.92886754,100.2168473,0,20,0,0,42.07894886,54.65950415,54.65950415,39.96269213,5.231,0.272,0.006,0.019,51.88664588,0.014,45.873,50.54214599,51.88664588,50.54214599,0,-4.322304319,5.621,50.58983975,50.54214599,optimal,127,140,1.1,pass,50.54214599,50.90683286,50.58983975,50.54214599
diverse_rec,movielens_sample20of200_lambda0.75,20,7,1000,9,1,8,43.97257326,59.98090334,168.3157954,57.70424745,57.70424745,0,43.93730612,43.26392717,0.3647047399,41.75810267,43.97257326,43.97257326,1,0.072,0.0034,28.850,58.2404517,120.738616,120.738616,99.92886754,100.2168473,0,20,0,0,42.07894886,54.65950415,54.65950415,43.97257326,5.231,0.287,0.006,0.019,59.98090334,0.014,45.873,53.77387923,59.98090334,53.77387923,0,-4.322304319,5.621,57.80971428,57.70424745,optimal,141,153,1.3,pass,57.70424745,58.2404517,57.80971428,57.70424745
diverse_rec,movielens_sample20of200_lambda0.75,20,8,1000,9,1,9,47.23817524,67.67104417,168.3157954,64.84789282,64.84789282,0,47.21035331,46.42387831,0.3708427588,44.71678264,47.21035331,47.23817524,1,0.077,0.0044,28.850,65.47848172,120.738616,120.738616,99.92886754,100.2168473,0,20,0,0,42.07894886,54.65950415,54.65950415,47.23817524,5.231,0.277,0.006,0.019,67.67104417,0.014,45.873,53.77387923,66.97575267,53.77387923,0,-4.322304319,5.621,64.77277337,64.77277337,optimal,154,165,3.0,pass,64.84789282,65.47848172,64.77277337,64.77277337
diverse_rec,movielens_sample20of200_lambda0.75,20,9,1000,9,1,10,49.74810246,75.29141386,168.3157954,71.9699061,71.9699061,0,49.74487527,49.02103306,0.3450637688,47.6278023,49.74810246,49.74810246,1,0.082,0.0089,28.850,72.51137909,120.738616,120.738616,99.92886754,100.2168473,0,20,0,0,42.07894886,54.65950415,54.65950415,49.74810246,5.231,0.269,0.006,0.019,75.29141386,0.014,45.873,53.77387923,66.62606137,53.77387923,0,-4.322304319,5.621,71.61096679,71.61096679,optimal,166,176,1.4,pass,71.9699061,72.51137909,71.61096679,71.61096679
diverse_rec,movielens_sample20of200_lambda0.75,20,10,1000,9,1,11,51.75998424,82.88275111,168.3157954,79.04256295,79.04256295,0,51.73409452,51.0205857,0.3301704127,49.59717918,51.65868761,51.75998424,1,0.086,0.0070,28.850,78.79841983,120.738616,120.738616,99.92886754,100.2168473,0,20,0,0,42.07894886,54.65950415,54.65950415,51.75998424,5.231,0.290,0.006,0.019,82.88275111,0.014,45.873,53.77387923,64.34563293,53.77387923,0,-4.322304319,5.621,78.25727594,78.25727594,optimal,177,186,1.5,pass,79.04256295,78.79841983,78.25727594,78.25727594
diverse_rec,movielens_sample20of200_lambda0.75,20,11,1000,9,1,12,53.19889871,90.42401313,168.3157954,85.78157546,85.78157546,0,53.12436762,52.34100749,0.5842622909,49.0918912,53.19889871,53.19889871,1,0.090,0.0085,28.850,84.49783605,120.738616,120.738616,99.92886754,100.2168473,0,20,0,0,42.07894886,54.65950415,54.65950415,53.19889871,5.231,0.284,0.006,0.019,90.42401313,0.014,45.873,53.77387923,59.76935318,53.77387923,0,-4.322304319,5.621,84.13815227,84.13815227,optimal,187,195,2.6,pass,85.78157546,83.75699653,83.75699653,83.75699653
diverse_rec,movielens_sample20of200_lambda0.75,20,12,1000,9,1,13,54.14413045,97.95697449,168.3157954,92.20177034,92.20177034,0,54.03952627,52.94288854,0.7774769937,48.76173547,54.14225094,54.14413045,1,0.093,0.0084,28.850,86.34505734,120.738616,120.738616,99.27626918,100.2168473,0,20,0,0,42.07894886,54.65950415,54.65950415,54.14413045,5.231,0.274,0.006,0.019,97.95697449,0.014,45.873,53.77387923,55.85968828,53.77387923,0,-4.322304319,5.621,86.27151192,86.27151192,optimal,196,203,1.2,pass,92.20177034,83.75699653,83.75699653,83.75699653
diverse_rec,movielens_sample20of200_lambda0.75,20,13,1000,9,1,14,54.59989091,105.3046303,168.3157954,98.55331114,98.55331114,0,54.40122307,53.2134589,0.8633731232,48.01826631,54.51061512,54.59989091,1,0.097,0.0095,28.850,83.75699653,120.738616,120.738616,99.27626918,100.2168473,0,20,0,0,42.07894886,54.65950415,54.65950415,54.59989091,5.231,0.275,0.006,0.019,99.27626918,0.014,45.873,53.77387923,54.40122307,53.77387923,0,-4.322304319,5.621,83.75699653,83.75699653,optimal,204,210,2.1,pass,98.55331114,83.75699653,83.75699653,83.75699653
diverse_rec,movielens_sample20of200_lambda0.75,20,14,1000,9,1,14,54.65950415,112.4667318,168.3157954,99.16650139,99.76199878,12,54.40122307,53.35208612,0.861254758,47.55201528,54.4805882,54.65950415,1,0.097,0.0084,28.850,83.75699653,120.738616,120.738616,99.27626918,100.2168473,0,20,0,0,42.07894886,54.65950415,54.65950415,54.65950415,5.231,0.267,0.006,0.019,99.27626918,0.014,45.873,53.77387923,54.40122307,53.77387923,0,-4.322304319,5.621,83.75699653,83.75699653,optimal,204,210,1.2,pass,99.16650139,83.75699653,83.75699653,83.75699653
diverse_rec,movielens_sample20of200_lambda0.75,20,15,1000,9,1,14,54.65950415,119.6103771,168.3157954,99.16650139,99.76199878,12,54.40122307,53.43832484,0.9084471925,47.37783667,54.57798291,54.65950415,1,0.097,0.0106,28.850,83.75699653,120.738616,120.738616,99.27626918,100.2168473,0,20,0,0,42.07894886,54.65950415,54.65950415,54.65950415,5.231,0.263,0.006,0.019,99.27626918,0.014,45.873,53.77387923,54.40122307,53.77387923,0,-4.322304319,5.621,83.75699653,83.75699653,optimal,204,210,2.0,pass,99.16650139,83.75699653,83.75699653,83.75699653
diverse_rec,movielens_sample20of200_lambda0.75,20,16,1000,9,1,14,54.65950415,126.7323904,168.3157954,99.16650139,99.76199878,12,54.40122307,53.46615616,0.9315829643,47.06503425,54.5259142,54.65950415,1,0.097,0.0094,28.850,83.75699653,120.738616,120.738616,99.27626918,100.2168473,0,20,0,0,42.07894886,54.65950415,54.65950415,54.65950415,5.231,0.294,0.006,0.019,99.27626918,0.014,45.873,53.77387923,54.40122307,53.77387923,0,-4.322304319,5.621,83.75699653,83.75699653,optimal,204,210,1.2,pass,99.16650139,83.75699653,83.75699653,83.75699653
diverse_rec,movielens_sample20of200_lambda0.75,20,17,1000,9,1,14,54.65950415,133.8050473,168.3157954,99.16650139,99.76199878,12,54.40122307,53.51748319,0.9529508993,45.7420666,54.53402343,54.65950415,1,0.097,0.0119,28.850,83.75699653,120.738616,120.738616,99.27626918,100.2168473,0,20,0,0,42.07894886,54.65950415,54.65950415,54.65950415,5.231,0.263,0.006,0.019,99.27626918,0.014,45.873,53.77387923,54.40122307,53.77387923,0,-4.322304319,5.621,83.75699653,83.75699653,optimal,204,210,1.5,pass,99.16650139,83.75699653,83.75699653,83.75699653
diverse_rec,movielens_sample20of200_lambda0.75,20,18,1000,9,1,14,54.65950415,140.5440598,168.3157954,99.16650139,99.76199878,12,54.40122307,53.52511551,0.9438529199,45.93220323,54.56162848,54.65950415,1,0.097,0.0121,28.850,83.75699653,120.738616,120.738616,99.27626918,100.2168473,0,20,0,0,42.07894886,54.65950415,54.65950415,54.65950415,5.231,0.258,0.006,0.019,99.27626918,0.014,45.873,53.77387923,54.40122307,53.77387923,0,-4.322304319,5.621,83.75699653,83.75699653,optimal,204,210,1.2,pass,99.16650139,83.75699653,83.75699653,83.75699653
diverse_rec,movielens_sample20of200_lambda0.75,20,19,1000,9,1,14,54.65950415,146.9642546,168.3157954,99.16650139,99.76199878,12,54.40122307,53.53775392,0.9544468663,47.49106376,54.55277596,54.65950415,1,0.097,0.0117,28.850,83.75699653,120.738616,120.738616,99.27626918,100.2168473,0,20,0,0,42.07894886,54.65950415,54.65950415,54.65950415,5.231,0.277,0.006,0.019,99.27626918,0.014,45.873,53.77387923,54.40122307,53.77387923,0,-4.322304319,5.621,83.75699653,83.75699653,optimal,204,210,1.2,pass,99.16650139,83.75699653,83.75699653,83.75699653
diverse_rec,movielens_sample20of200_lambda0.75,20,20,1000,9,1,14,54.65950415,153.3157954,168.3157954,99.16650139,99.76199878,12,54.40122307,53.49996126,1.0794863,46.79513675,54.56267767,54.65950415,1,0.097,0.0114,28.850,83.75699653,120.738616,120.738616,99.27626918,100.2168473,0,20,0,0,42.07894886,54.65950415,54.65950415,54.65950415,5.231,0.305,0.006,0.019,99.27626918,0.014,45.873,53.77387923,54.40122307,53.77387923,0,-4.322304319,5.621,83.75699653,83.75699653,optimal,204,210,1.3,pass,99.16650139,83.75699653,83.75699653,83.75699653
