problem,label,instance,n,seed,k,opt,best_found,greedy,rg_mean,monotone_flag,min_f_a_V_minus_a,m3lit_status,m3fav_status,m3lit_infeasible,m3fav_infeasible,ref_kind,m1_bound,m1_violated,m1_severity,m1_mislead_greedy,m1_mislead_rg_mean,m1_mislead_best_found,m2_bound,m2_violated,m2_severity,m2_mislead_greedy,m2_mislead_rg_mean,m2_mislead_best_found,m3lit_bound,m3lit_violated,m3lit_severity,m3lit_mislead_greedy,m3lit_mislead_rg_mean,m3lit_mislead_best_found,m3fav_bound,m3fav_violated,m3fav_severity,m3fav_mislead_greedy,m3fav_mislead_rg_mean,m3fav_mislead_best_found,a1_bound,a1_violated,a1_severity,a1_mislead_greedy,a1_mislead_rg_mean,a1_mislead_best_found,a2_bound,a2_violated,a2_severity,a2_mislead_greedy,a2_mislead_rg_mean,a2_mislead_best_found,topk_bound,topk_violated,topk_severity,topk_mislead_greedy,topk_mislead_rg_mean,topk_mislead_best_found,marginal_bound,marginal_violated,marginal_severity,marginal_mislead_greedy,marginal_mislead_rg_mean,marginal_mislead_best_found,nmdual_bound,nmdual_violated,nmdual_severity,nmdual_mislead_greedy,nmdual_mislead_rg_mean,nmdual_mislead_best_found,b2_bound,b2_violated,b2_severity,b2_mislead_greedy,b2_mislead_rg_mean,b2_mislead_best_found,hybrid_bound,hybrid_violated,hybrid_severity,hybrid_mislead_greedy,hybrid_mislead_rg_mean,hybrid_mislead_best_found
diverse_rec,ml20_lambda0.25,movielens_sample20of200_lambda0.25,20,0,1,9.269434616,9.269434616,9.269434616,9.269434616,1,3.658666088,solved (0.1 s),solved (0.1 s),0,0,opt,9.269434616,0.0,0.0,0.0,0.0,0.0,9.269434616,0.0,0.0,0.0,0.0,0.0,9.26943461617524,0.0,0.0,0.0,0.0,0.0,9.26943461617524,0.0,0.0,0.0,0.0,0.0,9.269434616,0.0,0.0,0.0,0.0,0.0,9.269434616,0.0,0.0,0.0,0.0,0.0,9.269434616,0.0,0.0,0.0,0.0,0.0,9.269434616,0.0,0.0,0.0,0.0,0.0,9.269434616,0.0,0.0,0.0,0.0,0.0,9.269434616,0.0,0.0,0.0,0.0,0.0,9.269434616,0.0,0.0,0.0,0.0,0.0
diverse_rec,ml20_lambda0.25,movielens_sample20of200_lambda0.25,20,0,2,18.22596849,18.22596849,18.22596849,17.73778467,1,3.658666088,solved (0.1 s),solved (0.1 s),0,0,opt,18.22596849,0.0,0.0,0.0,0.0,0.0,18.50844685,0.0,0.0,0.0,0.0,0.0,18.429107750802917,0.0,0.0,0.0,0.0,0.0,18.429107750802917,0.0,0.0,0.0,0.0,0.0,18.22596849,0.0,0.0,0.0,0.0,0.0,18.22596849,0.0,0.0,0.0,0.0,0.0,18.50844685,0.0,0.0,0.0,0.0,0.0,18.50844685,0.0,0.0,0.0,0.0,0.0,18.22596849,0.0,0.0,0.0,0.0,0.0,18.42910775,0.0,0.0,0.0,0.0,0.0,18.42910775,0.0,0.0,0.0,0.0,0.0
diverse_rec,ml20_lambda0.25,movielens_sample20of200_lambda0.25,20,0,3,25.96369512,25.96369512,25.96369512,25.27223105,1,3.658666088,solved (0.1 s),solved (0.1 s),0,0,opt,26.32777648,0.0,0.0,0.0,0.0,0.0,26.7102681,0.0,0.0,0.0,0.0,0.0,26.479783405028233,0.0,0.0,0.0,0.0,0.0,26.479783405028236,0.0,0.0,0.0,0.0,0.0,26.32777648,0.0,0.0,0.0,0.0,0.0,26.32777648,0.0,0.0,0.0,0.0,0.0,26.7102681,0.0,0.0,0.0,0.0,0.0,26.7102681,0.0,0.0,0.0,0.0,0.0,26.32777648,0.0,0.0,0.0,0.0,0.0,26.47978341,0.0,0.0,0.0,0.0,0.0,26.47978341,0.0,0.0,0.0,0.0,0.0
diverse_rec,ml20_lambda0.25,movielens_sample20of200_lambda0.25,20,0,4,33.35050792,33.35050792,33.35050792,32.62044027,1,3.658666088,solved (0.1 s),solved (0.1 s),0,0,opt,34.4282959,0.0,0.0,0.0,0.0,0.0,34.81207609,0.0,0.0,0.0,0.0,0.0,34.417506925855115,0.0,0.0,0.0,0.0,0.0,34.41750692585511,0.0,0.0,0.0,0.0,0.0,34.4282959,0.0,0.0,0.0,0.0,0.0,34.4282959,0.0,0.0,0.0,0.0,0.0,34.81207609,0.0,0.0,0.0,0.0,0.0,34.81207609,0.0,0.0,0.0,0.0,0.0,34.4282959,0.0,0.0,0.0,0.0,0.0,34.41750693,0.0,0.0,0.0,0.0,0.0,34.41750693,0.0,0.0,0.0,0.0,0.0
diverse_rec,ml20_lambda0.25,movielens_sample20of200_lambda0.25,20,0,5,40.5244757,40.5244757,40.52164549,39.72324035,1,3.658666088,solved (0.1 s),solved (0.1 s),0,0,opt,42.49557411,0.0,0.0,0.0,0.0,0.0,42.9125955,0.0,0.0,0.0,0.0,0.0,42.322844372376544,0.0,0.0,0.0,0.0,0.0,42.322844372376544,0.0,0.0,0.0,0.0,0.0,42.49557411,0.0,0.0,0.0,0.0,0.0,42.49557411,0.0,0.0,0.0,0.0,0.0,42.9125955,0.0,0.0,0.0,0.0,0.0,42.9125955,0.0,0.0,0.0,0.0,0.0,42.49557411,0.0,0.0,0.0,0.0,0.0,42.32284437,0.0,0.0,0.0,0.0,0.0,42.32284437,0.0,0.0,0.0,0.0,0.0
diverse_rec,ml20_lambda0.25,movielens_sample20of200_lambda0.25,20,0,6,47.50572146,47.50572146,47.50572146,46.54794222,1,3.658666088,solved (0.1 s),solved (0.1 s),0,0,opt,50.51114455,0.0,0.0,0.0,0.0,0.0,50.97987372,0.0,0.0,0.0,0.0,0.0,50.17942649038048,0.0,0.0,0.0,0.0,0.0,50.17942649038047,0.0,0.0,0.0,0.0,0.0,50.51114455,0.0,0.0,0.0,0.0,0.0,50.51114455,0.0,0.0,0.0,0.0,0.0,50.97987372,0.0,0.0,0.0,0.0,0.0,50.97987372,0.0,0.0,0.0,0.0,0.0,50.51114455,0.0,0.0,0.0,0.0,0.0,50.17942649,0.0,0.0,0.0,0.0,0.0,50.17942649,0.0,0.0,0.0,0.0,0.0
diverse_rec,ml20_lambda0.25,movielens_sample20of200_lambda0.25,20,0,7,54.23093137,54.23093137,54.23093137,53.12447883,1,3.658666088,solved (0.1 s),solved (0.1 s),0,0,opt,58.51590826,0.0,0.0,0.0,0.0,0.0,58.99544415,0.0,0.0,0.0,0.0,0.0,57.96010582482208,0.0,0.0,0.0,0.0,0.0,57.96010582482207,0.0,0.0,0.0,0.0,0.0,58.51590826,0.0,0.0,0.0,0.0,0.0,58.51590826,0.0,0.0,0.0,0.0,0.0,58.99544415,0.0,0.0,0.0,0.0,0.0,58.99544415,0.0,0.0,0.0,0.0,0.0,58.51590826,0.0,0.0,0.0,0.0,0.0,57.96781124,0.0,0.0,0.0,0.0,0.0,57.96010582,0.0,0.0,0.0,0.0,0.0
diverse_rec,ml20_lambda0.25,movielens_sample20of200_lambda0.25,20,0,8,60.70141338,60.70141338,60.70141338,59.46358258,1,3.658666088,solved (0.1 s),solved (0.1 s),0,0,opt,66.48742631,0.0,0.0,0.0,0.0,0.0,67.00020786,0.0,0.0,0.0,0.0,0.0,65.33418136931333,0.0,0.0,0.0,0.0,0.0,65.33418136931333,0.0,0.0,0.0,0.0,0.0,66.48742631,0.0,0.0,0.0,0.0,0.0,66.48742631,0.0,0.0,0.0,0.0,0.0,67.00020786,0.0,0.0,0.0,0.0,0.0,67.00020786,0.0,0.0,0.0,0.0,0.0,66.48742631,0.0,0.0,0.0,0.0,0.0,65.3350585,0.0,0.0,0.0,0.0,0.0,65.33418137,0.0,0.0,0.0,0.0,0.0
diverse_rec,ml20_lambda0.25,movielens_sample20of200_lambda0.25,20,0,9,66.95589609,66.95589609,66.95469393,65.41659709,1,3.658666088,solved (0.1 s),solved (0.1 s),0,0,opt,74.23753399,0.0,0.0,0.0,0.0,0.0,74.97172592,0.0,0.0,0.0,0.0,0.0,72.48691131592862,0.0,0.0,0.0,0.0,0.0,72.48691131592862,0.0,0.0,0.0,0.0,0.0,74.23753399,0.0,0.0,0.0,0.0,0.0,74.23753399,0.0,0.0,0.0,0.0,0.0,74.97172592,0.0,0.0,0.0,0.0,0.0,74.97172592,0.0,0.0,0.0,0.0,0.0,74.23753399,0.0,0.0,0.0,0.0,0.0,72.49112074,0.0,0.0,0.0,0.0,0.0,72.48691132,0.0,0.0,0.0,0.0,0.0
diverse_rec,ml20_lambda0.25,movielens_sample20of200_lambda0.25,20,0,10,72.98151533,72.98151533,72.98151533,71.15982746,1,3.658666088,solved (0.1 s),solved (0.1 s),0,0,opt,81.92066111,0.0,0.0,0.0,0.0,0.0,82.7238863,0.0,0.0,0.0,0.0,0.0,79.12422687802719,0.0,0.0,0.0,0.0,0.0,79.12422687802719,0.0,0.0,0.0,0.0,0.0,81.92066111,0.0,0.0,0.0,0.0,0.0,81.92066111,0.0,0.0,0.0,0.0,0.0,82.7238863,0.0,0.0,0.0,0.0,0.0,82.7238863,0.0,0.0,0.0,0.0,0.0,81.92066111,0.0,0.0,0.0,0.0,0.0,79.15945708,0.0,0.0,0.0,0.0,0.0,79.12422688,0.0,0.0,0.0,0.0,0.0
diverse_rec,ml20_lambda0.25,movielens_sample20of200_lambda0.25,20,0,11,78.75867298,78.75867298,78.75867298,75.92799102,1,3.658666088,solved (0.1 s),solved (0.1 s),0,0,opt,89.50962652,0.0,0.0,0.0,0.0,0.0,90.47399398,0.0,0.0,0.0,0.0,0.0,85.05608965053162,0.0,0.0,0.0,0.0,0.0,85.0560896505316,0.0,0.0,0.0,0.0,0.0,89.50962652,0.0,0.0,0.0,0.0,0.0,89.50962652,0.0,0.0,0.0,0.0,0.0,90.47399398,0.0,0.0,0.0,0.0,0.0,90.47399398,0.0,0.0,0.0,0.0,0.0,89.50962652,0.0,0.0,0.0,0.0,0.0,85.2748211,0.0,0.0,0.0,0.0,0.0,85.05608965,0.0,0.0,0.0,0.0,0.0
diverse_rec,ml20_lambda0.25,movielens_sample20of200_lambda0.25,20,0,12,84.31146773,84.31146773,84.31146773,79.38211363,1,3.658666088,solved (0.1 s),solved (0.1 s),0,0,opt,96.88906772,0.0,0.0,0.0,0.0,0.0,98.1571211,0.0,0.0,0.0,0.0,0.0,89.56017771217748,0.0,0.0,0.0,0.0,0.0,89.56017771217748,0.0,0.0,0.0,0.0,0.0,96.88906772,0.0,0.0,0.0,0.0,0.0,96.88906772,0.0,0.0,0.0,0.0,0.0,98.1571211,0.0,0.0,0.0,0.0,0.0,98.1571211,0.0,0.0,0.0,0.0,0.0,96.88906772,0.0,0.0,0.0,0.0,0.0,89.85821465,0.0,0.0,0.0,0.0,0.0,89.56017771,0.0,0.0,0.0,0.0,0.0
diverse_rec,ml20_lambda0.25,movielens_sample20of200_lambda0.25,20,0,13,89.67434782,89.67434782,89.67434782,81.50486332,1,3.658666088,solved (0.1 s),solved (0.1 s),0,0,opt,104.1926398,0.0,0.0,0.0,0.0,0.0,105.7460865,0.0,0.0,0.0,0.0,0.0,93.45400880159445,0.0,0.0,0.0,0.0,0.0,93.45400880159445,0.0,0.0,0.0,0.0,0.0,104.1926398,0.0,0.0,0.0,0.0,0.0,104.1926398,0.0,0.0,0.0,0.0,0.0,105.7460865,0.0,0.0,0.0,0.0,0.0,105.7460865,0.0,0.0,0.0,0.0,0.0,104.1926398,0.0,0.0,0.0,0.0,0.0,93.73932886,0.0,0.0,0.0,0.0,0.0,93.4540088,0.0,0.0,0.0,0.0,0.0
diverse_rec,ml20_lambda0.25,movielens_sample20of200_lambda0.25,20,0,14,94.82701549,94.82701549,94.82701549,83.14570663,1,3.658666088,solved (0.1 s),solved (0.1 s),0,0,opt,111.3418385,0.0,0.0,0.0,0.0,0.0,113.2617021,0.0,0.0,0.0,0.0,0.0,97.19669256274427,0.0,0.0,0.0,0.0,0.0,97.19669256274427,0.0,0.0,0.0,0.0,0.0,111.3418385,0.0,0.0,0.0,0.0,0.0,111.3418385,0.0,0.0,0.0,0.0,0.0,113.2617021,0.0,0.0,0.0,0.0,0.0,113.2617021,0.0,0.0,0.0,0.0,0.0,111.3418385,0.0,0.0,0.0,0.0,0.0,97.3302485,0.0,0.0,0.0,0.0,0.0,97.19669256,0.0,0.0,0.0,0.0,0.0
diverse_rec,ml20_lambda0.25,movielens_sample20of200_lambda0.25,20,0,15,99.64253969,99.64253969,99.64253969,83.97226077,1,3.658666088,solved (0.1 s),solved (0.1 s),0,0,opt,117.9091706,0.0,0.0,0.0,0.0,0.0,120.6411433,0.0,0.0,0.0,0.0,0.0,101.13868950043994,0.0,0.0,0.0,0.0,0.0,101.13868950043994,0.0,0.0,0.0,0.0,0.0,117.9091706,0.0,0.0,0.0,0.0,0.0,117.9091706,0.0,0.0,0.0,0.0,0.0,120.6411433,0.0,0.0,0.0,0.0,0.0,120.6411433,0.0,0.0,0.0,0.0,0.0,117.9091706,0.0,0.0,0.0,0.0,0.0,101.2035429,0.0,0.0,0.0,0.0,0.0,101.1386895,0.0,0.0,0.0,0.0,0.0
diverse_rec,ml20_lambda0.25,movielens_sample20of200_lambda0.25,20,0,16,104.3112099,104.3112099,104.3112099,85.04773746,1,3.658666088,solved (0.1 s),solved (0.1 s),0,0,opt,120.5855877,0.0,0.0,0.0,0.0,0.0,121.4419314,0.0,0.0,0.0,0.0,0.0,105.0373628598414,0.0,0.0,0.0,0.0,0.0,105.0373628598414,0.0,0.0,0.0,0.0,0.0,120.58558767,0.0,0.0,0.0,0.0,0.0,120.5855877,0.0,0.0,0.0,0.0,0.0,127.9447154,0.0,0.0,0.0,0.0,0.0,121.4419314,0.0,0.0,0.0,0.0,0.0,120.5855877,0.0,0.0,0.0,0.0,0.0,105.0536937,0.0,0.0,0.0,0.0,0.0,105.0373629,0.0,0.0,0.0,0.0,0.0
diverse_rec,ml20_lambda0.25,movielens_sample20of200_lambda0.25,20,0,17,108.717751,108.717751,108.717751,85.55361746,1,3.658666088,solved (0.1 s),solved (0.1 s),0,0,opt,120.5855877,0.0,0.0,0.0,0.0,0.0,121.0476497,0.0,0.0,0.0,0.0,0.0,109.00719792817243,0.0,0.0,0.0,0.0,0.0,109.00719792817243,0.0,0.0,0.0,0.0,0.0,120.58558767,0.0,0.0,0.0,0.0,0.0,120.5855877,0.0,0.0,0.0,0.0,0.0,135.2192343,0.0,0.0,0.0,0.0,0.0,121.0476497,0.0,0.0,0.0,0.0,0.0,120.5855877,0.0,0.0,0.0,0.0,0.0,109.0098464,0.0,0.0,0.0,0.0,0.0,109.0071979,0.0,0.0,0.0,0.0,0.0
diverse_rec,ml20_lambda0.25,movielens_sample20of200_lambda0.25,20,0,18,112.949238,112.949238,112.949238,85.41031125,1,3.658666088,solved (0.1 s),solved (0.1 s),0,0,opt,120.5855877,0.0,0.0,0.0,0.0,0.0,120.7657621,0.0,0.0,0.0,0.0,0.0,112.9512056618099,0.0,0.0,0.0,0.0,0.0,112.9512056618099,0.0,0.0,0.0,0.0,0.0,120.58558767,0.0,0.0,0.0,0.0,0.0,120.5855877,0.0,0.0,0.0,0.0,0.0,142.3684329,0.0,0.0,0.0,0.0,0.0,120.7657621,0.0,0.0,0.0,0.0,0.0,120.5855877,0.0,0.0,0.0,0.0,0.0,112.9512057,0.0,0.0,0.0,0.0,0.0,112.9512057,0.0,0.0,0.0,0.0,0.0
diverse_rec,ml20_lambda0.25,movielens_sample20of200_lambda0.25,20,0,19,116.9269216,116.9269216,116.9269216,85.77470875,1,3.658666088,solved (0.1 s),solved (0.1 s),0,0,opt,120.5855877,0.0,0.0,0.0,0.0,0.0,120.5855877,0.0,0.0,0.0,0.0,0.0,116.92692158665434,0.0,0.0,0.0,0.0,0.0,116.92692158665434,0.0,0.0,0.0,0.0,0.0,120.58558767,0.0,0.0,0.0,0.0,0.0,120.5855877,0.0,0.0,0.0,0.0,0.0,149.2134514,0.0,0.0,0.0,0.0,0.0,120.5855877,0.0,0.0,0.0,0.0,0.0,120.5855877,0.0,0.0,0.0,0.0,0.0,116.9269216,0.0,0.0,0.0,0.0,0.0,116.9269216,0.0,0.0,0.0,0.0,0.0
diverse_rec,ml20_lambda0.25,movielens_sample20of200_lambda0.25,20,0,20,120.5855877,120.5855877,120.5855877,85.78321962,1,3.658666088,solved (0.1 s),solved (0.1 s),0,0,opt,120.5855877,0.0,0.0,0.0,0.0,0.0,120.5855877,0.0,0.0,0.0,0.0,0.0,120.58558767432811,0.0,0.0,0.0,0.0,0.0,120.58558767432812,0.0,0.0,0.0,0.0,0.0,120.58558767,0.0,0.0,0.0,0.0,0.0,120.5855877,0.0,0.0,0.0,0.0,0.0,155.7807836,0.0,0.0,0.0,0.0,0.0,120.5855877,0.0,0.0,0.0,0.0,0.0,120.5855877,0.0,0.0,0.0,0.0,0.0,120.5855877,0.0,0.0,0.0,0.0,0.0,120.5855877,0.0,0.0,0.0,0.0,0.0
diverse_rec,ml20_lambda0.25,movielens_sample20of200_lambda0.25,20,1,1,9.53657435,9.53657435,9.53657435,9.53657435,1,3.577658229,solved (0.1 s),solved (0.1 s),0,0,opt,9.53657435,0.0,0.0,0.0,0.0,0.0,9.53657435,0.0,0.0,0.0,0.0,0.0,9.536574350404328,0.0,0.0,0.0,0.0,0.0,9.536574350404328,0.0,0.0,0.0,0.0,0.0,9.53657435,0.0,0.0,0.0,0.0,0.0,9.53657435,0.0,0.0,0.0,0.0,0.0,9.53657435,0.0,0.0,0.0,0.0,0.0,9.53657435,0.0,0.0,0.0,0.0,0.0,9.53657435,0.0,0.0,0.0,0.0,0.0,9.53657435,0.0,0.0,0.0,0.0,0.0,9.53657435,0.0,0.0,0.0,0.0,0.0
diverse_rec,ml20_lambda0.25,movielens_sample20of200_lambda0.25,20,1,2,18.19310209,18.19310209,18.19310209,18.03969372,1,3.577658229,solved (0.1 s),solved (0.1 s),0,0,opt,18.4477553,0.0,0.0,0.0,0.0,0.0,18.47702199,0.0,0.0,0.0,0.0,0.0,18.433963235923695,0.0,0.0,0.0,0.0,0.0,18.433963235923695,0.0,0.0,0.0,0.0,0.0,18.4477553,0.0,0.0,0.0,0.0,0.0,18.4477553,0.0,0.0,0.0,0.0,0.0,18.47702199,0.0,0.0,0.0,0.0,0.0,18.47702199,0.0,0.0,0.0,0.0,0.0,18.4477553,0.0,0.0,0.0,0.0,0.0,18.43396324,0.0,0.0,0.0,0.0,0.0,18.43396324,0.0,0.0,0.0,0.0,0.0
diverse_rec,ml20_lambda0.25,movielens_sample20of200_lambda0.25,20,1,3,26.59434745,26.59434745,26.59434745,26.2695949,1,3.577658229,solved (0.1 s),solved (0.1 s),0,0,opt,27.31229182,0.0,0.0,0.0,0.0,0.0,27.38820293,0.0,0.0,0.0,0.0,0.0,27.29445196991003,0.0,0.0,0.0,0.0,0.0,27.294451969910025,0.0,0.0,0.0,0.0,0.0,27.31229182,0.0,0.0,0.0,0.0,0.0,27.31229182,0.0,0.0,0.0,0.0,0.0,27.38820293,0.0,0.0,0.0,0.0,0.0,27.38820293,0.0,0.0,0.0,0.0,0.0,27.31229182,0.0,0.0,0.0,0.0,0.0,27.29445197,0.0,0.0,0.0,0.0,0.0,27.29445197,0.0,0.0,0.0,0.0,0.0
diverse_rec,ml20_lambda0.25,movielens_sample20of200_lambda0.25,20,1,4,34.706401,34.706401,34.706401,34.04919313,1,3.577658229,solved (0.1 s),solved (0.1 s),0,0,opt,35.89252941,0.0,0.0,0.0,0.0,0.0,36.25273946,0.0,0.0,0.0,0.0,0.0,35.97228896164741,0.0,0.0,0.0,0.0,0.0,35.97228896164741,0.0,0.0,0.0,0.0,0.0,35.89252941,0.0,0.0,0.0,0.0,0.0,35.89252941,0.0,0.0,0.0,0.0,0.0,36.25273946,0.0,0.0,0.0,0.0,0.0,36.25273946,0.0,0.0,0.0,0.0,0.0,35.89252941,0.0,0.0,0.0,0.0,0.0,35.97228896,0.0,0.0,0.0,0.0,0.0,35.97228896,0.0,0.0,0.0,0.0,0.0
diverse_rec,ml20_lambda0.25,movielens_sample20of200_lambda0.25,20,1,5,42.25622837,42.25622837,42.25622837,41.4433726,1,3.577658229,solved (0.1 s),solved (0.1 s),0,0,opt,44.41039807,0.0,0.0,0.0,0.0,0.0,44.83297705,0.0,0.0,0.0,0.0,0.0,44.35147643153353,0.0,0.0,0.0,0.0,0.0,44.351476431533534,0.0,0.0,0.0,0.0,0.0,44.41039807,0.0,0.0,0.0,0.0,0.0,44.41039807,0.0,0.0,0.0,0.0,0.0,44.83297705,0.0,0.0,0.0,0.0,0.0,44.83297705,0.0,0.0,0.0,0.0,0.0,44.41039807,0.0,0.0,0.0,0.0,0.0,44.35147643,0.0,0.0,0.0,0.0,0.0,44.35147643,0.0,0.0,0.0,0.0,0.0
diverse_rec,ml20_lambda0.25,movielens_sample20of200_lambda0.25,20,1,6,49.53902019,49.53902019,49.53902019,48.50936613,1,3.577658229,solved (0.1 s),solved (0.1 s),0,0,opt,52.74190382,0.0,0.0,0.0,0.0,0.0,53.3508457,0.0,0.0,0.0,0.0,0.0,52.46505894890881,0.0,0.0,0.0,0.0,0.0,52.465058948908805,0.0,0.0,0.0,0.0,0.0,52.74190382,0.0,0.0,0.0,0.0,0.0,52.74190382,0.0,0.0,0.0,0.0,0.0,53.3508457,0.0,0.0,0.0,0.0,0.0,53.3508457,0.0,0.0,0.0,0.0,0.0,52.74190382,0.0,0.0,0.0,0.0,0.0,52.46505895,0.0,0.0,0.0,0.0,0.0,52.46505895,0.0,0.0,0.0,0.0,0.0
diverse_rec,ml20_lambda0.25,movielens_sample20of200_lambda0.25,20,1,7,56.57928339,56.57928339,56.57928339,55.15650926,1,3.577658229,solved (0.1 s),solved (0.1 s),0,0,opt,61.06742463,0.0,0.0,0.0,0.0,0.0,61.68235146,0.0,0.0,0.0,0.0,0.0,60.314864530334034,0.0,0.0,0.0,0.0,0.0,60.314864530334034,0.0,0.0,0.0,0.0,0.0,61.06742463,0.0,0.0,0.0,0.0,0.0,61.06742463,0.0,0.0,0.0,0.0,0.0,61.68235146,0.0,0.0,0.0,0.0,0.0,61.68235146,0.0,0.0,0.0,0.0,0.0,61.06742463,0.0,0.0,0.0,0.0,0.0,60.31486453,0.0,0.0,0.0,0.0,0.0,60.31486453,0.0,0.0,0.0,0.0,0.0
diverse_rec,ml20_lambda0.25,movielens_sample20of200_lambda0.25,20,1,8,63.32646628,63.32646628,63.32646628,61.47475464,1,3.577658229,solved (0.1 s),solved (0.1 s),0,0,opt,69.15750603,0.0,0.0,0.0,0.0,0.0,70.00787226,0.0,0.0,0.0,0.0,0.0,67.7834043919606,0.0,0.0,0.0,0.0,0.0,67.7834043919606,0.0,0.0,0.0,0.0,0.0,69.15750603,0.0,0.0,0.0,0.0,0.0,69.15750603,0.0,0.0,0.0,0.0,0.0,70.00787226,0.0,0.0,0.0,0.0,0.0,70.00787226,0.0,0.0,0.0,0.0,0.0,69.15750603,0.0,0.0,0.0,0.0,0.0,67.78954633,0.0,0.0,0.0,0.0,0.0,67.78340439,0.0,0.0,0.0,0.0,0.0
diverse_rec,ml20_lambda0.25,movielens_sample20of200_lambda0.25,20,1,9,69.71034996,69.71034996,69.71034996,67.52512179,1,3.577658229,solved (0.1 s),solved (0.1 s),0,0,opt,77.11072286,0.0,0.0,0.0,0.0,0.0,78.09795367,0.0,0.0,0.0,0.0,0.0,74.85867847132727,0.0,0.0,0.0,0.0,0.0,74.85867847132727,0.0,0.0,0.0,0.0,0.0,77.11072286,0.0,0.0,0.0,0.0,0.0,77.11072286,0.0,0.0,0.0,0.0,0.0,78.09795367,0.0,0.0,0.0,0.0,0.0,78.09795367,0.0,0.0,0.0,0.0,0.0,77.11072286,0.0,0.0,0.0,0.0,0.0,74.87723638,0.0,0.0,0.0,0.0,0.0,74.85867847,0.0,0.0,0.0,0.0,0.0
diverse_rec,ml20_lambda0.25,movielens_sample20of200_lambda0.25,20,1,10,75.8563566,75.8563566,75.8563566,73.19238677,1,3.577658229,solved (0.1 s),solved (0.1 s),0,0,opt,84.97114041,0.0,0.0,0.0,0.0,0.0,86.14361785,0.0,0.0,0.0,0.0,0.0,81.15064691978114,0.0,0.0,0.0,0.0,0.0,81.15064691978114,0.0,0.0,0.0,0.0,0.0,84.97114041,0.0,0.0,0.0,0.0,0.0,84.97114041,0.0,0.0,0.0,0.0,0.0,86.14361785,0.0,0.0,0.0,0.0,0.0,86.14361785,0.0,0.0,0.0,0.0,0.0,84.97114041,0.0,0.0,0.0,0.0,0.0,81.23503996,0.0,0.0,0.0,0.0,0.0,81.15064692,0.0,0.0,0.0,0.0,0.0
diverse_rec,ml20_lambda0.25,movielens_sample20of200_lambda0.25,20,1,11,81.65177874,81.65177874,81.65177874,78.13523659,1,3.577658229,solved (0.1 s),solved (0.1 s),0,0,opt,92.63500918,0.0,0.0,0.0,0.0,0.0,94.09683468,0.0,0.0,0.0,0.0,0.0,86.58056918907538,0.0,0.0,0.0,0.0,0.0,86.58056918907538,0.0,0.0,0.0,0.0,0.0,92.63500918,0.0,0.0,0.0,0.0,0.0,92.63500918,0.0,0.0,0.0,0.0,0.0,94.09683468,0.0,0.0,0.0,0.0,0.0,94.09683468,0.0,0.0,0.0,0.0,0.0,92.63500918,0.0,0.0,0.0,0.0,0.0,86.83976435,0.0,0.0,0.0,0.0,0.0,86.58056919,0.0,0.0,0.0,0.0,0.0
diverse_rec,ml20_lambda0.25,movielens_sample20of200_lambda0.25,20,1,12,87.22716502,87.22716502,87.22716502,81.23201103,1,3.577658229,solved (0.1 s),solved (0.1 s),0,0,opt,100.0280156,0.0,0.0,0.0,0.0,0.0,101.9572522,0.0,0.0,0.0,0.0,0.0,91.00897560386525,0.0,0.0,0.0,0.0,0.0,91.00897560386525,0.0,0.0,0.0,0.0,0.0,100.0280156,0.0,0.0,0.0,0.0,0.0,100.0280156,0.0,0.0,0.0,0.0,0.0,101.9572522,0.0,0.0,0.0,0.0,0.0,101.9572522,0.0,0.0,0.0,0.0,0.0,100.0280156,0.0,0.0,0.0,0.0,0.0,91.22865889,0.0,0.0,0.0,0.0,0.0,91.0089756,0.0,0.0,0.0,0.0,0.0
diverse_rec,ml20_lambda0.25,movielens_sample20of200_lambda0.25,20,1,13,92.61451292,92.61451292,92.61451292,83.2990864,1,3.577658229,solved (0.1 s),solved (0.1 s),0,0,opt,107.1792044,0.0,0.0,0.0,0.0,0.0,109.6854075,0.0,0.0,0.0,0.0,0.0,95.26939579756848,0.0,0.0,0.0,0.0,0.0,95.26939579756848,0.0,0.0,0.0,0.0,0.0,107.1792044,0.0,0.0,0.0,0.0,0.0,107.1792044,0.0,0.0,0.0,0.0,0.0,109.6854075,0.0,0.0,0.0,0.0,0.0,109.6854075,0.0,0.0,0.0,0.0,0.0,107.1792044,0.0,0.0,0.0,0.0,0.0,95.39406308,0.0,0.0,0.0,0.0,0.0,95.2693958,0.0,0.0,0.0,0.0,0.0
diverse_rec,ml20_lambda0.25,movielens_sample20of200_lambda0.25,20,1,14,97.81508154,97.81508154,97.81508154,85.05160659,1,3.577658229,solved (0.1 s),solved (0.1 s),0,0,opt,114.2527854,0.0,0.0,0.0,0.0,0.0,117.3492763,0.0,0.0,0.0,0.0,0.0,99.36282687825147,0.0,0.0,0.0,0.0,0.0,99.36282687825147,0.0,0.0,0.0,0.0,0.0,114.2527854,0.0,0.0,0.0,0.0,0.0,114.2527854,0.0,0.0,0.0,0.0,0.0,117.3492763,0.0,0.0,0.0,0.0,0.0,117.3492763,0.0,0.0,0.0,0.0,0.0,114.2527854,0.0,0.0,0.0,0.0,0.0,99.42066634,0.0,0.0,0.0,0.0,0.0,99.36282688,0.0,0.0,0.0,0.0,0.0
diverse_rec,ml20_lambda0.25,movielens_sample20of200_lambda0.25,20,1,15,102.5697395,102.5697395,102.5697395,86.07220557,1,3.577658229,solved (0.1 s),solved (0.1 s),0,0,opt,120.6581019,0.0,0.0,0.0,0.0,0.0,124.5292965,0.0,0.0,0.0,0.0,0.0,103.6091554352277,0.0,0.0,0.0,0.0,0.0,103.6091554352277,0.0,0.0,0.0,0.0,0.0,120.6581019,0.0,0.0,0.0,0.0,0.0,120.6581019,0.0,0.0,0.0,0.0,0.0,124.7422827,0.0,0.0,0.0,0.0,0.0,124.5292965,0.0,0.0,0.0,0.0,0.0,120.6581019,0.0,0.0,0.0,0.0,0.0,103.6350239,0.0,0.0,0.0,0.0,0.0,103.6091554,0.0,0.0,0.0,0.0,0.0
diverse_rec,ml20_lambda0.25,movielens_sample20of200_lambda0.25,20,1,16,107.1648424,107.1648424,107.1648424,86.48184864,1,3.577658229,solved (0.1 s),solved (0.1 s),0,0,opt,123.1678525,0.0,0.0,0.0,0.0,0.0,124.0056967,0.0,0.0,0.0,0.0,0.0,107.78665918892078,0.0,0.0,0.0,0.0,0.0,107.7866591889208,0.0,0.0,0.0,0.0,0.0,123.16785249,0.0,0.0,0.0,0.0,0.0,123.1678525,0.0,0.0,0.0,0.0,0.0,131.9958885,0.0,0.0,0.0,0.0,0.0,124.0056967,0.0,0.0,0.0,0.0,0.0,123.1678525,0.0,0.0,0.0,0.0,0.0,107.7969498,0.0,0.0,0.0,0.0,0.0,107.7866592,0.0,0.0,0.0,0.0,0.0
diverse_rec,ml20_lambda0.25,movielens_sample20of200_lambda0.25,20,1,17,111.574945,111.574945,111.574945,86.9975823,1,3.577658229,solved (0.1 s),solved (0.1 s),0,0,opt,123.1678525,0.0,0.0,0.0,0.0,0.0,123.5973971,0.0,0.0,0.0,0.0,0.0,111.8590463857336,0.0,0.0,0.0,0.0,0.0,111.8590463857336,0.0,0.0,0.0,0.0,0.0,123.16785249,0.0,0.0,0.0,0.0,0.0,123.1678525,0.0,0.0,0.0,0.0,0.0,139.1470774,0.0,0.0,0.0,0.0,0.0,123.5973971,0.0,0.0,0.0,0.0,0.0,123.1678525,0.0,0.0,0.0,0.0,0.0,111.8590464,0.0,0.0,0.0,0.0,0.0,111.8590464,0.0,0.0,0.0,0.0,0.0
diverse_rec,ml20_lambda0.25,movielens_sample20of200_lambda0.25,20,1,18,115.8096408,115.8096408,115.8096408,87.21441642,1,3.577658229,solved (0.1 s),solved (0.1 s),0,0,opt,123.1678525,0.0,0.0,0.0,0.0,0.0,123.2744918,0.0,0.0,0.0,0.0,0.0,115.80964079492115,0.0,0.0,0.0,0.0,0.0,115.80964079492115,0.0,0.0,0.0,0.0,0.0,123.16785249,0.0,0.0,0.0,0.0,0.0,123.1678525,0.0,0.0,0.0,0.0,0.0,146.2206584,0.0,0.0,0.0,0.0,0.0,123.2744918,0.0,0.0,0.0,0.0,0.0,123.1678525,0.0,0.0,0.0,0.0,0.0,115.8096408,0.0,0.0,0.0,0.0,0.0,115.8096408,0.0,0.0,0.0,0.0,0.0
diverse_rec,ml20_lambda0.25,movielens_sample20of200_lambda0.25,20,1,19,119.5901943,119.5901943,119.5901943,87.41728105,1,3.577658229,solved (0.1 s),solved (0.1 s),0,0,opt,123.1678525,0.0,0.0,0.0,0.0,0.0,123.1678525,0.0,0.0,0.0,0.0,0.0,119.59019430439092,0.0,0.0,0.0,0.0,0.0,119.59019430439092,0.0,0.0,0.0,0.0,0.0,123.16785249,0.0,0.0,0.0,0.0,0.0,123.1678525,0.0,0.0,0.0,0.0,0.0,152.8184869,0.0,0.0,0.0,0.0,0.0,123.1678525,0.0,0.0,0.0,0.0,0.0,123.1678525,0.0,0.0,0.0,0.0,0.0,119.5901943,0.0,0.0,0.0,0.0,0.0,119.5901943,0.0,0.0,0.0,0.0,0.0
diverse_rec,ml20_lambda0.25,movielens_sample20of200_lambda0.25,20,1,20,123.1678525,123.1678525,123.1678525,87.15418688,1,3.577658229,solved (0.1 s),solved (0.1 s),0,0,opt,123.1678525,0.0,0.0,0.0,0.0,0.0,123.1678525,0.0,0.0,0.0,0.0,0.0,123.1678525335457,0.0,0.0,0.0,0.0,0.0,123.1678525335457,0.0,0.0,0.0,0.0,0.0,123.16785249,0.0,0.0,0.0,0.0,0.0,123.1678525,0.0,0.0,0.0,0.0,0.0,159.2238034,0.0,0.0,0.0,0.0,0.0,123.1678525,0.0,0.0,0.0,0.0,0.0,123.1678525,0.0,0.0,0.0,0.0,0.0,123.1678525,0.0,0.0,0.0,0.0,0.0,123.1678525,0.0,0.0,0.0,0.0,0.0
diverse_rec,ml20_lambda0.25,movielens_sample20of200_lambda0.25,20,2,1,9.257074946,9.257074946,9.257074946,9.257074946,1,3.482083345,solved (0.1 s),solved (0.1 s),0,0,opt,9.257074946,0.0,0.0,0.0,0.0,0.0,9.257074946,0.0,0.0,0.0,0.0,0.0,9.257074945866336,0.0,0.0,0.0,0.0,0.0,9.257074945866336,0.0,0.0,0.0,0.0,0.0,9.257074946,0.0,0.0,0.0,0.0,0.0,9.257074946,0.0,0.0,0.0,0.0,0.0,9.257074946,0.0,0.0,0.0,0.0,0.0,9.257074946,0.0,0.0,0.0,0.0,0.0,9.257074946,0.0,0.0,0.0,0.0,0.0,9.257074946,0.0,0.0,0.0,0.0,0.0,9.257074946,0.0,0.0,0.0,0.0,0.0
diverse_rec,ml20_lambda0.25,movielens_sample20of200_lambda0.25,20,2,2,18.20100056,18.20100056,18.20100056,17.93622622,1,3.482083345,solved (0.1 s),solved (0.1 s),0,0,opt,18.20100056,0.0,0.0,0.0,0.0,0.0,18.48571089,0.0,0.0,0.0,0.0,0.0,18.442241554621692,0.0,0.0,0.0,0.0,0.0,18.44224155462169,0.0,0.0,0.0,0.0,0.0,18.20100056,0.0,0.0,0.0,0.0,0.0,18.20100056,0.0,0.0,0.0,0.0,0.0,18.48571089,0.0,0.0,0.0,0.0,0.0,18.48571089,0.0,0.0,0.0,0.0,0.0,18.20100056,0.0,0.0,0.0,0.0,0.0,18.44224155,0.0,0.0,0.0,0.0,0.0,18.44224155,0.0,0.0,0.0,0.0,0.0
diverse_rec,ml20_lambda0.25,movielens_sample20of200_lambda0.25,20,2,3,26.31909579,26.31909579,26.31909579,26.00341393,1,3.482083345,solved (0.1 s),solved (0.1 s),0,0,opt,26.81109415,0.0,0.0,0.0,0.0,0.0,27.17920575,0.0,0.0,0.0,0.0,0.0,27.032401961330923,0.0,0.0,0.0,0.0,0.0,27.032401961330926,0.0,0.0,0.0,0.0,0.0,26.81109415,0.0,0.0,0.0,0.0,0.0,26.81109415,0.0,0.0,0.0,0.0,0.0,27.17920575,0.0,0.0,0.0,0.0,0.0,27.17920575,0.0,0.0,0.0,0.0,0.0,26.81109415,0.0,0.0,0.0,0.0,0.0,27.03240196,0.0,0.0,0.0,0.0,0.0,27.03240196,0.0,0.0,0.0,0.0,0.0
diverse_rec,ml20_lambda0.25,movielens_sample20of200_lambda0.25,20,2,4,34.19756861,34.19756861,34.19756861,33.55718193,1,3.482083345,solved (0.1 s),solved (0.1 s),0,0,opt,35.41242788,0.0,0.0,0.0,0.0,0.0,35.78929933,0.0,0.0,0.0,0.0,0.0,35.549181423781505,0.0,0.0,0.0,0.0,0.0,35.549181423781505,0.0,0.0,0.0,0.0,0.0,35.41242788,0.0,0.0,0.0,0.0,0.0,35.41242788,0.0,0.0,0.0,0.0,0.0,35.78929933,0.0,0.0,0.0,0.0,0.0,35.78929933,0.0,0.0,0.0,0.0,0.0,35.41242788,0.0,0.0,0.0,0.0,0.0,35.54918142,0.0,0.0,0.0,0.0,0.0,35.54918142,0.0,0.0,0.0,0.0,0.0
diverse_rec,ml20_lambda0.25,movielens_sample20of200_lambda0.25,20,2,5,41.83560389,41.83560389,41.83560389,40.73617182,1,3.482083345,solved (0.1 s),solved (0.1 s),0,0,opt,43.55757937,0.0,0.0,0.0,0.0,0.0,44.39063306,0.0,0.0,0.0,0.0,0.0,43.67293468939951,0.0,0.0,0.0,0.0,0.0,43.67293468939951,0.0,0.0,0.0,0.0,0.0,43.55757937,0.0,0.0,0.0,0.0,0.0,43.55757937,0.0,0.0,0.0,0.0,0.0,44.39063306,0.0,0.0,0.0,0.0,0.0,44.39063306,0.0,0.0,0.0,0.0,0.0,43.55757937,0.0,0.0,0.0,0.0,0.0,43.67293469,0.0,0.0,0.0,0.0,0.0,43.67293469,0.0,0.0,0.0,0.0,0.0
diverse_rec,ml20_lambda0.25,movielens_sample20of200_lambda0.25,20,2,6,48.86153088,48.86153088,48.86153088,47.49664439,1,3.482083345,solved (0.1 s),solved (0.1 s),0,0,opt,51.64678372,0.0,0.0,0.0,0.0,0.0,52.53578455,0.0,0.0,0.0,0.0,0.0,51.45219149852556,0.0,0.0,0.0,0.0,0.0,51.45219149852556,0.0,0.0,0.0,0.0,0.0,51.64678372,0.0,0.0,0.0,0.0,0.0,51.64678372,0.0,0.0,0.0,0.0,0.0,52.53578455,0.0,0.0,0.0,0.0,0.0,52.53578455,0.0,0.0,0.0,0.0,0.0,51.64678372,0.0,0.0,0.0,0.0,0.0,51.4521915,0.0,0.0,0.0,0.0,0.0,51.4521915,0.0,0.0,0.0,0.0,0.0
diverse_rec,ml20_lambda0.25,movielens_sample20of200_lambda0.25,20,2,7,55.61304156,55.61304156,55.61304156,53.95757905,1,3.482083345,solved (0.1 s),solved (0.1 s),0,0,opt,59.68109535,0.0,0.0,0.0,0.0,0.0,60.6249889,0.0,0.0,0.0,0.0,0.0,59.11524059654549,0.0,0.0,0.0,0.0,0.0,59.11524059654549,0.0,0.0,0.0,0.0,0.0,59.68109535,0.0,0.0,0.0,0.0,0.0,59.68109535,0.0,0.0,0.0,0.0,0.0,60.6249889,0.0,0.0,0.0,0.0,0.0,60.6249889,0.0,0.0,0.0,0.0,0.0,59.68109535,0.0,0.0,0.0,0.0,0.0,59.122708,0.0,0.0,0.0,0.0,0.0,59.1152406,0.0,0.0,0.0,0.0,0.0
diverse_rec,ml20_lambda0.25,movielens_sample20of200_lambda0.25,20,2,8,62.12350405,62.12350405,62.12350405,60.0668261,1,3.482083345,solved (0.1 s),solved (0.1 s),0,0,opt,67.67488149,0.0,0.0,0.0,0.0,0.0,68.65930053,0.0,0.0,0.0,0.0,0.0,66.2029285600234,0.0,0.0,0.0,0.0,0.0,66.20292856002338,0.0,0.0,0.0,0.0,0.0,67.67488149,0.0,0.0,0.0,0.0,0.0,67.67488149,0.0,0.0,0.0,0.0,0.0,68.65930053,0.0,0.0,0.0,0.0,0.0,68.65930053,0.0,0.0,0.0,0.0,0.0,67.67488149,0.0,0.0,0.0,0.0,0.0,66.20589475,0.0,0.0,0.0,0.0,0.0,66.20292856,0.0,0.0,0.0,0.0,0.0
diverse_rec,ml20_lambda0.25,movielens_sample20of200_lambda0.25,20,2,9,68.39348241,68.39348241,68.39348241,65.84552154,1,3.482083345,solved (0.1 s),solved (0.1 s),0,0,opt,75.23512422,0.0,0.0,0.0,0.0,0.0,76.65308667,0.0,0.0,0.0,0.0,0.0,72.71108877153854,0.0,0.0,0.0,0.0,0.0,72.71108877153854,0.0,0.0,0.0,0.0,0.0,75.23512422,0.0,0.0,0.0,0.0,0.0,75.23512422,0.0,0.0,0.0,0.0,0.0,76.65308667,0.0,0.0,0.0,0.0,0.0,76.65308667,0.0,0.0,0.0,0.0,0.0,75.23512422,0.0,0.0,0.0,0.0,0.0,72.72788176,0.0,0.0,0.0,0.0,0.0,72.71108877,0.0,0.0,0.0,0.0,0.0
diverse_rec,ml20_lambda0.25,movielens_sample20of200_lambda0.25,20,2,10,74.34104054,74.34104054,74.34104054,71.4381433,1,3.482083345,solved (0.1 s),solved (0.1 s),0,0,opt,82.68642717,0.0,0.0,0.0,0.0,0.0,84.37397301,0.0,0.0,0.0,0.0,0.0,78.86205159108839,0.0,0.0,0.0,0.0,0.0,78.86205159108839,0.0,0.0,0.0,0.0,0.0,82.68642717,0.0,0.0,0.0,0.0,0.0,82.68642717,0.0,0.0,0.0,0.0,0.0,84.37397301,0.0,0.0,0.0,0.0,0.0,84.37397301,0.0,0.0,0.0,0.0,0.0,82.68642717,0.0,0.0,0.0,0.0,0.0,78.8993475,0.0,0.0,0.0,0.0,0.0,78.86205159,0.0,0.0,0.0,0.0,0.0
diverse_rec,ml20_lambda0.25,movielens_sample20of200_lambda0.25,20,2,11,79.97927965,79.97927965,79.97927965,76.15307737,1,3.482083345,solved (0.1 s),solved (0.1 s),0,0,opt,90.07923616,0.0,0.0,0.0,0.0,0.0,91.93421575,0.0,0.0,0.0,0.0,0.0,84.24724637965117,0.0,0.0,0.0,0.0,0.0,84.24724637965117,0.0,0.0,0.0,0.0,0.0,90.07923616,0.0,0.0,0.0,0.0,0.0,90.07923616,0.0,0.0,0.0,0.0,0.0,91.93421575,0.0,0.0,0.0,0.0,0.0,91.93421575,0.0,0.0,0.0,0.0,0.0,90.07923616,0.0,0.0,0.0,0.0,0.0,84.4742221,0.0,0.0,0.0,0.0,0.0,84.24724638,0.0,0.0,0.0,0.0,0.0
diverse_rec,ml20_lambda0.25,movielens_sample20of200_lambda0.25,20,2,12,85.27273602,85.27273602,85.27273602,79.20171003,1,3.482083345,solved (0.1 s),solved (0.1 s),0,0,opt,97.38186801,0.0,0.0,0.0,0.0,0.0,99.38551869,0.0,0.0,0.0,0.0,0.0,88.83100311442705,0.0,0.0,0.0,0.0,0.0,88.83100311442705,0.0,0.0,0.0,0.0,0.0,97.38186801,0.0,0.0,0.0,0.0,0.0,97.38186801,0.0,0.0,0.0,0.0,0.0,99.38551869,0.0,0.0,0.0,0.0,0.0,99.38551869,0.0,0.0,0.0,0.0,0.0,97.38186801,0.0,0.0,0.0,0.0,0.0,88.98731336,0.0,0.0,0.0,0.0,0.0,88.83100311,0.0,0.0,0.0,0.0,0.0
diverse_rec,ml20_lambda0.25,movielens_sample20of200_lambda0.25,20,2,13,90.35901547,90.35901547,90.35901547,81.52422294,1,3.482083345,solved (0.1 s),solved (0.1 s),0,0,opt,104.5214841,0.0,0.0,0.0,0.0,0.0,106.7783277,0.0,0.0,0.0,0.0,0.0,93.09539578612552,0.0,0.0,0.0,0.0,0.0,93.09539578612552,0.0,0.0,0.0,0.0,0.0,104.5214841,0.0,0.0,0.0,0.0,0.0,104.5214841,0.0,0.0,0.0,0.0,0.0,106.7783277,0.0,0.0,0.0,0.0,0.0,106.7783277,0.0,0.0,0.0,0.0,0.0,104.5214841,0.0,0.0,0.0,0.0,0.0,93.21318895,0.0,0.0,0.0,0.0,0.0,93.09539579,0.0,0.0,0.0,0.0,0.0
diverse_rec,ml20_lambda0.25,movielens_sample20of200_lambda0.25,20,2,14,95.27501226,95.27501226,95.27501226,82.89204533,1,3.482083345,solved (0.1 s),solved (0.1 s),0,0,opt,111.437384,0.0,0.0,0.0,0.0,0.0,114.1258465,0.0,0.0,0.0,0.0,0.0,97.19944374693777,0.0,0.0,0.0,0.0,0.0,97.19944374693777,0.0,0.0,0.0,0.0,0.0,111.437384,0.0,0.0,0.0,0.0,0.0,111.437384,0.0,0.0,0.0,0.0,0.0,114.1258465,0.0,0.0,0.0,0.0,0.0,114.1258465,0.0,0.0,0.0,0.0,0.0,111.437384,0.0,0.0,0.0,0.0,0.0,97.27898451,0.0,0.0,0.0,0.0,0.0,97.19944375,0.0,0.0,0.0,0.0,0.0
diverse_rec,ml20_lambda0.25,movielens_sample20of200_lambda0.25,20,2,15,100.0021768,100.0021768,100.0021768,83.90942237,1,3.482083345,solved (0.1 s),solved (0.1 s),0,0,opt,117.6515507,0.0,0.0,0.0,0.0,0.0,121.4284783,0.0,0.0,0.0,0.0,0.0,101.23710241661603,0.0,0.0,0.0,0.0,0.0,101.23710241661601,0.0,0.0,0.0,0.0,0.0,117.6515507,0.0,0.0,0.0,0.0,0.0,117.6515507,0.0,0.0,0.0,0.0,0.0,121.4284783,0.0,0.0,0.0,0.0,0.0,121.4284783,0.0,0.0,0.0,0.0,0.0,117.6515507,0.0,0.0,0.0,0.0,0.0,101.2581962,0.0,0.0,0.0,0.0,0.0,101.2371024,0.0,0.0,0.0,0.0,0.0
diverse_rec,ml20_lambda0.25,movielens_sample20of200_lambda0.25,20,2,16,104.5458552,104.5458552,104.5458552,84.43549706,1,3.482083345,solved (0.1 s),solved (0.1 s),0,0,opt,120.2791117,0.0,0.0,0.0,0.0,0.0,121.1103409,0.0,0.0,0.0,0.0,0.0,105.17901120639587,0.0,0.0,0.0,0.0,0.0,105.17901120639587,0.0,0.0,0.0,0.0,0.0,120.279111646,0.0,0.0,0.0,0.0,0.0,120.2791117,0.0,0.0,0.0,0.0,0.0,128.5680944,0.0,0.0,0.0,0.0,0.0,121.1103409,0.0,0.0,0.0,0.0,0.0,120.2791117,0.0,0.0,0.0,0.0,0.0,105.1876984,0.0,0.0,0.0,0.0,0.0,105.1790112,0.0,0.0,0.0,0.0,0.0
diverse_rec,ml20_lambda0.25,movielens_sample20of200_lambda0.25,20,2,17,108.9132549,108.9132549,108.9132549,85.26630993,1,3.482083345,solved (0.1 s),solved (0.1 s),0,0,opt,120.2791117,0.0,0.0,0.0,0.0,0.0,120.6665834,0.0,0.0,0.0,0.0,0.0,109.0798046933242,0.0,0.0,0.0,0.0,0.0,109.0798046933242,0.0,0.0,0.0,0.0,0.0,120.279111646,0.0,0.0,0.0,0.0,0.0,120.2791117,0.0,0.0,0.0,0.0,0.0,135.6653788,0.0,0.0,0.0,0.0,0.0,120.6665834,0.0,0.0,0.0,0.0,0.0,120.2791117,0.0,0.0,0.0,0.0,0.0,109.0798047,0.0,0.0,0.0,0.0,0.0,109.0798047,0.0,0.0,0.0,0.0,0.0
diverse_rec,ml20_lambda0.25,movielens_sample20of200_lambda0.25,20,2,18,113.01679,113.01679,113.01679,85.41477479,1,3.482083345,solved (0.1 s),solved (0.1 s),0,0,opt,120.2791117,0.0,0.0,0.0,0.0,0.0,120.3959983,0.0,0.0,0.0,0.0,0.0,113.01678995113897,0.0,0.0,0.0,0.0,0.0,113.01678995113896,0.0,0.0,0.0,0.0,0.0,120.279111646,0.0,0.0,0.0,0.0,0.0,120.2791117,0.0,0.0,0.0,0.0,0.0,142.5812787,0.0,0.0,0.0,0.0,0.0,120.3959983,0.0,0.0,0.0,0.0,0.0,120.2791117,0.0,0.0,0.0,0.0,0.0,113.01679,0.0,0.0,0.0,0.0,0.0,113.01679,0.0,0.0,0.0,0.0,0.0
diverse_rec,ml20_lambda0.25,movielens_sample20of200_lambda0.25,20,2,19,116.7970283,116.7970283,116.7970283,85.2890711,1,3.482083345,solved (0.1 s),solved (0.1 s),0,0,opt,120.2791117,0.0,0.0,0.0,0.0,0.0,120.2791117,0.0,0.0,0.0,0.0,0.0,116.79702831028806,0.0,0.0,0.0,0.0,0.0,116.79702831028806,0.0,0.0,0.0,0.0,0.0,120.279111645,0.0,0.0,0.0,0.0,0.0,120.2791117,0.0,0.0,0.0,0.0,0.0,149.1579822,0.0,0.0,0.0,0.0,0.0,120.2791117,0.0,0.0,0.0,0.0,0.0,120.2791117,0.0,0.0,0.0,0.0,0.0,116.7970283,0.0,0.0,0.0,0.0,0.0,116.7970283,0.0,0.0,0.0,0.0,0.0
diverse_rec,ml20_lambda0.25,movielens_sample20of200_lambda0.25,20,2,20,120.2791117,120.2791117,120.2791117,85.42477145,1,3.482083345,solved (0.1 s),solved (0.1 s),0,0,opt,120.2791117,0.0,0.0,0.0,0.0,0.0,120.2791117,0.0,0.0,0.0,0.0,0.0,120.2791116551059,0.0,0.0,0.0,0.0,0.0,120.27911165510594,0.0,0.0,0.0,0.0,0.0,120.279111645,0.0,0.0,0.0,0.0,0.0,120.2791117,0.0,0.0,0.0,0.0,0.0,155.3721489,0.0,0.0,0.0,0.0,0.0,120.2791117,0.0,0.0,0.0,0.0,0.0,120.2791117,0.0,0.0,0.0,0.0,0.0,120.2791117,0.0,0.0,0.0,0.0,0.0,120.2791117,0.0,0.0,0.0,0.0,0.0
diverse_rec,ml20_lambda0.25,movielens_sample20of200_lambda0.25,20,3,1,8.994091739,8.994091739,8.994091739,8.994091739,1,3.613805806,solved (0.1 s),solved (0.1 s),0,0,opt,8.994091739,0.0,0.0,0.0,0.0,0.0,8.994091739,0.0,0.0,0.0,0.0,0.0,8.994091738758309,0.0,0.0,0.0,0.0,0.0,8.994091738758309,0.0,0.0,0.0,0.0,0.0,8.994091739,0.0,0.0,0.0,0.0,0.0,8.994091739,0.0,0.0,0.0,0.0,0.0,8.994091739,0.0,0.0,0.0,0.0,0.0,8.994091739,0.0,0.0,0.0,0.0,0.0,8.994091739,0.0,0.0,0.0,0.0,0.0,8.994091739,0.0,0.0,0.0,0.0,0.0,8.994091739,0.0,0.0,0.0,0.0,0.0
diverse_rec,ml20_lambda0.25,movielens_sample20of200_lambda0.25,20,3,2,17.04204022,17.04204022,17.04204022,16.82223286,1,3.613805806,solved (0.1 s),solved (0.1 s),0,0,opt,17.22417991,0.0,0.0,0.0,0.0,0.0,17.34457711,0.0,0.0,0.0,0.0,0.0,17.283739924800916,0.0,0.0,0.0,0.0,0.0,17.283739924800916,0.0,0.0,0.0,0.0,0.0,17.22417991,0.0,0.0,0.0,0.0,0.0,17.22417991,0.0,0.0,0.0,0.0,0.0,17.34457711,0.0,0.0,0.0,0.0,0.0,17.34457711,0.0,0.0,0.0,0.0,0.0,17.22417991,0.0,0.0,0.0,0.0,0.0,17.28373992,0.0,0.0,0.0,0.0,0.0,17.28373992,0.0,0.0,0.0,0.0,0.0
diverse_rec,ml20_lambda0.25,movielens_sample20of200_lambda0.25,20,3,3,24.69969111,24.69969111,24.69969111,24.402917,1,3.613805806,solved (0.1 s),solved (0.1 s),0,0,opt,25.27450078,0.0,0.0,0.0,0.0,0.0,25.57466529,0.0,0.0,0.0,0.0,0.0,25.404599372678792,0.0,0.0,0.0,0.0,0.0,25.404599372678792,0.0,0.0,0.0,0.0,0.0,25.27450078,0.0,0.0,0.0,0.0,0.0,25.27450078,0.0,0.0,0.0,0.0,0.0,25.57466529,0.0,0.0,0.0,0.0,0.0,25.57466529,0.0,0.0,0.0,0.0,0.0,25.27450078,0.0,0.0,0.0,0.0,0.0,25.40459937,0.0,0.0,0.0,0.0,0.0,25.40459937,0.0,0.0,0.0,0.0,0.0
diverse_rec,ml20_lambda0.25,movielens_sample20of200_lambda0.25,20,3,4,32.1286859,32.1286859,32.1286859,31.67155707,1,3.613805806,solved (0.1 s),solved (0.1 s),0,0,opt,33.28716748,0.0,0.0,0.0,0.0,0.0,33.62498615,0.0,0.0,0.0,0.0,0.0,33.34829263191744,0.0,0.0,0.0,0.0,0.0,33.34829263191744,0.0,0.0,0.0,0.0,0.0,33.28716748,0.0,0.0,0.0,0.0,0.0,33.28716748,0.0,0.0,0.0,0.0,0.0,33.62498615,0.0,0.0,0.0,0.0,0.0,33.62498615,0.0,0.0,0.0,0.0,0.0,33.28716748,0.0,0.0,0.0,0.0,0.0,33.34829263,0.0,0.0,0.0,0.0,0.0,33.34829263,0.0,0.0,0.0,0.0,0.0
diverse_rec,ml20_lambda0.25,movielens_sample20of200_lambda0.25,20,3,5,39.30203606,39.30203606,39.30203606,38.57525863,1,3.613805806,solved (0.1 s),solved (0.1 s),0,0,opt,41.2546378,0.0,0.0,0.0,0.0,0.0,41.63765285,0.0,0.0,0.0,0.0,0.0,41.227816273267045,0.0,0.0,0.0,0.0,0.0,41.22781627326705,0.0,0.0,0.0,0.0,0.0,41.2546378,0.0,0.0,0.0,0.0,0.0,41.2546378,0.0,0.0,0.0,0.0,0.0,41.63765285,0.0,0.0,0.0,0.0,0.0,41.63765285,0.0,0.0,0.0,0.0,0.0,41.2546378,0.0,0.0,0.0,0.0,0.0,41.22781627,0.0,0.0,0.0,0.0,0.0,41.22781627,0.0,0.0,0.0,0.0,0.0
diverse_rec,ml20_lambda0.25,movielens_sample20of200_lambda0.25,20,3,6,46.19586913,46.19586913,46.19586913,45.19031982,1,3.613805806,solved (0.1 s),solved (0.1 s),0,0,opt,48.91178044,0.0,0.0,0.0,0.0,0.0,49.60512317,0.0,0.0,0.0,0.0,0.0,48.677046607691395,0.0,0.0,0.0,0.0,0.0,48.67704660769139,0.0,0.0,0.0,0.0,0.0,48.91178044,0.0,0.0,0.0,0.0,0.0,48.91178044,0.0,0.0,0.0,0.0,0.0,49.60512317,0.0,0.0,0.0,0.0,0.0,49.60512317,0.0,0.0,0.0,0.0,0.0,48.91178044,0.0,0.0,0.0,0.0,0.0,48.67704661,0.0,0.0,0.0,0.0,0.0,48.67704661,0.0,0.0,0.0,0.0,0.0
diverse_rec,ml20_lambda0.25,movielens_sample20of200_lambda0.25,20,3,7,52.66288073,52.66288073,52.66288073,51.55789584,1,3.613805806,solved (0.1 s),solved (0.1 s),0,0,opt,56.55165251,0.0,0.0,0.0,0.0,0.0,57.26226582,0.0,0.0,0.0,0.0,0.0,56.04346976341622,0.0,0.0,0.0,0.0,0.0,56.04346976341622,0.0,0.0,0.0,0.0,0.0,56.55165251,0.0,0.0,0.0,0.0,0.0,56.55165251,0.0,0.0,0.0,0.0,0.0,57.26226582,0.0,0.0,0.0,0.0,0.0,57.26226582,0.0,0.0,0.0,0.0,0.0,56.55165251,0.0,0.0,0.0,0.0,0.0,56.04346976,0.0,0.0,0.0,0.0,0.0,56.04346976,0.0,0.0,0.0,0.0,0.0
diverse_rec,ml20_lambda0.25,movielens_sample20of200_lambda0.25,20,3,8,58.94389139,58.94389139,58.94389139,57.71012297,1,3.613805806,solved (0.1 s),solved (0.1 s),0,0,opt,64.17145808,0.0,0.0,0.0,0.0,0.0,64.90213789,0.0,0.0,0.0,0.0,0.0,63.30587829167289,0.0,0.0,0.0,0.0,0.0,63.30587829167289,0.0,0.0,0.0,0.0,0.0,64.17145808,0.0,0.0,0.0,0.0,0.0,64.17145808,0.0,0.0,0.0,0.0,0.0,64.90213789,0.0,0.0,0.0,0.0,0.0,64.90213789,0.0,0.0,0.0,0.0,0.0,64.17145808,0.0,0.0,0.0,0.0,0.0,63.30587829,0.0,0.0,0.0,0.0,0.0,63.30587829,0.0,0.0,0.0,0.0,0.0
diverse_rec,ml20_lambda0.25,movielens_sample20of200_lambda0.25,20,3,9,65.05188408,65.05188408,65.05188408,63.70841205,1,3.613805806,solved (0.1 s),solved (0.1 s),0,0,opt,71.73486266,0.0,0.0,0.0,0.0,0.0,72.52194346,0.0,0.0,0.0,0.0,0.0,70.29178775140889,0.0,0.0,0.0,0.0,0.0,70.29178775140889,0.0,0.0,0.0,0.0,0.0,71.73486266,0.0,0.0,0.0,0.0,0.0,71.73486266,0.0,0.0,0.0,0.0,0.0,72.52194346,0.0,0.0,0.0,0.0,0.0,72.52194346,0.0,0.0,0.0,0.0,0.0,71.73486266,0.0,0.0,0.0,0.0,0.0,70.29557501,0.0,0.0,0.0,0.0,0.0,70.29178775,0.0,0.0,0.0,0.0,0.0
diverse_rec,ml20_lambda0.25,movielens_sample20of200_lambda0.25,20,3,10,70.91456849,70.91456849,70.91456849,69.38954817,1,3.613805806,solved (0.1 s),solved (0.1 s),0,0,opt,79.15077401,0.0,0.0,0.0,0.0,0.0,80.12266917,0.0,0.0,0.0,0.0,0.0,77.1658843622357,0.0,0.0,0.0,0.0,0.0,77.16588436223569,0.0,0.0,0.0,0.0,0.0,79.15077401,0.0,0.0,0.0,0.0,0.0,79.15077401,0.0,0.0,0.0,0.0,0.0,80.12266917,0.0,0.0,0.0,0.0,0.0,80.12266917,0.0,0.0,0.0,0.0,0.0,79.15077401,0.0,0.0,0.0,0.0,0.0,77.17478611,0.0,0.0,0.0,0.0,0.0,77.16588436,0.0,0.0,0.0,0.0,0.0
diverse_rec,ml20_lambda0.25,movielens_sample20of200_lambda0.25,20,3,11,76.55780747,76.55780747,76.55780747,74.34277174,1,3.613805806,solved (0.1 s),solved (0.1 s),0,0,opt,86.5602099,0.0,0.0,0.0,0.0,0.0,87.68607374,0.0,0.0,0.0,0.0,0.0,83.50610720383924,0.0,0.0,0.0,0.0,0.0,83.50610720383922,0.0,0.0,0.0,0.0,0.0,86.5602099,0.0,0.0,0.0,0.0,0.0,86.5602099,0.0,0.0,0.0,0.0,0.0,87.68607374,0.0,0.0,0.0,0.0,0.0,87.68607374,0.0,0.0,0.0,0.0,0.0,86.5602099,0.0,0.0,0.0,0.0,0.0,83.80518574,0.0,0.0,0.0,0.0,0.0,83.5061072,0.0,0.0,0.0,0.0,0.0
diverse_rec,ml20_lambda0.25,movielens_sample20of200_lambda0.25,20,3,12,81.99134989,81.99134989,81.99134989,77.41109089,1,3.613805806,solved (0.1 s),solved (0.1 s),0,0,opt,93.94311737,0.0,0.0,0.0,0.0,0.0,95.1019851,0.0,0.0,0.0,0.0,0.0,87.86457541639797,0.0,0.0,0.0,0.0,0.0,87.86457541639797,0.0,0.0,0.0,0.0,0.0,93.94311737,0.0,0.0,0.0,0.0,0.0,93.94311737,0.0,0.0,0.0,0.0,0.0,95.1019851,0.0,0.0,0.0,0.0,0.0,95.1019851,0.0,0.0,0.0,0.0,0.0,93.94311737,0.0,0.0,0.0,0.0,0.0,88.34181525,0.0,0.0,0.0,0.0,0.0,87.86457542,0.0,0.0,0.0,0.0,0.0
diverse_rec,ml20_lambda0.25,movielens_sample20of200_lambda0.25,20,3,13,87.24802627,87.24802627,87.24802627,79.64131145,1,3.613805806,solved (0.1 s),solved (0.1 s),0,0,opt,101.3245791,0.0,0.0,0.0,0.0,0.0,102.511421,0.0,0.0,0.0,0.0,0.0,91.65533965976246,0.0,0.0,0.0,0.0,0.0,91.65533965976246,0.0,0.0,0.0,0.0,0.0,101.3245791,0.0,0.0,0.0,0.0,0.0,101.3245791,0.0,0.0,0.0,0.0,0.0,102.511421,0.0,0.0,0.0,0.0,0.0,102.511421,0.0,0.0,0.0,0.0,0.0,101.3245791,0.0,0.0,0.0,0.0,0.0,91.98833001,0.0,0.0,0.0,0.0,0.0,91.65533966,0.0,0.0,0.0,0.0,0.0
diverse_rec,ml20_lambda0.25,movielens_sample20of200_lambda0.25,20,3,14,92.31258618,92.31258618,92.31258618,81.01185035,1,3.613805806,solved (0.1 s),solved (0.1 s),0,0,opt,108.6450329,0.0,0.0,0.0,0.0,0.0,109.9097197,0.0,0.0,0.0,0.0,0.0,95.39760174420817,0.0,0.0,0.0,0.0,0.0,95.39760174420817,0.0,0.0,0.0,0.0,0.0,108.6450329,0.0,0.0,0.0,0.0,0.0,108.6450329,0.0,0.0,0.0,0.0,0.0,109.9097197,0.0,0.0,0.0,0.0,0.0,109.9097197,0.0,0.0,0.0,0.0,0.0,108.6450329,0.0,0.0,0.0,0.0,0.0,95.56106308,0.0,0.0,0.0,0.0,0.0,95.39760174,0.0,0.0,0.0,0.0,0.0
diverse_rec,ml20_lambda0.25,movielens_sample20of200_lambda0.25,20,3,15,97.16686113,97.16686113,97.16686113,82.3883646,1,3.613805806,solved (0.1 s),solved (0.1 s),0,0,opt,115.1226445,0.0,0.0,0.0,0.0,0.0,117.2926272,0.0,0.0,0.0,0.0,0.0,99.01379296846834,0.0,0.0,0.0,0.0,0.0,99.01379296846834,0.0,0.0,0.0,0.0,0.0,115.1226445,0.0,0.0,0.0,0.0,0.0,115.1226445,0.0,0.0,0.0,0.0,0.0,117.2926272,0.0,0.0,0.0,0.0,0.0,117.2926272,0.0,0.0,0.0,0.0,0.0,115.1226445,0.0,0.0,0.0,0.0,0.0,99.08412976,0.0,0.0,0.0,0.0,0.0,99.01379297,0.0,0.0,0.0,0.0,0.0
diverse_rec,ml20_lambda0.25,movielens_sample20of200_lambda0.25,20,3,16,101.838956,101.838956,101.838956,83.23215029,1,3.613805806,solved (0.1 s),solved (0.1 s),0,0,opt,118.1219096,0.0,0.0,0.0,0.0,0.0,118.9494768,0.0,0.0,0.0,0.0,0.0,102.7157770011055,0.0,0.0,0.0,0.0,0.0,102.7157770011055,0.0,0.0,0.0,0.0,0.0,118.121909539,0.0,0.0,0.0,0.0,0.0,118.1219096,0.0,0.0,0.0,0.0,0.0,124.6740889,0.0,0.0,0.0,0.0,0.0,118.9494768,0.0,0.0,0.0,0.0,0.0,118.1219096,0.0,0.0,0.0,0.0,0.0,102.7311807,0.0,0.0,0.0,0.0,0.0,102.715777,0.0,0.0,0.0,0.0,0.0
diverse_rec,ml20_lambda0.25,movielens_sample20of200_lambda0.25,20,3,17,106.3219354,106.3219354,106.3219354,83.444427,1,3.613805806,solved (0.1 s),solved (0.1 s),0,0,opt,118.1219096,0.0,0.0,0.0,0.0,0.0,118.5103877,0.0,0.0,0.0,0.0,0.0,106.59890878965071,0.0,0.0,0.0,0.0,0.0,106.59890878965072,0.0,0.0,0.0,0.0,0.0,118.121909539,0.0,0.0,0.0,0.0,0.0,118.1219096,0.0,0.0,0.0,0.0,0.0,132.0118694,0.0,0.0,0.0,0.0,0.0,118.5103877,0.0,0.0,0.0,0.0,0.0,118.1219096,0.0,0.0,0.0,0.0,0.0,106.5994114,0.0,0.0,0.0,0.0,0.0,106.5989088,0.0,0.0,0.0,0.0,0.0
diverse_rec,ml20_lambda0.25,movielens_sample20of200_lambda0.25,20,3,18,110.6346383,110.6346383,110.6346383,84.11701971,1,3.613805806,solved (0.1 s),solved (0.1 s),0,0,opt,118.1219096,0.0,0.0,0.0,0.0,0.0,118.2774028,0.0,0.0,0.0,0.0,0.0,110.63463829366216,0.0,0.0,0.0,0.0,0.0,110.63463829366216,0.0,0.0,0.0,0.0,0.0,118.121909539,0.0,0.0,0.0,0.0,0.0,118.1219096,0.0,0.0,0.0,0.0,0.0,139.3323232,0.0,0.0,0.0,0.0,0.0,118.2774028,0.0,0.0,0.0,0.0,0.0,118.1219096,0.0,0.0,0.0,0.0,0.0,110.6346383,0.0,0.0,0.0,0.0,0.0,110.6346383,0.0,0.0,0.0,0.0,0.0
diverse_rec,ml20_lambda0.25,movielens_sample20of200_lambda0.25,20,3,19,114.5081038,114.5081038,114.5081038,83.80523608,1,3.613805806,solved (0.1 s),solved (0.1 s),0,0,opt,118.1219096,0.0,0.0,0.0,0.0,0.0,118.1219096,0.0,0.0,0.0,0.0,0.0,114.5081037779504,0.0,0.0,0.0,0.0,0.0,114.50810377795041,0.0,0.0,0.0,0.0,0.0,118.121909539,0.0,0.0,0.0,0.0,0.0,118.1219096,0.0,0.0,0.0,0.0,0.0,146.0182678,0.0,0.0,0.0,0.0,0.0,118.1219096,0.0,0.0,0.0,0.0,0.0,118.1219096,0.0,0.0,0.0,0.0,0.0,114.5081038,0.0,0.0,0.0,0.0,0.0,114.5081038,0.0,0.0,0.0,0.0,0.0
diverse_rec,ml20_lambda0.25,movielens_sample20of200_lambda0.25,20,3,20,118.1219096,118.1219096,118.1219096,84.07997777,1,3.613805806,solved (0.1 s),solved (0.1 s),0,0,opt,118.1219096,0.0,0.0,0.0,0.0,0.0,118.1219096,0.0,0.0,0.0,0.0,0.0,118.1219095837646,0.0,0.0,0.0,0.0,0.0,118.12190958376463,0.0,0.0,0.0,0.0,0.0,118.121909539,0.0,0.0,0.0,0.0,0.0,118.1219096,0.0,0.0,0.0,0.0,0.0,152.4958794,0.0,0.0,0.0,0.0,0.0,118.1219096,0.0,0.0,0.0,0.0,0.0,118.1219096,0.0,0.0,0.0,0.0,0.0,118.1219096,0.0,0.0,0.0,0.0,0.0,118.1219096,0.0,0.0,0.0,0.0,0.0
diverse_rec,ml20_lambda0.25,movielens_sample20of200_lambda0.25,20,4,1,9.183471541,9.183471541,9.183471541,9.183471541,1,3.952779043,solved (0.1 s),solved (0.1 s),0,0,opt,9.183471541,0.0,0.0,0.0,0.0,0.0,9.183471541,0.0,0.0,0.0,0.0,0.0,9.18347154122702,0.0,0.0,0.0,0.0,0.0,9.18347154122702,0.0,0.0,0.0,0.0,0.0,9.183471541,0.0,0.0,0.0,0.0,0.0,9.183471541,0.0,0.0,0.0,0.0,0.0,9.183471541,0.0,0.0,0.0,0.0,0.0,9.183471541,0.0,0.0,0.0,0.0,0.0,9.183471541,0.0,0.0,0.0,0.0,0.0,9.183471541,0.0,0.0,0.0,0.0,0.0,9.183471541,0.0,0.0,0.0,0.0,0.0
diverse_rec,ml20_lambda0.25,movielens_sample20of200_lambda0.25,20,4,2,18.07337329,18.07337329,18.07337329,18.02837469,1,3.952779043,solved (0.1 s),solved (0.1 s),0,0,opt,18.24275443,0.0,0.0,0.0,0.0,0.0,18.32276312,0.0,0.0,0.0,0.0,0.0,18.3146287253926,0.0,0.0,0.0,0.0,0.0,18.3146287253926,0.0,0.0,0.0,0.0,0.0,18.24275443,0.0,0.0,0.0,0.0,0.0,18.24275443,0.0,0.0,0.0,0.0,0.0,18.32276312,0.0,0.0,0.0,0.0,0.0,18.32276312,0.0,0.0,0.0,0.0,0.0,18.24275443,0.0,0.0,0.0,0.0,0.0,18.31462873,0.0,0.0,0.0,0.0,0.0,18.31462873,0.0,0.0,0.0,0.0,0.0
diverse_rec,ml20_lambda0.25,movielens_sample20of200_lambda0.25,20,4,3,26.65463125,26.65463125,26.65463125,26.3822086,1,3.952779043,solved (0.1 s),solved (0.1 s),0,0,opt,27.14897096,0.0,0.0,0.0,0.0,0.0,27.38204601,0.0,0.0,0.0,0.0,0.0,27.328607149529166,0.0,0.0,0.0,0.0,0.0,27.328607149529166,0.0,0.0,0.0,0.0,0.0,27.14897096,0.0,0.0,0.0,0.0,0.0,27.14897096,0.0,0.0,0.0,0.0,0.0,27.38204601,0.0,0.0,0.0,0.0,0.0,27.38204601,0.0,0.0,0.0,0.0,0.0,27.14897096,0.0,0.0,0.0,0.0,0.0,27.32860715,0.0,0.0,0.0,0.0,0.0,27.32860715,0.0,0.0,0.0,0.0,0.0
diverse_rec,ml20_lambda0.25,movielens_sample20of200_lambda0.25,20,4,4,34.83827672,34.83827672,34.83827672,34.30163654,1,3.952779043,solved (0.1 s),solved (0.1 s),0,0,opt,35.79053805,0.0,0.0,0.0,0.0,0.0,36.28826254,0.0,0.0,0.0,0.0,0.0,36.07535177421773,0.0,0.0,0.0,0.0,0.0,36.07535177421773,0.0,0.0,0.0,0.0,0.0,35.79053805,0.0,0.0,0.0,0.0,0.0,35.79053805,0.0,0.0,0.0,0.0,0.0,36.28826254,0.0,0.0,0.0,0.0,0.0,36.28826254,0.0,0.0,0.0,0.0,0.0,35.79053805,0.0,0.0,0.0,0.0,0.0,36.07535177,0.0,0.0,0.0,0.0,0.0,36.07535177,0.0,0.0,0.0,0.0,0.0
diverse_rec,ml20_lambda0.25,movielens_sample20of200_lambda0.25,20,4,5,42.59992452,42.59992452,42.59992452,41.95070381,1,3.952779043,solved (0.1 s),solved (0.1 s),0,0,opt,44.38895472,0.0,0.0,0.0,0.0,0.0,44.92982962,0.0,0.0,0.0,0.0,0.0,44.56200215150578,0.0,0.0,0.0,0.0,0.0,44.56200215150579,0.0,0.0,0.0,0.0,0.0,44.38895472,0.0,0.0,0.0,0.0,0.0,44.38895472,0.0,0.0,0.0,0.0,0.0,44.92982962,0.0,0.0,0.0,0.0,0.0,44.92982962,0.0,0.0,0.0,0.0,0.0,44.38895472,0.0,0.0,0.0,0.0,0.0,44.56200215,0.0,0.0,0.0,0.0,0.0,44.56200215,0.0,0.0,0.0,0.0,0.0
diverse_rec,ml20_lambda0.25,movielens_sample20of200_lambda0.25,20,4,6,50.03050159,50.03050159,50.03050159,49.31619838,1,3.952779043,solved (0.1 s),solved (0.1 s),0,0,opt,52.97872316,0.0,0.0,0.0,0.0,0.0,53.52824629,0.0,0.0,0.0,0.0,0.0,53.00568757565781,0.0,0.0,0.0,0.0,0.0,53.00568757565781,0.0,0.0,0.0,0.0,0.0,52.97872316,0.0,0.0,0.0,0.0,0.0,52.97872316,0.0,0.0,0.0,0.0,0.0,53.52824629,0.0,0.0,0.0,0.0,0.0,53.52824629,0.0,0.0,0.0,0.0,0.0,52.97872316,0.0,0.0,0.0,0.0,0.0,53.00568758,0.0,0.0,0.0,0.0,0.0,53.00568758,0.0,0.0,0.0,0.0,0.0
diverse_rec,ml20_lambda0.25,movielens_sample20of200_lambda0.25,20,4,7,57.27152945,57.27152945,57.27152945,56.40913163,1,3.952779043,solved (0.1 s),solved (0.1 s),0,0,opt,61.52191396,0.0,0.0,0.0,0.0,0.0,62.11801473,0.0,0.0,0.0,0.0,0.0,61.36220423370195,0.0,0.0,0.0,0.0,0.0,61.362204233701966,0.0,0.0,0.0,0.0,0.0,61.52191396,0.0,0.0,0.0,0.0,0.0,61.52191396,0.0,0.0,0.0,0.0,0.0,62.11801473,0.0,0.0,0.0,0.0,0.0,62.11801473,0.0,0.0,0.0,0.0,0.0,61.52191396,0.0,0.0,0.0,0.0,0.0,61.36220423,0.0,0.0,0.0,0.0,0.0,61.36220423,0.0,0.0,0.0,0.0,0.0
diverse_rec,ml20_lambda0.25,movielens_sample20of200_lambda0.25,20,4,8,64.25874069,64.25874069,64.25874069,63.23431807,1,3.952779043,solved (0.1 s),solved (0.1 s),0,0,opt,70.02784189,0.0,0.0,0.0,0.0,0.0,70.66120554,0.0,0.0,0.0,0.0,0.0,69.58424151517531,0.0,0.0,0.0,0.0,0.0,69.5842415151753,0.0,0.0,0.0,0.0,0.0,70.02784189,0.0,0.0,0.0,0.0,0.0,70.02784189,0.0,0.0,0.0,0.0,0.0,70.66120554,0.0,0.0,0.0,0.0,0.0,70.66120554,0.0,0.0,0.0,0.0,0.0,70.02784189,0.0,0.0,0.0,0.0,0.0,69.58424152,0.0,0.0,0.0,0.0,0.0,69.58424152,0.0,0.0,0.0,0.0,0.0
diverse_rec,ml20_lambda0.25,movielens_sample20of200_lambda0.25,20,4,9,71.01122407,71.01122407,71.01122407,69.6483096,1,3.952779043,solved (0.1 s),solved (0.1 s),0,0,opt,78.47061403,0.0,0.0,0.0,0.0,0.0,79.16713347,0.0,0.0,0.0,0.0,0.0,77.3687833742976,0.0,0.0,0.0,0.0,0.0,77.36878337429762,0.0,0.0,0.0,0.0,0.0,78.47061403,0.0,0.0,0.0,0.0,0.0,78.47061403,0.0,0.0,0.0,0.0,0.0,79.16713347,0.0,0.0,0.0,0.0,0.0,79.16713347,0.0,0.0,0.0,0.0,0.0,78.47061403,0.0,0.0,0.0,0.0,0.0,77.3867417,0.0,0.0,0.0,0.0,0.0,77.36878337,0.0,0.0,0.0,0.0,0.0
diverse_rec,ml20_lambda0.25,movielens_sample20of200_lambda0.25,20,4,10,77.51662249,77.51662249,77.51662249,75.76403989,1,3.952779043,solved (0.1 s),solved (0.1 s),0,0,opt,86.78758619,0.0,0.0,0.0,0.0,0.0,87.63496085,0.0,0.0,0.0,0.0,0.0,84.66429970486281,0.0,0.0,0.0,0.0,0.0,84.66429970486281,0.0,0.0,0.0,0.0,0.0,86.78758619,0.0,0.0,0.0,0.0,0.0,86.78758619,0.0,0.0,0.0,0.0,0.0,87.63496085,0.0,0.0,0.0,0.0,0.0,87.63496085,0.0,0.0,0.0,0.0,0.0,86.78758619,0.0,0.0,0.0,0.0,0.0,84.75340625,0.0,0.0,0.0,0.0,0.0,84.6642997,0.0,0.0,0.0,0.0,0.0
diverse_rec,ml20_lambda0.25,movielens_sample20of200_lambda0.25,20,4,11,83.77516236,83.77516236,83.77516236,80.96317824,1,3.952779043,solved (0.1 s),solved (0.1 s),0,0,opt,94.93698322,0.0,0.0,0.0,0.0,0.0,96.07773299,0.0,0.0,0.0,0.0,0.0,90.6660590959676,0.0,0.0,0.0,0.0,0.0,90.66605909596761,0.0,0.0,0.0,0.0,0.0,94.93698322,0.0,0.0,0.0,0.0,0.0,94.93698322,0.0,0.0,0.0,0.0,0.0,96.07773299,0.0,0.0,0.0,0.0,0.0,96.07773299,0.0,0.0,0.0,0.0,0.0,94.93698322,0.0,0.0,0.0,0.0,0.0,90.80937327,0.0,0.0,0.0,0.0,0.0,90.6660591,0.0,0.0,0.0,0.0,0.0
diverse_rec,ml20_lambda0.25,movielens_sample20of200_lambda0.25,20,4,12,89.7803911,89.7803911,89.7803911,84.51685643,1,3.952779043,solved (0.1 s),solved (0.1 s),0,0,opt,103.0198294,0.0,0.0,0.0,0.0,0.0,104.3947051,0.0,0.0,0.0,0.0,0.0,95.16881552902265,0.0,0.0,0.0,0.0,0.0,95.16881552902265,0.0,0.0,0.0,0.0,0.0,103.0198294,0.0,0.0,0.0,0.0,0.0,103.0198294,0.0,0.0,0.0,0.0,0.0,104.3947051,0.0,0.0,0.0,0.0,0.0,104.3947051,0.0,0.0,0.0,0.0,0.0,103.0198294,0.0,0.0,0.0,0.0,0.0,95.60345282,0.0,0.0,0.0,0.0,0.0,95.16881553,0.0,0.0,0.0,0.0,0.0
diverse_rec,ml20_lambda0.25,movielens_sample20of200_lambda0.25,20,4,13,95.50318801,95.50318801,95.50318801,87.03235196,1,3.952779043,solved (0.1 s),solved (0.1 s),0,0,opt,110.855713,0.0,0.0,0.0,0.0,0.0,112.5441022,0.0,0.0,0.0,0.0,0.0,99.32300300784395,0.0,0.0,0.0,0.0,0.0,99.32300300784395,0.0,0.0,0.0,0.0,0.0,110.855713,0.0,0.0,0.0,0.0,0.0,110.855713,0.0,0.0,0.0,0.0,0.0,112.5441022,0.0,0.0,0.0,0.0,0.0,112.5441022,0.0,0.0,0.0,0.0,0.0,110.855713,0.0,0.0,0.0,0.0,0.0,99.57696298,0.0,0.0,0.0,0.0,0.0,99.32300301,0.0,0.0,0.0,0.0,0.0
diverse_rec,ml20_lambda0.25,movielens_sample20of200_lambda0.25,20,4,14,100.9959257,100.9959257,100.9959257,88.65910582,1,3.952779043,solved (0.1 s),solved (0.1 s),0,0,opt,118.3858622,0.0,0.0,0.0,0.0,0.0,120.6647192,0.0,0.0,0.0,0.0,0.0,103.33177284586164,0.0,0.0,0.0,0.0,0.0,103.33177284586164,0.0,0.0,0.0,0.0,0.0,118.3858622,0.0,0.0,0.0,0.0,0.0,118.3858622,0.0,0.0,0.0,0.0,0.0,120.6647192,0.0,0.0,0.0,0.0,0.0,120.6647192,0.0,0.0,0.0,0.0,0.0,118.3858622,0.0,0.0,0.0,0.0,0.0,103.4618208,0.0,0.0,0.0,0.0,0.0,103.3317728,0.0,0.0,0.0,0.0,0.0
diverse_rec,ml20_lambda0.25,movielens_sample20of200_lambda0.25,20,4,15,106.25601,106.25601,106.25601,89.53567335,1,3.952779043,solved (0.1 s),solved (0.1 s),0,0,opt,125.5414203,0.0,0.0,0.0,0.0,0.0,128.7475654,0.0,0.0,0.0,0.0,0.0,107.40205154646394,0.0,0.0,0.0,0.0,0.0,107.40205154646394,0.0,0.0,0.0,0.0,0.0,125.5414203,0.0,0.0,0.0,0.0,0.0,125.5414203,0.0,0.0,0.0,0.0,0.0,128.7475654,0.0,0.0,0.0,0.0,0.0,128.7475654,0.0,0.0,0.0,0.0,0.0,125.5414203,0.0,0.0,0.0,0.0,0.0,107.4435012,0.0,0.0,0.0,0.0,0.0,107.4020515,0.0,0.0,0.0,0.0,0.0
diverse_rec,ml20_lambda0.25,movielens_sample20of200_lambda0.25,20,4,16,111.1788411,111.1788411,111.1788411,90.34603078,1,3.952779043,solved (0.1 s),solved (0.1 s),0,0,opt,128.4086337,0.0,0.0,0.0,0.0,0.0,129.324395,0.0,0.0,0.0,0.0,0.0,111.64163427499311,0.0,0.0,0.0,0.0,0.0,111.64163427499311,0.0,0.0,0.0,0.0,0.0,128.4086337,0.0,0.0,0.0,0.0,0.0,128.4086337,0.0,0.0,0.0,0.0,0.0,136.583449,0.0,0.0,0.0,0.0,0.0,129.324395,0.0,0.0,0.0,0.0,0.0,128.4086337,0.0,0.0,0.0,0.0,0.0,111.649986,0.0,0.0,0.0,0.0,0.0,111.6416343,0.0,0.0,0.0,0.0,0.0
diverse_rec,ml20_lambda0.25,movielens_sample20of200_lambda0.25,20,4,17,115.8189618,115.8189618,115.8189618,90.73166146,1,3.952779043,solved (0.1 s),solved (0.1 s),0,0,opt,128.4086337,0.0,0.0,0.0,0.0,0.0,128.824349,0.0,0.0,0.0,0.0,0.0,115.98172002081485,0.0,0.0,0.0,0.0,0.0,115.98172002081485,0.0,0.0,0.0,0.0,0.0,128.4086337,0.0,0.0,0.0,0.0,0.0,128.4086337,0.0,0.0,0.0,0.0,0.0,144.1295346,0.0,0.0,0.0,0.0,0.0,128.824349,0.0,0.0,0.0,0.0,0.0,128.4086337,0.0,0.0,0.0,0.0,0.0,115.9821606,0.0,0.0,0.0,0.0,0.0,115.98172,0.0,0.0,0.0,0.0,0.0
diverse_rec,ml20_lambda0.25,movielens_sample20of200_lambda0.25,20,4,18,120.2192126,120.2192126,120.2192126,91.16005688,1,3.952779043,solved (0.1 s),solved (0.1 s),0,0,opt,128.4086337,0.0,0.0,0.0,0.0,0.0,128.497233,0.0,0.0,0.0,0.0,0.0,120.3157180669597,0.0,0.0,0.0,0.0,0.0,120.3157180669597,0.0,0.0,0.0,0.0,0.0,128.4086337,0.0,0.0,0.0,0.0,0.0,128.4086337,0.0,0.0,0.0,0.0,0.0,151.6596839,0.0,0.0,0.0,0.0,0.0,128.497233,0.0,0.0,0.0,0.0,0.0,128.4086337,0.0,0.0,0.0,0.0,0.0,120.3157181,0.0,0.0,0.0,0.0,0.0,120.3157181,0.0,0.0,0.0,0.0,0.0
diverse_rec,ml20_lambda0.25,movielens_sample20of200_lambda0.25,20,4,19,124.4558547,124.4558547,124.4558547,91.36419832,1,3.952779043,solved (0.1 s),solved (0.1 s),0,0,opt,128.4086337,0.0,0.0,0.0,0.0,0.0,128.4086337,0.0,0.0,0.0,0.0,0.0,124.455854702612,0.0,0.0,0.0,0.0,0.0,124.455854702612,0.0,0.0,0.0,0.0,0.0,128.4086337,0.0,0.0,0.0,0.0,0.0,128.4086337,0.0,0.0,0.0,0.0,0.0,159.0559536,0.0,0.0,0.0,0.0,0.0,128.4086337,0.0,0.0,0.0,0.0,0.0,128.4086337,0.0,0.0,0.0,0.0,0.0,124.4558547,0.0,0.0,0.0,0.0,0.0,124.4558547,0.0,0.0,0.0,0.0,0.0
diverse_rec,ml20_lambda0.25,movielens_sample20of200_lambda0.25,20,4,20,128.4086337,128.4086337,128.4086337,91.59711629,1,3.952779043,solved (0.1 s),solved (0.1 s),0,0,opt,128.4086337,0.0,0.0,0.0,0.0,0.0,128.4086337,0.0,0.0,0.0,0.0,0.0,128.40863374589026,0.0,0.0,0.0,0.0,0.0,128.40863374589006,0.0,0.0,0.0,0.0,0.0,128.4086337,0.0,0.0,0.0,0.0,0.0,128.4086337,0.0,0.0,0.0,0.0,0.0,166.2115117,0.0,0.0,0.0,0.0,0.0,128.4086337,0.0,0.0,0.0,0.0,0.0,128.4086337,0.0,0.0,0.0,0.0,0.0,128.4086337,0.0,0.0,0.0,0.0,0.0,128.4086337,0.0,0.0,0.0,0.0,0.0
diverse_rec,ml20_lambda0.25,movielens_sample20of200_lambda0.25,20,5,1,9.160784322,9.160784322,9.160784322,9.160784322,1,3.822265353,solved (0.1 s),solved (0.1 s),0,0,opt,9.160784322,0.0,0.0,0.0,0.0,0.0,9.160784322,0.0,0.0,0.0,0.0,0.0,9.160784321534607,0.0,0.0,0.0,0.0,0.0,9.160784321534607,0.0,0.0,0.0,0.0,0.0,9.160784322,0.0,0.0,0.0,0.0,0.0,9.160784322,0.0,0.0,0.0,0.0,0.0,9.160784322,0.0,0.0,0.0,0.0,0.0,9.160784322,0.0,0.0,0.0,0.0,0.0,9.160784322,0.0,0.0,0.0,0.0,0.0,9.160784322,0.0,0.0,0.0,0.0,0.0,9.160784322,0.0,0.0,0.0,0.0,0.0
diverse_rec,ml20_lambda0.25,movielens_sample20of200_lambda0.25,20,5,2,17.88432161,17.88432161,17.88432161,17.83271892,1,3.822265353,solved (0.1 s),solved (0.1 s),0,0,opt,18.08988249,0.0,0.0,0.0,0.0,0.0,18.15918354,0.0,0.0,0.0,0.0,0.0,18.142907396885498,0.0,0.0,0.0,0.0,0.0,18.142907396885498,0.0,0.0,0.0,0.0,0.0,18.08988249,0.0,0.0,0.0,0.0,0.0,18.08988249,0.0,0.0,0.0,0.0,0.0,18.15918354,0.0,0.0,0.0,0.0,0.0,18.15918354,0.0,0.0,0.0,0.0,0.0,18.08988249,0.0,0.0,0.0,0.0,0.0,18.1429074,0.0,0.0,0.0,0.0,0.0,18.1429074,0.0,0.0,0.0,0.0,0.0
diverse_rec,ml20_lambda0.25,movielens_sample20of200_lambda0.25,20,5,3,26.35751761,26.35751761,26.35751761,26.00698766,1,3.822265353,solved (0.1 s),solved (0.1 s),0,0,opt,26.72952569,0.0,0.0,0.0,0.0,0.0,27.08828171,0.0,0.0,0.0,0.0,0.0,26.994213616834404,0.0,0.0,0.0,0.0,0.0,26.994213616834397,0.0,0.0,0.0,0.0,0.0,26.72952569,0.0,0.0,0.0,0.0,0.0,26.72952569,0.0,0.0,0.0,0.0,0.0,27.08828171,0.0,0.0,0.0,0.0,0.0,27.08828171,0.0,0.0,0.0,0.0,0.0,26.72952569,0.0,0.0,0.0,0.0,0.0,26.99421362,0.0,0.0,0.0,0.0,0.0,26.99421362,0.0,0.0,0.0,0.0,0.0
diverse_rec,ml20_lambda0.25,movielens_sample20of200_lambda0.25,20,5,4,34.32313653,34.32313653,34.32313653,33.78364463,1,3.822265353,solved (0.1 s),solved (0.1 s),0,0,opt,35.25713612,0.0,0.0,0.0,0.0,0.0,35.72792491,0.0,0.0,0.0,0.0,0.0,35.51077426761369,0.0,0.0,0.0,0.0,0.0,35.51077426761369,0.0,0.0,0.0,0.0,0.0,35.25713612,0.0,0.0,0.0,0.0,0.0,35.25713612,0.0,0.0,0.0,0.0,0.0,35.72792491,0.0,0.0,0.0,0.0,0.0,35.72792491,0.0,0.0,0.0,0.0,0.0,35.25713612,0.0,0.0,0.0,0.0,0.0,35.51077427,0.0,0.0,0.0,0.0,0.0,35.51077427,0.0,0.0,0.0,0.0,0.0
diverse_rec,ml20_lambda0.25,movielens_sample20of200_lambda0.25,20,5,5,41.91855483,41.91855483,41.91855483,41.27880824,1,3.822265353,solved (0.1 s),solved (0.1 s),0,0,opt,43.78297494,0.0,0.0,0.0,0.0,0.0,44.25553534,0.0,0.0,0.0,0.0,0.0,43.9210959708285,0.0,0.0,0.0,0.0,0.0,43.9210959708285,0.0,0.0,0.0,0.0,0.0,43.78297494,0.0,0.0,0.0,0.0,0.0,43.78297494,0.0,0.0,0.0,0.0,0.0,44.25553534,0.0,0.0,0.0,0.0,0.0,44.25553534,0.0,0.0,0.0,0.0,0.0,43.78297494,0.0,0.0,0.0,0.0,0.0,43.92109597,0.0,0.0,0.0,0.0,0.0,43.92109597,0.0,0.0,0.0,0.0,0.0
diverse_rec,ml20_lambda0.25,movielens_sample20of200_lambda0.25,20,5,6,49.25137864,49.25137864,49.25137864,48.41798054,1,3.822265353,solved (0.1 s),solved (0.1 s),0,0,opt,52.2962871,0.0,0.0,0.0,0.0,0.0,52.78137416,0.0,0.0,0.0,0.0,0.0,52.26934568434067,0.0,0.0,0.0,0.0,0.0,52.26934568434067,0.0,0.0,0.0,0.0,0.0,52.2962871,0.0,0.0,0.0,0.0,0.0,52.2962871,0.0,0.0,0.0,0.0,0.0,52.78137416,0.0,0.0,0.0,0.0,0.0,52.78137416,0.0,0.0,0.0,0.0,0.0,52.2962871,0.0,0.0,0.0,0.0,0.0,52.26934568,0.0,0.0,0.0,0.0,0.0,52.26934568,0.0,0.0,0.0,0.0,0.0
diverse_rec,ml20_lambda0.25,movielens_sample20of200_lambda0.25,20,5,7,56.32256976,56.32256976,56.32256976,55.2051463,1,3.822265353,solved (0.1 s),solved (0.1 s),0,0,opt,60.69274928,0.0,0.0,0.0,0.0,0.0,61.29468632,0.0,0.0,0.0,0.0,0.0,60.317131822062464,0.0,0.0,0.0,0.0,0.0,60.317131822062464,0.0,0.0,0.0,0.0,0.0,60.69274928,0.0,0.0,0.0,0.0,0.0,60.69274928,0.0,0.0,0.0,0.0,0.0,61.29468632,0.0,0.0,0.0,0.0,0.0,61.29468632,0.0,0.0,0.0,0.0,0.0,60.69274928,0.0,0.0,0.0,0.0,0.0,60.31983953,0.0,0.0,0.0,0.0,0.0,60.31713182,0.0,0.0,0.0,0.0,0.0
diverse_rec,ml20_lambda0.25,movielens_sample20of200_lambda0.25,20,5,8,63.10614658,63.10614658,63.10614658,61.58200465,1,3.822265353,solved (0.1 s),solved (0.1 s),0,0,opt,68.92755691,0.0,0.0,0.0,0.0,0.0,69.6911485,0.0,0.0,0.0,0.0,0.0,68.03863817379224,0.0,0.0,0.0,0.0,0.0,68.03863817379224,0.0,0.0,0.0,0.0,0.0,68.92755691,0.0,0.0,0.0,0.0,0.0,68.92755691,0.0,0.0,0.0,0.0,0.0,69.6911485,0.0,0.0,0.0,0.0,0.0,69.6911485,0.0,0.0,0.0,0.0,0.0,68.92755691,0.0,0.0,0.0,0.0,0.0,68.040686,0.0,0.0,0.0,0.0,0.0,68.03863817,0.0,0.0,0.0,0.0,0.0
diverse_rec,ml20_lambda0.25,movielens_sample20of200_lambda0.25,20,5,9,69.68428687,69.68428687,69.68428687,67.63116338,1,3.822265353,solved (0.1 s),solved (0.1 s),0,0,opt,76.99653137,0.0,0.0,0.0,0.0,0.0,77.92595613,0.0,0.0,0.0,0.0,0.0,75.03838763134615,0.0,0.0,0.0,0.0,0.0,75.03838763134615,0.0,0.0,0.0,0.0,0.0,76.99653137,0.0,0.0,0.0,0.0,0.0,76.99653137,0.0,0.0,0.0,0.0,0.0,77.92595613,0.0,0.0,0.0,0.0,0.0,77.92595613,0.0,0.0,0.0,0.0,0.0,76.99653137,0.0,0.0,0.0,0.0,0.0,75.07639968,0.0,0.0,0.0,0.0,0.0,75.03838763,0.0,0.0,0.0,0.0,0.0
diverse_rec,ml20_lambda0.25,movielens_sample20of200_lambda0.25,20,5,10,75.93090493,75.93090493,75.93090493,73.46348924,1,3.822265353,solved (0.1 s),solved (0.1 s),0,0,opt,84.89994415,0.0,0.0,0.0,0.0,0.0,86.06752531,0.0,0.0,0.0,0.0,0.0,81.38573926556911,0.0,0.0,0.0,0.0,0.0,81.38573926556909,0.0,0.0,0.0,0.0,0.0,84.89994415,0.0,0.0,0.0,0.0,0.0,84.89994415,0.0,0.0,0.0,0.0,0.0,86.06752531,0.0,0.0,0.0,0.0,0.0,86.06752531,0.0,0.0,0.0,0.0,0.0,84.89994415,0.0,0.0,0.0,0.0,0.0,81.43179081,0.0,0.0,0.0,0.0,0.0,81.38573927,0.0,0.0,0.0,0.0,0.0
diverse_rec,ml20_lambda0.25,movielens_sample20of200_lambda0.25,20,5,11,81.86314649,81.86314649,81.86314649,78.41522257,1,3.822265353,solved (0.1 s),solved (0.1 s),0,0,opt,92.50881023,0.0,0.0,0.0,0.0,0.0,94.13649977,0.0,0.0,0.0,0.0,0.0,87.05614429798383,0.0,0.0,0.0,0.0,0.0,87.05614429798386,0.0,0.0,0.0,0.0,0.0,92.50881023,0.0,0.0,0.0,0.0,0.0,92.50881023,0.0,0.0,0.0,0.0,0.0,94.13649977,0.0,0.0,0.0,0.0,0.0,94.13649977,0.0,0.0,0.0,0.0,0.0,92.50881023,0.0,0.0,0.0,0.0,0.0,87.20030682,0.0,0.0,0.0,0.0,0.0,87.0561443,0.0,0.0,0.0,0.0,0.0
diverse_rec,ml20_lambda0.25,movielens_sample20of200_lambda0.25,20,5,12,87.51796625,87.51796625,87.51796625,81.78622041,1,3.822265353,solved (0.1 s),solved (0.1 s),0,0,opt,99.99259107,0.0,0.0,0.0,0.0,0.0,102.0399125,0.0,0.0,0.0,0.0,0.0,91.59900069672197,0.0,0.0,0.0,0.0,0.0,91.59900069672197,0.0,0.0,0.0,0.0,0.0,99.99259107,0.0,0.0,0.0,0.0,0.0,99.99259107,0.0,0.0,0.0,0.0,0.0,102.0399125,0.0,0.0,0.0,0.0,0.0,102.0399125,0.0,0.0,0.0,0.0,0.0,99.99259107,0.0,0.0,0.0,0.0,0.0,91.8882912,0.0,0.0,0.0,0.0,0.0,91.5990007,0.0,0.0,0.0,0.0,0.0
diverse_rec,ml20_lambda0.25,movielens_sample20of200_lambda0.25,20,5,13,92.86911563,92.86911563,92.86911563,84.1664913,1,3.822265353,solved (0.1 s),solved (0.1 s),0,0,opt,107.3479469,0.0,0.0,0.0,0.0,0.0,109.6487786,0.0,0.0,0.0,0.0,0.0,95.8660327165173,0.0,0.0,0.0,0.0,0.0,95.8660327165173,0.0,0.0,0.0,0.0,0.0,107.3479469,0.0,0.0,0.0,0.0,0.0,107.3479469,0.0,0.0,0.0,0.0,0.0,109.6487786,0.0,0.0,0.0,0.0,0.0,109.6487786,0.0,0.0,0.0,0.0,0.0,107.3479469,0.0,0.0,0.0,0.0,0.0,96.07007709,0.0,0.0,0.0,0.0,0.0,95.86603272,0.0,0.0,0.0,0.0,0.0
diverse_rec,ml20_lambda0.25,movielens_sample20of200_lambda0.25,20,5,14,97.97689077,97.97689077,97.97689077,85.52140473,1,3.822265353,solved (0.1 s),solved (0.1 s),0,0,opt,114.5863275,0.0,0.0,0.0,0.0,0.0,117.1820419,0.0,0.0,0.0,0.0,0.0,100.03240576670446,0.0,0.0,0.0,0.0,0.0,100.03240576670447,0.0,0.0,0.0,0.0,0.0,114.5863275,0.0,0.0,0.0,0.0,0.0,114.5863275,0.0,0.0,0.0,0.0,0.0,117.1820419,0.0,0.0,0.0,0.0,0.0,117.1820419,0.0,0.0,0.0,0.0,0.0,114.5863275,0.0,0.0,0.0,0.0,0.0,100.1345882,0.0,0.0,0.0,0.0,0.0,100.0324058,0.0,0.0,0.0,0.0,0.0
diverse_rec,ml20_lambda0.25,movielens_sample20of200_lambda0.25,20,5,15,102.8741437,102.8741437,102.8741437,86.75622524,1,3.822265353,solved (0.1 s),solved (0.1 s),0,0,opt,121.4808582,0.0,0.0,0.0,0.0,0.0,124.6658227,0.0,0.0,0.0,0.0,0.0,104.195788239737,0.0,0.0,0.0,0.0,0.0,104.19578823973698,0.0,0.0,0.0,0.0,0.0,121.4808582,0.0,0.0,0.0,0.0,0.0,121.4808582,0.0,0.0,0.0,0.0,0.0,124.6658227,0.0,0.0,0.0,0.0,0.0,124.6658227,0.0,0.0,0.0,0.0,0.0,121.4808582,0.0,0.0,0.0,0.0,0.0,104.2410515,0.0,0.0,0.0,0.0,0.0,104.1957882,0.0,0.0,0.0,0.0,0.0
diverse_rec,ml20_lambda0.25,movielens_sample20of200_lambda0.25,20,5,16,107.5481546,107.5481546,107.5481546,87.45082951,1,3.822265353,solved (0.1 s),solved (0.1 s),0,0,opt,124.1349735,0.0,0.0,0.0,0.0,0.0,124.9757328,0.0,0.0,0.0,0.0,0.0,108.30295004969501,0.0,0.0,0.0,0.0,0.0,108.30295004969501,0.0,0.0,0.0,0.0,0.0,124.1349735,0.0,0.0,0.0,0.0,0.0,124.1349735,0.0,0.0,0.0,0.0,0.0,132.0211786,0.0,0.0,0.0,0.0,0.0,124.9757328,0.0,0.0,0.0,0.0,0.0,124.1349735,0.0,0.0,0.0,0.0,0.0,108.3116932,0.0,0.0,0.0,0.0,0.0,108.30295,0.0,0.0,0.0,0.0,0.0
diverse_rec,ml20_lambda0.25,movielens_sample20of200_lambda0.25,20,5,17,112.020246,112.020246,112.020246,87.95757483,1,3.822265353,solved (0.1 s),solved (0.1 s),0,0,opt,124.1349735,0.0,0.0,0.0,0.0,0.0,124.5226694,0.0,0.0,0.0,0.0,0.0,112.31278585794199,0.0,0.0,0.0,0.0,0.0,112.31278585794199,0.0,0.0,0.0,0.0,0.0,124.1349735,0.0,0.0,0.0,0.0,0.0,124.1349735,0.0,0.0,0.0,0.0,0.0,139.3092348,0.0,0.0,0.0,0.0,0.0,124.5226694,0.0,0.0,0.0,0.0,0.0,124.1349735,0.0,0.0,0.0,0.0,0.0,112.3136459,0.0,0.0,0.0,0.0,0.0,112.3127859,0.0,0.0,0.0,0.0,0.0
diverse_rec,ml20_lambda0.25,movielens_sample20of200_lambda0.25,20,5,18,116.2845731,116.2845731,116.2845731,88.64396738,1,3.822265353,solved (0.1 s),solved (0.1 s),0,0,opt,124.1349735,0.0,0.0,0.0,0.0,0.0,124.2525326,0.0,0.0,0.0,0.0,0.0,116.30165058939401,0.0,0.0,0.0,0.0,0.0,116.30165058939403,0.0,0.0,0.0,0.0,0.0,124.134973482,0.0,0.0,0.0,0.0,0.0,124.1349735,0.0,0.0,0.0,0.0,0.0,146.5476154,0.0,0.0,0.0,0.0,0.0,124.2525326,0.0,0.0,0.0,0.0,0.0,124.1349735,0.0,0.0,0.0,0.0,0.0,116.3016506,0.0,0.0,0.0,0.0,0.0,116.3016506,0.0,0.0,0.0,0.0,0.0
diverse_rec,ml20_lambda0.25,movielens_sample20of200_lambda0.25,20,5,19,120.3127082,120.3127082,120.3127082,88.48602038,1,3.822265353,solved (0.1 s),solved (0.1 s),0,0,opt,124.1349735,0.0,0.0,0.0,0.0,0.0,124.1349735,0.0,0.0,0.0,0.0,0.0,120.3127081757342,0.0,0.0,0.0,0.0,0.0,120.31270817573422,0.0,0.0,0.0,0.0,0.0,124.134973482,0.0,0.0,0.0,0.0,0.0,124.1349735,0.0,0.0,0.0,0.0,0.0,153.6187673,0.0,0.0,0.0,0.0,0.0,124.1349735,0.0,0.0,0.0,0.0,0.0,124.1349735,0.0,0.0,0.0,0.0,0.0,120.3127082,0.0,0.0,0.0,0.0,0.0,120.3127082,0.0,0.0,0.0,0.0,0.0
diverse_rec,ml20_lambda0.25,movielens_sample20of200_lambda0.25,20,5,20,124.1349735,124.1349735,124.1349735,88.86707793,1,3.822265353,solved (0.1 s),solved (0.1 s),0,0,opt,124.1349735,0.0,0.0,0.0,0.0,0.0,124.1349735,0.0,0.0,0.0,0.0,0.0,124.13497352836299,0.0,0.0,0.0,0.0,0.0,124.13497352836299,0.0,0.0,0.0,0.0,0.0,124.134973482,0.0,0.0,0.0,0.0,0.0,124.1349735,0.0,0.0,0.0,0.0,0.0,160.513298,0.0,0.0,0.0,0.0,0.0,124.1349735,0.0,0.0,0.0,0.0,0.0,124.1349735,0.0,0.0,0.0,0.0,0.0,124.1349735,0.0,0.0,0.0,0.0,0.0,124.1349735,0.0,0.0,0.0,0.0,0.0
diverse_rec,ml20_lambda0.25,movielens_sample20of200_lambda0.25,20,6,1,9.41981541,9.41981541,9.41981541,9.41981541,1,3.781661164,solved (0.1 s),solved (0.1 s),0,0,opt,9.41981541,0.0,0.0,0.0,0.0,0.0,9.41981541,0.0,0.0,0.0,0.0,0.0,9.419815410033657,0.0,0.0,0.0,0.0,0.0,9.419815410033657,0.0,0.0,0.0,0.0,0.0,9.41981541,0.0,0.0,0.0,0.0,0.0,9.41981541,0.0,0.0,0.0,0.0,0.0,9.41981541,0.0,0.0,0.0,0.0,0.0,9.41981541,0.0,0.0,0.0,0.0,0.0,9.41981541,0.0,0.0,0.0,0.0,0.0,9.41981541,0.0,0.0,0.0,0.0,0.0,9.41981541,0.0,0.0,0.0,0.0,0.0
diverse_rec,ml20_lambda0.25,movielens_sample20of200_lambda0.25,20,6,2,18.11613841,18.11613841,18.11613841,17.98368401,1,3.781661164,solved (0.1 s),solved (0.1 s),0,0,opt,18.34505399,0.0,0.0,0.0,0.0,0.0,18.37882394,0.0,0.0,0.0,0.0,0.0,18.34674856758033,0.0,0.0,0.0,0.0,0.0,18.346748567580335,0.0,0.0,0.0,0.0,0.0,18.34505399,0.0,0.0,0.0,0.0,0.0,18.34505399,0.0,0.0,0.0,0.0,0.0,18.37882394,0.0,0.0,0.0,0.0,0.0,18.37882394,0.0,0.0,0.0,0.0,0.0,18.34505399,0.0,0.0,0.0,0.0,0.0,18.34674857,0.0,0.0,0.0,0.0,0.0,18.34674857,0.0,0.0,0.0,0.0,0.0
diverse_rec,ml20_lambda0.25,movielens_sample20of200_lambda0.25,20,6,3,26.51677492,26.51677492,26.51677492,26.14789885,1,3.781661164,solved (0.1 s),solved (0.1 s),0,0,opt,27.04365605,0.0,0.0,0.0,0.0,0.0,27.30406252,0.0,0.0,0.0,0.0,0.0,27.185663629390074,0.0,0.0,0.0,0.0,0.0,27.18566362939008,0.0,0.0,0.0,0.0,0.0,27.04365605,0.0,0.0,0.0,0.0,0.0,27.04365605,0.0,0.0,0.0,0.0,0.0,27.30406252,0.0,0.0,0.0,0.0,0.0,27.30406252,0.0,0.0,0.0,0.0,0.0,27.04365605,0.0,0.0,0.0,0.0,0.0,27.18566363,0.0,0.0,0.0,0.0,0.0,27.18566363,0.0,0.0,0.0,0.0,0.0
diverse_rec,ml20_lambda0.25,movielens_sample20of200_lambda0.25,20,6,4,34.46895425,34.46895425,34.46895425,33.99580502,1,3.781661164,solved (0.1 s),solved (0.1 s),0,0,opt,35.65518494,0.0,0.0,0.0,0.0,0.0,36.00266459,0.0,0.0,0.0,0.0,0.0,35.75789156630499,0.0,0.0,0.0,0.0,0.0,35.75789156630499,0.0,0.0,0.0,0.0,0.0,35.65518494,0.0,0.0,0.0,0.0,0.0,35.65518494,0.0,0.0,0.0,0.0,0.0,36.00266459,0.0,0.0,0.0,0.0,0.0,36.00266459,0.0,0.0,0.0,0.0,0.0,35.65518494,0.0,0.0,0.0,0.0,0.0,35.75789157,0.0,0.0,0.0,0.0,0.0,35.75789157,0.0,0.0,0.0,0.0,0.0
diverse_rec,ml20_lambda0.25,movielens_sample20of200_lambda0.25,20,6,5,42.10035653,42.10035653,42.10035653,41.56825427,1,3.781661164,solved (0.1 s),solved (0.1 s),0,0,opt,44.25334422,0.0,0.0,0.0,0.0,0.0,44.61419347,0.0,0.0,0.0,0.0,0.0,44.24981574411391,0.0,0.0,0.0,0.0,0.0,44.24981574411392,0.0,0.0,0.0,0.0,0.0,44.25334422,0.0,0.0,0.0,0.0,0.0,44.25334422,0.0,0.0,0.0,0.0,0.0,44.61419347,0.0,0.0,0.0,0.0,0.0,44.61419347,0.0,0.0,0.0,0.0,0.0,44.25334422,0.0,0.0,0.0,0.0,0.0,44.24981574,0.0,0.0,0.0,0.0,0.0,44.24981574,0.0,0.0,0.0,0.0,0.0
diverse_rec,ml20_lambda0.25,movielens_sample20of200_lambda0.25,20,6,6,49.48837324,49.48837324,49.48837324,48.78867859,1,3.781661164,solved (0.1 s),solved (0.1 s),0,0,opt,52.80272268,0.0,0.0,0.0,0.0,0.0,53.21235275,0.0,0.0,0.0,0.0,0.0,52.64172376490043,0.0,0.0,0.0,0.0,0.0,52.64172376490043,0.0,0.0,0.0,0.0,0.0,52.80272268,0.0,0.0,0.0,0.0,0.0,52.80272268,0.0,0.0,0.0,0.0,0.0,53.21235275,0.0,0.0,0.0,0.0,0.0,53.21235275,0.0,0.0,0.0,0.0,0.0,52.80272268,0.0,0.0,0.0,0.0,0.0,52.64172376,0.0,0.0,0.0,0.0,0.0,52.64172376,0.0,0.0,0.0,0.0,0.0
diverse_rec,ml20_lambda0.25,movielens_sample20of200_lambda0.25,20,6,7,56.5978339,56.5978339,56.5978339,55.62370307,1,3.781661164,solved (0.1 s),solved (0.1 s),0,0,opt,61.28280748,0.0,0.0,0.0,0.0,0.0,61.76173122,0.0,0.0,0.0,0.0,0.0,60.92516418616707,0.0,0.0,0.0,0.0,0.0,60.92516418616707,0.0,0.0,0.0,0.0,0.0,61.28280748,0.0,0.0,0.0,0.0,0.0,61.28280748,0.0,0.0,0.0,0.0,0.0,61.76173122,0.0,0.0,0.0,0.0,0.0,61.76173122,0.0,0.0,0.0,0.0,0.0,61.28280748,0.0,0.0,0.0,0.0,0.0,60.93599577,0.0,0.0,0.0,0.0,0.0,60.92516419,0.0,0.0,0.0,0.0,0.0
diverse_rec,ml20_lambda0.25,movielens_sample20of200_lambda0.25,20,6,8,63.46357374,63.46357374,63.46357374,62.0434977,1,3.781661164,solved (0.1 s),solved (0.1 s),0,0,opt,69.76208563,0.0,0.0,0.0,0.0,0.0,70.24181602,0.0,0.0,0.0,0.0,0.0,68.56948753478662,0.0,0.0,0.0,0.0,0.0,68.56948753478663,0.0,0.0,0.0,0.0,0.0,69.76208563,0.0,0.0,0.0,0.0,0.0,69.76208563,0.0,0.0,0.0,0.0,0.0,70.24181602,0.0,0.0,0.0,0.0,0.0,70.24181602,0.0,0.0,0.0,0.0,0.0,69.76208563,0.0,0.0,0.0,0.0,0.0,68.56984743,0.0,0.0,0.0,0.0,0.0,68.56948753,0.0,0.0,0.0,0.0,0.0
diverse_rec,ml20_lambda0.25,movielens_sample20of200_lambda0.25,20,6,9,70.08821048,70.08821048,70.08821048,68.16296378,1,3.781661164,solved (0.1 s),solved (0.1 s),0,0,opt,77.84162408,0.0,0.0,0.0,0.0,0.0,78.72109417,0.0,0.0,0.0,0.0,0.0,75.67638549383977,0.0,0.0,0.0,0.0,0.0,75.67638549383977,0.0,0.0,0.0,0.0,0.0,77.84162408,0.0,0.0,0.0,0.0,0.0,77.84162408,0.0,0.0,0.0,0.0,0.0,78.72109417,0.0,0.0,0.0,0.0,0.0,78.72109417,0.0,0.0,0.0,0.0,0.0,77.84162408,0.0,0.0,0.0,0.0,0.0,75.71711585,0.0,0.0,0.0,0.0,0.0,75.67638549,0.0,0.0,0.0,0.0,0.0
diverse_rec,ml20_lambda0.25,movielens_sample20of200_lambda0.25,20,6,10,76.38623891,76.38623891,76.38623891,74.02114204,1,3.781661164,solved (0.1 s),solved (0.1 s),0,0,opt,85.89398845,0.0,0.0,0.0,0.0,0.0,86.88173831,0.0,0.0,0.0,0.0,0.0,82.07896824654556,0.0,0.0,0.0,0.0,0.0,82.07896824654556,0.0,0.0,0.0,0.0,0.0,85.89398845,0.0,0.0,0.0,0.0,0.0,85.89398845,0.0,0.0,0.0,0.0,0.0,86.88173831,0.0,0.0,0.0,0.0,0.0,86.88173831,0.0,0.0,0.0,0.0,0.0,85.89398845,0.0,0.0,0.0,0.0,0.0,82.13803159,0.0,0.0,0.0,0.0,0.0,82.07896825,0.0,0.0,0.0,0.0,0.0
diverse_rec,ml20_lambda0.25,movielens_sample20of200_lambda0.25,20,6,11,82.38746445,82.38746445,82.38746445,78.96666557,1,3.781661164,solved (0.1 s),solved (0.1 s),0,0,opt,93.57832776,0.0,0.0,0.0,0.0,0.0,94.96127676,0.0,0.0,0.0,0.0,0.0,87.62341195170855,0.0,0.0,0.0,0.0,0.0,87.62341195170852,0.0,0.0,0.0,0.0,0.0,93.57832776,0.0,0.0,0.0,0.0,0.0,93.57832776,0.0,0.0,0.0,0.0,0.0,94.96127676,0.0,0.0,0.0,0.0,0.0,94.96127676,0.0,0.0,0.0,0.0,0.0,93.57832776,0.0,0.0,0.0,0.0,0.0,87.81328598,0.0,0.0,0.0,0.0,0.0,87.62341195,0.0,0.0,0.0,0.0,0.0
diverse_rec,ml20_lambda0.25,movielens_sample20of200_lambda0.25,20,6,12,88.15608525,88.15608525,88.15608525,82.17374352,1,3.781661164,solved (0.1 s),solved (0.1 s),0,0,opt,101.0264204,0.0,0.0,0.0,0.0,0.0,103.0136411,0.0,0.0,0.0,0.0,0.0,92.11221019676682,0.0,0.0,0.0,0.0,0.0,92.11221019676682,0.0,0.0,0.0,0.0,0.0,101.0264204,0.0,0.0,0.0,0.0,0.0,101.0264204,0.0,0.0,0.0,0.0,0.0,103.0136411,0.0,0.0,0.0,0.0,0.0,103.0136411,0.0,0.0,0.0,0.0,0.0,101.0264204,0.0,0.0,0.0,0.0,0.0,92.35664932,0.0,0.0,0.0,0.0,0.0,92.1122102,0.0,0.0,0.0,0.0,0.0
diverse_rec,ml20_lambda0.25,movielens_sample20of200_lambda0.25,20,6,13,93.46945801,93.46945801,93.46945801,84.56849651,1,3.781661164,solved (0.1 s),solved (0.1 s),0,0,opt,108.3060754,0.0,0.0,0.0,0.0,0.0,110.7369724,0.0,0.0,0.0,0.0,0.0,96.4309307764945,0.0,0.0,0.0,0.0,0.0,96.4309307764945,0.0,0.0,0.0,0.0,0.0,108.3060754,0.0,0.0,0.0,0.0,0.0,108.3060754,0.0,0.0,0.0,0.0,0.0,110.7369724,0.0,0.0,0.0,0.0,0.0,110.7369724,0.0,0.0,0.0,0.0,0.0,108.3060754,0.0,0.0,0.0,0.0,0.0,96.63347218,0.0,0.0,0.0,0.0,0.0,96.43093078,0.0,0.0,0.0,0.0,0.0
diverse_rec,ml20_lambda0.25,movielens_sample20of200_lambda0.25,20,6,14,98.61539185,98.61539185,98.61539185,86.1818882,1,3.781661164,solved (0.1 s),solved (0.1 s),0,0,opt,115.4332076,0.0,0.0,0.0,0.0,0.0,118.4213117,0.0,0.0,0.0,0.0,0.0,100.61841190488107,0.0,0.0,0.0,0.0,0.0,100.61841190488107,0.0,0.0,0.0,0.0,0.0,115.4332076,0.0,0.0,0.0,0.0,0.0,115.4332076,0.0,0.0,0.0,0.0,0.0,118.4213117,0.0,0.0,0.0,0.0,0.0,118.4213117,0.0,0.0,0.0,0.0,0.0,115.4332076,0.0,0.0,0.0,0.0,0.0,100.726195,0.0,0.0,0.0,0.0,0.0,100.6184119,0.0,0.0,0.0,0.0,0.0
diverse_rec,ml20_lambda0.25,movielens_sample20of200_lambda0.25,20,6,15,103.5416769,103.5416769,103.5416769,86.96906953,1,3.781661164,solved (0.1 s),solved (0.1 s),0,0,opt,122.2465299,0.0,0.0,0.0,0.0,0.0,125.8694044,0.0,0.0,0.0,0.0,0.0,104.87085567477311,0.0,0.0,0.0,0.0,0.0,104.87085567477311,0.0,0.0,0.0,0.0,0.0,122.2465299,0.0,0.0,0.0,0.0,0.0,122.2465299,0.0,0.0,0.0,0.0,0.0,125.8694044,0.0,0.0,0.0,0.0,0.0,125.8694044,0.0,0.0,0.0,0.0,0.0,122.2465299,0.0,0.0,0.0,0.0,0.0,104.9091855,0.0,0.0,0.0,0.0,0.0,104.8708557,0.0,0.0,0.0,0.0,0.0
diverse_rec,ml20_lambda0.25,movielens_sample20of200_lambda0.25,20,6,16,108.2988488,108.2988488,108.2988488,87.8148558,1,3.781661164,solved (0.1 s),solved (0.1 s),0,0,opt,124.8372815,0.0,0.0,0.0,0.0,0.0,125.7798788,0.0,0.0,0.0,0.0,0.0,108.97571237701418,0.0,0.0,0.0,0.0,0.0,108.97571237701418,0.0,0.0,0.0,0.0,0.0,124.83728148,0.0,0.0,0.0,0.0,0.0,124.8372815,0.0,0.0,0.0,0.0,0.0,133.2580379,0.0,0.0,0.0,0.0,0.0,125.7798788,0.0,0.0,0.0,0.0,0.0,124.8372815,0.0,0.0,0.0,0.0,0.0,108.9883969,0.0,0.0,0.0,0.0,0.0,108.9757124,0.0,0.0,0.0,0.0,0.0
diverse_rec,ml20_lambda0.25,movielens_sample20of200_lambda0.25,20,6,17,112.7642309,112.7642309,112.7642309,88.56468614,1,3.781661164,solved (0.1 s),solved (0.1 s),0,0,opt,124.8372815,0.0,0.0,0.0,0.0,0.0,125.2530628,0.0,0.0,0.0,0.0,0.0,113.06805335039563,0.0,0.0,0.0,0.0,0.0,113.06805335039563,0.0,0.0,0.0,0.0,0.0,124.83728148,0.0,0.0,0.0,0.0,0.0,124.8372815,0.0,0.0,0.0,0.0,0.0,140.537693,0.0,0.0,0.0,0.0,0.0,125.2530628,0.0,0.0,0.0,0.0,0.0,124.8372815,0.0,0.0,0.0,0.0,0.0,113.0681194,0.0,0.0,0.0,0.0,0.0,113.0680534,0.0,0.0,0.0,0.0,0.0
diverse_rec,ml20_lambda0.25,movielens_sample20of200_lambda0.25,20,6,18,117.0583769,117.0583769,117.0583769,88.20578674,1,3.781661164,solved (0.1 s),solved (0.1 s),0,0,opt,124.8372815,0.0,0.0,0.0,0.0,0.0,124.9737443,0.0,0.0,0.0,0.0,0.0,117.0926909526047,0.0,0.0,0.0,0.0,0.0,117.0926909526047,0.0,0.0,0.0,0.0,0.0,124.837281478,0.0,0.0,0.0,0.0,0.0,124.8372815,0.0,0.0,0.0,0.0,0.0,147.6648252,0.0,0.0,0.0,0.0,0.0,124.9737443,0.0,0.0,0.0,0.0,0.0,124.8372815,0.0,0.0,0.0,0.0,0.0,117.092691,0.0,0.0,0.0,0.0,0.0,117.092691,0.0,0.0,0.0,0.0,0.0
diverse_rec,ml20_lambda0.25,movielens_sample20of200_lambda0.25,20,6,19,121.0556204,121.0556204,121.0556204,88.76944691,1,3.781661164,solved (0.1 s),solved (0.1 s),0,0,opt,124.8372815,0.0,0.0,0.0,0.0,0.0,124.8372815,0.0,0.0,0.0,0.0,0.0,121.05562035651549,0.0,0.0,0.0,0.0,0.0,121.05562035651549,0.0,0.0,0.0,0.0,0.0,124.837281478,0.0,0.0,0.0,0.0,0.0,124.8372815,0.0,0.0,0.0,0.0,0.0,154.6363864,0.0,0.0,0.0,0.0,0.0,124.8372815,0.0,0.0,0.0,0.0,0.0,124.8372815,0.0,0.0,0.0,0.0,0.0,121.0556204,0.0,0.0,0.0,0.0,0.0,121.0556204,0.0,0.0,0.0,0.0,0.0
diverse_rec,ml20_lambda0.25,movielens_sample20of200_lambda0.25,20,6,20,124.8372815,124.8372815,124.8372815,88.90203343,1,3.781661164,solved (0.1 s),solved (0.1 s),0,0,opt,124.8372815,0.0,0.0,0.0,0.0,0.0,124.8372815,0.0,0.0,0.0,0.0,0.0,124.83728152067019,0.0,0.0,0.0,0.0,0.0,124.83728152067019,0.0,0.0,0.0,0.0,0.0,124.837281478,0.0,0.0,0.0,0.0,0.0,124.8372815,0.0,0.0,0.0,0.0,0.0,161.4497087,0.0,0.0,0.0,0.0,0.0,124.8372815,0.0,0.0,0.0,0.0,0.0,124.8372815,0.0,0.0,0.0,0.0,0.0,124.8372815,0.0,0.0,0.0,0.0,0.0,124.8372815,0.0,0.0,0.0,0.0,0.0
diverse_rec,ml20_lambda0.25,movielens_sample20of200_lambda0.25,20,7,1,9.754139193,9.754139193,9.754139193,9.754139193,1,3.681776242,solved (0.1 s),solved (0.1 s),0,0,opt,9.754139193,0.0,0.0,0.0,0.0,0.0,9.754139193,0.0,0.0,0.0,0.0,0.0,9.75413919308804,0.0,0.0,0.0,0.0,0.0,9.75413919308804,0.0,0.0,0.0,0.0,0.0,9.754139193,0.0,0.0,0.0,0.0,0.0,9.754139193,0.0,0.0,0.0,0.0,0.0,9.754139193,0.0,0.0,0.0,0.0,0.0,9.754139193,0.0,0.0,0.0,0.0,0.0,9.754139193,0.0,0.0,0.0,0.0,0.0,9.754139193,0.0,0.0,0.0,0.0,0.0,9.754139193,0.0,0.0,0.0,0.0,0.0
diverse_rec,ml20_lambda0.25,movielens_sample20of200_lambda0.25,20,7,2,19.14028024,19.14028024,19.14028024,19.06018632,1,3.681776242,solved (0.1 s),solved (0.1 s),0,0,opt,19.22668025,0.0,0.0,0.0,0.0,0.0,19.4960793,0.0,0.0,0.0,0.0,0.0,19.471214065118986,0.0,0.0,0.0,0.0,0.0,19.471214065118986,0.0,0.0,0.0,0.0,0.0,19.22668025,0.0,0.0,0.0,0.0,0.0,19.22668025,0.0,0.0,0.0,0.0,0.0,19.4960793,0.0,0.0,0.0,0.0,0.0,19.4960793,0.0,0.0,0.0,0.0,0.0,19.22668025,0.0,0.0,0.0,0.0,0.0,19.47121407,0.0,0.0,0.0,0.0,0.0,19.47121407,0.0,0.0,0.0,0.0,0.0
diverse_rec,ml20_lambda0.25,movielens_sample20of200_lambda0.25,20,7,3,28.13039643,28.13039643,28.13039643,27.86320315,1,3.681776242,solved (0.1 s),solved (0.1 s),0,0,opt,28.66983595,0.0,0.0,0.0,0.0,0.0,28.96862035,0.0,0.0,0.0,0.0,0.0,28.90225152377949,0.0,0.0,0.0,0.0,0.0,28.902251523779487,0.0,0.0,0.0,0.0,0.0,28.66983595,0.0,0.0,0.0,0.0,0.0,28.66983595,0.0,0.0,0.0,0.0,0.0,28.96862035,0.0,0.0,0.0,0.0,0.0,28.96862035,0.0,0.0,0.0,0.0,0.0,28.66983595,0.0,0.0,0.0,0.0,0.0,28.90225152,0.0,0.0,0.0,0.0,0.0,28.90225152,0.0,0.0,0.0,0.0,0.0
diverse_rec,ml20_lambda0.25,movielens_sample20of200_lambda0.25,20,7,4,36.70969765,36.70969765,36.70969765,36.1065778,1,3.681776242,solved (0.1 s),solved (0.1 s),0,0,opt,37.81383676,0.0,0.0,0.0,0.0,0.0,38.41177606,0.0,0.0,0.0,0.0,0.0,38.15703315570517,0.0,0.0,0.0,0.0,0.0,38.15703315570517,0.0,0.0,0.0,0.0,0.0,37.81383676,0.0,0.0,0.0,0.0,0.0,37.81383676,0.0,0.0,0.0,0.0,0.0,38.41177606,0.0,0.0,0.0,0.0,0.0,38.41177606,0.0,0.0,0.0,0.0,0.0,37.81383676,0.0,0.0,0.0,0.0,0.0,38.15703316,0.0,0.0,0.0,0.0,0.0,38.15703316,0.0,0.0,0.0,0.0,0.0
diverse_rec,ml20_lambda0.25,movielens_sample20of200_lambda0.25,20,7,5,44.91981371,44.91981371,44.91981371,43.93692798,1,3.681776242,solved (0.1 s),solved (0.1 s),0,0,opt,46.86941847,0.0,0.0,0.0,0.0,0.0,47.55577686,0.0,0.0,0.0,0.0,0.0,47.08990826663022,0.0,0.0,0.0,0.0,0.0,47.08990826663022,0.0,0.0,0.0,0.0,0.0,46.86941847,0.0,0.0,0.0,0.0,0.0,46.86941847,0.0,0.0,0.0,0.0,0.0,47.55577686,0.0,0.0,0.0,0.0,0.0,47.55577686,0.0,0.0,0.0,0.0,0.0,46.86941847,0.0,0.0,0.0,0.0,0.0,47.08990827,0.0,0.0,0.0,0.0,0.0,47.08990827,0.0,0.0,0.0,0.0,0.0
diverse_rec,ml20_lambda0.25,movielens_sample20of200_lambda0.25,20,7,6,52.64200846,52.64200846,52.64200846,51.40119488,1,3.681776242,solved (0.1 s),solved (0.1 s),0,0,opt,55.6743834,0.0,0.0,0.0,0.0,0.0,56.61135858,0.0,0.0,0.0,0.0,0.0,55.65116041803978,0.0,0.0,0.0,0.0,0.0,55.65116041803978,0.0,0.0,0.0,0.0,0.0,55.6743834,0.0,0.0,0.0,0.0,0.0,55.6743834,0.0,0.0,0.0,0.0,0.0,56.61135858,0.0,0.0,0.0,0.0,0.0,56.61135858,0.0,0.0,0.0,0.0,0.0,55.6743834,0.0,0.0,0.0,0.0,0.0,55.65116042,0.0,0.0,0.0,0.0,0.0,55.65116042,0.0,0.0,0.0,0.0,0.0
diverse_rec,ml20_lambda0.25,movielens_sample20of200_lambda0.25,20,7,7,60.03018613,60.03018613,60.03018613,58.58603088,1,3.681776242,solved (0.1 s),solved (0.1 s),0,0,opt,64.4533514,0.0,0.0,0.0,0.0,0.0,65.4163235,0.0,0.0,0.0,0.0,0.0,63.907692798051784,0.0,0.0,0.0,0.0,0.0,63.90769279805178,0.0,0.0,0.0,0.0,0.0,64.4533514,0.0,0.0,0.0,0.0,0.0,64.4533514,0.0,0.0,0.0,0.0,0.0,65.4163235,0.0,0.0,0.0,0.0,0.0,65.4163235,0.0,0.0,0.0,0.0,0.0,64.4533514,0.0,0.0,0.0,0.0,0.0,63.90805027,0.0,0.0,0.0,0.0,0.0,63.9076928,0.0,0.0,0.0,0.0,0.0
diverse_rec,ml20_lambda0.25,movielens_sample20of200_lambda0.25,20,7,8,67.12019998,67.12019998,67.12019998,65.39588163,1,3.681776242,solved (0.1 s),solved (0.1 s),0,0,opt,73.00052024,0.0,0.0,0.0,0.0,0.0,74.1952915,0.0,0.0,0.0,0.0,0.0,71.9215922695294,0.0,0.0,0.0,0.0,0.0,71.9215922695294,0.0,0.0,0.0,0.0,0.0,73.00052024,0.0,0.0,0.0,0.0,0.0,73.00052024,0.0,0.0,0.0,0.0,0.0,74.1952915,0.0,0.0,0.0,0.0,0.0,74.1952915,0.0,0.0,0.0,0.0,0.0,73.00052024,0.0,0.0,0.0,0.0,0.0,71.92191673,0.0,0.0,0.0,0.0,0.0,71.92159227,0.0,0.0,0.0,0.0,0.0
diverse_rec,ml20_lambda0.25,movielens_sample20of200_lambda0.25,20,7,9,73.88655118,73.88655118,73.88655118,71.99327781,1,3.681776242,solved (0.1 s),solved (0.1 s),0,0,opt,81.49279288,0.0,0.0,0.0,0.0,0.0,82.74246035,0.0,0.0,0.0,0.0,0.0,79.79744328948414,0.0,0.0,0.0,0.0,0.0,79.79744328948414,0.0,0.0,0.0,0.0,0.0,81.49279288,0.0,0.0,0.0,0.0,0.0,81.49279288,0.0,0.0,0.0,0.0,0.0,82.74246035,0.0,0.0,0.0,0.0,0.0,82.74246035,0.0,0.0,0.0,0.0,0.0,81.49279288,0.0,0.0,0.0,0.0,0.0,79.79956154,0.0,0.0,0.0,0.0,0.0,79.79744329,0.0,0.0,0.0,0.0,0.0
diverse_rec,ml20_lambda0.25,movielens_sample20of200_lambda0.25,20,7,10,80.42074065,80.42074065,80.42074065,78.16574092,1,3.681776242,solved (0.1 s),solved (0.1 s),0,0,opt,89.94310313,0.0,0.0,0.0,0.0,0.0,91.27407493,0.0,0.0,0.0,0.0,0.0,87.038326584011,0.0,0.0,0.0,0.0,0.0,87.038326584011,0.0,0.0,0.0,0.0,0.0,89.94310313,0.0,0.0,0.0,0.0,0.0,89.94310313,0.0,0.0,0.0,0.0,0.0,91.27407493,0.0,0.0,0.0,0.0,0.0,91.27407493,0.0,0.0,0.0,0.0,0.0,89.94310313,0.0,0.0,0.0,0.0,0.0,87.09410175,0.0,0.0,0.0,0.0,0.0,87.03832658,0.0,0.0,0.0,0.0,0.0
diverse_rec,ml20_lambda0.25,movielens_sample20of200_lambda0.25,20,7,11,86.73783302,86.73783302,86.73783302,83.45034789,1,3.681776242,solved (0.1 s),solved (0.1 s),0,0,opt,98.36877639,0.0,0.0,0.0,0.0,0.0,99.76634756,0.0,0.0,0.0,0.0,0.0,93.1940105181415,0.0,0.0,0.0,0.0,0.0,93.1940105181415,0.0,0.0,0.0,0.0,0.0,98.36877639,0.0,0.0,0.0,0.0,0.0,98.36877639,0.0,0.0,0.0,0.0,0.0,99.76634756,0.0,0.0,0.0,0.0,0.0,99.76634756,0.0,0.0,0.0,0.0,0.0,98.36877639,0.0,0.0,0.0,0.0,0.0,93.40206447,0.0,0.0,0.0,0.0,0.0,93.19401052,0.0,0.0,0.0,0.0,0.0
diverse_rec,ml20_lambda0.25,movielens_sample20of200_lambda0.25,20,7,12,92.85491333,92.85491333,92.85491333,86.83946107,1,3.681776242,solved (0.1 s),solved (0.1 s),0,0,opt,106.4186969,0.0,0.0,0.0,0.0,0.0,108.2166578,0.0,0.0,0.0,0.0,0.0,97.76558688096172,0.0,0.0,0.0,0.0,0.0,97.76558688096172,0.0,0.0,0.0,0.0,0.0,106.4186969,0.0,0.0,0.0,0.0,0.0,106.4186969,0.0,0.0,0.0,0.0,0.0,108.2166578,0.0,0.0,0.0,0.0,0.0,108.2166578,0.0,0.0,0.0,0.0,0.0,106.4186969,0.0,0.0,0.0,0.0,0.0,98.09031465,0.0,0.0,0.0,0.0,0.0,97.76558688,0.0,0.0,0.0,0.0,0.0
diverse_rec,ml20_lambda0.25,movielens_sample20of200_lambda0.25,20,7,13,98.66954704,98.66954704,98.66954704,89.18709703,1,3.681776242,solved (0.1 s),solved (0.1 s),0,0,opt,114.4131456,0.0,0.0,0.0,0.0,0.0,116.6423311,0.0,0.0,0.0,0.0,0.0,102.199836243377,0.0,0.0,0.0,0.0,0.0,102.199836243377,0.0,0.0,0.0,0.0,0.0,114.4131456,0.0,0.0,0.0,0.0,0.0,114.4131456,0.0,0.0,0.0,0.0,0.0,116.6423311,0.0,0.0,0.0,0.0,0.0,116.6423311,0.0,0.0,0.0,0.0,0.0,114.4131456,0.0,0.0,0.0,0.0,0.0,102.4169901,0.0,0.0,0.0,0.0,0.0,102.1998362,0.0,0.0,0.0,0.0,0.0
diverse_rec,ml20_lambda0.25,movielens_sample20of200_lambda0.25,20,7,14,104.2750643,104.2750643,104.2750643,90.69050232,1,3.681776242,solved (0.1 s),solved (0.1 s),0,0,opt,122.1406031,0.0,0.0,0.0,0.0,0.0,124.9163128,0.0,0.0,0.0,0.0,0.0,106.43444804455355,0.0,0.0,0.0,0.0,0.0,106.43444804455353,0.0,0.0,0.0,0.0,0.0,122.1406031,0.0,0.0,0.0,0.0,0.0,122.1406031,0.0,0.0,0.0,0.0,0.0,124.9163128,0.0,0.0,0.0,0.0,0.0,124.9163128,0.0,0.0,0.0,0.0,0.0,122.1406031,0.0,0.0,0.0,0.0,0.0,106.541134,0.0,0.0,0.0,0.0,0.0,106.434448,0.0,0.0,0.0,0.0,0.0
diverse_rec,ml20_lambda0.25,movielens_sample20of200_lambda0.25,20,7,15,109.4999524,109.4999524,109.4999524,92.01178059,1,3.681776242,solved (0.1 s),solved (0.1 s),0,0,opt,128.7541556,0.0,0.0,0.0,0.0,0.0,132.9662333,0.0,0.0,0.0,0.0,0.0,110.71475258129185,0.0,0.0,0.0,0.0,0.0,110.71475258129185,0.0,0.0,0.0,0.0,0.0,128.7541556,0.0,0.0,0.0,0.0,0.0,128.7541556,0.0,0.0,0.0,0.0,0.0,132.9662333,0.0,0.0,0.0,0.0,0.0,132.9662333,0.0,0.0,0.0,0.0,0.0,128.7541556,0.0,0.0,0.0,0.0,0.0,110.7549844,0.0,0.0,0.0,0.0,0.0,110.7147526,0.0,0.0,0.0,0.0,0.0
diverse_rec,ml20_lambda0.25,movielens_sample20of200_lambda0.25,20,7,16,114.5497057,114.5497057,114.5497057,93.06564548,1,3.681776242,solved (0.1 s),solved (0.1 s),0,0,opt,131.6643012,0.0,0.0,0.0,0.0,0.0,132.4830369,0.0,0.0,0.0,0.0,0.0,115.02571875297755,0.0,0.0,0.0,0.0,0.0,115.02571875297755,0.0,0.0,0.0,0.0,0.0,131.66430119,0.0,0.0,0.0,0.0,0.0,131.6643012,0.0,0.0,0.0,0.0,0.0,140.960682,0.0,0.0,0.0,0.0,0.0,132.4830369,0.0,0.0,0.0,0.0,0.0,131.6643012,0.0,0.0,0.0,0.0,0.0,115.0335833,0.0,0.0,0.0,0.0,0.0,115.0257188,0.0,0.0,0.0,0.0,0.0
diverse_rec,ml20_lambda0.25,movielens_sample20of200_lambda0.25,20,7,17,119.2583116,119.2583116,119.2583116,93.01067702,1,3.681776242,solved (0.1 s),solved (0.1 s),0,0,opt,131.6643012,0.0,0.0,0.0,0.0,0.0,132.0131598,0.0,0.0,0.0,0.0,0.0,119.45297707590655,0.0,0.0,0.0,0.0,0.0,119.45297707590655,0.0,0.0,0.0,0.0,0.0,131.66430119,0.0,0.0,0.0,0.0,0.0,131.6643012,0.0,0.0,0.0,0.0,0.0,148.7700405,0.0,0.0,0.0,0.0,0.0,132.0131598,0.0,0.0,0.0,0.0,0.0,131.6643012,0.0,0.0,0.0,0.0,0.0,119.4529771,0.0,0.0,0.0,0.0,0.0,119.4529771,0.0,0.0,0.0,0.0,0.0
diverse_rec,ml20_lambda0.25,movielens_sample20of200_lambda0.25,20,7,18,123.7807326,123.7807326,123.7807326,93.64199667,1,3.681776242,solved (0.1 s),solved (0.1 s),0,0,opt,131.6643012,0.0,0.0,0.0,0.0,0.0,131.770418,0.0,0.0,0.0,0.0,0.0,123.78073264438991,0.0,0.0,0.0,0.0,0.0,123.78073264438993,0.0,0.0,0.0,0.0,0.0,131.664301175,0.0,0.0,0.0,0.0,0.0,131.6643012,0.0,0.0,0.0,0.0,0.0,156.497498,0.0,0.0,0.0,0.0,0.0,131.770418,0.0,0.0,0.0,0.0,0.0,131.6643012,0.0,0.0,0.0,0.0,0.0,123.7807326,0.0,0.0,0.0,0.0,0.0,123.7807326,0.0,0.0,0.0,0.0,0.0
diverse_rec,ml20_lambda0.25,movielens_sample20of200_lambda0.25,20,7,19,127.982525,127.982525,127.982525,93.6173378,1,3.681776242,solved (0.1 s),solved (0.1 s),0,0,opt,131.6643012,0.0,0.0,0.0,0.0,0.0,131.6643012,0.0,0.0,0.0,0.0,0.0,127.98252497677868,0.0,0.0,0.0,0.0,0.0,127.98252497677869,0.0,0.0,0.0,0.0,0.0,131.664301175,0.0,0.0,0.0,0.0,0.0,131.6643012,0.0,0.0,0.0,0.0,0.0,163.9388491,0.0,0.0,0.0,0.0,0.0,131.6643012,0.0,0.0,0.0,0.0,0.0,131.6643012,0.0,0.0,0.0,0.0,0.0,127.982525,0.0,0.0,0.0,0.0,0.0,127.982525,0.0,0.0,0.0,0.0,0.0
diverse_rec,ml20_lambda0.25,movielens_sample20of200_lambda0.25,20,7,20,131.6643012,131.6643012,131.6643012,93.70464403,1,3.681776242,solved (0.1 s),solved (0.1 s),0,0,opt,131.6643012,0.0,0.0,0.0,0.0,0.0,131.6643012,0.0,0.0,0.0,0.0,0.0,131.66430121892148,0.0,0.0,0.0,0.0,0.0,131.66430121892154,0.0,0.0,0.0,0.0,0.0,131.664301175,0.0,0.0,0.0,0.0,0.0,131.6643012,0.0,0.0,0.0,0.0,0.0,170.5524016,0.0,0.0,0.0,0.0,0.0,131.6643012,0.0,0.0,0.0,0.0,0.0,131.6643012,0.0,0.0,0.0,0.0,0.0,131.6643012,0.0,0.0,0.0,0.0,0.0,131.6643012,0.0,0.0,0.0,0.0,0.0
diverse_rec,ml20_lambda0.25,movielens_sample20of200_lambda0.25,20,8,1,10.60102075,10.60102075,10.60102075,10.60102075,1,3.465647475,solved (0.1 s),solved (0.1 s),0,0,opt,10.60102075,0.0,0.0,0.0,0.0,0.0,10.60102075,0.0,0.0,0.0,0.0,0.0,10.601020752263974,0.0,0.0,0.0,0.0,0.0,10.601020752263974,0.0,0.0,0.0,0.0,0.0,10.60102075,0.0,0.0,0.0,0.0,0.0,10.60102075,0.0,0.0,0.0,0.0,0.0,10.60102075,0.0,0.0,0.0,0.0,0.0,10.60102075,0.0,0.0,0.0,0.0,0.0,10.60102075,0.0,0.0,0.0,0.0,0.0,10.60102075,0.0,0.0,0.0,0.0,0.0,10.60102075,0.0,0.0,0.0,0.0,0.0
diverse_rec,ml20_lambda0.25,movielens_sample20of200_lambda0.25,20,8,2,20.70454094,20.70454094,20.70454094,20.58845967,1,3.465647475,solved (0.1 s),solved (0.1 s),0,0,opt,20.85685321,0.0,0.0,0.0,0.0,0.0,21.05041109,0.0,0.0,0.0,0.0,0.0,21.023463189171498,0.0,0.0,0.0,0.0,0.0,21.0234631891715,0.0,0.0,0.0,0.0,0.0,20.85685321,0.0,0.0,0.0,0.0,0.0,20.85685321,0.0,0.0,0.0,0.0,0.0,21.05041109,0.0,0.0,0.0,0.0,0.0,21.05041109,0.0,0.0,0.0,0.0,0.0,20.85685321,0.0,0.0,0.0,0.0,0.0,21.02346319,0.0,0.0,0.0,0.0,0.0,21.02346319,0.0,0.0,0.0,0.0,0.0
diverse_rec,ml20_lambda0.25,movielens_sample20of200_lambda0.25,20,8,3,30.33954696,30.33954696,30.33954696,29.79110489,1,3.465647475,solved (0.1 s),solved (0.1 s),0,0,opt,30.72152748,0.0,0.0,0.0,0.0,0.0,31.30624355,0.0,0.0,0.0,0.0,0.0,31.14310958855359,0.0,0.0,0.0,0.0,0.0,31.143109588553592,0.0,0.0,0.0,0.0,0.0,30.72152748,0.0,0.0,0.0,0.0,0.0,30.72152748,0.0,0.0,0.0,0.0,0.0,31.30624355,0.0,0.0,0.0,0.0,0.0,31.30624355,0.0,0.0,0.0,0.0,0.0,30.72152748,0.0,0.0,0.0,0.0,0.0,31.14310959,0.0,0.0,0.0,0.0,0.0,31.14310959,0.0,0.0,0.0,0.0,0.0
diverse_rec,ml20_lambda0.25,movielens_sample20of200_lambda0.25,20,8,4,39.23151683,39.23151683,39.23151683,38.52294688,1,3.465647475,solved (0.1 s),solved (0.1 s),0,0,opt,40.44989074,0.0,0.0,0.0,0.0,0.0,41.17091782,0.0,0.0,0.0,0.0,0.0,40.80082266685904,0.0,0.0,0.0,0.0,0.0,40.80082266685905,0.0,0.0,0.0,0.0,0.0,40.44989074,0.0,0.0,0.0,0.0,0.0,40.44989074,0.0,0.0,0.0,0.0,0.0,41.17091782,0.0,0.0,0.0,0.0,0.0,41.17091782,0.0,0.0,0.0,0.0,0.0,40.44989074,0.0,0.0,0.0,0.0,0.0,40.80082267,0.0,0.0,0.0,0.0,0.0,40.80082267,0.0,0.0,0.0,0.0,0.0
diverse_rec,ml20_lambda0.25,movielens_sample20of200_lambda0.25,20,8,5,47.78546027,47.78546027,47.78546027,46.81112517,1,3.465647475,solved (0.1 s),solved (0.1 s),0,0,opt,50.03115629,0.0,0.0,0.0,0.0,0.0,50.89928108,0.0,0.0,0.0,0.0,0.0,50.221291883666616,0.0,0.0,0.0,0.0,0.0,50.22129188366661,0.0,0.0,0.0,0.0,0.0,50.03115629,0.0,0.0,0.0,0.0,0.0,50.03115629,0.0,0.0,0.0,0.0,0.0,50.89928108,0.0,0.0,0.0,0.0,0.0,50.89928108,0.0,0.0,0.0,0.0,0.0,50.03115629,0.0,0.0,0.0,0.0,0.0,50.22129188,0.0,0.0,0.0,0.0,0.0,50.22129188,0.0,0.0,0.0,0.0,0.0
diverse_rec,ml20_lambda0.25,movielens_sample20of200_lambda0.25,20,8,6,55.92571537,55.92571537,55.92571537,54.72841253,1,3.465647475,solved (0.1 s),solved (0.1 s),0,0,opt,59.48007283,0.0,0.0,0.0,0.0,0.0,60.48054663,0.0,0.0,0.0,0.0,0.0,59.38945218199845,0.0,0.0,0.0,0.0,0.0,59.38945218199846,0.0,0.0,0.0,0.0,0.0,59.48007283,0.0,0.0,0.0,0.0,0.0,59.48007283,0.0,0.0,0.0,0.0,0.0,60.48054663,0.0,0.0,0.0,0.0,0.0,60.48054663,0.0,0.0,0.0,0.0,0.0,59.48007283,0.0,0.0,0.0,0.0,0.0,59.38945218,0.0,0.0,0.0,0.0,0.0,59.38945218,0.0,0.0,0.0,0.0,0.0
diverse_rec,ml20_lambda0.25,movielens_sample20of200_lambda0.25,20,8,7,63.80263802,63.80263802,63.80263802,62.20368132,1,3.465647475,solved (0.1 s),solved (0.1 s),0,0,opt,68.92788209,0.0,0.0,0.0,0.0,0.0,69.92946317,0.0,0.0,0.0,0.0,0.0,68.30260588480778,0.0,0.0,0.0,0.0,0.0,68.30260588480776,0.0,0.0,0.0,0.0,0.0,68.92788209,0.0,0.0,0.0,0.0,0.0,68.92788209,0.0,0.0,0.0,0.0,0.0,69.92946317,0.0,0.0,0.0,0.0,0.0,69.92946317,0.0,0.0,0.0,0.0,0.0,68.92788209,0.0,0.0,0.0,0.0,0.0,68.30869951,0.0,0.0,0.0,0.0,0.0,68.30260588,0.0,0.0,0.0,0.0,0.0
diverse_rec,ml20_lambda0.25,movielens_sample20of200_lambda0.25,20,8,8,71.32319598,71.32319598,71.32319598,69.1278139,1,3.465647475,solved (0.1 s),solved (0.1 s),0,0,opt,78.20911619,0.0,0.0,0.0,0.0,0.0,79.37727243,0.0,0.0,0.0,0.0,0.0,76.6081408277212,0.0,0.0,0.0,0.0,0.0,76.6081408277212,0.0,0.0,0.0,0.0,0.0,78.20911619,0.0,0.0,0.0,0.0,0.0,78.20911619,0.0,0.0,0.0,0.0,0.0,79.37727243,0.0,0.0,0.0,0.0,0.0,79.37727243,0.0,0.0,0.0,0.0,0.0,78.20911619,0.0,0.0,0.0,0.0,0.0,76.64500076,0.0,0.0,0.0,0.0,0.0,76.60814083,0.0,0.0,0.0,0.0,0.0
diverse_rec,ml20_lambda0.25,movielens_sample20of200_lambda0.25,20,8,9,78.49117362,78.49117362,78.49117362,75.52315342,1,3.465647475,solved (0.1 s),solved (0.1 s),0,0,opt,87.24828196,0.0,0.0,0.0,0.0,0.0,88.65850653,0.0,0.0,0.0,0.0,0.0,83.90240735472807,0.0,0.0,0.0,0.0,0.0,83.90240735472807,0.0,0.0,0.0,0.0,0.0,87.24828196,0.0,0.0,0.0,0.0,0.0,87.24828196,0.0,0.0,0.0,0.0,0.0,88.65850653,0.0,0.0,0.0,0.0,0.0,88.65850653,0.0,0.0,0.0,0.0,0.0,87.24828196,0.0,0.0,0.0,0.0,0.0,83.93493815,0.0,0.0,0.0,0.0,0.0,83.90240735,0.0,0.0,0.0,0.0,0.0
diverse_rec,ml20_lambda0.25,movielens_sample20of200_lambda0.25,20,8,10,85.34735101,85.34735101,85.34735101,81.54310341,1,3.465647475,solved (0.1 s),solved (0.1 s),0,0,opt,95.90739664,0.0,0.0,0.0,0.0,0.0,97.72609614,0.0,0.0,0.0,0.0,0.0,89.9584102942517,0.0,0.0,0.0,0.0,0.0,89.95841029425172,0.0,0.0,0.0,0.0,0.0,95.90739664,0.0,0.0,0.0,0.0,0.0,95.90739664,0.0,0.0,0.0,0.0,0.0,97.72609614,0.0,0.0,0.0,0.0,0.0,97.72609614,0.0,0.0,0.0,0.0,0.0,95.90739664,0.0,0.0,0.0,0.0,0.0,90.15900115,0.0,0.0,0.0,0.0,0.0,89.95841029,0.0,0.0,0.0,0.0,0.0
diverse_rec,ml20_lambda0.25,movielens_sample20of200_lambda0.25,20,8,11,91.69141764,91.69141764,91.69141764,86.33680145,1,3.465647475,solved (0.1 s),solved (0.1 s),0,0,opt,104.2590984,0.0,0.0,0.0,0.0,0.0,106.7652619,0.0,0.0,0.0,0.0,0.0,95.05741982736014,0.0,0.0,0.0,0.0,0.0,95.05741982736014,0.0,0.0,0.0,0.0,0.0,104.2590984,0.0,0.0,0.0,0.0,0.0,104.2590984,0.0,0.0,0.0,0.0,0.0,106.7652619,0.0,0.0,0.0,0.0,0.0,106.7652619,0.0,0.0,0.0,0.0,0.0,104.2590984,0.0,0.0,0.0,0.0,0.0,95.18997294,0.0,0.0,0.0,0.0,0.0,95.05741983,0.0,0.0,0.0,0.0,0.0
diverse_rec,ml20_lambda0.25,movielens_sample20of200_lambda0.25,20,8,12,97.77558943,97.77558943,97.77558943,89.58313622,1,3.465647475,solved (0.1 s),solved (0.1 s),0,0,opt,112.3197917,0.0,0.0,0.0,0.0,0.0,115.4243766,0.0,0.0,0.0,0.0,0.0,99.99292034718391,0.0,0.0,0.0,0.0,0.0,99.99292034718391,0.0,0.0,0.0,0.0,0.0,112.3197917,0.0,0.0,0.0,0.0,0.0,112.3197917,0.0,0.0,0.0,0.0,0.0,115.4243766,0.0,0.0,0.0,0.0,0.0,115.4243766,0.0,0.0,0.0,0.0,0.0,112.3197917,0.0,0.0,0.0,0.0,0.0,100.0658337,0.0,0.0,0.0,0.0,0.0,99.99292035,0.0,0.0,0.0,0.0,0.0
diverse_rec,ml20_lambda0.25,movielens_sample20of200_lambda0.25,20,8,13,103.5887026,103.5887026,103.5887026,91.81783252,1,3.465647475,solved (0.1 s),solved (0.1 s),0,0,opt,119.4791676,0.0,0.0,0.0,0.0,0.0,123.8358013,0.0,0.0,0.0,0.0,0.0,104.8234440762499,0.0,0.0,0.0,0.0,0.0,104.8234440762499,0.0,0.0,0.0,0.0,0.0,119.4791676,0.0,0.0,0.0,0.0,0.0,119.4791676,0.0,0.0,0.0,0.0,0.0,123.8358013,0.0,0.0,0.0,0.0,0.0,123.8358013,0.0,0.0,0.0,0.0,0.0,119.4791676,0.0,0.0,0.0,0.0,0.0,104.8488877,0.0,0.0,0.0,0.0,0.0,104.8234441,0.0,0.0,0.0,0.0,0.0
diverse_rec,ml20_lambda0.25,movielens_sample20of200_lambda0.25,20,8,14,109.0778955,109.0778955,109.0778955,93.12615525,1,3.465647475,solved (0.1 s),solved (0.1 s),0,0,opt,126.5538463,0.0,0.0,0.0,0.0,0.0,132.187503,0.0,0.0,0.0,0.0,0.0,109.63673916849734,0.0,0.0,0.0,0.0,0.0,109.63673916849736,0.0,0.0,0.0,0.0,0.0,126.5538463,0.0,0.0,0.0,0.0,0.0,126.5538463,0.0,0.0,0.0,0.0,0.0,132.187503,0.0,0.0,0.0,0.0,0.0,132.187503,0.0,0.0,0.0,0.0,0.0,126.5538463,0.0,0.0,0.0,0.0,0.0,109.6391913,0.0,0.0,0.0,0.0,0.0,109.6367392,0.0,0.0,0.0,0.0,0.0
diverse_rec,ml20_lambda0.25,movielens_sample20of200_lambda0.25,20,8,15,114.1826703,114.1826703,114.1826703,94.06349268,1,3.465647475,solved (0.1 s),solved (0.1 s),0,0,opt,132.7351412,0.0,0.0,0.0,0.0,0.0,136.1693726,0.0,0.0,0.0,0.0,0.0,114.40361274518801,0.0,0.0,0.0,0.0,0.0,114.40361274518801,0.0,0.0,0.0,0.0,0.0,132.7351412,0.0,0.0,0.0,0.0,0.0,132.7351412,0.0,0.0,0.0,0.0,0.0,140.2481964,0.0,0.0,0.0,0.0,0.0,136.1693726,0.0,0.0,0.0,0.0,0.0,132.7351412,0.0,0.0,0.0,0.0,0.0,114.4036127,0.0,0.0,0.0,0.0,0.0,114.4036127,0.0,0.0,0.0,0.0,0.0
diverse_rec,ml20_lambda0.25,movielens_sample20of200_lambda0.25,20,8,16,118.9505896,118.9505896,118.9505896,94.82795004,1,3.465647475,solved (0.1 s),solved (0.1 s),0,0,opt,134.7022085,0.0,0.0,0.0,0.0,0.0,135.4951707,0.0,0.0,0.0,0.0,0.0,118.9595639201345,0.0,0.0,0.0,0.0,0.0,118.9595639201345,0.0,0.0,0.0,0.0,0.0,134.70220846,0.0,0.0,0.0,0.0,0.0,134.7022085,0.0,0.0,0.0,0.0,0.0,147.6856312,0.0,0.0,0.0,0.0,0.0,135.4951707,0.0,0.0,0.0,0.0,0.0,134.7022085,0.0,0.0,0.0,0.0,0.0,118.9595639,0.0,0.0,0.0,0.0,0.0,118.9595639,0.0,0.0,0.0,0.0,0.0
diverse_rec,ml20_lambda0.25,movielens_sample20of200_lambda0.25,20,8,17,123.3306449,123.3306449,123.3306449,95.62881057,1,3.465647475,solved (0.1 s),solved (0.1 s),0,0,opt,134.7022085,0.0,0.0,0.0,0.0,0.0,135.0698033,0.0,0.0,0.0,0.0,0.0,123.3726693199275,0.0,0.0,0.0,0.0,0.0,123.3726693199275,0.0,0.0,0.0,0.0,0.0,134.70220846,0.0,0.0,0.0,0.0,0.0,134.7022085,0.0,0.0,0.0,0.0,0.0,154.8450071,0.0,0.0,0.0,0.0,0.0,135.0698033,0.0,0.0,0.0,0.0,0.0,134.7022085,0.0,0.0,0.0,0.0,0.0,123.3726693,0.0,0.0,0.0,0.0,0.0,123.3726693,0.0,0.0,0.0,0.0,0.0
diverse_rec,ml20_lambda0.25,movielens_sample20of200_lambda0.25,20,8,18,127.4747226,127.4747226,127.4747226,95.85522522,1,3.465647475,solved (0.1 s),solved (0.1 s),0,0,opt,134.7022085,0.0,0.0,0.0,0.0,0.0,134.8380649,0.0,0.0,0.0,0.0,0.0,127.47472263596178,0.0,0.0,0.0,0.0,0.0,127.47472263596178,0.0,0.0,0.0,0.0,0.0,134.70220846,0.0,0.0,0.0,0.0,0.0,134.7022085,0.0,0.0,0.0,0.0,0.0,161.9196858,0.0,0.0,0.0,0.0,0.0,134.8380649,0.0,0.0,0.0,0.0,0.0,134.7022085,0.0,0.0,0.0,0.0,0.0,127.4747226,0.0,0.0,0.0,0.0,0.0,127.4747226,0.0,0.0,0.0,0.0,0.0
diverse_rec,ml20_lambda0.25,movielens_sample20of200_lambda0.25,20,8,19,131.236561,131.236561,131.236561,95.85433353,1,3.465647475,solved (0.1 s),solved (0.1 s),0,0,opt,134.7022085,0.0,0.0,0.0,0.0,0.0,134.7022085,0.0,0.0,0.0,0.0,0.0,131.2365610350473,0.0,0.0,0.0,0.0,0.0,131.2365610350473,0.0,0.0,0.0,0.0,0.0,134.70220846,0.0,0.0,0.0,0.0,0.0,134.7022085,0.0,0.0,0.0,0.0,0.0,168.4216497,0.0,0.0,0.0,0.0,0.0,134.7022085,0.0,0.0,0.0,0.0,0.0,134.7022085,0.0,0.0,0.0,0.0,0.0,131.236561,0.0,0.0,0.0,0.0,0.0,131.236561,0.0,0.0,0.0,0.0,0.0
diverse_rec,ml20_lambda0.25,movielens_sample20of200_lambda0.25,20,8,20,134.7022085,134.7022085,134.7022085,96.31691393,1,3.465647475,solved (0.1 s),solved (0.1 s),0,0,opt,134.7022085,0.0,0.0,0.0,0.0,0.0,134.7022085,0.0,0.0,0.0,0.0,0.0,134.7022085105161,0.0,0.0,0.0,0.0,0.0,134.702208510516,0.0,0.0,0.0,0.0,0.0,134.70220846,0.0,0.0,0.0,0.0,0.0,134.7022085,0.0,0.0,0.0,0.0,0.0,174.6029447,0.0,0.0,0.0,0.0,0.0,134.7022085,0.0,0.0,0.0,0.0,0.0,134.7022085,0.0,0.0,0.0,0.0,0.0,134.7022085,0.0,0.0,0.0,0.0,0.0,134.7022085,0.0,0.0,0.0,0.0,0.0
diverse_rec,ml20_lambda0.25,movielens_sample20of200_lambda0.25,20,9,1,9.894608638,9.894608638,9.894608638,9.894608638,1,3.800770402,solved (0.1 s),solved (0.1 s),0,0,opt,9.894608638,0.0,0.0,0.0,0.0,0.0,9.894608638,0.0,0.0,0.0,0.0,0.0,9.894608637682438,0.0,0.0,0.0,0.0,0.0,9.894608637682438,0.0,0.0,0.0,0.0,0.0,9.894608638,0.0,0.0,0.0,0.0,0.0,9.894608638,0.0,0.0,0.0,0.0,0.0,9.894608638,0.0,0.0,0.0,0.0,0.0,9.894608638,0.0,0.0,0.0,0.0,0.0,9.894608638,0.0,0.0,0.0,0.0,0.0,9.894608638,0.0,0.0,0.0,0.0,0.0,9.894608638,0.0,0.0,0.0,0.0,0.0
diverse_rec,ml20_lambda0.25,movielens_sample20of200_lambda0.25,20,9,2,18.82449994,18.82449994,18.82449994,18.66889255,1,3.800770402,solved (0.1 s),solved (0.1 s),0,0,opt,19.08562432,0.0,0.0,0.0,0.0,0.0,19.16643232,0.0,0.0,0.0,0.0,0.0,19.109353706767195,0.0,0.0,0.0,0.0,0.0,19.10935370676719,0.0,0.0,0.0,0.0,0.0,19.08562432,0.0,0.0,0.0,0.0,0.0,19.08562432,0.0,0.0,0.0,0.0,0.0,19.16643232,0.0,0.0,0.0,0.0,0.0,19.16643232,0.0,0.0,0.0,0.0,0.0,19.08562432,0.0,0.0,0.0,0.0,0.0,19.10935371,0.0,0.0,0.0,0.0,0.0,19.10935371,0.0,0.0,0.0,0.0,0.0
diverse_rec,ml20_lambda0.25,movielens_sample20of200_lambda0.25,20,9,3,27.41637035,27.41637035,27.41637035,26.98699294,1,3.800770402,solved (0.1 s),solved (0.1 s),0,0,opt,28.05899576,0.0,0.0,0.0,0.0,0.0,28.357448,0.0,0.0,0.0,0.0,0.0,28.18304687551435,0.0,0.0,0.0,0.0,0.0,28.183046875514346,0.0,0.0,0.0,0.0,0.0,28.05899576,0.0,0.0,0.0,0.0,0.0,28.05899576,0.0,0.0,0.0,0.0,0.0,28.357448,0.0,0.0,0.0,0.0,0.0,28.357448,0.0,0.0,0.0,0.0,0.0,28.05899576,0.0,0.0,0.0,0.0,0.0,28.18304688,0.0,0.0,0.0,0.0,0.0,28.18304688,0.0,0.0,0.0,0.0,0.0
diverse_rec,ml20_lambda0.25,movielens_sample20of200_lambda0.25,20,9,4,35.48387331,35.48387331,35.48387331,34.9697396,1,3.800770402,solved (0.1 s),solved (0.1 s),0,0,opt,36.85655128,0.0,0.0,0.0,0.0,0.0,37.33081944,0.0,0.0,0.0,0.0,0.0,36.95613302630244,0.0,0.0,0.0,0.0,0.0,36.95613302630243,0.0,0.0,0.0,0.0,0.0,36.85655128,0.0,0.0,0.0,0.0,0.0,36.85655128,0.0,0.0,0.0,0.0,0.0,37.33081944,0.0,0.0,0.0,0.0,0.0,37.33081944,0.0,0.0,0.0,0.0,0.0,36.85655128,0.0,0.0,0.0,0.0,0.0,36.95613303,0.0,0.0,0.0,0.0,0.0,36.95613303,0.0,0.0,0.0,0.0,0.0
diverse_rec,ml20_lambda0.25,movielens_sample20of200_lambda0.25,20,9,5,43.32174971,43.32174971,43.32174971,42.4585526,1,3.800770402,solved (0.1 s),solved (0.1 s),0,0,opt,45.61482219,0.0,0.0,0.0,0.0,0.0,46.12837496,0.0,0.0,0.0,0.0,0.0,45.56739586551617,0.0,0.0,0.0,0.0,0.0,45.56739586551616,0.0,0.0,0.0,0.0,0.0,45.61482219,0.0,0.0,0.0,0.0,0.0,45.61482219,0.0,0.0,0.0,0.0,0.0,46.12837496,0.0,0.0,0.0,0.0,0.0,46.12837496,0.0,0.0,0.0,0.0,0.0,45.61482219,0.0,0.0,0.0,0.0,0.0,45.56739587,0.0,0.0,0.0,0.0,0.0,45.56739587,0.0,0.0,0.0,0.0,0.0
diverse_rec,ml20_lambda0.25,movielens_sample20of200_lambda0.25,20,9,6,50.78676664,50.78676664,50.78676664,49.54268332,1,3.800770402,solved (0.1 s),solved (0.1 s),0,0,opt,54.20907966,0.0,0.0,0.0,0.0,0.0,54.88664588,0.0,0.0,0.0,0.0,0.0,53.792038380673404,0.0,0.0,0.0,0.0,0.0,53.79203838067342,0.0,0.0,0.0,0.0,0.0,54.20907966,0.0,0.0,0.0,0.0,0.0,54.20907966,0.0,0.0,0.0,0.0,0.0,54.88664588,0.0,0.0,0.0,0.0,0.0,54.88664588,0.0,0.0,0.0,0.0,0.0,54.20907966,0.0,0.0,0.0,0.0,0.0,53.79203838,0.0,0.0,0.0,0.0,0.0,53.79203838,0.0,0.0,0.0,0.0,0.0
diverse_rec,ml20_lambda0.25,movielens_sample20of200_lambda0.25,20,9,7,58.02505154,58.02505154,58.02505154,56.34683723,1,3.800770402,solved (0.1 s),solved (0.1 s),0,0,opt,62.39922049,0.0,0.0,0.0,0.0,0.0,63.48090334,0.0,0.0,0.0,0.0,0.0,61.49929318449632,0.0,0.0,0.0,0.0,0.0,61.49929318449632,0.0,0.0,0.0,0.0,0.0,62.39922049,0.0,0.0,0.0,0.0,0.0,62.39922049,0.0,0.0,0.0,0.0,0.0,63.48090334,0.0,0.0,0.0,0.0,0.0,63.48090334,0.0,0.0,0.0,0.0,0.0,62.39922049,0.0,0.0,0.0,0.0,0.0,61.49929318,0.0,0.0,0.0,0.0,0.0,61.49929318,0.0,0.0,0.0,0.0,0.0
diverse_rec,ml20_lambda0.25,movielens_sample20of200_lambda0.25,20,9,8,64.75602983,64.75602983,64.75602983,62.78094455,1,3.800770402,solved (0.1 s),solved (0.1 s),0,0,opt,70.51959018,0.0,0.0,0.0,0.0,0.0,71.67104417,0.0,0.0,0.0,0.0,0.0,69.10393909510147,0.0,0.0,0.0,0.0,0.0,69.10393909510147,0.0,0.0,0.0,0.0,0.0,70.51959018,0.0,0.0,0.0,0.0,0.0,70.51959018,0.0,0.0,0.0,0.0,0.0,71.67104417,0.0,0.0,0.0,0.0,0.0,71.67104417,0.0,0.0,0.0,0.0,0.0,70.51959018,0.0,0.0,0.0,0.0,0.0,69.10589309,0.0,0.0,0.0,0.0,0.0,69.1039391,0.0,0.0,0.0,0.0,0.0
diverse_rec,ml20_lambda0.25,movielens_sample20of200_lambda0.25,20,9,9,71.20672054,71.20672054,71.20672054,68.98023318,1,3.800770402,solved (0.1 s),solved (0.1 s),0,0,opt,78.56085219,0.0,0.0,0.0,0.0,0.0,79.79141386,0.0,0.0,0.0,0.0,0.0,76.438141056132,0.0,0.0,0.0,0.0,0.0,76.438141056132,0.0,0.0,0.0,0.0,0.0,78.56085219,0.0,0.0,0.0,0.0,0.0,78.56085219,0.0,0.0,0.0,0.0,0.0,79.79141386,0.0,0.0,0.0,0.0,0.0,79.79141386,0.0,0.0,0.0,0.0,0.0,78.56085219,0.0,0.0,0.0,0.0,0.0,76.46558136,0.0,0.0,0.0,0.0,0.0,76.43814106,0.0,0.0,0.0,0.0,0.0
diverse_rec,ml20_lambda0.25,movielens_sample20of200_lambda0.25,20,9,10,77.4607258,77.4607258,77.4607258,74.82564193,1,3.800770402,solved (0.1 s),solved (0.1 s),0,0,opt,86.59381356,0.0,0.0,0.0,0.0,0.0,87.88275111,0.0,0.0,0.0,0.0,0.0,83.02704199419288,0.0,0.0,0.0,0.0,0.0,83.02704199419288,0.0,0.0,0.0,0.0,0.0,86.59381356,0.0,0.0,0.0,0.0,0.0,86.59381356,0.0,0.0,0.0,0.0,0.0,87.88275111,0.0,0.0,0.0,0.0,0.0,87.88275111,0.0,0.0,0.0,0.0,0.0,86.59381356,0.0,0.0,0.0,0.0,0.0,83.05657865,0.0,0.0,0.0,0.0,0.0,83.02704199,0.0,0.0,0.0,0.0,0.0
diverse_rec,ml20_lambda0.25,movielens_sample20of200_lambda0.25,20,9,11,83.41862897,83.41862897,83.41862897,79.9308128,1,3.800770402,solved (0.1 s),solved (0.1 s),0,0,opt,94.44146936,0.0,0.0,0.0,0.0,0.0,95.92401313,0.0,0.0,0.0,0.0,0.0,88.76234769543612,0.0,0.0,0.0,0.0,0.0,88.7623476954361,0.0,0.0,0.0,0.0,0.0,94.44146936,0.0,0.0,0.0,0.0,0.0,94.44146936,0.0,0.0,0.0,0.0,0.0,95.92401313,0.0,0.0,0.0,0.0,0.0,95.92401313,0.0,0.0,0.0,0.0,0.0,94.44146936,0.0,0.0,0.0,0.0,0.0,89.02815286,0.0,0.0,0.0,0.0,0.0,88.7623477,0.0,0.0,0.0,0.0,0.0
diverse_rec,ml20_lambda0.25,movielens_sample20of200_lambda0.25,20,9,12,89.15917067,89.15917067,89.15917067,83.23668245,1,3.800770402,solved (0.1 s),solved (0.1 s),0,0,opt,102.0851147,0.0,0.0,0.0,0.0,0.0,103.9569745,0.0,0.0,0.0,0.0,0.0,93.38224428179466,0.0,0.0,0.0,0.0,0.0,93.38224428179466,0.0,0.0,0.0,0.0,0.0,102.0851147,0.0,0.0,0.0,0.0,0.0,102.0851147,0.0,0.0,0.0,0.0,0.0,103.9569745,0.0,0.0,0.0,0.0,0.0,103.9569745,0.0,0.0,0.0,0.0,0.0,102.0851147,0.0,0.0,0.0,0.0,0.0,93.62139651,0.0,0.0,0.0,0.0,0.0,93.38224428,0.0,0.0,0.0,0.0,0.0
diverse_rec,ml20_lambda0.25,movielens_sample20of200_lambda0.25,20,9,13,94.62771327,94.62771327,94.62771327,85.34850721,1,3.800770402,solved (0.1 s),solved (0.1 s),0,0,opt,109.7021136,0.0,0.0,0.0,0.0,0.0,111.8046303,0.0,0.0,0.0,0.0,0.0,97.72252069794791,0.0,0.0,0.0,0.0,0.0,97.7225206979479,0.0,0.0,0.0,0.0,0.0,109.7021136,0.0,0.0,0.0,0.0,0.0,109.7021136,0.0,0.0,0.0,0.0,0.0,111.8046303,0.0,0.0,0.0,0.0,0.0,111.8046303,0.0,0.0,0.0,0.0,0.0,109.7021136,0.0,0.0,0.0,0.0,0.0,97.86840216,0.0,0.0,0.0,0.0,0.0,97.7225207,0.0,0.0,0.0,0.0,0.0
diverse_rec,ml20_lambda0.25,movielens_sample20of200_lambda0.25,20,9,14,99.84790288,99.84790288,99.84790288,86.91392113,1,3.800770402,solved (0.1 s),solved (0.1 s),0,0,opt,116.9411261,0.0,0.0,0.0,0.0,0.0,119.4667318,0.0,0.0,0.0,0.0,0.0,101.99131314250515,0.0,0.0,0.0,0.0,0.0,101.99131314250515,0.0,0.0,0.0,0.0,0.0,116.9411261,0.0,0.0,0.0,0.0,0.0,116.9411261,0.0,0.0,0.0,0.0,0.0,119.4667318,0.0,0.0,0.0,0.0,0.0,119.4667318,0.0,0.0,0.0,0.0,0.0,116.9411261,0.0,0.0,0.0,0.0,0.0,102.0668009,0.0,0.0,0.0,0.0,0.0,101.9913131,0.0,0.0,0.0,0.0,0.0
diverse_rec,ml20_lambda0.25,movielens_sample20of200_lambda0.25,20,9,15,104.8453708,104.8453708,104.8453708,87.88619865,1,3.800770402,solved (0.1 s),solved (0.1 s),0,0,opt,123.7926669,0.0,0.0,0.0,0.0,0.0,127.1103771,0.0,0.0,0.0,0.0,0.0,106.03913473534777,0.0,0.0,0.0,0.0,0.0,106.03913473534777,0.0,0.0,0.0,0.0,0.0,123.7926669,0.0,0.0,0.0,0.0,0.0,123.7926669,0.0,0.0,0.0,0.0,0.0,127.1103771,0.0,0.0,0.0,0.0,0.0,127.1103771,0.0,0.0,0.0,0.0,0.0,123.7926669,0.0,0.0,0.0,0.0,0.0,106.0679222,0.0,0.0,0.0,0.0,0.0,106.0391347,0.0,0.0,0.0,0.0,0.0
diverse_rec,ml20_lambda0.25,movielens_sample20of200_lambda0.25,20,9,16,109.7021136,109.7021136,109.7021136,88.59493286,1,3.800770402,solved (0.1 s),solved (0.1 s),0,0,opt,126.2368466,0.0,0.0,0.0,0.0,0.0,126.979877,0.0,0.0,0.0,0.0,0.0,110.17883042355332,0.0,0.0,0.0,0.0,0.0,110.17883042355332,0.0,0.0,0.0,0.0,0.0,126.236846538,0.0,0.0,0.0,0.0,0.0,126.2368466,0.0,0.0,0.0,0.0,0.0,134.7323904,0.0,0.0,0.0,0.0,0.0,126.979877,0.0,0.0,0.0,0.0,0.0,126.2368466,0.0,0.0,0.0,0.0,0.0,110.1837447,0.0,0.0,0.0,0.0,0.0,110.1788304,0.0,0.0,0.0,0.0,0.0
diverse_rec,ml20_lambda0.25,movielens_sample20of200_lambda0.25,20,9,17,114.2445383,114.2445383,114.2445383,89.27902616,1,3.800770402,solved (0.1 s),solved (0.1 s),0,0,opt,126.2368466,0.0,0.0,0.0,0.0,0.0,126.5987808,0.0,0.0,0.0,0.0,0.0,114.273211989105,0.0,0.0,0.0,0.0,0.0,114.273211989105,0.0,0.0,0.0,0.0,0.0,126.236846538,0.0,0.0,0.0,0.0,0.0,126.2368466,0.0,0.0,0.0,0.0,0.0,142.3050473,0.0,0.0,0.0,0.0,0.0,126.5987808,0.0,0.0,0.0,0.0,0.0,126.2368466,0.0,0.0,0.0,0.0,0.0,114.273212,0.0,0.0,0.0,0.0,0.0,114.273212,0.0,0.0,0.0,0.0,0.0
diverse_rec,ml20_lambda0.25,movielens_sample20of200_lambda0.25,20,9,18,118.45133,118.45133,118.45133,89.76069426,1,3.800770402,solved (0.1 s),solved (0.1 s),0,0,opt,126.2368466,0.0,0.0,0.0,0.0,0.0,126.3864953,0.0,0.0,0.0,0.0,0.0,118.45133004716108,0.0,0.0,0.0,0.0,0.0,118.45133004716108,0.0,0.0,0.0,0.0,0.0,126.236846538,0.0,0.0,0.0,0.0,0.0,126.2368466,0.0,0.0,0.0,0.0,0.0,149.5440598,0.0,0.0,0.0,0.0,0.0,126.3864953,0.0,0.0,0.0,0.0,0.0,126.2368466,0.0,0.0,0.0,0.0,0.0,118.45133,0.0,0.0,0.0,0.0,0.0,118.45133,0.0,0.0,0.0,0.0,0.0
diverse_rec,ml20_lambda0.25,movielens_sample20of200_lambda0.25,20,9,19,122.4360762,122.4360762,122.4360762,89.82602184,1,3.800770402,solved (0.1 s),solved (0.1 s),0,0,opt,126.2368466,0.0,0.0,0.0,0.0,0.0,126.2368466,0.0,0.0,0.0,0.0,0.0,122.43607618337451,0.0,0.0,0.0,0.0,0.0,122.43607618337451,0.0,0.0,0.0,0.0,0.0,126.236846538,0.0,0.0,0.0,0.0,0.0,126.2368466,0.0,0.0,0.0,0.0,0.0,156.4642546,0.0,0.0,0.0,0.0,0.0,126.2368466,0.0,0.0,0.0,0.0,0.0,126.2368466,0.0,0.0,0.0,0.0,0.0,122.4360762,0.0,0.0,0.0,0.0,0.0,122.4360762,0.0,0.0,0.0,0.0,0.0
diverse_rec,ml20_lambda0.25,movielens_sample20of200_lambda0.25,20,9,20,126.2368466,126.2368466,126.2368466,89.85364987,1,3.800770402,solved (0.1 s),solved (0.1 s),0,0,opt,126.2368466,0.0,0.0,0.0,0.0,0.0,126.2368466,0.0,0.0,0.0,0.0,0.0,126.23684658515037,0.0,0.0,0.0,0.0,0.0,126.23684658515037,0.0,0.0,0.0,0.0,0.0,126.236846538,0.0,0.0,0.0,0.0,0.0,126.2368466,0.0,0.0,0.0,0.0,0.0,163.3157954,0.0,0.0,0.0,0.0,0.0,126.2368466,0.0,0.0,0.0,0.0,0.0,126.2368466,0.0,0.0,0.0,0.0,0.0,126.2368466,0.0,0.0,0.0,0.0,0.0,126.2368466,0.0,0.0,0.0,0.0,0.0
