problem,instance,seed,k,prefix,size,f_S,penalty_S,dual_S,bound_S
diverse_rec,movielens_sample20of200_lambda0,0,1,0,0,0,0,9.519434616,9.519434616
diverse_rec,movielens_sample20of200_lambda0,0,1,1,1,9.519434616,0,9.489012236,19.00844685
diverse_rec,movielens_sample20of200_lambda0,0,2,0,0,0,0,19.00844685,19.00844685
diverse_rec,movielens_sample20of200_lambda0,0,2,1,1,9.519434616,0,17.94083348,27.4602681
diverse_rec,movielens_sample20of200_lambda0,0,2,2,2,19.00844685,0,16.80362923,35.81207609
diverse_rec,movielens_sample20of200_lambda0,0,3,0,0,0,0,27.4602681,27.4602681
diverse_rec,movielens_sample20of200_lambda0,0,3,1,1,9.519434616,0,26.29264147,35.81207609
diverse_rec,movielens_sample20of200_lambda0,0,3,2,2,19.00844685,0,25.15414865,44.1625955
diverse_rec,movielens_sample20of200_lambda0,0,3,3,3,27.4602681,0,25.01960562,52.47987372
diverse_rec,movielens_sample20of200_lambda0,0,4,0,0,0,0,35.81207609,35.81207609
diverse_rec,movielens_sample20of200_lambda0,0,4,1,1,9.519434616,0,34.64316089,44.1625955
diverse_rec,movielens_sample20of200_lambda0,0,4,2,2,19.00844685,0,33.47142686,52.47987372
diverse_rec,movielens_sample20of200_lambda0,0,4,3,3,27.4602681,0,33.28517606,60.74544415
diverse_rec,movielens_sample20of200_lambda0,0,4,4,4,35.81207609,0,33.18813178,69.00020786
diverse_rec,movielens_sample20of200_lambda0,0,5,0,0,0,0,44.1625955,44.1625955
diverse_rec,movielens_sample20of200_lambda0,0,5,1,1,9.519434616,0,42.9604391,52.47987372
diverse_rec,movielens_sample20of200_lambda0,0,5,2,2,19.00844685,0,41.7369973,60.74544415
diverse_rec,movielens_sample20of200_lambda0,0,5,3,3,27.4602681,0,41.53993977,69.00020786
diverse_rec,movielens_sample20of200_lambda0,0,5,4,4,35.81207609,0,41.40964983,77.22172592
diverse_rec,movielens_sample20of200_lambda0,0,5,5,5,44.1625955,0,41.0612908,85.2238863
diverse_rec,movielens_sample20of200_lambda0,0,6,0,0,0,0,52.47987372,52.47987372
diverse_rec,movielens_sample20of200_lambda0,0,6,1,1,9.519434616,0,51.22600954,60.74544415
diverse_rec,movielens_sample20of200_lambda0,0,6,2,2,19.00844685,0,49.99176101,69.00020786
diverse_rec,movielens_sample20of200_lambda0,0,6,3,3,27.4602681,0,49.76145782,77.22172592
diverse_rec,movielens_sample20of200_lambda0,0,6,4,4,35.81207609,0,49.41181021,85.2238863
diverse_rec,movielens_sample20of200_lambda0,0,6,5,5,44.1625955,0,49.06139848,93.22399398
diverse_rec,movielens_sample20of200_lambda0,0,6,6,6,52.47987372,0,48.67724738,101.1571211
diverse_rec,movielens_sample20of200_lambda0,0,7,0,0,0,0,60.74544415,60.74544415
diverse_rec,movielens_sample20of200_lambda0,0,7,1,1,9.519434616,0,59.48077325,69.00020786
diverse_rec,movielens_sample20of200_lambda0,0,7,2,2,19.00844685,0,58.21327906,77.22172592
diverse_rec,movielens_sample20of200_lambda0,0,7,3,3,27.4602681,0,57.7636182,85.2238863
diverse_rec,movielens_sample20of200_lambda0,0,7,4,4,35.81207609,0,57.4119179,93.22399398
diverse_rec,movielens_sample20of200_lambda0,0,7,5,5,44.1625955,0,56.99452559,101.1571211
diverse_rec,movielens_sample20of200_lambda0,0,7,6,6,52.47987372,0,56.51621279,108.9960865
diverse_rec,movielens_sample20of200_lambda0,0,7,7,7,60.74544415,0,56.01625793,116.7617021
diverse_rec,movielens_sample20of200_lambda0,0,8,0,0,0,0,69.00020786,69.00020786
diverse_rec,movielens_sample20of200_lambda0,0,8,1,1,9.519434616,0,67.7022913,77.22172592
diverse_rec,movielens_sample20of200_lambda0,0,8,2,2,19.00844685,0,66.21543945,85.2238863
diverse_rec,movielens_sample20of200_lambda0,0,8,3,3,27.4602681,0,65.76372588,93.22399398
diverse_rec,movielens_sample20of200_lambda0,0,8,4,4,35.81207609,0,65.34504501,101.1571211
diverse_rec,movielens_sample20of200_lambda0,0,8,5,5,44.1625955,0,64.833491,108.9960865
diverse_rec,movielens_sample20of200_lambda0,0,8,6,6,52.47987372,0,64.28182837,116.7617021
diverse_rec,movielens_sample20of200_lambda0,0,8,7,7,60.74544415,0,63.64569913,124.3911433
diverse_rec,movielens_sample20of200_lambda0,0,8,8,8,69.00020786,0,62.94450754,131.9447154
diverse_rec,movielens_sample20of200_lambda0,0,9,0,0,0,0,77.22172592,77.22172592
diverse_rec,movielens_sample20of200_lambda0,0,9,1,1,9.519434616,0,75.70445168,85.2238863
diverse_rec,movielens_sample20of200_lambda0,0,9,2,2,19.00844685,0,74.21554713,93.22399398
diverse_rec,movielens_sample20of200_lambda0,0,9,3,3,27.4602681,0,73.696853,101.1571211
diverse_rec,movielens_sample20of200_lambda0,0,9,4,4,35.81207609,0,73.18401042,108.9960865
diverse_rec,movielens_sample20of200_lambda0,0,9,5,5,44.1625955,0,72.59910658,116.7617021
diverse_rec,movielens_sample20of200_lambda0,0,9,6,6,52.47987372,0,71.91126957,124.3911433
diverse_rec,movielens_sample20of200_lambda0,0,9,7,7,60.74544415,0,71.19927125,131.9447154
diverse_rec,movielens_sample20of200_lambda0,0,9,8,8,69.00020786,0,70.46902645,139.4692343
diverse_rec,movielens_sample20of200_lambda0,0,9,9,9,77.22172592,0,69.64670702,146.8684329
diverse_rec,movielens_sample20of200_lambda0,0,10,0,0,0,0,85.2238863,85.2238863
diverse_rec,movielens_sample20of200_lambda0,0,10,1,1,9.519434616,0,83.70455937,93.22399398
diverse_rec,movielens_sample20of200_lambda0,0,10,2,2,19.00844685,0,82.14867424,101.1571211
diverse_rec,movielens_sample20of200_lambda0,0,10,3,3,27.4602681,0,81.53581841,108.9960865
diverse_rec,movielens_sample20of200_lambda0,0,10,4,4,35.81207609,0,80.949626,116.7617021
diverse_rec,movielens_sample20of200_lambda0,0,10,5,5,44.1625955,0,80.22854779,124.3911433
diverse_rec,movielens_sample20of200_lambda0,0,10,6,6,52.47987372,0,79.46484169,131.9447154
diverse_rec,movielens_sample20of200_lambda0,0,10,7,7,60.74544415,0,78.72379016,139.4692343
diverse_rec,movielens_sample20of200_lambda0,0,10,8,8,69.00020786,0,77.86822507,146.8684329
diverse_rec,movielens_sample20of200_lambda0,0,10,9,9,77.22172592,0,76.74172547,153.9634514
diverse_rec,movielens_sample20of200_lambda0,0,10,10,10,85.2238863,0,75.55689727,160.7807836
diverse_rec,movielens_sample20of200_lambda0,0,11,0,0,0,0,93.22399398,93.22399398
diverse_rec,movielens_sample20of200_lambda0,0,11,1,1,9.519434616,0,91.63768648,101.1571211
diverse_rec,movielens_sample20of200_lambda0,0,11,2,2,19.00844685,0,89.98763965,108.9960865
diverse_rec,movielens_sample20of200_lambda0,0,11,3,3,27.4602681,0,89.30143399,116.7617021
diverse_rec,movielens_sample20of200_lambda0,0,11,4,4,35.81207609,0,88.5790672,124.3911433
diverse_rec,movielens_sample20of200_lambda0,0,11,5,5,44.1625955,0,87.7821199,131.9447154
diverse_rec,movielens_sample20of200_lambda0,0,11,6,6,52.47987372,0,86.9893606,139.4692343
diverse_rec,movielens_sample20of200_lambda0,0,11,7,7,60.74544415,0,86.12298878,146.8684329
diverse_rec,movielens_sample20of200_lambda0,0,11,8,8,69.00020786,0,84.96324353,153.9634514
diverse_rec,movielens_sample20of200_lambda0,0,11,9,9,77.22172592,0,83.55905765,160.7807836
diverse_rec,movielens_sample20of200_lambda0,0,11,10,10,85.2238863,0,75.55689727,160.7807836
diverse_rec,movielens_sample20of200_lambda0,0,11,11,11,93.22399398,0,67.55678958,160.7807836
diverse_rec,movielens_sample20of200_lambda0,0,12,0,0,0,0,101.1571211,101.1571211
diverse_rec,movielens_sample20of200_lambda0,0,12,1,1,9.519434616,0,99.47665189,108.9960865
diverse_rec,movielens_sample20of200_lambda0,0,12,2,2,19.00844685,0,97.75325523,116.7617021
diverse_rec,movielens_sample20of200_lambda0,0,12,3,3,27.4602681,0,96.93087519,124.3911433
diverse_rec,movielens_sample20of200_lambda0,0,12,4,4,35.81207609,0,96.13263932,131.9447154
diverse_rec,movielens_sample20of200_lambda0,0,12,5,5,44.1625955,0,95.30663881,139.4692343
diverse_rec,movielens_sample20of200_lambda0,0,12,6,6,52.47987372,0,94.38855922,146.8684329
diverse_rec,movielens_sample20of200_lambda0,0,12,7,7,60.74544415,0,93.21800724,153.9634514
diverse_rec,movielens_sample20of200_lambda0,0,12,8,8,69.00020786,0,91.7805757,160.7807836
diverse_rec,movielens_sample20of200_lambda0,0,12,9,9,77.22172592,0,83.55905765,160.7807836
diverse_rec,movielens_sample20of200_lambda0,0,12,10,10,85.2238863,0,75.55689727,160.7807836
diverse_rec,movielens_sample20of200_lambda0,0,12,11,11,93.22399398,0,67.55678958,160.7807836
diverse_rec,movielens_sample20of200_lambda0,0,12,12,12,101.1571211,0,59.62366247,160.7807836
diverse_rec,movielens_sample20of200_lambda0,0,13,0,0,0,0,108.9960865,108.9960865
diverse_rec,movielens_sample20of200_lambda0,0,13,1,1,9.519434616,0,107.2422675,116.7617021
diverse_rec,movielens_sample20of200_lambda0,0,13,2,2,19.00844685,0,105.3826964,124.3911433
diverse_rec,movielens_sample20of200_lambda0,0,13,3,3,27.4602681,0,104.4844473,131.9447154
diverse_rec,movielens_sample20of200_lambda0,0,13,4,4,35.81207609,0,103.6571582,139.4692343
diverse_rec,movielens_sample20of200_lambda0,0,13,5,5,44.1625955,0,102.7058374,146.8684329
diverse_rec,movielens_sample20of200_lambda0,0,13,6,6,52.47987372,0,101.4835777,153.9634514
diverse_rec,movielens_sample20of200_lambda0,0,13,7,7,60.74544415,0,100.0353394,160.7807836
diverse_rec,movielens_sample20of200_lambda0,0,13,8,8,69.00020786,0,91.7805757,160.7807836
diverse_rec,movielens_sample20of200_lambda0,0,13,9,9,77.22172592,0,83.55905765,160.7807836
diverse_rec,movielens_sample20of200_lambda0,0,13,10,10,85.2238863,0,75.55689727,160.7807836
diverse_rec,movielens_sample20of200_lambda0,0,13,11,11,93.22399398,0,67.55678958,160.7807836
diverse_rec,movielens_sample20of200_lambda0,0,13,12,12,101.1571211,0,59.62366247,160.7807836
diverse_rec,movielens_sample20of200_lambda0,0,13,13,13,108.9960865,0,51.78469706,160.7807836
diverse_rec,movielens_sample20of200_lambda0,0,14,0,0,0,0,116.7617021,116.7617021
diverse_rec,movielens_sample20of200_lambda0,0,14,1,1,9.519434616,0,114.8717087,124.3911433
diverse_rec,movielens_sample20of200_lambda0,0,14,2,2,19.00844685,0,112.9362686,131.9447154
diverse_rec,movielens_sample20of200_lambda0,0,14,3,3,27.4602681,0,112.0089662,139.4692343
diverse_rec,movielens_sample20of200_lambda0,0,14,4,4,35.81207609,0,111.0563568,146.8684329
diverse_rec,movielens_sample20of200_lambda0,0,14,5,5,44.1625955,0,109.8008559,153.9634514
diverse_rec,movielens_sample20of200_lambda0,0,14,6,6,52.47987372,0,108.3009098,160.7807836
diverse_rec,movielens_sample20of200_lambda0,0,14,7,7,60.74544415,0,100.0353394,160.7807836
diverse_rec,movielens_sample20of200_lambda0,0,14,8,8,69.00020786,0,91.7805757,160.7807836
diverse_rec,movielens_sample20of200_lambda0,0,14,9,9,77.22172592,0,83.55905765,160.7807836
diverse_rec,movielens_sample20of200_lambda0,0,14,10,10,85.2238863,0,75.55689727,160.7807836
diverse_rec,movielens_sample20of200_lambda0,0,14,11,11,93.22399398,0,67.55678958,160.7807836
diverse_rec,movielens_sample20of200_lambda0,0,14,12,12,101.1571211,0,59.62366247,160.7807836
diverse_rec,movielens_sample20of200_lambda0,0,14,13,13,108.9960865,0,51.78469706,160.7807836
diverse_rec,movielens_sample20of200_lambda0,0,14,14,14,116.7617021,0,44.01908148,160.7807836
diverse_rec,movielens_sample20of200_lambda0,0,15,0,0,0,0,124.3911433,124.3911433
diverse_rec,movielens_sample20of200_lambda0,0,15,1,1,9.519434616,0,122.4252808,131.9447154
diverse_rec,movielens_sample20of200_lambda0,0,15,2,2,19.00844685,0,120.4607875,139.4692343
diverse_rec,movielens_sample20of200_lambda0,0,15,3,3,27.4602681,0,119.4081648,146.8684329
diverse_rec,movielens_sample20of200_lambda0,0,15,4,4,35.81207609,0,118.1513753,153.9634514
diverse_rec,movielens_sample20of200_lambda0,0,15,5,5,44.1625955,0,116.6181881,160.7807836
diverse_rec,movielens_sample20of200_lambda0,0,15,6,6,52.47987372,0,108.3009098,160.7807836
diverse_rec,movielens_sample20of200_lambda0,0,15,7,7,60.74544415,0,100.0353394,160.7807836
diverse_rec,movielens_sample20of200_lambda0,0,15,8,8,69.00020786,0,91.7805757,160.7807836
diverse_rec,movielens_sample20of200_lambda0,0,15,9,9,77.22172592,0,83.55905765,160.7807836
diverse_rec,movielens_sample20of200_lambda0,0,15,10,10,85.2238863,0,75.55689727,160.7807836
diverse_rec,movielens_sample20of200_lambda0,0,15,11,11,93.22399398,0,67.55678958,160.7807836
diverse_rec,movielens_sample20of200_lambda0,0,15,12,12,101.1571211,0,59.62366247,160.7807836
diverse_rec,movielens_sample20of200_lambda0,0,15,13,13,108.9960865,0,51.78469706,160.7807836
diverse_rec,movielens_sample20of200_lambda0,0,15,14,14,116.7617021,0,44.01908148,160.7807836
diverse_rec,movielens_sample20of200_lambda0,0,15,15,15,124.3911433,0,36.38964028,160.7807836
diverse_rec,movielens_sample20of200_lambda0,0,16,0,0,0,0,131.9447154,131.9447154
diverse_rec,movielens_sample20of200_lambda0,0,16,1,1,9.519434616,0,129.9497997,139.4692343
diverse_rec,movielens_sample20of200_lambda0,0,16,2,2,19.00844685,0,127.8599861,146.8684329
diverse_rec,movielens_sample20of200_lambda0,0,16,3,3,27.4602681,0,126.5031833,153.9634514
diverse_rec,movielens_sample20of200_lambda0,0,16,4,4,35.81207609,0,124.9687075,160.7807836
diverse_rec,movielens_sample20of200_lambda0,0,16,5,5,44.1625955,0,116.6181881,160.7807836
diverse_rec,movielens_sample20of200_lambda0,0,16,6,6,52.47987372,0,108.3009098,160.7807836
diverse_rec,movielens_sample20of200_lambda0,0,16,7,7,60.74544415,0,100.0353394,160.7807836
diverse_rec,movielens_sample20of200_lambda0,0,16,8,8,69.00020786,0,91.7805757,160.7807836
diverse_rec,movielens_sample20of200_lambda0,0,16,9,9,77.22172592,0,83.55905765,160.7807836
diverse_rec,movielens_sample20of200_lambda0,0,16,10,10,85.2238863,0,75.55689727,160.7807836
diverse_rec,movielens_sample20of200_lambda0,0,16,11,11,93.22399398,0,67.55678958,160.7807836
diverse_rec,movielens_sample20of200_lambda0,0,16,12,12,101.1571211,0,59.62366247,160.7807836
diverse_rec,movielens_sample20of200_lambda0,0,16,13,13,108.9960865,0,51.78469706,160.7807836
diverse_rec,movielens_sample20of200_lambda0,0,16,14,14,116.7617021,0,44.01908148,160.7807836
diverse_rec,movielens_sample20of200_lambda0,0,16,15,15,124.3911433,0,36.38964028,160.7807836
diverse_rec,movielens_sample20of200_lambda0,0,16,16,16,131.9447154,0,28.83606816,160.7807836
diverse_rec,movielens_sample20of200_lambda0,0,17,0,0,0,0,139.4692343,139.4692343
diverse_rec,movielens_sample20of200_lambda0,0,17,1,1,9.519434616,0,137.3489983,146.8684329
diverse_rec,movielens_sample20of200_lambda0,0,17,2,2,19.00844685,0,134.9550045,153.9634514
diverse_rec,movielens_sample20of200_lambda0,0,17,3,3,27.4602681,0,133.3205155,160.7807836
diverse_rec,movielens_sample20of200_lambda0,0,17,4,4,35.81207609,0,124.9687075,160.7807836
diverse_rec,movielens_sample20of200_lambda0,0,17,5,5,44.1625955,0,116.6181881,160.7807836
diverse_rec,movielens_sample20of200_lambda0,0,17,6,6,52.47987372,0,108.3009098,160.7807836
diverse_rec,movielens_sample20of200_lambda0,0,17,7,7,60.74544415,0,100.0353394,160.7807836
diverse_rec,movielens_sample20of200_lambda0,0,17,8,8,69.00020786,0,91.7805757,160.7807836
diverse_rec,movielens_sample20of200_lambda0,0,17,9,9,77.22172592,0,83.55905765,160.7807836
diverse_rec,movielens_sample20of200_lambda0,0,17,10,10,85.2238863,0,75.55689727,160.7807836
diverse_rec,movielens_sample20of200_lambda0,0,17,11,11,93.22399398,0,67.55678958,160.7807836
diverse_rec,movielens_sample20of200_lambda0,0,17,12,12,101.1571211,0,59.62366247,160.7807836
diverse_rec,movielens_sample20of200_lambda0,0,17,13,13,108.9960865,0,51.78469706,160.7807836
diverse_rec,movielens_sample20of200_lambda0,0,17,14,14,116.7617021,0,44.01908148,160.7807836
diverse_rec,movielens_sample20of200_lambda0,0,17,15,15,124.3911433,0,36.38964028,160.7807836
diverse_rec,movielens_sample20of200_lambda0,0,17,16,16,131.9447154,0,28.83606816,160.7807836
diverse_rec,movielens_sample20of200_lambda0,0,17,17,17,139.4692343,0,21.31154925,160.7807836
diverse_rec,movielens_sample20of200_lambda0,0,18,0,0,0,0,146.8684329,146.8684329
diverse_rec,movielens_sample20of200_lambda0,0,18,1,1,9.519434616,0,144.4440168,153.9634514
diverse_rec,movielens_sample20of200_lambda0,0,18,2,2,19.00844685,0,141.7723367,160.7807836
diverse_rec,movielens_sample20of200_lambda0,0,18,3,3,27.4602681,0,133.3205155,160.7807836
diverse_rec,movielens_sample20of200_lambda0,0,18,4,4,35.81207609,0,124.9687075,160.7807836
diverse_rec,movielens_sample20of200_lambda0,0,18,5,5,44.1625955,0,116.6181881,160.7807836
diverse_rec,movielens_sample20of200_lambda0,0,18,6,6,52.47987372,0,108.3009098,160.7807836
diverse_rec,movielens_sample20of200_lambda0,0,18,7,7,60.74544415,0,100.0353394,160.7807836
diverse_rec,movielens_sample20of200_lambda0,0,18,8,8,69.00020786,0,91.7805757,160.7807836
diverse_rec,movielens_sample20of200_lambda0,0,18,9,9,77.22172592,0,83.55905765,160.7807836
diverse_rec,movielens_sample20of200_lambda0,0,18,10,10,85.2238863,0,75.55689727,160.7807836
diverse_rec,movielens_sample20of200_lambda0,0,18,11,11,93.22399398,0,67.55678958,160.7807836
diverse_rec,movielens_sample20of200_lambda0,0,18,12,12,101.1571211,0,59.62366247,160.7807836
diverse_rec,movielens_sample20of200_lambda0,0,18,13,13,108.9960865,0,51.78469706,160.7807836
diverse_rec,movielens_sample20of200_lambda0,0,18,14,14,116.7617021,0,44.01908148,160.7807836
diverse_rec,movielens_sample20of200_lambda0,0,18,15,15,124.3911433,0,36.38964028,160.7807836
diverse_rec,movielens_sample20of200_lambda0,0,18,16,16,131.9447154,0,28.83606816,160.7807836
diverse_rec,movielens_sample20of200_lambda0,0,18,17,17,139.4692343,0,21.31154925,160.7807836
diverse_rec,movielens_sample20of200_lambda0,0,18,18,18,146.8684329,0,13.91235063,160.7807836
diverse_rec,movielens_sample20of200_lambda0,0,19,0,0,0,0,153.9634514,153.9634514
diverse_rec,movielens_sample20of200_lambda0,0,19,1,1,9.519434616,0,151.2613489,160.7807836
diverse_rec,movielens_sample20of200_lambda0,0,19,2,2,19.00844685,0,141.7723367,160.7807836
diverse_rec,movielens_sample20of200_lambda0,0,19,3,3,27.4602681,0,133.3205155,160.7807836
diverse_rec,movielens_sample20of200_lambda0,0,19,4,4,35.81207609,0,124.9687075,160.7807836
diverse_rec,movielens_sample20of200_lambda0,0,19,5,5,44.1625955,0,116.6181881,160.7807836
diverse_rec,movielens_sample20of200_lambda0,0,19,6,6,52.47987372,0,108.3009098,160.7807836
diverse_rec,movielens_sample20of200_lambda0,0,19,7,7,60.74544415,0,100.0353394,160.7807836
diverse_rec,movielens_sample20of200_lambda0,0,19,8,8,69.00020786,0,91.7805757,160.7807836
diverse_rec,movielens_sample20of200_lambda0,0,19,9,9,77.22172592,0,83.55905765,160.7807836
diverse_rec,movielens_sample20of200_lambda0,0,19,10,10,85.2238863,0,75.55689727,160.7807836
diverse_rec,movielens_sample20of200_lambda0,0,19,11,11,93.22399398,0,67.55678958,160.7807836
diverse_rec,movielens_sample20of200_lambda0,0,19,12,12,101.1571211,0,59.62366247,160.7807836
diverse_rec,movielens_sample20of200_lambda0,0,19,13,13,108.9960865,0,51.78469706,160.7807836
diverse_rec,movielens_sample20of200_lambda0,0,19,14,14,116.7617021,0,44.01908148,160.7807836
diverse_rec,movielens_sample20of200_lambda0,0,19,15,15,124.3911433,0,36.38964028,160.7807836
diverse_rec,movielens_sample20of200_lambda0,0,19,16,16,131.9447154,0,28.83606816,160.7807836
diverse_rec,movielens_sample20of200_lambda0,0,19,17,17,139.4692343,0,21.31154925,160.7807836
diverse_rec,movielens_sample20of200_lambda0,0,19,18,18,146.8684329,0,13.91235063,160.7807836
diverse_rec,movielens_sample20of200_lambda0,0,19,19,19,153.9634514,0,6.817332175,160.7807836
diverse_rec,movielens_sample20of200_lambda0,0,20,0,0,0,0,160.7807836,160.7807836
diverse_rec,movielens_sample20of200_lambda0,0,20,1,1,9.519434616,0,151.2613489,160.7807836
diverse_rec,movielens_sample20of200_lambda0,0,20,2,2,19.00844685,0,141.7723367,160.7807836
diverse_rec,movielens_sample20of200_lambda0,0,20,3,3,27.4602681,0,133.3205155,160.7807836
diverse_rec,movielens_sample20of200_lambda0,0,20,4,4,35.81207609,0,124.9687075,160.7807836
diverse_rec,movielens_sample20of200_lambda0,0,20,5,5,44.1625955,0,116.6181881,160.7807836
diverse_rec,movielens_sample20of200_lambda0,0,20,6,6,52.47987372,0,108.3009098,160.7807836
diverse_rec,movielens_sample20of200_lambda0,0,20,7,7,60.74544415,0,100.0353394,160.7807836
diverse_rec,movielens_sample20of200_lambda0,0,20,8,8,69.00020786,0,91.7805757,160.7807836
diverse_rec,movielens_sample20of200_lambda0,0,20,9,9,77.22172592,0,83.55905765,160.7807836
diverse_rec,movielens_sample20of200_lambda0,0,20,10,10,85.2238863,0,75.55689727,160.7807836
diverse_rec,movielens_sample20of200_lambda0,0,20,11,11,93.22399398,0,67.55678958,160.7807836
diverse_rec,movielens_sample20of200_lambda0,0,20,12,12,101.1571211,0,59.62366247,160.7807836
diverse_rec,movielens_sample20of200_lambda0,0,20,13,13,108.9960865,0,51.78469706,160.7807836
diverse_rec,movielens_sample20of200_lambda0,0,20,14,14,116.7617021,0,44.01908148,160.7807836
diverse_rec,movielens_sample20of200_lambda0,0,20,15,15,124.3911433,0,36.38964028,160.7807836
diverse_rec,movielens_sample20of200_lambda0,0,20,16,16,131.9447154,0,28.83606816,160.7807836
diverse_rec,movielens_sample20of200_lambda0,0,20,17,17,139.4692343,0,21.31154925,160.7807836
diverse_rec,movielens_sample20of200_lambda0,0,20,18,18,146.8684329,0,13.91235063,160.7807836
diverse_rec,movielens_sample20of200_lambda0,0,20,19,19,153.9634514,0,6.817332175,160.7807836
diverse_rec,movielens_sample20of200_lambda0,0,20,20,20,160.7807836,0,0,160.7807836
diverse_rec,movielens_sample20of200_lambda0,1,1,0,0,0,0,9.78657435,9.78657435
diverse_rec,movielens_sample20of200_lambda0,1,1,1,1,9.78657435,0,9.190447639,18.97702199
diverse_rec,movielens_sample20of200_lambda0,1,2,0,0,0,0,18.97702199,18.97702199
diverse_rec,movielens_sample20of200_lambda0,1,2,1,1,9.78657435,0,18.35162858,28.13820293
diverse_rec,movielens_sample20of200_lambda0,1,2,2,2,18.97702199,0,18.27571747,37.25273946
diverse_rec,movielens_sample20of200_lambda0,1,3,0,0,0,0,28.13820293,28.13820293
diverse_rec,movielens_sample20of200_lambda0,1,3,1,1,9.78657435,0,27.46616511,37.25273946
diverse_rec,movielens_sample20of200_lambda0,1,3,2,2,18.97702199,0,27.10595506,46.08297705
diverse_rec,movielens_sample20of200_lambda0,1,3,3,3,28.13820293,0,26.71264277,54.8508457
diverse_rec,movielens_sample20of200_lambda0,1,4,0,0,0,0,37.25273946,37.25273946
diverse_rec,movielens_sample20of200_lambda0,1,4,1,1,9.78657435,0,36.2964027,46.08297705
diverse_rec,movielens_sample20of200_lambda0,1,4,2,2,18.97702199,0,35.87382372,54.8508457
diverse_rec,movielens_sample20of200_lambda0,1,4,3,3,28.13820293,0,35.29414853,63.43235146
diverse_rec,movielens_sample20of200_lambda0,1,4,4,4,37.25273946,0,34.75513281,72.00787226
diverse_rec,movielens_sample20of200_lambda0,1,5,0,0,0,0,46.08297705,46.08297705
diverse_rec,movielens_sample20of200_lambda0,1,5,1,1,9.78657435,0,45.06427135,54.8508457
diverse_rec,movielens_sample20of200_lambda0,1,5,2,2,18.97702199,0,44.45532947,63.43235146
diverse_rec,movielens_sample20of200_lambda0,1,5,3,3,28.13820293,0,43.86966933,72.00787226
diverse_rec,movielens_sample20of200_lambda0,1,5,4,4,37.25273946,0,43.09521421,80.34795367
diverse_rec,movielens_sample20of200_lambda0,1,5,5,5,46.08297705,0,42.5606408,88.64361785
diverse_rec,movielens_sample20of200_lambda0,1,6,0,0,0,0,54.8508457,54.8508457
diverse_rec,movielens_sample20of200_lambda0,1,6,1,1,9.78657435,0,53.64577711,63.43235146
diverse_rec,movielens_sample20of200_lambda0,1,6,2,2,18.97702199,0,53.03085028,72.00787226
diverse_rec,movielens_sample20of200_lambda0,1,6,3,3,28.13820293,0,52.20975074,80.34795367
diverse_rec,movielens_sample20of200_lambda0,1,6,4,4,37.25273946,0,51.39087839,88.64361785
diverse_rec,movielens_sample20of200_lambda0,1,6,5,5,46.08297705,0,50.76385763,96.84683468
diverse_rec,movielens_sample20of200_lambda0,1,6,6,6,54.8508457,0,50.10640652,104.9572522
diverse_rec,movielens_sample20of200_lambda0,1,7,0,0,0,0,63.43235146,63.43235146
diverse_rec,movielens_sample20of200_lambda0,1,7,1,1,9.78657435,0,62.22129791,72.00787226
diverse_rec,movielens_sample20of200_lambda0,1,7,2,2,18.97702199,0,61.37093168,80.34795367
diverse_rec,movielens_sample20of200_lambda0,1,7,3,3,28.13820293,0,60.50541491,88.64361785
diverse_rec,movielens_sample20of200_lambda0,1,7,4,4,37.25273946,0,59.59409522,96.84683468
diverse_rec,movielens_sample20of200_lambda0,1,7,5,5,46.08297705,0,58.87427517,104.9572522
diverse_rec,movielens_sample20of200_lambda0,1,7,6,6,54.8508457,0,58.08456181,112.9354075
diverse_rec,movielens_sample20of200_lambda0,1,7,7,7,63.43235146,0,57.41692482,120.8492763
diverse_rec,movielens_sample20of200_lambda0,1,8,0,0,0,0,72.00787226,72.00787226
diverse_rec,movielens_sample20of200_lambda0,1,8,1,1,9.78657435,0,70.56137932,80.34795367
diverse_rec,movielens_sample20of200_lambda0,1,8,2,2,18.97702199,0,69.66659586,88.64361785
diverse_rec,movielens_sample20of200_lambda0,1,8,3,3,28.13820293,0,68.70863174,96.84683468
diverse_rec,movielens_sample20of200_lambda0,1,8,4,4,37.25273946,0,67.70451276,104.9572522
diverse_rec,movielens_sample20of200_lambda0,1,8,5,5,46.08297705,0,66.85243047,112.9354075
diverse_rec,movielens_sample20of200_lambda0,1,8,6,6,54.8508457,0,65.99843058,120.8492763
diverse_rec,movielens_sample20of200_lambda0,1,8,7,7,63.43235146,0,65.05993123,128.4922827
diverse_rec,movielens_sample20of200_lambda0,1,8,8,8,72.00787226,0,63.98801628,135.9958885
diverse_rec,movielens_sample20of200_lambda0,1,9,0,0,0,0,80.34795367,80.34795367
diverse_rec,movielens_sample20of200_lambda0,1,9,1,1,9.78657435,0,78.8570435,88.64361785
diverse_rec,movielens_sample20of200_lambda0,1,9,2,2,18.97702199,0,77.86981269,96.84683468
diverse_rec,movielens_sample20of200_lambda0,1,9,3,3,28.13820293,0,76.81904929,104.9572522
diverse_rec,movielens_sample20of200_lambda0,1,9,4,4,37.25273946,0,75.68266806,112.9354075
diverse_rec,movielens_sample20of200_lambda0,1,9,5,5,46.08297705,0,74.76629924,120.8492763
diverse_rec,movielens_sample20of200_lambda0,1,9,6,6,54.8508457,0,73.64143699,128.4922827
diverse_rec,movielens_sample20of200_lambda0,1,9,7,7,63.43235146,0,72.56353709,135.9958885
diverse_rec,movielens_sample20of200_lambda0,1,9,8,8,72.00787226,0,71.3892051,143.3970774
diverse_rec,movielens_sample20of200_lambda0,1,9,9,9,80.34795367,0,70.37270469,150.7206584
diverse_rec,movielens_sample20of200_lambda0,1,10,0,0,0,0,88.64361785,88.64361785
diverse_rec,movielens_sample20of200_lambda0,1,10,1,1,9.78657435,0,87.06026033,96.84683468
diverse_rec,movielens_sample20of200_lambda0,1,10,2,2,18.97702199,0,85.98023023,104.9572522
diverse_rec,movielens_sample20of200_lambda0,1,10,3,3,28.13820293,0,84.79720458,112.9354075
diverse_rec,movielens_sample20of200_lambda0,1,10,4,4,37.25273946,0,83.59653683,120.8492763
diverse_rec,movielens_sample20of200_lambda0,1,10,5,5,46.08297705,0,82.40930564,128.4922827
diverse_rec,movielens_sample20of200_lambda0,1,10,6,6,54.8508457,0,81.14504285,135.9958885
diverse_rec,movielens_sample20of200_lambda0,1,10,7,7,63.43235146,0,79.9647259,143.3970774
diverse_rec,movielens_sample20of200_lambda0,1,10,8,8,72.00787226,0,78.71278609,150.7206584
diverse_rec,movielens_sample20of200_lambda0,1,10,9,9,80.34795367,0,77.22053325,157.5684869
diverse_rec,movielens_sample20of200_lambda0,1,10,10,10,88.64361785,0,75.58018553,164.2238034
diverse_rec,movielens_sample20of200_lambda0,1,11,0,0,0,0,96.84683468,96.84683468
diverse_rec,movielens_sample20of200_lambda0,1,11,1,1,9.78657435,0,95.17067787,104.9572522
diverse_rec,movielens_sample20of200_lambda0,1,11,2,2,18.97702199,0,93.95838553,112.9354075
diverse_rec,movielens_sample20of200_lambda0,1,11,3,3,28.13820293,0,92.71107335,120.8492763
diverse_rec,movielens_sample20of200_lambda0,1,11,4,4,37.25273946,0,91.23954323,128.4922827
diverse_rec,movielens_sample20of200_lambda0,1,11,5,5,46.08297705,0,89.9129115,135.9958885
diverse_rec,movielens_sample20of200_lambda0,1,11,6,6,54.8508457,0,88.54623166,143.3970774
diverse_rec,movielens_sample20of200_lambda0,1,11,7,7,63.43235146,0,87.2883069,150.7206584
diverse_rec,movielens_sample20of200_lambda0,1,11,8,8,72.00787226,0,85.56061465,157.5684869
diverse_rec,movielens_sample20of200_lambda0,1,11,9,9,80.34795367,0,83.87584971,164.2238034
diverse_rec,movielens_sample20of200_lambda0,1,11,10,10,88.64361785,0,75.58018553,164.2238034
diverse_rec,movielens_sample20of200_lambda0,1,11,11,11,96.84683468,0,67.3769687,164.2238034
diverse_rec,movielens_sample20of200_lambda0,1,12,0,0,0,0,104.9572522,104.9572522
diverse_rec,movielens_sample20of200_lambda0,1,12,1,1,9.78657435,0,103.1488332,112.9354075
diverse_rec,movielens_sample20of200_lambda0,1,12,2,2,18.97702199,0,101.8722543,120.8492763
diverse_rec,movielens_sample20of200_lambda0,1,12,3,3,28.13820293,0,100.3540798,128.4922827
diverse_rec,movielens_sample20of200_lambda0,1,12,4,4,37.25273946,0,98.74314909,135.9958885
diverse_rec,movielens_sample20of200_lambda0,1,12,5,5,46.08297705,0,97.31410032,143.3970774
diverse_rec,movielens_sample20of200_lambda0,1,12,6,6,54.8508457,0,95.86981266,150.7206584
diverse_rec,movielens_sample20of200_lambda0,1,12,7,7,63.43235146,0,94.13613546,157.5684869
diverse_rec,movielens_sample20of200_lambda0,1,12,8,8,72.00787226,0,92.21593111,164.2238034
diverse_rec,movielens_sample20of200_lambda0,1,12,9,9,80.34795367,0,83.87584971,164.2238034
diverse_rec,movielens_sample20of200_lambda0,1,12,10,10,88.64361785,0,75.58018553,164.2238034
diverse_rec,movielens_sample20of200_lambda0,1,12,11,11,96.84683468,0,67.3769687,164.2238034
diverse_rec,movielens_sample20of200_lambda0,1,12,12,12,104.9572522,0,59.26655116,164.2238034
diverse_rec,movielens_sample20of200_lambda0,1,13,0,0,0,0,112.9354075,112.9354075
diverse_rec,movielens_sample20of200_lambda0,1,13,1,1,9.78657435,0,111.0627019,120.8492763
diverse_rec,movielens_sample20of200_lambda0,1,13,2,2,18.97702199,0,109.5152607,128.4922827
diverse_rec,movielens_sample20of200_lambda0,1,13,3,3,28.13820293,0,107.8576856,135.9958885
diverse_rec,movielens_sample20of200_lambda0,1,13,4,4,37.25273946,0,106.1443379,143.3970774
diverse_rec,movielens_sample20of200_lambda0,1,13,5,5,46.08297705,0,104.6376813,150.7206584
diverse_rec,movielens_sample20of200_lambda0,1,13,6,6,54.8508457,0,102.7176412,157.5684869
diverse_rec,movielens_sample20of200_lambda0,1,13,7,7,63.43235146,0,100.7914519,164.2238034
diverse_rec,movielens_sample20of200_lambda0,1,13,8,8,72.00787226,0,92.21593111,164.2238034
diverse_rec,movielens_sample20of200_lambda0,1,13,9,9,80.34795367,0,83.87584971,164.2238034
diverse_rec,movielens_sample20of200_lambda0,1,13,10,10,88.64361785,0,75.58018553,164.2238034
diverse_rec,movielens_sample20of200_lambda0,1,13,11,11,96.84683468,0,67.3769687,164.2238034
diverse_rec,movielens_sample20of200_lambda0,1,13,12,12,104.9572522,0,59.26655116,164.2238034
diverse_rec,movielens_sample20of200_lambda0,1,13,13,13,112.9354075,0,51.28839586,164.2238034
diverse_rec,movielens_sample20of200_lambda0,1,14,0,0,0,0,120.8492763,120.8492763
diverse_rec,movielens_sample20of200_lambda0,1,14,1,1,9.78657435,0,118.7057083,128.4922827
diverse_rec,movielens_sample20of200_lambda0,1,14,2,2,18.97702199,0,117.0188666,135.9958885
diverse_rec,movielens_sample20of200_lambda0,1,14,3,3,28.13820293,0,115.2588744,143.3970774
diverse_rec,movielens_sample20of200_lambda0,1,14,4,4,37.25273946,0,113.4679189,150.7206584
diverse_rec,movielens_sample20of200_lambda0,1,14,5,5,46.08297705,0,111.4855099,157.5684869
diverse_rec,movielens_sample20of200_lambda0,1,14,6,6,54.8508457,0,109.3729577,164.2238034
diverse_rec,movielens_sample20of200_lambda0,1,14,7,7,63.43235146,0,100.7914519,164.2238034
diverse_rec,movielens_sample20of200_lambda0,1,14,8,8,72.00787226,0,92.21593111,164.2238034
diverse_rec,movielens_sample20of200_lambda0,1,14,9,9,80.34795367,0,83.87584971,164.2238034
diverse_rec,movielens_sample20of200_lambda0,1,14,10,10,88.64361785,0,75.58018553,164.2238034
diverse_rec,movielens_sample20of200_lambda0,1,14,11,11,96.84683468,0,67.3769687,164.2238034
diverse_rec,movielens_sample20of200_lambda0,1,14,12,12,104.9572522,0,59.26655116,164.2238034
diverse_rec,movielens_sample20of200_lambda0,1,14,13,13,112.9354075,0,51.28839586,164.2238034
diverse_rec,movielens_sample20of200_lambda0,1,14,14,14,120.8492763,0,43.37452709,164.2238034
diverse_rec,movielens_sample20of200_lambda0,1,15,0,0,0,0,128.4922827,128.4922827
diverse_rec,movielens_sample20of200_lambda0,1,15,1,1,9.78657435,0,126.2093142,135.9958885
diverse_rec,movielens_sample20of200_lambda0,1,15,2,2,18.97702199,0,124.4200554,143.3970774
diverse_rec,movielens_sample20of200_lambda0,1,15,3,3,28.13820293,0,122.5824554,150.7206584
diverse_rec,movielens_sample20of200_lambda0,1,15,4,4,37.25273946,0,120.3157475,157.5684869
diverse_rec,movielens_sample20of200_lambda0,1,15,5,5,46.08297705,0,118.1408263,164.2238034
diverse_rec,movielens_sample20of200_lambda0,1,15,6,6,54.8508457,0,109.3729577,164.2238034
diverse_rec,movielens_sample20of200_lambda0,1,15,7,7,63.43235146,0,100.7914519,164.2238034
diverse_rec,movielens_sample20of200_lambda0,1,15,8,8,72.00787226,0,92.21593111,164.2238034
diverse_rec,movielens_sample20of200_lambda0,1,15,9,9,80.34795367,0,83.87584971,164.2238034
diverse_rec,movielens_sample20of200_lambda0,1,15,10,10,88.64361785,0,75.58018553,164.2238034
diverse_rec,movielens_sample20of200_lambda0,1,15,11,11,96.84683468,0,67.3769687,164.2238034
diverse_rec,movielens_sample20of200_lambda0,1,15,12,12,104.9572522,0,59.26655116,164.2238034
diverse_rec,movielens_sample20of200_lambda0,1,15,13,13,112.9354075,0,51.28839586,164.2238034
diverse_rec,movielens_sample20of200_lambda0,1,15,14,14,120.8492763,0,43.37452709,164.2238034
diverse_rec,movielens_sample20of200_lambda0,1,15,15,15,128.4922827,0,35.73152069,164.2238034
diverse_rec,movielens_sample20of200_lambda0,1,16,0,0,0,0,135.9958885,135.9958885
diverse_rec,movielens_sample20of200_lambda0,1,16,1,1,9.78657435,0,133.610503,143.3970774
diverse_rec,movielens_sample20of200_lambda0,1,16,2,2,18.97702199,0,131.7436364,150.7206584
diverse_rec,movielens_sample20of200_lambda0,1,16,3,3,28.13820293,0,129.430284,157.5684869
diverse_rec,movielens_sample20of200_lambda0,1,16,4,4,37.25273946,0,126.9710639,164.2238034
diverse_rec,movielens_sample20of200_lambda0,1,16,5,5,46.08297705,0,118.1408263,164.2238034
diverse_rec,movielens_sample20of200_lambda0,1,16,6,6,54.8508457,0,109.3729577,164.2238034
diverse_rec,movielens_sample20of200_lambda0,1,16,7,7,63.43235146,0,100.7914519,164.2238034
diverse_rec,movielens_sample20of200_lambda0,1,16,8,8,72.00787226,0,92.21593111,164.2238034
diverse_rec,movielens_sample20of200_lambda0,1,16,9,9,80.34795367,0,83.87584971,164.2238034
diverse_rec,movielens_sample20of200_lambda0,1,16,10,10,88.64361785,0,75.58018553,164.2238034
diverse_rec,movielens_sample20of200_lambda0,1,16,11,11,96.84683468,0,67.3769687,164.2238034
diverse_rec,movielens_sample20of200_lambda0,1,16,12,12,104.9572522,0,59.26655116,164.2238034
diverse_rec,movielens_sample20of200_lambda0,1,16,13,13,112.9354075,0,51.28839586,164.2238034
diverse_rec,movielens_sample20of200_lambda0,1,16,14,14,120.8492763,0,43.37452709,164.2238034
diverse_rec,movielens_sample20of200_lambda0,1,16,15,15,128.4922827,0,35.73152069,164.2238034
diverse_rec,movielens_sample20of200_lambda0,1,16,16,16,135.9958885,0,28.22791483,164.2238034
diverse_rec,movielens_sample20of200_lambda0,1,17,0,0,0,0,143.3970774,143.3970774
diverse_rec,movielens_sample20of200_lambda0,1,17,1,1,9.78657435,0,140.934084,150.7206584
diverse_rec,movielens_sample20of200_lambda0,1,17,2,2,18.97702199,0,138.5914649,157.5684869
diverse_rec,movielens_sample20of200_lambda0,1,17,3,3,28.13820293,0,136.0856004,164.2238034
diverse_rec,movielens_sample20of200_lambda0,1,17,4,4,37.25273946,0,126.9710639,164.2238034
diverse_rec,movielens_sample20of200_lambda0,1,17,5,5,46.08297705,0,118.1408263,164.2238034
diverse_rec,movielens_sample20of200_lambda0,1,17,6,6,54.8508457,0,109.3729577,164.2238034
diverse_rec,movielens_sample20of200_lambda0,1,17,7,7,63.43235146,0,100.7914519,164.2238034
diverse_rec,movielens_sample20of200_lambda0,1,17,8,8,72.00787226,0,92.21593111,164.2238034
diverse_rec,movielens_sample20of200_lambda0,1,17,9,9,80.34795367,0,83.87584971,164.2238034
diverse_rec,movielens_sample20of200_lambda0,1,17,10,10,88.64361785,0,75.58018553,164.2238034
diverse_rec,movielens_sample20of200_lambda0,1,17,11,11,96.84683468,0,67.3769687,164.2238034
diverse_rec,movielens_sample20of200_lambda0,1,17,12,12,104.9572522,0,59.26655116,164.2238034
diverse_rec,movielens_sample20of200_lambda0,1,17,13,13,112.9354075,0,51.28839586,164.2238034
diverse_rec,movielens_sample20of200_lambda0,1,17,14,14,120.8492763,0,43.37452709,164.2238034
diverse_rec,movielens_sample20of200_lambda0,1,17,15,15,128.4922827,0,35.73152069,164.2238034
diverse_rec,movielens_sample20of200_lambda0,1,17,16,16,135.9958885,0,28.22791483,164.2238034
diverse_rec,movielens_sample20of200_lambda0,1,17,17,17,143.3970774,0,20.82672601,164.2238034
diverse_rec,movielens_sample20of200_lambda0,1,18,0,0,0,0,150.7206584,150.7206584
diverse_rec,movielens_sample20of200_lambda0,1,18,1,1,9.78657435,0,147.7819126,157.5684869
diverse_rec,movielens_sample20of200_lambda0,1,18,2,2,18.97702199,0,145.2467814,164.2238034
diverse_rec,movielens_sample20of200_lambda0,1,18,3,3,28.13820293,0,136.0856004,164.2238034
diverse_rec,movielens_sample20of200_lambda0,1,18,4,4,37.25273946,0,126.9710639,164.2238034
diverse_rec,movielens_sample20of200_lambda0,1,18,5,5,46.08297705,0,118.1408263,164.2238034
diverse_rec,movielens_sample20of200_lambda0,1,18,6,6,54.8508457,0,109.3729577,164.2238034
diverse_rec,movielens_sample20of200_lambda0,1,18,7,7,63.43235146,0,100.7914519,164.2238034
diverse_rec,movielens_sample20of200_lambda0,1,18,8,8,72.00787226,0,92.21593111,164.2238034
diverse_rec,movielens_sample20of200_lambda0,1,18,9,9,80.34795367,0,83.87584971,164.2238034
diverse_rec,movielens_sample20of200_lambda0,1,18,10,10,88.64361785,0,75.58018553,164.2238034
diverse_rec,movielens_sample20of200_lambda0,1,18,11,11,96.84683468,0,67.3769687,164.2238034
diverse_rec,movielens_sample20of200_lambda0,1,18,12,12,104.9572522,0,59.26655116,164.2238034
diverse_rec,movielens_sample20of200_lambda0,1,18,13,13,112.9354075,0,51.28839586,164.2238034
diverse_rec,movielens_sample20of200_lambda0,1,18,14,14,120.8492763,0,43.37452709,164.2238034
diverse_rec,movielens_sample20of200_lambda0,1,18,15,15,128.4922827,0,35.73152069,164.2238034
diverse_rec,movielens_sample20of200_lambda0,1,18,16,16,135.9958885,0,28.22791483,164.2238034
diverse_rec,movielens_sample20of200_lambda0,1,18,17,17,143.3970774,0,20.82672601,164.2238034
diverse_rec,movielens_sample20of200_lambda0,1,18,18,18,150.7206584,0,13.50314502,164.2238034
diverse_rec,movielens_sample20of200_lambda0,1,19,0,0,0,0,157.5684869,157.5684869
diverse_rec,movielens_sample20of200_lambda0,1,19,1,1,9.78657435,0,154.437229,164.2238034
diverse_rec,movielens_sample20of200_lambda0,1,19,2,2,18.97702199,0,145.2467814,164.2238034
diverse_rec,movielens_sample20of200_lambda0,1,19,3,3,28.13820293,0,136.0856004,164.2238034
diverse_rec,movielens_sample20of200_lambda0,1,19,4,4,37.25273946,0,126.9710639,164.2238034
diverse_rec,movielens_sample20of200_lambda0,1,19,5,5,46.08297705,0,118.1408263,164.2238034
diverse_rec,movielens_sample20of200_lambda0,1,19,6,6,54.8508457,0,109.3729577,164.2238034
diverse_rec,movielens_sample20of200_lambda0,1,19,7,7,63.43235146,0,100.7914519,164.2238034
diverse_rec,movielens_sample20of200_lambda0,1,19,8,8,72.00787226,0,92.21593111,164.2238034
diverse_rec,movielens_sample20of200_lambda0,1,19,9,9,80.34795367,0,83.87584971,164.2238034
diverse_rec,movielens_sample20of200_lambda0,1,19,10,10,88.64361785,0,75.58018553,164.2238034
diverse_rec,movielens_sample20of200_lambda0,1,19,11,11,96.84683468,0,67.3769687,164.2238034
diverse_rec,movielens_sample20of200_lambda0,1,19,12,12,104.9572522,0,59.26655116,164.2238034
diverse_rec,movielens_sample20of200_lambda0,1,19,13,13,112.9354075,0,51.28839586,164.2238034
diverse_rec,movielens_sample20of200_lambda0,1,19,14,14,120.8492763,0,43.37452709,164.2238034
diverse_rec,movielens_sample20of200_lambda0,1,19,15,15,128.4922827,0,35.73152069,164.2238034
diverse_rec,movielens_sample20of200_lambda0,1,19,16,16,135.9958885,0,28.22791483,164.2238034
diverse_rec,movielens_sample20of200_lambda0,1,19,17,17,143.3970774,0,20.82672601,164.2238034
diverse_rec,movielens_sample20of200_lambda0,1,19,18,18,150.7206584,0,13.50314502,164.2238034
diverse_rec,movielens_sample20of200_lambda0,1,19,19,19,157.5684869,0,6.655316458,164.2238034
diverse_rec,movielens_sample20of200_lambda0,1,20,0,0,0,0,164.2238034,164.2238034
diverse_rec,movielens_sample20of200_lambda0,1,20,1,1,9.78657435,0,154.437229,164.2238034
diverse_rec,movielens_sample20of200_lambda0,1,20,2,2,18.97702199,0,145.2467814,164.2238034
diverse_rec,movielens_sample20of200_lambda0,1,20,3,3,28.13820293,0,136.0856004,164.2238034
diverse_rec,movielens_sample20of200_lambda0,1,20,4,4,37.25273946,0,126.9710639,164.2238034
diverse_rec,movielens_sample20of200_lambda0,1,20,5,5,46.08297705,0,118.1408263,164.2238034
diverse_rec,movielens_sample20of200_lambda0,1,20,6,6,54.8508457,0,109.3729577,164.2238034
diverse_rec,movielens_sample20of200_lambda0,1,20,7,7,63.43235146,0,100.7914519,164.2238034
diverse_rec,movielens_sample20of200_lambda0,1,20,8,8,72.00787226,0,92.21593111,164.2238034
diverse_rec,movielens_sample20of200_lambda0,1,20,9,9,80.34795367,0,83.87584971,164.2238034
diverse_rec,movielens_sample20of200_lambda0,1,20,10,10,88.64361785,0,75.58018553,164.2238034
diverse_rec,movielens_sample20of200_lambda0,1,20,11,11,96.84683468,0,67.3769687,164.2238034
diverse_rec,movielens_sample20of200_lambda0,1,20,12,12,104.9572522,0,59.26655116,164.2238034
diverse_rec,movielens_sample20of200_lambda0,1,20,13,13,112.9354075,0,51.28839586,164.2238034
diverse_rec,movielens_sample20of200_lambda0,1,20,14,14,120.8492763,0,43.37452709,164.2238034
diverse_rec,movielens_sample20of200_lambda0,1,20,15,15,128.4922827,0,35.73152069,164.2238034
diverse_rec,movielens_sample20of200_lambda0,1,20,16,16,135.9958885,0,28.22791483,164.2238034
diverse_rec,movielens_sample20of200_lambda0,1,20,17,17,143.3970774,0,20.82672601,164.2238034
diverse_rec,movielens_sample20of200_lambda0,1,20,18,18,150.7206584,0,13.50314502,164.2238034
diverse_rec,movielens_sample20of200_lambda0,1,20,19,19,157.5684869,0,6.655316458,164.2238034
diverse_rec,movielens_sample20of200_lambda0,1,20,20,20,164.2238034,0,0,164.2238034
diverse_rec,movielens_sample20of200_lambda0,2,1,0,0,0,0,9.507074946,9.507074946
diverse_rec,movielens_sample20of200_lambda0,2,1,1,1,9.507074946,0,9.478635945,18.98571089
diverse_rec,movielens_sample20of200_lambda0,2,2,0,0,0,0,18.98571089,18.98571089
diverse_rec,movielens_sample20of200_lambda0,2,2,1,1,9.507074946,0,18.4221308,27.92920575
diverse_rec,movielens_sample20of200_lambda0,2,2,2,2,18.98571089,0,17.80358844,36.78929933
diverse_rec,movielens_sample20of200_lambda0,2,3,0,0,0,0,27.92920575,27.92920575
diverse_rec,movielens_sample20of200_lambda0,2,3,1,1,9.507074946,0,27.28222439,36.78929933
diverse_rec,movielens_sample20of200_lambda0,2,3,2,2,18.98571089,0,26.65492217,45.64063306
diverse_rec,movielens_sample20of200_lambda0,2,3,3,3,27.92920575,0,26.1065788,54.03578455
diverse_rec,movielens_sample20of200_lambda0,2,4,0,0,0,0,36.78929933,36.78929933
diverse_rec,movielens_sample20of200_lambda0,2,4,1,1,9.507074946,0,36.13355812,45.64063306
diverse_rec,movielens_sample20of200_lambda0,2,4,2,2,18.98571089,0,35.05007366,54.03578455
diverse_rec,movielens_sample20of200_lambda0,2,4,3,3,27.92920575,0,34.44578316,62.3749889
diverse_rec,movielens_sample20of200_lambda0,2,4,4,4,36.78929933,0,33.8700012,70.65930053
diverse_rec,movielens_sample20of200_lambda0,2,5,0,0,0,0,45.64063306,45.64063306
diverse_rec,movielens_sample20of200_lambda0,2,5,1,1,9.507074946,0,44.5287096,54.03578455
diverse_rec,movielens_sample20of200_lambda0,2,5,2,2,18.98571089,0,43.38927801,62.3749889
diverse_rec,movielens_sample20of200_lambda0,2,5,3,3,27.92920575,0,42.73009478,70.65930053
diverse_rec,movielens_sample20of200_lambda0,2,5,4,4,36.78929933,0,42.11378733,78.90308667
diverse_rec,movielens_sample20of200_lambda0,2,5,5,5,45.64063306,0,41.23333995,86.87397301
diverse_rec,movielens_sample20of200_lambda0,2,6,0,0,0,0,54.03578455,54.03578455
diverse_rec,movielens_sample20of200_lambda0,2,6,1,1,9.507074946,0,52.86791396,62.3749889
diverse_rec,movielens_sample20of200_lambda0,2,6,2,2,18.98571089,0,51.67358964,70.65930053
diverse_rec,movielens_sample20of200_lambda0,2,6,3,3,27.92920575,0,50.97388092,78.90308667
diverse_rec,movielens_sample20of200_lambda0,2,6,4,4,36.78929933,0,50.08467368,86.87397301
diverse_rec,movielens_sample20of200_lambda0,2,6,5,5,45.64063306,0,49.04358268,94.68421575
diverse_rec,movielens_sample20of200_lambda0,2,6,6,6,54.03578455,0,48.34973414,102.3855187
diverse_rec,movielens_sample20of200_lambda0,2,7,0,0,0,0,62.3749889,62.3749889
diverse_rec,movielens_sample20of200_lambda0,2,7,1,1,9.507074946,0,61.15222558,70.65930053
diverse_rec,movielens_sample20of200_lambda0,2,7,2,2,18.98571089,0,59.91737578,78.90308667
diverse_rec,movielens_sample20of200_lambda0,2,7,3,3,27.92920575,0,58.94476726,86.87397301
diverse_rec,movielens_sample20of200_lambda0,2,7,4,4,36.78929933,0,57.89491641,94.68421575
diverse_rec,movielens_sample20of200_lambda0,2,7,5,5,45.64063306,0,56.74488563,102.3855187
diverse_rec,movielens_sample20of200_lambda0,2,7,6,6,54.03578455,0,55.99254313,110.0283277
diverse_rec,movielens_sample20of200_lambda0,2,7,7,7,62.3749889,0,55.25085759,117.6258465
diverse_rec,movielens_sample20of200_lambda0,2,8,0,0,0,0,70.65930053,70.65930053
diverse_rec,movielens_sample20of200_lambda0,2,8,1,1,9.507074946,0,69.39601172,78.90308667
diverse_rec,movielens_sample20of200_lambda0,2,8,2,2,18.98571089,0,67.88826212,86.87397301
diverse_rec,movielens_sample20of200_lambda0,2,8,3,3,27.92920575,0,66.75501,94.68421575
diverse_rec,movielens_sample20of200_lambda0,2,8,4,4,36.78929933,0,65.59621936,102.3855187
diverse_rec,movielens_sample20of200_lambda0,2,8,5,5,45.64063306,0,64.38769462,110.0283277
diverse_rec,movielens_sample20of200_lambda0,2,8,6,6,54.03578455,0,63.59006194,117.6258465
diverse_rec,movielens_sample20of200_lambda0,2,8,7,7,62.3749889,0,62.80348944,125.1784783
diverse_rec,movielens_sample20of200_lambda0,2,8,8,8,70.65930053,0,61.90879388,132.5680944
diverse_rec,movielens_sample20of200_lambda0,2,9,0,0,0,0,78.90308667,78.90308667
diverse_rec,movielens_sample20of200_lambda0,2,9,1,1,9.507074946,0,77.36689806,86.87397301
diverse_rec,movielens_sample20of200_lambda0,2,9,2,2,18.98571089,0,75.69850486,94.68421575
diverse_rec,movielens_sample20of200_lambda0,2,9,3,3,27.92920575,0,74.45631295,102.3855187
diverse_rec,movielens_sample20of200_lambda0,2,9,4,4,36.78929933,0,73.23902835,110.0283277
diverse_rec,movielens_sample20of200_lambda0,2,9,5,5,45.64063306,0,71.98521343,117.6258465
diverse_rec,movielens_sample20of200_lambda0,2,9,6,6,54.03578455,0,71.1426938,125.1784783
diverse_rec,movielens_sample20of200_lambda0,2,9,7,7,62.3749889,0,70.19310551,132.5680944
diverse_rec,movielens_sample20of200_lambda0,2,9,8,8,70.65930053,0,69.25607826,139.9153788
diverse_rec,movielens_sample20of200_lambda0,2,9,9,9,78.90308667,0,68.17819201,147.0812787
diverse_rec,movielens_sample20of200_lambda0,2,10,0,0,0,0,86.87397301,86.87397301
diverse_rec,movielens_sample20of200_lambda0,2,10,1,1,9.507074946,0,85.1771408,94.68421575
diverse_rec,movielens_sample20of200_lambda0,2,10,2,2,18.98571089,0,83.3998078,102.3855187
diverse_rec,movielens_sample20of200_lambda0,2,10,3,3,27.92920575,0,82.09912193,110.0283277
diverse_rec,movielens_sample20of200_lambda0,2,10,4,4,36.78929933,0,80.83654715,117.6258465
diverse_rec,movielens_sample20of200_lambda0,2,10,5,5,45.64063306,0,79.53784528,125.1784783
diverse_rec,movielens_sample20of200_lambda0,2,10,6,6,54.03578455,0,78.53230987,132.5680944
diverse_rec,movielens_sample20of200_lambda0,2,10,7,7,62.3749889,0,77.54038989,139.9153788
diverse_rec,movielens_sample20of200_lambda0,2,10,8,8,70.65930053,0,76.42197814,147.0812787
diverse_rec,movielens_sample20of200_lambda0,2,10,9,9,78.90308667,0,75.00489552,153.9079822
diverse_rec,movielens_sample20of200_lambda0,2,10,10,10,86.87397301,0,73.49817586,160.3721489
diverse_rec,movielens_sample20of200_lambda0,2,11,0,0,0,0,94.68421575,94.68421575
diverse_rec,movielens_sample20of200_lambda0,2,11,1,1,9.507074946,0,92.87844375,102.3855187
diverse_rec,movielens_sample20of200_lambda0,2,11,2,2,18.98571089,0,91.04261679,110.0283277
diverse_rec,movielens_sample20of200_lambda0,2,11,3,3,27.92920575,0,89.69664074,117.6258465
diverse_rec,movielens_sample20of200_lambda0,2,11,4,4,36.78929933,0,88.38917901,125.1784783
diverse_rec,movielens_sample20of200_lambda0,2,11,5,5,45.64063306,0,86.92746135,132.5680944
diverse_rec,movielens_sample20of200_lambda0,2,11,6,6,54.03578455,0,85.87959424,139.9153788
diverse_rec,movielens_sample20of200_lambda0,2,11,7,7,62.3749889,0,84.70628977,147.0812787
diverse_rec,movielens_sample20of200_lambda0,2,11,8,8,70.65930053,0,83.24868165,153.9079822
diverse_rec,movielens_sample20of200_lambda0,2,11,9,9,78.90308667,0,81.46906221,160.3721489
diverse_rec,movielens_sample20of200_lambda0,2,11,10,10,86.87397301,0,73.49817586,160.3721489
diverse_rec,movielens_sample20of200_lambda0,2,11,11,11,94.68421575,0,65.68793313,160.3721489
diverse_rec,movielens_sample20of200_lambda0,2,12,0,0,0,0,102.3855187,102.3855187
diverse_rec,movielens_sample20of200_lambda0,2,12,1,1,9.507074946,0,100.5212527,110.0283277
diverse_rec,movielens_sample20of200_lambda0,2,12,2,2,18.98571089,0,98.6401356,117.6258465
diverse_rec,movielens_sample20of200_lambda0,2,12,3,3,27.92920575,0,97.2492726,125.1784783
diverse_rec,movielens_sample20of200_lambda0,2,12,4,4,36.78929933,0,95.77879508,132.5680944
diverse_rec,movielens_sample20of200_lambda0,2,12,5,5,45.64063306,0,94.27474573,139.9153788
diverse_rec,movielens_sample20of200_lambda0,2,12,6,6,54.03578455,0,93.04549413,147.0812787
diverse_rec,movielens_sample20of200_lambda0,2,12,7,7,62.3749889,0,91.53299328,153.9079822
diverse_rec,movielens_sample20of200_lambda0,2,12,8,8,70.65930053,0,89.71284834,160.3721489
diverse_rec,movielens_sample20of200_lambda0,2,12,9,9,78.90308667,0,81.46906221,160.3721489
diverse_rec,movielens_sample20of200_lambda0,2,12,10,10,86.87397301,0,73.49817586,160.3721489
diverse_rec,movielens_sample20of200_lambda0,2,12,11,11,94.68421575,0,65.68793313,160.3721489
diverse_rec,movielens_sample20of200_lambda0,2,12,12,12,102.3855187,0,57.98663018,160.3721489
diverse_rec,movielens_sample20of200_lambda0,2,13,0,0,0,0,110.0283277,110.0283277
diverse_rec,movielens_sample20of200_lambda0,2,13,1,1,9.507074946,0,108.1187715,117.6258465
diverse_rec,movielens_sample20of200_lambda0,2,13,2,2,18.98571089,0,106.1927675,125.1784783
diverse_rec,movielens_sample20of200_lambda0,2,13,3,3,27.92920575,0,104.6388887,132.5680944
diverse_rec,movielens_sample20of200_lambda0,2,13,4,4,36.78929933,0,103.1260795,139.9153788
diverse_rec,movielens_sample20of200_lambda0,2,13,5,5,45.64063306,0,101.4406456,147.0812787
diverse_rec,movielens_sample20of200_lambda0,2,13,6,6,54.03578455,0,99.87219764,153.9079822
diverse_rec,movielens_sample20of200_lambda0,2,13,7,7,62.3749889,0,97.99715997,160.3721489
diverse_rec,movielens_sample20of200_lambda0,2,13,8,8,70.65930053,0,89.71284834,160.3721489
diverse_rec,movielens_sample20of200_lambda0,2,13,9,9,78.90308667,0,81.46906221,160.3721489
diverse_rec,movielens_sample20of200_lambda0,2,13,10,10,86.87397301,0,73.49817586,160.3721489
diverse_rec,movielens_sample20of200_lambda0,2,13,11,11,94.68421575,0,65.68793313,160.3721489
diverse_rec,movielens_sample20of200_lambda0,2,13,12,12,102.3855187,0,57.98663018,160.3721489
diverse_rec,movielens_sample20of200_lambda0,2,13,13,13,110.0283277,0,50.34382119,160.3721489
diverse_rec,movielens_sample20of200_lambda0,2,14,0,0,0,0,117.6258465,117.6258465
diverse_rec,movielens_sample20of200_lambda0,2,14,1,1,9.507074946,0,115.6714034,125.1784783
diverse_rec,movielens_sample20of200_lambda0,2,14,2,2,18.98571089,0,113.5823835,132.5680944
diverse_rec,movielens_sample20of200_lambda0,2,14,3,3,27.92920575,0,111.986173,139.9153788
diverse_rec,movielens_sample20of200_lambda0,2,14,4,4,36.78929933,0,110.2919793,147.0812787
diverse_rec,movielens_sample20of200_lambda0,2,14,5,5,45.64063306,0,108.2673491,153.9079822
diverse_rec,movielens_sample20of200_lambda0,2,14,6,6,54.03578455,0,106.3363643,160.3721489
diverse_rec,movielens_sample20of200_lambda0,2,14,7,7,62.3749889,0,97.99715997,160.3721489
diverse_rec,movielens_sample20of200_lambda0,2,14,8,8,70.65930053,0,89.71284834,160.3721489
diverse_rec,movielens_sample20of200_lambda0,2,14,9,9,78.90308667,0,81.46906221,160.3721489
diverse_rec,movielens_sample20of200_lambda0,2,14,10,10,86.87397301,0,73.49817586,160.3721489
diverse_rec,movielens_sample20of200_lambda0,2,14,11,11,94.68421575,0,65.68793313,160.3721489
diverse_rec,movielens_sample20of200_lambda0,2,14,12,12,102.3855187,0,57.98663018,160.3721489
diverse_rec,movielens_sample20of200_lambda0,2,14,13,13,110.0283277,0,50.34382119,160.3721489
diverse_rec,movielens_sample20of200_lambda0,2,14,14,14,117.6258465,0,42.74630239,160.3721489
diverse_rec,movielens_sample20of200_lambda0,2,15,0,0,0,0,125.1784783,125.1784783
diverse_rec,movielens_sample20of200_lambda0,2,15,1,1,9.507074946,0,123.0610195,132.5680944
diverse_rec,movielens_sample20of200_lambda0,2,15,2,2,18.98571089,0,120.9296679,139.9153788
diverse_rec,movielens_sample20of200_lambda0,2,15,3,3,27.92920575,0,119.1520729,147.0812787
diverse_rec,movielens_sample20of200_lambda0,2,15,4,4,36.78929933,0,117.1186829,153.9079822
diverse_rec,movielens_sample20of200_lambda0,2,15,5,5,45.64063306,0,114.7315158,160.3721489
diverse_rec,movielens_sample20of200_lambda0,2,15,6,6,54.03578455,0,106.3363643,160.3721489
diverse_rec,movielens_sample20of200_lambda0,2,15,7,7,62.3749889,0,97.99715997,160.3721489
diverse_rec,movielens_sample20of200_lambda0,2,15,8,8,70.65930053,0,89.71284834,160.3721489
diverse_rec,movielens_sample20of200_lambda0,2,15,9,9,78.90308667,0,81.46906221,160.3721489
diverse_rec,movielens_sample20of200_lambda0,2,15,10,10,86.87397301,0,73.49817586,160.3721489
diverse_rec,movielens_sample20of200_lambda0,2,15,11,11,94.68421575,0,65.68793313,160.3721489
diverse_rec,movielens_sample20of200_lambda0,2,15,12,12,102.3855187,0,57.98663018,160.3721489
diverse_rec,movielens_sample20of200_lambda0,2,15,13,13,110.0283277,0,50.34382119,160.3721489
diverse_rec,movielens_sample20of200_lambda0,2,15,14,14,117.6258465,0,42.74630239,160.3721489
diverse_rec,movielens_sample20of200_lambda0,2,15,15,15,125.1784783,0,35.19367053,160.3721489
diverse_rec,movielens_sample20of200_lambda0,2,16,0,0,0,0,132.5680944,132.5680944
diverse_rec,movielens_sample20of200_lambda0,2,16,1,1,9.507074946,0,130.4083038,139.9153788
diverse_rec,movielens_sample20of200_lambda0,2,16,2,2,18.98571089,0,128.0955678,147.0812787
diverse_rec,movielens_sample20of200_lambda0,2,16,3,3,27.92920575,0,125.9787764,153.9079822
diverse_rec,movielens_sample20of200_lambda0,2,16,4,4,36.78929933,0,123.5828495,160.3721489
diverse_rec,movielens_sample20of200_lambda0,2,16,5,5,45.64063306,0,114.7315158,160.3721489
diverse_rec,movielens_sample20of200_lambda0,2,16,6,6,54.03578455,0,106.3363643,160.3721489
diverse_rec,movielens_sample20of200_lambda0,2,16,7,7,62.3749889,0,97.99715997,160.3721489
diverse_rec,movielens_sample20of200_lambda0,2,16,8,8,70.65930053,0,89.71284834,160.3721489
diverse_rec,movielens_sample20of200_lambda0,2,16,9,9,78.90308667,0,81.46906221,160.3721489
diverse_rec,movielens_sample20of200_lambda0,2,16,10,10,86.87397301,0,73.49817586,160.3721489
diverse_rec,movielens_sample20of200_lambda0,2,16,11,11,94.68421575,0,65.68793313,160.3721489
diverse_rec,movielens_sample20of200_lambda0,2,16,12,12,102.3855187,0,57.98663018,160.3721489
diverse_rec,movielens_sample20of200_lambda0,2,16,13,13,110.0283277,0,50.34382119,160.3721489
diverse_rec,movielens_sample20of200_lambda0,2,16,14,14,117.6258465,0,42.74630239,160.3721489
diverse_rec,movielens_sample20of200_lambda0,2,16,15,15,125.1784783,0,35.19367053,160.3721489
diverse_rec,movielens_sample20of200_lambda0,2,16,16,16,132.5680944,0,27.80405446,160.3721489
diverse_rec,movielens_sample20of200_lambda0,2,17,0,0,0,0,139.9153788,139.9153788
diverse_rec,movielens_sample20of200_lambda0,2,17,1,1,9.507074946,0,137.5742037,147.0812787
diverse_rec,movielens_sample20of200_lambda0,2,17,2,2,18.98571089,0,134.9222713,153.9079822
diverse_rec,movielens_sample20of200_lambda0,2,17,3,3,27.92920575,0,132.4429431,160.3721489
diverse_rec,movielens_sample20of200_lambda0,2,17,4,4,36.78929933,0,123.5828495,160.3721489
diverse_rec,movielens_sample20of200_lambda0,2,17,5,5,45.64063306,0,114.7315158,160.3721489
diverse_rec,movielens_sample20of200_lambda0,2,17,6,6,54.03578455,0,106.3363643,160.3721489
diverse_rec,movielens_sample20of200_lambda0,2,17,7,7,62.3749889,0,97.99715997,160.3721489
diverse_rec,movielens_sample20of200_lambda0,2,17,8,8,70.65930053,0,89.71284834,160.3721489
diverse_rec,movielens_sample20of200_lambda0,2,17,9,9,78.90308667,0,81.46906221,160.3721489
diverse_rec,movielens_sample20of200_lambda0,2,17,10,10,86.87397301,0,73.49817586,160.3721489
diverse_rec,movielens_sample20of200_lambda0,2,17,11,11,94.68421575,0,65.68793313,160.3721489
diverse_rec,movielens_sample20of200_lambda0,2,17,12,12,102.3855187,0,57.98663018,160.3721489
diverse_rec,movielens_sample20of200_lambda0,2,17,13,13,110.0283277,0,50.34382119,160.3721489
diverse_rec,movielens_sample20of200_lambda0,2,17,14,14,117.6258465,0,42.74630239,160.3721489
diverse_rec,movielens_sample20of200_lambda0,2,17,15,15,125.1784783,0,35.19367053,160.3721489
diverse_rec,movielens_sample20of200_lambda0,2,17,16,16,132.5680944,0,27.80405446,160.3721489
diverse_rec,movielens_sample20of200_lambda0,2,17,17,17,139.9153788,0,20.45677008,160.3721489
diverse_rec,movielens_sample20of200_lambda0,2,18,0,0,0,0,147.0812787,147.0812787
diverse_rec,movielens_sample20of200_lambda0,2,18,1,1,9.507074946,0,144.4009072,153.9079822
diverse_rec,movielens_sample20of200_lambda0,2,18,2,2,18.98571089,0,141.386438,160.3721489
diverse_rec,movielens_sample20of200_lambda0,2,18,3,3,27.92920575,0,132.4429431,160.3721489
diverse_rec,movielens_sample20of200_lambda0,2,18,4,4,36.78929933,0,123.5828495,160.3721489
diverse_rec,movielens_sample20of200_lambda0,2,18,5,5,45.64063306,0,114.7315158,160.3721489
diverse_rec,movielens_sample20of200_lambda0,2,18,6,6,54.03578455,0,106.3363643,160.3721489
diverse_rec,movielens_sample20of200_lambda0,2,18,7,7,62.3749889,0,97.99715997,160.3721489
diverse_rec,movielens_sample20of200_lambda0,2,18,8,8,70.65930053,0,89.71284834,160.3721489
diverse_rec,movielens_sample20of200_lambda0,2,18,9,9,78.90308667,0,81.46906221,160.3721489
diverse_rec,movielens_sample20of200_lambda0,2,18,10,10,86.87397301,0,73.49817586,160.3721489
diverse_rec,movielens_sample20of200_lambda0,2,18,11,11,94.68421575,0,65.68793313,160.3721489
diverse_rec,movielens_sample20of200_lambda0,2,18,12,12,102.3855187,0,57.98663018,160.3721489
diverse_rec,movielens_sample20of200_lambda0,2,18,13,13,110.0283277,0,50.34382119,160.3721489
diverse_rec,movielens_sample20of200_lambda0,2,18,14,14,117.6258465,0,42.74630239,160.3721489
diverse_rec,movielens_sample20of200_lambda0,2,18,15,15,125.1784783,0,35.19367053,160.3721489
diverse_rec,movielens_sample20of200_lambda0,2,18,16,16,132.5680944,0,27.80405446,160.3721489
diverse_rec,movielens_sample20of200_lambda0,2,18,17,17,139.9153788,0,20.45677008,160.3721489
diverse_rec,movielens_sample20of200_lambda0,2,18,18,18,147.0812787,0,13.2908702,160.3721489
diverse_rec,movielens_sample20of200_lambda0,2,19,0,0,0,0,153.9079822,153.9079822
diverse_rec,movielens_sample20of200_lambda0,2,19,1,1,9.507074946,0,150.8650739,160.3721489
diverse_rec,movielens_sample20of200_lambda0,2,19,2,2,18.98571089,0,141.386438,160.3721489
diverse_rec,movielens_sample20of200_lambda0,2,19,3,3,27.92920575,0,132.4429431,160.3721489
diverse_rec,movielens_sample20of200_lambda0,2,19,4,4,36.78929933,0,123.5828495,160.3721489
diverse_rec,movielens_sample20of200_lambda0,2,19,5,5,45.64063306,0,114.7315158,160.3721489
diverse_rec,movielens_sample20of200_lambda0,2,19,6,6,54.03578455,0,106.3363643,160.3721489
diverse_rec,movielens_sample20of200_lambda0,2,19,7,7,62.3749889,0,97.99715997,160.3721489
diverse_rec,movielens_sample20of200_lambda0,2,19,8,8,70.65930053,0,89.71284834,160.3721489
diverse_rec,movielens_sample20of200_lambda0,2,19,9,9,78.90308667,0,81.46906221,160.3721489
diverse_rec,movielens_sample20of200_lambda0,2,19,10,10,86.87397301,0,73.49817586,160.3721489
diverse_rec,movielens_sample20of200_lambda0,2,19,11,11,94.68421575,0,65.68793313,160.3721489
diverse_rec,movielens_sample20of200_lambda0,2,19,12,12,102.3855187,0,57.98663018,160.3721489
diverse_rec,movielens_sample20of200_lambda0,2,19,13,13,110.0283277,0,50.34382119,160.3721489
diverse_rec,movielens_sample20of200_lambda0,2,19,14,14,117.6258465,0,42.74630239,160.3721489
diverse_rec,movielens_sample20of200_lambda0,2,19,15,15,125.1784783,0,35.19367053,160.3721489
diverse_rec,movielens_sample20of200_lambda0,2,19,16,16,132.5680944,0,27.80405446,160.3721489
diverse_rec,movielens_sample20of200_lambda0,2,19,17,17,139.9153788,0,20.45677008,160.3721489
diverse_rec,movielens_sample20of200_lambda0,2,19,18,18,147.0812787,0,13.2908702,160.3721489
diverse_rec,movielens_sample20of200_lambda0,2,19,19,19,153.9079822,0,6.46416669,160.3721489
diverse_rec,movielens_sample20of200_lambda0,2,20,0,0,0,0,160.3721489,160.3721489
diverse_rec,movielens_sample20of200_lambda0,2,20,1,1,9.507074946,0,150.8650739,160.3721489
diverse_rec,movielens_sample20of200_lambda0,2,20,2,2,18.98571089,0,141.386438,160.3721489
diverse_rec,movielens_sample20of200_lambda0,2,20,3,3,27.92920575,0,132.4429431,160.3721489
diverse_rec,movielens_sample20of200_lambda0,2,20,4,4,36.78929933,0,123.5828495,160.3721489
diverse_rec,movielens_sample20of200_lambda0,2,20,5,5,45.64063306,0,114.7315158,160.3721489
diverse_rec,movielens_sample20of200_lambda0,2,20,6,6,54.03578455,0,106.3363643,160.3721489
diverse_rec,movielens_sample20of200_lambda0,2,20,7,7,62.3749889,0,97.99715997,160.3721489
diverse_rec,movielens_sample20of200_lambda0,2,20,8,8,70.65930053,0,89.71284834,160.3721489
diverse_rec,movielens_sample20of200_lambda0,2,20,9,9,78.90308667,0,81.46906221,160.3721489
diverse_rec,movielens_sample20of200_lambda0,2,20,10,10,86.87397301,0,73.49817586,160.3721489
diverse_rec,movielens_sample20of200_lambda0,2,20,11,11,94.68421575,0,65.68793313,160.3721489
diverse_rec,movielens_sample20of200_lambda0,2,20,12,12,102.3855187,0,57.98663018,160.3721489
diverse_rec,movielens_sample20of200_lambda0,2,20,13,13,110.0283277,0,50.34382119,160.3721489
diverse_rec,movielens_sample20of200_lambda0,2,20,14,14,117.6258465,0,42.74630239,160.3721489
diverse_rec,movielens_sample20of200_lambda0,2,20,15,15,125.1784783,0,35.19367053,160.3721489
diverse_rec,movielens_sample20of200_lambda0,2,20,16,16,132.5680944,0,27.80405446,160.3721489
diverse_rec,movielens_sample20of200_lambda0,2,20,17,17,139.9153788,0,20.45677008,160.3721489
diverse_rec,movielens_sample20of200_lambda0,2,20,18,18,147.0812787,0,13.2908702,160.3721489
diverse_rec,movielens_sample20of200_lambda0,2,20,19,19,153.9079822,0,6.46416669,160.3721489
diverse_rec,movielens_sample20of200_lambda0,2,20,20,20,160.3721489,0,0,160.3721489
diverse_rec,movielens_sample20of200_lambda0,3,1,0,0,0,0,9.244091739,9.244091739
diverse_rec,movielens_sample20of200_lambda0,3,1,1,1,9.244091739,0,8.600485375,17.84457711
diverse_rec,movielens_sample20of200_lambda0,3,2,0,0,0,0,17.84457711,17.84457711
diverse_rec,movielens_sample20of200_lambda0,3,2,1,1,9.244091739,0,17.08057355,26.32466529
diverse_rec,movielens_sample20of200_lambda0,3,2,2,2,17.84457711,0,16.78040904,34.62498615
diverse_rec,movielens_sample20of200_lambda0,3,3,0,0,0,0,26.32466529,26.32466529
diverse_rec,movielens_sample20of200_lambda0,3,3,1,1,9.244091739,0,25.38089442,34.62498615
diverse_rec,movielens_sample20of200_lambda0,3,3,2,2,17.84457711,0,25.04307574,42.88765285
diverse_rec,movielens_sample20of200_lambda0,3,3,3,3,26.32466529,0,24.78045788,51.10512317
diverse_rec,movielens_sample20of200_lambda0,3,4,0,0,0,0,34.62498615,34.62498615
diverse_rec,movielens_sample20of200_lambda0,3,4,1,1,9.244091739,0,33.64356112,42.88765285
diverse_rec,movielens_sample20of200_lambda0,3,4,2,2,17.84457711,0,33.26054606,51.10512317
diverse_rec,movielens_sample20of200_lambda0,3,4,3,3,26.32466529,0,32.68760053,59.01226582
diverse_rec,movielens_sample20of200_lambda0,3,4,4,4,34.62498615,0,32.27715173,66.90213789
diverse_rec,movielens_sample20of200_lambda0,3,5,0,0,0,0,42.88765285,42.88765285
diverse_rec,movielens_sample20of200_lambda0,3,5,1,1,9.244091739,0,41.86103143,51.10512317
diverse_rec,movielens_sample20of200_lambda0,3,5,2,2,17.84457711,0,41.1676887,59.01226582
diverse_rec,movielens_sample20of200_lambda0,3,5,3,3,26.32466529,0,40.5774726,66.90213789
diverse_rec,movielens_sample20of200_lambda0,3,5,4,4,34.62498615,0,40.1469573,74.77194346
diverse_rec,movielens_sample20of200_lambda0,3,5,5,5,42.88765285,0,39.73501631,82.62266917
diverse_rec,movielens_sample20of200_lambda0,3,6,0,0,0,0,51.10512317,51.10512317
diverse_rec,movielens_sample20of200_lambda0,3,6,1,1,9.244091739,0,49.76817408,59.01226582
diverse_rec,movielens_sample20of200_lambda0,3,6,2,2,17.84457711,0,49.05756077,66.90213789
diverse_rec,movielens_sample20of200_lambda0,3,6,3,3,26.32466529,0,48.44727817,74.77194346
diverse_rec,movielens_sample20of200_lambda0,3,6,4,4,34.62498615,0,47.99768301,82.62266917
diverse_rec,movielens_sample20of200_lambda0,3,6,5,5,42.88765285,0,47.54842089,90.43607374
diverse_rec,movielens_sample20of200_lambda0,3,6,6,6,51.10512317,0,46.99686192,98.1019851
diverse_rec,movielens_sample20of200_lambda0,3,7,0,0,0,0,59.01226582,59.01226582
diverse_rec,movielens_sample20of200_lambda0,3,7,1,1,9.244091739,0,57.65804615,66.90213789
diverse_rec,movielens_sample20of200_lambda0,3,7,2,2,17.84457711,0,56.92736634,74.77194346
diverse_rec,movielens_sample20of200_lambda0,3,7,3,3,26.32466529,0,56.29800388,82.62266917
diverse_rec,movielens_sample20of200_lambda0,3,7,4,4,34.62498615,0,55.81108759,90.43607374
diverse_rec,movielens_sample20of200_lambda0,3,7,5,5,42.88765285,0,55.21433224,98.1019851
diverse_rec,movielens_sample20of200_lambda0,3,7,6,6,51.10512317,0,54.65629781,105.761421
diverse_rec,movielens_sample20of200_lambda0,3,7,7,7,59.01226582,0,54.3974539,113.4097197
diverse_rec,movielens_sample20of200_lambda0,3,8,0,0,0,0,66.90213789,66.90213789
diverse_rec,movielens_sample20of200_lambda0,3,8,1,1,9.244091739,0,65.52785172,74.77194346
diverse_rec,movielens_sample20of200_lambda0,3,8,2,2,17.84457711,0,64.77809205,82.62266917
diverse_rec,movielens_sample20of200_lambda0,3,8,3,3,26.32466529,0,64.11140846,90.43607374
diverse_rec,movielens_sample20of200_lambda0,3,8,4,4,34.62498615,0,63.47699894,98.1019851
diverse_rec,movielens_sample20of200_lambda0,3,8,5,5,42.88765285,0,62.87376813,105.761421
diverse_rec,movielens_sample20of200_lambda0,3,8,6,6,51.10512317,0,62.30459654,113.4097197
diverse_rec,movielens_sample20of200_lambda0,3,8,7,7,59.01226582,0,62.03036137,121.0426272
diverse_rec,movielens_sample20of200_lambda0,3,8,8,8,66.90213789,0,61.77195102,128.6740889
diverse_rec,movielens_sample20of200_lambda0,3,9,0,0,0,0,74.77194346,74.77194346
diverse_rec,movielens_sample20of200_lambda0,3,9,1,1,9.244091739,0,73.37857743,82.62266917
diverse_rec,movielens_sample20of200_lambda0,3,9,2,2,17.84457711,0,72.59149663,90.43607374
diverse_rec,movielens_sample20of200_lambda0,3,9,3,3,26.32466529,0,71.77731981,98.1019851
diverse_rec,movielens_sample20of200_lambda0,3,9,4,4,34.62498615,0,71.13643483,105.761421
diverse_rec,movielens_sample20of200_lambda0,3,9,5,5,42.88765285,0,70.52206686,113.4097197
diverse_rec,movielens_sample20of200_lambda0,3,9,6,6,51.10512317,0,69.93750401,121.0426272
diverse_rec,movielens_sample20of200_lambda0,3,9,7,7,59.01226582,0,69.66182309,128.6740889
diverse_rec,movielens_sample20of200_lambda0,3,9,8,8,66.90213789,0,69.35973152,136.2618694
diverse_rec,movielens_sample20of200_lambda0,3,9,9,9,74.77194346,0,69.06037975,143.8323232
diverse_rec,movielens_sample20of200_lambda0,3,10,0,0,0,0,82.62266917,82.62266917
diverse_rec,movielens_sample20of200_lambda0,3,10,1,1,9.244091739,0,81.19198201,90.43607374
diverse_rec,movielens_sample20of200_lambda0,3,10,2,2,17.84457711,0,80.25740798,98.1019851
diverse_rec,movielens_sample20of200_lambda0,3,10,3,3,26.32466529,0,79.4367557,105.761421
diverse_rec,movielens_sample20of200_lambda0,3,10,4,4,34.62498615,0,78.78473356,113.4097197
diverse_rec,movielens_sample20of200_lambda0,3,10,5,5,42.88765285,0,78.15497433,121.0426272
diverse_rec,movielens_sample20of200_lambda0,3,10,6,6,51.10512317,0,77.56896573,128.6740889
diverse_rec,movielens_sample20of200_lambda0,3,10,7,7,59.01226582,0,77.24960359,136.2618694
diverse_rec,movielens_sample20of200_lambda0,3,10,8,8,66.90213789,0,76.93018531,143.8323232
diverse_rec,movielens_sample20of200_lambda0,3,10,9,9,74.77194346,0,75.99632438,150.7682678
diverse_rec,movielens_sample20of200_lambda0,3,10,10,10,82.62266917,0,74.87321028,157.4958794
diverse_rec,movielens_sample20of200_lambda0,3,11,0,0,0,0,90.43607374,90.43607374
diverse_rec,movielens_sample20of200_lambda0,3,11,1,1,9.244091739,0,88.85789336,98.1019851
diverse_rec,movielens_sample20of200_lambda0,3,11,2,2,17.84457711,0,87.91684387,105.761421
diverse_rec,movielens_sample20of200_lambda0,3,11,3,3,26.32466529,0,87.08505443,113.4097197
diverse_rec,movielens_sample20of200_lambda0,3,11,4,4,34.62498615,0,86.41764103,121.0426272
diverse_rec,movielens_sample20of200_lambda0,3,11,5,5,42.88765285,0,85.78643605,128.6740889
diverse_rec,movielens_sample20of200_lambda0,3,11,6,6,51.10512317,0,85.15674623,136.2618694
diverse_rec,movielens_sample20of200_lambda0,3,11,7,7,59.01226582,0,84.82005739,143.8323232
diverse_rec,movielens_sample20of200_lambda0,3,11,8,8,66.90213789,0,83.86612994,150.7682678
diverse_rec,movielens_sample20of200_lambda0,3,11,9,9,74.77194346,0,82.72393599,157.4958794
diverse_rec,movielens_sample20of200_lambda0,3,11,10,10,82.62266917,0,74.87321028,157.4958794
diverse_rec,movielens_sample20of200_lambda0,3,11,11,11,90.43607374,0,67.0598057,157.4958794
diverse_rec,movielens_sample20of200_lambda0,3,12,0,0,0,0,98.1019851,98.1019851
diverse_rec,movielens_sample20of200_lambda0,3,12,1,1,9.244091739,0,96.51732925,105.761421
diverse_rec,movielens_sample20of200_lambda0,3,12,2,2,17.84457711,0,95.5651426,113.4097197
diverse_rec,movielens_sample20of200_lambda0,3,12,3,3,26.32466529,0,94.71796189,121.0426272
diverse_rec,movielens_sample20of200_lambda0,3,12,4,4,34.62498615,0,94.04910275,128.6740889
diverse_rec,movielens_sample20of200_lambda0,3,12,5,5,42.88765285,0,93.37421655,136.2618694
diverse_rec,movielens_sample20of200_lambda0,3,12,6,6,51.10512317,0,92.72720003,143.8323232
diverse_rec,movielens_sample20of200_lambda0,3,12,7,7,59.01226582,0,91.75600202,150.7682678
diverse_rec,movielens_sample20of200_lambda0,3,12,8,8,66.90213789,0,90.59374156,157.4958794
diverse_rec,movielens_sample20of200_lambda0,3,12,9,9,74.77194346,0,82.72393599,157.4958794
diverse_rec,movielens_sample20of200_lambda0,3,12,10,10,82.62266917,0,74.87321028,157.4958794
diverse_rec,movielens_sample20of200_lambda0,3,12,11,11,90.43607374,0,67.0598057,157.4958794
diverse_rec,movielens_sample20of200_lambda0,3,12,12,12,98.1019851,0,59.39389435,157.4958794
diverse_rec,movielens_sample20of200_lambda0,3,13,0,0,0,0,105.761421,105.761421
diverse_rec,movielens_sample20of200_lambda0,3,13,1,1,9.244091739,0,104.165628,113.4097197
diverse_rec,movielens_sample20of200_lambda0,3,13,2,2,17.84457711,0,103.1980501,121.0426272
diverse_rec,movielens_sample20of200_lambda0,3,13,3,3,26.32466529,0,102.3494236,128.6740889
diverse_rec,movielens_sample20of200_lambda0,3,13,4,4,34.62498615,0,101.6368832,136.2618694
diverse_rec,movielens_sample20of200_lambda0,3,13,5,5,42.88765285,0,100.9446703,143.8323232
diverse_rec,movielens_sample20of200_lambda0,3,13,6,6,51.10512317,0,99.66314466,150.7682678
diverse_rec,movielens_sample20of200_lambda0,3,13,7,7,59.01226582,0,98.48361363,157.4958794
diverse_rec,movielens_sample20of200_lambda0,3,13,8,8,66.90213789,0,90.59374156,157.4958794
diverse_rec,movielens_sample20of200_lambda0,3,13,9,9,74.77194346,0,82.72393599,157.4958794
diverse_rec,movielens_sample20of200_lambda0,3,13,10,10,82.62266917,0,74.87321028,157.4958794
diverse_rec,movielens_sample20of200_lambda0,3,13,11,11,90.43607374,0,67.0598057,157.4958794
diverse_rec,movielens_sample20of200_lambda0,3,13,12,12,98.1019851,0,59.39389435,157.4958794
diverse_rec,movielens_sample20of200_lambda0,3,13,13,13,105.761421,0,51.73445846,157.4958794
diverse_rec,movielens_sample20of200_lambda0,3,14,0,0,0,0,113.4097197,113.4097197
diverse_rec,movielens_sample20of200_lambda0,3,14,1,1,9.244091739,0,111.7985354,121.0426272
diverse_rec,movielens_sample20of200_lambda0,3,14,2,2,17.84457711,0,110.8295118,128.6740889
diverse_rec,movielens_sample20of200_lambda0,3,14,3,3,26.32466529,0,109.9372041,136.2618694
diverse_rec,movielens_sample20of200_lambda0,3,14,4,4,34.62498615,0,109.207337,143.8323232
diverse_rec,movielens_sample20of200_lambda0,3,14,5,5,42.88765285,0,107.880615,150.7682678
diverse_rec,movielens_sample20of200_lambda0,3,14,6,6,51.10512317,0,106.3907563,157.4958794
diverse_rec,movielens_sample20of200_lambda0,3,14,7,7,59.01226582,0,98.48361363,157.4958794
diverse_rec,movielens_sample20of200_lambda0,3,14,8,8,66.90213789,0,90.59374156,157.4958794
diverse_rec,movielens_sample20of200_lambda0,3,14,9,9,74.77194346,0,82.72393599,157.4958794
diverse_rec,movielens_sample20of200_lambda0,3,14,10,10,82.62266917,0,74.87321028,157.4958794
diverse_rec,movielens_sample20of200_lambda0,3,14,11,11,90.43607374,0,67.0598057,157.4958794
diverse_rec,movielens_sample20of200_lambda0,3,14,12,12,98.1019851,0,59.39389435,157.4958794
diverse_rec,movielens_sample20of200_lambda0,3,14,13,13,105.761421,0,51.73445846,157.4958794
diverse_rec,movielens_sample20of200_lambda0,3,14,14,14,113.4097197,0,44.08615973,157.4958794
diverse_rec,movielens_sample20of200_lambda0,3,15,0,0,0,0,121.0426272,121.0426272
diverse_rec,movielens_sample20of200_lambda0,3,15,1,1,9.244091739,0,119.4299972,128.6740889
diverse_rec,movielens_sample20of200_lambda0,3,15,2,2,17.84457711,0,118.4172923,136.2618694
diverse_rec,movielens_sample20of200_lambda0,3,15,3,3,26.32466529,0,117.5076579,143.8323232
diverse_rec,movielens_sample20of200_lambda0,3,15,4,4,34.62498615,0,116.1432817,150.7682678
diverse_rec,movielens_sample20of200_lambda0,3,15,5,5,42.88765285,0,114.6082266,157.4958794
diverse_rec,movielens_sample20of200_lambda0,3,15,6,6,51.10512317,0,106.3907563,157.4958794
diverse_rec,movielens_sample20of200_lambda0,3,15,7,7,59.01226582,0,98.48361363,157.4958794
diverse_rec,movielens_sample20of200_lambda0,3,15,8,8,66.90213789,0,90.59374156,157.4958794
diverse_rec,movielens_sample20of200_lambda0,3,15,9,9,74.77194346,0,82.72393599,157.4958794
diverse_rec,movielens_sample20of200_lambda0,3,15,10,10,82.62266917,0,74.87321028,157.4958794
diverse_rec,movielens_sample20of200_lambda0,3,15,11,11,90.43607374,0,67.0598057,157.4958794
diverse_rec,movielens_sample20of200_lambda0,3,15,12,12,98.1019851,0,59.39389435,157.4958794
diverse_rec,movielens_sample20of200_lambda0,3,15,13,13,105.761421,0,51.73445846,157.4958794
diverse_rec,movielens_sample20of200_lambda0,3,15,14,14,113.4097197,0,44.08615973,157.4958794
diverse_rec,movielens_sample20of200_lambda0,3,15,15,15,121.0426272,0,36.45325226,157.4958794
diverse_rec,movielens_sample20of200_lambda0,3,16,0,0,0,0,128.6740889,128.6740889
diverse_rec,movielens_sample20of200_lambda0,3,16,1,1,9.244091739,0,127.0177777,136.2618694
diverse_rec,movielens_sample20of200_lambda0,3,16,2,2,17.84457711,0,125.9877461,143.8323232
diverse_rec,movielens_sample20of200_lambda0,3,16,3,3,26.32466529,0,124.4436025,150.7682678
diverse_rec,movielens_sample20of200_lambda0,3,16,4,4,34.62498615,0,122.8708933,157.4958794
diverse_rec,movielens_sample20of200_lambda0,3,16,5,5,42.88765285,0,114.6082266,157.4958794
diverse_rec,movielens_sample20of200_lambda0,3,16,6,6,51.10512317,0,106.3907563,157.4958794
diverse_rec,movielens_sample20of200_lambda0,3,16,7,7,59.01226582,0,98.48361363,157.4958794
diverse_rec,movielens_sample20of200_lambda0,3,16,8,8,66.90213789,0,90.59374156,157.4958794
diverse_rec,movielens_sample20of200_lambda0,3,16,9,9,74.77194346,0,82.72393599,157.4958794
diverse_rec,movielens_sample20of200_lambda0,3,16,10,10,82.62266917,0,74.87321028,157.4958794
diverse_rec,movielens_sample20of200_lambda0,3,16,11,11,90.43607374,0,67.0598057,157.4958794
diverse_rec,movielens_sample20of200_lambda0,3,16,12,12,98.1019851,0,59.39389435,157.4958794
diverse_rec,movielens_sample20of200_lambda0,3,16,13,13,105.761421,0,51.73445846,157.4958794
diverse_rec,movielens_sample20of200_lambda0,3,16,14,14,113.4097197,0,44.08615973,157.4958794
diverse_rec,movielens_sample20of200_lambda0,3,16,15,15,121.0426272,0,36.45325226,157.4958794
diverse_rec,movielens_sample20of200_lambda0,3,16,16,16,128.6740889,0,28.82179054,157.4958794
diverse_rec,movielens_sample20of200_lambda0,3,17,0,0,0,0,136.2618694,136.2618694
diverse_rec,movielens_sample20of200_lambda0,3,17,1,1,9.244091739,0,134.5882315,143.8323232
diverse_rec,movielens_sample20of200_lambda0,3,17,2,2,17.84457711,0,132.9236907,150.7682678
diverse_rec,movielens_sample20of200_lambda0,3,17,3,3,26.32466529,0,131.1712142,157.4958794
diverse_rec,movielens_sample20of200_lambda0,3,17,4,4,34.62498615,0,122.8708933,157.4958794
diverse_rec,movielens_sample20of200_lambda0,3,17,5,5,42.88765285,0,114.6082266,157.4958794
diverse_rec,movielens_sample20of200_lambda0,3,17,6,6,51.10512317,0,106.3907563,157.4958794
diverse_rec,movielens_sample20of200_lambda0,3,17,7,7,59.01226582,0,98.48361363,157.4958794
diverse_rec,movielens_sample20of200_lambda0,3,17,8,8,66.90213789,0,90.59374156,157.4958794
diverse_rec,movielens_sample20of200_lambda0,3,17,9,9,74.77194346,0,82.72393599,157.4958794
diverse_rec,movielens_sample20of200_lambda0,3,17,10,10,82.62266917,0,74.87321028,157.4958794
diverse_rec,movielens_sample20of200_lambda0,3,17,11,11,90.43607374,0,67.0598057,157.4958794
diverse_rec,movielens_sample20of200_lambda0,3,17,12,12,98.1019851,0,59.39389435,157.4958794
diverse_rec,movielens_sample20of200_lambda0,3,17,13,13,105.761421,0,51.73445846,157.4958794
diverse_rec,movielens_sample20of200_lambda0,3,17,14,14,113.4097197,0,44.08615973,157.4958794
diverse_rec,movielens_sample20of200_lambda0,3,17,15,15,121.0426272,0,36.45325226,157.4958794
diverse_rec,movielens_sample20of200_lambda0,3,17,16,16,128.6740889,0,28.82179054,157.4958794
diverse_rec,movielens_sample20of200_lambda0,3,17,17,17,136.2618694,0,21.23401004,157.4958794
diverse_rec,movielens_sample20of200_lambda0,3,18,0,0,0,0,143.8323232,143.8323232
diverse_rec,movielens_sample20of200_lambda0,3,18,1,1,9.244091739,0,141.5241761,150.7682678
diverse_rec,movielens_sample20of200_lambda0,3,18,2,2,17.84457711,0,139.6513023,157.4958794
diverse_rec,movielens_sample20of200_lambda0,3,18,3,3,26.32466529,0,131.1712142,157.4958794
diverse_rec,movielens_sample20of200_lambda0,3,18,4,4,34.62498615,0,122.8708933,157.4958794
diverse_rec,movielens_sample20of200_lambda0,3,18,5,5,42.88765285,0,114.6082266,157.4958794
diverse_rec,movielens_sample20of200_lambda0,3,18,6,6,51.10512317,0,106.3907563,157.4958794
diverse_rec,movielens_sample20of200_lambda0,3,18,7,7,59.01226582,0,98.48361363,157.4958794
diverse_rec,movielens_sample20of200_lambda0,3,18,8,8,66.90213789,0,90.59374156,157.4958794
diverse_rec,movielens_sample20of200_lambda0,3,18,9,9,74.77194346,0,82.72393599,157.4958794
diverse_rec,movielens_sample20of200_lambda0,3,18,10,10,82.62266917,0,74.87321028,157.4958794
diverse_rec,movielens_sample20of200_lambda0,3,18,11,11,90.43607374,0,67.0598057,157.4958794
diverse_rec,movielens_sample20of200_lambda0,3,18,12,12,98.1019851,0,59.39389435,157.4958794
diverse_rec,movielens_sample20of200_lambda0,3,18,13,13,105.761421,0,51.73445846,157.4958794
diverse_rec,movielens_sample20of200_lambda0,3,18,14,14,113.4097197,0,44.08615973,157.4958794
diverse_rec,movielens_sample20of200_lambda0,3,18,15,15,121.0426272,0,36.45325226,157.4958794
diverse_rec,movielens_sample20of200_lambda0,3,18,16,16,128.6740889,0,28.82179054,157.4958794
diverse_rec,movielens_sample20of200_lambda0,3,18,17,17,136.2618694,0,21.23401004,157.4958794
diverse_rec,movielens_sample20of200_lambda0,3,18,18,18,143.8323232,0,13.66355624,157.4958794
diverse_rec,movielens_sample20of200_lambda0,3,19,0,0,0,0,150.7682678,150.7682678
diverse_rec,movielens_sample20of200_lambda0,3,19,1,1,9.244091739,0,148.2517877,157.4958794
diverse_rec,movielens_sample20of200_lambda0,3,19,2,2,17.84457711,0,139.6513023,157.4958794
diverse_rec,movielens_sample20of200_lambda0,3,19,3,3,26.32466529,0,131.1712142,157.4958794
diverse_rec,movielens_sample20of200_lambda0,3,19,4,4,34.62498615,0,122.8708933,157.4958794
diverse_rec,movielens_sample20of200_lambda0,3,19,5,5,42.88765285,0,114.6082266,157.4958794
diverse_rec,movielens_sample20of200_lambda0,3,19,6,6,51.10512317,0,106.3907563,157.4958794
diverse_rec,movielens_sample20of200_lambda0,3,19,7,7,59.01226582,0,98.48361363,157.4958794
diverse_rec,movielens_sample20of200_lambda0,3,19,8,8,66.90213789,0,90.59374156,157.4958794
diverse_rec,movielens_sample20of200_lambda0,3,19,9,9,74.77194346,0,82.72393599,157.4958794
diverse_rec,movielens_sample20of200_lambda0,3,19,10,10,82.62266917,0,74.87321028,157.4958794
diverse_rec,movielens_sample20of200_lambda0,3,19,11,11,90.43607374,0,67.0598057,157.4958794
diverse_rec,movielens_sample20of200_lambda0,3,19,12,12,98.1019851,0,59.39389435,157.4958794
diverse_rec,movielens_sample20of200_lambda0,3,19,13,13,105.761421,0,51.73445846,157.4958794
diverse_rec,movielens_sample20of200_lambda0,3,19,14,14,113.4097197,0,44.08615973,157.4958794
diverse_rec,movielens_sample20of200_lambda0,3,19,15,15,121.0426272,0,36.45325226,157.4958794
diverse_rec,movielens_sample20of200_lambda0,3,19,16,16,128.6740889,0,28.82179054,157.4958794
diverse_rec,movielens_sample20of200_lambda0,3,19,17,17,136.2618694,0,21.23401004,157.4958794
diverse_rec,movielens_sample20of200_lambda0,3,19,18,18,143.8323232,0,13.66355624,157.4958794
diverse_rec,movielens_sample20of200_lambda0,3,19,19,19,150.7682678,0,6.727611612,157.4958794
diverse_rec,movielens_sample20of200_lambda0,3,20,0,0,0,0,157.4958794,157.4958794
diverse_rec,movielens_sample20of200_lambda0,3,20,1,1,9.244091739,0,148.2517877,157.4958794
diverse_rec,movielens_sample20of200_lambda0,3,20,2,2,17.84457711,0,139.6513023,157.4958794
diverse_rec,movielens_sample20of200_lambda0,3,20,3,3,26.32466529,0,131.1712142,157.4958794
diverse_rec,movielens_sample20of200_lambda0,3,20,4,4,34.62498615,0,122.8708933,157.4958794
diverse_rec,movielens_sample20of200_lambda0,3,20,5,5,42.88765285,0,114.6082266,157.4958794
diverse_rec,movielens_sample20of200_lambda0,3,20,6,6,51.10512317,0,106.3907563,157.4958794
diverse_rec,movielens_sample20of200_lambda0,3,20,7,7,59.01226582,0,98.48361363,157.4958794
diverse_rec,movielens_sample20of200_lambda0,3,20,8,8,66.90213789,0,90.59374156,157.4958794
diverse_rec,movielens_sample20of200_lambda0,3,20,9,9,74.77194346,0,82.72393599,157.4958794
diverse_rec,movielens_sample20of200_lambda0,3,20,10,10,82.62266917,0,74.87321028,157.4958794
diverse_rec,movielens_sample20of200_lambda0,3,20,11,11,90.43607374,0,67.0598057,157.4958794
diverse_rec,movielens_sample20of200_lambda0,3,20,12,12,98.1019851,0,59.39389435,157.4958794
diverse_rec,movielens_sample20of200_lambda0,3,20,13,13,105.761421,0,51.73445846,157.4958794
diverse_rec,movielens_sample20of200_lambda0,3,20,14,14,113.4097197,0,44.08615973,157.4958794
diverse_rec,movielens_sample20of200_lambda0,3,20,15,15,121.0426272,0,36.45325226,157.4958794
diverse_rec,movielens_sample20of200_lambda0,3,20,16,16,128.6740889,0,28.82179054,157.4958794
diverse_rec,movielens_sample20of200_lambda0,3,20,17,17,136.2618694,0,21.23401004,157.4958794
diverse_rec,movielens_sample20of200_lambda0,3,20,18,18,143.8323232,0,13.66355624,157.4958794
diverse_rec,movielens_sample20of200_lambda0,3,20,19,19,150.7682678,0,6.727611612,157.4958794
diverse_rec,movielens_sample20of200_lambda0,3,20,20,20,157.4958794,0,0,157.4958794
diverse_rec,movielens_sample20of200_lambda0,4,1,0,0,0,0,9.433471541,9.433471541
diverse_rec,movielens_sample20of200_lambda0,4,1,1,1,9.433471541,0,9.389291577,18.82276312
diverse_rec,movielens_sample20of200_lambda0,4,2,0,0,0,0,18.82276312,18.82276312
diverse_rec,movielens_sample20of200_lambda0,4,2,1,1,9.433471541,0,18.69857446,28.13204601
diverse_rec,movielens_sample20of200_lambda0,4,2,2,2,18.82276312,0,18.46549942,37.28826254
diverse_rec,movielens_sample20of200_lambda0,4,3,0,0,0,0,28.13204601,28.13204601
diverse_rec,movielens_sample20of200_lambda0,4,3,1,1,9.433471541,0,27.854791,37.28826254
diverse_rec,movielens_sample20of200_lambda0,4,3,2,2,18.82276312,0,27.35706651,46.17982962
diverse_rec,movielens_sample20of200_lambda0,4,3,3,3,28.13204601,0,26.89620029,55.02824629
diverse_rec,movielens_sample20of200_lambda0,4,4,0,0,0,0,37.28826254,37.28826254
diverse_rec,movielens_sample20of200_lambda0,4,4,1,1,9.433471541,0,36.74635808,46.17982962
diverse_rec,movielens_sample20of200_lambda0,4,4,2,2,18.82276312,0,36.20548317,55.02824629
diverse_rec,movielens_sample20of200_lambda0,4,4,3,3,28.13204601,0,35.73596873,63.86801473
diverse_rec,movielens_sample20of200_lambda0,4,4,4,4,37.28826254,0,35.372943,72.66120554
diverse_rec,movielens_sample20of200_lambda0,4,5,0,0,0,0,46.17982962,46.17982962
diverse_rec,movielens_sample20of200_lambda0,4,5,1,1,9.433471541,0,45.59477475,55.02824629
diverse_rec,movielens_sample20of200_lambda0,4,5,2,2,18.82276312,0,45.04525161,63.86801473
diverse_rec,movielens_sample20of200_lambda0,4,5,3,3,28.13204601,0,44.52915953,72.66120554
diverse_rec,movielens_sample20of200_lambda0,4,5,4,4,37.28826254,0,44.12887093,81.41713347
diverse_rec,movielens_sample20of200_lambda0,4,5,5,5,46.17982962,0,43.95513122,90.13496085
diverse_rec,movielens_sample20of200_lambda0,4,6,0,0,0,0,55.02824629,55.02824629
diverse_rec,movielens_sample20of200_lambda0,4,6,1,1,9.433471541,0,54.43454319,63.86801473
diverse_rec,movielens_sample20of200_lambda0,4,6,2,2,18.82276312,0,53.83844242,72.66120554
diverse_rec,movielens_sample20of200_lambda0,4,6,3,3,28.13204601,0,53.28508746,81.41713347
diverse_rec,movielens_sample20of200_lambda0,4,6,4,4,37.28826254,0,52.84669831,90.13496085
diverse_rec,movielens_sample20of200_lambda0,4,6,5,5,46.17982962,0,52.64790337,98.82773299
diverse_rec,movielens_sample20of200_lambda0,4,6,6,6,55.02824629,0,52.36645886,107.3947051
diverse_rec,movielens_sample20of200_lambda0,4,7,0,0,0,0,63.86801473,63.86801473
diverse_rec,movielens_sample20of200_lambda0,4,7,1,1,9.433471541,0,63.227734,72.66120554
diverse_rec,movielens_sample20of200_lambda0,4,7,2,2,18.82276312,0,62.59437035,81.41713347
diverse_rec,movielens_sample20of200_lambda0,4,7,3,3,28.13204601,0,62.00291484,90.13496085
diverse_rec,movielens_sample20of200_lambda0,4,7,4,4,37.28826254,0,61.53947045,98.82773299
diverse_rec,movielens_sample20of200_lambda0,4,7,5,5,46.17982962,0,61.21487552,107.3947051
diverse_rec,movielens_sample20of200_lambda0,4,7,6,6,55.02824629,0,60.76585588,115.7941022
diverse_rec,movielens_sample20of200_lambda0,4,7,7,7,63.86801473,0,60.29670451,124.1647192
diverse_rec,movielens_sample20of200_lambda0,4,8,0,0,0,0,72.66120554,72.66120554
diverse_rec,movielens_sample20of200_lambda0,4,8,1,1,9.433471541,0,71.98366193,81.41713347
diverse_rec,movielens_sample20of200_lambda0,4,8,2,2,18.82276312,0,71.31219773,90.13496085
diverse_rec,movielens_sample20of200_lambda0,4,8,3,3,28.13204601,0,70.69568698,98.82773299
diverse_rec,movielens_sample20of200_lambda0,4,8,4,4,37.28826254,0,70.10644261,107.3947051
diverse_rec,movielens_sample20of200_lambda0,4,8,5,5,46.17982962,0,69.61427255,115.7941022
diverse_rec,movielens_sample20of200_lambda0,4,8,6,6,55.02824629,0,69.13647295,124.1647192
diverse_rec,movielens_sample20of200_lambda0,4,8,7,7,63.86801473,0,68.62955072,132.4975654
diverse_rec,movielens_sample20of200_lambda0,4,8,8,8,72.66120554,0,67.92224345,140.583449
diverse_rec,movielens_sample20of200_lambda0,4,9,0,0,0,0,81.41713347,81.41713347
diverse_rec,movielens_sample20of200_lambda0,4,9,1,1,9.433471541,0,80.70148931,90.13496085
diverse_rec,movielens_sample20of200_lambda0,4,9,2,2,18.82276312,0,80.00496987,98.82773299
diverse_rec,movielens_sample20of200_lambda0,4,9,3,3,28.13204601,0,79.26265914,107.3947051
diverse_rec,movielens_sample20of200_lambda0,4,9,4,4,37.28826254,0,78.50583964,115.7941022
diverse_rec,movielens_sample20of200_lambda0,4,9,5,5,46.17982962,0,77.98488962,124.1647192
diverse_rec,movielens_sample20of200_lambda0,4,9,6,6,55.02824629,0,77.46931916,132.4975654
diverse_rec,movielens_sample20of200_lambda0,4,9,7,7,63.86801473,0,76.71543425,140.583449
diverse_rec,movielens_sample20of200_lambda0,4,9,8,8,72.66120554,0,75.7183291,148.3795346
diverse_rec,movielens_sample20of200_lambda0,4,9,9,9,81.41713347,0,74.74255045,156.1596839
diverse_rec,movielens_sample20of200_lambda0,4,10,0,0,0,0,90.13496085,90.13496085
diverse_rec,movielens_sample20of200_lambda0,4,10,1,1,9.433471541,0,89.39426145,98.82773299
diverse_rec,movielens_sample20of200_lambda0,4,10,2,2,18.82276312,0,88.57194203,107.3947051
diverse_rec,movielens_sample20of200_lambda0,4,10,3,3,28.13204601,0,87.66205617,115.7941022
diverse_rec,movielens_sample20of200_lambda0,4,10,4,4,37.28826254,0,86.87645671,124.1647192
diverse_rec,movielens_sample20of200_lambda0,4,10,5,5,46.17982962,0,86.31773583,132.4975654
diverse_rec,movielens_sample20of200_lambda0,4,10,6,6,55.02824629,0,85.55520269,140.583449
diverse_rec,movielens_sample20of200_lambda0,4,10,7,7,63.86801473,0,84.51151991,148.3795346
diverse_rec,movielens_sample20of200_lambda0,4,10,8,8,72.66120554,0,83.49847838,156.1596839
diverse_rec,movielens_sample20of200_lambda0,4,10,9,9,81.41713347,0,82.3888201,163.8059536
diverse_rec,movielens_sample20of200_lambda0,4,10,10,10,90.13496085,0,81.07655081,171.2115117
diverse_rec,movielens_sample20of200_lambda0,4,11,0,0,0,0,98.82773299,98.82773299
diverse_rec,movielens_sample20of200_lambda0,4,11,1,1,9.433471541,0,97.96123361,107.3947051
diverse_rec,movielens_sample20of200_lambda0,4,11,2,2,18.82276312,0,96.97133906,115.7941022
diverse_rec,movielens_sample20of200_lambda0,4,11,3,3,28.13204601,0,96.03267324,124.1647192
diverse_rec,movielens_sample20of200_lambda0,4,11,4,4,37.28826254,0,95.20930291,132.4975654
diverse_rec,movielens_sample20of200_lambda0,4,11,5,5,46.17982962,0,94.40361936,140.583449
diverse_rec,movielens_sample20of200_lambda0,4,11,6,6,55.02824629,0,93.35128835,148.3795346
diverse_rec,movielens_sample20of200_lambda0,4,11,7,7,63.86801473,0,92.29166918,156.1596839
diverse_rec,movielens_sample20of200_lambda0,4,11,8,8,72.66120554,0,91.14474804,163.8059536
diverse_rec,movielens_sample20of200_lambda0,4,11,9,9,81.41713347,0,89.79437819,171.2115117
diverse_rec,movielens_sample20of200_lambda0,4,11,10,10,90.13496085,0,81.07655081,171.2115117
diverse_rec,movielens_sample20of200_lambda0,4,11,11,11,98.82773299,0,72.38377867,171.2115117
diverse_rec,movielens_sample20of200_lambda0,4,12,0,0,0,0,107.3947051,107.3947051
diverse_rec,movielens_sample20of200_lambda0,4,12,1,1,9.433471541,0,106.3606306,115.7941022
diverse_rec,movielens_sample20of200_lambda0,4,12,2,2,18.82276312,0,105.3419561,124.1647192
diverse_rec,movielens_sample20of200_lambda0,4,12,3,3,28.13204601,0,104.3655194,132.4975654
diverse_rec,movielens_sample20of200_lambda0,4,12,4,4,37.28826254,0,103.2951864,140.583449
diverse_rec,movielens_sample20of200_lambda0,4,12,5,5,46.17982962,0,102.199705,148.3795346
diverse_rec,movielens_sample20of200_lambda0,4,12,6,6,55.02824629,0,101.1314376,156.1596839
diverse_rec,movielens_sample20of200_lambda0,4,12,7,7,63.86801473,0,99.93793884,163.8059536
diverse_rec,movielens_sample20of200_lambda0,4,12,8,8,72.66120554,0,98.55030612,171.2115117
diverse_rec,movielens_sample20of200_lambda0,4,12,9,9,81.41713347,0,89.79437819,171.2115117
diverse_rec,movielens_sample20of200_lambda0,4,12,10,10,90.13496085,0,81.07655081,171.2115117
diverse_rec,movielens_sample20of200_lambda0,4,12,11,11,98.82773299,0,72.38377867,171.2115117
diverse_rec,movielens_sample20of200_lambda0,4,12,12,12,107.3947051,0,63.81680651,171.2115117
diverse_rec,movielens_sample20of200_lambda0,4,13,0,0,0,0,115.7941022,115.7941022
diverse_rec,movielens_sample20of200_lambda0,4,13,1,1,9.433471541,0,114.7312477,124.1647192
diverse_rec,movielens_sample20of200_lambda0,4,13,2,2,18.82276312,0,113.6748023,132.4975654
diverse_rec,movielens_sample20of200_lambda0,4,13,3,3,28.13204601,0,112.451403,140.583449
diverse_rec,movielens_sample20of200_lambda0,4,13,4,4,37.28826254,0,111.0912721,148.3795346
diverse_rec,movielens_sample20of200_lambda0,4,13,5,5,46.17982962,0,109.9798543,156.1596839
diverse_rec,movielens_sample20of200_lambda0,4,13,6,6,55.02824629,0,108.7777073,163.8059536
diverse_rec,movielens_sample20of200_lambda0,4,13,7,7,63.86801473,0,107.3434969,171.2115117
diverse_rec,movielens_sample20of200_lambda0,4,13,8,8,72.66120554,0,98.55030612,171.2115117
diverse_rec,movielens_sample20of200_lambda0,4,13,9,9,81.41713347,0,89.79437819,171.2115117
diverse_rec,movielens_sample20of200_lambda0,4,13,10,10,90.13496085,0,81.07655081,171.2115117
diverse_rec,movielens_sample20of200_lambda0,4,13,11,11,98.82773299,0,72.38377867,171.2115117
diverse_rec,movielens_sample20of200_lambda0,4,13,12,12,107.3947051,0,63.81680651,171.2115117
diverse_rec,movielens_sample20of200_lambda0,4,13,13,13,115.7941022,0,55.41740949,171.2115117
diverse_rec,movielens_sample20of200_lambda0,4,14,0,0,0,0,124.1647192,124.1647192
diverse_rec,movielens_sample20of200_lambda0,4,14,1,1,9.433471541,0,123.0640939,132.4975654
diverse_rec,movielens_sample20of200_lambda0,4,14,2,2,18.82276312,0,121.7606859,140.583449
diverse_rec,movielens_sample20of200_lambda0,4,14,3,3,28.13204601,0,120.2474886,148.3795346
diverse_rec,movielens_sample20of200_lambda0,4,14,4,4,37.28826254,0,118.8714214,156.1596839
diverse_rec,movielens_sample20of200_lambda0,4,14,5,5,46.17982962,0,117.626124,163.8059536
diverse_rec,movielens_sample20of200_lambda0,4,14,6,6,55.02824629,0,116.1832654,171.2115117
diverse_rec,movielens_sample20of200_lambda0,4,14,7,7,63.86801473,0,107.3434969,171.2115117
diverse_rec,movielens_sample20of200_lambda0,4,14,8,8,72.66120554,0,98.55030612,171.2115117
diverse_rec,movielens_sample20of200_lambda0,4,14,9,9,81.41713347,0,89.79437819,171.2115117
diverse_rec,movielens_sample20of200_lambda0,4,14,10,10,90.13496085,0,81.07655081,171.2115117
diverse_rec,movielens_sample20of200_lambda0,4,14,11,11,98.82773299,0,72.38377867,171.2115117
diverse_rec,movielens_sample20of200_lambda0,4,14,12,12,107.3947051,0,63.81680651,171.2115117
diverse_rec,movielens_sample20of200_lambda0,4,14,13,13,115.7941022,0,55.41740949,171.2115117
diverse_rec,movielens_sample20of200_lambda0,4,14,14,14,124.1647192,0,47.04679242,171.2115117
diverse_rec,movielens_sample20of200_lambda0,4,15,0,0,0,0,132.4975654,132.4975654
diverse_rec,movielens_sample20of200_lambda0,4,15,1,1,9.433471541,0,131.1499774,140.583449
diverse_rec,movielens_sample20of200_lambda0,4,15,2,2,18.82276312,0,129.5567715,148.3795346
diverse_rec,movielens_sample20of200_lambda0,4,15,3,3,28.13204601,0,128.0276379,156.1596839
diverse_rec,movielens_sample20of200_lambda0,4,15,4,4,37.28826254,0,126.517691,163.8059536
diverse_rec,movielens_sample20of200_lambda0,4,15,5,5,46.17982962,0,125.031682,171.2115117
diverse_rec,movielens_sample20of200_lambda0,4,15,6,6,55.02824629,0,116.1832654,171.2115117
diverse_rec,movielens_sample20of200_lambda0,4,15,7,7,63.86801473,0,107.3434969,171.2115117
diverse_rec,movielens_sample20of200_lambda0,4,15,8,8,72.66120554,0,98.55030612,171.2115117
diverse_rec,movielens_sample20of200_lambda0,4,15,9,9,81.41713347,0,89.79437819,171.2115117
diverse_rec,movielens_sample20of200_lambda0,4,15,10,10,90.13496085,0,81.07655081,171.2115117
diverse_rec,movielens_sample20of200_lambda0,4,15,11,11,98.82773299,0,72.38377867,171.2115117
diverse_rec,movielens_sample20of200_lambda0,4,15,12,12,107.3947051,0,63.81680651,171.2115117
diverse_rec,movielens_sample20of200_lambda0,4,15,13,13,115.7941022,0,55.41740949,171.2115117
diverse_rec,movielens_sample20of200_lambda0,4,15,14,14,124.1647192,0,47.04679242,171.2115117
diverse_rec,movielens_sample20of200_lambda0,4,15,15,15,132.4975654,0,38.71394621,171.2115117
diverse_rec,movielens_sample20of200_lambda0,4,16,0,0,0,0,140.583449,140.583449
diverse_rec,movielens_sample20of200_lambda0,4,16,1,1,9.433471541,0,138.9460631,148.3795346
diverse_rec,movielens_sample20of200_lambda0,4,16,2,2,18.82276312,0,137.3369208,156.1596839
diverse_rec,movielens_sample20of200_lambda0,4,16,3,3,28.13204601,0,135.6739076,163.8059536
diverse_rec,movielens_sample20of200_lambda0,4,16,4,4,37.28826254,0,133.9232491,171.2115117
diverse_rec,movielens_sample20of200_lambda0,4,16,5,5,46.17982962,0,125.031682,171.2115117
diverse_rec,movielens_sample20of200_lambda0,4,16,6,6,55.02824629,0,116.1832654,171.2115117
diverse_rec,movielens_sample20of200_lambda0,4,16,7,7,63.86801473,0,107.3434969,171.2115117
diverse_rec,movielens_sample20of200_lambda0,4,16,8,8,72.66120554,0,98.55030612,171.2115117
diverse_rec,movielens_sample20of200_lambda0,4,16,9,9,81.41713347,0,89.79437819,171.2115117
diverse_rec,movielens_sample20of200_lambda0,4,16,10,10,90.13496085,0,81.07655081,171.2115117
diverse_rec,movielens_sample20of200_lambda0,4,16,11,11,98.82773299,0,72.38377867,171.2115117
diverse_rec,movielens_sample20of200_lambda0,4,16,12,12,107.3947051,0,63.81680651,171.2115117
diverse_rec,movielens_sample20of200_lambda0,4,16,13,13,115.7941022,0,55.41740949,171.2115117
diverse_rec,movielens_sample20of200_lambda0,4,16,14,14,124.1647192,0,47.04679242,171.2115117
diverse_rec,movielens_sample20of200_lambda0,4,16,15,15,132.4975654,0,38.71394621,171.2115117
diverse_rec,movielens_sample20of200_lambda0,4,16,16,16,140.583449,0,30.62806268,171.2115117
diverse_rec,movielens_sample20of200_lambda0,4,17,0,0,0,0,148.3795346,148.3795346
diverse_rec,movielens_sample20of200_lambda0,4,17,1,1,9.433471541,0,146.7262124,156.1596839
diverse_rec,movielens_sample20of200_lambda0,4,17,2,2,18.82276312,0,144.9831905,163.8059536
diverse_rec,movielens_sample20of200_lambda0,4,17,3,3,28.13204601,0,143.0794657,171.2115117
diverse_rec,movielens_sample20of200_lambda0,4,17,4,4,37.28826254,0,133.9232491,171.2115117
diverse_rec,movielens_sample20of200_lambda0,4,17,5,5,46.17982962,0,125.031682,171.2115117
diverse_rec,movielens_sample20of200_lambda0,4,17,6,6,55.02824629,0,116.1832654,171.2115117
diverse_rec,movielens_sample20of200_lambda0,4,17,7,7,63.86801473,0,107.3434969,171.2115117
diverse_rec,movielens_sample20of200_lambda0,4,17,8,8,72.66120554,0,98.55030612,171.2115117
diverse_rec,movielens_sample20of200_lambda0,4,17,9,9,81.41713347,0,89.79437819,171.2115117
diverse_rec,movielens_sample20of200_lambda0,4,17,10,10,90.13496085,0,81.07655081,171.2115117
diverse_rec,movielens_sample20of200_lambda0,4,17,11,11,98.82773299,0,72.38377867,171.2115117
diverse_rec,movielens_sample20of200_lambda0,4,17,12,12,107.3947051,0,63.81680651,171.2115117
diverse_rec,movielens_sample20of200_lambda0,4,17,13,13,115.7941022,0,55.41740949,171.2115117
diverse_rec,movielens_sample20of200_lambda0,4,17,14,14,124.1647192,0,47.04679242,171.2115117
diverse_rec,movielens_sample20of200_lambda0,4,17,15,15,132.4975654,0,38.71394621,171.2115117
diverse_rec,movielens_sample20of200_lambda0,4,17,16,16,140.583449,0,30.62806268,171.2115117
diverse_rec,movielens_sample20of200_lambda0,4,17,17,17,148.3795346,0,22.83197702,171.2115117
diverse_rec,movielens_sample20of200_lambda0,4,18,0,0,0,0,156.1596839,156.1596839
diverse_rec,movielens_sample20of200_lambda0,4,18,1,1,9.433471541,0,154.372482,163.8059536
diverse_rec,movielens_sample20of200_lambda0,4,18,2,2,18.82276312,0,152.3887485,171.2115117
diverse_rec,movielens_sample20of200_lambda0,4,18,3,3,28.13204601,0,143.0794657,171.2115117
diverse_rec,movielens_sample20of200_lambda0,4,18,4,4,37.28826254,0,133.9232491,171.2115117
diverse_rec,movielens_sample20of200_lambda0,4,18,5,5,46.17982962,0,125.031682,171.2115117
diverse_rec,movielens_sample20of200_lambda0,4,18,6,6,55.02824629,0,116.1832654,171.2115117
diverse_rec,movielens_sample20of200_lambda0,4,18,7,7,63.86801473,0,107.3434969,171.2115117
diverse_rec,movielens_sample20of200_lambda0,4,18,8,8,72.66120554,0,98.55030612,171.2115117
diverse_rec,movielens_sample20of200_lambda0,4,18,9,9,81.41713347,0,89.79437819,171.2115117
diverse_rec,movielens_sample20of200_lambda0,4,18,10,10,90.13496085,0,81.07655081,171.2115117
diverse_rec,movielens_sample20of200_lambda0,4,18,11,11,98.82773299,0,72.38377867,171.2115117
diverse_rec,movielens_sample20of200_lambda0,4,18,12,12,107.3947051,0,63.81680651,171.2115117
diverse_rec,movielens_sample20of200_lambda0,4,18,13,13,115.7941022,0,55.41740949,171.2115117
diverse_rec,movielens_sample20of200_lambda0,4,18,14,14,124.1647192,0,47.04679242,171.2115117
diverse_rec,movielens_sample20of200_lambda0,4,18,15,15,132.4975654,0,38.71394621,171.2115117
diverse_rec,movielens_sample20of200_lambda0,4,18,16,16,140.583449,0,30.62806268,171.2115117
diverse_rec,movielens_sample20of200_lambda0,4,18,17,17,148.3795346,0,22.83197702,171.2115117
diverse_rec,movielens_sample20of200_lambda0,4,18,18,18,156.1596839,0,15.05182775,171.2115117
diverse_rec,movielens_sample20of200_lambda0,4,19,0,0,0,0,163.8059536,163.8059536
diverse_rec,movielens_sample20of200_lambda0,4,19,1,1,9.433471541,0,161.7780401,171.2115117
diverse_rec,movielens_sample20of200_lambda0,4,19,2,2,18.82276312,0,152.3887485,171.2115117
diverse_rec,movielens_sample20of200_lambda0,4,19,3,3,28.13204601,0,143.0794657,171.2115117
diverse_rec,movielens_sample20of200_lambda0,4,19,4,4,37.28826254,0,133.9232491,171.2115117
diverse_rec,movielens_sample20of200_lambda0,4,19,5,5,46.17982962,0,125.031682,171.2115117
diverse_rec,movielens_sample20of200_lambda0,4,19,6,6,55.02824629,0,116.1832654,171.2115117
diverse_rec,movielens_sample20of200_lambda0,4,19,7,7,63.86801473,0,107.3434969,171.2115117
diverse_rec,movielens_sample20of200_lambda0,4,19,8,8,72.66120554,0,98.55030612,171.2115117
diverse_rec,movielens_sample20of200_lambda0,4,19,9,9,81.41713347,0,89.79437819,171.2115117
diverse_rec,movielens_sample20of200_lambda0,4,19,10,10,90.13496085,0,81.07655081,171.2115117
diverse_rec,movielens_sample20of200_lambda0,4,19,11,11,98.82773299,0,72.38377867,171.2115117
diverse_rec,movielens_sample20of200_lambda0,4,19,12,12,107.3947051,0,63.81680651,171.2115117
diverse_rec,movielens_sample20of200_lambda0,4,19,13,13,115.7941022,0,55.41740949,171.2115117
diverse_rec,movielens_sample20of200_lambda0,4,19,14,14,124.1647192,0,47.04679242,171.2115117
diverse_rec,movielens_sample20of200_lambda0,4,19,15,15,132.4975654,0,38.71394621,171.2115117
diverse_rec,movielens_sample20of200_lambda0,4,19,16,16,140.583449,0,30.62806268,171.2115117
diverse_rec,movielens_sample20of200_lambda0,4,19,17,17,148.3795346,0,22.83197702,171.2115117
diverse_rec,movielens_sample20of200_lambda0,4,19,18,18,156.1596839,0,15.05182775,171.2115117
diverse_rec,movielens_sample20of200_lambda0,4,19,19,19,163.8059536,0,7.405558087,171.2115117
diverse_rec,movielens_sample20of200_lambda0,4,20,0,0,0,0,171.2115117,171.2115117
diverse_rec,movielens_sample20of200_lambda0,4,20,1,1,9.433471541,0,161.7780401,171.2115117
diverse_rec,movielens_sample20of200_lambda0,4,20,2,2,18.82276312,0,152.3887485,171.2115117
diverse_rec,movielens_sample20of200_lambda0,4,20,3,3,28.13204601,0,143.0794657,171.2115117
diverse_rec,movielens_sample20of200_lambda0,4,20,4,4,37.28826254,0,133.9232491,171.2115117
diverse_rec,movielens_sample20of200_lambda0,4,20,5,5,46.17982962,0,125.031682,171.2115117
diverse_rec,movielens_sample20of200_lambda0,4,20,6,6,55.02824629,0,116.1832654,171.2115117
diverse_rec,movielens_sample20of200_lambda0,4,20,7,7,63.86801473,0,107.3434969,171.2115117
diverse_rec,movielens_sample20of200_lambda0,4,20,8,8,72.66120554,0,98.55030612,171.2115117
diverse_rec,movielens_sample20of200_lambda0,4,20,9,9,81.41713347,0,89.79437819,171.2115117
diverse_rec,movielens_sample20of200_lambda0,4,20,10,10,90.13496085,0,81.07655081,171.2115117
diverse_rec,movielens_sample20of200_lambda0,4,20,11,11,98.82773299,0,72.38377867,171.2115117
diverse_rec,movielens_sample20of200_lambda0,4,20,12,12,107.3947051,0,63.81680651,171.2115117
diverse_rec,movielens_sample20of200_lambda0,4,20,13,13,115.7941022,0,55.41740949,171.2115117
diverse_rec,movielens_sample20of200_lambda0,4,20,14,14,124.1647192,0,47.04679242,171.2115117
diverse_rec,movielens_sample20of200_lambda0,4,20,15,15,132.4975654,0,38.71394621,171.2115117
diverse_rec,movielens_sample20of200_lambda0,4,20,16,16,140.583449,0,30.62806268,171.2115117
diverse_rec,movielens_sample20of200_lambda0,4,20,17,17,148.3795346,0,22.83197702,171.2115117
diverse_rec,movielens_sample20of200_lambda0,4,20,18,18,156.1596839,0,15.05182775,171.2115117
diverse_rec,movielens_sample20of200_lambda0,4,20,19,19,163.8059536,0,7.405558087,171.2115117
diverse_rec,movielens_sample20of200_lambda0,4,20,20,20,171.2115117,0,0,171.2115117
diverse_rec,movielens_sample20of200_lambda0,5,1,0,0,0,0,9.410784322,9.410784322
diverse_rec,movielens_sample20of200_lambda0,5,1,1,1,9.410784322,0,9.24839922,18.65918354
diverse_rec,movielens_sample20of200_lambda0,5,2,0,0,0,0,18.65918354,18.65918354
diverse_rec,movielens_sample20of200_lambda0,5,2,1,1,9.410784322,0,18.42749739,27.83828171
diverse_rec,movielens_sample20of200_lambda0,5,2,2,2,18.65918354,0,18.06874137,36.72792491
diverse_rec,movielens_sample20of200_lambda0,5,3,0,0,0,0,27.83828171,27.83828171
diverse_rec,movielens_sample20of200_lambda0,5,3,1,1,9.410784322,0,27.31714059,36.72792491
diverse_rec,movielens_sample20of200_lambda0,5,3,2,2,18.65918354,0,26.8463518,45.50553534
diverse_rec,movielens_sample20of200_lambda0,5,3,3,3,27.83828171,0,26.44309245,54.28137416
diverse_rec,movielens_sample20of200_lambda0,5,4,0,0,0,0,36.72792491,36.72792491
diverse_rec,movielens_sample20of200_lambda0,5,4,1,1,9.410784322,0,36.09475102,45.50553534
diverse_rec,movielens_sample20of200_lambda0,5,4,2,2,18.65918354,0,35.62219062,54.28137416
diverse_rec,movielens_sample20of200_lambda0,5,4,3,3,27.83828171,0,35.20640461,63.04468632
diverse_rec,movielens_sample20of200_lambda0,5,4,4,4,36.72792491,0,34.96322359,71.6911485
diverse_rec,movielens_sample20of200_lambda0,5,5,0,0,0,0,45.50553534,45.50553534
diverse_rec,movielens_sample20of200_lambda0,5,5,1,1,9.410784322,0,44.87058984,54.28137416
diverse_rec,movielens_sample20of200_lambda0,5,5,2,2,18.65918354,0,44.38550278,63.04468632
diverse_rec,movielens_sample20of200_lambda0,5,5,3,3,27.83828171,0,43.85286679,71.6911485
diverse_rec,movielens_sample20of200_lambda0,5,5,4,4,36.72792491,0,43.44803122,80.17595613
diverse_rec,movielens_sample20of200_lambda0,5,5,5,5,45.50553534,0,43.06198997,88.56752531
diverse_rec,movielens_sample20of200_lambda0,5,6,0,0,0,0,54.28137416,54.28137416
diverse_rec,movielens_sample20of200_lambda0,5,6,1,1,9.410784322,0,53.633902,63.04468632
diverse_rec,movielens_sample20of200_lambda0,5,6,2,2,18.65918354,0,53.03196495,71.6911485
diverse_rec,movielens_sample20of200_lambda0,5,6,3,3,27.83828171,0,52.33767442,80.17595613
diverse_rec,movielens_sample20of200_lambda0,5,6,4,4,36.72792491,0,51.8396004,88.56752531
diverse_rec,movielens_sample20of200_lambda0,5,6,5,5,45.50553534,0,51.38096442,96.88649977
diverse_rec,movielens_sample20of200_lambda0,5,6,6,6,54.28137416,0,50.75853839,105.0399125
diverse_rec,movielens_sample20of200_lambda0,5,7,0,0,0,0,63.04468632,63.04468632
diverse_rec,movielens_sample20of200_lambda0,5,7,1,1,9.410784322,0,62.28036417,71.6911485
diverse_rec,movielens_sample20of200_lambda0,5,7,2,2,18.65918354,0,61.51677259,80.17595613
diverse_rec,movielens_sample20of200_lambda0,5,7,3,3,27.83828171,0,60.7292436,88.56752531
diverse_rec,movielens_sample20of200_lambda0,5,7,4,4,36.72792491,0,60.15857486,96.88649977
diverse_rec,movielens_sample20of200_lambda0,5,7,5,5,45.50553534,0,59.53437721,105.0399125
diverse_rec,movielens_sample20of200_lambda0,5,7,6,6,54.28137416,0,58.61740447,112.8987786
diverse_rec,movielens_sample20of200_lambda0,5,7,7,7,63.04468632,0,57.63735557,120.6820419
diverse_rec,movielens_sample20of200_lambda0,5,8,0,0,0,0,71.6911485,71.6911485
diverse_rec,movielens_sample20of200_lambda0,5,8,1,1,9.410784322,0,70.76517181,80.17595613
diverse_rec,movielens_sample20of200_lambda0,5,8,2,2,18.65918354,0,69.90834177,88.56752531
diverse_rec,movielens_sample20of200_lambda0,5,8,3,3,27.83828171,0,69.04821806,96.88649977
diverse_rec,movielens_sample20of200_lambda0,5,8,4,4,36.72792491,0,68.31198764,105.0399125
diverse_rec,movielens_sample20of200_lambda0,5,8,5,5,45.50553534,0,67.39324329,112.8987786
diverse_rec,movielens_sample20of200_lambda0,5,8,6,6,54.28137416,0,66.40066772,120.6820419
diverse_rec,movielens_sample20of200_lambda0,5,8,7,7,63.04468632,0,65.37113641,128.4158227
diverse_rec,movielens_sample20of200_lambda0,5,8,8,8,71.6911485,0,64.33003007,136.0211786
diverse_rec,movielens_sample20of200_lambda0,5,9,0,0,0,0,80.17595613,80.17595613
diverse_rec,movielens_sample20of200_lambda0,5,9,1,1,9.410784322,0,79.15674099,88.56752531
diverse_rec,movielens_sample20of200_lambda0,5,9,2,2,18.65918354,0,78.22731623,96.88649977
diverse_rec,movielens_sample20of200_lambda0,5,9,3,3,27.83828171,0,77.20163084,105.0399125
diverse_rec,movielens_sample20of200_lambda0,5,9,4,4,36.72792491,0,76.17085372,112.8987786
diverse_rec,movielens_sample20of200_lambda0,5,9,5,5,45.50553534,0,75.17650654,120.6820419
diverse_rec,movielens_sample20of200_lambda0,5,9,6,6,54.28137416,0,74.13444856,128.4158227
diverse_rec,movielens_sample20of200_lambda0,5,9,7,7,63.04468632,0,72.97649225,136.0211786
diverse_rec,movielens_sample20of200_lambda0,5,9,8,8,71.6911485,0,71.86808631,143.5592348
diverse_rec,movielens_sample20of200_lambda0,5,9,9,9,80.17595613,0,70.87165925,151.0476154
diverse_rec,movielens_sample20of200_lambda0,5,10,0,0,0,0,88.56752531,88.56752531
diverse_rec,movielens_sample20of200_lambda0,5,10,1,1,9.410784322,0,87.47571545,96.88649977
diverse_rec,movielens_sample20of200_lambda0,5,10,2,2,18.65918354,0,86.38072901,105.0399125
diverse_rec,movielens_sample20of200_lambda0,5,10,3,3,27.83828171,0,85.06049692,112.8987786
diverse_rec,movielens_sample20of200_lambda0,5,10,4,4,36.72792491,0,83.95411697,120.6820419
diverse_rec,movielens_sample20of200_lambda0,5,10,5,5,45.50553534,0,82.91028738,128.4158227
diverse_rec,movielens_sample20of200_lambda0,5,10,6,6,54.28137416,0,81.7398044,136.0211786
diverse_rec,movielens_sample20of200_lambda0,5,10,7,7,63.04468632,0,80.51454849,143.5592348
diverse_rec,movielens_sample20of200_lambda0,5,10,8,8,71.6911485,0,79.35646688,151.0476154
diverse_rec,movielens_sample20of200_lambda0,5,10,9,9,80.17595613,0,78.1928112,158.3687673
diverse_rec,movielens_sample20of200_lambda0,5,10,10,10,88.56752531,0,76.94577273,165.513298
diverse_rec,movielens_sample20of200_lambda0,5,11,0,0,0,0,96.88649977,96.88649977
diverse_rec,movielens_sample20of200_lambda0,5,11,1,1,9.410784322,0,95.62912823,105.0399125
diverse_rec,movielens_sample20of200_lambda0,5,11,2,2,18.65918354,0,94.23959509,112.8987786
diverse_rec,movielens_sample20of200_lambda0,5,11,3,3,27.83828171,0,92.84376017,120.6820419
diverse_rec,movielens_sample20of200_lambda0,5,11,4,4,36.72792491,0,91.68789781,128.4158227
diverse_rec,movielens_sample20of200_lambda0,5,11,5,5,45.50553534,0,90.51564322,136.0211786
diverse_rec,movielens_sample20of200_lambda0,5,11,6,6,54.28137416,0,89.27786065,143.5592348
diverse_rec,movielens_sample20of200_lambda0,5,11,7,7,63.04468632,0,88.00292906,151.0476154
diverse_rec,movielens_sample20of200_lambda0,5,11,8,8,71.6911485,0,86.67761884,158.3687673
diverse_rec,movielens_sample20of200_lambda0,5,11,9,9,80.17595613,0,85.33734191,165.513298
diverse_rec,movielens_sample20of200_lambda0,5,11,10,10,88.56752531,0,76.94577273,165.513298
diverse_rec,movielens_sample20of200_lambda0,5,11,11,11,96.88649977,0,68.62679827,165.513298
diverse_rec,movielens_sample20of200_lambda0,5,12,0,0,0,0,105.0399125,105.0399125
diverse_rec,movielens_sample20of200_lambda0,5,12,1,1,9.410784322,0,103.4879943,112.8987786
diverse_rec,movielens_sample20of200_lambda0,5,12,2,2,18.65918354,0,102.0228583,120.6820419
diverse_rec,movielens_sample20of200_lambda0,5,12,3,3,27.83828171,0,100.577541,128.4158227
diverse_rec,movielens_sample20of200_lambda0,5,12,4,4,36.72792491,0,99.29325366,136.0211786
diverse_rec,movielens_sample20of200_lambda0,5,12,5,5,45.50553534,0,98.05369947,143.5592348
diverse_rec,movielens_sample20of200_lambda0,5,12,6,6,54.28137416,0,96.76624121,151.0476154
diverse_rec,movielens_sample20of200_lambda0,5,12,7,7,63.04468632,0,95.32408101,158.3687673
diverse_rec,movielens_sample20of200_lambda0,5,12,8,8,71.6911485,0,93.82214954,165.513298
diverse_rec,movielens_sample20of200_lambda0,5,12,9,9,80.17595613,0,85.33734191,165.513298
diverse_rec,movielens_sample20of200_lambda0,5,12,10,10,88.56752531,0,76.94577273,165.513298
diverse_rec,movielens_sample20of200_lambda0,5,12,11,11,96.88649977,0,68.62679827,165.513298
diverse_rec,movielens_sample20of200_lambda0,5,12,12,12,105.0399125,0,60.47338549,165.513298
diverse_rec,movielens_sample20of200_lambda0,5,13,0,0,0,0,112.8987786,112.8987786
diverse_rec,movielens_sample20of200_lambda0,5,13,1,1,9.410784322,0,111.2712576,120.6820419
diverse_rec,movielens_sample20of200_lambda0,5,13,2,2,18.65918354,0,109.7566392,128.4158227
diverse_rec,movielens_sample20of200_lambda0,5,13,3,3,27.83828171,0,108.1828969,136.0211786
diverse_rec,movielens_sample20of200_lambda0,5,13,4,4,36.72792491,0,106.8313099,143.5592348
diverse_rec,movielens_sample20of200_lambda0,5,13,5,5,45.50553534,0,105.54208,151.0476154
diverse_rec,movielens_sample20of200_lambda0,5,13,6,6,54.28137416,0,104.0873932,158.3687673
diverse_rec,movielens_sample20of200_lambda0,5,13,7,7,63.04468632,0,102.4686117,165.513298
diverse_rec,movielens_sample20of200_lambda0,5,13,8,8,71.6911485,0,93.82214954,165.513298
diverse_rec,movielens_sample20of200_lambda0,5,13,9,9,80.17595613,0,85.33734191,165.513298
diverse_rec,movielens_sample20of200_lambda0,5,13,10,10,88.56752531,0,76.94577273,165.513298
diverse_rec,movielens_sample20of200_lambda0,5,13,11,11,96.88649977,0,68.62679827,165.513298
diverse_rec,movielens_sample20of200_lambda0,5,13,12,12,105.0399125,0,60.47338549,165.513298
diverse_rec,movielens_sample20of200_lambda0,5,13,13,13,112.8987786,0,52.6145194,165.513298
diverse_rec,movielens_sample20of200_lambda0,5,14,0,0,0,0,120.6820419,120.6820419
diverse_rec,movielens_sample20of200_lambda0,5,14,1,1,9.410784322,0,119.0050384,128.4158227
diverse_rec,movielens_sample20of200_lambda0,5,14,2,2,18.65918354,0,117.361995,136.0211786
diverse_rec,movielens_sample20of200_lambda0,5,14,3,3,27.83828171,0,115.7209531,143.5592348
diverse_rec,movielens_sample20of200_lambda0,5,14,4,4,36.72792491,0,114.3196905,151.0476154
diverse_rec,movielens_sample20of200_lambda0,5,14,5,5,45.50553534,0,112.863232,158.3687673
diverse_rec,movielens_sample20of200_lambda0,5,14,6,6,54.28137416,0,111.2319239,165.513298
diverse_rec,movielens_sample20of200_lambda0,5,14,7,7,63.04468632,0,102.4686117,165.513298
diverse_rec,movielens_sample20of200_lambda0,5,14,8,8,71.6911485,0,93.82214954,165.513298
diverse_rec,movielens_sample20of200_lambda0,5,14,9,9,80.17595613,0,85.33734191,165.513298
diverse_rec,movielens_sample20of200_lambda0,5,14,10,10,88.56752531,0,76.94577273,165.513298
diverse_rec,movielens_sample20of200_lambda0,5,14,11,11,96.88649977,0,68.62679827,165.513298
diverse_rec,movielens_sample20of200_lambda0,5,14,12,12,105.0399125,0,60.47338549,165.513298
diverse_rec,movielens_sample20of200_lambda0,5,14,13,13,112.8987786,0,52.6145194,165.513298
diverse_rec,movielens_sample20of200_lambda0,5,14,14,14,120.6820419,0,44.83125615,165.513298
diverse_rec,movielens_sample20of200_lambda0,5,15,0,0,0,0,128.4158227,128.4158227
diverse_rec,movielens_sample20of200_lambda0,5,15,1,1,9.410784322,0,126.6103942,136.0211786
diverse_rec,movielens_sample20of200_lambda0,5,15,2,2,18.65918354,0,124.9000513,143.5592348
diverse_rec,movielens_sample20of200_lambda0,5,15,3,3,27.83828171,0,123.2093337,151.0476154
diverse_rec,movielens_sample20of200_lambda0,5,15,4,4,36.72792491,0,121.6408424,158.3687673
diverse_rec,movielens_sample20of200_lambda0,5,15,5,5,45.50553534,0,120.0077627,165.513298
diverse_rec,movielens_sample20of200_lambda0,5,15,6,6,54.28137416,0,111.2319239,165.513298
diverse_rec,movielens_sample20of200_lambda0,5,15,7,7,63.04468632,0,102.4686117,165.513298
diverse_rec,movielens_sample20of200_lambda0,5,15,8,8,71.6911485,0,93.82214954,165.513298
diverse_rec,movielens_sample20of200_lambda0,5,15,9,9,80.17595613,0,85.33734191,165.513298
diverse_rec,movielens_sample20of200_lambda0,5,15,10,10,88.56752531,0,76.94577273,165.513298
diverse_rec,movielens_sample20of200_lambda0,5,15,11,11,96.88649977,0,68.62679827,165.513298
diverse_rec,movielens_sample20of200_lambda0,5,15,12,12,105.0399125,0,60.47338549,165.513298
diverse_rec,movielens_sample20of200_lambda0,5,15,13,13,112.8987786,0,52.6145194,165.513298
diverse_rec,movielens_sample20of200_lambda0,5,15,14,14,120.6820419,0,44.83125615,165.513298
diverse_rec,movielens_sample20of200_lambda0,5,15,15,15,128.4158227,0,37.09747531,165.513298
diverse_rec,movielens_sample20of200_lambda0,5,16,0,0,0,0,136.0211786,136.0211786
diverse_rec,movielens_sample20of200_lambda0,5,16,1,1,9.410784322,0,134.1484505,143.5592348
diverse_rec,movielens_sample20of200_lambda0,5,16,2,2,18.65918354,0,132.3884318,151.0476154
diverse_rec,movielens_sample20of200_lambda0,5,16,3,3,27.83828171,0,130.5304856,158.3687673
diverse_rec,movielens_sample20of200_lambda0,5,16,4,4,36.72792491,0,128.7853731,165.513298
diverse_rec,movielens_sample20of200_lambda0,5,16,5,5,45.50553534,0,120.0077627,165.513298
diverse_rec,movielens_sample20of200_lambda0,5,16,6,6,54.28137416,0,111.2319239,165.513298
diverse_rec,movielens_sample20of200_lambda0,5,16,7,7,63.04468632,0,102.4686117,165.513298
diverse_rec,movielens_sample20of200_lambda0,5,16,8,8,71.6911485,0,93.82214954,165.513298
diverse_rec,movielens_sample20of200_lambda0,5,16,9,9,80.17595613,0,85.33734191,165.513298
diverse_rec,movielens_sample20of200_lambda0,5,16,10,10,88.56752531,0,76.94577273,165.513298
diverse_rec,movielens_sample20of200_lambda0,5,16,11,11,96.88649977,0,68.62679827,165.513298
diverse_rec,movielens_sample20of200_lambda0,5,16,12,12,105.0399125,0,60.47338549,165.513298
diverse_rec,movielens_sample20of200_lambda0,5,16,13,13,112.8987786,0,52.6145194,165.513298
diverse_rec,movielens_sample20of200_lambda0,5,16,14,14,120.6820419,0,44.83125615,165.513298
diverse_rec,movielens_sample20of200_lambda0,5,16,15,15,128.4158227,0,37.09747531,165.513298
diverse_rec,movielens_sample20of200_lambda0,5,16,16,16,136.0211786,0,29.49211947,165.513298
diverse_rec,movielens_sample20of200_lambda0,5,17,0,0,0,0,143.5592348,143.5592348
diverse_rec,movielens_sample20of200_lambda0,5,17,1,1,9.410784322,0,141.6368311,151.0476154
diverse_rec,movielens_sample20of200_lambda0,5,17,2,2,18.65918354,0,139.7095838,158.3687673
diverse_rec,movielens_sample20of200_lambda0,5,17,3,3,27.83828171,0,137.6750163,165.513298
diverse_rec,movielens_sample20of200_lambda0,5,17,4,4,36.72792491,0,128.7853731,165.513298
diverse_rec,movielens_sample20of200_lambda0,5,17,5,5,45.50553534,0,120.0077627,165.513298
diverse_rec,movielens_sample20of200_lambda0,5,17,6,6,54.28137416,0,111.2319239,165.513298
diverse_rec,movielens_sample20of200_lambda0,5,17,7,7,63.04468632,0,102.4686117,165.513298
diverse_rec,movielens_sample20of200_lambda0,5,17,8,8,71.6911485,0,93.82214954,165.513298
diverse_rec,movielens_sample20of200_lambda0,5,17,9,9,80.17595613,0,85.33734191,165.513298
diverse_rec,movielens_sample20of200_lambda0,5,17,10,10,88.56752531,0,76.94577273,165.513298
diverse_rec,movielens_sample20of200_lambda0,5,17,11,11,96.88649977,0,68.62679827,165.513298
diverse_rec,movielens_sample20of200_lambda0,5,17,12,12,105.0399125,0,60.47338549,165.513298
diverse_rec,movielens_sample20of200_lambda0,5,17,13,13,112.8987786,0,52.6145194,165.513298
diverse_rec,movielens_sample20of200_lambda0,5,17,14,14,120.6820419,0,44.83125615,165.513298
diverse_rec,movielens_sample20of200_lambda0,5,17,15,15,128.4158227,0,37.09747531,165.513298
diverse_rec,movielens_sample20of200_lambda0,5,17,16,16,136.0211786,0,29.49211947,165.513298
diverse_rec,movielens_sample20of200_lambda0,5,17,17,17,143.5592348,0,21.95406323,165.513298
diverse_rec,movielens_sample20of200_lambda0,5,18,0,0,0,0,151.0476154,151.0476154
diverse_rec,movielens_sample20of200_lambda0,5,18,1,1,9.410784322,0,148.957983,158.3687673
diverse_rec,movielens_sample20of200_lambda0,5,18,2,2,18.65918354,0,146.8541145,165.513298
diverse_rec,movielens_sample20of200_lambda0,5,18,3,3,27.83828171,0,137.6750163,165.513298
diverse_rec,movielens_sample20of200_lambda0,5,18,4,4,36.72792491,0,128.7853731,165.513298
diverse_rec,movielens_sample20of200_lambda0,5,18,5,5,45.50553534,0,120.0077627,165.513298
diverse_rec,movielens_sample20of200_lambda0,5,18,6,6,54.28137416,0,111.2319239,165.513298
diverse_rec,movielens_sample20of200_lambda0,5,18,7,7,63.04468632,0,102.4686117,165.513298
diverse_rec,movielens_sample20of200_lambda0,5,18,8,8,71.6911485,0,93.82214954,165.513298
diverse_rec,movielens_sample20of200_lambda0,5,18,9,9,80.17595613,0,85.33734191,165.513298
diverse_rec,movielens_sample20of200_lambda0,5,18,10,10,88.56752531,0,76.94577273,165.513298
diverse_rec,movielens_sample20of200_lambda0,5,18,11,11,96.88649977,0,68.62679827,165.513298
diverse_rec,movielens_sample20of200_lambda0,5,18,12,12,105.0399125,0,60.47338549,165.513298
diverse_rec,movielens_sample20of200_lambda0,5,18,13,13,112.8987786,0,52.6145194,165.513298
diverse_rec,movielens_sample20of200_lambda0,5,18,14,14,120.6820419,0,44.83125615,165.513298
diverse_rec,movielens_sample20of200_lambda0,5,18,15,15,128.4158227,0,37.09747531,165.513298
diverse_rec,movielens_sample20of200_lambda0,5,18,16,16,136.0211786,0,29.49211947,165.513298
diverse_rec,movielens_sample20of200_lambda0,5,18,17,17,143.5592348,0,21.95406323,165.513298
diverse_rec,movielens_sample20of200_lambda0,5,18,18,18,151.0476154,0,14.46568266,165.513298
diverse_rec,movielens_sample20of200_lambda0,5,19,0,0,0,0,158.3687673,158.3687673
diverse_rec,movielens_sample20of200_lambda0,5,19,1,1,9.410784322,0,156.1025137,165.513298
diverse_rec,movielens_sample20of200_lambda0,5,19,2,2,18.65918354,0,146.8541145,165.513298
diverse_rec,movielens_sample20of200_lambda0,5,19,3,3,27.83828171,0,137.6750163,165.513298
diverse_rec,movielens_sample20of200_lambda0,5,19,4,4,36.72792491,0,128.7853731,165.513298
diverse_rec,movielens_sample20of200_lambda0,5,19,5,5,45.50553534,0,120.0077627,165.513298
diverse_rec,movielens_sample20of200_lambda0,5,19,6,6,54.28137416,0,111.2319239,165.513298
diverse_rec,movielens_sample20of200_lambda0,5,19,7,7,63.04468632,0,102.4686117,165.513298
diverse_rec,movielens_sample20of200_lambda0,5,19,8,8,71.6911485,0,93.82214954,165.513298
diverse_rec,movielens_sample20of200_lambda0,5,19,9,9,80.17595613,0,85.33734191,165.513298
diverse_rec,movielens_sample20of200_lambda0,5,19,10,10,88.56752531,0,76.94577273,165.513298
diverse_rec,movielens_sample20of200_lambda0,5,19,11,11,96.88649977,0,68.62679827,165.513298
diverse_rec,movielens_sample20of200_lambda0,5,19,12,12,105.0399125,0,60.47338549,165.513298
diverse_rec,movielens_sample20of200_lambda0,5,19,13,13,112.8987786,0,52.6145194,165.513298
diverse_rec,movielens_sample20of200_lambda0,5,19,14,14,120.6820419,0,44.83125615,165.513298
diverse_rec,movielens_sample20of200_lambda0,5,19,15,15,128.4158227,0,37.09747531,165.513298
diverse_rec,movielens_sample20of200_lambda0,5,19,16,16,136.0211786,0,29.49211947,165.513298
diverse_rec,movielens_sample20of200_lambda0,5,19,17,17,143.5592348,0,21.95406323,165.513298
diverse_rec,movielens_sample20of200_lambda0,5,19,18,18,151.0476154,0,14.46568266,165.513298
diverse_rec,movielens_sample20of200_lambda0,5,19,19,19,158.3687673,0,7.144530705,165.513298
diverse_rec,movielens_sample20of200_lambda0,5,20,0,0,0,0,165.513298,165.513298
diverse_rec,movielens_sample20of200_lambda0,5,20,1,1,9.410784322,0,156.1025137,165.513298
diverse_rec,movielens_sample20of200_lambda0,5,20,2,2,18.65918354,0,146.8541145,165.513298
diverse_rec,movielens_sample20of200_lambda0,5,20,3,3,27.83828171,0,137.6750163,165.513298
diverse_rec,movielens_sample20of200_lambda0,5,20,4,4,36.72792491,0,128.7853731,165.513298
diverse_rec,movielens_sample20of200_lambda0,5,20,5,5,45.50553534,0,120.0077627,165.513298
diverse_rec,movielens_sample20of200_lambda0,5,20,6,6,54.28137416,0,111.2319239,165.513298
diverse_rec,movielens_sample20of200_lambda0,5,20,7,7,63.04468632,0,102.4686117,165.513298
diverse_rec,movielens_sample20of200_lambda0,5,20,8,8,71.6911485,0,93.82214954,165.513298
diverse_rec,movielens_sample20of200_lambda0,5,20,9,9,80.17595613,0,85.33734191,165.513298
diverse_rec,movielens_sample20of200_lambda0,5,20,10,10,88.56752531,0,76.94577273,165.513298
diverse_rec,movielens_sample20of200_lambda0,5,20,11,11,96.88649977,0,68.62679827,165.513298
diverse_rec,movielens_sample20of200_lambda0,5,20,12,12,105.0399125,0,60.47338549,165.513298
diverse_rec,movielens_sample20of200_lambda0,5,20,13,13,112.8987786,0,52.6145194,165.513298
diverse_rec,movielens_sample20of200_lambda0,5,20,14,14,120.6820419,0,44.83125615,165.513298
diverse_rec,movielens_sample20of200_lambda0,5,20,15,15,128.4158227,0,37.09747531,165.513298
diverse_rec,movielens_sample20of200_lambda0,5,20,16,16,136.0211786,0,29.49211947,165.513298
diverse_rec,movielens_sample20of200_lambda0,5,20,17,17,143.5592348,0,21.95406323,165.513298
diverse_rec,movielens_sample20of200_lambda0,5,20,18,18,151.0476154,0,14.46568266,165.513298
diverse_rec,movielens_sample20of200_lambda0,5,20,19,19,158.3687673,0,7.144530705,165.513298
diverse_rec,movielens_sample20of200_lambda0,5,20,20,20,165.513298,0,0,165.513298
diverse_rec,movielens_sample20of200_lambda0,6,1,0,0,0,0,9.66981541,9.66981541
diverse_rec,movielens_sample20of200_lambda0,6,1,1,1,9.66981541,0,9.209008532,18.87882394
diverse_rec,movielens_sample20of200_lambda0,6,2,0,0,0,0,18.87882394,18.87882394
diverse_rec,movielens_sample20of200_lambda0,6,2,1,1,9.66981541,0,18.38424711,28.05406252
diverse_rec,movielens_sample20of200_lambda0,6,2,2,2,18.87882394,0,18.12384064,37.00266459
diverse_rec,movielens_sample20of200_lambda0,6,3,0,0,0,0,28.05406252,28.05406252
diverse_rec,movielens_sample20of200_lambda0,6,3,1,1,9.66981541,0,27.33284918,37.00266459
diverse_rec,movielens_sample20of200_lambda0,6,3,2,2,18.87882394,0,26.98536953,45.86419347
diverse_rec,movielens_sample20of200_lambda0,6,3,3,3,28.05406252,0,26.65829023,54.71235275
diverse_rec,movielens_sample20of200_lambda0,6,4,0,0,0,0,37.00266459,37.00266459
diverse_rec,movielens_sample20of200_lambda0,6,4,1,1,9.66981541,0,36.19437806,45.86419347
diverse_rec,movielens_sample20of200_lambda0,6,4,2,2,18.87882394,0,35.83352881,54.71235275
diverse_rec,movielens_sample20of200_lambda0,6,4,3,3,28.05406252,0,35.4576687,63.51173122
diverse_rec,movielens_sample20of200_lambda0,6,4,4,4,37.00266459,0,35.23915143,72.24181602
diverse_rec,movielens_sample20of200_lambda0,6,5,0,0,0,0,45.86419347,45.86419347
diverse_rec,movielens_sample20of200_lambda0,6,5,1,1,9.66981541,0,45.04253734,54.71235275
diverse_rec,movielens_sample20of200_lambda0,6,5,2,2,18.87882394,0,44.63290727,63.51173122
diverse_rec,movielens_sample20of200_lambda0,6,5,3,3,28.05406252,0,44.18775349,72.24181602
diverse_rec,movielens_sample20of200_lambda0,6,5,4,4,37.00266459,0,43.96842958,80.97109417
diverse_rec,movielens_sample20of200_lambda0,6,5,5,5,45.86419347,0,43.51754484,89.38173831
diverse_rec,movielens_sample20of200_lambda0,6,6,0,0,0,0,54.71235275,54.71235275
diverse_rec,movielens_sample20of200_lambda0,6,6,1,1,9.66981541,0,53.84191581,63.51173122
diverse_rec,movielens_sample20of200_lambda0,6,6,2,2,18.87882394,0,53.36299207,72.24181602
diverse_rec,movielens_sample20of200_lambda0,6,6,3,3,28.05406252,0,52.91703165,80.97109417
diverse_rec,movielens_sample20of200_lambda0,6,6,4,4,37.00266459,0,52.37907373,89.38173831
diverse_rec,movielens_sample20of200_lambda0,6,6,5,5,45.86419347,0,51.84708329,97.71127676
diverse_rec,movielens_sample20of200_lambda0,6,6,6,6,54.71235275,0,51.30128838,106.0136411
diverse_rec,movielens_sample20of200_lambda0,6,7,0,0,0,0,63.51173122,63.51173122
diverse_rec,movielens_sample20of200_lambda0,6,7,1,1,9.66981541,0,62.5720006,72.24181602
diverse_rec,movielens_sample20of200_lambda0,6,7,2,2,18.87882394,0,62.09227022,80.97109417
diverse_rec,movielens_sample20of200_lambda0,6,7,3,3,28.05406252,0,61.32767579,89.38173831
diverse_rec,movielens_sample20of200_lambda0,6,7,4,4,37.00266459,0,60.70861217,97.71127676
diverse_rec,movielens_sample20of200_lambda0,6,7,5,5,45.86419347,0,60.14944766,106.0136411
diverse_rec,movielens_sample20of200_lambda0,6,7,6,6,54.71235275,0,59.27461969,113.9869724
diverse_rec,movielens_sample20of200_lambda0,6,7,7,7,63.51173122,0,58.40958052,121.9213117
diverse_rec,movielens_sample20of200_lambda0,6,8,0,0,0,0,72.24181602,72.24181602
diverse_rec,movielens_sample20of200_lambda0,6,8,1,1,9.66981541,0,71.30127876,80.97109417
diverse_rec,movielens_sample20of200_lambda0,6,8,2,2,18.87882394,0,70.50291437,89.38173831
diverse_rec,movielens_sample20of200_lambda0,6,8,3,3,28.05406252,0,69.65721424,97.71127676
diverse_rec,movielens_sample20of200_lambda0,6,8,4,4,37.00266459,0,69.01097654,106.0136411
diverse_rec,movielens_sample20of200_lambda0,6,8,5,5,45.86419347,0,68.12277896,113.9869724
diverse_rec,movielens_sample20of200_lambda0,6,8,6,6,54.71235275,0,67.20895899,121.9213117
diverse_rec,movielens_sample20of200_lambda0,6,8,7,7,63.51173122,0,66.10767314,129.6194044
diverse_rec,movielens_sample20of200_lambda0,6,8,8,8,72.24181602,0,65.01622192,137.2580379
diverse_rec,movielens_sample20of200_lambda0,6,9,0,0,0,0,80.97109417,80.97109417
diverse_rec,movielens_sample20of200_lambda0,6,9,1,1,9.66981541,0,79.7119229,89.38173831
diverse_rec,movielens_sample20of200_lambda0,6,9,2,2,18.87882394,0,78.83245282,97.71127676
diverse_rec,movielens_sample20of200_lambda0,6,9,3,3,28.05406252,0,77.95957861,106.0136411
diverse_rec,movielens_sample20of200_lambda0,6,9,4,4,37.00266459,0,76.98430785,113.9869724
diverse_rec,movielens_sample20of200_lambda0,6,9,5,5,45.86419347,0,76.05711826,121.9213117
diverse_rec,movielens_sample20of200_lambda0,6,9,6,6,54.71235275,0,74.90705161,129.6194044
diverse_rec,movielens_sample20of200_lambda0,6,9,7,7,63.51173122,0,73.74630672,137.2580379
diverse_rec,movielens_sample20of200_lambda0,6,9,8,8,72.24181602,0,72.54587695,144.787693
diverse_rec,movielens_sample20of200_lambda0,6,9,9,9,80.97109417,0,71.19373102,152.1648252
diverse_rec,movielens_sample20of200_lambda0,6,10,0,0,0,0,89.38173831,89.38173831
diverse_rec,movielens_sample20of200_lambda0,6,10,1,1,9.66981541,0,88.04146135,97.71127676
diverse_rec,movielens_sample20of200_lambda0,6,10,2,2,18.87882394,0,87.13481719,106.0136411
diverse_rec,movielens_sample20of200_lambda0,6,10,3,3,28.05406252,0,85.93290991,113.9869724
diverse_rec,movielens_sample20of200_lambda0,6,10,4,4,37.00266459,0,84.91864715,121.9213117
diverse_rec,movielens_sample20of200_lambda0,6,10,5,5,45.86419347,0,83.75521088,129.6194044
diverse_rec,movielens_sample20of200_lambda0,6,10,6,6,54.71235275,0,82.54568519,137.2580379
diverse_rec,movielens_sample20of200_lambda0,6,10,7,7,63.51173122,0,81.27596175,144.787693
diverse_rec,movielens_sample20of200_lambda0,6,10,8,8,72.24181602,0,79.92300917,152.1648252
diverse_rec,movielens_sample20of200_lambda0,6,10,9,9,80.97109417,0,78.4152922,159.3863864
diverse_rec,movielens_sample20of200_lambda0,6,10,10,10,89.38173831,0,77.06797038,166.4497087
diverse_rec,movielens_sample20of200_lambda0,6,11,0,0,0,0,97.71127676,97.71127676
diverse_rec,movielens_sample20of200_lambda0,6,11,1,1,9.66981541,0,96.34382572,106.0136411
diverse_rec,movielens_sample20of200_lambda0,6,11,2,2,18.87882394,0,95.10814849,113.9869724
diverse_rec,movielens_sample20of200_lambda0,6,11,3,3,28.05406252,0,93.86724922,121.9213117
diverse_rec,movielens_sample20of200_lambda0,6,11,4,4,37.00266459,0,92.61673977,129.6194044
diverse_rec,movielens_sample20of200_lambda0,6,11,5,5,45.86419347,0,91.39384447,137.2580379
diverse_rec,movielens_sample20of200_lambda0,6,11,6,6,54.71235275,0,90.07534022,144.787693
diverse_rec,movielens_sample20of200_lambda0,6,11,7,7,63.51173122,0,88.65309396,152.1648252
diverse_rec,movielens_sample20of200_lambda0,6,11,8,8,72.24181602,0,87.14457035,159.3863864
diverse_rec,movielens_sample20of200_lambda0,6,11,9,9,80.97109417,0,85.47861453,166.4497087
diverse_rec,movielens_sample20of200_lambda0,6,11,10,10,89.38173831,0,77.06797038,166.4497087
diverse_rec,movielens_sample20of200_lambda0,6,11,11,11,97.71127676,0,68.73843193,166.4497087
diverse_rec,movielens_sample20of200_lambda0,6,12,0,0,0,0,106.0136411,106.0136411
diverse_rec,movielens_sample20of200_lambda0,6,12,1,1,9.66981541,0,104.317157,113.9869724
diverse_rec,movielens_sample20of200_lambda0,6,12,2,2,18.87882394,0,103.0424878,121.9213117
diverse_rec,movielens_sample20of200_lambda0,6,12,3,3,28.05406252,0,101.5653418,129.6194044
diverse_rec,movielens_sample20of200_lambda0,6,12,4,4,37.00266459,0,100.2553734,137.2580379
diverse_rec,movielens_sample20of200_lambda0,6,12,5,5,45.86419347,0,98.9234995,144.787693
diverse_rec,movielens_sample20of200_lambda0,6,12,6,6,54.71235275,0,97.45247243,152.1648252
diverse_rec,movielens_sample20of200_lambda0,6,12,7,7,63.51173122,0,95.87465515,159.3863864
diverse_rec,movielens_sample20of200_lambda0,6,12,8,8,72.24181602,0,94.20789268,166.4497087
diverse_rec,movielens_sample20of200_lambda0,6,12,9,9,80.97109417,0,85.47861453,166.4497087
diverse_rec,movielens_sample20of200_lambda0,6,12,10,10,89.38173831,0,77.06797038,166.4497087
diverse_rec,movielens_sample20of200_lambda0,6,12,11,11,97.71127676,0,68.73843193,166.4497087
diverse_rec,movielens_sample20of200_lambda0,6,12,12,12,106.0136411,0,60.43606756,166.4497087
diverse_rec,movielens_sample20of200_lambda0,6,13,0,0,0,0,113.9869724,113.9869724
diverse_rec,movielens_sample20of200_lambda0,6,13,1,1,9.66981541,0,112.2514963,121.9213117
diverse_rec,movielens_sample20of200_lambda0,6,13,2,2,18.87882394,0,110.7405804,129.6194044
diverse_rec,movielens_sample20of200_lambda0,6,13,3,3,28.05406252,0,109.2039754,137.2580379
diverse_rec,movielens_sample20of200_lambda0,6,13,4,4,37.00266459,0,107.7850284,144.787693
diverse_rec,movielens_sample20of200_lambda0,6,13,5,5,45.86419347,0,106.3006317,152.1648252
diverse_rec,movielens_sample20of200_lambda0,6,13,6,6,54.71235275,0,104.6740336,159.3863864
diverse_rec,movielens_sample20of200_lambda0,6,13,7,7,63.51173122,0,102.9379775,166.4497087
diverse_rec,movielens_sample20of200_lambda0,6,13,8,8,72.24181602,0,94.20789268,166.4497087
diverse_rec,movielens_sample20of200_lambda0,6,13,9,9,80.97109417,0,85.47861453,166.4497087
diverse_rec,movielens_sample20of200_lambda0,6,13,10,10,89.38173831,0,77.06797038,166.4497087
diverse_rec,movielens_sample20of200_lambda0,6,13,11,11,97.71127676,0,68.73843193,166.4497087
diverse_rec,movielens_sample20of200_lambda0,6,13,12,12,106.0136411,0,60.43606756,166.4497087
diverse_rec,movielens_sample20of200_lambda0,6,13,13,13,113.9869724,0,52.46273626,166.4497087
diverse_rec,movielens_sample20of200_lambda0,6,14,0,0,0,0,121.9213117,121.9213117
diverse_rec,movielens_sample20of200_lambda0,6,14,1,1,9.66981541,0,119.9495889,129.6194044
diverse_rec,movielens_sample20of200_lambda0,6,14,2,2,18.87882394,0,118.379214,137.2580379
diverse_rec,movielens_sample20of200_lambda0,6,14,3,3,28.05406252,0,116.7336304,144.787693
diverse_rec,movielens_sample20of200_lambda0,6,14,4,4,37.00266459,0,115.1621606,152.1648252
diverse_rec,movielens_sample20of200_lambda0,6,14,5,5,45.86419347,0,113.5221929,159.3863864
diverse_rec,movielens_sample20of200_lambda0,6,14,6,6,54.71235275,0,111.7373559,166.4497087
diverse_rec,movielens_sample20of200_lambda0,6,14,7,7,63.51173122,0,102.9379775,166.4497087
diverse_rec,movielens_sample20of200_lambda0,6,14,8,8,72.24181602,0,94.20789268,166.4497087
diverse_rec,movielens_sample20of200_lambda0,6,14,9,9,80.97109417,0,85.47861453,166.4497087
diverse_rec,movielens_sample20of200_lambda0,6,14,10,10,89.38173831,0,77.06797038,166.4497087
diverse_rec,movielens_sample20of200_lambda0,6,14,11,11,97.71127676,0,68.73843193,166.4497087
diverse_rec,movielens_sample20of200_lambda0,6,14,12,12,106.0136411,0,60.43606756,166.4497087
diverse_rec,movielens_sample20of200_lambda0,6,14,13,13,113.9869724,0,52.46273626,166.4497087
diverse_rec,movielens_sample20of200_lambda0,6,14,14,14,121.9213117,0,44.52839696,166.4497087
diverse_rec,movielens_sample20of200_lambda0,6,15,0,0,0,0,129.6194044,129.6194044
diverse_rec,movielens_sample20of200_lambda0,6,15,1,1,9.66981541,0,127.5882225,137.2580379
diverse_rec,movielens_sample20of200_lambda0,6,15,2,2,18.87882394,0,125.908869,144.787693
diverse_rec,movielens_sample20of200_lambda0,6,15,3,3,28.05406252,0,124.1107627,152.1648252
diverse_rec,movielens_sample20of200_lambda0,6,15,4,4,37.00266459,0,122.3837218,159.3863864
diverse_rec,movielens_sample20of200_lambda0,6,15,5,5,45.86419347,0,120.5855152,166.4497087
diverse_rec,movielens_sample20of200_lambda0,6,15,6,6,54.71235275,0,111.7373559,166.4497087
diverse_rec,movielens_sample20of200_lambda0,6,15,7,7,63.51173122,0,102.9379775,166.4497087
diverse_rec,movielens_sample20of200_lambda0,6,15,8,8,72.24181602,0,94.20789268,166.4497087
diverse_rec,movielens_sample20of200_lambda0,6,15,9,9,80.97109417,0,85.47861453,166.4497087
diverse_rec,movielens_sample20of200_lambda0,6,15,10,10,89.38173831,0,77.06797038,166.4497087
diverse_rec,movielens_sample20of200_lambda0,6,15,11,11,97.71127676,0,68.73843193,166.4497087
diverse_rec,movielens_sample20of200_lambda0,6,15,12,12,106.0136411,0,60.43606756,166.4497087
diverse_rec,movielens_sample20of200_lambda0,6,15,13,13,113.9869724,0,52.46273626,166.4497087
diverse_rec,movielens_sample20of200_lambda0,6,15,14,14,121.9213117,0,44.52839696,166.4497087
diverse_rec,movielens_sample20of200_lambda0,6,15,15,15,129.6194044,0,36.83030434,166.4497087
diverse_rec,movielens_sample20of200_lambda0,6,16,0,0,0,0,137.2580379,137.2580379
diverse_rec,movielens_sample20of200_lambda0,6,16,1,1,9.66981541,0,135.1178776,144.787693
diverse_rec,movielens_sample20of200_lambda0,6,16,2,2,18.87882394,0,133.2860012,152.1648252
diverse_rec,movielens_sample20of200_lambda0,6,16,3,3,28.05406252,0,131.3323238,159.3863864
diverse_rec,movielens_sample20of200_lambda0,6,16,4,4,37.00266459,0,129.4470441,166.4497087
diverse_rec,movielens_sample20of200_lambda0,6,16,5,5,45.86419347,0,120.5855152,166.4497087
diverse_rec,movielens_sample20of200_lambda0,6,16,6,6,54.71235275,0,111.7373559,166.4497087
diverse_rec,movielens_sample20of200_lambda0,6,16,7,7,63.51173122,0,102.9379775,166.4497087
diverse_rec,movielens_sample20of200_lambda0,6,16,8,8,72.24181602,0,94.20789268,166.4497087
diverse_rec,movielens_sample20of200_lambda0,6,16,9,9,80.97109417,0,85.47861453,166.4497087
diverse_rec,movielens_sample20of200_lambda0,6,16,10,10,89.38173831,0,77.06797038,166.4497087
diverse_rec,movielens_sample20of200_lambda0,6,16,11,11,97.71127676,0,68.73843193,166.4497087
diverse_rec,movielens_sample20of200_lambda0,6,16,12,12,106.0136411,0,60.43606756,166.4497087
diverse_rec,movielens_sample20of200_lambda0,6,16,13,13,113.9869724,0,52.46273626,166.4497087
diverse_rec,movielens_sample20of200_lambda0,6,16,14,14,121.9213117,0,44.52839696,166.4497087
diverse_rec,movielens_sample20of200_lambda0,6,16,15,15,129.6194044,0,36.83030434,166.4497087
diverse_rec,movielens_sample20of200_lambda0,6,16,16,16,137.2580379,0,29.19167076,166.4497087
diverse_rec,movielens_sample20of200_lambda0,6,17,0,0,0,0,144.787693,144.787693
diverse_rec,movielens_sample20of200_lambda0,6,17,1,1,9.66981541,0,142.4950098,152.1648252
diverse_rec,movielens_sample20of200_lambda0,6,17,2,2,18.87882394,0,140.5075624,159.3863864
diverse_rec,movielens_sample20of200_lambda0,6,17,3,3,28.05406252,0,138.3956462,166.4497087
diverse_rec,movielens_sample20of200_lambda0,6,17,4,4,37.00266459,0,129.4470441,166.4497087
diverse_rec,movielens_sample20of200_lambda0,6,17,5,5,45.86419347,0,120.5855152,166.4497087
diverse_rec,movielens_sample20of200_lambda0,6,17,6,6,54.71235275,0,111.7373559,166.4497087
diverse_rec,movielens_sample20of200_lambda0,6,17,7,7,63.51173122,0,102.9379775,166.4497087
diverse_rec,movielens_sample20of200_lambda0,6,17,8,8,72.24181602,0,94.20789268,166.4497087
diverse_rec,movielens_sample20of200_lambda0,6,17,9,9,80.97109417,0,85.47861453,166.4497087
diverse_rec,movielens_sample20of200_lambda0,6,17,10,10,89.38173831,0,77.06797038,166.4497087
diverse_rec,movielens_sample20of200_lambda0,6,17,11,11,97.71127676,0,68.73843193,166.4497087
diverse_rec,movielens_sample20of200_lambda0,6,17,12,12,106.0136411,0,60.43606756,166.4497087
diverse_rec,movielens_sample20of200_lambda0,6,17,13,13,113.9869724,0,52.46273626,166.4497087
diverse_rec,movielens_sample20of200_lambda0,6,17,14,14,121.9213117,0,44.52839696,166.4497087
diverse_rec,movielens_sample20of200_lambda0,6,17,15,15,129.6194044,0,36.83030434,166.4497087
diverse_rec,movielens_sample20of200_lambda0,6,17,16,16,137.2580379,0,29.19167076,166.4497087
diverse_rec,movielens_sample20of200_lambda0,6,17,17,17,144.787693,0,21.66201572,166.4497087
diverse_rec,movielens_sample20of200_lambda0,6,18,0,0,0,0,152.1648252,152.1648252
diverse_rec,movielens_sample20of200_lambda0,6,18,1,1,9.66981541,0,149.716571,159.3863864
diverse_rec,movielens_sample20of200_lambda0,6,18,2,2,18.87882394,0,147.5708848,166.4497087
diverse_rec,movielens_sample20of200_lambda0,6,18,3,3,28.05406252,0,138.3956462,166.4497087
diverse_rec,movielens_sample20of200_lambda0,6,18,4,4,37.00266459,0,129.4470441,166.4497087
diverse_rec,movielens_sample20of200_lambda0,6,18,5,5,45.86419347,0,120.5855152,166.4497087
diverse_rec,movielens_sample20of200_lambda0,6,18,6,6,54.71235275,0,111.7373559,166.4497087
diverse_rec,movielens_sample20of200_lambda0,6,18,7,7,63.51173122,0,102.9379775,166.4497087
diverse_rec,movielens_sample20of200_lambda0,6,18,8,8,72.24181602,0,94.20789268,166.4497087
diverse_rec,movielens_sample20of200_lambda0,6,18,9,9,80.97109417,0,85.47861453,166.4497087
diverse_rec,movielens_sample20of200_lambda0,6,18,10,10,89.38173831,0,77.06797038,166.4497087
diverse_rec,movielens_sample20of200_lambda0,6,18,11,11,97.71127676,0,68.73843193,166.4497087
diverse_rec,movielens_sample20of200_lambda0,6,18,12,12,106.0136411,0,60.43606756,166.4497087
diverse_rec,movielens_sample20of200_lambda0,6,18,13,13,113.9869724,0,52.46273626,166.4497087
diverse_rec,movielens_sample20of200_lambda0,6,18,14,14,121.9213117,0,44.52839696,166.4497087
diverse_rec,movielens_sample20of200_lambda0,6,18,15,15,129.6194044,0,36.83030434,166.4497087
diverse_rec,movielens_sample20of200_lambda0,6,18,16,16,137.2580379,0,29.19167076,166.4497087
diverse_rec,movielens_sample20of200_lambda0,6,18,17,17,144.787693,0,21.66201572,166.4497087
diverse_rec,movielens_sample20of200_lambda0,6,18,18,18,152.1648252,0,14.28488351,166.4497087
diverse_rec,movielens_sample20of200_lambda0,6,19,0,0,0,0,159.3863864,159.3863864
diverse_rec,movielens_sample20of200_lambda0,6,19,1,1,9.66981541,0,156.7798933,166.4497087
diverse_rec,movielens_sample20of200_lambda0,6,19,2,2,18.87882394,0,147.5708848,166.4497087
diverse_rec,movielens_sample20of200_lambda0,6,19,3,3,28.05406252,0,138.3956462,166.4497087
diverse_rec,movielens_sample20of200_lambda0,6,19,4,4,37.00266459,0,129.4470441,166.4497087
diverse_rec,movielens_sample20of200_lambda0,6,19,5,5,45.86419347,0,120.5855152,166.4497087
diverse_rec,movielens_sample20of200_lambda0,6,19,6,6,54.71235275,0,111.7373559,166.4497087
diverse_rec,movielens_sample20of200_lambda0,6,19,7,7,63.51173122,0,102.9379775,166.4497087
diverse_rec,movielens_sample20of200_lambda0,6,19,8,8,72.24181602,0,94.20789268,166.4497087
diverse_rec,movielens_sample20of200_lambda0,6,19,9,9,80.97109417,0,85.47861453,166.4497087
diverse_rec,movielens_sample20of200_lambda0,6,19,10,10,89.38173831,0,77.06797038,166.4497087
diverse_rec,movielens_sample20of200_lambda0,6,19,11,11,97.71127676,0,68.73843193,166.4497087
diverse_rec,movielens_sample20of200_lambda0,6,19,12,12,106.0136411,0,60.43606756,166.4497087
diverse_rec,movielens_sample20of200_lambda0,6,19,13,13,113.9869724,0,52.46273626,166.4497087
diverse_rec,movielens_sample20of200_lambda0,6,19,14,14,121.9213117,0,44.52839696,166.4497087
diverse_rec,movielens_sample20of200_lambda0,6,19,15,15,129.6194044,0,36.83030434,166.4497087
diverse_rec,movielens_sample20of200_lambda0,6,19,16,16,137.2580379,0,29.19167076,166.4497087
diverse_rec,movielens_sample20of200_lambda0,6,19,17,17,144.787693,0,21.66201572,166.4497087
diverse_rec,movielens_sample20of200_lambda0,6,19,18,18,152.1648252,0,14.28488351,166.4497087
diverse_rec,movielens_sample20of200_lambda0,6,19,19,19,159.3863864,0,7.063322328,166.4497087
diverse_rec,movielens_sample20of200_lambda0,6,20,0,0,0,0,166.4497087,166.4497087
diverse_rec,movielens_sample20of200_lambda0,6,20,1,1,9.66981541,0,156.7798933,166.4497087
diverse_rec,movielens_sample20of200_lambda0,6,20,2,2,18.87882394,0,147.5708848,166.4497087
diverse_rec,movielens_sample20of200_lambda0,6,20,3,3,28.05406252,0,138.3956462,166.4497087
diverse_rec,movielens_sample20of200_lambda0,6,20,4,4,37.00266459,0,129.4470441,166.4497087
diverse_rec,movielens_sample20of200_lambda0,6,20,5,5,45.86419347,0,120.5855152,166.4497087
diverse_rec,movielens_sample20of200_lambda0,6,20,6,6,54.71235275,0,111.7373559,166.4497087
diverse_rec,movielens_sample20of200_lambda0,6,20,7,7,63.51173122,0,102.9379775,166.4497087
diverse_rec,movielens_sample20of200_lambda0,6,20,8,8,72.24181602,0,94.20789268,166.4497087
diverse_rec,movielens_sample20of200_lambda0,6,20,9,9,80.97109417,0,85.47861453,166.4497087
diverse_rec,movielens_sample20of200_lambda0,6,20,10,10,89.38173831,0,77.06797038,166.4497087
diverse_rec,movielens_sample20of200_lambda0,6,20,11,11,97.71127676,0,68.73843193,166.4497087
diverse_rec,movielens_sample20of200_lambda0,6,20,12,12,106.0136411,0,60.43606756,166.4497087
diverse_rec,movielens_sample20of200_lambda0,6,20,13,13,113.9869724,0,52.46273626,166.4497087
diverse_rec,movielens_sample20of200_lambda0,6,20,14,14,121.9213117,0,44.52839696,166.4497087
diverse_rec,movielens_sample20of200_lambda0,6,20,15,15,129.6194044,0,36.83030434,166.4497087
diverse_rec,movielens_sample20of200_lambda0,6,20,16,16,137.2580379,0,29.19167076,166.4497087
diverse_rec,movielens_sample20of200_lambda0,6,20,17,17,144.787693,0,21.66201572,166.4497087
diverse_rec,movielens_sample20of200_lambda0,6,20,18,18,152.1648252,0,14.28488351,166.4497087
diverse_rec,movielens_sample20of200_lambda0,6,20,19,19,159.3863864,0,7.063322328,166.4497087
diverse_rec,movielens_sample20of200_lambda0,6,20,20,20,166.4497087,0,0,166.4497087
diverse_rec,movielens_sample20of200_lambda0,7,1,0,0,0,0,10.00413919,10.00413919
diverse_rec,movielens_sample20of200_lambda0,7,1,1,1,10.00413919,0,9.991940102,19.9960793
diverse_rec,movielens_sample20of200_lambda0,7,2,0,0,0,0,19.9960793,19.9960793
diverse_rec,movielens_sample20of200_lambda0,7,2,1,1,10.00413919,0,19.71448115,29.71862035
diverse_rec,movielens_sample20of200_lambda0,7,2,2,2,19.9960793,0,19.41569676,39.41177606
diverse_rec,movielens_sample20of200_lambda0,7,3,0,0,0,0,29.71862035,29.71862035
diverse_rec,movielens_sample20of200_lambda0,7,3,1,1,10.00413919,0,29.40763686,39.41177606
diverse_rec,movielens_sample20of200_lambda0,7,3,2,2,19.9960793,0,28.80969757,48.80577686
diverse_rec,movielens_sample20of200_lambda0,7,3,3,3,29.71862035,0,28.39273823,58.11135858
diverse_rec,movielens_sample20of200_lambda0,7,4,0,0,0,0,39.41177606,39.41177606
diverse_rec,movielens_sample20of200_lambda0,7,4,1,1,10.00413919,0,38.80163767,48.80577686
diverse_rec,movielens_sample20of200_lambda0,7,4,2,2,19.9960793,0,38.11527928,58.11135858
diverse_rec,movielens_sample20of200_lambda0,7,4,3,3,29.71862035,0,37.44770316,67.1663235
diverse_rec,movielens_sample20of200_lambda0,7,4,4,4,39.41177606,0,36.78351544,76.1952915
diverse_rec,movielens_sample20of200_lambda0,7,5,0,0,0,0,48.80577686,48.80577686
diverse_rec,movielens_sample20of200_lambda0,7,5,1,1,10.00413919,0,48.10721938,58.11135858
diverse_rec,movielens_sample20of200_lambda0,7,5,2,2,19.9960793,0,47.17024421,67.1663235
diverse_rec,movielens_sample20of200_lambda0,7,5,3,3,29.71862035,0,46.47667115,76.1952915
diverse_rec,movielens_sample20of200_lambda0,7,5,4,4,39.41177606,0,45.58068429,84.99246035
diverse_rec,movielens_sample20of200_lambda0,7,5,5,5,48.80577686,0,44.96829806,93.77407493
diverse_rec,movielens_sample20of200_lambda0,7,6,0,0,0,0,58.11135858,58.11135858
diverse_rec,movielens_sample20of200_lambda0,7,6,1,1,10.00413919,0,57.16218431,67.1663235
diverse_rec,movielens_sample20of200_lambda0,7,6,2,2,19.9960793,0,56.1992122,76.1952915
diverse_rec,movielens_sample20of200_lambda0,7,6,3,3,29.71862035,0,55.27384,84.99246035
diverse_rec,movielens_sample20of200_lambda0,7,6,4,4,39.41177606,0,54.36229887,93.77407493
diverse_rec,movielens_sample20of200_lambda0,7,6,5,5,48.80577686,0,53.7105707,102.5163476
diverse_rec,movielens_sample20of200_lambda0,7,6,6,6,58.11135858,0,53.10529924,111.2166578
diverse_rec,movielens_sample20of200_lambda0,7,7,0,0,0,0,67.1663235,67.1663235
diverse_rec,movielens_sample20of200_lambda0,7,7,1,1,10.00413919,0,66.19115231,76.1952915
diverse_rec,movielens_sample20of200_lambda0,7,7,2,2,19.9960793,0,64.99638105,84.99246035
diverse_rec,movielens_sample20of200_lambda0,7,7,3,3,29.71862035,0,64.05545458,93.77407493
diverse_rec,movielens_sample20of200_lambda0,7,7,4,4,39.41177606,0,63.1045715,102.5163476
diverse_rec,movielens_sample20of200_lambda0,7,7,5,5,48.80577686,0,62.41088095,111.2166578
diverse_rec,movielens_sample20of200_lambda0,7,7,6,6,58.11135858,0,61.7809725,119.8923311
diverse_rec,movielens_sample20of200_lambda0,7,7,7,7,67.1663235,0,61.24998928,128.4163128
diverse_rec,movielens_sample20of200_lambda0,7,8,0,0,0,0,76.1952915,76.1952915
diverse_rec,movielens_sample20of200_lambda0,7,8,1,1,10.00413919,0,74.98832115,84.99246035
diverse_rec,movielens_sample20of200_lambda0,7,8,2,2,19.9960793,0,73.77799563,93.77407493
diverse_rec,movielens_sample20of200_lambda0,7,8,3,3,29.71862035,0,72.79772721,102.5163476
diverse_rec,movielens_sample20of200_lambda0,7,8,4,4,39.41177606,0,71.80488176,111.2166578
diverse_rec,movielens_sample20of200_lambda0,7,8,5,5,48.80577686,0,71.08655421,119.8923311
diverse_rec,movielens_sample20of200_lambda0,7,8,6,6,58.11135858,0,70.30495421,128.4163128
diverse_rec,movielens_sample20of200_lambda0,7,8,7,7,67.1663235,0,69.54990978,136.7162333
diverse_rec,movielens_sample20of200_lambda0,7,8,8,8,76.1952915,0,68.76539054,144.960682
diverse_rec,movielens_sample20of200_lambda0,7,9,0,0,0,0,84.99246035,84.99246035
diverse_rec,movielens_sample20of200_lambda0,7,9,1,1,10.00413919,0,83.76993573,93.77407493
diverse_rec,movielens_sample20of200_lambda0,7,9,2,2,19.9960793,0,82.52026827,102.5163476
diverse_rec,movielens_sample20of200_lambda0,7,9,3,3,29.71862035,0,81.49803747,111.2166578
diverse_rec,movielens_sample20of200_lambda0,7,9,4,4,39.41177606,0,80.48055502,119.8923311
diverse_rec,movielens_sample20of200_lambda0,7,9,5,5,48.80577686,0,79.61053592,128.4163128
diverse_rec,movielens_sample20of200_lambda0,7,9,6,6,58.11135858,0,78.60487471,136.7162333
diverse_rec,movielens_sample20of200_lambda0,7,9,7,7,67.1663235,0,77.79435853,144.960682
diverse_rec,movielens_sample20of200_lambda0,7,9,8,8,76.1952915,0,76.82474904,153.0200405
diverse_rec,movielens_sample20of200_lambda0,7,9,9,9,84.99246035,0,76.00503765,160.997498
diverse_rec,movielens_sample20of200_lambda0,7,10,0,0,0,0,93.77407493,93.77407493
diverse_rec,movielens_sample20of200_lambda0,7,10,1,1,10.00413919,0,92.51220837,102.5163476
diverse_rec,movielens_sample20of200_lambda0,7,10,2,2,19.9960793,0,91.22057852,111.2166578
diverse_rec,movielens_sample20of200_lambda0,7,10,3,3,29.71862035,0,90.17371073,119.8923311
diverse_rec,movielens_sample20of200_lambda0,7,10,4,4,39.41177606,0,89.00453673,128.4163128
diverse_rec,movielens_sample20of200_lambda0,7,10,5,5,48.80577686,0,87.91045642,136.7162333
diverse_rec,movielens_sample20of200_lambda0,7,10,6,6,58.11135858,0,86.84932346,144.960682
diverse_rec,movielens_sample20of200_lambda0,7,10,7,7,67.1663235,0,85.85371703,153.0200405
diverse_rec,movielens_sample20of200_lambda0,7,10,8,8,76.1952915,0,84.8022065,160.997498
diverse_rec,movielens_sample20of200_lambda0,7,10,9,9,84.99246035,0,83.6963888,168.6888491
diverse_rec,movielens_sample20of200_lambda0,7,10,10,10,93.77407493,0,81.7783267,175.5524016
diverse_rec,movielens_sample20of200_lambda0,7,11,0,0,0,0,102.5163476,102.5163476
diverse_rec,movielens_sample20of200_lambda0,7,11,1,1,10.00413919,0,101.2125186,111.2166578
diverse_rec,movielens_sample20of200_lambda0,7,11,2,2,19.9960793,0,99.89625178,119.8923311
diverse_rec,movielens_sample20of200_lambda0,7,11,3,3,29.71862035,0,98.69769244,128.4163128
diverse_rec,movielens_sample20of200_lambda0,7,11,4,4,39.41177606,0,97.30445723,136.7162333
diverse_rec,movielens_sample20of200_lambda0,7,11,5,5,48.80577686,0,96.15490517,144.960682
diverse_rec,movielens_sample20of200_lambda0,7,11,6,6,58.11135858,0,94.90868196,153.0200405
diverse_rec,movielens_sample20of200_lambda0,7,11,7,7,67.1663235,0,93.83117449,160.997498
diverse_rec,movielens_sample20of200_lambda0,7,11,8,8,76.1952915,0,92.49355764,168.6888491
diverse_rec,movielens_sample20of200_lambda0,7,11,9,9,84.99246035,0,90.55994128,175.5524016
diverse_rec,movielens_sample20of200_lambda0,7,11,10,10,93.77407493,0,81.7783267,175.5524016
diverse_rec,movielens_sample20of200_lambda0,7,11,11,11,102.5163476,0,73.03605406,175.5524016
diverse_rec,movielens_sample20of200_lambda0,7,12,0,0,0,0,111.2166578,111.2166578
diverse_rec,movielens_sample20of200_lambda0,7,12,1,1,10.00413919,0,109.8881919,119.8923311
diverse_rec,movielens_sample20of200_lambda0,7,12,2,2,19.9960793,0,108.4202335,128.4163128
diverse_rec,movielens_sample20of200_lambda0,7,12,3,3,29.71862035,0,106.9976129,136.7162333
diverse_rec,movielens_sample20of200_lambda0,7,12,4,4,39.41177606,0,105.548906,144.960682
diverse_rec,movielens_sample20of200_lambda0,7,12,5,5,48.80577686,0,104.2142637,153.0200405
diverse_rec,movielens_sample20of200_lambda0,7,12,6,6,58.11135858,0,102.8861394,160.997498
diverse_rec,movielens_sample20of200_lambda0,7,12,7,7,67.1663235,0,101.5225256,168.6888491
diverse_rec,movielens_sample20of200_lambda0,7,12,8,8,76.1952915,0,99.35711013,175.5524016
diverse_rec,movielens_sample20of200_lambda0,7,12,9,9,84.99246035,0,90.55994128,175.5524016
diverse_rec,movielens_sample20of200_lambda0,7,12,10,10,93.77407493,0,81.7783267,175.5524016
diverse_rec,movielens_sample20of200_lambda0,7,12,11,11,102.5163476,0,73.03605406,175.5524016
diverse_rec,movielens_sample20of200_lambda0,7,12,12,12,111.2166578,0,64.33574381,175.5524016
diverse_rec,movielens_sample20of200_lambda0,7,13,0,0,0,0,119.8923311,119.8923311
diverse_rec,movielens_sample20of200_lambda0,7,13,1,1,10.00413919,0,118.4121736,128.4163128
diverse_rec,movielens_sample20of200_lambda0,7,13,2,2,19.9960793,0,116.720154,136.7162333
diverse_rec,movielens_sample20of200_lambda0,7,13,3,3,29.71862035,0,115.2420617,144.960682
diverse_rec,movielens_sample20of200_lambda0,7,13,4,4,39.41177606,0,113.6082645,153.0200405
diverse_rec,movielens_sample20of200_lambda0,7,13,5,5,48.80577686,0,112.1917211,160.997498
diverse_rec,movielens_sample20of200_lambda0,7,13,6,6,58.11135858,0,110.5774906,168.6888491
diverse_rec,movielens_sample20of200_lambda0,7,13,7,7,67.1663235,0,108.3860781,175.5524016
diverse_rec,movielens_sample20of200_lambda0,7,13,8,8,76.1952915,0,99.35711013,175.5524016
diverse_rec,movielens_sample20of200_lambda0,7,13,9,9,84.99246035,0,90.55994128,175.5524016
diverse_rec,movielens_sample20of200_lambda0,7,13,10,10,93.77407493,0,81.7783267,175.5524016
diverse_rec,movielens_sample20of200_lambda0,7,13,11,11,102.5163476,0,73.03605406,175.5524016
diverse_rec,movielens_sample20of200_lambda0,7,13,12,12,111.2166578,0,64.33574381,175.5524016
diverse_rec,movielens_sample20of200_lambda0,7,13,13,13,119.8923311,0,55.66007055,175.5524016
diverse_rec,movielens_sample20of200_lambda0,7,14,0,0,0,0,128.4163128,128.4163128
diverse_rec,movielens_sample20of200_lambda0,7,14,1,1,10.00413919,0,126.7120941,136.7162333
diverse_rec,movielens_sample20of200_lambda0,7,14,2,2,19.9960793,0,124.9646027,144.960682
diverse_rec,movielens_sample20of200_lambda0,7,14,3,3,29.71862035,0,123.3014202,153.0200405
diverse_rec,movielens_sample20of200_lambda0,7,14,4,4,39.41177606,0,121.5857219,160.997498
diverse_rec,movielens_sample20of200_lambda0,7,14,5,5,48.80577686,0,119.8830723,168.6888491
diverse_rec,movielens_sample20of200_lambda0,7,14,6,6,58.11135858,0,117.441043,175.5524016
diverse_rec,movielens_sample20of200_lambda0,7,14,7,7,67.1663235,0,108.3860781,175.5524016
diverse_rec,movielens_sample20of200_lambda0,7,14,8,8,76.1952915,0,99.35711013,175.5524016
diverse_rec,movielens_sample20of200_lambda0,7,14,9,9,84.99246035,0,90.55994128,175.5524016
diverse_rec,movielens_sample20of200_lambda0,7,14,10,10,93.77407493,0,81.7783267,175.5524016
diverse_rec,movielens_sample20of200_lambda0,7,14,11,11,102.5163476,0,73.03605406,175.5524016
diverse_rec,movielens_sample20of200_lambda0,7,14,12,12,111.2166578,0,64.33574381,175.5524016
diverse_rec,movielens_sample20of200_lambda0,7,14,13,13,119.8923311,0,55.66007055,175.5524016
diverse_rec,movielens_sample20of200_lambda0,7,14,14,14,128.4163128,0,47.13608884,175.5524016
diverse_rec,movielens_sample20of200_lambda0,7,15,0,0,0,0,136.7162333,136.7162333
diverse_rec,movielens_sample20of200_lambda0,7,15,1,1,10.00413919,0,134.9565428,144.960682
diverse_rec,movielens_sample20of200_lambda0,7,15,2,2,19.9960793,0,133.0239612,153.0200405
diverse_rec,movielens_sample20of200_lambda0,7,15,3,3,29.71862035,0,131.2788776,160.997498
diverse_rec,movielens_sample20of200_lambda0,7,15,4,4,39.41177606,0,129.2770731,168.6888491
diverse_rec,movielens_sample20of200_lambda0,7,15,5,5,48.80577686,0,126.7466248,175.5524016
diverse_rec,movielens_sample20of200_lambda0,7,15,6,6,58.11135858,0,117.441043,175.5524016
diverse_rec,movielens_sample20of200_lambda0,7,15,7,7,67.1663235,0,108.3860781,175.5524016
diverse_rec,movielens_sample20of200_lambda0,7,15,8,8,76.1952915,0,99.35711013,175.5524016
diverse_rec,movielens_sample20of200_lambda0,7,15,9,9,84.99246035,0,90.55994128,175.5524016
diverse_rec,movielens_sample20of200_lambda0,7,15,10,10,93.77407493,0,81.7783267,175.5524016
diverse_rec,movielens_sample20of200_lambda0,7,15,11,11,102.5163476,0,73.03605406,175.5524016
diverse_rec,movielens_sample20of200_lambda0,7,15,12,12,111.2166578,0,64.33574381,175.5524016
diverse_rec,movielens_sample20of200_lambda0,7,15,13,13,119.8923311,0,55.66007055,175.5524016
diverse_rec,movielens_sample20of200_lambda0,7,15,14,14,128.4163128,0,47.13608884,175.5524016
diverse_rec,movielens_sample20of200_lambda0,7,15,15,15,136.7162333,0,38.83616834,175.5524016
diverse_rec,movielens_sample20of200_lambda0,7,16,0,0,0,0,144.960682,144.960682
diverse_rec,movielens_sample20of200_lambda0,7,16,1,1,10.00413919,0,143.0159013,153.0200405
diverse_rec,movielens_sample20of200_lambda0,7,16,2,2,19.9960793,0,141.0014187,160.997498
diverse_rec,movielens_sample20of200_lambda0,7,16,3,3,29.71862035,0,138.9702288,168.6888491
diverse_rec,movielens_sample20of200_lambda0,7,16,4,4,39.41177606,0,136.1406256,175.5524016
diverse_rec,movielens_sample20of200_lambda0,7,16,5,5,48.80577686,0,126.7466248,175.5524016
diverse_rec,movielens_sample20of200_lambda0,7,16,6,6,58.11135858,0,117.441043,175.5524016
diverse_rec,movielens_sample20of200_lambda0,7,16,7,7,67.1663235,0,108.3860781,175.5524016
diverse_rec,movielens_sample20of200_lambda0,7,16,8,8,76.1952915,0,99.35711013,175.5524016
diverse_rec,movielens_sample20of200_lambda0,7,16,9,9,84.99246035,0,90.55994128,175.5524016
diverse_rec,movielens_sample20of200_lambda0,7,16,10,10,93.77407493,0,81.7783267,175.5524016
diverse_rec,movielens_sample20of200_lambda0,7,16,11,11,102.5163476,0,73.03605406,175.5524016
diverse_rec,movielens_sample20of200_lambda0,7,16,12,12,111.2166578,0,64.33574381,175.5524016
diverse_rec,movielens_sample20of200_lambda0,7,16,13,13,119.8923311,0,55.66007055,175.5524016
diverse_rec,movielens_sample20of200_lambda0,7,16,14,14,128.4163128,0,47.13608884,175.5524016
diverse_rec,movielens_sample20of200_lambda0,7,16,15,15,136.7162333,0,38.83616834,175.5524016
diverse_rec,movielens_sample20of200_lambda0,7,16,16,16,144.960682,0,30.59171959,175.5524016
diverse_rec,movielens_sample20of200_lambda0,7,17,0,0,0,0,153.0200405,153.0200405
diverse_rec,movielens_sample20of200_lambda0,7,17,1,1,10.00413919,0,150.9933588,160.997498
diverse_rec,movielens_sample20of200_lambda0,7,17,2,2,19.9960793,0,148.6927698,168.6888491
diverse_rec,movielens_sample20of200_lambda0,7,17,3,3,29.71862035,0,145.8337813,175.5524016
diverse_rec,movielens_sample20of200_lambda0,7,17,4,4,39.41177606,0,136.1406256,175.5524016
diverse_rec,movielens_sample20of200_lambda0,7,17,5,5,48.80577686,0,126.7466248,175.5524016
diverse_rec,movielens_sample20of200_lambda0,7,17,6,6,58.11135858,0,117.441043,175.5524016
diverse_rec,movielens_sample20of200_lambda0,7,17,7,7,67.1663235,0,108.3860781,175.5524016
diverse_rec,movielens_sample20of200_lambda0,7,17,8,8,76.1952915,0,99.35711013,175.5524016
diverse_rec,movielens_sample20of200_lambda0,7,17,9,9,84.99246035,0,90.55994128,175.5524016
diverse_rec,movielens_sample20of200_lambda0,7,17,10,10,93.77407493,0,81.7783267,175.5524016
diverse_rec,movielens_sample20of200_lambda0,7,17,11,11,102.5163476,0,73.03605406,175.5524016
diverse_rec,movielens_sample20of200_lambda0,7,17,12,12,111.2166578,0,64.33574381,175.5524016
diverse_rec,movielens_sample20of200_lambda0,7,17,13,13,119.8923311,0,55.66007055,175.5524016
diverse_rec,movielens_sample20of200_lambda0,7,17,14,14,128.4163128,0,47.13608884,175.5524016
diverse_rec,movielens_sample20of200_lambda0,7,17,15,15,136.7162333,0,38.83616834,175.5524016
diverse_rec,movielens_sample20of200_lambda0,7,17,16,16,144.960682,0,30.59171959,175.5524016
diverse_rec,movielens_sample20of200_lambda0,7,17,17,17,153.0200405,0,22.53236109,175.5524016
diverse_rec,movielens_sample20of200_lambda0,7,18,0,0,0,0,160.997498,160.997498
diverse_rec,movielens_sample20of200_lambda0,7,18,1,1,10.00413919,0,158.6847099,168.6888491
diverse_rec,movielens_sample20of200_lambda0,7,18,2,2,19.9960793,0,155.5563223,175.5524016
diverse_rec,movielens_sample20of200_lambda0,7,18,3,3,29.71862035,0,145.8337813,175.5524016
diverse_rec,movielens_sample20of200_lambda0,7,18,4,4,39.41177606,0,136.1406256,175.5524016
diverse_rec,movielens_sample20of200_lambda0,7,18,5,5,48.80577686,0,126.7466248,175.5524016
diverse_rec,movielens_sample20of200_lambda0,7,18,6,6,58.11135858,0,117.441043,175.5524016
diverse_rec,movielens_sample20of200_lambda0,7,18,7,7,67.1663235,0,108.3860781,175.5524016
diverse_rec,movielens_sample20of200_lambda0,7,18,8,8,76.1952915,0,99.35711013,175.5524016
diverse_rec,movielens_sample20of200_lambda0,7,18,9,9,84.99246035,0,90.55994128,175.5524016
diverse_rec,movielens_sample20of200_lambda0,7,18,10,10,93.77407493,0,81.7783267,175.5524016
diverse_rec,movielens_sample20of200_lambda0,7,18,11,11,102.5163476,0,73.03605406,175.5524016
diverse_rec,movielens_sample20of200_lambda0,7,18,12,12,111.2166578,0,64.33574381,175.5524016
diverse_rec,movielens_sample20of200_lambda0,7,18,13,13,119.8923311,0,55.66007055,175.5524016
diverse_rec,movielens_sample20of200_lambda0,7,18,14,14,128.4163128,0,47.13608884,175.5524016
diverse_rec,movielens_sample20of200_lambda0,7,18,15,15,136.7162333,0,38.83616834,175.5524016
diverse_rec,movielens_sample20of200_lambda0,7,18,16,16,144.960682,0,30.59171959,175.5524016
diverse_rec,movielens_sample20of200_lambda0,7,18,17,17,153.0200405,0,22.53236109,175.5524016
diverse_rec,movielens_sample20of200_lambda0,7,18,18,18,160.997498,0,14.55490363,175.5524016
diverse_rec,movielens_sample20of200_lambda0,7,19,0,0,0,0,168.6888491,168.6888491
diverse_rec,movielens_sample20of200_lambda0,7,19,1,1,10.00413919,0,165.5482624,175.5524016
diverse_rec,movielens_sample20of200_lambda0,7,19,2,2,19.9960793,0,155.5563223,175.5524016
diverse_rec,movielens_sample20of200_lambda0,7,19,3,3,29.71862035,0,145.8337813,175.5524016
diverse_rec,movielens_sample20of200_lambda0,7,19,4,4,39.41177606,0,136.1406256,175.5524016
diverse_rec,movielens_sample20of200_lambda0,7,19,5,5,48.80577686,0,126.7466248,175.5524016
diverse_rec,movielens_sample20of200_lambda0,7,19,6,6,58.11135858,0,117.441043,175.5524016
diverse_rec,movielens_sample20of200_lambda0,7,19,7,7,67.1663235,0,108.3860781,175.5524016
diverse_rec,movielens_sample20of200_lambda0,7,19,8,8,76.1952915,0,99.35711013,175.5524016
diverse_rec,movielens_sample20of200_lambda0,7,19,9,9,84.99246035,0,90.55994128,175.5524016
diverse_rec,movielens_sample20of200_lambda0,7,19,10,10,93.77407493,0,81.7783267,175.5524016
diverse_rec,movielens_sample20of200_lambda0,7,19,11,11,102.5163476,0,73.03605406,175.5524016
diverse_rec,movielens_sample20of200_lambda0,7,19,12,12,111.2166578,0,64.33574381,175.5524016
diverse_rec,movielens_sample20of200_lambda0,7,19,13,13,119.8923311,0,55.66007055,175.5524016
diverse_rec,movielens_sample20of200_lambda0,7,19,14,14,128.4163128,0,47.13608884,175.5524016
diverse_rec,movielens_sample20of200_lambda0,7,19,15,15,136.7162333,0,38.83616834,175.5524016
diverse_rec,movielens_sample20of200_lambda0,7,19,16,16,144.960682,0,30.59171959,175.5524016
diverse_rec,movielens_sample20of200_lambda0,7,19,17,17,153.0200405,0,22.53236109,175.5524016
diverse_rec,movielens_sample20of200_lambda0,7,19,18,18,160.997498,0,14.55490363,175.5524016
diverse_rec,movielens_sample20of200_lambda0,7,19,19,19,168.6888491,0,6.863552484,175.5524016
diverse_rec,movielens_sample20of200_lambda0,7,20,0,0,0,0,175.5524016,175.5524016
diverse_rec,movielens_sample20of200_lambda0,7,20,1,1,10.00413919,0,165.5482624,175.5524016
diverse_rec,movielens_sample20of200_lambda0,7,20,2,2,19.9960793,0,155.5563223,175.5524016
diverse_rec,movielens_sample20of200_lambda0,7,20,3,3,29.71862035,0,145.8337813,175.5524016
diverse_rec,movielens_sample20of200_lambda0,7,20,4,4,39.41177606,0,136.1406256,175.5524016
diverse_rec,movielens_sample20of200_lambda0,7,20,5,5,48.80577686,0,126.7466248,175.5524016
diverse_rec,movielens_sample20of200_lambda0,7,20,6,6,58.11135858,0,117.441043,175.5524016
diverse_rec,movielens_sample20of200_lambda0,7,20,7,7,67.1663235,0,108.3860781,175.5524016
diverse_rec,movielens_sample20of200_lambda0,7,20,8,8,76.1952915,0,99.35711013,175.5524016
diverse_rec,movielens_sample20of200_lambda0,7,20,9,9,84.99246035,0,90.55994128,175.5524016
diverse_rec,movielens_sample20of200_lambda0,7,20,10,10,93.77407493,0,81.7783267,175.5524016
diverse_rec,movielens_sample20of200_lambda0,7,20,11,11,102.5163476,0,73.03605406,175.5524016
diverse_rec,movielens_sample20of200_lambda0,7,20,12,12,111.2166578,0,64.33574381,175.5524016
diverse_rec,movielens_sample20of200_lambda0,7,20,13,13,119.8923311,0,55.66007055,175.5524016
diverse_rec,movielens_sample20of200_lambda0,7,20,14,14,128.4163128,0,47.13608884,175.5524016
diverse_rec,movielens_sample20of200_lambda0,7,20,15,15,136.7162333,0,38.83616834,175.5524016
diverse_rec,movielens_sample20of200_lambda0,7,20,16,16,144.960682,0,30.59171959,175.5524016
diverse_rec,movielens_sample20of200_lambda0,7,20,17,17,153.0200405,0,22.53236109,175.5524016
diverse_rec,movielens_sample20of200_lambda0,7,20,18,18,160.997498,0,14.55490363,175.5524016
diverse_rec,movielens_sample20of200_lambda0,7,20,19,19,168.6888491,0,6.863552484,175.5524016
diverse_rec,movielens_sample20of200_lambda0,7,20,20,20,175.5524016,0,0,175.5524016
diverse_rec,movielens_sample20of200_lambda0,8,1,0,0,0,0,10.85102075,10.85102075
diverse_rec,movielens_sample20of200_lambda0,8,1,1,1,10.85102075,0,10.69939034,21.55041109
diverse_rec,movielens_sample20of200_lambda0,8,2,0,0,0,0,21.55041109,21.55041109
diverse_rec,movielens_sample20of200_lambda0,8,2,1,1,10.85102075,0,21.20522279,32.05624355
diverse_rec,movielens_sample20of200_lambda0,8,2,2,2,21.55041109,0,20.62050673,42.17091782
diverse_rec,movielens_sample20of200_lambda0,8,3,0,0,0,0,32.05624355,32.05624355
diverse_rec,movielens_sample20of200_lambda0,8,3,1,1,10.85102075,0,31.31989707,42.17091782
diverse_rec,movielens_sample20of200_lambda0,8,3,2,2,21.55041109,0,30.59886999,52.14928108
diverse_rec,movielens_sample20of200_lambda0,8,3,3,3,32.05624355,0,29.92430309,61.98054663
diverse_rec,movielens_sample20of200_lambda0,8,4,0,0,0,0,42.17091782,42.17091782
diverse_rec,movielens_sample20of200_lambda0,8,4,1,1,10.85102075,0,41.29826033,52.14928108
diverse_rec,movielens_sample20of200_lambda0,8,4,2,2,21.55041109,0,40.43013554,61.98054663
diverse_rec,movielens_sample20of200_lambda0,8,4,3,3,32.05624355,0,39.62321962,71.67946317
diverse_rec,movielens_sample20of200_lambda0,8,4,4,4,42.17091782,0,39.20635461,81.37727243
diverse_rec,movielens_sample20of200_lambda0,8,5,0,0,0,0,52.14928108,52.14928108
diverse_rec,movielens_sample20of200_lambda0,8,5,1,1,10.85102075,0,51.12952588,61.98054663
diverse_rec,movielens_sample20of200_lambda0,8,5,2,2,21.55041109,0,50.12905208,71.67946317
diverse_rec,movielens_sample20of200_lambda0,8,5,3,3,32.05624355,0,49.32102888,81.37727243
diverse_rec,movielens_sample20of200_lambda0,8,5,4,4,42.17091782,0,48.73758872,90.90850653
diverse_rec,movielens_sample20of200_lambda0,8,5,5,5,52.14928108,0,48.07681506,100.2260961
diverse_rec,movielens_sample20of200_lambda0,8,6,0,0,0,0,61.98054663,61.98054663
diverse_rec,movielens_sample20of200_lambda0,8,6,1,1,10.85102075,0,60.82844242,71.67946317
diverse_rec,movielens_sample20of200_lambda0,8,6,2,2,21.55041109,0,59.82686134,81.37727243
diverse_rec,movielens_sample20of200_lambda0,8,6,3,3,32.05624355,0,58.85226299,90.90850653
diverse_rec,movielens_sample20of200_lambda0,8,6,4,4,42.17091782,0,58.05517833,100.2260961
diverse_rec,movielens_sample20of200_lambda0,8,6,5,5,52.14928108,0,57.36598083,109.5152619
diverse_rec,movielens_sample20of200_lambda0,8,6,6,6,61.98054663,0,56.44382996,118.4243766
diverse_rec,movielens_sample20of200_lambda0,8,7,0,0,0,0,71.67946317,71.67946317
diverse_rec,movielens_sample20of200_lambda0,8,7,1,1,10.85102075,0,70.52625167,81.37727243
diverse_rec,movielens_sample20of200_lambda0,8,7,2,2,21.55041109,0,69.35809544,90.90850653
diverse_rec,movielens_sample20of200_lambda0,8,7,3,3,32.05624355,0,68.1698526,100.2260961
diverse_rec,movielens_sample20of200_lambda0,8,7,4,4,42.17091782,0,67.34434409,109.5152619
diverse_rec,movielens_sample20of200_lambda0,8,7,5,5,52.14928108,0,66.27509551,118.4243766
diverse_rec,movielens_sample20of200_lambda0,8,7,6,6,61.98054663,0,65.10525464,127.0858013
diverse_rec,movielens_sample20of200_lambda0,8,7,7,7,71.67946317,0,64.00803984,135.687503
diverse_rec,movielens_sample20of200_lambda0,8,8,0,0,0,0,81.37727243,81.37727243
diverse_rec,movielens_sample20of200_lambda0,8,8,1,1,10.85102075,0,80.05748578,90.90850653
diverse_rec,movielens_sample20of200_lambda0,8,8,2,2,21.55041109,0,78.67568505,100.2260961
diverse_rec,movielens_sample20of200_lambda0,8,8,3,3,32.05624355,0,77.45901836,109.5152619
diverse_rec,movielens_sample20of200_lambda0,8,8,4,4,42.17091782,0,76.25345877,118.4243766
diverse_rec,movielens_sample20of200_lambda0,8,8,5,5,52.14928108,0,74.9365202,127.0858013
diverse_rec,movielens_sample20of200_lambda0,8,8,6,6,61.98054663,0,73.70695637,135.687503
diverse_rec,movielens_sample20of200_lambda0,8,8,7,7,71.67946317,0,72.31873319,143.9981964
diverse_rec,movielens_sample20of200_lambda0,8,8,8,8,81.37727243,0,70.3083588,151.6856312
diverse_rec,movielens_sample20of200_lambda0,8,9,0,0,0,0,90.90850653,90.90850653
diverse_rec,movielens_sample20of200_lambda0,8,9,1,1,10.85102075,0,89.37507539,100.2260961
diverse_rec,movielens_sample20of200_lambda0,8,9,2,2,21.55041109,0,87.96485082,109.5152619
diverse_rec,movielens_sample20of200_lambda0,8,9,3,3,32.05624355,0,86.36813304,118.4243766
diverse_rec,movielens_sample20of200_lambda0,8,9,4,4,42.17091782,0,84.91488346,127.0858013
diverse_rec,movielens_sample20of200_lambda0,8,9,5,5,52.14928108,0,83.53822193,135.687503
diverse_rec,movielens_sample20of200_lambda0,8,9,6,6,61.98054663,0,82.01764972,143.9981964
diverse_rec,movielens_sample20of200_lambda0,8,9,7,7,71.67946317,0,80.00616805,151.6856312
diverse_rec,movielens_sample20of200_lambda0,8,9,8,8,81.37727243,0,77.71773469,159.0950071
diverse_rec,movielens_sample20of200_lambda0,8,9,9,9,90.90850653,0,75.51117923,166.4196858
diverse_rec,movielens_sample20of200_lambda0,8,10,0,0,0,0,100.2260961,100.2260961
diverse_rec,movielens_sample20of200_lambda0,8,10,1,1,10.85102075,0,98.66424116,109.5152619
diverse_rec,movielens_sample20of200_lambda0,8,10,2,2,21.55041109,0,96.8739655,118.4243766
diverse_rec,movielens_sample20of200_lambda0,8,10,3,3,32.05624355,0,95.02955773,127.0858013
diverse_rec,movielens_sample20of200_lambda0,8,10,4,4,42.17091782,0,93.51658519,135.687503
diverse_rec,movielens_sample20of200_lambda0,8,10,5,5,52.14928108,0,91.84891527,143.9981964
diverse_rec,movielens_sample20of200_lambda0,8,10,6,6,61.98054663,0,89.70508459,151.6856312
diverse_rec,movielens_sample20of200_lambda0,8,10,7,7,71.67946317,0,87.41554395,159.0950071
diverse_rec,movielens_sample20of200_lambda0,8,10,8,8,81.37727243,0,85.04241334,166.4196858
diverse_rec,movielens_sample20of200_lambda0,8,10,9,9,90.90850653,0,82.2631432,173.1716497
diverse_rec,movielens_sample20of200_lambda0,8,10,10,10,100.2260961,0,79.37684854,179.6029447
diverse_rec,movielens_sample20of200_lambda0,8,11,0,0,0,0,109.5152619,109.5152619
diverse_rec,movielens_sample20of200_lambda0,8,11,1,1,10.85102075,0,107.5733558,118.4243766
diverse_rec,movielens_sample20of200_lambda0,8,11,2,2,21.55041109,0,105.5353902,127.0858013
diverse_rec,movielens_sample20of200_lambda0,8,11,3,3,32.05624355,0,103.6312595,135.687503
diverse_rec,movielens_sample20of200_lambda0,8,11,4,4,42.17091782,0,101.8272785,143.9981964
diverse_rec,movielens_sample20of200_lambda0,8,11,5,5,52.14928108,0,99.53635014,151.6856312
diverse_rec,movielens_sample20of200_lambda0,8,11,6,6,61.98054663,0,97.11446049,159.0950071
diverse_rec,movielens_sample20of200_lambda0,8,11,7,7,71.67946317,0,94.7402226,166.4196858
diverse_rec,movielens_sample20of200_lambda0,8,11,8,8,81.37727243,0,91.7943773,173.1716497
diverse_rec,movielens_sample20of200_lambda0,8,11,9,9,90.90850653,0,88.69443815,179.6029447
diverse_rec,movielens_sample20of200_lambda0,8,11,10,10,100.2260961,0,79.37684854,179.6029447
diverse_rec,movielens_sample20of200_lambda0,8,11,11,11,109.5152619,0,70.08768277,179.6029447
diverse_rec,movielens_sample20of200_lambda0,8,12,0,0,0,0,118.4243766,118.4243766
diverse_rec,movielens_sample20of200_lambda0,8,12,1,1,10.85102075,0,116.2347805,127.0858013
diverse_rec,movielens_sample20of200_lambda0,8,12,2,2,21.55041109,0,114.1370919,135.687503
diverse_rec,movielens_sample20of200_lambda0,8,12,3,3,32.05624355,0,111.9419528,143.9981964
diverse_rec,movielens_sample20of200_lambda0,8,12,4,4,42.17091782,0,109.5147134,151.6856312
diverse_rec,movielens_sample20of200_lambda0,8,12,5,5,52.14928108,0,106.945726,159.0950071
diverse_rec,movielens_sample20of200_lambda0,8,12,6,6,61.98054663,0,104.4391391,166.4196858
diverse_rec,movielens_sample20of200_lambda0,8,12,7,7,71.67946317,0,101.4921866,173.1716497
diverse_rec,movielens_sample20of200_lambda0,8,12,8,8,81.37727243,0,98.22567225,179.6029447
diverse_rec,movielens_sample20of200_lambda0,8,12,9,9,90.90850653,0,88.69443815,179.6029447
diverse_rec,movielens_sample20of200_lambda0,8,12,10,10,100.2260961,0,79.37684854,179.6029447
diverse_rec,movielens_sample20of200_lambda0,8,12,11,11,109.5152619,0,70.08768277,179.6029447
diverse_rec,movielens_sample20of200_lambda0,8,12,12,12,118.4243766,0,61.17856809,179.6029447
diverse_rec,movielens_sample20of200_lambda0,8,13,0,0,0,0,127.0858013,127.0858013
diverse_rec,movielens_sample20of200_lambda0,8,13,1,1,10.85102075,0,124.8364823,135.687503
diverse_rec,movielens_sample20of200_lambda0,8,13,2,2,21.55041109,0,122.4477853,143.9981964
diverse_rec,movielens_sample20of200_lambda0,8,13,3,3,32.05624355,0,119.6293877,151.6856312
diverse_rec,movielens_sample20of200_lambda0,8,13,4,4,42.17091782,0,116.9240893,159.0950071
diverse_rec,movielens_sample20of200_lambda0,8,13,5,5,52.14928108,0,114.2704047,166.4196858
diverse_rec,movielens_sample20of200_lambda0,8,13,6,6,61.98054663,0,111.1911031,173.1716497
diverse_rec,movielens_sample20of200_lambda0,8,13,7,7,71.67946317,0,107.9234815,179.6029447
diverse_rec,movielens_sample20of200_lambda0,8,13,8,8,81.37727243,0,98.22567225,179.6029447
diverse_rec,movielens_sample20of200_lambda0,8,13,9,9,90.90850653,0,88.69443815,179.6029447
diverse_rec,movielens_sample20of200_lambda0,8,13,10,10,100.2260961,0,79.37684854,179.6029447
diverse_rec,movielens_sample20of200_lambda0,8,13,11,11,109.5152619,0,70.08768277,179.6029447
diverse_rec,movielens_sample20of200_lambda0,8,13,12,12,118.4243766,0,61.17856809,179.6029447
diverse_rec,movielens_sample20of200_lambda0,8,13,13,13,127.0858013,0,52.5171434,179.6029447
diverse_rec,movielens_sample20of200_lambda0,8,14,0,0,0,0,135.687503,135.687503
diverse_rec,movielens_sample20of200_lambda0,8,14,1,1,10.85102075,0,133.1471756,143.9981964
diverse_rec,movielens_sample20of200_lambda0,8,14,2,2,21.55041109,0,130.1352201,151.6856312
diverse_rec,movielens_sample20of200_lambda0,8,14,3,3,32.05624355,0,127.0387636,159.0950071
diverse_rec,movielens_sample20of200_lambda0,8,14,4,4,42.17091782,0,124.248768,166.4196858
diverse_rec,movielens_sample20of200_lambda0,8,14,5,5,52.14928108,0,121.0223686,173.1716497
diverse_rec,movielens_sample20of200_lambda0,8,14,6,6,61.98054663,0,117.622398,179.6029447
diverse_rec,movielens_sample20of200_lambda0,8,14,7,7,71.67946317,0,107.9234815,179.6029447
diverse_rec,movielens_sample20of200_lambda0,8,14,8,8,81.37727243,0,98.22567225,179.6029447
diverse_rec,movielens_sample20of200_lambda0,8,14,9,9,90.90850653,0,88.69443815,179.6029447
diverse_rec,movielens_sample20of200_lambda0,8,14,10,10,100.2260961,0,79.37684854,179.6029447
diverse_rec,movielens_sample20of200_lambda0,8,14,11,11,109.5152619,0,70.08768277,179.6029447
diverse_rec,movielens_sample20of200_lambda0,8,14,12,12,118.4243766,0,61.17856809,179.6029447
diverse_rec,movielens_sample20of200_lambda0,8,14,13,13,127.0858013,0,52.5171434,179.6029447
diverse_rec,movielens_sample20of200_lambda0,8,14,14,14,135.687503,0,43.91544167,179.6029447
diverse_rec,movielens_sample20of200_lambda0,8,15,0,0,0,0,143.9981964,143.9981964
diverse_rec,movielens_sample20of200_lambda0,8,15,1,1,10.85102075,0,140.8346105,151.6856312
diverse_rec,movielens_sample20of200_lambda0,8,15,2,2,21.55041109,0,137.544596,159.0950071
diverse_rec,movielens_sample20of200_lambda0,8,15,3,3,32.05624355,0,134.3634422,166.4196858
diverse_rec,movielens_sample20of200_lambda0,8,15,4,4,42.17091782,0,131.0007319,173.1716497
diverse_rec,movielens_sample20of200_lambda0,8,15,5,5,52.14928108,0,127.4536636,179.6029447
diverse_rec,movielens_sample20of200_lambda0,8,15,6,6,61.98054663,0,117.622398,179.6029447
diverse_rec,movielens_sample20of200_lambda0,8,15,7,7,71.67946317,0,107.9234815,179.6029447
diverse_rec,movielens_sample20of200_lambda0,8,15,8,8,81.37727243,0,98.22567225,179.6029447
diverse_rec,movielens_sample20of200_lambda0,8,15,9,9,90.90850653,0,88.69443815,179.6029447
diverse_rec,movielens_sample20of200_lambda0,8,15,10,10,100.2260961,0,79.37684854,179.6029447
diverse_rec,movielens_sample20of200_lambda0,8,15,11,11,109.5152619,0,70.08768277,179.6029447
diverse_rec,movielens_sample20of200_lambda0,8,15,12,12,118.4243766,0,61.17856809,179.6029447
diverse_rec,movielens_sample20of200_lambda0,8,15,13,13,127.0858013,0,52.5171434,179.6029447
diverse_rec,movielens_sample20of200_lambda0,8,15,14,14,135.687503,0,43.91544167,179.6029447
diverse_rec,movielens_sample20of200_lambda0,8,15,15,15,143.9981964,0,35.60474832,179.6029447
diverse_rec,movielens_sample20of200_lambda0,8,16,0,0,0,0,151.6856312,151.6856312
diverse_rec,movielens_sample20of200_lambda0,8,16,1,1,10.85102075,0,148.2439864,159.0950071
diverse_rec,movielens_sample20of200_lambda0,8,16,2,2,21.55041109,0,144.8692747,166.4196858
diverse_rec,movielens_sample20of200_lambda0,8,16,3,3,32.05624355,0,141.1154062,173.1716497
diverse_rec,movielens_sample20of200_lambda0,8,16,4,4,42.17091782,0,137.4320269,179.6029447
diverse_rec,movielens_sample20of200_lambda0,8,16,5,5,52.14928108,0,127.4536636,179.6029447
diverse_rec,movielens_sample20of200_lambda0,8,16,6,6,61.98054663,0,117.622398,179.6029447
diverse_rec,movielens_sample20of200_lambda0,8,16,7,7,71.67946317,0,107.9234815,179.6029447
diverse_rec,movielens_sample20of200_lambda0,8,16,8,8,81.37727243,0,98.22567225,179.6029447
diverse_rec,movielens_sample20of200_lambda0,8,16,9,9,90.90850653,0,88.69443815,179.6029447
diverse_rec,movielens_sample20of200_lambda0,8,16,10,10,100.2260961,0,79.37684854,179.6029447
diverse_rec,movielens_sample20of200_lambda0,8,16,11,11,109.5152619,0,70.08768277,179.6029447
diverse_rec,movielens_sample20of200_lambda0,8,16,12,12,118.4243766,0,61.17856809,179.6029447
diverse_rec,movielens_sample20of200_lambda0,8,16,13,13,127.0858013,0,52.5171434,179.6029447
diverse_rec,movielens_sample20of200_lambda0,8,16,14,14,135.687503,0,43.91544167,179.6029447
diverse_rec,movielens_sample20of200_lambda0,8,16,15,15,143.9981964,0,35.60474832,179.6029447
diverse_rec,movielens_sample20of200_lambda0,8,16,16,16,151.6856312,0,27.91731346,179.6029447
diverse_rec,movielens_sample20of200_lambda0,8,17,0,0,0,0,159.0950071,159.0950071
diverse_rec,movielens_sample20of200_lambda0,8,17,1,1,10.85102075,0,155.568665,166.4196858
diverse_rec,movielens_sample20of200_lambda0,8,17,2,2,21.55041109,0,151.6212386,173.1716497
diverse_rec,movielens_sample20of200_lambda0,8,17,3,3,32.05624355,0,147.5467011,179.6029447
diverse_rec,movielens_sample20of200_lambda0,8,17,4,4,42.17091782,0,137.4320269,179.6029447
diverse_rec,movielens_sample20of200_lambda0,8,17,5,5,52.14928108,0,127.4536636,179.6029447
diverse_rec,movielens_sample20of200_lambda0,8,17,6,6,61.98054663,0,117.622398,179.6029447
diverse_rec,movielens_sample20of200_lambda0,8,17,7,7,71.67946317,0,107.9234815,179.6029447
diverse_rec,movielens_sample20of200_lambda0,8,17,8,8,81.37727243,0,98.22567225,179.6029447
diverse_rec,movielens_sample20of200_lambda0,8,17,9,9,90.90850653,0,88.69443815,179.6029447
diverse_rec,movielens_sample20of200_lambda0,8,17,10,10,100.2260961,0,79.37684854,179.6029447
diverse_rec,movielens_sample20of200_lambda0,8,17,11,11,109.5152619,0,70.08768277,179.6029447
diverse_rec,movielens_sample20of200_lambda0,8,17,12,12,118.4243766,0,61.17856809,179.6029447
diverse_rec,movielens_sample20of200_lambda0,8,17,13,13,127.0858013,0,52.5171434,179.6029447
diverse_rec,movielens_sample20of200_lambda0,8,17,14,14,135.687503,0,43.91544167,179.6029447
diverse_rec,movielens_sample20of200_lambda0,8,17,15,15,143.9981964,0,35.60474832,179.6029447
diverse_rec,movielens_sample20of200_lambda0,8,17,16,16,151.6856312,0,27.91731346,179.6029447
diverse_rec,movielens_sample20of200_lambda0,8,17,17,17,159.0950071,0,20.50793756,179.6029447
diverse_rec,movielens_sample20of200_lambda0,8,18,0,0,0,0,166.4196858,166.4196858
diverse_rec,movielens_sample20of200_lambda0,8,18,1,1,10.85102075,0,162.320629,173.1716497
diverse_rec,movielens_sample20of200_lambda0,8,18,2,2,21.55041109,0,158.0525336,179.6029447
diverse_rec,movielens_sample20of200_lambda0,8,18,3,3,32.05624355,0,147.5467011,179.6029447
diverse_rec,movielens_sample20of200_lambda0,8,18,4,4,42.17091782,0,137.4320269,179.6029447
diverse_rec,movielens_sample20of200_lambda0,8,18,5,5,52.14928108,0,127.4536636,179.6029447
diverse_rec,movielens_sample20of200_lambda0,8,18,6,6,61.98054663,0,117.622398,179.6029447
diverse_rec,movielens_sample20of200_lambda0,8,18,7,7,71.67946317,0,107.9234815,179.6029447
diverse_rec,movielens_sample20of200_lambda0,8,18,8,8,81.37727243,0,98.22567225,179.6029447
diverse_rec,movielens_sample20of200_lambda0,8,18,9,9,90.90850653,0,88.69443815,179.6029447
diverse_rec,movielens_sample20of200_lambda0,8,18,10,10,100.2260961,0,79.37684854,179.6029447
diverse_rec,movielens_sample20of200_lambda0,8,18,11,11,109.5152619,0,70.08768277,179.6029447
diverse_rec,movielens_sample20of200_lambda0,8,18,12,12,118.4243766,0,61.17856809,179.6029447
diverse_rec,movielens_sample20of200_lambda0,8,18,13,13,127.0858013,0,52.5171434,179.6029447
diverse_rec,movielens_sample20of200_lambda0,8,18,14,14,135.687503,0,43.91544167,179.6029447
diverse_rec,movielens_sample20of200_lambda0,8,18,15,15,143.9981964,0,35.60474832,179.6029447
diverse_rec,movielens_sample20of200_lambda0,8,18,16,16,151.6856312,0,27.91731346,179.6029447
diverse_rec,movielens_sample20of200_lambda0,8,18,17,17,159.0950071,0,20.50793756,179.6029447
diverse_rec,movielens_sample20of200_lambda0,8,18,18,18,166.4196858,0,13.18325891,179.6029447
diverse_rec,movielens_sample20of200_lambda0,8,19,0,0,0,0,173.1716497,173.1716497
diverse_rec,movielens_sample20of200_lambda0,8,19,1,1,10.85102075,0,168.7519239,179.6029447
diverse_rec,movielens_sample20of200_lambda0,8,19,2,2,21.55041109,0,158.0525336,179.6029447
diverse_rec,movielens_sample20of200_lambda0,8,19,3,3,32.05624355,0,147.5467011,179.6029447
diverse_rec,movielens_sample20of200_lambda0,8,19,4,4,42.17091782,0,137.4320269,179.6029447
diverse_rec,movielens_sample20of200_lambda0,8,19,5,5,52.14928108,0,127.4536636,179.6029447
diverse_rec,movielens_sample20of200_lambda0,8,19,6,6,61.98054663,0,117.622398,179.6029447
diverse_rec,movielens_sample20of200_lambda0,8,19,7,7,71.67946317,0,107.9234815,179.6029447
diverse_rec,movielens_sample20of200_lambda0,8,19,8,8,81.37727243,0,98.22567225,179.6029447
diverse_rec,movielens_sample20of200_lambda0,8,19,9,9,90.90850653,0,88.69443815,179.6029447
diverse_rec,movielens_sample20of200_lambda0,8,19,10,10,100.2260961,0,79.37684854,179.6029447
diverse_rec,movielens_sample20of200_lambda0,8,19,11,11,109.5152619,0,70.08768277,179.6029447
diverse_rec,movielens_sample20of200_lambda0,8,19,12,12,118.4243766,0,61.17856809,179.6029447
diverse_rec,movielens_sample20of200_lambda0,8,19,13,13,127.0858013,0,52.5171434,179.6029447
diverse_rec,movielens_sample20of200_lambda0,8,19,14,14,135.687503,0,43.91544167,179.6029447
diverse_rec,movielens_sample20of200_lambda0,8,19,15,15,143.9981964,0,35.60474832,179.6029447
diverse_rec,movielens_sample20of200_lambda0,8,19,16,16,151.6856312,0,27.91731346,179.6029447
diverse_rec,movielens_sample20of200_lambda0,8,19,17,17,159.0950071,0,20.50793756,179.6029447
diverse_rec,movielens_sample20of200_lambda0,8,19,18,18,166.4196858,0,13.18325891,179.6029447
diverse_rec,movielens_sample20of200_lambda0,8,19,19,19,173.1716497,0,6.431294951,179.6029447
diverse_rec,movielens_sample20of200_lambda0,8,20,0,0,0,0,179.6029447,179.6029447
diverse_rec,movielens_sample20of200_lambda0,8,20,1,1,10.85102075,0,168.7519239,179.6029447
diverse_rec,movielens_sample20of200_lambda0,8,20,2,2,21.55041109,0,158.0525336,179.6029447
diverse_rec,movielens_sample20of200_lambda0,8,20,3,3,32.05624355,0,147.5467011,179.6029447
diverse_rec,movielens_sample20of200_lambda0,8,20,4,4,42.17091782,0,137.4320269,179.6029447
diverse_rec,movielens_sample20of200_lambda0,8,20,5,5,52.14928108,0,127.4536636,179.6029447
diverse_rec,movielens_sample20of200_lambda0,8,20,6,6,61.98054663,0,117.622398,179.6029447
diverse_rec,movielens_sample20of200_lambda0,8,20,7,7,71.67946317,0,107.9234815,179.6029447
diverse_rec,movielens_sample20of200_lambda0,8,20,8,8,81.37727243,0,98.22567225,179.6029447
diverse_rec,movielens_sample20of200_lambda0,8,20,9,9,90.90850653,0,88.69443815,179.6029447
diverse_rec,movielens_sample20of200_lambda0,8,20,10,10,100.2260961,0,79.37684854,179.6029447
diverse_rec,movielens_sample20of200_lambda0,8,20,11,11,109.5152619,0,70.08768277,179.6029447
diverse_rec,movielens_sample20of200_lambda0,8,20,12,12,118.4243766,0,61.17856809,179.6029447
diverse_rec,movielens_sample20of200_lambda0,8,20,13,13,127.0858013,0,52.5171434,179.6029447
diverse_rec,movielens_sample20of200_lambda0,8,20,14,14,135.687503,0,43.91544167,179.6029447
diverse_rec,movielens_sample20of200_lambda0,8,20,15,15,143.9981964,0,35.60474832,179.6029447
diverse_rec,movielens_sample20of200_lambda0,8,20,16,16,151.6856312,0,27.91731346,179.6029447
diverse_rec,movielens_sample20of200_lambda0,8,20,17,17,159.0950071,0,20.50793756,179.6029447
diverse_rec,movielens_sample20of200_lambda0,8,20,18,18,166.4196858,0,13.18325891,179.6029447
diverse_rec,movielens_sample20of200_lambda0,8,20,19,19,173.1716497,0,6.431294951,179.6029447
diverse_rec,movielens_sample20of200_lambda0,8,20,20,20,179.6029447,0,0,179.6029447
diverse_rec,movielens_sample20of200_lambda0,9,1,0,0,0,0,10.14460864,10.14460864
diverse_rec,movielens_sample20of200_lambda0,9,1,1,1,10.14460864,0,9.521823682,19.66643232
diverse_rec,movielens_sample20of200_lambda0,9,2,0,0,0,0,19.66643232,19.66643232
diverse_rec,movielens_sample20of200_lambda0,9,2,1,1,10.14460864,0,18.96283936,29.107448
diverse_rec,movielens_sample20of200_lambda0,9,2,2,2,19.66643232,0,18.66438712,38.33081944
diverse_rec,movielens_sample20of200_lambda0,9,3,0,0,0,0,29.107448,29.107448
diverse_rec,movielens_sample20of200_lambda0,9,3,1,1,10.14460864,0,28.1862108,38.33081944
diverse_rec,movielens_sample20of200_lambda0,9,3,2,2,19.66643232,0,27.71194264,47.37837496
diverse_rec,movielens_sample20of200_lambda0,9,3,3,3,29.107448,0,27.27919788,56.38664588
diverse_rec,movielens_sample20of200_lambda0,9,4,0,0,0,0,38.33081944,38.33081944
diverse_rec,movielens_sample20of200_lambda0,9,4,1,1,10.14460864,0,37.23376632,47.37837496
diverse_rec,movielens_sample20of200_lambda0,9,4,2,2,19.66643232,0,36.72021356,56.38664588
diverse_rec,movielens_sample20of200_lambda0,9,4,3,3,29.107448,0,36.12345534,65.23090334
diverse_rec,movielens_sample20of200_lambda0,9,4,4,4,38.33081944,0,35.34022473,73.67104417
diverse_rec,movielens_sample20of200_lambda0,9,5,0,0,0,0,47.37837496,47.37837496
diverse_rec,movielens_sample20of200_lambda0,9,5,1,1,10.14460864,0,46.24203724,56.38664588
diverse_rec,movielens_sample20of200_lambda0,9,5,2,2,19.66643232,0,45.56447102,65.23090334
diverse_rec,movielens_sample20of200_lambda0,9,5,3,3,29.107448,0,44.56359617,73.67104417
diverse_rec,movielens_sample20of200_lambda0,9,5,4,4,38.33081944,0,43.71059442,82.04141386
diverse_rec,movielens_sample20of200_lambda0,9,5,5,5,47.37837496,0,43.00437615,90.38275111
diverse_rec,movielens_sample20of200_lambda0,9,6,0,0,0,0,56.38664588,56.38664588
diverse_rec,movielens_sample20of200_lambda0,9,6,1,1,10.14460864,0,55.0862947,65.23090334
diverse_rec,movielens_sample20of200_lambda0,9,6,2,2,19.66643232,0,54.00461185,73.67104417
diverse_rec,movielens_sample20of200_lambda0,9,6,3,3,29.107448,0,52.93396586,82.04141386
diverse_rec,movielens_sample20of200_lambda0,9,6,4,4,38.33081944,0,52.05193167,90.38275111
diverse_rec,movielens_sample20of200_lambda0,9,6,5,5,47.37837496,0,51.29563817,98.67401313
diverse_rec,movielens_sample20of200_lambda0,9,6,6,6,56.38664588,0,50.57032861,106.9569745
diverse_rec,movielens_sample20of200_lambda0,9,7,0,0,0,0,65.23090334,65.23090334
diverse_rec,movielens_sample20of200_lambda0,9,7,1,1,10.14460864,0,63.52643553,73.67104417
diverse_rec,movielens_sample20of200_lambda0,9,7,2,2,19.66643232,0,62.37498154,82.04141386
diverse_rec,movielens_sample20of200_lambda0,9,7,3,3,29.107448,0,61.27530311,90.38275111
diverse_rec,movielens_sample20of200_lambda0,9,7,4,4,38.33081944,0,60.34319369,98.67401313
diverse_rec,movielens_sample20of200_lambda0,9,7,5,5,47.37837496,0,59.57859953,106.9569745
diverse_rec,movielens_sample20of200_lambda0,9,7,6,6,56.38664588,0,58.66798442,115.0546303
diverse_rec,movielens_sample20of200_lambda0,9,7,7,7,65.23090334,0,57.73582841,122.9667318
diverse_rec,movielens_sample20of200_lambda0,9,8,0,0,0,0,73.67104417,73.67104417
diverse_rec,movielens_sample20of200_lambda0,9,8,1,1,10.14460864,0,71.89680522,82.04141386
diverse_rec,movielens_sample20of200_lambda0,9,8,2,2,19.66643232,0,70.71631879,90.38275111
diverse_rec,movielens_sample20of200_lambda0,9,8,3,3,29.107448,0,69.56656513,98.67401313
diverse_rec,movielens_sample20of200_lambda0,9,8,4,4,38.33081944,0,68.62615505,106.9569745
diverse_rec,movielens_sample20of200_lambda0,9,8,5,5,47.37837496,0,67.67625534,115.0546303
diverse_rec,movielens_sample20of200_lambda0,9,8,6,6,56.38664588,0,66.58008587,122.9667318
diverse_rec,movielens_sample20of200_lambda0,9,8,7,7,65.23090334,0,65.62947378,130.8603771
diverse_rec,movielens_sample20of200_lambda0,9,8,8,8,73.67104417,0,65.06134624,138.7323904
diverse_rec,movielens_sample20of200_lambda0,9,9,0,0,0,0,82.04141386,82.04141386
diverse_rec,movielens_sample20of200_lambda0,9,9,1,1,10.14460864,0,80.23814247,90.38275111
diverse_rec,movielens_sample20of200_lambda0,9,9,2,2,19.66643232,0,79.00758081,98.67401313
diverse_rec,movielens_sample20of200_lambda0,9,9,3,3,29.107448,0,77.84952649,106.9569745
diverse_rec,movielens_sample20of200_lambda0,9,9,4,4,38.33081944,0,76.72381085,115.0546303
diverse_rec,movielens_sample20of200_lambda0,9,9,5,5,47.37837496,0,75.58835679,122.9667318
diverse_rec,movielens_sample20of200_lambda0,9,9,6,6,56.38664588,0,74.47373124,130.8603771
diverse_rec,movielens_sample20of200_lambda0,9,9,7,7,65.23090334,0,73.50148707,138.7323904
diverse_rec,movielens_sample20of200_lambda0,9,9,8,8,73.67104417,0,72.88400309,146.5550473
diverse_rec,movielens_sample20of200_lambda0,9,9,9,9,82.04141386,0,72.00264591,154.0440598
diverse_rec,movielens_sample20of200_lambda0,9,10,0,0,0,0,90.38275111,90.38275111
diverse_rec,movielens_sample20of200_lambda0,9,10,1,1,10.14460864,0,88.52940449,98.67401313
diverse_rec,movielens_sample20of200_lambda0,9,10,2,2,19.66643232,0,87.29054217,106.9569745
diverse_rec,movielens_sample20of200_lambda0,9,10,3,3,29.107448,0,85.9471823,115.0546303
diverse_rec,movielens_sample20of200_lambda0,9,10,4,4,38.33081944,0,84.63591231,122.9667318
diverse_rec,movielens_sample20of200_lambda0,9,10,5,5,47.37837496,0,83.48200216,130.8603771
diverse_rec,movielens_sample20of200_lambda0,9,10,6,6,56.38664588,0,82.34574453,138.7323904
diverse_rec,movielens_sample20of200_lambda0,9,10,7,7,65.23090334,0,81.32414392,146.5550473
diverse_rec,movielens_sample20of200_lambda0,9,10,8,8,73.67104417,0,80.3730156,154.0440598
diverse_rec,movielens_sample20of200_lambda0,9,10,9,9,82.04141386,0,79.17284079,161.2142546
diverse_rec,movielens_sample20of200_lambda0,9,10,10,10,90.38275111,0,77.93304434,168.3157954
diverse_rec,movielens_sample20of200_lambda0,9,11,0,0,0,0,98.67401313,98.67401313
diverse_rec,movielens_sample20of200_lambda0,9,11,1,1,10.14460864,0,96.81236585,106.9569745
diverse_rec,movielens_sample20of200_lambda0,9,11,2,2,19.66643232,0,95.38819797,115.0546303
diverse_rec,movielens_sample20of200_lambda0,9,11,3,3,29.107448,0,93.85928375,122.9667318
diverse_rec,movielens_sample20of200_lambda0,9,11,4,4,38.33081944,0,92.52955768,130.8603771
diverse_rec,movielens_sample20of200_lambda0,9,11,5,5,47.37837496,0,91.35401545,138.7323904
diverse_rec,movielens_sample20of200_lambda0,9,11,6,6,56.38664588,0,90.16840138,146.5550473
diverse_rec,movielens_sample20of200_lambda0,9,11,7,7,65.23090334,0,88.81315643,154.0440598
diverse_rec,movielens_sample20of200_lambda0,9,11,8,8,73.67104417,0,87.54321047,161.2142546
diverse_rec,movielens_sample20of200_lambda0,9,11,9,9,82.04141386,0,86.27438159,168.3157954
diverse_rec,movielens_sample20of200_lambda0,9,11,10,10,90.38275111,0,77.93304434,168.3157954
diverse_rec,movielens_sample20of200_lambda0,9,11,11,11,98.67401313,0,69.64178232,168.3157954
diverse_rec,movielens_sample20of200_lambda0,9,12,0,0,0,0,106.9569745,106.9569745
diverse_rec,movielens_sample20of200_lambda0,9,12,1,1,10.14460864,0,104.9100217,115.0546303
diverse_rec,movielens_sample20of200_lambda0,9,12,2,2,19.66643232,0,103.3002994,122.9667318
diverse_rec,movielens_sample20of200_lambda0,9,12,3,3,29.107448,0,101.7529291,130.8603771
diverse_rec,movielens_sample20of200_lambda0,9,12,4,4,38.33081944,0,100.401571,138.7323904
diverse_rec,movielens_sample20of200_lambda0,9,12,5,5,47.37837496,0,99.1766723,146.5550473
diverse_rec,movielens_sample20of200_lambda0,9,12,6,6,56.38664588,0,97.65741389,154.0440598
diverse_rec,movielens_sample20of200_lambda0,9,12,7,7,65.23090334,0,95.98335131,161.2142546
diverse_rec,movielens_sample20of200_lambda0,9,12,8,8,73.67104417,0,94.64475128,168.3157954
diverse_rec,movielens_sample20of200_lambda0,9,12,9,9,82.04141386,0,86.27438159,168.3157954
diverse_rec,movielens_sample20of200_lambda0,9,12,10,10,90.38275111,0,77.93304434,168.3157954
diverse_rec,movielens_sample20of200_lambda0,9,12,11,11,98.67401313,0,69.64178232,168.3157954
diverse_rec,movielens_sample20of200_lambda0,9,12,12,12,106.9569745,0,61.35882096,168.3157954
diverse_rec,movielens_sample20of200_lambda0,9,13,0,0,0,0,115.0546303,115.0546303
diverse_rec,movielens_sample20of200_lambda0,9,13,1,1,10.14460864,0,112.8221231,122.9667318
diverse_rec,movielens_sample20of200_lambda0,9,13,2,2,19.66643232,0,111.1939448,130.8603771
diverse_rec,movielens_sample20of200_lambda0,9,13,3,3,29.107448,0,109.6249424,138.7323904
diverse_rec,movielens_sample20of200_lambda0,9,13,4,4,38.33081944,0,108.2242278,146.5550473
diverse_rec,movielens_sample20of200_lambda0,9,13,5,5,47.37837496,0,106.6656848,154.0440598
diverse_rec,movielens_sample20of200_lambda0,9,13,6,6,56.38664588,0,104.8276088,161.2142546
diverse_rec,movielens_sample20of200_lambda0,9,13,7,7,65.23090334,0,103.0848921,168.3157954
diverse_rec,movielens_sample20of200_lambda0,9,13,8,8,73.67104417,0,94.64475128,168.3157954
diverse_rec,movielens_sample20of200_lambda0,9,13,9,9,82.04141386,0,86.27438159,168.3157954
diverse_rec,movielens_sample20of200_lambda0,9,13,10,10,90.38275111,0,77.93304434,168.3157954
diverse_rec,movielens_sample20of200_lambda0,9,13,11,11,98.67401313,0,69.64178232,168.3157954
diverse_rec,movielens_sample20of200_lambda0,9,13,12,12,106.9569745,0,61.35882096,168.3157954
diverse_rec,movielens_sample20of200_lambda0,9,13,13,13,115.0546303,0,53.26116515,168.3157954
diverse_rec,movielens_sample20of200_lambda0,9,14,0,0,0,0,122.9667318,122.9667318
diverse_rec,movielens_sample20of200_lambda0,9,14,1,1,10.14460864,0,120.7157685,130.8603771
diverse_rec,movielens_sample20of200_lambda0,9,14,2,2,19.66643232,0,119.0659581,138.7323904
diverse_rec,movielens_sample20of200_lambda0,9,14,3,3,29.107448,0,117.4475993,146.5550473
diverse_rec,movielens_sample20of200_lambda0,9,14,4,4,38.33081944,0,115.7132403,154.0440598
diverse_rec,movielens_sample20of200_lambda0,9,14,5,5,47.37837496,0,113.8358797,161.2142546
diverse_rec,movielens_sample20of200_lambda0,9,14,6,6,56.38664588,0,111.9291496,168.3157954
diverse_rec,movielens_sample20of200_lambda0,9,14,7,7,65.23090334,0,103.0848921,168.3157954
diverse_rec,movielens_sample20of200_lambda0,9,14,8,8,73.67104417,0,94.64475128,168.3157954
diverse_rec,movielens_sample20of200_lambda0,9,14,9,9,82.04141386,0,86.27438159,168.3157954
diverse_rec,movielens_sample20of200_lambda0,9,14,10,10,90.38275111,0,77.93304434,168.3157954
diverse_rec,movielens_sample20of200_lambda0,9,14,11,11,98.67401313,0,69.64178232,168.3157954
diverse_rec,movielens_sample20of200_lambda0,9,14,12,12,106.9569745,0,61.35882096,168.3157954
diverse_rec,movielens_sample20of200_lambda0,9,14,13,13,115.0546303,0,53.26116515,168.3157954
diverse_rec,movielens_sample20of200_lambda0,9,14,14,14,122.9667318,0,45.3490637,168.3157954
diverse_rec,movielens_sample20of200_lambda0,9,15,0,0,0,0,130.8603771,130.8603771
diverse_rec,movielens_sample20of200_lambda0,9,15,1,1,10.14460864,0,128.5877818,138.7323904
diverse_rec,movielens_sample20of200_lambda0,9,15,2,2,19.66643232,0,126.8886149,146.5550473
diverse_rec,movielens_sample20of200_lambda0,9,15,3,3,29.107448,0,124.9366118,154.0440598
diverse_rec,movielens_sample20of200_lambda0,9,15,4,4,38.33081944,0,122.8834352,161.2142546
diverse_rec,movielens_sample20of200_lambda0,9,15,5,5,47.37837496,0,120.9374205,168.3157954
diverse_rec,movielens_sample20of200_lambda0,9,15,6,6,56.38664588,0,111.9291496,168.3157954
diverse_rec,movielens_sample20of200_lambda0,9,15,7,7,65.23090334,0,103.0848921,168.3157954
diverse_rec,movielens_sample20of200_lambda0,9,15,8,8,73.67104417,0,94.64475128,168.3157954
diverse_rec,movielens_sample20of200_lambda0,9,15,9,9,82.04141386,0,86.27438159,168.3157954
diverse_rec,movielens_sample20of200_lambda0,9,15,10,10,90.38275111,0,77.93304434,168.3157954
diverse_rec,movielens_sample20of200_lambda0,9,15,11,11,98.67401313,0,69.64178232,168.3157954
diverse_rec,movielens_sample20of200_lambda0,9,15,12,12,106.9569745,0,61.35882096,168.3157954
diverse_rec,movielens_sample20of200_lambda0,9,15,13,13,115.0546303,0,53.26116515,168.3157954
diverse_rec,movielens_sample20of200_lambda0,9,15,14,14,122.9667318,0,45.3490637,168.3157954
diverse_rec,movielens_sample20of200_lambda0,9,15,15,15,130.8603771,0,37.45541833,168.3157954
diverse_rec,movielens_sample20of200_lambda0,9,16,0,0,0,0,138.7323904,138.7323904
diverse_rec,movielens_sample20of200_lambda0,9,16,1,1,10.14460864,0,136.4104386,146.5550473
diverse_rec,movielens_sample20of200_lambda0,9,16,2,2,19.66643232,0,134.3776274,154.0440598
diverse_rec,movielens_sample20of200_lambda0,9,16,3,3,29.107448,0,132.1068066,161.2142546
diverse_rec,movielens_sample20of200_lambda0,9,16,4,4,38.33081944,0,129.984976,168.3157954
diverse_rec,movielens_sample20of200_lambda0,9,16,5,5,47.37837496,0,120.9374205,168.3157954
diverse_rec,movielens_sample20of200_lambda0,9,16,6,6,56.38664588,0,111.9291496,168.3157954
diverse_rec,movielens_sample20of200_lambda0,9,16,7,7,65.23090334,0,103.0848921,168.3157954
diverse_rec,movielens_sample20of200_lambda0,9,16,8,8,73.67104417,0,94.64475128,168.3157954
diverse_rec,movielens_sample20of200_lambda0,9,16,9,9,82.04141386,0,86.27438159,168.3157954
diverse_rec,movielens_sample20of200_lambda0,9,16,10,10,90.38275111,0,77.93304434,168.3157954
diverse_rec,movielens_sample20of200_lambda0,9,16,11,11,98.67401313,0,69.64178232,168.3157954
diverse_rec,movielens_sample20of200_lambda0,9,16,12,12,106.9569745,0,61.35882096,168.3157954
diverse_rec,movielens_sample20of200_lambda0,9,16,13,13,115.0546303,0,53.26116515,168.3157954
diverse_rec,movielens_sample20of200_lambda0,9,16,14,14,122.9667318,0,45.3490637,168.3157954
diverse_rec,movielens_sample20of200_lambda0,9,16,15,15,130.8603771,0,37.45541833,168.3157954
diverse_rec,movielens_sample20of200_lambda0,9,16,16,16,138.7323904,0,29.58340504,168.3157954
diverse_rec,movielens_sample20of200_lambda0,9,17,0,0,0,0,146.5550473,146.5550473
diverse_rec,movielens_sample20of200_lambda0,9,17,1,1,10.14460864,0,143.8994511,154.0440598
diverse_rec,movielens_sample20of200_lambda0,9,17,2,2,19.66643232,0,141.5478223,161.2142546
diverse_rec,movielens_sample20of200_lambda0,9,17,3,3,29.107448,0,139.2083474,168.3157954
diverse_rec,movielens_sample20of200_lambda0,9,17,4,4,38.33081944,0,129.984976,168.3157954
diverse_rec,movielens_sample20of200_lambda0,9,17,5,5,47.37837496,0,120.9374205,168.3157954
diverse_rec,movielens_sample20of200_lambda0,9,17,6,6,56.38664588,0,111.9291496,168.3157954
diverse_rec,movielens_sample20of200_lambda0,9,17,7,7,65.23090334,0,103.0848921,168.3157954
diverse_rec,movielens_sample20of200_lambda0,9,17,8,8,73.67104417,0,94.64475128,168.3157954
diverse_rec,movielens_sample20of200_lambda0,9,17,9,9,82.04141386,0,86.27438159,168.3157954
diverse_rec,movielens_sample20of200_lambda0,9,17,10,10,90.38275111,0,77.93304434,168.3157954
diverse_rec,movielens_sample20of200_lambda0,9,17,11,11,98.67401313,0,69.64178232,168.3157954
diverse_rec,movielens_sample20of200_lambda0,9,17,12,12,106.9569745,0,61.35882096,168.3157954
diverse_rec,movielens_sample20of200_lambda0,9,17,13,13,115.0546303,0,53.26116515,168.3157954
diverse_rec,movielens_sample20of200_lambda0,9,17,14,14,122.9667318,0,45.3490637,168.3157954
diverse_rec,movielens_sample20of200_lambda0,9,17,15,15,130.8603771,0,37.45541833,168.3157954
diverse_rec,movielens_sample20of200_lambda0,9,17,16,16,138.7323904,0,29.58340504,168.3157954
diverse_rec,movielens_sample20of200_lambda0,9,17,17,17,146.5550473,0,21.76074819,168.3157954
diverse_rec,movielens_sample20of200_lambda0,9,18,0,0,0,0,154.0440598,154.0440598
diverse_rec,movielens_sample20of200_lambda0,9,18,1,1,10.14460864,0,151.069646,161.2142546
diverse_rec,movielens_sample20of200_lambda0,9,18,2,2,19.66643232,0,148.6493631,168.3157954
diverse_rec,movielens_sample20of200_lambda0,9,18,3,3,29.107448,0,139.2083474,168.3157954
diverse_rec,movielens_sample20of200_lambda0,9,18,4,4,38.33081944,0,129.984976,168.3157954
diverse_rec,movielens_sample20of200_lambda0,9,18,5,5,47.37837496,0,120.9374205,168.3157954
diverse_rec,movielens_sample20of200_lambda0,9,18,6,6,56.38664588,0,111.9291496,168.3157954
diverse_rec,movielens_sample20of200_lambda0,9,18,7,7,65.23090334,0,103.0848921,168.3157954
diverse_rec,movielens_sample20of200_lambda0,9,18,8,8,73.67104417,0,94.64475128,168.3157954
diverse_rec,movielens_sample20of200_lambda0,9,18,9,9,82.04141386,0,86.27438159,168.3157954
diverse_rec,movielens_sample20of200_lambda0,9,18,10,10,90.38275111,0,77.93304434,168.3157954
diverse_rec,movielens_sample20of200_lambda0,9,18,11,11,98.67401313,0,69.64178232,168.3157954
diverse_rec,movielens_sample20of200_lambda0,9,18,12,12,106.9569745,0,61.35882096,168.3157954
diverse_rec,movielens_sample20of200_lambda0,9,18,13,13,115.0546303,0,53.26116515,168.3157954
diverse_rec,movielens_sample20of200_lambda0,9,18,14,14,122.9667318,0,45.3490637,168.3157954
diverse_rec,movielens_sample20of200_lambda0,9,18,15,15,130.8603771,0,37.45541833,168.3157954
diverse_rec,movielens_sample20of200_lambda0,9,18,16,16,138.7323904,0,29.58340504,168.3157954
diverse_rec,movielens_sample20of200_lambda0,9,18,17,17,146.5550473,0,21.76074819,168.3157954
diverse_rec,movielens_sample20of200_lambda0,9,18,18,18,154.0440598,0,14.27173568,168.3157954
diverse_rec,movielens_sample20of200_lambda0,9,19,0,0,0,0,161.2142546,161.2142546
diverse_rec,movielens_sample20of200_lambda0,9,19,1,1,10.14460864,0,158.1711868,168.3157954
diverse_rec,movielens_sample20of200_lambda0,9,19,2,2,19.66643232,0,148.6493631,168.3157954
diverse_rec,movielens_sample20of200_lambda0,9,19,3,3,29.107448,0,139.2083474,168.3157954
diverse_rec,movielens_sample20of200_lambda0,9,19,4,4,38.33081944,0,129.984976,168.3157954
diverse_rec,movielens_sample20of200_lambda0,9,19,5,5,47.37837496,0,120.9374205,168.3157954
diverse_rec,movielens_sample20of200_lambda0,9,19,6,6,56.38664588,0,111.9291496,168.3157954
diverse_rec,movielens_sample20of200_lambda0,9,19,7,7,65.23090334,0,103.0848921,168.3157954
diverse_rec,movielens_sample20of200_lambda0,9,19,8,8,73.67104417,0,94.64475128,168.3157954
diverse_rec,movielens_sample20of200_lambda0,9,19,9,9,82.04141386,0,86.27438159,168.3157954
diverse_rec,movielens_sample20of200_lambda0,9,19,10,10,90.38275111,0,77.93304434,168.3157954
diverse_rec,movielens_sample20of200_lambda0,9,19,11,11,98.67401313,0,69.64178232,168.3157954
diverse_rec,movielens_sample20of200_lambda0,9,19,12,12,106.9569745,0,61.35882096,168.3157954
diverse_rec,movielens_sample20of200_lambda0,9,19,13,13,115.0546303,0,53.26116515,168.3157954
diverse_rec,movielens_sample20of200_lambda0,9,19,14,14,122.9667318,0,45.3490637,168.3157954
diverse_rec,movielens_sample20of200_lambda0,9,19,15,15,130.8603771,0,37.45541833,168.3157954
diverse_rec,movielens_sample20of200_lambda0,9,19,16,16,138.7323904,0,29.58340504,168.3157954
diverse_rec,movielens_sample20of200_lambda0,9,19,17,17,146.5550473,0,21.76074819,168.3157954
diverse_rec,movielens_sample20of200_lambda0,9,19,18,18,154.0440598,0,14.27173568,168.3157954
diverse_rec,movielens_sample20of200_lambda0,9,19,19,19,161.2142546,0,7.101540804,168.3157954
diverse_rec,movielens_sample20of200_lambda0,9,20,0,0,0,0,168.3157954,168.3157954
diverse_rec,movielens_sample20of200_lambda0,9,20,1,1,10.14460864,0,158.1711868,168.3157954
diverse_rec,movielens_sample20of200_lambda0,9,20,2,2,19.66643232,0,148.6493631,168.3157954
diverse_rec,movielens_sample20of200_lambda0,9,20,3,3,29.107448,0,139.2083474,168.3157954
diverse_rec,movielens_sample20of200_lambda0,9,20,4,4,38.33081944,0,129.984976,168.3157954
diverse_rec,movielens_sample20of200_lambda0,9,20,5,5,47.37837496,0,120.9374205,168.3157954
diverse_rec,movielens_sample20of200_lambda0,9,20,6,6,56.38664588,0,111.9291496,168.3157954
diverse_rec,movielens_sample20of200_lambda0,9,20,7,7,65.23090334,0,103.0848921,168.3157954
diverse_rec,movielens_sample20of200_lambda0,9,20,8,8,73.67104417,0,94.64475128,168.3157954
diverse_rec,movielens_sample20of200_lambda0,9,20,9,9,82.04141386,0,86.27438159,168.3157954
diverse_rec,movielens_sample20of200_lambda0,9,20,10,10,90.38275111,0,77.93304434,168.3157954
diverse_rec,movielens_sample20of200_lambda0,9,20,11,11,98.67401313,0,69.64178232,168.3157954
diverse_rec,movielens_sample20of200_lambda0,9,20,12,12,106.9569745,0,61.35882096,168.3157954
diverse_rec,movielens_sample20of200_lambda0,9,20,13,13,115.0546303,0,53.26116515,168.3157954
diverse_rec,movielens_sample20of200_lambda0,9,20,14,14,122.9667318,0,45.3490637,168.3157954
diverse_rec,movielens_sample20of200_lambda0,9,20,15,15,130.8603771,0,37.45541833,168.3157954
diverse_rec,movielens_sample20of200_lambda0,9,20,16,16,138.7323904,0,29.58340504,168.3157954
diverse_rec,movielens_sample20of200_lambda0,9,20,17,17,146.5550473,0,21.76074819,168.3157954
diverse_rec,movielens_sample20of200_lambda0,9,20,18,18,154.0440598,0,14.27173568,168.3157954
diverse_rec,movielens_sample20of200_lambda0,9,20,19,19,161.2142546,0,7.101540804,168.3157954
diverse_rec,movielens_sample20of200_lambda0,9,20,20,20,168.3157954,0,0,168.3157954
