problem,instance,n,k,trials,seed,chain_stride,chain_len,opt,top_k_bound,total_bound,dual_bound,dual_bound_S0,dual_best_prefix,greedy,rg_mean,rg_std,rg_min,rg_max,best_found,dual_valid,time_dual_ms,time_rg_ms,time_opt_ms,lp_bound,gamma1_bound,gamma1_noprune,mu2_bound,mu3_bound,lattice_A_size,lattice_B_size,prune_rounds,f_empty,f_V,opt_unconstrained,lattice_opt_unconstrained,lattice_opt_k,time_lp_export_ms,time_lp_ms,time_gamma1_ms,time_mu_ms,marginal_bound,time_marginal_ms,time_hybrid_export_ms,m1_bound,m2_bound,a2_bound,monotone_flag,min_f_a_V_minus_a,time_monotone_ms,hybrid_bound,best_bound,hybrid_status,hybrid_rows,hybrid_cols,time_hybrid_solve_ms,hybrid_certificate,dual_bound_mono,lp_bound_mono,hybrid_bound_mono,best_bound_mono
diverse_rec,movielens_sample20of200_lambda1.5,20,1,1000,0,1,2,8.019434616,8.019434616,160.7807836,8.019434616,8.019434616,0,8.019434616,8.019434616,1.294368537e-06,8.019434616,8.019434616,8.019434616,1,0.139,0.0010,27.061,8.019434616,148.3703693,148.3703693,108.8611467,111.236063,0,20,0,0,-80.39039178,23.80221148,23.80221148,8.019434616,42.723,0.354,0.006,0.015,8.019434616,0.011,60.356,8.019434616,8.019434616,8.019434616,0,-17.53886923,4.631,8.019434616,8.019434616,optimal,42,60,5.4,pass,8.019434616,8.019434616,8.019434616,8.019434616
diverse_rec,movielens_sample20of200_lambda1.5,20,2,1000,0,1,3,14.3135767,16.00844685,160.7807836,14.97125586,14.97125586,0,14.3135767,13.94806177,0.3756274138,13.5364841,14.3135767,14.3135767,1,0.154,0.0011,27.061,15.92910775,148.3703693,148.3703693,108.8611467,111.236063,0,20,0,0,-80.39039178,23.80221148,23.80221148,14.3135767,42.723,0.290,0.006,0.015,16.00844685,0.011,60.356,14.97125586,16.00844685,14.97125586,0,-17.53886923,4.631,15.7866004,14.97125586,optimal,61,78,2.2,pass,14.97125586,15.92910775,15.7866004,14.97125586
diverse_rec,movielens_sample20of200_lambda1.5,20,3,1000,0,1,4,18.48083024,22.9602681,160.7807836,21.82177528,21.82177528,0,18.48083024,18.0694052,0.3867328802,17.05712071,18.48083024,18.48083024,1,0.166,0.0012,27.061,22.72978341,148.3703693,148.3703693,108.8611467,111.236063,0,20,0,0,-80.39039178,23.80221148,23.80221148,18.48083024,42.723,0.282,0.006,0.015,22.9602681,0.011,60.356,21.82177528,22.9602681,21.82177528,0,-17.53886923,4.631,22.67134834,21.82177528,optimal,79,95,2.1,pass,21.82177528,22.72978341,22.67134834,21.82177528
diverse_rec,movielens_sample20of200_lambda1.5,20,4,1000,0,1,5,21.43333422,29.81207609,160.7807836,28.58707673,28.58707673,0,21.43333422,20.9115737,0.3062732099,20.12098683,21.43333422,21.43333422,1,0.177,0.0016,27.061,29.41805412,148.3703693,148.3703693,108.8611467,111.236063,0,20,0,0,-80.39039178,23.80221148,23.80221148,21.43333422,42.723,0.290,0.006,0.015,29.81207609,0.011,60.356,22.13262339,28.07971997,22.32836288,0,-17.53886923,4.631,29.3301267,28.58707673,optimal,96,111,2.5,pass,28.58707673,29.41805412,29.3301267,28.58707673
diverse_rec,movielens_sample20of200_lambda1.5,20,5,1000,0,1,6,23.1454663,36.6625955,160.7807836,35.34184044,35.34184044,0,23.12755282,22.6882267,0.2018506227,22.16329917,23.1454663,23.1454663,1,0.186,0.0023,27.061,36.07764554,148.3703693,148.3703693,107.6743216,111.236063,0,20,0,0,-80.39039178,23.80221148,23.80221148,23.1454663,42.723,0.284,0.006,0.015,36.6625955,0.011,60.356,22.13262339,25.67246469,22.32836288,0,-17.53886923,4.631,35.8861399,35.34184044,optimal,112,126,2.2,pass,35.34184044,36.07764554,35.8861399,35.34184044
diverse_rec,movielens_sample20of200_lambda1.5,20,6,1000,0,1,7,23.80221148,43.47987372,160.7807836,42.06335849,42.06335849,0,23.70862594,23.41367546,0.1702011589,22.78820908,23.80221148,23.80221148,1,0.195,0.0036,27.061,42.69830933,148.3703693,148.3703693,107.6743216,111.236063,0,20,0,0,-80.39039178,23.80221148,23.80221148,23.80221148,42.723,0.288,0.006,0.015,43.47987372,0.011,60.356,22.13262339,23.70862594,22.32836288,0,-17.53886923,4.631,42.29434207,42.06335849,optimal,127,140,2.3,pass,42.06335849,42.69830933,42.29434207,42.06335849
diverse_rec,movielens_sample20of200_lambda1.5,20,7,1000,0,1,7,23.80221148,50.24544415,160.7807836,48.56551887,48.56551887,0,23.70862594,23.36334144,0.1805943872,22.71127852,23.80221148,23.80221148,1,0.195,0.0037,27.061,49.27658937,148.3703693,148.3703693,107.6743216,111.236063,0,20,0,0,-80.39039178,23.80221148,23.80221148,23.80221148,42.723,0.286,0.006,0.015,50.24544415,0.011,60.356,22.13262339,23.70862594,22.32836288,0,-17.53886923,4.631,48.66805496,48.56551887,optimal,127,140,3.6,pass,48.56551887,49.27658937,48.66805496,48.56551887
diverse_rec,movielens_sample20of200_lambda1.5,20,8,1000,0,1,7,23.80221148,57.00020786,160.7807836,55.06562656,55.06562656,0,23.70862594,23.33115265,0.1903049297,22.69965112,23.79659992,23.80221148,1,0.195,0.0040,27.061,55.68877844,148.3703693,148.3703693,107.6743216,111.236063,0,20,0,0,-80.39039178,23.80221148,23.80221148,23.80221148,42.723,0.341,0.006,0.015,57.00020786,0.011,60.356,22.13262339,23.70862594,22.32836288,0,-17.53886923,4.631,55.02702088,55.02702088,optimal,127,140,2.2,pass,55.06562656,55.68877844,55.02702088,55.02702088
diverse_rec,movielens_sample20of200_lambda1.5,20,9,1000,0,1,7,23.80221148,63.72172592,160.7807836,61.49875367,61.49875367,0,23.70862594,23.25872219,0.207871234,22.55663517,23.80101133,23.80221148,1,0.195,0.0065,27.061,61.91991263,148.3703693,148.3703693,107.6743216,111.236063,0,20,0,0,-80.39039178,23.80221148,23.80221148,23.80221148,42.723,0.303,0.006,0.015,63.72172592,0.011,60.356,22.13262339,23.70862594,22.32836288,0,-17.53886923,4.631,61.30326451,61.30326451,optimal,127,140,1.2,pass,61.49875367,61.91991263,61.30326451,61.30326451
diverse_rec,movielens_sample20of200_lambda1.5,20,10,1000,0,1,7,23.80221148,70.2238863,160.7807836,67.83771908,67.83771908,0,23.70862594,23.21478383,0.2302412939,22.20539271,23.80221148,23.80221148,1,0.195,0.0053,27.061,68.01613133,148.3703693,148.3703693,107.6743216,111.236063,0,20,0,0,-80.39039178,23.80221148,23.80221148,23.80221148,42.723,0.296,0.006,0.015,70.2238863,0.011,60.356,22.13262339,23.70862594,22.32836288,0,-17.53886923,4.631,67.41776492,67.41776492,optimal,127,140,1.2,pass,67.83771908,68.01613133,67.41776492,67.41776492
diverse_rec,movielens_sample20of200_lambda1.5,20,11,1000,0,1,7,23.80221148,76.72399398,160.7807836,74.10333466,74.10333466,0,23.70862594,23.15518146,0.2514840914,22.18860079,23.73726924,23.80221148,1,0.195,0.0052,27.061,73.88455031,148.3703693,148.3703693,107.6743216,111.236063,0,20,0,0,-80.39039178,23.80221148,23.80221148,23.80221148,42.723,0.273,0.006,0.015,76.72399398,0.011,60.356,22.13262339,23.70862594,22.32836288,0,-17.53886923,4.631,73.32296787,73.32296787,optimal,127,140,1.1,pass,74.10333466,73.88455031,73.32296787,73.32296787
diverse_rec,movielens_sample20of200_lambda1.5,20,12,1000,0,1,7,23.80221148,83.1571211,160.7807836,80.23277586,80.23277586,0,23.70862594,23.09896419,0.2670390088,22.08606082,23.80101133,23.80221148,1,0.195,0.0065,27.061,79.57237105,148.3703693,148.3703693,107.6743216,111.236063,0,20,0,0,-80.39039178,23.80221148,23.80221148,23.80221148,42.723,0.274,0.006,0.015,83.1571211,0.011,60.356,22.13262339,23.70862594,22.32836288,0,-17.53886923,4.631,79.08353163,79.08353163,optimal,127,140,1.1,pass,80.23277586,79.57237105,79.08353163,79.08353163
diverse_rec,movielens_sample20of200_lambda1.5,20,13,1000,0,1,7,23.80221148,89.49608651,160.7807836,86.28634798,86.28634798,0,23.70862594,23.02807896,0.3007569912,21.94039234,23.80101133,23.80221148,1,0.195,0.0072,27.061,85.1353919,148.3703693,148.3703693,107.6743216,111.236063,0,20,0,0,-80.39039178,23.80221148,23.80221148,23.80221148,42.723,0.262,0.006,0.015,89.49608651,0.011,60.356,22.13262339,23.70862594,22.32836288,0,-17.53886923,4.631,84.71881152,84.71881152,optimal,127,140,1.0,pass,86.28634798,85.1353919,84.71881152,84.71881152
diverse_rec,movielens_sample20of200_lambda1.5,20,14,1000,0,1,7,23.80221148,95.76170209,160.7807836,92.31086689,92.31086689,0,23.70862594,22.95745934,0.3432698558,21.51636167,23.65744576,23.80221148,1,0.195,0.0069,27.061,90.34638279,148.3703693,148.3703693,107.6743216,111.236063,0,20,0,0,-80.39039178,23.80221148,23.80221148,23.80221148,42.723,0.263,0.006,0.015,95.76170209,0.011,60.356,22.13262339,23.70862594,22.32836288,0,-17.53886923,4.631,90.05884665,90.05884665,optimal,127,140,1.4,pass,92.31086689,90.34638279,90.05884665,90.05884665
diverse_rec,movielens_sample20of200_lambda1.5,20,15,1000,0,1,7,23.80221148,101.8911433,160.7807836,98.21006551,98.21006551,0,23.70862594,22.88531499,0.364359509,21.22786612,23.61338177,23.80221148,1,0.195,0.0073,27.061,94.10594003,148.3703693,148.3703693,107.6743216,111.236063,0,20,0,0,-80.39039178,23.80221148,23.80221148,23.80221148,42.723,0.244,0.006,0.015,101.8911433,0.011,60.356,22.13262339,23.70862594,22.32836288,0,-17.53886923,4.631,94.08712501,94.08712501,optimal,127,140,1.1,pass,98.21006551,94.10594003,94.08712501,94.08712501
diverse_rec,movielens_sample20of200_lambda1.5,20,16,1000,0,1,7,23.80221148,107.9447154,160.7807836,103.805084,103.805084,0,23.70862594,22.83975233,0.4142127233,21.20185176,23.66228182,23.80221148,1,0.195,0.0072,27.061,94.10594003,148.3703693,148.3703693,107.6743216,111.236063,0,20,0,0,-80.39039178,23.80221148,23.80221148,23.80221148,42.723,0.251,0.006,0.015,107.6743216,0.011,60.356,22.13262339,23.70862594,22.32836288,0,-17.53886923,4.631,94.08712501,94.08712501,optimal,127,140,1.1,pass,103.805084,94.10594003,94.08712501,94.08712501
diverse_rec,movielens_sample20of200_lambda1.5,20,17,1000,0,1,7,23.80221148,113.9692343,160.7807836,107.4811204,109.1224161,5,23.70862594,22.7712525,0.443898099,20.98775454,23.80221148,23.80221148,1,0.195,0.0073,27.061,94.10594003,148.3703693,148.3703693,107.6743216,111.236063,0,20,0,0,-80.39039178,23.80221148,23.80221148,23.80221148,42.723,0.250,0.006,0.015,107.6743216,0.011,60.356,22.13262339,23.70862594,22.32836288,0,-17.53886923,4.631,94.08712501,94.08712501,optimal,127,140,0.9,pass,107.4811204,94.10594003,94.08712501,94.08712501
diverse_rec,movielens_sample20of200_lambda1.5,20,18,1000,0,1,7,23.80221148,119.8684329,160.7807836,107.4811204,109.1224161,5,23.70862594,22.7620473,0.4565196634,20.628682,23.78536074,23.80221148,1,0.195,0.0086,27.061,94.10594003,148.3703693,148.3703693,107.6743216,111.236063,0,20,0,0,-80.39039178,23.80221148,23.80221148,23.80221148,42.723,0.254,0.006,0.015,107.6743216,0.011,60.356,22.13262339,23.70862594,22.32836288,0,-17.53886923,4.631,94.08712501,94.08712501,optimal,127,140,2.2,pass,107.4811204,94.10594003,94.08712501,94.08712501
diverse_rec,movielens_sample20of200_lambda1.5,20,19,1000,0,1,7,23.80221148,125.4634514,160.7807836,107.4811204,109.1224161,5,23.70862594,22.79341405,0.4210522306,21.21819122,23.67321418,23.80221148,1,0.195,0.0079,27.061,94.10594003,148.3703693,148.3703693,107.6743216,111.236063,0,20,0,0,-80.39039178,23.80221148,23.80221148,23.80221148,42.723,0.256,0.006,0.015,107.6743216,0.011,60.356,22.13262339,23.70862594,22.32836288,0,-17.53886923,4.631,94.08712501,94.08712501,optimal,127,140,0.9,pass,107.4811204,94.10594003,94.08712501,94.08712501
diverse_rec,movielens_sample20of200_lambda1.5,20,20,1000,0,1,7,23.80221148,130.7807836,160.7807836,107.4811204,109.1224161,5,23.70862594,22.77135556,0.4365329589,21.09176952,23.80101133,23.80221148,1,0.195,0.0074,27.061,94.10594003,148.3703693,148.3703693,107.6743216,111.236063,0,20,0,0,-80.39039178,23.80221148,23.80221148,23.80221148,42.723,0.321,0.006,0.015,107.6743216,0.011,60.356,22.13262339,23.70862594,22.32836288,0,-17.53886923,4.631,94.08712501,94.08712501,optimal,127,140,0.9,pass,107.4811204,94.10594003,94.08712501,94.08712501
diverse_rec,movielens_sample20of200_lambda1.5,20,1,1000,1,1,2,8.28657435,8.28657435,164.2238034,8.28657435,8.28657435,0,8.28657435,8.28657435,0,8.28657435,8.28657435,8.28657435,1,0.065,0.0007,32.957,8.28657435,155.0573701,155.0573701,113.2771593,114.0701057,0,20,0,0,-82.11190169,24.46458986,24.46458986,8.28657435,4.043,0.288,0.008,0.017,8.28657435,0.013,31.824,8.28657435,8.28657435,8.28657435,0,-18.0731487,0.744,8.28657435,8.28657435,optimal,42,60,0.9,pass,8.28657435,8.28657435,8.28657435,8.28657435
diverse_rec,movielens_sample20of200_lambda1.5,20,2,1000,1,1,3,14.4061132,15.97702199,164.2238034,15.9477553,15.9477553,0,14.4061132,14.27291498,0.1310498795,14.06536227,14.4061132,14.4061132,1,0.079,0.0036,32.957,15.93409483,155.0573701,155.0573701,113.2771593,114.0701057,0,20,0,0,-82.11190169,24.46458986,24.46458986,14.4061132,4.043,0.267,0.008,0.017,15.97702199,0.013,31.824,15.9477553,15.97702199,15.9477553,0,-18.0731487,0.744,15.9303521,15.9303521,optimal,61,78,1.3,pass,15.9477553,15.93409483,15.9303521,15.9303521
diverse_rec,movielens_sample20of200_lambda1.5,20,3,1000,1,1,4,19.10829214,23.63820293,164.2238034,23.21562395,23.21562395,0,18.8455927,18.70893141,0.2754340361,18.15910869,19.10829214,19.10829214,1,0.090,0.0019,32.957,23.54632711,155.0573701,155.0573701,113.2771593,114.0701057,0,20,0,0,-82.11190169,24.46458986,24.46458986,19.10829214,4.043,0.266,0.008,0.017,23.63820293,0.013,31.824,23.12248499,23.63820293,23.12248499,0,-18.0731487,0.744,23.46218558,23.21562395,optimal,79,95,0.9,pass,23.21562395,23.54632711,23.46218558,23.21562395
diverse_rec,movielens_sample20of200_lambda1.5,20,4,1000,1,1,5,22.26988308,31.25273946,164.2238034,30.29114475,30.29114475,0,21.97470868,21.73783452,0.271017869,21.06007372,22.26988308,22.26988308,1,0.100,0.0026,32.957,30.97515827,155.0573701,155.0573701,112.2490947,114.0701057,0,20,0,0,-82.11190169,24.46458986,24.46458986,22.26988308,4.043,0.273,0.008,0.017,31.25273946,0.013,31.824,23.12248499,28.78793174,23.12248499,0,-18.0731487,0.744,30.50778923,30.29114475,optimal,96,111,2.0,pass,30.29114475,30.97515827,30.50778923,30.29114475
diverse_rec,movielens_sample20of200_lambda1.5,20,5,1000,1,1,6,23.89796746,38.58297705,164.2238034,37.1485534,37.1485534,0,23.73813065,23.4195277,0.2140089016,22.92040336,23.89796746,23.89796746,1,0.110,0.0059,32.957,38.1102654,155.0573701,155.0573701,110.6734806,114.0701057,0,20,0,0,-82.11190169,24.46458986,24.46458986,23.89796746,4.043,0.284,0.008,0.017,38.58297705,0.013,31.824,23.12248499,25.41116616,23.12248499,0,-18.0731487,0.744,37.44636521,37.1485534,optimal,112,126,0.9,pass,37.1485534,38.1102654,37.44636521,37.1485534
diverse_rec,movielens_sample20of200_lambda1.5,20,6,1000,1,1,7,24.46458986,45.8508457,164.2238034,43.98863481,43.98863481,0,24.15364188,23.99448439,0.179407068,23.36405252,24.46458986,24.46458986,1,0.118,0.0041,32.957,45.0254951,155.0573701,155.0573701,110.6734806,113.2535208,0,20,0,0,-82.11190169,24.46458986,24.46458986,24.46458986,4.043,0.261,0.008,0.017,45.8508457,0.013,31.824,23.12248499,24.15364188,23.12248499,0,-18.0731487,0.744,44.24300658,43.98863481,optimal,127,140,2.0,pass,43.98863481,45.0254951,44.24300658,43.98863481
diverse_rec,movielens_sample20of200_lambda1.5,20,7,1000,1,1,7,24.46458986,52.93235146,164.2238034,50.78429899,50.78429899,0,24.15364188,23.94017198,0.1973635471,23.2580765,24.45244557,24.46458986,1,0.118,0.0037,32.957,51.75460483,155.0573701,155.0573701,110.6734806,113.2535208,0,20,0,0,-82.11190169,24.46458986,24.46458986,24.46458986,4.043,0.259,0.008,0.017,52.93235146,0.013,31.824,23.12248499,24.15364188,23.12248499,0,-18.0731487,0.744,50.91031046,50.78429899,optimal,127,140,1.9,pass,50.78429899,51.75460483,50.91031046,50.78429899
diverse_rec,movielens_sample20of200_lambda1.5,20,8,1000,1,1,7,24.46458986,60.00787226,164.2238034,57.48751582,57.48751582,0,24.15364188,23.8945026,0.2093762321,22.95318357,24.38418165,24.46458986,1,0.118,0.0061,32.957,58.2410008,155.0573701,155.0573701,110.6734806,113.2535208,0,20,0,0,-82.11190169,24.46458986,24.46458986,24.46458986,4.043,0.264,0.008,0.017,60.00787226,0.013,31.824,23.12248499,24.15364188,23.12248499,0,-18.0731487,0.744,57.44358251,57.44358251,optimal,127,140,0.9,pass,57.48751582,58.2410008,57.44358251,57.44358251
diverse_rec,movielens_sample20of200_lambda1.5,20,9,1000,1,1,7,24.46458986,66.84795367,164.2238034,64.09793336,64.09793336,0,24.15364188,23.85174858,0.2219597188,23.09527474,24.46458986,24.46458986,1,0.118,0.0052,32.957,64.51771306,155.0573701,155.0573701,110.6734806,113.2535208,0,20,0,0,-82.11190169,24.46458986,24.46458986,24.46458986,4.043,0.264,0.008,0.017,66.84795367,0.013,31.824,23.12248499,24.15364188,23.12248499,0,-18.0731487,0.744,63.83925282,63.83925282,optimal,127,140,2.4,pass,64.09793336,64.51771306,63.83925282,63.83925282
diverse_rec,movielens_sample20of200_lambda1.5,20,10,1000,1,1,7,24.46458986,73.64361785,164.2238034,70.57608866,70.57608866,0,24.15364188,23.80256577,0.2348378301,22.95683764,24.46458986,24.46458986,1,0.118,0.0099,32.957,70.58199607,155.0573701,155.0573701,110.6734806,113.2535208,0,20,0,0,-82.11190169,24.46458986,24.46458986,24.46458986,4.043,0.263,0.008,0.017,73.64361785,0.013,31.824,23.12248499,24.15364188,23.12248499,0,-18.0731487,0.744,70.10115591,70.10115591,optimal,127,140,1.2,pass,70.57608866,70.58199607,70.10115591,70.10115591
diverse_rec,movielens_sample20of200_lambda1.5,20,11,1000,1,1,7,24.46458986,80.34683468,164.2238034,76.98995742,76.98995742,0,24.15364188,23.75091756,0.255141166,22.88739852,24.32114489,24.46458986,1,0.118,0.0053,32.957,76.36972521,155.0573701,155.0573701,110.6734806,113.2535208,0,20,0,0,-82.11190169,24.46458986,24.46458986,24.46458986,4.043,0.260,0.008,0.017,80.34683468,0.013,31.824,23.12248499,24.15364188,23.12248499,0,-18.0731487,0.744,76.10255479,76.10255479,optimal,127,140,2.2,pass,76.98995742,76.36972521,76.10255479,76.10255479
diverse_rec,movielens_sample20of200_lambda1.5,20,12,1000,1,1,7,24.46458986,86.95725222,164.2238034,83.13296383,83.13296383,0,24.15364188,23.7016842,0.2813850901,22.48393983,24.46458986,24.46458986,1,0.118,0.0055,32.957,81.80873856,155.0573701,155.0573701,110.6734806,113.2535208,0,20,0,0,-82.11190169,24.46458986,24.46458986,24.46458986,4.043,0.255,0.008,0.017,86.95725222,0.013,31.824,23.12248499,24.15364188,23.12248499,0,-18.0731487,0.744,81.67531491,81.67531491,optimal,127,140,2.2,pass,83.13296383,81.80873856,81.67531491,81.67531491
diverse_rec,movielens_sample20of200_lambda1.5,20,13,1000,1,1,7,24.46458986,93.43540752,164.2238034,89.13656969,89.13656969,0,24.15364188,23.63477432,0.2891534908,22.61129439,24.36620628,24.46458986,1,0.118,0.0057,32.957,87.09366588,155.0573701,155.0573701,110.6734806,113.2535208,0,20,0,0,-82.11190169,24.46458986,24.46458986,24.46458986,4.043,0.266,0.008,0.017,93.43540752,0.013,31.824,23.12248499,24.15364188,23.12248499,0,-18.0731487,0.744,87.06619015,87.06619015,optimal,127,140,1.0,pass,89.13656969,87.09366588,87.06619015,87.06619015
diverse_rec,movielens_sample20of200_lambda1.5,20,14,1000,1,1,7,24.46458986,99.84927629,164.2238034,95.03775851,95.03775851,0,24.15364188,23.57369323,0.3363707712,22.08019563,24.46458986,24.46458986,1,0.118,0.0064,32.957,91.93992518,155.0573701,155.0573701,110.6734806,113.2535208,0,20,0,0,-82.11190169,24.46458986,24.46458986,24.46458986,4.043,0.251,0.008,0.017,99.84927629,0.013,31.824,23.12248499,24.15364188,23.12248499,0,-18.0731487,0.744,91.93695407,91.93695407,optimal,127,140,0.9,pass,95.03775851,91.93992518,91.93695407,91.93695407
diverse_rec,movielens_sample20of200_lambda1.5,20,15,1000,1,1,7,24.46458986,105.9922827,164.2238034,100.8613395,100.8613395,0,24.15364188,23.49078236,0.379907845,21.39502924,24.32146893,24.46458986,1,0.118,0.0073,32.957,95.66942146,155.0573701,155.0573701,110.6734806,113.2535208,0,20,0,0,-82.11190169,24.46458986,24.46458986,24.46458986,4.043,0.256,0.008,0.017,105.9922827,0.013,31.824,23.12248499,24.15364188,23.12248499,0,-18.0731487,0.744,95.66936059,95.66936059,optimal,127,140,2.2,pass,100.8613395,95.66942146,95.66936059,95.66936059
diverse_rec,movielens_sample20of200_lambda1.5,20,16,1000,1,1,7,24.46458986,111.9958885,164.2238034,106.2091681,106.2091681,0,24.15364188,23.42351916,0.4128321835,21.44452013,24.27212484,24.46458986,1,0.118,0.0077,32.957,95.66942146,155.0573701,155.0573701,110.6734806,113.2535208,0,20,0,0,-82.11190169,24.46458986,24.46458986,24.46458986,4.043,0.253,0.008,0.017,110.6734806,0.013,31.824,23.12248499,24.15364188,23.12248499,0,-18.0731487,0.744,95.66936059,95.66936059,optimal,127,140,0.9,pass,106.2091681,95.66942146,95.66936059,95.66936059
diverse_rec,movielens_sample20of200_lambda1.5,20,17,1000,1,1,7,24.46458986,117.8970774,164.2238034,110.5881755,111.3644845,4,24.15364188,23.40644611,0.4129268389,21.61651362,24.28988597,24.46458986,1,0.118,0.0071,32.957,95.66942146,155.0573701,155.0573701,110.6734806,113.2535208,0,20,0,0,-82.11190169,24.46458986,24.46458986,24.46458986,4.043,0.250,0.008,0.017,110.6734806,0.013,31.824,23.12248499,24.15364188,23.12248499,0,-18.0731487,0.744,95.66936059,95.66936059,optimal,127,140,0.8,pass,110.5881755,95.66942146,95.66936059,95.66936059
diverse_rec,movielens_sample20of200_lambda1.5,20,18,1000,1,1,7,24.46458986,123.7206584,164.2238034,110.5881755,111.3644845,4,24.15364188,23.38222003,0.4260105857,21.28886015,24.46458986,24.46458986,1,0.118,0.0089,32.957,95.66942146,155.0573701,155.0573701,110.6734806,113.2535208,0,20,0,0,-82.11190169,24.46458986,24.46458986,24.46458986,4.043,0.219,0.008,0.017,110.6734806,0.013,31.824,23.12248499,24.15364188,23.12248499,0,-18.0731487,0.744,95.66936059,95.66936059,optimal,127,140,0.9,pass,110.5881755,95.66942146,95.66936059,95.66936059
diverse_rec,movielens_sample20of200_lambda1.5,20,19,1000,1,1,7,24.46458986,129.0684869,164.2238034,110.5881755,111.3644845,4,24.15364188,23.37982665,0.426598763,21.32511205,24.27865843,24.46458986,1,0.118,0.0094,32.957,95.66942146,155.0573701,155.0573701,110.6734806,113.2535208,0,20,0,0,-82.11190169,24.46458986,24.46458986,24.46458986,4.043,0.245,0.008,0.017,110.6734806,0.013,31.824,23.12248499,24.15364188,23.12248499,0,-18.0731487,0.744,95.66936059,95.66936059,optimal,127,140,1.9,pass,110.5881755,95.66942146,95.66936059,95.66936059
diverse_rec,movielens_sample20of200_lambda1.5,20,20,1000,1,1,7,24.46458986,134.2238034,164.2238034,110.5881755,111.3644845,4,24.15364188,23.34723631,0.434668569,20.92110674,24.31967318,24.46458986,1,0.118,0.0082,32.957,95.66942146,155.0573701,155.0573701,110.6734806,113.2535208,0,20,0,0,-82.11190169,24.46458986,24.46458986,24.46458986,4.043,0.278,0.008,0.017,110.6734806,0.013,31.824,23.12248499,24.15364188,23.12248499,0,-18.0731487,0.744,95.66936059,95.66936059,optimal,127,140,1.2,pass,110.5881755,95.66942146,95.66936059,95.66936059
diverse_rec,movielens_sample20of200_lambda1.5,20,1,1000,2,1,2,8.007074946,8.007074946,160.3721489,8.007074946,8.007074946,0,8.007074946,8.007074946,0,8.007074946,8.007074946,8.007074946,1,0.045,0.0008,32.707,8.007074946,148.8522862,148.8522862,110.3148061,110.3624268,0,20,0,0,-80.18607444,23.84121016,23.84121016,8.007074946,22.320,0.252,0.008,0.019,8.007074946,0.016,31.964,8.007074946,8.007074946,8.007074946,0,-17.51414989,2.429,8.007074946,8.007074946,optimal,42,60,0.6,pass,8.007074946,8.007074946,8.007074946,8.007074946
diverse_rec,movielens_sample20of200_lambda1.5,20,2,1000,2,1,3,14.27744893,15.98571089,160.3721489,15.4505698,15.4505698,0,14.27744893,14.09509958,0.1915655454,13.86299173,14.27744893,14.27744893,1,0.058,0.0013,32.707,15.94224155,148.8522862,148.8522862,110.3148061,110.3624268,0,20,0,0,-80.18607444,23.84121016,23.84121016,14.27744893,22.320,0.266,0.008,0.019,15.98571089,0.016,31.964,15.4505698,15.98571089,15.4505698,0,-17.51414989,2.429,15.86924745,15.4505698,optimal,61,78,0.6,pass,15.4505698,15.94224155,15.86924745,15.4505698
diverse_rec,movielens_sample20of200_lambda1.5,20,3,1000,2,1,4,18.6843646,23.42920575,160.3721489,22.80190353,22.80190353,0,18.6843646,18.34744249,0.228665685,17.90117275,18.6843646,18.6843646,1,0.069,0.0020,32.707,23.28360742,148.8522862,148.8522862,110.3148061,110.3624268,0,20,0,0,-80.18607444,23.84121016,23.84121016,18.6843646,22.320,0.236,0.008,0.019,23.42920575,0.016,31.964,22.80190353,23.42920575,22.80190353,0,-17.51414989,2.429,23.22106974,22.80190353,optimal,79,95,0.9,pass,22.80190353,23.28360742,23.22106974,22.80190353
diverse_rec,movielens_sample20of200_lambda1.5,20,4,1000,2,1,5,21.68196802,30.78929933,160.3721489,29.64110788,29.64110788,0,21.68196802,21.23080848,0.1967846978,20.80630689,21.68196802,21.68196802,1,0.080,0.0045,32.707,30.55664729,148.8522862,148.8522862,108.6901809,110.3624268,0,20,0,0,-80.18607444,23.84121016,23.84121016,21.68196802,22.320,0.263,0.008,0.019,30.78929933,0.016,31.964,22.81045806,27.61922871,22.99026254,0,-17.51414989,2.429,29.98685992,29.64110788,optimal,96,111,0.8,pass,29.64110788,30.55664729,29.98685992,29.64110788
diverse_rec,movielens_sample20of200_lambda1.5,20,5,1000,2,1,6,23.25600331,38.14063306,160.3721489,36.42541951,36.42541951,0,23.25600331,22.86760796,0.1611281883,22.36307905,23.25600331,23.25600331,1,0.089,0.0025,32.707,37.46140974,148.8522862,148.8522862,107.4362475,110.3624268,0,20,0,0,-80.18607444,23.84121016,23.84121016,23.25600331,22.320,0.267,0.008,0.019,38.14063306,0.016,31.964,22.81045806,25.10781658,22.99026254,0,-17.51414989,2.429,36.70994863,36.42541951,optimal,112,126,1.9,pass,36.42541951,37.46140974,36.70994863,36.42541951
diverse_rec,movielens_sample20of200_lambda1.5,20,6,1000,2,1,7,23.84121016,45.03578455,160.3721489,43.16920565,43.16920565,0,23.74115206,23.39047736,0.1747559273,22.83387931,23.84121016,23.84121016,1,0.098,0.0033,32.707,44.07454611,148.8522862,148.8522862,107.4362475,110.3216084,0,20,0,0,-80.18607444,23.84121016,23.84121016,23.84121016,22.320,0.257,0.008,0.019,45.03578455,0.016,31.964,22.81045806,23.74115206,22.99026254,0,-17.51414989,2.429,43.38962473,43.16920565,optimal,127,140,0.8,pass,43.16920565,44.07454611,43.38962473,43.16920565
diverse_rec,movielens_sample20of200_lambda1.5,20,7,1000,2,1,7,23.84121016,51.8749889,160.3721489,49.64009199,49.64009199,0,23.74115206,23.31763014,0.1998870348,22.57256948,23.84121016,23.84121016,1,0.098,0.0046,32.707,50.60312994,148.8522862,148.8522862,107.4362475,110.3216084,0,20,0,0,-80.18607444,23.84121016,23.84121016,23.84121016,22.320,0.270,0.008,0.019,51.8749889,0.016,31.964,22.81045806,23.74115206,22.99026254,0,-17.51414989,2.429,49.79840409,49.64009199,optimal,127,140,2.3,pass,49.64009199,50.60312994,49.79840409,49.64009199
diverse_rec,movielens_sample20of200_lambda1.5,20,8,1000,2,1,7,23.84121016,58.65930053,160.3721489,55.95033473,55.95033473,0,23.74115206,23.27135124,0.2064834905,22.62110983,23.84121016,23.84121016,1,0.098,0.0038,32.707,56.9301859,148.8522862,148.8522862,107.4362475,110.3216084,0,20,0,0,-80.18607444,23.84121016,23.84121016,23.84121016,22.320,0.243,0.008,0.019,58.65930053,0.016,31.964,22.81045806,23.74115206,22.99026254,0,-17.51414989,2.429,56.03161841,55.95033473,optimal,127,140,0.8,pass,55.95033473,56.9301859,56.03161841,55.95033473
diverse_rec,movielens_sample20of200_lambda1.5,20,9,1000,2,1,7,23.84121016,65.40308667,160.3721489,62.15163767,62.15163767,0,23.74115206,23.21182334,0.2209425036,22.39758466,23.84050647,23.84121016,1,0.098,0.0051,32.707,62.87014976,148.8522862,148.8522862,107.4362475,110.3216084,0,20,0,0,-80.18607444,23.84121016,23.84121016,23.84121016,22.320,0.263,0.008,0.019,65.40308667,0.016,31.964,22.81045806,23.74115206,22.99026254,0,-17.51414989,2.429,62.06153387,62.06153387,optimal,127,140,0.8,pass,62.15163767,62.87014976,62.06153387,62.06153387
diverse_rec,movielens_sample20of200_lambda1.5,20,10,1000,2,1,7,23.84121016,71.87397301,160.3721489,68.29444666,68.29444666,0,23.74115206,23.15694506,0.2302102134,22.34985159,23.84121016,23.84121016,1,0.098,0.0069,32.707,68.53193724,148.8522862,148.8522862,107.4362475,110.3216084,0,20,0,0,-80.18607444,23.84121016,23.84121016,23.84121016,22.320,0.236,0.008,0.019,71.87397301,0.016,31.964,22.81045806,23.74115206,22.99026254,0,-17.51414989,2.429,67.93783225,67.93783225,optimal,127,140,0.8,pass,68.29444666,68.53193724,67.93783225,67.93783225
diverse_rec,movielens_sample20of200_lambda1.5,20,11,1000,2,1,7,23.84121016,78.18421575,160.3721489,74.39196547,74.39196547,0,23.74115206,23.11647749,0.2448045748,22.26453033,23.84050647,23.84121016,1,0.098,0.0054,32.707,74.06984387,148.8522862,148.8522862,107.4362475,110.3216084,0,20,0,0,-80.18607444,23.84121016,23.84121016,23.84121016,22.320,0.264,0.008,0.019,78.18421575,0.016,31.964,22.81045806,23.74115206,22.99026254,0,-17.51414989,2.429,73.74437052,73.74437052,optimal,127,140,0.8,pass,74.39196547,74.06984387,73.74437052,73.74437052
diverse_rec,movielens_sample20of200_lambda1.5,20,12,1000,2,1,7,23.84121016,84.38551869,160.3721489,80.44459733,80.44459733,0,23.74115206,23.04730222,0.2634375105,22.22120303,23.72715059,23.84121016,1,0.098,0.0053,32.707,79.42990503,148.8522862,148.8522862,107.4362475,110.3216084,0,20,0,0,-80.18607444,23.84121016,23.84121016,23.84121016,22.320,0.230,0.008,0.019,84.38551869,0.016,31.964,22.81045806,23.74115206,22.99026254,0,-17.51414989,2.429,79.29383899,79.29383899,optimal,127,140,1.8,pass,80.44459733,79.42990503,79.29383899,79.29383899
diverse_rec,movielens_sample20of200_lambda1.5,20,13,1000,2,1,7,23.84121016,90.52832768,160.3721489,86.33421339,86.33421339,0,23.74115206,22.99489398,0.289531389,21.9235837,23.74171822,23.84121016,1,0.098,0.0074,32.707,84.61663253,148.8522862,148.8522862,107.4362475,110.3216084,0,20,0,0,-80.18607444,23.84121016,23.84121016,23.84121016,22.320,0.260,0.008,0.019,90.52832768,0.016,31.964,22.81045806,23.74115206,22.99026254,0,-17.51414989,2.429,84.57607624,84.57607624,optimal,127,140,1.8,pass,86.33421339,84.61663253,84.57607624,84.57607624
diverse_rec,movielens_sample20of200_lambda1.5,20,14,1000,2,1,7,23.84121016,96.62584649,160.3721489,92.18149777,92.18149777,0,23.74115206,22.91280308,0.3427017984,21.1404087,23.76383495,23.84121016,1,0.098,0.0110,32.707,89.36068928,148.8522862,148.8522862,107.4362475,110.3216084,0,20,0,0,-80.18607444,23.84121016,23.84121016,23.84121016,22.320,0.234,0.008,0.019,96.62584649,0.016,31.964,22.81045806,23.74115206,22.99026254,0,-17.51414989,2.429,89.33724247,89.33724247,optimal,127,140,0.8,pass,92.18149777,89.36068928,89.33724247,89.33724247
diverse_rec,movielens_sample20of200_lambda1.5,20,15,1000,2,1,7,23.84121016,102.6784783,160.3721489,97.84739766,97.84739766,0,23.74115206,22.84718624,0.3729716541,21.13150706,23.76383495,23.84121016,1,0.098,0.0066,32.707,92.85544516,148.8522862,148.8522862,107.4362475,110.3216084,0,20,0,0,-80.18607444,23.84121016,23.84121016,23.84121016,22.320,0.256,0.008,0.019,102.6784783,0.016,31.964,22.81045806,23.74115206,22.99026254,0,-17.51414989,2.429,92.85399274,92.85399274,optimal,127,140,0.8,pass,97.84739766,92.85544516,92.85399274,92.85399274
diverse_rec,movielens_sample20of200_lambda1.5,20,16,1000,2,1,7,23.84121016,108.5680944,160.3721489,103.1741012,103.1741012,0,23.74115206,22.76739822,0.4161374447,20.49927388,23.84121016,23.84121016,1,0.098,0.0064,32.707,92.85544516,148.8522862,148.8522862,107.4362475,110.3216084,0,20,0,0,-80.18607444,23.84121016,23.84121016,23.84121016,22.320,0.230,0.008,0.019,107.4362475,0.016,31.964,22.81045806,23.74115206,22.99026254,0,-17.51414989,2.429,92.85399274,92.85399274,optimal,127,140,0.8,pass,103.1741012,92.85544516,92.85399274,92.85399274
diverse_rec,movielens_sample20of200_lambda1.5,20,17,1000,2,1,7,23.84121016,114.4153788,160.3721489,107.4362475,108.1382679,5,23.74115206,22.72973823,0.466152517,20.69398446,23.69359892,23.84121016,1,0.098,0.0078,32.707,92.85544516,148.8522862,148.8522862,107.4362475,110.3216084,0,20,0,0,-80.18607444,23.84121016,23.84121016,23.84121016,22.320,0.252,0.008,0.019,107.4362475,0.016,31.964,22.81045806,23.74115206,22.99026254,0,-17.51414989,2.429,92.85399274,92.85399274,optimal,127,140,0.8,pass,107.4362475,92.85544516,92.85399274,92.85399274
diverse_rec,movielens_sample20of200_lambda1.5,20,18,1000,2,1,7,23.84121016,120.0812787,160.3721489,107.4362475,108.4129631,5,23.74115206,22.71898449,0.4624459448,20.30873927,23.69246111,23.84121016,1,0.098,0.0099,32.707,92.85544516,148.8522862,148.8522862,107.4362475,110.3216084,0,20,0,0,-80.18607444,23.84121016,23.84121016,23.84121016,22.320,0.258,0.008,0.019,107.4362475,0.016,31.964,22.81045806,23.74115206,22.99026254,0,-17.51414989,2.429,92.85399274,92.85399274,optimal,127,140,3.2,pass,107.4362475,92.85544516,92.85399274,92.85399274
diverse_rec,movielens_sample20of200_lambda1.5,20,19,1000,2,1,7,23.84121016,125.4079822,160.3721489,107.4362475,108.4129631,5,23.74115206,22.71839702,0.4605208297,20.1728599,23.64070883,23.84121016,1,0.098,0.0079,32.707,92.85544516,148.8522862,148.8522862,107.4362475,110.3216084,0,20,0,0,-80.18607444,23.84121016,23.84121016,23.84121016,22.320,0.237,0.008,0.019,107.4362475,0.016,31.964,22.81045806,23.74115206,22.99026254,0,-17.51414989,2.429,92.85399274,92.85399274,optimal,127,140,0.8,pass,107.4362475,92.85544516,92.85399274,92.85399274
diverse_rec,movielens_sample20of200_lambda1.5,20,20,1000,2,1,7,23.84121016,130.3721489,160.3721489,107.4362475,108.4129631,5,23.74115206,22.72648442,0.4453122558,20.19614018,23.64070883,23.84121016,1,0.098,0.0082,32.707,92.85544516,148.8522862,148.8522862,107.4362475,110.3216084,0,20,0,0,-80.18607444,23.84121016,23.84121016,23.84121016,22.320,0.329,0.008,0.019,107.4362475,0.016,31.964,22.81045806,23.74115206,22.99026254,0,-17.51414989,2.429,92.85399274,92.85399274,optimal,127,140,1.1,pass,107.4362475,92.85544516,92.85399274,92.85399274
diverse_rec,movielens_sample20of200_lambda1.5,20,1,1000,3,1,2,7.744091739,7.744091739,157.4958794,7.744091739,7.744091739,0,7.744091739,7.744091739,0,7.744091739,7.744091739,7.744091739,1,0.026,0.0009,27.825,7.744091739,144.1221022,144.1221022,106.7659327,108.006449,0,20,0,0,-78.74793972,23.1703417,23.1703417,7.744091739,6.349,0.298,0.006,0.015,7.744091739,0.012,59.008,7.744091739,7.744091739,7.744091739,0,-16.98818348,14.584,7.744091739,7.744091739,optimal,42,60,0.5,pass,7.744091739,7.744091739,7.744091739,7.744091739
diverse_rec,movielens_sample20of200_lambda1.5,20,2,1000,3,1,3,13.21599472,14.84457711,157.4958794,14.72417991,14.72417991,0,13.21599472,13.0364021,0.1581483357,12.79392674,13.21599472,13.21599472,1,0.035,0.0014,27.825,14.78458758,144.1221022,144.1221022,106.7659327,108.006449,0,20,0,0,-78.74793972,23.1703417,23.1703417,13.21599472,6.349,0.269,0.006,0.015,14.84457711,0.012,59.008,14.72417991,14.84457711,14.72417991,0,-16.98818348,14.584,14.76506254,14.72417991,optimal,61,78,0.9,pass,14.72417991,14.78458758,14.76506254,14.72417991
diverse_rec,movielens_sample20of200_lambda1.5,20,3,1000,3,1,4,17.49677257,21.82466529,157.4958794,21.44165023,21.44165023,0,17.49677257,17.18675563,0.1503073154,16.77902476,17.49677257,17.49677257,1,0.043,0.0012,27.825,21.6856559,144.1221022,144.1221022,106.7659327,108.006449,0,20,0,0,-78.74793972,23.1703417,23.1703417,17.49677257,6.349,0.283,0.006,0.015,21.82466529,0.012,59.008,21.44165023,21.82466529,21.44165023,0,-16.98818348,14.584,21.56045921,21.44165023,optimal,79,95,2.8,pass,21.44165023,21.6856559,21.56045921,21.44165023
diverse_rec,movielens_sample20of200_lambda1.5,20,4,1000,3,1,5,20.51370733,28.62498615,157.4958794,27.8315223,27.8315223,0,20.44527973,20.19670066,0.1583714759,19.75367626,20.51370733,20.51370733,1,0.050,0.0016,27.825,28.41989893,144.1221022,144.1221022,106.7659327,108.006449,0,20,0,0,-78.74793972,23.1703417,23.1703417,20.51370733,6.349,0.241,0.006,0.015,28.62498615,0.012,59.008,21.6495989,27.4440735,21.6495989,0,-16.98818348,14.584,27.95941555,27.8315223,optimal,96,111,2.5,pass,27.8315223,28.41989893,27.95941555,27.8315223
diverse_rec,movielens_sample20of200_lambda1.5,20,5,1000,3,1,6,22.34713603,35.38765285,157.4958794,34.20132787,34.20132787,0,22.2653135,22.01419237,0.1557758247,21.45923688,22.34713603,22.34713603,1,0.057,0.0023,27.825,35.11367864,144.1221022,144.1221022,105.2305659,108.006449,0,20,0,0,-78.74793972,23.1703417,23.1703417,22.34713603,6.349,0.277,0.006,0.015,35.38765285,0.012,59.008,21.6495989,25.9797902,21.6495989,0,-16.98818348,14.584,34.31377292,34.20132787,optimal,112,126,1.3,pass,34.20132787,35.11367864,34.31377292,34.20132787
diverse_rec,movielens_sample20of200_lambda1.5,20,6,1000,3,1,7,23.1703417,42.10512317,157.4958794,40.55205358,40.55205358,0,23.12230583,22.75498571,0.1691368014,22.17358309,23.1607777,23.1703417,1,0.063,0.0033,27.825,41.51076293,144.1221022,144.1221022,105.2305659,108.006449,0,20,0,0,-78.74793972,23.1703417,23.1703417,23.1703417,6.349,0.244,0.006,0.015,42.10512317,0.012,59.008,21.6495989,23.12230583,21.6495989,0,-16.98818348,14.584,40.64389134,40.55205358,optimal,127,140,1.2,pass,40.55205358,41.51076293,40.64389134,40.55205358
diverse_rec,movielens_sample20of200_lambda1.5,20,7,1000,3,1,7,23.1703417,48.51226582,157.4958794,46.86545816,46.86545816,0,23.12230583,22.70522983,0.1763059478,21.9033984,23.1607777,23.1703417,1,0.063,0.0051,27.825,47.78472133,144.1221022,144.1221022,105.2305659,108.006449,0,20,0,0,-78.74793972,23.1703417,23.1703417,23.1703417,6.349,0.262,0.006,0.015,48.51226582,0.012,59.008,21.6495989,23.12230583,21.6495989,0,-16.98818348,14.584,46.95529408,46.86545816,optimal,127,140,0.9,pass,46.86545816,47.78472133,46.95529408,46.86545816
diverse_rec,movielens_sample20of200_lambda1.5,20,8,1000,3,1,7,23.1703417,54.90213789,157.4958794,53.03136951,53.03136951,0,23.12230583,22.66245271,0.1833277845,21.80112226,23.1607777,23.1703417,1,0.063,0.0057,27.825,54.0230819,144.1221022,144.1221022,105.2305659,108.006449,0,20,0,0,-78.74793972,23.1703417,23.1703417,23.1703417,6.349,0.237,0.006,0.015,54.90213789,0.012,59.008,21.6495989,23.12230583,21.6495989,0,-16.98818348,14.584,53.22712187,53.03136951,optimal,127,140,0.8,pass,53.03136951,54.0230819,53.22712187,53.03136951
diverse_rec,movielens_sample20of200_lambda1.5,20,9,1000,3,1,7,23.1703417,61.27194346,157.4958794,59.1908054,59.1908054,0,23.12230583,22.63107663,0.1984743525,21.82762945,23.14972536,23.1703417,1,0.063,0.0061,27.825,60.17831394,144.1221022,144.1221022,105.2305659,108.006449,0,20,0,0,-78.74793972,23.1703417,23.1703417,23.1703417,6.349,0.259,0.006,0.015,61.27194346,0.012,59.008,21.6495989,23.12230583,21.6495989,0,-16.98818348,14.584,59.35595147,59.1908054,optimal,127,140,0.9,pass,59.1908054,60.17831394,59.35595147,59.1908054
diverse_rec,movielens_sample20of200_lambda1.5,20,10,1000,3,1,7,23.1703417,67.62266917,157.4958794,65.34546568,65.34546568,0,23.12230583,22.57700291,0.2186913302,21.69938805,23.14477815,23.1703417,1,0.063,0.0077,27.825,66.10310701,144.1221022,144.1221022,105.2305659,108.006449,0,20,0,0,-78.74793972,23.1703417,23.1703417,23.1703417,6.349,0.241,0.006,0.015,67.62266917,0.012,59.008,21.6495989,23.12230583,21.6495989,0,-16.98818348,14.584,65.45539852,65.34546568,optimal,127,140,1.6,pass,65.34546568,66.10310701,65.45539852,65.34546568
diverse_rec,movielens_sample20of200_lambda1.5,20,11,1000,3,1,7,23.1703417,73.93607374,157.4958794,71.49376441,71.49376441,0,23.12230583,22.53676507,0.2384637801,21.46522128,23.11457727,23.1703417,1,0.063,0.0076,27.825,71.97679224,144.1221022,144.1221022,105.2305659,108.006449,0,20,0,0,-78.74793972,23.1703417,23.1703417,23.1703417,6.349,0.263,0.006,0.015,73.93607374,0.012,59.008,21.6495989,23.12230583,21.6495989,0,-16.98818348,14.584,71.5267681,71.49376441,optimal,127,140,2.0,pass,71.49376441,71.97679224,71.5267681,71.49376441
diverse_rec,movielens_sample20of200_lambda1.5,20,12,1000,3,1,7,23.1703417,80.1019851,157.4958794,77.62667188,77.62667188,0,23.12230583,22.48984091,0.2782794374,20.99276031,23.08812689,23.1703417,1,0.063,0.0058,27.825,77.83898543,144.1221022,144.1221022,105.2305659,108.006449,0,20,0,0,-78.74793972,23.1703417,23.1703417,23.1703417,6.349,0.233,0.006,0.015,80.1019851,0.012,59.008,21.6495989,23.12230583,21.6495989,0,-16.98818348,14.584,77.55863794,77.55863794,optimal,127,140,1.9,pass,77.62667188,77.83898543,77.55863794,77.55863794
diverse_rec,movielens_sample20of200_lambda1.5,20,13,1000,3,1,7,23.1703417,86.26142099,157.4958794,83.7581336,83.7581336,0,23.12230583,22.43711573,0.2919187829,21.10364408,23.14285795,23.1703417,1,0.063,0.0060,27.825,83.66745559,144.1221022,144.1221022,105.2305659,108.006449,0,20,0,0,-78.74793972,23.1703417,23.1703417,23.1703417,6.349,0.263,0.006,0.015,86.26142099,0.012,59.008,21.6495989,23.12230583,21.6495989,0,-16.98818348,14.584,83.53620488,83.53620488,optimal,127,140,1.6,pass,83.7581336,83.66745559,83.53620488,83.53620488
diverse_rec,movielens_sample20of200_lambda1.5,20,14,1000,3,1,7,23.1703417,92.40971972,157.4958794,89.8459141,89.8459141,0,23.12230583,22.36923132,0.3154571991,21.0831148,23.12230583,23.1703417,1,0.063,0.0096,27.825,89.41452663,144.1221022,144.1221022,105.2305659,108.006449,0,20,0,0,-78.74793972,23.1703417,23.1703417,23.1703417,6.349,0.230,0.006,0.015,92.40971972,0.012,59.008,21.6495989,23.12230583,21.6495989,0,-16.98818348,14.584,89.39074115,89.39074115,optimal,127,140,0.8,pass,89.8459141,89.41452663,89.39074115,89.39074115
diverse_rec,movielens_sample20of200_lambda1.5,20,15,1000,3,1,7,23.1703417,98.54262718,157.4958794,95.9163679,95.9163679,0,23.12230583,22.30200474,0.3763592605,20.83866269,23.057416,23.1703417,1,0.063,0.0095,27.825,92.90673918,144.1221022,144.1221022,105.2305659,108.006449,0,20,0,0,-78.74793972,23.1703417,23.1703417,23.1703417,6.349,0.259,0.006,0.015,98.54262718,0.012,59.008,21.6495989,23.12230583,21.6495989,0,-16.98818348,14.584,92.9038455,92.9038455,optimal,127,140,0.8,pass,95.9163679,92.90673918,92.9038455,92.9038455
diverse_rec,movielens_sample20of200_lambda1.5,20,16,1000,3,1,7,23.1703417,104.6740889,157.4958794,101.3523125,101.3523125,0,23.12230583,22.2383803,0.4075367123,20.35992123,23.1703417,23.1703417,1,0.063,0.0091,27.825,92.90673918,144.1221022,144.1221022,105.2305659,108.006449,0,20,0,0,-78.74793972,23.1703417,23.1703417,23.1703417,6.349,0.235,0.006,0.015,104.6740889,0.012,59.008,21.6495989,23.12230583,21.6495989,0,-16.98818348,14.584,92.9038455,92.9038455,optimal,127,140,1.6,pass,101.3523125,92.90673918,92.9038455,92.9038455
diverse_rec,movielens_sample20of200_lambda1.5,20,17,1000,3,1,7,23.1703417,110.7618694,157.4958794,104.9189918,106.5799241,4,23.12230583,22.16746083,0.4514687536,20.46704205,23.14477815,23.1703417,1,0.063,0.0091,27.825,92.90673918,144.1221022,144.1221022,105.2305659,108.006449,0,20,0,0,-78.74793972,23.1703417,23.1703417,23.1703417,6.349,0.247,0.006,0.015,105.2305659,0.012,59.008,21.6495989,23.12230583,21.6495989,0,-16.98818348,14.584,92.9038455,92.9038455,optimal,127,140,2.0,pass,104.9189918,92.90673918,92.9038455,92.9038455
diverse_rec,movielens_sample20of200_lambda1.5,20,18,1000,3,1,7,23.1703417,116.8323232,157.4958794,104.9189918,106.5799241,4,23.12230583,22.21860505,0.4156766905,20.22442951,23.08812689,23.1703417,1,0.063,0.0116,27.825,92.90673918,144.1221022,144.1221022,105.2305659,108.006449,0,20,0,0,-78.74793972,23.1703417,23.1703417,23.1703417,6.349,0.226,0.006,0.015,105.2305659,0.012,59.008,21.6495989,23.12230583,21.6495989,0,-16.98818348,14.584,92.9038455,92.9038455,optimal,127,140,1.6,pass,104.9189918,92.90673918,92.9038455,92.9038455
diverse_rec,movielens_sample20of200_lambda1.5,20,19,1000,3,1,7,23.1703417,122.2682678,157.4958794,104.9189918,106.5799241,4,23.12230583,22.15486131,0.4551410434,19.61183663,23.12230583,23.1703417,1,0.063,0.0103,27.825,92.90673918,144.1221022,144.1221022,105.2305659,108.006449,0,20,0,0,-78.74793972,23.1703417,23.1703417,23.1703417,6.349,0.251,0.006,0.015,105.2305659,0.012,59.008,21.6495989,23.12230583,21.6495989,0,-16.98818348,14.584,92.9038455,92.9038455,optimal,127,140,1.0,pass,104.9189918,92.90673918,92.9038455,92.9038455
diverse_rec,movielens_sample20of200_lambda1.5,20,20,1000,3,1,7,23.1703417,127.4958794,157.4958794,104.9189918,106.5799241,4,23.12230583,22.15953415,0.4603615077,19.83005053,23.1703417,23.1703417,1,0.063,0.0116,27.825,92.90673918,144.1221022,144.1221022,105.2305659,108.006449,0,20,0,0,-78.74793972,23.1703417,23.1703417,23.1703417,6.349,0.275,0.006,0.015,105.2305659,0.012,59.008,21.6495989,23.12230583,21.6495989,0,-16.98818348,14.584,92.9038455,92.9038455,optimal,127,140,1.0,pass,104.9189918,92.90673918,92.9038455,92.9038455
diverse_rec,movielens_sample20of200_lambda1.5,20,1,1000,4,1,2,7.933471541,7.933471541,171.2115117,7.933471541,7.933471541,0,7.933471541,7.933471541,0,7.933471541,7.933471541,7.933471541,1,0.025,0.0009,33.131,7.933471541,160.2943106,160.2943106,119.9447067,117.0542359,0,20,0,0,-85.60575583,25.77675874,25.77675874,7.933471541,3.803,0.307,0.008,0.019,7.933471541,0.027,36.161,7.933471541,7.933471541,7.933471541,0,-17.36694308,2.647,7.933471541,7.933471541,optimal,42,60,0.6,pass,7.933471541,7.933471541,7.933471541,7.933471541
diverse_rec,movielens_sample20of200_lambda1.5,20,2,1000,4,1,3,14.47715462,15.82276312,171.2115117,15.74275443,15.74275443,0,14.32642415,14.34717708,0.08486195715,14.24785283,14.47715462,14.47715462,1,0.034,0.0017,33.131,15.81462873,160.2943106,160.2943106,119.9447067,117.0542359,0,20,0,0,-85.60575583,25.77675874,25.77675874,14.47715462,3.803,0.271,0.008,0.019,15.82276312,0.027,36.161,15.74275443,15.82276312,15.74275443,0,-17.36694308,2.647,15.80478678,15.74275443,optimal,61,78,0.6,pass,15.74275443,15.81462873,15.80478678,15.74275443
diverse_rec,movielens_sample20of200_lambda1.5,20,3,1000,4,1,4,19.26755748,23.63204601,171.2115117,23.13432152,23.13432152,0,19.26755748,19.1172236,0.1205319304,18.86996297,19.26755748,19.26755748,1,0.042,0.0021,33.131,23.57860715,160.2943106,160.2943106,119.9447067,117.0542359,0,20,0,0,-85.60575583,25.77675874,25.77675874,19.26755748,3.803,0.260,0.008,0.019,23.63204601,0.027,36.161,23.13432152,23.63204601,23.13432152,0,-17.36694308,2.647,23.4932653,23.13432152,optimal,79,95,1.7,pass,23.13432152,23.57860715,23.4932653,23.13432152
diverse_rec,movielens_sample20of200_lambda1.5,20,4,1000,4,1,5,22.66099335,31.28826254,171.2115117,30.42751232,30.42751232,0,22.62917314,22.45782366,0.1196117472,22.13244934,22.66099335,22.66099335,1,0.049,0.0026,33.131,31.08234008,160.2943106,160.2943106,118.5823385,117.0542359,0,20,0,0,-85.60575583,25.77675874,25.77675874,22.66099335,3.803,0.240,0.008,0.019,31.28826254,0.027,36.161,24.9057324,30.51761124,24.9057324,0,-17.36694308,2.647,30.82205845,30.42751232,optimal,96,111,0.7,pass,30.42751232,31.08234008,30.82205845,30.42751232
diverse_rec,movielens_sample20of200_lambda1.5,20,5,1000,4,1,6,24.87290604,38.67982962,171.2115117,37.68344025,37.68344025,0,24.70039899,24.50398081,0.1496080945,23.98011381,24.87290604,24.87290604,1,0.056,0.0036,33.131,38.34152008,160.2943106,160.2943106,116.5111127,117.0542359,0,20,0,0,-85.60575583,25.77675874,25.77675874,24.87290604,3.803,0.278,0.008,0.019,38.67982962,0.027,36.161,24.9057324,28.29320072,24.9057324,0,-17.36694308,2.647,38.07547089,37.68344025,optimal,112,126,1.8,pass,37.68344025,38.34152008,38.07547089,37.68344025
diverse_rec,movielens_sample20of200_lambda1.5,20,6,1000,4,1,7,25.77675874,46.02824629,171.2115117,44.90126763,44.90126763,0,25.52829932,25.30086045,0.164568673,24.70548693,25.72596068,25.77675874,1,0.062,0.0033,33.131,45.5570001,160.2943106,160.2943106,116.5111127,117.0542359,0,20,0,0,-85.60575583,25.77675874,25.77675874,25.77675874,3.803,0.256,0.008,0.019,46.02824629,0.027,36.161,24.9057324,25.52829932,24.9057324,0,-17.36694308,2.647,45.28260408,44.90126763,optimal,127,140,0.8,pass,44.90126763,45.5570001,45.28260408,44.90126763
diverse_rec,movielens_sample20of200_lambda1.5,20,7,1000,4,1,7,25.77675874,53.36801473,171.2115117,52.09403977,52.09403977,0,25.52829932,25.26470773,0.184347514,24.6531396,25.72596068,25.77675874,1,0.062,0.0040,33.131,52.69827027,160.2943106,160.2943106,116.5111127,117.0542359,0,20,0,0,-85.60575583,25.77675874,25.77675874,25.77675874,3.803,0.238,0.008,0.019,53.36801473,0.027,36.161,24.9057324,25.52829932,24.9057324,0,-17.36694308,2.647,52.44682796,52.09403977,optimal,127,140,0.8,pass,52.09403977,52.69827027,52.44682796,52.09403977
diverse_rec,movielens_sample20of200_lambda1.5,20,8,1000,4,1,7,25.77675874,60.66120554,171.2115117,59.16101193,59.16101193,0,25.52829932,25.21178454,0.1862772784,24.6671397,25.77675874,25.77675874,1,0.062,0.0040,33.131,59.77075347,160.2943106,160.2943106,116.5111127,117.0542359,0,20,0,0,-85.60575583,25.77675874,25.77675874,25.77675874,3.803,0.271,0.008,0.019,60.66120554,0.027,36.161,24.9057324,25.52829932,24.9057324,0,-17.36694308,2.647,59.54302664,59.16101193,optimal,127,140,1.1,pass,59.16101193,59.77075347,59.54302664,59.16101193
diverse_rec,movielens_sample20of200_lambda1.5,20,9,1000,4,1,7,25.77675874,67.91713347,171.2115117,66.06040896,66.06040896,0,25.52829932,25.15866771,0.1955929001,24.55515277,25.72172574,25.77675874,1,0.062,0.0050,33.131,66.75407289,160.2943106,160.2943106,116.5111127,117.0542359,0,20,0,0,-85.60575583,25.77675874,25.77675874,25.77675874,3.803,0.231,0.008,0.019,67.91713347,0.027,36.161,24.9057324,25.52829932,24.9057324,0,-17.36694308,2.647,66.44230312,66.06040896,optimal,127,140,0.8,pass,66.06040896,66.75407289,66.44230312,66.06040896
diverse_rec,movielens_sample20of200_lambda1.5,20,10,1000,4,1,7,25.77675874,75.13496085,171.2115117,72.93102603,72.93102603,0,25.52829932,25.09977033,0.2184524304,24.32008513,25.72596068,25.77675874,1,0.062,0.0054,33.131,73.37726415,160.2943106,160.2943106,116.5111127,117.0542359,0,20,0,0,-85.60575583,25.77675874,25.77675874,25.77675874,3.803,0.265,0.008,0.019,75.13496085,0.027,36.161,24.9057324,25.52829932,24.9057324,0,-17.36694308,2.647,73.17491992,72.93102603,optimal,127,140,1.9,pass,72.93102603,73.37726415,73.17491992,72.93102603
diverse_rec,movielens_sample20of200_lambda1.5,20,11,1000,4,1,7,25.77675874,82.32773299,171.2115117,79.76387223,79.76387223,0,25.52829932,25.02941303,0.2503363905,24.02959724,25.72596068,25.77675874,1,0.062,0.0059,33.131,79.89171177,160.2943106,160.2943106,116.5111127,117.0542359,0,20,0,0,-85.60575583,25.77675874,25.77675874,25.77675874,3.803,0.236,0.008,0.019,82.32773299,0.027,36.161,24.9057324,25.52829932,24.9057324,0,-17.36694308,2.647,79.85802111,79.76387223,optimal,127,140,0.8,pass,79.76387223,79.89171177,79.85802111,79.76387223
diverse_rec,movielens_sample20of200_lambda1.5,20,12,1000,4,1,7,25.77675874,89.39470515,171.2115117,86.34975577,86.34975577,0,25.52829932,24.98033831,0.2739812302,23.93820073,25.64988754,25.77675874,1,0.062,0.0069,33.131,86.1016885,160.2943106,160.2943106,116.5111127,117.0542359,0,20,0,0,-85.60575583,25.77675874,25.77675874,25.77675874,3.803,0.233,0.008,0.019,89.39470515,0.027,36.161,24.9057324,25.52829932,24.9057324,0,-17.36694308,2.647,86.10023734,86.10023734,optimal,127,140,0.8,pass,86.34975577,86.1016885,86.10023734,86.10023734
diverse_rec,movielens_sample20of200_lambda1.5,20,13,1000,4,1,7,25.77675874,96.29410217,171.2115117,92.68046229,92.68046229,0,25.52829932,24.96524193,0.2930209955,23.59002149,25.72172574,25.77675874,1,0.062,0.0082,33.131,91.85304617,160.2943106,160.2943106,116.5111127,117.0542359,0,20,0,0,-85.60575583,25.77675874,25.77675874,25.77675874,3.803,0.259,0.008,0.019,96.29410217,0.027,36.161,24.9057324,25.52829932,24.9057324,0,-17.36694308,2.647,91.85304617,91.85304617,optimal,127,140,2.0,pass,92.68046229,91.85304617,91.85304617,91.85304617
diverse_rec,movielens_sample20of200_lambda1.5,20,14,1000,4,1,7,25.77675874,103.1647192,171.2115117,98.97654795,98.97654795,0,25.52829932,24.86813837,0.3365659773,23.35644708,25.64025504,25.77675874,1,0.062,0.0062,33.131,97.51353557,160.2943106,160.2943106,116.5111127,117.0542359,0,20,0,0,-85.60575583,25.77675874,25.77675874,25.77675874,3.803,0.231,0.008,0.019,103.1647192,0.027,36.161,24.9057324,25.52829932,24.9057324,0,-17.36694308,2.647,97.51353557,97.51353557,optimal,127,140,0.8,pass,98.97654795,97.51353557,97.51353557,97.51353557
diverse_rec,movielens_sample20of200_lambda1.5,20,15,1000,4,1,7,25.77675874,109.9975654,171.2115117,105.2566972,105.2566972,0,25.52829932,24.80501046,0.376853788,22.42402248,25.59653202,25.77675874,1,0.062,0.0071,33.131,101.7999332,160.2943106,160.2943106,116.5111127,117.0542359,0,20,0,0,-85.60575583,25.77675874,25.77675874,25.77675874,3.803,0.254,0.008,0.019,109.9975654,0.027,36.161,24.9057324,25.52829932,24.9057324,0,-17.36694308,2.647,101.7999332,101.7999332,optimal,127,140,1.7,pass,105.2566972,101.7999332,101.7999332,101.7999332
diverse_rec,movielens_sample20of200_lambda1.5,20,16,1000,4,1,7,25.77675874,116.583449,171.2115117,111.4029669,111.4029669,0,25.52829932,24.7544582,0.4229495315,22.25904501,25.72596068,25.77675874,1,0.062,0.0079,33.131,101.7999332,160.2943106,160.2943106,116.5111127,117.0542359,0,20,0,0,-85.60575583,25.77675874,25.77675874,25.77675874,3.803,0.226,0.008,0.019,116.5111127,0.027,36.161,24.9057324,25.52829932,24.9057324,0,-17.36694308,2.647,101.7999332,101.7999332,optimal,127,140,0.8,pass,111.4029669,101.7999332,101.7999332,101.7999332
diverse_rec,movielens_sample20of200_lambda1.5,20,17,1000,4,1,7,25.77675874,122.8795346,171.2115117,116.1040591,117.308525,5,25.52829932,24.72640804,0.4366897423,22.48493094,25.59634721,25.77675874,1,0.062,0.0069,33.131,101.7999332,160.2943106,160.2943106,116.5111127,117.0542359,0,20,0,0,-85.60575583,25.77675874,25.77675874,25.77675874,3.803,0.249,0.008,0.019,116.5111127,0.027,36.161,24.9057324,25.52829932,24.9057324,0,-17.36694308,2.647,101.7999332,101.7999332,optimal,127,140,0.8,pass,116.1040591,101.7999332,101.7999332,101.7999332
diverse_rec,movielens_sample20of200_lambda1.5,20,18,1000,4,1,7,25.77675874,129.1596839,171.2115117,116.1040591,117.308525,5,25.52829932,24.72155127,0.4322281569,22.41755843,25.5791791,25.77675874,1,0.062,0.0081,33.131,101.7999332,160.2943106,160.2943106,116.5111127,117.0542359,0,20,0,0,-85.60575583,25.77675874,25.77675874,25.77675874,3.803,0.224,0.008,0.019,116.5111127,0.027,36.161,24.9057324,25.52829932,24.9057324,0,-17.36694308,2.647,101.7999332,101.7999332,optimal,127,140,0.8,pass,116.1040591,101.7999332,101.7999332,101.7999332
diverse_rec,movielens_sample20of200_lambda1.5,20,19,1000,4,1,7,25.77675874,135.3059536,171.2115117,116.1040591,117.308525,5,25.52829932,24.67738513,0.48141497,21.57715842,25.72172574,25.77675874,1,0.062,0.0097,33.131,101.7999332,160.2943106,160.2943106,116.5111127,117.0542359,0,20,0,0,-85.60575583,25.77675874,25.77675874,25.77675874,3.803,0.245,0.008,0.019,116.5111127,0.027,36.161,24.9057324,25.52829932,24.9057324,0,-17.36694308,2.647,101.7999332,101.7999332,optimal,127,140,2.5,pass,116.1040591,101.7999332,101.7999332,101.7999332
diverse_rec,movielens_sample20of200_lambda1.5,20,20,1000,4,1,7,25.77675874,141.2115117,171.2115117,116.1040591,117.308525,5,25.52829932,24.73772755,0.4469412189,22.54248386,25.5791791,25.77675874,1,0.062,0.0098,33.131,101.7999332,160.2943106,160.2943106,116.5111127,117.0542359,0,20,0,0,-85.60575583,25.77675874,25.77675874,25.77675874,3.803,0.275,0.008,0.019,116.5111127,0.027,36.161,24.9057324,25.52829932,24.9057324,0,-17.36694308,2.647,101.7999332,101.7999332,optimal,127,140,0.8,pass,116.1040591,101.7999332,101.7999332,101.7999332
diverse_rec,movielens_sample20of200_lambda1.5,20,1,1000,5,1,2,7.910784322,7.910784322,165.513298,7.910784322,7.910784322,0,7.910784322,7.910784322,1.106649071e-06,7.910784322,7.910784322,7.910784322,1,0.024,0.0008,22.959,7.910784322,154.867594,154.867594,115.4918084,115.7338444,0,20,0,0,-82.75664902,24.71340394,24.71340394,7.910784322,2.421,0.280,0.006,0.015,7.910784322,0.011,34.547,7.910784322,7.910784322,7.910784322,0,-17.32156864,12.004,7.910784322,7.910784322,optimal,42,60,0.5,pass,7.910784322,7.910784322,7.910784322,7.910784322
diverse_rec,movielens_sample20of200_lambda1.5,20,2,1000,5,1,3,14.26995511,15.65918354,165.513298,15.58988249,15.58988249,0,14.26995511,14.07029083,0.1091267272,14.01001197,14.26995511,14.26995511,1,0.036,0.0014,22.959,15.64320481,154.867594,154.867594,115.4918084,115.7338444,0,20,0,0,-82.75664902,24.71340394,24.71340394,14.26995511,2.421,0.258,0.006,0.015,15.65918354,0.011,34.547,15.58988249,15.65918354,15.58988249,0,-17.32156864,12.004,15.63365451,15.58988249,optimal,61,78,1.5,pass,15.58988249,15.64320481,15.63365451,15.58988249
diverse_rec,movielens_sample20of200_lambda1.5,20,3,1000,5,1,4,18.95369708,23.33828171,165.513298,22.86749292,22.86749292,0,18.95369708,18.75452259,0.1635539309,18.38316163,18.95369708,18.95369708,1,0.044,0.0020,22.959,23.24877624,154.867594,154.867594,115.4918084,115.7338444,0,20,0,0,-82.75664902,24.71340394,24.71340394,18.95369708,2.421,0.257,0.006,0.015,23.33828171,0.011,34.547,22.86749292,23.33828171,22.86749292,0,-17.32156864,12.004,23.12699876,22.86749292,optimal,79,95,0.7,pass,22.86749292,23.24877624,23.12699876,22.86749292
diverse_rec,movielens_sample20of200_lambda1.5,20,4,1000,5,1,5,22.2991946,30.72792491,165.513298,30.0139551,30.0139551,0,22.2991946,21.88955273,0.2427972728,21.30078405,22.2991946,22.2991946,1,0.051,0.0021,22.959,30.519128,154.867594,154.867594,113.2141034,115.7338444,0,20,0,0,-82.75664902,24.71340394,24.71340394,22.2991946,2.421,0.290,0.006,0.015,30.72792491,0.011,34.547,23.89122086,29.09177122,23.89122086,0,-17.32156864,12.004,30.35639135,30.0139551,optimal,96,111,0.7,pass,30.0139551,30.519128,30.35639135,30.0139551
diverse_rec,movielens_sample20of200_lambda1.5,20,5,1000,5,1,6,24.05514364,38.00553534,165.513298,36.99876273,36.99876273,0,24.05514364,23.72075805,0.2031197366,23.06235321,24.05514364,24.05514364,1,0.060,0.0023,22.959,37.68318288,154.867594,154.867594,111.7232928,115.7338444,0,20,0,0,-82.75664902,24.71340394,24.71340394,24.05514364,2.421,0.288,0.006,0.015,38.00553534,0.011,34.547,23.89122086,26.29274063,23.89122086,0,-17.32156864,12.004,37.41605382,36.99876273,optimal,112,126,2.2,pass,36.99876273,37.68318288,37.41605382,36.99876273
diverse_rec,movielens_sample20of200_lambda1.5,20,6,1000,5,1,7,24.71340394,45.28137416,165.513298,43.96396918,43.96396918,0,24.62273219,24.33884723,0.186220957,23.63680668,24.71340394,24.71340394,1,0.066,0.0045,22.959,44.79765988,154.867594,154.867594,111.7232928,115.1599855,0,20,0,0,-82.75664902,24.71340394,24.71340394,24.71340394,2.421,0.267,0.006,0.015,45.28137416,0.011,34.547,23.89122086,24.62273219,23.89122086,0,-17.32156864,12.004,44.31471844,43.96396918,optimal,127,140,0.8,pass,43.96396918,44.79765988,44.31471844,43.96396918
diverse_rec,movielens_sample20of200_lambda1.5,20,7,1000,5,1,7,24.71340394,52.54468632,165.513298,50.85553836,50.85553836,0,24.62273219,24.30528001,0.1912865998,23.52646709,24.71340394,24.71340394,1,0.066,0.0057,22.959,51.69070585,154.867594,154.867594,111.7232928,115.1599855,0,20,0,0,-82.75664902,24.71340394,24.71340394,24.71340394,2.421,0.265,0.006,0.015,52.54468632,0.011,34.547,23.89122086,24.62273219,23.89122086,0,-17.32156864,12.004,51.11659837,50.85553836,optimal,127,140,0.8,pass,50.85553836,51.69070585,51.11659837,50.85553836
diverse_rec,movielens_sample20of200_lambda1.5,20,8,1000,5,1,7,24.71340394,59.6911485,165.513298,57.67451282,57.67451282,0,24.62273219,24.22797608,0.2213434772,23.3588599,24.71340394,24.71340394,1,0.066,0.0049,22.959,58.31862127,154.867594,154.867594,111.7232928,115.1599855,0,20,0,0,-82.75664902,24.71340394,24.71340394,24.71340394,2.421,0.262,0.006,0.015,59.6911485,0.011,34.547,23.89122086,24.62273219,23.89122086,0,-17.32156864,12.004,57.83446143,57.67451282,optimal,127,140,0.8,pass,57.67451282,58.31862127,57.83446143,57.67451282
diverse_rec,movielens_sample20of200_lambda1.5,20,9,1000,5,1,7,24.71340394,66.67595613,165.513298,64.3279256,64.3279256,0,24.62273219,24.16018854,0.2397075268,23.07261803,24.71340394,24.71340394,1,0.066,0.0044,22.959,64.73378599,154.867594,154.867594,111.7232928,115.1599855,0,20,0,0,-82.75664902,24.71340394,24.71340394,24.71340394,2.421,0.258,0.006,0.015,66.67595613,0.011,34.547,23.89122086,24.62273219,23.89122086,0,-17.32156864,12.004,64.36287281,64.3279256,optimal,127,140,2.1,pass,64.3279256,64.73378599,64.36287281,64.3279256
diverse_rec,movielens_sample20of200_lambda1.5,20,10,1000,5,1,7,24.71340394,73.56752531,165.513298,70.68679168,70.68679168,0,24.62273219,24.11218671,0.2575778569,23.06093758,24.70825915,24.71340394,1,0.066,0.0047,22.959,70.66613334,154.867594,154.867594,111.7232928,115.1599855,0,20,0,0,-82.75664902,24.71340394,24.71340394,24.71340394,2.421,0.263,0.006,0.015,73.56752531,0.011,34.547,23.89122086,24.62273219,23.89122086,0,-17.32156864,12.004,70.46946024,70.46946024,optimal,127,140,0.9,pass,70.68679168,70.66613334,70.46946024,70.46946024
diverse_rec,movielens_sample20of200_lambda1.5,20,11,1000,5,1,7,24.71340394,80.38649977,165.513298,76.97005493,76.97005493,0,24.62273219,24.02608294,0.274815094,23.07767453,24.70825915,24.71340394,1,0.066,0.0051,22.959,76.43353077,154.867594,154.867594,111.7232928,115.1599855,0,20,0,0,-82.75664902,24.71340394,24.71340394,24.71340394,2.421,0.260,0.006,0.015,80.38649977,0.011,34.547,23.89122086,24.62273219,23.89122086,0,-17.32156864,12.004,76.3845543,76.3845543,optimal,127,140,0.9,pass,76.97005493,76.43353077,76.3845543,76.3845543
diverse_rec,movielens_sample20of200_lambda1.5,20,12,1000,5,1,7,24.71340394,87.03991255,165.513298,83.20383578,83.20383578,0,24.62273219,23.96872906,0.3166621356,22.54940029,24.66006097,24.71340394,1,0.066,0.0071,22.959,82.04274327,154.867594,154.867594,111.7232928,115.1599855,0,20,0,0,-82.75664902,24.71340394,24.71340394,24.71340394,2.421,0.259,0.006,0.015,87.03991255,0.011,34.547,23.89122086,24.62273219,23.89122086,0,-17.32156864,12.004,82.02633139,82.02633139,optimal,127,140,1.4,pass,83.20383578,82.04274327,82.02633139,82.02633139
diverse_rec,movielens_sample20of200_lambda1.5,20,13,1000,5,1,7,24.71340394,93.39877863,165.513298,89.30919162,89.30919162,0,24.62273219,23.92522193,0.3442414572,22.22469206,24.69846905,24.71340394,1,0.066,0.0075,22.959,87.49982748,154.867594,154.867594,111.7232928,115.1599855,0,20,0,0,-82.75664902,24.71340394,24.71340394,24.71340394,2.421,0.268,0.006,0.015,93.39877863,0.011,34.547,23.89122086,24.62273219,23.89122086,0,-17.32156864,12.004,87.49982748,87.49982748,optimal,127,140,2.2,pass,89.30919162,87.49982748,87.49982748,87.49982748
diverse_rec,movielens_sample20of200_lambda1.5,20,14,1000,5,1,7,24.71340394,99.68204188,165.513298,95.34724786,95.34724786,0,24.62273219,23.83683566,0.3546100679,22.07804214,24.62282606,24.71340394,1,0.066,0.0069,22.959,92.7686149,154.867594,154.867594,111.7232928,115.1599855,0,20,0,0,-82.75664902,24.71340394,24.71340394,24.71340394,2.421,0.256,0.006,0.015,99.68204188,0.011,34.547,23.89122086,24.62273219,23.89122086,0,-17.32156864,12.004,92.7686149,92.7686149,optimal,127,140,1.4,pass,95.34724786,92.7686149,92.7686149,92.7686149
diverse_rec,movielens_sample20of200_lambda1.5,20,15,1000,5,1,7,24.71340394,105.9158227,165.513298,101.3356284,101.3356284,0,24.62273219,23.77874863,0.3905577943,22.17406456,24.62672389,24.71340394,1,0.066,0.0064,22.959,96.90803715,154.867594,154.867594,111.7232928,115.1599855,0,20,0,0,-82.75664902,24.71340394,24.71340394,24.71340394,2.421,0.256,0.006,0.015,105.9158227,0.011,34.547,23.89122086,24.62273219,23.89122086,0,-17.32156864,12.004,96.90803715,96.90803715,optimal,127,140,1.2,pass,101.3356284,96.90803715,96.90803715,96.90803715
diverse_rec,movielens_sample20of200_lambda1.5,20,16,1000,5,1,7,24.71340394,112.0211786,165.513298,107.1567804,107.1567804,0,24.62273219,23.73308885,0.419082464,21.69580477,24.54578881,24.71340394,1,0.066,0.0066,22.959,96.90803715,154.867594,154.867594,111.7232928,115.1599855,0,20,0,0,-82.75664902,24.71340394,24.71340394,24.71340394,2.421,0.255,0.006,0.015,111.7232928,0.011,34.547,23.89122086,24.62273219,23.89122086,0,-17.32156864,12.004,96.90803715,96.90803715,optimal,127,140,1.0,pass,107.1567804,96.90803715,96.90803715,96.90803715
diverse_rec,movielens_sample20of200_lambda1.5,20,17,1000,5,1,7,24.71340394,118.0592348,165.513298,111.5485575,112.8013111,4,24.62273219,23.69465318,0.4417833661,21.96916281,24.69614928,24.71340394,1,0.066,0.0068,22.959,96.90803715,154.867594,154.867594,111.7232928,115.1599855,0,20,0,0,-82.75664902,24.71340394,24.71340394,24.71340394,2.421,0.254,0.006,0.015,111.7232928,0.011,34.547,23.89122086,24.62273219,23.89122086,0,-17.32156864,12.004,96.90803715,96.90803715,optimal,127,140,2.1,pass,111.5485575,96.90803715,96.90803715,96.90803715
diverse_rec,movielens_sample20of200_lambda1.5,20,18,1000,5,1,7,24.71340394,124.0476154,165.513298,111.5485575,112.8013111,4,24.62273219,23.65008579,0.4587272518,21.28632071,24.55864436,24.71340394,1,0.066,0.0098,22.959,96.90803715,154.867594,154.867594,111.7232928,115.1599855,0,20,0,0,-82.75664902,24.71340394,24.71340394,24.71340394,2.421,0.246,0.006,0.015,111.7232928,0.011,34.547,23.89122086,24.62273219,23.89122086,0,-17.32156864,12.004,96.90803715,96.90803715,optimal,127,140,0.8,pass,111.5485575,96.90803715,96.90803715,96.90803715
diverse_rec,movielens_sample20of200_lambda1.5,20,19,1000,5,1,7,24.71340394,129.8687673,165.513298,111.5485575,112.8013111,4,24.62273219,23.64955803,0.4770342749,21.11792874,24.57091165,24.71340394,1,0.066,0.0092,22.959,96.90803715,154.867594,154.867594,111.7232928,115.1599855,0,20,0,0,-82.75664902,24.71340394,24.71340394,24.71340394,2.421,0.244,0.006,0.015,111.7232928,0.011,34.547,23.89122086,24.62273219,23.89122086,0,-17.32156864,12.004,96.90803715,96.90803715,optimal,127,140,0.8,pass,111.5485575,96.90803715,96.90803715,96.90803715
diverse_rec,movielens_sample20of200_lambda1.5,20,20,1000,5,1,7,24.71340394,135.513298,165.513298,111.5485575,112.8013111,4,24.62273219,23.66391006,0.4524959068,21.70407088,24.61526626,24.71340394,1,0.066,0.0083,22.959,96.90803715,154.867594,154.867594,111.7232928,115.1599855,0,20,0,0,-82.75664902,24.71340394,24.71340394,24.71340394,2.421,0.294,0.006,0.015,111.7232928,0.011,34.547,23.89122086,24.62273219,23.89122086,0,-17.32156864,12.004,96.90803715,96.90803715,optimal,127,140,1.2,pass,111.5485575,96.90803715,96.90803715,96.90803715
diverse_rec,movielens_sample20of200_lambda1.5,20,1,1000,6,1,2,8.16981541,8.16981541,166.4497087,8.16981541,8.16981541,0,8.16981541,8.16981541,0,8.16981541,8.16981541,8.16981541,1,0.045,0.0012,28.331,8.16981541,156.61929,156.61929,114.966982,114.0540026,0,20,0,0,-83.22485435,24.89061723,24.89061723,8.16981541,16.760,0.271,0.006,0.018,8.16981541,0.009,35.985,8.16981541,8.16981541,8.16981541,0,-17.83963082,17.905,8.16981541,8.16981541,optimal,42,60,1.5,pass,8.16981541,8.16981541,8.16981541,8.16981541
diverse_rec,movielens_sample20of200_lambda1.5,20,2,1000,6,1,3,14.30271077,15.87882394,166.4497087,15.84505399,15.84505399,0,14.30271077,14.17133741,0.2033102418,13.82235816,14.30271077,14.30271077,1,0.058,0.0014,28.331,15.84674857,156.61929,156.61929,114.966982,114.0540026,0,20,0,0,-83.22485435,24.89061723,24.89061723,14.30271077,16.760,0.243,0.006,0.018,15.87882394,0.009,35.985,15.84505399,15.87882394,15.84505399,0,-17.83963082,17.905,15.84228854,15.84228854,optimal,61,78,0.7,pass,15.84505399,15.84674857,15.84228854,15.84228854
diverse_rec,movielens_sample20of200_lambda1.5,20,3,1000,6,1,4,18.88492274,23.55406252,166.4497087,23.20658288,23.20658288,0,18.85886064,18.69178853,0.167406038,18.26859988,18.88492274,18.88492274,1,0.069,0.0034,28.331,23.43888378,156.61929,156.61929,114.966982,114.0540026,0,20,0,0,-83.22485435,24.89061723,24.89061723,18.88492274,16.760,0.260,0.006,0.018,23.55406252,0.009,35.985,23.20658288,23.55406252,23.20658288,0,-17.83963082,17.905,23.33123159,23.20658288,optimal,79,95,0.7,pass,23.20658288,23.43888378,23.33123159,23.20658288
diverse_rec,movielens_sample20of200_lambda1.5,20,4,1000,6,1,5,22.19812167,31.00266459,166.4497087,30.43666767,30.43666767,0,22.19812167,21.82442318,0.1805435706,21.27278181,22.19812167,22.19812167,1,0.080,0.0025,28.331,30.78989833,156.61929,156.61929,114.251587,114.0540026,0,20,0,0,-83.22485435,24.89061723,24.89061723,22.19812167,16.760,0.263,0.006,0.018,31.00266459,0.009,35.985,23.2811718,28.9774337,23.2811718,0,-17.83963082,17.905,30.59223988,30.43666767,optimal,96,111,0.7,pass,30.43666767,30.78989833,30.59223988,30.43666767
diverse_rec,movielens_sample20of200_lambda1.5,20,5,1000,6,1,6,24.21570831,38.36419347,166.4497087,37.66594583,37.66594583,0,24.01771144,23.66965502,0.1674453254,23.21723923,24.21570831,24.21570831,1,0.089,0.0023,28.331,38.07103449,156.61929,156.61929,112.4319973,114.0540026,0,20,0,0,-83.22485435,24.89061723,24.89061723,24.21570831,16.760,0.266,0.006,0.018,38.36419347,0.009,35.985,23.2811718,26.98436544,23.2811718,0,-17.83963082,17.905,37.79272552,37.66594583,optimal,112,126,0.8,pass,37.66594583,38.07103449,37.79272552,37.66594583
diverse_rec,movielens_sample20of200_lambda1.5,20,6,1000,6,1,7,24.89061723,45.71235275,166.4497087,44.69542075,44.69542075,0,24.68177341,24.38282614,0.1656855793,23.92045356,24.89061723,24.89061723,1,0.098,0.0044,28.331,45.30476062,156.61929,156.61929,112.4319973,114.0540026,0,20,0,0,-83.22485435,24.89061723,24.89061723,24.89061723,16.760,0.272,0.006,0.018,45.71235275,0.009,35.985,23.2811718,24.68177341,23.2811718,0,-17.83963082,17.905,44.87261631,44.69542075,optimal,127,140,0.8,pass,44.69542075,45.30476062,44.87261631,44.69542075
diverse_rec,movielens_sample20of200_lambda1.5,20,7,1000,6,1,7,24.89061723,53.01173122,166.4497087,51.60606489,51.60606489,0,24.68177341,24.32806274,0.1952598042,23.39758368,24.89061723,24.89061723,1,0.098,0.0051,28.331,52.46816523,156.61929,156.61929,112.4319973,114.0540026,0,20,0,0,-83.22485435,24.89061723,24.89061723,24.89061723,16.760,0.265,0.006,0.018,53.01173122,0.009,35.985,23.2811718,24.68177341,23.2811718,0,-17.83963082,17.905,51.67014771,51.60606489,optimal,127,140,1.9,pass,51.60606489,52.46816523,51.67014771,51.60606489
diverse_rec,movielens_sample20of200_lambda1.5,20,8,1000,6,1,7,24.89061723,60.24181602,166.4497087,58.43560334,58.43560334,0,24.68177341,24.27872326,0.1963277649,23.58533247,24.88386186,24.89061723,1,0.098,0.0053,28.331,59.37529174,156.61929,156.61929,112.4319973,114.0540026,0,20,0,0,-83.22485435,24.89061723,24.89061723,24.89061723,16.760,0.275,0.006,0.018,60.24181602,0.009,35.985,23.2811718,24.68177341,23.2811718,0,-17.83963082,17.905,58.38915546,58.38915546,optimal,127,140,2.9,pass,58.43560334,59.37529174,58.38915546,58.38915546
diverse_rec,movielens_sample20of200_lambda1.5,20,9,1000,6,1,7,24.89061723,67.47109417,166.4497087,65.23796771,65.23796771,0,24.68177341,24.23415201,0.2110990812,23.4409349,24.89061723,24.89061723,1,0.098,0.0062,28.331,66.02182655,156.61929,156.61929,112.4319973,114.0540026,0,20,0,0,-83.22485435,24.89061723,24.89061723,24.89061723,16.760,0.242,0.006,0.018,67.47109417,0.009,35.985,23.2811718,24.68177341,23.2811718,0,-17.83963082,17.905,65.08030174,65.08030174,optimal,127,140,0.8,pass,65.23796771,66.02182655,65.08030174,65.08030174
diverse_rec,movielens_sample20of200_lambda1.5,20,10,1000,6,1,7,24.89061723,74.38173831,166.4497087,71.71129901,71.71129901,0,24.68177341,24.18524481,0.2296637425,23.12515963,24.75803254,24.89061723,1,0.098,0.0049,28.331,72.46326355,156.61929,156.61929,112.4319973,114.0540026,0,20,0,0,-83.22485435,24.89061723,24.89061723,24.89061723,16.760,0.268,0.006,0.018,74.38173831,0.009,35.985,23.2811718,24.68177341,23.2811718,0,-17.83963082,17.905,71.4134891,71.4134891,optimal,127,140,0.8,pass,71.71129901,72.46326355,71.4134891,71.4134891
diverse_rec,movielens_sample20of200_lambda1.5,20,11,1000,6,1,7,24.89061723,81.21127676,166.4497087,78.14563832,78.14563832,0,24.68177341,24.12406318,0.2783542874,22.82016894,24.85862267,24.89061723,1,0.098,0.0063,28.331,78.5238694,156.61929,156.61929,112.4319973,114.0540026,0,20,0,0,-83.22485435,24.89061723,24.89061723,24.89061723,16.760,0.260,0.006,0.018,81.21127676,0.009,35.985,23.2811718,24.68177341,23.2811718,0,-17.83963082,17.905,77.64907345,77.64907345,optimal,127,140,1.8,pass,78.14563832,78.5238694,77.64907345,77.64907345
diverse_rec,movielens_sample20of200_lambda1.5,20,12,1000,6,1,7,24.89061723,88.01364113,166.4497087,84.34373094,84.34373094,0,24.68177341,24.07964732,0.2747251546,22.91317393,24.75155355,24.89061723,1,0.098,0.0062,28.331,84.2723377,156.61929,156.61929,112.4319973,114.0540026,0,20,0,0,-83.22485435,24.89061723,24.89061723,24.89061723,16.760,0.261,0.006,0.018,88.01364113,0.009,35.985,23.2811718,24.68177341,23.2811718,0,-17.83963082,17.905,83.63496267,83.63496267,optimal,127,140,0.8,pass,84.34373094,84.2723377,83.63496267,83.63496267
diverse_rec,movielens_sample20of200_lambda1.5,20,13,1000,6,1,7,24.89061723,94.48697243,166.4497087,90.48236452,90.48236452,0,24.68177341,24.04572497,0.2916051224,22.93467221,24.71521563,24.89061723,1,0.098,0.0059,28.331,89.70291027,156.61929,156.61929,112.4319973,114.0540026,0,20,0,0,-83.22485435,24.89061723,24.89061723,24.89061723,16.760,0.267,0.006,0.018,94.48697243,0.009,35.985,23.2811718,24.68177341,23.2811718,0,-17.83963082,17.905,89.21461291,89.21461291,optimal,127,140,2.2,pass,90.48236452,89.70291027,89.21461291,89.21461291
diverse_rec,movielens_sample20of200_lambda1.5,20,14,1000,6,1,7,24.89061723,100.9213117,166.4497087,96.51201955,96.51201955,0,24.68177341,23.99448902,0.3357426785,22.38898056,24.78017008,24.89061723,1,0.098,0.0065,28.331,94.89586809,156.61929,156.61929,112.4319973,114.0540026,0,20,0,0,-83.22485435,24.89061723,24.89061723,24.89061723,16.760,0.239,0.006,0.018,100.9213117,0.009,35.985,23.2811718,24.68177341,23.2811718,0,-17.83963082,17.905,94.52320875,94.52320875,optimal,127,140,0.8,pass,96.51201955,94.89586809,94.52320875,94.52320875
diverse_rec,movielens_sample20of200_lambda1.5,20,15,1000,6,1,7,24.89061723,107.1194044,166.4497087,102.3891518,102.3891518,0,24.68177341,23.91175216,0.3635524912,22.34205565,24.89061723,24.89061723,1,0.098,0.0072,28.331,98.68840632,156.61929,156.61929,112.4319973,114.0540026,0,20,0,0,-83.22485435,24.89061723,24.89061723,24.89061723,16.760,0.221,0.006,0.018,107.1194044,0.009,35.985,23.2811718,24.68177341,23.2811718,0,-17.83963082,17.905,98.66238806,98.66238806,optimal,127,140,0.8,pass,102.3891518,98.68840632,98.66238806,98.66238806
diverse_rec,movielens_sample20of200_lambda1.5,20,16,1000,6,1,7,24.89061723,113.2580379,166.4497087,108.1107129,108.1107129,0,24.68177341,23.88740142,0.395785463,21.75869106,24.72347848,24.89061723,1,0.098,0.0072,28.331,98.68840632,156.61929,156.61929,112.4319973,114.0540026,0,20,0,0,-83.22485435,24.89061723,24.89061723,24.89061723,16.760,0.248,0.006,0.018,112.4319973,0.009,35.985,23.2811718,24.68177341,23.2811718,0,-17.83963082,17.905,98.66238806,98.66238806,optimal,127,140,0.8,pass,108.1107129,98.68840632,98.66238806,98.66238806
diverse_rec,movielens_sample20of200_lambda1.5,20,17,1000,6,1,7,24.89061723,119.287693,166.4497087,112.1628316,113.6740353,5,24.68177341,23.85047555,0.4220038886,21.80539352,24.62767352,24.89061723,1,0.098,0.0072,28.331,98.68840632,156.61929,156.61929,112.4319973,114.0540026,0,20,0,0,-83.22485435,24.89061723,24.89061723,24.89061723,16.760,0.225,0.006,0.018,112.4319973,0.009,35.985,23.2811718,24.68177341,23.2811718,0,-17.83963082,17.905,98.66238806,98.66238806,optimal,127,140,0.8,pass,112.1628316,98.68840632,98.66238806,98.66238806
diverse_rec,movielens_sample20of200_lambda1.5,20,18,1000,6,1,7,24.89061723,125.1648252,166.4497087,112.1628316,113.6740353,5,24.68177341,23.84528217,0.4142909018,21.74650785,24.69467697,24.89061723,1,0.098,0.0076,28.331,98.68840632,156.61929,156.61929,112.4319973,114.0540026,0,20,0,0,-83.22485435,24.89061723,24.89061723,24.89061723,16.760,0.232,0.006,0.018,112.4319973,0.009,35.985,23.2811718,24.68177341,23.2811718,0,-17.83963082,17.905,98.66238806,98.66238806,optimal,127,140,0.8,pass,112.1628316,98.68840632,98.66238806,98.66238806
diverse_rec,movielens_sample20of200_lambda1.5,20,19,1000,6,1,7,24.89061723,130.8863864,166.4497087,112.1628316,113.6740353,5,24.68177341,23.83654535,0.4248628276,21.26870869,24.65637397,24.89061723,1,0.098,0.0081,28.331,98.68840632,156.61929,156.61929,112.4319973,114.0540026,0,20,0,0,-83.22485435,24.89061723,24.89061723,24.89061723,16.760,0.240,0.006,0.018,112.4319973,0.009,35.985,23.2811718,24.68177341,23.2811718,0,-17.83963082,17.905,98.66238806,98.66238806,optimal,127,140,0.8,pass,112.1628316,98.68840632,98.66238806,98.66238806
diverse_rec,movielens_sample20of200_lambda1.5,20,20,1000,6,1,7,24.89061723,136.4497087,166.4497087,112.1628316,113.6740353,5,24.68177341,23.81231714,0.4384741107,21.97806464,24.69467697,24.89061723,1,0.098,0.0125,28.331,98.68840632,156.61929,156.61929,112.4319973,114.0540026,0,20,0,0,-83.22485435,24.89061723,24.89061723,24.89061723,16.760,0.271,0.006,0.018,112.4319973,0.009,35.985,23.2811718,24.68177341,23.2811718,0,-17.83963082,17.905,98.66238806,98.66238806,optimal,127,140,0.8,pass,112.1628316,98.68840632,98.66238806,98.66238806
diverse_rec,movielens_sample20of200_lambda1.5,20,1,1000,7,1,2,8.504139193,8.504139193,175.5524016,8.504139193,8.504139193,0,8.504139193,8.504139193,0,8.504139193,8.504139193,8.504139193,1,0.035,0.0005,27.983,8.504139193,163.9075946,163.9075946,123.9461634,121.8418825,0,20,0,0,-87.77620081,26.55354971,26.55354971,8.504139193,24.543,0.295,0.007,0.015,8.504139193,0.009,70.854,8.504139193,8.504139193,8.504139193,0,-18.50827839,0.434,8.504139193,8.504139193,optimal,42,60,0.5,pass,8.504139193,8.504139193,8.504139193,8.504139193
diverse_rec,movielens_sample20of200_lambda1.5,20,2,1000,7,1,3,15.27362095,16.9960793,175.5524016,16.72668025,16.72668025,0,15.27299128,15.14886732,0.125144992,15.0128531,15.27362095,15.27362095,1,0.048,0.0008,27.983,16.97255879,163.9075946,163.9075946,123.9461634,121.8418825,0,20,0,0,-87.77620081,26.55354971,26.55354971,15.27362095,24.543,0.284,0.007,0.015,16.9960793,0.009,70.854,16.72668025,16.9960793,16.72668025,0,-18.50827839,0.434,16.92742254,16.72668025,optimal,61,78,0.9,pass,16.72668025,16.97255879,16.92742254,16.72668025
diverse_rec,movielens_sample20of200_lambda1.5,20,3,1000,7,1,4,20.2721669,25.21862035,175.5524016,24.62068105,24.62068105,0,20.2721669,20.10661993,0.1248034682,19.79213954,20.2721669,20.2721669,1,0.059,0.0012,27.983,25.17198892,163.9075946,163.9075946,123.9461634,121.8418825,0,20,0,0,-87.77620081,26.55354971,26.55354971,20.2721669,24.543,0.415,0.007,0.015,25.21862035,0.009,70.854,24.62068105,25.21862035,24.62068105,0,-18.50827839,0.434,25.06095254,24.62068105,optimal,79,95,2.1,pass,24.62068105,25.17198892,25.06095254,24.62068105
diverse_rec,movielens_sample20of200_lambda1.5,20,4,1000,7,1,5,23.81536463,33.41177606,175.5524016,32.17564598,32.17564598,0,23.81536463,23.4703457,0.193069585,22.93311889,23.81536463,23.81536463,1,0.070,0.0018,27.983,33.23625698,163.9075946,163.9075946,121.737037,121.8418825,0,20,0,0,-87.77620081,26.55354971,26.55354971,23.81536463,24.543,0.345,0.007,0.015,33.41177606,0.009,70.854,25.48999794,31.32051805,25.48999794,0,-18.50827839,0.434,32.63307623,32.17564598,optimal,96,111,0.7,pass,32.17564598,33.23625698,32.63307623,32.17564598
diverse_rec,movielens_sample20of200_lambda1.5,20,5,1000,7,1,6,25.87263226,41.30577686,175.5524016,39.70461397,39.70461397,0,25.87263227,25.42727696,0.1686848249,24.91470142,25.87263227,25.87263227,1,0.079,0.0023,27.983,40.99747134,163.9075946,163.9075946,119.6797694,121.8418825,0,20,0,0,-87.77620081,26.55354971,26.55354971,25.87263227,24.543,0.316,0.007,0.015,41.30577686,0.009,70.854,25.48999794,28.48414321,25.48999794,0,-18.50827839,0.434,40.0975491,39.70461397,optimal,112,126,2.1,pass,39.70461397,40.99747134,40.0975491,39.70461397
diverse_rec,movielens_sample20of200_lambda1.5,20,6,1000,7,1,7,26.55354971,49.11135858,175.5524016,47.00178282,47.00178282,0,26.43440405,26.13782913,0.171451406,25.48563486,26.51897535,26.55354971,1,0.091,0.0036,27.983,48.4399411,163.9075946,163.9075946,119.6797694,121.8418825,0,20,0,0,-87.77620081,26.55354971,26.55354971,26.55354971,24.543,0.308,0.007,0.015,49.11135858,0.009,70.854,25.48999794,26.43440405,25.48999794,0,-18.50827839,0.434,47.37110151,47.00178282,optimal,127,140,0.8,pass,47.00178282,48.4399411,47.37110151,47.00178282
diverse_rec,movielens_sample20of200_lambda1.5,20,7,1000,7,1,7,26.55354971,56.6663235,175.5524016,54.2833974,54.2833974,0,26.43440405,26.09546912,0.1887050766,25.48563486,26.55354971,26.55354971,1,0.091,0.0039,27.983,55.71699598,163.9075946,163.9075946,119.6797694,121.8418825,0,20,0,0,-87.77620081,26.55354971,26.55354971,26.55354971,24.543,0.320,0.007,0.015,56.6663235,0.009,70.854,25.48999794,26.43440405,25.48999794,0,-18.50827839,0.434,54.62593522,54.2833974,optimal,127,140,0.8,pass,54.2833974,55.71699598,54.62593522,54.2833974
diverse_rec,movielens_sample20of200_lambda1.5,20,8,1000,7,1,7,26.55354971,64.1952915,175.5524016,61.52567004,61.52567004,0,26.43440405,26.02399785,0.2096024436,25.20996803,26.55354971,26.55354971,1,0.091,0.0040,27.983,62.77064028,163.9075946,163.9075946,119.6797694,121.8418825,0,20,0,0,-87.77620081,26.55354971,26.55354971,26.55354971,24.543,0.291,0.007,0.015,64.1952915,0.009,70.854,25.48999794,26.43440405,25.48999794,0,-18.50827839,0.434,61.84705853,61.52567004,optimal,127,140,2.0,pass,61.52567004,62.77064028,61.84705853,61.52567004
diverse_rec,movielens_sample20of200_lambda1.5,20,9,1000,7,1,7,26.55354971,71.49246035,175.5524016,68.72598029,68.72598029,0,26.43440405,25.98456415,0.2293473992,24.98165872,26.55354971,26.55354971,1,0.091,0.0049,27.983,69.79292587,163.9075946,163.9075946,119.6797694,121.8418825,0,20,0,0,-87.77620081,26.55354971,26.55354971,26.55354971,24.543,0.262,0.007,0.015,71.49246035,0.009,70.854,25.48999794,26.43440405,25.48999794,0,-18.50827839,0.434,69.02362018,68.72598029,optimal,127,140,2.1,pass,68.72598029,69.79292587,69.02362018,68.72598029
diverse_rec,movielens_sample20of200_lambda1.5,20,10,1000,7,1,7,26.55354971,78.77407493,175.5524016,75.90165355,75.90165355,0,26.43440405,25.94214447,0.2421271258,25.15467713,26.55354971,26.55354971,1,0.091,0.0049,27.983,76.69677954,163.9075946,163.9075946,119.6797694,121.8418825,0,20,0,0,-87.77620081,26.55354971,26.55354971,26.55354971,24.543,0.301,0.007,0.015,78.77407493,0.009,70.854,25.48999794,26.43440405,25.48999794,0,-18.50827839,0.434,76.17029444,75.90165355,optimal,127,140,0.8,pass,75.90165355,76.69677954,76.17029444,75.90165355
diverse_rec,movielens_sample20of200_lambda1.5,20,11,1000,7,1,7,26.55354971,86.01634756,175.5524016,82.92563526,82.92563526,0,26.43440405,25.87079063,0.2679719584,24.59792576,26.48325073,26.55354971,1,0.091,0.0059,27.983,83.28678808,163.9075946,163.9075946,119.6797694,121.8418825,0,20,0,0,-87.77620081,26.55354971,26.55354971,26.55354971,24.543,0.287,0.007,0.015,86.01634756,0.009,70.854,25.48999794,26.43440405,25.48999794,0,-18.50827839,0.434,82.82364152,82.82364152,optimal,127,140,0.8,pass,82.92563526,83.28678808,82.82364152,82.82364152
diverse_rec,movielens_sample20of200_lambda1.5,20,12,1000,7,1,7,26.55354971,93.21665781,175.5524016,89.72555576,89.72555576,0,26.43440405,25.82075316,0.2925674573,24.50647008,26.51897535,26.55354971,1,0.091,0.0064,27.983,89.54277926,163.9075946,163.9075946,119.6797694,121.8418825,0,20,0,0,-87.77620081,26.55354971,26.55354971,26.55354971,24.543,0.283,0.007,0.015,93.21665781,0.009,70.854,25.48999794,26.43440405,25.48999794,0,-18.50827839,0.434,89.28618612,89.28618612,optimal,127,140,0.8,pass,89.72555576,89.54277926,89.28618612,89.28618612
diverse_rec,movielens_sample20of200_lambda1.5,20,13,1000,7,1,7,26.55354971,100.3923311,175.5524016,96.47000451,96.47000451,0,26.43440405,25.75592421,0.3442562394,24.24353269,26.55354971,26.55354971,1,0.091,0.0064,27.983,95.46591627,163.9075946,163.9075946,119.6797694,121.8418825,0,20,0,0,-87.77620081,26.55354971,26.55354971,26.55354971,24.543,0.276,0.007,0.015,100.3923311,0.009,70.854,25.48999794,26.43440405,25.48999794,0,-18.50827839,0.434,95.44683392,95.44683392,optimal,127,140,0.8,pass,96.47000451,95.46591627,95.44683392,95.44683392
diverse_rec,movielens_sample20of200_lambda1.5,20,14,1000,7,1,7,26.55354971,107.4163128,175.5524016,103.029363,103.029363,0,26.43440405,25.6806943,0.36233699,23.98748131,26.44918842,26.55354971,1,0.091,0.0072,27.983,101.1216136,163.9075946,163.9075946,119.6797694,121.8418825,0,20,0,0,-87.77620081,26.55354971,26.55354971,26.55354971,24.543,0.250,0.007,0.015,107.4163128,0.009,70.854,25.48999794,26.43440405,25.48999794,0,-18.50827839,0.434,101.1215343,101.1215343,optimal,127,140,0.8,pass,103.029363,101.1216136,101.1215343,101.1215343
diverse_rec,movielens_sample20of200_lambda1.5,20,15,1000,7,1,7,26.55354971,114.2162333,175.5524016,109.5068205,109.5068205,0,26.43440405,25.63625573,0.3925842529,23.96092544,26.45695036,26.55354971,1,0.091,0.0065,27.983,104.7362083,163.9075946,163.9075946,119.6797694,121.8418825,0,20,0,0,-87.77620081,26.55354971,26.55354971,26.55354971,24.543,0.263,0.007,0.015,114.2162333,0.009,70.854,25.48999794,26.43440405,25.48999794,0,-18.50827839,0.434,104.7362083,104.7362083,optimal,127,140,2.4,pass,109.5068205,104.7362083,104.7362083,104.7362083
diverse_rec,movielens_sample20of200_lambda1.5,20,16,1000,7,1,7,26.55354971,120.960682,175.5524016,115.6981716,115.6981716,0,26.43440405,25.57169314,0.461020106,22.64896228,26.44452488,26.55354971,1,0.091,0.0077,27.983,104.7362083,163.9075946,163.9075946,119.6797694,121.8418825,0,20,0,0,-87.77620081,26.55354971,26.55354971,26.55354971,24.543,0.263,0.007,0.015,119.6797694,0.009,70.854,25.48999794,26.43440405,25.48999794,0,-18.50827839,0.434,104.7362083,104.7362083,optimal,127,140,0.8,pass,115.6981716,104.7362083,104.7362083,104.7362083
diverse_rec,movielens_sample20of200_lambda1.5,20,17,1000,7,1,7,26.55354971,127.5200405,175.5524016,119.676169,121.0617241,5,26.43440405,25.51546433,0.4760219365,22.59358683,26.43643997,26.55354971,1,0.091,0.0094,27.983,104.7362083,163.9075946,163.9075946,119.6797694,121.8418825,0,20,0,0,-87.77620081,26.55354971,26.55354971,26.55354971,24.543,0.241,0.007,0.015,119.6797694,0.009,70.854,25.48999794,26.43440405,25.48999794,0,-18.50827839,0.434,104.7362083,104.7362083,optimal,127,140,2.2,pass,119.676169,104.7362083,104.7362083,104.7362083
diverse_rec,movielens_sample20of200_lambda1.5,20,18,1000,7,1,7,26.55354971,133.997498,175.5524016,119.676169,121.326863,5,26.43440405,25.51362796,0.4656367548,23.33810827,26.43532215,26.55354971,1,0.091,0.0071,27.983,104.7362083,163.9075946,163.9075946,119.6797694,121.8418825,0,20,0,0,-87.77620081,26.55354971,26.55354971,26.55354971,24.543,0.226,0.007,0.015,119.6797694,0.009,70.854,25.48999794,26.43440405,25.48999794,0,-18.50827839,0.434,104.7362083,104.7362083,optimal,127,140,0.8,pass,119.676169,104.7362083,104.7362083,104.7362083
diverse_rec,movielens_sample20of200_lambda1.5,20,19,1000,7,1,7,26.55354971,140.1888491,175.5524016,119.676169,121.326863,5,26.43440405,25.48821447,0.4647352313,22.9419724,26.37698118,26.55354971,1,0.091,0.0071,27.983,104.7362083,163.9075946,163.9075946,119.6797694,121.8418825,0,20,0,0,-87.77620081,26.55354971,26.55354971,26.55354971,24.543,0.236,0.007,0.015,119.6797694,0.009,70.854,25.48999794,26.43440405,25.48999794,0,-18.50827839,0.434,104.7362083,104.7362083,optimal,127,140,0.8,pass,119.676169,104.7362083,104.7362083,104.7362083
diverse_rec,movielens_sample20of200_lambda1.5,20,20,1000,7,1,7,26.55354971,145.5524016,175.5524016,119.676169,121.326863,5,26.43440405,25.48393083,0.4902961235,23.32553395,26.42982871,26.55354971,1,0.091,0.0074,27.983,104.7362083,163.9075946,163.9075946,119.6797694,121.8418825,0,20,0,0,-87.77620081,26.55354971,26.55354971,26.55354971,24.543,0.285,0.007,0.015,119.6797694,0.009,70.854,25.48999794,26.43440405,25.48999794,0,-18.50827839,0.434,104.7362083,104.7362083,optimal,127,140,0.9,pass,119.676169,104.7362083,104.7362083,104.7362083
diverse_rec,movielens_sample20of200_lambda1.5,20,1,1000,8,1,2,9.351020752,9.351020752,179.6029447,9.351020752,9.351020752,0,9.351020752,9.351020752,0,9.351020752,9.351020752,9.351020752,1,0.026,0.0005,28.460,9.351020752,167.7337037,167.7337037,126.8712434,126.1152293,0,20,0,0,-89.80147234,27.45951937,27.45951937,9.351020752,0.597,0.288,0.006,0.015,9.351020752,0.012,29.855,9.351020752,9.351020752,9.351020752,0,-20.2020415,0.562,9.351020752,9.351020752,optimal,42,60,0.6,pass,9.351020752,9.351020752,9.351020752,9.351020752
diverse_rec,movielens_sample20of200_lambda1.5,20,2,1000,8,1,3,16.47519019,18.55041109,179.6029447,18.35685321,18.35685321,0,16.47519019,16.44716708,0.03516610636,16.38866203,16.47519019,16.47519019,1,0.035,0.0011,28.460,18.52346319,167.7337037,167.7337037,126.8712434,126.1152293,0,20,0,0,-89.80147234,27.45951937,27.45951937,16.47519019,0.597,0.270,0.006,0.015,18.55041109,0.012,29.855,18.35685321,18.55041109,18.35685321,0,-20.2020415,0.562,18.49573932,18.35685321,optimal,61,78,1.8,pass,18.35685321,18.52346319,18.49573932,18.35685321
diverse_rec,movielens_sample20of200_lambda1.5,20,3,1000,8,1,4,21.75606403,27.55624355,179.6029447,26.68811876,26.68811876,0,21.75606403,21.39577939,0.2050757894,21.05239684,21.75606403,21.75606403,1,0.043,0.0015,28.460,27.39310959,167.7337037,167.7337037,126.8712434,126.1152293,0,20,0,0,-89.80147234,27.45951937,27.45951937,21.75606403,0.597,0.254,0.006,0.015,27.55624355,0.012,29.855,25.96635618,27.55624355,25.96635618,0,-20.2020415,0.562,27.17633285,26.68811876,optimal,79,95,1.6,pass,26.68811876,27.39310959,27.17633285,26.68811876
diverse_rec,movielens_sample20of200_lambda1.5,20,4,1000,8,1,5,24.92474137,36.17091782,179.6029447,34.88703529,34.88703529,0,24.91127398,24.62781886,0.1971684113,24.01736589,24.92474137,24.92474137,1,0.051,0.0018,28.460,35.80590386,167.7337037,167.7337037,124.6916707,126.1152293,0,20,0,0,-89.80147234,27.45951937,27.45951937,24.92474137,0.597,0.267,0.006,0.015,36.17091782,0.012,29.855,25.96635618,31.86796081,25.96635618,0,-20.2020415,0.562,35.34995577,34.88703529,optimal,96,111,0.7,pass,34.88703529,35.80590386,35.34995577,34.88703529
diverse_rec,movielens_sample20of200_lambda1.5,20,5,1000,8,1,6,26.81051899,44.64928108,179.6029447,43.08484455,43.08484455,0,26.70854451,26.43282118,0.1776934153,25.95398791,26.81051899,26.81051899,1,0.057,0.0025,28.460,44.00005132,167.7337037,167.7337037,124.273914,126.1152293,0,20,0,0,-89.80147234,27.45951937,27.45951937,26.81051899,0.597,0.280,0.006,0.015,44.64928108,0.012,29.855,25.96635618,27.89497484,25.96635618,0,-20.2020415,0.562,43.47597825,43.08484455,optimal,112,126,0.8,pass,43.08484455,44.00005132,43.47597825,43.08484455
diverse_rec,movielens_sample20of200_lambda1.5,20,6,1000,8,1,7,27.45951937,52.98054663,179.6029447,51.11607866,51.11607866,0,27.04751018,26.89691629,0.1920438154,26.09485042,27.43552326,27.45951937,1,0.064,0.0034,28.460,51.98342781,167.7337037,167.7337037,124.273914,125.6062382,0,20,0,0,-89.80147234,27.45951937,27.45951937,27.45951937,0.597,0.288,0.006,0.015,52.98054663,0.012,29.855,25.96635618,27.04751018,25.96635618,0,-20.2020415,0.562,51.37122154,51.11607866,optimal,127,140,0.8,pass,51.11607866,51.98342781,51.37122154,51.11607866
diverse_rec,movielens_sample20of200_lambda1.5,20,7,1000,8,1,7,27.45951937,61.17946317,179.6029447,58.93366827,58.93366827,0,27.04751018,26.86851539,0.1921188215,26.23267791,27.43552326,27.45951937,1,0.064,0.0041,28.460,59.81741675,167.7337037,167.7337037,124.273914,125.6062382,0,20,0,0,-89.80147234,27.45951937,27.45951937,27.45951937,0.597,0.281,0.006,0.015,61.17946317,0.012,29.855,25.96635618,27.04751018,25.96635618,0,-20.2020415,0.562,59.08994946,58.93366827,optimal,127,140,0.8,pass,58.93366827,59.81741675,59.08994946,58.93366827
diverse_rec,movielens_sample20of200_lambda1.5,20,8,1000,8,1,7,27.45951937,69.37727243,179.6029447,66.72283403,66.72283403,0,27.04751018,26.80738615,0.2133180388,26.08809803,27.43552326,27.45951937,1,0.064,0.0045,28.460,67.32187957,167.7337037,167.7337037,124.273914,125.6062382,0,20,0,0,-89.80147234,27.45951937,27.45951937,27.45951937,0.597,0.241,0.006,0.015,69.37727243,0.012,29.855,25.96635618,27.04751018,25.96635618,0,-20.2020415,0.562,66.75187772,66.72283403,optimal,127,140,0.8,pass,66.72283403,67.32187957,66.75187772,66.72283403
diverse_rec,movielens_sample20of200_lambda1.5,20,9,1000,8,1,7,27.45951937,77.40850653,179.6029447,74.13194872,74.13194872,0,27.04751018,26.76708636,0.2368434279,25.69789496,27.43552326,27.45951937,1,0.064,0.0044,28.460,74.52267774,167.7337037,167.7337037,124.273914,125.6062382,0,20,0,0,-89.80147234,27.45951937,27.45951937,27.45951937,0.597,0.256,0.006,0.015,77.40850653,0.012,29.855,25.96635618,27.04751018,25.96635618,0,-20.2020415,0.562,74.06403137,74.06403137,optimal,127,140,0.8,pass,74.13194872,74.52267774,74.06403137,74.06403137
diverse_rec,movielens_sample20of200_lambda1.5,20,10,1000,8,1,7,27.45951937,85.22609614,179.6029447,81.2933734,81.2933734,0,27.04751018,26.73702784,0.2432182811,25.85738457,27.43552326,27.45951937,1,0.064,0.0076,28.460,81.25033321,167.7337037,167.7337037,124.273914,125.6062382,0,20,0,0,-89.80147234,27.45951937,27.45951937,27.45951937,0.597,0.259,0.006,0.015,85.22609614,0.012,29.855,25.96635618,27.04751018,25.96635618,0,-20.2020415,0.562,81.06410451,81.06410451,optimal,127,140,0.8,pass,81.2933734,81.25033321,81.06410451,81.06410451
diverse_rec,movielens_sample20of200_lambda1.5,20,11,1000,8,1,7,27.45951937,93.01526191,179.6029447,88.39507513,88.39507513,0,27.04751018,26.67594794,0.271390141,25.41497687,27.32929571,27.45951937,1,0.064,0.0057,28.460,87.76454181,167.7337037,167.7337037,124.273914,125.6062382,0,20,0,0,-89.80147234,27.45951937,27.45951937,27.45951937,0.597,0.254,0.006,0.015,93.01526191,0.012,29.855,25.96635618,27.04751018,25.96635618,0,-20.2020415,0.562,87.70583296,87.70583296,optimal,127,140,0.8,pass,88.39507513,87.76454181,87.70583296,87.70583296
diverse_rec,movielens_sample20of200_lambda1.5,20,12,1000,8,1,7,27.45951937,100.4243766,179.6029447,95.20576848,95.20576848,0,27.04751018,26.60800566,0.3035302176,25.5764874,27.26651081,27.45951937,1,0.064,0.0051,28.460,93.15708951,167.7337037,167.7337037,124.273914,125.6062382,0,20,0,0,-89.80147234,27.45951937,27.45951937,27.45951937,0.597,0.269,0.006,0.015,100.4243766,0.012,29.855,25.96635618,27.04751018,25.96635618,0,-20.2020415,0.562,93.14402558,93.14402558,optimal,127,140,1.1,pass,95.20576848,93.15708951,93.14402558,93.14402558
diverse_rec,movielens_sample20of200_lambda1.5,20,13,1000,8,1,7,27.45951937,107.5858013,179.6029447,101.3932033,101.3932033,0,27.04751018,26.57287132,0.3442887136,24.58246623,27.2508312,27.45951937,1,0.064,0.0053,28.460,98.1973387,167.7337037,167.7337037,124.273914,125.6062382,0,20,0,0,-89.80147234,27.45951937,27.45951937,27.45951937,0.597,0.263,0.006,0.015,107.5858013,0.012,29.855,25.96635618,27.04751018,25.96635618,0,-20.2020415,0.562,98.19706568,98.19706568,optimal,127,140,1.8,pass,101.3932033,98.1973387,98.19706568,98.19706568
diverse_rec,movielens_sample20of200_lambda1.5,20,14,1000,8,1,7,27.45951937,114.687503,179.6029447,107.3025792,107.3025792,0,27.04751018,26.49186593,0.3871265512,24.92929415,27.30816474,27.45951937,1,0.064,0.0062,28.460,102.7264031,167.7337037,167.7337037,124.273914,125.6062382,0,20,0,0,-89.80147234,27.45951937,27.45951937,27.45951937,0.597,0.266,0.006,0.015,114.687503,0.012,29.855,25.96635618,27.04751018,25.96635618,0,-20.2020415,0.562,102.7264031,102.7264031,optimal,127,140,0.8,pass,107.3025792,102.7264031,102.7264031,102.7264031
diverse_rec,movielens_sample20of200_lambda1.5,20,15,1000,8,1,7,27.45951937,121.4981964,179.6029447,113.1272579,113.1272579,0,27.04751018,26.42145994,0.4129744471,24.25716393,27.21416524,27.45951937,1,0.064,0.0073,28.460,106.1379218,167.7337037,167.7337037,124.273914,125.6062382,0,20,0,0,-89.80147234,27.45951937,27.45951937,27.45951937,0.597,0.232,0.006,0.015,121.4981964,0.012,29.855,25.96635618,27.04751018,25.96635618,0,-20.2020415,0.562,106.1379218,106.1379218,optimal,127,140,1.8,pass,113.1272579,106.1379218,106.1379218,106.1379218
diverse_rec,movielens_sample20of200_lambda1.5,20,16,1000,8,1,7,27.45951937,127.6856312,179.6029447,118.3792219,118.3792219,0,27.04751018,26.39596021,0.4577312831,24.08487659,27.45951937,27.45951937,1,0.064,0.0066,28.460,106.1379218,167.7337037,167.7337037,124.273914,125.6062382,0,20,0,0,-89.80147234,27.45951937,27.45951937,27.45951937,0.597,0.224,0.006,0.015,124.273914,0.012,29.855,25.96635618,27.04751018,25.96635618,0,-20.2020415,0.562,106.1379218,106.1379218,optimal,127,140,0.8,pass,118.3792219,106.1379218,106.1379218,106.1379218
diverse_rec,movielens_sample20of200_lambda1.5,20,17,1000,8,1,7,27.45951937,133.5950071,179.6029447,123.210115,123.3105168,4,27.04751018,26.36232603,0.4935631127,23.88166453,27.30387428,27.45951937,1,0.064,0.0073,28.460,106.1379218,167.7337037,167.7337037,124.273914,125.6062382,0,20,0,0,-89.80147234,27.45951937,27.45951937,27.45951937,0.597,0.253,0.006,0.015,124.273914,0.012,29.855,25.96635618,27.04751018,25.96635618,0,-20.2020415,0.562,106.1379218,106.1379218,optimal,127,140,0.8,pass,123.210115,106.1379218,106.1379218,106.1379218
diverse_rec,movielens_sample20of200_lambda1.5,20,18,1000,8,1,7,27.45951937,139.4196858,179.6029447,123.210115,124.2436574,4,27.04751018,26.31226489,0.4813501573,24.24579211,27.27932198,27.45951937,1,0.064,0.0070,28.460,106.1379218,167.7337037,167.7337037,124.273914,125.6062382,0,20,0,0,-89.80147234,27.45951937,27.45951937,27.45951937,0.597,0.230,0.006,0.015,124.273914,0.012,29.855,25.96635618,27.04751018,25.96635618,0,-20.2020415,0.562,106.1379218,106.1379218,optimal,127,140,0.8,pass,123.210115,106.1379218,106.1379218,106.1379218
diverse_rec,movielens_sample20of200_lambda1.5,20,19,1000,8,1,7,27.45951937,144.6716497,179.6029447,123.210115,124.2436574,4,27.04751018,26.30606643,0.514936996,23.72308873,27.25885173,27.45951937,1,0.064,0.0079,28.460,106.1379218,167.7337037,167.7337037,124.273914,125.6062382,0,20,0,0,-89.80147234,27.45951937,27.45951937,27.45951937,0.597,0.246,0.006,0.015,124.273914,0.012,29.855,25.96635618,27.04751018,25.96635618,0,-20.2020415,0.562,106.1379218,106.1379218,optimal,127,140,2.4,pass,123.210115,106.1379218,106.1379218,106.1379218
diverse_rec,movielens_sample20of200_lambda1.5,20,20,1000,8,1,7,27.45951937,149.6029447,179.6029447,123.210115,124.2436574,4,27.04751018,26.3059248,0.4862542032,23.66743201,27.25775668,27.45951937,1,0.064,0.0079,28.460,106.1379218,167.7337037,167.7337037,124.273914,125.6062382,0,20,0,0,-89.80147234,27.45951937,27.45951937,27.45951937,0.597,0.289,0.006,0.015,124.273914,0.012,29.855,25.96635618,27.04751018,25.96635618,0,-20.2020415,0.562,106.1379218,106.1379218,optimal,127,140,3.0,pass,123.210115,106.1379218,106.1379218,106.1379218
diverse_rec,movielens_sample20of200_lambda1.5,20,1,1000,9,1,2,8.644608638,8.644608638,168.3157954,8.644608638,8.644608638,0,8.644608638,8.644608638,0,8.644608638,8.644608638,8.644608638,1,0.028,0.0005,22.099,8.644608638,157.3193342,157.3193342,116.8384751,116.909833,0,20,0,0,-84.15789772,25.16111057,25.16111057,8.644608638,0.751,0.253,0.007,0.015,8.644608638,0.008,29.509,8.644608638,8.644608638,8.644608638,0,-18.78921728,0.688,8.644608638,8.644608638,optimal,42,60,0.5,pass,8.644608638,8.644608638,8.644608638,8.644608638
diverse_rec,movielens_sample20of200_lambda1.5,20,2,1000,9,1,3,14.65316314,16.66643232,168.3157954,16.58562432,16.58562432,0,14.65316314,14.55587033,0.1362005501,14.30042893,14.65316314,14.65316314,1,0.037,0.0008,22.099,16.609828,157.3193342,157.3193342,116.8384751,116.909833,0,20,0,0,-84.15789772,25.16111057,25.16111057,14.65316314,0.751,0.235,0.007,0.015,16.66643232,0.008,29.509,16.58562432,16.66643232,16.58562432,0,-18.78921728,0.688,16.59665634,16.58562432,optimal,61,78,0.6,pass,16.58562432,16.609828,16.59665634,16.58562432
diverse_rec,movielens_sample20of200_lambda1.5,20,3,1000,9,1,4,19.23304583,24.607448,168.3157954,24.09389523,24.09389523,0,19.13802544,19.05969484,0.1404942256,18.73119525,19.23304583,19.23304583,1,0.045,0.0012,22.099,24.44496871,157.3193342,157.3193342,116.8384751,116.909833,0,20,0,0,-84.15789772,25.16111057,25.16111057,19.23304583,0.751,0.234,0.007,0.015,24.607448,0.008,29.509,23.03862348,24.607448,23.03862348,0,-18.78921728,0.688,24.2659928,24.09389523,optimal,79,95,0.7,pass,24.09389523,24.44496871,24.2659928,24.09389523
diverse_rec,movielens_sample20of200_lambda1.5,20,4,1000,9,1,5,22.52064227,32.33081944,168.3157954,31.4381527,31.4381527,0,22.35465061,22.25522184,0.1307721339,21.79735645,22.52064227,22.52064227,1,0.053,0.0020,22.099,32.01941237,157.3193342,157.3193342,115.9611448,116.909833,0,20,0,0,-84.15789772,25.16111057,25.16111057,22.52064227,0.751,0.237,0.007,0.015,32.33081944,0.008,29.509,23.03862348,29.81261659,23.03862348,0,-18.78921728,0.688,31.592191,31.4381527,optimal,96,111,0.7,pass,31.4381527,32.01941237,31.592191,31.4381527
diverse_rec,movielens_sample20of200_lambda1.5,20,5,1000,9,1,6,24.44549494,39.87837496,168.3157954,38.37829353,38.37829353,0,24.2872557,24.11001687,0.152893255,23.5015444,24.44549494,24.44549494,1,0.060,0.0025,22.099,39.45045954,157.3193342,157.3193342,114.1798545,116.909833,0,20,0,0,-84.15789772,25.16111057,25.16111057,24.44549494,0.751,0.265,0.007,0.015,39.87837496,0.008,29.509,23.03862348,27.25530347,23.03862348,0,-18.78921728,0.688,38.53817769,38.37829353,optimal,112,126,0.7,pass,38.37829353,39.45045954,38.53817769,38.37829353
diverse_rec,movielens_sample20of200_lambda1.5,20,6,1000,9,1,7,25.16111057,47.38664588,168.3157954,45.24866322,45.24866322,0,25.0221343,24.72733133,0.1786693849,24.13154242,25.16111057,25.16111057,1,0.066,0.0035,22.099,46.75513215,157.3193342,157.3193342,114.1798545,116.909833,0,20,0,0,-84.15789772,25.16111057,25.16111057,25.16111057,0.751,0.245,0.007,0.015,47.38664588,0.008,29.509,23.03862348,25.0221343,23.03862348,0,-18.78921728,0.688,45.35521814,45.24866322,optimal,127,140,2.0,pass,45.24866322,46.75513215,45.35521814,45.24866322
diverse_rec,movielens_sample20of200_lambda1.5,20,7,1000,9,1,7,25.16111057,54.73090334,168.3157954,52.09000047,52.09000047,0,25.0221343,24.70348743,0.1946204228,24.03494506,25.14894249,25.16111057,1,0.066,0.0047,22.099,53.53000046,157.3193342,157.3193342,114.1798545,116.909833,0,20,0,0,-84.15789772,25.16111057,25.16111057,25.16111057,0.751,0.254,0.007,0.015,54.73090334,0.008,29.509,23.03862348,25.0221343,23.03862348,0,-18.78921728,0.688,52.13724222,52.09000047,optimal,127,140,0.8,pass,52.09000047,53.53000046,52.13724222,52.09000047
diverse_rec,movielens_sample20of200_lambda1.5,20,8,1000,9,1,7,25.16111057,61.67104417,168.3157954,58.88126249,58.88126249,0,25.0221343,24.65858159,0.1975400198,23.86473563,25.16111057,25.16111057,1,0.066,0.0049,22.099,60.21361683,157.3193342,157.3193342,114.1798545,116.909833,0,20,0,0,-84.15789772,25.16111057,25.16111057,25.16111057,0.751,0.244,0.007,0.015,61.67104417,0.008,29.509,23.03862348,25.0221343,23.03862348,0,-18.78921728,0.688,58.86692347,58.86692347,optimal,127,140,1.9,pass,58.88126249,60.21361683,58.86692347,58.86692347
diverse_rec,movielens_sample20of200_lambda1.5,20,9,1000,9,1,7,25.16111057,68.54141386,168.3157954,65.66422385,65.66422385,0,25.0221343,24.63552552,0.2016418543,23.92494494,25.14894249,25.16111057,1,0.066,0.0043,22.099,66.80855523,157.3193342,157.3193342,114.1798545,116.909833,0,20,0,0,-84.15789772,25.16111057,25.16111057,25.16111057,0.751,0.234,0.007,0.015,68.54141386,0.008,29.509,23.03862348,25.0221343,23.03862348,0,-18.78921728,0.688,65.53121649,65.53121649,optimal,127,140,0.8,pass,65.66422385,66.80855523,65.53121649,65.53121649
diverse_rec,movielens_sample20of200_lambda1.5,20,10,1000,9,1,7,25.16111057,75.38275111,168.3157954,72.26187965,72.26187965,0,25.0221343,24.57765542,0.2260088059,23.6319392,25.12262432,25.16111057,1,0.066,0.0052,22.099,73.1628944,157.3193342,157.3193342,114.1798545,116.909833,0,20,0,0,-84.15789772,25.16111057,25.16111057,25.16111057,0.751,0.255,0.007,0.015,75.38275111,0.008,29.509,23.03862348,25.0221343,23.03862348,0,-18.78921728,0.688,71.85883857,71.85883857,optimal,127,140,0.8,pass,72.26187965,73.1628944,71.85883857,71.85883857
diverse_rec,movielens_sample20of200_lambda1.5,20,11,1000,9,1,7,25.16111057,82.17401313,168.3157954,78.67398111,78.67398111,0,25.0221343,24.54797632,0.2386787834,23.54730406,25.12262432,25.16111057,1,0.066,0.0059,22.099,79.12231207,157.3193342,157.3193342,114.1798545,116.909833,0,20,0,0,-84.15789772,25.16111057,25.16111057,25.16111057,0.751,0.226,0.007,0.015,82.17401313,0.008,29.509,23.03862348,25.0221343,23.03862348,0,-18.78921728,0.688,78.03378553,78.03378553,optimal,127,140,0.8,pass,78.67398111,79.12231207,78.03378553,78.03378553
diverse_rec,movielens_sample20of200_lambda1.5,20,12,1000,9,1,7,25.16111057,88.95697449,168.3157954,85.06762648,85.06762648,0,25.0221343,24.47673499,0.2704612788,23.15486211,25.10042575,25.16111057,1,0.066,0.0054,22.099,84.99266557,157.3193342,157.3193342,114.1798545,116.909833,0,20,0,0,-84.15789772,25.16111057,25.16111057,25.16111057,0.751,0.248,0.007,0.015,88.95697449,0.008,29.509,23.03862348,25.0221343,23.03862348,0,-18.78921728,0.688,84.14806237,84.14806237,optimal,127,140,0.8,pass,85.06762648,84.99266557,84.14806237,84.14806237
diverse_rec,movielens_sample20of200_lambda1.5,20,13,1000,9,1,7,25.16111057,95.55463029,168.3157954,91.43963976,91.43963976,0,25.0221343,24.43692464,0.299691193,23.02450403,25.11381551,25.16111057,1,0.066,0.0057,22.099,90.57582654,157.3193342,157.3193342,114.1798545,116.909833,0,20,0,0,-84.15789772,25.16111057,25.16111057,25.16111057,0.751,0.234,0.007,0.015,95.55463029,0.008,29.509,23.03862348,25.0221343,23.03862348,0,-18.78921728,0.688,89.99209842,89.99209842,optimal,127,140,0.8,pass,91.43963976,90.57582654,89.99209842,89.99209842
diverse_rec,movielens_sample20of200_lambda1.5,20,14,1000,9,1,7,25.16111057,101.9667318,168.3157954,97.76229661,97.76229661,0,25.0221343,24.3621852,0.3439469363,22.86714114,25.14418658,25.16111057,1,0.066,0.0068,22.099,95.67658628,157.3193342,157.3193342,114.1798545,116.909833,0,20,0,0,-84.15789772,25.16111057,25.16111057,25.16111057,0.751,0.222,0.007,0.015,101.9667318,0.008,29.509,23.03862348,25.0221343,23.03862348,0,-18.78921728,0.688,95.27482002,95.27482002,optimal,127,140,1.2,pass,97.76229661,95.67658628,95.27482002,95.27482002
diverse_rec,movielens_sample20of200_lambda1.5,20,15,1000,9,1,7,25.16111057,108.3603771,168.3157954,103.7513091,103.7513091,0,25.0221343,24.3049771,0.3613635636,21.8287232,25.0825709,25.16111057,1,0.066,0.0061,22.099,99.50326239,157.3193342,157.3193342,114.1798545,116.909833,0,20,0,0,-84.15789772,25.16111057,25.16111057,25.16111057,0.751,0.245,0.007,0.015,108.3603771,0.008,29.509,23.03862348,25.0221343,23.03862348,0,-18.78921728,0.688,99.47677263,99.47677263,optimal,127,140,1.5,pass,103.7513091,99.50326239,99.47677263,99.47677263
diverse_rec,movielens_sample20of200_lambda1.5,20,16,1000,9,1,7,25.16111057,114.7323904,168.3157954,109.421504,109.421504,0,25.0221343,24.25927474,0.4080729329,22.45155343,25.0374175,25.16111057,1,0.066,0.0081,22.099,99.50326239,157.3193342,157.3193342,114.1798545,116.909833,0,20,0,0,-84.15789772,25.16111057,25.16111057,25.16111057,0.751,0.230,0.007,0.015,114.1798545,0.008,29.509,23.03862348,25.0221343,23.03862348,0,-18.78921728,0.688,99.47677263,99.47677263,optimal,127,140,1.3,pass,109.421504,99.50326239,99.47677263,99.47677263
diverse_rec,movielens_sample20of200_lambda1.5,20,17,1000,9,1,7,25.16111057,121.0550473,168.3157954,114.1011887,115.0230448,4,25.0221343,24.20790146,0.4464834897,22.15412403,25.06147373,25.16111057,1,0.066,0.0079,22.099,99.50326239,157.3193342,157.3193342,114.1798545,116.909833,0,20,0,0,-84.15789772,25.16111057,25.16111057,25.16111057,0.751,0.215,0.007,0.015,114.1798545,0.008,29.509,23.03862348,25.0221343,23.03862348,0,-18.78921728,0.688,99.47677263,99.47677263,optimal,127,140,1.0,pass,114.1011887,99.50326239,99.47677263,99.47677263
diverse_rec,movielens_sample20of200_lambda1.5,20,18,1000,9,1,7,25.16111057,127.0440598,168.3157954,114.1011887,115.9367509,4,25.0221343,24.19048854,0.4544962414,20.98911922,25.08314461,25.16111057,1,0.066,0.0071,22.099,99.50326239,157.3193342,157.3193342,114.1798545,116.909833,0,20,0,0,-84.15789772,25.16111057,25.16111057,25.16111057,0.751,0.311,0.007,0.015,114.1798545,0.008,29.509,23.03862348,25.0221343,23.03862348,0,-18.78921728,0.688,99.47677263,99.47677263,optimal,127,140,0.8,pass,114.1011887,99.50326239,99.47677263,99.47677263
diverse_rec,movielens_sample20of200_lambda1.5,20,19,1000,9,1,7,25.16111057,132.7142546,168.3157954,114.1011887,115.9367509,4,25.0221343,24.17318195,0.4581861486,21.77570505,25.0737737,25.16111057,1,0.066,0.0071,22.099,99.50326239,157.3193342,157.3193342,114.1798545,116.909833,0,20,0,0,-84.15789772,25.16111057,25.16111057,25.16111057,0.751,0.313,0.007,0.015,114.1798545,0.008,29.509,23.03862348,25.0221343,23.03862348,0,-18.78921728,0.688,99.47677263,99.47677263,optimal,127,140,0.9,pass,114.1011887,99.50326239,99.47677263,99.47677263
diverse_rec,movielens_sample20of200_lambda1.5,20,20,1000,9,1,7,25.16111057,138.3157954,168.3157954,114.1011887,115.9367509,4,25.0221343,24.16676208,0.4585311976,21.93582799,25.01423825,25.16111057,1,0.066,0.0083,22.099,99.50326239,157.3193342,157.3193342,114.1798545,116.909833,0,20,0,0,-84.15789772,25.16111057,25.16111057,25.16111057,0.751,0.365,0.007,0.015,114.1798545,0.008,29.509,23.03862348,25.0221343,23.03862348,0,-18.78921728,0.688,99.47677263,99.47677263,optimal,127,140,0.8,pass,114.1011887,99.50326239,99.47677263,99.47677263
