problem,instance,seed,k,prefix,size,f_S,penalty_S,dual_S,bound_S
diverse_rec,movielens_sample20of200_lambda0.5,0,1,0,0,0,0,9.019434616,9.019434616
diverse_rec,movielens_sample20of200_lambda0.5,0,1,1,1,9.019434616,0,8.424055518,17.44349013
diverse_rec,movielens_sample20of200_lambda0.5,0,2,0,0,0,0,17.44349013,17.44349013
diverse_rec,movielens_sample20of200_lambda0.5,0,2,1,1,9.019434616,0,15.83176318,24.8511978
diverse_rec,movielens_sample20of200_lambda0.5,0,2,2,2,17.44349013,0,13.91630509,31.35979522
diverse_rec,movielens_sample20of200_lambda0.5,0,3,0,0,0,0,25.29529812,25.29529812
diverse_rec,movielens_sample20of200_lambda0.5,0,3,1,1,9.019434616,0,23.1459419,32.16537652
diverse_rec,movielens_sample20of200_lambda0.5,0,3,2,2,17.44349013,0,20.80140989,38.24490002
diverse_rec,movielens_sample20of200_lambda0.5,0,3,3,3,24.46712215,0,19.26209843,43.72922058
diverse_rec,movielens_sample20of200_lambda0.5,0,4,0,0,0,0,33.14581754,33.14581754
diverse_rec,movielens_sample20of200_lambda0.5,0,4,1,1,9.019434616,0,30.44617649,39.46561111
diverse_rec,movielens_sample20of200_lambda0.5,0,4,2,2,17.44349013,0,27.64053051,45.08402064
diverse_rec,movielens_sample20of200_lambda0.5,0,4,3,3,24.46712215,0,25.57856905,50.0456912
diverse_rec,movielens_sample20of200_lambda0.5,0,4,4,4,30.96167043,0,23.7858588,54.74752923
diverse_rec,movielens_sample20of200_lambda0.5,0,5,0,0,0,0,40.96309575,40.96309575
diverse_rec,movielens_sample20of200_lambda0.5,0,5,1,1,9.019434616,0,37.72453321,46.74396782
diverse_rec,movielens_sample20of200_lambda0.5,0,5,2,2,17.44349013,0,34.44782082,51.89131096
diverse_rec,movielens_sample20of200_lambda0.5,0,5,3,3,24.46712215,0,31.87328765,56.34040979
diverse_rec,movielens_sample20of200_lambda0.5,0,5,4,4,30.96167043,0,29.66390551,60.62557594
diverse_rec,movielens_sample20of200_lambda0.5,0,5,5,5,37.00583465,0,27.58604289,64.59187754
diverse_rec,movielens_sample20of200_lambda0.5,0,6,0,0,0,0,48.71785946,48.71785946
diverse_rec,movielens_sample20of200_lambda0.5,0,6,1,1,9.019434616,0,44.94789076,53.96732537
diverse_rec,movielens_sample20of200_lambda0.5,0,6,2,2,17.44349013,0,41.07843943,58.52192957
diverse_rec,movielens_sample20of200_lambda0.5,0,6,3,3,24.46712215,0,38.04275497,62.50987711
diverse_rec,movielens_sample20of200_lambda0.5,0,6,4,4,30.96167043,0,35.45126008,66.41293051
diverse_rec,movielens_sample20of200_lambda0.5,0,6,5,5,37.00583465,0,32.99052405,69.9963587
diverse_rec,movielens_sample20of200_lambda0.5,0,6,6,6,42.61780675,0,30.36323403,72.98104078
diverse_rec,movielens_sample20of200_lambda0.5,0,7,0,0,0,0,56.43937751,56.43937751
diverse_rec,movielens_sample20of200_lambda0.5,0,7,1,1,9.019434616,0,52.02864473,61.04807935
diverse_rec,movielens_sample20of200_lambda0.5,0,7,2,2,17.44349013,0,47.5882448,65.03173493
diverse_rec,movielens_sample20of200_lambda0.5,0,7,3,3,24.46712215,0,44.15270226,68.61982441
diverse_rec,movielens_sample20of200_lambda0.5,0,7,4,4,30.96167043,0,41.09584336,72.05751379
diverse_rec,movielens_sample20of200_lambda0.5,0,7,5,5,37.00583465,0,38.21108509,75.21691973
diverse_rec,movielens_sample20of200_lambda0.5,0,7,6,6,42.61780675,0,35.16104646,77.77885322
diverse_rec,movielens_sample20of200_lambda0.5,0,7,7,7,47.83042926,0,31.96065432,79.79108358
diverse_rec,movielens_sample20of200_lambda0.5,0,8,0,0,0,0,63.9394852,63.9394852
diverse_rec,movielens_sample20of200_lambda0.5,0,8,1,1,9.019434616,0,58.93024736,67.94968197
diverse_rec,movielens_sample20of200_lambda0.5,0,8,2,2,17.44349013,0,54.00957765,71.45306779
diverse_rec,movielens_sample20of200_lambda0.5,0,8,3,3,24.46712215,0,50.06439951,74.53152166
diverse_rec,movielens_sample20of200_lambda0.5,0,8,4,4,30.96167043,0,46.60695107,77.56862151
diverse_rec,movielens_sample20of200_lambda0.5,0,8,5,5,37.00583465,0,42.88455714,79.89039178
diverse_rec,movielens_sample20of200_lambda0.5,0,8,6,6,42.61780675,0,37.77258503,80.39039178
diverse_rec,movielens_sample20of200_lambda0.5,0,8,7,7,47.83042926,0,32.55996253,80.39039178
diverse_rec,movielens_sample20of200_lambda0.5,0,8,8,8,52.58982959,0,27.80056219,80.39039178
diverse_rec,movielens_sample20of200_lambda0.5,0,9,0,0,0,0,71.20510078,71.20510078
diverse_rec,movielens_sample20of200_lambda0.5,0,9,1,1,9.019434616,0,65.62635148,74.6457861
diverse_rec,movielens_sample20of200_lambda0.5,0,9,2,2,17.44349013,0,60.22545655,77.66894669
diverse_rec,movielens_sample20of200_lambda0.5,0,9,3,3,24.46712215,0,55.42326964,79.89039178
diverse_rec,movielens_sample20of200_lambda0.5,0,9,4,4,30.96167043,0,49.42872135,80.39039178
diverse_rec,movielens_sample20of200_lambda0.5,0,9,5,5,37.00583465,0,43.38455714,80.39039178
diverse_rec,movielens_sample20of200_lambda0.5,0,9,6,6,42.61780675,0,37.77258503,80.39039178
diverse_rec,movielens_sample20of200_lambda0.5,0,9,7,7,47.83042926,0,32.55996253,80.39039178
diverse_rec,movielens_sample20of200_lambda0.5,0,9,8,8,52.58982959,0,27.80056219,80.39039178
diverse_rec,movielens_sample20of200_lambda0.5,0,9,9,9,56.94266958,0,23.4477222,80.39039178
diverse_rec,movielens_sample20of200_lambda0.5,0,10,0,0,0,0,78.10429939,78.10429939
diverse_rec,movielens_sample20of200_lambda0.5,0,10,1,1,9.019434616,0,71.37095717,80.39039178
diverse_rec,movielens_sample20of200_lambda0.5,0,10,2,2,17.44349013,0,62.94690165,80.39039178
diverse_rec,movielens_sample20of200_lambda0.5,0,10,3,3,24.46712215,0,55.92326964,80.39039178
diverse_rec,movielens_sample20of200_lambda0.5,0,10,4,4,30.96167043,0,49.42872135,80.39039178
diverse_rec,movielens_sample20of200_lambda0.5,0,10,5,5,37.00583465,0,43.38455714,80.39039178
diverse_rec,movielens_sample20of200_lambda0.5,0,10,6,6,42.61780675,0,37.77258503,80.39039178
diverse_rec,movielens_sample20of200_lambda0.5,0,10,7,7,47.83042926,0,32.55996253,80.39039178
diverse_rec,movielens_sample20of200_lambda0.5,0,10,8,8,52.58982959,0,27.80056219,80.39039178
diverse_rec,movielens_sample20of200_lambda0.5,0,10,9,9,56.94266958,0,23.4477222,80.39039178
diverse_rec,movielens_sample20of200_lambda0.5,0,10,10,10,60.95889876,0,19.43149302,80.39039178
diverse_rec,movielens_sample20of200_lambda0.5,0,11,0,0,0,0,80.39039178,80.39039178
diverse_rec,movielens_sample20of200_lambda0.5,0,11,1,1,9.019434616,0,71.37095717,80.39039178
diverse_rec,movielens_sample20of200_lambda0.5,0,11,2,2,17.44349013,0,62.94690165,80.39039178
diverse_rec,movielens_sample20of200_lambda0.5,0,11,3,3,24.46712215,0,55.92326964,80.39039178
diverse_rec,movielens_sample20of200_lambda0.5,0,11,4,4,30.96167043,0,49.42872135,80.39039178
diverse_rec,movielens_sample20of200_lambda0.5,0,11,5,5,37.00583465,0,43.38455714,80.39039178
diverse_rec,movielens_sample20of200_lambda0.5,0,11,6,6,42.61780675,0,37.77258503,80.39039178
diverse_rec,movielens_sample20of200_lambda0.5,0,11,7,7,47.83042926,0,32.55996253,80.39039178
diverse_rec,movielens_sample20of200_lambda0.5,0,11,8,8,52.58982959,0,27.80056219,80.39039178
diverse_rec,movielens_sample20of200_lambda0.5,0,11,9,9,56.94266958,0,23.4477222,80.39039178
diverse_rec,movielens_sample20of200_lambda0.5,0,11,10,10,60.95889876,0,19.43149302,80.39039178
diverse_rec,movielens_sample20of200_lambda0.5,0,11,11,11,64.49061127,0,15.89978052,80.39039178
diverse_rec,movielens_sample20of200_lambda0.5,0,12,0,0,0,0,80.39039178,80.39039178
diverse_rec,movielens_sample20of200_lambda0.5,0,12,1,1,9.019434616,0,71.37095717,80.39039178
diverse_rec,movielens_sample20of200_lambda0.5,0,12,2,2,17.44349013,0,62.94690165,80.39039178
diverse_rec,movielens_sample20of200_lambda0.5,0,12,3,3,24.46712215,0,55.92326964,80.39039178
diverse_rec,movielens_sample20of200_lambda0.5,0,12,4,4,30.96167043,0,49.42872135,80.39039178
diverse_rec,movielens_sample20of200_lambda0.5,0,12,5,5,37.00583465,0,43.38455714,80.39039178
diverse_rec,movielens_sample20of200_lambda0.5,0,12,6,6,42.61780675,0,37.77258503,80.39039178
diverse_rec,movielens_sample20of200_lambda0.5,0,12,7,7,47.83042926,0,32.55996253,80.39039178
diverse_rec,movielens_sample20of200_lambda0.5,0,12,8,8,52.58982959,0,27.80056219,80.39039178
diverse_rec,movielens_sample20of200_lambda0.5,0,12,9,9,56.94266958,0,23.4477222,80.39039178
diverse_rec,movielens_sample20of200_lambda0.5,0,12,10,10,60.95889876,0,19.43149302,80.39039178
diverse_rec,movielens_sample20of200_lambda0.5,0,12,11,11,64.49061127,0,15.89978052,80.39039178
diverse_rec,movielens_sample20of200_lambda0.5,0,12,12,12,67.70286036,0,12.68753143,80.39039178
diverse_rec,movielens_sample20of200_lambda0.5,0,13,0,0,0,0,80.39039178,80.39039178
diverse_rec,movielens_sample20of200_lambda0.5,0,13,1,1,9.019434616,0,71.37095717,80.39039178
diverse_rec,movielens_sample20of200_lambda0.5,0,13,2,2,17.44349013,0,62.94690165,80.39039178
diverse_rec,movielens_sample20of200_lambda0.5,0,13,3,3,24.46712215,0,55.92326964,80.39039178
diverse_rec,movielens_sample20of200_lambda0.5,0,13,4,4,30.96167043,0,49.42872135,80.39039178
diverse_rec,movielens_sample20of200_lambda0.5,0,13,5,5,37.00583465,0,43.38455714,80.39039178
diverse_rec,movielens_sample20of200_lambda0.5,0,13,6,6,42.61780675,0,37.77258503,80.39039178
diverse_rec,movielens_sample20of200_lambda0.5,0,13,7,7,47.83042926,0,32.55996253,80.39039178
diverse_rec,movielens_sample20of200_lambda0.5,0,13,8,8,52.58982959,0,27.80056219,80.39039178
diverse_rec,movielens_sample20of200_lambda0.5,0,13,9,9,56.94266958,0,23.4477222,80.39039178
diverse_rec,movielens_sample20of200_lambda0.5,0,13,10,10,60.95889876,0,19.43149302,80.39039178
diverse_rec,movielens_sample20of200_lambda0.5,0,13,11,11,64.49061127,0,15.89978052,80.39039178
diverse_rec,movielens_sample20of200_lambda0.5,0,13,12,12,67.70286036,0,12.68753143,80.39039178
diverse_rec,movielens_sample20of200_lambda0.5,0,13,13,13,70.50729874,0,9.88309304,80.39039178
diverse_rec,movielens_sample20of200_lambda0.5,0,14,0,0,0,0,80.39039178,80.39039178
diverse_rec,movielens_sample20of200_lambda0.5,0,14,1,1,9.019434616,0,71.37095717,80.39039178
diverse_rec,movielens_sample20of200_lambda0.5,0,14,2,2,17.44349013,0,62.94690165,80.39039178
diverse_rec,movielens_sample20of200_lambda0.5,0,14,3,3,24.46712215,0,55.92326964,80.39039178
diverse_rec,movielens_sample20of200_lambda0.5,0,14,4,4,30.96167043,0,49.42872135,80.39039178
diverse_rec,movielens_sample20of200_lambda0.5,0,14,5,5,37.00583465,0,43.38455714,80.39039178
diverse_rec,movielens_sample20of200_lambda0.5,0,14,6,6,42.61780675,0,37.77258503,80.39039178
diverse_rec,movielens_sample20of200_lambda0.5,0,14,7,7,47.83042926,0,32.55996253,80.39039178
diverse_rec,movielens_sample20of200_lambda0.5,0,14,8,8,52.58982959,0,27.80056219,80.39039178
diverse_rec,movielens_sample20of200_lambda0.5,0,14,9,9,56.94266958,0,23.4477222,80.39039178
diverse_rec,movielens_sample20of200_lambda0.5,0,14,10,10,60.95889876,0,19.43149302,80.39039178
diverse_rec,movielens_sample20of200_lambda0.5,0,14,11,11,64.49061127,0,15.89978052,80.39039178
diverse_rec,movielens_sample20of200_lambda0.5,0,14,12,12,67.70286036,0,12.68753143,80.39039178
diverse_rec,movielens_sample20of200_lambda0.5,0,14,13,13,70.50729874,0,9.88309304,80.39039178
diverse_rec,movielens_sample20of200_lambda0.5,0,14,14,14,72.89232889,0,7.498062894,80.39039178
diverse_rec,movielens_sample20of200_lambda0.5,0,15,0,0,0,0,80.39039178,80.39039178
diverse_rec,movielens_sample20of200_lambda0.5,0,15,1,1,9.019434616,0,71.37095717,80.39039178
diverse_rec,movielens_sample20of200_lambda0.5,0,15,2,2,17.44349013,0,62.94690165,80.39039178
diverse_rec,movielens_sample20of200_lambda0.5,0,15,3,3,24.46712215,0,55.92326964,80.39039178
diverse_rec,movielens_sample20of200_lambda0.5,0,15,4,4,30.96167043,0,49.42872135,80.39039178
diverse_rec,movielens_sample20of200_lambda0.5,0,15,5,5,37.00583465,0,43.38455714,80.39039178
diverse_rec,movielens_sample20of200_lambda0.5,0,15,6,6,42.61780675,0,37.77258503,80.39039178
diverse_rec,movielens_sample20of200_lambda0.5,0,15,7,7,47.83042926,0,32.55996253,80.39039178
diverse_rec,movielens_sample20of200_lambda0.5,0,15,8,8,52.58982959,0,27.80056219,80.39039178
diverse_rec,movielens_sample20of200_lambda0.5,0,15,9,9,56.94266958,0,23.4477222,80.39039178
diverse_rec,movielens_sample20of200_lambda0.5,0,15,10,10,60.95889876,0,19.43149302,80.39039178
diverse_rec,movielens_sample20of200_lambda0.5,0,15,11,11,64.49061127,0,15.89978052,80.39039178
diverse_rec,movielens_sample20of200_lambda0.5,0,15,12,12,67.70286036,0,12.68753143,80.39039178
diverse_rec,movielens_sample20of200_lambda0.5,0,15,13,13,70.50729874,0,9.88309304,80.39039178
diverse_rec,movielens_sample20of200_lambda0.5,0,15,14,14,72.89232889,0,7.498062894,80.39039178
diverse_rec,movielens_sample20of200_lambda0.5,0,15,15,15,74.95102144,0,5.439370344,80.39039178
diverse_rec,movielens_sample20of200_lambda0.5,0,16,0,0,0,0,80.39039178,80.39039178
diverse_rec,movielens_sample20of200_lambda0.5,0,16,1,1,9.019434616,0,71.37095717,80.39039178
diverse_rec,movielens_sample20of200_lambda0.5,0,16,2,2,17.44349013,0,62.94690165,80.39039178
diverse_rec,movielens_sample20of200_lambda0.5,0,16,3,3,24.46712215,0,55.92326964,80.39039178
diverse_rec,movielens_sample20of200_lambda0.5,0,16,4,4,30.96167043,0,49.42872135,80.39039178
diverse_rec,movielens_sample20of200_lambda0.5,0,16,5,5,37.00583465,0,43.38455714,80.39039178
diverse_rec,movielens_sample20of200_lambda0.5,0,16,6,6,42.61780675,0,37.77258503,80.39039178
diverse_rec,movielens_sample20of200_lambda0.5,0,16,7,7,47.83042926,0,32.55996253,80.39039178
diverse_rec,movielens_sample20of200_lambda0.5,0,16,8,8,52.58982959,0,27.80056219,80.39039178
diverse_rec,movielens_sample20of200_lambda0.5,0,16,9,9,56.94266958,0,23.4477222,80.39039178
diverse_rec,movielens_sample20of200_lambda0.5,0,16,10,10,60.95889876,0,19.43149302,80.39039178
diverse_rec,movielens_sample20of200_lambda0.5,0,16,11,11,64.49061127,0,15.89978052,80.39039178
diverse_rec,movielens_sample20of200_lambda0.5,0,16,12,12,67.70286036,0,12.68753143,80.39039178
diverse_rec,movielens_sample20of200_lambda0.5,0,16,13,13,70.50729874,0,9.88309304,80.39039178
diverse_rec,movielens_sample20of200_lambda0.5,0,16,14,14,72.89232889,0,7.498062894,80.39039178
diverse_rec,movielens_sample20of200_lambda0.5,0,16,15,15,74.95102144,0,5.439370344,80.39039178
diverse_rec,movielens_sample20of200_lambda0.5,0,16,16,16,76.68100433,0,3.709387455,80.39039178
diverse_rec,movielens_sample20of200_lambda0.5,0,17,0,0,0,0,80.39039178,80.39039178
diverse_rec,movielens_sample20of200_lambda0.5,0,17,1,1,9.019434616,0,71.37095717,80.39039178
diverse_rec,movielens_sample20of200_lambda0.5,0,17,2,2,17.44349013,0,62.94690165,80.39039178
diverse_rec,movielens_sample20of200_lambda0.5,0,17,3,3,24.46712215,0,55.92326964,80.39039178
diverse_rec,movielens_sample20of200_lambda0.5,0,17,4,4,30.96167043,0,49.42872135,80.39039178
diverse_rec,movielens_sample20of200_lambda0.5,0,17,5,5,37.00583465,0,43.38455714,80.39039178
diverse_rec,movielens_sample20of200_lambda0.5,0,17,6,6,42.61780675,0,37.77258503,80.39039178
diverse_rec,movielens_sample20of200_lambda0.5,0,17,7,7,47.83042926,0,32.55996253,80.39039178
diverse_rec,movielens_sample20of200_lambda0.5,0,17,8,8,52.58982959,0,27.80056219,80.39039178
diverse_rec,movielens_sample20of200_lambda0.5,0,17,9,9,56.94266958,0,23.4477222,80.39039178
diverse_rec,movielens_sample20of200_lambda0.5,0,17,10,10,60.95889876,0,19.43149302,80.39039178
diverse_rec,movielens_sample20of200_lambda0.5,0,17,11,11,64.49061127,0,15.89978052,80.39039178
diverse_rec,movielens_sample20of200_lambda0.5,0,17,12,12,67.70286036,0,12.68753143,80.39039178
diverse_rec,movielens_sample20of200_lambda0.5,0,17,13,13,70.50729874,0,9.88309304,80.39039178
diverse_rec,movielens_sample20of200_lambda0.5,0,17,14,14,72.89232889,0,7.498062894,80.39039178
diverse_rec,movielens_sample20of200_lambda0.5,0,17,15,15,74.95102144,0,5.439370344,80.39039178
diverse_rec,movielens_sample20of200_lambda0.5,0,17,16,16,76.68100433,0,3.709387455,80.39039178
diverse_rec,movielens_sample20of200_lambda0.5,0,17,17,17,78.11994886,0,2.27044292,80.39039178
diverse_rec,movielens_sample20of200_lambda0.5,0,18,0,0,0,0,80.39039178,80.39039178
diverse_rec,movielens_sample20of200_lambda0.5,0,18,1,1,9.019434616,0,71.37095717,80.39039178
diverse_rec,movielens_sample20of200_lambda0.5,0,18,2,2,17.44349013,0,62.94690165,80.39039178
diverse_rec,movielens_sample20of200_lambda0.5,0,18,3,3,24.46712215,0,55.92326964,80.39039178
diverse_rec,movielens_sample20of200_lambda0.5,0,18,4,4,30.96167043,0,49.42872135,80.39039178
diverse_rec,movielens_sample20of200_lambda0.5,0,18,5,5,37.00583465,0,43.38455714,80.39039178
diverse_rec,movielens_sample20of200_lambda0.5,0,18,6,6,42.61780675,0,37.77258503,80.39039178
diverse_rec,movielens_sample20of200_lambda0.5,0,18,7,7,47.83042926,0,32.55996253,80.39039178
diverse_rec,movielens_sample20of200_lambda0.5,0,18,8,8,52.58982959,0,27.80056219,80.39039178
diverse_rec,movielens_sample20of200_lambda0.5,0,18,9,9,56.94266958,0,23.4477222,80.39039178
diverse_rec,movielens_sample20of200_lambda0.5,0,18,10,10,60.95889876,0,19.43149302,80.39039178
diverse_rec,movielens_sample20of200_lambda0.5,0,18,11,11,64.49061127,0,15.89978052,80.39039178
diverse_rec,movielens_sample20of200_lambda0.5,0,18,12,12,67.70286036,0,12.68753143,80.39039178
diverse_rec,movielens_sample20of200_lambda0.5,0,18,13,13,70.50729874,0,9.88309304,80.39039178
diverse_rec,movielens_sample20of200_lambda0.5,0,18,14,14,72.89232889,0,7.498062894,80.39039178
diverse_rec,movielens_sample20of200_lambda0.5,0,18,15,15,74.95102144,0,5.439370344,80.39039178
diverse_rec,movielens_sample20of200_lambda0.5,0,18,16,16,76.68100433,0,3.709387455,80.39039178
diverse_rec,movielens_sample20of200_lambda0.5,0,18,17,17,78.11994886,0,2.27044292,80.39039178
diverse_rec,movielens_sample20of200_lambda0.5,0,18,18,18,79.1554114,0,1.234980383,80.39039178
diverse_rec,movielens_sample20of200_lambda0.5,0,19,0,0,0,0,80.39039178,80.39039178
diverse_rec,movielens_sample20of200_lambda0.5,0,19,1,1,9.019434616,0,71.37095717,80.39039178
diverse_rec,movielens_sample20of200_lambda0.5,0,19,2,2,17.44349013,0,62.94690165,80.39039178
diverse_rec,movielens_sample20of200_lambda0.5,0,19,3,3,24.46712215,0,55.92326964,80.39039178
diverse_rec,movielens_sample20of200_lambda0.5,0,19,4,4,30.96167043,0,49.42872135,80.39039178
diverse_rec,movielens_sample20of200_lambda0.5,0,19,5,5,37.00583465,0,43.38455714,80.39039178
diverse_rec,movielens_sample20of200_lambda0.5,0,19,6,6,42.61780675,0,37.77258503,80.39039178
diverse_rec,movielens_sample20of200_lambda0.5,0,19,7,7,47.83042926,0,32.55996253,80.39039178
diverse_rec,movielens_sample20of200_lambda0.5,0,19,8,8,52.58982959,0,27.80056219,80.39039178
diverse_rec,movielens_sample20of200_lambda0.5,0,19,9,9,56.94266958,0,23.4477222,80.39039178
diverse_rec,movielens_sample20of200_lambda0.5,0,19,10,10,60.95889876,0,19.43149302,80.39039178
diverse_rec,movielens_sample20of200_lambda0.5,0,19,11,11,64.49061127,0,15.89978052,80.39039178
diverse_rec,movielens_sample20of200_lambda0.5,0,19,12,12,67.70286036,0,12.68753143,80.39039178
diverse_rec,movielens_sample20of200_lambda0.5,0,19,13,13,70.50729874,0,9.88309304,80.39039178
diverse_rec,movielens_sample20of200_lambda0.5,0,19,14,14,72.89232889,0,7.498062894,80.39039178
diverse_rec,movielens_sample20of200_lambda0.5,0,19,15,15,74.95102144,0,5.439370344,80.39039178
diverse_rec,movielens_sample20of200_lambda0.5,0,19,16,16,76.68100433,0,3.709387455,80.39039178
diverse_rec,movielens_sample20of200_lambda0.5,0,19,17,17,78.11994886,0,2.27044292,80.39039178
diverse_rec,movielens_sample20of200_lambda0.5,0,19,18,18,79.1554114,0,1.234980383,80.39039178
diverse_rec,movielens_sample20of200_lambda0.5,0,19,19,19,79.89039178,0,0.5,80.39039178
diverse_rec,movielens_sample20of200_lambda0.5,0,20,0,0,0,0,80.39039178,80.39039178
diverse_rec,movielens_sample20of200_lambda0.5,0,20,1,1,9.019434616,0,71.37095717,80.39039178
diverse_rec,movielens_sample20of200_lambda0.5,0,20,2,2,17.44349013,0,62.94690165,80.39039178
diverse_rec,movielens_sample20of200_lambda0.5,0,20,3,3,24.46712215,0,55.92326964,80.39039178
diverse_rec,movielens_sample20of200_lambda0.5,0,20,4,4,30.96167043,0,49.42872135,80.39039178
diverse_rec,movielens_sample20of200_lambda0.5,0,20,5,5,37.00583465,0,43.38455714,80.39039178
diverse_rec,movielens_sample20of200_lambda0.5,0,20,6,6,42.61780675,0,37.77258503,80.39039178
diverse_rec,movielens_sample20of200_lambda0.5,0,20,7,7,47.83042926,0,32.55996253,80.39039178
diverse_rec,movielens_sample20of200_lambda0.5,0,20,8,8,52.58982959,0,27.80056219,80.39039178
diverse_rec,movielens_sample20of200_lambda0.5,0,20,9,9,56.94266958,0,23.4477222,80.39039178
diverse_rec,movielens_sample20of200_lambda0.5,0,20,10,10,60.95889876,0,19.43149302,80.39039178
diverse_rec,movielens_sample20of200_lambda0.5,0,20,11,11,64.49061127,0,15.89978052,80.39039178
diverse_rec,movielens_sample20of200_lambda0.5,0,20,12,12,67.70286036,0,12.68753143,80.39039178
diverse_rec,movielens_sample20of200_lambda0.5,0,20,13,13,70.50729874,0,9.88309304,80.39039178
diverse_rec,movielens_sample20of200_lambda0.5,0,20,14,14,72.89232889,0,7.498062894,80.39039178
diverse_rec,movielens_sample20of200_lambda0.5,0,20,15,15,74.95102144,0,5.439370344,80.39039178
diverse_rec,movielens_sample20of200_lambda0.5,0,20,16,16,76.68100433,0,3.709387455,80.39039178
diverse_rec,movielens_sample20of200_lambda0.5,0,20,17,17,78.11994886,0,2.27044292,80.39039178
diverse_rec,movielens_sample20of200_lambda0.5,0,20,18,18,79.1554114,0,1.234980383,80.39039178
diverse_rec,movielens_sample20of200_lambda0.5,0,20,19,19,79.89039178,0,0.5,80.39039178
diverse_rec,movielens_sample20of200_lambda0.5,0,20,20,20,80.39039178,0,0,80.39039178
diverse_rec,movielens_sample20of200_lambda0.5,1,1,0,0,0,0,9.28657435,9.28657435
diverse_rec,movielens_sample20of200_lambda0.5,1,1,1,1,9.28657435,0,8.147300247,17.4338746
diverse_rec,movielens_sample20of200_lambda0.5,1,2,0,0,0,0,17.9477553,17.9477553
diverse_rec,movielens_sample20of200_lambda0.5,1,2,1,1,9.28657435,0,16.24846173,25.53503608
diverse_rec,movielens_sample20of200_lambda0.5,1,2,2,2,17.4338746,0,14.86472325,32.29859785
diverse_rec,movielens_sample20of200_lambda0.5,1,3,0,0,0,0,26.56229182,26.56229182
diverse_rec,movielens_sample20of200_lambda0.5,1,3,1,1,9.28657435,0,24.02391693,33.31049128
diverse_rec,movielens_sample20of200_lambda0.5,1,3,2,2,17.4338746,0,22.05388579,39.48776038
diverse_rec,movielens_sample20of200_lambda0.5,1,3,3,3,25.01708565,0,20.54489144,45.56197708
diverse_rec,movielens_sample20of200_lambda0.5,1,4,0,0,0,0,34.89252941,34.89252941
diverse_rec,movielens_sample20of200_lambda0.5,1,4,1,1,9.28657435,0,31.74609211,41.03266646
diverse_rec,movielens_sample20of200_lambda0.5,1,4,2,2,17.4338746,0,29.22117311,46.65504771
diverse_rec,movielens_sample20of200_lambda0.5,1,4,3,3,25.01708565,0,27.09002454,52.10711019
diverse_rec,movielens_sample20of200_lambda0.5,1,4,4,4,32.16006253,0,24.7740238,56.93408633
diverse_rec,movielens_sample20of200_lambda0.5,1,5,0,0,0,0,43.16039807,43.16039807
diverse_rec,movielens_sample20of200_lambda0.5,1,5,1,1,9.28657435,0,39.37943576,48.66601011
diverse_rec,movielens_sample20of200_lambda0.5,1,5,2,2,17.4338746,0,36.30483999,53.73871459
diverse_rec,movielens_sample20of200_lambda0.5,1,5,3,3,25.01708565,0,33.63034617,58.64743182
diverse_rec,movielens_sample20of200_lambda0.5,1,5,4,4,32.16006253,0,30.86476006,63.02482259
diverse_rec,movielens_sample20of200_lambda0.5,1,5,5,5,38.46488372,0,28.36852941,66.83341314
diverse_rec,movielens_sample20of200_lambda0.5,1,6,0,0,0,0,51.23591887,51.23591887
diverse_rec,movielens_sample20of200_lambda0.5,1,6,1,1,9.28657435,0,46.79106792,56.07764227
diverse_rec,movielens_sample20of200_lambda0.5,1,6,2,2,17.4338746,0,43.25518668,60.68906128
diverse_rec,movielens_sample20of200_lambda0.5,1,6,3,3,25.01708565,0,39.88975019,64.90683583
diverse_rec,movielens_sample20of200_lambda0.5,1,6,4,4,32.16006253,0,36.7175457,68.87760823
diverse_rec,movielens_sample20of200_lambda0.5,1,6,5,5,38.46488372,0,33.75963193,72.22451565
diverse_rec,movielens_sample20of200_lambda0.5,1,6,6,6,44.32216354,0,30.66590609,74.98806964
diverse_rec,movielens_sample20of200_lambda0.5,1,7,0,0,0,0,59.04653207,59.04653207
diverse_rec,movielens_sample20of200_lambda0.5,1,7,1,1,9.28657435,0,53.94226834,63.22884269
diverse_rec,movielens_sample20of200_lambda0.5,1,7,2,2,17.4338746,0,49.94406966,67.37794426
diverse_rec,movielens_sample20of200_lambda0.5,1,7,3,3,25.01708565,0,46.07886861,71.09595425
diverse_rec,movielens_sample20of200_lambda0.5,1,7,4,4,32.16006253,0,42.45980677,74.6198693
diverse_rec,movielens_sample20of200_lambda0.5,1,7,5,5,38.46488372,0,38.83703244,77.30191617
diverse_rec,movielens_sample20of200_lambda0.5,1,7,6,6,44.32216354,0,35.36852074,79.69068429
diverse_rec,movielens_sample20of200_lambda0.5,1,7,7,7,49.73220027,0,31.84796146,81.58016173
diverse_rec,movielens_sample20of200_lambda0.5,1,8,0,0,0,0,66.65694961,66.65694961
diverse_rec,movielens_sample20of200_lambda0.5,1,8,1,1,9.28657435,0,60.98628302,70.27285737
diverse_rec,movielens_sample20of200_lambda0.5,1,8,2,2,17.4338746,0,56.51134121,73.94521581
diverse_rec,movielens_sample20of200_lambda0.5,1,8,3,3,25.01708565,0,51.96158423,76.97866988
diverse_rec,movielens_sample20of200_lambda0.5,1,8,4,4,32.16006253,0,47.79988765,79.95995018
diverse_rec,movielens_sample20of200_lambda0.5,1,8,5,5,38.46488372,0,43.32630834,81.79119207
diverse_rec,movielens_sample20of200_lambda0.5,1,8,6,6,44.32216354,0,37.78973815,82.11190169
diverse_rec,movielens_sample20of200_lambda0.5,1,8,7,7,49.73220027,0,32.37970142,82.11190169
diverse_rec,movielens_sample20of200_lambda0.5,1,8,8,8,54.64506029,0,27.4668414,82.11190169
diverse_rec,movielens_sample20of200_lambda0.5,1,9,0,0,0,0,74.07081838,74.07081838
diverse_rec,movielens_sample20of200_lambda0.5,1,9,1,1,9.28657435,0,67.5906528,76.87722715
diverse_rec,movielens_sample20of200_lambda0.5,1,9,2,2,17.4338746,0,62.60485023,80.03872483
diverse_rec,movielens_sample20of200_lambda0.5,1,9,3,3,25.01708565,0,57.09481604,82.11190169
diverse_rec,movielens_sample20of200_lambda0.5,1,9,4,4,32.16006253,0,49.95183916,82.11190169
diverse_rec,movielens_sample20of200_lambda0.5,1,9,5,5,38.46488372,0,43.64701796,82.11190169
diverse_rec,movielens_sample20of200_lambda0.5,1,9,6,6,44.32216354,0,37.78973815,82.11190169
diverse_rec,movielens_sample20of200_lambda0.5,1,9,7,7,49.73220027,0,32.37970142,82.11190169
diverse_rec,movielens_sample20of200_lambda0.5,1,9,8,8,54.64506029,0,27.4668414,82.11190169
diverse_rec,movielens_sample20of200_lambda0.5,1,9,9,9,59.11716349,0,22.9947382,82.11190169
diverse_rec,movielens_sample20of200_lambda0.5,1,10,0,0,0,0,80.89439937,80.89439937
diverse_rec,movielens_sample20of200_lambda0.5,1,10,1,1,9.28657435,0,72.82532734,82.11190169
diverse_rec,movielens_sample20of200_lambda0.5,1,10,2,2,17.4338746,0,64.67802709,82.11190169
diverse_rec,movielens_sample20of200_lambda0.5,1,10,3,3,25.01708565,0,57.09481604,82.11190169
diverse_rec,movielens_sample20of200_lambda0.5,1,10,4,4,32.16006253,0,49.95183916,82.11190169
diverse_rec,movielens_sample20of200_lambda0.5,1,10,5,5,38.46488372,0,43.64701796,82.11190169
diverse_rec,movielens_sample20of200_lambda0.5,1,10,6,6,44.32216354,0,37.78973815,82.11190169
diverse_rec,movielens_sample20of200_lambda0.5,1,10,7,7,49.73220027,0,32.37970142,82.11190169
diverse_rec,movielens_sample20of200_lambda0.5,1,10,8,8,54.64506029,0,27.4668414,82.11190169
diverse_rec,movielens_sample20of200_lambda0.5,1,10,9,9,59.11716349,0,22.9947382,82.11190169
diverse_rec,movielens_sample20of200_lambda0.5,1,10,10,10,63.06909535,0,19.04280633,82.11190169
diverse_rec,movielens_sample20of200_lambda0.5,1,11,0,0,0,0,82.11190169,82.11190169
diverse_rec,movielens_sample20of200_lambda0.5,1,11,1,1,9.28657435,0,72.82532734,82.11190169
diverse_rec,movielens_sample20of200_lambda0.5,1,11,2,2,17.4338746,0,64.67802709,82.11190169
diverse_rec,movielens_sample20of200_lambda0.5,1,11,3,3,25.01708565,0,57.09481604,82.11190169
diverse_rec,movielens_sample20of200_lambda0.5,1,11,4,4,32.16006253,0,49.95183916,82.11190169
diverse_rec,movielens_sample20of200_lambda0.5,1,11,5,5,38.46488372,0,43.64701796,82.11190169
diverse_rec,movielens_sample20of200_lambda0.5,1,11,6,6,44.32216354,0,37.78973815,82.11190169
diverse_rec,movielens_sample20of200_lambda0.5,1,11,7,7,49.73220027,0,32.37970142,82.11190169
diverse_rec,movielens_sample20of200_lambda0.5,1,11,8,8,54.64506029,0,27.4668414,82.11190169
diverse_rec,movielens_sample20of200_lambda0.5,1,11,9,9,59.11716349,0,22.9947382,82.11190169
diverse_rec,movielens_sample20of200_lambda0.5,1,11,10,10,63.06909535,0,19.04280633,82.11190169
diverse_rec,movielens_sample20of200_lambda0.5,1,11,11,11,66.65444364,0,15.45745805,82.11190169
diverse_rec,movielens_sample20of200_lambda0.5,1,12,0,0,0,0,82.11190169,82.11190169
diverse_rec,movielens_sample20of200_lambda0.5,1,12,1,1,9.28657435,0,72.82532734,82.11190169
diverse_rec,movielens_sample20of200_lambda0.5,1,12,2,2,17.4338746,0,64.67802709,82.11190169
diverse_rec,movielens_sample20of200_lambda0.5,1,12,3,3,25.01708565,0,57.09481604,82.11190169
diverse_rec,movielens_sample20of200_lambda0.5,1,12,4,4,32.16006253,0,49.95183916,82.11190169
diverse_rec,movielens_sample20of200_lambda0.5,1,12,5,5,38.46488372,0,43.64701796,82.11190169
diverse_rec,movielens_sample20of200_lambda0.5,1,12,6,6,44.32216354,0,37.78973815,82.11190169
diverse_rec,movielens_sample20of200_lambda0.5,1,12,7,7,49.73220027,0,32.37970142,82.11190169
diverse_rec,movielens_sample20of200_lambda0.5,1,12,8,8,54.64506029,0,27.4668414,82.11190169
diverse_rec,movielens_sample20of200_lambda0.5,1,12,9,9,59.11716349,0,22.9947382,82.11190169
diverse_rec,movielens_sample20of200_lambda0.5,1,12,10,10,63.06909535,0,19.04280633,82.11190169
diverse_rec,movielens_sample20of200_lambda0.5,1,12,11,11,66.65444364,0,15.45745805,82.11190169
diverse_rec,movielens_sample20of200_lambda0.5,1,12,12,12,69.75282879,0,12.3590729,82.11190169
diverse_rec,movielens_sample20of200_lambda0.5,1,13,0,0,0,0,82.11190169,82.11190169
diverse_rec,movielens_sample20of200_lambda0.5,1,13,1,1,9.28657435,0,72.82532734,82.11190169
diverse_rec,movielens_sample20of200_lambda0.5,1,13,2,2,17.4338746,0,64.67802709,82.11190169
diverse_rec,movielens_sample20of200_lambda0.5,1,13,3,3,25.01708565,0,57.09481604,82.11190169
diverse_rec,movielens_sample20of200_lambda0.5,1,13,4,4,32.16006253,0,49.95183916,82.11190169
diverse_rec,movielens_sample20of200_lambda0.5,1,13,5,5,38.46488372,0,43.64701796,82.11190169
diverse_rec,movielens_sample20of200_lambda0.5,1,13,6,6,44.32216354,0,37.78973815,82.11190169
diverse_rec,movielens_sample20of200_lambda0.5,1,13,7,7,49.73220027,0,32.37970142,82.11190169
diverse_rec,movielens_sample20of200_lambda0.5,1,13,8,8,54.64506029,0,27.4668414,82.11190169
diverse_rec,movielens_sample20of200_lambda0.5,1,13,9,9,59.11716349,0,22.9947382,82.11190169
diverse_rec,movielens_sample20of200_lambda0.5,1,13,10,10,63.06909535,0,19.04280633,82.11190169
diverse_rec,movielens_sample20of200_lambda0.5,1,13,11,11,66.65444364,0,15.45745805,82.11190169
diverse_rec,movielens_sample20of200_lambda0.5,1,13,12,12,69.75282879,0,12.3590729,82.11190169
diverse_rec,movielens_sample20of200_lambda0.5,1,13,13,13,72.47064629,0,9.641255399,82.11190169
diverse_rec,movielens_sample20of200_lambda0.5,1,14,0,0,0,0,82.11190169,82.11190169
diverse_rec,movielens_sample20of200_lambda0.5,1,14,1,1,9.28657435,0,72.82532734,82.11190169
diverse_rec,movielens_sample20of200_lambda0.5,1,14,2,2,17.4338746,0,64.67802709,82.11190169
diverse_rec,movielens_sample20of200_lambda0.5,1,14,3,3,25.01708565,0,57.09481604,82.11190169
diverse_rec,movielens_sample20of200_lambda0.5,1,14,4,4,32.16006253,0,49.95183916,82.11190169
diverse_rec,movielens_sample20of200_lambda0.5,1,14,5,5,38.46488372,0,43.64701796,82.11190169
diverse_rec,movielens_sample20of200_lambda0.5,1,14,6,6,44.32216354,0,37.78973815,82.11190169
diverse_rec,movielens_sample20of200_lambda0.5,1,14,7,7,49.73220027,0,32.37970142,82.11190169
diverse_rec,movielens_sample20of200_lambda0.5,1,14,8,8,54.64506029,0,27.4668414,82.11190169
diverse_rec,movielens_sample20of200_lambda0.5,1,14,9,9,59.11716349,0,22.9947382,82.11190169
diverse_rec,movielens_sample20of200_lambda0.5,1,14,10,10,63.06909535,0,19.04280633,82.11190169
diverse_rec,movielens_sample20of200_lambda0.5,1,14,11,11,66.65444364,0,15.45745805,82.11190169
diverse_rec,movielens_sample20of200_lambda0.5,1,14,12,12,69.75282879,0,12.3590729,82.11190169
diverse_rec,movielens_sample20of200_lambda0.5,1,14,13,13,72.47064629,0,9.641255399,82.11190169
diverse_rec,movielens_sample20of200_lambda0.5,1,14,14,14,74.87816586,0,7.233735829,82.11190169
diverse_rec,movielens_sample20of200_lambda0.5,1,15,0,0,0,0,82.11190169,82.11190169
diverse_rec,movielens_sample20of200_lambda0.5,1,15,1,1,9.28657435,0,72.82532734,82.11190169
diverse_rec,movielens_sample20of200_lambda0.5,1,15,2,2,17.4338746,0,64.67802709,82.11190169
diverse_rec,movielens_sample20of200_lambda0.5,1,15,3,3,25.01708565,0,57.09481604,82.11190169
diverse_rec,movielens_sample20of200_lambda0.5,1,15,4,4,32.16006253,0,49.95183916,82.11190169
diverse_rec,movielens_sample20of200_lambda0.5,1,15,5,5,38.46488372,0,43.64701796,82.11190169
diverse_rec,movielens_sample20of200_lambda0.5,1,15,6,6,44.32216354,0,37.78973815,82.11190169
diverse_rec,movielens_sample20of200_lambda0.5,1,15,7,7,49.73220027,0,32.37970142,82.11190169
diverse_rec,movielens_sample20of200_lambda0.5,1,15,8,8,54.64506029,0,27.4668414,82.11190169
diverse_rec,movielens_sample20of200_lambda0.5,1,15,9,9,59.11716349,0,22.9947382,82.11190169
diverse_rec,movielens_sample20of200_lambda0.5,1,15,10,10,63.06909535,0,19.04280633,82.11190169
diverse_rec,movielens_sample20of200_lambda0.5,1,15,11,11,66.65444364,0,15.45745805,82.11190169
diverse_rec,movielens_sample20of200_lambda0.5,1,15,12,12,69.75282879,0,12.3590729,82.11190169
diverse_rec,movielens_sample20of200_lambda0.5,1,15,13,13,72.47064629,0,9.641255399,82.11190169
diverse_rec,movielens_sample20of200_lambda0.5,1,15,14,14,74.87816586,0,7.233735829,82.11190169
diverse_rec,movielens_sample20of200_lambda0.5,1,15,15,15,76.95631821,0,5.155583475,82.11190169
diverse_rec,movielens_sample20of200_lambda0.5,1,16,0,0,0,0,82.11190169,82.11190169
diverse_rec,movielens_sample20of200_lambda0.5,1,16,1,1,9.28657435,0,72.82532734,82.11190169
diverse_rec,movielens_sample20of200_lambda0.5,1,16,2,2,17.4338746,0,64.67802709,82.11190169
diverse_rec,movielens_sample20of200_lambda0.5,1,16,3,3,25.01708565,0,57.09481604,82.11190169
diverse_rec,movielens_sample20of200_lambda0.5,1,16,4,4,32.16006253,0,49.95183916,82.11190169
diverse_rec,movielens_sample20of200_lambda0.5,1,16,5,5,38.46488372,0,43.64701796,82.11190169
diverse_rec,movielens_sample20of200_lambda0.5,1,16,6,6,44.32216354,0,37.78973815,82.11190169
diverse_rec,movielens_sample20of200_lambda0.5,1,16,7,7,49.73220027,0,32.37970142,82.11190169
diverse_rec,movielens_sample20of200_lambda0.5,1,16,8,8,54.64506029,0,27.4668414,82.11190169
diverse_rec,movielens_sample20of200_lambda0.5,1,16,9,9,59.11716349,0,22.9947382,82.11190169
diverse_rec,movielens_sample20of200_lambda0.5,1,16,10,10,63.06909535,0,19.04280633,82.11190169
diverse_rec,movielens_sample20of200_lambda0.5,1,16,11,11,66.65444364,0,15.45745805,82.11190169
diverse_rec,movielens_sample20of200_lambda0.5,1,16,12,12,69.75282879,0,12.3590729,82.11190169
diverse_rec,movielens_sample20of200_lambda0.5,1,16,13,13,72.47064629,0,9.641255399,82.11190169
diverse_rec,movielens_sample20of200_lambda0.5,1,16,14,14,74.87816586,0,7.233735829,82.11190169
diverse_rec,movielens_sample20of200_lambda0.5,1,16,15,15,76.95631821,0,5.155583475,82.11190169
diverse_rec,movielens_sample20of200_lambda0.5,1,16,16,16,78.64523942,0,3.466662267,82.11190169
diverse_rec,movielens_sample20of200_lambda0.5,1,17,0,0,0,0,82.11190169,82.11190169
diverse_rec,movielens_sample20of200_lambda0.5,1,17,1,1,9.28657435,0,72.82532734,82.11190169
diverse_rec,movielens_sample20of200_lambda0.5,1,17,2,2,17.4338746,0,64.67802709,82.11190169
diverse_rec,movielens_sample20of200_lambda0.5,1,17,3,3,25.01708565,0,57.09481604,82.11190169
diverse_rec,movielens_sample20of200_lambda0.5,1,17,4,4,32.16006253,0,49.95183916,82.11190169
diverse_rec,movielens_sample20of200_lambda0.5,1,17,5,5,38.46488372,0,43.64701796,82.11190169
diverse_rec,movielens_sample20of200_lambda0.5,1,17,6,6,44.32216354,0,37.78973815,82.11190169
diverse_rec,movielens_sample20of200_lambda0.5,1,17,7,7,49.73220027,0,32.37970142,82.11190169
diverse_rec,movielens_sample20of200_lambda0.5,1,17,8,8,54.64506029,0,27.4668414,82.11190169
diverse_rec,movielens_sample20of200_lambda0.5,1,17,9,9,59.11716349,0,22.9947382,82.11190169
diverse_rec,movielens_sample20of200_lambda0.5,1,17,10,10,63.06909535,0,19.04280633,82.11190169
diverse_rec,movielens_sample20of200_lambda0.5,1,17,11,11,66.65444364,0,15.45745805,82.11190169
diverse_rec,movielens_sample20of200_lambda0.5,1,17,12,12,69.75282879,0,12.3590729,82.11190169
diverse_rec,movielens_sample20of200_lambda0.5,1,17,13,13,72.47064629,0,9.641255399,82.11190169
diverse_rec,movielens_sample20of200_lambda0.5,1,17,14,14,74.87816586,0,7.233735829,82.11190169
diverse_rec,movielens_sample20of200_lambda0.5,1,17,15,15,76.95631821,0,5.155583475,82.11190169
diverse_rec,movielens_sample20of200_lambda0.5,1,17,16,16,78.64523942,0,3.466662267,82.11190169
diverse_rec,movielens_sample20of200_lambda0.5,1,17,17,17,79.91356784,0,2.198333847,82.11190169
diverse_rec,movielens_sample20of200_lambda0.5,1,18,0,0,0,0,82.11190169,82.11190169
diverse_rec,movielens_sample20of200_lambda0.5,1,18,1,1,9.28657435,0,72.82532734,82.11190169
diverse_rec,movielens_sample20of200_lambda0.5,1,18,2,2,17.4338746,0,64.67802709,82.11190169
diverse_rec,movielens_sample20of200_lambda0.5,1,18,3,3,25.01708565,0,57.09481604,82.11190169
diverse_rec,movielens_sample20of200_lambda0.5,1,18,4,4,32.16006253,0,49.95183916,82.11190169
diverse_rec,movielens_sample20of200_lambda0.5,1,18,5,5,38.46488372,0,43.64701796,82.11190169
diverse_rec,movielens_sample20of200_lambda0.5,1,18,6,6,44.32216354,0,37.78973815,82.11190169
diverse_rec,movielens_sample20of200_lambda0.5,1,18,7,7,49.73220027,0,32.37970142,82.11190169
diverse_rec,movielens_sample20of200_lambda0.5,1,18,8,8,54.64506029,0,27.4668414,82.11190169
diverse_rec,movielens_sample20of200_lambda0.5,1,18,9,9,59.11716349,0,22.9947382,82.11190169
diverse_rec,movielens_sample20of200_lambda0.5,1,18,10,10,63.06909535,0,19.04280633,82.11190169
diverse_rec,movielens_sample20of200_lambda0.5,1,18,11,11,66.65444364,0,15.45745805,82.11190169
diverse_rec,movielens_sample20of200_lambda0.5,1,18,12,12,69.75282879,0,12.3590729,82.11190169
diverse_rec,movielens_sample20of200_lambda0.5,1,18,13,13,72.47064629,0,9.641255399,82.11190169
diverse_rec,movielens_sample20of200_lambda0.5,1,18,14,14,74.87816586,0,7.233735829,82.11190169
diverse_rec,movielens_sample20of200_lambda0.5,1,18,15,15,76.95631821,0,5.155583475,82.11190169
diverse_rec,movielens_sample20of200_lambda0.5,1,18,16,16,78.64523942,0,3.466662267,82.11190169
diverse_rec,movielens_sample20of200_lambda0.5,1,18,17,17,79.91356784,0,2.198333847,82.11190169
diverse_rec,movielens_sample20of200_lambda0.5,1,18,18,18,80.89862323,0,1.213278459,82.11190169
diverse_rec,movielens_sample20of200_lambda0.5,1,19,0,0,0,0,82.11190169,82.11190169
diverse_rec,movielens_sample20of200_lambda0.5,1,19,1,1,9.28657435,0,72.82532734,82.11190169
diverse_rec,movielens_sample20of200_lambda0.5,1,19,2,2,17.4338746,0,64.67802709,82.11190169
diverse_rec,movielens_sample20of200_lambda0.5,1,19,3,3,25.01708565,0,57.09481604,82.11190169
diverse_rec,movielens_sample20of200_lambda0.5,1,19,4,4,32.16006253,0,49.95183916,82.11190169
diverse_rec,movielens_sample20of200_lambda0.5,1,19,5,5,38.46488372,0,43.64701796,82.11190169
diverse_rec,movielens_sample20of200_lambda0.5,1,19,6,6,44.32216354,0,37.78973815,82.11190169
diverse_rec,movielens_sample20of200_lambda0.5,1,19,7,7,49.73220027,0,32.37970142,82.11190169
diverse_rec,movielens_sample20of200_lambda0.5,1,19,8,8,54.64506029,0,27.4668414,82.11190169
diverse_rec,movielens_sample20of200_lambda0.5,1,19,9,9,59.11716349,0,22.9947382,82.11190169
diverse_rec,movielens_sample20of200_lambda0.5,1,19,10,10,63.06909535,0,19.04280633,82.11190169
diverse_rec,movielens_sample20of200_lambda0.5,1,19,11,11,66.65444364,0,15.45745805,82.11190169
diverse_rec,movielens_sample20of200_lambda0.5,1,19,12,12,69.75282879,0,12.3590729,82.11190169
diverse_rec,movielens_sample20of200_lambda0.5,1,19,13,13,72.47064629,0,9.641255399,82.11190169
diverse_rec,movielens_sample20of200_lambda0.5,1,19,14,14,74.87816586,0,7.233735829,82.11190169
diverse_rec,movielens_sample20of200_lambda0.5,1,19,15,15,76.95631821,0,5.155583475,82.11190169
diverse_rec,movielens_sample20of200_lambda0.5,1,19,16,16,78.64523942,0,3.466662267,82.11190169
diverse_rec,movielens_sample20of200_lambda0.5,1,19,17,17,79.91356784,0,2.198333847,82.11190169
diverse_rec,movielens_sample20of200_lambda0.5,1,19,18,18,80.89862323,0,1.213278459,82.11190169
diverse_rec,movielens_sample20of200_lambda0.5,1,19,19,19,81.61190169,0,0.5,82.11190169
diverse_rec,movielens_sample20of200_lambda0.5,1,20,0,0,0,0,82.11190169,82.11190169
diverse_rec,movielens_sample20of200_lambda0.5,1,20,1,1,9.28657435,0,72.82532734,82.11190169
diverse_rec,movielens_sample20of200_lambda0.5,1,20,2,2,17.4338746,0,64.67802709,82.11190169
diverse_rec,movielens_sample20of200_lambda0.5,1,20,3,3,25.01708565,0,57.09481604,82.11190169
diverse_rec,movielens_sample20of200_lambda0.5,1,20,4,4,32.16006253,0,49.95183916,82.11190169
diverse_rec,movielens_sample20of200_lambda0.5,1,20,5,5,38.46488372,0,43.64701796,82.11190169
diverse_rec,movielens_sample20of200_lambda0.5,1,20,6,6,44.32216354,0,37.78973815,82.11190169
diverse_rec,movielens_sample20of200_lambda0.5,1,20,7,7,49.73220027,0,32.37970142,82.11190169
diverse_rec,movielens_sample20of200_lambda0.5,1,20,8,8,54.64506029,0,27.4668414,82.11190169
diverse_rec,movielens_sample20of200_lambda0.5,1,20,9,9,59.11716349,0,22.9947382,82.11190169
diverse_rec,movielens_sample20of200_lambda0.5,1,20,10,10,63.06909535,0,19.04280633,82.11190169
diverse_rec,movielens_sample20of200_lambda0.5,1,20,11,11,66.65444364,0,15.45745805,82.11190169
diverse_rec,movielens_sample20of200_lambda0.5,1,20,12,12,69.75282879,0,12.3590729,82.11190169
diverse_rec,movielens_sample20of200_lambda0.5,1,20,13,13,72.47064629,0,9.641255399,82.11190169
diverse_rec,movielens_sample20of200_lambda0.5,1,20,14,14,74.87816586,0,7.233735829,82.11190169
diverse_rec,movielens_sample20of200_lambda0.5,1,20,15,15,76.95631821,0,5.155583475,82.11190169
diverse_rec,movielens_sample20of200_lambda0.5,1,20,16,16,78.64523942,0,3.466662267,82.11190169
diverse_rec,movielens_sample20of200_lambda0.5,1,20,17,17,79.91356784,0,2.198333847,82.11190169
diverse_rec,movielens_sample20of200_lambda0.5,1,20,18,18,80.89862323,0,1.213278459,82.11190169
diverse_rec,movielens_sample20of200_lambda0.5,1,20,19,19,81.61190169,0,0.5,82.11190169
diverse_rec,movielens_sample20of200_lambda0.5,1,20,20,20,82.11190169,0,0,82.11190169
diverse_rec,movielens_sample20of200_lambda0.5,2,1,0,0,0,0,9.007074946,9.007074946
diverse_rec,movielens_sample20of200_lambda0.5,2,1,1,1,9.007074946,0,8.409215291,17.41629024
diverse_rec,movielens_sample20of200_lambda0.5,2,2,0,0,0,0,17.4505698,17.4505698
diverse_rec,movielens_sample20of200_lambda0.5,2,2,1,1,9.007074946,0,16.26791661,25.27499156
diverse_rec,movielens_sample20of200_lambda0.5,2,2,2,2,17.41629024,0,14.66839654,32.08468678
diverse_rec,movielens_sample20of200_lambda0.5,2,3,0,0,0,0,25.81066339,25.81066339
diverse_rec,movielens_sample20of200_lambda0.5,2,3,1,1,9.007074946,0,24.09852487,33.10559981
diverse_rec,movielens_sample20of200_lambda0.5,2,3,2,2,17.41629024,0,21.6052957,39.02158594
diverse_rec,movielens_sample20of200_lambda0.5,2,3,3,3,24.79199119,0,19.83344319,44.62543438
diverse_rec,movielens_sample20of200_lambda0.5,2,4,0,0,0,0,34.16199712,34.16199712
diverse_rec,movielens_sample20of200_lambda0.5,2,4,1,1,9.007074946,0,31.52688627,40.53396122
diverse_rec,movielens_sample20of200_lambda0.5,2,4,2,2,17.41629024,0,28.54037414,45.95666438
diverse_rec,movielens_sample20of200_lambda0.5,2,4,3,3,24.79199119,0,26.25955583,51.05154701
diverse_rec,movielens_sample20of200_lambda0.5,2,4,4,4,31.69208148,0,24.27854536,55.97062684
diverse_rec,movielens_sample20of200_lambda0.5,2,5,0,0,0,0,42.0571486,42.0571486
diverse_rec,movielens_sample20of200_lambda0.5,2,5,1,1,9.007074946,0,38.92232653,47.92940147
diverse_rec,movielens_sample20of200_lambda0.5,2,5,2,2,17.41629024,0,35.34506249,52.76135272
diverse_rec,movielens_sample20of200_lambda0.5,2,5,3,3,24.79199119,0,32.67300421,57.4649954
diverse_rec,movielens_sample20of200_lambda0.5,2,5,4,4,31.69208148,0,30.04099317,61.73307465
diverse_rec,movielens_sample20of200_lambda0.5,2,5,5,5,38.03057473,0,27.24376883,65.27434356
diverse_rec,movielens_sample20of200_lambda0.5,2,6,0,0,0,0,49.84146023,49.84146023
diverse_rec,movielens_sample20of200_lambda0.5,2,6,1,1,9.007074946,0,46.21308165,55.22015659
diverse_rec,movielens_sample20of200_lambda0.5,2,6,2,2,17.41629024,0,41.91696182,59.33325206
diverse_rec,movielens_sample20of200_lambda0.5,2,6,3,3,24.79199119,0,38.80204647,63.59403766
diverse_rec,movielens_sample20of200_lambda0.5,2,6,4,4,31.69208148,0,35.61344674,67.30552822
diverse_rec,movielens_sample20of200_lambda0.5,2,6,5,5,38.03057473,0,32.35890577,70.3894805
diverse_rec,movielens_sample20of200_lambda0.5,2,6,6,6,43.68727721,0,29.5809039,73.26818112
diverse_rec,movielens_sample20of200_lambda0.5,2,7,0,0,0,0,57.58524637,57.58524637
diverse_rec,movielens_sample20of200_lambda0.5,2,7,1,1,9.007074946,0,53.13673095,62.14380589
diverse_rec,movielens_sample20of200_lambda0.5,2,7,2,2,17.41629024,0,48.22227741,65.63856765
diverse_rec,movielens_sample20of200_lambda0.5,2,7,3,3,24.79199119,0,44.71419317,69.50618435
diverse_rec,movielens_sample20of200_lambda0.5,2,7,4,4,31.69208148,0,41.01894356,72.71102503
diverse_rec,movielens_sample20of200_lambda0.5,2,7,5,5,38.03057473,0,37.36109545,75.39167018
diverse_rec,movielens_sample20of200_lambda0.5,2,7,6,6,43.68727721,0,34.07096614,77.75824335
diverse_rec,movielens_sample20of200_lambda0.5,2,7,7,7,48.90598694,0,30.743701,79.64968794
diverse_rec,movielens_sample20of200_lambda0.5,2,8,0,0,0,0,64.89548911,64.89548911
diverse_rec,movielens_sample20of200_lambda0.5,2,8,1,1,9.007074946,0,59.85473643,68.86181137
diverse_rec,movielens_sample20of200_lambda0.5,2,8,2,2,17.41629024,0,54.40099001,71.81728024
diverse_rec,movielens_sample20of200_lambda0.5,2,8,3,3,24.79199119,0,50.44614504,75.23813622
diverse_rec,movielens_sample20of200_lambda0.5,2,8,4,4,31.69208148,0,46.21904954,77.91113102
diverse_rec,movielens_sample20of200_lambda0.5,2,8,5,5,38.03057473,0,41.76380731,79.79438203
diverse_rec,movielens_sample20of200_lambda0.5,2,8,6,6,43.68727721,0,36.49879722,80.18607444
diverse_rec,movielens_sample20of200_lambda0.5,2,8,7,7,48.90598694,0,31.28008749,80.18607444
diverse_rec,movielens_sample20of200_lambda0.5,2,8,8,8,53.60473003,0,26.58134441,80.18607444
diverse_rec,movielens_sample20of200_lambda0.5,2,9,0,0,0,0,71.99300792,71.99300792
diverse_rec,movielens_sample20of200_lambda0.5,2,9,1,1,9.007074946,0,66.33252577,75.33960072
diverse_rec,movielens_sample20of200_lambda0.5,2,9,2,2,17.41629024,0,60.49386659,77.91015683
diverse_rec,movielens_sample20of200_lambda0.5,2,9,3,3,24.79199119,0,55.39408325,80.18607444
diverse_rec,movielens_sample20of200_lambda0.5,2,9,4,4,31.69208148,0,48.49399296,80.18607444
diverse_rec,movielens_sample20of200_lambda0.5,2,9,5,5,38.03057473,0,42.15549971,80.18607444
diverse_rec,movielens_sample20of200_lambda0.5,2,9,6,6,43.68727721,0,36.49879722,80.18607444
diverse_rec,movielens_sample20of200_lambda0.5,2,9,7,7,48.90598694,0,31.28008749,80.18607444
diverse_rec,movielens_sample20of200_lambda0.5,2,9,8,8,53.60473003,0,26.58134441,80.18607444
diverse_rec,movielens_sample20of200_lambda0.5,2,9,9,9,57.89304123,0,22.29303321,80.18607444
diverse_rec,movielens_sample20of200_lambda0.5,2,10,0,0,0,0,78.6589078,78.6589078
diverse_rec,movielens_sample20of200_lambda0.5,2,10,1,1,9.007074946,0,71.17899949,80.18607444
diverse_rec,movielens_sample20of200_lambda0.5,2,10,2,2,17.41629024,0,62.7697842,80.18607444
diverse_rec,movielens_sample20of200_lambda0.5,2,10,3,3,24.79199119,0,55.39408325,80.18607444
diverse_rec,movielens_sample20of200_lambda0.5,2,10,4,4,31.69208148,0,48.49399296,80.18607444
diverse_rec,movielens_sample20of200_lambda0.5,2,10,5,5,38.03057473,0,42.15549971,80.18607444
diverse_rec,movielens_sample20of200_lambda0.5,2,10,6,6,43.68727721,0,36.49879722,80.18607444
diverse_rec,movielens_sample20of200_lambda0.5,2,10,7,7,48.90598694,0,31.28008749,80.18607444
diverse_rec,movielens_sample20of200_lambda0.5,2,10,8,8,53.60473003,0,26.58134441,80.18607444
diverse_rec,movielens_sample20of200_lambda0.5,2,10,9,9,57.89304123,0,22.29303321,80.18607444
diverse_rec,movielens_sample20of200_lambda0.5,2,10,10,10,61.80810807,0,18.37796637,80.18607444
diverse_rec,movielens_sample20of200_lambda0.5,2,11,0,0,0,0,80.18607444,80.18607444
diverse_rec,movielens_sample20of200_lambda0.5,2,11,1,1,9.007074946,0,71.17899949,80.18607444
diverse_rec,movielens_sample20of200_lambda0.5,2,11,2,2,17.41629024,0,62.7697842,80.18607444
diverse_rec,movielens_sample20of200_lambda0.5,2,11,3,3,24.79199119,0,55.39408325,80.18607444
diverse_rec,movielens_sample20of200_lambda0.5,2,11,4,4,31.69208148,0,48.49399296,80.18607444
diverse_rec,movielens_sample20of200_lambda0.5,2,11,5,5,38.03057473,0,42.15549971,80.18607444
diverse_rec,movielens_sample20of200_lambda0.5,2,11,6,6,43.68727721,0,36.49879722,80.18607444
diverse_rec,movielens_sample20of200_lambda0.5,2,11,7,7,48.90598694,0,31.28008749,80.18607444
diverse_rec,movielens_sample20of200_lambda0.5,2,11,8,8,53.60473003,0,26.58134441,80.18607444
diverse_rec,movielens_sample20of200_lambda0.5,2,11,9,9,57.89304123,0,22.29303321,80.18607444
diverse_rec,movielens_sample20of200_lambda0.5,2,11,10,10,61.80810807,0,18.37796637,80.18607444
diverse_rec,movielens_sample20of200_lambda0.5,2,11,11,11,65.27434356,0,14.91173088,80.18607444
diverse_rec,movielens_sample20of200_lambda0.5,2,12,0,0,0,0,80.18607444,80.18607444
diverse_rec,movielens_sample20of200_lambda0.5,2,12,1,1,9.007074946,0,71.17899949,80.18607444
diverse_rec,movielens_sample20of200_lambda0.5,2,12,2,2,17.41629024,0,62.7697842,80.18607444
diverse_rec,movielens_sample20of200_lambda0.5,2,12,3,3,24.79199119,0,55.39408325,80.18607444
diverse_rec,movielens_sample20of200_lambda0.5,2,12,4,4,31.69208148,0,48.49399296,80.18607444
diverse_rec,movielens_sample20of200_lambda0.5,2,12,5,5,38.03057473,0,42.15549971,80.18607444
diverse_rec,movielens_sample20of200_lambda0.5,2,12,6,6,43.68727721,0,36.49879722,80.18607444
diverse_rec,movielens_sample20of200_lambda0.5,2,12,7,7,48.90598694,0,31.28008749,80.18607444
diverse_rec,movielens_sample20of200_lambda0.5,2,12,8,8,53.60473003,0,26.58134441,80.18607444
diverse_rec,movielens_sample20of200_lambda0.5,2,12,9,9,57.89304123,0,22.29303321,80.18607444
diverse_rec,movielens_sample20of200_lambda0.5,2,12,10,10,61.80810807,0,18.37796637,80.18607444
diverse_rec,movielens_sample20of200_lambda0.5,2,12,11,11,65.27434356,0,14.91173088,80.18607444
diverse_rec,movielens_sample20of200_lambda0.5,2,12,12,12,68.22009463,0,11.96597981,80.18607444
diverse_rec,movielens_sample20of200_lambda0.5,2,13,0,0,0,0,80.18607444,80.18607444
diverse_rec,movielens_sample20of200_lambda0.5,2,13,1,1,9.007074946,0,71.17899949,80.18607444
diverse_rec,movielens_sample20of200_lambda0.5,2,13,2,2,17.41629024,0,62.7697842,80.18607444
diverse_rec,movielens_sample20of200_lambda0.5,2,13,3,3,24.79199119,0,55.39408325,80.18607444
diverse_rec,movielens_sample20of200_lambda0.5,2,13,4,4,31.69208148,0,48.49399296,80.18607444
diverse_rec,movielens_sample20of200_lambda0.5,2,13,5,5,38.03057473,0,42.15549971,80.18607444
diverse_rec,movielens_sample20of200_lambda0.5,2,13,6,6,43.68727721,0,36.49879722,80.18607444
diverse_rec,movielens_sample20of200_lambda0.5,2,13,7,7,48.90598694,0,31.28008749,80.18607444
diverse_rec,movielens_sample20of200_lambda0.5,2,13,8,8,53.60473003,0,26.58134441,80.18607444
diverse_rec,movielens_sample20of200_lambda0.5,2,13,9,9,57.89304123,0,22.29303321,80.18607444
diverse_rec,movielens_sample20of200_lambda0.5,2,13,10,10,61.80810807,0,18.37796637,80.18607444
diverse_rec,movielens_sample20of200_lambda0.5,2,13,11,11,65.27434356,0,14.91173088,80.18607444
diverse_rec,movielens_sample20of200_lambda0.5,2,13,12,12,68.22009463,0,11.96597981,80.18607444
diverse_rec,movielens_sample20of200_lambda0.5,2,13,13,13,70.87856448,0,9.307509961,80.18607444
diverse_rec,movielens_sample20of200_lambda0.5,2,14,0,0,0,0,80.18607444,80.18607444
diverse_rec,movielens_sample20of200_lambda0.5,2,14,1,1,9.007074946,0,71.17899949,80.18607444
diverse_rec,movielens_sample20of200_lambda0.5,2,14,2,2,17.41629024,0,62.7697842,80.18607444
diverse_rec,movielens_sample20of200_lambda0.5,2,14,3,3,24.79199119,0,55.39408325,80.18607444
diverse_rec,movielens_sample20of200_lambda0.5,2,14,4,4,31.69208148,0,48.49399296,80.18607444
diverse_rec,movielens_sample20of200_lambda0.5,2,14,5,5,38.03057473,0,42.15549971,80.18607444
diverse_rec,movielens_sample20of200_lambda0.5,2,14,6,6,43.68727721,0,36.49879722,80.18607444
diverse_rec,movielens_sample20of200_lambda0.5,2,14,7,7,48.90598694,0,31.28008749,80.18607444
diverse_rec,movielens_sample20of200_lambda0.5,2,14,8,8,53.60473003,0,26.58134441,80.18607444
diverse_rec,movielens_sample20of200_lambda0.5,2,14,9,9,57.89304123,0,22.29303321,80.18607444
diverse_rec,movielens_sample20of200_lambda0.5,2,14,10,10,61.80810807,0,18.37796637,80.18607444
diverse_rec,movielens_sample20of200_lambda0.5,2,14,11,11,65.27434356,0,14.91173088,80.18607444
diverse_rec,movielens_sample20of200_lambda0.5,2,14,12,12,68.22009463,0,11.96597981,80.18607444
diverse_rec,movielens_sample20of200_lambda0.5,2,14,13,13,70.87856448,0,9.307509961,80.18607444
diverse_rec,movielens_sample20of200_lambda0.5,2,14,14,14,73.10979205,0,7.076282385,80.18607444
diverse_rec,movielens_sample20of200_lambda0.5,2,15,0,0,0,0,80.18607444,80.18607444
diverse_rec,movielens_sample20of200_lambda0.5,2,15,1,1,9.007074946,0,71.17899949,80.18607444
diverse_rec,movielens_sample20of200_lambda0.5,2,15,2,2,17.41629024,0,62.7697842,80.18607444
diverse_rec,movielens_sample20of200_lambda0.5,2,15,3,3,24.79199119,0,55.39408325,80.18607444
diverse_rec,movielens_sample20of200_lambda0.5,2,15,4,4,31.69208148,0,48.49399296,80.18607444
diverse_rec,movielens_sample20of200_lambda0.5,2,15,5,5,38.03057473,0,42.15549971,80.18607444
diverse_rec,movielens_sample20of200_lambda0.5,2,15,6,6,43.68727721,0,36.49879722,80.18607444
diverse_rec,movielens_sample20of200_lambda0.5,2,15,7,7,48.90598694,0,31.28008749,80.18607444
diverse_rec,movielens_sample20of200_lambda0.5,2,15,8,8,53.60473003,0,26.58134441,80.18607444
diverse_rec,movielens_sample20of200_lambda0.5,2,15,9,9,57.89304123,0,22.29303321,80.18607444
diverse_rec,movielens_sample20of200_lambda0.5,2,15,10,10,61.80810807,0,18.37796637,80.18607444
diverse_rec,movielens_sample20of200_lambda0.5,2,15,11,11,65.27434356,0,14.91173088,80.18607444
diverse_rec,movielens_sample20of200_lambda0.5,2,15,12,12,68.22009463,0,11.96597981,80.18607444
diverse_rec,movielens_sample20of200_lambda0.5,2,15,13,13,70.87856448,0,9.307509961,80.18607444
diverse_rec,movielens_sample20of200_lambda0.5,2,15,14,14,73.10979205,0,7.076282385,80.18607444
diverse_rec,movielens_sample20of200_lambda0.5,2,15,15,15,75.05268106,0,5.133393381,80.18607444
diverse_rec,movielens_sample20of200_lambda0.5,2,16,0,0,0,0,80.18607444,80.18607444
diverse_rec,movielens_sample20of200_lambda0.5,2,16,1,1,9.007074946,0,71.17899949,80.18607444
diverse_rec,movielens_sample20of200_lambda0.5,2,16,2,2,17.41629024,0,62.7697842,80.18607444
diverse_rec,movielens_sample20of200_lambda0.5,2,16,3,3,24.79199119,0,55.39408325,80.18607444
diverse_rec,movielens_sample20of200_lambda0.5,2,16,4,4,31.69208148,0,48.49399296,80.18607444
diverse_rec,movielens_sample20of200_lambda0.5,2,16,5,5,38.03057473,0,42.15549971,80.18607444
diverse_rec,movielens_sample20of200_lambda0.5,2,16,6,6,43.68727721,0,36.49879722,80.18607444
diverse_rec,movielens_sample20of200_lambda0.5,2,16,7,7,48.90598694,0,31.28008749,80.18607444
diverse_rec,movielens_sample20of200_lambda0.5,2,16,8,8,53.60473003,0,26.58134441,80.18607444
diverse_rec,movielens_sample20of200_lambda0.5,2,16,9,9,57.89304123,0,22.29303321,80.18607444
diverse_rec,movielens_sample20of200_lambda0.5,2,16,10,10,61.80810807,0,18.37796637,80.18607444
diverse_rec,movielens_sample20of200_lambda0.5,2,16,11,11,65.27434356,0,14.91173088,80.18607444
diverse_rec,movielens_sample20of200_lambda0.5,2,16,12,12,68.22009463,0,11.96597981,80.18607444
diverse_rec,movielens_sample20of200_lambda0.5,2,16,13,13,70.87856448,0,9.307509961,80.18607444
diverse_rec,movielens_sample20of200_lambda0.5,2,16,14,14,73.10979205,0,7.076282385,80.18607444
diverse_rec,movielens_sample20of200_lambda0.5,2,16,15,15,75.05268106,0,5.133393381,80.18607444
diverse_rec,movielens_sample20of200_lambda0.5,2,16,16,16,76.69904033,0,3.487034108,80.18607444
diverse_rec,movielens_sample20of200_lambda0.5,2,17,0,0,0,0,80.18607444,80.18607444
diverse_rec,movielens_sample20of200_lambda0.5,2,17,1,1,9.007074946,0,71.17899949,80.18607444
diverse_rec,movielens_sample20of200_lambda0.5,2,17,2,2,17.41629024,0,62.7697842,80.18607444
diverse_rec,movielens_sample20of200_lambda0.5,2,17,3,3,24.79199119,0,55.39408325,80.18607444
diverse_rec,movielens_sample20of200_lambda0.5,2,17,4,4,31.69208148,0,48.49399296,80.18607444
diverse_rec,movielens_sample20of200_lambda0.5,2,17,5,5,38.03057473,0,42.15549971,80.18607444
diverse_rec,movielens_sample20of200_lambda0.5,2,17,6,6,43.68727721,0,36.49879722,80.18607444
diverse_rec,movielens_sample20of200_lambda0.5,2,17,7,7,48.90598694,0,31.28008749,80.18607444
diverse_rec,movielens_sample20of200_lambda0.5,2,17,8,8,53.60473003,0,26.58134441,80.18607444
diverse_rec,movielens_sample20of200_lambda0.5,2,17,9,9,57.89304123,0,22.29303321,80.18607444
diverse_rec,movielens_sample20of200_lambda0.5,2,17,10,10,61.80810807,0,18.37796637,80.18607444
diverse_rec,movielens_sample20of200_lambda0.5,2,17,11,11,65.27434356,0,14.91173088,80.18607444
diverse_rec,movielens_sample20of200_lambda0.5,2,17,12,12,68.22009463,0,11.96597981,80.18607444
diverse_rec,movielens_sample20of200_lambda0.5,2,17,13,13,70.87856448,0,9.307509961,80.18607444
diverse_rec,movielens_sample20of200_lambda0.5,2,17,14,14,73.10979205,0,7.076282385,80.18607444
diverse_rec,movielens_sample20of200_lambda0.5,2,17,15,15,75.05268106,0,5.133393381,80.18607444
diverse_rec,movielens_sample20of200_lambda0.5,2,17,16,16,76.69904033,0,3.487034108,80.18607444
diverse_rec,movielens_sample20of200_lambda0.5,2,17,17,17,78.0311156,0,2.154958838,80.18607444
diverse_rec,movielens_sample20of200_lambda0.5,2,18,0,0,0,0,80.18607444,80.18607444
diverse_rec,movielens_sample20of200_lambda0.5,2,18,1,1,9.007074946,0,71.17899949,80.18607444
diverse_rec,movielens_sample20of200_lambda0.5,2,18,2,2,17.41629024,0,62.7697842,80.18607444
diverse_rec,movielens_sample20of200_lambda0.5,2,18,3,3,24.79199119,0,55.39408325,80.18607444
diverse_rec,movielens_sample20of200_lambda0.5,2,18,4,4,31.69208148,0,48.49399296,80.18607444
diverse_rec,movielens_sample20of200_lambda0.5,2,18,5,5,38.03057473,0,42.15549971,80.18607444
diverse_rec,movielens_sample20of200_lambda0.5,2,18,6,6,43.68727721,0,36.49879722,80.18607444
diverse_rec,movielens_sample20of200_lambda0.5,2,18,7,7,48.90598694,0,31.28008749,80.18607444
diverse_rec,movielens_sample20of200_lambda0.5,2,18,8,8,53.60473003,0,26.58134441,80.18607444
diverse_rec,movielens_sample20of200_lambda0.5,2,18,9,9,57.89304123,0,22.29303321,80.18607444
diverse_rec,movielens_sample20of200_lambda0.5,2,18,10,10,61.80810807,0,18.37796637,80.18607444
diverse_rec,movielens_sample20of200_lambda0.5,2,18,11,11,65.27434356,0,14.91173088,80.18607444
diverse_rec,movielens_sample20of200_lambda0.5,2,18,12,12,68.22009463,0,11.96597981,80.18607444
diverse_rec,movielens_sample20of200_lambda0.5,2,18,13,13,70.87856448,0,9.307509961,80.18607444
diverse_rec,movielens_sample20of200_lambda0.5,2,18,14,14,73.10979205,0,7.076282385,80.18607444
diverse_rec,movielens_sample20of200_lambda0.5,2,18,15,15,75.05268106,0,5.133393381,80.18607444
diverse_rec,movielens_sample20of200_lambda0.5,2,18,16,16,76.69904033,0,3.487034108,80.18607444
diverse_rec,movielens_sample20of200_lambda0.5,2,18,17,17,78.0311156,0,2.154958838,80.18607444
diverse_rec,movielens_sample20of200_lambda0.5,2,18,18,18,79.0197615,0,1.166312938,80.18607444
diverse_rec,movielens_sample20of200_lambda0.5,2,19,0,0,0,0,80.18607444,80.18607444
diverse_rec,movielens_sample20of200_lambda0.5,2,19,1,1,9.007074946,0,71.17899949,80.18607444
diverse_rec,movielens_sample20of200_lambda0.5,2,19,2,2,17.41629024,0,62.7697842,80.18607444
diverse_rec,movielens_sample20of200_lambda0.5,2,19,3,3,24.79199119,0,55.39408325,80.18607444
diverse_rec,movielens_sample20of200_lambda0.5,2,19,4,4,31.69208148,0,48.49399296,80.18607444
diverse_rec,movielens_sample20of200_lambda0.5,2,19,5,5,38.03057473,0,42.15549971,80.18607444
diverse_rec,movielens_sample20of200_lambda0.5,2,19,6,6,43.68727721,0,36.49879722,80.18607444
diverse_rec,movielens_sample20of200_lambda0.5,2,19,7,7,48.90598694,0,31.28008749,80.18607444
diverse_rec,movielens_sample20of200_lambda0.5,2,19,8,8,53.60473003,0,26.58134441,80.18607444
diverse_rec,movielens_sample20of200_lambda0.5,2,19,9,9,57.89304123,0,22.29303321,80.18607444
diverse_rec,movielens_sample20of200_lambda0.5,2,19,10,10,61.80810807,0,18.37796637,80.18607444
diverse_rec,movielens_sample20of200_lambda0.5,2,19,11,11,65.27434356,0,14.91173088,80.18607444
diverse_rec,movielens_sample20of200_lambda0.5,2,19,12,12,68.22009463,0,11.96597981,80.18607444
diverse_rec,movielens_sample20of200_lambda0.5,2,19,13,13,70.87856448,0,9.307509961,80.18607444
diverse_rec,movielens_sample20of200_lambda0.5,2,19,14,14,73.10979205,0,7.076282385,80.18607444
diverse_rec,movielens_sample20of200_lambda0.5,2,19,15,15,75.05268106,0,5.133393381,80.18607444
diverse_rec,movielens_sample20of200_lambda0.5,2,19,16,16,76.69904033,0,3.487034108,80.18607444
diverse_rec,movielens_sample20of200_lambda0.5,2,19,17,17,78.0311156,0,2.154958838,80.18607444
diverse_rec,movielens_sample20of200_lambda0.5,2,19,18,18,79.0197615,0,1.166312938,80.18607444
diverse_rec,movielens_sample20of200_lambda0.5,2,19,19,19,79.68607444,0,0.5,80.18607444
diverse_rec,movielens_sample20of200_lambda0.5,2,20,0,0,0,0,80.18607444,80.18607444
diverse_rec,movielens_sample20of200_lambda0.5,2,20,1,1,9.007074946,0,71.17899949,80.18607444
diverse_rec,movielens_sample20of200_lambda0.5,2,20,2,2,17.41629024,0,62.7697842,80.18607444
diverse_rec,movielens_sample20of200_lambda0.5,2,20,3,3,24.79199119,0,55.39408325,80.18607444
diverse_rec,movielens_sample20of200_lambda0.5,2,20,4,4,31.69208148,0,48.49399296,80.18607444
diverse_rec,movielens_sample20of200_lambda0.5,2,20,5,5,38.03057473,0,42.15549971,80.18607444
diverse_rec,movielens_sample20of200_lambda0.5,2,20,6,6,43.68727721,0,36.49879722,80.18607444
diverse_rec,movielens_sample20of200_lambda0.5,2,20,7,7,48.90598694,0,31.28008749,80.18607444
diverse_rec,movielens_sample20of200_lambda0.5,2,20,8,8,53.60473003,0,26.58134441,80.18607444
diverse_rec,movielens_sample20of200_lambda0.5,2,20,9,9,57.89304123,0,22.29303321,80.18607444
diverse_rec,movielens_sample20of200_lambda0.5,2,20,10,10,61.80810807,0,18.37796637,80.18607444
diverse_rec,movielens_sample20of200_lambda0.5,2,20,11,11,65.27434356,0,14.91173088,80.18607444
diverse_rec,movielens_sample20of200_lambda0.5,2,20,12,12,68.22009463,0,11.96597981,80.18607444
diverse_rec,movielens_sample20of200_lambda0.5,2,20,13,13,70.87856448,0,9.307509961,80.18607444
diverse_rec,movielens_sample20of200_lambda0.5,2,20,14,14,73.10979205,0,7.076282385,80.18607444
diverse_rec,movielens_sample20of200_lambda0.5,2,20,15,15,75.05268106,0,5.133393381,80.18607444
diverse_rec,movielens_sample20of200_lambda0.5,2,20,16,16,76.69904033,0,3.487034108,80.18607444
diverse_rec,movielens_sample20of200_lambda0.5,2,20,17,17,78.0311156,0,2.154958838,80.18607444
diverse_rec,movielens_sample20of200_lambda0.5,2,20,18,18,79.0197615,0,1.166312938,80.18607444
diverse_rec,movielens_sample20of200_lambda0.5,2,20,19,19,79.68607444,0,0.5,80.18607444
diverse_rec,movielens_sample20of200_lambda0.5,2,20,20,20,80.18607444,0,0,80.18607444
diverse_rec,movielens_sample20of200_lambda0.5,3,1,0,0,0,0,8.744091739,8.744091739
diverse_rec,movielens_sample20of200_lambda0.5,3,1,1,1,8.744091739,0,7.495411579,16.23950332
diverse_rec,movielens_sample20of200_lambda0.5,3,2,0,0,0,0,16.72417991,16.72417991
diverse_rec,movielens_sample20of200_lambda0.5,3,2,1,1,8.744091739,0,14.81298359,23.55707533
diverse_rec,movielens_sample20of200_lambda0.5,3,2,2,2,16.23950332,0,13.80659554,30.04609886
diverse_rec,movielens_sample20of200_lambda0.5,3,3,0,0,0,0,24.52450078,24.52450078
diverse_rec,movielens_sample20of200_lambda0.5,3,3,1,1,8.744091739,0,22.1152648,30.85935653
diverse_rec,movielens_sample20of200_lambda0.5,3,3,2,2,16.23950332,0,20.64180916,36.88131247
diverse_rec,movielens_sample20of200_lambda0.5,3,3,3,3,23.1881155,0,19.19493254,42.38304804
diverse_rec,movielens_sample20of200_lambda0.5,3,4,0,0,0,0,32.28716748,32.28716748
diverse_rec,movielens_sample20of200_lambda0.5,3,4,1,1,8.744091739,0,29.41456247,38.15865421
diverse_rec,movielens_sample20of200_lambda0.5,3,4,2,2,16.23950332,0,27.24453848,43.48404179
diverse_rec,movielens_sample20of200_lambda0.5,3,4,3,3,23.1881155,0,25.39103298,48.57914848
diverse_rec,movielens_sample20of200_lambda0.5,3,4,4,4,29.70574606,0,23.2963798,53.00212586
diverse_rec,movielens_sample20of200_lambda0.5,3,5,0,0,0,0,40.0046378,40.0046378
diverse_rec,movielens_sample20of200_lambda0.5,3,5,1,1,8.744091739,0,36.38181232,45.12590405
diverse_rec,movielens_sample20of200_lambda0.5,3,5,2,2,16.23950332,0,33.82943342,50.06893674
diverse_rec,movielens_sample20of200_lambda0.5,3,5,3,3,23.1881155,0,31.50367734,54.69179284
diverse_rec,movielens_sample20of200_lambda0.5,3,5,4,4,29.70574606,0,29.02351915,58.72926521
diverse_rec,movielens_sample20of200_lambda0.5,3,5,5,5,35.71268638,0,27.06119663,62.77388301
diverse_rec,movielens_sample20of200_lambda0.5,3,6,0,0,0,0,47.39450987,47.39450987
diverse_rec,movielens_sample20of200_lambda0.5,3,6,1,1,8.744091739,0,43.32276661,52.06685835
diverse_rec,movielens_sample20of200_lambda0.5,3,6,2,2,16.23950332,0,40.31850621,56.55800952
diverse_rec,movielens_sample20of200_lambda0.5,3,6,3,3,23.1881155,0,37.58079075,60.76890624
diverse_rec,movielens_sample20of200_lambda0.5,3,6,4,4,29.70574606,0,34.71650148,64.42224753
diverse_rec,movielens_sample20of200_lambda0.5,3,6,5,5,35.71268638,0,32.33500723,68.04769361
diverse_rec,movielens_sample20of200_lambda0.5,3,6,6,6,41.28661508,0,29.80566616,71.09228124
diverse_rec,movielens_sample20of200_lambda0.5,3,7,0,0,0,0,54.76431544,54.76431544
diverse_rec,movielens_sample20of200_lambda0.5,3,7,1,1,8.744091739,0,50.2540829,58.99817464
diverse_rec,movielens_sample20of200_lambda0.5,3,7,2,2,16.23950332,0,46.73652831,62.97603163
diverse_rec,movielens_sample20of200_lambda0.5,3,7,3,3,23.1881155,0,43.60162951,66.78974501
diverse_rec,movielens_sample20of200_lambda0.5,3,7,4,4,29.70574606,0,40.30804362,70.01378968
diverse_rec,movielens_sample20of200_lambda0.5,3,7,5,5,35.71268638,0,37.5497955,73.26248188
diverse_rec,movielens_sample20of200_lambda0.5,3,7,6,6,41.28661508,0,34.58905561,75.87567069
diverse_rec,movielens_sample20of200_lambda0.5,3,7,7,7,46.36870308,0,31.68654259,78.05524567
diverse_rec,movielens_sample20of200_lambda0.5,3,8,0,0,0,0,62.07772001,62.07772001
diverse_rec,movielens_sample20of200_lambda0.5,3,8,1,1,8.744091739,0,57.00155517,65.74564691
diverse_rec,movielens_sample20of200_lambda0.5,3,8,2,2,16.23950332,0,53.13043683,69.36994015
diverse_rec,movielens_sample20of200_lambda0.5,3,8,3,3,23.1881155,0,49.56034158,72.74845708
diverse_rec,movielens_sample20of200_lambda0.5,3,8,4,4,29.70574606,0,45.88975478,75.59550084
diverse_rec,movielens_sample20of200_lambda0.5,3,8,5,5,35.71268638,0,42.5152956,78.22798199
diverse_rec,movielens_sample20of200_lambda0.5,3,8,6,6,41.28661508,0,37.46132464,78.74793972
diverse_rec,movielens_sample20of200_lambda0.5,3,8,7,7,46.36870308,0,32.37923665,78.74793972
diverse_rec,movielens_sample20of200_lambda0.5,3,8,8,8,51.11717426,0,27.63076547,78.74793972
diverse_rec,movielens_sample20of200_lambda0.5,3,9,0,0,0,0,69.22601874,69.22601874
diverse_rec,movielens_sample20of200_lambda0.5,3,9,1,1,8.744091739,0,63.73442584,72.47851757
diverse_rec,movielens_sample20of200_lambda0.5,3,9,2,2,16.23950332,0,59.39966926,75.63917258
diverse_rec,movielens_sample20of200_lambda0.5,3,9,3,3,23.1881155,0,55.01485316,78.20296865
diverse_rec,movielens_sample20of200_lambda0.5,3,9,4,4,29.70574606,0,49.04219366,78.74793972
diverse_rec,movielens_sample20of200_lambda0.5,3,9,5,5,35.71268638,0,43.03525334,78.74793972
diverse_rec,movielens_sample20of200_lambda0.5,3,9,6,6,41.28661508,0,37.46132464,78.74793972
diverse_rec,movielens_sample20of200_lambda0.5,3,9,7,7,46.36870308,0,32.37923665,78.74793972
diverse_rec,movielens_sample20of200_lambda0.5,3,9,8,8,51.11717426,0,27.63076547,78.74793972
diverse_rec,movielens_sample20of200_lambda0.5,3,9,9,9,55.44903015,0,23.29890957,78.74793972
diverse_rec,movielens_sample20of200_lambda0.5,3,10,0,0,0,0,76.29647254,76.29647254
diverse_rec,movielens_sample20of200_lambda0.5,3,10,1,1,8.744091739,0,69.63259838,78.37669012
diverse_rec,movielens_sample20of200_lambda0.5,3,10,2,2,16.23950332,0,62.5084364,78.74793972
diverse_rec,movielens_sample20of200_lambda0.5,3,10,3,3,23.1881155,0,55.55982423,78.74793972
diverse_rec,movielens_sample20of200_lambda0.5,3,10,4,4,29.70574606,0,49.04219366,78.74793972
diverse_rec,movielens_sample20of200_lambda0.5,3,10,5,5,35.71268638,0,43.03525334,78.74793972
diverse_rec,movielens_sample20of200_lambda0.5,3,10,6,6,41.28661508,0,37.46132464,78.74793972
diverse_rec,movielens_sample20of200_lambda0.5,3,10,7,7,46.36870308,0,32.37923665,78.74793972
diverse_rec,movielens_sample20of200_lambda0.5,3,10,8,8,51.11717426,0,27.63076547,78.74793972
diverse_rec,movielens_sample20of200_lambda0.5,3,10,9,9,55.44903015,0,23.29890957,78.74793972
diverse_rec,movielens_sample20of200_lambda0.5,3,10,10,10,59.39128217,0,19.35665755,78.74793972
diverse_rec,movielens_sample20of200_lambda0.5,3,11,0,0,0,0,78.74793972,78.74793972
diverse_rec,movielens_sample20of200_lambda0.5,3,11,1,1,8.744091739,0,70.00384798,78.74793972
diverse_rec,movielens_sample20of200_lambda0.5,3,11,2,2,16.23950332,0,62.5084364,78.74793972
diverse_rec,movielens_sample20of200_lambda0.5,3,11,3,3,23.1881155,0,55.55982423,78.74793972
diverse_rec,movielens_sample20of200_lambda0.5,3,11,4,4,29.70574606,0,49.04219366,78.74793972
diverse_rec,movielens_sample20of200_lambda0.5,3,11,5,5,35.71268638,0,43.03525334,78.74793972
diverse_rec,movielens_sample20of200_lambda0.5,3,11,6,6,41.28661508,0,37.46132464,78.74793972
diverse_rec,movielens_sample20of200_lambda0.5,3,11,7,7,46.36870308,0,32.37923665,78.74793972
diverse_rec,movielens_sample20of200_lambda0.5,3,11,8,8,51.11717426,0,27.63076547,78.74793972
diverse_rec,movielens_sample20of200_lambda0.5,3,11,9,9,55.44903015,0,23.29890957,78.74793972
diverse_rec,movielens_sample20of200_lambda0.5,3,11,10,10,59.39128217,0,19.35665755,78.74793972
diverse_rec,movielens_sample20of200_lambda0.5,3,11,11,11,62.88430583,0,15.8636339,78.74793972
diverse_rec,movielens_sample20of200_lambda0.5,3,12,0,0,0,0,78.74793972,78.74793972
diverse_rec,movielens_sample20of200_lambda0.5,3,12,1,1,8.744091739,0,70.00384798,78.74793972
diverse_rec,movielens_sample20of200_lambda0.5,3,12,2,2,16.23950332,0,62.5084364,78.74793972
diverse_rec,movielens_sample20of200_lambda0.5,3,12,3,3,23.1881155,0,55.55982423,78.74793972
diverse_rec,movielens_sample20of200_lambda0.5,3,12,4,4,29.70574606,0,49.04219366,78.74793972
diverse_rec,movielens_sample20of200_lambda0.5,3,12,5,5,35.71268638,0,43.03525334,78.74793972
diverse_rec,movielens_sample20of200_lambda0.5,3,12,6,6,41.28661508,0,37.46132464,78.74793972
diverse_rec,movielens_sample20of200_lambda0.5,3,12,7,7,46.36870308,0,32.37923665,78.74793972
diverse_rec,movielens_sample20of200_lambda0.5,3,12,8,8,51.11717426,0,27.63076547,78.74793972
diverse_rec,movielens_sample20of200_lambda0.5,3,12,9,9,55.44903015,0,23.29890957,78.74793972
diverse_rec,movielens_sample20of200_lambda0.5,3,12,10,10,59.39128217,0,19.35665755,78.74793972
diverse_rec,movielens_sample20of200_lambda0.5,3,12,11,11,62.88430583,0,15.8636339,78.74793972
diverse_rec,movielens_sample20of200_lambda0.5,3,12,12,12,66.0492435,0,12.69869623,78.74793972
diverse_rec,movielens_sample20of200_lambda0.5,3,13,0,0,0,0,78.74793972,78.74793972
diverse_rec,movielens_sample20of200_lambda0.5,3,13,1,1,8.744091739,0,70.00384798,78.74793972
diverse_rec,movielens_sample20of200_lambda0.5,3,13,2,2,16.23950332,0,62.5084364,78.74793972
diverse_rec,movielens_sample20of200_lambda0.5,3,13,3,3,23.1881155,0,55.55982423,78.74793972
diverse_rec,movielens_sample20of200_lambda0.5,3,13,4,4,29.70574606,0,49.04219366,78.74793972
diverse_rec,movielens_sample20of200_lambda0.5,3,13,5,5,35.71268638,0,43.03525334,78.74793972
diverse_rec,movielens_sample20of200_lambda0.5,3,13,6,6,41.28661508,0,37.46132464,78.74793972
diverse_rec,movielens_sample20of200_lambda0.5,3,13,7,7,46.36870308,0,32.37923665,78.74793972
diverse_rec,movielens_sample20of200_lambda0.5,3,13,8,8,51.11717426,0,27.63076547,78.74793972
diverse_rec,movielens_sample20of200_lambda0.5,3,13,9,9,55.44903015,0,23.29890957,78.74793972
diverse_rec,movielens_sample20of200_lambda0.5,3,13,10,10,59.39128217,0,19.35665755,78.74793972
diverse_rec,movielens_sample20of200_lambda0.5,3,13,11,11,62.88430583,0,15.8636339,78.74793972
diverse_rec,movielens_sample20of200_lambda0.5,3,13,12,12,66.0492435,0,12.69869623,78.74793972
diverse_rec,movielens_sample20of200_lambda0.5,3,13,13,13,68.85023867,0,9.897701056,78.74793972
diverse_rec,movielens_sample20of200_lambda0.5,3,14,0,0,0,0,78.74793972,78.74793972
diverse_rec,movielens_sample20of200_lambda0.5,3,14,1,1,8.744091739,0,70.00384798,78.74793972
diverse_rec,movielens_sample20of200_lambda0.5,3,14,2,2,16.23950332,0,62.5084364,78.74793972
diverse_rec,movielens_sample20of200_lambda0.5,3,14,3,3,23.1881155,0,55.55982423,78.74793972
diverse_rec,movielens_sample20of200_lambda0.5,3,14,4,4,29.70574606,0,49.04219366,78.74793972
diverse_rec,movielens_sample20of200_lambda0.5,3,14,5,5,35.71268638,0,43.03525334,78.74793972
diverse_rec,movielens_sample20of200_lambda0.5,3,14,6,6,41.28661508,0,37.46132464,78.74793972
diverse_rec,movielens_sample20of200_lambda0.5,3,14,7,7,46.36870308,0,32.37923665,78.74793972
diverse_rec,movielens_sample20of200_lambda0.5,3,14,8,8,51.11717426,0,27.63076547,78.74793972
diverse_rec,movielens_sample20of200_lambda0.5,3,14,9,9,55.44903015,0,23.29890957,78.74793972
diverse_rec,movielens_sample20of200_lambda0.5,3,14,10,10,59.39128217,0,19.35665755,78.74793972
diverse_rec,movielens_sample20of200_lambda0.5,3,14,11,11,62.88430583,0,15.8636339,78.74793972
diverse_rec,movielens_sample20of200_lambda0.5,3,14,12,12,66.0492435,0,12.69869623,78.74793972
diverse_rec,movielens_sample20of200_lambda0.5,3,14,13,13,68.85023867,0,9.897701056,78.74793972
diverse_rec,movielens_sample20of200_lambda0.5,3,14,14,14,71.30443474,0,7.443504979,78.74793972
diverse_rec,movielens_sample20of200_lambda0.5,3,15,0,0,0,0,78.74793972,78.74793972
diverse_rec,movielens_sample20of200_lambda0.5,3,15,1,1,8.744091739,0,70.00384798,78.74793972
diverse_rec,movielens_sample20of200_lambda0.5,3,15,2,2,16.23950332,0,62.5084364,78.74793972
diverse_rec,movielens_sample20of200_lambda0.5,3,15,3,3,23.1881155,0,55.55982423,78.74793972
diverse_rec,movielens_sample20of200_lambda0.5,3,15,4,4,29.70574606,0,49.04219366,78.74793972
diverse_rec,movielens_sample20of200_lambda0.5,3,15,5,5,35.71268638,0,43.03525334,78.74793972
diverse_rec,movielens_sample20of200_lambda0.5,3,15,6,6,41.28661508,0,37.46132464,78.74793972
diverse_rec,movielens_sample20of200_lambda0.5,3,15,7,7,46.36870308,0,32.37923665,78.74793972
diverse_rec,movielens_sample20of200_lambda0.5,3,15,8,8,51.11717426,0,27.63076547,78.74793972
diverse_rec,movielens_sample20of200_lambda0.5,3,15,9,9,55.44903015,0,23.29890957,78.74793972
diverse_rec,movielens_sample20of200_lambda0.5,3,15,10,10,59.39128217,0,19.35665755,78.74793972
diverse_rec,movielens_sample20of200_lambda0.5,3,15,11,11,62.88430583,0,15.8636339,78.74793972
diverse_rec,movielens_sample20of200_lambda0.5,3,15,12,12,66.0492435,0,12.69869623,78.74793972
diverse_rec,movielens_sample20of200_lambda0.5,3,15,13,13,68.85023867,0,9.897701056,78.74793972
diverse_rec,movielens_sample20of200_lambda0.5,3,15,14,14,71.30443474,0,7.443504979,78.74793972
diverse_rec,movielens_sample20of200_lambda0.5,3,15,15,15,73.38007716,0,5.367862559,78.74793972
diverse_rec,movielens_sample20of200_lambda0.5,3,16,0,0,0,0,78.74793972,78.74793972
diverse_rec,movielens_sample20of200_lambda0.5,3,16,1,1,8.744091739,0,70.00384798,78.74793972
diverse_rec,movielens_sample20of200_lambda0.5,3,16,2,2,16.23950332,0,62.5084364,78.74793972
diverse_rec,movielens_sample20of200_lambda0.5,3,16,3,3,23.1881155,0,55.55982423,78.74793972
diverse_rec,movielens_sample20of200_lambda0.5,3,16,4,4,29.70574606,0,49.04219366,78.74793972
diverse_rec,movielens_sample20of200_lambda0.5,3,16,5,5,35.71268638,0,43.03525334,78.74793972
diverse_rec,movielens_sample20of200_lambda0.5,3,16,6,6,41.28661508,0,37.46132464,78.74793972
diverse_rec,movielens_sample20of200_lambda0.5,3,16,7,7,46.36870308,0,32.37923665,78.74793972
diverse_rec,movielens_sample20of200_lambda0.5,3,16,8,8,51.11717426,0,27.63076547,78.74793972
diverse_rec,movielens_sample20of200_lambda0.5,3,16,9,9,55.44903015,0,23.29890957,78.74793972
diverse_rec,movielens_sample20of200_lambda0.5,3,16,10,10,59.39128217,0,19.35665755,78.74793972
diverse_rec,movielens_sample20of200_lambda0.5,3,16,11,11,62.88430583,0,15.8636339,78.74793972
diverse_rec,movielens_sample20of200_lambda0.5,3,16,12,12,66.0492435,0,12.69869623,78.74793972
diverse_rec,movielens_sample20of200_lambda0.5,3,16,13,13,68.85023867,0,9.897701056,78.74793972
diverse_rec,movielens_sample20of200_lambda0.5,3,16,14,14,71.30443474,0,7.443504979,78.74793972
diverse_rec,movielens_sample20of200_lambda0.5,3,16,15,15,73.38007716,0,5.367862559,78.74793972
diverse_rec,movielens_sample20of200_lambda0.5,3,16,16,16,75.09280528,0,3.655134443,78.74793972
diverse_rec,movielens_sample20of200_lambda0.5,3,17,0,0,0,0,78.74793972,78.74793972
diverse_rec,movielens_sample20of200_lambda0.5,3,17,1,1,8.744091739,0,70.00384798,78.74793972
diverse_rec,movielens_sample20of200_lambda0.5,3,17,2,2,16.23950332,0,62.5084364,78.74793972
diverse_rec,movielens_sample20of200_lambda0.5,3,17,3,3,23.1881155,0,55.55982423,78.74793972
diverse_rec,movielens_sample20of200_lambda0.5,3,17,4,4,29.70574606,0,49.04219366,78.74793972
diverse_rec,movielens_sample20of200_lambda0.5,3,17,5,5,35.71268638,0,43.03525334,78.74793972
diverse_rec,movielens_sample20of200_lambda0.5,3,17,6,6,41.28661508,0,37.46132464,78.74793972
diverse_rec,movielens_sample20of200_lambda0.5,3,17,7,7,46.36870308,0,32.37923665,78.74793972
diverse_rec,movielens_sample20of200_lambda0.5,3,17,8,8,51.11717426,0,27.63076547,78.74793972
diverse_rec,movielens_sample20of200_lambda0.5,3,17,9,9,55.44903015,0,23.29890957,78.74793972
diverse_rec,movielens_sample20of200_lambda0.5,3,17,10,10,59.39128217,0,19.35665755,78.74793972
diverse_rec,movielens_sample20of200_lambda0.5,3,17,11,11,62.88430583,0,15.8636339,78.74793972
diverse_rec,movielens_sample20of200_lambda0.5,3,17,12,12,66.0492435,0,12.69869623,78.74793972
diverse_rec,movielens_sample20of200_lambda0.5,3,17,13,13,68.85023867,0,9.897701056,78.74793972
diverse_rec,movielens_sample20of200_lambda0.5,3,17,14,14,71.30443474,0,7.443504979,78.74793972
diverse_rec,movielens_sample20of200_lambda0.5,3,17,15,15,73.38007716,0,5.367862559,78.74793972
diverse_rec,movielens_sample20of200_lambda0.5,3,17,16,16,75.09280528,0,3.655134443,78.74793972
diverse_rec,movielens_sample20of200_lambda0.5,3,17,17,17,76.47098358,0,2.276956141,78.74793972
diverse_rec,movielens_sample20of200_lambda0.5,3,18,0,0,0,0,78.74793972,78.74793972
diverse_rec,movielens_sample20of200_lambda0.5,3,18,1,1,8.744091739,0,70.00384798,78.74793972
diverse_rec,movielens_sample20of200_lambda0.5,3,18,2,2,16.23950332,0,62.5084364,78.74793972
diverse_rec,movielens_sample20of200_lambda0.5,3,18,3,3,23.1881155,0,55.55982423,78.74793972
diverse_rec,movielens_sample20of200_lambda0.5,3,18,4,4,29.70574606,0,49.04219366,78.74793972
diverse_rec,movielens_sample20of200_lambda0.5,3,18,5,5,35.71268638,0,43.03525334,78.74793972
diverse_rec,movielens_sample20of200_lambda0.5,3,18,6,6,41.28661508,0,37.46132464,78.74793972
diverse_rec,movielens_sample20of200_lambda0.5,3,18,7,7,46.36870308,0,32.37923665,78.74793972
diverse_rec,movielens_sample20of200_lambda0.5,3,18,8,8,51.11717426,0,27.63076547,78.74793972
diverse_rec,movielens_sample20of200_lambda0.5,3,18,9,9,55.44903015,0,23.29890957,78.74793972
diverse_rec,movielens_sample20of200_lambda0.5,3,18,10,10,59.39128217,0,19.35665755,78.74793972
diverse_rec,movielens_sample20of200_lambda0.5,3,18,11,11,62.88430583,0,15.8636339,78.74793972
diverse_rec,movielens_sample20of200_lambda0.5,3,18,12,12,66.0492435,0,12.69869623,78.74793972
diverse_rec,movielens_sample20of200_lambda0.5,3,18,13,13,68.85023867,0,9.897701056,78.74793972
diverse_rec,movielens_sample20of200_lambda0.5,3,18,14,14,71.30443474,0,7.443504979,78.74793972
diverse_rec,movielens_sample20of200_lambda0.5,3,18,15,15,73.38007716,0,5.367862559,78.74793972
diverse_rec,movielens_sample20of200_lambda0.5,3,18,16,16,75.09280528,0,3.655134443,78.74793972
diverse_rec,movielens_sample20of200_lambda0.5,3,18,17,17,76.47098358,0,2.276956141,78.74793972
diverse_rec,movielens_sample20of200_lambda0.5,3,18,18,18,77.52839183,0,1.219547892,78.74793972
diverse_rec,movielens_sample20of200_lambda0.5,3,19,0,0,0,0,78.74793972,78.74793972
diverse_rec,movielens_sample20of200_lambda0.5,3,19,1,1,8.744091739,0,70.00384798,78.74793972
diverse_rec,movielens_sample20of200_lambda0.5,3,19,2,2,16.23950332,0,62.5084364,78.74793972
diverse_rec,movielens_sample20of200_lambda0.5,3,19,3,3,23.1881155,0,55.55982423,78.74793972
diverse_rec,movielens_sample20of200_lambda0.5,3,19,4,4,29.70574606,0,49.04219366,78.74793972
diverse_rec,movielens_sample20of200_lambda0.5,3,19,5,5,35.71268638,0,43.03525334,78.74793972
diverse_rec,movielens_sample20of200_lambda0.5,3,19,6,6,41.28661508,0,37.46132464,78.74793972
diverse_rec,movielens_sample20of200_lambda0.5,3,19,7,7,46.36870308,0,32.37923665,78.74793972
diverse_rec,movielens_sample20of200_lambda0.5,3,19,8,8,51.11717426,0,27.63076547,78.74793972
diverse_rec,movielens_sample20of200_lambda0.5,3,19,9,9,55.44903015,0,23.29890957,78.74793972
diverse_rec,movielens_sample20of200_lambda0.5,3,19,10,10,59.39128217,0,19.35665755,78.74793972
diverse_rec,movielens_sample20of200_lambda0.5,3,19,11,11,62.88430583,0,15.8636339,78.74793972
diverse_rec,movielens_sample20of200_lambda0.5,3,19,12,12,66.0492435,0,12.69869623,78.74793972
diverse_rec,movielens_sample20of200_lambda0.5,3,19,13,13,68.85023867,0,9.897701056,78.74793972
diverse_rec,movielens_sample20of200_lambda0.5,3,19,14,14,71.30443474,0,7.443504979,78.74793972
diverse_rec,movielens_sample20of200_lambda0.5,3,19,15,15,73.38007716,0,5.367862559,78.74793972
diverse_rec,movielens_sample20of200_lambda0.5,3,19,16,16,75.09280528,0,3.655134443,78.74793972
diverse_rec,movielens_sample20of200_lambda0.5,3,19,17,17,76.47098358,0,2.276956141,78.74793972
diverse_rec,movielens_sample20of200_lambda0.5,3,19,18,18,77.52839183,0,1.219547892,78.74793972
diverse_rec,movielens_sample20of200_lambda0.5,3,19,19,19,78.24793972,0,0.5,78.74793972
diverse_rec,movielens_sample20of200_lambda0.5,3,20,0,0,0,0,78.74793972,78.74793972
diverse_rec,movielens_sample20of200_lambda0.5,3,20,1,1,8.744091739,0,70.00384798,78.74793972
diverse_rec,movielens_sample20of200_lambda0.5,3,20,2,2,16.23950332,0,62.5084364,78.74793972
diverse_rec,movielens_sample20of200_lambda0.5,3,20,3,3,23.1881155,0,55.55982423,78.74793972
diverse_rec,movielens_sample20of200_lambda0.5,3,20,4,4,29.70574606,0,49.04219366,78.74793972
diverse_rec,movielens_sample20of200_lambda0.5,3,20,5,5,35.71268638,0,43.03525334,78.74793972
diverse_rec,movielens_sample20of200_lambda0.5,3,20,6,6,41.28661508,0,37.46132464,78.74793972
diverse_rec,movielens_sample20of200_lambda0.5,3,20,7,7,46.36870308,0,32.37923665,78.74793972
diverse_rec,movielens_sample20of200_lambda0.5,3,20,8,8,51.11717426,0,27.63076547,78.74793972
diverse_rec,movielens_sample20of200_lambda0.5,3,20,9,9,55.44903015,0,23.29890957,78.74793972
diverse_rec,movielens_sample20of200_lambda0.5,3,20,10,10,59.39128217,0,19.35665755,78.74793972
diverse_rec,movielens_sample20of200_lambda0.5,3,20,11,11,62.88430583,0,15.8636339,78.74793972
diverse_rec,movielens_sample20of200_lambda0.5,3,20,12,12,66.0492435,0,12.69869623,78.74793972
diverse_rec,movielens_sample20of200_lambda0.5,3,20,13,13,68.85023867,0,9.897701056,78.74793972
diverse_rec,movielens_sample20of200_lambda0.5,3,20,14,14,71.30443474,0,7.443504979,78.74793972
diverse_rec,movielens_sample20of200_lambda0.5,3,20,15,15,73.38007716,0,5.367862559,78.74793972
diverse_rec,movielens_sample20of200_lambda0.5,3,20,16,16,75.09280528,0,3.655134443,78.74793972
diverse_rec,movielens_sample20of200_lambda0.5,3,20,17,17,76.47098358,0,2.276956141,78.74793972
diverse_rec,movielens_sample20of200_lambda0.5,3,20,18,18,77.52839183,0,1.219547892,78.74793972
diverse_rec,movielens_sample20of200_lambda0.5,3,20,19,19,78.24793972,0,0.5,78.74793972
diverse_rec,movielens_sample20of200_lambda0.5,3,20,20,20,78.74793972,0,0,78.74793972
diverse_rec,movielens_sample20of200_lambda0.5,4,1,0,0,0,0,8.933471541,8.933471541
diverse_rec,movielens_sample20of200_lambda0.5,4,1,1,1,8.933471541,0,8.390511921,17.32398346
diverse_rec,movielens_sample20of200_lambda0.5,4,2,0,0,0,0,17.74275443,17.74275443
diverse_rec,movielens_sample20of200_lambda0.5,4,2,1,1,8.933471541,0,16.59945004,25.53292158
diverse_rec,movielens_sample20of200_lambda0.5,4,2,2,2,17.32398346,0,15.39527312,32.71925659
diverse_rec,movielens_sample20of200_lambda0.5,4,3,0,0,0,0,26.39897096,26.39897096
diverse_rec,movielens_sample20of200_lambda0.5,4,3,1,1,8.933471541,0,24.55432396,33.4877955
diverse_rec,movielens_sample20of200_lambda0.5,4,3,2,2,17.32398346,0,22.90315081,40.22713427
diverse_rec,movielens_sample20of200_lambda0.5,4,3,3,3,25.1772165,0,21.09797727,46.27519377
diverse_rec,movielens_sample20of200_lambda0.5,4,4,0,0,0,0,34.79053805,34.79053805
diverse_rec,movielens_sample20of200_lambda0.5,4,4,1,1,8.933471541,0,32.45416538,41.38763692
diverse_rec,movielens_sample20of200_lambda0.5,4,4,2,2,17.32398346,0,30.28500089,47.60898436
diverse_rec,movielens_sample20of200_lambda0.5,4,4,3,3,25.1772165,0,27.98326054,53.16047704
diverse_rec,movielens_sample20of200_lambda0.5,4,4,4,4,32.38829091,0,25.97050327,58.35879418
diverse_rec,movielens_sample20of200_lambda0.5,4,5,0,0,0,0,43.13895472,43.13895472
diverse_rec,movielens_sample20of200_lambda0.5,4,5,1,1,8.933471541,0,40.32404555,49.25751709
diverse_rec,movielens_sample20of200_lambda0.5,4,5,2,2,17.32398346,0,37.62756651,54.95154997
diverse_rec,movielens_sample20of200_lambda0.5,4,5,3,3,25.1772165,0,34.86392947,60.04114597
diverse_rec,movielens_sample20of200_lambda0.5,4,5,4,4,32.38829091,0,32.36148285,64.74977375
diverse_rec,movielens_sample20of200_lambda0.5,4,5,5,5,39.02001941,0,29.89226098,68.91228039
diverse_rec,movielens_sample20of200_lambda0.5,4,6,0,0,0,0,51.43214552,51.43214552
diverse_rec,movielens_sample20of200_lambda0.5,4,6,1,1,8.933471541,0,48.149751,57.08322254
diverse_rec,movielens_sample20of200_lambda0.5,4,6,2,2,17.32398346,0,44.9449697,62.26895316
diverse_rec,movielens_sample20of200_lambda0.5,4,6,3,3,25.1772165,0,41.70646562,66.88368212
diverse_rec,movielens_sample20of200_lambda0.5,4,6,4,4,32.38829091,0,38.67696276,71.06525367
diverse_rec,movielens_sample20of200_lambda0.5,4,6,5,5,39.02001941,0,35.65352624,74.67354566
diverse_rec,movielens_sample20of200_lambda0.5,4,6,6,6,45.08798276,0,32.84430537,77.93228812
diverse_rec,movielens_sample20of200_lambda0.5,4,7,0,0,0,0,59.68807345,59.68807345
diverse_rec,movielens_sample20of200_lambda0.5,4,7,1,1,8.933471541,0,55.94075216,64.8742237
diverse_rec,movielens_sample20of200_lambda0.5,4,7,2,2,17.32398346,0,52.1222899,69.44627337
diverse_rec,movielens_sample20of200_lambda0.5,4,7,3,3,25.1772165,0,48.32819961,73.50541611
diverse_rec,movielens_sample20of200_lambda0.5,4,7,4,4,32.38829091,0,44.7758873,77.16417821
diverse_rec,movielens_sample20of200_lambda0.5,4,7,5,5,39.02001941,0,41.16278045,80.18279986
diverse_rec,movielens_sample20of200_lambda0.5,4,7,6,6,45.08798276,0,37.89209162,82.98007437
diverse_rec,movielens_sample20of200_lambda0.5,4,7,7,7,50.73027004,0,34.50939228,85.23966232
diverse_rec,movielens_sample20of200_lambda0.5,4,8,0,0,0,0,67.88084559,67.88084559
diverse_rec,movielens_sample20of200_lambda0.5,4,8,1,1,8.933471541,0,63.41896206,72.3524336
diverse_rec,movielens_sample20of200_lambda0.5,4,8,2,2,17.32398346,0,59.07116112,76.39514459
diverse_rec,movielens_sample20of200_lambda0.5,4,8,3,3,25.1772165,0,54.77819467,79.95541116
diverse_rec,movielens_sample20of200_lambda0.5,4,8,4,4,32.38829091,0,50.59967649,82.9879674
diverse_rec,movielens_sample20of200_lambda0.5,4,8,5,5,39.02001941,0,46.25673712,85.27675654
diverse_rec,movielens_sample20of200_lambda0.5,4,8,6,6,45.08798276,0,40.51777307,85.60575583
diverse_rec,movielens_sample20of200_lambda0.5,4,8,7,7,50.73027004,0,34.87548579,85.60575583
diverse_rec,movielens_sample20of200_lambda0.5,4,8,8,8,55.92314349,0,29.68261234,85.60575583
diverse_rec,movielens_sample20of200_lambda0.5,4,9,0,0,0,0,75.75146266,75.75146266
diverse_rec,movielens_sample20of200_lambda0.5,4,9,1,1,8.933471541,0,70.76178275,79.69525429
diverse_rec,movielens_sample20of200_lambda0.5,4,9,2,2,17.32398346,0,65.61280568,82.93678914
diverse_rec,movielens_sample20of200_lambda0.5,4,9,3,3,25.1772165,0,60.42853933,85.60575583
diverse_rec,movielens_sample20of200_lambda0.5,4,9,4,4,32.38829091,0,53.21746492,85.60575583
diverse_rec,movielens_sample20of200_lambda0.5,4,9,5,5,39.02001941,0,46.58573642,85.60575583
diverse_rec,movielens_sample20of200_lambda0.5,4,9,6,6,45.08798276,0,40.51777307,85.60575583
diverse_rec,movielens_sample20of200_lambda0.5,4,9,7,7,50.73027004,0,34.87548579,85.60575583
diverse_rec,movielens_sample20of200_lambda0.5,4,9,8,8,55.92314349,0,29.68261234,85.60575583
diverse_rec,movielens_sample20of200_lambda0.5,4,9,9,9,60.71527902,0,24.89047681,85.60575583
diverse_rec,movielens_sample20of200_lambda0.5,4,10,0,0,0,0,83.03161194,83.03161194
diverse_rec,movielens_sample20of200_lambda0.5,4,10,1,1,8.933471541,0,76.67228429,85.60575583
diverse_rec,movielens_sample20of200_lambda0.5,4,10,2,2,17.32398346,0,68.28177237,85.60575583
diverse_rec,movielens_sample20of200_lambda0.5,4,10,3,3,25.1772165,0,60.42853933,85.60575583
diverse_rec,movielens_sample20of200_lambda0.5,4,10,4,4,32.38829091,0,53.21746492,85.60575583
diverse_rec,movielens_sample20of200_lambda0.5,4,10,5,5,39.02001941,0,46.58573642,85.60575583
diverse_rec,movielens_sample20of200_lambda0.5,4,10,6,6,45.08798276,0,40.51777307,85.60575583
diverse_rec,movielens_sample20of200_lambda0.5,4,10,7,7,50.73027004,0,34.87548579,85.60575583
diverse_rec,movielens_sample20of200_lambda0.5,4,10,8,8,55.92314349,0,29.68261234,85.60575583
diverse_rec,movielens_sample20of200_lambda0.5,4,10,9,9,60.71527902,0,24.89047681,85.60575583
diverse_rec,movielens_sample20of200_lambda0.5,4,10,10,10,65.04913935,0,20.55661648,85.60575583
diverse_rec,movielens_sample20of200_lambda0.5,4,11,0,0,0,0,85.60575583,85.60575583
diverse_rec,movielens_sample20of200_lambda0.5,4,11,1,1,8.933471541,0,76.67228429,85.60575583
diverse_rec,movielens_sample20of200_lambda0.5,4,11,2,2,17.32398346,0,68.28177237,85.60575583
diverse_rec,movielens_sample20of200_lambda0.5,4,11,3,3,25.1772165,0,60.42853933,85.60575583
diverse_rec,movielens_sample20of200_lambda0.5,4,11,4,4,32.38829091,0,53.21746492,85.60575583
diverse_rec,movielens_sample20of200_lambda0.5,4,11,5,5,39.02001941,0,46.58573642,85.60575583
diverse_rec,movielens_sample20of200_lambda0.5,4,11,6,6,45.08798276,0,40.51777307,85.60575583
diverse_rec,movielens_sample20of200_lambda0.5,4,11,7,7,50.73027004,0,34.87548579,85.60575583
diverse_rec,movielens_sample20of200_lambda0.5,4,11,8,8,55.92314349,0,29.68261234,85.60575583
diverse_rec,movielens_sample20of200_lambda0.5,4,11,9,9,60.71527902,0,24.89047681,85.60575583
diverse_rec,movielens_sample20of200_lambda0.5,4,11,10,10,65.04913935,0,20.55661648,85.60575583
diverse_rec,movielens_sample20of200_lambda0.5,4,11,11,11,68.87344695,0,16.73230888,85.60575583
diverse_rec,movielens_sample20of200_lambda0.5,4,12,0,0,0,0,85.60575583,85.60575583
diverse_rec,movielens_sample20of200_lambda0.5,4,12,1,1,8.933471541,0,76.67228429,85.60575583
diverse_rec,movielens_sample20of200_lambda0.5,4,12,2,2,17.32398346,0,68.28177237,85.60575583
diverse_rec,movielens_sample20of200_lambda0.5,4,12,3,3,25.1772165,0,60.42853933,85.60575583
diverse_rec,movielens_sample20of200_lambda0.5,4,12,4,4,32.38829091,0,53.21746492,85.60575583
diverse_rec,movielens_sample20of200_lambda0.5,4,12,5,5,39.02001941,0,46.58573642,85.60575583
diverse_rec,movielens_sample20of200_lambda0.5,4,12,6,6,45.08798276,0,40.51777307,85.60575583
diverse_rec,movielens_sample20of200_lambda0.5,4,12,7,7,50.73027004,0,34.87548579,85.60575583
diverse_rec,movielens_sample20of200_lambda0.5,4,12,8,8,55.92314349,0,29.68261234,85.60575583
diverse_rec,movielens_sample20of200_lambda0.5,4,12,9,9,60.71527902,0,24.89047681,85.60575583
diverse_rec,movielens_sample20of200_lambda0.5,4,12,10,10,65.04913935,0,20.55661648,85.60575583
diverse_rec,movielens_sample20of200_lambda0.5,4,12,11,11,68.87344695,0,16.73230888,85.60575583
diverse_rec,movielens_sample20of200_lambda0.5,4,12,12,12,72.28120073,0,13.3245551,85.60575583
diverse_rec,movielens_sample20of200_lambda0.5,4,13,0,0,0,0,85.60575583,85.60575583
diverse_rec,movielens_sample20of200_lambda0.5,4,13,1,1,8.933471541,0,76.67228429,85.60575583
diverse_rec,movielens_sample20of200_lambda0.5,4,13,2,2,17.32398346,0,68.28177237,85.60575583
diverse_rec,movielens_sample20of200_lambda0.5,4,13,3,3,25.1772165,0,60.42853933,85.60575583
diverse_rec,movielens_sample20of200_lambda0.5,4,13,4,4,32.38829091,0,53.21746492,85.60575583
diverse_rec,movielens_sample20of200_lambda0.5,4,13,5,5,39.02001941,0,46.58573642,85.60575583
diverse_rec,movielens_sample20of200_lambda0.5,4,13,6,6,45.08798276,0,40.51777307,85.60575583
diverse_rec,movielens_sample20of200_lambda0.5,4,13,7,7,50.73027004,0,34.87548579,85.60575583
diverse_rec,movielens_sample20of200_lambda0.5,4,13,8,8,55.92314349,0,29.68261234,85.60575583
diverse_rec,movielens_sample20of200_lambda0.5,4,13,9,9,60.71527902,0,24.89047681,85.60575583
diverse_rec,movielens_sample20of200_lambda0.5,4,13,10,10,65.04913935,0,20.55661648,85.60575583
diverse_rec,movielens_sample20of200_lambda0.5,4,13,11,11,68.87344695,0,16.73230888,85.60575583
diverse_rec,movielens_sample20of200_lambda0.5,4,13,12,12,72.28120073,0,13.3245551,85.60575583
diverse_rec,movielens_sample20of200_lambda0.5,4,13,13,13,75.22696427,0,10.37879156,85.60575583
diverse_rec,movielens_sample20of200_lambda0.5,4,14,0,0,0,0,85.60575583,85.60575583
diverse_rec,movielens_sample20of200_lambda0.5,4,14,1,1,8.933471541,0,76.67228429,85.60575583
diverse_rec,movielens_sample20of200_lambda0.5,4,14,2,2,17.32398346,0,68.28177237,85.60575583
diverse_rec,movielens_sample20of200_lambda0.5,4,14,3,3,25.1772165,0,60.42853933,85.60575583
diverse_rec,movielens_sample20of200_lambda0.5,4,14,4,4,32.38829091,0,53.21746492,85.60575583
diverse_rec,movielens_sample20of200_lambda0.5,4,14,5,5,39.02001941,0,46.58573642,85.60575583
diverse_rec,movielens_sample20of200_lambda0.5,4,14,6,6,45.08798276,0,40.51777307,85.60575583
diverse_rec,movielens_sample20of200_lambda0.5,4,14,7,7,50.73027004,0,34.87548579,85.60575583
diverse_rec,movielens_sample20of200_lambda0.5,4,14,8,8,55.92314349,0,29.68261234,85.60575583
diverse_rec,movielens_sample20of200_lambda0.5,4,14,9,9,60.71527902,0,24.89047681,85.60575583
diverse_rec,movielens_sample20of200_lambda0.5,4,14,10,10,65.04913935,0,20.55661648,85.60575583
diverse_rec,movielens_sample20of200_lambda0.5,4,14,11,11,68.87344695,0,16.73230888,85.60575583
diverse_rec,movielens_sample20of200_lambda0.5,4,14,12,12,72.28120073,0,13.3245551,85.60575583
diverse_rec,movielens_sample20of200_lambda0.5,4,14,13,13,75.22696427,0,10.37879156,85.60575583
diverse_rec,movielens_sample20of200_lambda0.5,4,14,14,14,77.86869045,0,7.737065377,85.60575583
diverse_rec,movielens_sample20of200_lambda0.5,4,15,0,0,0,0,85.60575583,85.60575583
diverse_rec,movielens_sample20of200_lambda0.5,4,15,1,1,8.933471541,0,76.67228429,85.60575583
diverse_rec,movielens_sample20of200_lambda0.5,4,15,2,2,17.32398346,0,68.28177237,85.60575583
diverse_rec,movielens_sample20of200_lambda0.5,4,15,3,3,25.1772165,0,60.42853933,85.60575583
diverse_rec,movielens_sample20of200_lambda0.5,4,15,4,4,32.38829091,0,53.21746492,85.60575583
diverse_rec,movielens_sample20of200_lambda0.5,4,15,5,5,39.02001941,0,46.58573642,85.60575583
diverse_rec,movielens_sample20of200_lambda0.5,4,15,6,6,45.08798276,0,40.51777307,85.60575583
diverse_rec,movielens_sample20of200_lambda0.5,4,15,7,7,50.73027004,0,34.87548579,85.60575583
diverse_rec,movielens_sample20of200_lambda0.5,4,15,8,8,55.92314349,0,29.68261234,85.60575583
diverse_rec,movielens_sample20of200_lambda0.5,4,15,9,9,60.71527902,0,24.89047681,85.60575583
diverse_rec,movielens_sample20of200_lambda0.5,4,15,10,10,65.04913935,0,20.55661648,85.60575583
diverse_rec,movielens_sample20of200_lambda0.5,4,15,11,11,68.87344695,0,16.73230888,85.60575583
diverse_rec,movielens_sample20of200_lambda0.5,4,15,12,12,72.28120073,0,13.3245551,85.60575583
diverse_rec,movielens_sample20of200_lambda0.5,4,15,13,13,75.22696427,0,10.37879156,85.60575583
diverse_rec,movielens_sample20of200_lambda0.5,4,15,14,14,77.86869045,0,7.737065377,85.60575583
diverse_rec,movielens_sample20of200_lambda0.5,4,15,15,15,80.04244653,0,5.563309303,85.60575583
diverse_rec,movielens_sample20of200_lambda0.5,4,16,0,0,0,0,85.60575583,85.60575583
diverse_rec,movielens_sample20of200_lambda0.5,4,16,1,1,8.933471541,0,76.67228429,85.60575583
diverse_rec,movielens_sample20of200_lambda0.5,4,16,2,2,17.32398346,0,68.28177237,85.60575583
diverse_rec,movielens_sample20of200_lambda0.5,4,16,3,3,25.1772165,0,60.42853933,85.60575583
diverse_rec,movielens_sample20of200_lambda0.5,4,16,4,4,32.38829091,0,53.21746492,85.60575583
diverse_rec,movielens_sample20of200_lambda0.5,4,16,5,5,39.02001941,0,46.58573642,85.60575583
diverse_rec,movielens_sample20of200_lambda0.5,4,16,6,6,45.08798276,0,40.51777307,85.60575583
diverse_rec,movielens_sample20of200_lambda0.5,4,16,7,7,50.73027004,0,34.87548579,85.60575583
diverse_rec,movielens_sample20of200_lambda0.5,4,16,8,8,55.92314349,0,29.68261234,85.60575583
diverse_rec,movielens_sample20of200_lambda0.5,4,16,9,9,60.71527902,0,24.89047681,85.60575583
diverse_rec,movielens_sample20of200_lambda0.5,4,16,10,10,65.04913935,0,20.55661648,85.60575583
diverse_rec,movielens_sample20of200_lambda0.5,4,16,11,11,68.87344695,0,16.73230888,85.60575583
diverse_rec,movielens_sample20of200_lambda0.5,4,16,12,12,72.28120073,0,13.3245551,85.60575583
diverse_rec,movielens_sample20of200_lambda0.5,4,16,13,13,75.22696427,0,10.37879156,85.60575583
diverse_rec,movielens_sample20of200_lambda0.5,4,16,14,14,77.86869045,0,7.737065377,85.60575583
diverse_rec,movielens_sample20of200_lambda0.5,4,16,15,15,80.04244653,0,5.563309303,85.60575583
diverse_rec,movielens_sample20of200_lambda0.5,4,16,16,16,81.90508192,0,3.700673914,85.60575583
diverse_rec,movielens_sample20of200_lambda0.5,4,17,0,0,0,0,85.60575583,85.60575583
diverse_rec,movielens_sample20of200_lambda0.5,4,17,1,1,8.933471541,0,76.67228429,85.60575583
diverse_rec,movielens_sample20of200_lambda0.5,4,17,2,2,17.32398346,0,68.28177237,85.60575583
diverse_rec,movielens_sample20of200_lambda0.5,4,17,3,3,25.1772165,0,60.42853933,85.60575583
diverse_rec,movielens_sample20of200_lambda0.5,4,17,4,4,32.38829091,0,53.21746492,85.60575583
diverse_rec,movielens_sample20of200_lambda0.5,4,17,5,5,39.02001941,0,46.58573642,85.60575583
diverse_rec,movielens_sample20of200_lambda0.5,4,17,6,6,45.08798276,0,40.51777307,85.60575583
diverse_rec,movielens_sample20of200_lambda0.5,4,17,7,7,50.73027004,0,34.87548579,85.60575583
diverse_rec,movielens_sample20of200_lambda0.5,4,17,8,8,55.92314349,0,29.68261234,85.60575583
diverse_rec,movielens_sample20of200_lambda0.5,4,17,9,9,60.71527902,0,24.89047681,85.60575583
diverse_rec,movielens_sample20of200_lambda0.5,4,17,10,10,65.04913935,0,20.55661648,85.60575583
diverse_rec,movielens_sample20of200_lambda0.5,4,17,11,11,68.87344695,0,16.73230888,85.60575583
diverse_rec,movielens_sample20of200_lambda0.5,4,17,12,12,72.28120073,0,13.3245551,85.60575583
diverse_rec,movielens_sample20of200_lambda0.5,4,17,13,13,75.22696427,0,10.37879156,85.60575583
diverse_rec,movielens_sample20of200_lambda0.5,4,17,14,14,77.86869045,0,7.737065377,85.60575583
diverse_rec,movielens_sample20of200_lambda0.5,4,17,15,15,80.04244653,0,5.563309303,85.60575583
diverse_rec,movielens_sample20of200_lambda0.5,4,17,16,16,81.90508192,0,3.700673914,85.60575583
diverse_rec,movielens_sample20of200_lambda0.5,4,17,17,17,83.35302704,0,2.252728794,85.60575583
diverse_rec,movielens_sample20of200_lambda0.5,4,18,0,0,0,0,85.60575583,85.60575583
diverse_rec,movielens_sample20of200_lambda0.5,4,18,1,1,8.933471541,0,76.67228429,85.60575583
diverse_rec,movielens_sample20of200_lambda0.5,4,18,2,2,17.32398346,0,68.28177237,85.60575583
diverse_rec,movielens_sample20of200_lambda0.5,4,18,3,3,25.1772165,0,60.42853933,85.60575583
diverse_rec,movielens_sample20of200_lambda0.5,4,18,4,4,32.38829091,0,53.21746492,85.60575583
diverse_rec,movielens_sample20of200_lambda0.5,4,18,5,5,39.02001941,0,46.58573642,85.60575583
diverse_rec,movielens_sample20of200_lambda0.5,4,18,6,6,45.08798276,0,40.51777307,85.60575583
diverse_rec,movielens_sample20of200_lambda0.5,4,18,7,7,50.73027004,0,34.87548579,85.60575583
diverse_rec,movielens_sample20of200_lambda0.5,4,18,8,8,55.92314349,0,29.68261234,85.60575583
diverse_rec,movielens_sample20of200_lambda0.5,4,18,9,9,60.71527902,0,24.89047681,85.60575583
diverse_rec,movielens_sample20of200_lambda0.5,4,18,10,10,65.04913935,0,20.55661648,85.60575583
diverse_rec,movielens_sample20of200_lambda0.5,4,18,11,11,68.87344695,0,16.73230888,85.60575583
diverse_rec,movielens_sample20of200_lambda0.5,4,18,12,12,72.28120073,0,13.3245551,85.60575583
diverse_rec,movielens_sample20of200_lambda0.5,4,18,13,13,75.22696427,0,10.37879156,85.60575583
diverse_rec,movielens_sample20of200_lambda0.5,4,18,14,14,77.86869045,0,7.737065377,85.60575583
diverse_rec,movielens_sample20of200_lambda0.5,4,18,15,15,80.04244653,0,5.563309303,85.60575583
diverse_rec,movielens_sample20of200_lambda0.5,4,18,16,16,81.90508192,0,3.700673914,85.60575583
diverse_rec,movielens_sample20of200_lambda0.5,4,18,17,17,83.35302704,0,2.252728794,85.60575583
diverse_rec,movielens_sample20of200_lambda0.5,4,18,18,18,84.42855729,0,1.177198542,85.60575583
diverse_rec,movielens_sample20of200_lambda0.5,4,19,0,0,0,0,85.60575583,85.60575583
diverse_rec,movielens_sample20of200_lambda0.5,4,19,1,1,8.933471541,0,76.67228429,85.60575583
diverse_rec,movielens_sample20of200_lambda0.5,4,19,2,2,17.32398346,0,68.28177237,85.60575583
diverse_rec,movielens_sample20of200_lambda0.5,4,19,3,3,25.1772165,0,60.42853933,85.60575583
diverse_rec,movielens_sample20of200_lambda0.5,4,19,4,4,32.38829091,0,53.21746492,85.60575583
diverse_rec,movielens_sample20of200_lambda0.5,4,19,5,5,39.02001941,0,46.58573642,85.60575583
diverse_rec,movielens_sample20of200_lambda0.5,4,19,6,6,45.08798276,0,40.51777307,85.60575583
diverse_rec,movielens_sample20of200_lambda0.5,4,19,7,7,50.73027004,0,34.87548579,85.60575583
diverse_rec,movielens_sample20of200_lambda0.5,4,19,8,8,55.92314349,0,29.68261234,85.60575583
diverse_rec,movielens_sample20of200_lambda0.5,4,19,9,9,60.71527902,0,24.89047681,85.60575583
diverse_rec,movielens_sample20of200_lambda0.5,4,19,10,10,65.04913935,0,20.55661648,85.60575583
diverse_rec,movielens_sample20of200_lambda0.5,4,19,11,11,68.87344695,0,16.73230888,85.60575583
diverse_rec,movielens_sample20of200_lambda0.5,4,19,12,12,72.28120073,0,13.3245551,85.60575583
diverse_rec,movielens_sample20of200_lambda0.5,4,19,13,13,75.22696427,0,10.37879156,85.60575583
diverse_rec,movielens_sample20of200_lambda0.5,4,19,14,14,77.86869045,0,7.737065377,85.60575583
diverse_rec,movielens_sample20of200_lambda0.5,4,19,15,15,80.04244653,0,5.563309303,85.60575583
diverse_rec,movielens_sample20of200_lambda0.5,4,19,16,16,81.90508192,0,3.700673914,85.60575583
diverse_rec,movielens_sample20of200_lambda0.5,4,19,17,17,83.35302704,0,2.252728794,85.60575583
diverse_rec,movielens_sample20of200_lambda0.5,4,19,18,18,84.42855729,0,1.177198542,85.60575583
diverse_rec,movielens_sample20of200_lambda0.5,4,19,19,19,85.10575583,0,0.5,85.60575583
diverse_rec,movielens_sample20of200_lambda0.5,4,20,0,0,0,0,85.60575583,85.60575583
diverse_rec,movielens_sample20of200_lambda0.5,4,20,1,1,8.933471541,0,76.67228429,85.60575583
diverse_rec,movielens_sample20of200_lambda0.5,4,20,2,2,17.32398346,0,68.28177237,85.60575583
diverse_rec,movielens_sample20of200_lambda0.5,4,20,3,3,25.1772165,0,60.42853933,85.60575583
diverse_rec,movielens_sample20of200_lambda0.5,4,20,4,4,32.38829091,0,53.21746492,85.60575583
diverse_rec,movielens_sample20of200_lambda0.5,4,20,5,5,39.02001941,0,46.58573642,85.60575583
diverse_rec,movielens_sample20of200_lambda0.5,4,20,6,6,45.08798276,0,40.51777307,85.60575583
diverse_rec,movielens_sample20of200_lambda0.5,4,20,7,7,50.73027004,0,34.87548579,85.60575583
diverse_rec,movielens_sample20of200_lambda0.5,4,20,8,8,55.92314349,0,29.68261234,85.60575583
diverse_rec,movielens_sample20of200_lambda0.5,4,20,9,9,60.71527902,0,24.89047681,85.60575583
diverse_rec,movielens_sample20of200_lambda0.5,4,20,10,10,65.04913935,0,20.55661648,85.60575583
diverse_rec,movielens_sample20of200_lambda0.5,4,20,11,11,68.87344695,0,16.73230888,85.60575583
diverse_rec,movielens_sample20of200_lambda0.5,4,20,12,12,72.28120073,0,13.3245551,85.60575583
diverse_rec,movielens_sample20of200_lambda0.5,4,20,13,13,75.22696427,0,10.37879156,85.60575583
diverse_rec,movielens_sample20of200_lambda0.5,4,20,14,14,77.86869045,0,7.737065377,85.60575583
diverse_rec,movielens_sample20of200_lambda0.5,4,20,15,15,80.04244653,0,5.563309303,85.60575583
diverse_rec,movielens_sample20of200_lambda0.5,4,20,16,16,81.90508192,0,3.700673914,85.60575583
diverse_rec,movielens_sample20of200_lambda0.5,4,20,17,17,83.35302704,0,2.252728794,85.60575583
diverse_rec,movielens_sample20of200_lambda0.5,4,20,18,18,84.42855729,0,1.177198542,85.60575583
diverse_rec,movielens_sample20of200_lambda0.5,4,20,19,19,85.10575583,0,0.5,85.60575583
diverse_rec,movielens_sample20of200_lambda0.5,4,20,20,20,85.60575583,0,0,85.60575583
diverse_rec,movielens_sample20of200_lambda0.5,5,1,0,0,0,0,8.910784322,8.910784322
diverse_rec,movielens_sample20of200_lambda0.5,5,1,1,1,8.910784322,0,8.239122375,17.1499067
diverse_rec,movielens_sample20of200_lambda0.5,5,2,0,0,0,0,17.58988249,17.58988249
diverse_rec,movielens_sample20of200_lambda0.5,5,2,1,1,8.910784322,0,16.18415623,25.09494055
diverse_rec,movielens_sample20of200_lambda0.5,5,2,2,2,17.1499067,0,15.07899867,32.22890536
diverse_rec,movielens_sample20of200_lambda0.5,5,3,0,0,0,0,25.97952569,25.97952569
diverse_rec,movielens_sample20of200_lambda0.5,5,3,1,1,8.910784322,0,24.02658089,32.93736522
diverse_rec,movielens_sample20of200_lambda0.5,5,3,2,2,17.1499067,0,22.42266565,39.57257235
diverse_rec,movielens_sample20of200_lambda0.5,5,3,3,3,24.8767535,0,20.79485467,45.67160818
diverse_rec,movielens_sample20of200_lambda0.5,5,4,0,0,0,0,34.25713612,34.25713612
diverse_rec,movielens_sample20of200_lambda0.5,5,4,1,1,8.910784322,0,31.81677563,40.72755996
diverse_rec,movielens_sample20of200_lambda0.5,5,4,2,2,17.1499067,0,29.66490265,46.81480935
diverse_rec,movielens_sample20of200_lambda0.5,5,4,3,3,24.8767535,0,27.4130085,52.28976201
diverse_rec,movielens_sample20of200_lambda0.5,5,4,4,4,31.91834814,0,25.17055124,57.08889938
diverse_rec,movielens_sample20of200_lambda0.5,5,5,0,0,0,0,42.53297494,42.53297494
diverse_rec,movielens_sample20of200_lambda0.5,5,5,1,1,8.910784322,0,39.5058595,48.41664382
diverse_rec,movielens_sample20of200_lambda0.5,5,5,2,2,17.1499067,0,36.78764545,53.93755215
diverse_rec,movielens_sample20of200_lambda0.5,5,5,3,3,24.8767535,0,34.02873869,58.90549219
diverse_rec,movielens_sample20of200_lambda0.5,5,5,4,4,31.91834814,0,31.21392708,63.13227522
diverse_rec,movielens_sample20of200_lambda0.5,5,5,5,5,38.34587259,0,28.66662132,67.01249391
diverse_rec,movielens_sample20of200_lambda0.5,5,6,0,0,0,0,50.67943712,50.67943712
diverse_rec,movielens_sample20of200_lambda0.5,5,6,1,1,8.910784322,0,47.01206033,55.92284465
diverse_rec,movielens_sample20of200_lambda0.5,5,6,2,2,17.1499067,0,43.73917777,60.88908447
diverse_rec,movielens_sample20of200_lambda0.5,5,6,3,3,24.8767535,0,40.49277879,65.36953229
diverse_rec,movielens_sample20of200_lambda0.5,5,6,4,4,31.91834814,0,37.13814209,69.05649023
diverse_rec,movielens_sample20of200_lambda0.5,5,6,5,5,38.34587259,0,33.97239206,72.31826465
diverse_rec,movielens_sample20of200_lambda0.5,5,6,6,6,44.23390979,0,31.08272201,75.3166318
diverse_rec,movielens_sample20of200_lambda0.5,5,7,0,0,0,0,58.66424475,58.66424475
diverse_rec,movielens_sample20of200_lambda0.5,5,7,1,1,8.910784322,0,54.38350023,63.29428455
diverse_rec,movielens_sample20of200_lambda0.5,5,7,2,2,17.1499067,0,50.51216824,67.66207493
diverse_rec,movielens_sample20of200_lambda0.5,5,7,3,3,24.8767535,0,46.54641176,71.42316526
diverse_rec,movielens_sample20of200_lambda0.5,5,7,4,4,31.91834814,0,42.75885048,74.67719862
diverse_rec,movielens_sample20of200_lambda0.5,5,7,5,5,38.34587259,0,39.19831422,77.54418681
diverse_rec,movielens_sample20of200_lambda0.5,5,7,6,6,44.23390979,0,35.93540111,80.1693109
diverse_rec,movielens_sample20of200_lambda0.5,5,7,7,7,49.70524442,0,32.57802124,82.28326566
diverse_rec,movielens_sample20of200_lambda0.5,5,8,0,0,0,0,66.48321921,66.48321921
diverse_rec,movielens_sample20of200_lambda0.5,5,8,1,1,8.910784322,0,61.30975067,70.220535
diverse_rec,movielens_sample20of200_lambda0.5,5,8,2,2,17.1499067,0,56.97993667,74.12984336
diverse_rec,movielens_sample20of200_lambda0.5,5,8,3,3,24.8767535,0,52.54245074,77.41920424
diverse_rec,movielens_sample20of200_lambda0.5,5,8,4,4,31.91834814,0,48.31607601,80.23442415
diverse_rec,movielens_sample20of200_lambda0.5,5,8,5,5,38.34587259,0,44.06346139,82.40933398
diverse_rec,movielens_sample20of200_lambda0.5,5,8,6,6,44.23390979,0,38.52273923,82.75664902
diverse_rec,movielens_sample20of200_lambda0.5,5,8,7,7,49.70524442,0,33.0514046,82.75664902
diverse_rec,movielens_sample20of200_lambda0.5,5,8,8,8,54.68279921,0,28.07384981,82.75664902
diverse_rec,movielens_sample20of200_lambda0.5,5,9,0,0,0,0,73.76648246,73.76648246
diverse_rec,movielens_sample20of200_lambda0.5,5,9,1,1,8.910784322,0,68.09159645,77.00238077
diverse_rec,movielens_sample20of200_lambda0.5,5,9,2,2,17.1499067,0,63.27260335,80.42251005
diverse_rec,movielens_sample20of200_lambda0.5,5,9,3,3,24.8767535,0,57.87989552,82.75664902
diverse_rec,movielens_sample20of200_lambda0.5,5,9,4,4,31.91834814,0,50.83830088,82.75664902
diverse_rec,movielens_sample20of200_lambda0.5,5,9,5,5,38.34587259,0,44.41077643,82.75664902
diverse_rec,movielens_sample20of200_lambda0.5,5,9,6,6,44.23390979,0,38.52273923,82.75664902
diverse_rec,movielens_sample20of200_lambda0.5,5,9,7,7,49.70524442,0,33.0514046,82.75664902
diverse_rec,movielens_sample20of200_lambda0.5,5,9,8,8,54.68279921,0,28.07384981,82.75664902
diverse_rec,movielens_sample20of200_lambda0.5,5,9,9,9,59.1926176,0,23.56403142,82.75664902
diverse_rec,movielens_sample20of200_lambda0.5,5,10,0,0,0,0,80.75486303,80.75486303
diverse_rec,movielens_sample20of200_lambda0.5,5,10,1,1,8.910784322,0,73.8458647,82.75664902
diverse_rec,movielens_sample20of200_lambda0.5,5,10,2,2,17.1499067,0,65.60674232,82.75664902
diverse_rec,movielens_sample20of200_lambda0.5,5,10,3,3,24.8767535,0,57.87989552,82.75664902
diverse_rec,movielens_sample20of200_lambda0.5,5,10,4,4,31.91834814,0,50.83830088,82.75664902
diverse_rec,movielens_sample20of200_lambda0.5,5,10,5,5,38.34587259,0,44.41077643,82.75664902
diverse_rec,movielens_sample20of200_lambda0.5,5,10,6,6,44.23390979,0,38.52273923,82.75664902
diverse_rec,movielens_sample20of200_lambda0.5,5,10,7,7,49.70524442,0,33.0514046,82.75664902
diverse_rec,movielens_sample20of200_lambda0.5,5,10,8,8,54.68279921,0,28.07384981,82.75664902
diverse_rec,movielens_sample20of200_lambda0.5,5,10,9,9,59.1926176,0,23.56403142,82.75664902
diverse_rec,movielens_sample20of200_lambda0.5,5,10,10,10,63.29428455,0,19.46236447,82.75664902
diverse_rec,movielens_sample20of200_lambda0.5,5,11,0,0,0,0,82.75664902,82.75664902
diverse_rec,movielens_sample20of200_lambda0.5,5,11,1,1,8.910784322,0,73.8458647,82.75664902
diverse_rec,movielens_sample20of200_lambda0.5,5,11,2,2,17.1499067,0,65.60674232,82.75664902
diverse_rec,movielens_sample20of200_lambda0.5,5,11,3,3,24.8767535,0,57.87989552,82.75664902
diverse_rec,movielens_sample20of200_lambda0.5,5,11,4,4,31.91834814,0,50.83830088,82.75664902
diverse_rec,movielens_sample20of200_lambda0.5,5,11,5,5,38.34587259,0,44.41077643,82.75664902
diverse_rec,movielens_sample20of200_lambda0.5,5,11,6,6,44.23390979,0,38.52273923,82.75664902
diverse_rec,movielens_sample20of200_lambda0.5,5,11,7,7,49.70524442,0,33.0514046,82.75664902
diverse_rec,movielens_sample20of200_lambda0.5,5,11,8,8,54.68279921,0,28.07384981,82.75664902
diverse_rec,movielens_sample20of200_lambda0.5,5,11,9,9,59.1926176,0,23.56403142,82.75664902
diverse_rec,movielens_sample20of200_lambda0.5,5,11,10,10,63.29428455,0,19.46236447,82.75664902
diverse_rec,movielens_sample20of200_lambda0.5,5,11,11,11,66.83979322,0,15.9168558,82.75664902
diverse_rec,movielens_sample20of200_lambda0.5,5,12,0,0,0,0,82.75664902,82.75664902
diverse_rec,movielens_sample20of200_lambda0.5,5,12,1,1,8.910784322,0,73.8458647,82.75664902
diverse_rec,movielens_sample20of200_lambda0.5,5,12,2,2,17.1499067,0,65.60674232,82.75664902
diverse_rec,movielens_sample20of200_lambda0.5,5,12,3,3,24.8767535,0,57.87989552,82.75664902
diverse_rec,movielens_sample20of200_lambda0.5,5,12,4,4,31.91834814,0,50.83830088,82.75664902
diverse_rec,movielens_sample20of200_lambda0.5,5,12,5,5,38.34587259,0,44.41077643,82.75664902
diverse_rec,movielens_sample20of200_lambda0.5,5,12,6,6,44.23390979,0,38.52273923,82.75664902
diverse_rec,movielens_sample20of200_lambda0.5,5,12,7,7,49.70524442,0,33.0514046,82.75664902
diverse_rec,movielens_sample20of200_lambda0.5,5,12,8,8,54.68279921,0,28.07384981,82.75664902
diverse_rec,movielens_sample20of200_lambda0.5,5,12,9,9,59.1926176,0,23.56403142,82.75664902
diverse_rec,movielens_sample20of200_lambda0.5,5,12,10,10,63.29428455,0,19.46236447,82.75664902
diverse_rec,movielens_sample20of200_lambda0.5,5,12,11,11,66.83979322,0,15.9168558,82.75664902
diverse_rec,movielens_sample20of200_lambda0.5,5,12,12,12,70.02667875,0,12.72997027,82.75664902
diverse_rec,movielens_sample20of200_lambda0.5,5,13,0,0,0,0,82.75664902,82.75664902
diverse_rec,movielens_sample20of200_lambda0.5,5,13,1,1,8.910784322,0,73.8458647,82.75664902
diverse_rec,movielens_sample20of200_lambda0.5,5,13,2,2,17.1499067,0,65.60674232,82.75664902
diverse_rec,movielens_sample20of200_lambda0.5,5,13,3,3,24.8767535,0,57.87989552,82.75664902
diverse_rec,movielens_sample20of200_lambda0.5,5,13,4,4,31.91834814,0,50.83830088,82.75664902
diverse_rec,movielens_sample20of200_lambda0.5,5,13,5,5,38.34587259,0,44.41077643,82.75664902
diverse_rec,movielens_sample20of200_lambda0.5,5,13,6,6,44.23390979,0,38.52273923,82.75664902
diverse_rec,movielens_sample20of200_lambda0.5,5,13,7,7,49.70524442,0,33.0514046,82.75664902
diverse_rec,movielens_sample20of200_lambda0.5,5,13,8,8,54.68279921,0,28.07384981,82.75664902
diverse_rec,movielens_sample20of200_lambda0.5,5,13,9,9,59.1926176,0,23.56403142,82.75664902
diverse_rec,movielens_sample20of200_lambda0.5,5,13,10,10,63.29428455,0,19.46236447,82.75664902
diverse_rec,movielens_sample20of200_lambda0.5,5,13,11,11,66.83979322,0,15.9168558,82.75664902
diverse_rec,movielens_sample20of200_lambda0.5,5,13,12,12,70.02667875,0,12.72997027,82.75664902
diverse_rec,movielens_sample20of200_lambda0.5,5,13,13,13,72.83945263,0,9.917196388,82.75664902
diverse_rec,movielens_sample20of200_lambda0.5,5,14,0,0,0,0,82.75664902,82.75664902
diverse_rec,movielens_sample20of200_lambda0.5,5,14,1,1,8.910784322,0,73.8458647,82.75664902
diverse_rec,movielens_sample20of200_lambda0.5,5,14,2,2,17.1499067,0,65.60674232,82.75664902
diverse_rec,movielens_sample20of200_lambda0.5,5,14,3,3,24.8767535,0,57.87989552,82.75664902
diverse_rec,movielens_sample20of200_lambda0.5,5,14,4,4,31.91834814,0,50.83830088,82.75664902
diverse_rec,movielens_sample20of200_lambda0.5,5,14,5,5,38.34587259,0,44.41077643,82.75664902
diverse_rec,movielens_sample20of200_lambda0.5,5,14,6,6,44.23390979,0,38.52273923,82.75664902
diverse_rec,movielens_sample20of200_lambda0.5,5,14,7,7,49.70524442,0,33.0514046,82.75664902
diverse_rec,movielens_sample20of200_lambda0.5,5,14,8,8,54.68279921,0,28.07384981,82.75664902
diverse_rec,movielens_sample20of200_lambda0.5,5,14,9,9,59.1926176,0,23.56403142,82.75664902
diverse_rec,movielens_sample20of200_lambda0.5,5,14,10,10,63.29428455,0,19.46236447,82.75664902
diverse_rec,movielens_sample20of200_lambda0.5,5,14,11,11,66.83979322,0,15.9168558,82.75664902
diverse_rec,movielens_sample20of200_lambda0.5,5,14,12,12,70.02667875,0,12.72997027,82.75664902
diverse_rec,movielens_sample20of200_lambda0.5,5,14,13,13,72.83945263,0,9.917196388,82.75664902
diverse_rec,movielens_sample20of200_lambda0.5,5,14,14,14,75.27537979,0,7.481269225,82.75664902
diverse_rec,movielens_sample20of200_lambda0.5,5,15,0,0,0,0,82.75664902,82.75664902
diverse_rec,movielens_sample20of200_lambda0.5,5,15,1,1,8.910784322,0,73.8458647,82.75664902
diverse_rec,movielens_sample20of200_lambda0.5,5,15,2,2,17.1499067,0,65.60674232,82.75664902
diverse_rec,movielens_sample20of200_lambda0.5,5,15,3,3,24.8767535,0,57.87989552,82.75664902
diverse_rec,movielens_sample20of200_lambda0.5,5,15,4,4,31.91834814,0,50.83830088,82.75664902
diverse_rec,movielens_sample20of200_lambda0.5,5,15,5,5,38.34587259,0,44.41077643,82.75664902
diverse_rec,movielens_sample20of200_lambda0.5,5,15,6,6,44.23390979,0,38.52273923,82.75664902
diverse_rec,movielens_sample20of200_lambda0.5,5,15,7,7,49.70524442,0,33.0514046,82.75664902
diverse_rec,movielens_sample20of200_lambda0.5,5,15,8,8,54.68279921,0,28.07384981,82.75664902
diverse_rec,movielens_sample20of200_lambda0.5,5,15,9,9,59.1926176,0,23.56403142,82.75664902
diverse_rec,movielens_sample20of200_lambda0.5,5,15,10,10,63.29428455,0,19.46236447,82.75664902
diverse_rec,movielens_sample20of200_lambda0.5,5,15,11,11,66.83979322,0,15.9168558,82.75664902
diverse_rec,movielens_sample20of200_lambda0.5,5,15,12,12,70.02667875,0,12.72997027,82.75664902
diverse_rec,movielens_sample20of200_lambda0.5,5,15,13,13,72.83945263,0,9.917196388,82.75664902
diverse_rec,movielens_sample20of200_lambda0.5,5,15,14,14,75.27537979,0,7.481269225,82.75664902
diverse_rec,movielens_sample20of200_lambda0.5,5,15,15,15,77.46302646,0,5.293622563,82.75664902
diverse_rec,movielens_sample20of200_lambda0.5,5,16,0,0,0,0,82.75664902,82.75664902
diverse_rec,movielens_sample20of200_lambda0.5,5,16,1,1,8.910784322,0,73.8458647,82.75664902
diverse_rec,movielens_sample20of200_lambda0.5,5,16,2,2,17.1499067,0,65.60674232,82.75664902
diverse_rec,movielens_sample20of200_lambda0.5,5,16,3,3,24.8767535,0,57.87989552,82.75664902
diverse_rec,movielens_sample20of200_lambda0.5,5,16,4,4,31.91834814,0,50.83830088,82.75664902
diverse_rec,movielens_sample20of200_lambda0.5,5,16,5,5,38.34587259,0,44.41077643,82.75664902
diverse_rec,movielens_sample20of200_lambda0.5,5,16,6,6,44.23390979,0,38.52273923,82.75664902
diverse_rec,movielens_sample20of200_lambda0.5,5,16,7,7,49.70524442,0,33.0514046,82.75664902
diverse_rec,movielens_sample20of200_lambda0.5,5,16,8,8,54.68279921,0,28.07384981,82.75664902
diverse_rec,movielens_sample20of200_lambda0.5,5,16,9,9,59.1926176,0,23.56403142,82.75664902
diverse_rec,movielens_sample20of200_lambda0.5,5,16,10,10,63.29428455,0,19.46236447,82.75664902
diverse_rec,movielens_sample20of200_lambda0.5,5,16,11,11,66.83979322,0,15.9168558,82.75664902
diverse_rec,movielens_sample20of200_lambda0.5,5,16,12,12,70.02667875,0,12.72997027,82.75664902
diverse_rec,movielens_sample20of200_lambda0.5,5,16,13,13,72.83945263,0,9.917196388,82.75664902
diverse_rec,movielens_sample20of200_lambda0.5,5,16,14,14,75.27537979,0,7.481269225,82.75664902
diverse_rec,movielens_sample20of200_lambda0.5,5,16,15,15,77.46302646,0,5.293622563,82.75664902
diverse_rec,movielens_sample20of200_lambda0.5,5,16,16,16,79.12637646,0,3.630272558,82.75664902
diverse_rec,movielens_sample20of200_lambda0.5,5,17,0,0,0,0,82.75664902,82.75664902
diverse_rec,movielens_sample20of200_lambda0.5,5,17,1,1,8.910784322,0,73.8458647,82.75664902
diverse_rec,movielens_sample20of200_lambda0.5,5,17,2,2,17.1499067,0,65.60674232,82.75664902
diverse_rec,movielens_sample20of200_lambda0.5,5,17,3,3,24.8767535,0,57.87989552,82.75664902
diverse_rec,movielens_sample20of200_lambda0.5,5,17,4,4,31.91834814,0,50.83830088,82.75664902
diverse_rec,movielens_sample20of200_lambda0.5,5,17,5,5,38.34587259,0,44.41077643,82.75664902
diverse_rec,movielens_sample20of200_lambda0.5,5,17,6,6,44.23390979,0,38.52273923,82.75664902
diverse_rec,movielens_sample20of200_lambda0.5,5,17,7,7,49.70524442,0,33.0514046,82.75664902
diverse_rec,movielens_sample20of200_lambda0.5,5,17,8,8,54.68279921,0,28.07384981,82.75664902
diverse_rec,movielens_sample20of200_lambda0.5,5,17,9,9,59.1926176,0,23.56403142,82.75664902
diverse_rec,movielens_sample20of200_lambda0.5,5,17,10,10,63.29428455,0,19.46236447,82.75664902
diverse_rec,movielens_sample20of200_lambda0.5,5,17,11,11,66.83979322,0,15.9168558,82.75664902
diverse_rec,movielens_sample20of200_lambda0.5,5,17,12,12,70.02667875,0,12.72997027,82.75664902
diverse_rec,movielens_sample20of200_lambda0.5,5,17,13,13,72.83945263,0,9.917196388,82.75664902
diverse_rec,movielens_sample20of200_lambda0.5,5,17,14,14,75.27537979,0,7.481269225,82.75664902
diverse_rec,movielens_sample20of200_lambda0.5,5,17,15,15,77.46302646,0,5.293622563,82.75664902
diverse_rec,movielens_sample20of200_lambda0.5,5,17,16,16,79.12637646,0,3.630272558,82.75664902
diverse_rec,movielens_sample20of200_lambda0.5,5,17,17,17,80.48125726,0,2.275391763,82.75664902
diverse_rec,movielens_sample20of200_lambda0.5,5,18,0,0,0,0,82.75664902,82.75664902
diverse_rec,movielens_sample20of200_lambda0.5,5,18,1,1,8.910784322,0,73.8458647,82.75664902
diverse_rec,movielens_sample20of200_lambda0.5,5,18,2,2,17.1499067,0,65.60674232,82.75664902
diverse_rec,movielens_sample20of200_lambda0.5,5,18,3,3,24.8767535,0,57.87989552,82.75664902
diverse_rec,movielens_sample20of200_lambda0.5,5,18,4,4,31.91834814,0,50.83830088,82.75664902
diverse_rec,movielens_sample20of200_lambda0.5,5,18,5,5,38.34587259,0,44.41077643,82.75664902
diverse_rec,movielens_sample20of200_lambda0.5,5,18,6,6,44.23390979,0,38.52273923,82.75664902
diverse_rec,movielens_sample20of200_lambda0.5,5,18,7,7,49.70524442,0,33.0514046,82.75664902
diverse_rec,movielens_sample20of200_lambda0.5,5,18,8,8,54.68279921,0,28.07384981,82.75664902
diverse_rec,movielens_sample20of200_lambda0.5,5,18,9,9,59.1926176,0,23.56403142,82.75664902
diverse_rec,movielens_sample20of200_lambda0.5,5,18,10,10,63.29428455,0,19.46236447,82.75664902
diverse_rec,movielens_sample20of200_lambda0.5,5,18,11,11,66.83979322,0,15.9168558,82.75664902
diverse_rec,movielens_sample20of200_lambda0.5,5,18,12,12,70.02667875,0,12.72997027,82.75664902
diverse_rec,movielens_sample20of200_lambda0.5,5,18,13,13,72.83945263,0,9.917196388,82.75664902
diverse_rec,movielens_sample20of200_lambda0.5,5,18,14,14,75.27537979,0,7.481269225,82.75664902
diverse_rec,movielens_sample20of200_lambda0.5,5,18,15,15,77.46302646,0,5.293622563,82.75664902
diverse_rec,movielens_sample20of200_lambda0.5,5,18,16,16,79.12637646,0,3.630272558,82.75664902
diverse_rec,movielens_sample20of200_lambda0.5,5,18,17,17,80.48125726,0,2.275391763,82.75664902
diverse_rec,movielens_sample20of200_lambda0.5,5,18,18,18,81.55226922,0,1.2043798,82.75664902
diverse_rec,movielens_sample20of200_lambda0.5,5,19,0,0,0,0,82.75664902,82.75664902
diverse_rec,movielens_sample20of200_lambda0.5,5,19,1,1,8.910784322,0,73.8458647,82.75664902
diverse_rec,movielens_sample20of200_lambda0.5,5,19,2,2,17.1499067,0,65.60674232,82.75664902
diverse_rec,movielens_sample20of200_lambda0.5,5,19,3,3,24.8767535,0,57.87989552,82.75664902
diverse_rec,movielens_sample20of200_lambda0.5,5,19,4,4,31.91834814,0,50.83830088,82.75664902
diverse_rec,movielens_sample20of200_lambda0.5,5,19,5,5,38.34587259,0,44.41077643,82.75664902
diverse_rec,movielens_sample20of200_lambda0.5,5,19,6,6,44.23390979,0,38.52273923,82.75664902
diverse_rec,movielens_sample20of200_lambda0.5,5,19,7,7,49.70524442,0,33.0514046,82.75664902
diverse_rec,movielens_sample20of200_lambda0.5,5,19,8,8,54.68279921,0,28.07384981,82.75664902
diverse_rec,movielens_sample20of200_lambda0.5,5,19,9,9,59.1926176,0,23.56403142,82.75664902
diverse_rec,movielens_sample20of200_lambda0.5,5,19,10,10,63.29428455,0,19.46236447,82.75664902
diverse_rec,movielens_sample20of200_lambda0.5,5,19,11,11,66.83979322,0,15.9168558,82.75664902
diverse_rec,movielens_sample20of200_lambda0.5,5,19,12,12,70.02667875,0,12.72997027,82.75664902
diverse_rec,movielens_sample20of200_lambda0.5,5,19,13,13,72.83945263,0,9.917196388,82.75664902
diverse_rec,movielens_sample20of200_lambda0.5,5,19,14,14,75.27537979,0,7.481269225,82.75664902
diverse_rec,movielens_sample20of200_lambda0.5,5,19,15,15,77.46302646,0,5.293622563,82.75664902
diverse_rec,movielens_sample20of200_lambda0.5,5,19,16,16,79.12637646,0,3.630272558,82.75664902
diverse_rec,movielens_sample20of200_lambda0.5,5,19,17,17,80.48125726,0,2.275391763,82.75664902
diverse_rec,movielens_sample20of200_lambda0.5,5,19,18,18,81.55226922,0,1.2043798,82.75664902
diverse_rec,movielens_sample20of200_lambda0.5,5,19,19,19,82.25664902,0,0.5,82.75664902
diverse_rec,movielens_sample20of200_lambda0.5,5,20,0,0,0,0,82.75664902,82.75664902
diverse_rec,movielens_sample20of200_lambda0.5,5,20,1,1,8.910784322,0,73.8458647,82.75664902
diverse_rec,movielens_sample20of200_lambda0.5,5,20,2,2,17.1499067,0,65.60674232,82.75664902
diverse_rec,movielens_sample20of200_lambda0.5,5,20,3,3,24.8767535,0,57.87989552,82.75664902
diverse_rec,movielens_sample20of200_lambda0.5,5,20,4,4,31.91834814,0,50.83830088,82.75664902
diverse_rec,movielens_sample20of200_lambda0.5,5,20,5,5,38.34587259,0,44.41077643,82.75664902
diverse_rec,movielens_sample20of200_lambda0.5,5,20,6,6,44.23390979,0,38.52273923,82.75664902
diverse_rec,movielens_sample20of200_lambda0.5,5,20,7,7,49.70524442,0,33.0514046,82.75664902
diverse_rec,movielens_sample20of200_lambda0.5,5,20,8,8,54.68279921,0,28.07384981,82.75664902
diverse_rec,movielens_sample20of200_lambda0.5,5,20,9,9,59.1926176,0,23.56403142,82.75664902
diverse_rec,movielens_sample20of200_lambda0.5,5,20,10,10,63.29428455,0,19.46236447,82.75664902
diverse_rec,movielens_sample20of200_lambda0.5,5,20,11,11,66.83979322,0,15.9168558,82.75664902
diverse_rec,movielens_sample20of200_lambda0.5,5,20,12,12,70.02667875,0,12.72997027,82.75664902
diverse_rec,movielens_sample20of200_lambda0.5,5,20,13,13,72.83945263,0,9.917196388,82.75664902
diverse_rec,movielens_sample20of200_lambda0.5,5,20,14,14,75.27537979,0,7.481269225,82.75664902
diverse_rec,movielens_sample20of200_lambda0.5,5,20,15,15,77.46302646,0,5.293622563,82.75664902
diverse_rec,movielens_sample20of200_lambda0.5,5,20,16,16,79.12637646,0,3.630272558,82.75664902
diverse_rec,movielens_sample20of200_lambda0.5,5,20,17,17,80.48125726,0,2.275391763,82.75664902
diverse_rec,movielens_sample20of200_lambda0.5,5,20,18,18,81.55226922,0,1.2043798,82.75664902
diverse_rec,movielens_sample20of200_lambda0.5,5,20,19,19,82.25664902,0,0.5,82.75664902
diverse_rec,movielens_sample20of200_lambda0.5,5,20,20,20,82.75664902,0,0,82.75664902
diverse_rec,movielens_sample20of200_lambda0.5,6,1,0,0,0,0,9.16981541,9.16981541
diverse_rec,movielens_sample20of200_lambda0.5,6,1,1,1,9.16981541,0,8.183637474,17.35345288
diverse_rec,movielens_sample20of200_lambda0.5,6,2,0,0,0,0,17.84505399,17.84505399
diverse_rec,movielens_sample20of200_lambda0.5,6,2,1,1,9.16981541,0,16.07182303,25.24163844
diverse_rec,movielens_sample20of200_lambda0.5,6,2,2,2,17.35345288,0,14.99871296,32.35216584
diverse_rec,movielens_sample20of200_lambda0.5,6,3,0,0,0,0,26.29365605,26.29365605
diverse_rec,movielens_sample20of200_lambda0.5,6,3,1,1,9.16981541,0,23.95526654,33.12508195
diverse_rec,movielens_sample20of200_lambda0.5,6,3,2,2,17.35345288,0,22.33748611,39.690939
diverse_rec,movielens_sample20of200_lambda0.5,6,3,3,3,24.97948733,0,20.71330008,45.69278741
diverse_rec,movielens_sample20of200_lambda0.5,6,4,0,0,0,0,34.65518494,34.65518494
diverse_rec,movielens_sample20of200_lambda0.5,6,4,1,1,9.16981541,0,31.82516592,40.99498133
diverse_rec,movielens_sample20of200_lambda0.5,6,4,2,2,17.35345288,0,29.65842982,47.0118827
diverse_rec,movielens_sample20of200_lambda0.5,6,4,3,3,24.97948733,0,27.54402955,52.52351688
diverse_rec,movielens_sample20of200_lambda0.5,6,4,4,4,31.93524391,0,25.46868489,57.4039288
diverse_rec,movielens_sample20of200_lambda0.5,6,5,0,0,0,0,43.00334422,43.00334422
diverse_rec,movielens_sample20of200_lambda0.5,6,5,1,1,9.16981541,0,39.58320824,48.75302365
diverse_rec,movielens_sample20of200_lambda0.5,6,5,2,2,17.35345288,0,36.97365897,54.32711185
diverse_rec,movielens_sample20of200_lambda0.5,6,5,3,3,24.97948733,0,34.22583947,59.2053268
diverse_rec,movielens_sample20of200_lambda0.5,6,5,4,4,31.93524391,0,31.56377537,63.49901928
diverse_rec,movielens_sample20of200_lambda0.5,6,5,5,5,38.38519359,0,28.93261978,67.31781337
diverse_rec,movielens_sample20of200_lambda0.5,6,6,0,0,0,0,51.23342902,51.23342902
diverse_rec,movielens_sample20of200_lambda0.5,6,6,1,1,9.16981541,0,47.26835146,56.43816687
diverse_rec,movielens_sample20of200_lambda0.5,6,6,2,2,17.35345288,0,43.94249683,61.29594971
diverse_rec,movielens_sample20of200_lambda0.5,6,6,3,3,24.97948733,0,40.68821976,65.66770708
diverse_rec,movielens_sample20of200_lambda0.5,6,6,4,4,31.93524391,0,37.54364361,69.47888752
diverse_rec,movielens_sample20of200_lambda0.5,6,6,5,5,38.38519359,0,34.33257361,72.7177672
diverse_rec,movielens_sample20of200_lambda0.5,6,6,6,6,44.38246821,0,31.38530133,75.76776954
diverse_rec,movielens_sample20of200_lambda0.5,6,7,0,0,0,0,59.2053268,59.2053268
diverse_rec,movielens_sample20of200_lambda0.5,6,7,1,1,9.16981541,0,54.64809361,63.81790902
diverse_rec,movielens_sample20of200_lambda0.5,6,7,2,2,17.35345288,0,50.8120675,68.16552039
diverse_rec,movielens_sample20of200_lambda0.5,6,7,3,3,24.97948733,0,46.96400621,71.94349353
diverse_rec,movielens_sample20of200_lambda0.5,6,7,4,4,31.93524391,0,43.28371427,75.21895818
diverse_rec,movielens_sample20of200_lambda0.5,6,7,5,5,38.38519359,0,39.65426075,78.03945435
diverse_rec,movielens_sample20of200_lambda0.5,6,7,6,6,44.38246821,0,36.2232551,80.60572331
diverse_rec,movielens_sample20of200_lambda0.5,6,7,7,7,49.81066956,0,32.91418479,82.72485435
diverse_rec,movielens_sample20of200_lambda0.5,6,8,0,0,0,0,67.00769117,67.00769117
diverse_rec,movielens_sample20of200_lambda0.5,6,8,1,1,9.16981541,0,61.71407474,70.88389015
diverse_rec,movielens_sample20of200_lambda0.5,6,8,2,2,17.35345288,0,57.36691475,74.72036764
diverse_rec,movielens_sample20of200_lambda0.5,6,8,3,3,24.97948733,0,52.95176912,77.93125645
diverse_rec,movielens_sample20of200_lambda0.5,6,8,4,4,31.93524391,0,48.78400864,80.71925255
diverse_rec,movielens_sample20of200_lambda0.5,6,8,5,5,38.38519359,0,44.61327879,82.99847238
diverse_rec,movielens_sample20of200_lambda0.5,6,8,6,6,44.38246821,0,38.84238614,83.22485435
diverse_rec,movielens_sample20of200_lambda0.5,6,8,7,7,49.81066956,0,33.41418479,83.22485435
diverse_rec,movielens_sample20of200_lambda0.5,6,8,8,8,54.84495268,0,28.37990167,83.22485435
diverse_rec,movielens_sample20of200_lambda0.5,6,9,0,0,0,0,74.44203047,74.44203047
diverse_rec,movielens_sample20of200_lambda0.5,6,9,1,1,9.16981541,0,68.46365505,77.63347046
diverse_rec,movielens_sample20of200_lambda0.5,6,9,2,2,17.35345288,0,63.58820677,80.94165966
diverse_rec,movielens_sample20of200_lambda0.5,6,9,3,3,24.97948733,0,58.24536702,83.22485435
diverse_rec,movielens_sample20of200_lambda0.5,6,9,4,4,31.93524391,0,51.28961044,83.22485435
diverse_rec,movielens_sample20of200_lambda0.5,6,9,5,5,38.38519359,0,44.83966076,83.22485435
diverse_rec,movielens_sample20of200_lambda0.5,6,9,6,6,44.38246821,0,38.84238614,83.22485435
diverse_rec,movielens_sample20of200_lambda0.5,6,9,7,7,49.81066956,0,33.41418479,83.22485435
diverse_rec,movielens_sample20of200_lambda0.5,6,9,8,8,54.84495268,0,28.37990167,83.22485435
diverse_rec,movielens_sample20of200_lambda0.5,6,9,9,9,59.40008475,0,23.82476959,83.22485435
diverse_rec,movielens_sample20of200_lambda0.5,6,10,0,0,0,0,81.31916268,81.31916268
diverse_rec,movielens_sample20of200_lambda0.5,6,10,1,1,9.16981541,0,74.05503894,83.22485435
diverse_rec,movielens_sample20of200_lambda0.5,6,10,2,2,17.35345288,0,65.87140146,83.22485435
diverse_rec,movielens_sample20of200_lambda0.5,6,10,3,3,24.97948733,0,58.24536702,83.22485435
diverse_rec,movielens_sample20of200_lambda0.5,6,10,4,4,31.93524391,0,51.28961044,83.22485435
diverse_rec,movielens_sample20of200_lambda0.5,6,10,5,5,38.38519359,0,44.83966076,83.22485435
diverse_rec,movielens_sample20of200_lambda0.5,6,10,6,6,44.38246821,0,38.84238614,83.22485435
diverse_rec,movielens_sample20of200_lambda0.5,6,10,7,7,49.81066956,0,33.41418479,83.22485435
diverse_rec,movielens_sample20of200_lambda0.5,6,10,8,8,54.84495268,0,28.37990167,83.22485435
diverse_rec,movielens_sample20of200_lambda0.5,6,10,9,9,59.40008475,0,23.82476959,83.22485435
diverse_rec,movielens_sample20of200_lambda0.5,6,10,10,10,63.49901928,0,19.72583507,83.22485435
diverse_rec,movielens_sample20of200_lambda0.5,6,11,0,0,0,0,83.22485435,83.22485435
diverse_rec,movielens_sample20of200_lambda0.5,6,11,1,1,9.16981541,0,74.05503894,83.22485435
diverse_rec,movielens_sample20of200_lambda0.5,6,11,2,2,17.35345288,0,65.87140146,83.22485435
diverse_rec,movielens_sample20of200_lambda0.5,6,11,3,3,24.97948733,0,58.24536702,83.22485435
diverse_rec,movielens_sample20of200_lambda0.5,6,11,4,4,31.93524391,0,51.28961044,83.22485435
diverse_rec,movielens_sample20of200_lambda0.5,6,11,5,5,38.38519359,0,44.83966076,83.22485435
diverse_rec,movielens_sample20of200_lambda0.5,6,11,6,6,44.38246821,0,38.84238614,83.22485435
diverse_rec,movielens_sample20of200_lambda0.5,6,11,7,7,49.81066956,0,33.41418479,83.22485435
diverse_rec,movielens_sample20of200_lambda0.5,6,11,8,8,54.84495268,0,28.37990167,83.22485435
diverse_rec,movielens_sample20of200_lambda0.5,6,11,9,9,59.40008475,0,23.82476959,83.22485435
diverse_rec,movielens_sample20of200_lambda0.5,6,11,10,10,63.49901928,0,19.72583507,83.22485435
diverse_rec,movielens_sample20of200_lambda0.5,6,11,11,11,67.17193192,0,16.05292243,83.22485435
diverse_rec,movielens_sample20of200_lambda0.5,6,12,0,0,0,0,83.22485435,83.22485435
diverse_rec,movielens_sample20of200_lambda0.5,6,12,1,1,9.16981541,0,74.05503894,83.22485435
diverse_rec,movielens_sample20of200_lambda0.5,6,12,2,2,17.35345288,0,65.87140146,83.22485435
diverse_rec,movielens_sample20of200_lambda0.5,6,12,3,3,24.97948733,0,58.24536702,83.22485435
diverse_rec,movielens_sample20of200_lambda0.5,6,12,4,4,31.93524391,0,51.28961044,83.22485435
diverse_rec,movielens_sample20of200_lambda0.5,6,12,5,5,38.38519359,0,44.83966076,83.22485435
diverse_rec,movielens_sample20of200_lambda0.5,6,12,6,6,44.38246821,0,38.84238614,83.22485435
diverse_rec,movielens_sample20of200_lambda0.5,6,12,7,7,49.81066956,0,33.41418479,83.22485435
diverse_rec,movielens_sample20of200_lambda0.5,6,12,8,8,54.84495268,0,28.37990167,83.22485435
diverse_rec,movielens_sample20of200_lambda0.5,6,12,9,9,59.40008475,0,23.82476959,83.22485435
diverse_rec,movielens_sample20of200_lambda0.5,6,12,10,10,63.49901928,0,19.72583507,83.22485435
diverse_rec,movielens_sample20of200_lambda0.5,6,12,11,11,67.17193192,0,16.05292243,83.22485435
diverse_rec,movielens_sample20of200_lambda0.5,6,12,12,12,70.37547485,0,12.84937949,83.22485435
diverse_rec,movielens_sample20of200_lambda0.5,6,13,0,0,0,0,83.22485435,83.22485435
diverse_rec,movielens_sample20of200_lambda0.5,6,13,1,1,9.16981541,0,74.05503894,83.22485435
diverse_rec,movielens_sample20of200_lambda0.5,6,13,2,2,17.35345288,0,65.87140146,83.22485435
diverse_rec,movielens_sample20of200_lambda0.5,6,13,3,3,24.97948733,0,58.24536702,83.22485435
diverse_rec,movielens_sample20of200_lambda0.5,6,13,4,4,31.93524391,0,51.28961044,83.22485435
diverse_rec,movielens_sample20of200_lambda0.5,6,13,5,5,38.38519359,0,44.83966076,83.22485435
diverse_rec,movielens_sample20of200_lambda0.5,6,13,6,6,44.38246821,0,38.84238614,83.22485435
diverse_rec,movielens_sample20of200_lambda0.5,6,13,7,7,49.81066956,0,33.41418479,83.22485435
diverse_rec,movielens_sample20of200_lambda0.5,6,13,8,8,54.84495268,0,28.37990167,83.22485435
diverse_rec,movielens_sample20of200_lambda0.5,6,13,9,9,59.40008475,0,23.82476959,83.22485435
diverse_rec,movielens_sample20of200_lambda0.5,6,13,10,10,63.49901928,0,19.72583507,83.22485435
diverse_rec,movielens_sample20of200_lambda0.5,6,13,11,11,67.17193192,0,16.05292243,83.22485435
diverse_rec,movielens_sample20of200_lambda0.5,6,13,12,12,70.37547485,0,12.84937949,83.22485435
diverse_rec,movielens_sample20of200_lambda0.5,6,13,13,13,73.20238537,0,10.02246898,83.22485435
diverse_rec,movielens_sample20of200_lambda0.5,6,14,0,0,0,0,83.22485435,83.22485435
diverse_rec,movielens_sample20of200_lambda0.5,6,14,1,1,9.16981541,0,74.05503894,83.22485435
diverse_rec,movielens_sample20of200_lambda0.5,6,14,2,2,17.35345288,0,65.87140146,83.22485435
diverse_rec,movielens_sample20of200_lambda0.5,6,14,3,3,24.97948733,0,58.24536702,83.22485435
diverse_rec,movielens_sample20of200_lambda0.5,6,14,4,4,31.93524391,0,51.28961044,83.22485435
diverse_rec,movielens_sample20of200_lambda0.5,6,14,5,5,38.38519359,0,44.83966076,83.22485435
diverse_rec,movielens_sample20of200_lambda0.5,6,14,6,6,44.38246821,0,38.84238614,83.22485435
diverse_rec,movielens_sample20of200_lambda0.5,6,14,7,7,49.81066956,0,33.41418479,83.22485435
diverse_rec,movielens_sample20of200_lambda0.5,6,14,8,8,54.84495268,0,28.37990167,83.22485435
diverse_rec,movielens_sample20of200_lambda0.5,6,14,9,9,59.40008475,0,23.82476959,83.22485435
diverse_rec,movielens_sample20of200_lambda0.5,6,14,10,10,63.49901928,0,19.72583507,83.22485435
diverse_rec,movielens_sample20of200_lambda0.5,6,14,11,11,67.17193192,0,16.05292243,83.22485435
diverse_rec,movielens_sample20of200_lambda0.5,6,14,12,12,70.37547485,0,12.84937949,83.22485435
diverse_rec,movielens_sample20of200_lambda0.5,6,14,13,13,73.20238537,0,10.02246898,83.22485435
diverse_rec,movielens_sample20of200_lambda0.5,6,14,14,14,75.6705143,0,7.554340043,83.22485435
diverse_rec,movielens_sample20of200_lambda0.5,6,15,0,0,0,0,83.22485435,83.22485435
diverse_rec,movielens_sample20of200_lambda0.5,6,15,1,1,9.16981541,0,74.05503894,83.22485435
diverse_rec,movielens_sample20of200_lambda0.5,6,15,2,2,17.35345288,0,65.87140146,83.22485435
diverse_rec,movielens_sample20of200_lambda0.5,6,15,3,3,24.97948733,0,58.24536702,83.22485435
diverse_rec,movielens_sample20of200_lambda0.5,6,15,4,4,31.93524391,0,51.28961044,83.22485435
diverse_rec,movielens_sample20of200_lambda0.5,6,15,5,5,38.38519359,0,44.83966076,83.22485435
diverse_rec,movielens_sample20of200_lambda0.5,6,15,6,6,44.38246821,0,38.84238614,83.22485435
diverse_rec,movielens_sample20of200_lambda0.5,6,15,7,7,49.81066956,0,33.41418479,83.22485435
diverse_rec,movielens_sample20of200_lambda0.5,6,15,8,8,54.84495268,0,28.37990167,83.22485435
diverse_rec,movielens_sample20of200_lambda0.5,6,15,9,9,59.40008475,0,23.82476959,83.22485435
diverse_rec,movielens_sample20of200_lambda0.5,6,15,10,10,63.49901928,0,19.72583507,83.22485435
diverse_rec,movielens_sample20of200_lambda0.5,6,15,11,11,67.17193192,0,16.05292243,83.22485435
diverse_rec,movielens_sample20of200_lambda0.5,6,15,12,12,70.37547485,0,12.84937949,83.22485435
diverse_rec,movielens_sample20of200_lambda0.5,6,15,13,13,73.20238537,0,10.02246898,83.22485435
diverse_rec,movielens_sample20of200_lambda0.5,6,15,14,14,75.6705143,0,7.554340043,83.22485435
diverse_rec,movielens_sample20of200_lambda0.5,6,15,15,15,77.77029909,0,5.454555254,83.22485435
diverse_rec,movielens_sample20of200_lambda0.5,6,16,0,0,0,0,83.22485435,83.22485435
diverse_rec,movielens_sample20of200_lambda0.5,6,16,1,1,9.16981541,0,74.05503894,83.22485435
diverse_rec,movielens_sample20of200_lambda0.5,6,16,2,2,17.35345288,0,65.87140146,83.22485435
diverse_rec,movielens_sample20of200_lambda0.5,6,16,3,3,24.97948733,0,58.24536702,83.22485435
diverse_rec,movielens_sample20of200_lambda0.5,6,16,4,4,31.93524391,0,51.28961044,83.22485435
diverse_rec,movielens_sample20of200_lambda0.5,6,16,5,5,38.38519359,0,44.83966076,83.22485435
diverse_rec,movielens_sample20of200_lambda0.5,6,16,6,6,44.38246821,0,38.84238614,83.22485435
diverse_rec,movielens_sample20of200_lambda0.5,6,16,7,7,49.81066956,0,33.41418479,83.22485435
diverse_rec,movielens_sample20of200_lambda0.5,6,16,8,8,54.84495268,0,28.37990167,83.22485435
diverse_rec,movielens_sample20of200_lambda0.5,6,16,9,9,59.40008475,0,23.82476959,83.22485435
diverse_rec,movielens_sample20of200_lambda0.5,6,16,10,10,63.49901928,0,19.72583507,83.22485435
diverse_rec,movielens_sample20of200_lambda0.5,6,16,11,11,67.17193192,0,16.05292243,83.22485435
diverse_rec,movielens_sample20of200_lambda0.5,6,16,12,12,70.37547485,0,12.84937949,83.22485435
diverse_rec,movielens_sample20of200_lambda0.5,6,16,13,13,73.20238537,0,10.02246898,83.22485435
diverse_rec,movielens_sample20of200_lambda0.5,6,16,14,14,75.6705143,0,7.554340043,83.22485435
diverse_rec,movielens_sample20of200_lambda0.5,6,16,15,15,77.77029909,0,5.454555254,83.22485435
diverse_rec,movielens_sample20of200_lambda0.5,6,16,16,16,79.54393383,0,3.68092052,83.22485435
diverse_rec,movielens_sample20of200_lambda0.5,6,17,0,0,0,0,83.22485435,83.22485435
diverse_rec,movielens_sample20of200_lambda0.5,6,17,1,1,9.16981541,0,74.05503894,83.22485435
diverse_rec,movielens_sample20of200_lambda0.5,6,17,2,2,17.35345288,0,65.87140146,83.22485435
diverse_rec,movielens_sample20of200_lambda0.5,6,17,3,3,24.97948733,0,58.24536702,83.22485435
diverse_rec,movielens_sample20of200_lambda0.5,6,17,4,4,31.93524391,0,51.28961044,83.22485435
diverse_rec,movielens_sample20of200_lambda0.5,6,17,5,5,38.38519359,0,44.83966076,83.22485435
diverse_rec,movielens_sample20of200_lambda0.5,6,17,6,6,44.38246821,0,38.84238614,83.22485435
diverse_rec,movielens_sample20of200_lambda0.5,6,17,7,7,49.81066956,0,33.41418479,83.22485435
diverse_rec,movielens_sample20of200_lambda0.5,6,17,8,8,54.84495268,0,28.37990167,83.22485435
diverse_rec,movielens_sample20of200_lambda0.5,6,17,9,9,59.40008475,0,23.82476959,83.22485435
diverse_rec,movielens_sample20of200_lambda0.5,6,17,10,10,63.49901928,0,19.72583507,83.22485435
diverse_rec,movielens_sample20of200_lambda0.5,6,17,11,11,67.17193192,0,16.05292243,83.22485435
diverse_rec,movielens_sample20of200_lambda0.5,6,17,12,12,70.37547485,0,12.84937949,83.22485435
diverse_rec,movielens_sample20of200_lambda0.5,6,17,13,13,73.20238537,0,10.02246898,83.22485435
diverse_rec,movielens_sample20of200_lambda0.5,6,17,14,14,75.6705143,0,7.554340043,83.22485435
diverse_rec,movielens_sample20of200_lambda0.5,6,17,15,15,77.77029909,0,5.454555254,83.22485435
diverse_rec,movielens_sample20of200_lambda0.5,6,17,16,16,79.54393383,0,3.68092052,83.22485435
diverse_rec,movielens_sample20of200_lambda0.5,6,17,17,17,80.96937562,0,2.255478724,83.22485435
diverse_rec,movielens_sample20of200_lambda0.5,6,18,0,0,0,0,83.22485435,83.22485435
diverse_rec,movielens_sample20of200_lambda0.5,6,18,1,1,9.16981541,0,74.05503894,83.22485435
diverse_rec,movielens_sample20of200_lambda0.5,6,18,2,2,17.35345288,0,65.87140146,83.22485435
diverse_rec,movielens_sample20of200_lambda0.5,6,18,3,3,24.97948733,0,58.24536702,83.22485435
diverse_rec,movielens_sample20of200_lambda0.5,6,18,4,4,31.93524391,0,51.28961044,83.22485435
diverse_rec,movielens_sample20of200_lambda0.5,6,18,5,5,38.38519359,0,44.83966076,83.22485435
diverse_rec,movielens_sample20of200_lambda0.5,6,18,6,6,44.38246821,0,38.84238614,83.22485435
diverse_rec,movielens_sample20of200_lambda0.5,6,18,7,7,49.81066956,0,33.41418479,83.22485435
diverse_rec,movielens_sample20of200_lambda0.5,6,18,8,8,54.84495268,0,28.37990167,83.22485435
diverse_rec,movielens_sample20of200_lambda0.5,6,18,9,9,59.40008475,0,23.82476959,83.22485435
diverse_rec,movielens_sample20of200_lambda0.5,6,18,10,10,63.49901928,0,19.72583507,83.22485435
diverse_rec,movielens_sample20of200_lambda0.5,6,18,11,11,67.17193192,0,16.05292243,83.22485435
diverse_rec,movielens_sample20of200_lambda0.5,6,18,12,12,70.37547485,0,12.84937949,83.22485435
diverse_rec,movielens_sample20of200_lambda0.5,6,18,13,13,73.20238537,0,10.02246898,83.22485435
diverse_rec,movielens_sample20of200_lambda0.5,6,18,14,14,75.6705143,0,7.554340043,83.22485435
diverse_rec,movielens_sample20of200_lambda0.5,6,18,15,15,77.77029909,0,5.454555254,83.22485435
diverse_rec,movielens_sample20of200_lambda0.5,6,18,16,16,79.54393383,0,3.68092052,83.22485435
diverse_rec,movielens_sample20of200_lambda0.5,6,18,17,17,80.96937562,0,2.255478724,83.22485435
diverse_rec,movielens_sample20of200_lambda0.5,6,18,18,18,82.02816371,0,1.196690635,83.22485435
diverse_rec,movielens_sample20of200_lambda0.5,6,19,0,0,0,0,83.22485435,83.22485435
diverse_rec,movielens_sample20of200_lambda0.5,6,19,1,1,9.16981541,0,74.05503894,83.22485435
diverse_rec,movielens_sample20of200_lambda0.5,6,19,2,2,17.35345288,0,65.87140146,83.22485435
diverse_rec,movielens_sample20of200_lambda0.5,6,19,3,3,24.97948733,0,58.24536702,83.22485435
diverse_rec,movielens_sample20of200_lambda0.5,6,19,4,4,31.93524391,0,51.28961044,83.22485435
diverse_rec,movielens_sample20of200_lambda0.5,6,19,5,5,38.38519359,0,44.83966076,83.22485435
diverse_rec,movielens_sample20of200_lambda0.5,6,19,6,6,44.38246821,0,38.84238614,83.22485435
diverse_rec,movielens_sample20of200_lambda0.5,6,19,7,7,49.81066956,0,33.41418479,83.22485435
diverse_rec,movielens_sample20of200_lambda0.5,6,19,8,8,54.84495268,0,28.37990167,83.22485435
diverse_rec,movielens_sample20of200_lambda0.5,6,19,9,9,59.40008475,0,23.82476959,83.22485435
diverse_rec,movielens_sample20of200_lambda0.5,6,19,10,10,63.49901928,0,19.72583507,83.22485435
diverse_rec,movielens_sample20of200_lambda0.5,6,19,11,11,67.17193192,0,16.05292243,83.22485435
diverse_rec,movielens_sample20of200_lambda0.5,6,19,12,12,70.37547485,0,12.84937949,83.22485435
diverse_rec,movielens_sample20of200_lambda0.5,6,19,13,13,73.20238537,0,10.02246898,83.22485435
diverse_rec,movielens_sample20of200_lambda0.5,6,19,14,14,75.6705143,0,7.554340043,83.22485435
diverse_rec,movielens_sample20of200_lambda0.5,6,19,15,15,77.77029909,0,5.454555254,83.22485435
diverse_rec,movielens_sample20of200_lambda0.5,6,19,16,16,79.54393383,0,3.68092052,83.22485435
diverse_rec,movielens_sample20of200_lambda0.5,6,19,17,17,80.96937562,0,2.255478724,83.22485435
diverse_rec,movielens_sample20of200_lambda0.5,6,19,18,18,82.02816371,0,1.196690635,83.22485435
diverse_rec,movielens_sample20of200_lambda0.5,6,19,19,19,82.72485435,0,0.5,83.22485435
diverse_rec,movielens_sample20of200_lambda0.5,6,20,0,0,0,0,83.22485435,83.22485435
diverse_rec,movielens_sample20of200_lambda0.5,6,20,1,1,9.16981541,0,74.05503894,83.22485435
diverse_rec,movielens_sample20of200_lambda0.5,6,20,2,2,17.35345288,0,65.87140146,83.22485435
diverse_rec,movielens_sample20of200_lambda0.5,6,20,3,3,24.97948733,0,58.24536702,83.22485435
diverse_rec,movielens_sample20of200_lambda0.5,6,20,4,4,31.93524391,0,51.28961044,83.22485435
diverse_rec,movielens_sample20of200_lambda0.5,6,20,5,5,38.38519359,0,44.83966076,83.22485435
diverse_rec,movielens_sample20of200_lambda0.5,6,20,6,6,44.38246821,0,38.84238614,83.22485435
diverse_rec,movielens_sample20of200_lambda0.5,6,20,7,7,49.81066956,0,33.41418479,83.22485435
diverse_rec,movielens_sample20of200_lambda0.5,6,20,8,8,54.84495268,0,28.37990167,83.22485435
diverse_rec,movielens_sample20of200_lambda0.5,6,20,9,9,59.40008475,0,23.82476959,83.22485435
diverse_rec,movielens_sample20of200_lambda0.5,6,20,10,10,63.49901928,0,19.72583507,83.22485435
diverse_rec,movielens_sample20of200_lambda0.5,6,20,11,11,67.17193192,0,16.05292243,83.22485435
diverse_rec,movielens_sample20of200_lambda0.5,6,20,12,12,70.37547485,0,12.84937949,83.22485435
diverse_rec,movielens_sample20of200_lambda0.5,6,20,13,13,73.20238537,0,10.02246898,83.22485435
diverse_rec,movielens_sample20of200_lambda0.5,6,20,14,14,75.6705143,0,7.554340043,83.22485435
diverse_rec,movielens_sample20of200_lambda0.5,6,20,15,15,77.77029909,0,5.454555254,83.22485435
diverse_rec,movielens_sample20of200_lambda0.5,6,20,16,16,79.54393383,0,3.68092052,83.22485435
diverse_rec,movielens_sample20of200_lambda0.5,6,20,17,17,80.96937562,0,2.255478724,83.22485435
diverse_rec,movielens_sample20of200_lambda0.5,6,20,18,18,82.02816371,0,1.196690635,83.22485435
diverse_rec,movielens_sample20of200_lambda0.5,6,20,19,19,82.72485435,0,0.5,83.22485435
diverse_rec,movielens_sample20of200_lambda0.5,6,20,20,20,83.22485435,0,0,83.22485435
diverse_rec,movielens_sample20of200_lambda0.5,7,1,0,0,0,0,9.504139193,9.504139193
diverse_rec,movielens_sample20of200_lambda0.5,7,1,1,1,9.504139193,0,8.780341984,18.28448118
diverse_rec,movielens_sample20of200_lambda0.5,7,2,0,0,0,0,18.72668025,18.72668025
diverse_rec,movielens_sample20of200_lambda0.5,7,2,1,1,9.504139193,0,17.38333409,26.88747328
diverse_rec,movielens_sample20of200_lambda0.5,7,2,2,2,18.28448118,0,16.23917884,34.52366002
diverse_rec,movielens_sample20of200_lambda0.5,7,3,0,0,0,0,27.91983595,27.91983595
diverse_rec,movielens_sample20of200_lambda0.5,7,3,1,1,9.504139193,0,25.82251754,35.32665673
diverse_rec,movielens_sample20of200_lambda0.5,7,3,2,2,18.28448118,0,23.95930758,42.24378876
diverse_rec,movielens_sample20of200_lambda0.5,7,3,3,3,26.5421725,0,21.78342487,48.32559737
diverse_rec,movielens_sample20of200_lambda0.5,7,4,0,0,0,0,36.81383676,36.81383676
diverse_rec,movielens_sample20of200_lambda0.5,7,4,1,1,9.504139193,0,34.07817695,43.58231614
diverse_rec,movielens_sample20of200_lambda0.5,7,4,2,2,18.28448118,0,31.63846784,49.92294901
diverse_rec,movielens_sample20of200_lambda0.5,7,4,3,3,26.5421725,0,28.91925134,55.46142385
diverse_rec,movielens_sample20of200_lambda0.5,7,4,4,4,34.01353565,0,26.59597898,60.60951463
diverse_rec,movielens_sample20of200_lambda0.5,7,5,0,0,0,0,45.61941847,45.61941847
diverse_rec,movielens_sample20of200_lambda0.5,7,5,1,1,9.504139193,0,42.20638902,51.71052821
diverse_rec,movielens_sample20of200_lambda0.5,7,5,2,2,18.28448118,0,39.26769933,57.55218051
diverse_rec,movielens_sample20of200_lambda0.5,7,5,3,3,26.5421725,0,35.87440413,62.41657664
diverse_rec,movielens_sample20of200_lambda0.5,7,5,4,4,34.01353565,0,32.97029102,66.98382666
diverse_rec,movielens_sample20of200_lambda0.5,7,5,5,5,41.03385056,0,30.13182599,71.16567654
diverse_rec,movielens_sample20of200_lambda0.5,7,6,0,0,0,0,54.14838647,54.14838647
diverse_rec,movielens_sample20of200_lambda0.5,7,6,1,1,9.504139193,0,50.02320104,59.52734024
diverse_rec,movielens_sample20of200_lambda0.5,7,6,2,2,18.28448118,0,46.63569785,64.92017903
diverse_rec,movielens_sample20of200_lambda0.5,7,6,3,3,26.5421725,0,42.65430842,69.19648093
diverse_rec,movielens_sample20of200_lambda0.5,7,6,4,4,34.01353565,0,39.33065149,73.34418714
diverse_rec,movielens_sample20of200_lambda0.5,7,6,5,5,41.03385056,0,36.00203353,77.03588409
diverse_rec,movielens_sample20of200_lambda0.5,7,6,6,6,47.21642241,0,33.0062025,80.22262491
diverse_rec,movielens_sample20of200_lambda0.5,7,7,0,0,0,0,62.44555532,62.44555532
diverse_rec,movielens_sample20of200_lambda0.5,7,7,1,1,9.504139193,0,57.76764182,67.27178101
diverse_rec,movielens_sample20of200_lambda0.5,7,7,2,2,18.28448118,0,53.8400466,72.12452777
diverse_rec,movielens_sample20of200_lambda0.5,7,7,3,3,26.5421725,0,49.40427267,75.94644517
diverse_rec,movielens_sample20of200_lambda0.5,7,7,4,4,34.01353565,0,45.66622524,79.67976089
diverse_rec,movielens_sample20of200_lambda0.5,7,7,5,5,41.03385056,0,41.64636511,82.68021566
diverse_rec,movielens_sample20of200_lambda0.5,7,7,6,6,47.21642241,0,38.16645567,85.38287808
diverse_rec,movielens_sample20of200_lambda0.5,7,7,7,7,52.92004568,0,34.35615513,87.27620081
diverse_rec,movielens_sample20of200_lambda0.5,7,8,0,0,0,0,70.68782795,70.68782795
diverse_rec,movielens_sample20of200_lambda0.5,7,8,1,1,9.504139193,0,65.47660953,74.98074872
diverse_rec,movielens_sample20of200_lambda0.5,7,8,2,2,18.28448118,0,61.00346719,79.28794837
diverse_rec,movielens_sample20of200_lambda0.5,7,8,3,3,26.5421725,0,55.82410889,82.36628139
diverse_rec,movielens_sample20of200_lambda0.5,7,8,4,4,34.01353565,0,51.46626361,85.47979926
diverse_rec,movielens_sample20of200_lambda0.5,7,8,5,5,41.03385056,0,46.25652289,87.29037345
diverse_rec,movielens_sample20of200_lambda0.5,7,8,6,6,47.21642241,0,40.5597784,87.77620081
diverse_rec,movielens_sample20of200_lambda0.5,7,8,7,7,52.92004568,0,34.85615513,87.77620081
diverse_rec,movielens_sample20of200_lambda0.5,7,8,8,8,58.05483287,0,29.72136794,87.77620081
diverse_rec,movielens_sample20of200_lambda0.5,7,9,0,0,0,0,78.71180966,78.71180966
diverse_rec,movielens_sample20of200_lambda0.5,7,9,1,1,9.504139193,0,72.82207102,82.32621021
diverse_rec,movielens_sample20of200_lambda0.5,7,9,2,2,18.28448118,0,67.57321309,85.85769427
diverse_rec,movielens_sample20of200_lambda0.5,7,9,3,3,26.5421725,0,61.15045584,87.69262834
diverse_rec,movielens_sample20of200_lambda0.5,7,9,4,4,34.01353565,0,53.76266517,87.77620081
diverse_rec,movielens_sample20of200_lambda0.5,7,9,5,5,41.03385056,0,46.74235026,87.77620081
diverse_rec,movielens_sample20of200_lambda0.5,7,9,6,6,47.21642241,0,40.5597784,87.77620081
diverse_rec,movielens_sample20of200_lambda0.5,7,9,7,7,52.92004568,0,34.85615513,87.77620081
diverse_rec,movielens_sample20of200_lambda0.5,7,9,8,8,58.05483287,0,29.72136794,87.77620081
diverse_rec,movielens_sample20of200_lambda0.5,7,9,9,9,62.83278877,0,24.94341205,87.77620081
diverse_rec,movielens_sample20of200_lambda0.5,7,10,0,0,0,0,86.18926712,86.18926712
diverse_rec,movielens_sample20of200_lambda0.5,7,10,1,1,9.504139193,0,78.27206162,87.77620081
diverse_rec,movielens_sample20of200_lambda0.5,7,10,2,2,18.28448118,0,69.49171964,87.77620081
diverse_rec,movielens_sample20of200_lambda0.5,7,10,3,3,26.5421725,0,61.23402831,87.77620081
diverse_rec,movielens_sample20of200_lambda0.5,7,10,4,4,34.01353565,0,53.76266517,87.77620081
diverse_rec,movielens_sample20of200_lambda0.5,7,10,5,5,41.03385056,0,46.74235026,87.77620081
diverse_rec,movielens_sample20of200_lambda0.5,7,10,6,6,47.21642241,0,40.5597784,87.77620081
diverse_rec,movielens_sample20of200_lambda0.5,7,10,7,7,52.92004568,0,34.85615513,87.77620081
diverse_rec,movielens_sample20of200_lambda0.5,7,10,8,8,58.05483287,0,29.72136794,87.77620081
diverse_rec,movielens_sample20of200_lambda0.5,7,10,9,9,62.83278877,0,24.94341205,87.77620081
diverse_rec,movielens_sample20of200_lambda0.5,7,10,10,10,67.18661238,0,20.58958843,87.77620081
diverse_rec,movielens_sample20of200_lambda0.5,7,11,0,0,0,0,87.77620081,87.77620081
diverse_rec,movielens_sample20of200_lambda0.5,7,11,1,1,9.504139193,0,78.27206162,87.77620081
diverse_rec,movielens_sample20of200_lambda0.5,7,11,2,2,18.28448118,0,69.49171964,87.77620081
diverse_rec,movielens_sample20of200_lambda0.5,7,11,3,3,26.5421725,0,61.23402831,87.77620081
diverse_rec,movielens_sample20of200_lambda0.5,7,11,4,4,34.01353565,0,53.76266517,87.77620081
diverse_rec,movielens_sample20of200_lambda0.5,7,11,5,5,41.03385056,0,46.74235026,87.77620081
diverse_rec,movielens_sample20of200_lambda0.5,7,11,6,6,47.21642241,0,40.5597784,87.77620081
diverse_rec,movielens_sample20of200_lambda0.5,7,11,7,7,52.92004568,0,34.85615513,87.77620081
diverse_rec,movielens_sample20of200_lambda0.5,7,11,8,8,58.05483287,0,29.72136794,87.77620081
diverse_rec,movielens_sample20of200_lambda0.5,7,11,9,9,62.83278877,0,24.94341205,87.77620081
diverse_rec,movielens_sample20of200_lambda0.5,7,11,10,10,67.18661238,0,20.58958843,87.77620081
diverse_rec,movielens_sample20of200_lambda0.5,7,11,11,11,71.10813969,0,16.66806113,87.77620081
diverse_rec,movielens_sample20of200_lambda0.5,7,12,0,0,0,0,87.77620081,87.77620081
diverse_rec,movielens_sample20of200_lambda0.5,7,12,1,1,9.504139193,0,78.27206162,87.77620081
diverse_rec,movielens_sample20of200_lambda0.5,7,12,2,2,18.28448118,0,69.49171964,87.77620081
diverse_rec,movielens_sample20of200_lambda0.5,7,12,3,3,26.5421725,0,61.23402831,87.77620081
diverse_rec,movielens_sample20of200_lambda0.5,7,12,4,4,34.01353565,0,53.76266517,87.77620081
diverse_rec,movielens_sample20of200_lambda0.5,7,12,5,5,41.03385056,0,46.74235026,87.77620081
diverse_rec,movielens_sample20of200_lambda0.5,7,12,6,6,47.21642241,0,40.5597784,87.77620081
diverse_rec,movielens_sample20of200_lambda0.5,7,12,7,7,52.92004568,0,34.85615513,87.77620081
diverse_rec,movielens_sample20of200_lambda0.5,7,12,8,8,58.05483287,0,29.72136794,87.77620081
diverse_rec,movielens_sample20of200_lambda0.5,7,12,9,9,62.83278877,0,24.94341205,87.77620081
diverse_rec,movielens_sample20of200_lambda0.5,7,12,10,10,67.18661238,0,20.58958843,87.77620081
diverse_rec,movielens_sample20of200_lambda0.5,7,12,11,11,71.10813969,0,16.66806113,87.77620081
diverse_rec,movielens_sample20of200_lambda0.5,7,12,12,12,74.55770948,0,13.21849133,87.77620081
diverse_rec,movielens_sample20of200_lambda0.5,7,13,0,0,0,0,87.77620081,87.77620081
diverse_rec,movielens_sample20of200_lambda0.5,7,13,1,1,9.504139193,0,78.27206162,87.77620081
diverse_rec,movielens_sample20of200_lambda0.5,7,13,2,2,18.28448118,0,69.49171964,87.77620081
diverse_rec,movielens_sample20of200_lambda0.5,7,13,3,3,26.5421725,0,61.23402831,87.77620081
diverse_rec,movielens_sample20of200_lambda0.5,7,13,4,4,34.01353565,0,53.76266517,87.77620081
diverse_rec,movielens_sample20of200_lambda0.5,7,13,5,5,41.03385056,0,46.74235026,87.77620081
diverse_rec,movielens_sample20of200_lambda0.5,7,13,6,6,47.21642241,0,40.5597784,87.77620081
diverse_rec,movielens_sample20of200_lambda0.5,7,13,7,7,52.92004568,0,34.85615513,87.77620081
diverse_rec,movielens_sample20of200_lambda0.5,7,13,8,8,58.05483287,0,29.72136794,87.77620081
diverse_rec,movielens_sample20of200_lambda0.5,7,13,9,9,62.83278877,0,24.94341205,87.77620081
diverse_rec,movielens_sample20of200_lambda0.5,7,13,10,10,67.18661238,0,20.58958843,87.77620081
diverse_rec,movielens_sample20of200_lambda0.5,7,13,11,11,71.10813969,0,16.66806113,87.77620081
diverse_rec,movielens_sample20of200_lambda0.5,7,13,12,12,74.55770948,0,13.21849133,87.77620081
diverse_rec,movielens_sample20of200_lambda0.5,7,13,13,13,77.58618467,0,10.19001614,87.77620081
diverse_rec,movielens_sample20of200_lambda0.5,7,14,0,0,0,0,87.77620081,87.77620081
diverse_rec,movielens_sample20of200_lambda0.5,7,14,1,1,9.504139193,0,78.27206162,87.77620081
diverse_rec,movielens_sample20of200_lambda0.5,7,14,2,2,18.28448118,0,69.49171964,87.77620081
diverse_rec,movielens_sample20of200_lambda0.5,7,14,3,3,26.5421725,0,61.23402831,87.77620081
diverse_rec,movielens_sample20of200_lambda0.5,7,14,4,4,34.01353565,0,53.76266517,87.77620081
diverse_rec,movielens_sample20of200_lambda0.5,7,14,5,5,41.03385056,0,46.74235026,87.77620081
diverse_rec,movielens_sample20of200_lambda0.5,7,14,6,6,47.21642241,0,40.5597784,87.77620081
diverse_rec,movielens_sample20of200_lambda0.5,7,14,7,7,52.92004568,0,34.85615513,87.77620081
diverse_rec,movielens_sample20of200_lambda0.5,7,14,8,8,58.05483287,0,29.72136794,87.77620081
diverse_rec,movielens_sample20of200_lambda0.5,7,14,9,9,62.83278877,0,24.94341205,87.77620081
diverse_rec,movielens_sample20of200_lambda0.5,7,14,10,10,67.18661238,0,20.58958843,87.77620081
diverse_rec,movielens_sample20of200_lambda0.5,7,14,11,11,71.10813969,0,16.66806113,87.77620081
diverse_rec,movielens_sample20of200_lambda0.5,7,14,12,12,74.55770948,0,13.21849133,87.77620081
diverse_rec,movielens_sample20of200_lambda0.5,7,14,13,13,77.58618467,0,10.19001614,87.77620081
diverse_rec,movielens_sample20of200_lambda0.5,7,14,14,14,80.13381582,0,7.642384994,87.77620081
diverse_rec,movielens_sample20of200_lambda0.5,7,15,0,0,0,0,87.77620081,87.77620081
diverse_rec,movielens_sample20of200_lambda0.5,7,15,1,1,9.504139193,0,78.27206162,87.77620081
diverse_rec,movielens_sample20of200_lambda0.5,7,15,2,2,18.28448118,0,69.49171964,87.77620081
diverse_rec,movielens_sample20of200_lambda0.5,7,15,3,3,26.5421725,0,61.23402831,87.77620081
diverse_rec,movielens_sample20of200_lambda0.5,7,15,4,4,34.01353565,0,53.76266517,87.77620081
diverse_rec,movielens_sample20of200_lambda0.5,7,15,5,5,41.03385056,0,46.74235026,87.77620081
diverse_rec,movielens_sample20of200_lambda0.5,7,15,6,6,47.21642241,0,40.5597784,87.77620081
diverse_rec,movielens_sample20of200_lambda0.5,7,15,7,7,52.92004568,0,34.85615513,87.77620081
diverse_rec,movielens_sample20of200_lambda0.5,7,15,8,8,58.05483287,0,29.72136794,87.77620081
diverse_rec,movielens_sample20of200_lambda0.5,7,15,9,9,62.83278877,0,24.94341205,87.77620081
diverse_rec,movielens_sample20of200_lambda0.5,7,15,10,10,67.18661238,0,20.58958843,87.77620081
diverse_rec,movielens_sample20of200_lambda0.5,7,15,11,11,71.10813969,0,16.66806113,87.77620081
diverse_rec,movielens_sample20of200_lambda0.5,7,15,12,12,74.55770948,0,13.21849133,87.77620081
diverse_rec,movielens_sample20of200_lambda0.5,7,15,13,13,77.58618467,0,10.19001614,87.77620081
diverse_rec,movielens_sample20of200_lambda0.5,7,15,14,14,80.13381582,0,7.642384994,87.77620081
diverse_rec,movielens_sample20of200_lambda0.5,7,15,15,15,82.33169189,0,5.444508924,87.77620081
diverse_rec,movielens_sample20of200_lambda0.5,7,16,0,0,0,0,87.77620081,87.77620081
diverse_rec,movielens_sample20of200_lambda0.5,7,16,1,1,9.504139193,0,78.27206162,87.77620081
diverse_rec,movielens_sample20of200_lambda0.5,7,16,2,2,18.28448118,0,69.49171964,87.77620081
diverse_rec,movielens_sample20of200_lambda0.5,7,16,3,3,26.5421725,0,61.23402831,87.77620081
diverse_rec,movielens_sample20of200_lambda0.5,7,16,4,4,34.01353565,0,53.76266517,87.77620081
diverse_rec,movielens_sample20of200_lambda0.5,7,16,5,5,41.03385056,0,46.74235026,87.77620081
diverse_rec,movielens_sample20of200_lambda0.5,7,16,6,6,47.21642241,0,40.5597784,87.77620081
diverse_rec,movielens_sample20of200_lambda0.5,7,16,7,7,52.92004568,0,34.85615513,87.77620081
diverse_rec,movielens_sample20of200_lambda0.5,7,16,8,8,58.05483287,0,29.72136794,87.77620081
diverse_rec,movielens_sample20of200_lambda0.5,7,16,9,9,62.83278877,0,24.94341205,87.77620081
diverse_rec,movielens_sample20of200_lambda0.5,7,16,10,10,67.18661238,0,20.58958843,87.77620081
diverse_rec,movielens_sample20of200_lambda0.5,7,16,11,11,71.10813969,0,16.66806113,87.77620081
diverse_rec,movielens_sample20of200_lambda0.5,7,16,12,12,74.55770948,0,13.21849133,87.77620081
diverse_rec,movielens_sample20of200_lambda0.5,7,16,13,13,77.58618467,0,10.19001614,87.77620081
diverse_rec,movielens_sample20of200_lambda0.5,7,16,14,14,80.13381582,0,7.642384994,87.77620081
diverse_rec,movielens_sample20of200_lambda0.5,7,16,15,15,82.33169189,0,5.444508924,87.77620081
diverse_rec,movielens_sample20of200_lambda0.5,7,16,16,16,84.13872942,0,3.637471397,87.77620081
diverse_rec,movielens_sample20of200_lambda0.5,7,17,0,0,0,0,87.77620081,87.77620081
diverse_rec,movielens_sample20of200_lambda0.5,7,17,1,1,9.504139193,0,78.27206162,87.77620081
diverse_rec,movielens_sample20of200_lambda0.5,7,17,2,2,18.28448118,0,69.49171964,87.77620081
diverse_rec,movielens_sample20of200_lambda0.5,7,17,3,3,26.5421725,0,61.23402831,87.77620081
diverse_rec,movielens_sample20of200_lambda0.5,7,17,4,4,34.01353565,0,53.76266517,87.77620081
diverse_rec,movielens_sample20of200_lambda0.5,7,17,5,5,41.03385056,0,46.74235026,87.77620081
diverse_rec,movielens_sample20of200_lambda0.5,7,17,6,6,47.21642241,0,40.5597784,87.77620081
diverse_rec,movielens_sample20of200_lambda0.5,7,17,7,7,52.92004568,0,34.85615513,87.77620081
diverse_rec,movielens_sample20of200_lambda0.5,7,17,8,8,58.05483287,0,29.72136794,87.77620081
diverse_rec,movielens_sample20of200_lambda0.5,7,17,9,9,62.83278877,0,24.94341205,87.77620081
diverse_rec,movielens_sample20of200_lambda0.5,7,17,10,10,67.18661238,0,20.58958843,87.77620081
diverse_rec,movielens_sample20of200_lambda0.5,7,17,11,11,71.10813969,0,16.66806113,87.77620081
diverse_rec,movielens_sample20of200_lambda0.5,7,17,12,12,74.55770948,0,13.21849133,87.77620081
diverse_rec,movielens_sample20of200_lambda0.5,7,17,13,13,77.58618467,0,10.19001614,87.77620081
diverse_rec,movielens_sample20of200_lambda0.5,7,17,14,14,80.13381582,0,7.642384994,87.77620081
diverse_rec,movielens_sample20of200_lambda0.5,7,17,15,15,82.33169189,0,5.444508924,87.77620081
diverse_rec,movielens_sample20of200_lambda0.5,7,17,16,16,84.13872942,0,3.637471397,87.77620081
diverse_rec,movielens_sample20of200_lambda0.5,7,17,17,17,85.57848365,0,2.197717162,87.77620081
diverse_rec,movielens_sample20of200_lambda0.5,7,18,0,0,0,0,87.77620081,87.77620081
diverse_rec,movielens_sample20of200_lambda0.5,7,18,1,1,9.504139193,0,78.27206162,87.77620081
diverse_rec,movielens_sample20of200_lambda0.5,7,18,2,2,18.28448118,0,69.49171964,87.77620081
diverse_rec,movielens_sample20of200_lambda0.5,7,18,3,3,26.5421725,0,61.23402831,87.77620081
diverse_rec,movielens_sample20of200_lambda0.5,7,18,4,4,34.01353565,0,53.76266517,87.77620081
diverse_rec,movielens_sample20of200_lambda0.5,7,18,5,5,41.03385056,0,46.74235026,87.77620081
diverse_rec,movielens_sample20of200_lambda0.5,7,18,6,6,47.21642241,0,40.5597784,87.77620081
diverse_rec,movielens_sample20of200_lambda0.5,7,18,7,7,52.92004568,0,34.85615513,87.77620081
diverse_rec,movielens_sample20of200_lambda0.5,7,18,8,8,58.05483287,0,29.72136794,87.77620081
diverse_rec,movielens_sample20of200_lambda0.5,7,18,9,9,62.83278877,0,24.94341205,87.77620081
diverse_rec,movielens_sample20of200_lambda0.5,7,18,10,10,67.18661238,0,20.58958843,87.77620081
diverse_rec,movielens_sample20of200_lambda0.5,7,18,11,11,71.10813969,0,16.66806113,87.77620081
diverse_rec,movielens_sample20of200_lambda0.5,7,18,12,12,74.55770948,0,13.21849133,87.77620081
diverse_rec,movielens_sample20of200_lambda0.5,7,18,13,13,77.58618467,0,10.19001614,87.77620081
diverse_rec,movielens_sample20of200_lambda0.5,7,18,14,14,80.13381582,0,7.642384994,87.77620081
diverse_rec,movielens_sample20of200_lambda0.5,7,18,15,15,82.33169189,0,5.444508924,87.77620081
diverse_rec,movielens_sample20of200_lambda0.5,7,18,16,16,84.13872942,0,3.637471397,87.77620081
diverse_rec,movielens_sample20of200_lambda0.5,7,18,17,17,85.57848365,0,2.197717162,87.77620081
diverse_rec,movielens_sample20of200_lambda0.5,7,18,18,18,86.56396729,0,1.212233519,87.77620081
diverse_rec,movielens_sample20of200_lambda0.5,7,19,0,0,0,0,87.77620081,87.77620081
diverse_rec,movielens_sample20of200_lambda0.5,7,19,1,1,9.504139193,0,78.27206162,87.77620081
diverse_rec,movielens_sample20of200_lambda0.5,7,19,2,2,18.28448118,0,69.49171964,87.77620081
diverse_rec,movielens_sample20of200_lambda0.5,7,19,3,3,26.5421725,0,61.23402831,87.77620081
diverse_rec,movielens_sample20of200_lambda0.5,7,19,4,4,34.01353565,0,53.76266517,87.77620081
diverse_rec,movielens_sample20of200_lambda0.5,7,19,5,5,41.03385056,0,46.74235026,87.77620081
diverse_rec,movielens_sample20of200_lambda0.5,7,19,6,6,47.21642241,0,40.5597784,87.77620081
diverse_rec,movielens_sample20of200_lambda0.5,7,19,7,7,52.92004568,0,34.85615513,87.77620081
diverse_rec,movielens_sample20of200_lambda0.5,7,19,8,8,58.05483287,0,29.72136794,87.77620081
diverse_rec,movielens_sample20of200_lambda0.5,7,19,9,9,62.83278877,0,24.94341205,87.77620081
diverse_rec,movielens_sample20of200_lambda0.5,7,19,10,10,67.18661238,0,20.58958843,87.77620081
diverse_rec,movielens_sample20of200_lambda0.5,7,19,11,11,71.10813969,0,16.66806113,87.77620081
diverse_rec,movielens_sample20of200_lambda0.5,7,19,12,12,74.55770948,0,13.21849133,87.77620081
diverse_rec,movielens_sample20of200_lambda0.5,7,19,13,13,77.58618467,0,10.19001614,87.77620081
diverse_rec,movielens_sample20of200_lambda0.5,7,19,14,14,80.13381582,0,7.642384994,87.77620081
diverse_rec,movielens_sample20of200_lambda0.5,7,19,15,15,82.33169189,0,5.444508924,87.77620081
diverse_rec,movielens_sample20of200_lambda0.5,7,19,16,16,84.13872942,0,3.637471397,87.77620081
diverse_rec,movielens_sample20of200_lambda0.5,7,19,17,17,85.57848365,0,2.197717162,87.77620081
diverse_rec,movielens_sample20of200_lambda0.5,7,19,18,18,86.56396729,0,1.212233519,87.77620081
diverse_rec,movielens_sample20of200_lambda0.5,7,19,19,19,87.27620081,0,0.5,87.77620081
diverse_rec,movielens_sample20of200_lambda0.5,7,20,0,0,0,0,87.77620081,87.77620081
diverse_rec,movielens_sample20of200_lambda0.5,7,20,1,1,9.504139193,0,78.27206162,87.77620081
diverse_rec,movielens_sample20of200_lambda0.5,7,20,2,2,18.28448118,0,69.49171964,87.77620081
diverse_rec,movielens_sample20of200_lambda0.5,7,20,3,3,26.5421725,0,61.23402831,87.77620081
diverse_rec,movielens_sample20of200_lambda0.5,7,20,4,4,34.01353565,0,53.76266517,87.77620081
diverse_rec,movielens_sample20of200_lambda0.5,7,20,5,5,41.03385056,0,46.74235026,87.77620081
diverse_rec,movielens_sample20of200_lambda0.5,7,20,6,6,47.21642241,0,40.5597784,87.77620081
diverse_rec,movielens_sample20of200_lambda0.5,7,20,7,7,52.92004568,0,34.85615513,87.77620081
diverse_rec,movielens_sample20of200_lambda0.5,7,20,8,8,58.05483287,0,29.72136794,87.77620081
diverse_rec,movielens_sample20of200_lambda0.5,7,20,9,9,62.83278877,0,24.94341205,87.77620081
diverse_rec,movielens_sample20of200_lambda0.5,7,20,10,10,67.18661238,0,20.58958843,87.77620081
diverse_rec,movielens_sample20of200_lambda0.5,7,20,11,11,71.10813969,0,16.66806113,87.77620081
diverse_rec,movielens_sample20of200_lambda0.5,7,20,12,12,74.55770948,0,13.21849133,87.77620081
diverse_rec,movielens_sample20of200_lambda0.5,7,20,13,13,77.58618467,0,10.19001614,87.77620081
diverse_rec,movielens_sample20of200_lambda0.5,7,20,14,14,80.13381582,0,7.642384994,87.77620081
diverse_rec,movielens_sample20of200_lambda0.5,7,20,15,15,82.33169189,0,5.444508924,87.77620081
diverse_rec,movielens_sample20of200_lambda0.5,7,20,16,16,84.13872942,0,3.637471397,87.77620081
diverse_rec,movielens_sample20of200_lambda0.5,7,20,17,17,85.57848365,0,2.197717162,87.77620081
diverse_rec,movielens_sample20of200_lambda0.5,7,20,18,18,86.56396729,0,1.212233519,87.77620081
diverse_rec,movielens_sample20of200_lambda0.5,7,20,19,19,87.27620081,0,0.5,87.77620081
diverse_rec,movielens_sample20of200_lambda0.5,7,20,20,20,87.77620081,0,0,87.77620081
diverse_rec,movielens_sample20of200_lambda0.5,8,1,0,0,0,0,10.35102075,10.35102075
diverse_rec,movielens_sample20of200_lambda0.5,8,1,1,1,10.35102075,0,9.507650038,19.85867079
diverse_rec,movielens_sample20of200_lambda0.5,8,2,0,0,0,0,20.35685321,20.35685321
diverse_rec,movielens_sample20of200_lambda0.5,8,2,1,1,10.35102075,0,18.43845956,28.78948031
diverse_rec,movielens_sample20of200_lambda0.5,8,2,2,2,19.85867079,0,16.98882494,36.84749573
diverse_rec,movielens_sample20of200_lambda0.5,8,3,0,0,0,0,29.97152748,29.97152748
diverse_rec,movielens_sample20of200_lambda0.5,8,3,1,1,10.35102075,0,27.31799001,37.66901076
diverse_rec,movielens_sample20of200_lambda0.5,8,3,2,2,19.85867079,0,25.07862095,44.93729174
diverse_rec,movielens_sample20of200_lambda0.5,8,3,3,3,28.62285037,0,22.73116437,51.35401474
diverse_rec,movielens_sample20of200_lambda0.5,8,4,0,0,0,0,39.44989074,39.44989074
diverse_rec,movielens_sample20of200_lambda0.5,8,4,1,1,10.35102075,0,36.00510183,46.35612258
diverse_rec,movielens_sample20of200_lambda0.5,8,4,2,2,19.85867079,0,33.14850472,53.00717551
diverse_rec,movielens_sample20of200_lambda0.5,8,4,3,3,28.62285037,0,30.20867659,58.83152697
diverse_rec,movielens_sample20of200_lambda0.5,8,4,4,4,36.3268292,0,27.75631024,64.08313944
diverse_rec,movielens_sample20of200_lambda0.5,8,5,0,0,0,0,48.78115629,48.78115629
diverse_rec,movielens_sample20of200_lambda0.5,8,5,1,1,10.35102075,0,44.65096273,55.00198348
diverse_rec,movielens_sample20of200_lambda0.5,8,5,2,2,19.85867079,0,41.15216279,61.01083358
diverse_rec,movielens_sample20of200_lambda0.5,8,5,3,3,28.62285037,0,37.45099032,66.0738407
diverse_rec,movielens_sample20of200_lambda0.5,8,5,4,4,36.3268292,0,34.18511806,70.51194726
diverse_rec,movielens_sample20of200_lambda0.5,8,5,5,5,43.42163945,0,31.31613622,74.73777567
diverse_rec,movielens_sample20of200_lambda0.5,8,6,0,0,0,0,57.97896555,57.97896555
diverse_rec,movielens_sample20of200_lambda0.5,8,6,1,1,10.35102075,0,53.13924597,63.49026673
diverse_rec,movielens_sample20of200_lambda0.5,8,6,2,2,19.85867079,0,48.95810676,68.81677755
diverse_rec,movielens_sample20of200_lambda0.5,8,6,3,3,28.62285037,0,44.62767318,73.25052356
diverse_rec,movielens_sample20of200_lambda0.5,8,6,4,4,36.3268292,0,40.58947688,76.91630608
diverse_rec,movielens_sample20of200_lambda0.5,8,6,5,5,43.42163945,0,37.1741589,80.59579835
diverse_rec,movielens_sample20of200_lambda0.5,8,6,6,6,49.97635771,0,33.80526122,83.78161893
diverse_rec,movielens_sample20of200_lambda0.5,8,7,0,0,0,0,66.79655516,66.79655516
diverse_rec,movielens_sample20of200_lambda0.5,8,7,1,1,10.35102075,0,61.37846976,71.72949051
diverse_rec,movielens_sample20of200_lambda0.5,8,7,2,2,19.85867079,0,56.31384742,76.17251821
diverse_rec,movielens_sample20of200_lambda0.5,8,7,3,3,28.62285037,0,51.35477031,79.97762069
diverse_rec,movielens_sample20of200_lambda0.5,8,7,4,4,36.3268292,0,46.70334381,83.03017301
diverse_rec,movielens_sample20of200_lambda0.5,8,7,5,5,43.42163945,0,42.33333929,85.75497874
diverse_rec,movielens_sample20of200_lambda0.5,8,7,6,6,49.97635771,0,38.40377339,88.38013111
diverse_rec,movielens_sample20of200_lambda0.5,8,7,7,7,55.92581288,0,33.63673402,89.56254689
diverse_rec,movielens_sample20of200_lambda0.5,8,8,0,0,0,0,75.20566985,75.20566985
diverse_rec,movielens_sample20of200_lambda0.5,8,8,1,1,10.35102075,0,69.05902956,79.41005031
diverse_rec,movielens_sample20of200_lambda0.5,8,8,2,2,19.85867079,0,63.28758329,83.14625408
diverse_rec,movielens_sample20of200_lambda0.5,8,8,3,3,28.62285037,0,57.2819006,85.90475097
diverse_rec,movielens_sample20of200_lambda0.5,8,8,4,4,36.3268292,0,52.08638243,88.41321163
diverse_rec,movielens_sample20of200_lambda0.5,8,8,5,5,43.42163945,0,46.37983289,89.80147234
diverse_rec,movielens_sample20of200_lambda0.5,8,8,6,6,49.97635771,0,39.82511463,89.80147234
diverse_rec,movielens_sample20of200_lambda0.5,8,8,7,7,55.92581288,0,33.87565946,89.80147234
diverse_rec,movielens_sample20of200_lambda0.5,8,8,8,8,61.31641724,0,28.4850551,89.80147234
diverse_rec,movielens_sample20of200_lambda0.5,8,9,0,0,0,0,83.0163632,83.0163632
diverse_rec,movielens_sample20of200_lambda0.5,8,9,1,1,10.35102075,0,75.75931187,86.11033262
diverse_rec,movielens_sample20of200_lambda0.5,8,9,2,2,19.85867079,0,68.78815093,88.64682172
diverse_rec,movielens_sample20of200_lambda0.5,8,9,3,3,28.62285037,0,61.17862197,89.80147234
diverse_rec,movielens_sample20of200_lambda0.5,8,9,4,4,36.3268292,0,53.47464314,89.80147234
diverse_rec,movielens_sample20of200_lambda0.5,8,9,5,5,43.42163945,0,46.37983289,89.80147234
diverse_rec,movielens_sample20of200_lambda0.5,8,9,6,6,49.97635771,0,39.82511463,89.80147234
diverse_rec,movielens_sample20of200_lambda0.5,8,9,7,7,55.92581288,0,33.87565946,89.80147234
diverse_rec,movielens_sample20of200_lambda0.5,8,9,8,8,61.31641724,0,28.4850551,89.80147234
diverse_rec,movielens_sample20of200_lambda0.5,8,9,9,9,66.15448433,0,23.64698801,89.80147234
diverse_rec,movielens_sample20of200_lambda0.5,8,10,0,0,0,0,89.26832716,89.26832716
diverse_rec,movielens_sample20of200_lambda0.5,8,10,1,1,10.35102075,0,79.45045159,89.80147234
diverse_rec,movielens_sample20of200_lambda0.5,8,10,2,2,19.85867079,0,69.94280155,89.80147234
diverse_rec,movielens_sample20of200_lambda0.5,8,10,3,3,28.62285037,0,61.17862197,89.80147234
diverse_rec,movielens_sample20of200_lambda0.5,8,10,4,4,36.3268292,0,53.47464314,89.80147234
diverse_rec,movielens_sample20of200_lambda0.5,8,10,5,5,43.42163945,0,46.37983289,89.80147234
diverse_rec,movielens_sample20of200_lambda0.5,8,10,6,6,49.97635771,0,39.82511463,89.80147234
diverse_rec,movielens_sample20of200_lambda0.5,8,10,7,7,55.92581288,0,33.87565946,89.80147234
diverse_rec,movielens_sample20of200_lambda0.5,8,10,8,8,61.31641724,0,28.4850551,89.80147234
diverse_rec,movielens_sample20of200_lambda0.5,8,10,9,9,66.15448433,0,23.64698801,89.80147234
diverse_rec,movielens_sample20of200_lambda0.5,8,10,10,10,70.46860588,0,19.33286646,89.80147234
diverse_rec,movielens_sample20of200_lambda0.5,8,11,0,0,0,0,89.80147234,89.80147234
diverse_rec,movielens_sample20of200_lambda0.5,8,11,1,1,10.35102075,0,79.45045159,89.80147234
diverse_rec,movielens_sample20of200_lambda0.5,8,11,2,2,19.85867079,0,69.94280155,89.80147234
diverse_rec,movielens_sample20of200_lambda0.5,8,11,3,3,28.62285037,0,61.17862197,89.80147234
diverse_rec,movielens_sample20of200_lambda0.5,8,11,4,4,36.3268292,0,53.47464314,89.80147234
diverse_rec,movielens_sample20of200_lambda0.5,8,11,5,5,43.42163945,0,46.37983289,89.80147234
diverse_rec,movielens_sample20of200_lambda0.5,8,11,6,6,49.97635771,0,39.82511463,89.80147234
diverse_rec,movielens_sample20of200_lambda0.5,8,11,7,7,55.92581288,0,33.87565946,89.80147234
diverse_rec,movielens_sample20of200_lambda0.5,8,11,8,8,61.31641724,0,28.4850551,89.80147234
diverse_rec,movielens_sample20of200_lambda0.5,8,11,9,9,66.15448433,0,23.64698801,89.80147234
diverse_rec,movielens_sample20of200_lambda0.5,8,11,10,10,70.46860588,0,19.33286646,89.80147234
diverse_rec,movielens_sample20of200_lambda0.5,8,11,11,11,74.21909174,0,15.5823806,89.80147234
diverse_rec,movielens_sample20of200_lambda0.5,8,12,0,0,0,0,89.80147234,89.80147234
diverse_rec,movielens_sample20of200_lambda0.5,8,12,1,1,10.35102075,0,79.45045159,89.80147234
diverse_rec,movielens_sample20of200_lambda0.5,8,12,2,2,19.85867079,0,69.94280155,89.80147234
diverse_rec,movielens_sample20of200_lambda0.5,8,12,3,3,28.62285037,0,61.17862197,89.80147234
diverse_rec,movielens_sample20of200_lambda0.5,8,12,4,4,36.3268292,0,53.47464314,89.80147234
diverse_rec,movielens_sample20of200_lambda0.5,8,12,5,5,43.42163945,0,46.37983289,89.80147234
diverse_rec,movielens_sample20of200_lambda0.5,8,12,6,6,49.97635771,0,39.82511463,89.80147234
diverse_rec,movielens_sample20of200_lambda0.5,8,12,7,7,55.92581288,0,33.87565946,89.80147234
diverse_rec,movielens_sample20of200_lambda0.5,8,12,8,8,61.31641724,0,28.4850551,89.80147234
diverse_rec,movielens_sample20of200_lambda0.5,8,12,9,9,66.15448433,0,23.64698801,89.80147234
diverse_rec,movielens_sample20of200_lambda0.5,8,12,10,10,70.46860588,0,19.33286646,89.80147234
diverse_rec,movielens_sample20of200_lambda0.5,8,12,11,11,74.21909174,0,15.5823806,89.80147234
diverse_rec,movielens_sample20of200_lambda0.5,8,12,12,12,77.50760617,0,12.29386617,89.80147234
diverse_rec,movielens_sample20of200_lambda0.5,8,13,0,0,0,0,89.80147234,89.80147234
diverse_rec,movielens_sample20of200_lambda0.5,8,13,1,1,10.35102075,0,79.45045159,89.80147234
diverse_rec,movielens_sample20of200_lambda0.5,8,13,2,2,19.85867079,0,69.94280155,89.80147234
diverse_rec,movielens_sample20of200_lambda0.5,8,13,3,3,28.62285037,0,61.17862197,89.80147234
diverse_rec,movielens_sample20of200_lambda0.5,8,13,4,4,36.3268292,0,53.47464314,89.80147234
diverse_rec,movielens_sample20of200_lambda0.5,8,13,5,5,43.42163945,0,46.37983289,89.80147234
diverse_rec,movielens_sample20of200_lambda0.5,8,13,6,6,49.97635771,0,39.82511463,89.80147234
diverse_rec,movielens_sample20of200_lambda0.5,8,13,7,7,55.92581288,0,33.87565946,89.80147234
diverse_rec,movielens_sample20of200_lambda0.5,8,13,8,8,61.31641724,0,28.4850551,89.80147234
diverse_rec,movielens_sample20of200_lambda0.5,8,13,9,9,66.15448433,0,23.64698801,89.80147234
diverse_rec,movielens_sample20of200_lambda0.5,8,13,10,10,70.46860588,0,19.33286646,89.80147234
diverse_rec,movielens_sample20of200_lambda0.5,8,13,11,11,74.21909174,0,15.5823806,89.80147234
diverse_rec,movielens_sample20of200_lambda0.5,8,13,12,12,77.50760617,0,12.29386617,89.80147234
diverse_rec,movielens_sample20of200_lambda0.5,8,13,13,13,80.29348503,0,9.507987314,89.80147234
diverse_rec,movielens_sample20of200_lambda0.5,8,14,0,0,0,0,89.80147234,89.80147234
diverse_rec,movielens_sample20of200_lambda0.5,8,14,1,1,10.35102075,0,79.45045159,89.80147234
diverse_rec,movielens_sample20of200_lambda0.5,8,14,2,2,19.85867079,0,69.94280155,89.80147234
diverse_rec,movielens_sample20of200_lambda0.5,8,14,3,3,28.62285037,0,61.17862197,89.80147234
diverse_rec,movielens_sample20of200_lambda0.5,8,14,4,4,36.3268292,0,53.47464314,89.80147234
diverse_rec,movielens_sample20of200_lambda0.5,8,14,5,5,43.42163945,0,46.37983289,89.80147234
diverse_rec,movielens_sample20of200_lambda0.5,8,14,6,6,49.97635771,0,39.82511463,89.80147234
diverse_rec,movielens_sample20of200_lambda0.5,8,14,7,7,55.92581288,0,33.87565946,89.80147234
diverse_rec,movielens_sample20of200_lambda0.5,8,14,8,8,61.31641724,0,28.4850551,89.80147234
diverse_rec,movielens_sample20of200_lambda0.5,8,14,9,9,66.15448433,0,23.64698801,89.80147234
diverse_rec,movielens_sample20of200_lambda0.5,8,14,10,10,70.46860588,0,19.33286646,89.80147234
diverse_rec,movielens_sample20of200_lambda0.5,8,14,11,11,74.21909174,0,15.5823806,89.80147234
diverse_rec,movielens_sample20of200_lambda0.5,8,14,12,12,77.50760617,0,12.29386617,89.80147234
diverse_rec,movielens_sample20of200_lambda0.5,8,14,13,13,80.29348503,0,9.507987314,89.80147234
diverse_rec,movielens_sample20of200_lambda0.5,8,14,14,14,82.69145357,0,7.110018767,89.80147234
diverse_rec,movielens_sample20of200_lambda0.5,8,15,0,0,0,0,89.80147234,89.80147234
diverse_rec,movielens_sample20of200_lambda0.5,8,15,1,1,10.35102075,0,79.45045159,89.80147234
diverse_rec,movielens_sample20of200_lambda0.5,8,15,2,2,19.85867079,0,69.94280155,89.80147234
diverse_rec,movielens_sample20of200_lambda0.5,8,15,3,3,28.62285037,0,61.17862197,89.80147234
diverse_rec,movielens_sample20of200_lambda0.5,8,15,4,4,36.3268292,0,53.47464314,89.80147234
diverse_rec,movielens_sample20of200_lambda0.5,8,15,5,5,43.42163945,0,46.37983289,89.80147234
diverse_rec,movielens_sample20of200_lambda0.5,8,15,6,6,49.97635771,0,39.82511463,89.80147234
diverse_rec,movielens_sample20of200_lambda0.5,8,15,7,7,55.92581288,0,33.87565946,89.80147234
diverse_rec,movielens_sample20of200_lambda0.5,8,15,8,8,61.31641724,0,28.4850551,89.80147234
diverse_rec,movielens_sample20of200_lambda0.5,8,15,9,9,66.15448433,0,23.64698801,89.80147234
diverse_rec,movielens_sample20of200_lambda0.5,8,15,10,10,70.46860588,0,19.33286646,89.80147234
diverse_rec,movielens_sample20of200_lambda0.5,8,15,11,11,74.21909174,0,15.5823806,89.80147234
diverse_rec,movielens_sample20of200_lambda0.5,8,15,12,12,77.50760617,0,12.29386617,89.80147234
diverse_rec,movielens_sample20of200_lambda0.5,8,15,13,13,80.29348503,0,9.507987314,89.80147234
diverse_rec,movielens_sample20of200_lambda0.5,8,15,14,14,82.69145357,0,7.110018767,89.80147234
diverse_rec,movielens_sample20of200_lambda0.5,8,15,15,15,84.72356644,0,5.077905905,89.80147234
diverse_rec,movielens_sample20of200_lambda0.5,8,16,0,0,0,0,89.80147234,89.80147234
diverse_rec,movielens_sample20of200_lambda0.5,8,16,1,1,10.35102075,0,79.45045159,89.80147234
diverse_rec,movielens_sample20of200_lambda0.5,8,16,2,2,19.85867079,0,69.94280155,89.80147234
diverse_rec,movielens_sample20of200_lambda0.5,8,16,3,3,28.62285037,0,61.17862197,89.80147234
diverse_rec,movielens_sample20of200_lambda0.5,8,16,4,4,36.3268292,0,53.47464314,89.80147234
diverse_rec,movielens_sample20of200_lambda0.5,8,16,5,5,43.42163945,0,46.37983289,89.80147234
diverse_rec,movielens_sample20of200_lambda0.5,8,16,6,6,49.97635771,0,39.82511463,89.80147234
diverse_rec,movielens_sample20of200_lambda0.5,8,16,7,7,55.92581288,0,33.87565946,89.80147234
diverse_rec,movielens_sample20of200_lambda0.5,8,16,8,8,61.31641724,0,28.4850551,89.80147234
diverse_rec,movielens_sample20of200_lambda0.5,8,16,9,9,66.15448433,0,23.64698801,89.80147234
diverse_rec,movielens_sample20of200_lambda0.5,8,16,10,10,70.46860588,0,19.33286646,89.80147234
diverse_rec,movielens_sample20of200_lambda0.5,8,16,11,11,74.21909174,0,15.5823806,89.80147234
diverse_rec,movielens_sample20of200_lambda0.5,8,16,12,12,77.50760617,0,12.29386617,89.80147234
diverse_rec,movielens_sample20of200_lambda0.5,8,16,13,13,80.29348503,0,9.507987314,89.80147234
diverse_rec,movielens_sample20of200_lambda0.5,8,16,14,14,82.69145357,0,7.110018767,89.80147234
diverse_rec,movielens_sample20of200_lambda0.5,8,16,15,15,84.72356644,0,5.077905905,89.80147234
diverse_rec,movielens_sample20of200_lambda0.5,8,16,16,16,86.32456478,0,3.476907558,89.80147234
diverse_rec,movielens_sample20of200_lambda0.5,8,17,0,0,0,0,89.80147234,89.80147234
diverse_rec,movielens_sample20of200_lambda0.5,8,17,1,1,10.35102075,0,79.45045159,89.80147234
diverse_rec,movielens_sample20of200_lambda0.5,8,17,2,2,19.85867079,0,69.94280155,89.80147234
diverse_rec,movielens_sample20of200_lambda0.5,8,17,3,3,28.62285037,0,61.17862197,89.80147234
diverse_rec,movielens_sample20of200_lambda0.5,8,17,4,4,36.3268292,0,53.47464314,89.80147234
diverse_rec,movielens_sample20of200_lambda0.5,8,17,5,5,43.42163945,0,46.37983289,89.80147234
diverse_rec,movielens_sample20of200_lambda0.5,8,17,6,6,49.97635771,0,39.82511463,89.80147234
diverse_rec,movielens_sample20of200_lambda0.5,8,17,7,7,55.92581288,0,33.87565946,89.80147234
diverse_rec,movielens_sample20of200_lambda0.5,8,17,8,8,61.31641724,0,28.4850551,89.80147234
diverse_rec,movielens_sample20of200_lambda0.5,8,17,9,9,66.15448433,0,23.64698801,89.80147234
diverse_rec,movielens_sample20of200_lambda0.5,8,17,10,10,70.46860588,0,19.33286646,89.80147234
diverse_rec,movielens_sample20of200_lambda0.5,8,17,11,11,74.21909174,0,15.5823806,89.80147234
diverse_rec,movielens_sample20of200_lambda0.5,8,17,12,12,77.50760617,0,12.29386617,89.80147234
diverse_rec,movielens_sample20of200_lambda0.5,8,17,13,13,80.29348503,0,9.507987314,89.80147234
diverse_rec,movielens_sample20of200_lambda0.5,8,17,14,14,82.69145357,0,7.110018767,89.80147234
diverse_rec,movielens_sample20of200_lambda0.5,8,17,15,15,84.72356644,0,5.077905905,89.80147234
diverse_rec,movielens_sample20of200_lambda0.5,8,17,16,16,86.32456478,0,3.476907558,89.80147234
diverse_rec,movielens_sample20of200_lambda0.5,8,17,17,17,87.61212831,0,2.189344032,89.80147234
diverse_rec,movielens_sample20of200_lambda0.5,8,18,0,0,0,0,89.80147234,89.80147234
diverse_rec,movielens_sample20of200_lambda0.5,8,18,1,1,10.35102075,0,79.45045159,89.80147234
diverse_rec,movielens_sample20of200_lambda0.5,8,18,2,2,19.85867079,0,69.94280155,89.80147234
diverse_rec,movielens_sample20of200_lambda0.5,8,18,3,3,28.62285037,0,61.17862197,89.80147234
diverse_rec,movielens_sample20of200_lambda0.5,8,18,4,4,36.3268292,0,53.47464314,89.80147234
diverse_rec,movielens_sample20of200_lambda0.5,8,18,5,5,43.42163945,0,46.37983289,89.80147234
diverse_rec,movielens_sample20of200_lambda0.5,8,18,6,6,49.97635771,0,39.82511463,89.80147234
diverse_rec,movielens_sample20of200_lambda0.5,8,18,7,7,55.92581288,0,33.87565946,89.80147234
diverse_rec,movielens_sample20of200_lambda0.5,8,18,8,8,61.31641724,0,28.4850551,89.80147234
diverse_rec,movielens_sample20of200_lambda0.5,8,18,9,9,66.15448433,0,23.64698801,89.80147234
diverse_rec,movielens_sample20of200_lambda0.5,8,18,10,10,70.46860588,0,19.33286646,89.80147234
diverse_rec,movielens_sample20of200_lambda0.5,8,18,11,11,74.21909174,0,15.5823806,89.80147234
diverse_rec,movielens_sample20of200_lambda0.5,8,18,12,12,77.50760617,0,12.29386617,89.80147234
diverse_rec,movielens_sample20of200_lambda0.5,8,18,13,13,80.29348503,0,9.507987314,89.80147234
diverse_rec,movielens_sample20of200_lambda0.5,8,18,14,14,82.69145357,0,7.110018767,89.80147234
diverse_rec,movielens_sample20of200_lambda0.5,8,18,15,15,84.72356644,0,5.077905905,89.80147234
diverse_rec,movielens_sample20of200_lambda0.5,8,18,16,16,86.32456478,0,3.476907558,89.80147234
diverse_rec,movielens_sample20of200_lambda0.5,8,18,17,17,87.61212831,0,2.189344032,89.80147234
diverse_rec,movielens_sample20of200_lambda0.5,8,18,18,18,88.60991928,0,1.191553064,89.80147234
diverse_rec,movielens_sample20of200_lambda0.5,8,19,0,0,0,0,89.80147234,89.80147234
diverse_rec,movielens_sample20of200_lambda0.5,8,19,1,1,10.35102075,0,79.45045159,89.80147234
diverse_rec,movielens_sample20of200_lambda0.5,8,19,2,2,19.85867079,0,69.94280155,89.80147234
diverse_rec,movielens_sample20of200_lambda0.5,8,19,3,3,28.62285037,0,61.17862197,89.80147234
diverse_rec,movielens_sample20of200_lambda0.5,8,19,4,4,36.3268292,0,53.47464314,89.80147234
diverse_rec,movielens_sample20of200_lambda0.5,8,19,5,5,43.42163945,0,46.37983289,89.80147234
diverse_rec,movielens_sample20of200_lambda0.5,8,19,6,6,49.97635771,0,39.82511463,89.80147234
diverse_rec,movielens_sample20of200_lambda0.5,8,19,7,7,55.92581288,0,33.87565946,89.80147234
diverse_rec,movielens_sample20of200_lambda0.5,8,19,8,8,61.31641724,0,28.4850551,89.80147234
diverse_rec,movielens_sample20of200_lambda0.5,8,19,9,9,66.15448433,0,23.64698801,89.80147234
diverse_rec,movielens_sample20of200_lambda0.5,8,19,10,10,70.46860588,0,19.33286646,89.80147234
diverse_rec,movielens_sample20of200_lambda0.5,8,19,11,11,74.21909174,0,15.5823806,89.80147234
diverse_rec,movielens_sample20of200_lambda0.5,8,19,12,12,77.50760617,0,12.29386617,89.80147234
diverse_rec,movielens_sample20of200_lambda0.5,8,19,13,13,80.29348503,0,9.507987314,89.80147234
diverse_rec,movielens_sample20of200_lambda0.5,8,19,14,14,82.69145357,0,7.110018767,89.80147234
diverse_rec,movielens_sample20of200_lambda0.5,8,19,15,15,84.72356644,0,5.077905905,89.80147234
diverse_rec,movielens_sample20of200_lambda0.5,8,19,16,16,86.32456478,0,3.476907558,89.80147234
diverse_rec,movielens_sample20of200_lambda0.5,8,19,17,17,87.61212831,0,2.189344032,89.80147234
diverse_rec,movielens_sample20of200_lambda0.5,8,19,18,18,88.60991928,0,1.191553064,89.80147234
diverse_rec,movielens_sample20of200_lambda0.5,8,19,19,19,89.30147234,0,0.5,89.80147234
diverse_rec,movielens_sample20of200_lambda0.5,8,20,0,0,0,0,89.80147234,89.80147234
diverse_rec,movielens_sample20of200_lambda0.5,8,20,1,1,10.35102075,0,79.45045159,89.80147234
diverse_rec,movielens_sample20of200_lambda0.5,8,20,2,2,19.85867079,0,69.94280155,89.80147234
diverse_rec,movielens_sample20of200_lambda0.5,8,20,3,3,28.62285037,0,61.17862197,89.80147234
diverse_rec,movielens_sample20of200_lambda0.5,8,20,4,4,36.3268292,0,53.47464314,89.80147234
diverse_rec,movielens_sample20of200_lambda0.5,8,20,5,5,43.42163945,0,46.37983289,89.80147234
diverse_rec,movielens_sample20of200_lambda0.5,8,20,6,6,49.97635771,0,39.82511463,89.80147234
diverse_rec,movielens_sample20of200_lambda0.5,8,20,7,7,55.92581288,0,33.87565946,89.80147234
diverse_rec,movielens_sample20of200_lambda0.5,8,20,8,8,61.31641724,0,28.4850551,89.80147234
diverse_rec,movielens_sample20of200_lambda0.5,8,20,9,9,66.15448433,0,23.64698801,89.80147234
diverse_rec,movielens_sample20of200_lambda0.5,8,20,10,10,70.46860588,0,19.33286646,89.80147234
diverse_rec,movielens_sample20of200_lambda0.5,8,20,11,11,74.21909174,0,15.5823806,89.80147234
diverse_rec,movielens_sample20of200_lambda0.5,8,20,12,12,77.50760617,0,12.29386617,89.80147234
diverse_rec,movielens_sample20of200_lambda0.5,8,20,13,13,80.29348503,0,9.507987314,89.80147234
diverse_rec,movielens_sample20of200_lambda0.5,8,20,14,14,82.69145357,0,7.110018767,89.80147234
diverse_rec,movielens_sample20of200_lambda0.5,8,20,15,15,84.72356644,0,5.077905905,89.80147234
diverse_rec,movielens_sample20of200_lambda0.5,8,20,16,16,86.32456478,0,3.476907558,89.80147234
diverse_rec,movielens_sample20of200_lambda0.5,8,20,17,17,87.61212831,0,2.189344032,89.80147234
diverse_rec,movielens_sample20of200_lambda0.5,8,20,18,18,88.60991928,0,1.191553064,89.80147234
diverse_rec,movielens_sample20of200_lambda0.5,8,20,19,19,89.30147234,0,0.5,89.80147234
diverse_rec,movielens_sample20of200_lambda0.5,8,20,20,20,89.80147234,0,0,89.80147234
diverse_rec,movielens_sample20of200_lambda0.5,9,1,0,0,0,0,9.644608638,9.644608638
diverse_rec,movielens_sample20of200_lambda0.5,9,1,1,1,9.644608638,0,8.33795893,17.98256757
diverse_rec,movielens_sample20of200_lambda0.5,9,2,0,0,0,0,18.58562432,18.58562432
diverse_rec,movielens_sample20of200_lambda0.5,9,2,1,1,9.644608638,0,16.44218584,26.08679448
diverse_rec,movielens_sample20of200_lambda0.5,9,2,2,2,17.98256757,0,15.20503309,33.18760066
diverse_rec,movielens_sample20of200_lambda0.5,9,3,0,0,0,0,27.30899576,27.30899576
diverse_rec,movielens_sample20of200_lambda0.5,9,3,1,1,9.644608638,0,24.45713511,34.10174375
diverse_rec,movielens_sample20of200_lambda0.5,9,3,2,2,17.98256757,0,22.65222215,40.63478971
diverse_rec,movielens_sample20of200_lambda0.5,9,3,3,3,25.72529271,0,20.91649292,46.64178563
diverse_rec,movielens_sample20of200_lambda0.5,9,4,0,0,0,0,35.85655128,35.85655128
diverse_rec,movielens_sample20of200_lambda0.5,9,4,1,1,9.644608638,0,32.43163871,42.07624734
diverse_rec,movielens_sample20of200_lambda0.5,9,4,2,2,17.98256757,0,30.04052595,48.02309352
diverse_rec,movielens_sample20of200_lambda0.5,9,4,3,3,25.72529271,0,27.62200469,53.3472974
diverse_rec,movielens_sample20of200_lambda0.5,9,4,4,4,32.79032879,0,25.44452242,58.23485121
diverse_rec,movielens_sample20of200_lambda0.5,9,5,0,0,0,0,44.36482219,44.36482219
diverse_rec,movielens_sample20of200_lambda0.5,9,5,1,1,9.644608638,0,40.27124589,49.91585452
diverse_rec,movielens_sample20of200_lambda0.5,9,5,2,2,17.98256757,0,37.13978,55.12234757
diverse_rec,movielens_sample20of200_lambda0.5,9,5,3,3,25.72529271,0,34.31236132,60.03765403
diverse_rec,movielens_sample20of200_lambda0.5,9,5,4,4,32.79032879,0,31.57739189,64.36772068
diverse_rec,movielens_sample20of200_lambda0.5,9,5,5,5,39.26512447,0,29.2978531,68.56297757
diverse_rec,movielens_sample20of200_lambda0.5,9,6,0,0,0,0,52.30496303,52.30496303
diverse_rec,movielens_sample20of200_lambda0.5,9,6,1,1,9.644608638,0,47.71184935,57.35645799
diverse_rec,movielens_sample20of200_lambda0.5,9,6,2,2,17.98256757,0,44.11755687,62.10012444
diverse_rec,movielens_sample20of200_lambda0.5,9,6,3,3,25.72529271,0,40.83308369,66.5583764
diverse_rec,movielens_sample20of200_lambda0.5,9,6,4,4,32.79032879,0,37.62735297,70.41768176
diverse_rec,movielens_sample20of200_lambda0.5,9,6,5,5,39.26512447,0,34.93567178,74.20079625
diverse_rec,movielens_sample20of200_lambda0.5,9,6,6,6,45.35090086,0,31.74058182,77.09148267
diverse_rec,movielens_sample20of200_lambda0.5,9,7,0,0,0,0,60.17533272,60.17533272
diverse_rec,movielens_sample20of200_lambda0.5,9,7,1,1,9.644608638,0,55.06809011,64.71269874
diverse_rec,movielens_sample20of200_lambda0.5,9,7,2,2,17.98256757,0,51.03898539,69.02155295
diverse_rec,movielens_sample20of200_lambda0.5,9,7,3,3,25.72529271,0,47.28852747,73.01382018
diverse_rec,movielens_sample20of200_lambda0.5,9,7,4,4,32.79032879,0,43.39617622,76.18650501
diverse_rec,movielens_sample20of200_lambda0.5,9,7,5,5,39.26512447,0,40.15529021,79.42041468
diverse_rec,movielens_sample20of200_lambda0.5,9,7,6,6,45.35090086,0,36.36125178,81.71215264
diverse_rec,movielens_sample20of200_lambda0.5,9,7,7,7,50.84604954,0,32.94338704,83.78943658
diverse_rec,movielens_sample20of200_lambda0.5,9,8,0,0,0,0,67.96659473,67.96659473
diverse_rec,movielens_sample20of200_lambda0.5,9,8,1,1,9.644608638,0,62.27800095,71.92260959
diverse_rec,movielens_sample20of200_lambda0.5,9,8,2,2,17.98256757,0,57.57338888,75.55595645
diverse_rec,movielens_sample20of200_lambda0.5,9,8,3,3,25.72529271,0,53.28581567,79.01110838
diverse_rec,movielens_sample20of200_lambda0.5,9,8,4,4,32.79032879,0,48.93405121,81.72438
diverse_rec,movielens_sample20of200_lambda0.5,9,8,5,5,39.26512447,0,44.89277326,84.15789772
diverse_rec,movielens_sample20of200_lambda0.5,9,8,6,6,45.35090086,0,38.80699687,84.15789772
diverse_rec,movielens_sample20of200_lambda0.5,9,8,7,7,50.84604954,0,33.31184818,84.15789772
diverse_rec,movielens_sample20of200_lambda0.5,9,8,8,8,55.91078663,0,28.2471111,84.15789772
diverse_rec,movielens_sample20of200_lambda0.5,9,9,0,0,0,0,75.37869619,75.37869619
diverse_rec,movielens_sample20of200_lambda0.5,9,9,1,1,9.644608638,0,69.17417638,78.81878502
diverse_rec,movielens_sample20of200_lambda0.5,9,9,2,2,17.98256757,0,63.8516994,81.83426697
diverse_rec,movielens_sample20of200_lambda0.5,9,9,3,3,25.72529271,0,58.43260501,84.15789772
diverse_rec,movielens_sample20of200_lambda0.5,9,9,4,4,32.79032879,0,51.36756893,84.15789772
diverse_rec,movielens_sample20of200_lambda0.5,9,9,5,5,39.26512447,0,44.89277326,84.15789772
diverse_rec,movielens_sample20of200_lambda0.5,9,9,6,6,45.35090086,0,38.80699687,84.15789772
diverse_rec,movielens_sample20of200_lambda0.5,9,9,7,7,50.84604954,0,33.31184818,84.15789772
diverse_rec,movielens_sample20of200_lambda0.5,9,9,8,8,55.91078663,0,28.2471111,84.15789772
diverse_rec,movielens_sample20of200_lambda0.5,9,9,9,9,60.42459854,0,23.73329918,84.15789772
diverse_rec,movielens_sample20of200_lambda0.5,9,10,0,0,0,0,82.3677087,82.3677087
diverse_rec,movielens_sample20of200_lambda0.5,9,10,1,1,9.644608638,0,74.51328909,84.15789772
diverse_rec,movielens_sample20of200_lambda0.5,9,10,2,2,17.98256757,0,66.17533016,84.15789772
diverse_rec,movielens_sample20of200_lambda0.5,9,10,3,3,25.72529271,0,58.43260501,84.15789772
diverse_rec,movielens_sample20of200_lambda0.5,9,10,4,4,32.79032879,0,51.36756893,84.15789772
diverse_rec,movielens_sample20of200_lambda0.5,9,10,5,5,39.26512447,0,44.89277326,84.15789772
diverse_rec,movielens_sample20of200_lambda0.5,9,10,6,6,45.35090086,0,38.80699687,84.15789772
diverse_rec,movielens_sample20of200_lambda0.5,9,10,7,7,50.84604954,0,33.31184818,84.15789772
diverse_rec,movielens_sample20of200_lambda0.5,9,10,8,8,55.91078663,0,28.2471111,84.15789772
diverse_rec,movielens_sample20of200_lambda0.5,9,10,9,9,60.42459854,0,23.73329918,84.15789772
diverse_rec,movielens_sample20of200_lambda0.5,9,10,10,10,64.53870049,0,19.61919723,84.15789772
diverse_rec,movielens_sample20of200_lambda0.5,9,11,0,0,0,0,84.15789772,84.15789772
diverse_rec,movielens_sample20of200_lambda0.5,9,11,1,1,9.644608638,0,74.51328909,84.15789772
diverse_rec,movielens_sample20of200_lambda0.5,9,11,2,2,17.98256757,0,66.17533016,84.15789772
diverse_rec,movielens_sample20of200_lambda0.5,9,11,3,3,25.72529271,0,58.43260501,84.15789772
diverse_rec,movielens_sample20of200_lambda0.5,9,11,4,4,32.79032879,0,51.36756893,84.15789772
diverse_rec,movielens_sample20of200_lambda0.5,9,11,5,5,39.26512447,0,44.89277326,84.15789772
diverse_rec,movielens_sample20of200_lambda0.5,9,11,6,6,45.35090086,0,38.80699687,84.15789772
diverse_rec,movielens_sample20of200_lambda0.5,9,11,7,7,50.84604954,0,33.31184818,84.15789772
diverse_rec,movielens_sample20of200_lambda0.5,9,11,8,8,55.91078663,0,28.2471111,84.15789772
diverse_rec,movielens_sample20of200_lambda0.5,9,11,9,9,60.42459854,0,23.73329918,84.15789772
diverse_rec,movielens_sample20of200_lambda0.5,9,11,10,10,64.53870049,0,19.61919723,84.15789772
diverse_rec,movielens_sample20of200_lambda0.5,9,11,11,11,68.1632448,0,15.99465292,84.15789772
diverse_rec,movielens_sample20of200_lambda0.5,9,12,0,0,0,0,84.15789772,84.15789772
diverse_rec,movielens_sample20of200_lambda0.5,9,12,1,1,9.644608638,0,74.51328909,84.15789772
diverse_rec,movielens_sample20of200_lambda0.5,9,12,2,2,17.98256757,0,66.17533016,84.15789772
diverse_rec,movielens_sample20of200_lambda0.5,9,12,3,3,25.72529271,0,58.43260501,84.15789772
diverse_rec,movielens_sample20of200_lambda0.5,9,12,4,4,32.79032879,0,51.36756893,84.15789772
diverse_rec,movielens_sample20of200_lambda0.5,9,12,5,5,39.26512447,0,44.89277326,84.15789772
diverse_rec,movielens_sample20of200_lambda0.5,9,12,6,6,45.35090086,0,38.80699687,84.15789772
diverse_rec,movielens_sample20of200_lambda0.5,9,12,7,7,50.84604954,0,33.31184818,84.15789772
diverse_rec,movielens_sample20of200_lambda0.5,9,12,8,8,55.91078663,0,28.2471111,84.15789772
diverse_rec,movielens_sample20of200_lambda0.5,9,12,9,9,60.42459854,0,23.73329918,84.15789772
diverse_rec,movielens_sample20of200_lambda0.5,9,12,10,10,64.53870049,0,19.61919723,84.15789772
diverse_rec,movielens_sample20of200_lambda0.5,9,12,11,11,68.1632448,0,15.99465292,84.15789772
diverse_rec,movielens_sample20of200_lambda0.5,9,12,12,12,71.38167564,0,12.77622208,84.15789772
diverse_rec,movielens_sample20of200_lambda0.5,9,13,0,0,0,0,84.15789772,84.15789772
diverse_rec,movielens_sample20of200_lambda0.5,9,13,1,1,9.644608638,0,74.51328909,84.15789772
diverse_rec,movielens_sample20of200_lambda0.5,9,13,2,2,17.98256757,0,66.17533016,84.15789772
diverse_rec,movielens_sample20of200_lambda0.5,9,13,3,3,25.72529271,0,58.43260501,84.15789772
diverse_rec,movielens_sample20of200_lambda0.5,9,13,4,4,32.79032879,0,51.36756893,84.15789772
diverse_rec,movielens_sample20of200_lambda0.5,9,13,5,5,39.26512447,0,44.89277326,84.15789772
diverse_rec,movielens_sample20of200_lambda0.5,9,13,6,6,45.35090086,0,38.80699687,84.15789772
diverse_rec,movielens_sample20of200_lambda0.5,9,13,7,7,50.84604954,0,33.31184818,84.15789772
diverse_rec,movielens_sample20of200_lambda0.5,9,13,8,8,55.91078663,0,28.2471111,84.15789772
diverse_rec,movielens_sample20of200_lambda0.5,9,13,9,9,60.42459854,0,23.73329918,84.15789772
diverse_rec,movielens_sample20of200_lambda0.5,9,13,10,10,64.53870049,0,19.61919723,84.15789772
diverse_rec,movielens_sample20of200_lambda0.5,9,13,11,11,68.1632448,0,15.99465292,84.15789772
diverse_rec,movielens_sample20of200_lambda0.5,9,13,12,12,71.38167564,0,12.77622208,84.15789772
diverse_rec,movielens_sample20of200_lambda0.5,9,13,13,13,74.23150257,0,9.926395157,84.15789772
diverse_rec,movielens_sample20of200_lambda0.5,9,14,0,0,0,0,84.15789772,84.15789772
diverse_rec,movielens_sample20of200_lambda0.5,9,14,1,1,9.644608638,0,74.51328909,84.15789772
diverse_rec,movielens_sample20of200_lambda0.5,9,14,2,2,17.98256757,0,66.17533016,84.15789772
diverse_rec,movielens_sample20of200_lambda0.5,9,14,3,3,25.72529271,0,58.43260501,84.15789772
diverse_rec,movielens_sample20of200_lambda0.5,9,14,4,4,32.79032879,0,51.36756893,84.15789772
diverse_rec,movielens_sample20of200_lambda0.5,9,14,5,5,39.26512447,0,44.89277326,84.15789772
diverse_rec,movielens_sample20of200_lambda0.5,9,14,6,6,45.35090086,0,38.80699687,84.15789772
diverse_rec,movielens_sample20of200_lambda0.5,9,14,7,7,50.84604954,0,33.31184818,84.15789772
diverse_rec,movielens_sample20of200_lambda0.5,9,14,8,8,55.91078663,0,28.2471111,84.15789772
diverse_rec,movielens_sample20of200_lambda0.5,9,14,9,9,60.42459854,0,23.73329918,84.15789772
diverse_rec,movielens_sample20of200_lambda0.5,9,14,10,10,64.53870049,0,19.61919723,84.15789772
diverse_rec,movielens_sample20of200_lambda0.5,9,14,11,11,68.1632448,0,15.99465292,84.15789772
diverse_rec,movielens_sample20of200_lambda0.5,9,14,12,12,71.38167564,0,12.77622208,84.15789772
diverse_rec,movielens_sample20of200_lambda0.5,9,14,13,13,74.23150257,0,9.926395157,84.15789772
diverse_rec,movielens_sample20of200_lambda0.5,9,14,14,14,76.707912,0,7.449985728,84.15789772
diverse_rec,movielens_sample20of200_lambda0.5,9,15,0,0,0,0,84.15789772,84.15789772
diverse_rec,movielens_sample20of200_lambda0.5,9,15,1,1,9.644608638,0,74.51328909,84.15789772
diverse_rec,movielens_sample20of200_lambda0.5,9,15,2,2,17.98256757,0,66.17533016,84.15789772
diverse_rec,movielens_sample20of200_lambda0.5,9,15,3,3,25.72529271,0,58.43260501,84.15789772
diverse_rec,movielens_sample20of200_lambda0.5,9,15,4,4,32.79032879,0,51.36756893,84.15789772
diverse_rec,movielens_sample20of200_lambda0.5,9,15,5,5,39.26512447,0,44.89277326,84.15789772
diverse_rec,movielens_sample20of200_lambda0.5,9,15,6,6,45.35090086,0,38.80699687,84.15789772
diverse_rec,movielens_sample20of200_lambda0.5,9,15,7,7,50.84604954,0,33.31184818,84.15789772
diverse_rec,movielens_sample20of200_lambda0.5,9,15,8,8,55.91078663,0,28.2471111,84.15789772
diverse_rec,movielens_sample20of200_lambda0.5,9,15,9,9,60.42459854,0,23.73329918,84.15789772
diverse_rec,movielens_sample20of200_lambda0.5,9,15,10,10,64.53870049,0,19.61919723,84.15789772
diverse_rec,movielens_sample20of200_lambda0.5,9,15,11,11,68.1632448,0,15.99465292,84.15789772
diverse_rec,movielens_sample20of200_lambda0.5,9,15,12,12,71.38167564,0,12.77622208,84.15789772
diverse_rec,movielens_sample20of200_lambda0.5,9,15,13,13,74.23150257,0,9.926395157,84.15789772
diverse_rec,movielens_sample20of200_lambda0.5,9,15,14,14,76.707912,0,7.449985728,84.15789772
diverse_rec,movielens_sample20of200_lambda0.5,9,15,15,15,78.87966072,0,5.278236999,84.15789772
diverse_rec,movielens_sample20of200_lambda0.5,9,16,0,0,0,0,84.15789772,84.15789772
diverse_rec,movielens_sample20of200_lambda0.5,9,16,1,1,9.644608638,0,74.51328909,84.15789772
diverse_rec,movielens_sample20of200_lambda0.5,9,16,2,2,17.98256757,0,66.17533016,84.15789772
diverse_rec,movielens_sample20of200_lambda0.5,9,16,3,3,25.72529271,0,58.43260501,84.15789772
diverse_rec,movielens_sample20of200_lambda0.5,9,16,4,4,32.79032879,0,51.36756893,84.15789772
diverse_rec,movielens_sample20of200_lambda0.5,9,16,5,5,39.26512447,0,44.89277326,84.15789772
diverse_rec,movielens_sample20of200_lambda0.5,9,16,6,6,45.35090086,0,38.80699687,84.15789772
diverse_rec,movielens_sample20of200_lambda0.5,9,16,7,7,50.84604954,0,33.31184818,84.15789772
diverse_rec,movielens_sample20of200_lambda0.5,9,16,8,8,55.91078663,0,28.2471111,84.15789772
diverse_rec,movielens_sample20of200_lambda0.5,9,16,9,9,60.42459854,0,23.73329918,84.15789772
diverse_rec,movielens_sample20of200_lambda0.5,9,16,10,10,64.53870049,0,19.61919723,84.15789772
diverse_rec,movielens_sample20of200_lambda0.5,9,16,11,11,68.1632448,0,15.99465292,84.15789772
diverse_rec,movielens_sample20of200_lambda0.5,9,16,12,12,71.38167564,0,12.77622208,84.15789772
diverse_rec,movielens_sample20of200_lambda0.5,9,16,13,13,74.23150257,0,9.926395157,84.15789772
diverse_rec,movielens_sample20of200_lambda0.5,9,16,14,14,76.707912,0,7.449985728,84.15789772
diverse_rec,movielens_sample20of200_lambda0.5,9,16,15,15,78.87966072,0,5.278236999,84.15789772
diverse_rec,movielens_sample20of200_lambda0.5,9,16,16,16,80.6718368,0,3.486060922,84.15789772
diverse_rec,movielens_sample20of200_lambda0.5,9,17,0,0,0,0,84.15789772,84.15789772
diverse_rec,movielens_sample20of200_lambda0.5,9,17,1,1,9.644608638,0,74.51328909,84.15789772
diverse_rec,movielens_sample20of200_lambda0.5,9,17,2,2,17.98256757,0,66.17533016,84.15789772
diverse_rec,movielens_sample20of200_lambda0.5,9,17,3,3,25.72529271,0,58.43260501,84.15789772
diverse_rec,movielens_sample20of200_lambda0.5,9,17,4,4,32.79032879,0,51.36756893,84.15789772
diverse_rec,movielens_sample20of200_lambda0.5,9,17,5,5,39.26512447,0,44.89277326,84.15789772
diverse_rec,movielens_sample20of200_lambda0.5,9,17,6,6,45.35090086,0,38.80699687,84.15789772
diverse_rec,movielens_sample20of200_lambda0.5,9,17,7,7,50.84604954,0,33.31184818,84.15789772
diverse_rec,movielens_sample20of200_lambda0.5,9,17,8,8,55.91078663,0,28.2471111,84.15789772
diverse_rec,movielens_sample20of200_lambda0.5,9,17,9,9,60.42459854,0,23.73329918,84.15789772
diverse_rec,movielens_sample20of200_lambda0.5,9,17,10,10,64.53870049,0,19.61919723,84.15789772
diverse_rec,movielens_sample20of200_lambda0.5,9,17,11,11,68.1632448,0,15.99465292,84.15789772
diverse_rec,movielens_sample20of200_lambda0.5,9,17,12,12,71.38167564,0,12.77622208,84.15789772
diverse_rec,movielens_sample20of200_lambda0.5,9,17,13,13,74.23150257,0,9.926395157,84.15789772
diverse_rec,movielens_sample20of200_lambda0.5,9,17,14,14,76.707912,0,7.449985728,84.15789772
diverse_rec,movielens_sample20of200_lambda0.5,9,17,15,15,78.87966072,0,5.278236999,84.15789772
diverse_rec,movielens_sample20of200_lambda0.5,9,17,16,16,80.6718368,0,3.486060922,84.15789772
diverse_rec,movielens_sample20of200_lambda0.5,9,17,17,17,81.93402929,0,2.223868433,84.15789772
diverse_rec,movielens_sample20of200_lambda0.5,9,18,0,0,0,0,84.15789772,84.15789772
diverse_rec,movielens_sample20of200_lambda0.5,9,18,1,1,9.644608638,0,74.51328909,84.15789772
diverse_rec,movielens_sample20of200_lambda0.5,9,18,2,2,17.98256757,0,66.17533016,84.15789772
diverse_rec,movielens_sample20of200_lambda0.5,9,18,3,3,25.72529271,0,58.43260501,84.15789772
diverse_rec,movielens_sample20of200_lambda0.5,9,18,4,4,32.79032879,0,51.36756893,84.15789772
diverse_rec,movielens_sample20of200_lambda0.5,9,18,5,5,39.26512447,0,44.89277326,84.15789772
diverse_rec,movielens_sample20of200_lambda0.5,9,18,6,6,45.35090086,0,38.80699687,84.15789772
diverse_rec,movielens_sample20of200_lambda0.5,9,18,7,7,50.84604954,0,33.31184818,84.15789772
diverse_rec,movielens_sample20of200_lambda0.5,9,18,8,8,55.91078663,0,28.2471111,84.15789772
diverse_rec,movielens_sample20of200_lambda0.5,9,18,9,9,60.42459854,0,23.73329918,84.15789772
diverse_rec,movielens_sample20of200_lambda0.5,9,18,10,10,64.53870049,0,19.61919723,84.15789772
diverse_rec,movielens_sample20of200_lambda0.5,9,18,11,11,68.1632448,0,15.99465292,84.15789772
diverse_rec,movielens_sample20of200_lambda0.5,9,18,12,12,71.38167564,0,12.77622208,84.15789772
diverse_rec,movielens_sample20of200_lambda0.5,9,18,13,13,74.23150257,0,9.926395157,84.15789772
diverse_rec,movielens_sample20of200_lambda0.5,9,18,14,14,76.707912,0,7.449985728,84.15789772
diverse_rec,movielens_sample20of200_lambda0.5,9,18,15,15,78.87966072,0,5.278236999,84.15789772
diverse_rec,movielens_sample20of200_lambda0.5,9,18,16,16,80.6718368,0,3.486060922,84.15789772
diverse_rec,movielens_sample20of200_lambda0.5,9,18,17,17,81.93402929,0,2.223868433,84.15789772
diverse_rec,movielens_sample20of200_lambda0.5,9,18,18,18,82.95011494,0,1.207782787,84.15789772
diverse_rec,movielens_sample20of200_lambda0.5,9,19,0,0,0,0,84.15789772,84.15789772
diverse_rec,movielens_sample20of200_lambda0.5,9,19,1,1,9.644608638,0,74.51328909,84.15789772
diverse_rec,movielens_sample20of200_lambda0.5,9,19,2,2,17.98256757,0,66.17533016,84.15789772
diverse_rec,movielens_sample20of200_lambda0.5,9,19,3,3,25.72529271,0,58.43260501,84.15789772
diverse_rec,movielens_sample20of200_lambda0.5,9,19,4,4,32.79032879,0,51.36756893,84.15789772
diverse_rec,movielens_sample20of200_lambda0.5,9,19,5,5,39.26512447,0,44.89277326,84.15789772
diverse_rec,movielens_sample20of200_lambda0.5,9,19,6,6,45.35090086,0,38.80699687,84.15789772
diverse_rec,movielens_sample20of200_lambda0.5,9,19,7,7,50.84604954,0,33.31184818,84.15789772
diverse_rec,movielens_sample20of200_lambda0.5,9,19,8,8,55.91078663,0,28.2471111,84.15789772
diverse_rec,movielens_sample20of200_lambda0.5,9,19,9,9,60.42459854,0,23.73329918,84.15789772
diverse_rec,movielens_sample20of200_lambda0.5,9,19,10,10,64.53870049,0,19.61919723,84.15789772
diverse_rec,movielens_sample20of200_lambda0.5,9,19,11,11,68.1632448,0,15.99465292,84.15789772
diverse_rec,movielens_sample20of200_lambda0.5,9,19,12,12,71.38167564,0,12.77622208,84.15789772
diverse_rec,movielens_sample20of200_lambda0.5,9,19,13,13,74.23150257,0,9.926395157,84.15789772
diverse_rec,movielens_sample20of200_lambda0.5,9,19,14,14,76.707912,0,7.449985728,84.15789772
diverse_rec,movielens_sample20of200_lambda0.5,9,19,15,15,78.87966072,0,5.278236999,84.15789772
diverse_rec,movielens_sample20of200_lambda0.5,9,19,16,16,80.6718368,0,3.486060922,84.15789772
diverse_rec,movielens_sample20of200_lambda0.5,9,19,17,17,81.93402929,0,2.223868433,84.15789772
diverse_rec,movielens_sample20of200_lambda0.5,9,19,18,18,82.95011494,0,1.207782787,84.15789772
diverse_rec,movielens_sample20of200_lambda0.5,9,19,19,19,83.65789772,0,0.5,84.15789772
diverse_rec,movielens_sample20of200_lambda0.5,9,20,0,0,0,0,84.15789772,84.15789772
diverse_rec,movielens_sample20of200_lambda0.5,9,20,1,1,9.644608638,0,74.51328909,84.15789772
diverse_rec,movielens_sample20of200_lambda0.5,9,20,2,2,17.98256757,0,66.17533016,84.15789772
diverse_rec,movielens_sample20of200_lambda0.5,9,20,3,3,25.72529271,0,58.43260501,84.15789772
diverse_rec,movielens_sample20of200_lambda0.5,9,20,4,4,32.79032879,0,51.36756893,84.15789772
diverse_rec,movielens_sample20of200_lambda0.5,9,20,5,5,39.26512447,0,44.89277326,84.15789772
diverse_rec,movielens_sample20of200_lambda0.5,9,20,6,6,45.35090086,0,38.80699687,84.15789772
diverse_rec,movielens_sample20of200_lambda0.5,9,20,7,7,50.84604954,0,33.31184818,84.15789772
diverse_rec,movielens_sample20of200_lambda0.5,9,20,8,8,55.91078663,0,28.2471111,84.15789772
diverse_rec,movielens_sample20of200_lambda0.5,9,20,9,9,60.42459854,0,23.73329918,84.15789772
diverse_rec,movielens_sample20of200_lambda0.5,9,20,10,10,64.53870049,0,19.61919723,84.15789772
diverse_rec,movielens_sample20of200_lambda0.5,9,20,11,11,68.1632448,0,15.99465292,84.15789772
diverse_rec,movielens_sample20of200_lambda0.5,9,20,12,12,71.38167564,0,12.77622208,84.15789772
diverse_rec,movielens_sample20of200_lambda0.5,9,20,13,13,74.23150257,0,9.926395157,84.15789772
diverse_rec,movielens_sample20of200_lambda0.5,9,20,14,14,76.707912,0,7.449985728,84.15789772
diverse_rec,movielens_sample20of200_lambda0.5,9,20,15,15,78.87966072,0,5.278236999,84.15789772
diverse_rec,movielens_sample20of200_lambda0.5,9,20,16,16,80.6718368,0,3.486060922,84.15789772
diverse_rec,movielens_sample20of200_lambda0.5,9,20,17,17,81.93402929,0,2.223868433,84.15789772
diverse_rec,movielens_sample20of200_lambda0.5,9,20,18,18,82.95011494,0,1.207782787,84.15789772
diverse_rec,movielens_sample20of200_lambda0.5,9,20,19,19,83.65789772,0,0.5,84.15789772
diverse_rec,movielens_sample20of200_lambda0.5,9,20,20,20,84.15789772,0,0,84.15789772
