problem,instance,n,k,trials,seed,chain_stride,chain_len,opt,top_k_bound,total_bound,dual_bound,dual_bound_S0,dual_best_prefix,greedy,rg_mean,rg_std,rg_min,rg_max,best_found,dual_valid,time_dual_ms,time_rg_ms,time_opt_ms,lp_bound,gamma1_bound,gamma1_noprune,mu2_bound,mu3_bound,lattice_A_size,lattice_B_size,prune_rounds,f_empty,f_V,opt_unconstrained,lattice_opt_unconstrained,lattice_opt_k,time_lp_export_ms,time_lp_ms,time_gamma1_ms,time_mu_ms,marginal_bound,time_marginal_ms,time_hybrid_export_ms,m1_bound,m2_bound,a2_bound,monotone_flag,min_f_a_V_minus_a,time_monotone_ms,hybrid_bound,best_bound,hybrid_status,hybrid_rows,hybrid_cols,time_hybrid_solve_ms,hybrid_certificate,dual_bound_mono,lp_bound_mono,hybrid_bound_mono,best_bound_mono
diverse_rec,movielens_sample20of200_lambda0,20,1,1000,0,1,2,9.519434616,9.519434616,160.7807836,9.519434616,9.519434616,0,9.519434616,9.519434616,1.019536248e-06,9.519434616,9.519434616,9.519434616,1,0.035,0.0014,31.918,9.519434616,160.7807836,321.5615671,160.7807836,160.7807836,20,20,1,0,160.7807836,160.7807836,160.7807836,-inf,4.107,0.417,0.009,0.095,9.519434616,0.023,59.173,9.519434616,9.519434616,9.519434616,1,6.817332175,11.908,9.519434616,9.519434616,optimal,42,60,2.1,pass,9.519434616,9.519434616,9.519434616,9.519434616
diverse_rec,movielens_sample20of200_lambda0,20,2,1000,0,1,3,19.00844685,19.00844685,160.7807836,19.00844685,19.00844685,0,19.00844685,18.49572925,0.5263331384,17.94083348,19.00844685,19.00844685,1,0.048,0.0013,31.918,19.00844685,160.7807836,321.5615671,160.7807836,160.7807836,20,20,1,0,160.7807836,160.7807836,160.7807836,-inf,4.107,0.302,0.009,0.095,19.00844685,0.023,59.173,19.00844685,19.00844685,19.00844685,1,6.817332175,11.908,19.00844685,19.00844685,optimal,61,78,3.7,pass,19.00844685,19.00844685,19.00844685,19.00844685
diverse_rec,movielens_sample20of200_lambda0,20,3,1000,0,1,4,27.4602681,27.4602681,160.7807836,27.4602681,27.4602681,0,27.4602681,26.74888456,0.6407325174,25.15414865,27.4602681,27.4602681,1,0.060,0.0019,31.918,27.4602681,160.7807836,321.5615671,160.7807836,160.7807836,20,20,1,0,160.7807836,160.7807836,160.7807836,-inf,4.107,0.268,0.009,0.095,27.4602681,0.023,59.173,27.4602681,27.4602681,27.4602681,1,6.817332175,11.908,27.4602681,27.4602681,optimal,79,95,2.2,pass,27.4602681,27.4602681,27.4602681,27.4602681
diverse_rec,movielens_sample20of200_lambda0,20,4,1000,0,1,5,35.81207609,35.81207609,160.7807836,35.81207609,35.81207609,0,35.81207609,35.02445107,0.6968943454,33.28517606,35.81207609,35.81207609,1,0.071,0.0032,31.918,35.81207609,160.7807836,321.5615671,160.7807836,160.7807836,20,20,1,0,160.7807836,160.7807836,160.7807836,-inf,4.107,0.260,0.009,0.095,35.81207609,0.023,59.173,35.81207609,35.81207609,35.81207609,1,6.817332175,11.908,35.81207609,35.81207609,optimal,96,111,1.8,pass,35.81207609,35.81207609,35.81207609,35.81207609
diverse_rec,movielens_sample20of200_lambda0,20,5,1000,0,1,6,44.1625955,44.1625955,160.7807836,44.1625955,44.1625955,0,44.1625955,43.24426787,0.7194640691,41.4109384,44.1625955,44.1625955,1,0.080,0.0035,31.918,44.1625955,160.7807836,321.5615671,160.7807836,160.7807836,20,20,1,0,160.7807836,160.7807836,160.7807836,-inf,4.107,0.259,0.009,0.095,44.1625955,0.023,59.173,44.1625955,44.1625955,44.1625955,1,6.817332175,11.908,44.1625955,44.1625955,optimal,112,126,3.6,pass,44.1625955,44.1625955,44.1625955,44.1625955
diverse_rec,movielens_sample20of200_lambda0,20,6,1000,0,1,7,52.47987372,52.47987372,160.7807836,52.47987372,52.47987372,0,52.47987372,51.34422833,0.7812212872,49.22492962,52.47987372,52.47987372,1,0.089,0.0029,31.918,52.47987372,160.7807836,321.5615671,160.7807836,160.7807836,20,20,1,0,160.7807836,160.7807836,160.7807836,-inf,4.107,0.259,0.009,0.095,52.47987372,0.023,59.173,52.47987372,52.47987372,52.47987372,1,6.817332175,11.908,52.47987372,52.47987372,optimal,127,140,2.2,pass,52.47987372,52.47987372,52.47987372,52.47987372
diverse_rec,movielens_sample20of200_lambda0,20,7,1000,0,1,8,60.74544415,60.74544415,160.7807836,60.74544415,60.74544415,0,60.74544415,59.35663789,0.8851739264,56.84356026,60.74544415,60.74544415,1,0.097,0.0036,31.918,60.74544415,160.7807836,321.5615671,160.7807836,160.7807836,20,20,1,0,160.7807836,160.7807836,160.7807836,-inf,4.107,0.260,0.009,0.095,60.74544415,0.023,59.173,60.74544415,60.74544415,60.74544415,1,6.817332175,11.908,60.74544415,60.74544415,optimal,141,153,1.9,pass,60.74544415,60.74544415,60.74544415,60.74544415
diverse_rec,movielens_sample20of200_lambda0,20,8,1000,0,1,9,69.00020786,69.00020786,160.7807836,69.00020786,69.00020786,0,69.00020786,67.29098524,0.9627506085,64.47237097,69.00020786,69.00020786,1,0.107,0.0071,31.918,69.00020786,160.7807836,321.5615671,160.7807836,160.7807836,20,20,1,0,160.7807836,160.7807836,160.7807836,-inf,4.107,0.287,0.009,0.095,69.00020786,0.023,59.173,69.00020786,69.00020786,69.00020786,1,6.817332175,11.908,69.00020786,69.00020786,optimal,154,165,3.9,pass,69.00020786,69.00020786,69.00020786,69.00020786
diverse_rec,movielens_sample20of200_lambda0,20,9,1000,0,1,10,77.22172592,77.22172592,160.7807836,77.22172592,77.22172592,0,77.22172592,74.95785054,1.038210226,71.69257878,77.00236825,77.22172592,1,0.113,0.0047,31.918,77.22172592,160.7807836,321.5615671,160.7807836,160.7807836,20,20,1,0,160.7807836,160.7807836,160.7807836,-inf,4.107,0.284,0.009,0.095,77.22172592,0.023,59.173,77.22172592,77.22172592,77.22172592,1,6.817332175,11.908,77.22172592,77.22172592,optimal,166,176,1.1,pass,77.22172592,77.22172592,77.22172592,77.22172592
diverse_rec,movielens_sample20of200_lambda0,20,10,1000,0,1,11,85.2238863,85.2238863,160.7807836,85.2238863,85.2238863,0,85.2238863,82.56442562,1.181924281,78.9208477,85.2238863,85.2238863,1,0.119,0.0072,31.918,85.2238863,160.7807836,321.5615671,160.7807836,160.7807836,20,20,1,0,160.7807836,160.7807836,160.7807836,-inf,4.107,0.286,0.009,0.095,85.2238863,0.023,59.173,85.2238863,85.2238863,85.2238863,1,6.817332175,11.908,85.2238863,85.2238863,optimal,177,186,1.0,pass,85.2238863,85.2238863,85.2238863,85.2238863
diverse_rec,movielens_sample20of200_lambda0,20,11,1000,0,1,12,93.22399398,93.22399398,160.7807836,93.22399398,93.22399398,0,93.22399398,89.06206797,2.837460538,79.01558855,92.65705855,93.22399398,1,0.125,0.0084,31.918,93.22399398,160.7807836,321.5615671,160.7807836,160.7807836,20,20,1,0,160.7807836,160.7807836,160.7807836,-inf,4.107,0.291,0.009,0.095,93.22399398,0.023,59.173,93.22399398,93.22399398,93.22399398,1,6.817332175,11.908,93.22399398,93.22399398,optimal,187,195,1.1,pass,93.22399398,93.22399398,93.22399398,93.22399398
diverse_rec,movielens_sample20of200_lambda0,20,12,1000,0,1,13,101.1571211,101.1571211,160.7807836,101.1571211,101.1571211,0,101.1571211,93.89511666,4.736685046,79.04813073,100.496024,101.1571211,1,0.129,0.0116,31.918,101.1571211,160.7807836,321.5615671,160.7807836,160.7807836,20,20,1,0,160.7807836,160.7807836,160.7807836,-inf,4.107,0.291,0.009,0.095,101.1571211,0.023,59.173,101.1571211,101.1571211,101.1571211,1,6.817332175,11.908,101.1571211,101.1571211,optimal,196,203,1.0,pass,101.1571211,101.1571211,101.1571211,101.1571211
diverse_rec,movielens_sample20of200_lambda0,20,13,1000,0,1,14,108.9960865,108.9960865,160.7807836,108.9960865,108.9960865,0,108.9960865,96.93866655,6.530310946,73.44758431,108.1297147,108.9960865,1,0.134,0.0103,31.918,108.9960865,160.7807836,321.5615671,160.7807836,160.7807836,20,20,1,0,160.7807836,160.7807836,160.7807836,-inf,4.107,0.295,0.009,0.095,108.9960865,0.023,59.173,108.9960865,108.9960865,108.9960865,1,6.817332175,11.908,108.9960865,108.9960865,optimal,204,210,2.5,pass,108.9960865,108.9960865,108.9960865,108.9960865
diverse_rec,movielens_sample20of200_lambda0,20,14,1000,0,1,15,116.7617021,116.7617021,160.7807836,116.7617021,116.7617021,0,116.7617021,99.30500692,7.62913067,73.69061139,115.9423803,116.7617021,1,0.138,0.0127,31.918,116.7617021,160.7807836,321.5615671,160.7807836,160.7807836,20,20,1,0,160.7807836,160.7807836,160.7807836,-inf,4.107,0.299,0.009,0.095,116.7617021,0.023,59.173,116.7617021,116.7617021,116.7617021,1,6.817332175,11.908,116.7617021,116.7617021,optimal,211,216,2.7,pass,116.7617021,116.7617021,116.7617021,116.7617021
diverse_rec,movielens_sample20of200_lambda0,20,15,1000,0,1,16,124.3911433,124.3911433,160.7807836,124.3911433,124.3911433,0,124.3911433,100.533974,8.647623235,73.90296727,122.6532477,124.3911433,1,0.142,0.0111,31.918,124.3911433,160.7807836,321.5615671,160.7807836,160.7807836,20,20,1,0,160.7807836,160.7807836,160.7807836,-inf,4.107,0.303,0.009,0.095,124.3911433,0.023,59.173,124.3911433,124.3911433,124.3911433,1,6.817332175,11.908,124.3911433,124.3911433,optimal,217,221,1.2,pass,124.3911433,124.3911433,124.3911433,124.3911433
diverse_rec,movielens_sample20of200_lambda0,20,16,1000,0,1,17,131.9447154,131.9447154,160.7807836,131.9447154,131.9447154,0,131.9447154,102.1139646,9.386667967,73.17818028,130.4077465,131.9447154,1,0.145,0.0091,31.918,131.9447154,160.7807836,321.5615671,160.7807836,160.7807836,20,20,1,0,160.7807836,160.7807836,160.7807836,-inf,4.107,0.307,0.009,0.095,131.9447154,0.023,59.173,131.9447154,131.9447154,131.9447154,1,6.817332175,11.908,131.9447154,131.9447154,optimal,222,225,1.1,pass,131.9447154,131.9447154,131.9447154,131.9447154
diverse_rec,movielens_sample20of200_lambda0,20,17,1000,0,1,18,139.4692343,139.4692343,160.7807836,139.4692343,139.4692343,0,139.4692343,102.8815384,10.2134964,71.26071055,138.3094891,139.4692343,1,0.148,0.0118,31.918,139.4692343,160.7807836,321.5615671,160.7807836,160.7807836,20,20,1,0,160.7807836,160.7807836,160.7807836,-inf,4.107,0.310,0.009,0.095,139.4692343,0.023,59.173,139.4692343,139.4692343,139.4692343,1,6.817332175,11.908,139.4692343,139.4692343,optimal,226,228,1.1,pass,139.4692343,139.4692343,139.4692343,139.4692343
diverse_rec,movielens_sample20of200_lambda0,20,18,1000,0,1,19,146.8684329,146.8684329,160.7807836,146.8684329,146.8684329,0,146.8684329,102.6999581,10.68728257,70.69242222,135.4422064,146.8684329,1,0.151,0.0128,31.918,146.8684329,160.7807836,321.5615671,160.7807836,160.7807836,20,20,1,0,160.7807836,160.7807836,160.7807836,-inf,4.107,0.310,0.009,0.095,146.8684329,0.023,59.173,146.8684329,146.8684329,146.8684329,1,6.817332175,11.908,146.8684329,146.8684329,optimal,229,230,1.1,pass,146.8684329,146.8684329,146.8684329,146.8684329
diverse_rec,movielens_sample20of200_lambda0,20,19,1000,0,1,20,153.9634514,153.9634514,160.7807836,153.9634514,153.9634514,0,153.9634514,103.2377864,11.02836523,71.65171803,137.3793169,153.9634514,1,0.154,0.0125,31.918,153.9634514,160.7807836,321.5615671,160.7807836,160.7807836,20,20,1,0,160.7807836,160.7807836,160.7807836,-inf,4.107,0.318,0.009,0.095,153.9634514,0.023,59.173,153.9634514,153.9634514,153.9634514,1,6.817332175,11.908,153.9634514,153.9634514,optimal,231,231,1.1,pass,153.9634514,153.9634514,153.9634514,153.9634514
diverse_rec,movielens_sample20of200_lambda0,20,20,1000,0,1,21,160.7807836,160.7807836,160.7807836,160.7807836,160.7807836,0,160.7807836,103.2679058,11.4110627,63.80639955,144.7753902,160.7807836,1,0.155,0.0138,31.918,160.7807836,160.7807836,321.5615671,160.7807836,160.7807836,20,20,1,0,160.7807836,160.7807836,160.7807836,160.7807836,4.107,0.284,0.009,0.095,160.7807836,0.023,59.173,160.7807836,160.7807836,160.7807836,1,6.817332175,11.908,160.7807836,160.7807836,optimal,232,231,0.8,pass,160.7807836,160.7807836,160.7807836,160.7807836
diverse_rec,movielens_sample20of200_lambda0,20,1,1000,1,1,2,9.78657435,9.78657435,164.2238034,9.78657435,9.78657435,0,9.78657435,9.78657435,0,9.78657435,9.78657435,9.78657435,1,0.022,0.0008,35.879,9.78657435,164.2238034,328.4476068,164.2238034,164.2238034,20,20,1,0,164.2238034,164.2238034,164.2238034,-inf,6.283,0.276,0.008,0.037,9.78657435,0.022,41.264,9.78657435,9.78657435,9.78657435,1,6.655316458,3.971,9.78657435,9.78657435,optimal,42,60,0.6,pass,9.78657435,9.78657435,9.78657435,9.78657435
diverse_rec,movielens_sample20of200_lambda0,20,2,1000,1,1,3,18.97702199,18.97702199,164.2238034,18.97702199,18.97702199,0,18.97702199,18.80906701,0.2692948878,18.35162858,18.97702199,18.97702199,1,0.035,0.0014,35.879,18.97702199,164.2238034,328.4476068,164.2238034,164.2238034,20,20,1,0,164.2238034,164.2238034,164.2238034,-inf,6.283,0.286,0.008,0.037,18.97702199,0.022,41.264,18.97702199,18.97702199,18.97702199,1,6.655316458,3.971,18.97702199,18.97702199,optimal,61,78,0.7,pass,18.97702199,18.97702199,18.97702199,18.97702199
diverse_rec,movielens_sample20of200_lambda0,20,3,1000,1,1,4,28.13820293,28.13820293,164.2238034,28.13820293,28.13820293,0,28.13820293,27.79611316,0.3627514623,27.10595506,28.13820293,28.13820293,1,0.043,0.0021,35.879,28.13820293,164.2238034,328.4476068,164.2238034,164.2238034,20,20,1,0,164.2238034,164.2238034,164.2238034,-inf,6.283,0.282,0.008,0.037,28.13820293,0.022,41.264,28.13820293,28.13820293,28.13820293,1,6.655316458,3.971,28.13820293,28.13820293,optimal,79,95,0.7,pass,28.13820293,28.13820293,28.13820293,28.13820293
diverse_rec,movielens_sample20of200_lambda0,20,4,1000,1,1,5,37.25273946,37.25273946,164.2238034,37.25273946,37.25273946,0,37.25273946,36.55703408,0.4613555532,35.29414853,37.25273946,37.25273946,1,0.050,0.0022,35.879,37.25273946,164.2238034,328.4476068,164.2238034,164.2238034,20,20,1,0,164.2238034,164.2238034,164.2238034,-inf,6.283,0.276,0.008,0.037,37.25273946,0.022,41.264,37.25273946,37.25273946,37.25273946,1,6.655316458,3.971,37.25273946,37.25273946,optimal,96,111,1.4,pass,37.25273946,37.25273946,37.25273946,37.25273946
diverse_rec,movielens_sample20of200_lambda0,20,5,1000,1,1,6,46.08297705,46.08297705,164.2238034,46.08297705,46.08297705,0,46.08297705,45.09963581,0.5663957379,43.45542426,46.08297705,46.08297705,1,0.057,0.0030,35.879,46.08297705,164.2238034,328.4476068,164.2238034,164.2238034,20,20,1,0,164.2238034,164.2238034,164.2238034,-inf,6.283,0.275,0.008,0.037,46.08297705,0.022,41.264,46.08297705,46.08297705,46.08297705,1,6.655316458,3.971,46.08297705,46.08297705,optimal,112,126,1.5,pass,46.08297705,46.08297705,46.08297705,46.08297705
diverse_rec,movielens_sample20of200_lambda0,20,6,1000,1,1,7,54.8508457,54.8508457,164.2238034,54.8508457,54.8508457,0,54.8508457,53.50412638,0.6878680474,51.39087839,54.8508457,54.8508457,1,0.063,0.0037,35.879,54.8508457,164.2238034,328.4476068,164.2238034,164.2238034,20,20,1,0,164.2238034,164.2238034,164.2238034,-inf,6.283,0.274,0.008,0.037,54.8508457,0.022,41.264,54.8508457,54.8508457,54.8508457,1,6.655316458,3.971,54.8508457,54.8508457,optimal,127,140,2.7,pass,54.8508457,54.8508457,54.8508457,54.8508457
diverse_rec,movielens_sample20of200_lambda0,20,7,1000,1,1,8,63.43235146,63.43235146,164.2238034,63.43235146,63.43235146,0,63.43235146,61.67141082,0.7940775051,59.16570817,63.43235146,63.43235146,1,0.068,0.0048,35.879,63.43235146,164.2238034,328.4476068,164.2238034,164.2238034,20,20,1,0,164.2238034,164.2238034,164.2238034,-inf,6.283,0.276,0.008,0.037,63.43235146,0.022,41.264,63.43235146,63.43235146,63.43235146,1,6.655316458,3.971,63.43235146,63.43235146,optimal,141,153,2.1,pass,63.43235146,63.43235146,63.43235146,63.43235146
diverse_rec,movielens_sample20of200_lambda0,20,8,1000,1,1,9,72.00787226,72.00787226,164.2238034,72.00787226,72.00787226,0,72.00787226,69.62729965,0.9893729936,66.44850453,72.00787226,72.00787226,1,0.075,0.0060,35.879,72.00787226,164.2238034,328.4476068,164.2238034,164.2238034,20,20,1,0,164.2238034,164.2238034,164.2238034,-inf,6.283,0.277,0.008,0.037,72.00787226,0.022,41.264,72.00787226,72.00787226,72.00787226,1,6.655316458,3.971,72.00787226,72.00787226,optimal,154,165,1.0,pass,72.00787226,72.00787226,72.00787226,72.00787226
diverse_rec,movielens_sample20of200_lambda0,20,9,1000,1,1,10,80.34795367,80.34795367,164.2238034,80.34795367,80.34795367,0,80.34795367,77.46119008,1.172839406,72.60756108,80.30353644,80.34795367,1,0.080,0.0056,35.879,80.34795367,164.2238034,328.4476068,164.2238034,164.2238034,20,20,1,0,164.2238034,164.2238034,164.2238034,-inf,6.283,0.280,0.008,0.037,80.34795367,0.022,41.264,80.34795367,80.34795367,80.34795367,1,6.655316458,3.971,80.34795367,80.34795367,optimal,166,176,0.9,pass,80.34795367,80.34795367,80.34795367,80.34795367
diverse_rec,movielens_sample20of200_lambda0,20,10,1000,1,1,11,88.64361785,88.64361785,164.2238034,88.64361785,88.64361785,0,88.64361785,84.98499937,1.359226007,80.93995824,88.26182244,88.64361785,1,0.085,0.0056,35.879,88.64361785,164.2238034,328.4476068,164.2238034,164.2238034,20,20,1,0,164.2238034,164.2238034,164.2238034,-inf,6.283,0.281,0.008,0.037,88.64361785,0.022,41.264,88.64361785,88.64361785,88.64361785,1,6.655316458,3.971,88.64361785,88.64361785,optimal,177,186,2.3,pass,88.64361785,88.64361785,88.64361785,88.64361785
diverse_rec,movielens_sample20of200_lambda0,20,11,1000,1,1,12,96.84683468,96.84683468,164.2238034,96.84683468,96.84683468,0,96.84683468,91.74121422,2.782796932,80.82021494,96.42062204,96.84683468,1,0.089,0.0089,35.879,96.84683468,164.2238034,328.4476068,164.2238034,164.2238034,20,20,1,0,164.2238034,164.2238034,164.2238034,-inf,6.283,0.286,0.008,0.037,96.84683468,0.022,41.264,96.84683468,96.84683468,96.84683468,1,6.655316458,3.971,96.84683468,96.84683468,optimal,187,195,1.5,pass,96.84683468,96.84683468,96.84683468,96.84683468
diverse_rec,movielens_sample20of200_lambda0,20,12,1000,1,1,13,104.9572522,104.9572522,164.2238034,104.9572522,104.9572522,0,104.9572522,96.08637254,4.991676462,80.49271184,104.3539018,104.9572522,1,0.092,0.0108,35.879,104.9572522,164.2238034,328.4476068,164.2238034,164.2238034,20,20,1,0,164.2238034,164.2238034,164.2238034,-inf,6.283,0.290,0.008,0.037,104.9572522,0.022,41.264,104.9572522,104.9572522,104.9572522,1,6.655316458,3.971,104.9572522,104.9572522,optimal,196,203,1.2,pass,104.9572522,104.9572522,104.9572522,104.9572522
diverse_rec,movielens_sample20of200_lambda0,20,13,1000,1,1,14,112.9354075,112.9354075,164.2238034,112.9354075,112.9354075,0,112.9354075,99.04595195,6.700423932,76.17176209,112.069093,112.9354075,1,0.096,0.0091,35.879,112.9354075,164.2238034,328.4476068,164.2238034,164.2238034,20,20,1,0,164.2238034,164.2238034,164.2238034,-inf,6.283,0.295,0.008,0.037,112.9354075,0.022,41.264,112.9354075,112.9354075,112.9354075,1,6.655316458,3.971,112.9354075,112.9354075,optimal,204,210,1.1,pass,112.9354075,112.9354075,112.9354075,112.9354075
diverse_rec,movielens_sample20of200_lambda0,20,14,1000,1,1,15,120.8492763,120.8492763,164.2238034,120.8492763,120.8492763,0,120.8492763,101.5895839,8.126073927,75.62573046,119.5497598,120.8492763,1,0.098,0.0085,35.879,120.8492763,164.2238034,328.4476068,164.2238034,164.2238034,20,20,1,0,164.2238034,164.2238034,164.2238034,-inf,6.283,0.293,0.008,0.037,120.8492763,0.022,41.264,120.8492763,120.8492763,120.8492763,1,6.655316458,3.971,120.8492763,120.8492763,optimal,211,216,2.2,pass,120.8492763,120.8492763,120.8492763,120.8492763
diverse_rec,movielens_sample20of200_lambda0,20,15,1000,1,1,16,128.4922827,128.4922827,164.2238034,128.4922827,128.4922827,0,128.4922827,103.0772621,8.567637289,74.17734389,125.671618,128.4922827,1,0.101,0.0120,35.879,128.4922827,164.2238034,328.4476068,164.2238034,164.2238034,20,20,1,0,164.2238034,164.2238034,164.2238034,-inf,6.283,0.305,0.008,0.037,128.4922827,0.022,41.264,128.4922827,128.4922827,128.4922827,1,6.655316458,3.971,128.4922827,128.4922827,optimal,217,221,1.0,pass,128.4922827,128.4922827,128.4922827,128.4922827
diverse_rec,movielens_sample20of200_lambda0,20,16,1000,1,1,17,135.9958885,135.9958885,164.2238034,135.9958885,135.9958885,0,135.9958885,103.693167,9.3840312,72.01068575,132.4542876,135.9958885,1,0.103,0.0124,35.879,135.9958885,164.2238034,328.4476068,164.2238034,164.2238034,20,20,1,0,164.2238034,164.2238034,164.2238034,-inf,6.283,0.301,0.008,0.037,135.9958885,0.022,41.264,135.9958885,135.9958885,135.9958885,1,6.655316458,3.971,135.9958885,135.9958885,optimal,222,225,2.4,pass,135.9958885,135.9958885,135.9958885,135.9958885
diverse_rec,movielens_sample20of200_lambda0,20,17,1000,1,1,18,143.3970774,143.3970774,164.2238034,143.3970774,143.3970774,0,143.3970774,104.4771587,10.10190779,72.72904981,135.754071,143.3970774,1,0.105,0.0116,35.879,143.3970774,164.2238034,328.4476068,164.2238034,164.2238034,20,20,1,0,164.2238034,164.2238034,164.2238034,-inf,6.283,0.303,0.008,0.037,143.3970774,0.022,41.264,143.3970774,143.3970774,143.3970774,1,6.655316458,3.971,143.3970774,143.3970774,optimal,226,228,1.0,pass,143.3970774,143.3970774,143.3970774,143.3970774
diverse_rec,movielens_sample20of200_lambda0,20,18,1000,1,1,19,150.7206584,150.7206584,164.2238034,150.7206584,150.7206584,0,150.7206584,104.8099843,10.51744386,71.73248532,134.3154938,150.7206584,1,0.107,0.0140,35.879,150.7206584,164.2238034,328.4476068,164.2238034,164.2238034,20,20,1,0,164.2238034,164.2238034,164.2238034,-inf,6.283,0.308,0.008,0.037,150.7206584,0.022,41.264,150.7206584,150.7206584,150.7206584,1,6.655316458,3.971,150.7206584,150.7206584,optimal,229,230,1.1,pass,150.7206584,150.7206584,150.7206584,150.7206584
diverse_rec,movielens_sample20of200_lambda0,20,19,1000,1,1,20,157.5684869,157.5684869,164.2238034,157.5684869,157.5684869,0,157.5684869,105.1478751,11.51502603,72.28142109,140.8865852,157.5684869,1,0.109,0.0118,35.879,157.5684869,164.2238034,328.4476068,164.2238034,164.2238034,20,20,1,0,164.2238034,164.2238034,164.2238034,-inf,6.283,0.299,0.008,0.037,157.5684869,0.022,41.264,157.5684869,157.5684869,157.5684869,1,6.655316458,3.971,157.5684869,157.5684869,optimal,231,231,1.1,pass,157.5684869,157.5684869,157.5684869,157.5684869
diverse_rec,movielens_sample20of200_lambda0,20,20,1000,1,1,21,164.2238034,164.2238034,164.2238034,164.2238034,164.2238034,2,164.2238034,104.7618418,11.64182753,70.59245159,137.5589428,164.2238034,1,0.110,0.0145,35.879,164.2238034,164.2238034,328.4476068,164.2238034,164.2238034,20,20,1,0,164.2238034,164.2238034,164.2238034,164.2238034,6.283,0.287,0.008,0.037,164.2238034,0.022,41.264,164.2238034,164.2238034,164.2238034,1,6.655316458,3.971,164.2238034,164.2238034,optimal,232,231,1.9,pass,164.2238034,164.2238034,164.2238034,164.2238034
diverse_rec,movielens_sample20of200_lambda0,20,1,1000,2,1,2,9.507074946,9.507074946,160.3721489,9.507074946,9.507074946,0,9.507074946,9.507074946,0,9.507074946,9.507074946,9.507074946,1,0.026,0.0005,29.358,9.507074946,160.3721489,320.7442977,160.3721489,160.3721489,20,20,1,0,160.3721489,160.3721489,160.3721489,-inf,2.724,0.293,0.008,0.036,9.507074946,0.021,40.831,9.507074946,9.507074946,9.507074946,1,6.46416669,2.255,9.507074946,9.507074946,optimal,42,60,0.6,pass,9.507074946,9.507074946,9.507074946,9.507074946
diverse_rec,movielens_sample20of200_lambda0,20,2,1000,2,1,3,18.98571089,18.98571089,160.3721489,18.98571089,18.98571089,0,18.98571089,18.72246763,0.2747180213,18.4221308,18.98571089,18.98571089,1,0.034,0.0008,29.358,18.98571089,160.3721489,320.7442977,160.3721489,160.3721489,20,20,1,0,160.3721489,160.3721489,160.3721489,-inf,2.724,0.288,0.008,0.036,18.98571089,0.021,40.831,18.98571089,18.98571089,18.98571089,1,6.46416669,2.255,18.98571089,18.98571089,optimal,61,78,1.4,pass,18.98571089,18.98571089,18.98571089,18.98571089
diverse_rec,movielens_sample20of200_lambda0,20,3,1000,2,1,4,27.92920575,27.92920575,160.3721489,27.92920575,27.92920575,0,27.92920575,27.54354526,0.337186217,26.65492217,27.92920575,27.92920575,1,0.042,0.0012,29.358,27.92920575,160.3721489,320.7442977,160.3721489,160.3721489,20,20,1,0,160.3721489,160.3721489,160.3721489,-inf,2.724,0.287,0.008,0.036,27.92920575,0.021,40.831,27.92920575,27.92920575,27.92920575,1,6.46416669,2.255,27.92920575,27.92920575,optimal,79,95,0.7,pass,27.92920575,27.92920575,27.92920575,27.92920575
diverse_rec,movielens_sample20of200_lambda0,20,4,1000,2,1,5,36.78929933,36.78929933,160.3721489,36.78929933,36.78929933,0,36.78929933,36.04148647,0.5548728902,34.44578316,36.78929933,36.78929933,1,0.052,0.0016,29.358,36.78929933,160.3721489,320.7442977,160.3721489,160.3721489,20,20,1,0,160.3721489,160.3721489,160.3721489,-inf,2.724,0.288,0.008,0.036,36.78929933,0.021,40.831,36.78929933,36.78929933,36.78929933,1,6.46416669,2.255,36.78929933,36.78929933,optimal,96,111,0.7,pass,36.78929933,36.78929933,36.78929933,36.78929933
diverse_rec,movielens_sample20of200_lambda0,20,5,1000,2,1,6,45.64063306,45.64063306,160.3721489,45.64063306,45.64063306,0,45.64063306,44.35161226,0.6568275384,42.12254719,45.64063306,45.64063306,1,0.059,0.0021,29.358,45.64063306,160.3721489,320.7442977,160.3721489,160.3721489,20,20,1,0,160.3721489,160.3721489,160.3721489,-inf,2.724,0.303,0.008,0.036,45.64063306,0.021,40.831,45.64063306,45.64063306,45.64063306,1,6.46416669,2.255,45.64063306,45.64063306,optimal,112,126,0.7,pass,45.64063306,45.64063306,45.64063306,45.64063306
diverse_rec,movielens_sample20of200_lambda0,20,6,1000,2,1,7,54.03578455,54.03578455,160.3721489,54.03578455,54.03578455,0,54.03578455,52.39096518,0.8214671134,49.55571206,54.03578455,54.03578455,1,0.064,0.0027,29.358,54.03578455,160.3721489,320.7442977,160.3721489,160.3721489,20,20,1,0,160.3721489,160.3721489,160.3721489,-inf,2.724,0.292,0.008,0.036,54.03578455,0.021,40.831,54.03578455,54.03578455,54.03578455,1,6.46416669,2.255,54.03578455,54.03578455,optimal,127,140,1.9,pass,54.03578455,54.03578455,54.03578455,54.03578455
diverse_rec,movielens_sample20of200_lambda0,20,7,1000,2,1,8,62.3749889,62.3749889,160.3721489,62.3749889,62.3749889,0,62.3749889,60.30425448,0.9776839042,56.74488563,62.3749889,62.3749889,1,0.070,0.0049,29.358,62.3749889,160.3721489,320.7442977,160.3721489,160.3721489,20,20,1,0,160.3721489,160.3721489,160.3721489,-inf,2.724,0.293,0.008,0.036,62.3749889,0.021,40.831,62.3749889,62.3749889,62.3749889,1,6.46416669,2.255,62.3749889,62.3749889,optimal,141,153,0.8,pass,62.3749889,62.3749889,62.3749889,62.3749889
diverse_rec,movielens_sample20of200_lambda0,20,8,1000,2,1,9,70.65930053,70.65930053,160.3721489,70.65930053,70.65930053,0,70.65930053,68.02235989,1.154568704,64.47926919,70.65930053,70.65930053,1,0.075,0.0057,29.358,70.65930053,160.3721489,320.7442977,160.3721489,160.3721489,20,20,1,0,160.3721489,160.3721489,160.3721489,-inf,2.724,0.292,0.008,0.036,70.65930053,0.021,40.831,70.65930053,70.65930053,70.65930053,1,6.46416669,2.255,70.65930053,70.65930053,optimal,154,165,0.8,pass,70.65930053,70.65930053,70.65930053,70.65930053
diverse_rec,movielens_sample20of200_lambda0,20,9,1000,2,1,10,78.90308667,78.90308667,160.3721489,78.90308667,78.90308667,0,78.90308667,75.51637152,1.249615263,71.11173189,78.63018687,78.90308667,1,0.079,0.0055,29.358,78.90308667,160.3721489,320.7442977,160.3721489,160.3721489,20,20,1,0,160.3721489,160.3721489,160.3721489,-inf,2.724,0.275,0.008,0.036,78.90308667,0.021,40.831,78.90308667,78.90308667,78.90308667,1,6.46416669,2.255,78.90308667,78.90308667,optimal,166,176,0.8,pass,78.90308667,78.90308667,78.90308667,78.90308667
diverse_rec,movielens_sample20of200_lambda0,20,10,1000,2,1,11,86.87397301,86.87397301,160.3721489,86.87397301,86.87397301,0,86.87397301,82.97370682,1.404167521,78.96135478,86.60438961,86.87397301,1,0.083,0.0075,29.358,86.87397301,160.3721489,320.7442977,160.3721489,160.3721489,20,20,1,0,160.3721489,160.3721489,160.3721489,-inf,2.724,0.292,0.008,0.036,86.87397301,0.021,40.831,86.87397301,86.87397301,86.87397301,1,6.46416669,2.255,86.87397301,86.87397301,optimal,177,186,0.9,pass,86.87397301,86.87397301,86.87397301,86.87397301
diverse_rec,movielens_sample20of200_lambda0,20,11,1000,2,1,12,94.68421575,94.68421575,160.3721489,94.68421575,94.68421575,0,94.68421575,89.42496769,2.828584653,78.23186996,94.26596126,94.68421575,1,0.089,0.0065,29.358,94.68421575,160.3721489,320.7442977,160.3721489,160.3721489,20,20,1,0,160.3721489,160.3721489,160.3721489,-inf,2.724,0.307,0.008,0.036,94.68421575,0.021,40.831,94.68421575,94.68421575,94.68421575,1,6.46416669,2.255,94.68421575,94.68421575,optimal,187,195,2.3,pass,94.68421575,94.68421575,94.68421575,94.68421575
diverse_rec,movielens_sample20of200_lambda0,20,12,1000,2,1,13,102.3855187,102.3855187,160.3721489,102.3855187,102.3855187,0,102.3855187,93.69730395,4.80503035,78.88611405,101.6987259,102.3855187,1,0.092,0.0109,29.358,102.3855187,160.3721489,320.7442977,160.3721489,160.3721489,20,20,1,0,160.3721489,160.3721489,160.3721489,-inf,2.724,0.293,0.008,0.036,102.3855187,0.021,40.831,102.3855187,102.3855187,102.3855187,1,6.46416669,2.255,102.3855187,102.3855187,optimal,196,203,0.9,pass,102.3855187,102.3855187,102.3855187,102.3855187
diverse_rec,movielens_sample20of200_lambda0,20,13,1000,2,1,14,110.0283277,110.0283277,160.3721489,110.0283277,110.0283277,0,110.0283277,97.02108436,6.520416189,77.14684628,109.1336321,110.0283277,1,0.095,0.0168,29.358,110.0283277,160.3721489,320.7442977,160.3721489,160.3721489,20,20,1,0,160.3721489,160.3721489,160.3721489,-inf,2.724,0.292,0.008,0.036,110.0283277,0.021,40.831,110.0283277,110.0283277,110.0283277,1,6.46416669,2.255,110.0283277,110.0283277,optimal,204,210,3.0,pass,110.0283277,110.0283277,110.0283277,110.0283277
diverse_rec,movielens_sample20of200_lambda0,20,14,1000,2,1,15,117.6258465,117.6258465,160.3721489,117.6258465,117.6258465,0,117.6258465,99.00739602,7.687347937,77.7846548,117.1040504,117.6258465,1,0.098,0.0150,29.358,117.6258465,160.3721489,320.7442977,160.3721489,160.3721489,20,20,1,0,160.3721489,160.3721489,160.3721489,-inf,2.724,0.310,0.008,0.036,117.6258465,0.021,40.831,117.6258465,117.6258465,117.6258465,1,6.46416669,2.255,117.6258465,117.6258465,optimal,211,216,0.9,pass,117.6258465,117.6258465,117.6258465,117.6258465
diverse_rec,movielens_sample20of200_lambda0,20,15,1000,2,1,16,125.1784783,125.1784783,160.3721489,125.1784783,125.1784783,0,125.1784783,100.502864,8.623209423,70.19083011,124.3623729,125.1784783,1,0.100,0.0112,29.358,125.1784783,160.3721489,320.7442977,160.3721489,160.3721489,20,20,1,0,160.3721489,160.3721489,160.3721489,-inf,2.724,0.318,0.008,0.036,125.1784783,0.021,40.831,125.1784783,125.1784783,125.1784783,1,6.46416669,2.255,125.1784783,125.1784783,optimal,217,221,1.0,pass,125.1784783,125.1784783,125.1784783,125.1784783
diverse_rec,movielens_sample20of200_lambda0,20,16,1000,2,1,17,132.5680944,132.5680944,160.3721489,132.5680944,132.5680944,0,132.5680944,101.2929382,9.530497262,65.16128153,130.540265,132.5680944,1,0.103,0.0207,29.358,132.5680944,160.3721489,320.7442977,160.3721489,160.3721489,20,20,1,0,160.3721489,160.3721489,160.3721489,-inf,2.724,0.335,0.008,0.036,132.5680944,0.021,40.831,132.5680944,132.5680944,132.5680944,1,6.46416669,2.255,132.5680944,132.5680944,optimal,222,225,1.0,pass,132.5680944,132.5680944,132.5680944,132.5680944
diverse_rec,movielens_sample20of200_lambda0,20,17,1000,2,1,18,139.9153788,139.9153788,160.3721489,139.9153788,139.9153788,0,139.9153788,102.5103018,9.840168772,71.34395952,134.4074615,139.9153788,1,0.106,0.0108,29.358,139.9153788,160.3721489,320.7442977,160.3721489,160.3721489,20,20,1,0,160.3721489,160.3721489,160.3721489,-inf,2.724,0.331,0.008,0.036,139.9153788,0.021,40.831,139.9153788,139.9153788,139.9153788,1,6.46416669,2.255,139.9153788,139.9153788,optimal,226,228,3.3,pass,139.9153788,139.9153788,139.9153788,139.9153788
diverse_rec,movielens_sample20of200_lambda0,20,18,1000,2,1,19,147.0812787,147.0812787,160.3721489,147.0812787,147.0812787,0,147.0812787,102.7709443,10.78926542,70.62860631,131.3979704,147.0812787,1,0.108,0.0119,29.358,147.0812787,160.3721489,320.7442977,160.3721489,160.3721489,20,20,1,0,160.3721489,160.3721489,160.3721489,-inf,2.724,0.334,0.008,0.036,147.0812787,0.021,40.831,147.0812787,147.0812787,147.0812787,1,6.46416669,2.255,147.0812787,147.0812787,optimal,229,230,2.6,pass,147.0812787,147.0812787,147.0812787,147.0812787
diverse_rec,movielens_sample20of200_lambda0,20,19,1000,2,1,20,153.9079822,153.9079822,160.3721489,153.9079822,153.9079822,0,153.9079822,102.5847933,10.78113384,64.95179573,137.5049381,153.9079822,1,0.110,0.0136,29.358,153.9079822,160.3721489,320.7442977,160.3721489,160.3721489,20,20,1,0,160.3721489,160.3721489,160.3721489,-inf,2.724,0.329,0.008,0.036,153.9079822,0.021,40.831,153.9079822,153.9079822,153.9079822,1,6.46416669,2.255,153.9079822,153.9079822,optimal,231,231,1.0,pass,153.9079822,153.9079822,153.9079822,153.9079822
diverse_rec,movielens_sample20of200_lambda0,20,20,1000,2,1,21,160.3721489,160.3721489,160.3721489,160.3721489,160.3721489,0,160.3721489,102.8451022,11.95188899,65.30828323,145.4722326,160.3721489,1,0.111,0.0121,29.358,160.3721489,160.3721489,320.7442977,160.3721489,160.3721489,20,20,1,0,160.3721489,160.3721489,160.3721489,160.3721489,2.724,0.295,0.008,0.036,160.3721489,0.021,40.831,160.3721489,160.3721489,160.3721489,1,6.46416669,2.255,160.3721489,160.3721489,optimal,232,231,0.8,pass,160.3721489,160.3721489,160.3721489,160.3721489
diverse_rec,movielens_sample20of200_lambda0,20,1,1000,3,1,2,9.244091739,9.244091739,157.4958794,9.244091739,9.244091739,0,9.244091739,9.244091739,0,9.244091739,9.244091739,9.244091739,1,0.024,0.0007,34.833,9.244091739,157.4958794,314.9917589,157.4958794,157.4958794,20,20,1,0,157.4958794,157.4958794,157.4958794,-inf,13.499,0.309,0.007,0.041,9.244091739,0.021,40.667,9.244091739,9.244091739,9.244091739,1,6.727611612,29.484,9.244091739,9.244091739,optimal,42,60,0.6,pass,9.244091739,9.244091739,9.244091739,9.244091739
diverse_rec,movielens_sample20of200_lambda0,20,2,1000,3,1,3,17.84457711,17.84457711,157.4958794,17.84457711,17.84457711,0,17.84457711,17.61692046,0.3216026074,17.08057355,17.84457711,17.84457711,1,0.033,0.0008,34.833,17.84457711,157.4958794,314.9917589,157.4958794,157.4958794,20,20,1,0,157.4958794,157.4958794,157.4958794,-inf,13.499,0.318,0.007,0.041,17.84457711,0.021,40.667,17.84457711,17.84457711,17.84457711,1,6.727611612,29.484,17.84457711,17.84457711,optimal,61,78,0.6,pass,17.84457711,17.84457711,17.84457711,17.84457711
diverse_rec,movielens_sample20of200_lambda0,20,3,1000,3,1,4,26.32466529,26.32466529,157.4958794,26.32466529,26.32466529,0,26.32466529,25.89245862,0.4035754428,25.04307574,26.32466529,26.32466529,1,0.041,0.0012,34.833,26.32466529,157.4958794,314.9917589,157.4958794,157.4958794,20,20,1,0,157.4958794,157.4958794,157.4958794,-inf,13.499,0.304,0.007,0.041,26.32466529,0.021,40.667,26.32466529,26.32466529,26.32466529,1,6.727611612,29.484,26.32466529,26.32466529,optimal,79,95,0.6,pass,26.32466529,26.32466529,26.32466529,26.32466529
diverse_rec,movielens_sample20of200_lambda0,20,4,1000,3,1,5,34.62498615,34.62498615,157.4958794,34.62498615,34.62498615,0,34.62498615,34.02580067,0.5000604342,32.68760053,34.62498615,34.62498615,1,0.048,0.0016,34.833,34.62498615,157.4958794,314.9917589,157.4958794,157.4958794,20,20,1,0,157.4958794,157.4958794,157.4958794,-inf,13.499,0.315,0.007,0.041,34.62498615,0.021,40.667,34.62498615,34.62498615,34.62498615,1,6.727611612,29.484,34.62498615,34.62498615,optimal,96,111,0.7,pass,34.62498615,34.62498615,34.62498615,34.62498615
diverse_rec,movielens_sample20of200_lambda0,20,5,1000,3,1,6,42.88765285,42.88765285,157.4958794,42.88765285,42.88765285,0,42.88765285,41.97833892,0.6037607799,40.22980785,42.88765285,42.88765285,1,0.055,0.0022,34.833,42.88765285,157.4958794,314.9917589,157.4958794,157.4958794,20,20,1,0,157.4958794,157.4958794,157.4958794,-inf,13.499,0.277,0.007,0.041,42.88765285,0.021,40.667,42.88765285,42.88765285,42.88765285,1,6.727611612,29.484,42.88765285,42.88765285,optimal,112,126,0.7,pass,42.88765285,42.88765285,42.88765285,42.88765285
diverse_rec,movielens_sample20of200_lambda0,20,6,1000,3,1,7,51.10512317,51.10512317,157.4958794,51.10512317,51.10512317,0,51.10512317,49.81871699,0.6643266639,47.54842089,51.10512317,51.10512317,1,0.061,0.0048,34.833,51.10512317,157.4958794,314.9917589,157.4958794,157.4958794,20,20,1,0,157.4958794,157.4958794,157.4958794,-inf,13.499,0.309,0.007,0.041,51.10512317,0.021,40.667,51.10512317,51.10512317,51.10512317,1,6.727611612,29.484,51.10512317,51.10512317,optimal,127,140,0.7,pass,51.10512317,51.10512317,51.10512317,51.10512317
diverse_rec,movielens_sample20of200_lambda0,20,7,1000,3,1,8,59.01226582,59.01226582,157.4958794,59.01226582,59.01226582,0,59.01226582,57.55940852,0.7311311682,55.43349121,59.01226582,59.01226582,1,0.066,0.0031,34.833,59.01226582,157.4958794,314.9917589,157.4958794,157.4958794,20,20,1,0,157.4958794,157.4958794,157.4958794,-inf,13.499,0.301,0.007,0.041,59.01226582,0.021,40.667,59.01226582,59.01226582,59.01226582,1,6.727611612,29.484,59.01226582,59.01226582,optimal,141,153,1.7,pass,59.01226582,59.01226582,59.01226582,59.01226582
diverse_rec,movielens_sample20of200_lambda0,20,8,1000,3,1,9,66.90213789,66.90213789,157.4958794,66.90213789,66.90213789,0,66.90213789,65.23990056,0.7768414497,62.87376813,66.90213789,66.90213789,1,0.073,0.0052,34.833,66.90213789,157.4958794,314.9917589,157.4958794,157.4958794,20,20,1,0,157.4958794,157.4958794,157.4958794,-inf,13.499,0.305,0.007,0.041,66.90213789,0.021,40.667,66.90213789,66.90213789,66.90213789,1,6.727611612,29.484,66.90213789,66.90213789,optimal,154,165,0.8,pass,66.90213789,66.90213789,66.90213789,66.90213789
diverse_rec,movielens_sample20of200_lambda0,20,9,1000,3,1,10,74.77194346,74.77194346,157.4958794,74.77194346,74.77194346,0,74.77194346,72.95882812,0.8567411208,70.51787076,74.77194346,74.77194346,1,0.078,0.0060,34.833,74.77194346,157.4958794,314.9917589,157.4958794,157.4958794,20,20,1,0,157.4958794,157.4958794,157.4958794,-inf,13.499,0.315,0.007,0.041,74.77194346,0.021,40.667,74.77194346,74.77194346,74.77194346,1,6.727611612,29.484,74.77194346,74.77194346,optimal,166,176,0.8,pass,74.77194346,74.77194346,74.77194346,74.77194346
diverse_rec,movielens_sample20of200_lambda0,20,10,1000,3,1,11,82.62266917,82.62266917,157.4958794,82.62266917,82.62266917,0,82.62266917,80.48654383,0.9074800068,77.40107765,82.62266917,82.62266917,1,0.082,0.0075,34.833,82.62266917,157.4958794,314.9917589,157.4958794,157.4958794,20,20,1,0,157.4958794,157.4958794,157.4958794,-inf,13.499,0.306,0.007,0.041,82.62266917,0.021,40.667,82.62266917,82.62266917,82.62266917,1,6.727611612,29.484,82.62266917,82.62266917,optimal,177,186,0.9,pass,82.62266917,82.62266917,82.62266917,82.62266917
diverse_rec,movielens_sample20of200_lambda0,20,11,1000,3,1,12,90.43607374,90.43607374,157.4958794,90.43607374,90.43607374,0,90.43607374,87.23271489,2.326816004,77.45429613,90.25557663,90.43607374,1,0.086,0.0122,34.833,90.43607374,157.4958794,314.9917589,157.4958794,157.4958794,20,20,1,0,157.4958794,157.4958794,157.4958794,-inf,13.499,0.299,0.007,0.041,90.43607374,0.021,40.667,90.43607374,90.43607374,90.43607374,1,6.727611612,29.484,90.43607374,90.43607374,optimal,187,195,1.9,pass,90.43607374,90.43607374,90.43607374,90.43607374
diverse_rec,movielens_sample20of200_lambda0,20,12,1000,3,1,13,98.1019851,98.1019851,157.4958794,98.1019851,98.1019851,0,98.1019851,91.53090845,4.755490001,72.59903617,97.84971722,98.1019851,1,0.092,0.0075,34.833,98.1019851,157.4958794,314.9917589,157.4958794,157.4958794,20,20,1,0,157.4958794,157.4958794,157.4958794,-inf,13.499,0.307,0.007,0.041,98.1019851,0.021,40.667,98.1019851,98.1019851,98.1019851,1,6.727611612,29.484,98.1019851,98.1019851,optimal,196,203,1.6,pass,98.1019851,98.1019851,98.1019851,98.1019851
diverse_rec,movielens_sample20of200_lambda0,20,13,1000,3,1,14,105.761421,105.761421,157.4958794,105.761421,105.761421,0,105.761421,94.70307546,6.291347543,71.12657514,105.639435,105.761421,1,0.095,0.0117,34.833,105.761421,157.4958794,314.9917589,157.4958794,157.4958794,20,20,1,0,157.4958794,157.4958794,157.4958794,-inf,13.499,0.329,0.007,0.041,105.761421,0.021,40.667,105.761421,105.761421,105.761421,1,6.727611612,29.484,105.761421,105.761421,optimal,204,210,0.9,pass,105.761421,105.761421,105.761421,105.761421
diverse_rec,movielens_sample20of200_lambda0,20,14,1000,3,1,15,113.4097197,113.4097197,157.4958794,113.4097197,113.4097197,0,113.4097197,96.69813104,7.480238975,76.3473622,113.1667689,113.4097197,1,0.098,0.0110,34.833,113.4097197,157.4958794,314.9917589,157.4958794,157.4958794,20,20,1,0,157.4958794,157.4958794,157.4958794,-inf,13.499,0.323,0.007,0.041,113.4097197,0.021,40.667,113.4097197,113.4097197,113.4097197,1,6.727611612,29.484,113.4097197,113.4097197,optimal,211,216,1.0,pass,113.4097197,113.4097197,113.4097197,113.4097197
diverse_rec,movielens_sample20of200_lambda0,20,15,1000,3,1,16,121.0426272,121.0426272,157.4958794,121.0426272,121.0426272,0,121.0426272,98.70644996,8.380276972,71.36230115,120.8233632,121.0426272,1,0.100,0.0091,34.833,121.0426272,157.4958794,314.9917589,157.4958794,157.4958794,20,20,1,0,157.4958794,157.4958794,157.4958794,-inf,13.499,0.333,0.007,0.041,121.0426272,0.021,40.667,121.0426272,121.0426272,121.0426272,1,6.727611612,29.484,121.0426272,121.0426272,optimal,217,221,1.6,pass,121.0426272,121.0426272,121.0426272,121.0426272
diverse_rec,movielens_sample20of200_lambda0,20,16,1000,3,1,17,128.6740889,128.6740889,157.4958794,128.6740889,128.6740889,0,128.6740889,99.95075063,9.112408545,71.14850829,127.4340396,128.6740889,1,0.102,0.0101,34.833,128.6740889,157.4958794,314.9917589,157.4958794,157.4958794,20,20,1,0,157.4958794,157.4958794,157.4958794,-inf,13.499,0.313,0.007,0.041,128.6740889,0.021,40.667,128.6740889,128.6740889,128.6740889,1,6.727611612,29.484,128.6740889,128.6740889,optimal,222,225,1.0,pass,128.6740889,128.6740889,128.6740889,128.6740889
diverse_rec,movielens_sample20of200_lambda0,20,17,1000,3,1,18,136.2618694,136.2618694,157.4958794,136.2618694,136.2618694,0,136.2618694,100.2902426,9.862677599,68.95563833,126.8105271,136.2618694,1,0.105,0.0124,34.833,136.2618694,157.4958794,314.9917589,157.4958794,157.4958794,20,20,1,0,157.4958794,157.4958794,157.4958794,-inf,13.499,0.336,0.007,0.041,136.2618694,0.021,40.667,136.2618694,136.2618694,136.2618694,1,6.727611612,29.484,136.2618694,136.2618694,optimal,226,228,1.0,pass,136.2618694,136.2618694,136.2618694,136.2618694
diverse_rec,movielens_sample20of200_lambda0,20,18,1000,3,1,19,143.8323232,143.8323232,157.4958794,143.8323232,143.8323232,0,143.8323232,101.2833067,10.12783428,69.34939702,127.1867408,143.8323232,1,0.106,0.0119,34.833,143.8323232,157.4958794,314.9917589,157.4958794,157.4958794,20,20,1,0,157.4958794,157.4958794,157.4958794,-inf,13.499,0.325,0.007,0.041,143.8323232,0.021,40.667,143.8323232,143.8323232,143.8323232,1,6.727611612,29.484,143.8323232,143.8323232,optimal,229,230,1.0,pass,143.8323232,143.8323232,143.8323232,143.8323232
diverse_rec,movielens_sample20of200_lambda0,20,19,1000,3,1,20,150.7682678,150.7682678,157.4958794,150.7682678,150.7682678,0,150.7682678,100.8373449,10.45114811,64.34376562,135.2670005,150.7682678,1,0.108,0.0123,34.833,150.7682678,157.4958794,314.9917589,157.4958794,157.4958794,20,20,1,0,157.4958794,157.4958794,157.4958794,-inf,13.499,0.346,0.007,0.041,150.7682678,0.021,40.667,150.7682678,150.7682678,150.7682678,1,6.727611612,29.484,150.7682678,150.7682678,optimal,231,231,3.1,pass,150.7682678,150.7682678,150.7682678,150.7682678
diverse_rec,movielens_sample20of200_lambda0,20,20,1000,3,1,21,157.4958794,157.4958794,157.4958794,157.4958794,157.4958794,0,157.4958794,101.269505,10.99948467,69.20443629,134.6809919,157.4958794,1,0.109,0.0128,34.833,157.4958794,157.4958794,314.9917589,157.4958794,157.4958794,20,20,1,0,157.4958794,157.4958794,157.4958794,157.4958794,13.499,0.305,0.007,0.041,157.4958794,0.021,40.667,157.4958794,157.4958794,157.4958794,1,6.727611612,29.484,157.4958794,157.4958794,optimal,232,231,1.9,pass,157.4958794,157.4958794,157.4958794,157.4958794
diverse_rec,movielens_sample20of200_lambda0,20,1,1000,4,1,2,9.433471541,9.433471541,171.2115117,9.433471541,9.433471541,0,9.433471541,9.433471541,0,9.433471541,9.433471541,9.433471541,1,0.024,0.0010,25.497,9.433471541,171.2115117,342.4230233,171.2115117,171.2115117,20,20,1,0,171.2115117,171.2115117,171.2115117,-inf,5.930,0.262,0.008,0.039,9.433471541,0.018,35.101,9.433471541,9.433471541,9.433471541,1,7.405558087,2.003,9.433471541,9.433471541,optimal,42,60,1.5,pass,9.433471541,9.433471541,9.433471541,9.433471541
diverse_rec,movielens_sample20of200_lambda0,20,2,1000,4,1,3,18.82276312,18.82276312,171.2115117,18.82276312,18.82276312,0,18.82276312,18.77307986,0.05308460791,18.69857446,18.82276312,18.82276312,1,0.033,0.0009,25.497,18.82276312,171.2115117,342.4230233,171.2115117,171.2115117,20,20,1,0,171.2115117,171.2115117,171.2115117,-inf,5.930,0.284,0.008,0.039,18.82276312,0.018,35.101,18.82276312,18.82276312,18.82276312,1,7.405558087,2.003,18.82276312,18.82276312,optimal,61,78,1.5,pass,18.82276312,18.82276312,18.82276312,18.82276312
diverse_rec,movielens_sample20of200_lambda0,20,3,1000,4,1,4,28.13204601,28.13204601,171.2115117,28.13204601,28.13204601,0,28.13204601,27.84268812,0.2255261067,27.35706651,28.13204601,28.13204601,1,0.041,0.0012,25.497,28.13204601,171.2115117,342.4230233,171.2115117,171.2115117,20,20,1,0,171.2115117,171.2115117,171.2115117,-inf,5.930,0.290,0.008,0.039,28.13204601,0.018,35.101,28.13204601,28.13204601,28.13204601,1,7.405558087,2.003,28.13204601,28.13204601,optimal,79,95,0.6,pass,28.13204601,28.13204601,28.13204601,28.13204601
diverse_rec,movielens_sample20of200_lambda0,20,4,1000,4,1,5,37.28826254,37.28826254,171.2115117,37.28826254,37.28826254,0,37.28826254,36.70025622,0.3086616087,35.73596873,37.28826254,37.28826254,1,0.048,0.0022,25.497,37.28826254,171.2115117,342.4230233,171.2115117,171.2115117,20,20,1,0,171.2115117,171.2115117,171.2115117,-inf,5.930,0.283,0.008,0.039,37.28826254,0.018,35.101,37.28826254,37.28826254,37.28826254,1,7.405558087,2.003,37.28826254,37.28826254,optimal,96,111,0.7,pass,37.28826254,37.28826254,37.28826254,37.28826254
diverse_rec,movielens_sample20of200_lambda0,20,5,1000,4,1,6,46.17982962,46.17982962,171.2115117,46.17982962,46.17982962,0,46.17982962,45.49975661,0.37905367,44.12887093,46.17982962,46.17982962,1,0.055,0.0036,25.497,46.17982962,171.2115117,342.4230233,171.2115117,171.2115117,20,20,1,0,171.2115117,171.2115117,171.2115117,-inf,5.930,0.289,0.008,0.039,46.17982962,0.018,35.101,46.17982962,46.17982962,46.17982962,1,7.405558087,2.003,46.17982962,46.17982962,optimal,112,126,0.7,pass,46.17982962,46.17982962,46.17982962,46.17982962
diverse_rec,movielens_sample20of200_lambda0,20,6,1000,4,1,7,55.02824629,55.02824629,171.2115117,55.02824629,55.02824629,0,55.02824629,54.22302937,0.4277213142,52.78354252,55.02824629,55.02824629,1,0.061,0.0043,25.497,55.02824629,171.2115117,342.4230233,171.2115117,171.2115117,20,20,1,0,171.2115117,171.2115117,171.2115117,-inf,5.930,0.302,0.008,0.039,55.02824629,0.018,35.101,55.02824629,55.02824629,55.02824629,1,7.405558087,2.003,55.02824629,55.02824629,optimal,127,140,0.7,pass,55.02824629,55.02824629,55.02824629,55.02824629
diverse_rec,movielens_sample20of200_lambda0,20,7,1000,4,1,8,63.86801473,63.86801473,171.2115117,63.86801473,63.86801473,0,63.86801473,62.85160193,0.5096817212,60.99482145,63.86801473,63.86801473,1,0.066,0.0040,25.497,63.86801473,171.2115117,342.4230233,171.2115117,171.2115117,20,20,1,0,171.2115117,171.2115117,171.2115117,-inf,5.930,0.295,0.008,0.039,63.86801473,0.018,35.101,63.86801473,63.86801473,63.86801473,1,7.405558087,2.003,63.86801473,63.86801473,optimal,141,153,0.8,pass,63.86801473,63.86801473,63.86801473,63.86801473
diverse_rec,movielens_sample20of200_lambda0,20,8,1000,4,1,9,72.66120554,72.66120554,171.2115117,72.66120554,72.66120554,0,72.66120554,71.39341692,0.5998962144,69.74420472,72.66120554,72.66120554,1,0.073,0.0052,25.497,72.66120554,171.2115117,342.4230233,171.2115117,171.2115117,20,20,1,0,171.2115117,171.2115117,171.2115117,-inf,5.930,0.292,0.008,0.039,72.66120554,0.018,35.101,72.66120554,72.66120554,72.66120554,1,7.405558087,2.003,72.66120554,72.66120554,optimal,154,165,0.8,pass,72.66120554,72.66120554,72.66120554,72.66120554
diverse_rec,movielens_sample20of200_lambda0,20,9,1000,4,1,10,81.41713347,81.41713347,171.2115117,81.41713347,81.41713347,0,81.41713347,79.6631115,0.7382908551,76.80159824,81.37903292,81.41713347,1,0.077,0.0058,25.497,81.41713347,171.2115117,342.4230233,171.2115117,171.2115117,20,20,1,0,171.2115117,171.2115117,171.2115117,-inf,5.930,0.313,0.008,0.039,81.41713347,0.018,35.101,81.41713347,81.41713347,81.41713347,1,7.405558087,2.003,81.41713347,81.41713347,optimal,166,176,0.8,pass,81.41713347,81.41713347,81.41713347,81.41713347
diverse_rec,movielens_sample20of200_lambda0,20,10,1000,4,1,11,90.13496085,90.13496085,171.2115117,90.13496085,90.13496085,0,90.13496085,87.77435961,0.923489409,84.74555423,90.10990561,90.13496085,1,0.081,0.0062,25.497,90.13496085,171.2115117,342.4230233,171.2115117,171.2115117,20,20,1,0,171.2115117,171.2115117,171.2115117,-inf,5.930,0.302,0.008,0.039,90.13496085,0.018,35.101,90.13496085,90.13496085,90.13496085,1,7.405558087,2.003,90.13496085,90.13496085,optimal,177,186,1.8,pass,90.13496085,90.13496085,90.13496085,90.13496085
diverse_rec,movielens_sample20of200_lambda0,20,11,1000,4,1,12,98.82773299,98.82773299,171.2115117,98.82773299,98.82773299,0,98.82773299,94.8696086,2.736314577,84.90873412,98.63877722,98.82773299,1,0.085,0.0066,25.497,98.82773299,171.2115117,342.4230233,171.2115117,171.2115117,20,20,1,0,171.2115117,171.2115117,171.2115117,-inf,5.930,0.272,0.008,0.039,98.82773299,0.018,35.101,98.82773299,98.82773299,98.82773299,1,7.405558087,2.003,98.82773299,98.82773299,optimal,187,195,2.1,pass,98.82773299,98.82773299,98.82773299,98.82773299
diverse_rec,movielens_sample20of200_lambda0,20,12,1000,4,1,13,107.3947051,107.3947051,171.2115117,107.3947051,107.3947051,0,107.3947051,99.84933193,5.158197005,84.97563586,106.6078823,107.3947051,1,0.089,0.0083,25.497,107.3947051,171.2115117,342.4230233,171.2115117,171.2115117,20,20,1,0,171.2115117,171.2115117,171.2115117,-inf,5.930,0.310,0.008,0.039,107.3947051,0.018,35.101,107.3947051,107.3947051,107.3947051,1,7.405558087,2.003,107.3947051,107.3947051,optimal,196,203,3.4,pass,107.3947051,107.3947051,107.3947051,107.3947051
diverse_rec,movielens_sample20of200_lambda0,20,13,1000,4,1,14,115.7941022,115.7941022,171.2115117,115.7941022,115.7941022,0,115.7941022,103.4471907,6.739632038,83.69652879,115.0116025,115.7941022,1,0.092,0.0091,25.497,115.7941022,171.2115117,342.4230233,171.2115117,171.2115117,20,20,1,0,171.2115117,171.2115117,171.2115117,-inf,5.930,0.279,0.008,0.039,115.7941022,0.018,35.101,115.7941022,115.7941022,115.7941022,1,7.405558087,2.003,115.7941022,115.7941022,optimal,204,210,0.9,pass,115.7941022,115.7941022,115.7941022,115.7941022
diverse_rec,movielens_sample20of200_lambda0,20,14,1000,4,1,15,124.1647192,124.1647192,171.2115117,124.1647192,124.1647192,0,124.1647192,105.8066986,7.929368231,76.31485868,123.6059984,124.1647192,1,0.095,0.0092,25.497,124.1647192,171.2115117,342.4230233,171.2115117,171.2115117,20,20,1,0,171.2115117,171.2115117,171.2115117,-inf,5.930,0.317,0.008,0.039,124.1647192,0.018,35.101,124.1647192,124.1647192,124.1647192,1,7.405558087,2.003,124.1647192,124.1647192,optimal,211,216,2.4,pass,124.1647192,124.1647192,124.1647192,124.1647192
diverse_rec,movielens_sample20of200_lambda0,20,15,1000,4,1,16,132.4975654,132.4975654,171.2115117,132.4975654,132.4975654,0,132.4975654,107.1029164,9.094529507,74.83965139,131.1532127,132.4975654,1,0.097,0.0113,25.497,132.4975654,171.2115117,342.4230233,171.2115117,171.2115117,20,20,1,0,171.2115117,171.2115117,171.2115117,-inf,5.930,0.292,0.008,0.039,132.4975654,0.018,35.101,132.4975654,132.4975654,132.4975654,1,7.405558087,2.003,132.4975654,132.4975654,optimal,217,221,2.4,pass,132.4975654,132.4975654,132.4975654,132.4975654
diverse_rec,movielens_sample20of200_lambda0,20,16,1000,4,1,17,140.583449,140.583449,171.2115117,140.583449,140.583449,0,140.583449,108.3024761,9.807901117,69.59972401,136.7767857,140.583449,1,0.101,0.0112,25.497,140.583449,171.2115117,342.4230233,171.2115117,171.2115117,20,20,1,0,171.2115117,171.2115117,171.2115117,-inf,5.930,0.319,0.008,0.039,140.583449,0.018,35.101,140.583449,140.583449,140.583449,1,7.405558087,2.003,140.583449,140.583449,optimal,222,225,1.1,pass,140.583449,140.583449,140.583449,140.583449
diverse_rec,movielens_sample20of200_lambda0,20,17,1000,4,1,18,148.3795346,148.3795346,171.2115117,148.3795346,148.3795346,0,148.3795346,108.8862551,10.26329548,75.36647805,137.0693303,148.3795346,1,0.103,0.0114,25.497,148.3795346,171.2115117,342.4230233,171.2115117,171.2115117,20,20,1,0,171.2115117,171.2115117,171.2115117,-inf,5.930,0.321,0.008,0.039,148.3795346,0.018,35.101,148.3795346,148.3795346,148.3795346,1,7.405558087,2.003,148.3795346,148.3795346,optimal,226,228,1.1,pass,148.3795346,148.3795346,148.3795346,148.3795346
diverse_rec,movielens_sample20of200_lambda0,20,18,1000,4,1,19,156.1596839,156.1596839,171.2115117,156.1596839,156.1596839,0,156.1596839,109.5470529,11.25483234,75.93514243,147.1465123,156.1596839,1,0.105,0.0129,25.497,156.1596839,171.2115117,342.4230233,171.2115117,171.2115117,20,20,1,0,171.2115117,171.2115117,171.2115117,-inf,5.930,0.336,0.008,0.039,156.1596839,0.018,35.101,156.1596839,156.1596839,156.1596839,1,7.405558087,2.003,156.1596839,156.1596839,optimal,229,230,2.6,pass,156.1596839,156.1596839,156.1596839,156.1596839
diverse_rec,movielens_sample20of200_lambda0,20,19,1000,4,1,20,163.8059536,163.8059536,171.2115117,163.8059536,163.8059536,0,163.8059536,109.8598017,11.58811986,75.30655631,146.4107872,163.8059536,1,0.107,0.0154,25.497,163.8059536,171.2115117,342.4230233,171.2115117,171.2115117,20,20,1,0,171.2115117,171.2115117,171.2115117,-inf,5.930,0.304,0.008,0.039,163.8059536,0.018,35.101,163.8059536,163.8059536,163.8059536,1,7.405558087,2.003,163.8059536,163.8059536,optimal,231,231,2.6,pass,163.8059536,163.8059536,163.8059536,163.8059536
diverse_rec,movielens_sample20of200_lambda0,20,20,1000,4,1,21,171.2115117,171.2115117,171.2115117,171.2115117,171.2115117,5,171.2115117,110.2381256,12.37307377,68.55552714,147.0799614,171.2115117,1,0.108,0.0129,25.497,171.2115117,171.2115117,342.4230233,171.2115117,171.2115117,20,20,1,0,171.2115117,171.2115117,171.2115117,171.2115117,5.930,0.301,0.008,0.039,171.2115117,0.018,35.101,171.2115117,171.2115117,171.2115117,1,7.405558087,2.003,171.2115117,171.2115117,optimal,232,231,0.8,pass,171.2115117,171.2115117,171.2115117,171.2115117
diverse_rec,movielens_sample20of200_lambda0,20,1,1000,5,1,2,9.410784322,9.410784322,165.513298,9.410784322,9.410784322,0,9.410784322,9.410784322,8.310685397e-07,9.410784322,9.410784322,9.410784322,1,0.040,0.0005,29.208,9.410784322,165.513298,331.0265961,165.513298,165.513298,20,20,1,0,165.513298,165.513298,165.513298,-inf,11.548,0.286,0.009,0.042,9.410784322,0.018,41.327,9.410784322,9.410784322,9.410784322,1,7.144530705,2.451,9.410784322,9.410784322,optimal,42,60,0.6,pass,9.410784322,9.410784322,9.410784322,9.410784322
diverse_rec,movielens_sample20of200_lambda0,20,2,1000,5,1,3,18.65918354,18.65918354,165.513298,18.65918354,18.65918354,0,18.65918354,18.58276067,0.09353319084,18.42749739,18.65918354,18.65918354,1,0.053,0.0008,29.208,18.65918354,165.513298,331.0265961,165.513298,165.513298,20,20,1,0,165.513298,165.513298,165.513298,-inf,11.548,0.271,0.009,0.042,18.65918354,0.018,41.327,18.65918354,18.65918354,18.65918354,1,7.144530705,2.451,18.65918354,18.65918354,optimal,61,78,0.6,pass,18.65918354,18.65918354,18.65918354,18.65918354
diverse_rec,movielens_sample20of200_lambda0,20,3,1000,5,1,4,27.83828171,27.83828171,165.513298,27.83828171,27.83828171,0,27.83828171,27.45490534,0.2643970128,26.8463518,27.83828171,27.83828171,1,0.065,0.0013,29.208,27.83828171,165.513298,331.0265961,165.513298,165.513298,20,20,1,0,165.513298,165.513298,165.513298,-inf,11.548,0.292,0.009,0.042,27.83828171,0.018,41.327,27.83828171,27.83828171,27.83828171,1,7.144530705,2.451,27.83828171,27.83828171,optimal,79,95,0.7,pass,27.83828171,27.83828171,27.83828171,27.83828171
diverse_rec,movielens_sample20of200_lambda0,20,4,1000,5,1,5,36.72792491,36.72792491,165.513298,36.72792491,36.72792491,0,36.72792491,36.19963972,0.3324838449,35.20640461,36.72792491,36.72792491,1,0.076,0.0029,29.208,36.72792491,165.513298,331.0265961,165.513298,165.513298,20,20,1,0,165.513298,165.513298,165.513298,-inf,11.548,0.277,0.009,0.042,36.72792491,0.018,41.327,36.72792491,36.72792491,36.72792491,1,7.144530705,2.451,36.72792491,36.72792491,optimal,96,111,1.0,pass,36.72792491,36.72792491,36.72792491,36.72792491
diverse_rec,movielens_sample20of200_lambda0,20,5,1000,5,1,6,45.50553534,45.50553534,165.513298,45.50553534,45.50553534,0,45.50553534,44.86682809,0.4124168183,43.5618356,45.50553534,45.50553534,1,0.086,0.0024,29.208,45.50553534,165.513298,331.0265961,165.513298,165.513298,20,20,1,0,165.513298,165.513298,165.513298,-inf,11.548,0.291,0.009,0.042,45.50553534,0.018,41.327,45.50553534,45.50553534,45.50553534,1,7.144530705,2.451,45.50553534,45.50553534,optimal,112,126,2.2,pass,45.50553534,45.50553534,45.50553534,45.50553534
diverse_rec,movielens_sample20of200_lambda0,20,6,1000,5,1,7,54.28137416,54.28137416,165.513298,54.28137416,54.28137416,0,54.28137416,53.35062803,0.519819944,51.67376722,54.28137416,54.28137416,1,0.094,0.0031,29.208,54.28137416,165.513298,331.0265961,165.513298,165.513298,20,20,1,0,165.513298,165.513298,165.513298,-inf,11.548,0.265,0.009,0.042,54.28137416,0.018,41.327,54.28137416,54.28137416,54.28137416,1,7.144530705,2.451,54.28137416,54.28137416,optimal,127,140,0.8,pass,54.28137416,54.28137416,54.28137416,54.28137416
diverse_rec,movielens_sample20of200_lambda0,20,7,1000,5,1,8,63.04468632,63.04468632,165.513298,63.04468632,63.04468632,0,63.04468632,61.63848221,0.6663591571,59.15338829,63.04468632,63.04468632,1,0.103,0.0048,29.208,63.04468632,165.513298,331.0265961,165.513298,165.513298,20,20,1,0,165.513298,165.513298,165.513298,-inf,11.548,0.289,0.009,0.042,63.04468632,0.018,41.327,63.04468632,63.04468632,63.04468632,1,7.144530705,2.451,63.04468632,63.04468632,optimal,141,153,0.8,pass,63.04468632,63.04468632,63.04468632,63.04468632
diverse_rec,movielens_sample20of200_lambda0,20,8,1000,5,1,9,71.6911485,71.6911485,165.513298,71.6911485,71.6911485,0,71.6911485,69.65012259,0.8654892833,66.60848644,71.52949395,71.6911485,1,0.126,0.0044,29.208,71.6911485,165.513298,331.0265961,165.513298,165.513298,20,20,1,0,165.513298,165.513298,165.513298,-inf,11.548,0.286,0.009,0.042,71.6911485,0.018,41.327,71.6911485,71.6911485,71.6911485,1,7.144530705,2.451,71.6911485,71.6911485,optimal,154,165,0.8,pass,71.6911485,71.6911485,71.6911485,71.6911485
diverse_rec,movielens_sample20of200_lambda0,20,9,1000,5,1,10,80.17595613,80.17595613,165.513298,80.17595613,80.17595613,0,80.17595613,77.44647298,1.032000338,74.01208657,80.17595613,80.17595613,1,0.133,0.0081,29.208,80.17595613,165.513298,331.0265961,165.513298,165.513298,20,20,1,0,165.513298,165.513298,165.513298,-inf,11.548,0.286,0.009,0.042,80.17595613,0.018,41.327,80.17595613,80.17595613,80.17595613,1,7.144530705,2.451,80.17595613,80.17595613,optimal,166,176,1.9,pass,80.17595613,80.17595613,80.17595613,80.17595613
diverse_rec,movielens_sample20of200_lambda0,20,10,1000,5,1,11,88.56752531,88.56752531,165.513298,88.56752531,88.56752531,0,88.56752531,85.20017926,1.207530583,80.72601258,88.49493059,88.56752531,1,0.140,0.0057,29.208,88.56752531,165.513298,331.0265961,165.513298,165.513298,20,20,1,0,165.513298,165.513298,165.513298,-inf,11.548,0.286,0.009,0.042,88.56752531,0.018,41.327,88.56752531,88.56752531,88.56752531,1,7.144530705,2.451,88.56752531,88.56752531,optimal,177,186,0.8,pass,88.56752531,88.56752531,88.56752531,88.56752531
diverse_rec,movielens_sample20of200_lambda0,20,11,1000,5,1,12,96.88649977,96.88649977,165.513298,96.88649977,96.88649977,0,96.88649977,91.97049585,2.611371882,80.39757321,96.27819384,96.88649977,1,0.145,0.0084,29.208,96.88649977,165.513298,331.0265961,165.513298,165.513298,20,20,1,0,165.513298,165.513298,165.513298,-inf,11.548,0.277,0.009,0.042,96.88649977,0.018,41.327,96.88649977,96.88649977,96.88649977,1,7.144530705,2.451,96.88649977,96.88649977,optimal,187,195,0.9,pass,96.88649977,96.88649977,96.88649977,96.88649977
diverse_rec,movielens_sample20of200_lambda0,20,12,1000,5,1,13,105.0399125,105.0399125,165.513298,105.0399125,105.0399125,0,105.0399125,96.69015054,4.745651565,81.04807053,105.0399125,105.0399125,1,0.150,0.0089,29.208,105.0399125,165.513298,331.0265961,165.513298,165.513298,20,20,1,0,165.513298,165.513298,165.513298,-inf,11.548,0.308,0.009,0.042,105.0399125,0.018,41.327,105.0399125,105.0399125,105.0399125,1,7.144530705,2.451,105.0399125,105.0399125,optimal,196,203,0.9,pass,105.0399125,105.0399125,105.0399125,105.0399125
diverse_rec,movielens_sample20of200_lambda0,20,13,1000,5,1,14,112.8987786,112.8987786,165.513298,112.8987786,112.8987786,0,112.8987786,100.1121099,6.815437964,80.90384826,111.99559,112.8987786,1,0.155,0.0088,29.208,112.8987786,165.513298,331.0265961,165.513298,165.513298,20,20,1,0,165.513298,165.513298,165.513298,-inf,11.548,0.286,0.009,0.042,112.8987786,0.018,41.327,112.8987786,112.8987786,112.8987786,1,7.144530705,2.451,112.8987786,112.8987786,optimal,204,210,0.9,pass,112.8987786,112.8987786,112.8987786,112.8987786
diverse_rec,movielens_sample20of200_lambda0,20,14,1000,5,1,15,120.6820419,120.6820419,165.513298,120.6820419,120.6820419,0,120.6820419,102.0770648,7.711149375,73.77981232,120.5569566,120.6820419,1,0.159,0.0117,29.208,120.6820419,165.513298,331.0265961,165.513298,165.513298,20,20,1,0,165.513298,165.513298,165.513298,-inf,11.548,0.313,0.009,0.042,120.6820419,0.018,41.327,120.6820419,120.6820419,120.6820419,1,7.144530705,2.451,120.6820419,120.6820419,optimal,211,216,1.2,pass,120.6820419,120.6820419,120.6820419,120.6820419
diverse_rec,movielens_sample20of200_lambda0,20,15,1000,5,1,16,128.4158227,128.4158227,165.513298,128.4158227,128.4158227,0,128.4158227,103.8937347,8.803796671,71.73485817,128.0453372,128.4158227,1,0.163,0.0096,29.208,128.4158227,165.513298,331.0265961,165.513298,165.513298,20,20,1,0,165.513298,165.513298,165.513298,-inf,11.548,0.296,0.009,0.042,128.4158227,0.018,41.327,128.4158227,128.4158227,128.4158227,1,7.144530705,2.451,128.4158227,128.4158227,optimal,217,221,0.9,pass,128.4158227,128.4158227,128.4158227,128.4158227
diverse_rec,movielens_sample20of200_lambda0,20,16,1000,5,1,17,136.0211786,136.0211786,165.513298,136.0211786,136.0211786,0,136.0211786,104.9329411,9.821866828,72.65854544,131.7129733,136.0211786,1,0.167,0.0122,29.208,136.0211786,165.513298,331.0265961,165.513298,165.513298,20,20,1,0,165.513298,165.513298,165.513298,-inf,11.548,0.314,0.009,0.042,136.0211786,0.018,41.327,136.0211786,136.0211786,136.0211786,1,7.144530705,2.451,136.0211786,136.0211786,optimal,222,225,1.0,pass,136.0211786,136.0211786,136.0211786,136.0211786
diverse_rec,movielens_sample20of200_lambda0,20,17,1000,5,1,18,143.5592348,143.5592348,165.513298,143.5592348,143.5592348,0,143.5592348,105.6802408,10.22191543,70.9503628,134.0571358,143.5592348,1,0.170,0.0140,29.208,143.5592348,165.513298,331.0265961,165.513298,165.513298,20,20,1,0,165.513298,165.513298,165.513298,-inf,11.548,0.325,0.009,0.042,143.5592348,0.018,41.327,143.5592348,143.5592348,143.5592348,1,7.144530705,2.451,143.5592348,143.5592348,optimal,226,228,6.7,pass,143.5592348,143.5592348,143.5592348,143.5592348
diverse_rec,movielens_sample20of200_lambda0,20,18,1000,5,1,19,151.0476154,151.0476154,165.513298,151.0476154,151.0476154,0,151.0476154,106.694257,10.47577588,66.4208795,142.5078734,151.0476154,1,0.173,0.0119,29.208,151.0476154,165.513298,331.0265961,165.513298,165.513298,20,20,1,0,165.513298,165.513298,165.513298,-inf,11.548,0.297,0.009,0.042,151.0476154,0.018,41.327,151.0476154,151.0476154,151.0476154,1,7.144530705,2.451,151.0476154,151.0476154,optimal,229,230,3.8,pass,151.0476154,151.0476154,151.0476154,151.0476154
diverse_rec,movielens_sample20of200_lambda0,20,19,1000,5,1,20,158.3687673,158.3687673,165.513298,158.3687673,158.3687673,0,158.3687673,106.4898109,11.00927829,74.13970349,140.8804285,158.3687673,1,0.175,0.0153,29.208,158.3687673,165.513298,331.0265961,165.513298,165.513298,20,20,1,0,165.513298,165.513298,165.513298,-inf,11.548,0.329,0.009,0.042,158.3687673,0.018,41.327,158.3687673,158.3687673,158.3687673,1,7.144530705,2.451,158.3687673,158.3687673,optimal,231,231,1.0,pass,158.3687673,158.3687673,158.3687673,158.3687673
diverse_rec,movielens_sample20of200_lambda0,20,20,1000,5,1,21,165.513298,165.513298,165.513298,165.513298,165.513298,8,165.513298,107.0835323,11.68674452,73.46117892,148.8027544,165.513298,1,0.177,0.0157,29.208,165.513298,165.513298,331.0265961,165.513298,165.513298,20,20,1,0,165.513298,165.513298,165.513298,165.513298,11.548,0.278,0.009,0.042,165.513298,0.018,41.327,165.513298,165.513298,165.513298,1,7.144530705,2.451,165.513298,165.513298,optimal,232,231,2.1,pass,165.513298,165.513298,165.513298,165.513298
diverse_rec,movielens_sample20of200_lambda0,20,1,1000,6,1,2,9.66981541,9.66981541,166.4497087,9.66981541,9.66981541,0,9.66981541,9.66981541,0,9.66981541,9.66981541,9.66981541,1,0.031,0.0008,34.923,9.66981541,166.4497087,332.8994174,166.4497087,166.4497087,20,20,1,0,166.4497087,166.4497087,166.4497087,-inf,2.958,0.275,0.008,0.037,9.66981541,0.017,35.828,9.66981541,9.66981541,9.66981541,1,7.063322328,25.526,9.66981541,9.66981541,optimal,42,60,2.2,pass,9.66981541,9.66981541,9.66981541,9.66981541
diverse_rec,movielens_sample20of200_lambda0,20,2,1000,6,1,3,18.87882394,18.87882394,166.4497087,18.87882394,18.87882394,0,18.87882394,18.74615333,0.2105010682,18.38424711,18.87882394,18.87882394,1,0.044,0.0013,34.923,18.87882394,166.4497087,332.8994174,166.4497087,166.4497087,20,20,1,0,166.4497087,166.4497087,166.4497087,-inf,2.958,0.260,0.008,0.037,18.87882394,0.017,35.828,18.87882394,18.87882394,18.87882394,1,7.063322328,25.526,18.87882394,18.87882394,optimal,61,78,0.6,pass,18.87882394,18.87882394,18.87882394,18.87882394
diverse_rec,movielens_sample20of200_lambda0,20,3,1000,6,1,4,28.05406252,28.05406252,166.4497087,28.05406252,28.05406252,0,28.05406252,27.65924308,0.32576924,26.98536953,28.05406252,28.05406252,1,0.073,0.0022,34.923,28.05406252,166.4497087,332.8994174,166.4497087,166.4497087,20,20,1,0,166.4497087,166.4497087,166.4497087,-inf,2.958,0.278,0.008,0.037,28.05406252,0.017,35.828,28.05406252,28.05406252,28.05406252,1,7.063322328,25.526,28.05406252,28.05406252,optimal,79,95,0.6,pass,28.05406252,28.05406252,28.05406252,28.05406252
diverse_rec,movielens_sample20of200_lambda0,20,4,1000,6,1,5,37.00266459,37.00266459,166.4497087,37.00266459,37.00266459,0,37.00266459,36.49730997,0.3662292655,35.4576687,37.00266459,37.00266459,1,0.084,0.0020,34.923,37.00266459,166.4497087,332.8994174,166.4497087,166.4497087,20,20,1,0,166.4497087,166.4497087,166.4497087,-inf,2.958,0.258,0.008,0.037,37.00266459,0.017,35.828,37.00266459,37.00266459,37.00266459,1,7.063322328,25.526,37.00266459,37.00266459,optimal,96,111,0.7,pass,37.00266459,37.00266459,37.00266459,37.00266459
diverse_rec,movielens_sample20of200_lambda0,20,5,1000,6,1,6,45.86419347,45.86419347,166.4497087,45.86419347,45.86419347,0,45.86419347,45.2607929,0.4147969015,44.06887237,45.86419347,45.86419347,1,0.094,0.0022,34.923,45.86419347,166.4497087,332.8994174,166.4497087,166.4497087,20,20,1,0,166.4497087,166.4497087,166.4497087,-inf,2.958,0.286,0.008,0.037,45.86419347,0.017,35.828,45.86419347,45.86419347,45.86419347,1,7.063322328,25.526,45.86419347,45.86419347,optimal,112,126,0.7,pass,45.86419347,45.86419347,45.86419347,45.86419347
diverse_rec,movielens_sample20of200_lambda0,20,6,1000,6,1,7,54.71235275,54.71235275,166.4497087,54.71235275,54.71235275,0,54.71235275,53.84957993,0.5178756599,51.97852737,54.71235275,54.71235275,1,0.103,0.0042,34.923,54.71235275,166.4497087,332.8994174,166.4497087,166.4497087,20,20,1,0,166.4497087,166.4497087,166.4497087,-inf,2.958,0.259,0.008,0.037,54.71235275,0.017,35.828,54.71235275,54.71235275,54.71235275,1,7.063322328,25.526,54.71235275,54.71235275,optimal,127,140,0.8,pass,54.71235275,54.71235275,54.71235275,54.71235275
diverse_rec,movielens_sample20of200_lambda0,20,7,1000,6,1,8,63.51173122,63.51173122,166.4497087,63.51173122,63.51173122,0,63.51173122,62.20126776,0.6840209075,59.8337842,63.51173122,63.51173122,1,0.111,0.0053,34.923,63.51173122,166.4497087,332.8994174,166.4497087,166.4497087,20,20,1,0,166.4497087,166.4497087,166.4497087,-inf,2.958,0.305,0.008,0.037,63.51173122,0.017,35.828,63.51173122,63.51173122,63.51173122,1,7.063322328,25.526,63.51173122,63.51173122,optimal,141,153,0.8,pass,63.51173122,63.51173122,63.51173122,63.51173122
diverse_rec,movielens_sample20of200_lambda0,20,8,1000,6,1,9,72.24181602,72.24181602,166.4497087,72.24181602,72.24181602,0,72.24181602,70.27442463,0.9062160125,67.27110941,72.24181602,72.24181602,1,0.121,0.0051,34.923,72.24181602,166.4497087,332.8994174,166.4497087,166.4497087,20,20,1,0,166.4497087,166.4497087,166.4497087,-inf,2.958,0.269,0.008,0.037,72.24181602,0.017,35.828,72.24181602,72.24181602,72.24181602,1,7.063322328,25.526,72.24181602,72.24181602,optimal,154,165,0.9,pass,72.24181602,72.24181602,72.24181602,72.24181602
diverse_rec,movielens_sample20of200_lambda0,20,9,1000,6,1,10,80.97109417,80.97109417,166.4497087,80.97109417,80.97109417,0,80.97109417,78.17163234,1.075366158,74.74278997,80.65246016,80.97109417,1,0.128,0.0104,34.923,80.97109417,166.4497087,332.8994174,166.4497087,166.4497087,20,20,1,0,166.4497087,166.4497087,166.4497087,-inf,2.958,0.295,0.008,0.037,80.97109417,0.017,35.828,80.97109417,80.97109417,80.97109417,1,7.063322328,25.526,80.97109417,80.97109417,optimal,166,176,4.2,pass,80.97109417,80.97109417,80.97109417,80.97109417
diverse_rec,movielens_sample20of200_lambda0,20,10,1000,6,1,11,89.38173831,89.38173831,166.4497087,89.38173831,89.38173831,0,89.38173831,85.92973258,1.274140394,81.60318153,89.30063261,89.38173831,1,0.134,0.0105,34.923,89.38173831,166.4497087,332.8994174,166.4497087,166.4497087,20,20,1,0,166.4497087,166.4497087,166.4497087,-inf,2.958,0.273,0.008,0.037,89.38173831,0.017,35.828,89.38173831,89.38173831,89.38173831,1,7.063322328,25.526,89.38173831,89.38173831,optimal,177,186,0.8,pass,89.38173831,89.38173831,89.38173831,89.38173831
diverse_rec,movielens_sample20of200_lambda0,20,11,1000,6,1,12,97.71127676,97.71127676,166.4497087,97.71127676,97.71127676,0,97.71127676,92.66663134,2.836804396,80.96838025,97.24678984,97.71127676,1,0.139,0.0062,34.923,97.71127676,166.4497087,332.8994174,166.4497087,166.4497087,20,20,1,0,166.4497087,166.4497087,166.4497087,-inf,2.958,0.298,0.008,0.037,97.71127676,0.017,35.828,97.71127676,97.71127676,97.71127676,1,7.063322328,25.526,97.71127676,97.71127676,optimal,187,195,0.9,pass,97.71127676,97.71127676,97.71127676,97.71127676
diverse_rec,movielens_sample20of200_lambda0,20,12,1000,6,1,13,106.0136411,106.0136411,166.4497087,106.0136411,106.0136411,0,106.0136411,97.14804089,5.156555269,73.36673704,104.7923948,106.0136411,1,0.145,0.0077,34.923,106.0136411,166.4497087,332.8994174,166.4497087,166.4497087,20,20,1,0,166.4497087,166.4497087,166.4497087,-inf,2.958,0.279,0.008,0.037,106.0136411,0.017,35.828,106.0136411,106.0136411,106.0136411,1,7.063322328,25.526,106.0136411,106.0136411,optimal,196,203,2.7,pass,106.0136411,106.0136411,106.0136411,106.0136411
diverse_rec,movielens_sample20of200_lambda0,20,13,1000,6,1,14,113.9869724,113.9869724,166.4497087,113.9869724,113.9869724,0,113.9869724,100.5647215,6.692462298,76.27495527,112.4769534,113.9869724,1,0.149,0.0090,34.923,113.9869724,166.4497087,332.8994174,166.4497087,166.4497087,20,20,1,0,166.4497087,166.4497087,166.4497087,-inf,2.958,0.304,0.008,0.037,113.9869724,0.017,35.828,113.9869724,113.9869724,113.9869724,1,7.063322328,25.526,113.9869724,113.9869724,optimal,204,210,0.9,pass,113.9869724,113.9869724,113.9869724,113.9869724
diverse_rec,movielens_sample20of200_lambda0,20,14,1000,6,1,15,121.9213117,121.9213117,166.4497087,121.9213117,121.9213117,0,121.9213117,102.9064122,7.860424209,75.73361862,120.2263954,121.9213117,1,0.153,0.0094,34.923,121.9213117,166.4497087,332.8994174,166.4497087,166.4497087,20,20,1,0,166.4497087,166.4497087,166.4497087,-inf,2.958,0.289,0.008,0.037,121.9213117,0.017,35.828,121.9213117,121.9213117,121.9213117,1,7.063322328,25.526,121.9213117,121.9213117,optimal,211,216,0.9,pass,121.9213117,121.9213117,121.9213117,121.9213117
diverse_rec,movielens_sample20of200_lambda0,20,15,1000,6,1,16,129.6194044,129.6194044,166.4497087,129.6194044,129.6194044,0,129.6194044,104.0828597,9.129935313,73.0693597,128.2004573,129.6194044,1,0.157,0.0096,34.923,129.6194044,166.4497087,332.8994174,166.4497087,166.4497087,20,20,1,0,166.4497087,166.4497087,166.4497087,-inf,2.958,0.313,0.008,0.037,129.6194044,0.017,35.828,129.6194044,129.6194044,129.6194044,1,7.063322328,25.526,129.6194044,129.6194044,optimal,217,221,1.0,pass,129.6194044,129.6194044,129.6194044,129.6194044
diverse_rec,movielens_sample20of200_lambda0,20,16,1000,6,1,17,137.2580379,137.2580379,166.4497087,137.2580379,137.2580379,0,137.2580379,105.3254996,9.849890539,75.84916014,135.6642707,137.2580379,1,0.161,0.0116,34.923,137.2580379,166.4497087,332.8994174,166.4497087,166.4497087,20,20,1,0,166.4497087,166.4497087,166.4497087,-inf,2.958,0.295,0.008,0.037,137.2580379,0.017,35.828,137.2580379,137.2580379,137.2580379,1,7.063322328,25.526,137.2580379,137.2580379,optimal,222,225,1.0,pass,137.2580379,137.2580379,137.2580379,137.2580379
diverse_rec,movielens_sample20of200_lambda0,20,17,1000,6,1,18,144.787693,144.787693,166.4497087,144.787693,144.787693,0,144.787693,106.4380798,10.41198656,75.69589284,142.9195967,144.787693,1,0.164,0.0106,34.923,144.787693,166.4497087,332.8994174,166.4497087,166.4497087,20,20,1,0,166.4497087,166.4497087,166.4497087,-inf,2.958,0.324,0.008,0.037,144.787693,0.017,35.828,144.787693,144.787693,144.787693,1,7.063322328,25.526,144.787693,144.787693,optimal,226,228,3.4,pass,144.787693,144.787693,144.787693,144.787693
diverse_rec,movielens_sample20of200_lambda0,20,18,1000,6,1,19,152.1648252,152.1648252,166.4497087,152.1648252,152.1648252,0,152.1648252,105.9333057,10.84234887,74.29843098,135.3456367,152.1648252,1,0.167,0.0109,34.923,152.1648252,166.4497087,332.8994174,166.4497087,166.4497087,20,20,1,0,166.4497087,166.4497087,166.4497087,-inf,2.958,0.299,0.008,0.037,152.1648252,0.017,35.828,152.1648252,152.1648252,152.1648252,1,7.063322328,25.526,152.1648252,152.1648252,optimal,229,230,1.0,pass,152.1648252,152.1648252,152.1648252,152.1648252
diverse_rec,movielens_sample20of200_lambda0,20,19,1000,6,1,20,159.3863864,159.3863864,166.4497087,159.3863864,159.3863864,0,159.3863864,106.7658747,11.1153735,72.2647897,149.7367002,159.3863864,1,0.170,0.0130,34.923,159.3863864,166.4497087,332.8994174,166.4497087,166.4497087,20,20,1,0,166.4497087,166.4497087,166.4497087,-inf,2.958,0.327,0.008,0.037,159.3863864,0.017,35.828,159.3863864,159.3863864,159.3863864,1,7.063322328,25.526,159.3863864,159.3863864,optimal,231,231,1.0,pass,159.3863864,159.3863864,159.3863864,159.3863864
diverse_rec,movielens_sample20of200_lambda0,20,20,1000,6,1,21,166.4497087,166.4497087,166.4497087,166.4497087,166.4497087,0,166.4497087,106.9964809,11.91473914,66.09523841,149.9522376,166.4497087,1,0.171,0.0128,34.923,166.4497087,166.4497087,332.8994174,166.4497087,166.4497087,20,20,1,0,166.4497087,166.4497087,166.4497087,166.4497087,2.958,0.271,0.008,0.037,166.4497087,0.017,35.828,166.4497087,166.4497087,166.4497087,1,7.063322328,25.526,166.4497087,166.4497087,optimal,232,231,0.8,pass,166.4497087,166.4497087,166.4497087,166.4497087
diverse_rec,movielens_sample20of200_lambda0,20,1,1000,7,1,2,10.00413919,10.00413919,175.5524016,10.00413919,10.00413919,0,10.00413919,10.00413919,0,10.00413919,10.00413919,10.00413919,1,0.037,0.0005,28.474,10.00413919,175.5524016,351.1048033,175.5524016,175.5524016,20,20,1,0,175.5524016,175.5524016,175.5524016,-inf,4.178,0.256,0.009,0.037,10.00413919,0.024,39.974,10.00413919,10.00413919,10.00413919,1,6.863552484,3.022,10.00413919,10.00413919,optimal,42,60,0.5,pass,10.00413919,10.00413919,10.00413919,10.00413919
diverse_rec,movielens_sample20of200_lambda0,20,2,1000,7,1,3,19.9960793,19.9960793,175.5524016,19.9960793,19.9960793,0,19.9960793,19.85892979,0.1377664464,19.71448115,19.9960793,19.9960793,1,0.050,0.0009,28.474,19.9960793,175.5524016,351.1048033,175.5524016,175.5524016,20,20,1,0,175.5524016,175.5524016,175.5524016,-inf,4.178,0.255,0.009,0.037,19.9960793,0.024,39.974,19.9960793,19.9960793,19.9960793,1,6.863552484,3.022,19.9960793,19.9960793,optimal,61,78,0.6,pass,19.9960793,19.9960793,19.9960793,19.9960793
diverse_rec,movielens_sample20of200_lambda0,20,3,1000,7,1,4,29.71862035,29.71862035,175.5524016,29.71862035,29.71862035,0,29.71862035,29.43014095,0.260635912,28.80969757,29.71862035,29.71862035,1,0.061,0.0012,28.474,29.71862035,175.5524016,351.1048033,175.5524016,175.5524016,20,20,1,0,175.5524016,175.5524016,175.5524016,-inf,4.178,0.284,0.009,0.037,29.71862035,0.024,39.974,29.71862035,29.71862035,29.71862035,1,6.863552484,3.022,29.71862035,29.71862035,optimal,79,95,0.6,pass,29.71862035,29.71862035,29.71862035,29.71862035
diverse_rec,movielens_sample20of200_lambda0,20,4,1000,7,1,5,39.41177606,39.41177606,175.5524016,39.41177606,39.41177606,0,39.41177606,38.67891827,0.4262046682,37.44770316,39.41177606,39.41177606,1,0.072,0.0022,28.474,39.41177606,175.5524016,351.1048033,175.5524016,175.5524016,20,20,1,0,175.5524016,175.5524016,175.5524016,-inf,4.178,0.256,0.009,0.037,39.41177606,0.024,39.974,39.41177606,39.41177606,39.41177606,1,6.863552484,3.022,39.41177606,39.41177606,optimal,96,111,0.7,pass,39.41177606,39.41177606,39.41177606,39.41177606
diverse_rec,movielens_sample20of200_lambda0,20,5,1000,7,1,6,48.80577686,48.80577686,175.5524016,48.80577686,48.80577686,0,48.80577686,47.71292443,0.5719522395,45.99764363,48.80577686,48.80577686,1,0.082,0.0021,28.474,48.80577686,175.5524016,351.1048033,175.5524016,175.5524016,20,20,1,0,175.5524016,175.5524016,175.5524016,-inf,4.178,0.283,0.009,0.037,48.80577686,0.024,39.974,48.80577686,48.80577686,48.80577686,1,6.863552484,3.022,48.80577686,48.80577686,optimal,112,126,0.7,pass,48.80577686,48.80577686,48.80577686,48.80577686
diverse_rec,movielens_sample20of200_lambda0,20,6,1000,7,1,7,58.11135858,58.11135858,175.5524016,58.11135858,58.11135858,0,58.11135858,56.57197135,0.6906793007,54.04960658,58.11135858,58.11135858,1,0.091,0.0027,28.474,58.11135858,175.5524016,351.1048033,175.5524016,175.5524016,20,20,1,0,175.5524016,175.5524016,175.5524016,-inf,4.178,0.261,0.009,0.037,58.11135858,0.024,39.974,58.11135858,58.11135858,58.11135858,1,6.863552484,3.022,58.11135858,58.11135858,optimal,127,140,2.7,pass,58.11135858,58.11135858,58.11135858,58.11135858
diverse_rec,movielens_sample20of200_lambda0,20,7,1000,7,1,8,67.1663235,67.1663235,175.5524016,67.1663235,67.1663235,0,67.1663235,65.34213282,0.7637811429,62.98307592,67.1663235,67.1663235,1,0.099,0.0061,28.474,67.1663235,175.5524016,351.1048033,175.5524016,175.5524016,20,20,1,0,175.5524016,175.5524016,175.5524016,-inf,4.178,0.287,0.009,0.037,67.1663235,0.024,39.974,67.1663235,67.1663235,67.1663235,1,6.863552484,3.022,67.1663235,67.1663235,optimal,141,153,1.8,pass,67.1663235,67.1663235,67.1663235,67.1663235
diverse_rec,movielens_sample20of200_lambda0,20,8,1000,7,1,9,76.1952915,76.1952915,175.5524016,76.1952915,76.1952915,0,76.1952915,73.86257904,0.9290111282,70.69327923,76.1952915,76.1952915,1,0.110,0.0048,28.474,76.1952915,175.5524016,351.1048033,175.5524016,175.5524016,20,20,1,0,175.5524016,175.5524016,175.5524016,-inf,4.178,0.265,0.009,0.037,76.1952915,0.024,39.974,76.1952915,76.1952915,76.1952915,1,6.863552484,3.022,76.1952915,76.1952915,optimal,154,165,2.0,pass,76.1952915,76.1952915,76.1952915,76.1952915
diverse_rec,movielens_sample20of200_lambda0,20,9,1000,7,1,10,84.99246035,84.99246035,175.5524016,84.99246035,84.99246035,0,84.99246035,82.37388313,1.025105717,79.21176145,84.99246035,84.99246035,1,0.117,0.0049,28.474,84.99246035,175.5524016,351.1048033,175.5524016,175.5524016,20,20,1,0,175.5524016,175.5524016,175.5524016,-inf,4.178,0.316,0.009,0.037,84.99246035,0.024,39.974,84.99246035,84.99246035,84.99246035,1,6.863552484,3.022,84.99246035,84.99246035,optimal,166,176,0.8,pass,84.99246035,84.99246035,84.99246035,84.99246035
diverse_rec,movielens_sample20of200_lambda0,20,10,1000,7,1,11,93.77407493,93.77407493,175.5524016,93.77407493,93.77407493,0,93.77407493,90.57550301,1.207931433,86.76613924,93.63787439,93.77407493,1,0.125,0.0065,28.474,93.77407493,175.5524016,351.1048033,175.5524016,175.5524016,20,20,1,0,175.5524016,175.5524016,175.5524016,-inf,4.178,0.297,0.009,0.037,93.77407493,0.024,39.974,93.77407493,93.77407493,93.77407493,1,6.863552484,3.022,93.77407493,93.77407493,optimal,177,186,0.9,pass,93.77407493,93.77407493,93.77407493,93.77407493
diverse_rec,movielens_sample20of200_lambda0,20,11,1000,7,1,12,102.5163476,102.5163476,175.5524016,102.5163476,102.5163476,0,102.5163476,97.81985075,2.919097209,86.22959045,102.4350432,102.5163476,1,0.131,0.0078,28.474,102.5163476,175.5524016,351.1048033,175.5524016,175.5524016,20,20,1,0,175.5524016,175.5524016,175.5524016,-inf,4.178,0.304,0.009,0.037,102.5163476,0.024,39.974,102.5163476,102.5163476,102.5163476,1,6.863552484,3.022,102.5163476,102.5163476,optimal,187,195,0.9,pass,102.5163476,102.5163476,102.5163476,102.5163476
diverse_rec,movielens_sample20of200_lambda0,20,12,1000,7,1,13,111.2166578,111.2166578,175.5524016,111.2166578,111.2166578,0,111.2166578,102.5812499,5.215441756,85.25238346,111.1107165,111.2166578,1,0.136,0.0091,28.474,111.2166578,175.5524016,351.1048033,175.5524016,175.5524016,20,20,1,0,175.5524016,175.5524016,175.5524016,-inf,4.178,0.298,0.009,0.037,111.2166578,0.024,39.974,111.2166578,111.2166578,111.2166578,1,6.863552484,3.022,111.2166578,111.2166578,optimal,196,203,0.9,pass,111.2166578,111.2166578,111.2166578,111.2166578
diverse_rec,movielens_sample20of200_lambda0,20,13,1000,7,1,14,119.8923311,119.8923311,175.5524016,119.8923311,119.8923311,0,119.8923311,105.9553707,7.124239804,85.28272537,118.3878783,119.8923311,1,0.140,0.0077,28.474,119.8923311,175.5524016,351.1048033,175.5524016,175.5524016,20,20,1,0,175.5524016,175.5524016,175.5524016,-inf,4.178,0.288,0.009,0.037,119.8923311,0.024,39.974,119.8923311,119.8923311,119.8923311,1,6.863552484,3.022,119.8923311,119.8923311,optimal,204,210,0.9,pass,119.8923311,119.8923311,119.8923311,119.8923311
diverse_rec,movielens_sample20of200_lambda0,20,14,1000,7,1,15,128.4163128,128.4163128,175.5524016,128.4163128,128.4163128,0,128.4163128,108.1391732,8.39638921,81.11970089,126.8579315,128.4163128,1,0.145,0.0125,28.474,128.4163128,175.5524016,351.1048033,175.5524016,175.5524016,20,20,1,0,175.5524016,175.5524016,175.5524016,-inf,4.178,0.299,0.009,0.037,128.4163128,0.024,39.974,128.4163128,128.4163128,128.4163128,1,6.863552484,3.022,128.4163128,128.4163128,optimal,211,216,1.0,pass,128.4163128,128.4163128,128.4163128,128.4163128
diverse_rec,movielens_sample20of200_lambda0,20,15,1000,7,1,16,136.7162333,136.7162333,175.5524016,136.7162333,136.7162333,0,136.7162333,110.0890811,9.421722062,78.7733872,134.9424667,136.7162333,1,0.149,0.0108,28.474,136.7162333,175.5524016,351.1048033,175.5524016,175.5524016,20,20,1,0,175.5524016,175.5524016,175.5524016,-inf,4.178,0.310,0.009,0.037,136.7162333,0.024,39.974,136.7162333,136.7162333,136.7162333,1,6.863552484,3.022,136.7162333,136.7162333,optimal,217,221,1.0,pass,136.7162333,136.7162333,136.7162333,136.7162333
diverse_rec,movielens_sample20of200_lambda0,20,16,1000,7,1,17,144.960682,144.960682,175.5524016,144.960682,144.960682,0,144.960682,111.6397386,10.19062751,77.31352384,141.3662636,144.960682,1,0.152,0.0160,28.474,144.960682,175.5524016,351.1048033,175.5524016,175.5524016,20,20,1,0,175.5524016,175.5524016,175.5524016,-inf,4.178,0.311,0.009,0.037,144.960682,0.024,39.974,144.960682,144.960682,144.960682,1,6.863552484,3.022,144.960682,144.960682,optimal,222,225,1.0,pass,144.960682,144.960682,144.960682,144.960682
diverse_rec,movielens_sample20of200_lambda0,20,17,1000,7,1,18,153.0200405,153.0200405,175.5524016,153.0200405,153.0200405,0,153.0200405,111.5527728,10.43123198,68.6684828,143.7240813,153.0200405,1,0.155,0.0149,28.474,153.0200405,175.5524016,351.1048033,175.5524016,175.5524016,20,20,1,0,175.5524016,175.5524016,175.5524016,-inf,4.178,0.299,0.009,0.037,153.0200405,0.024,39.974,153.0200405,153.0200405,153.0200405,1,6.863552484,3.022,153.0200405,153.0200405,optimal,226,228,2.1,pass,153.0200405,153.0200405,153.0200405,153.0200405
diverse_rec,movielens_sample20of200_lambda0,20,18,1000,7,1,19,160.997498,160.997498,175.5524016,160.997498,160.997498,0,160.997498,112.5054826,11.10550524,79.27537559,150.7639611,160.997498,1,0.158,0.0104,28.474,160.997498,175.5524016,351.1048033,175.5524016,175.5524016,20,20,1,0,175.5524016,175.5524016,175.5524016,-inf,4.178,0.328,0.009,0.037,160.997498,0.024,39.974,160.997498,160.997498,160.997498,1,6.863552484,3.022,160.997498,160.997498,optimal,229,230,3.0,pass,160.997498,160.997498,160.997498,160.997498
diverse_rec,movielens_sample20of200_lambda0,20,19,1000,7,1,20,168.6888491,168.6888491,175.5524016,168.6888491,168.6888491,0,168.6888491,112.4888884,11.67275769,76.70330307,151.6005227,168.6888491,1,0.161,0.0117,28.474,168.6888491,175.5524016,351.1048033,175.5524016,175.5524016,20,20,1,0,175.5524016,175.5524016,175.5524016,-inf,4.178,0.322,0.009,0.037,168.6888491,0.024,39.974,168.6888491,168.6888491,168.6888491,1,6.863552484,3.022,168.6888491,168.6888491,optimal,231,231,2.3,pass,168.6888491,168.6888491,168.6888491,168.6888491
diverse_rec,movielens_sample20of200_lambda0,20,20,1000,7,1,21,175.5524016,175.5524016,175.5524016,175.5524016,175.5524016,5,175.5524016,112.6676643,12.58361524,76.7313226,158.4708665,175.5524016,1,0.162,0.0135,28.474,175.5524016,175.5524016,351.1048033,175.5524016,175.5524016,20,20,1,0,175.5524016,175.5524016,175.5524016,175.5524016,4.178,0.289,0.009,0.037,175.5524016,0.024,39.974,175.5524016,175.5524016,175.5524016,1,6.863552484,3.022,175.5524016,175.5524016,optimal,232,231,4.0,pass,175.5524016,175.5524016,175.5524016,175.5524016
diverse_rec,movielens_sample20of200_lambda0,20,1,1000,8,1,2,10.85102075,10.85102075,179.6029447,10.85102075,10.85102075,0,10.85102075,10.85102075,2.365512771e-06,10.85102075,10.85102075,10.85102075,1,0.024,0.0008,25.250,10.85102075,179.6029447,359.2058894,179.6029447,179.6029447,20,20,1,0,179.6029447,179.6029447,179.6029447,-inf,2.620,0.233,0.008,0.040,10.85102075,0.020,35.320,10.85102075,10.85102075,10.85102075,1,6.431294951,3.905,10.85102075,10.85102075,optimal,42,60,1.2,pass,10.85102075,10.85102075,10.85102075,10.85102075
diverse_rec,movielens_sample20of200_lambda0,20,2,1000,8,1,3,21.55041109,21.55041109,179.6029447,21.55041109,21.55041109,0,21.55041109,21.41671818,0.1444971264,21.20522279,21.55041109,21.55041109,1,0.033,0.0018,25.250,21.55041109,179.6029447,359.2058894,179.6029447,179.6029447,20,20,1,0,179.6029447,179.6029447,179.6029447,-inf,2.620,0.278,0.008,0.040,21.55041109,0.020,35.320,21.55041109,21.55041109,21.55041109,1,6.431294951,3.905,21.55041109,21.55041109,optimal,61,78,0.6,pass,21.55041109,21.55041109,21.55041109,21.55041109
diverse_rec,movielens_sample20of200_lambda0,20,3,1000,8,1,4,32.05624355,32.05624355,179.6029447,32.05624355,32.05624355,0,32.05624355,31.49024395,0.3763064578,30.59886999,32.05624355,32.05624355,1,0.041,0.0015,25.250,32.05624355,179.6029447,359.2058894,179.6029447,179.6029447,20,20,1,0,179.6029447,179.6029447,179.6029447,-inf,2.620,0.271,0.008,0.040,32.05624355,0.020,35.320,32.05624355,32.05624355,32.05624355,1,6.431294951,3.905,32.05624355,32.05624355,optimal,79,95,0.7,pass,32.05624355,32.05624355,32.05624355,32.05624355
diverse_rec,movielens_sample20of200_lambda0,20,4,1000,8,1,5,42.17091782,42.17091782,179.6029447,42.17091782,42.17091782,0,42.17091782,41.33743428,0.5447575013,39.62321962,42.17091782,42.17091782,1,0.049,0.0026,25.250,42.17091782,179.6029447,359.2058894,179.6029447,179.6029447,20,20,1,0,179.6029447,179.6029447,179.6029447,-inf,2.620,0.262,0.008,0.040,42.17091782,0.020,35.320,42.17091782,42.17091782,42.17091782,1,6.431294951,3.905,42.17091782,42.17091782,optimal,96,111,1.4,pass,42.17091782,42.17091782,42.17091782,42.17091782
diverse_rec,movielens_sample20of200_lambda0,20,5,1000,8,1,6,52.14928108,52.14928108,179.6029447,52.14928108,52.14928108,0,52.14928108,50.96071787,0.6477730078,48.73758872,52.14928108,52.14928108,1,0.055,0.0033,25.250,52.14928108,179.6029447,359.2058894,179.6029447,179.6029447,20,20,1,0,179.6029447,179.6029447,179.6029447,-inf,2.620,0.283,0.008,0.040,52.14928108,0.020,35.320,52.14928108,52.14928108,52.14928108,1,6.431294951,3.905,52.14928108,52.14928108,optimal,112,126,0.8,pass,52.14928108,52.14928108,52.14928108,52.14928108
diverse_rec,movielens_sample20of200_lambda0,20,6,1000,8,1,7,61.98054663,61.98054663,179.6029447,61.98054663,61.98054663,0,61.98054663,60.44157057,0.8003660289,58.05517833,61.98054663,61.98054663,1,0.061,0.0026,25.250,61.98054663,179.6029447,359.2058894,179.6029447,179.6029447,20,20,1,0,179.6029447,179.6029447,179.6029447,-inf,2.620,0.260,0.008,0.040,61.98054663,0.020,35.320,61.98054663,61.98054663,61.98054663,1,6.431294951,3.905,61.98054663,61.98054663,optimal,127,140,0.9,pass,61.98054663,61.98054663,61.98054663,61.98054663
diverse_rec,movielens_sample20of200_lambda0,20,7,1000,8,1,8,71.67946317,71.67946317,179.6029447,71.67946317,71.67946317,0,71.67946317,69.66744256,0.9749290142,65.89837731,71.67946317,71.67946317,1,0.067,0.0032,25.250,71.67946317,179.6029447,359.2058894,179.6029447,179.6029447,20,20,1,0,179.6029447,179.6029447,179.6029447,-inf,2.620,0.292,0.008,0.040,71.67946317,0.020,35.320,71.67946317,71.67946317,71.67946317,1,6.431294951,3.905,71.67946317,71.67946317,optimal,141,153,0.9,pass,71.67946317,71.67946317,71.67946317,71.67946317
diverse_rec,movielens_sample20of200_lambda0,20,8,1000,8,1,9,81.37727243,81.37727243,179.6029447,81.37727243,81.37727243,0,81.37727243,78.4654855,1.229081096,74.4338637,81.37727243,81.37727243,1,0.073,0.0038,25.250,81.37727243,179.6029447,359.2058894,179.6029447,179.6029447,20,20,1,0,179.6029447,179.6029447,179.6029447,-inf,2.620,0.273,0.008,0.040,81.37727243,0.020,35.320,81.37727243,81.37727243,81.37727243,1,6.431294951,3.905,81.37727243,81.37727243,optimal,154,165,2.0,pass,81.37727243,81.37727243,81.37727243,81.37727243
diverse_rec,movielens_sample20of200_lambda0,20,9,1000,8,1,10,90.90850653,90.90850653,179.6029447,90.90850653,90.90850653,0,90.90850653,86.79290904,1.636022802,81.18246595,90.90850653,90.90850653,1,0.078,0.0051,25.250,90.90850653,179.6029447,359.2058894,179.6029447,179.6029447,20,20,1,0,179.6029447,179.6029447,179.6029447,-inf,2.620,0.287,0.008,0.040,90.90850653,0.020,35.320,90.90850653,90.90850653,90.90850653,1,6.431294951,3.905,90.90850653,90.90850653,optimal,166,176,2.0,pass,90.90850653,90.90850653,90.90850653,90.90850653
diverse_rec,movielens_sample20of200_lambda0,20,10,1000,8,1,11,100.2260961,100.2260961,179.6029447,100.2260961,100.2260961,0,100.2260961,94.83258926,2.040753458,88.01706849,99.81634537,100.2260961,1,0.082,0.0063,25.250,100.2260961,179.6029447,359.2058894,179.6029447,179.6029447,20,20,1,0,179.6029447,179.6029447,179.6029447,-inf,2.620,0.270,0.008,0.040,100.2260961,0.020,35.320,100.2260961,100.2260961,100.2260961,1,6.431294951,3.905,100.2260961,100.2260961,optimal,177,186,1.0,pass,100.2260961,100.2260961,100.2260961,100.2260961
diverse_rec,movielens_sample20of200_lambda0,20,11,1000,8,1,12,109.5152619,109.5152619,179.6029447,109.5152619,109.5152619,0,109.5152619,101.4145396,3.480772798,87.18985526,108.799374,109.5152619,1,0.085,0.0086,25.250,109.5152619,179.6029447,359.2058894,179.6029447,179.6029447,20,20,1,0,179.6029447,179.6029447,179.6029447,-inf,2.620,0.300,0.008,0.040,109.5152619,0.020,35.320,109.5152619,109.5152619,109.5152619,1,6.431294951,3.905,109.5152619,109.5152619,optimal,187,195,1.0,pass,109.5152619,109.5152619,109.5152619,109.5152619
diverse_rec,movielens_sample20of200_lambda0,20,12,1000,8,1,13,118.4243766,118.4243766,179.6029447,118.4243766,118.4243766,0,118.4243766,105.9793279,5.70219485,87.3248277,117.7369126,118.4243766,1,0.091,0.0074,25.250,118.4243766,179.6029447,359.2058894,179.6029447,179.6029447,20,20,1,0,179.6029447,179.6029447,179.6029447,-inf,2.620,0.338,0.008,0.040,118.4243766,0.020,35.320,118.4243766,118.4243766,118.4243766,1,6.431294951,3.905,118.4243766,118.4243766,optimal,196,203,1.0,pass,118.4243766,118.4243766,118.4243766,118.4243766
diverse_rec,movielens_sample20of200_lambda0,20,13,1000,8,1,14,127.0858013,127.0858013,179.6029447,127.0858013,127.0858013,0,127.0858013,109.1849768,7.515892787,86.38024166,124.6435807,127.0858013,1,0.094,0.0076,25.250,127.0858013,179.6029447,359.2058894,179.6029447,179.6029447,20,20,1,0,179.6029447,179.6029447,179.6029447,-inf,2.620,0.294,0.008,0.040,127.0858013,0.020,35.320,127.0858013,127.0858013,127.0858013,1,6.431294951,3.905,127.0858013,127.0858013,optimal,204,210,1.0,pass,127.0858013,127.0858013,127.0858013,127.0858013
diverse_rec,movielens_sample20of200_lambda0,20,14,1000,8,1,15,135.687503,135.687503,179.6029447,135.687503,135.687503,0,135.687503,111.0856581,8.398599289,87.49676412,134.0198331,135.687503,1,0.097,0.0094,25.250,135.687503,179.6029447,359.2058894,179.6029447,179.6029447,20,20,1,0,179.6029447,179.6029447,179.6029447,-inf,2.620,0.306,0.008,0.040,135.687503,0.020,35.320,135.687503,135.687503,135.687503,1,6.431294951,3.905,135.687503,135.687503,optimal,211,216,1.0,pass,135.687503,135.687503,135.687503,135.687503
diverse_rec,movielens_sample20of200_lambda0,20,15,1000,8,1,16,143.9981964,143.9981964,179.6029447,143.9981964,143.9981964,0,143.9981964,112.4711669,9.763566444,76.27218749,138.3601623,143.9981964,1,0.100,0.0100,25.250,143.9981964,179.6029447,359.2058894,179.6029447,179.6029447,20,20,1,0,179.6029447,179.6029447,179.6029447,-inf,2.620,0.302,0.008,0.040,143.9981964,0.020,35.320,143.9981964,143.9981964,143.9981964,1,6.431294951,3.905,143.9981964,143.9981964,optimal,217,221,3.1,pass,143.9981964,143.9981964,143.9981964,143.9981964
diverse_rec,movielens_sample20of200_lambda0,20,16,1000,8,1,17,151.6856312,151.6856312,179.6029447,151.6856312,151.6856312,0,151.6856312,113.6032458,10.4295091,81.80913185,146.2498284,151.6856312,1,0.102,0.0113,25.250,151.6856312,179.6029447,359.2058894,179.6029447,179.6029447,20,20,1,0,179.6029447,179.6029447,179.6029447,-inf,2.620,0.311,0.008,0.040,151.6856312,0.020,35.320,151.6856312,151.6856312,151.6856312,1,6.431294951,3.905,151.6856312,151.6856312,optimal,222,225,1.0,pass,151.6856312,151.6856312,151.6856312,151.6856312
diverse_rec,movielens_sample20of200_lambda0,20,17,1000,8,1,18,159.0950071,159.0950071,179.6029447,159.0950071,159.0950071,0,159.0950071,114.7849959,11.14711466,77.12714223,149.4555015,159.0950071,1,0.105,0.0116,25.250,159.0950071,179.6029447,359.2058894,179.6029447,179.6029447,20,20,1,0,179.6029447,179.6029447,179.6029447,-inf,2.620,0.329,0.008,0.040,159.0950071,0.020,35.320,159.0950071,159.0950071,159.0950071,1,6.431294951,3.905,159.0950071,159.0950071,optimal,226,228,2.3,pass,159.0950071,159.0950071,159.0950071,159.0950071
diverse_rec,movielens_sample20of200_lambda0,20,18,1000,8,1,19,166.4196858,166.4196858,179.6029447,166.4196858,166.4196858,0,166.4196858,115.1807472,12.30933926,79.4305094,155.9529808,166.4196858,1,0.107,0.0129,25.250,166.4196858,179.6029447,359.2058894,179.6029447,179.6029447,20,20,1,0,179.6029447,179.6029447,179.6029447,-inf,2.620,0.319,0.008,0.040,166.4196858,0.020,35.320,166.4196858,166.4196858,166.4196858,1,6.431294951,3.905,166.4196858,166.4196858,optimal,229,230,1.0,pass,166.4196858,166.4196858,166.4196858,166.4196858
diverse_rec,movielens_sample20of200_lambda0,20,19,1000,8,1,20,173.1716497,173.1716497,179.6029447,173.1716497,173.1716497,0,173.1716497,115.1678331,12.22519538,73.97587012,152.9927403,173.1716497,1,0.108,0.0145,25.250,173.1716497,179.6029447,359.2058894,179.6029447,179.6029447,20,20,1,0,179.6029447,179.6029447,179.6029447,-inf,2.620,0.305,0.008,0.040,173.1716497,0.020,35.320,173.1716497,173.1716497,173.1716497,1,6.431294951,3.905,173.1716497,173.1716497,optimal,231,231,1.1,pass,173.1716497,173.1716497,173.1716497,173.1716497
diverse_rec,movielens_sample20of200_lambda0,20,20,1000,8,1,21,179.6029447,179.6029447,179.6029447,179.6029447,179.6029447,1,179.6029447,115.8733865,12.67233089,77.40292488,155.2811737,179.6029447,1,0.109,0.0150,25.250,179.6029447,179.6029447,359.2058894,179.6029447,179.6029447,20,20,1,0,179.6029447,179.6029447,179.6029447,179.6029447,2.620,0.293,0.008,0.040,179.6029447,0.020,35.320,179.6029447,179.6029447,179.6029447,1,6.431294951,3.905,179.6029447,179.6029447,optimal,232,231,0.8,pass,179.6029447,179.6029447,179.6029447,179.6029447
diverse_rec,movielens_sample20of200_lambda0,20,1,1000,9,1,2,10.14460864,10.14460864,168.3157954,10.14460864,10.14460864,0,10.14460864,10.14460864,1.419740338e-06,10.14460864,10.14460864,10.14460864,1,0.026,0.0008,25.540,10.14460864,168.3157954,336.6315909,168.3157954,168.3157954,20,20,1,0,168.3157954,168.3157954,168.3157954,-inf,0.835,0.245,0.009,0.037,10.14460864,0.027,31.463,10.14460864,10.14460864,10.14460864,1,7.101540804,0.786,10.14460864,10.14460864,optimal,42,60,1.3,pass,10.14460864,10.14460864,10.14460864,10.14460864
diverse_rec,movielens_sample20of200_lambda0,20,2,1000,9,1,3,19.66643232,19.66643232,168.3157954,19.66643232,19.66643232,0,19.66643232,19.491497,0.2819517406,18.96283936,19.66643232,19.66643232,1,0.035,0.0019,25.540,19.66643232,168.3157954,336.6315909,168.3157954,168.3157954,20,20,1,0,168.3157954,168.3157954,168.3157954,-inf,0.835,0.276,0.009,0.037,19.66643232,0.027,31.463,19.66643232,19.66643232,19.66643232,1,7.101540804,0.786,19.66643232,19.66643232,optimal,61,78,1.3,pass,19.66643232,19.66643232,19.66643232,19.66643232
diverse_rec,movielens_sample20of200_lambda0,20,3,1000,9,1,4,29.107448,29.107448,168.3157954,29.107448,29.107448,0,29.107448,28.61606299,0.4315871231,27.71194264,29.107448,29.107448,1,0.043,0.0012,25.540,29.107448,168.3157954,336.6315909,168.3157954,168.3157954,20,20,1,0,168.3157954,168.3157954,168.3157954,-inf,0.835,0.258,0.009,0.037,29.107448,0.027,31.463,29.107448,29.107448,29.107448,1,7.101540804,0.786,29.107448,29.107448,optimal,79,95,0.7,pass,29.107448,29.107448,29.107448,29.107448
diverse_rec,movielens_sample20of200_lambda0,20,4,1000,9,1,5,38.33081944,38.33081944,168.3157954,38.33081944,38.33081944,0,38.33081944,37.6025134,0.5138558977,36.12345534,38.33081944,38.33081944,1,0.051,0.0026,25.540,38.33081944,168.3157954,336.6315909,168.3157954,168.3157954,20,20,1,0,168.3157954,168.3157954,168.3157954,-inf,0.835,0.254,0.009,0.037,38.33081944,0.027,31.463,38.33081944,38.33081944,38.33081944,1,7.101540804,0.786,38.33081944,38.33081944,optimal,96,111,0.7,pass,38.33081944,38.33081944,38.33081944,38.33081944
diverse_rec,movielens_sample20of200_lambda0,20,5,1000,9,1,6,47.37837496,47.37837496,168.3157954,47.37837496,47.37837496,0,47.37837496,46.23447987,0.7339679805,43.92569494,47.37837496,47.37837496,1,0.057,0.0041,25.540,47.37837496,168.3157954,336.6315909,168.3157954,168.3157954,20,20,1,0,168.3157954,168.3157954,168.3157954,-inf,0.835,0.279,0.009,0.037,47.37837496,0.027,31.463,47.37837496,47.37837496,47.37837496,1,7.101540804,0.786,47.37837496,47.37837496,optimal,112,126,0.7,pass,47.37837496,47.37837496,47.37837496,47.37837496
diverse_rec,movielens_sample20of200_lambda0,20,6,1000,9,1,7,56.38664588,56.38664588,168.3157954,56.38664588,56.38664588,0,56.38664588,54.60837657,0.8946967371,51.72838293,56.38664588,56.38664588,1,0.063,0.0040,25.540,56.38664588,168.3157954,336.6315909,168.3157954,168.3157954,20,20,1,0,168.3157954,168.3157954,168.3157954,-inf,0.835,0.260,0.009,0.037,56.38664588,0.027,31.463,56.38664588,56.38664588,56.38664588,1,7.101540804,0.786,56.38664588,56.38664588,optimal,127,140,0.8,pass,56.38664588,56.38664588,56.38664588,56.38664588
diverse_rec,movielens_sample20of200_lambda0,20,7,1000,9,1,8,65.23090334,65.23090334,168.3157954,65.23090334,65.23090334,0,65.23090334,62.90137028,1.011159318,59.79370006,65.23090334,65.23090334,1,0.071,0.0040,25.540,65.23090334,168.3157954,336.6315909,168.3157954,168.3157954,20,20,1,0,168.3157954,168.3157954,168.3157954,-inf,0.835,0.281,0.009,0.037,65.23090334,0.027,31.463,65.23090334,65.23090334,65.23090334,1,7.101540804,0.786,65.23090334,65.23090334,optimal,141,153,0.8,pass,65.23090334,65.23090334,65.23090334,65.23090334
diverse_rec,movielens_sample20of200_lambda0,20,8,1000,9,1,9,73.67104417,73.67104417,168.3157954,73.67104417,73.67104417,0,73.67104417,70.97325022,1.164328329,66.94706338,73.67104417,73.67104417,1,0.076,0.0037,25.540,73.67104417,168.3157954,336.6315909,168.3157954,168.3157954,20,20,1,0,168.3157954,168.3157954,168.3157954,-inf,0.835,0.256,0.009,0.037,73.67104417,0.027,31.463,73.67104417,73.67104417,73.67104417,1,7.101540804,0.786,73.67104417,73.67104417,optimal,154,165,1.8,pass,73.67104417,73.67104417,73.67104417,73.67104417
diverse_rec,movielens_sample20of200_lambda0,20,9,1000,9,1,10,82.04141386,82.04141386,168.3157954,82.04141386,82.04141386,0,82.04141386,78.977533,1.254354405,75.37405316,82.04141386,82.04141386,1,0.080,0.0049,25.540,82.04141386,168.3157954,336.6315909,168.3157954,168.3157954,20,20,1,0,168.3157954,168.3157954,168.3157954,-inf,0.835,0.258,0.009,0.037,82.04141386,0.027,31.463,82.04141386,82.04141386,82.04141386,1,7.101540804,0.786,82.04141386,82.04141386,optimal,166,176,0.9,pass,82.04141386,82.04141386,82.04141386,82.04141386
diverse_rec,movielens_sample20of200_lambda0,20,10,1000,9,1,11,90.38275111,90.38275111,168.3157954,90.38275111,90.38275111,0,90.38275111,86.76049313,1.405279273,82.57219375,90.13906966,90.38275111,1,0.084,0.0074,25.540,90.38275111,168.3157954,336.6315909,168.3157954,168.3157954,20,20,1,0,168.3157954,168.3157954,168.3157954,-inf,0.835,0.263,0.009,0.037,90.38275111,0.027,31.463,90.38275111,90.38275111,90.38275111,1,7.101540804,0.786,90.38275111,90.38275111,optimal,177,186,2.0,pass,90.38275111,90.38275111,90.38275111,90.38275111
diverse_rec,movielens_sample20of200_lambda0,20,11,1000,9,1,12,98.67401313,98.67401313,168.3157954,98.67401313,98.67401313,0,98.67401313,93.75190882,2.873904038,81.3969915,98.32322744,98.67401313,1,0.089,0.0061,25.540,98.67401313,168.3157954,336.6315909,168.3157954,168.3157954,20,20,1,0,168.3157954,168.3157954,168.3157954,-inf,0.835,0.268,0.009,0.037,98.67401313,0.027,31.463,98.67401313,98.67401313,98.67401313,1,7.101540804,0.786,98.67401313,98.67401313,optimal,187,195,0.9,pass,98.67401313,98.67401313,98.67401313,98.67401313
diverse_rec,movielens_sample20of200_lambda0,20,12,1000,9,1,13,106.9569745,106.9569745,168.3157954,106.9569745,106.9569745,0,106.9569745,98.3953136,5.043739574,77.30363837,106.5377258,106.9569745,1,0.093,0.0097,25.540,106.9569745,168.3157954,336.6315909,168.3157954,168.3157954,20,20,1,0,168.3157954,168.3157954,168.3157954,-inf,0.835,0.270,0.009,0.037,106.9569745,0.027,31.463,106.9569745,106.9569745,106.9569745,1,7.101540804,0.786,106.9569745,106.9569745,optimal,196,203,0.9,pass,106.9569745,106.9569745,106.9569745,106.9569745
diverse_rec,movielens_sample20of200_lambda0,20,13,1000,9,1,14,115.0546303,115.0546303,168.3157954,115.0546303,115.0546303,0,115.0546303,101.4352388,6.886794676,75.12797626,114.5963621,115.0546303,1,0.096,0.0079,25.540,115.0546303,168.3157954,336.6315909,168.3157954,168.3157954,20,20,1,0,168.3157954,168.3157954,168.3157954,-inf,0.835,0.272,0.009,0.037,115.0546303,0.027,31.463,115.0546303,115.0546303,115.0546303,1,7.101540804,0.786,115.0546303,115.0546303,optimal,204,210,0.9,pass,115.0546303,115.0546303,115.0546303,115.0546303
diverse_rec,movielens_sample20of200_lambda0,20,14,1000,9,1,15,122.9667318,122.9667318,168.3157954,122.9667318,122.9667318,0,122.9667318,103.685762,7.75538822,78.71888407,122.2807847,122.9667318,1,0.098,0.0092,25.540,122.9667318,168.3157954,336.6315909,168.3157954,168.3157954,20,20,1,0,168.3157954,168.3157954,168.3157954,-inf,0.835,0.276,0.009,0.037,122.9667318,0.027,31.463,122.9667318,122.9667318,122.9667318,1,7.101540804,0.786,122.9667318,122.9667318,optimal,211,216,1.4,pass,122.9667318,122.9667318,122.9667318,122.9667318
diverse_rec,movielens_sample20of200_lambda0,20,15,1000,9,1,16,130.8603771,130.8603771,168.3157954,130.8603771,130.8603771,0,130.8603771,105.1361985,9.275491286,73.11068084,129.3741476,130.8603771,1,0.101,0.0104,25.540,130.8603771,168.3157954,336.6315909,168.3157954,168.3157954,20,20,1,0,168.3157954,168.3157954,168.3157954,-inf,0.835,0.288,0.009,0.037,130.8603771,0.027,31.463,130.8603771,130.8603771,130.8603771,1,7.101540804,0.786,130.8603771,130.8603771,optimal,217,221,1.1,pass,130.8603771,130.8603771,130.8603771,130.8603771
diverse_rec,movielens_sample20of200_lambda0,20,16,1000,9,1,17,138.7323904,138.7323904,168.3157954,138.7323904,138.7323904,0,138.7323904,106.1913125,10.00282246,75.35865933,135.9716363,138.7323904,1,0.104,0.0096,25.540,138.7323904,168.3157954,336.6315909,168.3157954,168.3157954,20,20,1,0,168.3157954,168.3157954,168.3157954,-inf,0.835,0.315,0.009,0.037,138.7323904,0.027,31.463,138.7323904,138.7323904,138.7323904,1,7.101540804,0.786,138.7323904,138.7323904,optimal,222,225,1.0,pass,138.7323904,138.7323904,138.7323904,138.7323904
diverse_rec,movielens_sample20of200_lambda0,20,17,1000,9,1,18,146.5550473,146.5550473,168.3157954,146.5550473,146.5550473,0,146.5550473,107.1940822,10.18939189,68.15742882,135.9882333,146.5550473,1,0.107,0.0097,25.540,146.5550473,168.3157954,336.6315909,168.3157954,168.3157954,20,20,1,0,168.3157954,168.3157954,168.3157954,-inf,0.835,0.318,0.009,0.037,146.5550473,0.027,31.463,146.5550473,146.5550473,146.5550473,1,7.101540804,0.786,146.5550473,146.5550473,optimal,226,228,1.0,pass,146.5550473,146.5550473,146.5550473,146.5550473
diverse_rec,movielens_sample20of200_lambda0,20,18,1000,9,1,19,154.0440598,154.0440598,168.3157954,154.0440598,154.0440598,0,154.0440598,107.9119465,10.71216249,76.05510479,137.0888026,154.0440598,1,0.109,0.0124,25.540,154.0440598,168.3157954,336.6315909,168.3157954,168.3157954,20,20,1,0,168.3157954,168.3157954,168.3157954,-inf,0.835,0.296,0.009,0.037,154.0440598,0.027,31.463,154.0440598,154.0440598,154.0440598,1,7.101540804,0.786,154.0440598,154.0440598,optimal,229,230,1.0,pass,154.0440598,154.0440598,154.0440598,154.0440598
diverse_rec,movielens_sample20of200_lambda0,20,19,1000,9,1,20,161.2142546,161.2142546,168.3157954,161.2142546,161.2142546,0,161.2142546,108.0335622,11.35579489,73.19087219,144.161311,161.2142546,1,0.111,0.0132,25.540,161.2142546,168.3157954,336.6315909,168.3157954,168.3157954,20,20,1,0,168.3157954,168.3157954,168.3157954,-inf,0.835,0.324,0.009,0.037,161.2142546,0.027,31.463,161.2142546,161.2142546,161.2142546,1,7.101540804,0.786,161.2142546,161.2142546,optimal,231,231,1.0,pass,161.2142546,161.2142546,161.2142546,161.2142546
diverse_rec,movielens_sample20of200_lambda0,20,20,1000,9,1,21,168.3157954,168.3157954,168.3157954,168.3157954,168.3157954,2,168.3157954,108.0865533,11.742478,72.72828858,137.1882343,168.3157954,1,0.112,0.0120,25.540,168.3157954,168.3157954,336.6315909,168.3157954,168.3157954,20,20,1,0,168.3157954,168.3157954,168.3157954,168.3157954,0.835,0.281,0.009,0.037,168.3157954,0.027,31.463,168.3157954,168.3157954,168.3157954,1,7.101540804,0.786,168.3157954,168.3157954,optimal,232,231,0.9,pass,168.3157954,168.3157954,168.3157954,168.3157954
