problem,label,instance,n,seed,k,opt,best_found,greedy,rg_mean,monotone_flag,min_f_a_V_minus_a,m3lit_status,m3fav_status,m3lit_infeasible,m3fav_infeasible,ref_kind,m1_bound,m1_violated,m1_severity,m1_mislead_greedy,m1_mislead_rg_mean,m1_mislead_best_found,m2_bound,m2_violated,m2_severity,m2_mislead_greedy,m2_mislead_rg_mean,m2_mislead_best_found,m3lit_bound,m3lit_violated,m3lit_severity,m3lit_mislead_greedy,m3lit_mislead_rg_mean,m3lit_mislead_best_found,m3fav_bound,m3fav_violated,m3fav_severity,m3fav_mislead_greedy,m3fav_mislead_rg_mean,m3fav_mislead_best_found,a1_bound,a1_violated,a1_severity,a1_mislead_greedy,a1_mislead_rg_mean,a1_mislead_best_found,a2_bound,a2_violated,a2_severity,a2_mislead_greedy,a2_mislead_rg_mean,a2_mislead_best_found,topk_bound,topk_violated,topk_severity,topk_mislead_greedy,topk_mislead_rg_mean,topk_mislead_best_found,marginal_bound,marginal_violated,marginal_severity,marginal_mislead_greedy,marginal_mislead_rg_mean,marginal_mislead_best_found,nmdual_bound,nmdual_violated,nmdual_severity,nmdual_mislead_greedy,nmdual_mislead_rg_mean,nmdual_mislead_best_found,b2_bound,b2_violated,b2_severity,b2_mislead_greedy,b2_mislead_rg_mean,b2_mislead_best_found,hybrid_bound,hybrid_violated,hybrid_severity,hybrid_mislead_greedy,hybrid_mislead_rg_mean,hybrid_mislead_best_found
diverse_rec,ml20_lambda0,movielens_sample20of200_lambda0,20,0,1,9.519434616,9.519434616,9.519434616,9.519434616,1,6.817332175,solved (0.1 s),solved (0.0 s),0,0,opt,9.519434616,0.0,0.0,0.0,0.0,0.0,9.519434616,0.0,0.0,0.0,0.0,0.0,9.51943461617524,0.0,0.0,0.0,0.0,0.0,9.51943461617524,0.0,0.0,0.0,0.0,0.0,9.519434616,0.0,0.0,0.0,0.0,0.0,9.519434616,0.0,0.0,0.0,0.0,0.0,9.519434616,0.0,0.0,0.0,0.0,0.0,9.519434616,0.0,0.0,0.0,0.0,0.0,9.519434616,0.0,0.0,0.0,0.0,0.0,9.519434616,0.0,0.0,0.0,0.0,0.0,9.519434616,0.0,0.0,0.0,0.0,0.0
diverse_rec,ml20_lambda0,movielens_sample20of200_lambda0,20,0,2,19.00844685,19.00844685,19.00844685,18.49572925,1,6.817332175,solved (0.1 s),solved (0.0 s),0,0,opt,19.00844685,0.0,0.0,0.0,0.0,0.0,19.00844685,0.0,0.0,0.0,0.0,0.0,19.008446852178956,0.0,0.0,0.0,0.0,0.0,19.008446852178956,0.0,0.0,0.0,0.0,0.0,19.00844685,0.0,0.0,0.0,0.0,0.0,19.00844685,0.0,0.0,0.0,0.0,0.0,19.00844685,0.0,0.0,0.0,0.0,0.0,19.00844685,0.0,0.0,0.0,0.0,0.0,19.00844685,0.0,0.0,0.0,0.0,0.0,19.00844685,0.0,0.0,0.0,0.0,0.0,19.00844685,0.0,0.0,0.0,0.0,0.0
diverse_rec,ml20_lambda0,movielens_sample20of200_lambda0,20,0,3,27.4602681,27.4602681,27.4602681,26.74888456,1,6.817332175,solved (0.1 s),solved (0.0 s),0,0,opt,27.4602681,0.0,0.0,0.0,0.0,0.0,27.4602681,0.0,0.0,0.0,0.0,0.0,27.46026809869872,0.0,0.0,0.0,0.0,0.0,27.46026809869872,0.0,0.0,0.0,0.0,0.0,27.4602681,0.0,0.0,0.0,0.0,0.0,27.4602681,0.0,0.0,0.0,0.0,0.0,27.4602681,0.0,0.0,0.0,0.0,0.0,27.4602681,0.0,0.0,0.0,0.0,0.0,27.4602681,0.0,0.0,0.0,0.0,0.0,27.4602681,0.0,0.0,0.0,0.0,0.0,27.4602681,0.0,0.0,0.0,0.0,0.0
diverse_rec,ml20_lambda0,movielens_sample20of200_lambda0,20,0,4,35.81207609,35.81207609,35.81207609,35.02445107,1,6.817332175,solved (0.1 s),solved (0.0 s),0,0,opt,35.81207609,0.0,0.0,0.0,0.0,0.0,35.81207609,0.0,0.0,0.0,0.0,0.0,35.81207608596525,0.0,0.0,0.0,0.0,0.0,35.81207608596525,0.0,0.0,0.0,0.0,0.0,35.81207609,0.0,0.0,0.0,0.0,0.0,35.81207609,0.0,0.0,0.0,0.0,0.0,35.81207609,0.0,0.0,0.0,0.0,0.0,35.81207609,0.0,0.0,0.0,0.0,0.0,35.81207609,0.0,0.0,0.0,0.0,0.0,35.81207609,0.0,0.0,0.0,0.0,0.0,35.81207609,0.0,0.0,0.0,0.0,0.0
diverse_rec,ml20_lambda0,movielens_sample20of200_lambda0,20,0,5,44.1625955,44.1625955,44.1625955,43.24426787,1,6.817332175,solved (0.1 s),solved (0.0 s),0,0,opt,44.1625955,0.0,0.0,0.0,0.0,0.0,44.1625955,0.0,0.0,0.0,0.0,0.0,44.162595502045626,0.0,0.0,0.0,0.0,0.0,44.162595502045626,0.0,0.0,0.0,0.0,0.0,44.1625955,0.0,0.0,0.0,0.0,0.0,44.1625955,0.0,0.0,0.0,0.0,0.0,44.1625955,0.0,0.0,0.0,0.0,0.0,44.1625955,0.0,0.0,0.0,0.0,0.0,44.1625955,0.0,0.0,0.0,0.0,0.0,44.1625955,0.0,0.0,0.0,0.0,0.0,44.1625955,0.0,0.0,0.0,0.0,0.0
diverse_rec,ml20_lambda0,movielens_sample20of200_lambda0,20,0,6,52.47987372,52.47987372,52.47987372,51.34422833,1,6.817332175,solved (0.1 s),solved (0.0 s),0,0,opt,52.47987372,0.0,0.0,0.0,0.0,0.0,52.47987372,0.0,0.0,0.0,0.0,0.0,52.47987371636588,0.0,0.0,0.0,0.0,0.0,52.47987371636588,0.0,0.0,0.0,0.0,0.0,52.47987372,0.0,0.0,0.0,0.0,0.0,52.47987372,0.0,0.0,0.0,0.0,0.0,52.47987372,0.0,0.0,0.0,0.0,0.0,52.47987372,0.0,0.0,0.0,0.0,0.0,52.47987372,0.0,0.0,0.0,0.0,0.0,52.47987372,0.0,0.0,0.0,0.0,0.0,52.47987372,0.0,0.0,0.0,0.0,0.0
diverse_rec,ml20_lambda0,movielens_sample20of200_lambda0,20,0,7,60.74544415,60.74544415,60.74544415,59.35663789,1,6.817332175,solved (0.1 s),solved (0.0 s),0,0,opt,60.74544415,0.0,0.0,0.0,0.0,0.0,60.74544415,0.0,0.0,0.0,0.0,0.0,60.7454441543858,0.0,0.0,0.0,0.0,0.0,60.7454441543858,0.0,0.0,0.0,0.0,0.0,60.74544415,0.0,0.0,0.0,0.0,0.0,60.74544415,0.0,0.0,0.0,0.0,0.0,60.74544415,0.0,0.0,0.0,0.0,0.0,60.74544415,0.0,0.0,0.0,0.0,0.0,60.74544415,0.0,0.0,0.0,0.0,0.0,60.74544415,0.0,0.0,0.0,0.0,0.0,60.74544415,0.0,0.0,0.0,0.0,0.0
diverse_rec,ml20_lambda0,movielens_sample20of200_lambda0,20,0,8,69.00020786,69.00020786,69.00020786,67.29098524,1,6.817332175,solved (0.1 s),solved (0.0 s),0,0,opt,69.00020786,0.0,0.0,0.0,0.0,0.0,69.00020786,0.0,0.0,0.0,0.0,0.0,69.00020786395467,0.0,0.0,0.0,0.0,0.0,69.00020786395467,0.0,0.0,0.0,0.0,0.0,69.00020786,0.0,0.0,0.0,0.0,0.0,69.00020786,0.0,0.0,0.0,0.0,0.0,69.00020786,0.0,0.0,0.0,0.0,0.0,69.00020786,0.0,0.0,0.0,0.0,0.0,69.00020786,0.0,0.0,0.0,0.0,0.0,69.00020786,0.0,0.0,0.0,0.0,0.0,69.00020786,0.0,0.0,0.0,0.0,0.0
diverse_rec,ml20_lambda0,movielens_sample20of200_lambda0,20,0,9,77.22172592,77.22172592,77.22172592,74.95785054,1,6.817332175,solved (0.1 s),solved (0.0 s),0,0,opt,77.22172592,0.0,0.0,0.0,0.0,0.0,77.22172592,0.0,0.0,0.0,0.0,0.0,77.22172591650114,0.0,0.0,0.0,0.0,0.0,77.22172591650114,0.0,0.0,0.0,0.0,0.0,77.22172592,0.0,0.0,0.0,0.0,0.0,77.22172592,0.0,0.0,0.0,0.0,0.0,77.22172592,0.0,0.0,0.0,0.0,0.0,77.22172592,0.0,0.0,0.0,0.0,0.0,77.22172592,0.0,0.0,0.0,0.0,0.0,77.22172592,0.0,0.0,0.0,0.0,0.0,77.22172592,0.0,0.0,0.0,0.0,0.0
diverse_rec,ml20_lambda0,movielens_sample20of200_lambda0,20,0,10,85.2238863,85.2238863,85.2238863,82.56442562,1,6.817332175,solved (0.1 s),solved (0.0 s),0,0,opt,85.2238863,0.0,0.0,0.0,0.0,0.0,85.2238863,0.0,0.0,0.0,0.0,0.0,85.22388629915893,0.0,0.0,0.0,0.0,0.0,85.22388629915893,0.0,0.0,0.0,0.0,0.0,85.2238863,0.0,0.0,0.0,0.0,0.0,85.2238863,0.0,0.0,0.0,0.0,0.0,85.2238863,0.0,0.0,0.0,0.0,0.0,85.2238863,0.0,0.0,0.0,0.0,0.0,85.2238863,0.0,0.0,0.0,0.0,0.0,85.2238863,0.0,0.0,0.0,0.0,0.0,85.2238863,0.0,0.0,0.0,0.0,0.0
diverse_rec,ml20_lambda0,movielens_sample20of200_lambda0,20,0,11,93.22399398,93.22399398,93.22399398,89.06206797,1,6.817332175,solved (0.1 s),solved (0.0 s),0,0,opt,93.22399398,0.0,0.0,0.0,0.0,0.0,93.22399398,0.0,0.0,0.0,0.0,0.0,93.22399398194574,0.0,0.0,0.0,0.0,0.0,93.22399398194574,0.0,0.0,0.0,0.0,0.0,93.22399398,0.0,0.0,0.0,0.0,0.0,93.22399398,0.0,0.0,0.0,0.0,0.0,93.22399398,0.0,0.0,0.0,0.0,0.0,93.22399398,0.0,0.0,0.0,0.0,0.0,93.22399398,0.0,0.0,0.0,0.0,0.0,93.22399398,0.0,0.0,0.0,0.0,0.0,93.22399398,0.0,0.0,0.0,0.0,0.0
diverse_rec,ml20_lambda0,movielens_sample20of200_lambda0,20,0,12,101.1571211,101.1571211,101.1571211,93.89511666,1,6.817332175,solved (0.1 s),solved (0.0 s),0,0,opt,101.1571211,0.0,0.0,0.0,0.0,0.0,101.1571211,0.0,0.0,0.0,0.0,0.0,101.15712109568895,0.0,0.0,0.0,0.0,0.0,101.15712109568898,0.0,0.0,0.0,0.0,0.0,101.1571211,0.0,0.0,0.0,0.0,0.0,101.1571211,0.0,0.0,0.0,0.0,0.0,101.1571211,0.0,0.0,0.0,0.0,0.0,101.1571211,0.0,0.0,0.0,0.0,0.0,101.1571211,0.0,0.0,0.0,0.0,0.0,101.1571211,0.0,0.0,0.0,0.0,0.0,101.1571211,0.0,0.0,0.0,0.0,0.0
diverse_rec,ml20_lambda0,movielens_sample20of200_lambda0,20,0,13,108.9960865,108.9960865,108.9960865,96.93866655,1,6.817332175,solved (0.1 s),solved (0.0 s),0,0,opt,108.9960865,0.0,0.0,0.0,0.0,0.0,108.9960865,0.0,0.0,0.0,0.0,0.0,108.99608650690921,0.0,0.0,0.0,0.0,0.0,108.99608650690921,0.0,0.0,0.0,0.0,0.0,108.9960865,0.0,0.0,0.0,0.0,0.0,108.9960865,0.0,0.0,0.0,0.0,0.0,108.9960865,0.0,0.0,0.0,0.0,0.0,108.9960865,0.0,0.0,0.0,0.0,0.0,108.9960865,0.0,0.0,0.0,0.0,0.0,108.9960865,0.0,0.0,0.0,0.0,0.0,108.9960865,0.0,0.0,0.0,0.0,0.0
diverse_rec,ml20_lambda0,movielens_sample20of200_lambda0,20,0,14,116.7617021,116.7617021,116.7617021,99.30500692,1,6.817332175,solved (0.1 s),solved (0.0 s),0,0,opt,116.7617021,0.0,0.0,0.0,0.0,0.0,116.7617021,0.0,0.0,0.0,0.0,0.0,116.76170208589816,0.0,0.0,0.0,0.0,0.0,116.76170208589816,0.0,0.0,0.0,0.0,0.0,116.7617021,0.0,0.0,0.0,0.0,0.0,116.7617021,0.0,0.0,0.0,0.0,0.0,116.7617021,0.0,0.0,0.0,0.0,0.0,116.7617021,0.0,0.0,0.0,0.0,0.0,116.7617021,0.0,0.0,0.0,0.0,0.0,116.7617021,0.0,0.0,0.0,0.0,0.0,116.7617021,0.0,0.0,0.0,0.0,0.0
diverse_rec,ml20_lambda0,movielens_sample20of200_lambda0,20,0,15,124.3911433,124.3911433,124.3911433,100.533974,1,6.817332175,solved (0.1 s),solved (0.0 s),0,0,opt,124.3911433,0.0,0.0,0.0,0.0,0.0,124.3911433,0.0,0.0,0.0,0.0,0.0,124.39114328765585,0.0,0.0,0.0,0.0,0.0,124.39114328765585,0.0,0.0,0.0,0.0,0.0,124.3911433,0.0,0.0,0.0,0.0,0.0,124.3911433,0.0,0.0,0.0,0.0,0.0,124.3911433,0.0,0.0,0.0,0.0,0.0,124.3911433,0.0,0.0,0.0,0.0,0.0,124.3911433,0.0,0.0,0.0,0.0,0.0,124.3911433,0.0,0.0,0.0,0.0,0.0,124.3911433,0.0,0.0,0.0,0.0,0.0
diverse_rec,ml20_lambda0,movielens_sample20of200_lambda0,20,0,16,131.9447154,131.9447154,131.9447154,102.1139646,1,6.817332175,solved (0.1 s),solved (0.0 s),0,0,opt,131.9447154,0.0,0.0,0.0,0.0,0.0,131.9447154,0.0,0.0,0.0,0.0,0.0,131.94471540629718,0.0,0.0,0.0,0.0,0.0,131.94471540629718,0.0,0.0,0.0,0.0,0.0,131.9447154,0.0,0.0,0.0,0.0,0.0,131.9447154,0.0,0.0,0.0,0.0,0.0,131.9447154,0.0,0.0,0.0,0.0,0.0,131.9447154,0.0,0.0,0.0,0.0,0.0,131.9447154,0.0,0.0,0.0,0.0,0.0,131.9447154,0.0,0.0,0.0,0.0,0.0,131.9447154,0.0,0.0,0.0,0.0,0.0
diverse_rec,ml20_lambda0,movielens_sample20of200_lambda0,20,0,17,139.4692343,139.4692343,139.4692343,102.8815384,1,6.817332175,solved (0.1 s),solved (0.0 s),0,0,opt,139.4692343,0.0,0.0,0.0,0.0,0.0,139.4692343,0.0,0.0,0.0,0.0,0.0,139.46923431536666,0.0,0.0,0.0,0.0,0.0,139.46923431536666,0.0,0.0,0.0,0.0,0.0,139.4692343,0.0,0.0,0.0,0.0,0.0,139.4692343,0.0,0.0,0.0,0.0,0.0,139.4692343,0.0,0.0,0.0,0.0,0.0,139.4692343,0.0,0.0,0.0,0.0,0.0,139.4692343,0.0,0.0,0.0,0.0,0.0,139.4692343,0.0,0.0,0.0,0.0,0.0,139.4692343,0.0,0.0,0.0,0.0,0.0
diverse_rec,ml20_lambda0,movielens_sample20of200_lambda0,20,0,18,146.8684329,146.8684329,146.8684329,102.6999581,1,6.817332175,solved (0.1 s),solved (0.0 s),0,0,opt,146.8684329,0.0,0.0,0.0,0.0,0.0,146.8684329,0.0,0.0,0.0,0.0,0.0,146.86843293227406,0.0,0.0,0.0,0.0,0.0,146.86843293227406,0.0,0.0,0.0,0.0,0.0,146.8684329,0.0,0.0,0.0,0.0,0.0,146.8684329,0.0,0.0,0.0,0.0,0.0,146.8684329,0.0,0.0,0.0,0.0,0.0,146.8684329,0.0,0.0,0.0,0.0,0.0,146.8684329,0.0,0.0,0.0,0.0,0.0,146.8684329,0.0,0.0,0.0,0.0,0.0,146.8684329,0.0,0.0,0.0,0.0,0.0
diverse_rec,ml20_lambda0,movielens_sample20of200_lambda0,20,0,19,153.9634514,153.9634514,153.9634514,103.2377864,1,6.817332175,solved (0.1 s),solved (0.0 s),0,0,opt,153.9634514,0.0,0.0,0.0,0.0,0.0,153.9634514,0.0,0.0,0.0,0.0,0.0,153.96345139042322,0.0,0.0,0.0,0.0,0.0,153.96345139042322,0.0,0.0,0.0,0.0,0.0,153.9634514,0.0,0.0,0.0,0.0,0.0,153.9634514,0.0,0.0,0.0,0.0,0.0,153.9634514,0.0,0.0,0.0,0.0,0.0,153.9634514,0.0,0.0,0.0,0.0,0.0,153.9634514,0.0,0.0,0.0,0.0,0.0,153.9634514,0.0,0.0,0.0,0.0,0.0,153.9634514,0.0,0.0,0.0,0.0,0.0
diverse_rec,ml20_lambda0,movielens_sample20of200_lambda0,20,0,20,160.7807836,160.7807836,160.7807836,103.2679058,1,6.817332175,solved (0.1 s),solved (0.0 s),0,0,opt,160.7807836,0.0,0.0,0.0,0.0,0.0,160.7807836,0.0,0.0,0.0,0.0,0.0,160.78078356577083,0.0,0.0,0.0,0.0,0.0,160.78078356577083,0.0,0.0,0.0,0.0,0.0,160.780783516,0.0,0.0,0.0,0.0,0.0,160.7807836,0.0,0.0,0.0,0.0,0.0,160.7807836,0.0,0.0,0.0,0.0,0.0,160.7807836,0.0,0.0,0.0,0.0,0.0,160.7807836,0.0,0.0,0.0,0.0,0.0,160.7807836,0.0,0.0,0.0,0.0,0.0,160.7807836,0.0,0.0,0.0,0.0,0.0
diverse_rec,ml20_lambda0,movielens_sample20of200_lambda0,20,1,1,9.78657435,9.78657435,9.78657435,9.78657435,1,6.655316458,solved (0.1 s),solved (0.0 s),0,0,opt,9.78657435,0.0,0.0,0.0,0.0,0.0,9.78657435,0.0,0.0,0.0,0.0,0.0,9.786574350404328,0.0,0.0,0.0,0.0,0.0,9.786574350404328,0.0,0.0,0.0,0.0,0.0,9.78657435,0.0,0.0,0.0,0.0,0.0,9.78657435,0.0,0.0,0.0,0.0,0.0,9.78657435,0.0,0.0,0.0,0.0,0.0,9.78657435,0.0,0.0,0.0,0.0,0.0,9.78657435,0.0,0.0,0.0,0.0,0.0,9.78657435,0.0,0.0,0.0,0.0,0.0,9.78657435,0.0,0.0,0.0,0.0,0.0
diverse_rec,ml20_lambda0,movielens_sample20of200_lambda0,20,1,2,18.97702199,18.97702199,18.97702199,18.80906701,1,6.655316458,solved (0.1 s),solved (0.0 s),0,0,opt,18.97702199,0.0,0.0,0.0,0.0,0.0,18.97702199,0.0,0.0,0.0,0.0,0.0,18.977021989021424,0.0,0.0,0.0,0.0,0.0,18.977021989021424,0.0,0.0,0.0,0.0,0.0,18.97702199,0.0,0.0,0.0,0.0,0.0,18.97702199,0.0,0.0,0.0,0.0,0.0,18.97702199,0.0,0.0,0.0,0.0,0.0,18.97702199,0.0,0.0,0.0,0.0,0.0,18.97702199,0.0,0.0,0.0,0.0,0.0,18.97702199,0.0,0.0,0.0,0.0,0.0,18.97702199,0.0,0.0,0.0,0.0,0.0
diverse_rec,ml20_lambda0,movielens_sample20of200_lambda0,20,1,3,28.13820293,28.13820293,28.13820293,27.79611316,1,6.655316458,solved (0.1 s),solved (0.0 s),0,0,opt,28.13820293,0.0,0.0,0.0,0.0,0.0,28.13820293,0.0,0.0,0.0,0.0,0.0,28.138202934512755,0.0,0.0,0.0,0.0,0.0,28.138202934512755,0.0,0.0,0.0,0.0,0.0,28.13820293,0.0,0.0,0.0,0.0,0.0,28.13820293,0.0,0.0,0.0,0.0,0.0,28.13820293,0.0,0.0,0.0,0.0,0.0,28.13820293,0.0,0.0,0.0,0.0,0.0,28.13820293,0.0,0.0,0.0,0.0,0.0,28.13820293,0.0,0.0,0.0,0.0,0.0,28.13820293,0.0,0.0,0.0,0.0,0.0
diverse_rec,ml20_lambda0,movielens_sample20of200_lambda0,20,1,4,37.25273946,37.25273946,37.25273946,36.55703408,1,6.655316458,solved (0.1 s),solved (0.0 s),0,0,opt,37.25273946,0.0,0.0,0.0,0.0,0.0,37.25273946,0.0,0.0,0.0,0.0,0.0,37.252739458599656,0.0,0.0,0.0,0.0,0.0,37.252739458599656,0.0,0.0,0.0,0.0,0.0,37.25273946,0.0,0.0,0.0,0.0,0.0,37.25273946,0.0,0.0,0.0,0.0,0.0,37.25273946,0.0,0.0,0.0,0.0,0.0,37.25273946,0.0,0.0,0.0,0.0,0.0,37.25273946,0.0,0.0,0.0,0.0,0.0,37.25273946,0.0,0.0,0.0,0.0,0.0,37.25273946,0.0,0.0,0.0,0.0,0.0
diverse_rec,ml20_lambda0,movielens_sample20of200_lambda0,20,1,5,46.08297705,46.08297705,46.08297705,45.09963581,1,6.655316458,solved (0.1 s),solved (0.0 s),0,0,opt,46.08297705,0.0,0.0,0.0,0.0,0.0,46.08297705,0.0,0.0,0.0,0.0,0.0,46.08297704738586,0.0,0.0,0.0,0.0,0.0,46.08297704738586,0.0,0.0,0.0,0.0,0.0,46.08297705,0.0,0.0,0.0,0.0,0.0,46.08297705,0.0,0.0,0.0,0.0,0.0,46.08297705,0.0,0.0,0.0,0.0,0.0,46.08297705,0.0,0.0,0.0,0.0,0.0,46.08297705,0.0,0.0,0.0,0.0,0.0,46.08297705,0.0,0.0,0.0,0.0,0.0,46.08297705,0.0,0.0,0.0,0.0,0.0
diverse_rec,ml20_lambda0,movielens_sample20of200_lambda0,20,1,6,54.8508457,54.8508457,54.8508457,53.50412638,1,6.655316458,solved (0.1 s),solved (0.0 s),0,0,opt,54.8508457,0.0,0.0,0.0,0.0,0.0,54.8508457,0.0,0.0,0.0,0.0,0.0,54.85084570415733,0.0,0.0,0.0,0.0,0.0,54.85084570415734,0.0,0.0,0.0,0.0,0.0,54.8508457,0.0,0.0,0.0,0.0,0.0,54.8508457,0.0,0.0,0.0,0.0,0.0,54.8508457,0.0,0.0,0.0,0.0,0.0,54.8508457,0.0,0.0,0.0,0.0,0.0,54.8508457,0.0,0.0,0.0,0.0,0.0,54.8508457,0.0,0.0,0.0,0.0,0.0,54.8508457,0.0,0.0,0.0,0.0,0.0
diverse_rec,ml20_lambda0,movielens_sample20of200_lambda0,20,1,7,63.43235146,63.43235146,63.43235146,61.67141082,1,6.655316458,solved (0.1 s),solved (0.0 s),0,0,opt,63.43235146,0.0,0.0,0.0,0.0,0.0,63.43235146,0.0,0.0,0.0,0.0,0.0,63.43235146296444,0.0,0.0,0.0,0.0,0.0,63.43235146296444,0.0,0.0,0.0,0.0,0.0,63.43235146,0.0,0.0,0.0,0.0,0.0,63.43235146,0.0,0.0,0.0,0.0,0.0,63.43235146,0.0,0.0,0.0,0.0,0.0,63.43235146,0.0,0.0,0.0,0.0,0.0,63.43235146,0.0,0.0,0.0,0.0,0.0,63.43235146,0.0,0.0,0.0,0.0,0.0,63.43235146,0.0,0.0,0.0,0.0,0.0
diverse_rec,ml20_lambda0,movielens_sample20of200_lambda0,20,1,8,72.00787226,72.00787226,72.00787226,69.62729965,1,6.655316458,solved (0.1 s),solved (0.0 s),0,0,opt,72.00787226,0.0,0.0,0.0,0.0,0.0,72.00787226,0.0,0.0,0.0,0.0,0.0,72.00787226493321,0.0,0.0,0.0,0.0,0.0,72.00787226493321,0.0,0.0,0.0,0.0,0.0,72.00787226,0.0,0.0,0.0,0.0,0.0,72.00787226,0.0,0.0,0.0,0.0,0.0,72.00787226,0.0,0.0,0.0,0.0,0.0,72.00787226,0.0,0.0,0.0,0.0,0.0,72.00787226,0.0,0.0,0.0,0.0,0.0,72.00787226,0.0,0.0,0.0,0.0,0.0,72.00787226,0.0,0.0,0.0,0.0,0.0
diverse_rec,ml20_lambda0,movielens_sample20of200_lambda0,20,1,9,80.34795367,80.34795367,80.34795367,77.46119008,1,6.655316458,solved (0.1 s),solved (0.0 s),0,0,opt,80.34795367,0.0,0.0,0.0,0.0,0.0,80.34795367,0.0,0.0,0.0,0.0,0.0,80.34795367244112,0.0,0.0,0.0,0.0,0.0,80.34795367244112,0.0,0.0,0.0,0.0,0.0,80.34795367,0.0,0.0,0.0,0.0,0.0,80.34795367,0.0,0.0,0.0,0.0,0.0,80.34795367,0.0,0.0,0.0,0.0,0.0,80.34795367,0.0,0.0,0.0,0.0,0.0,80.34795367,0.0,0.0,0.0,0.0,0.0,80.34795367,0.0,0.0,0.0,0.0,0.0,80.34795367,0.0,0.0,0.0,0.0,0.0
diverse_rec,ml20_lambda0,movielens_sample20of200_lambda0,20,1,10,88.64361785,88.64361785,88.64361785,84.98499937,1,6.655316458,solved (0.1 s),solved (0.0 s),0,0,opt,88.64361785,0.0,0.0,0.0,0.0,0.0,88.64361785,0.0,0.0,0.0,0.0,0.0,88.64361784905414,0.0,0.0,0.0,0.0,0.0,88.64361784905414,0.0,0.0,0.0,0.0,0.0,88.64361785,0.0,0.0,0.0,0.0,0.0,88.64361785,0.0,0.0,0.0,0.0,0.0,88.64361785,0.0,0.0,0.0,0.0,0.0,88.64361785,0.0,0.0,0.0,0.0,0.0,88.64361785,0.0,0.0,0.0,0.0,0.0,88.64361785,0.0,0.0,0.0,0.0,0.0,88.64361785,0.0,0.0,0.0,0.0,0.0
diverse_rec,ml20_lambda0,movielens_sample20of200_lambda0,20,1,11,96.84683468,96.84683468,96.84683468,91.74121422,1,6.655316458,solved (0.1 s),solved (0.0 s),0,0,opt,96.84683468,0.0,0.0,0.0,0.0,0.0,96.84683468,0.0,0.0,0.0,0.0,0.0,96.84683467658353,0.0,0.0,0.0,0.0,0.0,96.84683467658353,0.0,0.0,0.0,0.0,0.0,96.84683468,0.0,0.0,0.0,0.0,0.0,96.84683468,0.0,0.0,0.0,0.0,0.0,96.84683468,0.0,0.0,0.0,0.0,0.0,96.84683468,0.0,0.0,0.0,0.0,0.0,96.84683468,0.0,0.0,0.0,0.0,0.0,96.84683468,0.0,0.0,0.0,0.0,0.0,96.84683468,0.0,0.0,0.0,0.0,0.0
diverse_rec,ml20_lambda0,movielens_sample20of200_lambda0,20,1,12,104.9572522,104.9572522,104.9572522,96.08637254,1,6.655316458,solved (0.1 s),solved (0.0 s),0,0,opt,104.9572522,0.0,0.0,0.0,0.0,0.0,104.9572522,0.0,0.0,0.0,0.0,0.0,104.95725222202238,0.0,0.0,0.0,0.0,0.0,104.95725222202236,0.0,0.0,0.0,0.0,0.0,104.9572522,0.0,0.0,0.0,0.0,0.0,104.9572522,0.0,0.0,0.0,0.0,0.0,104.9572522,0.0,0.0,0.0,0.0,0.0,104.9572522,0.0,0.0,0.0,0.0,0.0,104.9572522,0.0,0.0,0.0,0.0,0.0,104.9572522,0.0,0.0,0.0,0.0,0.0,104.9572522,0.0,0.0,0.0,0.0,0.0
diverse_rec,ml20_lambda0,movielens_sample20of200_lambda0,20,1,13,112.9354075,112.9354075,112.9354075,99.04595195,1,6.655316458,solved (0.1 s),solved (0.0 s),0,0,opt,112.9354075,0.0,0.0,0.0,0.0,0.0,112.9354075,0.0,0.0,0.0,0.0,0.0,112.93540751734368,0.0,0.0,0.0,0.0,0.0,112.93540751734368,0.0,0.0,0.0,0.0,0.0,112.9354075,0.0,0.0,0.0,0.0,0.0,112.9354075,0.0,0.0,0.0,0.0,0.0,112.9354075,0.0,0.0,0.0,0.0,0.0,112.9354075,0.0,0.0,0.0,0.0,0.0,112.9354075,0.0,0.0,0.0,0.0,0.0,112.9354075,0.0,0.0,0.0,0.0,0.0,112.9354075,0.0,0.0,0.0,0.0,0.0
diverse_rec,ml20_lambda0,movielens_sample20of200_lambda0,20,1,14,120.8492763,120.8492763,120.8492763,101.5895839,1,6.655316458,solved (0.1 s),solved (0.0 s),0,0,opt,120.8492763,0.0,0.0,0.0,0.0,0.0,120.8492763,0.0,0.0,0.0,0.0,0.0,120.84927628641319,0.0,0.0,0.0,0.0,0.0,120.84927628641316,0.0,0.0,0.0,0.0,0.0,120.8492763,0.0,0.0,0.0,0.0,0.0,120.8492763,0.0,0.0,0.0,0.0,0.0,120.8492763,0.0,0.0,0.0,0.0,0.0,120.8492763,0.0,0.0,0.0,0.0,0.0,120.8492763,0.0,0.0,0.0,0.0,0.0,120.8492763,0.0,0.0,0.0,0.0,0.0,120.8492763,0.0,0.0,0.0,0.0,0.0
diverse_rec,ml20_lambda0,movielens_sample20of200_lambda0,20,1,15,128.4922827,128.4922827,128.4922827,103.0772621,1,6.655316458,solved (0.1 s),solved (0.0 s),0,0,opt,128.4922827,0.0,0.0,0.0,0.0,0.0,128.4922827,0.0,0.0,0.0,0.0,0.0,128.49228269233475,0.0,0.0,0.0,0.0,0.0,128.49228269233473,0.0,0.0,0.0,0.0,0.0,128.4922827,0.0,0.0,0.0,0.0,0.0,128.4922827,0.0,0.0,0.0,0.0,0.0,128.4922827,0.0,0.0,0.0,0.0,0.0,128.4922827,0.0,0.0,0.0,0.0,0.0,128.4922827,0.0,0.0,0.0,0.0,0.0,128.4922827,0.0,0.0,0.0,0.0,0.0,128.4922827,0.0,0.0,0.0,0.0,0.0
diverse_rec,ml20_lambda0,movielens_sample20of200_lambda0,20,1,16,135.9958885,135.9958885,135.9958885,103.693167,1,6.655316458,solved (0.1 s),solved (0.0 s),0,0,opt,135.9958885,0.0,0.0,0.0,0.0,0.0,135.9958885,0.0,0.0,0.0,0.0,0.0,135.99588854919804,0.0,0.0,0.0,0.0,0.0,135.99588854919804,0.0,0.0,0.0,0.0,0.0,135.9958885,0.0,0.0,0.0,0.0,0.0,135.9958885,0.0,0.0,0.0,0.0,0.0,135.9958885,0.0,0.0,0.0,0.0,0.0,135.9958885,0.0,0.0,0.0,0.0,0.0,135.9958885,0.0,0.0,0.0,0.0,0.0,135.9958885,0.0,0.0,0.0,0.0,0.0,135.9958885,0.0,0.0,0.0,0.0,0.0
diverse_rec,ml20_lambda0,movielens_sample20of200_lambda0,20,1,17,143.3970774,143.3970774,143.3970774,104.4771587,1,6.655316458,solved (0.1 s),solved (0.0 s),0,0,opt,143.3970774,0.0,0.0,0.0,0.0,0.0,143.3970774,0.0,0.0,0.0,0.0,0.0,143.39707736757316,0.0,0.0,0.0,0.0,0.0,143.3970773675731,0.0,0.0,0.0,0.0,0.0,143.3970774,0.0,0.0,0.0,0.0,0.0,143.3970774,0.0,0.0,0.0,0.0,0.0,143.3970774,0.0,0.0,0.0,0.0,0.0,143.3970774,0.0,0.0,0.0,0.0,0.0,143.3970774,0.0,0.0,0.0,0.0,0.0,143.3970774,0.0,0.0,0.0,0.0,0.0,143.3970774,0.0,0.0,0.0,0.0,0.0
diverse_rec,ml20_lambda0,movielens_sample20of200_lambda0,20,1,18,150.7206584,150.7206584,150.7206584,104.8099843,1,6.655316458,solved (0.1 s),solved (0.0 s),0,0,opt,150.7206584,0.0,0.0,0.0,0.0,0.0,150.7206584,0.0,0.0,0.0,0.0,0.0,150.72065835935985,0.0,0.0,0.0,0.0,0.0,150.7206583593598,0.0,0.0,0.0,0.0,0.0,150.7206584,0.0,0.0,0.0,0.0,0.0,150.7206584,0.0,0.0,0.0,0.0,0.0,150.7206584,0.0,0.0,0.0,0.0,0.0,150.7206584,0.0,0.0,0.0,0.0,0.0,150.7206584,0.0,0.0,0.0,0.0,0.0,150.7206584,0.0,0.0,0.0,0.0,0.0,150.7206584,0.0,0.0,0.0,0.0,0.0
diverse_rec,ml20_lambda0,movielens_sample20of200_lambda0,20,1,19,157.5684869,157.5684869,157.5684869,105.1478751,1,6.655316458,solved (0.1 s),solved (0.0 s),0,0,opt,157.5684869,0.0,0.0,0.0,0.0,0.0,157.5684869,0.0,0.0,0.0,0.0,0.0,157.56848691975136,0.0,0.0,0.0,0.0,0.0,157.56848691975136,0.0,0.0,0.0,0.0,0.0,157.5684869,0.0,0.0,0.0,0.0,0.0,157.5684869,0.0,0.0,0.0,0.0,0.0,157.5684869,0.0,0.0,0.0,0.0,0.0,157.5684869,0.0,0.0,0.0,0.0,0.0,157.5684869,0.0,0.0,0.0,0.0,0.0,157.5684869,0.0,0.0,0.0,0.0,0.0,157.5684869,0.0,0.0,0.0,0.0,0.0
diverse_rec,ml20_lambda0,movielens_sample20of200_lambda0,20,1,20,164.2238034,164.2238034,164.2238034,104.7618418,1,6.655316458,solved (0.1 s),solved (0.0 s),0,0,opt,164.2238034,0.0,0.0,0.0,0.0,0.0,164.2238034,0.0,0.0,0.0,0.0,0.0,164.22380337806092,0.0,0.0,0.0,0.0,0.0,164.22380337806092,0.0,0.0,0.0,0.0,0.0,164.22380333,0.0,0.0,0.0,0.0,0.0,164.2238034,0.0,0.0,0.0,0.0,0.0,164.2238034,0.0,0.0,0.0,0.0,0.0,164.2238034,0.0,0.0,0.0,0.0,0.0,164.2238034,0.0,0.0,0.0,0.0,0.0,164.2238034,0.0,0.0,0.0,0.0,0.0,164.2238034,0.0,0.0,0.0,0.0,0.0
diverse_rec,ml20_lambda0,movielens_sample20of200_lambda0,20,2,1,9.507074946,9.507074946,9.507074946,9.507074946,1,6.46416669,solved (0.1 s),solved (0.0 s),0,0,opt,9.507074946,0.0,0.0,0.0,0.0,0.0,9.507074946,0.0,0.0,0.0,0.0,0.0,9.507074945866336,0.0,0.0,0.0,0.0,0.0,9.507074945866336,0.0,0.0,0.0,0.0,0.0,9.507074946,0.0,0.0,0.0,0.0,0.0,9.507074946,0.0,0.0,0.0,0.0,0.0,9.507074946,0.0,0.0,0.0,0.0,0.0,9.507074946,0.0,0.0,0.0,0.0,0.0,9.507074946,0.0,0.0,0.0,0.0,0.0,9.507074946,0.0,0.0,0.0,0.0,0.0,9.507074946,0.0,0.0,0.0,0.0,0.0
diverse_rec,ml20_lambda0,movielens_sample20of200_lambda0,20,2,2,18.98571089,18.98571089,18.98571089,18.72246763,1,6.46416669,solved (0.1 s),solved (0.0 s),0,0,opt,18.98571089,0.0,0.0,0.0,0.0,0.0,18.98571089,0.0,0.0,0.0,0.0,0.0,18.9857108907441,0.0,0.0,0.0,0.0,0.0,18.9857108907441,0.0,0.0,0.0,0.0,0.0,18.98571089,0.0,0.0,0.0,0.0,0.0,18.98571089,0.0,0.0,0.0,0.0,0.0,18.98571089,0.0,0.0,0.0,0.0,0.0,18.98571089,0.0,0.0,0.0,0.0,0.0,18.98571089,0.0,0.0,0.0,0.0,0.0,18.98571089,0.0,0.0,0.0,0.0,0.0,18.98571089,0.0,0.0,0.0,0.0,0.0
diverse_rec,ml20_lambda0,movielens_sample20of200_lambda0,20,2,3,27.92920575,27.92920575,27.92920575,27.54354526,1,6.46416669,solved (0.1 s),solved (0.0 s),0,0,opt,27.92920575,0.0,0.0,0.0,0.0,0.0,27.92920575,0.0,0.0,0.0,0.0,0.0,27.929205745696656,0.0,0.0,0.0,0.0,0.0,27.929205745696656,0.0,0.0,0.0,0.0,0.0,27.92920575,0.0,0.0,0.0,0.0,0.0,27.92920575,0.0,0.0,0.0,0.0,0.0,27.92920575,0.0,0.0,0.0,0.0,0.0,27.92920575,0.0,0.0,0.0,0.0,0.0,27.92920575,0.0,0.0,0.0,0.0,0.0,27.92920575,0.0,0.0,0.0,0.0,0.0,27.92920575,0.0,0.0,0.0,0.0,0.0
diverse_rec,ml20_lambda0,movielens_sample20of200_lambda0,20,2,4,36.78929933,36.78929933,36.78929933,36.04148647,1,6.46416669,solved (0.1 s),solved (0.0 s),0,0,opt,36.78929933,0.0,0.0,0.0,0.0,0.0,36.78929933,0.0,0.0,0.0,0.0,0.0,36.78929933368163,0.0,0.0,0.0,0.0,0.0,36.78929933368163,0.0,0.0,0.0,0.0,0.0,36.78929933,0.0,0.0,0.0,0.0,0.0,36.78929933,0.0,0.0,0.0,0.0,0.0,36.78929933,0.0,0.0,0.0,0.0,0.0,36.78929933,0.0,0.0,0.0,0.0,0.0,36.78929933,0.0,0.0,0.0,0.0,0.0,36.78929933,0.0,0.0,0.0,0.0,0.0,36.78929933,0.0,0.0,0.0,0.0,0.0
diverse_rec,ml20_lambda0,movielens_sample20of200_lambda0,20,2,5,45.64063306,45.64063306,45.64063306,44.35161226,1,6.46416669,solved (0.1 s),solved (0.0 s),0,0,opt,45.64063306,0.0,0.0,0.0,0.0,0.0,45.64063306,0.0,0.0,0.0,0.0,0.0,45.640633061943575,0.0,0.0,0.0,0.0,0.0,45.640633061943575,0.0,0.0,0.0,0.0,0.0,45.64063306,0.0,0.0,0.0,0.0,0.0,45.64063306,0.0,0.0,0.0,0.0,0.0,45.64063306,0.0,0.0,0.0,0.0,0.0,45.64063306,0.0,0.0,0.0,0.0,0.0,45.64063306,0.0,0.0,0.0,0.0,0.0,45.64063306,0.0,0.0,0.0,0.0,0.0,45.64063306,0.0,0.0,0.0,0.0,0.0
diverse_rec,ml20_lambda0,movielens_sample20of200_lambda0,20,2,6,54.03578455,54.03578455,54.03578455,52.39096518,1,6.46416669,solved (0.1 s),solved (0.0 s),0,0,opt,54.03578455,0.0,0.0,0.0,0.0,0.0,54.03578455,0.0,0.0,0.0,0.0,0.0,54.03578454860047,0.0,0.0,0.0,0.0,0.0,54.03578454860047,0.0,0.0,0.0,0.0,0.0,54.03578455,0.0,0.0,0.0,0.0,0.0,54.03578455,0.0,0.0,0.0,0.0,0.0,54.03578455,0.0,0.0,0.0,0.0,0.0,54.03578455,0.0,0.0,0.0,0.0,0.0,54.03578455,0.0,0.0,0.0,0.0,0.0,54.03578455,0.0,0.0,0.0,0.0,0.0,54.03578455,0.0,0.0,0.0,0.0,0.0
diverse_rec,ml20_lambda0,movielens_sample20of200_lambda0,20,2,7,62.3749889,62.3749889,62.3749889,60.30425448,1,6.46416669,solved (0.1 s),solved (0.0 s),0,0,opt,62.3749889,0.0,0.0,0.0,0.0,0.0,62.3749889,0.0,0.0,0.0,0.0,0.0,62.374988902310854,0.0,0.0,0.0,0.0,0.0,62.37498890231086,0.0,0.0,0.0,0.0,0.0,62.3749889,0.0,0.0,0.0,0.0,0.0,62.3749889,0.0,0.0,0.0,0.0,0.0,62.3749889,0.0,0.0,0.0,0.0,0.0,62.3749889,0.0,0.0,0.0,0.0,0.0,62.3749889,0.0,0.0,0.0,0.0,0.0,62.3749889,0.0,0.0,0.0,0.0,0.0,62.3749889,0.0,0.0,0.0,0.0,0.0
diverse_rec,ml20_lambda0,movielens_sample20of200_lambda0,20,2,8,70.65930053,70.65930053,70.65930053,68.02235989,1,6.46416669,solved (0.1 s),solved (0.0 s),0,0,opt,70.65930053,0.0,0.0,0.0,0.0,0.0,70.65930053,0.0,0.0,0.0,0.0,0.0,70.65930053020166,0.0,0.0,0.0,0.0,0.0,70.65930053020166,0.0,0.0,0.0,0.0,0.0,70.65930053,0.0,0.0,0.0,0.0,0.0,70.65930053,0.0,0.0,0.0,0.0,0.0,70.65930053,0.0,0.0,0.0,0.0,0.0,70.65930053,0.0,0.0,0.0,0.0,0.0,70.65930053,0.0,0.0,0.0,0.0,0.0,70.65930053,0.0,0.0,0.0,0.0,0.0,70.65930053,0.0,0.0,0.0,0.0,0.0
diverse_rec,ml20_lambda0,movielens_sample20of200_lambda0,20,2,9,78.90308667,78.90308667,78.90308667,75.51637152,1,6.46416669,solved (0.1 s),solved (0.0 s),0,0,opt,78.90308667,0.0,0.0,0.0,0.0,0.0,78.90308667,0.0,0.0,0.0,0.0,0.0,78.9030866678093,0.0,0.0,0.0,0.0,0.0,78.9030866678093,0.0,0.0,0.0,0.0,0.0,78.90308667,0.0,0.0,0.0,0.0,0.0,78.90308667,0.0,0.0,0.0,0.0,0.0,78.90308667,0.0,0.0,0.0,0.0,0.0,78.90308667,0.0,0.0,0.0,0.0,0.0,78.90308667,0.0,0.0,0.0,0.0,0.0,78.90308667,0.0,0.0,0.0,0.0,0.0,78.90308667,0.0,0.0,0.0,0.0,0.0
diverse_rec,ml20_lambda0,movielens_sample20of200_lambda0,20,2,10,86.87397301,86.87397301,86.87397301,82.97370682,1,6.46416669,solved (0.1 s),solved (0.0 s),0,0,opt,86.87397301,0.0,0.0,0.0,0.0,0.0,86.87397301,0.0,0.0,0.0,0.0,0.0,86.87397300910737,0.0,0.0,0.0,0.0,0.0,86.87397300910737,0.0,0.0,0.0,0.0,0.0,86.87397301,0.0,0.0,0.0,0.0,0.0,86.87397301,0.0,0.0,0.0,0.0,0.0,86.87397301,0.0,0.0,0.0,0.0,0.0,86.87397301,0.0,0.0,0.0,0.0,0.0,86.87397301,0.0,0.0,0.0,0.0,0.0,86.87397301,0.0,0.0,0.0,0.0,0.0,86.87397301,0.0,0.0,0.0,0.0,0.0
diverse_rec,ml20_lambda0,movielens_sample20of200_lambda0,20,2,11,94.68421575,94.68421575,94.68421575,89.42496769,1,6.46416669,solved (0.1 s),solved (0.0 s),0,0,opt,94.68421575,0.0,0.0,0.0,0.0,0.0,94.68421575,0.0,0.0,0.0,0.0,0.0,94.68421574676,0.0,0.0,0.0,0.0,0.0,94.68421574676002,0.0,0.0,0.0,0.0,0.0,94.68421575,0.0,0.0,0.0,0.0,0.0,94.68421575,0.0,0.0,0.0,0.0,0.0,94.68421575,0.0,0.0,0.0,0.0,0.0,94.68421575,0.0,0.0,0.0,0.0,0.0,94.68421575,0.0,0.0,0.0,0.0,0.0,94.68421575,0.0,0.0,0.0,0.0,0.0,94.68421575,0.0,0.0,0.0,0.0,0.0
diverse_rec,ml20_lambda0,movielens_sample20of200_lambda0,20,2,12,102.3855187,102.3855187,102.3855187,93.69730395,1,6.46416669,solved (0.1 s),solved (0.0 s),0,0,opt,102.3855187,0.0,0.0,0.0,0.0,0.0,102.3855187,0.0,0.0,0.0,0.0,0.0,102.38551869252153,0.0,0.0,0.0,0.0,0.0,102.38551869252152,0.0,0.0,0.0,0.0,0.0,102.3855187,0.0,0.0,0.0,0.0,0.0,102.3855187,0.0,0.0,0.0,0.0,0.0,102.3855187,0.0,0.0,0.0,0.0,0.0,102.3855187,0.0,0.0,0.0,0.0,0.0,102.3855187,0.0,0.0,0.0,0.0,0.0,102.3855187,0.0,0.0,0.0,0.0,0.0,102.3855187,0.0,0.0,0.0,0.0,0.0
diverse_rec,ml20_lambda0,movielens_sample20of200_lambda0,20,2,13,110.0283277,110.0283277,110.0283277,97.02108436,1,6.46416669,solved (0.1 s),solved (0.0 s),0,0,opt,110.0283277,0.0,0.0,0.0,0.0,0.0,110.0283277,0.0,0.0,0.0,0.0,0.0,110.02832767899731,0.0,0.0,0.0,0.0,0.0,110.0283276789973,0.0,0.0,0.0,0.0,0.0,110.0283277,0.0,0.0,0.0,0.0,0.0,110.0283277,0.0,0.0,0.0,0.0,0.0,110.0283277,0.0,0.0,0.0,0.0,0.0,110.0283277,0.0,0.0,0.0,0.0,0.0,110.0283277,0.0,0.0,0.0,0.0,0.0,110.0283277,0.0,0.0,0.0,0.0,0.0,110.0283277,0.0,0.0,0.0,0.0,0.0
diverse_rec,ml20_lambda0,movielens_sample20of200_lambda0,20,2,14,117.6258465,117.6258465,117.6258465,99.00739602,1,6.46416669,solved (0.1 s),solved (0.0 s),0,0,opt,117.6258465,0.0,0.0,0.0,0.0,0.0,117.6258465,0.0,0.0,0.0,0.0,0.0,117.62584648761054,0.0,0.0,0.0,0.0,0.0,117.62584648761053,0.0,0.0,0.0,0.0,0.0,117.6258465,0.0,0.0,0.0,0.0,0.0,117.6258465,0.0,0.0,0.0,0.0,0.0,117.6258465,0.0,0.0,0.0,0.0,0.0,117.6258465,0.0,0.0,0.0,0.0,0.0,117.6258465,0.0,0.0,0.0,0.0,0.0,117.6258465,0.0,0.0,0.0,0.0,0.0,117.6258465,0.0,0.0,0.0,0.0,0.0
diverse_rec,ml20_lambda0,movielens_sample20of200_lambda0,20,2,15,125.1784783,125.1784783,125.1784783,100.502864,1,6.46416669,solved (0.1 s),solved (0.0 s),0,0,opt,125.1784783,0.0,0.0,0.0,0.0,0.0,125.1784783,0.0,0.0,0.0,0.0,0.0,125.17847834534768,0.0,0.0,0.0,0.0,0.0,125.17847834534768,0.0,0.0,0.0,0.0,0.0,125.1784783,0.0,0.0,0.0,0.0,0.0,125.1784783,0.0,0.0,0.0,0.0,0.0,125.1784783,0.0,0.0,0.0,0.0,0.0,125.1784783,0.0,0.0,0.0,0.0,0.0,125.1784783,0.0,0.0,0.0,0.0,0.0,125.1784783,0.0,0.0,0.0,0.0,0.0,125.1784783,0.0,0.0,0.0,0.0,0.0
diverse_rec,ml20_lambda0,movielens_sample20of200_lambda0,20,2,16,132.5680944,132.5680944,132.5680944,101.2929382,1,6.46416669,solved (0.1 s),solved (0.0 s),0,0,opt,132.5680944,0.0,0.0,0.0,0.0,0.0,132.5680944,0.0,0.0,0.0,0.0,0.0,132.5680944139445,0.0,0.0,0.0,0.0,0.0,132.56809441394446,0.0,0.0,0.0,0.0,0.0,132.5680944,0.0,0.0,0.0,0.0,0.0,132.5680944,0.0,0.0,0.0,0.0,0.0,132.5680944,0.0,0.0,0.0,0.0,0.0,132.5680944,0.0,0.0,0.0,0.0,0.0,132.5680944,0.0,0.0,0.0,0.0,0.0,132.5680944,0.0,0.0,0.0,0.0,0.0,132.5680944,0.0,0.0,0.0,0.0,0.0
diverse_rec,ml20_lambda0,movielens_sample20of200_lambda0,20,2,17,139.9153788,139.9153788,139.9153788,102.5103018,1,6.46416669,solved (0.1 s),solved (0.0 s),0,0,opt,139.9153788,0.0,0.0,0.0,0.0,0.0,139.9153788,0.0,0.0,0.0,0.0,0.0,139.91537878928256,0.0,0.0,0.0,0.0,0.0,139.91537878928253,0.0,0.0,0.0,0.0,0.0,139.9153788,0.0,0.0,0.0,0.0,0.0,139.9153788,0.0,0.0,0.0,0.0,0.0,139.9153788,0.0,0.0,0.0,0.0,0.0,139.9153788,0.0,0.0,0.0,0.0,0.0,139.9153788,0.0,0.0,0.0,0.0,0.0,139.9153788,0.0,0.0,0.0,0.0,0.0,139.9153788,0.0,0.0,0.0,0.0,0.0
diverse_rec,ml20_lambda0,movielens_sample20of200_lambda0,20,2,18,147.0812787,147.0812787,147.0812787,102.7709443,1,6.46416669,solved (0.1 s),solved (0.0 s),0,0,opt,147.0812787,0.0,0.0,0.0,0.0,0.0,147.0812787,0.0,0.0,0.0,0.0,0.0,147.08127867496793,0.0,0.0,0.0,0.0,0.0,147.0812786749679,0.0,0.0,0.0,0.0,0.0,147.0812787,0.0,0.0,0.0,0.0,0.0,147.0812787,0.0,0.0,0.0,0.0,0.0,147.0812787,0.0,0.0,0.0,0.0,0.0,147.0812787,0.0,0.0,0.0,0.0,0.0,147.0812787,0.0,0.0,0.0,0.0,0.0,147.0812787,0.0,0.0,0.0,0.0,0.0,147.0812787,0.0,0.0,0.0,0.0,0.0
diverse_rec,ml20_lambda0,movielens_sample20of200_lambda0,20,2,19,153.9079822,153.9079822,153.9079822,102.5847933,1,6.46416669,solved (0.1 s),solved (0.0 s),0,0,opt,153.9079822,0.0,0.0,0.0,0.0,0.0,153.9079822,0.0,0.0,0.0,0.0,0.0,153.90798218383887,0.0,0.0,0.0,0.0,0.0,153.90798218383884,0.0,0.0,0.0,0.0,0.0,153.9079822,0.0,0.0,0.0,0.0,0.0,153.9079822,0.0,0.0,0.0,0.0,0.0,153.9079822,0.0,0.0,0.0,0.0,0.0,153.9079822,0.0,0.0,0.0,0.0,0.0,153.9079822,0.0,0.0,0.0,0.0,0.0,153.9079822,0.0,0.0,0.0,0.0,0.0,153.9079822,0.0,0.0,0.0,0.0,0.0
diverse_rec,ml20_lambda0,movielens_sample20of200_lambda0,20,2,20,160.3721489,160.3721489,160.3721489,102.8451022,1,6.46416669,solved (0.1 s),solved (0.0 s),0,0,opt,160.3721489,0.0,0.0,0.0,0.0,0.0,160.3721489,0.0,0.0,0.0,0.0,0.0,160.37214887347452,0.0,0.0,0.0,0.0,0.0,160.3721488734745,0.0,0.0,0.0,0.0,0.0,160.37214883,0.0,0.0,0.0,0.0,0.0,160.3721489,0.0,0.0,0.0,0.0,0.0,160.3721489,0.0,0.0,0.0,0.0,0.0,160.3721489,0.0,0.0,0.0,0.0,0.0,160.3721489,0.0,0.0,0.0,0.0,0.0,160.3721489,0.0,0.0,0.0,0.0,0.0,160.3721489,0.0,0.0,0.0,0.0,0.0
diverse_rec,ml20_lambda0,movielens_sample20of200_lambda0,20,3,1,9.244091739,9.244091739,9.244091739,9.244091739,1,6.727611612,solved (0.0 s),solved (0.0 s),0,0,opt,9.244091739,0.0,0.0,0.0,0.0,0.0,9.244091739,0.0,0.0,0.0,0.0,0.0,9.244091738758309,0.0,0.0,0.0,0.0,0.0,9.244091738758309,0.0,0.0,0.0,0.0,0.0,9.244091739,0.0,0.0,0.0,0.0,0.0,9.244091739,0.0,0.0,0.0,0.0,0.0,9.244091739,0.0,0.0,0.0,0.0,0.0,9.244091739,0.0,0.0,0.0,0.0,0.0,9.244091739,0.0,0.0,0.0,0.0,0.0,9.244091739,0.0,0.0,0.0,0.0,0.0,9.244091739,0.0,0.0,0.0,0.0,0.0
diverse_rec,ml20_lambda0,movielens_sample20of200_lambda0,20,3,2,17.84457711,17.84457711,17.84457711,17.61692046,1,6.727611612,solved (0.0 s),solved (0.0 s),0,0,opt,17.84457711,0.0,0.0,0.0,0.0,0.0,17.84457711,0.0,0.0,0.0,0.0,0.0,17.84457711381637,0.0,0.0,0.0,0.0,0.0,17.84457711381637,0.0,0.0,0.0,0.0,0.0,17.84457711,0.0,0.0,0.0,0.0,0.0,17.84457711,0.0,0.0,0.0,0.0,0.0,17.84457711,0.0,0.0,0.0,0.0,0.0,17.84457711,0.0,0.0,0.0,0.0,0.0,17.84457711,0.0,0.0,0.0,0.0,0.0,17.84457711,0.0,0.0,0.0,0.0,0.0,17.84457711,0.0,0.0,0.0,0.0,0.0
diverse_rec,ml20_lambda0,movielens_sample20of200_lambda0,20,3,3,26.32466529,26.32466529,26.32466529,25.89245862,1,6.727611612,solved (0.0 s),solved (0.0 s),0,0,opt,26.32466529,0.0,0.0,0.0,0.0,0.0,26.32466529,0.0,0.0,0.0,0.0,0.0,26.324665287440318,0.0,0.0,0.0,0.0,0.0,26.324665287440315,0.0,0.0,0.0,0.0,0.0,26.32466529,0.0,0.0,0.0,0.0,0.0,26.32466529,0.0,0.0,0.0,0.0,0.0,26.32466529,0.0,0.0,0.0,0.0,0.0,26.32466529,0.0,0.0,0.0,0.0,0.0,26.32466529,0.0,0.0,0.0,0.0,0.0,26.32466529,0.0,0.0,0.0,0.0,0.0,26.32466529,0.0,0.0,0.0,0.0,0.0
diverse_rec,ml20_lambda0,movielens_sample20of200_lambda0,20,3,4,34.62498615,34.62498615,34.62498615,34.02580067,1,6.727611612,solved (0.0 s),solved (0.0 s),0,0,opt,34.62498615,0.0,0.0,0.0,0.0,0.0,34.62498615,0.0,0.0,0.0,0.0,0.0,34.6249861548086,0.0,0.0,0.0,0.0,0.0,34.624986154808596,0.0,0.0,0.0,0.0,0.0,34.62498615,0.0,0.0,0.0,0.0,0.0,34.62498615,0.0,0.0,0.0,0.0,0.0,34.62498615,0.0,0.0,0.0,0.0,0.0,34.62498615,0.0,0.0,0.0,0.0,0.0,34.62498615,0.0,0.0,0.0,0.0,0.0,34.62498615,0.0,0.0,0.0,0.0,0.0,34.62498615,0.0,0.0,0.0,0.0,0.0
diverse_rec,ml20_lambda0,movielens_sample20of200_lambda0,20,3,5,42.88765285,42.88765285,42.88765285,41.97833892,1,6.727611612,solved (0.0 s),solved (0.0 s),0,0,opt,42.88765285,0.0,0.0,0.0,0.0,0.0,42.88765285,0.0,0.0,0.0,0.0,0.0,42.887652854455865,0.0,0.0,0.0,0.0,0.0,42.88765285445586,0.0,0.0,0.0,0.0,0.0,42.88765285,0.0,0.0,0.0,0.0,0.0,42.88765285,0.0,0.0,0.0,0.0,0.0,42.88765285,0.0,0.0,0.0,0.0,0.0,42.88765285,0.0,0.0,0.0,0.0,0.0,42.88765285,0.0,0.0,0.0,0.0,0.0,42.88765285,0.0,0.0,0.0,0.0,0.0,42.88765285,0.0,0.0,0.0,0.0,0.0
diverse_rec,ml20_lambda0,movielens_sample20of200_lambda0,20,3,6,51.10512317,51.10512317,51.10512317,49.81871699,1,6.727611612,solved (0.0 s),solved (0.0 s),0,0,opt,51.10512317,0.0,0.0,0.0,0.0,0.0,51.10512317,0.0,0.0,0.0,0.0,0.0,51.10512317226399,0.0,0.0,0.0,0.0,0.0,51.10512317226399,0.0,0.0,0.0,0.0,0.0,51.10512317,0.0,0.0,0.0,0.0,0.0,51.10512317,0.0,0.0,0.0,0.0,0.0,51.10512317,0.0,0.0,0.0,0.0,0.0,51.10512317,0.0,0.0,0.0,0.0,0.0,51.10512317,0.0,0.0,0.0,0.0,0.0,51.10512317,0.0,0.0,0.0,0.0,0.0,51.10512317,0.0,0.0,0.0,0.0,0.0
diverse_rec,ml20_lambda0,movielens_sample20of200_lambda0,20,3,7,59.01226582,59.01226582,59.01226582,57.55940852,1,6.727611612,solved (0.0 s),solved (0.0 s),0,0,opt,59.01226582,0.0,0.0,0.0,0.0,0.0,59.01226582,0.0,0.0,0.0,0.0,0.0,59.01226581515078,0.0,0.0,0.0,0.0,0.0,59.01226581515078,0.0,0.0,0.0,0.0,0.0,59.01226582,0.0,0.0,0.0,0.0,0.0,59.01226582,0.0,0.0,0.0,0.0,0.0,59.01226582,0.0,0.0,0.0,0.0,0.0,59.01226582,0.0,0.0,0.0,0.0,0.0,59.01226582,0.0,0.0,0.0,0.0,0.0,59.01226582,0.0,0.0,0.0,0.0,0.0,59.01226582,0.0,0.0,0.0,0.0,0.0
diverse_rec,ml20_lambda0,movielens_sample20of200_lambda0,20,3,8,66.90213789,66.90213789,66.90213789,65.23990056,1,6.727611612,solved (0.0 s),solved (0.0 s),0,0,opt,66.90213789,0.0,0.0,0.0,0.0,0.0,66.90213789,0.0,0.0,0.0,0.0,0.0,66.90213788865779,0.0,0.0,0.0,0.0,0.0,66.90213788865779,0.0,0.0,0.0,0.0,0.0,66.90213789,0.0,0.0,0.0,0.0,0.0,66.90213789,0.0,0.0,0.0,0.0,0.0,66.90213789,0.0,0.0,0.0,0.0,0.0,66.90213789,0.0,0.0,0.0,0.0,0.0,66.90213789,0.0,0.0,0.0,0.0,0.0,66.90213789,0.0,0.0,0.0,0.0,0.0,66.90213789,0.0,0.0,0.0,0.0,0.0
diverse_rec,ml20_lambda0,movielens_sample20of200_lambda0,20,3,9,74.77194346,74.77194346,74.77194346,72.95882812,1,6.727611612,solved (0.0 s),solved (0.0 s),0,0,opt,74.77194346,0.0,0.0,0.0,0.0,0.0,74.77194346,0.0,0.0,0.0,0.0,0.0,74.77194345581148,0.0,0.0,0.0,0.0,0.0,74.77194345581148,0.0,0.0,0.0,0.0,0.0,74.77194346,0.0,0.0,0.0,0.0,0.0,74.77194346,0.0,0.0,0.0,0.0,0.0,74.77194346,0.0,0.0,0.0,0.0,0.0,74.77194346,0.0,0.0,0.0,0.0,0.0,74.77194346,0.0,0.0,0.0,0.0,0.0,74.77194346,0.0,0.0,0.0,0.0,0.0,74.77194346,0.0,0.0,0.0,0.0,0.0
diverse_rec,ml20_lambda0,movielens_sample20of200_lambda0,20,3,10,82.62266917,82.62266917,82.62266917,80.48654383,1,6.727611612,solved (0.0 s),solved (0.0 s),0,0,opt,82.62266917,0.0,0.0,0.0,0.0,0.0,82.62266917,0.0,0.0,0.0,0.0,0.0,82.62266916757146,0.0,0.0,0.0,0.0,0.0,82.62266916757146,0.0,0.0,0.0,0.0,0.0,82.62266917,0.0,0.0,0.0,0.0,0.0,82.62266917,0.0,0.0,0.0,0.0,0.0,82.62266917,0.0,0.0,0.0,0.0,0.0,82.62266917,0.0,0.0,0.0,0.0,0.0,82.62266917,0.0,0.0,0.0,0.0,0.0,82.62266917,0.0,0.0,0.0,0.0,0.0,82.62266917,0.0,0.0,0.0,0.0,0.0
diverse_rec,ml20_lambda0,movielens_sample20of200_lambda0,20,3,11,90.43607374,90.43607374,90.43607374,87.23271489,1,6.727611612,solved (0.0 s),solved (0.0 s),0,0,opt,90.43607374,0.0,0.0,0.0,0.0,0.0,90.43607374,0.0,0.0,0.0,0.0,0.0,90.43607374461837,0.0,0.0,0.0,0.0,0.0,90.43607374461838,0.0,0.0,0.0,0.0,0.0,90.43607374,0.0,0.0,0.0,0.0,0.0,90.43607374,0.0,0.0,0.0,0.0,0.0,90.43607374,0.0,0.0,0.0,0.0,0.0,90.43607374,0.0,0.0,0.0,0.0,0.0,90.43607374,0.0,0.0,0.0,0.0,0.0,90.43607374,0.0,0.0,0.0,0.0,0.0,90.43607374,0.0,0.0,0.0,0.0,0.0
diverse_rec,ml20_lambda0,movielens_sample20of200_lambda0,20,3,12,98.1019851,98.1019851,98.1019851,91.53090845,1,6.727611612,solved (0.0 s),solved (0.0 s),0,0,opt,98.1019851,0.0,0.0,0.0,0.0,0.0,98.1019851,0.0,0.0,0.0,0.0,0.0,98.10198509546854,0.0,0.0,0.0,0.0,0.0,98.10198509546855,0.0,0.0,0.0,0.0,0.0,98.1019851,0.0,0.0,0.0,0.0,0.0,98.1019851,0.0,0.0,0.0,0.0,0.0,98.1019851,0.0,0.0,0.0,0.0,0.0,98.1019851,0.0,0.0,0.0,0.0,0.0,98.1019851,0.0,0.0,0.0,0.0,0.0,98.1019851,0.0,0.0,0.0,0.0,0.0,98.1019851,0.0,0.0,0.0,0.0,0.0
diverse_rec,ml20_lambda0,movielens_sample20of200_lambda0,20,3,13,105.761421,105.761421,105.761421,94.70307546,1,6.727611612,solved (0.0 s),solved (0.0 s),0,0,opt,105.761421,0.0,0.0,0.0,0.0,0.0,105.761421,0.0,0.0,0.0,0.0,0.0,105.76142098717679,0.0,0.0,0.0,0.0,0.0,105.76142098717679,0.0,0.0,0.0,0.0,0.0,105.761421,0.0,0.0,0.0,0.0,0.0,105.761421,0.0,0.0,0.0,0.0,0.0,105.761421,0.0,0.0,0.0,0.0,0.0,105.761421,0.0,0.0,0.0,0.0,0.0,105.761421,0.0,0.0,0.0,0.0,0.0,105.761421,0.0,0.0,0.0,0.0,0.0,105.761421,0.0,0.0,0.0,0.0,0.0
diverse_rec,ml20_lambda0,movielens_sample20of200_lambda0,20,3,14,113.4097197,113.4097197,113.4097197,96.69813104,1,6.727611612,solved (0.0 s),solved (0.0 s),0,0,opt,113.4097197,0.0,0.0,0.0,0.0,0.0,113.4097197,0.0,0.0,0.0,0.0,0.0,113.40971971683399,0.0,0.0,0.0,0.0,0.0,113.40971971683399,0.0,0.0,0.0,0.0,0.0,113.4097197,0.0,0.0,0.0,0.0,0.0,113.4097197,0.0,0.0,0.0,0.0,0.0,113.4097197,0.0,0.0,0.0,0.0,0.0,113.4097197,0.0,0.0,0.0,0.0,0.0,113.4097197,0.0,0.0,0.0,0.0,0.0,113.4097197,0.0,0.0,0.0,0.0,0.0,113.4097197,0.0,0.0,0.0,0.0,0.0
diverse_rec,ml20_lambda0,movielens_sample20of200_lambda0,20,3,15,121.0426272,121.0426272,121.0426272,98.70644996,1,6.727611612,solved (0.0 s),solved (0.0 s),0,0,opt,121.0426272,0.0,0.0,0.0,0.0,0.0,121.0426272,0.0,0.0,0.0,0.0,0.0,121.04262718172879,0.0,0.0,0.0,0.0,0.0,121.0426271817288,0.0,0.0,0.0,0.0,0.0,121.0426272,0.0,0.0,0.0,0.0,0.0,121.0426272,0.0,0.0,0.0,0.0,0.0,121.0426272,0.0,0.0,0.0,0.0,0.0,121.0426272,0.0,0.0,0.0,0.0,0.0,121.0426272,0.0,0.0,0.0,0.0,0.0,121.0426272,0.0,0.0,0.0,0.0,0.0,121.0426272,0.0,0.0,0.0,0.0,0.0
diverse_rec,ml20_lambda0,movielens_sample20of200_lambda0,20,3,16,128.6740889,128.6740889,128.6740889,99.95075063,1,6.727611612,solved (0.0 s),solved (0.0 s),0,0,opt,128.6740889,0.0,0.0,0.0,0.0,0.0,128.6740889,0.0,0.0,0.0,0.0,0.0,128.67408890462778,0.0,0.0,0.0,0.0,0.0,128.67408890462775,0.0,0.0,0.0,0.0,0.0,128.6740889,0.0,0.0,0.0,0.0,0.0,128.6740889,0.0,0.0,0.0,0.0,0.0,128.6740889,0.0,0.0,0.0,0.0,0.0,128.6740889,0.0,0.0,0.0,0.0,0.0,128.6740889,0.0,0.0,0.0,0.0,0.0,128.6740889,0.0,0.0,0.0,0.0,0.0,128.6740889,0.0,0.0,0.0,0.0,0.0
diverse_rec,ml20_lambda0,movielens_sample20of200_lambda0,20,3,17,136.2618694,136.2618694,136.2618694,100.2902426,1,6.727611612,solved (0.0 s),solved (0.0 s),0,0,opt,136.2618694,0.0,0.0,0.0,0.0,0.0,136.2618694,0.0,0.0,0.0,0.0,0.0,136.26186940451854,0.0,0.0,0.0,0.0,0.0,136.26186940451854,0.0,0.0,0.0,0.0,0.0,136.2618694,0.0,0.0,0.0,0.0,0.0,136.2618694,0.0,0.0,0.0,0.0,0.0,136.2618694,0.0,0.0,0.0,0.0,0.0,136.2618694,0.0,0.0,0.0,0.0,0.0,136.2618694,0.0,0.0,0.0,0.0,0.0,136.2618694,0.0,0.0,0.0,0.0,0.0,136.2618694,0.0,0.0,0.0,0.0,0.0
diverse_rec,ml20_lambda0,movielens_sample20of200_lambda0,20,3,18,143.8323232,143.8323232,143.8323232,101.2833067,1,6.727611612,solved (0.0 s),solved (0.0 s),0,0,opt,143.8323232,0.0,0.0,0.0,0.0,0.0,143.8323232,0.0,0.0,0.0,0.0,0.0,143.8323232031931,0.0,0.0,0.0,0.0,0.0,143.8323232031931,0.0,0.0,0.0,0.0,0.0,143.8323232,0.0,0.0,0.0,0.0,0.0,143.8323232,0.0,0.0,0.0,0.0,0.0,143.8323232,0.0,0.0,0.0,0.0,0.0,143.8323232,0.0,0.0,0.0,0.0,0.0,143.8323232,0.0,0.0,0.0,0.0,0.0,143.8323232,0.0,0.0,0.0,0.0,0.0,143.8323232,0.0,0.0,0.0,0.0,0.0
diverse_rec,ml20_lambda0,movielens_sample20of200_lambda0,20,3,19,150.7682678,150.7682678,150.7682678,100.8373449,1,6.727611612,solved (0.0 s),solved (0.0 s),0,0,opt,150.7682678,0.0,0.0,0.0,0.0,0.0,150.7682678,0.0,0.0,0.0,0.0,0.0,150.76826783339112,0.0,0.0,0.0,0.0,0.0,150.76826783339112,0.0,0.0,0.0,0.0,0.0,150.7682678,0.0,0.0,0.0,0.0,0.0,150.7682678,0.0,0.0,0.0,0.0,0.0,150.7682678,0.0,0.0,0.0,0.0,0.0,150.7682678,0.0,0.0,0.0,0.0,0.0,150.7682678,0.0,0.0,0.0,0.0,0.0,150.7682678,0.0,0.0,0.0,0.0,0.0,150.7682678,0.0,0.0,0.0,0.0,0.0
diverse_rec,ml20_lambda0,movielens_sample20of200_lambda0,20,3,20,157.4958794,157.4958794,157.4958794,101.269505,1,6.727611612,solved (0.0 s),solved (0.0 s),0,0,opt,157.4958794,0.0,0.0,0.0,0.0,0.0,157.4958794,0.0,0.0,0.0,0.0,0.0,157.49587944501945,0.0,0.0,0.0,0.0,0.0,157.49587944501948,0.0,0.0,0.0,0.0,0.0,157.4958794,0.0,0.0,0.0,0.0,0.0,157.4958794,0.0,0.0,0.0,0.0,0.0,157.4958794,0.0,0.0,0.0,0.0,0.0,157.4958794,0.0,0.0,0.0,0.0,0.0,157.4958794,0.0,0.0,0.0,0.0,0.0,157.4958794,0.0,0.0,0.0,0.0,0.0,157.4958794,0.0,0.0,0.0,0.0,0.0
diverse_rec,ml20_lambda0,movielens_sample20of200_lambda0,20,4,1,9.433471541,9.433471541,9.433471541,9.433471541,1,7.405558087,solved (0.0 s),solved (0.0 s),0,0,opt,9.433471541,0.0,0.0,0.0,0.0,0.0,9.433471541,0.0,0.0,0.0,0.0,0.0,9.43347154122702,0.0,0.0,0.0,0.0,0.0,9.43347154122702,0.0,0.0,0.0,0.0,0.0,9.433471541,0.0,0.0,0.0,0.0,0.0,9.433471541,0.0,0.0,0.0,0.0,0.0,9.433471541,0.0,0.0,0.0,0.0,0.0,9.433471541,0.0,0.0,0.0,0.0,0.0,9.433471541,0.0,0.0,0.0,0.0,0.0,9.433471541,0.0,0.0,0.0,0.0,0.0,9.433471541,0.0,0.0,0.0,0.0,0.0
diverse_rec,ml20_lambda0,movielens_sample20of200_lambda0,20,4,2,18.82276312,18.82276312,18.82276312,18.77307986,1,7.405558087,solved (0.0 s),solved (0.0 s),0,0,opt,18.82276312,0.0,0.0,0.0,0.0,0.0,18.82276312,0.0,0.0,0.0,0.0,0.0,18.822763118220756,0.0,0.0,0.0,0.0,0.0,18.822763118220756,0.0,0.0,0.0,0.0,0.0,18.82276312,0.0,0.0,0.0,0.0,0.0,18.82276312,0.0,0.0,0.0,0.0,0.0,18.82276312,0.0,0.0,0.0,0.0,0.0,18.82276312,0.0,0.0,0.0,0.0,0.0,18.82276312,0.0,0.0,0.0,0.0,0.0,18.82276312,0.0,0.0,0.0,0.0,0.0,18.82276312,0.0,0.0,0.0,0.0,0.0
diverse_rec,ml20_lambda0,movielens_sample20of200_lambda0,20,4,3,28.13204601,28.13204601,28.13204601,27.84268812,1,7.405558087,solved (0.0 s),solved (0.0 s),0,0,opt,28.13204601,0.0,0.0,0.0,0.0,0.0,28.13204601,0.0,0.0,0.0,0.0,0.0,28.132046006077722,0.0,0.0,0.0,0.0,0.0,28.132046006077722,0.0,0.0,0.0,0.0,0.0,28.13204601,0.0,0.0,0.0,0.0,0.0,28.13204601,0.0,0.0,0.0,0.0,0.0,28.13204601,0.0,0.0,0.0,0.0,0.0,28.13204601,0.0,0.0,0.0,0.0,0.0,28.13204601,0.0,0.0,0.0,0.0,0.0,28.13204601,0.0,0.0,0.0,0.0,0.0,28.13204601,0.0,0.0,0.0,0.0,0.0
diverse_rec,ml20_lambda0,movielens_sample20of200_lambda0,20,4,4,37.28826254,37.28826254,37.28826254,36.70025622,1,7.405558087,solved (0.0 s),solved (0.0 s),0,0,opt,37.28826254,0.0,0.0,0.0,0.0,0.0,37.28826254,0.0,0.0,0.0,0.0,0.0,37.28826253754555,0.0,0.0,0.0,0.0,0.0,37.28826253754555,0.0,0.0,0.0,0.0,0.0,37.28826254,0.0,0.0,0.0,0.0,0.0,37.28826254,0.0,0.0,0.0,0.0,0.0,37.28826254,0.0,0.0,0.0,0.0,0.0,37.28826254,0.0,0.0,0.0,0.0,0.0,37.28826254,0.0,0.0,0.0,0.0,0.0,37.28826254,0.0,0.0,0.0,0.0,0.0,37.28826254,0.0,0.0,0.0,0.0,0.0
diverse_rec,ml20_lambda0,movielens_sample20of200_lambda0,20,4,5,46.17982962,46.17982962,46.17982962,45.49975661,1,7.405558087,solved (0.0 s),solved (0.0 s),0,0,opt,46.17982962,0.0,0.0,0.0,0.0,0.0,46.17982962,0.0,0.0,0.0,0.0,0.0,46.179829623952635,0.0,0.0,0.0,0.0,0.0,46.17982962395263,0.0,0.0,0.0,0.0,0.0,46.17982962,0.0,0.0,0.0,0.0,0.0,46.17982962,0.0,0.0,0.0,0.0,0.0,46.17982962,0.0,0.0,0.0,0.0,0.0,46.17982962,0.0,0.0,0.0,0.0,0.0,46.17982962,0.0,0.0,0.0,0.0,0.0,46.17982962,0.0,0.0,0.0,0.0,0.0,46.17982962,0.0,0.0,0.0,0.0,0.0
diverse_rec,ml20_lambda0,movielens_sample20of200_lambda0,20,4,6,55.02824629,55.02824629,55.02824629,54.22302937,1,7.405558087,solved (0.0 s),solved (0.0 s),0,0,opt,55.02824629,0.0,0.0,0.0,0.0,0.0,55.02824629,0.0,0.0,0.0,0.0,0.0,55.0282462924132,0.0,0.0,0.0,0.0,0.0,55.0282462924132,0.0,0.0,0.0,0.0,0.0,55.02824629,0.0,0.0,0.0,0.0,0.0,55.02824629,0.0,0.0,0.0,0.0,0.0,55.02824629,0.0,0.0,0.0,0.0,0.0,55.02824629,0.0,0.0,0.0,0.0,0.0,55.02824629,0.0,0.0,0.0,0.0,0.0,55.02824629,0.0,0.0,0.0,0.0,0.0,55.02824629,0.0,0.0,0.0,0.0,0.0
diverse_rec,ml20_lambda0,movielens_sample20of200_lambda0,20,4,7,63.86801473,63.86801473,63.86801473,62.85160193,1,7.405558087,solved (0.0 s),solved (0.0 s),0,0,opt,63.86801473,0.0,0.0,0.0,0.0,0.0,63.86801473,0.0,0.0,0.0,0.0,0.0,63.86801473271137,0.0,0.0,0.0,0.0,0.0,63.86801473271137,0.0,0.0,0.0,0.0,0.0,63.86801473,0.0,0.0,0.0,0.0,0.0,63.86801473,0.0,0.0,0.0,0.0,0.0,63.86801473,0.0,0.0,0.0,0.0,0.0,63.86801473,0.0,0.0,0.0,0.0,0.0,63.86801473,0.0,0.0,0.0,0.0,0.0,63.86801473,0.0,0.0,0.0,0.0,0.0,63.86801473,0.0,0.0,0.0,0.0,0.0
diverse_rec,ml20_lambda0,movielens_sample20of200_lambda0,20,4,8,72.66120554,72.66120554,72.66120554,71.39341692,1,7.405558087,solved (0.0 s),solved (0.0 s),0,0,opt,72.66120554,0.0,0.0,0.0,0.0,0.0,72.66120554,0.0,0.0,0.0,0.0,0.0,72.66120553804319,0.0,0.0,0.0,0.0,0.0,72.66120553804318,0.0,0.0,0.0,0.0,0.0,72.66120554,0.0,0.0,0.0,0.0,0.0,72.66120554,0.0,0.0,0.0,0.0,0.0,72.66120554,0.0,0.0,0.0,0.0,0.0,72.66120554,0.0,0.0,0.0,0.0,0.0,72.66120554,0.0,0.0,0.0,0.0,0.0,72.66120554,0.0,0.0,0.0,0.0,0.0,72.66120554,0.0,0.0,0.0,0.0,0.0
diverse_rec,ml20_lambda0,movielens_sample20of200_lambda0,20,4,9,81.41713347,81.41713347,81.41713347,79.6631115,1,7.405558087,solved (0.0 s),solved (0.0 s),0,0,opt,81.41713347,0.0,0.0,0.0,0.0,0.0,81.41713347,0.0,0.0,0.0,0.0,0.0,81.41713346977471,0.0,0.0,0.0,0.0,0.0,81.4171334697747,0.0,0.0,0.0,0.0,0.0,81.41713347,0.0,0.0,0.0,0.0,0.0,81.41713347,0.0,0.0,0.0,0.0,0.0,81.41713347,0.0,0.0,0.0,0.0,0.0,81.41713347,0.0,0.0,0.0,0.0,0.0,81.41713347,0.0,0.0,0.0,0.0,0.0,81.41713347,0.0,0.0,0.0,0.0,0.0,81.41713347,0.0,0.0,0.0,0.0,0.0
diverse_rec,ml20_lambda0,movielens_sample20of200_lambda0,20,4,10,90.13496085,90.13496085,90.13496085,87.77435961,1,7.405558087,solved (0.0 s),solved (0.0 s),0,0,opt,90.13496085,0.0,0.0,0.0,0.0,0.0,90.13496085,0.0,0.0,0.0,0.0,0.0,90.13496084823525,0.0,0.0,0.0,0.0,0.0,90.13496084823525,0.0,0.0,0.0,0.0,0.0,90.13496085,0.0,0.0,0.0,0.0,0.0,90.13496085,0.0,0.0,0.0,0.0,0.0,90.13496085,0.0,0.0,0.0,0.0,0.0,90.13496085,0.0,0.0,0.0,0.0,0.0,90.13496085,0.0,0.0,0.0,0.0,0.0,90.13496085,0.0,0.0,0.0,0.0,0.0,90.13496085,0.0,0.0,0.0,0.0,0.0
diverse_rec,ml20_lambda0,movielens_sample20of200_lambda0,20,4,11,98.82773299,98.82773299,98.82773299,94.8696086,1,7.405558087,solved (0.0 s),solved (0.0 s),0,0,opt,98.82773299,0.0,0.0,0.0,0.0,0.0,98.82773299,0.0,0.0,0.0,0.0,0.0,98.82773298987911,0.0,0.0,0.0,0.0,0.0,98.82773298987911,0.0,0.0,0.0,0.0,0.0,98.82773299,0.0,0.0,0.0,0.0,0.0,98.82773299,0.0,0.0,0.0,0.0,0.0,98.82773299,0.0,0.0,0.0,0.0,0.0,98.82773299,0.0,0.0,0.0,0.0,0.0,98.82773299,0.0,0.0,0.0,0.0,0.0,98.82773299,0.0,0.0,0.0,0.0,0.0,98.82773299,0.0,0.0,0.0,0.0,0.0
diverse_rec,ml20_lambda0,movielens_sample20of200_lambda0,20,4,12,107.3947051,107.3947051,107.3947051,99.84933193,1,7.405558087,solved (0.0 s),solved (0.0 s),0,0,opt,107.3947051,0.0,0.0,0.0,0.0,0.0,107.3947051,0.0,0.0,0.0,0.0,0.0,107.39470514767973,0.0,0.0,0.0,0.0,0.0,107.39470514767973,0.0,0.0,0.0,0.0,0.0,107.3947051,0.0,0.0,0.0,0.0,0.0,107.3947051,0.0,0.0,0.0,0.0,0.0,107.3947051,0.0,0.0,0.0,0.0,0.0,107.3947051,0.0,0.0,0.0,0.0,0.0,107.3947051,0.0,0.0,0.0,0.0,0.0,107.3947051,0.0,0.0,0.0,0.0,0.0,107.3947051,0.0,0.0,0.0,0.0,0.0
diverse_rec,ml20_lambda0,movielens_sample20of200_lambda0,20,4,13,115.7941022,115.7941022,115.7941022,103.4471907,1,7.405558087,solved (0.0 s),solved (0.0 s),0,0,opt,115.7941022,0.0,0.0,0.0,0.0,0.0,115.7941022,0.0,0.0,0.0,0.0,0.0,115.7941021743489,0.0,0.0,0.0,0.0,0.0,115.7941021743489,0.0,0.0,0.0,0.0,0.0,115.7941022,0.0,0.0,0.0,0.0,0.0,115.7941022,0.0,0.0,0.0,0.0,0.0,115.7941022,0.0,0.0,0.0,0.0,0.0,115.7941022,0.0,0.0,0.0,0.0,0.0,115.7941022,0.0,0.0,0.0,0.0,0.0,115.7941022,0.0,0.0,0.0,0.0,0.0,115.7941022,0.0,0.0,0.0,0.0,0.0
diverse_rec,ml20_lambda0,movielens_sample20of200_lambda0,20,4,14,124.1647192,124.1647192,124.1647192,105.8066986,1,7.405558087,solved (0.0 s),solved (0.0 s),0,0,opt,124.1647192,0.0,0.0,0.0,0.0,0.0,124.1647192,0.0,0.0,0.0,0.0,0.0,124.16471924411886,0.0,0.0,0.0,0.0,0.0,124.16471924411886,0.0,0.0,0.0,0.0,0.0,124.1647192,0.0,0.0,0.0,0.0,0.0,124.1647192,0.0,0.0,0.0,0.0,0.0,124.1647192,0.0,0.0,0.0,0.0,0.0,124.1647192,0.0,0.0,0.0,0.0,0.0,124.1647192,0.0,0.0,0.0,0.0,0.0,124.1647192,0.0,0.0,0.0,0.0,0.0,124.1647192,0.0,0.0,0.0,0.0,0.0
diverse_rec,ml20_lambda0,movielens_sample20of200_lambda0,20,4,15,132.4975654,132.4975654,132.4975654,107.1029164,1,7.405558087,solved (0.0 s),solved (0.0 s),0,0,opt,132.4975654,0.0,0.0,0.0,0.0,0.0,132.4975654,0.0,0.0,0.0,0.0,0.0,132.4975654498973,0.0,0.0,0.0,0.0,0.0,132.49756544989734,0.0,0.0,0.0,0.0,0.0,132.4975654,0.0,0.0,0.0,0.0,0.0,132.4975654,0.0,0.0,0.0,0.0,0.0,132.4975654,0.0,0.0,0.0,0.0,0.0,132.4975654,0.0,0.0,0.0,0.0,0.0,132.4975654,0.0,0.0,0.0,0.0,0.0,132.4975654,0.0,0.0,0.0,0.0,0.0,132.4975654,0.0,0.0,0.0,0.0,0.0
diverse_rec,ml20_lambda0,movielens_sample20of200_lambda0,20,4,16,140.583449,140.583449,140.583449,108.3024761,1,7.405558087,solved (0.0 s),solved (0.0 s),0,0,opt,140.583449,0.0,0.0,0.0,0.0,0.0,140.583449,0.0,0.0,0.0,0.0,0.0,140.58344898355216,0.0,0.0,0.0,0.0,0.0,140.58344898355216,0.0,0.0,0.0,0.0,0.0,140.583449,0.0,0.0,0.0,0.0,0.0,140.583449,0.0,0.0,0.0,0.0,0.0,140.583449,0.0,0.0,0.0,0.0,0.0,140.583449,0.0,0.0,0.0,0.0,0.0,140.583449,0.0,0.0,0.0,0.0,0.0,140.583449,0.0,0.0,0.0,0.0,0.0,140.583449,0.0,0.0,0.0,0.0,0.0
diverse_rec,ml20_lambda0,movielens_sample20of200_lambda0,20,4,17,148.3795346,148.3795346,148.3795346,108.8862551,1,7.405558087,solved (0.0 s),solved (0.0 s),0,0,opt,148.3795346,0.0,0.0,0.0,0.0,0.0,148.3795346,0.0,0.0,0.0,0.0,0.0,148.379534640017,0.0,0.0,0.0,0.0,0.0,148.37953464001703,0.0,0.0,0.0,0.0,0.0,148.3795346,0.0,0.0,0.0,0.0,0.0,148.3795346,0.0,0.0,0.0,0.0,0.0,148.3795346,0.0,0.0,0.0,0.0,0.0,148.3795346,0.0,0.0,0.0,0.0,0.0,148.3795346,0.0,0.0,0.0,0.0,0.0,148.3795346,0.0,0.0,0.0,0.0,0.0,148.3795346,0.0,0.0,0.0,0.0,0.0
diverse_rec,ml20_lambda0,movielens_sample20of200_lambda0,20,4,18,156.1596839,156.1596839,156.1596839,109.5470529,1,7.405558087,solved (0.0 s),solved (0.0 s),0,0,opt,156.1596839,0.0,0.0,0.0,0.0,0.0,156.1596839,0.0,0.0,0.0,0.0,0.0,156.15968391483338,0.0,0.0,0.0,0.0,0.0,156.1596839148334,0.0,0.0,0.0,0.0,0.0,156.1596839,0.0,0.0,0.0,0.0,0.0,156.1596839,0.0,0.0,0.0,0.0,0.0,156.1596839,0.0,0.0,0.0,0.0,0.0,156.1596839,0.0,0.0,0.0,0.0,0.0,156.1596839,0.0,0.0,0.0,0.0,0.0,156.1596839,0.0,0.0,0.0,0.0,0.0,156.1596839,0.0,0.0,0.0,0.0,0.0
diverse_rec,ml20_lambda0,movielens_sample20of200_lambda0,20,4,19,163.8059536,163.8059536,163.8059536,109.8598017,1,7.405558087,solved (0.0 s),solved (0.0 s),0,0,opt,163.8059536,0.0,0.0,0.0,0.0,0.0,163.8059536,0.0,0.0,0.0,0.0,0.0,163.80595357463034,0.0,0.0,0.0,0.0,0.0,163.8059535746303,0.0,0.0,0.0,0.0,0.0,163.8059536,0.0,0.0,0.0,0.0,0.0,163.8059536,0.0,0.0,0.0,0.0,0.0,163.8059536,0.0,0.0,0.0,0.0,0.0,163.8059536,0.0,0.0,0.0,0.0,0.0,163.8059536,0.0,0.0,0.0,0.0,0.0,163.8059536,0.0,0.0,0.0,0.0,0.0,163.8059536,0.0,0.0,0.0,0.0,0.0
diverse_rec,ml20_lambda0,movielens_sample20of200_lambda0,20,4,20,171.2115117,171.2115117,171.2115117,110.2381256,1,7.405558087,solved (0.0 s),solved (0.0 s),0,0,opt,171.2115117,0.0,0.0,0.0,0.0,0.0,171.2115117,0.0,0.0,0.0,0.0,0.0,171.2115116611868,0.0,0.0,0.0,0.0,0.0,171.21151166118682,0.0,0.0,0.0,0.0,0.0,171.21151161,0.0,0.0,0.0,0.0,0.0,171.2115117,0.0,0.0,0.0,0.0,0.0,171.2115117,0.0,0.0,0.0,0.0,0.0,171.2115117,0.0,0.0,0.0,0.0,0.0,171.2115117,0.0,0.0,0.0,0.0,0.0,171.2115117,0.0,0.0,0.0,0.0,0.0,171.2115117,0.0,0.0,0.0,0.0,0.0
diverse_rec,ml20_lambda0,movielens_sample20of200_lambda0,20,5,1,9.410784322,9.410784322,9.410784322,9.410784322,1,7.144530705,solved (0.1 s),solved (0.0 s),0,0,opt,9.410784322,0.0,0.0,0.0,0.0,0.0,9.410784322,0.0,0.0,0.0,0.0,0.0,9.410784321534607,0.0,0.0,0.0,0.0,0.0,9.410784321534607,0.0,0.0,0.0,0.0,0.0,9.410784322,0.0,0.0,0.0,0.0,0.0,9.410784322,0.0,0.0,0.0,0.0,0.0,9.410784322,0.0,0.0,0.0,0.0,0.0,9.410784322,0.0,0.0,0.0,0.0,0.0,9.410784322,0.0,0.0,0.0,0.0,0.0,9.410784322,0.0,0.0,0.0,0.0,0.0,9.410784322,0.0,0.0,0.0,0.0,0.0
diverse_rec,ml20_lambda0,movielens_sample20of200_lambda0,20,5,2,18.65918354,18.65918354,18.65918354,18.58276067,1,7.144530705,solved (0.1 s),solved (0.0 s),0,0,opt,18.65918354,0.0,0.0,0.0,0.0,0.0,18.65918354,0.0,0.0,0.0,0.0,0.0,18.65918354172967,0.0,0.0,0.0,0.0,0.0,18.65918354172967,0.0,0.0,0.0,0.0,0.0,18.65918354,0.0,0.0,0.0,0.0,0.0,18.65918354,0.0,0.0,0.0,0.0,0.0,18.65918354,0.0,0.0,0.0,0.0,0.0,18.65918354,0.0,0.0,0.0,0.0,0.0,18.65918354,0.0,0.0,0.0,0.0,0.0,18.65918354,0.0,0.0,0.0,0.0,0.0,18.65918354,0.0,0.0,0.0,0.0,0.0
diverse_rec,ml20_lambda0,movielens_sample20of200_lambda0,20,5,3,27.83828171,27.83828171,27.83828171,27.45490534,1,7.144530705,solved (0.1 s),solved (0.0 s),0,0,opt,27.83828171,0.0,0.0,0.0,0.0,0.0,27.83828171,0.0,0.0,0.0,0.0,0.0,27.8382817108448,0.0,0.0,0.0,0.0,0.0,27.838281710844804,0.0,0.0,0.0,0.0,0.0,27.83828171,0.0,0.0,0.0,0.0,0.0,27.83828171,0.0,0.0,0.0,0.0,0.0,27.83828171,0.0,0.0,0.0,0.0,0.0,27.83828171,0.0,0.0,0.0,0.0,0.0,27.83828171,0.0,0.0,0.0,0.0,0.0,27.83828171,0.0,0.0,0.0,0.0,0.0,27.83828171,0.0,0.0,0.0,0.0,0.0
diverse_rec,ml20_lambda0,movielens_sample20of200_lambda0,20,5,4,36.72792491,36.72792491,36.72792491,36.19963972,1,7.144530705,solved (0.1 s),solved (0.0 s),0,0,opt,36.72792491,0.0,0.0,0.0,0.0,0.0,36.72792491,0.0,0.0,0.0,0.0,0.0,36.72792491141106,0.0,0.0,0.0,0.0,0.0,36.72792491141106,0.0,0.0,0.0,0.0,0.0,36.72792491,0.0,0.0,0.0,0.0,0.0,36.72792491,0.0,0.0,0.0,0.0,0.0,36.72792491,0.0,0.0,0.0,0.0,0.0,36.72792491,0.0,0.0,0.0,0.0,0.0,36.72792491,0.0,0.0,0.0,0.0,0.0,36.72792491,0.0,0.0,0.0,0.0,0.0,36.72792491,0.0,0.0,0.0,0.0,0.0
diverse_rec,ml20_lambda0,movielens_sample20of200_lambda0,20,5,5,45.50553534,45.50553534,45.50553534,44.86682809,1,7.144530705,solved (0.1 s),solved (0.0 s),0,0,opt,45.50553534,0.0,0.0,0.0,0.0,0.0,45.50553534,0.0,0.0,0.0,0.0,0.0,45.5055353430352,0.0,0.0,0.0,0.0,0.0,45.505535343035206,0.0,0.0,0.0,0.0,0.0,45.50553534,0.0,0.0,0.0,0.0,0.0,45.50553534,0.0,0.0,0.0,0.0,0.0,45.50553534,0.0,0.0,0.0,0.0,0.0,45.50553534,0.0,0.0,0.0,0.0,0.0,45.50553534,0.0,0.0,0.0,0.0,0.0,45.50553534,0.0,0.0,0.0,0.0,0.0,45.50553534,0.0,0.0,0.0,0.0,0.0
diverse_rec,ml20_lambda0,movielens_sample20of200_lambda0,20,5,6,54.28137416,54.28137416,54.28137416,53.35062803,1,7.144530705,solved (0.1 s),solved (0.0 s),0,0,opt,54.28137416,0.0,0.0,0.0,0.0,0.0,54.28137416,0.0,0.0,0.0,0.0,0.0,54.28137416270192,0.0,0.0,0.0,0.0,0.0,54.28137416270194,0.0,0.0,0.0,0.0,0.0,54.28137416,0.0,0.0,0.0,0.0,0.0,54.28137416,0.0,0.0,0.0,0.0,0.0,54.28137416,0.0,0.0,0.0,0.0,0.0,54.28137416,0.0,0.0,0.0,0.0,0.0,54.28137416,0.0,0.0,0.0,0.0,0.0,54.28137416,0.0,0.0,0.0,0.0,0.0,54.28137416,0.0,0.0,0.0,0.0,0.0
diverse_rec,ml20_lambda0,movielens_sample20of200_lambda0,20,5,7,63.04468632,63.04468632,63.04468632,61.63848221,1,7.144530705,solved (0.1 s),solved (0.0 s),0,0,opt,63.04468632,0.0,0.0,0.0,0.0,0.0,63.04468632,0.0,0.0,0.0,0.0,0.0,63.0446863181504,0.0,0.0,0.0,0.0,0.0,63.04468631815041,0.0,0.0,0.0,0.0,0.0,63.04468632,0.0,0.0,0.0,0.0,0.0,63.04468632,0.0,0.0,0.0,0.0,0.0,63.04468632,0.0,0.0,0.0,0.0,0.0,63.04468632,0.0,0.0,0.0,0.0,0.0,63.04468632,0.0,0.0,0.0,0.0,0.0,63.04468632,0.0,0.0,0.0,0.0,0.0,63.04468632,0.0,0.0,0.0,0.0,0.0
diverse_rec,ml20_lambda0,movielens_sample20of200_lambda0,20,5,8,71.6911485,71.6911485,71.6911485,69.65012259,1,7.144530705,solved (0.1 s),solved (0.0 s),0,0,opt,71.6911485,0.0,0.0,0.0,0.0,0.0,71.6911485,0.0,0.0,0.0,0.0,0.0,71.69114849644151,0.0,0.0,0.0,0.0,0.0,71.69114849644151,0.0,0.0,0.0,0.0,0.0,71.6911485,0.0,0.0,0.0,0.0,0.0,71.6911485,0.0,0.0,0.0,0.0,0.0,71.6911485,0.0,0.0,0.0,0.0,0.0,71.6911485,0.0,0.0,0.0,0.0,0.0,71.6911485,0.0,0.0,0.0,0.0,0.0,71.6911485,0.0,0.0,0.0,0.0,0.0,71.6911485,0.0,0.0,0.0,0.0,0.0
diverse_rec,ml20_lambda0,movielens_sample20of200_lambda0,20,5,9,80.17595613,80.17595613,80.17595613,77.44647298,1,7.144530705,solved (0.1 s),solved (0.0 s),0,0,opt,80.17595613,0.0,0.0,0.0,0.0,0.0,80.17595613,0.0,0.0,0.0,0.0,0.0,80.1759561287836,0.0,0.0,0.0,0.0,0.0,80.1759561287836,0.0,0.0,0.0,0.0,0.0,80.17595613,0.0,0.0,0.0,0.0,0.0,80.17595613,0.0,0.0,0.0,0.0,0.0,80.17595613,0.0,0.0,0.0,0.0,0.0,80.17595613,0.0,0.0,0.0,0.0,0.0,80.17595613,0.0,0.0,0.0,0.0,0.0,80.17595613,0.0,0.0,0.0,0.0,0.0,80.17595613,0.0,0.0,0.0,0.0,0.0
diverse_rec,ml20_lambda0,movielens_sample20of200_lambda0,20,5,10,88.56752531,88.56752531,88.56752531,85.20017926,1,7.144530705,solved (0.1 s),solved (0.0 s),0,0,opt,88.56752531,0.0,0.0,0.0,0.0,0.0,88.56752531,0.0,0.0,0.0,0.0,0.0,88.56752530967103,0.0,0.0,0.0,0.0,0.0,88.567525309671,0.0,0.0,0.0,0.0,0.0,88.56752531,0.0,0.0,0.0,0.0,0.0,88.56752531,0.0,0.0,0.0,0.0,0.0,88.56752531,0.0,0.0,0.0,0.0,0.0,88.56752531,0.0,0.0,0.0,0.0,0.0,88.56752531,0.0,0.0,0.0,0.0,0.0,88.56752531,0.0,0.0,0.0,0.0,0.0,88.56752531,0.0,0.0,0.0,0.0,0.0
diverse_rec,ml20_lambda0,movielens_sample20of200_lambda0,20,5,11,96.88649977,96.88649977,96.88649977,91.97049585,1,7.144530705,solved (0.1 s),solved (0.0 s),0,0,opt,96.88649977,0.0,0.0,0.0,0.0,0.0,96.88649977,0.0,0.0,0.0,0.0,0.0,96.88649976791191,0.0,0.0,0.0,0.0,0.0,96.88649976791189,0.0,0.0,0.0,0.0,0.0,96.88649977,0.0,0.0,0.0,0.0,0.0,96.88649977,0.0,0.0,0.0,0.0,0.0,96.88649977,0.0,0.0,0.0,0.0,0.0,96.88649977,0.0,0.0,0.0,0.0,0.0,96.88649977,0.0,0.0,0.0,0.0,0.0,96.88649977,0.0,0.0,0.0,0.0,0.0,96.88649977,0.0,0.0,0.0,0.0,0.0
diverse_rec,ml20_lambda0,movielens_sample20of200_lambda0,20,5,12,105.0399125,105.0399125,105.0399125,96.69015054,1,7.144530705,solved (0.1 s),solved (0.0 s),0,0,opt,105.0399125,0.0,0.0,0.0,0.0,0.0,105.0399125,0.0,0.0,0.0,0.0,0.0,105.0399125491751,0.0,0.0,0.0,0.0,0.0,105.03991254917509,0.0,0.0,0.0,0.0,0.0,105.0399125,0.0,0.0,0.0,0.0,0.0,105.0399125,0.0,0.0,0.0,0.0,0.0,105.0399125,0.0,0.0,0.0,0.0,0.0,105.0399125,0.0,0.0,0.0,0.0,0.0,105.0399125,0.0,0.0,0.0,0.0,0.0,105.0399125,0.0,0.0,0.0,0.0,0.0,105.0399125,0.0,0.0,0.0,0.0,0.0
diverse_rec,ml20_lambda0,movielens_sample20of200_lambda0,20,5,13,112.8987786,112.8987786,112.8987786,100.1121099,1,7.144530705,solved (0.1 s),solved (0.0 s),0,0,opt,112.8987786,0.0,0.0,0.0,0.0,0.0,112.8987786,0.0,0.0,0.0,0.0,0.0,112.89877863351349,0.0,0.0,0.0,0.0,0.0,112.89877863351346,0.0,0.0,0.0,0.0,0.0,112.8987786,0.0,0.0,0.0,0.0,0.0,112.8987786,0.0,0.0,0.0,0.0,0.0,112.8987786,0.0,0.0,0.0,0.0,0.0,112.8987786,0.0,0.0,0.0,0.0,0.0,112.8987786,0.0,0.0,0.0,0.0,0.0,112.8987786,0.0,0.0,0.0,0.0,0.0,112.8987786,0.0,0.0,0.0,0.0,0.0
diverse_rec,ml20_lambda0,movielens_sample20of200_lambda0,20,5,14,120.6820419,120.6820419,120.6820419,102.0770648,1,7.144530705,solved (0.1 s),solved (0.0 s),0,0,opt,120.6820419,0.0,0.0,0.0,0.0,0.0,120.6820419,0.0,0.0,0.0,0.0,0.0,120.68204188475721,0.0,0.0,0.0,0.0,0.0,120.68204188475715,0.0,0.0,0.0,0.0,0.0,120.6820419,0.0,0.0,0.0,0.0,0.0,120.6820419,0.0,0.0,0.0,0.0,0.0,120.6820419,0.0,0.0,0.0,0.0,0.0,120.6820419,0.0,0.0,0.0,0.0,0.0,120.6820419,0.0,0.0,0.0,0.0,0.0,120.6820419,0.0,0.0,0.0,0.0,0.0,120.6820419,0.0,0.0,0.0,0.0,0.0
diverse_rec,ml20_lambda0,movielens_sample20of200_lambda0,20,5,15,128.4158227,128.4158227,128.4158227,103.8937347,1,7.144530705,solved (0.1 s),solved (0.0 s),0,0,opt,128.4158227,0.0,0.0,0.0,0.0,0.0,128.4158227,0.0,0.0,0.0,0.0,0.0,128.4158227258144,0.0,0.0,0.0,0.0,0.0,128.41582272581437,0.0,0.0,0.0,0.0,0.0,128.4158227,0.0,0.0,0.0,0.0,0.0,128.4158227,0.0,0.0,0.0,0.0,0.0,128.4158227,0.0,0.0,0.0,0.0,0.0,128.4158227,0.0,0.0,0.0,0.0,0.0,128.4158227,0.0,0.0,0.0,0.0,0.0,128.4158227,0.0,0.0,0.0,0.0,0.0,128.4158227,0.0,0.0,0.0,0.0,0.0
diverse_rec,ml20_lambda0,movielens_sample20of200_lambda0,20,5,16,136.0211786,136.0211786,136.0211786,104.9329411,1,7.144530705,solved (0.1 s),solved (0.0 s),0,0,opt,136.0211786,0.0,0.0,0.0,0.0,0.0,136.0211786,0.0,0.0,0.0,0.0,0.0,136.02117856747233,0.0,0.0,0.0,0.0,0.0,136.0211785674723,0.0,0.0,0.0,0.0,0.0,136.0211786,0.0,0.0,0.0,0.0,0.0,136.0211786,0.0,0.0,0.0,0.0,0.0,136.0211786,0.0,0.0,0.0,0.0,0.0,136.0211786,0.0,0.0,0.0,0.0,0.0,136.0211786,0.0,0.0,0.0,0.0,0.0,136.0211786,0.0,0.0,0.0,0.0,0.0,136.0211786,0.0,0.0,0.0,0.0,0.0
diverse_rec,ml20_lambda0,movielens_sample20of200_lambda0,20,5,17,143.5592348,143.5592348,143.5592348,105.6802408,1,7.144530705,solved (0.1 s),solved (0.0 s),0,0,opt,143.5592348,0.0,0.0,0.0,0.0,0.0,143.5592348,0.0,0.0,0.0,0.0,0.0,143.5592348085544,0.0,0.0,0.0,0.0,0.0,143.55923480855438,0.0,0.0,0.0,0.0,0.0,143.5592348,0.0,0.0,0.0,0.0,0.0,143.5592348,0.0,0.0,0.0,0.0,0.0,143.5592348,0.0,0.0,0.0,0.0,0.0,143.5592348,0.0,0.0,0.0,0.0,0.0,143.5592348,0.0,0.0,0.0,0.0,0.0,143.5592348,0.0,0.0,0.0,0.0,0.0,143.5592348,0.0,0.0,0.0,0.0,0.0
diverse_rec,ml20_lambda0,movielens_sample20of200_lambda0,20,5,18,151.0476154,151.0476154,151.0476154,106.694257,1,7.144530705,solved (0.1 s),solved (0.0 s),0,0,opt,151.0476154,0.0,0.0,0.0,0.0,0.0,151.0476154,0.0,0.0,0.0,0.0,0.0,151.04761537450113,0.0,0.0,0.0,0.0,0.0,151.04761537450113,0.0,0.0,0.0,0.0,0.0,151.0476154,0.0,0.0,0.0,0.0,0.0,151.0476154,0.0,0.0,0.0,0.0,0.0,151.0476154,0.0,0.0,0.0,0.0,0.0,151.0476154,0.0,0.0,0.0,0.0,0.0,151.0476154,0.0,0.0,0.0,0.0,0.0,151.0476154,0.0,0.0,0.0,0.0,0.0,151.0476154,0.0,0.0,0.0,0.0,0.0
diverse_rec,ml20_lambda0,movielens_sample20of200_lambda0,20,5,19,158.3687673,158.3687673,158.3687673,106.4898109,1,7.144530705,solved (0.1 s),solved (0.0 s),0,0,opt,158.3687673,0.0,0.0,0.0,0.0,0.0,158.3687673,0.0,0.0,0.0,0.0,0.0,158.36876733255977,0.0,0.0,0.0,0.0,0.0,158.3687673325597,0.0,0.0,0.0,0.0,0.0,158.3687673,0.0,0.0,0.0,0.0,0.0,158.3687673,0.0,0.0,0.0,0.0,0.0,158.3687673,0.0,0.0,0.0,0.0,0.0,158.3687673,0.0,0.0,0.0,0.0,0.0,158.3687673,0.0,0.0,0.0,0.0,0.0,158.3687673,0.0,0.0,0.0,0.0,0.0,158.3687673,0.0,0.0,0.0,0.0,0.0
diverse_rec,ml20_lambda0,movielens_sample20of200_lambda0,20,5,20,165.513298,165.513298,165.513298,107.0835323,1,7.144530705,solved (0.1 s),solved (0.0 s),0,0,opt,165.513298,0.0,0.0,0.0,0.0,0.0,165.513298,0.0,0.0,0.0,0.0,0.0,165.51329803781732,0.0,0.0,0.0,0.0,0.0,165.51329803781732,0.0,0.0,0.0,0.0,0.0,165.51329799,0.0,0.0,0.0,0.0,0.0,165.513298,0.0,0.0,0.0,0.0,0.0,165.513298,0.0,0.0,0.0,0.0,0.0,165.513298,0.0,0.0,0.0,0.0,0.0,165.513298,0.0,0.0,0.0,0.0,0.0,165.513298,0.0,0.0,0.0,0.0,0.0,165.513298,0.0,0.0,0.0,0.0,0.0
diverse_rec,ml20_lambda0,movielens_sample20of200_lambda0,20,6,1,9.66981541,9.66981541,9.66981541,9.66981541,1,7.063322328,solved (0.0 s),solved (0.0 s),0,0,opt,9.66981541,0.0,0.0,0.0,0.0,0.0,9.66981541,0.0,0.0,0.0,0.0,0.0,9.669815410033657,0.0,0.0,0.0,0.0,0.0,9.669815410033657,0.0,0.0,0.0,0.0,0.0,9.66981541,0.0,0.0,0.0,0.0,0.0,9.66981541,0.0,0.0,0.0,0.0,0.0,9.66981541,0.0,0.0,0.0,0.0,0.0,9.66981541,0.0,0.0,0.0,0.0,0.0,9.66981541,0.0,0.0,0.0,0.0,0.0,9.66981541,0.0,0.0,0.0,0.0,0.0,9.66981541,0.0,0.0,0.0,0.0,0.0
diverse_rec,ml20_lambda0,movielens_sample20of200_lambda0,20,6,2,18.87882394,18.87882394,18.87882394,18.74615333,1,7.063322328,solved (0.0 s),solved (0.0 s),0,0,opt,18.87882394,0.0,0.0,0.0,0.0,0.0,18.87882394,0.0,0.0,0.0,0.0,0.0,18.878823941580485,0.0,0.0,0.0,0.0,0.0,18.878823941580485,0.0,0.0,0.0,0.0,0.0,18.87882394,0.0,0.0,0.0,0.0,0.0,18.87882394,0.0,0.0,0.0,0.0,0.0,18.87882394,0.0,0.0,0.0,0.0,0.0,18.87882394,0.0,0.0,0.0,0.0,0.0,18.87882394,0.0,0.0,0.0,0.0,0.0,18.87882394,0.0,0.0,0.0,0.0,0.0,18.87882394,0.0,0.0,0.0,0.0,0.0
diverse_rec,ml20_lambda0,movielens_sample20of200_lambda0,20,6,3,28.05406252,28.05406252,28.05406252,27.65924308,1,7.063322328,solved (0.0 s),solved (0.0 s),0,0,opt,28.05406252,0.0,0.0,0.0,0.0,0.0,28.05406252,0.0,0.0,0.0,0.0,0.0,28.05406252004387,0.0,0.0,0.0,0.0,0.0,28.05406252004387,0.0,0.0,0.0,0.0,0.0,28.05406252,0.0,0.0,0.0,0.0,0.0,28.05406252,0.0,0.0,0.0,0.0,0.0,28.05406252,0.0,0.0,0.0,0.0,0.0,28.05406252,0.0,0.0,0.0,0.0,0.0,28.05406252,0.0,0.0,0.0,0.0,0.0,28.05406252,0.0,0.0,0.0,0.0,0.0,28.05406252,0.0,0.0,0.0,0.0,0.0
diverse_rec,ml20_lambda0,movielens_sample20of200_lambda0,20,6,4,37.00266459,37.00266459,37.00266459,36.49730997,1,7.063322328,solved (0.0 s),solved (0.0 s),0,0,opt,37.00266459,0.0,0.0,0.0,0.0,0.0,37.00266459,0.0,0.0,0.0,0.0,0.0,37.00266458616167,0.0,0.0,0.0,0.0,0.0,37.002664586161664,0.0,0.0,0.0,0.0,0.0,37.00266459,0.0,0.0,0.0,0.0,0.0,37.00266459,0.0,0.0,0.0,0.0,0.0,37.00266459,0.0,0.0,0.0,0.0,0.0,37.00266459,0.0,0.0,0.0,0.0,0.0,37.00266459,0.0,0.0,0.0,0.0,0.0,37.00266459,0.0,0.0,0.0,0.0,0.0,37.00266459,0.0,0.0,0.0,0.0,0.0
diverse_rec,ml20_lambda0,movielens_sample20of200_lambda0,20,6,5,45.86419347,45.86419347,45.86419347,45.2607929,1,7.063322328,solved (0.0 s),solved (0.0 s),0,0,opt,45.86419347,0.0,0.0,0.0,0.0,0.0,45.86419347,0.0,0.0,0.0,0.0,0.0,45.86419347291681,0.0,0.0,0.0,0.0,0.0,45.86419347291681,0.0,0.0,0.0,0.0,0.0,45.86419347,0.0,0.0,0.0,0.0,0.0,45.86419347,0.0,0.0,0.0,0.0,0.0,45.86419347,0.0,0.0,0.0,0.0,0.0,45.86419347,0.0,0.0,0.0,0.0,0.0,45.86419347,0.0,0.0,0.0,0.0,0.0,45.86419347,0.0,0.0,0.0,0.0,0.0,45.86419347,0.0,0.0,0.0,0.0,0.0
diverse_rec,ml20_lambda0,movielens_sample20of200_lambda0,20,6,6,54.71235275,54.71235275,54.71235275,53.84957993,1,7.063322328,solved (0.0 s),solved (0.0 s),0,0,opt,54.71235275,0.0,0.0,0.0,0.0,0.0,54.71235275,0.0,0.0,0.0,0.0,0.0,54.71235274756955,0.0,0.0,0.0,0.0,0.0,54.71235274756955,0.0,0.0,0.0,0.0,0.0,54.71235275,0.0,0.0,0.0,0.0,0.0,54.71235275,0.0,0.0,0.0,0.0,0.0,54.71235275,0.0,0.0,0.0,0.0,0.0,54.71235275,0.0,0.0,0.0,0.0,0.0,54.71235275,0.0,0.0,0.0,0.0,0.0,54.71235275,0.0,0.0,0.0,0.0,0.0,54.71235275,0.0,0.0,0.0,0.0,0.0
diverse_rec,ml20_lambda0,movielens_sample20of200_lambda0,20,6,7,63.51173122,63.51173122,63.51173122,62.20126776,1,7.063322328,solved (0.0 s),solved (0.0 s),0,0,opt,63.51173122,0.0,0.0,0.0,0.0,0.0,63.51173122,0.0,0.0,0.0,0.0,0.0,63.511731215938674,0.0,0.0,0.0,0.0,0.0,63.511731215938674,0.0,0.0,0.0,0.0,0.0,63.51173122,0.0,0.0,0.0,0.0,0.0,63.51173122,0.0,0.0,0.0,0.0,0.0,63.51173122,0.0,0.0,0.0,0.0,0.0,63.51173122,0.0,0.0,0.0,0.0,0.0,63.51173122,0.0,0.0,0.0,0.0,0.0,63.51173122,0.0,0.0,0.0,0.0,0.0,63.51173122,0.0,0.0,0.0,0.0,0.0
diverse_rec,ml20_lambda0,movielens_sample20of200_lambda0,20,6,8,72.24181602,72.24181602,72.24181602,70.27442463,1,7.063322328,solved (0.0 s),solved (0.0 s),0,0,opt,72.24181602,0.0,0.0,0.0,0.0,0.0,72.24181602,0.0,0.0,0.0,0.0,0.0,72.24181601502917,0.0,0.0,0.0,0.0,0.0,72.24181601502916,0.0,0.0,0.0,0.0,0.0,72.24181602,0.0,0.0,0.0,0.0,0.0,72.24181602,0.0,0.0,0.0,0.0,0.0,72.24181602,0.0,0.0,0.0,0.0,0.0,72.24181602,0.0,0.0,0.0,0.0,0.0,72.24181602,0.0,0.0,0.0,0.0,0.0,72.24181602,0.0,0.0,0.0,0.0,0.0,72.24181602,0.0,0.0,0.0,0.0,0.0
diverse_rec,ml20_lambda0,movielens_sample20of200_lambda0,20,6,9,80.97109417,80.97109417,80.97109417,78.17163234,1,7.063322328,solved (0.0 s),solved (0.0 s),0,0,opt,80.97109417,0.0,0.0,0.0,0.0,0.0,80.97109417,0.0,0.0,0.0,0.0,0.0,80.97109416570459,0.0,0.0,0.0,0.0,0.0,80.97109416570459,0.0,0.0,0.0,0.0,0.0,80.97109417,0.0,0.0,0.0,0.0,0.0,80.97109417,0.0,0.0,0.0,0.0,0.0,80.97109417,0.0,0.0,0.0,0.0,0.0,80.97109417,0.0,0.0,0.0,0.0,0.0,80.97109417,0.0,0.0,0.0,0.0,0.0,80.97109417,0.0,0.0,0.0,0.0,0.0,80.97109417,0.0,0.0,0.0,0.0,0.0
diverse_rec,ml20_lambda0,movielens_sample20of200_lambda0,20,6,10,89.38173831,89.38173831,89.38173831,85.92973258,1,7.063322328,solved (0.0 s),solved (0.0 s),0,0,opt,89.38173831,0.0,0.0,0.0,0.0,0.0,89.38173831,0.0,0.0,0.0,0.0,0.0,89.38173831275418,0.0,0.0,0.0,0.0,0.0,89.38173831275417,0.0,0.0,0.0,0.0,0.0,89.38173831,0.0,0.0,0.0,0.0,0.0,89.38173831,0.0,0.0,0.0,0.0,0.0,89.38173831,0.0,0.0,0.0,0.0,0.0,89.38173831,0.0,0.0,0.0,0.0,0.0,89.38173831,0.0,0.0,0.0,0.0,0.0,89.38173831,0.0,0.0,0.0,0.0,0.0,89.38173831,0.0,0.0,0.0,0.0,0.0
diverse_rec,ml20_lambda0,movielens_sample20of200_lambda0,20,6,11,97.71127676,97.71127676,97.71127676,92.66663134,1,7.063322328,solved (0.0 s),solved (0.0 s),0,0,opt,97.71127676,0.0,0.0,0.0,0.0,0.0,97.71127676,0.0,0.0,0.0,0.0,0.0,97.71127675988349,0.0,0.0,0.0,0.0,0.0,97.71127675988348,0.0,0.0,0.0,0.0,0.0,97.71127676,0.0,0.0,0.0,0.0,0.0,97.71127676,0.0,0.0,0.0,0.0,0.0,97.71127676,0.0,0.0,0.0,0.0,0.0,97.71127676,0.0,0.0,0.0,0.0,0.0,97.71127676,0.0,0.0,0.0,0.0,0.0,97.71127676,0.0,0.0,0.0,0.0,0.0,97.71127676,0.0,0.0,0.0,0.0,0.0
diverse_rec,ml20_lambda0,movielens_sample20of200_lambda0,20,6,12,106.0136411,106.0136411,106.0136411,97.14804089,1,7.063322328,solved (0.0 s),solved (0.0 s),0,0,opt,106.0136411,0.0,0.0,0.0,0.0,0.0,106.0136411,0.0,0.0,0.0,0.0,0.0,106.01364113068574,0.0,0.0,0.0,0.0,0.0,106.01364113068574,0.0,0.0,0.0,0.0,0.0,106.0136411,0.0,0.0,0.0,0.0,0.0,106.0136411,0.0,0.0,0.0,0.0,0.0,106.0136411,0.0,0.0,0.0,0.0,0.0,106.0136411,0.0,0.0,0.0,0.0,0.0,106.0136411,0.0,0.0,0.0,0.0,0.0,106.0136411,0.0,0.0,0.0,0.0,0.0,106.0136411,0.0,0.0,0.0,0.0,0.0
diverse_rec,ml20_lambda0,movielens_sample20of200_lambda0,20,6,13,113.9869724,113.9869724,113.9869724,100.5647215,1,7.063322328,solved (0.0 s),solved (0.0 s),0,0,opt,113.9869724,0.0,0.0,0.0,0.0,0.0,113.9869724,0.0,0.0,0.0,0.0,0.0,113.98697243321,0.0,0.0,0.0,0.0,0.0,113.98697243320998,0.0,0.0,0.0,0.0,0.0,113.9869724,0.0,0.0,0.0,0.0,0.0,113.9869724,0.0,0.0,0.0,0.0,0.0,113.9869724,0.0,0.0,0.0,0.0,0.0,113.9869724,0.0,0.0,0.0,0.0,0.0,113.9869724,0.0,0.0,0.0,0.0,0.0,113.9869724,0.0,0.0,0.0,0.0,0.0,113.9869724,0.0,0.0,0.0,0.0,0.0
diverse_rec,ml20_lambda0,movielens_sample20of200_lambda0,20,6,14,121.9213117,121.9213117,121.9213117,102.9064122,1,7.063322328,solved (0.0 s),solved (0.0 s),0,0,opt,121.9213117,0.0,0.0,0.0,0.0,0.0,121.9213117,0.0,0.0,0.0,0.0,0.0,121.92131173740162,0.0,0.0,0.0,0.0,0.0,121.9213117374016,0.0,0.0,0.0,0.0,0.0,121.9213117,0.0,0.0,0.0,0.0,0.0,121.9213117,0.0,0.0,0.0,0.0,0.0,121.9213117,0.0,0.0,0.0,0.0,0.0,121.9213117,0.0,0.0,0.0,0.0,0.0,121.9213117,0.0,0.0,0.0,0.0,0.0,121.9213117,0.0,0.0,0.0,0.0,0.0,121.9213117,0.0,0.0,0.0,0.0,0.0
diverse_rec,ml20_lambda0,movielens_sample20of200_lambda0,20,6,15,129.6194044,129.6194044,129.6194044,104.0828597,1,7.063322328,solved (0.0 s),solved (0.0 s),0,0,opt,129.6194044,0.0,0.0,0.0,0.0,0.0,129.6194044,0.0,0.0,0.0,0.0,0.0,129.61940435604365,0.0,0.0,0.0,0.0,0.0,129.61940435604362,0.0,0.0,0.0,0.0,0.0,129.6194044,0.0,0.0,0.0,0.0,0.0,129.6194044,0.0,0.0,0.0,0.0,0.0,129.6194044,0.0,0.0,0.0,0.0,0.0,129.6194044,0.0,0.0,0.0,0.0,0.0,129.6194044,0.0,0.0,0.0,0.0,0.0,129.6194044,0.0,0.0,0.0,0.0,0.0,129.6194044,0.0,0.0,0.0,0.0,0.0
diverse_rec,ml20_lambda0,movielens_sample20of200_lambda0,20,6,16,137.2580379,137.2580379,137.2580379,105.3254996,1,7.063322328,solved (0.0 s),solved (0.0 s),0,0,opt,137.2580379,0.0,0.0,0.0,0.0,0.0,137.2580379,0.0,0.0,0.0,0.0,0.0,137.25803793844543,0.0,0.0,0.0,0.0,0.0,137.2580379384454,0.0,0.0,0.0,0.0,0.0,137.2580379,0.0,0.0,0.0,0.0,0.0,137.2580379,0.0,0.0,0.0,0.0,0.0,137.2580379,0.0,0.0,0.0,0.0,0.0,137.2580379,0.0,0.0,0.0,0.0,0.0,137.2580379,0.0,0.0,0.0,0.0,0.0,137.2580379,0.0,0.0,0.0,0.0,0.0,137.2580379,0.0,0.0,0.0,0.0,0.0
diverse_rec,ml20_lambda0,movielens_sample20of200_lambda0,20,6,17,144.787693,144.787693,144.787693,106.4380798,1,7.063322328,solved (0.0 s),solved (0.0 s),0,0,opt,144.787693,0.0,0.0,0.0,0.0,0.0,144.787693,0.0,0.0,0.0,0.0,0.0,144.78769296938435,0.0,0.0,0.0,0.0,0.0,144.7876929693843,0.0,0.0,0.0,0.0,0.0,144.787693,0.0,0.0,0.0,0.0,0.0,144.787693,0.0,0.0,0.0,0.0,0.0,144.787693,0.0,0.0,0.0,0.0,0.0,144.787693,0.0,0.0,0.0,0.0,0.0,144.787693,0.0,0.0,0.0,0.0,0.0,144.787693,0.0,0.0,0.0,0.0,0.0,144.787693,0.0,0.0,0.0,0.0,0.0
diverse_rec,ml20_lambda0,movielens_sample20of200_lambda0,20,6,18,152.1648252,152.1648252,152.1648252,105.9333057,1,7.063322328,solved (0.0 s),solved (0.0 s),0,0,opt,152.1648252,0.0,0.0,0.0,0.0,0.0,152.1648252,0.0,0.0,0.0,0.0,0.0,152.1648251807188,0.0,0.0,0.0,0.0,0.0,152.1648251807188,0.0,0.0,0.0,0.0,0.0,152.1648252,0.0,0.0,0.0,0.0,0.0,152.1648252,0.0,0.0,0.0,0.0,0.0,152.1648252,0.0,0.0,0.0,0.0,0.0,152.1648252,0.0,0.0,0.0,0.0,0.0,152.1648252,0.0,0.0,0.0,0.0,0.0,152.1648252,0.0,0.0,0.0,0.0,0.0,152.1648252,0.0,0.0,0.0,0.0,0.0
diverse_rec,ml20_lambda0,movielens_sample20of200_lambda0,20,6,19,159.3863864,159.3863864,159.3863864,106.7658747,1,7.063322328,solved (0.0 s),solved (0.0 s),0,0,opt,159.3863864,0.0,0.0,0.0,0.0,0.0,159.3863864,0.0,0.0,0.0,0.0,0.0,159.38638636591756,0.0,0.0,0.0,0.0,0.0,159.38638636591753,0.0,0.0,0.0,0.0,0.0,159.3863864,0.0,0.0,0.0,0.0,0.0,159.3863864,0.0,0.0,0.0,0.0,0.0,159.3863864,0.0,0.0,0.0,0.0,0.0,159.3863864,0.0,0.0,0.0,0.0,0.0,159.3863864,0.0,0.0,0.0,0.0,0.0,159.3863864,0.0,0.0,0.0,0.0,0.0,159.3863864,0.0,0.0,0.0,0.0,0.0
diverse_rec,ml20_lambda0,movielens_sample20of200_lambda0,20,6,20,166.4497087,166.4497087,166.4497087,106.9964809,1,7.063322328,solved (0.0 s),solved (0.0 s),0,0,opt,166.4497087,0.0,0.0,0.0,0.0,0.0,166.4497087,0.0,0.0,0.0,0.0,0.0,166.44970869422693,0.0,0.0,0.0,0.0,0.0,166.4497086942269,0.0,0.0,0.0,0.0,0.0,166.44970865,0.0,0.0,0.0,0.0,0.0,166.4497087,0.0,0.0,0.0,0.0,0.0,166.4497087,0.0,0.0,0.0,0.0,0.0,166.4497087,0.0,0.0,0.0,0.0,0.0,166.4497087,0.0,0.0,0.0,0.0,0.0,166.4497087,0.0,0.0,0.0,0.0,0.0,166.4497087,0.0,0.0,0.0,0.0,0.0
diverse_rec,ml20_lambda0,movielens_sample20of200_lambda0,20,7,1,10.00413919,10.00413919,10.00413919,10.00413919,1,6.863552484,solved (0.1 s),solved (0.0 s),0,0,opt,10.00413919,0.0,0.0,0.0,0.0,0.0,10.00413919,0.0,0.0,0.0,0.0,0.0,10.00413919308804,0.0,0.0,0.0,0.0,0.0,10.00413919308804,0.0,0.0,0.0,0.0,0.0,10.00413919,0.0,0.0,0.0,0.0,0.0,10.00413919,0.0,0.0,0.0,0.0,0.0,10.00413919,0.0,0.0,0.0,0.0,0.0,10.00413919,0.0,0.0,0.0,0.0,0.0,10.00413919,0.0,0.0,0.0,0.0,0.0,10.00413919,0.0,0.0,0.0,0.0,0.0,10.00413919,0.0,0.0,0.0,0.0,0.0
diverse_rec,ml20_lambda0,movielens_sample20of200_lambda0,20,7,2,19.9960793,19.9960793,19.9960793,19.85892979,1,6.863552484,solved (0.1 s),solved (0.0 s),0,0,opt,19.9960793,0.0,0.0,0.0,0.0,0.0,19.9960793,0.0,0.0,0.0,0.0,0.0,19.99607929540013,0.0,0.0,0.0,0.0,0.0,19.99607929540013,0.0,0.0,0.0,0.0,0.0,19.9960793,0.0,0.0,0.0,0.0,0.0,19.9960793,0.0,0.0,0.0,0.0,0.0,19.9960793,0.0,0.0,0.0,0.0,0.0,19.9960793,0.0,0.0,0.0,0.0,0.0,19.9960793,0.0,0.0,0.0,0.0,0.0,19.9960793,0.0,0.0,0.0,0.0,0.0,19.9960793,0.0,0.0,0.0,0.0,0.0
diverse_rec,ml20_lambda0,movielens_sample20of200_lambda0,20,7,3,29.71862035,29.71862035,29.71862035,29.43014095,1,6.863552484,solved (0.1 s),solved (0.0 s),0,0,opt,29.71862035,0.0,0.0,0.0,0.0,0.0,29.71862035,0.0,0.0,0.0,0.0,0.0,29.718620347578806,0.0,0.0,0.0,0.0,0.0,29.718620347578806,0.0,0.0,0.0,0.0,0.0,29.71862035,0.0,0.0,0.0,0.0,0.0,29.71862035,0.0,0.0,0.0,0.0,0.0,29.71862035,0.0,0.0,0.0,0.0,0.0,29.71862035,0.0,0.0,0.0,0.0,0.0,29.71862035,0.0,0.0,0.0,0.0,0.0,29.71862035,0.0,0.0,0.0,0.0,0.0,29.71862035,0.0,0.0,0.0,0.0,0.0
diverse_rec,ml20_lambda0,movielens_sample20of200_lambda0,20,7,4,39.41177606,39.41177606,39.41177606,38.67891827,1,6.863552484,solved (0.1 s),solved (0.0 s),0,0,opt,39.41177606,0.0,0.0,0.0,0.0,0.0,39.41177606,0.0,0.0,0.0,0.0,0.0,39.411776055532975,0.0,0.0,0.0,0.0,0.0,39.411776055532975,0.0,0.0,0.0,0.0,0.0,39.41177606,0.0,0.0,0.0,0.0,0.0,39.41177606,0.0,0.0,0.0,0.0,0.0,39.41177606,0.0,0.0,0.0,0.0,0.0,39.41177606,0.0,0.0,0.0,0.0,0.0,39.41177606,0.0,0.0,0.0,0.0,0.0,39.41177606,0.0,0.0,0.0,0.0,0.0,39.41177606,0.0,0.0,0.0,0.0,0.0
diverse_rec,ml20_lambda0,movielens_sample20of200_lambda0,20,7,5,48.80577686,48.80577686,48.80577686,47.71292443,1,6.863552484,solved (0.1 s),solved (0.0 s),0,0,opt,48.80577686,0.0,0.0,0.0,0.0,0.0,48.80577686,0.0,0.0,0.0,0.0,0.0,48.80577686330152,0.0,0.0,0.0,0.0,0.0,48.80577686330152,0.0,0.0,0.0,0.0,0.0,48.80577686,0.0,0.0,0.0,0.0,0.0,48.80577686,0.0,0.0,0.0,0.0,0.0,48.80577686,0.0,0.0,0.0,0.0,0.0,48.80577686,0.0,0.0,0.0,0.0,0.0,48.80577686,0.0,0.0,0.0,0.0,0.0,48.80577686,0.0,0.0,0.0,0.0,0.0,48.80577686,0.0,0.0,0.0,0.0,0.0
diverse_rec,ml20_lambda0,movielens_sample20of200_lambda0,20,7,6,58.11135858,58.11135858,58.11135858,56.57197135,1,6.863552484,solved (0.1 s),solved (0.0 s),0,0,opt,58.11135858,0.0,0.0,0.0,0.0,0.0,58.11135858,0.0,0.0,0.0,0.0,0.0,58.11135857709722,0.0,0.0,0.0,0.0,0.0,58.11135857709723,0.0,0.0,0.0,0.0,0.0,58.11135858,0.0,0.0,0.0,0.0,0.0,58.11135858,0.0,0.0,0.0,0.0,0.0,58.11135858,0.0,0.0,0.0,0.0,0.0,58.11135858,0.0,0.0,0.0,0.0,0.0,58.11135858,0.0,0.0,0.0,0.0,0.0,58.11135858,0.0,0.0,0.0,0.0,0.0,58.11135858,0.0,0.0,0.0,0.0,0.0
diverse_rec,ml20_lambda0,movielens_sample20of200_lambda0,20,7,7,67.1663235,67.1663235,67.1663235,65.34213282,1,6.863552484,solved (0.1 s),solved (0.0 s),0,0,opt,67.1663235,0.0,0.0,0.0,0.0,0.0,67.1663235,0.0,0.0,0.0,0.0,0.0,67.16632350450034,0.0,0.0,0.0,0.0,0.0,67.16632350450034,0.0,0.0,0.0,0.0,0.0,67.1663235,0.0,0.0,0.0,0.0,0.0,67.1663235,0.0,0.0,0.0,0.0,0.0,67.1663235,0.0,0.0,0.0,0.0,0.0,67.1663235,0.0,0.0,0.0,0.0,0.0,67.1663235,0.0,0.0,0.0,0.0,0.0,67.1663235,0.0,0.0,0.0,0.0,0.0,67.1663235,0.0,0.0,0.0,0.0,0.0
diverse_rec,ml20_lambda0,movielens_sample20of200_lambda0,20,7,8,76.1952915,76.1952915,76.1952915,73.86257904,1,6.863552484,solved (0.1 s),solved (0.0 s),0,0,opt,76.1952915,0.0,0.0,0.0,0.0,0.0,76.1952915,0.0,0.0,0.0,0.0,0.0,76.19529149824987,0.0,0.0,0.0,0.0,0.0,76.19529149824987,0.0,0.0,0.0,0.0,0.0,76.1952915,0.0,0.0,0.0,0.0,0.0,76.1952915,0.0,0.0,0.0,0.0,0.0,76.1952915,0.0,0.0,0.0,0.0,0.0,76.1952915,0.0,0.0,0.0,0.0,0.0,76.1952915,0.0,0.0,0.0,0.0,0.0,76.1952915,0.0,0.0,0.0,0.0,0.0,76.1952915,0.0,0.0,0.0,0.0,0.0
diverse_rec,ml20_lambda0,movielens_sample20of200_lambda0,20,7,9,84.99246035,84.99246035,84.99246035,82.37388313,1,6.863552484,solved (0.1 s),solved (0.0 s),0,0,opt,84.99246035,0.0,0.0,0.0,0.0,0.0,84.99246035,0.0,0.0,0.0,0.0,0.0,84.99246034558729,0.0,0.0,0.0,0.0,0.0,84.99246034558729,0.0,0.0,0.0,0.0,0.0,84.99246035,0.0,0.0,0.0,0.0,0.0,84.99246035,0.0,0.0,0.0,0.0,0.0,84.99246035,0.0,0.0,0.0,0.0,0.0,84.99246035,0.0,0.0,0.0,0.0,0.0,84.99246035,0.0,0.0,0.0,0.0,0.0,84.99246035,0.0,0.0,0.0,0.0,0.0,84.99246035,0.0,0.0,0.0,0.0,0.0
diverse_rec,ml20_lambda0,movielens_sample20of200_lambda0,20,7,10,93.77407493,93.77407493,93.77407493,90.57550301,1,6.863552484,solved (0.1 s),solved (0.0 s),0,0,opt,93.77407493,0.0,0.0,0.0,0.0,0.0,93.77407493,0.0,0.0,0.0,0.0,0.0,93.77407492687365,0.0,0.0,0.0,0.0,0.0,93.77407492687362,0.0,0.0,0.0,0.0,0.0,93.77407493,0.0,0.0,0.0,0.0,0.0,93.77407493,0.0,0.0,0.0,0.0,0.0,93.77407493,0.0,0.0,0.0,0.0,0.0,93.77407493,0.0,0.0,0.0,0.0,0.0,93.77407493,0.0,0.0,0.0,0.0,0.0,93.77407493,0.0,0.0,0.0,0.0,0.0,93.77407493,0.0,0.0,0.0,0.0,0.0
diverse_rec,ml20_lambda0,movielens_sample20of200_lambda0,20,7,11,102.5163476,102.5163476,102.5163476,97.81985075,1,6.863552484,solved (0.1 s),solved (0.0 s),0,0,opt,102.5163476,0.0,0.0,0.0,0.0,0.0,102.5163476,0.0,0.0,0.0,0.0,0.0,102.51634756050089,0.0,0.0,0.0,0.0,0.0,102.51634756050088,0.0,0.0,0.0,0.0,0.0,102.5163476,0.0,0.0,0.0,0.0,0.0,102.5163476,0.0,0.0,0.0,0.0,0.0,102.5163476,0.0,0.0,0.0,0.0,0.0,102.5163476,0.0,0.0,0.0,0.0,0.0,102.5163476,0.0,0.0,0.0,0.0,0.0,102.5163476,0.0,0.0,0.0,0.0,0.0,102.5163476,0.0,0.0,0.0,0.0,0.0
diverse_rec,ml20_lambda0,movielens_sample20of200_lambda0,20,7,12,111.2166578,111.2166578,111.2166578,102.5812499,1,6.863552484,solved (0.1 s),solved (0.0 s),0,0,opt,111.2166578,0.0,0.0,0.0,0.0,0.0,111.2166578,0.0,0.0,0.0,0.0,0.0,111.21665781395464,0.0,0.0,0.0,0.0,0.0,111.21665781395464,0.0,0.0,0.0,0.0,0.0,111.2166578,0.0,0.0,0.0,0.0,0.0,111.2166578,0.0,0.0,0.0,0.0,0.0,111.2166578,0.0,0.0,0.0,0.0,0.0,111.2166578,0.0,0.0,0.0,0.0,0.0,111.2166578,0.0,0.0,0.0,0.0,0.0,111.2166578,0.0,0.0,0.0,0.0,0.0,111.2166578,0.0,0.0,0.0,0.0,0.0
diverse_rec,ml20_lambda0,movielens_sample20of200_lambda0,20,7,13,119.8923311,119.8923311,119.8923311,105.9553707,1,6.863552484,solved (0.1 s),solved (0.0 s),0,0,opt,119.8923311,0.0,0.0,0.0,0.0,0.0,119.8923311,0.0,0.0,0.0,0.0,0.0,119.89233107688923,0.0,0.0,0.0,0.0,0.0,119.8923310768892,0.0,0.0,0.0,0.0,0.0,119.8923311,0.0,0.0,0.0,0.0,0.0,119.8923311,0.0,0.0,0.0,0.0,0.0,119.8923311,0.0,0.0,0.0,0.0,0.0,119.8923311,0.0,0.0,0.0,0.0,0.0,119.8923311,0.0,0.0,0.0,0.0,0.0,119.8923311,0.0,0.0,0.0,0.0,0.0,119.8923311,0.0,0.0,0.0,0.0,0.0
diverse_rec,ml20_lambda0,movielens_sample20of200_lambda0,20,7,14,128.4163128,128.4163128,128.4163128,108.1391732,1,6.863552484,solved (0.1 s),solved (0.0 s),0,0,opt,128.4163128,0.0,0.0,0.0,0.0,0.0,128.4163128,0.0,0.0,0.0,0.0,0.0,128.41631278443992,0.0,0.0,0.0,0.0,0.0,128.41631278443992,0.0,0.0,0.0,0.0,0.0,128.4163128,0.0,0.0,0.0,0.0,0.0,128.4163128,0.0,0.0,0.0,0.0,0.0,128.4163128,0.0,0.0,0.0,0.0,0.0,128.4163128,0.0,0.0,0.0,0.0,0.0,128.4163128,0.0,0.0,0.0,0.0,0.0,128.4163128,0.0,0.0,0.0,0.0,0.0,128.4163128,0.0,0.0,0.0,0.0,0.0
diverse_rec,ml20_lambda0,movielens_sample20of200_lambda0,20,7,15,136.7162333,136.7162333,136.7162333,110.0890811,1,6.863552484,solved (0.1 s),solved (0.0 s),0,0,opt,136.7162333,0.0,0.0,0.0,0.0,0.0,136.7162333,0.0,0.0,0.0,0.0,0.0,136.71623328800445,0.0,0.0,0.0,0.0,0.0,136.71623328800442,0.0,0.0,0.0,0.0,0.0,136.7162333,0.0,0.0,0.0,0.0,0.0,136.7162333,0.0,0.0,0.0,0.0,0.0,136.7162333,0.0,0.0,0.0,0.0,0.0,136.7162333,0.0,0.0,0.0,0.0,0.0,136.7162333,0.0,0.0,0.0,0.0,0.0,136.7162333,0.0,0.0,0.0,0.0,0.0,136.7162333,0.0,0.0,0.0,0.0,0.0
diverse_rec,ml20_lambda0,movielens_sample20of200_lambda0,20,7,16,144.960682,144.960682,144.960682,111.6397386,1,6.863552484,solved (0.1 s),solved (0.0 s),0,0,opt,144.960682,0.0,0.0,0.0,0.0,0.0,144.960682,0.0,0.0,0.0,0.0,0.0,144.96068203762897,0.0,0.0,0.0,0.0,0.0,144.96068203762894,0.0,0.0,0.0,0.0,0.0,144.960682,0.0,0.0,0.0,0.0,0.0,144.960682,0.0,0.0,0.0,0.0,0.0,144.960682,0.0,0.0,0.0,0.0,0.0,144.960682,0.0,0.0,0.0,0.0,0.0,144.960682,0.0,0.0,0.0,0.0,0.0,144.960682,0.0,0.0,0.0,0.0,0.0,144.960682,0.0,0.0,0.0,0.0,0.0
diverse_rec,ml20_lambda0,movielens_sample20of200_lambda0,20,7,17,153.0200405,153.0200405,153.0200405,111.5527728,1,6.863552484,solved (0.1 s),solved (0.0 s),0,0,opt,153.0200405,0.0,0.0,0.0,0.0,0.0,153.0200405,0.0,0.0,0.0,0.0,0.0,153.02004053391192,0.0,0.0,0.0,0.0,0.0,153.02004053391192,0.0,0.0,0.0,0.0,0.0,153.0200405,0.0,0.0,0.0,0.0,0.0,153.0200405,0.0,0.0,0.0,0.0,0.0,153.0200405,0.0,0.0,0.0,0.0,0.0,153.0200405,0.0,0.0,0.0,0.0,0.0,153.0200405,0.0,0.0,0.0,0.0,0.0,153.0200405,0.0,0.0,0.0,0.0,0.0,153.0200405,0.0,0.0,0.0,0.0,0.0
diverse_rec,ml20_lambda0,movielens_sample20of200_lambda0,20,7,18,160.997498,160.997498,160.997498,112.5054826,1,6.863552484,solved (0.1 s),solved (0.0 s),0,0,opt,160.997498,0.0,0.0,0.0,0.0,0.0,160.997498,0.0,0.0,0.0,0.0,0.0,160.9974979955882,0.0,0.0,0.0,0.0,0.0,160.99749799558816,0.0,0.0,0.0,0.0,0.0,160.997498,0.0,0.0,0.0,0.0,0.0,160.997498,0.0,0.0,0.0,0.0,0.0,160.997498,0.0,0.0,0.0,0.0,0.0,160.997498,0.0,0.0,0.0,0.0,0.0,160.997498,0.0,0.0,0.0,0.0,0.0,160.997498,0.0,0.0,0.0,0.0,0.0,160.997498,0.0,0.0,0.0,0.0,0.0
diverse_rec,ml20_lambda0,movielens_sample20of200_lambda0,20,7,19,168.6888491,168.6888491,168.6888491,112.4888884,1,6.863552484,solved (0.1 s),solved (0.0 s),0,0,opt,168.6888491,0.0,0.0,0.0,0.0,0.0,168.6888491,0.0,0.0,0.0,0.0,0.0,168.68884914094312,0.0,0.0,0.0,0.0,0.0,168.68884914094306,0.0,0.0,0.0,0.0,0.0,168.6888491,0.0,0.0,0.0,0.0,0.0,168.6888491,0.0,0.0,0.0,0.0,0.0,168.6888491,0.0,0.0,0.0,0.0,0.0,168.6888491,0.0,0.0,0.0,0.0,0.0,168.6888491,0.0,0.0,0.0,0.0,0.0,168.6888491,0.0,0.0,0.0,0.0,0.0,168.6888491,0.0,0.0,0.0,0.0,0.0
diverse_rec,ml20_lambda0,movielens_sample20of200_lambda0,20,7,20,175.5524016,175.5524016,175.5524016,112.6676643,1,6.863552484,solved (0.1 s),solved (0.0 s),0,0,opt,175.5524016,0.0,0.0,0.0,0.0,0.0,175.5524016,0.0,0.0,0.0,0.0,0.0,175.55240162522873,0.0,0.0,0.0,0.0,0.0,175.55240162522873,0.0,0.0,0.0,0.0,0.0,175.55240157999998,0.0,0.0,0.0,0.0,0.0,175.5524016,0.0,0.0,0.0,0.0,0.0,175.5524016,0.0,0.0,0.0,0.0,0.0,175.5524016,0.0,0.0,0.0,0.0,0.0,175.5524016,0.0,0.0,0.0,0.0,0.0,175.5524016,0.0,0.0,0.0,0.0,0.0,175.5524016,0.0,0.0,0.0,0.0,0.0
diverse_rec,ml20_lambda0,movielens_sample20of200_lambda0,20,8,1,10.85102075,10.85102075,10.85102075,10.85102075,1,6.431294951,solved (0.1 s),solved (0.0 s),0,0,opt,10.85102075,0.0,0.0,0.0,0.0,0.0,10.85102075,0.0,0.0,0.0,0.0,0.0,10.851020752263974,0.0,0.0,0.0,0.0,0.0,10.851020752263974,0.0,0.0,0.0,0.0,0.0,10.85102075,0.0,0.0,0.0,0.0,0.0,10.85102075,0.0,0.0,0.0,0.0,0.0,10.85102075,0.0,0.0,0.0,0.0,0.0,10.85102075,0.0,0.0,0.0,0.0,0.0,10.85102075,0.0,0.0,0.0,0.0,0.0,10.85102075,0.0,0.0,0.0,0.0,0.0,10.85102075,0.0,0.0,0.0,0.0,0.0
diverse_rec,ml20_lambda0,movielens_sample20of200_lambda0,20,8,2,21.55041109,21.55041109,21.55041109,21.41671818,1,6.431294951,solved (0.1 s),solved (0.0 s),0,0,opt,21.55041109,0.0,0.0,0.0,0.0,0.0,21.55041109,0.0,0.0,0.0,0.0,0.0,21.55041109147119,0.0,0.0,0.0,0.0,0.0,21.55041109147119,0.0,0.0,0.0,0.0,0.0,21.55041109,0.0,0.0,0.0,0.0,0.0,21.55041109,0.0,0.0,0.0,0.0,0.0,21.55041109,0.0,0.0,0.0,0.0,0.0,21.55041109,0.0,0.0,0.0,0.0,0.0,21.55041109,0.0,0.0,0.0,0.0,0.0,21.55041109,0.0,0.0,0.0,0.0,0.0,21.55041109,0.0,0.0,0.0,0.0,0.0
diverse_rec,ml20_lambda0,movielens_sample20of200_lambda0,20,8,3,32.05624355,32.05624355,32.05624355,31.49024395,1,6.431294951,solved (0.1 s),solved (0.0 s),0,0,opt,32.05624355,0.0,0.0,0.0,0.0,0.0,32.05624355,0.0,0.0,0.0,0.0,0.0,32.05624354701352,0.0,0.0,0.0,0.0,0.0,32.05624354701352,0.0,0.0,0.0,0.0,0.0,32.05624355,0.0,0.0,0.0,0.0,0.0,32.05624355,0.0,0.0,0.0,0.0,0.0,32.05624355,0.0,0.0,0.0,0.0,0.0,32.05624355,0.0,0.0,0.0,0.0,0.0,32.05624355,0.0,0.0,0.0,0.0,0.0,32.05624355,0.0,0.0,0.0,0.0,0.0,32.05624355,0.0,0.0,0.0,0.0,0.0
diverse_rec,ml20_lambda0,movielens_sample20of200_lambda0,20,8,4,42.17091782,42.17091782,42.17091782,41.33743428,1,6.431294951,solved (0.1 s),solved (0.0 s),0,0,opt,42.17091782,0.0,0.0,0.0,0.0,0.0,42.17091782,0.0,0.0,0.0,0.0,0.0,42.17091781727822,0.0,0.0,0.0,0.0,0.0,42.17091781727823,0.0,0.0,0.0,0.0,0.0,42.17091782,0.0,0.0,0.0,0.0,0.0,42.17091782,0.0,0.0,0.0,0.0,0.0,42.17091782,0.0,0.0,0.0,0.0,0.0,42.17091782,0.0,0.0,0.0,0.0,0.0,42.17091782,0.0,0.0,0.0,0.0,0.0,42.17091782,0.0,0.0,0.0,0.0,0.0,42.17091782,0.0,0.0,0.0,0.0,0.0
diverse_rec,ml20_lambda0,movielens_sample20of200_lambda0,20,8,5,52.14928108,52.14928108,52.14928108,50.96071787,1,6.431294951,solved (0.1 s),solved (0.0 s),0,0,opt,52.14928108,0.0,0.0,0.0,0.0,0.0,52.14928108,0.0,0.0,0.0,0.0,0.0,52.14928108172082,0.0,0.0,0.0,0.0,0.0,52.14928108172081,0.0,0.0,0.0,0.0,0.0,52.14928108,0.0,0.0,0.0,0.0,0.0,52.14928108,0.0,0.0,0.0,0.0,0.0,52.14928108,0.0,0.0,0.0,0.0,0.0,52.14928108,0.0,0.0,0.0,0.0,0.0,52.14928108,0.0,0.0,0.0,0.0,0.0,52.14928108,0.0,0.0,0.0,0.0,0.0,52.14928108,0.0,0.0,0.0,0.0,0.0
diverse_rec,ml20_lambda0,movielens_sample20of200_lambda0,20,8,6,61.98054663,61.98054663,61.98054663,60.44157057,1,6.431294951,solved (0.1 s),solved (0.0 s),0,0,opt,61.98054663,0.0,0.0,0.0,0.0,0.0,61.98054663,0.0,0.0,0.0,0.0,0.0,61.98054663319315,0.0,0.0,0.0,0.0,0.0,61.98054663319315,0.0,0.0,0.0,0.0,0.0,61.98054663,0.0,0.0,0.0,0.0,0.0,61.98054663,0.0,0.0,0.0,0.0,0.0,61.98054663,0.0,0.0,0.0,0.0,0.0,61.98054663,0.0,0.0,0.0,0.0,0.0,61.98054663,0.0,0.0,0.0,0.0,0.0,61.98054663,0.0,0.0,0.0,0.0,0.0,61.98054663,0.0,0.0,0.0,0.0,0.0
diverse_rec,ml20_lambda0,movielens_sample20of200_lambda0,20,8,7,71.67946317,71.67946317,71.67946317,69.66744256,1,6.431294951,solved (0.1 s),solved (0.0 s),0,0,opt,71.67946317,0.0,0.0,0.0,0.0,0.0,71.67946317,0.0,0.0,0.0,0.0,0.0,71.67946316845529,0.0,0.0,0.0,0.0,0.0,71.67946316845529,0.0,0.0,0.0,0.0,0.0,71.67946317,0.0,0.0,0.0,0.0,0.0,71.67946317,0.0,0.0,0.0,0.0,0.0,71.67946317,0.0,0.0,0.0,0.0,0.0,71.67946317,0.0,0.0,0.0,0.0,0.0,71.67946317,0.0,0.0,0.0,0.0,0.0,71.67946317,0.0,0.0,0.0,0.0,0.0,71.67946317,0.0,0.0,0.0,0.0,0.0
diverse_rec,ml20_lambda0,movielens_sample20of200_lambda0,20,8,8,81.37727243,81.37727243,81.37727243,78.4654855,1,6.431294951,solved (0.1 s),solved (0.0 s),0,0,opt,81.37727243,0.0,0.0,0.0,0.0,0.0,81.37727243,0.0,0.0,0.0,0.0,0.0,81.37727242721309,0.0,0.0,0.0,0.0,0.0,81.37727242721307,0.0,0.0,0.0,0.0,0.0,81.37727243,0.0,0.0,0.0,0.0,0.0,81.37727243,0.0,0.0,0.0,0.0,0.0,81.37727243,0.0,0.0,0.0,0.0,0.0,81.37727243,0.0,0.0,0.0,0.0,0.0,81.37727243,0.0,0.0,0.0,0.0,0.0,81.37727243,0.0,0.0,0.0,0.0,0.0,81.37727243,0.0,0.0,0.0,0.0,0.0
diverse_rec,ml20_lambda0,movielens_sample20of200_lambda0,20,8,9,90.90850653,90.90850653,90.90850653,86.79290904,1,6.431294951,solved (0.1 s),solved (0.0 s),0,0,opt,90.90850653,0.0,0.0,0.0,0.0,0.0,90.90850653,0.0,0.0,0.0,0.0,0.0,90.90850653398043,0.0,0.0,0.0,0.0,0.0,90.90850653398041,0.0,0.0,0.0,0.0,0.0,90.90850653,0.0,0.0,0.0,0.0,0.0,90.90850653,0.0,0.0,0.0,0.0,0.0,90.90850653,0.0,0.0,0.0,0.0,0.0,90.90850653,0.0,0.0,0.0,0.0,0.0,90.90850653,0.0,0.0,0.0,0.0,0.0,90.90850653,0.0,0.0,0.0,0.0,0.0,90.90850653,0.0,0.0,0.0,0.0,0.0
diverse_rec,ml20_lambda0,movielens_sample20of200_lambda0,20,8,10,100.2260961,100.2260961,100.2260961,94.83258926,1,6.431294951,solved (0.1 s),solved (0.0 s),0,0,opt,100.2260961,0.0,0.0,0.0,0.0,0.0,100.2260961,0.0,0.0,0.0,0.0,0.0,100.22609614475954,0.0,0.0,0.0,0.0,0.0,100.22609614475952,0.0,0.0,0.0,0.0,0.0,100.2260961,0.0,0.0,0.0,0.0,0.0,100.2260961,0.0,0.0,0.0,0.0,0.0,100.2260961,0.0,0.0,0.0,0.0,0.0,100.2260961,0.0,0.0,0.0,0.0,0.0,100.2260961,0.0,0.0,0.0,0.0,0.0,100.2260961,0.0,0.0,0.0,0.0,0.0,100.2260961,0.0,0.0,0.0,0.0,0.0
diverse_rec,ml20_lambda0,movielens_sample20of200_lambda0,20,8,11,109.5152619,109.5152619,109.5152619,101.4145396,1,6.431294951,solved (0.1 s),solved (0.0 s),0,0,opt,109.5152619,0.0,0.0,0.0,0.0,0.0,109.5152619,0.0,0.0,0.0,0.0,0.0,109.51526190780093,0.0,0.0,0.0,0.0,0.0,109.51526190780093,0.0,0.0,0.0,0.0,0.0,109.5152619,0.0,0.0,0.0,0.0,0.0,109.5152619,0.0,0.0,0.0,0.0,0.0,109.5152619,0.0,0.0,0.0,0.0,0.0,109.5152619,0.0,0.0,0.0,0.0,0.0,109.5152619,0.0,0.0,0.0,0.0,0.0,109.5152619,0.0,0.0,0.0,0.0,0.0,109.5152619,0.0,0.0,0.0,0.0,0.0
diverse_rec,ml20_lambda0,movielens_sample20of200_lambda0,20,8,12,118.4243766,118.4243766,118.4243766,105.9793279,1,6.431294951,solved (0.1 s),solved (0.0 s),0,0,opt,118.4243766,0.0,0.0,0.0,0.0,0.0,118.4243766,0.0,0.0,0.0,0.0,0.0,118.424376591048,0.0,0.0,0.0,0.0,0.0,118.424376591048,0.0,0.0,0.0,0.0,0.0,118.4243766,0.0,0.0,0.0,0.0,0.0,118.4243766,0.0,0.0,0.0,0.0,0.0,118.4243766,0.0,0.0,0.0,0.0,0.0,118.4243766,0.0,0.0,0.0,0.0,0.0,118.4243766,0.0,0.0,0.0,0.0,0.0,118.4243766,0.0,0.0,0.0,0.0,0.0,118.4243766,0.0,0.0,0.0,0.0,0.0
diverse_rec,ml20_lambda0,movielens_sample20of200_lambda0,20,8,13,127.0858013,127.0858013,127.0858013,109.1849768,1,6.431294951,solved (0.1 s),solved (0.0 s),0,0,opt,127.0858013,0.0,0.0,0.0,0.0,0.0,127.0858013,0.0,0.0,0.0,0.0,0.0,127.08580127710151,0.0,0.0,0.0,0.0,0.0,127.08580127710152,0.0,0.0,0.0,0.0,0.0,127.0858013,0.0,0.0,0.0,0.0,0.0,127.0858013,0.0,0.0,0.0,0.0,0.0,127.0858013,0.0,0.0,0.0,0.0,0.0,127.0858013,0.0,0.0,0.0,0.0,0.0,127.0858013,0.0,0.0,0.0,0.0,0.0,127.0858013,0.0,0.0,0.0,0.0,0.0,127.0858013,0.0,0.0,0.0,0.0,0.0
diverse_rec,ml20_lambda0,movielens_sample20of200_lambda0,20,8,14,135.687503,135.687503,135.687503,111.0856581,1,6.431294951,solved (0.1 s),solved (0.0 s),0,0,opt,135.687503,0.0,0.0,0.0,0.0,0.0,135.687503,0.0,0.0,0.0,0.0,0.0,135.68750300702288,0.0,0.0,0.0,0.0,0.0,135.68750300702288,0.0,0.0,0.0,0.0,0.0,135.687503,0.0,0.0,0.0,0.0,0.0,135.687503,0.0,0.0,0.0,0.0,0.0,135.687503,0.0,0.0,0.0,0.0,0.0,135.687503,0.0,0.0,0.0,0.0,0.0,135.687503,0.0,0.0,0.0,0.0,0.0,135.687503,0.0,0.0,0.0,0.0,0.0,135.687503,0.0,0.0,0.0,0.0,0.0
diverse_rec,ml20_lambda0,movielens_sample20of200_lambda0,20,8,15,143.9981964,143.9981964,143.9981964,112.4711669,1,6.431294951,solved (0.1 s),solved (0.0 s),0,0,opt,143.9981964,0.0,0.0,0.0,0.0,0.0,143.9981964,0.0,0.0,0.0,0.0,0.0,143.9981963563171,0.0,0.0,0.0,0.0,0.0,143.99819635631712,0.0,0.0,0.0,0.0,0.0,143.9981964,0.0,0.0,0.0,0.0,0.0,143.9981964,0.0,0.0,0.0,0.0,0.0,143.9981964,0.0,0.0,0.0,0.0,0.0,143.9981964,0.0,0.0,0.0,0.0,0.0,143.9981964,0.0,0.0,0.0,0.0,0.0,143.9981964,0.0,0.0,0.0,0.0,0.0,143.9981964,0.0,0.0,0.0,0.0,0.0
diverse_rec,ml20_lambda0,movielens_sample20of200_lambda0,20,8,16,151.6856312,151.6856312,151.6856312,113.6032458,1,6.431294951,solved (0.1 s),solved (0.0 s),0,0,opt,151.6856312,0.0,0.0,0.0,0.0,0.0,151.6856312,0.0,0.0,0.0,0.0,0.0,151.68563122248696,0.0,0.0,0.0,0.0,0.0,151.68563122248696,0.0,0.0,0.0,0.0,0.0,151.6856312,0.0,0.0,0.0,0.0,0.0,151.6856312,0.0,0.0,0.0,0.0,0.0,151.6856312,0.0,0.0,0.0,0.0,0.0,151.6856312,0.0,0.0,0.0,0.0,0.0,151.6856312,0.0,0.0,0.0,0.0,0.0,151.6856312,0.0,0.0,0.0,0.0,0.0,151.6856312,0.0,0.0,0.0,0.0,0.0
diverse_rec,ml20_lambda0,movielens_sample20of200_lambda0,20,8,17,159.0950071,159.0950071,159.0950071,114.7849959,1,6.431294951,solved (0.1 s),solved (0.0 s),0,0,opt,159.0950071,0.0,0.0,0.0,0.0,0.0,159.0950071,0.0,0.0,0.0,0.0,0.0,159.09500712035464,0.0,0.0,0.0,0.0,0.0,159.09500712035467,0.0,0.0,0.0,0.0,0.0,159.0950071,0.0,0.0,0.0,0.0,0.0,159.0950071,0.0,0.0,0.0,0.0,0.0,159.0950071,0.0,0.0,0.0,0.0,0.0,159.0950071,0.0,0.0,0.0,0.0,0.0,159.0950071,0.0,0.0,0.0,0.0,0.0,159.0950071,0.0,0.0,0.0,0.0,0.0,159.0950071,0.0,0.0,0.0,0.0,0.0
diverse_rec,ml20_lambda0,movielens_sample20of200_lambda0,20,8,18,166.4196858,166.4196858,166.4196858,115.1807472,1,6.431294951,solved (0.1 s),solved (0.0 s),0,0,opt,166.4196858,0.0,0.0,0.0,0.0,0.0,166.4196858,0.0,0.0,0.0,0.0,0.0,166.4196857682007,0.0,0.0,0.0,0.0,0.0,166.4196857682007,0.0,0.0,0.0,0.0,0.0,166.4196858,0.0,0.0,0.0,0.0,0.0,166.4196858,0.0,0.0,0.0,0.0,0.0,166.4196858,0.0,0.0,0.0,0.0,0.0,166.4196858,0.0,0.0,0.0,0.0,0.0,166.4196858,0.0,0.0,0.0,0.0,0.0,166.4196858,0.0,0.0,0.0,0.0,0.0,166.4196858,0.0,0.0,0.0,0.0,0.0
diverse_rec,ml20_lambda0,movielens_sample20of200_lambda0,20,8,19,173.1716497,173.1716497,173.1716497,115.1678331,1,6.431294951,solved (0.1 s),solved (0.0 s),0,0,opt,173.1716497,0.0,0.0,0.0,0.0,0.0,173.1716497,0.0,0.0,0.0,0.0,0.0,173.17164972975047,0.0,0.0,0.0,0.0,0.0,173.17164972975047,0.0,0.0,0.0,0.0,0.0,173.1716497,0.0,0.0,0.0,0.0,0.0,173.1716497,0.0,0.0,0.0,0.0,0.0,173.1716497,0.0,0.0,0.0,0.0,0.0,173.1716497,0.0,0.0,0.0,0.0,0.0,173.1716497,0.0,0.0,0.0,0.0,0.0,173.1716497,0.0,0.0,0.0,0.0,0.0,173.1716497,0.0,0.0,0.0,0.0,0.0
diverse_rec,ml20_lambda0,movielens_sample20of200_lambda0,20,8,20,179.6029447,179.6029447,179.6029447,115.8733865,1,6.431294951,solved (0.1 s),solved (0.0 s),0,0,opt,179.6029447,0.0,0.0,0.0,0.0,0.0,179.6029447,0.0,0.0,0.0,0.0,0.0,179.602944680688,0.0,0.0,0.0,0.0,0.0,179.60294468068804,0.0,0.0,0.0,0.0,0.0,179.60294463,0.0,0.0,0.0,0.0,0.0,179.6029447,0.0,0.0,0.0,0.0,0.0,179.6029447,0.0,0.0,0.0,0.0,0.0,179.6029447,0.0,0.0,0.0,0.0,0.0,179.6029447,0.0,0.0,0.0,0.0,0.0,179.6029447,0.0,0.0,0.0,0.0,0.0,179.6029447,0.0,0.0,0.0,0.0,0.0
diverse_rec,ml20_lambda0,movielens_sample20of200_lambda0,20,9,1,10.14460864,10.14460864,10.14460864,10.14460864,1,7.101540804,solved (0.1 s),solved (0.0 s),0,0,opt,10.14460864,0.0,0.0,0.0,0.0,0.0,10.14460864,0.0,0.0,0.0,0.0,0.0,10.144608637682438,0.0,0.0,0.0,0.0,0.0,10.144608637682438,0.0,0.0,0.0,0.0,0.0,10.14460864,0.0,0.0,0.0,0.0,0.0,10.14460864,0.0,0.0,0.0,0.0,0.0,10.14460864,0.0,0.0,0.0,0.0,0.0,10.14460864,0.0,0.0,0.0,0.0,0.0,10.14460864,0.0,0.0,0.0,0.0,0.0,10.14460864,0.0,0.0,0.0,0.0,0.0,10.14460864,0.0,0.0,0.0,0.0,0.0
diverse_rec,ml20_lambda0,movielens_sample20of200_lambda0,20,9,2,19.66643232,19.66643232,19.66643232,19.491497,1,7.101540804,solved (0.1 s),solved (0.0 s),0,0,opt,19.66643232,0.0,0.0,0.0,0.0,0.0,19.66643232,0.0,0.0,0.0,0.0,0.0,19.666432319230818,0.0,0.0,0.0,0.0,0.0,19.666432319230818,0.0,0.0,0.0,0.0,0.0,19.66643232,0.0,0.0,0.0,0.0,0.0,19.66643232,0.0,0.0,0.0,0.0,0.0,19.66643232,0.0,0.0,0.0,0.0,0.0,19.66643232,0.0,0.0,0.0,0.0,0.0,19.66643232,0.0,0.0,0.0,0.0,0.0,19.66643232,0.0,0.0,0.0,0.0,0.0,19.66643232,0.0,0.0,0.0,0.0,0.0
diverse_rec,ml20_lambda0,movielens_sample20of200_lambda0,20,9,3,29.107448,29.107448,29.107448,28.61606299,1,7.101540804,solved (0.1 s),solved (0.0 s),0,0,opt,29.107448,0.0,0.0,0.0,0.0,0.0,29.107448,0.0,0.0,0.0,0.0,0.0,29.10744799785405,0.0,0.0,0.0,0.0,0.0,29.10744799785405,0.0,0.0,0.0,0.0,0.0,29.107448,0.0,0.0,0.0,0.0,0.0,29.107448,0.0,0.0,0.0,0.0,0.0,29.107448,0.0,0.0,0.0,0.0,0.0,29.107448,0.0,0.0,0.0,0.0,0.0,29.107448,0.0,0.0,0.0,0.0,0.0,29.107448,0.0,0.0,0.0,0.0,0.0,29.107448,0.0,0.0,0.0,0.0,0.0
diverse_rec,ml20_lambda0,movielens_sample20of200_lambda0,20,9,4,38.33081944,38.33081944,38.33081944,37.6025134,1,7.101540804,solved (0.1 s),solved (0.0 s),0,0,opt,38.33081944,0.0,0.0,0.0,0.0,0.0,38.33081944,0.0,0.0,0.0,0.0,0.0,38.33081944079489,0.0,0.0,0.0,0.0,0.0,38.3308194407949,0.0,0.0,0.0,0.0,0.0,38.33081944,0.0,0.0,0.0,0.0,0.0,38.33081944,0.0,0.0,0.0,0.0,0.0,38.33081944,0.0,0.0,0.0,0.0,0.0,38.33081944,0.0,0.0,0.0,0.0,0.0,38.33081944,0.0,0.0,0.0,0.0,0.0,38.33081944,0.0,0.0,0.0,0.0,0.0,38.33081944,0.0,0.0,0.0,0.0,0.0
diverse_rec,ml20_lambda0,movielens_sample20of200_lambda0,20,9,5,47.37837496,47.37837496,47.37837496,46.23447987,1,7.101540804,solved (0.1 s),solved (0.0 s),0,0,opt,47.37837496,0.0,0.0,0.0,0.0,0.0,47.37837496,0.0,0.0,0.0,0.0,0.0,47.37837495848093,0.0,0.0,0.0,0.0,0.0,47.37837495848093,0.0,0.0,0.0,0.0,0.0,47.37837496,0.0,0.0,0.0,0.0,0.0,47.37837496,0.0,0.0,0.0,0.0,0.0,47.37837496,0.0,0.0,0.0,0.0,0.0,47.37837496,0.0,0.0,0.0,0.0,0.0,47.37837496,0.0,0.0,0.0,0.0,0.0,47.37837496,0.0,0.0,0.0,0.0,0.0,47.37837496,0.0,0.0,0.0,0.0,0.0
diverse_rec,ml20_lambda0,movielens_sample20of200_lambda0,20,9,6,56.38664588,56.38664588,56.38664588,54.60837657,1,7.101540804,solved (0.1 s),solved (0.0 s),0,0,opt,56.38664588,0.0,0.0,0.0,0.0,0.0,56.38664588,0.0,0.0,0.0,0.0,0.0,56.38664587633439,0.0,0.0,0.0,0.0,0.0,56.38664587633439,0.0,0.0,0.0,0.0,0.0,56.38664588,0.0,0.0,0.0,0.0,0.0,56.38664588,0.0,0.0,0.0,0.0,0.0,56.38664588,0.0,0.0,0.0,0.0,0.0,56.38664588,0.0,0.0,0.0,0.0,0.0,56.38664588,0.0,0.0,0.0,0.0,0.0,56.38664588,0.0,0.0,0.0,0.0,0.0,56.38664588,0.0,0.0,0.0,0.0,0.0
diverse_rec,ml20_lambda0,movielens_sample20of200_lambda0,20,9,7,65.23090334,65.23090334,65.23090334,62.90137028,1,7.101540804,solved (0.1 s),solved (0.0 s),0,0,opt,65.23090334,0.0,0.0,0.0,0.0,0.0,65.23090334,0.0,0.0,0.0,0.0,0.0,65.2309033373907,0.0,0.0,0.0,0.0,0.0,65.23090333739071,0.0,0.0,0.0,0.0,0.0,65.23090334,0.0,0.0,0.0,0.0,0.0,65.23090334,0.0,0.0,0.0,0.0,0.0,65.23090334,0.0,0.0,0.0,0.0,0.0,65.23090334,0.0,0.0,0.0,0.0,0.0,65.23090334,0.0,0.0,0.0,0.0,0.0,65.23090334,0.0,0.0,0.0,0.0,0.0,65.23090334,0.0,0.0,0.0,0.0,0.0
diverse_rec,ml20_lambda0,movielens_sample20of200_lambda0,20,9,8,73.67104417,73.67104417,73.67104417,70.97325022,1,7.101540804,solved (0.1 s),solved (0.0 s),0,0,opt,73.67104417,0.0,0.0,0.0,0.0,0.0,73.67104417,0.0,0.0,0.0,0.0,0.0,73.67104416930013,0.0,0.0,0.0,0.0,0.0,73.67104416930013,0.0,0.0,0.0,0.0,0.0,73.67104417,0.0,0.0,0.0,0.0,0.0,73.67104417,0.0,0.0,0.0,0.0,0.0,73.67104417,0.0,0.0,0.0,0.0,0.0,73.67104417,0.0,0.0,0.0,0.0,0.0,73.67104417,0.0,0.0,0.0,0.0,0.0,73.67104417,0.0,0.0,0.0,0.0,0.0,73.67104417,0.0,0.0,0.0,0.0,0.0
diverse_rec,ml20_lambda0,movielens_sample20of200_lambda0,20,9,9,82.04141386,82.04141386,82.04141386,78.977533,1,7.101540804,solved (0.1 s),solved (0.0 s),0,0,opt,82.04141386,0.0,0.0,0.0,0.0,0.0,82.04141386,0.0,0.0,0.0,0.0,0.0,82.04141385819158,0.0,0.0,0.0,0.0,0.0,82.04141385819158,0.0,0.0,0.0,0.0,0.0,82.04141386,0.0,0.0,0.0,0.0,0.0,82.04141386,0.0,0.0,0.0,0.0,0.0,82.04141386,0.0,0.0,0.0,0.0,0.0,82.04141386,0.0,0.0,0.0,0.0,0.0,82.04141386,0.0,0.0,0.0,0.0,0.0,82.04141386,0.0,0.0,0.0,0.0,0.0,82.04141386,0.0,0.0,0.0,0.0,0.0
diverse_rec,ml20_lambda0,movielens_sample20of200_lambda0,20,9,10,90.38275111,90.38275111,90.38275111,86.76049313,1,7.101540804,solved (0.1 s),solved (0.0 s),0,0,opt,90.38275111,0.0,0.0,0.0,0.0,0.0,90.38275111,0.0,0.0,0.0,0.0,0.0,90.38275111090861,0.0,0.0,0.0,0.0,0.0,90.38275111090863,0.0,0.0,0.0,0.0,0.0,90.38275111,0.0,0.0,0.0,0.0,0.0,90.38275111,0.0,0.0,0.0,0.0,0.0,90.38275111,0.0,0.0,0.0,0.0,0.0,90.38275111,0.0,0.0,0.0,0.0,0.0,90.38275111,0.0,0.0,0.0,0.0,0.0,90.38275111,0.0,0.0,0.0,0.0,0.0,90.38275111,0.0,0.0,0.0,0.0,0.0
diverse_rec,ml20_lambda0,movielens_sample20of200_lambda0,20,9,11,98.67401313,98.67401313,98.67401313,93.75190882,1,7.101540804,solved (0.1 s),solved (0.0 s),0,0,opt,98.67401313,0.0,0.0,0.0,0.0,0.0,98.67401313,0.0,0.0,0.0,0.0,0.0,98.67401312904794,0.0,0.0,0.0,0.0,0.0,98.67401312904795,0.0,0.0,0.0,0.0,0.0,98.67401313,0.0,0.0,0.0,0.0,0.0,98.67401313,0.0,0.0,0.0,0.0,0.0,98.67401313,0.0,0.0,0.0,0.0,0.0,98.67401313,0.0,0.0,0.0,0.0,0.0,98.67401313,0.0,0.0,0.0,0.0,0.0,98.67401313,0.0,0.0,0.0,0.0,0.0,98.67401313,0.0,0.0,0.0,0.0,0.0
diverse_rec,ml20_lambda0,movielens_sample20of200_lambda0,20,9,12,106.9569745,106.9569745,106.9569745,98.3953136,1,7.101540804,solved (0.1 s),solved (0.0 s),0,0,opt,106.9569745,0.0,0.0,0.0,0.0,0.0,106.9569745,0.0,0.0,0.0,0.0,0.0,106.9569744903387,0.0,0.0,0.0,0.0,0.0,106.9569744903387,0.0,0.0,0.0,0.0,0.0,106.9569745,0.0,0.0,0.0,0.0,0.0,106.9569745,0.0,0.0,0.0,0.0,0.0,106.9569745,0.0,0.0,0.0,0.0,0.0,106.9569745,0.0,0.0,0.0,0.0,0.0,106.9569745,0.0,0.0,0.0,0.0,0.0,106.9569745,0.0,0.0,0.0,0.0,0.0,106.9569745,0.0,0.0,0.0,0.0,0.0
diverse_rec,ml20_lambda0,movielens_sample20of200_lambda0,20,9,13,115.0546303,115.0546303,115.0546303,101.4352388,1,7.101540804,solved (0.1 s),solved (0.0 s),0,0,opt,115.0546303,0.0,0.0,0.0,0.0,0.0,115.0546303,0.0,0.0,0.0,0.0,0.0,115.0546302936216,0.0,0.0,0.0,0.0,0.0,115.05463029362161,0.0,0.0,0.0,0.0,0.0,115.0546303,0.0,0.0,0.0,0.0,0.0,115.0546303,0.0,0.0,0.0,0.0,0.0,115.0546303,0.0,0.0,0.0,0.0,0.0,115.0546303,0.0,0.0,0.0,0.0,0.0,115.0546303,0.0,0.0,0.0,0.0,0.0,115.0546303,0.0,0.0,0.0,0.0,0.0,115.0546303,0.0,0.0,0.0,0.0,0.0
diverse_rec,ml20_lambda0,movielens_sample20of200_lambda0,20,9,14,122.9667318,122.9667318,122.9667318,103.685762,1,7.101540804,solved (0.1 s),solved (0.0 s),0,0,opt,122.9667318,0.0,0.0,0.0,0.0,0.0,122.9667318,0.0,0.0,0.0,0.0,0.0,122.96673175090447,0.0,0.0,0.0,0.0,0.0,122.96673175090449,0.0,0.0,0.0,0.0,0.0,122.9667318,0.0,0.0,0.0,0.0,0.0,122.9667318,0.0,0.0,0.0,0.0,0.0,122.9667318,0.0,0.0,0.0,0.0,0.0,122.9667318,0.0,0.0,0.0,0.0,0.0,122.9667318,0.0,0.0,0.0,0.0,0.0,122.9667318,0.0,0.0,0.0,0.0,0.0,122.9667318,0.0,0.0,0.0,0.0,0.0
diverse_rec,ml20_lambda0,movielens_sample20of200_lambda0,20,9,15,130.8603771,130.8603771,130.8603771,105.1361985,1,7.101540804,solved (0.1 s),solved (0.0 s),0,0,opt,130.8603771,0.0,0.0,0.0,0.0,0.0,130.8603771,0.0,0.0,0.0,0.0,0.0,130.86037712060977,0.0,0.0,0.0,0.0,0.0,130.86037712060974,0.0,0.0,0.0,0.0,0.0,130.8603771,0.0,0.0,0.0,0.0,0.0,130.8603771,0.0,0.0,0.0,0.0,0.0,130.8603771,0.0,0.0,0.0,0.0,0.0,130.8603771,0.0,0.0,0.0,0.0,0.0,130.8603771,0.0,0.0,0.0,0.0,0.0,130.8603771,0.0,0.0,0.0,0.0,0.0,130.8603771,0.0,0.0,0.0,0.0,0.0
diverse_rec,ml20_lambda0,movielens_sample20of200_lambda0,20,9,16,138.7323904,138.7323904,138.7323904,106.1913125,1,7.101540804,solved (0.1 s),solved (0.0 s),0,0,opt,138.7323904,0.0,0.0,0.0,0.0,0.0,138.7323904,0.0,0.0,0.0,0.0,0.0,138.73239040704615,0.0,0.0,0.0,0.0,0.0,138.73239040704618,0.0,0.0,0.0,0.0,0.0,138.7323904,0.0,0.0,0.0,0.0,0.0,138.7323904,0.0,0.0,0.0,0.0,0.0,138.7323904,0.0,0.0,0.0,0.0,0.0,138.7323904,0.0,0.0,0.0,0.0,0.0,138.7323904,0.0,0.0,0.0,0.0,0.0,138.7323904,0.0,0.0,0.0,0.0,0.0,138.7323904,0.0,0.0,0.0,0.0,0.0
diverse_rec,ml20_lambda0,movielens_sample20of200_lambda0,20,9,17,146.5550473,146.5550473,146.5550473,107.1940822,1,7.101540804,solved (0.1 s),solved (0.0 s),0,0,opt,146.5550473,0.0,0.0,0.0,0.0,0.0,146.5550473,0.0,0.0,0.0,0.0,0.0,146.55504725520984,0.0,0.0,0.0,0.0,0.0,146.55504725520984,0.0,0.0,0.0,0.0,0.0,146.5550473,0.0,0.0,0.0,0.0,0.0,146.5550473,0.0,0.0,0.0,0.0,0.0,146.5550473,0.0,0.0,0.0,0.0,0.0,146.5550473,0.0,0.0,0.0,0.0,0.0,146.5550473,0.0,0.0,0.0,0.0,0.0,146.5550473,0.0,0.0,0.0,0.0,0.0,146.5550473,0.0,0.0,0.0,0.0,0.0
diverse_rec,ml20_lambda0,movielens_sample20of200_lambda0,20,9,18,154.0440598,154.0440598,154.0440598,107.9119465,1,7.101540804,solved (0.1 s),solved (0.0 s),0,0,opt,154.0440598,0.0,0.0,0.0,0.0,0.0,154.0440598,0.0,0.0,0.0,0.0,0.0,154.04405976661954,0.0,0.0,0.0,0.0,0.0,154.04405976661957,0.0,0.0,0.0,0.0,0.0,154.0440598,0.0,0.0,0.0,0.0,0.0,154.0440598,0.0,0.0,0.0,0.0,0.0,154.0440598,0.0,0.0,0.0,0.0,0.0,154.0440598,0.0,0.0,0.0,0.0,0.0,154.0440598,0.0,0.0,0.0,0.0,0.0,154.0440598,0.0,0.0,0.0,0.0,0.0,154.0440598,0.0,0.0,0.0,0.0,0.0
diverse_rec,ml20_lambda0,movielens_sample20of200_lambda0,20,9,19,161.2142546,161.2142546,161.2142546,108.0335622,1,7.101540804,solved (0.1 s),solved (0.0 s),0,0,opt,161.2142546,0.0,0.0,0.0,0.0,0.0,161.2142546,0.0,0.0,0.0,0.0,0.0,161.21425464331537,0.0,0.0,0.0,0.0,0.0,161.21425464331537,0.0,0.0,0.0,0.0,0.0,161.2142546,0.0,0.0,0.0,0.0,0.0,161.2142546,0.0,0.0,0.0,0.0,0.0,161.2142546,0.0,0.0,0.0,0.0,0.0,161.2142546,0.0,0.0,0.0,0.0,0.0,161.2142546,0.0,0.0,0.0,0.0,0.0,161.2142546,0.0,0.0,0.0,0.0,0.0,161.2142546,0.0,0.0,0.0,0.0,0.0
diverse_rec,ml20_lambda0,movielens_sample20of200_lambda0,20,9,20,168.3157954,168.3157954,168.3157954,108.0865533,1,7.101540804,solved (0.1 s),solved (0.0 s),0,0,opt,168.3157954,0.0,0.0,0.0,0.0,0.0,168.3157954,0.0,0.0,0.0,0.0,0.0,168.31579544686716,0.0,0.0,0.0,0.0,0.0,168.31579544686718,0.0,0.0,0.0,0.0,0.0,168.3157954,0.0,0.0,0.0,0.0,0.0,168.3157954,0.0,0.0,0.0,0.0,0.0,168.3157954,0.0,0.0,0.0,0.0,0.0,168.3157954,0.0,0.0,0.0,0.0,0.0,168.3157954,0.0,0.0,0.0,0.0,0.0,168.3157954,0.0,0.0,0.0,0.0,0.0,168.3157954,0.0,0.0,0.0,0.0,0.0
