problem,instance,n,k,trials,seed,chain_stride,chain_len,opt,top_k_bound,total_bound,dual_bound,dual_bound_S0,dual_best_prefix,greedy,rg_mean,rg_std,rg_min,rg_max,best_found,dual_valid,time_dual_ms,time_rg_ms,time_opt_ms,lp_bound,gamma1_bound,gamma1_noprune,mu2_bound,mu3_bound,lattice_A_size,lattice_B_size,prune_rounds,f_empty,f_V,opt_unconstrained,lattice_opt_unconstrained,lattice_opt_k,time_lp_export_ms,time_lp_ms,time_gamma1_ms,time_mu_ms,marginal_bound,time_marginal_ms,time_hybrid_export_ms,hybrid_bound,best_bound,hybrid_status,hybrid_rows,hybrid_cols,time_hybrid_solve_ms,hybrid_certificate,dual_bound_mono,lp_bound_mono,hybrid_bound_mono,best_bound_mono
gaussian_mi,synthetic_gp_n100,100,1,300,0,1,2,3.337531737,3.337531737,nan,3.337531737,3.337531737,0,3.337531737,3.337531737,0,3.337531737,3.337531737,3.337531737,1,278.573,0.0956,2863.188,3.337531737,231.140509,231.140509,218.8398416,223.2273015,0,100,0,0,0,nan,nan,nan,16.009,0.392,3.610,15.652,3.337531737,4.646,7476.338,3.337531737,3.337531737,optimal,202,300,2.8,pass,3.337531737,3.337531737,3.337531737,3.337531737
gaussian_mi,synthetic_gp_n100,100,2,300,0,1,3,6.671248405,6.671248471,nan,6.671248405,6.671248405,0,6.671248405,6.660299844,0.01169491771,6.646148832,6.671248405,6.671248405,1,435.909,0.1153,2863.188,6.671248471,231.140509,231.140509,218.8398416,223.2273015,0,100,0,0,0,nan,nan,nan,16.009,0.332,3.610,15.652,6.671248471,4.646,7476.338,6.671248471,6.671248405,optimal,301,398,3.5,pass,6.671248405,6.671248471,6.671248471,6.671248405
gaussian_mi,synthetic_gp_n100,100,3,300,0,1,4,9.973901491,9.983680684,nan,9.983553726,9.983553726,0,9.973901491,9.939109705,0.01907943083,9.90512702,9.973901491,9.973901491,1,585.730,0.0887,2863.188,9.983413183,231.140509,231.140509,218.8398416,223.2273015,0,100,0,0,0,nan,nan,nan,16.009,0.347,3.610,15.652,9.983680684,4.646,7476.338,9.983393009,9.983393009,optimal,399,495,10.0,pass,9.983553726,9.983413183,9.983393009,9.983393009
gaussian_mi,synthetic_gp_n100,100,4,300,0,1,5,nan,13.295986,nan,13.28972759,13.28972759,0,13.23600167,13.19311464,0.02162645491,13.13601845,13.23600167,13.23600167,1,743.542,0.1159,2863.188,13.29053756,231.140509,231.140509,218.8398416,223.2273015,0,100,0,0,0,nan,nan,nan,16.009,0.358,3.610,15.652,13.295986,4.646,7476.338,13.29027592,13.28972759,optimal,496,591,15.8,n/a,13.28972759,13.29053756,13.29027592,13.28972759
gaussian_mi,synthetic_gp_n100,100,5,300,0,1,6,nan,16.606825,nan,16.5926632,16.5926632,0,16.49128116,16.40445978,0.04641662757,16.28929694,16.49197861,16.49197861,1,895.436,0.0984,2863.188,16.59633391,231.140509,231.140509,218.8398416,223.2273015,0,100,0,0,0,nan,nan,nan,16.009,0.364,3.610,15.652,16.606825,4.646,7476.338,16.59528132,16.5926632,optimal,592,686,4.7,n/a,16.5926632,16.59633391,16.59528132,16.5926632
gaussian_mi,synthetic_gp_n100,100,6,300,0,1,7,nan,19.91299886,nan,19.88704148,19.88704148,0,19.67390468,19.50597018,0.06343113207,19.32009205,19.67390468,19.67390468,1,1063.045,0.0948,2863.188,19.90060315,231.140509,231.140509,218.8398416,223.2273015,0,100,0,0,0,nan,nan,nan,16.009,0.376,3.610,15.652,19.91299886,4.646,7476.338,19.89589662,19.88704148,optimal,687,780,6.6,n/a,19.88704148,19.90060315,19.89589662,19.88704148
gaussian_mi,synthetic_gp_n100,100,7,300,0,1,8,nan,23.21790916,nan,23.18014767,23.18014767,0,22.74143875,22.54261602,0.08285339828,22.31462324,22.74533634,22.74533634,1,1217.105,0.1278,2863.188,23.19917047,231.140509,231.140509,218.8398416,223.2273015,0,100,0,0,0,nan,nan,nan,16.009,0.377,3.610,15.652,23.21790916,4.646,7476.338,23.18755192,23.18014767,optimal,781,873,8.2,n/a,23.18014767,23.19917047,23.18755192,23.18014767
gaussian_mi,synthetic_gp_n100,100,8,300,0,1,9,nan,26.52084478,nan,26.46651771,26.46651771,0,25.78153865,25.51862623,0.1068174042,25.21021287,25.80059756,25.80059756,1,1379.571,0.1337,2863.188,26.48998605,231.140509,231.140509,218.8398416,223.2273015,0,100,0,0,0,nan,nan,nan,16.009,0.378,3.610,15.652,26.52084478,4.646,7476.338,26.47522257,26.46651771,optimal,874,965,20.7,n/a,26.46651771,26.48998605,26.47522257,26.46651771
gaussian_mi,synthetic_gp_n100,100,9,300,0,1,10,nan,29.81522306,nan,29.73350538,29.73350538,0,28.80626704,28.42468569,0.1535226505,27.94991652,28.83467638,28.83467638,1,1509.261,0.1432,2863.188,29.78000281,231.140509,231.140509,218.8398416,223.2273015,0,100,0,0,0,nan,nan,nan,16.009,0.395,3.610,15.652,29.81522306,4.646,7476.338,29.74970762,29.73350538,optimal,966,1056,14.4,n/a,29.73350538,29.78000281,29.74970762,29.73350538
gaussian_mi,synthetic_gp_n100,100,10,300,0,1,11,nan,33.10901813,nan,32.996118,32.996118,0,31.74020104,31.24376345,0.2075791947,30.61007114,31.73724521,31.74020104,1,1654.963,0.1116,2863.188,33.06081924,231.140509,231.140509,218.8398416,223.2273015,0,100,0,0,0,nan,nan,nan,16.009,0.394,3.610,15.652,33.10901813,4.646,7476.338,33.01272083,32.996118,optimal,1057,1146,13.3,n/a,32.996118,33.06081924,33.01272083,32.996118
gaussian_mi,synthetic_gp_n100,100,11,300,0,1,12,nan,36.40212432,nan,36.2586157,36.2586157,0,34.66451611,33.92336706,0.2354894866,33.22052485,34.64851803,34.66451611,1,1785.148,0.1506,2863.188,36.34042761,231.140509,231.140509,218.8398416,223.2273015,0,100,0,0,0,nan,nan,nan,16.009,0.416,3.610,15.652,36.40212432,4.646,7476.338,36.27471967,36.2586157,optimal,1147,1235,20.2,n/a,36.2586157,36.34042761,36.27471967,36.2586157
gaussian_mi,synthetic_gp_n100,100,12,300,0,1,13,nan,39.69047953,nan,39.50868566,39.50868566,0,37.55716027,36.52372526,0.2787957542,35.55869888,37.16638536,37.55716027,1,1920.465,0.1574,2863.188,39.61353657,231.140509,231.140509,218.8398416,223.2273015,0,100,0,0,0,nan,nan,nan,16.009,0.421,3.610,15.652,39.69047953,4.646,7476.338,39.53305893,39.50868566,optimal,1236,1323,20.4,n/a,39.50868566,39.61353657,39.53305893,39.50868566
gaussian_mi,synthetic_gp_n100,100,13,300,0,1,14,nan,42.97684957,nan,42.75053958,42.75053958,0,40.15766152,38.9357111,0.3412079845,37.79017039,39.74745352,40.15766152,1,2041.401,0.2000,2863.188,42.88118822,231.140509,231.140509,218.8398416,223.2273015,0,100,0,0,0,nan,nan,nan,16.009,0.427,3.610,15.652,42.97684957,4.646,7476.338,42.77750987,42.75053958,optimal,1324,1410,22.9,n/a,42.75053958,42.88118822,42.77750987,42.75053958
gaussian_mi,synthetic_gp_n100,100,14,300,0,1,15,nan,46.26125895,nan,45.96512464,45.96512464,0,42.72451254,41.3258231,0.3734048551,40.33875162,42.29289298,42.72451254,1,2148.175,0.1950,2863.188,46.142107,231.140509,231.140509,215.2108031,223.2273015,0,100,0,0,0,nan,nan,nan,16.009,0.504,3.610,15.652,46.26125895,4.646,7476.338,46.00516671,45.96512464,optimal,1411,1496,46.9,n/a,45.96512464,46.142107,46.00516671,45.96512464
gaussian_mi,synthetic_gp_n100,100,15,300,0,1,16,nan,49.53872349,nan,49.17114426,49.17114426,0,45.10834063,43.57380336,0.3871873118,42.57690782,44.69168956,45.10834063,1,2248.611,0.1762,2863.188,49.40273237,231.140509,231.140509,212.0329178,223.2273015,0,100,0,0,0,nan,nan,nan,16.009,0.507,3.610,15.652,49.53872349,4.646,7476.338,49.21496334,49.17114426,optimal,1497,1581,39.0,n/a,49.17114426,49.40273237,49.21496334,49.17114426
gaussian_mi,synthetic_gp_n100,100,16,300,0,1,17,nan,52.81136493,nan,52.37533011,52.37533011,0,47.38635744,45.72418033,0.4350291231,44.51703292,46.85446687,47.38635744,1,2366.938,0.2125,2863.188,52.66307417,231.140509,231.140509,208.9660228,223.2273015,0,100,0,0,0,nan,nan,nan,16.009,0.518,3.610,15.652,52.81136493,4.646,7476.338,52.42022625,52.37533011,optimal,1582,1665,34.0,n/a,52.37533011,52.66307417,52.42022625,52.37533011
gaussian_mi,synthetic_gp_n100,100,17,300,0,1,18,nan,56.0783526,nan,55.57727158,55.57727158,0,49.66020991,47.78040005,0.4355289078,46.52724994,48.96233137,49.66020991,1,2476.370,0.1856,2863.188,55.92038838,231.140509,231.140509,203.6208487,223.2273015,0,100,0,0,0,nan,nan,nan,16.009,0.522,3.610,15.652,56.0783526,4.646,7476.338,55.62326224,55.57727158,optimal,1666,1748,18.4,n/a,55.57727158,55.92038838,55.62326224,55.57727158
gaussian_mi,synthetic_gp_n100,100,18,300,0,1,19,nan,59.34336627,nan,58.77076106,58.77076106,0,51.80674532,49.75726418,0.4362843604,48.36134131,50.9781636,51.80674532,1,2585.048,0.2747,2863.188,59.17265157,231.140509,231.140509,201.5725083,223.2273015,0,100,0,0,0,nan,nan,nan,16.009,0.529,3.610,15.652,59.34336627,4.646,7476.338,58.82324767,58.77076106,optimal,1749,1830,14.2,n/a,58.77076106,59.17265157,58.82324767,58.77076106
gaussian_mi,synthetic_gp_n100,100,19,300,0,1,20,nan,62.60724823,nan,61.95473348,61.95473348,0,53.86325189,51.67568053,0.505394613,50.06441491,53.04295325,53.86325189,1,2694.197,0.2572,2863.188,62.42319126,231.140509,231.140509,200.2820638,223.2273015,0,100,0,0,0,nan,nan,nan,16.009,0.636,3.610,15.652,62.60724823,4.646,7476.338,62.01405567,61.95473348,optimal,1831,1911,29.5,n/a,61.95473348,62.42319126,62.01405567,61.95473348
gaussian_mi,synthetic_gp_n100,100,20,300,0,1,21,nan,65.86986085,nan,65.13867942,65.13867942,0,55.7311109,53.41230213,0.5492128567,51.56763979,54.7855952,55.7311109,1,2790.053,0.2950,2863.188,65.66986262,231.140509,231.140509,197.6586639,223.2273015,0,100,0,0,0,nan,nan,nan,16.009,0.619,3.610,15.652,65.86986085,4.646,7476.338,65.19618323,65.13867942,optimal,1912,1991,19.5,n/a,65.13867942,65.66986262,65.19618323,65.13867942
gaussian_mi,synthetic_gp_n100,100,21,300,0,1,22,nan,69.13235855,nan,68.30356081,68.30356081,0,57.56227394,55.08530229,0.5770385122,53.33426214,56.50659272,57.56227394,1,2895.091,0.3262,2863.188,68.90906347,231.140509,231.140509,194.710145,223.2273015,0,100,0,0,0,nan,nan,nan,16.009,0.632,3.610,15.652,69.13235855,4.646,7476.338,68.36389388,68.30356081,optimal,1992,2070,18.2,n/a,68.30356081,68.90906347,68.36389388,68.30356081
gaussian_mi,synthetic_gp_n100,100,22,300,0,1,23,nan,72.39206228,nan,71.4606092,71.4606092,0,59.26065955,56.74018062,0.579424619,55.23673691,58.20564249,59.26065955,1,2984.087,0.3324,2863.188,72.14786291,231.140509,231.140509,192.5833203,223.2273015,0,100,0,0,0,nan,nan,nan,16.009,0.721,3.610,15.652,72.39206228,4.646,7476.338,71.52230233,71.4606092,optimal,2071,2148,19.0,n/a,71.4606092,72.14786291,71.52230233,71.4606092
gaussian_mi,synthetic_gp_n100,100,23,300,0,1,24,nan,75.6425157,nan,74.59786995,74.59786995,0,60.83592405,58.13308807,0.6763440476,56.17628981,59.95767885,60.83592405,1,3082.393,0.4599,2863.188,75.38542568,231.140509,231.140509,191.1664493,223.2273015,0,100,0,0,0,nan,nan,nan,16.009,0.710,3.610,15.652,75.6425157,4.646,7476.338,74.66352388,74.59786995,optimal,2149,2225,37.6,n/a,74.59786995,75.38542568,74.66352388,74.59786995
gaussian_mi,synthetic_gp_n100,100,24,300,0,1,25,nan,78.89258566,nan,77.72136285,77.72136285,0,62.22022621,59.6526018,0.6868155338,57.46777021,61.5056109,62.22022621,1,3163.190,0.3833,2863.188,78.60908506,231.140509,231.140509,190.0624362,223.2273015,0,100,0,0,0,nan,nan,nan,16.009,0.712,3.610,15.652,78.89258566,4.646,7476.338,77.79129274,77.72136285,optimal,2226,2301,35.8,n/a,77.72136285,78.60908506,77.79129274,77.72136285
gaussian_mi,synthetic_gp_n100,100,25,300,0,1,26,nan,82.13927132,nan,80.84099391,80.84099391,0,63.49462997,60.9822688,0.6399162664,59.0507681,62.61626604,63.49462997,1,3246.279,0.4045,2863.188,81.81812142,231.140509,231.140509,188.7686971,223.2273015,0,100,0,0,0,nan,nan,nan,16.009,0.731,3.610,15.652,82.13927132,4.646,7476.338,80.91130258,80.84099391,optimal,2302,2376,33.3,n/a,80.84099391,81.81812142,80.91130258,80.84099391
gaussian_mi,synthetic_gp_n100,100,26,300,0,1,27,nan,85.38230903,nan,83.95903097,83.95903097,0,64.75868583,62.13577712,0.7138217929,60.21515135,64.07584879,64.75868583,1,3332.736,0.4477,2863.188,85.02578029,231.140509,231.140509,188.7686971,223.2273015,0,100,0,0,0,nan,nan,nan,16.009,0.810,3.610,15.652,85.38230903,4.646,7476.338,84.02855593,83.95903097,optimal,2377,2450,41.3,n/a,83.95903097,85.02578029,84.02855593,83.95903097
gaussian_mi,synthetic_gp_n100,100,27,300,0,1,28,nan,88.62416295,nan,87.06388218,87.06388218,0,65.94944932,63.33520275,0.7460400059,61.23498699,65.54125134,65.94944932,1,3423.577,0.4835,2863.188,88.23224617,231.140509,231.140509,188.7686971,223.2273015,0,100,0,0,0,nan,nan,nan,16.009,0.832,3.610,15.652,88.62416295,4.646,7476.338,87.1340801,87.06388218,optimal,2451,2523,46.8,n/a,87.06388218,88.23224617,87.1340801,87.06388218
gaussian_mi,synthetic_gp_n100,100,28,300,0,1,29,nan,91.86220034,nan,90.1574235,90.1574235,0,67.03156935,64.4091837,0.8336779991,61.85507715,66.67734219,67.03156935,1,3503.845,0.5410,2863.188,91.43615047,231.140509,231.140509,188.2239538,223.2273015,0,100,0,0,0,nan,nan,nan,16.009,0.823,3.610,15.652,91.86220034,4.646,7476.338,90.22719806,90.1574235,optimal,2524,2595,39.0,n/a,90.1574235,91.43615047,90.22719806,90.1574235
gaussian_mi,synthetic_gp_n100,100,29,300,0,1,30,nan,95.09011527,nan,93.24796835,93.24796835,0,68.05772924,65.42249384,0.8678469711,62.92484869,68.00021414,68.05772924,1,3583.138,0.6203,2863.188,94.63879213,231.140509,231.140509,188.2239538,223.2273015,0,100,0,0,0,nan,nan,nan,16.009,0.902,3.610,15.652,95.09011527,4.646,7476.338,93.31515007,93.24796835,optimal,2596,2666,31.2,n/a,93.24796835,94.63879213,93.31515007,93.24796835
gaussian_mi,synthetic_gp_n100,100,30,300,0,1,31,nan,98.31345677,nan,96.33409122,96.33409122,0,69.06600934,66.37652971,0.9060034871,63.7305731,69.33710864,69.33710864,1,3671.440,0.6955,2863.188,97.8393441,231.140509,231.140509,188.2239538,223.2273015,0,100,0,0,0,nan,nan,nan,16.009,0.892,3.610,15.652,98.31345677,4.646,7476.338,96.40017721,96.33409122,optimal,2667,2736,30.2,n/a,96.33409122,97.8393441,96.40017721,96.33409122
gaussian_mi,synthetic_gp_n100,100,31,300,0,1,32,nan,101.5280418,nan,99.40858409,99.40858409,0,70.05598688,67.12638937,1.047576889,64.28581528,70.434401,70.434401,1,3759.515,0.6743,2863.188,101.0354557,231.140509,231.140509,188.2239538,223.2273015,0,100,0,0,0,nan,nan,nan,16.009,0.883,3.610,15.652,101.5280418,4.646,7476.338,99.47231373,99.40858409,optimal,2737,2805,48.8,n/a,99.40858409,101.0354557,99.47231373,99.40858409
gaussian_mi,synthetic_gp_n100,100,32,300,0,1,33,nan,104.7406801,nan,102.4793194,102.4793194,0,71.04105109,67.8857587,0.9602785316,65.13410597,70.17669352,71.04105109,1,3860.150,0.6703,2863.188,104.221448,231.140509,231.140509,188.2239538,223.2273015,0,100,0,0,0,nan,nan,nan,16.009,0.957,3.610,15.652,104.7406801,4.646,7476.338,102.5413746,102.4793194,optimal,2806,2873,40.4,n/a,102.4793194,104.221448,102.5413746,102.4793194
gaussian_mi,synthetic_gp_n100,100,33,300,0,1,34,nan,107.9494964,nan,105.5444238,105.5444238,0,71.9530686,68.55298484,0.9112374988,65.8000869,71.17759607,71.9530686,1,3943.837,0.7974,2863.188,107.3930474,231.140509,231.140509,188.2239538,223.2273015,0,100,0,0,0,nan,nan,nan,16.009,0.974,3.610,15.652,107.9494964,4.646,7476.338,105.6043575,105.5444238,optimal,2874,2940,55.7,n/a,105.5444238,107.3930474,105.6043575,105.5444238
gaussian_mi,synthetic_gp_n100,100,34,300,0,1,35,nan,111.155516,nan,108.6032141,108.6032141,0,72.79560255,69.18454137,0.9859682941,66.45228875,71.99120571,72.79560255,1,4017.688,0.8586,2863.188,110.5418706,231.140509,231.140509,188.2239538,223.2273015,0,100,0,0,0,nan,nan,nan,16.009,1.108,3.610,15.652,111.155516,4.646,7476.338,108.6615738,108.6032141,optimal,2941,3006,36.7,n/a,108.6032141,110.5418706,108.6615738,108.6032141
gaussian_mi,synthetic_gp_n100,100,35,300,0,1,36,nan,114.3597018,nan,111.6615156,111.6615156,0,73.61679219,69.7788244,0.9800125292,67.08473674,72.03351492,73.61679219,1,4096.933,0.8939,2863.188,113.6734035,231.140509,231.140509,188.2239538,223.2273015,0,100,0,0,0,nan,nan,nan,16.009,1.014,3.610,15.652,114.3597018,4.646,7476.338,111.7164375,111.6615156,optimal,3007,3071,53.4,n/a,111.6615156,113.6734035,111.7164375,111.6615156
gaussian_mi,synthetic_gp_n100,100,36,300,0,1,37,nan,117.5616433,nan,114.7144149,114.7144149,0,74.40634038,70.07628785,1.085936285,66.96469327,73.3353204,74.40634038,1,4159.221,0.9146,2863.188,116.7977535,231.140509,231.140509,188.2239538,223.2273015,0,100,0,0,0,nan,nan,nan,16.009,0.922,3.610,15.652,117.5616433,4.646,7476.338,114.7664935,114.7144149,optimal,3072,3135,42.7,n/a,114.7144149,116.7977535,114.7664935,114.7144149
gaussian_mi,synthetic_gp_n100,100,37,300,0,1,38,nan,120.7616193,nan,117.7389436,117.7389436,0,75.07035866,70.52979907,1.107556093,67.19180518,73.54357298,75.07035866,1,4232.226,1.1198,2863.188,119.895679,231.140509,231.140509,188.2239538,223.2273015,0,100,0,0,0,nan,nan,nan,16.009,1.071,3.610,15.652,120.7616193,4.646,7476.338,117.7958815,117.7389436,optimal,3136,3198,68.0,n/a,117.7389436,119.895679,117.7958815,117.7389436
gaussian_mi,synthetic_gp_n100,100,38,300,0,1,39,nan,123.9551088,nan,120.747324,120.747324,0,75.68040717,70.91908175,1.059224865,67.94570441,73.88632882,75.68040717,1,4297.335,1.0823,2863.188,122.9739252,231.140509,231.140509,188.2239538,223.2273015,0,100,0,0,0,nan,nan,nan,16.009,1.101,3.610,15.652,123.9551088,4.646,7476.338,120.8040341,120.747324,optimal,3199,3260,77.5,n/a,120.747324,122.9739252,120.8040341,120.747324
gaussian_mi,synthetic_gp_n100,100,39,300,0,1,40,nan,127.1485228,nan,123.7485908,123.7485908,0,76.15166484,71.19813807,1.155426294,67.15410327,74.39685081,76.15166484,1,4360.704,1.2186,2863.188,126.0424496,231.140509,231.140509,188.2239538,223.2273015,0,100,0,0,0,nan,nan,nan,16.009,1.184,3.610,15.652,127.1485228,4.646,7476.338,123.7995762,123.7485908,optimal,3261,3321,36.7,n/a,123.7485908,126.0424496,123.7995762,123.7485908
gaussian_mi,synthetic_gp_n100,100,40,300,0,1,41,nan,130.3324952,nan,126.7464897,126.7464897,0,76.53401029,71.4589126,1.174213189,67.32108165,74.16168235,76.53401029,1,4415.259,1.2292,2863.188,129.0955632,231.140509,231.140509,188.2239538,223.2273015,0,100,0,0,0,nan,nan,nan,16.009,1.364,3.610,15.652,130.3324952,4.646,7476.338,126.7918618,126.7464897,optimal,3322,3381,70.6,n/a,126.7464897,129.0955632,126.7918618,126.7464897
gaussian_mi,synthetic_gp_n100,100,41,300,0,1,42,nan,133.5164411,nan,129.7440317,129.7440317,0,76.89994547,71.63206296,1.167346339,67.76415088,75.77190756,76.89994547,1,4481.208,1.4407,2863.188,132.1327754,231.140509,231.140509,188.2239538,223.2273015,0,100,0,0,0,nan,nan,nan,16.009,1.166,3.610,15.652,133.5164411,4.646,7476.338,129.7815268,129.7440317,optimal,3382,3440,46.4,n/a,129.7440317,132.1327754,129.7815268,129.7440317
gaussian_mi,synthetic_gp_n100,100,42,300,0,1,43,nan,136.6916338,nan,132.7188581,132.7188581,0,77.17920795,71.84658799,1.203853378,68.32979108,74.53701099,77.17920795,1,4541.946,1.3389,2863.188,135.151713,231.140509,231.140509,188.2239538,223.2273015,0,100,0,0,0,nan,nan,nan,16.009,1.226,3.610,15.652,136.6916338,4.646,7476.338,132.7552449,132.7188581,optimal,3441,3498,63.4,n/a,132.7188581,135.151713,132.7552449,132.7188581
gaussian_mi,synthetic_gp_n100,100,43,300,0,1,44,nan,139.8565151,nan,135.6927724,135.6927724,0,77.42188032,72.01576172,1.249966961,68.66769202,74.97578203,77.42188032,1,4589.655,1.5842,2863.188,138.1523296,231.140509,231.140509,188.2239538,223.2273015,0,100,0,0,0,nan,nan,nan,16.009,1.296,3.610,15.652,139.8565151,4.646,7476.338,135.7201725,135.6927724,optimal,3499,3555,67.6,n/a,135.6927724,138.1523296,135.7201725,135.6927724
gaussian_mi,synthetic_gp_n100,100,44,300,0,1,45,nan,143.0190224,nan,138.6650188,138.6650188,0,77.621674,72.10591107,1.305328662,67.93621362,75.52151298,77.621674,1,4651.611,1.6230,2863.188,141.1420889,231.140509,231.140509,188.2239538,223.2273015,0,100,0,0,0,nan,nan,nan,16.009,1.284,3.610,15.652,143.0190224,4.646,7476.338,138.6792672,138.6650188,optimal,3556,3611,57.0,n/a,138.6650188,141.1420889,138.6792672,138.6650188
gaussian_mi,synthetic_gp_n100,100,45,300,0,1,46,nan,146.1794717,nan,141.6343654,141.6343654,0,77.80978583,72.2995077,1.321833352,68.75390489,75.85447581,77.80978583,1,4700.434,1.9130,2863.188,144.1034089,231.140509,231.140509,188.2239538,223.2273015,0,100,0,0,0,nan,nan,nan,16.009,1.236,3.610,15.652,146.1794717,4.646,7476.338,141.6289135,141.6289135,optimal,3612,3666,51.9,n/a,141.6343654,144.1034089,141.6289135,141.6289135
gaussian_mi,synthetic_gp_n100,100,46,300,0,1,47,nan,149.3365201,nan,144.5973521,144.5973521,0,77.9896051,72.52880414,1.279046786,67.71952889,75.63789371,77.9896051,1,4747.867,1.8911,2863.188,147.0165416,231.140509,231.140509,188.2239538,223.2273015,0,100,0,0,0,nan,nan,nan,16.009,1.349,3.610,15.652,149.3365201,4.646,7476.338,144.5707814,144.5707814,optimal,3667,3720,72.0,n/a,144.5973521,147.0165416,144.5707814,144.5707814
gaussian_mi,synthetic_gp_n100,100,47,300,0,1,48,nan,152.4803423,nan,147.5588494,147.5588494,0,78.16422784,72.46456357,1.336343849,67.845049,75.68972139,78.16422784,1,4794.121,1.7174,2863.188,149.886708,231.140509,231.140509,188.2239538,223.2273015,0,100,0,0,0,nan,nan,nan,16.009,1.225,3.610,15.652,152.4803423,4.646,7476.338,147.5054278,147.5054278,optimal,3721,3773,61.7,n/a,147.5588494,149.886708,147.5054278,147.5054278
gaussian_mi,synthetic_gp_n100,100,48,300,0,1,49,nan,155.6176031,nan,150.5191645,150.5191645,0,78.33256709,72.55731055,1.258077601,68.52803138,75.80393981,78.33256709,1,4827.839,2.0102,2863.188,152.7302458,231.140509,231.140509,188.2239538,223.2273015,0,100,0,0,0,nan,nan,nan,16.009,1.273,3.610,15.652,155.6176031,4.646,7476.338,150.4355601,150.4355601,optimal,3774,3825,61.3,n/a,150.5191645,152.7302458,150.4355601,150.4355601
gaussian_mi,synthetic_gp_n100,100,49,300,0,1,50,nan,158.741096,nan,153.4720373,153.4720373,0,78.46346343,72.62661243,1.272315517,69.31449448,76.25048719,78.46346343,1,4860.471,1.9972,2863.188,155.5558813,231.140509,231.140509,188.2239538,223.2273015,0,100,0,0,0,nan,nan,nan,16.009,1.324,3.610,15.652,158.741096,4.646,7476.338,153.349805,153.349805,optimal,3826,3876,49.1,n/a,153.4720373,155.5558813,153.349805,153.349805
gaussian_mi,synthetic_gp_n100,100,50,300,0,1,51,nan,161.8642497,nan,156.4039973,156.4039973,0,78.54757782,72.79474948,1.444996534,67.70649387,76.13903771,78.54757782,1,4900.125,2.0138,2863.188,158.3279385,231.140509,231.140509,188.2239538,223.2273015,0,100,0,0,0,nan,nan,nan,16.009,1.344,3.610,15.652,161.8642497,4.646,7476.338,156.2167725,156.2167725,optimal,3877,3926,66.7,n/a,156.4039973,158.3279385,156.2167725,156.2167725
gaussian_mi,synthetic_gp_n100,100,1,300,1,1,2,3.34352956,3.34352956,nan,3.34352956,3.34352956,0,3.34352956,3.34352956,2.93180806e-07,3.34352956,3.34352956,3.34352956,1,302.925,0.1118,2905.665,3.34352956,228.7182405,228.7182405,221.7075952,220.9957996,0,100,0,0,0,nan,nan,nan,16.457,0.348,2.961,20.982,3.34352956,11.609,7438.887,3.34352956,3.34352956,optimal,202,300,1.4,pass,3.34352956,3.34352956,3.34352956,3.34352956
gaussian_mi,synthetic_gp_n100,100,2,300,1,1,3,6.650192325,6.675302572,nan,6.660905516,6.660905516,0,6.650192325,6.640371323,0.007286706018,6.629865687,6.650192325,6.650192325,1,471.489,0.0868,2905.665,6.668430857,228.7182405,228.7182405,221.7075952,220.9957996,0,100,0,0,0,nan,nan,nan,16.457,0.327,2.961,20.982,6.675302572,11.609,7438.887,6.666018663,6.660905516,optimal,301,398,1.8,pass,6.660905516,6.668430857,6.666018663,6.660905516
gaussian_mi,synthetic_gp_n100,100,3,300,1,1,4,9.888248681,10.00366098,nan,9.965970994,9.965970994,0,9.888248681,9.858533878,0.01841914677,9.823308252,9.888248681,9.888248681,1,605.278,0.1019,2905.665,9.988513814,228.7182405,228.7182405,221.7075952,220.9957996,0,100,0,0,0,nan,nan,nan,16.457,0.405,2.961,20.982,10.00366098,11.609,7438.887,9.978596956,9.965970994,optimal,399,495,2.7,pass,9.965970994,9.988513814,9.978596956,9.965970994
gaussian_mi,synthetic_gp_n100,100,4,300,1,1,5,nan,13.32103693,nan,13.26855682,13.26855682,0,13.10980812,13.08290433,0.02068592434,13.02132105,13.11770557,13.11770557,1,740.616,0.0956,2905.665,13.29662585,228.7182405,228.7182405,221.7075952,220.9957996,0,100,0,0,0,nan,nan,nan,16.457,0.447,2.961,20.982,13.32103693,11.609,7438.887,13.28018367,13.26855682,optimal,496,591,3.0,n/a,13.26855682,13.29662585,13.28018367,13.26855682
gaussian_mi,synthetic_gp_n100,100,5,300,1,1,6,nan,16.62610241,nan,16.56777693,16.56777693,0,16.33062885,16.26145506,0.04056280496,16.10663672,16.34584887,16.34584887,1,894.811,0.1246,2905.665,16.59755035,228.7182405,228.7182405,221.7075952,220.9957996,0,100,0,0,0,nan,nan,nan,16.457,0.394,2.961,20.982,16.62610241,11.609,7438.887,16.57956344,16.56777693,optimal,592,686,4.6,n/a,16.56777693,16.59755035,16.57956344,16.56777693
gaussian_mi,synthetic_gp_n100,100,6,300,1,1,7,nan,19.92868824,nan,19.84672925,19.84672925,0,19.53108425,19.36356931,0.07195876374,19.17486066,19.51812418,19.53108425,1,1043.199,0.0930,2905.665,19.89786642,228.7182405,228.7182405,221.7075952,220.9957996,0,100,0,0,0,nan,nan,nan,16.457,0.362,2.961,20.982,19.92868824,11.609,7438.887,19.87224222,19.84672925,optimal,687,780,7.1,n/a,19.84672925,19.89786642,19.87224222,19.84672925
gaussian_mi,synthetic_gp_n100,100,7,300,1,1,8,nan,23.23000895,nan,23.12267237,23.12267237,0,22.66069156,22.3918087,0.1098585815,22.12722998,22.66156603,22.66156603,1,1192.272,0.1173,2905.665,23.19558607,228.7182405,228.7182405,221.7075952,220.9957996,0,100,0,0,0,nan,nan,nan,16.457,0.378,2.961,20.982,23.23000895,11.609,7438.887,23.14819051,23.12267237,optimal,781,873,9.1,n/a,23.12267237,23.19558607,23.14819051,23.12267237
gaussian_mi,synthetic_gp_n100,100,8,300,1,1,9,nan,26.52922905,nan,26.38876651,26.38876651,0,25.69478179,25.35855972,0.1455386647,24.98036055,25.66617747,25.69478179,1,1350.204,0.1397,2905.665,26.49244093,228.7182405,228.7182405,221.7075952,220.9957996,0,100,0,0,0,nan,nan,nan,16.457,0.382,2.961,20.982,26.52922905,11.609,7438.887,26.4154845,26.38876651,optimal,874,965,4.8,n/a,26.38876651,26.49244093,26.4154845,26.38876651
gaussian_mi,synthetic_gp_n100,100,9,300,1,1,10,nan,29.82763085,nan,29.64085005,29.64085005,0,28.72133666,28.23113255,0.1791076788,27.50694969,28.70365511,28.72133666,1,1504.055,0.1241,2905.665,29.78017613,228.7182405,228.7182405,221.7075952,220.9957996,0,100,0,0,0,nan,nan,nan,16.457,0.398,2.961,20.982,29.82763085,11.609,7438.887,29.67902486,29.64085005,optimal,966,1056,6.7,n/a,29.64085005,29.78017613,29.67902486,29.64085005
gaussian_mi,synthetic_gp_n100,100,10,300,1,1,11,nan,33.12129332,nan,32.89195794,32.89195794,0,31.67241412,31.03139795,0.2112261303,30.37508252,31.48803697,31.67241412,1,1637.189,0.1580,2905.665,33.06422306,228.7182405,228.7182405,221.7075952,220.9957996,0,100,0,0,0,nan,nan,nan,16.457,0.385,2.961,20.982,33.12129332,11.609,7438.887,32.92951345,32.89195794,optimal,1057,1146,6.2,n/a,32.89195794,33.06422306,32.92951345,32.89195794
gaussian_mi,synthetic_gp_n100,100,11,300,1,1,12,nan,36.41423905,nan,36.13811532,36.13811532,0,34.61262668,33.75946682,0.2514449865,33.07038137,34.54491233,34.61262668,1,1766.467,0.1365,2905.665,36.33962712,228.7182405,228.7182405,221.7075952,220.9957996,0,100,0,0,0,nan,nan,nan,16.457,0.411,2.961,20.982,36.41423905,11.609,7438.887,36.17786357,36.13811532,optimal,1147,1235,8.4,n/a,36.13811532,36.33962712,36.17786357,36.13811532
gaussian_mi,synthetic_gp_n100,100,12,300,1,1,13,nan,39.70465552,nan,39.37986378,39.37986378,0,37.29505866,36.34508283,0.2870642967,35.6515532,36.96842204,37.29505866,1,1885.201,0.1547,2905.665,39.61435217,228.7182405,228.7182405,221.7075952,220.9957996,0,100,0,0,0,nan,nan,nan,16.457,0.423,2.961,20.982,39.70465552,11.609,7438.887,39.4197604,39.37986378,optimal,1236,1323,10.4,n/a,39.37986378,39.61435217,39.4197604,39.37986378
gaussian_mi,synthetic_gp_n100,100,13,300,1,1,14,nan,42.98360785,nan,42.61989822,42.61989822,0,39.92475302,38.80731347,0.363031059,37.78781155,39.61718527,39.92475302,1,2029.104,0.1987,2905.665,42.88309948,228.7182405,228.7182405,221.7075952,220.9957996,0,100,0,0,0,nan,nan,nan,16.457,0.424,2.961,20.982,42.98360785,11.609,7438.887,42.6604185,42.61989822,optimal,1324,1410,12.1,n/a,42.61989822,42.88309948,42.6604185,42.61989822
gaussian_mi,synthetic_gp_n100,100,14,300,1,1,15,nan,46.26043623,nan,45.8527472,45.8527472,0,42.48747691,41.21437289,0.3945181551,39.8773939,42.17557515,42.48747691,1,2135.897,0.2021,2905.665,46.14736385,228.7182405,228.7182405,216.076767,220.9957996,0,100,0,0,0,nan,nan,nan,16.457,0.450,2.961,20.982,46.26043623,11.609,7438.887,45.8997675,45.8527472,optimal,1411,1496,12.0,n/a,45.8527472,46.14736385,45.8997675,45.8527472
gaussian_mi,synthetic_gp_n100,100,15,300,1,1,16,nan,49.53637934,nan,49.08278394,49.08278394,0,44.98669494,43.43547479,0.4287730545,42.2697919,44.61550658,44.98669494,1,2252.730,0.2360,2905.665,49.41095692,228.7182405,228.7182405,213.5696454,220.9957996,0,100,0,0,0,nan,nan,nan,16.457,0.530,2.961,20.982,49.53637934,11.609,7438.887,49.1301163,49.08278394,optimal,1497,1581,17.7,n/a,49.08278394,49.41095692,49.1301163,49.08278394
gaussian_mi,synthetic_gp_n100,100,16,300,1,1,17,nan,52.80779234,nan,52.31153226,52.31153226,0,47.40345271,45.60919975,0.4702174595,44.32211631,47.06192737,47.40345271,1,2355.294,0.1858,2905.665,52.66426793,228.7182405,228.7182405,206.6400559,220.9957996,0,100,0,0,0,nan,nan,nan,16.457,0.606,2.961,20.982,52.80779234,11.609,7438.887,52.35879524,52.31153226,optimal,1582,1665,19.6,n/a,52.31153226,52.66426793,52.35879524,52.31153226
gaussian_mi,synthetic_gp_n100,100,17,300,1,1,18,nan,56.07691252,nan,55.53842072,55.53842072,0,49.63130388,47.70622213,0.481351649,46.38833152,48.8570731,49.63130388,1,2477.562,0.2062,2905.665,55.91052,228.7182405,228.7182405,204.676323,220.9957996,0,100,0,0,0,nan,nan,nan,16.457,0.596,2.961,20.982,56.07691252,11.609,7438.887,55.58596028,55.53842072,optimal,1666,1748,11.8,n/a,55.53842072,55.91052,55.58596028,55.53842072
gaussian_mi,synthetic_gp_n100,100,18,300,1,1,19,nan,59.34300666,nan,58.75598428,58.75598428,0,51.83277788,49.67265642,0.5080355805,47.5653471,50.79259124,51.83277788,1,2585.086,0.2860,2905.665,59.1526334,228.7182405,228.7182405,202.9518808,220.9957996,0,100,0,0,0,nan,nan,nan,16.457,0.589,2.961,20.982,59.34300666,11.609,7438.887,58.80437767,58.75598428,optimal,1749,1830,23.7,n/a,58.75598428,59.1526334,58.80437767,58.75598428
gaussian_mi,synthetic_gp_n100,100,19,300,1,1,20,nan,62.60807838,nan,61.97333391,61.97333391,0,53.86302524,51.59431429,0.5822203907,50.11309872,53.35218109,53.86302524,1,2669.279,0.2510,2905.665,62.39427643,228.7182405,228.7182405,199.9838725,220.9957996,0,100,0,0,0,nan,nan,nan,16.457,0.574,2.961,20.982,62.60807838,11.609,7438.887,62.01971164,61.97333391,optimal,1831,1911,16.7,n/a,61.97333391,62.39427643,62.01971164,61.97333391
gaussian_mi,synthetic_gp_n100,100,20,300,1,1,21,nan,65.86016192,nan,65.18779635,65.18779635,0,55.87296605,53.2405793,0.6452859732,51.38756035,54.89849002,55.87296605,1,2773.956,0.2862,2905.665,65.63450825,228.7182405,228.7182405,198.0308655,220.9957996,0,100,0,0,0,nan,nan,nan,16.457,0.608,2.961,20.982,65.86016192,11.609,7438.887,65.2342028,65.18779635,optimal,1912,1991,14.8,n/a,65.18779635,65.63450825,65.2342028,65.18779635
gaussian_mi,synthetic_gp_n100,100,21,300,1,1,22,nan,69.1115568,nan,68.40052359,68.40052359,0,57.77154344,54.94414331,0.6153104626,53.33566849,56.54199784,57.77154344,1,2849.394,0.3208,2905.665,68.8742146,228.7182405,228.7182405,193.3257978,220.9957996,0,100,0,0,0,nan,nan,nan,16.457,0.630,2.961,20.982,69.1115568,11.609,7438.887,68.44626589,68.40052359,optimal,1992,2070,15.9,n/a,68.40052359,68.8742146,68.44626589,68.40052359
gaussian_mi,synthetic_gp_n100,100,22,300,1,1,23,nan,72.36266469,nan,71.61074995,71.61074995,0,59.47957384,56.59255206,0.6864585317,54.55815512,58.71916251,59.47957384,1,2936.131,0.3402,2905.665,72.11173068,228.7182405,228.7182405,191.9009756,220.9957996,0,100,0,0,0,nan,nan,nan,16.457,0.678,2.961,20.982,72.36266469,11.609,7438.887,71.65607644,71.61074995,optimal,2071,2148,30.0,n/a,71.61074995,72.11173068,71.65607644,71.61074995
gaussian_mi,synthetic_gp_n100,100,23,300,1,1,24,nan,75.61335437,nan,74.8155652,74.8155652,0,61.12537087,58.0595866,0.7134510796,55.8547707,60.14191142,61.12537087,1,3046.249,0.3759,2905.665,75.34223551,228.7182405,228.7182405,189.8144509,220.9957996,0,100,0,0,0,nan,nan,nan,16.457,0.712,2.961,20.982,75.61335437,11.609,7438.887,74.86018844,74.8155652,optimal,2149,2225,21.4,n/a,74.8155652,75.34223551,74.86018844,74.8155652
gaussian_mi,synthetic_gp_n100,100,24,300,1,1,25,nan,78.85951175,nan,78.00637347,78.00637347,0,62.66422189,59.39620418,0.7499021253,57.61964534,61.77125733,62.66422189,1,3116.557,0.4120,2905.665,78.56759818,228.7182405,228.7182405,189.2853569,220.9957996,0,100,0,0,0,nan,nan,nan,16.457,0.677,2.961,20.982,78.85951175,11.609,7438.887,78.05598953,78.00637347,optimal,2226,2301,33.5,n/a,78.00637347,78.56759818,78.05598953,78.00637347
gaussian_mi,synthetic_gp_n100,100,25,300,1,1,26,nan,82.10334365,nan,81.19625608,81.19625608,0,64.1385865,60.75803645,0.8276765055,58.22794756,63.70658156,64.1385865,1,3203.764,0.4634,2905.665,81.78672952,228.7182405,228.7182405,187.4589856,220.9957996,0,100,0,0,0,nan,nan,nan,16.457,0.694,2.961,20.982,82.10334365,11.609,7438.887,81.24606986,81.19625608,optimal,2302,2376,33.6,n/a,81.19625608,81.78672952,81.24606986,81.19625608
gaussian_mi,synthetic_gp_n100,100,26,300,1,1,27,nan,85.34509211,nan,84.38251974,84.38251974,0,65.50774365,61.97449576,0.8450835305,59.42625247,64.15746029,65.50774365,1,3297.913,0.4646,2905.665,85.00162871,228.7182405,228.7182405,185.5986511,220.9957996,0,100,0,0,0,nan,nan,nan,16.457,0.668,2.961,20.982,85.34509211,11.609,7438.887,84.43056127,84.38251974,optimal,2377,2450,27.3,n/a,84.38251974,85.00162871,84.43056127,84.38251974
gaussian_mi,synthetic_gp_n100,100,27,300,1,1,28,nan,88.58599555,nan,87.56053982,87.56053982,0,66.82040262,63.18813334,0.8123469517,60.79209663,64.95767429,66.82040262,1,3381.002,0.4901,2905.665,88.21361181,228.7182405,228.7182405,185.2265334,220.9957996,0,100,0,0,0,nan,nan,nan,16.457,0.746,2.961,20.982,88.58599555,11.609,7438.887,87.60777233,87.56053982,optimal,2451,2523,26.1,n/a,87.56053982,88.21361181,87.60777233,87.56053982
gaussian_mi,synthetic_gp_n100,100,28,300,1,1,29,nan,91.82602999,nan,90.71998165,90.71998165,0,68.12812304,64.11550536,0.8923830055,60.99640057,66.23714249,68.12812304,1,3466.226,0.6033,2905.665,91.42165363,228.7182405,228.7182405,184.3343832,220.9957996,0,100,0,0,0,nan,nan,nan,16.457,0.746,2.961,20.982,91.82602999,11.609,7438.887,90.77155622,90.71998165,optimal,2524,2595,44.3,n/a,90.71998165,91.42165363,90.77155622,90.71998165
gaussian_mi,synthetic_gp_n100,100,29,300,1,1,30,nan,95.06590835,nan,93.87891203,93.87891203,0,69.27223779,65.09254541,0.9177166619,62.40824872,67.69222707,69.27223779,1,3548.596,0.6118,2905.665,94.62464533,228.7182405,228.7182405,184.0502426,220.9957996,0,100,0,0,0,nan,nan,nan,16.457,0.760,2.961,20.982,95.06590835,11.609,7438.887,93.92916421,93.87891203,optimal,2596,2666,47.2,n/a,93.87891203,94.62464533,93.92916421,93.87891203
gaussian_mi,synthetic_gp_n100,100,30,300,1,1,31,nan,98.29875732,nan,97.02966086,97.02966086,0,70.35901542,65.99151471,0.9322211358,63.31349099,68.6151498,70.35901542,1,3623.553,0.6027,2905.665,97.82585302,228.7182405,228.7182405,184.0502426,220.9957996,0,100,0,0,0,nan,nan,nan,16.457,0.831,2.961,20.982,98.29875732,11.609,7438.887,97.08024173,97.02966086,optimal,2667,2736,33.7,n/a,97.02966086,97.82585302,97.08024173,97.02966086
gaussian_mi,synthetic_gp_n100,100,31,300,1,1,32,nan,101.5310724,nan,100.1643526,100.1643526,0,71.33623936,66.75992879,0.9638644965,64.44504738,69.30492854,71.33623936,1,3700.188,0.6907,2905.665,101.0190784,228.7182405,228.7182405,184.0502426,220.9957996,0,100,0,0,0,nan,nan,nan,16.457,0.834,2.961,20.982,101.5310724,11.609,7438.887,100.2272971,100.1643526,optimal,2737,2805,45.0,n/a,100.1643526,101.0190784,100.2272971,100.1643526
gaussian_mi,synthetic_gp_n100,100,32,300,1,1,33,nan,104.7611092,nan,103.2889919,103.2889919,0,72.20870118,67.54824637,0.8438530832,65.07323761,69.57671764,72.20870118,1,3776.175,0.7648,2905.665,104.2096183,228.7182405,228.7182405,184.0502426,220.9957996,0,100,0,0,0,nan,nan,nan,16.457,0.861,2.961,20.982,104.7611092,11.609,7438.887,103.3572328,103.2889919,optimal,2806,2873,64.5,n/a,103.2889919,104.2096183,103.3572328,103.2889919
gaussian_mi,synthetic_gp_n100,100,33,300,1,1,34,nan,107.9898575,nan,106.4016032,106.4016032,0,73.00167693,68.20720088,1.027586777,64.67953584,70.68635852,73.00167693,1,3853.095,0.7943,2905.665,107.3978797,228.7182405,228.7182405,184.0502426,220.9957996,0,100,0,0,0,nan,nan,nan,16.457,1.021,2.961,20.982,107.9898575,11.609,7438.887,106.4726642,106.4016032,optimal,2874,2940,68.9,n/a,106.4016032,107.3978797,106.4726642,106.4016032
gaussian_mi,synthetic_gp_n100,100,34,300,1,1,35,nan,111.2167459,nan,109.4983854,109.4983854,0,73.72645165,68.6447031,1.02831234,65.34323657,71.49450306,73.72645165,1,3940.550,0.8160,2905.665,110.577694,228.7182405,228.7182405,184.0502426,220.9957996,0,100,0,0,0,nan,nan,nan,16.457,0.898,2.961,20.982,111.2167459,11.609,7438.887,109.5696268,109.4983854,optimal,2941,3006,33.7,n/a,109.4983854,110.577694,109.5696268,109.4983854
gaussian_mi,synthetic_gp_n100,100,35,300,1,1,36,nan,114.4343095,nan,112.5864177,112.5864177,0,74.35680024,69.23128731,1.05988886,66.27786382,71.90684975,74.35680024,1,4014.764,0.9721,2905.665,113.7445021,228.7182405,228.7182405,184.0502426,220.9957996,0,100,0,0,0,nan,nan,nan,16.457,0.851,2.961,20.982,114.4343095,11.609,7438.887,112.6554719,112.5864177,optimal,3007,3071,31.2,n/a,112.5864177,113.7445021,112.6554719,112.5864177
gaussian_mi,synthetic_gp_n100,100,36,300,1,1,37,nan,117.6516591,nan,115.65092,115.65092,0,74.95429367,69.66648901,1.224746911,65.5463924,72.60516105,74.95429367,1,4078.513,1.0303,2905.665,116.899015,228.7182405,228.7182405,184.0502426,220.9957996,0,100,0,0,0,nan,nan,nan,16.457,0.860,2.961,20.982,117.6516591,11.609,7438.887,115.7201595,115.65092,optimal,3072,3135,41.9,n/a,115.65092,116.899015,115.7201595,115.65092
gaussian_mi,synthetic_gp_n100,100,37,300,1,1,38,nan,120.8661216,nan,118.7141044,118.7141044,0,75.5254089,70.19648912,1.057785922,67.23446098,72.55653398,75.5254089,1,4140.580,1.0819,2905.665,120.0351784,228.7182405,228.7182405,184.0502426,220.9957996,0,100,0,0,0,nan,nan,nan,16.457,1.074,2.961,20.982,120.8661216,11.609,7438.887,118.773209,118.7141044,optimal,3136,3198,72.3,n/a,118.7141044,120.0351784,118.773209,118.7141044
gaussian_mi,synthetic_gp_n100,100,38,300,1,1,39,nan,124.0788488,nan,121.7606732,121.7606732,0,76.05689841,70.41190947,1.105538152,66.05049178,73.10266761,76.05689841,1,4205.003,1.1347,2905.665,123.1620023,228.7182405,228.7182405,184.0502426,220.9957996,0,100,0,0,0,nan,nan,nan,16.457,1.097,2.961,20.982,124.0788488,11.609,7438.887,121.8194593,121.7606732,optimal,3199,3260,74.9,n/a,121.7606732,123.1620023,121.8194593,121.7606732
gaussian_mi,synthetic_gp_n100,100,39,300,1,1,40,nan,127.2890752,nan,124.7993781,124.7993781,0,76.52109885,70.67580331,1.119924358,64.76370026,73.44218468,76.52109885,1,4261.655,1.3426,2905.665,126.2809186,228.7182405,228.7182405,184.0502426,220.9957996,0,100,0,0,0,nan,nan,nan,16.457,1.118,2.961,20.982,127.2890752,11.609,7438.887,124.8569936,124.7993781,optimal,3261,3321,67.4,n/a,124.7993781,126.2809186,124.8569936,124.7993781
gaussian_mi,synthetic_gp_n100,100,40,300,1,1,41,nan,130.4945783,nan,127.8266036,127.8266036,0,76.9056538,71.01843495,1.307792184,66.83992138,74.73207059,76.9056538,1,4326.195,1.3160,2905.665,129.3936088,228.7182405,228.7182405,184.0502426,220.9957996,0,100,0,0,0,nan,nan,nan,16.457,1.118,2.961,20.982,130.4945783,11.609,7438.887,127.8866203,127.8266036,optimal,3322,3381,83.4,n/a,127.8266036,129.3936088,127.8866203,127.8266036
gaussian_mi,synthetic_gp_n100,100,41,300,1,1,42,nan,133.6993936,nan,130.8528099,130.8528099,0,77.26213858,71.20162991,1.266643465,66.35033218,74.99386985,77.26213858,1,4388.664,1.3594,2905.665,132.4921647,228.7182405,228.7182405,184.0502426,220.9957996,0,100,0,0,0,nan,nan,nan,16.457,1.225,2.961,20.982,133.6993936,11.609,7438.887,130.9055495,130.8528099,optimal,3382,3440,80.4,n/a,130.8528099,132.4921647,130.9055495,130.8528099
gaussian_mi,synthetic_gp_n100,100,42,300,1,1,43,nan,136.8964184,nan,133.8576862,133.8576862,0,77.51434876,71.41295639,1.180170161,67.31270741,74.3907671,77.51434876,1,4453.945,1.5135,2905.665,135.5635217,228.7182405,228.7182405,184.0502426,220.9957996,0,100,0,0,0,nan,nan,nan,16.457,1.154,2.961,20.982,136.8964184,11.609,7438.887,133.9075056,133.8576862,optimal,3441,3498,81.1,n/a,133.8576862,135.5635217,133.9075056,133.8576862
gaussian_mi,synthetic_gp_n100,100,43,300,1,1,44,nan,140.091464,nan,136.8591361,136.8591361,0,77.76026282,71.46125983,1.269498883,67.70352129,74.40225587,77.76026282,1,4504.685,1.4282,2905.665,138.6074256,228.7182405,228.7182405,184.0502426,220.9957996,0,100,0,0,0,nan,nan,nan,16.457,1.256,2.961,20.982,140.091464,11.609,7438.887,136.8932167,136.8591361,optimal,3499,3555,51.6,n/a,136.8591361,138.6074256,136.8932167,136.8591361
gaussian_mi,synthetic_gp_n100,100,44,300,1,1,45,nan,143.2822723,nan,139.8495777,139.8495777,0,77.97983264,71.51241115,1.302591641,65.4855335,74.48910625,77.97983264,1,4563.506,1.5839,2905.665,141.5556475,228.7182405,228.7182405,184.0502426,220.9957996,0,100,0,0,0,nan,nan,nan,16.457,1.281,2.961,20.982,143.2822723,11.609,7438.887,139.861881,139.8495777,optimal,3556,3611,75.6,n/a,139.8495777,141.5556475,139.861881,139.8495777
gaussian_mi,synthetic_gp_n100,100,45,300,1,1,46,nan,146.4721549,nan,142.8376573,142.8376573,0,78.18960488,71.64398161,1.377912077,67.71797421,74.92242355,78.18960488,1,4602.753,1.7736,2905.665,144.4664283,228.7182405,228.7182405,184.0502426,220.9957996,0,100,0,0,0,nan,nan,nan,16.457,1.362,2.961,20.982,146.4721549,11.609,7438.887,142.8087281,142.8087281,optimal,3612,3666,112.1,n/a,142.8376573,144.4664283,142.8087281,142.8087281
gaussian_mi,synthetic_gp_n100,100,46,300,1,1,47,nan,149.6584186,nan,145.8218067,145.8218067,0,78.31650395,71.87680218,1.334178697,67.98103265,75.63995674,78.31650395,1,4641.190,1.7209,2905.665,147.3462444,228.7182405,228.7182405,184.0502426,220.9957996,0,100,0,0,0,nan,nan,nan,16.457,1.351,2.961,20.982,149.6584186,11.609,7438.887,145.7160427,145.7160427,optimal,3667,3720,82.3,n/a,145.8218067,147.3462444,145.7160427,145.7160427
gaussian_mi,synthetic_gp_n100,100,47,300,1,1,48,nan,152.8364386,nan,148.8015715,148.8015715,0,78.42101096,71.76931281,1.369817574,65.45020181,75.37870166,78.42101096,1,4690.700,1.9021,2905.665,150.1678672,228.7182405,228.7182405,184.0502426,220.9957996,0,100,0,0,0,nan,nan,nan,16.457,1.550,2.961,20.982,152.8364386,11.609,7438.887,148.5863925,148.5863925,optimal,3721,3773,78.1,n/a,148.8015715,150.1678672,148.5863925,148.5863925
gaussian_mi,synthetic_gp_n100,100,48,300,1,1,49,nan,156.0007202,nan,151.7665833,151.7665833,0,78.51628031,71.95356244,1.321945865,66.62820111,75.50347754,78.51628031,1,4730.589,1.9215,2905.665,152.9581223,228.7182405,228.7182405,184.0502426,220.9957996,0,100,0,0,0,nan,nan,nan,16.457,1.497,2.961,20.982,156.0007202,11.609,7438.887,151.4220003,151.4220003,optimal,3774,3825,52.7,n/a,151.7665833,152.9581223,151.4220003,151.4220003
gaussian_mi,synthetic_gp_n100,100,49,300,1,1,50,nan,159.1623919,nan,154.7219199,154.7219199,0,78.60102294,72.15528988,1.330377751,67.23787264,75.25082751,78.60102294,1,4767.782,2.0495,2905.665,155.700986,228.7182405,228.7182405,184.0502426,220.9957996,0,100,0,0,0,nan,nan,nan,16.457,1.519,2.961,20.982,159.1623919,11.609,7438.887,154.1858838,154.1858838,optimal,3826,3876,61.9,n/a,154.7219199,155.700986,154.1858838,154.1858838
gaussian_mi,synthetic_gp_n100,100,50,300,1,1,50,nan,162.3218338,nan,157.6693325,157.6693325,0,78.60102294,72.06223232,1.335477939,67.13245916,76.19568297,78.60102294,1,4767.782,2.0347,2905.665,158.352092,228.7182405,228.7182405,184.0502426,220.9957996,0,100,0,0,0,nan,nan,nan,16.457,1.513,2.961,20.982,162.3218338,11.609,7438.887,156.7445137,156.7445137,optimal,3826,3876,47.7,n/a,157.6693325,158.352092,156.7445137,156.7445137
gaussian_mi,synthetic_gp_n100,100,1,300,2,1,2,3.355265965,3.355265965,nan,3.355265965,3.355265965,0,3.355265965,3.355265965,0,3.355265965,3.355265965,3.355265965,1,307.167,0.1193,2847.372,3.355265965,218.2141324,218.2141324,222.8017007,220.5744673,0,100,0,0,0,nan,nan,nan,18.955,0.349,2.052,13.643,3.355265965,5.113,7379.041,3.355265965,3.355265965,optimal,202,300,1.7,pass,3.355265965,3.355265965,3.355265965,3.355265965
gaussian_mi,synthetic_gp_n100,100,2,300,2,1,3,6.627433823,6.70696371,nan,6.687048487,6.687048487,0,6.627433823,6.624609135,0.002270823898,6.620969212,6.627433823,6.627433823,1,450.368,0.0956,2847.372,6.70102176,218.2141324,218.2141324,222.8017007,220.5744673,0,100,0,0,0,nan,nan,nan,18.955,0.332,2.052,13.643,6.70696371,5.113,7379.041,6.698537035,6.687048487,optimal,301,398,1.9,pass,6.687048487,6.70102176,6.698537035,6.687048487
gaussian_mi,synthetic_gp_n100,100,3,300,2,1,4,9.869254867,10.04213702,nan,10.01102944,10.01102944,0,9.862170986,9.850712144,0.008386123664,9.833437596,9.868739103,9.869254867,1,601.193,0.0836,2847.372,10.02857898,218.2141324,218.2141324,222.8017007,220.5744673,0,100,0,0,0,nan,nan,nan,18.955,0.353,2.052,13.643,10.04213702,5.113,7379.041,10.02684297,10.01102944,optimal,399,495,2.5,pass,10.01102944,10.02857898,10.02684297,10.01102944
gaussian_mi,synthetic_gp_n100,100,4,300,2,1,5,nan,13.37391955,nan,13.33384535,13.33384535,0,13.06403462,13.03192864,0.02886789255,12.93899664,13.09902142,13.09902142,1,752.299,0.1376,2847.372,13.35524038,218.2141324,218.2141324,222.8017007,220.5744673,0,100,0,0,0,nan,nan,nan,18.955,0.355,2.052,13.643,13.37391955,5.113,7379.041,13.3506522,13.33384535,optimal,496,591,3.4,n/a,13.33384535,13.35524038,13.3506522,13.33384535
gaussian_mi,synthetic_gp_n100,100,5,300,2,1,6,nan,16.70213519,nan,16.6467112,16.6467112,0,16.23143455,16.16182659,0.05488726947,15.97873314,16.27282119,16.27282119,1,894.189,0.1105,2847.372,16.67978782,218.2141324,218.2141324,222.8017007,220.5744673,0,100,0,0,0,nan,nan,nan,18.955,0.359,2.052,13.643,16.70213519,5.113,7379.041,16.6663456,16.6467112,optimal,592,686,4.8,n/a,16.6467112,16.67978782,16.6663456,16.6467112
gaussian_mi,synthetic_gp_n100,100,6,300,2,1,7,nan,20.02611614,nan,19.95073273,19.95073273,0,19.39836412,19.22371731,0.07480850577,19.03020481,19.4227235,19.4227235,1,1033.833,0.0922,2847.372,20.00318663,218.2141324,218.2141324,222.8017007,220.5744673,0,100,0,0,0,nan,nan,nan,18.955,0.387,2.052,13.643,20.02611614,5.113,7379.041,19.97390399,19.95073273,optimal,687,780,4.2,n/a,19.95073273,20.00318663,19.97390399,19.95073273
gaussian_mi,synthetic_gp_n100,100,7,300,2,1,8,nan,23.34966242,nan,23.2446246,23.2446246,0,22.45817954,22.25718309,0.09787277492,21.95825926,22.55826592,22.55826592,1,1168.238,0.1199,2847.372,23.32585617,218.2141324,218.2141324,222.8017007,220.5744673,0,100,0,0,0,nan,nan,nan,18.955,0.395,2.052,13.643,23.34966242,5.113,7379.041,23.27054628,23.2446246,optimal,781,873,7.5,n/a,23.2446246,23.32585617,23.27054628,23.2446246
gaussian_mi,synthetic_gp_n100,100,8,300,2,1,9,nan,26.67247833,nan,26.53256182,26.53256182,0,25.49339904,25.21328227,0.126012134,24.81996083,25.51264899,25.51264899,1,1316.155,0.1326,2847.372,26.64257929,218.2141324,218.2141324,222.8017007,220.5744673,0,100,0,0,0,nan,nan,nan,18.955,0.392,2.052,13.643,26.67247833,5.113,7379.041,26.56151805,26.53256182,optimal,874,965,8.3,n/a,26.53256182,26.64257929,26.56151805,26.53256182
gaussian_mi,synthetic_gp_n100,100,9,300,2,1,10,nan,29.98786766,nan,29.81076009,29.81076009,0,28.40250468,28.09552409,0.1603021701,27.60005757,28.42259531,28.42259531,1,1462.903,0.1342,2847.372,29.95095044,218.2141324,218.2141324,222.8017007,220.5744673,0,100,0,0,0,nan,nan,nan,18.955,0.411,2.052,13.643,29.98786766,5.113,7379.041,29.84216478,29.81076009,optimal,966,1056,12.3,n/a,29.81076009,29.95095044,29.84216478,29.81076009
gaussian_mi,synthetic_gp_n100,100,10,300,2,1,11,nan,33.30073351,nan,33.08245011,33.08245011,0,31.29025283,30.86819478,0.2003084049,30.25946609,31.34564035,31.34564035,1,1602.480,0.1350,2847.372,33.25677094,218.2141324,218.2141324,222.8017007,220.5744673,0,100,0,0,0,nan,nan,nan,18.955,0.410,2.052,13.643,33.30073351,5.113,7379.041,33.11564517,33.08245011,optimal,1057,1146,8.2,n/a,33.08245011,33.25677094,33.11564517,33.08245011
gaussian_mi,synthetic_gp_n100,100,11,300,2,1,12,nan,36.6134698,nan,36.34701963,36.34701963,0,34.17183338,33.51742837,0.2609465394,32.82752087,34.12786459,34.17183338,1,1772.309,0.1545,2847.372,36.56040452,218.2141324,218.2141324,222.8017007,220.5744673,0,100,0,0,0,nan,nan,nan,18.955,0.431,2.052,13.643,36.6134698,5.113,7379.041,36.38285657,36.34701963,optimal,1147,1235,8.3,n/a,36.34701963,36.56040452,36.38285657,36.34701963
gaussian_mi,synthetic_gp_n100,100,12,300,2,1,13,nan,39.92171275,nan,39.60845807,39.60845807,0,36.98470186,36.0656128,0.319869749,34.96835492,36.94411366,36.98470186,1,1902.655,0.1542,2847.372,39.8626988,218.2141324,218.2141324,222.8017007,220.5744673,0,100,0,0,0,nan,nan,nan,18.955,0.439,2.052,13.643,39.92171275,5.113,7379.041,39.64271882,39.60845807,optimal,1236,1323,13.3,n/a,39.60845807,39.8626988,39.64271882,39.60845807
gaussian_mi,synthetic_gp_n100,100,13,300,2,1,14,nan,43.22749325,nan,42.8621674,42.8621674,0,39.56036192,38.47676525,0.3844295381,37.50113138,39.43602385,39.56036192,1,2013.166,0.1392,2847.372,43.163218,218.2141324,218.2141324,219.4353672,220.5744673,0,100,0,0,0,nan,nan,nan,18.955,0.515,2.052,13.643,43.22749325,5.113,7379.041,42.89341839,42.8621674,optimal,1324,1410,16.4,n/a,42.8621674,43.163218,42.89341839,42.8621674
gaussian_mi,synthetic_gp_n100,100,14,300,2,1,15,nan,46.53162907,nan,46.10889154,46.10889154,0,42.02358297,40.76988487,0.4101694304,39.52196721,41.88269273,42.02358297,1,2116.384,0.1703,2847.372,46.46230211,218.2141324,218.2141324,216.2280333,220.5744673,0,100,0,0,0,nan,nan,nan,18.955,0.497,2.052,13.643,46.53162907,5.113,7379.041,46.14051961,46.10889154,optimal,1411,1496,13.5,n/a,46.10889154,46.46230211,46.14051961,46.10889154
gaussian_mi,synthetic_gp_n100,100,15,300,2,1,16,nan,49.83565061,nan,49.35542834,49.35542834,0,44.33663519,42.91788703,0.4306541912,41.65167765,44.19619228,44.33663519,1,2214.998,0.2177,2847.372,49.75716311,218.2141324,218.2141324,206.7394244,220.5744673,0,100,0,0,0,nan,nan,nan,18.955,0.507,2.052,13.643,49.83565061,5.113,7379.041,49.38708475,49.35542834,optimal,1497,1581,9.0,n/a,49.35542834,49.75716311,49.38708475,49.35542834
gaussian_mi,synthetic_gp_n100,100,16,300,2,1,17,nan,53.13667311,nan,52.59017137,52.59017137,0,46.60091404,44.9192322,0.4891919696,43.80057414,46.13511037,46.60091404,1,2325.377,0.1821,2847.372,53.04896864,218.2141324,218.2141324,203.7790059,220.5744673,0,100,0,0,0,nan,nan,nan,18.955,0.560,2.052,13.643,53.13667311,5.113,7379.041,52.62484896,52.59017137,optimal,1582,1665,14.5,n/a,52.59017137,53.04896864,52.62484896,52.59017137
gaussian_mi,synthetic_gp_n100,100,17,300,2,1,18,nan,56.43638089,nan,55.82176654,55.82176654,0,48.58786891,46.94474222,0.4852885473,45.70989483,48.3490494,48.58786891,1,2429.339,0.2425,2847.372,56.33735267,218.2141324,218.2141324,198.1850855,220.5744673,0,100,0,0,0,nan,nan,nan,18.955,0.534,2.052,13.643,56.43638089,5.113,7379.041,55.85885048,55.82176654,optimal,1666,1748,9.9,n/a,55.82176654,56.33735267,55.85885048,55.82176654
gaussian_mi,synthetic_gp_n100,100,18,300,2,1,19,nan,59.73321917,nan,59.05160247,59.05160247,0,50.55610405,48.78776179,0.503521169,47.26723777,49.92986662,50.55610405,1,2533.737,0.2170,2847.372,59.61782808,218.2141324,218.2141324,196.340778,220.5744673,0,100,0,0,0,nan,nan,nan,18.955,0.541,2.052,13.643,59.73321917,5.113,7379.041,59.08971393,59.05160247,optimal,1749,1830,10.8,n/a,59.05160247,59.61782808,59.08971393,59.05160247
gaussian_mi,synthetic_gp_n100,100,19,300,2,1,20,nan,63.02711103,nan,62.27735262,62.27735262,0,52.4820479,50.48695274,0.5862791097,48.12697035,51.74093746,52.4820479,1,2640.309,0.3047,2847.372,62.89132004,218.2141324,218.2141324,191.9668106,220.5744673,0,100,0,0,0,nan,nan,nan,18.955,0.564,2.052,13.643,63.02711103,5.113,7379.041,62.31740756,62.27735262,optimal,1831,1911,12.2,n/a,62.27735262,62.89132004,62.31740756,62.27735262
gaussian_mi,synthetic_gp_n100,100,20,300,2,1,21,nan,66.32014261,nan,65.49360825,65.49360825,0,54.26643221,52.15673079,0.5781283995,50.49508429,53.8435674,54.26643221,1,2746.467,0.2797,2847.372,66.16232151,218.2141324,218.2141324,190.9383055,220.5744673,0,100,0,0,0,nan,nan,nan,18.955,0.599,2.052,13.643,66.32014261,5.113,7379.041,65.54009217,65.49360825,optimal,1912,1991,15.2,n/a,65.49360825,66.16232151,65.54009217,65.49360825
gaussian_mi,synthetic_gp_n100,100,21,300,2,1,22,nan,69.60889619,nan,68.70805602,68.70805602,0,55.93051923,53.79286,0.6534305751,51.94171363,55.37345274,55.93051923,1,2831.245,0.3287,2847.372,69.42681144,218.2141324,218.2141324,188.9215638,220.5744673,0,100,0,0,0,nan,nan,nan,18.955,0.673,2.052,13.643,69.60889619,5.113,7379.041,68.75425717,68.70805602,optimal,1992,2070,20.9,n/a,68.70805602,69.42681144,68.75425717,68.70805602
gaussian_mi,synthetic_gp_n100,100,22,300,2,1,23,nan,72.89683342,nan,71.913549,71.913549,0,57.53841074,55.20874865,0.6688397455,53.26888588,56.76469384,57.53841074,1,2917.682,0.3607,2847.372,72.687464,218.2141324,218.2141324,188.4239938,220.5744673,0,100,0,0,0,nan,nan,nan,18.955,0.612,2.052,13.643,72.89683342,5.113,7379.041,71.96185837,71.913549,optimal,2071,2148,12.4,n/a,71.913549,72.687464,71.96185837,71.913549
gaussian_mi,synthetic_gp_n100,100,23,300,2,1,24,nan,76.1753333,nan,75.1043351,75.1043351,0,59.09725773,56.58651784,0.6689652933,54.9031615,58.48205915,59.09725773,1,3016.221,0.4023,2847.372,75.94131995,218.2141324,218.2141324,182.8880995,220.5744673,0,100,0,0,0,nan,nan,nan,18.955,0.644,2.052,13.643,76.1753333,5.113,7379.041,75.15679421,75.1043351,optimal,2149,2225,20.8,n/a,75.1043351,75.94131995,75.15679421,75.1043351
gaussian_mi,synthetic_gp_n100,100,24,300,2,1,25,nan,79.45353157,nan,78.28067813,78.28067813,0,60.56662006,57.87705639,0.695550725,56.26526253,60.08195188,60.56662006,1,3101.644,0.4329,2847.372,79.1858163,218.2141324,218.2141324,182.1938671,220.5744673,0,100,0,0,0,nan,nan,nan,18.955,0.630,2.052,13.643,79.45353157,5.113,7379.041,78.33590449,78.28067813,optimal,2226,2301,41.1,n/a,78.28067813,79.1858163,78.33590449,78.28067813
gaussian_mi,synthetic_gp_n100,100,25,300,2,1,26,nan,82.7300506,nan,81.45190522,81.45190522,0,62.0284063,59.08466477,0.7887339792,56.80116139,61.12932209,62.0284063,1,3189.399,0.4484,2847.372,82.42571673,218.2141324,218.2141324,181.4858886,220.5744673,0,100,0,0,0,nan,nan,nan,18.955,0.662,2.052,13.643,82.7300506,5.113,7379.041,81.50876555,81.45190522,optimal,2302,2376,20.5,n/a,81.45190522,82.42571673,81.50876555,81.45190522
gaussian_mi,synthetic_gp_n100,100,26,300,2,1,27,nan,86.00174062,nan,84.61140414,84.61140414,0,63.35489532,60.19562103,0.7931088955,58.13470042,62.27232597,63.35489532,1,3276.914,0.4619,2847.372,85.65304345,218.2141324,218.2141324,180.3730761,220.5744673,0,100,0,0,0,nan,nan,nan,18.955,0.678,2.052,13.643,86.00174062,5.113,7379.041,84.6724938,84.61140414,optimal,2377,2450,20.6,n/a,84.61140414,85.65304345,84.6724938,84.61140414
gaussian_mi,synthetic_gp_n100,100,27,300,2,1,28,nan,89.27059337,nan,87.7635284,87.7635284,0,64.58668007,61.05043871,0.7881796743,58.55999412,62.79005801,64.58668007,1,3351.786,0.5062,2847.372,88.87769283,218.2141324,218.2141324,180.3730761,220.5744673,0,100,0,0,0,nan,nan,nan,18.955,0.673,2.052,13.643,89.27059337,5.113,7379.041,87.82551686,87.7635284,optimal,2451,2523,46.2,n/a,87.7635284,88.87769283,87.82551686,87.7635284
gaussian_mi,synthetic_gp_n100,100,28,300,2,1,29,nan,92.53833937,nan,90.91189654,90.91189654,0,65.76918987,62.12393172,0.8262302107,59.17325383,64.20659186,65.76918987,1,3422.817,0.5846,2847.372,92.10050399,218.2141324,218.2141324,180.3730761,220.5744673,0,100,0,0,0,nan,nan,nan,18.955,0.686,2.052,13.643,92.53833937,5.113,7379.041,90.97329824,90.91189654,optimal,2524,2595,34.1,n/a,90.91189654,92.10050399,90.97329824,90.91189654
gaussian_mi,synthetic_gp_n100,100,29,300,2,1,30,nan,95.80290889,nan,94.05782382,94.05782382,0,66.94296402,62.97319733,0.9500599294,59.95253246,65.4505357,66.94296402,1,3491.227,0.5734,2847.372,95.31752234,218.2141324,218.2141324,180.3730761,220.5744673,0,100,0,0,0,nan,nan,nan,18.955,0.723,2.052,13.643,95.80290889,5.113,7379.041,94.11823002,94.05782382,optimal,2596,2666,19.6,n/a,94.05782382,95.31752234,94.11823002,94.05782382
gaussian_mi,synthetic_gp_n100,100,30,300,2,1,31,nan,99.06680198,nan,97.19688679,97.19688679,0,67.91526728,63.78523427,0.8766274479,61.27591754,66.68046217,67.91526728,1,3574.763,0.6267,2847.372,98.53001077,218.2141324,218.2141324,180.3730761,220.5744673,0,100,0,0,0,nan,nan,nan,18.955,0.739,2.052,13.643,99.06680198,5.113,7379.041,97.25425457,97.19688679,optimal,2667,2736,29.9,n/a,97.19688679,98.53001077,97.25425457,97.19688679
gaussian_mi,synthetic_gp_n100,100,31,300,2,1,32,nan,102.3282404,nan,100.3338841,100.3338841,0,68.81345062,64.43831651,0.9144742873,61.87448896,67.18983538,68.81345062,1,3648.824,0.6945,2847.372,101.7331448,218.2141324,218.2141324,180.3730761,220.5744673,0,100,0,0,0,nan,nan,nan,18.955,0.774,2.052,13.643,102.3282404,5.113,7379.041,100.3779834,100.3338841,optimal,2737,2805,28.8,n/a,100.3338841,101.7331448,100.3779834,100.3338841
gaussian_mi,synthetic_gp_n100,100,32,300,2,1,33,nan,105.5819498,nan,103.4686106,103.4686106,0,69.60463868,65.05841031,1.021140499,62.01584239,67.86121667,69.60463868,1,3731.254,0.7865,2847.372,104.9207104,218.2141324,218.2141324,180.3730761,220.5744673,0,100,0,0,0,nan,nan,nan,18.955,0.982,2.052,13.643,105.5819498,5.113,7379.041,103.4961779,103.4686106,optimal,2806,2873,21.2,n/a,103.4686106,104.9207104,103.4961779,103.4686106
gaussian_mi,synthetic_gp_n100,100,33,300,2,1,34,nan,108.8286739,nan,106.588801,106.588801,0,70.34271575,65.62088184,1.010782107,62.21649429,68.44187168,70.34271575,1,3819.019,0.8345,2847.372,108.1036799,218.2141324,218.2141324,180.3730761,220.5744673,0,100,0,0,0,nan,nan,nan,18.955,0.897,2.052,13.643,108.8286739,5.113,7379.041,106.6132761,106.588801,optimal,2874,2940,36.7,n/a,106.588801,108.1036799,106.6132761,106.588801
gaussian_mi,synthetic_gp_n100,100,34,300,2,1,35,nan,112.0752107,nan,109.7075601,109.7075601,0,70.96514775,65.9225407,0.954231624,62.82955822,68.00534179,70.96514775,1,3902.234,0.8069,2847.372,111.282898,218.2141324,218.2141324,180.3730761,220.5744673,0,100,0,0,0,nan,nan,nan,18.955,0.920,2.052,13.643,112.0752107,5.113,7379.041,109.7217203,109.7075601,optimal,2941,3006,45.6,n/a,109.7075601,111.282898,109.7217203,109.7075601
gaussian_mi,synthetic_gp_n100,100,35,300,2,1,36,nan,115.3126233,nan,112.825562,112.825562,0,71.57324567,66.36877792,1.094648021,63.32912338,69.05890981,71.57324567,1,3976.041,0.9356,2847.372,114.4459717,218.2141324,218.2141324,180.3730761,220.5744673,0,100,0,0,0,nan,nan,nan,18.955,0.891,2.052,13.643,115.3126233,5.113,7379.041,112.7968264,112.7968264,optimal,3007,3071,56.7,n/a,112.825562,114.4459717,112.7968264,112.7968264
gaussian_mi,synthetic_gp_n100,100,36,300,2,1,37,nan,118.5473663,nan,115.9274812,115.9274812,0,72.01255029,66.9027122,1.119123671,63.2715759,69.57134166,72.01255029,1,4040.976,0.9451,2847.372,117.5765595,218.2141324,218.2141324,180.3730761,220.5744673,0,100,0,0,0,nan,nan,nan,18.955,0.978,2.052,13.643,118.5473663,5.113,7379.041,115.8560563,115.8560563,optimal,3072,3135,86.8,n/a,115.9274812,117.5765595,115.8560563,115.8560563
gaussian_mi,synthetic_gp_n100,100,37,300,2,1,38,nan,121.7789615,nan,119.0187092,119.0187092,0,72.41624104,67.22157788,1.18936687,63.2682905,70.1620051,72.41624104,1,4112.018,1.0394,2847.372,120.6956896,218.2141324,218.2141324,180.3730761,220.5744673,0,100,0,0,0,nan,nan,nan,18.955,0.946,2.052,13.643,121.7789615,5.113,7379.041,118.9006874,118.9006874,optimal,3136,3198,68.6,n/a,119.0187092,120.6956896,118.9006874,118.9006874
gaussian_mi,synthetic_gp_n100,100,38,300,2,1,39,nan,125.0087974,nan,122.0978529,122.0978529,0,72.81519948,67.51344953,1.093221745,63.95542535,70.07442114,72.81519948,1,4188.957,1.0433,2847.372,123.8019994,218.2141324,218.2141324,180.3730761,220.5744673,0,100,0,0,0,nan,nan,nan,18.955,0.929,2.052,13.643,125.0087974,5.113,7379.041,121.9292277,121.9292277,optimal,3199,3260,44.4,n/a,122.0978529,123.8019994,121.9292277,121.9292277
gaussian_mi,synthetic_gp_n100,100,39,300,2,1,40,nan,128.2345476,nan,125.1673453,125.1673453,0,73.17282846,67.76985495,1.15207364,64.31684817,70.49043134,73.17282846,1,4248.366,1.2301,2847.372,126.8880686,218.2141324,218.2141324,180.3730761,220.5744673,0,100,0,0,0,nan,nan,nan,18.955,0.983,2.052,13.643,128.2345476,5.113,7379.041,124.9403935,124.9403935,optimal,3261,3321,59.1,n/a,125.1673453,126.8880686,124.9403935,124.9403935
gaussian_mi,synthetic_gp_n100,100,40,300,2,1,41,nan,131.4567246,nan,128.2306099,128.2306099,0,73.43712253,67.92119109,1.213865681,64.48776733,71.00685833,73.43712253,1,4313.203,1.3511,2847.372,129.9728547,218.2141324,218.2141324,180.3730761,220.5744673,0,100,0,0,0,nan,nan,nan,18.955,1.152,2.052,13.643,131.4567246,5.113,7379.041,127.9458891,127.9458891,optimal,3322,3381,74.9,n/a,128.2306099,129.9728547,127.9458891,127.9458891
gaussian_mi,synthetic_gp_n100,100,41,300,2,1,42,nan,134.6729802,nan,131.2823516,131.2823516,0,73.69742934,68.21446407,1.218458847,64.15484648,70.98482387,73.69742934,1,4377.534,1.3246,2847.372,133.0154924,218.2141324,218.2141324,180.3730761,220.5744673,0,100,0,0,0,nan,nan,nan,18.955,1.224,2.052,13.643,134.6729802,5.113,7379.041,130.9451499,130.9451499,optimal,3382,3440,70.2,n/a,131.2823516,133.0154924,130.9451499,130.9451499
gaussian_mi,synthetic_gp_n100,100,42,300,2,1,43,nan,137.8874896,nan,134.3266133,134.3266133,0,73.92578012,68.29344468,1.272638544,64.11286332,71.30638459,73.92578012,1,4422.426,1.6810,2847.372,136.0382456,218.2141324,218.2141324,180.3730761,220.5744673,0,100,0,0,0,nan,nan,nan,18.955,1.237,2.052,13.643,137.8874896,5.113,7379.041,133.9300346,133.9300346,optimal,3441,3498,66.4,n/a,134.3266133,136.0382456,133.9300346,133.9300346
gaussian_mi,synthetic_gp_n100,100,43,300,2,1,44,nan,141.1019374,nan,137.3621028,137.3621028,0,74.13129677,68.36398931,1.225187435,61.71950663,71.23554097,74.13129677,1,4472.030,1.6607,2847.372,139.0297269,218.2141324,218.2141324,180.3730761,220.5744673,0,100,0,0,0,nan,nan,nan,18.955,1.228,2.052,13.643,141.1019374,5.113,7379.041,136.8836328,136.8836328,optimal,3499,3555,72.4,n/a,137.3621028,139.0297269,136.8836328,136.8836328
gaussian_mi,synthetic_gp_n100,100,44,300,2,1,45,nan,144.311301,nan,140.3952997,140.3952997,0,74.32196569,68.52755572,1.232126084,63.91132551,71.42986593,74.32196569,1,4515.578,1.6692,2847.372,141.978051,218.2141324,218.2141324,180.3730761,220.5744673,0,100,0,0,0,nan,nan,nan,18.955,1.289,2.052,13.643,144.311301,5.113,7379.041,139.7611232,139.7611232,optimal,3556,3611,65.4,n/a,140.3952997,141.978051,139.7611232,139.7611232
gaussian_mi,synthetic_gp_n100,100,45,300,2,1,46,nan,147.516794,nan,143.4259362,143.4259362,0,74.49043535,68.61865764,1.225031563,63.32753249,71.2931019,74.49043535,1,4565.320,1.7361,2847.372,144.8957082,218.2141324,218.2141324,180.3730761,220.5744673,0,100,0,0,0,nan,nan,nan,18.955,1.276,2.052,13.643,147.516794,5.113,7379.041,142.5364613,142.5364613,optimal,3612,3666,80.4,n/a,143.4259362,144.8957082,142.5364613,142.5364613
gaussian_mi,synthetic_gp_n100,100,46,300,2,1,47,nan,150.7106943,nan,146.4401353,146.4401353,0,74.6157876,68.64018715,1.178275316,64.26815928,71.68409481,74.6157876,1,4607.386,1.8275,2847.372,147.7696216,218.2141324,218.2141324,180.3730761,220.5744673,0,100,0,0,0,nan,nan,nan,18.955,1.258,2.052,13.643,150.7106943,5.113,7379.041,145.2772603,145.2772603,optimal,3667,3720,65.0,n/a,146.4401353,147.7696216,145.2772603,145.2772603
gaussian_mi,synthetic_gp_n100,100,47,300,2,1,48,nan,153.9014804,nan,149.4531264,149.4531264,0,74.68020134,68.81782483,1.207772516,65.13790024,71.41395326,74.68020134,1,4650.991,1.9427,2847.372,150.5901956,218.2141324,218.2141324,180.3730761,220.5744673,0,100,0,0,0,nan,nan,nan,18.955,1.355,2.052,13.643,153.9014804,5.113,7379.041,147.8725908,147.8725908,optimal,3721,3773,91.9,n/a,149.4531264,150.5901956,147.8725908,147.8725908
gaussian_mi,synthetic_gp_n100,100,48,300,2,1,49,nan,157.0805702,nan,152.4658768,152.4658768,0,74.73396425,68.74603322,1.257457564,63.26584602,71.65245138,74.73396425,1,4690.884,1.8174,2847.372,153.3242658,218.2141324,218.2141324,180.3730761,220.5744673,0,100,0,0,0,nan,nan,nan,18.955,1.330,2.052,13.643,157.0805702,5.113,7379.041,150.2852803,150.2852803,optimal,3774,3825,71.2,n/a,152.4658768,153.3242658,150.2852803,150.2852803
gaussian_mi,synthetic_gp_n100,100,49,300,2,1,49,nan,160.2569133,nan,155.4749614,155.4749614,0,74.73396425,68.8178221,1.35635056,65.21158131,72.10198454,74.73396425,1,4690.884,2.0192,2847.372,155.7966586,218.2141324,218.2141324,180.3730761,220.5744673,0,100,0,0,0,nan,nan,nan,18.955,1.301,2.052,13.643,160.2569133,5.113,7379.041,152.5645727,152.5645727,optimal,3774,3825,53.3,n/a,155.4749614,155.7966586,152.5645727,152.5645727
gaussian_mi,synthetic_gp_n100,100,50,300,2,1,49,nan,163.4281404,nan,158.0824618,158.4770781,2,74.73396425,68.98556332,1.20296389,65.26274791,71.66607009,74.73396425,1,4690.884,2.0787,2847.372,158.0185325,218.2141324,218.2141324,180.3730761,220.5744673,0,100,0,0,0,nan,nan,nan,18.955,1.353,2.052,13.643,163.4281404,5.113,7379.041,154.6791025,154.6791025,optimal,3774,3825,66.0,n/a,158.0824618,158.0185325,154.6791025,154.6791025
gaussian_mi,synthetic_gp_n100,100,1,300,3,1,2,3.342190864,3.342190864,nan,3.342190864,3.342190864,0,3.342190864,3.342190864,4.823886832e-07,3.342190864,3.342190864,3.342190864,1,298.901,0.0912,2928.373,3.342190864,221.161852,221.161852,226.6751347,219.0647744,0,100,0,0,0,nan,nan,nan,19.221,0.335,2.045,16.434,3.342190864,4.415,7396.194,3.342190864,3.342190864,optimal,202,300,1.4,pass,3.342190864,3.342190864,3.342190864,3.342190864
gaussian_mi,synthetic_gp_n100,100,2,300,3,1,3,6.6464898,6.671256556,nan,6.65048687,6.65048687,0,6.646489799,6.634928274,0.009150596675,6.621166255,6.646489799,6.6464898,1,464.451,0.0975,2928.373,6.66262718,221.161852,221.161852,226.6751347,219.0647744,0,100,0,0,0,nan,nan,nan,19.221,0.326,2.045,16.434,6.671256556,4.415,7396.194,6.658538238,6.65048687,optimal,301,398,4.8,pass,6.65048687,6.66262718,6.658538238,6.65048687
gaussian_mi,synthetic_gp_n100,100,3,300,3,1,4,9.943367729,9.98214996,nan,9.957224723,9.957224723,0,9.943367729,9.901339154,0.0220098324,9.862395425,9.943367729,9.943367729,1,640.903,0.1165,2928.373,9.969723061,221.161852,221.161852,226.6751347,219.0647744,0,100,0,0,0,nan,nan,nan,19.221,0.339,2.045,16.434,9.98214996,4.415,7396.194,9.965778109,9.957224723,optimal,399,495,5.2,pass,9.957224723,9.969723061,9.965778109,9.957224723
gaussian_mi,synthetic_gp_n100,100,4,300,3,1,5,nan,13.29044597,nan,13.26218344,13.26218344,0,13.18948049,13.08567868,0.05372023805,12.95992756,13.18948049,13.18948049,1,792.894,0.0826,2928.373,13.27587565,221.161852,221.161852,226.6751347,219.0647744,0,100,0,0,0,nan,nan,nan,19.221,0.342,2.045,16.434,13.29044597,4.415,7396.194,13.2714737,13.26218344,optimal,496,591,4.1,n/a,13.26218344,13.27587565,13.2714737,13.26218344
gaussian_mi,synthetic_gp_n100,100,5,300,3,1,6,nan,16.59718382,nan,16.56312398,16.56312398,0,16.38031477,16.23815543,0.05465225086,16.08516333,16.35580943,16.38031477,1,951.571,0.1467,2928.373,16.57967753,221.161852,221.161852,226.6751347,219.0647744,0,100,0,0,0,nan,nan,nan,19.221,0.351,2.045,16.434,16.59718382,4.415,7396.194,16.57406588,16.56312398,optimal,592,686,3.3,n/a,16.56312398,16.57967753,16.57406588,16.56312398
gaussian_mi,synthetic_gp_n100,100,6,300,3,1,7,nan,19.90214254,nan,19.86086606,19.86086606,0,19.51063562,19.33714157,0.07698719893,19.12244154,19.53631103,19.53631103,1,1106.955,0.1324,2928.373,19.87966121,221.161852,221.161852,226.6751347,219.0647744,0,100,0,0,0,nan,nan,nan,19.221,0.359,2.045,16.434,19.90214254,4.415,7396.194,19.87262487,19.86086606,optimal,687,780,10.3,n/a,19.86086606,19.87966121,19.87262487,19.86086606
gaussian_mi,synthetic_gp_n100,100,7,300,3,1,8,nan,23.20308308,nan,23.15537276,23.15537276,0,22.57711742,22.3605848,0.09551496067,22.03057861,22.62745756,22.62745756,1,1261.617,0.1324,2928.373,23.17691071,221.161852,221.161852,226.6751347,219.0647744,0,100,0,0,0,nan,nan,nan,19.221,0.383,2.045,16.434,23.20308308,4.415,7396.194,23.16934762,23.15537276,optimal,781,873,5.5,n/a,23.15537276,23.17691071,23.16934762,23.15537276
gaussian_mi,synthetic_gp_n100,100,8,300,3,1,9,nan,26.50139017,nan,26.44670043,26.44670043,0,25.5735815,25.27537706,0.1335478736,24.92285322,25.63302833,25.63302833,1,1410.313,0.1198,2928.373,26.47335058,221.161852,221.161852,226.6751347,219.0647744,0,100,0,0,0,nan,nan,nan,19.221,0.477,2.045,16.434,26.50139017,4.415,7396.194,26.46280457,26.44670043,optimal,874,965,8.5,n/a,26.44670043,26.47335058,26.46280457,26.44670043
gaussian_mi,synthetic_gp_n100,100,9,300,3,1,10,nan,29.79913225,nan,29.72856518,29.72856518,0,28.55801708,28.13128487,0.1921527566,27.5224721,28.60232549,28.60232549,1,1565.055,0.1578,2928.373,29.76959948,221.161852,221.161852,226.6751347,219.0647744,0,100,0,0,0,nan,nan,nan,19.221,0.424,2.045,16.434,29.79913225,4.415,7396.194,29.74648166,29.72856518,optimal,966,1056,7.4,n/a,29.72856518,29.76959948,29.74648166,29.72856518
gaussian_mi,synthetic_gp_n100,100,10,300,3,1,11,nan,33.09638199,nan,33.00652359,33.00652359,0,31.4661673,30.86722401,0.2314112334,30.03016719,31.44763309,31.4661673,1,1711.407,0.1584,2928.373,33.06472931,221.161852,221.161852,226.6751347,219.0647744,0,100,0,0,0,nan,nan,nan,19.221,0.415,2.045,16.434,33.09638199,4.415,7396.194,33.02493488,33.00652359,optimal,1057,1146,14.6,n/a,33.00652359,33.06472931,33.02493488,33.00652359
gaussian_mi,synthetic_gp_n100,100,11,300,3,1,12,nan,36.39314192,nan,36.28181027,36.28181027,0,34.27991471,33.55058522,0.2686198949,32.61107293,34.20791898,34.27991471,1,1822.962,0.1252,2928.373,36.35873325,221.161852,221.161852,225.1255911,219.0647744,0,100,0,0,0,nan,nan,nan,19.221,0.450,2.045,16.434,36.39314192,4.415,7396.194,36.30061611,36.28181027,optimal,1147,1235,6.9,n/a,36.28181027,36.35873325,36.30061611,36.28181027
gaussian_mi,synthetic_gp_n100,100,12,300,3,1,13,nan,39.68984329,nan,39.54959253,39.54959253,0,36.99569997,36.07497935,0.3466300879,35.05886882,36.89498517,36.99569997,1,1934.752,0.1697,2928.373,39.65214616,221.161852,221.161852,221.8163739,219.0647744,0,100,0,0,0,nan,nan,nan,19.221,0.445,2.045,16.434,39.68984329,4.415,7396.194,39.57376836,39.54959253,optimal,1236,1323,14.0,n/a,39.54959253,39.65214616,39.57376836,39.54959253
gaussian_mi,synthetic_gp_n100,100,13,300,3,1,14,nan,42.98434999,nan,42.81060151,42.81060151,0,39.68531873,38.4730614,0.3849023853,37.34163087,39.41442739,39.68531873,1,2046.313,0.1862,2928.373,42.94477554,221.161852,221.161852,216.9272062,219.0647744,0,100,0,0,0,nan,nan,nan,19.221,0.464,2.045,16.434,42.98434999,4.415,7396.194,42.83803967,42.81060151,optimal,1324,1410,8.2,n/a,42.81060151,42.94477554,42.83803967,42.81060151
gaussian_mi,synthetic_gp_n100,100,14,300,3,1,15,nan,46.27882741,nan,46.05754031,46.05754031,0,42.11359763,40.81708856,0.4046416869,39.71100481,41.74620877,42.11359763,1,2159.960,0.1906,2928.373,46.23574227,221.161852,221.161852,215.1576654,219.0647744,0,100,0,0,0,nan,nan,nan,19.221,0.466,2.045,16.434,46.27882741,4.415,7396.194,46.09297411,46.05754031,optimal,1411,1496,12.7,n/a,46.05754031,46.23574227,46.09297411,46.05754031
gaussian_mi,synthetic_gp_n100,100,15,300,3,1,16,nan,49.57056698,nan,49.2981977,49.2981977,0,44.53043655,43.04203376,0.4612958131,41.63277809,44.17163591,44.53043655,1,2279.182,0.1881,2928.373,49.52470268,221.161852,221.161852,211.3682454,219.0647744,0,100,0,0,0,nan,nan,nan,19.221,0.498,2.045,16.434,49.57056698,4.415,7396.194,49.33558814,49.2981977,optimal,1497,1581,12.6,n/a,49.2981977,49.52470268,49.33558814,49.2981977
gaussian_mi,synthetic_gp_n100,100,16,300,3,1,17,nan,52.86189465,nan,52.53489797,52.53489797,0,46.7748427,45.14162606,0.5133805526,43.71077422,46.69362304,46.7748427,1,2366.739,0.2070,2928.373,52.80542911,221.161852,221.161852,206.4570532,219.0647744,0,100,0,0,0,nan,nan,nan,19.221,0.514,2.045,16.434,52.86189465,4.415,7396.194,52.57324855,52.53489797,optimal,1582,1665,11.6,n/a,52.53489797,52.80542911,52.57324855,52.53489797
gaussian_mi,synthetic_gp_n100,100,17,300,3,1,18,nan,56.14764812,nan,55.75813339,55.75813339,0,49.00834353,47.11005895,0.5126687442,45.78370632,48.38966966,49.00834353,1,2458.619,0.2538,2928.373,56.08380376,221.161852,221.161852,203.5616082,219.0647744,0,100,0,0,0,nan,nan,nan,19.221,0.514,2.045,16.434,56.14764812,4.415,7396.194,55.80142061,55.75813339,optimal,1666,1748,20.8,n/a,55.75813339,56.08380376,55.80142061,55.75813339
gaussian_mi,synthetic_gp_n100,100,18,300,3,1,19,nan,59.43289656,nan,58.9809465,58.9809465,0,51.15890751,49.03105424,0.5468500698,47.39613862,50.59024871,51.15890751,1,2562.401,0.2212,2928.373,59.35981971,221.161852,221.161852,201.0628377,219.0647744,0,100,0,0,0,nan,nan,nan,19.221,0.539,2.045,16.434,59.43289656,4.415,7396.194,59.02362901,58.9809465,optimal,1749,1830,22.2,n/a,58.9809465,59.35981971,59.02362901,58.9809465
gaussian_mi,synthetic_gp_n100,100,19,300,3,1,20,nan,62.71506673,nan,62.19305687,62.19305687,0,53.06699745,50.8102889,0.5940294069,49.17499556,52.52634919,53.06699745,1,2660.128,0.2649,2928.373,62.6346564,221.161852,221.161852,196.001855,219.0647744,0,100,0,0,0,nan,nan,nan,19.221,0.548,2.045,16.434,62.71506673,4.415,7396.194,62.23782625,62.19305687,optimal,1831,1911,33.7,n/a,62.19305687,62.6346564,62.23782625,62.19305687
gaussian_mi,synthetic_gp_n100,100,20,300,3,1,21,nan,65.99693147,nan,65.40493951,65.40493951,0,54.8733922,52.43298268,0.602578506,50.21698447,53.93916691,54.8733922,1,2763.220,0.2879,2928.373,65.9084489,221.161852,221.161852,194.6315681,219.0647744,0,100,0,0,0,nan,nan,nan,19.221,0.586,2.045,16.434,65.99693147,4.415,7396.194,65.44927854,65.40493951,optimal,1912,1991,21.5,n/a,65.40493951,65.9084489,65.44927854,65.40493951
gaussian_mi,synthetic_gp_n100,100,21,300,3,1,22,nan,69.27796766,nan,68.61269702,68.61269702,0,56.58307853,54.10616074,0.6607370599,52.37561049,55.63054268,56.58307853,1,2853.938,0.3294,2928.373,69.1815787,221.161852,221.161852,191.2476319,219.0647744,0,100,0,0,0,nan,nan,nan,19.221,0.580,2.045,16.434,69.27796766,4.415,7396.194,68.65783212,68.61269702,optimal,1992,2070,32.3,n/a,68.61269702,69.1815787,68.65783212,68.61269702
gaussian_mi,synthetic_gp_n100,100,22,300,3,1,23,nan,72.55592607,nan,71.81542063,71.81542063,0,58.2725882,55.59610859,0.6674767958,53.17009645,57.39593546,58.2725882,1,2937.364,0.3035,2928.373,72.45376786,221.161852,221.161852,190.1132469,219.0647744,0,100,0,0,0,nan,nan,nan,19.221,0.626,2.045,16.434,72.55592607,4.415,7396.194,71.86185178,71.81542063,optimal,2071,2148,16.9,n/a,71.81542063,72.45376786,71.86185178,71.81542063
gaussian_mi,synthetic_gp_n100,100,23,300,3,1,24,nan,75.83357145,nan,75.01174145,75.01174145,0,59.93653604,56.91409164,0.7030149122,55.07275699,58.58795394,59.93653604,1,3051.334,0.3969,2928.373,75.72314545,221.161852,221.161852,187.8924752,219.0647744,0,100,0,0,0,nan,nan,nan,19.221,0.623,2.045,16.434,75.83357145,4.415,7396.194,75.06000923,75.01174145,optimal,2149,2225,34.4,n/a,75.01174145,75.72314545,75.06000923,75.01174145
gaussian_mi,synthetic_gp_n100,100,24,300,3,1,25,nan,79.10969219,nan,78.19686306,78.19686306,0,61.49219134,58.29290418,0.6840723892,56.35493214,60.21922936,61.49219134,1,3145.433,0.4293,2928.373,78.98274464,221.161852,221.161852,187.2413007,219.0647744,0,100,0,0,0,nan,nan,nan,19.221,0.656,2.045,16.434,79.10969219,4.415,7396.194,78.24771268,78.19686306,optimal,2226,2301,39.2,n/a,78.19686306,78.98274464,78.24771268,78.19686306
gaussian_mi,synthetic_gp_n100,100,25,300,3,1,26,nan,82.38548932,nan,81.37139796,81.37139796,0,62.98172299,59.56700477,0.7319786737,57.37393338,61.8833675,62.98172299,1,3227.689,0.4834,2928.373,82.23690258,221.161852,221.161852,184.874179,219.0647744,0,100,0,0,0,nan,nan,nan,19.221,0.677,2.045,16.434,82.38548932,4.415,7396.194,81.42033798,81.37139796,optimal,2302,2376,31.7,n/a,81.37139796,82.23690258,81.42033798,81.37139796
gaussian_mi,synthetic_gp_n100,100,26,300,3,1,27,nan,85.660776,nan,84.52835857,84.52835857,0,64.44115685,60.6114715,0.7697680638,58.60223717,62.80828505,64.44115685,1,3313.234,0.5260,2928.373,85.48973119,221.161852,221.161852,183.2667671,219.0647744,0,100,0,0,0,nan,nan,nan,19.221,0.718,2.045,16.434,85.660776,4.415,7396.194,84.5797124,84.52835857,optimal,2377,2450,37.3,n/a,84.52835857,85.48973119,84.5797124,84.52835857
gaussian_mi,synthetic_gp_n100,100,27,300,3,1,28,nan,88.93496289,nan,87.67745118,87.67745118,0,65.69416918,61.80489926,0.7965742861,59.57959279,63.80646647,65.69416918,1,3403.353,0.5443,2928.373,88.73989893,221.161852,221.161852,183.0970857,219.0647744,0,100,0,0,0,nan,nan,nan,19.221,0.743,2.045,16.434,88.93496289,4.415,7396.194,87.73071849,87.67745118,optimal,2451,2523,39.6,n/a,87.67745118,88.73989893,87.73071849,87.67745118
gaussian_mi,synthetic_gp_n100,100,28,300,3,1,29,nan,92.20274515,nan,90.82243861,90.82243861,0,66.92490009,62.69826986,0.8158758803,60.68007507,65.41258668,66.92490009,1,3473.543,0.5708,2928.373,91.98405586,221.161852,221.161852,181.8135503,219.0647744,0,100,0,0,0,nan,nan,nan,19.221,0.769,2.045,16.434,92.20274515,4.415,7396.194,90.87416821,90.82243861,optimal,2524,2595,28.3,n/a,90.82243861,91.98405586,90.87416821,90.82243861
gaussian_mi,synthetic_gp_n100,100,29,300,3,1,30,nan,95.4674587,nan,93.96243929,93.96243929,0,67.88921146,63.61971318,0.897629635,60.65364947,65.9094292,67.88921146,1,3566.300,0.5672,2928.373,95.2203852,221.161852,221.161852,181.6309855,219.0647744,0,100,0,0,0,nan,nan,nan,19.221,0.713,2.045,16.434,95.4674587,4.415,7396.194,94.0134928,93.96243929,optimal,2596,2666,48.4,n/a,93.96243929,95.2203852,94.0134928,93.96243929
gaussian_mi,synthetic_gp_n100,100,30,300,3,1,31,nan,98.72846768,nan,97.09936378,97.09936378,0,68.71402804,64.35110513,0.9156633902,61.83691388,66.70030905,68.71402804,1,3650.108,0.6246,2928.373,98.45602359,221.161852,221.161852,181.6309855,219.0647744,0,100,0,0,0,nan,nan,nan,19.221,0.726,2.045,16.434,98.72846768,4.415,7396.194,97.14831129,97.09936378,optimal,2667,2736,34.5,n/a,97.09936378,98.45602359,97.14831129,97.09936378
gaussian_mi,synthetic_gp_n100,100,31,300,3,1,32,nan,101.9868584,nan,100.232788,100.232788,0,69.5304368,65.12163502,0.9169819597,62.43232691,67.52406754,69.5304368,1,3731.135,0.7005,2928.373,101.6813228,221.161852,221.161852,181.6309855,219.0647744,0,100,0,0,0,nan,nan,nan,19.221,0.712,2.045,16.434,101.9868584,4.415,7396.194,100.2780423,100.232788,optimal,2737,2805,30.4,n/a,100.232788,101.6813228,100.2780423,100.232788
gaussian_mi,synthetic_gp_n100,100,32,300,3,1,33,nan,105.2432356,nan,103.3625298,103.3625298,0,70.31869329,65.81683353,0.9502407369,62.83162768,68.09243646,70.31869329,1,3809.410,0.8436,2928.373,104.8900781,221.161852,221.161852,181.6309855,219.0647744,0,100,0,0,0,nan,nan,nan,19.221,0.816,2.045,16.434,105.2432356,4.415,7396.194,103.403757,103.3625298,optimal,2806,2873,40.1,n/a,103.3625298,104.8900781,103.403757,103.3625298
gaussian_mi,synthetic_gp_n100,100,33,300,3,1,34,nan,108.4901744,nan,106.4777864,106.4777864,0,71.00433206,66.61266173,0.9428899277,62.814181,69.17359978,71.00433206,1,3894.451,0.7759,2928.373,108.0915732,221.161852,221.161852,181.6309855,219.0647744,0,100,0,0,0,nan,nan,nan,19.221,0.788,2.045,16.434,108.4901744,4.415,7396.194,106.5220825,106.4777864,optimal,2874,2940,52.5,n/a,106.4777864,108.0915732,106.5220825,106.4777864
gaussian_mi,synthetic_gp_n100,100,34,300,3,1,35,nan,111.7342092,nan,109.5897317,109.5897317,0,71.67572773,67.17114771,1.027020101,64.2924982,70.48531237,71.67572773,1,3972.896,0.8799,2928.373,111.2836776,221.161852,221.161852,181.6309855,219.0647744,0,100,0,0,0,nan,nan,nan,19.221,0.848,2.045,16.434,111.7342092,4.415,7396.194,109.629372,109.5897317,optimal,2941,3006,54.8,n/a,109.5897317,111.2836776,109.629372,109.5897317
gaussian_mi,synthetic_gp_n100,100,35,300,3,1,36,nan,114.9756012,nan,112.690874,112.690874,0,72.22084202,67.5141436,1.012761352,64.97956876,69.74677433,72.22084202,1,4043.022,0.9269,2928.373,114.473216,221.161852,221.161852,181.6309855,219.0647744,0,100,0,0,0,nan,nan,nan,19.221,1.032,2.045,16.434,114.9756012,4.415,7396.194,112.7303217,112.690874,optimal,3007,3071,57.1,n/a,112.690874,114.473216,112.7303217,112.690874
gaussian_mi,synthetic_gp_n100,100,36,300,3,1,37,nan,118.2162586,nan,115.7884803,115.7884803,0,72.72371691,68.03156441,1.097990544,63.52462429,70.8764771,72.72371691,1,4119.233,1.0186,2928.373,117.6373995,221.161852,221.161852,181.6309855,219.0647744,0,100,0,0,0,nan,nan,nan,19.221,0.940,2.045,16.434,118.2162586,4.415,7396.194,115.82514,115.7884803,optimal,3072,3135,28.3,n/a,115.7884803,117.6373995,115.82514,115.7884803
gaussian_mi,synthetic_gp_n100,100,37,300,3,1,38,nan,121.4529589,nan,118.8833501,118.8833501,0,73.18916548,68.44980014,1.103726788,65.51866019,71.22978689,73.18916548,1,4189.822,1.0708,2928.373,120.7855648,221.161852,221.161852,181.6309855,219.0647744,0,100,0,0,0,nan,nan,nan,19.221,0.931,2.045,16.434,121.4529589,4.415,7396.194,118.9117982,118.8833501,optimal,3136,3198,71.2,n/a,118.8833501,120.7855648,118.9117982,118.8833501
gaussian_mi,synthetic_gp_n100,100,38,300,3,1,39,nan,124.6811022,nan,121.9753386,121.9753386,0,73.61269809,68.68040189,1.112388954,65.4920078,71.75074222,73.61269809,1,4260.857,1.0502,2928.373,123.9146088,221.161852,221.161852,181.6309855,219.0647744,0,100,0,0,0,nan,nan,nan,19.221,0.997,2.045,16.434,124.6811022,4.415,7396.194,121.9931698,121.9753386,optimal,3199,3260,70.7,n/a,121.9753386,123.9146088,121.9931698,121.9753386
gaussian_mi,synthetic_gp_n100,100,39,300,3,1,40,nan,127.9043377,nan,125.0654294,125.0654294,0,74.01221143,68.92228141,1.128958819,65.98203077,71.62476252,74.01221143,1,4328.594,1.1956,2928.373,127.0158033,221.161852,221.161852,181.6309855,219.0647744,0,100,0,0,0,nan,nan,nan,19.221,0.989,2.045,16.434,127.9043377,4.415,7396.194,125.0666263,125.0654294,optimal,3261,3321,61.3,n/a,125.0654294,127.0158033,125.0666263,125.0654294
gaussian_mi,synthetic_gp_n100,100,40,300,3,1,41,nan,131.1271508,nan,128.1460012,128.1460012,0,74.4041668,69.13229448,1.222917904,66.05652703,71.88188287,74.4041668,1,4399.878,1.3209,2928.373,130.0908997,221.161852,221.161852,181.6309855,219.0647744,0,100,0,0,0,nan,nan,nan,19.221,0.939,2.045,16.434,131.1271508,4.415,7396.194,128.1236969,128.1236969,optimal,3322,3381,49.6,n/a,128.1460012,130.0908997,128.1236969,128.1236969
gaussian_mi,synthetic_gp_n100,100,41,300,3,1,42,nan,134.3478088,nan,131.2257101,131.2257101,0,74.75894224,69.4768425,1.216455311,66.40523328,72.52329968,74.75894224,1,4470.030,1.2807,2928.373,133.150128,221.161852,221.161852,181.6309855,219.0647744,0,100,0,0,0,nan,nan,nan,19.221,1.032,2.045,16.434,134.3478088,4.415,7396.194,131.1455185,131.1455185,optimal,3382,3440,57.4,n/a,131.2257101,133.150128,131.1455185,131.1455185
gaussian_mi,synthetic_gp_n100,100,42,300,3,1,43,nan,137.5599191,nan,134.2883311,134.2883311,0,75.0393367,69.57669516,1.237926433,65.84646924,72.91000638,75.0393367,1,4512.689,1.5193,2928.373,136.1913345,221.161852,221.161852,181.6309855,219.0647744,0,100,0,0,0,nan,nan,nan,19.221,1.034,2.045,16.434,137.5599191,4.415,7396.194,134.1383491,134.1383491,optimal,3441,3498,62.3,n/a,134.2883311,136.1913345,134.1383491,134.1383491
gaussian_mi,synthetic_gp_n100,100,43,300,3,1,44,nan,140.7718018,nan,137.3100682,137.3100682,0,75.28885331,69.90423264,1.163161867,66.35014926,73.03047834,75.28885331,1,4575.086,1.5726,2928.373,139.1995943,221.161852,221.161852,181.6309855,219.0647744,0,100,0,0,0,nan,nan,nan,19.221,1.160,2.045,16.434,140.7718018,4.415,7396.194,137.0453059,137.0453059,optimal,3499,3555,67.5,n/a,137.3100682,139.1995943,137.0453059,137.0453059
gaussian_mi,synthetic_gp_n100,100,44,300,3,1,45,nan,143.9795593,nan,140.3150199,140.3150199,0,75.51157331,69.78698411,1.353624007,64.77859996,73.12810844,75.51157331,1,4623.450,1.5488,2928.373,142.165202,221.161852,221.161852,181.6309855,219.0647744,0,100,0,0,0,nan,nan,nan,19.221,1.310,2.045,16.434,143.9795593,4.415,7396.194,139.8930903,139.8930903,optimal,3556,3611,49.1,n/a,140.3150199,142.165202,139.8930903,139.8930903
gaussian_mi,synthetic_gp_n100,100,45,300,3,1,46,nan,147.1822829,nan,143.2431856,143.2431856,0,75.68480779,70.00734676,1.284130273,65.2722011,73.15996828,75.68480779,1,4660.730,1.8149,2928.373,145.1076565,221.161852,221.161852,181.6309855,219.0647744,0,100,0,0,0,nan,nan,nan,19.221,1.254,2.045,16.434,147.1822829,4.415,7396.194,142.6059728,142.6059728,optimal,3612,3666,49.1,n/a,143.2431856,145.1076565,142.6059728,142.6059728
gaussian_mi,synthetic_gp_n100,100,46,300,3,1,47,nan,150.3786037,nan,146.1637849,146.1637849,0,75.84801955,70.07144905,1.374928017,65.76516242,73.67305863,75.84801955,1,4714.522,1.6378,2928.373,147.9442728,221.161852,221.161852,181.6309855,219.0647744,0,100,0,0,0,nan,nan,nan,19.221,1.324,2.045,16.434,150.3786037,4.415,7396.194,145.2392392,145.2392392,optimal,3667,3720,86.4,n/a,146.1637849,147.9442728,145.2392392,145.2392392
gaussian_mi,synthetic_gp_n100,100,47,300,3,1,48,nan,153.5637253,nan,149.0350492,149.0350492,0,76.00617469,70.17058829,1.301390418,64.51760927,73.59483695,76.00617469,1,4756.777,1.7960,2928.373,150.6287207,221.161852,221.161852,181.6309855,219.0647744,0,100,0,0,0,nan,nan,nan,19.221,1.349,2.045,16.434,153.5637253,4.415,7396.194,147.8196295,147.8196295,optimal,3721,3773,63.7,n/a,149.0350492,150.6287207,147.8196295,147.8196295
gaussian_mi,synthetic_gp_n100,100,48,300,3,1,49,nan,156.7397769,nan,151.8835001,151.8835001,0,76.14036832,70.1395271,1.387826154,65.97354045,73.51374115,76.14036832,1,4796.484,1.8894,2928.373,153.1661015,221.161852,221.161852,181.6309855,219.0647744,0,100,0,0,0,nan,nan,nan,19.221,1.285,2.045,16.434,156.7397769,4.415,7396.194,150.3245081,150.3245081,optimal,3774,3825,61.6,n/a,151.8835001,153.1661015,150.3245081,150.3245081
gaussian_mi,synthetic_gp_n100,100,49,300,3,1,50,nan,159.9143118,nan,154.7306562,154.7306562,0,76.21530605,70.16764968,1.327235801,64.96602284,73.09000852,76.21530605,1,4841.774,2.0776,2928.373,155.6032403,221.161852,221.161852,181.6309855,219.0647744,0,100,0,0,0,nan,nan,nan,19.221,1.404,2.045,16.434,159.9143118,4.415,7396.194,152.7598578,152.7598578,optimal,3826,3876,67.6,n/a,154.7306562,155.6032403,152.7598578,152.7598578
gaussian_mi,synthetic_gp_n100,100,50,300,3,1,51,nan,163.0729155,nan,157.5741657,157.5741657,0,76.24709049,70.17928877,1.301928033,66.37841603,74.3323085,76.24709049,1,4876.789,1.8681,2928.373,157.9340397,221.161852,221.161852,181.6309855,219.0647744,0,100,0,0,0,nan,nan,nan,19.221,1.450,2.045,16.434,163.0729155,4.415,7396.194,155.0833716,155.0833716,optimal,3877,3926,49.7,n/a,157.5741657,157.9340397,155.0833716,155.0833716
gaussian_mi,synthetic_gp_n100,100,1,300,4,1,2,3.344275036,3.344275036,nan,3.344275036,3.344275036,0,3.344275036,3.344275036,2.257501735e-07,3.344275036,3.344275036,3.344275036,1,349.010,0.1290,2930.862,3.344275036,216.2611111,216.2611111,220.7007946,218.871622,0,100,0,0,0,nan,nan,nan,16.056,0.361,2.084,16.228,3.344275036,4.432,7430.070,3.344275036,3.344275036,optimal,202,300,5.8,pass,3.344275036,3.344275036,3.344275036,3.344275036
gaussian_mi,synthetic_gp_n100,100,2,300,4,1,3,6.656783054,6.688083134,nan,6.67023902,6.67023902,0,6.655770065,6.64894411,0.008064195094,6.640152404,6.656783054,6.656783054,1,513.359,0.0845,2930.862,6.686943116,216.2611111,216.2611111,220.7007946,218.871622,0,100,0,0,0,nan,nan,nan,16.056,0.336,2.084,16.228,6.688083134,4.432,7430.070,6.674236134,6.67023902,optimal,301,398,2.0,pass,6.67023902,6.686943116,6.674236134,6.67023902
gaussian_mi,synthetic_gp_n100,100,3,300,4,1,4,9.952176991,10.03086985,nan,9.984565789,9.984565789,0,9.950765416,9.934843937,0.0122344338,9.911777007,9.952176991,9.952176991,1,680.536,0.1166,2930.862,10.01501133,216.2611111,216.2611111,220.7007946,218.871622,0,100,0,0,0,nan,nan,nan,16.056,0.359,2.084,16.228,10.03086985,4.432,7430.070,9.996319132,9.984565789,optimal,399,495,2.6,pass,9.984565789,10.01501133,9.996319132,9.984565789
gaussian_mi,synthetic_gp_n100,100,4,300,4,1,5,nan,13.35683383,nan,13.29332604,13.29332604,0,13.22808278,13.16023068,0.03991480114,13.09540093,13.22949428,13.22949428,1,843.295,0.1096,2930.862,13.33516252,216.2611111,216.2611111,220.7007946,218.871622,0,100,0,0,0,nan,nan,nan,16.056,0.358,2.084,16.228,13.35683383,4.432,7430.070,13.30829304,13.29332604,optimal,496,591,9.0,n/a,13.29332604,13.33516252,13.30829304,13.29332604
gaussian_mi,synthetic_gp_n100,100,5,300,4,1,6,nan,16.67813586,nan,16.60188282,16.60188282,0,16.41596072,16.28615317,0.06595392406,16.09049424,16.41633172,16.41633172,1,994.904,0.1301,2930.862,16.64581526,216.2611111,216.2611111,220.7007946,218.871622,0,100,0,0,0,nan,nan,nan,16.056,0.365,2.084,16.228,16.67813586,4.432,7430.070,16.61692422,16.60188282,optimal,592,686,3.4,n/a,16.60188282,16.64581526,16.61692422,16.60188282
gaussian_mi,synthetic_gp_n100,100,6,300,4,1,7,nan,19.99246263,nan,19.90810553,19.90810553,0,19.56485244,19.37345612,0.08036127639,19.15315637,19.55185492,19.56485244,1,1150.983,0.1252,2930.862,19.95353087,216.2611111,216.2611111,220.7007946,218.871622,0,100,0,0,0,nan,nan,nan,16.056,0.364,2.084,16.228,19.99246263,4.432,7430.070,19.92474276,19.90810553,optimal,687,780,3.2,n/a,19.90810553,19.95353087,19.92474276,19.90810553
gaussian_mi,synthetic_gp_n100,100,7,300,4,1,8,nan,23.30518219,nan,23.20841044,23.20841044,0,22.61350174,22.36210753,0.106884494,22.04593184,22.61696626,22.61696626,1,1299.087,0.1063,2930.862,23.25871953,216.2611111,216.2611111,220.7007946,218.871622,0,100,0,0,0,nan,nan,nan,16.056,0.382,2.084,16.228,23.30518219,4.432,7430.070,23.22605743,23.20841044,optimal,781,873,5.3,n/a,23.20841044,23.25871953,23.22605743,23.20841044
gaussian_mi,synthetic_gp_n100,100,8,300,4,1,9,nan,26.61394244,nan,26.4935436,26.4935436,0,25.66147452,25.27035841,0.1570335029,24.75819043,25.6091036,25.66147452,1,1434.474,0.1163,2930.862,26.55789947,216.2611111,216.2611111,220.7007946,218.871622,0,100,0,0,0,nan,nan,nan,16.056,0.373,2.084,16.228,26.61394244,4.432,7430.070,26.51961299,26.4935436,optimal,874,965,8.8,n/a,26.4935436,26.55789947,26.51961299,26.4935436
gaussian_mi,synthetic_gp_n100,100,9,300,4,1,10,nan,29.92249922,nan,29.77691904,29.77691904,0,28.65102237,28.06965552,0.1975414085,27.22999865,28.53175923,28.65102237,1,1548.998,0.1080,2930.862,29.85387637,216.2611111,216.2611111,220.7007946,218.871622,0,100,0,0,0,nan,nan,nan,16.056,0.412,2.084,16.228,29.92249922,4.432,7430.070,29.80348407,29.77691904,optimal,966,1056,13.7,n/a,29.77691904,29.85387637,29.80348407,29.77691904
gaussian_mi,synthetic_gp_n100,100,10,300,4,1,11,nan,33.23000431,nan,33.05440586,33.05440586,0,31.3227893,30.7495497,0.2501029779,30.04793291,31.41388813,31.41388813,1,1667.785,0.1635,2930.862,33.14820743,216.2611111,216.2611111,220.7007946,218.871622,0,100,0,0,0,nan,nan,nan,16.056,0.418,2.084,16.228,33.23000431,4.432,7430.070,33.08488937,33.05440586,optimal,1057,1146,7.0,n/a,33.05440586,33.14820743,33.08488937,33.05440586
gaussian_mi,synthetic_gp_n100,100,11,300,4,1,12,nan,36.53622702,nan,36.32965432,36.32965432,0,33.9492418,33.27425204,0.2948121461,32.4544068,33.98540674,33.98540674,1,1799.863,0.1984,2930.862,36.44055933,216.2611111,216.2611111,220.7007946,218.871622,0,100,0,0,0,nan,nan,nan,16.056,0.463,2.084,16.228,36.53622702,4.432,7430.070,36.35946672,36.32965432,optimal,1147,1235,8.6,n/a,36.32965432,36.44055933,36.35946672,36.32965432
gaussian_mi,synthetic_gp_n100,100,12,300,4,1,13,nan,39.83710405,nan,39.5951703,39.5951703,0,36.56926062,35.77105294,0.3273424578,34.7441929,36.60509719,36.60509719,1,1927.748,0.1469,2930.862,39.73178625,216.2611111,216.2611111,218.9046535,218.871622,0,100,0,0,0,nan,nan,nan,16.056,0.473,2.084,16.228,39.83710405,4.432,7430.070,39.62802172,39.5951703,optimal,1236,1323,9.3,n/a,39.5951703,39.73178625,39.62802172,39.5951703
gaussian_mi,synthetic_gp_n100,100,13,300,4,1,14,nan,43.13779767,nan,42.84700892,42.84700892,0,39.05825012,38.18907176,0.3523700567,37.13005855,39.21582327,39.21582327,1,2050.385,0.1698,2930.862,43.0214534,216.2611111,216.2611111,214.5252898,218.871622,0,100,0,0,0,nan,nan,nan,16.056,0.450,2.084,16.228,43.13779767,4.432,7430.070,42.88630878,42.84700892,optimal,1324,1410,9.2,n/a,42.84700892,43.0214534,42.88630878,42.84700892
gaussian_mi,synthetic_gp_n100,100,14,300,4,1,15,nan,46.43810258,nan,46.09865256,46.09865256,0,41.51328293,40.43611588,0.3683068985,39.49865789,41.48257817,41.51328293,1,2166.114,0.2111,2930.862,46.30746711,216.2611111,216.2611111,210.7870769,218.871622,0,100,0,0,0,nan,nan,nan,16.056,0.477,2.084,16.228,46.43810258,4.432,7430.070,46.13419757,46.09865256,optimal,1411,1496,13.4,n/a,46.09865256,46.30746711,46.13419757,46.09865256
gaussian_mi,synthetic_gp_n100,100,15,300,4,1,16,nan,49.7363425,nan,49.34532211,49.34532211,0,43.77851681,42.57362352,0.4337226735,41.35256175,43.79984309,43.79984309,1,2270.520,0.2285,2930.862,49.59009602,216.2611111,216.2611111,210.0976698,218.871622,0,100,0,0,0,nan,nan,nan,16.056,0.558,2.084,16.228,49.7363425,4.432,7430.070,49.37770581,49.34532211,optimal,1497,1581,20.6,n/a,49.34532211,49.59009602,49.37770581,49.34532211
gaussian_mi,synthetic_gp_n100,100,16,300,4,1,17,nan,53.03394496,nan,52.58870541,52.58870541,0,45.99965219,44.68906841,0.4288253309,43.42819081,45.81069985,45.99965219,1,2373.167,0.2233,2930.862,52.86876301,216.2611111,216.2611111,202.3011003,218.871622,0,100,0,0,0,nan,nan,nan,16.056,0.552,2.084,16.228,53.03394496,4.432,7430.070,52.6208589,52.58870541,optimal,1582,1665,11.9,n/a,52.58870541,52.86876301,52.6208589,52.58870541
gaussian_mi,synthetic_gp_n100,100,17,300,4,1,18,nan,56.32439603,nan,55.83103548,55.83103548,0,48.19277849,46.63879594,0.4914894924,45.12351257,47.79093517,48.19277849,1,2460.509,0.2522,2930.862,56.14187933,216.2611111,216.2611111,198.9382092,218.871622,0,100,0,0,0,nan,nan,nan,16.056,0.542,2.084,16.228,56.32439603,4.432,7430.070,55.8615638,55.83103548,optimal,1666,1748,26.8,n/a,55.83103548,56.14187933,55.8615638,55.83103548
gaussian_mi,synthetic_gp_n100,100,18,300,4,1,19,nan,59.61028209,nan,59.05644042,59.05644042,0,50.32418785,48.50973635,0.5243659269,47.11722011,50.12693775,50.32418785,1,2552.854,0.2642,2930.862,59.4065436,216.2611111,216.2611111,192.3947398,218.871622,0,100,0,0,0,nan,nan,nan,16.056,0.560,2.084,16.228,59.61028209,4.432,7430.070,59.09178429,59.05644042,optimal,1749,1830,27.9,n/a,59.05644042,59.4065436,59.09178429,59.05644042
gaussian_mi,synthetic_gp_n100,100,19,300,4,1,20,nan,62.89541525,nan,62.28005736,62.28005736,0,52.41991791,50.22921258,0.5924880524,48.50572403,51.72043208,52.41991791,1,2643.516,0.2621,2930.862,62.66612161,216.2611111,216.2611111,188.4114133,218.871622,0,100,0,0,0,nan,nan,nan,16.056,0.578,2.084,16.228,62.89541525,4.432,7430.070,62.31469191,62.28005736,optimal,1831,1911,12.9,n/a,62.28005736,62.66612161,62.31469191,62.28005736
gaussian_mi,synthetic_gp_n100,100,20,300,4,1,21,nan,66.17901143,nan,65.49621596,65.49621596,0,54.36858015,51.86290486,0.6297256756,50.21468946,53.71603333,54.36858015,1,2746.593,0.4181,2930.862,65.92102515,216.2611111,216.2611111,186.3205424,218.871622,0,100,0,0,0,nan,nan,nan,16.056,0.593,2.084,16.228,66.17901143,4.432,7430.070,65.53424495,65.49621596,optimal,1912,1991,21.6,n/a,65.49621596,65.92102515,65.53424495,65.49621596
gaussian_mi,synthetic_gp_n100,100,21,300,4,1,22,nan,69.46238686,nan,68.71032685,68.71032685,0,56.26784144,53.37621506,0.6697231569,51.63775159,55.13421775,56.26784144,1,2833.773,0.3454,2930.862,69.16613347,216.2611111,216.2611111,184.6125327,218.871622,0,100,0,0,0,nan,nan,nan,16.056,0.605,2.084,16.228,69.46238686,4.432,7430.070,68.74543309,68.71032685,optimal,1992,2070,22.3,n/a,68.71032685,69.16613347,68.74543309,68.71032685
gaussian_mi,synthetic_gp_n100,100,22,300,4,1,23,nan,72.7420452,nan,71.91976366,71.91976366,0,57.80990796,54.84363701,0.7549003314,52.5131457,56.79030916,57.80990796,1,2924.528,0.3339,2930.862,72.40700249,216.2611111,216.2611111,182.7390699,218.871622,0,100,0,0,0,nan,nan,nan,16.056,0.617,2.084,16.228,72.7420452,4.432,7430.070,71.95451255,71.91976366,optimal,2071,2148,32.4,n/a,71.91976366,72.40700249,71.95451255,71.91976366
gaussian_mi,synthetic_gp_n100,100,23,300,4,1,24,nan,76.01953202,nan,75.1290232,75.1290232,0,59.20845466,56.25618128,0.6907806629,54.26140163,58.21944365,59.20845466,1,3028.917,0.3918,2930.862,75.64455861,216.2611111,216.2611111,182.0296776,218.871622,0,100,0,0,0,nan,nan,nan,16.056,0.636,2.084,16.228,76.01953202,4.432,7430.070,75.16103171,75.1290232,optimal,2149,2225,24.4,n/a,75.1290232,75.64455861,75.16103171,75.1290232
gaussian_mi,synthetic_gp_n100,100,24,300,4,1,25,nan,79.2953805,nan,78.3341892,78.3341892,0,60.60583806,57.5180094,0.7516947839,55.25851533,59.52139082,60.60583806,1,3112.709,0.4149,2930.862,78.87671952,216.2611111,216.2611111,180.9865882,218.871622,0,100,0,0,0,nan,nan,nan,16.056,0.683,2.084,16.228,79.2953805,4.432,7430.070,78.36536067,78.3341892,optimal,2226,2301,39.3,n/a,78.3341892,78.87671952,78.36536067,78.3341892
gaussian_mi,synthetic_gp_n100,100,25,300,4,1,26,nan,82.57062896,nan,81.53602642,81.53602642,0,61.85490997,58.56174938,0.7979254652,56.57259884,60.86494008,61.85490997,1,3203.180,0.4966,2930.862,82.09733435,216.2611111,216.2611111,179.8918521,218.871622,0,100,0,0,0,nan,nan,nan,16.056,0.710,2.084,16.228,82.57062896,4.432,7430.070,81.56706222,81.53602642,optimal,2302,2376,37.4,n/a,81.53602642,82.09733435,81.56706222,81.53602642
gaussian_mi,synthetic_gp_n100,100,26,300,4,1,27,nan,85.84266441,nan,84.73779579,84.73779579,0,62.9421321,59.72872887,0.7966164581,57.28112463,62.05329564,62.9421321,1,3291.697,0.4979,2930.862,85.3134383,216.2611111,216.2611111,179.8918521,218.871622,0,100,0,0,0,nan,nan,nan,16.056,0.696,2.084,16.228,85.84266441,4.432,7430.070,84.76752061,84.73779579,optimal,2377,2450,24.4,n/a,84.73779579,85.3134383,84.76752061,84.73779579
gaussian_mi,synthetic_gp_n100,100,27,300,4,1,28,nan,89.10818038,nan,87.91535211,87.91535211,0,64.01440308,60.78388418,0.8221021181,58.68113376,62.95386312,64.01440308,1,3381.771,0.4836,2930.862,88.52677163,216.2611111,216.2611111,179.8918521,218.871622,0,100,0,0,0,nan,nan,nan,16.056,0.763,2.084,16.228,89.10818038,4.432,7430.070,87.96146959,87.91535211,optimal,2451,2523,37.9,n/a,87.91535211,88.52677163,87.96146959,87.91535211
gaussian_mi,synthetic_gp_n100,100,28,300,4,1,29,nan,92.3665893,nan,91.08461723,91.08461723,0,65.05430498,61.49237955,0.8604961521,59.36876166,63.60647206,65.05430498,1,3479.618,0.5409,2930.862,91.73884041,216.2611111,216.2611111,179.5387245,218.871622,0,100,0,0,0,nan,nan,nan,16.056,0.909,2.084,16.228,92.3665893,4.432,7430.070,91.13130213,91.08461723,optimal,2524,2595,54.3,n/a,91.08461723,91.73884041,91.13130213,91.08461723
gaussian_mi,synthetic_gp_n100,100,29,300,4,1,30,nan,95.61842792,nan,94.25293825,94.25293825,0,65.983136,62.39695254,0.930699923,59.83736591,64.57913266,65.983136,1,3574.616,0.6328,2930.862,94.94774891,216.2611111,216.2611111,179.5387245,218.871622,0,100,0,0,0,nan,nan,nan,16.056,0.882,2.084,16.228,95.61842792,4.432,7430.070,94.2978144,94.25293825,optimal,2596,2666,39.1,n/a,94.25293825,94.94774891,94.2978144,94.25293825
gaussian_mi,synthetic_gp_n100,100,30,300,4,1,31,nan,98.87007157,nan,97.39770091,97.39770091,0,66.89955933,63.20033159,0.8513525669,61.18033394,65.67012057,66.89955933,1,3667.838,0.6720,2930.862,98.14823375,216.2611111,216.2611111,179.5387245,218.871622,0,100,0,0,0,nan,nan,nan,16.056,0.801,2.084,16.228,98.87007157,4.432,7430.070,97.44684716,97.39770091,optimal,2667,2736,40.6,n/a,97.39770091,98.14823375,97.44684716,97.39770091
gaussian_mi,synthetic_gp_n100,100,31,300,4,1,32,nan,102.1167411,nan,100.5368851,100.5368851,0,67.80253027,63.71224372,0.9458214053,61.39466034,66.40700101,67.80253027,1,3740.443,0.6550,2930.862,101.3486258,216.2611111,216.2611111,179.5387245,218.871622,0,100,0,0,0,nan,nan,nan,16.056,0.815,2.084,16.228,102.1167411,4.432,7430.070,100.585976,100.5368851,optimal,2737,2805,54.8,n/a,100.5368851,101.3486258,100.585976,100.5368851
gaussian_mi,synthetic_gp_n100,100,32,300,4,1,33,nan,105.3604147,nan,103.6691872,103.6691872,0,68.70328041,64.4924196,0.9011907563,61.92486019,67.03851175,68.70328041,1,3816.937,0.7736,2930.862,104.5446828,216.2611111,216.2611111,179.5387245,218.871622,0,100,0,0,0,nan,nan,nan,16.056,0.847,2.084,16.228,105.3604147,4.432,7430.070,103.719215,103.6691872,optimal,2806,2873,72.1,n/a,103.6691872,104.5446828,103.719215,103.6691872
gaussian_mi,synthetic_gp_n100,100,33,300,4,1,34,nan,108.603798,nan,106.7909025,106.7909025,0,69.54103642,64.88489317,0.9541964889,61.60549884,67.52407346,69.54103642,1,3889.853,0.8524,2930.862,107.7344257,216.2611111,216.2611111,179.5387245,218.871622,0,100,0,0,0,nan,nan,nan,16.056,0.896,2.084,16.228,108.603798,4.432,7430.070,106.8363728,106.7909025,optimal,2874,2940,71.9,n/a,106.7909025,107.7344257,106.8363728,106.7909025
gaussian_mi,synthetic_gp_n100,100,34,300,4,1,35,nan,111.8461281,nan,109.9110854,109.9110854,0,70.21539924,65.43782255,0.9519214062,62.94352489,68.14684634,70.21539924,1,3965.604,0.8190,2930.862,110.9196526,216.2611111,216.2611111,179.5387245,218.871622,0,100,0,0,0,nan,nan,nan,16.056,0.912,2.084,16.228,111.8461281,4.432,7430.070,109.945818,109.9110854,optimal,2941,3006,73.1,n/a,109.9110854,110.9196526,109.945818,109.9110854
gaussian_mi,synthetic_gp_n100,100,35,300,4,1,36,nan,115.0818453,nan,113.0245808,113.0245808,0,70.79985406,65.9377607,1.023896038,62.95501231,68.36575488,70.79985406,1,4045.228,0.9414,2930.862,114.1013783,216.2611111,216.2611111,179.5387245,218.871622,0,100,0,0,0,nan,nan,nan,16.056,1.032,2.084,16.228,115.0818453,4.432,7430.070,113.0523888,113.0245808,optimal,3007,3071,63.1,n/a,113.0245808,114.1013783,113.0523888,113.0245808
gaussian_mi,synthetic_gp_n100,100,36,300,4,1,37,nan,118.3072502,nan,116.1377739,116.1377739,0,71.35006474,66.31111728,0.9887433354,63.42040662,69.0608538,71.35006474,1,4113.180,0.9172,2930.862,117.2664132,216.2611111,216.2611111,179.5387245,218.871622,0,100,0,0,0,nan,nan,nan,16.056,0.942,2.084,16.228,118.3072502,4.432,7430.070,116.1252037,116.1252037,optimal,3072,3135,63.0,n/a,116.1377739,117.2664132,116.1252037,116.1252037
gaussian_mi,synthetic_gp_n100,100,37,300,4,1,38,nan,121.5324353,nan,119.2099824,119.2099824,0,71.74651283,66.65548617,1.148020172,63.0303043,69.42072643,71.74651283,1,4192.249,1.0135,2930.862,120.4125527,216.2611111,216.2611111,179.5387245,218.871622,0,100,0,0,0,nan,nan,nan,16.056,0.971,2.084,16.228,121.5324353,4.432,7430.070,119.1805136,119.1805136,optimal,3136,3198,71.3,n/a,119.2099824,120.4125527,119.1805136,119.1805136
gaussian_mi,synthetic_gp_n100,100,38,300,4,1,39,nan,124.7560522,nan,122.2716644,122.2716644,0,72.1397332,67.02167563,1.143547486,61.84419022,70.57510887,72.1397332,1,4261.050,1.0973,2930.862,123.5439769,216.2611111,216.2611111,179.5387245,218.871622,0,100,0,0,0,nan,nan,nan,16.056,1.045,2.084,16.228,124.7560522,4.432,7430.070,122.2068548,122.2068548,optimal,3199,3260,66.6,n/a,122.2716644,123.5439769,122.2068548,122.2068548
gaussian_mi,synthetic_gp_n100,100,39,300,4,1,40,nan,127.9786955,nan,125.3278273,125.3278273,0,72.44408414,67.16438955,1.056982262,63.86901067,69.85453117,72.44408414,1,4326.434,1.0496,2930.862,126.656141,216.2611111,216.2611111,179.5387245,218.871622,0,100,0,0,0,nan,nan,nan,16.056,0.994,2.084,16.228,127.9786955,4.432,7430.070,125.2050785,125.2050785,optimal,3261,3321,63.9,n/a,125.3278273,126.656141,125.2050785,125.2050785
gaussian_mi,synthetic_gp_n100,100,40,300,4,1,41,nan,131.197273,nan,128.3813667,128.3813667,0,72.72167768,67.33701987,1.162382369,63.40495632,70.58777001,72.72167768,1,4383.189,1.3142,2930.862,129.7190141,216.2611111,216.2611111,179.5387245,218.871622,0,100,0,0,0,nan,nan,nan,16.056,1.128,2.084,16.228,131.197273,4.432,7430.070,128.179112,128.179112,optimal,3322,3381,79.2,n/a,128.3813667,129.7190141,128.179112,128.179112
gaussian_mi,synthetic_gp_n100,100,41,300,4,1,42,nan,134.4134316,nan,131.4329764,131.4329764,0,72.99708593,67.53296268,1.033548847,64.73853016,70.3653351,72.99708593,1,4440.099,1.3060,2930.862,132.7598083,216.2611111,216.2611111,179.5387245,218.871622,0,100,0,0,0,nan,nan,nan,16.056,1.166,2.084,16.228,134.4134316,4.432,7430.070,131.1392644,131.1392644,optimal,3382,3440,71.4,n/a,131.4329764,132.7598083,131.1392644,131.1392644
gaussian_mi,synthetic_gp_n100,100,42,300,4,1,43,nan,137.6275425,nan,134.4711791,134.4711791,0,73.12824529,67.80942205,1.188063036,63.82231215,70.91055454,73.12824529,1,4488.118,1.5456,2930.862,135.7684928,216.2611111,216.2611111,179.5387245,218.871622,0,100,0,0,0,nan,nan,nan,16.056,1.183,2.084,16.228,137.6275425,4.432,7430.070,134.067256,134.067256,optimal,3441,3498,54.9,n/a,134.4711791,135.7684928,134.067256,134.067256
gaussian_mi,synthetic_gp_n100,100,43,300,4,1,44,nan,140.8369793,nan,137.4763072,137.4763072,0,73.25287057,67.78823232,1.13163882,64.47437235,71.02292576,73.25287057,1,4532.265,1.5354,2930.862,138.6875347,216.2611111,216.2611111,179.5387245,218.871622,0,100,0,0,0,nan,nan,nan,16.056,1.162,2.084,16.228,140.8369793,4.432,7430.070,136.9779946,136.9779946,optimal,3499,3555,63.7,n/a,137.4763072,138.6875347,136.9779946,136.9779946
gaussian_mi,synthetic_gp_n100,100,44,300,4,1,45,nan,144.0462389,nan,140.4725222,140.4725222,0,73.35665611,68.00636994,1.307728252,64.43666641,71.24616313,73.35665611,1,4580.381,1.4700,2930.862,141.5344327,216.2611111,216.2611111,179.5387245,218.871622,0,100,0,0,0,nan,nan,nan,16.056,1.293,2.084,16.228,144.0462389,4.432,7430.070,139.8451084,139.8451084,optimal,3556,3611,86.0,n/a,140.4725222,141.5344327,139.8451084,139.8451084
gaussian_mi,synthetic_gp_n100,100,45,300,4,1,46,nan,147.2554617,nan,143.4610464,143.4610464,0,73.44789055,68.01172607,1.169284246,63.46712381,71.16684455,73.44789055,1,4635.356,1.6069,2930.862,144.3648631,216.2611111,216.2611111,179.5387245,218.871622,0,100,0,0,0,nan,nan,nan,16.056,1.311,2.084,16.228,147.2554617,4.432,7430.070,142.6698291,142.6698291,optimal,3612,3666,67.2,n/a,143.4610464,144.3648631,142.6698291,142.6698291
gaussian_mi,synthetic_gp_n100,100,46,300,4,1,47,nan,150.4616014,nan,146.4328103,146.4328103,0,73.5334947,68.2045814,1.263514962,64.04666675,71.95270863,73.5334947,1,4687.869,1.7106,2930.862,147.1763205,216.2611111,216.2611111,179.5387245,218.871622,0,100,0,0,0,nan,nan,nan,16.056,1.190,2.084,16.228,150.4616014,4.432,7430.070,145.4429778,145.4429778,optimal,3667,3720,53.1,n/a,146.4328103,147.1763205,145.4429778,145.4429778
gaussian_mi,synthetic_gp_n100,100,47,300,4,1,48,nan,153.6667673,nan,149.3890298,149.3890298,0,73.6026828,68.09835468,1.288868271,64.64860868,71.27418072,73.6026828,1,4738.698,1.7353,2930.862,149.9779315,216.2611111,216.2611111,179.5387245,218.871622,0,100,0,0,0,nan,nan,nan,16.056,1.196,2.084,16.228,153.6667673,4.432,7430.070,148.120962,148.120962,optimal,3721,3773,71.3,n/a,149.3890298,149.9779315,148.120962,148.120962
gaussian_mi,synthetic_gp_n100,100,48,300,4,1,49,nan,156.8686046,nan,152.2291307,152.3299631,1,73.64630695,68.20262576,1.2505905,63.66833494,70.60406512,73.64630695,1,4778.289,1.9402,2930.862,152.7188455,216.2611111,216.2611111,179.5387245,218.871622,0,100,0,0,0,nan,nan,nan,16.056,1.270,2.084,16.228,156.8686046,4.432,7430.070,150.6684099,150.6684099,optimal,3774,3825,42.5,n/a,152.2291307,152.7188455,150.6684099,150.6684099
gaussian_mi,synthetic_gp_n100,100,49,300,4,1,50,nan,160.0703739,nan,154.9475572,155.256266,1,73.67321831,68.26531261,1.207852584,65.09506617,71.34032723,73.67321831,1,4823.973,2.0343,2930.862,155.4017126,216.2611111,216.2611111,179.5387245,218.871622,0,100,0,0,0,nan,nan,nan,16.056,1.185,2.084,16.228,160.0703739,4.432,7430.070,153.1223827,153.1223827,optimal,3826,3876,42.0,n/a,154.9475572,155.4017126,153.1223827,153.1223827
gaussian_mi,synthetic_gp_n100,100,50,300,4,1,51,nan,163.2707597,nan,157.5788154,158.1747753,1,73.67853858,68.37070595,1.281563723,64.16358355,71.58497371,73.67853858,1,4859.279,1.9944,2930.862,157.8287944,216.2611111,216.2611111,179.5387245,218.871622,0,100,0,0,0,nan,nan,nan,16.056,1.198,2.084,16.228,163.2707597,4.432,7430.070,155.3403195,155.3403195,optimal,3877,3926,36.0,n/a,157.5788154,157.8287944,155.3403195,155.3403195
