problem,label,instance,n,seed,k,opt,best_found,greedy,rg_mean,monotone_flag,min_f_a_V_minus_a,m3lit_status,m3fav_status,m3lit_infeasible,m3fav_infeasible,ref_kind,m1_bound,m1_violated,m1_severity,m1_mislead_greedy,m1_mislead_rg_mean,m1_mislead_best_found,m2_bound,m2_violated,m2_severity,m2_mislead_greedy,m2_mislead_rg_mean,m2_mislead_best_found,m3lit_bound,m3lit_violated,m3lit_severity,m3lit_mislead_greedy,m3lit_mislead_rg_mean,m3lit_mislead_best_found,m3fav_bound,m3fav_violated,m3fav_severity,m3fav_mislead_greedy,m3fav_mislead_rg_mean,m3fav_mislead_best_found,a1_bound,a1_violated,a1_severity,a1_mislead_greedy,a1_mislead_rg_mean,a1_mislead_best_found,a2_bound,a2_violated,a2_severity,a2_mislead_greedy,a2_mislead_rg_mean,a2_mislead_best_found,topk_bound,topk_violated,topk_severity,topk_mislead_greedy,topk_mislead_rg_mean,topk_mislead_best_found,marginal_bound,marginal_violated,marginal_severity,marginal_mislead_greedy,marginal_mislead_rg_mean,marginal_mislead_best_found,nmdual_bound,nmdual_violated,nmdual_severity,nmdual_mislead_greedy,nmdual_mislead_rg_mean,nmdual_mislead_best_found,b2_bound,b2_violated,b2_severity,b2_mislead_greedy,b2_mislead_rg_mean,b2_mislead_best_found,hybrid_bound,hybrid_violated,hybrid_severity,hybrid_mislead_greedy,hybrid_mislead_rg_mean,hybrid_mislead_best_found
log_det,wine_n100_alpha3,winequality-red_n100_alpha3,100,0,1,1.099611789,1.099611789,1.099611789,1.099611789,0,-5.198440944,solved (0.1 s),solved (0.3 s),1,0,opt,1.099611789,0.0,0.0,0.0,0.0,0.0,1.099611789,0.0,0.0,0.0,0.0,0.0,,,,,,,-217.70929101650796,1.0,198.98741082477426,1.0,1.0,1.0,1.099611789,0.0,0.0,0.0,0.0,0.0,1.099611789,0.0,0.0,0.0,0.0,0.0,1.099611789,0.0,0.0,0.0,0.0,0.0,1.099611789,0.0,0.0,0.0,0.0,0.0,1.099611789,0.0,0.0,0.0,0.0,0.0,1.099611789,0.0,0.0,0.0,0.0,0.0,1.099611789,0.0,0.0,0.0,0.0,0.0
log_det,wine_n100_alpha3,winequality-red_n100_alpha3,100,0,2,2.199054513,2.199054513,2.196920915,2.189597222,0,-5.198440944,solved (0.1 s),solved (0.3 s),1,0,opt,1.367384603,1.0,0.3781943126391246,1.0,1.0,1.0,2.199223578,0.0,0.0,0.0,0.0,0.0,,,,,,,-217.70929101650796,1.0,100.00131612449388,1.0,1.0,1.0,2.199223578,0.0,0.0,0.0,0.0,0.0,1.367384603,1.0,0.3781943126391246,1.0,1.0,1.0,2.199223578,0.0,0.0,0.0,0.0,0.0,2.199223578,0.0,0.0,0.0,0.0,0.0,2.199223578,0.0,0.0,0.0,0.0,0.0,2.199223578,0.0,0.0,0.0,0.0,0.0,2.199223578,0.0,0.0,0.0,0.0,0.0
log_det,wine_n100_alpha3,winequality-red_n100_alpha3,100,0,3,3.297626001,3.297626001,3.277354116,3.245994285,0,-5.198440944,solved (0.1 s),solved (0.3 s),1,0,opt,1.367384603,1.0,0.5853427275908963,1.0,1.0,1.0,3.298835367,0.0,0.0,0.0,0.0,0.0,,,,,,,-217.70929101650796,1.0,67.0200068020109,1.0,1.0,1.0,3.298835367,0.0,0.0,0.0,0.0,0.0,1.367384603,1.0,0.5853427275908963,1.0,1.0,1.0,3.298835367,0.0,0.0,0.0,0.0,0.0,3.298835367,0.0,0.0,0.0,0.0,0.0,3.298835367,0.0,0.0,0.0,0.0,0.0,3.298835367,0.0,0.0,0.0,0.0,0.0,3.298835367,0.0,0.0,0.0,0.0,0.0
log_det,wine_n100_alpha3,winequality-red_n100_alpha3,100,0,4,,4.361788953,4.297660274,4.225322172,0,-5.198440944,solved (0.1 s),solved (0.3 s),1,0,best_found,1.367384603,1.0,0.6865083070881902,1.0,1.0,1.0,4.398447156,0.0,0.0,0.0,0.0,0.0,,,,,,,-217.70929101650796,1.0,50.912843872643,1.0,1.0,1.0,4.398447156,0.0,0.0,0.0,0.0,0.0,1.367384603,1.0,0.6865083070881902,1.0,1.0,1.0,4.398447156,0.0,0.0,0.0,0.0,0.0,4.398447156,0.0,0.0,0.0,0.0,0.0,4.398447156,0.0,0.0,0.0,0.0,0.0,4.398447156,0.0,0.0,0.0,0.0,0.0,4.398447156,0.0,0.0,0.0,0.0,0.0
log_det,wine_n100_alpha3,winequality-red_n100_alpha3,100,0,5,,5.353396487,5.291452846,5.08983407,0,-5.198440944,solved (0.1 s),solved (0.3 s),1,0,best_found,1.367384603,1.0,0.7445762505503732,1.0,1.0,1.0,5.498058945,0.0,0.0,0.0,0.0,0.0,,,,,,,-217.70929101650796,1.0,41.66750735634574,1.0,1.0,1.0,5.498058945,0.0,0.0,0.0,0.0,0.0,1.367384603,1.0,0.7445762505503732,1.0,1.0,1.0,5.498058945,0.0,0.0,0.0,0.0,0.0,5.498058945,0.0,0.0,0.0,0.0,0.0,5.498058945,0.0,0.0,0.0,0.0,0.0,5.498058945,0.0,0.0,0.0,0.0,0.0,5.498058945,0.0,0.0,0.0,0.0,0.0
log_det,wine_n100_alpha3,winequality-red_n100_alpha3,100,0,6,,6.221933966,6.221933966,5.778232529,0,-5.198440944,solved (0.1 s),solved (0.3 s),1,0,best_found,1.367384603,1.0,0.7802315790440519,1.0,1.0,1.0,6.597670734,0.0,0.0,0.0,0.0,0.0,,,,,,,-217.70929101650796,1.0,35.99061420551694,1.0,1.0,1.0,6.597670734,0.0,0.0,0.0,0.0,0.0,1.367384603,1.0,0.7802315790440519,1.0,1.0,1.0,6.597670734,0.0,0.0,0.0,0.0,0.0,6.597670734,0.0,0.0,0.0,0.0,0.0,6.597670734,0.0,0.0,0.0,0.0,0.0,6.597670734,0.0,0.0,0.0,0.0,0.0,6.597670734,0.0,0.0,0.0,0.0,0.0
log_det,wine_n100_alpha3,winequality-red_n100_alpha3,100,0,7,,7.01895051,7.01895051,6.340237393,0,-5.198440944,solved (0.1 s),solved (0.3 s),1,0,best_found,1.367384603,1.0,0.8051867439367371,1.0,1.0,1.0,7.697282523,0.0,0.0,0.0,0.0,0.0,,,,,,,-217.70929101650796,1.0,32.017356612834696,1.0,1.0,1.0,7.697282523,0.0,0.0,0.0,0.0,0.0,1.367384603,1.0,0.8051867439367371,1.0,1.0,1.0,7.697282523,0.0,0.0,0.0,0.0,0.0,7.697282523,0.0,0.0,0.0,0.0,0.0,7.697282523,0.0,0.0,0.0,0.0,0.0,7.697282523,0.0,0.0,0.0,0.0,0.0,7.697282523,0.0,0.0,0.0,0.0,0.0
log_det,wine_n100_alpha3,winequality-red_n100_alpha3,100,0,8,,7.708338941,7.593568171,6.779787313,0,-5.198440944,solved (0.1 s),solved (0.3 s),1,0,best_found,1.367384603,1.0,0.8226096940643077,1.0,1.0,1.0,8.796894312,0.0,0.0,0.0,0.0,0.0,,,,,,,-217.70929101650796,1.0,29.24334693672209,1.0,1.0,1.0,8.796894312,0.0,0.0,0.0,0.0,0.0,1.367384603,1.0,0.8226096940643077,1.0,1.0,1.0,8.796894312,0.0,0.0,0.0,0.0,0.0,8.796894312,0.0,0.0,0.0,0.0,0.0,8.796894312,0.0,0.0,0.0,0.0,0.0,8.796894312,0.0,0.0,0.0,0.0,0.0,8.796894312,0.0,0.0,0.0,0.0,0.0
log_det,wine_n100_alpha3,winequality-red_n100_alpha3,100,0,9,,8.094719978,8.094719978,7.073068018,0,-5.198440944,solved (0.1 s),solved (0.3 s),1,0,best_found,1.367384603,1.0,0.8310769728024804,1.0,1.0,1.0,9.896506101,0.0,0.0,0.0,0.0,0.0,,,,,,,-217.70929101650796,1.0,27.89522202228154,1.0,1.0,1.0,9.896506101,0.0,0.0,0.0,0.0,0.0,1.367384603,1.0,0.8310769728024804,1.0,1.0,1.0,9.896506101,0.0,0.0,0.0,0.0,0.0,9.896506101,0.0,0.0,0.0,0.0,0.0,9.896506101,0.0,0.0,0.0,0.0,0.0,9.896506101,0.0,0.0,0.0,0.0,0.0,9.896506101,0.0,0.0,0.0,0.0,0.0
log_det,wine_n100_alpha3,winequality-red_n100_alpha3,100,0,10,,8.472915032,8.472915032,7.192116088,0,-5.198440944,solved (0.1 s),solved (0.3 s),1,0,best_found,1.367384603,1.0,0.838616981542274,1.0,1.0,1.0,10.07455052,0.0,0.0,0.0,0.0,0.0,,,,,,,-217.70929101650796,1.0,26.69473318147019,1.0,1.0,1.0,9.950220145,0.0,0.0,0.0,0.0,0.0,1.367384603,1.0,0.838616981542274,1.0,1.0,1.0,10.99611789,0.0,0.0,0.0,0.0,0.0,10.99611789,0.0,0.0,0.0,0.0,0.0,10.99611789,0.0,0.0,0.0,0.0,0.0,10.99611789,0.0,0.0,0.0,0.0,0.0,10.99611789,0.0,0.0,0.0,0.0,0.0
log_det,wine_n100_alpha3,winequality-red_n100_alpha3,100,0,11,,8.848068263,8.848068263,7.287422698,0,-5.198440944,solved (0.1 s),solved (0.3 s),1,0,best_found,1.367384603,1.0,0.8454595328205144,1.0,1.0,1.0,9.35391597,0.0,0.0,0.0,0.0,0.0,,,,,,,-217.70929101650796,1.0,25.605290617716378,1.0,1.0,1.0,9.2603890197,0.0,0.0,0.0,0.0,0.0,1.367384603,1.0,0.8454595328205144,1.0,1.0,1.0,12.09572968,0.0,0.0,0.0,0.0,0.0,12.09572968,0.0,0.0,0.0,0.0,0.0,12.09572968,0.0,0.0,0.0,0.0,0.0,12.09572968,0.0,0.0,0.0,0.0,0.0,12.09572968,0.0,0.0,0.0,0.0,0.0
log_det,wine_n100_alpha3,winequality-red_n100_alpha3,100,0,12,,8.962123177,8.962123177,7.360021648,0,-5.198440944,solved (0.1 s),solved (0.3 s),1,0,best_found,1.367384603,1.0,0.8474262654067068,1.0,1.0,1.0,9.22990583,0.0,0.0,0.0,0.0,0.0,,,,,,,-217.70929101650796,1.0,25.292155632855785,1.0,1.0,1.0,9.2229268761,0.0,0.0,0.0,0.0,0.0,1.367384603,1.0,0.8474262654067068,1.0,1.0,1.0,13.19534147,0.0,0.0,0.0,0.0,0.0,13.19534147,0.0,0.0,0.0,0.0,0.0,13.19534147,0.0,0.0,0.0,0.0,0.0,13.19534147,0.0,0.0,0.0,0.0,0.0,13.19534147,0.0,0.0,0.0,0.0,0.0
log_det,wine_n100_alpha3,winequality-red_n100_alpha3,100,0,13,,9.064741154,9.064741154,7.316565421,0,-5.198440944,solved (0.1 s),solved (0.3 s),1,0,best_found,1.367384603,1.0,0.849153486043381,1.0,1.0,1.0,9.205328379,0.0,0.0,0.0,0.0,0.0,,,,,,,-217.70929101650796,1.0,25.017154744726422,1.0,1.0,1.0,9.2025538878,0.0,0.0,0.0,0.0,0.0,1.367384603,1.0,0.849153486043381,1.0,1.0,1.0,14.29495326,0.0,0.0,0.0,0.0,0.0,14.29495326,0.0,0.0,0.0,0.0,0.0,14.29495326,0.0,0.0,0.0,0.0,0.0,14.29495326,0.0,0.0,0.0,0.0,0.0,14.29495326,0.0,0.0,0.0,0.0,0.0
log_det,wine_n100_alpha3,winequality-red_n100_alpha3,100,0,14,,9.135128848,9.135128848,7.308667703,0,-5.198440944,solved (0.1 s),solved (0.3 s),1,0,best_found,1.367384603,1.0,0.8503157836356772,1.0,1.0,1.0,9.202553888,0.0,0.0,0.0,0.0,0.0,,,,,,,-217.70929101650796,1.0,24.832098554819193,1.0,1.0,1.0,9.2025538878,0.0,0.0,0.0,0.0,0.0,1.367384603,1.0,0.8503157836356772,1.0,1.0,1.0,15.39456505,0.0,0.0,0.0,0.0,0.0,15.39456505,0.0,0.0,0.0,0.0,0.0,15.39456505,0.0,0.0,0.0,0.0,0.0,15.39456505,0.0,0.0,0.0,0.0,0.0,15.39456505,0.0,0.0,0.0,0.0,0.0
log_det,wine_n100_alpha3,winequality-red_n100_alpha3,100,0,15,,9.310474006,9.202553888,7.3407406,0,-5.198440944,solved (0.1 s),solved (0.3 s),1,0,best_found,1.367384603,1.0,0.8531348025762374,1.0,1.0,1.0,9.202553888,1.0,0.011591259256021934,0.0,0.0,1.0,,,,,,,-217.70929101650796,1.0,24.383266080352982,1.0,1.0,1.0,9.2025538878,1.0,0.01159125927750312,0.0,0.0,1.0,1.367384603,1.0,0.8531348025762374,1.0,1.0,1.0,16.49417684,0.0,0.0,0.0,0.0,0.0,16.49417684,0.0,0.0,0.0,0.0,0.0,16.49417684,0.0,0.0,0.0,0.0,0.0,16.49417684,0.0,0.0,0.0,0.0,0.0,16.49417684,0.0,0.0,0.0,0.0,0.0
log_det,wine_n100_alpha3,winequality-red_n100_alpha3,100,0,16,,9.202553888,9.202553888,7.309831688,0,-5.198440944,solved (0.1 s),solved (0.3 s),1,0,best_found,1.367384603,1.0,0.8514124861813578,1.0,1.0,1.0,9.202553888,0.0,0.0,0.0,0.0,0.0,,,,,,,-217.70929101650796,1.0,24.657486135495255,1.0,1.0,1.0,9.2025538878,0.0,0.0,0.0,0.0,0.0,1.367384603,1.0,0.8514124861813578,1.0,1.0,1.0,17.59378862,0.0,0.0,0.0,0.0,0.0,17.59378862,0.0,0.0,0.0,0.0,0.0,17.59378862,0.0,0.0,0.0,0.0,0.0,17.59378862,0.0,0.0,0.0,0.0,0.0,17.59378862,0.0,0.0,0.0,0.0,0.0
log_det,wine_n100_alpha3,winequality-red_n100_alpha3,100,0,17,,9.202553888,9.202553888,7.268753717,0,-5.198440944,solved (0.1 s),solved (0.3 s),1,0,best_found,1.367384603,1.0,0.8514124861813578,1.0,1.0,1.0,9.202553888,0.0,0.0,0.0,0.0,0.0,,,,,,,-217.70929101650796,1.0,24.657486135495255,1.0,1.0,1.0,9.2025538878,0.0,0.0,0.0,0.0,0.0,1.367384603,1.0,0.8514124861813578,1.0,1.0,1.0,18.69340041,0.0,0.0,0.0,0.0,0.0,18.69340041,0.0,0.0,0.0,0.0,0.0,18.69340041,0.0,0.0,0.0,0.0,0.0,18.69340041,0.0,0.0,0.0,0.0,0.0,18.69340041,0.0,0.0,0.0,0.0,0.0
log_det,wine_n100_alpha3,winequality-red_n100_alpha3,100,0,18,,9.202553888,9.202553888,7.320083136,0,-5.198440944,solved (0.1 s),solved (0.3 s),1,0,best_found,1.367384603,1.0,0.8514124861813578,1.0,1.0,1.0,9.202553888,0.0,0.0,0.0,0.0,0.0,,,,,,,-217.70929101650796,1.0,24.657486135495255,1.0,1.0,1.0,9.2025538878,0.0,0.0,0.0,0.0,0.0,1.367384603,1.0,0.8514124861813578,1.0,1.0,1.0,19.7930122,0.0,0.0,0.0,0.0,0.0,19.7930122,0.0,0.0,0.0,0.0,0.0,19.7930122,0.0,0.0,0.0,0.0,0.0,19.7930122,0.0,0.0,0.0,0.0,0.0,19.7930122,0.0,0.0,0.0,0.0,0.0
log_det,wine_n100_alpha3,winequality-red_n100_alpha3,100,0,19,,9.202553888,9.202553888,7.260908293,0,-5.198440944,solved (0.1 s),solved (0.3 s),1,0,best_found,1.367384603,1.0,0.8514124861813578,1.0,1.0,1.0,9.202553888,0.0,0.0,0.0,0.0,0.0,,,,,,,-217.70929101650796,1.0,24.657486135495255,1.0,1.0,1.0,9.2025538878,0.0,0.0,0.0,0.0,0.0,1.367384603,1.0,0.8514124861813578,1.0,1.0,1.0,20.89262399,0.0,0.0,0.0,0.0,0.0,20.89262399,0.0,0.0,0.0,0.0,0.0,20.89262399,0.0,0.0,0.0,0.0,0.0,20.42402269,0.0,0.0,0.0,0.0,0.0,20.42402269,0.0,0.0,0.0,0.0,0.0
log_det,wine_n100_alpha3,winequality-red_n100_alpha3,100,0,20,,9.318726425,9.202553888,7.253398832,0,-5.198440944,solved (0.1 s),solved (0.3 s),1,0,best_found,1.367384603,1.0,0.853264862531899,1.0,1.0,1.0,9.202553888,1.0,0.012466568037487897,0.0,0.0,1.0,,,,,,,-217.70929101650796,1.0,24.362558474991175,1.0,1.0,1.0,9.2025538878,1.0,0.01246656805895006,0.0,0.0,1.0,1.367384603,1.0,0.853264862531899,1.0,1.0,1.0,21.99223578,0.0,0.0,0.0,0.0,0.0,21.99223578,0.0,0.0,0.0,0.0,0.0,21.99223578,0.0,0.0,0.0,0.0,0.0,20.9111473,0.0,0.0,0.0,0.0,0.0,20.9111473,0.0,0.0,0.0,0.0,0.0
log_det,wine_n100_alpha3,winequality-red_n100_alpha3,100,0,21,,9.202553888,9.202553888,7.250859063,0,-5.198440944,solved (0.1 s),solved (0.3 s),1,0,best_found,1.367384603,1.0,0.8514124861813578,1.0,1.0,1.0,9.202553888,0.0,0.0,0.0,0.0,0.0,,,,,,,-217.70929101650796,1.0,24.657486135495255,1.0,1.0,1.0,9.2025538878,0.0,0.0,0.0,0.0,0.0,1.367384603,1.0,0.8514124861813578,1.0,1.0,1.0,23.09184757,0.0,0.0,0.0,0.0,0.0,23.09184757,0.0,0.0,0.0,0.0,0.0,23.09184757,0.0,0.0,0.0,0.0,0.0,21.33685807,0.0,0.0,0.0,0.0,0.0,21.33685807,0.0,0.0,0.0,0.0,0.0
log_det,wine_n100_alpha3,winequality-red_n100_alpha3,100,0,22,,9.202553888,9.202553888,7.227109286,0,-5.198440944,solved (0.1 s),solved (0.3 s),1,0,best_found,1.367384603,1.0,0.8514124861813578,1.0,1.0,1.0,9.202553888,0.0,0.0,0.0,0.0,0.0,,,,,,,-217.70929101650796,1.0,24.657486135495255,1.0,1.0,1.0,9.2025538878,0.0,0.0,0.0,0.0,0.0,1.367384603,1.0,0.8514124861813578,1.0,1.0,1.0,24.19145936,0.0,0.0,0.0,0.0,0.0,24.19145936,0.0,0.0,0.0,0.0,0.0,24.11010626,0.0,0.0,0.0,0.0,0.0,21.70493767,0.0,0.0,0.0,0.0,0.0,21.70493767,0.0,0.0,0.0,0.0,0.0
log_det,wine_n100_alpha3,winequality-red_n100_alpha3,100,0,23,,9.266860807,9.202553888,7.220996041,0,-5.198440944,solved (0.1 s),solved (0.3 s),1,0,best_found,1.367384603,1.0,0.8524436018325532,1.0,1.0,1.0,9.202553888,1.0,0.0069394501913122185,0.0,0.0,1.0,,,,,,,-217.70929101650796,1.0,24.493316188806325,1.0,1.0,1.0,9.2025538878,1.0,0.006939450212894502,0.0,0.0,1.0,1.367384603,1.0,0.8524436018325532,1.0,1.0,1.0,25.29107115,0.0,0.0,0.0,0.0,0.0,24.96686689,0.0,0.0,0.0,0.0,0.0,24.70833003,0.0,0.0,0.0,0.0,0.0,21.97507713,0.0,0.0,0.0,0.0,0.0,21.97507713,0.0,0.0,0.0,0.0,0.0
log_det,wine_n100_alpha3,winequality-red_n100_alpha3,100,0,24,,9.202553888,9.202553888,7.131303455,0,-5.198440944,solved (0.1 s),solved (0.3 s),1,0,best_found,1.367384603,1.0,0.8514124861813578,1.0,1.0,1.0,9.202553888,0.0,0.0,0.0,0.0,0.0,,,,,,,-217.70929101650796,1.0,24.657486135495255,1.0,1.0,1.0,9.2025538878,0.0,0.0,0.0,0.0,0.0,1.367384603,1.0,0.8514124861813578,1.0,1.0,1.0,26.39068294,0.0,0.0,0.0,0.0,0.0,25.60419306,0.0,0.0,0.0,0.0,0.0,25.29386987,0.0,0.0,0.0,0.0,0.0,22.16356249,0.0,0.0,0.0,0.0,0.0,22.16356249,0.0,0.0,0.0,0.0,0.0
log_det,wine_n100_alpha3,winequality-red_n100_alpha3,100,0,25,,9.202553888,9.202553888,7.158480625,0,-5.198440944,solved (0.1 s),solved (0.3 s),1,0,best_found,1.367384603,1.0,0.8514124861813578,1.0,1.0,1.0,9.202553888,0.0,0.0,0.0,0.0,0.0,,,,,,,-217.70929101650796,1.0,24.657486135495255,1.0,1.0,1.0,9.2025538878,0.0,0.0,0.0,0.0,0.0,1.367384603,1.0,0.8514124861813578,1.0,1.0,1.0,27.49029473,0.0,0.0,0.0,0.0,0.0,26.23443858,0.0,0.0,0.0,0.0,0.0,25.87908369,0.0,0.0,0.0,0.0,0.0,22.28458935,0.0,0.0,0.0,0.0,0.0,22.28458935,0.0,0.0,0.0,0.0,0.0
log_det,wine_n100_alpha3,winequality-red_n100_alpha3,100,0,26,,9.202553888,9.202553888,7.153531042,0,-5.198440944,solved (0.1 s),solved (0.3 s),1,0,best_found,1.367384603,1.0,0.8514124861813578,1.0,1.0,1.0,9.202553888,0.0,0.0,0.0,0.0,0.0,,,,,,,-217.70929101650796,1.0,24.657486135495255,1.0,1.0,1.0,9.2025538878,0.0,0.0,0.0,0.0,0.0,1.367384603,1.0,0.8514124861813578,1.0,1.0,1.0,28.58990651,0.0,0.0,0.0,0.0,0.0,26.86112422,0.0,0.0,0.0,0.0,0.0,26.44250943,0.0,0.0,0.0,0.0,0.0,22.3442114,0.0,0.0,0.0,0.0,0.0,22.3442114,0.0,0.0,0.0,0.0,0.0
log_det,wine_n100_alpha3,winequality-red_n100_alpha3,100,0,27,,9.202553888,9.202553888,7.117880014,0,-5.198440944,solved (0.1 s),solved (0.3 s),1,0,best_found,1.367384603,1.0,0.8514124861813578,1.0,1.0,1.0,9.202553888,0.0,0.0,0.0,0.0,0.0,,,,,,,-217.70929101650796,1.0,24.657486135495255,1.0,1.0,1.0,9.2025538878,0.0,0.0,0.0,0.0,0.0,1.367384603,1.0,0.8514124861813578,1.0,1.0,1.0,29.6895183,0.0,0.0,0.0,0.0,0.0,27.36000854,0.0,0.0,0.0,0.0,0.0,26.86107262,0.0,0.0,0.0,0.0,0.0,22.37054598,0.0,0.0,0.0,0.0,0.0,22.37054598,0.0,0.0,0.0,0.0,0.0
log_det,wine_n100_alpha3,winequality-red_n100_alpha3,100,0,28,,9.202553888,9.202553888,7.087329688,0,-5.198440944,solved (0.1 s),solved (0.3 s),1,0,best_found,1.367384603,1.0,0.8514124861813578,1.0,1.0,1.0,9.202553888,0.0,0.0,0.0,0.0,0.0,,,,,,,-217.70929101650796,1.0,24.657486135495255,1.0,1.0,1.0,9.2025538878,0.0,0.0,0.0,0.0,0.0,1.367384603,1.0,0.8514124861813578,1.0,1.0,1.0,30.78913009,0.0,0.0,0.0,0.0,0.0,27.42918643,0.0,0.0,0.0,0.0,0.0,26.91591783,0.0,0.0,0.0,0.0,0.0,22.3762479,0.0,0.0,0.0,0.0,0.0,22.3762479,0.0,0.0,0.0,0.0,0.0
log_det,wine_n100_alpha3,winequality-red_n100_alpha3,100,0,29,,9.202553888,9.202553888,7.112917327,0,-5.198440944,solved (0.1 s),solved (0.3 s),1,0,best_found,1.367384603,1.0,0.8514124861813578,1.0,1.0,1.0,9.202553888,0.0,0.0,0.0,0.0,0.0,,,,,,,-217.70929101650796,1.0,24.657486135495255,1.0,1.0,1.0,9.2025538878,0.0,0.0,0.0,0.0,0.0,1.367384603,1.0,0.8514124861813578,1.0,1.0,1.0,31.88874188,0.0,0.0,0.0,0.0,0.0,27.48403164,0.0,0.0,0.0,0.0,0.0,26.96583762,0.0,0.0,0.0,0.0,0.0,22.37725765,0.0,0.0,0.0,0.0,0.0,22.37725765,0.0,0.0,0.0,0.0,0.0
log_det,wine_n100_alpha3,winequality-red_n100_alpha3,100,0,30,,9.202553888,9.202553888,7.019329347,0,-5.198440944,solved (0.1 s),solved (0.3 s),1,0,best_found,1.367384603,1.0,0.8514124861813578,1.0,1.0,1.0,9.202553888,0.0,0.0,0.0,0.0,0.0,,,,,,,-217.70929101650796,1.0,24.657486135495255,1.0,1.0,1.0,9.2025538878,0.0,0.0,0.0,0.0,0.0,1.367384603,1.0,0.8514124861813578,1.0,1.0,1.0,32.98835367,0.0,0.0,0.0,0.0,0.0,27.48728829,0.0,0.0,0.0,0.0,0.0,27.01048311,0.0,0.0,0.0,0.0,0.0,22.37725765,0.0,0.0,0.0,0.0,0.0,22.37725765,0.0,0.0,0.0,0.0,0.0
log_det,wine_n100_alpha3,winequality-red_n100_alpha3,100,0,31,,9.202553888,9.202553888,6.967009199,0,-5.198440944,solved (0.1 s),solved (0.3 s),1,0,best_found,1.367384603,1.0,0.8514124861813578,1.0,1.0,1.0,9.202553888,0.0,0.0,0.0,0.0,0.0,,,,,,,-217.70929101650796,1.0,24.657486135495255,1.0,1.0,1.0,9.2025538878,0.0,0.0,0.0,0.0,0.0,1.367384603,1.0,0.8514124861813578,1.0,1.0,1.0,34.08796546,0.0,0.0,0.0,0.0,0.0,27.48728829,0.0,0.0,0.0,0.0,0.0,27.03710733,0.0,0.0,0.0,0.0,0.0,22.37725765,0.0,0.0,0.0,0.0,0.0,22.37725765,0.0,0.0,0.0,0.0,0.0
log_det,wine_n100_alpha3,winequality-red_n100_alpha3,100,0,32,,9.202553888,9.202553888,7.025985741,0,-5.198440944,solved (0.1 s),solved (0.3 s),1,0,best_found,1.367384603,1.0,0.8514124861813578,1.0,1.0,1.0,9.202553888,0.0,0.0,0.0,0.0,0.0,,,,,,,-217.70929101650796,1.0,24.657486135495255,1.0,1.0,1.0,9.2025538878,0.0,0.0,0.0,0.0,0.0,1.367384603,1.0,0.8514124861813578,1.0,1.0,1.0,35.18757725,0.0,0.0,0.0,0.0,0.0,27.48728829,0.0,0.0,0.0,0.0,0.0,27.04621163,0.0,0.0,0.0,0.0,0.0,22.37725765,0.0,0.0,0.0,0.0,0.0,22.37725765,0.0,0.0,0.0,0.0,0.0
log_det,wine_n100_alpha3,winequality-red_n100_alpha3,100,0,33,,9.202553888,9.202553888,7.041390278,0,-5.198440944,solved (0.1 s),solved (0.3 s),1,0,best_found,1.367384603,1.0,0.8514124861813578,1.0,1.0,1.0,9.202553888,0.0,0.0,0.0,0.0,0.0,,,,,,,-217.70929101650796,1.0,24.657486135495255,1.0,1.0,1.0,9.2025538878,0.0,0.0,0.0,0.0,0.0,1.367384603,1.0,0.8514124861813578,1.0,1.0,1.0,36.28718904,0.0,0.0,0.0,0.0,0.0,27.48728829,0.0,0.0,0.0,0.0,0.0,27.04714551,0.0,0.0,0.0,0.0,0.0,22.37725765,0.0,0.0,0.0,0.0,0.0,22.37725765,0.0,0.0,0.0,0.0,0.0
log_det,wine_n100_alpha3,winequality-red_n100_alpha3,100,0,34,,9.202553888,9.202553888,6.939268225,0,-5.198440944,solved (0.1 s),solved (0.3 s),1,0,best_found,1.367384603,1.0,0.8514124861813578,1.0,1.0,1.0,9.202553888,0.0,0.0,0.0,0.0,0.0,,,,,,,-217.70929101650796,1.0,24.657486135495255,1.0,1.0,1.0,9.2025538878,0.0,0.0,0.0,0.0,0.0,1.367384603,1.0,0.8514124861813578,1.0,1.0,1.0,37.38680083,0.0,0.0,0.0,0.0,0.0,27.48728829,0.0,0.0,0.0,0.0,0.0,27.04714551,0.0,0.0,0.0,0.0,0.0,22.37725765,0.0,0.0,0.0,0.0,0.0,22.37725765,0.0,0.0,0.0,0.0,0.0
log_det,wine_n100_alpha3,winequality-red_n100_alpha3,100,0,35,,9.202553888,9.202553888,7.094556659,0,-5.198440944,solved (0.1 s),solved (0.3 s),1,0,best_found,1.367384603,1.0,0.8514124861813578,1.0,1.0,1.0,9.202553888,0.0,0.0,0.0,0.0,0.0,,,,,,,-217.70929101650796,1.0,24.657486135495255,1.0,1.0,1.0,9.2025538878,0.0,0.0,0.0,0.0,0.0,1.367384603,1.0,0.8514124861813578,1.0,1.0,1.0,38.48641262,0.0,0.0,0.0,0.0,0.0,27.48728829,0.0,0.0,0.0,0.0,0.0,27.04714551,0.0,0.0,0.0,0.0,0.0,22.37725765,0.0,0.0,0.0,0.0,0.0,22.37725765,0.0,0.0,0.0,0.0,0.0
log_det,wine_n100_alpha3,winequality-red_n100_alpha3,100,0,36,,9.202553888,9.202553888,6.942887563,0,-5.198440944,solved (0.1 s),solved (0.3 s),1,0,best_found,1.367384603,1.0,0.8514124861813578,1.0,1.0,1.0,9.202553888,0.0,0.0,0.0,0.0,0.0,,,,,,,-217.70929101650796,1.0,24.657486135495255,1.0,1.0,1.0,9.2025538878,0.0,0.0,0.0,0.0,0.0,1.367384603,1.0,0.8514124861813578,1.0,1.0,1.0,39.5860244,0.0,0.0,0.0,0.0,0.0,27.48728829,0.0,0.0,0.0,0.0,0.0,27.04714551,0.0,0.0,0.0,0.0,0.0,22.37725765,0.0,0.0,0.0,0.0,0.0,22.37725765,0.0,0.0,0.0,0.0,0.0
log_det,wine_n100_alpha3,winequality-red_n100_alpha3,100,0,37,,9.202553888,9.202553888,6.920365084,0,-5.198440944,solved (0.1 s),solved (0.3 s),1,0,best_found,1.367384603,1.0,0.8514124861813578,1.0,1.0,1.0,9.202553888,0.0,0.0,0.0,0.0,0.0,,,,,,,-217.70929101650796,1.0,24.657486135495255,1.0,1.0,1.0,9.2025538878,0.0,0.0,0.0,0.0,0.0,1.367384603,1.0,0.8514124861813578,1.0,1.0,1.0,40.68563619,0.0,0.0,0.0,0.0,0.0,27.48728829,0.0,0.0,0.0,0.0,0.0,27.04714551,0.0,0.0,0.0,0.0,0.0,22.37725765,0.0,0.0,0.0,0.0,0.0,22.37725765,0.0,0.0,0.0,0.0,0.0
log_det,wine_n100_alpha3,winequality-red_n100_alpha3,100,0,38,,9.202553888,9.202553888,6.894039227,0,-5.198440944,solved (0.1 s),solved (0.3 s),1,0,best_found,1.367384603,1.0,0.8514124861813578,1.0,1.0,1.0,9.202553888,0.0,0.0,0.0,0.0,0.0,,,,,,,-217.70929101650796,1.0,24.657486135495255,1.0,1.0,1.0,9.2025538878,0.0,0.0,0.0,0.0,0.0,1.367384603,1.0,0.8514124861813578,1.0,1.0,1.0,41.78524798,0.0,0.0,0.0,0.0,0.0,27.48728829,0.0,0.0,0.0,0.0,0.0,27.04714551,0.0,0.0,0.0,0.0,0.0,22.37725765,0.0,0.0,0.0,0.0,0.0,22.37725765,0.0,0.0,0.0,0.0,0.0
log_det,wine_n100_alpha3,winequality-red_n100_alpha3,100,0,39,,9.202553888,9.202553888,7.011805444,0,-5.198440944,solved (0.1 s),solved (0.3 s),1,0,best_found,1.367384603,1.0,0.8514124861813578,1.0,1.0,1.0,9.202553888,0.0,0.0,0.0,0.0,0.0,,,,,,,-217.70929101650796,1.0,24.657486135495255,1.0,1.0,1.0,9.2025538878,0.0,0.0,0.0,0.0,0.0,1.367384603,1.0,0.8514124861813578,1.0,1.0,1.0,42.88485977,0.0,0.0,0.0,0.0,0.0,27.48728829,0.0,0.0,0.0,0.0,0.0,27.04714551,0.0,0.0,0.0,0.0,0.0,22.37725765,0.0,0.0,0.0,0.0,0.0,22.37725765,0.0,0.0,0.0,0.0,0.0
log_det,wine_n100_alpha3,winequality-red_n100_alpha3,100,0,40,,9.202553888,9.202553888,6.854897652,0,-5.198440944,solved (0.1 s),solved (0.3 s),1,0,best_found,1.367384603,1.0,0.8514124861813578,1.0,1.0,1.0,9.202553888,0.0,0.0,0.0,0.0,0.0,,,,,,,-217.70929101650796,1.0,24.657486135495255,1.0,1.0,1.0,9.2025538878,0.0,0.0,0.0,0.0,0.0,1.367384603,1.0,0.8514124861813578,1.0,1.0,1.0,43.98447156,0.0,0.0,0.0,0.0,0.0,27.48728829,0.0,0.0,0.0,0.0,0.0,27.04714551,0.0,0.0,0.0,0.0,0.0,22.37725765,0.0,0.0,0.0,0.0,0.0,22.37725765,0.0,0.0,0.0,0.0,0.0
log_det,wine_n100_alpha3,winequality-red_n100_alpha3,100,0,41,,9.248144712,9.202553888,6.901723778,0,-5.198440944,solved (0.1 s),solved (0.3 s),1,0,best_found,1.367384603,1.0,0.8521449819847932,1.0,1.0,1.0,9.202553888,1.0,0.004929726493233056,0.0,0.0,1.0,,,,,,,-217.70929101650796,1.0,24.54086119932981,1.0,1.0,1.0,9.2025538878,1.0,0.004929726514859016,0.0,0.0,1.0,1.367384603,1.0,0.8521449819847932,1.0,1.0,1.0,45.08408335,0.0,0.0,0.0,0.0,0.0,27.48728829,0.0,0.0,0.0,0.0,0.0,27.04714551,0.0,0.0,0.0,0.0,0.0,22.37725765,0.0,0.0,0.0,0.0,0.0,22.37725765,0.0,0.0,0.0,0.0,0.0
log_det,wine_n100_alpha3,winequality-red_n100_alpha3,100,0,42,,9.202553888,9.202553888,6.900899139,0,-5.198440944,solved (0.1 s),solved (0.3 s),1,0,best_found,1.367384603,1.0,0.8514124861813578,1.0,1.0,1.0,9.202553888,0.0,0.0,0.0,0.0,0.0,,,,,,,-217.70929101650796,1.0,24.657486135495255,1.0,1.0,1.0,9.2025538878,0.0,0.0,0.0,0.0,0.0,1.367384603,1.0,0.8514124861813578,1.0,1.0,1.0,46.18369514,0.0,0.0,0.0,0.0,0.0,27.48728829,0.0,0.0,0.0,0.0,0.0,27.04714551,0.0,0.0,0.0,0.0,0.0,22.37725765,0.0,0.0,0.0,0.0,0.0,22.37725765,0.0,0.0,0.0,0.0,0.0
log_det,wine_n100_alpha3,winequality-red_n100_alpha3,100,0,43,,9.202553888,9.202553888,6.853764248,0,-5.198440944,solved (0.1 s),solved (0.3 s),1,0,best_found,1.367384603,1.0,0.8514124861813578,1.0,1.0,1.0,9.202553888,0.0,0.0,0.0,0.0,0.0,,,,,,,-217.70929101650796,1.0,24.657486135495255,1.0,1.0,1.0,9.2025538878,0.0,0.0,0.0,0.0,0.0,1.367384603,1.0,0.8514124861813578,1.0,1.0,1.0,47.28330693,0.0,0.0,0.0,0.0,0.0,27.48728829,0.0,0.0,0.0,0.0,0.0,27.04714551,0.0,0.0,0.0,0.0,0.0,22.37725765,0.0,0.0,0.0,0.0,0.0,22.37725765,0.0,0.0,0.0,0.0,0.0
log_det,wine_n100_alpha3,winequality-red_n100_alpha3,100,0,44,,9.202553888,9.202553888,6.865687917,0,-5.198440944,solved (0.1 s),solved (0.3 s),1,0,best_found,1.367384603,1.0,0.8514124861813578,1.0,1.0,1.0,9.202553888,0.0,0.0,0.0,0.0,0.0,,,,,,,-217.70929101650796,1.0,24.657486135495255,1.0,1.0,1.0,9.2025538878,0.0,0.0,0.0,0.0,0.0,1.367384603,1.0,0.8514124861813578,1.0,1.0,1.0,48.38291872,0.0,0.0,0.0,0.0,0.0,27.48728829,0.0,0.0,0.0,0.0,0.0,27.04714551,0.0,0.0,0.0,0.0,0.0,22.37725765,0.0,0.0,0.0,0.0,0.0,22.37725765,0.0,0.0,0.0,0.0,0.0
log_det,wine_n100_alpha3,winequality-red_n100_alpha3,100,0,45,,9.202553888,9.202553888,6.675123817,0,-5.198440944,solved (0.1 s),solved (0.3 s),1,0,best_found,1.367384603,1.0,0.8514124861813578,1.0,1.0,1.0,9.202553888,0.0,0.0,0.0,0.0,0.0,,,,,,,-217.70929101650796,1.0,24.657486135495255,1.0,1.0,1.0,9.2025538878,0.0,0.0,0.0,0.0,0.0,1.367384603,1.0,0.8514124861813578,1.0,1.0,1.0,49.48253051,0.0,0.0,0.0,0.0,0.0,27.48728829,0.0,0.0,0.0,0.0,0.0,27.04714551,0.0,0.0,0.0,0.0,0.0,22.37725765,0.0,0.0,0.0,0.0,0.0,22.37725765,0.0,0.0,0.0,0.0,0.0
log_det,wine_n100_alpha3,winequality-red_n100_alpha3,100,0,46,,9.202553888,9.202553888,6.736284818,0,-5.198440944,solved (0.1 s),solved (0.3 s),1,0,best_found,1.367384603,1.0,0.8514124861813578,1.0,1.0,1.0,9.202553888,0.0,0.0,0.0,0.0,0.0,,,,,,,-217.70929101650796,1.0,24.657486135495255,1.0,1.0,1.0,9.2025538878,0.0,0.0,0.0,0.0,0.0,1.367384603,1.0,0.8514124861813578,1.0,1.0,1.0,50.58214229,0.0,0.0,0.0,0.0,0.0,27.48728829,0.0,0.0,0.0,0.0,0.0,27.04714551,0.0,0.0,0.0,0.0,0.0,22.37725765,0.0,0.0,0.0,0.0,0.0,22.37725765,0.0,0.0,0.0,0.0,0.0
log_det,wine_n100_alpha3,winequality-red_n100_alpha3,100,0,47,,9.202553888,9.202553888,6.814942165,0,-5.198440944,solved (0.1 s),solved (0.3 s),1,0,best_found,1.367384603,1.0,0.8514124861813578,1.0,1.0,1.0,9.202553888,0.0,0.0,0.0,0.0,0.0,,,,,,,-217.70929101650796,1.0,24.657486135495255,1.0,1.0,1.0,9.2025538878,0.0,0.0,0.0,0.0,0.0,1.367384603,1.0,0.8514124861813578,1.0,1.0,1.0,51.68175408,0.0,0.0,0.0,0.0,0.0,27.48728829,0.0,0.0,0.0,0.0,0.0,27.04714551,0.0,0.0,0.0,0.0,0.0,22.37725765,0.0,0.0,0.0,0.0,0.0,22.37725765,0.0,0.0,0.0,0.0,0.0
log_det,wine_n100_alpha3,winequality-red_n100_alpha3,100,0,48,,9.202553888,9.202553888,6.664069892,0,-5.198440944,solved (0.1 s),solved (0.3 s),1,0,best_found,1.367384603,1.0,0.8514124861813578,1.0,1.0,1.0,9.202553888,0.0,0.0,0.0,0.0,0.0,,,,,,,-217.70929101650796,1.0,24.657486135495255,1.0,1.0,1.0,9.2025538878,0.0,0.0,0.0,0.0,0.0,1.367384603,1.0,0.8514124861813578,1.0,1.0,1.0,52.78136587,0.0,0.0,0.0,0.0,0.0,27.48728829,0.0,0.0,0.0,0.0,0.0,27.04714551,0.0,0.0,0.0,0.0,0.0,22.37725765,0.0,0.0,0.0,0.0,0.0,22.37725765,0.0,0.0,0.0,0.0,0.0
log_det,wine_n100_alpha3,winequality-red_n100_alpha3,100,0,49,,9.202553888,9.202553888,6.687631615,0,-5.198440944,solved (0.1 s),solved (0.3 s),1,0,best_found,1.367384603,1.0,0.8514124861813578,1.0,1.0,1.0,9.202553888,0.0,0.0,0.0,0.0,0.0,,,,,,,-217.70929101650796,1.0,24.657486135495255,1.0,1.0,1.0,9.2025538878,0.0,0.0,0.0,0.0,0.0,1.367384603,1.0,0.8514124861813578,1.0,1.0,1.0,53.88097766,0.0,0.0,0.0,0.0,0.0,27.48728829,0.0,0.0,0.0,0.0,0.0,27.04714551,0.0,0.0,0.0,0.0,0.0,22.37725765,0.0,0.0,0.0,0.0,0.0,22.37725765,0.0,0.0,0.0,0.0,0.0
log_det,wine_n100_alpha3,winequality-red_n100_alpha3,100,0,50,,9.202553888,9.202553888,6.712121678,0,-5.198440944,solved (0.1 s),solved (0.3 s),1,0,best_found,1.367384603,1.0,0.8514124861813578,1.0,1.0,1.0,9.202553888,0.0,0.0,0.0,0.0,0.0,,,,,,,-217.70929101650796,1.0,24.657486135495255,1.0,1.0,1.0,9.2025538878,0.0,0.0,0.0,0.0,0.0,1.367384603,1.0,0.8514124861813578,1.0,1.0,1.0,54.98058945,0.0,0.0,0.0,0.0,0.0,27.48728829,0.0,0.0,0.0,0.0,0.0,27.04714551,0.0,0.0,0.0,0.0,0.0,22.37725765,0.0,0.0,0.0,0.0,0.0,22.37725765,0.0,0.0,0.0,0.0,0.0
log_det,wine_n100_alpha3,winequality-red_n100_alpha3,100,1,1,1.099611789,1.099611789,1.099611789,1.099611789,0,-5.292444515,solved (0.2 s),solved (0.4 s),1,0,opt,1.099611789,0.0,0.0,0.0,0.0,0.0,1.099611789,0.0,0.0,0.0,0.0,0.0,,,,,,,-212.50753780698264,1.0,194.25687477417782,1.0,1.0,1.0,1.099611789,0.0,0.0,0.0,0.0,0.0,1.099611789,0.0,0.0,0.0,0.0,0.0,1.099611789,0.0,0.0,0.0,0.0,0.0,1.099611789,0.0,0.0,0.0,0.0,0.0,1.099611789,0.0,0.0,0.0,0.0,0.0,1.099611789,0.0,0.0,0.0,0.0,0.0,1.099611789,0.0,0.0,0.0,0.0,0.0
log_det,wine_n100_alpha3,winequality-red_n100_alpha3,100,1,2,2.199179038,2.199179038,2.197651029,2.181699185,0,-5.292444515,solved (0.2 s),solved (0.4 s),1,0,opt,1.869503641,1.0,0.14990839367940534,1.0,1.0,1.0,2.199223578,0.0,0.0,0.0,0.0,0.0,,,,,,,-212.50753780698264,1.0,97.63039440401516,1.0,1.0,1.0,2.199223578,0.0,0.0,0.0,0.0,0.0,1.869503641,1.0,0.14990839367940534,1.0,1.0,1.0,2.199223578,0.0,0.0,0.0,0.0,0.0,2.199223578,0.0,0.0,0.0,0.0,0.0,2.199223578,0.0,0.0,0.0,0.0,0.0,2.199223578,0.0,0.0,0.0,0.0,0.0,2.199223578,0.0,0.0,0.0,0.0,0.0
log_det,wine_n100_alpha3,winequality-red_n100_alpha3,100,1,3,3.294559564,3.294559564,3.250797627,3.227305622,0,-5.292444515,solved (0.2 s),solved (0.4 s),1,0,opt,1.869503641,1.0,0.4325482345414957,1.0,1.0,1.0,3.298835367,0.0,0.0,0.0,0.0,0.0,,,,,,,-212.50753780698264,1.0,65.50256359881148,1.0,1.0,1.0,3.298835367,0.0,0.0,0.0,0.0,0.0,1.869503641,1.0,0.4325482345414957,1.0,1.0,1.0,3.298835367,0.0,0.0,0.0,0.0,0.0,3.298835367,0.0,0.0,0.0,0.0,0.0,3.298835367,0.0,0.0,0.0,0.0,0.0,3.298835367,0.0,0.0,0.0,0.0,0.0,3.298835367,0.0,0.0,0.0,0.0,0.0
log_det,wine_n100_alpha3,winequality-red_n100_alpha3,100,1,4,,4.326383765,4.286343284,4.208410615,0,-5.292444515,solved (0.2 s),solved (0.4 s),1,0,best_found,1.869503641,1.0,0.5678830768264035,1.0,1.0,1.0,4.398447156,0.0,0.0,0.0,0.0,0.0,,,,,,,-212.50753780698264,1.0,50.1189754191819,1.0,1.0,1.0,4.398447156,0.0,0.0,0.0,0.0,0.0,1.869503641,1.0,0.5678830768264035,1.0,1.0,1.0,4.398447156,0.0,0.0,0.0,0.0,0.0,4.398447156,0.0,0.0,0.0,0.0,0.0,4.398447156,0.0,0.0,0.0,0.0,0.0,4.398447156,0.0,0.0,0.0,0.0,0.0,4.398447156,0.0,0.0,0.0,0.0,0.0
log_det,wine_n100_alpha3,winequality-red_n100_alpha3,100,1,5,,5.31692551,5.268274276,5.069034702,0,-5.292444515,solved (0.2 s),solved (0.4 s),1,0,best_found,1.869503641,1.0,0.6483863395332766,1.0,1.0,1.0,5.498058945,0.0,0.0,0.0,0.0,0.0,,,,,,,-212.50753780698264,1.0,40.96812394819175,1.0,1.0,1.0,5.498058945,0.0,0.0,0.0,0.0,0.0,1.869503641,1.0,0.6483863395332766,1.0,1.0,1.0,5.498058945,0.0,0.0,0.0,0.0,0.0,5.498058945,0.0,0.0,0.0,0.0,0.0,5.498058945,0.0,0.0,0.0,0.0,0.0,5.498058945,0.0,0.0,0.0,0.0,0.0,5.498058945,0.0,0.0,0.0,0.0,0.0
log_det,wine_n100_alpha3,winequality-red_n100_alpha3,100,1,6,,6.313046322,6.213284178,5.81362184,0,-5.292444515,solved (0.2 s),solved (0.4 s),1,0,best_found,1.869503641,1.0,0.7038666365420027,1.0,1.0,1.0,6.597670734,0.0,0.0,0.0,0.0,0.0,,,,,,,-212.50753780698264,1.0,34.66164716175555,1.0,1.0,1.0,6.597670734,0.0,0.0,0.0,0.0,0.0,1.869503641,1.0,0.7038666365420027,1.0,1.0,1.0,6.597670734,0.0,0.0,0.0,0.0,0.0,6.597670734,0.0,0.0,0.0,0.0,0.0,6.597670734,0.0,0.0,0.0,0.0,0.0,6.597670734,0.0,0.0,0.0,0.0,0.0,6.597670734,0.0,0.0,0.0,0.0,0.0
log_det,wine_n100_alpha3,winequality-red_n100_alpha3,100,1,7,,7.080891425,7.080891425,6.311428427,0,-5.292444515,solved (0.2 s),solved (0.4 s),1,0,best_found,1.869503641,1.0,0.735979055631403,1.0,1.0,1.0,7.697282523,0.0,0.0,0.0,0.0,0.0,,,,,,,-212.50753780698264,1.0,31.011410294570737,1.0,1.0,1.0,7.697282523,0.0,0.0,0.0,0.0,0.0,1.869503641,1.0,0.735979055631403,1.0,1.0,1.0,7.697282523,0.0,0.0,0.0,0.0,0.0,7.697282523,0.0,0.0,0.0,0.0,0.0,7.697282523,0.0,0.0,0.0,0.0,0.0,7.697282523,0.0,0.0,0.0,0.0,0.0,7.697282523,0.0,0.0,0.0,0.0,0.0
log_det,wine_n100_alpha3,winequality-red_n100_alpha3,100,1,8,,7.837815426,7.762661074,6.797684053,0,-5.292444515,solved (0.2 s),solved (0.4 s),1,0,best_found,1.869503641,1.0,0.7614764396213787,1.0,1.0,1.0,8.796894312,0.0,0.0,0.0,0.0,0.0,,,,,,,-212.50753780698264,1.0,28.113108214062024,1.0,1.0,1.0,8.796894312,0.0,0.0,0.0,0.0,0.0,1.869503641,1.0,0.7614764396213787,1.0,1.0,1.0,8.796894312,0.0,0.0,0.0,0.0,0.0,8.796894312,0.0,0.0,0.0,0.0,0.0,8.796894312,0.0,0.0,0.0,0.0,0.0,8.796894312,0.0,0.0,0.0,0.0,0.0,8.796894312,0.0,0.0,0.0,0.0,0.0
log_det,wine_n100_alpha3,winequality-red_n100_alpha3,100,1,9,,8.654491298,8.395609312,7.094965481,0,-5.292444515,solved (0.2 s),solved (0.4 s),1,0,best_found,1.869503641,1.0,0.783984572099341,1.0,1.0,1.0,9.896506101,0.0,0.0,0.0,0.0,0.0,,,,,,,-212.50753780698264,1.0,25.55459604611213,1.0,1.0,1.0,9.880915995999999,0.0,0.0,0.0,0.0,0.0,1.869503641,1.0,0.783984572099341,1.0,1.0,1.0,9.896506101,0.0,0.0,0.0,0.0,0.0,9.896506101,0.0,0.0,0.0,0.0,0.0,9.896506101,0.0,0.0,0.0,0.0,0.0,9.896506101,0.0,0.0,0.0,0.0,0.0,9.896506101,0.0,0.0,0.0,0.0,0.0
log_det,wine_n100_alpha3,winequality-red_n100_alpha3,100,1,10,,8.868332663,8.853161837,7.296889549,0,-5.292444515,solved (0.2 s),solved (0.4 s),1,0,best_found,1.869503641,1.0,0.789193334075091,1.0,1.0,1.0,10.38564456,0.0,0.0,0.0,0.0,0.0,,,,,,,-212.50753780698264,1.0,24.962513121953084,1.0,1.0,1.0,10.171888885,0.0,0.0,0.0,0.0,0.0,1.869503641,1.0,0.789193334075091,1.0,1.0,1.0,10.99611789,0.0,0.0,0.0,0.0,0.0,10.99611789,0.0,0.0,0.0,0.0,0.0,10.99611789,0.0,0.0,0.0,0.0,0.0,10.99611789,0.0,0.0,0.0,0.0,0.0,10.99611789,0.0,0.0,0.0,0.0,0.0
log_det,wine_n100_alpha3,winequality-red_n100_alpha3,100,1,11,,9.164004962,9.164004962,7.462143153,0,-5.292444515,solved (0.2 s),solved (0.4 s),1,0,best_found,1.869503641,1.0,0.7959949117495906,1.0,1.0,1.0,9.619847084,0.0,0.0,0.0,0.0,0.0,,,,,,,-212.50753780698264,1.0,24.18937393510576,1.0,1.0,1.0,9.5601274551,0.0,0.0,0.0,0.0,0.0,1.869503641,1.0,0.7959949117495906,1.0,1.0,1.0,12.09572968,0.0,0.0,0.0,0.0,0.0,12.09572968,0.0,0.0,0.0,0.0,0.0,12.09572968,0.0,0.0,0.0,0.0,0.0,12.09572968,0.0,0.0,0.0,0.0,0.0,12.09572968,0.0,0.0,0.0,0.0,0.0
log_det,wine_n100_alpha3,winequality-red_n100_alpha3,100,1,12,,9.38372461,9.38372461,7.444744553,0,-5.292444515,solved (0.2 s),solved (0.4 s),1,0,best_found,1.869503641,1.0,0.8007716851571159,1.0,1.0,1.0,9.486106546,0.0,0.0,0.0,0.0,0.0,,,,,,,-212.50753780698264,1.0,23.646395396186147,1.0,1.0,1.0,9.461879722299999,0.0,0.0,0.0,0.0,0.0,1.869503641,1.0,0.8007716851571159,1.0,1.0,1.0,13.19534147,0.0,0.0,0.0,0.0,0.0,13.19534147,0.0,0.0,0.0,0.0,0.0,13.19534147,0.0,0.0,0.0,0.0,0.0,13.19534147,0.0,0.0,0.0,0.0,0.0,13.19534147,0.0,0.0,0.0,0.0,0.0
log_det,wine_n100_alpha3,winequality-red_n100_alpha3,100,1,13,,9.447121166,9.447121166,7.423068408,0,-5.292444515,solved (0.2 s),solved (0.4 s),1,0,best_found,1.869503641,1.0,0.8021086415480405,1.0,1.0,1.0,9.461879722,0.0,0.0,0.0,0.0,0.0,,,,,,,-212.50753780698264,1.0,23.49442280594357,1.0,1.0,1.0,9.46187972201,0.0,0.0,0.0,0.0,0.0,1.869503641,1.0,0.8021086415480405,1.0,1.0,1.0,14.29495326,0.0,0.0,0.0,0.0,0.0,14.29495326,0.0,0.0,0.0,0.0,0.0,14.29495326,0.0,0.0,0.0,0.0,0.0,14.29495326,0.0,0.0,0.0,0.0,0.0,14.29495326,0.0,0.0,0.0,0.0,0.0
log_det,wine_n100_alpha3,winequality-red_n100_alpha3,100,1,14,,9.461879722,9.461879722,7.458963994,0,-5.292444515,solved (0.2 s),solved (0.4 s),1,0,best_found,1.869503641,1.0,0.8024173107323294,1.0,1.0,1.0,9.461879722,0.0,0.0,0.0,0.0,0.0,,,,,,,-212.50753780698264,1.0,23.459336204927357,1.0,1.0,1.0,9.461879722,0.0,0.0,0.0,0.0,0.0,1.869503641,1.0,0.8024173107323294,1.0,1.0,1.0,15.39456505,0.0,0.0,0.0,0.0,0.0,15.39456505,0.0,0.0,0.0,0.0,0.0,15.39456505,0.0,0.0,0.0,0.0,0.0,15.39456505,0.0,0.0,0.0,0.0,0.0,15.39456505,0.0,0.0,0.0,0.0,0.0
log_det,wine_n100_alpha3,winequality-red_n100_alpha3,100,1,15,,9.461879722,9.461879722,7.3466804,0,-5.292444515,solved (0.2 s),solved (0.4 s),1,0,best_found,1.869503641,1.0,0.8024173107323294,1.0,1.0,1.0,9.461879722,0.0,0.0,0.0,0.0,0.0,,,,,,,-212.50753780698264,1.0,23.459336204927357,1.0,1.0,1.0,9.461879722,0.0,0.0,0.0,0.0,0.0,1.869503641,1.0,0.8024173107323294,1.0,1.0,1.0,16.49417684,0.0,0.0,0.0,0.0,0.0,16.49417684,0.0,0.0,0.0,0.0,0.0,16.49417684,0.0,0.0,0.0,0.0,0.0,16.49417684,0.0,0.0,0.0,0.0,0.0,16.49417684,0.0,0.0,0.0,0.0,0.0
log_det,wine_n100_alpha3,winequality-red_n100_alpha3,100,1,16,,9.461879722,9.461879722,7.321117318,0,-5.292444515,solved (0.2 s),solved (0.4 s),1,0,best_found,1.869503641,1.0,0.8024173107323294,1.0,1.0,1.0,9.461879722,0.0,0.0,0.0,0.0,0.0,,,,,,,-212.50753780698264,1.0,23.459336204927357,1.0,1.0,1.0,9.461879722,0.0,0.0,0.0,0.0,0.0,1.869503641,1.0,0.8024173107323294,1.0,1.0,1.0,17.59378862,0.0,0.0,0.0,0.0,0.0,17.59378862,0.0,0.0,0.0,0.0,0.0,17.59378862,0.0,0.0,0.0,0.0,0.0,17.59378862,0.0,0.0,0.0,0.0,0.0,17.59378862,0.0,0.0,0.0,0.0,0.0
log_det,wine_n100_alpha3,winequality-red_n100_alpha3,100,1,17,,9.461879722,9.461879722,7.387003122,0,-5.292444515,solved (0.2 s),solved (0.4 s),1,0,best_found,1.869503641,1.0,0.8024173107323294,1.0,1.0,1.0,9.461879722,0.0,0.0,0.0,0.0,0.0,,,,,,,-212.50753780698264,1.0,23.459336204927357,1.0,1.0,1.0,9.461879722,0.0,0.0,0.0,0.0,0.0,1.869503641,1.0,0.8024173107323294,1.0,1.0,1.0,18.69340041,0.0,0.0,0.0,0.0,0.0,18.69340041,0.0,0.0,0.0,0.0,0.0,18.69340041,0.0,0.0,0.0,0.0,0.0,18.51312232,0.0,0.0,0.0,0.0,0.0,18.51295738,0.0,0.0,0.0,0.0,0.0
log_det,wine_n100_alpha3,winequality-red_n100_alpha3,100,1,18,,9.517954489,9.461879722,7.382501904,0,-5.292444515,solved (0.2 s),solved (0.4 s),1,0,best_found,1.869503641,1.0,0.8035813637099647,1.0,1.0,1.0,9.461879722,1.0,0.005891472486531067,0.0,0.0,1.0,,,,,,,-212.50753780698264,1.0,23.32701764361028,1.0,1.0,1.0,9.461879722,1.0,0.005891472486531067,0.0,0.0,1.0,1.869503641,1.0,0.8035813637099647,1.0,1.0,1.0,19.7930122,0.0,0.0,0.0,0.0,0.0,19.7930122,0.0,0.0,0.0,0.0,0.0,19.66269545,0.0,0.0,0.0,0.0,0.0,18.97291724,0.0,0.0,0.0,0.0,0.0,18.97291724,0.0,0.0,0.0,0.0,0.0
log_det,wine_n100_alpha3,winequality-red_n100_alpha3,100,1,19,,9.461879722,9.461879722,7.368092258,0,-5.292444515,solved (0.2 s),solved (0.4 s),1,0,best_found,1.869503641,1.0,0.8024173107323294,1.0,1.0,1.0,9.461879722,0.0,0.0,0.0,0.0,0.0,,,,,,,-212.50753780698264,1.0,23.459336204927357,1.0,1.0,1.0,9.461879722,0.0,0.0,0.0,0.0,0.0,1.869503641,1.0,0.8024173107323294,1.0,1.0,1.0,20.89262399,0.0,0.0,0.0,0.0,0.0,20.89262399,0.0,0.0,0.0,0.0,0.0,20.28254888,0.0,0.0,0.0,0.0,0.0,19.36244026,0.0,0.0,0.0,0.0,0.0,19.36244026,0.0,0.0,0.0,0.0,0.0
log_det,wine_n100_alpha3,winequality-red_n100_alpha3,100,1,20,,9.641017323,9.461879722,7.255742266,0,-5.292444515,solved (0.2 s),solved (0.4 s),1,0,best_found,1.869503641,1.0,0.8060885507860217,1.0,1.0,1.0,9.461879722,1.0,0.01858077783686179,0.0,0.0,1.0,,,,,,,-212.50753780698264,1.0,23.042024268540217,1.0,1.0,1.0,9.461879722,1.0,0.01858077783686179,0.0,0.0,1.0,1.869503641,1.0,0.8060885507860217,1.0,1.0,1.0,21.99223578,0.0,0.0,0.0,0.0,0.0,21.99223578,0.0,0.0,0.0,0.0,0.0,20.90024144,0.0,0.0,0.0,0.0,0.0,19.70815324,0.0,0.0,0.0,0.0,0.0,19.70794962,0.0,0.0,0.0,0.0,0.0
log_det,wine_n100_alpha3,winequality-red_n100_alpha3,100,1,21,,9.461879722,9.461879722,7.26632692,0,-5.292444515,solved (0.2 s),solved (0.4 s),1,0,best_found,1.869503641,1.0,0.8024173107323294,1.0,1.0,1.0,9.461879722,0.0,0.0,0.0,0.0,0.0,,,,,,,-212.50753780698264,1.0,23.459336204927357,1.0,1.0,1.0,9.461879722,0.0,0.0,0.0,0.0,0.0,1.869503641,1.0,0.8024173107323294,1.0,1.0,1.0,23.09184757,0.0,0.0,0.0,0.0,0.0,23.09184757,0.0,0.0,0.0,0.0,0.0,21.51548537,0.0,0.0,0.0,0.0,0.0,19.98861827,0.0,0.0,0.0,0.0,0.0,19.98831902,0.0,0.0,0.0,0.0,0.0
log_det,wine_n100_alpha3,winequality-red_n100_alpha3,100,1,22,,9.578957016,9.461879722,7.308143219,0,-5.292444515,solved (0.2 s),solved (0.4 s),1,0,best_found,1.869503641,1.0,0.8048322340441328,1.0,1.0,1.0,9.461879722,1.0,0.012222342558218193,0.0,0.0,1.0,,,,,,,-212.50753780698264,1.0,23.184830504200544,1.0,1.0,1.0,9.461879722,1.0,0.012222342558218193,0.0,0.0,1.0,1.869503641,1.0,0.8048322340441328,1.0,1.0,1.0,24.19145936,0.0,0.0,0.0,0.0,0.0,24.04363137,0.0,0.0,0.0,0.0,0.0,22.08849824,0.0,0.0,0.0,0.0,0.0,20.16932057,0.0,0.0,0.0,0.0,0.0,20.16885411,0.0,0.0,0.0,0.0,0.0
log_det,wine_n100_alpha3,winequality-red_n100_alpha3,100,1,23,,9.461879722,9.461879722,7.287823328,0,-5.292444515,solved (0.2 s),solved (0.4 s),1,0,best_found,1.869503641,1.0,0.8024173107323294,1.0,1.0,1.0,9.461879722,0.0,0.0,0.0,0.0,0.0,,,,,,,-212.50753780698264,1.0,23.459336204927357,1.0,1.0,1.0,9.461879722,0.0,0.0,0.0,0.0,0.0,1.869503641,1.0,0.8024173107323294,1.0,1.0,1.0,25.29107115,0.0,0.0,0.0,0.0,0.0,24.04363137,0.0,0.0,0.0,0.0,0.0,22.63475028,0.0,0.0,0.0,0.0,0.0,20.25824055,0.0,0.0,0.0,0.0,0.0,20.25814864,0.0,0.0,0.0,0.0,0.0
log_det,wine_n100_alpha3,winequality-red_n100_alpha3,100,1,24,,9.57132339,9.461879722,7.163583058,0,-5.292444515,solved (0.2 s),solved (0.4 s),1,0,best_found,1.869503641,1.0,0.8046765776451317,1.0,1.0,1.0,9.461879722,1.0,0.011434538729967523,0.0,0.0,1.0,,,,,,,-212.50753780698264,1.0,23.202524055242755,1.0,1.0,1.0,9.461879722,1.0,0.011434538729967523,0.0,0.0,1.0,1.869503641,1.0,0.8046765776451317,1.0,1.0,1.0,26.39068294,0.0,0.0,0.0,0.0,0.0,24.04363137,0.0,0.0,0.0,0.0,0.0,23.16396662,0.0,0.0,0.0,0.0,0.0,20.25824055,0.0,0.0,0.0,0.0,0.0,20.25814864,0.0,0.0,0.0,0.0,0.0
log_det,wine_n100_alpha3,winequality-red_n100_alpha3,100,1,25,,9.461879722,9.461879722,7.203720956,0,-5.292444515,solved (0.2 s),solved (0.4 s),1,0,best_found,1.869503641,1.0,0.8024173107323294,1.0,1.0,1.0,9.461879722,0.0,0.0,0.0,0.0,0.0,,,,,,,-212.50753780698264,1.0,23.459336204927357,1.0,1.0,1.0,9.461879722,0.0,0.0,0.0,0.0,0.0,1.869503641,1.0,0.8024173107323294,1.0,1.0,1.0,27.49029473,0.0,0.0,0.0,0.0,0.0,24.04363137,0.0,0.0,0.0,0.0,0.0,23.65708372,0.0,0.0,0.0,0.0,0.0,20.25824055,0.0,0.0,0.0,0.0,0.0,20.25814864,0.0,0.0,0.0,0.0,0.0
log_det,wine_n100_alpha3,winequality-red_n100_alpha3,100,1,26,,9.461879722,9.461879722,7.18842125,0,-5.292444515,solved (0.2 s),solved (0.4 s),1,0,best_found,1.869503641,1.0,0.8024173107323294,1.0,1.0,1.0,9.461879722,0.0,0.0,0.0,0.0,0.0,,,,,,,-212.50753780698264,1.0,23.459336204927357,1.0,1.0,1.0,9.461879722,0.0,0.0,0.0,0.0,0.0,1.869503641,1.0,0.8024173107323294,1.0,1.0,1.0,28.58990651,0.0,0.0,0.0,0.0,0.0,24.04363137,0.0,0.0,0.0,0.0,0.0,23.75251027,0.0,0.0,0.0,0.0,0.0,20.25824055,0.0,0.0,0.0,0.0,0.0,20.25814864,0.0,0.0,0.0,0.0,0.0
log_det,wine_n100_alpha3,winequality-red_n100_alpha3,100,1,27,,9.461879722,9.461879722,7.204304845,0,-5.292444515,solved (0.2 s),solved (0.4 s),1,0,best_found,1.869503641,1.0,0.8024173107323294,1.0,1.0,1.0,9.461879722,0.0,0.0,0.0,0.0,0.0,,,,,,,-212.50753780698264,1.0,23.459336204927357,1.0,1.0,1.0,9.461879722,0.0,0.0,0.0,0.0,0.0,1.869503641,1.0,0.8024173107323294,1.0,1.0,1.0,29.6895183,0.0,0.0,0.0,0.0,0.0,24.04363137,0.0,0.0,0.0,0.0,0.0,23.75251027,0.0,0.0,0.0,0.0,0.0,20.25824055,0.0,0.0,0.0,0.0,0.0,20.25814864,0.0,0.0,0.0,0.0,0.0
log_det,wine_n100_alpha3,winequality-red_n100_alpha3,100,1,28,,9.461879722,9.461879722,7.051493518,0,-5.292444515,solved (0.2 s),solved (0.4 s),1,0,best_found,1.869503641,1.0,0.8024173107323294,1.0,1.0,1.0,9.461879722,0.0,0.0,0.0,0.0,0.0,,,,,,,-212.50753780698264,1.0,23.459336204927357,1.0,1.0,1.0,9.461879722,0.0,0.0,0.0,0.0,0.0,1.869503641,1.0,0.8024173107323294,1.0,1.0,1.0,30.78913009,0.0,0.0,0.0,0.0,0.0,24.04363137,0.0,0.0,0.0,0.0,0.0,23.75251027,0.0,0.0,0.0,0.0,0.0,20.25824055,0.0,0.0,0.0,0.0,0.0,20.25814864,0.0,0.0,0.0,0.0,0.0
log_det,wine_n100_alpha3,winequality-red_n100_alpha3,100,1,29,,9.461879722,9.461879722,7.009913973,0,-5.292444515,solved (0.2 s),solved (0.4 s),1,0,best_found,1.869503641,1.0,0.8024173107323294,1.0,1.0,1.0,9.461879722,0.0,0.0,0.0,0.0,0.0,,,,,,,-212.50753780698264,1.0,23.459336204927357,1.0,1.0,1.0,9.461879722,0.0,0.0,0.0,0.0,0.0,1.869503641,1.0,0.8024173107323294,1.0,1.0,1.0,31.88874188,0.0,0.0,0.0,0.0,0.0,24.04363137,0.0,0.0,0.0,0.0,0.0,23.75251027,0.0,0.0,0.0,0.0,0.0,20.25824055,0.0,0.0,0.0,0.0,0.0,20.25814864,0.0,0.0,0.0,0.0,0.0
log_det,wine_n100_alpha3,winequality-red_n100_alpha3,100,1,30,,9.461879722,9.461879722,7.034775462,0,-5.292444515,solved (0.2 s),solved (0.4 s),1,0,best_found,1.869503641,1.0,0.8024173107323294,1.0,1.0,1.0,9.461879722,0.0,0.0,0.0,0.0,0.0,,,,,,,-212.50753780698264,1.0,23.459336204927357,1.0,1.0,1.0,9.461879722,0.0,0.0,0.0,0.0,0.0,1.869503641,1.0,0.8024173107323294,1.0,1.0,1.0,32.98835367,0.0,0.0,0.0,0.0,0.0,24.04363137,0.0,0.0,0.0,0.0,0.0,23.75251027,0.0,0.0,0.0,0.0,0.0,20.25824055,0.0,0.0,0.0,0.0,0.0,20.25814864,0.0,0.0,0.0,0.0,0.0
log_det,wine_n100_alpha3,winequality-red_n100_alpha3,100,1,31,,9.461879722,9.461879722,7.000372227,0,-5.292444515,solved (0.2 s),solved (0.4 s),1,0,best_found,1.869503641,1.0,0.8024173107323294,1.0,1.0,1.0,9.461879722,0.0,0.0,0.0,0.0,0.0,,,,,,,-212.50753780698264,1.0,23.459336204927357,1.0,1.0,1.0,9.461879722,0.0,0.0,0.0,0.0,0.0,1.869503641,1.0,0.8024173107323294,1.0,1.0,1.0,34.08796546,0.0,0.0,0.0,0.0,0.0,24.04363137,0.0,0.0,0.0,0.0,0.0,23.75251027,0.0,0.0,0.0,0.0,0.0,20.25824055,0.0,0.0,0.0,0.0,0.0,20.25814864,0.0,0.0,0.0,0.0,0.0
log_det,wine_n100_alpha3,winequality-red_n100_alpha3,100,1,32,,9.461879722,9.461879722,7.098136814,0,-5.292444515,solved (0.2 s),solved (0.4 s),1,0,best_found,1.869503641,1.0,0.8024173107323294,1.0,1.0,1.0,9.461879722,0.0,0.0,0.0,0.0,0.0,,,,,,,-212.50753780698264,1.0,23.459336204927357,1.0,1.0,1.0,9.461879722,0.0,0.0,0.0,0.0,0.0,1.869503641,1.0,0.8024173107323294,1.0,1.0,1.0,35.18757725,0.0,0.0,0.0,0.0,0.0,24.04363137,0.0,0.0,0.0,0.0,0.0,23.75251027,0.0,0.0,0.0,0.0,0.0,20.25824055,0.0,0.0,0.0,0.0,0.0,20.25814864,0.0,0.0,0.0,0.0,0.0
log_det,wine_n100_alpha3,winequality-red_n100_alpha3,100,1,33,,9.461879722,9.461879722,6.973291614,0,-5.292444515,solved (0.2 s),solved (0.4 s),1,0,best_found,1.869503641,1.0,0.8024173107323294,1.0,1.0,1.0,9.461879722,0.0,0.0,0.0,0.0,0.0,,,,,,,-212.50753780698264,1.0,23.459336204927357,1.0,1.0,1.0,9.461879722,0.0,0.0,0.0,0.0,0.0,1.869503641,1.0,0.8024173107323294,1.0,1.0,1.0,36.28718904,0.0,0.0,0.0,0.0,0.0,24.04363137,0.0,0.0,0.0,0.0,0.0,23.75251027,0.0,0.0,0.0,0.0,0.0,20.25824055,0.0,0.0,0.0,0.0,0.0,20.25814864,0.0,0.0,0.0,0.0,0.0
log_det,wine_n100_alpha3,winequality-red_n100_alpha3,100,1,34,,9.461879722,9.461879722,6.892099181,0,-5.292444515,solved (0.2 s),solved (0.4 s),1,0,best_found,1.869503641,1.0,0.8024173107323294,1.0,1.0,1.0,9.461879722,0.0,0.0,0.0,0.0,0.0,,,,,,,-212.50753780698264,1.0,23.459336204927357,1.0,1.0,1.0,9.461879722,0.0,0.0,0.0,0.0,0.0,1.869503641,1.0,0.8024173107323294,1.0,1.0,1.0,37.38680083,0.0,0.0,0.0,0.0,0.0,24.04363137,0.0,0.0,0.0,0.0,0.0,23.75251027,0.0,0.0,0.0,0.0,0.0,20.25824055,0.0,0.0,0.0,0.0,0.0,20.25814864,0.0,0.0,0.0,0.0,0.0
log_det,wine_n100_alpha3,winequality-red_n100_alpha3,100,1,35,,9.461879722,9.461879722,7.016421086,0,-5.292444515,solved (0.2 s),solved (0.4 s),1,0,best_found,1.869503641,1.0,0.8024173107323294,1.0,1.0,1.0,9.461879722,0.0,0.0,0.0,0.0,0.0,,,,,,,-212.50753780698264,1.0,23.459336204927357,1.0,1.0,1.0,9.461879722,0.0,0.0,0.0,0.0,0.0,1.869503641,1.0,0.8024173107323294,1.0,1.0,1.0,38.48641262,0.0,0.0,0.0,0.0,0.0,24.04363137,0.0,0.0,0.0,0.0,0.0,23.75251027,0.0,0.0,0.0,0.0,0.0,20.25824055,0.0,0.0,0.0,0.0,0.0,20.25814864,0.0,0.0,0.0,0.0,0.0
log_det,wine_n100_alpha3,winequality-red_n100_alpha3,100,1,36,,9.461879722,9.461879722,6.912715777,0,-5.292444515,solved (0.2 s),solved (0.4 s),1,0,best_found,1.869503641,1.0,0.8024173107323294,1.0,1.0,1.0,9.461879722,0.0,0.0,0.0,0.0,0.0,,,,,,,-212.50753780698264,1.0,23.459336204927357,1.0,1.0,1.0,9.461879722,0.0,0.0,0.0,0.0,0.0,1.869503641,1.0,0.8024173107323294,1.0,1.0,1.0,39.5860244,0.0,0.0,0.0,0.0,0.0,24.04363137,0.0,0.0,0.0,0.0,0.0,23.75251027,0.0,0.0,0.0,0.0,0.0,20.25824055,0.0,0.0,0.0,0.0,0.0,20.25814864,0.0,0.0,0.0,0.0,0.0
log_det,wine_n100_alpha3,winequality-red_n100_alpha3,100,1,37,,9.461879722,9.461879722,6.964659922,0,-5.292444515,solved (0.2 s),solved (0.4 s),1,0,best_found,1.869503641,1.0,0.8024173107323294,1.0,1.0,1.0,9.461879722,0.0,0.0,0.0,0.0,0.0,,,,,,,-212.50753780698264,1.0,23.459336204927357,1.0,1.0,1.0,9.461879722,0.0,0.0,0.0,0.0,0.0,1.869503641,1.0,0.8024173107323294,1.0,1.0,1.0,40.68563619,0.0,0.0,0.0,0.0,0.0,24.04363137,0.0,0.0,0.0,0.0,0.0,23.75251027,0.0,0.0,0.0,0.0,0.0,20.25824055,0.0,0.0,0.0,0.0,0.0,20.25814864,0.0,0.0,0.0,0.0,0.0
log_det,wine_n100_alpha3,winequality-red_n100_alpha3,100,1,38,,9.461879722,9.461879722,6.921942177,0,-5.292444515,solved (0.2 s),solved (0.4 s),1,0,best_found,1.869503641,1.0,0.8024173107323294,1.0,1.0,1.0,9.461879722,0.0,0.0,0.0,0.0,0.0,,,,,,,-212.50753780698264,1.0,23.459336204927357,1.0,1.0,1.0,9.461879722,0.0,0.0,0.0,0.0,0.0,1.869503641,1.0,0.8024173107323294,1.0,1.0,1.0,41.78524798,0.0,0.0,0.0,0.0,0.0,24.04363137,0.0,0.0,0.0,0.0,0.0,23.75251027,0.0,0.0,0.0,0.0,0.0,20.25824055,0.0,0.0,0.0,0.0,0.0,20.25814864,0.0,0.0,0.0,0.0,0.0
log_det,wine_n100_alpha3,winequality-red_n100_alpha3,100,1,39,,9.461879722,9.461879722,6.903955045,0,-5.292444515,solved (0.2 s),solved (0.4 s),1,0,best_found,1.869503641,1.0,0.8024173107323294,1.0,1.0,1.0,9.461879722,0.0,0.0,0.0,0.0,0.0,,,,,,,-212.50753780698264,1.0,23.459336204927357,1.0,1.0,1.0,9.461879722,0.0,0.0,0.0,0.0,0.0,1.869503641,1.0,0.8024173107323294,1.0,1.0,1.0,42.88485977,0.0,0.0,0.0,0.0,0.0,24.04363137,0.0,0.0,0.0,0.0,0.0,23.75251027,0.0,0.0,0.0,0.0,0.0,20.25824055,0.0,0.0,0.0,0.0,0.0,20.25814864,0.0,0.0,0.0,0.0,0.0
log_det,wine_n100_alpha3,winequality-red_n100_alpha3,100,1,40,,9.461879722,9.461879722,6.961153621,0,-5.292444515,solved (0.2 s),solved (0.4 s),1,0,best_found,1.869503641,1.0,0.8024173107323294,1.0,1.0,1.0,9.461879722,0.0,0.0,0.0,0.0,0.0,,,,,,,-212.50753780698264,1.0,23.459336204927357,1.0,1.0,1.0,9.461879722,0.0,0.0,0.0,0.0,0.0,1.869503641,1.0,0.8024173107323294,1.0,1.0,1.0,43.98447156,0.0,0.0,0.0,0.0,0.0,24.04363137,0.0,0.0,0.0,0.0,0.0,23.75251027,0.0,0.0,0.0,0.0,0.0,20.25824055,0.0,0.0,0.0,0.0,0.0,20.25814864,0.0,0.0,0.0,0.0,0.0
log_det,wine_n100_alpha3,winequality-red_n100_alpha3,100,1,41,,9.461879722,9.461879722,6.784956964,0,-5.292444515,solved (0.2 s),solved (0.4 s),1,0,best_found,1.869503641,1.0,0.8024173107323294,1.0,1.0,1.0,9.461879722,0.0,0.0,0.0,0.0,0.0,,,,,,,-212.50753780698264,1.0,23.459336204927357,1.0,1.0,1.0,9.461879722,0.0,0.0,0.0,0.0,0.0,1.869503641,1.0,0.8024173107323294,1.0,1.0,1.0,45.08408335,0.0,0.0,0.0,0.0,0.0,24.04363137,0.0,0.0,0.0,0.0,0.0,23.75251027,0.0,0.0,0.0,0.0,0.0,20.25824055,0.0,0.0,0.0,0.0,0.0,20.25814864,0.0,0.0,0.0,0.0,0.0
log_det,wine_n100_alpha3,winequality-red_n100_alpha3,100,1,42,,9.461879722,9.461879722,6.827471817,0,-5.292444515,solved (0.2 s),solved (0.4 s),1,0,best_found,1.869503641,1.0,0.8024173107323294,1.0,1.0,1.0,9.461879722,0.0,0.0,0.0,0.0,0.0,,,,,,,-212.50753780698264,1.0,23.459336204927357,1.0,1.0,1.0,9.461879722,0.0,0.0,0.0,0.0,0.0,1.869503641,1.0,0.8024173107323294,1.0,1.0,1.0,46.18369514,0.0,0.0,0.0,0.0,0.0,24.04363137,0.0,0.0,0.0,0.0,0.0,23.75251027,0.0,0.0,0.0,0.0,0.0,20.25824055,0.0,0.0,0.0,0.0,0.0,20.25814864,0.0,0.0,0.0,0.0,0.0
log_det,wine_n100_alpha3,winequality-red_n100_alpha3,100,1,43,,9.461879722,9.461879722,6.746871714,0,-5.292444515,solved (0.2 s),solved (0.4 s),1,0,best_found,1.869503641,1.0,0.8024173107323294,1.0,1.0,1.0,9.461879722,0.0,0.0,0.0,0.0,0.0,,,,,,,-212.50753780698264,1.0,23.459336204927357,1.0,1.0,1.0,9.461879722,0.0,0.0,0.0,0.0,0.0,1.869503641,1.0,0.8024173107323294,1.0,1.0,1.0,47.28330693,0.0,0.0,0.0,0.0,0.0,24.04363137,0.0,0.0,0.0,0.0,0.0,23.75251027,0.0,0.0,0.0,0.0,0.0,20.25824055,0.0,0.0,0.0,0.0,0.0,20.25814864,0.0,0.0,0.0,0.0,0.0
log_det,wine_n100_alpha3,winequality-red_n100_alpha3,100,1,44,,9.461879722,9.461879722,6.787022001,0,-5.292444515,solved (0.2 s),solved (0.4 s),1,0,best_found,1.869503641,1.0,0.8024173107323294,1.0,1.0,1.0,9.461879722,0.0,0.0,0.0,0.0,0.0,,,,,,,-212.50753780698264,1.0,23.459336204927357,1.0,1.0,1.0,9.461879722,0.0,0.0,0.0,0.0,0.0,1.869503641,1.0,0.8024173107323294,1.0,1.0,1.0,48.38291872,0.0,0.0,0.0,0.0,0.0,24.04363137,0.0,0.0,0.0,0.0,0.0,23.75251027,0.0,0.0,0.0,0.0,0.0,20.25824055,0.0,0.0,0.0,0.0,0.0,20.25814864,0.0,0.0,0.0,0.0,0.0
log_det,wine_n100_alpha3,winequality-red_n100_alpha3,100,1,45,,9.461879722,9.461879722,6.819331495,0,-5.292444515,solved (0.2 s),solved (0.4 s),1,0,best_found,1.869503641,1.0,0.8024173107323294,1.0,1.0,1.0,9.461879722,0.0,0.0,0.0,0.0,0.0,,,,,,,-212.50753780698264,1.0,23.459336204927357,1.0,1.0,1.0,9.461879722,0.0,0.0,0.0,0.0,0.0,1.869503641,1.0,0.8024173107323294,1.0,1.0,1.0,49.48253051,0.0,0.0,0.0,0.0,0.0,24.04363137,0.0,0.0,0.0,0.0,0.0,23.75251027,0.0,0.0,0.0,0.0,0.0,20.25824055,0.0,0.0,0.0,0.0,0.0,20.25814864,0.0,0.0,0.0,0.0,0.0
log_det,wine_n100_alpha3,winequality-red_n100_alpha3,100,1,46,,9.461879722,9.461879722,6.825707957,0,-5.292444515,solved (0.2 s),solved (0.4 s),1,0,best_found,1.869503641,1.0,0.8024173107323294,1.0,1.0,1.0,9.461879722,0.0,0.0,0.0,0.0,0.0,,,,,,,-212.50753780698264,1.0,23.459336204927357,1.0,1.0,1.0,9.461879722,0.0,0.0,0.0,0.0,0.0,1.869503641,1.0,0.8024173107323294,1.0,1.0,1.0,50.58214229,0.0,0.0,0.0,0.0,0.0,24.04363137,0.0,0.0,0.0,0.0,0.0,23.75251027,0.0,0.0,0.0,0.0,0.0,20.25824055,0.0,0.0,0.0,0.0,0.0,20.25814864,0.0,0.0,0.0,0.0,0.0
log_det,wine_n100_alpha3,winequality-red_n100_alpha3,100,1,47,,9.461879722,9.461879722,6.725479362,0,-5.292444515,solved (0.2 s),solved (0.4 s),1,0,best_found,1.869503641,1.0,0.8024173107323294,1.0,1.0,1.0,9.461879722,0.0,0.0,0.0,0.0,0.0,,,,,,,-212.50753780698264,1.0,23.459336204927357,1.0,1.0,1.0,9.461879722,0.0,0.0,0.0,0.0,0.0,1.869503641,1.0,0.8024173107323294,1.0,1.0,1.0,51.68175408,0.0,0.0,0.0,0.0,0.0,24.04363137,0.0,0.0,0.0,0.0,0.0,23.75251027,0.0,0.0,0.0,0.0,0.0,20.25824055,0.0,0.0,0.0,0.0,0.0,20.25814864,0.0,0.0,0.0,0.0,0.0
log_det,wine_n100_alpha3,winequality-red_n100_alpha3,100,1,48,,9.461879722,9.461879722,6.837234927,0,-5.292444515,solved (0.2 s),solved (0.4 s),1,0,best_found,1.869503641,1.0,0.8024173107323294,1.0,1.0,1.0,9.461879722,0.0,0.0,0.0,0.0,0.0,,,,,,,-212.50753780698264,1.0,23.459336204927357,1.0,1.0,1.0,9.461879722,0.0,0.0,0.0,0.0,0.0,1.869503641,1.0,0.8024173107323294,1.0,1.0,1.0,52.78136587,0.0,0.0,0.0,0.0,0.0,24.04363137,0.0,0.0,0.0,0.0,0.0,23.75251027,0.0,0.0,0.0,0.0,0.0,20.25824055,0.0,0.0,0.0,0.0,0.0,20.25814864,0.0,0.0,0.0,0.0,0.0
log_det,wine_n100_alpha3,winequality-red_n100_alpha3,100,1,49,,9.461879722,9.461879722,6.784216166,0,-5.292444515,solved (0.2 s),solved (0.4 s),1,0,best_found,1.869503641,1.0,0.8024173107323294,1.0,1.0,1.0,9.461879722,0.0,0.0,0.0,0.0,0.0,,,,,,,-212.50753780698264,1.0,23.459336204927357,1.0,1.0,1.0,9.461879722,0.0,0.0,0.0,0.0,0.0,1.869503641,1.0,0.8024173107323294,1.0,1.0,1.0,53.88097766,0.0,0.0,0.0,0.0,0.0,24.04363137,0.0,0.0,0.0,0.0,0.0,23.75251027,0.0,0.0,0.0,0.0,0.0,20.25824055,0.0,0.0,0.0,0.0,0.0,20.25814864,0.0,0.0,0.0,0.0,0.0
log_det,wine_n100_alpha3,winequality-red_n100_alpha3,100,1,50,,9.461879722,9.461879722,6.748789528,0,-5.292444515,solved (0.2 s),solved (0.4 s),1,0,best_found,1.869503641,1.0,0.8024173107323294,1.0,1.0,1.0,9.461879722,0.0,0.0,0.0,0.0,0.0,,,,,,,-212.50753780698264,1.0,23.459336204927357,1.0,1.0,1.0,9.461879722,0.0,0.0,0.0,0.0,0.0,1.869503641,1.0,0.8024173107323294,1.0,1.0,1.0,54.98058945,0.0,0.0,0.0,0.0,0.0,24.04363137,0.0,0.0,0.0,0.0,0.0,23.75251027,0.0,0.0,0.0,0.0,0.0,20.25824055,0.0,0.0,0.0,0.0,0.0,20.25814864,0.0,0.0,0.0,0.0,0.0
log_det,wine_n100_alpha3,winequality-red_n100_alpha3,100,2,1,1.099611789,1.099611789,1.099611789,1.099611789,0,-5.27563465,solved (0.3 s),solved (0.4 s),1,0,opt,1.099611789,0.0,0.0,0.0,0.0,0.0,1.099611789,0.0,0.0,0.0,0.0,0.0,,,,,,,-217.33408111688087,1.0,198.646190492853,1.0,1.0,1.0,1.099611789,0.0,0.0,0.0,0.0,0.0,1.099611789,0.0,0.0,0.0,0.0,0.0,1.099611789,0.0,0.0,0.0,0.0,0.0,1.099611789,0.0,0.0,0.0,0.0,0.0,1.099611789,0.0,0.0,0.0,0.0,0.0,1.099611789,0.0,0.0,0.0,0.0,0.0,1.099611789,0.0,0.0,0.0,0.0,0.0
log_det,wine_n100_alpha3,winequality-red_n100_alpha3,100,2,2,2.199031381,2.199031381,2.197870534,2.194115446,0,-5.27563465,solved (0.3 s),solved (0.4 s),1,0,opt,2.199223578,0.0,0.0,0.0,0.0,0.0,2.199223578,0.0,0.0,0.0,0.0,0.0,,,,,,,-217.33408111688087,1.0,99.83173245942908,1.0,1.0,1.0,2.199223578,0.0,0.0,0.0,0.0,0.0,2.199223578,0.0,0.0,0.0,0.0,0.0,2.199223578,0.0,0.0,0.0,0.0,0.0,2.199223578,0.0,0.0,0.0,0.0,0.0,2.199223578,0.0,0.0,0.0,0.0,0.0,2.199223578,0.0,0.0,0.0,0.0,0.0,2.199223578,0.0,0.0,0.0,0.0,0.0
log_det,wine_n100_alpha3,winequality-red_n100_alpha3,100,2,3,3.297242963,3.297242963,3.291064589,3.20225937,0,-5.27563465,solved (0.3 s),solved (0.4 s),1,0,opt,2.445432711,1.0,0.2583401531396338,1.0,1.0,1.0,3.298835367,0.0,0.0,0.0,0.0,0.0,,,,,,,-217.33408111688087,1.0,66.9138812503945,1.0,1.0,1.0,3.298835367,0.0,0.0,0.0,0.0,0.0,2.445432711,1.0,0.2583401531396338,1.0,1.0,1.0,3.298835367,0.0,0.0,0.0,0.0,0.0,3.298835367,0.0,0.0,0.0,0.0,0.0,3.298835367,0.0,0.0,0.0,0.0,0.0,3.298835367,0.0,0.0,0.0,0.0,0.0,3.298835367,0.0,0.0,0.0,0.0,0.0
log_det,wine_n100_alpha3,winequality-red_n100_alpha3,100,2,4,,4.347878285,4.347878285,4.1247608,0,-5.27563465,solved (0.3 s),solved (0.4 s),1,0,best_found,2.445432711,1.0,0.4375572289048105,1.0,1.0,1.0,4.398447156,0.0,0.0,0.0,0.0,0.0,,,,,,,-217.33408111688087,1.0,50.98623854459644,1.0,1.0,1.0,4.398447156,0.0,0.0,0.0,0.0,0.0,2.445432711,1.0,0.4375572289048105,1.0,1.0,1.0,4.398447156,0.0,0.0,0.0,0.0,0.0,4.398447156,0.0,0.0,0.0,0.0,0.0,4.398447156,0.0,0.0,0.0,0.0,0.0,4.398447156,0.0,0.0,0.0,0.0,0.0,4.398447156,0.0,0.0,0.0,0.0,0.0
log_det,wine_n100_alpha3,winequality-red_n100_alpha3,100,2,5,,5.329546528,5.329546528,4.947124029,0,-5.27563465,solved (0.3 s),solved (0.4 s),1,0,best_found,2.445432711,1.0,0.5411555752159483,1.0,1.0,1.0,5.498058945,0.0,0.0,0.0,0.0,0.0,,,,,,,-217.33408111688087,1.0,41.779094426714586,1.0,1.0,1.0,5.498058945,0.0,0.0,0.0,0.0,0.0,2.445432711,1.0,0.5411555752159483,1.0,1.0,1.0,5.498058945,0.0,0.0,0.0,0.0,0.0,5.498058945,0.0,0.0,0.0,0.0,0.0,5.498058945,0.0,0.0,0.0,0.0,0.0,5.498058945,0.0,0.0,0.0,0.0,0.0,5.498058945,0.0,0.0,0.0,0.0,0.0
log_det,wine_n100_alpha3,winequality-red_n100_alpha3,100,2,6,,6.16326925,6.16326925,5.602508354,0,-5.27563465,solved (0.3 s),solved (0.4 s),1,0,best_found,2.445432711,1.0,0.6032247478073427,1.0,1.0,1.0,6.597670734,0.0,0.0,0.0,0.0,0.0,,,,,,,-217.33408111688087,1.0,36.26279192116763,1.0,1.0,1.0,6.597670734,0.0,0.0,0.0,0.0,0.0,2.445432711,1.0,0.6032247478073427,1.0,1.0,1.0,6.597670734,0.0,0.0,0.0,0.0,0.0,6.597670734,0.0,0.0,0.0,0.0,0.0,6.597670734,0.0,0.0,0.0,0.0,0.0,6.597670734,0.0,0.0,0.0,0.0,0.0,6.597670734,0.0,0.0,0.0,0.0,0.0
log_det,wine_n100_alpha3,winequality-red_n100_alpha3,100,2,7,,6.937164464,6.937164464,6.229849219,0,-5.27563465,solved (0.3 s),solved (0.4 s),1,0,best_found,2.445432711,1.0,0.6474881453812394,1.0,1.0,1.0,7.697282523,0.0,0.0,0.0,0.0,0.0,,,,,,,-217.33408111688087,1.0,32.32895035784766,1.0,1.0,1.0,7.697282523,0.0,0.0,0.0,0.0,0.0,2.445432711,1.0,0.6474881453812394,1.0,1.0,1.0,7.697282523,0.0,0.0,0.0,0.0,0.0,7.697282523,0.0,0.0,0.0,0.0,0.0,7.697282523,0.0,0.0,0.0,0.0,0.0,7.697282523,0.0,0.0,0.0,0.0,0.0,7.697282523,0.0,0.0,0.0,0.0,0.0
log_det,wine_n100_alpha3,winequality-red_n100_alpha3,100,2,8,,7.525832357,7.501915629,6.657309367,0,-5.27563465,solved (0.3 s),solved (0.4 s),1,0,best_found,2.445432711,1.0,0.6750614955267465,1.0,1.0,1.0,8.796894312,0.0,0.0,0.0,0.0,0.0,,,,,,,-217.33408111688087,1.0,29.878411158698217,1.0,1.0,1.0,8.796894312,0.0,0.0,0.0,0.0,0.0,2.445432711,1.0,0.6750614955267465,1.0,1.0,1.0,8.796894312,0.0,0.0,0.0,0.0,0.0,8.796894312,0.0,0.0,0.0,0.0,0.0,8.796894312,0.0,0.0,0.0,0.0,0.0,8.796894312,0.0,0.0,0.0,0.0,0.0,8.796894312,0.0,0.0,0.0,0.0,0.0
log_det,wine_n100_alpha3,winequality-red_n100_alpha3,100,2,9,,8.108891601,8.03927162,7.02853876,0,-5.27563465,solved (0.3 s),solved (0.4 s),1,0,best_found,2.445432711,1.0,0.6984257736657342,1.0,1.0,1.0,9.896506101,0.0,0.0,0.0,0.0,0.0,,,,,,,-217.33408111688087,1.0,27.8019467777913,1.0,1.0,1.0,9.896506101,0.0,0.0,0.0,0.0,0.0,2.445432711,1.0,0.6984257736657342,1.0,1.0,1.0,9.896506101,0.0,0.0,0.0,0.0,0.0,9.896506101,0.0,0.0,0.0,0.0,0.0,9.896506101,0.0,0.0,0.0,0.0,0.0,9.896506101,0.0,0.0,0.0,0.0,0.0,9.896506101,0.0,0.0,0.0,0.0,0.0
log_det,wine_n100_alpha3,winequality-red_n100_alpha3,100,2,10,,8.647535426,8.538587017,7.240232246,0,-5.27563465,solved (0.3 s),solved (0.4 s),1,0,best_found,2.445432711,1.0,0.7172104431457462,1.0,1.0,1.0,10.99611789,0.0,0.0,0.0,0.0,0.0,,,,,,,-217.33408111688087,1.0,26.13248809174417,1.0,1.0,1.0,10.862915245,0.0,0.0,0.0,0.0,0.0,2.445432711,1.0,0.7172104431457462,1.0,1.0,1.0,10.99611789,0.0,0.0,0.0,0.0,0.0,10.99611789,0.0,0.0,0.0,0.0,0.0,10.99611789,0.0,0.0,0.0,0.0,0.0,10.99611789,0.0,0.0,0.0,0.0,0.0,10.99611789,0.0,0.0,0.0,0.0,0.0
log_det,wine_n100_alpha3,winequality-red_n100_alpha3,100,2,11,,8.963125032,8.963125032,7.450429264,0,-5.27563465,solved (0.3 s),solved (0.4 s),1,0,best_found,2.445432711,1.0,0.7271673995097293,1.0,1.0,1.0,11.31720838,0.0,0.0,0.0,0.0,0.0,,,,,,,-217.33408111688087,1.0,25.247578867968294,1.0,1.0,1.0,11.022630053999999,0.0,0.0,0.0,0.0,0.0,2.445432711,1.0,0.7271673995097293,1.0,1.0,1.0,12.09572968,0.0,0.0,0.0,0.0,0.0,12.09572968,0.0,0.0,0.0,0.0,0.0,12.09572968,0.0,0.0,0.0,0.0,0.0,12.09572968,0.0,0.0,0.0,0.0,0.0,12.09572968,0.0,0.0,0.0,0.0,0.0
log_det,wine_n100_alpha3,winequality-red_n100_alpha3,100,2,12,,9.291437842,9.291437842,7.476937968,0,-5.27563465,solved (0.3 s),solved (0.4 s),1,0,best_found,2.445432711,1.0,0.736807935156609,1.0,1.0,1.0,11.40540406,0.0,0.0,0.0,0.0,0.0,,,,,,,-217.33408111688087,1.0,24.390791050064138,1.0,1.0,1.0,11.095561972,0.0,0.0,0.0,0.0,0.0,2.445432711,1.0,0.736807935156609,1.0,1.0,1.0,13.19534147,0.0,0.0,0.0,0.0,0.0,13.19534147,0.0,0.0,0.0,0.0,0.0,13.19534147,0.0,0.0,0.0,0.0,0.0,13.19534147,0.0,0.0,0.0,0.0,0.0,13.19534147,0.0,0.0,0.0,0.0,0.0
log_det,wine_n100_alpha3,winequality-red_n100_alpha3,100,2,13,,9.574068817,9.574068817,7.489261311,0,-5.27563465,solved (0.3 s),solved (0.4 s),1,0,best_found,2.445432711,1.0,0.7445774876134358,1.0,1.0,1.0,10.882236,0.0,0.0,0.0,0.0,0.0,,,,,,,-217.33408111688087,1.0,23.700283993256456,1.0,1.0,1.0,10.818031535000001,0.0,0.0,0.0,0.0,0.0,2.445432711,1.0,0.7445774876134358,1.0,1.0,1.0,14.29495326,0.0,0.0,0.0,0.0,0.0,14.29495326,0.0,0.0,0.0,0.0,0.0,14.29495326,0.0,0.0,0.0,0.0,0.0,14.29495326,0.0,0.0,0.0,0.0,0.0,14.29495326,0.0,0.0,0.0,0.0,0.0
log_det,wine_n100_alpha3,winequality-red_n100_alpha3,100,2,14,,9.840575719,9.840575719,7.55058958,0,-5.27563465,solved (0.3 s),solved (0.4 s),1,0,best_found,2.445432711,1.0,0.7514949550890194,1.0,1.0,1.0,10.5281282,0.0,0.0,0.0,0.0,0.0,,,,,,,-217.33408111688087,1.0,23.085504682135237,1.0,1.0,1.0,10.4995438938,0.0,0.0,0.0,0.0,0.0,2.445432711,1.0,0.7514949550890194,1.0,1.0,1.0,15.39456505,0.0,0.0,0.0,0.0,0.0,15.39456505,0.0,0.0,0.0,0.0,0.0,15.39456505,0.0,0.0,0.0,0.0,0.0,15.39456505,0.0,0.0,0.0,0.0,0.0,15.39456505,0.0,0.0,0.0,0.0,0.0
log_det,wine_n100_alpha3,winequality-red_n100_alpha3,100,2,15,,10.07584141,10.07584141,7.486471664,0,-5.27563465,solved (0.3 s),solved (0.4 s),1,0,best_found,2.445432711,1.0,0.7572974194916392,1.0,1.0,1.0,10.35329506,0.0,0.0,0.0,0.0,0.0,,,,,,,-217.33408111688087,1.0,22.569819558809517,1.0,1.0,1.0,10.35329506,0.0,0.0,0.0,0.0,0.0,2.445432711,1.0,0.7572974194916392,1.0,1.0,1.0,16.49417684,0.0,0.0,0.0,0.0,0.0,16.49417684,0.0,0.0,0.0,0.0,0.0,16.49417684,0.0,0.0,0.0,0.0,0.0,16.49417684,0.0,0.0,0.0,0.0,0.0,16.49417684,0.0,0.0,0.0,0.0,0.0
log_det,wine_n100_alpha3,winequality-red_n100_alpha3,100,2,16,,10.17579033,10.17579033,7.430655292,0,-5.27563465,solved (0.3 s),solved (0.4 s),1,0,best_found,2.445432711,1.0,0.7596812992706385,1.0,1.0,1.0,10.21803877,0.0,0.0,0.0,0.0,0.0,,,,,,,-217.33408111688087,1.0,22.35795590010755,1.0,1.0,1.0,10.21803876508,0.0,0.0,0.0,0.0,0.0,2.445432711,1.0,0.7596812992706385,1.0,1.0,1.0,17.59378862,0.0,0.0,0.0,0.0,0.0,17.59378862,0.0,0.0,0.0,0.0,0.0,17.59378862,0.0,0.0,0.0,0.0,0.0,17.33004418,0.0,0.0,0.0,0.0,0.0,17.32913422,0.0,0.0,0.0,0.0,0.0
log_det,wine_n100_alpha3,winequality-red_n100_alpha3,100,2,17,,10.21803877,10.21803877,7.469378524,0,-5.27563465,solved (0.3 s),solved (0.4 s),1,0,best_found,2.445432711,1.0,0.7606749430057211,1.0,1.0,1.0,10.21803877,0.0,0.0,0.0,0.0,0.0,,,,,,,-217.33408111688087,1.0,22.26964733731196,1.0,1.0,1.0,10.21803876508,0.0,0.0,0.0,0.0,0.0,2.445432711,1.0,0.7606749430057211,1.0,1.0,1.0,18.69340041,0.0,0.0,0.0,0.0,0.0,18.69340041,0.0,0.0,0.0,0.0,0.0,18.69340041,0.0,0.0,0.0,0.0,0.0,17.95457515,0.0,0.0,0.0,0.0,0.0,17.9535304,0.0,0.0,0.0,0.0,0.0
log_det,wine_n100_alpha3,winequality-red_n100_alpha3,100,2,18,,10.21803877,10.21803877,7.488984914,0,-5.27563465,solved (0.3 s),solved (0.4 s),1,0,best_found,2.445432711,1.0,0.7606749430057211,1.0,1.0,1.0,10.21803877,0.0,0.0,0.0,0.0,0.0,,,,,,,-217.33408111688087,1.0,22.26964733731196,1.0,1.0,1.0,10.21803876508,0.0,0.0,0.0,0.0,0.0,2.445432711,1.0,0.7606749430057211,1.0,1.0,1.0,19.7930122,0.0,0.0,0.0,0.0,0.0,19.7930122,0.0,0.0,0.0,0.0,0.0,19.77283131,0.0,0.0,0.0,0.0,0.0,18.51124241,0.0,0.0,0.0,0.0,0.0,18.47396821,0.0,0.0,0.0,0.0,0.0
log_det,wine_n100_alpha3,winequality-red_n100_alpha3,100,2,19,,10.21803877,10.21803877,7.381938561,0,-5.27563465,solved (0.3 s),solved (0.4 s),1,0,best_found,2.445432711,1.0,0.7606749430057211,1.0,1.0,1.0,10.21803877,0.0,0.0,0.0,0.0,0.0,,,,,,,-217.33408111688087,1.0,22.26964733731196,1.0,1.0,1.0,10.21803876508,0.0,0.0,0.0,0.0,0.0,2.445432711,1.0,0.7606749430057211,1.0,1.0,1.0,20.89262399,0.0,0.0,0.0,0.0,0.0,20.89262399,0.0,0.0,0.0,0.0,0.0,20.26234028,0.0,0.0,0.0,0.0,0.0,18.99035368,0.0,0.0,0.0,0.0,0.0,18.93587597,0.0,0.0,0.0,0.0,0.0
log_det,wine_n100_alpha3,winequality-red_n100_alpha3,100,2,20,,10.21803877,10.21803877,7.483074292,0,-5.27563465,solved (0.3 s),solved (0.4 s),1,0,best_found,2.445432711,1.0,0.7606749430057211,1.0,1.0,1.0,10.21803877,0.0,0.0,0.0,0.0,0.0,,,,,,,-217.33408111688087,1.0,22.26964733731196,1.0,1.0,1.0,10.21803876508,0.0,0.0,0.0,0.0,0.0,2.445432711,1.0,0.7606749430057211,1.0,1.0,1.0,21.99223578,0.0,0.0,0.0,0.0,0.0,21.458134,0.0,0.0,0.0,0.0,0.0,20.74946952,0.0,0.0,0.0,0.0,0.0,19.41361024,0.0,0.0,0.0,0.0,0.0,19.36040388,0.0,0.0,0.0,0.0,0.0
log_det,wine_n100_alpha3,winequality-red_n100_alpha3,100,2,21,,10.21803877,10.21803877,7.392797678,0,-5.27563465,solved (0.3 s),solved (0.4 s),1,0,best_found,2.445432711,1.0,0.7606749430057211,1.0,1.0,1.0,10.21803877,0.0,0.0,0.0,0.0,0.0,,,,,,,-217.33408111688087,1.0,22.26964733731196,1.0,1.0,1.0,10.21803876508,0.0,0.0,0.0,0.0,0.0,2.445432711,1.0,0.7606749430057211,1.0,1.0,1.0,23.09184757,0.0,0.0,0.0,0.0,0.0,21.97521602,0.0,0.0,0.0,0.0,0.0,21.21814979,0.0,0.0,0.0,0.0,0.0,19.806057,0.0,0.0,0.0,0.0,0.0,19.76452066,0.0,0.0,0.0,0.0,0.0
log_det,wine_n100_alpha3,winequality-red_n100_alpha3,100,2,22,,10.21803877,10.21803877,7.343791428,0,-5.27563465,solved (0.3 s),solved (0.4 s),1,0,best_found,2.445432711,1.0,0.7606749430057211,1.0,1.0,1.0,10.21803877,0.0,0.0,0.0,0.0,0.0,,,,,,,-217.33408111688087,1.0,22.26964733731196,1.0,1.0,1.0,10.21803876508,0.0,0.0,0.0,0.0,0.0,2.445432711,1.0,0.7606749430057211,1.0,1.0,1.0,24.19145936,0.0,0.0,0.0,0.0,0.0,22.4340422,0.0,0.0,0.0,0.0,0.0,21.46645099,0.0,0.0,0.0,0.0,0.0,20.17864781,0.0,0.0,0.0,0.0,0.0,20.14484063,0.0,0.0,0.0,0.0,0.0
log_det,wine_n100_alpha3,winequality-red_n100_alpha3,100,2,23,,10.21803877,10.21803877,7.345087068,0,-5.27563465,solved (0.3 s),solved (0.4 s),1,0,best_found,2.445432711,1.0,0.7606749430057211,1.0,1.0,1.0,10.21803877,0.0,0.0,0.0,0.0,0.0,,,,,,,-217.33408111688087,1.0,22.26964733731196,1.0,1.0,1.0,10.21803876508,0.0,0.0,0.0,0.0,0.0,2.445432711,1.0,0.7606749430057211,1.0,1.0,1.0,25.29107115,0.0,0.0,0.0,0.0,0.0,22.71086381,0.0,0.0,0.0,0.0,0.0,21.7034031,0.0,0.0,0.0,0.0,0.0,20.53174231,0.0,0.0,0.0,0.0,0.0,20.50189263,0.0,0.0,0.0,0.0,0.0
log_det,wine_n100_alpha3,winequality-red_n100_alpha3,100,2,24,,10.21803877,10.21803877,7.335319811,0,-5.27563465,solved (0.3 s),solved (0.4 s),1,0,best_found,2.445432711,1.0,0.7606749430057211,1.0,1.0,1.0,10.21803877,0.0,0.0,0.0,0.0,0.0,,,,,,,-217.33408111688087,1.0,22.26964733731196,1.0,1.0,1.0,10.21803876508,0.0,0.0,0.0,0.0,0.0,2.445432711,1.0,0.7606749430057211,1.0,1.0,1.0,26.39068294,0.0,0.0,0.0,0.0,0.0,22.98627181,0.0,0.0,0.0,0.0,0.0,21.93820777,0.0,0.0,0.0,0.0,0.0,20.87223887,0.0,0.0,0.0,0.0,0.0,20.84152835,0.0,0.0,0.0,0.0,0.0
log_det,wine_n100_alpha3,winequality-red_n100_alpha3,100,2,25,,10.21803877,10.21803877,7.362045442,0,-5.27563465,solved (0.3 s),solved (0.4 s),1,0,best_found,2.445432711,1.0,0.7606749430057211,1.0,1.0,1.0,10.21803877,0.0,0.0,0.0,0.0,0.0,,,,,,,-217.33408111688087,1.0,22.26964733731196,1.0,1.0,1.0,10.21803876508,0.0,0.0,0.0,0.0,0.0,2.445432711,1.0,0.7606749430057211,1.0,1.0,1.0,27.49029473,0.0,0.0,0.0,0.0,0.0,23.2530019,0.0,0.0,0.0,0.0,0.0,22.1686067,0.0,0.0,0.0,0.0,0.0,21.18424181,0.0,0.0,0.0,0.0,0.0,21.16490898,0.0,0.0,0.0,0.0,0.0
log_det,wine_n100_alpha3,winequality-red_n100_alpha3,100,2,26,,10.21803877,10.21803877,7.318671419,0,-5.27563465,solved (0.3 s),solved (0.4 s),1,0,best_found,2.445432711,1.0,0.7606749430057211,1.0,1.0,1.0,10.21803877,0.0,0.0,0.0,0.0,0.0,,,,,,,-217.33408111688087,1.0,22.26964733731196,1.0,1.0,1.0,10.21803876508,0.0,0.0,0.0,0.0,0.0,2.445432711,1.0,0.7606749430057211,1.0,1.0,1.0,28.58990651,0.0,0.0,0.0,0.0,0.0,23.50864737,0.0,0.0,0.0,0.0,0.0,22.39868809,0.0,0.0,0.0,0.0,0.0,21.40976102,0.0,0.0,0.0,0.0,0.0,21.40638099,0.0,0.0,0.0,0.0,0.0
log_det,wine_n100_alpha3,winequality-red_n100_alpha3,100,2,27,,10.21803877,10.21803877,7.228453552,0,-5.27563465,solved (0.3 s),solved (0.4 s),1,0,best_found,2.445432711,1.0,0.7606749430057211,1.0,1.0,1.0,10.21803877,0.0,0.0,0.0,0.0,0.0,,,,,,,-217.33408111688087,1.0,22.26964733731196,1.0,1.0,1.0,10.21803876508,0.0,0.0,0.0,0.0,0.0,2.445432711,1.0,0.7606749430057211,1.0,1.0,1.0,29.6895183,0.0,0.0,0.0,0.0,0.0,23.69971099,0.0,0.0,0.0,0.0,0.0,22.62860011,0.0,0.0,0.0,0.0,0.0,21.51503201,0.0,0.0,0.0,0.0,0.0,21.51467355,0.0,0.0,0.0,0.0,0.0
log_det,wine_n100_alpha3,winequality-red_n100_alpha3,100,2,28,,10.21803877,10.21803877,7.15356373,0,-5.27563465,solved (0.3 s),solved (0.4 s),1,0,best_found,2.445432711,1.0,0.7606749430057211,1.0,1.0,1.0,10.21803877,0.0,0.0,0.0,0.0,0.0,,,,,,,-217.33408111688087,1.0,22.26964733731196,1.0,1.0,1.0,10.21803876508,0.0,0.0,0.0,0.0,0.0,2.445432711,1.0,0.7606749430057211,1.0,1.0,1.0,30.78913009,0.0,0.0,0.0,0.0,0.0,23.77359762,0.0,0.0,0.0,0.0,0.0,22.79995464,0.0,0.0,0.0,0.0,0.0,21.55242644,0.0,0.0,0.0,0.0,0.0,21.55242644,0.0,0.0,0.0,0.0,0.0
log_det,wine_n100_alpha3,winequality-red_n100_alpha3,100,2,29,,10.21803877,10.21803877,7.180529995,0,-5.27563465,solved (0.3 s),solved (0.4 s),1,0,best_found,2.445432711,1.0,0.7606749430057211,1.0,1.0,1.0,10.21803877,0.0,0.0,0.0,0.0,0.0,,,,,,,-217.33408111688087,1.0,22.26964733731196,1.0,1.0,1.0,10.21803876508,0.0,0.0,0.0,0.0,0.0,2.445432711,1.0,0.7606749430057211,1.0,1.0,1.0,31.88874188,0.0,0.0,0.0,0.0,0.0,23.84275854,0.0,0.0,0.0,0.0,0.0,22.85878472,0.0,0.0,0.0,0.0,0.0,21.55242644,0.0,0.0,0.0,0.0,0.0,21.55242644,0.0,0.0,0.0,0.0,0.0
log_det,wine_n100_alpha3,winequality-red_n100_alpha3,100,2,30,,10.21803877,10.21803877,7.187581099,0,-5.27563465,solved (0.3 s),solved (0.4 s),1,0,best_found,2.445432711,1.0,0.7606749430057211,1.0,1.0,1.0,10.21803877,0.0,0.0,0.0,0.0,0.0,,,,,,,-217.33408111688087,1.0,22.26964733731196,1.0,1.0,1.0,10.21803876508,0.0,0.0,0.0,0.0,0.0,2.445432711,1.0,0.7606749430057211,1.0,1.0,1.0,32.98835367,0.0,0.0,0.0,0.0,0.0,23.9084995,0.0,0.0,0.0,0.0,0.0,22.91754556,0.0,0.0,0.0,0.0,0.0,21.55242644,0.0,0.0,0.0,0.0,0.0,21.55242644,0.0,0.0,0.0,0.0,0.0
log_det,wine_n100_alpha3,winequality-red_n100_alpha3,100,2,31,,10.21803877,10.21803877,7.240809823,0,-5.27563465,solved (0.3 s),solved (0.4 s),1,0,best_found,2.445432711,1.0,0.7606749430057211,1.0,1.0,1.0,10.21803877,0.0,0.0,0.0,0.0,0.0,,,,,,,-217.33408111688087,1.0,22.26964733731196,1.0,1.0,1.0,10.21803876508,0.0,0.0,0.0,0.0,0.0,2.445432711,1.0,0.7606749430057211,1.0,1.0,1.0,34.08796546,0.0,0.0,0.0,0.0,0.0,23.97392597,0.0,0.0,0.0,0.0,0.0,22.9763064,0.0,0.0,0.0,0.0,0.0,21.55242644,0.0,0.0,0.0,0.0,0.0,21.55242644,0.0,0.0,0.0,0.0,0.0
log_det,wine_n100_alpha3,winequality-red_n100_alpha3,100,2,32,,10.21803877,10.21803877,7.275018991,0,-5.27563465,solved (0.3 s),solved (0.4 s),1,0,best_found,2.445432711,1.0,0.7606749430057211,1.0,1.0,1.0,10.21803877,0.0,0.0,0.0,0.0,0.0,,,,,,,-217.33408111688087,1.0,22.26964733731196,1.0,1.0,1.0,10.21803876508,0.0,0.0,0.0,0.0,0.0,2.445432711,1.0,0.7606749430057211,1.0,1.0,1.0,35.18757725,0.0,0.0,0.0,0.0,0.0,24.03275605,0.0,0.0,0.0,0.0,0.0,23.0259178,0.0,0.0,0.0,0.0,0.0,21.55242644,0.0,0.0,0.0,0.0,0.0,21.55242644,0.0,0.0,0.0,0.0,0.0
log_det,wine_n100_alpha3,winequality-red_n100_alpha3,100,2,33,,10.21803877,10.21803877,7.090430031,0,-5.27563465,solved (0.3 s),solved (0.4 s),1,0,best_found,2.445432711,1.0,0.7606749430057211,1.0,1.0,1.0,10.21803877,0.0,0.0,0.0,0.0,0.0,,,,,,,-217.33408111688087,1.0,22.26964733731196,1.0,1.0,1.0,10.21803876508,0.0,0.0,0.0,0.0,0.0,2.445432711,1.0,0.7606749430057211,1.0,1.0,1.0,36.28718904,0.0,0.0,0.0,0.0,0.0,24.09151689,0.0,0.0,0.0,0.0,0.0,23.05957987,0.0,0.0,0.0,0.0,0.0,21.55242644,0.0,0.0,0.0,0.0,0.0,21.55242644,0.0,0.0,0.0,0.0,0.0
log_det,wine_n100_alpha3,winequality-red_n100_alpha3,100,2,34,,10.21803877,10.21803877,6.984939792,0,-5.27563465,solved (0.3 s),solved (0.4 s),1,0,best_found,2.445432711,1.0,0.7606749430057211,1.0,1.0,1.0,10.21803877,0.0,0.0,0.0,0.0,0.0,,,,,,,-217.33408111688087,1.0,22.26964733731196,1.0,1.0,1.0,10.21803876508,0.0,0.0,0.0,0.0,0.0,2.445432711,1.0,0.7606749430057211,1.0,1.0,1.0,37.38680083,0.0,0.0,0.0,0.0,0.0,24.15027773,0.0,0.0,0.0,0.0,0.0,23.08548924,0.0,0.0,0.0,0.0,0.0,21.55242644,0.0,0.0,0.0,0.0,0.0,21.55242644,0.0,0.0,0.0,0.0,0.0
log_det,wine_n100_alpha3,winequality-red_n100_alpha3,100,2,35,,10.21803877,10.21803877,7.067297819,0,-5.27563465,solved (0.3 s),solved (0.4 s),1,0,best_found,2.445432711,1.0,0.7606749430057211,1.0,1.0,1.0,10.21803877,0.0,0.0,0.0,0.0,0.0,,,,,,,-217.33408111688087,1.0,22.26964733731196,1.0,1.0,1.0,10.21803876508,0.0,0.0,0.0,0.0,0.0,2.445432711,1.0,0.7606749430057211,1.0,1.0,1.0,38.48641262,0.0,0.0,0.0,0.0,0.0,24.19988914,0.0,0.0,0.0,0.0,0.0,23.10523652,0.0,0.0,0.0,0.0,0.0,21.55242644,0.0,0.0,0.0,0.0,0.0,21.55242644,0.0,0.0,0.0,0.0,0.0
log_det,wine_n100_alpha3,winequality-red_n100_alpha3,100,2,36,,10.21803877,10.21803877,7.10683719,0,-5.27563465,solved (0.3 s),solved (0.4 s),1,0,best_found,2.445432711,1.0,0.7606749430057211,1.0,1.0,1.0,10.21803877,0.0,0.0,0.0,0.0,0.0,,,,,,,-217.33408111688087,1.0,22.26964733731196,1.0,1.0,1.0,10.21803876508,0.0,0.0,0.0,0.0,0.0,2.445432711,1.0,0.7606749430057211,1.0,1.0,1.0,39.5860244,0.0,0.0,0.0,0.0,0.0,24.23355121,0.0,0.0,0.0,0.0,0.0,23.10978833,0.0,0.0,0.0,0.0,0.0,21.55242644,0.0,0.0,0.0,0.0,0.0,21.55242644,0.0,0.0,0.0,0.0,0.0
log_det,wine_n100_alpha3,winequality-red_n100_alpha3,100,2,37,,10.21803877,10.21803877,7.016702357,0,-5.27563465,solved (0.3 s),solved (0.4 s),1,0,best_found,2.445432711,1.0,0.7606749430057211,1.0,1.0,1.0,10.21803877,0.0,0.0,0.0,0.0,0.0,,,,,,,-217.33408111688087,1.0,22.26964733731196,1.0,1.0,1.0,10.21803876508,0.0,0.0,0.0,0.0,0.0,2.445432711,1.0,0.7606749430057211,1.0,1.0,1.0,40.68563619,0.0,0.0,0.0,0.0,0.0,24.25946057,0.0,0.0,0.0,0.0,0.0,23.10978833,0.0,0.0,0.0,0.0,0.0,21.55242644,0.0,0.0,0.0,0.0,0.0,21.55242644,0.0,0.0,0.0,0.0,0.0
log_det,wine_n100_alpha3,winequality-red_n100_alpha3,100,2,38,,10.21803877,10.21803877,6.976857297,0,-5.27563465,solved (0.3 s),solved (0.4 s),1,0,best_found,2.445432711,1.0,0.7606749430057211,1.0,1.0,1.0,10.21803877,0.0,0.0,0.0,0.0,0.0,,,,,,,-217.33408111688087,1.0,22.26964733731196,1.0,1.0,1.0,10.21803876508,0.0,0.0,0.0,0.0,0.0,2.445432711,1.0,0.7606749430057211,1.0,1.0,1.0,41.78524798,0.0,0.0,0.0,0.0,0.0,24.27920786,0.0,0.0,0.0,0.0,0.0,23.10978833,0.0,0.0,0.0,0.0,0.0,21.55242644,0.0,0.0,0.0,0.0,0.0,21.55242644,0.0,0.0,0.0,0.0,0.0
log_det,wine_n100_alpha3,winequality-red_n100_alpha3,100,2,39,,10.21803877,10.21803877,6.978533248,0,-5.27563465,solved (0.3 s),solved (0.4 s),1,0,best_found,2.445432711,1.0,0.7606749430057211,1.0,1.0,1.0,10.21803877,0.0,0.0,0.0,0.0,0.0,,,,,,,-217.33408111688087,1.0,22.26964733731196,1.0,1.0,1.0,10.21803876508,0.0,0.0,0.0,0.0,0.0,2.445432711,1.0,0.7606749430057211,1.0,1.0,1.0,42.88485977,0.0,0.0,0.0,0.0,0.0,24.28375966,0.0,0.0,0.0,0.0,0.0,23.10978833,0.0,0.0,0.0,0.0,0.0,21.55242644,0.0,0.0,0.0,0.0,0.0,21.55242644,0.0,0.0,0.0,0.0,0.0
log_det,wine_n100_alpha3,winequality-red_n100_alpha3,100,2,40,,10.21803877,10.21803877,6.935575577,0,-5.27563465,solved (0.3 s),solved (0.4 s),1,0,best_found,2.445432711,1.0,0.7606749430057211,1.0,1.0,1.0,10.21803877,0.0,0.0,0.0,0.0,0.0,,,,,,,-217.33408111688087,1.0,22.26964733731196,1.0,1.0,1.0,10.21803876508,0.0,0.0,0.0,0.0,0.0,2.445432711,1.0,0.7606749430057211,1.0,1.0,1.0,43.98447156,0.0,0.0,0.0,0.0,0.0,24.28375966,0.0,0.0,0.0,0.0,0.0,23.10978833,0.0,0.0,0.0,0.0,0.0,21.55242644,0.0,0.0,0.0,0.0,0.0,21.55242644,0.0,0.0,0.0,0.0,0.0
log_det,wine_n100_alpha3,winequality-red_n100_alpha3,100,2,41,,10.21803877,10.21803877,6.969573218,0,-5.27563465,solved (0.3 s),solved (0.4 s),1,0,best_found,2.445432711,1.0,0.7606749430057211,1.0,1.0,1.0,10.21803877,0.0,0.0,0.0,0.0,0.0,,,,,,,-217.33408111688087,1.0,22.26964733731196,1.0,1.0,1.0,10.21803876508,0.0,0.0,0.0,0.0,0.0,2.445432711,1.0,0.7606749430057211,1.0,1.0,1.0,45.08408335,0.0,0.0,0.0,0.0,0.0,24.28375966,0.0,0.0,0.0,0.0,0.0,23.10978833,0.0,0.0,0.0,0.0,0.0,21.55242644,0.0,0.0,0.0,0.0,0.0,21.55242644,0.0,0.0,0.0,0.0,0.0
log_det,wine_n100_alpha3,winequality-red_n100_alpha3,100,2,42,,10.21803877,10.21803877,6.892174464,0,-5.27563465,solved (0.3 s),solved (0.4 s),1,0,best_found,2.445432711,1.0,0.7606749430057211,1.0,1.0,1.0,10.21803877,0.0,0.0,0.0,0.0,0.0,,,,,,,-217.33408111688087,1.0,22.26964733731196,1.0,1.0,1.0,10.21803876508,0.0,0.0,0.0,0.0,0.0,2.445432711,1.0,0.7606749430057211,1.0,1.0,1.0,46.18369514,0.0,0.0,0.0,0.0,0.0,24.28375966,0.0,0.0,0.0,0.0,0.0,23.10978833,0.0,0.0,0.0,0.0,0.0,21.55242644,0.0,0.0,0.0,0.0,0.0,21.55242644,0.0,0.0,0.0,0.0,0.0
log_det,wine_n100_alpha3,winequality-red_n100_alpha3,100,2,43,,10.21803877,10.21803877,7.009991784,0,-5.27563465,solved (0.3 s),solved (0.4 s),1,0,best_found,2.445432711,1.0,0.7606749430057211,1.0,1.0,1.0,10.21803877,0.0,0.0,0.0,0.0,0.0,,,,,,,-217.33408111688087,1.0,22.26964733731196,1.0,1.0,1.0,10.21803876508,0.0,0.0,0.0,0.0,0.0,2.445432711,1.0,0.7606749430057211,1.0,1.0,1.0,47.28330693,0.0,0.0,0.0,0.0,0.0,24.28375966,0.0,0.0,0.0,0.0,0.0,23.10978833,0.0,0.0,0.0,0.0,0.0,21.55242644,0.0,0.0,0.0,0.0,0.0,21.55242644,0.0,0.0,0.0,0.0,0.0
log_det,wine_n100_alpha3,winequality-red_n100_alpha3,100,2,44,,10.21803877,10.21803877,6.897650202,0,-5.27563465,solved (0.3 s),solved (0.4 s),1,0,best_found,2.445432711,1.0,0.7606749430057211,1.0,1.0,1.0,10.21803877,0.0,0.0,0.0,0.0,0.0,,,,,,,-217.33408111688087,1.0,22.26964733731196,1.0,1.0,1.0,10.21803876508,0.0,0.0,0.0,0.0,0.0,2.445432711,1.0,0.7606749430057211,1.0,1.0,1.0,48.38291872,0.0,0.0,0.0,0.0,0.0,24.28375966,0.0,0.0,0.0,0.0,0.0,23.10978833,0.0,0.0,0.0,0.0,0.0,21.55242644,0.0,0.0,0.0,0.0,0.0,21.55242644,0.0,0.0,0.0,0.0,0.0
log_det,wine_n100_alpha3,winequality-red_n100_alpha3,100,2,45,,10.21803877,10.21803877,6.804482178,0,-5.27563465,solved (0.3 s),solved (0.4 s),1,0,best_found,2.445432711,1.0,0.7606749430057211,1.0,1.0,1.0,10.21803877,0.0,0.0,0.0,0.0,0.0,,,,,,,-217.33408111688087,1.0,22.26964733731196,1.0,1.0,1.0,10.21803876508,0.0,0.0,0.0,0.0,0.0,2.445432711,1.0,0.7606749430057211,1.0,1.0,1.0,49.48253051,0.0,0.0,0.0,0.0,0.0,24.28375966,0.0,0.0,0.0,0.0,0.0,23.10978833,0.0,0.0,0.0,0.0,0.0,21.55242644,0.0,0.0,0.0,0.0,0.0,21.55242644,0.0,0.0,0.0,0.0,0.0
log_det,wine_n100_alpha3,winequality-red_n100_alpha3,100,2,46,,10.21803877,10.21803877,6.900161384,0,-5.27563465,solved (0.3 s),solved (0.4 s),1,0,best_found,2.445432711,1.0,0.7606749430057211,1.0,1.0,1.0,10.21803877,0.0,0.0,0.0,0.0,0.0,,,,,,,-217.33408111688087,1.0,22.26964733731196,1.0,1.0,1.0,10.21803876508,0.0,0.0,0.0,0.0,0.0,2.445432711,1.0,0.7606749430057211,1.0,1.0,1.0,50.58214229,0.0,0.0,0.0,0.0,0.0,24.28375966,0.0,0.0,0.0,0.0,0.0,23.10978833,0.0,0.0,0.0,0.0,0.0,21.55242644,0.0,0.0,0.0,0.0,0.0,21.55242644,0.0,0.0,0.0,0.0,0.0
log_det,wine_n100_alpha3,winequality-red_n100_alpha3,100,2,47,,10.21803877,10.21803877,6.987017721,0,-5.27563465,solved (0.3 s),solved (0.4 s),1,0,best_found,2.445432711,1.0,0.7606749430057211,1.0,1.0,1.0,10.21803877,0.0,0.0,0.0,0.0,0.0,,,,,,,-217.33408111688087,1.0,22.26964733731196,1.0,1.0,1.0,10.21803876508,0.0,0.0,0.0,0.0,0.0,2.445432711,1.0,0.7606749430057211,1.0,1.0,1.0,51.68175408,0.0,0.0,0.0,0.0,0.0,24.28375966,0.0,0.0,0.0,0.0,0.0,23.10978833,0.0,0.0,0.0,0.0,0.0,21.55242644,0.0,0.0,0.0,0.0,0.0,21.55242644,0.0,0.0,0.0,0.0,0.0
log_det,wine_n100_alpha3,winequality-red_n100_alpha3,100,2,48,,10.21803877,10.21803877,6.910485815,0,-5.27563465,solved (0.3 s),solved (0.4 s),1,0,best_found,2.445432711,1.0,0.7606749430057211,1.0,1.0,1.0,10.21803877,0.0,0.0,0.0,0.0,0.0,,,,,,,-217.33408111688087,1.0,22.26964733731196,1.0,1.0,1.0,10.21803876508,0.0,0.0,0.0,0.0,0.0,2.445432711,1.0,0.7606749430057211,1.0,1.0,1.0,52.78136587,0.0,0.0,0.0,0.0,0.0,24.28375966,0.0,0.0,0.0,0.0,0.0,23.10978833,0.0,0.0,0.0,0.0,0.0,21.55242644,0.0,0.0,0.0,0.0,0.0,21.55242644,0.0,0.0,0.0,0.0,0.0
log_det,wine_n100_alpha3,winequality-red_n100_alpha3,100,2,49,,10.21803877,10.21803877,6.87055356,0,-5.27563465,solved (0.3 s),solved (0.4 s),1,0,best_found,2.445432711,1.0,0.7606749430057211,1.0,1.0,1.0,10.21803877,0.0,0.0,0.0,0.0,0.0,,,,,,,-217.33408111688087,1.0,22.26964733731196,1.0,1.0,1.0,10.21803876508,0.0,0.0,0.0,0.0,0.0,2.445432711,1.0,0.7606749430057211,1.0,1.0,1.0,53.88097766,0.0,0.0,0.0,0.0,0.0,24.28375966,0.0,0.0,0.0,0.0,0.0,23.10978833,0.0,0.0,0.0,0.0,0.0,21.55242644,0.0,0.0,0.0,0.0,0.0,21.55242644,0.0,0.0,0.0,0.0,0.0
log_det,wine_n100_alpha3,winequality-red_n100_alpha3,100,2,50,,10.21803877,10.21803877,6.852445562,0,-5.27563465,solved (0.3 s),solved (0.4 s),1,0,best_found,2.445432711,1.0,0.7606749430057211,1.0,1.0,1.0,10.21803877,0.0,0.0,0.0,0.0,0.0,,,,,,,-217.33408111688087,1.0,22.26964733731196,1.0,1.0,1.0,10.21803876508,0.0,0.0,0.0,0.0,0.0,2.445432711,1.0,0.7606749430057211,1.0,1.0,1.0,54.98058945,0.0,0.0,0.0,0.0,0.0,24.28375966,0.0,0.0,0.0,0.0,0.0,23.10978833,0.0,0.0,0.0,0.0,0.0,21.55242644,0.0,0.0,0.0,0.0,0.0,21.55242644,0.0,0.0,0.0,0.0,0.0
log_det,wine_n100_alpha3,winequality-red_n100_alpha3,100,3,1,1.099611789,1.099611789,1.099611789,1.099611789,0,-5.151876406,solved (0.2 s),solved (0.4 s),1,0,opt,1.099611789,0.0,0.0,0.0,0.0,0.0,1.099611789,0.0,0.0,0.0,0.0,0.0,,,,,,,-217.71850885817258,1.0,198.99579363928828,1.0,1.0,1.0,1.099611789,0.0,0.0,0.0,0.0,0.0,1.099611789,0.0,0.0,0.0,0.0,0.0,1.099611789,0.0,0.0,0.0,0.0,0.0,1.099611789,0.0,0.0,0.0,0.0,0.0,1.099611789,0.0,0.0,0.0,0.0,0.0,1.099611789,0.0,0.0,0.0,0.0,0.0,1.099611789,0.0,0.0,0.0,0.0,0.0
log_det,wine_n100_alpha3,winequality-red_n100_alpha3,100,3,2,2.197149559,2.197149559,2.140671796,2.15217987,0,-5.151876406,solved (0.2 s),solved (0.4 s),1,0,opt,2.199223578,0.0,0.0,0.0,0.0,0.0,2.199223578,0.0,0.0,0.0,0.0,0.0,,,,,,,-217.71850885817258,1.0,100.09134677079695,1.0,1.0,1.0,2.199223578,0.0,0.0,0.0,0.0,0.0,2.199223578,0.0,0.0,0.0,0.0,0.0,2.199223578,0.0,0.0,0.0,0.0,0.0,2.199223578,0.0,0.0,0.0,0.0,0.0,2.199223578,0.0,0.0,0.0,0.0,0.0,2.199223578,0.0,0.0,0.0,0.0,0.0,2.199223578,0.0,0.0,0.0,0.0,0.0
log_det,wine_n100_alpha3,winequality-red_n100_alpha3,100,3,3,3.284155996,3.284155996,3.099305304,3.109368613,0,-5.151876406,solved (0.2 s),solved (0.4 s),1,0,opt,2.784033908,1.0,0.15228329245295688,1.0,1.0,1.0,3.298835367,0.0,0.0,0.0,0.0,0.0,,,,,,,-217.71850885817258,1.0,67.29359540878905,1.0,1.0,1.0,3.298835367,0.0,0.0,0.0,0.0,0.0,2.784033908,1.0,0.15228329245295688,1.0,1.0,1.0,3.298835367,0.0,0.0,0.0,0.0,0.0,3.298835367,0.0,0.0,0.0,0.0,0.0,3.298835367,0.0,0.0,0.0,0.0,0.0,3.298835367,0.0,0.0,0.0,0.0,0.0,3.298835367,0.0,0.0,0.0,0.0,0.0
log_det,wine_n100_alpha3,winequality-red_n100_alpha3,100,3,4,,4.280340113,4.045990105,4.029957231,0,-5.151876406,solved (0.2 s),solved (0.4 s),1,0,best_found,2.784033908,1.0,0.3495764741814572,1.0,1.0,1.0,4.398447156,0.0,0.0,0.0,0.0,0.0,,,,,,,-217.71850885817258,1.0,51.86476847877826,1.0,1.0,1.0,4.398447156,0.0,0.0,0.0,0.0,0.0,2.784033908,1.0,0.3495764741814572,1.0,1.0,1.0,4.398447156,0.0,0.0,0.0,0.0,0.0,4.398447156,0.0,0.0,0.0,0.0,0.0,4.398447156,0.0,0.0,0.0,0.0,0.0,4.398447156,0.0,0.0,0.0,0.0,0.0,4.398447156,0.0,0.0,0.0,0.0,0.0
log_det,wine_n100_alpha3,winequality-red_n100_alpha3,100,3,5,,5.256575321,4.990300271,4.855842706,0,-5.151876406,solved (0.2 s),solved (0.4 s),1,0,best_found,2.784033908,1.0,0.4703711565060631,1.0,1.0,1.0,5.498058945,0.0,0.0,0.0,0.0,0.0,,,,,,,-217.71850885817258,1.0,42.41831811833608,1.0,1.0,1.0,5.498058945,0.0,0.0,0.0,0.0,0.0,2.784033908,1.0,0.4703711565060631,1.0,1.0,1.0,5.498058945,0.0,0.0,0.0,0.0,0.0,5.498058945,0.0,0.0,0.0,0.0,0.0,5.498058945,0.0,0.0,0.0,0.0,0.0,5.498058945,0.0,0.0,0.0,0.0,0.0,5.498058945,0.0,0.0,0.0,0.0,0.0
log_det,wine_n100_alpha3,winequality-red_n100_alpha3,100,3,6,,6.027295762,5.904576561,5.55858671,0,-5.151876406,solved (0.2 s),solved (0.4 s),1,0,best_found,2.784033908,1.0,0.5380956870322569,1.0,1.0,1.0,6.597670734,0.0,0.0,0.0,0.0,0.0,,,,,,,-217.71850885817258,1.0,37.122088156153204,1.0,1.0,1.0,6.597670734,0.0,0.0,0.0,0.0,0.0,2.784033908,1.0,0.5380956870322569,1.0,1.0,1.0,6.597670734,0.0,0.0,0.0,0.0,0.0,6.597670734,0.0,0.0,0.0,0.0,0.0,6.597670734,0.0,0.0,0.0,0.0,0.0,6.597670734,0.0,0.0,0.0,0.0,0.0,6.597670734,0.0,0.0,0.0,0.0,0.0
log_det,wine_n100_alpha3,winequality-red_n100_alpha3,100,3,7,,6.920369939,6.612895957,6.205680337,0,-5.151876406,solved (0.2 s),solved (0.4 s),1,0,best_found,2.784033908,1.0,0.5977044677466629,1.0,1.0,1.0,7.697282523,0.0,0.0,0.0,0.0,0.0,,,,,,,-217.71850885817258,1.0,32.46053040188096,1.0,1.0,1.0,7.697282523,0.0,0.0,0.0,0.0,0.0,2.784033908,1.0,0.5977044677466629,1.0,1.0,1.0,7.697282523,0.0,0.0,0.0,0.0,0.0,7.697282523,0.0,0.0,0.0,0.0,0.0,7.697282523,0.0,0.0,0.0,0.0,0.0,7.697282523,0.0,0.0,0.0,0.0,0.0,7.697282523,0.0,0.0,0.0,0.0,0.0
log_det,wine_n100_alpha3,winequality-red_n100_alpha3,100,3,8,,7.560474337,7.310097617,6.758164339,0,-5.151876406,solved (0.2 s),solved (0.4 s),1,0,best_found,2.784033908,1.0,0.6317646507474679,1.0,1.0,1.0,8.796894312,0.0,0.0,0.0,0.0,0.0,,,,,,,-217.71850885817258,1.0,29.79693775199869,1.0,1.0,1.0,8.796894312,0.0,0.0,0.0,0.0,0.0,2.784033908,1.0,0.6317646507474679,1.0,1.0,1.0,8.796894312,0.0,0.0,0.0,0.0,0.0,8.796894312,0.0,0.0,0.0,0.0,0.0,8.796894312,0.0,0.0,0.0,0.0,0.0,8.796894312,0.0,0.0,0.0,0.0,0.0,8.796894312,0.0,0.0,0.0,0.0,0.0
log_det,wine_n100_alpha3,winequality-red_n100_alpha3,100,3,9,,8.14754919,7.989162919,7.160953816,0,-5.151876406,solved (0.2 s),solved (0.4 s),1,0,best_found,2.784033908,1.0,0.6582979932889488,1.0,1.0,1.0,9.896506101,0.0,0.0,0.0,0.0,0.0,,,,,,,-217.71850885817258,1.0,27.72196310583706,1.0,1.0,1.0,9.757038731000002,0.0,0.0,0.0,0.0,0.0,2.784033908,1.0,0.6582979932889488,1.0,1.0,1.0,9.896506101,0.0,0.0,0.0,0.0,0.0,9.896506101,0.0,0.0,0.0,0.0,0.0,9.896506101,0.0,0.0,0.0,0.0,0.0,9.896506101,0.0,0.0,0.0,0.0,0.0,9.896506101,0.0,0.0,0.0,0.0,0.0
log_det,wine_n100_alpha3,winequality-red_n100_alpha3,100,3,10,,8.56873119,8.56873119,7.419397464,0,-5.151876406,solved (0.2 s),solved (0.4 s),1,0,best_found,2.784033908,1.0,0.6750937978718411,1.0,1.0,1.0,10.85349772,0.0,0.0,0.0,0.0,0.0,,,,,,,-217.71850885817258,1.0,26.408488611739564,1.0,1.0,1.0,10.669808968000002,0.0,0.0,0.0,0.0,0.0,2.784033908,1.0,0.6750937978718411,1.0,1.0,1.0,10.99611789,0.0,0.0,0.0,0.0,0.0,10.99611789,0.0,0.0,0.0,0.0,0.0,10.99611789,0.0,0.0,0.0,0.0,0.0,10.99611789,0.0,0.0,0.0,0.0,0.0,10.99611789,0.0,0.0,0.0,0.0,0.0
log_det,wine_n100_alpha3,winequality-red_n100_alpha3,100,3,11,,9.139739595,9.139739595,7.562362098,0,-5.151876406,solved (0.2 s),solved (0.4 s),1,0,best_found,2.784033908,1.0,0.6953924256744648,1.0,1.0,1.0,10.91873886,0.0,0.0,0.0,0.0,0.0,,,,,,,-217.71850885817258,1.0,24.821084462546178,1.0,1.0,1.0,10.71955711,0.0,0.0,0.0,0.0,0.0,2.784033908,1.0,0.6953924256744648,1.0,1.0,1.0,12.09572968,0.0,0.0,0.0,0.0,0.0,12.09572968,0.0,0.0,0.0,0.0,0.0,12.09572968,0.0,0.0,0.0,0.0,0.0,12.09572968,0.0,0.0,0.0,0.0,0.0,12.09572968,0.0,0.0,0.0,0.0,0.0
log_det,wine_n100_alpha3,winequality-red_n100_alpha3,100,3,12,,9.436787242,9.436787242,7.638334548,0,-5.151876406,solved (0.2 s),solved (0.4 s),1,0,best_found,2.784033908,1.0,0.7049807485741343,1.0,1.0,1.0,10.22922056,0.0,0.0,0.0,0.0,0.0,,,,,,,-217.71850885817258,1.0,24.071253306335016,1.0,1.0,1.0,10.1558410281,0.0,0.0,0.0,0.0,0.0,2.784033908,1.0,0.7049807485741343,1.0,1.0,1.0,13.19534147,0.0,0.0,0.0,0.0,0.0,13.19534147,0.0,0.0,0.0,0.0,0.0,13.19534147,0.0,0.0,0.0,0.0,0.0,13.19534147,0.0,0.0,0.0,0.0,0.0,13.19534147,0.0,0.0,0.0,0.0,0.0
log_det,wine_n100_alpha3,winequality-red_n100_alpha3,100,3,13,,9.677281467,9.677281467,7.680299835,0,-5.151876406,solved (0.2 s),solved (0.4 s),1,0,best_found,2.784033908,1.0,0.7123123970824151,1.0,1.0,1.0,10.18461025,0.0,0.0,0.0,0.0,0.0,,,,,,,-217.71850885817258,1.0,23.497899807978435,1.0,1.0,1.0,10.1558410281,0.0,0.0,0.0,0.0,0.0,2.784033908,1.0,0.7123123970824151,1.0,1.0,1.0,14.29495326,0.0,0.0,0.0,0.0,0.0,14.29495326,0.0,0.0,0.0,0.0,0.0,14.29495326,0.0,0.0,0.0,0.0,0.0,14.29495326,0.0,0.0,0.0,0.0,0.0,14.29495326,0.0,0.0,0.0,0.0,0.0
log_det,wine_n100_alpha3,winequality-red_n100_alpha3,100,3,14,,9.912565095,9.912565095,7.681980002,0,-5.151876406,solved (0.2 s),solved (0.4 s),1,0,best_found,2.784033908,1.0,0.7191409205066108,1.0,1.0,1.0,10.17319059,0.0,0.0,0.0,0.0,0.0,,,,,,,-217.71850885817258,1.0,22.96389196656999,1.0,1.0,1.0,10.1558410281,0.0,0.0,0.0,0.0,0.0,2.784033908,1.0,0.7191409205066108,1.0,1.0,1.0,15.39456505,0.0,0.0,0.0,0.0,0.0,15.39456505,0.0,0.0,0.0,0.0,0.0,15.39456505,0.0,0.0,0.0,0.0,0.0,15.39456505,0.0,0.0,0.0,0.0,0.0,15.39456505,0.0,0.0,0.0,0.0,0.0
log_det,wine_n100_alpha3,winequality-red_n100_alpha3,100,3,15,,10.08105117,10.08105117,7.662555589,0,-5.151876406,solved (0.2 s),solved (0.4 s),1,0,best_found,2.784033908,1.0,0.7238349591672592,1.0,1.0,1.0,10.16000658,0.0,0.0,0.0,0.0,0.0,,,,,,,-217.71850885817258,1.0,22.596806244380225,1.0,1.0,1.0,10.1558410281,0.0,0.0,0.0,0.0,0.0,2.784033908,1.0,0.7238349591672592,1.0,1.0,1.0,16.49417684,0.0,0.0,0.0,0.0,0.0,16.49417684,0.0,0.0,0.0,0.0,0.0,16.49417684,0.0,0.0,0.0,0.0,0.0,16.49417684,0.0,0.0,0.0,0.0,0.0,16.49417684,0.0,0.0,0.0,0.0,0.0
log_det,wine_n100_alpha3,winequality-red_n100_alpha3,100,3,16,,10.12792837,10.12792837,7.67661212,0,-5.151876406,solved (0.2 s),solved (0.4 s),1,0,best_found,2.784033908,1.0,0.7251131913366801,1.0,1.0,1.0,10.12792837,0.0,0.0,0.0,0.0,0.0,,,,,,,-217.71850885817258,1.0,22.496845248538484,1.0,1.0,1.0,10.12792837,0.0,0.0,0.0,0.0,0.0,2.784033908,1.0,0.7251131913366801,1.0,1.0,1.0,17.59378862,0.0,0.0,0.0,0.0,0.0,17.59378862,0.0,0.0,0.0,0.0,0.0,17.59378862,0.0,0.0,0.0,0.0,0.0,17.59378862,0.0,0.0,0.0,0.0,0.0,17.59378862,0.0,0.0,0.0,0.0,0.0
log_det,wine_n100_alpha3,winequality-red_n100_alpha3,100,3,17,,10.12792837,10.12792837,7.646254614,0,-5.151876406,solved (0.2 s),solved (0.4 s),1,0,best_found,2.784033908,1.0,0.7251131913366801,1.0,1.0,1.0,10.12792837,0.0,0.0,0.0,0.0,0.0,,,,,,,-217.71850885817258,1.0,22.496845248538484,1.0,1.0,1.0,10.12792837,0.0,0.0,0.0,0.0,0.0,2.784033908,1.0,0.7251131913366801,1.0,1.0,1.0,18.69340041,0.0,0.0,0.0,0.0,0.0,18.69340041,0.0,0.0,0.0,0.0,0.0,18.69340041,0.0,0.0,0.0,0.0,0.0,18.37464974,0.0,0.0,0.0,0.0,0.0,18.37464974,0.0,0.0,0.0,0.0,0.0
log_det,wine_n100_alpha3,winequality-red_n100_alpha3,100,3,18,,10.12792837,10.12792837,7.586305316,0,-5.151876406,solved (0.2 s),solved (0.4 s),1,0,best_found,2.784033908,1.0,0.7251131913366801,1.0,1.0,1.0,10.12792837,0.0,0.0,0.0,0.0,0.0,,,,,,,-217.71850885817258,1.0,22.496845248538484,1.0,1.0,1.0,10.12792837,0.0,0.0,0.0,0.0,0.0,2.784033908,1.0,0.7251131913366801,1.0,1.0,1.0,19.7930122,0.0,0.0,0.0,0.0,0.0,19.7930122,0.0,0.0,0.0,0.0,0.0,19.7261667,0.0,0.0,0.0,0.0,0.0,19.01162809,0.0,0.0,0.0,0.0,0.0,19.01162809,0.0,0.0,0.0,0.0,0.0
log_det,wine_n100_alpha3,winequality-red_n100_alpha3,100,3,19,,10.20256675,10.12792837,7.597890021,0,-5.151876406,solved (0.2 s),solved (0.4 s),1,0,best_found,2.784033908,1.0,0.7271241662790396,1.0,1.0,1.0,10.12792837,1.0,0.007315647310026317,0.0,0.0,1.0,,,,,,,-217.71850885817258,1.0,22.33958191042196,1.0,1.0,1.0,10.12792837,1.0,0.007315647310026317,0.0,0.0,1.0,2.784033908,1.0,0.7271241662790396,1.0,1.0,1.0,20.89262399,0.0,0.0,0.0,0.0,0.0,20.89262399,0.0,0.0,0.0,0.0,0.0,20.52593452,0.0,0.0,0.0,0.0,0.0,19.59501062,0.0,0.0,0.0,0.0,0.0,19.59501062,0.0,0.0,0.0,0.0,0.0
log_det,wine_n100_alpha3,winequality-red_n100_alpha3,100,3,20,,10.12792837,10.12792837,7.388085206,0,-5.151876406,solved (0.2 s),solved (0.4 s),1,0,best_found,2.784033908,1.0,0.7251131913366801,1.0,1.0,1.0,10.12792837,0.0,0.0,0.0,0.0,0.0,,,,,,,-217.71850885817258,1.0,22.496845248538484,1.0,1.0,1.0,10.12792837,0.0,0.0,0.0,0.0,0.0,2.784033908,1.0,0.7251131913366801,1.0,1.0,1.0,21.99223578,0.0,0.0,0.0,0.0,0.0,21.96401071,0.0,0.0,0.0,0.0,0.0,21.3220144,0.0,0.0,0.0,0.0,0.0,20.08567741,0.0,0.0,0.0,0.0,0.0,20.08567741,0.0,0.0,0.0,0.0,0.0
log_det,wine_n100_alpha3,winequality-red_n100_alpha3,100,3,21,,10.12792837,10.12792837,7.52436657,0,-5.151876406,solved (0.2 s),solved (0.4 s),1,0,best_found,2.784033908,1.0,0.7251131913366801,1.0,1.0,1.0,10.12792837,0.0,0.0,0.0,0.0,0.0,,,,,,,-217.71850885817258,1.0,22.496845248538484,1.0,1.0,1.0,10.12792837,0.0,0.0,0.0,0.0,0.0,2.784033908,1.0,0.7251131913366801,1.0,1.0,1.0,23.09184757,0.0,0.0,0.0,0.0,0.0,22.71565189,0.0,0.0,0.0,0.0,0.0,22.09224906,0.0,0.0,0.0,0.0,0.0,20.50429989,0.0,0.0,0.0,0.0,0.0,20.50429989,0.0,0.0,0.0,0.0,0.0
log_det,wine_n100_alpha3,winequality-red_n100_alpha3,100,3,22,,10.12792837,10.12792837,7.460041971,0,-5.151876406,solved (0.2 s),solved (0.4 s),1,0,best_found,2.784033908,1.0,0.7251131913366801,1.0,1.0,1.0,10.12792837,0.0,0.0,0.0,0.0,0.0,,,,,,,-217.71850885817258,1.0,22.496845248538484,1.0,1.0,1.0,10.12792837,0.0,0.0,0.0,0.0,0.0,2.784033908,1.0,0.7251131913366801,1.0,1.0,1.0,24.19145936,0.0,0.0,0.0,0.0,0.0,23.256376,0.0,0.0,0.0,0.0,0.0,22.84617357,0.0,0.0,0.0,0.0,0.0,20.8519163,0.0,0.0,0.0,0.0,0.0,20.8519163,0.0,0.0,0.0,0.0,0.0
log_det,wine_n100_alpha3,winequality-red_n100_alpha3,100,3,23,,10.12792837,10.12792837,7.348491666,0,-5.151876406,solved (0.2 s),solved (0.4 s),1,0,best_found,2.784033908,1.0,0.7251131913366801,1.0,1.0,1.0,10.12792837,0.0,0.0,0.0,0.0,0.0,,,,,,,-217.71850885817258,1.0,22.496845248538484,1.0,1.0,1.0,10.12792837,0.0,0.0,0.0,0.0,0.0,2.784033908,1.0,0.7251131913366801,1.0,1.0,1.0,25.29107115,0.0,0.0,0.0,0.0,0.0,23.78539862,0.0,0.0,0.0,0.0,0.0,23.5726673,0.0,0.0,0.0,0.0,0.0,21.15515889,0.0,0.0,0.0,0.0,0.0,21.15515889,0.0,0.0,0.0,0.0,0.0
log_det,wine_n100_alpha3,winequality-red_n100_alpha3,100,3,24,,10.12792837,10.12792837,7.389502583,0,-5.151876406,solved (0.2 s),solved (0.4 s),1,0,best_found,2.784033908,1.0,0.7251131913366801,1.0,1.0,1.0,10.12792837,0.0,0.0,0.0,0.0,0.0,,,,,,,-217.71850885817258,1.0,22.496845248538484,1.0,1.0,1.0,10.12792837,0.0,0.0,0.0,0.0,0.0,2.784033908,1.0,0.7251131913366801,1.0,1.0,1.0,26.39068294,0.0,0.0,0.0,0.0,0.0,24.31307189,0.0,0.0,0.0,0.0,0.0,24.28205923,0.0,0.0,0.0,0.0,0.0,21.39901836,0.0,0.0,0.0,0.0,0.0,21.39901836,0.0,0.0,0.0,0.0,0.0
log_det,wine_n100_alpha3,winequality-red_n100_alpha3,100,3,25,,10.12792837,10.12792837,7.3264465,0,-5.151876406,solved (0.2 s),solved (0.4 s),1,0,best_found,2.784033908,1.0,0.7251131913366801,1.0,1.0,1.0,10.12792837,0.0,0.0,0.0,0.0,0.0,,,,,,,-217.71850885817258,1.0,22.496845248538484,1.0,1.0,1.0,10.12792837,0.0,0.0,0.0,0.0,0.0,2.784033908,1.0,0.7251131913366801,1.0,1.0,1.0,27.49029473,0.0,0.0,0.0,0.0,0.0,24.83557883,0.0,0.0,0.0,0.0,0.0,24.8237734,0.0,0.0,0.0,0.0,0.0,21.59137443,0.0,0.0,0.0,0.0,0.0,21.59137443,0.0,0.0,0.0,0.0,0.0
log_det,wine_n100_alpha3,winequality-red_n100_alpha3,100,3,26,,10.12792837,10.12792837,7.228231226,0,-5.151876406,solved (0.2 s),solved (0.4 s),1,0,best_found,2.784033908,1.0,0.7251131913366801,1.0,1.0,1.0,10.12792837,0.0,0.0,0.0,0.0,0.0,,,,,,,-217.71850885817258,1.0,22.496845248538484,1.0,1.0,1.0,10.12792837,0.0,0.0,0.0,0.0,0.0,2.784033908,1.0,0.7251131913366801,1.0,1.0,1.0,28.58990651,0.0,0.0,0.0,0.0,0.0,25.35012621,0.0,0.0,0.0,0.0,0.0,25.33832077,0.0,0.0,0.0,0.0,0.0,21.75095774,0.0,0.0,0.0,0.0,0.0,21.75095774,0.0,0.0,0.0,0.0,0.0
log_det,wine_n100_alpha3,winequality-red_n100_alpha3,100,3,27,,10.12792837,10.12792837,7.245670082,0,-5.151876406,solved (0.2 s),solved (0.4 s),1,0,best_found,2.784033908,1.0,0.7251131913366801,1.0,1.0,1.0,10.12792837,0.0,0.0,0.0,0.0,0.0,,,,,,,-217.71850885817258,1.0,22.496845248538484,1.0,1.0,1.0,10.12792837,0.0,0.0,0.0,0.0,0.0,2.784033908,1.0,0.7251131913366801,1.0,1.0,1.0,29.6895183,0.0,0.0,0.0,0.0,0.0,25.85984375,0.0,0.0,0.0,0.0,0.0,25.84803832,0.0,0.0,0.0,0.0,0.0,21.87994342,0.0,0.0,0.0,0.0,0.0,21.87994342,0.0,0.0,0.0,0.0,0.0
log_det,wine_n100_alpha3,winequality-red_n100_alpha3,100,3,28,,10.12792837,10.12792837,7.216337741,0,-5.151876406,solved (0.2 s),solved (0.4 s),1,0,best_found,2.784033908,1.0,0.7251131913366801,1.0,1.0,1.0,10.12792837,0.0,0.0,0.0,0.0,0.0,,,,,,,-217.71850885817258,1.0,22.496845248538484,1.0,1.0,1.0,10.12792837,0.0,0.0,0.0,0.0,0.0,2.784033908,1.0,0.7251131913366801,1.0,1.0,1.0,30.78913009,0.0,0.0,0.0,0.0,0.0,26.3292455,0.0,0.0,0.0,0.0,0.0,26.3292455,0.0,0.0,0.0,0.0,0.0,21.99285268,0.0,0.0,0.0,0.0,0.0,21.99285268,0.0,0.0,0.0,0.0,0.0
log_det,wine_n100_alpha3,winequality-red_n100_alpha3,100,3,29,,10.12792837,10.12792837,7.136579349,0,-5.151876406,solved (0.2 s),solved (0.4 s),1,0,best_found,2.784033908,1.0,0.7251131913366801,1.0,1.0,1.0,10.12792837,0.0,0.0,0.0,0.0,0.0,,,,,,,-217.71850885817258,1.0,22.496845248538484,1.0,1.0,1.0,10.12792837,0.0,0.0,0.0,0.0,0.0,2.784033908,1.0,0.7251131913366801,1.0,1.0,1.0,31.88874188,0.0,0.0,0.0,0.0,0.0,26.7841357,0.0,0.0,0.0,0.0,0.0,26.7841357,0.0,0.0,0.0,0.0,0.0,22.09147278,0.0,0.0,0.0,0.0,0.0,22.09147278,0.0,0.0,0.0,0.0,0.0
log_det,wine_n100_alpha3,winequality-red_n100_alpha3,100,3,30,,10.12792837,10.12792837,7.096026184,0,-5.151876406,solved (0.2 s),solved (0.4 s),1,0,best_found,2.784033908,1.0,0.7251131913366801,1.0,1.0,1.0,10.12792837,0.0,0.0,0.0,0.0,0.0,,,,,,,-217.71850885817258,1.0,22.496845248538484,1.0,1.0,1.0,10.12792837,0.0,0.0,0.0,0.0,0.0,2.784033908,1.0,0.7251131913366801,1.0,1.0,1.0,32.98835367,0.0,0.0,0.0,0.0,0.0,27.23404294,0.0,0.0,0.0,0.0,0.0,27.23404294,0.0,0.0,0.0,0.0,0.0,22.14277462,0.0,0.0,0.0,0.0,0.0,22.14277462,0.0,0.0,0.0,0.0,0.0
log_det,wine_n100_alpha3,winequality-red_n100_alpha3,100,3,31,,10.12792837,10.12792837,7.12335897,0,-5.151876406,solved (0.2 s),solved (0.4 s),1,0,best_found,2.784033908,1.0,0.7251131913366801,1.0,1.0,1.0,10.12792837,0.0,0.0,0.0,0.0,0.0,,,,,,,-217.71850885817258,1.0,22.496845248538484,1.0,1.0,1.0,10.12792837,0.0,0.0,0.0,0.0,0.0,2.784033908,1.0,0.7251131913366801,1.0,1.0,1.0,34.08796546,0.0,0.0,0.0,0.0,0.0,27.64195271,0.0,0.0,0.0,0.0,0.0,27.64195271,0.0,0.0,0.0,0.0,0.0,22.14277462,0.0,0.0,0.0,0.0,0.0,22.14277462,0.0,0.0,0.0,0.0,0.0
log_det,wine_n100_alpha3,winequality-red_n100_alpha3,100,3,32,,10.12792837,10.12792837,7.153143818,0,-5.151876406,solved (0.2 s),solved (0.4 s),1,0,best_found,2.784033908,1.0,0.7251131913366801,1.0,1.0,1.0,10.12792837,0.0,0.0,0.0,0.0,0.0,,,,,,,-217.71850885817258,1.0,22.496845248538484,1.0,1.0,1.0,10.12792837,0.0,0.0,0.0,0.0,0.0,2.784033908,1.0,0.7251131913366801,1.0,1.0,1.0,35.18757725,0.0,0.0,0.0,0.0,0.0,28.03339107,0.0,0.0,0.0,0.0,0.0,28.03339107,0.0,0.0,0.0,0.0,0.0,22.14277462,0.0,0.0,0.0,0.0,0.0,22.14277462,0.0,0.0,0.0,0.0,0.0
log_det,wine_n100_alpha3,winequality-red_n100_alpha3,100,3,33,,10.12792837,10.12792837,7.146078564,0,-5.151876406,solved (0.2 s),solved (0.4 s),1,0,best_found,2.784033908,1.0,0.7251131913366801,1.0,1.0,1.0,10.12792837,0.0,0.0,0.0,0.0,0.0,,,,,,,-217.71850885817258,1.0,22.496845248538484,1.0,1.0,1.0,10.12792837,0.0,0.0,0.0,0.0,0.0,2.784033908,1.0,0.7251131913366801,1.0,1.0,1.0,36.28718904,0.0,0.0,0.0,0.0,0.0,28.41201195,0.0,0.0,0.0,0.0,0.0,28.41201195,0.0,0.0,0.0,0.0,0.0,22.14277462,0.0,0.0,0.0,0.0,0.0,22.14277462,0.0,0.0,0.0,0.0,0.0
log_det,wine_n100_alpha3,winequality-red_n100_alpha3,100,3,34,,10.12792837,10.12792837,7.194626207,0,-5.151876406,solved (0.2 s),solved (0.4 s),1,0,best_found,2.784033908,1.0,0.7251131913366801,1.0,1.0,1.0,10.12792837,0.0,0.0,0.0,0.0,0.0,,,,,,,-217.71850885817258,1.0,22.496845248538484,1.0,1.0,1.0,10.12792837,0.0,0.0,0.0,0.0,0.0,2.784033908,1.0,0.7251131913366801,1.0,1.0,1.0,37.38680083,0.0,0.0,0.0,0.0,0.0,28.41201195,0.0,0.0,0.0,0.0,0.0,28.41201195,0.0,0.0,0.0,0.0,0.0,22.14277462,0.0,0.0,0.0,0.0,0.0,22.14277462,0.0,0.0,0.0,0.0,0.0
log_det,wine_n100_alpha3,winequality-red_n100_alpha3,100,3,35,,10.12792837,10.12792837,7.037262896,0,-5.151876406,solved (0.2 s),solved (0.4 s),1,0,best_found,2.784033908,1.0,0.7251131913366801,1.0,1.0,1.0,10.12792837,0.0,0.0,0.0,0.0,0.0,,,,,,,-217.71850885817258,1.0,22.496845248538484,1.0,1.0,1.0,10.12792837,0.0,0.0,0.0,0.0,0.0,2.784033908,1.0,0.7251131913366801,1.0,1.0,1.0,38.48641262,0.0,0.0,0.0,0.0,0.0,28.41201195,0.0,0.0,0.0,0.0,0.0,28.41201195,0.0,0.0,0.0,0.0,0.0,22.14277462,0.0,0.0,0.0,0.0,0.0,22.14277462,0.0,0.0,0.0,0.0,0.0
log_det,wine_n100_alpha3,winequality-red_n100_alpha3,100,3,36,,10.12792837,10.12792837,7.014993702,0,-5.151876406,solved (0.2 s),solved (0.4 s),1,0,best_found,2.784033908,1.0,0.7251131913366801,1.0,1.0,1.0,10.12792837,0.0,0.0,0.0,0.0,0.0,,,,,,,-217.71850885817258,1.0,22.496845248538484,1.0,1.0,1.0,10.12792837,0.0,0.0,0.0,0.0,0.0,2.784033908,1.0,0.7251131913366801,1.0,1.0,1.0,39.5860244,0.0,0.0,0.0,0.0,0.0,28.41201195,0.0,0.0,0.0,0.0,0.0,28.41201195,0.0,0.0,0.0,0.0,0.0,22.14277462,0.0,0.0,0.0,0.0,0.0,22.14277462,0.0,0.0,0.0,0.0,0.0
log_det,wine_n100_alpha3,winequality-red_n100_alpha3,100,3,37,,10.12792837,10.12792837,7.02636088,0,-5.151876406,solved (0.2 s),solved (0.4 s),1,0,best_found,2.784033908,1.0,0.7251131913366801,1.0,1.0,1.0,10.12792837,0.0,0.0,0.0,0.0,0.0,,,,,,,-217.71850885817258,1.0,22.496845248538484,1.0,1.0,1.0,10.12792837,0.0,0.0,0.0,0.0,0.0,2.784033908,1.0,0.7251131913366801,1.0,1.0,1.0,40.68563619,0.0,0.0,0.0,0.0,0.0,28.41201195,0.0,0.0,0.0,0.0,0.0,28.41201195,0.0,0.0,0.0,0.0,0.0,22.14277462,0.0,0.0,0.0,0.0,0.0,22.14277462,0.0,0.0,0.0,0.0,0.0
log_det,wine_n100_alpha3,winequality-red_n100_alpha3,100,3,38,,10.12792837,10.12792837,7.022899884,0,-5.151876406,solved (0.2 s),solved (0.4 s),1,0,best_found,2.784033908,1.0,0.7251131913366801,1.0,1.0,1.0,10.12792837,0.0,0.0,0.0,0.0,0.0,,,,,,,-217.71850885817258,1.0,22.496845248538484,1.0,1.0,1.0,10.12792837,0.0,0.0,0.0,0.0,0.0,2.784033908,1.0,0.7251131913366801,1.0,1.0,1.0,41.78524798,0.0,0.0,0.0,0.0,0.0,28.41201195,0.0,0.0,0.0,0.0,0.0,28.41201195,0.0,0.0,0.0,0.0,0.0,22.14277462,0.0,0.0,0.0,0.0,0.0,22.14277462,0.0,0.0,0.0,0.0,0.0
log_det,wine_n100_alpha3,winequality-red_n100_alpha3,100,3,39,,10.12792837,10.12792837,6.938288826,0,-5.151876406,solved (0.2 s),solved (0.4 s),1,0,best_found,2.784033908,1.0,0.7251131913366801,1.0,1.0,1.0,10.12792837,0.0,0.0,0.0,0.0,0.0,,,,,,,-217.71850885817258,1.0,22.496845248538484,1.0,1.0,1.0,10.12792837,0.0,0.0,0.0,0.0,0.0,2.784033908,1.0,0.7251131913366801,1.0,1.0,1.0,42.88485977,0.0,0.0,0.0,0.0,0.0,28.41201195,0.0,0.0,0.0,0.0,0.0,28.41201195,0.0,0.0,0.0,0.0,0.0,22.14277462,0.0,0.0,0.0,0.0,0.0,22.14277462,0.0,0.0,0.0,0.0,0.0
log_det,wine_n100_alpha3,winequality-red_n100_alpha3,100,3,40,,10.12792837,10.12792837,6.875703371,0,-5.151876406,solved (0.2 s),solved (0.4 s),1,0,best_found,2.784033908,1.0,0.7251131913366801,1.0,1.0,1.0,10.12792837,0.0,0.0,0.0,0.0,0.0,,,,,,,-217.71850885817258,1.0,22.496845248538484,1.0,1.0,1.0,10.12792837,0.0,0.0,0.0,0.0,0.0,2.784033908,1.0,0.7251131913366801,1.0,1.0,1.0,43.98447156,0.0,0.0,0.0,0.0,0.0,28.41201195,0.0,0.0,0.0,0.0,0.0,28.41201195,0.0,0.0,0.0,0.0,0.0,22.14277462,0.0,0.0,0.0,0.0,0.0,22.14277462,0.0,0.0,0.0,0.0,0.0
log_det,wine_n100_alpha3,winequality-red_n100_alpha3,100,3,41,,10.12792837,10.12792837,6.881687803,0,-5.151876406,solved (0.2 s),solved (0.4 s),1,0,best_found,2.784033908,1.0,0.7251131913366801,1.0,1.0,1.0,10.12792837,0.0,0.0,0.0,0.0,0.0,,,,,,,-217.71850885817258,1.0,22.496845248538484,1.0,1.0,1.0,10.12792837,0.0,0.0,0.0,0.0,0.0,2.784033908,1.0,0.7251131913366801,1.0,1.0,1.0,45.08408335,0.0,0.0,0.0,0.0,0.0,28.41201195,0.0,0.0,0.0,0.0,0.0,28.41201195,0.0,0.0,0.0,0.0,0.0,22.14277462,0.0,0.0,0.0,0.0,0.0,22.14277462,0.0,0.0,0.0,0.0,0.0
log_det,wine_n100_alpha3,winequality-red_n100_alpha3,100,3,42,,10.12792837,10.12792837,6.912558028,0,-5.151876406,solved (0.2 s),solved (0.4 s),1,0,best_found,2.784033908,1.0,0.7251131913366801,1.0,1.0,1.0,10.12792837,0.0,0.0,0.0,0.0,0.0,,,,,,,-217.71850885817258,1.0,22.496845248538484,1.0,1.0,1.0,10.12792837,0.0,0.0,0.0,0.0,0.0,2.784033908,1.0,0.7251131913366801,1.0,1.0,1.0,46.18369514,0.0,0.0,0.0,0.0,0.0,28.41201195,0.0,0.0,0.0,0.0,0.0,28.41201195,0.0,0.0,0.0,0.0,0.0,22.14277462,0.0,0.0,0.0,0.0,0.0,22.14277462,0.0,0.0,0.0,0.0,0.0
log_det,wine_n100_alpha3,winequality-red_n100_alpha3,100,3,43,,10.12792837,10.12792837,6.975388232,0,-5.151876406,solved (0.2 s),solved (0.4 s),1,0,best_found,2.784033908,1.0,0.7251131913366801,1.0,1.0,1.0,10.12792837,0.0,0.0,0.0,0.0,0.0,,,,,,,-217.71850885817258,1.0,22.496845248538484,1.0,1.0,1.0,10.12792837,0.0,0.0,0.0,0.0,0.0,2.784033908,1.0,0.7251131913366801,1.0,1.0,1.0,47.28330693,0.0,0.0,0.0,0.0,0.0,28.41201195,0.0,0.0,0.0,0.0,0.0,28.41201195,0.0,0.0,0.0,0.0,0.0,22.14277462,0.0,0.0,0.0,0.0,0.0,22.14277462,0.0,0.0,0.0,0.0,0.0
log_det,wine_n100_alpha3,winequality-red_n100_alpha3,100,3,44,,10.12792837,10.12792837,6.929174801,0,-5.151876406,solved (0.2 s),solved (0.4 s),1,0,best_found,2.784033908,1.0,0.7251131913366801,1.0,1.0,1.0,10.12792837,0.0,0.0,0.0,0.0,0.0,,,,,,,-217.71850885817258,1.0,22.496845248538484,1.0,1.0,1.0,10.12792837,0.0,0.0,0.0,0.0,0.0,2.784033908,1.0,0.7251131913366801,1.0,1.0,1.0,48.38291872,0.0,0.0,0.0,0.0,0.0,28.41201195,0.0,0.0,0.0,0.0,0.0,28.41201195,0.0,0.0,0.0,0.0,0.0,22.14277462,0.0,0.0,0.0,0.0,0.0,22.14277462,0.0,0.0,0.0,0.0,0.0
log_det,wine_n100_alpha3,winequality-red_n100_alpha3,100,3,45,,10.12792837,10.12792837,6.87701616,0,-5.151876406,solved (0.2 s),solved (0.4 s),1,0,best_found,2.784033908,1.0,0.7251131913366801,1.0,1.0,1.0,10.12792837,0.0,0.0,0.0,0.0,0.0,,,,,,,-217.71850885817258,1.0,22.496845248538484,1.0,1.0,1.0,10.12792837,0.0,0.0,0.0,0.0,0.0,2.784033908,1.0,0.7251131913366801,1.0,1.0,1.0,49.48253051,0.0,0.0,0.0,0.0,0.0,28.41201195,0.0,0.0,0.0,0.0,0.0,28.41201195,0.0,0.0,0.0,0.0,0.0,22.14277462,0.0,0.0,0.0,0.0,0.0,22.14277462,0.0,0.0,0.0,0.0,0.0
log_det,wine_n100_alpha3,winequality-red_n100_alpha3,100,3,46,,10.12792837,10.12792837,6.868879696,0,-5.151876406,solved (0.2 s),solved (0.4 s),1,0,best_found,2.784033908,1.0,0.7251131913366801,1.0,1.0,1.0,10.12792837,0.0,0.0,0.0,0.0,0.0,,,,,,,-217.71850885817258,1.0,22.496845248538484,1.0,1.0,1.0,10.12792837,0.0,0.0,0.0,0.0,0.0,2.784033908,1.0,0.7251131913366801,1.0,1.0,1.0,50.58214229,0.0,0.0,0.0,0.0,0.0,28.41201195,0.0,0.0,0.0,0.0,0.0,28.41201195,0.0,0.0,0.0,0.0,0.0,22.14277462,0.0,0.0,0.0,0.0,0.0,22.14277462,0.0,0.0,0.0,0.0,0.0
log_det,wine_n100_alpha3,winequality-red_n100_alpha3,100,3,47,,10.12792837,10.12792837,6.782444679,0,-5.151876406,solved (0.2 s),solved (0.4 s),1,0,best_found,2.784033908,1.0,0.7251131913366801,1.0,1.0,1.0,10.12792837,0.0,0.0,0.0,0.0,0.0,,,,,,,-217.71850885817258,1.0,22.496845248538484,1.0,1.0,1.0,10.12792837,0.0,0.0,0.0,0.0,0.0,2.784033908,1.0,0.7251131913366801,1.0,1.0,1.0,51.68175408,0.0,0.0,0.0,0.0,0.0,28.41201195,0.0,0.0,0.0,0.0,0.0,28.41201195,0.0,0.0,0.0,0.0,0.0,22.14277462,0.0,0.0,0.0,0.0,0.0,22.14277462,0.0,0.0,0.0,0.0,0.0
log_det,wine_n100_alpha3,winequality-red_n100_alpha3,100,3,48,,10.12792837,10.12792837,6.820231765,0,-5.151876406,solved (0.2 s),solved (0.4 s),1,0,best_found,2.784033908,1.0,0.7251131913366801,1.0,1.0,1.0,10.12792837,0.0,0.0,0.0,0.0,0.0,,,,,,,-217.71850885817258,1.0,22.496845248538484,1.0,1.0,1.0,10.12792837,0.0,0.0,0.0,0.0,0.0,2.784033908,1.0,0.7251131913366801,1.0,1.0,1.0,52.78136587,0.0,0.0,0.0,0.0,0.0,28.41201195,0.0,0.0,0.0,0.0,0.0,28.41201195,0.0,0.0,0.0,0.0,0.0,22.14277462,0.0,0.0,0.0,0.0,0.0,22.14277462,0.0,0.0,0.0,0.0,0.0
log_det,wine_n100_alpha3,winequality-red_n100_alpha3,100,3,49,,10.12792837,10.12792837,6.823039877,0,-5.151876406,solved (0.2 s),solved (0.4 s),1,0,best_found,2.784033908,1.0,0.7251131913366801,1.0,1.0,1.0,10.12792837,0.0,0.0,0.0,0.0,0.0,,,,,,,-217.71850885817258,1.0,22.496845248538484,1.0,1.0,1.0,10.12792837,0.0,0.0,0.0,0.0,0.0,2.784033908,1.0,0.7251131913366801,1.0,1.0,1.0,53.88097766,0.0,0.0,0.0,0.0,0.0,28.41201195,0.0,0.0,0.0,0.0,0.0,28.41201195,0.0,0.0,0.0,0.0,0.0,22.14277462,0.0,0.0,0.0,0.0,0.0,22.14277462,0.0,0.0,0.0,0.0,0.0
log_det,wine_n100_alpha3,winequality-red_n100_alpha3,100,3,50,,10.12792837,10.12792837,6.761059268,0,-5.151876406,solved (0.2 s),solved (0.4 s),1,0,best_found,2.784033908,1.0,0.7251131913366801,1.0,1.0,1.0,10.12792837,0.0,0.0,0.0,0.0,0.0,,,,,,,-217.71850885817258,1.0,22.496845248538484,1.0,1.0,1.0,10.12792837,0.0,0.0,0.0,0.0,0.0,2.784033908,1.0,0.7251131913366801,1.0,1.0,1.0,54.98058945,0.0,0.0,0.0,0.0,0.0,28.41201195,0.0,0.0,0.0,0.0,0.0,28.41201195,0.0,0.0,0.0,0.0,0.0,22.14277462,0.0,0.0,0.0,0.0,0.0,22.14277462,0.0,0.0,0.0,0.0,0.0
log_det,wine_n100_alpha3,winequality-red_n100_alpha3,100,4,1,1.099611789,1.099611789,1.099611789,1.099611789,0,-5.288047499,solved (0.1 s),solved (0.3 s),1,0,opt,1.099611789,0.0,0.0,0.0,0.0,0.0,1.099611789,0.0,0.0,0.0,0.0,0.0,,,,,,,-211.11761752717726,1.0,192.99286479019122,1.0,1.0,1.0,1.099611789,0.0,0.0,0.0,0.0,0.0,1.099611789,0.0,0.0,0.0,0.0,0.0,1.099611789,0.0,0.0,0.0,0.0,0.0,1.099611789,0.0,0.0,0.0,0.0,0.0,1.099611789,0.0,0.0,0.0,0.0,0.0,1.099611789,0.0,0.0,0.0,0.0,0.0,1.099611789,0.0,0.0,0.0,0.0,0.0
log_det,wine_n100_alpha3,winequality-red_n100_alpha3,100,4,2,2.198603995,2.198603995,2.184905357,2.167398802,0,-5.288047499,solved (0.1 s),solved (0.3 s),1,0,opt,2.199223578,0.0,0.0,0.0,0.0,0.0,2.199223578,0.0,0.0,0.0,0.0,0.0,,,,,,,-211.11761752717726,1.0,97.02348490555585,1.0,1.0,1.0,2.199223578,0.0,0.0,0.0,0.0,0.0,2.199223578,0.0,0.0,0.0,0.0,0.0,2.199223578,0.0,0.0,0.0,0.0,0.0,2.199223578,0.0,0.0,0.0,0.0,0.0,2.199223578,0.0,0.0,0.0,0.0,0.0,2.199223578,0.0,0.0,0.0,0.0,0.0,2.199223578,0.0,0.0,0.0,0.0,0.0
log_det,wine_n100_alpha3,winequality-red_n100_alpha3,100,4,3,3.292621656,3.292621656,3.249263058,3.142751972,0,-5.288047499,solved (0.1 s),solved (0.3 s),1,0,opt,2.561259382,1.0,0.22212156464052615,1.0,1.0,1.0,3.298835367,0.0,0.0,0.0,0.0,0.0,,,,,,,-211.11761752717726,1.0,65.11839548660772,1.0,1.0,1.0,3.298835367,0.0,0.0,0.0,0.0,0.0,2.561259382,1.0,0.22212156464052615,1.0,1.0,1.0,3.298835367,0.0,0.0,0.0,0.0,0.0,3.298835367,0.0,0.0,0.0,0.0,0.0,3.298835367,0.0,0.0,0.0,0.0,0.0,3.298835367,0.0,0.0,0.0,0.0,0.0,3.298835367,0.0,0.0,0.0,0.0,0.0
log_det,wine_n100_alpha3,winequality-red_n100_alpha3,100,4,4,,4.260860951,4.260860951,3.996147722,0,-5.288047499,solved (0.1 s),solved (0.3 s),1,0,best_found,2.561259382,1.0,0.3988868889516597,1.0,1.0,1.0,4.398447156,0.0,0.0,0.0,0.0,0.0,,,,,,,-211.11761752717726,1.0,50.54811244840768,1.0,1.0,1.0,4.398447156,0.0,0.0,0.0,0.0,0.0,2.561259382,1.0,0.3988868889516597,1.0,1.0,1.0,4.398447156,0.0,0.0,0.0,0.0,0.0,4.398447156,0.0,0.0,0.0,0.0,0.0,4.398447156,0.0,0.0,0.0,0.0,0.0,4.398447156,0.0,0.0,0.0,0.0,0.0,4.398447156,0.0,0.0,0.0,0.0,0.0
log_det,wine_n100_alpha3,winequality-red_n100_alpha3,100,4,5,,5.200094044,5.200094044,4.81391938,0,-5.288047499,solved (0.1 s),solved (0.3 s),1,0,best_found,2.561259382,1.0,0.5074590266390959,1.0,1.0,1.0,5.498058945,0.0,0.0,0.0,0.0,0.0,,,,,,,-211.11761752717726,1.0,41.59880758709933,1.0,1.0,1.0,5.498058945,0.0,0.0,0.0,0.0,0.0,2.561259382,1.0,0.5074590266390959,1.0,1.0,1.0,5.498058945,0.0,0.0,0.0,0.0,0.0,5.498058945,0.0,0.0,0.0,0.0,0.0,5.498058945,0.0,0.0,0.0,0.0,0.0,5.498058945,0.0,0.0,0.0,0.0,0.0,5.498058945,0.0,0.0,0.0,0.0,0.0
log_det,wine_n100_alpha3,winequality-red_n100_alpha3,100,4,6,,6.075398466,5.965864193,5.507736364,0,-5.288047499,solved (0.1 s),solved (0.3 s),1,0,best_found,2.561259382,1.0,0.5784211691901889,1.0,1.0,1.0,6.597670734,0.0,0.0,0.0,0.0,0.0,,,,,,,-211.11761752717726,1.0,35.74959193354368,1.0,1.0,1.0,6.597670734,0.0,0.0,0.0,0.0,0.0,2.561259382,1.0,0.5784211691901889,1.0,1.0,1.0,6.597670734,0.0,0.0,0.0,0.0,0.0,6.597670734,0.0,0.0,0.0,0.0,0.0,6.597670734,0.0,0.0,0.0,0.0,0.0,6.597670734,0.0,0.0,0.0,0.0,0.0,6.597670734,0.0,0.0,0.0,0.0,0.0
log_det,wine_n100_alpha3,winequality-red_n100_alpha3,100,4,7,,6.765771915,6.711786607,6.098298458,0,-5.288047499,solved (0.1 s),solved (0.3 s),1,0,best_found,2.561259382,1.0,0.6214387043817454,1.0,1.0,1.0,7.697282523,0.0,0.0,0.0,0.0,0.0,,,,,,,-211.11761752717726,1.0,32.20377396393169,1.0,1.0,1.0,7.697282523,0.0,0.0,0.0,0.0,0.0,2.561259382,1.0,0.6214387043817454,1.0,1.0,1.0,7.697282523,0.0,0.0,0.0,0.0,0.0,7.697282523,0.0,0.0,0.0,0.0,0.0,7.697282523,0.0,0.0,0.0,0.0,0.0,7.697282523,0.0,0.0,0.0,0.0,0.0,7.697282523,0.0,0.0,0.0,0.0,0.0
log_det,wine_n100_alpha3,winequality-red_n100_alpha3,100,4,8,,7.445320836,7.332452932,6.510687965,0,-5.288047499,solved (0.1 s),solved (0.3 s),1,0,best_found,2.561259382,1.0,0.655990730498051,1.0,1.0,1.0,8.796894312,0.0,0.0,0.0,0.0,0.0,,,,,,,-211.11761752717726,1.0,29.35574479294035,1.0,1.0,1.0,8.796894312,0.0,0.0,0.0,0.0,0.0,2.561259382,1.0,0.655990730498051,1.0,1.0,1.0,8.796894312,0.0,0.0,0.0,0.0,0.0,8.796894312,0.0,0.0,0.0,0.0,0.0,8.796894312,0.0,0.0,0.0,0.0,0.0,8.796894312,0.0,0.0,0.0,0.0,0.0,8.796894312,0.0,0.0,0.0,0.0,0.0
log_det,wine_n100_alpha3,winequality-red_n100_alpha3,100,4,9,,7.805249682,7.805249682,6.825520934,0,-5.288047499,solved (0.1 s),solved (0.3 s),1,0,best_found,2.561259382,1.0,0.6718542665064741,1.0,1.0,1.0,9.896506101,0.0,0.0,0.0,0.0,0.0,,,,,,,-211.11761752717726,1.0,28.048156833988806,1.0,1.0,1.0,9.896506101,0.0,0.0,0.0,0.0,0.0,2.561259382,1.0,0.6718542665064741,1.0,1.0,1.0,9.896506101,0.0,0.0,0.0,0.0,0.0,9.896506101,0.0,0.0,0.0,0.0,0.0,9.896506101,0.0,0.0,0.0,0.0,0.0,9.896506101,0.0,0.0,0.0,0.0,0.0,9.896506101,0.0,0.0,0.0,0.0,0.0
log_det,wine_n100_alpha3,winequality-red_n100_alpha3,100,4,10,,8.229257781,8.16600066,6.951703927,0,-5.288047499,solved (0.1 s),solved (0.3 s),1,0,best_found,2.561259382,1.0,0.6887617996469225,1.0,1.0,1.0,10.09049932,0.0,0.0,0.0,0.0,0.0,,,,,,,-211.11761752717726,1.0,26.654515042002096,1.0,1.0,1.0,9.926420231,0.0,0.0,0.0,0.0,0.0,2.561259382,1.0,0.6887617996469225,1.0,1.0,1.0,10.99611789,0.0,0.0,0.0,0.0,0.0,10.99611789,0.0,0.0,0.0,0.0,0.0,10.99611789,0.0,0.0,0.0,0.0,0.0,10.99611789,0.0,0.0,0.0,0.0,0.0,10.99611789,0.0,0.0,0.0,0.0,0.0
log_det,wine_n100_alpha3,winequality-red_n100_alpha3,100,4,11,,8.48753829,8.48753829,7.004109994,0,-5.288047499,solved (0.1 s),solved (0.3 s),1,0,best_found,2.561259382,1.0,0.6982329511234524,1.0,1.0,1.0,10.00860791,0.0,0.0,0.0,0.0,0.0,,,,,,,-211.11761752717726,1.0,25.87383388607691,1.0,1.0,1.0,9.887856032,0.0,0.0,0.0,0.0,0.0,2.561259382,1.0,0.6982329511234524,1.0,1.0,1.0,12.09572968,0.0,0.0,0.0,0.0,0.0,12.09572968,0.0,0.0,0.0,0.0,0.0,12.09572968,0.0,0.0,0.0,0.0,0.0,12.09572968,0.0,0.0,0.0,0.0,0.0,12.09572968,0.0,0.0,0.0,0.0,0.0
log_det,wine_n100_alpha3,winequality-red_n100_alpha3,100,4,12,,8.720304885,8.720304885,7.166923669,0,-5.288047499,solved (0.1 s),solved (0.3 s),1,0,best_found,2.561259382,1.0,0.7062878631221161,1.0,1.0,1.0,9.865685928,0.0,0.0,0.0,0.0,0.0,,,,,,,-211.11761752717726,1.0,25.2098894833741,1.0,1.0,1.0,9.846740761,0.0,0.0,0.0,0.0,0.0,2.561259382,1.0,0.7062878631221161,1.0,1.0,1.0,13.19534147,0.0,0.0,0.0,0.0,0.0,13.19534147,0.0,0.0,0.0,0.0,0.0,13.19534147,0.0,0.0,0.0,0.0,0.0,13.19534147,0.0,0.0,0.0,0.0,0.0,13.19534147,0.0,0.0,0.0,0.0,0.0
log_det,wine_n100_alpha3,winequality-red_n100_alpha3,100,4,13,,8.984740807,8.910707137,7.208288852,0,-5.288047499,solved (0.1 s),solved (0.3 s),1,0,best_found,2.561259382,1.0,0.714932301663669,1.0,1.0,1.0,9.445264447,0.0,0.0,0.0,0.0,0.0,,,,,,,-211.11761752717726,1.0,24.49735201739997,1.0,1.0,1.0,9.444048427099998,0.0,0.0,0.0,0.0,0.0,2.561259382,1.0,0.714932301663669,1.0,1.0,1.0,14.29495326,0.0,0.0,0.0,0.0,0.0,14.29495326,0.0,0.0,0.0,0.0,0.0,14.29495326,0.0,0.0,0.0,0.0,0.0,14.29495326,0.0,0.0,0.0,0.0,0.0,14.29495326,0.0,0.0,0.0,0.0,0.0
log_det,wine_n100_alpha3,winequality-red_n100_alpha3,100,4,14,,9.047076289,9.047076289,7.137073627,0,-5.288047499,solved (0.1 s),solved (0.3 s),1,0,best_found,2.561259382,1.0,0.7168964535963802,1.0,1.0,1.0,9.249389996,0.0,0.0,0.0,0.0,0.0,,,,,,,-211.11761752717726,1.0,24.335452336559516,1.0,1.0,1.0,9.163953682499999,0.0,0.0,0.0,0.0,0.0,2.561259382,1.0,0.7168964535963802,1.0,1.0,1.0,15.39456505,0.0,0.0,0.0,0.0,0.0,15.39456505,0.0,0.0,0.0,0.0,0.0,15.39456505,0.0,0.0,0.0,0.0,0.0,15.39456505,0.0,0.0,0.0,0.0,0.0,15.39456505,0.0,0.0,0.0,0.0,0.0
log_det,wine_n100_alpha3,winequality-red_n100_alpha3,100,4,15,,9.163953682,9.163953682,7.12146336,0,-5.288047499,solved (0.1 s),solved (0.3 s),1,0,best_found,2.561259382,1.0,0.7205071663521314,1.0,1.0,1.0,9.163953682,0.0,0.0,0.0,0.0,0.0,,,,,,,-211.11761752717726,1.0,24.03783114288958,1.0,1.0,1.0,9.163953682,0.0,0.0,0.0,0.0,0.0,2.561259382,1.0,0.7205071663521314,1.0,1.0,1.0,16.49417684,0.0,0.0,0.0,0.0,0.0,16.49417684,0.0,0.0,0.0,0.0,0.0,16.49417684,0.0,0.0,0.0,0.0,0.0,16.49417684,0.0,0.0,0.0,0.0,0.0,16.49417684,0.0,0.0,0.0,0.0,0.0
log_det,wine_n100_alpha3,winequality-red_n100_alpha3,100,4,16,,9.165240065,9.163953682,7.122711126,0,-5.288047499,solved (0.1 s),solved (0.3 s),1,0,best_found,2.561259382,1.0,0.7205463944386056,1.0,1.0,1.0,9.163953682,1.0,0.00014035453418317608,0.0,0.0,1.0,,,,,,,-211.11761752717726,1.0,24.03459767883093,1.0,1.0,1.0,9.163953682,1.0,0.00014035453418317608,0.0,0.0,1.0,2.561259382,1.0,0.7205463944386056,1.0,1.0,1.0,17.59378862,0.0,0.0,0.0,0.0,0.0,17.59378862,0.0,0.0,0.0,0.0,0.0,17.59378862,0.0,0.0,0.0,0.0,0.0,17.41993401,0.0,0.0,0.0,0.0,0.0,17.4130325,0.0,0.0,0.0,0.0,0.0
log_det,wine_n100_alpha3,winequality-red_n100_alpha3,100,4,17,,9.163953682,9.163953682,7.055033717,0,-5.288047499,solved (0.1 s),solved (0.3 s),1,0,best_found,2.561259382,1.0,0.7205071663521314,1.0,1.0,1.0,9.163953682,0.0,0.0,0.0,0.0,0.0,,,,,,,-211.11761752717726,1.0,24.03783114288958,1.0,1.0,1.0,9.163953682,0.0,0.0,0.0,0.0,0.0,2.561259382,1.0,0.7205071663521314,1.0,1.0,1.0,18.69340041,0.0,0.0,0.0,0.0,0.0,18.69340041,0.0,0.0,0.0,0.0,0.0,18.63257137,0.0,0.0,0.0,0.0,0.0,18.10319909,0.0,0.0,0.0,0.0,0.0,18.10170636,0.0,0.0,0.0,0.0,0.0
log_det,wine_n100_alpha3,winequality-red_n100_alpha3,100,4,18,,9.163953682,9.163953682,7.081915687,0,-5.288047499,solved (0.1 s),solved (0.3 s),1,0,best_found,2.561259382,1.0,0.7205071663521314,1.0,1.0,1.0,9.163953682,0.0,0.0,0.0,0.0,0.0,,,,,,,-211.11761752717726,1.0,24.03783114288958,1.0,1.0,1.0,9.163953682,0.0,0.0,0.0,0.0,0.0,2.561259382,1.0,0.7205071663521314,1.0,1.0,1.0,19.7930122,0.0,0.0,0.0,0.0,0.0,19.7930122,0.0,0.0,0.0,0.0,0.0,19.56574837,0.0,0.0,0.0,0.0,0.0,18.71500429,0.0,0.0,0.0,0.0,0.0,18.71456733,0.0,0.0,0.0,0.0,0.0
log_det,wine_n100_alpha3,winequality-red_n100_alpha3,100,4,19,,9.163953682,9.163953682,7.040293652,0,-5.288047499,solved (0.1 s),solved (0.3 s),1,0,best_found,2.561259382,1.0,0.7205071663521314,1.0,1.0,1.0,9.163953682,0.0,0.0,0.0,0.0,0.0,,,,,,,-211.11761752717726,1.0,24.03783114288958,1.0,1.0,1.0,9.163953682,0.0,0.0,0.0,0.0,0.0,2.561259382,1.0,0.7205071663521314,1.0,1.0,1.0,20.89262399,0.0,0.0,0.0,0.0,0.0,20.89262399,0.0,0.0,0.0,0.0,0.0,20.49599467,0.0,0.0,0.0,0.0,0.0,19.28766748,0.0,0.0,0.0,0.0,0.0,19.28766748,0.0,0.0,0.0,0.0,0.0
log_det,wine_n100_alpha3,winequality-red_n100_alpha3,100,4,20,,9.163953682,9.163953682,7.049547604,0,-5.288047499,solved (0.1 s),solved (0.3 s),1,0,best_found,2.561259382,1.0,0.7205071663521314,1.0,1.0,1.0,9.163953682,0.0,0.0,0.0,0.0,0.0,,,,,,,-211.11761752717726,1.0,24.03783114288958,1.0,1.0,1.0,9.163953682,0.0,0.0,0.0,0.0,0.0,2.561259382,1.0,0.7205071663521314,1.0,1.0,1.0,21.99223578,0.0,0.0,0.0,0.0,0.0,21.07173193,0.0,0.0,0.0,0.0,0.0,20.81852015,0.0,0.0,0.0,0.0,0.0,19.75655174,0.0,0.0,0.0,0.0,0.0,19.7560117,0.0,0.0,0.0,0.0,0.0
log_det,wine_n100_alpha3,winequality-red_n100_alpha3,100,4,21,,9.163953682,9.163953682,6.922044478,0,-5.288047499,solved (0.1 s),solved (0.3 s),1,0,best_found,2.561259382,1.0,0.7205071663521314,1.0,1.0,1.0,9.163953682,0.0,0.0,0.0,0.0,0.0,,,,,,,-211.11761752717726,1.0,24.03783114288958,1.0,1.0,1.0,9.163953682,0.0,0.0,0.0,0.0,0.0,2.561259382,1.0,0.7205071663521314,1.0,1.0,1.0,23.09184757,0.0,0.0,0.0,0.0,0.0,21.21059911,0.0,0.0,0.0,0.0,0.0,20.95177007,0.0,0.0,0.0,0.0,0.0,20.06680052,0.0,0.0,0.0,0.0,0.0,20.06612156,0.0,0.0,0.0,0.0,0.0
log_det,wine_n100_alpha3,winequality-red_n100_alpha3,100,4,22,,9.163953682,9.163953682,6.973100983,0,-5.288047499,solved (0.1 s),solved (0.3 s),1,0,best_found,2.561259382,1.0,0.7205071663521314,1.0,1.0,1.0,9.163953682,0.0,0.0,0.0,0.0,0.0,,,,,,,-211.11761752717726,1.0,24.03783114288958,1.0,1.0,1.0,9.163953682,0.0,0.0,0.0,0.0,0.0,2.561259382,1.0,0.7205071663521314,1.0,1.0,1.0,24.19145936,0.0,0.0,0.0,0.0,0.0,21.34384903,0.0,0.0,0.0,0.0,0.0,21.08377604,0.0,0.0,0.0,0.0,0.0,20.21220429,0.0,0.0,0.0,0.0,0.0,20.21220429,0.0,0.0,0.0,0.0,0.0
log_det,wine_n100_alpha3,winequality-red_n100_alpha3,100,4,23,,9.163953682,9.163953682,6.930435496,0,-5.288047499,solved (0.1 s),solved (0.3 s),1,0,best_found,2.561259382,1.0,0.7205071663521314,1.0,1.0,1.0,9.163953682,0.0,0.0,0.0,0.0,0.0,,,,,,,-211.11761752717726,1.0,24.03783114288958,1.0,1.0,1.0,9.163953682,0.0,0.0,0.0,0.0,0.0,2.561259382,1.0,0.7205071663521314,1.0,1.0,1.0,25.29107115,0.0,0.0,0.0,0.0,0.0,21.475855,0.0,0.0,0.0,0.0,0.0,21.19927318,0.0,0.0,0.0,0.0,0.0,20.21220429,0.0,0.0,0.0,0.0,0.0,20.21220429,0.0,0.0,0.0,0.0,0.0
log_det,wine_n100_alpha3,winequality-red_n100_alpha3,100,4,24,,9.163953682,9.163953682,6.870658607,0,-5.288047499,solved (0.1 s),solved (0.3 s),1,0,best_found,2.561259382,1.0,0.7205071663521314,1.0,1.0,1.0,9.163953682,0.0,0.0,0.0,0.0,0.0,,,,,,,-211.11761752717726,1.0,24.03783114288958,1.0,1.0,1.0,9.163953682,0.0,0.0,0.0,0.0,0.0,2.561259382,1.0,0.7205071663521314,1.0,1.0,1.0,26.39068294,0.0,0.0,0.0,0.0,0.0,21.59135215,0.0,0.0,0.0,0.0,0.0,21.30115661,0.0,0.0,0.0,0.0,0.0,20.21220429,0.0,0.0,0.0,0.0,0.0,20.21220429,0.0,0.0,0.0,0.0,0.0
log_det,wine_n100_alpha3,winequality-red_n100_alpha3,100,4,25,,9.163953682,9.163953682,6.810405012,0,-5.288047499,solved (0.1 s),solved (0.3 s),1,0,best_found,2.561259382,1.0,0.7205071663521314,1.0,1.0,1.0,9.163953682,0.0,0.0,0.0,0.0,0.0,,,,,,,-211.11761752717726,1.0,24.03783114288958,1.0,1.0,1.0,9.163953682,0.0,0.0,0.0,0.0,0.0,2.561259382,1.0,0.7205071663521314,1.0,1.0,1.0,27.49029473,0.0,0.0,0.0,0.0,0.0,21.69323558,0.0,0.0,0.0,0.0,0.0,21.38542256,0.0,0.0,0.0,0.0,0.0,20.21220429,0.0,0.0,0.0,0.0,0.0,20.21220429,0.0,0.0,0.0,0.0,0.0
log_det,wine_n100_alpha3,winequality-red_n100_alpha3,100,4,26,,9.163953682,9.163953682,6.809498013,0,-5.288047499,solved (0.1 s),solved (0.3 s),1,0,best_found,2.561259382,1.0,0.7205071663521314,1.0,1.0,1.0,9.163953682,0.0,0.0,0.0,0.0,0.0,,,,,,,-211.11761752717726,1.0,24.03783114288958,1.0,1.0,1.0,9.163953682,0.0,0.0,0.0,0.0,0.0,2.561259382,1.0,0.7205071663521314,1.0,1.0,1.0,28.58990651,0.0,0.0,0.0,0.0,0.0,21.77258065,0.0,0.0,0.0,0.0,0.0,21.46476763,0.0,0.0,0.0,0.0,0.0,20.21220429,0.0,0.0,0.0,0.0,0.0,20.21220429,0.0,0.0,0.0,0.0,0.0
log_det,wine_n100_alpha3,winequality-red_n100_alpha3,100,4,27,,9.163953682,9.163953682,6.829260442,0,-5.288047499,solved (0.1 s),solved (0.3 s),1,0,best_found,2.561259382,1.0,0.7205071663521314,1.0,1.0,1.0,9.163953682,0.0,0.0,0.0,0.0,0.0,,,,,,,-211.11761752717726,1.0,24.03783114288958,1.0,1.0,1.0,9.163953682,0.0,0.0,0.0,0.0,0.0,2.561259382,1.0,0.7205071663521314,1.0,1.0,1.0,29.6895183,0.0,0.0,0.0,0.0,0.0,21.84449151,0.0,0.0,0.0,0.0,0.0,21.5366785,0.0,0.0,0.0,0.0,0.0,20.21220429,0.0,0.0,0.0,0.0,0.0,20.21220429,0.0,0.0,0.0,0.0,0.0
log_det,wine_n100_alpha3,winequality-red_n100_alpha3,100,4,28,,9.163953682,9.163953682,6.663870296,0,-5.288047499,solved (0.1 s),solved (0.3 s),1,0,best_found,2.561259382,1.0,0.7205071663521314,1.0,1.0,1.0,9.163953682,0.0,0.0,0.0,0.0,0.0,,,,,,,-211.11761752717726,1.0,24.03783114288958,1.0,1.0,1.0,9.163953682,0.0,0.0,0.0,0.0,0.0,2.561259382,1.0,0.7205071663521314,1.0,1.0,1.0,30.78913009,0.0,0.0,0.0,0.0,0.0,21.91230362,0.0,0.0,0.0,0.0,0.0,21.6044906,0.0,0.0,0.0,0.0,0.0,20.21220429,0.0,0.0,0.0,0.0,0.0,20.21220429,0.0,0.0,0.0,0.0,0.0
log_det,wine_n100_alpha3,winequality-red_n100_alpha3,100,4,29,,9.163953682,9.163953682,6.739717118,0,-5.288047499,solved (0.1 s),solved (0.3 s),1,0,best_found,2.561259382,1.0,0.7205071663521314,1.0,1.0,1.0,9.163953682,0.0,0.0,0.0,0.0,0.0,,,,,,,-211.11761752717726,1.0,24.03783114288958,1.0,1.0,1.0,9.163953682,0.0,0.0,0.0,0.0,0.0,2.561259382,1.0,0.7205071663521314,1.0,1.0,1.0,31.88874188,0.0,0.0,0.0,0.0,0.0,21.96878178,0.0,0.0,0.0,0.0,0.0,21.66096877,0.0,0.0,0.0,0.0,0.0,20.21220429,0.0,0.0,0.0,0.0,0.0,20.21220429,0.0,0.0,0.0,0.0,0.0
log_det,wine_n100_alpha3,winequality-red_n100_alpha3,100,4,30,,9.163953682,9.163953682,6.714743438,0,-5.288047499,solved (0.1 s),solved (0.3 s),1,0,best_found,2.561259382,1.0,0.7205071663521314,1.0,1.0,1.0,9.163953682,0.0,0.0,0.0,0.0,0.0,,,,,,,-211.11761752717726,1.0,24.03783114288958,1.0,1.0,1.0,9.163953682,0.0,0.0,0.0,0.0,0.0,2.561259382,1.0,0.7205071663521314,1.0,1.0,1.0,32.98835367,0.0,0.0,0.0,0.0,0.0,22.00619103,0.0,0.0,0.0,0.0,0.0,21.69837801,0.0,0.0,0.0,0.0,0.0,20.21220429,0.0,0.0,0.0,0.0,0.0,20.21220429,0.0,0.0,0.0,0.0,0.0
log_det,wine_n100_alpha3,winequality-red_n100_alpha3,100,4,31,,9.163953682,9.163953682,6.622697119,0,-5.288047499,solved (0.1 s),solved (0.3 s),1,0,best_found,2.561259382,1.0,0.7205071663521314,1.0,1.0,1.0,9.163953682,0.0,0.0,0.0,0.0,0.0,,,,,,,-211.11761752717726,1.0,24.03783114288958,1.0,1.0,1.0,9.163953682,0.0,0.0,0.0,0.0,0.0,2.561259382,1.0,0.7205071663521314,1.0,1.0,1.0,34.08796546,0.0,0.0,0.0,0.0,0.0,22.03602413,0.0,0.0,0.0,0.0,0.0,21.72821111,0.0,0.0,0.0,0.0,0.0,20.21220429,0.0,0.0,0.0,0.0,0.0,20.21220429,0.0,0.0,0.0,0.0,0.0
log_det,wine_n100_alpha3,winequality-red_n100_alpha3,100,4,32,,9.163953682,9.163953682,6.655427968,0,-5.288047499,solved (0.1 s),solved (0.3 s),1,0,best_found,2.561259382,1.0,0.7205071663521314,1.0,1.0,1.0,9.163953682,0.0,0.0,0.0,0.0,0.0,,,,,,,-211.11761752717726,1.0,24.03783114288958,1.0,1.0,1.0,9.163953682,0.0,0.0,0.0,0.0,0.0,2.561259382,1.0,0.7205071663521314,1.0,1.0,1.0,35.18757725,0.0,0.0,0.0,0.0,0.0,22.06003199,0.0,0.0,0.0,0.0,0.0,21.75221898,0.0,0.0,0.0,0.0,0.0,20.21220429,0.0,0.0,0.0,0.0,0.0,20.21220429,0.0,0.0,0.0,0.0,0.0
log_det,wine_n100_alpha3,winequality-red_n100_alpha3,100,4,33,,9.163953682,9.163953682,6.642144558,0,-5.288047499,solved (0.1 s),solved (0.3 s),1,0,best_found,2.561259382,1.0,0.7205071663521314,1.0,1.0,1.0,9.163953682,0.0,0.0,0.0,0.0,0.0,,,,,,,-211.11761752717726,1.0,24.03783114288958,1.0,1.0,1.0,9.163953682,0.0,0.0,0.0,0.0,0.0,2.561259382,1.0,0.7205071663521314,1.0,1.0,1.0,36.28718904,0.0,0.0,0.0,0.0,0.0,22.07908427,0.0,0.0,0.0,0.0,0.0,21.77127125,0.0,0.0,0.0,0.0,0.0,20.21220429,0.0,0.0,0.0,0.0,0.0,20.21220429,0.0,0.0,0.0,0.0,0.0
log_det,wine_n100_alpha3,winequality-red_n100_alpha3,100,4,34,,9.163953682,9.163953682,6.579808829,0,-5.288047499,solved (0.1 s),solved (0.3 s),1,0,best_found,2.561259382,1.0,0.7205071663521314,1.0,1.0,1.0,9.163953682,0.0,0.0,0.0,0.0,0.0,,,,,,,-211.11761752717726,1.0,24.03783114288958,1.0,1.0,1.0,9.163953682,0.0,0.0,0.0,0.0,0.0,2.561259382,1.0,0.7205071663521314,1.0,1.0,1.0,37.38680083,0.0,0.0,0.0,0.0,0.0,22.08196919,0.0,0.0,0.0,0.0,0.0,21.77415617,0.0,0.0,0.0,0.0,0.0,20.21220429,0.0,0.0,0.0,0.0,0.0,20.21220429,0.0,0.0,0.0,0.0,0.0
log_det,wine_n100_alpha3,winequality-red_n100_alpha3,100,4,35,,9.163953682,9.163953682,6.61044929,0,-5.288047499,solved (0.1 s),solved (0.3 s),1,0,best_found,2.561259382,1.0,0.7205071663521314,1.0,1.0,1.0,9.163953682,0.0,0.0,0.0,0.0,0.0,,,,,,,-211.11761752717726,1.0,24.03783114288958,1.0,1.0,1.0,9.163953682,0.0,0.0,0.0,0.0,0.0,2.561259382,1.0,0.7205071663521314,1.0,1.0,1.0,38.48641262,0.0,0.0,0.0,0.0,0.0,22.08196919,0.0,0.0,0.0,0.0,0.0,21.77415617,0.0,0.0,0.0,0.0,0.0,20.21220429,0.0,0.0,0.0,0.0,0.0,20.21220429,0.0,0.0,0.0,0.0,0.0
log_det,wine_n100_alpha3,winequality-red_n100_alpha3,100,4,36,,9.163953682,9.163953682,6.598465287,0,-5.288047499,solved (0.1 s),solved (0.3 s),1,0,best_found,2.561259382,1.0,0.7205071663521314,1.0,1.0,1.0,9.163953682,0.0,0.0,0.0,0.0,0.0,,,,,,,-211.11761752717726,1.0,24.03783114288958,1.0,1.0,1.0,9.163953682,0.0,0.0,0.0,0.0,0.0,2.561259382,1.0,0.7205071663521314,1.0,1.0,1.0,39.5860244,0.0,0.0,0.0,0.0,0.0,22.08196919,0.0,0.0,0.0,0.0,0.0,21.77415617,0.0,0.0,0.0,0.0,0.0,20.21220429,0.0,0.0,0.0,0.0,0.0,20.21220429,0.0,0.0,0.0,0.0,0.0
log_det,wine_n100_alpha3,winequality-red_n100_alpha3,100,4,37,,9.163953682,9.163953682,6.507367551,0,-5.288047499,solved (0.1 s),solved (0.3 s),1,0,best_found,2.561259382,1.0,0.7205071663521314,1.0,1.0,1.0,9.163953682,0.0,0.0,0.0,0.0,0.0,,,,,,,-211.11761752717726,1.0,24.03783114288958,1.0,1.0,1.0,9.163953682,0.0,0.0,0.0,0.0,0.0,2.561259382,1.0,0.7205071663521314,1.0,1.0,1.0,40.68563619,0.0,0.0,0.0,0.0,0.0,22.08196919,0.0,0.0,0.0,0.0,0.0,21.77415617,0.0,0.0,0.0,0.0,0.0,20.21220429,0.0,0.0,0.0,0.0,0.0,20.21220429,0.0,0.0,0.0,0.0,0.0
log_det,wine_n100_alpha3,winequality-red_n100_alpha3,100,4,38,,9.163953682,9.163953682,6.554970315,0,-5.288047499,solved (0.1 s),solved (0.3 s),1,0,best_found,2.561259382,1.0,0.7205071663521314,1.0,1.0,1.0,9.163953682,0.0,0.0,0.0,0.0,0.0,,,,,,,-211.11761752717726,1.0,24.03783114288958,1.0,1.0,1.0,9.163953682,0.0,0.0,0.0,0.0,0.0,2.561259382,1.0,0.7205071663521314,1.0,1.0,1.0,41.78524798,0.0,0.0,0.0,0.0,0.0,22.08196919,0.0,0.0,0.0,0.0,0.0,21.77415617,0.0,0.0,0.0,0.0,0.0,20.21220429,0.0,0.0,0.0,0.0,0.0,20.21220429,0.0,0.0,0.0,0.0,0.0
log_det,wine_n100_alpha3,winequality-red_n100_alpha3,100,4,39,,9.163953682,9.163953682,6.550467366,0,-5.288047499,solved (0.1 s),solved (0.3 s),1,0,best_found,2.561259382,1.0,0.7205071663521314,1.0,1.0,1.0,9.163953682,0.0,0.0,0.0,0.0,0.0,,,,,,,-211.11761752717726,1.0,24.03783114288958,1.0,1.0,1.0,9.163953682,0.0,0.0,0.0,0.0,0.0,2.561259382,1.0,0.7205071663521314,1.0,1.0,1.0,42.88485977,0.0,0.0,0.0,0.0,0.0,22.08196919,0.0,0.0,0.0,0.0,0.0,21.77415617,0.0,0.0,0.0,0.0,0.0,20.21220429,0.0,0.0,0.0,0.0,0.0,20.21220429,0.0,0.0,0.0,0.0,0.0
log_det,wine_n100_alpha3,winequality-red_n100_alpha3,100,4,40,,9.163953682,9.163953682,6.54775915,0,-5.288047499,solved (0.1 s),solved (0.3 s),1,0,best_found,2.561259382,1.0,0.7205071663521314,1.0,1.0,1.0,9.163953682,0.0,0.0,0.0,0.0,0.0,,,,,,,-211.11761752717726,1.0,24.03783114288958,1.0,1.0,1.0,9.163953682,0.0,0.0,0.0,0.0,0.0,2.561259382,1.0,0.7205071663521314,1.0,1.0,1.0,43.98447156,0.0,0.0,0.0,0.0,0.0,22.08196919,0.0,0.0,0.0,0.0,0.0,21.77415617,0.0,0.0,0.0,0.0,0.0,20.21220429,0.0,0.0,0.0,0.0,0.0,20.21220429,0.0,0.0,0.0,0.0,0.0
log_det,wine_n100_alpha3,winequality-red_n100_alpha3,100,4,41,,9.163953682,9.163953682,6.57554334,0,-5.288047499,solved (0.1 s),solved (0.3 s),1,0,best_found,2.561259382,1.0,0.7205071663521314,1.0,1.0,1.0,9.163953682,0.0,0.0,0.0,0.0,0.0,,,,,,,-211.11761752717726,1.0,24.03783114288958,1.0,1.0,1.0,9.163953682,0.0,0.0,0.0,0.0,0.0,2.561259382,1.0,0.7205071663521314,1.0,1.0,1.0,45.08408335,0.0,0.0,0.0,0.0,0.0,22.08196919,0.0,0.0,0.0,0.0,0.0,21.77415617,0.0,0.0,0.0,0.0,0.0,20.21220429,0.0,0.0,0.0,0.0,0.0,20.21220429,0.0,0.0,0.0,0.0,0.0
log_det,wine_n100_alpha3,winequality-red_n100_alpha3,100,4,42,,9.163953682,9.163953682,6.545937581,0,-5.288047499,solved (0.1 s),solved (0.3 s),1,0,best_found,2.561259382,1.0,0.7205071663521314,1.0,1.0,1.0,9.163953682,0.0,0.0,0.0,0.0,0.0,,,,,,,-211.11761752717726,1.0,24.03783114288958,1.0,1.0,1.0,9.163953682,0.0,0.0,0.0,0.0,0.0,2.561259382,1.0,0.7205071663521314,1.0,1.0,1.0,46.18369514,0.0,0.0,0.0,0.0,0.0,22.08196919,0.0,0.0,0.0,0.0,0.0,21.77415617,0.0,0.0,0.0,0.0,0.0,20.21220429,0.0,0.0,0.0,0.0,0.0,20.21220429,0.0,0.0,0.0,0.0,0.0
log_det,wine_n100_alpha3,winequality-red_n100_alpha3,100,4,43,,9.163953682,9.163953682,6.458091962,0,-5.288047499,solved (0.1 s),solved (0.3 s),1,0,best_found,2.561259382,1.0,0.7205071663521314,1.0,1.0,1.0,9.163953682,0.0,0.0,0.0,0.0,0.0,,,,,,,-211.11761752717726,1.0,24.03783114288958,1.0,1.0,1.0,9.163953682,0.0,0.0,0.0,0.0,0.0,2.561259382,1.0,0.7205071663521314,1.0,1.0,1.0,47.28330693,0.0,0.0,0.0,0.0,0.0,22.08196919,0.0,0.0,0.0,0.0,0.0,21.77415617,0.0,0.0,0.0,0.0,0.0,20.21220429,0.0,0.0,0.0,0.0,0.0,20.21220429,0.0,0.0,0.0,0.0,0.0
log_det,wine_n100_alpha3,winequality-red_n100_alpha3,100,4,44,,9.163953682,9.163953682,6.475269342,0,-5.288047499,solved (0.1 s),solved (0.3 s),1,0,best_found,2.561259382,1.0,0.7205071663521314,1.0,1.0,1.0,9.163953682,0.0,0.0,0.0,0.0,0.0,,,,,,,-211.11761752717726,1.0,24.03783114288958,1.0,1.0,1.0,9.163953682,0.0,0.0,0.0,0.0,0.0,2.561259382,1.0,0.7205071663521314,1.0,1.0,1.0,48.38291872,0.0,0.0,0.0,0.0,0.0,22.08196919,0.0,0.0,0.0,0.0,0.0,21.77415617,0.0,0.0,0.0,0.0,0.0,20.21220429,0.0,0.0,0.0,0.0,0.0,20.21220429,0.0,0.0,0.0,0.0,0.0
log_det,wine_n100_alpha3,winequality-red_n100_alpha3,100,4,45,,9.163953682,9.163953682,6.346733283,0,-5.288047499,solved (0.1 s),solved (0.3 s),1,0,best_found,2.561259382,1.0,0.7205071663521314,1.0,1.0,1.0,9.163953682,0.0,0.0,0.0,0.0,0.0,,,,,,,-211.11761752717726,1.0,24.03783114288958,1.0,1.0,1.0,9.163953682,0.0,0.0,0.0,0.0,0.0,2.561259382,1.0,0.7205071663521314,1.0,1.0,1.0,49.48253051,0.0,0.0,0.0,0.0,0.0,22.08196919,0.0,0.0,0.0,0.0,0.0,21.77415617,0.0,0.0,0.0,0.0,0.0,20.21220429,0.0,0.0,0.0,0.0,0.0,20.21220429,0.0,0.0,0.0,0.0,0.0
log_det,wine_n100_alpha3,winequality-red_n100_alpha3,100,4,46,,9.163953682,9.163953682,6.446190153,0,-5.288047499,solved (0.1 s),solved (0.3 s),1,0,best_found,2.561259382,1.0,0.7205071663521314,1.0,1.0,1.0,9.163953682,0.0,0.0,0.0,0.0,0.0,,,,,,,-211.11761752717726,1.0,24.03783114288958,1.0,1.0,1.0,9.163953682,0.0,0.0,0.0,0.0,0.0,2.561259382,1.0,0.7205071663521314,1.0,1.0,1.0,50.58214229,0.0,0.0,0.0,0.0,0.0,22.08196919,0.0,0.0,0.0,0.0,0.0,21.77415617,0.0,0.0,0.0,0.0,0.0,20.21220429,0.0,0.0,0.0,0.0,0.0,20.21220429,0.0,0.0,0.0,0.0,0.0
log_det,wine_n100_alpha3,winequality-red_n100_alpha3,100,4,47,,9.163953682,9.163953682,6.39832197,0,-5.288047499,solved (0.1 s),solved (0.3 s),1,0,best_found,2.561259382,1.0,0.7205071663521314,1.0,1.0,1.0,9.163953682,0.0,0.0,0.0,0.0,0.0,,,,,,,-211.11761752717726,1.0,24.03783114288958,1.0,1.0,1.0,9.163953682,0.0,0.0,0.0,0.0,0.0,2.561259382,1.0,0.7205071663521314,1.0,1.0,1.0,51.68175408,0.0,0.0,0.0,0.0,0.0,22.08196919,0.0,0.0,0.0,0.0,0.0,21.77415617,0.0,0.0,0.0,0.0,0.0,20.21220429,0.0,0.0,0.0,0.0,0.0,20.21220429,0.0,0.0,0.0,0.0,0.0
log_det,wine_n100_alpha3,winequality-red_n100_alpha3,100,4,48,,9.163953682,9.163953682,6.392728723,0,-5.288047499,solved (0.1 s),solved (0.3 s),1,0,best_found,2.561259382,1.0,0.7205071663521314,1.0,1.0,1.0,9.163953682,0.0,0.0,0.0,0.0,0.0,,,,,,,-211.11761752717726,1.0,24.03783114288958,1.0,1.0,1.0,9.163953682,0.0,0.0,0.0,0.0,0.0,2.561259382,1.0,0.7205071663521314,1.0,1.0,1.0,52.78136587,0.0,0.0,0.0,0.0,0.0,22.08196919,0.0,0.0,0.0,0.0,0.0,21.77415617,0.0,0.0,0.0,0.0,0.0,20.21220429,0.0,0.0,0.0,0.0,0.0,20.21220429,0.0,0.0,0.0,0.0,0.0
log_det,wine_n100_alpha3,winequality-red_n100_alpha3,100,4,49,,9.163953682,9.163953682,6.411231586,0,-5.288047499,solved (0.1 s),solved (0.3 s),1,0,best_found,2.561259382,1.0,0.7205071663521314,1.0,1.0,1.0,9.163953682,0.0,0.0,0.0,0.0,0.0,,,,,,,-211.11761752717726,1.0,24.03783114288958,1.0,1.0,1.0,9.163953682,0.0,0.0,0.0,0.0,0.0,2.561259382,1.0,0.7205071663521314,1.0,1.0,1.0,53.88097766,0.0,0.0,0.0,0.0,0.0,22.08196919,0.0,0.0,0.0,0.0,0.0,21.77415617,0.0,0.0,0.0,0.0,0.0,20.21220429,0.0,0.0,0.0,0.0,0.0,20.21220429,0.0,0.0,0.0,0.0,0.0
log_det,wine_n100_alpha3,winequality-red_n100_alpha3,100,4,50,,9.163953682,9.163953682,6.409777735,0,-5.288047499,solved (0.1 s),solved (0.3 s),1,0,best_found,2.561259382,1.0,0.7205071663521314,1.0,1.0,1.0,9.163953682,0.0,0.0,0.0,0.0,0.0,,,,,,,-211.11761752717726,1.0,24.03783114288958,1.0,1.0,1.0,9.163953682,0.0,0.0,0.0,0.0,0.0,2.561259382,1.0,0.7205071663521314,1.0,1.0,1.0,54.98058945,0.0,0.0,0.0,0.0,0.0,22.08196919,0.0,0.0,0.0,0.0,0.0,21.77415617,0.0,0.0,0.0,0.0,0.0,20.21220429,0.0,0.0,0.0,0.0,0.0,20.21220429,0.0,0.0,0.0,0.0,0.0
