problem,instance,seed,k,prefix,size,f_S,penalty_S,dual_S,bound_S
log_det,winequality-red_n100_alpha3,0,1,0,0,0,0,1.099611789,1.099611789
log_det,winequality-red_n100_alpha3,0,1,1,1,1.099611789,4.088478191,1.097309126,6.285399106
log_det,winequality-red_n100_alpha3,0,2,0,0,0,0,2.199223578,2.199223578
log_det,winequality-red_n100_alpha3,0,2,1,1,1.099611789,4.088478191,2.177742327,7.365832307
log_det,winequality-red_n100_alpha3,0,2,2,2,2.196920915,4.088478191,2.100973604,8.38637271
log_det,winequality-red_n100_alpha3,0,3,0,0,0,0,3.298835367,3.298835367
log_det,winequality-red_n100_alpha3,0,3,1,1,1.099611789,4.088478191,3.199114823,8.387204803
log_det,winequality-red_n100_alpha3,0,3,2,2,2.196920915,4.088478191,3.121279762,9.406678868
log_det,winequality-red_n100_alpha3,0,3,3,3,3.277354116,4.779898163,3.036926974,11.09417925
log_det,winequality-red_n100_alpha3,0,4,0,0,0,0,4.398447156,4.398447156
log_det,winequality-red_n100_alpha3,0,4,1,1,1.099611789,4.088478191,4.219420982,9.407510962
log_det,winequality-red_n100_alpha3,0,4,2,2,2.196920915,4.088478191,4.133672792,10.4190719
log_det,winequality-red_n100_alpha3,0,4,3,3,3.277354116,4.779898163,4.010545644,12.06779792
log_det,winequality-red_n100_alpha3,0,4,4,4,4.297660274,9.844522621,3.668461073,17.81064397
log_det,winequality-red_n100_alpha3,0,5,0,0,0,0,5.498058945,5.498058945
log_det,winequality-red_n100_alpha3,0,5,1,1,1.099611789,4.088478191,5.231856688,10.41994667
log_det,winequality-red_n100_alpha3,0,5,2,2,2.196920915,4.088478191,5.132606593,11.4180057
log_det,winequality-red_n100_alpha3,0,5,3,3,3.277354116,4.779898163,4.961636386,13.01888867
log_det,winequality-red_n100_alpha3,0,5,4,4,4.297660274,9.844522621,4.480346904,18.6225298
log_det,winequality-red_n100_alpha3,0,5,5,5,5.291452846,10.42162854,3.798660111,19.5117415
log_det,winequality-red_n100_alpha3,0,6,0,0,0,0,6.597670734,6.597670734
log_det,winequality-red_n100_alpha3,0,6,1,1,1.099611789,4.088478191,6.230938154,11.41902813
log_det,winequality-red_n100_alpha3,0,6,2,2,2.196920915,4.088478191,6.106250749,12.39164985
log_det,winequality-red_n100_alpha3,0,6,3,3,3.277354116,4.779898163,5.8987923,13.95604458
log_det,winequality-red_n100_alpha3,0,6,4,4,4.297660274,9.844522621,5.242630414,19.38481331
log_det,winequality-red_n100_alpha3,0,6,5,5,5.291452846,10.42162854,4.41132542,20.1244068
log_det,winequality-red_n100_alpha3,0,6,6,6,6.221933966,11.00915952,3.691432951,20.92252644
log_det,winequality-red_n100_alpha3,0,7,0,0,0,0,7.697282523,7.697282523
log_det,winequality-red_n100_alpha3,0,7,1,1,1.099611789,4.088478191,7.204886285,12.39297626
log_det,winequality-red_n100_alpha3,0,7,2,2,2.196920915,4.088478191,7.060026892,13.345426
log_det,winequality-red_n100_alpha3,0,7,3,3,3.277354116,4.779898163,6.784855504,14.84210778
log_det,winequality-red_n100_alpha3,0,7,4,4,4.297660274,9.844522621,5.948274095,20.09045699
log_det,winequality-red_n100_alpha3,0,7,5,5,5.291452846,10.42162854,4.985049909,20.69813129
log_det,winequality-red_n100_alpha3,0,7,6,6,6.221933966,11.00915952,4.217716671,21.44881016
log_det,winequality-red_n100_alpha3,0,7,7,7,7.01895051,13.17308508,2.916666131,23.10870172
log_det,winequality-red_n100_alpha3,0,8,0,0,0,0,8.796894312,8.796894312
log_det,winequality-red_n100_alpha3,0,8,1,1,1.099611789,4.088478191,8.174283594,13.36237357
log_det,winequality-red_n100_alpha3,0,8,2,2,2.196920915,4.088478191,8.011159786,14.29655889
log_det,winequality-red_n100_alpha3,0,8,3,3,3.277354116,4.779898163,7.642069035,15.69932131
log_det,winequality-red_n100_alpha3,0,8,4,4,4.297660274,9.844522621,6.639139285,20.78132218
log_det,winequality-red_n100_alpha3,0,8,5,5,5.291452846,10.42162854,5.552506316,21.2655877
log_det,winequality-red_n100_alpha3,0,8,6,6,6.221933966,11.00915952,4.712297406,21.94339089
log_det,winequality-red_n100_alpha3,0,8,7,7,7.01895051,13.17308508,3.197955778,23.38999137
log_det,winequality-red_n100_alpha3,0,8,8,8,7.593568171,13.67843832,2.786038589,24.05804508
log_det,winequality-red_n100_alpha3,0,9,0,0,0,0,9.896506101,9.896506101
log_det,winequality-red_n100_alpha3,0,9,1,1,1.099611789,4.088478191,9.142419383,14.33050936
log_det,winequality-red_n100_alpha3,0,9,2,2,2.196920915,4.088478191,8.897223791,15.1826229
log_det,winequality-red_n100_alpha3,0,9,3,3,3.277354116,4.779898163,8.462084266,16.51933654
log_det,winequality-red_n100_alpha3,0,9,4,4,4.297660274,9.844522621,7.302273712,21.44445661
log_det,winequality-red_n100_alpha3,0,9,5,5,5.291452846,10.42162854,6.108814272,21.82189566
log_det,winequality-red_n100_alpha3,0,9,6,6,6.221933966,11.00915952,5.190237639,22.42133113
log_det,winequality-red_n100_alpha3,0,9,7,7,7.01895051,13.17308508,3.473285303,23.66532089
log_det,winequality-red_n100_alpha3,0,9,8,8,7.593568171,13.67843832,3.035271248,24.30727774
log_det,winequality-red_n100_alpha3,0,9,9,9,8.094719978,16.04035503,1.938514603,26.07358961
log_det,winequality-red_n100_alpha3,0,10,0,0,0,0,10.99611789,10.99611789
log_det,winequality-red_n100_alpha3,0,10,1,1,1.099611789,4.088478191,10.09419469,15.28228467
log_det,winequality-red_n100_alpha3,0,10,2,2,2.196920915,4.088478191,9.755195646,16.04059475
log_det,winequality-red_n100_alpha3,0,10,3,3,3.277354116,4.779898163,9.278799469,17.33605175
log_det,winequality-red_n100_alpha3,0,10,4,4,4.297660274,9.844522621,7.926573194,22.06875609
log_det,winequality-red_n100_alpha3,0,10,5,5,5.291452846,10.42162854,6.662530973,22.37561236
log_det,winequality-red_n100_alpha3,0,10,6,6,6.221933966,11.00915952,5.65875337,22.88984686
log_det,winequality-red_n100_alpha3,0,10,7,7,7.01895051,13.17308508,3.736311964,23.92834755
log_det,winequality-red_n100_alpha3,0,10,8,8,7.593568171,13.67843832,3.282260404,24.55426689
log_det,winequality-red_n100_alpha3,0,10,9,9,8.094719978,16.04035503,2.059054979,26.19412999
log_det,winequality-red_n100_alpha3,0,10,10,10,8.472915032,17.52792337,1.477305113,27.47814352
log_det,winequality-red_n100_alpha3,0,11,0,0,0,0,12.09572968,12.09572968
log_det,winequality-red_n100_alpha3,0,11,1,1,1.099611789,4.088478191,10.98350061,16.17159059
log_det,winequality-red_n100_alpha3,0,11,2,2,2.196920915,4.088478191,10.57606935,16.86146846
log_det,winequality-red_n100_alpha3,0,11,3,3,3.277354116,4.779898163,10.07673299,18.13398527
log_det,winequality-red_n100_alpha3,0,11,4,4,4.297660274,9.844522621,8.548571221,22.69075412
log_det,winequality-red_n100_alpha3,0,11,5,5,5.291452846,10.42162854,7.18999401,22.90307539
log_det,winequality-red_n100_alpha3,0,11,6,6,6.221933966,11.00915952,6.120094423,23.35118791
log_det,winequality-red_n100_alpha3,0,11,7,7,7.01895051,13.17308508,3.996409552,24.18844514
log_det,winequality-red_n100_alpha3,0,11,8,8,7.593568171,13.67843832,3.52701809,24.79902458
log_det,winequality-red_n100_alpha3,0,11,9,9,8.094719978,16.04035503,2.172965039,26.30804005
log_det,winequality-red_n100_alpha3,0,11,10,10,8.472915032,17.52792337,1.570254504,27.57109291
log_det,winequality-red_n100_alpha3,0,11,11,11,8.848068263,20.19215521,0.4123207567,29.45254423
log_det,winequality-red_n100_alpha3,0,12,0,0,0,0,13.19534147,13.19534147
log_det,winequality-red_n100_alpha3,0,12,1,1,1.099611789,4.088478191,11.84399651,17.03208649
log_det,winequality-red_n100_alpha3,0,12,2,2,2.196920915,4.088478191,11.39282604,17.67822515
log_det,winequality-red_n100_alpha3,0,12,3,3,3.277354116,4.779898163,10.83902768,18.89627996
log_det,winequality-red_n100_alpha3,0,12,4,4,4.297660274,9.844522621,9.164505887,23.30668878
log_det,winequality-red_n100_alpha3,0,12,5,5,5.291452846,10.42162854,7.695940795,23.40902218
log_det,winequality-red_n100_alpha3,0,12,6,6,6.221933966,11.00915952,6.566811473,23.79790496
log_det,winequality-red_n100_alpha3,0,12,7,7,7.01895051,13.17308508,4.246058089,24.43809368
log_det,winequality-red_n100_alpha3,0,12,8,8,7.593568171,13.67843832,3.745937455,25.01794394
log_det,winequality-red_n100_alpha3,0,12,9,9,8.094719978,16.04035503,2.279104977,26.41417999
log_det,winequality-red_n100_alpha3,0,12,10,10,8.472915032,17.52792337,1.647548491,27.6483869
log_det,winequality-red_n100_alpha3,0,12,11,11,8.848068263,20.19215521,0.4123207567,29.45254423
log_det,winequality-red_n100_alpha3,0,12,12,12,8.962123177,21.4685161,0.2608036991,30.69144297
log_det,winequality-red_n100_alpha3,0,13,0,0,0,0,14.29495326,14.29495326
log_det,winequality-red_n100_alpha3,0,13,1,1,1.099611789,4.088478191,12.66759212,17.8556821
log_det,winequality-red_n100_alpha3,0,13,2,2,2.196920915,4.088478191,12.19149664,18.47689575
log_det,winequality-red_n100_alpha3,0,13,3,3,3.277354116,4.779898163,11.58836915,19.64562143
log_det,winequality-red_n100_alpha3,0,13,4,4,4.297660274,9.844522621,9.76008099,23.90226389
log_det,winequality-red_n100_alpha3,0,13,5,5,5.291452846,10.42162854,8.189956068,23.90303745
log_det,winequality-red_n100_alpha3,0,13,6,6,6.221933966,11.00915952,6.983228534,24.21432202
log_det,winequality-red_n100_alpha3,0,13,7,7,7.01895051,13.17308508,4.494662492,24.68669808
log_det,winequality-red_n100_alpha3,0,13,8,8,7.593568171,13.67843832,3.927590087,25.19959658
log_det,winequality-red_n100_alpha3,0,13,9,9,8.094719978,16.04035503,2.383309725,26.51838474
log_det,winequality-red_n100_alpha3,0,13,10,10,8.472915032,17.52792337,1.705796007,27.70663441
log_det,winequality-red_n100_alpha3,0,13,11,11,8.848068263,20.19215521,0.4123207567,29.45254423
log_det,winequality-red_n100_alpha3,0,13,12,12,8.962123177,21.4685161,0.2608036991,30.69144297
log_det,winequality-red_n100_alpha3,0,13,13,13,9.064741154,22.34361296,0.1378127338,31.54616685
log_det,winequality-red_n100_alpha3,0,14,0,0,0,0,15.39456505,15.39456505
log_det,winequality-red_n100_alpha3,0,14,1,1,1.099611789,4.088478191,13.47651354,18.66460352
log_det,winequality-red_n100_alpha3,0,14,2,2,2.196920915,4.088478191,12.95458899,19.2399881
log_det,winequality-red_n100_alpha3,0,14,3,3,3.277354116,4.779898163,12.29484087,20.35209315
log_det,winequality-red_n100_alpha3,0,14,4,4,4.297660274,9.844522621,10.34099783,24.48318072
log_det,winequality-red_n100_alpha3,0,14,5,5,5.291452846,10.42162854,8.683255917,24.3963373
log_det,winequality-red_n100_alpha3,0,14,6,6,6.221933966,11.00915952,7.383399709,24.6144932
log_det,winequality-red_n100_alpha3,0,14,7,7,7.01895051,13.17308508,4.741672124,24.93370771
log_det,winequality-red_n100_alpha3,0,14,8,8,7.593568171,13.67843832,4.100754359,25.37276085
log_det,winequality-red_n100_alpha3,0,14,9,9,8.094719978,16.04035503,2.486590674,26.62166568
log_det,winequality-red_n100_alpha3,0,14,10,10,8.472915032,17.52792337,1.745236248,27.74607465
log_det,winequality-red_n100_alpha3,0,14,11,11,8.848068263,20.19215521,0.4123207567,29.45254423
log_det,winequality-red_n100_alpha3,0,14,12,12,8.962123177,21.4685161,0.2608036991,30.69144297
log_det,winequality-red_n100_alpha3,0,14,13,13,9.064741154,22.34361296,0.1378127338,31.54616685
log_det,winequality-red_n100_alpha3,0,14,14,14,9.135128848,25.07301989,0.06742503999,34.27557377
log_det,winequality-red_n100_alpha3,0,15,0,0,0,0,16.49417684,16.49417684
log_det,winequality-red_n100_alpha3,0,15,1,1,1.099611789,4.088478191,14.23264606,19.42073604
log_det,winequality-red_n100_alpha3,0,15,2,2,2.196920915,4.088478191,13.66135257,19.94675167
log_det,winequality-red_n100_alpha3,0,15,3,3,3.277354116,4.779898163,12.98570688,21.04295915
log_det,winequality-red_n100_alpha3,0,15,4,4,4.297660274,9.844522621,10.91534305,25.05752595
log_det,winequality-red_n100_alpha3,0,15,5,5,5.291452846,10.42162854,9.173125437,24.88620682
log_det,winequality-red_n100_alpha3,0,15,6,6,6.221933966,11.00915952,7.76784657,24.99894006
log_det,winequality-red_n100_alpha3,0,15,7,7,7.01895051,13.17308508,4.986469685,25.17850527
log_det,winequality-red_n100_alpha3,0,15,8,8,7.593568171,13.67843832,4.258696282,25.53070277
log_det,winequality-red_n100_alpha3,0,15,9,9,8.094719978,16.04035503,2.587374326,26.72244934
log_det,winequality-red_n100_alpha3,0,15,10,10,8.472915032,17.52792337,1.782608244,27.78344665
log_det,winequality-red_n100_alpha3,0,15,11,11,8.848068263,20.19215521,0.4123207567,29.45254423
log_det,winequality-red_n100_alpha3,0,15,12,12,8.962123177,21.4685161,0.2608036991,30.69144297
log_det,winequality-red_n100_alpha3,0,15,13,13,9.064741154,22.34361296,0.1378127338,31.54616685
log_det,winequality-red_n100_alpha3,0,15,14,14,9.135128848,25.07301989,0.06742503999,34.27557377
log_det,winequality-red_n100_alpha3,0,15,15,15,9.202553888,29.13144291,0,38.3339968
log_det,winequality-red_n100_alpha3,0,16,0,0,0,0,17.59378862,17.59378862
log_det,winequality-red_n100_alpha3,0,16,1,1,1.099611789,4.088478191,14.94125972,20.1293497
log_det,winequality-red_n100_alpha3,0,16,2,2,2.196920915,4.088478191,14.35357117,20.63897027
log_det,winequality-red_n100_alpha3,0,16,3,3,3.277354116,4.779898163,13.66124482,21.7184971
log_det,winequality-red_n100_alpha3,0,16,4,4,4.297660274,9.844522621,11.47225331,25.6144362
log_det,winequality-red_n100_alpha3,0,16,5,5,5.291452846,10.42162854,9.654022038,25.36710342
log_det,winequality-red_n100_alpha3,0,16,6,6,6.221933966,11.00915952,8.151776494,25.38286998
log_det,winequality-red_n100_alpha3,0,16,7,7,7.01895051,13.17308508,5.218268476,25.41030406
log_det,winequality-red_n100_alpha3,0,16,8,8,7.593568171,13.67843832,4.414886067,25.68689255
log_det,winequality-red_n100_alpha3,0,16,9,9,8.094719978,16.04035503,2.678384862,26.81345987
log_det,winequality-red_n100_alpha3,0,16,10,10,8.472915032,17.52792337,1.815084668,27.81592307
log_det,winequality-red_n100_alpha3,0,16,11,11,8.848068263,20.19215521,0.4123207567,29.45254423
log_det,winequality-red_n100_alpha3,0,16,12,12,8.962123177,21.4685161,0.2608036991,30.69144297
log_det,winequality-red_n100_alpha3,0,16,13,13,9.064741154,22.34361296,0.1378127338,31.54616685
log_det,winequality-red_n100_alpha3,0,16,14,14,9.135128848,25.07301989,0.06742503999,34.27557377
log_det,winequality-red_n100_alpha3,0,16,15,15,9.202553888,29.13144291,0,38.3339968
log_det,winequality-red_n100_alpha3,0,17,0,0,0,0,18.69340041,18.69340041
log_det,winequality-red_n100_alpha3,0,17,1,1,1.099611789,4.088478191,15.6456987,20.83378868
log_det,winequality-red_n100_alpha3,0,17,2,2,2.196920915,4.088478191,15.03921974,21.32461885
log_det,winequality-red_n100_alpha3,0,17,3,3,3.277354116,4.779898163,14.3303767,22.38762898
log_det,winequality-red_n100_alpha3,0,17,4,4,4.297660274,9.844522621,11.98579128,26.12797417
log_det,winequality-red_n100_alpha3,0,17,5,5,5.291452846,10.42162854,10.12190089,25.83498227
log_det,winequality-red_n100_alpha3,0,17,6,6,6.221933966,11.00915952,8.53497954,25.76607303
log_det,winequality-red_n100_alpha3,0,17,7,7,7.01895051,13.17308508,5.447325274,25.63936086
log_det,winequality-red_n100_alpha3,0,17,8,8,7.593568171,13.67843832,4.569168085,25.84117457
log_det,winequality-red_n100_alpha3,0,17,9,9,8.094719978,16.04035503,2.759728321,26.89480333
log_det,winequality-red_n100_alpha3,0,17,10,10,8.472915032,17.52792337,1.846707679,27.84754608
log_det,winequality-red_n100_alpha3,0,17,11,11,8.848068263,20.19215521,0.4123207567,29.45254423
log_det,winequality-red_n100_alpha3,0,17,12,12,8.962123177,21.4685161,0.2608036991,30.69144297
log_det,winequality-red_n100_alpha3,0,17,13,13,9.064741154,22.34361296,0.1378127338,31.54616685
log_det,winequality-red_n100_alpha3,0,17,14,14,9.135128848,25.07301989,0.06742503999,34.27557377
log_det,winequality-red_n100_alpha3,0,17,15,15,9.202553888,29.13144291,0,38.3339968
log_det,winequality-red_n100_alpha3,0,18,0,0,0,0,19.7930122,19.7930122
log_det,winequality-red_n100_alpha3,0,18,1,1,1.099611789,4.088478191,16.33826441,21.52635439
log_det,winequality-red_n100_alpha3,0,18,2,2,2.196920915,4.088478191,15.71723914,22.00263824
log_det,winequality-red_n100_alpha3,0,18,3,3,3.277354116,4.779898163,14.95279199,23.01004427
log_det,winequality-red_n100_alpha3,0,18,4,4,4.297660274,9.844522621,12.48022603,26.62240893
log_det,winequality-red_n100_alpha3,0,18,5,5,5.291452846,10.42162854,10.56351167,26.27659305
log_det,winequality-red_n100_alpha3,0,18,6,6,6.221933966,11.00915952,8.914293337,26.14538682
log_det,winequality-red_n100_alpha3,0,18,7,7,7.01895051,13.17308508,5.658846917,25.8508825
log_det,winequality-red_n100_alpha3,0,18,8,8,7.593568171,13.67843832,4.708882779,25.98088927
log_det,winequality-red_n100_alpha3,0,18,9,9,8.094719978,16.04035503,2.818486695,26.9535617
log_det,winequality-red_n100_alpha3,0,18,10,10,8.472915032,17.52792337,1.863715381,27.86455379
log_det,winequality-red_n100_alpha3,0,18,11,11,8.848068263,20.19215521,0.4123207567,29.45254423
log_det,winequality-red_n100_alpha3,0,18,12,12,8.962123177,21.4685161,0.2608036991,30.69144297
log_det,winequality-red_n100_alpha3,0,18,13,13,9.064741154,22.34361296,0.1378127338,31.54616685
log_det,winequality-red_n100_alpha3,0,18,14,14,9.135128848,25.07301989,0.06742503999,34.27557377
log_det,winequality-red_n100_alpha3,0,18,15,15,9.202553888,29.13144291,0,38.3339968
log_det,winequality-red_n100_alpha3,0,19,0,0,0,0,20.89262399,20.89262399
log_det,winequality-red_n100_alpha3,0,19,1,1,1.099611789,4.088478191,17.02549447,22.21358445
log_det,winequality-red_n100_alpha3,0,19,2,2,2.196920915,4.088478191,16.38769515,22.67309426
log_det,winequality-red_n100_alpha3,0,19,3,3,3.277354116,4.779898163,15.57229973,23.62955201
log_det,winequality-red_n100_alpha3,0,19,4,4,4.297660274,9.844522621,12.96217845,27.10436134
log_det,winequality-red_n100_alpha3,0,19,5,5,5.291452846,10.42162854,11.00103185,26.71411323
log_det,winequality-red_n100_alpha3,0,19,6,6,6.221933966,11.00915952,9.288632249,26.51972574
log_det,winequality-red_n100_alpha3,0,19,7,7,7.01895051,13.17308508,5.840837372,26.03287296
log_det,winequality-red_n100_alpha3,0,19,8,8,7.593568171,13.67843832,4.839608919,26.11161541
log_det,winequality-red_n100_alpha3,0,19,9,9,8.094719978,16.04035503,2.865597748,27.00067276
log_det,winequality-red_n100_alpha3,0,19,10,10,8.472915032,17.52792337,1.867097937,27.86793634
log_det,winequality-red_n100_alpha3,0,19,11,11,8.848068263,20.19215521,0.4123207567,29.45254423
log_det,winequality-red_n100_alpha3,0,19,12,12,8.962123177,21.4685161,0.2608036991,30.69144297
log_det,winequality-red_n100_alpha3,0,19,13,13,9.064741154,22.34361296,0.1378127338,31.54616685
log_det,winequality-red_n100_alpha3,0,19,14,14,9.135128848,25.07301989,0.06742503999,34.27557377
log_det,winequality-red_n100_alpha3,0,19,15,15,9.202553888,29.13144291,0,38.3339968
log_det,winequality-red_n100_alpha3,0,20,0,0,0,0,21.99223578,21.99223578
log_det,winequality-red_n100_alpha3,0,20,1,1,1.099611789,4.088478191,17.6690982,22.85718818
log_det,winequality-red_n100_alpha3,0,20,2,2,2.196920915,4.088478191,17.01025825,23.29565736
log_det,winequality-red_n100_alpha3,0,20,3,3,3.277354116,4.779898163,16.16800428,24.22525656
log_det,winequality-red_n100_alpha3,0,20,4,4,4.297660274,9.844522621,13.43221333,27.57439623
log_det,winequality-red_n100_alpha3,0,20,5,5,5.291452846,10.42162854,11.41625006,27.12933144
log_det,winequality-red_n100_alpha3,0,20,6,6,6.221933966,11.00915952,9.643531447,26.87462494
log_det,winequality-red_n100_alpha3,0,20,7,7,7.01895051,13.17308508,6.002104319,26.19413991
log_det,winequality-red_n100_alpha3,0,20,8,8,7.593568171,13.67843832,4.960326654,26.23233314
log_det,winequality-red_n100_alpha3,0,20,9,9,8.094719978,16.04035503,2.91251892,27.04759393
log_det,winequality-red_n100_alpha3,0,20,10,10,8.472915032,17.52792337,1.870471894,27.8713103
log_det,winequality-red_n100_alpha3,0,20,11,11,8.848068263,20.19215521,0.4123207567,29.45254423
log_det,winequality-red_n100_alpha3,0,20,12,12,8.962123177,21.4685161,0.2608036991,30.69144297
log_det,winequality-red_n100_alpha3,0,20,13,13,9.064741154,22.34361296,0.1378127338,31.54616685
log_det,winequality-red_n100_alpha3,0,20,14,14,9.135128848,25.07301989,0.06742503999,34.27557377
log_det,winequality-red_n100_alpha3,0,20,15,15,9.202553888,29.13144291,0,38.3339968
log_det,winequality-red_n100_alpha3,0,21,0,0,0,0,23.09184757,23.09184757
log_det,winequality-red_n100_alpha3,0,21,1,1,1.099611789,4.088478191,18.29934372,23.4874337
log_det,winequality-red_n100_alpha3,0,21,2,2,2.196920915,4.088478191,17.62510649,23.9105056
log_det,winequality-red_n100_alpha3,0,21,3,3,3.277354116,4.779898163,16.75374003,24.81099231
log_det,winequality-red_n100_alpha3,0,21,4,4,4.297660274,9.844522621,13.86974915,28.01193205
log_det,winequality-red_n100_alpha3,0,21,5,5,5.291452846,10.42162854,11.82672865,27.53981003
log_det,winequality-red_n100_alpha3,0,21,6,6,6.221933966,11.00915952,9.980834463,27.21192795
log_det,winequality-red_n100_alpha3,0,21,7,7,7.01895051,13.17308508,6.159630661,26.35166625
log_det,winequality-red_n100_alpha3,0,21,8,8,7.593568171,13.67843832,5.076445449,26.34845194
log_det,winequality-red_n100_alpha3,0,21,9,9,8.094719978,16.04035503,2.956932709,27.09200772
log_det,winequality-red_n100_alpha3,0,21,10,10,8.472915032,17.52792337,1.870471894,27.8713103
log_det,winequality-red_n100_alpha3,0,21,11,11,8.848068263,20.19215521,0.4123207567,29.45254423
log_det,winequality-red_n100_alpha3,0,21,12,12,8.962123177,21.4685161,0.2608036991,30.69144297
log_det,winequality-red_n100_alpha3,0,21,13,13,9.064741154,22.34361296,0.1378127338,31.54616685
log_det,winequality-red_n100_alpha3,0,21,14,14,9.135128848,25.07301989,0.06742503999,34.27557377
log_det,winequality-red_n100_alpha3,0,21,15,15,9.202553888,29.13144291,0,38.3339968
log_det,winequality-red_n100_alpha3,0,22,0,0,0,0,24.19145936,24.19145936
log_det,winequality-red_n100_alpha3,0,22,1,1,1.099611789,4.088478191,18.92201628,24.11010626
log_det,winequality-red_n100_alpha3,0,22,2,2,2.196920915,4.088478191,18.22096023,24.50635934
log_det,winequality-red_n100_alpha3,0,22,3,3,3.277354116,4.779898163,17.33616051,25.39341279
log_det,winequality-red_n100_alpha3,0,22,4,4,4.297660274,9.844522621,14.29006994,28.43225283
log_det,winequality-red_n100_alpha3,0,22,5,5,5.291452846,10.42162854,12.21572004,27.92880142
log_det,winequality-red_n100_alpha3,0,22,6,6,6.221933966,11.00915952,10.29866279,27.52975628
log_det,winequality-red_n100_alpha3,0,22,7,7,7.01895051,13.17308508,6.312462165,26.50449775
log_det,winequality-red_n100_alpha3,0,22,8,8,7.593568171,13.67843832,5.184804885,26.45681137
log_det,winequality-red_n100_alpha3,0,22,9,9,8.094719978,16.04035503,2.998659415,27.13373443
log_det,winequality-red_n100_alpha3,0,22,10,10,8.472915032,17.52792337,1.870471894,27.8713103
log_det,winequality-red_n100_alpha3,0,22,11,11,8.848068263,20.19215521,0.4123207567,29.45254423
log_det,winequality-red_n100_alpha3,0,22,12,12,8.962123177,21.4685161,0.2608036991,30.69144297
log_det,winequality-red_n100_alpha3,0,22,13,13,9.064741154,22.34361296,0.1378127338,31.54616685
log_det,winequality-red_n100_alpha3,0,22,14,14,9.135128848,25.07301989,0.06742503999,34.27557377
log_det,winequality-red_n100_alpha3,0,22,15,15,9.202553888,29.13144291,0,38.3339968
log_det,winequality-red_n100_alpha3,0,23,0,0,0,0,25.29107115,25.29107115
log_det,winequality-red_n100_alpha3,0,23,1,1,1.099611789,4.088478191,19.52024005,24.70833003
log_det,winequality-red_n100_alpha3,0,23,2,2,2.196920915,4.088478191,18.80392846,25.08932757
log_det,winequality-red_n100_alpha3,0,23,3,3,3.277354116,4.779898163,17.91315389,25.97040617
log_det,winequality-red_n100_alpha3,0,23,4,4,4.297660274,9.844522621,14.70176535,28.84394825
log_det,winequality-red_n100_alpha3,0,23,5,5,5.291452846,10.42162854,12.60013754,28.31321893
log_det,winequality-red_n100_alpha3,0,23,6,6,6.221933966,11.00915952,10.61624125,27.84733474
log_det,winequality-red_n100_alpha3,0,23,7,7,7.01895051,13.17308508,6.459602268,26.65163785
log_det,winequality-red_n100_alpha3,0,23,8,8,7.593568171,13.67843832,5.282377458,26.55438395
log_det,winequality-red_n100_alpha3,0,23,9,9,8.094719978,16.04035503,3.037831144,27.17290615
log_det,winequality-red_n100_alpha3,0,23,10,10,8.472915032,17.52792337,1.870471894,27.8713103
log_det,winequality-red_n100_alpha3,0,23,11,11,8.848068263,20.19215521,0.4123207567,29.45254423
log_det,winequality-red_n100_alpha3,0,23,12,12,8.962123177,21.4685161,0.2608036991,30.69144297
log_det,winequality-red_n100_alpha3,0,23,13,13,9.064741154,22.34361296,0.1378127338,31.54616685
log_det,winequality-red_n100_alpha3,0,23,14,14,9.135128848,25.07301989,0.06742503999,34.27557377
log_det,winequality-red_n100_alpha3,0,23,15,15,9.202553888,29.13144291,0,38.3339968
log_det,winequality-red_n100_alpha3,0,24,0,0,0,0,26.39068294,26.39068294
log_det,winequality-red_n100_alpha3,0,24,1,1,1.099611789,4.088478191,20.10577989,25.29386987
log_det,winequality-red_n100_alpha3,0,24,2,2,2.196920915,4.088478191,19.36757492,25.65297403
log_det,winequality-red_n100_alpha3,0,24,3,3,3.277354116,4.779898163,18.45900482,26.5162571
log_det,winequality-red_n100_alpha3,0,24,4,4,4.297660274,9.844522621,15.11226992,29.25445282
log_det,winequality-red_n100_alpha3,0,24,5,5,5.291452846,10.42162854,12.98138637,28.69446776
log_det,winequality-red_n100_alpha3,0,24,6,6,6.221933966,11.00915952,10.90275653,28.13385001
log_det,winequality-red_n100_alpha3,0,24,7,7,7.01895051,13.17308508,6.606256297,26.79829188
log_det,winequality-red_n100_alpha3,0,24,8,8,7.593568171,13.67843832,5.377020961,26.64902745
log_det,winequality-red_n100_alpha3,0,24,9,9,8.094719978,16.04035503,3.063753768,27.19882878
log_det,winequality-red_n100_alpha3,0,24,10,10,8.472915032,17.52792337,1.870471894,27.8713103
log_det,winequality-red_n100_alpha3,0,24,11,11,8.848068263,20.19215521,0.4123207567,29.45254423
log_det,winequality-red_n100_alpha3,0,24,12,12,8.962123177,21.4685161,0.2608036991,30.69144297
log_det,winequality-red_n100_alpha3,0,24,13,13,9.064741154,22.34361296,0.1378127338,31.54616685
log_det,winequality-red_n100_alpha3,0,24,14,14,9.135128848,25.07301989,0.06742503999,34.27557377
log_det,winequality-red_n100_alpha3,0,24,15,15,9.202553888,29.13144291,0,38.3339968
log_det,winequality-red_n100_alpha3,0,25,0,0,0,0,27.49029473,27.49029473
log_det,winequality-red_n100_alpha3,0,25,1,1,1.099611789,4.088478191,20.69099371,25.87908369
log_det,winequality-red_n100_alpha3,0,25,2,2,2.196920915,4.088478191,19.93081902,26.21621813
log_det,winequality-red_n100_alpha3,0,25,3,3,3.277354116,4.779898163,18.97909566,27.03634794
log_det,winequality-red_n100_alpha3,0,25,4,4,4.297660274,9.844522621,15.51697169,29.65915458
log_det,winequality-red_n100_alpha3,0,25,5,5,5.291452846,10.42162854,13.34899738,29.06207877
log_det,winequality-red_n100_alpha3,0,25,6,6,6.221933966,11.00915952,11.18079898,28.41189246
log_det,winequality-red_n100_alpha3,0,25,7,7,7.01895051,13.17308508,6.748867138,26.94090272
log_det,winequality-red_n100_alpha3,0,25,8,8,7.593568171,13.67843832,5.449575567,26.72158206
log_det,winequality-red_n100_alpha3,0,25,9,9,8.094719978,16.04035503,3.087079723,27.22215473
log_det,winequality-red_n100_alpha3,0,25,10,10,8.472915032,17.52792337,1.870471894,27.8713103
log_det,winequality-red_n100_alpha3,0,25,11,11,8.848068263,20.19215521,0.4123207567,29.45254423
log_det,winequality-red_n100_alpha3,0,25,12,12,8.962123177,21.4685161,0.2608036991,30.69144297
log_det,winequality-red_n100_alpha3,0,25,13,13,9.064741154,22.34361296,0.1378127338,31.54616685
log_det,winequality-red_n100_alpha3,0,25,14,14,9.135128848,25.07301989,0.06742503999,34.27557377
log_det,winequality-red_n100_alpha3,0,25,15,15,9.202553888,29.13144291,0,38.3339968
log_det,winequality-red_n100_alpha3,0,26,0,0,0,0,28.58990651,28.58990651
log_det,winequality-red_n100_alpha3,0,26,1,1,1.099611789,4.088478191,21.25441945,26.44250943
log_det,winequality-red_n100_alpha3,0,26,2,2,2.196920915,4.088478191,20.48869926,26.77409837
log_det,winequality-red_n100_alpha3,0,26,3,3,3.277354116,4.779898163,19.49290003,27.5501523
log_det,winequality-red_n100_alpha3,0,26,4,4,4.297660274,9.844522621,15.87565845,30.01784135
log_det,winequality-red_n100_alpha3,0,26,5,5,5.291452846,10.42162854,13.69996162,29.413043
log_det,winequality-red_n100_alpha3,0,26,6,6,6.221933966,11.00915952,11.45618977,28.68728326
log_det,winequality-red_n100_alpha3,0,26,7,7,7.01895051,13.17308508,6.872360065,27.06439565
log_det,winequality-red_n100_alpha3,0,26,8,8,7.593568171,13.67843832,5.519888245,26.79189473
log_det,winequality-red_n100_alpha3,0,26,9,9,8.094719978,16.04035503,3.092832554,27.22790756
log_det,winequality-red_n100_alpha3,0,26,10,10,8.472915032,17.52792337,1.870471894,27.8713103
log_det,winequality-red_n100_alpha3,0,26,11,11,8.848068263,20.19215521,0.4123207567,29.45254423
log_det,winequality-red_n100_alpha3,0,26,12,12,8.962123177,21.4685161,0.2608036991,30.69144297
log_det,winequality-red_n100_alpha3,0,26,13,13,9.064741154,22.34361296,0.1378127338,31.54616685
log_det,winequality-red_n100_alpha3,0,26,14,14,9.135128848,25.07301989,0.06742503999,34.27557377
log_det,winequality-red_n100_alpha3,0,26,15,15,9.202553888,29.13144291,0,38.3339968
log_det,winequality-red_n100_alpha3,0,27,0,0,0,0,29.6895183,29.6895183
log_det,winequality-red_n100_alpha3,0,27,1,1,1.099611789,4.088478191,21.8164618,27.00455178
log_det,winequality-red_n100_alpha3,0,27,2,2,2.196920915,4.088478191,21.00251789,27.28791699
log_det,winequality-red_n100_alpha3,0,27,3,3,3.277354116,4.779898163,20.00590986,28.06316214
log_det,winequality-red_n100_alpha3,0,27,4,4,4.297660274,9.844522621,16.21294718,30.35513007
log_det,winequality-red_n100_alpha3,0,27,5,5,5.291452846,10.42162854,14.04353399,29.75661538
log_det,winequality-red_n100_alpha3,0,27,6,6,6.221933966,11.00915952,11.72991201,28.9610055
log_det,winequality-red_n100_alpha3,0,27,7,7,7.01895051,13.17308508,6.973179379,27.16521497
log_det,winequality-red_n100_alpha3,0,27,8,8,7.593568171,13.67843832,5.589066136,26.86107262
log_det,winequality-red_n100_alpha3,0,27,9,9,8.094719978,16.04035503,3.092832554,27.22790756
log_det,winequality-red_n100_alpha3,0,27,10,10,8.472915032,17.52792337,1.870471894,27.8713103
log_det,winequality-red_n100_alpha3,0,27,11,11,8.848068263,20.19215521,0.4123207567,29.45254423
log_det,winequality-red_n100_alpha3,0,27,12,12,8.962123177,21.4685161,0.2608036991,30.69144297
log_det,winequality-red_n100_alpha3,0,27,13,13,9.064741154,22.34361296,0.1378127338,31.54616685
log_det,winequality-red_n100_alpha3,0,27,14,14,9.135128848,25.07301989,0.06742503999,34.27557377
log_det,winequality-red_n100_alpha3,0,27,15,15,9.202553888,29.13144291,0,38.3339968
log_det,winequality-red_n100_alpha3,0,28,0,0,0,0,30.78913009,30.78913009
log_det,winequality-red_n100_alpha3,0,28,1,1,1.099611789,4.088478191,22.36442197,27.55251195
log_det,winequality-red_n100_alpha3,0,28,2,2,2.196920915,4.088478191,21.51577684,27.80117594
log_det,winequality-red_n100_alpha3,0,28,3,3,3.277354116,4.779898163,20.50448152,28.5617338
log_det,winequality-red_n100_alpha3,0,28,4,4,4.297660274,9.844522621,16.51411276,30.65629566
log_det,winequality-red_n100_alpha3,0,28,5,5,5.291452846,10.42162854,14.34347758,30.05655896
log_det,winequality-red_n100_alpha3,0,28,6,6,6.221933966,11.00915952,11.98640372,29.21749721
log_det,winequality-red_n100_alpha3,0,28,7,7,7.01895051,13.17308508,7.051735747,27.24377133
log_det,winequality-red_n100_alpha3,0,28,8,8,7.593568171,13.67843832,5.643911343,26.91591783
log_det,winequality-red_n100_alpha3,0,28,9,9,8.094719978,16.04035503,3.092832554,27.22790756
log_det,winequality-red_n100_alpha3,0,28,10,10,8.472915032,17.52792337,1.870471894,27.8713103
log_det,winequality-red_n100_alpha3,0,28,11,11,8.848068263,20.19215521,0.4123207567,29.45254423
log_det,winequality-red_n100_alpha3,0,28,12,12,8.962123177,21.4685161,0.2608036991,30.69144297
log_det,winequality-red_n100_alpha3,0,28,13,13,9.064741154,22.34361296,0.1378127338,31.54616685
log_det,winequality-red_n100_alpha3,0,28,14,14,9.135128848,25.07301989,0.06742503999,34.27557377
log_det,winequality-red_n100_alpha3,0,28,15,15,9.202553888,29.13144291,0,38.3339968
log_det,winequality-red_n100_alpha3,0,29,0,0,0,0,31.88874188,31.88874188
log_det,winequality-red_n100_alpha3,0,29,1,1,1.099611789,4.088478191,22.88097763,28.06906761
log_det,winequality-red_n100_alpha3,0,29,2,2,2.196920915,4.088478191,22.0210755,28.30647461
log_det,winequality-red_n100_alpha3,0,29,3,3,3.277354116,4.779898163,20.95817819,29.01543047
log_det,winequality-red_n100_alpha3,0,29,4,4,4.297660274,9.844522621,16.80908915,30.95127204
log_det,winequality-red_n100_alpha3,0,29,5,5,5.291452846,10.42162854,14.64230539,30.35538677
log_det,winequality-red_n100_alpha3,0,29,6,6,6.221933966,11.00915952,12.24030983,29.47140332
log_det,winequality-red_n100_alpha3,0,29,7,7,7.01895051,13.17308508,7.125245285,27.31728087
log_det,winequality-red_n100_alpha3,0,29,8,8,7.593568171,13.67843832,5.693831128,26.96583762
log_det,winequality-red_n100_alpha3,0,29,9,9,8.094719978,16.04035503,3.092832554,27.22790756
log_det,winequality-red_n100_alpha3,0,29,10,10,8.472915032,17.52792337,1.870471894,27.8713103
log_det,winequality-red_n100_alpha3,0,29,11,11,8.848068263,20.19215521,0.4123207567,29.45254423
log_det,winequality-red_n100_alpha3,0,29,12,12,8.962123177,21.4685161,0.2608036991,30.69144297
log_det,winequality-red_n100_alpha3,0,29,13,13,9.064741154,22.34361296,0.1378127338,31.54616685
log_det,winequality-red_n100_alpha3,0,29,14,14,9.135128848,25.07301989,0.06742503999,34.27557377
log_det,winequality-red_n100_alpha3,0,29,15,15,9.202553888,29.13144291,0,38.3339968
log_det,winequality-red_n100_alpha3,0,30,0,0,0,0,32.98835367,32.98835367
log_det,winequality-red_n100_alpha3,0,30,1,1,1.099611789,4.088478191,23.38703424,28.57512422
log_det,winequality-red_n100_alpha3,0,30,2,2,2.196920915,4.088478191,22.49724689,28.782646
log_det,winequality-red_n100_alpha3,0,30,3,3,3.277354116,4.779898163,21.40668674,29.46393902
log_det,winequality-red_n100_alpha3,0,30,4,4,4.297660274,9.844522621,17.10047674,31.24265963
log_det,winequality-red_n100_alpha3,0,30,5,5,5.291452846,10.42162854,14.94046401,30.6535454
log_det,winequality-red_n100_alpha3,0,30,6,6,6.221933966,11.00915952,12.4909532,29.72204669
log_det,winequality-red_n100_alpha3,0,30,7,7,7.01895051,13.17308508,7.195038177,27.38707376
log_det,winequality-red_n100_alpha3,0,30,8,8,7.593568171,13.67843832,5.738476618,27.01048311
log_det,winequality-red_n100_alpha3,0,30,9,9,8.094719978,16.04035503,3.092832554,27.22790756
log_det,winequality-red_n100_alpha3,0,30,10,10,8.472915032,17.52792337,1.870471894,27.8713103
log_det,winequality-red_n100_alpha3,0,30,11,11,8.848068263,20.19215521,0.4123207567,29.45254423
log_det,winequality-red_n100_alpha3,0,30,12,12,8.962123177,21.4685161,0.2608036991,30.69144297
log_det,winequality-red_n100_alpha3,0,30,13,13,9.064741154,22.34361296,0.1378127338,31.54616685
log_det,winequality-red_n100_alpha3,0,30,14,14,9.135128848,25.07301989,0.06742503999,34.27557377
log_det,winequality-red_n100_alpha3,0,30,15,15,9.202553888,29.13144291,0,38.3339968
log_det,winequality-red_n100_alpha3,0,31,0,0,0,0,34.08796546,34.08796546
log_det,winequality-red_n100_alpha3,0,31,1,1,1.099611789,4.088478191,23.85637343,29.04446341
log_det,winequality-red_n100_alpha3,0,31,2,2,2.196920915,4.088478191,22.96642231,29.25182141
log_det,winequality-red_n100_alpha3,0,31,3,3,3.277354116,4.779898163,21.85067209,29.90792437
log_det,winequality-red_n100_alpha3,0,31,4,4,4.297660274,9.844522621,17.38778258,31.52996548
log_det,winequality-red_n100_alpha3,0,31,5,5,5.291452846,10.42162854,15.22149286,30.93457424
log_det,winequality-red_n100_alpha3,0,31,6,6,6.221933966,11.00915952,12.74074857,29.97184205
log_det,winequality-red_n100_alpha3,0,31,7,7,7.01895051,13.17308508,7.261297959,27.45333355
log_det,winequality-red_n100_alpha3,0,31,8,8,7.593568171,13.67843832,5.765100839,27.03710733
log_det,winequality-red_n100_alpha3,0,31,9,9,8.094719978,16.04035503,3.092832554,27.22790756
log_det,winequality-red_n100_alpha3,0,31,10,10,8.472915032,17.52792337,1.870471894,27.8713103
log_det,winequality-red_n100_alpha3,0,31,11,11,8.848068263,20.19215521,0.4123207567,29.45254423
log_det,winequality-red_n100_alpha3,0,31,12,12,8.962123177,21.4685161,0.2608036991,30.69144297
log_det,winequality-red_n100_alpha3,0,31,13,13,9.064741154,22.34361296,0.1378127338,31.54616685
log_det,winequality-red_n100_alpha3,0,31,14,14,9.135128848,25.07301989,0.06742503999,34.27557377
log_det,winequality-red_n100_alpha3,0,31,15,15,9.202553888,29.13144291,0,38.3339968
log_det,winequality-red_n100_alpha3,0,32,0,0,0,0,35.18757725,35.18757725
log_det,winequality-red_n100_alpha3,0,32,1,1,1.099611789,4.088478191,24.31313866,29.50122864
log_det,winequality-red_n100_alpha3,0,32,2,2,2.196920915,4.088478191,23.4185381,29.70393721
log_det,winequality-red_n100_alpha3,0,32,3,3,3.277354116,4.779898163,22.28530085,30.34255313
log_det,winequality-red_n100_alpha3,0,32,4,4,4.297660274,9.844522621,17.67361239,31.81579529
log_det,winequality-red_n100_alpha3,0,32,5,5,5.291452846,10.42162854,15.4945304,31.20761179
log_det,winequality-red_n100_alpha3,0,32,6,6,6.221933966,11.00915952,12.97922157,30.21031506
log_det,winequality-red_n100_alpha3,0,32,7,7,7.01895051,13.17308508,7.318119201,27.51015479
log_det,winequality-red_n100_alpha3,0,32,8,8,7.593568171,13.67843832,5.774205138,27.04621163
log_det,winequality-red_n100_alpha3,0,32,9,9,8.094719978,16.04035503,3.092832554,27.22790756
log_det,winequality-red_n100_alpha3,0,32,10,10,8.472915032,17.52792337,1.870471894,27.8713103
log_det,winequality-red_n100_alpha3,0,32,11,11,8.848068263,20.19215521,0.4123207567,29.45254423
log_det,winequality-red_n100_alpha3,0,32,12,12,8.962123177,21.4685161,0.2608036991,30.69144297
log_det,winequality-red_n100_alpha3,0,32,13,13,9.064741154,22.34361296,0.1378127338,31.54616685
log_det,winequality-red_n100_alpha3,0,32,14,14,9.135128848,25.07301989,0.06742503999,34.27557377
log_det,winequality-red_n100_alpha3,0,32,15,15,9.202553888,29.13144291,0,38.3339968
log_det,winequality-red_n100_alpha3,0,33,0,0,0,0,36.28718904,36.28718904
log_det,winequality-red_n100_alpha3,0,33,1,1,1.099611789,4.088478191,24.7672968,29.95538678
log_det,winequality-red_n100_alpha3,0,33,2,2,2.196920915,4.088478191,23.86925815,30.15465725
log_det,winequality-red_n100_alpha3,0,33,3,3,3.277354116,4.779898163,22.70958342,30.7668357
log_det,winequality-red_n100_alpha3,0,33,4,4,4.297660274,9.844522621,17.95765058,32.09983348
log_det,winequality-red_n100_alpha3,0,33,5,5,5.291452846,10.42162854,15.76379239,31.47687378
log_det,winequality-red_n100_alpha3,0,33,6,6,6.221933966,11.00915952,13.20341887,30.43451236
log_det,winequality-red_n100_alpha3,0,33,7,7,7.01895051,13.17308508,7.369844515,27.5618801
log_det,winequality-red_n100_alpha3,0,33,8,8,7.593568171,13.67843832,5.775139019,27.04714551
log_det,winequality-red_n100_alpha3,0,33,9,9,8.094719978,16.04035503,3.092832554,27.22790756
log_det,winequality-red_n100_alpha3,0,33,10,10,8.472915032,17.52792337,1.870471894,27.8713103
log_det,winequality-red_n100_alpha3,0,33,11,11,8.848068263,20.19215521,0.4123207567,29.45254423
log_det,winequality-red_n100_alpha3,0,33,12,12,8.962123177,21.4685161,0.2608036991,30.69144297
log_det,winequality-red_n100_alpha3,0,33,13,13,9.064741154,22.34361296,0.1378127338,31.54616685
log_det,winequality-red_n100_alpha3,0,33,14,14,9.135128848,25.07301989,0.06742503999,34.27557377
log_det,winequality-red_n100_alpha3,0,33,15,15,9.202553888,29.13144291,0,38.3339968
log_det,winequality-red_n100_alpha3,0,34,0,0,0,0,37.38680083,37.38680083
log_det,winequality-red_n100_alpha3,0,34,1,1,1.099611789,4.088478191,25.21784641,30.40593639
log_det,winequality-red_n100_alpha3,0,34,2,2,2.196920915,4.088478191,24.31913586,30.60453496
log_det,winequality-red_n100_alpha3,0,34,3,3,3.277354116,4.779898163,23.1314076,31.18865987
log_det,winequality-red_n100_alpha3,0,34,4,4,4.297660274,9.844522621,18.23881661,32.3809995
log_det,winequality-red_n100_alpha3,0,34,5,5,5.291452846,10.42162854,16.02213032,31.73521171
log_det,winequality-red_n100_alpha3,0,34,6,6,6.221933966,11.00915952,13.39403223,30.62512572
log_det,winequality-red_n100_alpha3,0,34,7,7,7.01895051,13.17308508,7.397201242,27.58923683
log_det,winequality-red_n100_alpha3,0,34,8,8,7.593568171,13.67843832,5.775139019,27.04714551
log_det,winequality-red_n100_alpha3,0,34,9,9,8.094719978,16.04035503,3.092832554,27.22790756
log_det,winequality-red_n100_alpha3,0,34,10,10,8.472915032,17.52792337,1.870471894,27.8713103
log_det,winequality-red_n100_alpha3,0,34,11,11,8.848068263,20.19215521,0.4123207567,29.45254423
log_det,winequality-red_n100_alpha3,0,34,12,12,8.962123177,21.4685161,0.2608036991,30.69144297
log_det,winequality-red_n100_alpha3,0,34,13,13,9.064741154,22.34361296,0.1378127338,31.54616685
log_det,winequality-red_n100_alpha3,0,34,14,14,9.135128848,25.07301989,0.06742503999,34.27557377
log_det,winequality-red_n100_alpha3,0,34,15,15,9.202553888,29.13144291,0,38.3339968
log_det,winequality-red_n100_alpha3,0,35,0,0,0,0,38.48641262,38.48641262
log_det,winequality-red_n100_alpha3,0,35,1,1,1.099611789,4.088478191,25.66772605,30.85581603
log_det,winequality-red_n100_alpha3,0,35,2,2,2.196920915,4.088478191,24.76757137,31.05297047
log_det,winequality-red_n100_alpha3,0,35,3,3,3.277354116,4.779898163,23.54702586,31.60427814
log_det,winequality-red_n100_alpha3,0,35,4,4,4.297660274,9.844522621,18.51977641,32.66195931
log_det,winequality-red_n100_alpha3,0,35,5,5,5.291452846,10.42162854,16.27937999,31.99246137
log_det,winequality-red_n100_alpha3,0,35,6,6,6.221933966,11.00915952,13.56604471,30.7971382
log_det,winequality-red_n100_alpha3,0,35,7,7,7.01895051,13.17308508,7.416285247,27.60832083
log_det,winequality-red_n100_alpha3,0,35,8,8,7.593568171,13.67843832,5.775139019,27.04714551
log_det,winequality-red_n100_alpha3,0,35,9,9,8.094719978,16.04035503,3.092832554,27.22790756
log_det,winequality-red_n100_alpha3,0,35,10,10,8.472915032,17.52792337,1.870471894,27.8713103
log_det,winequality-red_n100_alpha3,0,35,11,11,8.848068263,20.19215521,0.4123207567,29.45254423
log_det,winequality-red_n100_alpha3,0,35,12,12,8.962123177,21.4685161,0.2608036991,30.69144297
log_det,winequality-red_n100_alpha3,0,35,13,13,9.064741154,22.34361296,0.1378127338,31.54616685
log_det,winequality-red_n100_alpha3,0,35,14,14,9.135128848,25.07301989,0.06742503999,34.27557377
log_det,winequality-red_n100_alpha3,0,35,15,15,9.202553888,29.13144291,0,38.3339968
log_det,winequality-red_n100_alpha3,0,36,0,0,0,0,39.5860244,39.5860244
log_det,winequality-red_n100_alpha3,0,36,1,1,1.099611789,4.088478191,26.11607688,31.30416686
log_det,winequality-red_n100_alpha3,0,36,2,2,2.196920915,4.088478191,25.2152872,31.50068631
log_det,winequality-red_n100_alpha3,0,36,3,3,3.277354116,4.779898163,23.9537737,32.01102598
log_det,winequality-red_n100_alpha3,0,36,4,4,4.297660274,9.844522621,18.79177526,32.93395815
log_det,winequality-red_n100_alpha3,0,36,5,5,5.291452846,10.42162854,16.5055268,32.21860819
log_det,winequality-red_n100_alpha3,0,36,6,6,6.221933966,11.00915952,13.72213087,30.95322435
log_det,winequality-red_n100_alpha3,0,36,7,7,7.01895051,13.17308508,7.416285247,27.60832083
log_det,winequality-red_n100_alpha3,0,36,8,8,7.593568171,13.67843832,5.775139019,27.04714551
log_det,winequality-red_n100_alpha3,0,36,9,9,8.094719978,16.04035503,3.092832554,27.22790756
log_det,winequality-red_n100_alpha3,0,36,10,10,8.472915032,17.52792337,1.870471894,27.8713103
log_det,winequality-red_n100_alpha3,0,36,11,11,8.848068263,20.19215521,0.4123207567,29.45254423
log_det,winequality-red_n100_alpha3,0,36,12,12,8.962123177,21.4685161,0.2608036991,30.69144297
log_det,winequality-red_n100_alpha3,0,36,13,13,9.064741154,22.34361296,0.1378127338,31.54616685
log_det,winequality-red_n100_alpha3,0,36,14,14,9.135128848,25.07301989,0.06742503999,34.27557377
log_det,winequality-red_n100_alpha3,0,36,15,15,9.202553888,29.13144291,0,38.3339968
log_det,winequality-red_n100_alpha3,0,37,0,0,0,0,40.68563619,40.68563619
log_det,winequality-red_n100_alpha3,0,37,1,1,1.099611789,4.088478191,26.55573791,31.74382789
log_det,winequality-red_n100_alpha3,0,37,2,2,2.196920915,4.088478191,25.65470758,31.94010669
log_det,winequality-red_n100_alpha3,0,37,3,3,3.277354116,4.779898163,24.33212057,32.38937285
log_det,winequality-red_n100_alpha3,0,37,4,4,4.297660274,9.844522621,19.06013619,33.20231908
log_det,winequality-red_n100_alpha3,0,37,5,5,5.291452846,10.42162854,16.7314765,32.44455788
log_det,winequality-red_n100_alpha3,0,37,6,6,6.221933966,11.00915952,13.87454206,31.10563555
log_det,winequality-red_n100_alpha3,0,37,7,7,7.01895051,13.17308508,7.416285247,27.60832083
log_det,winequality-red_n100_alpha3,0,37,8,8,7.593568171,13.67843832,5.775139019,27.04714551
log_det,winequality-red_n100_alpha3,0,37,9,9,8.094719978,16.04035503,3.092832554,27.22790756
log_det,winequality-red_n100_alpha3,0,37,10,10,8.472915032,17.52792337,1.870471894,27.8713103
log_det,winequality-red_n100_alpha3,0,37,11,11,8.848068263,20.19215521,0.4123207567,29.45254423
log_det,winequality-red_n100_alpha3,0,37,12,12,8.962123177,21.4685161,0.2608036991,30.69144297
log_det,winequality-red_n100_alpha3,0,37,13,13,9.064741154,22.34361296,0.1378127338,31.54616685
log_det,winequality-red_n100_alpha3,0,37,14,14,9.135128848,25.07301989,0.06742503999,34.27557377
log_det,winequality-red_n100_alpha3,0,37,15,15,9.202553888,29.13144291,0,38.3339968
log_det,winequality-red_n100_alpha3,0,38,0,0,0,0,41.78524798,41.78524798
log_det,winequality-red_n100_alpha3,0,38,1,1,1.099611789,4.088478191,26.98200208,32.17009206
log_det,winequality-red_n100_alpha3,0,38,2,2,2.196920915,4.088478191,26.0781524,32.36355151
log_det,winequality-red_n100_alpha3,0,38,3,3,3.277354116,4.779898163,24.68384547,32.74109775
log_det,winequality-red_n100_alpha3,0,38,4,4,4.297660274,9.844522621,19.32482838,33.46701128
log_det,winequality-red_n100_alpha3,0,38,5,5,5.291452846,10.42162854,16.95007749,32.66315887
log_det,winequality-red_n100_alpha3,0,38,6,6,6.221933966,11.00915952,14.02458921,31.25568269
log_det,winequality-red_n100_alpha3,0,38,7,7,7.01895051,13.17308508,7.416285247,27.60832083
log_det,winequality-red_n100_alpha3,0,38,8,8,7.593568171,13.67843832,5.775139019,27.04714551
log_det,winequality-red_n100_alpha3,0,38,9,9,8.094719978,16.04035503,3.092832554,27.22790756
log_det,winequality-red_n100_alpha3,0,38,10,10,8.472915032,17.52792337,1.870471894,27.8713103
log_det,winequality-red_n100_alpha3,0,38,11,11,8.848068263,20.19215521,0.4123207567,29.45254423
log_det,winequality-red_n100_alpha3,0,38,12,12,8.962123177,21.4685161,0.2608036991,30.69144297
log_det,winequality-red_n100_alpha3,0,38,13,13,9.064741154,22.34361296,0.1378127338,31.54616685
log_det,winequality-red_n100_alpha3,0,38,14,14,9.135128848,25.07301989,0.06742503999,34.27557377
log_det,winequality-red_n100_alpha3,0,38,15,15,9.202553888,29.13144291,0,38.3339968
log_det,winequality-red_n100_alpha3,0,39,0,0,0,0,42.11398516,42.11398516
log_det,winequality-red_n100_alpha3,0,39,1,1,1.099611789,4.088478191,27.37885181,32.56694179
log_det,winequality-red_n100_alpha3,0,39,2,2,2.196920915,4.088478191,26.46065113,32.74605024
log_det,winequality-red_n100_alpha3,0,39,3,3,3.277354116,4.779898163,25.02534188,33.08259416
log_det,winequality-red_n100_alpha3,0,39,4,4,4.297660274,9.844522621,19.58296025,33.72514314
log_det,winequality-red_n100_alpha3,0,39,5,5,5.291452846,10.42162854,17.15859691,32.8716783
log_det,winequality-red_n100_alpha3,0,39,6,6,6.221933966,11.00915952,14.17371321,31.4048067
log_det,winequality-red_n100_alpha3,0,39,7,7,7.01895051,13.17308508,7.416285247,27.60832083
log_det,winequality-red_n100_alpha3,0,39,8,8,7.593568171,13.67843832,5.775139019,27.04714551
log_det,winequality-red_n100_alpha3,0,39,9,9,8.094719978,16.04035503,3.092832554,27.22790756
log_det,winequality-red_n100_alpha3,0,39,10,10,8.472915032,17.52792337,1.870471894,27.8713103
log_det,winequality-red_n100_alpha3,0,39,11,11,8.848068263,20.19215521,0.4123207567,29.45254423
log_det,winequality-red_n100_alpha3,0,39,12,12,8.962123177,21.4685161,0.2608036991,30.69144297
log_det,winequality-red_n100_alpha3,0,39,13,13,9.064741154,22.34361296,0.1378127338,31.54616685
log_det,winequality-red_n100_alpha3,0,39,14,14,9.135128848,25.07301989,0.06742503999,34.27557377
log_det,winequality-red_n100_alpha3,0,39,15,15,9.202553888,29.13144291,0,38.3339968
log_det,winequality-red_n100_alpha3,0,40,0,0,0,0,42.11398516,42.11398516
log_det,winequality-red_n100_alpha3,0,40,1,1,1.099611789,4.088478191,27.76135231,32.94944229
log_det,winequality-red_n100_alpha3,0,40,2,2,2.196920915,4.088478191,26.81442018,33.09981929
log_det,winequality-red_n100_alpha3,0,40,3,3,3.277354116,4.779898163,25.36327222,33.4205245
log_det,winequality-red_n100_alpha3,0,40,4,4,4.297660274,9.844522621,19.8380613,33.9802442
log_det,winequality-red_n100_alpha3,0,40,5,5,5.291452846,10.42162854,17.36112914,33.07421052
log_det,winequality-red_n100_alpha3,0,40,6,6,6.221933966,11.00915952,14.3015252,31.53261869
log_det,winequality-red_n100_alpha3,0,40,7,7,7.01895051,13.17308508,7.416285247,27.60832083
log_det,winequality-red_n100_alpha3,0,40,8,8,7.593568171,13.67843832,5.775139019,27.04714551
log_det,winequality-red_n100_alpha3,0,40,9,9,8.094719978,16.04035503,3.092832554,27.22790756
log_det,winequality-red_n100_alpha3,0,40,10,10,8.472915032,17.52792337,1.870471894,27.8713103
log_det,winequality-red_n100_alpha3,0,40,11,11,8.848068263,20.19215521,0.4123207567,29.45254423
log_det,winequality-red_n100_alpha3,0,40,12,12,8.962123177,21.4685161,0.2608036991,30.69144297
log_det,winequality-red_n100_alpha3,0,40,13,13,9.064741154,22.34361296,0.1378127338,31.54616685
log_det,winequality-red_n100_alpha3,0,40,14,14,9.135128848,25.07301989,0.06742503999,34.27557377
log_det,winequality-red_n100_alpha3,0,40,15,15,9.202553888,29.13144291,0,38.3339968
log_det,winequality-red_n100_alpha3,0,41,0,0,0,0,42.11398516,42.11398516
log_det,winequality-red_n100_alpha3,0,41,1,1,1.099611789,4.088478191,28.12226864,33.31035862
log_det,winequality-red_n100_alpha3,0,41,2,2,2.196920915,4.088478191,27.15325061,33.43864971
log_det,winequality-red_n100_alpha3,0,41,3,3,3.277354116,4.779898163,25.6594477,33.71669998
log_det,winequality-red_n100_alpha3,0,41,4,4,4.297660274,9.844522621,20.090519,34.23270189
log_det,winequality-red_n100_alpha3,0,41,5,5,5.291452846,10.42162854,17.54743413,33.26051552
log_det,winequality-red_n100_alpha3,0,41,6,6,6.221933966,11.00915952,14.41550425,31.64659773
log_det,winequality-red_n100_alpha3,0,41,7,7,7.01895051,13.17308508,7.416285247,27.60832083
log_det,winequality-red_n100_alpha3,0,41,8,8,7.593568171,13.67843832,5.775139019,27.04714551
log_det,winequality-red_n100_alpha3,0,41,9,9,8.094719978,16.04035503,3.092832554,27.22790756
log_det,winequality-red_n100_alpha3,0,41,10,10,8.472915032,17.52792337,1.870471894,27.8713103
log_det,winequality-red_n100_alpha3,0,41,11,11,8.848068263,20.19215521,0.4123207567,29.45254423
log_det,winequality-red_n100_alpha3,0,41,12,12,8.962123177,21.4685161,0.2608036991,30.69144297
log_det,winequality-red_n100_alpha3,0,41,13,13,9.064741154,22.34361296,0.1378127338,31.54616685
log_det,winequality-red_n100_alpha3,0,41,14,14,9.135128848,25.07301989,0.06742503999,34.27557377
log_det,winequality-red_n100_alpha3,0,41,15,15,9.202553888,29.13144291,0,38.3339968
log_det,winequality-red_n100_alpha3,0,42,0,0,0,0,42.11398516,42.11398516
log_det,winequality-red_n100_alpha3,0,42,1,1,1.099611789,4.088478191,28.43797136,33.62606134
log_det,winequality-red_n100_alpha3,0,42,2,2,2.196920915,4.088478191,27.46825977,33.75365887
log_det,winequality-red_n100_alpha3,0,42,3,3,3.277354116,4.779898163,25.94961943,34.00687171
log_det,winequality-red_n100_alpha3,0,42,4,4,4.297660274,9.844522621,20.31985911,34.462042
log_det,winequality-red_n100_alpha3,0,42,5,5,5.291452846,10.42162854,17.72950359,33.44258497
log_det,winequality-red_n100_alpha3,0,42,6,6,6.221933966,11.00915952,14.52583074,31.75692423
log_det,winequality-red_n100_alpha3,0,42,7,7,7.01895051,13.17308508,7.416285247,27.60832083
log_det,winequality-red_n100_alpha3,0,42,8,8,7.593568171,13.67843832,5.775139019,27.04714551
log_det,winequality-red_n100_alpha3,0,42,9,9,8.094719978,16.04035503,3.092832554,27.22790756
log_det,winequality-red_n100_alpha3,0,42,10,10,8.472915032,17.52792337,1.870471894,27.8713103
log_det,winequality-red_n100_alpha3,0,42,11,11,8.848068263,20.19215521,0.4123207567,29.45254423
log_det,winequality-red_n100_alpha3,0,42,12,12,8.962123177,21.4685161,0.2608036991,30.69144297
log_det,winequality-red_n100_alpha3,0,42,13,13,9.064741154,22.34361296,0.1378127338,31.54616685
log_det,winequality-red_n100_alpha3,0,42,14,14,9.135128848,25.07301989,0.06742503999,34.27557377
log_det,winequality-red_n100_alpha3,0,42,15,15,9.202553888,29.13144291,0,38.3339968
log_det,winequality-red_n100_alpha3,0,43,0,0,0,0,42.11398516,42.11398516
log_det,winequality-red_n100_alpha3,0,43,1,1,1.099611789,4.088478191,28.73987684,33.92796682
log_det,winequality-red_n100_alpha3,0,43,2,2,2.196920915,4.088478191,27.75921666,34.04461577
log_det,winequality-red_n100_alpha3,0,43,3,3,3.277354116,4.779898163,26.23850305,34.29575533
log_det,winequality-red_n100_alpha3,0,43,4,4,4.297660274,9.844522621,20.54732845,34.68951134
log_det,winequality-red_n100_alpha3,0,43,5,5,5.291452846,10.42162854,17.91128836,33.62436975
log_det,winequality-red_n100_alpha3,0,43,6,6,6.221933966,11.00915952,14.63552596,31.86661945
log_det,winequality-red_n100_alpha3,0,43,7,7,7.01895051,13.17308508,7.416285247,27.60832083
log_det,winequality-red_n100_alpha3,0,43,8,8,7.593568171,13.67843832,5.775139019,27.04714551
log_det,winequality-red_n100_alpha3,0,43,9,9,8.094719978,16.04035503,3.092832554,27.22790756
log_det,winequality-red_n100_alpha3,0,43,10,10,8.472915032,17.52792337,1.870471894,27.8713103
log_det,winequality-red_n100_alpha3,0,43,11,11,8.848068263,20.19215521,0.4123207567,29.45254423
log_det,winequality-red_n100_alpha3,0,43,12,12,8.962123177,21.4685161,0.2608036991,30.69144297
log_det,winequality-red_n100_alpha3,0,43,13,13,9.064741154,22.34361296,0.1378127338,31.54616685
log_det,winequality-red_n100_alpha3,0,43,14,14,9.135128848,25.07301989,0.06742503999,34.27557377
log_det,winequality-red_n100_alpha3,0,43,15,15,9.202553888,29.13144291,0,38.3339968
log_det,winequality-red_n100_alpha3,0,44,0,0,0,0,42.11398516,42.11398516
log_det,winequality-red_n100_alpha3,0,44,1,1,1.099611789,4.088478191,29.03390694,34.22199692
log_det,winequality-red_n100_alpha3,0,44,2,2,2.196920915,4.088478191,28.04942877,34.33482788
log_det,winequality-red_n100_alpha3,0,44,3,3,3.277354116,4.779898163,26.5248836,34.58213588
log_det,winequality-red_n100_alpha3,0,44,4,4,4.297660274,9.844522621,20.76755931,34.9097422
log_det,winequality-red_n100_alpha3,0,44,5,5,5.291452846,10.42162854,18.0844132,33.79749459
log_det,winequality-red_n100_alpha3,0,44,6,6,6.221933966,11.00915952,14.72551346,31.95660695
log_det,winequality-red_n100_alpha3,0,44,7,7,7.01895051,13.17308508,7.416285247,27.60832083
log_det,winequality-red_n100_alpha3,0,44,8,8,7.593568171,13.67843832,5.775139019,27.04714551
log_det,winequality-red_n100_alpha3,0,44,9,9,8.094719978,16.04035503,3.092832554,27.22790756
log_det,winequality-red_n100_alpha3,0,44,10,10,8.472915032,17.52792337,1.870471894,27.8713103
log_det,winequality-red_n100_alpha3,0,44,11,11,8.848068263,20.19215521,0.4123207567,29.45254423
log_det,winequality-red_n100_alpha3,0,44,12,12,8.962123177,21.4685161,0.2608036991,30.69144297
log_det,winequality-red_n100_alpha3,0,44,13,13,9.064741154,22.34361296,0.1378127338,31.54616685
log_det,winequality-red_n100_alpha3,0,44,14,14,9.135128848,25.07301989,0.06742503999,34.27557377
log_det,winequality-red_n100_alpha3,0,44,15,15,9.202553888,29.13144291,0,38.3339968
log_det,winequality-red_n100_alpha3,0,45,0,0,0,0,42.11398516,42.11398516
log_det,winequality-red_n100_alpha3,0,45,1,1,1.099611789,4.088478191,29.3250186,34.51310858
log_det,winequality-red_n100_alpha3,0,45,2,2,2.196920915,4.088478191,28.33831902,34.62371812
log_det,winequality-red_n100_alpha3,0,45,3,3,3.277354116,4.779898163,26.7969403,34.85419258
log_det,winequality-red_n100_alpha3,0,45,4,4,4.297660274,9.844522621,20.98763496,35.12981786
log_det,winequality-red_n100_alpha3,0,45,5,5,5.291452846,10.42162854,18.25631148,33.96939287
log_det,winequality-red_n100_alpha3,0,45,6,6,6.221933966,11.00915952,14.78942507,32.02051856
log_det,winequality-red_n100_alpha3,0,45,7,7,7.01895051,13.17308508,7.416285247,27.60832083
log_det,winequality-red_n100_alpha3,0,45,8,8,7.593568171,13.67843832,5.775139019,27.04714551
log_det,winequality-red_n100_alpha3,0,45,9,9,8.094719978,16.04035503,3.092832554,27.22790756
log_det,winequality-red_n100_alpha3,0,45,10,10,8.472915032,17.52792337,1.870471894,27.8713103
log_det,winequality-red_n100_alpha3,0,45,11,11,8.848068263,20.19215521,0.4123207567,29.45254423
log_det,winequality-red_n100_alpha3,0,45,12,12,8.962123177,21.4685161,0.2608036991,30.69144297
log_det,winequality-red_n100_alpha3,0,45,13,13,9.064741154,22.34361296,0.1378127338,31.54616685
log_det,winequality-red_n100_alpha3,0,45,14,14,9.135128848,25.07301989,0.06742503999,34.27557377
log_det,winequality-red_n100_alpha3,0,45,15,15,9.202553888,29.13144291,0,38.3339968
log_det,winequality-red_n100_alpha3,0,46,0,0,0,0,42.11398516,42.11398516
log_det,winequality-red_n100_alpha3,0,46,1,1,1.099611789,4.088478191,29.6010337,34.78912368
log_det,winequality-red_n100_alpha3,0,46,2,2,2.196920915,4.088478191,28.61038486,34.89578397
log_det,winequality-red_n100_alpha3,0,46,3,3,3.277354116,4.779898163,27.06601118,35.12326346
log_det,winequality-red_n100_alpha3,0,46,4,4,4.297660274,9.844522621,21.19958339,35.34176629
log_det,winequality-red_n100_alpha3,0,46,5,5,5.291452846,10.42162854,18.42503703,34.13811842
log_det,winequality-red_n100_alpha3,0,46,6,6,6.221933966,11.00915952,14.82694902,32.0580425
log_det,winequality-red_n100_alpha3,0,46,7,7,7.01895051,13.17308508,7.416285247,27.60832083
log_det,winequality-red_n100_alpha3,0,46,8,8,7.593568171,13.67843832,5.775139019,27.04714551
log_det,winequality-red_n100_alpha3,0,46,9,9,8.094719978,16.04035503,3.092832554,27.22790756
log_det,winequality-red_n100_alpha3,0,46,10,10,8.472915032,17.52792337,1.870471894,27.8713103
log_det,winequality-red_n100_alpha3,0,46,11,11,8.848068263,20.19215521,0.4123207567,29.45254423
log_det,winequality-red_n100_alpha3,0,46,12,12,8.962123177,21.4685161,0.2608036991,30.69144297
log_det,winequality-red_n100_alpha3,0,46,13,13,9.064741154,22.34361296,0.1378127338,31.54616685
log_det,winequality-red_n100_alpha3,0,46,14,14,9.135128848,25.07301989,0.06742503999,34.27557377
log_det,winequality-red_n100_alpha3,0,46,15,15,9.202553888,29.13144291,0,38.3339968
log_det,winequality-red_n100_alpha3,0,47,0,0,0,0,42.11398516,42.11398516
log_det,winequality-red_n100_alpha3,0,47,1,1,1.099611789,4.088478191,29.87386541,35.06195539
log_det,winequality-red_n100_alpha3,0,47,2,2,2.196920915,4.088478191,28.87945655,35.16485565
log_det,winequality-red_n100_alpha3,0,47,3,3,3.277354116,4.779898163,27.33259718,35.38984945
log_det,winequality-red_n100_alpha3,0,47,4,4,4.297660274,9.844522621,21.40904486,35.55122775
log_det,winequality-red_n100_alpha3,0,47,5,5,5.291452846,10.42162854,18.57743895,34.29052033
log_det,winequality-red_n100_alpha3,0,47,6,6,6.221933966,11.00915952,14.84607295,32.07716643
log_det,winequality-red_n100_alpha3,0,47,7,7,7.01895051,13.17308508,7.416285247,27.60832083
log_det,winequality-red_n100_alpha3,0,47,8,8,7.593568171,13.67843832,5.775139019,27.04714551
log_det,winequality-red_n100_alpha3,0,47,9,9,8.094719978,16.04035503,3.092832554,27.22790756
log_det,winequality-red_n100_alpha3,0,47,10,10,8.472915032,17.52792337,1.870471894,27.8713103
log_det,winequality-red_n100_alpha3,0,47,11,11,8.848068263,20.19215521,0.4123207567,29.45254423
log_det,winequality-red_n100_alpha3,0,47,12,12,8.962123177,21.4685161,0.2608036991,30.69144297
log_det,winequality-red_n100_alpha3,0,47,13,13,9.064741154,22.34361296,0.1378127338,31.54616685
log_det,winequality-red_n100_alpha3,0,47,14,14,9.135128848,25.07301989,0.06742503999,34.27557377
log_det,winequality-red_n100_alpha3,0,47,15,15,9.202553888,29.13144291,0,38.3339968
log_det,winequality-red_n100_alpha3,0,48,0,0,0,0,42.11398516,42.11398516
log_det,winequality-red_n100_alpha3,0,48,1,1,1.099611789,4.088478191,30.14593394,35.33402392
log_det,winequality-red_n100_alpha3,0,48,2,2,2.196920915,4.088478191,29.14752067,35.43291977
log_det,winequality-red_n100_alpha3,0,48,3,3,3.277354116,4.779898163,27.58734761,35.64459989
log_det,winequality-red_n100_alpha3,0,48,4,4,4.297660274,9.844522621,21.61010508,35.75228798
log_det,winequality-red_n100_alpha3,0,48,5,5,5.291452846,10.42162854,18.69921126,34.41229265
log_det,winequality-red_n100_alpha3,0,48,6,6,6.221933966,11.00915952,14.84607295,32.07716643
log_det,winequality-red_n100_alpha3,0,48,7,7,7.01895051,13.17308508,7.416285247,27.60832083
log_det,winequality-red_n100_alpha3,0,48,8,8,7.593568171,13.67843832,5.775139019,27.04714551
log_det,winequality-red_n100_alpha3,0,48,9,9,8.094719978,16.04035503,3.092832554,27.22790756
log_det,winequality-red_n100_alpha3,0,48,10,10,8.472915032,17.52792337,1.870471894,27.8713103
log_det,winequality-red_n100_alpha3,0,48,11,11,8.848068263,20.19215521,0.4123207567,29.45254423
log_det,winequality-red_n100_alpha3,0,48,12,12,8.962123177,21.4685161,0.2608036991,30.69144297
log_det,winequality-red_n100_alpha3,0,48,13,13,9.064741154,22.34361296,0.1378127338,31.54616685
log_det,winequality-red_n100_alpha3,0,48,14,14,9.135128848,25.07301989,0.06742503999,34.27557377
log_det,winequality-red_n100_alpha3,0,48,15,15,9.202553888,29.13144291,0,38.3339968
log_det,winequality-red_n100_alpha3,0,49,0,0,0,0,42.11398516,42.11398516
log_det,winequality-red_n100_alpha3,0,49,1,1,1.099611789,4.088478191,30.41476784,35.60285782
log_det,winequality-red_n100_alpha3,0,49,2,2,2.196920915,4.088478191,29.40476811,35.69016722
log_det,winequality-red_n100_alpha3,0,49,3,3,3.277354116,4.779898163,27.84025387,35.89750615
log_det,winequality-red_n100_alpha3,0,49,4,4,4.297660274,9.844522621,21.80367089,35.94585379
log_det,winequality-red_n100_alpha3,0,49,5,5,5.291452846,10.42162854,18.76401601,34.4770974
log_det,winequality-red_n100_alpha3,0,49,6,6,6.221933966,11.00915952,14.84607295,32.07716643
log_det,winequality-red_n100_alpha3,0,49,7,7,7.01895051,13.17308508,7.416285247,27.60832083
log_det,winequality-red_n100_alpha3,0,49,8,8,7.593568171,13.67843832,5.775139019,27.04714551
log_det,winequality-red_n100_alpha3,0,49,9,9,8.094719978,16.04035503,3.092832554,27.22790756
log_det,winequality-red_n100_alpha3,0,49,10,10,8.472915032,17.52792337,1.870471894,27.8713103
log_det,winequality-red_n100_alpha3,0,49,11,11,8.848068263,20.19215521,0.4123207567,29.45254423
log_det,winequality-red_n100_alpha3,0,49,12,12,8.962123177,21.4685161,0.2608036991,30.69144297
log_det,winequality-red_n100_alpha3,0,49,13,13,9.064741154,22.34361296,0.1378127338,31.54616685
log_det,winequality-red_n100_alpha3,0,49,14,14,9.135128848,25.07301989,0.06742503999,34.27557377
log_det,winequality-red_n100_alpha3,0,49,15,15,9.202553888,29.13144291,0,38.3339968
log_det,winequality-red_n100_alpha3,0,50,0,0,0,0,42.11398516,42.11398516
log_det,winequality-red_n100_alpha3,0,50,1,1,1.099611789,4.088478191,30.68152957,35.86961955
log_det,winequality-red_n100_alpha3,0,50,2,2,2.196920915,4.088478191,29.64262164,35.92802075
log_det,winequality-red_n100_alpha3,0,50,3,3,3.277354116,4.779898163,28.06142947,36.11868175
log_det,winequality-red_n100_alpha3,0,50,4,4,4.297660274,9.844522621,21.9889875,36.1311704
log_det,winequality-red_n100_alpha3,0,50,5,5,5.291452846,10.42162854,18.8051649,34.51824629
log_det,winequality-red_n100_alpha3,0,50,6,6,6.221933966,11.00915952,14.84607295,32.07716643
log_det,winequality-red_n100_alpha3,0,50,7,7,7.01895051,13.17308508,7.416285247,27.60832083
log_det,winequality-red_n100_alpha3,0,50,8,8,7.593568171,13.67843832,5.775139019,27.04714551
log_det,winequality-red_n100_alpha3,0,50,9,9,8.094719978,16.04035503,3.092832554,27.22790756
log_det,winequality-red_n100_alpha3,0,50,10,10,8.472915032,17.52792337,1.870471894,27.8713103
log_det,winequality-red_n100_alpha3,0,50,11,11,8.848068263,20.19215521,0.4123207567,29.45254423
log_det,winequality-red_n100_alpha3,0,50,12,12,8.962123177,21.4685161,0.2608036991,30.69144297
log_det,winequality-red_n100_alpha3,0,50,13,13,9.064741154,22.34361296,0.1378127338,31.54616685
log_det,winequality-red_n100_alpha3,0,50,14,14,9.135128848,25.07301989,0.06742503999,34.27557377
log_det,winequality-red_n100_alpha3,0,50,15,15,9.202553888,29.13144291,0,38.3339968
log_det,winequality-red_n100_alpha3,1,1,0,0,0,0,1.099611789,1.099611789
log_det,winequality-red_n100_alpha3,1,1,1,1,1.099611789,3.119888119,1.09803924,5.317539148
log_det,winequality-red_n100_alpha3,1,2,0,0,0,0,2.199223578,2.199223578
log_det,winequality-red_n100_alpha3,1,2,1,1,1.099611789,3.119888119,2.151185838,6.370685745
log_det,winequality-red_n100_alpha3,1,2,2,2,2.197651029,3.119888119,2.088692255,7.406231402
log_det,winequality-red_n100_alpha3,1,3,0,0,0,0,3.298835367,3.298835367
log_det,winequality-red_n100_alpha3,1,3,1,1,1.099611789,3.119888119,3.186731495,7.406231402
log_det,winequality-red_n100_alpha3,1,3,2,2,2.197651029,3.119888119,3.070623247,8.388162395
log_det,winequality-red_n100_alpha3,1,3,3,3,3.250797627,3.413516543,2.962486551,9.62680072
log_det,winequality-red_n100_alpha3,1,4,0,0,0,0,4.398447156,4.398447156
log_det,winequality-red_n100_alpha3,1,4,1,1,1.099611789,3.119888119,4.169444217,8.388944125
log_det,winequality-red_n100_alpha3,1,4,2,2,2.197651029,3.119888119,4.018975565,9.336514713
log_det,winequality-red_n100_alpha3,1,4,3,3,3.250797627,3.413516543,3.868745635,10.5330598
log_det,winequality-red_n100_alpha3,1,4,4,4,4.286343284,3.750725987,3.653537214,11.69060648
log_det,winequality-red_n100_alpha3,1,5,0,0,0,0,5.498058945,5.498058945
log_det,winequality-red_n100_alpha3,1,5,1,1,1.099611789,3.119888119,5.146277295,9.365777203
log_det,winequality-red_n100_alpha3,1,5,2,2,2.197651029,3.119888119,4.95680018,10.27433933
log_det,winequality-red_n100_alpha3,1,5,3,3,3.250797627,3.413516543,4.76893492,11.43324909
log_det,winequality-red_n100_alpha3,1,5,4,4,4.286343284,3.750725987,4.436469932,12.4735392
log_det,winequality-red_n100_alpha3,1,5,5,5,5.268274276,5.016046073,3.933489523,14.21780987
log_det,winequality-red_n100_alpha3,1,6,0,0,0,0,6.597670734,6.597670734
log_det,winequality-red_n100_alpha3,1,6,1,1,1.099611789,3.119888119,6.084297196,10.3037971
log_det,winequality-red_n100_alpha3,1,6,2,2,2.197651029,3.119888119,5.863226929,11.18076608
log_det,winequality-red_n100_alpha3,1,6,3,3,3.250797627,3.413516543,5.668858831,12.333173
log_det,winequality-red_n100_alpha3,1,6,4,4,4.286343284,3.750725987,5.182559019,13.21962829
log_det,winequality-red_n100_alpha3,1,6,5,5,5.268274276,5.016046073,4.602046603,14.88636695
log_det,winequality-red_n100_alpha3,1,6,6,6,6.213284178,5.016046073,4.286191628,15.51552188
log_det,winequality-red_n100_alpha3,1,7,0,0,0,0,7.697282523,7.697282523
log_det,winequality-red_n100_alpha3,1,7,1,1,1.099611789,3.119888119,6.990765901,11.21026581
log_det,winequality-red_n100_alpha3,1,7,2,2,2.197651029,3.119888119,6.764800725,12.08233987
log_det,winequality-red_n100_alpha3,1,7,3,3,3.250797627,3.413516543,6.559431082,13.22374525
log_det,winequality-red_n100_alpha3,1,7,4,4,4.286343284,3.750725987,5.90956907,13.94663834
log_det,winequality-red_n100_alpha3,1,7,5,5,5.268274276,5.016046073,5.268413585,15.55273393
log_det,winequality-red_n100_alpha3,1,7,6,6,6.213284178,5.016046073,4.944601985,16.17393224
log_det,winequality-red_n100_alpha3,1,7,7,7,7.080891425,5.512676297,4.392561001,16.98612872
log_det,winequality-red_n100_alpha3,1,8,0,0,0,0,8.796894312,8.796894312
log_det,winequality-red_n100_alpha3,1,8,1,1,1.099611789,3.119888119,7.892001811,12.11150172
log_det,winequality-red_n100_alpha3,1,8,2,2,2.197651029,3.119888119,7.663791094,12.98133024
log_det,winequality-red_n100_alpha3,1,8,3,3,3.250797627,3.413516543,7.439602855,14.10391702
log_det,winequality-red_n100_alpha3,1,8,4,4,4.286343284,3.750725987,6.626696271,14.66376554
log_det,winequality-red_n100_alpha3,1,8,5,5,5.268274276,5.016046073,5.932995093,16.21731544
log_det,winequality-red_n100_alpha3,1,8,6,6,6.213284178,5.016046073,5.58477089,16.81410114
log_det,winequality-red_n100_alpha3,1,8,7,7,7.080891425,5.512676297,4.937834099,17.53140182
log_det,winequality-red_n100_alpha3,1,8,8,8,7.762661074,8.810851884,3.853326476,20.42683943
log_det,winequality-red_n100_alpha3,1,9,0,0,0,0,9.896506101,9.896506101
log_det,winequality-red_n100_alpha3,1,9,1,1,1.099611789,3.119888119,8.781304207,13.00080411
log_det,winequality-red_n100_alpha3,1,9,2,2,2.197651029,3.119888119,8.555795821,13.87333497
log_det,winequality-red_n100_alpha3,1,9,3,3,3.250797627,3.413516543,8.304029,14.96834317
log_det,winequality-red_n100_alpha3,1,9,4,4,4.286343284,3.750725987,7.334098052,15.37116732
log_det,winequality-red_n100_alpha3,1,9,5,5,5.268274276,5.016046073,6.574009216,16.85832957
log_det,winequality-red_n100_alpha3,1,9,6,6,6.213284178,5.016046073,6.200170875,17.42950113
log_det,winequality-red_n100_alpha3,1,9,7,7,7.080891425,5.512676297,5.468460711,18.06202843
log_det,winequality-red_n100_alpha3,1,9,8,8,7.762661074,8.810851884,4.254047768,20.82756073
log_det,winequality-red_n100_alpha3,1,9,9,9,8.395609312,10.7923839,2.949946251,22.13793946
log_det,winequality-red_n100_alpha3,1,10,0,0,0,0,10.99611789,10.99611789
log_det,winequality-red_n100_alpha3,1,10,1,1,1.099611789,3.119888119,9.647692244,13.86719215
log_det,winequality-red_n100_alpha3,1,10,2,2,2.197651029,3.119888119,9.437410454,14.7549496
log_det,winequality-red_n100_alpha3,1,10,3,3,3.250797627,3.413516543,9.159008879,15.82332305
log_det,winequality-red_n100_alpha3,1,10,4,4,4.286343284,3.750725987,8.009634474,16.04670375
log_det,winequality-red_n100_alpha3,1,10,5,5,5.268274276,5.016046073,7.196461993,17.48078234
log_det,winequality-red_n100_alpha3,1,10,6,6,6.213284178,5.016046073,6.799678028,18.02900828
log_det,winequality-red_n100_alpha3,1,10,7,7,7.080891425,5.512676297,5.95876578,18.5523335
log_det,winequality-red_n100_alpha3,1,10,8,8,7.762661074,8.810851884,4.608126075,21.18163903
log_det,winequality-red_n100_alpha3,1,10,9,9,8.395609312,10.7923839,3.170238497,22.3582317
log_det,winequality-red_n100_alpha3,1,10,10,10,8.853161837,13.53306732,1.318727048,23.70495621
log_det,winequality-red_n100_alpha3,1,11,0,0,0,0,12.09572968,12.09572968
log_det,winequality-red_n100_alpha3,1,11,1,1,1.099611789,3.119888119,10.50420637,14.72370628
log_det,winequality-red_n100_alpha3,1,11,2,2,2.197651029,3.119888119,10.29406449,15.61160364
log_det,winequality-red_n100_alpha3,1,11,3,3,3.250797627,3.413516543,9.994830593,16.65914476
log_det,winequality-red_n100_alpha3,1,11,4,4,4.286343284,3.750725987,8.684531082,16.72160035
log_det,winequality-red_n100_alpha3,1,11,5,5,5.268274276,5.016046073,7.811667707,18.09598806
log_det,winequality-red_n100_alpha3,1,11,6,6,6.213284178,5.016046073,7.349239695,18.57856995
log_det,winequality-red_n100_alpha3,1,11,7,7,7.080891425,5.512676297,6.441607561,19.03517528
log_det,winequality-red_n100_alpha3,1,11,8,8,7.762661074,8.810851884,4.949800613,21.52331357
log_det,winequality-red_n100_alpha3,1,11,9,9,8.395609312,10.7923839,3.384181078,22.57217429
log_det,winequality-red_n100_alpha3,1,11,10,10,8.853161837,13.53306732,1.347778395,23.73400755
log_det,winequality-red_n100_alpha3,1,11,11,11,9.164004962,15.32811985,0.3961224931,24.88824731
log_det,winequality-red_n100_alpha3,1,12,0,0,0,0,13.19534147,13.19534147
log_det,winequality-red_n100_alpha3,1,12,1,1,1.099611789,3.119888119,11.30833876,15.52783867
log_det,winequality-red_n100_alpha3,1,12,2,2,2.197651029,3.119888119,11.1505066,16.46804574
log_det,winequality-red_n100_alpha3,1,12,3,3,3.250797627,3.413516543,10.79087302,17.45518719
log_det,winequality-red_n100_alpha3,1,12,4,4,4.286343284,3.750725987,9.349080023,17.38614929
log_det,winequality-red_n100_alpha3,1,12,5,5,5.268274276,5.016046073,8.3896388,18.67395915
log_det,winequality-red_n100_alpha3,1,12,6,6,6.213284178,5.016046073,7.890411752,19.119742
log_det,winequality-red_n100_alpha3,1,12,7,7,7.080891425,5.512676297,6.913630027,19.50719775
log_det,winequality-red_n100_alpha3,1,12,8,8,7.762661074,8.810851884,5.271479561,21.84499252
log_det,winequality-red_n100_alpha3,1,12,9,9,8.395609312,10.7923839,3.594952189,22.7829454
log_det,winequality-red_n100_alpha3,1,12,10,10,8.853161837,13.53306732,1.358188035,23.74441719
log_det,winequality-red_n100_alpha3,1,12,11,11,9.164004962,15.32811985,0.3961224931,24.88824731
log_det,winequality-red_n100_alpha3,1,12,12,12,9.38372461,17.29829881,0.0781551123,26.76017854
log_det,winequality-red_n100_alpha3,1,13,0,0,0,0,14.29495326,14.29495326
log_det,winequality-red_n100_alpha3,1,13,1,1,1.099611789,3.119888119,12.10218838,16.32168829
log_det,winequality-red_n100_alpha3,1,13,2,2,2.197651029,3.119888119,11.99442416,17.31196331
log_det,winequality-red_n100_alpha3,1,13,3,3,3.250797627,3.413516543,11.5600968,18.22441097
log_det,winequality-red_n100_alpha3,1,13,4,4,4.286343284,3.750725987,10.00836252,18.04543179
log_det,winequality-red_n100_alpha3,1,13,5,5,5.268274276,5.016046073,8.902699569,19.18701992
log_det,winequality-red_n100_alpha3,1,13,6,6,6.213284178,5.016046073,8.401268236,19.63059849
log_det,winequality-red_n100_alpha3,1,13,7,7,7.080891425,5.512676297,7.369553036,19.96312076
log_det,winequality-red_n100_alpha3,1,13,8,8,7.762661074,8.810851884,5.588657527,22.16217048
log_det,winequality-red_n100_alpha3,1,13,9,9,8.395609312,10.7923839,3.759861689,22.9478549
log_det,winequality-red_n100_alpha3,1,13,10,10,8.853161837,13.53306732,1.36628111,23.75251027
log_det,winequality-red_n100_alpha3,1,13,11,11,9.164004962,15.32811985,0.3961224931,24.88824731
log_det,winequality-red_n100_alpha3,1,13,12,12,9.38372461,17.29829881,0.0781551123,26.76017854
log_det,winequality-red_n100_alpha3,1,13,13,13,9.447121166,18.1718862,0.01475855601,27.63376592
log_det,winequality-red_n100_alpha3,1,14,0,0,0,0,15.39456505,15.39456505
log_det,winequality-red_n100_alpha3,1,14,1,1,1.099611789,3.119888119,12.82970377,17.04920368
log_det,winequality-red_n100_alpha3,1,14,2,2,2.197651029,3.119888119,12.82106959,18.13860874
log_det,winequality-red_n100_alpha3,1,14,3,3,3.250797627,3.413516543,12.327595,18.99190917
log_det,winequality-red_n100_alpha3,1,14,4,4,4.286343284,3.750725987,10.63084664,18.66791591
log_det,winequality-red_n100_alpha3,1,14,5,5,5.268274276,5.016046073,9.409225965,19.69354631
log_det,winequality-red_n100_alpha3,1,14,6,6,6.213284178,5.016046073,8.905640296,20.13497055
log_det,winequality-red_n100_alpha3,1,14,7,7,7.080891425,5.512676297,7.810157048,20.40372477
log_det,winequality-red_n100_alpha3,1,14,8,8,7.762661074,8.810851884,5.895909716,22.46942267
log_det,winequality-red_n100_alpha3,1,14,9,9,8.395609312,10.7923839,3.900136688,23.0881299
log_det,winequality-red_n100_alpha3,1,14,10,10,8.853161837,13.53306732,1.36628111,23.75251027
log_det,winequality-red_n100_alpha3,1,14,11,11,9.164004962,15.32811985,0.3961224931,24.88824731
log_det,winequality-red_n100_alpha3,1,14,12,12,9.38372461,17.29829881,0.0781551123,26.76017854
log_det,winequality-red_n100_alpha3,1,14,13,13,9.447121166,18.1718862,0.01475855601,27.63376592
log_det,winequality-red_n100_alpha3,1,14,14,14,9.461879722,22.33397253,0,31.79585225
log_det,winequality-red_n100_alpha3,1,15,0,0,0,0,16.49417684,16.49417684
log_det,winequality-red_n100_alpha3,1,15,1,1,1.099611789,3.119888119,13.49863684,17.71813675
log_det,winequality-red_n100_alpha3,1,15,2,2,2.197651029,3.119888119,13.59127998,18.90881913
log_det,winequality-red_n100_alpha3,1,15,3,3,3.250797627,3.413516543,13.08174793,19.7460621
log_det,winequality-red_n100_alpha3,1,15,4,4,4.286343284,3.750725987,11.22257309,19.25964237
log_det,winequality-red_n100_alpha3,1,15,5,5,5.268274276,5.016046073,9.913588112,20.19790846
log_det,winequality-red_n100_alpha3,1,15,6,6,6.213284178,5.016046073,9.409461794,20.63879205
log_det,winequality-red_n100_alpha3,1,15,7,7,7.080891425,5.512676297,8.246654846,20.84022257
log_det,winequality-red_n100_alpha3,1,15,8,8,7.762661074,8.810851884,6.196673764,22.77018672
log_det,winequality-red_n100_alpha3,1,15,9,9,8.395609312,10.7923839,4.039397579,23.22739079
log_det,winequality-red_n100_alpha3,1,15,10,10,8.853161837,13.53306732,1.36628111,23.75251027
log_det,winequality-red_n100_alpha3,1,15,11,11,9.164004962,15.32811985,0.3961224931,24.88824731
log_det,winequality-red_n100_alpha3,1,15,12,12,9.38372461,17.29829881,0.0781551123,26.76017854
log_det,winequality-red_n100_alpha3,1,15,13,13,9.447121166,18.1718862,0.01475855601,27.63376592
log_det,winequality-red_n100_alpha3,1,15,14,14,9.461879722,22.33397253,0,31.79585225
log_det,winequality-red_n100_alpha3,1,16,0,0,0,0,17.59378862,17.59378862
log_det,winequality-red_n100_alpha3,1,16,1,1,1.099611789,3.119888119,14.16470412,18.38420403
log_det,winequality-red_n100_alpha3,1,16,2,2,2.197651029,3.119888119,14.35213033,19.66966948
log_det,winequality-red_n100_alpha3,1,16,3,3,3.250797627,3.413516543,13.76771584,20.43203001
log_det,winequality-red_n100_alpha3,1,16,4,4,4.286343284,3.750725987,11.7680376,19.80510687
log_det,winequality-red_n100_alpha3,1,16,5,5,5.268274276,5.016046073,10.39644959,20.68076994
log_det,winequality-red_n100_alpha3,1,16,6,6,6.213284178,5.016046073,9.91052455,21.1398548
log_det,winequality-red_n100_alpha3,1,16,7,7,7.080891425,5.512676297,8.679305163,21.27287289
log_det,winequality-red_n100_alpha3,1,16,8,8,7.762661074,8.810851884,6.495062015,23.06857497
log_det,winequality-red_n100_alpha3,1,16,9,9,8.395609312,10.7923839,4.169886234,23.35787944
log_det,winequality-red_n100_alpha3,1,16,10,10,8.853161837,13.53306732,1.36628111,23.75251027
log_det,winequality-red_n100_alpha3,1,16,11,11,9.164004962,15.32811985,0.3961224931,24.88824731
log_det,winequality-red_n100_alpha3,1,16,12,12,9.38372461,17.29829881,0.0781551123,26.76017854
log_det,winequality-red_n100_alpha3,1,16,13,13,9.447121166,18.1718862,0.01475855601,27.63376592
log_det,winequality-red_n100_alpha3,1,16,14,14,9.461879722,22.33397253,0,31.79585225
log_det,winequality-red_n100_alpha3,1,17,0,0,0,0,18.69340041,18.69340041
log_det,winequality-red_n100_alpha3,1,17,1,1,1.099611789,3.119888119,14.80646244,19.02596235
log_det,winequality-red_n100_alpha3,1,17,2,2,2.197651029,3.119888119,15.10586282,20.42340197
log_det,winequality-red_n100_alpha3,1,17,3,3,3.250797627,3.413516543,14.44589702,21.11021118
log_det,winequality-red_n100_alpha3,1,17,4,4,4.286343284,3.750725987,12.30430357,20.34137285
log_det,winequality-red_n100_alpha3,1,17,5,5,5.268274276,5.016046073,10.87265682,21.15697717
log_det,winequality-red_n100_alpha3,1,17,6,6,6.213284178,5.016046073,10.40147483,21.63080508
log_det,winequality-red_n100_alpha3,1,17,7,7,7.080891425,5.512676297,9.078805751,21.67237347
log_det,winequality-red_n100_alpha3,1,17,8,8,7.762661074,8.810851884,6.791678835,23.36519179
log_det,winequality-red_n100_alpha3,1,17,9,9,8.395609312,10.7923839,4.295165971,23.48315918
log_det,winequality-red_n100_alpha3,1,17,10,10,8.853161837,13.53306732,1.36628111,23.75251027
log_det,winequality-red_n100_alpha3,1,17,11,11,9.164004962,15.32811985,0.3961224931,24.88824731
log_det,winequality-red_n100_alpha3,1,17,12,12,9.38372461,17.29829881,0.0781551123,26.76017854
log_det,winequality-red_n100_alpha3,1,17,13,13,9.447121166,18.1718862,0.01475855601,27.63376592
log_det,winequality-red_n100_alpha3,1,17,14,14,9.461879722,22.33397253,0,31.79585225
log_det,winequality-red_n100_alpha3,1,18,0,0,0,0,19.7930122,19.7930122
log_det,winequality-red_n100_alpha3,1,18,1,1,1.099611789,3.119888119,15.44319554,19.66269545
log_det,winequality-red_n100_alpha3,1,18,2,2,2.197651029,3.119888119,15.79083351,21.10837266
log_det,winequality-red_n100_alpha3,1,18,3,3,3.250797627,3.413516543,15.10902653,21.7733407
log_det,winequality-red_n100_alpha3,1,18,4,4,4.286343284,3.750725987,12.81261481,20.84968408
log_det,winequality-red_n100_alpha3,1,18,5,5,5.268274276,5.016046073,11.34132207,21.62564242
log_det,winequality-red_n100_alpha3,1,18,6,6,6.213284178,5.016046073,10.87627561,22.10560586
log_det,winequality-red_n100_alpha3,1,18,7,7,7.080891425,5.512676297,9.453515272,22.04708299
log_det,winequality-red_n100_alpha3,1,18,8,8,7.762661074,8.810851884,7.04152509,23.61503805
log_det,winequality-red_n100_alpha3,1,18,9,9,8.395609312,10.7923839,4.400622033,23.58861524
log_det,winequality-red_n100_alpha3,1,18,10,10,8.853161837,13.53306732,1.36628111,23.75251027
log_det,winequality-red_n100_alpha3,1,18,11,11,9.164004962,15.32811985,0.3961224931,24.88824731
log_det,winequality-red_n100_alpha3,1,18,12,12,9.38372461,17.29829881,0.0781551123,26.76017854
log_det,winequality-red_n100_alpha3,1,18,13,13,9.447121166,18.1718862,0.01475855601,27.63376592
log_det,winequality-red_n100_alpha3,1,18,14,14,9.461879722,22.33397253,0,31.79585225
log_det,winequality-red_n100_alpha3,1,19,0,0,0,0,20.89262399,20.89262399
log_det,winequality-red_n100_alpha3,1,19,1,1,1.099611789,3.119888119,16.06304897,20.28254888
log_det,winequality-red_n100_alpha3,1,19,2,2,2.197651029,3.119888119,16.47357723,21.79111638
log_det,winequality-red_n100_alpha3,1,19,3,3,3.250797627,3.413516543,15.75169241,22.41600658
log_det,winequality-red_n100_alpha3,1,19,4,4,4.286343284,3.750725987,13.30435615,21.34142542
log_det,winequality-red_n100_alpha3,1,19,5,5,5.268274276,5.016046073,11.79922939,22.08354974
log_det,winequality-red_n100_alpha3,1,19,6,6,6.213284178,5.016046073,11.3491572,22.57848745
log_det,winequality-red_n100_alpha3,1,19,7,7,7.080891425,5.512676297,9.814079374,22.4076471
log_det,winequality-red_n100_alpha3,1,19,8,8,7.762661074,8.810851884,7.289044907,23.86255787
log_det,winequality-red_n100_alpha3,1,19,9,9,8.395609312,10.7923839,4.484447658,23.67244087
log_det,winequality-red_n100_alpha3,1,19,10,10,8.853161837,13.53306732,1.36628111,23.75251027
log_det,winequality-red_n100_alpha3,1,19,11,11,9.164004962,15.32811985,0.3961224931,24.88824731
log_det,winequality-red_n100_alpha3,1,19,12,12,9.38372461,17.29829881,0.0781551123,26.76017854
log_det,winequality-red_n100_alpha3,1,19,13,13,9.447121166,18.1718862,0.01475855601,27.63376592
log_det,winequality-red_n100_alpha3,1,19,14,14,9.461879722,22.33397253,0,31.79585225
log_det,winequality-red_n100_alpha3,1,20,0,0,0,0,21.99223578,21.99223578
log_det,winequality-red_n100_alpha3,1,20,1,1,1.099611789,3.119888119,16.68074153,20.90024144
log_det,winequality-red_n100_alpha3,1,20,2,2,2.197651029,3.119888119,17.13961483,22.45715398
log_det,winequality-red_n100_alpha3,1,20,3,3,3.250797627,3.413516543,16.3740641,23.03837827
log_det,winequality-red_n100_alpha3,1,20,4,4,4.286343284,3.750725987,13.79127846,21.82834773
log_det,winequality-red_n100_alpha3,1,20,5,5,5.268274276,5.016046073,12.25028592,22.53460627
log_det,winequality-red_n100_alpha3,1,20,6,6,6.213284178,5.016046073,11.81183931,23.04116956
log_det,winequality-red_n100_alpha3,1,20,7,7,7.080891425,5.512676297,10.16457584,22.75814356
log_det,winequality-red_n100_alpha3,1,20,8,8,7.762661074,8.810851884,7.516131373,24.08964433
log_det,winequality-red_n100_alpha3,1,20,9,9,8.395609312,10.7923839,4.565799234,23.75379244
log_det,winequality-red_n100_alpha3,1,20,10,10,8.853161837,13.53306732,1.36628111,23.75251027
log_det,winequality-red_n100_alpha3,1,20,11,11,9.164004962,15.32811985,0.3961224931,24.88824731
log_det,winequality-red_n100_alpha3,1,20,12,12,9.38372461,17.29829881,0.0781551123,26.76017854
log_det,winequality-red_n100_alpha3,1,20,13,13,9.447121166,18.1718862,0.01475855601,27.63376592
log_det,winequality-red_n100_alpha3,1,20,14,14,9.461879722,22.33397253,0,31.79585225
log_det,winequality-red_n100_alpha3,1,21,0,0,0,0,23.09184757,23.09184757
log_det,winequality-red_n100_alpha3,1,21,1,1,1.099611789,3.119888119,17.29598547,21.51548537
log_det,winequality-red_n100_alpha3,1,21,2,2,2.197651029,3.119888119,17.77295224,23.09049139
log_det,winequality-red_n100_alpha3,1,21,3,3,3.250797627,3.413516543,16.99134235,23.65565652
log_det,winequality-red_n100_alpha3,1,21,4,4,4.286343284,3.750725987,14.26180919,22.29887846
log_det,winequality-red_n100_alpha3,1,21,5,5,5.268274276,5.016046073,12.70088651,22.98520686
log_det,winequality-red_n100_alpha3,1,21,6,6,6.213284178,5.016046073,12.25670005,23.4860303
log_det,winequality-red_n100_alpha3,1,21,7,7,7.080891425,5.512676297,10.50978579,23.10335352
log_det,winequality-red_n100_alpha3,1,21,8,8,7.762661074,8.810851884,7.728440087,24.30195304
log_det,winequality-red_n100_alpha3,1,21,9,9,8.395609312,10.7923839,4.64576475,23.83375796
log_det,winequality-red_n100_alpha3,1,21,10,10,8.853161837,13.53306732,1.36628111,23.75251027
log_det,winequality-red_n100_alpha3,1,21,11,11,9.164004962,15.32811985,0.3961224931,24.88824731
log_det,winequality-red_n100_alpha3,1,21,12,12,9.38372461,17.29829881,0.0781551123,26.76017854
log_det,winequality-red_n100_alpha3,1,21,13,13,9.447121166,18.1718862,0.01475855601,27.63376592
log_det,winequality-red_n100_alpha3,1,21,14,14,9.461879722,22.33397253,0,31.79585225
log_det,winequality-red_n100_alpha3,1,22,0,0,0,0,24.19145936,24.19145936
log_det,winequality-red_n100_alpha3,1,22,1,1,1.099611789,3.119888119,17.86899833,22.08849824
log_det,winequality-red_n100_alpha3,1,22,2,2,2.197651029,3.119888119,18.39666137,23.71420051
log_det,winequality-red_n100_alpha3,1,22,3,3,3.250797627,3.413516543,17.57407364,24.23838781
log_det,winequality-red_n100_alpha3,1,22,4,4,4.286343284,3.750725987,14.72817935,22.76524862
log_det,winequality-red_n100_alpha3,1,22,5,5,5.268274276,5.016046073,13.15123748,23.43555783
log_det,winequality-red_n100_alpha3,1,22,6,6,6.213284178,5.016046073,12.69694691,23.92627716
log_det,winequality-red_n100_alpha3,1,22,7,7,7.080891425,5.512676297,10.85095856,23.44452628
log_det,winequality-red_n100_alpha3,1,22,8,8,7.762661074,8.810851884,7.93478785,24.50830081
log_det,winequality-red_n100_alpha3,1,22,9,9,8.395609312,10.7923839,4.714231457,23.90222466
log_det,winequality-red_n100_alpha3,1,22,10,10,8.853161837,13.53306732,1.36628111,23.75251027
log_det,winequality-red_n100_alpha3,1,22,11,11,9.164004962,15.32811985,0.3961224931,24.88824731
log_det,winequality-red_n100_alpha3,1,22,12,12,9.38372461,17.29829881,0.0781551123,26.76017854
log_det,winequality-red_n100_alpha3,1,22,13,13,9.447121166,18.1718862,0.01475855601,27.63376592
log_det,winequality-red_n100_alpha3,1,22,14,14,9.461879722,22.33397253,0,31.79585225
log_det,winequality-red_n100_alpha3,1,23,0,0,0,0,25.29107115,25.29107115
log_det,winequality-red_n100_alpha3,1,23,1,1,1.099611789,3.119888119,18.41525038,22.63475028
log_det,winequality-red_n100_alpha3,1,23,2,2,2.197651029,3.119888119,19.01041529,24.32795444
log_det,winequality-red_n100_alpha3,1,23,3,3,3.250797627,3.413516543,18.1459823,24.81029647
log_det,winequality-red_n100_alpha3,1,23,4,4,4.286343284,3.750725987,15.17717038,23.21423966
log_det,winequality-red_n100_alpha3,1,23,5,5,5.268274276,5.016046073,13.59986743,23.88418778
log_det,winequality-red_n100_alpha3,1,23,6,6,6.213284178,5.016046073,13.1312588,24.36058905
log_det,winequality-red_n100_alpha3,1,23,7,7,7.080891425,5.512676297,11.19045227,23.78401999
log_det,winequality-red_n100_alpha3,1,23,8,8,7.762661074,8.810851884,8.136123587,24.70963655
log_det,winequality-red_n100_alpha3,1,23,9,9,8.395609312,10.7923839,4.770841684,23.95883489
log_det,winequality-red_n100_alpha3,1,23,10,10,8.853161837,13.53306732,1.36628111,23.75251027
log_det,winequality-red_n100_alpha3,1,23,11,11,9.164004962,15.32811985,0.3961224931,24.88824731
log_det,winequality-red_n100_alpha3,1,23,12,12,9.38372461,17.29829881,0.0781551123,26.76017854
log_det,winequality-red_n100_alpha3,1,23,13,13,9.447121166,18.1718862,0.01475855601,27.63376592
log_det,winequality-red_n100_alpha3,1,23,14,14,9.461879722,22.33397253,0,31.79585225
log_det,winequality-red_n100_alpha3,1,24,0,0,0,0,26.39068294,26.39068294
log_det,winequality-red_n100_alpha3,1,24,1,1,1.099611789,3.119888119,18.94446671,23.16396662
log_det,winequality-red_n100_alpha3,1,24,2,2,2.197651029,3.119888119,19.59695941,24.91449856
log_det,winequality-red_n100_alpha3,1,24,3,3,3.250797627,3.413516543,18.68230991,25.34662408
log_det,winequality-red_n100_alpha3,1,24,4,4,4.286343284,3.750725987,15.6189214,23.65599067
log_det,winequality-red_n100_alpha3,1,24,5,5,5.268274276,5.016046073,14.0175322,24.30185255
log_det,winequality-red_n100_alpha3,1,24,6,6,6.213284178,5.016046073,13.55557657,24.78490682
log_det,winequality-red_n100_alpha3,1,24,7,7,7.080891425,5.512676297,11.52648662,24.12005434
log_det,winequality-red_n100_alpha3,1,24,8,8,7.762661074,8.810851884,8.309012977,24.88252593
log_det,winequality-red_n100_alpha3,1,24,9,9,8.395609312,10.7923839,4.810411581,23.99840479
log_det,winequality-red_n100_alpha3,1,24,10,10,8.853161837,13.53306732,1.36628111,23.75251027
log_det,winequality-red_n100_alpha3,1,24,11,11,9.164004962,15.32811985,0.3961224931,24.88824731
log_det,winequality-red_n100_alpha3,1,24,12,12,9.38372461,17.29829881,0.0781551123,26.76017854
log_det,winequality-red_n100_alpha3,1,24,13,13,9.447121166,18.1718862,0.01475855601,27.63376592
log_det,winequality-red_n100_alpha3,1,24,14,14,9.461879722,22.33397253,0,31.79585225
log_det,winequality-red_n100_alpha3,1,25,0,0,0,0,27.49029473,27.49029473
log_det,winequality-red_n100_alpha3,1,25,1,1,1.099611789,3.119888119,19.43758381,23.65708372
log_det,winequality-red_n100_alpha3,1,25,2,2,2.197651029,3.119888119,20.16983772,25.48737687
log_det,winequality-red_n100_alpha3,1,25,3,3,3.250797627,3.413516543,19.20516143,25.86947559
log_det,winequality-red_n100_alpha3,1,25,4,4,4.286343284,3.750725987,16.03610537,24.07317464
log_det,winequality-red_n100_alpha3,1,25,5,5,5.268274276,5.016046073,14.41969102,24.70401136
log_det,winequality-red_n100_alpha3,1,25,6,6,6.213284178,5.016046073,13.96673015,25.19606041
log_det,winequality-red_n100_alpha3,1,25,7,7,7.080891425,5.512676297,11.85093759,24.44450531
log_det,winequality-red_n100_alpha3,1,25,8,8,7.762661074,8.810851884,8.459702063,25.03321502
log_det,winequality-red_n100_alpha3,1,25,9,9,8.395609312,10.7923839,4.842946697,24.0309399
log_det,winequality-red_n100_alpha3,1,25,10,10,8.853161837,13.53306732,1.36628111,23.75251027
log_det,winequality-red_n100_alpha3,1,25,11,11,9.164004962,15.32811985,0.3961224931,24.88824731
log_det,winequality-red_n100_alpha3,1,25,12,12,9.38372461,17.29829881,0.0781551123,26.76017854
log_det,winequality-red_n100_alpha3,1,25,13,13,9.447121166,18.1718862,0.01475855601,27.63376592
log_det,winequality-red_n100_alpha3,1,25,14,14,9.461879722,22.33397253,0,31.79585225
log_det,winequality-red_n100_alpha3,1,26,0,0,0,0,28.58990651,28.58990651
log_det,winequality-red_n100_alpha3,1,26,1,1,1.099611789,3.119888119,19.92588394,24.14538384
log_det,winequality-red_n100_alpha3,1,26,2,2,2.197651029,3.119888119,20.71594778,26.03348693
log_det,winequality-red_n100_alpha3,1,26,3,3,3.250797627,3.413516543,19.71385136,26.37816553
log_det,winequality-red_n100_alpha3,1,26,4,4,4.286343284,3.750725987,16.45055576,24.48762503
log_det,winequality-red_n100_alpha3,1,26,5,5,5.268274276,5.016046073,14.81561604,25.09993639
log_det,winequality-red_n100_alpha3,1,26,6,6,6.213284178,5.016046073,14.36931177,25.59864202
log_det,winequality-red_n100_alpha3,1,26,7,7,7.080891425,5.512676297,12.1306404,24.72420813
log_det,winequality-red_n100_alpha3,1,26,8,8,7.762661074,8.810851884,8.605988633,25.17950159
log_det,winequality-red_n100_alpha3,1,26,9,9,8.395609312,10.7923839,4.873697942,24.06169115
log_det,winequality-red_n100_alpha3,1,26,10,10,8.853161837,13.53306732,1.36628111,23.75251027
log_det,winequality-red_n100_alpha3,1,26,11,11,9.164004962,15.32811985,0.3961224931,24.88824731
log_det,winequality-red_n100_alpha3,1,26,12,12,9.38372461,17.29829881,0.0781551123,26.76017854
log_det,winequality-red_n100_alpha3,1,26,13,13,9.447121166,18.1718862,0.01475855601,27.63376592
log_det,winequality-red_n100_alpha3,1,26,14,14,9.461879722,22.33397253,0,31.79585225
log_det,winequality-red_n100_alpha3,1,27,0,0,0,0,29.6895183,29.6895183
log_det,winequality-red_n100_alpha3,1,27,1,1,1.099611789,3.119888119,20.40127724,24.62077715
log_det,winequality-red_n100_alpha3,1,27,2,2,2.197651029,3.119888119,21.2451567,26.56269585
log_det,winequality-red_n100_alpha3,1,27,3,3,3.250797627,3.413516543,20.21630839,26.88062256
log_det,winequality-red_n100_alpha3,1,27,4,4,4.286343284,3.750725987,16.83993659,24.87700586
log_det,winequality-red_n100_alpha3,1,27,5,5,5.268274276,5.016046073,15.20987511,25.49419546
log_det,winequality-red_n100_alpha3,1,27,6,6,6.213284178,5.016046073,14.76649117,25.99582142
log_det,winequality-red_n100_alpha3,1,27,7,7,7.080891425,5.512676297,12.39329214,24.98685986
log_det,winequality-red_n100_alpha3,1,27,8,8,7.762661074,8.810851884,8.732805897,25.30631885
log_det,winequality-red_n100_alpha3,1,27,9,9,8.395609312,10.7923839,4.881440255,24.06943346
log_det,winequality-red_n100_alpha3,1,27,10,10,8.853161837,13.53306732,1.36628111,23.75251027
log_det,winequality-red_n100_alpha3,1,27,11,11,9.164004962,15.32811985,0.3961224931,24.88824731
log_det,winequality-red_n100_alpha3,1,27,12,12,9.38372461,17.29829881,0.0781551123,26.76017854
log_det,winequality-red_n100_alpha3,1,27,13,13,9.447121166,18.1718862,0.01475855601,27.63376592
log_det,winequality-red_n100_alpha3,1,27,14,14,9.461879722,22.33397253,0,31.79585225
log_det,winequality-red_n100_alpha3,1,28,0,0,0,0,30.78913009,30.78913009
log_det,winequality-red_n100_alpha3,1,28,1,1,1.099611789,3.119888119,20.86373631,25.08323622
log_det,winequality-red_n100_alpha3,1,28,2,2,2.197651029,3.119888119,21.77016916,27.08770831
log_det,winequality-red_n100_alpha3,1,28,3,3,3.250797627,3.413516543,20.70356284,27.36787701
log_det,winequality-red_n100_alpha3,1,28,4,4,4.286343284,3.750725987,17.2069061,25.24397537
log_det,winequality-red_n100_alpha3,1,28,5,5,5.268274276,5.016046073,15.59924046,25.88356081
log_det,winequality-red_n100_alpha3,1,28,6,6,6.213284178,5.016046073,15.15984948,26.38917973
log_det,winequality-red_n100_alpha3,1,28,7,7,7.080891425,5.512676297,12.6540524,25.24762013
log_det,winequality-red_n100_alpha3,1,28,8,8,7.762661074,8.810851884,8.842655053,25.41616801
log_det,winequality-red_n100_alpha3,1,28,9,9,8.395609312,10.7923839,4.887324363,24.07531757
log_det,winequality-red_n100_alpha3,1,28,10,10,8.853161837,13.53306732,1.36628111,23.75251027
log_det,winequality-red_n100_alpha3,1,28,11,11,9.164004962,15.32811985,0.3961224931,24.88824731
log_det,winequality-red_n100_alpha3,1,28,12,12,9.38372461,17.29829881,0.0781551123,26.76017854
log_det,winequality-red_n100_alpha3,1,28,13,13,9.447121166,18.1718862,0.01475855601,27.63376592
log_det,winequality-red_n100_alpha3,1,28,14,14,9.461879722,22.33397253,0,31.79585225
log_det,winequality-red_n100_alpha3,1,29,0,0,0,0,31.88874188,31.88874188
log_det,winequality-red_n100_alpha3,1,29,1,1,1.099611789,3.119888119,21.32176969,25.54126959
log_det,winequality-red_n100_alpha3,1,29,2,2,2.197651029,3.119888119,22.27529378,27.59283292
log_det,winequality-red_n100_alpha3,1,29,3,3,3.250797627,3.413516543,21.1866258,27.85093997
log_det,winequality-red_n100_alpha3,1,29,4,4,4.286343284,3.750725987,17.54194277,25.57901205
log_det,winequality-red_n100_alpha3,1,29,5,5,5.268274276,5.016046073,15.98609343,26.27041377
log_det,winequality-red_n100_alpha3,1,29,6,6,6.213284178,5.016046073,15.55065673,26.77998698
log_det,winequality-red_n100_alpha3,1,29,7,7,7.080891425,5.512676297,12.91231813,25.50588586
log_det,winequality-red_n100_alpha3,1,29,8,8,7.762661074,8.810851884,8.943666505,25.51717946
log_det,winequality-red_n100_alpha3,1,29,9,9,8.395609312,10.7923839,4.890356323,24.07834953
log_det,winequality-red_n100_alpha3,1,29,10,10,8.853161837,13.53306732,1.36628111,23.75251027
log_det,winequality-red_n100_alpha3,1,29,11,11,9.164004962,15.32811985,0.3961224931,24.88824731
log_det,winequality-red_n100_alpha3,1,29,12,12,9.38372461,17.29829881,0.0781551123,26.76017854
log_det,winequality-red_n100_alpha3,1,29,13,13,9.447121166,18.1718862,0.01475855601,27.63376592
log_det,winequality-red_n100_alpha3,1,29,14,14,9.461879722,22.33397253,0,31.79585225
log_det,winequality-red_n100_alpha3,1,30,0,0,0,0,32.98835367,32.98835367
log_det,winequality-red_n100_alpha3,1,30,1,1,1.099611789,3.119888119,21.65314437,25.87264428
log_det,winequality-red_n100_alpha3,1,30,2,2,2.197651029,3.119888119,22.76824434,28.08578349
log_det,winequality-red_n100_alpha3,1,30,3,3,3.250797627,3.413516543,21.66107663,28.32539079
log_det,winequality-red_n100_alpha3,1,30,4,4,4.286343284,3.750725987,17.87361503,25.9106843
log_det,winequality-red_n100_alpha3,1,30,5,5,5.268274276,5.016046073,16.34886088,26.63318123
log_det,winequality-red_n100_alpha3,1,30,6,6,6.213284178,5.016046073,15.90964158,27.13897183
log_det,winequality-red_n100_alpha3,1,30,7,7,7.080891425,5.512676297,13.1610301,25.75459782
log_det,winequality-red_n100_alpha3,1,30,8,8,7.762661074,8.810851884,9.040744442,25.6142574
log_det,winequality-red_n100_alpha3,1,30,9,9,8.395609312,10.7923839,4.892852642,24.08084585
log_det,winequality-red_n100_alpha3,1,30,10,10,8.853161837,13.53306732,1.36628111,23.75251027
log_det,winequality-red_n100_alpha3,1,30,11,11,9.164004962,15.32811985,0.3961224931,24.88824731
log_det,winequality-red_n100_alpha3,1,30,12,12,9.38372461,17.29829881,0.0781551123,26.76017854
log_det,winequality-red_n100_alpha3,1,30,13,13,9.447121166,18.1718862,0.01475855601,27.63376592
log_det,winequality-red_n100_alpha3,1,30,14,14,9.461879722,22.33397253,0,31.79585225
log_det,winequality-red_n100_alpha3,1,31,0,0,0,0,34.08796546,34.08796546
log_det,winequality-red_n100_alpha3,1,31,1,1,1.099611789,3.119888119,21.97610763,26.19560754
log_det,winequality-red_n100_alpha3,1,31,2,2,2.197651029,3.119888119,23.25653164,28.57407079
log_det,winequality-red_n100_alpha3,1,31,3,3,3.250797627,3.413516543,22.11887788,28.78319205
log_det,winequality-red_n100_alpha3,1,31,4,4,4.286343284,3.750725987,18.14364008,26.18070935
log_det,winequality-red_n100_alpha3,1,31,5,5,5.268274276,5.016046073,16.66127013,26.94559048
log_det,winequality-red_n100_alpha3,1,31,6,6,6.213284178,5.016046073,16.268408,27.49773825
log_det,winequality-red_n100_alpha3,1,31,7,7,7.080891425,5.512676297,13.38875813,25.98232585
log_det,winequality-red_n100_alpha3,1,31,8,8,7.762661074,8.810851884,9.132534365,25.70604732
log_det,winequality-red_n100_alpha3,1,31,9,9,8.395609312,10.7923839,4.892852642,24.08084585
log_det,winequality-red_n100_alpha3,1,31,10,10,8.853161837,13.53306732,1.36628111,23.75251027
log_det,winequality-red_n100_alpha3,1,31,11,11,9.164004962,15.32811985,0.3961224931,24.88824731
log_det,winequality-red_n100_alpha3,1,31,12,12,9.38372461,17.29829881,0.0781551123,26.76017854
log_det,winequality-red_n100_alpha3,1,31,13,13,9.447121166,18.1718862,0.01475855601,27.63376592
log_det,winequality-red_n100_alpha3,1,31,14,14,9.461879722,22.33397253,0,31.79585225
log_det,winequality-red_n100_alpha3,1,32,0,0,0,0,35.18757725,35.18757725
log_det,winequality-red_n100_alpha3,1,32,1,1,1.099611789,3.119888119,22.24502301,26.46452292
log_det,winequality-red_n100_alpha3,1,32,2,2,2.197651029,3.119888119,23.73188555,29.04942469
log_det,winequality-red_n100_alpha3,1,32,3,3,3.250797627,3.413516543,22.46913799,29.13345216
log_det,winequality-red_n100_alpha3,1,32,4,4,4.286343284,3.750725987,18.41201623,26.4490855
log_det,winequality-red_n100_alpha3,1,32,5,5,5.268274276,5.016046073,16.963377,27.24769735
log_det,winequality-red_n100_alpha3,1,32,6,6,6.213284178,5.016046073,16.58915083,27.81848108
log_det,winequality-red_n100_alpha3,1,32,7,7,7.080891425,5.512676297,13.61215179,26.20571951
log_det,winequality-red_n100_alpha3,1,32,8,8,7.762661074,8.810851884,9.218515762,25.79202872
log_det,winequality-red_n100_alpha3,1,32,9,9,8.395609312,10.7923839,4.892852642,24.08084585
log_det,winequality-red_n100_alpha3,1,32,10,10,8.853161837,13.53306732,1.36628111,23.75251027
log_det,winequality-red_n100_alpha3,1,32,11,11,9.164004962,15.32811985,0.3961224931,24.88824731
log_det,winequality-red_n100_alpha3,1,32,12,12,9.38372461,17.29829881,0.0781551123,26.76017854
log_det,winequality-red_n100_alpha3,1,32,13,13,9.447121166,18.1718862,0.01475855601,27.63376592
log_det,winequality-red_n100_alpha3,1,32,14,14,9.461879722,22.33397253,0,31.79585225
log_det,winequality-red_n100_alpha3,1,33,0,0,0,0,35.85686898,35.85686898
log_det,winequality-red_n100_alpha3,1,33,1,1,1.099611789,3.119888119,22.49780895,26.71730885
log_det,winequality-red_n100_alpha3,1,33,2,2,2.197651029,3.119888119,24.19299267,29.51053181
log_det,winequality-red_n100_alpha3,1,33,3,3,3.250797627,3.413516543,22.79049357,29.45480774
log_det,winequality-red_n100_alpha3,1,33,4,4,4.286343284,3.750725987,18.67890522,26.71597449
log_det,winequality-red_n100_alpha3,1,33,5,5,5.268274276,5.016046073,17.26061321,27.54493356
log_det,winequality-red_n100_alpha3,1,33,6,6,6.213284178,5.016046073,16.88988718,28.11921743
log_det,winequality-red_n100_alpha3,1,33,7,7,7.080891425,5.512676297,13.83024095,26.42380867
log_det,winequality-red_n100_alpha3,1,33,8,8,7.762661074,8.810851884,9.300417716,25.87393067
log_det,winequality-red_n100_alpha3,1,33,9,9,8.395609312,10.7923839,4.892852642,24.08084585
log_det,winequality-red_n100_alpha3,1,33,10,10,8.853161837,13.53306732,1.36628111,23.75251027
log_det,winequality-red_n100_alpha3,1,33,11,11,9.164004962,15.32811985,0.3961224931,24.88824731
log_det,winequality-red_n100_alpha3,1,33,12,12,9.38372461,17.29829881,0.0781551123,26.76017854
log_det,winequality-red_n100_alpha3,1,33,13,13,9.447121166,18.1718862,0.01475855601,27.63376592
log_det,winequality-red_n100_alpha3,1,33,14,14,9.461879722,22.33397253,0,31.79585225
log_det,winequality-red_n100_alpha3,1,34,0,0,0,0,35.85686898,35.85686898
log_det,winequality-red_n100_alpha3,1,34,1,1,1.099611789,3.119888119,22.74559383,26.96509373
log_det,winequality-red_n100_alpha3,1,34,2,2,2.197651029,3.119888119,24.54332231,29.86086146
log_det,winequality-red_n100_alpha3,1,34,3,3,3.250797627,3.413516543,23.05913697,29.72345114
log_det,winequality-red_n100_alpha3,1,34,4,4,4.286343284,3.750725987,18.90614046,26.94320973
log_det,winequality-red_n100_alpha3,1,34,5,5,5.268274276,5.016046073,17.53023556,27.81455591
log_det,winequality-red_n100_alpha3,1,34,6,6,6.213284178,5.016046073,17.16250783,28.39183808
log_det,winequality-red_n100_alpha3,1,34,7,7,7.080891425,5.512676297,14.04437825,26.63794597
log_det,winequality-red_n100_alpha3,1,34,8,8,7.762661074,8.810851884,9.377969878,25.95148284
log_det,winequality-red_n100_alpha3,1,34,9,9,8.395609312,10.7923839,4.892852642,24.08084585
log_det,winequality-red_n100_alpha3,1,34,10,10,8.853161837,13.53306732,1.36628111,23.75251027
log_det,winequality-red_n100_alpha3,1,34,11,11,9.164004962,15.32811985,0.3961224931,24.88824731
log_det,winequality-red_n100_alpha3,1,34,12,12,9.38372461,17.29829881,0.0781551123,26.76017854
log_det,winequality-red_n100_alpha3,1,34,13,13,9.447121166,18.1718862,0.01475855601,27.63376592
log_det,winequality-red_n100_alpha3,1,34,14,14,9.461879722,22.33397253,0,31.79585225
log_det,winequality-red_n100_alpha3,1,35,0,0,0,0,35.85686898,35.85686898
log_det,winequality-red_n100_alpha3,1,35,1,1,1.099611789,3.119888119,22.98779587,27.20729578
log_det,winequality-red_n100_alpha3,1,35,2,2,2.197651029,3.119888119,24.86486813,30.18240728
log_det,winequality-red_n100_alpha3,1,35,3,3,3.250797627,3.413516543,23.31627751,29.98059168
log_det,winequality-red_n100_alpha3,1,35,4,4,4.286343284,3.750725987,19.12530473,27.162374
log_det,winequality-red_n100_alpha3,1,35,5,5,5.268274276,5.016046073,17.79584626,28.08016661
log_det,winequality-red_n100_alpha3,1,35,6,6,6.213284178,5.016046073,17.42296986,28.65230011
log_det,winequality-red_n100_alpha3,1,35,7,7,7.080891425,5.512676297,14.2525434,26.84611112
log_det,winequality-red_n100_alpha3,1,35,8,8,7.762661074,8.810851884,9.424723031,25.99823599
log_det,winequality-red_n100_alpha3,1,35,9,9,8.395609312,10.7923839,4.892852642,24.08084585
log_det,winequality-red_n100_alpha3,1,35,10,10,8.853161837,13.53306732,1.36628111,23.75251027
log_det,winequality-red_n100_alpha3,1,35,11,11,9.164004962,15.32811985,0.3961224931,24.88824731
log_det,winequality-red_n100_alpha3,1,35,12,12,9.38372461,17.29829881,0.0781551123,26.76017854
log_det,winequality-red_n100_alpha3,1,35,13,13,9.447121166,18.1718862,0.01475855601,27.63376592
log_det,winequality-red_n100_alpha3,1,35,14,14,9.461879722,22.33397253,0,31.79585225
log_det,winequality-red_n100_alpha3,1,36,0,0,0,0,35.85686898,35.85686898
log_det,winequality-red_n100_alpha3,1,36,1,1,1.099611789,3.119888119,23.22321806,27.44271797
log_det,winequality-red_n100_alpha3,1,36,2,2,2.197651029,3.119888119,25.13749286,30.455032
log_det,winequality-red_n100_alpha3,1,36,3,3,3.250797627,3.413516543,23.56722033,30.2315345
log_det,winequality-red_n100_alpha3,1,36,4,4,4.286343284,3.750725987,19.32935137,27.36642064
log_det,winequality-red_n100_alpha3,1,36,5,5,5.268274276,5.016046073,18.05218675,28.3365071
log_det,winequality-red_n100_alpha3,1,36,6,6,6.213284178,5.016046073,17.67923918,28.90856943
log_det,winequality-red_n100_alpha3,1,36,7,7,7.080891425,5.512676297,14.44907467,27.04264239
log_det,winequality-red_n100_alpha3,1,36,8,8,7.762661074,8.810851884,9.470024728,26.04353769
log_det,winequality-red_n100_alpha3,1,36,9,9,8.395609312,10.7923839,4.892852642,24.08084585
log_det,winequality-red_n100_alpha3,1,36,10,10,8.853161837,13.53306732,1.36628111,23.75251027
log_det,winequality-red_n100_alpha3,1,36,11,11,9.164004962,15.32811985,0.3961224931,24.88824731
log_det,winequality-red_n100_alpha3,1,36,12,12,9.38372461,17.29829881,0.0781551123,26.76017854
log_det,winequality-red_n100_alpha3,1,36,13,13,9.447121166,18.1718862,0.01475855601,27.63376592
log_det,winequality-red_n100_alpha3,1,36,14,14,9.461879722,22.33397253,0,31.79585225
log_det,winequality-red_n100_alpha3,1,37,0,0,0,0,35.85686898,35.85686898
log_det,winequality-red_n100_alpha3,1,37,1,1,1.099611789,3.119888119,23.43486102,27.65436093
log_det,winequality-red_n100_alpha3,1,37,2,2,2.197651029,3.119888119,25.406407,30.72394615
log_det,winequality-red_n100_alpha3,1,37,3,3,3.250797627,3.413516543,23.80209959,30.46641376
log_det,winequality-red_n100_alpha3,1,37,4,4,4.286343284,3.750725987,19.51466164,27.55173091
log_det,winequality-red_n100_alpha3,1,37,5,5,5.268274276,5.016046073,18.3052499,28.58957025
log_det,winequality-red_n100_alpha3,1,37,6,6,6.213284178,5.016046073,17.93402044,29.16335069
log_det,winequality-red_n100_alpha3,1,37,7,7,7.080891425,5.512676297,14.63799442,27.23156214
log_det,winequality-red_n100_alpha3,1,37,8,8,7.762661074,8.810851884,9.514013276,26.08752623
log_det,winequality-red_n100_alpha3,1,37,9,9,8.395609312,10.7923839,4.892852642,24.08084585
log_det,winequality-red_n100_alpha3,1,37,10,10,8.853161837,13.53306732,1.36628111,23.75251027
log_det,winequality-red_n100_alpha3,1,37,11,11,9.164004962,15.32811985,0.3961224931,24.88824731
log_det,winequality-red_n100_alpha3,1,37,12,12,9.38372461,17.29829881,0.0781551123,26.76017854
log_det,winequality-red_n100_alpha3,1,37,13,13,9.447121166,18.1718862,0.01475855601,27.63376592
log_det,winequality-red_n100_alpha3,1,37,14,14,9.461879722,22.33397253,0,31.79585225
log_det,winequality-red_n100_alpha3,1,38,0,0,0,0,35.85686898,35.85686898
log_det,winequality-red_n100_alpha3,1,38,1,1,1.099611789,3.119888119,23.64363783,27.86313774
log_det,winequality-red_n100_alpha3,1,38,2,2,2.197651029,3.119888119,25.65896092,30.97650006
log_det,winequality-red_n100_alpha3,1,38,3,3,3.250797627,3.413516543,24.01470231,30.67901648
log_det,winequality-red_n100_alpha3,1,38,4,4,4.286343284,3.750725987,19.69086269,27.72793196
log_det,winequality-red_n100_alpha3,1,38,5,5,5.268274276,5.016046073,18.54490743,28.82922778
log_det,winequality-red_n100_alpha3,1,38,6,6,6.213284178,5.016046073,18.185979,29.41530925
log_det,winequality-red_n100_alpha3,1,38,7,7,7.080891425,5.512676297,14.81302245,27.40659018
log_det,winequality-red_n100_alpha3,1,38,8,8,7.762661074,8.810851884,9.552847729,26.12636069
log_det,winequality-red_n100_alpha3,1,38,9,9,8.395609312,10.7923839,4.892852642,24.08084585
log_det,winequality-red_n100_alpha3,1,38,10,10,8.853161837,13.53306732,1.36628111,23.75251027
log_det,winequality-red_n100_alpha3,1,38,11,11,9.164004962,15.32811985,0.3961224931,24.88824731
log_det,winequality-red_n100_alpha3,1,38,12,12,9.38372461,17.29829881,0.0781551123,26.76017854
log_det,winequality-red_n100_alpha3,1,38,13,13,9.447121166,18.1718862,0.01475855601,27.63376592
log_det,winequality-red_n100_alpha3,1,38,14,14,9.461879722,22.33397253,0,31.79585225
log_det,winequality-red_n100_alpha3,1,39,0,0,0,0,35.85686898,35.85686898
log_det,winequality-red_n100_alpha3,1,39,1,1,1.099611789,3.119888119,23.82980259,28.0493025
log_det,winequality-red_n100_alpha3,1,39,2,2,2.197651029,3.119888119,25.90674555,31.22428469
log_det,winequality-red_n100_alpha3,1,39,3,3,3.250797627,3.413516543,24.19268074,30.85699491
log_det,winequality-red_n100_alpha3,1,39,4,4,4.286343284,3.750725987,19.85904906,27.89611834
log_det,winequality-red_n100_alpha3,1,39,5,5,5.268274276,5.016046073,18.76280446,29.04712481
log_det,winequality-red_n100_alpha3,1,39,6,6,6.213284178,5.016046073,18.43005156,29.65938181
log_det,winequality-red_n100_alpha3,1,39,7,7,7.080891425,5.512676297,14.9873124,27.58088012
log_det,winequality-red_n100_alpha3,1,39,8,8,7.762661074,8.810851884,9.577974387,26.15148734
log_det,winequality-red_n100_alpha3,1,39,9,9,8.395609312,10.7923839,4.892852642,24.08084585
log_det,winequality-red_n100_alpha3,1,39,10,10,8.853161837,13.53306732,1.36628111,23.75251027
log_det,winequality-red_n100_alpha3,1,39,11,11,9.164004962,15.32811985,0.3961224931,24.88824731
log_det,winequality-red_n100_alpha3,1,39,12,12,9.38372461,17.29829881,0.0781551123,26.76017854
log_det,winequality-red_n100_alpha3,1,39,13,13,9.447121166,18.1718862,0.01475855601,27.63376592
log_det,winequality-red_n100_alpha3,1,39,14,14,9.461879722,22.33397253,0,31.79585225
log_det,winequality-red_n100_alpha3,1,40,0,0,0,0,35.85686898,35.85686898
log_det,winequality-red_n100_alpha3,1,40,1,1,1.099611789,3.119888119,24.00868375,28.22818366
log_det,winequality-red_n100_alpha3,1,40,2,2,2.197651029,3.119888119,26.14210454,31.45964369
log_det,winequality-red_n100_alpha3,1,40,3,3,3.250797627,3.413516543,24.35627039,31.02058456
log_det,winequality-red_n100_alpha3,1,40,4,4,4.286343284,3.750725987,20.02084989,28.05791916
log_det,winequality-red_n100_alpha3,1,40,5,5,5.268274276,5.016046073,18.97895071,29.26327106
log_det,winequality-red_n100_alpha3,1,40,6,6,6.213284178,5.016046073,18.64378336,29.87311361
log_det,winequality-red_n100_alpha3,1,40,7,7,7.080891425,5.512676297,15.15859671,27.75216443
log_det,winequality-red_n100_alpha3,1,40,8,8,7.762661074,8.810851884,9.592807779,26.16632074
log_det,winequality-red_n100_alpha3,1,40,9,9,8.395609312,10.7923839,4.892852642,24.08084585
log_det,winequality-red_n100_alpha3,1,40,10,10,8.853161837,13.53306732,1.36628111,23.75251027
log_det,winequality-red_n100_alpha3,1,40,11,11,9.164004962,15.32811985,0.3961224931,24.88824731
log_det,winequality-red_n100_alpha3,1,40,12,12,9.38372461,17.29829881,0.0781551123,26.76017854
log_det,winequality-red_n100_alpha3,1,40,13,13,9.447121166,18.1718862,0.01475855601,27.63376592
log_det,winequality-red_n100_alpha3,1,40,14,14,9.461879722,22.33397253,0,31.79585225
log_det,winequality-red_n100_alpha3,1,41,0,0,0,0,35.85686898,35.85686898
log_det,winequality-red_n100_alpha3,1,41,1,1,1.099611789,3.119888119,24.13681896,28.35631887
log_det,winequality-red_n100_alpha3,1,41,2,2,2.197651029,3.119888119,26.3209496,31.63848875
log_det,winequality-red_n100_alpha3,1,41,3,3,3.250797627,3.413516543,24.48365657,31.14797074
log_det,winequality-red_n100_alpha3,1,41,4,4,4.286343284,3.750725987,20.16608556,28.20315483
log_det,winequality-red_n100_alpha3,1,41,5,5,5.268274276,5.016046073,19.18131608,29.46563643
log_det,winequality-red_n100_alpha3,1,41,6,6,6.213284178,5.016046073,18.85522554,30.08455579
log_det,winequality-red_n100_alpha3,1,41,7,7,7.080891425,5.512676297,15.31698736,27.91055509
log_det,winequality-red_n100_alpha3,1,41,8,8,7.762661074,8.810851884,9.592807779,26.16632074
log_det,winequality-red_n100_alpha3,1,41,9,9,8.395609312,10.7923839,4.892852642,24.08084585
log_det,winequality-red_n100_alpha3,1,41,10,10,8.853161837,13.53306732,1.36628111,23.75251027
log_det,winequality-red_n100_alpha3,1,41,11,11,9.164004962,15.32811985,0.3961224931,24.88824731
log_det,winequality-red_n100_alpha3,1,41,12,12,9.38372461,17.29829881,0.0781551123,26.76017854
log_det,winequality-red_n100_alpha3,1,41,13,13,9.447121166,18.1718862,0.01475855601,27.63376592
log_det,winequality-red_n100_alpha3,1,41,14,14,9.461879722,22.33397253,0,31.79585225
log_det,winequality-red_n100_alpha3,1,42,0,0,0,0,35.85686898,35.85686898
log_det,winequality-red_n100_alpha3,1,42,1,1,1.099611789,3.119888119,24.24155823,28.46105813
log_det,winequality-red_n100_alpha3,1,42,2,2,2.197651029,3.119888119,26.44901724,31.76655639
log_det,winequality-red_n100_alpha3,1,42,3,3,3.250797627,3.413516543,24.58461932,31.24893349
log_det,winequality-red_n100_alpha3,1,42,4,4,4.286343284,3.750725987,20.29337064,28.33043991
log_det,winequality-red_n100_alpha3,1,42,5,5,5.268274276,5.016046073,19.37998831,29.66430866
log_det,winequality-red_n100_alpha3,1,42,6,6,6.213284178,5.016046073,19.04883643,30.27816668
log_det,winequality-red_n100_alpha3,1,42,7,7,7.080891425,5.512676297,15.46900716,28.06257489
log_det,winequality-red_n100_alpha3,1,42,8,8,7.762661074,8.810851884,9.592807779,26.16632074
log_det,winequality-red_n100_alpha3,1,42,9,9,8.395609312,10.7923839,4.892852642,24.08084585
log_det,winequality-red_n100_alpha3,1,42,10,10,8.853161837,13.53306732,1.36628111,23.75251027
log_det,winequality-red_n100_alpha3,1,42,11,11,9.164004962,15.32811985,0.3961224931,24.88824731
log_det,winequality-red_n100_alpha3,1,42,12,12,9.38372461,17.29829881,0.0781551123,26.76017854
log_det,winequality-red_n100_alpha3,1,42,13,13,9.447121166,18.1718862,0.01475855601,27.63376592
log_det,winequality-red_n100_alpha3,1,42,14,14,9.461879722,22.33397253,0,31.79585225
log_det,winequality-red_n100_alpha3,1,43,0,0,0,0,35.85686898,35.85686898
log_det,winequality-red_n100_alpha3,1,43,1,1,1.099611789,3.119888119,24.34246986,28.56196977
log_det,winequality-red_n100_alpha3,1,43,2,2,2.197651029,3.119888119,26.54999815,31.8675373
log_det,winequality-red_n100_alpha3,1,43,3,3,3.250797627,3.413516543,24.68544855,31.34976272
log_det,winequality-red_n100_alpha3,1,43,4,4,4.286343284,3.750725987,20.41516503,28.4522343
log_det,winequality-red_n100_alpha3,1,43,5,5,5.268274276,5.016046073,19.55741728,29.84173763
log_det,winequality-red_n100_alpha3,1,43,6,6,6.213284178,5.016046073,19.23133926,30.46066951
log_det,winequality-red_n100_alpha3,1,43,7,7,7.080891425,5.512676297,15.6158315,28.20939922
log_det,winequality-red_n100_alpha3,1,43,8,8,7.762661074,8.810851884,9.592807779,26.16632074
log_det,winequality-red_n100_alpha3,1,43,9,9,8.395609312,10.7923839,4.892852642,24.08084585
log_det,winequality-red_n100_alpha3,1,43,10,10,8.853161837,13.53306732,1.36628111,23.75251027
log_det,winequality-red_n100_alpha3,1,43,11,11,9.164004962,15.32811985,0.3961224931,24.88824731
log_det,winequality-red_n100_alpha3,1,43,12,12,9.38372461,17.29829881,0.0781551123,26.76017854
log_det,winequality-red_n100_alpha3,1,43,13,13,9.447121166,18.1718862,0.01475855601,27.63376592
log_det,winequality-red_n100_alpha3,1,43,14,14,9.461879722,22.33397253,0,31.79585225
log_det,winequality-red_n100_alpha3,1,44,0,0,0,0,35.85686898,35.85686898
log_det,winequality-red_n100_alpha3,1,44,1,1,1.099611789,3.119888119,24.42585469,28.6453546
log_det,winequality-red_n100_alpha3,1,44,2,2,2.197651029,3.119888119,26.65090699,31.96844614
log_det,winequality-red_n100_alpha3,1,44,3,3,3.250797627,3.413516543,24.76879737,31.43311154
log_det,winequality-red_n100_alpha3,1,44,4,4,4.286343284,3.750725987,20.52861369,28.56568296
log_det,winequality-red_n100_alpha3,1,44,5,5,5.268274276,5.016046073,19.72183986,30.00616021
log_det,winequality-red_n100_alpha3,1,44,6,6,6.213284178,5.016046073,19.38902112,30.61835137
log_det,winequality-red_n100_alpha3,1,44,7,7,7.080891425,5.512676297,15.72272948,28.3162972
log_det,winequality-red_n100_alpha3,1,44,8,8,7.762661074,8.810851884,9.592807779,26.16632074
log_det,winequality-red_n100_alpha3,1,44,9,9,8.395609312,10.7923839,4.892852642,24.08084585
log_det,winequality-red_n100_alpha3,1,44,10,10,8.853161837,13.53306732,1.36628111,23.75251027
log_det,winequality-red_n100_alpha3,1,44,11,11,9.164004962,15.32811985,0.3961224931,24.88824731
log_det,winequality-red_n100_alpha3,1,44,12,12,9.38372461,17.29829881,0.0781551123,26.76017854
log_det,winequality-red_n100_alpha3,1,44,13,13,9.447121166,18.1718862,0.01475855601,27.63376592
log_det,winequality-red_n100_alpha3,1,44,14,14,9.461879722,22.33397253,0,31.79585225
log_det,winequality-red_n100_alpha3,1,45,0,0,0,0,35.85686898,35.85686898
log_det,winequality-red_n100_alpha3,1,45,1,1,1.099611789,3.119888119,24.50481376,28.72431366
log_det,winequality-red_n100_alpha3,1,45,2,2,2.197651029,3.119888119,26.73428904,32.05182818
log_det,winequality-red_n100_alpha3,1,45,3,3,3.250797627,3.413516543,24.847008,31.51132217
log_det,winequality-red_n100_alpha3,1,45,4,4,4.286343284,3.750725987,20.62821844,28.66528771
log_det,winequality-red_n100_alpha3,1,45,5,5,5.268274276,5.016046073,19.86142594,30.14574629
log_det,winequality-red_n100_alpha3,1,45,6,6,6.213284178,5.016046073,19.53373732,30.76306757
log_det,winequality-red_n100_alpha3,1,45,7,7,7.080891425,5.512676297,15.82841731,28.42198503
log_det,winequality-red_n100_alpha3,1,45,8,8,7.762661074,8.810851884,9.592807779,26.16632074
log_det,winequality-red_n100_alpha3,1,45,9,9,8.395609312,10.7923839,4.892852642,24.08084585
log_det,winequality-red_n100_alpha3,1,45,10,10,8.853161837,13.53306732,1.36628111,23.75251027
log_det,winequality-red_n100_alpha3,1,45,11,11,9.164004962,15.32811985,0.3961224931,24.88824731
log_det,winequality-red_n100_alpha3,1,45,12,12,9.38372461,17.29829881,0.0781551123,26.76017854
log_det,winequality-red_n100_alpha3,1,45,13,13,9.447121166,18.1718862,0.01475855601,27.63376592
log_det,winequality-red_n100_alpha3,1,45,14,14,9.461879722,22.33397253,0,31.79585225
log_det,winequality-red_n100_alpha3,1,46,0,0,0,0,35.85686898,35.85686898
log_det,winequality-red_n100_alpha3,1,46,1,1,1.099611789,3.119888119,24.57917991,28.79867982
log_det,winequality-red_n100_alpha3,1,46,2,2,2.197651029,3.119888119,26.8130428,32.13058195
log_det,winequality-red_n100_alpha3,1,46,3,3,3.250797627,3.413516543,24.92114536,31.58545953
log_det,winequality-red_n100_alpha3,1,46,4,4,4.286343284,3.750725987,20.71113874,28.74820801
log_det,winequality-red_n100_alpha3,1,46,5,5,5.268274276,5.016046073,19.99184024,30.27616059
log_det,winequality-red_n100_alpha3,1,46,6,6,6.213284178,5.016046073,19.66291879,30.89224904
log_det,winequality-red_n100_alpha3,1,46,7,7,7.080891425,5.512676297,15.93033159,28.52389931
log_det,winequality-red_n100_alpha3,1,46,8,8,7.762661074,8.810851884,9.592807779,26.16632074
log_det,winequality-red_n100_alpha3,1,46,9,9,8.395609312,10.7923839,4.892852642,24.08084585
log_det,winequality-red_n100_alpha3,1,46,10,10,8.853161837,13.53306732,1.36628111,23.75251027
log_det,winequality-red_n100_alpha3,1,46,11,11,9.164004962,15.32811985,0.3961224931,24.88824731
log_det,winequality-red_n100_alpha3,1,46,12,12,9.38372461,17.29829881,0.0781551123,26.76017854
log_det,winequality-red_n100_alpha3,1,46,13,13,9.447121166,18.1718862,0.01475855601,27.63376592
log_det,winequality-red_n100_alpha3,1,46,14,14,9.461879722,22.33397253,0,31.79585225
log_det,winequality-red_n100_alpha3,1,47,0,0,0,0,35.85686898,35.85686898
log_det,winequality-red_n100_alpha3,1,47,1,1,1.099611789,3.119888119,24.65073535,28.87023526
log_det,winequality-red_n100_alpha3,1,47,2,2,2.197651029,3.119888119,26.88718941,32.20472856
log_det,winequality-red_n100_alpha3,1,47,3,3,3.250797627,3.413516543,24.98521541,31.64952958
log_det,winequality-red_n100_alpha3,1,47,4,4,4.286343284,3.750725987,20.78189668,28.81896595
log_det,winequality-red_n100_alpha3,1,47,5,5,5.268274276,5.016046073,20.11858135,30.4029017
log_det,winequality-red_n100_alpha3,1,47,6,6,6.213284178,5.016046073,19.78599765,31.0153279
log_det,winequality-red_n100_alpha3,1,47,7,7,7.080891425,5.512676297,16.0274947,28.62106242
log_det,winequality-red_n100_alpha3,1,47,8,8,7.762661074,8.810851884,9.592807779,26.16632074
log_det,winequality-red_n100_alpha3,1,47,9,9,8.395609312,10.7923839,4.892852642,24.08084585
log_det,winequality-red_n100_alpha3,1,47,10,10,8.853161837,13.53306732,1.36628111,23.75251027
log_det,winequality-red_n100_alpha3,1,47,11,11,9.164004962,15.32811985,0.3961224931,24.88824731
log_det,winequality-red_n100_alpha3,1,47,12,12,9.38372461,17.29829881,0.0781551123,26.76017854
log_det,winequality-red_n100_alpha3,1,47,13,13,9.447121166,18.1718862,0.01475855601,27.63376592
log_det,winequality-red_n100_alpha3,1,47,14,14,9.461879722,22.33397253,0,31.79585225
log_det,winequality-red_n100_alpha3,1,48,0,0,0,0,35.85686898,35.85686898
log_det,winequality-red_n100_alpha3,1,48,1,1,1.099611789,3.119888119,24.70306915,28.92256905
log_det,winequality-red_n100_alpha3,1,48,2,2,2.197651029,3.119888119,26.95788115,32.2754203
log_det,winequality-red_n100_alpha3,1,48,3,3,3.250797627,3.413516543,25.03547661,31.69979078
log_det,winequality-red_n100_alpha3,1,48,4,4,4.286343284,3.750725987,20.83212323,28.8691925
log_det,winequality-red_n100_alpha3,1,48,5,5,5.268274276,5.016046073,20.23707737,30.52139771
log_det,winequality-red_n100_alpha3,1,48,6,6,6.213284178,5.016046073,19.9088716,31.13820185
log_det,winequality-red_n100_alpha3,1,48,7,7,7.080891425,5.512676297,16.12185548,28.7154232
log_det,winequality-red_n100_alpha3,1,48,8,8,7.762661074,8.810851884,9.592807779,26.16632074
log_det,winequality-red_n100_alpha3,1,48,9,9,8.395609312,10.7923839,4.892852642,24.08084585
log_det,winequality-red_n100_alpha3,1,48,10,10,8.853161837,13.53306732,1.36628111,23.75251027
log_det,winequality-red_n100_alpha3,1,48,11,11,9.164004962,15.32811985,0.3961224931,24.88824731
log_det,winequality-red_n100_alpha3,1,48,12,12,9.38372461,17.29829881,0.0781551123,26.76017854
log_det,winequality-red_n100_alpha3,1,48,13,13,9.447121166,18.1718862,0.01475855601,27.63376592
log_det,winequality-red_n100_alpha3,1,48,14,14,9.461879722,22.33397253,0,31.79585225
log_det,winequality-red_n100_alpha3,1,49,0,0,0,0,35.85686898,35.85686898
log_det,winequality-red_n100_alpha3,1,49,1,1,1.099611789,3.119888119,24.74840951,28.96790942
log_det,winequality-red_n100_alpha3,1,49,2,2,2.197651029,3.119888119,27.01958377,32.33712292
log_det,winequality-red_n100_alpha3,1,49,3,3,3.250797627,3.413516543,25.07863632,31.74295049
log_det,winequality-red_n100_alpha3,1,49,4,4,4.286343284,3.750725987,20.87409766,28.91116693
log_det,winequality-red_n100_alpha3,1,49,5,5,5.268274276,5.016046073,20.34824917,30.63256952
log_det,winequality-red_n100_alpha3,1,49,6,6,6.213284178,5.016046073,20.01898226,31.24831251
log_det,winequality-red_n100_alpha3,1,49,7,7,7.080891425,5.512676297,16.20865049,28.80221821
log_det,winequality-red_n100_alpha3,1,49,8,8,7.762661074,8.810851884,9.592807779,26.16632074
log_det,winequality-red_n100_alpha3,1,49,9,9,8.395609312,10.7923839,4.892852642,24.08084585
log_det,winequality-red_n100_alpha3,1,49,10,10,8.853161837,13.53306732,1.36628111,23.75251027
log_det,winequality-red_n100_alpha3,1,49,11,11,9.164004962,15.32811985,0.3961224931,24.88824731
log_det,winequality-red_n100_alpha3,1,49,12,12,9.38372461,17.29829881,0.0781551123,26.76017854
log_det,winequality-red_n100_alpha3,1,49,13,13,9.447121166,18.1718862,0.01475855601,27.63376592
log_det,winequality-red_n100_alpha3,1,49,14,14,9.461879722,22.33397253,0,31.79585225
log_det,winequality-red_n100_alpha3,1,50,0,0,0,0,35.85686898,35.85686898
log_det,winequality-red_n100_alpha3,1,50,1,1,1.099611789,3.119888119,24.77534915,28.99484906
log_det,winequality-red_n100_alpha3,1,50,2,2,2.197651029,3.119888119,27.07149181,32.38903095
log_det,winequality-red_n100_alpha3,1,50,3,3,3.250797627,3.413516543,25.10393939,31.76825356
log_det,winequality-red_n100_alpha3,1,50,4,4,4.286343284,3.750725987,20.90105614,28.93812541
log_det,winequality-red_n100_alpha3,1,50,5,5,5.268274276,5.016046073,20.43302255,30.7173429
log_det,winequality-red_n100_alpha3,1,50,6,6,6.213284178,5.016046073,20.1274331,31.35676336
log_det,winequality-red_n100_alpha3,1,50,7,7,7.080891425,5.512676297,16.28924394,28.88281166
log_det,winequality-red_n100_alpha3,1,50,8,8,7.762661074,8.810851884,9.592807779,26.16632074
log_det,winequality-red_n100_alpha3,1,50,9,9,8.395609312,10.7923839,4.892852642,24.08084585
log_det,winequality-red_n100_alpha3,1,50,10,10,8.853161837,13.53306732,1.36628111,23.75251027
log_det,winequality-red_n100_alpha3,1,50,11,11,9.164004962,15.32811985,0.3961224931,24.88824731
log_det,winequality-red_n100_alpha3,1,50,12,12,9.38372461,17.29829881,0.0781551123,26.76017854
log_det,winequality-red_n100_alpha3,1,50,13,13,9.447121166,18.1718862,0.01475855601,27.63376592
log_det,winequality-red_n100_alpha3,1,50,14,14,9.461879722,22.33397253,0,31.79585225
log_det,winequality-red_n100_alpha3,2,1,0,0,0,0,1.099611789,1.099611789
log_det,winequality-red_n100_alpha3,2,1,1,1,1.099611789,1.454550924,1.098258745,3.652421458
log_det,winequality-red_n100_alpha3,2,2,0,0,0,0,2.199223578,2.199223578
log_det,winequality-red_n100_alpha3,2,2,1,1,1.099611789,1.454550924,2.1914528,4.745615513
log_det,winequality-red_n100_alpha3,2,2,2,2,2.197870534,1.454550924,2.156456625,5.808878083
log_det,winequality-red_n100_alpha3,2,3,0,0,0,0,3.298835367,3.298835367
log_det,winequality-red_n100_alpha3,2,3,1,1,1.099611789,1.454550924,3.268240192,5.822402905
log_det,winequality-red_n100_alpha3,2,3,2,2,2.197870534,1.454550924,3.214333963,6.866755421
log_det,winequality-red_n100_alpha3,2,3,3,3,3.291064589,1.454550924,3.116689298,7.862304811
log_det,winequality-red_n100_alpha3,2,4,0,0,0,0,4.398447156,4.398447156
log_det,winequality-red_n100_alpha3,2,4,1,1,1.099611789,1.454550924,4.339069642,6.893232355
log_det,winequality-red_n100_alpha3,2,4,2,2,2.197870534,1.454550924,4.251076527,7.903497985
log_det,winequality-red_n100_alpha3,2,4,3,3,3.291064589,1.454550924,4.128923147,8.87453866
log_det,winequality-red_n100_alpha3,2,4,4,4,4.347878285,1.873878624,3.704675168,9.926432078
log_det,winequality-red_n100_alpha3,2,5,0,0,0,0,5.498058945,5.498058945
log_det,winequality-red_n100_alpha3,2,5,1,1,1.099611789,1.454550924,5.381773069,7.935935782
log_det,winequality-red_n100_alpha3,2,5,2,2,2.197870534,1.454550924,5.279165523,8.931586981
log_det,winequality-red_n100_alpha3,2,5,3,3,3.291064589,1.454550924,5.137015126,9.882630639
log_det,winequality-red_n100_alpha3,2,5,4,4,4.347878285,1.873878624,4.571623243,10.79338015
log_det,winequality-red_n100_alpha3,2,5,5,5,5.329546528,3.661013796,3.551629757,12.54219008
log_det,winequality-red_n100_alpha3,2,6,0,0,0,0,6.597670734,6.597670734
log_det,winequality-red_n100_alpha3,2,6,1,1,1.099611789,1.454550924,6.418531418,8.972694131
log_det,winequality-red_n100_alpha3,2,6,2,2,2.197870534,1.454550924,6.299082939,9.951504397
log_det,winequality-red_n100_alpha3,2,6,3,3,3.291064589,1.454550924,6.139376314,10.88499183
log_det,winequality-red_n100_alpha3,2,6,4,4,4.347878285,1.873878624,5.417435734,11.63919264
log_det,winequality-red_n100_alpha3,2,6,5,5,5.329546528,3.661013796,4.182342934,13.17290326
log_det,winequality-red_n100_alpha3,2,6,6,6,6.16326925,4.176386001,3.757532965,14.09718821
log_det,winequality-red_n100_alpha3,2,7,0,0,0,0,7.697282523,7.697282523
log_det,winequality-red_n100_alpha3,2,7,1,1,1.099611789,1.454550924,7.454941534,10.00910425
log_det,winequality-red_n100_alpha3,2,7,2,2,2.197870534,1.454550924,7.3090004,10.96142186
log_det,winequality-red_n100_alpha3,2,7,3,3,3.291064589,1.454550924,7.116750782,11.8623663
log_det,winequality-red_n100_alpha3,2,7,4,4,4.347878285,1.873878624,6.257760695,12.4795176
log_det,winequality-red_n100_alpha3,2,7,5,5,5.329546528,3.661013796,4.791608893,13.78216922
log_det,winequality-red_n100_alpha3,2,7,6,6,6.16326925,4.176386001,4.318585551,14.6582408
log_det,winequality-red_n100_alpha3,2,7,7,7,6.937164464,6.486853207,3.35815253,16.7821702
log_det,winequality-red_n100_alpha3,2,8,0,0,0,0,8.796894312,8.796894312
log_det,winequality-red_n100_alpha3,2,8,1,1,1.099611789,1.454550924,8.464398028,11.01856074
log_det,winequality-red_n100_alpha3,2,8,2,2,2.197870534,1.454550924,8.298718179,11.95113964
log_det,winequality-red_n100_alpha3,2,8,3,3,3.291064589,1.454550924,8.061992855,12.80760837
log_det,winequality-red_n100_alpha3,2,8,4,4,4.347878285,1.873878624,7.096413962,13.31817087
log_det,winequality-red_n100_alpha3,2,8,5,5,5.329546528,3.661013796,5.385267404,14.37582773
log_det,winequality-red_n100_alpha3,2,8,6,6,6.16326925,4.176386001,4.868087767,15.20774302
log_det,winequality-red_n100_alpha3,2,8,7,7,6.937164464,6.486853207,3.760769686,17.18478736
log_det,winequality-red_n100_alpha3,2,8,8,8,7.501915629,9.631429867,2.929726321,20.06307182
log_det,winequality-red_n100_alpha3,2,9,0,0,0,0,9.896506101,9.896506101
log_det,winequality-red_n100_alpha3,2,9,1,1,1.099611789,1.454550924,9.467932061,12.02209477
log_det,winequality-red_n100_alpha3,2,9,2,2,2.197870534,1.454550924,9.258218934,12.91064039
log_det,winequality-red_n100_alpha3,2,9,3,3,3.291064589,1.454550924,8.98446904,13.73008455
log_det,winequality-red_n100_alpha3,2,9,4,4,4.347878285,1.873878624,7.933583574,14.15534048
log_det,winequality-red_n100_alpha3,2,9,5,5,5.329546528,3.661013796,5.970443196,14.96100352
log_det,winequality-red_n100_alpha3,2,9,6,6,6.16326925,4.176386001,5.414884359,15.75453961
log_det,winequality-red_n100_alpha3,2,9,7,7,6.937164464,6.486853207,4.145605572,17.56962324
log_det,winequality-red_n100_alpha3,2,9,8,8,7.501915629,9.631429867,3.17209446,20.30543996
log_det,winequality-red_n100_alpha3,2,9,9,9,8.03927162,10.73511515,2.66315558,21.43754235
log_det,winequality-red_n100_alpha3,2,10,0,0,0,0,10.99611789,10.99611789
log_det,winequality-red_n100_alpha3,2,10,1,1,1.099611789,1.454550924,10.44768434,13.00184705
log_det,winequality-red_n100_alpha3,2,10,2,2,2.197870534,1.454550924,10.20863804,13.8610595
log_det,winequality-red_n100_alpha3,2,10,3,3,3.291064589,1.454550924,9.904566238,14.65018175
log_det,winequality-red_n100_alpha3,2,10,4,4,4.347878285,1.873878624,8.767329503,14.98908641
log_det,winequality-red_n100_alpha3,2,10,5,5,5.329546528,3.661013796,6.555080206,15.54564053
log_det,winequality-red_n100_alpha3,2,10,6,6,6.16326925,4.176386001,5.947614318,16.28726957
log_det,winequality-red_n100_alpha3,2,10,7,7,6.937164464,6.486853207,4.523860275,17.94787795
log_det,winequality-red_n100_alpha3,2,10,8,8,7.501915629,9.631429867,3.409100187,20.54244568
log_det,winequality-red_n100_alpha3,2,10,9,9,8.03927162,10.73511515,2.823643625,21.5980304
log_det,winequality-red_n100_alpha3,2,10,10,10,8.538587017,11.58316173,2.370556363,22.49230511
log_det,winequality-red_n100_alpha3,2,11,0,0,0,0,12.09572968,12.09572968
log_det,winequality-red_n100_alpha3,2,11,1,1,1.099611789,1.454550924,11.41488465,13.96904736
log_det,winequality-red_n100_alpha3,2,11,2,2,2.197870534,1.454550924,11.14710212,14.79952358
log_det,winequality-red_n100_alpha3,2,11,3,3,3.291064589,1.454550924,10.82057462,15.56619014
log_det,winequality-red_n100_alpha3,2,11,4,4,4.347878285,1.873878624,9.596545844,15.81830275
log_det,winequality-red_n100_alpha3,2,11,5,5,5.329546528,3.661013796,7.139637112,16.13019744
log_det,winequality-red_n100_alpha3,2,11,6,6,6.16326925,4.176386001,6.467136988,16.80679224
log_det,winequality-red_n100_alpha3,2,11,7,7,6.937164464,6.486853207,4.884148806,18.30816648
log_det,winequality-red_n100_alpha3,2,11,8,8,7.501915629,9.631429867,3.636240844,20.76958634
log_det,winequality-red_n100_alpha3,2,11,9,9,8.03927162,10.73511515,2.983358434,21.7577452
log_det,winequality-red_n100_alpha3,2,11,10,10,8.538587017,11.58316173,2.501348731,22.62309748
log_det,winequality-red_n100_alpha3,2,11,11,11,8.963125032,12.38095026,2.104781245,23.44885654
log_det,winequality-red_n100_alpha3,2,12,0,0,0,0,13.19534147,13.19534147
log_det,winequality-red_n100_alpha3,2,12,1,1,1.099611789,1.454550924,12.34451657,14.89867928
log_det,winequality-red_n100_alpha3,2,12,2,2,2.197870534,1.454550924,12.05041676,15.70283822
log_det,winequality-red_n100_alpha3,2,12,3,3,3.291064589,1.454550924,11.7125665,16.45818201
log_det,winequality-red_n100_alpha3,2,12,4,4,4.347878285,1.873878624,10.42135676,16.64311367
log_det,winequality-red_n100_alpha3,2,12,5,5,5.329546528,3.661013796,7.686938305,16.67749863
log_det,winequality-red_n100_alpha3,2,12,6,6,6.16326925,4.176386001,6.979430527,17.31908578
log_det,winequality-red_n100_alpha3,2,12,7,7,6.937164464,6.486853207,5.230196045,18.65421372
log_det,winequality-red_n100_alpha3,2,12,8,8,7.501915629,9.631429867,3.797231731,20.93057723
log_det,winequality-red_n100_alpha3,2,12,9,9,8.03927162,10.73511515,3.138531474,21.91291824
log_det,winequality-red_n100_alpha3,2,12,10,10,8.538587017,11.58316173,2.631272288,22.75302104
log_det,winequality-red_n100_alpha3,2,12,11,11,8.963125032,12.38095026,2.212127341,23.55620264
log_det,winequality-red_n100_alpha3,2,12,12,12,9.291437842,12.68057913,1.80412413,23.7761411
log_det,winequality-red_n100_alpha3,2,13,0,0,0,0,14.29495326,14.29495326
log_det,winequality-red_n100_alpha3,2,13,1,1,1.099611789,1.454550924,13.27191126,15.82607397
log_det,winequality-red_n100_alpha3,2,13,2,2,2.197870534,1.454550924,12.94290797,16.59532943
log_det,winequality-red_n100_alpha3,2,13,3,3,3.291064589,1.454550924,12.59001907,17.33563458
log_det,winequality-red_n100_alpha3,2,13,4,4,4.347878285,1.873878624,11.2417861,17.46354301
log_det,winequality-red_n100_alpha3,2,13,5,5,5.329546528,3.661013796,8.222691448,17.21325177
log_det,winequality-red_n100_alpha3,2,13,6,6,6.16326925,4.176386001,7.486436296,17.82609155
log_det,winequality-red_n100_alpha3,2,13,7,7,6.937164464,6.486853207,5.559426691,18.98344436
log_det,winequality-red_n100_alpha3,2,13,8,8,7.501915629,9.631429867,3.957742275,21.09108777
log_det,winequality-red_n100_alpha3,2,13,9,9,8.03927162,10.73511515,3.290714512,22.06510128
log_det,winequality-red_n100_alpha3,2,13,10,10,8.538587017,11.58316173,2.753660241,22.87540899
log_det,winequality-red_n100_alpha3,2,13,11,11,8.963125032,12.38095026,2.312076264,23.65615156
log_det,winequality-red_n100_alpha3,2,13,12,12,9.291437842,12.68057913,1.865344365,23.83736133
log_det,winequality-red_n100_alpha3,2,13,13,13,9.574068817,14.78564811,1.243962718,25.60367964
log_det,winequality-red_n100_alpha3,2,14,0,0,0,0,15.39456505,15.39456505
log_det,winequality-red_n100_alpha3,2,14,1,1,1.099611789,1.454550924,14.18143666,16.73559938
log_det,winequality-red_n100_alpha3,2,14,2,2,2.197870534,1.454550924,13.83108854,17.48351
log_det,winequality-red_n100_alpha3,2,14,3,3,3.291064589,1.454550924,13.46285723,18.20847274
log_det,winequality-red_n100_alpha3,2,14,4,4,4.347878285,1.873878624,12.05804198,18.27979889
log_det,winequality-red_n100_alpha3,2,14,5,5,5.329546528,3.661013796,8.754661321,17.74522165
log_det,winequality-red_n100_alpha3,2,14,6,6,6.16326925,4.176386001,7.990647167,18.33030242
log_det,winequality-red_n100_alpha3,2,14,7,7,6.937164464,6.486853207,5.88495814,19.30897581
log_det,winequality-red_n100_alpha3,2,14,8,8,7.501915629,9.631429867,4.113048305,21.2463938
log_det,winequality-red_n100_alpha3,2,14,9,9,8.03927162,10.73511515,3.430051259,22.20443803
log_det,winequality-red_n100_alpha3,2,14,10,10,8.538587017,11.58316173,2.874579403,22.99632815
log_det,winequality-red_n100_alpha3,2,14,11,11,8.963125032,12.38095026,2.409121738,23.75319703
log_det,winequality-red_n100_alpha3,2,14,12,12,9.291437842,12.68057913,1.919792058,23.89180903
log_det,winequality-red_n100_alpha3,2,14,13,13,9.574068817,14.78564811,1.243962718,25.60367964
log_det,winequality-red_n100_alpha3,2,14,14,14,9.840575719,16.72319008,0.6589681748,27.22273398
log_det,winequality-red_n100_alpha3,2,15,0,0,0,0,16.49417684,16.49417684
log_det,winequality-red_n100_alpha3,2,15,1,1,1.099611789,1.454550924,15.08877989,17.6429426
log_det,winequality-red_n100_alpha3,2,15,2,2,2.197870534,1.454550924,14.71886561,18.37128707
log_det,winequality-red_n100_alpha3,2,15,3,3,3.291064589,1.454550924,14.31630008,19.06191559
log_det,winequality-red_n100_alpha3,2,15,4,4,4.347878285,1.873878624,12.85254466,19.07430157
log_det,winequality-red_n100_alpha3,2,15,5,5,5.329546528,3.661013796,9.282428045,18.27298837
log_det,winequality-red_n100_alpha3,2,15,6,6,6.16326925,4.176386001,8.481236285,18.82089154
log_det,winequality-red_n100_alpha3,2,15,7,7,6.937164464,6.486853207,6.185553216,19.60957089
log_det,winequality-red_n100_alpha3,2,15,8,8,7.501915629,9.631429867,4.265431607,21.3987771
log_det,winequality-red_n100_alpha3,2,15,9,9,8.03927162,10.73511515,3.567982599,22.34236937
log_det,winequality-red_n100_alpha3,2,15,10,10,8.538587017,11.58316173,2.994476103,23.11622485
log_det,winequality-red_n100_alpha3,2,15,11,11,8.963125032,12.38095026,2.49840541,23.84248071
log_det,winequality-red_n100_alpha3,2,15,12,12,9.291437842,12.68057913,1.961298332,23.9333153
log_det,winequality-red_n100_alpha3,2,15,13,13,9.574068817,14.78564811,1.243962718,25.60367964
log_det,winequality-red_n100_alpha3,2,15,14,14,9.840575719,16.72319008,0.6589681748,27.22273398
log_det,winequality-red_n100_alpha3,2,15,15,15,10.07584141,18.13066255,0.27745365,28.48395761
log_det,winequality-red_n100_alpha3,2,16,0,0,0,0,17.59378862,17.59378862
log_det,winequality-red_n100_alpha3,2,16,1,1,1.099611789,1.454550924,15.97187808,18.52604079
log_det,winequality-red_n100_alpha3,2,16,2,2,2.197870534,1.454550924,15.5978557,19.25027716
log_det,winequality-red_n100_alpha3,2,16,3,3,3.291064589,1.454550924,15.16090762,19.90652313
log_det,winequality-red_n100_alpha3,2,16,4,4,4.347878285,1.873878624,13.62230928,19.84406618
log_det,winequality-red_n100_alpha3,2,16,5,5,5.329546528,3.661013796,9.799510064,18.79007039
log_det,winequality-red_n100_alpha3,2,16,6,6,6.16326925,4.176386001,8.970624201,19.31027945
log_det,winequality-red_n100_alpha3,2,16,7,7,6.937164464,6.486853207,6.469050396,19.89306807
log_det,winequality-red_n100_alpha3,2,16,8,8,7.501915629,9.631429867,4.417740747,21.55108624
log_det,winequality-red_n100_alpha3,2,16,9,9,8.03927162,10.73511515,3.701375408,22.47576218
log_det,winequality-red_n100_alpha3,2,16,10,10,8.538587017,11.58316173,3.112235872,23.23398462
log_det,winequality-red_n100_alpha3,2,16,11,11,8.963125032,12.38095026,2.567070256,23.91114555
log_det,winequality-red_n100_alpha3,2,16,12,12,9.291437842,12.68057913,1.998169045,23.97018601
log_det,winequality-red_n100_alpha3,2,16,13,13,9.574068817,14.78564811,1.243962718,25.60367964
log_det,winequality-red_n100_alpha3,2,16,14,14,9.840575719,16.72319008,0.6589681748,27.22273398
log_det,winequality-red_n100_alpha3,2,16,15,15,10.07584141,18.13066255,0.27745365,28.48395761
log_det,winequality-red_n100_alpha3,2,16,16,16,10.17579033,21.02650673,0.04224843508,31.2445455
log_det,winequality-red_n100_alpha3,2,17,0,0,0,0,18.69340041,18.69340041
log_det,winequality-red_n100_alpha3,2,17,1,1,1.099611789,1.454550924,16.85275541,19.40691812
log_det,winequality-red_n100_alpha3,2,17,2,2,2.197870534,1.454550924,16.47470057,20.12712203
log_det,winequality-red_n100_alpha3,2,17,3,3,3.291064589,1.454550924,15.99947674,20.74509225
log_det,winequality-red_n100_alpha3,2,17,4,4,4.347878285,1.873878624,14.38333206,20.60508897
log_det,winequality-red_n100_alpha3,2,17,5,5,5.329546528,3.661013796,10.29154792,19.28210824
log_det,winequality-red_n100_alpha3,2,17,6,6,6.16326925,4.176386001,9.441233369,19.78088862
log_det,winequality-red_n100_alpha3,2,17,7,7,6.937164464,6.486853207,6.745871999,20.16988967
log_det,winequality-red_n100_alpha3,2,17,8,8,7.501915629,9.631429867,4.565876319,21.69922182
log_det,winequality-red_n100_alpha3,2,17,9,9,8.03927162,10.73511515,3.831278551,22.60566532
log_det,winequality-red_n100_alpha3,2,17,10,10,8.538587017,11.58316173,3.224242431,23.34599118
log_det,winequality-red_n100_alpha3,2,17,11,11,8.963125032,12.38095026,2.628368119,23.97244342
log_det,winequality-red_n100_alpha3,2,17,12,12,9.291437842,12.68057913,2.033358633,24.0053756
log_det,winequality-red_n100_alpha3,2,17,13,13,9.574068817,14.78564811,1.243962718,25.60367964
log_det,winequality-red_n100_alpha3,2,17,14,14,9.840575719,16.72319008,0.6589681748,27.22273398
log_det,winequality-red_n100_alpha3,2,17,15,15,10.07584141,18.13066255,0.27745365,28.48395761
log_det,winequality-red_n100_alpha3,2,17,16,16,10.17579033,21.02650673,0.04224843508,31.2445455
log_det,winequality-red_n100_alpha3,2,17,17,17,10.21803877,23.4194889,0,33.63752767
log_det,winequality-red_n100_alpha3,2,18,0,0,0,0,19.7930122,19.7930122
log_det,winequality-red_n100_alpha3,2,18,1,1,1.099611789,1.454550924,17.7324034,20.28656611
log_det,winequality-red_n100_alpha3,2,18,2,2,2.197870534,1.454550924,17.3283142,20.98073566
log_det,winequality-red_n100_alpha3,2,18,3,3,3.291064589,1.454550924,16.83074674,21.57636225
log_det,winequality-red_n100_alpha3,2,18,4,4,4.347878285,1.873878624,15.14177574,21.36353265
log_det,winequality-red_n100_alpha3,2,18,5,5,5.329546528,3.661013796,10.78227099,19.77283131
log_det,winequality-red_n100_alpha3,2,18,6,6,6.16326925,4.176386001,9.89734274,20.23699799
log_det,winequality-red_n100_alpha3,2,18,7,7,6.937164464,6.486853207,7.021279998,20.44529767
log_det,winequality-red_n100_alpha3,2,18,8,8,7.501915629,9.631429867,4.70551429,21.83885979
log_det,winequality-red_n100_alpha3,2,18,9,9,8.03927162,10.73511515,3.956199931,22.7305867
log_det,winequality-red_n100_alpha3,2,18,10,10,8.538587017,11.58316173,3.314457673,23.43620642
log_det,winequality-red_n100_alpha3,2,18,11,11,8.963125032,12.38095026,2.687977637,24.03205293
log_det,winequality-red_n100_alpha3,2,18,12,12,9.291437842,12.68057913,2.044734063,24.01675103
log_det,winequality-red_n100_alpha3,2,18,13,13,9.574068817,14.78564811,1.243962718,25.60367964
log_det,winequality-red_n100_alpha3,2,18,14,14,9.840575719,16.72319008,0.6589681748,27.22273398
log_det,winequality-red_n100_alpha3,2,18,15,15,10.07584141,18.13066255,0.27745365,28.48395761
log_det,winequality-red_n100_alpha3,2,18,16,16,10.17579033,21.02650673,0.04224843508,31.2445455
log_det,winequality-red_n100_alpha3,2,18,17,17,10.21803877,23.4194889,0,33.63752767
log_det,winequality-red_n100_alpha3,2,19,0,0,0,0,20.89262399,20.89262399
log_det,winequality-red_n100_alpha3,2,19,1,1,1.099611789,1.454550924,18.60285361,21.15701632
log_det,winequality-red_n100_alpha3,2,19,2,2,2.197870534,1.454550924,18.17630722,21.82872868
log_det,winequality-red_n100_alpha3,2,19,3,3,3.291064589,1.454550924,17.65304383,22.39865934
log_det,winequality-red_n100_alpha3,2,19,4,4,4.347878285,1.873878624,15.87146715,22.09322406
log_det,winequality-red_n100_alpha3,2,19,5,5,5.329546528,3.661013796,11.27177996,20.26234028
log_det,winequality-red_n100_alpha3,2,19,6,6,6.16326925,4.176386001,10.34549024,20.68514549
log_det,winequality-red_n100_alpha3,2,19,7,7,6.937164464,6.486853207,7.288010095,20.71202777
log_det,winequality-red_n100_alpha3,2,19,8,8,7.501915629,9.631429867,4.84491232,21.97825782
log_det,winequality-red_n100_alpha3,2,19,9,9,8.03927162,10.73511515,4.060322122,22.83470889
log_det,winequality-red_n100_alpha3,2,19,10,10,8.538587017,11.58316173,3.397945748,23.5196945
log_det,winequality-red_n100_alpha3,2,19,11,11,8.963125032,12.38095026,2.734291938,24.07836723
log_det,winequality-red_n100_alpha3,2,19,12,12,9.291437842,12.68057913,2.044734063,24.01675103
log_det,winequality-red_n100_alpha3,2,19,13,13,9.574068817,14.78564811,1.243962718,25.60367964
log_det,winequality-red_n100_alpha3,2,19,14,14,9.840575719,16.72319008,0.6589681748,27.22273398
log_det,winequality-red_n100_alpha3,2,19,15,15,10.07584141,18.13066255,0.27745365,28.48395761
log_det,winequality-red_n100_alpha3,2,19,16,16,10.17579033,21.02650673,0.04224843508,31.2445455
log_det,winequality-red_n100_alpha3,2,19,17,17,10.21803877,23.4194889,0,33.63752767
log_det,winequality-red_n100_alpha3,2,20,0,0,0,0,21.99223578,21.99223578
log_det,winequality-red_n100_alpha3,2,20,1,1,1.099611789,1.454550924,19.46218965,22.01635236
log_det,winequality-red_n100_alpha3,2,20,2,2,2.197870534,1.454550924,19.01823211,22.67065357
log_det,winequality-red_n100_alpha3,2,20,3,3,3.291064589,1.454550924,18.44736528,23.19298079
log_det,winequality-red_n100_alpha3,2,20,4,4,4.347878285,1.873878624,16.59545179,22.8172087
log_det,winequality-red_n100_alpha3,2,20,5,5,5.329546528,3.661013796,11.7589092,20.74946952
log_det,winequality-red_n100_alpha3,2,20,6,6,6.16326925,4.176386001,10.78947614,21.12913139
log_det,winequality-red_n100_alpha3,2,20,7,7,6.937164464,6.486853207,7.543655567,20.96767324
log_det,winequality-red_n100_alpha3,2,20,8,8,7.501915629,9.631429867,4.976968487,22.11031398
log_det,winequality-red_n100_alpha3,2,20,9,9,8.03927162,10.73511515,4.164434671,22.93882144
log_det,winequality-red_n100_alpha3,2,20,10,10,8.538587017,11.58316173,3.480776852,23.6025256
log_det,winequality-red_n100_alpha3,2,20,11,11,8.963125032,12.38095026,2.769816224,24.11389152
log_det,winequality-red_n100_alpha3,2,20,12,12,9.291437842,12.68057913,2.044734063,24.01675103
log_det,winequality-red_n100_alpha3,2,20,13,13,9.574068817,14.78564811,1.243962718,25.60367964
log_det,winequality-red_n100_alpha3,2,20,14,14,9.840575719,16.72319008,0.6589681748,27.22273398
log_det,winequality-red_n100_alpha3,2,20,15,15,10.07584141,18.13066255,0.27745365,28.48395761
log_det,winequality-red_n100_alpha3,2,20,16,16,10.17579033,21.02650673,0.04224843508,31.2445455
log_det,winequality-red_n100_alpha3,2,20,17,17,10.21803877,23.4194889,0,33.63752767
log_det,winequality-red_n100_alpha3,2,21,0,0,0,0,23.09184757,23.09184757
log_det,winequality-red_n100_alpha3,2,21,1,1,1.099611789,1.454550924,20.31001344,22.86417615
log_det,winequality-red_n100_alpha3,2,21,2,2,2.197870534,1.454550924,19.85138359,23.50380505
log_det,winequality-red_n100_alpha3,2,21,3,3,3.291064589,1.454550924,19.22618255,23.97179807
log_det,winequality-red_n100_alpha3,2,21,4,4,4.347878285,1.873878624,17.27844599,23.5002029
log_det,winequality-red_n100_alpha3,2,21,5,5,5.329546528,3.661013796,12.23276202,21.22332234
log_det,winequality-red_n100_alpha3,2,21,6,6,6.16326925,4.176386001,11.23133346,21.57098871
log_det,winequality-red_n100_alpha3,2,21,7,7,6.937164464,6.486853207,7.794132117,21.21814979
log_det,winequality-red_n100_alpha3,2,21,8,8,7.501915629,9.631429867,5.102367395,22.23571289
log_det,winequality-red_n100_alpha3,2,21,9,9,8.03927162,10.73511515,4.256794984,23.03118175
log_det,winequality-red_n100_alpha3,2,21,10,10,8.538587017,11.58316173,3.549592644,23.67134139
log_det,winequality-red_n100_alpha3,2,21,11,11,8.963125032,12.38095026,2.797395846,24.14147114
log_det,winequality-red_n100_alpha3,2,21,12,12,9.291437842,12.68057913,2.044734063,24.01675103
log_det,winequality-red_n100_alpha3,2,21,13,13,9.574068817,14.78564811,1.243962718,25.60367964
log_det,winequality-red_n100_alpha3,2,21,14,14,9.840575719,16.72319008,0.6589681748,27.22273398
log_det,winequality-red_n100_alpha3,2,21,15,15,10.07584141,18.13066255,0.27745365,28.48395761
log_det,winequality-red_n100_alpha3,2,21,16,16,10.17579033,21.02650673,0.04224843508,31.2445455
log_det,winequality-red_n100_alpha3,2,21,17,17,10.21803877,23.4194889,0,33.63752767
log_det,winequality-red_n100_alpha3,2,22,0,0,0,0,24.19145936,24.19145936
log_det,winequality-red_n100_alpha3,2,22,1,1,1.099611789,1.454550924,21.12084788,23.67501059
log_det,winequality-red_n100_alpha3,2,22,2,2,2.197870534,1.454550924,20.67721811,24.32963956
log_det,winequality-red_n100_alpha3,2,22,3,3,3.291064589,1.454550924,20.00312596,24.74874147
log_det,winequality-red_n100_alpha3,2,22,4,4,4.347878285,1.873878624,17.95899993,24.18075684
log_det,winequality-red_n100_alpha3,2,22,5,5,5.329546528,3.661013796,12.68982953,21.68038985
log_det,winequality-red_n100_alpha3,2,22,6,6,6.16326925,4.176386001,11.66981368,22.00946894
log_det,winequality-red_n100_alpha3,2,22,7,7,6.937164464,6.486853207,8.042433316,21.46645099
log_det,winequality-red_n100_alpha3,2,22,8,8,7.501915629,9.631429867,5.209427885,22.34277338
log_det,winequality-red_n100_alpha3,2,22,9,9,8.03927162,10.73511515,4.339628606,23.11401538
log_det,winequality-red_n100_alpha3,2,22,10,10,8.538587017,11.58316173,3.590060076,23.71180882
log_det,winequality-red_n100_alpha3,2,22,11,11,8.963125032,12.38095026,2.824975469,24.16905077
log_det,winequality-red_n100_alpha3,2,22,12,12,9.291437842,12.68057913,2.044734063,24.01675103
log_det,winequality-red_n100_alpha3,2,22,13,13,9.574068817,14.78564811,1.243962718,25.60367964
log_det,winequality-red_n100_alpha3,2,22,14,14,9.840575719,16.72319008,0.6589681748,27.22273398
log_det,winequality-red_n100_alpha3,2,22,15,15,10.07584141,18.13066255,0.27745365,28.48395761
log_det,winequality-red_n100_alpha3,2,22,16,16,10.17579033,21.02650673,0.04224843508,31.2445455
log_det,winequality-red_n100_alpha3,2,22,17,17,10.21803877,23.4194889,0,33.63752767
log_det,winequality-red_n100_alpha3,2,23,0,0,0,0,25.29107115,25.29107115
log_det,winequality-red_n100_alpha3,2,23,1,1,1.099611789,1.454550924,21.90161889,24.4557816
log_det,winequality-red_n100_alpha3,2,23,2,2,2.197870534,1.454550924,21.47908546,25.13150692
log_det,winequality-red_n100_alpha3,2,23,3,3,3.291064589,1.454550924,20.75928608,25.50490159
log_det,winequality-red_n100_alpha3,2,23,4,4,4.347878285,1.873878624,18.63764857,24.85940548
log_det,winequality-red_n100_alpha3,2,23,5,5,5.329546528,3.661013796,13.14313127,22.1336916
log_det,winequality-red_n100_alpha3,2,23,6,6,6.16326925,4.176386001,12.10042083,22.44007608
log_det,winequality-red_n100_alpha3,2,23,7,7,6.937164464,6.486853207,8.279385431,21.7034031
log_det,winequality-red_n100_alpha3,2,23,8,8,7.501915629,9.631429867,5.306810726,22.44015622
log_det,winequality-red_n100_alpha3,2,23,9,9,8.03927162,10.73511515,4.392513619,23.16690039
log_det,winequality-red_n100_alpha3,2,23,10,10,8.538587017,11.58316173,3.630527509,23.75227626
log_det,winequality-red_n100_alpha3,2,23,11,11,8.963125032,12.38095026,2.852142307,24.1962176
log_det,winequality-red_n100_alpha3,2,23,12,12,9.291437842,12.68057913,2.044734063,24.01675103
log_det,winequality-red_n100_alpha3,2,23,13,13,9.574068817,14.78564811,1.243962718,25.60367964
log_det,winequality-red_n100_alpha3,2,23,14,14,9.840575719,16.72319008,0.6589681748,27.22273398
log_det,winequality-red_n100_alpha3,2,23,15,15,10.07584141,18.13066255,0.27745365,28.48395761
log_det,winequality-red_n100_alpha3,2,23,16,16,10.17579033,21.02650673,0.04224843508,31.2445455
log_det,winequality-red_n100_alpha3,2,23,17,17,10.21803877,23.4194889,0,33.63752767
log_det,winequality-red_n100_alpha3,2,24,0,0,0,0,26.39068294,26.39068294
log_det,winequality-red_n100_alpha3,2,24,1,1,1.099611789,1.454550924,22.68218384,25.23634655
log_det,winequality-red_n100_alpha3,2,24,2,2,2.197870534,1.454550924,22.25790768,25.91032914
log_det,winequality-red_n100_alpha3,2,24,3,3,3.291064589,1.454550924,21.5143766,26.25999212
log_det,winequality-red_n100_alpha3,2,24,4,4,4.347878285,1.873878624,19.28029595,25.50205286
log_det,winequality-red_n100_alpha3,2,24,5,5,5.329546528,3.661013796,13.59206008,22.5826204
log_det,winequality-red_n100_alpha3,2,24,6,6,6.16326925,4.176386001,12.51904575,22.858701
log_det,winequality-red_n100_alpha3,2,24,7,7,6.937164464,6.486853207,8.514190102,21.93820777
log_det,winequality-red_n100_alpha3,2,24,8,8,7.501915629,9.631429867,5.392394155,22.52573965
log_det,winequality-red_n100_alpha3,2,24,9,9,8.03927162,10.73511515,4.442137758,23.21652453
log_det,winequality-red_n100_alpha3,2,24,10,10,8.538587017,11.58316173,3.660772123,23.78252087
log_det,winequality-red_n100_alpha3,2,24,11,11,8.963125032,12.38095026,2.863909048,24.20798434
log_det,winequality-red_n100_alpha3,2,24,12,12,9.291437842,12.68057913,2.044734063,24.01675103
log_det,winequality-red_n100_alpha3,2,24,13,13,9.574068817,14.78564811,1.243962718,25.60367964
log_det,winequality-red_n100_alpha3,2,24,14,14,9.840575719,16.72319008,0.6589681748,27.22273398
log_det,winequality-red_n100_alpha3,2,24,15,15,10.07584141,18.13066255,0.27745365,28.48395761
log_det,winequality-red_n100_alpha3,2,24,16,16,10.17579033,21.02650673,0.04224843508,31.2445455
log_det,winequality-red_n100_alpha3,2,24,17,17,10.21803877,23.4194889,0,33.63752767
log_det,winequality-red_n100_alpha3,2,25,0,0,0,0,27.49029473,27.49029473
log_det,winequality-red_n100_alpha3,2,25,1,1,1.099611789,1.454550924,23.45697684,26.01113955
log_det,winequality-red_n100_alpha3,2,25,2,2,2.197870534,1.454550924,23.0350621,26.68748356
log_det,winequality-red_n100_alpha3,2,25,3,3,3.291064589,1.454550924,22.24432167,26.98993718
log_det,winequality-red_n100_alpha3,2,25,4,4,4.347878285,1.873878624,19.8905609,26.11231781
log_det,winequality-red_n100_alpha3,2,25,5,5,5.329546528,3.661013796,14.03977517,23.0303355
log_det,winequality-red_n100_alpha3,2,25,6,6,6.16326925,4.176386001,12.93281122,23.27246647
log_det,winequality-red_n100_alpha3,2,25,7,7,6.937164464,6.486853207,8.744589029,22.1686067
log_det,winequality-red_n100_alpha3,2,25,8,8,7.501915629,9.631429867,5.466280788,22.59962628
log_det,winequality-red_n100_alpha3,2,25,9,9,8.03927162,10.73511515,4.491761896,23.26614867
log_det,winequality-red_n100_alpha3,2,25,10,10,8.538587017,11.58316173,3.680290656,23.8020394
log_det,winequality-red_n100_alpha3,2,25,11,11,8.963125032,12.38095026,2.875284623,24.21935992
log_det,winequality-red_n100_alpha3,2,25,12,12,9.291437842,12.68057913,2.044734063,24.01675103
log_det,winequality-red_n100_alpha3,2,25,13,13,9.574068817,14.78564811,1.243962718,25.60367964
log_det,winequality-red_n100_alpha3,2,25,14,14,9.840575719,16.72319008,0.6589681748,27.22273398
log_det,winequality-red_n100_alpha3,2,25,15,15,10.07584141,18.13066255,0.27745365,28.48395761
log_det,winequality-red_n100_alpha3,2,25,16,16,10.17579033,21.02650673,0.04224843508,31.2445455
log_det,winequality-red_n100_alpha3,2,25,17,17,10.21803877,23.4194889,0,33.63752767
log_det,winequality-red_n100_alpha3,2,26,0,0,0,0,28.58990651,28.58990651
log_det,winequality-red_n100_alpha3,2,26,1,1,1.099611789,1.454550924,24.22380785,26.77797057
log_det,winequality-red_n100_alpha3,2,26,2,2,2.197870534,1.454550924,23.79522921,27.44765067
log_det,winequality-red_n100_alpha3,2,26,3,3,3.291064589,1.454550924,22.96463888,27.7102544
log_det,winequality-red_n100_alpha3,2,26,4,4,4.347878285,1.873878624,20.4701263,26.69188321
log_det,winequality-red_n100_alpha3,2,26,5,5,5.329546528,3.661013796,14.47829609,23.46885641
log_det,winequality-red_n100_alpha3,2,26,6,6,6.16326925,4.176386001,13.3442988,23.68395405
log_det,winequality-red_n100_alpha3,2,26,7,7,6.937164464,6.486853207,8.974670423,22.39868809
log_det,winequality-red_n100_alpha3,2,26,8,8,7.501915629,9.631429867,5.535441712,22.66878721
log_det,winequality-red_n100_alpha3,2,26,9,9,8.03927162,10.73511515,4.522161841,23.29654861
log_det,winequality-red_n100_alpha3,2,26,10,10,8.538587017,11.58316173,3.698453834,23.82020258
log_det,winequality-red_n100_alpha3,2,26,11,11,8.963125032,12.38095026,2.87740897,24.22148427
log_det,winequality-red_n100_alpha3,2,26,12,12,9.291437842,12.68057913,2.044734063,24.01675103
log_det,winequality-red_n100_alpha3,2,26,13,13,9.574068817,14.78564811,1.243962718,25.60367964
log_det,winequality-red_n100_alpha3,2,26,14,14,9.840575719,16.72319008,0.6589681748,27.22273398
log_det,winequality-red_n100_alpha3,2,26,15,15,10.07584141,18.13066255,0.27745365,28.48395761
log_det,winequality-red_n100_alpha3,2,26,16,16,10.17579033,21.02650673,0.04224843508,31.2445455
log_det,winequality-red_n100_alpha3,2,26,17,17,10.21803877,23.4194889,0,33.63752767
log_det,winequality-red_n100_alpha3,2,27,0,0,0,0,29.6895183,29.6895183
log_det,winequality-red_n100_alpha3,2,27,1,1,1.099611789,1.454550924,24.97370521,27.52786792
log_det,winequality-red_n100_alpha3,2,27,2,2,2.197870534,1.454550924,24.550589,28.20301046
log_det,winequality-red_n100_alpha3,2,27,3,3,3.291064589,1.454550924,23.68279611,28.42841162
log_det,winequality-red_n100_alpha3,2,27,4,4,4.347878285,1.873878624,21.00992055,27.23167746
log_det,winequality-red_n100_alpha3,2,27,5,5,5.329546528,3.661013796,14.91247909,23.90303942
log_det,winequality-red_n100_alpha3,2,27,6,6,6.16326925,4.176386001,13.74776717,24.08742242
log_det,winequality-red_n100_alpha3,2,27,7,7,6.937164464,6.486853207,9.204582438,22.62860011
log_det,winequality-red_n100_alpha3,2,27,8,8,7.501915629,9.631429867,5.601182674,22.73452817
log_det,winequality-red_n100_alpha3,2,27,9,9,8.03927162,10.73511515,4.547758612,23.32214538
log_det,winequality-red_n100_alpha3,2,27,10,10,8.538587017,11.58316173,3.707739043,23.82948779
log_det,winequality-red_n100_alpha3,2,27,11,11,8.963125032,12.38095026,2.87740897,24.22148427
log_det,winequality-red_n100_alpha3,2,27,12,12,9.291437842,12.68057913,2.044734063,24.01675103
log_det,winequality-red_n100_alpha3,2,27,13,13,9.574068817,14.78564811,1.243962718,25.60367964
log_det,winequality-red_n100_alpha3,2,27,14,14,9.840575719,16.72319008,0.6589681748,27.22273398
log_det,winequality-red_n100_alpha3,2,27,15,15,10.07584141,18.13066255,0.27745365,28.48395761
log_det,winequality-red_n100_alpha3,2,27,16,16,10.17579033,21.02650673,0.04224843508,31.2445455
log_det,winequality-red_n100_alpha3,2,27,17,17,10.21803877,23.4194889,0,33.63752767
log_det,winequality-red_n100_alpha3,2,28,0,0,0,0,30.78913009,30.78913009
log_det,winequality-red_n100_alpha3,2,28,1,1,1.099611789,1.454550924,25.69798169,28.2521444
log_det,winequality-red_n100_alpha3,2,28,2,2,2.197870534,1.454550924,25.28179091,28.93421237
log_det,winequality-red_n100_alpha3,2,28,3,3,3.291064589,1.454550924,24.38390629,29.12952181
log_det,winequality-red_n100_alpha3,2,28,4,4,4.347878285,1.873878624,21.53701987,27.75877678
log_det,winequality-red_n100_alpha3,2,28,5,5,5.329546528,3.661013796,15.34434696,24.33490728
log_det,winequality-red_n100_alpha3,2,28,6,6,6.16326925,4.176386001,14.14748883,24.48714408
log_det,winequality-red_n100_alpha3,2,28,7,7,6.937164464,6.486853207,9.433462029,22.8574797
log_det,winequality-red_n100_alpha3,2,28,8,8,7.501915629,9.631429867,5.666609139,22.79995464
log_det,winequality-red_n100_alpha3,2,28,9,9,8.03927162,10.73511515,4.567319979,23.34170675
log_det,winequality-red_n100_alpha3,2,28,10,10,8.538587017,11.58316173,3.707739043,23.82948779
log_det,winequality-red_n100_alpha3,2,28,11,11,8.963125032,12.38095026,2.87740897,24.22148427
log_det,winequality-red_n100_alpha3,2,28,12,12,9.291437842,12.68057913,2.044734063,24.01675103
log_det,winequality-red_n100_alpha3,2,28,13,13,9.574068817,14.78564811,1.243962718,25.60367964
log_det,winequality-red_n100_alpha3,2,28,14,14,9.840575719,16.72319008,0.6589681748,27.22273398
log_det,winequality-red_n100_alpha3,2,28,15,15,10.07584141,18.13066255,0.27745365,28.48395761
log_det,winequality-red_n100_alpha3,2,28,16,16,10.17579033,21.02650673,0.04224843508,31.2445455
log_det,winequality-red_n100_alpha3,2,28,17,17,10.21803877,23.4194889,0,33.63752767
log_det,winequality-red_n100_alpha3,2,29,0,0,0,0,31.88874188,31.88874188
log_det,winequality-red_n100_alpha3,2,29,1,1,1.099611789,1.454550924,26.41957669,28.9737394
log_det,winequality-red_n100_alpha3,2,29,2,2,2.197870534,1.454550924,26.0023814,29.65480286
log_det,winequality-red_n100_alpha3,2,29,3,3,3.291064589,1.454550924,25.04209172,29.78770723
log_det,winequality-red_n100_alpha3,2,29,4,4,4.347878285,1.873878624,22.06251825,28.28427516
log_det,winequality-red_n100_alpha3,2,29,5,5,5.329546528,3.661013796,15.77047689,24.76103721
log_det,winequality-red_n100_alpha3,2,29,6,6,6.16326925,4.176386001,14.54040725,24.8800625
log_det,winequality-red_n100_alpha3,2,29,7,7,6.937164464,6.486853207,9.658544462,23.08256213
log_det,winequality-red_n100_alpha3,2,29,8,8,7.501915629,9.631429867,5.725439222,22.85878472
log_det,winequality-red_n100_alpha3,2,29,9,9,8.03927162,10.73511515,4.567319979,23.34170675
log_det,winequality-red_n100_alpha3,2,29,10,10,8.538587017,11.58316173,3.707739043,23.82948779
log_det,winequality-red_n100_alpha3,2,29,11,11,8.963125032,12.38095026,2.87740897,24.22148427
log_det,winequality-red_n100_alpha3,2,29,12,12,9.291437842,12.68057913,2.044734063,24.01675103
log_det,winequality-red_n100_alpha3,2,29,13,13,9.574068817,14.78564811,1.243962718,25.60367964
log_det,winequality-red_n100_alpha3,2,29,14,14,9.840575719,16.72319008,0.6589681748,27.22273398
log_det,winequality-red_n100_alpha3,2,29,15,15,10.07584141,18.13066255,0.27745365,28.48395761
log_det,winequality-red_n100_alpha3,2,29,16,16,10.17579033,21.02650673,0.04224843508,31.2445455
log_det,winequality-red_n100_alpha3,2,29,17,17,10.21803877,23.4194889,0,33.63752767
log_det,winequality-red_n100_alpha3,2,30,0,0,0,0,32.98835367,32.98835367
log_det,winequality-red_n100_alpha3,2,30,1,1,1.099611789,1.454550924,27.11537286,29.66953557
log_det,winequality-red_n100_alpha3,2,30,2,2,2.197870534,1.454550924,26.72102019,30.37344165
log_det,winequality-red_n100_alpha3,2,30,3,3,3.291064589,1.454550924,25.68169205,30.42730756
log_det,winequality-red_n100_alpha3,2,30,4,4,4.347878285,1.873878624,22.57068228,28.79243919
log_det,winequality-red_n100_alpha3,2,30,5,5,5.329546528,3.661013796,16.1917637,25.18232403
log_det,winequality-red_n100_alpha3,2,30,6,6,6.16326925,4.176386001,14.93139661,25.27105186
log_det,winequality-red_n100_alpha3,2,30,7,7,6.937164464,6.486853207,9.867820108,23.29183778
log_det,winequality-red_n100_alpha3,2,30,8,8,7.501915629,9.631429867,5.784200061,22.91754556
log_det,winequality-red_n100_alpha3,2,30,9,9,8.03927162,10.73511515,4.567319979,23.34170675
log_det,winequality-red_n100_alpha3,2,30,10,10,8.538587017,11.58316173,3.707739043,23.82948779
log_det,winequality-red_n100_alpha3,2,30,11,11,8.963125032,12.38095026,2.87740897,24.22148427
log_det,winequality-red_n100_alpha3,2,30,12,12,9.291437842,12.68057913,2.044734063,24.01675103
log_det,winequality-red_n100_alpha3,2,30,13,13,9.574068817,14.78564811,1.243962718,25.60367964
log_det,winequality-red_n100_alpha3,2,30,14,14,9.840575719,16.72319008,0.6589681748,27.22273398
log_det,winequality-red_n100_alpha3,2,30,15,15,10.07584141,18.13066255,0.27745365,28.48395761
log_det,winequality-red_n100_alpha3,2,30,16,16,10.17579033,21.02650673,0.04224843508,31.2445455
log_det,winequality-red_n100_alpha3,2,30,17,17,10.21803877,23.4194889,0,33.63752767
log_det,winequality-red_n100_alpha3,2,31,0,0,0,0,34.08796546,34.08796546
log_det,winequality-red_n100_alpha3,2,31,1,1,1.099611789,1.454550924,27.77751492,30.33167763
log_det,winequality-red_n100_alpha3,2,31,2,2,2.197870534,1.454550924,27.42261096,31.07503241
log_det,winequality-red_n100_alpha3,2,31,3,3,3.291064589,1.454550924,26.29976027,31.04537578
log_det,winequality-red_n100_alpha3,2,31,4,4,4.347878285,1.873878624,23.05850115,29.28025806
log_det,winequality-red_n100_alpha3,2,31,5,5,5.329546528,3.661013796,16.61166326,25.60222359
log_det,winequality-red_n100_alpha3,2,31,6,6,6.16326925,4.176386001,15.30856254,25.64821779
log_det,winequality-red_n100_alpha3,2,31,7,7,6.937164464,6.486853207,10.07436788,23.49838555
log_det,winequality-red_n100_alpha3,2,31,8,8,7.501915629,9.631429867,5.8429609,22.9763064
log_det,winequality-red_n100_alpha3,2,31,9,9,8.03927162,10.73511515,4.567319979,23.34170675
log_det,winequality-red_n100_alpha3,2,31,10,10,8.538587017,11.58316173,3.707739043,23.82948779
log_det,winequality-red_n100_alpha3,2,31,11,11,8.963125032,12.38095026,2.87740897,24.22148427
log_det,winequality-red_n100_alpha3,2,31,12,12,9.291437842,12.68057913,2.044734063,24.01675103
log_det,winequality-red_n100_alpha3,2,31,13,13,9.574068817,14.78564811,1.243962718,25.60367964
log_det,winequality-red_n100_alpha3,2,31,14,14,9.840575719,16.72319008,0.6589681748,27.22273398
log_det,winequality-red_n100_alpha3,2,31,15,15,10.07584141,18.13066255,0.27745365,28.48395761
log_det,winequality-red_n100_alpha3,2,31,16,16,10.17579033,21.02650673,0.04224843508,31.2445455
log_det,winequality-red_n100_alpha3,2,31,17,17,10.21803877,23.4194889,0,33.63752767
log_det,winequality-red_n100_alpha3,2,32,0,0,0,0,35.18757725,35.18757725
log_det,winequality-red_n100_alpha3,2,32,1,1,1.099611789,1.454550924,28.41389935,30.96806206
log_det,winequality-red_n100_alpha3,2,32,2,2,2.197870534,1.454550924,28.07645928,31.72888074
log_det,winequality-red_n100_alpha3,2,32,3,3,3.291064589,1.454550924,26.89011189,31.6357274
log_det,winequality-red_n100_alpha3,2,32,4,4,4.347878285,1.873878624,23.53075056,29.75250747
log_det,winequality-red_n100_alpha3,2,32,5,5,5.329546528,3.661013796,17.01494048,26.0055008
log_det,winequality-red_n100_alpha3,2,32,6,6,6.16326925,4.176386001,15.68507682,26.02473207
log_det,winequality-red_n100_alpha3,2,32,7,7,6.937164464,6.486853207,10.26697326,23.69099093
log_det,winequality-red_n100_alpha3,2,32,8,8,7.501915629,9.631429867,5.892572304,23.0259178
log_det,winequality-red_n100_alpha3,2,32,9,9,8.03927162,10.73511515,4.567319979,23.34170675
log_det,winequality-red_n100_alpha3,2,32,10,10,8.538587017,11.58316173,3.707739043,23.82948779
log_det,winequality-red_n100_alpha3,2,32,11,11,8.963125032,12.38095026,2.87740897,24.22148427
log_det,winequality-red_n100_alpha3,2,32,12,12,9.291437842,12.68057913,2.044734063,24.01675103
log_det,winequality-red_n100_alpha3,2,32,13,13,9.574068817,14.78564811,1.243962718,25.60367964
log_det,winequality-red_n100_alpha3,2,32,14,14,9.840575719,16.72319008,0.6589681748,27.22273398
log_det,winequality-red_n100_alpha3,2,32,15,15,10.07584141,18.13066255,0.27745365,28.48395761
log_det,winequality-red_n100_alpha3,2,32,16,16,10.17579033,21.02650673,0.04224843508,31.2445455
log_det,winequality-red_n100_alpha3,2,32,17,17,10.21803877,23.4194889,0,33.63752767
log_det,winequality-red_n100_alpha3,2,33,0,0,0,0,36.28718904,36.28718904
log_det,winequality-red_n100_alpha3,2,33,1,1,1.099611789,1.454550924,29.0171845,31.57134722
log_det,winequality-red_n100_alpha3,2,33,2,2,2.197870534,1.454550924,28.71864415,32.37106561
log_det,winequality-red_n100_alpha3,2,33,3,3,3.291064589,1.454550924,27.48043482,32.22605033
log_det,winequality-red_n100_alpha3,2,33,4,4,4.347878285,1.873878624,23.99554526,30.21730216
log_det,winequality-red_n100_alpha3,2,33,5,5,5.329546528,3.661013796,17.41098961,26.40154994
log_det,winequality-red_n100_alpha3,2,33,6,6,6.16326925,4.176386001,16.06056896,26.40022421
log_det,winequality-red_n100_alpha3,2,33,7,7,6.937164464,6.486853207,10.44726809,23.87128576
log_det,winequality-red_n100_alpha3,2,33,8,8,7.501915629,9.631429867,5.926234377,23.05957987
log_det,winequality-red_n100_alpha3,2,33,9,9,8.03927162,10.73511515,4.567319979,23.34170675
log_det,winequality-red_n100_alpha3,2,33,10,10,8.538587017,11.58316173,3.707739043,23.82948779
log_det,winequality-red_n100_alpha3,2,33,11,11,8.963125032,12.38095026,2.87740897,24.22148427
log_det,winequality-red_n100_alpha3,2,33,12,12,9.291437842,12.68057913,2.044734063,24.01675103
log_det,winequality-red_n100_alpha3,2,33,13,13,9.574068817,14.78564811,1.243962718,25.60367964
log_det,winequality-red_n100_alpha3,2,33,14,14,9.840575719,16.72319008,0.6589681748,27.22273398
log_det,winequality-red_n100_alpha3,2,33,15,15,10.07584141,18.13066255,0.27745365,28.48395761
log_det,winequality-red_n100_alpha3,2,33,16,16,10.17579033,21.02650673,0.04224843508,31.2445455
log_det,winequality-red_n100_alpha3,2,33,17,17,10.21803877,23.4194889,0,33.63752767
log_det,winequality-red_n100_alpha3,2,34,0,0,0,0,37.38680083,37.38680083
log_det,winequality-red_n100_alpha3,2,34,1,1,1.099611789,1.454550924,29.60858941,32.16275212
log_det,winequality-red_n100_alpha3,2,34,2,2,2.197870534,1.454550924,29.33671324,32.9891347
log_det,winequality-red_n100_alpha3,2,34,3,3,3.291064589,1.454550924,28.06200041,32.80761592
log_det,winequality-red_n100_alpha3,2,34,4,4,4.347878285,1.873878624,24.45638717,30.67814408
log_det,winequality-red_n100_alpha3,2,34,5,5,5.329546528,3.661013796,17.80528826,26.79584859
log_det,winequality-red_n100_alpha3,2,34,6,6,6.16326925,4.176386001,16.430237,26.76989225
log_det,winequality-red_n100_alpha3,2,34,7,7,6.937164464,6.486853207,10.62456072,24.04857839
log_det,winequality-red_n100_alpha3,2,34,8,8,7.501915629,9.631429867,5.952143742,23.08548924
log_det,winequality-red_n100_alpha3,2,34,9,9,8.03927162,10.73511515,4.567319979,23.34170675
log_det,winequality-red_n100_alpha3,2,34,10,10,8.538587017,11.58316173,3.707739043,23.82948779
log_det,winequality-red_n100_alpha3,2,34,11,11,8.963125032,12.38095026,2.87740897,24.22148427
log_det,winequality-red_n100_alpha3,2,34,12,12,9.291437842,12.68057913,2.044734063,24.01675103
log_det,winequality-red_n100_alpha3,2,34,13,13,9.574068817,14.78564811,1.243962718,25.60367964
log_det,winequality-red_n100_alpha3,2,34,14,14,9.840575719,16.72319008,0.6589681748,27.22273398
log_det,winequality-red_n100_alpha3,2,34,15,15,10.07584141,18.13066255,0.27745365,28.48395761
log_det,winequality-red_n100_alpha3,2,34,16,16,10.17579033,21.02650673,0.04224843508,31.2445455
log_det,winequality-red_n100_alpha3,2,34,17,17,10.21803877,23.4194889,0,33.63752767
log_det,winequality-red_n100_alpha3,2,35,0,0,0,0,37.49259537,37.49259537
log_det,winequality-red_n100_alpha3,2,35,1,1,1.099611789,1.454550924,30.19327545,32.74743816
log_det,winequality-red_n100_alpha3,2,35,2,2,2.197870534,1.454550924,29.92799743,33.58041889
log_det,winequality-red_n100_alpha3,2,35,3,3,3.291064589,1.454550924,28.62554186,33.37115737
log_det,winequality-red_n100_alpha3,2,35,4,4,4.347878285,1.873878624,24.91588512,31.13764203
log_det,winequality-red_n100_alpha3,2,35,5,5,5.329546528,3.661013796,18.18787587,27.17843619
log_det,winequality-red_n100_alpha3,2,35,6,6,6.16326925,4.176386001,16.79501864,27.13467389
log_det,winequality-red_n100_alpha3,2,35,7,7,6.937164464,6.486853207,10.75363751,24.17765518
log_det,winequality-red_n100_alpha3,2,35,8,8,7.501915629,9.631429867,5.971891024,23.10523652
log_det,winequality-red_n100_alpha3,2,35,9,9,8.03927162,10.73511515,4.567319979,23.34170675
log_det,winequality-red_n100_alpha3,2,35,10,10,8.538587017,11.58316173,3.707739043,23.82948779
log_det,winequality-red_n100_alpha3,2,35,11,11,8.963125032,12.38095026,2.87740897,24.22148427
log_det,winequality-red_n100_alpha3,2,35,12,12,9.291437842,12.68057913,2.044734063,24.01675103
log_det,winequality-red_n100_alpha3,2,35,13,13,9.574068817,14.78564811,1.243962718,25.60367964
log_det,winequality-red_n100_alpha3,2,35,14,14,9.840575719,16.72319008,0.6589681748,27.22273398
log_det,winequality-red_n100_alpha3,2,35,15,15,10.07584141,18.13066255,0.27745365,28.48395761
log_det,winequality-red_n100_alpha3,2,35,16,16,10.17579033,21.02650673,0.04224843508,31.2445455
log_det,winequality-red_n100_alpha3,2,35,17,17,10.21803877,23.4194889,0,33.63752767
log_det,winequality-red_n100_alpha3,2,36,0,0,0,0,37.49259537,37.49259537
log_det,winequality-red_n100_alpha3,2,36,1,1,1.099611789,1.454550924,30.76544995,33.31961266
log_det,winequality-red_n100_alpha3,2,36,2,2,2.197870534,1.454550924,30.51895247,34.17137393
log_det,winequality-red_n100_alpha3,2,36,3,3,3.291064589,1.454550924,29.16534475,33.91096026
log_det,winequality-red_n100_alpha3,2,36,4,4,4.347878285,1.873878624,25.36922072,31.59097763
log_det,winequality-red_n100_alpha3,2,36,5,5,5.329546528,3.661013796,18.57044614,27.56100646
log_det,winequality-red_n100_alpha3,2,36,6,6,6.16326925,4.176386001,17.15817289,27.49782814
log_det,winequality-red_n100_alpha3,2,36,7,7,6.937164464,6.486853207,10.87890158,24.30291925
log_det,winequality-red_n100_alpha3,2,36,8,8,7.501915629,9.631429867,5.976442829,23.10978833
log_det,winequality-red_n100_alpha3,2,36,9,9,8.03927162,10.73511515,4.567319979,23.34170675
log_det,winequality-red_n100_alpha3,2,36,10,10,8.538587017,11.58316173,3.707739043,23.82948779
log_det,winequality-red_n100_alpha3,2,36,11,11,8.963125032,12.38095026,2.87740897,24.22148427
log_det,winequality-red_n100_alpha3,2,36,12,12,9.291437842,12.68057913,2.044734063,24.01675103
log_det,winequality-red_n100_alpha3,2,36,13,13,9.574068817,14.78564811,1.243962718,25.60367964
log_det,winequality-red_n100_alpha3,2,36,14,14,9.840575719,16.72319008,0.6589681748,27.22273398
log_det,winequality-red_n100_alpha3,2,36,15,15,10.07584141,18.13066255,0.27745365,28.48395761
log_det,winequality-red_n100_alpha3,2,36,16,16,10.17579033,21.02650673,0.04224843508,31.2445455
log_det,winequality-red_n100_alpha3,2,36,17,17,10.21803877,23.4194889,0,33.63752767
log_det,winequality-red_n100_alpha3,2,37,0,0,0,0,37.49259537,37.49259537
log_det,winequality-red_n100_alpha3,2,37,1,1,1.099611789,1.454550924,31.3315846,33.88574731
log_det,winequality-red_n100_alpha3,2,37,2,2,2.197870534,1.454550924,31.10064792,34.75306938
log_det,winequality-red_n100_alpha3,2,37,3,3,3.291064589,1.454550924,29.68537125,34.43098676
log_det,winequality-red_n100_alpha3,2,37,4,4,4.347878285,1.873878624,25.81830216,32.04005906
log_det,winequality-red_n100_alpha3,2,37,5,5,5.329546528,3.661013796,18.95147823,27.94203855
log_det,winequality-red_n100_alpha3,2,37,6,6,6.16326925,4.176386001,17.51925074,27.85890599
log_det,winequality-red_n100_alpha3,2,37,7,7,6.937164464,6.486853207,10.97569994,24.39971761
log_det,winequality-red_n100_alpha3,2,37,8,8,7.501915629,9.631429867,5.976442829,23.10978833
log_det,winequality-red_n100_alpha3,2,37,9,9,8.03927162,10.73511515,4.567319979,23.34170675
log_det,winequality-red_n100_alpha3,2,37,10,10,8.538587017,11.58316173,3.707739043,23.82948779
log_det,winequality-red_n100_alpha3,2,37,11,11,8.963125032,12.38095026,2.87740897,24.22148427
log_det,winequality-red_n100_alpha3,2,37,12,12,9.291437842,12.68057913,2.044734063,24.01675103
log_det,winequality-red_n100_alpha3,2,37,13,13,9.574068817,14.78564811,1.243962718,25.60367964
log_det,winequality-red_n100_alpha3,2,37,14,14,9.840575719,16.72319008,0.6589681748,27.22273398
log_det,winequality-red_n100_alpha3,2,37,15,15,10.07584141,18.13066255,0.27745365,28.48395761
log_det,winequality-red_n100_alpha3,2,37,16,16,10.17579033,21.02650673,0.04224843508,31.2445455
log_det,winequality-red_n100_alpha3,2,37,17,17,10.21803877,23.4194889,0,33.63752767
log_det,winequality-red_n100_alpha3,2,38,0,0,0,0,37.49259537,37.49259537
log_det,winequality-red_n100_alpha3,2,38,1,1,1.099611789,1.454550924,31.85494948,34.40911219
log_det,winequality-red_n100_alpha3,2,38,2,2,2.197870534,1.454550924,31.66697301,35.31939447
log_det,winequality-red_n100_alpha3,2,38,3,3,3.291064589,1.454550924,30.16920516,34.91482067
log_det,winequality-red_n100_alpha3,2,38,4,4,4.347878285,1.873878624,26.26576112,32.48751803
log_det,winequality-red_n100_alpha3,2,38,5,5,5.329546528,3.661013796,19.32727293,28.31783326
log_det,winequality-red_n100_alpha3,2,38,6,6,6.16326925,4.176386001,17.87631999,28.21597524
log_det,winequality-red_n100_alpha3,2,38,7,7,6.937164464,6.486853207,11.07084915,24.49486682
log_det,winequality-red_n100_alpha3,2,38,8,8,7.501915629,9.631429867,5.976442829,23.10978833
log_det,winequality-red_n100_alpha3,2,38,9,9,8.03927162,10.73511515,4.567319979,23.34170675
log_det,winequality-red_n100_alpha3,2,38,10,10,8.538587017,11.58316173,3.707739043,23.82948779
log_det,winequality-red_n100_alpha3,2,38,11,11,8.963125032,12.38095026,2.87740897,24.22148427
log_det,winequality-red_n100_alpha3,2,38,12,12,9.291437842,12.68057913,2.044734063,24.01675103
log_det,winequality-red_n100_alpha3,2,38,13,13,9.574068817,14.78564811,1.243962718,25.60367964
log_det,winequality-red_n100_alpha3,2,38,14,14,9.840575719,16.72319008,0.6589681748,27.22273398
log_det,winequality-red_n100_alpha3,2,38,15,15,10.07584141,18.13066255,0.27745365,28.48395761
log_det,winequality-red_n100_alpha3,2,38,16,16,10.17579033,21.02650673,0.04224843508,31.2445455
log_det,winequality-red_n100_alpha3,2,38,17,17,10.21803877,23.4194889,0,33.63752767
log_det,winequality-red_n100_alpha3,2,39,0,0,0,0,37.49259537,37.49259537
log_det,winequality-red_n100_alpha3,2,39,1,1,1.099611789,1.454550924,32.35068835,34.90485106
log_det,winequality-red_n100_alpha3,2,39,2,2,2.197870534,1.454550924,32.2080477,35.86046916
log_det,winequality-red_n100_alpha3,2,39,3,3,3.291064589,1.454550924,30.62680533,35.37242084
log_det,winequality-red_n100_alpha3,2,39,4,4,4.347878285,1.873878624,26.71165201,32.93340892
log_det,winequality-red_n100_alpha3,2,39,5,5,5.329546528,3.661013796,19.70056604,28.69112636
log_det,winequality-red_n100_alpha3,2,39,6,6,6.16326925,4.176386001,18.22951034,28.56916559
log_det,winequality-red_n100_alpha3,2,39,7,7,6.937164464,6.486853207,11.15608437,24.58010204
log_det,winequality-red_n100_alpha3,2,39,8,8,7.501915629,9.631429867,5.976442829,23.10978833
log_det,winequality-red_n100_alpha3,2,39,9,9,8.03927162,10.73511515,4.567319979,23.34170675
log_det,winequality-red_n100_alpha3,2,39,10,10,8.538587017,11.58316173,3.707739043,23.82948779
log_det,winequality-red_n100_alpha3,2,39,11,11,8.963125032,12.38095026,2.87740897,24.22148427
log_det,winequality-red_n100_alpha3,2,39,12,12,9.291437842,12.68057913,2.044734063,24.01675103
log_det,winequality-red_n100_alpha3,2,39,13,13,9.574068817,14.78564811,1.243962718,25.60367964
log_det,winequality-red_n100_alpha3,2,39,14,14,9.840575719,16.72319008,0.6589681748,27.22273398
log_det,winequality-red_n100_alpha3,2,39,15,15,10.07584141,18.13066255,0.27745365,28.48395761
log_det,winequality-red_n100_alpha3,2,39,16,16,10.17579033,21.02650673,0.04224843508,31.2445455
log_det,winequality-red_n100_alpha3,2,39,17,17,10.21803877,23.4194889,0,33.63752767
log_det,winequality-red_n100_alpha3,2,40,0,0,0,0,37.49259537,37.49259537
log_det,winequality-red_n100_alpha3,2,40,1,1,1.099611789,1.454550924,32.81466806,35.36883077
log_det,winequality-red_n100_alpha3,2,40,2,2,2.197870534,1.454550924,32.72811493,36.38053639
log_det,winequality-red_n100_alpha3,2,40,3,3,3.291064589,1.454550924,31.0680363,35.81365181
log_det,winequality-red_n100_alpha3,2,40,4,4,4.347878285,1.873878624,27.15726243,33.37901934
log_det,winequality-red_n100_alpha3,2,40,5,5,5.329546528,3.661013796,20.06308691,29.05364724
log_det,winequality-red_n100_alpha3,2,40,6,6,6.16326925,4.176386001,18.56584019,28.90549544
log_det,winequality-red_n100_alpha3,2,40,7,7,6.937164464,6.486853207,11.24017795,24.66419562
log_det,winequality-red_n100_alpha3,2,40,8,8,7.501915629,9.631429867,5.976442829,23.10978833
log_det,winequality-red_n100_alpha3,2,40,9,9,8.03927162,10.73511515,4.567319979,23.34170675
log_det,winequality-red_n100_alpha3,2,40,10,10,8.538587017,11.58316173,3.707739043,23.82948779
log_det,winequality-red_n100_alpha3,2,40,11,11,8.963125032,12.38095026,2.87740897,24.22148427
log_det,winequality-red_n100_alpha3,2,40,12,12,9.291437842,12.68057913,2.044734063,24.01675103
log_det,winequality-red_n100_alpha3,2,40,13,13,9.574068817,14.78564811,1.243962718,25.60367964
log_det,winequality-red_n100_alpha3,2,40,14,14,9.840575719,16.72319008,0.6589681748,27.22273398
log_det,winequality-red_n100_alpha3,2,40,15,15,10.07584141,18.13066255,0.27745365,28.48395761
log_det,winequality-red_n100_alpha3,2,40,16,16,10.17579033,21.02650673,0.04224843508,31.2445455
log_det,winequality-red_n100_alpha3,2,40,17,17,10.21803877,23.4194889,0,33.63752767
log_det,winequality-red_n100_alpha3,2,41,0,0,0,0,37.49259537,37.49259537
log_det,winequality-red_n100_alpha3,2,41,1,1,1.099611789,1.454550924,33.2609945,35.81515721
log_det,winequality-red_n100_alpha3,2,41,2,2,2.197870534,1.454550924,33.21067985,36.86310131
log_det,winequality-red_n100_alpha3,2,41,3,3,3.291064589,1.454550924,31.48989661,36.23551213
log_det,winequality-red_n100_alpha3,2,41,4,4,4.347878285,1.873878624,27.58549629,33.8072532
log_det,winequality-red_n100_alpha3,2,41,5,5,5.329546528,3.661013796,20.42096319,29.41152352
log_det,winequality-red_n100_alpha3,2,41,6,6,6.16326925,4.176386001,18.8898408,29.22949605
log_det,winequality-red_n100_alpha3,2,41,7,7,6.937164464,6.486853207,11.3239805,24.74799817
log_det,winequality-red_n100_alpha3,2,41,8,8,7.501915629,9.631429867,5.976442829,23.10978833
log_det,winequality-red_n100_alpha3,2,41,9,9,8.03927162,10.73511515,4.567319979,23.34170675
log_det,winequality-red_n100_alpha3,2,41,10,10,8.538587017,11.58316173,3.707739043,23.82948779
log_det,winequality-red_n100_alpha3,2,41,11,11,8.963125032,12.38095026,2.87740897,24.22148427
log_det,winequality-red_n100_alpha3,2,41,12,12,9.291437842,12.68057913,2.044734063,24.01675103
log_det,winequality-red_n100_alpha3,2,41,13,13,9.574068817,14.78564811,1.243962718,25.60367964
log_det,winequality-red_n100_alpha3,2,41,14,14,9.840575719,16.72319008,0.6589681748,27.22273398
log_det,winequality-red_n100_alpha3,2,41,15,15,10.07584141,18.13066255,0.27745365,28.48395761
log_det,winequality-red_n100_alpha3,2,41,16,16,10.17579033,21.02650673,0.04224843508,31.2445455
log_det,winequality-red_n100_alpha3,2,41,17,17,10.21803877,23.4194889,0,33.63752767
log_det,winequality-red_n100_alpha3,2,42,0,0,0,0,37.49259537,37.49259537
log_det,winequality-red_n100_alpha3,2,42,1,1,1.099611789,1.454550924,33.68814498,36.24230769
log_det,winequality-red_n100_alpha3,2,42,2,2,2.197870534,1.454550924,33.66828261,37.32070406
log_det,winequality-red_n100_alpha3,2,42,3,3,3.291064589,1.454550924,31.87442238,36.62003789
log_det,winequality-red_n100_alpha3,2,42,4,4,4.347878285,1.873878624,28.01198842,34.23374533
log_det,winequality-red_n100_alpha3,2,42,5,5,5.329546528,3.661013796,20.76615688,29.75671721
log_det,winequality-red_n100_alpha3,2,42,6,6,6.16326925,4.176386001,19.20515975,29.544815
log_det,winequality-red_n100_alpha3,2,42,7,7,6.937164464,6.486853207,11.401679,24.82569667
log_det,winequality-red_n100_alpha3,2,42,8,8,7.501915629,9.631429867,5.976442829,23.10978833
log_det,winequality-red_n100_alpha3,2,42,9,9,8.03927162,10.73511515,4.567319979,23.34170675
log_det,winequality-red_n100_alpha3,2,42,10,10,8.538587017,11.58316173,3.707739043,23.82948779
log_det,winequality-red_n100_alpha3,2,42,11,11,8.963125032,12.38095026,2.87740897,24.22148427
log_det,winequality-red_n100_alpha3,2,42,12,12,9.291437842,12.68057913,2.044734063,24.01675103
log_det,winequality-red_n100_alpha3,2,42,13,13,9.574068817,14.78564811,1.243962718,25.60367964
log_det,winequality-red_n100_alpha3,2,42,14,14,9.840575719,16.72319008,0.6589681748,27.22273398
log_det,winequality-red_n100_alpha3,2,42,15,15,10.07584141,18.13066255,0.27745365,28.48395761
log_det,winequality-red_n100_alpha3,2,42,16,16,10.17579033,21.02650673,0.04224843508,31.2445455
log_det,winequality-red_n100_alpha3,2,42,17,17,10.21803877,23.4194889,0,33.63752767
log_det,winequality-red_n100_alpha3,2,43,0,0,0,0,37.49259537,37.49259537
log_det,winequality-red_n100_alpha3,2,43,1,1,1.099611789,1.454550924,34.07524682,36.62940953
log_det,winequality-red_n100_alpha3,2,43,2,2,2.197870534,1.454550924,34.10955274,37.7619742
log_det,winequality-red_n100_alpha3,2,43,3,3,3.291064589,1.454550924,32.25353108,36.99914659
log_det,winequality-red_n100_alpha3,2,43,4,4,4.347878285,1.873878624,28.4303797,34.65213661
log_det,winequality-red_n100_alpha3,2,43,5,5,5.329546528,3.661013796,21.10116276,30.09172309
log_det,winequality-red_n100_alpha3,2,43,6,6,6.16326925,4.176386001,19.5204787,29.86013395
log_det,winequality-red_n100_alpha3,2,43,7,7,6.937164464,6.486853207,11.47581036,24.89982803
log_det,winequality-red_n100_alpha3,2,43,8,8,7.501915629,9.631429867,5.976442829,23.10978833
log_det,winequality-red_n100_alpha3,2,43,9,9,8.03927162,10.73511515,4.567319979,23.34170675
log_det,winequality-red_n100_alpha3,2,43,10,10,8.538587017,11.58316173,3.707739043,23.82948779
log_det,winequality-red_n100_alpha3,2,43,11,11,8.963125032,12.38095026,2.87740897,24.22148427
log_det,winequality-red_n100_alpha3,2,43,12,12,9.291437842,12.68057913,2.044734063,24.01675103
log_det,winequality-red_n100_alpha3,2,43,13,13,9.574068817,14.78564811,1.243962718,25.60367964
log_det,winequality-red_n100_alpha3,2,43,14,14,9.840575719,16.72319008,0.6589681748,27.22273398
log_det,winequality-red_n100_alpha3,2,43,15,15,10.07584141,18.13066255,0.27745365,28.48395761
log_det,winequality-red_n100_alpha3,2,43,16,16,10.17579033,21.02650673,0.04224843508,31.2445455
log_det,winequality-red_n100_alpha3,2,43,17,17,10.21803877,23.4194889,0,33.63752767
log_det,winequality-red_n100_alpha3,2,44,0,0,0,0,37.49259537,37.49259537
log_det,winequality-red_n100_alpha3,2,44,1,1,1.099611789,1.454550924,34.457151,37.01131371
log_det,winequality-red_n100_alpha3,2,44,2,2,2.197870534,1.454550924,34.51381671,38.16623816
log_det,winequality-red_n100_alpha3,2,44,3,3,3.291064589,1.454550924,32.5573237,37.30293921
log_det,winequality-red_n100_alpha3,2,44,4,4,4.347878285,1.873878624,28.83854761,35.06030452
log_det,winequality-red_n100_alpha3,2,44,5,5,5.329546528,3.661013796,21.42942381,30.41998414
log_det,winequality-red_n100_alpha3,2,44,6,6,6.16326925,4.176386001,19.83418524,30.17384049
log_det,winequality-red_n100_alpha3,2,44,7,7,6.937164464,6.486853207,11.5457138,24.96973147
log_det,winequality-red_n100_alpha3,2,44,8,8,7.501915629,9.631429867,5.976442829,23.10978833
log_det,winequality-red_n100_alpha3,2,44,9,9,8.03927162,10.73511515,4.567319979,23.34170675
log_det,winequality-red_n100_alpha3,2,44,10,10,8.538587017,11.58316173,3.707739043,23.82948779
log_det,winequality-red_n100_alpha3,2,44,11,11,8.963125032,12.38095026,2.87740897,24.22148427
log_det,winequality-red_n100_alpha3,2,44,12,12,9.291437842,12.68057913,2.044734063,24.01675103
log_det,winequality-red_n100_alpha3,2,44,13,13,9.574068817,14.78564811,1.243962718,25.60367964
log_det,winequality-red_n100_alpha3,2,44,14,14,9.840575719,16.72319008,0.6589681748,27.22273398
log_det,winequality-red_n100_alpha3,2,44,15,15,10.07584141,18.13066255,0.27745365,28.48395761
log_det,winequality-red_n100_alpha3,2,44,16,16,10.17579033,21.02650673,0.04224843508,31.2445455
log_det,winequality-red_n100_alpha3,2,44,17,17,10.21803877,23.4194889,0,33.63752767
log_det,winequality-red_n100_alpha3,2,45,0,0,0,0,37.49259537,37.49259537
log_det,winequality-red_n100_alpha3,2,45,1,1,1.099611789,1.454550924,34.76612937,37.32029208
log_det,winequality-red_n100_alpha3,2,45,2,2,2.197870534,1.454550924,34.90075825,38.55317971
log_det,winequality-red_n100_alpha3,2,45,3,3,3.291064589,1.454550924,32.66788531,37.41350083
log_det,winequality-red_n100_alpha3,2,45,4,4,4.347878285,1.873878624,29.22660775,35.44836466
log_det,winequality-red_n100_alpha3,2,45,5,5,5.329546528,3.661013796,21.75633527,30.74689559
log_det,winequality-red_n100_alpha3,2,45,6,6,6.16326925,4.176386001,20.1439868,30.48364205
log_det,winequality-red_n100_alpha3,2,45,7,7,6.937164464,6.486853207,11.61522797,25.03924565
log_det,winequality-red_n100_alpha3,2,45,8,8,7.501915629,9.631429867,5.976442829,23.10978833
log_det,winequality-red_n100_alpha3,2,45,9,9,8.03927162,10.73511515,4.567319979,23.34170675
log_det,winequality-red_n100_alpha3,2,45,10,10,8.538587017,11.58316173,3.707739043,23.82948779
log_det,winequality-red_n100_alpha3,2,45,11,11,8.963125032,12.38095026,2.87740897,24.22148427
log_det,winequality-red_n100_alpha3,2,45,12,12,9.291437842,12.68057913,2.044734063,24.01675103
log_det,winequality-red_n100_alpha3,2,45,13,13,9.574068817,14.78564811,1.243962718,25.60367964
log_det,winequality-red_n100_alpha3,2,45,14,14,9.840575719,16.72319008,0.6589681748,27.22273398
log_det,winequality-red_n100_alpha3,2,45,15,15,10.07584141,18.13066255,0.27745365,28.48395761
log_det,winequality-red_n100_alpha3,2,45,16,16,10.17579033,21.02650673,0.04224843508,31.2445455
log_det,winequality-red_n100_alpha3,2,45,17,17,10.21803877,23.4194889,0,33.63752767
log_det,winequality-red_n100_alpha3,2,46,0,0,0,0,37.49259537,37.49259537
log_det,winequality-red_n100_alpha3,2,46,1,1,1.099611789,1.454550924,34.87976195,37.43392467
log_det,winequality-red_n100_alpha3,2,46,2,2,2.197870534,1.454550924,35.27695383,38.92937528
log_det,winequality-red_n100_alpha3,2,46,3,3,3.291064589,1.454550924,32.70689018,37.45250569
log_det,winequality-red_n100_alpha3,2,46,4,4,4.347878285,1.873878624,29.61000818,35.83176509
log_det,winequality-red_n100_alpha3,2,46,5,5,5.329546528,3.661013796,22.05903595,31.04959627
log_det,winequality-red_n100_alpha3,2,46,6,6,6.16326925,4.176386001,20.44657347,30.78622872
log_det,winequality-red_n100_alpha3,2,46,7,7,6.937164464,6.486853207,11.6769727,25.10099037
log_det,winequality-red_n100_alpha3,2,46,8,8,7.501915629,9.631429867,5.976442829,23.10978833
log_det,winequality-red_n100_alpha3,2,46,9,9,8.03927162,10.73511515,4.567319979,23.34170675
log_det,winequality-red_n100_alpha3,2,46,10,10,8.538587017,11.58316173,3.707739043,23.82948779
log_det,winequality-red_n100_alpha3,2,46,11,11,8.963125032,12.38095026,2.87740897,24.22148427
log_det,winequality-red_n100_alpha3,2,46,12,12,9.291437842,12.68057913,2.044734063,24.01675103
log_det,winequality-red_n100_alpha3,2,46,13,13,9.574068817,14.78564811,1.243962718,25.60367964
log_det,winequality-red_n100_alpha3,2,46,14,14,9.840575719,16.72319008,0.6589681748,27.22273398
log_det,winequality-red_n100_alpha3,2,46,15,15,10.07584141,18.13066255,0.27745365,28.48395761
log_det,winequality-red_n100_alpha3,2,46,16,16,10.17579033,21.02650673,0.04224843508,31.2445455
log_det,winequality-red_n100_alpha3,2,46,17,17,10.21803877,23.4194889,0,33.63752767
log_det,winequality-red_n100_alpha3,2,47,0,0,0,0,37.49259537,37.49259537
log_det,winequality-red_n100_alpha3,2,47,1,1,1.099611789,1.454550924,34.92346183,37.47762455
log_det,winequality-red_n100_alpha3,2,47,2,2,2.197870534,1.454550924,35.58087638,39.23329784
log_det,winequality-red_n100_alpha3,2,47,3,3,3.291064589,1.454550924,32.74557296,37.49118847
log_det,winequality-red_n100_alpha3,2,47,4,4,4.347878285,1.873878624,29.98648098,36.20823789
log_det,winequality-red_n100_alpha3,2,47,5,5,5.329546528,3.661013796,22.34816249,31.33872282
log_det,winequality-red_n100_alpha3,2,47,6,6,6.16326925,4.176386001,20.73414809,31.07380334
log_det,winequality-red_n100_alpha3,2,47,7,7,6.937164464,6.486853207,11.73871743,25.1627351
log_det,winequality-red_n100_alpha3,2,47,8,8,7.501915629,9.631429867,5.976442829,23.10978833
log_det,winequality-red_n100_alpha3,2,47,9,9,8.03927162,10.73511515,4.567319979,23.34170675
log_det,winequality-red_n100_alpha3,2,47,10,10,8.538587017,11.58316173,3.707739043,23.82948779
log_det,winequality-red_n100_alpha3,2,47,11,11,8.963125032,12.38095026,2.87740897,24.22148427
log_det,winequality-red_n100_alpha3,2,47,12,12,9.291437842,12.68057913,2.044734063,24.01675103
log_det,winequality-red_n100_alpha3,2,47,13,13,9.574068817,14.78564811,1.243962718,25.60367964
log_det,winequality-red_n100_alpha3,2,47,14,14,9.840575719,16.72319008,0.6589681748,27.22273398
log_det,winequality-red_n100_alpha3,2,47,15,15,10.07584141,18.13066255,0.27745365,28.48395761
log_det,winequality-red_n100_alpha3,2,47,16,16,10.17579033,21.02650673,0.04224843508,31.2445455
log_det,winequality-red_n100_alpha3,2,47,17,17,10.21803877,23.4194889,0,33.63752767
log_det,winequality-red_n100_alpha3,2,48,0,0,0,0,37.49259537,37.49259537
log_det,winequality-red_n100_alpha3,2,48,1,1,1.099611789,1.454550924,34.94204286,37.49620557
log_det,winequality-red_n100_alpha3,2,48,2,2,2.197870534,1.454550924,35.6926282,39.34504966
log_det,winequality-red_n100_alpha3,2,48,3,3,3.291064589,1.454550924,32.74557296,37.49118847
log_det,winequality-red_n100_alpha3,2,48,4,4,4.347878285,1.873878624,30.33714607,36.55890298
log_det,winequality-red_n100_alpha3,2,48,5,5,5.329546528,3.661013796,22.63474614,31.62530647
log_det,winequality-red_n100_alpha3,2,48,6,6,6.16326925,4.176386001,21.02133588,31.36099113
log_det,winequality-red_n100_alpha3,2,48,7,7,6.937164464,6.486853207,11.79280507,25.21682274
log_det,winequality-red_n100_alpha3,2,48,8,8,7.501915629,9.631429867,5.976442829,23.10978833
log_det,winequality-red_n100_alpha3,2,48,9,9,8.03927162,10.73511515,4.567319979,23.34170675
log_det,winequality-red_n100_alpha3,2,48,10,10,8.538587017,11.58316173,3.707739043,23.82948779
log_det,winequality-red_n100_alpha3,2,48,11,11,8.963125032,12.38095026,2.87740897,24.22148427
log_det,winequality-red_n100_alpha3,2,48,12,12,9.291437842,12.68057913,2.044734063,24.01675103
log_det,winequality-red_n100_alpha3,2,48,13,13,9.574068817,14.78564811,1.243962718,25.60367964
log_det,winequality-red_n100_alpha3,2,48,14,14,9.840575719,16.72319008,0.6589681748,27.22273398
log_det,winequality-red_n100_alpha3,2,48,15,15,10.07584141,18.13066255,0.27745365,28.48395761
log_det,winequality-red_n100_alpha3,2,48,16,16,10.17579033,21.02650673,0.04224843508,31.2445455
log_det,winequality-red_n100_alpha3,2,48,17,17,10.21803877,23.4194889,0,33.63752767
log_det,winequality-red_n100_alpha3,2,49,0,0,0,0,37.49259537,37.49259537
log_det,winequality-red_n100_alpha3,2,49,1,1,1.099611789,1.454550924,34.94204286,37.49620557
log_det,winequality-red_n100_alpha3,2,49,2,2,2.197870534,1.454550924,35.73138687,39.38380833
log_det,winequality-red_n100_alpha3,2,49,3,3,3.291064589,1.454550924,32.74557296,37.49118847
log_det,winequality-red_n100_alpha3,2,49,4,4,4.347878285,1.873878624,30.68331283,36.90506974
log_det,winequality-red_n100_alpha3,2,49,5,5,5.329546528,3.661013796,22.90152349,31.89208381
log_det,winequality-red_n100_alpha3,2,49,6,6,6.16326925,4.176386001,21.30662583,31.64628108
log_det,winequality-red_n100_alpha3,2,49,7,7,6.937164464,6.486853207,11.81926435,25.24328202
log_det,winequality-red_n100_alpha3,2,49,8,8,7.501915629,9.631429867,5.976442829,23.10978833
log_det,winequality-red_n100_alpha3,2,49,9,9,8.03927162,10.73511515,4.567319979,23.34170675
log_det,winequality-red_n100_alpha3,2,49,10,10,8.538587017,11.58316173,3.707739043,23.82948779
log_det,winequality-red_n100_alpha3,2,49,11,11,8.963125032,12.38095026,2.87740897,24.22148427
log_det,winequality-red_n100_alpha3,2,49,12,12,9.291437842,12.68057913,2.044734063,24.01675103
log_det,winequality-red_n100_alpha3,2,49,13,13,9.574068817,14.78564811,1.243962718,25.60367964
log_det,winequality-red_n100_alpha3,2,49,14,14,9.840575719,16.72319008,0.6589681748,27.22273398
log_det,winequality-red_n100_alpha3,2,49,15,15,10.07584141,18.13066255,0.27745365,28.48395761
log_det,winequality-red_n100_alpha3,2,49,16,16,10.17579033,21.02650673,0.04224843508,31.2445455
log_det,winequality-red_n100_alpha3,2,49,17,17,10.21803877,23.4194889,0,33.63752767
log_det,winequality-red_n100_alpha3,2,50,0,0,0,0,37.49259537,37.49259537
log_det,winequality-red_n100_alpha3,2,50,1,1,1.099611789,1.454550924,34.94204286,37.49620557
log_det,winequality-red_n100_alpha3,2,50,2,2,2.197870534,1.454550924,35.75991444,39.4123359
log_det,winequality-red_n100_alpha3,2,50,3,3,3.291064589,1.454550924,32.74557296,37.49118847
log_det,winequality-red_n100_alpha3,2,50,4,4,4.347878285,1.873878624,31.02859836,37.25035527
log_det,winequality-red_n100_alpha3,2,50,5,5,5.329546528,3.661013796,23.15460459,32.14516492
log_det,winequality-red_n100_alpha3,2,50,6,6,6.16326925,4.176386001,21.58595103,31.92560628
log_det,winequality-red_n100_alpha3,2,50,7,7,6.937164464,6.486853207,11.82780088,25.25181855
log_det,winequality-red_n100_alpha3,2,50,8,8,7.501915629,9.631429867,5.976442829,23.10978833
log_det,winequality-red_n100_alpha3,2,50,9,9,8.03927162,10.73511515,4.567319979,23.34170675
log_det,winequality-red_n100_alpha3,2,50,10,10,8.538587017,11.58316173,3.707739043,23.82948779
log_det,winequality-red_n100_alpha3,2,50,11,11,8.963125032,12.38095026,2.87740897,24.22148427
log_det,winequality-red_n100_alpha3,2,50,12,12,9.291437842,12.68057913,2.044734063,24.01675103
log_det,winequality-red_n100_alpha3,2,50,13,13,9.574068817,14.78564811,1.243962718,25.60367964
log_det,winequality-red_n100_alpha3,2,50,14,14,9.840575719,16.72319008,0.6589681748,27.22273398
log_det,winequality-red_n100_alpha3,2,50,15,15,10.07584141,18.13066255,0.27745365,28.48395761
log_det,winequality-red_n100_alpha3,2,50,16,16,10.17579033,21.02650673,0.04224843508,31.2445455
log_det,winequality-red_n100_alpha3,2,50,17,17,10.21803877,23.4194889,0,33.63752767
log_det,winequality-red_n100_alpha3,3,1,0,0,0,0,1.099611789,1.099611789
log_det,winequality-red_n100_alpha3,3,1,1,1,1.099611789,2.138889218,1.041060007,4.279561014
log_det,winequality-red_n100_alpha3,3,2,0,0,0,0,2.199223578,2.199223578
log_det,winequality-red_n100_alpha3,3,2,1,1,1.099611789,2.138889218,2.017739344,5.256240351
log_det,winequality-red_n100_alpha3,3,2,2,2,2.140671796,2.138889218,1.912324301,6.191885315
log_det,winequality-red_n100_alpha3,3,3,0,0,0,0,3.298835367,3.298835367
log_det,winequality-red_n100_alpha3,3,3,1,1,1.099611789,2.138889218,2.993431587,6.231932593
log_det,winequality-red_n100_alpha3,3,3,2,2,2.140671796,2.138889218,2.862412253,7.141973268
log_det,winequality-red_n100_alpha3,3,3,3,3,3.099305304,3.129295141,2.82023226,9.048832705
log_det,winequality-red_n100_alpha3,3,4,0,0,0,0,4.398447156,4.398447156
log_det,winequality-red_n100_alpha3,3,4,1,1,1.099611789,2.138889218,3.952709886,7.191210893
log_det,winequality-red_n100_alpha3,3,4,2,2,2.140671796,2.138889218,3.801037471,8.080598485
log_det,winequality-red_n100_alpha3,3,4,3,3,3.099305304,3.129295141,3.73450855,9.963108995
log_det,winequality-red_n100_alpha3,3,4,4,4,4.045990105,4.071617472,3.60837065,11.72597823
log_det,winequality-red_n100_alpha3,3,5,0,0,0,0,5.498058945,5.498058945
log_det,winequality-red_n100_alpha3,3,5,1,1,1.099611789,2.138889218,4.91091064,8.149411647
log_det,winequality-red_n100_alpha3,3,5,2,2,2.140671796,2.138889218,4.735514192,9.015075206
log_det,winequality-red_n100_alpha3,3,5,3,3,3.099305304,3.129295141,4.648144801,10.87674525
log_det,winequality-red_n100_alpha3,3,5,4,4,4.045990105,4.071617472,4.352866141,12.47047372
log_det,winequality-red_n100_alpha3,3,5,5,5,4.990300271,4.071617472,4.098888284,13.16080603
log_det,winequality-red_n100_alpha3,3,6,0,0,0,0,6.597670734,6.597670734
log_det,winequality-red_n100_alpha3,3,6,1,1,1.099611789,2.138889218,5.861000202,9.099501209
log_det,winequality-red_n100_alpha3,3,6,2,2,2.140671796,2.138889218,5.666264511,9.945825525
log_det,winequality-red_n100_alpha3,3,6,3,3,3.099305304,3.129295141,5.560591872,11.78919232
log_det,winequality-red_n100_alpha3,3,6,4,4,4.045990105,4.071617472,5.091481097,13.20908867
log_det,winequality-red_n100_alpha3,3,6,5,5,4.990300271,4.071617472,4.814246044,13.87616379
log_det,winequality-red_n100_alpha3,3,6,6,6,5.904576561,9.007121046,3.992913751,18.90461136
log_det,winequality-red_n100_alpha3,3,7,0,0,0,0,7.697282523,7.697282523
log_det,winequality-red_n100_alpha3,3,7,1,1,1.099611789,2.138889218,6.799967174,10.03846818
log_det,winequality-red_n100_alpha3,3,7,2,2,2.140671796,2.138889218,6.583216637,10.86277765
log_det,winequality-red_n100_alpha3,3,7,3,3,3.099305304,3.129295141,6.472436513,12.70103696
log_det,winequality-red_n100_alpha3,3,7,4,4,4.045990105,4.071617472,5.809766999,13.92737458
log_det,winequality-red_n100_alpha3,3,7,5,5,4.990300271,4.071617472,5.51611017,14.57802791
log_det,winequality-red_n100_alpha3,3,7,6,6,5.904576561,9.007121046,4.588856368,19.50055398
log_det,winequality-red_n100_alpha3,3,7,7,7,6.612895957,10.93415329,4.392070726,21.93911997
log_det,winequality-red_n100_alpha3,3,8,0,0,0,0,8.796894312,8.796894312
log_det,winequality-red_n100_alpha3,3,8,1,1,1.099611789,2.138889218,7.734731842,10.97323285
log_det,winequality-red_n100_alpha3,3,8,2,2,2.140671796,2.138889218,7.500168763,11.77972978
log_det,winequality-red_n100_alpha3,3,8,3,3,3.099305304,3.129295141,7.384281154,13.6128816
log_det,winequality-red_n100_alpha3,3,8,4,4,4.045990105,4.071617472,6.526065045,14.64367262
log_det,winequality-red_n100_alpha3,3,8,5,5,4.990300271,4.071617472,6.213258163,15.27517591
log_det,winequality-red_n100_alpha3,3,8,6,6,5.904576561,9.007121046,5.169182941,20.08088055
log_det,winequality-red_n100_alpha3,3,8,7,7,6.612895957,10.93415329,4.945832545,22.49288179
log_det,winequality-red_n100_alpha3,3,8,8,8,7.310097617,12.5823313,4.577996002,24.47042492
log_det,winequality-red_n100_alpha3,3,9,0,0,0,0,9.896506101,9.896506101
log_det,winequality-red_n100_alpha3,3,9,1,1,1.099611789,2.138889218,8.657426942,11.89592795
log_det,winequality-red_n100_alpha3,3,9,2,2,2.140671796,2.138889218,8.414678299,12.69423931
log_det,winequality-red_n100_alpha3,3,9,3,3,3.099305304,3.129295141,8.292196628,14.52079707
log_det,winequality-red_n100_alpha3,3,9,4,4,4.045990105,4.071617472,7.235526811,15.35313439
log_det,winequality-red_n100_alpha3,3,9,5,5,4.990300271,4.071617472,6.861310987,15.92322873
log_det,winequality-red_n100_alpha3,3,9,6,6,5.904576561,9.007121046,5.748751212,20.66044882
log_det,winequality-red_n100_alpha3,3,9,7,7,6.612895957,10.93415329,5.495326648,23.04237589
log_det,winequality-red_n100_alpha3,3,9,8,8,7.310097617,12.5823313,5.077252107,24.96968103
log_det,winequality-red_n100_alpha3,3,9,9,9,7.989162919,14.67190966,3.81481241,26.47588499
log_det,winequality-red_n100_alpha3,3,10,0,0,0,0,10.99611789,10.99611789
log_det,winequality-red_n100_alpha3,3,10,1,1,1.099611789,2.138889218,9.570197179,12.80869819
log_det,winequality-red_n100_alpha3,3,10,2,2,2.140671796,2.138889218,9.322100759,13.60166177
log_det,winequality-red_n100_alpha3,3,10,3,3,3.099305304,3.129295141,9.141492085,15.37009253
log_det,winequality-red_n100_alpha3,3,10,4,4,4.045990105,4.071617472,7.895874187,16.01348176
log_det,winequality-red_n100_alpha3,3,10,5,5,4.990300271,4.071617472,7.508281753,16.5701995
log_det,winequality-red_n100_alpha3,3,10,6,6,5.904576561,9.007121046,6.319656713,21.23135432
log_det,winequality-red_n100_alpha3,3,10,7,7,6.612895957,10.93415329,6.018719715,23.56576896
log_det,winequality-red_n100_alpha3,3,10,8,8,7.310097617,12.5823313,5.565200983,25.45762991
log_det,winequality-red_n100_alpha3,3,10,9,9,7.989162919,14.67190966,4.073838986,26.73491157
log_det,winequality-red_n100_alpha3,3,10,10,10,8.56873119,19.79360307,2.20288381,30.56521807
log_det,winequality-red_n100_alpha3,3,11,0,0,0,0,12.09572968,12.09572968
log_det,winequality-red_n100_alpha3,3,11,1,1,1.099611789,2.138889218,10.47875184,13.71725284
log_det,winequality-red_n100_alpha3,3,11,2,2,2.140671796,2.138889218,10.22745816,14.50701918
log_det,winequality-red_n100_alpha3,3,11,3,3,3.099305304,3.129295141,9.963659043,16.19225949
log_det,winequality-red_n100_alpha3,3,11,4,4,4.045990105,4.071617472,8.547339439,16.66494702
log_det,winequality-red_n100_alpha3,3,11,5,5,4.990300271,4.071617472,8.15525252,17.21717026
log_det,winequality-red_n100_alpha3,3,11,6,6,5.904576561,9.007121046,6.886223014,21.79792062
log_det,winequality-red_n100_alpha3,3,11,7,7,6.612895957,10.93415329,6.520238215,24.06728746
log_det,winequality-red_n100_alpha3,3,11,8,8,7.310097617,12.5823313,6.010060823,25.90248975
log_det,winequality-red_n100_alpha3,3,11,9,9,7.989162919,14.67190966,4.316065018,26.9771376
log_det,winequality-red_n100_alpha3,3,11,10,10,8.56873119,19.79360307,2.28664319,30.64897745
log_det,winequality-red_n100_alpha3,3,11,11,11,9.139739595,20.52679748,1.579817515,31.24635459
log_det,winequality-red_n100_alpha3,3,12,0,0,0,0,13.19534147,13.19534147
log_det,winequality-red_n100_alpha3,3,12,1,1,1.099611789,2.138889218,11.38566491,14.62416592
log_det,winequality-red_n100_alpha3,3,12,2,2,2.140671796,2.138889218,11.10657087,15.38613188
log_det,winequality-red_n100_alpha3,3,12,3,3,3.099305304,3.129295141,10.72444631,16.95304675
log_det,winequality-red_n100_alpha3,3,12,4,4,4.045990105,4.071617472,9.195552932,17.31316051
log_det,winequality-red_n100_alpha3,3,12,5,5,4.990300271,4.071617472,8.781964807,17.84388255
log_det,winequality-red_n100_alpha3,3,12,6,6,5.904576561,9.007121046,7.41570645,22.32740406
log_det,winequality-red_n100_alpha3,3,12,7,7,6.612895957,10.93415329,6.980319374,24.52736862
log_det,winequality-red_n100_alpha3,3,12,8,8,7.310097617,12.5823313,6.42333372,26.31576264
log_det,winequality-red_n100_alpha3,3,12,9,9,7.989162919,14.67190966,4.558136355,27.21920893
log_det,winequality-red_n100_alpha3,3,12,10,10,8.56873119,19.79360307,2.368467394,30.73080165
log_det,winequality-red_n100_alpha3,3,12,11,11,9.139739595,20.52679748,1.592944273,31.25948135
log_det,winequality-red_n100_alpha3,3,12,12,12,9.436787242,22.94664162,0.7190537861,33.10248265
log_det,winequality-red_n100_alpha3,3,13,0,0,0,0,14.29495326,14.29495326
log_det,winequality-red_n100_alpha3,3,13,1,1,1.099611789,2.138889218,12.26480937,15.50331038
log_det,winequality-red_n100_alpha3,3,13,2,2,2.140671796,2.138889218,11.95237696,16.23193797
log_det,winequality-red_n100_alpha3,3,13,3,3,3.099305304,3.129295141,11.48249934,17.71109979
log_det,winequality-red_n100_alpha3,3,13,4,4,4.045990105,4.071617472,9.843766425,17.961374
log_det,winequality-red_n100_alpha3,3,13,5,5,4.990300271,4.071617472,9.390681241,18.45259898
log_det,winequality-red_n100_alpha3,3,13,6,6,5.904576561,9.007121046,7.931833452,22.84353106
log_det,winequality-red_n100_alpha3,3,13,7,7,6.612895957,10.93415329,7.439612689,24.98666193
log_det,winequality-red_n100_alpha3,3,13,8,8,7.310097617,12.5823313,6.801345037,26.69377396
log_det,winequality-red_n100_alpha3,3,13,9,9,7.989162919,14.67190966,4.748668704,27.40974128
log_det,winequality-red_n100_alpha3,3,13,10,10,8.56873119,19.79360307,2.434701297,30.79703555
log_det,winequality-red_n100_alpha3,3,13,11,11,9.139739595,20.52679748,1.602747253,31.26928433
log_det,winequality-red_n100_alpha3,3,13,12,12,9.436787242,22.94664162,0.7190537861,33.10248265
log_det,winequality-red_n100_alpha3,3,13,13,13,9.677281467,23.66329847,0.4785595612,33.81913949
log_det,winequality-red_n100_alpha3,3,14,0,0,0,0,15.39456505,15.39456505
log_det,winequality-red_n100_alpha3,3,14,1,1,1.099611789,2.138889218,13.13560872,16.37410973
log_det,winequality-red_n100_alpha3,3,14,2,2,2.140671796,2.138889218,12.79572586,17.07528687
log_det,winequality-red_n100_alpha3,3,14,3,3,3.099305304,3.129295141,12.2253148,18.45391524
log_det,winequality-red_n100_alpha3,3,14,4,4,4.045990105,4.071617472,10.47458256,18.59219014
log_det,winequality-red_n100_alpha3,3,14,5,5,4.990300271,4.071617472,9.993716203,19.05563395
log_det,winequality-red_n100_alpha3,3,14,6,6,5.904576561,9.007121046,8.42588772,23.33758533
log_det,winequality-red_n100_alpha3,3,14,7,7,6.612895957,10.93415329,7.887967824,25.43501707
log_det,winequality-red_n100_alpha3,3,14,8,8,7.310097617,12.5823313,7.177306809,27.06973573
log_det,winequality-red_n100_alpha3,3,14,9,9,7.989162919,14.67190966,4.92659158,27.58766416
log_det,winequality-red_n100_alpha3,3,14,10,10,8.56873119,19.79360307,2.499503022,30.86183728
log_det,winequality-red_n100_alpha3,3,14,11,11,9.139739595,20.52679748,1.603639071,31.27017615
log_det,winequality-red_n100_alpha3,3,14,12,12,9.436787242,22.94664162,0.7190537861,33.10248265
log_det,winequality-red_n100_alpha3,3,14,13,13,9.677281467,23.66329847,0.4785595612,33.81913949
log_det,winequality-red_n100_alpha3,3,14,14,14,9.912565095,23.94748298,0.2432759335,34.10332401
log_det,winequality-red_n100_alpha3,3,15,0,0,0,0,16.49417684,16.49417684
log_det,winequality-red_n100_alpha3,3,15,1,1,1.099611789,2.138889218,13.98735313,17.22585413
log_det,winequality-red_n100_alpha3,3,15,2,2,2.140671796,2.138889218,13.63019203,17.90975305
log_det,winequality-red_n100_alpha3,3,15,3,3,3.099305304,3.129295141,12.92500392,19.15360436
log_det,winequality-red_n100_alpha3,3,15,4,4,4.045990105,4.071617472,11.10020723,19.2178148
log_det,winequality-red_n100_alpha3,3,15,5,5,4.990300271,4.071617472,10.59283708,19.65475482
log_det,winequality-red_n100_alpha3,3,15,6,6,5.904576561,9.007121046,8.914072855,23.82577046
log_det,winequality-red_n100_alpha3,3,15,7,7,6.612895957,10.93415329,8.307483303,25.85453255
log_det,winequality-red_n100_alpha3,3,15,8,8,7.310097617,12.5823313,7.551635435,27.44406436
log_det,winequality-red_n100_alpha3,3,15,9,9,7.989162919,14.67190966,5.051340845,27.71241342
log_det,winequality-red_n100_alpha3,3,15,10,10,8.56873119,19.79360307,2.543034771,30.90536903
log_det,winequality-red_n100_alpha3,3,15,11,11,9.139739595,20.52679748,1.603639071,31.27017615
log_det,winequality-red_n100_alpha3,3,15,12,12,9.436787242,22.94664162,0.7190537861,33.10248265
log_det,winequality-red_n100_alpha3,3,15,13,13,9.677281467,23.66329847,0.4785595612,33.81913949
log_det,winequality-red_n100_alpha3,3,15,14,14,9.912565095,23.94748298,0.2432759335,34.10332401
log_det,winequality-red_n100_alpha3,3,15,15,15,10.08105117,26.01137987,0.07478986124,36.16722089
log_det,winequality-red_n100_alpha3,3,16,0,0,0,0,17.59378862,17.59378862
log_det,winequality-red_n100_alpha3,3,16,1,1,1.099611789,2.138889218,14.83262397,18.07112498
log_det,winequality-red_n100_alpha3,3,16,2,2,2.140671796,2.138889218,14.40545842,18.68501944
log_det,winequality-red_n100_alpha3,3,16,3,3,3.099305304,3.129295141,13.5866139,19.81521435
log_det,winequality-red_n100_alpha3,3,16,4,4,4.045990105,4.071617472,11.71844675,19.83605433
log_det,winequality-red_n100_alpha3,3,16,5,5,4.990300271,4.071617472,11.17127498,20.23319272
log_det,winequality-red_n100_alpha3,3,16,6,6,5.904576561,9.007121046,9.383429349,24.29512696
log_det,winequality-red_n100_alpha3,3,16,7,7,6.612895957,10.93415329,8.712743317,26.25979256
log_det,winequality-red_n100_alpha3,3,16,8,8,7.310097617,12.5823313,7.924589711,27.81701863
log_det,winequality-red_n100_alpha3,3,16,9,9,7.989162919,14.67190966,5.173984369,27.83505695
log_det,winequality-red_n100_alpha3,3,16,10,10,8.56873119,19.79360307,2.58560807,30.94794233
log_det,winequality-red_n100_alpha3,3,16,11,11,9.139739595,20.52679748,1.603639071,31.27017615
log_det,winequality-red_n100_alpha3,3,16,12,12,9.436787242,22.94664162,0.7190537861,33.10248265
log_det,winequality-red_n100_alpha3,3,16,13,13,9.677281467,23.66329847,0.4785595612,33.81913949
log_det,winequality-red_n100_alpha3,3,16,14,14,9.912565095,23.94748298,0.2432759335,34.10332401
log_det,winequality-red_n100_alpha3,3,16,15,15,10.08105117,26.01137987,0.07478986124,36.16722089
log_det,winequality-red_n100_alpha3,3,16,16,16,10.12792837,27.27649144,0,37.40441981
log_det,winequality-red_n100_alpha3,3,17,0,0,0,0,18.69340041,18.69340041
log_det,winequality-red_n100_alpha3,3,17,1,1,1.099611789,2.138889218,15.67770058,18.91620159
log_det,winequality-red_n100_alpha3,3,17,2,2,2.140671796,2.138889218,15.18036328,19.45992429
log_det,winequality-red_n100_alpha3,3,17,3,3,3.099305304,3.129295141,14.23831852,20.46691896
log_det,winequality-red_n100_alpha3,3,17,4,4,4.045990105,4.071617472,12.33195398,20.44956156
log_det,winequality-red_n100_alpha3,3,17,5,5,4.990300271,4.071617472,11.74284568,20.80476342
log_det,winequality-red_n100_alpha3,3,17,6,6,5.904576561,9.007121046,9.838142803,24.74984041
log_det,winequality-red_n100_alpha3,3,17,7,7,6.612895957,10.93415329,9.092508149,26.63955739
log_det,winequality-red_n100_alpha3,3,17,8,8,7.310097617,12.5823313,8.255305078,28.147734
log_det,winequality-red_n100_alpha3,3,17,9,9,7.989162919,14.67190966,5.296346349,27.95741893
log_det,winequality-red_n100_alpha3,3,17,10,10,8.56873119,19.79360307,2.625861946,30.9881962
log_det,winequality-red_n100_alpha3,3,17,11,11,9.139739595,20.52679748,1.603639071,31.27017615
log_det,winequality-red_n100_alpha3,3,17,12,12,9.436787242,22.94664162,0.7190537861,33.10248265
log_det,winequality-red_n100_alpha3,3,17,13,13,9.677281467,23.66329847,0.4785595612,33.81913949
log_det,winequality-red_n100_alpha3,3,17,14,14,9.912565095,23.94748298,0.2432759335,34.10332401
log_det,winequality-red_n100_alpha3,3,17,15,15,10.08105117,26.01137987,0.07478986124,36.16722089
log_det,winequality-red_n100_alpha3,3,17,16,16,10.12792837,27.27649144,0,37.40441981
log_det,winequality-red_n100_alpha3,3,18,0,0,0,0,19.7930122,19.7930122
log_det,winequality-red_n100_alpha3,3,18,1,1,1.099611789,2.138889218,16.4876657,19.7261667
log_det,winequality-red_n100_alpha3,3,18,2,2,2.140671796,2.138889218,15.95058005,20.23014106
log_det,winequality-red_n100_alpha3,3,18,3,3,3.099305304,3.129295141,14.87183754,21.10043798
log_det,winequality-red_n100_alpha3,3,18,4,4,4.045990105,4.071617472,12.91554181,21.03314939
log_det,winequality-red_n100_alpha3,3,18,5,5,4.990300271,4.071617472,12.28844664,21.35036439
log_det,winequality-red_n100_alpha3,3,18,6,6,5.904576561,9.007121046,10.29119388,25.20289149
log_det,winequality-red_n100_alpha3,3,18,7,7,6.612895957,10.93415329,9.469815517,27.01686476
log_det,winequality-red_n100_alpha3,3,18,8,8,7.310097617,12.5823313,8.582967166,28.47539609
log_det,winequality-red_n100_alpha3,3,18,9,9,7.989162919,14.67190966,5.373350725,28.0344233
log_det,winequality-red_n100_alpha3,3,18,10,10,8.56873119,19.79360307,2.657955288,31.02028955
log_det,winequality-red_n100_alpha3,3,18,11,11,9.139739595,20.52679748,1.603639071,31.27017615
log_det,winequality-red_n100_alpha3,3,18,12,12,9.436787242,22.94664162,0.7190537861,33.10248265
log_det,winequality-red_n100_alpha3,3,18,13,13,9.677281467,23.66329847,0.4785595612,33.81913949
log_det,winequality-red_n100_alpha3,3,18,14,14,9.912565095,23.94748298,0.2432759335,34.10332401
log_det,winequality-red_n100_alpha3,3,18,15,15,10.08105117,26.01137987,0.07478986124,36.16722089
log_det,winequality-red_n100_alpha3,3,18,16,16,10.12792837,27.27649144,0,37.40441981
log_det,winequality-red_n100_alpha3,3,19,0,0,0,0,20.89262399,20.89262399
log_det,winequality-red_n100_alpha3,3,19,1,1,1.099611789,2.138889218,17.28743351,20.52593452
log_det,winequality-red_n100_alpha3,3,19,2,2,2.140671796,2.138889218,16.70484871,20.98440972
log_det,winequality-red_n100_alpha3,3,19,3,3,3.099305304,3.129295141,15.49234318,21.72094362
log_det,winequality-red_n100_alpha3,3,19,4,4,4.045990105,4.071617472,13.49047352,21.6080811
log_det,winequality-red_n100_alpha3,3,19,5,5,4.990300271,4.071617472,12.8249543,21.88687204
log_det,winequality-red_n100_alpha3,3,19,6,6,5.904576561,9.007121046,10.74222382,25.65392142
log_det,winequality-red_n100_alpha3,3,19,7,7,6.612895957,10.93415329,9.844126882,27.39117613
log_det,winequality-red_n100_alpha3,3,19,8,8,7.310097617,12.5823313,8.899465216,28.79189414
log_det,winequality-red_n100_alpha3,3,19,9,9,7.989162919,14.67190966,5.438152577,28.09922516
log_det,winequality-red_n100_alpha3,3,19,10,10,8.56873119,19.79360307,2.663640508,31.02597477
log_det,winequality-red_n100_alpha3,3,19,11,11,9.139739595,20.52679748,1.603639071,31.27017615
log_det,winequality-red_n100_alpha3,3,19,12,12,9.436787242,22.94664162,0.7190537861,33.10248265
log_det,winequality-red_n100_alpha3,3,19,13,13,9.677281467,23.66329847,0.4785595612,33.81913949
log_det,winequality-red_n100_alpha3,3,19,14,14,9.912565095,23.94748298,0.2432759335,34.10332401
log_det,winequality-red_n100_alpha3,3,19,15,15,10.08105117,26.01137987,0.07478986124,36.16722089
log_det,winequality-red_n100_alpha3,3,19,16,16,10.12792837,27.27649144,0,37.40441981
log_det,winequality-red_n100_alpha3,3,20,0,0,0,0,21.99223578,21.99223578
log_det,winequality-red_n100_alpha3,3,20,1,1,1.099611789,2.138889218,18.08351339,21.3220144
log_det,winequality-red_n100_alpha3,3,20,2,2,2.140671796,2.138889218,17.4349818,21.71454282
log_det,winequality-red_n100_alpha3,3,20,3,3,3.099305304,3.129295141,16.11109157,22.33969202
log_det,winequality-red_n100_alpha3,3,20,4,4,4.045990105,4.071617472,14.04228447,22.15989205
log_det,winequality-red_n100_alpha3,3,20,5,5,4.990300271,4.071617472,13.3441536,22.40607134
log_det,winequality-red_n100_alpha3,3,20,6,6,5.904576561,9.007121046,11.14407,26.0557676
log_det,winequality-red_n100_alpha3,3,20,7,7,6.612895957,10.93415329,10.20489595,27.75194519
log_det,winequality-red_n100_alpha3,3,20,8,8,7.310097617,12.5823313,9.190241901,29.08267082
log_det,winequality-red_n100_alpha3,3,20,9,9,7.989162919,14.67190966,5.501242525,28.1623151
log_det,winequality-red_n100_alpha3,3,20,10,10,8.56873119,19.79360307,2.663640508,31.02597477
log_det,winequality-red_n100_alpha3,3,20,11,11,9.139739595,20.52679748,1.603639071,31.27017615
log_det,winequality-red_n100_alpha3,3,20,12,12,9.436787242,22.94664162,0.7190537861,33.10248265
log_det,winequality-red_n100_alpha3,3,20,13,13,9.677281467,23.66329847,0.4785595612,33.81913949
log_det,winequality-red_n100_alpha3,3,20,14,14,9.912565095,23.94748298,0.2432759335,34.10332401
log_det,winequality-red_n100_alpha3,3,20,15,15,10.08105117,26.01137987,0.07478986124,36.16722089
log_det,winequality-red_n100_alpha3,3,20,16,16,10.12792837,27.27649144,0,37.40441981
log_det,winequality-red_n100_alpha3,3,21,0,0,0,0,23.09184757,23.09184757
log_det,winequality-red_n100_alpha3,3,21,1,1,1.099611789,2.138889218,18.85374805,22.09224906
log_det,winequality-red_n100_alpha3,3,21,2,2,2.140671796,2.138889218,18.14901893,22.42857994
log_det,winequality-red_n100_alpha3,3,21,3,3,3.099305304,3.129295141,16.71537797,22.94397842
log_det,winequality-red_n100_alpha3,3,21,4,4,4.045990105,4.071617472,14.58623888,22.70384646
log_det,winequality-red_n100_alpha3,3,21,5,5,4.990300271,4.071617472,13.85033116,22.9122489
log_det,winequality-red_n100_alpha3,3,21,6,6,5.904576561,9.007121046,11.52809771,26.43979532
log_det,winequality-red_n100_alpha3,3,21,7,7,6.612895957,10.93415329,10.5616965,28.10874574
log_det,winequality-red_n100_alpha3,3,21,8,8,7.310097617,12.5823313,9.472651452,29.36508037
log_det,winequality-red_n100_alpha3,3,21,9,9,7.989162919,14.67190966,5.553929848,28.21500243
log_det,winequality-red_n100_alpha3,3,21,10,10,8.56873119,19.79360307,2.663640508,31.02597477
log_det,winequality-red_n100_alpha3,3,21,11,11,9.139739595,20.52679748,1.603639071,31.27017615
log_det,winequality-red_n100_alpha3,3,21,12,12,9.436787242,22.94664162,0.7190537861,33.10248265
log_det,winequality-red_n100_alpha3,3,21,13,13,9.677281467,23.66329847,0.4785595612,33.81913949
log_det,winequality-red_n100_alpha3,3,21,14,14,9.912565095,23.94748298,0.2432759335,34.10332401
log_det,winequality-red_n100_alpha3,3,21,15,15,10.08105117,26.01137987,0.07478986124,36.16722089
log_det,winequality-red_n100_alpha3,3,21,16,16,10.12792837,27.27649144,0,37.40441981
log_det,winequality-red_n100_alpha3,3,22,0,0,0,0,24.19145936,24.19145936
log_det,winequality-red_n100_alpha3,3,22,1,1,1.099611789,2.138889218,19.60767256,22.84617357
log_det,winequality-red_n100_alpha3,3,22,2,2,2.140671796,2.138889218,18.85557065,23.13513166
log_det,winequality-red_n100_alpha3,3,22,3,3,3.099305304,3.129295141,17.30241057,23.53101102
log_det,winequality-red_n100_alpha3,3,22,4,4,4.045990105,4.071617472,15.12696299,23.24457057
log_det,winequality-red_n100_alpha3,3,22,5,5,4.990300271,4.071617472,14.35623506,23.4181528
log_det,winequality-red_n100_alpha3,3,22,6,6,5.904576561,9.007121046,11.90906072,26.82075833
log_det,winequality-red_n100_alpha3,3,22,7,7,6.612895957,10.93415329,10.91007781,28.45712706
log_det,winequality-red_n100_alpha3,3,22,8,8,7.310097617,12.5823313,9.747807141,29.64023606
log_det,winequality-red_n100_alpha3,3,22,9,9,7.989162919,14.67190966,5.604332318,28.2654049
log_det,winequality-red_n100_alpha3,3,22,10,10,8.56873119,19.79360307,2.663640508,31.02597477
log_det,winequality-red_n100_alpha3,3,22,11,11,9.139739595,20.52679748,1.603639071,31.27017615
log_det,winequality-red_n100_alpha3,3,22,12,12,9.436787242,22.94664162,0.7190537861,33.10248265
log_det,winequality-red_n100_alpha3,3,22,13,13,9.677281467,23.66329847,0.4785595612,33.81913949
log_det,winequality-red_n100_alpha3,3,22,14,14,9.912565095,23.94748298,0.2432759335,34.10332401
log_det,winequality-red_n100_alpha3,3,22,15,15,10.08105117,26.01137987,0.07478986124,36.16722089
log_det,winequality-red_n100_alpha3,3,22,16,16,10.12792837,27.27649144,0,37.40441981
log_det,winequality-red_n100_alpha3,3,23,0,0,0,0,25.29107115,25.29107115
log_det,winequality-red_n100_alpha3,3,23,1,1,1.099611789,2.138889218,20.33416629,23.5726673
log_det,winequality-red_n100_alpha3,3,23,2,2,2.140671796,2.138889218,19.55512163,23.83468265
log_det,winequality-red_n100_alpha3,3,23,3,3,3.099305304,3.129295141,17.8531672,24.08176765
log_det,winequality-red_n100_alpha3,3,23,4,4,4.045990105,4.071617472,15.65598561,23.77359319
log_det,winequality-red_n100_alpha3,3,23,5,5,4.990300271,4.071617472,14.8539444,23.91586214
log_det,winequality-red_n100_alpha3,3,23,6,6,5.904576561,9.007121046,12.28995926,27.20165687
log_det,winequality-red_n100_alpha3,3,23,7,7,6.612895957,10.93415329,11.25140215,28.7984514
log_det,winequality-red_n100_alpha3,3,23,8,8,7.310097617,12.5823313,10.01633671,29.90876564
log_det,winequality-red_n100_alpha3,3,23,9,9,7.989162919,14.67190966,5.65372966,28.31480224
log_det,winequality-red_n100_alpha3,3,23,10,10,8.56873119,19.79360307,2.663640508,31.02597477
log_det,winequality-red_n100_alpha3,3,23,11,11,9.139739595,20.52679748,1.603639071,31.27017615
log_det,winequality-red_n100_alpha3,3,23,12,12,9.436787242,22.94664162,0.7190537861,33.10248265
log_det,winequality-red_n100_alpha3,3,23,13,13,9.677281467,23.66329847,0.4785595612,33.81913949
log_det,winequality-red_n100_alpha3,3,23,14,14,9.912565095,23.94748298,0.2432759335,34.10332401
log_det,winequality-red_n100_alpha3,3,23,15,15,10.08105117,26.01137987,0.07478986124,36.16722089
log_det,winequality-red_n100_alpha3,3,23,16,16,10.12792837,27.27649144,0,37.40441981
log_det,winequality-red_n100_alpha3,3,24,0,0,0,0,26.39068294,26.39068294
log_det,winequality-red_n100_alpha3,3,24,1,1,1.099611789,2.138889218,21.04355822,24.28205923
log_det,winequality-red_n100_alpha3,3,24,2,2,2.140671796,2.138889218,20.25197416,24.53153517
log_det,winequality-red_n100_alpha3,3,24,3,3,3.099305304,3.129295141,18.40131105,24.6299115
log_det,winequality-red_n100_alpha3,3,24,4,4,4.045990105,4.071617472,16.18365888,24.30126646
log_det,winequality-red_n100_alpha3,3,24,5,5,4.990300271,4.071617472,15.35120124,24.41311898
log_det,winequality-red_n100_alpha3,3,24,6,6,5.904576561,9.007121046,12.66775773,27.57945534
log_det,winequality-red_n100_alpha3,3,24,7,7,6.612895957,10.93415329,11.57145708,29.11850632
log_det,winequality-red_n100_alpha3,3,24,8,8,7.310097617,12.5823313,10.27641532,30.16884424
log_det,winequality-red_n100_alpha3,3,24,9,9,7.989162919,14.67190966,5.702974196,28.36404678
log_det,winequality-red_n100_alpha3,3,24,10,10,8.56873119,19.79360307,2.663640508,31.02597477
log_det,winequality-red_n100_alpha3,3,24,11,11,9.139739595,20.52679748,1.603639071,31.27017615
log_det,winequality-red_n100_alpha3,3,24,12,12,9.436787242,22.94664162,0.7190537861,33.10248265
log_det,winequality-red_n100_alpha3,3,24,13,13,9.677281467,23.66329847,0.4785595612,33.81913949
log_det,winequality-red_n100_alpha3,3,24,14,14,9.912565095,23.94748298,0.2432759335,34.10332401
log_det,winequality-red_n100_alpha3,3,24,15,15,10.08105117,26.01137987,0.07478986124,36.16722089
log_det,winequality-red_n100_alpha3,3,24,16,16,10.12792837,27.27649144,0,37.40441981
log_det,winequality-red_n100_alpha3,3,25,0,0,0,0,27.49029473,27.49029473
log_det,winequality-red_n100_alpha3,3,25,1,1,1.099611789,2.138889218,21.71808048,24.95658149
log_det,winequality-red_n100_alpha3,3,25,2,2,2.140671796,2.138889218,20.92539518,25.20495619
log_det,winequality-red_n100_alpha3,3,25,3,3,3.099305304,3.129295141,18.94935058,25.17795103
log_det,winequality-red_n100_alpha3,3,25,4,4,4.045990105,4.071617472,16.70616582,24.8237734
log_det,winequality-red_n100_alpha3,3,25,5,5,4.990300271,4.071617472,15.84759973,24.90951747
log_det,winequality-red_n100_alpha3,3,25,6,6,5.904576561,9.007121046,13.04523964,27.95693725
log_det,winequality-red_n100_alpha3,3,25,7,7,6.612895957,10.93415329,11.86507603,29.41212527
log_det,winequality-red_n100_alpha3,3,25,8,8,7.310097617,12.5823313,10.48152443,30.37395335
log_det,winequality-red_n100_alpha3,3,25,9,9,7.989162919,14.67190966,5.72908155,28.39015413
log_det,winequality-red_n100_alpha3,3,25,10,10,8.56873119,19.79360307,2.663640508,31.02597477
log_det,winequality-red_n100_alpha3,3,25,11,11,9.139739595,20.52679748,1.603639071,31.27017615
log_det,winequality-red_n100_alpha3,3,25,12,12,9.436787242,22.94664162,0.7190537861,33.10248265
log_det,winequality-red_n100_alpha3,3,25,13,13,9.677281467,23.66329847,0.4785595612,33.81913949
log_det,winequality-red_n100_alpha3,3,25,14,14,9.912565095,23.94748298,0.2432759335,34.10332401
log_det,winequality-red_n100_alpha3,3,25,15,15,10.08105117,26.01137987,0.07478986124,36.16722089
log_det,winequality-red_n100_alpha3,3,25,16,16,10.12792837,27.27649144,0,37.40441981
log_det,winequality-red_n100_alpha3,3,26,0,0,0,0,28.58990651,28.58990651
log_det,winequality-red_n100_alpha3,3,26,1,1,1.099611789,2.138889218,22.37426389,25.61276489
log_det,winequality-red_n100_alpha3,3,26,2,2,2.140671796,2.138889218,21.58284687,25.86240788
log_det,winequality-red_n100_alpha3,3,26,3,3,3.099305304,3.129295141,19.45636675,25.68496719
log_det,winequality-red_n100_alpha3,3,26,4,4,4.045990105,4.071617472,17.2207132,25.33832077
log_det,winequality-red_n100_alpha3,3,26,5,5,4.990300271,4.071617472,16.33955778,25.40147552
log_det,winequality-red_n100_alpha3,3,26,6,6,5.904576561,9.007121046,13.41775797,28.32945558
log_det,winequality-red_n100_alpha3,3,26,7,7,6.612895957,10.93415329,12.15585483,29.70290407
log_det,winequality-red_n100_alpha3,3,26,8,8,7.310097617,12.5823313,10.6731964,30.56562533
log_det,winequality-red_n100_alpha3,3,26,9,9,7.989162919,14.67190966,5.750939367,28.41201195
log_det,winequality-red_n100_alpha3,3,26,10,10,8.56873119,19.79360307,2.663640508,31.02597477
log_det,winequality-red_n100_alpha3,3,26,11,11,9.139739595,20.52679748,1.603639071,31.27017615
log_det,winequality-red_n100_alpha3,3,26,12,12,9.436787242,22.94664162,0.7190537861,33.10248265
log_det,winequality-red_n100_alpha3,3,26,13,13,9.677281467,23.66329847,0.4785595612,33.81913949
log_det,winequality-red_n100_alpha3,3,26,14,14,9.912565095,23.94748298,0.2432759335,34.10332401
log_det,winequality-red_n100_alpha3,3,26,15,15,10.08105117,26.01137987,0.07478986124,36.16722089
log_det,winequality-red_n100_alpha3,3,26,16,16,10.12792837,27.27649144,0,37.40441981
log_det,winequality-red_n100_alpha3,3,27,0,0,0,0,29.6895183,29.6895183
log_det,winequality-red_n100_alpha3,3,27,1,1,1.099611789,2.138889218,23.00074851,26.23924952
log_det,winequality-red_n100_alpha3,3,27,2,2,2.140671796,2.138889218,22.23705007,26.51661108
log_det,winequality-red_n100_alpha3,3,27,3,3,3.099305304,3.129295141,19.93561949,26.16421994
log_det,winequality-red_n100_alpha3,3,27,4,4,4.045990105,4.071617472,17.73043074,25.84803832
log_det,winequality-red_n100_alpha3,3,27,5,5,4.990300271,4.071617472,16.80716416,25.86908191
log_det,winequality-red_n100_alpha3,3,27,6,6,5.904576561,9.007121046,13.77644511,28.68814272
log_det,winequality-red_n100_alpha3,3,27,7,7,6.612895957,10.93415329,12.44470624,29.99175549
log_det,winequality-red_n100_alpha3,3,27,8,8,7.310097617,12.5823313,10.85964335,30.75207227
log_det,winequality-red_n100_alpha3,3,27,9,9,7.989162919,14.67190966,5.750939367,28.41201195
log_det,winequality-red_n100_alpha3,3,27,10,10,8.56873119,19.79360307,2.663640508,31.02597477
log_det,winequality-red_n100_alpha3,3,27,11,11,9.139739595,20.52679748,1.603639071,31.27017615
log_det,winequality-red_n100_alpha3,3,27,12,12,9.436787242,22.94664162,0.7190537861,33.10248265
log_det,winequality-red_n100_alpha3,3,27,13,13,9.677281467,23.66329847,0.4785595612,33.81913949
log_det,winequality-red_n100_alpha3,3,27,14,14,9.912565095,23.94748298,0.2432759335,34.10332401
log_det,winequality-red_n100_alpha3,3,27,15,15,10.08105117,26.01137987,0.07478986124,36.16722089
log_det,winequality-red_n100_alpha3,3,27,16,16,10.12792837,27.27649144,0,37.40441981
log_det,winequality-red_n100_alpha3,3,28,0,0,0,0,30.78913009,30.78913009
log_det,winequality-red_n100_alpha3,3,28,1,1,1.099611789,2.138889218,23.60393183,26.84243283
log_det,winequality-red_n100_alpha3,3,28,2,2,2.140671796,2.138889218,22.8486376,27.12819861
log_det,winequality-red_n100_alpha3,3,28,3,3,3.099305304,3.129295141,20.38347098,26.61207142
log_det,winequality-red_n100_alpha3,3,28,4,4,4.045990105,4.071617472,18.23914155,26.35674913
log_det,winequality-red_n100_alpha3,3,28,5,5,4.990300271,4.071617472,17.26732776,26.3292455
log_det,winequality-red_n100_alpha3,3,28,6,6,5.904576561,9.007121046,14.13344138,29.04513899
log_det,winequality-red_n100_alpha3,3,28,7,7,6.612895957,10.93415329,12.71281267,30.25986191
log_det,winequality-red_n100_alpha3,3,28,8,8,7.310097617,12.5823313,11.02075652,30.91318544
log_det,winequality-red_n100_alpha3,3,28,9,9,7.989162919,14.67190966,5.750939367,28.41201195
log_det,winequality-red_n100_alpha3,3,28,10,10,8.56873119,19.79360307,2.663640508,31.02597477
log_det,winequality-red_n100_alpha3,3,28,11,11,9.139739595,20.52679748,1.603639071,31.27017615
log_det,winequality-red_n100_alpha3,3,28,12,12,9.436787242,22.94664162,0.7190537861,33.10248265
log_det,winequality-red_n100_alpha3,3,28,13,13,9.677281467,23.66329847,0.4785595612,33.81913949
log_det,winequality-red_n100_alpha3,3,28,14,14,9.912565095,23.94748298,0.2432759335,34.10332401
log_det,winequality-red_n100_alpha3,3,28,15,15,10.08105117,26.01137987,0.07478986124,36.16722089
log_det,winequality-red_n100_alpha3,3,28,16,16,10.12792837,27.27649144,0,37.40441981
log_det,winequality-red_n100_alpha3,3,29,0,0,0,0,31.88874188,31.88874188
log_det,winequality-red_n100_alpha3,3,29,1,1,1.099611789,2.138889218,24.17355605,27.41205705
log_det,winequality-red_n100_alpha3,3,29,2,2,2.140671796,2.138889218,23.4549344,27.73449542
log_det,winequality-red_n100_alpha3,3,29,3,3,3.099305304,3.129295141,20.81300873,27.04160917
log_det,winequality-red_n100_alpha3,3,29,4,4,4.045990105,4.071617472,18.72551222,26.8431198
log_det,winequality-red_n100_alpha3,3,29,5,5,4.990300271,4.071617472,17.72221795,26.7841357
log_det,winequality-red_n100_alpha3,3,29,6,6,5.904576561,9.007121046,14.49025244,29.40195005
log_det,winequality-red_n100_alpha3,3,29,7,7,6.612895957,10.93415329,12.96711588,30.51416512
log_det,winequality-red_n100_alpha3,3,29,8,8,7.310097617,12.5823313,11.18153183,31.07396075
log_det,winequality-red_n100_alpha3,3,29,9,9,7.989162919,14.67190966,5.750939367,28.41201195
log_det,winequality-red_n100_alpha3,3,29,10,10,8.56873119,19.79360307,2.663640508,31.02597477
log_det,winequality-red_n100_alpha3,3,29,11,11,9.139739595,20.52679748,1.603639071,31.27017615
log_det,winequality-red_n100_alpha3,3,29,12,12,9.436787242,22.94664162,0.7190537861,33.10248265
log_det,winequality-red_n100_alpha3,3,29,13,13,9.677281467,23.66329847,0.4785595612,33.81913949
log_det,winequality-red_n100_alpha3,3,29,14,14,9.912565095,23.94748298,0.2432759335,34.10332401
log_det,winequality-red_n100_alpha3,3,29,15,15,10.08105117,26.01137987,0.07478986124,36.16722089
log_det,winequality-red_n100_alpha3,3,29,16,16,10.12792837,27.27649144,0,37.40441981
log_det,winequality-red_n100_alpha3,3,30,0,0,0,0,32.98835367,32.98835367
log_det,winequality-red_n100_alpha3,3,30,1,1,1.099611789,2.138889218,24.72473049,27.96323149
log_det,winequality-red_n100_alpha3,3,30,2,2,2.140671796,2.138889218,24.04309894,28.32265996
log_det,winequality-red_n100_alpha3,3,30,3,3,3.099305304,3.129295141,21.23393084,27.46253128
log_det,winequality-red_n100_alpha3,3,30,4,4,4.045990105,4.071617472,19.20306881,27.32067639
log_det,winequality-red_n100_alpha3,3,30,5,5,4.990300271,4.071617472,18.1721252,27.23404294
log_det,winequality-red_n100_alpha3,3,30,6,6,5.904576561,9.007121046,14.84220738,29.75390499
log_det,winequality-red_n100_alpha3,3,30,7,7,6.612895957,10.93415329,13.17965615,30.7267054
log_det,winequality-red_n100_alpha3,3,30,8,8,7.310097617,12.5823313,11.31471445,31.20714337
log_det,winequality-red_n100_alpha3,3,30,9,9,7.989162919,14.67190966,5.750939367,28.41201195
log_det,winequality-red_n100_alpha3,3,30,10,10,8.56873119,19.79360307,2.663640508,31.02597477
log_det,winequality-red_n100_alpha3,3,30,11,11,9.139739595,20.52679748,1.603639071,31.27017615
log_det,winequality-red_n100_alpha3,3,30,12,12,9.436787242,22.94664162,0.7190537861,33.10248265
log_det,winequality-red_n100_alpha3,3,30,13,13,9.677281467,23.66329847,0.4785595612,33.81913949
log_det,winequality-red_n100_alpha3,3,30,14,14,9.912565095,23.94748298,0.2432759335,34.10332401
log_det,winequality-red_n100_alpha3,3,30,15,15,10.08105117,26.01137987,0.07478986124,36.16722089
log_det,winequality-red_n100_alpha3,3,30,16,16,10.12792837,27.27649144,0,37.40441981
log_det,winequality-red_n100_alpha3,3,31,0,0,0,0,34.08796546,34.08796546
log_det,winequality-red_n100_alpha3,3,31,1,1,1.099611789,2.138889218,25.27358805,28.51208906
log_det,winequality-red_n100_alpha3,3,31,2,2,2.140671796,2.138889218,24.60312241,28.88268343
log_det,winequality-red_n100_alpha3,3,31,3,3,3.099305304,3.129295141,21.65256039,27.88116084
log_det,winequality-red_n100_alpha3,3,31,4,4,4.045990105,4.071617472,19.66738695,27.78499453
log_det,winequality-red_n100_alpha3,3,31,5,5,4.990300271,4.071617472,18.58003497,27.64195271
log_det,winequality-red_n100_alpha3,3,31,6,6,5.904576561,9.007121046,15.18418502,30.09588262
log_det,winequality-red_n100_alpha3,3,31,7,7,6.612895957,10.93415329,13.37143919,30.91848843
log_det,winequality-red_n100_alpha3,3,31,8,8,7.310097617,12.5823313,11.43948719,31.33191612
log_det,winequality-red_n100_alpha3,3,31,9,9,7.989162919,14.67190966,5.750939367,28.41201195
log_det,winequality-red_n100_alpha3,3,31,10,10,8.56873119,19.79360307,2.663640508,31.02597477
log_det,winequality-red_n100_alpha3,3,31,11,11,9.139739595,20.52679748,1.603639071,31.27017615
log_det,winequality-red_n100_alpha3,3,31,12,12,9.436787242,22.94664162,0.7190537861,33.10248265
log_det,winequality-red_n100_alpha3,3,31,13,13,9.677281467,23.66329847,0.4785595612,33.81913949
log_det,winequality-red_n100_alpha3,3,31,14,14,9.912565095,23.94748298,0.2432759335,34.10332401
log_det,winequality-red_n100_alpha3,3,31,15,15,10.08105117,26.01137987,0.07478986124,36.16722089
log_det,winequality-red_n100_alpha3,3,31,16,16,10.12792837,27.27649144,0,37.40441981
log_det,winequality-red_n100_alpha3,3,32,0,0,0,0,35.18757725,35.18757725
log_det,winequality-red_n100_alpha3,3,32,1,1,1.099611789,2.138889218,25.8082837,29.04678471
log_det,winequality-red_n100_alpha3,3,32,2,2,2.140671796,2.138889218,25.14524328,29.42480429
log_det,winequality-red_n100_alpha3,3,32,3,3,3.099305304,3.129295141,22.06056376,28.28916421
log_det,winequality-red_n100_alpha3,3,32,4,4,4.045990105,4.071617472,20.12912505,28.24673263
log_det,winequality-red_n100_alpha3,3,32,5,5,4.990300271,4.071617472,18.97147332,28.03339107
log_det,winequality-red_n100_alpha3,3,32,6,6,5.904576561,9.007121046,15.50927942,30.42097703
log_det,winequality-red_n100_alpha3,3,32,7,7,6.612895957,10.93415329,13.54108001,31.08812926
log_det,winequality-red_n100_alpha3,3,32,8,8,7.310097617,12.5823313,11.55304555,31.44547447
log_det,winequality-red_n100_alpha3,3,32,9,9,7.989162919,14.67190966,5.750939367,28.41201195
log_det,winequality-red_n100_alpha3,3,32,10,10,8.56873119,19.79360307,2.663640508,31.02597477
log_det,winequality-red_n100_alpha3,3,32,11,11,9.139739595,20.52679748,1.603639071,31.27017615
log_det,winequality-red_n100_alpha3,3,32,12,12,9.436787242,22.94664162,0.7190537861,33.10248265
log_det,winequality-red_n100_alpha3,3,32,13,13,9.677281467,23.66329847,0.4785595612,33.81913949
log_det,winequality-red_n100_alpha3,3,32,14,14,9.912565095,23.94748298,0.2432759335,34.10332401
log_det,winequality-red_n100_alpha3,3,32,15,15,10.08105117,26.01137987,0.07478986124,36.16722089
log_det,winequality-red_n100_alpha3,3,32,16,16,10.12792837,27.27649144,0,37.40441981
log_det,winequality-red_n100_alpha3,3,33,0,0,0,0,36.28718904,36.28718904
log_det,winequality-red_n100_alpha3,3,33,1,1,1.099611789,2.138889218,26.32842377,29.56692477
log_det,winequality-red_n100_alpha3,3,33,2,2,2.140671796,2.138889218,25.6608839,29.94044491
log_det,winequality-red_n100_alpha3,3,33,3,3,3.099305304,3.129295141,22.46535326,28.69395371
log_det,winequality-red_n100_alpha3,3,33,4,4,4.045990105,4.071617472,20.58666854,28.70427612
log_det,winequality-red_n100_alpha3,3,33,5,5,4.990300271,4.071617472,19.35932402,28.42124176
log_det,winequality-red_n100_alpha3,3,33,6,6,5.904576561,9.007121046,15.82284954,30.73454715
log_det,winequality-red_n100_alpha3,3,33,7,7,6.612895957,10.93415329,13.70767774,31.25472698
log_det,winequality-red_n100_alpha3,3,33,8,8,7.310097617,12.5823313,11.64557495,31.53800387
log_det,winequality-red_n100_alpha3,3,33,9,9,7.989162919,14.67190966,5.750939367,28.41201195
log_det,winequality-red_n100_alpha3,3,33,10,10,8.56873119,19.79360307,2.663640508,31.02597477
log_det,winequality-red_n100_alpha3,3,33,11,11,9.139739595,20.52679748,1.603639071,31.27017615
log_det,winequality-red_n100_alpha3,3,33,12,12,9.436787242,22.94664162,0.7190537861,33.10248265
log_det,winequality-red_n100_alpha3,3,33,13,13,9.677281467,23.66329847,0.4785595612,33.81913949
log_det,winequality-red_n100_alpha3,3,33,14,14,9.912565095,23.94748298,0.2432759335,34.10332401
log_det,winequality-red_n100_alpha3,3,33,15,15,10.08105117,26.01137987,0.07478986124,36.16722089
log_det,winequality-red_n100_alpha3,3,33,16,16,10.12792837,27.27649144,0,37.40441981
log_det,winequality-red_n100_alpha3,3,34,0,0,0,0,36.31643314,36.31643314
log_det,winequality-red_n100_alpha3,3,34,1,1,1.099611789,2.138889218,26.84522145,30.08372246
log_det,winequality-red_n100_alpha3,3,34,2,2,2.140671796,2.138889218,26.1732891,30.45285011
log_det,winequality-red_n100_alpha3,3,34,3,3,3.099305304,3.129295141,22.84185901,29.07045945
log_det,winequality-red_n100_alpha3,3,34,4,4,4.045990105,4.071617472,21.00856137,29.12616895
log_det,winequality-red_n100_alpha3,3,34,5,5,4.990300271,4.071617472,19.74022656,28.8021443
log_det,winequality-red_n100_alpha3,3,34,6,6,5.904576561,9.007121046,16.12230422,31.03400183
log_det,winequality-red_n100_alpha3,3,34,7,7,6.612895957,10.93415329,13.87418936,31.4212386
log_det,winequality-red_n100_alpha3,3,34,8,8,7.310097617,12.5823313,11.73305009,31.62547901
log_det,winequality-red_n100_alpha3,3,34,9,9,7.989162919,14.67190966,5.750939367,28.41201195
log_det,winequality-red_n100_alpha3,3,34,10,10,8.56873119,19.79360307,2.663640508,31.02597477
log_det,winequality-red_n100_alpha3,3,34,11,11,9.139739595,20.52679748,1.603639071,31.27017615
log_det,winequality-red_n100_alpha3,3,34,12,12,9.436787242,22.94664162,0.7190537861,33.10248265
log_det,winequality-red_n100_alpha3,3,34,13,13,9.677281467,23.66329847,0.4785595612,33.81913949
log_det,winequality-red_n100_alpha3,3,34,14,14,9.912565095,23.94748298,0.2432759335,34.10332401
log_det,winequality-red_n100_alpha3,3,34,15,15,10.08105117,26.01137987,0.07478986124,36.16722089
log_det,winequality-red_n100_alpha3,3,34,16,16,10.12792837,27.27649144,0,37.40441981
log_det,winequality-red_n100_alpha3,3,35,0,0,0,0,36.31643314,36.31643314
log_det,winequality-red_n100_alpha3,3,35,1,1,1.099611789,2.138889218,27.36163921,30.60014022
log_det,winequality-red_n100_alpha3,3,35,2,2,2.140671796,2.138889218,26.65097038,30.93053139
log_det,winequality-red_n100_alpha3,3,35,3,3,3.099305304,3.129295141,23.21610539,29.44470583
log_det,winequality-red_n100_alpha3,3,35,4,4,4.045990105,4.071617472,21.42711174,29.54471932
log_det,winequality-red_n100_alpha3,3,35,5,5,4.990300271,4.071617472,20.11916652,29.18108426
log_det,winequality-red_n100_alpha3,3,35,6,6,5.904576561,9.007121046,16.4170057,31.32870331
log_det,winequality-red_n100_alpha3,3,35,7,7,6.612895957,10.93415329,14.02239312,31.56944236
log_det,winequality-red_n100_alpha3,3,35,8,8,7.310097617,12.5823313,11.81130956,31.70373848
log_det,winequality-red_n100_alpha3,3,35,9,9,7.989162919,14.67190966,5.750939367,28.41201195
log_det,winequality-red_n100_alpha3,3,35,10,10,8.56873119,19.79360307,2.663640508,31.02597477
log_det,winequality-red_n100_alpha3,3,35,11,11,9.139739595,20.52679748,1.603639071,31.27017615
log_det,winequality-red_n100_alpha3,3,35,12,12,9.436787242,22.94664162,0.7190537861,33.10248265
log_det,winequality-red_n100_alpha3,3,35,13,13,9.677281467,23.66329847,0.4785595612,33.81913949
log_det,winequality-red_n100_alpha3,3,35,14,14,9.912565095,23.94748298,0.2432759335,34.10332401
log_det,winequality-red_n100_alpha3,3,35,15,15,10.08105117,26.01137987,0.07478986124,36.16722089
log_det,winequality-red_n100_alpha3,3,35,16,16,10.12792837,27.27649144,0,37.40441981
log_det,winequality-red_n100_alpha3,3,36,0,0,0,0,36.31643314,36.31643314
log_det,winequality-red_n100_alpha3,3,36,1,1,1.099611789,2.138889218,27.86360668,31.10210768
log_det,winequality-red_n100_alpha3,3,36,2,2,2.140671796,2.138889218,27.11850207,31.39806309
log_det,winequality-red_n100_alpha3,3,36,3,3,3.099305304,3.129295141,23.57998274,29.80858319
log_det,winequality-red_n100_alpha3,3,36,4,4,4.045990105,4.071617472,21.83397558,29.95158316
log_det,winequality-red_n100_alpha3,3,36,5,5,4.990300271,4.071617472,20.49675049,29.55866823
log_det,winequality-red_n100_alpha3,3,36,6,6,5.904576561,9.007121046,16.71063401,31.62233162
log_det,winequality-red_n100_alpha3,3,36,7,7,6.612895957,10.93415329,14.16629219,31.71334143
log_det,winequality-red_n100_alpha3,3,36,8,8,7.310097617,12.5823313,11.87801341,31.77044233
log_det,winequality-red_n100_alpha3,3,36,9,9,7.989162919,14.67190966,5.750939367,28.41201195
log_det,winequality-red_n100_alpha3,3,36,10,10,8.56873119,19.79360307,2.663640508,31.02597477
log_det,winequality-red_n100_alpha3,3,36,11,11,9.139739595,20.52679748,1.603639071,31.27017615
log_det,winequality-red_n100_alpha3,3,36,12,12,9.436787242,22.94664162,0.7190537861,33.10248265
log_det,winequality-red_n100_alpha3,3,36,13,13,9.677281467,23.66329847,0.4785595612,33.81913949
log_det,winequality-red_n100_alpha3,3,36,14,14,9.912565095,23.94748298,0.2432759335,34.10332401
log_det,winequality-red_n100_alpha3,3,36,15,15,10.08105117,26.01137987,0.07478986124,36.16722089
log_det,winequality-red_n100_alpha3,3,36,16,16,10.12792837,27.27649144,0,37.40441981
log_det,winequality-red_n100_alpha3,3,37,0,0,0,0,36.31643314,36.31643314
log_det,winequality-red_n100_alpha3,3,37,1,1,1.099611789,2.138889218,28.36197712,31.60047813
log_det,winequality-red_n100_alpha3,3,37,2,2,2.140671796,2.138889218,27.56673535,31.84629637
log_det,winequality-red_n100_alpha3,3,37,3,3,3.099305304,3.129295141,23.92232088,30.15092133
log_det,winequality-red_n100_alpha3,3,37,4,4,4.045990105,4.071617472,22.21535844,30.33296602
log_det,winequality-red_n100_alpha3,3,37,5,5,4.990300271,4.071617472,20.86980041,29.93171815
log_det,winequality-red_n100_alpha3,3,37,6,6,5.904576561,9.007121046,16.98641473,31.89811233
log_det,winequality-red_n100_alpha3,3,37,7,7,6.612895957,10.93415329,14.29635418,31.84340343
log_det,winequality-red_n100_alpha3,3,37,8,8,7.310097617,12.5823313,11.93042963,31.82285855
log_det,winequality-red_n100_alpha3,3,37,9,9,7.989162919,14.67190966,5.750939367,28.41201195
log_det,winequality-red_n100_alpha3,3,37,10,10,8.56873119,19.79360307,2.663640508,31.02597477
log_det,winequality-red_n100_alpha3,3,37,11,11,9.139739595,20.52679748,1.603639071,31.27017615
log_det,winequality-red_n100_alpha3,3,37,12,12,9.436787242,22.94664162,0.7190537861,33.10248265
log_det,winequality-red_n100_alpha3,3,37,13,13,9.677281467,23.66329847,0.4785595612,33.81913949
log_det,winequality-red_n100_alpha3,3,37,14,14,9.912565095,23.94748298,0.2432759335,34.10332401
log_det,winequality-red_n100_alpha3,3,37,15,15,10.08105117,26.01137987,0.07478986124,36.16722089
log_det,winequality-red_n100_alpha3,3,37,16,16,10.12792837,27.27649144,0,37.40441981
log_det,winequality-red_n100_alpha3,3,38,0,0,0,0,36.31643314,36.31643314
log_det,winequality-red_n100_alpha3,3,38,1,1,1.099611789,2.138889218,28.83469119,32.07319219
log_det,winequality-red_n100_alpha3,3,38,2,2,2.140671796,2.138889218,27.99084395,32.27040496
log_det,winequality-red_n100_alpha3,3,38,3,3,3.099305304,3.129295141,24.24447719,30.47307763
log_det,winequality-red_n100_alpha3,3,38,4,4,4.045990105,4.071617472,22.59509887,30.71270644
log_det,winequality-red_n100_alpha3,3,38,5,5,4.990300271,4.071617472,21.2322707,30.29418844
log_det,winequality-red_n100_alpha3,3,38,6,6,5.904576561,9.007121046,17.25435024,32.16604784
log_det,winequality-red_n100_alpha3,3,38,7,7,6.612895957,10.93415329,14.41378093,31.96083017
log_det,winequality-red_n100_alpha3,3,38,8,8,7.310097617,12.5823313,11.96687809,31.85930702
log_det,winequality-red_n100_alpha3,3,38,9,9,7.989162919,14.67190966,5.750939367,28.41201195
log_det,winequality-red_n100_alpha3,3,38,10,10,8.56873119,19.79360307,2.663640508,31.02597477
log_det,winequality-red_n100_alpha3,3,38,11,11,9.139739595,20.52679748,1.603639071,31.27017615
log_det,winequality-red_n100_alpha3,3,38,12,12,9.436787242,22.94664162,0.7190537861,33.10248265
log_det,winequality-red_n100_alpha3,3,38,13,13,9.677281467,23.66329847,0.4785595612,33.81913949
log_det,winequality-red_n100_alpha3,3,38,14,14,9.912565095,23.94748298,0.2432759335,34.10332401
log_det,winequality-red_n100_alpha3,3,38,15,15,10.08105117,26.01137987,0.07478986124,36.16722089
log_det,winequality-red_n100_alpha3,3,38,16,16,10.12792837,27.27649144,0,37.40441981
log_det,winequality-red_n100_alpha3,3,39,0,0,0,0,36.31643314,36.31643314
log_det,winequality-red_n100_alpha3,3,39,1,1,1.099611789,2.138889218,29.30351344,32.54201445
log_det,winequality-red_n100_alpha3,3,39,2,2,2.140671796,2.138889218,28.37632504,32.65588605
log_det,winequality-red_n100_alpha3,3,39,3,3,3.099305304,3.129295141,24.56145461,30.79005506
log_det,winequality-red_n100_alpha3,3,39,4,4,4.045990105,4.071617472,22.97467783,31.09228541
log_det,winequality-red_n100_alpha3,3,39,5,5,4.990300271,4.071617472,21.5924422,30.65435994
log_det,winequality-red_n100_alpha3,3,39,6,6,5.904576561,9.007121046,17.51073738,32.42243499
log_det,winequality-red_n100_alpha3,3,39,7,7,6.612895957,10.93415329,14.52734058,32.07438982
log_det,winequality-red_n100_alpha3,3,39,8,8,7.310097617,12.5823313,11.96687809,31.85930702
log_det,winequality-red_n100_alpha3,3,39,9,9,7.989162919,14.67190966,5.750939367,28.41201195
log_det,winequality-red_n100_alpha3,3,39,10,10,8.56873119,19.79360307,2.663640508,31.02597477
log_det,winequality-red_n100_alpha3,3,39,11,11,9.139739595,20.52679748,1.603639071,31.27017615
log_det,winequality-red_n100_alpha3,3,39,12,12,9.436787242,22.94664162,0.7190537861,33.10248265
log_det,winequality-red_n100_alpha3,3,39,13,13,9.677281467,23.66329847,0.4785595612,33.81913949
log_det,winequality-red_n100_alpha3,3,39,14,14,9.912565095,23.94748298,0.2432759335,34.10332401
log_det,winequality-red_n100_alpha3,3,39,15,15,10.08105117,26.01137987,0.07478986124,36.16722089
log_det,winequality-red_n100_alpha3,3,39,16,16,10.12792837,27.27649144,0,37.40441981
log_det,winequality-red_n100_alpha3,3,40,0,0,0,0,36.31643314,36.31643314
log_det,winequality-red_n100_alpha3,3,40,1,1,1.099611789,2.138889218,29.7615548,33.00005581
log_det,winequality-red_n100_alpha3,3,40,2,2,2.140671796,2.138889218,28.70714778,32.9867088
log_det,winequality-red_n100_alpha3,3,40,3,3,3.099305304,3.129295141,24.83851766,31.06711811
log_det,winequality-red_n100_alpha3,3,40,4,4,4.045990105,4.071617472,23.33745947,31.45506705
log_det,winequality-red_n100_alpha3,3,40,5,5,4.990300271,4.071617472,21.93796339,30.99988113
log_det,winequality-red_n100_alpha3,3,40,6,6,5.904576561,9.007121046,17.73881514,32.65051274
log_det,winequality-red_n100_alpha3,3,40,7,7,6.612895957,10.93415329,14.62932614,32.17637539
log_det,winequality-red_n100_alpha3,3,40,8,8,7.310097617,12.5823313,11.96687809,31.85930702
log_det,winequality-red_n100_alpha3,3,40,9,9,7.989162919,14.67190966,5.750939367,28.41201195
log_det,winequality-red_n100_alpha3,3,40,10,10,8.56873119,19.79360307,2.663640508,31.02597477
log_det,winequality-red_n100_alpha3,3,40,11,11,9.139739595,20.52679748,1.603639071,31.27017615
log_det,winequality-red_n100_alpha3,3,40,12,12,9.436787242,22.94664162,0.7190537861,33.10248265
log_det,winequality-red_n100_alpha3,3,40,13,13,9.677281467,23.66329847,0.4785595612,33.81913949
log_det,winequality-red_n100_alpha3,3,40,14,14,9.912565095,23.94748298,0.2432759335,34.10332401
log_det,winequality-red_n100_alpha3,3,40,15,15,10.08105117,26.01137987,0.07478986124,36.16722089
log_det,winequality-red_n100_alpha3,3,40,16,16,10.12792837,27.27649144,0,37.40441981
log_det,winequality-red_n100_alpha3,3,41,0,0,0,0,36.31643314,36.31643314
log_det,winequality-red_n100_alpha3,3,41,1,1,1.099611789,2.138889218,30.18099664,33.41949765
log_det,winequality-red_n100_alpha3,3,41,2,2,2.140671796,2.138889218,28.98816053,33.26772154
log_det,winequality-red_n100_alpha3,3,41,3,3,3.099305304,3.129295141,25.10374146,31.33234191
log_det,winequality-red_n100_alpha3,3,41,4,4,4.045990105,4.071617472,23.70008642,31.81769399
log_det,winequality-red_n100_alpha3,3,41,5,5,4.990300271,4.071617472,22.28010354,31.34202128
log_det,winequality-red_n100_alpha3,3,41,6,6,5.904576561,9.007121046,17.9428475,32.85454511
log_det,winequality-red_n100_alpha3,3,41,7,7,6.612895957,10.93415329,14.7262942,32.27334344
log_det,winequality-red_n100_alpha3,3,41,8,8,7.310097617,12.5823313,11.96687809,31.85930702
log_det,winequality-red_n100_alpha3,3,41,9,9,7.989162919,14.67190966,5.750939367,28.41201195
log_det,winequality-red_n100_alpha3,3,41,10,10,8.56873119,19.79360307,2.663640508,31.02597477
log_det,winequality-red_n100_alpha3,3,41,11,11,9.139739595,20.52679748,1.603639071,31.27017615
log_det,winequality-red_n100_alpha3,3,41,12,12,9.436787242,22.94664162,0.7190537861,33.10248265
log_det,winequality-red_n100_alpha3,3,41,13,13,9.677281467,23.66329847,0.4785595612,33.81913949
log_det,winequality-red_n100_alpha3,3,41,14,14,9.912565095,23.94748298,0.2432759335,34.10332401
log_det,winequality-red_n100_alpha3,3,41,15,15,10.08105117,26.01137987,0.07478986124,36.16722089
log_det,winequality-red_n100_alpha3,3,41,16,16,10.12792837,27.27649144,0,37.40441981
log_det,winequality-red_n100_alpha3,3,42,0,0,0,0,36.31643314,36.31643314
log_det,winequality-red_n100_alpha3,3,42,1,1,1.099611789,2.138889218,30.56980119,33.8083022
log_det,winequality-red_n100_alpha3,3,42,2,2,2.140671796,2.138889218,29.23977746,33.51933848
log_det,winequality-red_n100_alpha3,3,42,3,3,3.099305304,3.129295141,25.36869975,31.5973002
log_det,winequality-red_n100_alpha3,3,42,4,4,4.045990105,4.071617472,24.06207329,32.17968086
log_det,winequality-red_n100_alpha3,3,42,5,5,4.990300271,4.071617472,22.61271763,31.67463538
log_det,winequality-red_n100_alpha3,3,42,6,6,5.904576561,9.007121046,18.14450515,33.05620276
log_det,winequality-red_n100_alpha3,3,42,7,7,6.612895957,10.93415329,14.81778394,32.36483318
log_det,winequality-red_n100_alpha3,3,42,8,8,7.310097617,12.5823313,11.96687809,31.85930702
log_det,winequality-red_n100_alpha3,3,42,9,9,7.989162919,14.67190966,5.750939367,28.41201195
log_det,winequality-red_n100_alpha3,3,42,10,10,8.56873119,19.79360307,2.663640508,31.02597477
log_det,winequality-red_n100_alpha3,3,42,11,11,9.139739595,20.52679748,1.603639071,31.27017615
log_det,winequality-red_n100_alpha3,3,42,12,12,9.436787242,22.94664162,0.7190537861,33.10248265
log_det,winequality-red_n100_alpha3,3,42,13,13,9.677281467,23.66329847,0.4785595612,33.81913949
log_det,winequality-red_n100_alpha3,3,42,14,14,9.912565095,23.94748298,0.2432759335,34.10332401
log_det,winequality-red_n100_alpha3,3,42,15,15,10.08105117,26.01137987,0.07478986124,36.16722089
log_det,winequality-red_n100_alpha3,3,42,16,16,10.12792837,27.27649144,0,37.40441981
log_det,winequality-red_n100_alpha3,3,43,0,0,0,0,36.31643314,36.31643314
log_det,winequality-red_n100_alpha3,3,43,1,1,1.099611789,2.138889218,30.93130365,34.16980465
log_det,winequality-red_n100_alpha3,3,43,2,2,2.140671796,2.138889218,29.36503659,33.6445976
log_det,winequality-red_n100_alpha3,3,43,3,3,3.099305304,3.129295141,25.61747128,31.84607172
log_det,winequality-red_n100_alpha3,3,43,4,4,4.045990105,4.071617472,24.40566732,32.5232749
log_det,winequality-red_n100_alpha3,3,43,5,5,4.990300271,4.071617472,22.93319543,31.99511317
log_det,winequality-red_n100_alpha3,3,43,6,6,5.904576561,9.007121046,18.33746698,33.24916459
log_det,winequality-red_n100_alpha3,3,43,7,7,6.612895957,10.93415329,14.88180944,32.42885868
log_det,winequality-red_n100_alpha3,3,43,8,8,7.310097617,12.5823313,11.96687809,31.85930702
log_det,winequality-red_n100_alpha3,3,43,9,9,7.989162919,14.67190966,5.750939367,28.41201195
log_det,winequality-red_n100_alpha3,3,43,10,10,8.56873119,19.79360307,2.663640508,31.02597477
log_det,winequality-red_n100_alpha3,3,43,11,11,9.139739595,20.52679748,1.603639071,31.27017615
log_det,winequality-red_n100_alpha3,3,43,12,12,9.436787242,22.94664162,0.7190537861,33.10248265
log_det,winequality-red_n100_alpha3,3,43,13,13,9.677281467,23.66329847,0.4785595612,33.81913949
log_det,winequality-red_n100_alpha3,3,43,14,14,9.912565095,23.94748298,0.2432759335,34.10332401
log_det,winequality-red_n100_alpha3,3,43,15,15,10.08105117,26.01137987,0.07478986124,36.16722089
log_det,winequality-red_n100_alpha3,3,43,16,16,10.12792837,27.27649144,0,37.40441981
log_det,winequality-red_n100_alpha3,3,44,0,0,0,0,36.31643314,36.31643314
log_det,winequality-red_n100_alpha3,3,44,1,1,1.099611789,2.138889218,31.21389352,34.45239453
log_det,winequality-red_n100_alpha3,3,44,2,2,2.140671796,2.138889218,29.47698621,33.75654722
log_det,winequality-red_n100_alpha3,3,44,3,3,3.099305304,3.129295141,25.8284705,32.05707095
log_det,winequality-red_n100_alpha3,3,44,4,4,4.045990105,4.071617472,24.73792265,32.85553022
log_det,winequality-red_n100_alpha3,3,44,5,5,4.990300271,4.071617472,23.24944224,32.31135999
log_det,winequality-red_n100_alpha3,3,44,6,6,5.904576561,9.007121046,18.52771844,33.43941605
log_det,winequality-red_n100_alpha3,3,44,7,7,6.612895957,10.93415329,14.94293622,32.48998546
log_det,winequality-red_n100_alpha3,3,44,8,8,7.310097617,12.5823313,11.96687809,31.85930702
log_det,winequality-red_n100_alpha3,3,44,9,9,7.989162919,14.67190966,5.750939367,28.41201195
log_det,winequality-red_n100_alpha3,3,44,10,10,8.56873119,19.79360307,2.663640508,31.02597477
log_det,winequality-red_n100_alpha3,3,44,11,11,9.139739595,20.52679748,1.603639071,31.27017615
log_det,winequality-red_n100_alpha3,3,44,12,12,9.436787242,22.94664162,0.7190537861,33.10248265
log_det,winequality-red_n100_alpha3,3,44,13,13,9.677281467,23.66329847,0.4785595612,33.81913949
log_det,winequality-red_n100_alpha3,3,44,14,14,9.912565095,23.94748298,0.2432759335,34.10332401
log_det,winequality-red_n100_alpha3,3,44,15,15,10.08105117,26.01137987,0.07478986124,36.16722089
log_det,winequality-red_n100_alpha3,3,44,16,16,10.12792837,27.27649144,0,37.40441981
log_det,winequality-red_n100_alpha3,3,45,0,0,0,0,36.31643314,36.31643314
log_det,winequality-red_n100_alpha3,3,45,1,1,1.099611789,2.138889218,31.47650828,34.71500929
log_det,winequality-red_n100_alpha3,3,45,2,2,2.140671796,2.138889218,29.54575154,33.82531255
log_det,winequality-red_n100_alpha3,3,45,3,3,3.099305304,3.129295141,26.02892422,32.25752467
log_det,winequality-red_n100_alpha3,3,45,4,4,4.045990105,4.071617472,25.06139668,33.17900426
log_det,winequality-red_n100_alpha3,3,45,5,5,4.990300271,4.071617472,23.56002111,32.62193885
log_det,winequality-red_n100_alpha3,3,45,6,6,5.904576561,9.007121046,18.69841333,33.61011093
log_det,winequality-red_n100_alpha3,3,45,7,7,6.612895957,10.93415329,15.00389014,32.55093939
log_det,winequality-red_n100_alpha3,3,45,8,8,7.310097617,12.5823313,11.96687809,31.85930702
log_det,winequality-red_n100_alpha3,3,45,9,9,7.989162919,14.67190966,5.750939367,28.41201195
log_det,winequality-red_n100_alpha3,3,45,10,10,8.56873119,19.79360307,2.663640508,31.02597477
log_det,winequality-red_n100_alpha3,3,45,11,11,9.139739595,20.52679748,1.603639071,31.27017615
log_det,winequality-red_n100_alpha3,3,45,12,12,9.436787242,22.94664162,0.7190537861,33.10248265
log_det,winequality-red_n100_alpha3,3,45,13,13,9.677281467,23.66329847,0.4785595612,33.81913949
log_det,winequality-red_n100_alpha3,3,45,14,14,9.912565095,23.94748298,0.2432759335,34.10332401
log_det,winequality-red_n100_alpha3,3,45,15,15,10.08105117,26.01137987,0.07478986124,36.16722089
log_det,winequality-red_n100_alpha3,3,45,16,16,10.12792837,27.27649144,0,37.40441981
log_det,winequality-red_n100_alpha3,3,46,0,0,0,0,36.31643314,36.31643314
log_det,winequality-red_n100_alpha3,3,46,1,1,1.099611789,2.138889218,31.60381198,34.84231298
log_det,winequality-red_n100_alpha3,3,46,2,2,2.140671796,2.138889218,29.57712208,33.8566831
log_det,winequality-red_n100_alpha3,3,46,3,3,3.099305304,3.129295141,26.22856411,32.45716455
log_det,winequality-red_n100_alpha3,3,46,4,4,4.045990105,4.071617472,25.36540559,33.48301317
log_det,winequality-red_n100_alpha3,3,46,5,5,4.990300271,4.071617472,23.86953282,32.93145056
log_det,winequality-red_n100_alpha3,3,46,6,6,5.904576561,9.007121046,18.85682655,33.76852416
log_det,winequality-red_n100_alpha3,3,46,7,7,6.612895957,10.93415329,15.06128005,32.60832929
log_det,winequality-red_n100_alpha3,3,46,8,8,7.310097617,12.5823313,11.96687809,31.85930702
log_det,winequality-red_n100_alpha3,3,46,9,9,7.989162919,14.67190966,5.750939367,28.41201195
log_det,winequality-red_n100_alpha3,3,46,10,10,8.56873119,19.79360307,2.663640508,31.02597477
log_det,winequality-red_n100_alpha3,3,46,11,11,9.139739595,20.52679748,1.603639071,31.27017615
log_det,winequality-red_n100_alpha3,3,46,12,12,9.436787242,22.94664162,0.7190537861,33.10248265
log_det,winequality-red_n100_alpha3,3,46,13,13,9.677281467,23.66329847,0.4785595612,33.81913949
log_det,winequality-red_n100_alpha3,3,46,14,14,9.912565095,23.94748298,0.2432759335,34.10332401
log_det,winequality-red_n100_alpha3,3,46,15,15,10.08105117,26.01137987,0.07478986124,36.16722089
log_det,winequality-red_n100_alpha3,3,46,16,16,10.12792837,27.27649144,0,37.40441981
log_det,winequality-red_n100_alpha3,3,47,0,0,0,0,36.31643314,36.31643314
log_det,winequality-red_n100_alpha3,3,47,1,1,1.099611789,2.138889218,31.71798907,34.95649007
log_det,winequality-red_n100_alpha3,3,47,2,2,2.140671796,2.138889218,29.58305149,33.86261251
log_det,winequality-red_n100_alpha3,3,47,3,3,3.099305304,3.129295141,26.41676273,32.64536317
log_det,winequality-red_n100_alpha3,3,47,4,4,4.045990105,4.071617472,25.64181125,33.75941882
log_det,winequality-red_n100_alpha3,3,47,5,5,4.990300271,4.071617472,24.15884828,33.22076602
log_det,winequality-red_n100_alpha3,3,47,6,6,5.904576561,9.007121046,19.01232198,33.92401959
log_det,winequality-red_n100_alpha3,3,47,7,7,6.612895957,10.93415329,15.10699421,32.65404346
log_det,winequality-red_n100_alpha3,3,47,8,8,7.310097617,12.5823313,11.96687809,31.85930702
log_det,winequality-red_n100_alpha3,3,47,9,9,7.989162919,14.67190966,5.750939367,28.41201195
log_det,winequality-red_n100_alpha3,3,47,10,10,8.56873119,19.79360307,2.663640508,31.02597477
log_det,winequality-red_n100_alpha3,3,47,11,11,9.139739595,20.52679748,1.603639071,31.27017615
log_det,winequality-red_n100_alpha3,3,47,12,12,9.436787242,22.94664162,0.7190537861,33.10248265
log_det,winequality-red_n100_alpha3,3,47,13,13,9.677281467,23.66329847,0.4785595612,33.81913949
log_det,winequality-red_n100_alpha3,3,47,14,14,9.912565095,23.94748298,0.2432759335,34.10332401
log_det,winequality-red_n100_alpha3,3,47,15,15,10.08105117,26.01137987,0.07478986124,36.16722089
log_det,winequality-red_n100_alpha3,3,47,16,16,10.12792837,27.27649144,0,37.40441981
log_det,winequality-red_n100_alpha3,3,48,0,0,0,0,36.31643314,36.31643314
log_det,winequality-red_n100_alpha3,3,48,1,1,1.099611789,2.138889218,31.82516076,35.06366177
log_det,winequality-red_n100_alpha3,3,48,2,2,2.140671796,2.138889218,29.58305149,33.86261251
log_det,winequality-red_n100_alpha3,3,48,3,3,3.099305304,3.129295141,26.59856374,32.82716419
log_det,winequality-red_n100_alpha3,3,48,4,4,4.045990105,4.071617472,25.90705698,34.02466455
log_det,winequality-red_n100_alpha3,3,48,5,5,4.990300271,4.071617472,24.44116644,33.50308418
log_det,winequality-red_n100_alpha3,3,48,6,6,5.904576561,9.007121046,19.13292476,34.04462236
log_det,winequality-red_n100_alpha3,3,48,7,7,6.612895957,10.93415329,15.13906805,32.68611729
log_det,winequality-red_n100_alpha3,3,48,8,8,7.310097617,12.5823313,11.96687809,31.85930702
log_det,winequality-red_n100_alpha3,3,48,9,9,7.989162919,14.67190966,5.750939367,28.41201195
log_det,winequality-red_n100_alpha3,3,48,10,10,8.56873119,19.79360307,2.663640508,31.02597477
log_det,winequality-red_n100_alpha3,3,48,11,11,9.139739595,20.52679748,1.603639071,31.27017615
log_det,winequality-red_n100_alpha3,3,48,12,12,9.436787242,22.94664162,0.7190537861,33.10248265
log_det,winequality-red_n100_alpha3,3,48,13,13,9.677281467,23.66329847,0.4785595612,33.81913949
log_det,winequality-red_n100_alpha3,3,48,14,14,9.912565095,23.94748298,0.2432759335,34.10332401
log_det,winequality-red_n100_alpha3,3,48,15,15,10.08105117,26.01137987,0.07478986124,36.16722089
log_det,winequality-red_n100_alpha3,3,48,16,16,10.12792837,27.27649144,0,37.40441981
log_det,winequality-red_n100_alpha3,3,49,0,0,0,0,36.31643314,36.31643314
log_det,winequality-red_n100_alpha3,3,49,1,1,1.099611789,2.138889218,31.8889402,35.12744121
log_det,winequality-red_n100_alpha3,3,49,2,2,2.140671796,2.138889218,29.58305149,33.86261251
log_det,winequality-red_n100_alpha3,3,49,3,3,3.099305304,3.129295141,26.7246456,32.95324605
log_det,winequality-red_n100_alpha3,3,49,4,4,4.045990105,4.071617472,26.16414271,34.28175029
log_det,winequality-red_n100_alpha3,3,49,5,5,4.990300271,4.071617472,24.68906867,33.75098642
log_det,winequality-red_n100_alpha3,3,49,6,6,5.904576561,9.007121046,19.23516883,34.14686644
log_det,winequality-red_n100_alpha3,3,49,7,7,6.612895957,10.93415329,15.16847208,32.71552133
log_det,winequality-red_n100_alpha3,3,49,8,8,7.310097617,12.5823313,11.96687809,31.85930702
log_det,winequality-red_n100_alpha3,3,49,9,9,7.989162919,14.67190966,5.750939367,28.41201195
log_det,winequality-red_n100_alpha3,3,49,10,10,8.56873119,19.79360307,2.663640508,31.02597477
log_det,winequality-red_n100_alpha3,3,49,11,11,9.139739595,20.52679748,1.603639071,31.27017615
log_det,winequality-red_n100_alpha3,3,49,12,12,9.436787242,22.94664162,0.7190537861,33.10248265
log_det,winequality-red_n100_alpha3,3,49,13,13,9.677281467,23.66329847,0.4785595612,33.81913949
log_det,winequality-red_n100_alpha3,3,49,14,14,9.912565095,23.94748298,0.2432759335,34.10332401
log_det,winequality-red_n100_alpha3,3,49,15,15,10.08105117,26.01137987,0.07478986124,36.16722089
log_det,winequality-red_n100_alpha3,3,49,16,16,10.12792837,27.27649144,0,37.40441981
log_det,winequality-red_n100_alpha3,3,50,0,0,0,0,36.31643314,36.31643314
log_det,winequality-red_n100_alpha3,3,50,1,1,1.099611789,2.138889218,31.89542637,35.13392738
log_det,winequality-red_n100_alpha3,3,50,2,2,2.140671796,2.138889218,29.58305149,33.86261251
log_det,winequality-red_n100_alpha3,3,50,3,3,3.099305304,3.129295141,26.81729938,33.04589982
log_det,winequality-red_n100_alpha3,3,50,4,4,4.045990105,4.071617472,26.39628343,34.51389101
log_det,winequality-red_n100_alpha3,3,50,5,5,4.990300271,4.071617472,24.92117148,33.98308922
log_det,winequality-red_n100_alpha3,3,50,6,6,5.904576561,9.007121046,19.32711184,34.23880945
log_det,winequality-red_n100_alpha3,3,50,7,7,6.612895957,10.93415329,15.18595852,32.73300776
log_det,winequality-red_n100_alpha3,3,50,8,8,7.310097617,12.5823313,11.96687809,31.85930702
log_det,winequality-red_n100_alpha3,3,50,9,9,7.989162919,14.67190966,5.750939367,28.41201195
log_det,winequality-red_n100_alpha3,3,50,10,10,8.56873119,19.79360307,2.663640508,31.02597477
log_det,winequality-red_n100_alpha3,3,50,11,11,9.139739595,20.52679748,1.603639071,31.27017615
log_det,winequality-red_n100_alpha3,3,50,12,12,9.436787242,22.94664162,0.7190537861,33.10248265
log_det,winequality-red_n100_alpha3,3,50,13,13,9.677281467,23.66329847,0.4785595612,33.81913949
log_det,winequality-red_n100_alpha3,3,50,14,14,9.912565095,23.94748298,0.2432759335,34.10332401
log_det,winequality-red_n100_alpha3,3,50,15,15,10.08105117,26.01137987,0.07478986124,36.16722089
log_det,winequality-red_n100_alpha3,3,50,16,16,10.12792837,27.27649144,0,37.40441981
log_det,winequality-red_n100_alpha3,4,1,0,0,0,0,1.099611789,1.099611789
log_det,winequality-red_n100_alpha3,4,1,1,1,1.099611789,0.7329402917,1.085293568,2.917845649
log_det,winequality-red_n100_alpha3,4,2,0,0,0,0,2.199223578,2.199223578
log_det,winequality-red_n100_alpha3,4,2,1,1,1.099611789,0.7329402917,2.149651269,3.98220335
log_det,winequality-red_n100_alpha3,4,2,2,2,2.184905357,0.7329402917,2.116561126,5.034406774
log_det,winequality-red_n100_alpha3,4,3,0,0,0,0,3.298835367,3.298835367
log_det,winequality-red_n100_alpha3,4,3,1,1,1.099611789,0.7329402917,3.202497757,5.035049837
log_det,winequality-red_n100_alpha3,4,3,2,2,2.184905357,0.7329402917,3.148165772,6.06601142
log_det,winequality-red_n100_alpha3,4,3,3,3,3.249263058,1.363566011,2.908561605,7.521390675
log_det,winequality-red_n100_alpha3,4,4,0,0,0,0,4.398447156,4.398447156
log_det,winequality-red_n100_alpha3,4,4,1,1,1.099611789,0.7329402917,4.235984876,6.068536956
log_det,winequality-red_n100_alpha3,4,4,2,2,2.184905357,0.7329402917,4.16064044,7.078486089
log_det,winequality-red_n100_alpha3,4,4,3,3,3.249263058,1.363566011,3.83127864,8.44410771
log_det,winequality-red_n100_alpha3,4,4,4,4,4.260860951,3.200566627,3.416388317,10.87781589
log_det,winequality-red_n100_alpha3,4,5,0,0,0,0,5.498058945,5.498058945
log_det,winequality-red_n100_alpha3,4,5,1,1,1.099611789,0.7329402917,5.26813085,7.100682931
log_det,winequality-red_n100_alpha3,4,5,2,2,2.184905357,0.7329402917,5.151731839,8.069577487
log_det,winequality-red_n100_alpha3,4,5,3,3,3.249263058,1.363566011,4.746780642,9.359609711
log_det,winequality-red_n100_alpha3,4,5,4,4,4.260860951,3.200566627,4.175828355,11.63725593
log_det,winequality-red_n100_alpha3,4,5,5,5,5.200094044,4.400258364,3.611250877,13.21160328
log_det,winequality-red_n100_alpha3,4,6,0,0,0,0,6.597670734,6.597670734
log_det,winequality-red_n100_alpha3,4,6,1,1,1.099611789,0.7329402917,6.26959123,8.10214331
log_det,winequality-red_n100_alpha3,4,6,2,2,2.184905357,0.7329402917,6.12370703,9.041552679
log_det,winequality-red_n100_alpha3,4,6,3,3,3.249263058,1.363566011,5.644372661,10.25720173
log_det,winequality-red_n100_alpha3,4,6,4,4,4.260860951,3.200566627,4.926626365,12.38805394
log_det,winequality-red_n100_alpha3,4,6,5,5,5.200094044,4.400258364,4.252180011,13.85253242
log_det,winequality-red_n100_alpha3,4,6,6,6,5.965864193,6.507276555,4.085651798,16.55879255
log_det,winequality-red_n100_alpha3,4,7,0,0,0,0,7.697282523,7.697282523
log_det,winequality-red_n100_alpha3,4,7,1,1,1.099611789,0.7329402917,7.256244448,9.088796529
log_det,winequality-red_n100_alpha3,4,7,2,2,2.184905357,0.7329402917,7.077149583,9.994995232
log_det,winequality-red_n100_alpha3,4,7,3,3,3.249263058,1.363566011,6.539749267,11.15257834
log_det,winequality-red_n100_alpha3,4,7,4,4,4.260860951,3.200566627,5.667056524,13.1284841
log_det,winequality-red_n100_alpha3,4,7,5,5,5.200094044,4.400258364,4.892774654,14.49312706
log_det,winequality-red_n100_alpha3,4,7,6,6,5.965864193,6.507276555,4.70929096,17.18243171
log_det,winequality-red_n100_alpha3,4,7,7,7,6.711786607,8.743565045,2.707974588,18.16332624
log_det,winequality-red_n100_alpha3,4,8,0,0,0,0,8.796894312,8.796894312
log_det,winequality-red_n100_alpha3,4,8,1,1,1.099611789,0.7329402917,8.234354421,10.0669065
log_det,winequality-red_n100_alpha3,4,8,2,2,2.184905357,0.7329402917,8.018959323,10.93680497
log_det,winequality-red_n100_alpha3,4,8,3,3,3.249263058,1.363566011,7.431584094,12.04441316
log_det,winequality-red_n100_alpha3,4,8,4,4,4.260860951,3.200566627,6.384464851,13.84589243
log_det,winequality-red_n100_alpha3,4,8,5,5,5.200094044,4.400258364,5.528082123,15.12843453
log_det,winequality-red_n100_alpha3,4,8,6,6,5.965864193,6.507276555,5.295641315,17.76878206
log_det,winequality-red_n100_alpha3,4,8,7,7,6.711786607,8.743565045,2.969396988,18.42474864
log_det,winequality-red_n100_alpha3,4,8,8,8,7.332452932,8.743565045,2.542619559,18.61863754
log_det,winequality-red_n100_alpha3,4,9,0,0,0,0,9.896506101,9.896506101
log_det,winequality-red_n100_alpha3,4,9,1,1,1.099611789,0.7329402917,9.21105112,11.0436032
log_det,winequality-red_n100_alpha3,4,9,2,2,2.184905357,0.7329402917,8.952063061,11.86990871
log_det,winequality-red_n100_alpha3,4,9,3,3,3.249263058,1.363566011,8.315470712,12.92829978
log_det,winequality-red_n100_alpha3,4,9,4,4,4.260860951,3.200566627,7.096636453,14.55806403
log_det,winequality-red_n100_alpha3,4,9,5,5,5.200094044,4.400258364,6.158389704,15.75874211
log_det,winequality-red_n100_alpha3,4,9,6,6,5.965864193,6.507276555,5.837988394,18.31112914
log_det,winequality-red_n100_alpha3,4,9,7,7,6.711786607,8.743565045,3.223858124,18.67920978
log_det,winequality-red_n100_alpha3,4,9,8,8,7.332452932,8.743565045,2.777263712,18.85328169
log_det,winequality-red_n100_alpha3,4,9,9,9,7.805249682,11.12930941,2.110689033,21.04524813
log_det,winequality-red_n100_alpha3,4,10,0,0,0,0,10.99611789,10.99611789
log_det,winequality-red_n100_alpha3,4,10,1,1,1.099611789,0.7329402917,10.18163163,12.01418371
log_det,winequality-red_n100_alpha3,4,10,2,2,2.184905357,0.7329402917,9.882349996,12.80019564
log_det,winequality-red_n100_alpha3,4,10,3,3,3.249263058,1.363566011,9.194486134,13.8073152
log_det,winequality-red_n100_alpha3,4,10,4,4,4.260860951,3.200566627,7.761631255,15.22305883
log_det,winequality-red_n100_alpha3,4,10,5,5,5.200094044,4.400258364,6.783864853,16.38421726
log_det,winequality-red_n100_alpha3,4,10,6,6,5.965864193,6.507276555,6.327118632,18.80025938
log_det,winequality-red_n100_alpha3,4,10,7,7,6.711786607,8.743565045,3.478054709,18.93340636
log_det,winequality-red_n100_alpha3,4,10,8,8,7.332452932,8.743565045,3.011197709,19.08721569
log_det,winequality-red_n100_alpha3,4,10,9,9,7.805249682,11.12930941,2.268795918,21.20335501
log_det,winequality-red_n100_alpha3,4,10,10,10,8.16600066,12.98488862,1.760419571,22.91130885
log_det,winequality-red_n100_alpha3,4,11,0,0,0,0,12.09572968,12.09572968
log_det,winequality-red_n100_alpha3,4,11,1,1,1.099611789,0.7329402917,11.13966025,12.97221233
log_det,winequality-red_n100_alpha3,4,11,2,2,2.184905357,0.7329402917,10.8092378,13.72708345
log_det,winequality-red_n100_alpha3,4,11,3,3,3.249263058,1.363566011,10.06912327,14.68195234
log_det,winequality-red_n100_alpha3,4,11,4,4,4.260860951,3.200566627,8.422411341,15.88383892
log_det,winequality-red_n100_alpha3,4,11,5,5,5.200094044,4.400258364,7.388032274,16.98838468
log_det,winequality-red_n100_alpha3,4,11,6,6,5.965864193,6.507276555,6.794667434,19.26780818
log_det,winequality-red_n100_alpha3,4,11,7,7,6.711786607,8.743565045,3.720608556,19.17596021
log_det,winequality-red_n100_alpha3,4,11,8,8,7.332452932,8.743565045,3.231774882,19.30779286
log_det,winequality-red_n100_alpha3,4,11,9,9,7.805249682,11.12930941,2.426256512,21.36081561
log_det,winequality-red_n100_alpha3,4,11,10,10,8.16600066,12.98488862,1.863156067,23.01404535
log_det,winequality-red_n100_alpha3,4,11,11,11,8.48753829,14.43240021,1.400317742,24.32025624
log_det,winequality-red_n100_alpha3,4,12,0,0,0,0,13.19534147,13.19534147
log_det,winequality-red_n100_alpha3,4,12,1,1,1.099611789,0.7329402917,12.09714163,13.92969371
log_det,winequality-red_n100_alpha3,4,12,2,2,2.184905357,0.7329402917,11.73530053,14.65314618
log_det,winequality-red_n100_alpha3,4,12,3,3,3.249263058,1.363566011,10.91714602,15.52997509
log_det,winequality-red_n100_alpha3,4,12,4,4,4.260860951,3.200566627,9.071515298,16.53294288
log_det,winequality-red_n100_alpha3,4,12,5,5,5.200094044,4.400258364,7.981988767,17.58234117
log_det,winequality-red_n100_alpha3,4,12,6,6,5.965864193,6.507276555,7.246886978,19.72002773
log_det,winequality-red_n100_alpha3,4,12,7,7,6.711786607,8.743565045,3.957435281,19.41278693
log_det,winequality-red_n100_alpha3,4,12,8,8,7.332452932,8.743565045,3.450036104,19.52605408
log_det,winequality-red_n100_alpha3,4,12,9,9,7.805249682,11.12930941,2.573369785,21.50792888
log_det,winequality-red_n100_alpha3,4,12,10,10,8.16600066,12.98488862,1.958912522,23.10980181
log_det,winequality-red_n100_alpha3,4,12,11,11,8.48753829,14.43240021,1.42156409,24.34150259
log_det,winequality-red_n100_alpha3,4,12,12,12,8.720304885,15.54986576,1.126435876,25.39660653
log_det,winequality-red_n100_alpha3,4,13,0,0,0,0,14.29495326,14.29495326
log_det,winequality-red_n100_alpha3,4,13,1,1,1.099611789,0.7329402917,13.04709072,14.8796428
log_det,winequality-red_n100_alpha3,4,13,2,2,2.184905357,0.7329402917,12.66056475,15.5784104
log_det,winequality-red_n100_alpha3,4,13,3,3,3.249263058,1.363566011,11.75351822,16.36634729
log_det,winequality-red_n100_alpha3,4,13,4,4,4.260860951,3.200566627,9.719778788,17.18120637
log_det,winequality-red_n100_alpha3,4,13,5,5,5.200094044,4.400258364,8.573506005,18.17385841
log_det,winequality-red_n100_alpha3,4,13,6,6,5.965864193,6.507276555,7.695444916,20.16858566
log_det,winequality-red_n100_alpha3,4,13,7,7,6.711786607,8.743565045,4.186495323,19.64184698
log_det,winequality-red_n100_alpha3,4,13,8,8,7.332452932,8.743565045,3.636768936,19.71278691
log_det,winequality-red_n100_alpha3,4,13,9,9,7.805249682,11.12930941,2.688894402,21.6234535
log_det,winequality-red_n100_alpha3,4,13,10,10,8.16600066,12.98488862,2.035872959,23.18676224
log_det,winequality-red_n100_alpha3,4,13,11,11,8.48753829,14.43240021,1.441697401,24.3616359
log_det,winequality-red_n100_alpha3,4,13,12,12,8.720304885,15.54986576,1.126435876,25.39660653
log_det,winequality-red_n100_alpha3,4,13,13,13,8.910707137,17.18319898,0.5333412901,26.62724741
log_det,winequality-red_n100_alpha3,4,14,0,0,0,0,15.39456505,15.39456505
log_det,winequality-red_n100_alpha3,4,14,1,1,1.099611789,0.7329402917,13.99204232,15.8245944
log_det,winequality-red_n100_alpha3,4,14,2,2,2.184905357,0.7329402917,13.58557418,16.50341983
log_det,winequality-red_n100_alpha3,4,14,3,3,3.249263058,1.363566011,12.57734927,17.19017834
log_det,winequality-red_n100_alpha3,4,14,4,4,4.260860951,3.200566627,10.36546116,17.82688873
log_det,winequality-red_n100_alpha3,4,14,5,5,5.200094044,4.400258364,9.14253757,18.74288998
log_det,winequality-red_n100_alpha3,4,14,6,6,5.965864193,6.507276555,8.139101945,20.61224269
log_det,winequality-red_n100_alpha3,4,14,7,7,6.711786607,8.743565045,4.375307139,19.83065879
log_det,winequality-red_n100_alpha3,4,14,8,8,7.332452932,8.743565045,3.816745393,19.89276337
log_det,winequality-red_n100_alpha3,4,14,9,9,7.805249682,11.12930941,2.798686034,21.73324513
log_det,winequality-red_n100_alpha3,4,14,10,10,8.16600066,12.98488862,2.091519958,23.24240924
log_det,winequality-red_n100_alpha3,4,14,11,11,8.48753829,14.43240021,1.441697401,24.3616359
log_det,winequality-red_n100_alpha3,4,14,12,12,8.720304885,15.54986576,1.126435876,25.39660653
log_det,winequality-red_n100_alpha3,4,14,13,13,8.910707137,17.18319898,0.5333412901,26.62724741
log_det,winequality-red_n100_alpha3,4,14,14,14,9.047076289,20.4568981,0.1168773935,29.62085178
log_det,winequality-red_n100_alpha3,4,15,0,0,0,0,16.49417684,16.49417684
log_det,winequality-red_n100_alpha3,4,15,1,1,1.099611789,0.7329402917,14.93114698,16.76369906
log_det,winequality-red_n100_alpha3,4,15,2,2,2.184905357,0.7329402917,14.50787738,17.42572303
log_det,winequality-red_n100_alpha3,4,15,3,3,3.249263058,1.363566011,13.39521048,18.00803955
log_det,winequality-red_n100_alpha3,4,15,4,4,4.260860951,3.200566627,11.00187163,18.46329921
log_det,winequality-red_n100_alpha3,4,15,5,5,5.200094044,4.400258364,9.694916962,19.29526937
log_det,winequality-red_n100_alpha3,4,15,6,6,5.965864193,6.507276555,8.571911706,21.04505245
log_det,winequality-red_n100_alpha3,4,15,7,7,6.711786607,8.743565045,4.558038602,20.01339025
log_det,winequality-red_n100_alpha3,4,15,8,8,7.332452932,8.743565045,3.984975623,20.0609936
log_det,winequality-red_n100_alpha3,4,15,9,9,7.805249682,11.12930941,2.886838116,21.82139721
log_det,winequality-red_n100_alpha3,4,15,10,10,8.16600066,12.98488862,2.11177707,23.26266635
log_det,winequality-red_n100_alpha3,4,15,11,11,8.48753829,14.43240021,1.441697401,24.3616359
log_det,winequality-red_n100_alpha3,4,15,12,12,8.720304885,15.54986576,1.126435876,25.39660653
log_det,winequality-red_n100_alpha3,4,15,13,13,8.910707137,17.18319898,0.5333412901,26.62724741
log_det,winequality-red_n100_alpha3,4,15,14,14,9.047076289,20.4568981,0.1168773935,29.62085178
log_det,winequality-red_n100_alpha3,4,15,15,15,9.163953682,22.46960401,0,31.63355769
log_det,winequality-red_n100_alpha3,4,16,0,0,0,0,17.59378862,17.59378862
log_det,winequality-red_n100_alpha3,4,16,1,1,1.099611789,0.7329402917,15.86657934,17.69913142
log_det,winequality-red_n100_alpha3,4,16,2,2,2.184905357,0.7329402917,15.42713553,18.34498117
log_det,winequality-red_n100_alpha3,4,16,3,3,3.249263058,1.363566011,14.20953361,18.82236268
log_det,winequality-red_n100_alpha3,4,16,4,4,4.260860951,3.200566627,11.63763877,19.09906635
log_det,winequality-red_n100_alpha3,4,16,5,5,5.200094044,4.400258364,10.24376068,19.84411309
log_det,winequality-red_n100_alpha3,4,16,6,6,5.965864193,6.507276555,9.000880305,21.47402105
log_det,winequality-red_n100_alpha3,4,16,7,7,6.711786607,8.743565045,4.732242968,20.18759462
log_det,winequality-red_n100_alpha3,4,16,8,8,7.332452932,8.743565045,4.152161991,20.22817997
log_det,winequality-red_n100_alpha3,4,16,9,9,7.805249682,11.12930941,2.965912589,21.90047168
log_det,winequality-red_n100_alpha3,4,16,10,10,8.16600066,12.98488862,2.127438037,23.27832732
log_det,winequality-red_n100_alpha3,4,16,11,11,8.48753829,14.43240021,1.441697401,24.3616359
log_det,winequality-red_n100_alpha3,4,16,12,12,8.720304885,15.54986576,1.126435876,25.39660653
log_det,winequality-red_n100_alpha3,4,16,13,13,8.910707137,17.18319898,0.5333412901,26.62724741
log_det,winequality-red_n100_alpha3,4,16,14,14,9.047076289,20.4568981,0.1168773935,29.62085178
log_det,winequality-red_n100_alpha3,4,16,15,15,9.163953682,22.46960401,0,31.63355769
log_det,winequality-red_n100_alpha3,4,17,0,0,0,0,18.69340041,18.69340041
log_det,winequality-red_n100_alpha3,4,17,1,1,1.099611789,0.7329402917,16.80001929,18.63257137
log_det,winequality-red_n100_alpha3,4,17,2,2,2.184905357,0.7329402917,16.34535202,19.26319766
log_det,winequality-red_n100_alpha3,4,17,3,3,3.249263058,1.363566011,15.02121951,19.63404858
log_det,winequality-red_n100_alpha3,4,17,4,4,4.260860951,3.200566627,12.26254913,19.72397671
log_det,winequality-red_n100_alpha3,4,17,5,5,5.200094044,4.400258364,10.76446317,20.36481558
log_det,winequality-red_n100_alpha3,4,17,6,6,5.965864193,6.507276555,9.396209329,21.86935008
log_det,winequality-red_n100_alpha3,4,17,7,7,6.711786607,8.743565045,4.902636568,20.35798822
log_det,winequality-red_n100_alpha3,4,17,8,8,7.332452932,8.743565045,4.313115009,20.38913299
log_det,winequality-red_n100_alpha3,4,17,9,9,7.805249682,11.12930941,3.044296986,21.97885608
log_det,winequality-red_n100_alpha3,4,17,10,10,8.16600066,12.98488862,2.133529634,23.28441892
log_det,winequality-red_n100_alpha3,4,17,11,11,8.48753829,14.43240021,1.441697401,24.3616359
log_det,winequality-red_n100_alpha3,4,17,12,12,8.720304885,15.54986576,1.126435876,25.39660653
log_det,winequality-red_n100_alpha3,4,17,13,13,8.910707137,17.18319898,0.5333412901,26.62724741
log_det,winequality-red_n100_alpha3,4,17,14,14,9.047076289,20.4568981,0.1168773935,29.62085178
log_det,winequality-red_n100_alpha3,4,17,15,15,9.163953682,22.46960401,0,31.63355769
log_det,winequality-red_n100_alpha3,4,18,0,0,0,0,19.7930122,19.7930122
log_det,winequality-red_n100_alpha3,4,18,1,1,1.099611789,0.7329402917,17.73319629,19.56574837
log_det,winequality-red_n100_alpha3,4,18,2,2,2.184905357,0.7329402917,17.26218156,20.1800272
log_det,winequality-red_n100_alpha3,4,18,3,3,3.249263058,1.363566011,15.82782653,20.4406556
log_det,winequality-red_n100_alpha3,4,18,4,4,4.260860951,3.200566627,12.88638385,20.34781142
log_det,winequality-red_n100_alpha3,4,18,5,5,5.200094044,4.400258364,11.26507353,20.86542594
log_det,winequality-red_n100_alpha3,4,18,6,6,5.965864193,6.507276555,9.780676247,22.25381699
log_det,winequality-red_n100_alpha3,4,18,7,7,6.711786607,8.743565045,5.070233151,20.5255848
log_det,winequality-red_n100_alpha3,4,18,8,8,7.332452932,8.743565045,4.459152934,20.53517091
log_det,winequality-red_n100_alpha3,4,18,9,9,7.805249682,11.12930941,3.11518032,22.04973942
log_det,winequality-red_n100_alpha3,4,18,10,10,8.16600066,12.98488862,2.134078084,23.28496737
log_det,winequality-red_n100_alpha3,4,18,11,11,8.48753829,14.43240021,1.441697401,24.3616359
log_det,winequality-red_n100_alpha3,4,18,12,12,8.720304885,15.54986576,1.126435876,25.39660653
log_det,winequality-red_n100_alpha3,4,18,13,13,8.910707137,17.18319898,0.5333412901,26.62724741
log_det,winequality-red_n100_alpha3,4,18,14,14,9.047076289,20.4568981,0.1168773935,29.62085178
log_det,winequality-red_n100_alpha3,4,18,15,15,9.163953682,22.46960401,0,31.63355769
log_det,winequality-red_n100_alpha3,4,19,0,0,0,0,20.89262399,20.89262399
log_det,winequality-red_n100_alpha3,4,19,1,1,1.099611789,0.7329402917,18.66344258,20.49599467
log_det,winequality-red_n100_alpha3,4,19,2,2,2.184905357,0.7329402917,18.17768435,21.09553
log_det,winequality-red_n100_alpha3,4,19,3,3,3.249263058,1.363566011,16.62507626,21.23790533
log_det,winequality-red_n100_alpha3,4,19,4,4,4.260860951,3.200566627,13.48855603,20.94998361
log_det,winequality-red_n100_alpha3,4,19,5,5,5.200094044,4.400258364,11.76448376,21.36483617
log_det,winequality-red_n100_alpha3,4,19,6,6,5.965864193,6.507276555,10.15564972,22.62879047
log_det,winequality-red_n100_alpha3,4,19,7,7,6.711786607,8.743565045,5.232995218,20.68834687
log_det,winequality-red_n100_alpha3,4,19,8,8,7.332452932,8.743565045,4.603634984,20.67965296
log_det,winequality-red_n100_alpha3,4,19,9,9,7.805249682,11.12930941,3.150204175,22.08476327
log_det,winequality-red_n100_alpha3,4,19,10,10,8.16600066,12.98488862,2.134078084,23.28496737
log_det,winequality-red_n100_alpha3,4,19,11,11,8.48753829,14.43240021,1.441697401,24.3616359
log_det,winequality-red_n100_alpha3,4,19,12,12,8.720304885,15.54986576,1.126435876,25.39660653
log_det,winequality-red_n100_alpha3,4,19,13,13,8.910707137,17.18319898,0.5333412901,26.62724741
log_det,winequality-red_n100_alpha3,4,19,14,14,9.047076289,20.4568981,0.1168773935,29.62085178
log_det,winequality-red_n100_alpha3,4,19,15,15,9.163953682,22.46960401,0,31.63355769
log_det,winequality-red_n100_alpha3,4,20,0,0,0,0,21.99223578,21.99223578
log_det,winequality-red_n100_alpha3,4,20,1,1,1.099611789,0.7329402917,19.58995706,21.42250914
log_det,winequality-red_n100_alpha3,4,20,2,2,2.184905357,0.7329402917,19.085444,22.00328965
log_det,winequality-red_n100_alpha3,4,20,3,3,3.249263058,1.363566011,17.40985887,22.02268794
log_det,winequality-red_n100_alpha3,4,20,4,4,4.260860951,3.200566627,14.089509,21.55093658
log_det,winequality-red_n100_alpha3,4,20,5,5,5.200094044,4.400258364,12.25290485,21.85325726
log_det,winequality-red_n100_alpha3,4,20,6,6,5.965864193,6.507276555,10.49948423,22.97262498
log_det,winequality-red_n100_alpha3,4,20,7,7,6.711786607,8.743565045,5.384069194,20.83942085
log_det,winequality-red_n100_alpha3,4,20,8,8,7.332452932,8.743565045,4.742502171,20.81852015
log_det,winequality-red_n100_alpha3,4,20,9,9,7.805249682,11.12930941,3.166598557,22.10115765
log_det,winequality-red_n100_alpha3,4,20,10,10,8.16600066,12.98488862,2.134078084,23.28496737
log_det,winequality-red_n100_alpha3,4,20,11,11,8.48753829,14.43240021,1.441697401,24.3616359
log_det,winequality-red_n100_alpha3,4,20,12,12,8.720304885,15.54986576,1.126435876,25.39660653
log_det,winequality-red_n100_alpha3,4,20,13,13,8.910707137,17.18319898,0.5333412901,26.62724741
log_det,winequality-red_n100_alpha3,4,20,14,14,9.047076289,20.4568981,0.1168773935,29.62085178
log_det,winequality-red_n100_alpha3,4,20,15,15,9.163953682,22.46960401,0,31.63355769
log_det,winequality-red_n100_alpha3,4,21,0,0,0,0,23.09184757,23.09184757
log_det,winequality-red_n100_alpha3,4,21,1,1,1.099611789,0.7329402917,20.51512103,22.34767311
log_det,winequality-red_n100_alpha3,4,21,2,2,2.184905357,0.7329402917,19.98042711,22.89827276
log_det,winequality-red_n100_alpha3,4,21,3,3,3.249263058,1.363566011,18.19274739,22.80557646
log_det,winequality-red_n100_alpha3,4,21,4,4,4.260860951,3.200566627,14.68690457,22.14833215
log_det,winequality-red_n100_alpha3,4,21,5,5,5.200094044,4.400258364,12.74106003,22.34141244
log_det,winequality-red_n100_alpha3,4,21,6,6,5.965864193,6.507276555,10.84180975,23.3149505
log_det,winequality-red_n100_alpha3,4,21,7,7,6.711786607,8.743565045,5.532251092,20.98760274
log_det,winequality-red_n100_alpha3,4,21,8,8,7.332452932,8.743565045,4.875752088,20.95177007
log_det,winequality-red_n100_alpha3,4,21,9,9,7.805249682,11.12930941,3.17229743,22.10685653
log_det,winequality-red_n100_alpha3,4,21,10,10,8.16600066,12.98488862,2.134078084,23.28496737
log_det,winequality-red_n100_alpha3,4,21,11,11,8.48753829,14.43240021,1.441697401,24.3616359
log_det,winequality-red_n100_alpha3,4,21,12,12,8.720304885,15.54986576,1.126435876,25.39660653
log_det,winequality-red_n100_alpha3,4,21,13,13,8.910707137,17.18319898,0.5333412901,26.62724741
log_det,winequality-red_n100_alpha3,4,21,14,14,9.047076289,20.4568981,0.1168773935,29.62085178
log_det,winequality-red_n100_alpha3,4,21,15,15,9.163953682,22.46960401,0,31.63355769
log_det,winequality-red_n100_alpha3,4,22,0,0,0,0,24.19145936,24.19145936
log_det,winequality-red_n100_alpha3,4,22,1,1,1.099611789,0.7329402917,21.43963656,23.27218864
log_det,winequality-red_n100_alpha3,4,22,2,2,2.184905357,0.7329402917,20.866829,23.78467465
log_det,winequality-red_n100_alpha3,4,22,3,3,3.249263058,1.363566011,18.97176612,23.58459519
log_det,winequality-red_n100_alpha3,4,22,4,4,4.260860951,3.200566627,15.2722126,22.73364018
log_det,winequality-red_n100_alpha3,4,22,5,5,5.200094044,4.400258364,13.21901031,22.81936272
log_det,winequality-red_n100_alpha3,4,22,6,6,5.965864193,6.507276555,11.16647834,23.63961909
log_det,winequality-red_n100_alpha3,4,22,7,7,6.711786607,8.743565045,5.672593357,21.12794501
log_det,winequality-red_n100_alpha3,4,22,8,8,7.332452932,8.743565045,5.007758059,21.08377604
log_det,winequality-red_n100_alpha3,4,22,9,9,7.805249682,11.12930941,3.177536575,22.11209567
log_det,winequality-red_n100_alpha3,4,22,10,10,8.16600066,12.98488862,2.134078084,23.28496737
log_det,winequality-red_n100_alpha3,4,22,11,11,8.48753829,14.43240021,1.441697401,24.3616359
log_det,winequality-red_n100_alpha3,4,22,12,12,8.720304885,15.54986576,1.126435876,25.39660653
log_det,winequality-red_n100_alpha3,4,22,13,13,8.910707137,17.18319898,0.5333412901,26.62724741
log_det,winequality-red_n100_alpha3,4,22,14,14,9.047076289,20.4568981,0.1168773935,29.62085178
log_det,winequality-red_n100_alpha3,4,22,15,15,9.163953682,22.46960401,0,31.63355769
log_det,winequality-red_n100_alpha3,4,23,0,0,0,0,25.29107115,25.29107115
log_det,winequality-red_n100_alpha3,4,23,1,1,1.099611789,0.7329402917,22.36020006,24.19275214
log_det,winequality-red_n100_alpha3,4,23,2,2,2.184905357,0.7329402917,21.73133727,24.64918292
log_det,winequality-red_n100_alpha3,4,23,3,3,3.249263058,1.363566011,19.738796,24.35162507
log_det,winequality-red_n100_alpha3,4,23,4,4,4.260860951,3.200566627,15.84490881,23.30633638
log_det,winequality-red_n100_alpha3,4,23,5,5,5.200094044,4.400258364,13.69061846,23.29097086
log_det,winequality-red_n100_alpha3,4,23,6,6,5.965864193,6.507276555,11.49048872,23.96362947
log_det,winequality-red_n100_alpha3,4,23,7,7,6.711786607,8.743565045,5.81176098,21.26711263
log_det,winequality-red_n100_alpha3,4,23,8,8,7.332452932,8.743565045,5.123255206,21.19927318
log_det,winequality-red_n100_alpha3,4,23,9,9,7.805249682,11.12930941,3.178880553,22.11343965
log_det,winequality-red_n100_alpha3,4,23,10,10,8.16600066,12.98488862,2.134078084,23.28496737
log_det,winequality-red_n100_alpha3,4,23,11,11,8.48753829,14.43240021,1.441697401,24.3616359
log_det,winequality-red_n100_alpha3,4,23,12,12,8.720304885,15.54986576,1.126435876,25.39660653
log_det,winequality-red_n100_alpha3,4,23,13,13,8.910707137,17.18319898,0.5333412901,26.62724741
log_det,winequality-red_n100_alpha3,4,23,14,14,9.047076289,20.4568981,0.1168773935,29.62085178
log_det,winequality-red_n100_alpha3,4,23,15,15,9.163953682,22.46960401,0,31.63355769
log_det,winequality-red_n100_alpha3,4,24,0,0,0,0,26.39068294,26.39068294
log_det,winequality-red_n100_alpha3,4,24,1,1,1.099611789,0.7329402917,23.2649083,25.09746038
log_det,winequality-red_n100_alpha3,4,24,2,2,2.184905357,0.7329402917,22.58083948,25.49868513
log_det,winequality-red_n100_alpha3,4,24,3,3,3.249263058,1.363566011,20.50136921,25.11419828
log_det,winequality-red_n100_alpha3,4,24,4,4,4.260860951,3.200566627,16.40408961,23.86551719
log_det,winequality-red_n100_alpha3,4,24,5,5,5.200094044,4.400258364,14.13192521,23.73227762
log_det,winequality-red_n100_alpha3,4,24,6,6,5.965864193,6.507276555,11.79068042,24.26382116
log_det,winequality-red_n100_alpha3,4,24,7,7,6.711786607,8.743565045,5.927268255,21.38261991
log_det,winequality-red_n100_alpha3,4,24,8,8,7.332452932,8.743565045,5.225138637,21.30115661
log_det,winequality-red_n100_alpha3,4,24,9,9,7.805249682,11.12930941,3.178880553,22.11343965
log_det,winequality-red_n100_alpha3,4,24,10,10,8.16600066,12.98488862,2.134078084,23.28496737
log_det,winequality-red_n100_alpha3,4,24,11,11,8.48753829,14.43240021,1.441697401,24.3616359
log_det,winequality-red_n100_alpha3,4,24,12,12,8.720304885,15.54986576,1.126435876,25.39660653
log_det,winequality-red_n100_alpha3,4,24,13,13,8.910707137,17.18319898,0.5333412901,26.62724741
log_det,winequality-red_n100_alpha3,4,24,14,14,9.047076289,20.4568981,0.1168773935,29.62085178
log_det,winequality-red_n100_alpha3,4,24,15,15,9.163953682,22.46960401,0,31.63355769
log_det,winequality-red_n100_alpha3,4,25,0,0,0,0,27.49029473,27.49029473
log_det,winequality-red_n100_alpha3,4,25,1,1,1.099611789,0.7329402917,24.16056783,25.99311991
log_det,winequality-red_n100_alpha3,4,25,2,2,2.184905357,0.7329402917,23.42625018,26.34409583
log_det,winequality-red_n100_alpha3,4,25,3,3,3.249263058,1.363566011,21.24991315,25.86274222
log_det,winequality-red_n100_alpha3,4,25,4,4,4.260860951,3.200566627,16.94047055,24.40189813
log_det,winequality-red_n100_alpha3,4,25,5,5,5.200094044,4.400258364,14.56524491,24.16559731
log_det,winequality-red_n100_alpha3,4,25,6,6,5.965864193,6.507276555,12.07753455,24.55067529
log_det,winequality-red_n100_alpha3,4,25,7,7,6.711786607,8.743565045,6.032901467,21.48825312
log_det,winequality-red_n100_alpha3,4,25,8,8,7.332452932,8.743565045,5.309404587,21.38542256
log_det,winequality-red_n100_alpha3,4,25,9,9,7.805249682,11.12930941,3.178880553,22.11343965
log_det,winequality-red_n100_alpha3,4,25,10,10,8.16600066,12.98488862,2.134078084,23.28496737
log_det,winequality-red_n100_alpha3,4,25,11,11,8.48753829,14.43240021,1.441697401,24.3616359
log_det,winequality-red_n100_alpha3,4,25,12,12,8.720304885,15.54986576,1.126435876,25.39660653
log_det,winequality-red_n100_alpha3,4,25,13,13,8.910707137,17.18319898,0.5333412901,26.62724741
log_det,winequality-red_n100_alpha3,4,25,14,14,9.047076289,20.4568981,0.1168773935,29.62085178
log_det,winequality-red_n100_alpha3,4,25,15,15,9.163953682,22.46960401,0,31.63355769
log_det,winequality-red_n100_alpha3,4,26,0,0,0,0,28.58990651,28.58990651
log_det,winequality-red_n100_alpha3,4,26,1,1,1.099611789,0.7329402917,25.05236521,26.88491729
log_det,winequality-red_n100_alpha3,4,26,2,2,2.184905357,0.7329402917,24.26661529,27.18446094
log_det,winequality-red_n100_alpha3,4,26,3,3,3.249263058,1.363566011,21.9878894,26.60071847
log_det,winequality-red_n100_alpha3,4,26,4,4,4.260860951,3.200566627,17.47144181,24.93286938
log_det,winequality-red_n100_alpha3,4,26,5,5,5.200094044,4.400258364,14.96290513,24.56325754
log_det,winequality-red_n100_alpha3,4,26,6,6,5.965864193,6.507276555,12.35198047,24.82512122
log_det,winequality-red_n100_alpha3,4,26,7,7,6.711786607,8.743565045,6.12206052,21.57741217
log_det,winequality-red_n100_alpha3,4,26,8,8,7.332452932,8.743565045,5.388749655,21.46476763
log_det,winequality-red_n100_alpha3,4,26,9,9,7.805249682,11.12930941,3.178880553,22.11343965
log_det,winequality-red_n100_alpha3,4,26,10,10,8.16600066,12.98488862,2.134078084,23.28496737
log_det,winequality-red_n100_alpha3,4,26,11,11,8.48753829,14.43240021,1.441697401,24.3616359
log_det,winequality-red_n100_alpha3,4,26,12,12,8.720304885,15.54986576,1.126435876,25.39660653
log_det,winequality-red_n100_alpha3,4,26,13,13,8.910707137,17.18319898,0.5333412901,26.62724741
log_det,winequality-red_n100_alpha3,4,26,14,14,9.047076289,20.4568981,0.1168773935,29.62085178
log_det,winequality-red_n100_alpha3,4,26,15,15,9.163953682,22.46960401,0,31.63355769
log_det,winequality-red_n100_alpha3,4,27,0,0,0,0,29.6895183,29.6895183
log_det,winequality-red_n100_alpha3,4,27,1,1,1.099611789,0.7329402917,25.92765852,27.7602106
log_det,winequality-red_n100_alpha3,4,27,2,2,2.184905357,0.7329402917,25.09863759,28.01648324
log_det,winequality-red_n100_alpha3,4,27,3,3,3.249263058,1.363566011,22.70799326,27.32082233
log_det,winequality-red_n100_alpha3,4,27,4,4,4.260860951,3.200566627,17.9993355,25.46076308
log_det,winequality-red_n100_alpha3,4,27,5,5,5.200094044,4.400258364,15.35921316,24.95956557
log_det,winequality-red_n100_alpha3,4,27,6,6,5.965864193,6.507276555,12.61620257,25.08934332
log_det,winequality-red_n100_alpha3,4,27,7,7,6.711786607,8.743565045,6.201486236,21.65683789
log_det,winequality-red_n100_alpha3,4,27,8,8,7.332452932,8.743565045,5.46066052,21.5366785
log_det,winequality-red_n100_alpha3,4,27,9,9,7.805249682,11.12930941,3.178880553,22.11343965
log_det,winequality-red_n100_alpha3,4,27,10,10,8.16600066,12.98488862,2.134078084,23.28496737
log_det,winequality-red_n100_alpha3,4,27,11,11,8.48753829,14.43240021,1.441697401,24.3616359
log_det,winequality-red_n100_alpha3,4,27,12,12,8.720304885,15.54986576,1.126435876,25.39660653
log_det,winequality-red_n100_alpha3,4,27,13,13,8.910707137,17.18319898,0.5333412901,26.62724741
log_det,winequality-red_n100_alpha3,4,27,14,14,9.047076289,20.4568981,0.1168773935,29.62085178
log_det,winequality-red_n100_alpha3,4,27,15,15,9.163953682,22.46960401,0,31.63355769
log_det,winequality-red_n100_alpha3,4,28,0,0,0,0,30.78913009,30.78913009
log_det,winequality-red_n100_alpha3,4,28,1,1,1.099611789,0.7329402917,26.7763263,28.60887838
log_det,winequality-red_n100_alpha3,4,28,2,2,2.184905357,0.7329402917,25.92968833,28.84753398
log_det,winequality-red_n100_alpha3,4,28,3,3,3.249263058,1.363566011,23.4057004,28.01852947
log_det,winequality-red_n100_alpha3,4,28,4,4,4.260860951,3.200566627,18.52121491,25.98264249
log_det,winequality-red_n100_alpha3,4,28,5,5,5.200094044,4.400258364,15.75155117,25.35190358
log_det,winequality-red_n100_alpha3,4,28,6,6,5.965864193,6.507276555,12.87778237,25.35092311
log_det,winequality-red_n100_alpha3,4,28,7,7,6.711786607,8.743565045,6.272937094,21.72828875
log_det,winequality-red_n100_alpha3,4,28,8,8,7.332452932,8.743565045,5.528472623,21.6044906
log_det,winequality-red_n100_alpha3,4,28,9,9,7.805249682,11.12930941,3.178880553,22.11343965
log_det,winequality-red_n100_alpha3,4,28,10,10,8.16600066,12.98488862,2.134078084,23.28496737
log_det,winequality-red_n100_alpha3,4,28,11,11,8.48753829,14.43240021,1.441697401,24.3616359
log_det,winequality-red_n100_alpha3,4,28,12,12,8.720304885,15.54986576,1.126435876,25.39660653
log_det,winequality-red_n100_alpha3,4,28,13,13,8.910707137,17.18319898,0.5333412901,26.62724741
log_det,winequality-red_n100_alpha3,4,28,14,14,9.047076289,20.4568981,0.1168773935,29.62085178
log_det,winequality-red_n100_alpha3,4,28,15,15,9.163953682,22.46960401,0,31.63355769
log_det,winequality-red_n100_alpha3,4,29,0,0,0,0,31.88874188,31.88874188
log_det,winequality-red_n100_alpha3,4,29,1,1,1.099611789,0.7329402917,27.61365243,29.44620452
log_det,winequality-red_n100_alpha3,4,29,2,2,2.184905357,0.7329402917,26.73620323,29.65404888
log_det,winequality-red_n100_alpha3,4,29,3,3,3.249263058,1.363566011,24.0737545,28.68658357
log_det,winequality-red_n100_alpha3,4,29,4,4,4.260860951,3.200566627,19.00375554,26.46518312
log_det,winequality-red_n100_alpha3,4,29,5,5,5.200094044,4.400258364,16.14216019,25.7425126
log_det,winequality-red_n100_alpha3,4,29,6,6,5.965864193,6.507276555,13.13599508,25.60913582
log_det,winequality-red_n100_alpha3,4,29,7,7,6.711786607,8.743565045,6.333175758,21.78852741
log_det,winequality-red_n100_alpha3,4,29,8,8,7.332452932,8.743565045,5.584950791,21.66096877
log_det,winequality-red_n100_alpha3,4,29,9,9,7.805249682,11.12930941,3.178880553,22.11343965
log_det,winequality-red_n100_alpha3,4,29,10,10,8.16600066,12.98488862,2.134078084,23.28496737
log_det,winequality-red_n100_alpha3,4,29,11,11,8.48753829,14.43240021,1.441697401,24.3616359
log_det,winequality-red_n100_alpha3,4,29,12,12,8.720304885,15.54986576,1.126435876,25.39660653
log_det,winequality-red_n100_alpha3,4,29,13,13,8.910707137,17.18319898,0.5333412901,26.62724741
log_det,winequality-red_n100_alpha3,4,29,14,14,9.047076289,20.4568981,0.1168773935,29.62085178
log_det,winequality-red_n100_alpha3,4,29,15,15,9.163953682,22.46960401,0,31.63355769
log_det,winequality-red_n100_alpha3,4,30,0,0,0,0,32.98835367,32.98835367
log_det,winequality-red_n100_alpha3,4,30,1,1,1.099611789,0.7329402917,28.44591295,30.27846503
log_det,winequality-red_n100_alpha3,4,30,2,2,2.184905357,0.7329402917,27.54027436,30.45812001
log_det,winequality-red_n100_alpha3,4,30,3,3,3.249263058,1.363566011,24.73979089,29.35261996
log_det,winequality-red_n100_alpha3,4,30,4,4,4.260860951,3.200566627,19.48547535,26.94690293
log_det,winequality-red_n100_alpha3,4,30,5,5,5.200094044,4.400258364,16.52819409,26.1285465
log_det,winequality-red_n100_alpha3,4,30,6,6,5.965864193,6.507276555,13.3903201,25.86346084
log_det,winequality-red_n100_alpha3,4,30,7,7,6.711786607,8.743565045,6.377547739,21.83289939
log_det,winequality-red_n100_alpha3,4,30,8,8,7.332452932,8.743565045,5.622360032,21.69837801
log_det,winequality-red_n100_alpha3,4,30,9,9,7.805249682,11.12930941,3.178880553,22.11343965
log_det,winequality-red_n100_alpha3,4,30,10,10,8.16600066,12.98488862,2.134078084,23.28496737
log_det,winequality-red_n100_alpha3,4,30,11,11,8.48753829,14.43240021,1.441697401,24.3616359
log_det,winequality-red_n100_alpha3,4,30,12,12,8.720304885,15.54986576,1.126435876,25.39660653
log_det,winequality-red_n100_alpha3,4,30,13,13,8.910707137,17.18319898,0.5333412901,26.62724741
log_det,winequality-red_n100_alpha3,4,30,14,14,9.047076289,20.4568981,0.1168773935,29.62085178
log_det,winequality-red_n100_alpha3,4,30,15,15,9.163953682,22.46960401,0,31.63355769
log_det,winequality-red_n100_alpha3,4,31,0,0,0,0,34.08796546,34.08796546
log_det,winequality-red_n100_alpha3,4,31,1,1,1.099611789,0.7329402917,29.26093774,31.09348982
log_det,winequality-red_n100_alpha3,4,31,2,2,2.184905357,0.7329402917,28.33395683,31.25180248
log_det,winequality-red_n100_alpha3,4,31,3,3,3.249263058,1.363566011,25.39205145,30.00488052
log_det,winequality-red_n100_alpha3,4,31,4,4,4.260860951,3.200566627,19.96598681,27.42741439
log_det,winequality-red_n100_alpha3,4,31,5,5,5.200094044,4.400258364,16.91409716,26.51444957
log_det,winequality-red_n100_alpha3,4,31,6,6,5.965864193,6.507276555,13.62940754,26.10254829
log_det,winequality-red_n100_alpha3,4,31,7,7,6.711786607,8.743565045,6.416876891,21.87222854
log_det,winequality-red_n100_alpha3,4,31,8,8,7.332452932,8.743565045,5.652193137,21.72821111
log_det,winequality-red_n100_alpha3,4,31,9,9,7.805249682,11.12930941,3.178880553,22.11343965
log_det,winequality-red_n100_alpha3,4,31,10,10,8.16600066,12.98488862,2.134078084,23.28496737
log_det,winequality-red_n100_alpha3,4,31,11,11,8.48753829,14.43240021,1.441697401,24.3616359
log_det,winequality-red_n100_alpha3,4,31,12,12,8.720304885,15.54986576,1.126435876,25.39660653
log_det,winequality-red_n100_alpha3,4,31,13,13,8.910707137,17.18319898,0.5333412901,26.62724741
log_det,winequality-red_n100_alpha3,4,31,14,14,9.047076289,20.4568981,0.1168773935,29.62085178
log_det,winequality-red_n100_alpha3,4,31,15,15,9.163953682,22.46960401,0,31.63355769
log_det,winequality-red_n100_alpha3,4,32,0,0,0,0,35.18757725,35.18757725
log_det,winequality-red_n100_alpha3,4,32,1,1,1.099611789,0.7329402917,30.06442843,31.89698051
log_det,winequality-red_n100_alpha3,4,32,2,2,2.184905357,0.7329402917,29.12585428,32.04369993
log_det,winequality-red_n100_alpha3,4,32,3,3,3.249263058,1.363566011,26.04400265,30.65683172
log_det,winequality-red_n100_alpha3,4,32,4,4,4.260860951,3.200566627,20.44308043,27.90450801
log_det,winequality-red_n100_alpha3,4,32,5,5,5.200094044,4.400258364,17.29805496,26.89840737
log_det,winequality-red_n100_alpha3,4,32,6,6,5.965864193,6.507276555,13.85538212,26.32852287
log_det,winequality-red_n100_alpha3,4,32,7,7,6.711786607,8.743565045,6.453208161,21.90855981
log_det,winequality-red_n100_alpha3,4,32,8,8,7.332452932,8.743565045,5.676201001,21.75221898
log_det,winequality-red_n100_alpha3,4,32,9,9,7.805249682,11.12930941,3.178880553,22.11343965
log_det,winequality-red_n100_alpha3,4,32,10,10,8.16600066,12.98488862,2.134078084,23.28496737
log_det,winequality-red_n100_alpha3,4,32,11,11,8.48753829,14.43240021,1.441697401,24.3616359
log_det,winequality-red_n100_alpha3,4,32,12,12,8.720304885,15.54986576,1.126435876,25.39660653
log_det,winequality-red_n100_alpha3,4,32,13,13,8.910707137,17.18319898,0.5333412901,26.62724741
log_det,winequality-red_n100_alpha3,4,32,14,14,9.047076289,20.4568981,0.1168773935,29.62085178
log_det,winequality-red_n100_alpha3,4,32,15,15,9.163953682,22.46960401,0,31.63355769
log_det,winequality-red_n100_alpha3,4,33,0,0,0,0,36.28718904,36.28718904
log_det,winequality-red_n100_alpha3,4,33,1,1,1.099611789,0.7329402917,30.86224299,32.69479507
log_det,winequality-red_n100_alpha3,4,33,2,2,2.184905357,0.7329402917,29.91742042,32.83526607
log_det,winequality-red_n100_alpha3,4,33,3,3,3.249263058,1.363566011,26.69038163,31.3032107
log_det,winequality-red_n100_alpha3,4,33,4,4,4.260860951,3.200566627,20.90959491,28.37102249
log_det,winequality-red_n100_alpha3,4,33,5,5,5.200094044,4.400258364,17.66751139,27.2678638
log_det,winequality-red_n100_alpha3,4,33,6,6,5.965864193,6.507276555,14.07148113,26.54462188
log_det,winequality-red_n100_alpha3,4,33,7,7,6.711786607,8.743565045,6.476064515,21.93141617
log_det,winequality-red_n100_alpha3,4,33,8,8,7.332452932,8.743565045,5.695253274,21.77127125
log_det,winequality-red_n100_alpha3,4,33,9,9,7.805249682,11.12930941,3.178880553,22.11343965
log_det,winequality-red_n100_alpha3,4,33,10,10,8.16600066,12.98488862,2.134078084,23.28496737
log_det,winequality-red_n100_alpha3,4,33,11,11,8.48753829,14.43240021,1.441697401,24.3616359
log_det,winequality-red_n100_alpha3,4,33,12,12,8.720304885,15.54986576,1.126435876,25.39660653
log_det,winequality-red_n100_alpha3,4,33,13,13,8.910707137,17.18319898,0.5333412901,26.62724741
log_det,winequality-red_n100_alpha3,4,33,14,14,9.047076289,20.4568981,0.1168773935,29.62085178
log_det,winequality-red_n100_alpha3,4,33,15,15,9.163953682,22.46960401,0,31.63355769
log_det,winequality-red_n100_alpha3,4,34,0,0,0,0,36.49445364,36.49445364
log_det,winequality-red_n100_alpha3,4,34,1,1,1.099611789,0.7329402917,31.65831692,33.490869
log_det,winequality-red_n100_alpha3,4,34,2,2,2.184905357,0.7329402917,30.67995968,33.59780533
log_det,winequality-red_n100_alpha3,4,34,3,3,3.249263058,1.363566011,27.32733007,31.94015914
log_det,winequality-red_n100_alpha3,4,34,4,4,4.260860951,3.200566627,21.37603487,28.83746245
log_det,winequality-red_n100_alpha3,4,34,5,5,5.200094044,4.400258364,18.01015172,27.61050413
log_det,winequality-red_n100_alpha3,4,34,6,6,5.965864193,6.507276555,14.28209253,26.75523328
log_det,winequality-red_n100_alpha3,4,34,7,7,6.711786607,8.743565045,6.496399411,21.95175106
log_det,winequality-red_n100_alpha3,4,34,8,8,7.332452932,8.743565045,5.698138194,21.77415617
log_det,winequality-red_n100_alpha3,4,34,9,9,7.805249682,11.12930941,3.178880553,22.11343965
log_det,winequality-red_n100_alpha3,4,34,10,10,8.16600066,12.98488862,2.134078084,23.28496737
log_det,winequality-red_n100_alpha3,4,34,11,11,8.48753829,14.43240021,1.441697401,24.3616359
log_det,winequality-red_n100_alpha3,4,34,12,12,8.720304885,15.54986576,1.126435876,25.39660653
log_det,winequality-red_n100_alpha3,4,34,13,13,8.910707137,17.18319898,0.5333412901,26.62724741
log_det,winequality-red_n100_alpha3,4,34,14,14,9.047076289,20.4568981,0.1168773935,29.62085178
log_det,winequality-red_n100_alpha3,4,34,15,15,9.163953682,22.46960401,0,31.63355769
log_det,winequality-red_n100_alpha3,4,35,0,0,0,0,36.49445364,36.49445364
log_det,winequality-red_n100_alpha3,4,35,1,1,1.099611789,0.7329402917,32.42211976,34.25467184
log_det,winequality-red_n100_alpha3,4,35,2,2,2.184905357,0.7329402917,31.43440806,34.35225371
log_det,winequality-red_n100_alpha3,4,35,3,3,3.249263058,1.363566011,27.94374716,32.55657623
log_det,winequality-red_n100_alpha3,4,35,4,4,4.260860951,3.200566627,21.83835313,29.29978071
log_det,winequality-red_n100_alpha3,4,35,5,5,5.200094044,4.400258364,18.34559328,27.94594569
log_det,winequality-red_n100_alpha3,4,35,6,6,5.965864193,6.507276555,14.49071644,26.96385719
log_det,winequality-red_n100_alpha3,4,35,7,7,6.711786607,8.743565045,6.507029668,21.96238132
log_det,winequality-red_n100_alpha3,4,35,8,8,7.332452932,8.743565045,5.698138194,21.77415617
log_det,winequality-red_n100_alpha3,4,35,9,9,7.805249682,11.12930941,3.178880553,22.11343965
log_det,winequality-red_n100_alpha3,4,35,10,10,8.16600066,12.98488862,2.134078084,23.28496737
log_det,winequality-red_n100_alpha3,4,35,11,11,8.48753829,14.43240021,1.441697401,24.3616359
log_det,winequality-red_n100_alpha3,4,35,12,12,8.720304885,15.54986576,1.126435876,25.39660653
log_det,winequality-red_n100_alpha3,4,35,13,13,8.910707137,17.18319898,0.5333412901,26.62724741
log_det,winequality-red_n100_alpha3,4,35,14,14,9.047076289,20.4568981,0.1168773935,29.62085178
log_det,winequality-red_n100_alpha3,4,35,15,15,9.163953682,22.46960401,0,31.63355769
log_det,winequality-red_n100_alpha3,4,36,0,0,0,0,36.49445364,36.49445364
log_det,winequality-red_n100_alpha3,4,36,1,1,1.099611789,0.7329402917,33.17662385,35.00917593
log_det,winequality-red_n100_alpha3,4,36,2,2,2.184905357,0.7329402917,32.16663935,35.08448499
log_det,winequality-red_n100_alpha3,4,36,3,3,3.249263058,1.363566011,28.5497765,33.16260557
log_det,winequality-red_n100_alpha3,4,36,4,4,4.260860951,3.200566627,22.28823978,29.74966736
log_det,winequality-red_n100_alpha3,4,36,5,5,5.200094044,4.400258364,18.67267024,28.27302264
log_det,winequality-red_n100_alpha3,4,36,6,6,5.965864193,6.507276555,14.69923036,27.17237111
log_det,winequality-red_n100_alpha3,4,36,7,7,6.711786607,8.743565045,6.509028612,21.96438026
log_det,winequality-red_n100_alpha3,4,36,8,8,7.332452932,8.743565045,5.698138194,21.77415617
log_det,winequality-red_n100_alpha3,4,36,9,9,7.805249682,11.12930941,3.178880553,22.11343965
log_det,winequality-red_n100_alpha3,4,36,10,10,8.16600066,12.98488862,2.134078084,23.28496737
log_det,winequality-red_n100_alpha3,4,36,11,11,8.48753829,14.43240021,1.441697401,24.3616359
log_det,winequality-red_n100_alpha3,4,36,12,12,8.720304885,15.54986576,1.126435876,25.39660653
log_det,winequality-red_n100_alpha3,4,36,13,13,8.910707137,17.18319898,0.5333412901,26.62724741
log_det,winequality-red_n100_alpha3,4,36,14,14,9.047076289,20.4568981,0.1168773935,29.62085178
log_det,winequality-red_n100_alpha3,4,36,15,15,9.163953682,22.46960401,0,31.63355769
log_det,winequality-red_n100_alpha3,4,37,0,0,0,0,36.49445364,36.49445364
log_det,winequality-red_n100_alpha3,4,37,1,1,1.099611789,0.7329402917,33.91234172,35.7448938
log_det,winequality-red_n100_alpha3,4,37,2,2,2.184905357,0.7329402917,32.87873619,35.79658184
log_det,winequality-red_n100_alpha3,4,37,3,3,3.249263058,1.363566011,29.1345224,33.74735147
log_det,winequality-red_n100_alpha3,4,37,4,4,4.260860951,3.200566627,22.73728292,30.19871049
log_det,winequality-red_n100_alpha3,4,37,5,5,5.200094044,4.400258364,18.98562029,28.5859727
log_det,winequality-red_n100_alpha3,4,37,6,6,5.965864193,6.507276555,14.90229582,27.37543657
log_det,winequality-red_n100_alpha3,4,37,7,7,6.711786607,8.743565045,6.509028612,21.96438026
log_det,winequality-red_n100_alpha3,4,37,8,8,7.332452932,8.743565045,5.698138194,21.77415617
log_det,winequality-red_n100_alpha3,4,37,9,9,7.805249682,11.12930941,3.178880553,22.11343965
log_det,winequality-red_n100_alpha3,4,37,10,10,8.16600066,12.98488862,2.134078084,23.28496737
log_det,winequality-red_n100_alpha3,4,37,11,11,8.48753829,14.43240021,1.441697401,24.3616359
log_det,winequality-red_n100_alpha3,4,37,12,12,8.720304885,15.54986576,1.126435876,25.39660653
log_det,winequality-red_n100_alpha3,4,37,13,13,8.910707137,17.18319898,0.5333412901,26.62724741
log_det,winequality-red_n100_alpha3,4,37,14,14,9.047076289,20.4568981,0.1168773935,29.62085178
log_det,winequality-red_n100_alpha3,4,37,15,15,9.163953682,22.46960401,0,31.63355769
log_det,winequality-red_n100_alpha3,4,38,0,0,0,0,36.49445364,36.49445364
log_det,winequality-red_n100_alpha3,4,38,1,1,1.099611789,0.7329402917,34.59060355,36.42315563
log_det,winequality-red_n100_alpha3,4,38,2,2,2.184905357,0.7329402917,33.54877007,36.46661571
log_det,winequality-red_n100_alpha3,4,38,3,3,3.249263058,1.363566011,29.70044645,34.31327552
log_det,winequality-red_n100_alpha3,4,38,4,4,4.260860951,3.200566627,23.17466896,30.63609653
log_det,winequality-red_n100_alpha3,4,38,5,5,5.200094044,4.400258364,19.28935783,28.88971024
log_det,winequality-red_n100_alpha3,4,38,6,6,5.965864193,6.507276555,15.0911284,27.56426915
log_det,winequality-red_n100_alpha3,4,38,7,7,6.711786607,8.743565045,6.509028612,21.96438026
log_det,winequality-red_n100_alpha3,4,38,8,8,7.332452932,8.743565045,5.698138194,21.77415617
log_det,winequality-red_n100_alpha3,4,38,9,9,7.805249682,11.12930941,3.178880553,22.11343965
log_det,winequality-red_n100_alpha3,4,38,10,10,8.16600066,12.98488862,2.134078084,23.28496737
log_det,winequality-red_n100_alpha3,4,38,11,11,8.48753829,14.43240021,1.441697401,24.3616359
log_det,winequality-red_n100_alpha3,4,38,12,12,8.720304885,15.54986576,1.126435876,25.39660653
log_det,winequality-red_n100_alpha3,4,38,13,13,8.910707137,17.18319898,0.5333412901,26.62724741
log_det,winequality-red_n100_alpha3,4,38,14,14,9.047076289,20.4568981,0.1168773935,29.62085178
log_det,winequality-red_n100_alpha3,4,38,15,15,9.163953682,22.46960401,0,31.63355769
log_det,winequality-red_n100_alpha3,4,39,0,0,0,0,36.49445364,36.49445364
log_det,winequality-red_n100_alpha3,4,39,1,1,1.099611789,0.7329402917,35.26755352,37.1001056
log_det,winequality-red_n100_alpha3,4,39,2,2,2.184905357,0.7329402917,34.20537799,37.12322364
log_det,winequality-red_n100_alpha3,4,39,3,3,3.249263058,1.363566011,30.263378,34.87620707
log_det,winequality-red_n100_alpha3,4,39,4,4,4.260860951,3.200566627,23.60703681,31.06846439
log_det,winequality-red_n100_alpha3,4,39,5,5,5.200094044,4.400258364,19.58928016,29.18963257
log_det,winequality-red_n100_alpha3,4,39,6,6,5.965864193,6.507276555,15.27654502,27.74968577
log_det,winequality-red_n100_alpha3,4,39,7,7,6.711786607,8.743565045,6.509028612,21.96438026
log_det,winequality-red_n100_alpha3,4,39,8,8,7.332452932,8.743565045,5.698138194,21.77415617
log_det,winequality-red_n100_alpha3,4,39,9,9,7.805249682,11.12930941,3.178880553,22.11343965
log_det,winequality-red_n100_alpha3,4,39,10,10,8.16600066,12.98488862,2.134078084,23.28496737
log_det,winequality-red_n100_alpha3,4,39,11,11,8.48753829,14.43240021,1.441697401,24.3616359
log_det,winequality-red_n100_alpha3,4,39,12,12,8.720304885,15.54986576,1.126435876,25.39660653
log_det,winequality-red_n100_alpha3,4,39,13,13,8.910707137,17.18319898,0.5333412901,26.62724741
log_det,winequality-red_n100_alpha3,4,39,14,14,9.047076289,20.4568981,0.1168773935,29.62085178
log_det,winequality-red_n100_alpha3,4,39,15,15,9.163953682,22.46960401,0,31.63355769
log_det,winequality-red_n100_alpha3,4,40,0,0,0,0,36.49445364,36.49445364
log_det,winequality-red_n100_alpha3,4,40,1,1,1.099611789,0.7329402917,35.91907419,37.75162627
log_det,winequality-red_n100_alpha3,4,40,2,2,2.184905357,0.7329402917,34.79501501,37.71286066
log_det,winequality-red_n100_alpha3,4,40,3,3,3.249263058,1.363566011,30.81120076,35.42402983
log_det,winequality-red_n100_alpha3,4,40,4,4,4.260860951,3.200566627,24.00868934,31.47011692
log_det,winequality-red_n100_alpha3,4,40,5,5,5.200094044,4.400258364,19.86661615,29.46696856
log_det,winequality-red_n100_alpha3,4,40,6,6,5.965864193,6.507276555,15.459626,27.93276675
log_det,winequality-red_n100_alpha3,4,40,7,7,6.711786607,8.743565045,6.509028612,21.96438026
log_det,winequality-red_n100_alpha3,4,40,8,8,7.332452932,8.743565045,5.698138194,21.77415617
log_det,winequality-red_n100_alpha3,4,40,9,9,7.805249682,11.12930941,3.178880553,22.11343965
log_det,winequality-red_n100_alpha3,4,40,10,10,8.16600066,12.98488862,2.134078084,23.28496737
log_det,winequality-red_n100_alpha3,4,40,11,11,8.48753829,14.43240021,1.441697401,24.3616359
log_det,winequality-red_n100_alpha3,4,40,12,12,8.720304885,15.54986576,1.126435876,25.39660653
log_det,winequality-red_n100_alpha3,4,40,13,13,8.910707137,17.18319898,0.5333412901,26.62724741
log_det,winequality-red_n100_alpha3,4,40,14,14,9.047076289,20.4568981,0.1168773935,29.62085178
log_det,winequality-red_n100_alpha3,4,40,15,15,9.163953682,22.46960401,0,31.63355769
log_det,winequality-red_n100_alpha3,4,41,0,0,0,0,36.49445364,36.49445364
log_det,winequality-red_n100_alpha3,4,41,1,1,1.099611789,0.7329402917,36.44375519,38.27630727
log_det,winequality-red_n100_alpha3,4,41,2,2,2.184905357,0.7329402917,35.15824787,38.07609352
log_det,winequality-red_n100_alpha3,4,41,3,3,3.249263058,1.363566011,31.35239078,35.96521985
log_det,winequality-red_n100_alpha3,4,41,4,4,4.260860951,3.200566627,24.39782207,31.85924965
log_det,winequality-red_n100_alpha3,4,41,5,5,5.200094044,4.400258364,20.13739148,29.73774389
log_det,winequality-red_n100_alpha3,4,41,6,6,5.965864193,6.507276555,15.63420573,28.10734648
log_det,winequality-red_n100_alpha3,4,41,7,7,6.711786607,8.743565045,6.509028612,21.96438026
log_det,winequality-red_n100_alpha3,4,41,8,8,7.332452932,8.743565045,5.698138194,21.77415617
log_det,winequality-red_n100_alpha3,4,41,9,9,7.805249682,11.12930941,3.178880553,22.11343965
log_det,winequality-red_n100_alpha3,4,41,10,10,8.16600066,12.98488862,2.134078084,23.28496737
log_det,winequality-red_n100_alpha3,4,41,11,11,8.48753829,14.43240021,1.441697401,24.3616359
log_det,winequality-red_n100_alpha3,4,41,12,12,8.720304885,15.54986576,1.126435876,25.39660653
log_det,winequality-red_n100_alpha3,4,41,13,13,8.910707137,17.18319898,0.5333412901,26.62724741
log_det,winequality-red_n100_alpha3,4,41,14,14,9.047076289,20.4568981,0.1168773935,29.62085178
log_det,winequality-red_n100_alpha3,4,41,15,15,9.163953682,22.46960401,0,31.63355769
log_det,winequality-red_n100_alpha3,4,42,0,0,0,0,36.49445364,36.49445364
log_det,winequality-red_n100_alpha3,4,42,1,1,1.099611789,0.7329402917,36.78477691,38.61732899
log_det,winequality-red_n100_alpha3,4,42,2,2,2.184905357,0.7329402917,35.22396662,38.14181227
log_det,winequality-red_n100_alpha3,4,42,3,3,3.249263058,1.363566011,31.8379657,36.45079477
log_det,winequality-red_n100_alpha3,4,42,4,4,4.260860951,3.200566627,24.78227894,32.24370651
log_det,winequality-red_n100_alpha3,4,42,5,5,5.200094044,4.400258364,20.39658153,29.99693393
log_det,winequality-red_n100_alpha3,4,42,6,6,5.965864193,6.507276555,15.78302887,28.25616962
log_det,winequality-red_n100_alpha3,4,42,7,7,6.711786607,8.743565045,6.509028612,21.96438026
log_det,winequality-red_n100_alpha3,4,42,8,8,7.332452932,8.743565045,5.698138194,21.77415617
log_det,winequality-red_n100_alpha3,4,42,9,9,7.805249682,11.12930941,3.178880553,22.11343965
log_det,winequality-red_n100_alpha3,4,42,10,10,8.16600066,12.98488862,2.134078084,23.28496737
log_det,winequality-red_n100_alpha3,4,42,11,11,8.48753829,14.43240021,1.441697401,24.3616359
log_det,winequality-red_n100_alpha3,4,42,12,12,8.720304885,15.54986576,1.126435876,25.39660653
log_det,winequality-red_n100_alpha3,4,42,13,13,8.910707137,17.18319898,0.5333412901,26.62724741
log_det,winequality-red_n100_alpha3,4,42,14,14,9.047076289,20.4568981,0.1168773935,29.62085178
log_det,winequality-red_n100_alpha3,4,42,15,15,9.163953682,22.46960401,0,31.63355769
log_det,winequality-red_n100_alpha3,4,43,0,0,0,0,36.49445364,36.49445364
log_det,winequality-red_n100_alpha3,4,43,1,1,1.099611789,0.7329402917,36.78477691,38.61732899
log_det,winequality-red_n100_alpha3,4,43,2,2,2.184905357,0.7329402917,35.22396662,38.14181227
log_det,winequality-red_n100_alpha3,4,43,3,3,3.249263058,1.363566011,32.27796582,36.89079489
log_det,winequality-red_n100_alpha3,4,43,4,4,4.260860951,3.200566627,25.15680849,32.61823607
log_det,winequality-red_n100_alpha3,4,43,5,5,5.200094044,4.400258364,20.64258529,30.24293769
log_det,winequality-red_n100_alpha3,4,43,6,6,5.965864193,6.507276555,15.90909297,28.38223372
log_det,winequality-red_n100_alpha3,4,43,7,7,6.711786607,8.743565045,6.509028612,21.96438026
log_det,winequality-red_n100_alpha3,4,43,8,8,7.332452932,8.743565045,5.698138194,21.77415617
log_det,winequality-red_n100_alpha3,4,43,9,9,7.805249682,11.12930941,3.178880553,22.11343965
log_det,winequality-red_n100_alpha3,4,43,10,10,8.16600066,12.98488862,2.134078084,23.28496737
log_det,winequality-red_n100_alpha3,4,43,11,11,8.48753829,14.43240021,1.441697401,24.3616359
log_det,winequality-red_n100_alpha3,4,43,12,12,8.720304885,15.54986576,1.126435876,25.39660653
log_det,winequality-red_n100_alpha3,4,43,13,13,8.910707137,17.18319898,0.5333412901,26.62724741
log_det,winequality-red_n100_alpha3,4,43,14,14,9.047076289,20.4568981,0.1168773935,29.62085178
log_det,winequality-red_n100_alpha3,4,43,15,15,9.163953682,22.46960401,0,31.63355769
log_det,winequality-red_n100_alpha3,4,44,0,0,0,0,36.49445364,36.49445364
log_det,winequality-red_n100_alpha3,4,44,1,1,1.099611789,0.7329402917,36.78477691,38.61732899
log_det,winequality-red_n100_alpha3,4,44,2,2,2.184905357,0.7329402917,35.22396662,38.14181227
log_det,winequality-red_n100_alpha3,4,44,3,3,3.249263058,1.363566011,32.56408024,37.17690931
log_det,winequality-red_n100_alpha3,4,44,4,4,4.260860951,3.200566627,25.51271174,32.97413931
log_det,winequality-red_n100_alpha3,4,44,5,5,5.200094044,4.400258364,20.87791697,30.47826937
log_det,winequality-red_n100_alpha3,4,44,6,6,5.965864193,6.507276555,16.02434659,28.49748734
log_det,winequality-red_n100_alpha3,4,44,7,7,6.711786607,8.743565045,6.509028612,21.96438026
log_det,winequality-red_n100_alpha3,4,44,8,8,7.332452932,8.743565045,5.698138194,21.77415617
log_det,winequality-red_n100_alpha3,4,44,9,9,7.805249682,11.12930941,3.178880553,22.11343965
log_det,winequality-red_n100_alpha3,4,44,10,10,8.16600066,12.98488862,2.134078084,23.28496737
log_det,winequality-red_n100_alpha3,4,44,11,11,8.48753829,14.43240021,1.441697401,24.3616359
log_det,winequality-red_n100_alpha3,4,44,12,12,8.720304885,15.54986576,1.126435876,25.39660653
log_det,winequality-red_n100_alpha3,4,44,13,13,8.910707137,17.18319898,0.5333412901,26.62724741
log_det,winequality-red_n100_alpha3,4,44,14,14,9.047076289,20.4568981,0.1168773935,29.62085178
log_det,winequality-red_n100_alpha3,4,44,15,15,9.163953682,22.46960401,0,31.63355769
log_det,winequality-red_n100_alpha3,4,45,0,0,0,0,36.49445364,36.49445364
log_det,winequality-red_n100_alpha3,4,45,1,1,1.099611789,0.7329402917,36.78477691,38.61732899
log_det,winequality-red_n100_alpha3,4,45,2,2,2.184905357,0.7329402917,35.22396662,38.14181227
log_det,winequality-red_n100_alpha3,4,45,3,3,3.249263058,1.363566011,32.79097136,37.40380043
log_det,winequality-red_n100_alpha3,4,45,4,4,4.260860951,3.200566627,25.84366227,33.30508985
log_det,winequality-red_n100_alpha3,4,45,5,5,5.200094044,4.400258364,21.10484054,30.70519295
log_det,winequality-red_n100_alpha3,4,45,6,6,5.965864193,6.507276555,16.13821715,28.6113579
log_det,winequality-red_n100_alpha3,4,45,7,7,6.711786607,8.743565045,6.509028612,21.96438026
log_det,winequality-red_n100_alpha3,4,45,8,8,7.332452932,8.743565045,5.698138194,21.77415617
log_det,winequality-red_n100_alpha3,4,45,9,9,7.805249682,11.12930941,3.178880553,22.11343965
log_det,winequality-red_n100_alpha3,4,45,10,10,8.16600066,12.98488862,2.134078084,23.28496737
log_det,winequality-red_n100_alpha3,4,45,11,11,8.48753829,14.43240021,1.441697401,24.3616359
log_det,winequality-red_n100_alpha3,4,45,12,12,8.720304885,15.54986576,1.126435876,25.39660653
log_det,winequality-red_n100_alpha3,4,45,13,13,8.910707137,17.18319898,0.5333412901,26.62724741
log_det,winequality-red_n100_alpha3,4,45,14,14,9.047076289,20.4568981,0.1168773935,29.62085178
log_det,winequality-red_n100_alpha3,4,45,15,15,9.163953682,22.46960401,0,31.63355769
log_det,winequality-red_n100_alpha3,4,46,0,0,0,0,36.49445364,36.49445364
log_det,winequality-red_n100_alpha3,4,46,1,1,1.099611789,0.7329402917,36.78477691,38.61732899
log_det,winequality-red_n100_alpha3,4,46,2,2,2.184905357,0.7329402917,35.22396662,38.14181227
log_det,winequality-red_n100_alpha3,4,46,3,3,3.249263058,1.363566011,32.86662783,37.4794569
log_det,winequality-red_n100_alpha3,4,46,4,4,4.260860951,3.200566627,26.1569831,33.61841068
log_det,winequality-red_n100_alpha3,4,46,5,5,5.200094044,4.400258364,21.33107198,30.93142438
log_det,winequality-red_n100_alpha3,4,46,6,6,5.965864193,6.507276555,16.2363459,28.70948665
log_det,winequality-red_n100_alpha3,4,46,7,7,6.711786607,8.743565045,6.509028612,21.96438026
log_det,winequality-red_n100_alpha3,4,46,8,8,7.332452932,8.743565045,5.698138194,21.77415617
log_det,winequality-red_n100_alpha3,4,46,9,9,7.805249682,11.12930941,3.178880553,22.11343965
log_det,winequality-red_n100_alpha3,4,46,10,10,8.16600066,12.98488862,2.134078084,23.28496737
log_det,winequality-red_n100_alpha3,4,46,11,11,8.48753829,14.43240021,1.441697401,24.3616359
log_det,winequality-red_n100_alpha3,4,46,12,12,8.720304885,15.54986576,1.126435876,25.39660653
log_det,winequality-red_n100_alpha3,4,46,13,13,8.910707137,17.18319898,0.5333412901,26.62724741
log_det,winequality-red_n100_alpha3,4,46,14,14,9.047076289,20.4568981,0.1168773935,29.62085178
log_det,winequality-red_n100_alpha3,4,46,15,15,9.163953682,22.46960401,0,31.63355769
log_det,winequality-red_n100_alpha3,4,47,0,0,0,0,36.49445364,36.49445364
log_det,winequality-red_n100_alpha3,4,47,1,1,1.099611789,0.7329402917,36.78477691,38.61732899
log_det,winequality-red_n100_alpha3,4,47,2,2,2.184905357,0.7329402917,35.22396662,38.14181227
log_det,winequality-red_n100_alpha3,4,47,3,3,3.249263058,1.363566011,32.86662783,37.4794569
log_det,winequality-red_n100_alpha3,4,47,4,4,4.260860951,3.200566627,26.45706901,33.91849659
log_det,winequality-red_n100_alpha3,4,47,5,5,5.200094044,4.400258364,21.55729692,31.15764932
log_det,winequality-red_n100_alpha3,4,47,6,6,5.965864193,6.507276555,16.33195196,28.80509271
log_det,winequality-red_n100_alpha3,4,47,7,7,6.711786607,8.743565045,6.509028612,21.96438026
log_det,winequality-red_n100_alpha3,4,47,8,8,7.332452932,8.743565045,5.698138194,21.77415617
log_det,winequality-red_n100_alpha3,4,47,9,9,7.805249682,11.12930941,3.178880553,22.11343965
log_det,winequality-red_n100_alpha3,4,47,10,10,8.16600066,12.98488862,2.134078084,23.28496737
log_det,winequality-red_n100_alpha3,4,47,11,11,8.48753829,14.43240021,1.441697401,24.3616359
log_det,winequality-red_n100_alpha3,4,47,12,12,8.720304885,15.54986576,1.126435876,25.39660653
log_det,winequality-red_n100_alpha3,4,47,13,13,8.910707137,17.18319898,0.5333412901,26.62724741
log_det,winequality-red_n100_alpha3,4,47,14,14,9.047076289,20.4568981,0.1168773935,29.62085178
log_det,winequality-red_n100_alpha3,4,47,15,15,9.163953682,22.46960401,0,31.63355769
log_det,winequality-red_n100_alpha3,4,48,0,0,0,0,36.49445364,36.49445364
log_det,winequality-red_n100_alpha3,4,48,1,1,1.099611789,0.7329402917,36.78477691,38.61732899
log_det,winequality-red_n100_alpha3,4,48,2,2,2.184905357,0.7329402917,35.22396662,38.14181227
log_det,winequality-red_n100_alpha3,4,48,3,3,3.249263058,1.363566011,32.86662783,37.4794569
log_det,winequality-red_n100_alpha3,4,48,4,4,4.260860951,3.200566627,26.75327067,34.21469825
log_det,winequality-red_n100_alpha3,4,48,5,5,5.200094044,4.400258364,21.78257404,31.38292645
log_det,winequality-red_n100_alpha3,4,48,6,6,5.965864193,6.507276555,16.40992823,28.88306897
log_det,winequality-red_n100_alpha3,4,48,7,7,6.711786607,8.743565045,6.509028612,21.96438026
log_det,winequality-red_n100_alpha3,4,48,8,8,7.332452932,8.743565045,5.698138194,21.77415617
log_det,winequality-red_n100_alpha3,4,48,9,9,7.805249682,11.12930941,3.178880553,22.11343965
log_det,winequality-red_n100_alpha3,4,48,10,10,8.16600066,12.98488862,2.134078084,23.28496737
log_det,winequality-red_n100_alpha3,4,48,11,11,8.48753829,14.43240021,1.441697401,24.3616359
log_det,winequality-red_n100_alpha3,4,48,12,12,8.720304885,15.54986576,1.126435876,25.39660653
log_det,winequality-red_n100_alpha3,4,48,13,13,8.910707137,17.18319898,0.5333412901,26.62724741
log_det,winequality-red_n100_alpha3,4,48,14,14,9.047076289,20.4568981,0.1168773935,29.62085178
log_det,winequality-red_n100_alpha3,4,48,15,15,9.163953682,22.46960401,0,31.63355769
log_det,winequality-red_n100_alpha3,4,49,0,0,0,0,36.49445364,36.49445364
log_det,winequality-red_n100_alpha3,4,49,1,1,1.099611789,0.7329402917,36.78477691,38.61732899
log_det,winequality-red_n100_alpha3,4,49,2,2,2.184905357,0.7329402917,35.22396662,38.14181227
log_det,winequality-red_n100_alpha3,4,49,3,3,3.249263058,1.363566011,32.86662783,37.4794569
log_det,winequality-red_n100_alpha3,4,49,4,4,4.260860951,3.200566627,27.04381029,34.50523786
log_det,winequality-red_n100_alpha3,4,49,5,5,5.200094044,4.400258364,22.00703598,31.60738839
log_det,winequality-red_n100_alpha3,4,49,6,6,5.965864193,6.507276555,16.47906272,28.95220347
log_det,winequality-red_n100_alpha3,4,49,7,7,6.711786607,8.743565045,6.509028612,21.96438026
log_det,winequality-red_n100_alpha3,4,49,8,8,7.332452932,8.743565045,5.698138194,21.77415617
log_det,winequality-red_n100_alpha3,4,49,9,9,7.805249682,11.12930941,3.178880553,22.11343965
log_det,winequality-red_n100_alpha3,4,49,10,10,8.16600066,12.98488862,2.134078084,23.28496737
log_det,winequality-red_n100_alpha3,4,49,11,11,8.48753829,14.43240021,1.441697401,24.3616359
log_det,winequality-red_n100_alpha3,4,49,12,12,8.720304885,15.54986576,1.126435876,25.39660653
log_det,winequality-red_n100_alpha3,4,49,13,13,8.910707137,17.18319898,0.5333412901,26.62724741
log_det,winequality-red_n100_alpha3,4,49,14,14,9.047076289,20.4568981,0.1168773935,29.62085178
log_det,winequality-red_n100_alpha3,4,49,15,15,9.163953682,22.46960401,0,31.63355769
log_det,winequality-red_n100_alpha3,4,50,0,0,0,0,36.49445364,36.49445364
log_det,winequality-red_n100_alpha3,4,50,1,1,1.099611789,0.7329402917,36.78477691,38.61732899
log_det,winequality-red_n100_alpha3,4,50,2,2,2.184905357,0.7329402917,35.22396662,38.14181227
log_det,winequality-red_n100_alpha3,4,50,3,3,3.249263058,1.363566011,32.86662783,37.4794569
log_det,winequality-red_n100_alpha3,4,50,4,4,4.260860951,3.200566627,27.32776867,34.78919625
log_det,winequality-red_n100_alpha3,4,50,5,5,5.200094044,4.400258364,22.22408835,31.82444076
log_det,winequality-red_n100_alpha3,4,50,6,6,5.965864193,6.507276555,16.54394188,29.01708262
log_det,winequality-red_n100_alpha3,4,50,7,7,6.711786607,8.743565045,6.509028612,21.96438026
log_det,winequality-red_n100_alpha3,4,50,8,8,7.332452932,8.743565045,5.698138194,21.77415617
log_det,winequality-red_n100_alpha3,4,50,9,9,7.805249682,11.12930941,3.178880553,22.11343965
log_det,winequality-red_n100_alpha3,4,50,10,10,8.16600066,12.98488862,2.134078084,23.28496737
log_det,winequality-red_n100_alpha3,4,50,11,11,8.48753829,14.43240021,1.441697401,24.3616359
log_det,winequality-red_n100_alpha3,4,50,12,12,8.720304885,15.54986576,1.126435876,25.39660653
log_det,winequality-red_n100_alpha3,4,50,13,13,8.910707137,17.18319898,0.5333412901,26.62724741
log_det,winequality-red_n100_alpha3,4,50,14,14,9.047076289,20.4568981,0.1168773935,29.62085178
log_det,winequality-red_n100_alpha3,4,50,15,15,9.163953682,22.46960401,0,31.63355769
