problem,label,lambda,instance,n,seed,k,opt,best_found,greedy,rg_mean,monotone_flag,min_f_a_V_minus_a,m3lit_status,m3fav_status,m3lit_infeasible,m3fav_infeasible,ref_kind,m1_bound,m1_violated,m1_severity,m1_mislead_greedy,m1_mislead_rg_mean,m1_mislead_best_found,m2_bound,m2_violated,m2_severity,m2_mislead_greedy,m2_mislead_rg_mean,m2_mislead_best_found,m3lit_bound,m3lit_violated,m3lit_severity,m3lit_mislead_greedy,m3lit_mislead_rg_mean,m3lit_mislead_best_found,m3fav_bound,m3fav_violated,m3fav_severity,m3fav_mislead_greedy,m3fav_mislead_rg_mean,m3fav_mislead_best_found,a1_bound,a1_violated,a1_severity,a1_mislead_greedy,a1_mislead_rg_mean,a1_mislead_best_found,a2_bound,a2_violated,a2_severity,a2_mislead_greedy,a2_mislead_rg_mean,a2_mislead_best_found,topk_bound,topk_violated,topk_severity,topk_mislead_greedy,topk_mislead_rg_mean,topk_mislead_best_found,marginal_bound,marginal_violated,marginal_severity,marginal_mislead_greedy,marginal_mislead_rg_mean,marginal_mislead_best_found,nmdual_bound,nmdual_violated,nmdual_severity,nmdual_mislead_greedy,nmdual_mislead_rg_mean,nmdual_mislead_best_found,b2_bound,b2_violated,b2_severity,b2_mislead_greedy,b2_mislead_rg_mean,b2_mislead_best_found,hybrid_bound,hybrid_violated,hybrid_severity,hybrid_mislead_greedy,hybrid_mislead_rg_mean,hybrid_mislead_best_found
diverse_rec,ml20_lambda0,0.0,movielens_sample20of200_lambda0,20,0,1,9.519434616,9.519434616,9.519434616,9.519434616,1,6.817332175,solved (0.1 s),solved (0.0 s),0,0,opt,9.519434616,0.0,0.0,0.0,0.0,0.0,9.519434616,0.0,0.0,0.0,0.0,0.0,9.51943461617524,0.0,0.0,0.0,0.0,0.0,9.51943461617524,0.0,0.0,0.0,0.0,0.0,9.519434616,0.0,0.0,0.0,0.0,0.0,9.519434616,0.0,0.0,0.0,0.0,0.0,9.519434616,0.0,0.0,0.0,0.0,0.0,9.519434616,0.0,0.0,0.0,0.0,0.0,9.519434616,0.0,0.0,0.0,0.0,0.0,9.519434616,0.0,0.0,0.0,0.0,0.0,9.519434616,0.0,0.0,0.0,0.0,0.0
diverse_rec,ml20_lambda0,0.0,movielens_sample20of200_lambda0,20,0,2,19.00844685,19.00844685,19.00844685,18.49572925,1,6.817332175,solved (0.1 s),solved (0.0 s),0,0,opt,19.00844685,0.0,0.0,0.0,0.0,0.0,19.00844685,0.0,0.0,0.0,0.0,0.0,19.008446852178956,0.0,0.0,0.0,0.0,0.0,19.008446852178956,0.0,0.0,0.0,0.0,0.0,19.00844685,0.0,0.0,0.0,0.0,0.0,19.00844685,0.0,0.0,0.0,0.0,0.0,19.00844685,0.0,0.0,0.0,0.0,0.0,19.00844685,0.0,0.0,0.0,0.0,0.0,19.00844685,0.0,0.0,0.0,0.0,0.0,19.00844685,0.0,0.0,0.0,0.0,0.0,19.00844685,0.0,0.0,0.0,0.0,0.0
diverse_rec,ml20_lambda0,0.0,movielens_sample20of200_lambda0,20,0,3,27.4602681,27.4602681,27.4602681,26.74888456,1,6.817332175,solved (0.1 s),solved (0.0 s),0,0,opt,27.4602681,0.0,0.0,0.0,0.0,0.0,27.4602681,0.0,0.0,0.0,0.0,0.0,27.46026809869872,0.0,0.0,0.0,0.0,0.0,27.46026809869872,0.0,0.0,0.0,0.0,0.0,27.4602681,0.0,0.0,0.0,0.0,0.0,27.4602681,0.0,0.0,0.0,0.0,0.0,27.4602681,0.0,0.0,0.0,0.0,0.0,27.4602681,0.0,0.0,0.0,0.0,0.0,27.4602681,0.0,0.0,0.0,0.0,0.0,27.4602681,0.0,0.0,0.0,0.0,0.0,27.4602681,0.0,0.0,0.0,0.0,0.0
diverse_rec,ml20_lambda0,0.0,movielens_sample20of200_lambda0,20,0,4,35.81207609,35.81207609,35.81207609,35.02445107,1,6.817332175,solved (0.1 s),solved (0.0 s),0,0,opt,35.81207609,0.0,0.0,0.0,0.0,0.0,35.81207609,0.0,0.0,0.0,0.0,0.0,35.81207608596525,0.0,0.0,0.0,0.0,0.0,35.81207608596525,0.0,0.0,0.0,0.0,0.0,35.81207609,0.0,0.0,0.0,0.0,0.0,35.81207609,0.0,0.0,0.0,0.0,0.0,35.81207609,0.0,0.0,0.0,0.0,0.0,35.81207609,0.0,0.0,0.0,0.0,0.0,35.81207609,0.0,0.0,0.0,0.0,0.0,35.81207609,0.0,0.0,0.0,0.0,0.0,35.81207609,0.0,0.0,0.0,0.0,0.0
diverse_rec,ml20_lambda0,0.0,movielens_sample20of200_lambda0,20,0,5,44.1625955,44.1625955,44.1625955,43.24426787,1,6.817332175,solved (0.1 s),solved (0.0 s),0,0,opt,44.1625955,0.0,0.0,0.0,0.0,0.0,44.1625955,0.0,0.0,0.0,0.0,0.0,44.162595502045626,0.0,0.0,0.0,0.0,0.0,44.162595502045626,0.0,0.0,0.0,0.0,0.0,44.1625955,0.0,0.0,0.0,0.0,0.0,44.1625955,0.0,0.0,0.0,0.0,0.0,44.1625955,0.0,0.0,0.0,0.0,0.0,44.1625955,0.0,0.0,0.0,0.0,0.0,44.1625955,0.0,0.0,0.0,0.0,0.0,44.1625955,0.0,0.0,0.0,0.0,0.0,44.1625955,0.0,0.0,0.0,0.0,0.0
diverse_rec,ml20_lambda0,0.0,movielens_sample20of200_lambda0,20,0,6,52.47987372,52.47987372,52.47987372,51.34422833,1,6.817332175,solved (0.1 s),solved (0.0 s),0,0,opt,52.47987372,0.0,0.0,0.0,0.0,0.0,52.47987372,0.0,0.0,0.0,0.0,0.0,52.47987371636588,0.0,0.0,0.0,0.0,0.0,52.47987371636588,0.0,0.0,0.0,0.0,0.0,52.47987372,0.0,0.0,0.0,0.0,0.0,52.47987372,0.0,0.0,0.0,0.0,0.0,52.47987372,0.0,0.0,0.0,0.0,0.0,52.47987372,0.0,0.0,0.0,0.0,0.0,52.47987372,0.0,0.0,0.0,0.0,0.0,52.47987372,0.0,0.0,0.0,0.0,0.0,52.47987372,0.0,0.0,0.0,0.0,0.0
diverse_rec,ml20_lambda0,0.0,movielens_sample20of200_lambda0,20,0,7,60.74544415,60.74544415,60.74544415,59.35663789,1,6.817332175,solved (0.1 s),solved (0.0 s),0,0,opt,60.74544415,0.0,0.0,0.0,0.0,0.0,60.74544415,0.0,0.0,0.0,0.0,0.0,60.7454441543858,0.0,0.0,0.0,0.0,0.0,60.7454441543858,0.0,0.0,0.0,0.0,0.0,60.74544415,0.0,0.0,0.0,0.0,0.0,60.74544415,0.0,0.0,0.0,0.0,0.0,60.74544415,0.0,0.0,0.0,0.0,0.0,60.74544415,0.0,0.0,0.0,0.0,0.0,60.74544415,0.0,0.0,0.0,0.0,0.0,60.74544415,0.0,0.0,0.0,0.0,0.0,60.74544415,0.0,0.0,0.0,0.0,0.0
diverse_rec,ml20_lambda0,0.0,movielens_sample20of200_lambda0,20,0,8,69.00020786,69.00020786,69.00020786,67.29098524,1,6.817332175,solved (0.1 s),solved (0.0 s),0,0,opt,69.00020786,0.0,0.0,0.0,0.0,0.0,69.00020786,0.0,0.0,0.0,0.0,0.0,69.00020786395467,0.0,0.0,0.0,0.0,0.0,69.00020786395467,0.0,0.0,0.0,0.0,0.0,69.00020786,0.0,0.0,0.0,0.0,0.0,69.00020786,0.0,0.0,0.0,0.0,0.0,69.00020786,0.0,0.0,0.0,0.0,0.0,69.00020786,0.0,0.0,0.0,0.0,0.0,69.00020786,0.0,0.0,0.0,0.0,0.0,69.00020786,0.0,0.0,0.0,0.0,0.0,69.00020786,0.0,0.0,0.0,0.0,0.0
diverse_rec,ml20_lambda0,0.0,movielens_sample20of200_lambda0,20,0,9,77.22172592,77.22172592,77.22172592,74.95785054,1,6.817332175,solved (0.1 s),solved (0.0 s),0,0,opt,77.22172592,0.0,0.0,0.0,0.0,0.0,77.22172592,0.0,0.0,0.0,0.0,0.0,77.22172591650114,0.0,0.0,0.0,0.0,0.0,77.22172591650114,0.0,0.0,0.0,0.0,0.0,77.22172592,0.0,0.0,0.0,0.0,0.0,77.22172592,0.0,0.0,0.0,0.0,0.0,77.22172592,0.0,0.0,0.0,0.0,0.0,77.22172592,0.0,0.0,0.0,0.0,0.0,77.22172592,0.0,0.0,0.0,0.0,0.0,77.22172592,0.0,0.0,0.0,0.0,0.0,77.22172592,0.0,0.0,0.0,0.0,0.0
diverse_rec,ml20_lambda0,0.0,movielens_sample20of200_lambda0,20,0,10,85.2238863,85.2238863,85.2238863,82.56442562,1,6.817332175,solved (0.1 s),solved (0.0 s),0,0,opt,85.2238863,0.0,0.0,0.0,0.0,0.0,85.2238863,0.0,0.0,0.0,0.0,0.0,85.22388629915893,0.0,0.0,0.0,0.0,0.0,85.22388629915893,0.0,0.0,0.0,0.0,0.0,85.2238863,0.0,0.0,0.0,0.0,0.0,85.2238863,0.0,0.0,0.0,0.0,0.0,85.2238863,0.0,0.0,0.0,0.0,0.0,85.2238863,0.0,0.0,0.0,0.0,0.0,85.2238863,0.0,0.0,0.0,0.0,0.0,85.2238863,0.0,0.0,0.0,0.0,0.0,85.2238863,0.0,0.0,0.0,0.0,0.0
diverse_rec,ml20_lambda0,0.0,movielens_sample20of200_lambda0,20,0,11,93.22399398,93.22399398,93.22399398,89.06206797,1,6.817332175,solved (0.1 s),solved (0.0 s),0,0,opt,93.22399398,0.0,0.0,0.0,0.0,0.0,93.22399398,0.0,0.0,0.0,0.0,0.0,93.22399398194574,0.0,0.0,0.0,0.0,0.0,93.22399398194574,0.0,0.0,0.0,0.0,0.0,93.22399398,0.0,0.0,0.0,0.0,0.0,93.22399398,0.0,0.0,0.0,0.0,0.0,93.22399398,0.0,0.0,0.0,0.0,0.0,93.22399398,0.0,0.0,0.0,0.0,0.0,93.22399398,0.0,0.0,0.0,0.0,0.0,93.22399398,0.0,0.0,0.0,0.0,0.0,93.22399398,0.0,0.0,0.0,0.0,0.0
diverse_rec,ml20_lambda0,0.0,movielens_sample20of200_lambda0,20,0,12,101.1571211,101.1571211,101.1571211,93.89511666,1,6.817332175,solved (0.1 s),solved (0.0 s),0,0,opt,101.1571211,0.0,0.0,0.0,0.0,0.0,101.1571211,0.0,0.0,0.0,0.0,0.0,101.15712109568895,0.0,0.0,0.0,0.0,0.0,101.15712109568898,0.0,0.0,0.0,0.0,0.0,101.1571211,0.0,0.0,0.0,0.0,0.0,101.1571211,0.0,0.0,0.0,0.0,0.0,101.1571211,0.0,0.0,0.0,0.0,0.0,101.1571211,0.0,0.0,0.0,0.0,0.0,101.1571211,0.0,0.0,0.0,0.0,0.0,101.1571211,0.0,0.0,0.0,0.0,0.0,101.1571211,0.0,0.0,0.0,0.0,0.0
diverse_rec,ml20_lambda0,0.0,movielens_sample20of200_lambda0,20,0,13,108.9960865,108.9960865,108.9960865,96.93866655,1,6.817332175,solved (0.1 s),solved (0.0 s),0,0,opt,108.9960865,0.0,0.0,0.0,0.0,0.0,108.9960865,0.0,0.0,0.0,0.0,0.0,108.99608650690921,0.0,0.0,0.0,0.0,0.0,108.99608650690921,0.0,0.0,0.0,0.0,0.0,108.9960865,0.0,0.0,0.0,0.0,0.0,108.9960865,0.0,0.0,0.0,0.0,0.0,108.9960865,0.0,0.0,0.0,0.0,0.0,108.9960865,0.0,0.0,0.0,0.0,0.0,108.9960865,0.0,0.0,0.0,0.0,0.0,108.9960865,0.0,0.0,0.0,0.0,0.0,108.9960865,0.0,0.0,0.0,0.0,0.0
diverse_rec,ml20_lambda0,0.0,movielens_sample20of200_lambda0,20,0,14,116.7617021,116.7617021,116.7617021,99.30500692,1,6.817332175,solved (0.1 s),solved (0.0 s),0,0,opt,116.7617021,0.0,0.0,0.0,0.0,0.0,116.7617021,0.0,0.0,0.0,0.0,0.0,116.76170208589816,0.0,0.0,0.0,0.0,0.0,116.76170208589816,0.0,0.0,0.0,0.0,0.0,116.7617021,0.0,0.0,0.0,0.0,0.0,116.7617021,0.0,0.0,0.0,0.0,0.0,116.7617021,0.0,0.0,0.0,0.0,0.0,116.7617021,0.0,0.0,0.0,0.0,0.0,116.7617021,0.0,0.0,0.0,0.0,0.0,116.7617021,0.0,0.0,0.0,0.0,0.0,116.7617021,0.0,0.0,0.0,0.0,0.0
diverse_rec,ml20_lambda0,0.0,movielens_sample20of200_lambda0,20,0,15,124.3911433,124.3911433,124.3911433,100.533974,1,6.817332175,solved (0.1 s),solved (0.0 s),0,0,opt,124.3911433,0.0,0.0,0.0,0.0,0.0,124.3911433,0.0,0.0,0.0,0.0,0.0,124.39114328765585,0.0,0.0,0.0,0.0,0.0,124.39114328765585,0.0,0.0,0.0,0.0,0.0,124.3911433,0.0,0.0,0.0,0.0,0.0,124.3911433,0.0,0.0,0.0,0.0,0.0,124.3911433,0.0,0.0,0.0,0.0,0.0,124.3911433,0.0,0.0,0.0,0.0,0.0,124.3911433,0.0,0.0,0.0,0.0,0.0,124.3911433,0.0,0.0,0.0,0.0,0.0,124.3911433,0.0,0.0,0.0,0.0,0.0
diverse_rec,ml20_lambda0,0.0,movielens_sample20of200_lambda0,20,0,16,131.9447154,131.9447154,131.9447154,102.1139646,1,6.817332175,solved (0.1 s),solved (0.0 s),0,0,opt,131.9447154,0.0,0.0,0.0,0.0,0.0,131.9447154,0.0,0.0,0.0,0.0,0.0,131.94471540629718,0.0,0.0,0.0,0.0,0.0,131.94471540629718,0.0,0.0,0.0,0.0,0.0,131.9447154,0.0,0.0,0.0,0.0,0.0,131.9447154,0.0,0.0,0.0,0.0,0.0,131.9447154,0.0,0.0,0.0,0.0,0.0,131.9447154,0.0,0.0,0.0,0.0,0.0,131.9447154,0.0,0.0,0.0,0.0,0.0,131.9447154,0.0,0.0,0.0,0.0,0.0,131.9447154,0.0,0.0,0.0,0.0,0.0
diverse_rec,ml20_lambda0,0.0,movielens_sample20of200_lambda0,20,0,17,139.4692343,139.4692343,139.4692343,102.8815384,1,6.817332175,solved (0.1 s),solved (0.0 s),0,0,opt,139.4692343,0.0,0.0,0.0,0.0,0.0,139.4692343,0.0,0.0,0.0,0.0,0.0,139.46923431536666,0.0,0.0,0.0,0.0,0.0,139.46923431536666,0.0,0.0,0.0,0.0,0.0,139.4692343,0.0,0.0,0.0,0.0,0.0,139.4692343,0.0,0.0,0.0,0.0,0.0,139.4692343,0.0,0.0,0.0,0.0,0.0,139.4692343,0.0,0.0,0.0,0.0,0.0,139.4692343,0.0,0.0,0.0,0.0,0.0,139.4692343,0.0,0.0,0.0,0.0,0.0,139.4692343,0.0,0.0,0.0,0.0,0.0
diverse_rec,ml20_lambda0,0.0,movielens_sample20of200_lambda0,20,0,18,146.8684329,146.8684329,146.8684329,102.6999581,1,6.817332175,solved (0.1 s),solved (0.0 s),0,0,opt,146.8684329,0.0,0.0,0.0,0.0,0.0,146.8684329,0.0,0.0,0.0,0.0,0.0,146.86843293227406,0.0,0.0,0.0,0.0,0.0,146.86843293227406,0.0,0.0,0.0,0.0,0.0,146.8684329,0.0,0.0,0.0,0.0,0.0,146.8684329,0.0,0.0,0.0,0.0,0.0,146.8684329,0.0,0.0,0.0,0.0,0.0,146.8684329,0.0,0.0,0.0,0.0,0.0,146.8684329,0.0,0.0,0.0,0.0,0.0,146.8684329,0.0,0.0,0.0,0.0,0.0,146.8684329,0.0,0.0,0.0,0.0,0.0
diverse_rec,ml20_lambda0,0.0,movielens_sample20of200_lambda0,20,0,19,153.9634514,153.9634514,153.9634514,103.2377864,1,6.817332175,solved (0.1 s),solved (0.0 s),0,0,opt,153.9634514,0.0,0.0,0.0,0.0,0.0,153.9634514,0.0,0.0,0.0,0.0,0.0,153.96345139042322,0.0,0.0,0.0,0.0,0.0,153.96345139042322,0.0,0.0,0.0,0.0,0.0,153.9634514,0.0,0.0,0.0,0.0,0.0,153.9634514,0.0,0.0,0.0,0.0,0.0,153.9634514,0.0,0.0,0.0,0.0,0.0,153.9634514,0.0,0.0,0.0,0.0,0.0,153.9634514,0.0,0.0,0.0,0.0,0.0,153.9634514,0.0,0.0,0.0,0.0,0.0,153.9634514,0.0,0.0,0.0,0.0,0.0
diverse_rec,ml20_lambda0,0.0,movielens_sample20of200_lambda0,20,0,20,160.7807836,160.7807836,160.7807836,103.2679058,1,6.817332175,solved (0.1 s),solved (0.0 s),0,0,opt,160.7807836,0.0,0.0,0.0,0.0,0.0,160.7807836,0.0,0.0,0.0,0.0,0.0,160.78078356577083,0.0,0.0,0.0,0.0,0.0,160.78078356577083,0.0,0.0,0.0,0.0,0.0,160.780783516,0.0,0.0,0.0,0.0,0.0,160.7807836,0.0,0.0,0.0,0.0,0.0,160.7807836,0.0,0.0,0.0,0.0,0.0,160.7807836,0.0,0.0,0.0,0.0,0.0,160.7807836,0.0,0.0,0.0,0.0,0.0,160.7807836,0.0,0.0,0.0,0.0,0.0,160.7807836,0.0,0.0,0.0,0.0,0.0
diverse_rec,ml20_lambda0,0.0,movielens_sample20of200_lambda0,20,1,1,9.78657435,9.78657435,9.78657435,9.78657435,1,6.655316458,solved (0.1 s),solved (0.0 s),0,0,opt,9.78657435,0.0,0.0,0.0,0.0,0.0,9.78657435,0.0,0.0,0.0,0.0,0.0,9.786574350404328,0.0,0.0,0.0,0.0,0.0,9.786574350404328,0.0,0.0,0.0,0.0,0.0,9.78657435,0.0,0.0,0.0,0.0,0.0,9.78657435,0.0,0.0,0.0,0.0,0.0,9.78657435,0.0,0.0,0.0,0.0,0.0,9.78657435,0.0,0.0,0.0,0.0,0.0,9.78657435,0.0,0.0,0.0,0.0,0.0,9.78657435,0.0,0.0,0.0,0.0,0.0,9.78657435,0.0,0.0,0.0,0.0,0.0
diverse_rec,ml20_lambda0,0.0,movielens_sample20of200_lambda0,20,1,2,18.97702199,18.97702199,18.97702199,18.80906701,1,6.655316458,solved (0.1 s),solved (0.0 s),0,0,opt,18.97702199,0.0,0.0,0.0,0.0,0.0,18.97702199,0.0,0.0,0.0,0.0,0.0,18.977021989021424,0.0,0.0,0.0,0.0,0.0,18.977021989021424,0.0,0.0,0.0,0.0,0.0,18.97702199,0.0,0.0,0.0,0.0,0.0,18.97702199,0.0,0.0,0.0,0.0,0.0,18.97702199,0.0,0.0,0.0,0.0,0.0,18.97702199,0.0,0.0,0.0,0.0,0.0,18.97702199,0.0,0.0,0.0,0.0,0.0,18.97702199,0.0,0.0,0.0,0.0,0.0,18.97702199,0.0,0.0,0.0,0.0,0.0
diverse_rec,ml20_lambda0,0.0,movielens_sample20of200_lambda0,20,1,3,28.13820293,28.13820293,28.13820293,27.79611316,1,6.655316458,solved (0.1 s),solved (0.0 s),0,0,opt,28.13820293,0.0,0.0,0.0,0.0,0.0,28.13820293,0.0,0.0,0.0,0.0,0.0,28.138202934512755,0.0,0.0,0.0,0.0,0.0,28.138202934512755,0.0,0.0,0.0,0.0,0.0,28.13820293,0.0,0.0,0.0,0.0,0.0,28.13820293,0.0,0.0,0.0,0.0,0.0,28.13820293,0.0,0.0,0.0,0.0,0.0,28.13820293,0.0,0.0,0.0,0.0,0.0,28.13820293,0.0,0.0,0.0,0.0,0.0,28.13820293,0.0,0.0,0.0,0.0,0.0,28.13820293,0.0,0.0,0.0,0.0,0.0
diverse_rec,ml20_lambda0,0.0,movielens_sample20of200_lambda0,20,1,4,37.25273946,37.25273946,37.25273946,36.55703408,1,6.655316458,solved (0.1 s),solved (0.0 s),0,0,opt,37.25273946,0.0,0.0,0.0,0.0,0.0,37.25273946,0.0,0.0,0.0,0.0,0.0,37.252739458599656,0.0,0.0,0.0,0.0,0.0,37.252739458599656,0.0,0.0,0.0,0.0,0.0,37.25273946,0.0,0.0,0.0,0.0,0.0,37.25273946,0.0,0.0,0.0,0.0,0.0,37.25273946,0.0,0.0,0.0,0.0,0.0,37.25273946,0.0,0.0,0.0,0.0,0.0,37.25273946,0.0,0.0,0.0,0.0,0.0,37.25273946,0.0,0.0,0.0,0.0,0.0,37.25273946,0.0,0.0,0.0,0.0,0.0
diverse_rec,ml20_lambda0,0.0,movielens_sample20of200_lambda0,20,1,5,46.08297705,46.08297705,46.08297705,45.09963581,1,6.655316458,solved (0.1 s),solved (0.0 s),0,0,opt,46.08297705,0.0,0.0,0.0,0.0,0.0,46.08297705,0.0,0.0,0.0,0.0,0.0,46.08297704738586,0.0,0.0,0.0,0.0,0.0,46.08297704738586,0.0,0.0,0.0,0.0,0.0,46.08297705,0.0,0.0,0.0,0.0,0.0,46.08297705,0.0,0.0,0.0,0.0,0.0,46.08297705,0.0,0.0,0.0,0.0,0.0,46.08297705,0.0,0.0,0.0,0.0,0.0,46.08297705,0.0,0.0,0.0,0.0,0.0,46.08297705,0.0,0.0,0.0,0.0,0.0,46.08297705,0.0,0.0,0.0,0.0,0.0
diverse_rec,ml20_lambda0,0.0,movielens_sample20of200_lambda0,20,1,6,54.8508457,54.8508457,54.8508457,53.50412638,1,6.655316458,solved (0.1 s),solved (0.0 s),0,0,opt,54.8508457,0.0,0.0,0.0,0.0,0.0,54.8508457,0.0,0.0,0.0,0.0,0.0,54.85084570415733,0.0,0.0,0.0,0.0,0.0,54.85084570415734,0.0,0.0,0.0,0.0,0.0,54.8508457,0.0,0.0,0.0,0.0,0.0,54.8508457,0.0,0.0,0.0,0.0,0.0,54.8508457,0.0,0.0,0.0,0.0,0.0,54.8508457,0.0,0.0,0.0,0.0,0.0,54.8508457,0.0,0.0,0.0,0.0,0.0,54.8508457,0.0,0.0,0.0,0.0,0.0,54.8508457,0.0,0.0,0.0,0.0,0.0
diverse_rec,ml20_lambda0,0.0,movielens_sample20of200_lambda0,20,1,7,63.43235146,63.43235146,63.43235146,61.67141082,1,6.655316458,solved (0.1 s),solved (0.0 s),0,0,opt,63.43235146,0.0,0.0,0.0,0.0,0.0,63.43235146,0.0,0.0,0.0,0.0,0.0,63.43235146296444,0.0,0.0,0.0,0.0,0.0,63.43235146296444,0.0,0.0,0.0,0.0,0.0,63.43235146,0.0,0.0,0.0,0.0,0.0,63.43235146,0.0,0.0,0.0,0.0,0.0,63.43235146,0.0,0.0,0.0,0.0,0.0,63.43235146,0.0,0.0,0.0,0.0,0.0,63.43235146,0.0,0.0,0.0,0.0,0.0,63.43235146,0.0,0.0,0.0,0.0,0.0,63.43235146,0.0,0.0,0.0,0.0,0.0
diverse_rec,ml20_lambda0,0.0,movielens_sample20of200_lambda0,20,1,8,72.00787226,72.00787226,72.00787226,69.62729965,1,6.655316458,solved (0.1 s),solved (0.0 s),0,0,opt,72.00787226,0.0,0.0,0.0,0.0,0.0,72.00787226,0.0,0.0,0.0,0.0,0.0,72.00787226493321,0.0,0.0,0.0,0.0,0.0,72.00787226493321,0.0,0.0,0.0,0.0,0.0,72.00787226,0.0,0.0,0.0,0.0,0.0,72.00787226,0.0,0.0,0.0,0.0,0.0,72.00787226,0.0,0.0,0.0,0.0,0.0,72.00787226,0.0,0.0,0.0,0.0,0.0,72.00787226,0.0,0.0,0.0,0.0,0.0,72.00787226,0.0,0.0,0.0,0.0,0.0,72.00787226,0.0,0.0,0.0,0.0,0.0
diverse_rec,ml20_lambda0,0.0,movielens_sample20of200_lambda0,20,1,9,80.34795367,80.34795367,80.34795367,77.46119008,1,6.655316458,solved (0.1 s),solved (0.0 s),0,0,opt,80.34795367,0.0,0.0,0.0,0.0,0.0,80.34795367,0.0,0.0,0.0,0.0,0.0,80.34795367244112,0.0,0.0,0.0,0.0,0.0,80.34795367244112,0.0,0.0,0.0,0.0,0.0,80.34795367,0.0,0.0,0.0,0.0,0.0,80.34795367,0.0,0.0,0.0,0.0,0.0,80.34795367,0.0,0.0,0.0,0.0,0.0,80.34795367,0.0,0.0,0.0,0.0,0.0,80.34795367,0.0,0.0,0.0,0.0,0.0,80.34795367,0.0,0.0,0.0,0.0,0.0,80.34795367,0.0,0.0,0.0,0.0,0.0
diverse_rec,ml20_lambda0,0.0,movielens_sample20of200_lambda0,20,1,10,88.64361785,88.64361785,88.64361785,84.98499937,1,6.655316458,solved (0.1 s),solved (0.0 s),0,0,opt,88.64361785,0.0,0.0,0.0,0.0,0.0,88.64361785,0.0,0.0,0.0,0.0,0.0,88.64361784905414,0.0,0.0,0.0,0.0,0.0,88.64361784905414,0.0,0.0,0.0,0.0,0.0,88.64361785,0.0,0.0,0.0,0.0,0.0,88.64361785,0.0,0.0,0.0,0.0,0.0,88.64361785,0.0,0.0,0.0,0.0,0.0,88.64361785,0.0,0.0,0.0,0.0,0.0,88.64361785,0.0,0.0,0.0,0.0,0.0,88.64361785,0.0,0.0,0.0,0.0,0.0,88.64361785,0.0,0.0,0.0,0.0,0.0
diverse_rec,ml20_lambda0,0.0,movielens_sample20of200_lambda0,20,1,11,96.84683468,96.84683468,96.84683468,91.74121422,1,6.655316458,solved (0.1 s),solved (0.0 s),0,0,opt,96.84683468,0.0,0.0,0.0,0.0,0.0,96.84683468,0.0,0.0,0.0,0.0,0.0,96.84683467658353,0.0,0.0,0.0,0.0,0.0,96.84683467658353,0.0,0.0,0.0,0.0,0.0,96.84683468,0.0,0.0,0.0,0.0,0.0,96.84683468,0.0,0.0,0.0,0.0,0.0,96.84683468,0.0,0.0,0.0,0.0,0.0,96.84683468,0.0,0.0,0.0,0.0,0.0,96.84683468,0.0,0.0,0.0,0.0,0.0,96.84683468,0.0,0.0,0.0,0.0,0.0,96.84683468,0.0,0.0,0.0,0.0,0.0
diverse_rec,ml20_lambda0,0.0,movielens_sample20of200_lambda0,20,1,12,104.9572522,104.9572522,104.9572522,96.08637254,1,6.655316458,solved (0.1 s),solved (0.0 s),0,0,opt,104.9572522,0.0,0.0,0.0,0.0,0.0,104.9572522,0.0,0.0,0.0,0.0,0.0,104.95725222202238,0.0,0.0,0.0,0.0,0.0,104.95725222202236,0.0,0.0,0.0,0.0,0.0,104.9572522,0.0,0.0,0.0,0.0,0.0,104.9572522,0.0,0.0,0.0,0.0,0.0,104.9572522,0.0,0.0,0.0,0.0,0.0,104.9572522,0.0,0.0,0.0,0.0,0.0,104.9572522,0.0,0.0,0.0,0.0,0.0,104.9572522,0.0,0.0,0.0,0.0,0.0,104.9572522,0.0,0.0,0.0,0.0,0.0
diverse_rec,ml20_lambda0,0.0,movielens_sample20of200_lambda0,20,1,13,112.9354075,112.9354075,112.9354075,99.04595195,1,6.655316458,solved (0.1 s),solved (0.0 s),0,0,opt,112.9354075,0.0,0.0,0.0,0.0,0.0,112.9354075,0.0,0.0,0.0,0.0,0.0,112.93540751734368,0.0,0.0,0.0,0.0,0.0,112.93540751734368,0.0,0.0,0.0,0.0,0.0,112.9354075,0.0,0.0,0.0,0.0,0.0,112.9354075,0.0,0.0,0.0,0.0,0.0,112.9354075,0.0,0.0,0.0,0.0,0.0,112.9354075,0.0,0.0,0.0,0.0,0.0,112.9354075,0.0,0.0,0.0,0.0,0.0,112.9354075,0.0,0.0,0.0,0.0,0.0,112.9354075,0.0,0.0,0.0,0.0,0.0
diverse_rec,ml20_lambda0,0.0,movielens_sample20of200_lambda0,20,1,14,120.8492763,120.8492763,120.8492763,101.5895839,1,6.655316458,solved (0.1 s),solved (0.0 s),0,0,opt,120.8492763,0.0,0.0,0.0,0.0,0.0,120.8492763,0.0,0.0,0.0,0.0,0.0,120.84927628641319,0.0,0.0,0.0,0.0,0.0,120.84927628641316,0.0,0.0,0.0,0.0,0.0,120.8492763,0.0,0.0,0.0,0.0,0.0,120.8492763,0.0,0.0,0.0,0.0,0.0,120.8492763,0.0,0.0,0.0,0.0,0.0,120.8492763,0.0,0.0,0.0,0.0,0.0,120.8492763,0.0,0.0,0.0,0.0,0.0,120.8492763,0.0,0.0,0.0,0.0,0.0,120.8492763,0.0,0.0,0.0,0.0,0.0
diverse_rec,ml20_lambda0,0.0,movielens_sample20of200_lambda0,20,1,15,128.4922827,128.4922827,128.4922827,103.0772621,1,6.655316458,solved (0.1 s),solved (0.0 s),0,0,opt,128.4922827,0.0,0.0,0.0,0.0,0.0,128.4922827,0.0,0.0,0.0,0.0,0.0,128.49228269233475,0.0,0.0,0.0,0.0,0.0,128.49228269233473,0.0,0.0,0.0,0.0,0.0,128.4922827,0.0,0.0,0.0,0.0,0.0,128.4922827,0.0,0.0,0.0,0.0,0.0,128.4922827,0.0,0.0,0.0,0.0,0.0,128.4922827,0.0,0.0,0.0,0.0,0.0,128.4922827,0.0,0.0,0.0,0.0,0.0,128.4922827,0.0,0.0,0.0,0.0,0.0,128.4922827,0.0,0.0,0.0,0.0,0.0
diverse_rec,ml20_lambda0,0.0,movielens_sample20of200_lambda0,20,1,16,135.9958885,135.9958885,135.9958885,103.693167,1,6.655316458,solved (0.1 s),solved (0.0 s),0,0,opt,135.9958885,0.0,0.0,0.0,0.0,0.0,135.9958885,0.0,0.0,0.0,0.0,0.0,135.99588854919804,0.0,0.0,0.0,0.0,0.0,135.99588854919804,0.0,0.0,0.0,0.0,0.0,135.9958885,0.0,0.0,0.0,0.0,0.0,135.9958885,0.0,0.0,0.0,0.0,0.0,135.9958885,0.0,0.0,0.0,0.0,0.0,135.9958885,0.0,0.0,0.0,0.0,0.0,135.9958885,0.0,0.0,0.0,0.0,0.0,135.9958885,0.0,0.0,0.0,0.0,0.0,135.9958885,0.0,0.0,0.0,0.0,0.0
diverse_rec,ml20_lambda0,0.0,movielens_sample20of200_lambda0,20,1,17,143.3970774,143.3970774,143.3970774,104.4771587,1,6.655316458,solved (0.1 s),solved (0.0 s),0,0,opt,143.3970774,0.0,0.0,0.0,0.0,0.0,143.3970774,0.0,0.0,0.0,0.0,0.0,143.39707736757316,0.0,0.0,0.0,0.0,0.0,143.3970773675731,0.0,0.0,0.0,0.0,0.0,143.3970774,0.0,0.0,0.0,0.0,0.0,143.3970774,0.0,0.0,0.0,0.0,0.0,143.3970774,0.0,0.0,0.0,0.0,0.0,143.3970774,0.0,0.0,0.0,0.0,0.0,143.3970774,0.0,0.0,0.0,0.0,0.0,143.3970774,0.0,0.0,0.0,0.0,0.0,143.3970774,0.0,0.0,0.0,0.0,0.0
diverse_rec,ml20_lambda0,0.0,movielens_sample20of200_lambda0,20,1,18,150.7206584,150.7206584,150.7206584,104.8099843,1,6.655316458,solved (0.1 s),solved (0.0 s),0,0,opt,150.7206584,0.0,0.0,0.0,0.0,0.0,150.7206584,0.0,0.0,0.0,0.0,0.0,150.72065835935985,0.0,0.0,0.0,0.0,0.0,150.7206583593598,0.0,0.0,0.0,0.0,0.0,150.7206584,0.0,0.0,0.0,0.0,0.0,150.7206584,0.0,0.0,0.0,0.0,0.0,150.7206584,0.0,0.0,0.0,0.0,0.0,150.7206584,0.0,0.0,0.0,0.0,0.0,150.7206584,0.0,0.0,0.0,0.0,0.0,150.7206584,0.0,0.0,0.0,0.0,0.0,150.7206584,0.0,0.0,0.0,0.0,0.0
diverse_rec,ml20_lambda0,0.0,movielens_sample20of200_lambda0,20,1,19,157.5684869,157.5684869,157.5684869,105.1478751,1,6.655316458,solved (0.1 s),solved (0.0 s),0,0,opt,157.5684869,0.0,0.0,0.0,0.0,0.0,157.5684869,0.0,0.0,0.0,0.0,0.0,157.56848691975136,0.0,0.0,0.0,0.0,0.0,157.56848691975136,0.0,0.0,0.0,0.0,0.0,157.5684869,0.0,0.0,0.0,0.0,0.0,157.5684869,0.0,0.0,0.0,0.0,0.0,157.5684869,0.0,0.0,0.0,0.0,0.0,157.5684869,0.0,0.0,0.0,0.0,0.0,157.5684869,0.0,0.0,0.0,0.0,0.0,157.5684869,0.0,0.0,0.0,0.0,0.0,157.5684869,0.0,0.0,0.0,0.0,0.0
diverse_rec,ml20_lambda0,0.0,movielens_sample20of200_lambda0,20,1,20,164.2238034,164.2238034,164.2238034,104.7618418,1,6.655316458,solved (0.1 s),solved (0.0 s),0,0,opt,164.2238034,0.0,0.0,0.0,0.0,0.0,164.2238034,0.0,0.0,0.0,0.0,0.0,164.22380337806092,0.0,0.0,0.0,0.0,0.0,164.22380337806092,0.0,0.0,0.0,0.0,0.0,164.22380333,0.0,0.0,0.0,0.0,0.0,164.2238034,0.0,0.0,0.0,0.0,0.0,164.2238034,0.0,0.0,0.0,0.0,0.0,164.2238034,0.0,0.0,0.0,0.0,0.0,164.2238034,0.0,0.0,0.0,0.0,0.0,164.2238034,0.0,0.0,0.0,0.0,0.0,164.2238034,0.0,0.0,0.0,0.0,0.0
diverse_rec,ml20_lambda0,0.0,movielens_sample20of200_lambda0,20,2,1,9.507074946,9.507074946,9.507074946,9.507074946,1,6.46416669,solved (0.1 s),solved (0.0 s),0,0,opt,9.507074946,0.0,0.0,0.0,0.0,0.0,9.507074946,0.0,0.0,0.0,0.0,0.0,9.507074945866336,0.0,0.0,0.0,0.0,0.0,9.507074945866336,0.0,0.0,0.0,0.0,0.0,9.507074946,0.0,0.0,0.0,0.0,0.0,9.507074946,0.0,0.0,0.0,0.0,0.0,9.507074946,0.0,0.0,0.0,0.0,0.0,9.507074946,0.0,0.0,0.0,0.0,0.0,9.507074946,0.0,0.0,0.0,0.0,0.0,9.507074946,0.0,0.0,0.0,0.0,0.0,9.507074946,0.0,0.0,0.0,0.0,0.0
diverse_rec,ml20_lambda0,0.0,movielens_sample20of200_lambda0,20,2,2,18.98571089,18.98571089,18.98571089,18.72246763,1,6.46416669,solved (0.1 s),solved (0.0 s),0,0,opt,18.98571089,0.0,0.0,0.0,0.0,0.0,18.98571089,0.0,0.0,0.0,0.0,0.0,18.9857108907441,0.0,0.0,0.0,0.0,0.0,18.9857108907441,0.0,0.0,0.0,0.0,0.0,18.98571089,0.0,0.0,0.0,0.0,0.0,18.98571089,0.0,0.0,0.0,0.0,0.0,18.98571089,0.0,0.0,0.0,0.0,0.0,18.98571089,0.0,0.0,0.0,0.0,0.0,18.98571089,0.0,0.0,0.0,0.0,0.0,18.98571089,0.0,0.0,0.0,0.0,0.0,18.98571089,0.0,0.0,0.0,0.0,0.0
diverse_rec,ml20_lambda0,0.0,movielens_sample20of200_lambda0,20,2,3,27.92920575,27.92920575,27.92920575,27.54354526,1,6.46416669,solved (0.1 s),solved (0.0 s),0,0,opt,27.92920575,0.0,0.0,0.0,0.0,0.0,27.92920575,0.0,0.0,0.0,0.0,0.0,27.929205745696656,0.0,0.0,0.0,0.0,0.0,27.929205745696656,0.0,0.0,0.0,0.0,0.0,27.92920575,0.0,0.0,0.0,0.0,0.0,27.92920575,0.0,0.0,0.0,0.0,0.0,27.92920575,0.0,0.0,0.0,0.0,0.0,27.92920575,0.0,0.0,0.0,0.0,0.0,27.92920575,0.0,0.0,0.0,0.0,0.0,27.92920575,0.0,0.0,0.0,0.0,0.0,27.92920575,0.0,0.0,0.0,0.0,0.0
diverse_rec,ml20_lambda0,0.0,movielens_sample20of200_lambda0,20,2,4,36.78929933,36.78929933,36.78929933,36.04148647,1,6.46416669,solved (0.1 s),solved (0.0 s),0,0,opt,36.78929933,0.0,0.0,0.0,0.0,0.0,36.78929933,0.0,0.0,0.0,0.0,0.0,36.78929933368163,0.0,0.0,0.0,0.0,0.0,36.78929933368163,0.0,0.0,0.0,0.0,0.0,36.78929933,0.0,0.0,0.0,0.0,0.0,36.78929933,0.0,0.0,0.0,0.0,0.0,36.78929933,0.0,0.0,0.0,0.0,0.0,36.78929933,0.0,0.0,0.0,0.0,0.0,36.78929933,0.0,0.0,0.0,0.0,0.0,36.78929933,0.0,0.0,0.0,0.0,0.0,36.78929933,0.0,0.0,0.0,0.0,0.0
diverse_rec,ml20_lambda0,0.0,movielens_sample20of200_lambda0,20,2,5,45.64063306,45.64063306,45.64063306,44.35161226,1,6.46416669,solved (0.1 s),solved (0.0 s),0,0,opt,45.64063306,0.0,0.0,0.0,0.0,0.0,45.64063306,0.0,0.0,0.0,0.0,0.0,45.640633061943575,0.0,0.0,0.0,0.0,0.0,45.640633061943575,0.0,0.0,0.0,0.0,0.0,45.64063306,0.0,0.0,0.0,0.0,0.0,45.64063306,0.0,0.0,0.0,0.0,0.0,45.64063306,0.0,0.0,0.0,0.0,0.0,45.64063306,0.0,0.0,0.0,0.0,0.0,45.64063306,0.0,0.0,0.0,0.0,0.0,45.64063306,0.0,0.0,0.0,0.0,0.0,45.64063306,0.0,0.0,0.0,0.0,0.0
diverse_rec,ml20_lambda0,0.0,movielens_sample20of200_lambda0,20,2,6,54.03578455,54.03578455,54.03578455,52.39096518,1,6.46416669,solved (0.1 s),solved (0.0 s),0,0,opt,54.03578455,0.0,0.0,0.0,0.0,0.0,54.03578455,0.0,0.0,0.0,0.0,0.0,54.03578454860047,0.0,0.0,0.0,0.0,0.0,54.03578454860047,0.0,0.0,0.0,0.0,0.0,54.03578455,0.0,0.0,0.0,0.0,0.0,54.03578455,0.0,0.0,0.0,0.0,0.0,54.03578455,0.0,0.0,0.0,0.0,0.0,54.03578455,0.0,0.0,0.0,0.0,0.0,54.03578455,0.0,0.0,0.0,0.0,0.0,54.03578455,0.0,0.0,0.0,0.0,0.0,54.03578455,0.0,0.0,0.0,0.0,0.0
diverse_rec,ml20_lambda0,0.0,movielens_sample20of200_lambda0,20,2,7,62.3749889,62.3749889,62.3749889,60.30425448,1,6.46416669,solved (0.1 s),solved (0.0 s),0,0,opt,62.3749889,0.0,0.0,0.0,0.0,0.0,62.3749889,0.0,0.0,0.0,0.0,0.0,62.374988902310854,0.0,0.0,0.0,0.0,0.0,62.37498890231086,0.0,0.0,0.0,0.0,0.0,62.3749889,0.0,0.0,0.0,0.0,0.0,62.3749889,0.0,0.0,0.0,0.0,0.0,62.3749889,0.0,0.0,0.0,0.0,0.0,62.3749889,0.0,0.0,0.0,0.0,0.0,62.3749889,0.0,0.0,0.0,0.0,0.0,62.3749889,0.0,0.0,0.0,0.0,0.0,62.3749889,0.0,0.0,0.0,0.0,0.0
diverse_rec,ml20_lambda0,0.0,movielens_sample20of200_lambda0,20,2,8,70.65930053,70.65930053,70.65930053,68.02235989,1,6.46416669,solved (0.1 s),solved (0.0 s),0,0,opt,70.65930053,0.0,0.0,0.0,0.0,0.0,70.65930053,0.0,0.0,0.0,0.0,0.0,70.65930053020166,0.0,0.0,0.0,0.0,0.0,70.65930053020166,0.0,0.0,0.0,0.0,0.0,70.65930053,0.0,0.0,0.0,0.0,0.0,70.65930053,0.0,0.0,0.0,0.0,0.0,70.65930053,0.0,0.0,0.0,0.0,0.0,70.65930053,0.0,0.0,0.0,0.0,0.0,70.65930053,0.0,0.0,0.0,0.0,0.0,70.65930053,0.0,0.0,0.0,0.0,0.0,70.65930053,0.0,0.0,0.0,0.0,0.0
diverse_rec,ml20_lambda0,0.0,movielens_sample20of200_lambda0,20,2,9,78.90308667,78.90308667,78.90308667,75.51637152,1,6.46416669,solved (0.1 s),solved (0.0 s),0,0,opt,78.90308667,0.0,0.0,0.0,0.0,0.0,78.90308667,0.0,0.0,0.0,0.0,0.0,78.9030866678093,0.0,0.0,0.0,0.0,0.0,78.9030866678093,0.0,0.0,0.0,0.0,0.0,78.90308667,0.0,0.0,0.0,0.0,0.0,78.90308667,0.0,0.0,0.0,0.0,0.0,78.90308667,0.0,0.0,0.0,0.0,0.0,78.90308667,0.0,0.0,0.0,0.0,0.0,78.90308667,0.0,0.0,0.0,0.0,0.0,78.90308667,0.0,0.0,0.0,0.0,0.0,78.90308667,0.0,0.0,0.0,0.0,0.0
diverse_rec,ml20_lambda0,0.0,movielens_sample20of200_lambda0,20,2,10,86.87397301,86.87397301,86.87397301,82.97370682,1,6.46416669,solved (0.1 s),solved (0.0 s),0,0,opt,86.87397301,0.0,0.0,0.0,0.0,0.0,86.87397301,0.0,0.0,0.0,0.0,0.0,86.87397300910737,0.0,0.0,0.0,0.0,0.0,86.87397300910737,0.0,0.0,0.0,0.0,0.0,86.87397301,0.0,0.0,0.0,0.0,0.0,86.87397301,0.0,0.0,0.0,0.0,0.0,86.87397301,0.0,0.0,0.0,0.0,0.0,86.87397301,0.0,0.0,0.0,0.0,0.0,86.87397301,0.0,0.0,0.0,0.0,0.0,86.87397301,0.0,0.0,0.0,0.0,0.0,86.87397301,0.0,0.0,0.0,0.0,0.0
diverse_rec,ml20_lambda0,0.0,movielens_sample20of200_lambda0,20,2,11,94.68421575,94.68421575,94.68421575,89.42496769,1,6.46416669,solved (0.1 s),solved (0.0 s),0,0,opt,94.68421575,0.0,0.0,0.0,0.0,0.0,94.68421575,0.0,0.0,0.0,0.0,0.0,94.68421574676,0.0,0.0,0.0,0.0,0.0,94.68421574676002,0.0,0.0,0.0,0.0,0.0,94.68421575,0.0,0.0,0.0,0.0,0.0,94.68421575,0.0,0.0,0.0,0.0,0.0,94.68421575,0.0,0.0,0.0,0.0,0.0,94.68421575,0.0,0.0,0.0,0.0,0.0,94.68421575,0.0,0.0,0.0,0.0,0.0,94.68421575,0.0,0.0,0.0,0.0,0.0,94.68421575,0.0,0.0,0.0,0.0,0.0
diverse_rec,ml20_lambda0,0.0,movielens_sample20of200_lambda0,20,2,12,102.3855187,102.3855187,102.3855187,93.69730395,1,6.46416669,solved (0.1 s),solved (0.0 s),0,0,opt,102.3855187,0.0,0.0,0.0,0.0,0.0,102.3855187,0.0,0.0,0.0,0.0,0.0,102.38551869252153,0.0,0.0,0.0,0.0,0.0,102.38551869252152,0.0,0.0,0.0,0.0,0.0,102.3855187,0.0,0.0,0.0,0.0,0.0,102.3855187,0.0,0.0,0.0,0.0,0.0,102.3855187,0.0,0.0,0.0,0.0,0.0,102.3855187,0.0,0.0,0.0,0.0,0.0,102.3855187,0.0,0.0,0.0,0.0,0.0,102.3855187,0.0,0.0,0.0,0.0,0.0,102.3855187,0.0,0.0,0.0,0.0,0.0
diverse_rec,ml20_lambda0,0.0,movielens_sample20of200_lambda0,20,2,13,110.0283277,110.0283277,110.0283277,97.02108436,1,6.46416669,solved (0.1 s),solved (0.0 s),0,0,opt,110.0283277,0.0,0.0,0.0,0.0,0.0,110.0283277,0.0,0.0,0.0,0.0,0.0,110.02832767899731,0.0,0.0,0.0,0.0,0.0,110.0283276789973,0.0,0.0,0.0,0.0,0.0,110.0283277,0.0,0.0,0.0,0.0,0.0,110.0283277,0.0,0.0,0.0,0.0,0.0,110.0283277,0.0,0.0,0.0,0.0,0.0,110.0283277,0.0,0.0,0.0,0.0,0.0,110.0283277,0.0,0.0,0.0,0.0,0.0,110.0283277,0.0,0.0,0.0,0.0,0.0,110.0283277,0.0,0.0,0.0,0.0,0.0
diverse_rec,ml20_lambda0,0.0,movielens_sample20of200_lambda0,20,2,14,117.6258465,117.6258465,117.6258465,99.00739602,1,6.46416669,solved (0.1 s),solved (0.0 s),0,0,opt,117.6258465,0.0,0.0,0.0,0.0,0.0,117.6258465,0.0,0.0,0.0,0.0,0.0,117.62584648761054,0.0,0.0,0.0,0.0,0.0,117.62584648761053,0.0,0.0,0.0,0.0,0.0,117.6258465,0.0,0.0,0.0,0.0,0.0,117.6258465,0.0,0.0,0.0,0.0,0.0,117.6258465,0.0,0.0,0.0,0.0,0.0,117.6258465,0.0,0.0,0.0,0.0,0.0,117.6258465,0.0,0.0,0.0,0.0,0.0,117.6258465,0.0,0.0,0.0,0.0,0.0,117.6258465,0.0,0.0,0.0,0.0,0.0
diverse_rec,ml20_lambda0,0.0,movielens_sample20of200_lambda0,20,2,15,125.1784783,125.1784783,125.1784783,100.502864,1,6.46416669,solved (0.1 s),solved (0.0 s),0,0,opt,125.1784783,0.0,0.0,0.0,0.0,0.0,125.1784783,0.0,0.0,0.0,0.0,0.0,125.17847834534768,0.0,0.0,0.0,0.0,0.0,125.17847834534768,0.0,0.0,0.0,0.0,0.0,125.1784783,0.0,0.0,0.0,0.0,0.0,125.1784783,0.0,0.0,0.0,0.0,0.0,125.1784783,0.0,0.0,0.0,0.0,0.0,125.1784783,0.0,0.0,0.0,0.0,0.0,125.1784783,0.0,0.0,0.0,0.0,0.0,125.1784783,0.0,0.0,0.0,0.0,0.0,125.1784783,0.0,0.0,0.0,0.0,0.0
diverse_rec,ml20_lambda0,0.0,movielens_sample20of200_lambda0,20,2,16,132.5680944,132.5680944,132.5680944,101.2929382,1,6.46416669,solved (0.1 s),solved (0.0 s),0,0,opt,132.5680944,0.0,0.0,0.0,0.0,0.0,132.5680944,0.0,0.0,0.0,0.0,0.0,132.5680944139445,0.0,0.0,0.0,0.0,0.0,132.56809441394446,0.0,0.0,0.0,0.0,0.0,132.5680944,0.0,0.0,0.0,0.0,0.0,132.5680944,0.0,0.0,0.0,0.0,0.0,132.5680944,0.0,0.0,0.0,0.0,0.0,132.5680944,0.0,0.0,0.0,0.0,0.0,132.5680944,0.0,0.0,0.0,0.0,0.0,132.5680944,0.0,0.0,0.0,0.0,0.0,132.5680944,0.0,0.0,0.0,0.0,0.0
diverse_rec,ml20_lambda0,0.0,movielens_sample20of200_lambda0,20,2,17,139.9153788,139.9153788,139.9153788,102.5103018,1,6.46416669,solved (0.1 s),solved (0.0 s),0,0,opt,139.9153788,0.0,0.0,0.0,0.0,0.0,139.9153788,0.0,0.0,0.0,0.0,0.0,139.91537878928256,0.0,0.0,0.0,0.0,0.0,139.91537878928253,0.0,0.0,0.0,0.0,0.0,139.9153788,0.0,0.0,0.0,0.0,0.0,139.9153788,0.0,0.0,0.0,0.0,0.0,139.9153788,0.0,0.0,0.0,0.0,0.0,139.9153788,0.0,0.0,0.0,0.0,0.0,139.9153788,0.0,0.0,0.0,0.0,0.0,139.9153788,0.0,0.0,0.0,0.0,0.0,139.9153788,0.0,0.0,0.0,0.0,0.0
diverse_rec,ml20_lambda0,0.0,movielens_sample20of200_lambda0,20,2,18,147.0812787,147.0812787,147.0812787,102.7709443,1,6.46416669,solved (0.1 s),solved (0.0 s),0,0,opt,147.0812787,0.0,0.0,0.0,0.0,0.0,147.0812787,0.0,0.0,0.0,0.0,0.0,147.08127867496793,0.0,0.0,0.0,0.0,0.0,147.0812786749679,0.0,0.0,0.0,0.0,0.0,147.0812787,0.0,0.0,0.0,0.0,0.0,147.0812787,0.0,0.0,0.0,0.0,0.0,147.0812787,0.0,0.0,0.0,0.0,0.0,147.0812787,0.0,0.0,0.0,0.0,0.0,147.0812787,0.0,0.0,0.0,0.0,0.0,147.0812787,0.0,0.0,0.0,0.0,0.0,147.0812787,0.0,0.0,0.0,0.0,0.0
diverse_rec,ml20_lambda0,0.0,movielens_sample20of200_lambda0,20,2,19,153.9079822,153.9079822,153.9079822,102.5847933,1,6.46416669,solved (0.1 s),solved (0.0 s),0,0,opt,153.9079822,0.0,0.0,0.0,0.0,0.0,153.9079822,0.0,0.0,0.0,0.0,0.0,153.90798218383887,0.0,0.0,0.0,0.0,0.0,153.90798218383884,0.0,0.0,0.0,0.0,0.0,153.9079822,0.0,0.0,0.0,0.0,0.0,153.9079822,0.0,0.0,0.0,0.0,0.0,153.9079822,0.0,0.0,0.0,0.0,0.0,153.9079822,0.0,0.0,0.0,0.0,0.0,153.9079822,0.0,0.0,0.0,0.0,0.0,153.9079822,0.0,0.0,0.0,0.0,0.0,153.9079822,0.0,0.0,0.0,0.0,0.0
diverse_rec,ml20_lambda0,0.0,movielens_sample20of200_lambda0,20,2,20,160.3721489,160.3721489,160.3721489,102.8451022,1,6.46416669,solved (0.1 s),solved (0.0 s),0,0,opt,160.3721489,0.0,0.0,0.0,0.0,0.0,160.3721489,0.0,0.0,0.0,0.0,0.0,160.37214887347452,0.0,0.0,0.0,0.0,0.0,160.3721488734745,0.0,0.0,0.0,0.0,0.0,160.37214883,0.0,0.0,0.0,0.0,0.0,160.3721489,0.0,0.0,0.0,0.0,0.0,160.3721489,0.0,0.0,0.0,0.0,0.0,160.3721489,0.0,0.0,0.0,0.0,0.0,160.3721489,0.0,0.0,0.0,0.0,0.0,160.3721489,0.0,0.0,0.0,0.0,0.0,160.3721489,0.0,0.0,0.0,0.0,0.0
diverse_rec,ml20_lambda0,0.0,movielens_sample20of200_lambda0,20,3,1,9.244091739,9.244091739,9.244091739,9.244091739,1,6.727611612,solved (0.0 s),solved (0.0 s),0,0,opt,9.244091739,0.0,0.0,0.0,0.0,0.0,9.244091739,0.0,0.0,0.0,0.0,0.0,9.244091738758309,0.0,0.0,0.0,0.0,0.0,9.244091738758309,0.0,0.0,0.0,0.0,0.0,9.244091739,0.0,0.0,0.0,0.0,0.0,9.244091739,0.0,0.0,0.0,0.0,0.0,9.244091739,0.0,0.0,0.0,0.0,0.0,9.244091739,0.0,0.0,0.0,0.0,0.0,9.244091739,0.0,0.0,0.0,0.0,0.0,9.244091739,0.0,0.0,0.0,0.0,0.0,9.244091739,0.0,0.0,0.0,0.0,0.0
diverse_rec,ml20_lambda0,0.0,movielens_sample20of200_lambda0,20,3,2,17.84457711,17.84457711,17.84457711,17.61692046,1,6.727611612,solved (0.0 s),solved (0.0 s),0,0,opt,17.84457711,0.0,0.0,0.0,0.0,0.0,17.84457711,0.0,0.0,0.0,0.0,0.0,17.84457711381637,0.0,0.0,0.0,0.0,0.0,17.84457711381637,0.0,0.0,0.0,0.0,0.0,17.84457711,0.0,0.0,0.0,0.0,0.0,17.84457711,0.0,0.0,0.0,0.0,0.0,17.84457711,0.0,0.0,0.0,0.0,0.0,17.84457711,0.0,0.0,0.0,0.0,0.0,17.84457711,0.0,0.0,0.0,0.0,0.0,17.84457711,0.0,0.0,0.0,0.0,0.0,17.84457711,0.0,0.0,0.0,0.0,0.0
diverse_rec,ml20_lambda0,0.0,movielens_sample20of200_lambda0,20,3,3,26.32466529,26.32466529,26.32466529,25.89245862,1,6.727611612,solved (0.0 s),solved (0.0 s),0,0,opt,26.32466529,0.0,0.0,0.0,0.0,0.0,26.32466529,0.0,0.0,0.0,0.0,0.0,26.324665287440318,0.0,0.0,0.0,0.0,0.0,26.324665287440315,0.0,0.0,0.0,0.0,0.0,26.32466529,0.0,0.0,0.0,0.0,0.0,26.32466529,0.0,0.0,0.0,0.0,0.0,26.32466529,0.0,0.0,0.0,0.0,0.0,26.32466529,0.0,0.0,0.0,0.0,0.0,26.32466529,0.0,0.0,0.0,0.0,0.0,26.32466529,0.0,0.0,0.0,0.0,0.0,26.32466529,0.0,0.0,0.0,0.0,0.0
diverse_rec,ml20_lambda0,0.0,movielens_sample20of200_lambda0,20,3,4,34.62498615,34.62498615,34.62498615,34.02580067,1,6.727611612,solved (0.0 s),solved (0.0 s),0,0,opt,34.62498615,0.0,0.0,0.0,0.0,0.0,34.62498615,0.0,0.0,0.0,0.0,0.0,34.6249861548086,0.0,0.0,0.0,0.0,0.0,34.624986154808596,0.0,0.0,0.0,0.0,0.0,34.62498615,0.0,0.0,0.0,0.0,0.0,34.62498615,0.0,0.0,0.0,0.0,0.0,34.62498615,0.0,0.0,0.0,0.0,0.0,34.62498615,0.0,0.0,0.0,0.0,0.0,34.62498615,0.0,0.0,0.0,0.0,0.0,34.62498615,0.0,0.0,0.0,0.0,0.0,34.62498615,0.0,0.0,0.0,0.0,0.0
diverse_rec,ml20_lambda0,0.0,movielens_sample20of200_lambda0,20,3,5,42.88765285,42.88765285,42.88765285,41.97833892,1,6.727611612,solved (0.0 s),solved (0.0 s),0,0,opt,42.88765285,0.0,0.0,0.0,0.0,0.0,42.88765285,0.0,0.0,0.0,0.0,0.0,42.887652854455865,0.0,0.0,0.0,0.0,0.0,42.88765285445586,0.0,0.0,0.0,0.0,0.0,42.88765285,0.0,0.0,0.0,0.0,0.0,42.88765285,0.0,0.0,0.0,0.0,0.0,42.88765285,0.0,0.0,0.0,0.0,0.0,42.88765285,0.0,0.0,0.0,0.0,0.0,42.88765285,0.0,0.0,0.0,0.0,0.0,42.88765285,0.0,0.0,0.0,0.0,0.0,42.88765285,0.0,0.0,0.0,0.0,0.0
diverse_rec,ml20_lambda0,0.0,movielens_sample20of200_lambda0,20,3,6,51.10512317,51.10512317,51.10512317,49.81871699,1,6.727611612,solved (0.0 s),solved (0.0 s),0,0,opt,51.10512317,0.0,0.0,0.0,0.0,0.0,51.10512317,0.0,0.0,0.0,0.0,0.0,51.10512317226399,0.0,0.0,0.0,0.0,0.0,51.10512317226399,0.0,0.0,0.0,0.0,0.0,51.10512317,0.0,0.0,0.0,0.0,0.0,51.10512317,0.0,0.0,0.0,0.0,0.0,51.10512317,0.0,0.0,0.0,0.0,0.0,51.10512317,0.0,0.0,0.0,0.0,0.0,51.10512317,0.0,0.0,0.0,0.0,0.0,51.10512317,0.0,0.0,0.0,0.0,0.0,51.10512317,0.0,0.0,0.0,0.0,0.0
diverse_rec,ml20_lambda0,0.0,movielens_sample20of200_lambda0,20,3,7,59.01226582,59.01226582,59.01226582,57.55940852,1,6.727611612,solved (0.0 s),solved (0.0 s),0,0,opt,59.01226582,0.0,0.0,0.0,0.0,0.0,59.01226582,0.0,0.0,0.0,0.0,0.0,59.01226581515078,0.0,0.0,0.0,0.0,0.0,59.01226581515078,0.0,0.0,0.0,0.0,0.0,59.01226582,0.0,0.0,0.0,0.0,0.0,59.01226582,0.0,0.0,0.0,0.0,0.0,59.01226582,0.0,0.0,0.0,0.0,0.0,59.01226582,0.0,0.0,0.0,0.0,0.0,59.01226582,0.0,0.0,0.0,0.0,0.0,59.01226582,0.0,0.0,0.0,0.0,0.0,59.01226582,0.0,0.0,0.0,0.0,0.0
diverse_rec,ml20_lambda0,0.0,movielens_sample20of200_lambda0,20,3,8,66.90213789,66.90213789,66.90213789,65.23990056,1,6.727611612,solved (0.0 s),solved (0.0 s),0,0,opt,66.90213789,0.0,0.0,0.0,0.0,0.0,66.90213789,0.0,0.0,0.0,0.0,0.0,66.90213788865779,0.0,0.0,0.0,0.0,0.0,66.90213788865779,0.0,0.0,0.0,0.0,0.0,66.90213789,0.0,0.0,0.0,0.0,0.0,66.90213789,0.0,0.0,0.0,0.0,0.0,66.90213789,0.0,0.0,0.0,0.0,0.0,66.90213789,0.0,0.0,0.0,0.0,0.0,66.90213789,0.0,0.0,0.0,0.0,0.0,66.90213789,0.0,0.0,0.0,0.0,0.0,66.90213789,0.0,0.0,0.0,0.0,0.0
diverse_rec,ml20_lambda0,0.0,movielens_sample20of200_lambda0,20,3,9,74.77194346,74.77194346,74.77194346,72.95882812,1,6.727611612,solved (0.0 s),solved (0.0 s),0,0,opt,74.77194346,0.0,0.0,0.0,0.0,0.0,74.77194346,0.0,0.0,0.0,0.0,0.0,74.77194345581148,0.0,0.0,0.0,0.0,0.0,74.77194345581148,0.0,0.0,0.0,0.0,0.0,74.77194346,0.0,0.0,0.0,0.0,0.0,74.77194346,0.0,0.0,0.0,0.0,0.0,74.77194346,0.0,0.0,0.0,0.0,0.0,74.77194346,0.0,0.0,0.0,0.0,0.0,74.77194346,0.0,0.0,0.0,0.0,0.0,74.77194346,0.0,0.0,0.0,0.0,0.0,74.77194346,0.0,0.0,0.0,0.0,0.0
diverse_rec,ml20_lambda0,0.0,movielens_sample20of200_lambda0,20,3,10,82.62266917,82.62266917,82.62266917,80.48654383,1,6.727611612,solved (0.0 s),solved (0.0 s),0,0,opt,82.62266917,0.0,0.0,0.0,0.0,0.0,82.62266917,0.0,0.0,0.0,0.0,0.0,82.62266916757146,0.0,0.0,0.0,0.0,0.0,82.62266916757146,0.0,0.0,0.0,0.0,0.0,82.62266917,0.0,0.0,0.0,0.0,0.0,82.62266917,0.0,0.0,0.0,0.0,0.0,82.62266917,0.0,0.0,0.0,0.0,0.0,82.62266917,0.0,0.0,0.0,0.0,0.0,82.62266917,0.0,0.0,0.0,0.0,0.0,82.62266917,0.0,0.0,0.0,0.0,0.0,82.62266917,0.0,0.0,0.0,0.0,0.0
diverse_rec,ml20_lambda0,0.0,movielens_sample20of200_lambda0,20,3,11,90.43607374,90.43607374,90.43607374,87.23271489,1,6.727611612,solved (0.0 s),solved (0.0 s),0,0,opt,90.43607374,0.0,0.0,0.0,0.0,0.0,90.43607374,0.0,0.0,0.0,0.0,0.0,90.43607374461837,0.0,0.0,0.0,0.0,0.0,90.43607374461838,0.0,0.0,0.0,0.0,0.0,90.43607374,0.0,0.0,0.0,0.0,0.0,90.43607374,0.0,0.0,0.0,0.0,0.0,90.43607374,0.0,0.0,0.0,0.0,0.0,90.43607374,0.0,0.0,0.0,0.0,0.0,90.43607374,0.0,0.0,0.0,0.0,0.0,90.43607374,0.0,0.0,0.0,0.0,0.0,90.43607374,0.0,0.0,0.0,0.0,0.0
diverse_rec,ml20_lambda0,0.0,movielens_sample20of200_lambda0,20,3,12,98.1019851,98.1019851,98.1019851,91.53090845,1,6.727611612,solved (0.0 s),solved (0.0 s),0,0,opt,98.1019851,0.0,0.0,0.0,0.0,0.0,98.1019851,0.0,0.0,0.0,0.0,0.0,98.10198509546854,0.0,0.0,0.0,0.0,0.0,98.10198509546855,0.0,0.0,0.0,0.0,0.0,98.1019851,0.0,0.0,0.0,0.0,0.0,98.1019851,0.0,0.0,0.0,0.0,0.0,98.1019851,0.0,0.0,0.0,0.0,0.0,98.1019851,0.0,0.0,0.0,0.0,0.0,98.1019851,0.0,0.0,0.0,0.0,0.0,98.1019851,0.0,0.0,0.0,0.0,0.0,98.1019851,0.0,0.0,0.0,0.0,0.0
diverse_rec,ml20_lambda0,0.0,movielens_sample20of200_lambda0,20,3,13,105.761421,105.761421,105.761421,94.70307546,1,6.727611612,solved (0.0 s),solved (0.0 s),0,0,opt,105.761421,0.0,0.0,0.0,0.0,0.0,105.761421,0.0,0.0,0.0,0.0,0.0,105.76142098717679,0.0,0.0,0.0,0.0,0.0,105.76142098717679,0.0,0.0,0.0,0.0,0.0,105.761421,0.0,0.0,0.0,0.0,0.0,105.761421,0.0,0.0,0.0,0.0,0.0,105.761421,0.0,0.0,0.0,0.0,0.0,105.761421,0.0,0.0,0.0,0.0,0.0,105.761421,0.0,0.0,0.0,0.0,0.0,105.761421,0.0,0.0,0.0,0.0,0.0,105.761421,0.0,0.0,0.0,0.0,0.0
diverse_rec,ml20_lambda0,0.0,movielens_sample20of200_lambda0,20,3,14,113.4097197,113.4097197,113.4097197,96.69813104,1,6.727611612,solved (0.0 s),solved (0.0 s),0,0,opt,113.4097197,0.0,0.0,0.0,0.0,0.0,113.4097197,0.0,0.0,0.0,0.0,0.0,113.40971971683399,0.0,0.0,0.0,0.0,0.0,113.40971971683399,0.0,0.0,0.0,0.0,0.0,113.4097197,0.0,0.0,0.0,0.0,0.0,113.4097197,0.0,0.0,0.0,0.0,0.0,113.4097197,0.0,0.0,0.0,0.0,0.0,113.4097197,0.0,0.0,0.0,0.0,0.0,113.4097197,0.0,0.0,0.0,0.0,0.0,113.4097197,0.0,0.0,0.0,0.0,0.0,113.4097197,0.0,0.0,0.0,0.0,0.0
diverse_rec,ml20_lambda0,0.0,movielens_sample20of200_lambda0,20,3,15,121.0426272,121.0426272,121.0426272,98.70644996,1,6.727611612,solved (0.0 s),solved (0.0 s),0,0,opt,121.0426272,0.0,0.0,0.0,0.0,0.0,121.0426272,0.0,0.0,0.0,0.0,0.0,121.04262718172879,0.0,0.0,0.0,0.0,0.0,121.0426271817288,0.0,0.0,0.0,0.0,0.0,121.0426272,0.0,0.0,0.0,0.0,0.0,121.0426272,0.0,0.0,0.0,0.0,0.0,121.0426272,0.0,0.0,0.0,0.0,0.0,121.0426272,0.0,0.0,0.0,0.0,0.0,121.0426272,0.0,0.0,0.0,0.0,0.0,121.0426272,0.0,0.0,0.0,0.0,0.0,121.0426272,0.0,0.0,0.0,0.0,0.0
diverse_rec,ml20_lambda0,0.0,movielens_sample20of200_lambda0,20,3,16,128.6740889,128.6740889,128.6740889,99.95075063,1,6.727611612,solved (0.0 s),solved (0.0 s),0,0,opt,128.6740889,0.0,0.0,0.0,0.0,0.0,128.6740889,0.0,0.0,0.0,0.0,0.0,128.67408890462778,0.0,0.0,0.0,0.0,0.0,128.67408890462775,0.0,0.0,0.0,0.0,0.0,128.6740889,0.0,0.0,0.0,0.0,0.0,128.6740889,0.0,0.0,0.0,0.0,0.0,128.6740889,0.0,0.0,0.0,0.0,0.0,128.6740889,0.0,0.0,0.0,0.0,0.0,128.6740889,0.0,0.0,0.0,0.0,0.0,128.6740889,0.0,0.0,0.0,0.0,0.0,128.6740889,0.0,0.0,0.0,0.0,0.0
diverse_rec,ml20_lambda0,0.0,movielens_sample20of200_lambda0,20,3,17,136.2618694,136.2618694,136.2618694,100.2902426,1,6.727611612,solved (0.0 s),solved (0.0 s),0,0,opt,136.2618694,0.0,0.0,0.0,0.0,0.0,136.2618694,0.0,0.0,0.0,0.0,0.0,136.26186940451854,0.0,0.0,0.0,0.0,0.0,136.26186940451854,0.0,0.0,0.0,0.0,0.0,136.2618694,0.0,0.0,0.0,0.0,0.0,136.2618694,0.0,0.0,0.0,0.0,0.0,136.2618694,0.0,0.0,0.0,0.0,0.0,136.2618694,0.0,0.0,0.0,0.0,0.0,136.2618694,0.0,0.0,0.0,0.0,0.0,136.2618694,0.0,0.0,0.0,0.0,0.0,136.2618694,0.0,0.0,0.0,0.0,0.0
diverse_rec,ml20_lambda0,0.0,movielens_sample20of200_lambda0,20,3,18,143.8323232,143.8323232,143.8323232,101.2833067,1,6.727611612,solved (0.0 s),solved (0.0 s),0,0,opt,143.8323232,0.0,0.0,0.0,0.0,0.0,143.8323232,0.0,0.0,0.0,0.0,0.0,143.8323232031931,0.0,0.0,0.0,0.0,0.0,143.8323232031931,0.0,0.0,0.0,0.0,0.0,143.8323232,0.0,0.0,0.0,0.0,0.0,143.8323232,0.0,0.0,0.0,0.0,0.0,143.8323232,0.0,0.0,0.0,0.0,0.0,143.8323232,0.0,0.0,0.0,0.0,0.0,143.8323232,0.0,0.0,0.0,0.0,0.0,143.8323232,0.0,0.0,0.0,0.0,0.0,143.8323232,0.0,0.0,0.0,0.0,0.0
diverse_rec,ml20_lambda0,0.0,movielens_sample20of200_lambda0,20,3,19,150.7682678,150.7682678,150.7682678,100.8373449,1,6.727611612,solved (0.0 s),solved (0.0 s),0,0,opt,150.7682678,0.0,0.0,0.0,0.0,0.0,150.7682678,0.0,0.0,0.0,0.0,0.0,150.76826783339112,0.0,0.0,0.0,0.0,0.0,150.76826783339112,0.0,0.0,0.0,0.0,0.0,150.7682678,0.0,0.0,0.0,0.0,0.0,150.7682678,0.0,0.0,0.0,0.0,0.0,150.7682678,0.0,0.0,0.0,0.0,0.0,150.7682678,0.0,0.0,0.0,0.0,0.0,150.7682678,0.0,0.0,0.0,0.0,0.0,150.7682678,0.0,0.0,0.0,0.0,0.0,150.7682678,0.0,0.0,0.0,0.0,0.0
diverse_rec,ml20_lambda0,0.0,movielens_sample20of200_lambda0,20,3,20,157.4958794,157.4958794,157.4958794,101.269505,1,6.727611612,solved (0.0 s),solved (0.0 s),0,0,opt,157.4958794,0.0,0.0,0.0,0.0,0.0,157.4958794,0.0,0.0,0.0,0.0,0.0,157.49587944501945,0.0,0.0,0.0,0.0,0.0,157.49587944501948,0.0,0.0,0.0,0.0,0.0,157.4958794,0.0,0.0,0.0,0.0,0.0,157.4958794,0.0,0.0,0.0,0.0,0.0,157.4958794,0.0,0.0,0.0,0.0,0.0,157.4958794,0.0,0.0,0.0,0.0,0.0,157.4958794,0.0,0.0,0.0,0.0,0.0,157.4958794,0.0,0.0,0.0,0.0,0.0,157.4958794,0.0,0.0,0.0,0.0,0.0
diverse_rec,ml20_lambda0,0.0,movielens_sample20of200_lambda0,20,4,1,9.433471541,9.433471541,9.433471541,9.433471541,1,7.405558087,solved (0.0 s),solved (0.0 s),0,0,opt,9.433471541,0.0,0.0,0.0,0.0,0.0,9.433471541,0.0,0.0,0.0,0.0,0.0,9.43347154122702,0.0,0.0,0.0,0.0,0.0,9.43347154122702,0.0,0.0,0.0,0.0,0.0,9.433471541,0.0,0.0,0.0,0.0,0.0,9.433471541,0.0,0.0,0.0,0.0,0.0,9.433471541,0.0,0.0,0.0,0.0,0.0,9.433471541,0.0,0.0,0.0,0.0,0.0,9.433471541,0.0,0.0,0.0,0.0,0.0,9.433471541,0.0,0.0,0.0,0.0,0.0,9.433471541,0.0,0.0,0.0,0.0,0.0
diverse_rec,ml20_lambda0,0.0,movielens_sample20of200_lambda0,20,4,2,18.82276312,18.82276312,18.82276312,18.77307986,1,7.405558087,solved (0.0 s),solved (0.0 s),0,0,opt,18.82276312,0.0,0.0,0.0,0.0,0.0,18.82276312,0.0,0.0,0.0,0.0,0.0,18.822763118220756,0.0,0.0,0.0,0.0,0.0,18.822763118220756,0.0,0.0,0.0,0.0,0.0,18.82276312,0.0,0.0,0.0,0.0,0.0,18.82276312,0.0,0.0,0.0,0.0,0.0,18.82276312,0.0,0.0,0.0,0.0,0.0,18.82276312,0.0,0.0,0.0,0.0,0.0,18.82276312,0.0,0.0,0.0,0.0,0.0,18.82276312,0.0,0.0,0.0,0.0,0.0,18.82276312,0.0,0.0,0.0,0.0,0.0
diverse_rec,ml20_lambda0,0.0,movielens_sample20of200_lambda0,20,4,3,28.13204601,28.13204601,28.13204601,27.84268812,1,7.405558087,solved (0.0 s),solved (0.0 s),0,0,opt,28.13204601,0.0,0.0,0.0,0.0,0.0,28.13204601,0.0,0.0,0.0,0.0,0.0,28.132046006077722,0.0,0.0,0.0,0.0,0.0,28.132046006077722,0.0,0.0,0.0,0.0,0.0,28.13204601,0.0,0.0,0.0,0.0,0.0,28.13204601,0.0,0.0,0.0,0.0,0.0,28.13204601,0.0,0.0,0.0,0.0,0.0,28.13204601,0.0,0.0,0.0,0.0,0.0,28.13204601,0.0,0.0,0.0,0.0,0.0,28.13204601,0.0,0.0,0.0,0.0,0.0,28.13204601,0.0,0.0,0.0,0.0,0.0
diverse_rec,ml20_lambda0,0.0,movielens_sample20of200_lambda0,20,4,4,37.28826254,37.28826254,37.28826254,36.70025622,1,7.405558087,solved (0.0 s),solved (0.0 s),0,0,opt,37.28826254,0.0,0.0,0.0,0.0,0.0,37.28826254,0.0,0.0,0.0,0.0,0.0,37.28826253754555,0.0,0.0,0.0,0.0,0.0,37.28826253754555,0.0,0.0,0.0,0.0,0.0,37.28826254,0.0,0.0,0.0,0.0,0.0,37.28826254,0.0,0.0,0.0,0.0,0.0,37.28826254,0.0,0.0,0.0,0.0,0.0,37.28826254,0.0,0.0,0.0,0.0,0.0,37.28826254,0.0,0.0,0.0,0.0,0.0,37.28826254,0.0,0.0,0.0,0.0,0.0,37.28826254,0.0,0.0,0.0,0.0,0.0
diverse_rec,ml20_lambda0,0.0,movielens_sample20of200_lambda0,20,4,5,46.17982962,46.17982962,46.17982962,45.49975661,1,7.405558087,solved (0.0 s),solved (0.0 s),0,0,opt,46.17982962,0.0,0.0,0.0,0.0,0.0,46.17982962,0.0,0.0,0.0,0.0,0.0,46.179829623952635,0.0,0.0,0.0,0.0,0.0,46.17982962395263,0.0,0.0,0.0,0.0,0.0,46.17982962,0.0,0.0,0.0,0.0,0.0,46.17982962,0.0,0.0,0.0,0.0,0.0,46.17982962,0.0,0.0,0.0,0.0,0.0,46.17982962,0.0,0.0,0.0,0.0,0.0,46.17982962,0.0,0.0,0.0,0.0,0.0,46.17982962,0.0,0.0,0.0,0.0,0.0,46.17982962,0.0,0.0,0.0,0.0,0.0
diverse_rec,ml20_lambda0,0.0,movielens_sample20of200_lambda0,20,4,6,55.02824629,55.02824629,55.02824629,54.22302937,1,7.405558087,solved (0.0 s),solved (0.0 s),0,0,opt,55.02824629,0.0,0.0,0.0,0.0,0.0,55.02824629,0.0,0.0,0.0,0.0,0.0,55.0282462924132,0.0,0.0,0.0,0.0,0.0,55.0282462924132,0.0,0.0,0.0,0.0,0.0,55.02824629,0.0,0.0,0.0,0.0,0.0,55.02824629,0.0,0.0,0.0,0.0,0.0,55.02824629,0.0,0.0,0.0,0.0,0.0,55.02824629,0.0,0.0,0.0,0.0,0.0,55.02824629,0.0,0.0,0.0,0.0,0.0,55.02824629,0.0,0.0,0.0,0.0,0.0,55.02824629,0.0,0.0,0.0,0.0,0.0
diverse_rec,ml20_lambda0,0.0,movielens_sample20of200_lambda0,20,4,7,63.86801473,63.86801473,63.86801473,62.85160193,1,7.405558087,solved (0.0 s),solved (0.0 s),0,0,opt,63.86801473,0.0,0.0,0.0,0.0,0.0,63.86801473,0.0,0.0,0.0,0.0,0.0,63.86801473271137,0.0,0.0,0.0,0.0,0.0,63.86801473271137,0.0,0.0,0.0,0.0,0.0,63.86801473,0.0,0.0,0.0,0.0,0.0,63.86801473,0.0,0.0,0.0,0.0,0.0,63.86801473,0.0,0.0,0.0,0.0,0.0,63.86801473,0.0,0.0,0.0,0.0,0.0,63.86801473,0.0,0.0,0.0,0.0,0.0,63.86801473,0.0,0.0,0.0,0.0,0.0,63.86801473,0.0,0.0,0.0,0.0,0.0
diverse_rec,ml20_lambda0,0.0,movielens_sample20of200_lambda0,20,4,8,72.66120554,72.66120554,72.66120554,71.39341692,1,7.405558087,solved (0.0 s),solved (0.0 s),0,0,opt,72.66120554,0.0,0.0,0.0,0.0,0.0,72.66120554,0.0,0.0,0.0,0.0,0.0,72.66120553804319,0.0,0.0,0.0,0.0,0.0,72.66120553804318,0.0,0.0,0.0,0.0,0.0,72.66120554,0.0,0.0,0.0,0.0,0.0,72.66120554,0.0,0.0,0.0,0.0,0.0,72.66120554,0.0,0.0,0.0,0.0,0.0,72.66120554,0.0,0.0,0.0,0.0,0.0,72.66120554,0.0,0.0,0.0,0.0,0.0,72.66120554,0.0,0.0,0.0,0.0,0.0,72.66120554,0.0,0.0,0.0,0.0,0.0
diverse_rec,ml20_lambda0,0.0,movielens_sample20of200_lambda0,20,4,9,81.41713347,81.41713347,81.41713347,79.6631115,1,7.405558087,solved (0.0 s),solved (0.0 s),0,0,opt,81.41713347,0.0,0.0,0.0,0.0,0.0,81.41713347,0.0,0.0,0.0,0.0,0.0,81.41713346977471,0.0,0.0,0.0,0.0,0.0,81.4171334697747,0.0,0.0,0.0,0.0,0.0,81.41713347,0.0,0.0,0.0,0.0,0.0,81.41713347,0.0,0.0,0.0,0.0,0.0,81.41713347,0.0,0.0,0.0,0.0,0.0,81.41713347,0.0,0.0,0.0,0.0,0.0,81.41713347,0.0,0.0,0.0,0.0,0.0,81.41713347,0.0,0.0,0.0,0.0,0.0,81.41713347,0.0,0.0,0.0,0.0,0.0
diverse_rec,ml20_lambda0,0.0,movielens_sample20of200_lambda0,20,4,10,90.13496085,90.13496085,90.13496085,87.77435961,1,7.405558087,solved (0.0 s),solved (0.0 s),0,0,opt,90.13496085,0.0,0.0,0.0,0.0,0.0,90.13496085,0.0,0.0,0.0,0.0,0.0,90.13496084823525,0.0,0.0,0.0,0.0,0.0,90.13496084823525,0.0,0.0,0.0,0.0,0.0,90.13496085,0.0,0.0,0.0,0.0,0.0,90.13496085,0.0,0.0,0.0,0.0,0.0,90.13496085,0.0,0.0,0.0,0.0,0.0,90.13496085,0.0,0.0,0.0,0.0,0.0,90.13496085,0.0,0.0,0.0,0.0,0.0,90.13496085,0.0,0.0,0.0,0.0,0.0,90.13496085,0.0,0.0,0.0,0.0,0.0
diverse_rec,ml20_lambda0,0.0,movielens_sample20of200_lambda0,20,4,11,98.82773299,98.82773299,98.82773299,94.8696086,1,7.405558087,solved (0.0 s),solved (0.0 s),0,0,opt,98.82773299,0.0,0.0,0.0,0.0,0.0,98.82773299,0.0,0.0,0.0,0.0,0.0,98.82773298987911,0.0,0.0,0.0,0.0,0.0,98.82773298987911,0.0,0.0,0.0,0.0,0.0,98.82773299,0.0,0.0,0.0,0.0,0.0,98.82773299,0.0,0.0,0.0,0.0,0.0,98.82773299,0.0,0.0,0.0,0.0,0.0,98.82773299,0.0,0.0,0.0,0.0,0.0,98.82773299,0.0,0.0,0.0,0.0,0.0,98.82773299,0.0,0.0,0.0,0.0,0.0,98.82773299,0.0,0.0,0.0,0.0,0.0
diverse_rec,ml20_lambda0,0.0,movielens_sample20of200_lambda0,20,4,12,107.3947051,107.3947051,107.3947051,99.84933193,1,7.405558087,solved (0.0 s),solved (0.0 s),0,0,opt,107.3947051,0.0,0.0,0.0,0.0,0.0,107.3947051,0.0,0.0,0.0,0.0,0.0,107.39470514767973,0.0,0.0,0.0,0.0,0.0,107.39470514767973,0.0,0.0,0.0,0.0,0.0,107.3947051,0.0,0.0,0.0,0.0,0.0,107.3947051,0.0,0.0,0.0,0.0,0.0,107.3947051,0.0,0.0,0.0,0.0,0.0,107.3947051,0.0,0.0,0.0,0.0,0.0,107.3947051,0.0,0.0,0.0,0.0,0.0,107.3947051,0.0,0.0,0.0,0.0,0.0,107.3947051,0.0,0.0,0.0,0.0,0.0
diverse_rec,ml20_lambda0,0.0,movielens_sample20of200_lambda0,20,4,13,115.7941022,115.7941022,115.7941022,103.4471907,1,7.405558087,solved (0.0 s),solved (0.0 s),0,0,opt,115.7941022,0.0,0.0,0.0,0.0,0.0,115.7941022,0.0,0.0,0.0,0.0,0.0,115.7941021743489,0.0,0.0,0.0,0.0,0.0,115.7941021743489,0.0,0.0,0.0,0.0,0.0,115.7941022,0.0,0.0,0.0,0.0,0.0,115.7941022,0.0,0.0,0.0,0.0,0.0,115.7941022,0.0,0.0,0.0,0.0,0.0,115.7941022,0.0,0.0,0.0,0.0,0.0,115.7941022,0.0,0.0,0.0,0.0,0.0,115.7941022,0.0,0.0,0.0,0.0,0.0,115.7941022,0.0,0.0,0.0,0.0,0.0
diverse_rec,ml20_lambda0,0.0,movielens_sample20of200_lambda0,20,4,14,124.1647192,124.1647192,124.1647192,105.8066986,1,7.405558087,solved (0.0 s),solved (0.0 s),0,0,opt,124.1647192,0.0,0.0,0.0,0.0,0.0,124.1647192,0.0,0.0,0.0,0.0,0.0,124.16471924411886,0.0,0.0,0.0,0.0,0.0,124.16471924411886,0.0,0.0,0.0,0.0,0.0,124.1647192,0.0,0.0,0.0,0.0,0.0,124.1647192,0.0,0.0,0.0,0.0,0.0,124.1647192,0.0,0.0,0.0,0.0,0.0,124.1647192,0.0,0.0,0.0,0.0,0.0,124.1647192,0.0,0.0,0.0,0.0,0.0,124.1647192,0.0,0.0,0.0,0.0,0.0,124.1647192,0.0,0.0,0.0,0.0,0.0
diverse_rec,ml20_lambda0,0.0,movielens_sample20of200_lambda0,20,4,15,132.4975654,132.4975654,132.4975654,107.1029164,1,7.405558087,solved (0.0 s),solved (0.0 s),0,0,opt,132.4975654,0.0,0.0,0.0,0.0,0.0,132.4975654,0.0,0.0,0.0,0.0,0.0,132.4975654498973,0.0,0.0,0.0,0.0,0.0,132.49756544989734,0.0,0.0,0.0,0.0,0.0,132.4975654,0.0,0.0,0.0,0.0,0.0,132.4975654,0.0,0.0,0.0,0.0,0.0,132.4975654,0.0,0.0,0.0,0.0,0.0,132.4975654,0.0,0.0,0.0,0.0,0.0,132.4975654,0.0,0.0,0.0,0.0,0.0,132.4975654,0.0,0.0,0.0,0.0,0.0,132.4975654,0.0,0.0,0.0,0.0,0.0
diverse_rec,ml20_lambda0,0.0,movielens_sample20of200_lambda0,20,4,16,140.583449,140.583449,140.583449,108.3024761,1,7.405558087,solved (0.0 s),solved (0.0 s),0,0,opt,140.583449,0.0,0.0,0.0,0.0,0.0,140.583449,0.0,0.0,0.0,0.0,0.0,140.58344898355216,0.0,0.0,0.0,0.0,0.0,140.58344898355216,0.0,0.0,0.0,0.0,0.0,140.583449,0.0,0.0,0.0,0.0,0.0,140.583449,0.0,0.0,0.0,0.0,0.0,140.583449,0.0,0.0,0.0,0.0,0.0,140.583449,0.0,0.0,0.0,0.0,0.0,140.583449,0.0,0.0,0.0,0.0,0.0,140.583449,0.0,0.0,0.0,0.0,0.0,140.583449,0.0,0.0,0.0,0.0,0.0
diverse_rec,ml20_lambda0,0.0,movielens_sample20of200_lambda0,20,4,17,148.3795346,148.3795346,148.3795346,108.8862551,1,7.405558087,solved (0.0 s),solved (0.0 s),0,0,opt,148.3795346,0.0,0.0,0.0,0.0,0.0,148.3795346,0.0,0.0,0.0,0.0,0.0,148.379534640017,0.0,0.0,0.0,0.0,0.0,148.37953464001703,0.0,0.0,0.0,0.0,0.0,148.3795346,0.0,0.0,0.0,0.0,0.0,148.3795346,0.0,0.0,0.0,0.0,0.0,148.3795346,0.0,0.0,0.0,0.0,0.0,148.3795346,0.0,0.0,0.0,0.0,0.0,148.3795346,0.0,0.0,0.0,0.0,0.0,148.3795346,0.0,0.0,0.0,0.0,0.0,148.3795346,0.0,0.0,0.0,0.0,0.0
diverse_rec,ml20_lambda0,0.0,movielens_sample20of200_lambda0,20,4,18,156.1596839,156.1596839,156.1596839,109.5470529,1,7.405558087,solved (0.0 s),solved (0.0 s),0,0,opt,156.1596839,0.0,0.0,0.0,0.0,0.0,156.1596839,0.0,0.0,0.0,0.0,0.0,156.15968391483338,0.0,0.0,0.0,0.0,0.0,156.1596839148334,0.0,0.0,0.0,0.0,0.0,156.1596839,0.0,0.0,0.0,0.0,0.0,156.1596839,0.0,0.0,0.0,0.0,0.0,156.1596839,0.0,0.0,0.0,0.0,0.0,156.1596839,0.0,0.0,0.0,0.0,0.0,156.1596839,0.0,0.0,0.0,0.0,0.0,156.1596839,0.0,0.0,0.0,0.0,0.0,156.1596839,0.0,0.0,0.0,0.0,0.0
diverse_rec,ml20_lambda0,0.0,movielens_sample20of200_lambda0,20,4,19,163.8059536,163.8059536,163.8059536,109.8598017,1,7.405558087,solved (0.0 s),solved (0.0 s),0,0,opt,163.8059536,0.0,0.0,0.0,0.0,0.0,163.8059536,0.0,0.0,0.0,0.0,0.0,163.80595357463034,0.0,0.0,0.0,0.0,0.0,163.8059535746303,0.0,0.0,0.0,0.0,0.0,163.8059536,0.0,0.0,0.0,0.0,0.0,163.8059536,0.0,0.0,0.0,0.0,0.0,163.8059536,0.0,0.0,0.0,0.0,0.0,163.8059536,0.0,0.0,0.0,0.0,0.0,163.8059536,0.0,0.0,0.0,0.0,0.0,163.8059536,0.0,0.0,0.0,0.0,0.0,163.8059536,0.0,0.0,0.0,0.0,0.0
diverse_rec,ml20_lambda0,0.0,movielens_sample20of200_lambda0,20,4,20,171.2115117,171.2115117,171.2115117,110.2381256,1,7.405558087,solved (0.0 s),solved (0.0 s),0,0,opt,171.2115117,0.0,0.0,0.0,0.0,0.0,171.2115117,0.0,0.0,0.0,0.0,0.0,171.2115116611868,0.0,0.0,0.0,0.0,0.0,171.21151166118682,0.0,0.0,0.0,0.0,0.0,171.21151161,0.0,0.0,0.0,0.0,0.0,171.2115117,0.0,0.0,0.0,0.0,0.0,171.2115117,0.0,0.0,0.0,0.0,0.0,171.2115117,0.0,0.0,0.0,0.0,0.0,171.2115117,0.0,0.0,0.0,0.0,0.0,171.2115117,0.0,0.0,0.0,0.0,0.0,171.2115117,0.0,0.0,0.0,0.0,0.0
diverse_rec,ml20_lambda0,0.0,movielens_sample20of200_lambda0,20,5,1,9.410784322,9.410784322,9.410784322,9.410784322,1,7.144530705,solved (0.1 s),solved (0.0 s),0,0,opt,9.410784322,0.0,0.0,0.0,0.0,0.0,9.410784322,0.0,0.0,0.0,0.0,0.0,9.410784321534607,0.0,0.0,0.0,0.0,0.0,9.410784321534607,0.0,0.0,0.0,0.0,0.0,9.410784322,0.0,0.0,0.0,0.0,0.0,9.410784322,0.0,0.0,0.0,0.0,0.0,9.410784322,0.0,0.0,0.0,0.0,0.0,9.410784322,0.0,0.0,0.0,0.0,0.0,9.410784322,0.0,0.0,0.0,0.0,0.0,9.410784322,0.0,0.0,0.0,0.0,0.0,9.410784322,0.0,0.0,0.0,0.0,0.0
diverse_rec,ml20_lambda0,0.0,movielens_sample20of200_lambda0,20,5,2,18.65918354,18.65918354,18.65918354,18.58276067,1,7.144530705,solved (0.1 s),solved (0.0 s),0,0,opt,18.65918354,0.0,0.0,0.0,0.0,0.0,18.65918354,0.0,0.0,0.0,0.0,0.0,18.65918354172967,0.0,0.0,0.0,0.0,0.0,18.65918354172967,0.0,0.0,0.0,0.0,0.0,18.65918354,0.0,0.0,0.0,0.0,0.0,18.65918354,0.0,0.0,0.0,0.0,0.0,18.65918354,0.0,0.0,0.0,0.0,0.0,18.65918354,0.0,0.0,0.0,0.0,0.0,18.65918354,0.0,0.0,0.0,0.0,0.0,18.65918354,0.0,0.0,0.0,0.0,0.0,18.65918354,0.0,0.0,0.0,0.0,0.0
diverse_rec,ml20_lambda0,0.0,movielens_sample20of200_lambda0,20,5,3,27.83828171,27.83828171,27.83828171,27.45490534,1,7.144530705,solved (0.1 s),solved (0.0 s),0,0,opt,27.83828171,0.0,0.0,0.0,0.0,0.0,27.83828171,0.0,0.0,0.0,0.0,0.0,27.8382817108448,0.0,0.0,0.0,0.0,0.0,27.838281710844804,0.0,0.0,0.0,0.0,0.0,27.83828171,0.0,0.0,0.0,0.0,0.0,27.83828171,0.0,0.0,0.0,0.0,0.0,27.83828171,0.0,0.0,0.0,0.0,0.0,27.83828171,0.0,0.0,0.0,0.0,0.0,27.83828171,0.0,0.0,0.0,0.0,0.0,27.83828171,0.0,0.0,0.0,0.0,0.0,27.83828171,0.0,0.0,0.0,0.0,0.0
diverse_rec,ml20_lambda0,0.0,movielens_sample20of200_lambda0,20,5,4,36.72792491,36.72792491,36.72792491,36.19963972,1,7.144530705,solved (0.1 s),solved (0.0 s),0,0,opt,36.72792491,0.0,0.0,0.0,0.0,0.0,36.72792491,0.0,0.0,0.0,0.0,0.0,36.72792491141106,0.0,0.0,0.0,0.0,0.0,36.72792491141106,0.0,0.0,0.0,0.0,0.0,36.72792491,0.0,0.0,0.0,0.0,0.0,36.72792491,0.0,0.0,0.0,0.0,0.0,36.72792491,0.0,0.0,0.0,0.0,0.0,36.72792491,0.0,0.0,0.0,0.0,0.0,36.72792491,0.0,0.0,0.0,0.0,0.0,36.72792491,0.0,0.0,0.0,0.0,0.0,36.72792491,0.0,0.0,0.0,0.0,0.0
diverse_rec,ml20_lambda0,0.0,movielens_sample20of200_lambda0,20,5,5,45.50553534,45.50553534,45.50553534,44.86682809,1,7.144530705,solved (0.1 s),solved (0.0 s),0,0,opt,45.50553534,0.0,0.0,0.0,0.0,0.0,45.50553534,0.0,0.0,0.0,0.0,0.0,45.5055353430352,0.0,0.0,0.0,0.0,0.0,45.505535343035206,0.0,0.0,0.0,0.0,0.0,45.50553534,0.0,0.0,0.0,0.0,0.0,45.50553534,0.0,0.0,0.0,0.0,0.0,45.50553534,0.0,0.0,0.0,0.0,0.0,45.50553534,0.0,0.0,0.0,0.0,0.0,45.50553534,0.0,0.0,0.0,0.0,0.0,45.50553534,0.0,0.0,0.0,0.0,0.0,45.50553534,0.0,0.0,0.0,0.0,0.0
diverse_rec,ml20_lambda0,0.0,movielens_sample20of200_lambda0,20,5,6,54.28137416,54.28137416,54.28137416,53.35062803,1,7.144530705,solved (0.1 s),solved (0.0 s),0,0,opt,54.28137416,0.0,0.0,0.0,0.0,0.0,54.28137416,0.0,0.0,0.0,0.0,0.0,54.28137416270192,0.0,0.0,0.0,0.0,0.0,54.28137416270194,0.0,0.0,0.0,0.0,0.0,54.28137416,0.0,0.0,0.0,0.0,0.0,54.28137416,0.0,0.0,0.0,0.0,0.0,54.28137416,0.0,0.0,0.0,0.0,0.0,54.28137416,0.0,0.0,0.0,0.0,0.0,54.28137416,0.0,0.0,0.0,0.0,0.0,54.28137416,0.0,0.0,0.0,0.0,0.0,54.28137416,0.0,0.0,0.0,0.0,0.0
diverse_rec,ml20_lambda0,0.0,movielens_sample20of200_lambda0,20,5,7,63.04468632,63.04468632,63.04468632,61.63848221,1,7.144530705,solved (0.1 s),solved (0.0 s),0,0,opt,63.04468632,0.0,0.0,0.0,0.0,0.0,63.04468632,0.0,0.0,0.0,0.0,0.0,63.0446863181504,0.0,0.0,0.0,0.0,0.0,63.04468631815041,0.0,0.0,0.0,0.0,0.0,63.04468632,0.0,0.0,0.0,0.0,0.0,63.04468632,0.0,0.0,0.0,0.0,0.0,63.04468632,0.0,0.0,0.0,0.0,0.0,63.04468632,0.0,0.0,0.0,0.0,0.0,63.04468632,0.0,0.0,0.0,0.0,0.0,63.04468632,0.0,0.0,0.0,0.0,0.0,63.04468632,0.0,0.0,0.0,0.0,0.0
diverse_rec,ml20_lambda0,0.0,movielens_sample20of200_lambda0,20,5,8,71.6911485,71.6911485,71.6911485,69.65012259,1,7.144530705,solved (0.1 s),solved (0.0 s),0,0,opt,71.6911485,0.0,0.0,0.0,0.0,0.0,71.6911485,0.0,0.0,0.0,0.0,0.0,71.69114849644151,0.0,0.0,0.0,0.0,0.0,71.69114849644151,0.0,0.0,0.0,0.0,0.0,71.6911485,0.0,0.0,0.0,0.0,0.0,71.6911485,0.0,0.0,0.0,0.0,0.0,71.6911485,0.0,0.0,0.0,0.0,0.0,71.6911485,0.0,0.0,0.0,0.0,0.0,71.6911485,0.0,0.0,0.0,0.0,0.0,71.6911485,0.0,0.0,0.0,0.0,0.0,71.6911485,0.0,0.0,0.0,0.0,0.0
diverse_rec,ml20_lambda0,0.0,movielens_sample20of200_lambda0,20,5,9,80.17595613,80.17595613,80.17595613,77.44647298,1,7.144530705,solved (0.1 s),solved (0.0 s),0,0,opt,80.17595613,0.0,0.0,0.0,0.0,0.0,80.17595613,0.0,0.0,0.0,0.0,0.0,80.1759561287836,0.0,0.0,0.0,0.0,0.0,80.1759561287836,0.0,0.0,0.0,0.0,0.0,80.17595613,0.0,0.0,0.0,0.0,0.0,80.17595613,0.0,0.0,0.0,0.0,0.0,80.17595613,0.0,0.0,0.0,0.0,0.0,80.17595613,0.0,0.0,0.0,0.0,0.0,80.17595613,0.0,0.0,0.0,0.0,0.0,80.17595613,0.0,0.0,0.0,0.0,0.0,80.17595613,0.0,0.0,0.0,0.0,0.0
diverse_rec,ml20_lambda0,0.0,movielens_sample20of200_lambda0,20,5,10,88.56752531,88.56752531,88.56752531,85.20017926,1,7.144530705,solved (0.1 s),solved (0.0 s),0,0,opt,88.56752531,0.0,0.0,0.0,0.0,0.0,88.56752531,0.0,0.0,0.0,0.0,0.0,88.56752530967103,0.0,0.0,0.0,0.0,0.0,88.567525309671,0.0,0.0,0.0,0.0,0.0,88.56752531,0.0,0.0,0.0,0.0,0.0,88.56752531,0.0,0.0,0.0,0.0,0.0,88.56752531,0.0,0.0,0.0,0.0,0.0,88.56752531,0.0,0.0,0.0,0.0,0.0,88.56752531,0.0,0.0,0.0,0.0,0.0,88.56752531,0.0,0.0,0.0,0.0,0.0,88.56752531,0.0,0.0,0.0,0.0,0.0
diverse_rec,ml20_lambda0,0.0,movielens_sample20of200_lambda0,20,5,11,96.88649977,96.88649977,96.88649977,91.97049585,1,7.144530705,solved (0.1 s),solved (0.0 s),0,0,opt,96.88649977,0.0,0.0,0.0,0.0,0.0,96.88649977,0.0,0.0,0.0,0.0,0.0,96.88649976791191,0.0,0.0,0.0,0.0,0.0,96.88649976791189,0.0,0.0,0.0,0.0,0.0,96.88649977,0.0,0.0,0.0,0.0,0.0,96.88649977,0.0,0.0,0.0,0.0,0.0,96.88649977,0.0,0.0,0.0,0.0,0.0,96.88649977,0.0,0.0,0.0,0.0,0.0,96.88649977,0.0,0.0,0.0,0.0,0.0,96.88649977,0.0,0.0,0.0,0.0,0.0,96.88649977,0.0,0.0,0.0,0.0,0.0
diverse_rec,ml20_lambda0,0.0,movielens_sample20of200_lambda0,20,5,12,105.0399125,105.0399125,105.0399125,96.69015054,1,7.144530705,solved (0.1 s),solved (0.0 s),0,0,opt,105.0399125,0.0,0.0,0.0,0.0,0.0,105.0399125,0.0,0.0,0.0,0.0,0.0,105.0399125491751,0.0,0.0,0.0,0.0,0.0,105.03991254917509,0.0,0.0,0.0,0.0,0.0,105.0399125,0.0,0.0,0.0,0.0,0.0,105.0399125,0.0,0.0,0.0,0.0,0.0,105.0399125,0.0,0.0,0.0,0.0,0.0,105.0399125,0.0,0.0,0.0,0.0,0.0,105.0399125,0.0,0.0,0.0,0.0,0.0,105.0399125,0.0,0.0,0.0,0.0,0.0,105.0399125,0.0,0.0,0.0,0.0,0.0
diverse_rec,ml20_lambda0,0.0,movielens_sample20of200_lambda0,20,5,13,112.8987786,112.8987786,112.8987786,100.1121099,1,7.144530705,solved (0.1 s),solved (0.0 s),0,0,opt,112.8987786,0.0,0.0,0.0,0.0,0.0,112.8987786,0.0,0.0,0.0,0.0,0.0,112.89877863351349,0.0,0.0,0.0,0.0,0.0,112.89877863351346,0.0,0.0,0.0,0.0,0.0,112.8987786,0.0,0.0,0.0,0.0,0.0,112.8987786,0.0,0.0,0.0,0.0,0.0,112.8987786,0.0,0.0,0.0,0.0,0.0,112.8987786,0.0,0.0,0.0,0.0,0.0,112.8987786,0.0,0.0,0.0,0.0,0.0,112.8987786,0.0,0.0,0.0,0.0,0.0,112.8987786,0.0,0.0,0.0,0.0,0.0
diverse_rec,ml20_lambda0,0.0,movielens_sample20of200_lambda0,20,5,14,120.6820419,120.6820419,120.6820419,102.0770648,1,7.144530705,solved (0.1 s),solved (0.0 s),0,0,opt,120.6820419,0.0,0.0,0.0,0.0,0.0,120.6820419,0.0,0.0,0.0,0.0,0.0,120.68204188475721,0.0,0.0,0.0,0.0,0.0,120.68204188475715,0.0,0.0,0.0,0.0,0.0,120.6820419,0.0,0.0,0.0,0.0,0.0,120.6820419,0.0,0.0,0.0,0.0,0.0,120.6820419,0.0,0.0,0.0,0.0,0.0,120.6820419,0.0,0.0,0.0,0.0,0.0,120.6820419,0.0,0.0,0.0,0.0,0.0,120.6820419,0.0,0.0,0.0,0.0,0.0,120.6820419,0.0,0.0,0.0,0.0,0.0
diverse_rec,ml20_lambda0,0.0,movielens_sample20of200_lambda0,20,5,15,128.4158227,128.4158227,128.4158227,103.8937347,1,7.144530705,solved (0.1 s),solved (0.0 s),0,0,opt,128.4158227,0.0,0.0,0.0,0.0,0.0,128.4158227,0.0,0.0,0.0,0.0,0.0,128.4158227258144,0.0,0.0,0.0,0.0,0.0,128.41582272581437,0.0,0.0,0.0,0.0,0.0,128.4158227,0.0,0.0,0.0,0.0,0.0,128.4158227,0.0,0.0,0.0,0.0,0.0,128.4158227,0.0,0.0,0.0,0.0,0.0,128.4158227,0.0,0.0,0.0,0.0,0.0,128.4158227,0.0,0.0,0.0,0.0,0.0,128.4158227,0.0,0.0,0.0,0.0,0.0,128.4158227,0.0,0.0,0.0,0.0,0.0
diverse_rec,ml20_lambda0,0.0,movielens_sample20of200_lambda0,20,5,16,136.0211786,136.0211786,136.0211786,104.9329411,1,7.144530705,solved (0.1 s),solved (0.0 s),0,0,opt,136.0211786,0.0,0.0,0.0,0.0,0.0,136.0211786,0.0,0.0,0.0,0.0,0.0,136.02117856747233,0.0,0.0,0.0,0.0,0.0,136.0211785674723,0.0,0.0,0.0,0.0,0.0,136.0211786,0.0,0.0,0.0,0.0,0.0,136.0211786,0.0,0.0,0.0,0.0,0.0,136.0211786,0.0,0.0,0.0,0.0,0.0,136.0211786,0.0,0.0,0.0,0.0,0.0,136.0211786,0.0,0.0,0.0,0.0,0.0,136.0211786,0.0,0.0,0.0,0.0,0.0,136.0211786,0.0,0.0,0.0,0.0,0.0
diverse_rec,ml20_lambda0,0.0,movielens_sample20of200_lambda0,20,5,17,143.5592348,143.5592348,143.5592348,105.6802408,1,7.144530705,solved (0.1 s),solved (0.0 s),0,0,opt,143.5592348,0.0,0.0,0.0,0.0,0.0,143.5592348,0.0,0.0,0.0,0.0,0.0,143.5592348085544,0.0,0.0,0.0,0.0,0.0,143.55923480855438,0.0,0.0,0.0,0.0,0.0,143.5592348,0.0,0.0,0.0,0.0,0.0,143.5592348,0.0,0.0,0.0,0.0,0.0,143.5592348,0.0,0.0,0.0,0.0,0.0,143.5592348,0.0,0.0,0.0,0.0,0.0,143.5592348,0.0,0.0,0.0,0.0,0.0,143.5592348,0.0,0.0,0.0,0.0,0.0,143.5592348,0.0,0.0,0.0,0.0,0.0
diverse_rec,ml20_lambda0,0.0,movielens_sample20of200_lambda0,20,5,18,151.0476154,151.0476154,151.0476154,106.694257,1,7.144530705,solved (0.1 s),solved (0.0 s),0,0,opt,151.0476154,0.0,0.0,0.0,0.0,0.0,151.0476154,0.0,0.0,0.0,0.0,0.0,151.04761537450113,0.0,0.0,0.0,0.0,0.0,151.04761537450113,0.0,0.0,0.0,0.0,0.0,151.0476154,0.0,0.0,0.0,0.0,0.0,151.0476154,0.0,0.0,0.0,0.0,0.0,151.0476154,0.0,0.0,0.0,0.0,0.0,151.0476154,0.0,0.0,0.0,0.0,0.0,151.0476154,0.0,0.0,0.0,0.0,0.0,151.0476154,0.0,0.0,0.0,0.0,0.0,151.0476154,0.0,0.0,0.0,0.0,0.0
diverse_rec,ml20_lambda0,0.0,movielens_sample20of200_lambda0,20,5,19,158.3687673,158.3687673,158.3687673,106.4898109,1,7.144530705,solved (0.1 s),solved (0.0 s),0,0,opt,158.3687673,0.0,0.0,0.0,0.0,0.0,158.3687673,0.0,0.0,0.0,0.0,0.0,158.36876733255977,0.0,0.0,0.0,0.0,0.0,158.3687673325597,0.0,0.0,0.0,0.0,0.0,158.3687673,0.0,0.0,0.0,0.0,0.0,158.3687673,0.0,0.0,0.0,0.0,0.0,158.3687673,0.0,0.0,0.0,0.0,0.0,158.3687673,0.0,0.0,0.0,0.0,0.0,158.3687673,0.0,0.0,0.0,0.0,0.0,158.3687673,0.0,0.0,0.0,0.0,0.0,158.3687673,0.0,0.0,0.0,0.0,0.0
diverse_rec,ml20_lambda0,0.0,movielens_sample20of200_lambda0,20,5,20,165.513298,165.513298,165.513298,107.0835323,1,7.144530705,solved (0.1 s),solved (0.0 s),0,0,opt,165.513298,0.0,0.0,0.0,0.0,0.0,165.513298,0.0,0.0,0.0,0.0,0.0,165.51329803781732,0.0,0.0,0.0,0.0,0.0,165.51329803781732,0.0,0.0,0.0,0.0,0.0,165.51329799,0.0,0.0,0.0,0.0,0.0,165.513298,0.0,0.0,0.0,0.0,0.0,165.513298,0.0,0.0,0.0,0.0,0.0,165.513298,0.0,0.0,0.0,0.0,0.0,165.513298,0.0,0.0,0.0,0.0,0.0,165.513298,0.0,0.0,0.0,0.0,0.0,165.513298,0.0,0.0,0.0,0.0,0.0
diverse_rec,ml20_lambda0,0.0,movielens_sample20of200_lambda0,20,6,1,9.66981541,9.66981541,9.66981541,9.66981541,1,7.063322328,solved (0.0 s),solved (0.0 s),0,0,opt,9.66981541,0.0,0.0,0.0,0.0,0.0,9.66981541,0.0,0.0,0.0,0.0,0.0,9.669815410033657,0.0,0.0,0.0,0.0,0.0,9.669815410033657,0.0,0.0,0.0,0.0,0.0,9.66981541,0.0,0.0,0.0,0.0,0.0,9.66981541,0.0,0.0,0.0,0.0,0.0,9.66981541,0.0,0.0,0.0,0.0,0.0,9.66981541,0.0,0.0,0.0,0.0,0.0,9.66981541,0.0,0.0,0.0,0.0,0.0,9.66981541,0.0,0.0,0.0,0.0,0.0,9.66981541,0.0,0.0,0.0,0.0,0.0
diverse_rec,ml20_lambda0,0.0,movielens_sample20of200_lambda0,20,6,2,18.87882394,18.87882394,18.87882394,18.74615333,1,7.063322328,solved (0.0 s),solved (0.0 s),0,0,opt,18.87882394,0.0,0.0,0.0,0.0,0.0,18.87882394,0.0,0.0,0.0,0.0,0.0,18.878823941580485,0.0,0.0,0.0,0.0,0.0,18.878823941580485,0.0,0.0,0.0,0.0,0.0,18.87882394,0.0,0.0,0.0,0.0,0.0,18.87882394,0.0,0.0,0.0,0.0,0.0,18.87882394,0.0,0.0,0.0,0.0,0.0,18.87882394,0.0,0.0,0.0,0.0,0.0,18.87882394,0.0,0.0,0.0,0.0,0.0,18.87882394,0.0,0.0,0.0,0.0,0.0,18.87882394,0.0,0.0,0.0,0.0,0.0
diverse_rec,ml20_lambda0,0.0,movielens_sample20of200_lambda0,20,6,3,28.05406252,28.05406252,28.05406252,27.65924308,1,7.063322328,solved (0.0 s),solved (0.0 s),0,0,opt,28.05406252,0.0,0.0,0.0,0.0,0.0,28.05406252,0.0,0.0,0.0,0.0,0.0,28.05406252004387,0.0,0.0,0.0,0.0,0.0,28.05406252004387,0.0,0.0,0.0,0.0,0.0,28.05406252,0.0,0.0,0.0,0.0,0.0,28.05406252,0.0,0.0,0.0,0.0,0.0,28.05406252,0.0,0.0,0.0,0.0,0.0,28.05406252,0.0,0.0,0.0,0.0,0.0,28.05406252,0.0,0.0,0.0,0.0,0.0,28.05406252,0.0,0.0,0.0,0.0,0.0,28.05406252,0.0,0.0,0.0,0.0,0.0
diverse_rec,ml20_lambda0,0.0,movielens_sample20of200_lambda0,20,6,4,37.00266459,37.00266459,37.00266459,36.49730997,1,7.063322328,solved (0.0 s),solved (0.0 s),0,0,opt,37.00266459,0.0,0.0,0.0,0.0,0.0,37.00266459,0.0,0.0,0.0,0.0,0.0,37.00266458616167,0.0,0.0,0.0,0.0,0.0,37.002664586161664,0.0,0.0,0.0,0.0,0.0,37.00266459,0.0,0.0,0.0,0.0,0.0,37.00266459,0.0,0.0,0.0,0.0,0.0,37.00266459,0.0,0.0,0.0,0.0,0.0,37.00266459,0.0,0.0,0.0,0.0,0.0,37.00266459,0.0,0.0,0.0,0.0,0.0,37.00266459,0.0,0.0,0.0,0.0,0.0,37.00266459,0.0,0.0,0.0,0.0,0.0
diverse_rec,ml20_lambda0,0.0,movielens_sample20of200_lambda0,20,6,5,45.86419347,45.86419347,45.86419347,45.2607929,1,7.063322328,solved (0.0 s),solved (0.0 s),0,0,opt,45.86419347,0.0,0.0,0.0,0.0,0.0,45.86419347,0.0,0.0,0.0,0.0,0.0,45.86419347291681,0.0,0.0,0.0,0.0,0.0,45.86419347291681,0.0,0.0,0.0,0.0,0.0,45.86419347,0.0,0.0,0.0,0.0,0.0,45.86419347,0.0,0.0,0.0,0.0,0.0,45.86419347,0.0,0.0,0.0,0.0,0.0,45.86419347,0.0,0.0,0.0,0.0,0.0,45.86419347,0.0,0.0,0.0,0.0,0.0,45.86419347,0.0,0.0,0.0,0.0,0.0,45.86419347,0.0,0.0,0.0,0.0,0.0
diverse_rec,ml20_lambda0,0.0,movielens_sample20of200_lambda0,20,6,6,54.71235275,54.71235275,54.71235275,53.84957993,1,7.063322328,solved (0.0 s),solved (0.0 s),0,0,opt,54.71235275,0.0,0.0,0.0,0.0,0.0,54.71235275,0.0,0.0,0.0,0.0,0.0,54.71235274756955,0.0,0.0,0.0,0.0,0.0,54.71235274756955,0.0,0.0,0.0,0.0,0.0,54.71235275,0.0,0.0,0.0,0.0,0.0,54.71235275,0.0,0.0,0.0,0.0,0.0,54.71235275,0.0,0.0,0.0,0.0,0.0,54.71235275,0.0,0.0,0.0,0.0,0.0,54.71235275,0.0,0.0,0.0,0.0,0.0,54.71235275,0.0,0.0,0.0,0.0,0.0,54.71235275,0.0,0.0,0.0,0.0,0.0
diverse_rec,ml20_lambda0,0.0,movielens_sample20of200_lambda0,20,6,7,63.51173122,63.51173122,63.51173122,62.20126776,1,7.063322328,solved (0.0 s),solved (0.0 s),0,0,opt,63.51173122,0.0,0.0,0.0,0.0,0.0,63.51173122,0.0,0.0,0.0,0.0,0.0,63.511731215938674,0.0,0.0,0.0,0.0,0.0,63.511731215938674,0.0,0.0,0.0,0.0,0.0,63.51173122,0.0,0.0,0.0,0.0,0.0,63.51173122,0.0,0.0,0.0,0.0,0.0,63.51173122,0.0,0.0,0.0,0.0,0.0,63.51173122,0.0,0.0,0.0,0.0,0.0,63.51173122,0.0,0.0,0.0,0.0,0.0,63.51173122,0.0,0.0,0.0,0.0,0.0,63.51173122,0.0,0.0,0.0,0.0,0.0
diverse_rec,ml20_lambda0,0.0,movielens_sample20of200_lambda0,20,6,8,72.24181602,72.24181602,72.24181602,70.27442463,1,7.063322328,solved (0.0 s),solved (0.0 s),0,0,opt,72.24181602,0.0,0.0,0.0,0.0,0.0,72.24181602,0.0,0.0,0.0,0.0,0.0,72.24181601502917,0.0,0.0,0.0,0.0,0.0,72.24181601502916,0.0,0.0,0.0,0.0,0.0,72.24181602,0.0,0.0,0.0,0.0,0.0,72.24181602,0.0,0.0,0.0,0.0,0.0,72.24181602,0.0,0.0,0.0,0.0,0.0,72.24181602,0.0,0.0,0.0,0.0,0.0,72.24181602,0.0,0.0,0.0,0.0,0.0,72.24181602,0.0,0.0,0.0,0.0,0.0,72.24181602,0.0,0.0,0.0,0.0,0.0
diverse_rec,ml20_lambda0,0.0,movielens_sample20of200_lambda0,20,6,9,80.97109417,80.97109417,80.97109417,78.17163234,1,7.063322328,solved (0.0 s),solved (0.0 s),0,0,opt,80.97109417,0.0,0.0,0.0,0.0,0.0,80.97109417,0.0,0.0,0.0,0.0,0.0,80.97109416570459,0.0,0.0,0.0,0.0,0.0,80.97109416570459,0.0,0.0,0.0,0.0,0.0,80.97109417,0.0,0.0,0.0,0.0,0.0,80.97109417,0.0,0.0,0.0,0.0,0.0,80.97109417,0.0,0.0,0.0,0.0,0.0,80.97109417,0.0,0.0,0.0,0.0,0.0,80.97109417,0.0,0.0,0.0,0.0,0.0,80.97109417,0.0,0.0,0.0,0.0,0.0,80.97109417,0.0,0.0,0.0,0.0,0.0
diverse_rec,ml20_lambda0,0.0,movielens_sample20of200_lambda0,20,6,10,89.38173831,89.38173831,89.38173831,85.92973258,1,7.063322328,solved (0.0 s),solved (0.0 s),0,0,opt,89.38173831,0.0,0.0,0.0,0.0,0.0,89.38173831,0.0,0.0,0.0,0.0,0.0,89.38173831275418,0.0,0.0,0.0,0.0,0.0,89.38173831275417,0.0,0.0,0.0,0.0,0.0,89.38173831,0.0,0.0,0.0,0.0,0.0,89.38173831,0.0,0.0,0.0,0.0,0.0,89.38173831,0.0,0.0,0.0,0.0,0.0,89.38173831,0.0,0.0,0.0,0.0,0.0,89.38173831,0.0,0.0,0.0,0.0,0.0,89.38173831,0.0,0.0,0.0,0.0,0.0,89.38173831,0.0,0.0,0.0,0.0,0.0
diverse_rec,ml20_lambda0,0.0,movielens_sample20of200_lambda0,20,6,11,97.71127676,97.71127676,97.71127676,92.66663134,1,7.063322328,solved (0.0 s),solved (0.0 s),0,0,opt,97.71127676,0.0,0.0,0.0,0.0,0.0,97.71127676,0.0,0.0,0.0,0.0,0.0,97.71127675988349,0.0,0.0,0.0,0.0,0.0,97.71127675988348,0.0,0.0,0.0,0.0,0.0,97.71127676,0.0,0.0,0.0,0.0,0.0,97.71127676,0.0,0.0,0.0,0.0,0.0,97.71127676,0.0,0.0,0.0,0.0,0.0,97.71127676,0.0,0.0,0.0,0.0,0.0,97.71127676,0.0,0.0,0.0,0.0,0.0,97.71127676,0.0,0.0,0.0,0.0,0.0,97.71127676,0.0,0.0,0.0,0.0,0.0
diverse_rec,ml20_lambda0,0.0,movielens_sample20of200_lambda0,20,6,12,106.0136411,106.0136411,106.0136411,97.14804089,1,7.063322328,solved (0.0 s),solved (0.0 s),0,0,opt,106.0136411,0.0,0.0,0.0,0.0,0.0,106.0136411,0.0,0.0,0.0,0.0,0.0,106.01364113068574,0.0,0.0,0.0,0.0,0.0,106.01364113068574,0.0,0.0,0.0,0.0,0.0,106.0136411,0.0,0.0,0.0,0.0,0.0,106.0136411,0.0,0.0,0.0,0.0,0.0,106.0136411,0.0,0.0,0.0,0.0,0.0,106.0136411,0.0,0.0,0.0,0.0,0.0,106.0136411,0.0,0.0,0.0,0.0,0.0,106.0136411,0.0,0.0,0.0,0.0,0.0,106.0136411,0.0,0.0,0.0,0.0,0.0
diverse_rec,ml20_lambda0,0.0,movielens_sample20of200_lambda0,20,6,13,113.9869724,113.9869724,113.9869724,100.5647215,1,7.063322328,solved (0.0 s),solved (0.0 s),0,0,opt,113.9869724,0.0,0.0,0.0,0.0,0.0,113.9869724,0.0,0.0,0.0,0.0,0.0,113.98697243321,0.0,0.0,0.0,0.0,0.0,113.98697243320998,0.0,0.0,0.0,0.0,0.0,113.9869724,0.0,0.0,0.0,0.0,0.0,113.9869724,0.0,0.0,0.0,0.0,0.0,113.9869724,0.0,0.0,0.0,0.0,0.0,113.9869724,0.0,0.0,0.0,0.0,0.0,113.9869724,0.0,0.0,0.0,0.0,0.0,113.9869724,0.0,0.0,0.0,0.0,0.0,113.9869724,0.0,0.0,0.0,0.0,0.0
diverse_rec,ml20_lambda0,0.0,movielens_sample20of200_lambda0,20,6,14,121.9213117,121.9213117,121.9213117,102.9064122,1,7.063322328,solved (0.0 s),solved (0.0 s),0,0,opt,121.9213117,0.0,0.0,0.0,0.0,0.0,121.9213117,0.0,0.0,0.0,0.0,0.0,121.92131173740162,0.0,0.0,0.0,0.0,0.0,121.9213117374016,0.0,0.0,0.0,0.0,0.0,121.9213117,0.0,0.0,0.0,0.0,0.0,121.9213117,0.0,0.0,0.0,0.0,0.0,121.9213117,0.0,0.0,0.0,0.0,0.0,121.9213117,0.0,0.0,0.0,0.0,0.0,121.9213117,0.0,0.0,0.0,0.0,0.0,121.9213117,0.0,0.0,0.0,0.0,0.0,121.9213117,0.0,0.0,0.0,0.0,0.0
diverse_rec,ml20_lambda0,0.0,movielens_sample20of200_lambda0,20,6,15,129.6194044,129.6194044,129.6194044,104.0828597,1,7.063322328,solved (0.0 s),solved (0.0 s),0,0,opt,129.6194044,0.0,0.0,0.0,0.0,0.0,129.6194044,0.0,0.0,0.0,0.0,0.0,129.61940435604365,0.0,0.0,0.0,0.0,0.0,129.61940435604362,0.0,0.0,0.0,0.0,0.0,129.6194044,0.0,0.0,0.0,0.0,0.0,129.6194044,0.0,0.0,0.0,0.0,0.0,129.6194044,0.0,0.0,0.0,0.0,0.0,129.6194044,0.0,0.0,0.0,0.0,0.0,129.6194044,0.0,0.0,0.0,0.0,0.0,129.6194044,0.0,0.0,0.0,0.0,0.0,129.6194044,0.0,0.0,0.0,0.0,0.0
diverse_rec,ml20_lambda0,0.0,movielens_sample20of200_lambda0,20,6,16,137.2580379,137.2580379,137.2580379,105.3254996,1,7.063322328,solved (0.0 s),solved (0.0 s),0,0,opt,137.2580379,0.0,0.0,0.0,0.0,0.0,137.2580379,0.0,0.0,0.0,0.0,0.0,137.25803793844543,0.0,0.0,0.0,0.0,0.0,137.2580379384454,0.0,0.0,0.0,0.0,0.0,137.2580379,0.0,0.0,0.0,0.0,0.0,137.2580379,0.0,0.0,0.0,0.0,0.0,137.2580379,0.0,0.0,0.0,0.0,0.0,137.2580379,0.0,0.0,0.0,0.0,0.0,137.2580379,0.0,0.0,0.0,0.0,0.0,137.2580379,0.0,0.0,0.0,0.0,0.0,137.2580379,0.0,0.0,0.0,0.0,0.0
diverse_rec,ml20_lambda0,0.0,movielens_sample20of200_lambda0,20,6,17,144.787693,144.787693,144.787693,106.4380798,1,7.063322328,solved (0.0 s),solved (0.0 s),0,0,opt,144.787693,0.0,0.0,0.0,0.0,0.0,144.787693,0.0,0.0,0.0,0.0,0.0,144.78769296938435,0.0,0.0,0.0,0.0,0.0,144.7876929693843,0.0,0.0,0.0,0.0,0.0,144.787693,0.0,0.0,0.0,0.0,0.0,144.787693,0.0,0.0,0.0,0.0,0.0,144.787693,0.0,0.0,0.0,0.0,0.0,144.787693,0.0,0.0,0.0,0.0,0.0,144.787693,0.0,0.0,0.0,0.0,0.0,144.787693,0.0,0.0,0.0,0.0,0.0,144.787693,0.0,0.0,0.0,0.0,0.0
diverse_rec,ml20_lambda0,0.0,movielens_sample20of200_lambda0,20,6,18,152.1648252,152.1648252,152.1648252,105.9333057,1,7.063322328,solved (0.0 s),solved (0.0 s),0,0,opt,152.1648252,0.0,0.0,0.0,0.0,0.0,152.1648252,0.0,0.0,0.0,0.0,0.0,152.1648251807188,0.0,0.0,0.0,0.0,0.0,152.1648251807188,0.0,0.0,0.0,0.0,0.0,152.1648252,0.0,0.0,0.0,0.0,0.0,152.1648252,0.0,0.0,0.0,0.0,0.0,152.1648252,0.0,0.0,0.0,0.0,0.0,152.1648252,0.0,0.0,0.0,0.0,0.0,152.1648252,0.0,0.0,0.0,0.0,0.0,152.1648252,0.0,0.0,0.0,0.0,0.0,152.1648252,0.0,0.0,0.0,0.0,0.0
diverse_rec,ml20_lambda0,0.0,movielens_sample20of200_lambda0,20,6,19,159.3863864,159.3863864,159.3863864,106.7658747,1,7.063322328,solved (0.0 s),solved (0.0 s),0,0,opt,159.3863864,0.0,0.0,0.0,0.0,0.0,159.3863864,0.0,0.0,0.0,0.0,0.0,159.38638636591756,0.0,0.0,0.0,0.0,0.0,159.38638636591753,0.0,0.0,0.0,0.0,0.0,159.3863864,0.0,0.0,0.0,0.0,0.0,159.3863864,0.0,0.0,0.0,0.0,0.0,159.3863864,0.0,0.0,0.0,0.0,0.0,159.3863864,0.0,0.0,0.0,0.0,0.0,159.3863864,0.0,0.0,0.0,0.0,0.0,159.3863864,0.0,0.0,0.0,0.0,0.0,159.3863864,0.0,0.0,0.0,0.0,0.0
diverse_rec,ml20_lambda0,0.0,movielens_sample20of200_lambda0,20,6,20,166.4497087,166.4497087,166.4497087,106.9964809,1,7.063322328,solved (0.0 s),solved (0.0 s),0,0,opt,166.4497087,0.0,0.0,0.0,0.0,0.0,166.4497087,0.0,0.0,0.0,0.0,0.0,166.44970869422693,0.0,0.0,0.0,0.0,0.0,166.4497086942269,0.0,0.0,0.0,0.0,0.0,166.44970865,0.0,0.0,0.0,0.0,0.0,166.4497087,0.0,0.0,0.0,0.0,0.0,166.4497087,0.0,0.0,0.0,0.0,0.0,166.4497087,0.0,0.0,0.0,0.0,0.0,166.4497087,0.0,0.0,0.0,0.0,0.0,166.4497087,0.0,0.0,0.0,0.0,0.0,166.4497087,0.0,0.0,0.0,0.0,0.0
diverse_rec,ml20_lambda0,0.0,movielens_sample20of200_lambda0,20,7,1,10.00413919,10.00413919,10.00413919,10.00413919,1,6.863552484,solved (0.1 s),solved (0.0 s),0,0,opt,10.00413919,0.0,0.0,0.0,0.0,0.0,10.00413919,0.0,0.0,0.0,0.0,0.0,10.00413919308804,0.0,0.0,0.0,0.0,0.0,10.00413919308804,0.0,0.0,0.0,0.0,0.0,10.00413919,0.0,0.0,0.0,0.0,0.0,10.00413919,0.0,0.0,0.0,0.0,0.0,10.00413919,0.0,0.0,0.0,0.0,0.0,10.00413919,0.0,0.0,0.0,0.0,0.0,10.00413919,0.0,0.0,0.0,0.0,0.0,10.00413919,0.0,0.0,0.0,0.0,0.0,10.00413919,0.0,0.0,0.0,0.0,0.0
diverse_rec,ml20_lambda0,0.0,movielens_sample20of200_lambda0,20,7,2,19.9960793,19.9960793,19.9960793,19.85892979,1,6.863552484,solved (0.1 s),solved (0.0 s),0,0,opt,19.9960793,0.0,0.0,0.0,0.0,0.0,19.9960793,0.0,0.0,0.0,0.0,0.0,19.99607929540013,0.0,0.0,0.0,0.0,0.0,19.99607929540013,0.0,0.0,0.0,0.0,0.0,19.9960793,0.0,0.0,0.0,0.0,0.0,19.9960793,0.0,0.0,0.0,0.0,0.0,19.9960793,0.0,0.0,0.0,0.0,0.0,19.9960793,0.0,0.0,0.0,0.0,0.0,19.9960793,0.0,0.0,0.0,0.0,0.0,19.9960793,0.0,0.0,0.0,0.0,0.0,19.9960793,0.0,0.0,0.0,0.0,0.0
diverse_rec,ml20_lambda0,0.0,movielens_sample20of200_lambda0,20,7,3,29.71862035,29.71862035,29.71862035,29.43014095,1,6.863552484,solved (0.1 s),solved (0.0 s),0,0,opt,29.71862035,0.0,0.0,0.0,0.0,0.0,29.71862035,0.0,0.0,0.0,0.0,0.0,29.718620347578806,0.0,0.0,0.0,0.0,0.0,29.718620347578806,0.0,0.0,0.0,0.0,0.0,29.71862035,0.0,0.0,0.0,0.0,0.0,29.71862035,0.0,0.0,0.0,0.0,0.0,29.71862035,0.0,0.0,0.0,0.0,0.0,29.71862035,0.0,0.0,0.0,0.0,0.0,29.71862035,0.0,0.0,0.0,0.0,0.0,29.71862035,0.0,0.0,0.0,0.0,0.0,29.71862035,0.0,0.0,0.0,0.0,0.0
diverse_rec,ml20_lambda0,0.0,movielens_sample20of200_lambda0,20,7,4,39.41177606,39.41177606,39.41177606,38.67891827,1,6.863552484,solved (0.1 s),solved (0.0 s),0,0,opt,39.41177606,0.0,0.0,0.0,0.0,0.0,39.41177606,0.0,0.0,0.0,0.0,0.0,39.411776055532975,0.0,0.0,0.0,0.0,0.0,39.411776055532975,0.0,0.0,0.0,0.0,0.0,39.41177606,0.0,0.0,0.0,0.0,0.0,39.41177606,0.0,0.0,0.0,0.0,0.0,39.41177606,0.0,0.0,0.0,0.0,0.0,39.41177606,0.0,0.0,0.0,0.0,0.0,39.41177606,0.0,0.0,0.0,0.0,0.0,39.41177606,0.0,0.0,0.0,0.0,0.0,39.41177606,0.0,0.0,0.0,0.0,0.0
diverse_rec,ml20_lambda0,0.0,movielens_sample20of200_lambda0,20,7,5,48.80577686,48.80577686,48.80577686,47.71292443,1,6.863552484,solved (0.1 s),solved (0.0 s),0,0,opt,48.80577686,0.0,0.0,0.0,0.0,0.0,48.80577686,0.0,0.0,0.0,0.0,0.0,48.80577686330152,0.0,0.0,0.0,0.0,0.0,48.80577686330152,0.0,0.0,0.0,0.0,0.0,48.80577686,0.0,0.0,0.0,0.0,0.0,48.80577686,0.0,0.0,0.0,0.0,0.0,48.80577686,0.0,0.0,0.0,0.0,0.0,48.80577686,0.0,0.0,0.0,0.0,0.0,48.80577686,0.0,0.0,0.0,0.0,0.0,48.80577686,0.0,0.0,0.0,0.0,0.0,48.80577686,0.0,0.0,0.0,0.0,0.0
diverse_rec,ml20_lambda0,0.0,movielens_sample20of200_lambda0,20,7,6,58.11135858,58.11135858,58.11135858,56.57197135,1,6.863552484,solved (0.1 s),solved (0.0 s),0,0,opt,58.11135858,0.0,0.0,0.0,0.0,0.0,58.11135858,0.0,0.0,0.0,0.0,0.0,58.11135857709722,0.0,0.0,0.0,0.0,0.0,58.11135857709723,0.0,0.0,0.0,0.0,0.0,58.11135858,0.0,0.0,0.0,0.0,0.0,58.11135858,0.0,0.0,0.0,0.0,0.0,58.11135858,0.0,0.0,0.0,0.0,0.0,58.11135858,0.0,0.0,0.0,0.0,0.0,58.11135858,0.0,0.0,0.0,0.0,0.0,58.11135858,0.0,0.0,0.0,0.0,0.0,58.11135858,0.0,0.0,0.0,0.0,0.0
diverse_rec,ml20_lambda0,0.0,movielens_sample20of200_lambda0,20,7,7,67.1663235,67.1663235,67.1663235,65.34213282,1,6.863552484,solved (0.1 s),solved (0.0 s),0,0,opt,67.1663235,0.0,0.0,0.0,0.0,0.0,67.1663235,0.0,0.0,0.0,0.0,0.0,67.16632350450034,0.0,0.0,0.0,0.0,0.0,67.16632350450034,0.0,0.0,0.0,0.0,0.0,67.1663235,0.0,0.0,0.0,0.0,0.0,67.1663235,0.0,0.0,0.0,0.0,0.0,67.1663235,0.0,0.0,0.0,0.0,0.0,67.1663235,0.0,0.0,0.0,0.0,0.0,67.1663235,0.0,0.0,0.0,0.0,0.0,67.1663235,0.0,0.0,0.0,0.0,0.0,67.1663235,0.0,0.0,0.0,0.0,0.0
diverse_rec,ml20_lambda0,0.0,movielens_sample20of200_lambda0,20,7,8,76.1952915,76.1952915,76.1952915,73.86257904,1,6.863552484,solved (0.1 s),solved (0.0 s),0,0,opt,76.1952915,0.0,0.0,0.0,0.0,0.0,76.1952915,0.0,0.0,0.0,0.0,0.0,76.19529149824987,0.0,0.0,0.0,0.0,0.0,76.19529149824987,0.0,0.0,0.0,0.0,0.0,76.1952915,0.0,0.0,0.0,0.0,0.0,76.1952915,0.0,0.0,0.0,0.0,0.0,76.1952915,0.0,0.0,0.0,0.0,0.0,76.1952915,0.0,0.0,0.0,0.0,0.0,76.1952915,0.0,0.0,0.0,0.0,0.0,76.1952915,0.0,0.0,0.0,0.0,0.0,76.1952915,0.0,0.0,0.0,0.0,0.0
diverse_rec,ml20_lambda0,0.0,movielens_sample20of200_lambda0,20,7,9,84.99246035,84.99246035,84.99246035,82.37388313,1,6.863552484,solved (0.1 s),solved (0.0 s),0,0,opt,84.99246035,0.0,0.0,0.0,0.0,0.0,84.99246035,0.0,0.0,0.0,0.0,0.0,84.99246034558729,0.0,0.0,0.0,0.0,0.0,84.99246034558729,0.0,0.0,0.0,0.0,0.0,84.99246035,0.0,0.0,0.0,0.0,0.0,84.99246035,0.0,0.0,0.0,0.0,0.0,84.99246035,0.0,0.0,0.0,0.0,0.0,84.99246035,0.0,0.0,0.0,0.0,0.0,84.99246035,0.0,0.0,0.0,0.0,0.0,84.99246035,0.0,0.0,0.0,0.0,0.0,84.99246035,0.0,0.0,0.0,0.0,0.0
diverse_rec,ml20_lambda0,0.0,movielens_sample20of200_lambda0,20,7,10,93.77407493,93.77407493,93.77407493,90.57550301,1,6.863552484,solved (0.1 s),solved (0.0 s),0,0,opt,93.77407493,0.0,0.0,0.0,0.0,0.0,93.77407493,0.0,0.0,0.0,0.0,0.0,93.77407492687365,0.0,0.0,0.0,0.0,0.0,93.77407492687362,0.0,0.0,0.0,0.0,0.0,93.77407493,0.0,0.0,0.0,0.0,0.0,93.77407493,0.0,0.0,0.0,0.0,0.0,93.77407493,0.0,0.0,0.0,0.0,0.0,93.77407493,0.0,0.0,0.0,0.0,0.0,93.77407493,0.0,0.0,0.0,0.0,0.0,93.77407493,0.0,0.0,0.0,0.0,0.0,93.77407493,0.0,0.0,0.0,0.0,0.0
diverse_rec,ml20_lambda0,0.0,movielens_sample20of200_lambda0,20,7,11,102.5163476,102.5163476,102.5163476,97.81985075,1,6.863552484,solved (0.1 s),solved (0.0 s),0,0,opt,102.5163476,0.0,0.0,0.0,0.0,0.0,102.5163476,0.0,0.0,0.0,0.0,0.0,102.51634756050089,0.0,0.0,0.0,0.0,0.0,102.51634756050088,0.0,0.0,0.0,0.0,0.0,102.5163476,0.0,0.0,0.0,0.0,0.0,102.5163476,0.0,0.0,0.0,0.0,0.0,102.5163476,0.0,0.0,0.0,0.0,0.0,102.5163476,0.0,0.0,0.0,0.0,0.0,102.5163476,0.0,0.0,0.0,0.0,0.0,102.5163476,0.0,0.0,0.0,0.0,0.0,102.5163476,0.0,0.0,0.0,0.0,0.0
diverse_rec,ml20_lambda0,0.0,movielens_sample20of200_lambda0,20,7,12,111.2166578,111.2166578,111.2166578,102.5812499,1,6.863552484,solved (0.1 s),solved (0.0 s),0,0,opt,111.2166578,0.0,0.0,0.0,0.0,0.0,111.2166578,0.0,0.0,0.0,0.0,0.0,111.21665781395464,0.0,0.0,0.0,0.0,0.0,111.21665781395464,0.0,0.0,0.0,0.0,0.0,111.2166578,0.0,0.0,0.0,0.0,0.0,111.2166578,0.0,0.0,0.0,0.0,0.0,111.2166578,0.0,0.0,0.0,0.0,0.0,111.2166578,0.0,0.0,0.0,0.0,0.0,111.2166578,0.0,0.0,0.0,0.0,0.0,111.2166578,0.0,0.0,0.0,0.0,0.0,111.2166578,0.0,0.0,0.0,0.0,0.0
diverse_rec,ml20_lambda0,0.0,movielens_sample20of200_lambda0,20,7,13,119.8923311,119.8923311,119.8923311,105.9553707,1,6.863552484,solved (0.1 s),solved (0.0 s),0,0,opt,119.8923311,0.0,0.0,0.0,0.0,0.0,119.8923311,0.0,0.0,0.0,0.0,0.0,119.89233107688923,0.0,0.0,0.0,0.0,0.0,119.8923310768892,0.0,0.0,0.0,0.0,0.0,119.8923311,0.0,0.0,0.0,0.0,0.0,119.8923311,0.0,0.0,0.0,0.0,0.0,119.8923311,0.0,0.0,0.0,0.0,0.0,119.8923311,0.0,0.0,0.0,0.0,0.0,119.8923311,0.0,0.0,0.0,0.0,0.0,119.8923311,0.0,0.0,0.0,0.0,0.0,119.8923311,0.0,0.0,0.0,0.0,0.0
diverse_rec,ml20_lambda0,0.0,movielens_sample20of200_lambda0,20,7,14,128.4163128,128.4163128,128.4163128,108.1391732,1,6.863552484,solved (0.1 s),solved (0.0 s),0,0,opt,128.4163128,0.0,0.0,0.0,0.0,0.0,128.4163128,0.0,0.0,0.0,0.0,0.0,128.41631278443992,0.0,0.0,0.0,0.0,0.0,128.41631278443992,0.0,0.0,0.0,0.0,0.0,128.4163128,0.0,0.0,0.0,0.0,0.0,128.4163128,0.0,0.0,0.0,0.0,0.0,128.4163128,0.0,0.0,0.0,0.0,0.0,128.4163128,0.0,0.0,0.0,0.0,0.0,128.4163128,0.0,0.0,0.0,0.0,0.0,128.4163128,0.0,0.0,0.0,0.0,0.0,128.4163128,0.0,0.0,0.0,0.0,0.0
diverse_rec,ml20_lambda0,0.0,movielens_sample20of200_lambda0,20,7,15,136.7162333,136.7162333,136.7162333,110.0890811,1,6.863552484,solved (0.1 s),solved (0.0 s),0,0,opt,136.7162333,0.0,0.0,0.0,0.0,0.0,136.7162333,0.0,0.0,0.0,0.0,0.0,136.71623328800445,0.0,0.0,0.0,0.0,0.0,136.71623328800442,0.0,0.0,0.0,0.0,0.0,136.7162333,0.0,0.0,0.0,0.0,0.0,136.7162333,0.0,0.0,0.0,0.0,0.0,136.7162333,0.0,0.0,0.0,0.0,0.0,136.7162333,0.0,0.0,0.0,0.0,0.0,136.7162333,0.0,0.0,0.0,0.0,0.0,136.7162333,0.0,0.0,0.0,0.0,0.0,136.7162333,0.0,0.0,0.0,0.0,0.0
diverse_rec,ml20_lambda0,0.0,movielens_sample20of200_lambda0,20,7,16,144.960682,144.960682,144.960682,111.6397386,1,6.863552484,solved (0.1 s),solved (0.0 s),0,0,opt,144.960682,0.0,0.0,0.0,0.0,0.0,144.960682,0.0,0.0,0.0,0.0,0.0,144.96068203762897,0.0,0.0,0.0,0.0,0.0,144.96068203762894,0.0,0.0,0.0,0.0,0.0,144.960682,0.0,0.0,0.0,0.0,0.0,144.960682,0.0,0.0,0.0,0.0,0.0,144.960682,0.0,0.0,0.0,0.0,0.0,144.960682,0.0,0.0,0.0,0.0,0.0,144.960682,0.0,0.0,0.0,0.0,0.0,144.960682,0.0,0.0,0.0,0.0,0.0,144.960682,0.0,0.0,0.0,0.0,0.0
diverse_rec,ml20_lambda0,0.0,movielens_sample20of200_lambda0,20,7,17,153.0200405,153.0200405,153.0200405,111.5527728,1,6.863552484,solved (0.1 s),solved (0.0 s),0,0,opt,153.0200405,0.0,0.0,0.0,0.0,0.0,153.0200405,0.0,0.0,0.0,0.0,0.0,153.02004053391192,0.0,0.0,0.0,0.0,0.0,153.02004053391192,0.0,0.0,0.0,0.0,0.0,153.0200405,0.0,0.0,0.0,0.0,0.0,153.0200405,0.0,0.0,0.0,0.0,0.0,153.0200405,0.0,0.0,0.0,0.0,0.0,153.0200405,0.0,0.0,0.0,0.0,0.0,153.0200405,0.0,0.0,0.0,0.0,0.0,153.0200405,0.0,0.0,0.0,0.0,0.0,153.0200405,0.0,0.0,0.0,0.0,0.0
diverse_rec,ml20_lambda0,0.0,movielens_sample20of200_lambda0,20,7,18,160.997498,160.997498,160.997498,112.5054826,1,6.863552484,solved (0.1 s),solved (0.0 s),0,0,opt,160.997498,0.0,0.0,0.0,0.0,0.0,160.997498,0.0,0.0,0.0,0.0,0.0,160.9974979955882,0.0,0.0,0.0,0.0,0.0,160.99749799558816,0.0,0.0,0.0,0.0,0.0,160.997498,0.0,0.0,0.0,0.0,0.0,160.997498,0.0,0.0,0.0,0.0,0.0,160.997498,0.0,0.0,0.0,0.0,0.0,160.997498,0.0,0.0,0.0,0.0,0.0,160.997498,0.0,0.0,0.0,0.0,0.0,160.997498,0.0,0.0,0.0,0.0,0.0,160.997498,0.0,0.0,0.0,0.0,0.0
diverse_rec,ml20_lambda0,0.0,movielens_sample20of200_lambda0,20,7,19,168.6888491,168.6888491,168.6888491,112.4888884,1,6.863552484,solved (0.1 s),solved (0.0 s),0,0,opt,168.6888491,0.0,0.0,0.0,0.0,0.0,168.6888491,0.0,0.0,0.0,0.0,0.0,168.68884914094312,0.0,0.0,0.0,0.0,0.0,168.68884914094306,0.0,0.0,0.0,0.0,0.0,168.6888491,0.0,0.0,0.0,0.0,0.0,168.6888491,0.0,0.0,0.0,0.0,0.0,168.6888491,0.0,0.0,0.0,0.0,0.0,168.6888491,0.0,0.0,0.0,0.0,0.0,168.6888491,0.0,0.0,0.0,0.0,0.0,168.6888491,0.0,0.0,0.0,0.0,0.0,168.6888491,0.0,0.0,0.0,0.0,0.0
diverse_rec,ml20_lambda0,0.0,movielens_sample20of200_lambda0,20,7,20,175.5524016,175.5524016,175.5524016,112.6676643,1,6.863552484,solved (0.1 s),solved (0.0 s),0,0,opt,175.5524016,0.0,0.0,0.0,0.0,0.0,175.5524016,0.0,0.0,0.0,0.0,0.0,175.55240162522873,0.0,0.0,0.0,0.0,0.0,175.55240162522873,0.0,0.0,0.0,0.0,0.0,175.55240157999998,0.0,0.0,0.0,0.0,0.0,175.5524016,0.0,0.0,0.0,0.0,0.0,175.5524016,0.0,0.0,0.0,0.0,0.0,175.5524016,0.0,0.0,0.0,0.0,0.0,175.5524016,0.0,0.0,0.0,0.0,0.0,175.5524016,0.0,0.0,0.0,0.0,0.0,175.5524016,0.0,0.0,0.0,0.0,0.0
diverse_rec,ml20_lambda0,0.0,movielens_sample20of200_lambda0,20,8,1,10.85102075,10.85102075,10.85102075,10.85102075,1,6.431294951,solved (0.1 s),solved (0.0 s),0,0,opt,10.85102075,0.0,0.0,0.0,0.0,0.0,10.85102075,0.0,0.0,0.0,0.0,0.0,10.851020752263974,0.0,0.0,0.0,0.0,0.0,10.851020752263974,0.0,0.0,0.0,0.0,0.0,10.85102075,0.0,0.0,0.0,0.0,0.0,10.85102075,0.0,0.0,0.0,0.0,0.0,10.85102075,0.0,0.0,0.0,0.0,0.0,10.85102075,0.0,0.0,0.0,0.0,0.0,10.85102075,0.0,0.0,0.0,0.0,0.0,10.85102075,0.0,0.0,0.0,0.0,0.0,10.85102075,0.0,0.0,0.0,0.0,0.0
diverse_rec,ml20_lambda0,0.0,movielens_sample20of200_lambda0,20,8,2,21.55041109,21.55041109,21.55041109,21.41671818,1,6.431294951,solved (0.1 s),solved (0.0 s),0,0,opt,21.55041109,0.0,0.0,0.0,0.0,0.0,21.55041109,0.0,0.0,0.0,0.0,0.0,21.55041109147119,0.0,0.0,0.0,0.0,0.0,21.55041109147119,0.0,0.0,0.0,0.0,0.0,21.55041109,0.0,0.0,0.0,0.0,0.0,21.55041109,0.0,0.0,0.0,0.0,0.0,21.55041109,0.0,0.0,0.0,0.0,0.0,21.55041109,0.0,0.0,0.0,0.0,0.0,21.55041109,0.0,0.0,0.0,0.0,0.0,21.55041109,0.0,0.0,0.0,0.0,0.0,21.55041109,0.0,0.0,0.0,0.0,0.0
diverse_rec,ml20_lambda0,0.0,movielens_sample20of200_lambda0,20,8,3,32.05624355,32.05624355,32.05624355,31.49024395,1,6.431294951,solved (0.1 s),solved (0.0 s),0,0,opt,32.05624355,0.0,0.0,0.0,0.0,0.0,32.05624355,0.0,0.0,0.0,0.0,0.0,32.05624354701352,0.0,0.0,0.0,0.0,0.0,32.05624354701352,0.0,0.0,0.0,0.0,0.0,32.05624355,0.0,0.0,0.0,0.0,0.0,32.05624355,0.0,0.0,0.0,0.0,0.0,32.05624355,0.0,0.0,0.0,0.0,0.0,32.05624355,0.0,0.0,0.0,0.0,0.0,32.05624355,0.0,0.0,0.0,0.0,0.0,32.05624355,0.0,0.0,0.0,0.0,0.0,32.05624355,0.0,0.0,0.0,0.0,0.0
diverse_rec,ml20_lambda0,0.0,movielens_sample20of200_lambda0,20,8,4,42.17091782,42.17091782,42.17091782,41.33743428,1,6.431294951,solved (0.1 s),solved (0.0 s),0,0,opt,42.17091782,0.0,0.0,0.0,0.0,0.0,42.17091782,0.0,0.0,0.0,0.0,0.0,42.17091781727822,0.0,0.0,0.0,0.0,0.0,42.17091781727823,0.0,0.0,0.0,0.0,0.0,42.17091782,0.0,0.0,0.0,0.0,0.0,42.17091782,0.0,0.0,0.0,0.0,0.0,42.17091782,0.0,0.0,0.0,0.0,0.0,42.17091782,0.0,0.0,0.0,0.0,0.0,42.17091782,0.0,0.0,0.0,0.0,0.0,42.17091782,0.0,0.0,0.0,0.0,0.0,42.17091782,0.0,0.0,0.0,0.0,0.0
diverse_rec,ml20_lambda0,0.0,movielens_sample20of200_lambda0,20,8,5,52.14928108,52.14928108,52.14928108,50.96071787,1,6.431294951,solved (0.1 s),solved (0.0 s),0,0,opt,52.14928108,0.0,0.0,0.0,0.0,0.0,52.14928108,0.0,0.0,0.0,0.0,0.0,52.14928108172082,0.0,0.0,0.0,0.0,0.0,52.14928108172081,0.0,0.0,0.0,0.0,0.0,52.14928108,0.0,0.0,0.0,0.0,0.0,52.14928108,0.0,0.0,0.0,0.0,0.0,52.14928108,0.0,0.0,0.0,0.0,0.0,52.14928108,0.0,0.0,0.0,0.0,0.0,52.14928108,0.0,0.0,0.0,0.0,0.0,52.14928108,0.0,0.0,0.0,0.0,0.0,52.14928108,0.0,0.0,0.0,0.0,0.0
diverse_rec,ml20_lambda0,0.0,movielens_sample20of200_lambda0,20,8,6,61.98054663,61.98054663,61.98054663,60.44157057,1,6.431294951,solved (0.1 s),solved (0.0 s),0,0,opt,61.98054663,0.0,0.0,0.0,0.0,0.0,61.98054663,0.0,0.0,0.0,0.0,0.0,61.98054663319315,0.0,0.0,0.0,0.0,0.0,61.98054663319315,0.0,0.0,0.0,0.0,0.0,61.98054663,0.0,0.0,0.0,0.0,0.0,61.98054663,0.0,0.0,0.0,0.0,0.0,61.98054663,0.0,0.0,0.0,0.0,0.0,61.98054663,0.0,0.0,0.0,0.0,0.0,61.98054663,0.0,0.0,0.0,0.0,0.0,61.98054663,0.0,0.0,0.0,0.0,0.0,61.98054663,0.0,0.0,0.0,0.0,0.0
diverse_rec,ml20_lambda0,0.0,movielens_sample20of200_lambda0,20,8,7,71.67946317,71.67946317,71.67946317,69.66744256,1,6.431294951,solved (0.1 s),solved (0.0 s),0,0,opt,71.67946317,0.0,0.0,0.0,0.0,0.0,71.67946317,0.0,0.0,0.0,0.0,0.0,71.67946316845529,0.0,0.0,0.0,0.0,0.0,71.67946316845529,0.0,0.0,0.0,0.0,0.0,71.67946317,0.0,0.0,0.0,0.0,0.0,71.67946317,0.0,0.0,0.0,0.0,0.0,71.67946317,0.0,0.0,0.0,0.0,0.0,71.67946317,0.0,0.0,0.0,0.0,0.0,71.67946317,0.0,0.0,0.0,0.0,0.0,71.67946317,0.0,0.0,0.0,0.0,0.0,71.67946317,0.0,0.0,0.0,0.0,0.0
diverse_rec,ml20_lambda0,0.0,movielens_sample20of200_lambda0,20,8,8,81.37727243,81.37727243,81.37727243,78.4654855,1,6.431294951,solved (0.1 s),solved (0.0 s),0,0,opt,81.37727243,0.0,0.0,0.0,0.0,0.0,81.37727243,0.0,0.0,0.0,0.0,0.0,81.37727242721309,0.0,0.0,0.0,0.0,0.0,81.37727242721307,0.0,0.0,0.0,0.0,0.0,81.37727243,0.0,0.0,0.0,0.0,0.0,81.37727243,0.0,0.0,0.0,0.0,0.0,81.37727243,0.0,0.0,0.0,0.0,0.0,81.37727243,0.0,0.0,0.0,0.0,0.0,81.37727243,0.0,0.0,0.0,0.0,0.0,81.37727243,0.0,0.0,0.0,0.0,0.0,81.37727243,0.0,0.0,0.0,0.0,0.0
diverse_rec,ml20_lambda0,0.0,movielens_sample20of200_lambda0,20,8,9,90.90850653,90.90850653,90.90850653,86.79290904,1,6.431294951,solved (0.1 s),solved (0.0 s),0,0,opt,90.90850653,0.0,0.0,0.0,0.0,0.0,90.90850653,0.0,0.0,0.0,0.0,0.0,90.90850653398043,0.0,0.0,0.0,0.0,0.0,90.90850653398041,0.0,0.0,0.0,0.0,0.0,90.90850653,0.0,0.0,0.0,0.0,0.0,90.90850653,0.0,0.0,0.0,0.0,0.0,90.90850653,0.0,0.0,0.0,0.0,0.0,90.90850653,0.0,0.0,0.0,0.0,0.0,90.90850653,0.0,0.0,0.0,0.0,0.0,90.90850653,0.0,0.0,0.0,0.0,0.0,90.90850653,0.0,0.0,0.0,0.0,0.0
diverse_rec,ml20_lambda0,0.0,movielens_sample20of200_lambda0,20,8,10,100.2260961,100.2260961,100.2260961,94.83258926,1,6.431294951,solved (0.1 s),solved (0.0 s),0,0,opt,100.2260961,0.0,0.0,0.0,0.0,0.0,100.2260961,0.0,0.0,0.0,0.0,0.0,100.22609614475954,0.0,0.0,0.0,0.0,0.0,100.22609614475952,0.0,0.0,0.0,0.0,0.0,100.2260961,0.0,0.0,0.0,0.0,0.0,100.2260961,0.0,0.0,0.0,0.0,0.0,100.2260961,0.0,0.0,0.0,0.0,0.0,100.2260961,0.0,0.0,0.0,0.0,0.0,100.2260961,0.0,0.0,0.0,0.0,0.0,100.2260961,0.0,0.0,0.0,0.0,0.0,100.2260961,0.0,0.0,0.0,0.0,0.0
diverse_rec,ml20_lambda0,0.0,movielens_sample20of200_lambda0,20,8,11,109.5152619,109.5152619,109.5152619,101.4145396,1,6.431294951,solved (0.1 s),solved (0.0 s),0,0,opt,109.5152619,0.0,0.0,0.0,0.0,0.0,109.5152619,0.0,0.0,0.0,0.0,0.0,109.51526190780093,0.0,0.0,0.0,0.0,0.0,109.51526190780093,0.0,0.0,0.0,0.0,0.0,109.5152619,0.0,0.0,0.0,0.0,0.0,109.5152619,0.0,0.0,0.0,0.0,0.0,109.5152619,0.0,0.0,0.0,0.0,0.0,109.5152619,0.0,0.0,0.0,0.0,0.0,109.5152619,0.0,0.0,0.0,0.0,0.0,109.5152619,0.0,0.0,0.0,0.0,0.0,109.5152619,0.0,0.0,0.0,0.0,0.0
diverse_rec,ml20_lambda0,0.0,movielens_sample20of200_lambda0,20,8,12,118.4243766,118.4243766,118.4243766,105.9793279,1,6.431294951,solved (0.1 s),solved (0.0 s),0,0,opt,118.4243766,0.0,0.0,0.0,0.0,0.0,118.4243766,0.0,0.0,0.0,0.0,0.0,118.424376591048,0.0,0.0,0.0,0.0,0.0,118.424376591048,0.0,0.0,0.0,0.0,0.0,118.4243766,0.0,0.0,0.0,0.0,0.0,118.4243766,0.0,0.0,0.0,0.0,0.0,118.4243766,0.0,0.0,0.0,0.0,0.0,118.4243766,0.0,0.0,0.0,0.0,0.0,118.4243766,0.0,0.0,0.0,0.0,0.0,118.4243766,0.0,0.0,0.0,0.0,0.0,118.4243766,0.0,0.0,0.0,0.0,0.0
diverse_rec,ml20_lambda0,0.0,movielens_sample20of200_lambda0,20,8,13,127.0858013,127.0858013,127.0858013,109.1849768,1,6.431294951,solved (0.1 s),solved (0.0 s),0,0,opt,127.0858013,0.0,0.0,0.0,0.0,0.0,127.0858013,0.0,0.0,0.0,0.0,0.0,127.08580127710151,0.0,0.0,0.0,0.0,0.0,127.08580127710152,0.0,0.0,0.0,0.0,0.0,127.0858013,0.0,0.0,0.0,0.0,0.0,127.0858013,0.0,0.0,0.0,0.0,0.0,127.0858013,0.0,0.0,0.0,0.0,0.0,127.0858013,0.0,0.0,0.0,0.0,0.0,127.0858013,0.0,0.0,0.0,0.0,0.0,127.0858013,0.0,0.0,0.0,0.0,0.0,127.0858013,0.0,0.0,0.0,0.0,0.0
diverse_rec,ml20_lambda0,0.0,movielens_sample20of200_lambda0,20,8,14,135.687503,135.687503,135.687503,111.0856581,1,6.431294951,solved (0.1 s),solved (0.0 s),0,0,opt,135.687503,0.0,0.0,0.0,0.0,0.0,135.687503,0.0,0.0,0.0,0.0,0.0,135.68750300702288,0.0,0.0,0.0,0.0,0.0,135.68750300702288,0.0,0.0,0.0,0.0,0.0,135.687503,0.0,0.0,0.0,0.0,0.0,135.687503,0.0,0.0,0.0,0.0,0.0,135.687503,0.0,0.0,0.0,0.0,0.0,135.687503,0.0,0.0,0.0,0.0,0.0,135.687503,0.0,0.0,0.0,0.0,0.0,135.687503,0.0,0.0,0.0,0.0,0.0,135.687503,0.0,0.0,0.0,0.0,0.0
diverse_rec,ml20_lambda0,0.0,movielens_sample20of200_lambda0,20,8,15,143.9981964,143.9981964,143.9981964,112.4711669,1,6.431294951,solved (0.1 s),solved (0.0 s),0,0,opt,143.9981964,0.0,0.0,0.0,0.0,0.0,143.9981964,0.0,0.0,0.0,0.0,0.0,143.9981963563171,0.0,0.0,0.0,0.0,0.0,143.99819635631712,0.0,0.0,0.0,0.0,0.0,143.9981964,0.0,0.0,0.0,0.0,0.0,143.9981964,0.0,0.0,0.0,0.0,0.0,143.9981964,0.0,0.0,0.0,0.0,0.0,143.9981964,0.0,0.0,0.0,0.0,0.0,143.9981964,0.0,0.0,0.0,0.0,0.0,143.9981964,0.0,0.0,0.0,0.0,0.0,143.9981964,0.0,0.0,0.0,0.0,0.0
diverse_rec,ml20_lambda0,0.0,movielens_sample20of200_lambda0,20,8,16,151.6856312,151.6856312,151.6856312,113.6032458,1,6.431294951,solved (0.1 s),solved (0.0 s),0,0,opt,151.6856312,0.0,0.0,0.0,0.0,0.0,151.6856312,0.0,0.0,0.0,0.0,0.0,151.68563122248696,0.0,0.0,0.0,0.0,0.0,151.68563122248696,0.0,0.0,0.0,0.0,0.0,151.6856312,0.0,0.0,0.0,0.0,0.0,151.6856312,0.0,0.0,0.0,0.0,0.0,151.6856312,0.0,0.0,0.0,0.0,0.0,151.6856312,0.0,0.0,0.0,0.0,0.0,151.6856312,0.0,0.0,0.0,0.0,0.0,151.6856312,0.0,0.0,0.0,0.0,0.0,151.6856312,0.0,0.0,0.0,0.0,0.0
diverse_rec,ml20_lambda0,0.0,movielens_sample20of200_lambda0,20,8,17,159.0950071,159.0950071,159.0950071,114.7849959,1,6.431294951,solved (0.1 s),solved (0.0 s),0,0,opt,159.0950071,0.0,0.0,0.0,0.0,0.0,159.0950071,0.0,0.0,0.0,0.0,0.0,159.09500712035464,0.0,0.0,0.0,0.0,0.0,159.09500712035467,0.0,0.0,0.0,0.0,0.0,159.0950071,0.0,0.0,0.0,0.0,0.0,159.0950071,0.0,0.0,0.0,0.0,0.0,159.0950071,0.0,0.0,0.0,0.0,0.0,159.0950071,0.0,0.0,0.0,0.0,0.0,159.0950071,0.0,0.0,0.0,0.0,0.0,159.0950071,0.0,0.0,0.0,0.0,0.0,159.0950071,0.0,0.0,0.0,0.0,0.0
diverse_rec,ml20_lambda0,0.0,movielens_sample20of200_lambda0,20,8,18,166.4196858,166.4196858,166.4196858,115.1807472,1,6.431294951,solved (0.1 s),solved (0.0 s),0,0,opt,166.4196858,0.0,0.0,0.0,0.0,0.0,166.4196858,0.0,0.0,0.0,0.0,0.0,166.4196857682007,0.0,0.0,0.0,0.0,0.0,166.4196857682007,0.0,0.0,0.0,0.0,0.0,166.4196858,0.0,0.0,0.0,0.0,0.0,166.4196858,0.0,0.0,0.0,0.0,0.0,166.4196858,0.0,0.0,0.0,0.0,0.0,166.4196858,0.0,0.0,0.0,0.0,0.0,166.4196858,0.0,0.0,0.0,0.0,0.0,166.4196858,0.0,0.0,0.0,0.0,0.0,166.4196858,0.0,0.0,0.0,0.0,0.0
diverse_rec,ml20_lambda0,0.0,movielens_sample20of200_lambda0,20,8,19,173.1716497,173.1716497,173.1716497,115.1678331,1,6.431294951,solved (0.1 s),solved (0.0 s),0,0,opt,173.1716497,0.0,0.0,0.0,0.0,0.0,173.1716497,0.0,0.0,0.0,0.0,0.0,173.17164972975047,0.0,0.0,0.0,0.0,0.0,173.17164972975047,0.0,0.0,0.0,0.0,0.0,173.1716497,0.0,0.0,0.0,0.0,0.0,173.1716497,0.0,0.0,0.0,0.0,0.0,173.1716497,0.0,0.0,0.0,0.0,0.0,173.1716497,0.0,0.0,0.0,0.0,0.0,173.1716497,0.0,0.0,0.0,0.0,0.0,173.1716497,0.0,0.0,0.0,0.0,0.0,173.1716497,0.0,0.0,0.0,0.0,0.0
diverse_rec,ml20_lambda0,0.0,movielens_sample20of200_lambda0,20,8,20,179.6029447,179.6029447,179.6029447,115.8733865,1,6.431294951,solved (0.1 s),solved (0.0 s),0,0,opt,179.6029447,0.0,0.0,0.0,0.0,0.0,179.6029447,0.0,0.0,0.0,0.0,0.0,179.602944680688,0.0,0.0,0.0,0.0,0.0,179.60294468068804,0.0,0.0,0.0,0.0,0.0,179.60294463,0.0,0.0,0.0,0.0,0.0,179.6029447,0.0,0.0,0.0,0.0,0.0,179.6029447,0.0,0.0,0.0,0.0,0.0,179.6029447,0.0,0.0,0.0,0.0,0.0,179.6029447,0.0,0.0,0.0,0.0,0.0,179.6029447,0.0,0.0,0.0,0.0,0.0,179.6029447,0.0,0.0,0.0,0.0,0.0
diverse_rec,ml20_lambda0,0.0,movielens_sample20of200_lambda0,20,9,1,10.14460864,10.14460864,10.14460864,10.14460864,1,7.101540804,solved (0.1 s),solved (0.0 s),0,0,opt,10.14460864,0.0,0.0,0.0,0.0,0.0,10.14460864,0.0,0.0,0.0,0.0,0.0,10.144608637682438,0.0,0.0,0.0,0.0,0.0,10.144608637682438,0.0,0.0,0.0,0.0,0.0,10.14460864,0.0,0.0,0.0,0.0,0.0,10.14460864,0.0,0.0,0.0,0.0,0.0,10.14460864,0.0,0.0,0.0,0.0,0.0,10.14460864,0.0,0.0,0.0,0.0,0.0,10.14460864,0.0,0.0,0.0,0.0,0.0,10.14460864,0.0,0.0,0.0,0.0,0.0,10.14460864,0.0,0.0,0.0,0.0,0.0
diverse_rec,ml20_lambda0,0.0,movielens_sample20of200_lambda0,20,9,2,19.66643232,19.66643232,19.66643232,19.491497,1,7.101540804,solved (0.1 s),solved (0.0 s),0,0,opt,19.66643232,0.0,0.0,0.0,0.0,0.0,19.66643232,0.0,0.0,0.0,0.0,0.0,19.666432319230818,0.0,0.0,0.0,0.0,0.0,19.666432319230818,0.0,0.0,0.0,0.0,0.0,19.66643232,0.0,0.0,0.0,0.0,0.0,19.66643232,0.0,0.0,0.0,0.0,0.0,19.66643232,0.0,0.0,0.0,0.0,0.0,19.66643232,0.0,0.0,0.0,0.0,0.0,19.66643232,0.0,0.0,0.0,0.0,0.0,19.66643232,0.0,0.0,0.0,0.0,0.0,19.66643232,0.0,0.0,0.0,0.0,0.0
diverse_rec,ml20_lambda0,0.0,movielens_sample20of200_lambda0,20,9,3,29.107448,29.107448,29.107448,28.61606299,1,7.101540804,solved (0.1 s),solved (0.0 s),0,0,opt,29.107448,0.0,0.0,0.0,0.0,0.0,29.107448,0.0,0.0,0.0,0.0,0.0,29.10744799785405,0.0,0.0,0.0,0.0,0.0,29.10744799785405,0.0,0.0,0.0,0.0,0.0,29.107448,0.0,0.0,0.0,0.0,0.0,29.107448,0.0,0.0,0.0,0.0,0.0,29.107448,0.0,0.0,0.0,0.0,0.0,29.107448,0.0,0.0,0.0,0.0,0.0,29.107448,0.0,0.0,0.0,0.0,0.0,29.107448,0.0,0.0,0.0,0.0,0.0,29.107448,0.0,0.0,0.0,0.0,0.0
diverse_rec,ml20_lambda0,0.0,movielens_sample20of200_lambda0,20,9,4,38.33081944,38.33081944,38.33081944,37.6025134,1,7.101540804,solved (0.1 s),solved (0.0 s),0,0,opt,38.33081944,0.0,0.0,0.0,0.0,0.0,38.33081944,0.0,0.0,0.0,0.0,0.0,38.33081944079489,0.0,0.0,0.0,0.0,0.0,38.3308194407949,0.0,0.0,0.0,0.0,0.0,38.33081944,0.0,0.0,0.0,0.0,0.0,38.33081944,0.0,0.0,0.0,0.0,0.0,38.33081944,0.0,0.0,0.0,0.0,0.0,38.33081944,0.0,0.0,0.0,0.0,0.0,38.33081944,0.0,0.0,0.0,0.0,0.0,38.33081944,0.0,0.0,0.0,0.0,0.0,38.33081944,0.0,0.0,0.0,0.0,0.0
diverse_rec,ml20_lambda0,0.0,movielens_sample20of200_lambda0,20,9,5,47.37837496,47.37837496,47.37837496,46.23447987,1,7.101540804,solved (0.1 s),solved (0.0 s),0,0,opt,47.37837496,0.0,0.0,0.0,0.0,0.0,47.37837496,0.0,0.0,0.0,0.0,0.0,47.37837495848093,0.0,0.0,0.0,0.0,0.0,47.37837495848093,0.0,0.0,0.0,0.0,0.0,47.37837496,0.0,0.0,0.0,0.0,0.0,47.37837496,0.0,0.0,0.0,0.0,0.0,47.37837496,0.0,0.0,0.0,0.0,0.0,47.37837496,0.0,0.0,0.0,0.0,0.0,47.37837496,0.0,0.0,0.0,0.0,0.0,47.37837496,0.0,0.0,0.0,0.0,0.0,47.37837496,0.0,0.0,0.0,0.0,0.0
diverse_rec,ml20_lambda0,0.0,movielens_sample20of200_lambda0,20,9,6,56.38664588,56.38664588,56.38664588,54.60837657,1,7.101540804,solved (0.1 s),solved (0.0 s),0,0,opt,56.38664588,0.0,0.0,0.0,0.0,0.0,56.38664588,0.0,0.0,0.0,0.0,0.0,56.38664587633439,0.0,0.0,0.0,0.0,0.0,56.38664587633439,0.0,0.0,0.0,0.0,0.0,56.38664588,0.0,0.0,0.0,0.0,0.0,56.38664588,0.0,0.0,0.0,0.0,0.0,56.38664588,0.0,0.0,0.0,0.0,0.0,56.38664588,0.0,0.0,0.0,0.0,0.0,56.38664588,0.0,0.0,0.0,0.0,0.0,56.38664588,0.0,0.0,0.0,0.0,0.0,56.38664588,0.0,0.0,0.0,0.0,0.0
diverse_rec,ml20_lambda0,0.0,movielens_sample20of200_lambda0,20,9,7,65.23090334,65.23090334,65.23090334,62.90137028,1,7.101540804,solved (0.1 s),solved (0.0 s),0,0,opt,65.23090334,0.0,0.0,0.0,0.0,0.0,65.23090334,0.0,0.0,0.0,0.0,0.0,65.2309033373907,0.0,0.0,0.0,0.0,0.0,65.23090333739071,0.0,0.0,0.0,0.0,0.0,65.23090334,0.0,0.0,0.0,0.0,0.0,65.23090334,0.0,0.0,0.0,0.0,0.0,65.23090334,0.0,0.0,0.0,0.0,0.0,65.23090334,0.0,0.0,0.0,0.0,0.0,65.23090334,0.0,0.0,0.0,0.0,0.0,65.23090334,0.0,0.0,0.0,0.0,0.0,65.23090334,0.0,0.0,0.0,0.0,0.0
diverse_rec,ml20_lambda0,0.0,movielens_sample20of200_lambda0,20,9,8,73.67104417,73.67104417,73.67104417,70.97325022,1,7.101540804,solved (0.1 s),solved (0.0 s),0,0,opt,73.67104417,0.0,0.0,0.0,0.0,0.0,73.67104417,0.0,0.0,0.0,0.0,0.0,73.67104416930013,0.0,0.0,0.0,0.0,0.0,73.67104416930013,0.0,0.0,0.0,0.0,0.0,73.67104417,0.0,0.0,0.0,0.0,0.0,73.67104417,0.0,0.0,0.0,0.0,0.0,73.67104417,0.0,0.0,0.0,0.0,0.0,73.67104417,0.0,0.0,0.0,0.0,0.0,73.67104417,0.0,0.0,0.0,0.0,0.0,73.67104417,0.0,0.0,0.0,0.0,0.0,73.67104417,0.0,0.0,0.0,0.0,0.0
diverse_rec,ml20_lambda0,0.0,movielens_sample20of200_lambda0,20,9,9,82.04141386,82.04141386,82.04141386,78.977533,1,7.101540804,solved (0.1 s),solved (0.0 s),0,0,opt,82.04141386,0.0,0.0,0.0,0.0,0.0,82.04141386,0.0,0.0,0.0,0.0,0.0,82.04141385819158,0.0,0.0,0.0,0.0,0.0,82.04141385819158,0.0,0.0,0.0,0.0,0.0,82.04141386,0.0,0.0,0.0,0.0,0.0,82.04141386,0.0,0.0,0.0,0.0,0.0,82.04141386,0.0,0.0,0.0,0.0,0.0,82.04141386,0.0,0.0,0.0,0.0,0.0,82.04141386,0.0,0.0,0.0,0.0,0.0,82.04141386,0.0,0.0,0.0,0.0,0.0,82.04141386,0.0,0.0,0.0,0.0,0.0
diverse_rec,ml20_lambda0,0.0,movielens_sample20of200_lambda0,20,9,10,90.38275111,90.38275111,90.38275111,86.76049313,1,7.101540804,solved (0.1 s),solved (0.0 s),0,0,opt,90.38275111,0.0,0.0,0.0,0.0,0.0,90.38275111,0.0,0.0,0.0,0.0,0.0,90.38275111090861,0.0,0.0,0.0,0.0,0.0,90.38275111090863,0.0,0.0,0.0,0.0,0.0,90.38275111,0.0,0.0,0.0,0.0,0.0,90.38275111,0.0,0.0,0.0,0.0,0.0,90.38275111,0.0,0.0,0.0,0.0,0.0,90.38275111,0.0,0.0,0.0,0.0,0.0,90.38275111,0.0,0.0,0.0,0.0,0.0,90.38275111,0.0,0.0,0.0,0.0,0.0,90.38275111,0.0,0.0,0.0,0.0,0.0
diverse_rec,ml20_lambda0,0.0,movielens_sample20of200_lambda0,20,9,11,98.67401313,98.67401313,98.67401313,93.75190882,1,7.101540804,solved (0.1 s),solved (0.0 s),0,0,opt,98.67401313,0.0,0.0,0.0,0.0,0.0,98.67401313,0.0,0.0,0.0,0.0,0.0,98.67401312904794,0.0,0.0,0.0,0.0,0.0,98.67401312904795,0.0,0.0,0.0,0.0,0.0,98.67401313,0.0,0.0,0.0,0.0,0.0,98.67401313,0.0,0.0,0.0,0.0,0.0,98.67401313,0.0,0.0,0.0,0.0,0.0,98.67401313,0.0,0.0,0.0,0.0,0.0,98.67401313,0.0,0.0,0.0,0.0,0.0,98.67401313,0.0,0.0,0.0,0.0,0.0,98.67401313,0.0,0.0,0.0,0.0,0.0
diverse_rec,ml20_lambda0,0.0,movielens_sample20of200_lambda0,20,9,12,106.9569745,106.9569745,106.9569745,98.3953136,1,7.101540804,solved (0.1 s),solved (0.0 s),0,0,opt,106.9569745,0.0,0.0,0.0,0.0,0.0,106.9569745,0.0,0.0,0.0,0.0,0.0,106.9569744903387,0.0,0.0,0.0,0.0,0.0,106.9569744903387,0.0,0.0,0.0,0.0,0.0,106.9569745,0.0,0.0,0.0,0.0,0.0,106.9569745,0.0,0.0,0.0,0.0,0.0,106.9569745,0.0,0.0,0.0,0.0,0.0,106.9569745,0.0,0.0,0.0,0.0,0.0,106.9569745,0.0,0.0,0.0,0.0,0.0,106.9569745,0.0,0.0,0.0,0.0,0.0,106.9569745,0.0,0.0,0.0,0.0,0.0
diverse_rec,ml20_lambda0,0.0,movielens_sample20of200_lambda0,20,9,13,115.0546303,115.0546303,115.0546303,101.4352388,1,7.101540804,solved (0.1 s),solved (0.0 s),0,0,opt,115.0546303,0.0,0.0,0.0,0.0,0.0,115.0546303,0.0,0.0,0.0,0.0,0.0,115.0546302936216,0.0,0.0,0.0,0.0,0.0,115.05463029362161,0.0,0.0,0.0,0.0,0.0,115.0546303,0.0,0.0,0.0,0.0,0.0,115.0546303,0.0,0.0,0.0,0.0,0.0,115.0546303,0.0,0.0,0.0,0.0,0.0,115.0546303,0.0,0.0,0.0,0.0,0.0,115.0546303,0.0,0.0,0.0,0.0,0.0,115.0546303,0.0,0.0,0.0,0.0,0.0,115.0546303,0.0,0.0,0.0,0.0,0.0
diverse_rec,ml20_lambda0,0.0,movielens_sample20of200_lambda0,20,9,14,122.9667318,122.9667318,122.9667318,103.685762,1,7.101540804,solved (0.1 s),solved (0.0 s),0,0,opt,122.9667318,0.0,0.0,0.0,0.0,0.0,122.9667318,0.0,0.0,0.0,0.0,0.0,122.96673175090447,0.0,0.0,0.0,0.0,0.0,122.96673175090449,0.0,0.0,0.0,0.0,0.0,122.9667318,0.0,0.0,0.0,0.0,0.0,122.9667318,0.0,0.0,0.0,0.0,0.0,122.9667318,0.0,0.0,0.0,0.0,0.0,122.9667318,0.0,0.0,0.0,0.0,0.0,122.9667318,0.0,0.0,0.0,0.0,0.0,122.9667318,0.0,0.0,0.0,0.0,0.0,122.9667318,0.0,0.0,0.0,0.0,0.0
diverse_rec,ml20_lambda0,0.0,movielens_sample20of200_lambda0,20,9,15,130.8603771,130.8603771,130.8603771,105.1361985,1,7.101540804,solved (0.1 s),solved (0.0 s),0,0,opt,130.8603771,0.0,0.0,0.0,0.0,0.0,130.8603771,0.0,0.0,0.0,0.0,0.0,130.86037712060977,0.0,0.0,0.0,0.0,0.0,130.86037712060974,0.0,0.0,0.0,0.0,0.0,130.8603771,0.0,0.0,0.0,0.0,0.0,130.8603771,0.0,0.0,0.0,0.0,0.0,130.8603771,0.0,0.0,0.0,0.0,0.0,130.8603771,0.0,0.0,0.0,0.0,0.0,130.8603771,0.0,0.0,0.0,0.0,0.0,130.8603771,0.0,0.0,0.0,0.0,0.0,130.8603771,0.0,0.0,0.0,0.0,0.0
diverse_rec,ml20_lambda0,0.0,movielens_sample20of200_lambda0,20,9,16,138.7323904,138.7323904,138.7323904,106.1913125,1,7.101540804,solved (0.1 s),solved (0.0 s),0,0,opt,138.7323904,0.0,0.0,0.0,0.0,0.0,138.7323904,0.0,0.0,0.0,0.0,0.0,138.73239040704615,0.0,0.0,0.0,0.0,0.0,138.73239040704618,0.0,0.0,0.0,0.0,0.0,138.7323904,0.0,0.0,0.0,0.0,0.0,138.7323904,0.0,0.0,0.0,0.0,0.0,138.7323904,0.0,0.0,0.0,0.0,0.0,138.7323904,0.0,0.0,0.0,0.0,0.0,138.7323904,0.0,0.0,0.0,0.0,0.0,138.7323904,0.0,0.0,0.0,0.0,0.0,138.7323904,0.0,0.0,0.0,0.0,0.0
diverse_rec,ml20_lambda0,0.0,movielens_sample20of200_lambda0,20,9,17,146.5550473,146.5550473,146.5550473,107.1940822,1,7.101540804,solved (0.1 s),solved (0.0 s),0,0,opt,146.5550473,0.0,0.0,0.0,0.0,0.0,146.5550473,0.0,0.0,0.0,0.0,0.0,146.55504725520984,0.0,0.0,0.0,0.0,0.0,146.55504725520984,0.0,0.0,0.0,0.0,0.0,146.5550473,0.0,0.0,0.0,0.0,0.0,146.5550473,0.0,0.0,0.0,0.0,0.0,146.5550473,0.0,0.0,0.0,0.0,0.0,146.5550473,0.0,0.0,0.0,0.0,0.0,146.5550473,0.0,0.0,0.0,0.0,0.0,146.5550473,0.0,0.0,0.0,0.0,0.0,146.5550473,0.0,0.0,0.0,0.0,0.0
diverse_rec,ml20_lambda0,0.0,movielens_sample20of200_lambda0,20,9,18,154.0440598,154.0440598,154.0440598,107.9119465,1,7.101540804,solved (0.1 s),solved (0.0 s),0,0,opt,154.0440598,0.0,0.0,0.0,0.0,0.0,154.0440598,0.0,0.0,0.0,0.0,0.0,154.04405976661954,0.0,0.0,0.0,0.0,0.0,154.04405976661957,0.0,0.0,0.0,0.0,0.0,154.0440598,0.0,0.0,0.0,0.0,0.0,154.0440598,0.0,0.0,0.0,0.0,0.0,154.0440598,0.0,0.0,0.0,0.0,0.0,154.0440598,0.0,0.0,0.0,0.0,0.0,154.0440598,0.0,0.0,0.0,0.0,0.0,154.0440598,0.0,0.0,0.0,0.0,0.0,154.0440598,0.0,0.0,0.0,0.0,0.0
diverse_rec,ml20_lambda0,0.0,movielens_sample20of200_lambda0,20,9,19,161.2142546,161.2142546,161.2142546,108.0335622,1,7.101540804,solved (0.1 s),solved (0.0 s),0,0,opt,161.2142546,0.0,0.0,0.0,0.0,0.0,161.2142546,0.0,0.0,0.0,0.0,0.0,161.21425464331537,0.0,0.0,0.0,0.0,0.0,161.21425464331537,0.0,0.0,0.0,0.0,0.0,161.2142546,0.0,0.0,0.0,0.0,0.0,161.2142546,0.0,0.0,0.0,0.0,0.0,161.2142546,0.0,0.0,0.0,0.0,0.0,161.2142546,0.0,0.0,0.0,0.0,0.0,161.2142546,0.0,0.0,0.0,0.0,0.0,161.2142546,0.0,0.0,0.0,0.0,0.0,161.2142546,0.0,0.0,0.0,0.0,0.0
diverse_rec,ml20_lambda0,0.0,movielens_sample20of200_lambda0,20,9,20,168.3157954,168.3157954,168.3157954,108.0865533,1,7.101540804,solved (0.1 s),solved (0.0 s),0,0,opt,168.3157954,0.0,0.0,0.0,0.0,0.0,168.3157954,0.0,0.0,0.0,0.0,0.0,168.31579544686716,0.0,0.0,0.0,0.0,0.0,168.31579544686718,0.0,0.0,0.0,0.0,0.0,168.3157954,0.0,0.0,0.0,0.0,0.0,168.3157954,0.0,0.0,0.0,0.0,0.0,168.3157954,0.0,0.0,0.0,0.0,0.0,168.3157954,0.0,0.0,0.0,0.0,0.0,168.3157954,0.0,0.0,0.0,0.0,0.0,168.3157954,0.0,0.0,0.0,0.0,0.0,168.3157954,0.0,0.0,0.0,0.0,0.0
diverse_rec,ml20_lambda0.1,0.1,movielens_sample20of200_lambda0.1,20,0,1,9.419434616,9.419434616,9.419434616,9.419434616,1,5.55386574,solved (0.1 s),solved (0.1 s),0,0,opt,9.419434616,0.0,0.0,0.0,0.0,0.0,9.419434616,0.0,0.0,0.0,0.0,0.0,9.41943461617524,0.0,0.0,0.0,0.0,0.0,9.41943461617524,0.0,0.0,0.0,0.0,0.0,9.419434616,0.0,0.0,0.0,0.0,0.0,9.419434616,0.0,0.0,0.0,0.0,0.0,9.419434616,0.0,0.0,0.0,0.0,0.0,9.419434616,0.0,0.0,0.0,0.0,0.0,9.419434616,0.0,0.0,0.0,0.0,0.0,9.419434616,0.0,0.0,0.0,0.0,0.0,9.419434616,0.0,0.0,0.0,0.0,0.0
diverse_rec,ml20_lambda0.1,0.1,movielens_sample20of200_lambda0.1,20,0,2,18.69545551,18.69545551,18.69545551,18.19255141,1,5.55386574,solved (0.1 s),solved (0.1 s),0,0,opt,18.69545551,0.0,0.0,0.0,0.0,0.0,18.80844685,0.0,0.0,0.0,0.0,0.0,18.729107750802918,0.0,0.0,0.0,0.0,0.0,18.729107750802918,0.0,0.0,0.0,0.0,0.0,18.69545551,0.0,0.0,0.0,0.0,0.0,18.69545551,0.0,0.0,0.0,0.0,0.0,18.80844685,0.0,0.0,0.0,0.0,0.0,18.80844685,0.0,0.0,0.0,0.0,0.0,18.69545551,0.0,0.0,0.0,0.0,0.0,18.72910775,0.0,0.0,0.0,0.0,0.0,18.72910775,0.0,0.0,0.0,0.0,0.0
diverse_rec,ml20_lambda0.1,0.1,movielens_sample20of200_lambda0.1,20,0,3,26.86163891,26.86163891,26.86163891,26.15587226,1,5.55386574,solved (0.1 s),solved (0.1 s),0,0,opt,26.9472635,0.0,0.0,0.0,0.0,0.0,27.1602681,0.0,0.0,0.0,0.0,0.0,26.929783405028232,0.0,0.0,0.0,0.0,0.0,26.929783405028232,0.0,0.0,0.0,0.0,0.0,26.9472635,0.0,0.0,0.0,0.0,0.0,26.9472635,0.0,0.0,0.0,0.0,0.0,27.1602681,0.0,0.0,0.0,0.0,0.0,27.1602681,0.0,0.0,0.0,0.0,0.0,26.9472635,0.0,0.0,0.0,0.0,0.0,26.92978341,0.0,0.0,0.0,0.0,0.0,26.92978341,0.0,0.0,0.0,0.0,0.0
diverse_rec,ml20_lambda0.1,0.1,movielens_sample20of200_lambda0.1,20,0,4,34.82667568,34.82667568,34.82667568,34.06197591,1,5.55386574,solved (0.1 s),solved (0.1 s),0,0,opt,35.19778291,0.0,0.0,0.0,0.0,0.0,35.41207609,0.0,0.0,0.0,0.0,0.0,35.01750692585511,0.0,0.0,0.0,0.0,0.0,35.01750692585511,0.0,0.0,0.0,0.0,0.0,35.19778291,0.0,0.0,0.0,0.0,0.0,35.19778291,0.0,0.0,0.0,0.0,0.0,35.41207609,0.0,0.0,0.0,0.0,0.0,35.41207609,0.0,0.0,0.0,0.0,0.0,35.19778291,0.0,0.0,0.0,0.0,0.0,35.01750693,0.0,0.0,0.0,0.0,0.0,35.01750693,0.0,0.0,0.0,0.0,0.0
diverse_rec,ml20_lambda0.1,0.1,movielens_sample20of200_lambda0.1,20,0,5,42.69765296,42.69765296,42.69765296,41.83655671,1,5.55386574,solved (0.1 s),solved (0.1 s),0,0,opt,43.41506113,0.0,0.0,0.0,0.0,0.0,43.6625955,0.0,0.0,0.0,0.0,0.0,43.07134531872232,0.0,0.0,0.0,0.0,0.0,43.071345318722315,0.0,0.0,0.0,0.0,0.0,43.41506113,0.0,0.0,0.0,0.0,0.0,43.41506113,0.0,0.0,0.0,0.0,0.0,43.6625955,0.0,0.0,0.0,0.0,0.0,43.6625955,0.0,0.0,0.0,0.0,0.0,43.41506113,0.0,0.0,0.0,0.0,0.0,43.07134532,0.0,0.0,0.0,0.0,0.0,43.07134532,0.0,0.0,0.0,0.0,0.0
diverse_rec,ml20_lambda0.1,0.1,movielens_sample20of200_lambda0.1,20,0,6,50.46977299,50.46977299,50.46977299,49.42635962,1,5.55386574,solved (0.1 s),solved (0.1 s),0,0,opt,51.58063156,0.0,0.0,0.0,0.0,0.0,51.87987372,0.0,0.0,0.0,0.0,0.0,51.067756645694416,0.0,0.0,0.0,0.0,0.0,51.06775664569441,0.0,0.0,0.0,0.0,0.0,51.58063156,0.0,0.0,0.0,0.0,0.0,51.58063156,0.0,0.0,0.0,0.0,0.0,51.87987372,0.0,0.0,0.0,0.0,0.0,51.87987372,0.0,0.0,0.0,0.0,0.0,51.58063156,0.0,0.0,0.0,0.0,0.0,51.06775665,0.0,0.0,0.0,0.0,0.0,51.06775665,0.0,0.0,0.0,0.0,0.0
diverse_rec,ml20_lambda0.1,0.1,movielens_sample20of200_lambda0.1,20,0,7,58.13963904,58.13963904,58.13963904,56.86163921,1,5.55386574,solved (0.1 s),solved (0.1 s),0,0,opt,59.73539527,0.0,0.0,0.0,0.0,0.0,60.04544415,0.0,0.0,0.0,0.0,0.0,58.998400745276776,0.0,0.0,0.0,0.0,0.0,58.998400745276776,0.0,0.0,0.0,0.0,0.0,59.73539527,0.0,0.0,0.0,0.0,0.0,59.73539527,0.0,0.0,0.0,0.0,0.0,60.04544415,0.0,0.0,0.0,0.0,0.0,60.04544415,0.0,0.0,0.0,0.0,0.0,59.73539527,0.0,0.0,0.0,0.0,0.0,59.0000587,0.0,0.0,0.0,0.0,0.0,58.99840075,0.0,0.0,0.0,0.0,0.0
diverse_rec,ml20_lambda0.1,0.1,movielens_sample20of200_lambda0.1,20,0,8,65.68069007,65.68069007,65.68069007,64.15794778,1,5.55386574,solved (0.1 s),solved (0.1 s),0,0,opt,67.85691333,0.0,0.0,0.0,0.0,0.0,68.20020786,0.0,0.0,0.0,0.0,0.0,66.6343087452412,0.0,0.0,0.0,0.0,0.0,66.6343087452412,0.0,0.0,0.0,0.0,0.0,67.85691333,0.0,0.0,0.0,0.0,0.0,67.85691333,0.0,0.0,0.0,0.0,0.0,68.20020786,0.0,0.0,0.0,0.0,0.0,68.20020786,0.0,0.0,0.0,0.0,0.0,67.85691333,0.0,0.0,0.0,0.0,0.0,66.63430875,0.0,0.0,0.0,0.0,0.0,66.63430875,0.0,0.0,0.0,0.0,0.0
diverse_rec,ml20_lambda0.1,0.1,movielens_sample20of200_lambda0.1,20,0,9,73.09569587,73.09569587,73.09569587,71.13975236,1,5.55386574,solved (0.1 s),solved (0.1 s),0,0,opt,75.75907371,0.0,0.0,0.0,0.0,0.0,76.32172592,0.0,0.0,0.0,0.0,0.0,74.10944013428522,0.0,0.0,0.0,0.0,0.0,74.10944013428522,0.0,0.0,0.0,0.0,0.0,75.75907371,0.0,0.0,0.0,0.0,0.0,75.75907371,0.0,0.0,0.0,0.0,0.0,76.32172592,0.0,0.0,0.0,0.0,0.0,76.32172592,0.0,0.0,0.0,0.0,0.0,75.75907371,0.0,0.0,0.0,0.0,0.0,74.11014614,0.0,0.0,0.0,0.0,0.0,74.10944013,0.0,0.0,0.0,0.0,0.0
diverse_rec,ml20_lambda0.1,0.1,movielens_sample20of200_lambda0.1,20,0,10,80.32693791,80.32693791,80.32693791,78.00123132,1,5.55386574,solved (0.1 s),solved (0.1 s),0,0,opt,83.65918139,0.0,0.0,0.0,0.0,0.0,84.2238863,0.0,0.0,0.0,0.0,0.0,81.34390131069443,0.0,0.0,0.0,0.0,0.0,81.34390131069443,0.0,0.0,0.0,0.0,0.0,83.65918139,0.0,0.0,0.0,0.0,0.0,83.65918139,0.0,0.0,0.0,0.0,0.0,84.2238863,0.0,0.0,0.0,0.0,0.0,84.2238863,0.0,0.0,0.0,0.0,0.0,83.65918139,0.0,0.0,0.0,0.0,0.0,81.34546632,0.0,0.0,0.0,0.0,0.0,81.34390131,0.0,0.0,0.0,0.0,0.0
diverse_rec,ml20_lambda0.1,0.1,movielens_sample20of200_lambda0.1,20,0,11,87.43786558,87.43786558,87.43786558,83.80821176,1,5.55386574,solved (0.1 s),solved (0.1 s),0,0,opt,91.49230851,0.0,0.0,0.0,0.0,0.0,92.12399398,0.0,0.0,0.0,0.0,0.0,88.1575837201958,0.0,0.0,0.0,0.0,0.0,88.1575837201958,0.0,0.0,0.0,0.0,0.0,91.49230851,0.0,0.0,0.0,0.0,0.0,91.49230851,0.0,0.0,0.0,0.0,0.0,92.12399398,0.0,0.0,0.0,0.0,0.0,92.12399398,0.0,0.0,0.0,0.0,0.0,91.49230851,0.0,0.0,0.0,0.0,0.0,88.16249668,0.0,0.0,0.0,0.0,0.0,88.15758372,0.0,0.0,0.0,0.0,0.0
diverse_rec,ml20_lambda0.1,0.1,movielens_sample20of200_lambda0.1,20,0,12,94.41885975,94.41885975,94.41885975,88.08922225,1,5.55386574,solved (0.1 s),solved (0.1 s),0,0,opt,99.23127392,0.0,0.0,0.0,0.0,0.0,99.9571211,0.0,0.0,0.0,0.0,0.0,94.85834341177406,0.0,0.0,0.0,0.0,0.0,94.85834341177406,0.0,0.0,0.0,0.0,0.0,99.23127392,0.0,0.0,0.0,0.0,0.0,99.23127392,0.0,0.0,0.0,0.0,0.0,99.9571211,0.0,0.0,0.0,0.0,0.0,99.9571211,0.0,0.0,0.0,0.0,0.0,99.23127392,0.0,0.0,0.0,0.0,0.0,94.86017593,0.0,0.0,0.0,0.0,0.0,94.85834341,0.0,0.0,0.0,0.0,0.0
diverse_rec,ml20_lambda0.1,0.1,movielens_sample20of200_lambda0.1,20,0,13,101.2560747,101.2560747,101.2560747,90.76523209,1,5.55386574,solved (0.1 s),solved (0.1 s),0,0,opt,106.8968895,0.0,0.0,0.0,0.0,0.0,107.6960865,0.0,0.0,0.0,0.0,0.0,101.52258459008304,0.0,0.0,0.0,0.0,0.0,101.52258459008304,0.0,0.0,0.0,0.0,0.0,106.8968895,0.0,0.0,0.0,0.0,0.0,106.8968895,0.0,0.0,0.0,0.0,0.0,107.6960865,0.0,0.0,0.0,0.0,0.0,107.6960865,0.0,0.0,0.0,0.0,0.0,106.8968895,0.0,0.0,0.0,0.0,0.0,101.5225846,0.0,0.0,0.0,0.0,0.0,101.5225846,0.0,0.0,0.0,0.0,0.0
diverse_rec,ml20_lambda0.1,0.1,movielens_sample20of200_lambda0.1,20,0,14,107.9878274,107.9878274,107.9878274,92.83944995,1,5.55386574,solved (0.1 s),solved (0.1 s),0,0,opt,114.4263307,0.0,0.0,0.0,0.0,0.0,115.3617021,0.0,0.0,0.0,0.0,0.0,108.0825388028422,0.0,0.0,0.0,0.0,0.0,108.0825388028422,0.0,0.0,0.0,0.0,0.0,114.4263307,0.0,0.0,0.0,0.0,0.0,114.4263307,0.0,0.0,0.0,0.0,0.0,115.3617021,0.0,0.0,0.0,0.0,0.0,115.3617021,0.0,0.0,0.0,0.0,0.0,114.4263307,0.0,0.0,0.0,0.0,0.0,108.0826592,0.0,0.0,0.0,0.0,0.0,108.0825388,0.0,0.0,0.0,0.0,0.0
diverse_rec,ml20_lambda0.1,0.1,movielens_sample20of200_lambda0.1,20,0,15,114.4917018,114.4917018,114.4917018,93.90936974,1,5.55386574,solved (0.1 s),solved (0.1 s),0,0,opt,121.8508496,0.0,0.0,0.0,0.0,0.0,122.8911433,0.0,0.0,0.0,0.0,0.0,114.56065426177875,0.0,0.0,0.0,0.0,0.0,114.56065426177875,0.0,0.0,0.0,0.0,0.0,121.8508496,0.0,0.0,0.0,0.0,0.0,121.8508496,0.0,0.0,0.0,0.0,0.0,122.8911433,0.0,0.0,0.0,0.0,0.0,122.8911433,0.0,0.0,0.0,0.0,0.0,121.8508496,0.0,0.0,0.0,0.0,0.0,114.5606543,0.0,0.0,0.0,0.0,0.0,114.5606543,0.0,0.0,0.0,0.0,0.0
diverse_rec,ml20_lambda0.1,0.1,movielens_sample20of200_lambda0.1,20,0,16,120.8913132,120.8913132,120.8913132,95.28661858,1,5.55386574,solved (0.1 s),solved (0.1 s),0,0,opt,129.1500482,0.0,0.0,0.0,0.0,0.0,130.3447154,0.0,0.0,0.0,0.0,0.0,120.94224201451837,0.0,0.0,0.0,0.0,0.0,120.94224201451837,0.0,0.0,0.0,0.0,0.0,129.1500482,0.0,0.0,0.0,0.0,0.0,129.1500482,0.0,0.0,0.0,0.0,0.0,130.3447154,0.0,0.0,0.0,0.0,0.0,130.3447154,0.0,0.0,0.0,0.0,0.0,129.1500482,0.0,0.0,0.0,0.0,0.0,120.942242,0.0,0.0,0.0,0.0,0.0,120.942242,0.0,0.0,0.0,0.0,0.0
diverse_rec,ml20_lambda0.1,0.1,movielens_sample20of200_lambda0.1,20,0,17,127.168641,127.168641,127.168641,95.95015891,1,5.55386574,solved (0.1 s),solved (0.1 s),0,0,opt,136.1450667,0.0,0.0,0.0,0.0,0.0,137.7692343,0.0,0.0,0.0,0.0,0.0,127.1686409802656,0.0,0.0,0.0,0.0,0.0,127.1686409802656,0.0,0.0,0.0,0.0,0.0,136.1450667,0.0,0.0,0.0,0.0,0.0,136.1450667,0.0,0.0,0.0,0.0,0.0,137.7692343,0.0,0.0,0.0,0.0,0.0,137.7692343,0.0,0.0,0.0,0.0,0.0,136.1450667,0.0,0.0,0.0,0.0,0.0,127.168641,0.0,0.0,0.0,0.0,0.0,127.168641,0.0,0.0,0.0,0.0,0.0
diverse_rec,ml20_lambda0.1,0.1,movielens_sample20of200_lambda0.1,20,0,18,133.3007549,133.3007549,133.3007549,95.78403089,1,5.55386574,solved (0.1 s),solved (0.1 s),0,0,opt,142.8623989,0.0,0.0,0.0,0.0,0.0,144.774775,0.0,0.0,0.0,0.0,0.0,133.3007549483384,0.0,0.0,0.0,0.0,0.0,133.30075494833844,0.0,0.0,0.0,0.0,0.0,142.8623989,0.0,0.0,0.0,0.0,0.0,142.8623989,0.0,0.0,0.0,0.0,0.0,145.0684329,0.0,0.0,0.0,0.0,0.0,144.774775,0.0,0.0,0.0,0.0,0.0,142.8623989,0.0,0.0,0.0,0.0,0.0,133.3007549,0.0,0.0,0.0,0.0,0.0,133.3007549,0.0,0.0,0.0,0.0,0.0
diverse_rec,ml20_lambda0.1,0.1,movielens_sample20of200_lambda0.1,20,0,19,139.1488395,139.1488395,139.1488395,96.25313887,1,5.55386574,solved (0.1 s),solved (0.1 s),0,0,opt,144.7027052,0.0,0.0,0.0,0.0,0.0,144.7027052,0.0,0.0,0.0,0.0,0.0,139.14883946891567,0.0,0.0,0.0,0.0,0.0,139.14883946891567,0.0,0.0,0.0,0.0,0.0,144.70270516,0.0,0.0,0.0,0.0,0.0,144.7027052,0.0,0.0,0.0,0.0,0.0,152.0634514,0.0,0.0,0.0,0.0,0.0,144.7027052,0.0,0.0,0.0,0.0,0.0,144.7027052,0.0,0.0,0.0,0.0,0.0,139.1488395,0.0,0.0,0.0,0.0,0.0,139.1488395,0.0,0.0,0.0,0.0,0.0
diverse_rec,ml20_lambda0.1,0.1,movielens_sample20of200_lambda0.1,20,0,20,144.7027052,144.7027052,144.7027052,96.27369655,1,5.55386574,solved (0.1 s),solved (0.1 s),0,0,opt,144.7027052,0.0,0.0,0.0,0.0,0.0,144.7027052,0.0,0.0,0.0,0.0,0.0,144.70270520919382,0.0,0.0,0.0,0.0,0.0,144.70270520919377,0.0,0.0,0.0,0.0,0.0,144.70270516,0.0,0.0,0.0,0.0,0.0,144.7027052,0.0,0.0,0.0,0.0,0.0,158.7807836,0.0,0.0,0.0,0.0,0.0,144.7027052,0.0,0.0,0.0,0.0,0.0,144.7027052,0.0,0.0,0.0,0.0,0.0,144.7027052,0.0,0.0,0.0,0.0,0.0,144.7027052,0.0,0.0,0.0,0.0,0.0
diverse_rec,ml20_lambda0.1,0.1,movielens_sample20of200_lambda0.1,20,1,1,9.68657435,9.68657435,9.68657435,9.68657435,1,5.424253167,solved (0.0 s),solved (0.1 s),0,0,opt,9.68657435,0.0,0.0,0.0,0.0,0.0,9.68657435,0.0,0.0,0.0,0.0,0.0,9.686574350404328,0.0,0.0,0.0,0.0,0.0,9.686574350404328,0.0,0.0,0.0,0.0,0.0,9.68657435,0.0,0.0,0.0,0.0,0.0,9.68657435,0.0,0.0,0.0,0.0,0.0,9.68657435,0.0,0.0,0.0,0.0,0.0,9.68657435,0.0,0.0,0.0,0.0,0.0,9.68657435,0.0,0.0,0.0,0.0,0.0,9.68657435,0.0,0.0,0.0,0.0,0.0,9.68657435,0.0,0.0,0.0,0.0,0.0
diverse_rec,ml20_lambda0.1,0.1,movielens_sample20of200_lambda0.1,20,1,2,18.66345403,18.66345403,18.66345403,18.4996266,1,5.424253167,solved (0.0 s),solved (0.1 s),0,0,opt,18.7477553,0.0,0.0,0.0,0.0,0.0,18.77702199,0.0,0.0,0.0,0.0,0.0,18.733963235923692,0.0,0.0,0.0,0.0,0.0,18.733963235923692,0.0,0.0,0.0,0.0,0.0,18.7477553,0.0,0.0,0.0,0.0,0.0,18.7477553,0.0,0.0,0.0,0.0,0.0,18.77702199,0.0,0.0,0.0,0.0,0.0,18.77702199,0.0,0.0,0.0,0.0,0.0,18.7477553,0.0,0.0,0.0,0.0,0.0,18.73396324,0.0,0.0,0.0,0.0,0.0,18.73396324,0.0,0.0,0.0,0.0,0.0
diverse_rec,ml20_lambda0.1,0.1,movielens_sample20of200_lambda0.1,20,1,3,27.51397948,27.51397948,27.51397948,27.18536255,1,5.424253167,solved (0.0 s),solved (0.1 s),0,0,opt,27.76229182,0.0,0.0,0.0,0.0,0.0,27.83820293,0.0,0.0,0.0,0.0,0.0,27.743652891488274,0.0,0.0,0.0,0.0,0.0,27.74365289148827,0.0,0.0,0.0,0.0,0.0,27.76229182,0.0,0.0,0.0,0.0,0.0,27.76229182,0.0,0.0,0.0,0.0,0.0,27.83820293,0.0,0.0,0.0,0.0,0.0,27.83820293,0.0,0.0,0.0,0.0,0.0,27.76229182,0.0,0.0,0.0,0.0,0.0,27.74365289,0.0,0.0,0.0,0.0,0.0,27.74365289,0.0,0.0,0.0,0.0,0.0
diverse_rec,ml20_lambda0.1,0.1,movielens_sample20of200_lambda0.1,20,1,4,36.23420407,36.23420407,36.23420407,35.55294857,1,5.424253167,solved (0.0 s),solved (0.1 s),0,0,opt,36.49252941,0.0,0.0,0.0,0.0,0.0,36.85273946,0.0,0.0,0.0,0.0,0.0,36.56764087481792,0.0,0.0,0.0,0.0,0.0,36.56764087481793,0.0,0.0,0.0,0.0,0.0,36.49252941,0.0,0.0,0.0,0.0,0.0,36.49252941,0.0,0.0,0.0,0.0,0.0,36.85273946,0.0,0.0,0.0,0.0,0.0,36.85273946,0.0,0.0,0.0,0.0,0.0,36.49252941,0.0,0.0,0.0,0.0,0.0,36.56764087,0.0,0.0,0.0,0.0,0.0,36.56764087,0.0,0.0,0.0,0.0,0.0
diverse_rec,ml20_lambda0.1,0.1,movielens_sample20of200_lambda0.1,20,1,5,44.55227758,44.55227758,44.55227758,43.63582428,1,5.424253167,solved (0.0 s),solved (0.1 s),0,0,opt,45.16039807,0.0,0.0,0.0,0.0,0.0,45.58297705,0.0,0.0,0.0,0.0,0.0,45.09303348547536,0.0,0.0,0.0,0.0,0.0,45.09303348547536,0.0,0.0,0.0,0.0,0.0,45.16039807,0.0,0.0,0.0,0.0,0.0,45.16039807,0.0,0.0,0.0,0.0,0.0,45.58297705,0.0,0.0,0.0,0.0,0.0,45.58297705,0.0,0.0,0.0,0.0,0.0,45.16039807,0.0,0.0,0.0,0.0,0.0,45.09303349,0.0,0.0,0.0,0.0,0.0,45.09303349,0.0,0.0,0.0,0.0,0.0
diverse_rec,ml20_lambda0.1,0.1,movielens_sample20of200_lambda0.1,20,1,6,52.7261155,52.7261155,52.7261155,51.50534277,1,5.424253167,solved (0.0 s),solved (0.1 s),0,0,opt,53.64190382,0.0,0.0,0.0,0.0,0.0,54.2508457,0.0,0.0,0.0,0.0,0.0,53.35376470468234,0.0,0.0,0.0,0.0,0.0,53.35376470468235,0.0,0.0,0.0,0.0,0.0,53.64190382,0.0,0.0,0.0,0.0,0.0,53.64190382,0.0,0.0,0.0,0.0,0.0,54.2508457,0.0,0.0,0.0,0.0,0.0,54.2508457,0.0,0.0,0.0,0.0,0.0,53.64190382,0.0,0.0,0.0,0.0,0.0,53.3537647,0.0,0.0,0.0,0.0,0.0,53.3537647,0.0,0.0,0.0,0.0,0.0
diverse_rec,ml20_lambda0.1,0.1,movielens_sample20of200_lambda0.1,20,1,7,60.68753326,60.68753326,60.68753326,59.06382662,1,5.424253167,solved (0.0 s),solved (0.1 s),0,0,opt,62.11742463,0.0,0.0,0.0,0.0,0.0,62.73235146,0.0,0.0,0.0,0.0,0.0,61.371738728499594,0.0,0.0,0.0,0.0,0.0,61.37173872849959,0.0,0.0,0.0,0.0,0.0,62.11742463,0.0,0.0,0.0,0.0,0.0,62.11742463,0.0,0.0,0.0,0.0,0.0,62.73235146,0.0,0.0,0.0,0.0,0.0,62.73235146,0.0,0.0,0.0,0.0,0.0,62.11742463,0.0,0.0,0.0,0.0,0.0,61.37173873,0.0,0.0,0.0,0.0,0.0,61.37173873,0.0,0.0,0.0,0.0,0.0
diverse_rec,ml20_lambda0.1,0.1,movielens_sample20of200_lambda0.1,20,1,8,68.53530987,68.53530987,68.53530987,66.36517696,1,5.424253167,solved (0.0 s),solved (0.1 s),0,0,opt,70.35750603,0.0,0.0,0.0,0.0,0.0,71.20787226,0.0,0.0,0.0,0.0,0.0,69.13928369906274,0.0,0.0,0.0,0.0,0.0,69.13928369906274,0.0,0.0,0.0,0.0,0.0,70.35750603,0.0,0.0,0.0,0.0,0.0,70.35750603,0.0,0.0,0.0,0.0,0.0,71.20787226,0.0,0.0,0.0,0.0,0.0,71.20787226,0.0,0.0,0.0,0.0,0.0,70.35750603,0.0,0.0,0.0,0.0,0.0,69.14107022,0.0,0.0,0.0,0.0,0.0,69.1392837,0.0,0.0,0.0,0.0,0.0
diverse_rec,ml20_lambda0.1,0.1,movielens_sample20of200_lambda0.1,20,1,9,76.08766935,76.08766935,76.08766935,73.48531002,1,5.424253167,solved (0.0 s),solved (0.1 s),0,0,opt,78.55317021,0.0,0.0,0.0,0.0,0.0,79.44795367,0.0,0.0,0.0,0.0,0.0,76.58184770100053,0.0,0.0,0.0,0.0,0.0,76.58184770100053,0.0,0.0,0.0,0.0,0.0,78.55317021,0.0,0.0,0.0,0.0,0.0,78.55317021,0.0,0.0,0.0,0.0,0.0,79.44795367,0.0,0.0,0.0,0.0,0.0,79.44795367,0.0,0.0,0.0,0.0,0.0,78.55317021,0.0,0.0,0.0,0.0,0.0,76.58223377,0.0,0.0,0.0,0.0,0.0,76.5818477,0.0,0.0,0.0,0.0,0.0
diverse_rec,ml20_lambda0.1,0.1,movielens_sample20of200_lambda0.1,20,1,10,83.52871335,83.52871335,83.52871335,80.26703374,1,5.424253167,solved (0.0 s),solved (0.1 s),0,0,opt,86.65638704,0.0,0.0,0.0,0.0,0.0,87.64361785,0.0,0.0,0.0,0.0,0.0,83.94637884594464,0.0,0.0,0.0,0.0,0.0,83.94637884594464,0.0,0.0,0.0,0.0,0.0,86.65638704,0.0,0.0,0.0,0.0,0.0,86.65638704,0.0,0.0,0.0,0.0,0.0,87.64361785,0.0,0.0,0.0,0.0,0.0,87.64361785,0.0,0.0,0.0,0.0,0.0,86.65638704,0.0,0.0,0.0,0.0,0.0,83.94637885,0.0,0.0,0.0,0.0,0.0,83.94637885,0.0,0.0,0.0,0.0,0.0
diverse_rec,ml20_lambda0.1,0.1,movielens_sample20of200_lambda0.1,20,1,11,90.7688123,90.7688123,90.7688123,86.29843953,1,5.424253167,solved (0.0 s),solved (0.1 s),0,0,opt,94.66680458,0.0,0.0,0.0,0.0,0.0,95.74683468,0.0,0.0,0.0,0.0,0.0,91.09323388871645,0.0,0.0,0.0,0.0,0.0,91.09323388871645,0.0,0.0,0.0,0.0,0.0,94.66680458,0.0,0.0,0.0,0.0,0.0,94.66680458,0.0,0.0,0.0,0.0,0.0,95.74683468,0.0,0.0,0.0,0.0,0.0,95.74683468,0.0,0.0,0.0,0.0,0.0,94.66680458,0.0,0.0,0.0,0.0,0.0,91.09349073,0.0,0.0,0.0,0.0,0.0,91.09323389,0.0,0.0,0.0,0.0,0.0
diverse_rec,ml20_lambda0.1,0.1,movielens_sample20of200_lambda0.1,20,1,12,97.85697651,97.85697651,97.85697651,90.14396977,1,5.424253167,solved (0.0 s),solved (0.1 s),0,0,opt,102.5449599,0.0,0.0,0.0,0.0,0.0,103.7572522,0.0,0.0,0.0,0.0,0.0,98.13399532484978,0.0,0.0,0.0,0.0,0.0,98.13399532484976,0.0,0.0,0.0,0.0,0.0,102.5449599,0.0,0.0,0.0,0.0,0.0,102.5449599,0.0,0.0,0.0,0.0,0.0,103.7572522,0.0,0.0,0.0,0.0,0.0,103.7572522,0.0,0.0,0.0,0.0,0.0,102.5449599,0.0,0.0,0.0,0.0,0.0,98.13455569,0.0,0.0,0.0,0.0,0.0,98.13399532,0.0,0.0,0.0,0.0,0.0
diverse_rec,ml20_lambda0.1,0.1,movielens_sample20of200_lambda0.1,20,1,13,104.7897481,104.7897481,104.7897481,92.74709954,1,5.424253167,solved (0.0 s),solved (0.1 s),0,0,opt,110.3588286,0.0,0.0,0.0,0.0,0.0,111.6354075,0.0,0.0,0.0,0.0,0.0,104.99657429926117,0.0,0.0,0.0,0.0,0.0,104.99657429926117,0.0,0.0,0.0,0.0,0.0,110.3588286,0.0,0.0,0.0,0.0,0.0,110.3588286,0.0,0.0,0.0,0.0,0.0,111.6354075,0.0,0.0,0.0,0.0,0.0,111.6354075,0.0,0.0,0.0,0.0,0.0,110.3588286,0.0,0.0,0.0,0.0,0.0,104.9965743,0.0,0.0,0.0,0.0,0.0,104.9965743,0.0,0.0,0.0,0.0,0.0
diverse_rec,ml20_lambda0.1,0.1,movielens_sample20of200_lambda0.1,20,1,14,111.6355984,111.6355984,111.6355984,94.97302947,1,5.424253167,solved (0.0 s),solved (0.1 s),0,0,opt,117.9018351,0.0,0.0,0.0,0.0,0.0,119.4492763,0.0,0.0,0.0,0.0,0.0,111.63677719698222,0.0,0.0,0.0,0.0,0.0,111.63677719698222,0.0,0.0,0.0,0.0,0.0,117.9018351,0.0,0.0,0.0,0.0,0.0,117.9018351,0.0,0.0,0.0,0.0,0.0,119.4492763,0.0,0.0,0.0,0.0,0.0,119.4492763,0.0,0.0,0.0,0.0,0.0,117.9018351,0.0,0.0,0.0,0.0,0.0,111.6367772,0.0,0.0,0.0,0.0,0.0,111.6367772,0.0,0.0,0.0,0.0,0.0
diverse_rec,ml20_lambda0.1,0.1,movielens_sample20of200_lambda0.1,20,1,15,118.1150936,118.1150936,118.1150936,96.27546755,1,5.424253167,solved (0.0 s),solved (0.1 s),0,0,opt,125.2030239,0.0,0.0,0.0,0.0,0.0,126.9922827,0.0,0.0,0.0,0.0,0.0,118.11509361872892,0.0,0.0,0.0,0.0,0.0,118.11509361872892,0.0,0.0,0.0,0.0,0.0,125.2030239,0.0,0.0,0.0,0.0,0.0,125.2030239,0.0,0.0,0.0,0.0,0.0,126.9922827,0.0,0.0,0.0,0.0,0.0,126.9922827,0.0,0.0,0.0,0.0,0.0,125.2030239,0.0,0.0,0.0,0.0,0.0,118.1150936,0.0,0.0,0.0,0.0,0.0,118.1150936,0.0,0.0,0.0,0.0,0.0
diverse_rec,ml20_lambda0.1,0.1,movielens_sample20of200_lambda0.1,20,1,16,124.4456055,124.4456055,124.4456055,96.80962142,1,5.424253167,solved (0.0 s),solved (0.1 s),0,0,opt,132.4266049,0.0,0.0,0.0,0.0,0.0,134.3958885,0.0,0.0,0.0,0.0,0.0,124.4590207083934,0.0,0.0,0.0,0.0,0.0,124.4590207083934,0.0,0.0,0.0,0.0,0.0,132.4266049,0.0,0.0,0.0,0.0,0.0,132.4266049,0.0,0.0,0.0,0.0,0.0,134.3958885,0.0,0.0,0.0,0.0,0.0,134.3958885,0.0,0.0,0.0,0.0,0.0,132.4266049,0.0,0.0,0.0,0.0,0.0,124.4590207,0.0,0.0,0.0,0.0,0.0,124.4590207,0.0,0.0,0.0,0.0,0.0
diverse_rec,ml20_lambda0.1,0.1,movielens_sample20of200_lambda0.1,20,1,17,130.6682244,130.6682244,130.6682244,97.48552166,1,5.424253167,solved (0.0 s),solved (0.1 s),0,0,opt,139.1744334,0.0,0.0,0.0,0.0,0.0,141.6970774,0.0,0.0,0.0,0.0,0.0,130.6773138648467,0.0,0.0,0.0,0.0,0.0,130.6773138648467,0.0,0.0,0.0,0.0,0.0,139.1744334,0.0,0.0,0.0,0.0,0.0,139.1744334,0.0,0.0,0.0,0.0,0.0,141.6970774,0.0,0.0,0.0,0.0,0.0,141.6970774,0.0,0.0,0.0,0.0,0.0,139.1744334,0.0,0.0,0.0,0.0,0.0,130.6773139,0.0,0.0,0.0,0.0,0.0,130.6773139,0.0,0.0,0.0,0.0,0.0
diverse_rec,ml20_lambda0.1,0.1,movielens_sample20of200_lambda0.1,20,1,18,136.7562513,136.7562513,136.7562513,97.77209108,1,5.424253167,solved (0.0 s),solved (0.1 s),0,0,opt,145.7297499,0.0,0.0,0.0,0.0,0.0,147.8440787,0.0,0.0,0.0,0.0,0.0,136.75625133358437,0.0,0.0,0.0,0.0,0.0,136.75625133358434,0.0,0.0,0.0,0.0,0.0,145.7297499,0.0,0.0,0.0,0.0,0.0,145.7297499,0.0,0.0,0.0,0.0,0.0,148.9206584,0.0,0.0,0.0,0.0,0.0,147.8440787,0.0,0.0,0.0,0.0,0.0,145.7297499,0.0,0.0,0.0,0.0,0.0,136.7562513,0.0,0.0,0.0,0.0,0.0,136.7562513,0.0,0.0,0.0,0.0,0.0
diverse_rec,ml20_lambda0.1,0.1,movielens_sample20of200_lambda0.1,20,1,19,142.3771699,142.3771699,142.3771699,98.05559398,1,5.424253167,solved (0.0 s),solved (0.1 s),0,0,opt,147.801423,0.0,0.0,0.0,0.0,0.0,147.801423,0.0,0.0,0.0,0.0,0.0,142.3771698736073,0.0,0.0,0.0,0.0,0.0,142.3771698736073,0.0,0.0,0.0,0.0,0.0,147.801423,0.0,0.0,0.0,0.0,0.0,147.801423,0.0,0.0,0.0,0.0,0.0,155.6684869,0.0,0.0,0.0,0.0,0.0,147.801423,0.0,0.0,0.0,0.0,0.0,147.801423,0.0,0.0,0.0,0.0,0.0,142.3771699,0.0,0.0,0.0,0.0,0.0,142.3771699,0.0,0.0,0.0,0.0,0.0
diverse_rec,ml20_lambda0.1,0.1,movielens_sample20of200_lambda0.1,20,1,20,147.801423,147.801423,147.801423,97.71861459,1,5.424253167,solved (0.0 s),solved (0.1 s),0,0,opt,147.801423,0.0,0.0,0.0,0.0,0.0,147.801423,0.0,0.0,0.0,0.0,0.0,147.80142304025492,0.0,0.0,0.0,0.0,0.0,147.8014230402548,0.0,0.0,0.0,0.0,0.0,147.801423,0.0,0.0,0.0,0.0,0.0,147.801423,0.0,0.0,0.0,0.0,0.0,162.2238034,0.0,0.0,0.0,0.0,0.0,147.801423,0.0,0.0,0.0,0.0,0.0,147.801423,0.0,0.0,0.0,0.0,0.0,147.801423,0.0,0.0,0.0,0.0,0.0,147.801423,0.0,0.0,0.0,0.0,0.0
diverse_rec,ml20_lambda0.1,0.1,movielens_sample20of200_lambda0.1,20,2,1,9.407074946,9.407074946,9.407074946,9.407074946,1,5.271333352,solved (0.1 s),solved (0.1 s),0,0,opt,9.407074946,0.0,0.0,0.0,0.0,0.0,9.407074946,0.0,0.0,0.0,0.0,0.0,9.407074945866336,0.0,0.0,0.0,0.0,0.0,9.407074945866336,0.0,0.0,0.0,0.0,0.0,9.407074946,0.0,0.0,0.0,0.0,0.0,9.407074946,0.0,0.0,0.0,0.0,0.0,9.407074946,0.0,0.0,0.0,0.0,0.0,9.407074946,0.0,0.0,0.0,0.0,0.0,9.407074946,0.0,0.0,0.0,0.0,0.0,9.407074946,0.0,0.0,0.0,0.0,0.0,9.407074946,0.0,0.0,0.0,0.0,0.0
diverse_rec,ml20_lambda0.1,0.1,movielens_sample20of200_lambda0.1,20,2,2,18.67182676,18.67182676,18.67182676,18.40797107,1,5.271333352,solved (0.1 s),solved (0.1 s),0,0,opt,18.67182676,0.0,0.0,0.0,0.0,0.0,18.78571089,0.0,0.0,0.0,0.0,0.0,18.742241554621693,0.0,0.0,0.0,0.0,0.0,18.742241554621693,0.0,0.0,0.0,0.0,0.0,18.67182676,0.0,0.0,0.0,0.0,0.0,18.67182676,0.0,0.0,0.0,0.0,0.0,18.78571089,0.0,0.0,0.0,0.0,0.0,18.78571089,0.0,0.0,0.0,0.0,0.0,18.67182676,0.0,0.0,0.0,0.0,0.0,18.74224155,0.0,0.0,0.0,0.0,0.0,18.74224155,0.0,0.0,0.0,0.0,0.0
diverse_rec,ml20_lambda0.1,0.1,movielens_sample20of200_lambda0.1,20,2,3,27.28516176,27.28516176,27.28516176,26.92749707,1,5.271333352,solved (0.1 s),solved (0.1 s),0,0,opt,27.43192035,0.0,0.0,0.0,0.0,0.0,27.62920575,0.0,0.0,0.0,0.0,0.0,27.482401961330925,0.0,0.0,0.0,0.0,0.0,27.482401961330925,0.0,0.0,0.0,0.0,0.0,27.43192035,0.0,0.0,0.0,0.0,0.0,27.43192035,0.0,0.0,0.0,0.0,0.0,27.62920575,0.0,0.0,0.0,0.0,0.0,27.62920575,0.0,0.0,0.0,0.0,0.0,27.43192035,0.0,0.0,0.0,0.0,0.0,27.48240196,0.0,0.0,0.0,0.0,0.0,27.48240196,0.0,0.0,0.0,0.0,0.0
diverse_rec,ml20_lambda0.1,0.1,movielens_sample20of200_lambda0.1,20,2,4,35.75260704,35.75260704,35.75260704,35.04632761,1,5.271333352,solved (0.1 s),solved (0.1 s),0,0,opt,36.18325408,0.0,0.0,0.0,0.0,0.0,36.38929933,0.0,0.0,0.0,0.0,0.0,36.149181423781506,0.0,0.0,0.0,0.0,0.0,36.149181423781506,0.0,0.0,0.0,0.0,0.0,36.18325408,0.0,0.0,0.0,0.0,0.0,36.18325408,0.0,0.0,0.0,0.0,0.0,36.38929933,0.0,0.0,0.0,0.0,0.0,36.38929933,0.0,0.0,0.0,0.0,0.0,36.18325408,0.0,0.0,0.0,0.0,0.0,36.14918142,0.0,0.0,0.0,0.0,0.0,36.14918142,0.0,0.0,0.0,0.0,0.0
diverse_rec,ml20_lambda0.1,0.1,movielens_sample20of200_lambda0.1,20,2,5,44.1186214,44.1186214,44.1186214,42.90458909,1,5.271333352,solved (0.1 s),solved (0.1 s),0,0,opt,44.47840556,0.0,0.0,0.0,0.0,0.0,45.14063306,0.0,0.0,0.0,0.0,0.0,44.42293468939951,0.0,0.0,0.0,0.0,0.0,44.422934689399504,0.0,0.0,0.0,0.0,0.0,44.47840556,0.0,0.0,0.0,0.0,0.0,44.47840556,0.0,0.0,0.0,0.0,0.0,45.14063306,0.0,0.0,0.0,0.0,0.0,45.14063306,0.0,0.0,0.0,0.0,0.0,44.47840556,0.0,0.0,0.0,0.0,0.0,44.42293469,0.0,0.0,0.0,0.0,0.0,44.42293469,0.0,0.0,0.0,0.0,0.0
diverse_rec,ml20_lambda0.1,0.1,movielens_sample20of200_lambda0.1,20,2,6,51.96608308,51.96608308,51.96608308,50.43344347,1,5.271333352,solved (0.1 s),solved (0.1 s),0,0,opt,52.71760992,0.0,0.0,0.0,0.0,0.0,53.43578455,0.0,0.0,0.0,0.0,0.0,52.35219149852557,0.0,0.0,0.0,0.0,0.0,52.35219149852556,0.0,0.0,0.0,0.0,0.0,52.71760992,0.0,0.0,0.0,0.0,0.0,52.71760992,0.0,0.0,0.0,0.0,0.0,53.43578455,0.0,0.0,0.0,0.0,0.0,53.43578455,0.0,0.0,0.0,0.0,0.0,52.71760992,0.0,0.0,0.0,0.0,0.0,52.3521915,0.0,0.0,0.0,0.0,0.0,52.3521915,0.0,0.0,0.0,0.0,0.0
diverse_rec,ml20_lambda0.1,0.1,movielens_sample20of200_lambda0.1,20,2,7,59.6421179,59.6421179,59.6421179,57.7632167,1,5.271333352,solved (0.1 s),solved (0.1 s),0,0,opt,60.90192154,0.0,0.0,0.0,0.0,0.0,61.6749889,0.0,0.0,0.0,0.0,0.0,60.169610148127624,0.0,0.0,0.0,0.0,0.0,60.169610148127624,0.0,0.0,0.0,0.0,0.0,60.90192154,0.0,0.0,0.0,0.0,0.0,60.90192154,0.0,0.0,0.0,0.0,0.0,61.6749889,0.0,0.0,0.0,0.0,0.0,61.6749889,0.0,0.0,0.0,0.0,0.0,60.90192154,0.0,0.0,0.0,0.0,0.0,60.17020033,0.0,0.0,0.0,0.0,0.0,60.16961015,0.0,0.0,0.0,0.0,0.0
diverse_rec,ml20_lambda0.1,0.1,movielens_sample20of200_lambda0.1,20,2,8,67.24498194,67.24498194,67.24498194,64.83626474,1,5.271333352,solved (0.1 s),solved (0.1 s),0,0,opt,69.04570768,0.0,0.0,0.0,0.0,0.0,69.85930053,0.0,0.0,0.0,0.0,0.0,67.74799356343027,0.0,0.0,0.0,0.0,0.0,67.74799356343027,0.0,0.0,0.0,0.0,0.0,69.04570768,0.0,0.0,0.0,0.0,0.0,69.04570768,0.0,0.0,0.0,0.0,0.0,69.85930053,0.0,0.0,0.0,0.0,0.0,69.85930053,0.0,0.0,0.0,0.0,0.0,69.04570768,0.0,0.0,0.0,0.0,0.0,67.74799356,0.0,0.0,0.0,0.0,0.0,67.74799356,0.0,0.0,0.0,0.0,0.0
diverse_rec,ml20_lambda0.1,0.1,movielens_sample20of200_lambda0.1,20,2,9,74.69924497,74.69924497,74.69924497,71.64354769,1,5.271333352,solved (0.1 s),solved (0.1 s),0,0,opt,76.91659402,0.0,0.0,0.0,0.0,0.0,78.00308667,0.0,0.0,0.0,0.0,0.0,74.98988923759768,0.0,0.0,0.0,0.0,0.0,74.98988923759768,0.0,0.0,0.0,0.0,0.0,76.91659402,0.0,0.0,0.0,0.0,0.0,76.91659402,0.0,0.0,0.0,0.0,0.0,78.00308667,0.0,0.0,0.0,0.0,0.0,78.00308667,0.0,0.0,0.0,0.0,0.0,76.91659402,0.0,0.0,0.0,0.0,0.0,74.98988924,0.0,0.0,0.0,0.0,0.0,74.98988924,0.0,0.0,0.0,0.0,0.0
diverse_rec,ml20_lambda0.1,0.1,movielens_sample20of200_lambda0.1,20,2,10,81.86080002,81.86080002,81.86080002,78.35876435,1,5.271333352,solved (0.1 s),solved (0.1 s),0,0,opt,84.62683676,0.0,0.0,0.0,0.0,0.0,85.87397301,0.0,0.0,0.0,0.0,0.0,82.09697485080501,0.0,0.0,0.0,0.0,0.0,82.096974850805,0.0,0.0,0.0,0.0,0.0,84.62683676,0.0,0.0,0.0,0.0,0.0,84.62683676,0.0,0.0,0.0,0.0,0.0,85.87397301,0.0,0.0,0.0,0.0,0.0,85.87397301,0.0,0.0,0.0,0.0,0.0,84.62683676,0.0,0.0,0.0,0.0,0.0,82.09697485,0.0,0.0,0.0,0.0,0.0,82.09697485,0.0,0.0,0.0,0.0,0.0
diverse_rec,ml20_lambda0.1,0.1,movielens_sample20of200_lambda0.1,20,2,11,88.80224131,88.80224131,88.80224131,84.11582727,1,5.271333352,solved (0.1 s),solved (0.1 s),0,0,opt,92.22813971,0.0,0.0,0.0,0.0,0.0,93.58421575,0.0,0.0,0.0,0.0,0.0,88.92186274722806,0.0,0.0,0.0,0.0,0.0,88.92186274722806,0.0,0.0,0.0,0.0,0.0,92.22813971,0.0,0.0,0.0,0.0,0.0,92.22813971,0.0,0.0,0.0,0.0,0.0,93.58421575,0.0,0.0,0.0,0.0,0.0,93.58421575,0.0,0.0,0.0,0.0,0.0,92.22813971,0.0,0.0,0.0,0.0,0.0,88.92186275,0.0,0.0,0.0,0.0,0.0,88.92186275,0.0,0.0,0.0,0.0,0.0
diverse_rec,ml20_lambda0.1,0.1,movielens_sample20of200_lambda0.1,20,2,12,95.54040562,95.54040562,95.54040562,87.89989612,1,5.271333352,solved (0.1 s),solved (0.1 s),0,0,opt,99.77094869,0.0,0.0,0.0,0.0,0.0,101.1855187,0.0,0.0,0.0,0.0,0.0,95.64159593215096,0.0,0.0,0.0,0.0,0.0,95.64159593215095,0.0,0.0,0.0,0.0,0.0,99.77094869,0.0,0.0,0.0,0.0,0.0,99.77094869,0.0,0.0,0.0,0.0,0.0,101.1855187,0.0,0.0,0.0,0.0,0.0,101.1855187,0.0,0.0,0.0,0.0,0.0,99.77094869,0.0,0.0,0.0,0.0,0.0,95.64159593,0.0,0.0,0.0,0.0,0.0,95.64159593,0.0,0.0,0.0,0.0,0.0
diverse_rec,ml20_lambda0.1,0.1,movielens_sample20of200_lambda0.1,20,2,13,102.1360023,102.1360023,102.1360023,90.82247007,1,5.271333352,solved (0.1 s),solved (0.1 s),0,0,opt,107.2684675,0.0,0.0,0.0,0.0,0.0,108.7283277,0.0,0.0,0.0,0.0,0.0,102.32071650539227,0.0,0.0,0.0,0.0,0.0,102.32071650539227,0.0,0.0,0.0,0.0,0.0,107.2684675,0.0,0.0,0.0,0.0,0.0,107.2684675,0.0,0.0,0.0,0.0,0.0,108.7283277,0.0,0.0,0.0,0.0,0.0,108.7283277,0.0,0.0,0.0,0.0,0.0,107.2684675,0.0,0.0,0.0,0.0,0.0,102.3207165,0.0,0.0,0.0,0.0,0.0,102.3207165,0.0,0.0,0.0,0.0,0.0
diverse_rec,ml20_lambda0.1,0.1,movielens_sample20of200_lambda0.1,20,2,14,108.6585806,108.6585806,108.6585806,92.56146692,1,5.271333352,solved (0.1 s),solved (0.1 s),0,0,opt,114.7210994,0.0,0.0,0.0,0.0,0.0,116.2258465,0.0,0.0,0.0,0.0,0.0,108.86743463679757,0.0,0.0,0.0,0.0,0.0,108.86743463679757,0.0,0.0,0.0,0.0,0.0,114.7210994,0.0,0.0,0.0,0.0,0.0,114.7210994,0.0,0.0,0.0,0.0,0.0,116.2258465,0.0,0.0,0.0,0.0,0.0,116.2258465,0.0,0.0,0.0,0.0,0.0,114.7210994,0.0,0.0,0.0,0.0,0.0,108.8674346,0.0,0.0,0.0,0.0,0.0,108.8674346,0.0,0.0,0.0,0.0,0.0
diverse_rec,ml20_lambda0.1,0.1,movielens_sample20of200_lambda0.1,20,2,15,115.101337,115.101337,115.101337,93.86546473,1,5.271333352,solved (0.1 s),solved (0.1 s),0,0,opt,121.9683837,0.0,0.0,0.0,0.0,0.0,123.6784783,0.0,0.0,0.0,0.0,0.0,115.18237446373072,0.0,0.0,0.0,0.0,0.0,115.18237446373072,0.0,0.0,0.0,0.0,0.0,121.9683837,0.0,0.0,0.0,0.0,0.0,121.9683837,0.0,0.0,0.0,0.0,0.0,123.6784783,0.0,0.0,0.0,0.0,0.0,123.6784783,0.0,0.0,0.0,0.0,0.0,121.9683837,0.0,0.0,0.0,0.0,0.0,115.1823745,0.0,0.0,0.0,0.0,0.0,115.1823745,0.0,0.0,0.0,0.0,0.0
diverse_rec,ml20_lambda0.1,0.1,movielens_sample20of200_lambda0.1,20,2,16,121.3591987,121.3591987,121.3591987,94.54793432,1,5.271333352,solved (0.1 s),solved (0.1 s),0,0,opt,129.0342836,0.0,0.0,0.0,0.0,0.0,130.9680944,0.0,0.0,0.0,0.0,0.0,121.39358221803025,0.0,0.0,0.0,0.0,0.0,121.39358221803025,0.0,0.0,0.0,0.0,0.0,129.0342836,0.0,0.0,0.0,0.0,0.0,129.0342836,0.0,0.0,0.0,0.0,0.0,130.9680944,0.0,0.0,0.0,0.0,0.0,130.9680944,0.0,0.0,0.0,0.0,0.0,129.0342836,0.0,0.0,0.0,0.0,0.0,121.3935822,0.0,0.0,0.0,0.0,0.0,121.3935822,0.0,0.0,0.0,0.0,0.0
diverse_rec,ml20_lambda0.1,0.1,movielens_sample20of200_lambda0.1,20,2,17,127.5145292,127.5145292,127.5145292,95.61407313,1,5.271333352,solved (0.1 s),solved (0.1 s),0,0,opt,135.7609871,0.0,0.0,0.0,0.0,0.0,138.2153788,0.0,0.0,0.0,0.0,0.0,127.51452923480076,0.0,0.0,0.0,0.0,0.0,127.51452923480076,0.0,0.0,0.0,0.0,0.0,135.7609871,0.0,0.0,0.0,0.0,0.0,135.7609871,0.0,0.0,0.0,0.0,0.0,138.2153788,0.0,0.0,0.0,0.0,0.0,138.2153788,0.0,0.0,0.0,0.0,0.0,135.7609871,0.0,0.0,0.0,0.0,0.0,127.5145292,0.0,0.0,0.0,0.0,0.0,127.5145292,0.0,0.0,0.0,0.0,0.0
diverse_rec,ml20_lambda0.1,0.1,movielens_sample20of200_lambda0.1,20,2,18,133.4554832,133.4554832,133.4554832,95.82758876,1,5.271333352,solved (0.1 s),solved (0.1 s),0,0,opt,142.1251538,0.0,0.0,0.0,0.0,0.0,144.3816886,0.0,0.0,0.0,0.0,0.0,133.45548318543638,0.0,0.0,0.0,0.0,0.0,133.45548318543638,0.0,0.0,0.0,0.0,0.0,142.1251538,0.0,0.0,0.0,0.0,0.0,142.1251538,0.0,0.0,0.0,0.0,0.0,145.2812787,0.0,0.0,0.0,0.0,0.0,144.3816886,0.0,0.0,0.0,0.0,0.0,142.1251538,0.0,0.0,0.0,0.0,0.0,133.4554832,0.0,0.0,0.0,0.0,0.0,133.4554832,0.0,0.0,0.0,0.0,0.0
diverse_rec,ml20_lambda0.1,0.1,movielens_sample20of200_lambda0.1,20,2,19,139.0636006,139.0636006,139.0636006,95.66801328,1,5.271333352,solved (0.1 s),solved (0.1 s),0,0,opt,144.334934,0.0,0.0,0.0,0.0,0.0,144.334934,0.0,0.0,0.0,0.0,0.0,139.06360063441858,0.0,0.0,0.0,0.0,0.0,139.06360063441858,0.0,0.0,0.0,0.0,0.0,144.33493393999998,0.0,0.0,0.0,0.0,0.0,144.334934,0.0,0.0,0.0,0.0,0.0,152.0079822,0.0,0.0,0.0,0.0,0.0,144.334934,0.0,0.0,0.0,0.0,0.0,144.334934,0.0,0.0,0.0,0.0,0.0,139.0636006,0.0,0.0,0.0,0.0,0.0,139.0636006,0.0,0.0,0.0,0.0,0.0
diverse_rec,ml20_lambda0.1,0.1,movielens_sample20of200_lambda0.1,20,2,20,144.334934,144.334934,144.334934,95.87812439,1,5.271333352,solved (0.1 s),solved (0.1 s),0,0,opt,144.334934,0.0,0.0,0.0,0.0,0.0,144.334934,0.0,0.0,0.0,0.0,0.0,144.33493398612708,0.0,0.0,0.0,0.0,0.0,144.33493398612714,0.0,0.0,0.0,0.0,0.0,144.33493393999998,0.0,0.0,0.0,0.0,0.0,144.334934,0.0,0.0,0.0,0.0,0.0,158.3721489,0.0,0.0,0.0,0.0,0.0,144.334934,0.0,0.0,0.0,0.0,0.0,144.334934,0.0,0.0,0.0,0.0,0.0,144.334934,0.0,0.0,0.0,0.0,0.0,144.334934,0.0,0.0,0.0,0.0,0.0
diverse_rec,ml20_lambda0.1,0.1,movielens_sample20of200_lambda0.1,20,3,1,9.144091739,9.144091739,9.144091739,9.144091739,1,5.482089289,solved (0.1 s),solved (0.1 s),0,0,opt,9.144091739,0.0,0.0,0.0,0.0,0.0,9.144091739,0.0,0.0,0.0,0.0,0.0,9.14409173875831,0.0,0.0,0.0,0.0,0.0,9.14409173875831,0.0,0.0,0.0,0.0,0.0,9.144091739,0.0,0.0,0.0,0.0,0.0,9.144091739,0.0,0.0,0.0,0.0,0.0,9.144091739,0.0,0.0,0.0,0.0,0.0,9.144091739,0.0,0.0,0.0,0.0,0.0,9.144091739,0.0,0.0,0.0,0.0,0.0,9.144091739,0.0,0.0,0.0,0.0,0.0,9.144091739,0.0,0.0,0.0,0.0,0.0
diverse_rec,ml20_lambda0.1,0.1,movielens_sample20of200_lambda0.1,20,3,2,17.52356235,17.52356235,17.52356235,17.29904542,1,5.482089289,solved (0.1 s),solved (0.1 s),0,0,opt,17.52417991,0.0,0.0,0.0,0.0,0.0,17.64457711,0.0,0.0,0.0,0.0,0.0,17.583739924800916,0.0,0.0,0.0,0.0,0.0,17.583739924800916,0.0,0.0,0.0,0.0,0.0,17.52417991,0.0,0.0,0.0,0.0,0.0,17.52417991,0.0,0.0,0.0,0.0,0.0,17.64457711,0.0,0.0,0.0,0.0,0.0,17.64457711,0.0,0.0,0.0,0.0,0.0,17.52417991,0.0,0.0,0.0,0.0,0.0,17.58373992,0.0,0.0,0.0,0.0,0.0,17.58373992,0.0,0.0,0.0,0.0,0.0
diverse_rec,ml20_lambda0.1,0.1,movielens_sample20of200_lambda0.1,20,3,3,25.67467562,25.67467562,25.67467562,25.29664197,1,5.482089289,solved (0.1 s),solved (0.1 s),0,0,opt,25.72450078,0.0,0.0,0.0,0.0,0.0,26.02466529,0.0,0.0,0.0,0.0,0.0,25.854599372678795,0.0,0.0,0.0,0.0,0.0,25.854599372678795,0.0,0.0,0.0,0.0,0.0,25.72450078,0.0,0.0,0.0,0.0,0.0,25.72450078,0.0,0.0,0.0,0.0,0.0,26.02466529,0.0,0.0,0.0,0.0,0.0,26.02466529,0.0,0.0,0.0,0.0,0.0,25.72450078,0.0,0.0,0.0,0.0,0.0,25.85459937,0.0,0.0,0.0,0.0,0.0,25.85459937,0.0,0.0,0.0,0.0,0.0
diverse_rec,ml20_lambda0.1,0.1,movielens_sample20of200_lambda0.1,20,3,4,33.62646605,33.62646605,33.62646605,33.08255761,1,5.482089289,solved (0.1 s),solved (0.1 s),0,0,opt,33.88716748,0.0,0.0,0.0,0.0,0.0,34.22498615,0.0,0.0,0.0,0.0,0.0,33.94829263191744,0.0,0.0,0.0,0.0,0.0,33.94829263191744,0.0,0.0,0.0,0.0,0.0,33.88716748,0.0,0.0,0.0,0.0,0.0,33.88716748,0.0,0.0,0.0,0.0,0.0,34.22498615,0.0,0.0,0.0,0.0,0.0,34.22498615,0.0,0.0,0.0,0.0,0.0,33.88716748,0.0,0.0,0.0,0.0,0.0,33.94829263,0.0,0.0,0.0,0.0,0.0,33.94829263,0.0,0.0,0.0,0.0,0.0
diverse_rec,ml20_lambda0.1,0.1,movielens_sample20of200_lambda0.1,20,3,5,41.45340614,41.45340614,41.45340614,40.61568178,1,5.482089289,solved (0.1 s),solved (0.1 s),0,0,opt,42.0046378,0.0,0.0,0.0,0.0,0.0,42.38765285,0.0,0.0,0.0,0.0,0.0,41.97781627326705,0.0,0.0,0.0,0.0,0.0,41.977816273267045,0.0,0.0,0.0,0.0,0.0,42.0046378,0.0,0.0,0.0,0.0,0.0,42.0046378,0.0,0.0,0.0,0.0,0.0,42.38765285,0.0,0.0,0.0,0.0,0.0,42.38765285,0.0,0.0,0.0,0.0,0.0,42.0046378,0.0,0.0,0.0,0.0,0.0,41.97781627,0.0,0.0,0.0,0.0,0.0,41.97781627,0.0,0.0,0.0,0.0,0.0
diverse_rec,ml20_lambda0.1,0.1,movielens_sample20of200_lambda0.1,20,3,6,49.14142155,49.14142155,49.14142155,47.96370163,1,5.482089289,solved (0.1 s),solved (0.1 s),0,0,opt,49.81178044,0.0,0.0,0.0,0.0,0.0,50.50512317,0.0,0.0,0.0,0.0,0.0,49.57704660769139,0.0,0.0,0.0,0.0,0.0,49.57704660769139,0.0,0.0,0.0,0.0,0.0,49.81178044,0.0,0.0,0.0,0.0,0.0,49.81178044,0.0,0.0,0.0,0.0,0.0,50.50512317,0.0,0.0,0.0,0.0,0.0,50.50512317,0.0,0.0,0.0,0.0,0.0,49.81178044,0.0,0.0,0.0,0.0,0.0,49.57704661,0.0,0.0,0.0,0.0,0.0,49.57704661,0.0,0.0,0.0,0.0,0.0
diverse_rec,ml20_lambda0.1,0.1,movielens_sample20of200_lambda0.1,20,3,7,56.47251178,56.47251178,56.47251178,55.15587354,1,5.482089289,solved (0.1 s),solved (0.1 s),0,0,opt,57.60165251,0.0,0.0,0.0,0.0,0.0,58.31226582,0.0,0.0,0.0,0.0,0.0,57.09346976341622,0.0,0.0,0.0,0.0,0.0,57.09346976341621,0.0,0.0,0.0,0.0,0.0,57.60165251,0.0,0.0,0.0,0.0,0.0,57.60165251,0.0,0.0,0.0,0.0,0.0,58.31226582,0.0,0.0,0.0,0.0,0.0,58.31226582,0.0,0.0,0.0,0.0,0.0,57.60165251,0.0,0.0,0.0,0.0,0.0,57.09346976,0.0,0.0,0.0,0.0,0.0,57.09346976,0.0,0.0,0.0,0.0,0.0
diverse_rec,ml20_lambda0.1,0.1,movielens_sample20of200_lambda0.1,20,3,8,63.71450596,63.71450596,63.71450596,62.22136122,1,5.482089289,solved (0.1 s),solved (0.1 s),0,0,opt,65.37145808,0.0,0.0,0.0,0.0,0.0,66.10213789,0.0,0.0,0.0,0.0,0.0,64.54544159001235,0.0,0.0,0.0,0.0,0.0,64.54544159001235,0.0,0.0,0.0,0.0,0.0,65.37145808,0.0,0.0,0.0,0.0,0.0,65.37145808,0.0,0.0,0.0,0.0,0.0,66.10213789,0.0,0.0,0.0,0.0,0.0,66.10213789,0.0,0.0,0.0,0.0,0.0,65.37145808,0.0,0.0,0.0,0.0,0.0,64.54569765,0.0,0.0,0.0,0.0,0.0,64.54544159,0.0,0.0,0.0,0.0,0.0
diverse_rec,ml20_lambda0.1,0.1,movielens_sample20of200_lambda0.1,20,3,9,70.8839197,70.8839197,70.8839197,69.24957533,1,5.482089289,solved (0.1 s),solved (0.1 s),0,0,opt,73.12218379,0.0,0.0,0.0,0.0,0.0,73.87194346,0.0,0.0,0.0,0.0,0.0,71.80882698795695,0.0,0.0,0.0,0.0,0.0,71.80882698795695,0.0,0.0,0.0,0.0,0.0,73.12218379,0.0,0.0,0.0,0.0,0.0,73.12218379,0.0,0.0,0.0,0.0,0.0,73.87194346,0.0,0.0,0.0,0.0,0.0,73.87194346,0.0,0.0,0.0,0.0,0.0,73.12218379,0.0,0.0,0.0,0.0,0.0,71.80996028,0.0,0.0,0.0,0.0,0.0,71.80882699,0.0,0.0,0.0,0.0,0.0
diverse_rec,ml20_lambda0.1,0.1,movielens_sample20of200_lambda0.1,20,3,10,77.90819245,77.90819245,77.90819245,76.04308176,1,5.482089289,solved (0.1 s),solved (0.1 s),0,0,opt,80.83558837,0.0,0.0,0.0,0.0,0.0,81.62266917,0.0,0.0,0.0,0.0,0.0,78.84904387567634,0.0,0.0,0.0,0.0,0.0,78.84904387567634,0.0,0.0,0.0,0.0,0.0,80.83558837,0.0,0.0,0.0,0.0,0.0,80.83558837,0.0,0.0,0.0,0.0,0.0,81.62266917,0.0,0.0,0.0,0.0,0.0,81.62266917,0.0,0.0,0.0,0.0,0.0,80.83558837,0.0,0.0,0.0,0.0,0.0,78.85028388,0.0,0.0,0.0,0.0,0.0,78.84904388,0.0,0.0,0.0,0.0,0.0
diverse_rec,ml20_lambda0.1,0.1,movielens_sample20of200_lambda0.1,20,3,11,84.85002238,84.85002238,84.85002238,82.07531083,1,5.482089289,solved (0.1 s),solved (0.1 s),0,0,opt,88.40149972,0.0,0.0,0.0,0.0,0.0,89.33607374,0.0,0.0,0.0,0.0,0.0,85.77213733472351,0.0,0.0,0.0,0.0,0.0,85.77213733472352,0.0,0.0,0.0,0.0,0.0,88.40149972,0.0,0.0,0.0,0.0,0.0,88.40149972,0.0,0.0,0.0,0.0,0.0,89.33607374,0.0,0.0,0.0,0.0,0.0,89.33607374,0.0,0.0,0.0,0.0,0.0,88.40149972,0.0,0.0,0.0,0.0,0.0,85.77322876,0.0,0.0,0.0,0.0,0.0,85.77213733,0.0,0.0,0.0,0.0,0.0
diverse_rec,ml20_lambda0.1,0.1,movielens_sample20of200_lambda0.1,20,3,12,91.65773101,91.65773101,91.65773101,85.87973295,1,5.482089289,solved (0.1 s),solved (0.1 s),0,0,opt,95.96093561,0.0,0.0,0.0,0.0,0.0,96.9019851,0.0,0.0,0.0,0.0,0.0,92.61627305931117,0.0,0.0,0.0,0.0,0.0,92.61627305931117,0.0,0.0,0.0,0.0,0.0,95.96093561,0.0,0.0,0.0,0.0,0.0,95.96093561,0.0,0.0,0.0,0.0,0.0,96.9019851,0.0,0.0,0.0,0.0,0.0,96.9019851,0.0,0.0,0.0,0.0,0.0,95.96093561,0.0,0.0,0.0,0.0,0.0,92.61902748,0.0,0.0,0.0,0.0,0.0,92.61627306,0.0,0.0,0.0,0.0,0.0
diverse_rec,ml20_lambda0.1,0.1,movielens_sample20of200_lambda0.1,20,3,13,98.3493808,98.3493808,98.3493808,88.6767144,1,5.482089289,solved (0.1 s),solved (0.1 s),0,0,opt,103.5092343,0.0,0.0,0.0,0.0,0.0,104.461421,0.0,0.0,0.0,0.0,0.0,99.27872340875217,0.0,0.0,0.0,0.0,0.0,99.27872340875217,0.0,0.0,0.0,0.0,0.0,103.5092343,0.0,0.0,0.0,0.0,0.0,103.5092343,0.0,0.0,0.0,0.0,0.0,104.461421,0.0,0.0,0.0,0.0,0.0,104.461421,0.0,0.0,0.0,0.0,0.0,103.5092343,0.0,0.0,0.0,0.0,0.0,99.28482991,0.0,0.0,0.0,0.0,0.0,99.27872341,0.0,0.0,0.0,0.0,0.0
diverse_rec,ml20_lambda0.1,0.1,movielens_sample20of200_lambda0.1,20,3,14,104.9429832,104.9429832,104.9429832,90.42344631,1,5.482089289,solved (0.1 s),solved (0.1 s),0,0,opt,111.0421418,0.0,0.0,0.0,0.0,0.0,112.0097197,0.0,0.0,0.0,0.0,0.0,105.70274413839917,0.0,0.0,0.0,0.0,0.0,105.70274413839917,0.0,0.0,0.0,0.0,0.0,111.0421418,0.0,0.0,0.0,0.0,0.0,111.0421418,0.0,0.0,0.0,0.0,0.0,112.0097197,0.0,0.0,0.0,0.0,0.0,112.0097197,0.0,0.0,0.0,0.0,0.0,111.0421418,0.0,0.0,0.0,0.0,0.0,105.7113907,0.0,0.0,0.0,0.0,0.0,105.7027441,0.0,0.0,0.0,0.0,0.0
diverse_rec,ml20_lambda0.1,0.1,movielens_sample20of200_lambda0.1,20,3,15,111.4557617,111.4557617,111.4557617,92.18091287,1,5.482089289,solved (0.1 s),solved (0.1 s),0,0,opt,118.5299223,0.0,0.0,0.0,0.0,0.0,119.5426272,0.0,0.0,0.0,0.0,0.0,111.97714825941416,0.0,0.0,0.0,0.0,0.0,111.97714825941416,0.0,0.0,0.0,0.0,0.0,118.5299223,0.0,0.0,0.0,0.0,0.0,118.5299223,0.0,0.0,0.0,0.0,0.0,119.5426272,0.0,0.0,0.0,0.0,0.0,119.5426272,0.0,0.0,0.0,0.0,0.0,118.5299223,0.0,0.0,0.0,0.0,0.0,111.9807634,0.0,0.0,0.0,0.0,0.0,111.9771483,0.0,0.0,0.0,0.0,0.0
diverse_rec,ml20_lambda0.1,0.1,movielens_sample20of200_lambda0.1,20,3,16,117.8866465,117.8866465,117.8866465,93.26148984,1,5.482089289,solved (0.1 s),solved (0.1 s),0,0,opt,126.0003761,0.0,0.0,0.0,0.0,0.0,127.0740889,0.0,0.0,0.0,0.0,0.0,118.20576729182856,0.0,0.0,0.0,0.0,0.0,118.20576729182856,0.0,0.0,0.0,0.0,0.0,126.0003761,0.0,0.0,0.0,0.0,0.0,126.0003761,0.0,0.0,0.0,0.0,0.0,127.0740889,0.0,0.0,0.0,0.0,0.0,127.0740889,0.0,0.0,0.0,0.0,0.0,126.0003761,0.0,0.0,0.0,0.0,0.0,118.2068535,0.0,0.0,0.0,0.0,0.0,118.2057673,0.0,0.0,0.0,0.0,0.0
diverse_rec,ml20_lambda0.1,0.1,movielens_sample20of200_lambda0.1,20,3,17,124.2570924,124.2570924,124.2570924,93.55219872,1,5.482089289,solved (0.1 s),solved (0.1 s),0,0,opt,132.8363207,0.0,0.0,0.0,0.0,0.0,134.5618694,0.0,0.0,0.0,0.0,0.0,124.37868843840477,0.0,0.0,0.0,0.0,0.0,124.37868843840477,0.0,0.0,0.0,0.0,0.0,132.8363207,0.0,0.0,0.0,0.0,0.0,132.8363207,0.0,0.0,0.0,0.0,0.0,134.5618694,0.0,0.0,0.0,0.0,0.0,134.5618694,0.0,0.0,0.0,0.0,0.0,132.8363207,0.0,0.0,0.0,0.0,0.0,124.3786884,0.0,0.0,0.0,0.0,0.0,124.3786884,0.0,0.0,0.0,0.0,0.0
diverse_rec,ml20_lambda0.1,0.1,movielens_sample20of200_lambda0.1,20,3,18,130.5532492,130.5532492,130.5532492,94.41669722,1,5.482089289,solved (0.1 s),solved (0.1 s),0,0,opt,139.4639323,0.0,0.0,0.0,0.0,0.0,141.8084888,0.0,0.0,0.0,0.0,0.0,130.5532492393808,0.0,0.0,0.0,0.0,0.0,130.5532492393808,0.0,0.0,0.0,0.0,0.0,139.4639323,0.0,0.0,0.0,0.0,0.0,139.4639323,0.0,0.0,0.0,0.0,0.0,142.0323232,0.0,0.0,0.0,0.0,0.0,141.8084888,0.0,0.0,0.0,0.0,0.0,139.4639323,0.0,0.0,0.0,0.0,0.0,130.5532492,0.0,0.0,0.0,0.0,0.0,130.5532492,0.0,0.0,0.0,0.0,0.0
diverse_rec,ml20_lambda0.1,0.1,movielens_sample20of200_lambda0.1,20,3,19,136.2642022,136.2642022,136.2642022,94.02429945,1,5.482089289,solved (0.1 s),solved (0.1 s),0,0,opt,141.7462915,0.0,0.0,0.0,0.0,0.0,141.7462915,0.0,0.0,0.0,0.0,0.0,136.26420221121487,0.0,0.0,0.0,0.0,0.0,136.26420221121487,0.0,0.0,0.0,0.0,0.0,141.74629145,0.0,0.0,0.0,0.0,0.0,141.7462915,0.0,0.0,0.0,0.0,0.0,148.8682678,0.0,0.0,0.0,0.0,0.0,141.7462915,0.0,0.0,0.0,0.0,0.0,141.7462915,0.0,0.0,0.0,0.0,0.0,136.2642022,0.0,0.0,0.0,0.0,0.0,136.2642022,0.0,0.0,0.0,0.0,0.0
diverse_rec,ml20_lambda0.1,0.1,movielens_sample20of200_lambda0.1,20,3,20,141.7462915,141.7462915,141.7462915,94.39418591,1,5.482089289,solved (0.1 s),solved (0.1 s),0,0,opt,141.7462915,0.0,0.0,0.0,0.0,0.0,141.7462915,0.0,0.0,0.0,0.0,0.0,141.74629150051754,0.0,0.0,0.0,0.0,0.0,141.74629150051754,0.0,0.0,0.0,0.0,0.0,141.74629145,0.0,0.0,0.0,0.0,0.0,141.7462915,0.0,0.0,0.0,0.0,0.0,155.4958794,0.0,0.0,0.0,0.0,0.0,141.7462915,0.0,0.0,0.0,0.0,0.0,141.7462915,0.0,0.0,0.0,0.0,0.0,141.7462915,0.0,0.0,0.0,0.0,0.0,141.7462915,0.0,0.0,0.0,0.0,0.0
diverse_rec,ml20_lambda0.1,0.1,movielens_sample20of200_lambda0.1,20,4,1,9.333471541,9.333471541,9.333471541,9.333471541,1,6.024446469,solved (0.1 s),solved (0.1 s),0,0,opt,9.333471541,0.0,0.0,0.0,0.0,0.0,9.333471541,0.0,0.0,0.0,0.0,0.0,9.33347154122702,0.0,0.0,0.0,0.0,0.0,9.33347154122702,0.0,0.0,0.0,0.0,0.0,9.333471541,0.0,0.0,0.0,0.0,0.0,9.333471541,0.0,0.0,0.0,0.0,0.0,9.333471541,0.0,0.0,0.0,0.0,0.0,9.333471541,0.0,0.0,0.0,0.0,0.0,9.333471541,0.0,0.0,0.0,0.0,0.0,9.333471541,0.0,0.0,0.0,0.0,0.0,9.333471541,0.0,0.0,0.0,0.0,0.0
diverse_rec,ml20_lambda0.1,0.1,movielens_sample20of200_lambda0.1,20,4,2,18.52300719,18.52300719,18.52300719,18.47519779,1,6.024446469,solved (0.1 s),solved (0.1 s),0,0,opt,18.54275443,0.0,0.0,0.0,0.0,0.0,18.62276312,0.0,0.0,0.0,0.0,0.0,18.6146287253926,0.0,0.0,0.0,0.0,0.0,18.6146287253926,0.0,0.0,0.0,0.0,0.0,18.54275443,0.0,0.0,0.0,0.0,0.0,18.54275443,0.0,0.0,0.0,0.0,0.0,18.62276312,0.0,0.0,0.0,0.0,0.0,18.62276312,0.0,0.0,0.0,0.0,0.0,18.54275443,0.0,0.0,0.0,0.0,0.0,18.61462873,0.0,0.0,0.0,0.0,0.0,18.61462873,0.0,0.0,0.0,0.0,0.0
diverse_rec,ml20_lambda0.1,0.1,movielens_sample20of200_lambda0.1,20,4,3,27.5410801,27.5410801,27.5410801,27.25855101,1,6.024446469,solved (0.1 s),solved (0.1 s),0,0,opt,27.59897096,0.0,0.0,0.0,0.0,0.0,27.83204601,0.0,0.0,0.0,0.0,0.0,27.778607149529165,0.0,0.0,0.0,0.0,0.0,27.77860714952916,0.0,0.0,0.0,0.0,0.0,27.59897096,0.0,0.0,0.0,0.0,0.0,27.59897096,0.0,0.0,0.0,0.0,0.0,27.83204601,0.0,0.0,0.0,0.0,0.0,27.83204601,0.0,0.0,0.0,0.0,0.0,27.59897096,0.0,0.0,0.0,0.0,0.0,27.77860715,0.0,0.0,0.0,0.0,0.0,27.77860715,0.0,0.0,0.0,0.0,0.0
diverse_rec,ml20_lambda0.1,0.1,movielens_sample20of200_lambda0.1,20,4,4,36.30826821,36.30826821,36.30826821,35.73783956,1,6.024446469,solved (0.1 s),solved (0.1 s),0,0,opt,36.39053805,0.0,0.0,0.0,0.0,0.0,36.88826254,0.0,0.0,0.0,0.0,0.0,36.67535177421773,0.0,0.0,0.0,0.0,0.0,36.67535177421773,0.0,0.0,0.0,0.0,0.0,36.39053805,0.0,0.0,0.0,0.0,0.0,36.39053805,0.0,0.0,0.0,0.0,0.0,36.88826254,0.0,0.0,0.0,0.0,0.0,36.88826254,0.0,0.0,0.0,0.0,0.0,36.39053805,0.0,0.0,0.0,0.0,0.0,36.67535177,0.0,0.0,0.0,0.0,0.0,36.67535177,0.0,0.0,0.0,0.0,0.0
diverse_rec,ml20_lambda0.1,0.1,movielens_sample20of200_lambda0.1,20,4,5,44.74786758,44.74786758,44.74786758,44.07856824,1,6.024446469,solved (0.1 s),solved (0.1 s),0,0,opt,45.13895472,0.0,0.0,0.0,0.0,0.0,45.67982962,0.0,0.0,0.0,0.0,0.0,45.31200215150578,0.0,0.0,0.0,0.0,0.0,45.31200215150578,0.0,0.0,0.0,0.0,0.0,45.13895472,0.0,0.0,0.0,0.0,0.0,45.13895472,0.0,0.0,0.0,0.0,0.0,45.67982962,0.0,0.0,0.0,0.0,0.0,45.67982962,0.0,0.0,0.0,0.0,0.0,45.13895472,0.0,0.0,0.0,0.0,0.0,45.31200215,0.0,0.0,0.0,0.0,0.0,45.31200215,0.0,0.0,0.0,0.0,0.0
diverse_rec,ml20_lambda0.1,0.1,movielens_sample20of200_lambda0.1,20,4,6,53.0200787,53.0200787,53.0200787,52.25647172,1,6.024446469,solved (0.1 s),solved (0.1 s),0,0,opt,53.87872316,0.0,0.0,0.0,0.0,0.0,54.42824629,0.0,0.0,0.0,0.0,0.0,53.901304180734876,0.0,0.0,0.0,0.0,0.0,53.90130418073488,0.0,0.0,0.0,0.0,0.0,53.87872316,0.0,0.0,0.0,0.0,0.0,53.87872316,0.0,0.0,0.0,0.0,0.0,54.42824629,0.0,0.0,0.0,0.0,0.0,54.42824629,0.0,0.0,0.0,0.0,0.0,53.87872316,0.0,0.0,0.0,0.0,0.0,53.90130418,0.0,0.0,0.0,0.0,0.0,53.90130418,0.0,0.0,0.0,0.0,0.0
diverse_rec,ml20_lambda0.1,0.1,movielens_sample20of200_lambda0.1,20,4,7,61.20367953,61.20367953,61.20367953,60.2734289,1,6.024446469,solved (0.1 s),solved (0.1 s),0,0,opt,62.57191396,0.0,0.0,0.0,0.0,0.0,63.16801473,0.0,0.0,0.0,0.0,0.0,62.396494514212996,0.0,0.0,0.0,0.0,0.0,62.39649451421301,0.0,0.0,0.0,0.0,0.0,62.57191396,0.0,0.0,0.0,0.0,0.0,62.57191396,0.0,0.0,0.0,0.0,0.0,63.16801473,0.0,0.0,0.0,0.0,0.0,63.16801473,0.0,0.0,0.0,0.0,0.0,62.57191396,0.0,0.0,0.0,0.0,0.0,62.39649451,0.0,0.0,0.0,0.0,0.0,62.39649451,0.0,0.0,0.0,0.0,0.0
diverse_rec,ml20_lambda0.1,0.1,movielens_sample20of200_lambda0.1,20,4,8,69.3002196,69.3002196,69.3002196,68.1289154,1,6.024446469,solved (0.1 s),solved (0.1 s),0,0,opt,71.22784189,0.0,0.0,0.0,0.0,0.0,71.86120554,0.0,0.0,0.0,0.0,0.0,70.75731917061928,0.0,0.0,0.0,0.0,0.0,70.75731917061928,0.0,0.0,0.0,0.0,0.0,71.22784189,0.0,0.0,0.0,0.0,0.0,71.22784189,0.0,0.0,0.0,0.0,0.0,71.86120554,0.0,0.0,0.0,0.0,0.0,71.86120554,0.0,0.0,0.0,0.0,0.0,71.22784189,0.0,0.0,0.0,0.0,0.0,70.75731917,0.0,0.0,0.0,0.0,0.0,70.75731917,0.0,0.0,0.0,0.0,0.0
diverse_rec,ml20_lambda0.1,0.1,movielens_sample20of200_lambda0.1,20,4,9,77.25476971,77.25476971,77.25476971,75.65573167,1,6.024446469,solved (0.1 s),solved (0.1 s),0,0,opt,79.84566927,0.0,0.0,0.0,0.0,0.0,80.51713347,0.0,0.0,0.0,0.0,0.0,78.70508095194262,0.0,0.0,0.0,0.0,0.0,78.70508095194262,0.0,0.0,0.0,0.0,0.0,79.84566927,0.0,0.0,0.0,0.0,0.0,79.84566927,0.0,0.0,0.0,0.0,0.0,80.51713347,0.0,0.0,0.0,0.0,0.0,80.51713347,0.0,0.0,0.0,0.0,0.0,79.84566927,0.0,0.0,0.0,0.0,0.0,78.71209735,0.0,0.0,0.0,0.0,0.0,78.70508095,0.0,0.0,0.0,0.0,0.0
diverse_rec,ml20_lambda0.1,0.1,movielens_sample20of200_lambda0.1,20,4,10,85.05574112,85.05574112,85.05574112,82.96698077,1,6.024446469,solved (0.1 s),solved (0.1 s),0,0,opt,88.43844141,0.0,0.0,0.0,0.0,0.0,89.13496085,0.0,0.0,0.0,0.0,0.0,86.26740194139778,0.0,0.0,0.0,0.0,0.0,86.26740194139778,0.0,0.0,0.0,0.0,0.0,88.43844141,0.0,0.0,0.0,0.0,0.0,88.43844141,0.0,0.0,0.0,0.0,0.0,89.13496085,0.0,0.0,0.0,0.0,0.0,89.13496085,0.0,0.0,0.0,0.0,0.0,88.43844141,0.0,0.0,0.0,0.0,0.0,86.27188839,0.0,0.0,0.0,0.0,0.0,86.26740194,0.0,0.0,0.0,0.0,0.0
diverse_rec,ml20_lambda0.1,0.1,movielens_sample20of200_lambda0.1,20,4,11,92.74934975,92.74934975,92.74934975,89.3066182,1,6.024446469,solved (0.1 s),solved (0.1 s),0,0,opt,96.90541357,0.0,0.0,0.0,0.0,0.0,97.72773299,0.0,0.0,0.0,0.0,0.0,93.71724479553099,0.0,0.0,0.0,0.0,0.0,93.71724479553099,0.0,0.0,0.0,0.0,0.0,96.90541357,0.0,0.0,0.0,0.0,0.0,96.90541357,0.0,0.0,0.0,0.0,0.0,97.72773299,0.0,0.0,0.0,0.0,0.0,97.72773299,0.0,0.0,0.0,0.0,0.0,96.90541357,0.0,0.0,0.0,0.0,0.0,93.71963095,0.0,0.0,0.0,0.0,0.0,93.7172448,0.0,0.0,0.0,0.0,0.0
diverse_rec,ml20_lambda0.1,0.1,movielens_sample20of200_lambda0.1,20,4,12,100.3489795,100.3489795,100.3489795,93.71774863,1,6.024446469,solved (0.1 s),solved (0.1 s),0,0,opt,105.2048106,0.0,0.0,0.0,0.0,0.0,106.1947051,0.0,0.0,0.0,0.0,0.0,100.91316163203251,0.0,0.0,0.0,0.0,0.0,100.91316163203251,0.0,0.0,0.0,0.0,0.0,105.2048106,0.0,0.0,0.0,0.0,0.0,105.2048106,0.0,0.0,0.0,0.0,0.0,106.1947051,0.0,0.0,0.0,0.0,0.0,106.1947051,0.0,0.0,0.0,0.0,0.0,105.2048106,0.0,0.0,0.0,0.0,0.0,100.9171116,0.0,0.0,0.0,0.0,0.0,100.9131616,0.0,0.0,0.0,0.0,0.0
diverse_rec,ml20_lambda0.1,0.1,movielens_sample20of200_lambda0.1,20,4,13,107.6777365,107.6777365,107.6777365,96.88097116,1,6.024446469,solved (0.1 s),solved (0.1 s),0,0,opt,113.4754277,0.0,0.0,0.0,0.0,0.0,114.4941022,0.0,0.0,0.0,0.0,0.0,108.01984667656019,0.0,0.0,0.0,0.0,0.0,108.01984667656019,0.0,0.0,0.0,0.0,0.0,113.4754277,0.0,0.0,0.0,0.0,0.0,113.4754277,0.0,0.0,0.0,0.0,0.0,114.4941022,0.0,0.0,0.0,0.0,0.0,114.4941022,0.0,0.0,0.0,0.0,0.0,113.4754277,0.0,0.0,0.0,0.0,0.0,108.0207068,0.0,0.0,0.0,0.0,0.0,108.0198467,0.0,0.0,0.0,0.0,0.0
diverse_rec,ml20_lambda0.1,0.1,movielens_sample20of200_lambda0.1,20,4,14,114.8972018,114.8972018,114.8972018,98.94727401,1,6.024446469,solved (0.1 s),solved (0.1 s),0,0,opt,121.7082739,0.0,0.0,0.0,0.0,0.0,122.7647192,0.0,0.0,0.0,0.0,0.0,115.07648459160771,0.0,0.0,0.0,0.0,0.0,115.07648459160771,0.0,0.0,0.0,0.0,0.0,121.7082739,0.0,0.0,0.0,0.0,0.0,121.7082739,0.0,0.0,0.0,0.0,0.0,122.7647192,0.0,0.0,0.0,0.0,0.0,122.7647192,0.0,0.0,0.0,0.0,0.0,121.7082739,0.0,0.0,0.0,0.0,0.0,115.0764846,0.0,0.0,0.0,0.0,0.0,115.0764846,0.0,0.0,0.0,0.0,0.0
diverse_rec,ml20_lambda0.1,0.1,movielens_sample20of200_lambda0.1,20,4,15,122.0009433,122.0009433,122.0009433,100.0747978,1,6.024446469,solved (0.1 s),solved (0.1 s),0,0,opt,129.4043595,0.0,0.0,0.0,0.0,0.0,130.9975654,0.0,0.0,0.0,0.0,0.0,122.01442830818011,0.0,0.0,0.0,0.0,0.0,122.01442830818011,0.0,0.0,0.0,0.0,0.0,129.4043595,0.0,0.0,0.0,0.0,0.0,129.4043595,0.0,0.0,0.0,0.0,0.0,130.9975654,0.0,0.0,0.0,0.0,0.0,130.9975654,0.0,0.0,0.0,0.0,0.0,129.4043595,0.0,0.0,0.0,0.0,0.0,122.0144283,0.0,0.0,0.0,0.0,0.0,122.0144283,0.0,0.0,0.0,0.0,0.0
diverse_rec,ml20_lambda0.1,0.1,movielens_sample20of200_lambda0.1,20,4,16,128.8216058,128.8216058,128.8216058,101.1212908,1,6.024446469,solved (0.1 s),solved (0.1 s),0,0,opt,137.0845088,0.0,0.0,0.0,0.0,0.0,138.983449,0.0,0.0,0.0,0.0,0.0,128.82160583657253,0.0,0.0,0.0,0.0,0.0,128.82160583657256,0.0,0.0,0.0,0.0,0.0,137.0845088,0.0,0.0,0.0,0.0,0.0,137.0845088,0.0,0.0,0.0,0.0,0.0,138.983449,0.0,0.0,0.0,0.0,0.0,138.983449,0.0,0.0,0.0,0.0,0.0,137.0845088,0.0,0.0,0.0,0.0,0.0,128.8216058,0.0,0.0,0.0,0.0,0.0,128.8216058,0.0,0.0,0.0,0.0,0.0
diverse_rec,ml20_lambda0.1,0.1,movielens_sample20of200_lambda0.1,20,4,17,135.3457437,135.3457437,135.3457437,101.6251948,1,6.024446469,solved (0.1 s),solved (0.1 s),0,0,opt,144.6307785,0.0,0.0,0.0,0.0,0.0,146.6795346,0.0,0.0,0.0,0.0,0.0,135.34574368573453,0.0,0.0,0.0,0.0,0.0,135.34574368573453,0.0,0.0,0.0,0.0,0.0,144.6307785,0.0,0.0,0.0,0.0,0.0,144.6307785,0.0,0.0,0.0,0.0,0.0,146.6795346,0.0,0.0,0.0,0.0,0.0,146.6795346,0.0,0.0,0.0,0.0,0.0,144.6307785,0.0,0.0,0.0,0.0,0.0,135.3457437,0.0,0.0,0.0,0.0,0.0,135.3457437,0.0,0.0,0.0,0.0,0.0
diverse_rec,ml20_lambda0.1,0.1,movielens_sample20of200_lambda0.1,20,4,18,141.7653958,141.7653958,141.7653958,102.1929055,1,6.024446469,solved (0.1 s),solved (0.1 s),0,0,opt,151.9363366,0.0,0.0,0.0,0.0,0.0,154.173863,0.0,0.0,0.0,0.0,0.0,141.765395774179,0.0,0.0,0.0,0.0,0.0,141.76539577417904,0.0,0.0,0.0,0.0,0.0,151.9363366,0.0,0.0,0.0,0.0,0.0,151.9363366,0.0,0.0,0.0,0.0,0.0,154.3596839,0.0,0.0,0.0,0.0,0.0,154.173863,0.0,0.0,0.0,0.0,0.0,151.9363366,0.0,0.0,0.0,0.0,0.0,141.7653958,0.0,0.0,0.0,0.0,0.0,141.7653958,0.0,0.0,0.0,0.0,0.0
diverse_rec,ml20_lambda0.1,0.1,movielens_sample20of200_lambda0.1,20,4,19,148.065914,148.065914,148.065914,102.4617412,1,6.024446469,solved (0.1 s),solved (0.1 s),0,0,opt,154.0903605,0.0,0.0,0.0,0.0,0.0,154.0903605,0.0,0.0,0.0,0.0,0.0,148.06591402582302,0.0,0.0,0.0,0.0,0.0,148.06591402582305,0.0,0.0,0.0,0.0,0.0,154.09036046,0.0,0.0,0.0,0.0,0.0,154.0903605,0.0,0.0,0.0,0.0,0.0,161.9059536,0.0,0.0,0.0,0.0,0.0,154.0903605,0.0,0.0,0.0,0.0,0.0,154.0903605,0.0,0.0,0.0,0.0,0.0,148.065914,0.0,0.0,0.0,0.0,0.0,148.065914,0.0,0.0,0.0,0.0,0.0
diverse_rec,ml20_lambda0.1,0.1,movielens_sample20of200_lambda0.1,20,4,20,154.0903605,154.0903605,154.0903605,102.7809541,1,6.024446469,solved (0.1 s),solved (0.1 s),0,0,opt,154.0903605,0.0,0.0,0.0,0.0,0.0,154.0903605,0.0,0.0,0.0,0.0,0.0,154.09036049506824,0.0,0.0,0.0,0.0,0.0,154.09036049506815,0.0,0.0,0.0,0.0,0.0,154.09036046,0.0,0.0,0.0,0.0,0.0,154.0903605,0.0,0.0,0.0,0.0,0.0,169.2115117,0.0,0.0,0.0,0.0,0.0,154.0903605,0.0,0.0,0.0,0.0,0.0,154.0903605,0.0,0.0,0.0,0.0,0.0,154.0903605,0.0,0.0,0.0,0.0,0.0,154.0903605,0.0,0.0,0.0,0.0,0.0
diverse_rec,ml20_lambda0.1,0.1,movielens_sample20of200_lambda0.1,20,5,1,9.310784322,9.310784322,9.310784322,9.310784322,1,5.815624564,solved (0.1 s),solved (0.1 s),0,0,opt,9.310784322,0.0,0.0,0.0,0.0,0.0,9.310784322,0.0,0.0,0.0,0.0,0.0,9.310784321534607,0.0,0.0,0.0,0.0,0.0,9.310784321534607,0.0,0.0,0.0,0.0,0.0,9.310784322,0.0,0.0,0.0,0.0,0.0,9.310784322,0.0,0.0,0.0,0.0,0.0,9.310784322,0.0,0.0,0.0,0.0,0.0,9.310784322,0.0,0.0,0.0,0.0,0.0,9.310784322,0.0,0.0,0.0,0.0,0.0,9.310784322,0.0,0.0,0.0,0.0,0.0,9.310784322,0.0,0.0,0.0,0.0,0.0
diverse_rec,ml20_lambda0.1,0.1,movielens_sample20of200_lambda0.1,20,5,2,18.34923877,18.34923877,18.34923877,18.28274397,1,5.815624564,solved (0.1 s),solved (0.1 s),0,0,opt,18.38988249,0.0,0.0,0.0,0.0,0.0,18.45918354,0.0,0.0,0.0,0.0,0.0,18.4429073968855,0.0,0.0,0.0,0.0,0.0,18.4429073968855,0.0,0.0,0.0,0.0,0.0,18.38988249,0.0,0.0,0.0,0.0,0.0,18.38988249,0.0,0.0,0.0,0.0,0.0,18.45918354,0.0,0.0,0.0,0.0,0.0,18.45918354,0.0,0.0,0.0,0.0,0.0,18.38988249,0.0,0.0,0.0,0.0,0.0,18.4429074,0.0,0.0,0.0,0.0,0.0,18.4429074,0.0,0.0,0.0,0.0,0.0
diverse_rec,ml20_lambda0.1,0.1,movielens_sample20of200_lambda0.1,20,5,3,27.24597607,27.24597607,27.24597607,26.87544943,1,5.815624564,solved (0.1 s),solved (0.1 s),0,0,opt,27.24597607,0.0,0.0,0.0,0.0,0.0,27.53828171,0.0,0.0,0.0,0.0,0.0,27.4442136168344,0.0,0.0,0.0,0.0,0.0,27.4442136168344,0.0,0.0,0.0,0.0,0.0,27.24597607,0.0,0.0,0.0,0.0,0.0,27.24597607,0.0,0.0,0.0,0.0,0.0,27.53828171,0.0,0.0,0.0,0.0,0.0,27.53828171,0.0,0.0,0.0,0.0,0.0,27.24597607,0.0,0.0,0.0,0.0,0.0,27.44421362,0.0,0.0,0.0,0.0,0.0,27.44421362,0.0,0.0,0.0,0.0,0.0
diverse_rec,ml20_lambda0.1,0.1,movielens_sample20of200_lambda0.1,20,5,4,35.76600956,35.76600956,35.76600956,35.23129053,1,5.815624564,solved (0.1 s),solved (0.1 s),0,0,opt,35.9235865,0.0,0.0,0.0,0.0,0.0,36.32792491,0.0,0.0,0.0,0.0,0.0,36.110774267613685,0.0,0.0,0.0,0.0,0.0,36.110774267613685,0.0,0.0,0.0,0.0,0.0,35.9235865,0.0,0.0,0.0,0.0,0.0,35.9235865,0.0,0.0,0.0,0.0,0.0,36.32792491,0.0,0.0,0.0,0.0,0.0,36.32792491,0.0,0.0,0.0,0.0,0.0,35.9235865,0.0,0.0,0.0,0.0,0.0,36.11077427,0.0,0.0,0.0,0.0,0.0,36.11077427,0.0,0.0,0.0,0.0,0.0
diverse_rec,ml20_lambda0.1,0.1,movielens_sample20of200_lambda0.1,20,5,5,44.06458104,44.06458104,44.06458104,43.43146087,1,5.815624564,solved (0.1 s),solved (0.1 s),0,0,opt,44.59942532,0.0,0.0,0.0,0.0,0.0,45.00553534,0.0,0.0,0.0,0.0,0.0,44.67027971931078,0.0,0.0,0.0,0.0,0.0,44.67027971931076,0.0,0.0,0.0,0.0,0.0,44.59942532,0.0,0.0,0.0,0.0,0.0,44.59942532,0.0,0.0,0.0,0.0,0.0,45.00553534,0.0,0.0,0.0,0.0,0.0,45.00553534,0.0,0.0,0.0,0.0,0.0,44.59942532,0.0,0.0,0.0,0.0,0.0,44.67027972,0.0,0.0,0.0,0.0,0.0,44.67027972,0.0,0.0,0.0,0.0,0.0
diverse_rec,ml20_lambda0.1,0.1,movielens_sample20of200_lambda0.1,20,5,6,52.26185996,52.26185996,52.26185996,51.37846304,1,5.815624564,solved (0.1 s),solved (0.1 s),0,0,opt,53.26273748,0.0,0.0,0.0,0.0,0.0,53.68137416,0.0,0.0,0.0,0.0,0.0,53.1673422174304,0.0,0.0,0.0,0.0,0.0,53.167342217430395,0.0,0.0,0.0,0.0,0.0,53.26273748,0.0,0.0,0.0,0.0,0.0,53.26273748,0.0,0.0,0.0,0.0,0.0,53.68137416,0.0,0.0,0.0,0.0,0.0,53.68137416,0.0,0.0,0.0,0.0,0.0,53.26273748,0.0,0.0,0.0,0.0,0.0,53.16734222,0.0,0.0,0.0,0.0,0.0,53.16734222,0.0,0.0,0.0,0.0,0.0
diverse_rec,ml20_lambda0.1,0.1,movielens_sample20of200_lambda0.1,20,5,7,60.35583969,60.35583969,60.35583969,59.06628507,1,5.815624564,solved (0.1 s),solved (0.1 s),0,0,opt,61.80919965,0.0,0.0,0.0,0.0,0.0,62.34468632,0.0,0.0,0.0,0.0,0.0,61.36594111997215,0.0,0.0,0.0,0.0,0.0,61.36594111997215,0.0,0.0,0.0,0.0,0.0,61.80919965,0.0,0.0,0.0,0.0,0.0,61.80919965,0.0,0.0,0.0,0.0,0.0,62.34468632,0.0,0.0,0.0,0.0,0.0,62.34468632,0.0,0.0,0.0,0.0,0.0,61.80919965,0.0,0.0,0.0,0.0,0.0,61.3668838,0.0,0.0,0.0,0.0,0.0,61.36594112,0.0,0.0,0.0,0.0,0.0
diverse_rec,ml20_lambda0.1,0.1,movielens_sample20of200_lambda0.1,20,5,8,68.24523763,68.24523763,68.24523763,66.42318555,1,5.815624564,solved (0.1 s),solved (0.1 s),0,0,opt,70.19400729,0.0,0.0,0.0,0.0,0.0,70.8911485,0.0,0.0,0.0,0.0,0.0,69.19129485999188,0.0,0.0,0.0,0.0,0.0,69.19129485999188,0.0,0.0,0.0,0.0,0.0,70.19400729,0.0,0.0,0.0,0.0,0.0,70.19400729,0.0,0.0,0.0,0.0,0.0,70.8911485,0.0,0.0,0.0,0.0,0.0,70.8911485,0.0,0.0,0.0,0.0,0.0,70.19400729,0.0,0.0,0.0,0.0,0.0,69.19212559,0.0,0.0,0.0,0.0,0.0,69.19129486,0.0,0.0,0.0,0.0,0.0
diverse_rec,ml20_lambda0.1,0.1,movielens_sample20of200_lambda0.1,20,5,9,75.97928842,75.97928842,75.97928842,73.5192332,1,5.815624564,solved (0.1 s),solved (0.1 s),0,0,opt,78.48557647,0.0,0.0,0.0,0.0,0.0,79.27595613,0.0,0.0,0.0,0.0,0.0,76.6993276828933,0.0,0.0,0.0,0.0,0.0,76.69932768289328,0.0,0.0,0.0,0.0,0.0,78.48557647,0.0,0.0,0.0,0.0,0.0,78.48557647,0.0,0.0,0.0,0.0,0.0,79.27595613,0.0,0.0,0.0,0.0,0.0,79.27595613,0.0,0.0,0.0,0.0,0.0,78.48557647,0.0,0.0,0.0,0.0,0.0,76.70066713,0.0,0.0,0.0,0.0,0.0,76.69932768,0.0,0.0,0.0,0.0,0.0
diverse_rec,ml20_lambda0.1,0.1,movielens_sample20of200_lambda0.1,20,5,10,83.51287716,83.51287716,83.51287716,80.50595329,1,5.815624564,solved (0.1 s),solved (0.1 s),0,0,opt,86.70455093,0.0,0.0,0.0,0.0,0.0,87.56752531,0.0,0.0,0.0,0.0,0.0,84.02353567910845,0.0,0.0,0.0,0.0,0.0,84.02353567910845,0.0,0.0,0.0,0.0,0.0,86.70455093,0.0,0.0,0.0,0.0,0.0,86.70455093,0.0,0.0,0.0,0.0,0.0,87.56752531,0.0,0.0,0.0,0.0,0.0,87.56752531,0.0,0.0,0.0,0.0,0.0,86.70455093,0.0,0.0,0.0,0.0,0.0,84.02475236,0.0,0.0,0.0,0.0,0.0,84.02353568,0.0,0.0,0.0,0.0,0.0
diverse_rec,ml20_lambda0.1,0.1,movielens_sample20of200_lambda0.1,20,5,11,90.87715846,90.87715846,90.87715846,86.54872698,1,5.815624564,solved (0.1 s),solved (0.1 s),0,0,opt,94.75796371,0.0,0.0,0.0,0.0,0.0,95.78649977,0.0,0.0,0.0,0.0,0.0,91.1109981601443,0.0,0.0,0.0,0.0,0.0,91.1109981601443,0.0,0.0,0.0,0.0,0.0,94.75796371,0.0,0.0,0.0,0.0,0.0,94.75796371,0.0,0.0,0.0,0.0,0.0,95.78649977,0.0,0.0,0.0,0.0,0.0,95.78649977,0.0,0.0,0.0,0.0,0.0,94.75796371,0.0,0.0,0.0,0.0,0.0,91.11099816,0.0,0.0,0.0,0.0,0.0,91.11099816,0.0,0.0,0.0,0.0,0.0
diverse_rec,ml20_lambda0.1,0.1,movielens_sample20of200_lambda0.1,20,5,12,98.03113403,98.03113403,98.03113403,90.72713618,1,5.815624564,solved (0.1 s),solved (0.1 s),0,0,opt,102.5168298,0.0,0.0,0.0,0.0,0.0,103.8399125,0.0,0.0,0.0,0.0,0.0,98.07928684205535,0.0,0.0,0.0,0.0,0.0,98.07928684205535,0.0,0.0,0.0,0.0,0.0,102.5168298,0.0,0.0,0.0,0.0,0.0,102.5168298,0.0,0.0,0.0,0.0,0.0,103.8399125,0.0,0.0,0.0,0.0,0.0,103.8399125,0.0,0.0,0.0,0.0,0.0,102.5168298,0.0,0.0,0.0,0.0,0.0,98.07928684,0.0,0.0,0.0,0.0,0.0,98.07928684,0.0,0.0,0.0,0.0,0.0
diverse_rec,ml20_lambda0.1,0.1,movielens_sample20of200_lambda0.1,20,5,13,104.8869134,104.8869134,104.8869134,93.73495328,1,5.815624564,solved (0.1 s),solved (0.1 s),0,0,opt,110.200093,0.0,0.0,0.0,0.0,0.0,111.5987786,0.0,0.0,0.0,0.0,0.0,104.91182296754955,0.0,0.0,0.0,0.0,0.0,104.91182296754955,0.0,0.0,0.0,0.0,0.0,110.200093,0.0,0.0,0.0,0.0,0.0,110.200093,0.0,0.0,0.0,0.0,0.0,111.5987786,0.0,0.0,0.0,0.0,0.0,111.5987786,0.0,0.0,0.0,0.0,0.0,110.200093,0.0,0.0,0.0,0.0,0.0,104.911823,0.0,0.0,0.0,0.0,0.0,104.911823,0.0,0.0,0.0,0.0,0.0
diverse_rec,ml20_lambda0.1,0.1,movielens_sample20of200_lambda0.1,20,5,14,111.5999814,111.5999814,111.5999814,95.45428233,1,5.815624564,solved (0.1 s),solved (0.1 s),0,0,opt,117.8338739,0.0,0.0,0.0,0.0,0.0,119.2820419,0.0,0.0,0.0,0.0,0.0,111.65530294293393,0.0,0.0,0.0,0.0,0.0,111.65530294293393,0.0,0.0,0.0,0.0,0.0,117.8338739,0.0,0.0,0.0,0.0,0.0,117.8338739,0.0,0.0,0.0,0.0,0.0,119.2820419,0.0,0.0,0.0,0.0,0.0,119.2820419,0.0,0.0,0.0,0.0,0.0,117.8338739,0.0,0.0,0.0,0.0,0.0,111.6553029,0.0,0.0,0.0,0.0,0.0,111.6553029,0.0,0.0,0.0,0.0,0.0
diverse_rec,ml20_lambda0.1,0.1,movielens_sample20of200_lambda0.1,20,5,15,118.1586214,118.1586214,118.1586214,97.03924366,1,5.815624564,solved (0.1 s),solved (0.1 s),0,0,opt,125.2719301,0.0,0.0,0.0,0.0,0.0,126.9158227,0.0,0.0,0.0,0.0,0.0,118.26266101813422,0.0,0.0,0.0,0.0,0.0,118.26266101813422,0.0,0.0,0.0,0.0,0.0,125.2719301,0.0,0.0,0.0,0.0,0.0,125.2719301,0.0,0.0,0.0,0.0,0.0,126.9158227,0.0,0.0,0.0,0.0,0.0,126.9158227,0.0,0.0,0.0,0.0,0.0,125.2719301,0.0,0.0,0.0,0.0,0.0,118.262661,0.0,0.0,0.0,0.0,0.0,118.262661,0.0,0.0,0.0,0.0,0.0
diverse_rec,ml20_lambda0.1,0.1,movielens_sample20of200_lambda0.1,20,5,16,124.631969,124.631969,124.631969,97.93787028,1,5.815624564,solved (0.1 s),solved (0.1 s),0,0,opt,132.6603107,0.0,0.0,0.0,0.0,0.0,134.4211786,0.0,0.0,0.0,0.0,0.0,124.67957404209827,0.0,0.0,0.0,0.0,0.0,124.67957404209825,0.0,0.0,0.0,0.0,0.0,132.6603107,0.0,0.0,0.0,0.0,0.0,132.6603107,0.0,0.0,0.0,0.0,0.0,134.4211786,0.0,0.0,0.0,0.0,0.0,134.4211786,0.0,0.0,0.0,0.0,0.0,132.6603107,0.0,0.0,0.0,0.0,0.0,124.679574,0.0,0.0,0.0,0.0,0.0,124.679574,0.0,0.0,0.0,0.0,0.0
diverse_rec,ml20_lambda0.1,0.1,movielens_sample20of200_lambda0.1,20,5,17,130.9436393,130.9436393,130.9436393,98.59031568,1,5.815624564,solved (0.1 s),solved (0.1 s),0,0,opt,139.8814626,0.0,0.0,0.0,0.0,0.0,141.8592348,0.0,0.0,0.0,0.0,0.0,130.96066880184017,0.0,0.0,0.0,0.0,0.0,130.96066880184017,0.0,0.0,0.0,0.0,0.0,139.8814626,0.0,0.0,0.0,0.0,0.0,139.8814626,0.0,0.0,0.0,0.0,0.0,141.8592348,0.0,0.0,0.0,0.0,0.0,141.8592348,0.0,0.0,0.0,0.0,0.0,139.8814626,0.0,0.0,0.0,0.0,0.0,130.9606688,0.0,0.0,0.0,0.0,0.0,130.9606688,0.0,0.0,0.0,0.0,0.0
diverse_rec,ml20_lambda0.1,0.1,movielens_sample20of200_lambda0.1,20,5,18,137.1423985,137.1423985,137.1423985,99.47374935,1,5.815624564,solved (0.1 s),solved (0.1 s),0,0,opt,146.9259934,0.0,0.0,0.0,0.0,0.0,149.0089919,0.0,0.0,0.0,0.0,0.0,137.14239848339545,0.0,0.0,0.0,0.0,0.0,137.14239848339545,0.0,0.0,0.0,0.0,0.0,146.9259934,0.0,0.0,0.0,0.0,0.0,146.9259934,0.0,0.0,0.0,0.0,0.0,149.2476154,0.0,0.0,0.0,0.0,0.0,149.0089919,0.0,0.0,0.0,0.0,0.0,146.9259934,0.0,0.0,0.0,0.0,0.0,137.1423985,0.0,0.0,0.0,0.0,0.0,137.1423985,0.0,0.0,0.0,0.0,0.0
diverse_rec,ml20_lambda0.1,0.1,movielens_sample20of200_lambda0.1,20,5,19,143.1463437,143.1463437,143.1463437,99.28804664,1,5.815624564,solved (0.1 s),solved (0.1 s),0,0,opt,148.9619682,0.0,0.0,0.0,0.0,0.0,148.9619682,0.0,0.0,0.0,0.0,0.0,143.1463436698296,0.0,0.0,0.0,0.0,0.0,143.1463436698296,0.0,0.0,0.0,0.0,0.0,148.96196819,0.0,0.0,0.0,0.0,0.0,148.9619682,0.0,0.0,0.0,0.0,0.0,156.4687673,0.0,0.0,0.0,0.0,0.0,148.9619682,0.0,0.0,0.0,0.0,0.0,148.9619682,0.0,0.0,0.0,0.0,0.0,143.1463437,0.0,0.0,0.0,0.0,0.0,143.1463437,0.0,0.0,0.0,0.0,0.0
diverse_rec,ml20_lambda0.1,0.1,movielens_sample20of200_lambda0.1,20,5,20,148.9619682,148.9619682,148.9619682,99.79592672,1,5.815624564,solved (0.1 s),solved (0.1 s),0,0,opt,148.9619682,0.0,0.0,0.0,0.0,0.0,148.9619682,0.0,0.0,0.0,0.0,0.0,148.96196823403574,0.0,0.0,0.0,0.0,0.0,148.96196823403557,0.0,0.0,0.0,0.0,0.0,148.96196819,0.0,0.0,0.0,0.0,0.0,148.9619682,0.0,0.0,0.0,0.0,0.0,163.513298,0.0,0.0,0.0,0.0,0.0,148.9619682,0.0,0.0,0.0,0.0,0.0,148.9619682,0.0,0.0,0.0,0.0,0.0,148.9619682,0.0,0.0,0.0,0.0,0.0,148.9619682,0.0,0.0,0.0,0.0,0.0
diverse_rec,ml20_lambda0.1,0.1,movielens_sample20of200_lambda0.1,20,6,1,9.56981541,9.56981541,9.56981541,9.56981541,1,5.750657863,solved (0.1 s),solved (0.0 s),0,0,opt,9.56981541,0.0,0.0,0.0,0.0,0.0,9.56981541,0.0,0.0,0.0,0.0,0.0,9.569815410033657,0.0,0.0,0.0,0.0,0.0,9.569815410033657,0.0,0.0,0.0,0.0,0.0,9.56981541,0.0,0.0,0.0,0.0,0.0,9.56981541,0.0,0.0,0.0,0.0,0.0,9.56981541,0.0,0.0,0.0,0.0,0.0,9.56981541,0.0,0.0,0.0,0.0,0.0,9.56981541,0.0,0.0,0.0,0.0,0.0,9.56981541,0.0,0.0,0.0,0.0,0.0,9.56981541,0.0,0.0,0.0,0.0,0.0
diverse_rec,ml20_lambda0.1,0.1,movielens_sample20of200_lambda0.1,20,6,2,18.57374973,18.57374973,18.57374973,18.4411656,1,5.750657863,solved (0.1 s),solved (0.0 s),0,0,opt,18.64505399,0.0,0.0,0.0,0.0,0.0,18.67882394,0.0,0.0,0.0,0.0,0.0,18.646748567580335,0.0,0.0,0.0,0.0,0.0,18.646748567580335,0.0,0.0,0.0,0.0,0.0,18.64505399,0.0,0.0,0.0,0.0,0.0,18.64505399,0.0,0.0,0.0,0.0,0.0,18.67882394,0.0,0.0,0.0,0.0,0.0,18.67882394,0.0,0.0,0.0,0.0,0.0,18.64505399,0.0,0.0,0.0,0.0,0.0,18.64674857,0.0,0.0,0.0,0.0,0.0,18.64674857,0.0,0.0,0.0,0.0,0.0
diverse_rec,ml20_lambda0.1,0.1,movielens_sample20of200_lambda0.1,20,6,3,27.43914748,27.43914748,27.43914748,27.05396999,1,5.750657863,solved (0.1 s),solved (0.0 s),0,0,opt,27.49365605,0.0,0.0,0.0,0.0,0.0,27.75406252,0.0,0.0,0.0,0.0,0.0,27.63566362939008,0.0,0.0,0.0,0.0,0.0,27.635663629390077,0.0,0.0,0.0,0.0,0.0,27.49365605,0.0,0.0,0.0,0.0,0.0,27.49365605,0.0,0.0,0.0,0.0,0.0,27.75406252,0.0,0.0,0.0,0.0,0.0,27.75406252,0.0,0.0,0.0,0.0,0.0,27.49365605,0.0,0.0,0.0,0.0,0.0,27.63566363,0.0,0.0,0.0,0.0,0.0,27.63566363,0.0,0.0,0.0,0.0,0.0
diverse_rec,ml20_lambda0.1,0.1,movielens_sample20of200_lambda0.1,20,6,4,35.98918045,35.98918045,35.98918045,35.49342508,1,5.750657863,solved (0.1 s),solved (0.0 s),0,0,opt,36.25518494,0.0,0.0,0.0,0.0,0.0,36.60266459,0.0,0.0,0.0,0.0,0.0,36.35789156630499,0.0,0.0,0.0,0.0,0.0,36.357891566304986,0.0,0.0,0.0,0.0,0.0,36.25518494,0.0,0.0,0.0,0.0,0.0,36.25518494,0.0,0.0,0.0,0.0,0.0,36.60266459,0.0,0.0,0.0,0.0,0.0,36.60266459,0.0,0.0,0.0,0.0,0.0,36.25518494,0.0,0.0,0.0,0.0,0.0,36.35789157,0.0,0.0,0.0,0.0,0.0,36.35789157,0.0,0.0,0.0,0.0,0.0
diverse_rec,ml20_lambda0.1,0.1,movielens_sample20of200_lambda0.1,20,6,5,44.35865869,44.35865869,44.35865869,43.7824075,1,5.750657863,solved (0.1 s),solved (0.0 s),0,0,opt,45.00334422,0.0,0.0,0.0,0.0,0.0,45.36419347,0.0,0.0,0.0,0.0,0.0,44.99981574411391,0.0,0.0,0.0,0.0,0.0,44.99981574411391,0.0,0.0,0.0,0.0,0.0,45.00334422,0.0,0.0,0.0,0.0,0.0,45.00334422,0.0,0.0,0.0,0.0,0.0,45.36419347,0.0,0.0,0.0,0.0,0.0,45.36419347,0.0,0.0,0.0,0.0,0.0,45.00334422,0.0,0.0,0.0,0.0,0.0,44.99981574,0.0,0.0,0.0,0.0,0.0,44.99981574,0.0,0.0,0.0,0.0,0.0
diverse_rec,ml20_lambda0.1,0.1,movielens_sample20of200_lambda0.1,20,6,6,52.59655977,52.59655977,52.59655977,51.82161527,1,5.750657863,solved (0.1 s),solved (0.0 s),0,0,opt,53.70272268,0.0,0.0,0.0,0.0,0.0,54.11235275,0.0,0.0,0.0,0.0,0.0,53.53053531031573,0.0,0.0,0.0,0.0,0.0,53.53053531031572,0.0,0.0,0.0,0.0,0.0,53.70272268,0.0,0.0,0.0,0.0,0.0,53.70272268,0.0,0.0,0.0,0.0,0.0,54.11235275,0.0,0.0,0.0,0.0,0.0,54.11235275,0.0,0.0,0.0,0.0,0.0,53.70272268,0.0,0.0,0.0,0.0,0.0,53.53053531,0.0,0.0,0.0,0.0,0.0,53.53053531,0.0,0.0,0.0,0.0,0.0
diverse_rec,ml20_lambda0.1,0.1,movielens_sample20of200_lambda0.1,20,6,7,60.71298368,60.71298368,60.71298368,59.56516644,1,5.750657863,solved (0.1 s),solved (0.0 s),0,0,opt,62.33280748,0.0,0.0,0.0,0.0,0.0,62.81173122,0.0,0.0,0.0,0.0,0.0,61.95822694144861,0.0,0.0,0.0,0.0,0.0,61.95822694144861,0.0,0.0,0.0,0.0,0.0,62.33280748,0.0,0.0,0.0,0.0,0.0,62.33280748,0.0,0.0,0.0,0.0,0.0,62.81173122,0.0,0.0,0.0,0.0,0.0,62.81173122,0.0,0.0,0.0,0.0,0.0,62.33280748,0.0,0.0,0.0,0.0,0.0,61.96277195,0.0,0.0,0.0,0.0,0.0,61.95822694,0.0,0.0,0.0,0.0,0.0
diverse_rec,ml20_lambda0.1,0.1,movielens_sample20of200_lambda0.1,20,6,8,68.73051911,68.73051911,68.73051911,66.97998456,1,5.750657863,solved (0.1 s),solved (0.0 s),0,0,opt,70.96208563,0.0,0.0,0.0,0.0,0.0,71.44181602,0.0,0.0,0.0,0.0,0.0,69.75207424094884,0.0,0.0,0.0,0.0,0.0,69.75207424094884,0.0,0.0,0.0,0.0,0.0,70.96208563,0.0,0.0,0.0,0.0,0.0,70.96208563,0.0,0.0,0.0,0.0,0.0,71.44181602,0.0,0.0,0.0,0.0,0.0,71.44181602,0.0,0.0,0.0,0.0,0.0,70.96208563,0.0,0.0,0.0,0.0,0.0,69.75261443,0.0,0.0,0.0,0.0,0.0,69.75207424,0.0,0.0,0.0,0.0,0.0
diverse_rec,ml20_lambda0.1,0.1,movielens_sample20of200_lambda0.1,20,6,9,76.61794069,76.61794069,76.61794069,74.16502336,1,5.750657863,solved (0.1 s),solved (0.0 s),0,0,opt,79.27272978,0.0,0.0,0.0,0.0,0.0,80.07109417,0.0,0.0,0.0,0.0,0.0,77.39135438254,0.0,0.0,0.0,0.0,0.0,77.39135438253999,0.0,0.0,0.0,0.0,0.0,79.27272978,0.0,0.0,0.0,0.0,0.0,79.27272978,0.0,0.0,0.0,0.0,0.0,80.07109417,0.0,0.0,0.0,0.0,0.0,80.07109417,0.0,0.0,0.0,0.0,0.0,79.27272978,0.0,0.0,0.0,0.0,0.0,77.39599394,0.0,0.0,0.0,0.0,0.0,77.39135438,0.0,0.0,0.0,0.0,0.0
diverse_rec,ml20_lambda0.1,0.1,movielens_sample20of200_lambda0.1,20,6,10,84.12792477,84.12792477,84.12792477,81.16505388,1,5.750657863,solved (0.1 s),solved (0.0 s),0,0,opt,87.50226823,0.0,0.0,0.0,0.0,0.0,88.38173831,0.0,0.0,0.0,0.0,0.0,84.73844951536174,0.0,0.0,0.0,0.0,0.0,84.73844951536175,0.0,0.0,0.0,0.0,0.0,87.50226823,0.0,0.0,0.0,0.0,0.0,87.50226823,0.0,0.0,0.0,0.0,0.0,88.38173831,0.0,0.0,0.0,0.0,0.0,88.38173831,0.0,0.0,0.0,0.0,0.0,87.50226823,0.0,0.0,0.0,0.0,0.0,84.74133507,0.0,0.0,0.0,0.0,0.0,84.73844952,0.0,0.0,0.0,0.0,0.0
diverse_rec,ml20_lambda0.1,0.1,movielens_sample20of200_lambda0.1,20,6,11,91.55589022,91.55589022,91.55589022,87.18554661,1,5.750657863,solved (0.1 s),solved (0.0 s),0,0,opt,95.7046326,0.0,0.0,0.0,0.0,0.0,96.61127676,0.0,0.0,0.0,0.0,0.0,91.88100897579633,0.0,0.0,0.0,0.0,0.0,91.88100897579633,0.0,0.0,0.0,0.0,0.0,95.7046326,0.0,0.0,0.0,0.0,0.0,95.7046326,0.0,0.0,0.0,0.0,0.0,96.61127676,0.0,0.0,0.0,0.0,0.0,96.61127676,0.0,0.0,0.0,0.0,0.0,95.7046326,0.0,0.0,0.0,0.0,0.0,91.88100898,0.0,0.0,0.0,0.0,0.0,91.88100898,0.0,0.0,0.0,0.0,0.0
diverse_rec,ml20_lambda0.1,0.1,movielens_sample20of200_lambda0.1,20,6,12,98.87061878,98.87061878,98.87061878,91.15787789,1,5.750657863,solved (0.1 s),solved (0.0 s),0,0,opt,103.5779639,0.0,0.0,0.0,0.0,0.0,104.8136411,0.0,0.0,0.0,0.0,0.0,98.92806226791527,0.0,0.0,0.0,0.0,0.0,98.92806226791527,0.0,0.0,0.0,0.0,0.0,103.5779639,0.0,0.0,0.0,0.0,0.0,103.5779639,0.0,0.0,0.0,0.0,0.0,104.8136411,0.0,0.0,0.0,0.0,0.0,104.8136411,0.0,0.0,0.0,0.0,0.0,103.5779639,0.0,0.0,0.0,0.0,0.0,98.92806227,0.0,0.0,0.0,0.0,0.0,98.92806227,0.0,0.0,0.0,0.0,0.0
diverse_rec,ml20_lambda0.1,0.1,movielens_sample20of200_lambda0.1,20,6,13,105.7799667,105.7799667,105.7799667,94.16663497,1,5.750657863,solved (0.1 s),solved (0.0 s),0,0,opt,111.4123032,0.0,0.0,0.0,0.0,0.0,112.6869724,0.0,0.0,0.0,0.0,0.0,105.86367465603733,0.0,0.0,0.0,0.0,0.0,105.86367465603733,0.0,0.0,0.0,0.0,0.0,111.4123032,0.0,0.0,0.0,0.0,0.0,111.4123032,0.0,0.0,0.0,0.0,0.0,112.6869724,0.0,0.0,0.0,0.0,0.0,112.6869724,0.0,0.0,0.0,0.0,0.0,111.4123032,0.0,0.0,0.0,0.0,0.0,105.8636747,0.0,0.0,0.0,0.0,0.0,105.8636747,0.0,0.0,0.0,0.0,0.0
diverse_rec,ml20_lambda0.1,0.1,movielens_sample20of200_lambda0.1,20,6,14,112.5989438,112.5989438,112.5989438,96.217365,1,5.750657863,solved (0.1 s),solved (0.0 s),0,0,opt,119.0103958,0.0,0.0,0.0,0.0,0.0,120.5213117,0.0,0.0,0.0,0.0,0.0,112.61894174988846,0.0,0.0,0.0,0.0,0.0,112.61894174988846,0.0,0.0,0.0,0.0,0.0,119.0103958,0.0,0.0,0.0,0.0,0.0,119.0103958,0.0,0.0,0.0,0.0,0.0,120.5213117,0.0,0.0,0.0,0.0,0.0,120.5213117,0.0,0.0,0.0,0.0,0.0,119.0103958,0.0,0.0,0.0,0.0,0.0,112.6189417,0.0,0.0,0.0,0.0,0.0,112.6189417,0.0,0.0,0.0,0.0,0.0
diverse_rec,ml20_lambda0.1,0.1,movielens_sample20of200_lambda0.1,20,6,15,119.1873232,119.1873232,119.1873232,97.23760761,1,5.750657863,solved (0.1 s),solved (0.0 s),0,0,opt,126.4400509,0.0,0.0,0.0,0.0,0.0,128.1194044,0.0,0.0,0.0,0.0,0.0,119.23675331896327,0.0,0.0,0.0,0.0,0.0,119.23675331896327,0.0,0.0,0.0,0.0,0.0,126.4400509,0.0,0.0,0.0,0.0,0.0,126.4400509,0.0,0.0,0.0,0.0,0.0,128.1194044,0.0,0.0,0.0,0.0,0.0,128.1194044,0.0,0.0,0.0,0.0,0.0,126.4400509,0.0,0.0,0.0,0.0,0.0,119.2367533,0.0,0.0,0.0,0.0,0.0,119.2367533,0.0,0.0,0.0,0.0,0.0
diverse_rec,ml20_lambda0.1,0.1,movielens_sample20of200_lambda0.1,20,6,16,125.6743623,125.6743623,125.6743623,98.31980165,1,5.750657863,solved (0.1 s),solved (0.0 s),0,0,opt,133.7171831,0.0,0.0,0.0,0.0,0.0,135.6580379,0.0,0.0,0.0,0.0,0.0,125.69132370195669,0.0,0.0,0.0,0.0,0.0,125.69132370195669,0.0,0.0,0.0,0.0,0.0,133.7171831,0.0,0.0,0.0,0.0,0.0,133.7171831,0.0,0.0,0.0,0.0,0.0,135.6580379,0.0,0.0,0.0,0.0,0.0,135.6580379,0.0,0.0,0.0,0.0,0.0,133.7171831,0.0,0.0,0.0,0.0,0.0,125.6913237,0.0,0.0,0.0,0.0,0.0,125.6913237,0.0,0.0,0.0,0.0,0.0
diverse_rec,ml20_lambda0.1,0.1,movielens_sample20of200_lambda0.1,20,6,17,131.9740049,131.9740049,131.9740049,99.29044705,1,5.750657863,solved (0.1 s),solved (0.0 s),0,0,opt,140.8387443,0.0,0.0,0.0,0.0,0.0,143.087693,0.0,0.0,0.0,0.0,0.0,131.9740048857754,0.0,0.0,0.0,0.0,0.0,131.9740048857754,0.0,0.0,0.0,0.0,0.0,140.8387443,0.0,0.0,0.0,0.0,0.0,140.8387443,0.0,0.0,0.0,0.0,0.0,143.087693,0.0,0.0,0.0,0.0,0.0,143.087693,0.0,0.0,0.0,0.0,0.0,140.8387443,0.0,0.0,0.0,0.0,0.0,131.9740049,0.0,0.0,0.0,0.0,0.0,131.9740049,0.0,0.0,0.0,0.0,0.0
diverse_rec,ml20_lambda0.1,0.1,movielens_sample20of200_lambda0.1,20,6,18,138.1222459,138.1222459,138.1222459,98.84194904,1,5.750657863,solved (0.1 s),solved (0.0 s),0,0,opt,147.8020666,0.0,0.0,0.0,0.0,0.0,149.859323,0.0,0.0,0.0,0.0,0.0,138.12224588534036,0.0,0.0,0.0,0.0,0.0,138.1222458853404,0.0,0.0,0.0,0.0,0.0,147.8020666,0.0,0.0,0.0,0.0,0.0,147.8020666,0.0,0.0,0.0,0.0,0.0,150.3648252,0.0,0.0,0.0,0.0,0.0,149.859323,0.0,0.0,0.0,0.0,0.0,147.8020666,0.0,0.0,0.0,0.0,0.0,138.1222459,0.0,0.0,0.0,0.0,0.0,138.1222459,0.0,0.0,0.0,0.0,0.0
diverse_rec,ml20_lambda0.1,0.1,movielens_sample20of200_lambda0.1,20,6,19,144.05408,144.05408,144.05408,99.56650092,1,5.750657863,solved (0.1 s),solved (0.0 s),0,0,opt,149.8047378,0.0,0.0,0.0,0.0,0.0,149.8047378,0.0,0.0,0.0,0.0,0.0,144.05407996215672,0.0,0.0,0.0,0.0,0.0,144.05407996215672,0.0,0.0,0.0,0.0,0.0,149.80473777999998,0.0,0.0,0.0,0.0,0.0,149.8047378,0.0,0.0,0.0,0.0,0.0,157.4863864,0.0,0.0,0.0,0.0,0.0,149.8047378,0.0,0.0,0.0,0.0,0.0,149.8047378,0.0,0.0,0.0,0.0,0.0,144.05408,0.0,0.0,0.0,0.0,0.0,144.05408,0.0,0.0,0.0,0.0,0.0
diverse_rec,ml20_lambda0.1,0.1,movielens_sample20of200_lambda0.1,20,6,20,149.8047378,149.8047378,149.8047378,99.7583661,1,5.750657863,solved (0.1 s),solved (0.0 s),0,0,opt,149.8047378,0.0,0.0,0.0,0.0,0.0,149.8047378,0.0,0.0,0.0,0.0,0.0,149.80473782480414,0.0,0.0,0.0,0.0,0.0,149.80473782480425,0.0,0.0,0.0,0.0,0.0,149.80473777999998,0.0,0.0,0.0,0.0,0.0,149.8047378,0.0,0.0,0.0,0.0,0.0,164.4497087,0.0,0.0,0.0,0.0,0.0,149.8047378,0.0,0.0,0.0,0.0,0.0,149.8047378,0.0,0.0,0.0,0.0,0.0,149.8047378,0.0,0.0,0.0,0.0,0.0,149.8047378,0.0,0.0,0.0,0.0,0.0
diverse_rec,ml20_lambda0.1,0.1,movielens_sample20of200_lambda0.1,20,7,1,9.904139193,9.904139193,9.904139193,9.904139193,1,5.590841987,solved (0.1 s),solved (0.1 s),0,0,opt,9.904139193,0.0,0.0,0.0,0.0,0.0,9.904139193,0.0,0.0,0.0,0.0,0.0,9.90413919308804,0.0,0.0,0.0,0.0,0.0,9.90413919308804,0.0,0.0,0.0,0.0,0.0,9.904139193,0.0,0.0,0.0,0.0,0.0,9.904139193,0.0,0.0,0.0,0.0,0.0,9.904139193,0.0,0.0,0.0,0.0,0.0,9.904139193,0.0,0.0,0.0,0.0,0.0,9.904139193,0.0,0.0,0.0,0.0,0.0,9.904139193,0.0,0.0,0.0,0.0,0.0,9.904139193,0.0,0.0,0.0,0.0,0.0
diverse_rec,ml20_lambda0.1,0.1,movielens_sample20of200_lambda0.1,20,7,2,19.65375967,19.65375967,19.65375967,19.5394324,1,5.590841987,solved (0.1 s),solved (0.1 s),0,0,opt,19.65375967,0.0,0.0,0.0,0.0,0.0,19.7960793,0.0,0.0,0.0,0.0,0.0,19.771214065118986,0.0,0.0,0.0,0.0,0.0,19.771214065118986,0.0,0.0,0.0,0.0,0.0,19.65375967,0.0,0.0,0.0,0.0,0.0,19.65375967,0.0,0.0,0.0,0.0,0.0,19.7960793,0.0,0.0,0.0,0.0,0.0,19.7960793,0.0,0.0,0.0,0.0,0.0,19.65375967,0.0,0.0,0.0,0.0,0.0,19.77121407,0.0,0.0,0.0,0.0,0.0,19.77121407,0.0,0.0,0.0,0.0,0.0
diverse_rec,ml20_lambda0.1,0.1,movielens_sample20of200_lambda0.1,20,7,3,29.08333078,29.08333078,29.08333078,28.80336583,1,5.590841987,solved (0.1 s),solved (0.1 s),0,0,opt,29.24691538,0.0,0.0,0.0,0.0,0.0,29.41862035,0.0,0.0,0.0,0.0,0.0,29.352251523779493,0.0,0.0,0.0,0.0,0.0,29.35225152377949,0.0,0.0,0.0,0.0,0.0,29.24691538,0.0,0.0,0.0,0.0,0.0,29.24691538,0.0,0.0,0.0,0.0,0.0,29.41862035,0.0,0.0,0.0,0.0,0.0,29.41862035,0.0,0.0,0.0,0.0,0.0,29.24691538,0.0,0.0,0.0,0.0,0.0,29.35225152,0.0,0.0,0.0,0.0,0.0,29.35225152,0.0,0.0,0.0,0.0,0.0
diverse_rec,ml20_lambda0.1,0.1,movielens_sample20of200_lambda0.1,20,7,4,38.33094469,38.33094469,38.33094469,37.64886331,1,5.590841987,solved (0.1 s),solved (0.1 s),0,0,opt,38.54091619,0.0,0.0,0.0,0.0,0.0,39.01177606,0.0,0.0,0.0,0.0,0.0,38.75703315570517,0.0,0.0,0.0,0.0,0.0,38.75703315570518,0.0,0.0,0.0,0.0,0.0,38.54091619,0.0,0.0,0.0,0.0,0.0,38.54091619,0.0,0.0,0.0,0.0,0.0,39.01177606,0.0,0.0,0.0,0.0,0.0,39.01177606,0.0,0.0,0.0,0.0,0.0,38.54091619,0.0,0.0,0.0,0.0,0.0,38.75703316,0.0,0.0,0.0,0.0,0.0,38.75703316,0.0,0.0,0.0,0.0,0.0
diverse_rec,ml20_lambda0.1,0.1,movielens_sample20of200_lambda0.1,20,7,5,47.2513916,47.2513916,47.2513916,46.20050847,1,5.590841987,solved (0.1 s),solved (0.1 s),0,0,opt,47.7464979,0.0,0.0,0.0,0.0,0.0,48.30577686,0.0,0.0,0.0,0.0,0.0,47.83990826663022,0.0,0.0,0.0,0.0,0.0,47.83990826663021,0.0,0.0,0.0,0.0,0.0,47.7464979,0.0,0.0,0.0,0.0,0.0,47.7464979,0.0,0.0,0.0,0.0,0.0,48.30577686,0.0,0.0,0.0,0.0,0.0,48.30577686,0.0,0.0,0.0,0.0,0.0,47.7464979,0.0,0.0,0.0,0.0,0.0,47.83990827,0.0,0.0,0.0,0.0,0.0,47.83990827,0.0,0.0,0.0,0.0,0.0
diverse_rec,ml20_lambda0.1,0.1,movielens_sample20of200_lambda0.1,20,7,6,55.92361853,55.92361853,55.92361853,54.50091586,1,5.590841987,solved (0.1 s),solved (0.1 s),0,0,opt,56.70146283,0.0,0.0,0.0,0.0,0.0,57.51135858,0.0,0.0,0.0,0.0,0.0,56.55116041803978,0.0,0.0,0.0,0.0,0.0,56.551160418039785,0.0,0.0,0.0,0.0,0.0,56.70146283,0.0,0.0,0.0,0.0,0.0,56.70146283,0.0,0.0,0.0,0.0,0.0,57.51135858,0.0,0.0,0.0,0.0,0.0,57.51135858,0.0,0.0,0.0,0.0,0.0,56.70146283,0.0,0.0,0.0,0.0,0.0,56.55116042,0.0,0.0,0.0,0.0,0.0,56.55116042,0.0,0.0,0.0,0.0,0.0
diverse_rec,ml20_lambda0.1,0.1,movielens_sample20of200_lambda0.1,20,7,7,64.30360451,64.30360451,64.30360451,62.63844914,1,5.590841987,solved (0.1 s),solved (0.1 s),0,0,opt,65.63043082,0.0,0.0,0.0,0.0,0.0,66.4663235,0.0,0.0,0.0,0.0,0.0,64.95469389496505,0.0,0.0,0.0,0.0,0.0,64.95469389496505,0.0,0.0,0.0,0.0,0.0,65.63043082,0.0,0.0,0.0,0.0,0.0,65.63043082,0.0,0.0,0.0,0.0,0.0,66.4663235,0.0,0.0,0.0,0.0,0.0,66.4663235,0.0,0.0,0.0,0.0,0.0,65.63043082,0.0,0.0,0.0,0.0,0.0,64.95484993,0.0,0.0,0.0,0.0,0.0,64.95469389,0.0,0.0,0.0,0.0,0.0
diverse_rec,ml20_lambda0.1,0.1,movielens_sample20of200_lambda0.1,20,7,8,72.56525489,72.56525489,72.56525489,70.47438722,1,5.590841987,solved (0.1 s),solved (0.1 s),0,0,opt,74.32759967,0.0,0.0,0.0,0.0,0.0,75.3952915,0.0,0.0,0.0,0.0,0.0,73.11759496906534,0.0,0.0,0.0,0.0,0.0,73.11759496906534,0.0,0.0,0.0,0.0,0.0,74.32759967,0.0,0.0,0.0,0.0,0.0,74.32759967,0.0,0.0,0.0,0.0,0.0,75.3952915,0.0,0.0,0.0,0.0,0.0,75.3952915,0.0,0.0,0.0,0.0,0.0,74.32759967,0.0,0.0,0.0,0.0,0.0,73.1177054,0.0,0.0,0.0,0.0,0.0,73.11759497,0.0,0.0,0.0,0.0,0.0
diverse_rec,ml20_lambda0.1,0.1,movielens_sample20of200_lambda0.1,20,7,9,80.55009668,80.55009668,80.55009668,78.22039087,1,5.590841987,solved (0.1 s),solved (0.1 s),0,0,opt,83.00921425,0.0,0.0,0.0,0.0,0.0,84.09246035,0.0,0.0,0.0,0.0,0.0,81.19988062994337,0.0,0.0,0.0,0.0,0.0,81.19988062994334,0.0,0.0,0.0,0.0,0.0,83.00921425,0.0,0.0,0.0,0.0,0.0,83.00921425,0.0,0.0,0.0,0.0,0.0,84.09246035,0.0,0.0,0.0,0.0,0.0,84.09246035,0.0,0.0,0.0,0.0,0.0,83.00921425,0.0,0.0,0.0,0.0,0.0,81.20054116,0.0,0.0,0.0,0.0,0.0,81.19988063,0.0,0.0,0.0,0.0,0.0
diverse_rec,ml20_lambda0.1,0.1,movielens_sample20of200_lambda0.1,20,7,10,88.43274122,88.43274122,88.43274122,85.61161273,1,5.590841987,solved (0.1 s),solved (0.1 s),0,0,opt,91.65148688,0.0,0.0,0.0,0.0,0.0,92.77407493,0.0,0.0,0.0,0.0,0.0,89.17800437149116,0.0,0.0,0.0,0.0,0.0,89.17800437149114,0.0,0.0,0.0,0.0,0.0,91.65148688,0.0,0.0,0.0,0.0,0.0,91.65148688,0.0,0.0,0.0,0.0,0.0,92.77407493,0.0,0.0,0.0,0.0,0.0,92.77407493,0.0,0.0,0.0,0.0,0.0,91.65148688,0.0,0.0,0.0,0.0,0.0,89.18018447,0.0,0.0,0.0,0.0,0.0,89.17800437,0.0,0.0,0.0,0.0,0.0
diverse_rec,ml20_lambda0.1,0.1,movielens_sample20of200_lambda0.1,20,7,11,96.20494175,96.20494175,96.20494175,92.07082403,1,5.590841987,solved (0.1 s),solved (0.1 s),0,0,opt,100.2517971,0.0,0.0,0.0,0.0,0.0,101.4163476,0.0,0.0,0.0,0.0,0.0,96.98451848136939,0.0,0.0,0.0,0.0,0.0,96.9845184813694,0.0,0.0,0.0,0.0,0.0,100.2517971,0.0,0.0,0.0,0.0,0.0,100.2517971,0.0,0.0,0.0,0.0,0.0,101.4163476,0.0,0.0,0.0,0.0,0.0,101.4163476,0.0,0.0,0.0,0.0,0.0,100.2517971,0.0,0.0,0.0,0.0,0.0,96.98566628,0.0,0.0,0.0,0.0,0.0,96.98451848,0.0,0.0,0.0,0.0,0.0
diverse_rec,ml20_lambda0.1,0.1,movielens_sample20of200_lambda0.1,20,7,12,103.8571778,103.8571778,103.8571778,96.28443487,1,5.590841987,solved (0.1 s),solved (0.1 s),0,0,opt,108.8274704,0.0,0.0,0.0,0.0,0.0,110.0166578,0.0,0.0,0.0,0.0,0.0,104.47741929340242,0.0,0.0,0.0,0.0,0.0,104.47741929340242,0.0,0.0,0.0,0.0,0.0,108.8274704,0.0,0.0,0.0,0.0,0.0,108.8274704,0.0,0.0,0.0,0.0,0.0,110.0166578,0.0,0.0,0.0,0.0,0.0,110.0166578,0.0,0.0,0.0,0.0,0.0,108.8274704,0.0,0.0,0.0,0.0,0.0,104.4794474,0.0,0.0,0.0,0.0,0.0,104.4774193,0.0,0.0,0.0,0.0,0.0
diverse_rec,ml20_lambda0.1,0.1,movielens_sample20of200_lambda0.1,20,7,13,111.4032175,111.4032175,111.4032175,99.24829929,1,5.590841987,solved (0.1 s),solved (0.1 s),0,0,opt,117.2514521,0.0,0.0,0.0,0.0,0.0,118.5923311,0.0,0.0,0.0,0.0,0.0,111.71104097985477,0.0,0.0,0.0,0.0,0.0,111.71104097985477,0.0,0.0,0.0,0.0,0.0,117.2514521,0.0,0.0,0.0,0.0,0.0,117.2514521,0.0,0.0,0.0,0.0,0.0,118.5923311,0.0,0.0,0.0,0.0,0.0,118.5923311,0.0,0.0,0.0,0.0,0.0,117.2514521,0.0,0.0,0.0,0.0,0.0,111.711041,0.0,0.0,0.0,0.0,0.0,111.711041,0.0,0.0,0.0,0.0,0.0
diverse_rec,ml20_lambda0.1,0.1,movielens_sample20of200_lambda0.1,20,7,14,118.7598134,118.7598134,118.7598134,101.1604172,1,5.590841987,solved (0.1 s),solved (0.1 s),0,0,opt,125.4513726,0.0,0.0,0.0,0.0,0.0,127.0163128,0.0,0.0,0.0,0.0,0.0,118.79956365639046,0.0,0.0,0.0,0.0,0.0,118.79956365639046,0.0,0.0,0.0,0.0,0.0,125.4513726,0.0,0.0,0.0,0.0,0.0,125.4513726,0.0,0.0,0.0,0.0,0.0,127.0163128,0.0,0.0,0.0,0.0,0.0,127.0163128,0.0,0.0,0.0,0.0,0.0,125.4513726,0.0,0.0,0.0,0.0,0.0,118.7995637,0.0,0.0,0.0,0.0,0.0,118.7995637,0.0,0.0,0.0,0.0,0.0
diverse_rec,ml20_lambda0.1,0.1,movielens_sample20of200_lambda0.1,20,7,15,125.8297209,125.8297209,125.8297209,102.8574863,1,5.590841987,solved (0.1 s),solved (0.1 s),0,0,opt,133.4107311,0.0,0.0,0.0,0.0,0.0,135.2162333,0.0,0.0,0.0,0.0,0.0,125.85930309164948,0.0,0.0,0.0,0.0,0.0,125.85930309164948,0.0,0.0,0.0,0.0,0.0,133.4107311,0.0,0.0,0.0,0.0,0.0,133.4107311,0.0,0.0,0.0,0.0,0.0,135.2162333,0.0,0.0,0.0,0.0,0.0,135.2162333,0.0,0.0,0.0,0.0,0.0,133.4107311,0.0,0.0,0.0,0.0,0.0,125.8593031,0.0,0.0,0.0,0.0,0.0,125.8593031,0.0,0.0,0.0,0.0,0.0
diverse_rec,ml20_lambda0.1,0.1,movielens_sample20of200_lambda0.1,20,7,16,132.7962915,132.7962915,132.7962915,104.2100266,1,5.590841987,solved (0.1 s),solved (0.1 s),0,0,opt,141.2881886,0.0,0.0,0.0,0.0,0.0,143.360682,0.0,0.0,0.0,0.0,0.0,132.79629151322288,0.0,0.0,0.0,0.0,0.0,132.79629151322288,0.0,0.0,0.0,0.0,0.0,141.2881886,0.0,0.0,0.0,0.0,0.0,141.2881886,0.0,0.0,0.0,0.0,0.0,143.360682,0.0,0.0,0.0,0.0,0.0,143.360682,0.0,0.0,0.0,0.0,0.0,141.2881886,0.0,0.0,0.0,0.0,0.0,132.7962915,0.0,0.0,0.0,0.0,0.0,132.7962915,0.0,0.0,0.0,0.0,0.0
diverse_rec,ml20_lambda0.1,0.1,movielens_sample20of200_lambda0.1,20,7,17,139.5119923,139.5119923,139.5119923,104.1344707,1,5.590841987,solved (0.1 s),solved (0.1 s),0,0,opt,148.8795397,0.0,0.0,0.0,0.0,0.0,151.3200405,0.0,0.0,0.0,0.0,0.0,139.51199227896873,0.0,0.0,0.0,0.0,0.0,139.51199227896873,0.0,0.0,0.0,0.0,0.0,148.8795397,0.0,0.0,0.0,0.0,0.0,148.8795397,0.0,0.0,0.0,0.0,0.0,151.3200405,0.0,0.0,0.0,0.0,0.0,151.3200405,0.0,0.0,0.0,0.0,0.0,148.8795397,0.0,0.0,0.0,0.0,0.0,139.5119923,0.0,0.0,0.0,0.0,0.0,139.5119923,0.0,0.0,0.0,0.0,0.0
diverse_rec,ml20_lambda0.1,0.1,movielens_sample20of200_lambda0.1,20,7,18,146.1107919,146.1107919,146.1107919,104.9602301,1,5.590841987,solved (0.1 s),solved (0.1 s),0,0,opt,155.6430922,0.0,0.0,0.0,0.0,0.0,158.0396082,0.0,0.0,0.0,0.0,0.0,146.1107918551089,0.0,0.0,0.0,0.0,0.0,146.1107918551089,0.0,0.0,0.0,0.0,0.0,155.6430922,0.0,0.0,0.0,0.0,0.0,155.6430922,0.0,0.0,0.0,0.0,0.0,159.197498,0.0,0.0,0.0,0.0,0.0,158.0396082,0.0,0.0,0.0,0.0,0.0,155.6430922,0.0,0.0,0.0,0.0,0.0,146.1107919,0.0,0.0,0.0,0.0,0.0,146.1107919,0.0,0.0,0.0,0.0,0.0
diverse_rec,ml20_lambda0.1,0.1,movielens_sample20of200_lambda0.1,20,7,19,152.4063195,152.4063195,152.4063195,104.9403477,1,5.590841987,solved (0.1 s),solved (0.1 s),0,0,opt,157.9971615,0.0,0.0,0.0,0.0,0.0,157.9971615,0.0,0.0,0.0,0.0,0.0,152.40631947527731,0.0,0.0,0.0,0.0,0.0,152.40631947527731,0.0,0.0,0.0,0.0,0.0,157.99716143,0.0,0.0,0.0,0.0,0.0,157.9971615,0.0,0.0,0.0,0.0,0.0,166.7888491,0.0,0.0,0.0,0.0,0.0,157.9971615,0.0,0.0,0.0,0.0,0.0,157.9971615,0.0,0.0,0.0,0.0,0.0,152.4063195,0.0,0.0,0.0,0.0,0.0,152.4063195,0.0,0.0,0.0,0.0,0.0
diverse_rec,ml20_lambda0.1,0.1,movielens_sample20of200_lambda0.1,20,7,20,157.9971615,157.9971615,157.9971615,105.0829292,1,5.590841987,solved (0.1 s),solved (0.1 s),0,0,opt,157.9971615,0.0,0.0,0.0,0.0,0.0,157.9971615,0.0,0.0,0.0,0.0,0.0,157.9971614627058,0.0,0.0,0.0,0.0,0.0,157.99716146270586,0.0,0.0,0.0,0.0,0.0,157.99716143,0.0,0.0,0.0,0.0,0.0,157.9971615,0.0,0.0,0.0,0.0,0.0,173.5524016,0.0,0.0,0.0,0.0,0.0,157.9971615,0.0,0.0,0.0,0.0,0.0,157.9971615,0.0,0.0,0.0,0.0,0.0,157.9971615,0.0,0.0,0.0,0.0,0.0,157.9971615,0.0,0.0,0.0,0.0,0.0
diverse_rec,ml20_lambda0.1,0.1,movielens_sample20of200_lambda0.1,20,8,1,10.75102075,10.75102075,10.75102075,10.75102075,1,5.245035961,solved (0.1 s),solved (0.1 s),0,0,opt,10.75102075,0.0,0.0,0.0,0.0,0.0,10.75102075,0.0,0.0,0.0,0.0,0.0,10.751020752263974,0.0,0.0,0.0,0.0,0.0,10.751020752263974,0.0,0.0,0.0,0.0,0.0,10.75102075,0.0,0.0,0.0,0.0,0.0,10.75102075,0.0,0.0,0.0,0.0,0.0,10.75102075,0.0,0.0,0.0,0.0,0.0,10.75102075,0.0,0.0,0.0,0.0,0.0,10.75102075,0.0,0.0,0.0,0.0,0.0,10.75102075,0.0,0.0,0.0,0.0,0.0,10.75102075,0.0,0.0,0.0,0.0,0.0
diverse_rec,ml20_lambda0.1,0.1,movielens_sample20of200_lambda0.1,20,8,2,21.21206303,21.21206303,21.21206303,21.08541478,1,5.245035961,solved (0.1 s),solved (0.1 s),0,0,opt,21.21206303,0.0,0.0,0.0,0.0,0.0,21.35041109,0.0,0.0,0.0,0.0,0.0,21.3234631891715,0.0,0.0,0.0,0.0,0.0,21.3234631891715,0.0,0.0,0.0,0.0,0.0,21.21206303,0.0,0.0,0.0,0.0,0.0,21.21206303,0.0,0.0,0.0,0.0,0.0,21.35041109,0.0,0.0,0.0,0.0,0.0,21.35041109,0.0,0.0,0.0,0.0,0.0,21.21206303,0.0,0.0,0.0,0.0,0.0,21.32346319,0.0,0.0,0.0,0.0,0.0,21.32346319,0.0,0.0,0.0,0.0,0.0
diverse_rec,ml20_lambda0.1,0.1,movielens_sample20of200_lambda0.1,20,8,3,31.36956491,31.36956491,31.36956491,30.81058833,1,5.245035961,solved (0.1 s),solved (0.1 s),0,0,opt,31.36956491,0.0,0.0,0.0,0.0,0.0,31.75624355,0.0,0.0,0.0,0.0,0.0,31.59310958855359,0.0,0.0,0.0,0.0,0.0,31.59310958855359,0.0,0.0,0.0,0.0,0.0,31.36956491,0.0,0.0,0.0,0.0,0.0,31.36956491,0.0,0.0,0.0,0.0,0.0,31.75624355,0.0,0.0,0.0,0.0,0.0,31.75624355,0.0,0.0,0.0,0.0,0.0,31.36956491,0.0,0.0,0.0,0.0,0.0,31.59310959,0.0,0.0,0.0,0.0,0.0,31.59310959,0.0,0.0,0.0,0.0,0.0
diverse_rec,ml20_lambda0.1,0.1,movielens_sample20of200_lambda0.1,20,8,4,40.99515742,40.99515742,40.99515742,40.21162338,1,5.245035961,solved (0.1 s),solved (0.1 s),0,0,opt,41.24792818,0.0,0.0,0.0,0.0,0.0,41.77091782,0.0,0.0,0.0,0.0,0.0,41.40082266685904,0.0,0.0,0.0,0.0,0.0,41.40082266685904,0.0,0.0,0.0,0.0,0.0,41.24792818,0.0,0.0,0.0,0.0,0.0,41.24792818,0.0,0.0,0.0,0.0,0.0,41.77091782,0.0,0.0,0.0,0.0,0.0,41.77091782,0.0,0.0,0.0,0.0,0.0,41.24792818,0.0,0.0,0.0,0.0,0.0,41.40082267,0.0,0.0,0.0,0.0,0.0,41.40082267,0.0,0.0,0.0,0.0,0.0
diverse_rec,ml20_lambda0.1,0.1,movielens_sample20of200_lambda0.1,20,8,5,50.40375276,50.40375276,50.40375276,49.30084946,1,5.245035961,solved (0.1 s),solved (0.1 s),0,0,opt,50.97919373,0.0,0.0,0.0,0.0,0.0,51.64928108,0.0,0.0,0.0,0.0,0.0,50.97129188366662,0.0,0.0,0.0,0.0,0.0,50.97129188366662,0.0,0.0,0.0,0.0,0.0,50.97919373,0.0,0.0,0.0,0.0,0.0,50.97919373,0.0,0.0,0.0,0.0,0.0,51.64928108,0.0,0.0,0.0,0.0,0.0,51.64928108,0.0,0.0,0.0,0.0,0.0,50.97919373,0.0,0.0,0.0,0.0,0.0,50.97129188,0.0,0.0,0.0,0.0,0.0,50.97129188,0.0,0.0,0.0,0.0,0.0
diverse_rec,ml20_lambda0.1,0.1,movielens_sample20of200_lambda0.1,20,8,6,59.55861413,59.55861413,59.55861413,58.15643421,1,5.245035961,solved (0.1 s),solved (0.1 s),0,0,opt,60.57811026,0.0,0.0,0.0,0.0,0.0,61.38054663,0.0,0.0,0.0,0.0,0.0,60.28945218199845,0.0,0.0,0.0,0.0,0.0,60.28945218199844,0.0,0.0,0.0,0.0,0.0,60.57811026,0.0,0.0,0.0,0.0,0.0,60.57811026,0.0,0.0,0.0,0.0,0.0,61.38054663,0.0,0.0,0.0,0.0,0.0,61.38054663,0.0,0.0,0.0,0.0,0.0,60.57811026,0.0,0.0,0.0,0.0,0.0,60.28945218,0.0,0.0,0.0,0.0,0.0,60.28945218,0.0,0.0,0.0,0.0,0.0
diverse_rec,ml20_lambda0.1,0.1,movielens_sample20of200_lambda0.1,20,8,7,68.52873311,68.52873311,68.52873311,66.68188269,1,5.245035961,solved (0.1 s),solved (0.1 s),0,0,opt,70.17591952,0.0,0.0,0.0,0.0,0.0,70.97946317,0.0,0.0,0.0,0.0,0.0,69.36202709841348,0.0,0.0,0.0,0.0,0.0,69.36202709841348,0.0,0.0,0.0,0.0,0.0,70.17591952,0.0,0.0,0.0,0.0,0.0,70.17591952,0.0,0.0,0.0,0.0,0.0,70.97946317,0.0,0.0,0.0,0.0,0.0,70.97946317,0.0,0.0,0.0,0.0,0.0,70.17591952,0.0,0.0,0.0,0.0,0.0,69.36381628,0.0,0.0,0.0,0.0,0.0,69.3620271,0.0,0.0,0.0,0.0,0.0
diverse_rec,ml20_lambda0.1,0.1,movielens_sample20of200_lambda0.1,20,8,8,77.35564185,77.35564185,77.35564185,74.72966402,1,5.245035961,solved (0.1 s),solved (0.1 s),0,0,opt,79.60715363,0.0,0.0,0.0,0.0,0.0,80.57727243,0.0,0.0,0.0,0.0,0.0,78.03053663230466,0.0,0.0,0.0,0.0,0.0,78.03053663230466,0.0,0.0,0.0,0.0,0.0,79.60715363,0.0,0.0,0.0,0.0,0.0,79.60715363,0.0,0.0,0.0,0.0,0.0,80.57727243,0.0,0.0,0.0,0.0,0.0,80.57727243,0.0,0.0,0.0,0.0,0.0,79.60715363,0.0,0.0,0.0,0.0,0.0,78.0307073,0.0,0.0,0.0,0.0,0.0,78.03053663,0.0,0.0,0.0,0.0,0.0
diverse_rec,ml20_lambda0.1,0.1,movielens_sample20of200_lambda0.1,20,8,9,85.94157337,85.94157337,85.94157337,82.28431534,1,5.245035961,solved (0.1 s),solved (0.1 s),0,0,opt,88.82474324,0.0,0.0,0.0,0.0,0.0,90.00850653,0.0,0.0,0.0,0.0,0.0,86.51717672071248,0.0,0.0,0.0,0.0,0.0,86.51717672071248,0.0,0.0,0.0,0.0,0.0,88.82474324,0.0,0.0,0.0,0.0,0.0,88.82474324,0.0,0.0,0.0,0.0,0.0,90.00850653,0.0,0.0,0.0,0.0,0.0,90.00850653,0.0,0.0,0.0,0.0,0.0,88.82474324,0.0,0.0,0.0,0.0,0.0,86.51717672,0.0,0.0,0.0,0.0,0.0,86.51717672,0.0,0.0,0.0,0.0,0.0
diverse_rec,ml20_lambda0.1,0.1,movielens_sample20of200_lambda0.1,20,8,10,94.27459809,94.27459809,94.27459809,89.51739144,1,5.245035961,solved (0.1 s),solved (0.1 s),0,0,opt,98.013909,0.0,0.0,0.0,0.0,0.0,99.22609614,0.0,0.0,0.0,0.0,0.0,94.58457338019804,0.0,0.0,0.0,0.0,0.0,94.58457338019804,0.0,0.0,0.0,0.0,0.0,98.013909,0.0,0.0,0.0,0.0,0.0,98.013909,0.0,0.0,0.0,0.0,0.0,99.22609614,0.0,0.0,0.0,0.0,0.0,99.22609614,0.0,0.0,0.0,0.0,0.0,98.013909,0.0,0.0,0.0,0.0,0.0,94.58457338,0.0,0.0,0.0,0.0,0.0,94.58457338,0.0,0.0,0.0,0.0,0.0
diverse_rec,ml20_lambda0.1,0.1,movielens_sample20of200_lambda0.1,20,8,11,102.3857242,102.3857242,102.3857242,95.38318879,1,5.245035961,solved (0.1 s),solved (0.1 s),0,0,opt,106.8230237,0.0,0.0,0.0,0.0,0.0,108.4152619,0.0,0.0,0.0,0.0,0.0,102.4573073607743,0.0,0.0,0.0,0.0,0.0,102.4573073607743,0.0,0.0,0.0,0.0,0.0,106.8230237,0.0,0.0,0.0,0.0,0.0,106.8230237,0.0,0.0,0.0,0.0,0.0,108.4152619,0.0,0.0,0.0,0.0,0.0,108.4152619,0.0,0.0,0.0,0.0,0.0,106.8230237,0.0,0.0,0.0,0.0,0.0,102.4573074,0.0,0.0,0.0,0.0,0.0,102.4573074,0.0,0.0,0.0,0.0,0.0
diverse_rec,ml20_lambda0.1,0.1,movielens_sample20of200_lambda0.1,20,8,12,110.1648617,110.1648617,110.1648617,99.41986172,1,5.245035961,solved (0.1 s),solved (0.1 s),0,0,opt,115.3844484,0.0,0.0,0.0,0.0,0.0,117.2243766,0.0,0.0,0.0,0.0,0.0,110.17783136730765,0.0,0.0,0.0,0.0,0.0,110.17783136730765,0.0,0.0,0.0,0.0,0.0,115.3844484,0.0,0.0,0.0,0.0,0.0,115.3844484,0.0,0.0,0.0,0.0,0.0,117.2243766,0.0,0.0,0.0,0.0,0.0,117.2243766,0.0,0.0,0.0,0.0,0.0,115.3844484,0.0,0.0,0.0,0.0,0.0,110.1778314,0.0,0.0,0.0,0.0,0.0,110.1778314,0.0,0.0,0.0,0.0,0.0
diverse_rec,ml20_lambda0.1,0.1,movielens_sample20of200_lambda0.1,20,8,13,117.6869618,117.6869618,117.6869618,102.2379808,1,5.245035961,solved (0.1 s),solved (0.1 s),0,0,opt,123.8861501,0.0,0.0,0.0,0.0,0.0,125.7858013,0.0,0.0,0.0,0.0,0.0,117.71914958740884,0.0,0.0,0.0,0.0,0.0,117.71914958740884,0.0,0.0,0.0,0.0,0.0,123.8861501,0.0,0.0,0.0,0.0,0.0,123.8861501,0.0,0.0,0.0,0.0,0.0,125.7858013,0.0,0.0,0.0,0.0,0.0,125.7858013,0.0,0.0,0.0,0.0,0.0,123.8861501,0.0,0.0,0.0,0.0,0.0,117.7191496,0.0,0.0,0.0,0.0,0.0,117.7191496,0.0,0.0,0.0,0.0,0.0
diverse_rec,ml20_lambda0.1,0.1,movielens_sample20of200_lambda0.1,20,8,14,125.04366,125.04366,125.04366,103.9029768,1,5.245035961,solved (0.1 s),solved (0.1 s),0,0,opt,132.0719859,0.0,0.0,0.0,0.0,0.0,134.287503,0.0,0.0,0.0,0.0,0.0,125.04708145712432,0.0,0.0,0.0,0.0,0.0,125.04708145712432,0.0,0.0,0.0,0.0,0.0,132.0719859,0.0,0.0,0.0,0.0,0.0,132.0719859,0.0,0.0,0.0,0.0,0.0,134.287503,0.0,0.0,0.0,0.0,0.0,134.287503,0.0,0.0,0.0,0.0,0.0,132.0719859,0.0,0.0,0.0,0.0,0.0,125.0470815,0.0,0.0,0.0,0.0,0.0,125.0470815,0.0,0.0,0.0,0.0,0.0
diverse_rec,ml20_lambda0.1,0.1,movielens_sample20of200_lambda0.1,20,8,15,132.0719859,132.0719859,132.0719859,105.1075968,1,5.245035961,solved (0.1 s),solved (0.1 s),0,0,opt,139.3813618,0.0,0.0,0.0,0.0,0.0,142.4981964,0.0,0.0,0.0,0.0,0.0,132.07198592818645,0.0,0.0,0.0,0.0,0.0,132.07198592818648,0.0,0.0,0.0,0.0,0.0,139.3813618,0.0,0.0,0.0,0.0,0.0,139.3813618,0.0,0.0,0.0,0.0,0.0,142.4981964,0.0,0.0,0.0,0.0,0.0,142.4981964,0.0,0.0,0.0,0.0,0.0,139.3813618,0.0,0.0,0.0,0.0,0.0,132.0719859,0.0,0.0,0.0,0.0,0.0,132.0719859,0.0,0.0,0.0,0.0,0.0
diverse_rec,ml20_lambda0.1,0.1,movielens_sample20of200_lambda0.1,20,8,16,138.5916146,138.5916146,138.5916146,106.0924085,1,5.245035961,solved (0.1 s),solved (0.1 s),0,0,opt,146.6060405,0.0,0.0,0.0,0.0,0.0,150.0856312,0.0,0.0,0.0,0.0,0.0,138.5916145892409,0.0,0.0,0.0,0.0,0.0,138.5916145892409,0.0,0.0,0.0,0.0,0.0,146.6060405,0.0,0.0,0.0,0.0,0.0,146.6060405,0.0,0.0,0.0,0.0,0.0,150.0856312,0.0,0.0,0.0,0.0,0.0,150.0856312,0.0,0.0,0.0,0.0,0.0,146.6060405,0.0,0.0,0.0,0.0,0.0,138.5916146,0.0,0.0,0.0,0.0,0.0,138.5916146,0.0,0.0,0.0,0.0,0.0
diverse_rec,ml20_lambda0.1,0.1,movielens_sample20of200_lambda0.1,20,8,17,144.7892622,144.7892622,144.7892622,107.1220882,1,5.245035961,solved (0.1 s),solved (0.1 s),0,0,opt,153.2580044,0.0,0.0,0.0,0.0,0.0,157.3950071,0.0,0.0,0.0,0.0,0.0,144.78926224841743,0.0,0.0,0.0,0.0,0.0,144.7892622484174,0.0,0.0,0.0,0.0,0.0,153.2580044,0.0,0.0,0.0,0.0,0.0,153.2580044,0.0,0.0,0.0,0.0,0.0,157.3950071,0.0,0.0,0.0,0.0,0.0,157.3950071,0.0,0.0,0.0,0.0,0.0,153.2580044,0.0,0.0,0.0,0.0,0.0,144.7892622,0.0,0.0,0.0,0.0,0.0,144.7892622,0.0,0.0,0.0,0.0,0.0
diverse_rec,ml20_lambda0.1,0.1,movielens_sample20of200_lambda0.1,20,8,18,150.8417005,150.8417005,150.8417005,107.4506619,1,5.245035961,solved (0.1 s),solved (0.1 s),0,0,opt,159.5892994,0.0,0.0,0.0,0.0,0.0,161.6969928,0.0,0.0,0.0,0.0,0.0,150.84170051530535,0.0,0.0,0.0,0.0,0.0,150.84170051530535,0.0,0.0,0.0,0.0,0.0,159.5892994,0.0,0.0,0.0,0.0,0.0,159.5892994,0.0,0.0,0.0,0.0,0.0,164.6196858,0.0,0.0,0.0,0.0,0.0,161.6969928,0.0,0.0,0.0,0.0,0.0,159.5892994,0.0,0.0,0.0,0.0,0.0,150.8417005,0.0,0.0,0.0,0.0,0.0,150.8417005,0.0,0.0,0.0,0.0,0.0
diverse_rec,ml20_lambda0.1,0.1,movielens_sample20of200_lambda0.1,20,8,19,156.3976143,156.3976143,156.3976143,107.4427906,1,5.245035961,solved (0.1 s),solved (0.1 s),0,0,opt,161.6426502,0.0,0.0,0.0,0.0,0.0,161.6426502,0.0,0.0,0.0,0.0,0.0,156.3976142518694,0.0,0.0,0.0,0.0,0.0,156.3976142518694,0.0,0.0,0.0,0.0,0.0,161.64265016,0.0,0.0,0.0,0.0,0.0,161.6426502,0.0,0.0,0.0,0.0,0.0,171.2716497,0.0,0.0,0.0,0.0,0.0,161.6426502,0.0,0.0,0.0,0.0,0.0,161.6426502,0.0,0.0,0.0,0.0,0.0,156.3976143,0.0,0.0,0.0,0.0,0.0,156.3976143,0.0,0.0,0.0,0.0,0.0
diverse_rec,ml20_lambda0.1,0.1,movielens_sample20of200_lambda0.1,20,8,20,161.6426502,161.6426502,161.6426502,108.0508895,1,5.245035961,solved (0.1 s),solved (0.1 s),0,0,opt,161.6426502,0.0,0.0,0.0,0.0,0.0,161.6426502,0.0,0.0,0.0,0.0,0.0,161.64265021261943,0.0,0.0,0.0,0.0,0.0,161.64265021261917,0.0,0.0,0.0,0.0,0.0,161.64265016,0.0,0.0,0.0,0.0,0.0,161.6426502,0.0,0.0,0.0,0.0,0.0,177.6029447,0.0,0.0,0.0,0.0,0.0,161.6426502,0.0,0.0,0.0,0.0,0.0,161.6426502,0.0,0.0,0.0,0.0,0.0,161.6426502,0.0,0.0,0.0,0.0,0.0,161.6426502,0.0,0.0,0.0,0.0,0.0
diverse_rec,ml20_lambda0.1,0.1,movielens_sample20of200_lambda0.1,20,9,1,10.04460864,10.04460864,10.04460864,10.04460864,1,5.781232643,solved (0.1 s),solved (0.1 s),0,0,opt,10.04460864,0.0,0.0,0.0,0.0,0.0,10.04460864,0.0,0.0,0.0,0.0,0.0,10.044608637682439,0.0,0.0,0.0,0.0,0.0,10.044608637682439,0.0,0.0,0.0,0.0,0.0,10.04460864,0.0,0.0,0.0,0.0,0.0,10.04460864,0.0,0.0,0.0,0.0,0.0,10.04460864,0.0,0.0,0.0,0.0,0.0,10.04460864,0.0,0.0,0.0,0.0,0.0,10.04460864,0.0,0.0,0.0,0.0,0.0,10.04460864,0.0,0.0,0.0,0.0,0.0,10.04460864,0.0,0.0,0.0,0.0,0.0
diverse_rec,ml20_lambda0.1,0.1,movielens_sample20of200_lambda0.1,20,9,2,19.32965937,19.32965937,19.32965937,19.16245522,1,5.781232643,solved (0.1 s),solved (0.1 s),0,0,opt,19.38562432,0.0,0.0,0.0,0.0,0.0,19.46643232,0.0,0.0,0.0,0.0,0.0,19.409353706767195,0.0,0.0,0.0,0.0,0.0,19.409353706767195,0.0,0.0,0.0,0.0,0.0,19.38562432,0.0,0.0,0.0,0.0,0.0,19.38562432,0.0,0.0,0.0,0.0,0.0,19.46643232,0.0,0.0,0.0,0.0,0.0,19.46643232,0.0,0.0,0.0,0.0,0.0,19.38562432,0.0,0.0,0.0,0.0,0.0,19.40935371,0.0,0.0,0.0,0.0,0.0,19.40935371,0.0,0.0,0.0,0.0,0.0
diverse_rec,ml20_lambda0.1,0.1,movielens_sample20of200_lambda0.1,20,9,3,28.43101694,28.43101694,28.43101694,27.96443497,1,5.781232643,solved (0.1 s),solved (0.1 s),0,0,opt,28.50899576,0.0,0.0,0.0,0.0,0.0,28.807448,0.0,0.0,0.0,0.0,0.0,28.633046875514346,0.0,0.0,0.0,0.0,0.0,28.633046875514346,0.0,0.0,0.0,0.0,0.0,28.50899576,0.0,0.0,0.0,0.0,0.0,28.50899576,0.0,0.0,0.0,0.0,0.0,28.807448,0.0,0.0,0.0,0.0,0.0,28.807448,0.0,0.0,0.0,0.0,0.0,28.50899576,0.0,0.0,0.0,0.0,0.0,28.63304688,0.0,0.0,0.0,0.0,0.0,28.63304688,0.0,0.0,0.0,0.0,0.0
diverse_rec,ml20_lambda0.1,0.1,movielens_sample20of200_lambda0.1,20,9,4,37.19204099,37.19204099,37.19204099,36.54940321,1,5.781232643,solved (0.1 s),solved (0.1 s),0,0,opt,37.45655128,0.0,0.0,0.0,0.0,0.0,37.93081944,0.0,0.0,0.0,0.0,0.0,37.55613302630242,0.0,0.0,0.0,0.0,0.0,37.556133026302426,0.0,0.0,0.0,0.0,0.0,37.45655128,0.0,0.0,0.0,0.0,0.0,37.45655128,0.0,0.0,0.0,0.0,0.0,37.93081944,0.0,0.0,0.0,0.0,0.0,37.93081944,0.0,0.0,0.0,0.0,0.0,37.45655128,0.0,0.0,0.0,0.0,0.0,37.55613303,0.0,0.0,0.0,0.0,0.0,37.55613303,0.0,0.0,0.0,0.0,0.0
diverse_rec,ml20_lambda0.1,0.1,movielens_sample20of200_lambda0.1,20,9,5,45.75572486,45.75572486,45.75572486,44.72094301,1,5.781232643,solved (0.1 s),solved (0.1 s),0,0,opt,46.36482219,0.0,0.0,0.0,0.0,0.0,46.87837496,0.0,0.0,0.0,0.0,0.0,46.31739586551617,0.0,0.0,0.0,0.0,0.0,46.31739586551617,0.0,0.0,0.0,0.0,0.0,46.36482219,0.0,0.0,0.0,0.0,0.0,46.36482219,0.0,0.0,0.0,0.0,0.0,46.87837496,0.0,0.0,0.0,0.0,0.0,46.87837496,0.0,0.0,0.0,0.0,0.0,46.36482219,0.0,0.0,0.0,0.0,0.0,46.31739587,0.0,0.0,0.0,0.0,0.0,46.31739587,0.0,0.0,0.0,0.0,0.0
diverse_rec,ml20_lambda0.1,0.1,movielens_sample20of200_lambda0.1,20,9,6,54.1406409,54.1406409,54.1406409,52.58252662,1,5.781232643,solved (0.1 s),solved (0.1 s),0,0,opt,55.10907966,0.0,0.0,0.0,0.0,0.0,55.78664588,0.0,0.0,0.0,0.0,0.0,54.764000383038315,0.0,0.0,0.0,0.0,0.0,54.764000383038315,0.0,0.0,0.0,0.0,0.0,55.10907966,0.0,0.0,0.0,0.0,0.0,55.10907966,0.0,0.0,0.0,0.0,0.0,55.78664588,0.0,0.0,0.0,0.0,0.0,55.78664588,0.0,0.0,0.0,0.0,0.0,55.10907966,0.0,0.0,0.0,0.0,0.0,54.76400038,0.0,0.0,0.0,0.0,0.0,54.76400038,0.0,0.0,0.0,0.0,0.0
diverse_rec,ml20_lambda0.1,0.1,movielens_sample20of200_lambda0.1,20,9,7,62.34856262,62.34856262,62.34856262,60.27942605,1,5.781232643,solved (0.1 s),solved (0.1 s),0,0,opt,63.44922049,0.0,0.0,0.0,0.0,0.0,64.53090334,0.0,0.0,0.0,0.0,0.0,62.65639663628251,0.0,0.0,0.0,0.0,0.0,62.65639663628253,0.0,0.0,0.0,0.0,0.0,63.44922049,0.0,0.0,0.0,0.0,0.0,63.44922049,0.0,0.0,0.0,0.0,0.0,64.53090334,0.0,0.0,0.0,0.0,0.0,64.53090334,0.0,0.0,0.0,0.0,0.0,63.44922049,0.0,0.0,0.0,0.0,0.0,62.65639664,0.0,0.0,0.0,0.0,0.0,62.65639664,0.0,0.0,0.0,0.0,0.0
diverse_rec,ml20_lambda0.1,0.1,movielens_sample20of200_lambda0.1,20,9,8,70.06689574,70.06689574,70.06689574,67.69494381,1,5.781232643,solved (0.1 s),solved (0.1 s),0,0,opt,71.71959018,0.0,0.0,0.0,0.0,0.0,72.87104417,0.0,0.0,0.0,0.0,0.0,70.48595662181513,0.0,0.0,0.0,0.0,0.0,70.48595662181515,0.0,0.0,0.0,0.0,0.0,71.71959018,0.0,0.0,0.0,0.0,0.0,71.71959018,0.0,0.0,0.0,0.0,0.0,72.87104417,0.0,0.0,0.0,0.0,0.0,72.87104417,0.0,0.0,0.0,0.0,0.0,71.71959018,0.0,0.0,0.0,0.0,0.0,70.48684012,0.0,0.0,0.0,0.0,0.0,70.48595662,0.0,0.0,0.0,0.0,0.0
diverse_rec,ml20_lambda0.1,0.1,movielens_sample20of200_lambda0.1,20,9,9,77.70753653,77.70753653,77.70753653,74.97723019,1,5.781232643,solved (0.1 s),solved (0.1 s),0,0,opt,79.96092743,0.0,0.0,0.0,0.0,0.0,81.14141386,0.0,0.0,0.0,0.0,0.0,78.1638216573169,0.0,0.0,0.0,0.0,0.0,78.1638216573169,0.0,0.0,0.0,0.0,0.0,79.96092743,0.0,0.0,0.0,0.0,0.0,79.96092743,0.0,0.0,0.0,0.0,0.0,81.14141386,0.0,0.0,0.0,0.0,0.0,81.14141386,0.0,0.0,0.0,0.0,0.0,79.96092743,0.0,0.0,0.0,0.0,0.0,78.16403412,0.0,0.0,0.0,0.0,0.0,78.16382166,0.0,0.0,0.0,0.0,0.0
diverse_rec,ml20_lambda0.1,0.1,movielens_sample20of200_lambda0.1,20,9,10,85.21394099,85.21394099,85.21394099,81.98411989,1,5.781232643,solved (0.1 s),solved (0.1 s),0,0,opt,88.15218945,0.0,0.0,0.0,0.0,0.0,89.38275111,0.0,0.0,0.0,0.0,0.0,85.73990038160912,0.0,0.0,0.0,0.0,0.0,85.73990038160913,0.0,0.0,0.0,0.0,0.0,88.15218945,0.0,0.0,0.0,0.0,0.0,88.15218945,0.0,0.0,0.0,0.0,0.0,89.38275111,0.0,0.0,0.0,0.0,0.0,89.38275111,0.0,0.0,0.0,0.0,0.0,88.15218945,0.0,0.0,0.0,0.0,0.0,85.74080157,0.0,0.0,0.0,0.0,0.0,85.73990038,0.0,0.0,0.0,0.0,0.0
diverse_rec,ml20_lambda0.1,0.1,movielens_sample20of200_lambda0.1,20,9,11,92.57185946,92.57185946,92.57185946,88.22300034,1,5.781232643,solved (0.1 s),solved (0.1 s),0,0,opt,96.33515081,0.0,0.0,0.0,0.0,0.0,97.57401313,0.0,0.0,0.0,0.0,0.0,93.0627953741006,0.0,0.0,0.0,0.0,0.0,93.0627953741006,0.0,0.0,0.0,0.0,0.0,96.33515081,0.0,0.0,0.0,0.0,0.0,96.33515081,0.0,0.0,0.0,0.0,0.0,97.57401313,0.0,0.0,0.0,0.0,0.0,97.57401313,0.0,0.0,0.0,0.0,0.0,96.33515081,0.0,0.0,0.0,0.0,0.0,93.06300431,0.0,0.0,0.0,0.0,0.0,93.06279537,0.0,0.0,0.0,0.0,0.0
diverse_rec,ml20_lambda0.1,0.1,movielens_sample20of200_lambda0.1,20,9,12,99.83785296,99.83785296,99.83785296,92.33204947,1,5.781232643,solved (0.1 s),solved (0.1 s),0,0,opt,104.3328066,0.0,0.0,0.0,0.0,0.0,105.7569745,0.0,0.0,0.0,0.0,0.0,100.17610784638475,0.0,0.0,0.0,0.0,0.0,100.17610784638475,0.0,0.0,0.0,0.0,0.0,104.3328066,0.0,0.0,0.0,0.0,0.0,104.3328066,0.0,0.0,0.0,0.0,0.0,105.7569745,0.0,0.0,0.0,0.0,0.0,105.7569745,0.0,0.0,0.0,0.0,0.0,104.3328066,0.0,0.0,0.0,0.0,0.0,100.1761078,0.0,0.0,0.0,0.0,0.0,100.1761078,0.0,0.0,0.0,0.0,0.0
diverse_rec,ml20_lambda0.1,0.1,movielens_sample20of200_lambda0.1,20,9,13,106.8838635,106.8838635,106.8838635,94.99998726,1,5.781232643,solved (0.1 s),solved (0.1 s),0,0,opt,112.1449081,0.0,0.0,0.0,0.0,0.0,113.7546303,0.0,0.0,0.0,0.0,0.0,107.05667160405238,0.0,0.0,0.0,0.0,0.0,107.05667160405238,0.0,0.0,0.0,0.0,0.0,112.1449081,0.0,0.0,0.0,0.0,0.0,112.1449081,0.0,0.0,0.0,0.0,0.0,113.7546303,0.0,0.0,0.0,0.0,0.0,113.7546303,0.0,0.0,0.0,0.0,0.0,112.1449081,0.0,0.0,0.0,0.0,0.0,107.0570956,0.0,0.0,0.0,0.0,0.0,107.0566716,0.0,0.0,0.0,0.0,0.0
diverse_rec,ml20_lambda0.1,0.1,movielens_sample20of200_lambda0.1,20,9,14,113.7116737,113.7116737,113.7116737,96.97646777,1,5.781232643,solved (0.1 s),solved (0.1 s),0,0,opt,119.9385534,0.0,0.0,0.0,0.0,0.0,121.5667318,0.0,0.0,0.0,0.0,0.0,113.86214036299626,0.0,0.0,0.0,0.0,0.0,113.86214036299626,0.0,0.0,0.0,0.0,0.0,119.9385534,0.0,0.0,0.0,0.0,0.0,119.9385534,0.0,0.0,0.0,0.0,0.0,121.5667318,0.0,0.0,0.0,0.0,0.0,121.5667318,0.0,0.0,0.0,0.0,0.0,119.9385534,0.0,0.0,0.0,0.0,0.0,113.862395,0.0,0.0,0.0,0.0,0.0,113.8621404,0.0,0.0,0.0,0.0,0.0
diverse_rec,ml20_lambda0.1,0.1,movielens_sample20of200_lambda0.1,20,9,15,120.4543746,120.4543746,120.4543746,98.23677695,1,5.781232643,solved (0.1 s),solved (0.1 s),0,0,opt,127.6612103,0.0,0.0,0.0,0.0,0.0,129.3603771,0.0,0.0,0.0,0.0,0.0,120.59484125285928,0.0,0.0,0.0,0.0,0.0,120.59484125285928,0.0,0.0,0.0,0.0,0.0,127.6612103,0.0,0.0,0.0,0.0,0.0,127.6612103,0.0,0.0,0.0,0.0,0.0,129.3603771,0.0,0.0,0.0,0.0,0.0,129.3603771,0.0,0.0,0.0,0.0,0.0,127.6612103,0.0,0.0,0.0,0.0,0.0,120.5948413,0.0,0.0,0.0,0.0,0.0,120.5948413,0.0,0.0,0.0,0.0,0.0
diverse_rec,ml20_lambda0.1,0.1,movielens_sample20of200_lambda0.1,20,9,16,127.1202797,127.1202797,127.1202797,99.15228349,1,5.781232643,solved (0.1 s),solved (0.1 s),0,0,opt,135.0502228,0.0,0.0,0.0,0.0,0.0,137.1323904,0.0,0.0,0.0,0.0,0.0,127.21449450079771,0.0,0.0,0.0,0.0,0.0,127.21449450079771,0.0,0.0,0.0,0.0,0.0,135.0502228,0.0,0.0,0.0,0.0,0.0,135.0502228,0.0,0.0,0.0,0.0,0.0,137.1323904,0.0,0.0,0.0,0.0,0.0,137.1323904,0.0,0.0,0.0,0.0,0.0,135.0502228,0.0,0.0,0.0,0.0,0.0,127.2144945,0.0,0.0,0.0,0.0,0.0,127.2144945,0.0,0.0,0.0,0.0,0.0
diverse_rec,ml20_lambda0.1,0.1,movielens_sample20of200_lambda0.1,20,9,17,133.6308437,133.6308437,133.6308437,100.0277633,1,5.781232643,solved (0.1 s),solved (0.1 s),0,0,opt,142.1204177,0.0,0.0,0.0,0.0,0.0,144.8550473,0.0,0.0,0.0,0.0,0.0,133.63084366222685,0.0,0.0,0.0,0.0,0.0,133.63084366222682,0.0,0.0,0.0,0.0,0.0,142.1204177,0.0,0.0,0.0,0.0,0.0,142.1204177,0.0,0.0,0.0,0.0,0.0,144.8550473,0.0,0.0,0.0,0.0,0.0,144.8550473,0.0,0.0,0.0,0.0,0.0,142.1204177,0.0,0.0,0.0,0.0,0.0,133.6308437,0.0,0.0,0.0,0.0,0.0,133.6308437,0.0,0.0,0.0,0.0,0.0
diverse_rec,ml20_lambda0.1,0.1,movielens_sample20of200_lambda0.1,20,9,18,139.8069679,139.8069679,139.8069679,100.6517507,1,5.781232643,solved (0.1 s),solved (0.1 s),0,0,opt,149.1219585,0.0,0.0,0.0,0.0,0.0,151.5440754,0.0,0.0,0.0,0.0,0.0,139.80696787883625,0.0,0.0,0.0,0.0,0.0,139.80696787883625,0.0,0.0,0.0,0.0,0.0,149.1219585,0.0,0.0,0.0,0.0,0.0,149.1219585,0.0,0.0,0.0,0.0,0.0,152.2440598,0.0,0.0,0.0,0.0,0.0,151.5440754,0.0,0.0,0.0,0.0,0.0,149.1219585,0.0,0.0,0.0,0.0,0.0,139.8069679,0.0,0.0,0.0,0.0,0.0,139.8069679,0.0,0.0,0.0,0.0,0.0
diverse_rec,ml20_lambda0.1,0.1,movielens_sample20of200_lambda0.1,20,9,19,145.7029833,145.7029833,145.7029833,100.7515968,1,5.781232643,solved (0.1 s),solved (0.1 s),0,0,opt,151.4842159,0.0,0.0,0.0,0.0,0.0,151.4842159,0.0,0.0,0.0,0.0,0.0,145.70298325933905,0.0,0.0,0.0,0.0,0.0,145.70298325933905,0.0,0.0,0.0,0.0,0.0,151.48421586,0.0,0.0,0.0,0.0,0.0,151.4842159,0.0,0.0,0.0,0.0,0.0,159.3142546,0.0,0.0,0.0,0.0,0.0,151.4842159,0.0,0.0,0.0,0.0,0.0,151.4842159,0.0,0.0,0.0,0.0,0.0,145.7029833,0.0,0.0,0.0,0.0,0.0,145.7029833,0.0,0.0,0.0,0.0,0.0
diverse_rec,ml20_lambda0.1,0.1,movielens_sample20of200_lambda0.1,20,9,20,151.4842159,151.4842159,151.4842159,100.7922771,1,5.781232643,solved (0.1 s),solved (0.1 s),0,0,opt,151.4842159,0.0,0.0,0.0,0.0,0.0,151.4842159,0.0,0.0,0.0,0.0,0.0,151.4842159021805,0.0,0.0,0.0,0.0,0.0,151.48421590218047,0.0,0.0,0.0,0.0,0.0,151.48421586,0.0,0.0,0.0,0.0,0.0,151.4842159,0.0,0.0,0.0,0.0,0.0,166.3157954,0.0,0.0,0.0,0.0,0.0,151.4842159,0.0,0.0,0.0,0.0,0.0,151.4842159,0.0,0.0,0.0,0.0,0.0,151.4842159,0.0,0.0,0.0,0.0,0.0,151.4842159,0.0,0.0,0.0,0.0,0.0
diverse_rec,ml20_lambda0.25,0.25,movielens_sample20of200_lambda0.25,20,0,1,9.269434616,9.269434616,9.269434616,9.269434616,1,3.658666088,solved (0.1 s),solved (0.1 s),0,0,opt,9.269434616,0.0,0.0,0.0,0.0,0.0,9.269434616,0.0,0.0,0.0,0.0,0.0,9.26943461617524,0.0,0.0,0.0,0.0,0.0,9.26943461617524,0.0,0.0,0.0,0.0,0.0,9.269434616,0.0,0.0,0.0,0.0,0.0,9.269434616,0.0,0.0,0.0,0.0,0.0,9.269434616,0.0,0.0,0.0,0.0,0.0,9.269434616,0.0,0.0,0.0,0.0,0.0,9.269434616,0.0,0.0,0.0,0.0,0.0,9.269434616,0.0,0.0,0.0,0.0,0.0,9.269434616,0.0,0.0,0.0,0.0,0.0
diverse_rec,ml20_lambda0.25,0.25,movielens_sample20of200_lambda0.25,20,0,2,18.22596849,18.22596849,18.22596849,17.73778467,1,3.658666088,solved (0.1 s),solved (0.1 s),0,0,opt,18.22596849,0.0,0.0,0.0,0.0,0.0,18.50844685,0.0,0.0,0.0,0.0,0.0,18.429107750802917,0.0,0.0,0.0,0.0,0.0,18.429107750802917,0.0,0.0,0.0,0.0,0.0,18.22596849,0.0,0.0,0.0,0.0,0.0,18.22596849,0.0,0.0,0.0,0.0,0.0,18.50844685,0.0,0.0,0.0,0.0,0.0,18.50844685,0.0,0.0,0.0,0.0,0.0,18.22596849,0.0,0.0,0.0,0.0,0.0,18.42910775,0.0,0.0,0.0,0.0,0.0,18.42910775,0.0,0.0,0.0,0.0,0.0
diverse_rec,ml20_lambda0.25,0.25,movielens_sample20of200_lambda0.25,20,0,3,25.96369512,25.96369512,25.96369512,25.27223105,1,3.658666088,solved (0.1 s),solved (0.1 s),0,0,opt,26.32777648,0.0,0.0,0.0,0.0,0.0,26.7102681,0.0,0.0,0.0,0.0,0.0,26.479783405028233,0.0,0.0,0.0,0.0,0.0,26.479783405028236,0.0,0.0,0.0,0.0,0.0,26.32777648,0.0,0.0,0.0,0.0,0.0,26.32777648,0.0,0.0,0.0,0.0,0.0,26.7102681,0.0,0.0,0.0,0.0,0.0,26.7102681,0.0,0.0,0.0,0.0,0.0,26.32777648,0.0,0.0,0.0,0.0,0.0,26.47978341,0.0,0.0,0.0,0.0,0.0,26.47978341,0.0,0.0,0.0,0.0,0.0
diverse_rec,ml20_lambda0.25,0.25,movielens_sample20of200_lambda0.25,20,0,4,33.35050792,33.35050792,33.35050792,32.62044027,1,3.658666088,solved (0.1 s),solved (0.1 s),0,0,opt,34.4282959,0.0,0.0,0.0,0.0,0.0,34.81207609,0.0,0.0,0.0,0.0,0.0,34.417506925855115,0.0,0.0,0.0,0.0,0.0,34.41750692585511,0.0,0.0,0.0,0.0,0.0,34.4282959,0.0,0.0,0.0,0.0,0.0,34.4282959,0.0,0.0,0.0,0.0,0.0,34.81207609,0.0,0.0,0.0,0.0,0.0,34.81207609,0.0,0.0,0.0,0.0,0.0,34.4282959,0.0,0.0,0.0,0.0,0.0,34.41750693,0.0,0.0,0.0,0.0,0.0,34.41750693,0.0,0.0,0.0,0.0,0.0
diverse_rec,ml20_lambda0.25,0.25,movielens_sample20of200_lambda0.25,20,0,5,40.5244757,40.5244757,40.52164549,39.72324035,1,3.658666088,solved (0.1 s),solved (0.1 s),0,0,opt,42.49557411,0.0,0.0,0.0,0.0,0.0,42.9125955,0.0,0.0,0.0,0.0,0.0,42.322844372376544,0.0,0.0,0.0,0.0,0.0,42.322844372376544,0.0,0.0,0.0,0.0,0.0,42.49557411,0.0,0.0,0.0,0.0,0.0,42.49557411,0.0,0.0,0.0,0.0,0.0,42.9125955,0.0,0.0,0.0,0.0,0.0,42.9125955,0.0,0.0,0.0,0.0,0.0,42.49557411,0.0,0.0,0.0,0.0,0.0,42.32284437,0.0,0.0,0.0,0.0,0.0,42.32284437,0.0,0.0,0.0,0.0,0.0
diverse_rec,ml20_lambda0.25,0.25,movielens_sample20of200_lambda0.25,20,0,6,47.50572146,47.50572146,47.50572146,46.54794222,1,3.658666088,solved (0.1 s),solved (0.1 s),0,0,opt,50.51114455,0.0,0.0,0.0,0.0,0.0,50.97987372,0.0,0.0,0.0,0.0,0.0,50.17942649038048,0.0,0.0,0.0,0.0,0.0,50.17942649038047,0.0,0.0,0.0,0.0,0.0,50.51114455,0.0,0.0,0.0,0.0,0.0,50.51114455,0.0,0.0,0.0,0.0,0.0,50.97987372,0.0,0.0,0.0,0.0,0.0,50.97987372,0.0,0.0,0.0,0.0,0.0,50.51114455,0.0,0.0,0.0,0.0,0.0,50.17942649,0.0,0.0,0.0,0.0,0.0,50.17942649,0.0,0.0,0.0,0.0,0.0
diverse_rec,ml20_lambda0.25,0.25,movielens_sample20of200_lambda0.25,20,0,7,54.23093137,54.23093137,54.23093137,53.12447883,1,3.658666088,solved (0.1 s),solved (0.1 s),0,0,opt,58.51590826,0.0,0.0,0.0,0.0,0.0,58.99544415,0.0,0.0,0.0,0.0,0.0,57.96010582482208,0.0,0.0,0.0,0.0,0.0,57.96010582482207,0.0,0.0,0.0,0.0,0.0,58.51590826,0.0,0.0,0.0,0.0,0.0,58.51590826,0.0,0.0,0.0,0.0,0.0,58.99544415,0.0,0.0,0.0,0.0,0.0,58.99544415,0.0,0.0,0.0,0.0,0.0,58.51590826,0.0,0.0,0.0,0.0,0.0,57.96781124,0.0,0.0,0.0,0.0,0.0,57.96010582,0.0,0.0,0.0,0.0,0.0
diverse_rec,ml20_lambda0.25,0.25,movielens_sample20of200_lambda0.25,20,0,8,60.70141338,60.70141338,60.70141338,59.46358258,1,3.658666088,solved (0.1 s),solved (0.1 s),0,0,opt,66.48742631,0.0,0.0,0.0,0.0,0.0,67.00020786,0.0,0.0,0.0,0.0,0.0,65.33418136931333,0.0,0.0,0.0,0.0,0.0,65.33418136931333,0.0,0.0,0.0,0.0,0.0,66.48742631,0.0,0.0,0.0,0.0,0.0,66.48742631,0.0,0.0,0.0,0.0,0.0,67.00020786,0.0,0.0,0.0,0.0,0.0,67.00020786,0.0,0.0,0.0,0.0,0.0,66.48742631,0.0,0.0,0.0,0.0,0.0,65.3350585,0.0,0.0,0.0,0.0,0.0,65.33418137,0.0,0.0,0.0,0.0,0.0
diverse_rec,ml20_lambda0.25,0.25,movielens_sample20of200_lambda0.25,20,0,9,66.95589609,66.95589609,66.95469393,65.41659709,1,3.658666088,solved (0.1 s),solved (0.1 s),0,0,opt,74.23753399,0.0,0.0,0.0,0.0,0.0,74.97172592,0.0,0.0,0.0,0.0,0.0,72.48691131592862,0.0,0.0,0.0,0.0,0.0,72.48691131592862,0.0,0.0,0.0,0.0,0.0,74.23753399,0.0,0.0,0.0,0.0,0.0,74.23753399,0.0,0.0,0.0,0.0,0.0,74.97172592,0.0,0.0,0.0,0.0,0.0,74.97172592,0.0,0.0,0.0,0.0,0.0,74.23753399,0.0,0.0,0.0,0.0,0.0,72.49112074,0.0,0.0,0.0,0.0,0.0,72.48691132,0.0,0.0,0.0,0.0,0.0
diverse_rec,ml20_lambda0.25,0.25,movielens_sample20of200_lambda0.25,20,0,10,72.98151533,72.98151533,72.98151533,71.15982746,1,3.658666088,solved (0.1 s),solved (0.1 s),0,0,opt,81.92066111,0.0,0.0,0.0,0.0,0.0,82.7238863,0.0,0.0,0.0,0.0,0.0,79.12422687802719,0.0,0.0,0.0,0.0,0.0,79.12422687802719,0.0,0.0,0.0,0.0,0.0,81.92066111,0.0,0.0,0.0,0.0,0.0,81.92066111,0.0,0.0,0.0,0.0,0.0,82.7238863,0.0,0.0,0.0,0.0,0.0,82.7238863,0.0,0.0,0.0,0.0,0.0,81.92066111,0.0,0.0,0.0,0.0,0.0,79.15945708,0.0,0.0,0.0,0.0,0.0,79.12422688,0.0,0.0,0.0,0.0,0.0
diverse_rec,ml20_lambda0.25,0.25,movielens_sample20of200_lambda0.25,20,0,11,78.75867298,78.75867298,78.75867298,75.92799102,1,3.658666088,solved (0.1 s),solved (0.1 s),0,0,opt,89.50962652,0.0,0.0,0.0,0.0,0.0,90.47399398,0.0,0.0,0.0,0.0,0.0,85.05608965053162,0.0,0.0,0.0,0.0,0.0,85.0560896505316,0.0,0.0,0.0,0.0,0.0,89.50962652,0.0,0.0,0.0,0.0,0.0,89.50962652,0.0,0.0,0.0,0.0,0.0,90.47399398,0.0,0.0,0.0,0.0,0.0,90.47399398,0.0,0.0,0.0,0.0,0.0,89.50962652,0.0,0.0,0.0,0.0,0.0,85.2748211,0.0,0.0,0.0,0.0,0.0,85.05608965,0.0,0.0,0.0,0.0,0.0
diverse_rec,ml20_lambda0.25,0.25,movielens_sample20of200_lambda0.25,20,0,12,84.31146773,84.31146773,84.31146773,79.38211363,1,3.658666088,solved (0.1 s),solved (0.1 s),0,0,opt,96.88906772,0.0,0.0,0.0,0.0,0.0,98.1571211,0.0,0.0,0.0,0.0,0.0,89.56017771217748,0.0,0.0,0.0,0.0,0.0,89.56017771217748,0.0,0.0,0.0,0.0,0.0,96.88906772,0.0,0.0,0.0,0.0,0.0,96.88906772,0.0,0.0,0.0,0.0,0.0,98.1571211,0.0,0.0,0.0,0.0,0.0,98.1571211,0.0,0.0,0.0,0.0,0.0,96.88906772,0.0,0.0,0.0,0.0,0.0,89.85821465,0.0,0.0,0.0,0.0,0.0,89.56017771,0.0,0.0,0.0,0.0,0.0
diverse_rec,ml20_lambda0.25,0.25,movielens_sample20of200_lambda0.25,20,0,13,89.67434782,89.67434782,89.67434782,81.50486332,1,3.658666088,solved (0.1 s),solved (0.1 s),0,0,opt,104.1926398,0.0,0.0,0.0,0.0,0.0,105.7460865,0.0,0.0,0.0,0.0,0.0,93.45400880159445,0.0,0.0,0.0,0.0,0.0,93.45400880159445,0.0,0.0,0.0,0.0,0.0,104.1926398,0.0,0.0,0.0,0.0,0.0,104.1926398,0.0,0.0,0.0,0.0,0.0,105.7460865,0.0,0.0,0.0,0.0,0.0,105.7460865,0.0,0.0,0.0,0.0,0.0,104.1926398,0.0,0.0,0.0,0.0,0.0,93.73932886,0.0,0.0,0.0,0.0,0.0,93.4540088,0.0,0.0,0.0,0.0,0.0
diverse_rec,ml20_lambda0.25,0.25,movielens_sample20of200_lambda0.25,20,0,14,94.82701549,94.82701549,94.82701549,83.14570663,1,3.658666088,solved (0.1 s),solved (0.1 s),0,0,opt,111.3418385,0.0,0.0,0.0,0.0,0.0,113.2617021,0.0,0.0,0.0,0.0,0.0,97.19669256274427,0.0,0.0,0.0,0.0,0.0,97.19669256274427,0.0,0.0,0.0,0.0,0.0,111.3418385,0.0,0.0,0.0,0.0,0.0,111.3418385,0.0,0.0,0.0,0.0,0.0,113.2617021,0.0,0.0,0.0,0.0,0.0,113.2617021,0.0,0.0,0.0,0.0,0.0,111.3418385,0.0,0.0,0.0,0.0,0.0,97.3302485,0.0,0.0,0.0,0.0,0.0,97.19669256,0.0,0.0,0.0,0.0,0.0
diverse_rec,ml20_lambda0.25,0.25,movielens_sample20of200_lambda0.25,20,0,15,99.64253969,99.64253969,99.64253969,83.97226077,1,3.658666088,solved (0.1 s),solved (0.1 s),0,0,opt,117.9091706,0.0,0.0,0.0,0.0,0.0,120.6411433,0.0,0.0,0.0,0.0,0.0,101.13868950043994,0.0,0.0,0.0,0.0,0.0,101.13868950043994,0.0,0.0,0.0,0.0,0.0,117.9091706,0.0,0.0,0.0,0.0,0.0,117.9091706,0.0,0.0,0.0,0.0,0.0,120.6411433,0.0,0.0,0.0,0.0,0.0,120.6411433,0.0,0.0,0.0,0.0,0.0,117.9091706,0.0,0.0,0.0,0.0,0.0,101.2035429,0.0,0.0,0.0,0.0,0.0,101.1386895,0.0,0.0,0.0,0.0,0.0
diverse_rec,ml20_lambda0.25,0.25,movielens_sample20of200_lambda0.25,20,0,16,104.3112099,104.3112099,104.3112099,85.04773746,1,3.658666088,solved (0.1 s),solved (0.1 s),0,0,opt,120.5855877,0.0,0.0,0.0,0.0,0.0,121.4419314,0.0,0.0,0.0,0.0,0.0,105.0373628598414,0.0,0.0,0.0,0.0,0.0,105.0373628598414,0.0,0.0,0.0,0.0,0.0,120.58558767,0.0,0.0,0.0,0.0,0.0,120.5855877,0.0,0.0,0.0,0.0,0.0,127.9447154,0.0,0.0,0.0,0.0,0.0,121.4419314,0.0,0.0,0.0,0.0,0.0,120.5855877,0.0,0.0,0.0,0.0,0.0,105.0536937,0.0,0.0,0.0,0.0,0.0,105.0373629,0.0,0.0,0.0,0.0,0.0
diverse_rec,ml20_lambda0.25,0.25,movielens_sample20of200_lambda0.25,20,0,17,108.717751,108.717751,108.717751,85.55361746,1,3.658666088,solved (0.1 s),solved (0.1 s),0,0,opt,120.5855877,0.0,0.0,0.0,0.0,0.0,121.0476497,0.0,0.0,0.0,0.0,0.0,109.00719792817243,0.0,0.0,0.0,0.0,0.0,109.00719792817243,0.0,0.0,0.0,0.0,0.0,120.58558767,0.0,0.0,0.0,0.0,0.0,120.5855877,0.0,0.0,0.0,0.0,0.0,135.2192343,0.0,0.0,0.0,0.0,0.0,121.0476497,0.0,0.0,0.0,0.0,0.0,120.5855877,0.0,0.0,0.0,0.0,0.0,109.0098464,0.0,0.0,0.0,0.0,0.0,109.0071979,0.0,0.0,0.0,0.0,0.0
diverse_rec,ml20_lambda0.25,0.25,movielens_sample20of200_lambda0.25,20,0,18,112.949238,112.949238,112.949238,85.41031125,1,3.658666088,solved (0.1 s),solved (0.1 s),0,0,opt,120.5855877,0.0,0.0,0.0,0.0,0.0,120.7657621,0.0,0.0,0.0,0.0,0.0,112.9512056618099,0.0,0.0,0.0,0.0,0.0,112.9512056618099,0.0,0.0,0.0,0.0,0.0,120.58558767,0.0,0.0,0.0,0.0,0.0,120.5855877,0.0,0.0,0.0,0.0,0.0,142.3684329,0.0,0.0,0.0,0.0,0.0,120.7657621,0.0,0.0,0.0,0.0,0.0,120.5855877,0.0,0.0,0.0,0.0,0.0,112.9512057,0.0,0.0,0.0,0.0,0.0,112.9512057,0.0,0.0,0.0,0.0,0.0
diverse_rec,ml20_lambda0.25,0.25,movielens_sample20of200_lambda0.25,20,0,19,116.9269216,116.9269216,116.9269216,85.77470875,1,3.658666088,solved (0.1 s),solved (0.1 s),0,0,opt,120.5855877,0.0,0.0,0.0,0.0,0.0,120.5855877,0.0,0.0,0.0,0.0,0.0,116.92692158665434,0.0,0.0,0.0,0.0,0.0,116.92692158665434,0.0,0.0,0.0,0.0,0.0,120.58558767,0.0,0.0,0.0,0.0,0.0,120.5855877,0.0,0.0,0.0,0.0,0.0,149.2134514,0.0,0.0,0.0,0.0,0.0,120.5855877,0.0,0.0,0.0,0.0,0.0,120.5855877,0.0,0.0,0.0,0.0,0.0,116.9269216,0.0,0.0,0.0,0.0,0.0,116.9269216,0.0,0.0,0.0,0.0,0.0
diverse_rec,ml20_lambda0.25,0.25,movielens_sample20of200_lambda0.25,20,0,20,120.5855877,120.5855877,120.5855877,85.78321962,1,3.658666088,solved (0.1 s),solved (0.1 s),0,0,opt,120.5855877,0.0,0.0,0.0,0.0,0.0,120.5855877,0.0,0.0,0.0,0.0,0.0,120.58558767432811,0.0,0.0,0.0,0.0,0.0,120.58558767432812,0.0,0.0,0.0,0.0,0.0,120.58558767,0.0,0.0,0.0,0.0,0.0,120.5855877,0.0,0.0,0.0,0.0,0.0,155.7807836,0.0,0.0,0.0,0.0,0.0,120.5855877,0.0,0.0,0.0,0.0,0.0,120.5855877,0.0,0.0,0.0,0.0,0.0,120.5855877,0.0,0.0,0.0,0.0,0.0,120.5855877,0.0,0.0,0.0,0.0,0.0
diverse_rec,ml20_lambda0.25,0.25,movielens_sample20of200_lambda0.25,20,1,1,9.53657435,9.53657435,9.53657435,9.53657435,1,3.577658229,solved (0.1 s),solved (0.1 s),0,0,opt,9.53657435,0.0,0.0,0.0,0.0,0.0,9.53657435,0.0,0.0,0.0,0.0,0.0,9.536574350404328,0.0,0.0,0.0,0.0,0.0,9.536574350404328,0.0,0.0,0.0,0.0,0.0,9.53657435,0.0,0.0,0.0,0.0,0.0,9.53657435,0.0,0.0,0.0,0.0,0.0,9.53657435,0.0,0.0,0.0,0.0,0.0,9.53657435,0.0,0.0,0.0,0.0,0.0,9.53657435,0.0,0.0,0.0,0.0,0.0,9.53657435,0.0,0.0,0.0,0.0,0.0,9.53657435,0.0,0.0,0.0,0.0,0.0
diverse_rec,ml20_lambda0.25,0.25,movielens_sample20of200_lambda0.25,20,1,2,18.19310209,18.19310209,18.19310209,18.03969372,1,3.577658229,solved (0.1 s),solved (0.1 s),0,0,opt,18.4477553,0.0,0.0,0.0,0.0,0.0,18.47702199,0.0,0.0,0.0,0.0,0.0,18.433963235923695,0.0,0.0,0.0,0.0,0.0,18.433963235923695,0.0,0.0,0.0,0.0,0.0,18.4477553,0.0,0.0,0.0,0.0,0.0,18.4477553,0.0,0.0,0.0,0.0,0.0,18.47702199,0.0,0.0,0.0,0.0,0.0,18.47702199,0.0,0.0,0.0,0.0,0.0,18.4477553,0.0,0.0,0.0,0.0,0.0,18.43396324,0.0,0.0,0.0,0.0,0.0,18.43396324,0.0,0.0,0.0,0.0,0.0
diverse_rec,ml20_lambda0.25,0.25,movielens_sample20of200_lambda0.25,20,1,3,26.59434745,26.59434745,26.59434745,26.2695949,1,3.577658229,solved (0.1 s),solved (0.1 s),0,0,opt,27.31229182,0.0,0.0,0.0,0.0,0.0,27.38820293,0.0,0.0,0.0,0.0,0.0,27.29445196991003,0.0,0.0,0.0,0.0,0.0,27.294451969910025,0.0,0.0,0.0,0.0,0.0,27.31229182,0.0,0.0,0.0,0.0,0.0,27.31229182,0.0,0.0,0.0,0.0,0.0,27.38820293,0.0,0.0,0.0,0.0,0.0,27.38820293,0.0,0.0,0.0,0.0,0.0,27.31229182,0.0,0.0,0.0,0.0,0.0,27.29445197,0.0,0.0,0.0,0.0,0.0,27.29445197,0.0,0.0,0.0,0.0,0.0
diverse_rec,ml20_lambda0.25,0.25,movielens_sample20of200_lambda0.25,20,1,4,34.706401,34.706401,34.706401,34.04919313,1,3.577658229,solved (0.1 s),solved (0.1 s),0,0,opt,35.89252941,0.0,0.0,0.0,0.0,0.0,36.25273946,0.0,0.0,0.0,0.0,0.0,35.97228896164741,0.0,0.0,0.0,0.0,0.0,35.97228896164741,0.0,0.0,0.0,0.0,0.0,35.89252941,0.0,0.0,0.0,0.0,0.0,35.89252941,0.0,0.0,0.0,0.0,0.0,36.25273946,0.0,0.0,0.0,0.0,0.0,36.25273946,0.0,0.0,0.0,0.0,0.0,35.89252941,0.0,0.0,0.0,0.0,0.0,35.97228896,0.0,0.0,0.0,0.0,0.0,35.97228896,0.0,0.0,0.0,0.0,0.0
diverse_rec,ml20_lambda0.25,0.25,movielens_sample20of200_lambda0.25,20,1,5,42.25622837,42.25622837,42.25622837,41.4433726,1,3.577658229,solved (0.1 s),solved (0.1 s),0,0,opt,44.41039807,0.0,0.0,0.0,0.0,0.0,44.83297705,0.0,0.0,0.0,0.0,0.0,44.35147643153353,0.0,0.0,0.0,0.0,0.0,44.351476431533534,0.0,0.0,0.0,0.0,0.0,44.41039807,0.0,0.0,0.0,0.0,0.0,44.41039807,0.0,0.0,0.0,0.0,0.0,44.83297705,0.0,0.0,0.0,0.0,0.0,44.83297705,0.0,0.0,0.0,0.0,0.0,44.41039807,0.0,0.0,0.0,0.0,0.0,44.35147643,0.0,0.0,0.0,0.0,0.0,44.35147643,0.0,0.0,0.0,0.0,0.0
diverse_rec,ml20_lambda0.25,0.25,movielens_sample20of200_lambda0.25,20,1,6,49.53902019,49.53902019,49.53902019,48.50936613,1,3.577658229,solved (0.1 s),solved (0.1 s),0,0,opt,52.74190382,0.0,0.0,0.0,0.0,0.0,53.3508457,0.0,0.0,0.0,0.0,0.0,52.46505894890881,0.0,0.0,0.0,0.0,0.0,52.465058948908805,0.0,0.0,0.0,0.0,0.0,52.74190382,0.0,0.0,0.0,0.0,0.0,52.74190382,0.0,0.0,0.0,0.0,0.0,53.3508457,0.0,0.0,0.0,0.0,0.0,53.3508457,0.0,0.0,0.0,0.0,0.0,52.74190382,0.0,0.0,0.0,0.0,0.0,52.46505895,0.0,0.0,0.0,0.0,0.0,52.46505895,0.0,0.0,0.0,0.0,0.0
diverse_rec,ml20_lambda0.25,0.25,movielens_sample20of200_lambda0.25,20,1,7,56.57928339,56.57928339,56.57928339,55.15650926,1,3.577658229,solved (0.1 s),solved (0.1 s),0,0,opt,61.06742463,0.0,0.0,0.0,0.0,0.0,61.68235146,0.0,0.0,0.0,0.0,0.0,60.314864530334034,0.0,0.0,0.0,0.0,0.0,60.314864530334034,0.0,0.0,0.0,0.0,0.0,61.06742463,0.0,0.0,0.0,0.0,0.0,61.06742463,0.0,0.0,0.0,0.0,0.0,61.68235146,0.0,0.0,0.0,0.0,0.0,61.68235146,0.0,0.0,0.0,0.0,0.0,61.06742463,0.0,0.0,0.0,0.0,0.0,60.31486453,0.0,0.0,0.0,0.0,0.0,60.31486453,0.0,0.0,0.0,0.0,0.0
diverse_rec,ml20_lambda0.25,0.25,movielens_sample20of200_lambda0.25,20,1,8,63.32646628,63.32646628,63.32646628,61.47475464,1,3.577658229,solved (0.1 s),solved (0.1 s),0,0,opt,69.15750603,0.0,0.0,0.0,0.0,0.0,70.00787226,0.0,0.0,0.0,0.0,0.0,67.7834043919606,0.0,0.0,0.0,0.0,0.0,67.7834043919606,0.0,0.0,0.0,0.0,0.0,69.15750603,0.0,0.0,0.0,0.0,0.0,69.15750603,0.0,0.0,0.0,0.0,0.0,70.00787226,0.0,0.0,0.0,0.0,0.0,70.00787226,0.0,0.0,0.0,0.0,0.0,69.15750603,0.0,0.0,0.0,0.0,0.0,67.78954633,0.0,0.0,0.0,0.0,0.0,67.78340439,0.0,0.0,0.0,0.0,0.0
diverse_rec,ml20_lambda0.25,0.25,movielens_sample20of200_lambda0.25,20,1,9,69.71034996,69.71034996,69.71034996,67.52512179,1,3.577658229,solved (0.1 s),solved (0.1 s),0,0,opt,77.11072286,0.0,0.0,0.0,0.0,0.0,78.09795367,0.0,0.0,0.0,0.0,0.0,74.85867847132727,0.0,0.0,0.0,0.0,0.0,74.85867847132727,0.0,0.0,0.0,0.0,0.0,77.11072286,0.0,0.0,0.0,0.0,0.0,77.11072286,0.0,0.0,0.0,0.0,0.0,78.09795367,0.0,0.0,0.0,0.0,0.0,78.09795367,0.0,0.0,0.0,0.0,0.0,77.11072286,0.0,0.0,0.0,0.0,0.0,74.87723638,0.0,0.0,0.0,0.0,0.0,74.85867847,0.0,0.0,0.0,0.0,0.0
diverse_rec,ml20_lambda0.25,0.25,movielens_sample20of200_lambda0.25,20,1,10,75.8563566,75.8563566,75.8563566,73.19238677,1,3.577658229,solved (0.1 s),solved (0.1 s),0,0,opt,84.97114041,0.0,0.0,0.0,0.0,0.0,86.14361785,0.0,0.0,0.0,0.0,0.0,81.15064691978114,0.0,0.0,0.0,0.0,0.0,81.15064691978114,0.0,0.0,0.0,0.0,0.0,84.97114041,0.0,0.0,0.0,0.0,0.0,84.97114041,0.0,0.0,0.0,0.0,0.0,86.14361785,0.0,0.0,0.0,0.0,0.0,86.14361785,0.0,0.0,0.0,0.0,0.0,84.97114041,0.0,0.0,0.0,0.0,0.0,81.23503996,0.0,0.0,0.0,0.0,0.0,81.15064692,0.0,0.0,0.0,0.0,0.0
diverse_rec,ml20_lambda0.25,0.25,movielens_sample20of200_lambda0.25,20,1,11,81.65177874,81.65177874,81.65177874,78.13523659,1,3.577658229,solved (0.1 s),solved (0.1 s),0,0,opt,92.63500918,0.0,0.0,0.0,0.0,0.0,94.09683468,0.0,0.0,0.0,0.0,0.0,86.58056918907538,0.0,0.0,0.0,0.0,0.0,86.58056918907538,0.0,0.0,0.0,0.0,0.0,92.63500918,0.0,0.0,0.0,0.0,0.0,92.63500918,0.0,0.0,0.0,0.0,0.0,94.09683468,0.0,0.0,0.0,0.0,0.0,94.09683468,0.0,0.0,0.0,0.0,0.0,92.63500918,0.0,0.0,0.0,0.0,0.0,86.83976435,0.0,0.0,0.0,0.0,0.0,86.58056919,0.0,0.0,0.0,0.0,0.0
diverse_rec,ml20_lambda0.25,0.25,movielens_sample20of200_lambda0.25,20,1,12,87.22716502,87.22716502,87.22716502,81.23201103,1,3.577658229,solved (0.1 s),solved (0.1 s),0,0,opt,100.0280156,0.0,0.0,0.0,0.0,0.0,101.9572522,0.0,0.0,0.0,0.0,0.0,91.00897560386525,0.0,0.0,0.0,0.0,0.0,91.00897560386525,0.0,0.0,0.0,0.0,0.0,100.0280156,0.0,0.0,0.0,0.0,0.0,100.0280156,0.0,0.0,0.0,0.0,0.0,101.9572522,0.0,0.0,0.0,0.0,0.0,101.9572522,0.0,0.0,0.0,0.0,0.0,100.0280156,0.0,0.0,0.0,0.0,0.0,91.22865889,0.0,0.0,0.0,0.0,0.0,91.0089756,0.0,0.0,0.0,0.0,0.0
diverse_rec,ml20_lambda0.25,0.25,movielens_sample20of200_lambda0.25,20,1,13,92.61451292,92.61451292,92.61451292,83.2990864,1,3.577658229,solved (0.1 s),solved (0.1 s),0,0,opt,107.1792044,0.0,0.0,0.0,0.0,0.0,109.6854075,0.0,0.0,0.0,0.0,0.0,95.26939579756848,0.0,0.0,0.0,0.0,0.0,95.26939579756848,0.0,0.0,0.0,0.0,0.0,107.1792044,0.0,0.0,0.0,0.0,0.0,107.1792044,0.0,0.0,0.0,0.0,0.0,109.6854075,0.0,0.0,0.0,0.0,0.0,109.6854075,0.0,0.0,0.0,0.0,0.0,107.1792044,0.0,0.0,0.0,0.0,0.0,95.39406308,0.0,0.0,0.0,0.0,0.0,95.2693958,0.0,0.0,0.0,0.0,0.0
diverse_rec,ml20_lambda0.25,0.25,movielens_sample20of200_lambda0.25,20,1,14,97.81508154,97.81508154,97.81508154,85.05160659,1,3.577658229,solved (0.1 s),solved (0.1 s),0,0,opt,114.2527854,0.0,0.0,0.0,0.0,0.0,117.3492763,0.0,0.0,0.0,0.0,0.0,99.36282687825147,0.0,0.0,0.0,0.0,0.0,99.36282687825147,0.0,0.0,0.0,0.0,0.0,114.2527854,0.0,0.0,0.0,0.0,0.0,114.2527854,0.0,0.0,0.0,0.0,0.0,117.3492763,0.0,0.0,0.0,0.0,0.0,117.3492763,0.0,0.0,0.0,0.0,0.0,114.2527854,0.0,0.0,0.0,0.0,0.0,99.42066634,0.0,0.0,0.0,0.0,0.0,99.36282688,0.0,0.0,0.0,0.0,0.0
diverse_rec,ml20_lambda0.25,0.25,movielens_sample20of200_lambda0.25,20,1,15,102.5697395,102.5697395,102.5697395,86.07220557,1,3.577658229,solved (0.1 s),solved (0.1 s),0,0,opt,120.6581019,0.0,0.0,0.0,0.0,0.0,124.5292965,0.0,0.0,0.0,0.0,0.0,103.6091554352277,0.0,0.0,0.0,0.0,0.0,103.6091554352277,0.0,0.0,0.0,0.0,0.0,120.6581019,0.0,0.0,0.0,0.0,0.0,120.6581019,0.0,0.0,0.0,0.0,0.0,124.7422827,0.0,0.0,0.0,0.0,0.0,124.5292965,0.0,0.0,0.0,0.0,0.0,120.6581019,0.0,0.0,0.0,0.0,0.0,103.6350239,0.0,0.0,0.0,0.0,0.0,103.6091554,0.0,0.0,0.0,0.0,0.0
diverse_rec,ml20_lambda0.25,0.25,movielens_sample20of200_lambda0.25,20,1,16,107.1648424,107.1648424,107.1648424,86.48184864,1,3.577658229,solved (0.1 s),solved (0.1 s),0,0,opt,123.1678525,0.0,0.0,0.0,0.0,0.0,124.0056967,0.0,0.0,0.0,0.0,0.0,107.78665918892078,0.0,0.0,0.0,0.0,0.0,107.7866591889208,0.0,0.0,0.0,0.0,0.0,123.16785249,0.0,0.0,0.0,0.0,0.0,123.1678525,0.0,0.0,0.0,0.0,0.0,131.9958885,0.0,0.0,0.0,0.0,0.0,124.0056967,0.0,0.0,0.0,0.0,0.0,123.1678525,0.0,0.0,0.0,0.0,0.0,107.7969498,0.0,0.0,0.0,0.0,0.0,107.7866592,0.0,0.0,0.0,0.0,0.0
diverse_rec,ml20_lambda0.25,0.25,movielens_sample20of200_lambda0.25,20,1,17,111.574945,111.574945,111.574945,86.9975823,1,3.577658229,solved (0.1 s),solved (0.1 s),0,0,opt,123.1678525,0.0,0.0,0.0,0.0,0.0,123.5973971,0.0,0.0,0.0,0.0,0.0,111.8590463857336,0.0,0.0,0.0,0.0,0.0,111.8590463857336,0.0,0.0,0.0,0.0,0.0,123.16785249,0.0,0.0,0.0,0.0,0.0,123.1678525,0.0,0.0,0.0,0.0,0.0,139.1470774,0.0,0.0,0.0,0.0,0.0,123.5973971,0.0,0.0,0.0,0.0,0.0,123.1678525,0.0,0.0,0.0,0.0,0.0,111.8590464,0.0,0.0,0.0,0.0,0.0,111.8590464,0.0,0.0,0.0,0.0,0.0
diverse_rec,ml20_lambda0.25,0.25,movielens_sample20of200_lambda0.25,20,1,18,115.8096408,115.8096408,115.8096408,87.21441642,1,3.577658229,solved (0.1 s),solved (0.1 s),0,0,opt,123.1678525,0.0,0.0,0.0,0.0,0.0,123.2744918,0.0,0.0,0.0,0.0,0.0,115.80964079492115,0.0,0.0,0.0,0.0,0.0,115.80964079492115,0.0,0.0,0.0,0.0,0.0,123.16785249,0.0,0.0,0.0,0.0,0.0,123.1678525,0.0,0.0,0.0,0.0,0.0,146.2206584,0.0,0.0,0.0,0.0,0.0,123.2744918,0.0,0.0,0.0,0.0,0.0,123.1678525,0.0,0.0,0.0,0.0,0.0,115.8096408,0.0,0.0,0.0,0.0,0.0,115.8096408,0.0,0.0,0.0,0.0,0.0
diverse_rec,ml20_lambda0.25,0.25,movielens_sample20of200_lambda0.25,20,1,19,119.5901943,119.5901943,119.5901943,87.41728105,1,3.577658229,solved (0.1 s),solved (0.1 s),0,0,opt,123.1678525,0.0,0.0,0.0,0.0,0.0,123.1678525,0.0,0.0,0.0,0.0,0.0,119.59019430439092,0.0,0.0,0.0,0.0,0.0,119.59019430439092,0.0,0.0,0.0,0.0,0.0,123.16785249,0.0,0.0,0.0,0.0,0.0,123.1678525,0.0,0.0,0.0,0.0,0.0,152.8184869,0.0,0.0,0.0,0.0,0.0,123.1678525,0.0,0.0,0.0,0.0,0.0,123.1678525,0.0,0.0,0.0,0.0,0.0,119.5901943,0.0,0.0,0.0,0.0,0.0,119.5901943,0.0,0.0,0.0,0.0,0.0
diverse_rec,ml20_lambda0.25,0.25,movielens_sample20of200_lambda0.25,20,1,20,123.1678525,123.1678525,123.1678525,87.15418688,1,3.577658229,solved (0.1 s),solved (0.1 s),0,0,opt,123.1678525,0.0,0.0,0.0,0.0,0.0,123.1678525,0.0,0.0,0.0,0.0,0.0,123.1678525335457,0.0,0.0,0.0,0.0,0.0,123.1678525335457,0.0,0.0,0.0,0.0,0.0,123.16785249,0.0,0.0,0.0,0.0,0.0,123.1678525,0.0,0.0,0.0,0.0,0.0,159.2238034,0.0,0.0,0.0,0.0,0.0,123.1678525,0.0,0.0,0.0,0.0,0.0,123.1678525,0.0,0.0,0.0,0.0,0.0,123.1678525,0.0,0.0,0.0,0.0,0.0,123.1678525,0.0,0.0,0.0,0.0,0.0
diverse_rec,ml20_lambda0.25,0.25,movielens_sample20of200_lambda0.25,20,2,1,9.257074946,9.257074946,9.257074946,9.257074946,1,3.482083345,solved (0.1 s),solved (0.1 s),0,0,opt,9.257074946,0.0,0.0,0.0,0.0,0.0,9.257074946,0.0,0.0,0.0,0.0,0.0,9.257074945866336,0.0,0.0,0.0,0.0,0.0,9.257074945866336,0.0,0.0,0.0,0.0,0.0,9.257074946,0.0,0.0,0.0,0.0,0.0,9.257074946,0.0,0.0,0.0,0.0,0.0,9.257074946,0.0,0.0,0.0,0.0,0.0,9.257074946,0.0,0.0,0.0,0.0,0.0,9.257074946,0.0,0.0,0.0,0.0,0.0,9.257074946,0.0,0.0,0.0,0.0,0.0,9.257074946,0.0,0.0,0.0,0.0,0.0
diverse_rec,ml20_lambda0.25,0.25,movielens_sample20of200_lambda0.25,20,2,2,18.20100056,18.20100056,18.20100056,17.93622622,1,3.482083345,solved (0.1 s),solved (0.1 s),0,0,opt,18.20100056,0.0,0.0,0.0,0.0,0.0,18.48571089,0.0,0.0,0.0,0.0,0.0,18.442241554621692,0.0,0.0,0.0,0.0,0.0,18.44224155462169,0.0,0.0,0.0,0.0,0.0,18.20100056,0.0,0.0,0.0,0.0,0.0,18.20100056,0.0,0.0,0.0,0.0,0.0,18.48571089,0.0,0.0,0.0,0.0,0.0,18.48571089,0.0,0.0,0.0,0.0,0.0,18.20100056,0.0,0.0,0.0,0.0,0.0,18.44224155,0.0,0.0,0.0,0.0,0.0,18.44224155,0.0,0.0,0.0,0.0,0.0
diverse_rec,ml20_lambda0.25,0.25,movielens_sample20of200_lambda0.25,20,2,3,26.31909579,26.31909579,26.31909579,26.00341393,1,3.482083345,solved (0.1 s),solved (0.1 s),0,0,opt,26.81109415,0.0,0.0,0.0,0.0,0.0,27.17920575,0.0,0.0,0.0,0.0,0.0,27.032401961330923,0.0,0.0,0.0,0.0,0.0,27.032401961330926,0.0,0.0,0.0,0.0,0.0,26.81109415,0.0,0.0,0.0,0.0,0.0,26.81109415,0.0,0.0,0.0,0.0,0.0,27.17920575,0.0,0.0,0.0,0.0,0.0,27.17920575,0.0,0.0,0.0,0.0,0.0,26.81109415,0.0,0.0,0.0,0.0,0.0,27.03240196,0.0,0.0,0.0,0.0,0.0,27.03240196,0.0,0.0,0.0,0.0,0.0
diverse_rec,ml20_lambda0.25,0.25,movielens_sample20of200_lambda0.25,20,2,4,34.19756861,34.19756861,34.19756861,33.55718193,1,3.482083345,solved (0.1 s),solved (0.1 s),0,0,opt,35.41242788,0.0,0.0,0.0,0.0,0.0,35.78929933,0.0,0.0,0.0,0.0,0.0,35.549181423781505,0.0,0.0,0.0,0.0,0.0,35.549181423781505,0.0,0.0,0.0,0.0,0.0,35.41242788,0.0,0.0,0.0,0.0,0.0,35.41242788,0.0,0.0,0.0,0.0,0.0,35.78929933,0.0,0.0,0.0,0.0,0.0,35.78929933,0.0,0.0,0.0,0.0,0.0,35.41242788,0.0,0.0,0.0,0.0,0.0,35.54918142,0.0,0.0,0.0,0.0,0.0,35.54918142,0.0,0.0,0.0,0.0,0.0
diverse_rec,ml20_lambda0.25,0.25,movielens_sample20of200_lambda0.25,20,2,5,41.83560389,41.83560389,41.83560389,40.73617182,1,3.482083345,solved (0.1 s),solved (0.1 s),0,0,opt,43.55757937,0.0,0.0,0.0,0.0,0.0,44.39063306,0.0,0.0,0.0,0.0,0.0,43.67293468939951,0.0,0.0,0.0,0.0,0.0,43.67293468939951,0.0,0.0,0.0,0.0,0.0,43.55757937,0.0,0.0,0.0,0.0,0.0,43.55757937,0.0,0.0,0.0,0.0,0.0,44.39063306,0.0,0.0,0.0,0.0,0.0,44.39063306,0.0,0.0,0.0,0.0,0.0,43.55757937,0.0,0.0,0.0,0.0,0.0,43.67293469,0.0,0.0,0.0,0.0,0.0,43.67293469,0.0,0.0,0.0,0.0,0.0
diverse_rec,ml20_lambda0.25,0.25,movielens_sample20of200_lambda0.25,20,2,6,48.86153088,48.86153088,48.86153088,47.49664439,1,3.482083345,solved (0.1 s),solved (0.1 s),0,0,opt,51.64678372,0.0,0.0,0.0,0.0,0.0,52.53578455,0.0,0.0,0.0,0.0,0.0,51.45219149852556,0.0,0.0,0.0,0.0,0.0,51.45219149852556,0.0,0.0,0.0,0.0,0.0,51.64678372,0.0,0.0,0.0,0.0,0.0,51.64678372,0.0,0.0,0.0,0.0,0.0,52.53578455,0.0,0.0,0.0,0.0,0.0,52.53578455,0.0,0.0,0.0,0.0,0.0,51.64678372,0.0,0.0,0.0,0.0,0.0,51.4521915,0.0,0.0,0.0,0.0,0.0,51.4521915,0.0,0.0,0.0,0.0,0.0
diverse_rec,ml20_lambda0.25,0.25,movielens_sample20of200_lambda0.25,20,2,7,55.61304156,55.61304156,55.61304156,53.95757905,1,3.482083345,solved (0.1 s),solved (0.1 s),0,0,opt,59.68109535,0.0,0.0,0.0,0.0,0.0,60.6249889,0.0,0.0,0.0,0.0,0.0,59.11524059654549,0.0,0.0,0.0,0.0,0.0,59.11524059654549,0.0,0.0,0.0,0.0,0.0,59.68109535,0.0,0.0,0.0,0.0,0.0,59.68109535,0.0,0.0,0.0,0.0,0.0,60.6249889,0.0,0.0,0.0,0.0,0.0,60.6249889,0.0,0.0,0.0,0.0,0.0,59.68109535,0.0,0.0,0.0,0.0,0.0,59.122708,0.0,0.0,0.0,0.0,0.0,59.1152406,0.0,0.0,0.0,0.0,0.0
diverse_rec,ml20_lambda0.25,0.25,movielens_sample20of200_lambda0.25,20,2,8,62.12350405,62.12350405,62.12350405,60.0668261,1,3.482083345,solved (0.1 s),solved (0.1 s),0,0,opt,67.67488149,0.0,0.0,0.0,0.0,0.0,68.65930053,0.0,0.0,0.0,0.0,0.0,66.2029285600234,0.0,0.0,0.0,0.0,0.0,66.20292856002338,0.0,0.0,0.0,0.0,0.0,67.67488149,0.0,0.0,0.0,0.0,0.0,67.67488149,0.0,0.0,0.0,0.0,0.0,68.65930053,0.0,0.0,0.0,0.0,0.0,68.65930053,0.0,0.0,0.0,0.0,0.0,67.67488149,0.0,0.0,0.0,0.0,0.0,66.20589475,0.0,0.0,0.0,0.0,0.0,66.20292856,0.0,0.0,0.0,0.0,0.0
diverse_rec,ml20_lambda0.25,0.25,movielens_sample20of200_lambda0.25,20,2,9,68.39348241,68.39348241,68.39348241,65.84552154,1,3.482083345,solved (0.1 s),solved (0.1 s),0,0,opt,75.23512422,0.0,0.0,0.0,0.0,0.0,76.65308667,0.0,0.0,0.0,0.0,0.0,72.71108877153854,0.0,0.0,0.0,0.0,0.0,72.71108877153854,0.0,0.0,0.0,0.0,0.0,75.23512422,0.0,0.0,0.0,0.0,0.0,75.23512422,0.0,0.0,0.0,0.0,0.0,76.65308667,0.0,0.0,0.0,0.0,0.0,76.65308667,0.0,0.0,0.0,0.0,0.0,75.23512422,0.0,0.0,0.0,0.0,0.0,72.72788176,0.0,0.0,0.0,0.0,0.0,72.71108877,0.0,0.0,0.0,0.0,0.0
diverse_rec,ml20_lambda0.25,0.25,movielens_sample20of200_lambda0.25,20,2,10,74.34104054,74.34104054,74.34104054,71.4381433,1,3.482083345,solved (0.1 s),solved (0.1 s),0,0,opt,82.68642717,0.0,0.0,0.0,0.0,0.0,84.37397301,0.0,0.0,0.0,0.0,0.0,78.86205159108839,0.0,0.0,0.0,0.0,0.0,78.86205159108839,0.0,0.0,0.0,0.0,0.0,82.68642717,0.0,0.0,0.0,0.0,0.0,82.68642717,0.0,0.0,0.0,0.0,0.0,84.37397301,0.0,0.0,0.0,0.0,0.0,84.37397301,0.0,0.0,0.0,0.0,0.0,82.68642717,0.0,0.0,0.0,0.0,0.0,78.8993475,0.0,0.0,0.0,0.0,0.0,78.86205159,0.0,0.0,0.0,0.0,0.0
diverse_rec,ml20_lambda0.25,0.25,movielens_sample20of200_lambda0.25,20,2,11,79.97927965,79.97927965,79.97927965,76.15307737,1,3.482083345,solved (0.1 s),solved (0.1 s),0,0,opt,90.07923616,0.0,0.0,0.0,0.0,0.0,91.93421575,0.0,0.0,0.0,0.0,0.0,84.24724637965117,0.0,0.0,0.0,0.0,0.0,84.24724637965117,0.0,0.0,0.0,0.0,0.0,90.07923616,0.0,0.0,0.0,0.0,0.0,90.07923616,0.0,0.0,0.0,0.0,0.0,91.93421575,0.0,0.0,0.0,0.0,0.0,91.93421575,0.0,0.0,0.0,0.0,0.0,90.07923616,0.0,0.0,0.0,0.0,0.0,84.4742221,0.0,0.0,0.0,0.0,0.0,84.24724638,0.0,0.0,0.0,0.0,0.0
diverse_rec,ml20_lambda0.25,0.25,movielens_sample20of200_lambda0.25,20,2,12,85.27273602,85.27273602,85.27273602,79.20171003,1,3.482083345,solved (0.1 s),solved (0.1 s),0,0,opt,97.38186801,0.0,0.0,0.0,0.0,0.0,99.38551869,0.0,0.0,0.0,0.0,0.0,88.83100311442705,0.0,0.0,0.0,0.0,0.0,88.83100311442705,0.0,0.0,0.0,0.0,0.0,97.38186801,0.0,0.0,0.0,0.0,0.0,97.38186801,0.0,0.0,0.0,0.0,0.0,99.38551869,0.0,0.0,0.0,0.0,0.0,99.38551869,0.0,0.0,0.0,0.0,0.0,97.38186801,0.0,0.0,0.0,0.0,0.0,88.98731336,0.0,0.0,0.0,0.0,0.0,88.83100311,0.0,0.0,0.0,0.0,0.0
diverse_rec,ml20_lambda0.25,0.25,movielens_sample20of200_lambda0.25,20,2,13,90.35901547,90.35901547,90.35901547,81.52422294,1,3.482083345,solved (0.1 s),solved (0.1 s),0,0,opt,104.5214841,0.0,0.0,0.0,0.0,0.0,106.7783277,0.0,0.0,0.0,0.0,0.0,93.09539578612552,0.0,0.0,0.0,0.0,0.0,93.09539578612552,0.0,0.0,0.0,0.0,0.0,104.5214841,0.0,0.0,0.0,0.0,0.0,104.5214841,0.0,0.0,0.0,0.0,0.0,106.7783277,0.0,0.0,0.0,0.0,0.0,106.7783277,0.0,0.0,0.0,0.0,0.0,104.5214841,0.0,0.0,0.0,0.0,0.0,93.21318895,0.0,0.0,0.0,0.0,0.0,93.09539579,0.0,0.0,0.0,0.0,0.0
diverse_rec,ml20_lambda0.25,0.25,movielens_sample20of200_lambda0.25,20,2,14,95.27501226,95.27501226,95.27501226,82.89204533,1,3.482083345,solved (0.1 s),solved (0.1 s),0,0,opt,111.437384,0.0,0.0,0.0,0.0,0.0,114.1258465,0.0,0.0,0.0,0.0,0.0,97.19944374693777,0.0,0.0,0.0,0.0,0.0,97.19944374693777,0.0,0.0,0.0,0.0,0.0,111.437384,0.0,0.0,0.0,0.0,0.0,111.437384,0.0,0.0,0.0,0.0,0.0,114.1258465,0.0,0.0,0.0,0.0,0.0,114.1258465,0.0,0.0,0.0,0.0,0.0,111.437384,0.0,0.0,0.0,0.0,0.0,97.27898451,0.0,0.0,0.0,0.0,0.0,97.19944375,0.0,0.0,0.0,0.0,0.0
diverse_rec,ml20_lambda0.25,0.25,movielens_sample20of200_lambda0.25,20,2,15,100.0021768,100.0021768,100.0021768,83.90942237,1,3.482083345,solved (0.1 s),solved (0.1 s),0,0,opt,117.6515507,0.0,0.0,0.0,0.0,0.0,121.4284783,0.0,0.0,0.0,0.0,0.0,101.23710241661603,0.0,0.0,0.0,0.0,0.0,101.23710241661601,0.0,0.0,0.0,0.0,0.0,117.6515507,0.0,0.0,0.0,0.0,0.0,117.6515507,0.0,0.0,0.0,0.0,0.0,121.4284783,0.0,0.0,0.0,0.0,0.0,121.4284783,0.0,0.0,0.0,0.0,0.0,117.6515507,0.0,0.0,0.0,0.0,0.0,101.2581962,0.0,0.0,0.0,0.0,0.0,101.2371024,0.0,0.0,0.0,0.0,0.0
diverse_rec,ml20_lambda0.25,0.25,movielens_sample20of200_lambda0.25,20,2,16,104.5458552,104.5458552,104.5458552,84.43549706,1,3.482083345,solved (0.1 s),solved (0.1 s),0,0,opt,120.2791117,0.0,0.0,0.0,0.0,0.0,121.1103409,0.0,0.0,0.0,0.0,0.0,105.17901120639587,0.0,0.0,0.0,0.0,0.0,105.17901120639587,0.0,0.0,0.0,0.0,0.0,120.279111646,0.0,0.0,0.0,0.0,0.0,120.2791117,0.0,0.0,0.0,0.0,0.0,128.5680944,0.0,0.0,0.0,0.0,0.0,121.1103409,0.0,0.0,0.0,0.0,0.0,120.2791117,0.0,0.0,0.0,0.0,0.0,105.1876984,0.0,0.0,0.0,0.0,0.0,105.1790112,0.0,0.0,0.0,0.0,0.0
diverse_rec,ml20_lambda0.25,0.25,movielens_sample20of200_lambda0.25,20,2,17,108.9132549,108.9132549,108.9132549,85.26630993,1,3.482083345,solved (0.1 s),solved (0.1 s),0,0,opt,120.2791117,0.0,0.0,0.0,0.0,0.0,120.6665834,0.0,0.0,0.0,0.0,0.0,109.0798046933242,0.0,0.0,0.0,0.0,0.0,109.0798046933242,0.0,0.0,0.0,0.0,0.0,120.279111646,0.0,0.0,0.0,0.0,0.0,120.2791117,0.0,0.0,0.0,0.0,0.0,135.6653788,0.0,0.0,0.0,0.0,0.0,120.6665834,0.0,0.0,0.0,0.0,0.0,120.2791117,0.0,0.0,0.0,0.0,0.0,109.0798047,0.0,0.0,0.0,0.0,0.0,109.0798047,0.0,0.0,0.0,0.0,0.0
diverse_rec,ml20_lambda0.25,0.25,movielens_sample20of200_lambda0.25,20,2,18,113.01679,113.01679,113.01679,85.41477479,1,3.482083345,solved (0.1 s),solved (0.1 s),0,0,opt,120.2791117,0.0,0.0,0.0,0.0,0.0,120.3959983,0.0,0.0,0.0,0.0,0.0,113.01678995113897,0.0,0.0,0.0,0.0,0.0,113.01678995113896,0.0,0.0,0.0,0.0,0.0,120.279111646,0.0,0.0,0.0,0.0,0.0,120.2791117,0.0,0.0,0.0,0.0,0.0,142.5812787,0.0,0.0,0.0,0.0,0.0,120.3959983,0.0,0.0,0.0,0.0,0.0,120.2791117,0.0,0.0,0.0,0.0,0.0,113.01679,0.0,0.0,0.0,0.0,0.0,113.01679,0.0,0.0,0.0,0.0,0.0
diverse_rec,ml20_lambda0.25,0.25,movielens_sample20of200_lambda0.25,20,2,19,116.7970283,116.7970283,116.7970283,85.2890711,1,3.482083345,solved (0.1 s),solved (0.1 s),0,0,opt,120.2791117,0.0,0.0,0.0,0.0,0.0,120.2791117,0.0,0.0,0.0,0.0,0.0,116.79702831028806,0.0,0.0,0.0,0.0,0.0,116.79702831028806,0.0,0.0,0.0,0.0,0.0,120.279111645,0.0,0.0,0.0,0.0,0.0,120.2791117,0.0,0.0,0.0,0.0,0.0,149.1579822,0.0,0.0,0.0,0.0,0.0,120.2791117,0.0,0.0,0.0,0.0,0.0,120.2791117,0.0,0.0,0.0,0.0,0.0,116.7970283,0.0,0.0,0.0,0.0,0.0,116.7970283,0.0,0.0,0.0,0.0,0.0
diverse_rec,ml20_lambda0.25,0.25,movielens_sample20of200_lambda0.25,20,2,20,120.2791117,120.2791117,120.2791117,85.42477145,1,3.482083345,solved (0.1 s),solved (0.1 s),0,0,opt,120.2791117,0.0,0.0,0.0,0.0,0.0,120.2791117,0.0,0.0,0.0,0.0,0.0,120.2791116551059,0.0,0.0,0.0,0.0,0.0,120.27911165510594,0.0,0.0,0.0,0.0,0.0,120.279111645,0.0,0.0,0.0,0.0,0.0,120.2791117,0.0,0.0,0.0,0.0,0.0,155.3721489,0.0,0.0,0.0,0.0,0.0,120.2791117,0.0,0.0,0.0,0.0,0.0,120.2791117,0.0,0.0,0.0,0.0,0.0,120.2791117,0.0,0.0,0.0,0.0,0.0,120.2791117,0.0,0.0,0.0,0.0,0.0
diverse_rec,ml20_lambda0.25,0.25,movielens_sample20of200_lambda0.25,20,3,1,8.994091739,8.994091739,8.994091739,8.994091739,1,3.613805806,solved (0.1 s),solved (0.1 s),0,0,opt,8.994091739,0.0,0.0,0.0,0.0,0.0,8.994091739,0.0,0.0,0.0,0.0,0.0,8.994091738758309,0.0,0.0,0.0,0.0,0.0,8.994091738758309,0.0,0.0,0.0,0.0,0.0,8.994091739,0.0,0.0,0.0,0.0,0.0,8.994091739,0.0,0.0,0.0,0.0,0.0,8.994091739,0.0,0.0,0.0,0.0,0.0,8.994091739,0.0,0.0,0.0,0.0,0.0,8.994091739,0.0,0.0,0.0,0.0,0.0,8.994091739,0.0,0.0,0.0,0.0,0.0,8.994091739,0.0,0.0,0.0,0.0,0.0
diverse_rec,ml20_lambda0.25,0.25,movielens_sample20of200_lambda0.25,20,3,2,17.04204022,17.04204022,17.04204022,16.82223286,1,3.613805806,solved (0.1 s),solved (0.1 s),0,0,opt,17.22417991,0.0,0.0,0.0,0.0,0.0,17.34457711,0.0,0.0,0.0,0.0,0.0,17.283739924800916,0.0,0.0,0.0,0.0,0.0,17.283739924800916,0.0,0.0,0.0,0.0,0.0,17.22417991,0.0,0.0,0.0,0.0,0.0,17.22417991,0.0,0.0,0.0,0.0,0.0,17.34457711,0.0,0.0,0.0,0.0,0.0,17.34457711,0.0,0.0,0.0,0.0,0.0,17.22417991,0.0,0.0,0.0,0.0,0.0,17.28373992,0.0,0.0,0.0,0.0,0.0,17.28373992,0.0,0.0,0.0,0.0,0.0
diverse_rec,ml20_lambda0.25,0.25,movielens_sample20of200_lambda0.25,20,3,3,24.69969111,24.69969111,24.69969111,24.402917,1,3.613805806,solved (0.1 s),solved (0.1 s),0,0,opt,25.27450078,0.0,0.0,0.0,0.0,0.0,25.57466529,0.0,0.0,0.0,0.0,0.0,25.404599372678792,0.0,0.0,0.0,0.0,0.0,25.404599372678792,0.0,0.0,0.0,0.0,0.0,25.27450078,0.0,0.0,0.0,0.0,0.0,25.27450078,0.0,0.0,0.0,0.0,0.0,25.57466529,0.0,0.0,0.0,0.0,0.0,25.57466529,0.0,0.0,0.0,0.0,0.0,25.27450078,0.0,0.0,0.0,0.0,0.0,25.40459937,0.0,0.0,0.0,0.0,0.0,25.40459937,0.0,0.0,0.0,0.0,0.0
diverse_rec,ml20_lambda0.25,0.25,movielens_sample20of200_lambda0.25,20,3,4,32.1286859,32.1286859,32.1286859,31.67155707,1,3.613805806,solved (0.1 s),solved (0.1 s),0,0,opt,33.28716748,0.0,0.0,0.0,0.0,0.0,33.62498615,0.0,0.0,0.0,0.0,0.0,33.34829263191744,0.0,0.0,0.0,0.0,0.0,33.34829263191744,0.0,0.0,0.0,0.0,0.0,33.28716748,0.0,0.0,0.0,0.0,0.0,33.28716748,0.0,0.0,0.0,0.0,0.0,33.62498615,0.0,0.0,0.0,0.0,0.0,33.62498615,0.0,0.0,0.0,0.0,0.0,33.28716748,0.0,0.0,0.0,0.0,0.0,33.34829263,0.0,0.0,0.0,0.0,0.0,33.34829263,0.0,0.0,0.0,0.0,0.0
diverse_rec,ml20_lambda0.25,0.25,movielens_sample20of200_lambda0.25,20,3,5,39.30203606,39.30203606,39.30203606,38.57525863,1,3.613805806,solved (0.1 s),solved (0.1 s),0,0,opt,41.2546378,0.0,0.0,0.0,0.0,0.0,41.63765285,0.0,0.0,0.0,0.0,0.0,41.227816273267045,0.0,0.0,0.0,0.0,0.0,41.22781627326705,0.0,0.0,0.0,0.0,0.0,41.2546378,0.0,0.0,0.0,0.0,0.0,41.2546378,0.0,0.0,0.0,0.0,0.0,41.63765285,0.0,0.0,0.0,0.0,0.0,41.63765285,0.0,0.0,0.0,0.0,0.0,41.2546378,0.0,0.0,0.0,0.0,0.0,41.22781627,0.0,0.0,0.0,0.0,0.0,41.22781627,0.0,0.0,0.0,0.0,0.0
diverse_rec,ml20_lambda0.25,0.25,movielens_sample20of200_lambda0.25,20,3,6,46.19586913,46.19586913,46.19586913,45.19031982,1,3.613805806,solved (0.1 s),solved (0.1 s),0,0,opt,48.91178044,0.0,0.0,0.0,0.0,0.0,49.60512317,0.0,0.0,0.0,0.0,0.0,48.677046607691395,0.0,0.0,0.0,0.0,0.0,48.67704660769139,0.0,0.0,0.0,0.0,0.0,48.91178044,0.0,0.0,0.0,0.0,0.0,48.91178044,0.0,0.0,0.0,0.0,0.0,49.60512317,0.0,0.0,0.0,0.0,0.0,49.60512317,0.0,0.0,0.0,0.0,0.0,48.91178044,0.0,0.0,0.0,0.0,0.0,48.67704661,0.0,0.0,0.0,0.0,0.0,48.67704661,0.0,0.0,0.0,0.0,0.0
diverse_rec,ml20_lambda0.25,0.25,movielens_sample20of200_lambda0.25,20,3,7,52.66288073,52.66288073,52.66288073,51.55789584,1,3.613805806,solved (0.1 s),solved (0.1 s),0,0,opt,56.55165251,0.0,0.0,0.0,0.0,0.0,57.26226582,0.0,0.0,0.0,0.0,0.0,56.04346976341622,0.0,0.0,0.0,0.0,0.0,56.04346976341622,0.0,0.0,0.0,0.0,0.0,56.55165251,0.0,0.0,0.0,0.0,0.0,56.55165251,0.0,0.0,0.0,0.0,0.0,57.26226582,0.0,0.0,0.0,0.0,0.0,57.26226582,0.0,0.0,0.0,0.0,0.0,56.55165251,0.0,0.0,0.0,0.0,0.0,56.04346976,0.0,0.0,0.0,0.0,0.0,56.04346976,0.0,0.0,0.0,0.0,0.0
diverse_rec,ml20_lambda0.25,0.25,movielens_sample20of200_lambda0.25,20,3,8,58.94389139,58.94389139,58.94389139,57.71012297,1,3.613805806,solved (0.1 s),solved (0.1 s),0,0,opt,64.17145808,0.0,0.0,0.0,0.0,0.0,64.90213789,0.0,0.0,0.0,0.0,0.0,63.30587829167289,0.0,0.0,0.0,0.0,0.0,63.30587829167289,0.0,0.0,0.0,0.0,0.0,64.17145808,0.0,0.0,0.0,0.0,0.0,64.17145808,0.0,0.0,0.0,0.0,0.0,64.90213789,0.0,0.0,0.0,0.0,0.0,64.90213789,0.0,0.0,0.0,0.0,0.0,64.17145808,0.0,0.0,0.0,0.0,0.0,63.30587829,0.0,0.0,0.0,0.0,0.0,63.30587829,0.0,0.0,0.0,0.0,0.0
diverse_rec,ml20_lambda0.25,0.25,movielens_sample20of200_lambda0.25,20,3,9,65.05188408,65.05188408,65.05188408,63.70841205,1,3.613805806,solved (0.1 s),solved (0.1 s),0,0,opt,71.73486266,0.0,0.0,0.0,0.0,0.0,72.52194346,0.0,0.0,0.0,0.0,0.0,70.29178775140889,0.0,0.0,0.0,0.0,0.0,70.29178775140889,0.0,0.0,0.0,0.0,0.0,71.73486266,0.0,0.0,0.0,0.0,0.0,71.73486266,0.0,0.0,0.0,0.0,0.0,72.52194346,0.0,0.0,0.0,0.0,0.0,72.52194346,0.0,0.0,0.0,0.0,0.0,71.73486266,0.0,0.0,0.0,0.0,0.0,70.29557501,0.0,0.0,0.0,0.0,0.0,70.29178775,0.0,0.0,0.0,0.0,0.0
diverse_rec,ml20_lambda0.25,0.25,movielens_sample20of200_lambda0.25,20,3,10,70.91456849,70.91456849,70.91456849,69.38954817,1,3.613805806,solved (0.1 s),solved (0.1 s),0,0,opt,79.15077401,0.0,0.0,0.0,0.0,0.0,80.12266917,0.0,0.0,0.0,0.0,0.0,77.1658843622357,0.0,0.0,0.0,0.0,0.0,77.16588436223569,0.0,0.0,0.0,0.0,0.0,79.15077401,0.0,0.0,0.0,0.0,0.0,79.15077401,0.0,0.0,0.0,0.0,0.0,80.12266917,0.0,0.0,0.0,0.0,0.0,80.12266917,0.0,0.0,0.0,0.0,0.0,79.15077401,0.0,0.0,0.0,0.0,0.0,77.17478611,0.0,0.0,0.0,0.0,0.0,77.16588436,0.0,0.0,0.0,0.0,0.0
diverse_rec,ml20_lambda0.25,0.25,movielens_sample20of200_lambda0.25,20,3,11,76.55780747,76.55780747,76.55780747,74.34277174,1,3.613805806,solved (0.1 s),solved (0.1 s),0,0,opt,86.5602099,0.0,0.0,0.0,0.0,0.0,87.68607374,0.0,0.0,0.0,0.0,0.0,83.50610720383924,0.0,0.0,0.0,0.0,0.0,83.50610720383922,0.0,0.0,0.0,0.0,0.0,86.5602099,0.0,0.0,0.0,0.0,0.0,86.5602099,0.0,0.0,0.0,0.0,0.0,87.68607374,0.0,0.0,0.0,0.0,0.0,87.68607374,0.0,0.0,0.0,0.0,0.0,86.5602099,0.0,0.0,0.0,0.0,0.0,83.80518574,0.0,0.0,0.0,0.0,0.0,83.5061072,0.0,0.0,0.0,0.0,0.0
diverse_rec,ml20_lambda0.25,0.25,movielens_sample20of200_lambda0.25,20,3,12,81.99134989,81.99134989,81.99134989,77.41109089,1,3.613805806,solved (0.1 s),solved (0.1 s),0,0,opt,93.94311737,0.0,0.0,0.0,0.0,0.0,95.1019851,0.0,0.0,0.0,0.0,0.0,87.86457541639797,0.0,0.0,0.0,0.0,0.0,87.86457541639797,0.0,0.0,0.0,0.0,0.0,93.94311737,0.0,0.0,0.0,0.0,0.0,93.94311737,0.0,0.0,0.0,0.0,0.0,95.1019851,0.0,0.0,0.0,0.0,0.0,95.1019851,0.0,0.0,0.0,0.0,0.0,93.94311737,0.0,0.0,0.0,0.0,0.0,88.34181525,0.0,0.0,0.0,0.0,0.0,87.86457542,0.0,0.0,0.0,0.0,0.0
diverse_rec,ml20_lambda0.25,0.25,movielens_sample20of200_lambda0.25,20,3,13,87.24802627,87.24802627,87.24802627,79.64131145,1,3.613805806,solved (0.1 s),solved (0.1 s),0,0,opt,101.3245791,0.0,0.0,0.0,0.0,0.0,102.511421,0.0,0.0,0.0,0.0,0.0,91.65533965976246,0.0,0.0,0.0,0.0,0.0,91.65533965976246,0.0,0.0,0.0,0.0,0.0,101.3245791,0.0,0.0,0.0,0.0,0.0,101.3245791,0.0,0.0,0.0,0.0,0.0,102.511421,0.0,0.0,0.0,0.0,0.0,102.511421,0.0,0.0,0.0,0.0,0.0,101.3245791,0.0,0.0,0.0,0.0,0.0,91.98833001,0.0,0.0,0.0,0.0,0.0,91.65533966,0.0,0.0,0.0,0.0,0.0
diverse_rec,ml20_lambda0.25,0.25,movielens_sample20of200_lambda0.25,20,3,14,92.31258618,92.31258618,92.31258618,81.01185035,1,3.613805806,solved (0.1 s),solved (0.1 s),0,0,opt,108.6450329,0.0,0.0,0.0,0.0,0.0,109.9097197,0.0,0.0,0.0,0.0,0.0,95.39760174420817,0.0,0.0,0.0,0.0,0.0,95.39760174420817,0.0,0.0,0.0,0.0,0.0,108.6450329,0.0,0.0,0.0,0.0,0.0,108.6450329,0.0,0.0,0.0,0.0,0.0,109.9097197,0.0,0.0,0.0,0.0,0.0,109.9097197,0.0,0.0,0.0,0.0,0.0,108.6450329,0.0,0.0,0.0,0.0,0.0,95.56106308,0.0,0.0,0.0,0.0,0.0,95.39760174,0.0,0.0,0.0,0.0,0.0
diverse_rec,ml20_lambda0.25,0.25,movielens_sample20of200_lambda0.25,20,3,15,97.16686113,97.16686113,97.16686113,82.3883646,1,3.613805806,solved (0.1 s),solved (0.1 s),0,0,opt,115.1226445,0.0,0.0,0.0,0.0,0.0,117.2926272,0.0,0.0,0.0,0.0,0.0,99.01379296846834,0.0,0.0,0.0,0.0,0.0,99.01379296846834,0.0,0.0,0.0,0.0,0.0,115.1226445,0.0,0.0,0.0,0.0,0.0,115.1226445,0.0,0.0,0.0,0.0,0.0,117.2926272,0.0,0.0,0.0,0.0,0.0,117.2926272,0.0,0.0,0.0,0.0,0.0,115.1226445,0.0,0.0,0.0,0.0,0.0,99.08412976,0.0,0.0,0.0,0.0,0.0,99.01379297,0.0,0.0,0.0,0.0,0.0
diverse_rec,ml20_lambda0.25,0.25,movielens_sample20of200_lambda0.25,20,3,16,101.838956,101.838956,101.838956,83.23215029,1,3.613805806,solved (0.1 s),solved (0.1 s),0,0,opt,118.1219096,0.0,0.0,0.0,0.0,0.0,118.9494768,0.0,0.0,0.0,0.0,0.0,102.7157770011055,0.0,0.0,0.0,0.0,0.0,102.7157770011055,0.0,0.0,0.0,0.0,0.0,118.121909539,0.0,0.0,0.0,0.0,0.0,118.1219096,0.0,0.0,0.0,0.0,0.0,124.6740889,0.0,0.0,0.0,0.0,0.0,118.9494768,0.0,0.0,0.0,0.0,0.0,118.1219096,0.0,0.0,0.0,0.0,0.0,102.7311807,0.0,0.0,0.0,0.0,0.0,102.715777,0.0,0.0,0.0,0.0,0.0
diverse_rec,ml20_lambda0.25,0.25,movielens_sample20of200_lambda0.25,20,3,17,106.3219354,106.3219354,106.3219354,83.444427,1,3.613805806,solved (0.1 s),solved (0.1 s),0,0,opt,118.1219096,0.0,0.0,0.0,0.0,0.0,118.5103877,0.0,0.0,0.0,0.0,0.0,106.59890878965071,0.0,0.0,0.0,0.0,0.0,106.59890878965072,0.0,0.0,0.0,0.0,0.0,118.121909539,0.0,0.0,0.0,0.0,0.0,118.1219096,0.0,0.0,0.0,0.0,0.0,132.0118694,0.0,0.0,0.0,0.0,0.0,118.5103877,0.0,0.0,0.0,0.0,0.0,118.1219096,0.0,0.0,0.0,0.0,0.0,106.5994114,0.0,0.0,0.0,0.0,0.0,106.5989088,0.0,0.0,0.0,0.0,0.0
diverse_rec,ml20_lambda0.25,0.25,movielens_sample20of200_lambda0.25,20,3,18,110.6346383,110.6346383,110.6346383,84.11701971,1,3.613805806,solved (0.1 s),solved (0.1 s),0,0,opt,118.1219096,0.0,0.0,0.0,0.0,0.0,118.2774028,0.0,0.0,0.0,0.0,0.0,110.63463829366216,0.0,0.0,0.0,0.0,0.0,110.63463829366216,0.0,0.0,0.0,0.0,0.0,118.121909539,0.0,0.0,0.0,0.0,0.0,118.1219096,0.0,0.0,0.0,0.0,0.0,139.3323232,0.0,0.0,0.0,0.0,0.0,118.2774028,0.0,0.0,0.0,0.0,0.0,118.1219096,0.0,0.0,0.0,0.0,0.0,110.6346383,0.0,0.0,0.0,0.0,0.0,110.6346383,0.0,0.0,0.0,0.0,0.0
diverse_rec,ml20_lambda0.25,0.25,movielens_sample20of200_lambda0.25,20,3,19,114.5081038,114.5081038,114.5081038,83.80523608,1,3.613805806,solved (0.1 s),solved (0.1 s),0,0,opt,118.1219096,0.0,0.0,0.0,0.0,0.0,118.1219096,0.0,0.0,0.0,0.0,0.0,114.5081037779504,0.0,0.0,0.0,0.0,0.0,114.50810377795041,0.0,0.0,0.0,0.0,0.0,118.121909539,0.0,0.0,0.0,0.0,0.0,118.1219096,0.0,0.0,0.0,0.0,0.0,146.0182678,0.0,0.0,0.0,0.0,0.0,118.1219096,0.0,0.0,0.0,0.0,0.0,118.1219096,0.0,0.0,0.0,0.0,0.0,114.5081038,0.0,0.0,0.0,0.0,0.0,114.5081038,0.0,0.0,0.0,0.0,0.0
diverse_rec,ml20_lambda0.25,0.25,movielens_sample20of200_lambda0.25,20,3,20,118.1219096,118.1219096,118.1219096,84.07997777,1,3.613805806,solved (0.1 s),solved (0.1 s),0,0,opt,118.1219096,0.0,0.0,0.0,0.0,0.0,118.1219096,0.0,0.0,0.0,0.0,0.0,118.1219095837646,0.0,0.0,0.0,0.0,0.0,118.12190958376463,0.0,0.0,0.0,0.0,0.0,118.121909539,0.0,0.0,0.0,0.0,0.0,118.1219096,0.0,0.0,0.0,0.0,0.0,152.4958794,0.0,0.0,0.0,0.0,0.0,118.1219096,0.0,0.0,0.0,0.0,0.0,118.1219096,0.0,0.0,0.0,0.0,0.0,118.1219096,0.0,0.0,0.0,0.0,0.0,118.1219096,0.0,0.0,0.0,0.0,0.0
diverse_rec,ml20_lambda0.25,0.25,movielens_sample20of200_lambda0.25,20,4,1,9.183471541,9.183471541,9.183471541,9.183471541,1,3.952779043,solved (0.1 s),solved (0.1 s),0,0,opt,9.183471541,0.0,0.0,0.0,0.0,0.0,9.183471541,0.0,0.0,0.0,0.0,0.0,9.18347154122702,0.0,0.0,0.0,0.0,0.0,9.18347154122702,0.0,0.0,0.0,0.0,0.0,9.183471541,0.0,0.0,0.0,0.0,0.0,9.183471541,0.0,0.0,0.0,0.0,0.0,9.183471541,0.0,0.0,0.0,0.0,0.0,9.183471541,0.0,0.0,0.0,0.0,0.0,9.183471541,0.0,0.0,0.0,0.0,0.0,9.183471541,0.0,0.0,0.0,0.0,0.0,9.183471541,0.0,0.0,0.0,0.0,0.0
diverse_rec,ml20_lambda0.25,0.25,movielens_sample20of200_lambda0.25,20,4,2,18.07337329,18.07337329,18.07337329,18.02837469,1,3.952779043,solved (0.1 s),solved (0.1 s),0,0,opt,18.24275443,0.0,0.0,0.0,0.0,0.0,18.32276312,0.0,0.0,0.0,0.0,0.0,18.3146287253926,0.0,0.0,0.0,0.0,0.0,18.3146287253926,0.0,0.0,0.0,0.0,0.0,18.24275443,0.0,0.0,0.0,0.0,0.0,18.24275443,0.0,0.0,0.0,0.0,0.0,18.32276312,0.0,0.0,0.0,0.0,0.0,18.32276312,0.0,0.0,0.0,0.0,0.0,18.24275443,0.0,0.0,0.0,0.0,0.0,18.31462873,0.0,0.0,0.0,0.0,0.0,18.31462873,0.0,0.0,0.0,0.0,0.0
diverse_rec,ml20_lambda0.25,0.25,movielens_sample20of200_lambda0.25,20,4,3,26.65463125,26.65463125,26.65463125,26.3822086,1,3.952779043,solved (0.1 s),solved (0.1 s),0,0,opt,27.14897096,0.0,0.0,0.0,0.0,0.0,27.38204601,0.0,0.0,0.0,0.0,0.0,27.328607149529166,0.0,0.0,0.0,0.0,0.0,27.328607149529166,0.0,0.0,0.0,0.0,0.0,27.14897096,0.0,0.0,0.0,0.0,0.0,27.14897096,0.0,0.0,0.0,0.0,0.0,27.38204601,0.0,0.0,0.0,0.0,0.0,27.38204601,0.0,0.0,0.0,0.0,0.0,27.14897096,0.0,0.0,0.0,0.0,0.0,27.32860715,0.0,0.0,0.0,0.0,0.0,27.32860715,0.0,0.0,0.0,0.0,0.0
diverse_rec,ml20_lambda0.25,0.25,movielens_sample20of200_lambda0.25,20,4,4,34.83827672,34.83827672,34.83827672,34.30163654,1,3.952779043,solved (0.1 s),solved (0.1 s),0,0,opt,35.79053805,0.0,0.0,0.0,0.0,0.0,36.28826254,0.0,0.0,0.0,0.0,0.0,36.07535177421773,0.0,0.0,0.0,0.0,0.0,36.07535177421773,0.0,0.0,0.0,0.0,0.0,35.79053805,0.0,0.0,0.0,0.0,0.0,35.79053805,0.0,0.0,0.0,0.0,0.0,36.28826254,0.0,0.0,0.0,0.0,0.0,36.28826254,0.0,0.0,0.0,0.0,0.0,35.79053805,0.0,0.0,0.0,0.0,0.0,36.07535177,0.0,0.0,0.0,0.0,0.0,36.07535177,0.0,0.0,0.0,0.0,0.0
diverse_rec,ml20_lambda0.25,0.25,movielens_sample20of200_lambda0.25,20,4,5,42.59992452,42.59992452,42.59992452,41.95070381,1,3.952779043,solved (0.1 s),solved (0.1 s),0,0,opt,44.38895472,0.0,0.0,0.0,0.0,0.0,44.92982962,0.0,0.0,0.0,0.0,0.0,44.56200215150578,0.0,0.0,0.0,0.0,0.0,44.56200215150579,0.0,0.0,0.0,0.0,0.0,44.38895472,0.0,0.0,0.0,0.0,0.0,44.38895472,0.0,0.0,0.0,0.0,0.0,44.92982962,0.0,0.0,0.0,0.0,0.0,44.92982962,0.0,0.0,0.0,0.0,0.0,44.38895472,0.0,0.0,0.0,0.0,0.0,44.56200215,0.0,0.0,0.0,0.0,0.0,44.56200215,0.0,0.0,0.0,0.0,0.0
diverse_rec,ml20_lambda0.25,0.25,movielens_sample20of200_lambda0.25,20,4,6,50.03050159,50.03050159,50.03050159,49.31619838,1,3.952779043,solved (0.1 s),solved (0.1 s),0,0,opt,52.97872316,0.0,0.0,0.0,0.0,0.0,53.52824629,0.0,0.0,0.0,0.0,0.0,53.00568757565781,0.0,0.0,0.0,0.0,0.0,53.00568757565781,0.0,0.0,0.0,0.0,0.0,52.97872316,0.0,0.0,0.0,0.0,0.0,52.97872316,0.0,0.0,0.0,0.0,0.0,53.52824629,0.0,0.0,0.0,0.0,0.0,53.52824629,0.0,0.0,0.0,0.0,0.0,52.97872316,0.0,0.0,0.0,0.0,0.0,53.00568758,0.0,0.0,0.0,0.0,0.0,53.00568758,0.0,0.0,0.0,0.0,0.0
diverse_rec,ml20_lambda0.25,0.25,movielens_sample20of200_lambda0.25,20,4,7,57.27152945,57.27152945,57.27152945,56.40913163,1,3.952779043,solved (0.1 s),solved (0.1 s),0,0,opt,61.52191396,0.0,0.0,0.0,0.0,0.0,62.11801473,0.0,0.0,0.0,0.0,0.0,61.36220423370195,0.0,0.0,0.0,0.0,0.0,61.362204233701966,0.0,0.0,0.0,0.0,0.0,61.52191396,0.0,0.0,0.0,0.0,0.0,61.52191396,0.0,0.0,0.0,0.0,0.0,62.11801473,0.0,0.0,0.0,0.0,0.0,62.11801473,0.0,0.0,0.0,0.0,0.0,61.52191396,0.0,0.0,0.0,0.0,0.0,61.36220423,0.0,0.0,0.0,0.0,0.0,61.36220423,0.0,0.0,0.0,0.0,0.0
diverse_rec,ml20_lambda0.25,0.25,movielens_sample20of200_lambda0.25,20,4,8,64.25874069,64.25874069,64.25874069,63.23431807,1,3.952779043,solved (0.1 s),solved (0.1 s),0,0,opt,70.02784189,0.0,0.0,0.0,0.0,0.0,70.66120554,0.0,0.0,0.0,0.0,0.0,69.58424151517531,0.0,0.0,0.0,0.0,0.0,69.5842415151753,0.0,0.0,0.0,0.0,0.0,70.02784189,0.0,0.0,0.0,0.0,0.0,70.02784189,0.0,0.0,0.0,0.0,0.0,70.66120554,0.0,0.0,0.0,0.0,0.0,70.66120554,0.0,0.0,0.0,0.0,0.0,70.02784189,0.0,0.0,0.0,0.0,0.0,69.58424152,0.0,0.0,0.0,0.0,0.0,69.58424152,0.0,0.0,0.0,0.0,0.0
diverse_rec,ml20_lambda0.25,0.25,movielens_sample20of200_lambda0.25,20,4,9,71.01122407,71.01122407,71.01122407,69.6483096,1,3.952779043,solved (0.1 s),solved (0.1 s),0,0,opt,78.47061403,0.0,0.0,0.0,0.0,0.0,79.16713347,0.0,0.0,0.0,0.0,0.0,77.3687833742976,0.0,0.0,0.0,0.0,0.0,77.36878337429762,0.0,0.0,0.0,0.0,0.0,78.47061403,0.0,0.0,0.0,0.0,0.0,78.47061403,0.0,0.0,0.0,0.0,0.0,79.16713347,0.0,0.0,0.0,0.0,0.0,79.16713347,0.0,0.0,0.0,0.0,0.0,78.47061403,0.0,0.0,0.0,0.0,0.0,77.3867417,0.0,0.0,0.0,0.0,0.0,77.36878337,0.0,0.0,0.0,0.0,0.0
diverse_rec,ml20_lambda0.25,0.25,movielens_sample20of200_lambda0.25,20,4,10,77.51662249,77.51662249,77.51662249,75.76403989,1,3.952779043,solved (0.1 s),solved (0.1 s),0,0,opt,86.78758619,0.0,0.0,0.0,0.0,0.0,87.63496085,0.0,0.0,0.0,0.0,0.0,84.66429970486281,0.0,0.0,0.0,0.0,0.0,84.66429970486281,0.0,0.0,0.0,0.0,0.0,86.78758619,0.0,0.0,0.0,0.0,0.0,86.78758619,0.0,0.0,0.0,0.0,0.0,87.63496085,0.0,0.0,0.0,0.0,0.0,87.63496085,0.0,0.0,0.0,0.0,0.0,86.78758619,0.0,0.0,0.0,0.0,0.0,84.75340625,0.0,0.0,0.0,0.0,0.0,84.6642997,0.0,0.0,0.0,0.0,0.0
diverse_rec,ml20_lambda0.25,0.25,movielens_sample20of200_lambda0.25,20,4,11,83.77516236,83.77516236,83.77516236,80.96317824,1,3.952779043,solved (0.1 s),solved (0.1 s),0,0,opt,94.93698322,0.0,0.0,0.0,0.0,0.0,96.07773299,0.0,0.0,0.0,0.0,0.0,90.6660590959676,0.0,0.0,0.0,0.0,0.0,90.66605909596761,0.0,0.0,0.0,0.0,0.0,94.93698322,0.0,0.0,0.0,0.0,0.0,94.93698322,0.0,0.0,0.0,0.0,0.0,96.07773299,0.0,0.0,0.0,0.0,0.0,96.07773299,0.0,0.0,0.0,0.0,0.0,94.93698322,0.0,0.0,0.0,0.0,0.0,90.80937327,0.0,0.0,0.0,0.0,0.0,90.6660591,0.0,0.0,0.0,0.0,0.0
diverse_rec,ml20_lambda0.25,0.25,movielens_sample20of200_lambda0.25,20,4,12,89.7803911,89.7803911,89.7803911,84.51685643,1,3.952779043,solved (0.1 s),solved (0.1 s),0,0,opt,103.0198294,0.0,0.0,0.0,0.0,0.0,104.3947051,0.0,0.0,0.0,0.0,0.0,95.16881552902265,0.0,0.0,0.0,0.0,0.0,95.16881552902265,0.0,0.0,0.0,0.0,0.0,103.0198294,0.0,0.0,0.0,0.0,0.0,103.0198294,0.0,0.0,0.0,0.0,0.0,104.3947051,0.0,0.0,0.0,0.0,0.0,104.3947051,0.0,0.0,0.0,0.0,0.0,103.0198294,0.0,0.0,0.0,0.0,0.0,95.60345282,0.0,0.0,0.0,0.0,0.0,95.16881553,0.0,0.0,0.0,0.0,0.0
diverse_rec,ml20_lambda0.25,0.25,movielens_sample20of200_lambda0.25,20,4,13,95.50318801,95.50318801,95.50318801,87.03235196,1,3.952779043,solved (0.1 s),solved (0.1 s),0,0,opt,110.855713,0.0,0.0,0.0,0.0,0.0,112.5441022,0.0,0.0,0.0,0.0,0.0,99.32300300784395,0.0,0.0,0.0,0.0,0.0,99.32300300784395,0.0,0.0,0.0,0.0,0.0,110.855713,0.0,0.0,0.0,0.0,0.0,110.855713,0.0,0.0,0.0,0.0,0.0,112.5441022,0.0,0.0,0.0,0.0,0.0,112.5441022,0.0,0.0,0.0,0.0,0.0,110.855713,0.0,0.0,0.0,0.0,0.0,99.57696298,0.0,0.0,0.0,0.0,0.0,99.32300301,0.0,0.0,0.0,0.0,0.0
diverse_rec,ml20_lambda0.25,0.25,movielens_sample20of200_lambda0.25,20,4,14,100.9959257,100.9959257,100.9959257,88.65910582,1,3.952779043,solved (0.1 s),solved (0.1 s),0,0,opt,118.3858622,0.0,0.0,0.0,0.0,0.0,120.6647192,0.0,0.0,0.0,0.0,0.0,103.33177284586164,0.0,0.0,0.0,0.0,0.0,103.33177284586164,0.0,0.0,0.0,0.0,0.0,118.3858622,0.0,0.0,0.0,0.0,0.0,118.3858622,0.0,0.0,0.0,0.0,0.0,120.6647192,0.0,0.0,0.0,0.0,0.0,120.6647192,0.0,0.0,0.0,0.0,0.0,118.3858622,0.0,0.0,0.0,0.0,0.0,103.4618208,0.0,0.0,0.0,0.0,0.0,103.3317728,0.0,0.0,0.0,0.0,0.0
diverse_rec,ml20_lambda0.25,0.25,movielens_sample20of200_lambda0.25,20,4,15,106.25601,106.25601,106.25601,89.53567335,1,3.952779043,solved (0.1 s),solved (0.1 s),0,0,opt,125.5414203,0.0,0.0,0.0,0.0,0.0,128.7475654,0.0,0.0,0.0,0.0,0.0,107.40205154646394,0.0,0.0,0.0,0.0,0.0,107.40205154646394,0.0,0.0,0.0,0.0,0.0,125.5414203,0.0,0.0,0.0,0.0,0.0,125.5414203,0.0,0.0,0.0,0.0,0.0,128.7475654,0.0,0.0,0.0,0.0,0.0,128.7475654,0.0,0.0,0.0,0.0,0.0,125.5414203,0.0,0.0,0.0,0.0,0.0,107.4435012,0.0,0.0,0.0,0.0,0.0,107.4020515,0.0,0.0,0.0,0.0,0.0
diverse_rec,ml20_lambda0.25,0.25,movielens_sample20of200_lambda0.25,20,4,16,111.1788411,111.1788411,111.1788411,90.34603078,1,3.952779043,solved (0.1 s),solved (0.1 s),0,0,opt,128.4086337,0.0,0.0,0.0,0.0,0.0,129.324395,0.0,0.0,0.0,0.0,0.0,111.64163427499311,0.0,0.0,0.0,0.0,0.0,111.64163427499311,0.0,0.0,0.0,0.0,0.0,128.4086337,0.0,0.0,0.0,0.0,0.0,128.4086337,0.0,0.0,0.0,0.0,0.0,136.583449,0.0,0.0,0.0,0.0,0.0,129.324395,0.0,0.0,0.0,0.0,0.0,128.4086337,0.0,0.0,0.0,0.0,0.0,111.649986,0.0,0.0,0.0,0.0,0.0,111.6416343,0.0,0.0,0.0,0.0,0.0
diverse_rec,ml20_lambda0.25,0.25,movielens_sample20of200_lambda0.25,20,4,17,115.8189618,115.8189618,115.8189618,90.73166146,1,3.952779043,solved (0.1 s),solved (0.1 s),0,0,opt,128.4086337,0.0,0.0,0.0,0.0,0.0,128.824349,0.0,0.0,0.0,0.0,0.0,115.98172002081485,0.0,0.0,0.0,0.0,0.0,115.98172002081485,0.0,0.0,0.0,0.0,0.0,128.4086337,0.0,0.0,0.0,0.0,0.0,128.4086337,0.0,0.0,0.0,0.0,0.0,144.1295346,0.0,0.0,0.0,0.0,0.0,128.824349,0.0,0.0,0.0,0.0,0.0,128.4086337,0.0,0.0,0.0,0.0,0.0,115.9821606,0.0,0.0,0.0,0.0,0.0,115.98172,0.0,0.0,0.0,0.0,0.0
diverse_rec,ml20_lambda0.25,0.25,movielens_sample20of200_lambda0.25,20,4,18,120.2192126,120.2192126,120.2192126,91.16005688,1,3.952779043,solved (0.1 s),solved (0.1 s),0,0,opt,128.4086337,0.0,0.0,0.0,0.0,0.0,128.497233,0.0,0.0,0.0,0.0,0.0,120.3157180669597,0.0,0.0,0.0,0.0,0.0,120.3157180669597,0.0,0.0,0.0,0.0,0.0,128.4086337,0.0,0.0,0.0,0.0,0.0,128.4086337,0.0,0.0,0.0,0.0,0.0,151.6596839,0.0,0.0,0.0,0.0,0.0,128.497233,0.0,0.0,0.0,0.0,0.0,128.4086337,0.0,0.0,0.0,0.0,0.0,120.3157181,0.0,0.0,0.0,0.0,0.0,120.3157181,0.0,0.0,0.0,0.0,0.0
diverse_rec,ml20_lambda0.25,0.25,movielens_sample20of200_lambda0.25,20,4,19,124.4558547,124.4558547,124.4558547,91.36419832,1,3.952779043,solved (0.1 s),solved (0.1 s),0,0,opt,128.4086337,0.0,0.0,0.0,0.0,0.0,128.4086337,0.0,0.0,0.0,0.0,0.0,124.455854702612,0.0,0.0,0.0,0.0,0.0,124.455854702612,0.0,0.0,0.0,0.0,0.0,128.4086337,0.0,0.0,0.0,0.0,0.0,128.4086337,0.0,0.0,0.0,0.0,0.0,159.0559536,0.0,0.0,0.0,0.0,0.0,128.4086337,0.0,0.0,0.0,0.0,0.0,128.4086337,0.0,0.0,0.0,0.0,0.0,124.4558547,0.0,0.0,0.0,0.0,0.0,124.4558547,0.0,0.0,0.0,0.0,0.0
diverse_rec,ml20_lambda0.25,0.25,movielens_sample20of200_lambda0.25,20,4,20,128.4086337,128.4086337,128.4086337,91.59711629,1,3.952779043,solved (0.1 s),solved (0.1 s),0,0,opt,128.4086337,0.0,0.0,0.0,0.0,0.0,128.4086337,0.0,0.0,0.0,0.0,0.0,128.40863374589026,0.0,0.0,0.0,0.0,0.0,128.40863374589006,0.0,0.0,0.0,0.0,0.0,128.4086337,0.0,0.0,0.0,0.0,0.0,128.4086337,0.0,0.0,0.0,0.0,0.0,166.2115117,0.0,0.0,0.0,0.0,0.0,128.4086337,0.0,0.0,0.0,0.0,0.0,128.4086337,0.0,0.0,0.0,0.0,0.0,128.4086337,0.0,0.0,0.0,0.0,0.0,128.4086337,0.0,0.0,0.0,0.0,0.0
diverse_rec,ml20_lambda0.25,0.25,movielens_sample20of200_lambda0.25,20,5,1,9.160784322,9.160784322,9.160784322,9.160784322,1,3.822265353,solved (0.1 s),solved (0.1 s),0,0,opt,9.160784322,0.0,0.0,0.0,0.0,0.0,9.160784322,0.0,0.0,0.0,0.0,0.0,9.160784321534607,0.0,0.0,0.0,0.0,0.0,9.160784321534607,0.0,0.0,0.0,0.0,0.0,9.160784322,0.0,0.0,0.0,0.0,0.0,9.160784322,0.0,0.0,0.0,0.0,0.0,9.160784322,0.0,0.0,0.0,0.0,0.0,9.160784322,0.0,0.0,0.0,0.0,0.0,9.160784322,0.0,0.0,0.0,0.0,0.0,9.160784322,0.0,0.0,0.0,0.0,0.0,9.160784322,0.0,0.0,0.0,0.0,0.0
diverse_rec,ml20_lambda0.25,0.25,movielens_sample20of200_lambda0.25,20,5,2,17.88432161,17.88432161,17.88432161,17.83271892,1,3.822265353,solved (0.1 s),solved (0.1 s),0,0,opt,18.08988249,0.0,0.0,0.0,0.0,0.0,18.15918354,0.0,0.0,0.0,0.0,0.0,18.142907396885498,0.0,0.0,0.0,0.0,0.0,18.142907396885498,0.0,0.0,0.0,0.0,0.0,18.08988249,0.0,0.0,0.0,0.0,0.0,18.08988249,0.0,0.0,0.0,0.0,0.0,18.15918354,0.0,0.0,0.0,0.0,0.0,18.15918354,0.0,0.0,0.0,0.0,0.0,18.08988249,0.0,0.0,0.0,0.0,0.0,18.1429074,0.0,0.0,0.0,0.0,0.0,18.1429074,0.0,0.0,0.0,0.0,0.0
diverse_rec,ml20_lambda0.25,0.25,movielens_sample20of200_lambda0.25,20,5,3,26.35751761,26.35751761,26.35751761,26.00698766,1,3.822265353,solved (0.1 s),solved (0.1 s),0,0,opt,26.72952569,0.0,0.0,0.0,0.0,0.0,27.08828171,0.0,0.0,0.0,0.0,0.0,26.994213616834404,0.0,0.0,0.0,0.0,0.0,26.994213616834397,0.0,0.0,0.0,0.0,0.0,26.72952569,0.0,0.0,0.0,0.0,0.0,26.72952569,0.0,0.0,0.0,0.0,0.0,27.08828171,0.0,0.0,0.0,0.0,0.0,27.08828171,0.0,0.0,0.0,0.0,0.0,26.72952569,0.0,0.0,0.0,0.0,0.0,26.99421362,0.0,0.0,0.0,0.0,0.0,26.99421362,0.0,0.0,0.0,0.0,0.0
diverse_rec,ml20_lambda0.25,0.25,movielens_sample20of200_lambda0.25,20,5,4,34.32313653,34.32313653,34.32313653,33.78364463,1,3.822265353,solved (0.1 s),solved (0.1 s),0,0,opt,35.25713612,0.0,0.0,0.0,0.0,0.0,35.72792491,0.0,0.0,0.0,0.0,0.0,35.51077426761369,0.0,0.0,0.0,0.0,0.0,35.51077426761369,0.0,0.0,0.0,0.0,0.0,35.25713612,0.0,0.0,0.0,0.0,0.0,35.25713612,0.0,0.0,0.0,0.0,0.0,35.72792491,0.0,0.0,0.0,0.0,0.0,35.72792491,0.0,0.0,0.0,0.0,0.0,35.25713612,0.0,0.0,0.0,0.0,0.0,35.51077427,0.0,0.0,0.0,0.0,0.0,35.51077427,0.0,0.0,0.0,0.0,0.0
diverse_rec,ml20_lambda0.25,0.25,movielens_sample20of200_lambda0.25,20,5,5,41.91855483,41.91855483,41.91855483,41.27880824,1,3.822265353,solved (0.1 s),solved (0.1 s),0,0,opt,43.78297494,0.0,0.0,0.0,0.0,0.0,44.25553534,0.0,0.0,0.0,0.0,0.0,43.9210959708285,0.0,0.0,0.0,0.0,0.0,43.9210959708285,0.0,0.0,0.0,0.0,0.0,43.78297494,0.0,0.0,0.0,0.0,0.0,43.78297494,0.0,0.0,0.0,0.0,0.0,44.25553534,0.0,0.0,0.0,0.0,0.0,44.25553534,0.0,0.0,0.0,0.0,0.0,43.78297494,0.0,0.0,0.0,0.0,0.0,43.92109597,0.0,0.0,0.0,0.0,0.0,43.92109597,0.0,0.0,0.0,0.0,0.0
diverse_rec,ml20_lambda0.25,0.25,movielens_sample20of200_lambda0.25,20,5,6,49.25137864,49.25137864,49.25137864,48.41798054,1,3.822265353,solved (0.1 s),solved (0.1 s),0,0,opt,52.2962871,0.0,0.0,0.0,0.0,0.0,52.78137416,0.0,0.0,0.0,0.0,0.0,52.26934568434067,0.0,0.0,0.0,0.0,0.0,52.26934568434067,0.0,0.0,0.0,0.0,0.0,52.2962871,0.0,0.0,0.0,0.0,0.0,52.2962871,0.0,0.0,0.0,0.0,0.0,52.78137416,0.0,0.0,0.0,0.0,0.0,52.78137416,0.0,0.0,0.0,0.0,0.0,52.2962871,0.0,0.0,0.0,0.0,0.0,52.26934568,0.0,0.0,0.0,0.0,0.0,52.26934568,0.0,0.0,0.0,0.0,0.0
diverse_rec,ml20_lambda0.25,0.25,movielens_sample20of200_lambda0.25,20,5,7,56.32256976,56.32256976,56.32256976,55.2051463,1,3.822265353,solved (0.1 s),solved (0.1 s),0,0,opt,60.69274928,0.0,0.0,0.0,0.0,0.0,61.29468632,0.0,0.0,0.0,0.0,0.0,60.317131822062464,0.0,0.0,0.0,0.0,0.0,60.317131822062464,0.0,0.0,0.0,0.0,0.0,60.69274928,0.0,0.0,0.0,0.0,0.0,60.69274928,0.0,0.0,0.0,0.0,0.0,61.29468632,0.0,0.0,0.0,0.0,0.0,61.29468632,0.0,0.0,0.0,0.0,0.0,60.69274928,0.0,0.0,0.0,0.0,0.0,60.31983953,0.0,0.0,0.0,0.0,0.0,60.31713182,0.0,0.0,0.0,0.0,0.0
diverse_rec,ml20_lambda0.25,0.25,movielens_sample20of200_lambda0.25,20,5,8,63.10614658,63.10614658,63.10614658,61.58200465,1,3.822265353,solved (0.1 s),solved (0.1 s),0,0,opt,68.92755691,0.0,0.0,0.0,0.0,0.0,69.6911485,0.0,0.0,0.0,0.0,0.0,68.03863817379224,0.0,0.0,0.0,0.0,0.0,68.03863817379224,0.0,0.0,0.0,0.0,0.0,68.92755691,0.0,0.0,0.0,0.0,0.0,68.92755691,0.0,0.0,0.0,0.0,0.0,69.6911485,0.0,0.0,0.0,0.0,0.0,69.6911485,0.0,0.0,0.0,0.0,0.0,68.92755691,0.0,0.0,0.0,0.0,0.0,68.040686,0.0,0.0,0.0,0.0,0.0,68.03863817,0.0,0.0,0.0,0.0,0.0
diverse_rec,ml20_lambda0.25,0.25,movielens_sample20of200_lambda0.25,20,5,9,69.68428687,69.68428687,69.68428687,67.63116338,1,3.822265353,solved (0.1 s),solved (0.1 s),0,0,opt,76.99653137,0.0,0.0,0.0,0.0,0.0,77.92595613,0.0,0.0,0.0,0.0,0.0,75.03838763134615,0.0,0.0,0.0,0.0,0.0,75.03838763134615,0.0,0.0,0.0,0.0,0.0,76.99653137,0.0,0.0,0.0,0.0,0.0,76.99653137,0.0,0.0,0.0,0.0,0.0,77.92595613,0.0,0.0,0.0,0.0,0.0,77.92595613,0.0,0.0,0.0,0.0,0.0,76.99653137,0.0,0.0,0.0,0.0,0.0,75.07639968,0.0,0.0,0.0,0.0,0.0,75.03838763,0.0,0.0,0.0,0.0,0.0
diverse_rec,ml20_lambda0.25,0.25,movielens_sample20of200_lambda0.25,20,5,10,75.93090493,75.93090493,75.93090493,73.46348924,1,3.822265353,solved (0.1 s),solved (0.1 s),0,0,opt,84.89994415,0.0,0.0,0.0,0.0,0.0,86.06752531,0.0,0.0,0.0,0.0,0.0,81.38573926556911,0.0,0.0,0.0,0.0,0.0,81.38573926556909,0.0,0.0,0.0,0.0,0.0,84.89994415,0.0,0.0,0.0,0.0,0.0,84.89994415,0.0,0.0,0.0,0.0,0.0,86.06752531,0.0,0.0,0.0,0.0,0.0,86.06752531,0.0,0.0,0.0,0.0,0.0,84.89994415,0.0,0.0,0.0,0.0,0.0,81.43179081,0.0,0.0,0.0,0.0,0.0,81.38573927,0.0,0.0,0.0,0.0,0.0
diverse_rec,ml20_lambda0.25,0.25,movielens_sample20of200_lambda0.25,20,5,11,81.86314649,81.86314649,81.86314649,78.41522257,1,3.822265353,solved (0.1 s),solved (0.1 s),0,0,opt,92.50881023,0.0,0.0,0.0,0.0,0.0,94.13649977,0.0,0.0,0.0,0.0,0.0,87.05614429798383,0.0,0.0,0.0,0.0,0.0,87.05614429798386,0.0,0.0,0.0,0.0,0.0,92.50881023,0.0,0.0,0.0,0.0,0.0,92.50881023,0.0,0.0,0.0,0.0,0.0,94.13649977,0.0,0.0,0.0,0.0,0.0,94.13649977,0.0,0.0,0.0,0.0,0.0,92.50881023,0.0,0.0,0.0,0.0,0.0,87.20030682,0.0,0.0,0.0,0.0,0.0,87.0561443,0.0,0.0,0.0,0.0,0.0
diverse_rec,ml20_lambda0.25,0.25,movielens_sample20of200_lambda0.25,20,5,12,87.51796625,87.51796625,87.51796625,81.78622041,1,3.822265353,solved (0.1 s),solved (0.1 s),0,0,opt,99.99259107,0.0,0.0,0.0,0.0,0.0,102.0399125,0.0,0.0,0.0,0.0,0.0,91.59900069672197,0.0,0.0,0.0,0.0,0.0,91.59900069672197,0.0,0.0,0.0,0.0,0.0,99.99259107,0.0,0.0,0.0,0.0,0.0,99.99259107,0.0,0.0,0.0,0.0,0.0,102.0399125,0.0,0.0,0.0,0.0,0.0,102.0399125,0.0,0.0,0.0,0.0,0.0,99.99259107,0.0,0.0,0.0,0.0,0.0,91.8882912,0.0,0.0,0.0,0.0,0.0,91.5990007,0.0,0.0,0.0,0.0,0.0
diverse_rec,ml20_lambda0.25,0.25,movielens_sample20of200_lambda0.25,20,5,13,92.86911563,92.86911563,92.86911563,84.1664913,1,3.822265353,solved (0.1 s),solved (0.1 s),0,0,opt,107.3479469,0.0,0.0,0.0,0.0,0.0,109.6487786,0.0,0.0,0.0,0.0,0.0,95.8660327165173,0.0,0.0,0.0,0.0,0.0,95.8660327165173,0.0,0.0,0.0,0.0,0.0,107.3479469,0.0,0.0,0.0,0.0,0.0,107.3479469,0.0,0.0,0.0,0.0,0.0,109.6487786,0.0,0.0,0.0,0.0,0.0,109.6487786,0.0,0.0,0.0,0.0,0.0,107.3479469,0.0,0.0,0.0,0.0,0.0,96.07007709,0.0,0.0,0.0,0.0,0.0,95.86603272,0.0,0.0,0.0,0.0,0.0
diverse_rec,ml20_lambda0.25,0.25,movielens_sample20of200_lambda0.25,20,5,14,97.97689077,97.97689077,97.97689077,85.52140473,1,3.822265353,solved (0.1 s),solved (0.1 s),0,0,opt,114.5863275,0.0,0.0,0.0,0.0,0.0,117.1820419,0.0,0.0,0.0,0.0,0.0,100.03240576670446,0.0,0.0,0.0,0.0,0.0,100.03240576670447,0.0,0.0,0.0,0.0,0.0,114.5863275,0.0,0.0,0.0,0.0,0.0,114.5863275,0.0,0.0,0.0,0.0,0.0,117.1820419,0.0,0.0,0.0,0.0,0.0,117.1820419,0.0,0.0,0.0,0.0,0.0,114.5863275,0.0,0.0,0.0,0.0,0.0,100.1345882,0.0,0.0,0.0,0.0,0.0,100.0324058,0.0,0.0,0.0,0.0,0.0
diverse_rec,ml20_lambda0.25,0.25,movielens_sample20of200_lambda0.25,20,5,15,102.8741437,102.8741437,102.8741437,86.75622524,1,3.822265353,solved (0.1 s),solved (0.1 s),0,0,opt,121.4808582,0.0,0.0,0.0,0.0,0.0,124.6658227,0.0,0.0,0.0,0.0,0.0,104.195788239737,0.0,0.0,0.0,0.0,0.0,104.19578823973698,0.0,0.0,0.0,0.0,0.0,121.4808582,0.0,0.0,0.0,0.0,0.0,121.4808582,0.0,0.0,0.0,0.0,0.0,124.6658227,0.0,0.0,0.0,0.0,0.0,124.6658227,0.0,0.0,0.0,0.0,0.0,121.4808582,0.0,0.0,0.0,0.0,0.0,104.2410515,0.0,0.0,0.0,0.0,0.0,104.1957882,0.0,0.0,0.0,0.0,0.0
diverse_rec,ml20_lambda0.25,0.25,movielens_sample20of200_lambda0.25,20,5,16,107.5481546,107.5481546,107.5481546,87.45082951,1,3.822265353,solved (0.1 s),solved (0.1 s),0,0,opt,124.1349735,0.0,0.0,0.0,0.0,0.0,124.9757328,0.0,0.0,0.0,0.0,0.0,108.30295004969501,0.0,0.0,0.0,0.0,0.0,108.30295004969501,0.0,0.0,0.0,0.0,0.0,124.1349735,0.0,0.0,0.0,0.0,0.0,124.1349735,0.0,0.0,0.0,0.0,0.0,132.0211786,0.0,0.0,0.0,0.0,0.0,124.9757328,0.0,0.0,0.0,0.0,0.0,124.1349735,0.0,0.0,0.0,0.0,0.0,108.3116932,0.0,0.0,0.0,0.0,0.0,108.30295,0.0,0.0,0.0,0.0,0.0
diverse_rec,ml20_lambda0.25,0.25,movielens_sample20of200_lambda0.25,20,5,17,112.020246,112.020246,112.020246,87.95757483,1,3.822265353,solved (0.1 s),solved (0.1 s),0,0,opt,124.1349735,0.0,0.0,0.0,0.0,0.0,124.5226694,0.0,0.0,0.0,0.0,0.0,112.31278585794199,0.0,0.0,0.0,0.0,0.0,112.31278585794199,0.0,0.0,0.0,0.0,0.0,124.1349735,0.0,0.0,0.0,0.0,0.0,124.1349735,0.0,0.0,0.0,0.0,0.0,139.3092348,0.0,0.0,0.0,0.0,0.0,124.5226694,0.0,0.0,0.0,0.0,0.0,124.1349735,0.0,0.0,0.0,0.0,0.0,112.3136459,0.0,0.0,0.0,0.0,0.0,112.3127859,0.0,0.0,0.0,0.0,0.0
diverse_rec,ml20_lambda0.25,0.25,movielens_sample20of200_lambda0.25,20,5,18,116.2845731,116.2845731,116.2845731,88.64396738,1,3.822265353,solved (0.1 s),solved (0.1 s),0,0,opt,124.1349735,0.0,0.0,0.0,0.0,0.0,124.2525326,0.0,0.0,0.0,0.0,0.0,116.30165058939401,0.0,0.0,0.0,0.0,0.0,116.30165058939403,0.0,0.0,0.0,0.0,0.0,124.134973482,0.0,0.0,0.0,0.0,0.0,124.1349735,0.0,0.0,0.0,0.0,0.0,146.5476154,0.0,0.0,0.0,0.0,0.0,124.2525326,0.0,0.0,0.0,0.0,0.0,124.1349735,0.0,0.0,0.0,0.0,0.0,116.3016506,0.0,0.0,0.0,0.0,0.0,116.3016506,0.0,0.0,0.0,0.0,0.0
diverse_rec,ml20_lambda0.25,0.25,movielens_sample20of200_lambda0.25,20,5,19,120.3127082,120.3127082,120.3127082,88.48602038,1,3.822265353,solved (0.1 s),solved (0.1 s),0,0,opt,124.1349735,0.0,0.0,0.0,0.0,0.0,124.1349735,0.0,0.0,0.0,0.0,0.0,120.3127081757342,0.0,0.0,0.0,0.0,0.0,120.31270817573422,0.0,0.0,0.0,0.0,0.0,124.134973482,0.0,0.0,0.0,0.0,0.0,124.1349735,0.0,0.0,0.0,0.0,0.0,153.6187673,0.0,0.0,0.0,0.0,0.0,124.1349735,0.0,0.0,0.0,0.0,0.0,124.1349735,0.0,0.0,0.0,0.0,0.0,120.3127082,0.0,0.0,0.0,0.0,0.0,120.3127082,0.0,0.0,0.0,0.0,0.0
diverse_rec,ml20_lambda0.25,0.25,movielens_sample20of200_lambda0.25,20,5,20,124.1349735,124.1349735,124.1349735,88.86707793,1,3.822265353,solved (0.1 s),solved (0.1 s),0,0,opt,124.1349735,0.0,0.0,0.0,0.0,0.0,124.1349735,0.0,0.0,0.0,0.0,0.0,124.13497352836299,0.0,0.0,0.0,0.0,0.0,124.13497352836299,0.0,0.0,0.0,0.0,0.0,124.134973482,0.0,0.0,0.0,0.0,0.0,124.1349735,0.0,0.0,0.0,0.0,0.0,160.513298,0.0,0.0,0.0,0.0,0.0,124.1349735,0.0,0.0,0.0,0.0,0.0,124.1349735,0.0,0.0,0.0,0.0,0.0,124.1349735,0.0,0.0,0.0,0.0,0.0,124.1349735,0.0,0.0,0.0,0.0,0.0
diverse_rec,ml20_lambda0.25,0.25,movielens_sample20of200_lambda0.25,20,6,1,9.41981541,9.41981541,9.41981541,9.41981541,1,3.781661164,solved (0.1 s),solved (0.1 s),0,0,opt,9.41981541,0.0,0.0,0.0,0.0,0.0,9.41981541,0.0,0.0,0.0,0.0,0.0,9.419815410033657,0.0,0.0,0.0,0.0,0.0,9.419815410033657,0.0,0.0,0.0,0.0,0.0,9.41981541,0.0,0.0,0.0,0.0,0.0,9.41981541,0.0,0.0,0.0,0.0,0.0,9.41981541,0.0,0.0,0.0,0.0,0.0,9.41981541,0.0,0.0,0.0,0.0,0.0,9.41981541,0.0,0.0,0.0,0.0,0.0,9.41981541,0.0,0.0,0.0,0.0,0.0,9.41981541,0.0,0.0,0.0,0.0,0.0
diverse_rec,ml20_lambda0.25,0.25,movielens_sample20of200_lambda0.25,20,6,2,18.11613841,18.11613841,18.11613841,17.98368401,1,3.781661164,solved (0.1 s),solved (0.1 s),0,0,opt,18.34505399,0.0,0.0,0.0,0.0,0.0,18.37882394,0.0,0.0,0.0,0.0,0.0,18.34674856758033,0.0,0.0,0.0,0.0,0.0,18.346748567580335,0.0,0.0,0.0,0.0,0.0,18.34505399,0.0,0.0,0.0,0.0,0.0,18.34505399,0.0,0.0,0.0,0.0,0.0,18.37882394,0.0,0.0,0.0,0.0,0.0,18.37882394,0.0,0.0,0.0,0.0,0.0,18.34505399,0.0,0.0,0.0,0.0,0.0,18.34674857,0.0,0.0,0.0,0.0,0.0,18.34674857,0.0,0.0,0.0,0.0,0.0
diverse_rec,ml20_lambda0.25,0.25,movielens_sample20of200_lambda0.25,20,6,3,26.51677492,26.51677492,26.51677492,26.14789885,1,3.781661164,solved (0.1 s),solved (0.1 s),0,0,opt,27.04365605,0.0,0.0,0.0,0.0,0.0,27.30406252,0.0,0.0,0.0,0.0,0.0,27.185663629390074,0.0,0.0,0.0,0.0,0.0,27.18566362939008,0.0,0.0,0.0,0.0,0.0,27.04365605,0.0,0.0,0.0,0.0,0.0,27.04365605,0.0,0.0,0.0,0.0,0.0,27.30406252,0.0,0.0,0.0,0.0,0.0,27.30406252,0.0,0.0,0.0,0.0,0.0,27.04365605,0.0,0.0,0.0,0.0,0.0,27.18566363,0.0,0.0,0.0,0.0,0.0,27.18566363,0.0,0.0,0.0,0.0,0.0
diverse_rec,ml20_lambda0.25,0.25,movielens_sample20of200_lambda0.25,20,6,4,34.46895425,34.46895425,34.46895425,33.99580502,1,3.781661164,solved (0.1 s),solved (0.1 s),0,0,opt,35.65518494,0.0,0.0,0.0,0.0,0.0,36.00266459,0.0,0.0,0.0,0.0,0.0,35.75789156630499,0.0,0.0,0.0,0.0,0.0,35.75789156630499,0.0,0.0,0.0,0.0,0.0,35.65518494,0.0,0.0,0.0,0.0,0.0,35.65518494,0.0,0.0,0.0,0.0,0.0,36.00266459,0.0,0.0,0.0,0.0,0.0,36.00266459,0.0,0.0,0.0,0.0,0.0,35.65518494,0.0,0.0,0.0,0.0,0.0,35.75789157,0.0,0.0,0.0,0.0,0.0,35.75789157,0.0,0.0,0.0,0.0,0.0
diverse_rec,ml20_lambda0.25,0.25,movielens_sample20of200_lambda0.25,20,6,5,42.10035653,42.10035653,42.10035653,41.56825427,1,3.781661164,solved (0.1 s),solved (0.1 s),0,0,opt,44.25334422,0.0,0.0,0.0,0.0,0.0,44.61419347,0.0,0.0,0.0,0.0,0.0,44.24981574411391,0.0,0.0,0.0,0.0,0.0,44.24981574411392,0.0,0.0,0.0,0.0,0.0,44.25334422,0.0,0.0,0.0,0.0,0.0,44.25334422,0.0,0.0,0.0,0.0,0.0,44.61419347,0.0,0.0,0.0,0.0,0.0,44.61419347,0.0,0.0,0.0,0.0,0.0,44.25334422,0.0,0.0,0.0,0.0,0.0,44.24981574,0.0,0.0,0.0,0.0,0.0,44.24981574,0.0,0.0,0.0,0.0,0.0
diverse_rec,ml20_lambda0.25,0.25,movielens_sample20of200_lambda0.25,20,6,6,49.48837324,49.48837324,49.48837324,48.78867859,1,3.781661164,solved (0.1 s),solved (0.1 s),0,0,opt,52.80272268,0.0,0.0,0.0,0.0,0.0,53.21235275,0.0,0.0,0.0,0.0,0.0,52.64172376490043,0.0,0.0,0.0,0.0,0.0,52.64172376490043,0.0,0.0,0.0,0.0,0.0,52.80272268,0.0,0.0,0.0,0.0,0.0,52.80272268,0.0,0.0,0.0,0.0,0.0,53.21235275,0.0,0.0,0.0,0.0,0.0,53.21235275,0.0,0.0,0.0,0.0,0.0,52.80272268,0.0,0.0,0.0,0.0,0.0,52.64172376,0.0,0.0,0.0,0.0,0.0,52.64172376,0.0,0.0,0.0,0.0,0.0
diverse_rec,ml20_lambda0.25,0.25,movielens_sample20of200_lambda0.25,20,6,7,56.5978339,56.5978339,56.5978339,55.62370307,1,3.781661164,solved (0.1 s),solved (0.1 s),0,0,opt,61.28280748,0.0,0.0,0.0,0.0,0.0,61.76173122,0.0,0.0,0.0,0.0,0.0,60.92516418616707,0.0,0.0,0.0,0.0,0.0,60.92516418616707,0.0,0.0,0.0,0.0,0.0,61.28280748,0.0,0.0,0.0,0.0,0.0,61.28280748,0.0,0.0,0.0,0.0,0.0,61.76173122,0.0,0.0,0.0,0.0,0.0,61.76173122,0.0,0.0,0.0,0.0,0.0,61.28280748,0.0,0.0,0.0,0.0,0.0,60.93599577,0.0,0.0,0.0,0.0,0.0,60.92516419,0.0,0.0,0.0,0.0,0.0
diverse_rec,ml20_lambda0.25,0.25,movielens_sample20of200_lambda0.25,20,6,8,63.46357374,63.46357374,63.46357374,62.0434977,1,3.781661164,solved (0.1 s),solved (0.1 s),0,0,opt,69.76208563,0.0,0.0,0.0,0.0,0.0,70.24181602,0.0,0.0,0.0,0.0,0.0,68.56948753478662,0.0,0.0,0.0,0.0,0.0,68.56948753478663,0.0,0.0,0.0,0.0,0.0,69.76208563,0.0,0.0,0.0,0.0,0.0,69.76208563,0.0,0.0,0.0,0.0,0.0,70.24181602,0.0,0.0,0.0,0.0,0.0,70.24181602,0.0,0.0,0.0,0.0,0.0,69.76208563,0.0,0.0,0.0,0.0,0.0,68.56984743,0.0,0.0,0.0,0.0,0.0,68.56948753,0.0,0.0,0.0,0.0,0.0
diverse_rec,ml20_lambda0.25,0.25,movielens_sample20of200_lambda0.25,20,6,9,70.08821048,70.08821048,70.08821048,68.16296378,1,3.781661164,solved (0.1 s),solved (0.1 s),0,0,opt,77.84162408,0.0,0.0,0.0,0.0,0.0,78.72109417,0.0,0.0,0.0,0.0,0.0,75.67638549383977,0.0,0.0,0.0,0.0,0.0,75.67638549383977,0.0,0.0,0.0,0.0,0.0,77.84162408,0.0,0.0,0.0,0.0,0.0,77.84162408,0.0,0.0,0.0,0.0,0.0,78.72109417,0.0,0.0,0.0,0.0,0.0,78.72109417,0.0,0.0,0.0,0.0,0.0,77.84162408,0.0,0.0,0.0,0.0,0.0,75.71711585,0.0,0.0,0.0,0.0,0.0,75.67638549,0.0,0.0,0.0,0.0,0.0
diverse_rec,ml20_lambda0.25,0.25,movielens_sample20of200_lambda0.25,20,6,10,76.38623891,76.38623891,76.38623891,74.02114204,1,3.781661164,solved (0.1 s),solved (0.1 s),0,0,opt,85.89398845,0.0,0.0,0.0,0.0,0.0,86.88173831,0.0,0.0,0.0,0.0,0.0,82.07896824654556,0.0,0.0,0.0,0.0,0.0,82.07896824654556,0.0,0.0,0.0,0.0,0.0,85.89398845,0.0,0.0,0.0,0.0,0.0,85.89398845,0.0,0.0,0.0,0.0,0.0,86.88173831,0.0,0.0,0.0,0.0,0.0,86.88173831,0.0,0.0,0.0,0.0,0.0,85.89398845,0.0,0.0,0.0,0.0,0.0,82.13803159,0.0,0.0,0.0,0.0,0.0,82.07896825,0.0,0.0,0.0,0.0,0.0
diverse_rec,ml20_lambda0.25,0.25,movielens_sample20of200_lambda0.25,20,6,11,82.38746445,82.38746445,82.38746445,78.96666557,1,3.781661164,solved (0.1 s),solved (0.1 s),0,0,opt,93.57832776,0.0,0.0,0.0,0.0,0.0,94.96127676,0.0,0.0,0.0,0.0,0.0,87.62341195170855,0.0,0.0,0.0,0.0,0.0,87.62341195170852,0.0,0.0,0.0,0.0,0.0,93.57832776,0.0,0.0,0.0,0.0,0.0,93.57832776,0.0,0.0,0.0,0.0,0.0,94.96127676,0.0,0.0,0.0,0.0,0.0,94.96127676,0.0,0.0,0.0,0.0,0.0,93.57832776,0.0,0.0,0.0,0.0,0.0,87.81328598,0.0,0.0,0.0,0.0,0.0,87.62341195,0.0,0.0,0.0,0.0,0.0
diverse_rec,ml20_lambda0.25,0.25,movielens_sample20of200_lambda0.25,20,6,12,88.15608525,88.15608525,88.15608525,82.17374352,1,3.781661164,solved (0.1 s),solved (0.1 s),0,0,opt,101.0264204,0.0,0.0,0.0,0.0,0.0,103.0136411,0.0,0.0,0.0,0.0,0.0,92.11221019676682,0.0,0.0,0.0,0.0,0.0,92.11221019676682,0.0,0.0,0.0,0.0,0.0,101.0264204,0.0,0.0,0.0,0.0,0.0,101.0264204,0.0,0.0,0.0,0.0,0.0,103.0136411,0.0,0.0,0.0,0.0,0.0,103.0136411,0.0,0.0,0.0,0.0,0.0,101.0264204,0.0,0.0,0.0,0.0,0.0,92.35664932,0.0,0.0,0.0,0.0,0.0,92.1122102,0.0,0.0,0.0,0.0,0.0
diverse_rec,ml20_lambda0.25,0.25,movielens_sample20of200_lambda0.25,20,6,13,93.46945801,93.46945801,93.46945801,84.56849651,1,3.781661164,solved (0.1 s),solved (0.1 s),0,0,opt,108.3060754,0.0,0.0,0.0,0.0,0.0,110.7369724,0.0,0.0,0.0,0.0,0.0,96.4309307764945,0.0,0.0,0.0,0.0,0.0,96.4309307764945,0.0,0.0,0.0,0.0,0.0,108.3060754,0.0,0.0,0.0,0.0,0.0,108.3060754,0.0,0.0,0.0,0.0,0.0,110.7369724,0.0,0.0,0.0,0.0,0.0,110.7369724,0.0,0.0,0.0,0.0,0.0,108.3060754,0.0,0.0,0.0,0.0,0.0,96.63347218,0.0,0.0,0.0,0.0,0.0,96.43093078,0.0,0.0,0.0,0.0,0.0
diverse_rec,ml20_lambda0.25,0.25,movielens_sample20of200_lambda0.25,20,6,14,98.61539185,98.61539185,98.61539185,86.1818882,1,3.781661164,solved (0.1 s),solved (0.1 s),0,0,opt,115.4332076,0.0,0.0,0.0,0.0,0.0,118.4213117,0.0,0.0,0.0,0.0,0.0,100.61841190488107,0.0,0.0,0.0,0.0,0.0,100.61841190488107,0.0,0.0,0.0,0.0,0.0,115.4332076,0.0,0.0,0.0,0.0,0.0,115.4332076,0.0,0.0,0.0,0.0,0.0,118.4213117,0.0,0.0,0.0,0.0,0.0,118.4213117,0.0,0.0,0.0,0.0,0.0,115.4332076,0.0,0.0,0.0,0.0,0.0,100.726195,0.0,0.0,0.0,0.0,0.0,100.6184119,0.0,0.0,0.0,0.0,0.0
diverse_rec,ml20_lambda0.25,0.25,movielens_sample20of200_lambda0.25,20,6,15,103.5416769,103.5416769,103.5416769,86.96906953,1,3.781661164,solved (0.1 s),solved (0.1 s),0,0,opt,122.2465299,0.0,0.0,0.0,0.0,0.0,125.8694044,0.0,0.0,0.0,0.0,0.0,104.87085567477311,0.0,0.0,0.0,0.0,0.0,104.87085567477311,0.0,0.0,0.0,0.0,0.0,122.2465299,0.0,0.0,0.0,0.0,0.0,122.2465299,0.0,0.0,0.0,0.0,0.0,125.8694044,0.0,0.0,0.0,0.0,0.0,125.8694044,0.0,0.0,0.0,0.0,0.0,122.2465299,0.0,0.0,0.0,0.0,0.0,104.9091855,0.0,0.0,0.0,0.0,0.0,104.8708557,0.0,0.0,0.0,0.0,0.0
diverse_rec,ml20_lambda0.25,0.25,movielens_sample20of200_lambda0.25,20,6,16,108.2988488,108.2988488,108.2988488,87.8148558,1,3.781661164,solved (0.1 s),solved (0.1 s),0,0,opt,124.8372815,0.0,0.0,0.0,0.0,0.0,125.7798788,0.0,0.0,0.0,0.0,0.0,108.97571237701418,0.0,0.0,0.0,0.0,0.0,108.97571237701418,0.0,0.0,0.0,0.0,0.0,124.83728148,0.0,0.0,0.0,0.0,0.0,124.8372815,0.0,0.0,0.0,0.0,0.0,133.2580379,0.0,0.0,0.0,0.0,0.0,125.7798788,0.0,0.0,0.0,0.0,0.0,124.8372815,0.0,0.0,0.0,0.0,0.0,108.9883969,0.0,0.0,0.0,0.0,0.0,108.9757124,0.0,0.0,0.0,0.0,0.0
diverse_rec,ml20_lambda0.25,0.25,movielens_sample20of200_lambda0.25,20,6,17,112.7642309,112.7642309,112.7642309,88.56468614,1,3.781661164,solved (0.1 s),solved (0.1 s),0,0,opt,124.8372815,0.0,0.0,0.0,0.0,0.0,125.2530628,0.0,0.0,0.0,0.0,0.0,113.06805335039563,0.0,0.0,0.0,0.0,0.0,113.06805335039563,0.0,0.0,0.0,0.0,0.0,124.83728148,0.0,0.0,0.0,0.0,0.0,124.8372815,0.0,0.0,0.0,0.0,0.0,140.537693,0.0,0.0,0.0,0.0,0.0,125.2530628,0.0,0.0,0.0,0.0,0.0,124.8372815,0.0,0.0,0.0,0.0,0.0,113.0681194,0.0,0.0,0.0,0.0,0.0,113.0680534,0.0,0.0,0.0,0.0,0.0
diverse_rec,ml20_lambda0.25,0.25,movielens_sample20of200_lambda0.25,20,6,18,117.0583769,117.0583769,117.0583769,88.20578674,1,3.781661164,solved (0.1 s),solved (0.1 s),0,0,opt,124.8372815,0.0,0.0,0.0,0.0,0.0,124.9737443,0.0,0.0,0.0,0.0,0.0,117.0926909526047,0.0,0.0,0.0,0.0,0.0,117.0926909526047,0.0,0.0,0.0,0.0,0.0,124.837281478,0.0,0.0,0.0,0.0,0.0,124.8372815,0.0,0.0,0.0,0.0,0.0,147.6648252,0.0,0.0,0.0,0.0,0.0,124.9737443,0.0,0.0,0.0,0.0,0.0,124.8372815,0.0,0.0,0.0,0.0,0.0,117.092691,0.0,0.0,0.0,0.0,0.0,117.092691,0.0,0.0,0.0,0.0,0.0
diverse_rec,ml20_lambda0.25,0.25,movielens_sample20of200_lambda0.25,20,6,19,121.0556204,121.0556204,121.0556204,88.76944691,1,3.781661164,solved (0.1 s),solved (0.1 s),0,0,opt,124.8372815,0.0,0.0,0.0,0.0,0.0,124.8372815,0.0,0.0,0.0,0.0,0.0,121.05562035651549,0.0,0.0,0.0,0.0,0.0,121.05562035651549,0.0,0.0,0.0,0.0,0.0,124.837281478,0.0,0.0,0.0,0.0,0.0,124.8372815,0.0,0.0,0.0,0.0,0.0,154.6363864,0.0,0.0,0.0,0.0,0.0,124.8372815,0.0,0.0,0.0,0.0,0.0,124.8372815,0.0,0.0,0.0,0.0,0.0,121.0556204,0.0,0.0,0.0,0.0,0.0,121.0556204,0.0,0.0,0.0,0.0,0.0
diverse_rec,ml20_lambda0.25,0.25,movielens_sample20of200_lambda0.25,20,6,20,124.8372815,124.8372815,124.8372815,88.90203343,1,3.781661164,solved (0.1 s),solved (0.1 s),0,0,opt,124.8372815,0.0,0.0,0.0,0.0,0.0,124.8372815,0.0,0.0,0.0,0.0,0.0,124.83728152067019,0.0,0.0,0.0,0.0,0.0,124.83728152067019,0.0,0.0,0.0,0.0,0.0,124.837281478,0.0,0.0,0.0,0.0,0.0,124.8372815,0.0,0.0,0.0,0.0,0.0,161.4497087,0.0,0.0,0.0,0.0,0.0,124.8372815,0.0,0.0,0.0,0.0,0.0,124.8372815,0.0,0.0,0.0,0.0,0.0,124.8372815,0.0,0.0,0.0,0.0,0.0,124.8372815,0.0,0.0,0.0,0.0,0.0
diverse_rec,ml20_lambda0.25,0.25,movielens_sample20of200_lambda0.25,20,7,1,9.754139193,9.754139193,9.754139193,9.754139193,1,3.681776242,solved (0.1 s),solved (0.1 s),0,0,opt,9.754139193,0.0,0.0,0.0,0.0,0.0,9.754139193,0.0,0.0,0.0,0.0,0.0,9.75413919308804,0.0,0.0,0.0,0.0,0.0,9.75413919308804,0.0,0.0,0.0,0.0,0.0,9.754139193,0.0,0.0,0.0,0.0,0.0,9.754139193,0.0,0.0,0.0,0.0,0.0,9.754139193,0.0,0.0,0.0,0.0,0.0,9.754139193,0.0,0.0,0.0,0.0,0.0,9.754139193,0.0,0.0,0.0,0.0,0.0,9.754139193,0.0,0.0,0.0,0.0,0.0,9.754139193,0.0,0.0,0.0,0.0,0.0
diverse_rec,ml20_lambda0.25,0.25,movielens_sample20of200_lambda0.25,20,7,2,19.14028024,19.14028024,19.14028024,19.06018632,1,3.681776242,solved (0.1 s),solved (0.1 s),0,0,opt,19.22668025,0.0,0.0,0.0,0.0,0.0,19.4960793,0.0,0.0,0.0,0.0,0.0,19.471214065118986,0.0,0.0,0.0,0.0,0.0,19.471214065118986,0.0,0.0,0.0,0.0,0.0,19.22668025,0.0,0.0,0.0,0.0,0.0,19.22668025,0.0,0.0,0.0,0.0,0.0,19.4960793,0.0,0.0,0.0,0.0,0.0,19.4960793,0.0,0.0,0.0,0.0,0.0,19.22668025,0.0,0.0,0.0,0.0,0.0,19.47121407,0.0,0.0,0.0,0.0,0.0,19.47121407,0.0,0.0,0.0,0.0,0.0
diverse_rec,ml20_lambda0.25,0.25,movielens_sample20of200_lambda0.25,20,7,3,28.13039643,28.13039643,28.13039643,27.86320315,1,3.681776242,solved (0.1 s),solved (0.1 s),0,0,opt,28.66983595,0.0,0.0,0.0,0.0,0.0,28.96862035,0.0,0.0,0.0,0.0,0.0,28.90225152377949,0.0,0.0,0.0,0.0,0.0,28.902251523779487,0.0,0.0,0.0,0.0,0.0,28.66983595,0.0,0.0,0.0,0.0,0.0,28.66983595,0.0,0.0,0.0,0.0,0.0,28.96862035,0.0,0.0,0.0,0.0,0.0,28.96862035,0.0,0.0,0.0,0.0,0.0,28.66983595,0.0,0.0,0.0,0.0,0.0,28.90225152,0.0,0.0,0.0,0.0,0.0,28.90225152,0.0,0.0,0.0,0.0,0.0
diverse_rec,ml20_lambda0.25,0.25,movielens_sample20of200_lambda0.25,20,7,4,36.70969765,36.70969765,36.70969765,36.1065778,1,3.681776242,solved (0.1 s),solved (0.1 s),0,0,opt,37.81383676,0.0,0.0,0.0,0.0,0.0,38.41177606,0.0,0.0,0.0,0.0,0.0,38.15703315570517,0.0,0.0,0.0,0.0,0.0,38.15703315570517,0.0,0.0,0.0,0.0,0.0,37.81383676,0.0,0.0,0.0,0.0,0.0,37.81383676,0.0,0.0,0.0,0.0,0.0,38.41177606,0.0,0.0,0.0,0.0,0.0,38.41177606,0.0,0.0,0.0,0.0,0.0,37.81383676,0.0,0.0,0.0,0.0,0.0,38.15703316,0.0,0.0,0.0,0.0,0.0,38.15703316,0.0,0.0,0.0,0.0,0.0
diverse_rec,ml20_lambda0.25,0.25,movielens_sample20of200_lambda0.25,20,7,5,44.91981371,44.91981371,44.91981371,43.93692798,1,3.681776242,solved (0.1 s),solved (0.1 s),0,0,opt,46.86941847,0.0,0.0,0.0,0.0,0.0,47.55577686,0.0,0.0,0.0,0.0,0.0,47.08990826663022,0.0,0.0,0.0,0.0,0.0,47.08990826663022,0.0,0.0,0.0,0.0,0.0,46.86941847,0.0,0.0,0.0,0.0,0.0,46.86941847,0.0,0.0,0.0,0.0,0.0,47.55577686,0.0,0.0,0.0,0.0,0.0,47.55577686,0.0,0.0,0.0,0.0,0.0,46.86941847,0.0,0.0,0.0,0.0,0.0,47.08990827,0.0,0.0,0.0,0.0,0.0,47.08990827,0.0,0.0,0.0,0.0,0.0
diverse_rec,ml20_lambda0.25,0.25,movielens_sample20of200_lambda0.25,20,7,6,52.64200846,52.64200846,52.64200846,51.40119488,1,3.681776242,solved (0.1 s),solved (0.1 s),0,0,opt,55.6743834,0.0,0.0,0.0,0.0,0.0,56.61135858,0.0,0.0,0.0,0.0,0.0,55.65116041803978,0.0,0.0,0.0,0.0,0.0,55.65116041803978,0.0,0.0,0.0,0.0,0.0,55.6743834,0.0,0.0,0.0,0.0,0.0,55.6743834,0.0,0.0,0.0,0.0,0.0,56.61135858,0.0,0.0,0.0,0.0,0.0,56.61135858,0.0,0.0,0.0,0.0,0.0,55.6743834,0.0,0.0,0.0,0.0,0.0,55.65116042,0.0,0.0,0.0,0.0,0.0,55.65116042,0.0,0.0,0.0,0.0,0.0
diverse_rec,ml20_lambda0.25,0.25,movielens_sample20of200_lambda0.25,20,7,7,60.03018613,60.03018613,60.03018613,58.58603088,1,3.681776242,solved (0.1 s),solved (0.1 s),0,0,opt,64.4533514,0.0,0.0,0.0,0.0,0.0,65.4163235,0.0,0.0,0.0,0.0,0.0,63.907692798051784,0.0,0.0,0.0,0.0,0.0,63.90769279805178,0.0,0.0,0.0,0.0,0.0,64.4533514,0.0,0.0,0.0,0.0,0.0,64.4533514,0.0,0.0,0.0,0.0,0.0,65.4163235,0.0,0.0,0.0,0.0,0.0,65.4163235,0.0,0.0,0.0,0.0,0.0,64.4533514,0.0,0.0,0.0,0.0,0.0,63.90805027,0.0,0.0,0.0,0.0,0.0,63.9076928,0.0,0.0,0.0,0.0,0.0
diverse_rec,ml20_lambda0.25,0.25,movielens_sample20of200_lambda0.25,20,7,8,67.12019998,67.12019998,67.12019998,65.39588163,1,3.681776242,solved (0.1 s),solved (0.1 s),0,0,opt,73.00052024,0.0,0.0,0.0,0.0,0.0,74.1952915,0.0,0.0,0.0,0.0,0.0,71.9215922695294,0.0,0.0,0.0,0.0,0.0,71.9215922695294,0.0,0.0,0.0,0.0,0.0,73.00052024,0.0,0.0,0.0,0.0,0.0,73.00052024,0.0,0.0,0.0,0.0,0.0,74.1952915,0.0,0.0,0.0,0.0,0.0,74.1952915,0.0,0.0,0.0,0.0,0.0,73.00052024,0.0,0.0,0.0,0.0,0.0,71.92191673,0.0,0.0,0.0,0.0,0.0,71.92159227,0.0,0.0,0.0,0.0,0.0
diverse_rec,ml20_lambda0.25,0.25,movielens_sample20of200_lambda0.25,20,7,9,73.88655118,73.88655118,73.88655118,71.99327781,1,3.681776242,solved (0.1 s),solved (0.1 s),0,0,opt,81.49279288,0.0,0.0,0.0,0.0,0.0,82.74246035,0.0,0.0,0.0,0.0,0.0,79.79744328948414,0.0,0.0,0.0,0.0,0.0,79.79744328948414,0.0,0.0,0.0,0.0,0.0,81.49279288,0.0,0.0,0.0,0.0,0.0,81.49279288,0.0,0.0,0.0,0.0,0.0,82.74246035,0.0,0.0,0.0,0.0,0.0,82.74246035,0.0,0.0,0.0,0.0,0.0,81.49279288,0.0,0.0,0.0,0.0,0.0,79.79956154,0.0,0.0,0.0,0.0,0.0,79.79744329,0.0,0.0,0.0,0.0,0.0
diverse_rec,ml20_lambda0.25,0.25,movielens_sample20of200_lambda0.25,20,7,10,80.42074065,80.42074065,80.42074065,78.16574092,1,3.681776242,solved (0.1 s),solved (0.1 s),0,0,opt,89.94310313,0.0,0.0,0.0,0.0,0.0,91.27407493,0.0,0.0,0.0,0.0,0.0,87.038326584011,0.0,0.0,0.0,0.0,0.0,87.038326584011,0.0,0.0,0.0,0.0,0.0,89.94310313,0.0,0.0,0.0,0.0,0.0,89.94310313,0.0,0.0,0.0,0.0,0.0,91.27407493,0.0,0.0,0.0,0.0,0.0,91.27407493,0.0,0.0,0.0,0.0,0.0,89.94310313,0.0,0.0,0.0,0.0,0.0,87.09410175,0.0,0.0,0.0,0.0,0.0,87.03832658,0.0,0.0,0.0,0.0,0.0
diverse_rec,ml20_lambda0.25,0.25,movielens_sample20of200_lambda0.25,20,7,11,86.73783302,86.73783302,86.73783302,83.45034789,1,3.681776242,solved (0.1 s),solved (0.1 s),0,0,opt,98.36877639,0.0,0.0,0.0,0.0,0.0,99.76634756,0.0,0.0,0.0,0.0,0.0,93.1940105181415,0.0,0.0,0.0,0.0,0.0,93.1940105181415,0.0,0.0,0.0,0.0,0.0,98.36877639,0.0,0.0,0.0,0.0,0.0,98.36877639,0.0,0.0,0.0,0.0,0.0,99.76634756,0.0,0.0,0.0,0.0,0.0,99.76634756,0.0,0.0,0.0,0.0,0.0,98.36877639,0.0,0.0,0.0,0.0,0.0,93.40206447,0.0,0.0,0.0,0.0,0.0,93.19401052,0.0,0.0,0.0,0.0,0.0
diverse_rec,ml20_lambda0.25,0.25,movielens_sample20of200_lambda0.25,20,7,12,92.85491333,92.85491333,92.85491333,86.83946107,1,3.681776242,solved (0.1 s),solved (0.1 s),0,0,opt,106.4186969,0.0,0.0,0.0,0.0,0.0,108.2166578,0.0,0.0,0.0,0.0,0.0,97.76558688096172,0.0,0.0,0.0,0.0,0.0,97.76558688096172,0.0,0.0,0.0,0.0,0.0,106.4186969,0.0,0.0,0.0,0.0,0.0,106.4186969,0.0,0.0,0.0,0.0,0.0,108.2166578,0.0,0.0,0.0,0.0,0.0,108.2166578,0.0,0.0,0.0,0.0,0.0,106.4186969,0.0,0.0,0.0,0.0,0.0,98.09031465,0.0,0.0,0.0,0.0,0.0,97.76558688,0.0,0.0,0.0,0.0,0.0
diverse_rec,ml20_lambda0.25,0.25,movielens_sample20of200_lambda0.25,20,7,13,98.66954704,98.66954704,98.66954704,89.18709703,1,3.681776242,solved (0.1 s),solved (0.1 s),0,0,opt,114.4131456,0.0,0.0,0.0,0.0,0.0,116.6423311,0.0,0.0,0.0,0.0,0.0,102.199836243377,0.0,0.0,0.0,0.0,0.0,102.199836243377,0.0,0.0,0.0,0.0,0.0,114.4131456,0.0,0.0,0.0,0.0,0.0,114.4131456,0.0,0.0,0.0,0.0,0.0,116.6423311,0.0,0.0,0.0,0.0,0.0,116.6423311,0.0,0.0,0.0,0.0,0.0,114.4131456,0.0,0.0,0.0,0.0,0.0,102.4169901,0.0,0.0,0.0,0.0,0.0,102.1998362,0.0,0.0,0.0,0.0,0.0
diverse_rec,ml20_lambda0.25,0.25,movielens_sample20of200_lambda0.25,20,7,14,104.2750643,104.2750643,104.2750643,90.69050232,1,3.681776242,solved (0.1 s),solved (0.1 s),0,0,opt,122.1406031,0.0,0.0,0.0,0.0,0.0,124.9163128,0.0,0.0,0.0,0.0,0.0,106.43444804455355,0.0,0.0,0.0,0.0,0.0,106.43444804455353,0.0,0.0,0.0,0.0,0.0,122.1406031,0.0,0.0,0.0,0.0,0.0,122.1406031,0.0,0.0,0.0,0.0,0.0,124.9163128,0.0,0.0,0.0,0.0,0.0,124.9163128,0.0,0.0,0.0,0.0,0.0,122.1406031,0.0,0.0,0.0,0.0,0.0,106.541134,0.0,0.0,0.0,0.0,0.0,106.434448,0.0,0.0,0.0,0.0,0.0
diverse_rec,ml20_lambda0.25,0.25,movielens_sample20of200_lambda0.25,20,7,15,109.4999524,109.4999524,109.4999524,92.01178059,1,3.681776242,solved (0.1 s),solved (0.1 s),0,0,opt,128.7541556,0.0,0.0,0.0,0.0,0.0,132.9662333,0.0,0.0,0.0,0.0,0.0,110.71475258129185,0.0,0.0,0.0,0.0,0.0,110.71475258129185,0.0,0.0,0.0,0.0,0.0,128.7541556,0.0,0.0,0.0,0.0,0.0,128.7541556,0.0,0.0,0.0,0.0,0.0,132.9662333,0.0,0.0,0.0,0.0,0.0,132.9662333,0.0,0.0,0.0,0.0,0.0,128.7541556,0.0,0.0,0.0,0.0,0.0,110.7549844,0.0,0.0,0.0,0.0,0.0,110.7147526,0.0,0.0,0.0,0.0,0.0
diverse_rec,ml20_lambda0.25,0.25,movielens_sample20of200_lambda0.25,20,7,16,114.5497057,114.5497057,114.5497057,93.06564548,1,3.681776242,solved (0.1 s),solved (0.1 s),0,0,opt,131.6643012,0.0,0.0,0.0,0.0,0.0,132.4830369,0.0,0.0,0.0,0.0,0.0,115.02571875297755,0.0,0.0,0.0,0.0,0.0,115.02571875297755,0.0,0.0,0.0,0.0,0.0,131.66430119,0.0,0.0,0.0,0.0,0.0,131.6643012,0.0,0.0,0.0,0.0,0.0,140.960682,0.0,0.0,0.0,0.0,0.0,132.4830369,0.0,0.0,0.0,0.0,0.0,131.6643012,0.0,0.0,0.0,0.0,0.0,115.0335833,0.0,0.0,0.0,0.0,0.0,115.0257188,0.0,0.0,0.0,0.0,0.0
diverse_rec,ml20_lambda0.25,0.25,movielens_sample20of200_lambda0.25,20,7,17,119.2583116,119.2583116,119.2583116,93.01067702,1,3.681776242,solved (0.1 s),solved (0.1 s),0,0,opt,131.6643012,0.0,0.0,0.0,0.0,0.0,132.0131598,0.0,0.0,0.0,0.0,0.0,119.45297707590655,0.0,0.0,0.0,0.0,0.0,119.45297707590655,0.0,0.0,0.0,0.0,0.0,131.66430119,0.0,0.0,0.0,0.0,0.0,131.6643012,0.0,0.0,0.0,0.0,0.0,148.7700405,0.0,0.0,0.0,0.0,0.0,132.0131598,0.0,0.0,0.0,0.0,0.0,131.6643012,0.0,0.0,0.0,0.0,0.0,119.4529771,0.0,0.0,0.0,0.0,0.0,119.4529771,0.0,0.0,0.0,0.0,0.0
diverse_rec,ml20_lambda0.25,0.25,movielens_sample20of200_lambda0.25,20,7,18,123.7807326,123.7807326,123.7807326,93.64199667,1,3.681776242,solved (0.1 s),solved (0.1 s),0,0,opt,131.6643012,0.0,0.0,0.0,0.0,0.0,131.770418,0.0,0.0,0.0,0.0,0.0,123.78073264438991,0.0,0.0,0.0,0.0,0.0,123.78073264438993,0.0,0.0,0.0,0.0,0.0,131.664301175,0.0,0.0,0.0,0.0,0.0,131.6643012,0.0,0.0,0.0,0.0,0.0,156.497498,0.0,0.0,0.0,0.0,0.0,131.770418,0.0,0.0,0.0,0.0,0.0,131.6643012,0.0,0.0,0.0,0.0,0.0,123.7807326,0.0,0.0,0.0,0.0,0.0,123.7807326,0.0,0.0,0.0,0.0,0.0
diverse_rec,ml20_lambda0.25,0.25,movielens_sample20of200_lambda0.25,20,7,19,127.982525,127.982525,127.982525,93.6173378,1,3.681776242,solved (0.1 s),solved (0.1 s),0,0,opt,131.6643012,0.0,0.0,0.0,0.0,0.0,131.6643012,0.0,0.0,0.0,0.0,0.0,127.98252497677868,0.0,0.0,0.0,0.0,0.0,127.98252497677869,0.0,0.0,0.0,0.0,0.0,131.664301175,0.0,0.0,0.0,0.0,0.0,131.6643012,0.0,0.0,0.0,0.0,0.0,163.9388491,0.0,0.0,0.0,0.0,0.0,131.6643012,0.0,0.0,0.0,0.0,0.0,131.6643012,0.0,0.0,0.0,0.0,0.0,127.982525,0.0,0.0,0.0,0.0,0.0,127.982525,0.0,0.0,0.0,0.0,0.0
diverse_rec,ml20_lambda0.25,0.25,movielens_sample20of200_lambda0.25,20,7,20,131.6643012,131.6643012,131.6643012,93.70464403,1,3.681776242,solved (0.1 s),solved (0.1 s),0,0,opt,131.6643012,0.0,0.0,0.0,0.0,0.0,131.6643012,0.0,0.0,0.0,0.0,0.0,131.66430121892148,0.0,0.0,0.0,0.0,0.0,131.66430121892154,0.0,0.0,0.0,0.0,0.0,131.664301175,0.0,0.0,0.0,0.0,0.0,131.6643012,0.0,0.0,0.0,0.0,0.0,170.5524016,0.0,0.0,0.0,0.0,0.0,131.6643012,0.0,0.0,0.0,0.0,0.0,131.6643012,0.0,0.0,0.0,0.0,0.0,131.6643012,0.0,0.0,0.0,0.0,0.0,131.6643012,0.0,0.0,0.0,0.0,0.0
diverse_rec,ml20_lambda0.25,0.25,movielens_sample20of200_lambda0.25,20,8,1,10.60102075,10.60102075,10.60102075,10.60102075,1,3.465647475,solved (0.1 s),solved (0.1 s),0,0,opt,10.60102075,0.0,0.0,0.0,0.0,0.0,10.60102075,0.0,0.0,0.0,0.0,0.0,10.601020752263974,0.0,0.0,0.0,0.0,0.0,10.601020752263974,0.0,0.0,0.0,0.0,0.0,10.60102075,0.0,0.0,0.0,0.0,0.0,10.60102075,0.0,0.0,0.0,0.0,0.0,10.60102075,0.0,0.0,0.0,0.0,0.0,10.60102075,0.0,0.0,0.0,0.0,0.0,10.60102075,0.0,0.0,0.0,0.0,0.0,10.60102075,0.0,0.0,0.0,0.0,0.0,10.60102075,0.0,0.0,0.0,0.0,0.0
diverse_rec,ml20_lambda0.25,0.25,movielens_sample20of200_lambda0.25,20,8,2,20.70454094,20.70454094,20.70454094,20.58845967,1,3.465647475,solved (0.1 s),solved (0.1 s),0,0,opt,20.85685321,0.0,0.0,0.0,0.0,0.0,21.05041109,0.0,0.0,0.0,0.0,0.0,21.023463189171498,0.0,0.0,0.0,0.0,0.0,21.0234631891715,0.0,0.0,0.0,0.0,0.0,20.85685321,0.0,0.0,0.0,0.0,0.0,20.85685321,0.0,0.0,0.0,0.0,0.0,21.05041109,0.0,0.0,0.0,0.0,0.0,21.05041109,0.0,0.0,0.0,0.0,0.0,20.85685321,0.0,0.0,0.0,0.0,0.0,21.02346319,0.0,0.0,0.0,0.0,0.0,21.02346319,0.0,0.0,0.0,0.0,0.0
diverse_rec,ml20_lambda0.25,0.25,movielens_sample20of200_lambda0.25,20,8,3,30.33954696,30.33954696,30.33954696,29.79110489,1,3.465647475,solved (0.1 s),solved (0.1 s),0,0,opt,30.72152748,0.0,0.0,0.0,0.0,0.0,31.30624355,0.0,0.0,0.0,0.0,0.0,31.14310958855359,0.0,0.0,0.0,0.0,0.0,31.143109588553592,0.0,0.0,0.0,0.0,0.0,30.72152748,0.0,0.0,0.0,0.0,0.0,30.72152748,0.0,0.0,0.0,0.0,0.0,31.30624355,0.0,0.0,0.0,0.0,0.0,31.30624355,0.0,0.0,0.0,0.0,0.0,30.72152748,0.0,0.0,0.0,0.0,0.0,31.14310959,0.0,0.0,0.0,0.0,0.0,31.14310959,0.0,0.0,0.0,0.0,0.0
diverse_rec,ml20_lambda0.25,0.25,movielens_sample20of200_lambda0.25,20,8,4,39.23151683,39.23151683,39.23151683,38.52294688,1,3.465647475,solved (0.1 s),solved (0.1 s),0,0,opt,40.44989074,0.0,0.0,0.0,0.0,0.0,41.17091782,0.0,0.0,0.0,0.0,0.0,40.80082266685904,0.0,0.0,0.0,0.0,0.0,40.80082266685905,0.0,0.0,0.0,0.0,0.0,40.44989074,0.0,0.0,0.0,0.0,0.0,40.44989074,0.0,0.0,0.0,0.0,0.0,41.17091782,0.0,0.0,0.0,0.0,0.0,41.17091782,0.0,0.0,0.0,0.0,0.0,40.44989074,0.0,0.0,0.0,0.0,0.0,40.80082267,0.0,0.0,0.0,0.0,0.0,40.80082267,0.0,0.0,0.0,0.0,0.0
diverse_rec,ml20_lambda0.25,0.25,movielens_sample20of200_lambda0.25,20,8,5,47.78546027,47.78546027,47.78546027,46.81112517,1,3.465647475,solved (0.1 s),solved (0.1 s),0,0,opt,50.03115629,0.0,0.0,0.0,0.0,0.0,50.89928108,0.0,0.0,0.0,0.0,0.0,50.221291883666616,0.0,0.0,0.0,0.0,0.0,50.22129188366661,0.0,0.0,0.0,0.0,0.0,50.03115629,0.0,0.0,0.0,0.0,0.0,50.03115629,0.0,0.0,0.0,0.0,0.0,50.89928108,0.0,0.0,0.0,0.0,0.0,50.89928108,0.0,0.0,0.0,0.0,0.0,50.03115629,0.0,0.0,0.0,0.0,0.0,50.22129188,0.0,0.0,0.0,0.0,0.0,50.22129188,0.0,0.0,0.0,0.0,0.0
diverse_rec,ml20_lambda0.25,0.25,movielens_sample20of200_lambda0.25,20,8,6,55.92571537,55.92571537,55.92571537,54.72841253,1,3.465647475,solved (0.1 s),solved (0.1 s),0,0,opt,59.48007283,0.0,0.0,0.0,0.0,0.0,60.48054663,0.0,0.0,0.0,0.0,0.0,59.38945218199845,0.0,0.0,0.0,0.0,0.0,59.38945218199846,0.0,0.0,0.0,0.0,0.0,59.48007283,0.0,0.0,0.0,0.0,0.0,59.48007283,0.0,0.0,0.0,0.0,0.0,60.48054663,0.0,0.0,0.0,0.0,0.0,60.48054663,0.0,0.0,0.0,0.0,0.0,59.48007283,0.0,0.0,0.0,0.0,0.0,59.38945218,0.0,0.0,0.0,0.0,0.0,59.38945218,0.0,0.0,0.0,0.0,0.0
diverse_rec,ml20_lambda0.25,0.25,movielens_sample20of200_lambda0.25,20,8,7,63.80263802,63.80263802,63.80263802,62.20368132,1,3.465647475,solved (0.1 s),solved (0.1 s),0,0,opt,68.92788209,0.0,0.0,0.0,0.0,0.0,69.92946317,0.0,0.0,0.0,0.0,0.0,68.30260588480778,0.0,0.0,0.0,0.0,0.0,68.30260588480776,0.0,0.0,0.0,0.0,0.0,68.92788209,0.0,0.0,0.0,0.0,0.0,68.92788209,0.0,0.0,0.0,0.0,0.0,69.92946317,0.0,0.0,0.0,0.0,0.0,69.92946317,0.0,0.0,0.0,0.0,0.0,68.92788209,0.0,0.0,0.0,0.0,0.0,68.30869951,0.0,0.0,0.0,0.0,0.0,68.30260588,0.0,0.0,0.0,0.0,0.0
diverse_rec,ml20_lambda0.25,0.25,movielens_sample20of200_lambda0.25,20,8,8,71.32319598,71.32319598,71.32319598,69.1278139,1,3.465647475,solved (0.1 s),solved (0.1 s),0,0,opt,78.20911619,0.0,0.0,0.0,0.0,0.0,79.37727243,0.0,0.0,0.0,0.0,0.0,76.6081408277212,0.0,0.0,0.0,0.0,0.0,76.6081408277212,0.0,0.0,0.0,0.0,0.0,78.20911619,0.0,0.0,0.0,0.0,0.0,78.20911619,0.0,0.0,0.0,0.0,0.0,79.37727243,0.0,0.0,0.0,0.0,0.0,79.37727243,0.0,0.0,0.0,0.0,0.0,78.20911619,0.0,0.0,0.0,0.0,0.0,76.64500076,0.0,0.0,0.0,0.0,0.0,76.60814083,0.0,0.0,0.0,0.0,0.0
diverse_rec,ml20_lambda0.25,0.25,movielens_sample20of200_lambda0.25,20,8,9,78.49117362,78.49117362,78.49117362,75.52315342,1,3.465647475,solved (0.1 s),solved (0.1 s),0,0,opt,87.24828196,0.0,0.0,0.0,0.0,0.0,88.65850653,0.0,0.0,0.0,0.0,0.0,83.90240735472807,0.0,0.0,0.0,0.0,0.0,83.90240735472807,0.0,0.0,0.0,0.0,0.0,87.24828196,0.0,0.0,0.0,0.0,0.0,87.24828196,0.0,0.0,0.0,0.0,0.0,88.65850653,0.0,0.0,0.0,0.0,0.0,88.65850653,0.0,0.0,0.0,0.0,0.0,87.24828196,0.0,0.0,0.0,0.0,0.0,83.93493815,0.0,0.0,0.0,0.0,0.0,83.90240735,0.0,0.0,0.0,0.0,0.0
diverse_rec,ml20_lambda0.25,0.25,movielens_sample20of200_lambda0.25,20,8,10,85.34735101,85.34735101,85.34735101,81.54310341,1,3.465647475,solved (0.1 s),solved (0.1 s),0,0,opt,95.90739664,0.0,0.0,0.0,0.0,0.0,97.72609614,0.0,0.0,0.0,0.0,0.0,89.9584102942517,0.0,0.0,0.0,0.0,0.0,89.95841029425172,0.0,0.0,0.0,0.0,0.0,95.90739664,0.0,0.0,0.0,0.0,0.0,95.90739664,0.0,0.0,0.0,0.0,0.0,97.72609614,0.0,0.0,0.0,0.0,0.0,97.72609614,0.0,0.0,0.0,0.0,0.0,95.90739664,0.0,0.0,0.0,0.0,0.0,90.15900115,0.0,0.0,0.0,0.0,0.0,89.95841029,0.0,0.0,0.0,0.0,0.0
diverse_rec,ml20_lambda0.25,0.25,movielens_sample20of200_lambda0.25,20,8,11,91.69141764,91.69141764,91.69141764,86.33680145,1,3.465647475,solved (0.1 s),solved (0.1 s),0,0,opt,104.2590984,0.0,0.0,0.0,0.0,0.0,106.7652619,0.0,0.0,0.0,0.0,0.0,95.05741982736014,0.0,0.0,0.0,0.0,0.0,95.05741982736014,0.0,0.0,0.0,0.0,0.0,104.2590984,0.0,0.0,0.0,0.0,0.0,104.2590984,0.0,0.0,0.0,0.0,0.0,106.7652619,0.0,0.0,0.0,0.0,0.0,106.7652619,0.0,0.0,0.0,0.0,0.0,104.2590984,0.0,0.0,0.0,0.0,0.0,95.18997294,0.0,0.0,0.0,0.0,0.0,95.05741983,0.0,0.0,0.0,0.0,0.0
diverse_rec,ml20_lambda0.25,0.25,movielens_sample20of200_lambda0.25,20,8,12,97.77558943,97.77558943,97.77558943,89.58313622,1,3.465647475,solved (0.1 s),solved (0.1 s),0,0,opt,112.3197917,0.0,0.0,0.0,0.0,0.0,115.4243766,0.0,0.0,0.0,0.0,0.0,99.99292034718391,0.0,0.0,0.0,0.0,0.0,99.99292034718391,0.0,0.0,0.0,0.0,0.0,112.3197917,0.0,0.0,0.0,0.0,0.0,112.3197917,0.0,0.0,0.0,0.0,0.0,115.4243766,0.0,0.0,0.0,0.0,0.0,115.4243766,0.0,0.0,0.0,0.0,0.0,112.3197917,0.0,0.0,0.0,0.0,0.0,100.0658337,0.0,0.0,0.0,0.0,0.0,99.99292035,0.0,0.0,0.0,0.0,0.0
diverse_rec,ml20_lambda0.25,0.25,movielens_sample20of200_lambda0.25,20,8,13,103.5887026,103.5887026,103.5887026,91.81783252,1,3.465647475,solved (0.1 s),solved (0.1 s),0,0,opt,119.4791676,0.0,0.0,0.0,0.0,0.0,123.8358013,0.0,0.0,0.0,0.0,0.0,104.8234440762499,0.0,0.0,0.0,0.0,0.0,104.8234440762499,0.0,0.0,0.0,0.0,0.0,119.4791676,0.0,0.0,0.0,0.0,0.0,119.4791676,0.0,0.0,0.0,0.0,0.0,123.8358013,0.0,0.0,0.0,0.0,0.0,123.8358013,0.0,0.0,0.0,0.0,0.0,119.4791676,0.0,0.0,0.0,0.0,0.0,104.8488877,0.0,0.0,0.0,0.0,0.0,104.8234441,0.0,0.0,0.0,0.0,0.0
diverse_rec,ml20_lambda0.25,0.25,movielens_sample20of200_lambda0.25,20,8,14,109.0778955,109.0778955,109.0778955,93.12615525,1,3.465647475,solved (0.1 s),solved (0.1 s),0,0,opt,126.5538463,0.0,0.0,0.0,0.0,0.0,132.187503,0.0,0.0,0.0,0.0,0.0,109.63673916849734,0.0,0.0,0.0,0.0,0.0,109.63673916849736,0.0,0.0,0.0,0.0,0.0,126.5538463,0.0,0.0,0.0,0.0,0.0,126.5538463,0.0,0.0,0.0,0.0,0.0,132.187503,0.0,0.0,0.0,0.0,0.0,132.187503,0.0,0.0,0.0,0.0,0.0,126.5538463,0.0,0.0,0.0,0.0,0.0,109.6391913,0.0,0.0,0.0,0.0,0.0,109.6367392,0.0,0.0,0.0,0.0,0.0
diverse_rec,ml20_lambda0.25,0.25,movielens_sample20of200_lambda0.25,20,8,15,114.1826703,114.1826703,114.1826703,94.06349268,1,3.465647475,solved (0.1 s),solved (0.1 s),0,0,opt,132.7351412,0.0,0.0,0.0,0.0,0.0,136.1693726,0.0,0.0,0.0,0.0,0.0,114.40361274518801,0.0,0.0,0.0,0.0,0.0,114.40361274518801,0.0,0.0,0.0,0.0,0.0,132.7351412,0.0,0.0,0.0,0.0,0.0,132.7351412,0.0,0.0,0.0,0.0,0.0,140.2481964,0.0,0.0,0.0,0.0,0.0,136.1693726,0.0,0.0,0.0,0.0,0.0,132.7351412,0.0,0.0,0.0,0.0,0.0,114.4036127,0.0,0.0,0.0,0.0,0.0,114.4036127,0.0,0.0,0.0,0.0,0.0
diverse_rec,ml20_lambda0.25,0.25,movielens_sample20of200_lambda0.25,20,8,16,118.9505896,118.9505896,118.9505896,94.82795004,1,3.465647475,solved (0.1 s),solved (0.1 s),0,0,opt,134.7022085,0.0,0.0,0.0,0.0,0.0,135.4951707,0.0,0.0,0.0,0.0,0.0,118.9595639201345,0.0,0.0,0.0,0.0,0.0,118.9595639201345,0.0,0.0,0.0,0.0,0.0,134.70220846,0.0,0.0,0.0,0.0,0.0,134.7022085,0.0,0.0,0.0,0.0,0.0,147.6856312,0.0,0.0,0.0,0.0,0.0,135.4951707,0.0,0.0,0.0,0.0,0.0,134.7022085,0.0,0.0,0.0,0.0,0.0,118.9595639,0.0,0.0,0.0,0.0,0.0,118.9595639,0.0,0.0,0.0,0.0,0.0
diverse_rec,ml20_lambda0.25,0.25,movielens_sample20of200_lambda0.25,20,8,17,123.3306449,123.3306449,123.3306449,95.62881057,1,3.465647475,solved (0.1 s),solved (0.1 s),0,0,opt,134.7022085,0.0,0.0,0.0,0.0,0.0,135.0698033,0.0,0.0,0.0,0.0,0.0,123.3726693199275,0.0,0.0,0.0,0.0,0.0,123.3726693199275,0.0,0.0,0.0,0.0,0.0,134.70220846,0.0,0.0,0.0,0.0,0.0,134.7022085,0.0,0.0,0.0,0.0,0.0,154.8450071,0.0,0.0,0.0,0.0,0.0,135.0698033,0.0,0.0,0.0,0.0,0.0,134.7022085,0.0,0.0,0.0,0.0,0.0,123.3726693,0.0,0.0,0.0,0.0,0.0,123.3726693,0.0,0.0,0.0,0.0,0.0
diverse_rec,ml20_lambda0.25,0.25,movielens_sample20of200_lambda0.25,20,8,18,127.4747226,127.4747226,127.4747226,95.85522522,1,3.465647475,solved (0.1 s),solved (0.1 s),0,0,opt,134.7022085,0.0,0.0,0.0,0.0,0.0,134.8380649,0.0,0.0,0.0,0.0,0.0,127.47472263596178,0.0,0.0,0.0,0.0,0.0,127.47472263596178,0.0,0.0,0.0,0.0,0.0,134.70220846,0.0,0.0,0.0,0.0,0.0,134.7022085,0.0,0.0,0.0,0.0,0.0,161.9196858,0.0,0.0,0.0,0.0,0.0,134.8380649,0.0,0.0,0.0,0.0,0.0,134.7022085,0.0,0.0,0.0,0.0,0.0,127.4747226,0.0,0.0,0.0,0.0,0.0,127.4747226,0.0,0.0,0.0,0.0,0.0
diverse_rec,ml20_lambda0.25,0.25,movielens_sample20of200_lambda0.25,20,8,19,131.236561,131.236561,131.236561,95.85433353,1,3.465647475,solved (0.1 s),solved (0.1 s),0,0,opt,134.7022085,0.0,0.0,0.0,0.0,0.0,134.7022085,0.0,0.0,0.0,0.0,0.0,131.2365610350473,0.0,0.0,0.0,0.0,0.0,131.2365610350473,0.0,0.0,0.0,0.0,0.0,134.70220846,0.0,0.0,0.0,0.0,0.0,134.7022085,0.0,0.0,0.0,0.0,0.0,168.4216497,0.0,0.0,0.0,0.0,0.0,134.7022085,0.0,0.0,0.0,0.0,0.0,134.7022085,0.0,0.0,0.0,0.0,0.0,131.236561,0.0,0.0,0.0,0.0,0.0,131.236561,0.0,0.0,0.0,0.0,0.0
diverse_rec,ml20_lambda0.25,0.25,movielens_sample20of200_lambda0.25,20,8,20,134.7022085,134.7022085,134.7022085,96.31691393,1,3.465647475,solved (0.1 s),solved (0.1 s),0,0,opt,134.7022085,0.0,0.0,0.0,0.0,0.0,134.7022085,0.0,0.0,0.0,0.0,0.0,134.7022085105161,0.0,0.0,0.0,0.0,0.0,134.702208510516,0.0,0.0,0.0,0.0,0.0,134.70220846,0.0,0.0,0.0,0.0,0.0,134.7022085,0.0,0.0,0.0,0.0,0.0,174.6029447,0.0,0.0,0.0,0.0,0.0,134.7022085,0.0,0.0,0.0,0.0,0.0,134.7022085,0.0,0.0,0.0,0.0,0.0,134.7022085,0.0,0.0,0.0,0.0,0.0,134.7022085,0.0,0.0,0.0,0.0,0.0
diverse_rec,ml20_lambda0.25,0.25,movielens_sample20of200_lambda0.25,20,9,1,9.894608638,9.894608638,9.894608638,9.894608638,1,3.800770402,solved (0.1 s),solved (0.1 s),0,0,opt,9.894608638,0.0,0.0,0.0,0.0,0.0,9.894608638,0.0,0.0,0.0,0.0,0.0,9.894608637682438,0.0,0.0,0.0,0.0,0.0,9.894608637682438,0.0,0.0,0.0,0.0,0.0,9.894608638,0.0,0.0,0.0,0.0,0.0,9.894608638,0.0,0.0,0.0,0.0,0.0,9.894608638,0.0,0.0,0.0,0.0,0.0,9.894608638,0.0,0.0,0.0,0.0,0.0,9.894608638,0.0,0.0,0.0,0.0,0.0,9.894608638,0.0,0.0,0.0,0.0,0.0,9.894608638,0.0,0.0,0.0,0.0,0.0
diverse_rec,ml20_lambda0.25,0.25,movielens_sample20of200_lambda0.25,20,9,2,18.82449994,18.82449994,18.82449994,18.66889255,1,3.800770402,solved (0.1 s),solved (0.1 s),0,0,opt,19.08562432,0.0,0.0,0.0,0.0,0.0,19.16643232,0.0,0.0,0.0,0.0,0.0,19.109353706767195,0.0,0.0,0.0,0.0,0.0,19.10935370676719,0.0,0.0,0.0,0.0,0.0,19.08562432,0.0,0.0,0.0,0.0,0.0,19.08562432,0.0,0.0,0.0,0.0,0.0,19.16643232,0.0,0.0,0.0,0.0,0.0,19.16643232,0.0,0.0,0.0,0.0,0.0,19.08562432,0.0,0.0,0.0,0.0,0.0,19.10935371,0.0,0.0,0.0,0.0,0.0,19.10935371,0.0,0.0,0.0,0.0,0.0
diverse_rec,ml20_lambda0.25,0.25,movielens_sample20of200_lambda0.25,20,9,3,27.41637035,27.41637035,27.41637035,26.98699294,1,3.800770402,solved (0.1 s),solved (0.1 s),0,0,opt,28.05899576,0.0,0.0,0.0,0.0,0.0,28.357448,0.0,0.0,0.0,0.0,0.0,28.18304687551435,0.0,0.0,0.0,0.0,0.0,28.183046875514346,0.0,0.0,0.0,0.0,0.0,28.05899576,0.0,0.0,0.0,0.0,0.0,28.05899576,0.0,0.0,0.0,0.0,0.0,28.357448,0.0,0.0,0.0,0.0,0.0,28.357448,0.0,0.0,0.0,0.0,0.0,28.05899576,0.0,0.0,0.0,0.0,0.0,28.18304688,0.0,0.0,0.0,0.0,0.0,28.18304688,0.0,0.0,0.0,0.0,0.0
diverse_rec,ml20_lambda0.25,0.25,movielens_sample20of200_lambda0.25,20,9,4,35.48387331,35.48387331,35.48387331,34.9697396,1,3.800770402,solved (0.1 s),solved (0.1 s),0,0,opt,36.85655128,0.0,0.0,0.0,0.0,0.0,37.33081944,0.0,0.0,0.0,0.0,0.0,36.95613302630244,0.0,0.0,0.0,0.0,0.0,36.95613302630243,0.0,0.0,0.0,0.0,0.0,36.85655128,0.0,0.0,0.0,0.0,0.0,36.85655128,0.0,0.0,0.0,0.0,0.0,37.33081944,0.0,0.0,0.0,0.0,0.0,37.33081944,0.0,0.0,0.0,0.0,0.0,36.85655128,0.0,0.0,0.0,0.0,0.0,36.95613303,0.0,0.0,0.0,0.0,0.0,36.95613303,0.0,0.0,0.0,0.0,0.0
diverse_rec,ml20_lambda0.25,0.25,movielens_sample20of200_lambda0.25,20,9,5,43.32174971,43.32174971,43.32174971,42.4585526,1,3.800770402,solved (0.1 s),solved (0.1 s),0,0,opt,45.61482219,0.0,0.0,0.0,0.0,0.0,46.12837496,0.0,0.0,0.0,0.0,0.0,45.56739586551617,0.0,0.0,0.0,0.0,0.0,45.56739586551616,0.0,0.0,0.0,0.0,0.0,45.61482219,0.0,0.0,0.0,0.0,0.0,45.61482219,0.0,0.0,0.0,0.0,0.0,46.12837496,0.0,0.0,0.0,0.0,0.0,46.12837496,0.0,0.0,0.0,0.0,0.0,45.61482219,0.0,0.0,0.0,0.0,0.0,45.56739587,0.0,0.0,0.0,0.0,0.0,45.56739587,0.0,0.0,0.0,0.0,0.0
diverse_rec,ml20_lambda0.25,0.25,movielens_sample20of200_lambda0.25,20,9,6,50.78676664,50.78676664,50.78676664,49.54268332,1,3.800770402,solved (0.1 s),solved (0.1 s),0,0,opt,54.20907966,0.0,0.0,0.0,0.0,0.0,54.88664588,0.0,0.0,0.0,0.0,0.0,53.792038380673404,0.0,0.0,0.0,0.0,0.0,53.79203838067342,0.0,0.0,0.0,0.0,0.0,54.20907966,0.0,0.0,0.0,0.0,0.0,54.20907966,0.0,0.0,0.0,0.0,0.0,54.88664588,0.0,0.0,0.0,0.0,0.0,54.88664588,0.0,0.0,0.0,0.0,0.0,54.20907966,0.0,0.0,0.0,0.0,0.0,53.79203838,0.0,0.0,0.0,0.0,0.0,53.79203838,0.0,0.0,0.0,0.0,0.0
diverse_rec,ml20_lambda0.25,0.25,movielens_sample20of200_lambda0.25,20,9,7,58.02505154,58.02505154,58.02505154,56.34683723,1,3.800770402,solved (0.1 s),solved (0.1 s),0,0,opt,62.39922049,0.0,0.0,0.0,0.0,0.0,63.48090334,0.0,0.0,0.0,0.0,0.0,61.49929318449632,0.0,0.0,0.0,0.0,0.0,61.49929318449632,0.0,0.0,0.0,0.0,0.0,62.39922049,0.0,0.0,0.0,0.0,0.0,62.39922049,0.0,0.0,0.0,0.0,0.0,63.48090334,0.0,0.0,0.0,0.0,0.0,63.48090334,0.0,0.0,0.0,0.0,0.0,62.39922049,0.0,0.0,0.0,0.0,0.0,61.49929318,0.0,0.0,0.0,0.0,0.0,61.49929318,0.0,0.0,0.0,0.0,0.0
diverse_rec,ml20_lambda0.25,0.25,movielens_sample20of200_lambda0.25,20,9,8,64.75602983,64.75602983,64.75602983,62.78094455,1,3.800770402,solved (0.1 s),solved (0.1 s),0,0,opt,70.51959018,0.0,0.0,0.0,0.0,0.0,71.67104417,0.0,0.0,0.0,0.0,0.0,69.10393909510147,0.0,0.0,0.0,0.0,0.0,69.10393909510147,0.0,0.0,0.0,0.0,0.0,70.51959018,0.0,0.0,0.0,0.0,0.0,70.51959018,0.0,0.0,0.0,0.0,0.0,71.67104417,0.0,0.0,0.0,0.0,0.0,71.67104417,0.0,0.0,0.0,0.0,0.0,70.51959018,0.0,0.0,0.0,0.0,0.0,69.10589309,0.0,0.0,0.0,0.0,0.0,69.1039391,0.0,0.0,0.0,0.0,0.0
diverse_rec,ml20_lambda0.25,0.25,movielens_sample20of200_lambda0.25,20,9,9,71.20672054,71.20672054,71.20672054,68.98023318,1,3.800770402,solved (0.1 s),solved (0.1 s),0,0,opt,78.56085219,0.0,0.0,0.0,0.0,0.0,79.79141386,0.0,0.0,0.0,0.0,0.0,76.438141056132,0.0,0.0,0.0,0.0,0.0,76.438141056132,0.0,0.0,0.0,0.0,0.0,78.56085219,0.0,0.0,0.0,0.0,0.0,78.56085219,0.0,0.0,0.0,0.0,0.0,79.79141386,0.0,0.0,0.0,0.0,0.0,79.79141386,0.0,0.0,0.0,0.0,0.0,78.56085219,0.0,0.0,0.0,0.0,0.0,76.46558136,0.0,0.0,0.0,0.0,0.0,76.43814106,0.0,0.0,0.0,0.0,0.0
diverse_rec,ml20_lambda0.25,0.25,movielens_sample20of200_lambda0.25,20,9,10,77.4607258,77.4607258,77.4607258,74.82564193,1,3.800770402,solved (0.1 s),solved (0.1 s),0,0,opt,86.59381356,0.0,0.0,0.0,0.0,0.0,87.88275111,0.0,0.0,0.0,0.0,0.0,83.02704199419288,0.0,0.0,0.0,0.0,0.0,83.02704199419288,0.0,0.0,0.0,0.0,0.0,86.59381356,0.0,0.0,0.0,0.0,0.0,86.59381356,0.0,0.0,0.0,0.0,0.0,87.88275111,0.0,0.0,0.0,0.0,0.0,87.88275111,0.0,0.0,0.0,0.0,0.0,86.59381356,0.0,0.0,0.0,0.0,0.0,83.05657865,0.0,0.0,0.0,0.0,0.0,83.02704199,0.0,0.0,0.0,0.0,0.0
diverse_rec,ml20_lambda0.25,0.25,movielens_sample20of200_lambda0.25,20,9,11,83.41862897,83.41862897,83.41862897,79.9308128,1,3.800770402,solved (0.1 s),solved (0.1 s),0,0,opt,94.44146936,0.0,0.0,0.0,0.0,0.0,95.92401313,0.0,0.0,0.0,0.0,0.0,88.76234769543612,0.0,0.0,0.0,0.0,0.0,88.7623476954361,0.0,0.0,0.0,0.0,0.0,94.44146936,0.0,0.0,0.0,0.0,0.0,94.44146936,0.0,0.0,0.0,0.0,0.0,95.92401313,0.0,0.0,0.0,0.0,0.0,95.92401313,0.0,0.0,0.0,0.0,0.0,94.44146936,0.0,0.0,0.0,0.0,0.0,89.02815286,0.0,0.0,0.0,0.0,0.0,88.7623477,0.0,0.0,0.0,0.0,0.0
diverse_rec,ml20_lambda0.25,0.25,movielens_sample20of200_lambda0.25,20,9,12,89.15917067,89.15917067,89.15917067,83.23668245,1,3.800770402,solved (0.1 s),solved (0.1 s),0,0,opt,102.0851147,0.0,0.0,0.0,0.0,0.0,103.9569745,0.0,0.0,0.0,0.0,0.0,93.38224428179466,0.0,0.0,0.0,0.0,0.0,93.38224428179466,0.0,0.0,0.0,0.0,0.0,102.0851147,0.0,0.0,0.0,0.0,0.0,102.0851147,0.0,0.0,0.0,0.0,0.0,103.9569745,0.0,0.0,0.0,0.0,0.0,103.9569745,0.0,0.0,0.0,0.0,0.0,102.0851147,0.0,0.0,0.0,0.0,0.0,93.62139651,0.0,0.0,0.0,0.0,0.0,93.38224428,0.0,0.0,0.0,0.0,0.0
diverse_rec,ml20_lambda0.25,0.25,movielens_sample20of200_lambda0.25,20,9,13,94.62771327,94.62771327,94.62771327,85.34850721,1,3.800770402,solved (0.1 s),solved (0.1 s),0,0,opt,109.7021136,0.0,0.0,0.0,0.0,0.0,111.8046303,0.0,0.0,0.0,0.0,0.0,97.72252069794791,0.0,0.0,0.0,0.0,0.0,97.7225206979479,0.0,0.0,0.0,0.0,0.0,109.7021136,0.0,0.0,0.0,0.0,0.0,109.7021136,0.0,0.0,0.0,0.0,0.0,111.8046303,0.0,0.0,0.0,0.0,0.0,111.8046303,0.0,0.0,0.0,0.0,0.0,109.7021136,0.0,0.0,0.0,0.0,0.0,97.86840216,0.0,0.0,0.0,0.0,0.0,97.7225207,0.0,0.0,0.0,0.0,0.0
diverse_rec,ml20_lambda0.25,0.25,movielens_sample20of200_lambda0.25,20,9,14,99.84790288,99.84790288,99.84790288,86.91392113,1,3.800770402,solved (0.1 s),solved (0.1 s),0,0,opt,116.9411261,0.0,0.0,0.0,0.0,0.0,119.4667318,0.0,0.0,0.0,0.0,0.0,101.99131314250515,0.0,0.0,0.0,0.0,0.0,101.99131314250515,0.0,0.0,0.0,0.0,0.0,116.9411261,0.0,0.0,0.0,0.0,0.0,116.9411261,0.0,0.0,0.0,0.0,0.0,119.4667318,0.0,0.0,0.0,0.0,0.0,119.4667318,0.0,0.0,0.0,0.0,0.0,116.9411261,0.0,0.0,0.0,0.0,0.0,102.0668009,0.0,0.0,0.0,0.0,0.0,101.9913131,0.0,0.0,0.0,0.0,0.0
diverse_rec,ml20_lambda0.25,0.25,movielens_sample20of200_lambda0.25,20,9,15,104.8453708,104.8453708,104.8453708,87.88619865,1,3.800770402,solved (0.1 s),solved (0.1 s),0,0,opt,123.7926669,0.0,0.0,0.0,0.0,0.0,127.1103771,0.0,0.0,0.0,0.0,0.0,106.03913473534777,0.0,0.0,0.0,0.0,0.0,106.03913473534777,0.0,0.0,0.0,0.0,0.0,123.7926669,0.0,0.0,0.0,0.0,0.0,123.7926669,0.0,0.0,0.0,0.0,0.0,127.1103771,0.0,0.0,0.0,0.0,0.0,127.1103771,0.0,0.0,0.0,0.0,0.0,123.7926669,0.0,0.0,0.0,0.0,0.0,106.0679222,0.0,0.0,0.0,0.0,0.0,106.0391347,0.0,0.0,0.0,0.0,0.0
diverse_rec,ml20_lambda0.25,0.25,movielens_sample20of200_lambda0.25,20,9,16,109.7021136,109.7021136,109.7021136,88.59493286,1,3.800770402,solved (0.1 s),solved (0.1 s),0,0,opt,126.2368466,0.0,0.0,0.0,0.0,0.0,126.979877,0.0,0.0,0.0,0.0,0.0,110.17883042355332,0.0,0.0,0.0,0.0,0.0,110.17883042355332,0.0,0.0,0.0,0.0,0.0,126.236846538,0.0,0.0,0.0,0.0,0.0,126.2368466,0.0,0.0,0.0,0.0,0.0,134.7323904,0.0,0.0,0.0,0.0,0.0,126.979877,0.0,0.0,0.0,0.0,0.0,126.2368466,0.0,0.0,0.0,0.0,0.0,110.1837447,0.0,0.0,0.0,0.0,0.0,110.1788304,0.0,0.0,0.0,0.0,0.0
diverse_rec,ml20_lambda0.25,0.25,movielens_sample20of200_lambda0.25,20,9,17,114.2445383,114.2445383,114.2445383,89.27902616,1,3.800770402,solved (0.1 s),solved (0.1 s),0,0,opt,126.2368466,0.0,0.0,0.0,0.0,0.0,126.5987808,0.0,0.0,0.0,0.0,0.0,114.273211989105,0.0,0.0,0.0,0.0,0.0,114.273211989105,0.0,0.0,0.0,0.0,0.0,126.236846538,0.0,0.0,0.0,0.0,0.0,126.2368466,0.0,0.0,0.0,0.0,0.0,142.3050473,0.0,0.0,0.0,0.0,0.0,126.5987808,0.0,0.0,0.0,0.0,0.0,126.2368466,0.0,0.0,0.0,0.0,0.0,114.273212,0.0,0.0,0.0,0.0,0.0,114.273212,0.0,0.0,0.0,0.0,0.0
diverse_rec,ml20_lambda0.25,0.25,movielens_sample20of200_lambda0.25,20,9,18,118.45133,118.45133,118.45133,89.76069426,1,3.800770402,solved (0.1 s),solved (0.1 s),0,0,opt,126.2368466,0.0,0.0,0.0,0.0,0.0,126.3864953,0.0,0.0,0.0,0.0,0.0,118.45133004716108,0.0,0.0,0.0,0.0,0.0,118.45133004716108,0.0,0.0,0.0,0.0,0.0,126.236846538,0.0,0.0,0.0,0.0,0.0,126.2368466,0.0,0.0,0.0,0.0,0.0,149.5440598,0.0,0.0,0.0,0.0,0.0,126.3864953,0.0,0.0,0.0,0.0,0.0,126.2368466,0.0,0.0,0.0,0.0,0.0,118.45133,0.0,0.0,0.0,0.0,0.0,118.45133,0.0,0.0,0.0,0.0,0.0
diverse_rec,ml20_lambda0.25,0.25,movielens_sample20of200_lambda0.25,20,9,19,122.4360762,122.4360762,122.4360762,89.82602184,1,3.800770402,solved (0.1 s),solved (0.1 s),0,0,opt,126.2368466,0.0,0.0,0.0,0.0,0.0,126.2368466,0.0,0.0,0.0,0.0,0.0,122.43607618337451,0.0,0.0,0.0,0.0,0.0,122.43607618337451,0.0,0.0,0.0,0.0,0.0,126.236846538,0.0,0.0,0.0,0.0,0.0,126.2368466,0.0,0.0,0.0,0.0,0.0,156.4642546,0.0,0.0,0.0,0.0,0.0,126.2368466,0.0,0.0,0.0,0.0,0.0,126.2368466,0.0,0.0,0.0,0.0,0.0,122.4360762,0.0,0.0,0.0,0.0,0.0,122.4360762,0.0,0.0,0.0,0.0,0.0
diverse_rec,ml20_lambda0.25,0.25,movielens_sample20of200_lambda0.25,20,9,20,126.2368466,126.2368466,126.2368466,89.85364987,1,3.800770402,solved (0.1 s),solved (0.1 s),0,0,opt,126.2368466,0.0,0.0,0.0,0.0,0.0,126.2368466,0.0,0.0,0.0,0.0,0.0,126.23684658515037,0.0,0.0,0.0,0.0,0.0,126.23684658515037,0.0,0.0,0.0,0.0,0.0,126.236846538,0.0,0.0,0.0,0.0,0.0,126.2368466,0.0,0.0,0.0,0.0,0.0,163.3157954,0.0,0.0,0.0,0.0,0.0,126.2368466,0.0,0.0,0.0,0.0,0.0,126.2368466,0.0,0.0,0.0,0.0,0.0,126.2368466,0.0,0.0,0.0,0.0,0.0,126.2368466,0.0,0.0,0.0,0.0,0.0
diverse_rec,ml20_lambda0.5,0.5,movielens_sample20of200_lambda0.5,20,0,1,9.019434616,9.019434616,9.019434616,9.019434616,1,0.5,solved (0.1 s),solved (0.1 s),0,0,opt,9.019434616,0.0,0.0,0.0,0.0,0.0,9.019434616,0.0,0.0,0.0,0.0,0.0,9.01943461617524,0.0,0.0,0.0,0.0,0.0,9.01943461617524,0.0,0.0,0.0,0.0,0.0,9.019434616,0.0,0.0,0.0,0.0,0.0,9.019434616,0.0,0.0,0.0,0.0,0.0,9.019434616,0.0,0.0,0.0,0.0,0.0,9.019434616,0.0,0.0,0.0,0.0,0.0,9.019434616,0.0,0.0,0.0,0.0,0.0,9.019434616,0.0,0.0,0.0,0.0,0.0,9.019434616,0.0,0.0,0.0,0.0,0.0
diverse_rec,ml20_lambda0.5,0.5,movielens_sample20of200_lambda0.5,20,0,2,17.44349013,17.44349013,17.44349013,16.97984009,1,0.5,solved (0.1 s),solved (0.1 s),0,0,opt,17.44349013,0.0,0.0,0.0,0.0,0.0,18.00844685,0.0,0.0,0.0,0.0,0.0,17.929107750802913,0.0,0.0,0.0,0.0,0.0,17.929107750802913,0.0,0.0,0.0,0.0,0.0,17.44349013,0.0,0.0,0.0,0.0,0.0,17.44349013,0.0,0.0,0.0,0.0,0.0,18.00844685,0.0,0.0,0.0,0.0,0.0,18.00844685,0.0,0.0,0.0,0.0,0.0,17.44349013,0.0,0.0,0.0,0.0,0.0,17.92910775,0.0,0.0,0.0,0.0,0.0,17.92910775,0.0,0.0,0.0,0.0,0.0
diverse_rec,ml20_lambda0.5,0.5,movielens_sample20of200_lambda0.5,20,0,3,24.46712215,24.46712215,24.46712215,23.81152458,1,0.5,solved (0.1 s),solved (0.1 s),0,0,opt,25.29529812,0.0,0.0,0.0,0.0,0.0,25.9602681,0.0,0.0,0.0,0.0,0.0,25.729783405028236,0.0,0.0,0.0,0.0,0.0,25.729783405028236,0.0,0.0,0.0,0.0,0.0,25.29529812,0.0,0.0,0.0,0.0,0.0,25.29529812,0.0,0.0,0.0,0.0,0.0,25.9602681,0.0,0.0,0.0,0.0,0.0,25.9602681,0.0,0.0,0.0,0.0,0.0,25.29529812,0.0,0.0,0.0,0.0,0.0,25.72978341,0.0,0.0,0.0,0.0,0.0,25.72978341,0.0,0.0,0.0,0.0,0.0
diverse_rec,ml20_lambda0.5,0.5,movielens_sample20of200_lambda0.5,20,0,4,30.96167043,30.96167043,30.96167043,30.23432607,1,0.5,solved (0.1 s),solved (0.1 s),0,0,opt,33.14581754,0.0,0.0,0.0,0.0,0.0,33.81207609,0.0,0.0,0.0,0.0,0.0,33.41805411615,0.0,0.0,0.0,0.0,0.0,33.41805411615001,0.0,0.0,0.0,0.0,0.0,33.14581754,0.0,0.0,0.0,0.0,0.0,33.14581754,0.0,0.0,0.0,0.0,0.0,33.81207609,0.0,0.0,0.0,0.0,0.0,33.81207609,0.0,0.0,0.0,0.0,0.0,33.14581754,0.0,0.0,0.0,0.0,0.0,33.41805412,0.0,0.0,0.0,0.0,0.0,33.41805412,0.0,0.0,0.0,0.0,0.0
diverse_rec,ml20_lambda0.5,0.5,movielens_sample20of200_lambda0.5,20,0,5,37.00583465,37.00583465,37.00583465,36.22630152,1,0.5,solved (0.1 s),solved (0.1 s),0,0,opt,40.96309575,0.0,0.0,0.0,0.0,0.0,41.6625955,0.0,0.0,0.0,0.0,0.0,41.07764553834054,0.0,0.0,0.0,0.0,0.0,41.07764553834054,0.0,0.0,0.0,0.0,0.0,40.96309575,0.0,0.0,0.0,0.0,0.0,40.96309575,0.0,0.0,0.0,0.0,0.0,41.6625955,0.0,0.0,0.0,0.0,0.0,41.6625955,0.0,0.0,0.0,0.0,0.0,40.96309575,0.0,0.0,0.0,0.0,0.0,41.07764554,0.0,0.0,0.0,0.0,0.0,41.07764554,0.0,0.0,0.0,0.0,0.0
diverse_rec,ml20_lambda0.5,0.5,movielens_sample20of200_lambda0.5,20,0,6,42.61780675,42.61780675,42.61780675,41.7790923,1,0.5,solved (0.1 s),solved (0.1 s),0,0,opt,48.71785946,0.0,0.0,0.0,0.0,0.0,49.47987372,0.0,0.0,0.0,0.0,0.0,48.693973393056616,0.0,0.0,0.0,0.0,0.0,48.693973393056616,0.0,0.0,0.0,0.0,0.0,48.71785946,0.0,0.0,0.0,0.0,0.0,48.71785946,0.0,0.0,0.0,0.0,0.0,49.47987372,0.0,0.0,0.0,0.0,0.0,49.47987372,0.0,0.0,0.0,0.0,0.0,48.71785946,0.0,0.0,0.0,0.0,0.0,48.69397339,0.0,0.0,0.0,0.0,0.0,48.69397339,0.0,0.0,0.0,0.0,0.0
diverse_rec,ml20_lambda0.5,0.5,movielens_sample20of200_lambda0.5,20,0,7,47.83042926,47.83042926,47.83042926,46.92266802,1,0.5,solved (0.1 s),solved (0.1 s),0,0,opt,56.43937751,0.0,0.0,0.0,0.0,0.0,57.24544415,0.0,0.0,0.0,0.0,0.0,56.245916486603484,0.0,0.0,0.0,0.0,0.0,56.245916486603484,0.0,0.0,0.0,0.0,0.0,56.43937751,0.0,0.0,0.0,0.0,0.0,56.43937751,0.0,0.0,0.0,0.0,0.0,57.24544415,0.0,0.0,0.0,0.0,0.0,57.24544415,0.0,0.0,0.0,0.0,0.0,56.43937751,0.0,0.0,0.0,0.0,0.0,56.25231021,0.0,0.0,0.0,0.0,0.0,56.24591649,0.0,0.0,0.0,0.0,0.0
diverse_rec,ml20_lambda0.5,0.5,movielens_sample20of200_lambda0.5,20,0,8,52.58982959,52.58982959,52.58982959,51.65480782,1,0.5,solved (0.1 s),solved (0.1 s),0,0,opt,63.9394852,0.0,0.0,0.0,0.0,0.0,65.00020786,0.0,0.0,0.0,0.0,0.0,63.48281574084988,0.0,0.0,0.0,0.0,0.0,63.48281574084988,0.0,0.0,0.0,0.0,0.0,63.9394852,0.0,0.0,0.0,0.0,0.0,63.9394852,0.0,0.0,0.0,0.0,0.0,65.00020786,0.0,0.0,0.0,0.0,0.0,65.00020786,0.0,0.0,0.0,0.0,0.0,63.9394852,0.0,0.0,0.0,0.0,0.0,63.49214064,0.0,0.0,0.0,0.0,0.0,63.48281574,0.0,0.0,0.0,0.0,0.0
diverse_rec,ml20_lambda0.5,0.5,movielens_sample20of200_lambda0.5,20,0,9,56.94266958,56.94266958,56.94266958,55.90055868,1,0.5,solved (0.1 s),solved (0.1 s),0,0,opt,71.20510078,0.0,0.0,0.0,0.0,0.0,72.72172592,0.0,0.0,0.0,0.0,0.0,70.41252009653802,0.0,0.0,0.0,0.0,0.0,70.41252009653802,0.0,0.0,0.0,0.0,0.0,71.20510078,0.0,0.0,0.0,0.0,0.0,71.20510078,0.0,0.0,0.0,0.0,0.0,72.72172592,0.0,0.0,0.0,0.0,0.0,72.72172592,0.0,0.0,0.0,0.0,0.0,71.20510078,0.0,0.0,0.0,0.0,0.0,70.41624758,0.0,0.0,0.0,0.0,0.0,70.4125201,0.0,0.0,0.0,0.0,0.0
diverse_rec,ml20_lambda0.5,0.5,movielens_sample20of200_lambda0.5,20,0,10,60.95889876,60.95889876,60.95889876,59.77311714,1,0.5,solved (0.1 s),solved (0.1 s),0,0,opt,78.10429939,0.0,0.0,0.0,0.0,0.0,80.2238863,0.0,0.0,0.0,0.0,0.0,76.69462160353264,0.0,0.0,0.0,0.0,0.0,76.69462160353264,0.0,0.0,0.0,0.0,0.0,78.10429939,0.0,0.0,0.0,0.0,0.0,78.10429939,0.0,0.0,0.0,0.0,0.0,80.2238863,0.0,0.0,0.0,0.0,0.0,80.2238863,0.0,0.0,0.0,0.0,0.0,78.10429939,0.0,0.0,0.0,0.0,0.0,76.92273509,0.0,0.0,0.0,0.0,0.0,76.6946216,0.0,0.0,0.0,0.0,0.0
diverse_rec,ml20_lambda0.5,0.5,movielens_sample20of200_lambda0.5,20,0,11,64.49061127,64.49061127,64.49061127,62.79564395,1,0.5,solved (0.1 s),solved (0.1 s),0,0,opt,80.39039178,0.0,0.0,0.0,0.0,0.0,87.72399398,0.0,0.0,0.0,0.0,0.0,77.81247163771455,0.0,0.0,0.0,0.0,0.0,77.81247163771455,0.0,0.0,0.0,0.0,0.0,80.39039178,0.0,0.0,0.0,0.0,0.0,80.39039178,0.0,0.0,0.0,0.0,0.0,87.72399398,0.0,0.0,0.0,0.0,0.0,87.72399398,0.0,0.0,0.0,0.0,0.0,80.39039178,0.0,0.0,0.0,0.0,0.0,82.88123226,0.0,0.0,0.0,0.0,0.0,77.81247164,0.0,0.0,0.0,0.0,0.0
diverse_rec,ml20_lambda0.5,0.5,movielens_sample20of200_lambda0.5,20,0,12,67.70286036,67.70286036,67.70286036,64.87279315,1,0.5,solved (0.1 s),solved (0.1 s),0,0,opt,80.39039178,0.0,0.0,0.0,0.0,0.0,89.07792321,0.0,0.0,0.0,0.0,0.0,78.0544751662023,0.0,0.0,0.0,0.0,0.0,78.05447516620228,0.0,0.0,0.0,0.0,0.0,80.39039178,0.0,0.0,0.0,0.0,0.0,80.39039178,0.0,0.0,0.0,0.0,0.0,95.1571211,0.0,0.0,0.0,0.0,0.0,89.07792321,0.0,0.0,0.0,0.0,0.0,80.39039178,0.0,0.0,0.0,0.0,0.0,85.07792321,0.0,0.0,0.0,0.0,0.0,78.05447517,0.0,0.0,0.0,0.0,0.0
diverse_rec,ml20_lambda0.5,0.5,movielens_sample20of200_lambda0.5,20,0,13,70.50729874,70.50729874,70.50729874,66.07473288,1,0.5,solved (0.1 s),solved (0.1 s),0,0,opt,80.39039178,0.0,0.0,0.0,0.0,0.0,86.77348482,0.0,0.0,0.0,0.0,0.0,78.28646275833484,0.0,0.0,0.0,0.0,0.0,78.28646275833482,0.0,0.0,0.0,0.0,0.0,80.39039178,0.0,0.0,0.0,0.0,0.0,80.39039178,0.0,0.0,0.0,0.0,0.0,102.4960865,0.0,0.0,0.0,0.0,0.0,86.77348482,0.0,0.0,0.0,0.0,0.0,80.39039178,0.0,0.0,0.0,0.0,0.0,83.27348482,0.0,0.0,0.0,0.0,0.0,78.28646276,0.0,0.0,0.0,0.0,0.0
diverse_rec,ml20_lambda0.5,0.5,movielens_sample20of200_lambda0.5,20,0,14,72.90201647,72.90201647,72.89232889,66.98491963,1,0.5,solved (0.1 s),solved (0.1 s),0,0,opt,80.39039178,0.0,0.0,0.0,0.0,0.0,84.88845468,0.0,0.0,0.0,0.0,0.0,78.53314512408217,0.0,0.0,0.0,0.0,0.0,78.53314512408215,0.0,0.0,0.0,0.0,0.0,80.39039178,0.0,0.0,0.0,0.0,0.0,80.39039178,0.0,0.0,0.0,0.0,0.0,109.7617021,0.0,0.0,0.0,0.0,0.0,84.88845468,0.0,0.0,0.0,0.0,0.0,80.39039178,0.0,0.0,0.0,0.0,0.0,81.88845468,0.0,0.0,0.0,0.0,0.0,78.53314512,0.0,0.0,0.0,0.0,0.0
diverse_rec,ml20_lambda0.5,0.5,movielens_sample20of200_lambda0.5,20,0,15,74.97660087,74.97660087,74.95102144,67.41371126,1,0.5,solved (0.1 s),solved (0.1 s),0,0,opt,80.39039178,0.0,0.0,0.0,0.0,0.0,83.32976213,0.0,0.0,0.0,0.0,0.0,78.7851845535842,0.0,0.0,0.0,0.0,0.0,78.78518455358417,0.0,0.0,0.0,0.0,0.0,80.39039178,0.0,0.0,0.0,0.0,0.0,80.39039178,0.0,0.0,0.0,0.0,0.0,116.8911433,0.0,0.0,0.0,0.0,0.0,83.32976213,0.0,0.0,0.0,0.0,0.0,80.39039178,0.0,0.0,0.0,0.0,0.0,80.82976213,0.0,0.0,0.0,0.0,0.0,78.78518455,0.0,0.0,0.0,0.0,0.0
diverse_rec,ml20_lambda0.5,0.5,movielens_sample20of200_lambda0.5,20,0,16,76.74758085,76.74758085,76.68100433,67.98062379,1,0.5,solved (0.1 s),solved (0.1 s),0,0,opt,80.39039178,0.0,0.0,0.0,0.0,0.0,82.09977924,0.0,0.0,0.0,0.0,0.0,79.04389195039552,0.0,0.0,0.0,0.0,0.0,79.04389195039553,0.0,0.0,0.0,0.0,0.0,80.39039178,0.0,0.0,0.0,0.0,0.0,80.39039178,0.0,0.0,0.0,0.0,0.0,123.9447154,0.0,0.0,0.0,0.0,0.0,82.09977924,0.0,0.0,0.0,0.0,0.0,80.39039178,0.0,0.0,0.0,0.0,0.0,80.09977924,0.0,0.0,0.0,0.0,0.0,79.04389195,0.0,0.0,0.0,0.0,0.0
diverse_rec,ml20_lambda0.5,0.5,movielens_sample20of200_lambda0.5,20,0,17,78.11994886,78.11994886,78.11994886,68.21998008,1,0.5,solved (0.1 s),solved (0.1 s),0,0,opt,80.39039178,0.0,0.0,0.0,0.0,0.0,81.1608347,0.0,0.0,0.0,0.0,0.0,79.27624479806023,0.0,0.0,0.0,0.0,0.0,79.27624479806022,0.0,0.0,0.0,0.0,0.0,80.39039177999999,0.0,0.0,0.0,0.0,0.0,80.39039178,0.0,0.0,0.0,0.0,0.0,130.9692343,0.0,0.0,0.0,0.0,0.0,81.1608347,0.0,0.0,0.0,0.0,0.0,80.39039178,0.0,0.0,0.0,0.0,0.0,79.6608347,0.0,0.0,0.0,0.0,0.0,79.2762448,0.0,0.0,0.0,0.0,0.0
diverse_rec,ml20_lambda0.5,0.5,movielens_sample20of200_lambda0.5,20,0,18,79.1554114,79.1554114,79.1554114,68.12590786,1,0.5,solved (0.1 s),solved (0.1 s),0,0,opt,80.39039178,0.0,0.0,0.0,0.0,0.0,80.62537217,0.0,0.0,0.0,0.0,0.0,79.5502466501726,0.0,0.0,0.0,0.0,0.0,79.55024665017258,0.0,0.0,0.0,0.0,0.0,80.39039177999999,0.0,0.0,0.0,0.0,0.0,80.39039178,0.0,0.0,0.0,0.0,0.0,137.8684329,0.0,0.0,0.0,0.0,0.0,80.62537217,0.0,0.0,0.0,0.0,0.0,80.39039178,0.0,0.0,0.0,0.0,0.0,79.62537217,0.0,0.0,0.0,0.0,0.0,79.55024665,0.0,0.0,0.0,0.0,0.0
diverse_rec,ml20_lambda0.5,0.5,movielens_sample20of200_lambda0.5,20,0,19,79.89039178,79.89039178,79.89039178,68.30683081,1,0.5,solved (0.1 s),solved (0.1 s),0,0,opt,80.39039178,0.0,0.0,0.0,0.0,0.0,80.39039178,0.0,0.0,0.0,0.0,0.0,79.89039178288543,0.0,0.0,0.0,0.0,0.0,79.89039178288543,0.0,0.0,0.0,0.0,0.0,80.39039177999999,0.0,0.0,0.0,0.0,0.0,80.39039178,0.0,0.0,0.0,0.0,0.0,144.4634514,0.0,0.0,0.0,0.0,0.0,80.39039178,0.0,0.0,0.0,0.0,0.0,80.39039178,0.0,0.0,0.0,0.0,0.0,79.89039178,0.0,0.0,0.0,0.0,0.0,79.89039178,0.0,0.0,0.0,0.0,0.0
diverse_rec,ml20_lambda0.5,0.5,movielens_sample20of200_lambda0.5,20,0,20,80.39039178,80.39039178,80.39039178,68.29542665,1,0.5,solved (0.1 s),solved (0.1 s),0,0,opt,80.39039178,0.0,0.0,0.0,0.0,0.0,80.39039178,0.0,0.0,0.0,0.0,0.0,80.39039178288547,0.0,0.0,0.0,0.0,0.0,80.3903917828854,0.0,0.0,0.0,0.0,0.0,80.39039177999999,0.0,0.0,0.0,0.0,0.0,80.39039178,0.0,0.0,0.0,0.0,0.0,150.7807836,0.0,0.0,0.0,0.0,0.0,80.39039178,0.0,0.0,0.0,0.0,0.0,80.39039178,0.0,0.0,0.0,0.0,0.0,80.39039178,0.0,0.0,0.0,0.0,0.0,80.39039178,0.0,0.0,0.0,0.0,0.0
diverse_rec,ml20_lambda0.5,0.5,movielens_sample20of200_lambda0.5,20,1,1,9.28657435,9.28657435,9.28657435,9.28657435,1,0.5,solved (0.1 s),solved (0.1 s),0,0,opt,9.28657435,0.0,0.0,0.0,0.0,0.0,9.28657435,0.0,0.0,0.0,0.0,0.0,9.286574350404328,0.0,0.0,0.0,0.0,0.0,9.286574350404328,0.0,0.0,0.0,0.0,0.0,9.28657435,0.0,0.0,0.0,0.0,0.0,9.28657435,0.0,0.0,0.0,0.0,0.0,9.28657435,0.0,0.0,0.0,0.0,0.0,9.28657435,0.0,0.0,0.0,0.0,0.0,9.28657435,0.0,0.0,0.0,0.0,0.0,9.28657435,0.0,0.0,0.0,0.0,0.0,9.28657435,0.0,0.0,0.0,0.0,0.0
diverse_rec,ml20_lambda0.5,0.5,movielens_sample20of200_lambda0.5,20,1,2,17.4338746,17.4338746,17.4338746,17.28203643,1,0.5,solved (0.1 s),solved (0.1 s),0,0,opt,17.9477553,0.0,0.0,0.0,0.0,0.0,17.97702199,0.0,0.0,0.0,0.0,0.0,17.934094827169258,0.0,0.0,0.0,0.0,0.0,17.934094827169258,0.0,0.0,0.0,0.0,0.0,17.9477553,0.0,0.0,0.0,0.0,0.0,17.9477553,0.0,0.0,0.0,0.0,0.0,17.97702199,0.0,0.0,0.0,0.0,0.0,17.97702199,0.0,0.0,0.0,0.0,0.0,17.9477553,0.0,0.0,0.0,0.0,0.0,17.93409483,0.0,0.0,0.0,0.0,0.0,17.93409483,0.0,0.0,0.0,0.0,0.0
diverse_rec,ml20_lambda0.5,0.5,movielens_sample20of200_lambda0.5,20,1,3,25.09713639,25.09713639,25.01708565,24.74503788,1,0.5,solved (0.1 s),solved (0.1 s),0,0,opt,26.56229182,0.0,0.0,0.0,0.0,0.0,26.63820293,0.0,0.0,0.0,0.0,0.0,26.5457032064576,0.0,0.0,0.0,0.0,0.0,26.545703206457606,0.0,0.0,0.0,0.0,0.0,26.56229182,0.0,0.0,0.0,0.0,0.0,26.56229182,0.0,0.0,0.0,0.0,0.0,26.63820293,0.0,0.0,0.0,0.0,0.0,26.63820293,0.0,0.0,0.0,0.0,0.0,26.56229182,0.0,0.0,0.0,0.0,0.0,26.54570321,0.0,0.0,0.0,0.0,0.0,26.54570321,0.0,0.0,0.0,0.0,0.0
diverse_rec,ml20_lambda0.5,0.5,movielens_sample20of200_lambda0.5,20,1,4,32.16006253,32.16006253,32.16006253,31.54355306,1,0.5,solved (0.1 s),solved (0.1 s),0,0,opt,34.89252941,0.0,0.0,0.0,0.0,0.0,35.25273946,0.0,0.0,0.0,0.0,0.0,34.97114904757057,0.0,0.0,0.0,0.0,0.0,34.97114904757057,0.0,0.0,0.0,0.0,0.0,34.89252941,0.0,0.0,0.0,0.0,0.0,34.89252941,0.0,0.0,0.0,0.0,0.0,35.25273946,0.0,0.0,0.0,0.0,0.0,35.25273946,0.0,0.0,0.0,0.0,0.0,34.89252941,0.0,0.0,0.0,0.0,0.0,34.97114905,0.0,0.0,0.0,0.0,0.0,34.97114905,0.0,0.0,0.0,0.0,0.0
diverse_rec,ml20_lambda0.5,0.5,movielens_sample20of200_lambda0.5,20,1,5,38.46488372,38.46488372,38.46488372,37.79085456,1,0.5,solved (0.1 s),solved (0.1 s),0,0,opt,43.16039807,0.0,0.0,0.0,0.0,0.0,43.58297705,0.0,0.0,0.0,0.0,0.0,43.10223351795714,0.0,0.0,0.0,0.0,0.0,43.10223351795714,0.0,0.0,0.0,0.0,0.0,43.16039807,0.0,0.0,0.0,0.0,0.0,43.16039807,0.0,0.0,0.0,0.0,0.0,43.58297705,0.0,0.0,0.0,0.0,0.0,43.58297705,0.0,0.0,0.0,0.0,0.0,43.16039807,0.0,0.0,0.0,0.0,0.0,43.10223352,0.0,0.0,0.0,0.0,0.0,43.10223352,0.0,0.0,0.0,0.0,0.0
diverse_rec,ml20_lambda0.5,0.5,movielens_sample20of200_lambda0.5,20,1,6,44.32216354,44.32216354,44.32216354,43.52940181,1,0.5,solved (0.1 s),solved (0.1 s),0,0,opt,51.23591887,0.0,0.0,0.0,0.0,0.0,51.8508457,0.0,0.0,0.0,0.0,0.0,51.012622801685055,0.0,0.0,0.0,0.0,0.0,51.012622801685055,0.0,0.0,0.0,0.0,0.0,51.23591887,0.0,0.0,0.0,0.0,0.0,51.23591887,0.0,0.0,0.0,0.0,0.0,51.8508457,0.0,0.0,0.0,0.0,0.0,51.8508457,0.0,0.0,0.0,0.0,0.0,51.23591887,0.0,0.0,0.0,0.0,0.0,51.0126228,0.0,0.0,0.0,0.0,0.0,51.0126228,0.0,0.0,0.0,0.0,0.0
diverse_rec,ml20_lambda0.5,0.5,movielens_sample20of200_lambda0.5,20,1,7,49.73220027,49.73220027,49.73220027,48.67780757,1,0.5,solved (0.1 s),solved (0.1 s),0,0,opt,59.04653207,0.0,0.0,0.0,0.0,0.0,59.93235146,0.0,0.0,0.0,0.0,0.0,58.646655032428356,0.0,0.0,0.0,0.0,0.0,58.646655032428356,0.0,0.0,0.0,0.0,0.0,59.04653207,0.0,0.0,0.0,0.0,0.0,59.04653207,0.0,0.0,0.0,0.0,0.0,59.93235146,0.0,0.0,0.0,0.0,0.0,59.93235146,0.0,0.0,0.0,0.0,0.0,59.04653207,0.0,0.0,0.0,0.0,0.0,58.64665503,0.0,0.0,0.0,0.0,0.0,58.64665503,0.0,0.0,0.0,0.0,0.0
diverse_rec,ml20_lambda0.5,0.5,movielens_sample20of200_lambda0.5,20,1,8,54.64506029,54.64506029,54.64506029,53.34775956,1,0.5,solved (0.1 s),solved (0.1 s),0,0,opt,66.65694961,0.0,0.0,0.0,0.0,0.0,68.00787226,0.0,0.0,0.0,0.0,0.0,65.87963441751346,0.0,0.0,0.0,0.0,0.0,65.87963441751346,0.0,0.0,0.0,0.0,0.0,66.65694961,0.0,0.0,0.0,0.0,0.0,66.65694961,0.0,0.0,0.0,0.0,0.0,68.00787226,0.0,0.0,0.0,0.0,0.0,68.00787226,0.0,0.0,0.0,0.0,0.0,66.65694961,0.0,0.0,0.0,0.0,0.0,65.90345666,0.0,0.0,0.0,0.0,0.0,65.87963442,0.0,0.0,0.0,0.0,0.0
diverse_rec,ml20_lambda0.5,0.5,movielens_sample20of200_lambda0.5,20,1,9,59.11716349,59.11716349,59.11716349,57.62995339,1,0.5,solved (0.1 s),solved (0.1 s),0,0,opt,74.07081838,0.0,0.0,0.0,0.0,0.0,75.84795367,0.0,0.0,0.0,0.0,0.0,72.71087655778797,0.0,0.0,0.0,0.0,0.0,72.71087655778797,0.0,0.0,0.0,0.0,0.0,74.07081838,0.0,0.0,0.0,0.0,0.0,74.07081838,0.0,0.0,0.0,0.0,0.0,75.84795367,0.0,0.0,0.0,0.0,0.0,75.84795367,0.0,0.0,0.0,0.0,0.0,74.07081838,0.0,0.0,0.0,0.0,0.0,72.71937196,0.0,0.0,0.0,0.0,0.0,72.71087656,0.0,0.0,0.0,0.0,0.0
diverse_rec,ml20_lambda0.5,0.5,movielens_sample20of200_lambda0.5,20,1,10,63.06909535,63.06909535,63.06909535,61.42031864,1,0.5,solved (0.1 s),solved (0.1 s),0,0,opt,80.89439937,0.0,0.0,0.0,0.0,0.0,83.64361785,0.0,0.0,0.0,0.0,0.0,78.56078575754299,0.0,0.0,0.0,0.0,0.0,78.56078575754299,0.0,0.0,0.0,0.0,0.0,80.89439937,0.0,0.0,0.0,0.0,0.0,80.89439937,0.0,0.0,0.0,0.0,0.0,83.64361785,0.0,0.0,0.0,0.0,0.0,83.64361785,0.0,0.0,0.0,0.0,0.0,80.89439937,0.0,0.0,0.0,0.0,0.0,78.79881184,0.0,0.0,0.0,0.0,0.0,78.56078576,0.0,0.0,0.0,0.0,0.0
diverse_rec,ml20_lambda0.5,0.5,movielens_sample20of200_lambda0.5,20,1,11,66.65444364,66.65444364,66.65444364,64.53333363,1,0.5,solved (0.1 s),solved (0.1 s),0,0,opt,82.11190169,0.0,0.0,0.0,0.0,0.0,91.34683468,0.0,0.0,0.0,0.0,0.0,79.53050592479545,0.0,0.0,0.0,0.0,0.0,79.53050592479545,0.0,0.0,0.0,0.0,0.0,82.11190168,0.0,0.0,0.0,0.0,0.0,82.11190169,0.0,0.0,0.0,0.0,0.0,91.34683468,0.0,0.0,0.0,0.0,0.0,91.34683468,0.0,0.0,0.0,0.0,0.0,82.11190169,0.0,0.0,0.0,0.0,0.0,84.21151421,0.0,0.0,0.0,0.0,0.0,79.53050592,0.0,0.0,0.0,0.0,0.0
diverse_rec,ml20_lambda0.5,0.5,movielens_sample20of200_lambda0.5,20,1,12,69.75282879,69.75282879,69.75282879,66.37864011,1,0.5,solved (0.1 s),solved (0.1 s),0,0,opt,82.11190169,0.0,0.0,0.0,0.0,0.0,90.47097459,0.0,0.0,0.0,0.0,0.0,79.77463051281869,0.0,0.0,0.0,0.0,0.0,79.77463051281869,0.0,0.0,0.0,0.0,0.0,82.11190168,0.0,0.0,0.0,0.0,0.0,82.11190169,0.0,0.0,0.0,0.0,0.0,98.95725222,0.0,0.0,0.0,0.0,0.0,90.47097459,0.0,0.0,0.0,0.0,0.0,82.11190169,0.0,0.0,0.0,0.0,0.0,86.47097459,0.0,0.0,0.0,0.0,0.0,79.77463051,0.0,0.0,0.0,0.0,0.0
diverse_rec,ml20_lambda0.5,0.5,movielens_sample20of200_lambda0.5,20,1,13,72.47064629,72.47064629,72.47064629,67.55226063,1,0.5,solved (0.1 s),solved (0.1 s),0,0,opt,82.11190169,0.0,0.0,0.0,0.0,0.0,88.25315709,0.0,0.0,0.0,0.0,0.0,80.01984871473091,0.0,0.0,0.0,0.0,0.0,80.01984871473094,0.0,0.0,0.0,0.0,0.0,82.11190168,0.0,0.0,0.0,0.0,0.0,82.11190169,0.0,0.0,0.0,0.0,0.0,106.4354075,0.0,0.0,0.0,0.0,0.0,88.25315709,0.0,0.0,0.0,0.0,0.0,82.11190169,0.0,0.0,0.0,0.0,0.0,84.75315709,0.0,0.0,0.0,0.0,0.0,80.01984871,0.0,0.0,0.0,0.0,0.0
diverse_rec,ml20_lambda0.5,0.5,movielens_sample20of200_lambda0.5,20,1,14,74.88984347,74.88984347,74.87816586,68.51037365,1,0.5,solved (0.1 s),solved (0.1 s),0,0,opt,82.11190169,0.0,0.0,0.0,0.0,0.0,86.34563752,0.0,0.0,0.0,0.0,0.0,80.26329473001961,0.0,0.0,0.0,0.0,0.0,80.26329473001964,0.0,0.0,0.0,0.0,0.0,82.11190168,0.0,0.0,0.0,0.0,0.0,82.11190169,0.0,0.0,0.0,0.0,0.0,113.8492763,0.0,0.0,0.0,0.0,0.0,86.34563752,0.0,0.0,0.0,0.0,0.0,82.11190169,0.0,0.0,0.0,0.0,0.0,83.34563752,0.0,0.0,0.0,0.0,0.0,80.26329473,0.0,0.0,0.0,0.0,0.0
diverse_rec,ml20_lambda0.5,0.5,movielens_sample20of200_lambda0.5,20,1,15,76.95631821,76.95631821,76.95631821,69.07035261,1,0.5,solved (0.1 s),solved (0.1 s),0,0,opt,82.11190169,0.0,0.0,0.0,0.0,0.0,84.76748516,0.0,0.0,0.0,0.0,0.0,80.48635140102164,0.0,0.0,0.0,0.0,0.0,80.48635140102164,0.0,0.0,0.0,0.0,0.0,82.11190168,0.0,0.0,0.0,0.0,0.0,82.11190169,0.0,0.0,0.0,0.0,0.0,120.9922827,0.0,0.0,0.0,0.0,0.0,84.76748516,0.0,0.0,0.0,0.0,0.0,82.11190169,0.0,0.0,0.0,0.0,0.0,82.26748516,0.0,0.0,0.0,0.0,0.0,80.4863514,0.0,0.0,0.0,0.0,0.0
diverse_rec,ml20_lambda0.5,0.5,movielens_sample20of200_lambda0.5,20,1,16,78.64523942,78.64523942,78.64523942,69.27439381,1,0.5,solved (0.1 s),solved (0.1 s),0,0,opt,82.11190169,0.0,0.0,0.0,0.0,0.0,83.57856396,0.0,0.0,0.0,0.0,0.0,80.71464872402241,0.0,0.0,0.0,0.0,0.0,80.71464872402241,0.0,0.0,0.0,0.0,0.0,82.11190168,0.0,0.0,0.0,0.0,0.0,82.11190169,0.0,0.0,0.0,0.0,0.0,127.9958885,0.0,0.0,0.0,0.0,0.0,83.57856396,0.0,0.0,0.0,0.0,0.0,82.11190169,0.0,0.0,0.0,0.0,0.0,81.57856396,0.0,0.0,0.0,0.0,0.0,80.71464872,0.0,0.0,0.0,0.0,0.0
diverse_rec,ml20_lambda0.5,0.5,movielens_sample20of200_lambda0.5,20,1,17,79.91356784,79.91356784,79.91356784,69.51885208,1,0.5,solved (0.1 s),solved (0.1 s),0,0,opt,82.11190169,0.0,0.0,0.0,0.0,0.0,82.81023554,0.0,0.0,0.0,0.0,0.0,80.97723706133614,0.0,0.0,0.0,0.0,0.0,80.97723706133613,0.0,0.0,0.0,0.0,0.0,82.11190168,0.0,0.0,0.0,0.0,0.0,82.11190169,0.0,0.0,0.0,0.0,0.0,134.8970774,0.0,0.0,0.0,0.0,0.0,82.81023554,0.0,0.0,0.0,0.0,0.0,82.11190169,0.0,0.0,0.0,0.0,0.0,81.31023554,0.0,0.0,0.0,0.0,0.0,80.97723706,0.0,0.0,0.0,0.0,0.0
diverse_rec,ml20_lambda0.5,0.5,movielens_sample20of200_lambda0.5,20,1,18,80.89862323,80.89862323,80.89862323,69.61797391,1,0.5,solved (0.1 s),solved (0.1 s),0,0,opt,82.11190169,0.0,0.0,0.0,0.0,0.0,82.32518015,0.0,0.0,0.0,0.0,0.0,81.2614074367452,0.0,0.0,0.0,0.0,0.0,81.26140743674519,0.0,0.0,0.0,0.0,0.0,82.11190168,0.0,0.0,0.0,0.0,0.0,82.11190169,0.0,0.0,0.0,0.0,0.0,141.7206584,0.0,0.0,0.0,0.0,0.0,82.32518015,0.0,0.0,0.0,0.0,0.0,82.11190169,0.0,0.0,0.0,0.0,0.0,81.32518015,0.0,0.0,0.0,0.0,0.0,81.26140744,0.0,0.0,0.0,0.0,0.0
diverse_rec,ml20_lambda0.5,0.5,movielens_sample20of200_lambda0.5,20,1,19,81.61190169,81.61190169,81.61190169,69.68965881,1,0.5,solved (0.1 s),solved (0.1 s),0,0,opt,82.11190169,0.0,0.0,0.0,0.0,0.0,82.11190169,0.0,0.0,0.0,0.0,0.0,81.61190168903053,0.0,0.0,0.0,0.0,0.0,81.61190168903053,0.0,0.0,0.0,0.0,0.0,82.11190168,0.0,0.0,0.0,0.0,0.0,82.11190169,0.0,0.0,0.0,0.0,0.0,148.0684869,0.0,0.0,0.0,0.0,0.0,82.11190169,0.0,0.0,0.0,0.0,0.0,82.11190169,0.0,0.0,0.0,0.0,0.0,81.61190169,0.0,0.0,0.0,0.0,0.0,81.61190169,0.0,0.0,0.0,0.0,0.0
diverse_rec,ml20_lambda0.5,0.5,movielens_sample20of200_lambda0.5,20,1,20,82.11190169,82.11190169,82.11190169,69.5432708,1,0.5,solved (0.1 s),solved (0.1 s),0,0,opt,82.11190169,0.0,0.0,0.0,0.0,0.0,82.11190169,0.0,0.0,0.0,0.0,0.0,82.11190168903052,0.0,0.0,0.0,0.0,0.0,82.11190168903047,0.0,0.0,0.0,0.0,0.0,82.11190168,0.0,0.0,0.0,0.0,0.0,82.11190169,0.0,0.0,0.0,0.0,0.0,154.2238034,0.0,0.0,0.0,0.0,0.0,82.11190169,0.0,0.0,0.0,0.0,0.0,82.11190169,0.0,0.0,0.0,0.0,0.0,82.11190169,0.0,0.0,0.0,0.0,0.0,82.11190169,0.0,0.0,0.0,0.0,0.0
diverse_rec,ml20_lambda0.5,0.5,movielens_sample20of200_lambda0.5,20,2,1,9.007074946,9.007074946,9.007074946,9.007074946,1,0.5,solved (0.1 s),solved (0.1 s),0,0,opt,9.007074946,0.0,0.0,0.0,0.0,0.0,9.007074946,0.0,0.0,0.0,0.0,0.0,9.007074945866336,0.0,0.0,0.0,0.0,0.0,9.007074945866336,0.0,0.0,0.0,0.0,0.0,9.007074946,0.0,0.0,0.0,0.0,0.0,9.007074946,0.0,0.0,0.0,0.0,0.0,9.007074946,0.0,0.0,0.0,0.0,0.0,9.007074946,0.0,0.0,0.0,0.0,0.0,9.007074946,0.0,0.0,0.0,0.0,0.0,9.007074946,0.0,0.0,0.0,0.0,0.0,9.007074946,0.0,0.0,0.0,0.0,0.0
diverse_rec,ml20_lambda0.5,0.5,movielens_sample20of200_lambda0.5,20,2,2,17.41629024,17.41629024,17.41629024,17.1608599,1,0.5,solved (0.1 s),solved (0.1 s),0,0,opt,17.4505698,0.0,0.0,0.0,0.0,0.0,17.98571089,0.0,0.0,0.0,0.0,0.0,17.942241554621685,0.0,0.0,0.0,0.0,0.0,17.942241554621685,0.0,0.0,0.0,0.0,0.0,17.4505698,0.0,0.0,0.0,0.0,0.0,17.4505698,0.0,0.0,0.0,0.0,0.0,17.98571089,0.0,0.0,0.0,0.0,0.0,17.98571089,0.0,0.0,0.0,0.0,0.0,17.4505698,0.0,0.0,0.0,0.0,0.0,17.94224155,0.0,0.0,0.0,0.0,0.0,17.94224155,0.0,0.0,0.0,0.0,0.0
diverse_rec,ml20_lambda0.5,0.5,movielens_sample20of200_lambda0.5,20,2,3,24.79199119,24.79199119,24.79199119,24.46947039,1,0.5,solved (0.1 s),solved (0.1 s),0,0,opt,25.81066339,0.0,0.0,0.0,0.0,0.0,26.42920575,0.0,0.0,0.0,0.0,0.0,26.283607422313885,0.0,0.0,0.0,0.0,0.0,26.283607422313885,0.0,0.0,0.0,0.0,0.0,25.81066339,0.0,0.0,0.0,0.0,0.0,25.81066339,0.0,0.0,0.0,0.0,0.0,26.42920575,0.0,0.0,0.0,0.0,0.0,26.42920575,0.0,0.0,0.0,0.0,0.0,25.81066339,0.0,0.0,0.0,0.0,0.0,26.28360742,0.0,0.0,0.0,0.0,0.0,26.28360742,0.0,0.0,0.0,0.0,0.0
diverse_rec,ml20_lambda0.5,0.5,movielens_sample20of200_lambda0.5,20,2,4,31.69208148,31.69208148,31.69208148,31.0828094,1,0.5,solved (0.1 s),solved (0.1 s),0,0,opt,34.16199712,0.0,0.0,0.0,0.0,0.0,34.78929933,0.0,0.0,0.0,0.0,0.0,34.556647289872394,0.0,0.0,0.0,0.0,0.0,34.556647289872394,0.0,0.0,0.0,0.0,0.0,34.16199712,0.0,0.0,0.0,0.0,0.0,34.16199712,0.0,0.0,0.0,0.0,0.0,34.78929933,0.0,0.0,0.0,0.0,0.0,34.78929933,0.0,0.0,0.0,0.0,0.0,34.16199712,0.0,0.0,0.0,0.0,0.0,34.55664729,0.0,0.0,0.0,0.0,0.0,34.55664729,0.0,0.0,0.0,0.0,0.0
diverse_rec,ml20_lambda0.5,0.5,movielens_sample20of200_lambda0.5,20,2,5,38.03057473,38.03057473,38.03057473,37.12653825,1,0.5,solved (0.1 s),solved (0.1 s),0,0,opt,42.0571486,0.0,0.0,0.0,0.0,0.0,43.14063306,0.0,0.0,0.0,0.0,0.0,42.43532174411116,0.0,0.0,0.0,0.0,0.0,42.43532174411116,0.0,0.0,0.0,0.0,0.0,42.0571486,0.0,0.0,0.0,0.0,0.0,42.0571486,0.0,0.0,0.0,0.0,0.0,43.14063306,0.0,0.0,0.0,0.0,0.0,43.14063306,0.0,0.0,0.0,0.0,0.0,42.0571486,0.0,0.0,0.0,0.0,0.0,42.43532174,0.0,0.0,0.0,0.0,0.0,42.43532174,0.0,0.0,0.0,0.0,0.0
diverse_rec,ml20_lambda0.5,0.5,movielens_sample20of200_lambda0.5,20,2,6,43.68727721,43.68727721,43.68727721,42.60824373,1,0.5,solved (0.1 s),solved (0.1 s),0,0,opt,49.84146023,0.0,0.0,0.0,0.0,0.0,51.03578455,0.0,0.0,0.0,0.0,0.0,49.970040845702634,0.0,0.0,0.0,0.0,0.0,49.970040845702634,0.0,0.0,0.0,0.0,0.0,49.84146023,0.0,0.0,0.0,0.0,0.0,49.84146023,0.0,0.0,0.0,0.0,0.0,51.03578455,0.0,0.0,0.0,0.0,0.0,51.03578455,0.0,0.0,0.0,0.0,0.0,49.84146023,0.0,0.0,0.0,0.0,0.0,49.97004085,0.0,0.0,0.0,0.0,0.0,49.97004085,0.0,0.0,0.0,0.0,0.0
diverse_rec,ml20_lambda0.5,0.5,movielens_sample20of200_lambda0.5,20,2,7,48.90598694,48.90598694,48.90598694,47.62403992,1,0.5,solved (0.1 s),solved (0.1 s),0,0,opt,57.58524637,0.0,0.0,0.0,0.0,0.0,58.8749889,0.0,0.0,0.0,0.0,0.0,57.37453906925552,0.0,0.0,0.0,0.0,0.0,57.37453906925552,0.0,0.0,0.0,0.0,0.0,57.58524637,0.0,0.0,0.0,0.0,0.0,57.58524637,0.0,0.0,0.0,0.0,0.0,58.8749889,0.0,0.0,0.0,0.0,0.0,58.8749889,0.0,0.0,0.0,0.0,0.0,57.58524637,0.0,0.0,0.0,0.0,0.0,57.39524551,0.0,0.0,0.0,0.0,0.0,57.37453907,0.0,0.0,0.0,0.0,0.0
diverse_rec,ml20_lambda0.5,0.5,movielens_sample20of200_lambda0.5,20,2,8,53.60473003,53.60473003,53.60473003,52.14758094,1,0.5,solved (0.1 s),solved (0.1 s),0,0,opt,64.89548911,0.0,0.0,0.0,0.0,0.0,66.65930053,0.0,0.0,0.0,0.0,0.0,64.21900916442446,0.0,0.0,0.0,0.0,0.0,64.21900916442446,0.0,0.0,0.0,0.0,0.0,64.89548911,0.0,0.0,0.0,0.0,0.0,64.89548911,0.0,0.0,0.0,0.0,0.0,66.65930053,0.0,0.0,0.0,0.0,0.0,66.65930053,0.0,0.0,0.0,0.0,0.0,64.89548911,0.0,0.0,0.0,0.0,0.0,64.2428019,0.0,0.0,0.0,0.0,0.0,64.21900916,0.0,0.0,0.0,0.0,0.0
diverse_rec,ml20_lambda0.5,0.5,movielens_sample20of200_lambda0.5,20,2,9,57.89983637,57.89983637,57.89304123,56.20859993,1,0.5,solved (0.1 s),solved (0.1 s),0,0,opt,71.99300792,0.0,0.0,0.0,0.0,0.0,74.40308667,0.0,0.0,0.0,0.0,0.0,70.55417606092843,0.0,0.0,0.0,0.0,0.0,70.55417606092843,0.0,0.0,0.0,0.0,0.0,71.99300792,0.0,0.0,0.0,0.0,0.0,71.99300792,0.0,0.0,0.0,0.0,0.0,74.40308667,0.0,0.0,0.0,0.0,0.0,74.40308667,0.0,0.0,0.0,0.0,0.0,71.99300792,0.0,0.0,0.0,0.0,0.0,70.57685135,0.0,0.0,0.0,0.0,0.0,70.55417606,0.0,0.0,0.0,0.0,0.0
diverse_rec,ml20_lambda0.5,0.5,movielens_sample20of200_lambda0.5,20,2,10,61.81398132,61.81398132,61.80810807,59.93483369,1,0.5,solved (0.1 s),solved (0.1 s),0,0,opt,78.6589078,0.0,0.0,0.0,0.0,0.0,81.87397301,0.0,0.0,0.0,0.0,0.0,76.40936688951798,0.0,0.0,0.0,0.0,0.0,76.40936688951798,0.0,0.0,0.0,0.0,0.0,78.6589078,0.0,0.0,0.0,0.0,0.0,78.6589078,0.0,0.0,0.0,0.0,0.0,81.87397301,0.0,0.0,0.0,0.0,0.0,81.87397301,0.0,0.0,0.0,0.0,0.0,78.6589078,0.0,0.0,0.0,0.0,0.0,76.52873709,0.0,0.0,0.0,0.0,0.0,76.40936689,0.0,0.0,0.0,0.0,0.0
diverse_rec,ml20_lambda0.5,0.5,movielens_sample20of200_lambda0.5,20,2,11,65.27434356,65.27434356,65.27434356,62.90337926,1,0.5,solved (0.1 s),solved (0.1 s),0,0,opt,80.18607444,0.0,0.0,0.0,0.0,0.0,89.18421575,0.0,0.0,0.0,0.0,0.0,77.57219741545718,0.0,0.0,0.0,0.0,0.0,77.57219741545717,0.0,0.0,0.0,0.0,0.0,80.18607442999999,0.0,0.0,0.0,0.0,0.0,80.18607444,0.0,0.0,0.0,0.0,0.0,89.18421575,0.0,0.0,0.0,0.0,0.0,89.18421575,0.0,0.0,0.0,0.0,0.0,80.18607444,0.0,0.0,0.0,0.0,0.0,81.81825333,0.0,0.0,0.0,0.0,0.0,77.57219742,0.0,0.0,0.0,0.0,0.0
diverse_rec,ml20_lambda0.5,0.5,movielens_sample20of200_lambda0.5,20,2,12,68.22009463,68.22009463,68.22009463,64.71070898,1,0.5,solved (0.1 s),solved (0.1 s),0,0,opt,80.18607444,0.0,0.0,0.0,0.0,0.0,88.15205425,0.0,0.0,0.0,0.0,0.0,77.82804207582102,0.0,0.0,0.0,0.0,0.0,77.82804207582102,0.0,0.0,0.0,0.0,0.0,80.18607442999999,0.0,0.0,0.0,0.0,0.0,80.18607444,0.0,0.0,0.0,0.0,0.0,96.38551869,0.0,0.0,0.0,0.0,0.0,88.15205425,0.0,0.0,0.0,0.0,0.0,80.18607444,0.0,0.0,0.0,0.0,0.0,84.15205425,0.0,0.0,0.0,0.0,0.0,77.82804208,0.0,0.0,0.0,0.0,0.0
diverse_rec,ml20_lambda0.5,0.5,movielens_sample20of200_lambda0.5,20,2,13,70.87856448,70.87856448,70.87856448,66.0294599,1,0.5,solved (0.1 s),solved (0.1 s),0,0,opt,80.18607444,0.0,0.0,0.0,0.0,0.0,85.9935844,0.0,0.0,0.0,0.0,0.0,78.05504015712822,0.0,0.0,0.0,0.0,0.0,78.05504015712818,0.0,0.0,0.0,0.0,0.0,80.18607442999999,0.0,0.0,0.0,0.0,0.0,80.18607444,0.0,0.0,0.0,0.0,0.0,103.5283277,0.0,0.0,0.0,0.0,0.0,85.9935844,0.0,0.0,0.0,0.0,0.0,80.18607444,0.0,0.0,0.0,0.0,0.0,82.4935844,0.0,0.0,0.0,0.0,0.0,78.05504016,0.0,0.0,0.0,0.0,0.0
diverse_rec,ml20_lambda0.5,0.5,movielens_sample20of200_lambda0.5,20,2,14,73.11479158,73.11479158,73.10979205,66.78296084,1,0.5,solved (0.1 s),solved (0.1 s),0,0,opt,80.18607444,0.0,0.0,0.0,0.0,0.0,84.26235682,0.0,0.0,0.0,0.0,0.0,78.30858867216848,0.0,0.0,0.0,0.0,0.0,78.30858867216851,0.0,0.0,0.0,0.0,0.0,80.18607442999999,0.0,0.0,0.0,0.0,0.0,80.18607444,0.0,0.0,0.0,0.0,0.0,110.6258465,0.0,0.0,0.0,0.0,0.0,84.26235682,0.0,0.0,0.0,0.0,0.0,80.18607444,0.0,0.0,0.0,0.0,0.0,81.26235682,0.0,0.0,0.0,0.0,0.0,78.30858867,0.0,0.0,0.0,0.0,0.0
diverse_rec,ml20_lambda0.5,0.5,movielens_sample20of200_lambda0.5,20,2,15,75.05268106,75.05268106,75.05268106,67.3198771,1,0.5,solved (0.1 s),solved (0.1 s),0,0,opt,80.18607444,0.0,0.0,0.0,0.0,0.0,82.81946782,0.0,0.0,0.0,0.0,0.0,78.55771833432314,0.0,0.0,0.0,0.0,0.0,78.55771833432313,0.0,0.0,0.0,0.0,0.0,80.18607442999999,0.0,0.0,0.0,0.0,0.0,80.18607444,0.0,0.0,0.0,0.0,0.0,117.6784783,0.0,0.0,0.0,0.0,0.0,82.81946782,0.0,0.0,0.0,0.0,0.0,80.18607444,0.0,0.0,0.0,0.0,0.0,80.31946782,0.0,0.0,0.0,0.0,0.0,78.55771833,0.0,0.0,0.0,0.0,0.0
diverse_rec,ml20_lambda0.5,0.5,movielens_sample20of200_lambda0.5,20,2,16,76.69904033,76.69904033,76.69904033,67.57626254,1,0.5,solved (0.1 s),solved (0.1 s),0,0,opt,80.18607444,0.0,0.0,0.0,0.0,0.0,81.67310855,0.0,0.0,0.0,0.0,0.0,78.80655098428424,0.0,0.0,0.0,0.0,0.0,78.80655098428424,0.0,0.0,0.0,0.0,0.0,80.18607442999999,0.0,0.0,0.0,0.0,0.0,80.18607444,0.0,0.0,0.0,0.0,0.0,124.5680944,0.0,0.0,0.0,0.0,0.0,81.67310855,0.0,0.0,0.0,0.0,0.0,80.18607444,0.0,0.0,0.0,0.0,0.0,79.67310855,0.0,0.0,0.0,0.0,0.0,78.80655098,0.0,0.0,0.0,0.0,0.0
diverse_rec,ml20_lambda0.5,0.5,movielens_sample20of200_lambda0.5,20,2,17,78.0311156,78.0311156,78.0311156,68.01825359,1,0.5,solved (0.1 s),solved (0.1 s),0,0,opt,80.18607444,0.0,0.0,0.0,0.0,0.0,80.84103327,0.0,0.0,0.0,0.0,0.0,79.04666272987693,0.0,0.0,0.0,0.0,0.0,79.04666272987696,0.0,0.0,0.0,0.0,0.0,80.18607442999999,0.0,0.0,0.0,0.0,0.0,80.18607444,0.0,0.0,0.0,0.0,0.0,131.4153788,0.0,0.0,0.0,0.0,0.0,80.84103327,0.0,0.0,0.0,0.0,0.0,80.18607444,0.0,0.0,0.0,0.0,0.0,79.34103327,0.0,0.0,0.0,0.0,0.0,79.04666273,0.0,0.0,0.0,0.0,0.0
diverse_rec,ml20_lambda0.5,0.5,movielens_sample20of200_lambda0.5,20,2,18,79.0197615,79.0197615,79.0197615,68.06762315,1,0.5,solved (0.1 s),solved (0.1 s),0,0,opt,80.18607444,0.0,0.0,0.0,0.0,0.0,80.35238737,0.0,0.0,0.0,0.0,0.0,79.3108753588588,0.0,0.0,0.0,0.0,0.0,79.31087535885882,0.0,0.0,0.0,0.0,0.0,80.18607442999999,0.0,0.0,0.0,0.0,0.0,80.18607444,0.0,0.0,0.0,0.0,0.0,138.0812787,0.0,0.0,0.0,0.0,0.0,80.35238737,0.0,0.0,0.0,0.0,0.0,80.18607444,0.0,0.0,0.0,0.0,0.0,79.35238737,0.0,0.0,0.0,0.0,0.0,79.31087536,0.0,0.0,0.0,0.0,0.0
diverse_rec,ml20_lambda0.5,0.5,movielens_sample20of200_lambda0.5,20,2,19,79.68607444,79.68607444,79.68607444,67.9922898,1,0.5,solved (0.1 s),solved (0.1 s),0,0,opt,80.18607444,0.0,0.0,0.0,0.0,0.0,80.18607444,0.0,0.0,0.0,0.0,0.0,79.68607443673734,0.0,0.0,0.0,0.0,0.0,79.68607443673734,0.0,0.0,0.0,0.0,0.0,80.18607442999999,0.0,0.0,0.0,0.0,0.0,80.18607444,0.0,0.0,0.0,0.0,0.0,144.4079822,0.0,0.0,0.0,0.0,0.0,80.18607444,0.0,0.0,0.0,0.0,0.0,80.18607444,0.0,0.0,0.0,0.0,0.0,79.68607444,0.0,0.0,0.0,0.0,0.0,79.68607444,0.0,0.0,0.0,0.0,0.0
diverse_rec,ml20_lambda0.5,0.5,movielens_sample20of200_lambda0.5,20,2,20,80.18607444,80.18607444,80.18607444,68.01629906,1,0.5,solved (0.1 s),solved (0.1 s),0,0,opt,80.18607444,0.0,0.0,0.0,0.0,0.0,80.18607444,0.0,0.0,0.0,0.0,0.0,80.18607443673733,0.0,0.0,0.0,0.0,0.0,80.18607443673727,0.0,0.0,0.0,0.0,0.0,80.18607442999999,0.0,0.0,0.0,0.0,0.0,80.18607444,0.0,0.0,0.0,0.0,0.0,150.3721489,0.0,0.0,0.0,0.0,0.0,80.18607444,0.0,0.0,0.0,0.0,0.0,80.18607444,0.0,0.0,0.0,0.0,0.0,80.18607444,0.0,0.0,0.0,0.0,0.0,80.18607444,0.0,0.0,0.0,0.0,0.0
diverse_rec,ml20_lambda0.5,0.5,movielens_sample20of200_lambda0.5,20,3,1,8.744091739,8.744091739,8.744091739,8.744091739,1,0.5,solved (0.1 s),solved (0.1 s),0,0,opt,8.744091739,0.0,0.0,0.0,0.0,0.0,8.744091739,0.0,0.0,0.0,0.0,0.0,8.744091738758309,0.0,0.0,0.0,0.0,0.0,8.744091738758309,0.0,0.0,0.0,0.0,0.0,8.744091739,0.0,0.0,0.0,0.0,0.0,8.744091739,0.0,0.0,0.0,0.0,0.0,8.744091739,0.0,0.0,0.0,0.0,0.0,8.744091739,0.0,0.0,0.0,0.0,0.0,8.744091739,0.0,0.0,0.0,0.0,0.0,8.744091739,0.0,0.0,0.0,0.0,0.0,8.744091739,0.0,0.0,0.0,0.0,0.0
diverse_rec,ml20_lambda0.5,0.5,movielens_sample20of200_lambda0.5,20,3,2,16.23950332,16.23950332,16.23950332,16.0426361,1,0.5,solved (0.1 s),solved (0.1 s),0,0,opt,16.72417991,0.0,0.0,0.0,0.0,0.0,16.84457711,0.0,0.0,0.0,0.0,0.0,16.783739924800923,0.0,0.0,0.0,0.0,0.0,16.783739924800923,0.0,0.0,0.0,0.0,0.0,16.72417991,0.0,0.0,0.0,0.0,0.0,16.72417991,0.0,0.0,0.0,0.0,0.0,16.84457711,0.0,0.0,0.0,0.0,0.0,16.84457711,0.0,0.0,0.0,0.0,0.0,16.72417991,0.0,0.0,0.0,0.0,0.0,16.78373992,0.0,0.0,0.0,0.0,0.0,16.78373992,0.0,0.0,0.0,0.0,0.0
diverse_rec,ml20_lambda0.5,0.5,movielens_sample20of200_lambda0.5,20,3,3,23.1881155,23.1881155,23.1881155,22.91741645,1,0.5,solved (0.1 s),solved (0.1 s),0,0,opt,24.52450078,0.0,0.0,0.0,0.0,0.0,24.82466529,0.0,0.0,0.0,0.0,0.0,24.657217806857734,0.0,0.0,0.0,0.0,0.0,24.65721780685772,0.0,0.0,0.0,0.0,0.0,24.52450078,0.0,0.0,0.0,0.0,0.0,24.52450078,0.0,0.0,0.0,0.0,0.0,24.82466529,0.0,0.0,0.0,0.0,0.0,24.82466529,0.0,0.0,0.0,0.0,0.0,24.52450078,0.0,0.0,0.0,0.0,0.0,24.65721781,0.0,0.0,0.0,0.0,0.0,24.65721781,0.0,0.0,0.0,0.0,0.0
diverse_rec,ml20_lambda0.5,0.5,movielens_sample20of200_lambda0.5,20,3,4,29.70574606,29.70574606,29.70574606,29.32596872,1,0.5,solved (0.1 s),solved (0.1 s),0,0,opt,32.28716748,0.0,0.0,0.0,0.0,0.0,32.62498615,0.0,0.0,0.0,0.0,0.0,32.3645235315248,0.0,0.0,0.0,0.0,0.0,32.3645235315248,0.0,0.0,0.0,0.0,0.0,32.28716748,0.0,0.0,0.0,0.0,0.0,32.28716748,0.0,0.0,0.0,0.0,0.0,32.62498615,0.0,0.0,0.0,0.0,0.0,32.62498615,0.0,0.0,0.0,0.0,0.0,32.28716748,0.0,0.0,0.0,0.0,0.0,32.36452353,0.0,0.0,0.0,0.0,0.0,32.36452353,0.0,0.0,0.0,0.0,0.0
diverse_rec,ml20_lambda0.5,0.5,movielens_sample20of200_lambda0.5,20,3,5,35.71641927,35.71641927,35.71268638,35.18672122,1,0.5,solved (0.1 s),solved (0.1 s),0,0,opt,40.0046378,0.0,0.0,0.0,0.0,0.0,40.38765285,0.0,0.0,0.0,0.0,0.0,40.01870417699945,0.0,0.0,0.0,0.0,0.0,40.01870417699945,0.0,0.0,0.0,0.0,0.0,40.0046378,0.0,0.0,0.0,0.0,0.0,40.0046378,0.0,0.0,0.0,0.0,0.0,40.38765285,0.0,0.0,0.0,0.0,0.0,40.38765285,0.0,0.0,0.0,0.0,0.0,40.0046378,0.0,0.0,0.0,0.0,0.0,40.01870418,0.0,0.0,0.0,0.0,0.0,40.01870418,0.0,0.0,0.0,0.0,0.0
diverse_rec,ml20_lambda0.5,0.5,movielens_sample20of200_lambda0.5,20,3,6,41.28661508,41.28661508,41.28661508,40.59762194,1,0.5,solved (0.1 s),solved (0.1 s),0,0,opt,47.39450987,0.0,0.0,0.0,0.0,0.0,48.10512317,0.0,0.0,0.0,0.0,0.0,47.234465277450745,0.0,0.0,0.0,0.0,0.0,47.234465277450745,0.0,0.0,0.0,0.0,0.0,47.39450987,0.0,0.0,0.0,0.0,0.0,47.39450987,0.0,0.0,0.0,0.0,0.0,48.10512317,0.0,0.0,0.0,0.0,0.0,48.10512317,0.0,0.0,0.0,0.0,0.0,47.39450987,0.0,0.0,0.0,0.0,0.0,47.23446528,0.0,0.0,0.0,0.0,0.0,47.23446528,0.0,0.0,0.0,0.0,0.0
diverse_rec,ml20_lambda0.5,0.5,movielens_sample20of200_lambda0.5,20,3,7,46.36870308,46.36870308,46.36870308,45.59923183,1,0.5,solved (0.1 s),solved (0.1 s),0,0,opt,54.76431544,0.0,0.0,0.0,0.0,0.0,55.51226582,0.0,0.0,0.0,0.0,0.0,54.37178996725284,0.0,0.0,0.0,0.0,0.0,54.37178996725284,0.0,0.0,0.0,0.0,0.0,54.76431544,0.0,0.0,0.0,0.0,0.0,54.76431544,0.0,0.0,0.0,0.0,0.0,55.51226582,0.0,0.0,0.0,0.0,0.0,55.51226582,0.0,0.0,0.0,0.0,0.0,54.76431544,0.0,0.0,0.0,0.0,0.0,54.37178997,0.0,0.0,0.0,0.0,0.0,54.37178997,0.0,0.0,0.0,0.0,0.0
diverse_rec,ml20_lambda0.5,0.5,movielens_sample20of200_lambda0.5,20,3,8,51.11717426,51.11717426,51.11717426,50.22789101,1,0.5,solved (0.1 s),solved (0.1 s),0,0,opt,62.07772001,0.0,0.0,0.0,0.0,0.0,62.90213789,0.0,0.0,0.0,0.0,0.0,61.43433516482143,0.0,0.0,0.0,0.0,0.0,61.43433516482143,0.0,0.0,0.0,0.0,0.0,62.07772001,0.0,0.0,0.0,0.0,0.0,62.07772001,0.0,0.0,0.0,0.0,0.0,62.90213789,0.0,0.0,0.0,0.0,0.0,62.90213789,0.0,0.0,0.0,0.0,0.0,62.07772001,0.0,0.0,0.0,0.0,0.0,61.43942059,0.0,0.0,0.0,0.0,0.0,61.43433516,0.0,0.0,0.0,0.0,0.0
diverse_rec,ml20_lambda0.5,0.5,movielens_sample20of200_lambda0.5,20,3,9,55.44903015,55.44903015,55.44903015,54.49216602,1,0.5,solved (0.1 s),solved (0.1 s),0,0,opt,69.22601874,0.0,0.0,0.0,0.0,0.0,70.27194346,0.0,0.0,0.0,0.0,0.0,68.2868855184416,0.0,0.0,0.0,0.0,0.0,68.2868855184416,0.0,0.0,0.0,0.0,0.0,69.22601874,0.0,0.0,0.0,0.0,0.0,69.22601874,0.0,0.0,0.0,0.0,0.0,70.27194346,0.0,0.0,0.0,0.0,0.0,70.27194346,0.0,0.0,0.0,0.0,0.0,69.22601874,0.0,0.0,0.0,0.0,0.0,68.32761793,0.0,0.0,0.0,0.0,0.0,68.28688552,0.0,0.0,0.0,0.0,0.0
diverse_rec,ml20_lambda0.5,0.5,movielens_sample20of200_lambda0.5,20,3,10,59.39128217,59.39128217,59.39128217,58.31900906,1,0.5,solved (0.1 s),solved (0.1 s),0,0,opt,76.29647254,0.0,0.0,0.0,0.0,0.0,77.62266917,0.0,0.0,0.0,0.0,0.0,74.8723006303284,0.0,0.0,0.0,0.0,0.0,74.8723006303284,0.0,0.0,0.0,0.0,0.0,76.29647254,0.0,0.0,0.0,0.0,0.0,76.29647254,0.0,0.0,0.0,0.0,0.0,77.62266917,0.0,0.0,0.0,0.0,0.0,77.62266917,0.0,0.0,0.0,0.0,0.0,76.29647254,0.0,0.0,0.0,0.0,0.0,74.87720642,0.0,0.0,0.0,0.0,0.0,74.87230063,0.0,0.0,0.0,0.0,0.0
diverse_rec,ml20_lambda0.5,0.5,movielens_sample20of200_lambda0.5,20,3,11,62.88430582,62.88430583,62.88430583,61.4739281,1,0.5,solved (0.1 s),solved (0.1 s),0,0,opt,78.74793972,0.0,0.0,0.0,0.0,0.0,84.93607374,0.0,0.0,0.0,0.0,0.0,76.17074367375517,0.0,0.0,0.0,0.0,0.0,76.17074367375517,0.0,0.0,0.0,0.0,0.0,78.747939719,0.0,0.0,0.0,0.0,0.0,78.74793972,0.0,0.0,0.0,0.0,0.0,84.93607374,0.0,0.0,0.0,0.0,0.0,84.93607374,0.0,0.0,0.0,0.0,0.0,78.74793972,0.0,0.0,0.0,0.0,0.0,81.28233353,0.0,0.0,0.0,0.0,0.0,76.17074367,0.0,0.0,0.0,0.0,0.0
diverse_rec,ml20_lambda0.5,0.5,movielens_sample20of200_lambda0.5,20,3,12,66.0492435,66.0492435,66.0492435,63.29901056,1,0.5,solved (0.1 s),solved (0.1 s),0,0,opt,78.74793972,0.0,0.0,0.0,0.0,0.0,87.44663595,0.0,0.0,0.0,0.0,0.0,76.40049800938255,0.0,0.0,0.0,0.0,0.0,76.40049800938257,0.0,0.0,0.0,0.0,0.0,78.747939719,0.0,0.0,0.0,0.0,0.0,78.74793972,0.0,0.0,0.0,0.0,0.0,92.1019851,0.0,0.0,0.0,0.0,0.0,87.44663595,0.0,0.0,0.0,0.0,0.0,78.74793972,0.0,0.0,0.0,0.0,0.0,83.44663595,0.0,0.0,0.0,0.0,0.0,76.40049801,0.0,0.0,0.0,0.0,0.0
diverse_rec,ml20_lambda0.5,0.5,movielens_sample20of200_lambda0.5,20,3,13,68.8670565,68.8670565,68.85023867,64.57462735,1,0.5,solved (0.1 s),solved (0.1 s),0,0,opt,78.74793972,0.0,0.0,0.0,0.0,0.0,85.14564078,0.0,0.0,0.0,0.0,0.0,76.64907220417795,0.0,0.0,0.0,0.0,0.0,76.64907220417797,0.0,0.0,0.0,0.0,0.0,78.747939719,0.0,0.0,0.0,0.0,0.0,78.74793972,0.0,0.0,0.0,0.0,0.0,99.26142099,0.0,0.0,0.0,0.0,0.0,85.14564078,0.0,0.0,0.0,0.0,0.0,78.74793972,0.0,0.0,0.0,0.0,0.0,81.64564078,0.0,0.0,0.0,0.0,0.0,76.6490722,0.0,0.0,0.0,0.0,0.0
diverse_rec,ml20_lambda0.5,0.5,movielens_sample20of200_lambda0.5,20,3,14,71.32638289,71.32638289,71.30443474,65.32781492,1,0.5,solved (0.1 s),solved (0.1 s),0,0,opt,78.74793972,0.0,0.0,0.0,0.0,0.0,83.1914447,0.0,0.0,0.0,0.0,0.0,76.89218693375672,0.0,0.0,0.0,0.0,0.0,76.89218693375669,0.0,0.0,0.0,0.0,0.0,78.747939719,0.0,0.0,0.0,0.0,0.0,78.74793972,0.0,0.0,0.0,0.0,0.0,106.4097197,0.0,0.0,0.0,0.0,0.0,83.1914447,0.0,0.0,0.0,0.0,0.0,78.74793972,0.0,0.0,0.0,0.0,0.0,80.1914447,0.0,0.0,0.0,0.0,0.0,76.89218693,0.0,0.0,0.0,0.0,0.0
diverse_rec,ml20_lambda0.5,0.5,movielens_sample20of200_lambda0.5,20,3,15,73.43426634,73.43426634,73.38007716,66.07913092,1,0.5,solved (0.1 s),solved (0.1 s),0,0,opt,78.74793972,0.0,0.0,0.0,0.0,0.0,81.61580228,0.0,0.0,0.0,0.0,0.0,77.13501227590103,0.0,0.0,0.0,0.0,0.0,77.13501227590103,0.0,0.0,0.0,0.0,0.0,78.747939719,0.0,0.0,0.0,0.0,0.0,78.74793972,0.0,0.0,0.0,0.0,0.0,113.5426272,0.0,0.0,0.0,0.0,0.0,81.61580228,0.0,0.0,0.0,0.0,0.0,78.74793972,0.0,0.0,0.0,0.0,0.0,79.11580228,0.0,0.0,0.0,0.0,0.0,77.13501228,0.0,0.0,0.0,0.0,0.0
diverse_rec,ml20_lambda0.5,0.5,movielens_sample20of200_lambda0.5,20,3,16,75.11868177,75.11868177,75.09280528,66.51377609,1,0.5,solved (0.1 s),solved (0.1 s),0,0,opt,78.74793972,0.0,0.0,0.0,0.0,0.0,80.40307417,0.0,0.0,0.0,0.0,0.0,77.38884860537529,0.0,0.0,0.0,0.0,0.0,77.38884860537529,0.0,0.0,0.0,0.0,0.0,78.747939719,0.0,0.0,0.0,0.0,0.0,78.74793972,0.0,0.0,0.0,0.0,0.0,120.6740889,0.0,0.0,0.0,0.0,0.0,80.40307417,0.0,0.0,0.0,0.0,0.0,78.74793972,0.0,0.0,0.0,0.0,0.0,78.40307417,0.0,0.0,0.0,0.0,0.0,77.38884861,0.0,0.0,0.0,0.0,0.0
diverse_rec,ml20_lambda0.5,0.5,movielens_sample20of200_lambda0.5,20,3,17,76.47284891,76.47284891,76.47098358,66.5994332,1,0.5,solved (0.1 s),solved (0.1 s),0,0,opt,78.74793972,0.0,0.0,0.0,0.0,0.0,79.52489586,0.0,0.0,0.0,0.0,0.0,77.64001844203761,0.0,0.0,0.0,0.0,0.0,77.6400184420376,0.0,0.0,0.0,0.0,0.0,78.747939719,0.0,0.0,0.0,0.0,0.0,78.74793972,0.0,0.0,0.0,0.0,0.0,127.7618694,0.0,0.0,0.0,0.0,0.0,79.52489586,0.0,0.0,0.0,0.0,0.0,78.74793972,0.0,0.0,0.0,0.0,0.0,78.02489586,0.0,0.0,0.0,0.0,0.0,77.64001844,0.0,0.0,0.0,0.0,0.0
diverse_rec,ml20_lambda0.5,0.5,movielens_sample20of200_lambda0.5,20,3,18,77.52839183,77.52839183,77.52839183,66.95426378,1,0.5,solved (0.1 s),solved (0.1 s),0,0,opt,78.74793972,0.0,0.0,0.0,0.0,0.0,78.96748761,0.0,0.0,0.0,0.0,0.0,77.90049933300433,0.0,0.0,0.0,0.0,0.0,77.90049933300435,0.0,0.0,0.0,0.0,0.0,78.747939719,0.0,0.0,0.0,0.0,0.0,78.74793972,0.0,0.0,0.0,0.0,0.0,134.8323232,0.0,0.0,0.0,0.0,0.0,78.96748761,0.0,0.0,0.0,0.0,0.0,78.74793972,0.0,0.0,0.0,0.0,0.0,77.96748761,0.0,0.0,0.0,0.0,0.0,77.90049933,0.0,0.0,0.0,0.0,0.0
diverse_rec,ml20_lambda0.5,0.5,movielens_sample20of200_lambda0.5,20,3,19,78.24793972,78.24793972,78.24793972,66.7706612,1,0.5,solved (0.1 s),solved (0.1 s),0,0,opt,78.74793972,0.0,0.0,0.0,0.0,0.0,78.74793972,0.0,0.0,0.0,0.0,0.0,78.24793972250974,0.0,0.0,0.0,0.0,0.0,78.24793972250973,0.0,0.0,0.0,0.0,0.0,78.747939719,0.0,0.0,0.0,0.0,0.0,78.74793972,0.0,0.0,0.0,0.0,0.0,141.2682678,0.0,0.0,0.0,0.0,0.0,78.74793972,0.0,0.0,0.0,0.0,0.0,78.74793972,0.0,0.0,0.0,0.0,0.0,78.24793972,0.0,0.0,0.0,0.0,0.0,78.24793972,0.0,0.0,0.0,0.0,0.0
diverse_rec,ml20_lambda0.5,0.5,movielens_sample20of200_lambda0.5,20,3,20,78.74793972,78.74793972,78.74793972,66.89102515,1,0.5,solved (0.1 s),solved (0.1 s),0,0,opt,78.74793972,0.0,0.0,0.0,0.0,0.0,78.74793972,0.0,0.0,0.0,0.0,0.0,78.74793972250976,0.0,0.0,0.0,0.0,0.0,78.74793972250974,0.0,0.0,0.0,0.0,0.0,78.747939719,0.0,0.0,0.0,0.0,0.0,78.74793972,0.0,0.0,0.0,0.0,0.0,147.4958794,0.0,0.0,0.0,0.0,0.0,78.74793972,0.0,0.0,0.0,0.0,0.0,78.74793972,0.0,0.0,0.0,0.0,0.0,78.74793972,0.0,0.0,0.0,0.0,0.0,78.74793972,0.0,0.0,0.0,0.0,0.0
diverse_rec,ml20_lambda0.5,0.5,movielens_sample20of200_lambda0.5,20,4,1,8.933471541,8.933471541,8.933471541,8.933471541,1,0.5,solved (0.1 s),solved (0.1 s),0,0,opt,8.933471541,0.0,0.0,0.0,0.0,0.0,8.933471541,0.0,0.0,0.0,0.0,0.0,8.93347154122702,0.0,0.0,0.0,0.0,0.0,8.93347154122702,0.0,0.0,0.0,0.0,0.0,8.933471541,0.0,0.0,0.0,0.0,0.0,8.933471541,0.0,0.0,0.0,0.0,0.0,8.933471541,0.0,0.0,0.0,0.0,0.0,8.933471541,0.0,0.0,0.0,0.0,0.0,8.933471541,0.0,0.0,0.0,0.0,0.0,8.933471541,0.0,0.0,0.0,0.0,0.0,8.933471541,0.0,0.0,0.0,0.0,0.0
diverse_rec,ml20_lambda0.5,0.5,movielens_sample20of200_lambda0.5,20,4,2,17.32398346,17.32398346,17.32398346,17.28366953,1,0.5,solved (0.1 s),solved (0.1 s),0,0,opt,17.74275443,0.0,0.0,0.0,0.0,0.0,17.82276312,0.0,0.0,0.0,0.0,0.0,17.8146287253926,0.0,0.0,0.0,0.0,0.0,17.8146287253926,0.0,0.0,0.0,0.0,0.0,17.74275443,0.0,0.0,0.0,0.0,0.0,17.74275443,0.0,0.0,0.0,0.0,0.0,17.82276312,0.0,0.0,0.0,0.0,0.0,17.82276312,0.0,0.0,0.0,0.0,0.0,17.74275443,0.0,0.0,0.0,0.0,0.0,17.81462873,0.0,0.0,0.0,0.0,0.0,17.81462873,0.0,0.0,0.0,0.0,0.0
diverse_rec,ml20_lambda0.5,0.5,movielens_sample20of200_lambda0.5,20,4,3,25.1772165,25.1772165,25.1772165,24.92216883,1,0.5,solved (0.1 s),solved (0.1 s),0,0,opt,26.39897096,0.0,0.0,0.0,0.0,0.0,26.63204601,0.0,0.0,0.0,0.0,0.0,26.578607149529162,0.0,0.0,0.0,0.0,0.0,26.578607149529162,0.0,0.0,0.0,0.0,0.0,26.39897096,0.0,0.0,0.0,0.0,0.0,26.39897096,0.0,0.0,0.0,0.0,0.0,26.63204601,0.0,0.0,0.0,0.0,0.0,26.63204601,0.0,0.0,0.0,0.0,0.0,26.39897096,0.0,0.0,0.0,0.0,0.0,26.57860715,0.0,0.0,0.0,0.0,0.0,26.57860715,0.0,0.0,0.0,0.0,0.0
diverse_rec,ml20_lambda0.5,0.5,movielens_sample20of200_lambda0.5,20,4,4,32.38829091,32.38829091,32.38829091,31.92009201,1,0.5,solved (0.1 s),solved (0.1 s),0,0,opt,34.79053805,0.0,0.0,0.0,0.0,0.0,35.28826254,0.0,0.0,0.0,0.0,0.0,35.07535177421774,0.0,0.0,0.0,0.0,0.0,35.07535177421773,0.0,0.0,0.0,0.0,0.0,34.79053805,0.0,0.0,0.0,0.0,0.0,34.79053805,0.0,0.0,0.0,0.0,0.0,35.28826254,0.0,0.0,0.0,0.0,0.0,35.28826254,0.0,0.0,0.0,0.0,0.0,34.79053805,0.0,0.0,0.0,0.0,0.0,35.07535177,0.0,0.0,0.0,0.0,0.0,35.07535177,0.0,0.0,0.0,0.0,0.0
diverse_rec,ml20_lambda0.5,0.5,movielens_sample20of200_lambda0.5,20,4,5,39.02001941,39.02001941,39.02001941,38.42049009,1,0.5,solved (0.1 s),solved (0.1 s),0,0,opt,43.13895472,0.0,0.0,0.0,0.0,0.0,43.67982962,0.0,0.0,0.0,0.0,0.0,43.31200215150578,0.0,0.0,0.0,0.0,0.0,43.31200215150578,0.0,0.0,0.0,0.0,0.0,43.13895472,0.0,0.0,0.0,0.0,0.0,43.13895472,0.0,0.0,0.0,0.0,0.0,43.67982962,0.0,0.0,0.0,0.0,0.0,43.67982962,0.0,0.0,0.0,0.0,0.0,43.13895472,0.0,0.0,0.0,0.0,0.0,43.31200215,0.0,0.0,0.0,0.0,0.0,43.31200215,0.0,0.0,0.0,0.0,0.0
diverse_rec,ml20_lambda0.5,0.5,movielens_sample20of200_lambda0.5,20,4,6,45.08798276,45.08798276,45.08798276,44.4428527,1,0.5,solved (0.1 s),solved (0.1 s),0,0,opt,51.43214552,0.0,0.0,0.0,0.0,0.0,52.02824629,0.0,0.0,0.0,0.0,0.0,51.50568757565781,0.0,0.0,0.0,0.0,0.0,51.50568757565781,0.0,0.0,0.0,0.0,0.0,51.43214552,0.0,0.0,0.0,0.0,0.0,51.43214552,0.0,0.0,0.0,0.0,0.0,52.02824629,0.0,0.0,0.0,0.0,0.0,52.02824629,0.0,0.0,0.0,0.0,0.0,51.43214552,0.0,0.0,0.0,0.0,0.0,51.50568758,0.0,0.0,0.0,0.0,0.0,51.50568758,0.0,0.0,0.0,0.0,0.0
diverse_rec,ml20_lambda0.5,0.5,movielens_sample20of200_lambda0.5,20,4,7,50.73027004,50.73027004,50.73027004,49.99239243,1,0.5,solved (0.1 s),solved (0.1 s),0,0,opt,59.68807345,0.0,0.0,0.0,0.0,0.0,60.36801473,0.0,0.0,0.0,0.0,0.0,59.61220423370197,0.0,0.0,0.0,0.0,0.0,59.61220423370197,0.0,0.0,0.0,0.0,0.0,59.68807345,0.0,0.0,0.0,0.0,0.0,59.68807345,0.0,0.0,0.0,0.0,0.0,60.36801473,0.0,0.0,0.0,0.0,0.0,60.36801473,0.0,0.0,0.0,0.0,0.0,59.68807345,0.0,0.0,0.0,0.0,0.0,59.61220423,0.0,0.0,0.0,0.0,0.0,59.61220423,0.0,0.0,0.0,0.0,0.0
diverse_rec,ml20_lambda0.5,0.5,movielens_sample20of200_lambda0.5,20,4,8,55.92314349,55.92314349,55.92314349,55.09058655,1,0.5,solved (0.1 s),solved (0.1 s),0,0,opt,67.88084559,0.0,0.0,0.0,0.0,0.0,68.66120554,0.0,0.0,0.0,0.0,0.0,67.61104761737383,0.0,0.0,0.0,0.0,0.0,67.61104761737384,0.0,0.0,0.0,0.0,0.0,67.88084559,0.0,0.0,0.0,0.0,0.0,67.88084559,0.0,0.0,0.0,0.0,0.0,68.66120554,0.0,0.0,0.0,0.0,0.0,68.66120554,0.0,0.0,0.0,0.0,0.0,67.88084559,0.0,0.0,0.0,0.0,0.0,67.61104762,0.0,0.0,0.0,0.0,0.0,67.61104762,0.0,0.0,0.0,0.0,0.0
diverse_rec,ml20_lambda0.5,0.5,movielens_sample20of200_lambda0.5,20,4,9,60.71527902,60.71527902,60.71527902,59.65163756,1,0.5,solved (0.1 s),solved (0.1 s),0,0,opt,75.75146266,0.0,0.0,0.0,0.0,0.0,76.91713347,0.0,0.0,0.0,0.0,0.0,75.21468432997015,0.0,0.0,0.0,0.0,0.0,75.21468432997015,0.0,0.0,0.0,0.0,0.0,75.75146266,0.0,0.0,0.0,0.0,0.0,75.75146266,0.0,0.0,0.0,0.0,0.0,76.91713347,0.0,0.0,0.0,0.0,0.0,76.91713347,0.0,0.0,0.0,0.0,0.0,75.75146266,0.0,0.0,0.0,0.0,0.0,75.29656619,0.0,0.0,0.0,0.0,0.0,75.21468433,0.0,0.0,0.0,0.0,0.0
diverse_rec,ml20_lambda0.5,0.5,movielens_sample20of200_lambda0.5,20,4,10,65.04913935,65.04913935,65.04913935,63.77447155,1,0.5,solved (0.1 s),solved (0.1 s),0,0,opt,83.03161194,0.0,0.0,0.0,0.0,0.0,85.13496085,0.0,0.0,0.0,0.0,0.0,81.88009339736819,0.0,0.0,0.0,0.0,0.0,81.88009339736819,0.0,0.0,0.0,0.0,0.0,83.03161194,0.0,0.0,0.0,0.0,0.0,83.03161194,0.0,0.0,0.0,0.0,0.0,85.13496085,0.0,0.0,0.0,0.0,0.0,85.13496085,0.0,0.0,0.0,0.0,0.0,83.03161194,0.0,0.0,0.0,0.0,0.0,82.36156809,0.0,0.0,0.0,0.0,0.0,81.8800934,0.0,0.0,0.0,0.0,0.0
diverse_rec,ml20_lambda0.5,0.5,movielens_sample20of200_lambda0.5,20,4,11,68.87344695,68.87344695,68.87344695,67.07207268,1,0.5,solved (0.1 s),solved (0.1 s),0,0,opt,85.60575583,0.0,0.0,0.0,0.0,0.0,93.32773299,0.0,0.0,0.0,0.0,0.0,83.0545691284338,0.0,0.0,0.0,0.0,0.0,83.0545691284338,0.0,0.0,0.0,0.0,0.0,85.60575582999999,0.0,0.0,0.0,0.0,0.0,85.60575583,0.0,0.0,0.0,0.0,0.0,93.32773299,0.0,0.0,0.0,0.0,0.0,93.32773299,0.0,0.0,0.0,0.0,0.0,85.60575583,0.0,0.0,0.0,0.0,0.0,88.10842604,0.0,0.0,0.0,0.0,0.0,83.05456913,0.0,0.0,0.0,0.0,0.0
diverse_rec,ml20_lambda0.5,0.5,movielens_sample20of200_lambda0.5,20,4,12,72.28120073,72.28120073,72.28120073,69.18549531,1,0.5,solved (0.1 s),solved (0.1 s),0,0,opt,85.60575583,0.0,0.0,0.0,0.0,0.0,94.93031093,0.0,0.0,0.0,0.0,0.0,83.29200677496213,0.0,0.0,0.0,0.0,0.0,83.2920067749621,0.0,0.0,0.0,0.0,0.0,85.60575582999999,0.0,0.0,0.0,0.0,0.0,85.60575583,0.0,0.0,0.0,0.0,0.0,101.3947051,0.0,0.0,0.0,0.0,0.0,94.93031093,0.0,0.0,0.0,0.0,0.0,85.60575583,0.0,0.0,0.0,0.0,0.0,90.93031093,0.0,0.0,0.0,0.0,0.0,83.29200677,0.0,0.0,0.0,0.0,0.0
diverse_rec,ml20_lambda0.5,0.5,movielens_sample20of200_lambda0.5,20,4,13,75.22696427,75.22696427,75.22696427,70.63206271,1,0.5,solved (0.1 s),solved (0.1 s),0,0,opt,85.60575583,0.0,0.0,0.0,0.0,0.0,92.48454739,0.0,0.0,0.0,0.0,0.0,83.54319534701233,0.0,0.0,0.0,0.0,0.0,83.5431953470123,0.0,0.0,0.0,0.0,0.0,85.60575582999999,0.0,0.0,0.0,0.0,0.0,85.60575583,0.0,0.0,0.0,0.0,0.0,109.2941022,0.0,0.0,0.0,0.0,0.0,92.48454739,0.0,0.0,0.0,0.0,0.0,85.60575583,0.0,0.0,0.0,0.0,0.0,88.98454739,0.0,0.0,0.0,0.0,0.0,83.54319535,0.0,0.0,0.0,0.0,0.0
diverse_rec,ml20_lambda0.5,0.5,movielens_sample20of200_lambda0.5,20,4,14,77.86869045,77.86869045,77.86869045,71.51887093,1,0.5,solved (0.1 s),solved (0.1 s),0,0,opt,85.60575583,0.0,0.0,0.0,0.0,0.0,90.34282121,0.0,0.0,0.0,0.0,0.0,83.77973121046881,0.0,0.0,0.0,0.0,0.0,83.7797312104688,0.0,0.0,0.0,0.0,0.0,85.605755827,0.0,0.0,0.0,0.0,0.0,85.60575583,0.0,0.0,0.0,0.0,0.0,117.1647192,0.0,0.0,0.0,0.0,0.0,90.34282121,0.0,0.0,0.0,0.0,0.0,85.60575583,0.0,0.0,0.0,0.0,0.0,87.34282121,0.0,0.0,0.0,0.0,0.0,83.77973121,0.0,0.0,0.0,0.0,0.0
diverse_rec,ml20_lambda0.5,0.5,movielens_sample20of200_lambda0.5,20,4,15,80.04244653,80.04244653,80.04244653,71.96333973,1,0.5,solved (0.1 s),solved (0.1 s),0,0,opt,85.60575583,0.0,0.0,0.0,0.0,0.0,88.66906513,0.0,0.0,0.0,0.0,0.0,84.02742123128911,0.0,0.0,0.0,0.0,0.0,84.02742123128913,0.0,0.0,0.0,0.0,0.0,85.605755827,0.0,0.0,0.0,0.0,0.0,85.60575583,0.0,0.0,0.0,0.0,0.0,124.9975654,0.0,0.0,0.0,0.0,0.0,88.66906513,0.0,0.0,0.0,0.0,0.0,85.60575583,0.0,0.0,0.0,0.0,0.0,86.16906513,0.0,0.0,0.0,0.0,0.0,84.02742123,0.0,0.0,0.0,0.0,0.0
diverse_rec,ml20_lambda0.5,0.5,movielens_sample20of200_lambda0.5,20,4,16,81.90508192,81.90508192,81.90508192,72.38982356,1,0.5,solved (0.1 s),solved (0.1 s),0,0,opt,85.60575583,0.0,0.0,0.0,0.0,0.0,87.30642974,0.0,0.0,0.0,0.0,0.0,84.26316553604953,0.0,0.0,0.0,0.0,0.0,84.26316553604953,0.0,0.0,0.0,0.0,0.0,85.605755827,0.0,0.0,0.0,0.0,0.0,85.60575583,0.0,0.0,0.0,0.0,0.0,132.583449,0.0,0.0,0.0,0.0,0.0,87.30642974,0.0,0.0,0.0,0.0,0.0,85.60575583,0.0,0.0,0.0,0.0,0.0,85.30642974,0.0,0.0,0.0,0.0,0.0,84.26316554,0.0,0.0,0.0,0.0,0.0
diverse_rec,ml20_lambda0.5,0.5,movielens_sample20of200_lambda0.5,20,4,17,83.35302704,83.35302704,83.35302704,72.5841047,1,0.5,solved (0.1 s),solved (0.1 s),0,0,opt,85.60575583,0.0,0.0,0.0,0.0,0.0,86.35848462,0.0,0.0,0.0,0.0,0.0,84.49759342508905,0.0,0.0,0.0,0.0,0.0,84.49759342508905,0.0,0.0,0.0,0.0,0.0,85.605755827,0.0,0.0,0.0,0.0,0.0,85.60575583,0.0,0.0,0.0,0.0,0.0,139.8795346,0.0,0.0,0.0,0.0,0.0,86.35848462,0.0,0.0,0.0,0.0,0.0,85.60575583,0.0,0.0,0.0,0.0,0.0,84.85848462,0.0,0.0,0.0,0.0,0.0,84.49759343,0.0,0.0,0.0,0.0,0.0
diverse_rec,ml20_lambda0.5,0.5,movielens_sample20of200_lambda0.5,20,4,18,84.42855729,84.42855729,84.42855729,72.764347,1,0.5,solved (0.1 s),solved (0.1 s),0,0,opt,85.60575583,0.0,0.0,0.0,0.0,0.0,85.78295437,0.0,0.0,0.0,0.0,0.0,84.7365878771043,0.0,0.0,0.0,0.0,0.0,84.73658787710428,0.0,0.0,0.0,0.0,0.0,85.605755827,0.0,0.0,0.0,0.0,0.0,85.60575583,0.0,0.0,0.0,0.0,0.0,147.1596839,0.0,0.0,0.0,0.0,0.0,85.78295437,0.0,0.0,0.0,0.0,0.0,85.60575583,0.0,0.0,0.0,0.0,0.0,84.78295437,0.0,0.0,0.0,0.0,0.0,84.73658788,0.0,0.0,0.0,0.0,0.0
diverse_rec,ml20_lambda0.5,0.5,movielens_sample20of200_lambda0.5,20,4,19,85.10575583,85.10575583,85.10575583,72.87495948,1,0.5,solved (0.1 s),solved (0.1 s),0,0,opt,85.60575583,0.0,0.0,0.0,0.0,0.0,85.60575583,0.0,0.0,0.0,0.0,0.0,85.10575583059331,0.0,0.0,0.0,0.0,0.0,85.1057558305933,0.0,0.0,0.0,0.0,0.0,85.605755827,0.0,0.0,0.0,0.0,0.0,85.60575583,0.0,0.0,0.0,0.0,0.0,154.3059536,0.0,0.0,0.0,0.0,0.0,85.60575583,0.0,0.0,0.0,0.0,0.0,85.60575583,0.0,0.0,0.0,0.0,0.0,85.10575583,0.0,0.0,0.0,0.0,0.0,85.10575583,0.0,0.0,0.0,0.0,0.0
diverse_rec,ml20_lambda0.5,0.5,movielens_sample20of200_lambda0.5,20,4,20,85.60575583,85.60575583,85.60575583,72.961335,1,0.5,solved (0.1 s),solved (0.1 s),0,0,opt,85.60575583,0.0,0.0,0.0,0.0,0.0,85.60575583,0.0,0.0,0.0,0.0,0.0,85.60575583059331,0.0,0.0,0.0,0.0,0.0,85.60575583059341,0.0,0.0,0.0,0.0,0.0,85.605755827,0.0,0.0,0.0,0.0,0.0,85.60575583,0.0,0.0,0.0,0.0,0.0,161.2115117,0.0,0.0,0.0,0.0,0.0,85.60575583,0.0,0.0,0.0,0.0,0.0,85.60575583,0.0,0.0,0.0,0.0,0.0,85.60575583,0.0,0.0,0.0,0.0,0.0,85.60575583,0.0,0.0,0.0,0.0,0.0
diverse_rec,ml20_lambda0.5,0.5,movielens_sample20of200_lambda0.5,20,5,1,8.910784322,8.910784322,8.910784322,8.910784322,1,0.5,solved (0.1 s),solved (0.1 s),0,0,opt,8.910784322,0.0,0.0,0.0,0.0,0.0,8.910784322,0.0,0.0,0.0,0.0,0.0,8.910784321534607,0.0,0.0,0.0,0.0,0.0,8.910784321534607,0.0,0.0,0.0,0.0,0.0,8.910784322,0.0,0.0,0.0,0.0,0.0,8.910784322,0.0,0.0,0.0,0.0,0.0,8.910784322,0.0,0.0,0.0,0.0,0.0,8.910784322,0.0,0.0,0.0,0.0,0.0,8.910784322,0.0,0.0,0.0,0.0,0.0,8.910784322,0.0,0.0,0.0,0.0,0.0,8.910784322,0.0,0.0,0.0,0.0,0.0
diverse_rec,ml20_lambda0.5,0.5,movielens_sample20of200_lambda0.5,20,5,2,17.1499067,17.1499067,17.1499067,17.08077616,1,0.5,solved (0.1 s),solved (0.1 s),0,0,opt,17.58988249,0.0,0.0,0.0,0.0,0.0,17.65918354,0.0,0.0,0.0,0.0,0.0,17.643204810762885,0.0,0.0,0.0,0.0,0.0,17.643204810762885,0.0,0.0,0.0,0.0,0.0,17.58988249,0.0,0.0,0.0,0.0,0.0,17.58988249,0.0,0.0,0.0,0.0,0.0,17.65918354,0.0,0.0,0.0,0.0,0.0,17.65918354,0.0,0.0,0.0,0.0,0.0,17.58988249,0.0,0.0,0.0,0.0,0.0,17.64320481,0.0,0.0,0.0,0.0,0.0,17.64320481,0.0,0.0,0.0,0.0,0.0
diverse_rec,ml20_lambda0.5,0.5,movielens_sample20of200_lambda0.5,20,5,3,24.8767535,24.8767535,24.8767535,24.5601391,1,0.5,solved (0.1 s),solved (0.1 s),0,0,opt,25.97952569,0.0,0.0,0.0,0.0,0.0,26.33828171,0.0,0.0,0.0,0.0,0.0,26.248776244871795,0.0,0.0,0.0,0.0,0.0,26.24877624487179,0.0,0.0,0.0,0.0,0.0,25.97952569,0.0,0.0,0.0,0.0,0.0,25.97952569,0.0,0.0,0.0,0.0,0.0,26.33828171,0.0,0.0,0.0,0.0,0.0,26.33828171,0.0,0.0,0.0,0.0,0.0,25.97952569,0.0,0.0,0.0,0.0,0.0,26.24877624,0.0,0.0,0.0,0.0,0.0,26.24877624,0.0,0.0,0.0,0.0,0.0
diverse_rec,ml20_lambda0.5,0.5,movielens_sample20of200_lambda0.5,20,5,4,31.91834814,31.91834814,31.91834814,31.38354706,1,0.5,solved (0.1 s),solved (0.1 s),0,0,opt,34.25713612,0.0,0.0,0.0,0.0,0.0,34.72792491,0.0,0.0,0.0,0.0,0.0,34.51912799750005,0.0,0.0,0.0,0.0,0.0,34.51912799750005,0.0,0.0,0.0,0.0,0.0,34.25713612,0.0,0.0,0.0,0.0,0.0,34.25713612,0.0,0.0,0.0,0.0,0.0,34.72792491,0.0,0.0,0.0,0.0,0.0,34.72792491,0.0,0.0,0.0,0.0,0.0,34.25713612,0.0,0.0,0.0,0.0,0.0,34.519128,0.0,0.0,0.0,0.0,0.0,34.519128,0.0,0.0,0.0,0.0,0.0
diverse_rec,ml20_lambda0.5,0.5,movielens_sample20of200_lambda0.5,20,5,5,38.34587259,38.34587259,38.34587259,37.71426188,1,0.5,solved (0.1 s),solved (0.1 s),0,0,opt,42.53297494,0.0,0.0,0.0,0.0,0.0,43.00553534,0.0,0.0,0.0,0.0,0.0,42.683182875485855,0.0,0.0,0.0,0.0,0.0,42.683182875485855,0.0,0.0,0.0,0.0,0.0,42.53297494,0.0,0.0,0.0,0.0,0.0,42.53297494,0.0,0.0,0.0,0.0,0.0,43.00553534,0.0,0.0,0.0,0.0,0.0,43.00553534,0.0,0.0,0.0,0.0,0.0,42.53297494,0.0,0.0,0.0,0.0,0.0,42.68318288,0.0,0.0,0.0,0.0,0.0,42.68318288,0.0,0.0,0.0,0.0,0.0
diverse_rec,ml20_lambda0.5,0.5,movielens_sample20of200_lambda0.5,20,5,6,44.23390979,44.23390979,44.23390979,43.50059267,1,0.5,solved (0.1 s),solved (0.1 s),0,0,opt,50.67943712,0.0,0.0,0.0,0.0,0.0,51.28137416,0.0,0.0,0.0,0.0,0.0,50.78559024099317,0.0,0.0,0.0,0.0,0.0,50.78559024099317,0.0,0.0,0.0,0.0,0.0,50.67943712,0.0,0.0,0.0,0.0,0.0,50.67943712,0.0,0.0,0.0,0.0,0.0,51.28137416,0.0,0.0,0.0,0.0,0.0,51.28137416,0.0,0.0,0.0,0.0,0.0,50.67943712,0.0,0.0,0.0,0.0,0.0,50.78559024,0.0,0.0,0.0,0.0,0.0,50.78559024,0.0,0.0,0.0,0.0,0.0
diverse_rec,ml20_lambda0.5,0.5,movielens_sample20of200_lambda0.5,20,5,7,49.70524442,49.70524442,49.70524442,48.77626223,1,0.5,solved (0.1 s),solved (0.1 s),0,0,opt,58.66424475,0.0,0.0,0.0,0.0,0.0,59.54468632,0.0,0.0,0.0,0.0,0.0,58.621616067722485,0.0,0.0,0.0,0.0,0.0,58.621616067722485,0.0,0.0,0.0,0.0,0.0,58.66424475,0.0,0.0,0.0,0.0,0.0,58.66424475,0.0,0.0,0.0,0.0,0.0,59.54468632,0.0,0.0,0.0,0.0,0.0,59.54468632,0.0,0.0,0.0,0.0,0.0,58.66424475,0.0,0.0,0.0,0.0,0.0,58.63181474,0.0,0.0,0.0,0.0,0.0,58.62161607,0.0,0.0,0.0,0.0,0.0
diverse_rec,ml20_lambda0.5,0.5,movielens_sample20of200_lambda0.5,20,5,8,54.68279921,54.68279921,54.68279921,53.53125521,1,0.5,solved (0.1 s),solved (0.1 s),0,0,opt,66.48321921,0.0,0.0,0.0,0.0,0.0,67.6911485,0.0,0.0,0.0,0.0,0.0,66.10304471388427,0.0,0.0,0.0,0.0,0.0,66.10304471388427,0.0,0.0,0.0,0.0,0.0,66.48321921,0.0,0.0,0.0,0.0,0.0,66.48321921,0.0,0.0,0.0,0.0,0.0,67.6911485,0.0,0.0,0.0,0.0,0.0,67.6911485,0.0,0.0,0.0,0.0,0.0,66.48321921,0.0,0.0,0.0,0.0,0.0,66.13376258,0.0,0.0,0.0,0.0,0.0,66.10304471,0.0,0.0,0.0,0.0,0.0
diverse_rec,ml20_lambda0.5,0.5,movielens_sample20of200_lambda0.5,20,5,9,59.1926176,59.1926176,59.1926176,57.83123863,1,0.5,solved (0.1 s),solved (0.1 s),0,0,opt,73.76648246,0.0,0.0,0.0,0.0,0.0,75.67595613,0.0,0.0,0.0,0.0,0.0,72.80127138264426,0.0,0.0,0.0,0.0,0.0,72.80127138264426,0.0,0.0,0.0,0.0,0.0,73.76648246,0.0,0.0,0.0,0.0,0.0,73.76648246,0.0,0.0,0.0,0.0,0.0,75.67595613,0.0,0.0,0.0,0.0,0.0,75.67595613,0.0,0.0,0.0,0.0,0.0,73.76648246,0.0,0.0,0.0,0.0,0.0,72.91310293,0.0,0.0,0.0,0.0,0.0,72.80127138,0.0,0.0,0.0,0.0,0.0
diverse_rec,ml20_lambda0.5,0.5,movielens_sample20of200_lambda0.5,20,5,10,63.29428455,63.29428455,63.29428455,61.74205045,1,0.5,solved (0.1 s),solved (0.1 s),0,0,opt,80.75486303,0.0,0.0,0.0,0.0,0.0,83.56752531,0.0,0.0,0.0,0.0,0.0,78.79367347127474,0.0,0.0,0.0,0.0,0.0,78.79367347127473,0.0,0.0,0.0,0.0,0.0,80.75486303,0.0,0.0,0.0,0.0,0.0,80.75486303,0.0,0.0,0.0,0.0,0.0,83.56752531,0.0,0.0,0.0,0.0,0.0,83.56752531,0.0,0.0,0.0,0.0,0.0,80.75486303,0.0,0.0,0.0,0.0,0.0,78.99419183,0.0,0.0,0.0,0.0,0.0,78.79367347,0.0,0.0,0.0,0.0,0.0
diverse_rec,ml20_lambda0.5,0.5,movielens_sample20of200_lambda0.5,20,5,11,66.83979322,66.83979322,66.83979322,64.87699035,1,0.5,solved (0.1 s),solved (0.1 s),0,0,opt,82.75664902,0.0,0.0,0.0,0.0,0.0,91.38649977,0.0,0.0,0.0,0.0,0.0,80.18088231017062,0.0,0.0,0.0,0.0,0.0,80.18088231017062,0.0,0.0,0.0,0.0,0.0,82.75664902,0.0,0.0,0.0,0.0,0.0,82.75664902,0.0,0.0,0.0,0.0,0.0,91.38649977,0.0,0.0,0.0,0.0,0.0,91.38649977,0.0,0.0,0.0,0.0,0.0,82.75664902,0.0,0.0,0.0,0.0,0.0,84.49441178,0.0,0.0,0.0,0.0,0.0,80.18088231,0.0,0.0,0.0,0.0,0.0
diverse_rec,ml20_lambda0.5,0.5,movielens_sample20of200_lambda0.5,20,5,12,70.02667875,70.02667875,70.02667875,66.88470536,1,0.5,solved (0.1 s),solved (0.1 s),0,0,opt,82.75664902,0.0,0.0,0.0,0.0,0.0,91.48661928,0.0,0.0,0.0,0.0,0.0,80.4279469012967,0.0,0.0,0.0,0.0,0.0,80.4279469012967,0.0,0.0,0.0,0.0,0.0,82.75664902,0.0,0.0,0.0,0.0,0.0,82.75664902,0.0,0.0,0.0,0.0,0.0,99.03991255,0.0,0.0,0.0,0.0,0.0,91.48661928,0.0,0.0,0.0,0.0,0.0,82.75664902,0.0,0.0,0.0,0.0,0.0,87.48661928,0.0,0.0,0.0,0.0,0.0,80.4279469,0.0,0.0,0.0,0.0,0.0
diverse_rec,ml20_lambda0.5,0.5,movielens_sample20of200_lambda0.5,20,5,13,72.83945263,72.83945263,72.83945263,68.2242426,1,0.5,solved (0.1 s),solved (0.1 s),0,0,opt,82.75664902,0.0,0.0,0.0,0.0,0.0,89.17384541,0.0,0.0,0.0,0.0,0.0,80.67016191617961,0.0,0.0,0.0,0.0,0.0,80.67016191617961,0.0,0.0,0.0,0.0,0.0,82.75664901799999,0.0,0.0,0.0,0.0,0.0,82.75664902,0.0,0.0,0.0,0.0,0.0,106.3987786,0.0,0.0,0.0,0.0,0.0,89.17384541,0.0,0.0,0.0,0.0,0.0,82.75664902,0.0,0.0,0.0,0.0,0.0,85.67384541,0.0,0.0,0.0,0.0,0.0,80.67016192,0.0,0.0,0.0,0.0,0.0
diverse_rec,ml20_lambda0.5,0.5,movielens_sample20of200_lambda0.5,20,5,14,75.31321765,75.31321765,75.27537979,68.97117255,1,0.5,solved (0.1 s),solved (0.1 s),0,0,opt,82.75664902,0.0,0.0,0.0,0.0,0.0,87.23791824,0.0,0.0,0.0,0.0,0.0,80.92324894966784,0.0,0.0,0.0,0.0,0.0,80.92324894966785,0.0,0.0,0.0,0.0,0.0,82.75664901500001,0.0,0.0,0.0,0.0,0.0,82.75664902,0.0,0.0,0.0,0.0,0.0,113.6820419,0.0,0.0,0.0,0.0,0.0,87.23791824,0.0,0.0,0.0,0.0,0.0,82.75664902,0.0,0.0,0.0,0.0,0.0,84.23791824,0.0,0.0,0.0,0.0,0.0,80.92324895,0.0,0.0,0.0,0.0,0.0
diverse_rec,ml20_lambda0.5,0.5,movielens_sample20of200_lambda0.5,20,5,15,77.46302646,77.46302646,77.46302646,69.62040752,1,0.5,solved (0.1 s),solved (0.1 s),0,0,opt,82.75664902,0.0,0.0,0.0,0.0,0.0,85.55027158,0.0,0.0,0.0,0.0,0.0,81.12839674992881,0.0,0.0,0.0,0.0,0.0,81.1283967499288,0.0,0.0,0.0,0.0,0.0,82.75664901500001,0.0,0.0,0.0,0.0,0.0,82.75664902,0.0,0.0,0.0,0.0,0.0,120.9158227,0.0,0.0,0.0,0.0,0.0,85.55027158,0.0,0.0,0.0,0.0,0.0,82.75664902,0.0,0.0,0.0,0.0,0.0,83.05027158,0.0,0.0,0.0,0.0,0.0,81.12839675,0.0,0.0,0.0,0.0,0.0
diverse_rec,ml20_lambda0.5,0.5,movielens_sample20of200_lambda0.5,20,5,16,79.12637646,79.12637646,79.12637646,69.96611456,1,0.5,solved (0.1 s),solved (0.1 s),0,0,opt,82.75664902,0.0,0.0,0.0,0.0,0.0,84.38692158,0.0,0.0,0.0,0.0,0.0,81.39097852520946,0.0,0.0,0.0,0.0,0.0,81.39097852520946,0.0,0.0,0.0,0.0,0.0,82.75664901500001,0.0,0.0,0.0,0.0,0.0,82.75664902,0.0,0.0,0.0,0.0,0.0,128.0211786,0.0,0.0,0.0,0.0,0.0,84.38692158,0.0,0.0,0.0,0.0,0.0,82.75664902,0.0,0.0,0.0,0.0,0.0,82.38692158,0.0,0.0,0.0,0.0,0.0,81.39097853,0.0,0.0,0.0,0.0,0.0
diverse_rec,ml20_lambda0.5,0.5,movielens_sample20of200_lambda0.5,20,5,17,80.48659343,80.48659343,80.48125726,70.22752694,1,0.5,solved (0.1 s),solved (0.1 s),0,0,opt,82.75664902,0.0,0.0,0.0,0.0,0.0,83.53204078,0.0,0.0,0.0,0.0,0.0,81.65199438719864,0.0,0.0,0.0,0.0,0.0,81.65199438719866,0.0,0.0,0.0,0.0,0.0,82.75664901500001,0.0,0.0,0.0,0.0,0.0,82.75664902,0.0,0.0,0.0,0.0,0.0,135.0592348,0.0,0.0,0.0,0.0,0.0,83.53204078,0.0,0.0,0.0,0.0,0.0,82.75664902,0.0,0.0,0.0,0.0,0.0,82.03204078,0.0,0.0,0.0,0.0,0.0,81.65199439,0.0,0.0,0.0,0.0,0.0
diverse_rec,ml20_lambda0.5,0.5,movielens_sample20of200_lambda0.5,20,5,18,81.55226922,81.55226922,81.55226922,70.59518178,1,0.5,solved (0.1 s),solved (0.1 s),0,0,opt,82.75664902,0.0,0.0,0.0,0.0,0.0,82.96102882,0.0,0.0,0.0,0.0,0.0,81.90172685894328,0.0,0.0,0.0,0.0,0.0,81.90172685894328,0.0,0.0,0.0,0.0,0.0,82.75664901500001,0.0,0.0,0.0,0.0,0.0,82.75664902,0.0,0.0,0.0,0.0,0.0,142.0476154,0.0,0.0,0.0,0.0,0.0,82.96102882,0.0,0.0,0.0,0.0,0.0,82.75664902,0.0,0.0,0.0,0.0,0.0,81.96102882,0.0,0.0,0.0,0.0,0.0,81.90172686,0.0,0.0,0.0,0.0,0.0
diverse_rec,ml20_lambda0.5,0.5,movielens_sample20of200_lambda0.5,20,5,19,82.25664902,82.25664902,82.25664902,70.4882347,1,0.5,solved (0.1 s),solved (0.1 s),0,0,opt,82.75664902,0.0,0.0,0.0,0.0,0.0,82.75664902,0.0,0.0,0.0,0.0,0.0,82.25664901890869,0.0,0.0,0.0,0.0,0.0,82.25664901890869,0.0,0.0,0.0,0.0,0.0,82.75664901500001,0.0,0.0,0.0,0.0,0.0,82.75664902,0.0,0.0,0.0,0.0,0.0,148.8687673,0.0,0.0,0.0,0.0,0.0,82.75664902,0.0,0.0,0.0,0.0,0.0,82.75664902,0.0,0.0,0.0,0.0,0.0,82.25664902,0.0,0.0,0.0,0.0,0.0,82.25664902,0.0,0.0,0.0,0.0,0.0
diverse_rec,ml20_lambda0.5,0.5,movielens_sample20of200_lambda0.5,20,5,20,82.75664902,82.75664902,82.75664902,70.65878914,1,0.5,solved (0.1 s),solved (0.1 s),0,0,opt,82.75664902,0.0,0.0,0.0,0.0,0.0,82.75664902,0.0,0.0,0.0,0.0,0.0,82.75664901890873,0.0,0.0,0.0,0.0,0.0,82.75664901890867,0.0,0.0,0.0,0.0,0.0,82.75664901500001,0.0,0.0,0.0,0.0,0.0,82.75664902,0.0,0.0,0.0,0.0,0.0,155.513298,0.0,0.0,0.0,0.0,0.0,82.75664902,0.0,0.0,0.0,0.0,0.0,82.75664902,0.0,0.0,0.0,0.0,0.0,82.75664902,0.0,0.0,0.0,0.0,0.0,82.75664902,0.0,0.0,0.0,0.0,0.0
diverse_rec,ml20_lambda0.5,0.5,movielens_sample20of200_lambda0.5,20,6,1,9.16981541,9.16981541,9.16981541,9.16981541,1,0.5,solved (0.1 s),solved (0.1 s),0,0,opt,9.16981541,0.0,0.0,0.0,0.0,0.0,9.16981541,0.0,0.0,0.0,0.0,0.0,9.169815410033657,0.0,0.0,0.0,0.0,0.0,9.169815410033657,0.0,0.0,0.0,0.0,0.0,9.16981541,0.0,0.0,0.0,0.0,0.0,9.16981541,0.0,0.0,0.0,0.0,0.0,9.16981541,0.0,0.0,0.0,0.0,0.0,9.16981541,0.0,0.0,0.0,0.0,0.0,9.16981541,0.0,0.0,0.0,0.0,0.0,9.16981541,0.0,0.0,0.0,0.0,0.0,9.16981541,0.0,0.0,0.0,0.0,0.0
diverse_rec,ml20_lambda0.5,0.5,movielens_sample20of200_lambda0.5,20,6,2,17.35345288,17.35345288,17.35345288,17.22121469,1,0.5,solved (0.1 s),solved (0.1 s),0,0,opt,17.84505399,0.0,0.0,0.0,0.0,0.0,17.87882394,0.0,0.0,0.0,0.0,0.0,17.84674856758033,0.0,0.0,0.0,0.0,0.0,17.846748567580338,0.0,0.0,0.0,0.0,0.0,17.84505399,0.0,0.0,0.0,0.0,0.0,17.84505399,0.0,0.0,0.0,0.0,0.0,17.87882394,0.0,0.0,0.0,0.0,0.0,17.87882394,0.0,0.0,0.0,0.0,0.0,17.84505399,0.0,0.0,0.0,0.0,0.0,17.84674857,0.0,0.0,0.0,0.0,0.0,17.84674857,0.0,0.0,0.0,0.0,0.0
diverse_rec,ml20_lambda0.5,0.5,movielens_sample20of200_lambda0.5,20,6,3,24.97948733,24.97948733,24.97948733,24.63947822,1,0.5,solved (0.1 s),solved (0.1 s),0,0,opt,26.29365605,0.0,0.0,0.0,0.0,0.0,26.55406252,0.0,0.0,0.0,0.0,0.0,26.43566362939008,0.0,0.0,0.0,0.0,0.0,26.43566362939008,0.0,0.0,0.0,0.0,0.0,26.29365605,0.0,0.0,0.0,0.0,0.0,26.29365605,0.0,0.0,0.0,0.0,0.0,26.55406252,0.0,0.0,0.0,0.0,0.0,26.55406252,0.0,0.0,0.0,0.0,0.0,26.29365605,0.0,0.0,0.0,0.0,0.0,26.43566363,0.0,0.0,0.0,0.0,0.0,26.43566363,0.0,0.0,0.0,0.0,0.0
diverse_rec,ml20_lambda0.5,0.5,movielens_sample20of200_lambda0.5,20,6,4,31.93524391,31.93524391,31.93524391,31.53227383,1,0.5,solved (0.1 s),solved (0.1 s),0,0,opt,34.65518494,0.0,0.0,0.0,0.0,0.0,35.00266459,0.0,0.0,0.0,0.0,0.0,34.75789156630499,0.0,0.0,0.0,0.0,0.0,34.75789156630499,0.0,0.0,0.0,0.0,0.0,34.65518494,0.0,0.0,0.0,0.0,0.0,34.65518494,0.0,0.0,0.0,0.0,0.0,35.00266459,0.0,0.0,0.0,0.0,0.0,35.00266459,0.0,0.0,0.0,0.0,0.0,34.65518494,0.0,0.0,0.0,0.0,0.0,34.75789157,0.0,0.0,0.0,0.0,0.0,34.75789157,0.0,0.0,0.0,0.0,0.0
diverse_rec,ml20_lambda0.5,0.5,movielens_sample20of200_lambda0.5,20,6,5,38.38519359,38.38519359,38.38519359,37.90287318,1,0.5,solved (0.1 s),solved (0.1 s),0,0,opt,43.00334422,0.0,0.0,0.0,0.0,0.0,43.36419347,0.0,0.0,0.0,0.0,0.0,43.000905183739334,0.0,0.0,0.0,0.0,0.0,43.000905183739334,0.0,0.0,0.0,0.0,0.0,43.00334422,0.0,0.0,0.0,0.0,0.0,43.00334422,0.0,0.0,0.0,0.0,0.0,43.36419347,0.0,0.0,0.0,0.0,0.0,43.36419347,0.0,0.0,0.0,0.0,0.0,43.00334422,0.0,0.0,0.0,0.0,0.0,43.00090518,0.0,0.0,0.0,0.0,0.0,43.00090518,0.0,0.0,0.0,0.0,0.0
diverse_rec,ml20_lambda0.5,0.5,movielens_sample20of200_lambda0.5,20,6,6,44.38246821,44.38246821,44.38246821,43.75661149,1,0.5,solved (0.1 s),solved (0.1 s),0,0,opt,51.23342902,0.0,0.0,0.0,0.0,0.0,51.71235275,0.0,0.0,0.0,0.0,0.0,51.16083655391958,0.0,0.0,0.0,0.0,0.0,51.16083655391958,0.0,0.0,0.0,0.0,0.0,51.23342902,0.0,0.0,0.0,0.0,0.0,51.23342902,0.0,0.0,0.0,0.0,0.0,51.71235275,0.0,0.0,0.0,0.0,0.0,51.71235275,0.0,0.0,0.0,0.0,0.0,51.23342902,0.0,0.0,0.0,0.0,0.0,51.1644032,0.0,0.0,0.0,0.0,0.0,51.16083655,0.0,0.0,0.0,0.0,0.0
diverse_rec,ml20_lambda0.5,0.5,movielens_sample20of200_lambda0.5,20,6,7,49.81066956,49.81066956,49.81066956,49.06557245,1,0.5,solved (0.1 s),solved (0.1 s),0,0,opt,59.2053268,0.0,0.0,0.0,0.0,0.0,60.01173122,0.0,0.0,0.0,0.0,0.0,59.202534569084406,0.0,0.0,0.0,0.0,0.0,59.20253456908442,0.0,0.0,0.0,0.0,0.0,59.2053268,0.0,0.0,0.0,0.0,0.0,59.2053268,0.0,0.0,0.0,0.0,0.0,60.01173122,0.0,0.0,0.0,0.0,0.0,60.01173122,0.0,0.0,0.0,0.0,0.0,59.2053268,0.0,0.0,0.0,0.0,0.0,59.21432051,0.0,0.0,0.0,0.0,0.0,59.20253457,0.0,0.0,0.0,0.0,0.0
diverse_rec,ml20_lambda0.5,0.5,movielens_sample20of200_lambda0.5,20,6,8,54.84495268,54.84495268,54.84495268,53.84386341,1,0.5,solved (0.1 s),solved (0.1 s),0,0,opt,67.00769117,0.0,0.0,0.0,0.0,0.0,68.24181602,0.0,0.0,0.0,0.0,0.0,66.72025818051296,0.0,0.0,0.0,0.0,0.0,66.72025818051296,0.0,0.0,0.0,0.0,0.0,67.00769117,0.0,0.0,0.0,0.0,0.0,67.00769117,0.0,0.0,0.0,0.0,0.0,68.24181602,0.0,0.0,0.0,0.0,0.0,68.24181602,0.0,0.0,0.0,0.0,0.0,67.00769117,0.0,0.0,0.0,0.0,0.0,66.72025818,0.0,0.0,0.0,0.0,0.0,66.72025818,0.0,0.0,0.0,0.0,0.0
diverse_rec,ml20_lambda0.5,0.5,movielens_sample20of200_lambda0.5,20,6,9,59.40008475,59.40008475,59.40008475,58.18541813,1,0.5,solved (0.1 s),solved (0.1 s),0,0,opt,74.44203047,0.0,0.0,0.0,0.0,0.0,76.47109417,0.0,0.0,0.0,0.0,0.0,73.6671695417983,0.0,0.0,0.0,0.0,0.0,73.6671695417983,0.0,0.0,0.0,0.0,0.0,74.44203047,0.0,0.0,0.0,0.0,0.0,74.44203047,0.0,0.0,0.0,0.0,0.0,76.47109417,0.0,0.0,0.0,0.0,0.0,76.47109417,0.0,0.0,0.0,0.0,0.0,74.44203047,0.0,0.0,0.0,0.0,0.0,73.78470713,0.0,0.0,0.0,0.0,0.0,73.66716954,0.0,0.0,0.0,0.0,0.0
diverse_rec,ml20_lambda0.5,0.5,movielens_sample20of200_lambda0.5,20,6,10,63.49901928,63.49901928,63.49901928,62.13869087,1,0.5,solved (0.1 s),solved (0.1 s),0,0,opt,81.31916268,0.0,0.0,0.0,0.0,0.0,84.38173831,0.0,0.0,0.0,0.0,0.0,79.61835188846497,0.0,0.0,0.0,0.0,0.0,79.61835188846497,0.0,0.0,0.0,0.0,0.0,81.31916268,0.0,0.0,0.0,0.0,0.0,81.31916268,0.0,0.0,0.0,0.0,0.0,84.38173831,0.0,0.0,0.0,0.0,0.0,84.38173831,0.0,0.0,0.0,0.0,0.0,81.31916268,0.0,0.0,0.0,0.0,0.0,79.83606105,0.0,0.0,0.0,0.0,0.0,79.61835189,0.0,0.0,0.0,0.0,0.0
diverse_rec,ml20_lambda0.5,0.5,movielens_sample20of200_lambda0.5,20,6,11,67.17193192,67.17193192,67.17193192,65.28221428,1,0.5,solved (0.1 s),solved (0.1 s),0,0,opt,83.22485435,0.0,0.0,0.0,0.0,0.0,92.21127676,0.0,0.0,0.0,0.0,0.0,80.65015361588253,0.0,0.0,0.0,0.0,0.0,80.65015361588252,0.0,0.0,0.0,0.0,0.0,83.22485434,0.0,0.0,0.0,0.0,0.0,83.22485435,0.0,0.0,0.0,0.0,0.0,92.21127676,0.0,0.0,0.0,0.0,0.0,92.21127676,0.0,0.0,0.0,0.0,0.0,83.22485435,0.0,0.0,0.0,0.0,0.0,85.19592244,0.0,0.0,0.0,0.0,0.0,80.65015362,0.0,0.0,0.0,0.0,0.0
diverse_rec,ml20_lambda0.5,0.5,movielens_sample20of200_lambda0.5,20,6,12,70.37547485,70.37547485,70.37547485,67.19353281,1,0.5,solved (0.1 s),solved (0.1 s),0,0,opt,83.22485435,0.0,0.0,0.0,0.0,0.0,92.07423384,0.0,0.0,0.0,0.0,0.0,80.89255498536478,0.0,0.0,0.0,0.0,0.0,80.89255498536478,0.0,0.0,0.0,0.0,0.0,83.22485434,0.0,0.0,0.0,0.0,0.0,83.22485435,0.0,0.0,0.0,0.0,0.0,100.0136411,0.0,0.0,0.0,0.0,0.0,92.07423384,0.0,0.0,0.0,0.0,0.0,83.22485435,0.0,0.0,0.0,0.0,0.0,88.07423384,0.0,0.0,0.0,0.0,0.0,80.89255499,0.0,0.0,0.0,0.0,0.0
diverse_rec,ml20_lambda0.5,0.5,movielens_sample20of200_lambda0.5,20,6,13,73.20238537,73.20238537,73.20238537,68.57556243,1,0.5,solved (0.1 s),solved (0.1 s),0,0,opt,83.22485435,0.0,0.0,0.0,0.0,0.0,89.74732332,0.0,0.0,0.0,0.0,0.0,81.14025737807621,0.0,0.0,0.0,0.0,0.0,81.14025737807623,0.0,0.0,0.0,0.0,0.0,83.22485434,0.0,0.0,0.0,0.0,0.0,83.22485435,0.0,0.0,0.0,0.0,0.0,107.4869724,0.0,0.0,0.0,0.0,0.0,89.74732332,0.0,0.0,0.0,0.0,0.0,83.22485435,0.0,0.0,0.0,0.0,0.0,86.24732332,0.0,0.0,0.0,0.0,0.0,81.14025738,0.0,0.0,0.0,0.0,0.0
diverse_rec,ml20_lambda0.5,0.5,movielens_sample20of200_lambda0.5,20,6,14,75.6705143,75.6705143,75.6705143,69.46061577,1,0.5,solved (0.1 s),solved (0.1 s),0,0,opt,83.22485435,0.0,0.0,0.0,0.0,0.0,87.77919439,0.0,0.0,0.0,0.0,0.0,81.38077082189513,0.0,0.0,0.0,0.0,0.0,81.38077082189513,0.0,0.0,0.0,0.0,0.0,83.22485434,0.0,0.0,0.0,0.0,0.0,83.22485435,0.0,0.0,0.0,0.0,0.0,114.9213117,0.0,0.0,0.0,0.0,0.0,87.77919439,0.0,0.0,0.0,0.0,0.0,83.22485435,0.0,0.0,0.0,0.0,0.0,84.77919439,0.0,0.0,0.0,0.0,0.0,81.38077082,0.0,0.0,0.0,0.0,0.0
diverse_rec,ml20_lambda0.5,0.5,movielens_sample20of200_lambda0.5,20,6,15,77.77029909,77.77029909,77.77029909,69.86345174,1,0.5,solved (0.1 s),solved (0.1 s),0,0,opt,83.22485435,0.0,0.0,0.0,0.0,0.0,86.1794096,0.0,0.0,0.0,0.0,0.0,81.62778235233489,0.0,0.0,0.0,0.0,0.0,81.62778235233489,0.0,0.0,0.0,0.0,0.0,83.22485434,0.0,0.0,0.0,0.0,0.0,83.22485435,0.0,0.0,0.0,0.0,0.0,122.1194044,0.0,0.0,0.0,0.0,0.0,86.1794096,0.0,0.0,0.0,0.0,0.0,83.22485435,0.0,0.0,0.0,0.0,0.0,83.6794096,0.0,0.0,0.0,0.0,0.0,81.62778235,0.0,0.0,0.0,0.0,0.0
diverse_rec,ml20_lambda0.5,0.5,movielens_sample20of200_lambda0.5,20,6,16,79.54393383,79.54393383,79.54393383,70.30135597,1,0.5,solved (0.1 s),solved (0.1 s),0,0,opt,83.22485435,0.0,0.0,0.0,0.0,0.0,84.90577487,0.0,0.0,0.0,0.0,0.0,81.87394471986389,0.0,0.0,0.0,0.0,0.0,81.87394471986389,0.0,0.0,0.0,0.0,0.0,83.22485434,0.0,0.0,0.0,0.0,0.0,83.22485435,0.0,0.0,0.0,0.0,0.0,129.2580379,0.0,0.0,0.0,0.0,0.0,84.90577487,0.0,0.0,0.0,0.0,0.0,83.22485435,0.0,0.0,0.0,0.0,0.0,82.90577487,0.0,0.0,0.0,0.0,0.0,81.87394472,0.0,0.0,0.0,0.0,0.0
diverse_rec,ml20_lambda0.5,0.5,movielens_sample20of200_lambda0.5,20,6,17,80.96937562,80.96937562,80.96937562,70.69261252,1,0.5,solved (0.1 s),solved (0.1 s),0,0,opt,83.22485435,0.0,0.0,0.0,0.0,0.0,83.98033307,0.0,0.0,0.0,0.0,0.0,82.11248960462606,0.0,0.0,0.0,0.0,0.0,82.11248960462606,0.0,0.0,0.0,0.0,0.0,83.22485434,0.0,0.0,0.0,0.0,0.0,83.22485435,0.0,0.0,0.0,0.0,0.0,136.287693,0.0,0.0,0.0,0.0,0.0,83.98033307,0.0,0.0,0.0,0.0,0.0,83.22485435,0.0,0.0,0.0,0.0,0.0,82.48033307,0.0,0.0,0.0,0.0,0.0,82.1124896,0.0,0.0,0.0,0.0,0.0
diverse_rec,ml20_lambda0.5,0.5,movielens_sample20of200_lambda0.5,20,6,18,82.02816371,82.02816371,82.02816371,70.47779803,1,0.5,solved (0.1 s),solved (0.1 s),0,0,opt,83.22485435,0.0,0.0,0.0,0.0,0.0,83.42154498,0.0,0.0,0.0,0.0,0.0,82.36601501804574,0.0,0.0,0.0,0.0,0.0,82.36601501804577,0.0,0.0,0.0,0.0,0.0,83.22485434,0.0,0.0,0.0,0.0,0.0,83.22485435,0.0,0.0,0.0,0.0,0.0,143.1648252,0.0,0.0,0.0,0.0,0.0,83.42154498,0.0,0.0,0.0,0.0,0.0,83.22485435,0.0,0.0,0.0,0.0,0.0,82.42154498,0.0,0.0,0.0,0.0,0.0,82.36601502,0.0,0.0,0.0,0.0,0.0
diverse_rec,ml20_lambda0.5,0.5,movielens_sample20of200_lambda0.5,20,6,19,82.72485435,82.72485435,82.72485435,70.76835016,1,0.5,solved (0.1 s),solved (0.1 s),0,0,opt,83.22485435,0.0,0.0,0.0,0.0,0.0,83.22485435,0.0,0.0,0.0,0.0,0.0,82.7248543471134,0.0,0.0,0.0,0.0,0.0,82.72485434711342,0.0,0.0,0.0,0.0,0.0,83.22485434,0.0,0.0,0.0,0.0,0.0,83.22485435,0.0,0.0,0.0,0.0,0.0,149.8863864,0.0,0.0,0.0,0.0,0.0,83.22485435,0.0,0.0,0.0,0.0,0.0,83.22485435,0.0,0.0,0.0,0.0,0.0,82.72485435,0.0,0.0,0.0,0.0,0.0,82.72485435,0.0,0.0,0.0,0.0,0.0
diverse_rec,ml20_lambda0.5,0.5,movielens_sample20of200_lambda0.5,20,6,20,83.22485435,83.22485435,83.22485435,70.80652066,1,0.5,solved (0.1 s),solved (0.1 s),0,0,opt,83.22485435,0.0,0.0,0.0,0.0,0.0,83.22485435,0.0,0.0,0.0,0.0,0.0,83.22485434711345,0.0,0.0,0.0,0.0,0.0,83.22485434711345,0.0,0.0,0.0,0.0,0.0,83.22485434,0.0,0.0,0.0,0.0,0.0,83.22485435,0.0,0.0,0.0,0.0,0.0,156.4497087,0.0,0.0,0.0,0.0,0.0,83.22485435,0.0,0.0,0.0,0.0,0.0,83.22485435,0.0,0.0,0.0,0.0,0.0,83.22485435,0.0,0.0,0.0,0.0,0.0,83.22485435,0.0,0.0,0.0,0.0,0.0
diverse_rec,ml20_lambda0.5,0.5,movielens_sample20of200_lambda0.5,20,7,1,9.504139193,9.504139193,9.504139193,9.504139193,1,0.5,solved (0.1 s),solved (0.1 s),0,0,opt,9.504139193,0.0,0.0,0.0,0.0,0.0,9.504139193,0.0,0.0,0.0,0.0,0.0,9.50413919308804,0.0,0.0,0.0,0.0,0.0,9.50413919308804,0.0,0.0,0.0,0.0,0.0,9.504139193,0.0,0.0,0.0,0.0,0.0,9.504139193,0.0,0.0,0.0,0.0,0.0,9.504139193,0.0,0.0,0.0,0.0,0.0,9.504139193,0.0,0.0,0.0,0.0,0.0,9.504139193,0.0,0.0,0.0,0.0,0.0,9.504139193,0.0,0.0,0.0,0.0,0.0,9.504139193,0.0,0.0,0.0,0.0,0.0
diverse_rec,ml20_lambda0.5,0.5,movielens_sample20of200_lambda0.5,20,7,2,18.28448118,18.28448118,18.28448118,18.26144285,1,0.5,solved (0.1 s),solved (0.1 s),0,0,opt,18.72668025,0.0,0.0,0.0,0.0,0.0,18.9960793,0.0,0.0,0.0,0.0,0.0,18.971214065118986,0.0,0.0,0.0,0.0,0.0,18.971214065118986,0.0,0.0,0.0,0.0,0.0,18.72668025,0.0,0.0,0.0,0.0,0.0,18.72668025,0.0,0.0,0.0,0.0,0.0,18.9960793,0.0,0.0,0.0,0.0,0.0,18.9960793,0.0,0.0,0.0,0.0,0.0,18.72668025,0.0,0.0,0.0,0.0,0.0,18.97121407,0.0,0.0,0.0,0.0,0.0,18.97121407,0.0,0.0,0.0,0.0,0.0
diverse_rec,ml20_lambda0.5,0.5,movielens_sample20of200_lambda0.5,20,7,3,26.5421725,26.5421725,26.5421725,26.29626535,1,0.5,solved (0.1 s),solved (0.1 s),0,0,opt,27.91983595,0.0,0.0,0.0,0.0,0.0,28.21862035,0.0,0.0,0.0,0.0,0.0,28.152251523779494,0.0,0.0,0.0,0.0,0.0,28.15225152377949,0.0,0.0,0.0,0.0,0.0,27.91983595,0.0,0.0,0.0,0.0,0.0,27.91983595,0.0,0.0,0.0,0.0,0.0,28.21862035,0.0,0.0,0.0,0.0,0.0,28.21862035,0.0,0.0,0.0,0.0,0.0,27.91983595,0.0,0.0,0.0,0.0,0.0,28.15225152,0.0,0.0,0.0,0.0,0.0,28.15225152,0.0,0.0,0.0,0.0,0.0
diverse_rec,ml20_lambda0.5,0.5,movielens_sample20of200_lambda0.5,20,7,4,34.01353565,34.01353565,34.01353565,33.54096259,1,0.5,solved (0.1 s),solved (0.1 s),0,0,opt,36.81383676,0.0,0.0,0.0,0.0,0.0,37.41177606,0.0,0.0,0.0,0.0,0.0,37.16557076186372,0.0,0.0,0.0,0.0,0.0,37.16557076186372,0.0,0.0,0.0,0.0,0.0,36.81383676,0.0,0.0,0.0,0.0,0.0,36.81383676,0.0,0.0,0.0,0.0,0.0,37.41177606,0.0,0.0,0.0,0.0,0.0,37.41177606,0.0,0.0,0.0,0.0,0.0,36.81383676,0.0,0.0,0.0,0.0,0.0,37.16557076,0.0,0.0,0.0,0.0,0.0,37.16557076,0.0,0.0,0.0,0.0,0.0
diverse_rec,ml20_lambda0.5,0.5,movielens_sample20of200_lambda0.5,20,7,5,41.03385056,41.03385056,41.03385056,40.16956766,1,0.5,solved (0.1 s),solved (0.1 s),0,0,opt,45.61941847,0.0,0.0,0.0,0.0,0.0,46.30577686,0.0,0.0,0.0,0.0,0.0,45.874647236732464,0.0,0.0,0.0,0.0,0.0,45.874647236732464,0.0,0.0,0.0,0.0,0.0,45.61941847,0.0,0.0,0.0,0.0,0.0,45.61941847,0.0,0.0,0.0,0.0,0.0,46.30577686,0.0,0.0,0.0,0.0,0.0,46.30577686,0.0,0.0,0.0,0.0,0.0,45.61941847,0.0,0.0,0.0,0.0,0.0,45.87464724,0.0,0.0,0.0,0.0,0.0,45.87464724,0.0,0.0,0.0,0.0,0.0
diverse_rec,ml20_lambda0.5,0.5,movielens_sample20of200_lambda0.5,20,7,6,47.21642241,47.21642241,47.21642241,46.25339938,1,0.5,solved (0.1 s),solved (0.1 s),0,0,opt,54.14838647,0.0,0.0,0.0,0.0,0.0,55.11135858,0.0,0.0,0.0,0.0,0.0,54.23010639485622,0.0,0.0,0.0,0.0,0.0,54.23010639485622,0.0,0.0,0.0,0.0,0.0,54.14838647,0.0,0.0,0.0,0.0,0.0,54.14838647,0.0,0.0,0.0,0.0,0.0,55.11135858,0.0,0.0,0.0,0.0,0.0,55.11135858,0.0,0.0,0.0,0.0,0.0,54.14838647,0.0,0.0,0.0,0.0,0.0,54.23010639,0.0,0.0,0.0,0.0,0.0,54.23010639,0.0,0.0,0.0,0.0,0.0
diverse_rec,ml20_lambda0.5,0.5,movielens_sample20of200_lambda0.5,20,7,7,52.92004568,52.92004568,52.92004568,51.85996146,1,0.5,solved (0.1 s),solved (0.1 s),0,0,opt,62.44555532,0.0,0.0,0.0,0.0,0.0,63.6663235,0.0,0.0,0.0,0.0,0.0,62.27718597700211,0.0,0.0,0.0,0.0,0.0,62.27718597700211,0.0,0.0,0.0,0.0,0.0,62.44555532,0.0,0.0,0.0,0.0,0.0,62.44555532,0.0,0.0,0.0,0.0,0.0,63.6663235,0.0,0.0,0.0,0.0,0.0,63.6663235,0.0,0.0,0.0,0.0,0.0,62.44555532,0.0,0.0,0.0,0.0,0.0,62.27718598,0.0,0.0,0.0,0.0,0.0,62.27718598,0.0,0.0,0.0,0.0,0.0
diverse_rec,ml20_lambda0.5,0.5,movielens_sample20of200_lambda0.5,20,7,8,58.10939571,58.10939571,58.05483287,56.94150314,1,0.5,solved (0.1 s),solved (0.1 s),0,0,opt,70.68782795,0.0,0.0,0.0,0.0,0.0,72.1952915,0.0,0.0,0.0,0.0,0.0,70.14592719101616,0.0,0.0,0.0,0.0,0.0,70.14592719101613,0.0,0.0,0.0,0.0,0.0,70.68782795,0.0,0.0,0.0,0.0,0.0,70.68782795,0.0,0.0,0.0,0.0,0.0,72.1952915,0.0,0.0,0.0,0.0,0.0,72.1952915,0.0,0.0,0.0,0.0,0.0,70.68782795,0.0,0.0,0.0,0.0,0.0,70.15182408,0.0,0.0,0.0,0.0,0.0,70.14592719,0.0,0.0,0.0,0.0,0.0
diverse_rec,ml20_lambda0.5,0.5,movielens_sample20of200_lambda0.5,20,7,9,62.83278877,62.83278877,62.83278877,61.6209053,1,0.5,solved (0.1 s),solved (0.1 s),0,0,opt,78.71180966,0.0,0.0,0.0,0.0,0.0,80.49246035,0.0,0.0,0.0,0.0,0.0,77.89415150247537,0.0,0.0,0.0,0.0,0.0,77.89415150247537,0.0,0.0,0.0,0.0,0.0,78.71180966,0.0,0.0,0.0,0.0,0.0,78.71180966,0.0,0.0,0.0,0.0,0.0,80.49246035,0.0,0.0,0.0,0.0,0.0,80.49246035,0.0,0.0,0.0,0.0,0.0,78.71180966,0.0,0.0,0.0,0.0,0.0,77.93098764,0.0,0.0,0.0,0.0,0.0,77.8941515,0.0,0.0,0.0,0.0,0.0
diverse_rec,ml20_lambda0.5,0.5,movielens_sample20of200_lambda0.5,20,7,10,67.18661238,67.18661238,67.18661238,65.76959837,1,0.5,solved (0.1 s),solved (0.1 s),0,0,opt,86.18926712,0.0,0.0,0.0,0.0,0.0,88.77407493,0.0,0.0,0.0,0.0,0.0,84.59919049776512,0.0,0.0,0.0,0.0,0.0,84.59919049776512,0.0,0.0,0.0,0.0,0.0,86.18926712,0.0,0.0,0.0,0.0,0.0,86.18926712,0.0,0.0,0.0,0.0,0.0,88.77407493,0.0,0.0,0.0,0.0,0.0,88.77407493,0.0,0.0,0.0,0.0,0.0,86.18926712,0.0,0.0,0.0,0.0,0.0,85.06567281,0.0,0.0,0.0,0.0,0.0,84.5991905,0.0,0.0,0.0,0.0,0.0
diverse_rec,ml20_lambda0.5,0.5,movielens_sample20of200_lambda0.5,20,7,11,71.10813969,71.10813969,71.10813969,69.09337711,1,0.5,solved (0.1 s),solved (0.1 s),0,0,opt,87.77620081,0.0,0.0,0.0,0.0,0.0,97.01634756,0.0,0.0,0.0,0.0,0.0,85.24713902785042,0.0,0.0,0.0,0.0,0.0,85.24713902785041,0.0,0.0,0.0,0.0,0.0,87.77620081,0.0,0.0,0.0,0.0,0.0,87.77620081,0.0,0.0,0.0,0.0,0.0,97.01634756,0.0,0.0,0.0,0.0,0.0,97.01634756,0.0,0.0,0.0,0.0,0.0,87.77620081,0.0,0.0,0.0,0.0,0.0,90.98953921,0.0,0.0,0.0,0.0,0.0,85.24713903,0.0,0.0,0.0,0.0,0.0
diverse_rec,ml20_lambda0.5,0.5,movielens_sample20of200_lambda0.5,20,7,12,74.55770948,74.55770948,74.55770948,71.09748568,1,0.5,solved (0.1 s),solved (0.1 s),0,0,opt,87.77620081,0.0,0.0,0.0,0.0,0.0,96.99469214,0.0,0.0,0.0,0.0,0.0,85.48347383464744,0.0,0.0,0.0,0.0,0.0,85.48347383464741,0.0,0.0,0.0,0.0,0.0,87.77620081,0.0,0.0,0.0,0.0,0.0,87.77620081,0.0,0.0,0.0,0.0,0.0,105.2166578,0.0,0.0,0.0,0.0,0.0,96.99469214,0.0,0.0,0.0,0.0,0.0,87.77620081,0.0,0.0,0.0,0.0,0.0,92.99469214,0.0,0.0,0.0,0.0,0.0,85.48347383,0.0,0.0,0.0,0.0,0.0
diverse_rec,ml20_lambda0.5,0.5,movielens_sample20of200_lambda0.5,20,7,13,77.58618467,77.58618467,77.58618467,72.43004441,1,0.5,solved (0.1 s),solved (0.1 s),0,0,opt,87.77620081,0.0,0.0,0.0,0.0,0.0,94.46621695,0.0,0.0,0.0,0.0,0.0,85.71220692760804,0.0,0.0,0.0,0.0,0.0,85.71220692760807,0.0,0.0,0.0,0.0,0.0,87.77620080999999,0.0,0.0,0.0,0.0,0.0,87.77620081,0.0,0.0,0.0,0.0,0.0,113.3923311,0.0,0.0,0.0,0.0,0.0,94.46621695,0.0,0.0,0.0,0.0,0.0,87.77620081,0.0,0.0,0.0,0.0,0.0,90.96621695,0.0,0.0,0.0,0.0,0.0,85.71220693,0.0,0.0,0.0,0.0,0.0
diverse_rec,ml20_lambda0.5,0.5,movielens_sample20of200_lambda0.5,20,7,14,80.13381582,80.13381582,80.13381582,73.24146121,1,0.5,solved (0.1 s),solved (0.1 s),0,0,opt,87.77620081,0.0,0.0,0.0,0.0,0.0,92.41858581,0.0,0.0,0.0,0.0,0.0,85.95733998725008,0.0,0.0,0.0,0.0,0.0,85.95733998725007,0.0,0.0,0.0,0.0,0.0,87.77620080999999,0.0,0.0,0.0,0.0,0.0,87.77620081,0.0,0.0,0.0,0.0,0.0,121.4163128,0.0,0.0,0.0,0.0,0.0,92.41858581,0.0,0.0,0.0,0.0,0.0,87.77620081,0.0,0.0,0.0,0.0,0.0,89.41858581,0.0,0.0,0.0,0.0,0.0,85.95733999,0.0,0.0,0.0,0.0,0.0
diverse_rec,ml20_lambda0.5,0.5,movielens_sample20of200_lambda0.5,20,7,15,82.33169189,82.33169189,82.33169189,73.94543586,1,0.5,solved (0.1 s),solved (0.1 s),0,0,opt,87.77620081,0.0,0.0,0.0,0.0,0.0,90.72070974,0.0,0.0,0.0,0.0,0.0,86.1966149658568,0.0,0.0,0.0,0.0,0.0,86.19661496585681,0.0,0.0,0.0,0.0,0.0,87.77620080999999,0.0,0.0,0.0,0.0,0.0,87.77620081,0.0,0.0,0.0,0.0,0.0,129.2162333,0.0,0.0,0.0,0.0,0.0,90.72070974,0.0,0.0,0.0,0.0,0.0,87.77620081,0.0,0.0,0.0,0.0,0.0,88.22070974,0.0,0.0,0.0,0.0,0.0,86.19661497,0.0,0.0,0.0,0.0,0.0
diverse_rec,ml20_lambda0.5,0.5,movielens_sample20of200_lambda0.5,20,7,16,84.13872942,84.13872942,84.13872942,74.49711867,1,0.5,solved (0.1 s),solved (0.1 s),0,0,opt,87.77620081,0.0,0.0,0.0,0.0,0.0,89.41367221,0.0,0.0,0.0,0.0,0.0,86.42410247700961,0.0,0.0,0.0,0.0,0.0,86.42410247700958,0.0,0.0,0.0,0.0,0.0,87.77620080999999,0.0,0.0,0.0,0.0,0.0,87.77620081,0.0,0.0,0.0,0.0,0.0,136.960682,0.0,0.0,0.0,0.0,0.0,89.41367221,0.0,0.0,0.0,0.0,0.0,87.77620081,0.0,0.0,0.0,0.0,0.0,87.41367221,0.0,0.0,0.0,0.0,0.0,86.42410248,0.0,0.0,0.0,0.0,0.0
diverse_rec,ml20_lambda0.5,0.5,movielens_sample20of200_lambda0.5,20,7,17,85.57848365,85.57848365,85.57848365,74.46306978,1,0.5,solved (0.1 s),solved (0.1 s),0,0,opt,87.77620081,0.0,0.0,0.0,0.0,0.0,88.47391798,0.0,0.0,0.0,0.0,0.0,86.64283691116766,0.0,0.0,0.0,0.0,0.0,86.64283691116763,0.0,0.0,0.0,0.0,0.0,87.77620080999999,0.0,0.0,0.0,0.0,0.0,87.77620081,0.0,0.0,0.0,0.0,0.0,144.5200405,0.0,0.0,0.0,0.0,0.0,88.47391798,0.0,0.0,0.0,0.0,0.0,87.77620081,0.0,0.0,0.0,0.0,0.0,86.97391798,0.0,0.0,0.0,0.0,0.0,86.64283691,0.0,0.0,0.0,0.0,0.0
diverse_rec,ml20_lambda0.5,0.5,movielens_sample20of200_lambda0.5,20,7,18,86.56396729,86.56396729,86.56396729,74.7758129,1,0.5,solved (0.1 s),solved (0.1 s),0,0,opt,87.77620081,0.0,0.0,0.0,0.0,0.0,87.98843433,0.0,0.0,0.0,0.0,0.0,86.92519233971542,0.0,0.0,0.0,0.0,0.0,86.92519233971544,0.0,0.0,0.0,0.0,0.0,87.77620080899999,0.0,0.0,0.0,0.0,0.0,87.77620081,0.0,0.0,0.0,0.0,0.0,151.997498,0.0,0.0,0.0,0.0,0.0,87.98843433,0.0,0.0,0.0,0.0,0.0,87.77620081,0.0,0.0,0.0,0.0,0.0,86.98843433,0.0,0.0,0.0,0.0,0.0,86.92519234,0.0,0.0,0.0,0.0,0.0
diverse_rec,ml20_lambda0.5,0.5,movielens_sample20of200_lambda0.5,20,7,19,87.27620081,87.27620081,87.27620081,74.73965802,1,0.5,solved (0.1 s),solved (0.1 s),0,0,opt,87.77620081,0.0,0.0,0.0,0.0,0.0,87.77620081,0.0,0.0,0.0,0.0,0.0,87.27620081261439,0.0,0.0,0.0,0.0,0.0,87.27620081261438,0.0,0.0,0.0,0.0,0.0,87.77620080899999,0.0,0.0,0.0,0.0,0.0,87.77620081,0.0,0.0,0.0,0.0,0.0,159.1888491,0.0,0.0,0.0,0.0,0.0,87.77620081,0.0,0.0,0.0,0.0,0.0,87.77620081,0.0,0.0,0.0,0.0,0.0,87.27620081,0.0,0.0,0.0,0.0,0.0,87.27620081,0.0,0.0,0.0,0.0,0.0
diverse_rec,ml20_lambda0.5,0.5,movielens_sample20of200_lambda0.5,20,7,20,87.77620081,87.77620081,87.77620081,74.73730608,1,0.5,solved (0.1 s),solved (0.1 s),0,0,opt,87.77620081,0.0,0.0,0.0,0.0,0.0,87.77620081,0.0,0.0,0.0,0.0,0.0,87.77620081261438,0.0,0.0,0.0,0.0,0.0,87.77620081261439,0.0,0.0,0.0,0.0,0.0,87.77620080899999,0.0,0.0,0.0,0.0,0.0,87.77620081,0.0,0.0,0.0,0.0,0.0,165.5524016,0.0,0.0,0.0,0.0,0.0,87.77620081,0.0,0.0,0.0,0.0,0.0,87.77620081,0.0,0.0,0.0,0.0,0.0,87.77620081,0.0,0.0,0.0,0.0,0.0,87.77620081,0.0,0.0,0.0,0.0,0.0
diverse_rec,ml20_lambda0.5,0.5,movielens_sample20of200_lambda0.5,20,8,1,10.35102075,10.35102075,10.35102075,10.35102075,1,0.5,solved (0.1 s),solved (0.1 s),0,0,opt,10.35102075,0.0,0.0,0.0,0.0,0.0,10.35102075,0.0,0.0,0.0,0.0,0.0,10.351020752263974,0.0,0.0,0.0,0.0,0.0,10.351020752263974,0.0,0.0,0.0,0.0,0.0,10.35102075,0.0,0.0,0.0,0.0,0.0,10.35102075,0.0,0.0,0.0,0.0,0.0,10.35102075,0.0,0.0,0.0,0.0,0.0,10.35102075,0.0,0.0,0.0,0.0,0.0,10.35102075,0.0,0.0,0.0,0.0,0.0,10.35102075,0.0,0.0,0.0,0.0,0.0,10.35102075,0.0,0.0,0.0,0.0,0.0
diverse_rec,ml20_lambda0.5,0.5,movielens_sample20of200_lambda0.5,20,8,2,19.85867079,19.85867079,19.85867079,19.76020115,1,0.5,solved (0.1 s),solved (0.1 s),0,0,opt,20.35685321,0.0,0.0,0.0,0.0,0.0,20.55041109,0.0,0.0,0.0,0.0,0.0,20.523463189171498,0.0,0.0,0.0,0.0,0.0,20.52346318917152,0.0,0.0,0.0,0.0,0.0,20.35685321,0.0,0.0,0.0,0.0,0.0,20.35685321,0.0,0.0,0.0,0.0,0.0,20.55041109,0.0,0.0,0.0,0.0,0.0,20.55041109,0.0,0.0,0.0,0.0,0.0,20.35685321,0.0,0.0,0.0,0.0,0.0,20.52346319,0.0,0.0,0.0,0.0,0.0,20.52346319,0.0,0.0,0.0,0.0,0.0
diverse_rec,ml20_lambda0.5,0.5,movielens_sample20of200_lambda0.5,20,8,3,28.62285037,28.62285037,28.62285037,28.09113507,1,0.5,solved (0.1 s),solved (0.1 s),0,0,opt,29.97152748,0.0,0.0,0.0,0.0,0.0,30.55624355,0.0,0.0,0.0,0.0,0.0,30.393109588553596,0.0,0.0,0.0,0.0,0.0,30.393109588553592,0.0,0.0,0.0,0.0,0.0,29.97152748,0.0,0.0,0.0,0.0,0.0,29.97152748,0.0,0.0,0.0,0.0,0.0,30.55624355,0.0,0.0,0.0,0.0,0.0,30.55624355,0.0,0.0,0.0,0.0,0.0,29.97152748,0.0,0.0,0.0,0.0,0.0,30.39310959,0.0,0.0,0.0,0.0,0.0,30.39310959,0.0,0.0,0.0,0.0,0.0
diverse_rec,ml20_lambda0.5,0.5,movielens_sample20of200_lambda0.5,20,8,4,36.3268292,36.3268292,36.3268292,35.71275318,1,0.5,solved (0.1 s),solved (0.1 s),0,0,opt,39.44989074,0.0,0.0,0.0,0.0,0.0,40.17091782,0.0,0.0,0.0,0.0,0.0,39.80590385655019,0.0,0.0,0.0,0.0,0.0,39.80590385655019,0.0,0.0,0.0,0.0,0.0,39.44989074,0.0,0.0,0.0,0.0,0.0,39.44989074,0.0,0.0,0.0,0.0,0.0,40.17091782,0.0,0.0,0.0,0.0,0.0,40.17091782,0.0,0.0,0.0,0.0,0.0,39.44989074,0.0,0.0,0.0,0.0,0.0,39.80590386,0.0,0.0,0.0,0.0,0.0,39.80590386,0.0,0.0,0.0,0.0,0.0
diverse_rec,ml20_lambda0.5,0.5,movielens_sample20of200_lambda0.5,20,8,5,43.42163945,43.42163945,43.42163945,42.66939908,1,0.5,solved (0.1 s),solved (0.1 s),0,0,opt,48.78115629,0.0,0.0,0.0,0.0,0.0,49.64928108,0.0,0.0,0.0,0.0,0.0,48.988383804142835,0.0,0.0,0.0,0.0,0.0,48.988383804142835,0.0,0.0,0.0,0.0,0.0,48.78115629,0.0,0.0,0.0,0.0,0.0,48.78115629,0.0,0.0,0.0,0.0,0.0,49.64928108,0.0,0.0,0.0,0.0,0.0,49.64928108,0.0,0.0,0.0,0.0,0.0,48.78115629,0.0,0.0,0.0,0.0,0.0,48.9883838,0.0,0.0,0.0,0.0,0.0,48.9883838,0.0,0.0,0.0,0.0,0.0
diverse_rec,ml20_lambda0.5,0.5,movielens_sample20of200_lambda0.5,20,8,6,49.97635771,49.97635771,49.97635771,49.02785278,1,0.5,solved (0.1 s),solved (0.1 s),0,0,opt,57.97896555,0.0,0.0,0.0,0.0,0.0,58.98054663,0.0,0.0,0.0,0.0,0.0,57.93122408399776,0.0,0.0,0.0,0.0,0.0,57.93122408399776,0.0,0.0,0.0,0.0,0.0,57.97896555,0.0,0.0,0.0,0.0,0.0,57.97896555,0.0,0.0,0.0,0.0,0.0,58.98054663,0.0,0.0,0.0,0.0,0.0,58.98054663,0.0,0.0,0.0,0.0,0.0,57.97896555,0.0,0.0,0.0,0.0,0.0,57.93122408,0.0,0.0,0.0,0.0,0.0,57.93122408,0.0,0.0,0.0,0.0,0.0
diverse_rec,ml20_lambda0.5,0.5,movielens_sample20of200_lambda0.5,20,8,7,55.92581288,55.92581288,55.92581288,54.75873036,1,0.5,solved (0.1 s),solved (0.1 s),0,0,opt,66.79655516,0.0,0.0,0.0,0.0,0.0,68.17946317,0.0,0.0,0.0,0.0,0.0,66.62041612025968,0.0,0.0,0.0,0.0,0.0,66.62041612025968,0.0,0.0,0.0,0.0,0.0,66.79655516,0.0,0.0,0.0,0.0,0.0,66.79655516,0.0,0.0,0.0,0.0,0.0,68.17946317,0.0,0.0,0.0,0.0,0.0,68.17946317,0.0,0.0,0.0,0.0,0.0,66.79655516,0.0,0.0,0.0,0.0,0.0,66.62041612,0.0,0.0,0.0,0.0,0.0,66.62041612,0.0,0.0,0.0,0.0,0.0
diverse_rec,ml20_lambda0.5,0.5,movielens_sample20of200_lambda0.5,20,8,8,61.31641724,61.31641724,61.31641724,59.80348007,1,0.5,solved (0.1 s),solved (0.1 s),0,0,opt,75.20566985,0.0,0.0,0.0,0.0,0.0,77.37727243,0.0,0.0,0.0,0.0,0.0,74.7110129176729,0.0,0.0,0.0,0.0,0.0,74.7110129176729,0.0,0.0,0.0,0.0,0.0,75.20566985,0.0,0.0,0.0,0.0,0.0,75.20566985,0.0,0.0,0.0,0.0,0.0,77.37727243,0.0,0.0,0.0,0.0,0.0,77.37727243,0.0,0.0,0.0,0.0,0.0,75.20566985,0.0,0.0,0.0,0.0,0.0,74.8399108,0.0,0.0,0.0,0.0,0.0,74.71101292,0.0,0.0,0.0,0.0,0.0
diverse_rec,ml20_lambda0.5,0.5,movielens_sample20of200_lambda0.5,20,8,9,66.15448433,66.15448433,66.15448433,64.25772412,1,0.5,solved (0.1 s),solved (0.1 s),0,0,opt,83.0163632,0.0,0.0,0.0,0.0,0.0,86.40850653,0.0,0.0,0.0,0.0,0.0,81.84344838063184,0.0,0.0,0.0,0.0,0.0,81.84344838063184,0.0,0.0,0.0,0.0,0.0,83.0163632,0.0,0.0,0.0,0.0,0.0,83.0163632,0.0,0.0,0.0,0.0,0.0,86.40850653,0.0,0.0,0.0,0.0,0.0,86.40850653,0.0,0.0,0.0,0.0,0.0,83.0163632,0.0,0.0,0.0,0.0,0.0,82.00963257,0.0,0.0,0.0,0.0,0.0,81.84344838,0.0,0.0,0.0,0.0,0.0
diverse_rec,ml20_lambda0.5,0.5,movielens_sample20of200_lambda0.5,20,8,10,70.46860588,70.46860588,70.46860588,68.25497634,1,0.5,solved (0.1 s),solved (0.1 s),0,0,opt,89.26832716,0.0,0.0,0.0,0.0,0.0,95.22609614,0.0,0.0,0.0,0.0,0.0,86.86083322548892,0.0,0.0,0.0,0.0,0.0,86.86083322548892,0.0,0.0,0.0,0.0,0.0,89.26832716,0.0,0.0,0.0,0.0,0.0,89.26832716,0.0,0.0,0.0,0.0,0.0,95.22609614,0.0,0.0,0.0,0.0,0.0,95.22609614,0.0,0.0,0.0,0.0,0.0,89.26832716,0.0,0.0,0.0,0.0,0.0,87.798952,0.0,0.0,0.0,0.0,0.0,86.86083323,0.0,0.0,0.0,0.0,0.0
diverse_rec,ml20_lambda0.5,0.5,movielens_sample20of200_lambda0.5,20,8,11,74.21909174,74.21909174,74.21909174,71.26187753,1,0.5,solved (0.1 s),solved (0.1 s),0,0,opt,89.80147234,0.0,0.0,0.0,0.0,0.0,100.8838529,0.0,0.0,0.0,0.0,0.0,87.25601039935235,0.0,0.0,0.0,0.0,0.0,87.25601039935236,0.0,0.0,0.0,0.0,0.0,89.80147234,0.0,0.0,0.0,0.0,0.0,89.80147234,0.0,0.0,0.0,0.0,0.0,104.0152619,0.0,0.0,0.0,0.0,0.0,100.8838529,0.0,0.0,0.0,0.0,0.0,89.80147234,0.0,0.0,0.0,0.0,0.0,92.25576578,0.0,0.0,0.0,0.0,0.0,87.2560104,0.0,0.0,0.0,0.0,0.0
diverse_rec,ml20_lambda0.5,0.5,movielens_sample20of200_lambda0.5,20,8,12,77.50760617,77.50760617,77.50760617,73.19567024,1,0.5,solved (0.1 s),solved (0.1 s),0,0,opt,89.80147234,0.0,0.0,0.0,0.0,0.0,98.09533851,0.0,0.0,0.0,0.0,0.0,87.47565029863023,0.0,0.0,0.0,0.0,0.0,87.47565029863024,0.0,0.0,0.0,0.0,0.0,89.80147234,0.0,0.0,0.0,0.0,0.0,89.80147234,0.0,0.0,0.0,0.0,0.0,112.4243766,0.0,0.0,0.0,0.0,0.0,98.09533851,0.0,0.0,0.0,0.0,0.0,89.80147234,0.0,0.0,0.0,0.0,0.0,94.09533851,0.0,0.0,0.0,0.0,0.0,87.4756503,0.0,0.0,0.0,0.0,0.0
diverse_rec,ml20_lambda0.5,0.5,movielens_sample20of200_lambda0.5,20,8,13,80.29348503,80.29348503,80.29348503,74.44664418,1,0.5,solved (0.1 s),solved (0.1 s),0,0,opt,89.80147234,0.0,0.0,0.0,0.0,0.0,95.80945965,0.0,0.0,0.0,0.0,0.0,87.69171321552076,0.0,0.0,0.0,0.0,0.0,87.69171321552075,0.0,0.0,0.0,0.0,0.0,89.80147234,0.0,0.0,0.0,0.0,0.0,89.80147234,0.0,0.0,0.0,0.0,0.0,120.5858013,0.0,0.0,0.0,0.0,0.0,95.80945965,0.0,0.0,0.0,0.0,0.0,89.80147234,0.0,0.0,0.0,0.0,0.0,92.30945965,0.0,0.0,0.0,0.0,0.0,87.69171322,0.0,0.0,0.0,0.0,0.0
diverse_rec,ml20_lambda0.5,0.5,movielens_sample20of200_lambda0.5,20,8,14,82.69145357,82.69145357,82.69145357,75.16726792,1,0.5,solved (0.1 s),solved (0.1 s),0,0,opt,89.80147234,0.0,0.0,0.0,0.0,0.0,93.91149111,0.0,0.0,0.0,0.0,0.0,87.94837247005508,0.0,0.0,0.0,0.0,0.0,87.94837247005506,0.0,0.0,0.0,0.0,0.0,89.80147233699999,0.0,0.0,0.0,0.0,0.0,89.80147234,0.0,0.0,0.0,0.0,0.0,128.687503,0.0,0.0,0.0,0.0,0.0,93.91149111,0.0,0.0,0.0,0.0,0.0,89.80147234,0.0,0.0,0.0,0.0,0.0,90.91149111,0.0,0.0,0.0,0.0,0.0,87.94837247,0.0,0.0,0.0,0.0,0.0
diverse_rec,ml20_lambda0.5,0.5,movielens_sample20of200_lambda0.5,20,8,15,84.72356644,84.72356644,84.72356644,75.65265274,1,0.5,solved (0.1 s),solved (0.1 s),0,0,opt,89.80147234,0.0,0.0,0.0,0.0,0.0,92.37937824,0.0,0.0,0.0,0.0,0.0,88.16674559043862,0.0,0.0,0.0,0.0,0.0,88.16674559043861,0.0,0.0,0.0,0.0,0.0,89.80147233699999,0.0,0.0,0.0,0.0,0.0,89.80147234,0.0,0.0,0.0,0.0,0.0,136.4981964,0.0,0.0,0.0,0.0,0.0,92.37937824,0.0,0.0,0.0,0.0,0.0,89.80147234,0.0,0.0,0.0,0.0,0.0,89.87937824,0.0,0.0,0.0,0.0,0.0,88.16674559,0.0,0.0,0.0,0.0,0.0
diverse_rec,ml20_lambda0.5,0.5,movielens_sample20of200_lambda0.5,20,8,16,86.34245161,86.34245161,86.32456478,76.05269646,1,0.5,solved (0.1 s),solved (0.1 s),0,0,opt,89.80147234,0.0,0.0,0.0,0.0,0.0,91.2783799,0.0,0.0,0.0,0.0,0.0,88.40838415518894,0.0,0.0,0.0,0.0,0.0,88.40838415518895,0.0,0.0,0.0,0.0,0.0,89.80147233699999,0.0,0.0,0.0,0.0,0.0,89.80147234,0.0,0.0,0.0,0.0,0.0,143.6856312,0.0,0.0,0.0,0.0,0.0,91.2783799,0.0,0.0,0.0,0.0,0.0,89.80147234,0.0,0.0,0.0,0.0,0.0,89.2783799,0.0,0.0,0.0,0.0,0.0,88.40838416,0.0,0.0,0.0,0.0,0.0
diverse_rec,ml20_lambda0.5,0.5,movielens_sample20of200_lambda0.5,20,8,17,87.64073195,87.64073195,87.61212831,76.4678407,1,0.5,solved (0.1 s),solved (0.1 s),0,0,opt,89.80147234,0.0,0.0,0.0,0.0,0.0,90.49081637,0.0,0.0,0.0,0.0,0.0,88.6682018879345,0.0,0.0,0.0,0.0,0.0,88.66820188793447,0.0,0.0,0.0,0.0,0.0,89.80147233699999,0.0,0.0,0.0,0.0,0.0,89.80147234,0.0,0.0,0.0,0.0,0.0,150.5950071,0.0,0.0,0.0,0.0,0.0,90.49081637,0.0,0.0,0.0,0.0,0.0,89.80147234,0.0,0.0,0.0,0.0,0.0,88.99081637,0.0,0.0,0.0,0.0,0.0,88.66820189,0.0,0.0,0.0,0.0,0.0
diverse_rec,ml20_lambda0.5,0.5,movielens_sample20of200_lambda0.5,20,8,18,88.64203401,88.64203401,88.60991928,76.54134782,1,0.5,solved (0.1 s),solved (0.1 s),0,0,opt,89.80147234,0.0,0.0,0.0,0.0,0.0,89.9930254,0.0,0.0,0.0,0.0,0.0,88.93996718200889,0.0,0.0,0.0,0.0,0.0,88.93996718200886,0.0,0.0,0.0,0.0,0.0,89.80147233699999,0.0,0.0,0.0,0.0,0.0,89.80147234,0.0,0.0,0.0,0.0,0.0,157.4196858,0.0,0.0,0.0,0.0,0.0,89.9930254,0.0,0.0,0.0,0.0,0.0,89.80147234,0.0,0.0,0.0,0.0,0.0,88.9930254,0.0,0.0,0.0,0.0,0.0,88.93996718,0.0,0.0,0.0,0.0,0.0
diverse_rec,ml20_lambda0.5,0.5,movielens_sample20of200_lambda0.5,20,8,19,89.30147234,89.30147234,89.30147234,76.5377162,1,0.5,solved (0.1 s),solved (0.1 s),0,0,opt,89.80147234,0.0,0.0,0.0,0.0,0.0,89.80147234,0.0,0.0,0.0,0.0,0.0,89.3014723403441,0.0,0.0,0.0,0.0,0.0,89.3014723403441,0.0,0.0,0.0,0.0,0.0,89.80147233699999,0.0,0.0,0.0,0.0,0.0,89.80147234,0.0,0.0,0.0,0.0,0.0,163.6716497,0.0,0.0,0.0,0.0,0.0,89.80147234,0.0,0.0,0.0,0.0,0.0,89.80147234,0.0,0.0,0.0,0.0,0.0,89.30147234,0.0,0.0,0.0,0.0,0.0,89.30147234,0.0,0.0,0.0,0.0,0.0
diverse_rec,ml20_lambda0.5,0.5,movielens_sample20of200_lambda0.5,20,8,20,89.80147234,89.80147234,89.80147234,76.76225261,1,0.5,solved (0.1 s),solved (0.1 s),0,0,opt,89.80147234,0.0,0.0,0.0,0.0,0.0,89.80147234,0.0,0.0,0.0,0.0,0.0,89.80147234034406,0.0,0.0,0.0,0.0,0.0,89.80147234034402,0.0,0.0,0.0,0.0,0.0,89.80147233699999,0.0,0.0,0.0,0.0,0.0,89.80147234,0.0,0.0,0.0,0.0,0.0,169.6029447,0.0,0.0,0.0,0.0,0.0,89.80147234,0.0,0.0,0.0,0.0,0.0,89.80147234,0.0,0.0,0.0,0.0,0.0,89.80147234,0.0,0.0,0.0,0.0,0.0,89.80147234,0.0,0.0,0.0,0.0,0.0
diverse_rec,ml20_lambda0.5,0.5,movielens_sample20of200_lambda0.5,20,9,1,9.644608638,9.644608638,9.644608638,9.644608638,1,0.5,solved (0.1 s),solved (0.1 s),0,0,opt,9.644608638,0.0,0.0,0.0,0.0,0.0,9.644608638,0.0,0.0,0.0,0.0,0.0,9.644608637682438,0.0,0.0,0.0,0.0,0.0,9.644608637682438,0.0,0.0,0.0,0.0,0.0,9.644608638,0.0,0.0,0.0,0.0,0.0,9.644608638,0.0,0.0,0.0,0.0,0.0,9.644608638,0.0,0.0,0.0,0.0,0.0,9.644608638,0.0,0.0,0.0,0.0,0.0,9.644608638,0.0,0.0,0.0,0.0,0.0,9.644608638,0.0,0.0,0.0,0.0,0.0,9.644608638,0.0,0.0,0.0,0.0,0.0
diverse_rec,ml20_lambda0.5,0.5,movielens_sample20of200_lambda0.5,20,9,2,17.98256757,17.98256757,17.98256757,17.84628811,1,0.5,solved (0.1 s),solved (0.1 s),0,0,opt,18.58562432,0.0,0.0,0.0,0.0,0.0,18.66643232,0.0,0.0,0.0,0.0,0.0,18.609353706767198,0.0,0.0,0.0,0.0,0.0,18.609353706767173,0.0,0.0,0.0,0.0,0.0,18.58562432,0.0,0.0,0.0,0.0,0.0,18.58562432,0.0,0.0,0.0,0.0,0.0,18.66643232,0.0,0.0,0.0,0.0,0.0,18.66643232,0.0,0.0,0.0,0.0,0.0,18.58562432,0.0,0.0,0.0,0.0,0.0,18.60935371,0.0,0.0,0.0,0.0,0.0,18.60935371,0.0,0.0,0.0,0.0,0.0
diverse_rec,ml20_lambda0.5,0.5,movielens_sample20of200_lambda0.5,20,9,3,25.72529271,25.72529271,25.72529271,25.36255753,1,0.5,solved (0.1 s),solved (0.1 s),0,0,opt,27.30899576,0.0,0.0,0.0,0.0,0.0,27.607448,0.0,0.0,0.0,0.0,0.0,27.433046875514346,0.0,0.0,0.0,0.0,0.0,27.433046875514346,0.0,0.0,0.0,0.0,0.0,27.30899576,0.0,0.0,0.0,0.0,0.0,27.30899576,0.0,0.0,0.0,0.0,0.0,27.607448,0.0,0.0,0.0,0.0,0.0,27.607448,0.0,0.0,0.0,0.0,0.0,27.30899576,0.0,0.0,0.0,0.0,0.0,27.43304688,0.0,0.0,0.0,0.0,0.0,27.43304688,0.0,0.0,0.0,0.0,0.0
diverse_rec,ml20_lambda0.5,0.5,movielens_sample20of200_lambda0.5,20,9,4,32.79032879,32.79032879,32.79032879,32.34926168,1,0.5,solved (0.1 s),solved (0.1 s),0,0,opt,35.85655128,0.0,0.0,0.0,0.0,0.0,36.33081944,0.0,0.0,0.0,0.0,0.0,35.961626064641955,0.0,0.0,0.0,0.0,0.0,35.961626064641955,0.0,0.0,0.0,0.0,0.0,35.85655128,0.0,0.0,0.0,0.0,0.0,35.85655128,0.0,0.0,0.0,0.0,0.0,36.33081944,0.0,0.0,0.0,0.0,0.0,36.33081944,0.0,0.0,0.0,0.0,0.0,35.85655128,0.0,0.0,0.0,0.0,0.0,35.96162606,0.0,0.0,0.0,0.0,0.0,35.96162606,0.0,0.0,0.0,0.0,0.0
diverse_rec,ml20_lambda0.5,0.5,movielens_sample20of200_lambda0.5,20,9,5,39.26512447,39.26512447,39.26512447,38.70421942,1,0.5,solved (0.1 s),solved (0.1 s),0,0,opt,44.36482219,0.0,0.0,0.0,0.0,0.0,44.87837496,0.0,0.0,0.0,0.0,0.0,44.33875543736066,0.0,0.0,0.0,0.0,0.0,44.33875543736065,0.0,0.0,0.0,0.0,0.0,44.36482219,0.0,0.0,0.0,0.0,0.0,44.36482219,0.0,0.0,0.0,0.0,0.0,44.87837496,0.0,0.0,0.0,0.0,0.0,44.87837496,0.0,0.0,0.0,0.0,0.0,44.36482219,0.0,0.0,0.0,0.0,0.0,44.33875544,0.0,0.0,0.0,0.0,0.0,44.33875544,0.0,0.0,0.0,0.0,0.0
diverse_rec,ml20_lambda0.5,0.5,movielens_sample20of200_lambda0.5,20,9,6,45.35090086,45.35090086,45.35090086,44.48519971,1,0.5,solved (0.1 s),solved (0.1 s),0,0,opt,52.30496303,0.0,0.0,0.0,0.0,0.0,53.38664588,0.0,0.0,0.0,0.0,0.0,52.32129429733828,0.0,0.0,0.0,0.0,0.0,52.32129429733828,0.0,0.0,0.0,0.0,0.0,52.30496303,0.0,0.0,0.0,0.0,0.0,52.30496303,0.0,0.0,0.0,0.0,0.0,53.38664588,0.0,0.0,0.0,0.0,0.0,53.38664588,0.0,0.0,0.0,0.0,0.0,52.30496303,0.0,0.0,0.0,0.0,0.0,52.3212943,0.0,0.0,0.0,0.0,0.0,52.3212943,0.0,0.0,0.0,0.0,0.0
diverse_rec,ml20_lambda0.5,0.5,movielens_sample20of200_lambda0.5,20,9,7,50.84604954,50.84604954,50.84604954,49.79647037,1,0.5,solved (0.1 s),solved (0.1 s),0,0,opt,60.17533272,0.0,0.0,0.0,0.0,0.0,61.73090334,0.0,0.0,0.0,0.0,0.0,59.84897439627803,0.0,0.0,0.0,0.0,0.0,59.84897439627803,0.0,0.0,0.0,0.0,0.0,60.17533272,0.0,0.0,0.0,0.0,0.0,60.17533272,0.0,0.0,0.0,0.0,0.0,61.73090334,0.0,0.0,0.0,0.0,0.0,61.73090334,0.0,0.0,0.0,0.0,0.0,60.17533272,0.0,0.0,0.0,0.0,0.0,59.8489744,0.0,0.0,0.0,0.0,0.0,59.8489744,0.0,0.0,0.0,0.0,0.0
diverse_rec,ml20_lambda0.5,0.5,movielens_sample20of200_lambda0.5,20,9,8,55.91078663,55.91078663,55.91078663,54.59291357,1,0.5,solved (0.1 s),solved (0.1 s),0,0,opt,67.96659473,0.0,0.0,0.0,0.0,0.0,69.67104417,0.0,0.0,0.0,0.0,0.0,67.25948556237115,0.0,0.0,0.0,0.0,0.0,67.25948556237115,0.0,0.0,0.0,0.0,0.0,67.96659473,0.0,0.0,0.0,0.0,0.0,67.96659473,0.0,0.0,0.0,0.0,0.0,69.67104417,0.0,0.0,0.0,0.0,0.0,69.67104417,0.0,0.0,0.0,0.0,0.0,67.96659473,0.0,0.0,0.0,0.0,0.0,67.26503936,0.0,0.0,0.0,0.0,0.0,67.25948556,0.0,0.0,0.0,0.0,0.0
diverse_rec,ml20_lambda0.5,0.5,movielens_sample20of200_lambda0.5,20,9,9,60.42459854,60.42459854,60.42459854,58.99038935,1,0.5,solved (0.1 s),solved (0.1 s),0,0,opt,75.37869619,0.0,0.0,0.0,0.0,0.0,77.54141386,0.0,0.0,0.0,0.0,0.0,74.27283766124484,0.0,0.0,0.0,0.0,0.0,74.27283766124484,0.0,0.0,0.0,0.0,0.0,75.37869619,0.0,0.0,0.0,0.0,0.0,75.37869619,0.0,0.0,0.0,0.0,0.0,77.54141386,0.0,0.0,0.0,0.0,0.0,77.54141386,0.0,0.0,0.0,0.0,0.0,75.37869619,0.0,0.0,0.0,0.0,0.0,74.42204242,0.0,0.0,0.0,0.0,0.0,74.27283766,0.0,0.0,0.0,0.0,0.0
diverse_rec,ml20_lambda0.5,0.5,movielens_sample20of200_lambda0.5,20,9,10,64.53870049,64.53870049,64.53870049,62.90276064,1,0.5,solved (0.1 s),solved (0.1 s),0,0,opt,82.3677087,0.0,0.0,0.0,0.0,0.0,85.38275111,0.0,0.0,0.0,0.0,0.0,80.54300595582076,0.0,0.0,0.0,0.0,0.0,80.54300595582076,0.0,0.0,0.0,0.0,0.0,82.3677087,0.0,0.0,0.0,0.0,0.0,82.3677087,0.0,0.0,0.0,0.0,0.0,85.38275111,0.0,0.0,0.0,0.0,0.0,85.38275111,0.0,0.0,0.0,0.0,0.0,82.3677087,0.0,0.0,0.0,0.0,0.0,80.78839525,0.0,0.0,0.0,0.0,0.0,80.54300596,0.0,0.0,0.0,0.0,0.0
diverse_rec,ml20_lambda0.5,0.5,movielens_sample20of200_lambda0.5,20,9,11,68.1632448,68.1632448,68.1632448,66.12260054,1,0.5,solved (0.1 s),solved (0.1 s),0,0,opt,84.15789772,0.0,0.0,0.0,0.0,0.0,93.17401313,0.0,0.0,0.0,0.0,0.0,81.60117362587773,0.0,0.0,0.0,0.0,0.0,81.60117362587773,0.0,0.0,0.0,0.0,0.0,84.15789772,0.0,0.0,0.0,0.0,0.0,84.15789772,0.0,0.0,0.0,0.0,0.0,93.17401313,0.0,0.0,0.0,0.0,0.0,93.17401313,0.0,0.0,0.0,0.0,0.0,84.15789772,0.0,0.0,0.0,0.0,0.0,86.46906569,0.0,0.0,0.0,0.0,0.0,81.60117363,0.0,0.0,0.0,0.0,0.0
diverse_rec,ml20_lambda0.5,0.5,movielens_sample20of200_lambda0.5,20,9,12,71.38167564,71.38167564,71.38167564,68.07866169,1,0.5,solved (0.1 s),solved (0.1 s),0,0,opt,84.15789772,0.0,0.0,0.0,0.0,0.0,92.93411981,0.0,0.0,0.0,0.0,0.0,81.83664988072395,0.0,0.0,0.0,0.0,0.0,81.83664988072394,0.0,0.0,0.0,0.0,0.0,84.15789772,0.0,0.0,0.0,0.0,0.0,84.15789772,0.0,0.0,0.0,0.0,0.0,100.9569745,0.0,0.0,0.0,0.0,0.0,92.93411981,0.0,0.0,0.0,0.0,0.0,84.15789772,0.0,0.0,0.0,0.0,0.0,88.93411981,0.0,0.0,0.0,0.0,0.0,81.83664988,0.0,0.0,0.0,0.0,0.0
diverse_rec,ml20_lambda0.5,0.5,movielens_sample20of200_lambda0.5,20,9,13,74.24510657,74.24510657,74.23150257,69.27375712,1,0.5,solved (0.1 s),solved (0.1 s),0,0,opt,84.15789772,0.0,0.0,0.0,0.0,0.0,90.58429288,0.0,0.0,0.0,0.0,0.0,82.07939332949066,0.0,0.0,0.0,0.0,0.0,82.07939332949066,0.0,0.0,0.0,0.0,0.0,84.15789772,0.0,0.0,0.0,0.0,0.0,84.15789772,0.0,0.0,0.0,0.0,0.0,108.5546303,0.0,0.0,0.0,0.0,0.0,90.58429288,0.0,0.0,0.0,0.0,0.0,84.15789772,0.0,0.0,0.0,0.0,0.0,87.08429288,0.0,0.0,0.0,0.0,0.0,82.07939333,0.0,0.0,0.0,0.0,0.0
diverse_rec,ml20_lambda0.5,0.5,movielens_sample20of200_lambda0.5,20,9,14,76.7475301,76.7475301,76.707912,70.14347442,1,0.5,solved (0.1 s),solved (0.1 s),0,0,opt,84.15789772,0.0,0.0,0.0,0.0,0.0,88.60788345,0.0,0.0,0.0,0.0,0.0,82.32801325586139,0.0,0.0,0.0,0.0,0.0,82.32801325586139,0.0,0.0,0.0,0.0,0.0,84.15789772,0.0,0.0,0.0,0.0,0.0,84.15789772,0.0,0.0,0.0,0.0,0.0,115.9667318,0.0,0.0,0.0,0.0,0.0,88.60788345,0.0,0.0,0.0,0.0,0.0,84.15789772,0.0,0.0,0.0,0.0,0.0,85.60788345,0.0,0.0,0.0,0.0,0.0,82.32801326,0.0,0.0,0.0,0.0,0.0
diverse_rec,ml20_lambda0.5,0.5,movielens_sample20of200_lambda0.5,20,9,15,78.87966072,78.87966072,78.87966072,70.63476973,1,0.5,solved (0.1 s),solved (0.1 s),0,0,opt,84.15789772,0.0,0.0,0.0,0.0,0.0,86.93613472,0.0,0.0,0.0,0.0,0.0,82.55023355001154,0.0,0.0,0.0,0.0,0.0,82.55023355001157,0.0,0.0,0.0,0.0,0.0,84.157897719,0.0,0.0,0.0,0.0,0.0,84.15789772,0.0,0.0,0.0,0.0,0.0,123.3603771,0.0,0.0,0.0,0.0,0.0,86.93613472,0.0,0.0,0.0,0.0,0.0,84.15789772,0.0,0.0,0.0,0.0,0.0,84.43613472,0.0,0.0,0.0,0.0,0.0,82.55023355,0.0,0.0,0.0,0.0,0.0
diverse_rec,ml20_lambda0.5,0.5,movielens_sample20of200_lambda0.5,20,9,16,80.6718368,80.6718368,80.6718368,71.00196195,1,0.5,solved (0.1 s),solved (0.1 s),0,0,opt,84.15789772,0.0,0.0,0.0,0.0,0.0,85.64395865,0.0,0.0,0.0,0.0,0.0,82.76046587324323,0.0,0.0,0.0,0.0,0.0,82.7604658732432,0.0,0.0,0.0,0.0,0.0,84.157897719,0.0,0.0,0.0,0.0,0.0,84.15789772,0.0,0.0,0.0,0.0,0.0,130.7323904,0.0,0.0,0.0,0.0,0.0,85.64395865,0.0,0.0,0.0,0.0,0.0,84.15789772,0.0,0.0,0.0,0.0,0.0,83.64395865,0.0,0.0,0.0,0.0,0.0,82.76046587,0.0,0.0,0.0,0.0,0.0
diverse_rec,ml20_lambda0.5,0.5,movielens_sample20of200_lambda0.5,20,9,17,81.93402929,81.93402929,81.93402929,71.37138205,1,0.5,solved (0.1 s),solved (0.1 s),0,0,opt,84.15789772,0.0,0.0,0.0,0.0,0.0,84.88176616,0.0,0.0,0.0,0.0,0.0,83.0360986656952,0.0,0.0,0.0,0.0,0.0,83.0360986656952,0.0,0.0,0.0,0.0,0.0,84.157897719,0.0,0.0,0.0,0.0,0.0,84.15789772,0.0,0.0,0.0,0.0,0.0,138.0550473,0.0,0.0,0.0,0.0,0.0,84.88176616,0.0,0.0,0.0,0.0,0.0,84.15789772,0.0,0.0,0.0,0.0,0.0,83.38176616,0.0,0.0,0.0,0.0,0.0,83.03609867,0.0,0.0,0.0,0.0,0.0
diverse_rec,ml20_lambda0.5,0.5,movielens_sample20of200_lambda0.5,20,9,18,82.95011494,82.95011494,82.95011494,71.60833643,1,0.5,solved (0.1 s),solved (0.1 s),0,0,opt,84.15789772,0.0,0.0,0.0,0.0,0.0,84.36568051,0.0,0.0,0.0,0.0,0.0,83.30468201297097,0.0,0.0,0.0,0.0,0.0,83.30468201297097,0.0,0.0,0.0,0.0,0.0,84.157897719,0.0,0.0,0.0,0.0,0.0,84.15789772,0.0,0.0,0.0,0.0,0.0,145.0440598,0.0,0.0,0.0,0.0,0.0,84.36568051,0.0,0.0,0.0,0.0,0.0,84.15789772,0.0,0.0,0.0,0.0,0.0,83.36568051,0.0,0.0,0.0,0.0,0.0,83.30468201,0.0,0.0,0.0,0.0,0.0
diverse_rec,ml20_lambda0.5,0.5,movielens_sample20of200_lambda0.5,20,9,19,83.65789772,83.65789772,83.65789772,71.61578327,1,0.5,solved (0.1 s),solved (0.1 s),0,0,opt,84.15789772,0.0,0.0,0.0,0.0,0.0,84.15789772,0.0,0.0,0.0,0.0,0.0,83.65789772343358,0.0,0.0,0.0,0.0,0.0,83.65789772343358,0.0,0.0,0.0,0.0,0.0,84.157897719,0.0,0.0,0.0,0.0,0.0,84.15789772,0.0,0.0,0.0,0.0,0.0,151.7142546,0.0,0.0,0.0,0.0,0.0,84.15789772,0.0,0.0,0.0,0.0,0.0,84.15789772,0.0,0.0,0.0,0.0,0.0,83.65789772,0.0,0.0,0.0,0.0,0.0,83.65789772,0.0,0.0,0.0,0.0,0.0
diverse_rec,ml20_lambda0.5,0.5,movielens_sample20of200_lambda0.5,20,9,20,84.15789772,84.15789772,84.15789772,71.61671237,1,0.5,solved (0.1 s),solved (0.1 s),0,0,opt,84.15789772,0.0,0.0,0.0,0.0,0.0,84.15789772,0.0,0.0,0.0,0.0,0.0,84.15789772343356,0.0,0.0,0.0,0.0,0.0,84.15789772343358,0.0,0.0,0.0,0.0,0.0,84.157897719,0.0,0.0,0.0,0.0,0.0,84.15789772,0.0,0.0,0.0,0.0,0.0,158.3157954,0.0,0.0,0.0,0.0,0.0,84.15789772,0.0,0.0,0.0,0.0,0.0,84.15789772,0.0,0.0,0.0,0.0,0.0,84.15789772,0.0,0.0,0.0,0.0,0.0,84.15789772,0.0,0.0,0.0,0.0,0.0
diverse_rec,ml20_lambda0.75,0.75,movielens_sample20of200_lambda0.75,20,0,1,8.769434616,8.769434616,8.769434616,8.769434616,0,-4.009717308,solved (0.0 s),solved (0.0 s),0,0,opt,8.769434616,0.0,0.0,0.0,0.0,0.0,8.769434616,0.0,0.0,0.0,0.0,0.0,8.76943461617524,0.0,0.0,0.0,0.0,0.0,8.76943461617524,0.0,0.0,0.0,0.0,0.0,8.769434616,0.0,0.0,0.0,0.0,0.0,8.769434616,0.0,0.0,0.0,0.0,0.0,8.769434616,0.0,0.0,0.0,0.0,0.0,8.769434616,0.0,0.0,0.0,0.0,0.0,8.769434616,0.0,0.0,0.0,0.0,0.0,8.769434616,0.0,0.0,0.0,0.0,0.0,8.769434616,0.0,0.0,0.0,0.0,0.0
diverse_rec,ml20_lambda0.75,0.75,movielens_sample20of200_lambda0.75,20,0,2,16.66101178,16.66101178,16.66101178,16.22189551,0,-4.009717308,solved (0.0 s),solved (0.0 s),0,0,opt,16.66101178,0.0,0.0,0.0,0.0,0.0,17.50844685,0.0,0.0,0.0,0.0,0.0,17.405998821280054,0.0,0.0,0.0,0.0,0.0,17.405998821280054,0.0,0.0,0.0,0.0,0.0,16.66101178,0.0,0.0,0.0,0.0,0.0,16.66101178,0.0,0.0,0.0,0.0,0.0,17.50844685,0.0,0.0,0.0,0.0,0.0,17.50844685,0.0,0.0,0.0,0.0,0.0,16.66101178,0.0,0.0,0.0,0.0,0.0,17.42910775,0.0,0.0,0.0,0.0,0.0,17.40599882,0.0,0.0,0.0,0.0,0.0
diverse_rec,ml20_lambda0.75,0.75,movielens_sample20of200_lambda0.75,20,0,3,22.97054917,22.97054917,22.97054917,22.366197,0,-4.009717308,solved (0.0 s),solved (0.0 s),0,0,opt,24.26281976,0.0,0.0,0.0,0.0,0.0,25.2102681,0.0,0.0,0.0,0.0,0.0,24.974492680554953,0.0,0.0,0.0,0.0,0.0,24.974492680554953,0.0,0.0,0.0,0.0,0.0,24.26281976,0.0,0.0,0.0,0.0,0.0,24.26281976,0.0,0.0,0.0,0.0,0.0,25.2102681,0.0,0.0,0.0,0.0,0.0,25.2102681,0.0,0.0,0.0,0.0,0.0,24.26281976,0.0,0.0,0.0,0.0,0.0,24.97978341,0.0,0.0,0.0,0.0,0.0,24.97449268,0.0,0.0,0.0,0.0,0.0
diverse_rec,ml20_lambda0.75,0.75,movielens_sample20of200_lambda0.75,20,0,4,28.57958638,28.57958638,28.57958638,27.87274878,0,-4.009717308,solved (0.0 s),solved (0.0 s),0,0,opt,31.86333918,0.0,0.0,0.0,0.0,0.0,32.81207609,0.0,0.0,0.0,0.0,0.0,32.41716094857479,0.0,0.0,0.0,0.0,0.0,32.41716094857479,0.0,0.0,0.0,0.0,0.0,31.86333918,0.0,0.0,0.0,0.0,0.0,31.86333918,0.0,0.0,0.0,0.0,0.0,32.81207609,0.0,0.0,0.0,0.0,0.0,32.81207609,0.0,0.0,0.0,0.0,0.0,31.86333918,0.0,0.0,0.0,0.0,0.0,32.41805412,0.0,0.0,0.0,0.0,0.0,32.41716095,0.0,0.0,0.0,0.0,0.0
diverse_rec,ml20_lambda0.75,0.75,movielens_sample20of200_lambda0.75,20,0,5,33.4871936,33.4871936,33.4871936,32.77459396,0,-4.009717308,solved (0.0 s),solved (0.0 s),0,0,opt,39.37890962,0.0,0.0,0.0,0.0,0.0,40.4125955,0.0,0.0,0.0,0.0,0.0,39.81255104228816,0.0,0.0,0.0,0.0,0.0,39.81255104228816,0.0,0.0,0.0,0.0,0.0,39.37890962,0.0,0.0,0.0,0.0,0.0,39.37890962,0.0,0.0,0.0,0.0,0.0,40.4125955,0.0,0.0,0.0,0.0,0.0,40.4125955,0.0,0.0,0.0,0.0,0.0,39.37890962,0.0,0.0,0.0,0.0,0.0,39.82764554,0.0,0.0,0.0,0.0,0.0,39.81255104,0.0,0.0,0.0,0.0,0.0
diverse_rec,ml20_lambda0.75,0.75,movielens_sample20of200_lambda0.75,20,0,6,37.83538651,37.83538651,37.83538651,37.07919266,0,-4.009717308,solved (0.0 s),solved (0.0 s),0,0,opt,46.63107,0.0,0.0,0.0,0.0,0.0,47.97987372,0.0,0.0,0.0,0.0,0.0,40.1951958914427,0.0,0.0,0.0,0.0,0.0,40.1951958914427,0.0,0.0,0.0,0.0,0.0,46.63107,0.0,0.0,0.0,0.0,0.0,46.63107,0.0,0.0,0.0,0.0,0.0,47.97987372,0.0,0.0,0.0,0.0,0.0,47.97987372,0.0,0.0,0.0,0.0,0.0,46.63107,0.0,0.0,0.0,0.0,0.0,47.19566895,0.0,0.0,0.0,0.0,0.0,47.13422312,0.0,0.0,0.0,0.0,0.0
diverse_rec,ml20_lambda0.75,0.75,movielens_sample20of200_lambda0.75,20,0,7,41.54774561,41.54774561,41.54774561,40.79980603,0,-4.009717308,solved (0.0 s),solved (0.0 s),1,0,opt,50.95764229,0.0,0.0,0.0,0.0,0.0,55.49544415,0.0,0.0,0.0,0.0,0.0,,,,,,,40.1951958914427,1.0,0.03255410609406826,1.0,1.0,1.0,53.64668558,0.0,0.0,0.0,0.0,0.0,50.95764229,0.0,0.0,0.0,0.0,0.0,55.49544415,0.0,0.0,0.0,0.0,0.0,55.49544415,0.0,0.0,0.0,0.0,0.0,53.64668558,0.0,0.0,0.0,0.0,0.0,54.51383844,0.0,0.0,0.0,0.0,0.0,54.11909346,0.0,0.0,0.0,0.0,0.0
diverse_rec,ml20_lambda0.75,0.75,movielens_sample20of200_lambda0.75,20,0,8,44.61842802,44.61842802,44.58862015,43.93962224,0,-4.009717308,solved (0.0 s),solved (0.0 s),1,0,opt,50.95764229,0.0,0.0,0.0,0.0,0.0,63.00020786,0.0,0.0,0.0,0.0,0.0,,,,,,,40.1951958914427,1.0,0.09913464738324283,1.0,1.0,1.0,60.52612678,0.0,0.0,0.0,0.0,0.0,50.95764229,0.0,0.0,0.0,0.0,0.0,63.00020786,0.0,0.0,0.0,0.0,0.0,63.00020786,0.0,0.0,0.0,0.0,0.0,60.52612678,0.0,0.0,0.0,0.0,0.0,61.58812154,0.0,0.0,0.0,0.0,0.0,60.86621321,0.0,0.0,0.0,0.0,0.0
diverse_rec,ml20_lambda0.75,0.75,movielens_sample20of200_lambda0.75,20,0,9,47.19539495,47.19539495,47.13531594,46.45419759,0,-4.009717308,solved (0.0 s),solved (0.0 s),1,0,opt,50.95764229,0.0,0.0,0.0,0.0,0.0,63.87034309,0.0,0.0,0.0,0.0,0.0,,,,,,,40.1951958914427,1.0,0.14832377324045043,1.0,1.0,1.0,63.044396469999995,0.0,0.0,0.0,0.0,0.0,50.95764229,0.0,0.0,0.0,0.0,0.0,70.47172592,0.0,0.0,0.0,0.0,0.0,70.47172592,0.0,0.0,0.0,0.0,0.0,67.3296989,0.0,0.0,0.0,0.0,0.0,68.46429706,0.0,0.0,0.0,0.0,0.0,67.49558327,0.0,0.0,0.0,0.0,0.0
diverse_rec,ml20_lambda0.75,0.75,movielens_sample20of200_lambda0.75,20,0,10,49.17642471,49.17642471,49.10071994,48.44713712,0,-4.009717308,solved (0.0 s),solved (0.0 s),1,0,opt,50.95764229,0.0,0.0,0.0,0.0,0.0,62.00397086,0.0,0.0,0.0,0.0,0.0,,,,,,,40.1951958914427,1.0,0.18263281382330687,1.0,1.0,1.0,59.7346839,0.0,0.0,0.0,0.0,0.0,50.95764229,0.0,0.0,0.0,0.0,0.0,77.7238863,0.0,0.0,0.0,0.0,0.0,77.7238863,0.0,0.0,0.0,0.0,0.0,74.10421781,0.0,0.0,0.0,0.0,0.0,74.81934495,0.0,0.0,0.0,0.0,0.0,73.96494249,0.0,0.0,0.0,0.0,0.0
diverse_rec,ml20_lambda0.75,0.75,movielens_sample20of200_lambda0.75,20,0,11,50.60918823,50.60918823,50.45807227,49.70509309,0,-4.009717308,solved (0.0 s),solved (0.0 s),1,0,opt,50.95764229,0.0,0.0,0.0,0.0,0.0,57.61983248,0.0,0.0,0.0,0.0,0.0,,,,,,,40.1951958914427,1.0,0.20577275990339075,1.0,1.0,1.0,56.415985788,0.0,0.0,0.0,0.0,0.0,50.95764229,0.0,0.0,0.0,0.0,0.0,84.97399398,0.0,0.0,0.0,0.0,0.0,84.97399398,0.0,0.0,0.0,0.0,0.0,80.75341642,0.0,0.0,0.0,0.0,0.0,80.59502054,0.0,0.0,0.0,0.0,0.0,80.00978761,0.0,0.0,0.0,0.0,0.0
diverse_rec,ml20_lambda0.75,0.75,movielens_sample20of200_lambda0.75,20,0,12,51.55337985,51.55337985,51.36829727,50.37677824,0,-4.009717308,solved (0.0 s),solved (0.0 s),1,0,opt,50.95764229,1.0,0.011555742062564232,1.0,0.0,1.0,53.91209824,0.0,0.0,0.0,0.0,0.0,,,,,,,40.1951958914427,1.0,0.22031890036317955,1.0,1.0,1.0,53.590914104999996,0.0,0.0,0.0,0.0,0.0,50.95764229,1.0,0.011555742062564232,1.0,0.0,1.0,92.1571211,0.0,0.0,0.0,0.0,0.0,92.1571211,0.0,0.0,0.0,0.0,0.0,87.09843488,0.0,0.0,0.0,0.0,0.0,82.51678205,0.0,0.0,0.0,0.0,0.0,82.29483199,0.0,0.0,0.0,0.0,0.0
diverse_rec,ml20_lambda0.75,0.75,movielens_sample20of200_lambda0.75,20,0,13,52.04460262,52.04460262,51.82365548,50.66084576,0,-4.009717308,solved (0.0 s),solved (0.0 s),1,0,opt,50.95764229,1.0,0.02088516916799924,1.0,0.0,1.0,51.82365548,1.0,0.004245342050418365,0.0,0.0,1.0,,,,,,,40.1951958914427,1.0,0.2276779172486897,1.0,1.0,1.0,51.82365548,1.0,0.004245342050418365,0.0,0.0,1.0,50.95764229,1.0,0.02088516916799924,1.0,0.0,1.0,99.24608651,0.0,0.0,0.0,0.0,0.0,94.41248629,0.0,0.0,0.0,0.0,0.0,93.16576706,0.0,0.0,0.0,0.0,0.0,80.12053056,0.0,0.0,0.0,0.0,0.0,80.12053056,0.0,0.0,0.0,0.0,0.0
diverse_rec,ml20_lambda0.75,0.75,movielens_sample20of200_lambda0.75,20,0,14,52.09630163,52.09630163,51.82365548,50.80871312,0,-4.009717308,solved (0.0 s),solved (0.0 s),1,0,opt,50.95764229,1.0,0.021856817170766152,1.0,0.0,1.0,51.82365548,1.0,0.005233502983309564,0.0,0.0,1.0,,,,,,,40.1951958914427,1.0,0.22844434952564785,1.0,1.0,1.0,51.82365548,1.0,0.005233502983309564,0.0,0.0,1.0,50.95764229,1.0,0.021856817170766152,1.0,0.0,1.0,106.2617021,0.0,0.0,0.0,0.0,0.0,94.41248629,0.0,0.0,0.0,0.0,0.0,94.09130216,0.0,0.0,0.0,0.0,0.0,80.12053056,0.0,0.0,0.0,0.0,0.0,80.12053056,0.0,0.0,0.0,0.0,0.0
diverse_rec,ml20_lambda0.75,0.75,movielens_sample20of200_lambda0.75,20,0,15,52.09630163,52.09630163,51.82365548,50.88613142,0,-4.009717308,solved (0.0 s),solved (0.0 s),1,0,opt,50.95764229,1.0,0.021856817170766152,1.0,0.0,1.0,51.82365548,1.0,0.005233502983309564,0.0,0.0,1.0,,,,,,,40.1951958914427,1.0,0.22844434952564785,1.0,1.0,1.0,51.82365548,1.0,0.005233502983309564,0.0,0.0,1.0,50.95764229,1.0,0.021856817170766152,1.0,0.0,1.0,113.1411433,0.0,0.0,0.0,0.0,0.0,94.41248629,0.0,0.0,0.0,0.0,0.0,94.09130216,0.0,0.0,0.0,0.0,0.0,80.12053056,0.0,0.0,0.0,0.0,0.0,80.12053056,0.0,0.0,0.0,0.0,0.0
diverse_rec,ml20_lambda0.75,0.75,movielens_sample20of200_lambda0.75,20,0,16,52.09630163,52.09630163,51.82365548,50.96512324,0,-4.009717308,solved (0.0 s),solved (0.0 s),1,0,opt,50.95764229,1.0,0.021856817170766152,1.0,1.0,1.0,51.82365548,1.0,0.005233502983309564,0.0,0.0,1.0,,,,,,,40.1951958914427,1.0,0.22844434952564785,1.0,1.0,1.0,51.82365548,1.0,0.005233502983309564,0.0,0.0,1.0,50.95764229,1.0,0.021856817170766152,1.0,1.0,1.0,119.9447154,0.0,0.0,0.0,0.0,0.0,94.41248629,0.0,0.0,0.0,0.0,0.0,94.09130216,0.0,0.0,0.0,0.0,0.0,80.12053056,0.0,0.0,0.0,0.0,0.0,80.12053056,0.0,0.0,0.0,0.0,0.0
diverse_rec,ml20_lambda0.75,0.75,movielens_sample20of200_lambda0.75,20,0,17,52.09630163,52.09630163,51.82365548,50.91899756,0,-4.009717308,solved (0.0 s),solved (0.0 s),1,0,opt,50.95764229,1.0,0.021856817170766152,1.0,0.0,1.0,51.82365548,1.0,0.005233502983309564,0.0,0.0,1.0,,,,,,,40.1951958914427,1.0,0.22844434952564785,1.0,1.0,1.0,51.82365548,1.0,0.005233502983309564,0.0,0.0,1.0,50.95764229,1.0,0.021856817170766152,1.0,0.0,1.0,126.7192343,0.0,0.0,0.0,0.0,0.0,94.41248629,0.0,0.0,0.0,0.0,0.0,94.09130216,0.0,0.0,0.0,0.0,0.0,80.12053056,0.0,0.0,0.0,0.0,0.0,80.12053056,0.0,0.0,0.0,0.0,0.0
diverse_rec,ml20_lambda0.75,0.75,movielens_sample20of200_lambda0.75,20,0,18,52.09630163,52.09630163,51.82365548,50.92289293,0,-4.009717308,solved (0.0 s),solved (0.0 s),1,0,opt,50.95764229,1.0,0.021856817170766152,1.0,0.0,1.0,51.82365548,1.0,0.005233502983309564,0.0,0.0,1.0,,,,,,,40.1951958914427,1.0,0.22844434952564785,1.0,1.0,1.0,51.82365548,1.0,0.005233502983309564,0.0,0.0,1.0,50.95764229,1.0,0.021856817170766152,1.0,0.0,1.0,133.3684329,0.0,0.0,0.0,0.0,0.0,94.41248629,0.0,0.0,0.0,0.0,0.0,94.09130216,0.0,0.0,0.0,0.0,0.0,80.12053056,0.0,0.0,0.0,0.0,0.0,80.12053056,0.0,0.0,0.0,0.0,0.0
diverse_rec,ml20_lambda0.75,0.75,movielens_sample20of200_lambda0.75,20,0,19,52.09630163,52.09630163,51.82365548,50.90443322,0,-4.009717308,solved (0.0 s),solved (0.0 s),1,0,opt,50.95764229,1.0,0.021856817170766152,1.0,0.0,1.0,51.82365548,1.0,0.005233502983309564,0.0,0.0,1.0,,,,,,,40.1951958914427,1.0,0.22844434952564785,1.0,1.0,1.0,51.82365548,1.0,0.005233502983309564,0.0,0.0,1.0,50.95764229,1.0,0.021856817170766152,1.0,0.0,1.0,139.7134514,0.0,0.0,0.0,0.0,0.0,94.41248629,0.0,0.0,0.0,0.0,0.0,94.09130216,0.0,0.0,0.0,0.0,0.0,80.12053056,0.0,0.0,0.0,0.0,0.0,80.12053056,0.0,0.0,0.0,0.0,0.0
diverse_rec,ml20_lambda0.75,0.75,movielens_sample20of200_lambda0.75,20,0,20,52.09630163,52.09630163,51.82365548,50.91463309,0,-4.009717308,solved (0.0 s),solved (0.0 s),1,0,opt,50.95764229,1.0,0.021856817170766152,1.0,0.0,1.0,51.82365548,1.0,0.005233502983309564,0.0,0.0,1.0,,,,,,,40.1951958914427,1.0,0.22844434952564785,1.0,1.0,1.0,51.82365548,1.0,0.005233502983309564,0.0,0.0,1.0,50.95764229,1.0,0.021856817170766152,1.0,0.0,1.0,145.7807836,0.0,0.0,0.0,0.0,0.0,94.41248629,0.0,0.0,0.0,0.0,0.0,94.09130216,0.0,0.0,0.0,0.0,0.0,80.12053056,0.0,0.0,0.0,0.0,0.0,80.12053056,0.0,0.0,0.0,0.0,0.0
diverse_rec,ml20_lambda0.75,0.75,movielens_sample20of200_lambda0.75,20,1,1,9.03657435,9.03657435,9.03657435,9.03657435,0,-4.143287175,solved (0.0 s),solved (0.0 s),0,0,opt,9.03657435,0.0,0.0,0.0,0.0,0.0,9.03657435,0.0,0.0,0.0,0.0,0.0,9.036574350404328,0.0,0.0,0.0,0.0,0.0,9.036574350404328,0.0,0.0,0.0,0.0,0.0,9.03657435,0.0,0.0,0.0,0.0,0.0,9.03657435,0.0,0.0,0.0,0.0,0.0,9.03657435,0.0,0.0,0.0,0.0,0.0,9.03657435,0.0,0.0,0.0,0.0,0.0,9.03657435,0.0,0.0,0.0,0.0,0.0,9.03657435,0.0,0.0,0.0,0.0,0.0,9.03657435,0.0,0.0,0.0,0.0,0.0
diverse_rec,ml20_lambda0.75,0.75,movielens_sample20of200_lambda0.75,20,1,2,16.67693425,16.67693425,16.67693425,16.52578313,0,-4.143287175,solved (0.0 s),solved (0.0 s),0,0,opt,17.4477553,0.0,0.0,0.0,0.0,0.0,17.47702199,0.0,0.0,0.0,0.0,0.0,17.433399178424448,0.0,0.0,0.0,0.0,0.0,17.433399178424448,0.0,0.0,0.0,0.0,0.0,17.4477553,0.0,0.0,0.0,0.0,0.0,17.4477553,0.0,0.0,0.0,0.0,0.0,17.47702199,0.0,0.0,0.0,0.0,0.0,17.47702199,0.0,0.0,0.0,0.0,0.0,17.4477553,0.0,0.0,0.0,0.0,0.0,17.43409483,0.0,0.0,0.0,0.0,0.0,17.43339918,0.0,0.0,0.0,0.0,0.0
diverse_rec,ml20_lambda0.75,0.75,movielens_sample20of200_lambda0.75,20,1,3,23.59992532,23.59992532,23.456527,23.22371574,0,-4.143287175,solved (0.0 s),solved (0.0 s),0,0,opt,25.81229182,0.0,0.0,0.0,0.0,0.0,25.88820293,0.0,0.0,0.0,0.0,0.0,25.79340695803235,0.0,0.0,0.0,0.0,0.0,25.79340695803235,0.0,0.0,0.0,0.0,0.0,25.81229182,0.0,0.0,0.0,0.0,0.0,25.81229182,0.0,0.0,0.0,0.0,0.0,25.88820293,0.0,0.0,0.0,0.0,0.0,25.88820293,0.0,0.0,0.0,0.0,0.0,25.81229182,0.0,0.0,0.0,0.0,0.0,25.79570321,0.0,0.0,0.0,0.0,0.0,25.79340696,0.0,0.0,0.0,0.0,0.0
diverse_rec,ml20_lambda0.75,0.75,movielens_sample20of200_lambda0.75,20,1,4,29.61372407,29.61372407,29.61372407,29.05264915,0,-4.143287175,solved (0.0 s),solved (0.0 s),0,0,opt,33.89252941,0.0,0.0,0.0,0.0,0.0,34.25273946,0.0,0.0,0.0,0.0,0.0,33.95668265486393,0.0,0.0,0.0,0.0,0.0,33.95668265486393,0.0,0.0,0.0,0.0,0.0,33.89252941,0.0,0.0,0.0,0.0,0.0,33.89252941,0.0,0.0,0.0,0.0,0.0,34.25273946,0.0,0.0,0.0,0.0,0.0,34.25273946,0.0,0.0,0.0,0.0,0.0,33.89252941,0.0,0.0,0.0,0.0,0.0,33.97114905,0.0,0.0,0.0,0.0,0.0,33.95668265,0.0,0.0,0.0,0.0,0.0
diverse_rec,ml20_lambda0.75,0.75,movielens_sample20of200_lambda0.75,20,1,5,34.78319546,34.78319546,34.78319546,34.14512453,0,-4.143287175,solved (0.0 s),solved (0.0 s),0,0,opt,41.72403517,0.0,0.0,0.0,0.0,0.0,42.33297705,0.0,0.0,0.0,0.0,0.0,41.05595084451523,0.0,0.0,0.0,0.0,0.0,41.05595084451523,0.0,0.0,0.0,0.0,0.0,41.72403517,0.0,0.0,0.0,0.0,0.0,41.72403517,0.0,0.0,0.0,0.0,0.0,42.33297705,0.0,0.0,0.0,0.0,0.0,42.33297705,0.0,0.0,0.0,0.0,0.0,41.72403517,0.0,0.0,0.0,0.0,0.0,41.85223352,0.0,0.0,0.0,0.0,0.0,41.7850037,0.0,0.0,0.0,0.0,0.0
diverse_rec,ml20_lambda0.75,0.75,movielens_sample20of200_lambda0.75,20,1,6,39.19341284,39.19341284,39.19341284,38.55467019,0,-4.143287175,solved (0.0 s),solved (0.0 s),0,0,opt,49.26969934,0.0,0.0,0.0,0.0,0.0,50.3508457,0.0,0.0,0.0,0.0,0.0,41.05595084451523,0.0,0.0,0.0,0.0,0.0,41.05595084451523,0.0,0.0,0.0,0.0,0.0,49.26969934,0.0,0.0,0.0,0.0,0.0,49.26969934,0.0,0.0,0.0,0.0,0.0,50.3508457,0.0,0.0,0.0,0.0,0.0,50.3508457,0.0,0.0,0.0,0.0,0.0,49.26969934,0.0,0.0,0.0,0.0,0.0,49.51437433,0.0,0.0,0.0,0.0,0.0,49.36439798,0.0,0.0,0.0,0.0,0.0
diverse_rec,ml20_lambda0.75,0.75,movielens_sample20of200_lambda0.75,20,1,7,42.93800861,42.93800862,42.93800862,42.22862488,0,-4.143287175,solved (0.0 s),solved (0.0 s),1,0,opt,51.84296219,0.0,0.0,0.0,0.0,0.0,58.18235146,0.0,0.0,0.0,0.0,0.0,,,,,,,41.05595084451523,1.0,0.04383197606063284,1.0,1.0,1.0,56.43356811,0.0,0.0,0.0,0.0,0.0,51.84296219,0.0,0.0,0.0,0.0,0.0,58.18235146,0.0,0.0,0.0,0.0,0.0,58.18235146,0.0,0.0,0.0,0.0,0.0,56.43356811,0.0,0.0,0.0,0.0,0.0,56.94116751,0.0,0.0,0.0,0.0,0.0,56.49972475,0.0,0.0,0.0,0.0,0.0
diverse_rec,ml20_lambda0.75,0.75,movielens_sample20of200_lambda0.75,20,1,8,46.09036932,46.09036932,46.09036932,45.27484817,0,-4.143287175,solved (0.0 s),solved (0.0 s),1,0,opt,51.84296219,0.0,0.0,0.0,0.0,0.0,64.94215418,0.0,0.0,0.0,0.0,0.0,,,,,,,41.05595084451523,1.0,0.10922929344591266,1.0,1.0,1.0,63.32657452,0.0,0.0,0.0,0.0,0.0,51.84296219,0.0,0.0,0.0,0.0,0.0,66.00787226,0.0,0.0,0.0,0.0,0.0,66.00787226,0.0,0.0,0.0,0.0,0.0,63.32657452,0.0,0.0,0.0,0.0,0.0,64.05697498,0.0,0.0,0.0,0.0,0.0,63.29269933,0.0,0.0,0.0,0.0,0.0
diverse_rec,ml20_lambda0.75,0.75,movielens_sample20of200_lambda0.75,20,1,9,48.54946794,48.54946794,48.54946794,47.77778,0,-4.143287175,solved (0.0 s),solved (0.0 s),1,0,opt,51.84296219,0.0,0.0,0.0,0.0,0.0,64.60874891,0.0,0.0,0.0,0.0,0.0,,,,,,,41.05595084451523,1.0,0.15434807863900082,1.0,1.0,1.0,63.96907849,0.0,0.0,0.0,0.0,0.0,51.84296219,0.0,0.0,0.0,0.0,0.0,73.59795367,0.0,0.0,0.0,0.0,0.0,73.59795367,0.0,0.0,0.0,0.0,0.0,70.08018038,0.0,0.0,0.0,0.0,0.0,70.86328281,0.0,0.0,0.0,0.0,0.0,69.80298964,0.0,0.0,0.0,0.0,0.0
diverse_rec,ml20_lambda0.75,0.75,movielens_sample20of200_lambda0.75,20,1,10,50.49548824,50.49548824,50.45554483,49.67968715,0,-4.143287175,solved (0.0 s),solved (0.0 s),1,0,opt,51.84296219,0.0,0.0,0.0,0.0,0.0,62.40463403,0.0,0.0,0.0,0.0,0.0,,,,,,,41.05595084451523,1.0,0.18693823397883774,1.0,1.0,1.0,60.44149967,0.0,0.0,0.0,0.0,0.0,51.84296219,0.0,0.0,0.0,0.0,0.0,81.14361785,0.0,0.0,0.0,0.0,0.0,81.14361785,0.0,0.0,0.0,0.0,0.0,76.73136919,0.0,0.0,0.0,0.0,0.0,76.91569982,0.0,0.0,0.0,0.0,0.0,75.97584079,0.0,0.0,0.0,0.0,0.0
diverse_rec,ml20_lambda0.75,0.75,movielens_sample20of200_lambda0.75,20,1,11,51.92630028,51.92630028,51.77605995,50.96704256,0,-4.143287175,solved (0.0 s),solved (0.0 s),1,0,opt,51.84296219,1.0,0.001604930248267594,0.0,0.0,1.0,58.17232842,0.0,0.0,0.0,0.0,0.0,,,,,,,41.05595084451523,1.0,0.2093418821843467,1.0,1.0,1.0,57.288308523999994,0.0,0.0,0.0,0.0,0.0,51.84296219,1.0,0.001604930248267594,0.0,0.0,1.0,88.59683468,0.0,0.0,0.0,0.0,0.0,88.59683468,0.0,0.0,0.0,0.0,0.0,83.30495019,0.0,0.0,0.0,0.0,0.0,82.3667331,0.0,0.0,0.0,0.0,0.0,81.71137596,0.0,0.0,0.0,0.0,0.0
diverse_rec,ml20_lambda0.75,0.75,movielens_sample20of200_lambda0.75,20,1,12,52.76675773,52.76675773,52.59001611,51.54514631,0,-4.143287175,solved (0.0 s),solved (0.0 s),1,0,opt,51.84296219,1.0,0.01750714995086359,1.0,0.0,1.0,54.16770439,0.0,0.0,0.0,0.0,0.0,,,,,,,41.05595084451523,1.0,0.22193531286131518,1.0,1.0,1.0,53.880974267,0.0,0.0,0.0,0.0,0.0,51.84296219,1.0,0.01750714995086359,1.0,0.0,1.0,95.95725222,0.0,0.0,0.0,0.0,0.0,95.95725222,0.0,0.0,0.0,0.0,0.0,89.40277875,0.0,0.0,0.0,0.0,0.0,83.82079754,0.0,0.0,0.0,0.0,0.0,83.62702465,0.0,0.0,0.0,0.0,0.0
diverse_rec,ml20_lambda0.75,0.75,movielens_sample20of200_lambda0.75,20,1,13,53.19783458,53.19783458,52.93202671,51.81447999,0,-4.143287175,solved (0.0 s),solved (0.0 s),1,0,opt,51.84296219,1.0,0.025468562784496652,1.0,0.0,1.0,52.93202671,1.0,0.004996591912031096,0.0,0.0,1.0,,,,,,,41.05595084451523,1.0,0.22824018743141797,1.0,1.0,1.0,52.93202671,1.0,0.004996591912031096,0.0,0.0,1.0,51.84296219,1.0,0.025468562784496652,1.0,0.0,1.0,103.1854075,0.0,0.0,0.0,0.0,0.0,96.68219705,0.0,0.0,0.0,0.0,0.0,95.3080952,0.0,0.0,0.0,0.0,0.0,81.81158369,0.0,0.0,0.0,0.0,0.0,81.81158369,0.0,0.0,0.0,0.0,0.0
diverse_rec,ml20_lambda0.75,0.75,movielens_sample20of200_lambda0.75,20,1,14,53.28824577,53.28824577,52.93202671,51.98893837,0,-4.143287175,solved (0.0 s),solved (0.0 s),1,0,opt,51.84296219,1.0,0.02712199583822032,1.0,1.0,1.0,52.93202671,1.0,0.006684758615201845,0.0,0.0,1.0,,,,,,,41.05595084451523,1.0,0.2295495891961086,1.0,1.0,1.0,52.93202671,1.0,0.006684758615201845,0.0,0.0,1.0,51.84296219,1.0,0.02712199583822032,1.0,1.0,1.0,110.3492763,0.0,0.0,0.0,0.0,0.0,96.68219705,0.0,0.0,0.0,0.0,0.0,96.39546692,0.0,0.0,0.0,0.0,0.0,81.81158369,0.0,0.0,0.0,0.0,0.0,81.81158369,0.0,0.0,0.0,0.0,0.0
diverse_rec,ml20_lambda0.75,0.75,movielens_sample20of200_lambda0.75,20,1,15,53.28824577,53.28824577,52.93202671,52.04564259,0,-4.143287175,solved (0.0 s),solved (0.0 s),1,0,opt,51.84296219,1.0,0.02712199583822032,1.0,1.0,1.0,52.93202671,1.0,0.006684758615201845,0.0,0.0,1.0,,,,,,,41.05595084451523,1.0,0.2295495891961086,1.0,1.0,1.0,52.93202671,1.0,0.006684758615201845,0.0,0.0,1.0,51.84296219,1.0,0.02712199583822032,1.0,1.0,1.0,117.2422827,0.0,0.0,0.0,0.0,0.0,96.68219705,0.0,0.0,0.0,0.0,0.0,96.39546692,0.0,0.0,0.0,0.0,0.0,81.81158369,0.0,0.0,0.0,0.0,0.0,81.81158369,0.0,0.0,0.0,0.0,0.0
diverse_rec,ml20_lambda0.75,0.75,movielens_sample20of200_lambda0.75,20,1,16,53.28824577,53.28824577,52.93202671,52.08424159,0,-4.143287175,solved (0.0 s),solved (0.0 s),1,0,opt,51.84296219,1.0,0.02712199583822032,1.0,1.0,1.0,52.93202671,1.0,0.006684758615201845,0.0,0.0,1.0,,,,,,,41.05595084451523,1.0,0.2295495891961086,1.0,1.0,1.0,52.93202671,1.0,0.006684758615201845,0.0,0.0,1.0,51.84296219,1.0,0.02712199583822032,1.0,1.0,1.0,123.9958885,0.0,0.0,0.0,0.0,0.0,96.68219705,0.0,0.0,0.0,0.0,0.0,96.39546692,0.0,0.0,0.0,0.0,0.0,81.81158369,0.0,0.0,0.0,0.0,0.0,81.81158369,0.0,0.0,0.0,0.0,0.0
diverse_rec,ml20_lambda0.75,0.75,movielens_sample20of200_lambda0.75,20,1,17,53.28824577,53.28824577,52.93202671,52.14049339,0,-4.143287175,solved (0.0 s),solved (0.0 s),1,0,opt,51.84296219,1.0,0.02712199583822032,1.0,1.0,1.0,52.93202671,1.0,0.006684758615201845,0.0,0.0,1.0,,,,,,,41.05595084451523,1.0,0.2295495891961086,1.0,1.0,1.0,52.93202671,1.0,0.006684758615201845,0.0,0.0,1.0,51.84296219,1.0,0.02712199583822032,1.0,1.0,1.0,130.6470774,0.0,0.0,0.0,0.0,0.0,96.68219705,0.0,0.0,0.0,0.0,0.0,96.39546692,0.0,0.0,0.0,0.0,0.0,81.81158369,0.0,0.0,0.0,0.0,0.0,81.81158369,0.0,0.0,0.0,0.0,0.0
diverse_rec,ml20_lambda0.75,0.75,movielens_sample20of200_lambda0.75,20,1,18,53.28824577,53.28824577,52.93202671,52.12056777,0,-4.143287175,solved (0.0 s),solved (0.0 s),1,0,opt,51.84296219,1.0,0.02712199583822032,1.0,1.0,1.0,52.93202671,1.0,0.006684758615201845,0.0,0.0,1.0,,,,,,,41.05595084451523,1.0,0.2295495891961086,1.0,1.0,1.0,52.93202671,1.0,0.006684758615201845,0.0,0.0,1.0,51.84296219,1.0,0.02712199583822032,1.0,1.0,1.0,137.2206584,0.0,0.0,0.0,0.0,0.0,96.68219705,0.0,0.0,0.0,0.0,0.0,96.39546692,0.0,0.0,0.0,0.0,0.0,81.81158369,0.0,0.0,0.0,0.0,0.0,81.81158369,0.0,0.0,0.0,0.0,0.0
diverse_rec,ml20_lambda0.75,0.75,movielens_sample20of200_lambda0.75,20,1,19,53.28824577,53.28824577,52.93202671,52.10851602,0,-4.143287175,solved (0.0 s),solved (0.0 s),1,0,opt,51.84296219,1.0,0.02712199583822032,1.0,1.0,1.0,52.93202671,1.0,0.006684758615201845,0.0,0.0,1.0,,,,,,,41.05595084451523,1.0,0.2295495891961086,1.0,1.0,1.0,52.93202671,1.0,0.006684758615201845,0.0,0.0,1.0,51.84296219,1.0,0.02712199583822032,1.0,1.0,1.0,143.3184869,0.0,0.0,0.0,0.0,0.0,96.68219705,0.0,0.0,0.0,0.0,0.0,96.39546692,0.0,0.0,0.0,0.0,0.0,81.81158369,0.0,0.0,0.0,0.0,0.0,81.81158369,0.0,0.0,0.0,0.0,0.0
diverse_rec,ml20_lambda0.75,0.75,movielens_sample20of200_lambda0.75,20,1,20,53.28824577,53.28824577,52.93202671,52.02502334,0,-4.143287175,solved (0.0 s),solved (0.0 s),1,0,opt,51.84296219,1.0,0.02712199583822032,1.0,1.0,1.0,52.93202671,1.0,0.006684758615201845,0.0,0.0,1.0,,,,,,,41.05595084451523,1.0,0.2295495891961086,1.0,1.0,1.0,52.93202671,1.0,0.006684758615201845,0.0,0.0,1.0,51.84296219,1.0,0.02712199583822032,1.0,1.0,1.0,149.2238034,0.0,0.0,0.0,0.0,0.0,96.68219705,0.0,0.0,0.0,0.0,0.0,96.39546692,0.0,0.0,0.0,0.0,0.0,81.81158369,0.0,0.0,0.0,0.0,0.0,81.81158369,0.0,0.0,0.0,0.0,0.0
diverse_rec,ml20_lambda0.75,0.75,movielens_sample20of200_lambda0.75,20,2,1,8.757074946,8.757074946,8.757074946,8.757074946,0,-4.003537473,solved (0.0 s),solved (0.1 s),0,0,opt,8.757074946,0.0,0.0,0.0,0.0,0.0,8.757074946,0.0,0.0,0.0,0.0,0.0,8.757074945866336,0.0,0.0,0.0,0.0,0.0,8.757074945866336,0.0,0.0,0.0,0.0,0.0,8.757074946,0.0,0.0,0.0,0.0,0.0,8.757074946,0.0,0.0,0.0,0.0,0.0,8.757074946,0.0,0.0,0.0,0.0,0.0,8.757074946,0.0,0.0,0.0,0.0,0.0,8.757074946,0.0,0.0,0.0,0.0,0.0,8.757074946,0.0,0.0,0.0,0.0,0.0,8.757074946,0.0,0.0,0.0,0.0,0.0
diverse_rec,ml20_lambda0.75,0.75,movielens_sample20of200_lambda0.75,20,2,2,16.63157991,16.63157991,16.63157991,16.39125361,0,-4.003537473,solved (0.0 s),solved (0.1 s),0,0,opt,16.9505698,0.0,0.0,0.0,0.0,0.0,17.48571089,0.0,0.0,0.0,0.0,0.0,17.43143754648758,0.0,0.0,0.0,0.0,0.0,17.43143754648758,0.0,0.0,0.0,0.0,0.0,16.9505698,0.0,0.0,0.0,0.0,0.0,16.9505698,0.0,0.0,0.0,0.0,0.0,17.48571089,0.0,0.0,0.0,0.0,0.0,17.48571089,0.0,0.0,0.0,0.0,0.0,16.9505698,0.0,0.0,0.0,0.0,0.0,17.44224155,0.0,0.0,0.0,0.0,0.0,17.43143755,0.0,0.0,0.0,0.0,0.0
diverse_rec,ml20_lambda0.75,0.75,movielens_sample20of200_lambda0.75,20,2,3,23.26508454,23.26508454,23.26508454,22.93651223,0,-4.003537473,solved (0.0 s),solved (0.1 s),0,0,opt,25.06066339,0.0,0.0,0.0,0.0,0.0,25.67920575,0.0,0.0,0.0,0.0,0.0,25.528589356934074,0.0,0.0,0.0,0.0,0.0,25.528589356934074,0.0,0.0,0.0,0.0,0.0,25.06066339,0.0,0.0,0.0,0.0,0.0,25.06066339,0.0,0.0,0.0,0.0,0.0,25.67920575,0.0,0.0,0.0,0.0,0.0,25.67920575,0.0,0.0,0.0,0.0,0.0,25.06066339,0.0,0.0,0.0,0.0,0.0,25.53360742,0.0,0.0,0.0,0.0,0.0,25.52858936,0.0,0.0,0.0,0.0,0.0
diverse_rec,ml20_lambda0.75,0.75,movielens_sample20of200_lambda0.75,20,2,4,29.18955311,29.18955311,29.18955311,28.6106735,0,-4.003537473,solved (0.0 s),solved (0.1 s),0,0,opt,33.16199712,0.0,0.0,0.0,0.0,0.0,33.78929933,0.0,0.0,0.0,0.0,0.0,33.55574319236762,0.0,0.0,0.0,0.0,0.0,33.55574319236762,0.0,0.0,0.0,0.0,0.0,33.16199712,0.0,0.0,0.0,0.0,0.0,33.16199712,0.0,0.0,0.0,0.0,0.0,33.78929933,0.0,0.0,0.0,0.0,0.0,33.78929933,0.0,0.0,0.0,0.0,0.0,33.16199712,0.0,0.0,0.0,0.0,0.0,33.55664729,0.0,0.0,0.0,0.0,0.0,33.55574319,0.0,0.0,0.0,0.0,0.0
diverse_rec,ml20_lambda0.75,0.75,movielens_sample20of200_lambda0.75,20,2,5,34.22554556,34.22554556,34.22554556,33.52641628,0,-4.003537473,solved (0.0 s),solved (0.1 s),0,0,opt,40.75120147,0.0,0.0,0.0,0.0,0.0,41.89063306,0.0,0.0,0.0,0.0,0.0,40.09303721836866,0.0,0.0,0.0,0.0,0.0,40.09303721836866,0.0,0.0,0.0,0.0,0.0,40.75120147,0.0,0.0,0.0,0.0,0.0,40.75120147,0.0,0.0,0.0,0.0,0.0,41.89063306,0.0,0.0,0.0,0.0,0.0,41.89063306,0.0,0.0,0.0,0.0,0.0,40.75120147,0.0,0.0,0.0,0.0,0.0,41.18532174,0.0,0.0,0.0,0.0,0.0,41.14346689,0.0,0.0,0.0,0.0,0.0
diverse_rec,ml20_lambda0.75,0.75,movielens_sample20of200_lambda0.75,20,2,6,38.51302354,38.51302354,38.51302354,37.72996278,0,-4.003537473,solved (0.0 s),solved (0.1 s),0,0,opt,47.97208781,0.0,0.0,0.0,0.0,0.0,49.53578455,0.0,0.0,0.0,0.0,0.0,40.09303721836866,0.0,0.0,0.0,0.0,0.0,40.09303721836866,0.0,0.0,0.0,0.0,0.0,47.97208781,0.0,0.0,0.0,0.0,0.0,47.97208781,0.0,0.0,0.0,0.0,0.0,49.53578455,0.0,0.0,0.0,0.0,0.0,49.53578455,0.0,0.0,0.0,0.0,0.0,47.97208781,0.0,0.0,0.0,0.0,0.0,48.47004085,0.0,0.0,0.0,0.0,0.0,48.39328619,0.0,0.0,0.0,0.0,0.0
diverse_rec,ml20_lambda0.75,0.75,movielens_sample20of200_lambda0.75,20,2,7,42.19893232,42.19893232,42.19893232,41.30725159,0,-4.003537473,solved (0.0 s),solved (0.1 s),1,0,opt,51.04717066,0.0,0.0,0.0,0.0,0.0,57.1249889,0.0,0.0,0.0,0.0,0.0,,,,,,,40.09303721836866,1.0,0.04990399012141026,1.0,1.0,1.0,54.81960662,0.0,0.0,0.0,0.0,0.0,51.04717066,0.0,0.0,0.0,0.0,0.0,57.1249889,0.0,0.0,0.0,0.0,0.0,57.1249889,0.0,0.0,0.0,0.0,0.0,54.81960662,0.0,0.0,0.0,0.0,0.0,55.64524551,0.0,0.0,0.0,0.0,0.0,55.08999345,0.0,0.0,0.0,0.0,0.0
diverse_rec,ml20_lambda0.75,0.75,movielens_sample20of200_lambda0.75,20,2,8,45.28066749,45.28066749,45.28066749,44.25938014,0,-4.003537473,solved (0.0 s),solved (0.1 s),1,0,opt,51.04717066,0.0,0.0,0.0,0.0,0.0,62.97619591,0.0,0.0,0.0,0.0,0.0,,,,,,,40.09303721836866,1.0,0.1145661174888158,1.0,1.0,1.0,61.62223848,0.0,0.0,0.0,0.0,0.0,51.04717066,0.0,0.0,0.0,0.0,0.0,64.65930053,0.0,0.0,0.0,0.0,0.0,64.65930053,0.0,0.0,0.0,0.0,0.0,61.62223848,0.0,0.0,0.0,0.0,0.0,62.32996175,0.0,0.0,0.0,0.0,0.0,61.56725286,0.0,0.0,0.0,0.0,0.0
diverse_rec,ml20_lambda0.75,0.75,movielens_sample20of200_lambda0.75,20,2,9,47.6338506,47.6338506,47.6338506,46.62161985,0,-4.003537473,solved (0.0 s),solved (0.1 s),1,0,opt,51.04717066,0.0,0.0,0.0,0.0,0.0,62.410344,0.0,0.0,0.0,0.0,0.0,,,,,,,40.09303721836866,1.0,0.1583078690184947,1.0,1.0,1.0,61.697119150000006,0.0,0.0,0.0,0.0,0.0,51.04717066,0.0,0.0,0.0,0.0,0.0,72.15308667,0.0,0.0,0.0,0.0,0.0,72.15308667,0.0,0.0,0.0,0.0,0.0,68.26185455,0.0,0.0,0.0,0.0,0.0,68.51194619,0.0,0.0,0.0,0.0,0.0,67.872953,0.0,0.0,0.0,0.0,0.0
diverse_rec,ml20_lambda0.75,0.75,movielens_sample20of200_lambda0.75,20,2,10,49.44951953,49.44951953,49.38507272,48.48459441,0,-4.003537473,solved (0.0 s),solved (0.1 s),1,0,opt,51.04717066,0.0,0.0,0.0,0.0,0.0,60.31457046,0.0,0.0,0.0,0.0,0.0,,,,,,,40.09303721836866,1.0,0.18921280531259685,1.0,1.0,1.0,58.390188468,0.0,0.0,0.0,0.0,0.0,51.04717066,0.0,0.0,0.0,0.0,0.0,79.37397301,0.0,0.0,0.0,0.0,0.0,79.37397301,0.0,0.0,0.0,0.0,0.0,74.85913892,0.0,0.0,0.0,0.0,0.0,74.26986779,0.0,0.0,0.0,0.0,0.0,73.74527434,0.0,0.0,0.0,0.0,0.0
diverse_rec,ml20_lambda0.75,0.75,movielens_sample20of200_lambda0.75,20,2,11,50.74348661,50.74348661,50.61029627,49.68795976,0,-4.003537473,solved (0.0 s),solved (0.1 s),1,0,opt,51.04717066,0.0,0.0,0.0,0.0,0.0,56.14453887,0.0,0.0,0.0,0.0,0.0,,,,,,,40.09303721836866,1.0,0.20988800934172427,1.0,1.0,1.0,55.316917536,0.0,0.0,0.0,0.0,0.0,51.04717066,0.0,0.0,0.0,0.0,0.0,86.43421575,0.0,0.0,0.0,0.0,0.0,86.43421575,0.0,0.0,0.0,0.0,0.0,81.27503881,0.0,0.0,0.0,0.0,0.0,79.62358147,0.0,0.0,0.0,0.0,0.0,79.32577144,0.0,0.0,0.0,0.0,0.0
diverse_rec,ml20_lambda0.75,0.75,movielens_sample20of200_lambda0.75,20,2,12,51.51272186,51.51272186,51.43511763,50.25261429,0,-4.003537473,solved (0.0 s),solved (0.1 s),1,0,opt,51.04717066,1.0,0.009037596601190356,1.0,0.0,1.0,52.84015516,0.0,0.0,0.0,0.0,0.0,,,,,,,40.09303721836866,1.0,0.22168668688615364,1.0,1.0,1.0,52.840155156,0.0,0.0,0.0,0.0,0.0,51.04717066,1.0,0.009037596601190356,1.0,0.0,1.0,93.38551869,0.0,0.0,0.0,0.0,0.0,93.38551869,0.0,0.0,0.0,0.0,0.0,87.35174232,0.0,0.0,0.0,0.0,0.0,81.6824724,0.0,0.0,0.0,0.0,0.0,81.6824724,0.0,0.0,0.0,0.0,0.0
diverse_rec,ml20_lambda0.75,0.75,movielens_sample20of200_lambda0.75,20,2,13,51.87602299,51.87602299,51.70215353,50.55049456,0,-4.003537473,solved (0.0 s),solved (0.1 s),1,0,opt,51.04717066,1.0,0.015977561158837857,1.0,0.0,1.0,51.70215353,1.0,0.0033516343385367503,0.0,0.0,1.0,,,,,,,40.09303721836866,1.0,0.2271374151773878,1.0,1.0,1.0,51.70215353,1.0,0.0033516343385367503,0.0,0.0,1.0,51.04717066,1.0,0.015977561158837857,1.0,0.0,1.0,100.2783277,0.0,0.0,0.0,0.0,0.0,93.93955223,0.0,0.0,0.0,0.0,0.0,93.06590901,0.0,0.0,0.0,0.0,0.0,79.17335468,0.0,0.0,0.0,0.0,0.0,79.17335468,0.0,0.0,0.0,0.0,0.0
diverse_rec,ml20_lambda0.75,0.75,movielens_sample20of200_lambda0.75,20,2,14,52.0136423,52.0136423,51.70215353,50.72541809,0,-4.003537473,solved (0.0 s),solved (0.1 s),1,0,opt,51.04717066,1.0,0.01858111828480817,1.0,0.0,1.0,51.70215353,1.0,0.005988597533766712,0.0,0.0,1.0,,,,,,,40.09303721836866,1.0,0.22918227900435542,1.0,1.0,1.0,51.70215353,1.0,0.005988597533766712,0.0,0.0,1.0,51.04717066,1.0,0.01858111828480817,1.0,0.0,1.0,107.1258465,0.0,0.0,0.0,0.0,0.0,93.93955223,0.0,0.0,0.0,0.0,0.0,93.93423127,0.0,0.0,0.0,0.0,0.0,79.17335468,0.0,0.0,0.0,0.0,0.0,79.17335468,0.0,0.0,0.0,0.0,0.0
diverse_rec,ml20_lambda0.75,0.75,movielens_sample20of200_lambda0.75,20,2,15,52.0136423,52.0136423,51.70215353,50.73307637,0,-4.003537473,solved (0.0 s),solved (0.1 s),1,0,opt,51.04717066,1.0,0.01858111828480817,1.0,0.0,1.0,51.70215353,1.0,0.005988597533766712,0.0,0.0,1.0,,,,,,,40.09303721836866,1.0,0.22918227900435542,1.0,1.0,1.0,51.70215353,1.0,0.005988597533766712,0.0,0.0,1.0,51.04717066,1.0,0.01858111828480817,1.0,0.0,1.0,113.9284783,0.0,0.0,0.0,0.0,0.0,93.93955223,0.0,0.0,0.0,0.0,0.0,93.93423127,0.0,0.0,0.0,0.0,0.0,79.17335468,0.0,0.0,0.0,0.0,0.0,79.17335468,0.0,0.0,0.0,0.0,0.0
diverse_rec,ml20_lambda0.75,0.75,movielens_sample20of200_lambda0.75,20,2,16,52.0136423,52.0136423,51.70215353,50.78302801,0,-4.003537473,solved (0.0 s),solved (0.1 s),1,0,opt,51.04717066,1.0,0.01858111828480817,1.0,0.0,1.0,51.70215353,1.0,0.005988597533766712,0.0,0.0,1.0,,,,,,,40.09303721836866,1.0,0.22918227900435542,1.0,1.0,1.0,51.70215353,1.0,0.005988597533766712,0.0,0.0,1.0,51.04717066,1.0,0.01858111828480817,1.0,0.0,1.0,120.5680944,0.0,0.0,0.0,0.0,0.0,93.93955223,0.0,0.0,0.0,0.0,0.0,93.93423127,0.0,0.0,0.0,0.0,0.0,79.17335468,0.0,0.0,0.0,0.0,0.0,79.17335468,0.0,0.0,0.0,0.0,0.0
diverse_rec,ml20_lambda0.75,0.75,movielens_sample20of200_lambda0.75,20,2,17,52.0136423,52.0136423,51.70215353,50.84043947,0,-4.003537473,solved (0.0 s),solved (0.1 s),1,0,opt,51.04717066,1.0,0.01858111828480817,1.0,0.0,1.0,51.70215353,1.0,0.005988597533766712,0.0,0.0,1.0,,,,,,,40.09303721836866,1.0,0.22918227900435542,1.0,1.0,1.0,51.70215353,1.0,0.005988597533766712,0.0,0.0,1.0,51.04717066,1.0,0.01858111828480817,1.0,0.0,1.0,127.1653788,0.0,0.0,0.0,0.0,0.0,93.93955223,0.0,0.0,0.0,0.0,0.0,93.93423127,0.0,0.0,0.0,0.0,0.0,79.17335468,0.0,0.0,0.0,0.0,0.0,79.17335468,0.0,0.0,0.0,0.0,0.0
diverse_rec,ml20_lambda0.75,0.75,movielens_sample20of200_lambda0.75,20,2,18,52.0136423,52.0136423,51.70215353,50.80982287,0,-4.003537473,solved (0.0 s),solved (0.1 s),1,0,opt,51.04717066,1.0,0.01858111828480817,1.0,0.0,1.0,51.70215353,1.0,0.005988597533766712,0.0,0.0,1.0,,,,,,,40.09303721836866,1.0,0.22918227900435542,1.0,1.0,1.0,51.70215353,1.0,0.005988597533766712,0.0,0.0,1.0,51.04717066,1.0,0.01858111828480817,1.0,0.0,1.0,133.5812787,0.0,0.0,0.0,0.0,0.0,93.93955223,0.0,0.0,0.0,0.0,0.0,93.93423127,0.0,0.0,0.0,0.0,0.0,79.17335468,0.0,0.0,0.0,0.0,0.0,79.17335468,0.0,0.0,0.0,0.0,0.0
diverse_rec,ml20_lambda0.75,0.75,movielens_sample20of200_lambda0.75,20,2,19,52.0136423,52.0136423,51.70215353,50.78599243,0,-4.003537473,solved (0.0 s),solved (0.1 s),1,0,opt,51.04717066,1.0,0.01858111828480817,1.0,0.0,1.0,51.70215353,1.0,0.005988597533766712,0.0,0.0,1.0,,,,,,,40.09303721836866,1.0,0.22918227900435542,1.0,1.0,1.0,51.70215353,1.0,0.005988597533766712,0.0,0.0,1.0,51.04717066,1.0,0.01858111828480817,1.0,0.0,1.0,139.6579822,0.0,0.0,0.0,0.0,0.0,93.93955223,0.0,0.0,0.0,0.0,0.0,93.93423127,0.0,0.0,0.0,0.0,0.0,79.17335468,0.0,0.0,0.0,0.0,0.0,79.17335468,0.0,0.0,0.0,0.0,0.0
diverse_rec,ml20_lambda0.75,0.75,movielens_sample20of200_lambda0.75,20,2,20,52.0136423,52.0136423,51.70215353,50.73389471,0,-4.003537473,solved (0.0 s),solved (0.1 s),1,0,opt,51.04717066,1.0,0.01858111828480817,1.0,0.0,1.0,51.70215353,1.0,0.005988597533766712,0.0,0.0,1.0,,,,,,,40.09303721836866,1.0,0.22918227900435542,1.0,1.0,1.0,51.70215353,1.0,0.005988597533766712,0.0,0.0,1.0,51.04717066,1.0,0.01858111828480817,1.0,0.0,1.0,145.3721489,0.0,0.0,0.0,0.0,0.0,93.93955223,0.0,0.0,0.0,0.0,0.0,93.93423127,0.0,0.0,0.0,0.0,0.0,79.17335468,0.0,0.0,0.0,0.0,0.0,79.17335468,0.0,0.0,0.0,0.0,0.0
diverse_rec,ml20_lambda0.75,0.75,movielens_sample20of200_lambda0.75,20,3,1,8.494091739,8.494091739,8.494091739,8.494091739,0,-3.872045869,solved (0.0 s),solved (0.1 s),0,0,opt,8.494091739,0.0,0.0,0.0,0.0,0.0,8.494091739,0.0,0.0,0.0,0.0,0.0,8.494091738758309,0.0,0.0,0.0,0.0,0.0,8.494091738758309,0.0,0.0,0.0,0.0,0.0,8.494091739,0.0,0.0,0.0,0.0,0.0,8.494091739,0.0,0.0,0.0,0.0,0.0,8.494091739,0.0,0.0,0.0,0.0,0.0,8.494091739,0.0,0.0,0.0,0.0,0.0,8.494091739,0.0,0.0,0.0,0.0,0.0,8.494091739,0.0,0.0,0.0,0.0,0.0,8.494091739,0.0,0.0,0.0,0.0,0.0
diverse_rec,ml20_lambda0.75,0.75,movielens_sample20of200_lambda0.75,20,3,2,15.43696642,15.43696642,15.43696642,15.27886367,0,-3.872045869,solved (0.0 s),solved (0.1 s),0,0,opt,16.22417991,0.0,0.0,0.0,0.0,0.0,16.34457711,0.0,0.0,0.0,0.0,0.0,16.281067258311385,0.0,0.0,0.0,0.0,0.0,16.281067258311385,0.0,0.0,0.0,0.0,0.0,16.22417991,0.0,0.0,0.0,0.0,0.0,16.22417991,0.0,0.0,0.0,0.0,0.0,16.34457711,0.0,0.0,0.0,0.0,0.0,16.34457711,0.0,0.0,0.0,0.0,0.0,16.22417991,0.0,0.0,0.0,0.0,0.0,16.28373992,0.0,0.0,0.0,0.0,0.0,16.28106726,0.0,0.0,0.0,0.0,0.0
diverse_rec,ml20_lambda0.75,0.75,movielens_sample20of200_lambda0.75,20,3,3,21.70972425,21.70972425,21.70972425,21.45866162,0,-3.872045869,solved (0.0 s),solved (0.1 s),0,0,opt,23.77450078,0.0,0.0,0.0,0.0,0.0,24.07466529,0.0,0.0,0.0,0.0,0.0,23.893906608297176,0.0,0.0,0.0,0.0,0.0,23.893906608297176,0.0,0.0,0.0,0.0,0.0,23.77450078,0.0,0.0,0.0,0.0,0.0,23.77450078,0.0,0.0,0.0,0.0,0.0,24.07466529,0.0,0.0,0.0,0.0,0.0,24.07466529,0.0,0.0,0.0,0.0,0.0,23.77450078,0.0,0.0,0.0,0.0,0.0,23.90721781,0.0,0.0,0.0,0.0,0.0,23.89390661,0.0,0.0,0.0,0.0,0.0
diverse_rec,ml20_lambda0.75,0.75,movielens_sample20of200_lambda0.75,20,3,4,27.37743494,27.37743494,27.37743494,26.98945291,0,-3.872045869,solved (0.0 s),solved (0.1 s),0,0,opt,31.28716748,0.0,0.0,0.0,0.0,0.0,31.62498615,0.0,0.0,0.0,0.0,0.0,31.36040344405464,0.0,0.0,0.0,0.0,0.0,31.36040344405464,0.0,0.0,0.0,0.0,0.0,31.28716748,0.0,0.0,0.0,0.0,0.0,31.28716748,0.0,0.0,0.0,0.0,0.0,31.62498615,0.0,0.0,0.0,0.0,0.0,31.62498615,0.0,0.0,0.0,0.0,0.0,31.28716748,0.0,0.0,0.0,0.0,0.0,31.36452353,0.0,0.0,0.0,0.0,0.0,31.36040344,0.0,0.0,0.0,0.0,0.0
diverse_rec,ml20_lambda0.75,0.75,movielens_sample20of200_lambda0.75,20,3,5,32.25651207,32.25651207,32.25651207,31.81283742,0,-3.872045869,solved (0.0 s),solved (0.1 s),0,0,opt,38.44431012,0.0,0.0,0.0,0.0,0.0,39.13765285,0.0,0.0,0.0,0.0,0.0,38.6596704863324,0.0,0.0,0.0,0.0,0.0,38.6596704863324,0.0,0.0,0.0,0.0,0.0,38.44431012,0.0,0.0,0.0,0.0,0.0,38.44431012,0.0,0.0,0.0,0.0,0.0,39.13765285,0.0,0.0,0.0,0.0,0.0,39.13765285,0.0,0.0,0.0,0.0,0.0,38.44431012,0.0,0.0,0.0,0.0,0.0,38.76870418,0.0,0.0,0.0,0.0,0.0,38.65967049,0.0,0.0,0.0,0.0,0.0
diverse_rec,ml20_lambda0.75,0.75,movielens_sample20of200_lambda0.75,20,3,6,36.56998508,36.56998508,36.56998508,36.03696854,0,-3.872045869,solved (0.0 s),solved (0.1 s),0,0,opt,45.56411569,0.0,0.0,0.0,0.0,0.0,46.60512317,0.0,0.0,0.0,0.0,0.0,39.37396986125487,0.0,0.0,0.0,0.0,0.0,39.37396986125487,0.0,0.0,0.0,0.0,0.0,45.56411569,0.0,0.0,0.0,0.0,0.0,45.56411569,0.0,0.0,0.0,0.0,0.0,46.60512317,0.0,0.0,0.0,0.0,0.0,46.60512317,0.0,0.0,0.0,0.0,0.0,45.56411569,0.0,0.0,0.0,0.0,0.0,45.76573018,0.0,0.0,0.0,0.0,0.0,45.72146119,0.0,0.0,0.0,0.0,0.0
diverse_rec,ml20_lambda0.75,0.75,movielens_sample20of200_lambda0.75,20,3,7,40.23148093,40.23148093,40.23148093,39.67716361,0,-3.872045869,solved (0.0 s),solved (0.1 s),1,0,opt,49.71443922,0.0,0.0,0.0,0.0,0.0,53.76226582,0.0,0.0,0.0,0.0,0.0,,,,,,,39.37396986125487,1.0,0.021314429618863293,1.0,1.0,1.0,52.46241442,0.0,0.0,0.0,0.0,0.0,49.77007947,0.0,0.0,0.0,0.0,0.0,53.76226582,0.0,0.0,0.0,0.0,0.0,53.76226582,0.0,0.0,0.0,0.0,0.0,52.46241442,0.0,0.0,0.0,0.0,0.0,52.68818524,0.0,0.0,0.0,0.0,0.0,52.53712183,0.0,0.0,0.0,0.0,0.0
diverse_rec,ml20_lambda0.75,0.75,movielens_sample20of200_lambda0.75,20,3,8,43.41351291,43.41351291,43.35617897,42.78205433,0,-3.872045869,solved (0.0 s),solved (0.1 s),1,0,opt,49.71443922,0.0,0.0,0.0,0.0,0.0,60.90213789,0.0,0.0,0.0,0.0,0.0,,,,,,,39.37396986125487,1.0,0.09304805757413494,1.0,1.0,1.0,59.34532188,0.0,0.0,0.0,0.0,0.0,49.77007947,0.0,0.0,0.0,0.0,0.0,60.90213789,0.0,0.0,0.0,0.0,0.0,60.90213789,0.0,0.0,0.0,0.0,0.0,59.34532188,0.0,0.0,0.0,0.0,0.0,59.56878416,0.0,0.0,0.0,0.0,0.0,59.22579263,0.0,0.0,0.0,0.0,0.0
diverse_rec,ml20_lambda0.75,0.75,movielens_sample20of200_lambda0.75,20,3,9,45.96382334,45.96382334,45.94709159,45.33552899,0,-3.872045869,solved (0.0 s),solved (0.1 s),1,0,opt,49.71443922,0.0,0.0,0.0,0.0,0.0,63.01316272,0.0,0.0,0.0,0.0,0.0,,,,,,,39.37396986125487,1.0,0.14337043787674447,1.0,1.0,1.0,61.932650769999995,0.0,0.0,0.0,0.0,0.0,49.77007947,0.0,0.0,0.0,0.0,0.0,68.02194346,0.0,0.0,0.0,0.0,0.0,68.02194346,0.0,0.0,0.0,0.0,0.0,66.22678361,0.0,0.0,0.0,0.0,0.0,66.31634792,0.0,0.0,0.0,0.0,0.0,65.86249733,0.0,0.0,0.0,0.0,0.0
diverse_rec,ml20_lambda0.75,0.75,movielens_sample20of200_lambda0.75,20,3,10,47.97028498,47.97028498,47.96828371,47.31213062,0,-3.872045869,solved (0.0 s),solved (0.1 s),1,0,opt,49.71443922,0.0,0.0,0.0,0.0,0.0,61.42316659,0.0,0.0,0.0,0.0,0.0,,,,,,,39.37396986125487,1.0,0.17920083489871172,1.0,1.0,1.0,58.89015198,0.0,0.0,0.0,0.0,0.0,49.77007947,0.0,0.0,0.0,0.0,0.0,75.12266917,0.0,0.0,0.0,0.0,0.0,75.12266917,0.0,0.0,0.0,0.0,0.0,73.06456411,0.0,0.0,0.0,0.0,0.0,72.82875239,0.0,0.0,0.0,0.0,0.0,72.36133633,0.0,0.0,0.0,0.0,0.0
diverse_rec,ml20_lambda0.75,0.75,movielens_sample20of200_lambda0.75,20,3,11,49.47962353,49.47962353,49.47293369,48.62866777,0,-3.872045869,solved (0.0 s),solved (0.1 s),1,0,opt,49.71443922,0.0,0.0,0.0,0.0,0.0,56.84436725,0.0,0.0,0.0,0.0,0.0,,,,,,,39.37396986125487,1.0,0.20423869358298505,1.0,1.0,1.0,55.764873355,0.0,0.0,0.0,0.0,0.0,49.77007947,0.0,0.0,0.0,0.0,0.0,82.18607374,0.0,0.0,0.0,0.0,0.0,82.18607374,0.0,0.0,0.0,0.0,0.0,79.88501791,0.0,0.0,0.0,0.0,0.0,79.14230806,0.0,0.0,0.0,0.0,0.0,78.49906616,0.0,0.0,0.0,0.0,0.0
diverse_rec,ml20_lambda0.75,0.75,movielens_sample20of200_lambda0.75,20,3,12,50.4020735,50.4020735,50.4020735,49.22865797,0,-3.872045869,solved (0.0 s),solved (0.1 s),1,0,opt,49.71443922,1.0,0.013642976017643351,1.0,0.0,1.0,52.73986458,0.0,0.0,0.0,0.0,0.0,,,,,,,39.37396986125487,1.0,0.21880257840473824,1.0,1.0,1.0,52.425956761,0.0,0.0,0.0,0.0,0.0,49.77007947,1.0,0.012539048219911059,1.0,0.0,1.0,89.1019851,0.0,0.0,0.0,0.0,0.0,89.1019851,0.0,0.0,0.0,0.0,0.0,86.07096254,0.0,0.0,0.0,0.0,0.0,80.59845796,0.0,0.0,0.0,0.0,0.0,80.3813375,0.0,0.0,0.0,0.0,0.0
diverse_rec,ml20_lambda0.75,0.75,movielens_sample20of200_lambda0.75,20,3,13,50.89928864,50.89928864,50.82095222,49.51850228,0,-3.872045869,solved (0.0 s),solved (0.1 s),1,0,opt,49.71443922,1.0,0.023278310005080634,1.0,0.0,1.0,50.82095222,1.0,0.0015390474423730453,0.0,0.0,1.0,,,,,,,39.37396986125487,1.0,0.22643378889361881,1.0,1.0,1.0,50.82095222,1.0,0.0015390474423730453,0.0,0.0,1.0,49.77007947,1.0,0.022185166044002357,1.0,0.0,1.0,96.01142099,0.0,0.0,0.0,0.0,0.0,92.09380595,0.0,0.0,0.0,0.0,0.0,91.77989812,0.0,0.0,0.0,0.0,0.0,78.42879378,0.0,0.0,0.0,0.0,0.0,78.42879378,0.0,0.0,0.0,0.0,0.0
diverse_rec,ml20_lambda0.75,0.75,movielens_sample20of200_lambda0.75,20,3,14,50.95914071,50.95914071,50.82095222,49.6507702,0,-3.872045869,solved (0.0 s),solved (0.1 s),1,0,opt,49.71443922,1.0,0.024425480348724608,1.0,0.0,1.0,50.82095222,1.0,0.0027117507884680627,0.0,0.0,1.0,,,,,,,39.37396986125487,1.0,0.22734235089783814,1.0,1.0,1.0,50.82095222,1.0,0.0027117507884680627,0.0,0.0,1.0,49.77007947,1.0,0.023333620297225,1.0,0.0,1.0,102.9097197,0.0,0.0,0.0,0.0,0.0,92.09380595,0.0,0.0,0.0,0.0,0.0,91.77989812,0.0,0.0,0.0,0.0,0.0,78.42879378,0.0,0.0,0.0,0.0,0.0,78.42879378,0.0,0.0,0.0,0.0,0.0
diverse_rec,ml20_lambda0.75,0.75,movielens_sample20of200_lambda0.75,20,3,15,50.95914071,50.95914071,50.82095222,49.79540758,0,-3.872045869,solved (0.0 s),solved (0.1 s),1,0,opt,49.71443922,1.0,0.024425480348724608,1.0,1.0,1.0,50.82095222,1.0,0.0027117507884680627,0.0,0.0,1.0,,,,,,,39.37396986125487,1.0,0.22734235089783814,1.0,1.0,1.0,50.82095222,1.0,0.0027117507884680627,0.0,0.0,1.0,49.77007947,1.0,0.023333620297225,1.0,1.0,1.0,109.7926272,0.0,0.0,0.0,0.0,0.0,92.09380595,0.0,0.0,0.0,0.0,0.0,91.77989812,0.0,0.0,0.0,0.0,0.0,78.42879378,0.0,0.0,0.0,0.0,0.0,78.42879378,0.0,0.0,0.0,0.0,0.0
diverse_rec,ml20_lambda0.75,0.75,movielens_sample20of200_lambda0.75,20,3,16,50.95914071,50.95914071,50.82095222,49.84848298,0,-3.872045869,solved (0.0 s),solved (0.1 s),1,0,opt,49.71443922,1.0,0.024425480348724608,1.0,1.0,1.0,50.82095222,1.0,0.0027117507884680627,0.0,0.0,1.0,,,,,,,39.37396986125487,1.0,0.22734235089783814,1.0,1.0,1.0,50.82095222,1.0,0.0027117507884680627,0.0,0.0,1.0,49.77007947,1.0,0.023333620297225,1.0,1.0,1.0,116.6740889,0.0,0.0,0.0,0.0,0.0,92.09380595,0.0,0.0,0.0,0.0,0.0,91.77989812,0.0,0.0,0.0,0.0,0.0,78.42879378,0.0,0.0,0.0,0.0,0.0,78.42879378,0.0,0.0,0.0,0.0,0.0
diverse_rec,ml20_lambda0.75,0.75,movielens_sample20of200_lambda0.75,20,3,17,50.95914071,50.95914071,50.82095222,49.80143664,0,-3.872045869,solved (0.0 s),solved (0.1 s),1,0,opt,49.71443922,1.0,0.024425480348724608,1.0,1.0,1.0,50.82095222,1.0,0.0027117507884680627,0.0,0.0,1.0,,,,,,,39.37396986125487,1.0,0.22734235089783814,1.0,1.0,1.0,50.82095222,1.0,0.0027117507884680627,0.0,0.0,1.0,49.77007947,1.0,0.023333620297225,1.0,1.0,1.0,123.5118694,0.0,0.0,0.0,0.0,0.0,92.09380595,0.0,0.0,0.0,0.0,0.0,91.77989812,0.0,0.0,0.0,0.0,0.0,78.42879378,0.0,0.0,0.0,0.0,0.0,78.42879378,0.0,0.0,0.0,0.0,0.0
diverse_rec,ml20_lambda0.75,0.75,movielens_sample20of200_lambda0.75,20,3,18,50.95914071,50.95914071,50.82095222,49.88230971,0,-3.872045869,solved (0.0 s),solved (0.1 s),1,0,opt,49.71443922,1.0,0.024425480348724608,1.0,1.0,1.0,50.82095222,1.0,0.0027117507884680627,0.0,0.0,1.0,,,,,,,39.37396986125487,1.0,0.22734235089783814,1.0,1.0,1.0,50.82095222,1.0,0.0027117507884680627,0.0,0.0,1.0,49.77007947,1.0,0.023333620297225,1.0,1.0,1.0,130.3323232,0.0,0.0,0.0,0.0,0.0,92.09380595,0.0,0.0,0.0,0.0,0.0,91.77989812,0.0,0.0,0.0,0.0,0.0,78.42879378,0.0,0.0,0.0,0.0,0.0,78.42879378,0.0,0.0,0.0,0.0,0.0
diverse_rec,ml20_lambda0.75,0.75,movielens_sample20of200_lambda0.75,20,3,19,50.95914071,50.95914071,50.82095222,49.78316139,0,-3.872045869,solved (0.0 s),solved (0.1 s),1,0,opt,49.71443922,1.0,0.024425480348724608,1.0,1.0,1.0,50.82095222,1.0,0.0027117507884680627,0.0,0.0,1.0,,,,,,,39.37396986125487,1.0,0.22734235089783814,1.0,1.0,1.0,50.82095222,1.0,0.0027117507884680627,0.0,0.0,1.0,49.77007947,1.0,0.023333620297225,1.0,1.0,1.0,136.5182678,0.0,0.0,0.0,0.0,0.0,92.09380595,0.0,0.0,0.0,0.0,0.0,91.77989812,0.0,0.0,0.0,0.0,0.0,78.42879378,0.0,0.0,0.0,0.0,0.0,78.42879378,0.0,0.0,0.0,0.0,0.0
diverse_rec,ml20_lambda0.75,0.75,movielens_sample20of200_lambda0.75,20,3,20,50.95914071,50.95914071,50.82095222,49.77839856,0,-3.872045869,solved (0.0 s),solved (0.1 s),1,0,opt,49.71443922,1.0,0.024425480348724608,1.0,1.0,1.0,50.82095222,1.0,0.0027117507884680627,0.0,0.0,1.0,,,,,,,39.37396986125487,1.0,0.22734235089783814,1.0,1.0,1.0,50.82095222,1.0,0.0027117507884680627,0.0,0.0,1.0,49.77007947,1.0,0.023333620297225,1.0,1.0,1.0,142.4958794,0.0,0.0,0.0,0.0,0.0,92.09380595,0.0,0.0,0.0,0.0,0.0,91.77989812,0.0,0.0,0.0,0.0,0.0,78.42879378,0.0,0.0,0.0,0.0,0.0,78.42879378,0.0,0.0,0.0,0.0,0.0
diverse_rec,ml20_lambda0.75,0.75,movielens_sample20of200_lambda0.75,20,4,1,8.683471541,8.683471541,8.683471541,8.683471541,0,-3.966735771,solved (0.0 s),solved (0.1 s),0,0,opt,8.683471541,0.0,0.0,0.0,0.0,0.0,8.683471541,0.0,0.0,0.0,0.0,0.0,8.68347154122702,0.0,0.0,0.0,0.0,0.0,8.68347154122702,0.0,0.0,0.0,0.0,0.0,8.683471541,0.0,0.0,0.0,0.0,0.0,8.683471541,0.0,0.0,0.0,0.0,0.0,8.683471541,0.0,0.0,0.0,0.0,0.0,8.683471541,0.0,0.0,0.0,0.0,0.0,8.683471541,0.0,0.0,0.0,0.0,0.0,8.683471541,0.0,0.0,0.0,0.0,0.0,8.683471541,0.0,0.0,0.0,0.0,0.0
diverse_rec,ml20_lambda0.75,0.75,movielens_sample20of200_lambda0.75,20,4,2,16.58786454,16.58786454,16.57459363,16.53934922,0,-3.966735771,solved (0.0 s),solved (0.1 s),0,0,opt,17.24275443,0.0,0.0,0.0,0.0,0.0,17.32276312,0.0,0.0,0.0,0.0,0.0,17.31305898329915,0.0,0.0,0.0,0.0,0.0,17.31305898329915,0.0,0.0,0.0,0.0,0.0,17.24275443,0.0,0.0,0.0,0.0,0.0,17.24275443,0.0,0.0,0.0,0.0,0.0,17.32276312,0.0,0.0,0.0,0.0,0.0,17.32276312,0.0,0.0,0.0,0.0,0.0,17.24275443,0.0,0.0,0.0,0.0,0.0,17.31462873,0.0,0.0,0.0,0.0,0.0,17.31305898,0.0,0.0,0.0,0.0,0.0
diverse_rec,ml20_lambda0.75,0.75,movielens_sample20of200_lambda0.75,20,4,3,23.69980174,23.69980174,23.69980174,23.46534371,0,-3.966735771,solved (0.0 s),solved (0.1 s),0,0,opt,25.64897096,0.0,0.0,0.0,0.0,0.0,25.88204601,0.0,0.0,0.0,0.0,0.0,25.821930519738384,0.0,0.0,0.0,0.0,0.0,25.82193051973838,0.0,0.0,0.0,0.0,0.0,25.64897096,0.0,0.0,0.0,0.0,0.0,25.64897096,0.0,0.0,0.0,0.0,0.0,25.88204601,0.0,0.0,0.0,0.0,0.0,25.88204601,0.0,0.0,0.0,0.0,0.0,25.64897096,0.0,0.0,0.0,0.0,0.0,25.82860715,0.0,0.0,0.0,0.0,0.0,25.82193052,0.0,0.0,0.0,0.0,0.0
diverse_rec,ml20_lambda0.75,0.75,movielens_sample20of200_lambda0.75,20,4,4,29.93830509,29.93830509,29.93830509,29.54034211,0,-3.966735771,solved (0.0 s),solved (0.1 s),0,0,opt,33.79053805,0.0,0.0,0.0,0.0,0.0,34.28826254,0.0,0.0,0.0,0.0,0.0,34.057690949647196,0.0,0.0,0.0,0.0,0.0,34.057690949647196,0.0,0.0,0.0,0.0,0.0,33.79053805,0.0,0.0,0.0,0.0,0.0,33.79053805,0.0,0.0,0.0,0.0,0.0,34.28826254,0.0,0.0,0.0,0.0,0.0,34.28826254,0.0,0.0,0.0,0.0,0.0,33.79053805,0.0,0.0,0.0,0.0,0.0,34.07535177,0.0,0.0,0.0,0.0,0.0,34.05769095,0.0,0.0,0.0,0.0,0.0
diverse_rec,ml20_lambda0.75,0.75,movielens_sample20of200_lambda0.75,20,4,5,35.44011431,35.44011431,35.44011431,34.91345034,0,-3.966735771,solved (0.0 s),solved (0.1 s),0,0,opt,41.88030649,0.0,0.0,0.0,0.0,0.0,42.42982962,0.0,0.0,0.0,0.0,0.0,42.060073628856905,0.0,0.0,0.0,0.0,0.0,42.060073628856905,0.0,0.0,0.0,0.0,0.0,41.88030649,0.0,0.0,0.0,0.0,0.0,41.88030649,0.0,0.0,0.0,0.0,0.0,42.42982962,0.0,0.0,0.0,0.0,0.0,42.42982962,0.0,0.0,0.0,0.0,0.0,41.88030649,0.0,0.0,0.0,0.0,0.0,42.06200215,0.0,0.0,0.0,0.0,0.0,42.06007363,0.0,0.0,0.0,0.0,0.0
diverse_rec,ml20_lambda0.75,0.75,movielens_sample20of200_lambda0.75,20,4,6,40.14546392,40.14546392,40.14546392,39.59503052,0,-3.966735771,solved (0.0 s),solved (0.1 s),0,0,opt,49.88623442,0.0,0.0,0.0,0.0,0.0,50.52824629,0.0,0.0,0.0,0.0,0.0,42.80287791529668,0.0,0.0,0.0,0.0,0.0,42.80287791529668,0.0,0.0,0.0,0.0,0.0,49.88623442,0.0,0.0,0.0,0.0,0.0,49.88623442,0.0,0.0,0.0,0.0,0.0,50.52824629,0.0,0.0,0.0,0.0,0.0,50.52824629,0.0,0.0,0.0,0.0,0.0,49.88623442,0.0,0.0,0.0,0.0,0.0,50.00568758,0.0,0.0,0.0,0.0,0.0,49.96835444,0.0,0.0,0.0,0.0,0.0
diverse_rec,ml20_lambda0.75,0.75,movielens_sample20of200_lambda0.75,20,4,7,44.24014114,44.24014114,44.19440142,43.61653097,0,-3.966735771,solved (0.0 s),solved (0.1 s),1,0,opt,54.55444934,0.0,0.0,0.0,0.0,0.0,58.61801473,0.0,0.0,0.0,0.0,0.0,,,,,,,42.80287791529668,1.0,0.03248776309630271,1.0,1.0,1.0,57.50685149,0.0,0.0,0.0,0.0,0.0,54.92135968,0.0,0.0,0.0,0.0,0.0,58.61801473,0.0,0.0,0.0,0.0,0.0,58.61801473,0.0,0.0,0.0,0.0,0.0,57.50685149,0.0,0.0,0.0,0.0,0.0,57.86839626,0.0,0.0,0.0,0.0,0.0,57.63545302,0.0,0.0,0.0,0.0,0.0
diverse_rec,ml20_lambda0.75,0.75,movielens_sample20of200_lambda0.75,20,4,8,47.69483472,47.69483472,47.64509471,46.99685749,0,-3.966735771,solved (0.0 s),solved (0.1 s),1,0,opt,54.55444934,0.0,0.0,0.0,0.0,0.0,66.66120554,0.0,0.0,0.0,0.0,0.0,,,,,,,42.80287791529668,1.0,0.10256785317366793,1.0,1.0,1.0,65.08969769,0.0,0.0,0.0,0.0,0.0,54.92135968,0.0,0.0,0.0,0.0,0.0,66.66120554,0.0,0.0,0.0,0.0,0.0,66.66120554,0.0,0.0,0.0,0.0,0.0,65.08969769,0.0,0.0,0.0,0.0,0.0,65.6225412,0.0,0.0,0.0,0.0,0.0,64.97839682,0.0,0.0,0.0,0.0,0.0
diverse_rec,ml20_lambda0.75,0.75,movielens_sample20of200_lambda0.75,20,4,9,50.50507405,50.50507405,50.50507405,49.71703119,0,-3.966735771,solved (0.0 s),solved (0.1 s),1,0,opt,54.55444934,0.0,0.0,0.0,0.0,0.0,68.28972999,0.0,0.0,0.0,0.0,0.0,,,,,,,42.80287791529668,1.0,0.15250341237155982,1.0,1.0,1.0,67.73532867,0.0,0.0,0.0,0.0,0.0,54.92135968,0.0,0.0,0.0,0.0,0.0,74.66713347,0.0,0.0,0.0,0.0,0.0,74.66713347,0.0,0.0,0.0,0.0,0.0,72.42558123,0.0,0.0,0.0,0.0,0.0,73.06252771,0.0,0.0,0.0,0.0,0.0,72.11899036,0.0,0.0,0.0,0.0,0.0
diverse_rec,ml20_lambda0.75,0.75,movielens_sample20of200_lambda0.75,20,4,10,52.58165622,52.58165622,52.58165622,51.84141819,0,-3.966735771,solved (0.0 s),solved (0.1 s),1,0,opt,54.55444934,0.0,0.0,0.0,0.0,0.0,66.13780263,0.0,0.0,0.0,0.0,0.0,,,,,,,42.80287791529668,1.0,0.18597318927705916,1.0,1.0,1.0,63.76155329,0.0,0.0,0.0,0.0,0.0,54.92135968,0.0,0.0,0.0,0.0,0.0,82.63496085,0.0,0.0,0.0,0.0,0.0,82.63496085,0.0,0.0,0.0,0.0,0.0,79.47166688,0.0,0.0,0.0,0.0,0.0,79.87518891,0.0,0.0,0.0,0.0,0.0,78.91529688,0.0,0.0,0.0,0.0,0.0
diverse_rec,ml20_lambda0.75,0.75,movielens_sample20of200_lambda0.75,20,4,11,54.07729861,54.07729861,54.02328397,53.21200428,0,-3.966735771,solved (0.0 s),solved (0.1 s),1,0,opt,54.55444934,0.0,0.0,0.0,0.0,0.0,61.62304005,0.0,0.0,0.0,0.0,0.0,,,,,,,42.80287791529668,1.0,0.20848712832372224,1.0,1.0,1.0,60.910357770000005,0.0,0.0,0.0,0.0,0.0,54.92135968,0.0,0.0,0.0,0.0,0.0,90.57773299,0.0,0.0,0.0,0.0,0.0,90.57773299,0.0,0.0,0.0,0.0,0.0,86.50181616,0.0,0.0,0.0,0.0,0.0,85.9998289,0.0,0.0,0.0,0.0,0.0,85.62303372,0.0,0.0,0.0,0.0,0.0
diverse_rec,ml20_lambda0.75,0.75,movielens_sample20of200_lambda0.75,20,4,12,55.10229887,55.10229887,54.98715365,53.88619902,0,-3.966735771,solved (0.0 s),solved (0.1 s),1,0,opt,54.55444934,1.0,0.009942407871085626,1.0,0.0,1.0,57.0627843,0.0,0.0,0.0,0.0,0.0,,,,,,,42.80287791529668,1.0,0.2232106682830185,1.0,1.0,1.0,57.009613372000004,0.0,0.0,0.0,0.0,0.0,54.92135968,1.0,0.0032836958477336317,1.0,0.0,1.0,98.39470515,0.0,0.0,0.0,0.0,0.0,98.39470515,0.0,0.0,0.0,0.0,0.0,93.39808582,0.0,0.0,0.0,0.0,0.0,88.06601018,0.0,0.0,0.0,0.0,0.0,88.02942031,0.0,0.0,0.0,0.0,0.0
diverse_rec,ml20_lambda0.75,0.75,movielens_sample20of200_lambda0.75,20,4,13,55.64519321,55.64519321,55.40614817,54.23715559,0,-3.966735771,solved (0.0 s),solved (0.1 s),1,0,opt,54.55444934,1.0,0.019601762651513026,1.0,0.0,1.0,55.40614817,1.0,0.00429587941401993,0.0,0.0,1.0,,,,,,,42.80287791529668,1.0,0.23078930189419175,1.0,1.0,1.0,55.40614817,1.0,0.00429587941401993,0.0,0.0,1.0,54.92135968,1.0,0.013008015396196344,1.0,0.0,1.0,106.0441022,0.0,0.0,0.0,0.0,0.0,101.224358,0.0,0.0,0.0,0.0,0.0,100.0536439,0.0,0.0,0.0,0.0,0.0,85.7457053,0.0,0.0,0.0,0.0,0.0,85.7457053,0.0,0.0,0.0,0.0,0.0
diverse_rec,ml20_lambda0.75,0.75,movielens_sample20of200_lambda0.75,20,4,14,55.69125729,55.69125729,55.40614817,54.35994721,0,-3.966735771,solved (0.0 s),solved (0.1 s),1,0,opt,54.55444934,1.0,0.02041268244457702,1.0,0.0,1.0,55.40614817,1.0,0.005119459209106344,0.0,0.0,1.0,,,,,,,42.80287791529668,1.0,0.2314255414919062,1.0,1.0,1.0,55.40614817,1.0,0.005119459209106344,0.0,0.0,1.0,54.92135968,1.0,0.013824389095597684,1.0,0.0,1.0,113.6647192,0.0,0.0,0.0,0.0,0.0,101.224358,0.0,0.0,0.0,0.0,0.0,101.1711871,0.0,0.0,0.0,0.0,0.0,85.7457053,0.0,0.0,0.0,0.0,0.0,85.7457053,0.0,0.0,0.0,0.0,0.0
diverse_rec,ml20_lambda0.75,0.75,movielens_sample20of200_lambda0.75,20,4,15,55.69125729,55.69125729,55.40614817,54.45225346,0,-3.966735771,solved (0.0 s),solved (0.1 s),1,0,opt,54.55444934,1.0,0.02041268244457702,1.0,0.0,1.0,55.40614817,1.0,0.005119459209106344,0.0,0.0,1.0,,,,,,,42.80287791529668,1.0,0.2314255414919062,1.0,1.0,1.0,55.40614817,1.0,0.005119459209106344,0.0,0.0,1.0,54.92135968,1.0,0.013824389095597684,1.0,0.0,1.0,121.2475654,0.0,0.0,0.0,0.0,0.0,101.224358,0.0,0.0,0.0,0.0,0.0,101.1711871,0.0,0.0,0.0,0.0,0.0,85.7457053,0.0,0.0,0.0,0.0,0.0,85.7457053,0.0,0.0,0.0,0.0,0.0
diverse_rec,ml20_lambda0.75,0.75,movielens_sample20of200_lambda0.75,20,4,16,55.69125729,55.69125729,55.40614817,54.47222198,0,-3.966735771,solved (0.0 s),solved (0.1 s),1,0,opt,54.55444934,1.0,0.02041268244457702,1.0,0.0,1.0,55.40614817,1.0,0.005119459209106344,0.0,0.0,1.0,,,,,,,42.80287791529668,1.0,0.2314255414919062,1.0,1.0,1.0,55.40614817,1.0,0.005119459209106344,0.0,0.0,1.0,54.92135968,1.0,0.013824389095597684,1.0,0.0,1.0,128.583449,0.0,0.0,0.0,0.0,0.0,101.224358,0.0,0.0,0.0,0.0,0.0,101.1711871,0.0,0.0,0.0,0.0,0.0,85.7457053,0.0,0.0,0.0,0.0,0.0,85.7457053,0.0,0.0,0.0,0.0,0.0
diverse_rec,ml20_lambda0.75,0.75,movielens_sample20of200_lambda0.75,20,4,17,55.69125729,55.69125729,55.40614817,54.4528597,0,-3.966735771,solved (0.0 s),solved (0.1 s),1,0,opt,54.55444934,1.0,0.02041268244457702,1.0,0.0,1.0,55.40614817,1.0,0.005119459209106344,0.0,0.0,1.0,,,,,,,42.80287791529668,1.0,0.2314255414919062,1.0,1.0,1.0,55.40614817,1.0,0.005119459209106344,0.0,0.0,1.0,54.92135968,1.0,0.013824389095597684,1.0,0.0,1.0,135.6295346,0.0,0.0,0.0,0.0,0.0,101.224358,0.0,0.0,0.0,0.0,0.0,101.1711871,0.0,0.0,0.0,0.0,0.0,85.7457053,0.0,0.0,0.0,0.0,0.0,85.7457053,0.0,0.0,0.0,0.0,0.0
diverse_rec,ml20_lambda0.75,0.75,movielens_sample20of200_lambda0.75,20,4,18,55.69125729,55.69125729,55.40614817,54.49686715,0,-3.966735771,solved (0.0 s),solved (0.1 s),1,0,opt,54.55444934,1.0,0.02041268244457702,1.0,0.0,1.0,55.40614817,1.0,0.005119459209106344,0.0,0.0,1.0,,,,,,,42.80287791529668,1.0,0.2314255414919062,1.0,1.0,1.0,55.40614817,1.0,0.005119459209106344,0.0,0.0,1.0,54.92135968,1.0,0.013824389095597684,1.0,0.0,1.0,142.6596839,0.0,0.0,0.0,0.0,0.0,101.224358,0.0,0.0,0.0,0.0,0.0,101.1711871,0.0,0.0,0.0,0.0,0.0,85.7457053,0.0,0.0,0.0,0.0,0.0,85.7457053,0.0,0.0,0.0,0.0,0.0
diverse_rec,ml20_lambda0.75,0.75,movielens_sample20of200_lambda0.75,20,4,19,55.69125729,55.69125729,55.40614817,54.4767647,0,-3.966735771,solved (0.0 s),solved (0.1 s),1,0,opt,54.55444934,1.0,0.02041268244457702,1.0,0.0,1.0,55.40614817,1.0,0.005119459209106344,0.0,0.0,1.0,,,,,,,42.80287791529668,1.0,0.2314255414919062,1.0,1.0,1.0,55.40614817,1.0,0.005119459209106344,0.0,0.0,1.0,54.92135968,1.0,0.013824389095597684,1.0,0.0,1.0,149.5559536,0.0,0.0,0.0,0.0,0.0,101.224358,0.0,0.0,0.0,0.0,0.0,101.1711871,0.0,0.0,0.0,0.0,0.0,85.7457053,0.0,0.0,0.0,0.0,0.0,85.7457053,0.0,0.0,0.0,0.0,0.0
diverse_rec,ml20_lambda0.75,0.75,movielens_sample20of200_lambda0.75,20,4,20,55.69125729,55.69125729,55.40614817,54.44592912,0,-3.966735771,solved (0.0 s),solved (0.1 s),1,0,opt,54.55444934,1.0,0.02041268244457702,1.0,0.0,1.0,55.40614817,1.0,0.005119459209106344,0.0,0.0,1.0,,,,,,,42.80287791529668,1.0,0.2314255414919062,1.0,1.0,1.0,55.40614817,1.0,0.005119459209106344,0.0,0.0,1.0,54.92135968,1.0,0.013824389095597684,1.0,0.0,1.0,156.2115117,0.0,0.0,0.0,0.0,0.0,101.224358,0.0,0.0,0.0,0.0,0.0,101.1711871,0.0,0.0,0.0,0.0,0.0,85.7457053,0.0,0.0,0.0,0.0,0.0,85.7457053,0.0,0.0,0.0,0.0,0.0
diverse_rec,ml20_lambda0.75,0.75,movielens_sample20of200_lambda0.75,20,5,1,8.660784322,8.660784322,8.660784322,8.660784322,0,-3.955392161,solved (0.1 s),solved (0.0 s),0,0,opt,8.660784322,0.0,0.0,0.0,0.0,0.0,8.660784322,0.0,0.0,0.0,0.0,0.0,8.660784321534607,0.0,0.0,0.0,0.0,0.0,8.660784321534607,0.0,0.0,0.0,0.0,0.0,8.660784322,0.0,0.0,0.0,0.0,0.0,8.660784322,0.0,0.0,0.0,0.0,0.0,8.660784322,0.0,0.0,0.0,0.0,0.0,8.660784322,0.0,0.0,0.0,0.0,0.0,8.660784322,0.0,0.0,0.0,0.0,0.0,8.660784322,0.0,0.0,0.0,0.0,0.0,8.660784322,0.0,0.0,0.0,0.0,0.0
diverse_rec,ml20_lambda0.75,0.75,movielens_sample20of200_lambda0.75,20,5,2,16.4299188,16.4299188,16.4299188,16.32815533,0,-3.955392161,solved (0.1 s),solved (0.0 s),0,0,opt,17.08988249,0.0,0.0,0.0,0.0,0.0,17.15918354,0.0,0.0,0.0,0.0,0.0,17.141411613977233,0.0,0.0,0.0,0.0,0.0,17.141411613977233,0.0,0.0,0.0,0.0,0.0,17.08988249,0.0,0.0,0.0,0.0,0.0,17.08988249,0.0,0.0,0.0,0.0,0.0,17.15918354,0.0,0.0,0.0,0.0,0.0,17.15918354,0.0,0.0,0.0,0.0,0.0,17.08988249,0.0,0.0,0.0,0.0,0.0,17.14320481,0.0,0.0,0.0,0.0,0.0,17.14141161,0.0,0.0,0.0,0.0,0.0
diverse_rec,ml20_lambda0.75,0.75,movielens_sample20of200_lambda0.75,20,5,3,23.3959894,23.3959894,23.3959894,23.08870919,0,-3.955392161,solved (0.1 s),solved (0.0 s),0,0,opt,25.22952569,0.0,0.0,0.0,0.0,0.0,25.58828171,0.0,0.0,0.0,0.0,0.0,25.485185518568397,0.0,0.0,0.0,0.0,0.0,25.485185518568397,0.0,0.0,0.0,0.0,0.0,25.22952569,0.0,0.0,0.0,0.0,0.0,25.22952569,0.0,0.0,0.0,0.0,0.0,25.58828171,0.0,0.0,0.0,0.0,0.0,25.58828171,0.0,0.0,0.0,0.0,0.0,25.22952569,0.0,0.0,0.0,0.0,0.0,25.49877624,0.0,0.0,0.0,0.0,0.0,25.48518552,0.0,0.0,0.0,0.0,0.0
diverse_rec,ml20_lambda0.75,0.75,movielens_sample20of200_lambda0.75,20,5,4,29.51355975,29.51355975,29.51355975,28.99065948,0,-3.955392161,solved (0.1 s),solved (0.0 s),0,0,opt,33.25713612,0.0,0.0,0.0,0.0,0.0,33.72792491,0.0,0.0,0.0,0.0,0.0,33.512817493056524,0.0,0.0,0.0,0.0,0.0,33.51281749305652,0.0,0.0,0.0,0.0,0.0,33.25713612,0.0,0.0,0.0,0.0,0.0,33.25713612,0.0,0.0,0.0,0.0,0.0,33.72792491,0.0,0.0,0.0,0.0,0.0,33.72792491,0.0,0.0,0.0,0.0,0.0,33.25713612,0.0,0.0,0.0,0.0,0.0,33.519128,0.0,0.0,0.0,0.0,0.0,33.51281749,0.0,0.0,0.0,0.0,0.0
diverse_rec,ml20_lambda0.75,0.75,movielens_sample20of200_lambda0.75,20,5,5,34.77319035,34.77319035,34.77319035,34.17610668,0,-3.955392161,solved (0.1 s),solved (0.0 s),0,0,opt,41.27044828,0.0,0.0,0.0,0.0,0.0,41.75553534,0.0,0.0,0.0,0.0,0.0,41.37832450945433,0.0,0.0,0.0,0.0,0.0,41.37832450945433,0.0,0.0,0.0,0.0,0.0,41.27044828,0.0,0.0,0.0,0.0,0.0,41.27044828,0.0,0.0,0.0,0.0,0.0,41.75553534,0.0,0.0,0.0,0.0,0.0,41.75553534,0.0,0.0,0.0,0.0,0.0,41.27044828,0.0,0.0,0.0,0.0,0.0,41.43318288,0.0,0.0,0.0,0.0,0.0,41.42943358,0.0,0.0,0.0,0.0,0.0
diverse_rec,ml20_lambda0.75,0.75,movielens_sample20of200_lambda0.75,20,5,6,39.29938845,39.29938845,39.29938845,38.595437,0,-3.955392161,solved (0.1 s),solved (0.0 s),0,0,opt,48.91201746,0.0,0.0,0.0,0.0,0.0,49.78137416,0.0,0.0,0.0,0.0,0.0,41.37832450945433,0.0,0.0,0.0,0.0,0.0,41.37832450945433,0.0,0.0,0.0,0.0,0.0,48.91201746,0.0,0.0,0.0,0.0,0.0,48.91201746,0.0,0.0,0.0,0.0,0.0,49.78137416,0.0,0.0,0.0,0.0,0.0,49.78137416,0.0,0.0,0.0,0.0,0.0,48.91201746,0.0,0.0,0.0,0.0,0.0,49.29765988,0.0,0.0,0.0,0.0,0.0,49.16562231,0.0,0.0,0.0,0.0,0.0
diverse_rec,ml20_lambda0.75,0.75,movielens_sample20of200_lambda0.75,20,5,7,43.18103907,43.18103907,43.18103907,42.37483275,0,-3.955392161,solved (0.1 s),solved (0.0 s),1,0,opt,52.45866859,0.0,0.0,0.0,0.0,0.0,57.79468632,0.0,0.0,0.0,0.0,0.0,,,,,,,41.37832450945433,1.0,0.04174782727259802,1.0,1.0,1.0,55.94528071,0.0,0.0,0.0,0.0,0.0,52.80978963,0.0,0.0,0.0,0.0,0.0,57.79468632,0.0,0.0,0.0,0.0,0.0,57.79468632,0.0,0.0,0.0,0.0,0.0,55.94528071,0.0,0.0,0.0,0.0,0.0,56.93946416,0.0,0.0,0.0,0.0,0.0,56.34208693,0.0,0.0,0.0,0.0,0.0
diverse_rec,ml20_lambda0.75,0.75,movielens_sample20of200_lambda0.75,20,5,8,46.3315089,46.3315089,46.3315089,45.50426735,0,-3.955392161,solved (0.1 s),solved (0.0 s),1,0,opt,52.45866859,0.0,0.0,0.0,0.0,0.0,65.6207654,0.0,0.0,0.0,0.0,0.0,,,,,,,41.37832450945433,1.0,0.10690746984382528,1.0,1.0,1.0,62.92906155,0.0,0.0,0.0,0.0,0.0,52.80978963,0.0,0.0,0.0,0.0,0.0,65.6911485,0.0,0.0,0.0,0.0,0.0,65.6911485,0.0,0.0,0.0,0.0,0.0,62.92906155,0.0,0.0,0.0,0.0,0.0,64.26617893,0.0,0.0,0.0,0.0,0.0,63.22056716,0.0,0.0,0.0,0.0,0.0
diverse_rec,ml20_lambda0.75,0.75,movielens_sample20of200_lambda0.75,20,5,9,48.86363732,48.86363732,48.86363732,48.05983017,0,-3.955392161,solved (0.1 s),solved (0.0 s),1,0,opt,52.45866859,0.0,0.0,0.0,0.0,0.0,65.28772942,0.0,0.0,0.0,0.0,0.0,,,,,,,41.37832450945433,1.0,0.15318779405482194,1.0,1.0,1.0,64.46414247,0.0,0.0,0.0,0.0,0.0,52.80978963,0.0,0.0,0.0,0.0,0.0,73.42595613,0.0,0.0,0.0,0.0,0.0,73.42595613,0.0,0.0,0.0,0.0,0.0,69.78441739,0.0,0.0,0.0,0.0,0.0,70.90643842,0.0,0.0,0.0,0.0,0.0,69.80881536,0.0,0.0,0.0,0.0,0.0
diverse_rec,ml20_lambda0.75,0.75,movielens_sample20of200_lambda0.75,20,5,10,50.83081131,50.83081131,50.80112019,50.06524311,0,-3.955392161,solved (0.1 s),solved (0.0 s),1,0,opt,52.45866859,0.0,0.0,0.0,0.0,0.0,63.55064542,0.0,0.0,0.0,0.0,0.0,,,,,,,41.37832450945433,1.0,0.18595978614030254,1.0,1.0,1.0,61.212160999999995,0.0,0.0,0.0,0.0,0.0,52.80978963,0.0,0.0,0.0,0.0,0.0,81.06752531,0.0,0.0,0.0,0.0,0.0,81.06752531,0.0,0.0,0.0,0.0,0.0,76.57247363,0.0,0.0,0.0,0.0,0.0,77.07299263,0.0,0.0,0.0,0.0,0.0,76.15103058,0.0,0.0,0.0,0.0,0.0
diverse_rec,ml20_lambda0.75,0.75,movielens_sample20of200_lambda0.75,20,5,11,52.31329124,52.31329124,52.21038505,51.36123934,0,-3.955392161,solved (0.1 s),solved (0.0 s),1,0,opt,52.45866859,0.0,0.0,0.0,0.0,0.0,59.02449014,0.0,0.0,0.0,0.0,0.0,,,,,,,41.37832450945433,1.0,0.20902846048012613,1.0,1.0,1.0,57.99282478,0.0,0.0,0.0,0.0,0.0,52.80978963,0.0,0.0,0.0,0.0,0.0,88.63649977,0.0,0.0,0.0,0.0,0.0,88.63649977,0.0,0.0,0.0,0.0,0.0,83.3108542,0.0,0.0,0.0,0.0,0.0,82.73764388,0.0,0.0,0.0,0.0,0.0,82.24745291,0.0,0.0,0.0,0.0,0.0
diverse_rec,ml20_lambda0.75,0.75,movielens_sample20of200_lambda0.75,20,5,12,53.24860502,53.24860502,53.17836722,51.98569777,0,-3.955392161,solved (0.1 s),solved (0.0 s),1,0,opt,52.45866859,1.0,0.01483487557473665,1.0,0.0,1.0,55.00383005,0.0,0.0,0.0,0.0,0.0,,,,,,,41.37832450945433,1.0,0.2229219057679958,1.0,1.0,1.0,54.895039067999996,0.0,0.0,0.0,0.0,0.0,52.80978963,1.0,0.008240880485698817,1.0,0.0,1.0,96.03991255,0.0,0.0,0.0,0.0,0.0,96.03991255,0.0,0.0,0.0,0.0,0.0,89.88200616,0.0,0.0,0.0,0.0,0.0,84.82229246,0.0,0.0,0.0,0.0,0.0,84.74728776,0.0,0.0,0.0,0.0,0.0
diverse_rec,ml20_lambda0.75,0.75,movielens_sample20of200_lambda0.75,20,5,13,53.67998651,53.67998651,53.49587605,52.30200679,0,-3.955392161,solved (0.1 s),solved (0.0 s),1,0,opt,52.45866859,1.0,0.022751829860696383,1.0,0.0,1.0,53.49587605,1.0,0.0034297784327069762,0.0,0.0,1.0,,,,,,,41.37832450945433,1.0,0.22916663733240697,1.0,1.0,1.0,53.49587605,1.0,0.0034297784327069762,0.0,0.0,1.0,52.80978963,1.0,0.016210825236289757,1.0,0.0,1.0,103.1487786,0.0,0.0,0.0,0.0,0.0,97.33493082,0.0,0.0,0.0,0.0,0.0,96.27653686,0.0,0.0,0.0,0.0,0.0,82.5390795,0.0,0.0,0.0,0.0,0.0,82.5390795,0.0,0.0,0.0,0.0,0.0
diverse_rec,ml20_lambda0.75,0.75,movielens_sample20of200_lambda0.75,20,5,14,53.73502648,53.73502648,53.49587605,52.43221992,0,-3.955392161,solved (0.1 s),solved (0.0 s),1,0,opt,52.45866859,1.0,0.023752810291720168,1.0,0.0,1.0,53.49587605,1.0,0.004450550147007246,0.0,0.0,1.0,,,,,,,41.37832450945433,1.0,0.22995619021691177,1.0,1.0,1.0,53.49587605,1.0,0.004450550147007246,0.0,0.0,1.0,52.80978963,1.0,0.017218505518823455,1.0,0.0,1.0,110.1820419,0.0,0.0,0.0,0.0,0.0,97.33493082,0.0,0.0,0.0,0.0,0.0,97.22613984,0.0,0.0,0.0,0.0,0.0,82.5390795,0.0,0.0,0.0,0.0,0.0,82.5390795,0.0,0.0,0.0,0.0,0.0
diverse_rec,ml20_lambda0.75,0.75,movielens_sample20of200_lambda0.75,20,5,15,53.73502648,53.73502648,53.49587605,52.47809408,0,-3.955392161,solved (0.1 s),solved (0.0 s),1,0,opt,52.45866859,1.0,0.023752810291720168,1.0,1.0,1.0,53.49587605,1.0,0.004450550147007246,0.0,0.0,1.0,,,,,,,41.37832450945433,1.0,0.22995619021691177,1.0,1.0,1.0,53.49587605,1.0,0.004450550147007246,0.0,0.0,1.0,52.80978963,1.0,0.017218505518823455,1.0,0.0,1.0,117.1658227,0.0,0.0,0.0,0.0,0.0,97.33493082,0.0,0.0,0.0,0.0,0.0,97.22613984,0.0,0.0,0.0,0.0,0.0,82.5390795,0.0,0.0,0.0,0.0,0.0,82.5390795,0.0,0.0,0.0,0.0,0.0
diverse_rec,ml20_lambda0.75,0.75,movielens_sample20of200_lambda0.75,20,5,16,53.73502648,53.73502648,53.49587605,52.55988749,0,-3.955392161,solved (0.1 s),solved (0.0 s),1,0,opt,52.45866859,1.0,0.023752810291720168,1.0,1.0,1.0,53.49587605,1.0,0.004450550147007246,0.0,0.0,1.0,,,,,,,41.37832450945433,1.0,0.22995619021691177,1.0,1.0,1.0,53.49587605,1.0,0.004450550147007246,0.0,0.0,1.0,52.80978963,1.0,0.017218505518823455,1.0,0.0,1.0,124.0211786,0.0,0.0,0.0,0.0,0.0,97.33493082,0.0,0.0,0.0,0.0,0.0,97.22613984,0.0,0.0,0.0,0.0,0.0,82.5390795,0.0,0.0,0.0,0.0,0.0,82.5390795,0.0,0.0,0.0,0.0,0.0
diverse_rec,ml20_lambda0.75,0.75,movielens_sample20of200_lambda0.75,20,5,17,53.73502648,53.73502648,53.49587605,52.59889254,0,-3.955392161,solved (0.1 s),solved (0.0 s),1,0,opt,52.45866859,1.0,0.023752810291720168,1.0,1.0,1.0,53.49587605,1.0,0.004450550147007246,0.0,0.0,1.0,,,,,,,41.37832450945433,1.0,0.22995619021691177,1.0,1.0,1.0,53.49587605,1.0,0.004450550147007246,0.0,0.0,1.0,52.80978963,1.0,0.017218505518823455,1.0,0.0,1.0,130.8092348,0.0,0.0,0.0,0.0,0.0,97.33493082,0.0,0.0,0.0,0.0,0.0,97.22613984,0.0,0.0,0.0,0.0,0.0,82.5390795,0.0,0.0,0.0,0.0,0.0,82.5390795,0.0,0.0,0.0,0.0,0.0
diverse_rec,ml20_lambda0.75,0.75,movielens_sample20of200_lambda0.75,20,5,18,53.73502648,53.73502648,53.49587605,52.56517726,0,-3.955392161,solved (0.1 s),solved (0.0 s),1,0,opt,52.45866859,1.0,0.023752810291720168,1.0,1.0,1.0,53.49587605,1.0,0.004450550147007246,0.0,0.0,1.0,,,,,,,41.37832450945433,1.0,0.22995619021691177,1.0,1.0,1.0,53.49587605,1.0,0.004450550147007246,0.0,0.0,1.0,52.80978963,1.0,0.017218505518823455,1.0,0.0,1.0,137.5476154,0.0,0.0,0.0,0.0,0.0,97.33493082,0.0,0.0,0.0,0.0,0.0,97.22613984,0.0,0.0,0.0,0.0,0.0,82.5390795,0.0,0.0,0.0,0.0,0.0,82.5390795,0.0,0.0,0.0,0.0,0.0
diverse_rec,ml20_lambda0.75,0.75,movielens_sample20of200_lambda0.75,20,5,19,53.73502648,53.73502648,53.49587605,52.55772061,0,-3.955392161,solved (0.1 s),solved (0.0 s),1,0,opt,52.45866859,1.0,0.023752810291720168,1.0,1.0,1.0,53.49587605,1.0,0.004450550147007246,0.0,0.0,1.0,,,,,,,41.37832450945433,1.0,0.22995619021691177,1.0,1.0,1.0,53.49587605,1.0,0.004450550147007246,0.0,0.0,1.0,52.80978963,1.0,0.017218505518823455,1.0,0.0,1.0,144.1187673,0.0,0.0,0.0,0.0,0.0,97.33493082,0.0,0.0,0.0,0.0,0.0,97.22613984,0.0,0.0,0.0,0.0,0.0,82.5390795,0.0,0.0,0.0,0.0,0.0,82.5390795,0.0,0.0,0.0,0.0,0.0
diverse_rec,ml20_lambda0.75,0.75,movielens_sample20of200_lambda0.75,20,5,20,53.73502648,53.73502648,53.49587605,52.57849153,0,-3.955392161,solved (0.1 s),solved (0.0 s),1,0,opt,52.45866859,1.0,0.023752810291720168,1.0,1.0,1.0,53.49587605,1.0,0.004450550147007246,0.0,0.0,1.0,,,,,,,41.37832450945433,1.0,0.22995619021691177,1.0,1.0,1.0,53.49587605,1.0,0.004450550147007246,0.0,0.0,1.0,52.80978963,1.0,0.017218505518823455,1.0,0.0,1.0,150.513298,0.0,0.0,0.0,0.0,0.0,97.33493082,0.0,0.0,0.0,0.0,0.0,97.22613984,0.0,0.0,0.0,0.0,0.0,82.5390795,0.0,0.0,0.0,0.0,0.0,82.5390795,0.0,0.0,0.0,0.0,0.0
diverse_rec,ml20_lambda0.75,0.75,movielens_sample20of200_lambda0.75,20,6,1,8.91981541,8.91981541,8.91981541,8.91981541,0,-4.084907705,solved (0.0 s),solved (0.1 s),0,0,opt,8.91981541,0.0,0.0,0.0,0.0,0.0,8.91981541,0.0,0.0,0.0,0.0,0.0,8.919815410033657,0.0,0.0,0.0,0.0,0.0,8.919815410033657,0.0,0.0,0.0,0.0,0.0,8.91981541,0.0,0.0,0.0,0.0,0.0,8.91981541,0.0,0.0,0.0,0.0,0.0,8.91981541,0.0,0.0,0.0,0.0,0.0,8.91981541,0.0,0.0,0.0,0.0,0.0,8.91981541,0.0,0.0,0.0,0.0,0.0,8.91981541,0.0,0.0,0.0,0.0,0.0,8.91981541,0.0,0.0,0.0,0.0,0.0
diverse_rec,ml20_lambda0.75,0.75,movielens_sample20of200_lambda0.75,20,6,2,16.59076735,16.59076735,16.59076735,16.45874537,0,-4.084907705,solved (0.0 s),solved (0.1 s),0,0,opt,17.34505399,0.0,0.0,0.0,0.0,0.0,17.37882394,0.0,0.0,0.0,0.0,0.0,17.346055235070885,0.0,0.0,0.0,0.0,0.0,17.346055235070885,0.0,0.0,0.0,0.0,0.0,17.34505399,0.0,0.0,0.0,0.0,0.0,17.34505399,0.0,0.0,0.0,0.0,0.0,17.37882394,0.0,0.0,0.0,0.0,0.0,17.37882394,0.0,0.0,0.0,0.0,0.0,17.34505399,0.0,0.0,0.0,0.0,0.0,17.34674857,0.0,0.0,0.0,0.0,0.0,17.34605524,0.0,0.0,0.0,0.0,0.0
diverse_rec,ml20_lambda0.75,0.75,movielens_sample20of200_lambda0.75,20,6,3,23.44219973,23.44219973,23.44219973,23.14091289,0,-4.084907705,solved (0.0 s),solved (0.1 s),0,0,opt,25.54365605,0.0,0.0,0.0,0.0,0.0,25.80406252,0.0,0.0,0.0,0.0,0.0,25.674967190483613,0.0,0.0,0.0,0.0,0.0,25.674967190483613,0.0,0.0,0.0,0.0,0.0,25.54365605,0.0,0.0,0.0,0.0,0.0,25.54365605,0.0,0.0,0.0,0.0,0.0,25.80406252,0.0,0.0,0.0,0.0,0.0,25.80406252,0.0,0.0,0.0,0.0,0.0,25.54365605,0.0,0.0,0.0,0.0,0.0,25.68566363,0.0,0.0,0.0,0.0,0.0,25.67496719,0.0,0.0,0.0,0.0,0.0
diverse_rec,ml20_lambda0.75,0.75,movielens_sample20of200_lambda0.75,20,6,4,29.4911345,29.4911345,29.4911345,29.07823685,0,-4.084907705,solved (0.0 s),solved (0.1 s),0,0,opt,33.65518494,0.0,0.0,0.0,0.0,0.0,34.00266459,0.0,0.0,0.0,0.0,0.0,33.75305702626922,0.0,0.0,0.0,0.0,0.0,33.75305702626922,0.0,0.0,0.0,0.0,0.0,33.65518494,0.0,0.0,0.0,0.0,0.0,33.65518494,0.0,0.0,0.0,0.0,0.0,34.00266459,0.0,0.0,0.0,0.0,0.0,34.00266459,0.0,0.0,0.0,0.0,0.0,33.65518494,0.0,0.0,0.0,0.0,0.0,33.76071649,0.0,0.0,0.0,0.0,0.0,33.75305703,0.0,0.0,0.0,0.0,0.0
diverse_rec,ml20_lambda0.75,0.75,movielens_sample20of200_lambda0.75,20,6,5,34.74272843,34.74272843,34.74272843,34.2734767,0,-4.084907705,solved (0.0 s),solved (0.1 s),0,0,opt,41.70456341,0.0,0.0,0.0,0.0,0.0,42.11419347,0.0,0.0,0.0,0.0,0.0,41.61242717355674,0.0,0.0,0.0,0.0,0.0,41.61242717355674,0.0,0.0,0.0,0.0,0.0,41.70456341,0.0,0.0,0.0,0.0,0.0,41.70456341,0.0,0.0,0.0,0.0,0.0,42.11419347,0.0,0.0,0.0,0.0,0.0,42.11419347,0.0,0.0,0.0,0.0,0.0,41.70456341,0.0,0.0,0.0,0.0,0.0,41.76289329,0.0,0.0,0.0,0.0,0.0,41.73894996,0.0,0.0,0.0,0.0,0.0
diverse_rec,ml20_lambda0.75,0.75,movielens_sample20of200_lambda0.75,20,6,6,39.27656318,39.27656318,39.27656318,38.75818739,0,-4.084907705,solved (0.0 s),solved (0.1 s),0,0,opt,49.36520756,0.0,0.0,0.0,0.0,0.0,50.21235275,0.0,0.0,0.0,0.0,0.0,41.61242717355674,0.0,0.0,0.0,0.0,0.0,41.61242717355674,0.0,0.0,0.0,0.0,0.0,49.36520756,0.0,0.0,0.0,0.0,0.0,49.36520756,0.0,0.0,0.0,0.0,0.0,50.21235275,0.0,0.0,0.0,0.0,0.0,50.21235275,0.0,0.0,0.0,0.0,0.0,49.36520756,0.0,0.0,0.0,0.0,0.0,49.70548268,0.0,0.0,0.0,0.0,0.0,49.58029406,0.0,0.0,0.0,0.0,0.0
diverse_rec,ml20_lambda0.75,0.75,movielens_sample20of200_lambda0.75,20,6,7,43.22267044,43.22267044,43.22267044,42.54301549,0,-4.084907705,solved (0.0 s),solved (0.1 s),1,0,opt,52.43442916,0.0,0.0,0.0,0.0,0.0,58.26173122,0.0,0.0,0.0,0.0,0.0,,,,,,,41.61242717355674,1.0,0.03725459926587689,1.0,1.0,1.0,56.54954686,0.0,0.0,0.0,0.0,0.0,52.44097349,0.0,0.0,0.0,0.0,0.0,58.26173122,0.0,0.0,0.0,0.0,0.0,58.26173122,0.0,0.0,0.0,0.0,0.0,56.54954686,0.0,0.0,0.0,0.0,0.0,57.57466554,0.0,0.0,0.0,0.0,0.0,56.83278068,0.0,0.0,0.0,0.0,0.0
diverse_rec,ml20_lambda0.75,0.75,movielens_sample20of200_lambda0.75,20,6,8,46.45446862,46.45446862,46.45446862,45.70833439,0,-4.084907705,solved (0.0 s),solved (0.1 s),1,0,opt,52.43442916,0.0,0.0,0.0,0.0,0.0,66.06113025,0.0,0.0,0.0,0.0,0.0,,,,,,,41.61242717355674,1.0,0.10423198435550765,1.0,1.0,1.0,63.49763948,0.0,0.0,0.0,0.0,0.0,52.44097349,0.0,0.0,0.0,0.0,0.0,66.24181602,0.0,0.0,0.0,0.0,0.0,66.24181602,0.0,0.0,0.0,0.0,0.0,63.49763948,0.0,0.0,0.0,0.0,0.0,64.90017992,0.0,0.0,0.0,0.0,0.0,63.77487981,0.0,0.0,0.0,0.0,0.0
diverse_rec,ml20_lambda0.75,0.75,movielens_sample20of200_lambda0.75,20,6,9,48.98922772,48.98922772,48.98922772,48.29505147,0,-4.084907705,solved (0.0 s),solved (0.1 s),1,0,opt,52.43442916,0.0,0.0,0.0,0.0,0.0,65.84364845,0.0,0.0,0.0,0.0,0.0,,,,,,,41.61242717355674,1.0,0.15058005381521175,1.0,1.0,1.0,64.86628253,0.0,0.0,0.0,0.0,0.0,52.44097349,0.0,0.0,0.0,0.0,0.0,74.22109417,0.0,0.0,0.0,0.0,0.0,74.22109417,0.0,0.0,0.0,0.0,0.0,70.38627306,0.0,0.0,0.0,0.0,0.0,71.73534485,0.0,0.0,0.0,0.0,0.0,70.51698353,0.0,0.0,0.0,0.0,0.0
diverse_rec,ml20_lambda0.75,0.75,movielens_sample20of200_lambda0.75,20,6,10,51.01751736,51.01751736,51.01751736,50.32506216,0,-4.084907705,solved (0.0 s),solved (0.1 s),1,0,opt,52.43442916,0.0,0.0,0.0,0.0,0.0,64.13514492,0.0,0.0,0.0,0.0,0.0,,,,,,,41.61242717355674,1.0,0.1843502128901566,1.0,1.0,1.0,61.77034533,0.0,0.0,0.0,0.0,0.0,52.44097349,0.0,0.0,0.0,0.0,0.0,81.88173831,0.0,0.0,0.0,0.0,0.0,81.88173831,0.0,0.0,0.0,0.0,0.0,77.16592809,0.0,0.0,0.0,0.0,0.0,78.03253674,0.0,0.0,0.0,0.0,0.0,77.00923726,0.0,0.0,0.0,0.0,0.0
diverse_rec,ml20_lambda0.75,0.75,movielens_sample20of200_lambda0.75,20,6,11,52.48389805,52.48389805,52.43710841,51.6377984,0,-4.084907705,solved (0.0 s),solved (0.1 s),1,0,opt,52.43442916,1.0,0.0009425536562256162,1.0,0.0,1.0,59.9338927,0.0,0.0,0.0,0.0,0.0,,,,,,,41.61242717355674,1.0,0.20713916611312488,1.0,1.0,1.0,58.804104866,0.0,0.0,0.0,0.0,0.0,52.44097349,1.0,0.0008178615079068617,0.0,0.0,1.0,89.46127676,0.0,0.0,0.0,0.0,0.0,89.46127676,0.0,0.0,0.0,0.0,0.0,83.7930603,0.0,0.0,0.0,0.0,0.0,83.87750056,0.0,0.0,0.0,0.0,0.0,83.07775853,0.0,0.0,0.0,0.0,0.0
diverse_rec,ml20_lambda0.75,0.75,movielens_sample20of200_lambda0.75,20,6,12,53.44258187,53.44258187,53.39893864,52.25235976,0,-4.084907705,solved (0.0 s),solved (0.1 s),1,0,opt,52.43442916,1.0,0.018864221651048712,1.0,0.0,1.0,55.95723496,0.0,0.0,0.0,0.0,0.0,,,,,,,41.61242717355674,1.0,0.22136196049098664,1.0,1.0,1.0,55.724806859,0.0,0.0,0.0,0.0,0.0,52.44097349,1.0,0.018741766302317317,1.0,0.0,1.0,97.01364113,0.0,0.0,0.0,0.0,0.0,97.01364113,0.0,0.0,0.0,0.0,0.0,90.26462149,0.0,0.0,0.0,0.0,0.0,85.78776668,0.0,0.0,0.0,0.0,0.0,85.62750975,0.0,0.0,0.0,0.0,0.0
diverse_rec,ml20_lambda0.75,0.75,movielens_sample20of200_lambda0.75,20,6,13,53.94745006,53.94745006,53.84986907,52.58958685,0,-4.084907705,solved (0.0 s),solved (0.1 s),1,0,opt,52.43442916,1.0,0.028046198630653142,1.0,1.0,1.0,53.84986907,1.0,0.0018088156139256903,0.0,0.0,1.0,,,,,,,41.61242717355674,1.0,0.2286488587083232,1.0,1.0,1.0,53.84986907,1.0,0.0018088156139256903,0.0,0.0,1.0,52.44097349,1.0,0.027924889282524203,1.0,1.0,1.0,104.2369724,0.0,0.0,0.0,0.0,0.0,98.05077006,0.0,0.0,0.0,0.0,0.0,96.57794382,0.0,0.0,0.0,0.0,0.0,83.50437397,0.0,0.0,0.0,0.0,0.0,83.50437397,0.0,0.0,0.0,0.0,0.0
diverse_rec,ml20_lambda0.75,0.75,movielens_sample20of200_lambda0.75,20,6,14,54.05773579,54.05773579,53.84986907,52.74257822,0,-4.084907705,solved (0.0 s),solved (0.1 s),1,0,opt,52.43442916,1.0,0.030029127307627506,1.0,1.0,1.0,53.84986907,1.0,0.0038452724103634804,0.0,0.0,1.0,,,,,,,41.61242717355674,1.0,0.23022252846086624,1.0,1.0,1.0,53.84986907,1.0,0.0038452724103634804,0.0,0.0,1.0,52.44097349,1.0,0.02990806544840684,1.0,1.0,1.0,111.4213117,0.0,0.0,0.0,0.0,0.0,98.05077006,0.0,0.0,0.0,0.0,0.0,97.81834195,0.0,0.0,0.0,0.0,0.0,83.50437397,0.0,0.0,0.0,0.0,0.0,83.50437397,0.0,0.0,0.0,0.0,0.0
diverse_rec,ml20_lambda0.75,0.75,movielens_sample20of200_lambda0.75,20,6,15,54.05773579,54.05773579,53.84986907,52.7884828,0,-4.084907705,solved (0.0 s),solved (0.1 s),1,0,opt,52.43442916,1.0,0.030029127307627506,1.0,1.0,1.0,53.84986907,1.0,0.0038452724103634804,0.0,0.0,1.0,,,,,,,41.61242717355674,1.0,0.23022252846086624,1.0,1.0,1.0,53.84986907,1.0,0.0038452724103634804,0.0,0.0,1.0,52.44097349,1.0,0.02990806544840684,1.0,1.0,1.0,118.3694044,0.0,0.0,0.0,0.0,0.0,98.05077006,0.0,0.0,0.0,0.0,0.0,97.81834195,0.0,0.0,0.0,0.0,0.0,83.50437397,0.0,0.0,0.0,0.0,0.0,83.50437397,0.0,0.0,0.0,0.0,0.0
diverse_rec,ml20_lambda0.75,0.75,movielens_sample20of200_lambda0.75,20,6,16,54.05773579,54.05773579,53.84986907,52.83013301,0,-4.084907705,solved (0.0 s),solved (0.1 s),1,0,opt,52.43442916,1.0,0.030029127307627506,1.0,1.0,1.0,53.84986907,1.0,0.0038452724103634804,0.0,0.0,1.0,,,,,,,41.61242717355674,1.0,0.23022252846086624,1.0,1.0,1.0,53.84986907,1.0,0.0038452724103634804,0.0,0.0,1.0,52.44097349,1.0,0.02990806544840684,1.0,1.0,1.0,125.2580379,0.0,0.0,0.0,0.0,0.0,98.05077006,0.0,0.0,0.0,0.0,0.0,97.81834195,0.0,0.0,0.0,0.0,0.0,83.50437397,0.0,0.0,0.0,0.0,0.0,83.50437397,0.0,0.0,0.0,0.0,0.0
diverse_rec,ml20_lambda0.75,0.75,movielens_sample20of200_lambda0.75,20,6,17,54.05773579,54.05773579,53.84986907,52.90498226,0,-4.084907705,solved (0.0 s),solved (0.1 s),1,0,opt,52.43442916,1.0,0.030029127307627506,1.0,1.0,1.0,53.84986907,1.0,0.0038452724103634804,0.0,0.0,1.0,,,,,,,41.61242717355674,1.0,0.23022252846086624,1.0,1.0,1.0,53.84986907,1.0,0.0038452724103634804,0.0,0.0,1.0,52.44097349,1.0,0.02990806544840684,1.0,1.0,1.0,132.037693,0.0,0.0,0.0,0.0,0.0,98.05077006,0.0,0.0,0.0,0.0,0.0,97.81834195,0.0,0.0,0.0,0.0,0.0,83.50437397,0.0,0.0,0.0,0.0,0.0,83.50437397,0.0,0.0,0.0,0.0,0.0
diverse_rec,ml20_lambda0.75,0.75,movielens_sample20of200_lambda0.75,20,6,18,54.05773579,54.05773579,53.84986907,52.84826492,0,-4.084907705,solved (0.0 s),solved (0.1 s),1,0,opt,52.43442916,1.0,0.030029127307627506,1.0,1.0,1.0,53.84986907,1.0,0.0038452724103634804,0.0,0.0,1.0,,,,,,,41.61242717355674,1.0,0.23022252846086624,1.0,1.0,1.0,53.84986907,1.0,0.0038452724103634804,0.0,0.0,1.0,52.44097349,1.0,0.02990806544840684,1.0,1.0,1.0,138.6648252,0.0,0.0,0.0,0.0,0.0,98.05077006,0.0,0.0,0.0,0.0,0.0,97.81834195,0.0,0.0,0.0,0.0,0.0,83.50437397,0.0,0.0,0.0,0.0,0.0,83.50437397,0.0,0.0,0.0,0.0,0.0
diverse_rec,ml20_lambda0.75,0.75,movielens_sample20of200_lambda0.75,20,6,19,54.05773579,54.05773579,53.84986907,52.85378157,0,-4.084907705,solved (0.0 s),solved (0.1 s),1,0,opt,52.43442916,1.0,0.030029127307627506,1.0,1.0,1.0,53.84986907,1.0,0.0038452724103634804,0.0,0.0,1.0,,,,,,,41.61242717355674,1.0,0.23022252846086624,1.0,1.0,1.0,53.84986907,1.0,0.0038452724103634804,0.0,0.0,1.0,52.44097349,1.0,0.02990806544840684,1.0,1.0,1.0,145.1363864,0.0,0.0,0.0,0.0,0.0,98.05077006,0.0,0.0,0.0,0.0,0.0,97.81834195,0.0,0.0,0.0,0.0,0.0,83.50437397,0.0,0.0,0.0,0.0,0.0,83.50437397,0.0,0.0,0.0,0.0,0.0
diverse_rec,ml20_lambda0.75,0.75,movielens_sample20of200_lambda0.75,20,6,20,54.05773579,54.05773579,53.84986907,52.84689104,0,-4.084907705,solved (0.0 s),solved (0.1 s),1,0,opt,52.43442916,1.0,0.030029127307627506,1.0,1.0,1.0,53.84986907,1.0,0.0038452724103634804,0.0,0.0,1.0,,,,,,,41.61242717355674,1.0,0.23022252846086624,1.0,1.0,1.0,53.84986907,1.0,0.0038452724103634804,0.0,0.0,1.0,52.44097349,1.0,0.02990806544840684,1.0,1.0,1.0,151.4497087,0.0,0.0,0.0,0.0,0.0,98.05077006,0.0,0.0,0.0,0.0,0.0,97.81834195,0.0,0.0,0.0,0.0,0.0,83.50437397,0.0,0.0,0.0,0.0,0.0,83.50437397,0.0,0.0,0.0,0.0,0.0
diverse_rec,ml20_lambda0.75,0.75,movielens_sample20of200_lambda0.75,20,7,1,9.254139193,9.254139193,9.254139193,9.254139193,0,-4.252069597,solved (0.0 s),solved (0.1 s),0,0,opt,9.254139193,0.0,0.0,0.0,0.0,0.0,9.254139193,0.0,0.0,0.0,0.0,0.0,9.25413919308804,0.0,0.0,0.0,0.0,0.0,9.25413919308804,0.0,0.0,0.0,0.0,0.0,9.254139193,0.0,0.0,0.0,0.0,0.0,9.254139193,0.0,0.0,0.0,0.0,0.0,9.254139193,0.0,0.0,0.0,0.0,0.0,9.254139193,0.0,0.0,0.0,0.0,0.0,9.254139193,0.0,0.0,0.0,0.0,0.0,9.254139193,0.0,0.0,0.0,0.0,0.0,9.254139193,0.0,0.0,0.0,0.0,0.0
diverse_rec,ml20_lambda0.75,0.75,movielens_sample20of200_lambda0.75,20,7,2,17.49983576,17.49983576,17.49983576,17.46298978,0,-4.252069597,solved (0.0 s),solved (0.1 s),0,0,opt,18.22668025,0.0,0.0,0.0,0.0,0.0,18.4960793,0.0,0.0,0.0,0.0,0.0,18.463986174965292,0.0,0.0,0.0,0.0,0.0,18.463986174965292,0.0,0.0,0.0,0.0,0.0,18.22668025,0.0,0.0,0.0,0.0,0.0,18.22668025,0.0,0.0,0.0,0.0,0.0,18.4960793,0.0,0.0,0.0,0.0,0.0,18.4960793,0.0,0.0,0.0,0.0,0.0,18.22668025,0.0,0.0,0.0,0.0,0.0,18.47255879,0.0,0.0,0.0,0.0,0.0,18.46398617,0.0,0.0,0.0,0.0,0.0
diverse_rec,ml20_lambda0.75,0.75,movielens_sample20of200_lambda0.75,20,7,3,24.95394858,24.95394858,24.95394858,24.72897112,0,-4.252069597,solved (0.0 s),solved (0.1 s),0,0,opt,27.16983595,0.0,0.0,0.0,0.0,0.0,27.46862035,0.0,0.0,0.0,0.0,0.0,27.420018079545688,0.0,0.0,0.0,0.0,0.0,27.420018079545688,0.0,0.0,0.0,0.0,0.0,27.16983595,0.0,0.0,0.0,0.0,0.0,27.16983595,0.0,0.0,0.0,0.0,0.0,27.46862035,0.0,0.0,0.0,0.0,0.0,27.46862035,0.0,0.0,0.0,0.0,0.0,27.16983595,0.0,0.0,0.0,0.0,0.0,27.42139389,0.0,0.0,0.0,0.0,0.0,27.42001808,0.0,0.0,0.0,0.0,0.0
diverse_rec,ml20_lambda0.75,0.75,movielens_sample20of200_lambda0.75,20,7,4,31.46399289,31.46399289,31.46399289,30.99701724,0,-4.252069597,solved (0.0 s),solved (0.1 s),0,0,opt,35.81383676,0.0,0.0,0.0,0.0,0.0,36.41177606,0.0,0.0,0.0,0.0,0.0,36.17191451623587,0.0,0.0,0.0,0.0,0.0,36.17191451623587,0.0,0.0,0.0,0.0,0.0,35.81383676,0.0,0.0,0.0,0.0,0.0,35.81383676,0.0,0.0,0.0,0.0,0.0,36.41177606,0.0,0.0,0.0,0.0,0.0,36.41177606,0.0,0.0,0.0,0.0,0.0,35.81383676,0.0,0.0,0.0,0.0,0.0,36.20261233,0.0,0.0,0.0,0.0,0.0,36.17191452,0.0,0.0,0.0,0.0,0.0
diverse_rec,ml20_lambda0.75,0.75,movielens_sample20of200_lambda0.75,20,7,5,37.1478874,37.1478874,37.1478874,36.41915136,0,-4.252069597,solved (0.0 s),solved (0.1 s),0,0,opt,44.11880169,0.0,0.0,0.0,0.0,0.0,45.05577686,0.0,0.0,0.0,0.0,0.0,43.888100406307174,0.0,0.0,0.0,0.0,0.0,43.888100406307174,0.0,0.0,0.0,0.0,0.0,44.11880169,0.0,0.0,0.0,0.0,0.0,44.11880169,0.0,0.0,0.0,0.0,0.0,45.05577686,0.0,0.0,0.0,0.0,0.0,45.05577686,0.0,0.0,0.0,0.0,0.0,44.11880169,0.0,0.0,0.0,0.0,0.0,44.67941073,0.0,0.0,0.0,0.0,0.0,44.59586804,0.0,0.0,0.0,0.0,0.0
diverse_rec,ml20_lambda0.75,0.75,movielens_sample20of200_lambda0.75,20,7,6,41.90726118,41.90726118,41.90726118,41.13347787,0,-4.252069597,solved (0.0 s),solved (0.1 s),0,0,opt,52.15041627,0.0,0.0,0.0,0.0,0.0,53.61135858,0.0,0.0,0.0,0.0,0.0,43.888100406307174,0.0,0.0,0.0,0.0,0.0,43.888100406307174,0.0,0.0,0.0,0.0,0.0,52.15041627,0.0,0.0,0.0,0.0,0.0,52.15041627,0.0,0.0,0.0,0.0,0.0,53.61135858,0.0,0.0,0.0,0.0,0.0,53.61135858,0.0,0.0,0.0,0.0,0.0,52.15041627,0.0,0.0,0.0,0.0,0.0,52.79722203,0.0,0.0,0.0,0.0,0.0,52.6547938,0.0,0.0,0.0,0.0,0.0
diverse_rec,ml20_lambda0.75,0.75,movielens_sample20of200_lambda0.75,20,7,7,45.94505115,45.94505115,45.87620349,45.17821814,0,-4.252069597,solved (0.0 s),solved (0.1 s),1,0,opt,56.22397897,0.0,0.0,0.0,0.0,0.0,61.9163235,0.0,0.0,0.0,0.0,0.0,,,,,,,43.888100406307174,1.0,0.04476979984149661,1.0,1.0,1.0,59.92439798,0.0,0.0,0.0,0.0,0.0,56.22397897,0.0,0.0,0.0,0.0,0.0,61.9163235,0.0,0.0,0.0,0.0,0.0,61.9163235,0.0,0.0,0.0,0.0,0.0,59.92439798,0.0,0.0,0.0,0.0,0.0,60.64758621,0.0,0.0,0.0,0.0,0.0,60.36085674,0.0,0.0,0.0,0.0,0.0
diverse_rec,ml20_lambda0.75,0.75,movielens_sample20of200_lambda0.75,20,7,8,49.33758794,49.33758794,49.33758794,48.52497227,0,-4.252069597,solved (0.0 s),solved (0.1 s),1,0,opt,56.22397897,0.0,0.0,0.0,0.0,0.0,70.1952915,0.0,0.0,0.0,0.0,0.0,,,,,,,43.888100406307174,1.0,0.1104530594466841,1.0,1.0,1.0,67.47431848,0.0,0.0,0.0,0.0,0.0,56.22397897,0.0,0.0,0.0,0.0,0.0,70.1952915,0.0,0.0,0.0,0.0,0.0,70.1952915,0.0,0.0,0.0,0.0,0.0,67.47431848,0.0,0.0,0.0,0.0,0.0,68.32967376,0.0,0.0,0.0,0.0,0.0,67.76669002,0.0,0.0,0.0,0.0,0.0
diverse_rec,ml20_lambda0.75,0.75,movielens_sample20of200_lambda0.75,20,7,9,52.02622172,52.02622172,52.02622172,51.28971472,0,-4.252069597,solved (0.0 s),solved (0.1 s),1,0,opt,56.22397897,0.0,0.0,0.0,0.0,0.0,69.73345662,0.0,0.0,0.0,0.0,0.0,,,,,,,43.888100406307174,1.0,0.156423454262956,1.0,1.0,1.0,68.88460921000001,0.0,0.0,0.0,0.0,0.0,56.22397897,0.0,0.0,0.0,0.0,0.0,78.24246035,0.0,0.0,0.0,0.0,0.0,78.24246035,0.0,0.0,0.0,0.0,0.0,74.96876723,0.0,0.0,0.0,0.0,0.0,75.91944191,0.0,0.0,0.0,0.0,0.0,74.88657336,0.0,0.0,0.0,0.0,0.0
diverse_rec,ml20_lambda0.75,0.75,movielens_sample20of200_lambda0.75,20,7,10,54.14943506,54.14943506,54.14943506,53.38646076,0,-4.252069597,solved (0.0 s),solved (0.1 s),1,0,opt,56.22397897,0.0,0.0,0.0,0.0,0.0,67.55778076,0.0,0.0,0.0,0.0,0.0,,,,,,,43.888100406307174,1.0,0.18950030858720518,1.0,1.0,1.0,65.46935282,0.0,0.0,0.0,0.0,0.0,56.22397897,0.0,0.0,0.0,0.0,0.0,86.27407493,0.0,0.0,0.0,0.0,0.0,86.27407493,0.0,0.0,0.0,0.0,0.0,82.27812573,0.0,0.0,0.0,0.0,0.0,83.04100733,0.0,0.0,0.0,0.0,0.0,81.72651716,0.0,0.0,0.0,0.0,0.0
diverse_rec,ml20_lambda0.75,0.75,movielens_sample20of200_lambda0.75,20,7,11,55.62435297,55.62435297,55.6166645,54.73745865,0,-4.252069597,solved (0.0 s),solved (0.1 s),1,0,opt,56.22397897,0.0,0.0,0.0,0.0,0.0,62.4419669,0.0,0.0,0.0,0.0,0.0,,,,,,,43.888100406307174,1.0,0.21099126438419089,1.0,1.0,1.0,61.786000750999996,0.0,0.0,0.0,0.0,0.0,56.22397897,0.0,0.0,0.0,0.0,0.0,94.26634756,0.0,0.0,0.0,0.0,0.0,94.26634756,0.0,0.0,0.0,0.0,0.0,89.50558319,0.0,0.0,0.0,0.0,0.0,88.86022988,0.0,0.0,0.0,0.0,0.0,88.06696479,0.0,0.0,0.0,0.0,0.0
diverse_rec,ml20_lambda0.75,0.75,movielens_sample20of200_lambda0.75,20,7,12,56.62584857,56.62584857,56.43996321,55.37558806,0,-4.252069597,solved (0.0 s),solved (0.1 s),1,0,opt,56.22397897,1.0,0.007096928525551716,1.0,0.0,1.0,57.84118572,0.0,0.0,0.0,0.0,0.0,,,,,,,43.888100406307174,1.0,0.2249458239543487,1.0,1.0,1.0,57.681410314000004,0.0,0.0,0.0,0.0,0.0,56.22397897,1.0,0.007096928525551716,1.0,0.0,1.0,102.2166578,0.0,0.0,0.0,0.0,0.0,102.2166578,0.0,0.0,0.0,0.0,0.0,96.44693433,0.0,0.0,0.0,0.0,0.0,90.06931687,0.0,0.0,0.0,0.0,0.0,89.95938468,0.0,0.0,0.0,0.0,0.0
diverse_rec,ml20_lambda0.75,0.75,movielens_sample20of200_lambda0.75,20,7,13,57.1021218,57.1021218,56.73813072,55.67280503,0,-4.252069597,solved (0.0 s),solved (0.1 s),1,0,opt,56.22397897,1.0,0.015378462346385202,1.0,0.0,1.0,56.73813072,1.0,0.00637438800041224,0.0,0.0,1.0,,,,,,,43.888100406307174,1.0,0.23141033953125056,1.0,1.0,1.0,56.73813072,1.0,0.00637438800041224,0.0,0.0,1.0,56.22397897,1.0,0.015378462346385202,1.0,0.0,1.0,110.1423311,0.0,0.0,0.0,0.0,0.0,104.1124384,0.0,0.0,0.0,0.0,0.0,102.5604868,0.0,0.0,0.0,0.0,0.0,87.63578389,0.0,0.0,0.0,0.0,0.0,87.63578389,0.0,0.0,0.0,0.0,0.0
diverse_rec,ml20_lambda0.75,0.75,movielens_sample20of200_lambda0.75,20,7,14,57.16487526,57.16487526,56.73813072,55.80457202,0,-4.252069597,solved (0.0 s),solved (0.1 s),1,0,opt,56.22397897,1.0,0.016459343009506723,1.0,0.0,1.0,56.73813072,1.0,0.007465152999268547,0.0,0.0,1.0,,,,,,,43.888100406307174,1.0,0.23225406848710453,1.0,1.0,1.0,56.73813072,1.0,0.007465152999268547,0.0,0.0,1.0,56.22397897,1.0,0.016459343009506723,1.0,0.0,1.0,117.9163128,0.0,0.0,0.0,0.0,0.0,104.1124384,0.0,0.0,0.0,0.0,0.0,103.952663,0.0,0.0,0.0,0.0,0.0,87.63578389,0.0,0.0,0.0,0.0,0.0,87.63578389,0.0,0.0,0.0,0.0,0.0
diverse_rec,ml20_lambda0.75,0.75,movielens_sample20of200_lambda0.75,20,7,15,57.16487526,57.16487526,56.73813072,55.93279835,0,-4.252069597,solved (0.0 s),solved (0.1 s),1,0,opt,56.22397897,1.0,0.016459343009506723,1.0,0.0,1.0,56.73813072,1.0,0.007465152999268547,0.0,0.0,1.0,,,,,,,43.888100406307174,1.0,0.23225406848710453,1.0,1.0,1.0,56.73813072,1.0,0.007465152999268547,0.0,0.0,1.0,56.22397897,1.0,0.016459343009506723,1.0,0.0,1.0,125.4662333,0.0,0.0,0.0,0.0,0.0,104.1124384,0.0,0.0,0.0,0.0,0.0,103.952663,0.0,0.0,0.0,0.0,0.0,87.63578389,0.0,0.0,0.0,0.0,0.0,87.63578389,0.0,0.0,0.0,0.0,0.0
diverse_rec,ml20_lambda0.75,0.75,movielens_sample20of200_lambda0.75,20,7,16,57.16487526,57.16487526,56.73813072,55.9850823,0,-4.252069597,solved (0.0 s),solved (0.1 s),1,0,opt,56.22397897,1.0,0.016459343009506723,1.0,0.0,1.0,56.73813072,1.0,0.007465152999268547,0.0,0.0,1.0,,,,,,,43.888100406307174,1.0,0.23225406848710453,1.0,1.0,1.0,56.73813072,1.0,0.007465152999268547,0.0,0.0,1.0,56.22397897,1.0,0.016459343009506723,1.0,0.0,1.0,132.960682,0.0,0.0,0.0,0.0,0.0,104.1124384,0.0,0.0,0.0,0.0,0.0,103.952663,0.0,0.0,0.0,0.0,0.0,87.63578389,0.0,0.0,0.0,0.0,0.0,87.63578389,0.0,0.0,0.0,0.0,0.0
diverse_rec,ml20_lambda0.75,0.75,movielens_sample20of200_lambda0.75,20,7,17,57.16487526,57.16487526,56.73813072,55.95681731,0,-4.252069597,solved (0.0 s),solved (0.1 s),1,0,opt,56.22397897,1.0,0.016459343009506723,1.0,0.0,1.0,56.73813072,1.0,0.007465152999268547,0.0,0.0,1.0,,,,,,,43.888100406307174,1.0,0.23225406848710453,1.0,1.0,1.0,56.73813072,1.0,0.007465152999268547,0.0,0.0,1.0,56.22397897,1.0,0.016459343009506723,1.0,0.0,1.0,140.2700405,0.0,0.0,0.0,0.0,0.0,104.1124384,0.0,0.0,0.0,0.0,0.0,103.952663,0.0,0.0,0.0,0.0,0.0,87.63578389,0.0,0.0,0.0,0.0,0.0,87.63578389,0.0,0.0,0.0,0.0,0.0
diverse_rec,ml20_lambda0.75,0.75,movielens_sample20of200_lambda0.75,20,7,18,57.16487526,57.16487526,56.73813072,55.98583746,0,-4.252069597,solved (0.0 s),solved (0.1 s),1,0,opt,56.22397897,1.0,0.016459343009506723,1.0,0.0,1.0,56.73813072,1.0,0.007465152999268547,0.0,0.0,1.0,,,,,,,43.888100406307174,1.0,0.23225406848710453,1.0,1.0,1.0,56.73813072,1.0,0.007465152999268547,0.0,0.0,1.0,56.22397897,1.0,0.016459343009506723,1.0,0.0,1.0,147.497498,0.0,0.0,0.0,0.0,0.0,104.1124384,0.0,0.0,0.0,0.0,0.0,103.952663,0.0,0.0,0.0,0.0,0.0,87.63578389,0.0,0.0,0.0,0.0,0.0,87.63578389,0.0,0.0,0.0,0.0,0.0
diverse_rec,ml20_lambda0.75,0.75,movielens_sample20of200_lambda0.75,20,7,19,57.16487526,57.16487526,56.73813072,55.96818768,0,-4.252069597,solved (0.0 s),solved (0.1 s),1,0,opt,56.22397897,1.0,0.016459343009506723,1.0,0.0,1.0,56.73813072,1.0,0.007465152999268547,0.0,0.0,1.0,,,,,,,43.888100406307174,1.0,0.23225406848710453,1.0,1.0,1.0,56.73813072,1.0,0.007465152999268547,0.0,0.0,1.0,56.22397897,1.0,0.016459343009506723,1.0,0.0,1.0,154.4388491,0.0,0.0,0.0,0.0,0.0,104.1124384,0.0,0.0,0.0,0.0,0.0,103.952663,0.0,0.0,0.0,0.0,0.0,87.63578389,0.0,0.0,0.0,0.0,0.0,87.63578389,0.0,0.0,0.0,0.0,0.0
diverse_rec,ml20_lambda0.75,0.75,movielens_sample20of200_lambda0.75,20,7,20,57.16487526,57.16487526,56.73813072,55.91270692,0,-4.252069597,solved (0.0 s),solved (0.1 s),1,0,opt,56.22397897,1.0,0.016459343009506723,1.0,0.0,1.0,56.73813072,1.0,0.007465152999268547,0.0,0.0,1.0,,,,,,,43.888100406307174,1.0,0.23225406848710453,1.0,1.0,1.0,56.73813072,1.0,0.007465152999268547,0.0,0.0,1.0,56.22397897,1.0,0.016459343009506723,1.0,0.0,1.0,160.5524016,0.0,0.0,0.0,0.0,0.0,104.1124384,0.0,0.0,0.0,0.0,0.0,103.952663,0.0,0.0,0.0,0.0,0.0,87.63578389,0.0,0.0,0.0,0.0,0.0,87.63578389,0.0,0.0,0.0,0.0,0.0
diverse_rec,ml20_lambda0.75,0.75,movielens_sample20of200_lambda0.75,20,8,1,10.10102075,10.10102075,10.10102075,10.10102075,0,-4.675510376,solved (0.0 s),solved (0.0 s),0,0,opt,10.10102075,0.0,0.0,0.0,0.0,0.0,10.10102075,0.0,0.0,0.0,0.0,0.0,10.101020752263974,0.0,0.0,0.0,0.0,0.0,10.101020752263974,0.0,0.0,0.0,0.0,0.0,10.10102075,0.0,0.0,0.0,0.0,0.0,10.10102075,0.0,0.0,0.0,0.0,0.0,10.10102075,0.0,0.0,0.0,0.0,0.0,10.10102075,0.0,0.0,0.0,0.0,0.0,10.10102075,0.0,0.0,0.0,0.0,0.0,10.10102075,0.0,0.0,0.0,0.0,0.0,10.10102075,0.0,0.0,0.0,0.0,0.0
diverse_rec,ml20_lambda0.75,0.75,movielens_sample20of200_lambda0.75,20,8,2,19.01280064,19.01280064,19.01280064,18.93194263,0,-4.675510376,solved (0.0 s),solved (0.0 s),0,0,opt,19.85685321,0.0,0.0,0.0,0.0,0.0,20.05041109,0.0,0.0,0.0,0.0,0.0,20.019089404533542,0.0,0.0,0.0,0.0,0.0,20.019089404533542,0.0,0.0,0.0,0.0,0.0,19.85685321,0.0,0.0,0.0,0.0,0.0,19.85685321,0.0,0.0,0.0,0.0,0.0,20.05041109,0.0,0.0,0.0,0.0,0.0,20.05041109,0.0,0.0,0.0,0.0,0.0,19.85685321,0.0,0.0,0.0,0.0,0.0,20.02346319,0.0,0.0,0.0,0.0,0.0,20.0190894,0.0,0.0,0.0,0.0,0.0
diverse_rec,ml20_lambda0.75,0.75,movielens_sample20of200_lambda0.75,20,8,3,26.90615379,26.90615379,26.90615379,26.38923882,0,-4.675510376,solved (0.0 s),solved (0.0 s),0,0,opt,29.22152748,0.0,0.0,0.0,0.0,0.0,29.80624355,0.0,0.0,0.0,0.0,0.0,29.625911993105042,0.0,0.0,0.0,0.0,0.0,29.62591199310504,0.0,0.0,0.0,0.0,0.0,29.22152748,0.0,0.0,0.0,0.0,0.0,29.22152748,0.0,0.0,0.0,0.0,0.0,29.80624355,0.0,0.0,0.0,0.0,0.0,29.80624355,0.0,0.0,0.0,0.0,0.0,29.22152748,0.0,0.0,0.0,0.0,0.0,29.64310959,0.0,0.0,0.0,0.0,0.0,29.62591199,0.0,0.0,0.0,0.0,0.0
diverse_rec,ml20_lambda0.75,0.75,movielens_sample20of200_lambda0.75,20,8,4,33.47294039,33.47294039,33.47294039,32.90970387,0,-4.675510376,solved (0.0 s),solved (0.0 s),0,0,opt,38.44989074,0.0,0.0,0.0,0.0,0.0,39.17091782,0.0,0.0,0.0,0.0,0.0,38.79343801415655,0.0,0.0,0.0,0.0,0.0,38.79343801415655,0.0,0.0,0.0,0.0,0.0,38.44989074,0.0,0.0,0.0,0.0,0.0,38.44989074,0.0,0.0,0.0,0.0,0.0,39.17091782,0.0,0.0,0.0,0.0,0.0,39.17091782,0.0,0.0,0.0,0.0,0.0,38.44989074,0.0,0.0,0.0,0.0,0.0,38.80590386,0.0,0.0,0.0,0.0,0.0,38.79343801,0.0,0.0,0.0,0.0,0.0
diverse_rec,ml20_lambda0.75,0.75,movielens_sample20of200_lambda0.75,20,8,5,39.22103393,39.22103393,39.22103393,38.54484827,0,-4.675510376,solved (0.0 s),solved (0.0 s),0,0,opt,47.39880728,0.0,0.0,0.0,0.0,0.0,48.39928108,0.0,0.0,0.0,0.0,0.0,44.900736170172,0.0,0.0,0.0,0.0,0.0,44.900736170172,0.0,0.0,0.0,0.0,0.0,47.39880728,0.0,0.0,0.0,0.0,0.0,47.39880728,0.0,0.0,0.0,0.0,0.0,48.39928108,0.0,0.0,0.0,0.0,0.0,48.39928108,0.0,0.0,0.0,0.0,0.0,47.39880728,0.0,0.0,0.0,0.0,0.0,47.75005132,0.0,0.0,0.0,0.0,0.0,47.68217317,0.0,0.0,0.0,0.0,0.0
diverse_rec,ml20_lambda0.75,0.75,movielens_sample20of200_lambda0.75,20,8,6,44.06078911,44.06078911,44.06078911,43.35358588,0,-4.675510376,solved (0.0 s),solved (0.0 s),0,0,opt,55.93797304,0.0,0.0,0.0,0.0,0.0,57.48054663,0.0,0.0,0.0,0.0,0.0,44.900736170172,0.0,0.0,0.0,0.0,0.0,44.900736170172,0.0,0.0,0.0,0.0,0.0,55.93797304,0.0,0.0,0.0,0.0,0.0,55.93797304,0.0,0.0,0.0,0.0,0.0,57.48054663,0.0,0.0,0.0,0.0,0.0,57.48054663,0.0,0.0,0.0,0.0,0.0,55.93797304,0.0,0.0,0.0,0.0,0.0,56.48197419,0.0,0.0,0.0,0.0,0.0,56.2805114,0.0,0.0,0.0,0.0,0.0
diverse_rec,ml20_lambda0.75,0.75,movielens_sample20of200_lambda0.75,20,8,7,48.20797407,48.20797408,48.20797408,47.36270487,0,-4.675510376,solved (0.0 s),solved (0.0 s),1,0,opt,56.47801509,0.0,0.0,0.0,0.0,0.0,66.42946317,0.0,0.0,0.0,0.0,0.0,,,,,,,44.900736170172,1.0,0.06860354461329879,1.0,1.0,1.0,63.78967477,0.0,0.0,0.0,0.0,0.0,56.59450539,0.0,0.0,0.0,0.0,0.0,66.42946317,0.0,0.0,0.0,0.0,0.0,66.42946317,0.0,0.0,0.0,0.0,0.0,63.78967477,0.0,0.0,0.0,0.0,0.0,65.01926046,0.0,0.0,0.0,0.0,0.0,64.04145162,0.0,0.0,0.0,0.0,0.0
diverse_rec,ml20_lambda0.75,0.75,movielens_sample20of200_lambda0.75,20,8,8,51.47609948,51.47609948,51.47609948,50.54217861,0,-4.675510376,solved (0.0 s),solved (0.0 s),1,0,opt,56.47801509,0.0,0.0,0.0,0.0,0.0,70.58230613,0.0,0.0,0.0,0.0,0.0,,,,,,,44.900736170172,1.0,0.12773623829798378,1.0,1.0,1.0,69.46314401000001,0.0,0.0,0.0,0.0,0.0,56.59450539,0.0,0.0,0.0,0.0,0.0,75.37727243,0.0,0.0,0.0,0.0,0.0,75.37727243,0.0,0.0,0.0,0.0,0.0,71.35036812,0.0,0.0,0.0,0.0,0.0,73.04643852,0.0,0.0,0.0,0.0,0.0,71.49232468,0.0,0.0,0.0,0.0,0.0
diverse_rec,ml20_lambda0.75,0.75,movielens_sample20of200_lambda0.75,20,8,9,53.99559943,53.99559943,53.96015126,53.05302071,0,-4.675510376,solved (0.0 s),solved (0.0 s),1,0,opt,56.47801509,0.0,0.0,0.0,0.0,0.0,69.37581245,0.0,0.0,0.0,0.0,0.0,,,,,,,44.900736170172,1.0,0.16843711998453864,1.0,1.0,1.0,68.38170887000001,0.0,0.0,0.0,0.0,0.0,56.59450539,0.0,0.0,0.0,0.0,0.0,84.15850653,0.0,0.0,0.0,0.0,0.0,84.15850653,0.0,0.0,0.0,0.0,0.0,78.28780299,0.0,0.0,0.0,0.0,0.0,79.93114528,0.0,0.0,0.0,0.0,0.0,78.56194677,0.0,0.0,0.0,0.0,0.0
diverse_rec,ml20_lambda0.75,0.75,movielens_sample20of200_lambda0.75,20,8,10,55.86198716,55.86198716,55.83329625,55.00357725,0,-4.675510376,solved (0.0 s),solved (0.0 s),1,0,opt,56.47801509,0.0,0.0,0.0,0.0,0.0,66.67479264,0.0,0.0,0.0,0.0,0.0,,,,,,,44.900736170172,1.0,0.19622021247530563,1.0,1.0,1.0,64.800996525,0.0,0.0,0.0,0.0,0.0,56.59450539,0.0,0.0,0.0,0.0,0.0,92.72609614,0.0,0.0,0.0,0.0,0.0,92.72609614,0.0,0.0,0.0,0.0,0.0,84.94717888,0.0,0.0,0.0,0.0,0.0,85.85957817,0.0,0.0,0.0,0.0,0.0,84.91473515,0.0,0.0,0.0,0.0,0.0
diverse_rec,ml20_lambda0.75,0.75,movielens_sample20of200_lambda0.75,20,8,11,57.22688781,57.22688781,57.06845296,56.19047079,0,-4.675510376,solved (0.0 s),solved (0.0 s),1,0,opt,56.47801509,1.0,0.01308602911425739,1.0,0.0,1.0,62.48494799,0.0,0.0,0.0,0.0,0.0,,,,,,,44.900736170172,1.0,0.21539091345928632,1.0,1.0,1.0,61.717294958000004,0.0,0.0,0.0,0.0,0.0,56.59450539,1.0,0.011050442269367907,1.0,0.0,1.0,101.2652619,0.0,0.0,0.0,0.0,0.0,101.2652619,0.0,0.0,0.0,0.0,0.0,91.52185753,0.0,0.0,0.0,0.0,0.0,90.67625759,0.0,0.0,0.0,0.0,0.0,90.27084711,0.0,0.0,0.0,0.0,0.0
diverse_rec,ml20_lambda0.75,0.75,movielens_sample20of200_lambda0.75,20,8,12,58.11085953,58.11085953,57.85949056,56.78040887,0,-4.675510376,solved (0.0 s),solved (0.0 s),1,0,opt,56.47801509,1.0,0.028098783139785363,1.0,1.0,1.0,58.75489184,0.0,0.0,0.0,0.0,0.0,,,,,,,44.900736170172,1.0,0.22732624274828028,1.0,1.0,1.0,58.7548918397,0.0,0.0,0.0,0.0,0.0,56.59450539,1.0,0.026094161268035838,1.0,1.0,1.0,109.4243766,0.0,0.0,0.0,0.0,0.0,106.898153,0.0,0.0,0.0,0.0,0.0,97.52382149,0.0,0.0,0.0,0.0,0.0,91.93444353,0.0,0.0,0.0,0.0,0.0,91.93444353,0.0,0.0,0.0,0.0,0.0
diverse_rec,ml20_lambda0.75,0.75,movielens_sample20of200_lambda0.75,20,8,13,58.52295139,58.52295139,58.10435495,57.09384841,0,-4.675510376,solved (0.0 s),solved (0.0 s),1,0,opt,56.47801509,1.0,0.034942467039511406,1.0,1.0,1.0,58.10435495,1.0,0.00715268847619207,0.0,0.0,1.0,,,,,,,44.900736170172,1.0,0.23276705798805064,1.0,1.0,1.0,58.10435495,1.0,0.00715268847619207,0.0,0.0,1.0,56.59450539,1.0,0.03295196079823002,1.0,1.0,1.0,117.3358013,0.0,0.0,0.0,0.0,0.0,106.898153,0.0,0.0,0.0,0.0,0.0,103.2051164,0.0,0.0,0.0,0.0,0.0,89.50415549,0.0,0.0,0.0,0.0,0.0,89.50415549,0.0,0.0,0.0,0.0,0.0
diverse_rec,ml20_lambda0.75,0.75,movielens_sample20of200_lambda0.75,20,8,14,58.63049586,58.63049586,58.10435495,57.23433663,0,-4.675510376,solved (0.0 s),solved (0.0 s),1,0,opt,56.47801509,1.0,0.03671264822899971,1.0,1.0,1.0,58.10435495,1.0,0.008973843769910122,0.0,0.0,1.0,,,,,,,44.900736170172,1.0,0.23417437441792088,1.0,1.0,1.0,58.10435495,1.0,0.008973843769910122,0.0,0.0,1.0,56.59450539,1.0,0.034725793124138205,1.0,1.0,1.0,125.187503,0.0,0.0,0.0,0.0,0.0,106.898153,0.0,0.0,0.0,0.0,0.0,106.7668387,0.0,0.0,0.0,0.0,0.0,89.50415549,0.0,0.0,0.0,0.0,0.0,89.50415549,0.0,0.0,0.0,0.0,0.0
diverse_rec,ml20_lambda0.75,0.75,movielens_sample20of200_lambda0.75,20,8,15,58.63049586,58.63049586,58.10435495,57.27751586,0,-4.675510376,solved (0.0 s),solved (0.0 s),1,0,opt,56.47801509,1.0,0.03671264822899971,1.0,1.0,1.0,58.10435495,1.0,0.008973843769910122,0.0,0.0,1.0,,,,,,,44.900736170172,1.0,0.23417437441792088,1.0,1.0,1.0,58.10435495,1.0,0.008973843769910122,0.0,0.0,1.0,56.59450539,1.0,0.034725793124138205,1.0,1.0,1.0,132.7481964,0.0,0.0,0.0,0.0,0.0,106.898153,0.0,0.0,0.0,0.0,0.0,106.7668387,0.0,0.0,0.0,0.0,0.0,89.50415549,0.0,0.0,0.0,0.0,0.0,89.50415549,0.0,0.0,0.0,0.0,0.0
diverse_rec,ml20_lambda0.75,0.75,movielens_sample20of200_lambda0.75,20,8,16,58.63049586,58.63049586,58.10435495,57.35231799,0,-4.675510376,solved (0.0 s),solved (0.0 s),1,0,opt,56.47801509,1.0,0.03671264822899971,1.0,1.0,1.0,58.10435495,1.0,0.008973843769910122,0.0,0.0,1.0,,,,,,,44.900736170172,1.0,0.23417437441792088,1.0,1.0,1.0,58.10435495,1.0,0.008973843769910122,0.0,0.0,1.0,56.59450539,1.0,0.034725793124138205,1.0,1.0,1.0,139.6856312,0.0,0.0,0.0,0.0,0.0,106.898153,0.0,0.0,0.0,0.0,0.0,106.7668387,0.0,0.0,0.0,0.0,0.0,89.50415549,0.0,0.0,0.0,0.0,0.0,89.50415549,0.0,0.0,0.0,0.0,0.0
diverse_rec,ml20_lambda0.75,0.75,movielens_sample20of200_lambda0.75,20,8,17,58.63049586,58.63049586,58.10435495,57.39117757,0,-4.675510376,solved (0.0 s),solved (0.0 s),1,0,opt,56.47801509,1.0,0.03671264822899971,1.0,1.0,1.0,58.10435495,1.0,0.008973843769910122,0.0,0.0,1.0,,,,,,,44.900736170172,1.0,0.23417437441792088,1.0,1.0,1.0,58.10435495,1.0,0.008973843769910122,0.0,0.0,1.0,56.59450539,1.0,0.034725793124138205,1.0,1.0,1.0,146.3450071,0.0,0.0,0.0,0.0,0.0,106.898153,0.0,0.0,0.0,0.0,0.0,106.7668387,0.0,0.0,0.0,0.0,0.0,89.50415549,0.0,0.0,0.0,0.0,0.0,89.50415549,0.0,0.0,0.0,0.0,0.0
diverse_rec,ml20_lambda0.75,0.75,movielens_sample20of200_lambda0.75,20,8,18,58.63049586,58.63049586,58.10435495,57.3336284,0,-4.675510376,solved (0.0 s),solved (0.0 s),1,0,opt,56.47801509,1.0,0.03671264822899971,1.0,1.0,1.0,58.10435495,1.0,0.008973843769910122,0.0,0.0,1.0,,,,,,,44.900736170172,1.0,0.23417437441792088,1.0,1.0,1.0,58.10435495,1.0,0.008973843769910122,0.0,0.0,1.0,56.59450539,1.0,0.034725793124138205,1.0,1.0,1.0,152.9196858,0.0,0.0,0.0,0.0,0.0,106.898153,0.0,0.0,0.0,0.0,0.0,106.7668387,0.0,0.0,0.0,0.0,0.0,89.50415549,0.0,0.0,0.0,0.0,0.0,89.50415549,0.0,0.0,0.0,0.0,0.0
diverse_rec,ml20_lambda0.75,0.75,movielens_sample20of200_lambda0.75,20,8,19,58.63049586,58.63049586,58.10435495,57.34653216,0,-4.675510376,solved (0.0 s),solved (0.0 s),1,0,opt,56.47801509,1.0,0.03671264822899971,1.0,1.0,1.0,58.10435495,1.0,0.008973843769910122,0.0,0.0,1.0,,,,,,,44.900736170172,1.0,0.23417437441792088,1.0,1.0,1.0,58.10435495,1.0,0.008973843769910122,0.0,0.0,1.0,56.59450539,1.0,0.034725793124138205,1.0,1.0,1.0,158.9216497,0.0,0.0,0.0,0.0,0.0,106.898153,0.0,0.0,0.0,0.0,0.0,106.7668387,0.0,0.0,0.0,0.0,0.0,89.50415549,0.0,0.0,0.0,0.0,0.0,89.50415549,0.0,0.0,0.0,0.0,0.0
diverse_rec,ml20_lambda0.75,0.75,movielens_sample20of200_lambda0.75,20,8,20,58.63049586,58.63049586,58.10435495,57.38253695,0,-4.675510376,solved (0.0 s),solved (0.0 s),1,0,opt,56.47801509,1.0,0.03671264822899971,1.0,1.0,1.0,58.10435495,1.0,0.008973843769910122,0.0,0.0,1.0,,,,,,,44.900736170172,1.0,0.23417437441792088,1.0,1.0,1.0,58.10435495,1.0,0.008973843769910122,0.0,0.0,1.0,56.59450539,1.0,0.034725793124138205,1.0,1.0,1.0,164.6029447,0.0,0.0,0.0,0.0,0.0,106.898153,0.0,0.0,0.0,0.0,0.0,106.7668387,0.0,0.0,0.0,0.0,0.0,89.50415549,0.0,0.0,0.0,0.0,0.0,89.50415549,0.0,0.0,0.0,0.0,0.0
diverse_rec,ml20_lambda0.75,0.75,movielens_sample20of200_lambda0.75,20,9,1,9.394608638,9.394608638,9.394608638,9.394608638,0,-4.322304319,solved (0.1 s),solved (0.0 s),0,0,opt,9.394608638,0.0,0.0,0.0,0.0,0.0,9.394608638,0.0,0.0,0.0,0.0,0.0,9.394608637682438,0.0,0.0,0.0,0.0,0.0,9.394608637682438,0.0,0.0,0.0,0.0,0.0,9.394608638,0.0,0.0,0.0,0.0,0.0,9.394608638,0.0,0.0,0.0,0.0,0.0,9.394608638,0.0,0.0,0.0,0.0,0.0,9.394608638,0.0,0.0,0.0,0.0,0.0,9.394608638,0.0,0.0,0.0,0.0,0.0,9.394608638,0.0,0.0,0.0,0.0,0.0,9.394608638,0.0,0.0,0.0,0.0,0.0
diverse_rec,ml20_lambda0.75,0.75,movielens_sample20of200_lambda0.75,20,9,2,17.14063519,17.14063519,17.14063519,17.02368366,0,-4.322304319,solved (0.1 s),solved (0.0 s),0,0,opt,18.08562432,0.0,0.0,0.0,0.0,0.0,18.16643232,0.0,0.0,0.0,0.0,0.0,18.10742990185253,0.0,0.0,0.0,0.0,0.0,18.10742990185253,0.0,0.0,0.0,0.0,0.0,18.08562432,0.0,0.0,0.0,0.0,0.0,18.08562432,0.0,0.0,0.0,0.0,0.0,18.16643232,0.0,0.0,0.0,0.0,0.0,18.16643232,0.0,0.0,0.0,0.0,0.0,18.08562432,0.0,0.0,0.0,0.0,0.0,18.10935371,0.0,0.0,0.0,0.0,0.0,18.1074299,0.0,0.0,0.0,0.0,0.0
diverse_rec,ml20_lambda0.75,0.75,movielens_sample20of200_lambda0.75,20,9,3,24.03421507,24.03421507,24.03421507,23.75162753,0,-4.322304319,solved (0.1 s),solved (0.0 s),0,0,opt,26.55899576,0.0,0.0,0.0,0.0,0.0,26.857448,0.0,0.0,0.0,0.0,0.0,26.673282735804914,0.0,0.0,0.0,0.0,0.0,26.673282735804914,0.0,0.0,0.0,0.0,0.0,26.55899576,0.0,0.0,0.0,0.0,0.0,26.55899576,0.0,0.0,0.0,0.0,0.0,26.857448,0.0,0.0,0.0,0.0,0.0,26.857448,0.0,0.0,0.0,0.0,0.0,26.55899576,0.0,0.0,0.0,0.0,0.0,26.68304688,0.0,0.0,0.0,0.0,0.0,26.67328274,0.0,0.0,0.0,0.0,0.0
diverse_rec,ml20_lambda0.75,0.75,movielens_sample20of200_lambda0.75,20,9,4,30.10799143,30.10799143,30.10799143,29.74286948,0,-4.322304319,solved (0.1 s),solved (0.0 s),0,0,opt,34.85655128,0.0,0.0,0.0,0.0,0.0,35.33081944,0.0,0.0,0.0,0.0,0.0,34.9437299119292,0.0,0.0,0.0,0.0,0.0,34.9437299119292,0.0,0.0,0.0,0.0,0.0,34.85655128,0.0,0.0,0.0,0.0,0.0,34.85655128,0.0,0.0,0.0,0.0,0.0,35.33081944,0.0,0.0,0.0,0.0,0.0,35.33081944,0.0,0.0,0.0,0.0,0.0,34.85655128,0.0,0.0,0.0,0.0,0.0,34.96162606,0.0,0.0,0.0,0.0,0.0,34.94372991,0.0,0.0,0.0,0.0,0.0
diverse_rec,ml20_lambda0.75,0.75,movielens_sample20of200_lambda0.75,20,9,5,35.38570925,35.38570925,35.38570925,34.96691582,0,-4.322304319,solved (0.1 s),solved (0.0 s),0,0,opt,42.95080874,0.0,0.0,0.0,0.0,0.0,43.62837496,0.0,0.0,0.0,0.0,0.0,42.078948861716775,0.0,0.0,0.0,0.0,0.0,42.078948861716775,0.0,0.0,0.0,0.0,0.0,42.95080874,0.0,0.0,0.0,0.0,0.0,42.95080874,0.0,0.0,0.0,0.0,0.0,43.62837496,0.0,0.0,0.0,0.0,0.0,43.62837496,0.0,0.0,0.0,0.0,0.0,42.95080874,0.0,0.0,0.0,0.0,0.0,43.09269282,0.0,0.0,0.0,0.0,0.0,43.02277813,0.0,0.0,0.0,0.0,0.0
diverse_rec,ml20_lambda0.75,0.75,movielens_sample20of200_lambda0.75,20,9,6,39.96269213,39.96269213,39.96269213,39.44505922,0,-4.322304319,solved (0.1 s),solved (0.0 s),0,0,opt,50.54214599,0.0,0.0,0.0,0.0,0.0,51.88664588,0.0,0.0,0.0,0.0,0.0,42.078948861716775,0.0,0.0,0.0,0.0,0.0,42.078948861716775,0.0,0.0,0.0,0.0,0.0,50.54214599,0.0,0.0,0.0,0.0,0.0,50.54214599,0.0,0.0,0.0,0.0,0.0,51.88664588,0.0,0.0,0.0,0.0,0.0,51.88664588,0.0,0.0,0.0,0.0,0.0,50.54214599,0.0,0.0,0.0,0.0,0.0,50.90683286,0.0,0.0,0.0,0.0,0.0,50.58983975,0.0,0.0,0.0,0.0,0.0
diverse_rec,ml20_lambda0.75,0.75,movielens_sample20of200_lambda0.75,20,9,7,43.97257326,43.97257326,43.93730612,43.26392717,0,-4.322304319,solved (0.1 s),solved (0.0 s),1,0,opt,53.77387923,0.0,0.0,0.0,0.0,0.0,59.98090334,0.0,0.0,0.0,0.0,0.0,,,,,,,42.078948861716775,1.0,0.04306376129244574,1.0,1.0,1.0,57.70424745,0.0,0.0,0.0,0.0,0.0,53.77387923,0.0,0.0,0.0,0.0,0.0,59.98090334,0.0,0.0,0.0,0.0,0.0,59.98090334,0.0,0.0,0.0,0.0,0.0,57.70424745,0.0,0.0,0.0,0.0,0.0,58.2404517,0.0,0.0,0.0,0.0,0.0,57.80971428,0.0,0.0,0.0,0.0,0.0
diverse_rec,ml20_lambda0.75,0.75,movielens_sample20of200_lambda0.75,20,9,8,47.23817524,47.23817524,47.21035331,46.42387831,0,-4.322304319,solved (0.1 s),solved (0.0 s),1,0,opt,53.77387923,0.0,0.0,0.0,0.0,0.0,66.97575267,0.0,0.0,0.0,0.0,0.0,,,,,,,42.078948861716775,1.0,0.10921730892590724,1.0,1.0,1.0,64.84789282,0.0,0.0,0.0,0.0,0.0,53.77387923,0.0,0.0,0.0,0.0,0.0,67.67104417,0.0,0.0,0.0,0.0,0.0,67.67104417,0.0,0.0,0.0,0.0,0.0,64.84789282,0.0,0.0,0.0,0.0,0.0,65.47848172,0.0,0.0,0.0,0.0,0.0,64.77277337,0.0,0.0,0.0,0.0,0.0
diverse_rec,ml20_lambda0.75,0.75,movielens_sample20of200_lambda0.75,20,9,9,49.74810246,49.74810246,49.74487527,49.02103306,0,-4.322304319,solved (0.1 s),solved (0.0 s),1,0,opt,53.77387923,0.0,0.0,0.0,0.0,0.0,66.62606137,0.0,0.0,0.0,0.0,0.0,,,,,,,42.078948861716775,1.0,0.15415972105568473,1.0,1.0,1.0,65.46486773000001,0.0,0.0,0.0,0.0,0.0,53.77387923,0.0,0.0,0.0,0.0,0.0,75.29141386,0.0,0.0,0.0,0.0,0.0,75.29141386,0.0,0.0,0.0,0.0,0.0,71.9699061,0.0,0.0,0.0,0.0,0.0,72.51137909,0.0,0.0,0.0,0.0,0.0,71.61096679,0.0,0.0,0.0,0.0,0.0
diverse_rec,ml20_lambda0.75,0.75,movielens_sample20of200_lambda0.75,20,9,10,51.75998424,51.75998424,51.73409452,51.0205857,0,-4.322304319,solved (0.1 s),solved (0.0 s),1,0,opt,53.77387923,0.0,0.0,0.0,0.0,0.0,64.34563293,0.0,0.0,0.0,0.0,0.0,,,,,,,42.078948861716775,1.0,0.18703706193947686,1.0,1.0,1.0,62.064102739999996,0.0,0.0,0.0,0.0,0.0,53.77387923,0.0,0.0,0.0,0.0,0.0,82.88275111,0.0,0.0,0.0,0.0,0.0,82.88275111,0.0,0.0,0.0,0.0,0.0,79.04256295,0.0,0.0,0.0,0.0,0.0,78.79841983,0.0,0.0,0.0,0.0,0.0,78.25727594,0.0,0.0,0.0,0.0,0.0
diverse_rec,ml20_lambda0.75,0.75,movielens_sample20of200_lambda0.75,20,9,11,53.19889871,53.19889871,53.12436762,52.34100749,0,-4.322304319,solved (0.1 s),solved (0.0 s),1,0,opt,53.77387923,0.0,0.0,0.0,0.0,0.0,59.76935318,0.0,0.0,0.0,0.0,0.0,,,,,,,42.078948861716775,1.0,0.20902594072296024,1.0,1.0,1.0,58.994123498,0.0,0.0,0.0,0.0,0.0,53.77387923,0.0,0.0,0.0,0.0,0.0,90.42401313,0.0,0.0,0.0,0.0,0.0,90.42401313,0.0,0.0,0.0,0.0,0.0,85.78157546,0.0,0.0,0.0,0.0,0.0,84.49783605,0.0,0.0,0.0,0.0,0.0,84.13815227,0.0,0.0,0.0,0.0,0.0
diverse_rec,ml20_lambda0.75,0.75,movielens_sample20of200_lambda0.75,20,9,12,54.14413045,54.14413045,54.03952627,52.94288854,0,-4.322304319,solved (0.1 s),solved (0.0 s),1,0,opt,53.77387923,1.0,0.006838252215388568,1.0,0.0,1.0,55.85968828,0.0,0.0,0.0,0.0,0.0,,,,,,,42.078948861716775,1.0,0.22283452496157363,1.0,1.0,1.0,55.749920493000005,0.0,0.0,0.0,0.0,0.0,53.77387923,1.0,0.006838252215388568,1.0,0.0,1.0,97.95697449,0.0,0.0,0.0,0.0,0.0,97.95697449,0.0,0.0,0.0,0.0,0.0,92.20177034,0.0,0.0,0.0,0.0,0.0,86.34505734,0.0,0.0,0.0,0.0,0.0,86.27151192,0.0,0.0,0.0,0.0,0.0
diverse_rec,ml20_lambda0.75,0.75,movielens_sample20of200_lambda0.75,20,9,13,54.59989091,54.59989091,54.40122307,53.2134589,0,-4.322304319,solved (0.1 s),solved (0.0 s),1,0,opt,53.77387923,1.0,0.015128449274039045,1.0,0.0,1.0,54.40122307,1.0,0.003638612398099365,0.0,0.0,1.0,,,,,,,42.078948861716775,1.0,0.2293217411170689,1.0,1.0,1.0,54.40122307,1.0,0.003638612398099365,0.0,0.0,1.0,53.77387923,1.0,0.015128449274039045,1.0,0.0,1.0,105.3046303,0.0,0.0,0.0,0.0,0.0,99.27626918,0.0,0.0,0.0,0.0,0.0,98.55331114,0.0,0.0,0.0,0.0,0.0,83.75699653,0.0,0.0,0.0,0.0,0.0,83.75699653,0.0,0.0,0.0,0.0,0.0
diverse_rec,ml20_lambda0.75,0.75,movielens_sample20of200_lambda0.75,20,9,14,54.65950415,54.65950415,54.40122307,53.35208612,0,-4.322304319,solved (0.1 s),solved (0.0 s),1,0,opt,53.77387923,1.0,0.01620257874220028,1.0,0.0,1.0,54.40122307,1.0,0.004725273015488857,0.0,0.0,1.0,,,,,,,42.078948861716775,1.0,0.23016226517091853,1.0,1.0,1.0,54.40122307,1.0,0.004725273015488857,0.0,0.0,1.0,53.77387923,1.0,0.01620257874220028,1.0,0.0,1.0,112.4667318,0.0,0.0,0.0,0.0,0.0,99.27626918,0.0,0.0,0.0,0.0,0.0,99.16650139,0.0,0.0,0.0,0.0,0.0,83.75699653,0.0,0.0,0.0,0.0,0.0,83.75699653,0.0,0.0,0.0,0.0,0.0
diverse_rec,ml20_lambda0.75,0.75,movielens_sample20of200_lambda0.75,20,9,15,54.65950415,54.65950415,54.40122307,53.43832484,0,-4.322304319,solved (0.1 s),solved (0.0 s),1,0,opt,53.77387923,1.0,0.01620257874220028,1.0,0.0,1.0,54.40122307,1.0,0.004725273015488857,0.0,0.0,1.0,,,,,,,42.078948861716775,1.0,0.23016226517091853,1.0,1.0,1.0,54.40122307,1.0,0.004725273015488857,0.0,0.0,1.0,53.77387923,1.0,0.01620257874220028,1.0,0.0,1.0,119.6103771,0.0,0.0,0.0,0.0,0.0,99.27626918,0.0,0.0,0.0,0.0,0.0,99.16650139,0.0,0.0,0.0,0.0,0.0,83.75699653,0.0,0.0,0.0,0.0,0.0,83.75699653,0.0,0.0,0.0,0.0,0.0
diverse_rec,ml20_lambda0.75,0.75,movielens_sample20of200_lambda0.75,20,9,16,54.65950415,54.65950415,54.40122307,53.46615616,0,-4.322304319,solved (0.1 s),solved (0.0 s),1,0,opt,53.77387923,1.0,0.01620257874220028,1.0,0.0,1.0,54.40122307,1.0,0.004725273015488857,0.0,0.0,1.0,,,,,,,42.078948861716775,1.0,0.23016226517091853,1.0,1.0,1.0,54.40122307,1.0,0.004725273015488857,0.0,0.0,1.0,53.77387923,1.0,0.01620257874220028,1.0,0.0,1.0,126.7323904,0.0,0.0,0.0,0.0,0.0,99.27626918,0.0,0.0,0.0,0.0,0.0,99.16650139,0.0,0.0,0.0,0.0,0.0,83.75699653,0.0,0.0,0.0,0.0,0.0,83.75699653,0.0,0.0,0.0,0.0,0.0
diverse_rec,ml20_lambda0.75,0.75,movielens_sample20of200_lambda0.75,20,9,17,54.65950415,54.65950415,54.40122307,53.51748319,0,-4.322304319,solved (0.1 s),solved (0.0 s),1,0,opt,53.77387923,1.0,0.01620257874220028,1.0,0.0,1.0,54.40122307,1.0,0.004725273015488857,0.0,0.0,1.0,,,,,,,42.078948861716775,1.0,0.23016226517091853,1.0,1.0,1.0,54.40122307,1.0,0.004725273015488857,0.0,0.0,1.0,53.77387923,1.0,0.01620257874220028,1.0,0.0,1.0,133.8050473,0.0,0.0,0.0,0.0,0.0,99.27626918,0.0,0.0,0.0,0.0,0.0,99.16650139,0.0,0.0,0.0,0.0,0.0,83.75699653,0.0,0.0,0.0,0.0,0.0,83.75699653,0.0,0.0,0.0,0.0,0.0
diverse_rec,ml20_lambda0.75,0.75,movielens_sample20of200_lambda0.75,20,9,18,54.65950415,54.65950415,54.40122307,53.52511551,0,-4.322304319,solved (0.1 s),solved (0.0 s),1,0,opt,53.77387923,1.0,0.01620257874220028,1.0,0.0,1.0,54.40122307,1.0,0.004725273015488857,0.0,0.0,1.0,,,,,,,42.078948861716775,1.0,0.23016226517091853,1.0,1.0,1.0,54.40122307,1.0,0.004725273015488857,0.0,0.0,1.0,53.77387923,1.0,0.01620257874220028,1.0,0.0,1.0,140.5440598,0.0,0.0,0.0,0.0,0.0,99.27626918,0.0,0.0,0.0,0.0,0.0,99.16650139,0.0,0.0,0.0,0.0,0.0,83.75699653,0.0,0.0,0.0,0.0,0.0,83.75699653,0.0,0.0,0.0,0.0,0.0
diverse_rec,ml20_lambda0.75,0.75,movielens_sample20of200_lambda0.75,20,9,19,54.65950415,54.65950415,54.40122307,53.53775392,0,-4.322304319,solved (0.1 s),solved (0.0 s),1,0,opt,53.77387923,1.0,0.01620257874220028,1.0,0.0,1.0,54.40122307,1.0,0.004725273015488857,0.0,0.0,1.0,,,,,,,42.078948861716775,1.0,0.23016226517091853,1.0,1.0,1.0,54.40122307,1.0,0.004725273015488857,0.0,0.0,1.0,53.77387923,1.0,0.01620257874220028,1.0,0.0,1.0,146.9642546,0.0,0.0,0.0,0.0,0.0,99.27626918,0.0,0.0,0.0,0.0,0.0,99.16650139,0.0,0.0,0.0,0.0,0.0,83.75699653,0.0,0.0,0.0,0.0,0.0,83.75699653,0.0,0.0,0.0,0.0,0.0
diverse_rec,ml20_lambda0.75,0.75,movielens_sample20of200_lambda0.75,20,9,20,54.65950415,54.65950415,54.40122307,53.49996126,0,-4.322304319,solved (0.1 s),solved (0.0 s),1,0,opt,53.77387923,1.0,0.01620257874220028,1.0,0.0,1.0,54.40122307,1.0,0.004725273015488857,0.0,0.0,1.0,,,,,,,42.078948861716775,1.0,0.23016226517091853,1.0,1.0,1.0,54.40122307,1.0,0.004725273015488857,0.0,0.0,1.0,53.77387923,1.0,0.01620257874220028,1.0,0.0,1.0,153.3157954,0.0,0.0,0.0,0.0,0.0,99.27626918,0.0,0.0,0.0,0.0,0.0,99.16650139,0.0,0.0,0.0,0.0,0.0,83.75699653,0.0,0.0,0.0,0.0,0.0,83.75699653,0.0,0.0,0.0,0.0,0.0
diverse_rec,ml20_lambda1.0,1.0,movielens_sample20of200_lambda1.0,20,0,1,8.519434616,8.519434616,8.519434616,8.519434616,0,-8.519434616,solved (0.0 s),solved (0.0 s),1,0,opt,8.519434616,0.0,0.0,0.0,0.0,0.0,8.519434616,0.0,0.0,0.0,0.0,0.0,,,,,,,-0.0,1.0,1.0,1.0,1.0,1.0,8.519434616,0.0,0.0,0.0,0.0,0.0,8.519434616,0.0,0.0,0.0,0.0,0.0,8.519434616,0.0,0.0,0.0,0.0,0.0,8.519434616,0.0,0.0,0.0,0.0,0.0,8.519434616,0.0,0.0,0.0,0.0,0.0,8.519434616,0.0,0.0,0.0,0.0,0.0,8.519434616,0.0,0.0,0.0,0.0,0.0
diverse_rec,ml20_lambda1.0,1.0,movielens_sample20of200_lambda1.0,20,0,2,15.87853342,15.87853342,15.87853342,15.46395093,0,-8.519434616,solved (0.0 s),solved (0.0 s),1,0,opt,15.97125586,0.0,0.0,0.0,0.0,0.0,17.00844685,0.0,0.0,0.0,0.0,0.0,,,,,,,-0.0,1.0,1.0,1.0,1.0,1.0,15.97125586,0.0,0.0,0.0,0.0,0.0,15.97125586,0.0,0.0,0.0,0.0,0.0,17.00844685,0.0,0.0,0.0,0.0,0.0,17.00844685,0.0,0.0,0.0,0.0,0.0,15.97125586,0.0,0.0,0.0,0.0,0.0,16.92910775,0.0,0.0,0.0,0.0,0.0,16.86854363,0.0,0.0,0.0,0.0,0.0
diverse_rec,ml20_lambda1.0,1.0,movielens_sample20of200_lambda1.0,20,0,3,21.47397619,21.47397619,21.47397619,20.91964021,0,-8.519434616,solved (0.0 s),solved (0.0 s),1,0,opt,23.32306385,0.0,0.0,0.0,0.0,0.0,24.4602681,0.0,0.0,0.0,0.0,0.0,,,,,,,-0.0,1.0,1.0,1.0,1.0,1.0,23.32306385,0.0,0.0,0.0,0.0,0.0,23.32306385,0.0,0.0,0.0,0.0,0.0,24.4602681,0.0,0.0,0.0,0.0,0.0,24.4602681,0.0,0.0,0.0,0.0,0.0,23.32306385,0.0,0.0,0.0,0.0,0.0,24.22978341,0.0,0.0,0.0,0.0,0.0,24.21307131,0.0,0.0,0.0,0.0,0.0
diverse_rec,ml20_lambda1.0,1.0,movielens_sample20of200_lambda1.0,20,0,4,26.19750233,26.19750233,26.19750233,25.53158747,0,-8.519434616,solved (0.0 s),solved (0.0 s),1,0,opt,30.64034206,0.0,0.0,0.0,0.0,0.0,31.81207609,0.0,0.0,0.0,0.0,0.0,,,,,,,-0.0,1.0,1.0,1.0,1.0,1.0,30.64034206,0.0,0.0,0.0,0.0,0.0,30.64034206,0.0,0.0,0.0,0.0,0.0,31.81207609,0.0,0.0,0.0,0.0,0.0,31.81207609,0.0,0.0,0.0,0.0,0.0,30.64034206,0.0,0.0,0.0,0.0,0.0,31.41805412,0.0,0.0,0.0,0.0,0.0,31.40875486,0.0,0.0,0.0,0.0,0.0
diverse_rec,ml20_lambda1.0,1.0,movielens_sample20of200_lambda1.0,20,0,5,29.99436819,29.99436819,29.99436819,29.3645543,0,-8.519434616,solved (0.0 s),solved (0.0 s),1,0,opt,36.25440244,0.0,0.0,0.0,0.0,0.0,39.1625955,0.0,0.0,0.0,0.0,0.0,,,,,,,-0.0,1.0,1.0,1.0,1.0,1.0,37.64250245,0.0,0.0,0.0,0.0,0.0,36.25440244,0.0,0.0,0.0,0.0,0.0,39.1625955,0.0,0.0,0.0,0.0,0.0,39.1625955,0.0,0.0,0.0,0.0,0.0,37.64250245,0.0,0.0,0.0,0.0,0.0,38.57764554,0.0,0.0,0.0,0.0,0.0,38.44153245,0.0,0.0,0.0,0.0,0.0
diverse_rec,ml20_lambda1.0,1.0,movielens_sample20of200_lambda1.0,20,0,6,33.0987563,33.0987563,33.0987563,32.45859093,0,-8.519434616,solved (0.0 s),solved (0.0 s),1,0,opt,36.25440244,0.0,0.0,0.0,0.0,0.0,46.21365462,0.0,0.0,0.0,0.0,0.0,,,,,,,-0.0,1.0,1.0,1.0,1.0,1.0,44.64261013,0.0,0.0,0.0,0.0,0.0,36.25440244,0.0,0.0,0.0,0.0,0.0,46.47987372,0.0,0.0,0.0,0.0,0.0,46.47987372,0.0,0.0,0.0,0.0,0.0,44.64261013,0.0,0.0,0.0,0.0,0.0,45.69830933,0.0,0.0,0.0,0.0,0.0,45.29316917,0.0,0.0,0.0,0.0,0.0
diverse_rec,ml20_lambda1.0,1.0,movielens_sample20of200_lambda1.0,20,0,7,35.35956434,35.35956434,35.35956434,34.77546575,0,-8.519434616,solved (0.0 s),solved (0.0 s),1,0,opt,36.25440244,0.0,0.0,0.0,0.0,0.0,45.15059814,0.0,0.0,0.0,0.0,0.0,,,,,,,-0.0,1.0,1.0,1.0,1.0,1.0,44.855437728,0.0,0.0,0.0,0.0,0.0,36.25440244,0.0,0.0,0.0,0.0,0.0,53.74544415,0.0,0.0,0.0,0.0,0.0,53.74544415,0.0,0.0,0.0,0.0,0.0,51.57573724,0.0,0.0,0.0,0.0,0.0,52.77658937,0.0,0.0,0.0,0.0,0.0,52.08958969,0.0,0.0,0.0,0.0,0.0
diverse_rec,ml20_lambda1.0,1.0,movielens_sample20of200_lambda1.0,20,0,8,36.90050629,36.90050629,36.87746753,36.34778336,0,-8.519434616,solved (0.0 s),solved (0.0 s),1,0,opt,36.25440244,1.0,0.017509349192184293,1.0,1.0,1.0,42.42323703,0.0,0.0,0.0,0.0,0.0,,,,,,,-0.0,1.0,1.0,1.0,1.0,1.0,42.257130313999994,0.0,0.0,0.0,0.0,0.0,36.25440244,1.0,0.017509349192184293,1.0,1.0,1.0,61.00020786,0.0,0.0,0.0,0.0,0.0,61.00020786,0.0,0.0,0.0,0.0,0.0,58.41470265,0.0,0.0,0.0,0.0,0.0,59.6823888,0.0,0.0,0.0,0.0,0.0,58.81268731,0.0,0.0,0.0,0.0,0.0
diverse_rec,ml20_lambda1.0,1.0,movielens_sample20of200_lambda1.0,20,0,9,37.70445801,37.70445801,37.70178892,37.16289153,0,-8.519434616,solved (0.0 s),solved (0.0 s),1,0,opt,36.25440244,1.0,0.03845846476868647,1.0,1.0,1.0,37.77503315,0.0,0.0,0.0,0.0,0.0,,,,,,,-0.0,1.0,1.0,1.0,1.0,1.0,37.77503314253,0.0,0.0,0.0,0.0,0.0,36.25440244,1.0,0.03845846476868647,1.0,1.0,1.0,68.22172592,0.0,0.0,0.0,0.0,0.0,68.22172592,0.0,0.0,0.0,0.0,0.0,65.18031823,0.0,0.0,0.0,0.0,0.0,66.37962766,0.0,0.0,0.0,0.0,0.0,65.44138023,0.0,0.0,0.0,0.0,0.0
diverse_rec,ml20_lambda1.0,1.0,movielens_sample20of200_lambda1.0,20,0,10,37.97333947,37.97333947,37.76462946,37.29549845,0,-8.519434616,solved (0.0 s),solved (0.0 s),1,0,opt,36.25440244,1.0,0.04526694396625316,1.0,1.0,1.0,37.76462946,1.0,0.0054962247964755375,0.0,0.0,1.0,,,,,,,-0.0,1.0,1.0,1.0,1.0,1.0,37.76462946,1.0,0.0054962247964755375,0.0,0.0,1.0,36.25440244,1.0,0.04526694396625316,1.0,1.0,1.0,75.2238863,0.0,0.0,0.0,0.0,0.0,75.2238863,0.0,0.0,0.0,0.0,0.0,71.80975944,0.0,0.0,0.0,0.0,0.0,72.88004567,0.0,0.0,0.0,0.0,0.0,71.94072764,0.0,0.0,0.0,0.0,0.0
diverse_rec,ml20_lambda1.0,1.0,movielens_sample20of200_lambda1.0,20,0,11,37.97333947,37.97333947,37.76462946,37.25735593,0,-8.519434616,solved (0.0 s),solved (0.0 s),1,0,opt,36.25440244,1.0,0.04526694396625316,1.0,1.0,1.0,37.76462946,1.0,0.0054962247964755375,0.0,0.0,1.0,,,,,,,-0.0,1.0,1.0,1.0,1.0,1.0,37.76462946,1.0,0.0054962247964755375,0.0,0.0,1.0,36.25440244,1.0,0.04526694396625316,1.0,1.0,1.0,82.22399398,0.0,0.0,0.0,0.0,0.0,82.22399398,0.0,0.0,0.0,0.0,0.0,78.36333155,0.0,0.0,0.0,0.0,0.0,78.90621755,0.0,0.0,0.0,0.0,0.0,78.25531489,0.0,0.0,0.0,0.0,0.0
diverse_rec,ml20_lambda1.0,1.0,movielens_sample20of200_lambda1.0,20,0,12,37.97333947,37.97333947,37.76462946,37.21378837,0,-8.519434616,solved (0.0 s),solved (0.0 s),1,0,opt,36.25440244,1.0,0.04526694396625316,1.0,1.0,1.0,37.76462946,1.0,0.0054962247964755375,0.0,0.0,1.0,,,,,,,-0.0,1.0,1.0,1.0,1.0,1.0,37.76462946,1.0,0.0054962247964755375,0.0,0.0,1.0,36.25440244,1.0,0.04526694396625316,1.0,1.0,1.0,89.1571211,0.0,0.0,0.0,0.0,0.0,89.1571211,0.0,0.0,0.0,0.0,0.0,84.88785046,0.0,0.0,0.0,0.0,0.0,83.95261479,0.0,0.0,0.0,0.0,0.0,83.73160093,0.0,0.0,0.0,0.0,0.0
diverse_rec,ml20_lambda1.0,1.0,movielens_sample20of200_lambda1.0,20,0,13,37.97333947,37.97333947,37.76462946,37.18197466,0,-8.519434616,solved (0.0 s),solved (0.0 s),1,0,opt,36.25440244,1.0,0.04526694396625316,1.0,1.0,1.0,37.76462946,1.0,0.0054962247964755375,0.0,0.0,1.0,,,,,,,-0.0,1.0,1.0,1.0,1.0,1.0,37.76462946,1.0,0.0054962247964755375,0.0,0.0,1.0,36.25440244,1.0,0.04526694396625316,1.0,1.0,1.0,95.99608651,0.0,0.0,0.0,0.0,0.0,95.99608651,0.0,0.0,0.0,0.0,0.0,91.28704908,0.0,0.0,0.0,0.0,0.0,85.33126863,0.0,0.0,0.0,0.0,0.0,85.33126863,0.0,0.0,0.0,0.0,0.0
diverse_rec,ml20_lambda1.0,1.0,movielens_sample20of200_lambda1.0,20,0,14,37.97333947,37.97333947,37.76462946,37.15553866,0,-8.519434616,solved (0.0 s),solved (0.0 s),1,0,opt,36.25440244,1.0,0.04526694396625316,1.0,1.0,1.0,37.76462946,1.0,0.0054962247964755375,0.0,0.0,1.0,,,,,,,-0.0,1.0,1.0,1.0,1.0,1.0,37.76462946,1.0,0.0054962247964755375,0.0,0.0,1.0,36.25440244,1.0,0.04526694396625316,1.0,1.0,1.0,102.7617021,0.0,0.0,0.0,0.0,0.0,102.7617021,0.0,0.0,0.0,0.0,0.0,97.38206754,0.0,0.0,0.0,0.0,0.0,85.33126863,0.0,0.0,0.0,0.0,0.0,85.33126863,0.0,0.0,0.0,0.0,0.0
diverse_rec,ml20_lambda1.0,1.0,movielens_sample20of200_lambda1.0,20,0,15,37.97333947,37.97333947,37.76462946,37.11560215,0,-8.519434616,solved (0.0 s),solved (0.0 s),1,0,opt,36.25440244,1.0,0.04526694396625316,1.0,1.0,1.0,37.76462946,1.0,0.0054962247964755375,0.0,0.0,1.0,,,,,,,-0.0,1.0,1.0,1.0,1.0,1.0,37.76462946,1.0,0.0054962247964755375,0.0,0.0,1.0,36.25440244,1.0,0.04526694396625316,1.0,1.0,1.0,109.3911433,0.0,0.0,0.0,0.0,0.0,103.6879155,0.0,0.0,0.0,0.0,0.0,103.1993997,0.0,0.0,0.0,0.0,0.0,85.33126863,0.0,0.0,0.0,0.0,0.0,85.33126863,0.0,0.0,0.0,0.0,0.0
diverse_rec,ml20_lambda1.0,1.0,movielens_sample20of200_lambda1.0,20,0,16,37.97333947,37.97333947,37.76462946,37.13253858,0,-8.519434616,solved (0.0 s),solved (0.0 s),1,0,opt,36.25440244,1.0,0.04526694396625316,1.0,1.0,1.0,37.76462946,1.0,0.0054962247964755375,0.0,0.0,1.0,,,,,,,-0.0,1.0,1.0,1.0,1.0,1.0,37.76462946,1.0,0.0054962247964755375,0.0,0.0,1.0,36.25440244,1.0,0.04526694396625316,1.0,1.0,1.0,115.9447154,0.0,0.0,0.0,0.0,0.0,103.6879155,0.0,0.0,0.0,0.0,0.0,103.2839363,0.0,0.0,0.0,0.0,0.0,85.33126863,0.0,0.0,0.0,0.0,0.0,85.33126863,0.0,0.0,0.0,0.0,0.0
diverse_rec,ml20_lambda1.0,1.0,movielens_sample20of200_lambda1.0,20,0,17,37.97333947,37.97333947,37.76462946,37.12524476,0,-8.519434616,solved (0.0 s),solved (0.0 s),1,0,opt,36.25440244,1.0,0.04526694396625316,1.0,1.0,1.0,37.76462946,1.0,0.0054962247964755375,0.0,0.0,1.0,,,,,,,-0.0,1.0,1.0,1.0,1.0,1.0,37.76462946,1.0,0.0054962247964755375,0.0,0.0,1.0,36.25440244,1.0,0.04526694396625316,1.0,1.0,1.0,122.4692343,0.0,0.0,0.0,0.0,0.0,103.6879155,0.0,0.0,0.0,0.0,0.0,103.2839363,0.0,0.0,0.0,0.0,0.0,85.33126863,0.0,0.0,0.0,0.0,0.0,85.33126863,0.0,0.0,0.0,0.0,0.0
diverse_rec,ml20_lambda1.0,1.0,movielens_sample20of200_lambda1.0,20,0,18,37.97333947,37.97333947,37.76462946,37.1244081,0,-8.519434616,solved (0.0 s),solved (0.0 s),1,0,opt,36.25440244,1.0,0.04526694396625316,1.0,1.0,1.0,37.76462946,1.0,0.0054962247964755375,0.0,0.0,1.0,,,,,,,-0.0,1.0,1.0,1.0,1.0,1.0,37.76462946,1.0,0.0054962247964755375,0.0,0.0,1.0,36.25440244,1.0,0.04526694396625316,1.0,1.0,1.0,128.8684329,0.0,0.0,0.0,0.0,0.0,103.6879155,0.0,0.0,0.0,0.0,0.0,103.2839363,0.0,0.0,0.0,0.0,0.0,85.33126863,0.0,0.0,0.0,0.0,0.0,85.33126863,0.0,0.0,0.0,0.0,0.0
diverse_rec,ml20_lambda1.0,1.0,movielens_sample20of200_lambda1.0,20,0,19,37.97333947,37.97333947,37.76462946,37.10202238,0,-8.519434616,solved (0.0 s),solved (0.0 s),1,0,opt,36.25440244,1.0,0.04526694396625316,1.0,1.0,1.0,37.76462946,1.0,0.0054962247964755375,0.0,0.0,1.0,,,,,,,-0.0,1.0,1.0,1.0,1.0,1.0,37.76462946,1.0,0.0054962247964755375,0.0,0.0,1.0,36.25440244,1.0,0.04526694396625316,1.0,1.0,1.0,134.9634514,0.0,0.0,0.0,0.0,0.0,103.6879155,0.0,0.0,0.0,0.0,0.0,103.2839363,0.0,0.0,0.0,0.0,0.0,85.33126863,0.0,0.0,0.0,0.0,0.0,85.33126863,0.0,0.0,0.0,0.0,0.0
diverse_rec,ml20_lambda1.0,1.0,movielens_sample20of200_lambda1.0,20,0,20,37.97333947,37.97333947,37.76462946,37.10867495,0,-8.519434616,solved (0.0 s),solved (0.0 s),1,0,opt,36.25440244,1.0,0.04526694396625316,1.0,1.0,1.0,37.76462946,1.0,0.0054962247964755375,0.0,0.0,1.0,,,,,,,-0.0,1.0,1.0,1.0,1.0,1.0,37.76462946,1.0,0.0054962247964755375,0.0,0.0,1.0,36.25440244,1.0,0.04526694396625316,1.0,1.0,1.0,140.7807836,0.0,0.0,0.0,0.0,0.0,103.6879155,0.0,0.0,0.0,0.0,0.0,103.2839363,0.0,0.0,0.0,0.0,0.0,85.33126863,0.0,0.0,0.0,0.0,0.0,85.33126863,0.0,0.0,0.0,0.0,0.0
diverse_rec,ml20_lambda1.0,1.0,movielens_sample20of200_lambda1.0,20,1,1,8.78657435,8.78657435,8.78657435,8.78657435,0,-8.78657435,solved (0.0 s),solved (0.0 s),1,0,opt,8.78657435,0.0,0.0,0.0,0.0,0.0,8.78657435,0.0,0.0,0.0,0.0,0.0,,,,,,,-0.0,1.0,1.0,1.0,1.0,1.0,8.78657435,0.0,0.0,0.0,0.0,0.0,8.78657435,0.0,0.0,0.0,0.0,0.0,8.78657435,0.0,0.0,0.0,0.0,0.0,8.78657435,0.0,0.0,0.0,0.0,0.0,8.78657435,0.0,0.0,0.0,0.0,0.0,8.78657435,0.0,0.0,0.0,0.0,0.0,8.78657435,0.0,0.0,0.0,0.0,0.0
diverse_rec,ml20_lambda1.0,1.0,movielens_sample20of200_lambda1.0,20,1,2,15.9199939,15.9199939,15.9199939,15.77482708,0,-8.78657435,solved (0.0 s),solved (0.0 s),1,0,opt,16.9477553,0.0,0.0,0.0,0.0,0.0,16.97702199,0.0,0.0,0.0,0.0,0.0,,,,,,,-0.0,1.0,1.0,1.0,1.0,1.0,16.9477553,0.0,0.0,0.0,0.0,0.0,16.9477553,0.0,0.0,0.0,0.0,0.0,16.97702199,0.0,0.0,0.0,0.0,0.0,16.97702199,0.0,0.0,0.0,0.0,0.0,16.9477553,0.0,0.0,0.0,0.0,0.0,16.93409483,0.0,0.0,0.0,0.0,0.0,16.93244552,0.0,0.0,0.0,0.0,0.0
diverse_rec,ml20_lambda1.0,1.0,movielens_sample20of200_lambda1.0,20,1,3,22.10271426,22.10271426,21.91782574,21.71292946,0,-8.78657435,solved (0.0 s),solved (0.0 s),1,0,opt,25.06229182,0.0,0.0,0.0,0.0,0.0,25.13820293,0.0,0.0,0.0,0.0,0.0,,,,,,,-0.0,1.0,1.0,1.0,1.0,1.0,25.06229182,0.0,0.0,0.0,0.0,0.0,25.06229182,0.0,0.0,0.0,0.0,0.0,25.13820293,0.0,0.0,0.0,0.0,0.0,25.13820293,0.0,0.0,0.0,0.0,0.0,25.06229182,0.0,0.0,0.0,0.0,0.0,25.04632711,0.0,0.0,0.0,0.0,0.0,25.0383792,0.0,0.0,0.0,0.0,0.0
diverse_rec,ml20_lambda1.0,1.0,movielens_sample20of200_lambda1.0,20,1,4,27.06894849,27.06894849,27.06738561,26.58243377,0,-8.78657435,solved (0.0 s),solved (0.0 s),1,0,opt,32.83016048,0.0,0.0,0.0,0.0,0.0,33.25273946,0.0,0.0,0.0,0.0,0.0,,,,,,,-0.0,1.0,1.0,1.0,1.0,1.0,32.83016048,0.0,0.0,0.0,0.0,0.0,32.83016048,0.0,0.0,0.0,0.0,0.0,33.25273946,0.0,0.0,0.0,0.0,0.0,33.25273946,0.0,0.0,0.0,0.0,0.0,32.83016048,0.0,0.0,0.0,0.0,0.0,32.97515827,0.0,0.0,0.0,0.0,0.0,32.88348857,0.0,0.0,0.0,0.0,0.0
diverse_rec,ml20_lambda1.0,1.0,movielens_sample20of200_lambda1.0,20,1,5,31.10150719,31.10150719,31.10150719,30.52373889,0,-8.78657435,solved (0.0 s),solved (0.0 s),1,0,opt,37.58801195,0.0,0.0,0.0,0.0,0.0,41.08297705,0.0,0.0,0.0,0.0,0.0,,,,,,,-0.0,1.0,1.0,1.0,1.0,1.0,40.12582465,0.0,0.0,0.0,0.0,0.0,37.74511046,0.0,0.0,0.0,0.0,0.0,41.08297705,0.0,0.0,0.0,0.0,0.0,41.08297705,0.0,0.0,0.0,0.0,0.0,40.12582465,0.0,0.0,0.0,0.0,0.0,40.6102654,0.0,0.0,0.0,0.0,0.0,40.3175982,0.0,0.0,0.0,0.0,0.0
diverse_rec,ml20_lambda1.0,1.0,movielens_sample20of200_lambda1.0,20,1,6,34.14373607,34.14373607,34.14373607,33.60474304,0,-8.78657435,solved (0.0 s),solved (0.0 s),1,0,opt,37.58801195,0.0,0.0,0.0,0.0,0.0,46.81361614,0.0,0.0,0.0,0.0,0.0,,,,,,,-0.0,1.0,1.0,1.0,1.0,1.0,46.59907694,0.0,0.0,0.0,0.0,0.0,37.74511046,0.0,0.0,0.0,0.0,0.0,48.8508457,0.0,0.0,0.0,0.0,0.0,48.8508457,0.0,0.0,0.0,0.0,0.0,47.32904148,0.0,0.0,0.0,0.0,0.0,48.0254951,0.0,0.0,0.0,0.0,0.0,47.4075002,0.0,0.0,0.0,0.0,0.0
diverse_rec,ml20_lambda1.0,1.0,movielens_sample20of200_lambda1.0,20,1,7,36.38354794,36.38354794,36.34886809,35.82749477,0,-8.78657435,solved (0.0 s),solved (0.0 s),1,0,opt,37.58801195,0.0,0.0,0.0,0.0,0.0,45.69877528,0.0,0.0,0.0,0.0,0.0,,,,,,,-0.0,1.0,1.0,1.0,1.0,1.0,45.033202379,0.0,0.0,0.0,0.0,0.0,37.74511046,0.0,0.0,0.0,0.0,0.0,56.43235146,0.0,0.0,0.0,0.0,0.0,56.43235146,0.0,0.0,0.0,0.0,0.0,54.43945903,0.0,0.0,0.0,0.0,0.0,55.25460483,0.0,0.0,0.0,0.0,0.0,54.40405023,0.0,0.0,0.0,0.0,0.0
diverse_rec,ml20_lambda1.0,1.0,movielens_sample20of200_lambda1.0,20,1,8,37.82534191,37.82534191,37.82523268,37.2943812,0,-8.78657435,solved (0.0 s),solved (0.0 s),1,0,opt,37.58801195,1.0,0.006274363905677032,1.0,0.0,1.0,42.35088741,0.0,0.0,0.0,0.0,0.0,,,,,,,-0.0,1.0,1.0,1.0,1.0,1.0,42.022405864999996,0.0,0.0,0.0,0.0,0.0,37.74511046,1.0,0.002121103100426659,1.0,0.0,1.0,64.00787226,0.0,0.0,0.0,0.0,0.0,64.00787226,0.0,0.0,0.0,0.0,0.0,61.41761432,0.0,0.0,0.0,0.0,0.0,62.19932309,0.0,0.0,0.0,0.0,0.0,61.28012795,0.0,0.0,0.0,0.0,0.0
diverse_rec,ml20_lambda1.0,1.0,movielens_sample20of200_lambda1.0,20,1,9,38.63329026,38.63329026,38.55331196,38.05882342,0,-8.78657435,solved (0.0 s),solved (0.0 s),1,0,opt,37.58801195,1.0,0.027056414376444064,1.0,1.0,1.0,38.65924201,0.0,0.0,0.0,0.0,0.0,,,,,,,-0.0,1.0,1.0,1.0,1.0,1.0,38.659242012200004,0.0,0.0,0.0,0.0,0.0,37.74511046,1.0,0.022990011827172887,1.0,1.0,1.0,71.34795367,0.0,0.0,0.0,0.0,0.0,71.34795367,0.0,0.0,0.0,0.0,0.0,68.33148309,0.0,0.0,0.0,0.0,0.0,68.88074209,0.0,0.0,0.0,0.0,0.0,68.06946728,0.0,0.0,0.0,0.0,0.0
diverse_rec,ml20_lambda1.0,1.0,movielens_sample20of200_lambda1.0,20,1,10,38.83130362,38.83130362,38.62040515,38.14090928,0,-8.78657435,solved (0.0 s),solved (0.0 s),1,0,opt,37.58801195,1.0,0.03201776798859883,1.0,1.0,1.0,38.62040515,1.0,0.005431145759715716,0.0,0.0,1.0,,,,,,,-0.0,1.0,1.0,1.0,1.0,1.0,38.62040515,1.0,0.005431145759715716,0.0,0.0,1.0,37.74511046,1.0,0.027972101339409024,1.0,1.0,1.0,78.64361785,0.0,0.0,0.0,0.0,0.0,78.64361785,0.0,0.0,0.0,0.0,0.0,74.9744895,0.0,0.0,0.0,0.0,0.0,75.20584793,0.0,0.0,0.0,0.0,0.0,74.50627348,0.0,0.0,0.0,0.0,0.0
diverse_rec,ml20_lambda1.0,1.0,movielens_sample20of200_lambda1.0,20,1,11,38.83130362,38.83130362,38.62040515,38.12712287,0,-8.78657435,solved (0.0 s),solved (0.0 s),1,0,opt,37.58801195,1.0,0.03201776798859883,1.0,1.0,1.0,38.62040515,1.0,0.005431145759715716,0.0,0.0,1.0,,,,,,,-0.0,1.0,1.0,1.0,1.0,1.0,38.62040515,1.0,0.005431145759715716,0.0,0.0,1.0,37.74511046,1.0,0.027972101339409024,1.0,1.0,1.0,85.84683468,0.0,0.0,0.0,0.0,0.0,85.84683468,0.0,0.0,0.0,0.0,0.0,81.47809535,0.0,0.0,0.0,0.0,0.0,81.00211648,0.0,0.0,0.0,0.0,0.0,80.581671,0.0,0.0,0.0,0.0,0.0
diverse_rec,ml20_lambda1.0,1.0,movielens_sample20of200_lambda1.0,20,1,12,38.83130362,38.83130362,38.62040515,38.09357236,0,-8.78657435,solved (0.0 s),solved (0.0 s),1,0,opt,37.58801195,1.0,0.03201776798859883,1.0,1.0,1.0,38.62040515,1.0,0.005431145759715716,0.0,0.0,1.0,,,,,,,-0.0,1.0,1.0,1.0,1.0,1.0,38.62040515,1.0,0.005431145759715716,0.0,0.0,1.0,37.74511046,1.0,0.027972101339409024,1.0,1.0,1.0,92.95725222,0.0,0.0,0.0,0.0,0.0,92.95725222,0.0,0.0,0.0,0.0,0.0,87.87928417,0.0,0.0,0.0,0.0,0.0,86.60352871,0.0,0.0,0.0,0.0,0.0,86.40530975,0.0,0.0,0.0,0.0,0.0
diverse_rec,ml20_lambda1.0,1.0,movielens_sample20of200_lambda1.0,20,1,13,38.83130362,38.83130362,38.62040515,38.05337954,0,-8.78657435,solved (0.0 s),solved (0.0 s),1,0,opt,37.58801195,1.0,0.03201776798859883,1.0,1.0,1.0,38.62040515,1.0,0.005431145759715716,0.0,0.0,1.0,,,,,,,-0.0,1.0,1.0,1.0,1.0,1.0,38.62040515,1.0,0.005431145759715716,0.0,0.0,1.0,37.74511046,1.0,0.027972101339409024,1.0,1.0,1.0,99.93540752,0.0,0.0,0.0,0.0,0.0,99.93540752,0.0,0.0,0.0,0.0,0.0,94.20286516,0.0,0.0,0.0,0.0,0.0,87.85237881,0.0,0.0,0.0,0.0,0.0,87.85237881,0.0,0.0,0.0,0.0,0.0
diverse_rec,ml20_lambda1.0,1.0,movielens_sample20of200_lambda1.0,20,1,14,38.83130362,38.83130362,38.62040515,38.04808814,0,-8.78657435,solved (0.0 s),solved (0.0 s),1,0,opt,37.58801195,1.0,0.03201776798859883,1.0,1.0,1.0,38.62040515,1.0,0.005431145759715716,0.0,0.0,1.0,,,,,,,-0.0,1.0,1.0,1.0,1.0,1.0,38.62040515,1.0,0.005431145759715716,0.0,0.0,1.0,37.74511046,1.0,0.027972101339409024,1.0,1.0,1.0,106.8492763,0.0,0.0,0.0,0.0,0.0,106.3985707,0.0,0.0,0.0,0.0,0.0,100.0506937,0.0,0.0,0.0,0.0,0.0,87.85237881,0.0,0.0,0.0,0.0,0.0,87.85237881,0.0,0.0,0.0,0.0,0.0
diverse_rec,ml20_lambda1.0,1.0,movielens_sample20of200_lambda1.0,20,1,15,38.83130362,38.83130362,38.62040515,38.03121147,0,-8.78657435,solved (0.0 s),solved (0.0 s),1,0,opt,37.58801195,1.0,0.03201776798859883,1.0,1.0,1.0,38.62040515,1.0,0.005431145759715716,0.0,0.0,1.0,,,,,,,-0.0,1.0,1.0,1.0,1.0,1.0,38.62040515,1.0,0.005431145759715716,0.0,0.0,1.0,37.74511046,1.0,0.027972101339409024,1.0,1.0,1.0,113.4922827,0.0,0.0,0.0,0.0,0.0,106.3985707,0.0,0.0,0.0,0.0,0.0,105.7060102,0.0,0.0,0.0,0.0,0.0,87.85237881,0.0,0.0,0.0,0.0,0.0,87.85237881,0.0,0.0,0.0,0.0,0.0
diverse_rec,ml20_lambda1.0,1.0,movielens_sample20of200_lambda1.0,20,1,16,38.83130362,38.83130362,38.62040515,38.01826752,0,-8.78657435,solved (0.0 s),solved (0.0 s),1,0,opt,37.58801195,1.0,0.03201776798859883,1.0,1.0,1.0,38.62040515,1.0,0.005431145759715716,0.0,0.0,1.0,,,,,,,-0.0,1.0,1.0,1.0,1.0,1.0,38.62040515,1.0,0.005431145759715716,0.0,0.0,1.0,37.74511046,1.0,0.027972101339409024,1.0,1.0,1.0,119.9958885,0.0,0.0,0.0,0.0,0.0,106.3985707,0.0,0.0,0.0,0.0,0.0,105.8116607,0.0,0.0,0.0,0.0,0.0,87.85237881,0.0,0.0,0.0,0.0,0.0,87.85237881,0.0,0.0,0.0,0.0,0.0
diverse_rec,ml20_lambda1.0,1.0,movielens_sample20of200_lambda1.0,20,1,17,38.83130362,38.83130362,38.62040515,38.01840085,0,-8.78657435,solved (0.0 s),solved (0.0 s),1,0,opt,37.58801195,1.0,0.03201776798859883,1.0,1.0,1.0,38.62040515,1.0,0.005431145759715716,0.0,0.0,1.0,,,,,,,-0.0,1.0,1.0,1.0,1.0,1.0,38.62040515,1.0,0.005431145759715716,0.0,0.0,1.0,37.74511046,1.0,0.027972101339409024,1.0,1.0,1.0,126.3970774,0.0,0.0,0.0,0.0,0.0,106.3985707,0.0,0.0,0.0,0.0,0.0,105.8116607,0.0,0.0,0.0,0.0,0.0,87.85237881,0.0,0.0,0.0,0.0,0.0,87.85237881,0.0,0.0,0.0,0.0,0.0
diverse_rec,ml20_lambda1.0,1.0,movielens_sample20of200_lambda1.0,20,1,18,38.83130362,38.83130362,38.62040515,38.00900948,0,-8.78657435,solved (0.0 s),solved (0.0 s),1,0,opt,37.58801195,1.0,0.03201776798859883,1.0,1.0,1.0,38.62040515,1.0,0.005431145759715716,0.0,0.0,1.0,,,,,,,-0.0,1.0,1.0,1.0,1.0,1.0,38.62040515,1.0,0.005431145759715716,0.0,0.0,1.0,37.74511046,1.0,0.027972101339409024,1.0,1.0,1.0,132.7206584,0.0,0.0,0.0,0.0,0.0,106.3985707,0.0,0.0,0.0,0.0,0.0,105.8116607,0.0,0.0,0.0,0.0,0.0,87.85237881,0.0,0.0,0.0,0.0,0.0,87.85237881,0.0,0.0,0.0,0.0,0.0
diverse_rec,ml20_lambda1.0,1.0,movielens_sample20of200_lambda1.0,20,1,19,38.83130362,38.83130362,38.62040515,38.0207773,0,-8.78657435,solved (0.0 s),solved (0.0 s),1,0,opt,37.58801195,1.0,0.03201776798859883,1.0,1.0,1.0,38.62040515,1.0,0.005431145759715716,0.0,0.0,1.0,,,,,,,-0.0,1.0,1.0,1.0,1.0,1.0,38.62040515,1.0,0.005431145759715716,0.0,0.0,1.0,37.74511046,1.0,0.027972101339409024,1.0,1.0,1.0,138.5684869,0.0,0.0,0.0,0.0,0.0,106.3985707,0.0,0.0,0.0,0.0,0.0,105.8116607,0.0,0.0,0.0,0.0,0.0,87.85237881,0.0,0.0,0.0,0.0,0.0,87.85237881,0.0,0.0,0.0,0.0,0.0
diverse_rec,ml20_lambda1.0,1.0,movielens_sample20of200_lambda1.0,20,1,20,38.83130362,38.83130362,38.62040515,37.99238495,0,-8.78657435,solved (0.0 s),solved (0.0 s),1,0,opt,37.58801195,1.0,0.03201776798859883,1.0,1.0,1.0,38.62040515,1.0,0.005431145759715716,0.0,0.0,1.0,,,,,,,-0.0,1.0,1.0,1.0,1.0,1.0,38.62040515,1.0,0.005431145759715716,0.0,0.0,1.0,37.74511046,1.0,0.027972101339409024,1.0,1.0,1.0,144.2238034,0.0,0.0,0.0,0.0,0.0,106.3985707,0.0,0.0,0.0,0.0,0.0,105.8116607,0.0,0.0,0.0,0.0,0.0,87.85237881,0.0,0.0,0.0,0.0,0.0,87.85237881,0.0,0.0,0.0,0.0,0.0
diverse_rec,ml20_lambda1.0,1.0,movielens_sample20of200_lambda1.0,20,2,1,8.507074946,8.507074946,8.507074946,8.507074946,0,-8.507074946,solved (0.0 s),solved (0.0 s),1,0,opt,8.507074946,0.0,0.0,0.0,0.0,0.0,8.507074946,0.0,0.0,0.0,0.0,0.0,,,,,,,-0.0,1.0,1.0,1.0,1.0,1.0,8.507074946,0.0,0.0,0.0,0.0,0.0,8.507074946,0.0,0.0,0.0,0.0,0.0,8.507074946,0.0,0.0,0.0,0.0,0.0,8.507074946,0.0,0.0,0.0,0.0,0.0,8.507074946,0.0,0.0,0.0,0.0,0.0,8.507074946,0.0,0.0,0.0,0.0,0.0,8.507074946,0.0,0.0,0.0,0.0,0.0
diverse_rec,ml20_lambda1.0,1.0,movielens_sample20of200_lambda1.0,20,2,2,15.84686958,15.84686958,15.84686958,15.62352964,0,-8.507074946,solved (0.0 s),solved (0.0 s),1,0,opt,16.4505698,0.0,0.0,0.0,0.0,0.0,16.98571089,0.0,0.0,0.0,0.0,0.0,,,,,,,-0.0,1.0,1.0,1.0,1.0,1.0,16.4505698,0.0,0.0,0.0,0.0,0.0,16.4505698,0.0,0.0,0.0,0.0,0.0,16.98571089,0.0,0.0,0.0,0.0,0.0,16.98571089,0.0,0.0,0.0,0.0,0.0,16.4505698,0.0,0.0,0.0,0.0,0.0,16.94224155,0.0,0.0,0.0,0.0,0.0,16.91193001,0.0,0.0,0.0,0.0,0.0
diverse_rec,ml20_lambda1.0,1.0,movielens_sample20of200_lambda1.0,20,2,3,21.7381779,21.7381779,21.7381779,21.40352156,0,-8.507074946,solved (0.0 s),solved (0.0 s),1,0,opt,24.31066339,0.0,0.0,0.0,0.0,0.0,24.92920575,0.0,0.0,0.0,0.0,0.0,,,,,,,-0.0,1.0,1.0,1.0,1.0,1.0,24.31066339,0.0,0.0,0.0,0.0,0.0,24.31066339,0.0,0.0,0.0,0.0,0.0,24.92920575,0.0,0.0,0.0,0.0,0.0,24.92920575,0.0,0.0,0.0,0.0,0.0,24.31066339,0.0,0.0,0.0,0.0,0.0,24.78360742,0.0,0.0,0.0,0.0,0.0,24.77020753,0.0,0.0,0.0,0.0,0.0
diverse_rec,ml20_lambda1.0,1.0,movielens_sample20of200_lambda1.0,20,2,4,26.68702475,26.68702475,26.68702475,26.14081427,0,-8.507074946,solved (0.0 s),solved (0.0 s),1,0,opt,31.70581488,0.0,0.0,0.0,0.0,0.0,32.78929933,0.0,0.0,0.0,0.0,0.0,,,,,,,-0.0,1.0,1.0,1.0,1.0,1.0,31.70581488,0.0,0.0,0.0,0.0,0.0,31.70581488,0.0,0.0,0.0,0.0,0.0,32.78929933,0.0,0.0,0.0,0.0,0.0,32.78929933,0.0,0.0,0.0,0.0,0.0,31.70581488,0.0,0.0,0.0,0.0,0.0,32.55664729,0.0,0.0,0.0,0.0,0.0,32.42715619,0.0,0.0,0.0,0.0,0.0
diverse_rec,ml20_lambda1.0,1.0,movielens_sample20of200_lambda1.0,20,2,5,30.45547506,30.45547506,30.45547506,29.94274427,0,-8.507074946,solved (0.0 s),solved (0.0 s),1,0,opt,36.86466965,0.0,0.0,0.0,0.0,0.0,40.64063306,0.0,0.0,0.0,0.0,0.0,,,,,,,-0.0,1.0,1.0,1.0,1.0,1.0,38.67670122,0.0,0.0,0.0,0.0,0.0,36.86466965,0.0,0.0,0.0,0.0,0.0,40.64063306,0.0,0.0,0.0,0.0,0.0,40.64063306,0.0,0.0,0.0,0.0,0.0,38.67670122,0.0,0.0,0.0,0.0,0.0,39.96140974,0.0,0.0,0.0,0.0,0.0,39.54636913,0.0,0.0,0.0,0.0,0.0
diverse_rec,ml20_lambda1.0,1.0,movielens_sample20of200_lambda1.0,20,2,6,33.43078423,33.43078423,33.43078423,32.87912849,0,-8.507074946,solved (0.0 s),solved (0.0 s),1,0,opt,36.86466965,0.0,0.0,0.0,0.0,0.0,45.56792511,0.0,0.0,0.0,0.0,0.0,,,,,,,-0.0,1.0,1.0,1.0,1.0,1.0,45.07148487,0.0,0.0,0.0,0.0,0.0,36.86466965,0.0,0.0,0.0,0.0,0.0,48.03578455,0.0,0.0,0.0,0.0,0.0,48.03578455,0.0,0.0,0.0,0.0,0.0,45.48694395,0.0,0.0,0.0,0.0,0.0,47.07454611,0.0,0.0,0.0,0.0,0.0,46.31192214,0.0,0.0,0.0,0.0,0.0
diverse_rec,ml20_lambda1.0,1.0,movielens_sample20of200_lambda1.0,20,2,7,35.67073797,35.67073797,35.60930494,35.02585088,0,-8.507074946,solved (0.0 s),solved (0.0 s),1,0,opt,36.86466965,0.0,0.0,0.0,0.0,0.0,44.44417776,0.0,0.0,0.0,0.0,0.0,,,,,,,-0.0,1.0,1.0,1.0,1.0,1.0,43.837066851,0.0,0.0,0.0,0.0,0.0,36.86466965,0.0,0.0,0.0,0.0,0.0,55.3749889,0.0,0.0,0.0,0.0,0.0,55.3749889,0.0,0.0,0.0,0.0,0.0,52.1882469,0.0,0.0,0.0,0.0,0.0,54.08809914,0.0,0.0,0.0,0.0,0.0,52.90807128,0.0,0.0,0.0,0.0,0.0
diverse_rec,ml20_lambda1.0,1.0,movielens_sample20of200_lambda1.0,20,2,8,37.09161838,37.09161838,37.09161838,36.42339486,0,-8.507074946,solved (0.0 s),solved (0.0 s),1,0,opt,36.86466965,1.0,0.006118598753899846,1.0,0.0,1.0,40.6251282,0.0,0.0,0.0,0.0,0.0,,,,,,,-0.0,1.0,1.0,1.0,1.0,1.0,40.523426066,0.0,0.0,0.0,0.0,0.0,36.86466965,1.0,0.006118598753899846,1.0,0.0,1.0,62.65930053,0.0,0.0,0.0,0.0,0.0,62.65930053,0.0,0.0,0.0,0.0,0.0,58.83105589,0.0,0.0,0.0,0.0,0.0,60.58329052,0.0,0.0,0.0,0.0,0.0,59.32453196,0.0,0.0,0.0,0.0,0.0
diverse_rec,ml20_lambda1.0,1.0,movielens_sample20of200_lambda1.0,20,2,9,37.71184364,37.71184364,37.67691943,37.11316605,0,-8.507074946,solved (0.0 s),solved (0.0 s),1,0,opt,36.86466965,1.0,0.022464401318778766,1.0,1.0,1.0,37.67691943,1.0,0.0009260806852454321,0.0,0.0,1.0,,,,,,,-0.0,1.0,1.0,1.0,1.0,1.0,37.67691943,1.0,0.0009260806852454321,0.0,0.0,1.0,36.86466965,1.0,0.022464401318778766,1.0,1.0,1.0,69.90308667,0.0,0.0,0.0,0.0,0.0,69.90308667,0.0,0.0,0.0,0.0,0.0,65.4285747,0.0,0.0,0.0,0.0,0.0,66.688378,0.0,0.0,0.0,0.0,0.0,65.68592385,0.0,0.0,0.0,0.0,0.0
diverse_rec,ml20_lambda1.0,1.0,movielens_sample20of200_lambda1.0,20,2,10,37.90757977,37.90757977,37.67691943,37.19488339,0,-8.507074946,solved (0.0 s),solved (0.0 s),1,0,opt,36.86466965,1.0,0.027511915198167106,1.0,1.0,1.0,37.67691943,1.0,0.006084807877461601,0.0,0.0,1.0,,,,,,,-0.0,1.0,1.0,1.0,1.0,1.0,37.67691943,1.0,0.006084807877461601,0.0,0.0,1.0,36.86466965,1.0,0.027511915198167106,1.0,1.0,1.0,76.87397301,0.0,0.0,0.0,0.0,0.0,76.87397301,0.0,0.0,0.0,0.0,0.0,71.98120655,0.0,0.0,0.0,0.0,0.0,72.6131805,0.0,0.0,0.0,0.0,0.0,72.00255638,0.0,0.0,0.0,0.0,0.0
diverse_rec,ml20_lambda1.0,1.0,movielens_sample20of200_lambda1.0,20,2,11,37.90757977,37.90757977,37.67691943,37.17350031,0,-8.507074946,solved (0.0 s),solved (0.0 s),1,0,opt,36.86466965,1.0,0.027511915198167106,1.0,1.0,1.0,37.67691943,1.0,0.006084807877461601,0.0,0.0,1.0,,,,,,,-0.0,1.0,1.0,1.0,1.0,1.0,37.67691943,1.0,0.006084807877461601,0.0,0.0,1.0,36.86466965,1.0,0.027511915198167106,1.0,1.0,1.0,83.68421575,0.0,0.0,0.0,0.0,0.0,83.68421575,0.0,0.0,0.0,0.0,0.0,78.37082262,0.0,0.0,0.0,0.0,0.0,78.35546834,0.0,0.0,0.0,0.0,0.0,78.1454879,0.0,0.0,0.0,0.0,0.0
diverse_rec,ml20_lambda1.0,1.0,movielens_sample20of200_lambda1.0,20,2,12,37.90757977,37.90757977,37.67691943,37.11888904,0,-8.507074946,solved (0.0 s),solved (0.0 s),1,0,opt,36.86466965,1.0,0.027511915198167106,1.0,1.0,1.0,37.67691943,1.0,0.006084807877461601,0.0,0.0,1.0,,,,,,,-0.0,1.0,1.0,1.0,1.0,1.0,37.67691943,1.0,0.006084807877461601,0.0,0.0,1.0,36.86466965,1.0,0.027511915198167106,1.0,1.0,1.0,90.38551869,0.0,0.0,0.0,0.0,0.0,90.38551869,0.0,0.0,0.0,0.0,0.0,84.718107,0.0,0.0,0.0,0.0,0.0,83.85910211,0.0,0.0,0.0,0.0,0.0,83.83768165,0.0,0.0,0.0,0.0,0.0
diverse_rec,ml20_lambda1.0,1.0,movielens_sample20of200_lambda1.0,20,2,13,37.90757977,37.90757977,37.67691943,37.08820078,0,-8.507074946,solved (0.0 s),solved (0.0 s),1,0,opt,36.86466965,1.0,0.027511915198167106,1.0,1.0,1.0,37.67691943,1.0,0.006084807877461601,0.0,0.0,1.0,,,,,,,-0.0,1.0,1.0,1.0,1.0,1.0,37.67691943,1.0,0.006084807877461601,0.0,0.0,1.0,36.86466965,1.0,0.027511915198167106,1.0,1.0,1.0,97.02832768,0.0,0.0,0.0,0.0,0.0,97.02832768,0.0,0.0,0.0,0.0,0.0,90.88400688,0.0,0.0,0.0,0.0,0.0,88.08629071,0.0,0.0,0.0,0.0,0.0,88.08629071,0.0,0.0,0.0,0.0,0.0
diverse_rec,ml20_lambda1.0,1.0,movielens_sample20of200_lambda1.0,20,2,14,37.90757977,37.90757977,37.67691943,37.04463058,0,-8.507074946,solved (0.0 s),solved (0.0 s),1,0,opt,36.86466965,1.0,0.027511915198167106,1.0,1.0,1.0,37.67691943,1.0,0.006084807877461601,0.0,0.0,1.0,,,,,,,-0.0,1.0,1.0,1.0,1.0,1.0,37.67691943,1.0,0.006084807877461601,0.0,0.0,1.0,36.86466965,1.0,0.027511915198167106,1.0,1.0,1.0,103.6258465,0.0,0.0,0.0,0.0,0.0,103.2805305,0.0,0.0,0.0,0.0,0.0,96.71071039,0.0,0.0,0.0,0.0,0.0,88.08629071,0.0,0.0,0.0,0.0,0.0,88.08629071,0.0,0.0,0.0,0.0,0.0
diverse_rec,ml20_lambda1.0,1.0,movielens_sample20of200_lambda1.0,20,2,15,37.90757977,37.90757977,37.67691943,37.02655261,0,-8.507074946,solved (0.0 s),solved (0.0 s),1,0,opt,36.86466965,1.0,0.027511915198167106,1.0,1.0,1.0,37.67691943,1.0,0.006084807877461601,0.0,0.0,1.0,,,,,,,-0.0,1.0,1.0,1.0,1.0,1.0,37.67691943,1.0,0.006084807877461601,0.0,0.0,1.0,36.86466965,1.0,0.027511915198167106,1.0,1.0,1.0,110.1784783,0.0,0.0,0.0,0.0,0.0,103.2805305,0.0,0.0,0.0,0.0,0.0,102.1748771,0.0,0.0,0.0,0.0,0.0,88.08629071,0.0,0.0,0.0,0.0,0.0,88.08629071,0.0,0.0,0.0,0.0,0.0
diverse_rec,ml20_lambda1.0,1.0,movielens_sample20of200_lambda1.0,20,2,16,37.90757977,37.90757977,37.67691943,37.01481084,0,-8.507074946,solved (0.0 s),solved (0.0 s),1,0,opt,36.86466965,1.0,0.027511915198167106,1.0,1.0,1.0,37.67691943,1.0,0.006084807877461601,0.0,0.0,1.0,,,,,,,-0.0,1.0,1.0,1.0,1.0,1.0,37.67691943,1.0,0.006084807877461601,0.0,0.0,1.0,36.86466965,1.0,0.027511915198167106,1.0,1.0,1.0,116.5680944,0.0,0.0,0.0,0.0,0.0,103.2805305,0.0,0.0,0.0,0.0,0.0,102.8117724,0.0,0.0,0.0,0.0,0.0,88.08629071,0.0,0.0,0.0,0.0,0.0,88.08629071,0.0,0.0,0.0,0.0,0.0
diverse_rec,ml20_lambda1.0,1.0,movielens_sample20of200_lambda1.0,20,2,17,37.90757977,37.90757977,37.67691943,37.04745209,0,-8.507074946,solved (0.0 s),solved (0.0 s),1,0,opt,36.86466965,1.0,0.027511915198167106,1.0,1.0,1.0,37.67691943,1.0,0.006084807877461601,0.0,0.0,1.0,,,,,,,-0.0,1.0,1.0,1.0,1.0,1.0,37.67691943,1.0,0.006084807877461601,0.0,0.0,1.0,36.86466965,1.0,0.027511915198167106,1.0,1.0,1.0,122.9153788,0.0,0.0,0.0,0.0,0.0,103.2805305,0.0,0.0,0.0,0.0,0.0,102.8117724,0.0,0.0,0.0,0.0,0.0,88.08629071,0.0,0.0,0.0,0.0,0.0,88.08629071,0.0,0.0,0.0,0.0,0.0
diverse_rec,ml20_lambda1.0,1.0,movielens_sample20of200_lambda1.0,20,2,18,37.90757977,37.90757977,37.67691943,37.04025172,0,-8.507074946,solved (0.0 s),solved (0.0 s),1,0,opt,36.86466965,1.0,0.027511915198167106,1.0,1.0,1.0,37.67691943,1.0,0.006084807877461601,0.0,0.0,1.0,,,,,,,-0.0,1.0,1.0,1.0,1.0,1.0,37.67691943,1.0,0.006084807877461601,0.0,0.0,1.0,36.86466965,1.0,0.027511915198167106,1.0,1.0,1.0,129.0812787,0.0,0.0,0.0,0.0,0.0,103.2805305,0.0,0.0,0.0,0.0,0.0,102.8117724,0.0,0.0,0.0,0.0,0.0,88.08629071,0.0,0.0,0.0,0.0,0.0,88.08629071,0.0,0.0,0.0,0.0,0.0
diverse_rec,ml20_lambda1.0,1.0,movielens_sample20of200_lambda1.0,20,2,19,37.90757977,37.90757977,37.67691943,37.04373289,0,-8.507074946,solved (0.0 s),solved (0.0 s),1,0,opt,36.86466965,1.0,0.027511915198167106,1.0,1.0,1.0,37.67691943,1.0,0.006084807877461601,0.0,0.0,1.0,,,,,,,-0.0,1.0,1.0,1.0,1.0,1.0,37.67691943,1.0,0.006084807877461601,0.0,0.0,1.0,36.86466965,1.0,0.027511915198167106,1.0,1.0,1.0,134.9079822,0.0,0.0,0.0,0.0,0.0,103.2805305,0.0,0.0,0.0,0.0,0.0,102.8117724,0.0,0.0,0.0,0.0,0.0,88.08629071,0.0,0.0,0.0,0.0,0.0,88.08629071,0.0,0.0,0.0,0.0,0.0
diverse_rec,ml20_lambda1.0,1.0,movielens_sample20of200_lambda1.0,20,2,20,37.90757977,37.90757977,37.67691943,37.02744742,0,-8.507074946,solved (0.0 s),solved (0.0 s),1,0,opt,36.86466965,1.0,0.027511915198167106,1.0,1.0,1.0,37.67691943,1.0,0.006084807877461601,0.0,0.0,1.0,,,,,,,-0.0,1.0,1.0,1.0,1.0,1.0,37.67691943,1.0,0.006084807877461601,0.0,0.0,1.0,36.86466965,1.0,0.027511915198167106,1.0,1.0,1.0,140.3721489,0.0,0.0,0.0,0.0,0.0,103.2805305,0.0,0.0,0.0,0.0,0.0,102.8117724,0.0,0.0,0.0,0.0,0.0,88.08629071,0.0,0.0,0.0,0.0,0.0,88.08629071,0.0,0.0,0.0,0.0,0.0
diverse_rec,ml20_lambda1.0,1.0,movielens_sample20of200_lambda1.0,20,3,1,8.244091739,8.244091739,8.244091739,8.244091739,0,-8.244091739,solved (0.0 s),solved (0.1 s),1,0,opt,8.244091739,0.0,0.0,0.0,0.0,0.0,8.244091739,0.0,0.0,0.0,0.0,0.0,,,,,,,-0.0,1.0,1.0,1.0,1.0,1.0,8.244091739,0.0,0.0,0.0,0.0,0.0,8.244091739,0.0,0.0,0.0,0.0,0.0,8.244091739,0.0,0.0,0.0,0.0,0.0,8.244091739,0.0,0.0,0.0,0.0,0.0,8.244091739,0.0,0.0,0.0,0.0,0.0,8.244091739,0.0,0.0,0.0,0.0,0.0,8.244091739,0.0,0.0,0.0,0.0,0.0
diverse_rec,ml20_lambda1.0,1.0,movielens_sample20of200_lambda1.0,20,3,2,14.64796847,14.64796847,14.64796847,14.51525371,0,-8.244091739,solved (0.0 s),solved (0.1 s),1,0,opt,15.72417991,0.0,0.0,0.0,0.0,0.0,15.84457711,0.0,0.0,0.0,0.0,0.0,,,,,,,-0.0,1.0,1.0,1.0,1.0,1.0,15.72417991,0.0,0.0,0.0,0.0,0.0,15.72417991,0.0,0.0,0.0,0.0,0.0,15.84457711,0.0,0.0,0.0,0.0,0.0,15.84457711,0.0,0.0,0.0,0.0,0.0,15.72417991,0.0,0.0,0.0,0.0,0.0,15.78458758,0.0,0.0,0.0,0.0,0.0,15.77608357,0.0,0.0,0.0,0.0,0.0
diverse_rec,ml20_lambda1.0,1.0,movielens_sample20of200_lambda1.0,20,3,3,20.25180936,20.25180936,20.20090467,20.02542432,0,-8.244091739,solved (0.0 s),solved (0.1 s),1,0,opt,23.02450078,0.0,0.0,0.0,0.0,0.0,23.32466529,0.0,0.0,0.0,0.0,0.0,,,,,,,-0.0,1.0,1.0,1.0,1.0,1.0,23.02450078,0.0,0.0,0.0,0.0,0.0,23.02450078,0.0,0.0,0.0,0.0,0.0,23.32466529,0.0,0.0,0.0,0.0,0.0,23.32466529,0.0,0.0,0.0,0.0,0.0,23.02450078,0.0,0.0,0.0,0.0,0.0,23.16811551,0.0,0.0,0.0,0.0,0.0,23.13215801,0.0,0.0,0.0,0.0,0.0
diverse_rec,ml20_lambda1.0,1.0,movielens_sample20of200_lambda1.0,20,3,4,25.04912382,25.04912382,24.98893386,24.67644444,0,-8.244091739,solved (0.0 s),solved (0.1 s),1,0,opt,30.2419711,0.0,0.0,0.0,0.0,0.0,30.62498615,0.0,0.0,0.0,0.0,0.0,,,,,,,-0.0,1.0,1.0,1.0,1.0,1.0,30.2419711,0.0,0.0,0.0,0.0,0.0,30.2419711,0.0,0.0,0.0,0.0,0.0,30.62498615,0.0,0.0,0.0,0.0,0.0,30.62498615,0.0,0.0,0.0,0.0,0.0,30.2419711,0.0,0.0,0.0,0.0,0.0,30.38230156,0.0,0.0,0.0,0.0,0.0,30.34764342,0.0,0.0,0.0,0.0,0.0
diverse_rec,ml20_lambda1.0,1.0,movielens_sample20of200_lambda1.0,20,3,5,28.83749116,28.83749116,28.78854908,28.48040887,0,-8.244091739,solved (0.0 s),solved (0.1 s),1,0,opt,35.28966304,0.0,0.0,0.0,0.0,0.0,37.88765285,0.0,0.0,0.0,0.0,0.0,,,,,,,-0.0,1.0,1.0,1.0,1.0,1.0,37.09269681,0.0,0.0,0.0,0.0,0.0,35.89170595,0.0,0.0,0.0,0.0,0.0,37.88765285,0.0,0.0,0.0,0.0,0.0,37.88765285,0.0,0.0,0.0,0.0,0.0,37.09269681,0.0,0.0,0.0,0.0,0.0,37.53853139,0.0,0.0,0.0,0.0,0.0,37.23592018,0.0,0.0,0.0,0.0,0.0
diverse_rec,ml20_lambda1.0,1.0,movielens_sample20of200_lambda1.0,20,3,6,31.99633132,31.99633132,31.95749337,31.52171765,0,-8.244091739,solved (0.0 s),solved (0.1 s),1,0,opt,35.28966304,0.0,0.0,0.0,0.0,0.0,45.10512317,0.0,0.0,0.0,0.0,0.0,,,,,,,-0.0,1.0,1.0,1.0,1.0,1.0,43.90610139,0.0,0.0,0.0,0.0,0.0,35.89170595,0.0,0.0,0.0,0.0,0.0,45.10512317,0.0,0.0,0.0,0.0,0.0,45.10512317,0.0,0.0,0.0,0.0,0.0,43.90610139,0.0,0.0,0.0,0.0,0.0,44.33947297,0.0,0.0,0.0,0.0,0.0,43.99188202,0.0,0.0,0.0,0.0,0.0
diverse_rec,ml20_lambda1.0,1.0,movielens_sample20of200_lambda1.0,20,3,7,34.33255941,34.33255941,34.33255941,33.82364014,0,-8.244091739,solved (0.0 s),solved (0.1 s),1,0,opt,35.28966304,0.0,0.0,0.0,0.0,0.0,44.86268965,0.0,0.0,0.0,0.0,0.0,,,,,,,-0.0,1.0,1.0,1.0,1.0,1.0,44.36667174,0.0,0.0,0.0,0.0,0.0,35.89170595,0.0,0.0,0.0,0.0,0.0,52.01226582,0.0,0.0,0.0,0.0,0.0,52.01226582,0.0,0.0,0.0,0.0,0.0,50.57201274,0.0,0.0,0.0,0.0,0.0,51.05223292,0.0,0.0,0.0,0.0,0.0,50.59499198,0.0,0.0,0.0,0.0,0.0
diverse_rec,ml20_lambda1.0,1.0,movielens_sample20of200_lambda1.0,20,3,8,35.938053,35.938053,35.938053,35.41120764,0,-8.244091739,solved (0.0 s),solved (0.1 s),1,0,opt,35.28966304,1.0,0.018041877783417926,1.0,1.0,1.0,41.89308029,0.0,0.0,0.0,0.0,0.0,,,,,,,-0.0,1.0,1.0,1.0,1.0,1.0,41.690432406,0.0,0.0,0.0,0.0,0.0,35.89170595,1.0,0.001289637198765172,1.0,0.0,1.0,58.90213789,0.0,0.0,0.0,0.0,0.0,58.90213789,0.0,0.0,0.0,0.0,0.0,57.23144863,0.0,0.0,0.0,0.0,0.0,57.72505344,0.0,0.0,0.0,0.0,0.0,57.16997385,0.0,0.0,0.0,0.0,0.0
diverse_rec,ml20_lambda1.0,1.0,movielens_sample20of200_lambda1.0,20,3,9,36.86178242,36.86178242,36.77909535,36.29785759,0,-8.244091739,solved (0.0 s),solved (0.1 s),1,0,opt,35.28966304,1.0,0.04264903313918472,1.0,1.0,1.0,37.31015804,0.0,0.0,0.0,0.0,0.0,,,,,,,-0.0,1.0,1.0,1.0,1.0,1.0,37.3101580436,0.0,0.0,0.0,0.0,0.0,35.89170595,1.0,0.02631659150246797,1.0,1.0,1.0,65.77194346,0.0,0.0,0.0,0.0,0.0,65.77194346,0.0,0.0,0.0,0.0,0.0,63.87974736,0.0,0.0,0.0,0.0,0.0,64.30177627,0.0,0.0,0.0,0.0,0.0,63.69720994,0.0,0.0,0.0,0.0,0.0
diverse_rec,ml20_lambda1.0,1.0,movielens_sample20of200_lambda1.0,20,3,10,37.08299272,37.08299272,36.98561444,36.45208779,0,-8.244091739,solved (0.0 s),solved (0.1 s),1,0,opt,35.28966304,1.0,0.0483598962343943,1.0,1.0,1.0,36.98561444,1.0,0.0026259552656730917,0.0,0.0,1.0,,,,,,,-0.0,1.0,1.0,1.0,1.0,1.0,36.98561444,1.0,0.0026259552656730917,0.0,0.0,1.0,35.89170595,1.0,0.03212488212574872,1.0,1.0,1.0,72.62266917,0.0,0.0,0.0,0.0,0.0,72.62266917,0.0,0.0,0.0,0.0,0.0,70.51265482,0.0,0.0,0.0,0.0,0.0,70.64440839,0.0,0.0,0.0,0.0,0.0,70.17814713,0.0,0.0,0.0,0.0,0.0
diverse_rec,ml20_lambda1.0,1.0,movielens_sample20of200_lambda1.0,20,3,11,37.08299272,37.08299272,36.98561444,36.42674899,0,-8.244091739,solved (0.0 s),solved (0.1 s),1,0,opt,35.28966304,1.0,0.0483598962343943,1.0,1.0,1.0,36.98561444,1.0,0.0026259552656730917,0.0,0.0,1.0,,,,,,,-0.0,1.0,1.0,1.0,1.0,1.0,36.98561444,1.0,0.0026259552656730917,0.0,0.0,1.0,35.89170595,1.0,0.03212488212574872,1.0,1.0,1.0,79.43607374,0.0,0.0,0.0,0.0,0.0,79.43607374,0.0,0.0,0.0,0.0,0.0,77.14411655,0.0,0.0,0.0,0.0,0.0,76.89785089,0.0,0.0,0.0,0.0,0.0,76.57783741,0.0,0.0,0.0,0.0,0.0
diverse_rec,ml20_lambda1.0,1.0,movielens_sample20of200_lambda1.0,20,3,12,37.08299272,37.08299272,36.98561444,36.38230827,0,-8.244091739,solved (0.0 s),solved (0.1 s),1,0,opt,35.28966304,1.0,0.0483598962343943,1.0,1.0,1.0,36.98561444,1.0,0.0026259552656730917,0.0,0.0,1.0,,,,,,,-0.0,1.0,1.0,1.0,1.0,1.0,36.98561444,1.0,0.0026259552656730917,0.0,0.0,1.0,35.89170595,1.0,0.03212488212574872,1.0,1.0,1.0,86.1019851,0.0,0.0,0.0,0.0,0.0,86.1019851,0.0,0.0,0.0,0.0,0.0,83.73189705,0.0,0.0,0.0,0.0,0.0,82.69886579,0.0,0.0,0.0,0.0,0.0,82.5467389,0.0,0.0,0.0,0.0,0.0
diverse_rec,ml20_lambda1.0,1.0,movielens_sample20of200_lambda1.0,20,3,13,37.08299272,37.08299272,36.98561444,36.31508861,0,-8.244091739,solved (0.0 s),solved (0.1 s),1,0,opt,35.28966304,1.0,0.0483598962343943,1.0,1.0,1.0,36.98561444,1.0,0.0026259552656730917,0.0,0.0,1.0,,,,,,,-0.0,1.0,1.0,1.0,1.0,1.0,36.98561444,1.0,0.0026259552656730917,0.0,0.0,1.0,35.89170595,1.0,0.03212488212574872,1.0,1.0,1.0,92.76142099,0.0,0.0,0.0,0.0,0.0,92.76142099,0.0,0.0,0.0,0.0,0.0,90.30235084,0.0,0.0,0.0,0.0,0.0,83.88026278,0.0,0.0,0.0,0.0,0.0,83.88026278,0.0,0.0,0.0,0.0,0.0
diverse_rec,ml20_lambda1.0,1.0,movielens_sample20of200_lambda1.0,20,3,14,37.08299272,37.08299272,36.98561444,36.2766837,0,-8.244091739,solved (0.0 s),solved (0.1 s),1,0,opt,35.28966304,1.0,0.0483598962343943,1.0,1.0,1.0,36.98561444,1.0,0.0026259552656730917,0.0,0.0,1.0,,,,,,,-0.0,1.0,1.0,1.0,1.0,1.0,36.98561444,1.0,0.0026259552656730917,0.0,0.0,1.0,35.89170595,1.0,0.03212488212574872,1.0,1.0,1.0,99.40971972,0.0,0.0,0.0,0.0,0.0,99.40971972,0.0,0.0,0.0,0.0,0.0,96.23829548,0.0,0.0,0.0,0.0,0.0,83.88026278,0.0,0.0,0.0,0.0,0.0,83.88026278,0.0,0.0,0.0,0.0,0.0
diverse_rec,ml20_lambda1.0,1.0,movielens_sample20of200_lambda1.0,20,3,15,37.08299272,37.08299272,36.98561444,36.26642391,0,-8.244091739,solved (0.0 s),solved (0.1 s),1,0,opt,35.28966304,1.0,0.0483598962343943,1.0,1.0,1.0,36.98561444,1.0,0.0026259552656730917,0.0,0.0,1.0,,,,,,,-0.0,1.0,1.0,1.0,1.0,1.0,36.98561444,1.0,0.0026259552656730917,0.0,0.0,1.0,35.89170595,1.0,0.03212488212574872,1.0,1.0,1.0,106.0426272,0.0,0.0,0.0,0.0,0.0,101.5578264,0.0,0.0,0.0,0.0,0.0,100.7709222,0.0,0.0,0.0,0.0,0.0,83.88026278,0.0,0.0,0.0,0.0,0.0,83.88026278,0.0,0.0,0.0,0.0,0.0
diverse_rec,ml20_lambda1.0,1.0,movielens_sample20of200_lambda1.0,20,3,16,37.08299272,37.08299272,36.98561444,36.26230987,0,-8.244091739,solved (0.0 s),solved (0.1 s),1,0,opt,35.28966304,1.0,0.0483598962343943,1.0,1.0,1.0,36.98561444,1.0,0.0026259552656730917,0.0,0.0,1.0,,,,,,,-0.0,1.0,1.0,1.0,1.0,1.0,36.98561444,1.0,0.0026259552656730917,0.0,0.0,1.0,35.89170595,1.0,0.03212488212574872,1.0,1.0,1.0,112.6740889,0.0,0.0,0.0,0.0,0.0,101.5578264,0.0,0.0,0.0,0.0,0.0,100.7709222,0.0,0.0,0.0,0.0,0.0,83.88026278,0.0,0.0,0.0,0.0,0.0,83.88026278,0.0,0.0,0.0,0.0,0.0
diverse_rec,ml20_lambda1.0,1.0,movielens_sample20of200_lambda1.0,20,3,17,37.08299272,37.08299272,36.98561444,36.26060034,0,-8.244091739,solved (0.0 s),solved (0.1 s),1,0,opt,35.28966304,1.0,0.0483598962343943,1.0,1.0,1.0,36.98561444,1.0,0.0026259552656730917,0.0,0.0,1.0,,,,,,,-0.0,1.0,1.0,1.0,1.0,1.0,36.98561444,1.0,0.0026259552656730917,0.0,0.0,1.0,35.89170595,1.0,0.03212488212574872,1.0,1.0,1.0,119.2618694,0.0,0.0,0.0,0.0,0.0,101.5578264,0.0,0.0,0.0,0.0,0.0,100.7709222,0.0,0.0,0.0,0.0,0.0,83.88026278,0.0,0.0,0.0,0.0,0.0,83.88026278,0.0,0.0,0.0,0.0,0.0
diverse_rec,ml20_lambda1.0,1.0,movielens_sample20of200_lambda1.0,20,3,18,37.08299272,37.08299272,36.98561444,36.27186625,0,-8.244091739,solved (0.0 s),solved (0.1 s),1,0,opt,35.28966304,1.0,0.0483598962343943,1.0,1.0,1.0,36.98561444,1.0,0.0026259552656730917,0.0,0.0,1.0,,,,,,,-0.0,1.0,1.0,1.0,1.0,1.0,36.98561444,1.0,0.0026259552656730917,0.0,0.0,1.0,35.89170595,1.0,0.03212488212574872,1.0,1.0,1.0,125.8323232,0.0,0.0,0.0,0.0,0.0,101.5578264,0.0,0.0,0.0,0.0,0.0,100.7709222,0.0,0.0,0.0,0.0,0.0,83.88026278,0.0,0.0,0.0,0.0,0.0,83.88026278,0.0,0.0,0.0,0.0,0.0
diverse_rec,ml20_lambda1.0,1.0,movielens_sample20of200_lambda1.0,20,3,19,37.08299272,37.08299272,36.98561444,36.26530898,0,-8.244091739,solved (0.0 s),solved (0.1 s),1,0,opt,35.28966304,1.0,0.0483598962343943,1.0,1.0,1.0,36.98561444,1.0,0.0026259552656730917,0.0,0.0,1.0,,,,,,,-0.0,1.0,1.0,1.0,1.0,1.0,36.98561444,1.0,0.0026259552656730917,0.0,0.0,1.0,35.89170595,1.0,0.03212488212574872,1.0,1.0,1.0,131.7682678,0.0,0.0,0.0,0.0,0.0,101.5578264,0.0,0.0,0.0,0.0,0.0,100.7709222,0.0,0.0,0.0,0.0,0.0,83.88026278,0.0,0.0,0.0,0.0,0.0,83.88026278,0.0,0.0,0.0,0.0,0.0
diverse_rec,ml20_lambda1.0,1.0,movielens_sample20of200_lambda1.0,20,3,20,37.08299272,37.08299272,36.98561444,36.24476247,0,-8.244091739,solved (0.0 s),solved (0.1 s),1,0,opt,35.28966304,1.0,0.0483598962343943,1.0,1.0,1.0,36.98561444,1.0,0.0026259552656730917,0.0,0.0,1.0,,,,,,,-0.0,1.0,1.0,1.0,1.0,1.0,36.98561444,1.0,0.0026259552656730917,0.0,0.0,1.0,35.89170595,1.0,0.03212488212574872,1.0,1.0,1.0,137.4958794,0.0,0.0,0.0,0.0,0.0,101.5578264,0.0,0.0,0.0,0.0,0.0,100.7709222,0.0,0.0,0.0,0.0,0.0,83.88026278,0.0,0.0,0.0,0.0,0.0,83.88026278,0.0,0.0,0.0,0.0,0.0
diverse_rec,ml20_lambda1.0,1.0,movielens_sample20of200_lambda1.0,20,4,1,8.433471541,8.433471541,8.433471541,8.433471541,0,-8.433471541,solved (0.0 s),solved (0.0 s),1,0,opt,8.433471541,0.0,0.0,0.0,0.0,0.0,8.433471541,0.0,0.0,0.0,0.0,0.0,,,,,,,-0.0,1.0,1.0,1.0,1.0,1.0,8.433471541,0.0,0.0,0.0,0.0,0.0,8.433471541,0.0,0.0,0.0,0.0,0.0,8.433471541,0.0,0.0,0.0,0.0,0.0,8.433471541,0.0,0.0,0.0,0.0,0.0,8.433471541,0.0,0.0,0.0,0.0,0.0,8.433471541,0.0,0.0,0.0,0.0,0.0,8.433471541,0.0,0.0,0.0,0.0,0.0
diverse_rec,ml20_lambda1.0,1.0,movielens_sample20of200_lambda1.0,20,4,2,15.88429457,15.88429457,15.82520381,15.80852199,0,-8.433471541,solved (0.0 s),solved (0.0 s),1,0,opt,16.74275443,0.0,0.0,0.0,0.0,0.0,16.82276312,0.0,0.0,0.0,0.0,0.0,,,,,,,-0.0,1.0,1.0,1.0,1.0,1.0,16.74275443,0.0,0.0,0.0,0.0,0.0,16.74275443,0.0,0.0,0.0,0.0,0.0,16.82276312,0.0,0.0,0.0,0.0,0.0,16.82276312,0.0,0.0,0.0,0.0,0.0,16.74275443,0.0,0.0,0.0,0.0,0.0,16.81462873,0.0,0.0,0.0,0.0,0.0,16.81046592,0.0,0.0,0.0,0.0,0.0
diverse_rec,ml20_lambda1.0,1.0,movielens_sample20of200_lambda1.0,20,4,3,22.22238699,22.22238699,22.22238699,22.00935146,0,-8.433471541,solved (0.0 s),solved (0.0 s),1,0,opt,24.89897096,0.0,0.0,0.0,0.0,0.0,25.13204601,0.0,0.0,0.0,0.0,0.0,,,,,,,-0.0,1.0,1.0,1.0,1.0,1.0,24.89897096,0.0,0.0,0.0,0.0,0.0,24.89897096,0.0,0.0,0.0,0.0,0.0,25.13204601,0.0,0.0,0.0,0.0,0.0,25.13204601,0.0,0.0,0.0,0.0,0.0,24.89897096,0.0,0.0,0.0,0.0,0.0,25.07860715,0.0,0.0,0.0,0.0,0.0,25.05737165,0.0,0.0,0.0,0.0,0.0
diverse_rec,ml20_lambda1.0,1.0,movielens_sample20of200_lambda1.0,20,4,4,27.48831928,27.48831928,27.48831928,27.16578217,0,-8.433471541,solved (0.0 s),solved (0.0 s),1,0,opt,32.74738763,0.0,0.0,0.0,0.0,0.0,33.28826254,0.0,0.0,0.0,0.0,0.0,,,,,,,-0.0,1.0,1.0,1.0,1.0,1.0,32.74738763,0.0,0.0,0.0,0.0,0.0,32.74738763,0.0,0.0,0.0,0.0,0.0,33.28826254,0.0,0.0,0.0,0.0,0.0,33.28826254,0.0,0.0,0.0,0.0,0.0,32.74738763,0.0,0.0,0.0,0.0,0.0,33.07535177,0.0,0.0,0.0,0.0,0.0,33.00038287,0.0,0.0,0.0,0.0,0.0
diverse_rec,ml20_lambda1.0,1.0,movielens_sample20of200_lambda1.0,20,4,5,31.8602092,31.8602092,31.8602092,31.42436867,0,-8.433471541,solved (0.0 s),solved (0.0 s),1,0,opt,39.44435473,0.0,0.0,0.0,0.0,0.0,41.17982962,0.0,0.0,0.0,0.0,0.0,,,,,,,-0.0,1.0,1.0,1.0,1.0,1.0,40.46521501,0.0,0.0,0.0,0.0,0.0,39.79349588,0.0,0.0,0.0,0.0,0.0,41.17982962,0.0,0.0,0.0,0.0,0.0,41.17982962,0.0,0.0,0.0,0.0,0.0,40.46521501,0.0,0.0,0.0,0.0,0.0,40.81200215,0.0,0.0,0.0,0.0,0.0,40.75787151,0.0,0.0,0.0,0.0,0.0
diverse_rec,ml20_lambda1.0,1.0,movielens_sample20of200_lambda1.0,20,4,6,35.26780014,35.26780014,35.26780014,34.77536058,0,-8.433471541,solved (0.0 s),solved (0.0 s),1,0,opt,39.44435473,0.0,0.0,0.0,0.0,0.0,49.02824629,0.0,0.0,0.0,0.0,0.0,,,,,,,-0.0,1.0,1.0,1.0,1.0,1.0,48.15798715,0.0,0.0,0.0,0.0,0.0,39.79349588,0.0,0.0,0.0,0.0,0.0,49.02824629,0.0,0.0,0.0,0.0,0.0,49.02824629,0.0,0.0,0.0,0.0,0.0,48.15798715,0.0,0.0,0.0,0.0,0.0,48.50568758,0.0,0.0,0.0,0.0,0.0,48.32738969,0.0,0.0,0.0,0.0,0.0
diverse_rec,ml20_lambda1.0,1.0,movielens_sample20of200_lambda1.0,20,4,7,37.81927828,37.81927828,37.81927828,37.28790221,0,-8.433471541,solved (0.0 s),solved (0.0 s),1,0,opt,39.44435473,0.0,0.0,0.0,0.0,0.0,48.57129928,0.0,0.0,0.0,0.0,0.0,,,,,,,-0.0,1.0,1.0,1.0,1.0,1.0,48.34595292,0.0,0.0,0.0,0.0,0.0,39.79349588,0.0,0.0,0.0,0.0,0.0,56.86801473,0.0,0.0,0.0,0.0,0.0,56.86801473,0.0,0.0,0.0,0.0,0.0,55.72495931,0.0,0.0,0.0,0.0,0.0,56.12556164,0.0,0.0,0.0,0.0,0.0,55.78157631,0.0,0.0,0.0,0.0,0.0
diverse_rec,ml20_lambda1.0,1.0,movielens_sample20of200_lambda1.0,20,4,8,39.46652596,39.46652596,39.42815277,38.99834183,0,-8.433471541,solved (0.0 s),solved (0.0 s),1,0,opt,39.44435473,1.0,0.0005617730332400881,0.0,0.0,1.0,45.45996485,0.0,0.0,0.0,0.0,0.0,,,,,,,-0.0,1.0,1.0,1.0,1.0,1.0,45.19395377399999,0.0,0.0,0.0,0.0,0.0,39.79349588,0.0,0.0,0.0,0.0,0.0,64.66120554,0.0,0.0,0.0,0.0,0.0,64.66120554,0.0,0.0,0.0,0.0,0.0,63.12435633,0.0,0.0,0.0,0.0,0.0,63.67338872,0.0,0.0,0.0,0.0,0.0,63.05741085,0.0,0.0,0.0,0.0,0.0
diverse_rec,ml20_lambda1.0,1.0,movielens_sample20of200_lambda1.0,20,4,9,40.47773628,40.47773628,40.29486908,39.89745472,0,-8.433471541,solved (0.0 s),solved (0.0 s),1,0,opt,39.44435473,1.0,0.025529628012093006,1.0,1.0,1.0,40.44076546,1.0,0.0009133618477144867,0.0,0.0,1.0,,,,,,,-0.0,1.0,1.0,1.0,1.0,1.0,40.4407654595,1.0,0.000913361860067001,0.0,0.0,1.0,39.79349588,1.0,0.01690411724773459,1.0,1.0,1.0,72.41713347,0.0,0.0,0.0,0.0,0.0,72.41713347,0.0,0.0,0.0,0.0,0.0,70.4949734,0.0,0.0,0.0,0.0,0.0,70.86706159,0.0,0.0,0.0,0.0,0.0,70.28371829,0.0,0.0,0.0,0.0,0.0
diverse_rec,ml20_lambda1.0,1.0,movielens_sample20of200_lambda1.0,20,4,10,40.6915608,40.6915608,40.40982285,40.04921033,0,-8.433471541,solved (0.0 s),solved (0.0 s),1,0,opt,39.44435473,1.0,0.030650239152291186,1.0,1.0,1.0,40.40982285,1.0,0.006923744001483476,0.0,0.0,1.0,,,,,,,-0.0,1.0,1.0,1.0,1.0,1.0,40.40982285,1.0,0.006923744001483476,0.0,0.0,1.0,39.79349588,1.0,0.02207005340527503,1.0,1.0,1.0,80.13496085,0.0,0.0,0.0,0.0,0.0,80.13496085,0.0,0.0,0.0,0.0,0.0,77.82781961,0.0,0.0,0.0,0.0,0.0,77.70517305,0.0,0.0,0.0,0.0,0.0,77.40049759,0.0,0.0,0.0,0.0,0.0
diverse_rec,ml20_lambda1.0,1.0,movielens_sample20of200_lambda1.0,20,4,11,40.6915608,40.6915608,40.40982285,40.01595902,0,-8.433471541,solved (0.0 s),solved (0.0 s),1,0,opt,39.44435473,1.0,0.030650239152291186,1.0,1.0,1.0,40.40982285,1.0,0.006923744001483476,0.0,0.0,1.0,,,,,,,-0.0,1.0,1.0,1.0,1.0,1.0,40.40982285,1.0,0.006923744001483476,0.0,0.0,1.0,39.79349588,1.0,0.02207005340527503,1.0,1.0,1.0,87.82773299,0.0,0.0,0.0,0.0,0.0,87.82773299,0.0,0.0,0.0,0.0,0.0,84.91370314,0.0,0.0,0.0,0.0,0.0,83.93185598,0.0,0.0,0.0,0.0,0.0,83.86488877,0.0,0.0,0.0,0.0,0.0
diverse_rec,ml20_lambda1.0,1.0,movielens_sample20of200_lambda1.0,20,4,12,40.6915608,40.6915608,40.40982285,39.96645125,0,-8.433471541,solved (0.0 s),solved (0.0 s),1,0,opt,39.44435473,1.0,0.030650239152291186,1.0,1.0,1.0,40.40982285,1.0,0.006923744001483476,0.0,0.0,1.0,,,,,,,-0.0,1.0,1.0,1.0,1.0,1.0,40.40982285,1.0,0.006923744001483476,0.0,0.0,1.0,39.79349588,1.0,0.02207005340527503,1.0,1.0,1.0,95.39470515,0.0,0.0,0.0,0.0,0.0,95.39470515,0.0,0.0,0.0,0.0,0.0,91.7097888,0.0,0.0,0.0,0.0,0.0,89.77573922,0.0,0.0,0.0,0.0,0.0,89.77271879,0.0,0.0,0.0,0.0,0.0
diverse_rec,ml20_lambda1.0,1.0,movielens_sample20of200_lambda1.0,20,4,13,40.6915608,40.6915608,40.40982285,39.93526368,0,-8.433471541,solved (0.0 s),solved (0.0 s),1,0,opt,39.44435473,1.0,0.030650239152291186,1.0,1.0,1.0,40.40982285,1.0,0.006923744001483476,0.0,0.0,1.0,,,,,,,-0.0,1.0,1.0,1.0,1.0,1.0,40.40982285,1.0,0.006923744001483476,0.0,0.0,1.0,39.79349588,1.0,0.02207005340527503,1.0,1.0,1.0,102.7941022,0.0,0.0,0.0,0.0,0.0,102.7941022,0.0,0.0,0.0,0.0,0.0,98.48993807,0.0,0.0,0.0,0.0,0.0,91.73597671,0.0,0.0,0.0,0.0,0.0,91.73597671,0.0,0.0,0.0,0.0,0.0
diverse_rec,ml20_lambda1.0,1.0,movielens_sample20of200_lambda1.0,20,4,14,40.6915608,40.6915608,40.40982285,39.91808066,0,-8.433471541,solved (0.0 s),solved (0.0 s),1,0,opt,39.44435473,1.0,0.030650239152291186,1.0,1.0,1.0,40.40982285,1.0,0.006923744001483476,0.0,0.0,1.0,,,,,,,-0.0,1.0,1.0,1.0,1.0,1.0,40.40982285,1.0,0.006923744001483476,0.0,0.0,1.0,39.79349588,1.0,0.02207005340527503,1.0,1.0,1.0,110.1647192,0.0,0.0,0.0,0.0,0.0,110.1647192,0.0,0.0,0.0,0.0,0.0,105.1362077,0.0,0.0,0.0,0.0,0.0,91.73597671,0.0,0.0,0.0,0.0,0.0,91.73597671,0.0,0.0,0.0,0.0,0.0
diverse_rec,ml20_lambda1.0,1.0,movielens_sample20of200_lambda1.0,20,4,15,40.6915608,40.6915608,40.40982285,39.90792471,0,-8.433471541,solved (0.0 s),solved (0.0 s),1,0,opt,39.44435473,1.0,0.030650239152291186,1.0,1.0,1.0,40.40982285,1.0,0.006923744001483476,0.0,0.0,1.0,,,,,,,-0.0,1.0,1.0,1.0,1.0,1.0,40.40982285,1.0,0.006923744001483476,0.0,0.0,1.0,39.79349588,1.0,0.02207005340527503,1.0,1.0,1.0,117.4975654,0.0,0.0,0.0,0.0,0.0,111.7833589,0.0,0.0,0.0,0.0,0.0,111.0244217,0.0,0.0,0.0,0.0,0.0,91.73597671,0.0,0.0,0.0,0.0,0.0,91.73597671,0.0,0.0,0.0,0.0,0.0
diverse_rec,ml20_lambda1.0,1.0,movielens_sample20of200_lambda1.0,20,4,16,40.6915608,40.6915608,40.40982285,39.85801133,0,-8.433471541,solved (0.0 s),solved (0.0 s),1,0,opt,39.44435473,1.0,0.030650239152291186,1.0,1.0,1.0,40.40982285,1.0,0.006923744001483476,0.0,0.0,1.0,,,,,,,-0.0,1.0,1.0,1.0,1.0,1.0,40.40982285,1.0,0.006923744001483476,0.0,0.0,1.0,39.79349588,1.0,0.02207005340527503,1.0,1.0,1.0,124.583449,0.0,0.0,0.0,0.0,0.0,111.7833589,0.0,0.0,0.0,0.0,0.0,111.0244217,0.0,0.0,0.0,0.0,0.0,91.73597671,0.0,0.0,0.0,0.0,0.0,91.73597671,0.0,0.0,0.0,0.0,0.0
diverse_rec,ml20_lambda1.0,1.0,movielens_sample20of200_lambda1.0,20,4,17,40.6915608,40.6915608,40.40982285,39.87189493,0,-8.433471541,solved (0.0 s),solved (0.0 s),1,0,opt,39.44435473,1.0,0.030650239152291186,1.0,1.0,1.0,40.40982285,1.0,0.006923744001483476,0.0,0.0,1.0,,,,,,,-0.0,1.0,1.0,1.0,1.0,1.0,40.40982285,1.0,0.006923744001483476,0.0,0.0,1.0,39.79349588,1.0,0.02207005340527503,1.0,1.0,1.0,131.3795346,0.0,0.0,0.0,0.0,0.0,111.7833589,0.0,0.0,0.0,0.0,0.0,111.0244217,0.0,0.0,0.0,0.0,0.0,91.73597671,0.0,0.0,0.0,0.0,0.0,91.73597671,0.0,0.0,0.0,0.0,0.0
diverse_rec,ml20_lambda1.0,1.0,movielens_sample20of200_lambda1.0,20,4,18,40.6915608,40.6915608,40.40982285,39.87099012,0,-8.433471541,solved (0.0 s),solved (0.0 s),1,0,opt,39.44435473,1.0,0.030650239152291186,1.0,1.0,1.0,40.40982285,1.0,0.006923744001483476,0.0,0.0,1.0,,,,,,,-0.0,1.0,1.0,1.0,1.0,1.0,40.40982285,1.0,0.006923744001483476,0.0,0.0,1.0,39.79349588,1.0,0.02207005340527503,1.0,1.0,1.0,138.1596839,0.0,0.0,0.0,0.0,0.0,111.7833589,0.0,0.0,0.0,0.0,0.0,111.0244217,0.0,0.0,0.0,0.0,0.0,91.73597671,0.0,0.0,0.0,0.0,0.0,91.73597671,0.0,0.0,0.0,0.0,0.0
diverse_rec,ml20_lambda1.0,1.0,movielens_sample20of200_lambda1.0,20,4,19,40.6915608,40.6915608,40.40982285,39.85431581,0,-8.433471541,solved (0.0 s),solved (0.0 s),1,0,opt,39.44435473,1.0,0.030650239152291186,1.0,1.0,1.0,40.40982285,1.0,0.006923744001483476,0.0,0.0,1.0,,,,,,,-0.0,1.0,1.0,1.0,1.0,1.0,40.40982285,1.0,0.006923744001483476,0.0,0.0,1.0,39.79349588,1.0,0.02207005340527503,1.0,1.0,1.0,144.8059536,0.0,0.0,0.0,0.0,0.0,111.7833589,0.0,0.0,0.0,0.0,0.0,111.0244217,0.0,0.0,0.0,0.0,0.0,91.73597671,0.0,0.0,0.0,0.0,0.0,91.73597671,0.0,0.0,0.0,0.0,0.0
diverse_rec,ml20_lambda1.0,1.0,movielens_sample20of200_lambda1.0,20,4,20,40.6915608,40.6915608,40.40982285,39.88298845,0,-8.433471541,solved (0.0 s),solved (0.0 s),1,0,opt,39.44435473,1.0,0.030650239152291186,1.0,1.0,1.0,40.40982285,1.0,0.006923744001483476,0.0,0.0,1.0,,,,,,,-0.0,1.0,1.0,1.0,1.0,1.0,40.40982285,1.0,0.006923744001483476,0.0,0.0,1.0,39.79349588,1.0,0.02207005340527503,1.0,1.0,1.0,151.2115117,0.0,0.0,0.0,0.0,0.0,111.7833589,0.0,0.0,0.0,0.0,0.0,111.0244217,0.0,0.0,0.0,0.0,0.0,91.73597671,0.0,0.0,0.0,0.0,0.0,91.73597671,0.0,0.0,0.0,0.0,0.0
diverse_rec,ml20_lambda1.0,1.0,movielens_sample20of200_lambda1.0,20,5,1,8.410784322,8.410784322,8.410784322,8.410784322,0,-8.410784322,solved (0.0 s),solved (0.0 s),1,0,opt,8.410784322,0.0,0.0,0.0,0.0,0.0,8.410784322,0.0,0.0,0.0,0.0,0.0,,,,,,,-0.0,1.0,1.0,1.0,1.0,1.0,8.410784322,0.0,0.0,0.0,0.0,0.0,8.410784322,0.0,0.0,0.0,0.0,0.0,8.410784322,0.0,0.0,0.0,0.0,0.0,8.410784322,0.0,0.0,0.0,0.0,0.0,8.410784322,0.0,0.0,0.0,0.0,0.0,8.410784322,0.0,0.0,0.0,0.0,0.0,8.410784322,0.0,0.0,0.0,0.0,0.0
diverse_rec,ml20_lambda1.0,1.0,movielens_sample20of200_lambda1.0,20,5,2,15.7099309,15.7099309,15.7099309,15.57553449,0,-8.410784322,solved (0.0 s),solved (0.0 s),1,0,opt,16.58988249,0.0,0.0,0.0,0.0,0.0,16.65918354,0.0,0.0,0.0,0.0,0.0,,,,,,,-0.0,1.0,1.0,1.0,1.0,1.0,16.58988249,0.0,0.0,0.0,0.0,0.0,16.58988249,0.0,0.0,0.0,0.0,0.0,16.65918354,0.0,0.0,0.0,0.0,0.0,16.65918354,0.0,0.0,0.0,0.0,0.0,16.58988249,0.0,0.0,0.0,0.0,0.0,16.64320481,0.0,0.0,0.0,0.0,0.0,16.6389827,0.0,0.0,0.0,0.0,0.0
diverse_rec,ml20_lambda1.0,1.0,movielens_sample20of200_lambda1.0,20,5,3,21.91522529,21.91522529,21.91522529,21.63875522,0,-8.410784322,solved (0.0 s),solved (0.0 s),1,0,opt,24.47952569,0.0,0.0,0.0,0.0,0.0,24.83828171,0.0,0.0,0.0,0.0,0.0,,,,,,,-0.0,1.0,1.0,1.0,1.0,1.0,24.47952569,0.0,0.0,0.0,0.0,0.0,24.47952569,0.0,0.0,0.0,0.0,0.0,24.83828171,0.0,0.0,0.0,0.0,0.0,24.83828171,0.0,0.0,0.0,0.0,0.0,24.47952569,0.0,0.0,0.0,0.0,0.0,24.74877624,0.0,0.0,0.0,0.0,0.0,24.70662196,0.0,0.0,0.0,0.0,0.0
diverse_rec,ml20_lambda1.0,1.0,movielens_sample20of200_lambda1.0,20,5,4,27.10877137,27.10877137,27.10877137,26.61280591,0,-8.410784322,solved (0.0 s),solved (0.0 s),1,0,opt,32.25536451,0.0,0.0,0.0,0.0,0.0,32.72792491,0.0,0.0,0.0,0.0,0.0,,,,,,,-0.0,1.0,1.0,1.0,1.0,1.0,32.25536451,0.0,0.0,0.0,0.0,0.0,32.25536451,0.0,0.0,0.0,0.0,0.0,32.72792491,0.0,0.0,0.0,0.0,0.0,32.72792491,0.0,0.0,0.0,0.0,0.0,32.25536451,0.0,0.0,0.0,0.0,0.0,32.519128,0.0,0.0,0.0,0.0,0.0,32.48856034,0.0,0.0,0.0,0.0,0.0
diverse_rec,ml20_lambda1.0,1.0,movielens_sample20of200_lambda1.0,20,5,5,31.20050812,31.20050812,31.20050812,30.64863379,0,-8.410784322,solved (0.0 s),solved (0.0 s),1,0,opt,38.20927908,0.0,0.0,0.0,0.0,0.0,40.50553534,0.0,0.0,0.0,0.0,0.0,,,,,,,-0.0,1.0,1.0,1.0,1.0,1.0,39.64693369,0.0,0.0,0.0,0.0,0.0,38.20927908,0.0,0.0,0.0,0.0,0.0,40.50553534,0.0,0.0,0.0,0.0,0.0,40.50553534,0.0,0.0,0.0,0.0,0.0,39.64693369,0.0,0.0,0.0,0.0,0.0,40.18318288,0.0,0.0,0.0,0.0,0.0,40.03208385,0.0,0.0,0.0,0.0,0.0
diverse_rec,ml20_lambda1.0,1.0,movielens_sample20of200_lambda1.0,20,5,6,34.4071697,34.4071697,34.4071697,33.73289255,0,-8.410784322,solved (0.0 s),solved (0.0 s),1,0,opt,38.20927908,0.0,0.0,0.0,0.0,0.0,47.6948693,0.0,0.0,0.0,0.0,0.0,,,,,,,-0.0,1.0,1.0,1.0,1.0,1.0,46.96590815,0.0,0.0,0.0,0.0,0.0,38.20927908,0.0,0.0,0.0,0.0,0.0,48.28137416,0.0,0.0,0.0,0.0,0.0,48.28137416,0.0,0.0,0.0,0.0,0.0,46.96590815,0.0,0.0,0.0,0.0,0.0,47.79765988,0.0,0.0,0.0,0.0,0.0,47.26221285,0.0,0.0,0.0,0.0,0.0
diverse_rec,ml20_lambda1.0,1.0,movielens_sample20of200_lambda1.0,20,5,7,36.74150006,36.74150006,36.74150006,36.06446315,0,-8.410784322,solved (0.0 s),solved (0.0 s),1,0,opt,38.20927908,0.0,0.0,0.0,0.0,0.0,46.51320106,0.0,0.0,0.0,0.0,0.0,,,,,,,-0.0,1.0,1.0,1.0,1.0,1.0,46.133506502,0.0,0.0,0.0,0.0,0.0,38.20927908,0.0,0.0,0.0,0.0,0.0,56.04468632,0.0,0.0,0.0,0.0,0.0,56.04468632,0.0,0.0,0.0,0.0,0.0,54.11932093,0.0,0.0,0.0,0.0,0.0,55.19070585,0.0,0.0,0.0,0.0,0.0,54.33538919,0.0,0.0,0.0,0.0,0.0
diverse_rec,ml20_lambda1.0,1.0,movielens_sample20of200_lambda1.0,20,5,8,38.22386168,38.22386168,38.22386168,37.5967875,0,-8.410784322,solved (0.0 s),solved (0.0 s),1,0,opt,38.20927908,1.0,0.0003815051478073765,1.0,0.0,1.0,43.47818832,0.0,0.0,0.0,0.0,0.0,,,,,,,-0.0,1.0,1.0,1.0,1.0,1.0,43.309051187,0.0,0.0,0.0,0.0,0.0,38.20927908,1.0,0.0003815051478073765,1.0,0.0,1.0,63.6911485,0.0,0.0,0.0,0.0,0.0,63.6911485,0.0,0.0,0.0,0.0,0.0,60.97818702,0.0,0.0,0.0,0.0,0.0,62.31862127,0.0,0.0,0.0,0.0,0.0,61.13980173,0.0,0.0,0.0,0.0,0.0
diverse_rec,ml20_lambda1.0,1.0,movielens_sample20of200_lambda1.0,20,5,9,39.03627811,39.03627811,39.02358609,38.41096393,0,-8.410784322,solved (0.0 s),solved (0.0 s),1,0,opt,38.20927908,1.0,0.021185396509103723,1.0,1.0,1.0,39.3013941,0.0,0.0,0.0,0.0,0.0,,,,,,,-0.0,1.0,1.0,1.0,1.0,1.0,39.3013941071,0.0,0.0,0.0,0.0,0.0,38.20927908,1.0,0.021185396509103723,1.0,1.0,1.0,71.17595613,0.0,0.0,0.0,0.0,0.0,71.17595613,0.0,0.0,0.0,0.0,0.0,67.76145027,0.0,0.0,0.0,0.0,0.0,69.09246532,0.0,0.0,0.0,0.0,0.0,67.84075395,0.0,0.0,0.0,0.0,0.0
diverse_rec,ml20_lambda1.0,1.0,movielens_sample20of200_lambda1.0,20,5,10,39.29105935,39.29105935,39.17006092,38.53413017,0,-8.410784322,solved (0.0 s),solved (0.0 s),1,0,opt,38.20927908,1.0,0.0275324790905643,1.0,1.0,1.0,39.17006092,1.0,0.0030795410457672024,0.0,0.0,1.0,,,,,,,-0.0,1.0,1.0,1.0,1.0,1.0,39.17006092,1.0,0.0030795410457672024,0.0,0.0,1.0,38.20927908,1.0,0.0275324790905643,1.0,1.0,1.0,78.56752531,0.0,0.0,0.0,0.0,0.0,78.56752531,0.0,0.0,0.0,0.0,0.0,74.49523111,0.0,0.0,0.0,0.0,0.0,75.37671466,0.0,0.0,0.0,0.0,0.0,74.41413902,0.0,0.0,0.0,0.0,0.0
diverse_rec,ml20_lambda1.0,1.0,movielens_sample20of200_lambda1.0,20,5,11,39.29105935,39.29105935,39.17006092,38.49316729,0,-8.410784322,solved (0.0 s),solved (0.0 s),1,0,opt,38.20927908,1.0,0.0275324790905643,1.0,1.0,1.0,39.17006092,1.0,0.0030795410457672024,0.0,0.0,1.0,,,,,,,-0.0,1.0,1.0,1.0,1.0,1.0,39.17006092,1.0,0.0030795410457672024,0.0,0.0,1.0,38.20927908,1.0,0.0275324790905643,1.0,1.0,1.0,85.88649977,0.0,0.0,0.0,0.0,0.0,85.88649977,0.0,0.0,0.0,0.0,0.0,81.10058695,0.0,0.0,0.0,0.0,0.0,81.43667099,0.0,0.0,0.0,0.0,0.0,80.78774076,0.0,0.0,0.0,0.0,0.0
diverse_rec,ml20_lambda1.0,1.0,movielens_sample20of200_lambda1.0,20,5,12,39.29105935,39.29105935,39.17006092,38.44687996,0,-8.410784322,solved (0.0 s),solved (0.0 s),1,0,opt,38.20927908,1.0,0.0275324790905643,1.0,1.0,1.0,39.17006092,1.0,0.0030795410457672024,0.0,0.0,1.0,,,,,,,-0.0,1.0,1.0,1.0,1.0,1.0,39.17006092,1.0,0.0030795410457672024,0.0,0.0,1.0,38.20927908,1.0,0.0275324790905643,1.0,1.0,1.0,93.03991255,0.0,0.0,0.0,0.0,0.0,93.03991255,0.0,0.0,0.0,0.0,0.0,87.63864319,0.0,0.0,0.0,0.0,0.0,86.85627958,0.0,0.0,0.0,0.0,0.0,86.58469212,0.0,0.0,0.0,0.0,0.0
diverse_rec,ml20_lambda1.0,1.0,movielens_sample20of200_lambda1.0,20,5,13,39.29105935,39.29105935,39.17006092,38.45969307,0,-8.410784322,solved (0.0 s),solved (0.0 s),1,0,opt,38.20927908,1.0,0.0275324790905643,1.0,1.0,1.0,39.17006092,1.0,0.0030795410457672024,0.0,0.0,1.0,,,,,,,-0.0,1.0,1.0,1.0,1.0,1.0,39.17006092,1.0,0.0030795410457672024,0.0,0.0,1.0,38.20927908,1.0,0.0275324790905643,1.0,1.0,1.0,99.89877863,0.0,0.0,0.0,0.0,0.0,99.89877863,0.0,0.0,0.0,0.0,0.0,94.12702376,0.0,0.0,0.0,0.0,0.0,88.34225817,0.0,0.0,0.0,0.0,0.0,88.34225817,0.0,0.0,0.0,0.0,0.0
diverse_rec,ml20_lambda1.0,1.0,movielens_sample20of200_lambda1.0,20,5,14,39.29105935,39.29105935,39.17006092,38.4066757,0,-8.410784322,solved (0.0 s),solved (0.0 s),1,0,opt,38.20927908,1.0,0.0275324790905643,1.0,1.0,1.0,39.17006092,1.0,0.0030795410457672024,0.0,0.0,1.0,,,,,,,-0.0,1.0,1.0,1.0,1.0,1.0,39.17006092,1.0,0.0030795410457672024,0.0,0.0,1.0,38.20927908,1.0,0.0275324790905643,1.0,1.0,1.0,106.6820419,0.0,0.0,0.0,0.0,0.0,106.6820419,0.0,0.0,0.0,0.0,0.0,100.4481757,0.0,0.0,0.0,0.0,0.0,88.34225817,0.0,0.0,0.0,0.0,0.0,88.34225817,0.0,0.0,0.0,0.0,0.0
diverse_rec,ml20_lambda1.0,1.0,movielens_sample20of200_lambda1.0,20,5,15,39.29105935,39.29105935,39.17006092,38.38266151,0,-8.410784322,solved (0.0 s),solved (0.0 s),1,0,opt,38.20927908,1.0,0.0275324790905643,1.0,1.0,1.0,39.17006092,1.0,0.0030795410457672024,0.0,0.0,1.0,,,,,,,-0.0,1.0,1.0,1.0,1.0,1.0,39.17006092,1.0,0.0030795410457672024,0.0,0.0,1.0,38.20927908,1.0,0.0275324790905643,1.0,1.0,1.0,113.4158227,0.0,0.0,0.0,0.0,0.0,107.2894364,0.0,0.0,0.0,0.0,0.0,106.5927064,0.0,0.0,0.0,0.0,0.0,88.34225817,0.0,0.0,0.0,0.0,0.0,88.34225817,0.0,0.0,0.0,0.0,0.0
diverse_rec,ml20_lambda1.0,1.0,movielens_sample20of200_lambda1.0,20,5,16,39.29105935,39.29105935,39.17006092,38.38432198,0,-8.410784322,solved (0.0 s),solved (0.0 s),1,0,opt,38.20927908,1.0,0.0275324790905643,1.0,1.0,1.0,39.17006092,1.0,0.0030795410457672024,0.0,0.0,1.0,,,,,,,-0.0,1.0,1.0,1.0,1.0,1.0,39.17006092,1.0,0.0030795410457672024,0.0,0.0,1.0,38.20927908,1.0,0.0275324790905643,1.0,1.0,1.0,120.0211786,0.0,0.0,0.0,0.0,0.0,107.2894364,0.0,0.0,0.0,0.0,0.0,106.8100916,0.0,0.0,0.0,0.0,0.0,88.34225817,0.0,0.0,0.0,0.0,0.0,88.34225817,0.0,0.0,0.0,0.0,0.0
diverse_rec,ml20_lambda1.0,1.0,movielens_sample20of200_lambda1.0,20,5,17,39.29105935,39.29105935,39.17006092,38.38026904,0,-8.410784322,solved (0.0 s),solved (0.0 s),1,0,opt,38.20927908,1.0,0.0275324790905643,1.0,1.0,1.0,39.17006092,1.0,0.0030795410457672024,0.0,0.0,1.0,,,,,,,-0.0,1.0,1.0,1.0,1.0,1.0,39.17006092,1.0,0.0030795410457672024,0.0,0.0,1.0,38.20927908,1.0,0.0275324790905643,1.0,1.0,1.0,126.5592348,0.0,0.0,0.0,0.0,0.0,107.2894364,0.0,0.0,0.0,0.0,0.0,106.8100916,0.0,0.0,0.0,0.0,0.0,88.34225817,0.0,0.0,0.0,0.0,0.0,88.34225817,0.0,0.0,0.0,0.0,0.0
diverse_rec,ml20_lambda1.0,1.0,movielens_sample20of200_lambda1.0,20,5,18,39.29105935,39.29105935,39.17006092,38.36139626,0,-8.410784322,solved (0.0 s),solved (0.0 s),1,0,opt,38.20927908,1.0,0.0275324790905643,1.0,1.0,1.0,39.17006092,1.0,0.0030795410457672024,0.0,0.0,1.0,,,,,,,-0.0,1.0,1.0,1.0,1.0,1.0,39.17006092,1.0,0.0030795410457672024,0.0,0.0,1.0,38.20927908,1.0,0.0275324790905643,1.0,1.0,1.0,133.0476154,0.0,0.0,0.0,0.0,0.0,107.2894364,0.0,0.0,0.0,0.0,0.0,106.8100916,0.0,0.0,0.0,0.0,0.0,88.34225817,0.0,0.0,0.0,0.0,0.0,88.34225817,0.0,0.0,0.0,0.0,0.0
diverse_rec,ml20_lambda1.0,1.0,movielens_sample20of200_lambda1.0,20,5,19,39.29105935,39.29105935,39.17006092,38.38201987,0,-8.410784322,solved (0.0 s),solved (0.0 s),1,0,opt,38.20927908,1.0,0.0275324790905643,1.0,1.0,1.0,39.17006092,1.0,0.0030795410457672024,0.0,0.0,1.0,,,,,,,-0.0,1.0,1.0,1.0,1.0,1.0,39.17006092,1.0,0.0030795410457672024,0.0,0.0,1.0,38.20927908,1.0,0.0275324790905643,1.0,1.0,1.0,139.3687673,0.0,0.0,0.0,0.0,0.0,107.2894364,0.0,0.0,0.0,0.0,0.0,106.8100916,0.0,0.0,0.0,0.0,0.0,88.34225817,0.0,0.0,0.0,0.0,0.0,88.34225817,0.0,0.0,0.0,0.0,0.0
diverse_rec,ml20_lambda1.0,1.0,movielens_sample20of200_lambda1.0,20,5,20,39.29105935,39.29105935,39.17006092,38.38208863,0,-8.410784322,solved (0.0 s),solved (0.0 s),1,0,opt,38.20927908,1.0,0.0275324790905643,1.0,1.0,1.0,39.17006092,1.0,0.0030795410457672024,0.0,0.0,1.0,,,,,,,-0.0,1.0,1.0,1.0,1.0,1.0,39.17006092,1.0,0.0030795410457672024,0.0,0.0,1.0,38.20927908,1.0,0.0275324790905643,1.0,1.0,1.0,145.513298,0.0,0.0,0.0,0.0,0.0,107.2894364,0.0,0.0,0.0,0.0,0.0,106.8100916,0.0,0.0,0.0,0.0,0.0,88.34225817,0.0,0.0,0.0,0.0,0.0,88.34225817,0.0,0.0,0.0,0.0,0.0
diverse_rec,ml20_lambda1.0,1.0,movielens_sample20of200_lambda1.0,20,6,1,8.66981541,8.66981541,8.66981541,8.66981541,0,-8.66981541,solved (0.0 s),solved (0.1 s),1,0,opt,8.66981541,0.0,0.0,0.0,0.0,0.0,8.66981541,0.0,0.0,0.0,0.0,0.0,,,,,,,-0.0,1.0,1.0,1.0,1.0,1.0,8.66981541,0.0,0.0,0.0,0.0,0.0,8.66981541,0.0,0.0,0.0,0.0,0.0,8.66981541,0.0,0.0,0.0,0.0,0.0,8.66981541,0.0,0.0,0.0,0.0,0.0,8.66981541,0.0,0.0,0.0,0.0,0.0,8.66981541,0.0,0.0,0.0,0.0,0.0,8.66981541,0.0,0.0,0.0,0.0,0.0
diverse_rec,ml20_lambda1.0,1.0,movielens_sample20of200_lambda1.0,20,6,2,15.82808183,15.82808183,15.82808183,15.69627605,0,-8.66981541,solved (0.0 s),solved (0.1 s),1,0,opt,16.84505399,0.0,0.0,0.0,0.0,0.0,16.87882394,0.0,0.0,0.0,0.0,0.0,,,,,,,-0.0,1.0,1.0,1.0,1.0,1.0,16.84505399,0.0,0.0,0.0,0.0,0.0,16.84505399,0.0,0.0,0.0,0.0,0.0,16.87882394,0.0,0.0,0.0,0.0,0.0,16.87882394,0.0,0.0,0.0,0.0,0.0,16.84505399,0.0,0.0,0.0,0.0,0.0,16.84674857,0.0,0.0,0.0,0.0,0.0,16.84487614,0.0,0.0,0.0,0.0,0.0
diverse_rec,ml20_lambda1.0,1.0,movielens_sample20of200_lambda1.0,20,6,3,21.90491213,21.90491213,21.90491213,21.65256157,0,-8.66981541,solved (0.0 s),solved (0.1 s),1,0,opt,24.79365605,0.0,0.0,0.0,0.0,0.0,25.05406252,0.0,0.0,0.0,0.0,0.0,,,,,,,-0.0,1.0,1.0,1.0,1.0,1.0,24.79365605,0.0,0.0,0.0,0.0,0.0,24.79365605,0.0,0.0,0.0,0.0,0.0,25.05406252,0.0,0.0,0.0,0.0,0.0,25.05406252,0.0,0.0,0.0,0.0,0.0,24.79365605,0.0,0.0,0.0,0.0,0.0,24.93566363,0.0,0.0,0.0,0.0,0.0,24.90104549,0.0,0.0,0.0,0.0,0.0
diverse_rec,ml20_lambda1.0,1.0,movielens_sample20of200_lambda1.0,20,6,4,27.06013022,27.06013022,27.06013022,26.64830862,0,-8.66981541,solved (0.0 s),solved (0.1 s),1,0,opt,32.64181533,0.0,0.0,0.0,0.0,0.0,33.00266459,0.0,0.0,0.0,0.0,0.0,,,,,,,-0.0,1.0,1.0,1.0,1.0,1.0,32.64181533,0.0,0.0,0.0,0.0,0.0,32.64181533,0.0,0.0,0.0,0.0,0.0,33.00266459,0.0,0.0,0.0,0.0,0.0,33.00266459,0.0,0.0,0.0,0.0,0.0,32.64181533,0.0,0.0,0.0,0.0,0.0,32.76071649,0.0,0.0,0.0,0.0,0.0,32.73257859,0.0,0.0,0.0,0.0,0.0
diverse_rec,ml20_lambda1.0,1.0,movielens_sample20of200_lambda1.0,20,6,5,31.1084125,31.1084125,31.1084125,30.6853433,0,-8.66981541,solved (0.0 s),solved (0.1 s),1,0,opt,37.43955943,0.0,0.0,0.0,0.0,0.0,40.86419347,0.0,0.0,0.0,0.0,0.0,,,,,,,-0.0,1.0,1.0,1.0,1.0,1.0,40.05245948,0.0,0.0,0.0,0.0,0.0,37.43955943,0.0,0.0,0.0,0.0,0.0,40.86419347,0.0,0.0,0.0,0.0,0.0,40.86419347,0.0,0.0,0.0,0.0,0.0,40.05245948,0.0,0.0,0.0,0.0,0.0,40.51289329,0.0,0.0,0.0,0.0,0.0,40.28906437,0.0,0.0,0.0,0.0,0.0
diverse_rec,ml20_lambda1.0,1.0,movielens_sample20of200_lambda1.0,20,6,6,34.31220085,34.31220085,34.31220085,33.83851035,0,-8.66981541,solved (0.0 s),solved (0.1 s),1,0,opt,37.43955943,0.0,0.0,0.0,0.0,0.0,47.91893577,0.0,0.0,0.0,0.0,0.0,,,,,,,-0.0,1.0,1.0,1.0,1.0,1.0,47.38199792,0.0,0.0,0.0,0.0,0.0,37.43955943,0.0,0.0,0.0,0.0,0.0,48.71235275,0.0,0.0,0.0,0.0,0.0,48.71235275,0.0,0.0,0.0,0.0,0.0,47.38199792,0.0,0.0,0.0,0.0,0.0,48.20548268,0.0,0.0,0.0,0.0,0.0,47.55878743,0.0,0.0,0.0,0.0,0.0
diverse_rec,ml20_lambda1.0,1.0,movielens_sample20of200_lambda1.0,20,6,7,36.66467971,36.66467971,36.66467971,36.1645069,0,-8.66981541,solved (0.0 s),solved (0.1 s),1,0,opt,37.43955943,0.0,0.0,0.0,0.0,0.0,46.58340123,0.0,0.0,0.0,0.0,0.0,,,,,,,-0.0,1.0,1.0,1.0,1.0,1.0,46.272390489,0.0,0.0,0.0,0.0,0.0,37.43955943,0.0,0.0,0.0,0.0,0.0,56.51173122,0.0,0.0,0.0,0.0,0.0,56.51173122,0.0,0.0,0.0,0.0,0.0,54.68436229,0.0,0.0,0.0,0.0,0.0,55.82583018,0.0,0.0,0.0,0.0,0.0,54.78491317,0.0,0.0,0.0,0.0,0.0
diverse_rec,ml20_lambda1.0,1.0,movielens_sample20of200_lambda1.0,20,6,8,38.23696638,38.23696638,38.21198928,37.73566081,0,-8.66981541,solved (0.0 s),solved (0.1 s),1,0,opt,37.43955943,1.0,0.02085434660467946,1.0,1.0,1.0,43.75435346,0.0,0.0,0.0,0.0,0.0,,,,,,,-0.0,1.0,1.0,1.0,1.0,1.0,43.531086646,0.0,0.0,0.0,0.0,0.0,37.43955943,1.0,0.02085434660467946,1.0,1.0,1.0,64.24181602,0.0,0.0,0.0,0.0,0.0,64.24181602,0.0,0.0,0.0,0.0,0.0,61.6576936,0.0,0.0,0.0,0.0,0.0,63.07473942,0.0,0.0,0.0,0.0,0.0,61.69574251,0.0,0.0,0.0,0.0,0.0
diverse_rec,ml20_lambda1.0,1.0,movielens_sample20of200_lambda1.0,20,6,9,39.14601022,39.14601022,39.03019818,38.58269935,0,-8.66981541,solved (0.0 s),solved (0.1 s),1,0,opt,37.43955943,1.0,0.043591946673741964,1.0,1.0,1.0,39.30486196,0.0,0.0,0.0,0.0,0.0,,,,,,,-0.0,1.0,1.0,1.0,1.0,1.0,39.304861967,0.0,0.0,0.0,0.0,0.0,37.43955943,1.0,0.043591946673741964,1.0,1.0,1.0,71.97109417,0.0,0.0,0.0,0.0,0.0,71.97109417,0.0,0.0,0.0,0.0,0.0,68.5920329,0.0,0.0,0.0,0.0,0.0,70.00156054,0.0,0.0,0.0,0.0,0.0,68.52833389,0.0,0.0,0.0,0.0,0.0
diverse_rec,ml20_lambda1.0,1.0,movielens_sample20of200_lambda1.0,20,6,10,39.42850838,39.42850838,39.17235786,38.7366401,0,-8.66981541,solved (0.0 s),solved (0.1 s),1,0,opt,37.43955943,1.0,0.05044443809111691,1.0,1.0,1.0,39.17235786,1.0,0.00649658154783076,0.0,0.0,1.0,,,,,,,-0.0,1.0,1.0,1.0,1.0,1.0,39.17235786,1.0,0.00649658154783076,0.0,0.0,1.0,37.43955943,1.0,0.05044443809111691,1.0,1.0,1.0,79.38173831,0.0,0.0,0.0,0.0,0.0,79.38173831,0.0,0.0,0.0,0.0,0.0,75.29012552,0.0,0.0,0.0,0.0,0.0,76.40875237,0.0,0.0,0.0,0.0,0.0,75.1604537,0.0,0.0,0.0,0.0,0.0
diverse_rec,ml20_lambda1.0,1.0,movielens_sample20of200_lambda1.0,20,6,11,39.42850838,39.42850838,39.17235786,38.71095343,0,-8.66981541,solved (0.0 s),solved (0.1 s),1,0,opt,37.43955943,1.0,0.05044443809111691,1.0,1.0,1.0,39.17235786,1.0,0.00649658154783076,0.0,0.0,1.0,,,,,,,-0.0,1.0,1.0,1.0,1.0,1.0,39.17235786,1.0,0.00649658154783076,0.0,0.0,1.0,37.43955943,1.0,0.05044443809111691,1.0,1.0,1.0,86.71127676,0.0,0.0,0.0,0.0,0.0,86.71127676,0.0,0.0,0.0,0.0,0.0,81.9287591,0.0,0.0,0.0,0.0,0.0,82.4484138,0.0,0.0,0.0,0.0,0.0,81.60734501,0.0,0.0,0.0,0.0,0.0
diverse_rec,ml20_lambda1.0,1.0,movielens_sample20of200_lambda1.0,20,6,12,39.42850838,39.42850838,39.17235786,38.66649131,0,-8.66981541,solved (0.0 s),solved (0.1 s),1,0,opt,37.43955943,1.0,0.05044443809111691,1.0,1.0,1.0,39.17235786,1.0,0.00649658154783076,0.0,0.0,1.0,,,,,,,-0.0,1.0,1.0,1.0,1.0,1.0,39.17235786,1.0,0.00649658154783076,0.0,0.0,1.0,37.43955943,1.0,0.05044443809111691,1.0,1.0,1.0,94.01364113,0.0,0.0,0.0,0.0,0.0,94.01364113,0.0,0.0,0.0,0.0,0.0,88.45841413,0.0,0.0,0.0,0.0,0.0,87.98020912,0.0,0.0,0.0,0.0,0.0,87.61434269,0.0,0.0,0.0,0.0,0.0
diverse_rec,ml20_lambda1.0,1.0,movielens_sample20of200_lambda1.0,20,6,13,39.42850838,39.42850838,39.17235786,38.65747506,0,-8.66981541,solved (0.0 s),solved (0.1 s),1,0,opt,37.43955943,1.0,0.05044443809111691,1.0,1.0,1.0,39.17235786,1.0,0.00649658154783076,0.0,0.0,1.0,,,,,,,-0.0,1.0,1.0,1.0,1.0,1.0,39.17235786,1.0,0.00649658154783076,0.0,0.0,1.0,37.43955943,1.0,0.05044443809111691,1.0,1.0,1.0,100.9869724,0.0,0.0,0.0,0.0,0.0,100.9869724,0.0,0.0,0.0,0.0,0.0,94.83554634,0.0,0.0,0.0,0.0,0.0,89.29940297,0.0,0.0,0.0,0.0,0.0,89.29940297,0.0,0.0,0.0,0.0,0.0
diverse_rec,ml20_lambda1.0,1.0,movielens_sample20of200_lambda1.0,20,6,14,39.42850838,39.42850838,39.17235786,38.6502805,0,-8.66981541,solved (0.0 s),solved (0.1 s),1,0,opt,37.43955943,1.0,0.05044443809111691,1.0,1.0,1.0,39.17235786,1.0,0.00649658154783076,0.0,0.0,1.0,,,,,,,-0.0,1.0,1.0,1.0,1.0,1.0,39.17235786,1.0,0.00649658154783076,0.0,0.0,1.0,37.43955943,1.0,0.05044443809111691,1.0,1.0,1.0,107.9213117,0.0,0.0,0.0,0.0,0.0,107.9213117,0.0,0.0,0.0,0.0,0.0,101.0571075,0.0,0.0,0.0,0.0,0.0,89.29940297,0.0,0.0,0.0,0.0,0.0,89.29940297,0.0,0.0,0.0,0.0,0.0
diverse_rec,ml20_lambda1.0,1.0,movielens_sample20of200_lambda1.0,20,6,15,39.42850838,39.42850838,39.17235786,38.61225156,0,-8.66981541,solved (0.0 s),solved (0.1 s),1,0,opt,37.43955943,1.0,0.05044443809111691,1.0,1.0,1.0,39.17235786,1.0,0.00649658154783076,0.0,0.0,1.0,,,,,,,-0.0,1.0,1.0,1.0,1.0,1.0,39.17235786,1.0,0.00649658154783076,0.0,0.0,1.0,37.43955943,1.0,0.05044443809111691,1.0,1.0,1.0,114.6194044,0.0,0.0,0.0,0.0,0.0,108.2377194,0.0,0.0,0.0,0.0,0.0,107.1204299,0.0,0.0,0.0,0.0,0.0,89.29940297,0.0,0.0,0.0,0.0,0.0,89.29940297,0.0,0.0,0.0,0.0,0.0
diverse_rec,ml20_lambda1.0,1.0,movielens_sample20of200_lambda1.0,20,6,16,39.42850838,39.42850838,39.17235786,38.6385148,0,-8.66981541,solved (0.0 s),solved (0.1 s),1,0,opt,37.43955943,1.0,0.05044443809111691,1.0,1.0,1.0,39.17235786,1.0,0.00649658154783076,0.0,0.0,1.0,,,,,,,-0.0,1.0,1.0,1.0,1.0,1.0,39.17235786,1.0,0.00649658154783076,0.0,0.0,1.0,37.43955943,1.0,0.05044443809111691,1.0,1.0,1.0,121.2580379,0.0,0.0,0.0,0.0,0.0,108.2377194,0.0,0.0,0.0,0.0,0.0,107.6311238,0.0,0.0,0.0,0.0,0.0,89.29940297,0.0,0.0,0.0,0.0,0.0,89.29940297,0.0,0.0,0.0,0.0,0.0
diverse_rec,ml20_lambda1.0,1.0,movielens_sample20of200_lambda1.0,20,6,17,39.42850838,39.42850838,39.17235786,38.6224711,0,-8.66981541,solved (0.0 s),solved (0.1 s),1,0,opt,37.43955943,1.0,0.05044443809111691,1.0,1.0,1.0,39.17235786,1.0,0.00649658154783076,0.0,0.0,1.0,,,,,,,-0.0,1.0,1.0,1.0,1.0,1.0,39.17235786,1.0,0.00649658154783076,0.0,0.0,1.0,37.43955943,1.0,0.05044443809111691,1.0,1.0,1.0,127.787693,0.0,0.0,0.0,0.0,0.0,108.2377194,0.0,0.0,0.0,0.0,0.0,107.6311238,0.0,0.0,0.0,0.0,0.0,89.29940297,0.0,0.0,0.0,0.0,0.0,89.29940297,0.0,0.0,0.0,0.0,0.0
diverse_rec,ml20_lambda1.0,1.0,movielens_sample20of200_lambda1.0,20,6,18,39.42850838,39.42850838,39.17235786,38.61756603,0,-8.66981541,solved (0.0 s),solved (0.1 s),1,0,opt,37.43955943,1.0,0.05044443809111691,1.0,1.0,1.0,39.17235786,1.0,0.00649658154783076,0.0,0.0,1.0,,,,,,,-0.0,1.0,1.0,1.0,1.0,1.0,39.17235786,1.0,0.00649658154783076,0.0,0.0,1.0,37.43955943,1.0,0.05044443809111691,1.0,1.0,1.0,134.1648252,0.0,0.0,0.0,0.0,0.0,108.2377194,0.0,0.0,0.0,0.0,0.0,107.6311238,0.0,0.0,0.0,0.0,0.0,89.29940297,0.0,0.0,0.0,0.0,0.0,89.29940297,0.0,0.0,0.0,0.0,0.0
diverse_rec,ml20_lambda1.0,1.0,movielens_sample20of200_lambda1.0,20,6,19,39.42850838,39.42850838,39.17235786,38.59730186,0,-8.66981541,solved (0.0 s),solved (0.1 s),1,0,opt,37.43955943,1.0,0.05044443809111691,1.0,1.0,1.0,39.17235786,1.0,0.00649658154783076,0.0,0.0,1.0,,,,,,,-0.0,1.0,1.0,1.0,1.0,1.0,39.17235786,1.0,0.00649658154783076,0.0,0.0,1.0,37.43955943,1.0,0.05044443809111691,1.0,1.0,1.0,140.3863864,0.0,0.0,0.0,0.0,0.0,108.2377194,0.0,0.0,0.0,0.0,0.0,107.6311238,0.0,0.0,0.0,0.0,0.0,89.29940297,0.0,0.0,0.0,0.0,0.0,89.29940297,0.0,0.0,0.0,0.0,0.0
diverse_rec,ml20_lambda1.0,1.0,movielens_sample20of200_lambda1.0,20,6,20,39.42850838,39.42850838,39.17235786,38.6030704,0,-8.66981541,solved (0.0 s),solved (0.1 s),1,0,opt,37.43955943,1.0,0.05044443809111691,1.0,1.0,1.0,39.17235786,1.0,0.00649658154783076,0.0,0.0,1.0,,,,,,,-0.0,1.0,1.0,1.0,1.0,1.0,39.17235786,1.0,0.00649658154783076,0.0,0.0,1.0,37.43955943,1.0,0.05044443809111691,1.0,1.0,1.0,146.4497087,0.0,0.0,0.0,0.0,0.0,108.2377194,0.0,0.0,0.0,0.0,0.0,107.6311238,0.0,0.0,0.0,0.0,0.0,89.29940297,0.0,0.0,0.0,0.0,0.0,89.29940297,0.0,0.0,0.0,0.0,0.0
diverse_rec,ml20_lambda1.0,1.0,movielens_sample20of200_lambda1.0,20,7,1,9.004139193,9.004139193,9.004139193,9.004139193,0,-9.004139193,solved (0.0 s),solved (0.0 s),1,0,opt,9.004139193,0.0,0.0,0.0,0.0,0.0,9.004139193,0.0,0.0,0.0,0.0,0.0,,,,,,,-0.0,1.0,1.0,1.0,1.0,1.0,9.004139193,0.0,0.0,0.0,0.0,0.0,9.004139193,0.0,0.0,0.0,0.0,0.0,9.004139193,0.0,0.0,0.0,0.0,0.0,9.004139193,0.0,0.0,0.0,0.0,0.0,9.004139193,0.0,0.0,0.0,0.0,0.0,9.004139193,0.0,0.0,0.0,0.0,0.0,9.004139193,0.0,0.0,0.0,0.0,0.0
diverse_rec,ml20_lambda1.0,1.0,movielens_sample20of200_lambda1.0,20,7,2,16.75755427,16.75755427,16.75755427,16.66469824,0,-9.004139193,solved (0.0 s),solved (0.0 s),1,0,opt,17.72668025,0.0,0.0,0.0,0.0,0.0,17.9960793,0.0,0.0,0.0,0.0,0.0,,,,,,,-0.0,1.0,1.0,1.0,1.0,1.0,17.72668025,0.0,0.0,0.0,0.0,0.0,17.72668025,0.0,0.0,0.0,0.0,0.0,17.9960793,0.0,0.0,0.0,0.0,0.0,17.9960793,0.0,0.0,0.0,0.0,0.0,17.72668025,0.0,0.0,0.0,0.0,0.0,17.97255879,0.0,0.0,0.0,0.0,0.0,17.95247603,0.0,0.0,0.0,0.0,0.0
diverse_rec,ml20_lambda1.0,1.0,movielens_sample20of200_lambda1.0,20,7,3,23.36572466,23.36572466,23.36572466,23.16620586,0,-9.004139193,solved (0.0 s),solved (0.0 s),1,0,opt,26.41983595,0.0,0.0,0.0,0.0,0.0,26.71862035,0.0,0.0,0.0,0.0,0.0,,,,,,,-0.0,1.0,1.0,1.0,1.0,1.0,26.41983595,0.0,0.0,0.0,0.0,0.0,26.41983595,0.0,0.0,0.0,0.0,0.0,26.71862035,0.0,0.0,0.0,0.0,0.0,26.71862035,0.0,0.0,0.0,0.0,0.0,26.41983595,0.0,0.0,0.0,0.0,0.0,26.67139389,0.0,0.0,0.0,0.0,0.0,26.66312227,0.0,0.0,0.0,0.0,0.0
diverse_rec,ml20_lambda1.0,1.0,movielens_sample20of200_lambda1.0,20,7,4,28.91445014,28.91445014,28.91445014,28.46639574,0,-9.004139193,solved (0.0 s),solved (0.0 s),1,0,opt,34.72541767,0.0,0.0,0.0,0.0,0.0,35.41177606,0.0,0.0,0.0,0.0,0.0,,,,,,,-0.0,1.0,1.0,1.0,1.0,1.0,34.72541767,0.0,0.0,0.0,0.0,0.0,34.72541767,0.0,0.0,0.0,0.0,0.0,35.41177606,0.0,0.0,0.0,0.0,0.0,35.41177606,0.0,0.0,0.0,0.0,0.0,34.72541767,0.0,0.0,0.0,0.0,0.0,35.20261233,0.0,0.0,0.0,0.0,0.0,35.08933747,0.0,0.0,0.0,0.0,0.0
diverse_rec,ml20_lambda1.0,1.0,movielens_sample20of200_lambda1.0,20,7,5,33.26192425,33.26192425,33.26192425,32.71161608,0,-9.004139193,solved (0.0 s),solved (0.0 s),1,0,opt,40.44516416,0.0,0.0,0.0,0.0,0.0,43.80577686,0.0,0.0,0.0,0.0,0.0,,,,,,,-0.0,1.0,1.0,1.0,1.0,1.0,42.50703225,0.0,0.0,0.0,0.0,0.0,40.56882367,0.0,0.0,0.0,0.0,0.0,43.80577686,0.0,0.0,0.0,0.0,0.0,43.80577686,0.0,0.0,0.0,0.0,0.0,42.50703225,0.0,0.0,0.0,0.0,0.0,43.42941073,0.0,0.0,0.0,0.0,0.0,43.04349674,0.0,0.0,0.0,0.0,0.0
diverse_rec,ml20_lambda1.0,1.0,movielens_sample20of200_lambda1.0,20,7,6,36.660628,36.660628,36.660628,36.04582715,0,-9.004139193,solved (0.0 s),solved (0.0 s),1,0,opt,40.44516416,0.0,0.0,0.0,0.0,0.0,50.8031399,0.0,0.0,0.0,0.0,0.0,,,,,,,-0.0,1.0,1.0,1.0,1.0,1.0,50.24930488,0.0,0.0,0.0,0.0,0.0,40.56882367,0.0,0.0,0.0,0.0,0.0,52.11135858,0.0,0.0,0.0,0.0,0.0,52.11135858,0.0,0.0,0.0,0.0,0.0,50.24930488,0.0,0.0,0.0,0.0,0.0,51.29722203,0.0,0.0,0.0,0.0,0.0,50.71647394,0.0,0.0,0.0,0.0,0.0
diverse_rec,ml20_lambda1.0,1.0,movielens_sample20of200_lambda1.0,20,7,7,39.13182703,39.13182703,39.13182703,38.54500369,0,-9.004139193,solved (0.0 s),solved (0.0 s),1,0,opt,40.44516416,0.0,0.0,0.0,0.0,0.0,49.40706601,0.0,0.0,0.0,0.0,0.0,,,,,,,-0.0,1.0,1.0,1.0,1.0,1.0,49.17353703,0.0,0.0,0.0,0.0,0.0,40.56882367,0.0,0.0,0.0,0.0,0.0,60.1663235,0.0,0.0,0.0,0.0,0.0,60.1663235,0.0,0.0,0.0,0.0,0.0,57.94961514,0.0,0.0,0.0,0.0,0.0,58.9554582,0.0,0.0,0.0,0.0,0.0,58.25710677,0.0,0.0,0.0,0.0,0.0
diverse_rec,ml20_lambda1.0,1.0,movielens_sample20of200_lambda1.0,20,7,8,40.7366702,40.7366702,40.65012841,40.19405873,0,-9.004139193,solved (0.0 s),solved (0.0 s),1,0,opt,40.44516416,1.0,0.007155863220259019,1.0,0.0,1.0,45.93565051,0.0,0.0,0.0,0.0,0.0,,,,,,,-0.0,1.0,1.0,1.0,1.0,1.0,45.784073831,0.0,0.0,0.0,0.0,0.0,40.56882367,1.0,0.004120281043490847,1.0,0.0,1.0,68.1952915,0.0,0.0,0.0,0.0,0.0,68.1952915,0.0,0.0,0.0,0.0,0.0,65.6252884,0.0,0.0,0.0,0.0,0.0,66.41905137,0.0,0.0,0.0,0.0,0.0,65.62862297,0.0,0.0,0.0,0.0,0.0
diverse_rec,ml20_lambda1.0,1.0,movielens_sample20of200_lambda1.0,20,7,9,41.55031458,41.55031458,41.40348251,41.05791302,0,-9.004139193,solved (0.0 s),solved (0.0 s),1,0,opt,40.44516416,1.0,0.02659788334146473,1.0,1.0,1.0,41.44888761,1.0,0.0024410638288842185,0.0,0.0,1.0,,,,,,,-0.0,1.0,1.0,1.0,1.0,1.0,41.448887605610004,1.0,0.002441063934539157,0.0,0.0,1.0,40.56882367,1.0,0.023621744381989176,1.0,1.0,1.0,75.99246035,0.0,0.0,0.0,0.0,0.0,75.99246035,0.0,0.0,0.0,0.0,0.0,73.14927011,0.0,0.0,0.0,0.0,0.0,73.81624268,0.0,0.0,0.0,0.0,0.0,72.84915551,0.0,0.0,0.0,0.0,0.0
diverse_rec,ml20_lambda1.0,1.0,movielens_sample20of200_lambda1.0,20,7,10,41.85131691,41.85131691,41.44888761,41.16860495,0,-9.004139193,solved (0.0 s),solved (0.0 s),1,0,opt,40.44516416,1.0,0.033598769496880905,1.0,1.0,1.0,41.44888761,1.0,0.009615690250928389,0.0,0.0,1.0,,,,,,,-0.0,1.0,1.0,1.0,1.0,1.0,41.448887605610004,1.0,0.009615690355823438,0.0,0.0,1.0,40.56882367,1.0,0.030644035473434778,1.0,1.0,1.0,83.77407493,0.0,0.0,0.0,0.0,0.0,83.77407493,0.0,0.0,0.0,0.0,0.0,80.44919061,0.0,0.0,0.0,0.0,0.0,80.89970785,0.0,0.0,0.0,0.0,0.0,79.90724995,0.0,0.0,0.0,0.0,0.0
diverse_rec,ml20_lambda1.0,1.0,movielens_sample20of200_lambda1.0,20,7,11,41.85131691,41.85131691,41.44888761,41.13757851,0,-9.004139193,solved (0.0 s),solved (0.0 s),1,0,opt,40.44516416,1.0,0.033598769496880905,1.0,1.0,1.0,41.44888761,1.0,0.009615690250928389,0.0,0.0,1.0,,,,,,,-0.0,1.0,1.0,1.0,1.0,1.0,41.448887605610004,1.0,0.009615690355823438,0.0,0.0,1.0,40.56882367,1.0,0.030644035473434778,1.0,1.0,1.0,91.51634756,0.0,0.0,0.0,0.0,0.0,91.51634756,0.0,0.0,0.0,0.0,0.0,87.69363936,0.0,0.0,0.0,0.0,0.0,87.29501638,0.0,0.0,0.0,0.0,0.0,86.69595737,0.0,0.0,0.0,0.0,0.0
diverse_rec,ml20_lambda1.0,1.0,movielens_sample20of200_lambda1.0,20,7,12,41.85131691,41.85131691,41.44888761,41.09627629,0,-9.004139193,solved (0.0 s),solved (0.0 s),1,0,opt,40.44516416,1.0,0.033598769496880905,1.0,1.0,1.0,41.44888761,1.0,0.009615690250928389,0.0,0.0,1.0,,,,,,,-0.0,1.0,1.0,1.0,1.0,1.0,41.448887605610004,1.0,0.009615690355823438,0.0,0.0,1.0,40.56882367,1.0,0.030644035473434778,1.0,1.0,1.0,99.21665781,0.0,0.0,0.0,0.0,0.0,99.21665781,0.0,0.0,0.0,0.0,0.0,94.75299786,0.0,0.0,0.0,0.0,0.0,92.71653508,0.0,0.0,0.0,0.0,0.0,92.5486687,0.0,0.0,0.0,0.0,0.0
diverse_rec,ml20_lambda1.0,1.0,movielens_sample20of200_lambda1.0,20,7,13,41.85131691,41.85131691,41.44888761,41.06432706,0,-9.004139193,solved (0.0 s),solved (0.0 s),1,0,opt,40.44516416,1.0,0.033598769496880905,1.0,1.0,1.0,41.44888761,1.0,0.009615690250928389,0.0,0.0,1.0,,,,,,,-0.0,1.0,1.0,1.0,1.0,1.0,41.448887605610004,1.0,0.009615690355823438,0.0,0.0,1.0,40.56882367,1.0,0.030644035473434778,1.0,1.0,1.0,106.8923311,0.0,0.0,0.0,0.0,0.0,106.8923311,0.0,0.0,0.0,0.0,0.0,101.7304553,0.0,0.0,0.0,0.0,0.0,94.13383568,0.0,0.0,0.0,0.0,0.0,94.13383568,0.0,0.0,0.0,0.0,0.0
diverse_rec,ml20_lambda1.0,1.0,movielens_sample20of200_lambda1.0,20,7,14,41.85131691,41.85131691,41.44888761,41.02310263,0,-9.004139193,solved (0.0 s),solved (0.0 s),1,0,opt,40.44516416,1.0,0.033598769496880905,1.0,1.0,1.0,41.44888761,1.0,0.009615690250928389,0.0,0.0,1.0,,,,,,,-0.0,1.0,1.0,1.0,1.0,1.0,41.448887605610004,1.0,0.009615690355823438,0.0,0.0,1.0,40.56882367,1.0,0.030644035473434778,1.0,1.0,1.0,114.4163128,0.0,0.0,0.0,0.0,0.0,114.4163128,0.0,0.0,0.0,0.0,0.0,108.4218065,0.0,0.0,0.0,0.0,0.0,94.13383568,0.0,0.0,0.0,0.0,0.0,94.13383568,0.0,0.0,0.0,0.0,0.0
diverse_rec,ml20_lambda1.0,1.0,movielens_sample20of200_lambda1.0,20,7,15,41.85131691,41.85131691,41.44888761,41.02924465,0,-9.004139193,solved (0.0 s),solved (0.0 s),1,0,opt,40.44516416,1.0,0.033598769496880905,1.0,1.0,1.0,41.44888761,1.0,0.009615690250928389,0.0,0.0,1.0,,,,,,,-0.0,1.0,1.0,1.0,1.0,1.0,41.448887605610004,1.0,0.009615690355823438,0.0,0.0,1.0,40.56882367,1.0,0.030644035473434778,1.0,1.0,1.0,121.7162333,0.0,0.0,0.0,0.0,0.0,114.9022732,0.0,0.0,0.0,0.0,0.0,114.1966357,0.0,0.0,0.0,0.0,0.0,94.13383568,0.0,0.0,0.0,0.0,0.0,94.13383568,0.0,0.0,0.0,0.0,0.0
diverse_rec,ml20_lambda1.0,1.0,movielens_sample20of200_lambda1.0,20,7,16,41.85131691,41.85131691,41.44888761,41.02219458,0,-9.004139193,solved (0.0 s),solved (0.0 s),1,0,opt,40.44516416,1.0,0.033598769496880905,1.0,1.0,1.0,41.44888761,1.0,0.009615690250928389,0.0,0.0,1.0,,,,,,,-0.0,1.0,1.0,1.0,1.0,1.0,41.448887605610004,1.0,0.009615690355823438,0.0,0.0,1.0,40.56882367,1.0,0.030644035473434778,1.0,1.0,1.0,128.960682,0.0,0.0,0.0,0.0,0.0,114.9022732,0.0,0.0,0.0,0.0,0.0,114.1966357,0.0,0.0,0.0,0.0,0.0,94.13383568,0.0,0.0,0.0,0.0,0.0,94.13383568,0.0,0.0,0.0,0.0,0.0
diverse_rec,ml20_lambda1.0,1.0,movielens_sample20of200_lambda1.0,20,7,17,41.85131691,41.85131691,41.44888761,41.00892655,0,-9.004139193,solved (0.0 s),solved (0.0 s),1,0,opt,40.44516416,1.0,0.033598769496880905,1.0,1.0,1.0,41.44888761,1.0,0.009615690250928389,0.0,0.0,1.0,,,,,,,-0.0,1.0,1.0,1.0,1.0,1.0,41.448887605610004,1.0,0.009615690355823438,0.0,0.0,1.0,40.56882367,1.0,0.030644035473434778,1.0,1.0,1.0,136.0200405,0.0,0.0,0.0,0.0,0.0,114.9022732,0.0,0.0,0.0,0.0,0.0,114.1966357,0.0,0.0,0.0,0.0,0.0,94.13383568,0.0,0.0,0.0,0.0,0.0,94.13383568,0.0,0.0,0.0,0.0,0.0
diverse_rec,ml20_lambda1.0,1.0,movielens_sample20of200_lambda1.0,20,7,18,41.85131691,41.85131691,41.44888761,41.02417638,0,-9.004139193,solved (0.0 s),solved (0.0 s),1,0,opt,40.44516416,1.0,0.033598769496880905,1.0,1.0,1.0,41.44888761,1.0,0.009615690250928389,0.0,0.0,1.0,,,,,,,-0.0,1.0,1.0,1.0,1.0,1.0,41.448887605610004,1.0,0.009615690355823438,0.0,0.0,1.0,40.56882367,1.0,0.030644035473434778,1.0,1.0,1.0,142.997498,0.0,0.0,0.0,0.0,0.0,114.9022732,0.0,0.0,0.0,0.0,0.0,114.1966357,0.0,0.0,0.0,0.0,0.0,94.13383568,0.0,0.0,0.0,0.0,0.0,94.13383568,0.0,0.0,0.0,0.0,0.0
diverse_rec,ml20_lambda1.0,1.0,movielens_sample20of200_lambda1.0,20,7,19,41.85131691,41.85131691,41.44888761,41.01691643,0,-9.004139193,solved (0.0 s),solved (0.0 s),1,0,opt,40.44516416,1.0,0.033598769496880905,1.0,1.0,1.0,41.44888761,1.0,0.009615690250928389,0.0,0.0,1.0,,,,,,,-0.0,1.0,1.0,1.0,1.0,1.0,41.448887605610004,1.0,0.009615690355823438,0.0,0.0,1.0,40.56882367,1.0,0.030644035473434778,1.0,1.0,1.0,149.6888491,0.0,0.0,0.0,0.0,0.0,114.9022732,0.0,0.0,0.0,0.0,0.0,114.1966357,0.0,0.0,0.0,0.0,0.0,94.13383568,0.0,0.0,0.0,0.0,0.0,94.13383568,0.0,0.0,0.0,0.0,0.0
diverse_rec,ml20_lambda1.0,1.0,movielens_sample20of200_lambda1.0,20,7,20,41.85131691,41.85131691,41.44888761,41.00666451,0,-9.004139193,solved (0.0 s),solved (0.0 s),1,0,opt,40.44516416,1.0,0.033598769496880905,1.0,1.0,1.0,41.44888761,1.0,0.009615690250928389,0.0,0.0,1.0,,,,,,,-0.0,1.0,1.0,1.0,1.0,1.0,41.448887605610004,1.0,0.009615690355823438,0.0,0.0,1.0,40.56882367,1.0,0.030644035473434778,1.0,1.0,1.0,155.5524016,0.0,0.0,0.0,0.0,0.0,114.9022732,0.0,0.0,0.0,0.0,0.0,114.1966357,0.0,0.0,0.0,0.0,0.0,94.13383568,0.0,0.0,0.0,0.0,0.0,94.13383568,0.0,0.0,0.0,0.0,0.0
diverse_rec,ml20_lambda1.0,1.0,movielens_sample20of200_lambda1.0,20,8,1,9.851020752,9.851020752,9.851020752,9.851020752,0,-9.851020752,solved (0.0 s),solved (0.0 s),1,0,opt,9.851020752,0.0,0.0,0.0,0.0,0.0,9.851020752,0.0,0.0,0.0,0.0,0.0,,,,,,,-0.0,1.0,1.0,1.0,1.0,1.0,9.851020752,0.0,0.0,0.0,0.0,0.0,9.851020752,0.0,0.0,0.0,0.0,0.0,9.851020752,0.0,0.0,0.0,0.0,0.0,9.851020752,0.0,0.0,0.0,0.0,0.0,9.851020752,0.0,0.0,0.0,0.0,0.0,9.851020752,0.0,0.0,0.0,0.0,0.0,9.851020752,0.0,0.0,0.0,0.0,0.0
diverse_rec,ml20_lambda1.0,1.0,movielens_sample20of200_lambda1.0,20,8,2,18.16693049,18.16693049,18.16693049,18.10368412,0,-9.851020752,solved (0.0 s),solved (0.0 s),1,0,opt,19.35685321,0.0,0.0,0.0,0.0,0.0,19.55041109,0.0,0.0,0.0,0.0,0.0,,,,,,,-0.0,1.0,1.0,1.0,1.0,1.0,19.35685321,0.0,0.0,0.0,0.0,0.0,19.35685321,0.0,0.0,0.0,0.0,0.0,19.55041109,0.0,0.0,0.0,0.0,0.0,19.55041109,0.0,0.0,0.0,0.0,0.0,19.35685321,0.0,0.0,0.0,0.0,0.0,19.52346319,0.0,0.0,0.0,0.0,0.0,19.51170731,0.0,0.0,0.0,0.0,0.0
diverse_rec,ml20_lambda1.0,1.0,movielens_sample20of200_lambda1.0,20,8,3,25.1894572,25.1894572,25.1894572,24.72733885,0,-9.851020752,solved (0.0 s),solved (0.0 s),1,0,opt,28.47152748,0.0,0.0,0.0,0.0,0.0,29.05624355,0.0,0.0,0.0,0.0,0.0,,,,,,,-0.0,1.0,1.0,1.0,1.0,1.0,28.47152748,0.0,0.0,0.0,0.0,0.0,28.47152748,0.0,0.0,0.0,0.0,0.0,29.05624355,0.0,0.0,0.0,0.0,0.0,29.05624355,0.0,0.0,0.0,0.0,0.0,28.47152748,0.0,0.0,0.0,0.0,0.0,28.89310959,0.0,0.0,0.0,0.0,0.0,28.83271032,0.0,0.0,0.0,0.0,0.0
diverse_rec,ml20_lambda1.0,1.0,movielens_sample20of200_lambda1.0,20,8,4,30.61905159,30.61905159,30.61905159,30.12600583,0,-9.851020752,solved (0.0 s),solved (0.0 s),1,0,opt,37.30279303,0.0,0.0,0.0,0.0,0.0,38.17091782,0.0,0.0,0.0,0.0,0.0,,,,,,,-0.0,1.0,1.0,1.0,1.0,1.0,37.30279303,0.0,0.0,0.0,0.0,0.0,37.30279303,0.0,0.0,0.0,0.0,0.0,38.17091782,0.0,0.0,0.0,0.0,0.0,38.17091782,0.0,0.0,0.0,0.0,0.0,37.30279303,0.0,0.0,0.0,0.0,0.0,37.80590386,0.0,0.0,0.0,0.0,0.0,37.71428651,0.0,0.0,0.0,0.0,0.0
diverse_rec,ml20_lambda1.0,1.0,movielens_sample20of200_lambda1.0,20,8,5,35.05020412,35.05020412,35.05020412,34.44742381,0,-9.851020752,solved (0.0 s),solved (0.0 s),1,0,opt,41.23917486,0.0,0.0,0.0,0.0,0.0,47.14928108,0.0,0.0,0.0,0.0,0.0,,,,,,,-0.0,1.0,1.0,1.0,1.0,1.0,45.62038264,0.0,0.0,0.0,0.0,0.0,41.23917486,0.0,0.0,0.0,0.0,0.0,47.14928108,0.0,0.0,0.0,0.0,0.0,47.14928108,0.0,0.0,0.0,0.0,0.0,45.62038264,0.0,0.0,0.0,0.0,0.0,46.50005132,0.0,0.0,0.0,0.0,0.0,46.09353916,0.0,0.0,0.0,0.0,0.0
diverse_rec,ml20_lambda1.0,1.0,movielens_sample20of200_lambda1.0,20,8,6,38.34168242,38.34168242,38.34168242,37.72416954,0,-9.851020752,solved (0.0 s),solved (0.0 s),1,0,opt,41.23917486,0.0,0.0,0.0,0.0,0.0,51.38264982,0.0,0.0,0.0,0.0,0.0,,,,,,,-0.0,1.0,1.0,1.0,1.0,1.0,51.03905591,0.0,0.0,0.0,0.0,0.0,41.23917486,0.0,0.0,0.0,0.0,0.0,55.98054663,0.0,0.0,0.0,0.0,0.0,55.98054663,0.0,0.0,0.0,0.0,0.0,53.9095484,0.0,0.0,0.0,0.0,0.0,54.98342781,0.0,0.0,0.0,0.0,0.0,54.27782874,0.0,0.0,0.0,0.0,0.0
diverse_rec,ml20_lambda1.0,1.0,movielens_sample20of200_lambda1.0,20,8,7,40.64983926,40.64983926,40.64983926,40.04851643,0,-9.851020752,solved (0.0 s),solved (0.0 s),1,0,opt,41.23917486,0.0,0.0,0.0,0.0,0.0,48.92441476,0.0,0.0,0.0,0.0,0.0,,,,,,,-0.0,1.0,1.0,1.0,1.0,1.0,48.710027048,0.0,0.0,0.0,0.0,0.0,41.23917486,0.0,0.0,0.0,0.0,0.0,64.67946317,0.0,0.0,0.0,0.0,0.0,64.67946317,0.0,0.0,0.0,0.0,0.0,61.81866309,0.0,0.0,0.0,0.0,0.0,63.31741675,0.0,0.0,0.0,0.0,0.0,62.19936085,0.0,0.0,0.0,0.0,0.0
diverse_rec,ml20_lambda1.0,1.0,movielens_sample20of200_lambda1.0,20,8,8,41.94722612,41.94722612,41.89640992,41.45142942,0,-9.851020752,solved (0.0 s),solved (0.0 s),1,0,opt,41.23917486,1.0,0.016879572870312234,1.0,1.0,1.0,45.34450373,0.0,0.0,0.0,0.0,0.0,,,,,,,-0.0,1.0,1.0,1.0,1.0,1.0,45.176925891,0.0,0.0,0.0,0.0,0.0,41.23917486,1.0,0.016879572870312234,1.0,1.0,1.0,73.37727243,0.0,0.0,0.0,0.0,0.0,73.37727243,0.0,0.0,0.0,0.0,0.0,69.48008777,0.0,0.0,0.0,0.0,0.0,71.27679895,0.0,0.0,0.0,0.0,0.0,69.79784771,0.0,0.0,0.0,0.0,0.0
diverse_rec,ml20_lambda1.0,1.0,movielens_sample20of200_lambda1.0,20,8,9,42.69671046,42.69671046,42.3931144,42.13865069,0,-9.851020752,solved (0.0 s),solved (0.0 s),1,0,opt,41.23917486,1.0,0.03413695304151073,1.0,1.0,1.0,42.45390575,1.0,0.005686731070944463,0.0,0.0,1.0,,,,,,,-0.0,1.0,1.0,1.0,1.0,1.0,42.45390575033,1.0,0.005686731063215426,0.0,0.0,1.0,41.23917486,1.0,0.03413695304151073,1.0,1.0,1.0,81.90850653,0.0,0.0,0.0,0.0,0.0,81.90850653,0.0,0.0,0.0,0.0,0.0,77.0817895,0.0,0.0,0.0,0.0,0.0,78.41834563,0.0,0.0,0.0,0.0,0.0,77.16892563,0.0,0.0,0.0,0.0,0.0
diverse_rec,ml20_lambda1.0,1.0,movielens_sample20of200_lambda1.0,20,8,10,42.92200491,42.92200491,42.45390575,42.23603765,0,-9.851020752,solved (0.0 s),solved (0.0 s),1,0,opt,41.23917486,1.0,0.03920669720644696,1.0,1.0,1.0,42.45390575,1.0,0.010905808360572254,0.0,0.0,1.0,,,,,,,-0.0,1.0,1.0,1.0,1.0,1.0,42.45390575,1.0,0.010905808360572254,0.0,0.0,1.0,41.23917486,1.0,0.03920669720644696,1.0,1.0,1.0,90.22609614,0.0,0.0,0.0,0.0,0.0,90.22609614,0.0,0.0,0.0,0.0,0.0,84.39248285,0.0,0.0,0.0,0.0,0.0,85.04450572,0.0,0.0,0.0,0.0,0.0,84.29962172,0.0,0.0,0.0,0.0,0.0
diverse_rec,ml20_lambda1.0,1.0,movielens_sample20of200_lambda1.0,20,8,11,42.92200491,42.92200491,42.45390575,42.18191159,0,-9.851020752,solved (0.0 s),solved (0.0 s),1,0,opt,41.23917486,1.0,0.03920669720644696,1.0,1.0,1.0,42.45390575,1.0,0.010905808360572254,0.0,0.0,1.0,,,,,,,-0.0,1.0,1.0,1.0,1.0,1.0,42.45390575,1.0,0.010905808360572254,0.0,0.0,1.0,41.23917486,1.0,0.03920669720644696,1.0,1.0,1.0,98.51526191,0.0,0.0,0.0,0.0,0.0,98.51526191,0.0,0.0,0.0,0.0,0.0,91.07991772,0.0,0.0,0.0,0.0,0.0,90.70013406,0.0,0.0,0.0,0.0,0.0,90.31902149,0.0,0.0,0.0,0.0,0.0
diverse_rec,ml20_lambda1.0,1.0,movielens_sample20of200_lambda1.0,20,8,12,42.92200491,42.92200491,42.45390575,42.15812002,0,-9.851020752,solved (0.0 s),solved (0.0 s),1,0,opt,41.23917486,1.0,0.03920669720644696,1.0,1.0,1.0,42.45390575,1.0,0.010905808360572254,0.0,0.0,1.0,,,,,,,-0.0,1.0,1.0,1.0,1.0,1.0,42.45390575,1.0,0.010905808360572254,0.0,0.0,1.0,41.23917486,1.0,0.03920669720644696,1.0,1.0,1.0,106.4243766,0.0,0.0,0.0,0.0,0.0,106.4243766,0.0,0.0,0.0,0.0,0.0,97.48929362,0.0,0.0,0.0,0.0,0.0,95.47237098,0.0,0.0,0.0,0.0,0.0,95.25033891,0.0,0.0,0.0,0.0,0.0
diverse_rec,ml20_lambda1.0,1.0,movielens_sample20of200_lambda1.0,20,8,13,42.92200491,42.92200491,42.45390575,42.14276605,0,-9.851020752,solved (0.0 s),solved (0.0 s),1,0,opt,41.23917486,1.0,0.03920669720644696,1.0,1.0,1.0,42.45390575,1.0,0.010905808360572254,0.0,0.0,1.0,,,,,,,-0.0,1.0,1.0,1.0,1.0,1.0,42.45390575,1.0,0.010905808360572254,0.0,0.0,1.0,41.23917486,1.0,0.03920669720644696,1.0,1.0,1.0,114.0858013,0.0,0.0,0.0,0.0,0.0,114.0858013,0.0,0.0,0.0,0.0,0.0,103.8139723,0.0,0.0,0.0,0.0,0.0,96.55990979,0.0,0.0,0.0,0.0,0.0,96.55990979,0.0,0.0,0.0,0.0,0.0
diverse_rec,ml20_lambda1.0,1.0,movielens_sample20of200_lambda1.0,20,8,14,42.92200491,42.92200491,42.45390575,42.12410243,0,-9.851020752,solved (0.0 s),solved (0.0 s),1,0,opt,41.23917486,1.0,0.03920669720644696,1.0,1.0,1.0,42.45390575,1.0,0.010905808360572254,0.0,0.0,1.0,,,,,,,-0.0,1.0,1.0,1.0,1.0,1.0,42.45390575,1.0,0.010905808360572254,0.0,0.0,1.0,41.23917486,1.0,0.03920669720644696,1.0,1.0,1.0,121.687503,0.0,0.0,0.0,0.0,0.0,117.7065348,0.0,0.0,0.0,0.0,0.0,109.5659362,0.0,0.0,0.0,0.0,0.0,96.55990979,0.0,0.0,0.0,0.0,0.0,96.55990979,0.0,0.0,0.0,0.0,0.0
diverse_rec,ml20_lambda1.0,1.0,movielens_sample20of200_lambda1.0,20,8,15,42.92200491,42.92200491,42.45390575,42.12279713,0,-9.851020752,solved (0.0 s),solved (0.0 s),1,0,opt,41.23917486,1.0,0.03920669720644696,1.0,1.0,1.0,42.45390575,1.0,0.010905808360572254,0.0,0.0,1.0,,,,,,,-0.0,1.0,1.0,1.0,1.0,1.0,42.45390575,1.0,0.010905808360572254,0.0,0.0,1.0,41.23917486,1.0,0.03920669720644696,1.0,1.0,1.0,128.9981964,0.0,0.0,0.0,0.0,0.0,117.7065348,0.0,0.0,0.0,0.0,0.0,114.9972312,0.0,0.0,0.0,0.0,0.0,96.55990979,0.0,0.0,0.0,0.0,0.0,96.55990979,0.0,0.0,0.0,0.0,0.0
diverse_rec,ml20_lambda1.0,1.0,movielens_sample20of200_lambda1.0,20,8,16,42.92200491,42.92200491,42.45390575,42.14953877,0,-9.851020752,solved (0.0 s),solved (0.0 s),1,0,opt,41.23917486,1.0,0.03920669720644696,1.0,1.0,1.0,42.45390575,1.0,0.010905808360572254,0.0,0.0,1.0,,,,,,,-0.0,1.0,1.0,1.0,1.0,1.0,42.45390575,1.0,0.010905808360572254,0.0,0.0,1.0,41.23917486,1.0,0.03920669720644696,1.0,1.0,1.0,135.6856312,0.0,0.0,0.0,0.0,0.0,117.7065348,0.0,0.0,0.0,0.0,0.0,117.2956278,0.0,0.0,0.0,0.0,0.0,96.55990979,0.0,0.0,0.0,0.0,0.0,96.55990979,0.0,0.0,0.0,0.0,0.0
diverse_rec,ml20_lambda1.0,1.0,movielens_sample20of200_lambda1.0,20,8,17,42.92200491,42.92200491,42.45390575,42.1499947,0,-9.851020752,solved (0.0 s),solved (0.0 s),1,0,opt,41.23917486,1.0,0.03920669720644696,1.0,1.0,1.0,42.45390575,1.0,0.010905808360572254,0.0,0.0,1.0,,,,,,,-0.0,1.0,1.0,1.0,1.0,1.0,42.45390575,1.0,0.010905808360572254,0.0,0.0,1.0,41.23917486,1.0,0.03920669720644696,1.0,1.0,1.0,142.0950071,0.0,0.0,0.0,0.0,0.0,117.7065348,0.0,0.0,0.0,0.0,0.0,117.2956278,0.0,0.0,0.0,0.0,0.0,96.55990979,0.0,0.0,0.0,0.0,0.0,96.55990979,0.0,0.0,0.0,0.0,0.0
diverse_rec,ml20_lambda1.0,1.0,movielens_sample20of200_lambda1.0,20,8,18,42.92200491,42.92200491,42.45390575,42.11597643,0,-9.851020752,solved (0.0 s),solved (0.0 s),1,0,opt,41.23917486,1.0,0.03920669720644696,1.0,1.0,1.0,42.45390575,1.0,0.010905808360572254,0.0,0.0,1.0,,,,,,,-0.0,1.0,1.0,1.0,1.0,1.0,42.45390575,1.0,0.010905808360572254,0.0,0.0,1.0,41.23917486,1.0,0.03920669720644696,1.0,1.0,1.0,148.4196858,0.0,0.0,0.0,0.0,0.0,117.7065348,0.0,0.0,0.0,0.0,0.0,117.2956278,0.0,0.0,0.0,0.0,0.0,96.55990979,0.0,0.0,0.0,0.0,0.0,96.55990979,0.0,0.0,0.0,0.0,0.0
diverse_rec,ml20_lambda1.0,1.0,movielens_sample20of200_lambda1.0,20,8,19,42.92200491,42.92200491,42.45390575,42.1297609,0,-9.851020752,solved (0.0 s),solved (0.0 s),1,0,opt,41.23917486,1.0,0.03920669720644696,1.0,1.0,1.0,42.45390575,1.0,0.010905808360572254,0.0,0.0,1.0,,,,,,,-0.0,1.0,1.0,1.0,1.0,1.0,42.45390575,1.0,0.010905808360572254,0.0,0.0,1.0,41.23917486,1.0,0.03920669720644696,1.0,1.0,1.0,154.1716497,0.0,0.0,0.0,0.0,0.0,117.7065348,0.0,0.0,0.0,0.0,0.0,117.2956278,0.0,0.0,0.0,0.0,0.0,96.55990979,0.0,0.0,0.0,0.0,0.0,96.55990979,0.0,0.0,0.0,0.0,0.0
diverse_rec,ml20_lambda1.0,1.0,movielens_sample20of200_lambda1.0,20,8,20,42.92200491,42.92200491,42.45390575,42.14555179,0,-9.851020752,solved (0.0 s),solved (0.0 s),1,0,opt,41.23917486,1.0,0.03920669720644696,1.0,1.0,1.0,42.45390575,1.0,0.010905808360572254,0.0,0.0,1.0,,,,,,,-0.0,1.0,1.0,1.0,1.0,1.0,42.45390575,1.0,0.010905808360572254,0.0,0.0,1.0,41.23917486,1.0,0.03920669720644696,1.0,1.0,1.0,159.6029447,0.0,0.0,0.0,0.0,0.0,117.7065348,0.0,0.0,0.0,0.0,0.0,117.2956278,0.0,0.0,0.0,0.0,0.0,96.55990979,0.0,0.0,0.0,0.0,0.0,96.55990979,0.0,0.0,0.0,0.0,0.0
diverse_rec,ml20_lambda1.0,1.0,movielens_sample20of200_lambda1.0,20,9,1,9.144608638,9.144608638,9.144608638,9.144608638,0,-9.144608638,solved (0.0 s),solved (0.0 s),1,0,opt,9.144608638,0.0,0.0,0.0,0.0,0.0,9.144608638,0.0,0.0,0.0,0.0,0.0,,,,,,,-0.0,1.0,1.0,1.0,1.0,1.0,9.144608638,0.0,0.0,0.0,0.0,0.0,9.144608638,0.0,0.0,0.0,0.0,0.0,9.144608638,0.0,0.0,0.0,0.0,0.0,9.144608638,0.0,0.0,0.0,0.0,0.0,9.144608638,0.0,0.0,0.0,0.0,0.0,9.144608638,0.0,0.0,0.0,0.0,0.0,9.144608638,0.0,0.0,0.0,0.0,0.0
diverse_rec,ml20_lambda1.0,1.0,movielens_sample20of200_lambda1.0,20,9,2,16.29870282,16.29870282,16.29870282,16.20107922,0,-9.144608638,solved (0.0 s),solved (0.0 s),1,0,opt,17.58562432,0.0,0.0,0.0,0.0,0.0,17.66643232,0.0,0.0,0.0,0.0,0.0,,,,,,,-0.0,1.0,1.0,1.0,1.0,1.0,17.58562432,0.0,0.0,0.0,0.0,0.0,17.58562432,0.0,0.0,0.0,0.0,0.0,17.66643232,0.0,0.0,0.0,0.0,0.0,17.66643232,0.0,0.0,0.0,0.0,0.0,17.58562432,0.0,0.0,0.0,0.0,0.0,17.60935371,0.0,0.0,0.0,0.0,0.0,17.60404949,0.0,0.0,0.0,0.0,0.0
diverse_rec,ml20_lambda1.0,1.0,movielens_sample20of200_lambda1.0,20,9,3,22.39335984,22.39335984,22.39335984,22.16639701,0,-9.144608638,solved (0.0 s),solved (0.0 s),1,0,opt,25.80899576,0.0,0.0,0.0,0.0,0.0,26.107448,0.0,0.0,0.0,0.0,0.0,,,,,,,-0.0,1.0,1.0,1.0,1.0,1.0,25.80899576,0.0,0.0,0.0,0.0,0.0,25.80899576,0.0,0.0,0.0,0.0,0.0,26.107448,0.0,0.0,0.0,0.0,0.0,26.107448,0.0,0.0,0.0,0.0,0.0,25.80899576,0.0,0.0,0.0,0.0,0.0,25.93747009,0.0,0.0,0.0,0.0,0.0,25.89714589,0.0,0.0,0.0,0.0,0.0
diverse_rec,ml20_lambda1.0,1.0,movielens_sample20of200_lambda1.0,20,9,4,27.42565406,27.42565406,27.42565406,27.18573958,0,-9.144608638,solved (0.0 s),solved (0.0 s),1,0,opt,33.81726668,0.0,0.0,0.0,0.0,0.0,34.33081944,0.0,0.0,0.0,0.0,0.0,,,,,,,-0.0,1.0,1.0,1.0,1.0,1.0,33.81726668,0.0,0.0,0.0,0.0,0.0,33.81726668,0.0,0.0,0.0,0.0,0.0,34.33081944,0.0,0.0,0.0,0.0,0.0,34.33081944,0.0,0.0,0.0,0.0,0.0,33.81726668,0.0,0.0,0.0,0.0,0.0,34.00308612,0.0,0.0,0.0,0.0,0.0,33.90515826,0.0,0.0,0.0,0.0,0.0
diverse_rec,ml20_lambda1.0,1.0,movielens_sample20of200_lambda1.0,20,9,5,31.60555557,31.60555557,31.60555557,31.2786974,0,-9.144608638,solved (0.0 s),solved (0.0 s),1,0,opt,38.70264059,0.0,0.0,0.0,0.0,0.0,42.37837496,0.0,0.0,0.0,0.0,0.0,,,,,,,-0.0,1.0,1.0,1.0,1.0,1.0,41.15860393,0.0,0.0,0.0,0.0,0.0,38.70264059,0.0,0.0,0.0,0.0,0.0,42.37837496,0.0,0.0,0.0,0.0,0.0,42.37837496,0.0,0.0,0.0,0.0,0.0,41.15860393,0.0,0.0,0.0,0.0,0.0,41.91525005,0.0,0.0,0.0,0.0,0.0,41.37569135,0.0,0.0,0.0,0.0,0.0
diverse_rec,ml20_lambda1.0,1.0,movielens_sample20of200_lambda1.0,20,9,6,34.88290743,34.88290743,34.83672343,34.43715116,0,-9.144608638,solved (0.0 s),solved (0.0 s),1,0,opt,38.70264059,0.0,0.0,0.0,0.0,0.0,48.27060408,0.0,0.0,0.0,0.0,0.0,,,,,,,-0.0,1.0,1.0,1.0,1.0,1.0,47.99977234,0.0,0.0,0.0,0.0,0.0,38.70264059,0.0,0.0,0.0,0.0,0.0,50.38664588,0.0,0.0,0.0,0.0,0.0,50.38664588,0.0,0.0,0.0,0.0,0.0,48.44986595,0.0,0.0,0.0,0.0,0.0,49.56304869,0.0,0.0,0.0,0.0,0.0,48.61128043,0.0,0.0,0.0,0.0,0.0
diverse_rec,ml20_lambda1.0,1.0,movielens_sample20of200_lambda1.0,20,9,7,37.25583723,37.25583723,37.18322119,36.78620464,0,-9.144608638,solved (0.0 s),solved (0.0 s),1,0,opt,38.70264059,0.0,0.0,0.0,0.0,0.0,47.06468633,0.0,0.0,0.0,0.0,0.0,,,,,,,-0.0,1.0,1.0,1.0,1.0,1.0,46.985604269,0.0,0.0,0.0,0.0,0.0,38.70264059,0.0,0.0,0.0,0.0,0.0,58.23090334,0.0,0.0,0.0,0.0,0.0,58.23090334,0.0,0.0,0.0,0.0,0.0,55.73282731,0.0,0.0,0.0,0.0,0.0,56.71720086,0.0,0.0,0.0,0.0,0.0,55.72691797,0.0,0.0,0.0,0.0,0.0
diverse_rec,ml20_lambda1.0,1.0,movielens_sample20of200_lambda1.0,20,9,8,38.77804438,38.77804438,38.64895045,38.3244132,0,-9.144608638,solved (0.0 s),solved (0.0 s),1,0,opt,38.70264059,1.0,0.0019444969751720048,0.0,0.0,1.0,43.61792263,0.0,0.0,0.0,0.0,0.0,,,,,,,-0.0,1.0,1.0,1.0,1.0,1.0,43.46132922,0.0,0.0,0.0,0.0,0.0,38.70264059,1.0,0.0019444969751720048,0.0,0.0,1.0,65.67104417,0.0,0.0,0.0,0.0,0.0,65.67104417,0.0,0.0,0.0,0.0,0.0,62.83048311,0.0,0.0,0.0,0.0,0.0,63.81262457,0.0,0.0,0.0,0.0,0.0,62.65123486,0.0,0.0,0.0,0.0,0.0
diverse_rec,ml20_lambda1.0,1.0,movielens_sample20of200_lambda1.0,20,9,9,39.66294216,39.66294216,39.33397049,39.14501939,0,-9.144608638,solved (0.0 s),solved (0.0 s),1,0,opt,38.70264059,1.0,0.02421155662447202,1.0,1.0,1.0,39.33630075,1.0,0.008235430661758063,0.0,0.0,1.0,,,,,,,-0.0,1.0,1.0,1.0,1.0,1.0,39.336300752862996,1.0,0.00823543058957489,0.0,0.0,1.0,38.70264059,1.0,0.02421155662447202,1.0,1.0,1.0,73.04141386,0.0,0.0,0.0,0.0,0.0,73.04141386,0.0,0.0,0.0,0.0,0.0,69.74258457,0.0,0.0,0.0,0.0,0.0,70.81112918,0.0,0.0,0.0,0.0,0.0,69.44537337,0.0,0.0,0.0,0.0,0.0
diverse_rec,ml20_lambda1.0,1.0,movielens_sample20of200_lambda1.0,20,9,10,39.95259323,39.95259323,39.33630075,39.24484572,0,-9.144608638,solved (0.0 s),solved (0.0 s),1,0,opt,38.70264059,1.0,0.03128589508080842,1.0,1.0,1.0,39.33630075,1.0,0.015425593939600163,0.0,0.0,1.0,,,,,,,-0.0,1.0,1.0,1.0,1.0,1.0,39.33630075,1.0,0.015425593939600163,0.0,0.0,1.0,38.70264059,1.0,0.03128589508080842,1.0,1.0,1.0,80.38275111,0.0,0.0,0.0,0.0,0.0,80.38275111,0.0,0.0,0.0,0.0,0.0,76.63622994,0.0,0.0,0.0,0.0,0.0,77.08796588,0.0,0.0,0.0,0.0,0.0,76.05802768,0.0,0.0,0.0,0.0,0.0
diverse_rec,ml20_lambda1.0,1.0,movielens_sample20of200_lambda1.0,20,9,11,39.95259323,39.95259323,39.33630075,39.26707866,0,-9.144608638,solved (0.0 s),solved (0.0 s),1,0,opt,38.70264059,1.0,0.03128589508080842,1.0,1.0,1.0,39.33630075,1.0,0.015425593939600163,0.0,0.0,1.0,,,,,,,-0.0,1.0,1.0,1.0,1.0,1.0,39.33630075,1.0,0.015425593939600163,0.0,0.0,1.0,38.70264059,1.0,0.03128589508080842,1.0,1.0,1.0,87.67401313,0.0,0.0,0.0,0.0,0.0,87.67401313,0.0,0.0,0.0,0.0,0.0,83.50824323,0.0,0.0,0.0,0.0,0.0,82.86085282,0.0,0.0,0.0,0.0,0.0,82.05612449,0.0,0.0,0.0,0.0,0.0
diverse_rec,ml20_lambda1.0,1.0,movielens_sample20of200_lambda1.0,20,9,12,39.95259323,39.95259323,39.33630075,39.22039459,0,-9.144608638,solved (0.0 s),solved (0.0 s),1,0,opt,38.70264059,1.0,0.03128589508080842,1.0,1.0,1.0,39.33630075,1.0,0.015425593939600163,0.0,0.0,1.0,,,,,,,-0.0,1.0,1.0,1.0,1.0,1.0,39.33630075,1.0,0.015425593939600163,0.0,0.0,1.0,38.70264059,1.0,0.03128589508080842,1.0,1.0,1.0,94.95697449,0.0,0.0,0.0,0.0,0.0,94.95697449,0.0,0.0,0.0,0.0,0.0,90.33090007,0.0,0.0,0.0,0.0,0.0,87.89572025,0.0,0.0,0.0,0.0,0.0,87.49850599,0.0,0.0,0.0,0.0,0.0
diverse_rec,ml20_lambda1.0,1.0,movielens_sample20of200_lambda1.0,20,9,13,39.95259323,39.95259323,39.33630075,39.18154463,0,-9.144608638,solved (0.0 s),solved (0.0 s),1,0,opt,38.70264059,1.0,0.03128589508080842,1.0,1.0,1.0,39.33630075,1.0,0.015425593939600163,0.0,0.0,1.0,,,,,,,-0.0,1.0,1.0,1.0,1.0,1.0,39.33630075,1.0,0.015425593939600163,0.0,0.0,1.0,38.70264059,1.0,0.03128589508080842,1.0,1.0,1.0,102.0546303,0.0,0.0,0.0,0.0,0.0,102.0546303,0.0,0.0,0.0,0.0,0.0,96.81991259,0.0,0.0,0.0,0.0,0.0,89.42477496,0.0,0.0,0.0,0.0,0.0,89.42477496,0.0,0.0,0.0,0.0,0.0
diverse_rec,ml20_lambda1.0,1.0,movielens_sample20of200_lambda1.0,20,9,14,39.95259323,39.95259323,39.33630075,39.18151458,0,-9.144608638,solved (0.0 s),solved (0.0 s),1,0,opt,38.70264059,1.0,0.03128589508080842,1.0,1.0,1.0,39.33630075,1.0,0.015425593939600163,0.0,0.0,1.0,,,,,,,-0.0,1.0,1.0,1.0,1.0,1.0,39.33630075,1.0,0.015425593939600163,0.0,0.0,1.0,38.70264059,1.0,0.03128589508080842,1.0,1.0,1.0,108.9667318,0.0,0.0,0.0,0.0,0.0,108.9667318,0.0,0.0,0.0,0.0,0.0,102.9901075,0.0,0.0,0.0,0.0,0.0,89.42477496,0.0,0.0,0.0,0.0,0.0,89.42477496,0.0,0.0,0.0,0.0,0.0
diverse_rec,ml20_lambda1.0,1.0,movielens_sample20of200_lambda1.0,20,9,15,39.95259323,39.95259323,39.33630075,39.13856423,0,-9.144608638,solved (0.0 s),solved (0.0 s),1,0,opt,38.70264059,1.0,0.03128589508080842,1.0,1.0,1.0,39.33630075,1.0,0.015425593939600163,0.0,0.0,1.0,,,,,,,-0.0,1.0,1.0,1.0,1.0,1.0,39.33630075,1.0,0.015425593939600163,0.0,0.0,1.0,38.70264059,1.0,0.03128589508080842,1.0,1.0,1.0,115.8603771,0.0,0.0,0.0,0.0,0.0,109.666845,0.0,0.0,0.0,0.0,0.0,109.066551,0.0,0.0,0.0,0.0,0.0,89.42477496,0.0,0.0,0.0,0.0,0.0,89.42477496,0.0,0.0,0.0,0.0,0.0
diverse_rec,ml20_lambda1.0,1.0,movielens_sample20of200_lambda1.0,20,9,16,39.95259323,39.95259323,39.33630075,39.12872507,0,-9.144608638,solved (0.0 s),solved (0.0 s),1,0,opt,38.70264059,1.0,0.03128589508080842,1.0,1.0,1.0,39.33630075,1.0,0.015425593939600163,0.0,0.0,1.0,,,,,,,-0.0,1.0,1.0,1.0,1.0,1.0,39.33630075,1.0,0.015425593939600163,0.0,0.0,1.0,38.70264059,1.0,0.03128589508080842,1.0,1.0,1.0,122.7323904,0.0,0.0,0.0,0.0,0.0,109.666845,0.0,0.0,0.0,0.0,0.0,109.066551,0.0,0.0,0.0,0.0,0.0,89.42477496,0.0,0.0,0.0,0.0,0.0,89.42477496,0.0,0.0,0.0,0.0,0.0
diverse_rec,ml20_lambda1.0,1.0,movielens_sample20of200_lambda1.0,20,9,17,39.95259323,39.95259323,39.33630075,39.12242879,0,-9.144608638,solved (0.0 s),solved (0.0 s),1,0,opt,38.70264059,1.0,0.03128589508080842,1.0,1.0,1.0,39.33630075,1.0,0.015425593939600163,0.0,0.0,1.0,,,,,,,-0.0,1.0,1.0,1.0,1.0,1.0,39.33630075,1.0,0.015425593939600163,0.0,0.0,1.0,38.70264059,1.0,0.03128589508080842,1.0,1.0,1.0,129.5550473,0.0,0.0,0.0,0.0,0.0,109.666845,0.0,0.0,0.0,0.0,0.0,109.066551,0.0,0.0,0.0,0.0,0.0,89.42477496,0.0,0.0,0.0,0.0,0.0,89.42477496,0.0,0.0,0.0,0.0,0.0
diverse_rec,ml20_lambda1.0,1.0,movielens_sample20of200_lambda1.0,20,9,18,39.95259323,39.95259323,39.33630075,39.12176616,0,-9.144608638,solved (0.0 s),solved (0.0 s),1,0,opt,38.70264059,1.0,0.03128589508080842,1.0,1.0,1.0,39.33630075,1.0,0.015425593939600163,0.0,0.0,1.0,,,,,,,-0.0,1.0,1.0,1.0,1.0,1.0,39.33630075,1.0,0.015425593939600163,0.0,0.0,1.0,38.70264059,1.0,0.03128589508080842,1.0,1.0,1.0,136.0440598,0.0,0.0,0.0,0.0,0.0,109.666845,0.0,0.0,0.0,0.0,0.0,109.066551,0.0,0.0,0.0,0.0,0.0,89.42477496,0.0,0.0,0.0,0.0,0.0,89.42477496,0.0,0.0,0.0,0.0,0.0
diverse_rec,ml20_lambda1.0,1.0,movielens_sample20of200_lambda1.0,20,9,19,39.95259323,39.95259323,39.33630075,39.12298891,0,-9.144608638,solved (0.0 s),solved (0.0 s),1,0,opt,38.70264059,1.0,0.03128589508080842,1.0,1.0,1.0,39.33630075,1.0,0.015425593939600163,0.0,0.0,1.0,,,,,,,-0.0,1.0,1.0,1.0,1.0,1.0,39.33630075,1.0,0.015425593939600163,0.0,0.0,1.0,38.70264059,1.0,0.03128589508080842,1.0,1.0,1.0,142.2142546,0.0,0.0,0.0,0.0,0.0,109.666845,0.0,0.0,0.0,0.0,0.0,109.066551,0.0,0.0,0.0,0.0,0.0,89.42477496,0.0,0.0,0.0,0.0,0.0,89.42477496,0.0,0.0,0.0,0.0,0.0
diverse_rec,ml20_lambda1.0,1.0,movielens_sample20of200_lambda1.0,20,9,20,39.95259323,39.95259323,39.33630075,39.11318573,0,-9.144608638,solved (0.0 s),solved (0.0 s),1,0,opt,38.70264059,1.0,0.03128589508080842,1.0,1.0,1.0,39.33630075,1.0,0.015425593939600163,0.0,0.0,1.0,,,,,,,-0.0,1.0,1.0,1.0,1.0,1.0,39.33630075,1.0,0.015425593939600163,0.0,0.0,1.0,38.70264059,1.0,0.03128589508080842,1.0,1.0,1.0,148.3157954,0.0,0.0,0.0,0.0,0.0,109.666845,0.0,0.0,0.0,0.0,0.0,109.066551,0.0,0.0,0.0,0.0,0.0,89.42477496,0.0,0.0,0.0,0.0,0.0,89.42477496,0.0,0.0,0.0,0.0,0.0
diverse_rec,ml20_lambda1.5,1.5,movielens_sample20of200_lambda1.5,20,0,1,8.019434616,8.019434616,8.019434616,8.019434616,0,-17.53886923,solved (0.0 s),solved (0.0 s),1,0,opt,8.019434616,0.0,0.0,0.0,0.0,0.0,8.019434616,0.0,0.0,0.0,0.0,0.0,,,,,,,-80.39039178288542,1.0,11.024446314768161,1.0,1.0,1.0,8.019434616,0.0,0.0,0.0,0.0,0.0,8.019434616,0.0,0.0,0.0,0.0,0.0,8.019434616,0.0,0.0,0.0,0.0,0.0,8.019434616,0.0,0.0,0.0,0.0,0.0,8.019434616,0.0,0.0,0.0,0.0,0.0,8.019434616,0.0,0.0,0.0,0.0,0.0,8.019434616,0.0,0.0,0.0,0.0,0.0
diverse_rec,ml20_lambda1.5,1.5,movielens_sample20of200_lambda1.5,20,0,2,14.3135767,14.3135767,14.3135767,13.94806177,0,-17.53886923,solved (0.0 s),solved (0.0 s),1,0,opt,14.97125586,0.0,0.0,0.0,0.0,0.0,16.00844685,0.0,0.0,0.0,0.0,0.0,,,,,,,-80.39039178288542,1.0,6.6163734241830285,1.0,1.0,1.0,14.97125586,0.0,0.0,0.0,0.0,0.0,14.97125586,0.0,0.0,0.0,0.0,0.0,16.00844685,0.0,0.0,0.0,0.0,0.0,16.00844685,0.0,0.0,0.0,0.0,0.0,14.97125586,0.0,0.0,0.0,0.0,0.0,15.92910775,0.0,0.0,0.0,0.0,0.0,15.7866004,0.0,0.0,0.0,0.0,0.0
diverse_rec,ml20_lambda1.5,1.5,movielens_sample20of200_lambda1.5,20,0,3,18.48083024,18.48083024,18.48083024,18.0694052,0,-17.53886923,solved (0.0 s),solved (0.0 s),1,0,opt,21.82177528,0.0,0.0,0.0,0.0,0.0,22.9602681,0.0,0.0,0.0,0.0,0.0,,,,,,,-80.39039178288542,1.0,5.34993399857589,1.0,1.0,1.0,21.82177528,0.0,0.0,0.0,0.0,0.0,21.82177528,0.0,0.0,0.0,0.0,0.0,22.9602681,0.0,0.0,0.0,0.0,0.0,22.9602681,0.0,0.0,0.0,0.0,0.0,21.82177528,0.0,0.0,0.0,0.0,0.0,22.72978341,0.0,0.0,0.0,0.0,0.0,22.67134834,0.0,0.0,0.0,0.0,0.0
diverse_rec,ml20_lambda1.5,1.5,movielens_sample20of200_lambda1.5,20,0,4,21.43333422,21.43333422,21.43333422,20.9115737,0,-17.53886923,solved (0.0 s),solved (0.0 s),1,0,opt,22.13262339,0.0,0.0,0.0,0.0,0.0,28.07971997,0.0,0.0,0.0,0.0,0.0,,,,,,,-80.39039178288542,1.0,4.750717968456399,1.0,1.0,1.0,27.949843625,0.0,0.0,0.0,0.0,0.0,22.32836288,0.0,0.0,0.0,0.0,0.0,29.81207609,0.0,0.0,0.0,0.0,0.0,29.81207609,0.0,0.0,0.0,0.0,0.0,28.58707673,0.0,0.0,0.0,0.0,0.0,29.41805412,0.0,0.0,0.0,0.0,0.0,29.3301267,0.0,0.0,0.0,0.0,0.0
diverse_rec,ml20_lambda1.5,1.5,movielens_sample20of200_lambda1.5,20,0,5,23.1454663,23.1454663,23.12755282,22.6882267,0,-17.53886923,solved (0.0 s),solved (0.0 s),1,0,opt,22.13262339,1.0,0.04375988355006699,1.0,1.0,1.0,25.67246469,0.0,0.0,0.0,0.0,0.0,,,,,,,-80.39039178288542,1.0,4.473267323323938,1.0,1.0,1.0,25.502107207999998,0.0,0.0,0.0,0.0,0.0,22.32836288,1.0,0.035302957797830097,1.0,1.0,1.0,36.6625955,0.0,0.0,0.0,0.0,0.0,36.6625955,0.0,0.0,0.0,0.0,0.0,35.34184044,0.0,0.0,0.0,0.0,0.0,36.07764554,0.0,0.0,0.0,0.0,0.0,35.8861399,0.0,0.0,0.0,0.0,0.0
diverse_rec,ml20_lambda1.5,1.5,movielens_sample20of200_lambda1.5,20,0,6,23.80221148,23.80221148,23.70862594,23.41367546,0,-17.53886923,solved (0.0 s),solved (0.0 s),1,0,opt,22.13262339,1.0,0.07014424232819233,1.0,1.0,1.0,23.70862594,1.0,0.003931800205986549,0.0,0.0,1.0,,,,,,,-80.39039178288542,1.0,4.377433725031562,1.0,1.0,1.0,23.70862594,1.0,0.003931800205986549,0.0,0.0,1.0,22.32836288,1.0,0.061920658138778964,1.0,1.0,1.0,43.47987372,0.0,0.0,0.0,0.0,0.0,43.47987372,0.0,0.0,0.0,0.0,0.0,42.06335849,0.0,0.0,0.0,0.0,0.0,42.69830933,0.0,0.0,0.0,0.0,0.0,42.29434207,0.0,0.0,0.0,0.0,0.0
diverse_rec,ml20_lambda1.5,1.5,movielens_sample20of200_lambda1.5,20,0,7,23.80221148,23.80221148,23.70862594,23.36334144,0,-17.53886923,solved (0.0 s),solved (0.0 s),1,0,opt,22.13262339,1.0,0.07014424232819233,1.0,1.0,1.0,23.70862594,1.0,0.003931800205986549,0.0,0.0,1.0,,,,,,,-80.39039178288542,1.0,4.377433725031562,1.0,1.0,1.0,23.70862594,1.0,0.003931800205986549,0.0,0.0,1.0,22.32836288,1.0,0.061920658138778964,1.0,1.0,1.0,50.24544415,0.0,0.0,0.0,0.0,0.0,50.24544415,0.0,0.0,0.0,0.0,0.0,48.56551887,0.0,0.0,0.0,0.0,0.0,49.27658937,0.0,0.0,0.0,0.0,0.0,48.66805496,0.0,0.0,0.0,0.0,0.0
diverse_rec,ml20_lambda1.5,1.5,movielens_sample20of200_lambda1.5,20,0,8,23.80221148,23.80221148,23.70862594,23.33115265,0,-17.53886923,solved (0.0 s),solved (0.0 s),1,0,opt,22.13262339,1.0,0.07014424232819233,1.0,1.0,1.0,23.70862594,1.0,0.003931800205986549,0.0,0.0,1.0,,,,,,,-80.39039178288542,1.0,4.377433725031562,1.0,1.0,1.0,23.70862594,1.0,0.003931800205986549,0.0,0.0,1.0,22.32836288,1.0,0.061920658138778964,1.0,1.0,1.0,57.00020786,0.0,0.0,0.0,0.0,0.0,57.00020786,0.0,0.0,0.0,0.0,0.0,55.06562656,0.0,0.0,0.0,0.0,0.0,55.68877844,0.0,0.0,0.0,0.0,0.0,55.02702088,0.0,0.0,0.0,0.0,0.0
diverse_rec,ml20_lambda1.5,1.5,movielens_sample20of200_lambda1.5,20,0,9,23.80221148,23.80221148,23.70862594,23.25872219,0,-17.53886923,solved (0.0 s),solved (0.0 s),1,0,opt,22.13262339,1.0,0.07014424232819233,1.0,1.0,1.0,23.70862594,1.0,0.003931800205986549,0.0,0.0,1.0,,,,,,,-80.39039178288542,1.0,4.377433725031562,1.0,1.0,1.0,23.70862594,1.0,0.003931800205986549,0.0,0.0,1.0,22.32836288,1.0,0.061920658138778964,1.0,1.0,1.0,63.72172592,0.0,0.0,0.0,0.0,0.0,63.72172592,0.0,0.0,0.0,0.0,0.0,61.49875367,0.0,0.0,0.0,0.0,0.0,61.91991263,0.0,0.0,0.0,0.0,0.0,61.30326451,0.0,0.0,0.0,0.0,0.0
diverse_rec,ml20_lambda1.5,1.5,movielens_sample20of200_lambda1.5,20,0,10,23.80221148,23.80221148,23.70862594,23.21478383,0,-17.53886923,solved (0.0 s),solved (0.0 s),1,0,opt,22.13262339,1.0,0.07014424232819233,1.0,1.0,1.0,23.70862594,1.0,0.003931800205986549,0.0,0.0,1.0,,,,,,,-80.39039178288542,1.0,4.377433725031562,1.0,1.0,1.0,23.70862594,1.0,0.003931800205986549,0.0,0.0,1.0,22.32836288,1.0,0.061920658138778964,1.0,1.0,1.0,70.2238863,0.0,0.0,0.0,0.0,0.0,70.2238863,0.0,0.0,0.0,0.0,0.0,67.83771908,0.0,0.0,0.0,0.0,0.0,68.01613133,0.0,0.0,0.0,0.0,0.0,67.41776492,0.0,0.0,0.0,0.0,0.0
diverse_rec,ml20_lambda1.5,1.5,movielens_sample20of200_lambda1.5,20,0,11,23.80221148,23.80221148,23.70862594,23.15518146,0,-17.53886923,solved (0.0 s),solved (0.0 s),1,0,opt,22.13262339,1.0,0.07014424232819233,1.0,1.0,1.0,23.70862594,1.0,0.003931800205986549,0.0,0.0,1.0,,,,,,,-80.39039178288542,1.0,4.377433725031562,1.0,1.0,1.0,23.70862594,1.0,0.003931800205986549,0.0,0.0,1.0,22.32836288,1.0,0.061920658138778964,1.0,1.0,1.0,76.72399398,0.0,0.0,0.0,0.0,0.0,76.72399398,0.0,0.0,0.0,0.0,0.0,74.10333466,0.0,0.0,0.0,0.0,0.0,73.88455031,0.0,0.0,0.0,0.0,0.0,73.32296787,0.0,0.0,0.0,0.0,0.0
diverse_rec,ml20_lambda1.5,1.5,movielens_sample20of200_lambda1.5,20,0,12,23.80221148,23.80221148,23.70862594,23.09896419,0,-17.53886923,solved (0.0 s),solved (0.0 s),1,0,opt,22.13262339,1.0,0.07014424232819233,1.0,1.0,1.0,23.70862594,1.0,0.003931800205986549,0.0,0.0,1.0,,,,,,,-80.39039178288542,1.0,4.377433725031562,1.0,1.0,1.0,23.70862594,1.0,0.003931800205986549,0.0,0.0,1.0,22.32836288,1.0,0.061920658138778964,1.0,1.0,1.0,83.1571211,0.0,0.0,0.0,0.0,0.0,83.1571211,0.0,0.0,0.0,0.0,0.0,80.23277586,0.0,0.0,0.0,0.0,0.0,79.57237105,0.0,0.0,0.0,0.0,0.0,79.08353163,0.0,0.0,0.0,0.0,0.0
diverse_rec,ml20_lambda1.5,1.5,movielens_sample20of200_lambda1.5,20,0,13,23.80221148,23.80221148,23.70862594,23.02807896,0,-17.53886923,solved (0.0 s),solved (0.0 s),1,0,opt,22.13262339,1.0,0.07014424232819233,1.0,1.0,1.0,23.70862594,1.0,0.003931800205986549,0.0,0.0,1.0,,,,,,,-80.39039178288542,1.0,4.377433725031562,1.0,1.0,1.0,23.70862594,1.0,0.003931800205986549,0.0,0.0,1.0,22.32836288,1.0,0.061920658138778964,1.0,1.0,1.0,89.49608651,0.0,0.0,0.0,0.0,0.0,89.49608651,0.0,0.0,0.0,0.0,0.0,86.28634798,0.0,0.0,0.0,0.0,0.0,85.1353919,0.0,0.0,0.0,0.0,0.0,84.71881152,0.0,0.0,0.0,0.0,0.0
diverse_rec,ml20_lambda1.5,1.5,movielens_sample20of200_lambda1.5,20,0,14,23.80221148,23.80221148,23.70862594,22.95745934,0,-17.53886923,solved (0.0 s),solved (0.0 s),1,0,opt,22.13262339,1.0,0.07014424232819233,1.0,1.0,1.0,23.70862594,1.0,0.003931800205986549,0.0,0.0,1.0,,,,,,,-80.39039178288542,1.0,4.377433725031562,1.0,1.0,1.0,23.70862594,1.0,0.003931800205986549,0.0,0.0,1.0,22.32836288,1.0,0.061920658138778964,1.0,1.0,1.0,95.76170209,0.0,0.0,0.0,0.0,0.0,95.76170209,0.0,0.0,0.0,0.0,0.0,92.31086689,0.0,0.0,0.0,0.0,0.0,90.34638279,0.0,0.0,0.0,0.0,0.0,90.05884665,0.0,0.0,0.0,0.0,0.0
diverse_rec,ml20_lambda1.5,1.5,movielens_sample20of200_lambda1.5,20,0,15,23.80221148,23.80221148,23.70862594,22.88531499,0,-17.53886923,solved (0.0 s),solved (0.0 s),1,0,opt,22.13262339,1.0,0.07014424232819233,1.0,1.0,1.0,23.70862594,1.0,0.003931800205986549,0.0,0.0,1.0,,,,,,,-80.39039178288542,1.0,4.377433725031562,1.0,1.0,1.0,23.70862594,1.0,0.003931800205986549,0.0,0.0,1.0,22.32836288,1.0,0.061920658138778964,1.0,1.0,1.0,101.8911433,0.0,0.0,0.0,0.0,0.0,101.8911433,0.0,0.0,0.0,0.0,0.0,98.21006551,0.0,0.0,0.0,0.0,0.0,94.10594003,0.0,0.0,0.0,0.0,0.0,94.08712501,0.0,0.0,0.0,0.0,0.0
diverse_rec,ml20_lambda1.5,1.5,movielens_sample20of200_lambda1.5,20,0,16,23.80221148,23.80221148,23.70862594,22.83975233,0,-17.53886923,solved (0.0 s),solved (0.0 s),1,0,opt,22.13262339,1.0,0.07014424232819233,1.0,1.0,1.0,23.70862594,1.0,0.003931800205986549,0.0,0.0,1.0,,,,,,,-80.39039178288542,1.0,4.377433725031562,1.0,1.0,1.0,23.70862594,1.0,0.003931800205986549,0.0,0.0,1.0,22.32836288,1.0,0.061920658138778964,1.0,1.0,1.0,107.9447154,0.0,0.0,0.0,0.0,0.0,107.6743216,0.0,0.0,0.0,0.0,0.0,103.805084,0.0,0.0,0.0,0.0,0.0,94.10594003,0.0,0.0,0.0,0.0,0.0,94.08712501,0.0,0.0,0.0,0.0,0.0
diverse_rec,ml20_lambda1.5,1.5,movielens_sample20of200_lambda1.5,20,0,17,23.80221148,23.80221148,23.70862594,22.7712525,0,-17.53886923,solved (0.0 s),solved (0.0 s),1,0,opt,22.13262339,1.0,0.07014424232819233,1.0,1.0,1.0,23.70862594,1.0,0.003931800205986549,0.0,0.0,1.0,,,,,,,-80.39039178288542,1.0,4.377433725031562,1.0,1.0,1.0,23.70862594,1.0,0.003931800205986549,0.0,0.0,1.0,22.32836288,1.0,0.061920658138778964,1.0,1.0,1.0,113.9692343,0.0,0.0,0.0,0.0,0.0,107.6743216,0.0,0.0,0.0,0.0,0.0,107.4811204,0.0,0.0,0.0,0.0,0.0,94.10594003,0.0,0.0,0.0,0.0,0.0,94.08712501,0.0,0.0,0.0,0.0,0.0
diverse_rec,ml20_lambda1.5,1.5,movielens_sample20of200_lambda1.5,20,0,18,23.80221148,23.80221148,23.70862594,22.7620473,0,-17.53886923,solved (0.0 s),solved (0.0 s),1,0,opt,22.13262339,1.0,0.07014424232819233,1.0,1.0,1.0,23.70862594,1.0,0.003931800205986549,0.0,0.0,1.0,,,,,,,-80.39039178288542,1.0,4.377433725031562,1.0,1.0,1.0,23.70862594,1.0,0.003931800205986549,0.0,0.0,1.0,22.32836288,1.0,0.061920658138778964,1.0,1.0,1.0,119.8684329,0.0,0.0,0.0,0.0,0.0,107.6743216,0.0,0.0,0.0,0.0,0.0,107.4811204,0.0,0.0,0.0,0.0,0.0,94.10594003,0.0,0.0,0.0,0.0,0.0,94.08712501,0.0,0.0,0.0,0.0,0.0
diverse_rec,ml20_lambda1.5,1.5,movielens_sample20of200_lambda1.5,20,0,19,23.80221148,23.80221148,23.70862594,22.79341405,0,-17.53886923,solved (0.0 s),solved (0.0 s),1,0,opt,22.13262339,1.0,0.07014424232819233,1.0,1.0,1.0,23.70862594,1.0,0.003931800205986549,0.0,0.0,1.0,,,,,,,-80.39039178288542,1.0,4.377433725031562,1.0,1.0,1.0,23.70862594,1.0,0.003931800205986549,0.0,0.0,1.0,22.32836288,1.0,0.061920658138778964,1.0,1.0,1.0,125.4634514,0.0,0.0,0.0,0.0,0.0,107.6743216,0.0,0.0,0.0,0.0,0.0,107.4811204,0.0,0.0,0.0,0.0,0.0,94.10594003,0.0,0.0,0.0,0.0,0.0,94.08712501,0.0,0.0,0.0,0.0,0.0
diverse_rec,ml20_lambda1.5,1.5,movielens_sample20of200_lambda1.5,20,0,20,23.80221148,23.80221148,23.70862594,22.77135556,0,-17.53886923,solved (0.0 s),solved (0.0 s),1,0,opt,22.13262339,1.0,0.07014424232819233,1.0,1.0,1.0,23.70862594,1.0,0.003931800205986549,0.0,0.0,1.0,,,,,,,-80.39039178288542,1.0,4.377433725031562,1.0,1.0,1.0,23.70862594,1.0,0.003931800205986549,0.0,0.0,1.0,22.32836288,1.0,0.061920658138778964,1.0,1.0,1.0,130.7807836,0.0,0.0,0.0,0.0,0.0,107.6743216,0.0,0.0,0.0,0.0,0.0,107.4811204,0.0,0.0,0.0,0.0,0.0,94.10594003,0.0,0.0,0.0,0.0,0.0,94.08712501,0.0,0.0,0.0,0.0,0.0
diverse_rec,ml20_lambda1.5,1.5,movielens_sample20of200_lambda1.5,20,1,1,8.28657435,8.28657435,8.28657435,8.28657435,0,-18.0731487,solved (0.0 s),solved (0.0 s),1,0,opt,8.28657435,0.0,0.0,0.0,0.0,0.0,8.28657435,0.0,0.0,0.0,0.0,0.0,,,,,,,-82.11190168903045,1.0,10.909028534696057,1.0,1.0,1.0,8.28657435,0.0,0.0,0.0,0.0,0.0,8.28657435,0.0,0.0,0.0,0.0,0.0,8.28657435,0.0,0.0,0.0,0.0,0.0,8.28657435,0.0,0.0,0.0,0.0,0.0,8.28657435,0.0,0.0,0.0,0.0,0.0,8.28657435,0.0,0.0,0.0,0.0,0.0,8.28657435,0.0,0.0,0.0,0.0,0.0
diverse_rec,ml20_lambda1.5,1.5,movielens_sample20of200_lambda1.5,20,1,2,14.4061132,14.4061132,14.4061132,14.27291498,0,-18.0731487,solved (0.0 s),solved (0.0 s),1,0,opt,15.9477553,0.0,0.0,0.0,0.0,0.0,15.97702199,0.0,0.0,0.0,0.0,0.0,,,,,,,-82.11190168903045,1.0,6.699795673480508,1.0,1.0,1.0,15.9477553,0.0,0.0,0.0,0.0,0.0,15.9477553,0.0,0.0,0.0,0.0,0.0,15.97702199,0.0,0.0,0.0,0.0,0.0,15.97702199,0.0,0.0,0.0,0.0,0.0,15.9477553,0.0,0.0,0.0,0.0,0.0,15.93409483,0.0,0.0,0.0,0.0,0.0,15.9303521,0.0,0.0,0.0,0.0,0.0
diverse_rec,ml20_lambda1.5,1.5,movielens_sample20of200_lambda1.5,20,1,3,19.10829214,19.10829214,18.8455927,18.70893141,0,-18.0731487,solved (0.0 s),solved (0.0 s),1,0,opt,23.12248499,0.0,0.0,0.0,0.0,0.0,23.63820293,0.0,0.0,0.0,0.0,0.0,,,,,,,-82.11190168903045,1.0,5.297186848904355,1.0,1.0,1.0,23.21562395,0.0,0.0,0.0,0.0,0.0,23.12248499,0.0,0.0,0.0,0.0,0.0,23.63820293,0.0,0.0,0.0,0.0,0.0,23.63820293,0.0,0.0,0.0,0.0,0.0,23.21562395,0.0,0.0,0.0,0.0,0.0,23.54632711,0.0,0.0,0.0,0.0,0.0,23.46218558,0.0,0.0,0.0,0.0,0.0
diverse_rec,ml20_lambda1.5,1.5,movielens_sample20of200_lambda1.5,20,1,4,22.26988308,22.26988308,21.97470868,21.73783452,0,-18.0731487,solved (0.0 s),solved (0.0 s),1,0,opt,23.12248499,0.0,0.0,0.0,0.0,0.0,28.78793174,0.0,0.0,0.0,0.0,0.0,,,,,,,-82.11190168903045,1.0,4.687127651010122,1.0,1.0,1.0,28.742767332,0.0,0.0,0.0,0.0,0.0,23.12248499,0.0,0.0,0.0,0.0,0.0,31.25273946,0.0,0.0,0.0,0.0,0.0,31.25273946,0.0,0.0,0.0,0.0,0.0,30.29114475,0.0,0.0,0.0,0.0,0.0,30.97515827,0.0,0.0,0.0,0.0,0.0,30.50778923,0.0,0.0,0.0,0.0,0.0
diverse_rec,ml20_lambda1.5,1.5,movielens_sample20of200_lambda1.5,20,1,5,23.89796746,23.89796746,23.73813065,23.4195277,0,-18.0731487,solved (0.0 s),solved (0.0 s),1,0,opt,23.12248499,1.0,0.03244972491062217,1.0,1.0,1.0,25.41116616,0.0,0.0,0.0,0.0,0.0,,,,,,,-82.11190168903045,1.0,4.435936626261958,1.0,1.0,1.0,25.411166153,0.0,0.0,0.0,0.0,0.0,23.12248499,1.0,0.03244972491062217,1.0,1.0,1.0,38.58297705,0.0,0.0,0.0,0.0,0.0,38.58297705,0.0,0.0,0.0,0.0,0.0,37.1485534,0.0,0.0,0.0,0.0,0.0,38.1102654,0.0,0.0,0.0,0.0,0.0,37.44636521,0.0,0.0,0.0,0.0,0.0
diverse_rec,ml20_lambda1.5,1.5,movielens_sample20of200_lambda1.5,20,1,6,24.46458986,24.46458986,24.15364188,23.99448439,0,-18.0731487,solved (0.0 s),solved (0.0 s),1,0,opt,23.12248499,1.0,0.054859079088604025,1.0,1.0,1.0,24.15364188,1.0,0.012710124378925585,0.0,0.0,1.0,,,,,,,-82.11190168903045,1.0,4.356357174141094,1.0,1.0,1.0,24.15364188,1.0,0.012710124378925585,0.0,0.0,1.0,23.12248499,1.0,0.054859079088604025,1.0,1.0,1.0,45.8508457,0.0,0.0,0.0,0.0,0.0,45.8508457,0.0,0.0,0.0,0.0,0.0,43.98863481,0.0,0.0,0.0,0.0,0.0,45.0254951,0.0,0.0,0.0,0.0,0.0,44.24300658,0.0,0.0,0.0,0.0,0.0
diverse_rec,ml20_lambda1.5,1.5,movielens_sample20of200_lambda1.5,20,1,7,24.46458986,24.46458986,24.15364188,23.94017198,0,-18.0731487,solved (0.0 s),solved (0.0 s),1,0,opt,23.12248499,1.0,0.054859079088604025,1.0,1.0,1.0,24.15364188,1.0,0.012710124378925585,0.0,0.0,1.0,,,,,,,-82.11190168903045,1.0,4.356357174141094,1.0,1.0,1.0,24.15364188,1.0,0.012710124378925585,0.0,0.0,1.0,23.12248499,1.0,0.054859079088604025,1.0,1.0,1.0,52.93235146,0.0,0.0,0.0,0.0,0.0,52.93235146,0.0,0.0,0.0,0.0,0.0,50.78429899,0.0,0.0,0.0,0.0,0.0,51.75460483,0.0,0.0,0.0,0.0,0.0,50.91031046,0.0,0.0,0.0,0.0,0.0
diverse_rec,ml20_lambda1.5,1.5,movielens_sample20of200_lambda1.5,20,1,8,24.46458986,24.46458986,24.15364188,23.8945026,0,-18.0731487,solved (0.0 s),solved (0.0 s),1,0,opt,23.12248499,1.0,0.054859079088604025,1.0,1.0,1.0,24.15364188,1.0,0.012710124378925585,0.0,0.0,1.0,,,,,,,-82.11190168903045,1.0,4.356357174141094,1.0,1.0,1.0,24.15364188,1.0,0.012710124378925585,0.0,0.0,1.0,23.12248499,1.0,0.054859079088604025,1.0,1.0,1.0,60.00787226,0.0,0.0,0.0,0.0,0.0,60.00787226,0.0,0.0,0.0,0.0,0.0,57.48751582,0.0,0.0,0.0,0.0,0.0,58.2410008,0.0,0.0,0.0,0.0,0.0,57.44358251,0.0,0.0,0.0,0.0,0.0
diverse_rec,ml20_lambda1.5,1.5,movielens_sample20of200_lambda1.5,20,1,9,24.46458986,24.46458986,24.15364188,23.85174858,0,-18.0731487,solved (0.0 s),solved (0.0 s),1,0,opt,23.12248499,1.0,0.054859079088604025,1.0,1.0,1.0,24.15364188,1.0,0.012710124378925585,0.0,0.0,1.0,,,,,,,-82.11190168903045,1.0,4.356357174141094,1.0,1.0,1.0,24.15364188,1.0,0.012710124378925585,0.0,0.0,1.0,23.12248499,1.0,0.054859079088604025,1.0,1.0,1.0,66.84795367,0.0,0.0,0.0,0.0,0.0,66.84795367,0.0,0.0,0.0,0.0,0.0,64.09793336,0.0,0.0,0.0,0.0,0.0,64.51771306,0.0,0.0,0.0,0.0,0.0,63.83925282,0.0,0.0,0.0,0.0,0.0
diverse_rec,ml20_lambda1.5,1.5,movielens_sample20of200_lambda1.5,20,1,10,24.46458986,24.46458986,24.15364188,23.80256577,0,-18.0731487,solved (0.0 s),solved (0.0 s),1,0,opt,23.12248499,1.0,0.054859079088604025,1.0,1.0,1.0,24.15364188,1.0,0.012710124378925585,0.0,0.0,1.0,,,,,,,-82.11190168903045,1.0,4.356357174141094,1.0,1.0,1.0,24.15364188,1.0,0.012710124378925585,0.0,0.0,1.0,23.12248499,1.0,0.054859079088604025,1.0,1.0,1.0,73.64361785,0.0,0.0,0.0,0.0,0.0,73.64361785,0.0,0.0,0.0,0.0,0.0,70.57608866,0.0,0.0,0.0,0.0,0.0,70.58199607,0.0,0.0,0.0,0.0,0.0,70.10115591,0.0,0.0,0.0,0.0,0.0
diverse_rec,ml20_lambda1.5,1.5,movielens_sample20of200_lambda1.5,20,1,11,24.46458986,24.46458986,24.15364188,23.75091756,0,-18.0731487,solved (0.0 s),solved (0.0 s),1,0,opt,23.12248499,1.0,0.054859079088604025,1.0,1.0,1.0,24.15364188,1.0,0.012710124378925585,0.0,0.0,1.0,,,,,,,-82.11190168903045,1.0,4.356357174141094,1.0,1.0,1.0,24.15364188,1.0,0.012710124378925585,0.0,0.0,1.0,23.12248499,1.0,0.054859079088604025,1.0,1.0,1.0,80.34683468,0.0,0.0,0.0,0.0,0.0,80.34683468,0.0,0.0,0.0,0.0,0.0,76.98995742,0.0,0.0,0.0,0.0,0.0,76.36972521,0.0,0.0,0.0,0.0,0.0,76.10255479,0.0,0.0,0.0,0.0,0.0
diverse_rec,ml20_lambda1.5,1.5,movielens_sample20of200_lambda1.5,20,1,12,24.46458986,24.46458986,24.15364188,23.7016842,0,-18.0731487,solved (0.0 s),solved (0.0 s),1,0,opt,23.12248499,1.0,0.054859079088604025,1.0,1.0,1.0,24.15364188,1.0,0.012710124378925585,0.0,0.0,1.0,,,,,,,-82.11190168903045,1.0,4.356357174141094,1.0,1.0,1.0,24.15364188,1.0,0.012710124378925585,0.0,0.0,1.0,23.12248499,1.0,0.054859079088604025,1.0,1.0,1.0,86.95725222,0.0,0.0,0.0,0.0,0.0,86.95725222,0.0,0.0,0.0,0.0,0.0,83.13296383,0.0,0.0,0.0,0.0,0.0,81.80873856,0.0,0.0,0.0,0.0,0.0,81.67531491,0.0,0.0,0.0,0.0,0.0
diverse_rec,ml20_lambda1.5,1.5,movielens_sample20of200_lambda1.5,20,1,13,24.46458986,24.46458986,24.15364188,23.63477432,0,-18.0731487,solved (0.0 s),solved (0.0 s),1,0,opt,23.12248499,1.0,0.054859079088604025,1.0,1.0,1.0,24.15364188,1.0,0.012710124378925585,0.0,0.0,1.0,,,,,,,-82.11190168903045,1.0,4.356357174141094,1.0,1.0,1.0,24.15364188,1.0,0.012710124378925585,0.0,0.0,1.0,23.12248499,1.0,0.054859079088604025,1.0,1.0,1.0,93.43540752,0.0,0.0,0.0,0.0,0.0,93.43540752,0.0,0.0,0.0,0.0,0.0,89.13656969,0.0,0.0,0.0,0.0,0.0,87.09366588,0.0,0.0,0.0,0.0,0.0,87.06619015,0.0,0.0,0.0,0.0,0.0
diverse_rec,ml20_lambda1.5,1.5,movielens_sample20of200_lambda1.5,20,1,14,24.46458986,24.46458986,24.15364188,23.57369323,0,-18.0731487,solved (0.0 s),solved (0.0 s),1,0,opt,23.12248499,1.0,0.054859079088604025,1.0,1.0,1.0,24.15364188,1.0,0.012710124378925585,0.0,0.0,1.0,,,,,,,-82.11190168903045,1.0,4.356357174141094,1.0,1.0,1.0,24.15364188,1.0,0.012710124378925585,0.0,0.0,1.0,23.12248499,1.0,0.054859079088604025,1.0,1.0,1.0,99.84927629,0.0,0.0,0.0,0.0,0.0,99.84927629,0.0,0.0,0.0,0.0,0.0,95.03775851,0.0,0.0,0.0,0.0,0.0,91.93992518,0.0,0.0,0.0,0.0,0.0,91.93695407,0.0,0.0,0.0,0.0,0.0
diverse_rec,ml20_lambda1.5,1.5,movielens_sample20of200_lambda1.5,20,1,15,24.46458986,24.46458986,24.15364188,23.49078236,0,-18.0731487,solved (0.0 s),solved (0.0 s),1,0,opt,23.12248499,1.0,0.054859079088604025,1.0,1.0,1.0,24.15364188,1.0,0.012710124378925585,0.0,0.0,1.0,,,,,,,-82.11190168903045,1.0,4.356357174141094,1.0,1.0,1.0,24.15364188,1.0,0.012710124378925585,0.0,0.0,1.0,23.12248499,1.0,0.054859079088604025,1.0,1.0,1.0,105.9922827,0.0,0.0,0.0,0.0,0.0,105.9922827,0.0,0.0,0.0,0.0,0.0,100.8613395,0.0,0.0,0.0,0.0,0.0,95.66942146,0.0,0.0,0.0,0.0,0.0,95.66936059,0.0,0.0,0.0,0.0,0.0
diverse_rec,ml20_lambda1.5,1.5,movielens_sample20of200_lambda1.5,20,1,16,24.46458986,24.46458986,24.15364188,23.42351916,0,-18.0731487,solved (0.0 s),solved (0.0 s),1,0,opt,23.12248499,1.0,0.054859079088604025,1.0,1.0,1.0,24.15364188,1.0,0.012710124378925585,0.0,0.0,1.0,,,,,,,-82.11190168903045,1.0,4.356357174141094,1.0,1.0,1.0,24.15364188,1.0,0.012710124378925585,0.0,0.0,1.0,23.12248499,1.0,0.054859079088604025,1.0,1.0,1.0,111.9958885,0.0,0.0,0.0,0.0,0.0,110.6734806,0.0,0.0,0.0,0.0,0.0,106.2091681,0.0,0.0,0.0,0.0,0.0,95.66942146,0.0,0.0,0.0,0.0,0.0,95.66936059,0.0,0.0,0.0,0.0,0.0
diverse_rec,ml20_lambda1.5,1.5,movielens_sample20of200_lambda1.5,20,1,17,24.46458986,24.46458986,24.15364188,23.40644611,0,-18.0731487,solved (0.0 s),solved (0.0 s),1,0,opt,23.12248499,1.0,0.054859079088604025,1.0,1.0,1.0,24.15364188,1.0,0.012710124378925585,0.0,0.0,1.0,,,,,,,-82.11190168903045,1.0,4.356357174141094,1.0,1.0,1.0,24.15364188,1.0,0.012710124378925585,0.0,0.0,1.0,23.12248499,1.0,0.054859079088604025,1.0,1.0,1.0,117.8970774,0.0,0.0,0.0,0.0,0.0,110.6734806,0.0,0.0,0.0,0.0,0.0,110.5881755,0.0,0.0,0.0,0.0,0.0,95.66942146,0.0,0.0,0.0,0.0,0.0,95.66936059,0.0,0.0,0.0,0.0,0.0
diverse_rec,ml20_lambda1.5,1.5,movielens_sample20of200_lambda1.5,20,1,18,24.46458986,24.46458986,24.15364188,23.38222003,0,-18.0731487,solved (0.0 s),solved (0.0 s),1,0,opt,23.12248499,1.0,0.054859079088604025,1.0,1.0,1.0,24.15364188,1.0,0.012710124378925585,0.0,0.0,1.0,,,,,,,-82.11190168903045,1.0,4.356357174141094,1.0,1.0,1.0,24.15364188,1.0,0.012710124378925585,0.0,0.0,1.0,23.12248499,1.0,0.054859079088604025,1.0,1.0,1.0,123.7206584,0.0,0.0,0.0,0.0,0.0,110.6734806,0.0,0.0,0.0,0.0,0.0,110.5881755,0.0,0.0,0.0,0.0,0.0,95.66942146,0.0,0.0,0.0,0.0,0.0,95.66936059,0.0,0.0,0.0,0.0,0.0
diverse_rec,ml20_lambda1.5,1.5,movielens_sample20of200_lambda1.5,20,1,19,24.46458986,24.46458986,24.15364188,23.37982665,0,-18.0731487,solved (0.0 s),solved (0.0 s),1,0,opt,23.12248499,1.0,0.054859079088604025,1.0,1.0,1.0,24.15364188,1.0,0.012710124378925585,0.0,0.0,1.0,,,,,,,-82.11190168903045,1.0,4.356357174141094,1.0,1.0,1.0,24.15364188,1.0,0.012710124378925585,0.0,0.0,1.0,23.12248499,1.0,0.054859079088604025,1.0,1.0,1.0,129.0684869,0.0,0.0,0.0,0.0,0.0,110.6734806,0.0,0.0,0.0,0.0,0.0,110.5881755,0.0,0.0,0.0,0.0,0.0,95.66942146,0.0,0.0,0.0,0.0,0.0,95.66936059,0.0,0.0,0.0,0.0,0.0
diverse_rec,ml20_lambda1.5,1.5,movielens_sample20of200_lambda1.5,20,1,20,24.46458986,24.46458986,24.15364188,23.34723631,0,-18.0731487,solved (0.0 s),solved (0.0 s),1,0,opt,23.12248499,1.0,0.054859079088604025,1.0,1.0,1.0,24.15364188,1.0,0.012710124378925585,0.0,0.0,1.0,,,,,,,-82.11190168903045,1.0,4.356357174141094,1.0,1.0,1.0,24.15364188,1.0,0.012710124378925585,0.0,0.0,1.0,23.12248499,1.0,0.054859079088604025,1.0,1.0,1.0,134.2238034,0.0,0.0,0.0,0.0,0.0,110.6734806,0.0,0.0,0.0,0.0,0.0,110.5881755,0.0,0.0,0.0,0.0,0.0,95.66942146,0.0,0.0,0.0,0.0,0.0,95.66936059,0.0,0.0,0.0,0.0,0.0
diverse_rec,ml20_lambda1.5,1.5,movielens_sample20of200_lambda1.5,20,2,1,8.007074946,8.007074946,8.007074946,8.007074946,0,-17.51414989,solved (0.0 s),solved (0.0 s),1,0,opt,8.007074946,0.0,0.0,0.0,0.0,0.0,8.007074946,0.0,0.0,0.0,0.0,0.0,,,,,,,-80.18607443673729,1.0,11.01440288463828,1.0,1.0,1.0,8.007074946,0.0,0.0,0.0,0.0,0.0,8.007074946,0.0,0.0,0.0,0.0,0.0,8.007074946,0.0,0.0,0.0,0.0,0.0,8.007074946,0.0,0.0,0.0,0.0,0.0,8.007074946,0.0,0.0,0.0,0.0,0.0,8.007074946,0.0,0.0,0.0,0.0,0.0,8.007074946,0.0,0.0,0.0,0.0,0.0
diverse_rec,ml20_lambda1.5,1.5,movielens_sample20of200_lambda1.5,20,2,2,14.27744893,14.27744893,14.27744893,14.09509958,0,-17.51414989,solved (0.0 s),solved (0.0 s),1,0,opt,15.4505698,0.0,0.0,0.0,0.0,0.0,15.98571089,0.0,0.0,0.0,0.0,0.0,,,,,,,-80.18607443673729,1.0,6.616274646113358,1.0,1.0,1.0,15.4505698,0.0,0.0,0.0,0.0,0.0,15.4505698,0.0,0.0,0.0,0.0,0.0,15.98571089,0.0,0.0,0.0,0.0,0.0,15.98571089,0.0,0.0,0.0,0.0,0.0,15.4505698,0.0,0.0,0.0,0.0,0.0,15.94224155,0.0,0.0,0.0,0.0,0.0,15.86924745,0.0,0.0,0.0,0.0,0.0
diverse_rec,ml20_lambda1.5,1.5,movielens_sample20of200_lambda1.5,20,2,3,18.6843646,18.6843646,18.6843646,18.34744249,0,-17.51414989,solved (0.0 s),solved (0.0 s),1,0,opt,22.80190353,0.0,0.0,0.0,0.0,0.0,23.42920575,0.0,0.0,0.0,0.0,0.0,,,,,,,-80.18607443673729,1.0,5.291613664868073,1.0,1.0,1.0,22.80190353,0.0,0.0,0.0,0.0,0.0,22.80190353,0.0,0.0,0.0,0.0,0.0,23.42920575,0.0,0.0,0.0,0.0,0.0,23.42920575,0.0,0.0,0.0,0.0,0.0,22.80190353,0.0,0.0,0.0,0.0,0.0,23.28360742,0.0,0.0,0.0,0.0,0.0,23.22106974,0.0,0.0,0.0,0.0,0.0
diverse_rec,ml20_lambda1.5,1.5,movielens_sample20of200_lambda1.5,20,2,4,21.68196802,21.68196802,21.68196802,21.23080848,0,-17.51414989,solved (0.0 s),solved (0.0 s),1,0,opt,22.81045806,0.0,0.0,0.0,0.0,0.0,27.61922871,0.0,0.0,0.0,0.0,0.0,,,,,,,-80.18607443673729,1.0,4.698283954794676,1.0,1.0,1.0,27.483077027,0.0,0.0,0.0,0.0,0.0,22.99026254,0.0,0.0,0.0,0.0,0.0,30.78929933,0.0,0.0,0.0,0.0,0.0,30.78929933,0.0,0.0,0.0,0.0,0.0,29.64110788,0.0,0.0,0.0,0.0,0.0,30.55664729,0.0,0.0,0.0,0.0,0.0,29.98685992,0.0,0.0,0.0,0.0,0.0
diverse_rec,ml20_lambda1.5,1.5,movielens_sample20of200_lambda1.5,20,2,5,23.25600331,23.25600331,23.25600331,22.86760796,0,-17.51414989,solved (0.0 s),solved (0.0 s),1,0,opt,22.81045806,1.0,0.019158289756882656,1.0,1.0,1.0,25.10781658,0.0,0.0,0.0,0.0,0.0,,,,,,,-80.18607443673729,1.0,4.447973126244678,1.0,1.0,1.0,25.107816578,0.0,0.0,0.0,0.0,0.0,22.99026254,1.0,0.011426760069548715,1.0,0.0,1.0,38.14063306,0.0,0.0,0.0,0.0,0.0,38.14063306,0.0,0.0,0.0,0.0,0.0,36.42541951,0.0,0.0,0.0,0.0,0.0,37.46140974,0.0,0.0,0.0,0.0,0.0,36.70994863,0.0,0.0,0.0,0.0,0.0
diverse_rec,ml20_lambda1.5,1.5,movielens_sample20of200_lambda1.5,20,2,6,23.84121016,23.84121016,23.74115206,23.39047736,0,-17.51414989,solved (0.0 s),solved (0.0 s),1,0,opt,22.81045806,1.0,0.043234051169489834,1.0,1.0,1.0,23.74115206,1.0,0.00419685491334129,0.0,0.0,1.0,,,,,,,-80.18607443673729,1.0,4.363339104793885,1.0,1.0,1.0,23.74115206,1.0,0.00419685491334129,0.0,0.0,1.0,22.99026254,1.0,0.03569229977376281,1.0,1.0,1.0,45.03578455,0.0,0.0,0.0,0.0,0.0,45.03578455,0.0,0.0,0.0,0.0,0.0,43.16920565,0.0,0.0,0.0,0.0,0.0,44.07454611,0.0,0.0,0.0,0.0,0.0,43.38962473,0.0,0.0,0.0,0.0,0.0
diverse_rec,ml20_lambda1.5,1.5,movielens_sample20of200_lambda1.5,20,2,7,23.84121016,23.84121016,23.74115206,23.31763014,0,-17.51414989,solved (0.0 s),solved (0.0 s),1,0,opt,22.81045806,1.0,0.043234051169489834,1.0,1.0,1.0,23.74115206,1.0,0.00419685491334129,0.0,0.0,1.0,,,,,,,-80.18607443673729,1.0,4.363339104793885,1.0,1.0,1.0,23.74115206,1.0,0.00419685491334129,0.0,0.0,1.0,22.99026254,1.0,0.03569229977376281,1.0,1.0,1.0,51.8749889,0.0,0.0,0.0,0.0,0.0,51.8749889,0.0,0.0,0.0,0.0,0.0,49.64009199,0.0,0.0,0.0,0.0,0.0,50.60312994,0.0,0.0,0.0,0.0,0.0,49.79840409,0.0,0.0,0.0,0.0,0.0
diverse_rec,ml20_lambda1.5,1.5,movielens_sample20of200_lambda1.5,20,2,8,23.84121016,23.84121016,23.74115206,23.27135124,0,-17.51414989,solved (0.0 s),solved (0.0 s),1,0,opt,22.81045806,1.0,0.043234051169489834,1.0,1.0,1.0,23.74115206,1.0,0.00419685491334129,0.0,0.0,1.0,,,,,,,-80.18607443673729,1.0,4.363339104793885,1.0,1.0,1.0,23.74115206,1.0,0.00419685491334129,0.0,0.0,1.0,22.99026254,1.0,0.03569229977376281,1.0,1.0,1.0,58.65930053,0.0,0.0,0.0,0.0,0.0,58.65930053,0.0,0.0,0.0,0.0,0.0,55.95033473,0.0,0.0,0.0,0.0,0.0,56.9301859,0.0,0.0,0.0,0.0,0.0,56.03161841,0.0,0.0,0.0,0.0,0.0
diverse_rec,ml20_lambda1.5,1.5,movielens_sample20of200_lambda1.5,20,2,9,23.84121016,23.84121016,23.74115206,23.21182334,0,-17.51414989,solved (0.0 s),solved (0.0 s),1,0,opt,22.81045806,1.0,0.043234051169489834,1.0,1.0,1.0,23.74115206,1.0,0.00419685491334129,0.0,0.0,1.0,,,,,,,-80.18607443673729,1.0,4.363339104793885,1.0,1.0,1.0,23.74115206,1.0,0.00419685491334129,0.0,0.0,1.0,22.99026254,1.0,0.03569229977376281,1.0,1.0,1.0,65.40308667,0.0,0.0,0.0,0.0,0.0,65.40308667,0.0,0.0,0.0,0.0,0.0,62.15163767,0.0,0.0,0.0,0.0,0.0,62.87014976,0.0,0.0,0.0,0.0,0.0,62.06153387,0.0,0.0,0.0,0.0,0.0
diverse_rec,ml20_lambda1.5,1.5,movielens_sample20of200_lambda1.5,20,2,10,23.84121016,23.84121016,23.74115206,23.15694506,0,-17.51414989,solved (0.0 s),solved (0.0 s),1,0,opt,22.81045806,1.0,0.043234051169489834,1.0,1.0,1.0,23.74115206,1.0,0.00419685491334129,0.0,0.0,1.0,,,,,,,-80.18607443673729,1.0,4.363339104793885,1.0,1.0,1.0,23.74115206,1.0,0.00419685491334129,0.0,0.0,1.0,22.99026254,1.0,0.03569229977376281,1.0,1.0,1.0,71.87397301,0.0,0.0,0.0,0.0,0.0,71.87397301,0.0,0.0,0.0,0.0,0.0,68.29444666,0.0,0.0,0.0,0.0,0.0,68.53193724,0.0,0.0,0.0,0.0,0.0,67.93783225,0.0,0.0,0.0,0.0,0.0
diverse_rec,ml20_lambda1.5,1.5,movielens_sample20of200_lambda1.5,20,2,11,23.84121016,23.84121016,23.74115206,23.11647749,0,-17.51414989,solved (0.0 s),solved (0.0 s),1,0,opt,22.81045806,1.0,0.043234051169489834,1.0,1.0,1.0,23.74115206,1.0,0.00419685491334129,0.0,0.0,1.0,,,,,,,-80.18607443673729,1.0,4.363339104793885,1.0,1.0,1.0,23.74115206,1.0,0.00419685491334129,0.0,0.0,1.0,22.99026254,1.0,0.03569229977376281,1.0,1.0,1.0,78.18421575,0.0,0.0,0.0,0.0,0.0,78.18421575,0.0,0.0,0.0,0.0,0.0,74.39196547,0.0,0.0,0.0,0.0,0.0,74.06984387,0.0,0.0,0.0,0.0,0.0,73.74437052,0.0,0.0,0.0,0.0,0.0
diverse_rec,ml20_lambda1.5,1.5,movielens_sample20of200_lambda1.5,20,2,12,23.84121016,23.84121016,23.74115206,23.04730222,0,-17.51414989,solved (0.0 s),solved (0.0 s),1,0,opt,22.81045806,1.0,0.043234051169489834,1.0,1.0,1.0,23.74115206,1.0,0.00419685491334129,0.0,0.0,1.0,,,,,,,-80.18607443673729,1.0,4.363339104793885,1.0,1.0,1.0,23.74115206,1.0,0.00419685491334129,0.0,0.0,1.0,22.99026254,1.0,0.03569229977376281,1.0,1.0,1.0,84.38551869,0.0,0.0,0.0,0.0,0.0,84.38551869,0.0,0.0,0.0,0.0,0.0,80.44459733,0.0,0.0,0.0,0.0,0.0,79.42990503,0.0,0.0,0.0,0.0,0.0,79.29383899,0.0,0.0,0.0,0.0,0.0
diverse_rec,ml20_lambda1.5,1.5,movielens_sample20of200_lambda1.5,20,2,13,23.84121016,23.84121016,23.74115206,22.99489398,0,-17.51414989,solved (0.0 s),solved (0.0 s),1,0,opt,22.81045806,1.0,0.043234051169489834,1.0,1.0,1.0,23.74115206,1.0,0.00419685491334129,0.0,0.0,1.0,,,,,,,-80.18607443673729,1.0,4.363339104793885,1.0,1.0,1.0,23.74115206,1.0,0.00419685491334129,0.0,0.0,1.0,22.99026254,1.0,0.03569229977376281,1.0,1.0,1.0,90.52832768,0.0,0.0,0.0,0.0,0.0,90.52832768,0.0,0.0,0.0,0.0,0.0,86.33421339,0.0,0.0,0.0,0.0,0.0,84.61663253,0.0,0.0,0.0,0.0,0.0,84.57607624,0.0,0.0,0.0,0.0,0.0
diverse_rec,ml20_lambda1.5,1.5,movielens_sample20of200_lambda1.5,20,2,14,23.84121016,23.84121016,23.74115206,22.91280308,0,-17.51414989,solved (0.0 s),solved (0.0 s),1,0,opt,22.81045806,1.0,0.043234051169489834,1.0,1.0,1.0,23.74115206,1.0,0.00419685491334129,0.0,0.0,1.0,,,,,,,-80.18607443673729,1.0,4.363339104793885,1.0,1.0,1.0,23.74115206,1.0,0.00419685491334129,0.0,0.0,1.0,22.99026254,1.0,0.03569229977376281,1.0,0.0,1.0,96.62584649,0.0,0.0,0.0,0.0,0.0,96.62584649,0.0,0.0,0.0,0.0,0.0,92.18149777,0.0,0.0,0.0,0.0,0.0,89.36068928,0.0,0.0,0.0,0.0,0.0,89.33724247,0.0,0.0,0.0,0.0,0.0
diverse_rec,ml20_lambda1.5,1.5,movielens_sample20of200_lambda1.5,20,2,15,23.84121016,23.84121016,23.74115206,22.84718624,0,-17.51414989,solved (0.0 s),solved (0.0 s),1,0,opt,22.81045806,1.0,0.043234051169489834,1.0,1.0,1.0,23.74115206,1.0,0.00419685491334129,0.0,0.0,1.0,,,,,,,-80.18607443673729,1.0,4.363339104793885,1.0,1.0,1.0,23.74115206,1.0,0.00419685491334129,0.0,0.0,1.0,22.99026254,1.0,0.03569229977376281,1.0,0.0,1.0,102.6784783,0.0,0.0,0.0,0.0,0.0,102.6784783,0.0,0.0,0.0,0.0,0.0,97.84739766,0.0,0.0,0.0,0.0,0.0,92.85544516,0.0,0.0,0.0,0.0,0.0,92.85399274,0.0,0.0,0.0,0.0,0.0
diverse_rec,ml20_lambda1.5,1.5,movielens_sample20of200_lambda1.5,20,2,16,23.84121016,23.84121016,23.74115206,22.76739822,0,-17.51414989,solved (0.0 s),solved (0.0 s),1,0,opt,22.81045806,1.0,0.043234051169489834,1.0,0.0,1.0,23.74115206,1.0,0.00419685491334129,0.0,0.0,1.0,,,,,,,-80.18607443673729,1.0,4.363339104793885,1.0,1.0,1.0,23.74115206,1.0,0.00419685491334129,0.0,0.0,1.0,22.99026254,1.0,0.03569229977376281,1.0,0.0,1.0,108.5680944,0.0,0.0,0.0,0.0,0.0,107.4362475,0.0,0.0,0.0,0.0,0.0,103.1741012,0.0,0.0,0.0,0.0,0.0,92.85544516,0.0,0.0,0.0,0.0,0.0,92.85399274,0.0,0.0,0.0,0.0,0.0
diverse_rec,ml20_lambda1.5,1.5,movielens_sample20of200_lambda1.5,20,2,17,23.84121016,23.84121016,23.74115206,22.72973823,0,-17.51414989,solved (0.0 s),solved (0.0 s),1,0,opt,22.81045806,1.0,0.043234051169489834,1.0,0.0,1.0,23.74115206,1.0,0.00419685491334129,0.0,0.0,1.0,,,,,,,-80.18607443673729,1.0,4.363339104793885,1.0,1.0,1.0,23.74115206,1.0,0.00419685491334129,0.0,0.0,1.0,22.99026254,1.0,0.03569229977376281,1.0,0.0,1.0,114.4153788,0.0,0.0,0.0,0.0,0.0,107.4362475,0.0,0.0,0.0,0.0,0.0,107.4362475,0.0,0.0,0.0,0.0,0.0,92.85544516,0.0,0.0,0.0,0.0,0.0,92.85399274,0.0,0.0,0.0,0.0,0.0
diverse_rec,ml20_lambda1.5,1.5,movielens_sample20of200_lambda1.5,20,2,18,23.84121016,23.84121016,23.74115206,22.71898449,0,-17.51414989,solved (0.0 s),solved (0.0 s),1,0,opt,22.81045806,1.0,0.043234051169489834,1.0,0.0,1.0,23.74115206,1.0,0.00419685491334129,0.0,0.0,1.0,,,,,,,-80.18607443673729,1.0,4.363339104793885,1.0,1.0,1.0,23.74115206,1.0,0.00419685491334129,0.0,0.0,1.0,22.99026254,1.0,0.03569229977376281,1.0,0.0,1.0,120.0812787,0.0,0.0,0.0,0.0,0.0,107.4362475,0.0,0.0,0.0,0.0,0.0,107.4362475,0.0,0.0,0.0,0.0,0.0,92.85544516,0.0,0.0,0.0,0.0,0.0,92.85399274,0.0,0.0,0.0,0.0,0.0
diverse_rec,ml20_lambda1.5,1.5,movielens_sample20of200_lambda1.5,20,2,19,23.84121016,23.84121016,23.74115206,22.71839702,0,-17.51414989,solved (0.0 s),solved (0.0 s),1,0,opt,22.81045806,1.0,0.043234051169489834,1.0,0.0,1.0,23.74115206,1.0,0.00419685491334129,0.0,0.0,1.0,,,,,,,-80.18607443673729,1.0,4.363339104793885,1.0,1.0,1.0,23.74115206,1.0,0.00419685491334129,0.0,0.0,1.0,22.99026254,1.0,0.03569229977376281,1.0,0.0,1.0,125.4079822,0.0,0.0,0.0,0.0,0.0,107.4362475,0.0,0.0,0.0,0.0,0.0,107.4362475,0.0,0.0,0.0,0.0,0.0,92.85544516,0.0,0.0,0.0,0.0,0.0,92.85399274,0.0,0.0,0.0,0.0,0.0
diverse_rec,ml20_lambda1.5,1.5,movielens_sample20of200_lambda1.5,20,2,20,23.84121016,23.84121016,23.74115206,22.72648442,0,-17.51414989,solved (0.0 s),solved (0.0 s),1,0,opt,22.81045806,1.0,0.043234051169489834,1.0,0.0,1.0,23.74115206,1.0,0.00419685491334129,0.0,0.0,1.0,,,,,,,-80.18607443673729,1.0,4.363339104793885,1.0,1.0,1.0,23.74115206,1.0,0.00419685491334129,0.0,0.0,1.0,22.99026254,1.0,0.03569229977376281,1.0,0.0,1.0,130.3721489,0.0,0.0,0.0,0.0,0.0,107.4362475,0.0,0.0,0.0,0.0,0.0,107.4362475,0.0,0.0,0.0,0.0,0.0,92.85544516,0.0,0.0,0.0,0.0,0.0,92.85399274,0.0,0.0,0.0,0.0,0.0
diverse_rec,ml20_lambda1.5,1.5,movielens_sample20of200_lambda1.5,20,3,1,7.744091739,7.744091739,7.744091739,7.744091739,0,-16.98818348,solved (0.0 s),solved (0.0 s),1,0,opt,7.744091739,0.0,0.0,0.0,0.0,0.0,7.744091739,0.0,0.0,0.0,0.0,0.0,,,,,,,-78.74793972250976,1.0,11.168776710886243,1.0,1.0,1.0,7.744091739,0.0,0.0,0.0,0.0,0.0,7.744091739,0.0,0.0,0.0,0.0,0.0,7.744091739,0.0,0.0,0.0,0.0,0.0,7.744091739,0.0,0.0,0.0,0.0,0.0,7.744091739,0.0,0.0,0.0,0.0,0.0,7.744091739,0.0,0.0,0.0,0.0,0.0,7.744091739,0.0,0.0,0.0,0.0,0.0
diverse_rec,ml20_lambda1.5,1.5,movielens_sample20of200_lambda1.5,20,3,2,13.21599472,13.21599472,13.21599472,13.0364021,0,-16.98818348,solved (0.0 s),solved (0.0 s),1,0,opt,14.72417991,0.0,0.0,0.0,0.0,0.0,14.84457711,0.0,0.0,0.0,0.0,0.0,,,,,,,-78.74793972250976,1.0,6.95853292853841,1.0,1.0,1.0,14.72417991,0.0,0.0,0.0,0.0,0.0,14.72417991,0.0,0.0,0.0,0.0,0.0,14.84457711,0.0,0.0,0.0,0.0,0.0,14.84457711,0.0,0.0,0.0,0.0,0.0,14.72417991,0.0,0.0,0.0,0.0,0.0,14.78458758,0.0,0.0,0.0,0.0,0.0,14.76506254,0.0,0.0,0.0,0.0,0.0
diverse_rec,ml20_lambda1.5,1.5,movielens_sample20of200_lambda1.5,20,3,3,17.49677257,17.49677257,17.49677257,17.18675563,0,-16.98818348,solved (0.0 s),solved (0.0 s),1,0,opt,21.44165023,0.0,0.0,0.0,0.0,0.0,21.82466529,0.0,0.0,0.0,0.0,0.0,,,,,,,-78.74793972250976,1.0,5.500712311796927,1.0,1.0,1.0,21.44165023,0.0,0.0,0.0,0.0,0.0,21.44165023,0.0,0.0,0.0,0.0,0.0,21.82466529,0.0,0.0,0.0,0.0,0.0,21.82466529,0.0,0.0,0.0,0.0,0.0,21.44165023,0.0,0.0,0.0,0.0,0.0,21.6856559,0.0,0.0,0.0,0.0,0.0,21.56045921,0.0,0.0,0.0,0.0,0.0
diverse_rec,ml20_lambda1.5,1.5,movielens_sample20of200_lambda1.5,20,3,4,20.51370733,20.51370733,20.44527973,20.19670066,0,-16.98818348,solved (0.0 s),solved (0.0 s),1,0,opt,21.6495989,0.0,0.0,0.0,0.0,0.0,27.4440735,0.0,0.0,0.0,0.0,0.0,,,,,,,-78.74793972250976,1.0,4.838796101343704,1.0,1.0,1.0,27.307204001,0.0,0.0,0.0,0.0,0.0,21.6495989,0.0,0.0,0.0,0.0,0.0,28.62498615,0.0,0.0,0.0,0.0,0.0,28.62498615,0.0,0.0,0.0,0.0,0.0,27.8315223,0.0,0.0,0.0,0.0,0.0,28.41989893,0.0,0.0,0.0,0.0,0.0,27.95941555,0.0,0.0,0.0,0.0,0.0
diverse_rec,ml20_lambda1.5,1.5,movielens_sample20of200_lambda1.5,20,3,5,22.34713603,22.34713603,22.2653135,22.01419237,0,-16.98818348,solved (0.0 s),solved (0.0 s),1,0,opt,21.6495989,1.0,0.03121371477148522,1.0,1.0,1.0,25.9797902,0.0,0.0,0.0,0.0,0.0,,,,,,,-78.74793972250976,1.0,4.523849302961877,1.0,1.0,1.0,25.841387113000003,0.0,0.0,0.0,0.0,0.0,21.6495989,1.0,0.03121371477148522,1.0,1.0,1.0,35.38765285,0.0,0.0,0.0,0.0,0.0,35.38765285,0.0,0.0,0.0,0.0,0.0,34.20132787,0.0,0.0,0.0,0.0,0.0,35.11367864,0.0,0.0,0.0,0.0,0.0,34.31377292,0.0,0.0,0.0,0.0,0.0
diverse_rec,ml20_lambda1.5,1.5,movielens_sample20of200_lambda1.5,20,3,6,23.1703417,23.1703417,23.12230583,22.75498571,0,-16.98818348,solved (0.0 s),solved (0.0 s),1,0,opt,21.6495989,1.0,0.06563316241469157,1.0,1.0,1.0,23.12230583,1.0,0.002073161916295917,0.0,0.0,1.0,,,,,,,-78.74793972250976,1.0,4.3986524990483735,1.0,1.0,1.0,23.12230583,1.0,0.002073161916295917,0.0,0.0,1.0,21.6495989,1.0,0.06563316241469157,1.0,1.0,1.0,42.10512317,0.0,0.0,0.0,0.0,0.0,42.10512317,0.0,0.0,0.0,0.0,0.0,40.55205358,0.0,0.0,0.0,0.0,0.0,41.51076293,0.0,0.0,0.0,0.0,0.0,40.64389134,0.0,0.0,0.0,0.0,0.0
diverse_rec,ml20_lambda1.5,1.5,movielens_sample20of200_lambda1.5,20,3,7,23.1703417,23.1703417,23.12230583,22.70522983,0,-16.98818348,solved (0.0 s),solved (0.0 s),1,0,opt,21.6495989,1.0,0.06563316241469157,1.0,1.0,1.0,23.12230583,1.0,0.002073161916295917,0.0,0.0,1.0,,,,,,,-78.74793972250976,1.0,4.3986524990483735,1.0,1.0,1.0,23.12230583,1.0,0.002073161916295917,0.0,0.0,1.0,21.6495989,1.0,0.06563316241469157,1.0,1.0,1.0,48.51226582,0.0,0.0,0.0,0.0,0.0,48.51226582,0.0,0.0,0.0,0.0,0.0,46.86545816,0.0,0.0,0.0,0.0,0.0,47.78472133,0.0,0.0,0.0,0.0,0.0,46.95529408,0.0,0.0,0.0,0.0,0.0
diverse_rec,ml20_lambda1.5,1.5,movielens_sample20of200_lambda1.5,20,3,8,23.1703417,23.1703417,23.12230583,22.66245271,0,-16.98818348,solved (0.0 s),solved (0.0 s),1,0,opt,21.6495989,1.0,0.06563316241469157,1.0,1.0,1.0,23.12230583,1.0,0.002073161916295917,0.0,0.0,1.0,,,,,,,-78.74793972250976,1.0,4.3986524990483735,1.0,1.0,1.0,23.12230583,1.0,0.002073161916295917,0.0,0.0,1.0,21.6495989,1.0,0.06563316241469157,1.0,1.0,1.0,54.90213789,0.0,0.0,0.0,0.0,0.0,54.90213789,0.0,0.0,0.0,0.0,0.0,53.03136951,0.0,0.0,0.0,0.0,0.0,54.0230819,0.0,0.0,0.0,0.0,0.0,53.22712187,0.0,0.0,0.0,0.0,0.0
diverse_rec,ml20_lambda1.5,1.5,movielens_sample20of200_lambda1.5,20,3,9,23.1703417,23.1703417,23.12230583,22.63107663,0,-16.98818348,solved (0.0 s),solved (0.0 s),1,0,opt,21.6495989,1.0,0.06563316241469157,1.0,1.0,1.0,23.12230583,1.0,0.002073161916295917,0.0,0.0,1.0,,,,,,,-78.74793972250976,1.0,4.3986524990483735,1.0,1.0,1.0,23.12230583,1.0,0.002073161916295917,0.0,0.0,1.0,21.6495989,1.0,0.06563316241469157,1.0,1.0,1.0,61.27194346,0.0,0.0,0.0,0.0,0.0,61.27194346,0.0,0.0,0.0,0.0,0.0,59.1908054,0.0,0.0,0.0,0.0,0.0,60.17831394,0.0,0.0,0.0,0.0,0.0,59.35595147,0.0,0.0,0.0,0.0,0.0
diverse_rec,ml20_lambda1.5,1.5,movielens_sample20of200_lambda1.5,20,3,10,23.1703417,23.1703417,23.12230583,22.57700291,0,-16.98818348,solved (0.0 s),solved (0.0 s),1,0,opt,21.6495989,1.0,0.06563316241469157,1.0,1.0,1.0,23.12230583,1.0,0.002073161916295917,0.0,0.0,1.0,,,,,,,-78.74793972250976,1.0,4.3986524990483735,1.0,1.0,1.0,23.12230583,1.0,0.002073161916295917,0.0,0.0,1.0,21.6495989,1.0,0.06563316241469157,1.0,1.0,1.0,67.62266917,0.0,0.0,0.0,0.0,0.0,67.62266917,0.0,0.0,0.0,0.0,0.0,65.34546568,0.0,0.0,0.0,0.0,0.0,66.10310701,0.0,0.0,0.0,0.0,0.0,65.45539852,0.0,0.0,0.0,0.0,0.0
diverse_rec,ml20_lambda1.5,1.5,movielens_sample20of200_lambda1.5,20,3,11,23.1703417,23.1703417,23.12230583,22.53676507,0,-16.98818348,solved (0.0 s),solved (0.0 s),1,0,opt,21.6495989,1.0,0.06563316241469157,1.0,1.0,1.0,23.12230583,1.0,0.002073161916295917,0.0,0.0,1.0,,,,,,,-78.74793972250976,1.0,4.3986524990483735,1.0,1.0,1.0,23.12230583,1.0,0.002073161916295917,0.0,0.0,1.0,21.6495989,1.0,0.06563316241469157,1.0,1.0,1.0,73.93607374,0.0,0.0,0.0,0.0,0.0,73.93607374,0.0,0.0,0.0,0.0,0.0,71.49376441,0.0,0.0,0.0,0.0,0.0,71.97679224,0.0,0.0,0.0,0.0,0.0,71.5267681,0.0,0.0,0.0,0.0,0.0
diverse_rec,ml20_lambda1.5,1.5,movielens_sample20of200_lambda1.5,20,3,12,23.1703417,23.1703417,23.12230583,22.48984091,0,-16.98818348,solved (0.0 s),solved (0.0 s),1,0,opt,21.6495989,1.0,0.06563316241469157,1.0,1.0,1.0,23.12230583,1.0,0.002073161916295917,0.0,0.0,1.0,,,,,,,-78.74793972250976,1.0,4.3986524990483735,1.0,1.0,1.0,23.12230583,1.0,0.002073161916295917,0.0,0.0,1.0,21.6495989,1.0,0.06563316241469157,1.0,1.0,1.0,80.1019851,0.0,0.0,0.0,0.0,0.0,80.1019851,0.0,0.0,0.0,0.0,0.0,77.62667188,0.0,0.0,0.0,0.0,0.0,77.83898543,0.0,0.0,0.0,0.0,0.0,77.55863794,0.0,0.0,0.0,0.0,0.0
diverse_rec,ml20_lambda1.5,1.5,movielens_sample20of200_lambda1.5,20,3,13,23.1703417,23.1703417,23.12230583,22.43711573,0,-16.98818348,solved (0.0 s),solved (0.0 s),1,0,opt,21.6495989,1.0,0.06563316241469157,1.0,1.0,1.0,23.12230583,1.0,0.002073161916295917,0.0,0.0,1.0,,,,,,,-78.74793972250976,1.0,4.3986524990483735,1.0,1.0,1.0,23.12230583,1.0,0.002073161916295917,0.0,0.0,1.0,21.6495989,1.0,0.06563316241469157,1.0,1.0,1.0,86.26142099,0.0,0.0,0.0,0.0,0.0,86.26142099,0.0,0.0,0.0,0.0,0.0,83.7581336,0.0,0.0,0.0,0.0,0.0,83.66745559,0.0,0.0,0.0,0.0,0.0,83.53620488,0.0,0.0,0.0,0.0,0.0
diverse_rec,ml20_lambda1.5,1.5,movielens_sample20of200_lambda1.5,20,3,14,23.1703417,23.1703417,23.12230583,22.36923132,0,-16.98818348,solved (0.0 s),solved (0.0 s),1,0,opt,21.6495989,1.0,0.06563316241469157,1.0,1.0,1.0,23.12230583,1.0,0.002073161916295917,0.0,0.0,1.0,,,,,,,-78.74793972250976,1.0,4.3986524990483735,1.0,1.0,1.0,23.12230583,1.0,0.002073161916295917,0.0,0.0,1.0,21.6495989,1.0,0.06563316241469157,1.0,1.0,1.0,92.40971972,0.0,0.0,0.0,0.0,0.0,92.40971972,0.0,0.0,0.0,0.0,0.0,89.8459141,0.0,0.0,0.0,0.0,0.0,89.41452663,0.0,0.0,0.0,0.0,0.0,89.39074115,0.0,0.0,0.0,0.0,0.0
diverse_rec,ml20_lambda1.5,1.5,movielens_sample20of200_lambda1.5,20,3,15,23.1703417,23.1703417,23.12230583,22.30200474,0,-16.98818348,solved (0.0 s),solved (0.0 s),1,0,opt,21.6495989,1.0,0.06563316241469157,1.0,1.0,1.0,23.12230583,1.0,0.002073161916295917,0.0,0.0,1.0,,,,,,,-78.74793972250976,1.0,4.3986524990483735,1.0,1.0,1.0,23.12230583,1.0,0.002073161916295917,0.0,0.0,1.0,21.6495989,1.0,0.06563316241469157,1.0,1.0,1.0,98.54262718,0.0,0.0,0.0,0.0,0.0,98.54262718,0.0,0.0,0.0,0.0,0.0,95.9163679,0.0,0.0,0.0,0.0,0.0,92.90673918,0.0,0.0,0.0,0.0,0.0,92.9038455,0.0,0.0,0.0,0.0,0.0
diverse_rec,ml20_lambda1.5,1.5,movielens_sample20of200_lambda1.5,20,3,16,23.1703417,23.1703417,23.12230583,22.2383803,0,-16.98818348,solved (0.0 s),solved (0.0 s),1,0,opt,21.6495989,1.0,0.06563316241469157,1.0,1.0,1.0,23.12230583,1.0,0.002073161916295917,0.0,0.0,1.0,,,,,,,-78.74793972250976,1.0,4.3986524990483735,1.0,1.0,1.0,23.12230583,1.0,0.002073161916295917,0.0,0.0,1.0,21.6495989,1.0,0.06563316241469157,1.0,1.0,1.0,104.6740889,0.0,0.0,0.0,0.0,0.0,104.6740889,0.0,0.0,0.0,0.0,0.0,101.3523125,0.0,0.0,0.0,0.0,0.0,92.90673918,0.0,0.0,0.0,0.0,0.0,92.9038455,0.0,0.0,0.0,0.0,0.0
diverse_rec,ml20_lambda1.5,1.5,movielens_sample20of200_lambda1.5,20,3,17,23.1703417,23.1703417,23.12230583,22.16746083,0,-16.98818348,solved (0.0 s),solved (0.0 s),1,0,opt,21.6495989,1.0,0.06563316241469157,1.0,1.0,1.0,23.12230583,1.0,0.002073161916295917,0.0,0.0,1.0,,,,,,,-78.74793972250976,1.0,4.3986524990483735,1.0,1.0,1.0,23.12230583,1.0,0.002073161916295917,0.0,0.0,1.0,21.6495989,1.0,0.06563316241469157,1.0,1.0,1.0,110.7618694,0.0,0.0,0.0,0.0,0.0,105.2305659,0.0,0.0,0.0,0.0,0.0,104.9189918,0.0,0.0,0.0,0.0,0.0,92.90673918,0.0,0.0,0.0,0.0,0.0,92.9038455,0.0,0.0,0.0,0.0,0.0
diverse_rec,ml20_lambda1.5,1.5,movielens_sample20of200_lambda1.5,20,3,18,23.1703417,23.1703417,23.12230583,22.21860505,0,-16.98818348,solved (0.0 s),solved (0.0 s),1,0,opt,21.6495989,1.0,0.06563316241469157,1.0,1.0,1.0,23.12230583,1.0,0.002073161916295917,0.0,0.0,1.0,,,,,,,-78.74793972250976,1.0,4.3986524990483735,1.0,1.0,1.0,23.12230583,1.0,0.002073161916295917,0.0,0.0,1.0,21.6495989,1.0,0.06563316241469157,1.0,1.0,1.0,116.8323232,0.0,0.0,0.0,0.0,0.0,105.2305659,0.0,0.0,0.0,0.0,0.0,104.9189918,0.0,0.0,0.0,0.0,0.0,92.90673918,0.0,0.0,0.0,0.0,0.0,92.9038455,0.0,0.0,0.0,0.0,0.0
diverse_rec,ml20_lambda1.5,1.5,movielens_sample20of200_lambda1.5,20,3,19,23.1703417,23.1703417,23.12230583,22.15486131,0,-16.98818348,solved (0.0 s),solved (0.0 s),1,0,opt,21.6495989,1.0,0.06563316241469157,1.0,1.0,1.0,23.12230583,1.0,0.002073161916295917,0.0,0.0,1.0,,,,,,,-78.74793972250976,1.0,4.3986524990483735,1.0,1.0,1.0,23.12230583,1.0,0.002073161916295917,0.0,0.0,1.0,21.6495989,1.0,0.06563316241469157,1.0,1.0,1.0,122.2682678,0.0,0.0,0.0,0.0,0.0,105.2305659,0.0,0.0,0.0,0.0,0.0,104.9189918,0.0,0.0,0.0,0.0,0.0,92.90673918,0.0,0.0,0.0,0.0,0.0,92.9038455,0.0,0.0,0.0,0.0,0.0
diverse_rec,ml20_lambda1.5,1.5,movielens_sample20of200_lambda1.5,20,3,20,23.1703417,23.1703417,23.12230583,22.15953415,0,-16.98818348,solved (0.0 s),solved (0.0 s),1,0,opt,21.6495989,1.0,0.06563316241469157,1.0,1.0,1.0,23.12230583,1.0,0.002073161916295917,0.0,0.0,1.0,,,,,,,-78.74793972250976,1.0,4.3986524990483735,1.0,1.0,1.0,23.12230583,1.0,0.002073161916295917,0.0,0.0,1.0,21.6495989,1.0,0.06563316241469157,1.0,1.0,1.0,127.4958794,0.0,0.0,0.0,0.0,0.0,105.2305659,0.0,0.0,0.0,0.0,0.0,104.9189918,0.0,0.0,0.0,0.0,0.0,92.90673918,0.0,0.0,0.0,0.0,0.0,92.9038455,0.0,0.0,0.0,0.0,0.0
diverse_rec,ml20_lambda1.5,1.5,movielens_sample20of200_lambda1.5,20,4,1,7.933471541,7.933471541,7.933471541,7.933471541,0,-17.36694308,solved (0.0 s),solved (0.0 s),1,0,opt,7.933471541,0.0,0.0,0.0,0.0,0.0,7.933471541,0.0,0.0,0.0,0.0,0.0,,,,,,,-85.60575583059341,1.0,11.790453509309867,1.0,1.0,1.0,7.933471541,0.0,0.0,0.0,0.0,0.0,7.933471541,0.0,0.0,0.0,0.0,0.0,7.933471541,0.0,0.0,0.0,0.0,0.0,7.933471541,0.0,0.0,0.0,0.0,0.0,7.933471541,0.0,0.0,0.0,0.0,0.0,7.933471541,0.0,0.0,0.0,0.0,0.0,7.933471541,0.0,0.0,0.0,0.0,0.0
diverse_rec,ml20_lambda1.5,1.5,movielens_sample20of200_lambda1.5,20,4,2,14.47715462,14.47715462,14.32642415,14.34717708,0,-17.36694308,solved (0.0 s),solved (0.0 s),1,0,opt,15.74275443,0.0,0.0,0.0,0.0,0.0,15.82276312,0.0,0.0,0.0,0.0,0.0,,,,,,,-85.60575583059341,1.0,6.913161672828317,1.0,1.0,1.0,15.74275443,0.0,0.0,0.0,0.0,0.0,15.74275443,0.0,0.0,0.0,0.0,0.0,15.82276312,0.0,0.0,0.0,0.0,0.0,15.82276312,0.0,0.0,0.0,0.0,0.0,15.74275443,0.0,0.0,0.0,0.0,0.0,15.81462873,0.0,0.0,0.0,0.0,0.0,15.80478678,0.0,0.0,0.0,0.0,0.0
diverse_rec,ml20_lambda1.5,1.5,movielens_sample20of200_lambda1.5,20,4,3,19.26755748,19.26755748,19.26755748,19.1172236,0,-17.36694308,solved (0.0 s),solved (0.0 s),1,0,opt,23.13432152,0.0,0.0,0.0,0.0,0.0,23.63204601,0.0,0.0,0.0,0.0,0.0,,,,,,,-85.60575583059341,1.0,5.442999893445415,1.0,1.0,1.0,23.13432152,0.0,0.0,0.0,0.0,0.0,23.13432152,0.0,0.0,0.0,0.0,0.0,23.63204601,0.0,0.0,0.0,0.0,0.0,23.63204601,0.0,0.0,0.0,0.0,0.0,23.13432152,0.0,0.0,0.0,0.0,0.0,23.57860715,0.0,0.0,0.0,0.0,0.0,23.4932653,0.0,0.0,0.0,0.0,0.0
diverse_rec,ml20_lambda1.5,1.5,movielens_sample20of200_lambda1.5,20,4,4,22.66099335,22.66099335,22.62917314,22.45782366,0,-17.36694308,solved (0.0 s),solved (0.0 s),1,0,opt,24.9057324,0.0,0.0,0.0,0.0,0.0,30.51761124,0.0,0.0,0.0,0.0,0.0,,,,,,,-85.60575583059341,1.0,4.77767004775161,1.0,1.0,1.0,30.388152505,0.0,0.0,0.0,0.0,0.0,24.9057324,0.0,0.0,0.0,0.0,0.0,31.28826254,0.0,0.0,0.0,0.0,0.0,31.28826254,0.0,0.0,0.0,0.0,0.0,30.42751232,0.0,0.0,0.0,0.0,0.0,31.08234008,0.0,0.0,0.0,0.0,0.0,30.82205845,0.0,0.0,0.0,0.0,0.0
diverse_rec,ml20_lambda1.5,1.5,movielens_sample20of200_lambda1.5,20,4,5,24.87290604,24.87290604,24.70039899,24.50398081,0,-17.36694308,solved (0.0 s),solved (0.0 s),1,0,opt,24.9057324,0.0,0.0,0.0,0.0,0.0,28.29320072,0.0,0.0,0.0,0.0,0.0,,,,,,,-85.60575583059341,1.0,4.441727142494903,1.0,1.0,1.0,28.021569154,0.0,0.0,0.0,0.0,0.0,24.9057324,0.0,0.0,0.0,0.0,0.0,38.67982962,0.0,0.0,0.0,0.0,0.0,38.67982962,0.0,0.0,0.0,0.0,0.0,37.68344025,0.0,0.0,0.0,0.0,0.0,38.34152008,0.0,0.0,0.0,0.0,0.0,38.07547089,0.0,0.0,0.0,0.0,0.0
diverse_rec,ml20_lambda1.5,1.5,movielens_sample20of200_lambda1.5,20,4,6,25.77675874,25.77675874,25.52829932,25.30086045,0,-17.36694308,solved (0.0 s),solved (0.0 s),1,0,opt,24.9057324,1.0,0.03379115073332904,1.0,1.0,1.0,25.52829932,1.0,0.009638893023987688,0.0,0.0,1.0,,,,,,,-85.60575583059341,1.0,4.321044228022029,1.0,1.0,1.0,25.52829932,1.0,0.009638893023987688,0.0,0.0,1.0,24.9057324,1.0,0.03379115073332904,1.0,1.0,1.0,46.02824629,0.0,0.0,0.0,0.0,0.0,46.02824629,0.0,0.0,0.0,0.0,0.0,44.90126763,0.0,0.0,0.0,0.0,0.0,45.5570001,0.0,0.0,0.0,0.0,0.0,45.28260408,0.0,0.0,0.0,0.0,0.0
diverse_rec,ml20_lambda1.5,1.5,movielens_sample20of200_lambda1.5,20,4,7,25.77675874,25.77675874,25.52829932,25.26470773,0,-17.36694308,solved (0.0 s),solved (0.0 s),1,0,opt,24.9057324,1.0,0.03379115073332904,1.0,1.0,1.0,25.52829932,1.0,0.009638893023987688,0.0,0.0,1.0,,,,,,,-85.60575583059341,1.0,4.321044228022029,1.0,1.0,1.0,25.52829932,1.0,0.009638893023987688,0.0,0.0,1.0,24.9057324,1.0,0.03379115073332904,1.0,1.0,1.0,53.36801473,0.0,0.0,0.0,0.0,0.0,53.36801473,0.0,0.0,0.0,0.0,0.0,52.09403977,0.0,0.0,0.0,0.0,0.0,52.69827027,0.0,0.0,0.0,0.0,0.0,52.44682796,0.0,0.0,0.0,0.0,0.0
diverse_rec,ml20_lambda1.5,1.5,movielens_sample20of200_lambda1.5,20,4,8,25.77675874,25.77675874,25.52829932,25.21178454,0,-17.36694308,solved (0.0 s),solved (0.0 s),1,0,opt,24.9057324,1.0,0.03379115073332904,1.0,1.0,1.0,25.52829932,1.0,0.009638893023987688,0.0,0.0,1.0,,,,,,,-85.60575583059341,1.0,4.321044228022029,1.0,1.0,1.0,25.52829932,1.0,0.009638893023987688,0.0,0.0,1.0,24.9057324,1.0,0.03379115073332904,1.0,1.0,1.0,60.66120554,0.0,0.0,0.0,0.0,0.0,60.66120554,0.0,0.0,0.0,0.0,0.0,59.16101193,0.0,0.0,0.0,0.0,0.0,59.77075347,0.0,0.0,0.0,0.0,0.0,59.54302664,0.0,0.0,0.0,0.0,0.0
diverse_rec,ml20_lambda1.5,1.5,movielens_sample20of200_lambda1.5,20,4,9,25.77675874,25.77675874,25.52829932,25.15866771,0,-17.36694308,solved (0.0 s),solved (0.0 s),1,0,opt,24.9057324,1.0,0.03379115073332904,1.0,1.0,1.0,25.52829932,1.0,0.009638893023987688,0.0,0.0,1.0,,,,,,,-85.60575583059341,1.0,4.321044228022029,1.0,1.0,1.0,25.52829932,1.0,0.009638893023987688,0.0,0.0,1.0,24.9057324,1.0,0.03379115073332904,1.0,1.0,1.0,67.91713347,0.0,0.0,0.0,0.0,0.0,67.91713347,0.0,0.0,0.0,0.0,0.0,66.06040896,0.0,0.0,0.0,0.0,0.0,66.75407289,0.0,0.0,0.0,0.0,0.0,66.44230312,0.0,0.0,0.0,0.0,0.0
diverse_rec,ml20_lambda1.5,1.5,movielens_sample20of200_lambda1.5,20,4,10,25.77675874,25.77675874,25.52829932,25.09977033,0,-17.36694308,solved (0.0 s),solved (0.0 s),1,0,opt,24.9057324,1.0,0.03379115073332904,1.0,1.0,1.0,25.52829932,1.0,0.009638893023987688,0.0,0.0,1.0,,,,,,,-85.60575583059341,1.0,4.321044228022029,1.0,1.0,1.0,25.52829932,1.0,0.009638893023987688,0.0,0.0,1.0,24.9057324,1.0,0.03379115073332904,1.0,1.0,1.0,75.13496085,0.0,0.0,0.0,0.0,0.0,75.13496085,0.0,0.0,0.0,0.0,0.0,72.93102603,0.0,0.0,0.0,0.0,0.0,73.37726415,0.0,0.0,0.0,0.0,0.0,73.17491992,0.0,0.0,0.0,0.0,0.0
diverse_rec,ml20_lambda1.5,1.5,movielens_sample20of200_lambda1.5,20,4,11,25.77675874,25.77675874,25.52829932,25.02941303,0,-17.36694308,solved (0.0 s),solved (0.0 s),1,0,opt,24.9057324,1.0,0.03379115073332904,1.0,1.0,1.0,25.52829932,1.0,0.009638893023987688,0.0,0.0,1.0,,,,,,,-85.60575583059341,1.0,4.321044228022029,1.0,1.0,1.0,25.52829932,1.0,0.009638893023987688,0.0,0.0,1.0,24.9057324,1.0,0.03379115073332904,1.0,1.0,1.0,82.32773299,0.0,0.0,0.0,0.0,0.0,82.32773299,0.0,0.0,0.0,0.0,0.0,79.76387223,0.0,0.0,0.0,0.0,0.0,79.89171177,0.0,0.0,0.0,0.0,0.0,79.85802111,0.0,0.0,0.0,0.0,0.0
diverse_rec,ml20_lambda1.5,1.5,movielens_sample20of200_lambda1.5,20,4,12,25.77675874,25.77675874,25.52829932,24.98033831,0,-17.36694308,solved (0.0 s),solved (0.0 s),1,0,opt,24.9057324,1.0,0.03379115073332904,1.0,1.0,1.0,25.52829932,1.0,0.009638893023987688,0.0,0.0,1.0,,,,,,,-85.60575583059341,1.0,4.321044228022029,1.0,1.0,1.0,25.52829932,1.0,0.009638893023987688,0.0,0.0,1.0,24.9057324,1.0,0.03379115073332904,1.0,1.0,1.0,89.39470515,0.0,0.0,0.0,0.0,0.0,89.39470515,0.0,0.0,0.0,0.0,0.0,86.34975577,0.0,0.0,0.0,0.0,0.0,86.1016885,0.0,0.0,0.0,0.0,0.0,86.10023734,0.0,0.0,0.0,0.0,0.0
diverse_rec,ml20_lambda1.5,1.5,movielens_sample20of200_lambda1.5,20,4,13,25.77675874,25.77675874,25.52829932,24.96524193,0,-17.36694308,solved (0.0 s),solved (0.0 s),1,0,opt,24.9057324,1.0,0.03379115073332904,1.0,1.0,1.0,25.52829932,1.0,0.009638893023987688,0.0,0.0,1.0,,,,,,,-85.60575583059341,1.0,4.321044228022029,1.0,1.0,1.0,25.52829932,1.0,0.009638893023987688,0.0,0.0,1.0,24.9057324,1.0,0.03379115073332904,1.0,1.0,1.0,96.29410217,0.0,0.0,0.0,0.0,0.0,96.29410217,0.0,0.0,0.0,0.0,0.0,92.68046229,0.0,0.0,0.0,0.0,0.0,91.85304617,0.0,0.0,0.0,0.0,0.0,91.85304617,0.0,0.0,0.0,0.0,0.0
diverse_rec,ml20_lambda1.5,1.5,movielens_sample20of200_lambda1.5,20,4,14,25.77675874,25.77675874,25.52829932,24.86813837,0,-17.36694308,solved (0.0 s),solved (0.0 s),1,0,opt,24.9057324,1.0,0.03379115073332904,1.0,0.0,1.0,25.52829932,1.0,0.009638893023987688,0.0,0.0,1.0,,,,,,,-85.60575583059341,1.0,4.321044228022029,1.0,1.0,1.0,25.52829932,1.0,0.009638893023987688,0.0,0.0,1.0,24.9057324,1.0,0.03379115073332904,1.0,0.0,1.0,103.1647192,0.0,0.0,0.0,0.0,0.0,103.1647192,0.0,0.0,0.0,0.0,0.0,98.97654795,0.0,0.0,0.0,0.0,0.0,97.51353557,0.0,0.0,0.0,0.0,0.0,97.51353557,0.0,0.0,0.0,0.0,0.0
diverse_rec,ml20_lambda1.5,1.5,movielens_sample20of200_lambda1.5,20,4,15,25.77675874,25.77675874,25.52829932,24.80501046,0,-17.36694308,solved (0.0 s),solved (0.0 s),1,0,opt,24.9057324,1.0,0.03379115073332904,1.0,0.0,1.0,25.52829932,1.0,0.009638893023987688,0.0,0.0,1.0,,,,,,,-85.60575583059341,1.0,4.321044228022029,1.0,1.0,1.0,25.52829932,1.0,0.009638893023987688,0.0,0.0,1.0,24.9057324,1.0,0.03379115073332904,1.0,0.0,1.0,109.9975654,0.0,0.0,0.0,0.0,0.0,109.9975654,0.0,0.0,0.0,0.0,0.0,105.2566972,0.0,0.0,0.0,0.0,0.0,101.7999332,0.0,0.0,0.0,0.0,0.0,101.7999332,0.0,0.0,0.0,0.0,0.0
diverse_rec,ml20_lambda1.5,1.5,movielens_sample20of200_lambda1.5,20,4,16,25.77675874,25.77675874,25.52829932,24.7544582,0,-17.36694308,solved (0.0 s),solved (0.0 s),1,0,opt,24.9057324,1.0,0.03379115073332904,1.0,0.0,1.0,25.52829932,1.0,0.009638893023987688,0.0,0.0,1.0,,,,,,,-85.60575583059341,1.0,4.321044228022029,1.0,1.0,1.0,25.52829932,1.0,0.009638893023987688,0.0,0.0,1.0,24.9057324,1.0,0.03379115073332904,1.0,0.0,1.0,116.583449,0.0,0.0,0.0,0.0,0.0,116.5111127,0.0,0.0,0.0,0.0,0.0,111.4029669,0.0,0.0,0.0,0.0,0.0,101.7999332,0.0,0.0,0.0,0.0,0.0,101.7999332,0.0,0.0,0.0,0.0,0.0
diverse_rec,ml20_lambda1.5,1.5,movielens_sample20of200_lambda1.5,20,4,17,25.77675874,25.77675874,25.52829932,24.72640804,0,-17.36694308,solved (0.0 s),solved (0.0 s),1,0,opt,24.9057324,1.0,0.03379115073332904,1.0,0.0,1.0,25.52829932,1.0,0.009638893023987688,0.0,0.0,1.0,,,,,,,-85.60575583059341,1.0,4.321044228022029,1.0,1.0,1.0,25.52829932,1.0,0.009638893023987688,0.0,0.0,1.0,24.9057324,1.0,0.03379115073332904,1.0,0.0,1.0,122.8795346,0.0,0.0,0.0,0.0,0.0,116.5111127,0.0,0.0,0.0,0.0,0.0,116.1040591,0.0,0.0,0.0,0.0,0.0,101.7999332,0.0,0.0,0.0,0.0,0.0,101.7999332,0.0,0.0,0.0,0.0,0.0
diverse_rec,ml20_lambda1.5,1.5,movielens_sample20of200_lambda1.5,20,4,18,25.77675874,25.77675874,25.52829932,24.72155127,0,-17.36694308,solved (0.0 s),solved (0.0 s),1,0,opt,24.9057324,1.0,0.03379115073332904,1.0,0.0,1.0,25.52829932,1.0,0.009638893023987688,0.0,0.0,1.0,,,,,,,-85.60575583059341,1.0,4.321044228022029,1.0,1.0,1.0,25.52829932,1.0,0.009638893023987688,0.0,0.0,1.0,24.9057324,1.0,0.03379115073332904,1.0,0.0,1.0,129.1596839,0.0,0.0,0.0,0.0,0.0,116.5111127,0.0,0.0,0.0,0.0,0.0,116.1040591,0.0,0.0,0.0,0.0,0.0,101.7999332,0.0,0.0,0.0,0.0,0.0,101.7999332,0.0,0.0,0.0,0.0,0.0
diverse_rec,ml20_lambda1.5,1.5,movielens_sample20of200_lambda1.5,20,4,19,25.77675874,25.77675874,25.52829932,24.67738513,0,-17.36694308,solved (0.0 s),solved (0.0 s),1,0,opt,24.9057324,1.0,0.03379115073332904,1.0,0.0,1.0,25.52829932,1.0,0.009638893023987688,0.0,0.0,1.0,,,,,,,-85.60575583059341,1.0,4.321044228022029,1.0,1.0,1.0,25.52829932,1.0,0.009638893023987688,0.0,0.0,1.0,24.9057324,1.0,0.03379115073332904,1.0,0.0,1.0,135.3059536,0.0,0.0,0.0,0.0,0.0,116.5111127,0.0,0.0,0.0,0.0,0.0,116.1040591,0.0,0.0,0.0,0.0,0.0,101.7999332,0.0,0.0,0.0,0.0,0.0,101.7999332,0.0,0.0,0.0,0.0,0.0
diverse_rec,ml20_lambda1.5,1.5,movielens_sample20of200_lambda1.5,20,4,20,25.77675874,25.77675874,25.52829932,24.73772755,0,-17.36694308,solved (0.0 s),solved (0.0 s),1,0,opt,24.9057324,1.0,0.03379115073332904,1.0,0.0,1.0,25.52829932,1.0,0.009638893023987688,0.0,0.0,1.0,,,,,,,-85.60575583059341,1.0,4.321044228022029,1.0,1.0,1.0,25.52829932,1.0,0.009638893023987688,0.0,0.0,1.0,24.9057324,1.0,0.03379115073332904,1.0,0.0,1.0,141.2115117,0.0,0.0,0.0,0.0,0.0,116.5111127,0.0,0.0,0.0,0.0,0.0,116.1040591,0.0,0.0,0.0,0.0,0.0,101.7999332,0.0,0.0,0.0,0.0,0.0,101.7999332,0.0,0.0,0.0,0.0,0.0
diverse_rec,ml20_lambda1.5,1.5,movielens_sample20of200_lambda1.5,20,5,1,7.910784322,7.910784322,7.910784322,7.910784322,0,-17.32156864,solved (0.0 s),solved (0.0 s),1,0,opt,7.910784322,0.0,0.0,0.0,0.0,0.0,7.910784322,0.0,0.0,0.0,0.0,0.0,,,,,,,-82.75664901890865,1.0,11.461244505018456,1.0,1.0,1.0,7.910784322,0.0,0.0,0.0,0.0,0.0,7.910784322,0.0,0.0,0.0,0.0,0.0,7.910784322,0.0,0.0,0.0,0.0,0.0,7.910784322,0.0,0.0,0.0,0.0,0.0,7.910784322,0.0,0.0,0.0,0.0,0.0,7.910784322,0.0,0.0,0.0,0.0,0.0,7.910784322,0.0,0.0,0.0,0.0,0.0
diverse_rec,ml20_lambda1.5,1.5,movielens_sample20of200_lambda1.5,20,5,2,14.26995511,14.26995511,14.26995511,14.07029083,0,-17.32156864,solved (0.0 s),solved (0.0 s),1,0,opt,15.58988249,0.0,0.0,0.0,0.0,0.0,15.65918354,0.0,0.0,0.0,0.0,0.0,,,,,,,-82.75664901890865,1.0,6.799362953911118,1.0,1.0,1.0,15.58988249,0.0,0.0,0.0,0.0,0.0,15.58988249,0.0,0.0,0.0,0.0,0.0,15.65918354,0.0,0.0,0.0,0.0,0.0,15.65918354,0.0,0.0,0.0,0.0,0.0,15.58988249,0.0,0.0,0.0,0.0,0.0,15.64320481,0.0,0.0,0.0,0.0,0.0,15.63365451,0.0,0.0,0.0,0.0,0.0
diverse_rec,ml20_lambda1.5,1.5,movielens_sample20of200_lambda1.5,20,5,3,18.95369708,18.95369708,18.95369708,18.75452259,0,-17.32156864,solved (0.0 s),solved (0.0 s),1,0,opt,22.86749292,0.0,0.0,0.0,0.0,0.0,23.33828171,0.0,0.0,0.0,0.0,0.0,,,,,,,-82.75664901890865,1.0,5.366253648014334,1.0,1.0,1.0,22.86749292,0.0,0.0,0.0,0.0,0.0,22.86749292,0.0,0.0,0.0,0.0,0.0,23.33828171,0.0,0.0,0.0,0.0,0.0,23.33828171,0.0,0.0,0.0,0.0,0.0,22.86749292,0.0,0.0,0.0,0.0,0.0,23.24877624,0.0,0.0,0.0,0.0,0.0,23.12699876,0.0,0.0,0.0,0.0,0.0
diverse_rec,ml20_lambda1.5,1.5,movielens_sample20of200_lambda1.5,20,5,4,22.2991946,22.2991946,22.2991946,21.88955273,0,-17.32156864,solved (0.0 s),solved (0.0 s),1,0,opt,23.89122086,0.0,0.0,0.0,0.0,0.0,29.09177122,0.0,0.0,0.0,0.0,0.0,,,,,,,-82.75664901890865,1.0,4.711194529819864,1.0,1.0,1.0,29.019265813,0.0,0.0,0.0,0.0,0.0,23.89122086,0.0,0.0,0.0,0.0,0.0,30.72792491,0.0,0.0,0.0,0.0,0.0,30.72792491,0.0,0.0,0.0,0.0,0.0,30.0139551,0.0,0.0,0.0,0.0,0.0,30.519128,0.0,0.0,0.0,0.0,0.0,30.35639135,0.0,0.0,0.0,0.0,0.0
diverse_rec,ml20_lambda1.5,1.5,movielens_sample20of200_lambda1.5,20,5,5,24.05514364,24.05514364,24.05514364,23.72075805,0,-17.32156864,solved (0.0 s),solved (0.0 s),1,0,opt,23.89122086,1.0,0.0068144585812167716,1.0,0.0,1.0,26.29274063,0.0,0.0,0.0,0.0,0.0,,,,,,,-82.75664901890865,1.0,4.4402891230837245,1.0,1.0,1.0,26.292740627,0.0,0.0,0.0,0.0,0.0,23.89122086,1.0,0.0068144585812167716,1.0,0.0,1.0,38.00553534,0.0,0.0,0.0,0.0,0.0,38.00553534,0.0,0.0,0.0,0.0,0.0,36.99876273,0.0,0.0,0.0,0.0,0.0,37.68318288,0.0,0.0,0.0,0.0,0.0,37.41605382,0.0,0.0,0.0,0.0,0.0
diverse_rec,ml20_lambda1.5,1.5,movielens_sample20of200_lambda1.5,20,5,6,24.71340394,24.71340394,24.62273219,24.33884723,0,-17.32156864,solved (0.0 s),solved (0.0 s),1,0,opt,23.89122086,1.0,0.03326871045348998,1.0,1.0,1.0,24.62273219,1.0,0.0036689300357058987,0.0,0.0,1.0,,,,,,,-82.75664901890865,1.0,4.34865440713177,1.0,1.0,1.0,24.62273219,1.0,0.0036689300357058987,0.0,0.0,1.0,23.89122086,1.0,0.03326871045348998,1.0,1.0,1.0,45.28137416,0.0,0.0,0.0,0.0,0.0,45.28137416,0.0,0.0,0.0,0.0,0.0,43.96396918,0.0,0.0,0.0,0.0,0.0,44.79765988,0.0,0.0,0.0,0.0,0.0,44.31471844,0.0,0.0,0.0,0.0,0.0
diverse_rec,ml20_lambda1.5,1.5,movielens_sample20of200_lambda1.5,20,5,7,24.71340394,24.71340394,24.62273219,24.30528001,0,-17.32156864,solved (0.0 s),solved (0.0 s),1,0,opt,23.89122086,1.0,0.03326871045348998,1.0,1.0,1.0,24.62273219,1.0,0.0036689300357058987,0.0,0.0,1.0,,,,,,,-82.75664901890865,1.0,4.34865440713177,1.0,1.0,1.0,24.62273219,1.0,0.0036689300357058987,0.0,0.0,1.0,23.89122086,1.0,0.03326871045348998,1.0,1.0,1.0,52.54468632,0.0,0.0,0.0,0.0,0.0,52.54468632,0.0,0.0,0.0,0.0,0.0,50.85553836,0.0,0.0,0.0,0.0,0.0,51.69070585,0.0,0.0,0.0,0.0,0.0,51.11659837,0.0,0.0,0.0,0.0,0.0
diverse_rec,ml20_lambda1.5,1.5,movielens_sample20of200_lambda1.5,20,5,8,24.71340394,24.71340394,24.62273219,24.22797608,0,-17.32156864,solved (0.0 s),solved (0.0 s),1,0,opt,23.89122086,1.0,0.03326871045348998,1.0,1.0,1.0,24.62273219,1.0,0.0036689300357058987,0.0,0.0,1.0,,,,,,,-82.75664901890865,1.0,4.34865440713177,1.0,1.0,1.0,24.62273219,1.0,0.0036689300357058987,0.0,0.0,1.0,23.89122086,1.0,0.03326871045348998,1.0,1.0,1.0,59.6911485,0.0,0.0,0.0,0.0,0.0,59.6911485,0.0,0.0,0.0,0.0,0.0,57.67451282,0.0,0.0,0.0,0.0,0.0,58.31862127,0.0,0.0,0.0,0.0,0.0,57.83446143,0.0,0.0,0.0,0.0,0.0
diverse_rec,ml20_lambda1.5,1.5,movielens_sample20of200_lambda1.5,20,5,9,24.71340394,24.71340394,24.62273219,24.16018854,0,-17.32156864,solved (0.0 s),solved (0.0 s),1,0,opt,23.89122086,1.0,0.03326871045348998,1.0,1.0,1.0,24.62273219,1.0,0.0036689300357058987,0.0,0.0,1.0,,,,,,,-82.75664901890865,1.0,4.34865440713177,1.0,1.0,1.0,24.62273219,1.0,0.0036689300357058987,0.0,0.0,1.0,23.89122086,1.0,0.03326871045348998,1.0,1.0,1.0,66.67595613,0.0,0.0,0.0,0.0,0.0,66.67595613,0.0,0.0,0.0,0.0,0.0,64.3279256,0.0,0.0,0.0,0.0,0.0,64.73378599,0.0,0.0,0.0,0.0,0.0,64.36287281,0.0,0.0,0.0,0.0,0.0
diverse_rec,ml20_lambda1.5,1.5,movielens_sample20of200_lambda1.5,20,5,10,24.71340394,24.71340394,24.62273219,24.11218671,0,-17.32156864,solved (0.0 s),solved (0.0 s),1,0,opt,23.89122086,1.0,0.03326871045348998,1.0,1.0,1.0,24.62273219,1.0,0.0036689300357058987,0.0,0.0,1.0,,,,,,,-82.75664901890865,1.0,4.34865440713177,1.0,1.0,1.0,24.62273219,1.0,0.0036689300357058987,0.0,0.0,1.0,23.89122086,1.0,0.03326871045348998,1.0,1.0,1.0,73.56752531,0.0,0.0,0.0,0.0,0.0,73.56752531,0.0,0.0,0.0,0.0,0.0,70.68679168,0.0,0.0,0.0,0.0,0.0,70.66613334,0.0,0.0,0.0,0.0,0.0,70.46946024,0.0,0.0,0.0,0.0,0.0
diverse_rec,ml20_lambda1.5,1.5,movielens_sample20of200_lambda1.5,20,5,11,24.71340394,24.71340394,24.62273219,24.02608294,0,-17.32156864,solved (0.0 s),solved (0.0 s),1,0,opt,23.89122086,1.0,0.03326871045348998,1.0,1.0,1.0,24.62273219,1.0,0.0036689300357058987,0.0,0.0,1.0,,,,,,,-82.75664901890865,1.0,4.34865440713177,1.0,1.0,1.0,24.62273219,1.0,0.0036689300357058987,0.0,0.0,1.0,23.89122086,1.0,0.03326871045348998,1.0,1.0,1.0,80.38649977,0.0,0.0,0.0,0.0,0.0,80.38649977,0.0,0.0,0.0,0.0,0.0,76.97005493,0.0,0.0,0.0,0.0,0.0,76.43353077,0.0,0.0,0.0,0.0,0.0,76.3845543,0.0,0.0,0.0,0.0,0.0
diverse_rec,ml20_lambda1.5,1.5,movielens_sample20of200_lambda1.5,20,5,12,24.71340394,24.71340394,24.62273219,23.96872906,0,-17.32156864,solved (0.0 s),solved (0.0 s),1,0,opt,23.89122086,1.0,0.03326871045348998,1.0,1.0,1.0,24.62273219,1.0,0.0036689300357058987,0.0,0.0,1.0,,,,,,,-82.75664901890865,1.0,4.34865440713177,1.0,1.0,1.0,24.62273219,1.0,0.0036689300357058987,0.0,0.0,1.0,23.89122086,1.0,0.03326871045348998,1.0,1.0,1.0,87.03991255,0.0,0.0,0.0,0.0,0.0,87.03991255,0.0,0.0,0.0,0.0,0.0,83.20383578,0.0,0.0,0.0,0.0,0.0,82.04274327,0.0,0.0,0.0,0.0,0.0,82.02633139,0.0,0.0,0.0,0.0,0.0
diverse_rec,ml20_lambda1.5,1.5,movielens_sample20of200_lambda1.5,20,5,13,24.71340394,24.71340394,24.62273219,23.92522193,0,-17.32156864,solved (0.0 s),solved (0.0 s),1,0,opt,23.89122086,1.0,0.03326871045348998,1.0,1.0,1.0,24.62273219,1.0,0.0036689300357058987,0.0,0.0,1.0,,,,,,,-82.75664901890865,1.0,4.34865440713177,1.0,1.0,1.0,24.62273219,1.0,0.0036689300357058987,0.0,0.0,1.0,23.89122086,1.0,0.03326871045348998,1.0,1.0,1.0,93.39877863,0.0,0.0,0.0,0.0,0.0,93.39877863,0.0,0.0,0.0,0.0,0.0,89.30919162,0.0,0.0,0.0,0.0,0.0,87.49982748,0.0,0.0,0.0,0.0,0.0,87.49982748,0.0,0.0,0.0,0.0,0.0
diverse_rec,ml20_lambda1.5,1.5,movielens_sample20of200_lambda1.5,20,5,14,24.71340394,24.71340394,24.62273219,23.83683566,0,-17.32156864,solved (0.0 s),solved (0.0 s),1,0,opt,23.89122086,1.0,0.03326871045348998,1.0,0.0,1.0,24.62273219,1.0,0.0036689300357058987,0.0,0.0,1.0,,,,,,,-82.75664901890865,1.0,4.34865440713177,1.0,1.0,1.0,24.62273219,1.0,0.0036689300357058987,0.0,0.0,1.0,23.89122086,1.0,0.03326871045348998,1.0,0.0,1.0,99.68204188,0.0,0.0,0.0,0.0,0.0,99.68204188,0.0,0.0,0.0,0.0,0.0,95.34724786,0.0,0.0,0.0,0.0,0.0,92.7686149,0.0,0.0,0.0,0.0,0.0,92.7686149,0.0,0.0,0.0,0.0,0.0
diverse_rec,ml20_lambda1.5,1.5,movielens_sample20of200_lambda1.5,20,5,15,24.71340394,24.71340394,24.62273219,23.77874863,0,-17.32156864,solved (0.0 s),solved (0.0 s),1,0,opt,23.89122086,1.0,0.03326871045348998,1.0,0.0,1.0,24.62273219,1.0,0.0036689300357058987,0.0,0.0,1.0,,,,,,,-82.75664901890865,1.0,4.34865440713177,1.0,1.0,1.0,24.62273219,1.0,0.0036689300357058987,0.0,0.0,1.0,23.89122086,1.0,0.03326871045348998,1.0,0.0,1.0,105.9158227,0.0,0.0,0.0,0.0,0.0,105.9158227,0.0,0.0,0.0,0.0,0.0,101.3356284,0.0,0.0,0.0,0.0,0.0,96.90803715,0.0,0.0,0.0,0.0,0.0,96.90803715,0.0,0.0,0.0,0.0,0.0
diverse_rec,ml20_lambda1.5,1.5,movielens_sample20of200_lambda1.5,20,5,16,24.71340394,24.71340394,24.62273219,23.73308885,0,-17.32156864,solved (0.0 s),solved (0.0 s),1,0,opt,23.89122086,1.0,0.03326871045348998,1.0,0.0,1.0,24.62273219,1.0,0.0036689300357058987,0.0,0.0,1.0,,,,,,,-82.75664901890865,1.0,4.34865440713177,1.0,1.0,1.0,24.62273219,1.0,0.0036689300357058987,0.0,0.0,1.0,23.89122086,1.0,0.03326871045348998,1.0,0.0,1.0,112.0211786,0.0,0.0,0.0,0.0,0.0,111.7232928,0.0,0.0,0.0,0.0,0.0,107.1567804,0.0,0.0,0.0,0.0,0.0,96.90803715,0.0,0.0,0.0,0.0,0.0,96.90803715,0.0,0.0,0.0,0.0,0.0
diverse_rec,ml20_lambda1.5,1.5,movielens_sample20of200_lambda1.5,20,5,17,24.71340394,24.71340394,24.62273219,23.69465318,0,-17.32156864,solved (0.0 s),solved (0.0 s),1,0,opt,23.89122086,1.0,0.03326871045348998,1.0,0.0,1.0,24.62273219,1.0,0.0036689300357058987,0.0,0.0,1.0,,,,,,,-82.75664901890865,1.0,4.34865440713177,1.0,1.0,1.0,24.62273219,1.0,0.0036689300357058987,0.0,0.0,1.0,23.89122086,1.0,0.03326871045348998,1.0,0.0,1.0,118.0592348,0.0,0.0,0.0,0.0,0.0,111.7232928,0.0,0.0,0.0,0.0,0.0,111.5485575,0.0,0.0,0.0,0.0,0.0,96.90803715,0.0,0.0,0.0,0.0,0.0,96.90803715,0.0,0.0,0.0,0.0,0.0
diverse_rec,ml20_lambda1.5,1.5,movielens_sample20of200_lambda1.5,20,5,18,24.71340394,24.71340394,24.62273219,23.65008579,0,-17.32156864,solved (0.0 s),solved (0.0 s),1,0,opt,23.89122086,1.0,0.03326871045348998,1.0,0.0,1.0,24.62273219,1.0,0.0036689300357058987,0.0,0.0,1.0,,,,,,,-82.75664901890865,1.0,4.34865440713177,1.0,1.0,1.0,24.62273219,1.0,0.0036689300357058987,0.0,0.0,1.0,23.89122086,1.0,0.03326871045348998,1.0,0.0,1.0,124.0476154,0.0,0.0,0.0,0.0,0.0,111.7232928,0.0,0.0,0.0,0.0,0.0,111.5485575,0.0,0.0,0.0,0.0,0.0,96.90803715,0.0,0.0,0.0,0.0,0.0,96.90803715,0.0,0.0,0.0,0.0,0.0
diverse_rec,ml20_lambda1.5,1.5,movielens_sample20of200_lambda1.5,20,5,19,24.71340394,24.71340394,24.62273219,23.64955803,0,-17.32156864,solved (0.0 s),solved (0.0 s),1,0,opt,23.89122086,1.0,0.03326871045348998,1.0,0.0,1.0,24.62273219,1.0,0.0036689300357058987,0.0,0.0,1.0,,,,,,,-82.75664901890865,1.0,4.34865440713177,1.0,1.0,1.0,24.62273219,1.0,0.0036689300357058987,0.0,0.0,1.0,23.89122086,1.0,0.03326871045348998,1.0,0.0,1.0,129.8687673,0.0,0.0,0.0,0.0,0.0,111.7232928,0.0,0.0,0.0,0.0,0.0,111.5485575,0.0,0.0,0.0,0.0,0.0,96.90803715,0.0,0.0,0.0,0.0,0.0,96.90803715,0.0,0.0,0.0,0.0,0.0
diverse_rec,ml20_lambda1.5,1.5,movielens_sample20of200_lambda1.5,20,5,20,24.71340394,24.71340394,24.62273219,23.66391006,0,-17.32156864,solved (0.0 s),solved (0.0 s),1,0,opt,23.89122086,1.0,0.03326871045348998,1.0,0.0,1.0,24.62273219,1.0,0.0036689300357058987,0.0,0.0,1.0,,,,,,,-82.75664901890865,1.0,4.34865440713177,1.0,1.0,1.0,24.62273219,1.0,0.0036689300357058987,0.0,0.0,1.0,23.89122086,1.0,0.03326871045348998,1.0,0.0,1.0,135.513298,0.0,0.0,0.0,0.0,0.0,111.7232928,0.0,0.0,0.0,0.0,0.0,111.5485575,0.0,0.0,0.0,0.0,0.0,96.90803715,0.0,0.0,0.0,0.0,0.0,96.90803715,0.0,0.0,0.0,0.0,0.0
diverse_rec,ml20_lambda1.5,1.5,movielens_sample20of200_lambda1.5,20,6,1,8.16981541,8.16981541,8.16981541,8.16981541,0,-17.83963082,solved (0.0 s),solved (0.0 s),1,0,opt,8.16981541,0.0,0.0,0.0,0.0,0.0,8.16981541,0.0,0.0,0.0,0.0,0.0,,,,,,,-83.22485434711344,1.0,11.186870837405301,1.0,1.0,1.0,8.16981541,0.0,0.0,0.0,0.0,0.0,8.16981541,0.0,0.0,0.0,0.0,0.0,8.16981541,0.0,0.0,0.0,0.0,0.0,8.16981541,0.0,0.0,0.0,0.0,0.0,8.16981541,0.0,0.0,0.0,0.0,0.0,8.16981541,0.0,0.0,0.0,0.0,0.0,8.16981541,0.0,0.0,0.0,0.0,0.0
diverse_rec,ml20_lambda1.5,1.5,movielens_sample20of200_lambda1.5,20,6,2,14.30271077,14.30271077,14.30271077,14.17133741,0,-17.83963082,solved (0.0 s),solved (0.0 s),1,0,opt,15.84505399,0.0,0.0,0.0,0.0,0.0,15.87882394,0.0,0.0,0.0,0.0,0.0,,,,,,,-83.22485434711344,1.0,6.818816844264092,1.0,1.0,1.0,15.84505399,0.0,0.0,0.0,0.0,0.0,15.84505399,0.0,0.0,0.0,0.0,0.0,15.87882394,0.0,0.0,0.0,0.0,0.0,15.87882394,0.0,0.0,0.0,0.0,0.0,15.84505399,0.0,0.0,0.0,0.0,0.0,15.84674857,0.0,0.0,0.0,0.0,0.0,15.84228854,0.0,0.0,0.0,0.0,0.0
diverse_rec,ml20_lambda1.5,1.5,movielens_sample20of200_lambda1.5,20,6,3,18.88492274,18.88492274,18.85886064,18.69178853,0,-17.83963082,solved (0.0 s),solved (0.0 s),1,0,opt,23.20658288,0.0,0.0,0.0,0.0,0.0,23.55406252,0.0,0.0,0.0,0.0,0.0,,,,,,,-83.22485434711344,1.0,5.406947038805488,1.0,1.0,1.0,23.20658288,0.0,0.0,0.0,0.0,0.0,23.20658288,0.0,0.0,0.0,0.0,0.0,23.55406252,0.0,0.0,0.0,0.0,0.0,23.55406252,0.0,0.0,0.0,0.0,0.0,23.20658288,0.0,0.0,0.0,0.0,0.0,23.43888378,0.0,0.0,0.0,0.0,0.0,23.33123159,0.0,0.0,0.0,0.0,0.0
diverse_rec,ml20_lambda1.5,1.5,movielens_sample20of200_lambda1.5,20,6,4,22.19812167,22.19812167,22.19812167,21.82442318,0,-17.83963082,solved (0.0 s),solved (0.0 s),1,0,opt,23.2811718,0.0,0.0,0.0,0.0,0.0,28.9774337,0.0,0.0,0.0,0.0,0.0,,,,,,,-83.22485434711344,1.0,4.749184529409485,1.0,1.0,1.0,28.767008579,0.0,0.0,0.0,0.0,0.0,23.2811718,0.0,0.0,0.0,0.0,0.0,31.00266459,0.0,0.0,0.0,0.0,0.0,31.00266459,0.0,0.0,0.0,0.0,0.0,30.43666767,0.0,0.0,0.0,0.0,0.0,30.78989833,0.0,0.0,0.0,0.0,0.0,30.59223988,0.0,0.0,0.0,0.0,0.0
diverse_rec,ml20_lambda1.5,1.5,movielens_sample20of200_lambda1.5,20,6,5,24.21570831,24.21570831,24.01771144,23.66965502,0,-17.83963082,solved (0.0 s),solved (0.0 s),1,0,opt,23.2811718,1.0,0.03859216084189779,1.0,1.0,1.0,26.98436544,0.0,0.0,0.0,0.0,0.0,,,,,,,-83.22485434711344,1.0,4.436812720144358,1.0,1.0,1.0,26.927242582999998,0.0,0.0,0.0,0.0,0.0,23.2811718,1.0,0.03859216084189779,1.0,1.0,1.0,38.36419347,0.0,0.0,0.0,0.0,0.0,38.36419347,0.0,0.0,0.0,0.0,0.0,37.66594583,0.0,0.0,0.0,0.0,0.0,38.07103449,0.0,0.0,0.0,0.0,0.0,37.79272552,0.0,0.0,0.0,0.0,0.0
diverse_rec,ml20_lambda1.5,1.5,movielens_sample20of200_lambda1.5,20,6,6,24.89061723,24.89061723,24.68177341,24.38282614,0,-17.83963082,solved (0.0 s),solved (0.0 s),1,0,opt,23.2811718,1.0,0.06466072798147324,1.0,1.0,1.0,24.68177341,1.0,0.008390463686383982,0.0,0.0,1.0,,,,,,,-83.22485434711344,1.0,4.3436235661848,1.0,1.0,1.0,24.68177341,1.0,0.008390463686383982,0.0,0.0,1.0,23.2811718,1.0,0.06466072798147324,1.0,1.0,1.0,45.71235275,0.0,0.0,0.0,0.0,0.0,45.71235275,0.0,0.0,0.0,0.0,0.0,44.69542075,0.0,0.0,0.0,0.0,0.0,45.30476062,0.0,0.0,0.0,0.0,0.0,44.87261631,0.0,0.0,0.0,0.0,0.0
diverse_rec,ml20_lambda1.5,1.5,movielens_sample20of200_lambda1.5,20,6,7,24.89061723,24.89061723,24.68177341,24.32806274,0,-17.83963082,solved (0.0 s),solved (0.0 s),1,0,opt,23.2811718,1.0,0.06466072798147324,1.0,1.0,1.0,24.68177341,1.0,0.008390463686383982,0.0,0.0,1.0,,,,,,,-83.22485434711344,1.0,4.3436235661848,1.0,1.0,1.0,24.68177341,1.0,0.008390463686383982,0.0,0.0,1.0,23.2811718,1.0,0.06466072798147324,1.0,1.0,1.0,53.01173122,0.0,0.0,0.0,0.0,0.0,53.01173122,0.0,0.0,0.0,0.0,0.0,51.60606489,0.0,0.0,0.0,0.0,0.0,52.46816523,0.0,0.0,0.0,0.0,0.0,51.67014771,0.0,0.0,0.0,0.0,0.0
diverse_rec,ml20_lambda1.5,1.5,movielens_sample20of200_lambda1.5,20,6,8,24.89061723,24.89061723,24.68177341,24.27872326,0,-17.83963082,solved (0.0 s),solved (0.0 s),1,0,opt,23.2811718,1.0,0.06466072798147324,1.0,1.0,1.0,24.68177341,1.0,0.008390463686383982,0.0,0.0,1.0,,,,,,,-83.22485434711344,1.0,4.3436235661848,1.0,1.0,1.0,24.68177341,1.0,0.008390463686383982,0.0,0.0,1.0,23.2811718,1.0,0.06466072798147324,1.0,1.0,1.0,60.24181602,0.0,0.0,0.0,0.0,0.0,60.24181602,0.0,0.0,0.0,0.0,0.0,58.43560334,0.0,0.0,0.0,0.0,0.0,59.37529174,0.0,0.0,0.0,0.0,0.0,58.38915546,0.0,0.0,0.0,0.0,0.0
diverse_rec,ml20_lambda1.5,1.5,movielens_sample20of200_lambda1.5,20,6,9,24.89061723,24.89061723,24.68177341,24.23415201,0,-17.83963082,solved (0.0 s),solved (0.0 s),1,0,opt,23.2811718,1.0,0.06466072798147324,1.0,1.0,1.0,24.68177341,1.0,0.008390463686383982,0.0,0.0,1.0,,,,,,,-83.22485434711344,1.0,4.3436235661848,1.0,1.0,1.0,24.68177341,1.0,0.008390463686383982,0.0,0.0,1.0,23.2811718,1.0,0.06466072798147324,1.0,1.0,1.0,67.47109417,0.0,0.0,0.0,0.0,0.0,67.47109417,0.0,0.0,0.0,0.0,0.0,65.23796771,0.0,0.0,0.0,0.0,0.0,66.02182655,0.0,0.0,0.0,0.0,0.0,65.08030174,0.0,0.0,0.0,0.0,0.0
diverse_rec,ml20_lambda1.5,1.5,movielens_sample20of200_lambda1.5,20,6,10,24.89061723,24.89061723,24.68177341,24.18524481,0,-17.83963082,solved (0.0 s),solved (0.0 s),1,0,opt,23.2811718,1.0,0.06466072798147324,1.0,1.0,1.0,24.68177341,1.0,0.008390463686383982,0.0,0.0,1.0,,,,,,,-83.22485434711344,1.0,4.3436235661848,1.0,1.0,1.0,24.68177341,1.0,0.008390463686383982,0.0,0.0,1.0,23.2811718,1.0,0.06466072798147324,1.0,1.0,1.0,74.38173831,0.0,0.0,0.0,0.0,0.0,74.38173831,0.0,0.0,0.0,0.0,0.0,71.71129901,0.0,0.0,0.0,0.0,0.0,72.46326355,0.0,0.0,0.0,0.0,0.0,71.4134891,0.0,0.0,0.0,0.0,0.0
diverse_rec,ml20_lambda1.5,1.5,movielens_sample20of200_lambda1.5,20,6,11,24.89061723,24.89061723,24.68177341,24.12406318,0,-17.83963082,solved (0.0 s),solved (0.0 s),1,0,opt,23.2811718,1.0,0.06466072798147324,1.0,1.0,1.0,24.68177341,1.0,0.008390463686383982,0.0,0.0,1.0,,,,,,,-83.22485434711344,1.0,4.3436235661848,1.0,1.0,1.0,24.68177341,1.0,0.008390463686383982,0.0,0.0,1.0,23.2811718,1.0,0.06466072798147324,1.0,1.0,1.0,81.21127676,0.0,0.0,0.0,0.0,0.0,81.21127676,0.0,0.0,0.0,0.0,0.0,78.14563832,0.0,0.0,0.0,0.0,0.0,78.5238694,0.0,0.0,0.0,0.0,0.0,77.64907345,0.0,0.0,0.0,0.0,0.0
diverse_rec,ml20_lambda1.5,1.5,movielens_sample20of200_lambda1.5,20,6,12,24.89061723,24.89061723,24.68177341,24.07964732,0,-17.83963082,solved (0.0 s),solved (0.0 s),1,0,opt,23.2811718,1.0,0.06466072798147324,1.0,1.0,1.0,24.68177341,1.0,0.008390463686383982,0.0,0.0,1.0,,,,,,,-83.22485434711344,1.0,4.3436235661848,1.0,1.0,1.0,24.68177341,1.0,0.008390463686383982,0.0,0.0,1.0,23.2811718,1.0,0.06466072798147324,1.0,1.0,1.0,88.01364113,0.0,0.0,0.0,0.0,0.0,88.01364113,0.0,0.0,0.0,0.0,0.0,84.34373094,0.0,0.0,0.0,0.0,0.0,84.2723377,0.0,0.0,0.0,0.0,0.0,83.63496267,0.0,0.0,0.0,0.0,0.0
diverse_rec,ml20_lambda1.5,1.5,movielens_sample20of200_lambda1.5,20,6,13,24.89061723,24.89061723,24.68177341,24.04572497,0,-17.83963082,solved (0.0 s),solved (0.0 s),1,0,opt,23.2811718,1.0,0.06466072798147324,1.0,1.0,1.0,24.68177341,1.0,0.008390463686383982,0.0,0.0,1.0,,,,,,,-83.22485434711344,1.0,4.3436235661848,1.0,1.0,1.0,24.68177341,1.0,0.008390463686383982,0.0,0.0,1.0,23.2811718,1.0,0.06466072798147324,1.0,1.0,1.0,94.48697243,0.0,0.0,0.0,0.0,0.0,94.48697243,0.0,0.0,0.0,0.0,0.0,90.48236452,0.0,0.0,0.0,0.0,0.0,89.70291027,0.0,0.0,0.0,0.0,0.0,89.21461291,0.0,0.0,0.0,0.0,0.0
diverse_rec,ml20_lambda1.5,1.5,movielens_sample20of200_lambda1.5,20,6,14,24.89061723,24.89061723,24.68177341,23.99448902,0,-17.83963082,solved (0.0 s),solved (0.0 s),1,0,opt,23.2811718,1.0,0.06466072798147324,1.0,1.0,1.0,24.68177341,1.0,0.008390463686383982,0.0,0.0,1.0,,,,,,,-83.22485434711344,1.0,4.3436235661848,1.0,1.0,1.0,24.68177341,1.0,0.008390463686383982,0.0,0.0,1.0,23.2811718,1.0,0.06466072798147324,1.0,1.0,1.0,100.9213117,0.0,0.0,0.0,0.0,0.0,100.9213117,0.0,0.0,0.0,0.0,0.0,96.51201955,0.0,0.0,0.0,0.0,0.0,94.89586809,0.0,0.0,0.0,0.0,0.0,94.52320875,0.0,0.0,0.0,0.0,0.0
diverse_rec,ml20_lambda1.5,1.5,movielens_sample20of200_lambda1.5,20,6,15,24.89061723,24.89061723,24.68177341,23.91175216,0,-17.83963082,solved (0.0 s),solved (0.0 s),1,0,opt,23.2811718,1.0,0.06466072798147324,1.0,1.0,1.0,24.68177341,1.0,0.008390463686383982,0.0,0.0,1.0,,,,,,,-83.22485434711344,1.0,4.3436235661848,1.0,1.0,1.0,24.68177341,1.0,0.008390463686383982,0.0,0.0,1.0,23.2811718,1.0,0.06466072798147324,1.0,1.0,1.0,107.1194044,0.0,0.0,0.0,0.0,0.0,107.1194044,0.0,0.0,0.0,0.0,0.0,102.3891518,0.0,0.0,0.0,0.0,0.0,98.68840632,0.0,0.0,0.0,0.0,0.0,98.66238806,0.0,0.0,0.0,0.0,0.0
diverse_rec,ml20_lambda1.5,1.5,movielens_sample20of200_lambda1.5,20,6,16,24.89061723,24.89061723,24.68177341,23.88740142,0,-17.83963082,solved (0.0 s),solved (0.0 s),1,0,opt,23.2811718,1.0,0.06466072798147324,1.0,1.0,1.0,24.68177341,1.0,0.008390463686383982,0.0,0.0,1.0,,,,,,,-83.22485434711344,1.0,4.3436235661848,1.0,1.0,1.0,24.68177341,1.0,0.008390463686383982,0.0,0.0,1.0,23.2811718,1.0,0.06466072798147324,1.0,1.0,1.0,113.2580379,0.0,0.0,0.0,0.0,0.0,112.4319973,0.0,0.0,0.0,0.0,0.0,108.1107129,0.0,0.0,0.0,0.0,0.0,98.68840632,0.0,0.0,0.0,0.0,0.0,98.66238806,0.0,0.0,0.0,0.0,0.0
diverse_rec,ml20_lambda1.5,1.5,movielens_sample20of200_lambda1.5,20,6,17,24.89061723,24.89061723,24.68177341,23.85047555,0,-17.83963082,solved (0.0 s),solved (0.0 s),1,0,opt,23.2811718,1.0,0.06466072798147324,1.0,1.0,1.0,24.68177341,1.0,0.008390463686383982,0.0,0.0,1.0,,,,,,,-83.22485434711344,1.0,4.3436235661848,1.0,1.0,1.0,24.68177341,1.0,0.008390463686383982,0.0,0.0,1.0,23.2811718,1.0,0.06466072798147324,1.0,1.0,1.0,119.287693,0.0,0.0,0.0,0.0,0.0,112.4319973,0.0,0.0,0.0,0.0,0.0,112.1628316,0.0,0.0,0.0,0.0,0.0,98.68840632,0.0,0.0,0.0,0.0,0.0,98.66238806,0.0,0.0,0.0,0.0,0.0
diverse_rec,ml20_lambda1.5,1.5,movielens_sample20of200_lambda1.5,20,6,18,24.89061723,24.89061723,24.68177341,23.84528217,0,-17.83963082,solved (0.0 s),solved (0.0 s),1,0,opt,23.2811718,1.0,0.06466072798147324,1.0,1.0,1.0,24.68177341,1.0,0.008390463686383982,0.0,0.0,1.0,,,,,,,-83.22485434711344,1.0,4.3436235661848,1.0,1.0,1.0,24.68177341,1.0,0.008390463686383982,0.0,0.0,1.0,23.2811718,1.0,0.06466072798147324,1.0,1.0,1.0,125.1648252,0.0,0.0,0.0,0.0,0.0,112.4319973,0.0,0.0,0.0,0.0,0.0,112.1628316,0.0,0.0,0.0,0.0,0.0,98.68840632,0.0,0.0,0.0,0.0,0.0,98.66238806,0.0,0.0,0.0,0.0,0.0
diverse_rec,ml20_lambda1.5,1.5,movielens_sample20of200_lambda1.5,20,6,19,24.89061723,24.89061723,24.68177341,23.83654535,0,-17.83963082,solved (0.0 s),solved (0.0 s),1,0,opt,23.2811718,1.0,0.06466072798147324,1.0,1.0,1.0,24.68177341,1.0,0.008390463686383982,0.0,0.0,1.0,,,,,,,-83.22485434711344,1.0,4.3436235661848,1.0,1.0,1.0,24.68177341,1.0,0.008390463686383982,0.0,0.0,1.0,23.2811718,1.0,0.06466072798147324,1.0,1.0,1.0,130.8863864,0.0,0.0,0.0,0.0,0.0,112.4319973,0.0,0.0,0.0,0.0,0.0,112.1628316,0.0,0.0,0.0,0.0,0.0,98.68840632,0.0,0.0,0.0,0.0,0.0,98.66238806,0.0,0.0,0.0,0.0,0.0
diverse_rec,ml20_lambda1.5,1.5,movielens_sample20of200_lambda1.5,20,6,20,24.89061723,24.89061723,24.68177341,23.81231714,0,-17.83963082,solved (0.0 s),solved (0.0 s),1,0,opt,23.2811718,1.0,0.06466072798147324,1.0,1.0,1.0,24.68177341,1.0,0.008390463686383982,0.0,0.0,1.0,,,,,,,-83.22485434711344,1.0,4.3436235661848,1.0,1.0,1.0,24.68177341,1.0,0.008390463686383982,0.0,0.0,1.0,23.2811718,1.0,0.06466072798147324,1.0,1.0,1.0,136.4497087,0.0,0.0,0.0,0.0,0.0,112.4319973,0.0,0.0,0.0,0.0,0.0,112.1628316,0.0,0.0,0.0,0.0,0.0,98.68840632,0.0,0.0,0.0,0.0,0.0,98.66238806,0.0,0.0,0.0,0.0,0.0
diverse_rec,ml20_lambda1.5,1.5,movielens_sample20of200_lambda1.5,20,7,1,8.504139193,8.504139193,8.504139193,8.504139193,0,-18.50827839,solved (0.0 s),solved (0.0 s),1,0,opt,8.504139193,0.0,0.0,0.0,0.0,0.0,8.504139193,0.0,0.0,0.0,0.0,0.0,,,,,,,-87.77620081261436,1.0,11.32158562090158,1.0,1.0,1.0,8.504139193,0.0,0.0,0.0,0.0,0.0,8.504139193,0.0,0.0,0.0,0.0,0.0,8.504139193,0.0,0.0,0.0,0.0,0.0,8.504139193,0.0,0.0,0.0,0.0,0.0,8.504139193,0.0,0.0,0.0,0.0,0.0,8.504139193,0.0,0.0,0.0,0.0,0.0,8.504139193,0.0,0.0,0.0,0.0,0.0
diverse_rec,ml20_lambda1.5,1.5,movielens_sample20of200_lambda1.5,20,7,2,15.27362095,15.27362095,15.27299128,15.14886732,0,-18.50827839,solved (0.0 s),solved (0.0 s),1,0,opt,16.72668025,0.0,0.0,0.0,0.0,0.0,16.9960793,0.0,0.0,0.0,0.0,0.0,,,,,,,-87.77620081261436,1.0,6.7469149653484335,1.0,1.0,1.0,16.72668025,0.0,0.0,0.0,0.0,0.0,16.72668025,0.0,0.0,0.0,0.0,0.0,16.9960793,0.0,0.0,0.0,0.0,0.0,16.9960793,0.0,0.0,0.0,0.0,0.0,16.72668025,0.0,0.0,0.0,0.0,0.0,16.97255879,0.0,0.0,0.0,0.0,0.0,16.92742254,0.0,0.0,0.0,0.0,0.0
diverse_rec,ml20_lambda1.5,1.5,movielens_sample20of200_lambda1.5,20,7,3,20.2721669,20.2721669,20.2721669,20.10661993,0,-18.50827839,solved (0.0 s),solved (0.0 s),1,0,opt,24.62068105,0.0,0.0,0.0,0.0,0.0,25.21862035,0.0,0.0,0.0,0.0,0.0,,,,,,,-87.77620081261436,1.0,5.329887438555686,1.0,1.0,1.0,24.62068105,0.0,0.0,0.0,0.0,0.0,24.62068105,0.0,0.0,0.0,0.0,0.0,25.21862035,0.0,0.0,0.0,0.0,0.0,25.21862035,0.0,0.0,0.0,0.0,0.0,24.62068105,0.0,0.0,0.0,0.0,0.0,25.17198892,0.0,0.0,0.0,0.0,0.0,25.06095254,0.0,0.0,0.0,0.0,0.0
diverse_rec,ml20_lambda1.5,1.5,movielens_sample20of200_lambda1.5,20,7,4,23.81536463,23.81536463,23.81536463,23.4703457,0,-18.50827839,solved (0.0 s),solved (0.0 s),1,0,opt,25.48999794,0.0,0.0,0.0,0.0,0.0,31.32051805,0.0,0.0,0.0,0.0,0.0,,,,,,,-87.77620081261436,1.0,4.6856962795372645,1.0,1.0,1.0,31.211537247000003,0.0,0.0,0.0,0.0,0.0,25.48999794,0.0,0.0,0.0,0.0,0.0,33.41177606,0.0,0.0,0.0,0.0,0.0,33.41177606,0.0,0.0,0.0,0.0,0.0,32.17564598,0.0,0.0,0.0,0.0,0.0,33.23625698,0.0,0.0,0.0,0.0,0.0,32.63307623,0.0,0.0,0.0,0.0,0.0
diverse_rec,ml20_lambda1.5,1.5,movielens_sample20of200_lambda1.5,20,7,5,25.87263226,25.87263227,25.87263227,25.42727696,0,-18.50827839,solved (0.0 s),solved (0.0 s),1,0,opt,25.48999794,1.0,0.014789153115725578,1.0,0.0,1.0,28.48414321,0.0,0.0,0.0,0.0,0.0,,,,,,,-87.77620081261436,1.0,4.392627388297072,1.0,1.0,1.0,28.48054287,0.0,0.0,0.0,0.0,0.0,25.48999794,1.0,0.014789153115725578,1.0,0.0,1.0,41.30577686,0.0,0.0,0.0,0.0,0.0,41.30577686,0.0,0.0,0.0,0.0,0.0,39.70461397,0.0,0.0,0.0,0.0,0.0,40.99747134,0.0,0.0,0.0,0.0,0.0,40.0975491,0.0,0.0,0.0,0.0,0.0
diverse_rec,ml20_lambda1.5,1.5,movielens_sample20of200_lambda1.5,20,7,6,26.55354971,26.55354971,26.43440405,26.13782913,0,-18.50827839,solved (0.0 s),solved (0.0 s),1,0,opt,25.48999794,1.0,0.040053092020290955,1.0,1.0,1.0,26.43440405,1.0,0.004486995573142804,0.0,0.0,1.0,,,,,,,-87.77620081261436,1.0,4.305629634126019,1.0,1.0,1.0,26.43440405,1.0,0.004486995573142804,0.0,0.0,1.0,25.48999794,1.0,0.040053092020290955,1.0,1.0,1.0,49.11135858,0.0,0.0,0.0,0.0,0.0,49.11135858,0.0,0.0,0.0,0.0,0.0,47.00178282,0.0,0.0,0.0,0.0,0.0,48.4399411,0.0,0.0,0.0,0.0,0.0,47.37110151,0.0,0.0,0.0,0.0,0.0
diverse_rec,ml20_lambda1.5,1.5,movielens_sample20of200_lambda1.5,20,7,7,26.55354971,26.55354971,26.43440405,26.09546912,0,-18.50827839,solved (0.0 s),solved (0.0 s),1,0,opt,25.48999794,1.0,0.040053092020290955,1.0,1.0,1.0,26.43440405,1.0,0.004486995573142804,0.0,0.0,1.0,,,,,,,-87.77620081261436,1.0,4.305629634126019,1.0,1.0,1.0,26.43440405,1.0,0.004486995573142804,0.0,0.0,1.0,25.48999794,1.0,0.040053092020290955,1.0,1.0,1.0,56.6663235,0.0,0.0,0.0,0.0,0.0,56.6663235,0.0,0.0,0.0,0.0,0.0,54.2833974,0.0,0.0,0.0,0.0,0.0,55.71699598,0.0,0.0,0.0,0.0,0.0,54.62593522,0.0,0.0,0.0,0.0,0.0
diverse_rec,ml20_lambda1.5,1.5,movielens_sample20of200_lambda1.5,20,7,8,26.55354971,26.55354971,26.43440405,26.02399785,0,-18.50827839,solved (0.0 s),solved (0.0 s),1,0,opt,25.48999794,1.0,0.040053092020290955,1.0,1.0,1.0,26.43440405,1.0,0.004486995573142804,0.0,0.0,1.0,,,,,,,-87.77620081261436,1.0,4.305629634126019,1.0,1.0,1.0,26.43440405,1.0,0.004486995573142804,0.0,0.0,1.0,25.48999794,1.0,0.040053092020290955,1.0,1.0,1.0,64.1952915,0.0,0.0,0.0,0.0,0.0,64.1952915,0.0,0.0,0.0,0.0,0.0,61.52567004,0.0,0.0,0.0,0.0,0.0,62.77064028,0.0,0.0,0.0,0.0,0.0,61.84705853,0.0,0.0,0.0,0.0,0.0
diverse_rec,ml20_lambda1.5,1.5,movielens_sample20of200_lambda1.5,20,7,9,26.55354971,26.55354971,26.43440405,25.98456415,0,-18.50827839,solved (0.0 s),solved (0.0 s),1,0,opt,25.48999794,1.0,0.040053092020290955,1.0,1.0,1.0,26.43440405,1.0,0.004486995573142804,0.0,0.0,1.0,,,,,,,-87.77620081261436,1.0,4.305629634126019,1.0,1.0,1.0,26.43440405,1.0,0.004486995573142804,0.0,0.0,1.0,25.48999794,1.0,0.040053092020290955,1.0,1.0,1.0,71.49246035,0.0,0.0,0.0,0.0,0.0,71.49246035,0.0,0.0,0.0,0.0,0.0,68.72598029,0.0,0.0,0.0,0.0,0.0,69.79292587,0.0,0.0,0.0,0.0,0.0,69.02362018,0.0,0.0,0.0,0.0,0.0
diverse_rec,ml20_lambda1.5,1.5,movielens_sample20of200_lambda1.5,20,7,10,26.55354971,26.55354971,26.43440405,25.94214447,0,-18.50827839,solved (0.0 s),solved (0.0 s),1,0,opt,25.48999794,1.0,0.040053092020290955,1.0,1.0,1.0,26.43440405,1.0,0.004486995573142804,0.0,0.0,1.0,,,,,,,-87.77620081261436,1.0,4.305629634126019,1.0,1.0,1.0,26.43440405,1.0,0.004486995573142804,0.0,0.0,1.0,25.48999794,1.0,0.040053092020290955,1.0,1.0,1.0,78.77407493,0.0,0.0,0.0,0.0,0.0,78.77407493,0.0,0.0,0.0,0.0,0.0,75.90165355,0.0,0.0,0.0,0.0,0.0,76.69677954,0.0,0.0,0.0,0.0,0.0,76.17029444,0.0,0.0,0.0,0.0,0.0
diverse_rec,ml20_lambda1.5,1.5,movielens_sample20of200_lambda1.5,20,7,11,26.55354971,26.55354971,26.43440405,25.87079063,0,-18.50827839,solved (0.0 s),solved (0.0 s),1,0,opt,25.48999794,1.0,0.040053092020290955,1.0,1.0,1.0,26.43440405,1.0,0.004486995573142804,0.0,0.0,1.0,,,,,,,-87.77620081261436,1.0,4.305629634126019,1.0,1.0,1.0,26.43440405,1.0,0.004486995573142804,0.0,0.0,1.0,25.48999794,1.0,0.040053092020290955,1.0,1.0,1.0,86.01634756,0.0,0.0,0.0,0.0,0.0,86.01634756,0.0,0.0,0.0,0.0,0.0,82.92563526,0.0,0.0,0.0,0.0,0.0,83.28678808,0.0,0.0,0.0,0.0,0.0,82.82364152,0.0,0.0,0.0,0.0,0.0
diverse_rec,ml20_lambda1.5,1.5,movielens_sample20of200_lambda1.5,20,7,12,26.55354971,26.55354971,26.43440405,25.82075316,0,-18.50827839,solved (0.0 s),solved (0.0 s),1,0,opt,25.48999794,1.0,0.040053092020290955,1.0,1.0,1.0,26.43440405,1.0,0.004486995573142804,0.0,0.0,1.0,,,,,,,-87.77620081261436,1.0,4.305629634126019,1.0,1.0,1.0,26.43440405,1.0,0.004486995573142804,0.0,0.0,1.0,25.48999794,1.0,0.040053092020290955,1.0,1.0,1.0,93.21665781,0.0,0.0,0.0,0.0,0.0,93.21665781,0.0,0.0,0.0,0.0,0.0,89.72555576,0.0,0.0,0.0,0.0,0.0,89.54277926,0.0,0.0,0.0,0.0,0.0,89.28618612,0.0,0.0,0.0,0.0,0.0
diverse_rec,ml20_lambda1.5,1.5,movielens_sample20of200_lambda1.5,20,7,13,26.55354971,26.55354971,26.43440405,25.75592421,0,-18.50827839,solved (0.0 s),solved (0.0 s),1,0,opt,25.48999794,1.0,0.040053092020290955,1.0,1.0,1.0,26.43440405,1.0,0.004486995573142804,0.0,0.0,1.0,,,,,,,-87.77620081261436,1.0,4.305629634126019,1.0,1.0,1.0,26.43440405,1.0,0.004486995573142804,0.0,0.0,1.0,25.48999794,1.0,0.040053092020290955,1.0,1.0,1.0,100.3923311,0.0,0.0,0.0,0.0,0.0,100.3923311,0.0,0.0,0.0,0.0,0.0,96.47000451,0.0,0.0,0.0,0.0,0.0,95.46591627,0.0,0.0,0.0,0.0,0.0,95.44683392,0.0,0.0,0.0,0.0,0.0
diverse_rec,ml20_lambda1.5,1.5,movielens_sample20of200_lambda1.5,20,7,14,26.55354971,26.55354971,26.43440405,25.6806943,0,-18.50827839,solved (0.0 s),solved (0.0 s),1,0,opt,25.48999794,1.0,0.040053092020290955,1.0,1.0,1.0,26.43440405,1.0,0.004486995573142804,0.0,0.0,1.0,,,,,,,-87.77620081261436,1.0,4.305629634126019,1.0,1.0,1.0,26.43440405,1.0,0.004486995573142804,0.0,0.0,1.0,25.48999794,1.0,0.040053092020290955,1.0,1.0,1.0,107.4163128,0.0,0.0,0.0,0.0,0.0,107.4163128,0.0,0.0,0.0,0.0,0.0,103.029363,0.0,0.0,0.0,0.0,0.0,101.1216136,0.0,0.0,0.0,0.0,0.0,101.1215343,0.0,0.0,0.0,0.0,0.0
diverse_rec,ml20_lambda1.5,1.5,movielens_sample20of200_lambda1.5,20,7,15,26.55354971,26.55354971,26.43440405,25.63625573,0,-18.50827839,solved (0.0 s),solved (0.0 s),1,0,opt,25.48999794,1.0,0.040053092020290955,1.0,1.0,1.0,26.43440405,1.0,0.004486995573142804,0.0,0.0,1.0,,,,,,,-87.77620081261436,1.0,4.305629634126019,1.0,1.0,1.0,26.43440405,1.0,0.004486995573142804,0.0,0.0,1.0,25.48999794,1.0,0.040053092020290955,1.0,1.0,1.0,114.2162333,0.0,0.0,0.0,0.0,0.0,114.2162333,0.0,0.0,0.0,0.0,0.0,109.5068205,0.0,0.0,0.0,0.0,0.0,104.7362083,0.0,0.0,0.0,0.0,0.0,104.7362083,0.0,0.0,0.0,0.0,0.0
diverse_rec,ml20_lambda1.5,1.5,movielens_sample20of200_lambda1.5,20,7,16,26.55354971,26.55354971,26.43440405,25.57169314,0,-18.50827839,solved (0.0 s),solved (0.0 s),1,0,opt,25.48999794,1.0,0.040053092020290955,1.0,1.0,1.0,26.43440405,1.0,0.004486995573142804,0.0,0.0,1.0,,,,,,,-87.77620081261436,1.0,4.305629634126019,1.0,1.0,1.0,26.43440405,1.0,0.004486995573142804,0.0,0.0,1.0,25.48999794,1.0,0.040053092020290955,1.0,1.0,1.0,120.960682,0.0,0.0,0.0,0.0,0.0,119.6797694,0.0,0.0,0.0,0.0,0.0,115.6981716,0.0,0.0,0.0,0.0,0.0,104.7362083,0.0,0.0,0.0,0.0,0.0,104.7362083,0.0,0.0,0.0,0.0,0.0
diverse_rec,ml20_lambda1.5,1.5,movielens_sample20of200_lambda1.5,20,7,17,26.55354971,26.55354971,26.43440405,25.51546433,0,-18.50827839,solved (0.0 s),solved (0.0 s),1,0,opt,25.48999794,1.0,0.040053092020290955,1.0,1.0,1.0,26.43440405,1.0,0.004486995573142804,0.0,0.0,1.0,,,,,,,-87.77620081261436,1.0,4.305629634126019,1.0,1.0,1.0,26.43440405,1.0,0.004486995573142804,0.0,0.0,1.0,25.48999794,1.0,0.040053092020290955,1.0,1.0,1.0,127.5200405,0.0,0.0,0.0,0.0,0.0,119.6797694,0.0,0.0,0.0,0.0,0.0,119.676169,0.0,0.0,0.0,0.0,0.0,104.7362083,0.0,0.0,0.0,0.0,0.0,104.7362083,0.0,0.0,0.0,0.0,0.0
diverse_rec,ml20_lambda1.5,1.5,movielens_sample20of200_lambda1.5,20,7,18,26.55354971,26.55354971,26.43440405,25.51362796,0,-18.50827839,solved (0.0 s),solved (0.0 s),1,0,opt,25.48999794,1.0,0.040053092020290955,1.0,1.0,1.0,26.43440405,1.0,0.004486995573142804,0.0,0.0,1.0,,,,,,,-87.77620081261436,1.0,4.305629634126019,1.0,1.0,1.0,26.43440405,1.0,0.004486995573142804,0.0,0.0,1.0,25.48999794,1.0,0.040053092020290955,1.0,1.0,1.0,133.997498,0.0,0.0,0.0,0.0,0.0,119.6797694,0.0,0.0,0.0,0.0,0.0,119.676169,0.0,0.0,0.0,0.0,0.0,104.7362083,0.0,0.0,0.0,0.0,0.0,104.7362083,0.0,0.0,0.0,0.0,0.0
diverse_rec,ml20_lambda1.5,1.5,movielens_sample20of200_lambda1.5,20,7,19,26.55354971,26.55354971,26.43440405,25.48821447,0,-18.50827839,solved (0.0 s),solved (0.0 s),1,0,opt,25.48999794,1.0,0.040053092020290955,1.0,0.0,1.0,26.43440405,1.0,0.004486995573142804,0.0,0.0,1.0,,,,,,,-87.77620081261436,1.0,4.305629634126019,1.0,1.0,1.0,26.43440405,1.0,0.004486995573142804,0.0,0.0,1.0,25.48999794,1.0,0.040053092020290955,1.0,0.0,1.0,140.1888491,0.0,0.0,0.0,0.0,0.0,119.6797694,0.0,0.0,0.0,0.0,0.0,119.676169,0.0,0.0,0.0,0.0,0.0,104.7362083,0.0,0.0,0.0,0.0,0.0,104.7362083,0.0,0.0,0.0,0.0,0.0
diverse_rec,ml20_lambda1.5,1.5,movielens_sample20of200_lambda1.5,20,7,20,26.55354971,26.55354971,26.43440405,25.48393083,0,-18.50827839,solved (0.0 s),solved (0.0 s),1,0,opt,25.48999794,1.0,0.040053092020290955,1.0,0.0,1.0,26.43440405,1.0,0.004486995573142804,0.0,0.0,1.0,,,,,,,-87.77620081261436,1.0,4.305629634126019,1.0,1.0,1.0,26.43440405,1.0,0.004486995573142804,0.0,0.0,1.0,25.48999794,1.0,0.040053092020290955,1.0,0.0,1.0,145.5524016,0.0,0.0,0.0,0.0,0.0,119.6797694,0.0,0.0,0.0,0.0,0.0,119.676169,0.0,0.0,0.0,0.0,0.0,104.7362083,0.0,0.0,0.0,0.0,0.0,104.7362083,0.0,0.0,0.0,0.0,0.0
diverse_rec,ml20_lambda1.5,1.5,movielens_sample20of200_lambda1.5,20,8,1,9.351020752,9.351020752,9.351020752,9.351020752,0,-20.2020415,solved (0.0 s),solved (0.0 s),1,0,opt,9.351020752,0.0,0.0,0.0,0.0,0.0,9.351020752,0.0,0.0,0.0,0.0,0.0,,,,,,,-89.80147234034402,1.0,10.603387129810105,1.0,1.0,1.0,9.351020752,0.0,0.0,0.0,0.0,0.0,9.351020752,0.0,0.0,0.0,0.0,0.0,9.351020752,0.0,0.0,0.0,0.0,0.0,9.351020752,0.0,0.0,0.0,0.0,0.0,9.351020752,0.0,0.0,0.0,0.0,0.0,9.351020752,0.0,0.0,0.0,0.0,0.0,9.351020752,0.0,0.0,0.0,0.0,0.0
diverse_rec,ml20_lambda1.5,1.5,movielens_sample20of200_lambda1.5,20,8,2,16.47519019,16.47519019,16.47519019,16.44716708,0,-20.2020415,solved (0.0 s),solved (0.0 s),1,0,opt,18.35685321,0.0,0.0,0.0,0.0,0.0,18.55041109,0.0,0.0,0.0,0.0,0.0,,,,,,,-89.80147234034402,1.0,6.450709297113373,1.0,1.0,1.0,18.35685321,0.0,0.0,0.0,0.0,0.0,18.35685321,0.0,0.0,0.0,0.0,0.0,18.55041109,0.0,0.0,0.0,0.0,0.0,18.55041109,0.0,0.0,0.0,0.0,0.0,18.35685321,0.0,0.0,0.0,0.0,0.0,18.52346319,0.0,0.0,0.0,0.0,0.0,18.49573932,0.0,0.0,0.0,0.0,0.0
diverse_rec,ml20_lambda1.5,1.5,movielens_sample20of200_lambda1.5,20,8,3,21.75606403,21.75606403,21.75606403,21.39577939,0,-20.2020415,solved (0.0 s),solved (0.0 s),1,0,opt,25.96635618,0.0,0.0,0.0,0.0,0.0,27.55624355,0.0,0.0,0.0,0.0,0.0,,,,,,,-89.80147234034402,1.0,5.127652511801512,1.0,1.0,1.0,26.68811876,0.0,0.0,0.0,0.0,0.0,25.96635618,0.0,0.0,0.0,0.0,0.0,27.55624355,0.0,0.0,0.0,0.0,0.0,27.55624355,0.0,0.0,0.0,0.0,0.0,26.68811876,0.0,0.0,0.0,0.0,0.0,27.39310959,0.0,0.0,0.0,0.0,0.0,27.17633285,0.0,0.0,0.0,0.0,0.0
diverse_rec,ml20_lambda1.5,1.5,movielens_sample20of200_lambda1.5,20,8,4,24.92474137,24.92474137,24.91127398,24.62781886,0,-20.2020415,solved (0.0 s),solved (0.0 s),1,0,opt,25.96635618,0.0,0.0,0.0,0.0,0.0,31.86796081,0.0,0.0,0.0,0.0,0.0,,,,,,,-89.80147234034402,1.0,4.602904881028421,1.0,1.0,1.0,31.689495086,0.0,0.0,0.0,0.0,0.0,25.96635618,0.0,0.0,0.0,0.0,0.0,36.17091782,0.0,0.0,0.0,0.0,0.0,36.17091782,0.0,0.0,0.0,0.0,0.0,34.88703529,0.0,0.0,0.0,0.0,0.0,35.80590386,0.0,0.0,0.0,0.0,0.0,35.34995577,0.0,0.0,0.0,0.0,0.0
diverse_rec,ml20_lambda1.5,1.5,movielens_sample20of200_lambda1.5,20,8,5,26.81051899,26.81051899,26.70854451,26.43282118,0,-20.2020415,solved (0.0 s),solved (0.0 s),1,0,opt,25.96635618,1.0,0.03148625397049803,1.0,1.0,1.0,27.89497484,0.0,0.0,0.0,0.0,0.0,,,,,,,-89.80147234034402,1.0,4.349486534514266,1.0,1.0,1.0,27.894974833,0.0,0.0,0.0,0.0,0.0,25.96635618,1.0,0.03148625397049803,1.0,1.0,1.0,44.64928108,0.0,0.0,0.0,0.0,0.0,44.64928108,0.0,0.0,0.0,0.0,0.0,43.08484455,0.0,0.0,0.0,0.0,0.0,44.00005132,0.0,0.0,0.0,0.0,0.0,43.47597825,0.0,0.0,0.0,0.0,0.0
diverse_rec,ml20_lambda1.5,1.5,movielens_sample20of200_lambda1.5,20,8,6,27.45951937,27.45951937,27.04751018,26.89691629,0,-20.2020415,solved (0.0 s),solved (0.0 s),1,0,opt,25.96635618,1.0,0.05437688729655288,1.0,1.0,1.0,27.04751018,1.0,0.015004238947099938,0.0,0.0,1.0,,,,,,,-89.80147234034402,1.0,4.270322074116624,1.0,1.0,1.0,27.04751018,1.0,0.015004238947099938,0.0,0.0,1.0,25.96635618,1.0,0.05437688729655288,1.0,1.0,1.0,52.98054663,0.0,0.0,0.0,0.0,0.0,52.98054663,0.0,0.0,0.0,0.0,0.0,51.11607866,0.0,0.0,0.0,0.0,0.0,51.98342781,0.0,0.0,0.0,0.0,0.0,51.37122154,0.0,0.0,0.0,0.0,0.0
diverse_rec,ml20_lambda1.5,1.5,movielens_sample20of200_lambda1.5,20,8,7,27.45951937,27.45951937,27.04751018,26.86851539,0,-20.2020415,solved (0.0 s),solved (0.0 s),1,0,opt,25.96635618,1.0,0.05437688729655288,1.0,1.0,1.0,27.04751018,1.0,0.015004238947099938,0.0,0.0,1.0,,,,,,,-89.80147234034402,1.0,4.270322074116624,1.0,1.0,1.0,27.04751018,1.0,0.015004238947099938,0.0,0.0,1.0,25.96635618,1.0,0.05437688729655288,1.0,1.0,1.0,61.17946317,0.0,0.0,0.0,0.0,0.0,61.17946317,0.0,0.0,0.0,0.0,0.0,58.93366827,0.0,0.0,0.0,0.0,0.0,59.81741675,0.0,0.0,0.0,0.0,0.0,59.08994946,0.0,0.0,0.0,0.0,0.0
diverse_rec,ml20_lambda1.5,1.5,movielens_sample20of200_lambda1.5,20,8,8,27.45951937,27.45951937,27.04751018,26.80738615,0,-20.2020415,solved (0.0 s),solved (0.0 s),1,0,opt,25.96635618,1.0,0.05437688729655288,1.0,1.0,1.0,27.04751018,1.0,0.015004238947099938,0.0,0.0,1.0,,,,,,,-89.80147234034402,1.0,4.270322074116624,1.0,1.0,1.0,27.04751018,1.0,0.015004238947099938,0.0,0.0,1.0,25.96635618,1.0,0.05437688729655288,1.0,1.0,1.0,69.37727243,0.0,0.0,0.0,0.0,0.0,69.37727243,0.0,0.0,0.0,0.0,0.0,66.72283403,0.0,0.0,0.0,0.0,0.0,67.32187957,0.0,0.0,0.0,0.0,0.0,66.75187772,0.0,0.0,0.0,0.0,0.0
diverse_rec,ml20_lambda1.5,1.5,movielens_sample20of200_lambda1.5,20,8,9,27.45951937,27.45951937,27.04751018,26.76708636,0,-20.2020415,solved (0.0 s),solved (0.0 s),1,0,opt,25.96635618,1.0,0.05437688729655288,1.0,1.0,1.0,27.04751018,1.0,0.015004238947099938,0.0,0.0,1.0,,,,,,,-89.80147234034402,1.0,4.270322074116624,1.0,1.0,1.0,27.04751018,1.0,0.015004238947099938,0.0,0.0,1.0,25.96635618,1.0,0.05437688729655288,1.0,1.0,1.0,77.40850653,0.0,0.0,0.0,0.0,0.0,77.40850653,0.0,0.0,0.0,0.0,0.0,74.13194872,0.0,0.0,0.0,0.0,0.0,74.52267774,0.0,0.0,0.0,0.0,0.0,74.06403137,0.0,0.0,0.0,0.0,0.0
diverse_rec,ml20_lambda1.5,1.5,movielens_sample20of200_lambda1.5,20,8,10,27.45951937,27.45951937,27.04751018,26.73702784,0,-20.2020415,solved (0.0 s),solved (0.0 s),1,0,opt,25.96635618,1.0,0.05437688729655288,1.0,1.0,1.0,27.04751018,1.0,0.015004238947099938,0.0,0.0,1.0,,,,,,,-89.80147234034402,1.0,4.270322074116624,1.0,1.0,1.0,27.04751018,1.0,0.015004238947099938,0.0,0.0,1.0,25.96635618,1.0,0.05437688729655288,1.0,1.0,1.0,85.22609614,0.0,0.0,0.0,0.0,0.0,85.22609614,0.0,0.0,0.0,0.0,0.0,81.2933734,0.0,0.0,0.0,0.0,0.0,81.25033321,0.0,0.0,0.0,0.0,0.0,81.06410451,0.0,0.0,0.0,0.0,0.0
diverse_rec,ml20_lambda1.5,1.5,movielens_sample20of200_lambda1.5,20,8,11,27.45951937,27.45951937,27.04751018,26.67594794,0,-20.2020415,solved (0.0 s),solved (0.0 s),1,0,opt,25.96635618,1.0,0.05437688729655288,1.0,1.0,1.0,27.04751018,1.0,0.015004238947099938,0.0,0.0,1.0,,,,,,,-89.80147234034402,1.0,4.270322074116624,1.0,1.0,1.0,27.04751018,1.0,0.015004238947099938,0.0,0.0,1.0,25.96635618,1.0,0.05437688729655288,1.0,1.0,1.0,93.01526191,0.0,0.0,0.0,0.0,0.0,93.01526191,0.0,0.0,0.0,0.0,0.0,88.39507513,0.0,0.0,0.0,0.0,0.0,87.76454181,0.0,0.0,0.0,0.0,0.0,87.70583296,0.0,0.0,0.0,0.0,0.0
diverse_rec,ml20_lambda1.5,1.5,movielens_sample20of200_lambda1.5,20,8,12,27.45951937,27.45951937,27.04751018,26.60800566,0,-20.2020415,solved (0.0 s),solved (0.0 s),1,0,opt,25.96635618,1.0,0.05437688729655288,1.0,1.0,1.0,27.04751018,1.0,0.015004238947099938,0.0,0.0,1.0,,,,,,,-89.80147234034402,1.0,4.270322074116624,1.0,1.0,1.0,27.04751018,1.0,0.015004238947099938,0.0,0.0,1.0,25.96635618,1.0,0.05437688729655288,1.0,1.0,1.0,100.4243766,0.0,0.0,0.0,0.0,0.0,100.4243766,0.0,0.0,0.0,0.0,0.0,95.20576848,0.0,0.0,0.0,0.0,0.0,93.15708951,0.0,0.0,0.0,0.0,0.0,93.14402558,0.0,0.0,0.0,0.0,0.0
diverse_rec,ml20_lambda1.5,1.5,movielens_sample20of200_lambda1.5,20,8,13,27.45951937,27.45951937,27.04751018,26.57287132,0,-20.2020415,solved (0.0 s),solved (0.0 s),1,0,opt,25.96635618,1.0,0.05437688729655288,1.0,1.0,1.0,27.04751018,1.0,0.015004238947099938,0.0,0.0,1.0,,,,,,,-89.80147234034402,1.0,4.270322074116624,1.0,1.0,1.0,27.04751018,1.0,0.015004238947099938,0.0,0.0,1.0,25.96635618,1.0,0.05437688729655288,1.0,1.0,1.0,107.5858013,0.0,0.0,0.0,0.0,0.0,107.5858013,0.0,0.0,0.0,0.0,0.0,101.3932033,0.0,0.0,0.0,0.0,0.0,98.1973387,0.0,0.0,0.0,0.0,0.0,98.19706568,0.0,0.0,0.0,0.0,0.0
diverse_rec,ml20_lambda1.5,1.5,movielens_sample20of200_lambda1.5,20,8,14,27.45951937,27.45951937,27.04751018,26.49186593,0,-20.2020415,solved (0.0 s),solved (0.0 s),1,0,opt,25.96635618,1.0,0.05437688729655288,1.0,1.0,1.0,27.04751018,1.0,0.015004238947099938,0.0,0.0,1.0,,,,,,,-89.80147234034402,1.0,4.270322074116624,1.0,1.0,1.0,27.04751018,1.0,0.015004238947099938,0.0,0.0,1.0,25.96635618,1.0,0.05437688729655288,1.0,1.0,1.0,114.687503,0.0,0.0,0.0,0.0,0.0,114.687503,0.0,0.0,0.0,0.0,0.0,107.3025792,0.0,0.0,0.0,0.0,0.0,102.7264031,0.0,0.0,0.0,0.0,0.0,102.7264031,0.0,0.0,0.0,0.0,0.0
diverse_rec,ml20_lambda1.5,1.5,movielens_sample20of200_lambda1.5,20,8,15,27.45951937,27.45951937,27.04751018,26.42145994,0,-20.2020415,solved (0.0 s),solved (0.0 s),1,0,opt,25.96635618,1.0,0.05437688729655288,1.0,1.0,1.0,27.04751018,1.0,0.015004238947099938,0.0,0.0,1.0,,,,,,,-89.80147234034402,1.0,4.270322074116624,1.0,1.0,1.0,27.04751018,1.0,0.015004238947099938,0.0,0.0,1.0,25.96635618,1.0,0.05437688729655288,1.0,1.0,1.0,121.4981964,0.0,0.0,0.0,0.0,0.0,121.4981964,0.0,0.0,0.0,0.0,0.0,113.1272579,0.0,0.0,0.0,0.0,0.0,106.1379218,0.0,0.0,0.0,0.0,0.0,106.1379218,0.0,0.0,0.0,0.0,0.0
diverse_rec,ml20_lambda1.5,1.5,movielens_sample20of200_lambda1.5,20,8,16,27.45951937,27.45951937,27.04751018,26.39596021,0,-20.2020415,solved (0.0 s),solved (0.0 s),1,0,opt,25.96635618,1.0,0.05437688729655288,1.0,1.0,1.0,27.04751018,1.0,0.015004238947099938,0.0,0.0,1.0,,,,,,,-89.80147234034402,1.0,4.270322074116624,1.0,1.0,1.0,27.04751018,1.0,0.015004238947099938,0.0,0.0,1.0,25.96635618,1.0,0.05437688729655288,1.0,1.0,1.0,127.6856312,0.0,0.0,0.0,0.0,0.0,124.273914,0.0,0.0,0.0,0.0,0.0,118.3792219,0.0,0.0,0.0,0.0,0.0,106.1379218,0.0,0.0,0.0,0.0,0.0,106.1379218,0.0,0.0,0.0,0.0,0.0
diverse_rec,ml20_lambda1.5,1.5,movielens_sample20of200_lambda1.5,20,8,17,27.45951937,27.45951937,27.04751018,26.36232603,0,-20.2020415,solved (0.0 s),solved (0.0 s),1,0,opt,25.96635618,1.0,0.05437688729655288,1.0,1.0,1.0,27.04751018,1.0,0.015004238947099938,0.0,0.0,1.0,,,,,,,-89.80147234034402,1.0,4.270322074116624,1.0,1.0,1.0,27.04751018,1.0,0.015004238947099938,0.0,0.0,1.0,25.96635618,1.0,0.05437688729655288,1.0,1.0,1.0,133.5950071,0.0,0.0,0.0,0.0,0.0,124.273914,0.0,0.0,0.0,0.0,0.0,123.210115,0.0,0.0,0.0,0.0,0.0,106.1379218,0.0,0.0,0.0,0.0,0.0,106.1379218,0.0,0.0,0.0,0.0,0.0
diverse_rec,ml20_lambda1.5,1.5,movielens_sample20of200_lambda1.5,20,8,18,27.45951937,27.45951937,27.04751018,26.31226489,0,-20.2020415,solved (0.0 s),solved (0.0 s),1,0,opt,25.96635618,1.0,0.05437688729655288,1.0,1.0,1.0,27.04751018,1.0,0.015004238947099938,0.0,0.0,1.0,,,,,,,-89.80147234034402,1.0,4.270322074116624,1.0,1.0,1.0,27.04751018,1.0,0.015004238947099938,0.0,0.0,1.0,25.96635618,1.0,0.05437688729655288,1.0,1.0,1.0,139.4196858,0.0,0.0,0.0,0.0,0.0,124.273914,0.0,0.0,0.0,0.0,0.0,123.210115,0.0,0.0,0.0,0.0,0.0,106.1379218,0.0,0.0,0.0,0.0,0.0,106.1379218,0.0,0.0,0.0,0.0,0.0
diverse_rec,ml20_lambda1.5,1.5,movielens_sample20of200_lambda1.5,20,8,19,27.45951937,27.45951937,27.04751018,26.30606643,0,-20.2020415,solved (0.0 s),solved (0.0 s),1,0,opt,25.96635618,1.0,0.05437688729655288,1.0,1.0,1.0,27.04751018,1.0,0.015004238947099938,0.0,0.0,1.0,,,,,,,-89.80147234034402,1.0,4.270322074116624,1.0,1.0,1.0,27.04751018,1.0,0.015004238947099938,0.0,0.0,1.0,25.96635618,1.0,0.05437688729655288,1.0,1.0,1.0,144.6716497,0.0,0.0,0.0,0.0,0.0,124.273914,0.0,0.0,0.0,0.0,0.0,123.210115,0.0,0.0,0.0,0.0,0.0,106.1379218,0.0,0.0,0.0,0.0,0.0,106.1379218,0.0,0.0,0.0,0.0,0.0
diverse_rec,ml20_lambda1.5,1.5,movielens_sample20of200_lambda1.5,20,8,20,27.45951937,27.45951937,27.04751018,26.3059248,0,-20.2020415,solved (0.0 s),solved (0.0 s),1,0,opt,25.96635618,1.0,0.05437688729655288,1.0,1.0,1.0,27.04751018,1.0,0.015004238947099938,0.0,0.0,1.0,,,,,,,-89.80147234034402,1.0,4.270322074116624,1.0,1.0,1.0,27.04751018,1.0,0.015004238947099938,0.0,0.0,1.0,25.96635618,1.0,0.05437688729655288,1.0,1.0,1.0,149.6029447,0.0,0.0,0.0,0.0,0.0,124.273914,0.0,0.0,0.0,0.0,0.0,123.210115,0.0,0.0,0.0,0.0,0.0,106.1379218,0.0,0.0,0.0,0.0,0.0,106.1379218,0.0,0.0,0.0,0.0,0.0
diverse_rec,ml20_lambda1.5,1.5,movielens_sample20of200_lambda1.5,20,9,1,8.644608638,8.644608638,8.644608638,8.644608638,0,-18.78921728,solved (0.0 s),solved (0.0 s),1,0,opt,8.644608638,0.0,0.0,0.0,0.0,0.0,8.644608638,0.0,0.0,0.0,0.0,0.0,,,,,,,-84.15789772343359,1.0,10.735304540392034,1.0,1.0,1.0,8.644608638,0.0,0.0,0.0,0.0,0.0,8.644608638,0.0,0.0,0.0,0.0,0.0,8.644608638,0.0,0.0,0.0,0.0,0.0,8.644608638,0.0,0.0,0.0,0.0,0.0,8.644608638,0.0,0.0,0.0,0.0,0.0,8.644608638,0.0,0.0,0.0,0.0,0.0,8.644608638,0.0,0.0,0.0,0.0,0.0
diverse_rec,ml20_lambda1.5,1.5,movielens_sample20of200_lambda1.5,20,9,2,14.65316314,14.65316314,14.65316314,14.55587033,0,-18.78921728,solved (0.0 s),solved (0.0 s),1,0,opt,16.58562432,0.0,0.0,0.0,0.0,0.0,16.66643232,0.0,0.0,0.0,0.0,0.0,,,,,,,-84.15789772343359,1.0,6.7433263329813435,1.0,1.0,1.0,16.58562432,0.0,0.0,0.0,0.0,0.0,16.58562432,0.0,0.0,0.0,0.0,0.0,16.66643232,0.0,0.0,0.0,0.0,0.0,16.66643232,0.0,0.0,0.0,0.0,0.0,16.58562432,0.0,0.0,0.0,0.0,0.0,16.609828,0.0,0.0,0.0,0.0,0.0,16.59665634,0.0,0.0,0.0,0.0,0.0
diverse_rec,ml20_lambda1.5,1.5,movielens_sample20of200_lambda1.5,20,9,3,19.23304583,19.23304583,19.13802544,19.05969484,0,-18.78921728,solved (0.0 s),solved (0.0 s),1,0,opt,23.03862348,0.0,0.0,0.0,0.0,0.0,24.607448,0.0,0.0,0.0,0.0,0.0,,,,,,,-84.15789772343359,1.0,5.3756926732926935,1.0,1.0,1.0,24.09389523,0.0,0.0,0.0,0.0,0.0,23.03862348,0.0,0.0,0.0,0.0,0.0,24.607448,0.0,0.0,0.0,0.0,0.0,24.607448,0.0,0.0,0.0,0.0,0.0,24.09389523,0.0,0.0,0.0,0.0,0.0,24.44496871,0.0,0.0,0.0,0.0,0.0,24.2659928,0.0,0.0,0.0,0.0,0.0
diverse_rec,ml20_lambda1.5,1.5,movielens_sample20of200_lambda1.5,20,9,4,22.52064227,22.52064227,22.35465061,22.25522184,0,-18.78921728,solved (0.0 s),solved (0.0 s),1,0,opt,23.03862348,0.0,0.0,0.0,0.0,0.0,29.81261659,0.0,0.0,0.0,0.0,0.0,,,,,,,-84.15789772343359,1.0,4.7369226292245346,1.0,1.0,1.0,29.761445809,0.0,0.0,0.0,0.0,0.0,23.03862348,0.0,0.0,0.0,0.0,0.0,32.33081944,0.0,0.0,0.0,0.0,0.0,32.33081944,0.0,0.0,0.0,0.0,0.0,31.4381527,0.0,0.0,0.0,0.0,0.0,32.01941237,0.0,0.0,0.0,0.0,0.0,31.592191,0.0,0.0,0.0,0.0,0.0
diverse_rec,ml20_lambda1.5,1.5,movielens_sample20of200_lambda1.5,20,9,5,24.44549494,24.44549494,24.2872557,24.11001687,0,-18.78921728,solved (0.0 s),solved (0.0 s),1,0,opt,23.03862348,1.0,0.05755135919534798,1.0,1.0,1.0,27.25530347,0.0,0.0,0.0,0.0,0.0,,,,,,,-84.15789772343359,1.0,4.4426751403477045,1.0,1.0,1.0,27.255303474999998,0.0,0.0,0.0,0.0,0.0,23.03862348,1.0,0.05755135919534798,1.0,1.0,1.0,39.87837496,0.0,0.0,0.0,0.0,0.0,39.87837496,0.0,0.0,0.0,0.0,0.0,38.37829353,0.0,0.0,0.0,0.0,0.0,39.45045954,0.0,0.0,0.0,0.0,0.0,38.53817769,0.0,0.0,0.0,0.0,0.0
diverse_rec,ml20_lambda1.5,1.5,movielens_sample20of200_lambda1.5,20,9,6,25.16111057,25.16111057,25.0221343,24.72733133,0,-18.78921728,solved (0.0 s),solved (0.0 s),1,0,opt,23.03862348,1.0,0.08435585878036239,1.0,1.0,1.0,25.0221343,1.0,0.005523455318609991,0.0,0.0,1.0,,,,,,,-84.15789772343359,1.0,4.344760855817565,1.0,1.0,1.0,25.0221343,1.0,0.005523455318609991,0.0,0.0,1.0,23.03862348,1.0,0.08435585878036239,1.0,1.0,1.0,47.38664588,0.0,0.0,0.0,0.0,0.0,47.38664588,0.0,0.0,0.0,0.0,0.0,45.24866322,0.0,0.0,0.0,0.0,0.0,46.75513215,0.0,0.0,0.0,0.0,0.0,45.35521814,0.0,0.0,0.0,0.0,0.0
diverse_rec,ml20_lambda1.5,1.5,movielens_sample20of200_lambda1.5,20,9,7,25.16111057,25.16111057,25.0221343,24.70348743,0,-18.78921728,solved (0.0 s),solved (0.0 s),1,0,opt,23.03862348,1.0,0.08435585878036239,1.0,1.0,1.0,25.0221343,1.0,0.005523455318609991,0.0,0.0,1.0,,,,,,,-84.15789772343359,1.0,4.344760855817565,1.0,1.0,1.0,25.0221343,1.0,0.005523455318609991,0.0,0.0,1.0,23.03862348,1.0,0.08435585878036239,1.0,1.0,1.0,54.73090334,0.0,0.0,0.0,0.0,0.0,54.73090334,0.0,0.0,0.0,0.0,0.0,52.09000047,0.0,0.0,0.0,0.0,0.0,53.53000046,0.0,0.0,0.0,0.0,0.0,52.13724222,0.0,0.0,0.0,0.0,0.0
diverse_rec,ml20_lambda1.5,1.5,movielens_sample20of200_lambda1.5,20,9,8,25.16111057,25.16111057,25.0221343,24.65858159,0,-18.78921728,solved (0.0 s),solved (0.0 s),1,0,opt,23.03862348,1.0,0.08435585878036239,1.0,1.0,1.0,25.0221343,1.0,0.005523455318609991,0.0,0.0,1.0,,,,,,,-84.15789772343359,1.0,4.344760855817565,1.0,1.0,1.0,25.0221343,1.0,0.005523455318609991,0.0,0.0,1.0,23.03862348,1.0,0.08435585878036239,1.0,1.0,1.0,61.67104417,0.0,0.0,0.0,0.0,0.0,61.67104417,0.0,0.0,0.0,0.0,0.0,58.88126249,0.0,0.0,0.0,0.0,0.0,60.21361683,0.0,0.0,0.0,0.0,0.0,58.86692347,0.0,0.0,0.0,0.0,0.0
diverse_rec,ml20_lambda1.5,1.5,movielens_sample20of200_lambda1.5,20,9,9,25.16111057,25.16111057,25.0221343,24.63552552,0,-18.78921728,solved (0.0 s),solved (0.0 s),1,0,opt,23.03862348,1.0,0.08435585878036239,1.0,1.0,1.0,25.0221343,1.0,0.005523455318609991,0.0,0.0,1.0,,,,,,,-84.15789772343359,1.0,4.344760855817565,1.0,1.0,1.0,25.0221343,1.0,0.005523455318609991,0.0,0.0,1.0,23.03862348,1.0,0.08435585878036239,1.0,1.0,1.0,68.54141386,0.0,0.0,0.0,0.0,0.0,68.54141386,0.0,0.0,0.0,0.0,0.0,65.66422385,0.0,0.0,0.0,0.0,0.0,66.80855523,0.0,0.0,0.0,0.0,0.0,65.53121649,0.0,0.0,0.0,0.0,0.0
diverse_rec,ml20_lambda1.5,1.5,movielens_sample20of200_lambda1.5,20,9,10,25.16111057,25.16111057,25.0221343,24.57765542,0,-18.78921728,solved (0.0 s),solved (0.0 s),1,0,opt,23.03862348,1.0,0.08435585878036239,1.0,1.0,1.0,25.0221343,1.0,0.005523455318609991,0.0,0.0,1.0,,,,,,,-84.15789772343359,1.0,4.344760855817565,1.0,1.0,1.0,25.0221343,1.0,0.005523455318609991,0.0,0.0,1.0,23.03862348,1.0,0.08435585878036239,1.0,1.0,1.0,75.38275111,0.0,0.0,0.0,0.0,0.0,75.38275111,0.0,0.0,0.0,0.0,0.0,72.26187965,0.0,0.0,0.0,0.0,0.0,73.1628944,0.0,0.0,0.0,0.0,0.0,71.85883857,0.0,0.0,0.0,0.0,0.0
diverse_rec,ml20_lambda1.5,1.5,movielens_sample20of200_lambda1.5,20,9,11,25.16111057,25.16111057,25.0221343,24.54797632,0,-18.78921728,solved (0.0 s),solved (0.0 s),1,0,opt,23.03862348,1.0,0.08435585878036239,1.0,1.0,1.0,25.0221343,1.0,0.005523455318609991,0.0,0.0,1.0,,,,,,,-84.15789772343359,1.0,4.344760855817565,1.0,1.0,1.0,25.0221343,1.0,0.005523455318609991,0.0,0.0,1.0,23.03862348,1.0,0.08435585878036239,1.0,1.0,1.0,82.17401313,0.0,0.0,0.0,0.0,0.0,82.17401313,0.0,0.0,0.0,0.0,0.0,78.67398111,0.0,0.0,0.0,0.0,0.0,79.12231207,0.0,0.0,0.0,0.0,0.0,78.03378553,0.0,0.0,0.0,0.0,0.0
diverse_rec,ml20_lambda1.5,1.5,movielens_sample20of200_lambda1.5,20,9,12,25.16111057,25.16111057,25.0221343,24.47673499,0,-18.78921728,solved (0.0 s),solved (0.0 s),1,0,opt,23.03862348,1.0,0.08435585878036239,1.0,1.0,1.0,25.0221343,1.0,0.005523455318609991,0.0,0.0,1.0,,,,,,,-84.15789772343359,1.0,4.344760855817565,1.0,1.0,1.0,25.0221343,1.0,0.005523455318609991,0.0,0.0,1.0,23.03862348,1.0,0.08435585878036239,1.0,1.0,1.0,88.95697449,0.0,0.0,0.0,0.0,0.0,88.95697449,0.0,0.0,0.0,0.0,0.0,85.06762648,0.0,0.0,0.0,0.0,0.0,84.99266557,0.0,0.0,0.0,0.0,0.0,84.14806237,0.0,0.0,0.0,0.0,0.0
diverse_rec,ml20_lambda1.5,1.5,movielens_sample20of200_lambda1.5,20,9,13,25.16111057,25.16111057,25.0221343,24.43692464,0,-18.78921728,solved (0.0 s),solved (0.0 s),1,0,opt,23.03862348,1.0,0.08435585878036239,1.0,1.0,1.0,25.0221343,1.0,0.005523455318609991,0.0,0.0,1.0,,,,,,,-84.15789772343359,1.0,4.344760855817565,1.0,1.0,1.0,25.0221343,1.0,0.005523455318609991,0.0,0.0,1.0,23.03862348,1.0,0.08435585878036239,1.0,1.0,1.0,95.55463029,0.0,0.0,0.0,0.0,0.0,95.55463029,0.0,0.0,0.0,0.0,0.0,91.43963976,0.0,0.0,0.0,0.0,0.0,90.57582654,0.0,0.0,0.0,0.0,0.0,89.99209842,0.0,0.0,0.0,0.0,0.0
diverse_rec,ml20_lambda1.5,1.5,movielens_sample20of200_lambda1.5,20,9,14,25.16111057,25.16111057,25.0221343,24.3621852,0,-18.78921728,solved (0.0 s),solved (0.0 s),1,0,opt,23.03862348,1.0,0.08435585878036239,1.0,1.0,1.0,25.0221343,1.0,0.005523455318609991,0.0,0.0,1.0,,,,,,,-84.15789772343359,1.0,4.344760855817565,1.0,1.0,1.0,25.0221343,1.0,0.005523455318609991,0.0,0.0,1.0,23.03862348,1.0,0.08435585878036239,1.0,1.0,1.0,101.9667318,0.0,0.0,0.0,0.0,0.0,101.9667318,0.0,0.0,0.0,0.0,0.0,97.76229661,0.0,0.0,0.0,0.0,0.0,95.67658628,0.0,0.0,0.0,0.0,0.0,95.27482002,0.0,0.0,0.0,0.0,0.0
diverse_rec,ml20_lambda1.5,1.5,movielens_sample20of200_lambda1.5,20,9,15,25.16111057,25.16111057,25.0221343,24.3049771,0,-18.78921728,solved (0.0 s),solved (0.0 s),1,0,opt,23.03862348,1.0,0.08435585878036239,1.0,1.0,1.0,25.0221343,1.0,0.005523455318609991,0.0,0.0,1.0,,,,,,,-84.15789772343359,1.0,4.344760855817565,1.0,1.0,1.0,25.0221343,1.0,0.005523455318609991,0.0,0.0,1.0,23.03862348,1.0,0.08435585878036239,1.0,1.0,1.0,108.3603771,0.0,0.0,0.0,0.0,0.0,108.3603771,0.0,0.0,0.0,0.0,0.0,103.7513091,0.0,0.0,0.0,0.0,0.0,99.50326239,0.0,0.0,0.0,0.0,0.0,99.47677263,0.0,0.0,0.0,0.0,0.0
diverse_rec,ml20_lambda1.5,1.5,movielens_sample20of200_lambda1.5,20,9,16,25.16111057,25.16111057,25.0221343,24.25927474,0,-18.78921728,solved (0.0 s),solved (0.0 s),1,0,opt,23.03862348,1.0,0.08435585878036239,1.0,1.0,1.0,25.0221343,1.0,0.005523455318609991,0.0,0.0,1.0,,,,,,,-84.15789772343359,1.0,4.344760855817565,1.0,1.0,1.0,25.0221343,1.0,0.005523455318609991,0.0,0.0,1.0,23.03862348,1.0,0.08435585878036239,1.0,1.0,1.0,114.7323904,0.0,0.0,0.0,0.0,0.0,114.1798545,0.0,0.0,0.0,0.0,0.0,109.421504,0.0,0.0,0.0,0.0,0.0,99.50326239,0.0,0.0,0.0,0.0,0.0,99.47677263,0.0,0.0,0.0,0.0,0.0
diverse_rec,ml20_lambda1.5,1.5,movielens_sample20of200_lambda1.5,20,9,17,25.16111057,25.16111057,25.0221343,24.20790146,0,-18.78921728,solved (0.0 s),solved (0.0 s),1,0,opt,23.03862348,1.0,0.08435585878036239,1.0,1.0,1.0,25.0221343,1.0,0.005523455318609991,0.0,0.0,1.0,,,,,,,-84.15789772343359,1.0,4.344760855817565,1.0,1.0,1.0,25.0221343,1.0,0.005523455318609991,0.0,0.0,1.0,23.03862348,1.0,0.08435585878036239,1.0,1.0,1.0,121.0550473,0.0,0.0,0.0,0.0,0.0,114.1798545,0.0,0.0,0.0,0.0,0.0,114.1011887,0.0,0.0,0.0,0.0,0.0,99.50326239,0.0,0.0,0.0,0.0,0.0,99.47677263,0.0,0.0,0.0,0.0,0.0
diverse_rec,ml20_lambda1.5,1.5,movielens_sample20of200_lambda1.5,20,9,18,25.16111057,25.16111057,25.0221343,24.19048854,0,-18.78921728,solved (0.0 s),solved (0.0 s),1,0,opt,23.03862348,1.0,0.08435585878036239,1.0,1.0,1.0,25.0221343,1.0,0.005523455318609991,0.0,0.0,1.0,,,,,,,-84.15789772343359,1.0,4.344760855817565,1.0,1.0,1.0,25.0221343,1.0,0.005523455318609991,0.0,0.0,1.0,23.03862348,1.0,0.08435585878036239,1.0,1.0,1.0,127.0440598,0.0,0.0,0.0,0.0,0.0,114.1798545,0.0,0.0,0.0,0.0,0.0,114.1011887,0.0,0.0,0.0,0.0,0.0,99.50326239,0.0,0.0,0.0,0.0,0.0,99.47677263,0.0,0.0,0.0,0.0,0.0
diverse_rec,ml20_lambda1.5,1.5,movielens_sample20of200_lambda1.5,20,9,19,25.16111057,25.16111057,25.0221343,24.17318195,0,-18.78921728,solved (0.0 s),solved (0.0 s),1,0,opt,23.03862348,1.0,0.08435585878036239,1.0,1.0,1.0,25.0221343,1.0,0.005523455318609991,0.0,0.0,1.0,,,,,,,-84.15789772343359,1.0,4.344760855817565,1.0,1.0,1.0,25.0221343,1.0,0.005523455318609991,0.0,0.0,1.0,23.03862348,1.0,0.08435585878036239,1.0,1.0,1.0,132.7142546,0.0,0.0,0.0,0.0,0.0,114.1798545,0.0,0.0,0.0,0.0,0.0,114.1011887,0.0,0.0,0.0,0.0,0.0,99.50326239,0.0,0.0,0.0,0.0,0.0,99.47677263,0.0,0.0,0.0,0.0,0.0
diverse_rec,ml20_lambda1.5,1.5,movielens_sample20of200_lambda1.5,20,9,20,25.16111057,25.16111057,25.0221343,24.16676208,0,-18.78921728,solved (0.0 s),solved (0.0 s),1,0,opt,23.03862348,1.0,0.08435585878036239,1.0,1.0,1.0,25.0221343,1.0,0.005523455318609991,0.0,0.0,1.0,,,,,,,-84.15789772343359,1.0,4.344760855817565,1.0,1.0,1.0,25.0221343,1.0,0.005523455318609991,0.0,0.0,1.0,23.03862348,1.0,0.08435585878036239,1.0,1.0,1.0,138.3157954,0.0,0.0,0.0,0.0,0.0,114.1798545,0.0,0.0,0.0,0.0,0.0,114.1011887,0.0,0.0,0.0,0.0,0.0,99.50326239,0.0,0.0,0.0,0.0,0.0,99.47677263,0.0,0.0,0.0,0.0,0.0
